bundle,college,department,year,courses,home,n_courses,n_sections,n_combinations,n_combinations_grouped,n_feasible,has_choice,random_mode,random_n,opt_travel,opt_late,opt_cost,random_travel_mean,random_travel_median,random_travel_max,random_late_share,random_late_mean,random_cost_mean,saving,saving_ratio,cost_saving,lower_bound,opt_over_bound,flat_choice_travel,slope_loss,flat_choice_optimal,opt_travel_flat,slope_extra,py_ms,py_leaves,py_nodes,best_sections,js_ms,js_cost_matches
1,사회과학대학,정치외교학부,3학년,국제기구론 | 미국정치론 | 개발과 협력의 국제정치경제 | 공공선택이론 | 물리학실험 2,919A,5,53,49,12,31,True,exact,31,113.7,0.0,113.7,126.8,116.2,139.8,0.0,0.0,126.8,13.2,0.104,13.2,49.0,2.321,113.7,0.0,True,99.0,0.148,0.426,6,11,216B.326-001 216A.323-001 216B.228-001 216A.325-001 F33.107L-031,0.42,True
1,사회과학대학,정치외교학부,3학년,국제기구론 | 미국정치론 | 개발과 협력의 국제정치경제 | 공공선택이론 | 물리학실험 2,GATE,5,53,49,12,31,True,exact,31,61.8,0.0,61.8,69.8,65.0,76.0,0.0,0.0,69.8,8.0,0.115,8.0,34.6,1.785,61.8,0.0,True,59.9,0.031,0.215,6,11,216B.326-001 216A.323-001 216B.228-001 216A.325-001 F33.107L-022,0.25,True
2,공과대학,재료공학부,2학년,현대재료물리화학 | 재료수치해석 | 재료현대물리 | 베리타스 강좌 1: 스포츠로 배우는 경쟁과 협력 | 국제정치학입문,919A,5,8,8,8,4,True,exact,4,144.2,0.0,144.2,181.5,185.3,211.4,0.5,3.0,187.5,37.4,0.206,43.3,45.2,3.192,144.2,0.0,True,127.6,0.13,0.168,4,13,445.214-002 V10.125-001 M1569.003300-002 445.202-001 C30.105-001,0.408,True
2,공과대학,재료공학부,2학년,현대재료물리화학 | 재료수치해석 | 재료현대물리 | 베리타스 강좌 1: 스포츠로 배우는 경쟁과 협력 | 국제정치학입문,GATE,5,8,8,8,4,True,exact,4,117.6,0.0,117.6,158.2,163.5,188.1,0.5,3.0,164.1,40.6,0.257,46.5,37.1,3.172,117.6,0.0,True,111.1,0.059,0.138,4,13,445.214-002 V10.125-001 M1569.003300-002 445.202-001 C30.105-001,0.201,True
3,공과대학,화학생물공학부,2학년,화학생물공학기초실험 | 응용생화학 1 | 물리화학 2 | 한국의 역사가와 역사학 | 수학연습 2,919A,5,54,720,34,384,True,exact,384,329.0,0.0,329.0,331.1,331.6,335.8,0.312,3.2,337.4,2.1,0.006,8.4,63.2,5.208,329.0,0.0,True,291.0,0.131,0.641,13,19,M1587.000200-001 458.202-001 C20.152-001 458.206-001 F31.105L-012,0.495,True
3,공과대학,화학생물공학부,2학년,화학생물공학기초실험 | 응용생화학 1 | 물리화학 2 | 한국의 역사가와 역사학 | 수학연습 2,GATE,5,54,720,34,384,True,exact,384,379.5,0.0,379.5,380.9,380.9,382.5,0.312,3.2,387.2,1.4,0.004,7.7,67.8,5.597,379.5,0.0,True,340.7,0.114,0.81,18,24,M1587.000200-001 458.202-001 C20.152-001 458.206-001 F31.105L-019,0.879,True
4,공과대학,재료공학부,4학년,에너지재료 및 소자 | 재료종합실험 | 반도체집적공정 | 나노기술과 재료 | 공학수학 1,919A,5,10,10,10,10,True,exact,10,148.0,0.0,148.0,153.0,154.3,154.4,0.0,0.0,153.0,5.0,0.032,5.0,38.4,3.856,148.0,0.0,True,135.4,0.094,0.347,10,16,445.441-001 445.411-001 445.443-001 445.408A-003 F31.201-005,0.508,True
4,공과대학,재료공학부,4학년,에너지재료 및 소자 | 재료종합실험 | 반도체집적공정 | 나노기술과 재료 | 공학수학 1,GATE,5,10,10,10,10,True,exact,10,155.3,0.0,155.3,159.6,160.7,161.3,0.0,0.0,159.6,4.3,0.027,4.3,36.7,4.231,155.3,0.0,True,147.8,0.051,0.446,10,16,445.441-001 445.411-001 445.443-001 445.408A-003 F31.201-002,0.381,True
5,농업생명과학대학,응용생물화학부,2학년,생화학 1 | 생화학실험 | 일반미생물학 | 곤충학및실험 | 한국음악의 이해,919A,5,5,1,1,1,False,exact,1,185.0,0.0,185.0,185.0,185.0,185.0,0.0,0.0,185.0,0.0,0.0,0.0,53.5,3.458,185.0,0.0,True,169.0,0.095,0.09,1,6,519.204-001 M1678.001200-001 5192.250-001 519.253-001 E11.184-001,0.055,True
5,농업생명과학대학,응용생물화학부,2학년,생화학 1 | 생화학실험 | 일반미생물학 | 곤충학및실험 | 한국음악의 이해,GATE,5,5,1,1,1,False,exact,1,141.2,0.0,141.2,141.2,141.2,141.2,0.0,0.0,141.2,0.0,0.0,0.0,39.8,3.55,141.2,0.0,True,138.0,0.023,0.103,1,6,519.204-001 M1678.001200-001 5192.250-001 519.253-001 E11.184-001,0.044,True
6,사범대학,영어교육과,4학년,영미희곡 | 어휘와 문법 지도법 | 기독교와 서양문명 | 한국현대사의 이해 | 초급프랑스어 1,919A,5,16,36,36,3,True,exact,3,97.9,0.0,97.9,119.3,125.9,134.2,0.0,0.0,119.3,21.4,0.179,21.4,19.5,5.033,97.9,0.0,True,83.4,0.175,0.293,3,8,707.322-001 707.305A-001 C10.105-001 C20.153-004 F26.101-009,0.148,True
6,사범대학,영어교육과,4학년,영미희곡 | 어휘와 문법 지도법 | 기독교와 서양문명 | 한국현대사의 이해 | 초급프랑스어 1,GATE,5,16,36,36,3,True,exact,3,141.2,0.0,141.2,159.6,167.8,169.8,0.0,0.0,159.6,18.4,0.115,18.4,24.2,5.826,141.2,0.0,True,131.8,0.071,0.25,3,8,707.322-001 707.305A-001 C10.105-001 C20.153-004 F26.101-009,0.194,True
7,미술대학,동양화과,2학년,소묘 2 | 한국미술사 | 서예와 전각 2 | 전통수묵기법 2 | 글쓰기 세미나,919A,5,16,12,10,6,True,exact,6,79.1,0.0,79.1,88.2,81.1,104.4,0.0,0.0,88.2,9.2,0.104,9.2,26.4,2.998,79.1,0.0,True,66.5,0.189,0.267,6,11,601.206-001 600.230-001 601.212A-001 601.204A-001 E52.102-005,0.208,True
7,미술대학,동양화과,2학년,소묘 2 | 한국미술사 | 서예와 전각 2 | 전통수묵기법 2 | 글쓰기 세미나,GATE,5,16,12,10,6,True,exact,6,77.9,0.0,77.9,88.8,80.8,107.7,0.0,0.0,88.8,10.9,0.123,10.9,24.4,3.195,77.9,0.0,True,71.9,0.083,0.251,6,11,601.206-001 600.230-001 601.212A-001 601.204A-001 E52.102-009,0.145,True
8,공과대학,산업공학과,4학년,금융공학개론 | 기술경영 프로젝트 | 최적화알고리즘 | 초급스페인어 1 | 성서와 기독교 사상의 이해 | 수학연습 2,919A,6,65,720,272,481,True,exact,481,172.7,1.2,175.0,203.7,204.9,216.6,1.0,25.1,254.0,31.0,0.152,79.0,37.6,4.589,172.7,0.0,True,156.4,0.105,3.586,61,73,406.433-001 M1540.000300-001 M1505.002000-001 E11.140-001 F24.101-005 F31.105L-004,4.101,True
8,공과대학,산업공학과,4학년,금융공학개론 | 기술경영 프로젝트 | 최적화알고리즘 | 초급스페인어 1 | 성서와 기독교 사상의 이해 | 수학연습 2,GATE,6,65,720,272,481,True,exact,481,184.0,1.2,186.3,215.2,216.0,231.0,1.0,25.1,265.5,31.2,0.145,79.2,38.5,4.781,184.0,0.0,True,175.3,0.05,3.585,57,69,406.433-001 M1540.000300-001 M1505.002000-001 E11.140-001 F24.101-007 F31.105L-004,4.013,True
9,자연과학대학,화학부,2학년,무기화학 1: 구조와 결합 | 물리화학2 | 기기분석 | 유기화학 2 | 생명과학을 위한 수학 2 | 물리학실험 2,919A,6,58,245,60,59,True,exact,59,127.3,0.0,127.3,147.9,149.0,185.3,0.0,0.0,147.9,20.6,0.14,20.6,40.0,3.185,127.3,0.0,True,114.6,0.11,0.299,6,12,M1409.001600-001 3343.301A-001 3343.404-001 3343.206-001 F31.112-001 F33.107L-030,0.287,True
9,자연과학대학,화학부,2학년,무기화학 1: 구조와 결합 | 물리화학2 | 기기분석 | 유기화학 2 | 생명과학을 위한 수학 2 | 물리학실험 2,GATE,6,58,245,60,59,True,exact,59,113.0,0.0,113.0,126.2,122.9,155.2,0.0,0.0,126.2,13.2,0.104,13.2,29.2,3.874,113.0,0.0,True,109.5,0.032,0.448,6,12,M1409.001600-001 3343.301A-001 3343.404-001 3343.206-001 F31.112-001 F33.107L-031,0.277,True
10,인문대학,영어영문학과,1학년,영어학입문 | 영문학입문 | 근대 한국의 역사와 문화 | 대학 글쓰기 1 | 동양철학의 이해,919A,5,80,222,174,115,True,exact,115,76.3,0.0,76.3,123.6,121.3,153.2,0.0,0.0,123.6,47.4,0.383,47.4,24.6,3.105,76.3,0.0,True,68.8,0.109,2.865,63,69,100.109-001 M1236.000600-001 C20.104-001 C20.113-003 F11.101-019,7.058,True
10,인문대학,영어영문학과,1학년,영어학입문 | 영문학입문 | 근대 한국의 역사와 문화 | 대학 글쓰기 1 | 동양철학의 이해,GATE,5,80,222,174,115,True,exact,115,95.5,0.0,95.5,154.7,160.6,197.6,0.0,0.0,154.7,59.2,0.383,59.2,28.2,3.39,95.9,0.44,False,91.2,0.047,2.601,54,60,100.109-001 M1236.000600-001 C20.104-001 C20.113-003 F11.101-054,2.283,True
11,사회과학대학,심리학과,2학년,일과 경력의 심리학 | 성격심리학 | 사회심리학 및 실험 | 실험심리입문 및 실험 | 불교철학의 이해,919A,5,6,2,2,2,False,exact,2,146.4,0.0,146.4,146.4,146.4,146.4,0.0,0.0,146.4,0.0,0.0,0.0,52.2,2.804,146.4,0.0,True,126.6,0.156,0.115,2,7,M1308.004000-001 207.203-001 207.230-001 207.214-001 E11.129-001,0.074,True
11,사회과학대학,심리학과,2학년,일과 경력의 심리학 | 성격심리학 | 사회심리학 및 실험 | 실험심리입문 및 실험 | 불교철학의 이해,GATE,5,6,2,2,2,False,exact,2,97.7,0.0,97.7,97.7,97.7,97.7,0.0,0.0,97.7,0.0,0.0,0.0,41.2,2.372,97.7,0.0,True,92.0,0.062,0.109,2,7,M1308.004000-001 207.203-001 207.230-001 207.214-001 E11.129-001,0.053,True
12,농업생명과학대학,농경제사회학부,2학년,지역정보시스템 | 거시경제이론 | 지역개발론 | 운동과 건강 | 동서양의 종교적 지혜 | 부모교육,919A,6,7,2,2,2,True,exact,2,180.6,0.0,180.6,195.0,195.0,209.4,0.0,0.0,195.0,14.4,0.074,14.4,62.3,2.9,180.6,0.0,True,164.6,0.098,0.35,2,8,5202.301-001 M2649.001400-001 5202.202-001 E43.116-001 C30.145-001 E11.116-001,0.107,True
12,농업생명과학대학,농경제사회학부,2학년,지역정보시스템 | 거시경제이론 | 지역개발론 | 운동과 건강 | 동서양의 종교적 지혜 | 부모교육,GATE,6,7,2,2,2,True,exact,2,126.8,0.0,126.8,134.7,134.7,142.6,0.0,0.0,134.7,7.9,0.059,7.9,41.9,3.022,126.8,0.0,True,123.1,0.029,0.125,2,8,5202.301-001 M2649.001400-001 5202.202-001 E43.116-001 C30.145-001 E11.116-001,0.062,True
13,농업생명과학대학,산림과학부,4학년,환경재료과학 논문연구 | 산림복원공학 및 실습 | 학술림 연구 및 실습 | 한국사 | 고급영어: 문학,919A,5,11,16,16,11,True,exact,11,171.0,0.0,171.0,180.7,176.3,195.0,0.0,0.0,180.7,9.7,0.054,9.7,38.4,4.453,171.0,0.0,True,152.7,0.12,0.504,11,18,M1699.000400-001 M1698.002300-002 M1698.001900-002 C20.149-004 F21.301-003,0.276,True
13,농업생명과학대학,산림과학부,4학년,환경재료과학 논문연구 | 산림복원공학 및 실습 | 학술림 연구 및 실습 | 한국사 | 고급영어: 문학,GATE,5,11,16,16,11,True,exact,11,154.4,0.0,154.4,168.2,155.3,193.1,0.0,0.0,168.2,13.9,0.083,13.9,37.2,4.145,154.4,0.0,True,148.0,0.043,0.425,11,18,M1699.000400-001 M1698.002300-002 M1698.001900-002 C20.149-004 F21.301-003,0.266,True
14,인문대학,아시아언어문명학부,2학년,인도사 2 | 아시아문명교류사 | 동남아시아의 전통예술과 대중문화 | 집중페르시아어 2 | 컴퓨팅 기초: 처음 만나는 컴퓨팅 | 역사와 역사 재현,919A,6,25,38,16,2,True,exact,2,113.6,0.0,113.6,117.6,117.6,121.6,0.0,0.0,117.6,4.0,0.034,4.0,33.1,3.431,113.6,0.0,True,98.3,0.156,0.184,2,8,1003.213-001 1003.321-001 M2751.000400-001 1003.235-001 C20.127-002 F37.101-013,0.075,True
14,인문대학,아시아언어문명학부,2학년,인도사 2 | 아시아문명교류사 | 동남아시아의 전통예술과 대중문화 | 집중페르시아어 2 | 컴퓨팅 기초: 처음 만나는 컴퓨팅 | 역사와 역사 재현,GATE,6,25,38,16,2,True,exact,2,139.8,0.0,139.8,148.2,148.2,156.7,0.0,0.0,148.2,8.4,0.057,8.4,29.3,4.774,139.8,0.0,True,131.2,0.065,0.331,2,8,1003.213-001 1003.321-001 M2751.000400-001 1003.235-001 C20.127-002 F37.101-013,0.069,True
15,사범대학,수학교육과,2학년,정수론 | 선형대수학 2 | 미분방정식개론 | 해석개론 2 | 컴퓨팅 핵심: 컴퓨터로 생각하기,919A,5,7,3,3,1,False,exact,1,112.7,0.0,112.7,112.7,112.7,112.7,0.0,0.0,112.7,0.0,0.0,0.0,33.6,3.359,112.7,0.0,True,98.6,0.143,0.104,1,6,715.217-001 715.216-001 715.214-001 715.202-001 F37.204-002,0.048,True
15,사범대학,수학교육과,2학년,정수론 | 선형대수학 2 | 미분방정식개론 | 해석개론 2 | 컴퓨팅 핵심: 컴퓨터로 생각하기,GATE,5,7,3,3,1,False,exact,1,177.6,0.0,177.6,177.6,177.6,177.6,0.0,0.0,177.6,0.0,0.0,0.0,38.6,4.602,177.6,0.0,True,165.2,0.075,0.091,1,6,715.217-001 715.216-001 715.214-001 715.202-001 F37.204-002,0.072,True
16,농업생명과학대학,조경·지역시스템공학부,3학년,지역수자원시스템설계 | 지역수자원시스템공학 | 공원녹지계획 | 생물환경조절공학 및 실험 | 초급스페인어 1 | 화학,919A,6,21,16,16,3,True,exact,3,190.4,0.0,190.4,197.8,190.4,214.3,0.333,17.3,232.4,7.4,0.037,42.0,36.2,5.255,190.4,0.0,True,173.7,0.096,0.788,3,9,5272.326-001 5272.325-001 5271.321-001 5272.414-001 F34.103-002 F24.101-005,0.186,True
16,농업생명과학대학,조경·지역시스템공학부,3학년,지역수자원시스템설계 | 지역수자원시스템공학 | 공원녹지계획 | 생물환경조절공학 및 실험 | 초급스페인어 1 | 화학,GATE,6,21,16,16,3,True,exact,3,158.0,0.0,158.0,160.8,158.0,170.2,0.333,17.3,195.4,2.8,0.017,37.4,31.8,4.969,158.0,0.0,True,152.9,0.033,0.379,3,9,5272.326-001 5272.325-001 5271.321-001 5272.414-001 F34.103-002 F24.101-005,0.158,True
17,인문대학,불어불문학과,1학년,프랑스어 연습 1 | 프랑스어의 말소리와 어휘 | 근대 한국의 역사와 문화 | 글쓰기 세미나 | 베리타스 강좌 1: 노벨과학상과 인류,919A,5,16,12,10,7,True,exact,7,128.3,0.0,128.3,135.3,129.9,152.5,0.0,0.0,135.3,7.0,0.052,7.0,44.2,2.9,128.3,0.0,True,113.1,0.135,0.275,6,11,M1239.000800-001 M1239.001200-001 C20.104-001 V10.116-001 E52.102-010,0.141,True
17,인문대학,불어불문학과,1학년,프랑스어 연습 1 | 프랑스어의 말소리와 어휘 | 근대 한국의 역사와 문화 | 글쓰기 세미나 | 베리타스 강좌 1: 노벨과학상과 인류,GATE,5,16,12,10,7,True,exact,7,138.6,0.0,138.6,147.9,140.7,169.5,0.0,0.0,147.9,9.4,0.063,9.4,38.3,3.622,138.6,0.0,True,130.4,0.062,0.236,6,11,M1239.000800-001 M1239.001200-001 C20.104-001 V10.116-001 E52.102-009,0.129,True
18,농업생명과학대학,식물생산과학부,3학년,농업교육학개론 | 전략적 산업인력개발 개론 | 시설원예학 및 실험 | 수확물생리학 및 실험 | 대학 글쓰기 2: 사회과학글쓰기 | 물리학실험 2,919A,6,64,539,132,93,True,exact,93,145.8,0.0,145.8,167.4,162.8,186.5,0.43,0.9,169.3,21.6,0.129,23.5,39.4,3.701,146.0,0.24,False,131.7,0.107,0.77,17,27,500.E304-001 M1671.001600-001 5172.305-001 5172.306A-001 F11.202-011 F33.107L-040,0.608,True
18,농업생명과학대학,식물생산과학부,3학년,농업교육학개론 | 전략적 산업인력개발 개론 | 시설원예학 및 실험 | 수확물생리학 및 실험 | 대학 글쓰기 2: 사회과학글쓰기 | 물리학실험 2,GATE,6,64,539,132,93,True,exact,93,125.7,0.0,125.7,147.5,143.1,165.7,0.43,0.9,149.3,21.8,0.148,23.6,36.3,3.462,125.7,0.0,True,121.4,0.036,0.842,17,27,500.E304-001 M1671.001600-001 5172.305-001 5172.306A-001 F11.202-011 F33.107L-004,0.543,True
19,공과대학,원자핵공학과,3학년,핵연료주기공학 | 핵계측 | 수치해석기초 | 원자핵공학세미나 1 | 수학연습 2,919A,5,49,45,17,45,True,exact,45,164.7,0.0,164.7,194.2,195.5,202.9,0.0,0.0,194.2,29.5,0.152,29.5,41.7,3.951,164.7,0.0,True,150.1,0.097,0.409,10,15,M1509.001400-001 409.224B-001 409.310A-001 409.328-001 F31.105L-004,0.364,True
19,공과대학,원자핵공학과,3학년,핵연료주기공학 | 핵계측 | 수치해석기초 | 원자핵공학세미나 1 | 수학연습 2,GATE,5,49,45,17,45,True,exact,45,172.3,0.0,172.3,198.7,200.5,206.6,0.0,0.0,198.7,26.4,0.133,26.4,34.3,5.017,172.3,0.0,True,164.2,0.049,0.513,17,22,M1509.001400-001 409.224B-001 409.310A-001 409.328-001 F31.105L-004,0.41,True
20,사범대학,국어교육과,3학년,한국현대산문교육론 | 매체의사소통교육론 | 학습자언어탐구 | 작문교육론 | 대학 글쓰기 1,919A,5,78,74,58,41,True,exact,41,57.6,0.0,57.6,81.1,85.5,110.9,0.0,0.0,81.1,23.4,0.289,23.4,17.8,3.232,58.0,0.38,False,49.7,0.161,1.124,27,32,705.322-001 M1844.001200-001 M1844.000900-001 705.314A-001 F11.101-070,1.259,True
20,사범대학,국어교육과,3학년,한국현대산문교육론 | 매체의사소통교육론 | 학습자언어탐구 | 작문교육론 | 대학 글쓰기 1,GATE,5,78,74,58,41,True,exact,41,101.7,0.0,101.7,120.8,123.1,151.8,0.0,0.0,120.8,19.1,0.158,19.1,24.1,4.223,101.9,0.28,False,94.6,0.075,1.079,23,28,705.322-001 M1844.001200-001 M1844.000900-001 705.314A-001 F11.101-064,0.7,True
21,사범대학,교직연합전공 통합사회,3학년,통합사회교과교육론 | 통합사회교과 교재 및 연구법 | 처음 배우는 서양사 | 미학과 예술론 | 국제정치학입문,919A,5,7,4,4,1,False,exact,1,88.0,0.0,88.0,88.0,88.0,88.0,0.0,0.0,88.0,0.0,0.0,0.0,35.0,2.513,88.0,0.0,True,74.6,0.18,0.115,1,6,M1855.000600-001 M1855.000700-001 C20.140-002 C20.115-002 C30.105-001,0.077,True
21,사범대학,교직연합전공 통합사회,3학년,통합사회교과교육론 | 통합사회교과 교재 및 연구법 | 처음 배우는 서양사 | 미학과 예술론 | 국제정치학입문,GATE,5,7,4,4,1,False,exact,1,103.5,0.0,103.5,103.5,103.5,103.5,0.0,0.0,103.5,0.0,0.0,0.0,33.3,3.109,103.5,0.0,True,94.7,0.093,0.107,1,6,M1855.000600-001 M1855.000700-001 C20.140-002 C20.115-002 C30.105-001,0.063,True
22,수의과대학,수의과대학,4학년,수의사법규 | 수의 임상 모의 실습 | 지구과학 | 생명과학을 위한 수학 2 | 스페인어권 문화의 이해,919A,5,10,10,10,7,True,exact,7,142.5,0.0,142.5,162.1,168.5,171.6,0.0,0.0,162.1,19.6,0.121,19.6,53.5,2.663,142.5,0.0,True,128.9,0.106,0.649,7,13,552.337-001 M1744.009500-001 F36.102-001 C10.133-001 F31.112-003,0.162,True
22,수의과대학,수의과대학,4학년,수의사법규 | 수의 임상 모의 실습 | 지구과학 | 생명과학을 위한 수학 2 | 스페인어권 문화의 이해,GATE,5,10,10,10,7,True,exact,7,131.7,0.0,131.7,157.1,163.0,166.2,0.0,0.0,157.1,25.4,0.162,25.4,45.5,2.894,131.7,0.0,True,123.6,0.065,0.294,7,13,552.337-001 M1744.009500-001 F36.102-001 C10.133-001 F31.112-003,0.146,True
23,공과대학,산업공학과,3학년,경영과학 2 | 인간공학 | 경영과학 1 | 생산관리 | 대학 글쓰기 1 | 통계학,919A,6,82,296,232,103,True,exact,103,183.1,0.0,183.1,199.5,202.5,231.1,0.107,0.4,200.2,16.3,0.082,17.1,32.5,5.64,183.8,0.68,False,169.6,0.08,2.803,45,52,406.317-001 406.304-001 406.315-001 406.310-001 F32.102-004 F11.101-067,2.026,True
23,공과대학,산업공학과,3학년,경영과학 2 | 인간공학 | 경영과학 1 | 생산관리 | 대학 글쓰기 1 | 통계학,GATE,6,82,296,232,103,True,exact,103,199.4,0.0,199.4,215.7,211.4,246.8,0.107,0.4,216.5,16.3,0.076,17.1,29.8,6.69,199.4,0.0,True,189.9,0.05,2.251,10,17,406.317-001 406.304-001 406.315-001 406.310-001 F32.102-004 F11.101-010,7.689,True
24,사범대학,체육교육과,2학년,스포츠참여증진 프로그램 개발 및 평가 | 스포츠사회학 | 스포츠심리학 | 체육교육론 | 대학 글쓰기 2: 인문학글쓰기 | 독일어권 문화의 이해,919A,6,27,60,45,13,True,exact,13,152.8,0.0,152.8,157.8,158.0,167.1,0.0,0.0,157.8,5.0,0.032,5.0,40.4,3.777,153.5,0.74,False,132.0,0.158,0.401,7,13,M1886.001600-001 722.329A-001 M1886.004100-001 722.201A-001 C30.109-001 F11.201-019,0.181,True
24,사범대학,체육교육과,2학년,스포츠참여증진 프로그램 개발 및 평가 | 스포츠사회학 | 스포츠심리학 | 체육교육론 | 대학 글쓰기 2: 인문학글쓰기 | 독일어권 문화의 이해,GATE,6,27,60,45,13,True,exact,13,127.3,0.0,127.3,130.8,127.4,160.4,0.0,0.0,130.8,3.5,0.027,3.5,30.7,4.145,127.3,0.0,True,113.2,0.124,0.378,7,13,M1886.001600-001 722.329A-001 M1886.004100-001 722.201A-001 C30.109-001 F11.201-010,0.114,True
25,자연과학대학,생명과학부,3학년,분자생물학 | 생명과학특수연구 1 | 생물물리학 | 식물생리학 | 대학 글쓰기 2: 과학기술글쓰기 | 지구과학실험,919A,6,33,28,11,22,True,exact,22,222.1,0.0,222.1,227.9,227.9,228.6,0.0,0.0,227.9,5.8,0.025,5.8,36.3,6.119,222.1,0.0,True,199.1,0.116,0.337,9,15,300.319-001 3346.328-001 300.317-001 3346.320-001 F36.102L-001 F11.203-010,0.21,True
25,자연과학대학,생명과학부,3학년,분자생물학 | 생명과학특수연구 1 | 생물물리학 | 식물생리학 | 대학 글쓰기 2: 과학기술글쓰기 | 지구과학실험,GATE,6,33,28,11,22,True,exact,22,173.3,0.0,173.3,189.7,190.2,196.8,0.0,0.0,189.7,16.4,0.087,16.4,35.0,4.956,173.3,0.0,True,165.5,0.047,0.47,9,15,300.319-001 3346.328-001 300.317-001 3346.320-001 F36.102L-001 F11.203-020,0.281,True
26,농업생명과학대학,산림과학부,2학년,재료역학 및 실험 | 스마트산림종자학 | 산림생태학 및 실습 | 환경재료화학공정 | 화학실험 | 수학 2,919A,6,46,416,182,174,True,exact,174,157.2,0.0,157.2,174.5,157.6,208.2,0.0,0.0,174.5,17.3,0.099,17.3,39.6,3.974,157.6,0.34,False,141.2,0.113,1.974,58,70,457.201-001 M1698.003100-002 5241.214A-002 5242.208-001 F34.103L-021 F31.105-006,1.344,True
26,농업생명과학대학,산림과학부,2학년,재료역학 및 실험 | 스마트산림종자학 | 산림생태학 및 실습 | 환경재료화학공정 | 화학실험 | 수학 2,GATE,6,46,416,182,174,True,exact,174,112.9,0.0,112.9,128.3,116.7,145.1,0.0,0.0,128.3,15.4,0.12,15.4,26.3,4.299,113.2,0.3,False,109.8,0.028,2.061,65,77,457.201-001 M1698.003100-002 5241.214A-002 5242.208-001 F34.103L-021 F31.105-006,1.193,True
27,약학대학,약학대학,2학년,약학미생물학(핵심) | 생리학 | 심화 물리약학 | 약화학 2 | 수학 2,919A,5,30,26,14,17,True,exact,17,129.0,0.0,129.0,131.3,130.3,145.4,0.0,0.0,131.3,2.3,0.018,2.3,35.8,3.603,130.3,1.38,False,115.0,0.122,0.289,7,12,M2175.004300-001 M2175.004400-001 M2175.004800-001 M2175.013000-001 F31.105-013,0.102,True
27,약학대학,약학대학,2학년,약학미생물학(핵심) | 생리학 | 심화 물리약학 | 약화학 2 | 수학 2,GATE,5,30,26,14,17,True,exact,17,140.7,0.0,140.7,142.2,142.1,146.1,0.0,0.0,142.2,1.5,0.011,1.5,32.0,4.391,140.7,0.0,True,129.1,0.09,0.402,9,14,M2175.004300-001 M2175.004400-001 M2175.004800-001 M2175.013000-001 F31.105-026,0.093,True
28,공과대학,에너지자원공학과,3학년,암반공학응용 및 설계 | 에너지GIS | 에너지자원처리공학 | 지구통계학 | 고급영어: 산문,919A,5,5,1,1,1,False,exact,1,173.6,0.0,173.6,173.6,173.6,173.6,0.0,0.0,173.6,0.0,0.0,0.0,43.3,4.012,173.6,0.0,True,160.0,0.085,0.066,1,6,465.326-001 465.215A-001 M1594.003900-001 465.315-001 F21.304-001,0.028,True
28,공과대학,에너지자원공학과,3학년,암반공학응용 및 설계 | 에너지GIS | 에너지자원처리공학 | 지구통계학 | 고급영어: 산문,GATE,5,5,1,1,1,False,exact,1,174.9,0.0,174.9,174.9,174.9,174.9,0.0,0.0,174.9,0.0,0.0,0.0,40.7,4.302,174.9,0.0,True,165.8,0.055,0.063,1,6,465.326-001 465.215A-001 M1594.003900-001 465.315-001 F21.304-001,0.018,True
29,간호대학,간호대학,2학년,보건커뮤니케이션과 건강교육 | 대기과학 | 물리학실험 2 | 대학영어 1 | 수학연습 1 | 수학연습 2,919A,6,153,242550,22032,>=50000,True,sample,4000,139.3,0.0,139.3,190.0,193.2,,0.073,0.2,190.3,50.7,0.267,51.0,53.9,2.585,139.3,0.0,True,125.8,0.107,69.592,789,982,M1991.001900-001 F36.101-001 F31.104L-001 F33.107L-042 F31.105L-012 F21.101-030,22.54,True
29,간호대학,간호대학,2학년,보건커뮤니케이션과 건강교육 | 대기과학 | 물리학실험 2 | 대학영어 1 | 수학연습 1 | 수학연습 2,GATE,6,153,242550,22032,>=50000,True,sample,4000,113.7,0.0,113.7,154.9,158.8,,0.073,0.2,155.3,41.2,0.266,41.5,36.5,3.116,113.9,0.11,False,108.6,0.047,70.323,815,1008,M1991.001900-001 F36.101-001 F31.104L-001 F33.107L-051 F31.105L-019 F21.101-047,15.956,True
30,사범대학,독어교육과,3학년,독어토론연습 | 독일드라마와 공연예술 | 다중언어교육의 이해 | 학습독작문 | 한국사,919A,5,8,4,4,3,True,exact,3,59.6,0.0,59.6,83.5,95.5,95.5,0.0,0.0,83.5,24.0,0.287,24.0,19.4,3.067,59.6,0.0,True,51.2,0.164,0.161,3,8,709.430A-001 709.322A-001 M1853.000900-001 709.222A-001 C20.149-005,0.046,True
30,사범대학,독어교육과,3학년,독어토론연습 | 독일드라마와 공연예술 | 다중언어교육의 이해 | 학습독작문 | 한국사,GATE,5,8,4,4,3,True,exact,3,104.4,0.0,104.4,148.5,170.5,170.5,0.0,0.0,148.5,44.1,0.297,44.1,32.8,3.179,104.4,0.0,True,97.0,0.077,0.123,3,8,709.430A-001 709.322A-001 M1853.000900-001 709.222A-001 C20.149-005,0.023,True
31,사범대학,영어교육과,1학년,영미산문강독 | 영어독해 | 교양연주-합창 | 대학 글쓰기 1 | 영상예술의 이해,919A,5,81,296,232,100,True,exact,100,95.7,0.0,95.7,118.7,118.6,142.2,0.02,0.1,118.9,23.0,0.194,23.2,26.3,3.639,96.0,0.32,False,82.6,0.158,1.605,32,37,M1848.000300-001 M1848.000500-001 E42.107-001 C10.142-002 F11.101-070,0.363,True
31,사범대학,영어교육과,1학년,영미산문강독 | 영어독해 | 교양연주-합창 | 대학 글쓰기 1 | 영상예술의 이해,GATE,5,81,296,232,100,True,exact,100,112.8,0.0,112.8,141.9,141.4,175.3,0.02,0.1,142.1,29.1,0.205,29.3,26.9,4.193,112.8,0.0,True,104.3,0.082,2.484,54,60,M1848.000300-001 M1848.000500-001 E42.107-001 C10.142-003 F11.101-064,0.478,True
32,사범대학,지리교육과,4학년,사회지리교육론 | 정치지리학개론 | 교통지리교육론 | 스페인어 말하기 | 소그룹 고전원전읽기 2,919A,5,11,7,7,5,True,exact,5,80.8,0.0,80.8,83.7,83.8,86.7,0.0,0.0,83.7,3.0,0.036,3.0,18.3,4.423,80.8,0.0,True,68.1,0.186,0.341,5,10,713.434-001 713.416-001 713.435-001 F24.302-001 E52.104-006,0.053,True
32,사범대학,지리교육과,4학년,사회지리교육론 | 정치지리학개론 | 교통지리교육론 | 스페인어 말하기 | 소그룹 고전원전읽기 2,GATE,5,11,7,7,5,True,exact,5,126.5,0.0,126.5,128.3,127.2,131.4,0.0,0.0,128.3,1.8,0.014,1.8,26.8,4.73,126.5,0.0,True,118.5,0.068,0.29,5,10,713.434-001 713.416-001 713.435-001 F24.302-001 E52.104-001,0.033,True
33,생활과학대학,의류학과,4학년,한국복식문화사 | 패션마케팅커뮤니케이션 | 패션과 비주얼머천다이징 | 패션 e-비즈니스 | 컴퓨팅 핵심: 컴퓨터로 생각하기,919A,5,7,3,3,1,False,exact,1,154.3,4.0,162.2,154.3,154.3,154.3,1.0,4.0,162.2,0.0,0.0,0.0,45.8,3.367,154.3,0.0,True,135.9,0.135,0.115,1,6,353.430-001 M2174.000500-001 M0.009700-001 M1461.000100-001 F37.204-003,0.014,True
33,생활과학대학,의류학과,4학년,한국복식문화사 | 패션마케팅커뮤니케이션 | 패션과 비주얼머천다이징 | 패션 e-비즈니스 | 컴퓨팅 핵심: 컴퓨터로 생각하기,GATE,5,7,3,3,1,False,exact,1,109.1,4.0,117.1,109.1,109.1,109.1,1.0,4.0,117.1,0.0,0.0,0.0,33.5,3.263,109.1,0.0,True,104.1,0.049,0.073,1,6,353.430-001 M2174.000500-001 M0.009700-001 M1461.000100-001 F37.204-003,0.01,True
34,공과대학,에너지자원공학과,1학년,에너지자원공학실습 | 미학과 예술론 | 대학영어 1 | 과학의 철학적 이해 | 지구과학,919A,5,61,220,216,134,True,exact,134,124.2,0.0,124.2,137.5,138.1,146.0,0.149,0.0,137.6,13.3,0.097,13.4,39.7,3.126,124.2,0.0,True,108.4,0.147,3.522,70,79,M1594.000400-001 F36.102-001 C20.115-002 C40.103-001 F21.101-048,0.756,True
34,공과대학,에너지자원공학과,1학년,에너지자원공학실습 | 미학과 예술론 | 대학영어 1 | 과학의 철학적 이해 | 지구과학,GATE,5,61,220,216,134,True,exact,134,179.3,0.0,179.3,186.5,185.8,197.4,0.149,0.0,186.6,7.2,0.038,7.3,44.6,4.023,179.7,0.4,False,168.9,0.062,4.365,109,118,M1594.000400-001 F36.102-001 C20.115-001 C40.103-002 F21.101-002,0.922,True
35,공과대학,건설환경도시공학부,2학년,구조해석 1 | 교통공학 및 실험 | 환경공학 | 기초유체역학 및 실험 | 철학개론 | 대학 글쓰기 2: 과학기술글쓰기,919A,6,38,448,176,116,True,exact,116,140.2,0.0,140.2,159.5,166.1,174.7,0.0,0.0,159.5,19.3,0.121,19.3,24.9,5.634,140.3,0.04,True,126.7,0.107,1.5,30,47,M1586.002000-001 457.208-001 457.210A-002 457.204-001 C20.141-003 F11.203-004,0.346,True
35,공과대학,건설환경도시공학부,2학년,구조해석 1 | 교통공학 및 실험 | 환경공학 | 기초유체역학 및 실험 | 철학개론 | 대학 글쓰기 2: 과학기술글쓰기,GATE,6,38,448,176,116,True,exact,116,163.6,0.0,163.6,180.9,186.2,195.9,0.0,0.0,180.9,17.4,0.096,17.4,30.1,5.436,163.6,0.04,True,152.5,0.073,1.194,19,35,M1586.002000-001 457.208-001 457.210A-002 457.204-001 C20.141-003 F11.203-021,0.228,True
36,사회과학대학,언론정보학과,2학년,미디어테크놀로지의 과거와 미래 | 영상 문화 입문 | 커뮤니케이션이론 1 | 저널리즘 심층 글쓰기 | 물리학실험 2,919A,5,53,49,12,26,True,exact,26,132.4,0.0,132.4,148.4,161.5,161.5,0.0,0.0,148.4,16.0,0.108,16.0,48.3,2.741,133.5,1.12,False,115.4,0.147,0.184,5,10,M1312.002000-001 M1312.001000-001 M1312.003000-001 M1312.001400-001 F33.107L-004,0.07,True
36,사회과학대학,언론정보학과,2학년,미디어테크놀로지의 과거와 미래 | 영상 문화 입문 | 커뮤니케이션이론 1 | 저널리즘 심층 글쓰기 | 물리학실험 2,GATE,5,53,49,12,26,True,exact,26,50.2,0.0,50.2,55.2,59.5,59.5,0.0,0.0,55.2,5.0,0.091,5.0,27.6,1.819,50.4,0.15,False,48.1,0.043,0.162,5,10,M1312.002000-001 M1312.001000-001 M1312.003000-001 M1312.001400-001 F33.107L-040,0.026,True
37,인문대학,미학과,2학년,조형예술미학 | 독일미학 | 동양미학개론 | 매체미학 | 화학실험 2,919A,5,8,4,4,4,True,exact,4,113.4,0.0,113.4,119.9,114.5,137.3,0.0,0.0,119.9,6.5,0.054,6.5,43.5,2.608,113.4,0.0,True,98.2,0.155,0.116,4,9,115.215A-001 M1262.001200-001 M1262.000400-001 M1262.000500-001 F34.105L-008,0.023,True
37,인문대학,미학과,2학년,조형예술미학 | 독일미학 | 동양미학개론 | 매체미학 | 화학실험 2,GATE,5,8,4,4,4,True,exact,4,118.6,0.0,118.6,126.8,123.5,141.8,0.0,0.0,126.8,8.2,0.065,8.2,36.2,3.274,118.6,0.0,True,111.6,0.063,0.109,4,9,115.215A-001 M1262.001200-001 M1262.000400-001 M1262.000500-001 F34.105L-001,0.019,True
38,사범대학,지구과학교육과,2학년,에어로졸 화학과 기후 변화 | 천체지구과학 및 실험 2 | 고체지구과학 및 실험 2 | 고체지구물리학 및 실험 2 | 영상예술의 이해 | 프랑스명작의 이해,919A,6,9,4,4,2,True,exact,2,125.1,0.0,125.1,127.1,127.1,129.0,0.0,0.0,127.1,2.0,0.015,2.0,27.6,4.541,125.1,0.0,True,110.9,0.128,0.173,2,8,M1882.001500-001 721.267-001 721.264-001 721.222-001 C10.156-001 C10.142-004,0.028,True
38,사범대학,지구과학교육과,2학년,에어로졸 화학과 기후 변화 | 천체지구과학 및 실험 2 | 고체지구과학 및 실험 2 | 고체지구물리학 및 실험 2 | 영상예술의 이해 | 프랑스명작의 이해,GATE,6,9,4,4,2,True,exact,2,160.2,0.0,160.2,162.2,162.2,164.1,0.0,0.0,162.2,2.0,0.012,2.0,25.9,6.193,160.2,0.0,True,147.7,0.085,0.142,2,8,M1882.001500-001 721.267-001 721.264-001 721.222-001 C10.156-001 C10.142-004,0.023,True
39,사범대학,지리교육과,1학년,환경과 지리 | 세계지리 | 컴퓨팅 기초: 처음 만나는 컴퓨팅 | 고급수학연습 2 | 대학영어 2: 말하기,919A,5,39,1368,440,675,True,exact,675,83.8,0.0,83.8,142.8,146.3,157.7,0.0,0.0,142.8,59.0,0.413,59.0,32.6,2.567,83.8,0.0,True,72.2,0.16,3.314,63,92,700.108-001 M0.011700-001 F31.107L-002 F37.101-006 F21.202-001,0.753,True
39,사범대학,지리교육과,1학년,환경과 지리 | 세계지리 | 컴퓨팅 기초: 처음 만나는 컴퓨팅 | 고급수학연습 2 | 대학영어 2: 말하기,GATE,5,39,1368,440,675,True,exact,675,94.1,0.0,94.1,151.9,153.1,164.2,0.0,0.0,151.9,57.8,0.381,57.8,34.0,2.764,94.1,0.0,True,88.6,0.062,2.638,39,64,700.108-001 M0.011700-001 F31.107L-002 F37.101-006 F21.202-002,0.879,True
40,사범대학,역사교육과,1학년,세계사의 이해 | 국사교육강독 | 수학연습 2 | 근·현대 한국민족주의 | 통계학실험 | 대학 글쓰기 1,919A,6,126,13320,3944,4536,True,exact,4536,100.2,0.0,100.2,138.5,136.9,180.7,0.006,0.0,138.5,38.3,0.276,38.3,27.0,3.716,100.2,0.04,True,87.3,0.148,23.004,243,287,M0000.028700-001 712.202-001 C20.103-001 F32.102L-012 F31.105L-033 F11.101-019,4.65,True
40,사범대학,역사교육과,1학년,세계사의 이해 | 국사교육강독 | 수학연습 2 | 근·현대 한국민족주의 | 통계학실험 | 대학 글쓰기 1,GATE,6,126,13320,3944,4536,True,exact,4536,115.6,0.0,115.6,156.1,156.7,191.4,0.006,0.0,156.1,40.6,0.26,40.6,27.3,4.236,115.6,0.0,True,108.6,0.064,8.988,47,66,M0000.028700-001 712.202-001 C20.103-001 F32.102L-012 F31.105L-033 F11.101-047,1.979,True
41,공과대학,공과대학,2학년,사물인터넷과 공학설계 | 수학연습 2 | 대학 글쓰기 1 | 현대서양의 형성 | 인간관계의 심리학,919A,5,125,13320,3944,1602,True,exact,1602,105.2,0.0,105.2,147.9,144.8,180.1,0.064,0.2,148.2,42.7,0.289,43.1,37.8,2.783,105.2,0.0,True,94.0,0.119,4.02,58,66,M2177.008800-001 C20.155-001 E11.163-002 F31.105L-033 F11.101-065,0.896,True
41,공과대학,공과대학,2학년,사물인터넷과 공학설계 | 수학연습 2 | 대학 글쓰기 1 | 현대서양의 형성 | 인간관계의 심리학,GATE,5,125,13320,3944,1602,True,exact,1602,120.5,0.0,120.5,156.1,150.3,185.0,0.064,0.2,156.4,35.6,0.228,35.9,35.8,3.369,120.5,0.0,True,113.3,0.064,4.148,53,61,M2177.008800-001 C20.155-001 E11.163-002 F31.105L-033 F11.101-056,0.608,True
42,공과대학,기계공학부,1학년,공학수학 3 | 고체역학 | 컴퓨팅 기초: 처음 만나는 컴퓨팅 | 인물로 본 한국사 | 영양과 건강,919A,5,24,38,16,19,True,exact,19,209.2,0.0,209.2,239.3,256.8,271.5,0.632,3.4,246.1,30.1,0.126,36.9,69.8,2.998,209.2,0.0,True,183.2,0.142,0.545,9,15,400.003-001 M2794.001000-001 C40.121-001 C20.132-003 F37.101-003,0.081,True
42,공과대학,기계공학부,1학년,공학수학 3 | 고체역학 | 컴퓨팅 기초: 처음 만나는 컴퓨팅 | 인물로 본 한국사 | 영양과 건강,GATE,5,24,38,16,19,True,exact,19,209.9,0.0,209.9,242.9,239.8,269.3,0.632,3.4,249.7,33.0,0.136,39.8,62.0,3.387,209.9,0.0,True,190.1,0.104,0.386,9,15,400.003-001 M2794.001000-001 C40.121-001 C20.132-003 F37.101-003,0.059,True
43,농업생명과학대학,농업생명과학대학,3학년,유전학 및 실험 | 농업법개론 | 분자생물학 | 논리학 | 논리와 비판적 사고 | 종교와 영화,919A,6,13,20,20,2,True,exact,2,185.3,0.0,185.3,185.7,185.7,186.1,0.0,0.0,185.7,0.4,0.002,0.4,49.8,3.72,185.3,0.0,True,165.3,0.121,0.358,2,8,500.203-001 500.307-001 500.402-001 E11.172-001 F12.101-004 C20.106-003,0.059,True
43,농업생명과학대학,농업생명과학대학,3학년,유전학 및 실험 | 농업법개론 | 분자생물학 | 논리학 | 논리와 비판적 사고 | 종교와 영화,GATE,6,13,20,20,2,True,exact,2,176.5,0.0,176.5,177.7,177.7,178.9,0.0,0.0,177.7,1.2,0.007,1.2,41.6,4.245,176.5,0.0,True,167.9,0.051,0.268,2,8,500.203-001 500.307-001 500.402-001 E11.172-001 F12.101-004 C20.106-004,0.039,True
44,사범대학,독어교육과,3학년,독어토론연습 | 학습독작문 | 독어교육세미나-논리 및 논술 | 독일드라마와 공연예술 | 고급영어: 발표 | 대학영어 2: 말하기,919A,6,20,48,44,6,True,exact,6,83.7,0.0,83.7,85.4,85.4,87.5,0.0,0.0,85.4,1.7,0.02,1.7,22.4,3.734,83.7,0.0,True,70.7,0.184,0.439,6,13,709.430A-001 709.222A-001 709.317B-001 709.322A-001 F21.303-001 F21.202-004,0.048,True
44,사범대학,독어교육과,3학년,독어토론연습 | 학습독작문 | 독어교육세미나-논리 및 논술 | 독일드라마와 공연예술 | 고급영어: 발표 | 대학영어 2: 말하기,GATE,6,20,48,44,6,True,exact,6,128.6,0.0,128.6,130.5,130.9,131.3,0.0,0.0,130.5,1.9,0.014,1.9,30.5,4.217,128.6,0.0,True,120.1,0.071,0.288,6,13,709.430A-001 709.222A-001 709.317B-001 709.322A-001 F21.303-002 F21.202-002,0.037,True
45,사범대학,화학교육과,3학년,과학논리 및 논술 | 물리화학실험 | 무기화학 2 | 화학교재연구 및 지도법 | 초급프랑스어 1 | 수학연습 2,919A,6,59,810,306,77,True,exact,77,103.8,0.0,103.8,122.5,122.0,138.5,0.013,0.0,122.5,18.7,0.153,18.7,29.1,3.571,103.8,0.0,True,89.6,0.158,1.379,9,22,718.319-001 718.312-001 718.419-001 700.401A-001 F26.101-008 F31.105L-033,0.265,True
45,사범대학,화학교육과,3학년,과학논리 및 논술 | 물리화학실험 | 무기화학 2 | 화학교재연구 및 지도법 | 초급프랑스어 1 | 수학연습 2,GATE,6,59,810,306,77,True,exact,77,153.4,0.0,153.4,175.7,178.0,193.5,0.013,0.0,175.7,22.3,0.127,22.3,32.4,4.738,153.4,0.0,True,142.2,0.078,0.947,9,17,718.319-001 718.312-001 718.419-001 700.401A-001 F26.101-008 F31.105L-033,0.125,True
46,공과대학,기계공학부,1학년,공학수학 3 | 고체역학 | 생물학실험 | 논리와 비판적 사고 | 베리타스 실천: 순환 자원과 지속가능성 프로젝트 | 공학수학 1,919A,6,35,460,240,77,True,exact,77,191.1,0.0,191.1,248.1,248.1,310.4,0.416,7.4,262.8,57.0,0.23,71.7,60.7,3.149,191.1,0.0,True,171.5,0.115,1.307,23,37,400.003-001 M2794.001000-001 V30.114-001 F12.101-003 F31.201-002 F35.103L-008,0.237,True
46,공과대학,기계공학부,1학년,공학수학 3 | 고체역학 | 생물학실험 | 논리와 비판적 사고 | 베리타스 실천: 순환 자원과 지속가능성 프로젝트 | 공학수학 1,GATE,6,35,460,240,77,True,exact,77,222.8,0.0,222.8,278.0,284.5,333.2,0.416,7.4,292.7,55.2,0.199,69.9,64.2,3.473,222.8,0.0,True,205.1,0.086,1.3,23,36,400.003-001 M2794.001000-001 V30.114-001 F12.101-003 F31.201-002 F35.103L-008,0.19,True
47,사범대학,불어교육과,3학년,심화프랑스어회화 2 | 프랑스어 교수법 | 베리타스 강좌 1: 의미 | 생물학실험 | 동서양의 종교적 지혜,919A,5,28,46,24,13,True,exact,13,101.5,0.2,101.9,114.3,110.8,129.2,0.231,0.0,114.4,12.8,0.112,12.5,41.5,2.445,101.5,0.0,True,89.0,0.141,0.228,6,11,M1851.002200-001 M1851.002400-001 V10.126-001 E11.116-002 F35.103L-015,0.036,True
47,사범대학,불어교육과,3학년,심화프랑스어회화 2 | 프랑스어 교수법 | 베리타스 강좌 1: 의미 | 생물학실험 | 동서양의 종교적 지혜,GATE,5,28,46,24,13,True,exact,13,149.8,0.0,149.8,157.7,152.7,173.3,0.231,0.0,157.8,7.9,0.05,8.0,38.9,3.849,149.8,0.0,True,139.0,0.078,0.365,6,11,M1851.002200-001 M1851.002400-001 V10.126-001 E11.116-002 F35.103L-010,0.034,True
48,공과대학,원자핵공학과,3학년,수치해석기초 | 원자핵공학세미나 1 | 원자력 재료 실험 | 핵연료주기공학 | 예술과 과학 | 초급러시아어 1,919A,6,8,4,4,2,True,exact,2,185.8,50.2,286.3,203.9,203.9,222.0,1.0,50.2,304.4,18.1,0.089,18.1,32.5,5.724,185.8,0.0,True,169.5,0.096,0.196,2,9,409.310A-001 409.328-001 M1509.001700-001 M1509.001400-001 C10.144-001 F23.101-002,0.034,True
48,공과대학,원자핵공학과,3학년,수치해석기초 | 원자핵공학세미나 1 | 원자력 재료 실험 | 핵연료주기공학 | 예술과 과학 | 초급러시아어 1,GATE,6,8,4,4,2,True,exact,2,201.7,50.2,302.2,220.8,220.8,239.8,1.0,50.2,321.3,19.1,0.086,19.1,34.1,5.918,201.7,0.0,True,191.1,0.055,0.164,2,9,409.310A-001 409.328-001 M1509.001700-001 M1509.001400-001 C10.144-001 F23.101-002,0.025,True
49,인문대학,철학과,2학년,서양근대철학 | 송명대 신유학 | 사회철학 | 도가철학 | 창의적 사고와 표현 | 한국사,919A,6,12,16,16,3,True,exact,3,105.1,0.0,105.1,106.9,106.2,109.5,0.0,0.0,106.9,1.8,0.017,1.8,18.7,5.613,105.1,0.0,True,88.0,0.195,0.42,3,10,113.360-001 113.455-001 113.345-001 M1252.000200-001 F12.103-003 C20.149-005,0.037,True
49,인문대학,철학과,2학년,서양근대철학 | 송명대 신유학 | 사회철학 | 도가철학 | 창의적 사고와 표현 | 한국사,GATE,6,12,16,16,3,True,exact,3,158.3,0.0,158.3,161.8,161.9,165.2,0.0,0.0,161.8,3.5,0.022,3.5,25.9,6.118,158.3,0.0,True,148.0,0.07,0.205,3,10,113.360-001 113.455-001 113.345-001 M1252.000200-001 F12.103-003 C20.149-005,0.028,True
50,사범대학,수학교육과,2학년,미분방정식개론 | 정수론 | 선형대수학 2 | 해석개론 2 | 민주시민과 기본적 인권,919A,5,5,1,1,1,False,exact,1,107.5,0.0,107.5,107.5,107.5,107.5,0.0,0.0,107.5,0.0,0.0,0.0,32.3,3.329,107.5,0.0,True,93.0,0.156,0.091,1,6,715.214-001 715.217-001 715.216-001 715.202-001 C30.114-001,0.033,True
50,사범대학,수학교육과,2학년,미분방정식개론 | 정수론 | 선형대수학 2 | 해석개론 2 | 민주시민과 기본적 인권,GATE,5,5,1,1,1,False,exact,1,147.8,0.0,147.8,147.8,147.8,147.8,0.0,0.0,147.8,0.0,0.0,0.0,33.4,4.426,147.8,0.0,True,136.4,0.084,0.085,1,6,715.214-001 715.217-001 715.216-001 715.202-001 C30.114-001,0.018,True
51,음악대학,작곡과,2학년,라이브 일렉트로닉 뮤직 2 | 베리타스 실천: 연극적 표현과 실천 | 영미 대중소설의 이해 | 대학영어 2: 글쓰기 | 대학영어 1,919A,5,80,2310,2160,205,True,exact,205,115.4,176.8,469.0,136.9,143.7,154.4,1.0,176.8,490.5,21.5,0.157,21.5,31.4,3.676,115.4,0.0,True,98.5,0.171,5.654,85,98,M2183.008600-001 V30.108-001 C10.140-001 F21.201-011 F21.101-026,0.939,True
51,음악대학,작곡과,2학년,라이브 일렉트로닉 뮤직 2 | 베리타스 실천: 연극적 표현과 실천 | 영미 대중소설의 이해 | 대학영어 2: 글쓰기 | 대학영어 1,GATE,5,80,2310,2160,205,True,exact,205,114.2,176.8,467.9,141.1,152.1,161.5,1.0,176.8,494.7,26.8,0.19,26.8,29.4,3.885,114.2,0.0,True,106.8,0.07,5.574,80,93,M2183.008600-001 V30.108-001 C10.140-001 F21.201-019 F21.101-024,1.224,True
52,생활과학대학,소비자아동학부,2학년,건강가정론 | 소비자와 정보 | 소비자지역연계프로젝트 | 소비자정량분석론 | 대학 글쓰기 1,919A,5,78,74,58,42,True,exact,42,128.4,0.0,128.4,146.6,140.6,180.6,0.167,0.6,147.9,18.3,0.125,19.5,26.2,4.89,128.5,0.1,False,108.9,0.179,1.249,16,21,350.108-001 M1471.001700-001 M1471.001900-001 M1471.000700-001 F11.101-014,0.202,True
52,생활과학대학,소비자아동학부,2학년,건강가정론 | 소비자와 정보 | 소비자지역연계프로젝트 | 소비자정량분석론 | 대학 글쓰기 1,GATE,5,78,74,58,42,True,exact,42,77.8,0.0,77.8,107.4,104.4,140.5,0.167,0.6,108.7,29.6,0.276,30.9,18.9,4.123,77.8,0.0,True,71.5,0.088,1.091,13,18,350.108-001 M1471.001700-001 M1471.001900-001 M1471.000700-001 F11.101-031,0.194,True
53,농업생명과학대학,농경제사회학부,4학년,식품마케팅 및 정보경영사례연구 | 지역정보학연구 | 농식품산업정보분석론 | 수학연습 2 | 논리학,919A,5,53,225,85,84,True,exact,84,162.1,0.0,162.1,173.5,176.2,190.3,0.0,0.0,173.5,11.4,0.066,11.4,36.2,4.477,162.1,0.0,True,146.6,0.105,0.891,15,21,5202.414-002 5202.415-001 M1683.001000-002 C20.106-001 F31.105L-016,0.152,True
53,농업생명과학대학,농경제사회학부,4학년,식품마케팅 및 정보경영사례연구 | 지역정보학연구 | 농식품산업정보분석론 | 수학연습 2 | 논리학,GATE,5,53,225,85,84,True,exact,84,140.1,0.0,140.1,152.4,153.5,166.9,0.0,0.0,152.4,12.3,0.081,12.3,35.5,3.949,140.1,0.0,True,135.8,0.032,0.835,15,21,5202.414-002 5202.415-001 M1683.001000-002 C20.106-001 F31.105L-027,0.174,True
54,사범대학,독어교육과,4학년,독문학교수법 | 독일문학과 상호문화 | 고급영어: 발표 | 대학영어 2: 말하기 | 인물로 본 한국사 | 건강과 삶,919A,6,21,96,88,42,True,exact,42,91.6,0.0,91.6,129.6,127.7,149.1,0.0,0.0,129.6,38.0,0.293,38.0,44.2,2.073,91.6,0.0,True,79.4,0.153,1.472,39,51,709.427-001 709.433-001 E43.101-001 C20.132-003 F21.303-001 F21.202-004,0.278,True
54,사범대학,독어교육과,4학년,독문학교수법 | 독일문학과 상호문화 | 고급영어: 발표 | 대학영어 2: 말하기 | 인물로 본 한국사 | 건강과 삶,GATE,6,21,96,88,42,True,exact,42,91.0,0.0,91.0,146.8,148.2,164.0,0.0,0.0,146.8,55.9,0.38,55.9,38.9,2.341,91.0,0.0,True,84.6,0.076,1.274,36,48,709.427-001 709.433-001 E43.101-001 C20.132-003 F21.303-001 F21.202-004,0.254,True
55,사범대학,영어교육과,1학년,영어독해 | 영미산문강독 | 심리학개론 | 스페인어권 문화의 이해 | 컴퓨팅 기초: 처음 만나는 컴퓨팅,919A,5,27,152,64,7,True,exact,7,132.2,0.0,132.2,132.7,132.2,136.3,0.0,0.0,132.7,0.6,0.004,0.6,43.9,3.012,132.2,0.0,True,115.5,0.145,0.203,3,8,M1848.000500-001 M1848.000300-001 C10.133-001 E11.146-001 F37.101-003,0.033,True
55,사범대학,영어교육과,1학년,영어독해 | 영미산문강독 | 심리학개론 | 스페인어권 문화의 이해 | 컴퓨팅 기초: 처음 만나는 컴퓨팅,GATE,5,27,152,64,7,True,exact,7,144.2,0.0,144.2,146.9,144.2,162.8,0.0,0.0,146.9,2.7,0.018,2.7,38.3,3.761,144.2,0.0,True,135.5,0.064,0.357,3,8,M1848.000500-001 M1848.000300-001 C10.133-001 E11.146-001 F37.101-003,0.025,True
56,사범대학,생물교육과,4학년,다문화 교육과정과 교수법 | 환경과 교육 | 대학영어 2: 글쓰기 | 베리타스 강좌 1: 스포츠로 배우는 경쟁과 협력 | 베리타스 실천: 영상 제작을 통해 대학을 재사유하기,919A,5,25,21,20,7,True,exact,7,122.6,0.0,122.6,124.3,124.4,126.2,0.0,0.0,124.3,1.7,0.014,1.7,34.9,3.509,123.0,0.42,False,105.2,0.165,0.373,7,12,M1878.000900-001 719.433-001 V10.125-001 V30.109-001 F21.201-001,0.058,True
56,사범대학,생물교육과,4학년,다문화 교육과정과 교수법 | 환경과 교육 | 대학영어 2: 글쓰기 | 베리타스 강좌 1: 스포츠로 배우는 경쟁과 협력 | 베리타스 실천: 영상 제작을 통해 대학을 재사유하기,GATE,5,25,21,20,7,True,exact,7,148.7,0.0,148.7,158.7,160.6,164.0,0.0,0.0,158.7,9.9,0.063,9.9,32.8,4.531,148.7,0.0,True,137.9,0.079,0.514,7,12,M1878.000900-001 719.433-001 V10.125-001 V30.109-001 F21.201-018,0.046,True
57,인문대학,고고미술사학과,3학년,인도의 미술 | 고고학실습 | 한국의 도자 | 문화유산관리와 박물관 | 대학 글쓰기 1,919A,5,78,74,58,31,True,exact,31,65.4,0.0,65.4,91.0,88.1,114.3,0.0,0.0,91.0,25.6,0.282,25.6,17.7,3.698,65.4,0.0,True,54.6,0.198,1.063,27,32,116.217B-001 116.303-001 116.323-001 116.222A-001 F11.101-063,0.22,True
57,인문대학,고고미술사학과,3학년,인도의 미술 | 고고학실습 | 한국의 도자 | 문화유산관리와 박물관 | 대학 글쓰기 1,GATE,5,78,74,58,31,True,exact,31,86.1,0.0,86.1,121.6,123.7,143.9,0.0,0.0,121.6,35.5,0.292,35.5,22.5,3.825,86.1,0.0,True,78.9,0.091,0.874,13,18,116.217B-001 116.303-001 116.323-001 116.222A-001 F11.101-024,0.133,True
58,사범대학,독어교육과,1학년,독일문화와생활 | 기초독문법 | 서양철학의 이해 | 인간관계의 심리학 | 생물학 | 수학연습 2,919A,6,59,2700,1020,45,True,exact,45,130.9,0.0,130.9,148.6,149.1,156.4,0.0,0.0,148.6,17.7,0.119,17.7,38.2,3.425,130.9,0.0,True,115.1,0.137,1.05,17,23,700.123-001 700.124-001 C20.123-003 E11.163-001 F35.103-003 F31.105L-004,0.182,True
58,사범대학,독어교육과,1학년,독일문화와생활 | 기초독문법 | 서양철학의 이해 | 인간관계의 심리학 | 생물학 | 수학연습 2,GATE,6,59,2700,1020,45,True,exact,45,140.9,0.0,140.9,164.1,165.6,171.7,0.0,0.0,164.1,23.2,0.141,23.2,34.5,4.082,140.9,0.0,True,132.2,0.066,1.009,17,23,700.123-001 700.124-001 C20.123-003 E11.163-001 F35.103-003 F31.105L-033,0.132,True
59,음악대학,관현악과,4학년,재즈입문 2 | 인문사회계를 위한 수학 1 | 베리타스 강좌 2: 예술과 법 | 화학실험 | 대학 글쓰기 2: 과학기술글쓰기 | 생물학실험,919A,6,69,18032,2904,938,True,exact,938,148.9,0.0,148.9,181.6,186.0,198.5,0.0,0.0,181.6,32.8,0.18,32.8,42.0,3.541,148.9,0.0,True,131.4,0.133,2.062,30,53,6532.4343-001 V20.101-001 F31.114-001 F34.103L-024 F11.203-020 F35.103L-018,0.333,True
59,음악대학,관현악과,4학년,재즈입문 2 | 인문사회계를 위한 수학 1 | 베리타스 강좌 2: 예술과 법 | 화학실험 | 대학 글쓰기 2: 과학기술글쓰기 | 생물학실험,GATE,6,69,18032,2904,938,True,exact,938,127.0,0.0,127.0,155.2,155.1,170.6,0.0,0.0,155.2,28.3,0.182,28.3,37.2,3.416,127.0,0.0,True,120.3,0.055,2.499,31,60,6532.4343-001 V20.101-001 F31.114-001 F34.103L-024 F11.203-020 F35.103L-018,0.472,True
60,농업생명과학대학,식물생산과학부,2학년,과수학 및 실험 | 산업인력개발 통계분석 및 실습 | 작물생리학 | 작물생태학 | 물리학실험,919A,5,12,8,8,5,True,exact,5,127.4,0.0,127.4,155.9,163.1,163.1,0.0,0.0,155.9,28.6,0.183,28.6,43.0,2.96,127.4,0.0,True,116.0,0.098,0.148,5,10,5172.203-001 M1671.000800-001 5171.205-001 5171.207-001 F33.105L-006,0.027,True
60,농업생명과학대학,식물생산과학부,2학년,과수학 및 실험 | 산업인력개발 통계분석 및 실습 | 작물생리학 | 작물생태학 | 물리학실험,GATE,5,12,8,8,5,True,exact,5,92.3,0.0,92.3,112.8,117.9,117.9,0.0,0.0,112.8,20.4,0.181,20.4,30.2,3.054,92.3,0.0,True,90.2,0.023,0.144,5,10,5172.203-001 M1671.000800-001 5171.205-001 5171.207-001 F33.105L-006,0.021,True
61,인문대학,국어국문학과,1학년,한국어연구입문 | 한국문학연구입문 | 스페인어권명작의 이해 | 말하기와 토론 | 불교철학의 이해,919A,5,11,12,12,4,True,exact,4,120.0,0.0,120.0,120.5,120.0,122.0,0.0,0.0,120.5,0.5,0.004,0.5,35.6,3.372,120.0,0.0,True,105.4,0.138,0.184,4,9,100.100-001 100.102-001 C10.134-001 E11.129-001 F12.102-001,0.036,True
61,인문대학,국어국문학과,1학년,한국어연구입문 | 한국문학연구입문 | 스페인어권명작의 이해 | 말하기와 토론 | 불교철학의 이해,GATE,5,11,12,12,4,True,exact,4,138.1,0.0,138.1,145.6,148.1,148.1,0.0,0.0,145.6,7.5,0.052,7.5,40.4,3.415,138.1,0.0,True,131.1,0.053,0.185,4,9,100.100-001 100.102-001 C10.134-001 E11.129-001 F12.102-006,0.026,True
62,공과대학,항공우주공학과,3학년,항공기구조역학 | 제트추진 | 항공우주 센서시스템 | 신화와 역사 | 대학영어 1,919A,5,59,55,54,34,True,exact,34,274.3,32.8,340.0,289.6,292.7,297.2,1.0,36.3,362.1,15.2,0.053,22.0,66.9,4.099,274.3,0.0,True,240.8,0.139,1.301,27,32,M2795.002400-001 M2795.002500-001 M3229.002500-001 E11.145-001 F21.101-045,0.225,True
62,공과대학,항공우주공학과,3학년,항공기구조역학 | 제트추진 | 항공우주 센서시스템 | 신화와 역사 | 대학영어 1,GATE,5,59,55,54,34,True,exact,34,285.1,32.8,350.8,304.1,310.0,313.6,1.0,36.3,376.6,19.0,0.062,25.8,63.4,4.498,285.1,0.0,True,256.3,0.112,1.123,17,22,M2795.002400-001 M2795.002500-001 M3229.002500-001 E11.145-001 F21.101-024,0.214,True
63,공과대학,조선해양공학과,3학년,친환경 선박해양 공정시스템 설계 | 선박해양설계이론 | 해양파역학 | 기초유한요소이론 | 초급한국어,919A,5,5,1,1,1,False,exact,1,159.7,0.0,159.7,159.7,159.7,159.7,0.0,0.0,159.7,0.0,0.0,0.0,39.9,4.003,159.7,0.0,True,145.5,0.097,0.069,1,6,M1513.002000-001 414.361-001 414.343-001 414.336-001 F27.101-001,0.014,True
63,공과대학,조선해양공학과,3학년,친환경 선박해양 공정시스템 설계 | 선박해양설계이론 | 해양파역학 | 기초유한요소이론 | 초급한국어,GATE,5,5,1,1,1,False,exact,1,164.8,0.0,164.8,164.8,164.8,164.8,0.0,0.0,164.8,0.0,0.0,0.0,38.0,4.34,164.8,0.0,True,157.0,0.05,0.065,1,6,M1513.002000-001 414.361-001 414.343-001 414.336-001 F27.101-001,0.01,True
64,사범대학,교육학과,2학년,후기근대적 인간관과 교육 | 교육사 | 대학영어 2: 말하기 | 대학영어 1 | 대학 글쓰기 1,919A,5,143,48840,34452,4272,True,exact,4272,69.6,0.0,69.6,120.7,121.4,155.7,0.0,0.0,120.7,51.1,0.424,51.1,18.2,3.813,69.6,0.0,True,58.7,0.184,7.673,39,52,M1831.005300-001 701.411A-001 F21.202-012 F21.101-045 F11.101-058,0.788,True
64,사범대학,교육학과,2학년,후기근대적 인간관과 교육 | 교육사 | 대학영어 2: 말하기 | 대학영어 1 | 대학 글쓰기 1,GATE,5,143,48840,34452,4272,True,exact,4272,97.6,0.0,97.6,151.3,154.5,183.7,0.0,0.0,151.3,53.7,0.355,53.7,22.6,4.322,97.6,0.0,True,91.0,0.072,7.161,33,46,M1831.005300-001 701.411A-001 F21.202-002 F21.101-017 F11.101-048,0.809,True
65,인문대학,중어중문학과,4학년,중국의 놀이와 노래 | 중국사회문화론특강 | 중국어발표와 토론 | 컴퓨팅 응용: 자연어처리의 기초 | 예술과 과학 | 대학영어 1,919A,6,61,110,108,22,True,exact,22,132.3,0.0,132.3,150.1,157.2,161.0,0.0,0.0,150.1,17.8,0.119,17.8,30.9,4.276,132.8,0.44,False,116.5,0.135,1.225,13,19,M1234.001500-001 102.422-001 102.424-001 F37.303-001 C10.144-001 F21.101-054,0.234,True
65,인문대학,중어중문학과,4학년,중국의 놀이와 노래 | 중국사회문화론특강 | 중국어발표와 토론 | 컴퓨팅 응용: 자연어처리의 기초 | 예술과 과학 | 대학영어 1,GATE,6,61,110,108,22,True,exact,22,128.3,0.0,128.3,149.8,155.0,161.3,0.0,0.0,149.8,21.5,0.144,21.5,31.1,4.125,128.3,0.0,True,122.4,0.048,0.994,13,19,M1234.001500-001 102.422-001 102.424-001 F37.303-001 C10.144-001 F21.101-029,0.439,True
66,미술대학,디자인과,3학년,아이덴티티디자인 | 인간행태와디자인 | 3D그래픽디자인 | 공간디자인 | 베리타스 실천: 인간인지와 인공지능 | 소그룹 고전원전읽기 1,919A,6,21,16,16,10,True,exact,10,123.0,0.0,123.0,125.7,125.8,127.4,0.0,0.0,125.7,2.7,0.021,2.7,34.4,3.577,123.0,0.0,True,104.8,0.174,0.703,10,16,M1774.000300-001 M1774.002000-001 M3389.002200-001 M3389.002900-001 V30.117-001 E52.103-011,0.12,True
66,미술대학,디자인과,3학년,아이덴티티디자인 | 인간행태와디자인 | 3D그래픽디자인 | 공간디자인 | 베리타스 실천: 인간인지와 인공지능 | 소그룹 고전원전읽기 1,GATE,6,21,16,16,10,True,exact,10,116.5,0.0,116.5,119.3,119.2,122.2,0.0,0.0,119.3,2.8,0.024,2.8,31.7,3.676,116.5,0.0,True,108.3,0.076,0.502,10,16,M1774.000300-001 M1774.002000-001 M3389.002200-001 M3389.002900-001 V30.117-001 E52.103-016,0.083,True
67,사회과학대학,사회복지학과,3학년,사회복지현장실습 | 장애와 사회: 장애인복지의 이해 | 사회복지법제와 실천 | 힌디어 2 | 심리학개론 | 대학 글쓰기 2: 과학기술글쓰기,919A,6,36,112,44,12,True,exact,12,188.2,0.0,188.2,188.9,188.2,195.8,0.0,0.0,188.9,0.7,0.004,0.7,37.1,5.07,188.2,0.0,True,164.4,0.145,0.267,5,11,209.319-001 M1311.005100-001 M1311.002200-001 F29.127-001 E11.146-002 F11.203-015,0.048,True
67,사회과학대학,사회복지학과,3학년,사회복지현장실습 | 장애와 사회: 장애인복지의 이해 | 사회복지법제와 실천 | 힌디어 2 | 심리학개론 | 대학 글쓰기 2: 과학기술글쓰기,GATE,6,36,112,44,12,True,exact,12,134.6,0.0,134.6,138.2,136.5,159.1,0.0,0.0,138.2,3.6,0.026,3.6,30.0,4.49,134.6,0.0,True,127.8,0.053,0.265,5,11,209.319-001 M1311.005100-001 M1311.002200-001 F29.127-001 E11.146-002 F11.203-020,0.035,True
68,약학대학,약학대학,2학년,비판적 심화탐구 | 의약품개발사 | 약학리더십 | 약화학 2 | 직업세계의 이해와 진로설계 | 남북분단과 한국전쟁,919A,6,7,2,2,1,False,exact,1,127.7,0.0,127.7,127.7,127.7,127.7,0.0,0.0,127.7,0.0,0.0,0.0,50.8,2.514,127.7,0.0,True,112.2,0.138,0.118,1,7,M2175.004900-001 M2175.005100-001 M2175.005000-001 M2175.013000-001 E11.175-001 C20.105-002,0.027,True
68,약학대학,약학대학,2학년,비판적 심화탐구 | 의약품개발사 | 약학리더십 | 약화학 2 | 직업세계의 이해와 진로설계 | 남북분단과 한국전쟁,GATE,6,7,2,2,1,False,exact,1,125.4,0.0,125.4,125.4,125.4,125.4,0.0,0.0,125.4,0.0,0.0,0.0,39.6,3.164,125.4,0.0,True,115.9,0.083,0.11,1,7,M2175.004900-001 M2175.005100-001 M2175.005000-001 M2175.013000-001 E11.175-001 C20.105-002,0.017,True
69,인문대학,영어영문학과,3학년,영문학과 몸 | 근대영시 | 영어의미의 이해 | 음악과 사회 | 수학연습 2,919A,5,51,135,51,31,True,exact,31,156.0,0.0,156.0,157.9,157.1,163.8,0.0,0.0,157.9,1.9,0.012,1.9,41.0,3.805,156.4,0.43,False,135.4,0.152,0.597,11,16,M1236.005900-001 M1236.006300-001 M1236.003400-001 C10.146-003 F31.105L-017,0.166,True
69,인문대학,영어영문학과,3학년,영문학과 몸 | 근대영시 | 영어의미의 이해 | 음악과 사회 | 수학연습 2,GATE,5,51,135,51,31,True,exact,31,154.5,0.0,154.5,164.9,165.3,171.2,0.0,0.0,164.9,10.3,0.063,10.3,34.4,4.493,154.5,0.0,True,144.8,0.068,0.562,12,17,M1236.005900-001 M1236.006300-001 M1236.003400-001 C10.146-003 F31.105L-033,0.104,True
70,생활과학대학,소비자아동학부,4학년,아동상담론 | 아동문학교육 | 아동가족과 법 | 글로벌시장과 소비자 | 대학 글쓰기 2: 인문학글쓰기,919A,5,24,20,15,8,True,exact,8,112.2,0.0,112.2,117.0,117.4,119.5,0.0,0.0,117.0,4.8,0.041,4.8,31.9,3.514,112.2,0.0,True,95.2,0.178,0.218,6,11,M2808.002400-001 M2808.003900-001 M2808.003300-001 M1471.000200-001 F11.201-020,0.038,True
70,생활과학대학,소비자아동학부,4학년,아동상담론 | 아동문학교육 | 아동가족과 법 | 글로벌시장과 소비자 | 대학 글쓰기 2: 인문학글쓰기,GATE,5,24,20,15,8,True,exact,8,89.7,0.0,89.7,100.0,97.6,106.7,0.0,0.0,100.0,10.4,0.104,10.4,27.8,3.22,89.7,0.0,True,82.7,0.085,0.22,6,11,M2808.002400-001 M2808.003900-001 M2808.003300-001 M1471.000200-001 F11.201-020,0.032,True
71,인문대학,아시아언어문명학부,2학년,아시아문명교류사 | 고대서아시아 신화와 문학 | 일본 전통 문화와 예술 | 동남아시아의 전통예술과 대중문화 | 베리타스 강좌 1: 나 찾기-몸·마음·영혼,919A,5,5,1,1,1,False,exact,1,85.6,0.0,85.6,85.6,85.6,85.6,0.0,0.0,85.6,0.0,0.0,0.0,21.7,3.946,85.6,0.0,True,72.6,0.18,0.081,1,6,1003.321-001 1003.233-002 1003.274-001 M2751.000400-001 V10.124-001,0.046,True
71,인문대학,아시아언어문명학부,2학년,아시아문명교류사 | 고대서아시아 신화와 문학 | 일본 전통 문화와 예술 | 동남아시아의 전통예술과 대중문화 | 베리타스 강좌 1: 나 찾기-몸·마음·영혼,GATE,5,5,1,1,1,False,exact,1,125.4,0.0,125.4,125.4,125.4,125.4,0.0,0.0,125.4,0.0,0.0,0.0,30.3,4.137,125.4,0.0,True,117.4,0.068,0.079,1,6,1003.321-001 1003.233-002 1003.274-001 M2751.000400-001 V10.124-001,0.015,True
72,농업생명과학대학,농경제사회학부,3학년,공간경제의 이해 | 시장개방과 농산물무역 | 농식품유통의 이론과 실제 | 생산경제학 | 철학개론,919A,5,8,4,4,1,False,exact,1,144.0,0.0,144.0,144.0,144.0,144.0,0.0,0.0,144.0,0.0,0.0,0.0,35.6,4.046,144.0,0.0,True,129.9,0.109,0.118,1,6,5202.205-001 5201.309-001 5201.305A-001 5201.303-001 C20.141-002,0.022,True
72,농업생명과학대학,농경제사회학부,3학년,공간경제의 이해 | 시장개방과 농산물무역 | 농식품유통의 이론과 실제 | 생산경제학 | 철학개론,GATE,5,8,4,4,1,False,exact,1,133.5,0.0,133.5,133.5,133.5,133.5,0.0,0.0,133.5,0.0,0.0,0.0,32.5,4.112,133.5,0.0,True,128.7,0.037,0.109,1,6,5202.205-001 5201.309-001 5201.305A-001 5201.303-001 C20.141-002,0.016,True
73,인문대학,노어노문학과,1학년,세계속의 러시아어 | 21세기 러시아 문학 | 고급수학연습 2 | 물리학실험 2 | 수학 2,919A,5,83,7644,840,3852,True,exact,3852,132.1,0.0,132.1,163.6,168.6,185.9,0.062,0.0,163.7,31.6,0.193,31.7,32.6,4.052,132.1,0.0,True,116.0,0.139,6.831,194,232,100.121-001 M1242.002700-001 F31.107L-003 F33.107L-042 F31.105-006,1.522,True
73,인문대학,노어노문학과,1학년,세계속의 러시아어 | 21세기 러시아 문학 | 고급수학연습 2 | 물리학실험 2 | 수학 2,GATE,5,83,7644,840,3852,True,exact,3852,127.2,0.0,127.2,152.0,153.5,163.2,0.062,0.0,152.1,24.8,0.163,24.9,29.2,4.353,127.4,0.18,False,121.5,0.047,6.154,167,200,100.121-001 M1242.002700-001 F31.107L-003 F33.107L-042 F31.105-023,1.75,True
74,미술대학,동양화과,2학년,전통채색기법 2 | 회화재료와 기법 | 서예와 전각 2 | 한국미술사 | 대학 글쓰기 2: 인문학글쓰기 | 대학 글쓰기 1,919A,6,98,1480,870,111,True,exact,111,101.8,0.0,101.8,129.1,132.1,153.8,0.0,0.0,129.1,27.3,0.211,27.3,22.5,4.528,101.8,0.0,True,86.5,0.177,3.26,33,42,601.202A-001 601.214A-001 601.212A-001 600.230-001 F11.201-020 F11.101-077,1.48,True
74,미술대학,동양화과,2학년,전통채색기법 2 | 회화재료와 기법 | 서예와 전각 2 | 한국미술사 | 대학 글쓰기 2: 인문학글쓰기 | 대학 글쓰기 1,GATE,6,98,1480,870,111,True,exact,111,107.9,0.0,107.9,134.4,138.7,169.4,0.0,0.0,134.4,26.5,0.197,26.5,21.8,4.946,107.9,0.0,True,99.5,0.084,2.921,28,37,601.202A-001 601.214A-001 601.212A-001 600.230-001 F11.201-020 F11.101-014,3.74,True
75,공과대학,건설환경도시공학부,3학년,도시설계 | 토양환경생태공학 | 원격탐사 | 건설시공학 | 인간관계의 심리학 | 대학영어 1,919A,6,63,220,216,74,True,exact,74,150.8,0.0,150.8,180.6,186.0,193.7,0.0,0.0,180.6,29.9,0.165,29.9,44.3,3.406,150.8,0.0,True,134.2,0.124,2.112,28,37,457.302-001 M1586.000100-001 457.402-001 457.308-001 E11.163-002 F21.101-031,0.931,True
75,공과대학,건설환경도시공학부,3학년,도시설계 | 토양환경생태공학 | 원격탐사 | 건설시공학 | 인간관계의 심리학 | 대학영어 1,GATE,6,63,220,216,74,True,exact,74,166.2,0.0,166.2,201.4,204.8,219.2,0.0,0.0,201.4,35.2,0.175,35.2,39.1,4.251,166.2,0.0,True,153.6,0.082,1.611,19,27,457.302-001 M1586.000100-001 457.402-001 457.308-001 E11.163-002 F21.101-042,3.28,True
76,사범대학,교육학과,2학년,후기근대적 인간관과 교육 | 교육사 | 수학 2 | 동양철학의 이해 | 베리타스 강좌 1: 나 찾기-몸·마음·영혼,919A,5,32,78,42,24,True,exact,24,93.0,0.0,93.0,109.8,116.7,131.8,0.083,0.1,110.1,16.8,0.153,17.1,32.0,2.903,93.0,0.0,True,81.7,0.138,0.586,12,18,M1831.005300-001 701.411A-001 V10.124-001 C20.113-003 F31.105-003,0.202,True
76,사범대학,교육학과,2학년,후기근대적 인간관과 교육 | 교육사 | 수학 2 | 동양철학의 이해 | 베리타스 강좌 1: 나 찾기-몸·마음·영혼,GATE,5,32,78,42,24,True,exact,24,110.8,0.0,110.8,126.9,133.0,135.9,0.083,0.1,127.2,16.1,0.127,16.4,35.4,3.129,110.8,0.0,True,103.7,0.068,0.496,13,19,M1831.005300-001 701.411A-001 V10.124-001 C20.113-003 F31.105-006,0.171,True
77,사범대학,영어교육과,3학년,영어작문 2 | 영어통사론 | 영어교수법 | 영어 교육방법 및 교육공학 | 창작의 세계,919A,5,7,3,3,3,False,exact,3,88.3,0.0,88.3,88.3,88.3,88.3,0.0,0.0,88.3,0.0,0.0,0.0,22.8,3.88,88.3,0.0,True,76.6,0.153,0.128,3,8,707.323-001 707.313-001 707.325-001 C10.155-001 707.215-001,0.033,True
77,사범대학,영어교육과,3학년,영어작문 2 | 영어통사론 | 영어교수법 | 영어 교육방법 및 교육공학 | 창작의 세계,GATE,5,7,3,3,3,False,exact,3,142.2,0.0,142.2,142.2,142.2,142.2,0.0,0.0,142.2,0.0,0.0,0.0,33.5,4.243,142.2,0.0,True,132.0,0.077,0.106,3,8,707.323-001 707.313-001 707.325-001 C10.155-001 707.215-001,0.031,True
78,사회과학대학,경제학부,1학년,경제원론 1 | 경제원론 2 | 도스토예프스키와 톨스토이 | 대학 글쓰기 1 | 프랑스어권 문화의 이해 | 죽음의 과학적 이해,919A,6,84,1332,1044,173,True,exact,173,115.7,0.0,115.7,150.9,150.0,184.0,0.0,0.0,150.9,35.1,0.233,35.1,23.6,4.896,115.7,0.0,True,97.9,0.182,3.228,35,49,C10.107-001 E11.174-001 C10.157-004 200.105-001 200.106-002 F11.101-070,1.39,True
78,사회과학대학,경제학부,1학년,경제원론 1 | 경제원론 2 | 도스토예프스키와 톨스토이 | 대학 글쓰기 1 | 프랑스어권 문화의 이해 | 죽음의 과학적 이해,GATE,6,84,1332,1044,173,True,exact,173,102.3,0.0,102.3,144.9,148.4,178.8,0.0,0.0,144.9,42.6,0.294,42.6,20.5,4.985,102.3,0.0,True,93.8,0.091,3.942,66,81,C10.107-001 E11.174-001 C10.157-004 200.105-001 200.106-002 F11.101-051,1.811,True
79,공과대학,산업공학과,4학년,기술경영 프로젝트 | 최적화알고리즘 | 금융공학개론 | 직업세계의 이해와 진로설계 | 대학 글쓰기 2: 인문학글쓰기 | 조선의 역사적 성취와 유산,919A,6,26,40,30,24,True,exact,24,207.5,0.0,207.5,211.4,212.0,214.6,0.0,0.0,211.4,3.9,0.019,3.9,62.0,3.347,207.5,0.0,True,188.6,0.1,0.611,12,19,M1540.000300-001 M1505.002000-001 406.433-001 E11.175-001 C20.135-002 F11.201-009,0.292,True
79,공과대학,산업공학과,4학년,기술경영 프로젝트 | 최적화알고리즘 | 금융공학개론 | 직업세계의 이해와 진로설계 | 대학 글쓰기 2: 인문학글쓰기 | 조선의 역사적 성취와 유산,GATE,6,26,40,30,24,True,exact,24,194.8,0.0,194.8,203.3,203.2,210.9,0.0,0.0,203.3,8.5,0.042,8.5,47.0,4.142,194.8,0.0,True,187.0,0.041,0.745,13,20,M1540.000300-001 M1505.002000-001 406.433-001 E11.175-001 C20.135-001 F11.201-001,0.258,True
80,사범대학,수학교육과,3학년,위상수학 1 | 수학교재연구 및 지도법 | 실해석과 다변수해석 | 인공지능과 수학교육 | 컴퓨팅 기초: 처음 만나는 컴퓨팅 | 생물학,919A,6,28,95,40,7,True,exact,7,120.4,0.0,120.4,140.3,138.7,149.6,0.286,0.5,141.2,19.9,0.142,20.8,34.3,3.515,120.4,0.0,True,106.9,0.127,0.297,4,11,715.401-001 715.313A-001 M1867.001200-001 M1867.000600-001 F35.103-003 F37.101-006,0.073,True
80,사범대학,수학교육과,3학년,위상수학 1 | 수학교재연구 및 지도법 | 실해석과 다변수해석 | 인공지능과 수학교육 | 컴퓨팅 기초: 처음 만나는 컴퓨팅 | 생물학,GATE,6,28,95,40,7,True,exact,7,162.2,0.0,162.2,173.2,168.2,184.5,0.286,0.5,174.1,11.0,0.063,11.9,39.0,4.16,162.2,0.0,True,152.6,0.063,0.473,4,11,715.401-001 715.313A-001 M1867.001200-001 M1867.000600-001 F35.103-003 F37.101-006,0.057,True
81,인문대학,역사학부,4학년,역사학 논문쓰기 2 | 역사학 논문쓰기 3 | 동아시아역사고전독해 | 일본사특강 | 대학 글쓰기 2: 과학기술글쓰기,919A,5,32,28,11,8,True,exact,8,73.7,0.0,73.7,102.8,109.6,109.6,0.0,0.0,102.8,29.1,0.283,29.1,17.7,4.174,73.7,0.0,True,62.8,0.174,0.135,4,9,M3533.000600-001 M3533.000800-001 M3545.002200-002 M3545.000700-002 F11.203-010,0.037,True
81,인문대학,역사학부,4학년,역사학 논문쓰기 2 | 역사학 논문쓰기 3 | 동아시아역사고전독해 | 일본사특강 | 대학 글쓰기 2: 과학기술글쓰기,GATE,5,32,28,11,8,True,exact,8,124.4,0.0,124.4,146.1,151.6,151.6,0.0,0.0,146.1,21.6,0.148,21.6,30.1,4.13,124.4,0.0,True,117.1,0.062,0.127,4,9,M3533.000600-001 M3533.000800-001 M3545.002200-002 M3545.000700-002 F11.203-020,0.034,True
82,미술대학,조소과,3학년,인공지능 예술 실습 | 현대조각론 2 | 현대매체예술사 | 미디어 아트 | 죽음의 과학적 이해 | 초급프랑스어 1,919A,6,14,9,9,1,False,exact,1,140.7,0.0,140.7,140.7,140.7,140.7,0.0,0.0,140.7,0.0,0.0,0.0,32.1,4.384,140.7,0.0,True,119.3,0.179,0.293,1,7,M1783.000200-001 603.414-002 613.302-001 613.357A-001 E11.174-001 F26.101-001,0.061,True
82,미술대학,조소과,3학년,인공지능 예술 실습 | 현대조각론 2 | 현대매체예술사 | 미디어 아트 | 죽음의 과학적 이해 | 초급프랑스어 1,GATE,6,14,9,9,1,False,exact,1,142.5,0.0,142.5,142.5,142.5,142.5,0.0,0.0,142.5,0.0,0.0,0.0,28.2,5.049,142.5,0.0,True,131.6,0.083,0.25,1,7,M1783.000200-001 603.414-002 613.302-001 613.357A-001 E11.174-001 F26.101-001,0.043,True
83,사범대학,영어교육과,3학년,미국문학과 미국문화의 이해 | 영어작문 2 | 영어 교육방법 및 교육공학 | 영어통사론 | 수학연습 2 | 지구과학실험,919A,6,52,135,51,90,True,exact,90,97.5,0.0,97.5,100.1,97.8,114.1,0.167,0.2,100.5,2.6,0.026,3.0,33.2,2.938,97.5,0.0,True,85.6,0.139,1.032,25,33,707.309A-001 707.325-001 707.323-001 F36.102L-001 707.215-003 F31.105L-021,0.466,True
83,사범대학,영어교육과,3학년,미국문학과 미국문화의 이해 | 영어작문 2 | 영어 교육방법 및 교육공학 | 영어통사론 | 수학연습 2 | 지구과학실험,GATE,6,52,135,51,90,True,exact,90,148.4,0.0,148.4,152.5,150.2,172.9,0.167,0.2,152.9,4.1,0.027,4.4,36.1,4.111,148.4,0.0,True,138.4,0.072,1.027,28,36,707.309A-001 707.325-001 707.323-001 F36.102L-001 707.215-002 F31.105L-002,0.43,True
84,미술대학,동양화과,2학년,전통수묵기법 2 | 한국미술사 | 서예와 전각 2 | 소묘 2 | 생물학실험 | 고급영어: 문화와 사회,919A,6,30,69,36,14,True,exact,14,136.6,0.0,136.6,138.2,139.1,139.1,0.0,0.0,138.2,1.7,0.012,1.7,36.3,3.766,136.6,0.0,True,116.1,0.176,0.302,7,13,601.204A-001 600.230-001 601.212A-001 601.206-001 F21.302-003 F35.103L-018,0.098,True
84,미술대학,동양화과,2학년,전통수묵기법 2 | 한국미술사 | 서예와 전각 2 | 소묘 2 | 생물학실험 | 고급영어: 문화와 사회,GATE,6,30,69,36,14,True,exact,14,141.0,0.0,141.0,141.3,141.4,141.4,0.0,0.0,141.3,0.3,0.002,0.3,30.7,4.598,141.0,0.0,True,132.0,0.068,0.331,7,13,601.204A-001 600.230-001 601.212A-001 601.206-001 F21.302-003 F35.103L-018,0.096,True
85,공과대학,기계공학부,3학년,광학 이론 및 설계 | 로봇공학입문 | 기계공학실험 | 메카트로닉스 종합설계 | 글쓰기 세미나 | 공학수학 2,919A,6,23,192,60,30,True,exact,30,292.2,0.0,292.2,298.4,294.0,313.9,0.6,8.9,316.3,6.2,0.021,24.1,41.9,6.981,292.2,0.0,True,262.3,0.114,0.394,8,15,M3228.003400-001 M2794.002700-001 M3228.003900-001 M2794.013200-002 F31.202-003 E52.102-011,0.16,True
85,공과대학,기계공학부,3학년,광학 이론 및 설계 | 로봇공학입문 | 기계공학실험 | 메카트로닉스 종합설계 | 글쓰기 세미나 | 공학수학 2,GATE,6,23,192,60,30,True,exact,30,347.6,0.0,347.6,350.2,347.7,360.7,0.6,8.9,368.1,2.7,0.008,20.6,48.2,7.208,347.6,0.0,True,312.6,0.112,0.401,8,15,M3228.003400-001 M2794.002700-001 M3228.003900-001 M2794.013200-002 F31.202-003 E52.102-010,0.118,True
86,수의과대학,수의과대학,3학년,수의영상의학 2 | 수의산과학 2 | 야생동물의학 | 대동물내과학 | 물리학실험,919A,5,12,8,8,5,False,exact,5,215.5,0.0,215.5,215.5,215.5,215.5,0.0,0.0,215.5,0.0,0.0,0.0,56.7,3.802,215.5,0.0,True,195.6,0.102,0.132,5,10,M1744.008100-001 M1744.008000-001 M1744.008300-001 M1744.007900-001 F33.105L-002,0.044,True
86,수의과대학,수의과대학,3학년,수의영상의학 2 | 수의산과학 2 | 야생동물의학 | 대동물내과학 | 물리학실험,GATE,5,12,8,8,5,False,exact,5,124.7,0.0,124.7,124.7,124.7,124.7,0.0,0.0,124.7,0.0,0.0,0.0,41.2,3.024,124.7,0.0,True,117.5,0.061,0.131,5,10,M1744.008100-001 M1744.008000-001 M1744.008300-001 M1744.007900-001 F33.105L-002,0.039,True
87,사범대학,영어교육과,2학년,영어작문 1 | 영어회화 2 | 영어교과교육론 | 영국문학과 영국문화의 이해 A | 컴퓨터의 개념 및 실습 | 한국정치의 분석과 이해,919A,6,11,18,18,12,True,exact,12,132.8,0.0,132.8,139.4,139.4,146.0,0.0,0.0,139.4,6.6,0.047,6.6,33.5,3.961,132.8,0.0,True,115.6,0.149,0.548,11,23,707.213A-001 707.319B-001 C30.138-001 707.214-001 707.205-001 F37.202-005,0.224,True
87,사범대학,영어교육과,2학년,영어작문 1 | 영어회화 2 | 영어교과교육론 | 영국문학과 영국문화의 이해 A | 컴퓨터의 개념 및 실습 | 한국정치의 분석과 이해,GATE,6,11,18,18,12,True,exact,12,189.3,0.0,189.3,192.8,192.8,196.3,0.0,0.0,192.8,3.5,0.018,3.5,33.0,5.731,189.3,0.0,True,176.8,0.07,0.576,10,22,707.213A-001 707.319B-001 C30.138-001 707.214-001 707.205-001 F37.202-001,0.196,True
88,인문대학,철학과,2학년,송명대 신유학 | 서양근대철학 | 도가철학 | 사회철학 | 대학영어 1,919A,5,59,55,54,36,True,exact,36,88.2,0.0,88.2,105.3,107.4,116.6,0.0,0.0,105.3,17.1,0.162,17.1,19.9,4.433,88.2,0.0,True,74.1,0.191,1.199,35,40,113.455-001 113.360-001 M1252.000200-001 113.345-001 F21.101-048,0.619,True
88,인문대학,철학과,2학년,송명대 신유학 | 서양근대철학 | 도가철학 | 사회철학 | 대학영어 1,GATE,5,59,55,54,36,True,exact,36,125.0,0.0,125.0,145.9,152.7,163.4,0.0,0.0,145.9,20.9,0.143,20.9,25.2,4.963,125.0,0.0,True,118.4,0.056,1.21,35,40,113.455-001 113.360-001 M1252.000200-001 113.345-001 F21.101-030,0.534,True
89,공과대학,화학생물공학부,1학년,화학생물공학개론 | 화학생물공학의 이해 | 논리학 | 대학영어 2: 말하기 | 초급독일어 1,919A,5,28,540,495,223,True,exact,223,272.0,50.2,372.5,283.6,281.8,309.3,1.0,79.2,442.0,11.6,0.041,69.5,59.6,4.563,272.0,0.0,True,238.3,0.142,2.372,25,41,400.023-001 M1587.001500-001 C20.106-001 F22.101-006 F21.202-008,0.998,True
89,공과대학,화학생물공학부,1학년,화학생물공학개론 | 화학생물공학의 이해 | 논리학 | 대학영어 2: 말하기 | 초급독일어 1,GATE,5,28,540,495,223,True,exact,223,313.1,50.2,413.6,319.6,316.6,348.1,1.0,79.2,478.1,6.5,0.02,64.5,66.7,4.694,313.1,0.0,True,281.3,0.113,2.165,25,40,400.023-001 M1587.001500-001 C20.106-001 F22.101-006 F21.202-007,1.002,True
90,공과대학,기계공학부,1학년,고체역학 | 공학수학 3 | 도덕적 추론 | 초급스페인어 1 | 수학연습 2,919A,5,64,720,272,467,True,exact,467,223.5,29.1,281.8,269.2,278.6,298.8,1.0,54.0,377.1,45.7,0.17,95.4,53.4,4.186,223.5,0.0,True,196.1,0.14,3.335,71,81,M2794.001000-001 400.003-001 C20.107-001 F24.101-014 F31.105L-033,6.023,True
90,공과대학,기계공학부,1학년,고체역학 | 공학수학 3 | 도덕적 추론 | 초급스페인어 1 | 수학연습 2,GATE,5,64,720,272,467,True,exact,467,238.3,29.1,296.6,289.9,306.4,329.7,1.0,54.0,397.9,51.7,0.178,101.3,58.0,4.108,238.3,0.0,True,210.4,0.132,3.203,69,79,M2794.001000-001 400.003-001 C20.107-001 F24.101-014 F31.105L-033,1.464,True
91,인문대학,언어학과,1학년,세계의 언어 | 언어와 컴퓨터 | 물리학실험 | 남북분단과 한국전쟁 | 대학 글쓰기 2: 과학기술글쓰기,919A,5,40,448,176,180,True,exact,180,97.1,0.0,97.1,146.9,149.1,184.0,0.0,0.0,146.9,49.8,0.339,49.8,30.6,3.173,97.1,0.0,True,83.5,0.163,1.541,34,47,100.132-001 100.130-001 C20.105-002 F33.105L-004 F11.203-010,1.077,True
91,인문대학,언어학과,1학년,세계의 언어 | 언어와 컴퓨터 | 물리학실험 | 남북분단과 한국전쟁 | 대학 글쓰기 2: 과학기술글쓰기,GATE,5,40,448,176,180,True,exact,180,143.2,0.0,143.2,181.4,181.1,209.2,0.0,0.0,181.4,38.2,0.21,38.2,34.2,4.19,143.2,0.0,True,133.0,0.077,1.344,28,39,100.132-001 100.130-001 C20.105-002 F33.105L-004 F11.203-010,0.645,True
92,사범대학,체육교육과,1학년,기능해부학 | 체육논리및논술 | 수학 2 | 죽음의 과학적 이해 | 논리학 | 대학 글쓰기 1,919A,6,108,9620,4060,2734,True,exact,2734,153.4,0.0,153.4,176.0,177.0,214.3,0.467,2.4,180.9,22.6,0.128,27.5,41.2,3.726,153.4,0.0,True,134.9,0.137,19.621,266,306,722.249-001 722.431A-001 E11.174-001 C20.106-002 F31.105-002 F11.101-073,6.211,True
92,사범대학,체육교육과,1학년,기능해부학 | 체육논리및논술 | 수학 2 | 죽음의 과학적 이해 | 논리학 | 대학 글쓰기 1,GATE,6,108,9620,4060,2734,True,exact,2734,109.1,0.0,109.1,145.9,146.4,181.9,0.467,2.4,150.8,36.8,0.252,41.7,27.8,3.926,109.1,0.0,True,103.0,0.059,13.271,171,199,722.249-001 722.431A-001 E11.174-001 C20.106-005 F31.105-018 F11.101-063,3.105,True
93,인문대학,서어서문학과,3학년,영화의 역사 | 스페인희곡 | 중남미시연습 | 라틴아메리카와 세계 | 한국현대시 읽기,919A,5,5,1,1,1,False,exact,1,111.7,0.0,111.7,111.7,111.7,111.7,0.0,0.0,111.7,0.0,0.0,0.0,21.3,5.233,111.7,0.0,True,93.2,0.198,0.091,1,6,M3699.000200-001 107.329-001 107.335-001 M1245.000500-001 C10.167-001,0.024,True
93,인문대학,서어서문학과,3학년,영화의 역사 | 스페인희곡 | 중남미시연습 | 라틴아메리카와 세계 | 한국현대시 읽기,GATE,5,5,1,1,1,False,exact,1,146.0,0.0,146.0,146.0,146.0,146.0,0.0,0.0,146.0,0.0,0.0,0.0,26.7,5.476,146.0,0.0,True,137.9,0.059,0.068,1,6,M3699.000200-001 107.329-001 107.335-001 M1245.000500-001 C10.167-001,0.013,True
94,인문대학,종교학과,3학년,종교철학 | 현대종교 | 종교와 젠더 | 한국종교 | 대학 글쓰기 1,919A,5,78,74,58,55,True,exact,55,93.1,0.0,93.1,111.7,116.3,129.7,0.0,0.0,111.7,18.6,0.166,18.6,19.7,4.721,93.1,0.0,True,79.1,0.178,1.526,37,42,114.302-001 114.411-001 M1261.001200-001 114.322-001 F11.101-030,0.36,True
94,인문대학,종교학과,3학년,종교철학 | 현대종교 | 종교와 젠더 | 한국종교 | 대학 글쓰기 1,GATE,5,78,74,58,55,True,exact,55,121.2,0.0,121.2,138.1,140.9,161.3,0.0,0.0,138.1,16.9,0.123,16.9,21.8,5.562,121.2,0.0,True,113.8,0.065,1.414,27,32,114.302-001 114.411-001 M1261.001200-001 114.322-001 F11.101-051,0.253,True
95,사회과학대학,인류학과,4학년,종교문화의 이해 | 몸의 인류학 | 생물학 | 대기과학실험 | 컴퓨팅 기초: 처음 만나는 컴퓨팅 | 알타이민족의 언어,919A,6,30,285,120,22,True,exact,22,161.2,0.0,161.2,192.1,190.6,210.9,0.227,0.0,192.1,30.9,0.161,30.9,50.2,3.21,161.2,0.0,True,142.6,0.13,0.751,8,20,206.425A-001 206.454-001 C10.137-001 F36.101L-003 F35.103-002 F37.101-006,0.109,True
95,사회과학대학,인류학과,4학년,종교문화의 이해 | 몸의 인류학 | 생물학 | 대기과학실험 | 컴퓨팅 기초: 처음 만나는 컴퓨팅 | 알타이민족의 언어,GATE,6,30,285,120,22,True,exact,22,129.0,0.0,129.0,163.6,164.2,185.5,0.227,0.0,163.6,34.6,0.211,34.6,40.8,3.164,129.0,0.0,True,122.9,0.049,0.603,7,18,206.425A-001 206.454-001 C10.137-001 F36.101L-003 F35.103-002 F37.101-006,0.074,True
96,자연과학대학,생명과학부,4학년,시스템 신경과학 개론 | 면역학 | 진화생물학 | 생물학 | 대학 글쓰기 2: 과학기술글쓰기,919A,5,36,140,55,69,True,exact,69,200.6,0.0,200.6,214.7,214.2,227.6,0.0,0.0,214.7,14.1,0.066,14.1,31.2,6.435,200.6,0.0,True,179.7,0.116,0.609,15,21,M1410.002800-001 3346.403-001 3346.401-001 F35.103-003 F11.203-010,0.113,True
96,자연과학대학,생명과학부,4학년,시스템 신경과학 개론 | 면역학 | 진화생물학 | 생물학 | 대학 글쓰기 2: 과학기술글쓰기,GATE,5,36,140,55,69,True,exact,69,152.0,0.0,152.0,171.4,170.8,188.1,0.0,0.0,171.4,19.4,0.113,19.4,28.6,5.31,152.0,0.0,True,146.8,0.036,0.893,23,31,M1410.002800-001 3346.403-001 3346.401-001 F35.103-001 F11.203-006,0.164,True
97,미술대학,조소과,4학년,다차원 미디어 스튜디오 2 | 조소 졸업작품 연구 | 작가와 전시 | 조소 졸업작품 발표 | 고급수학 2 | AI와 인간의 경계 탐구,919A,6,8,3,3,1,False,exact,1,131.5,0.0,131.5,131.5,131.5,131.5,0.0,0.0,131.5,0.0,0.0,0.0,40.0,3.285,131.5,0.0,True,112.7,0.166,0.2,1,7,613.452-001 M1767.003100-001 M1767.002500-001 M1767.003300-001 E11.217-001 F31.107-001,0.037,True
97,미술대학,조소과,4학년,다차원 미디어 스튜디오 2 | 조소 졸업작품 연구 | 작가와 전시 | 조소 졸업작품 발표 | 고급수학 2 | AI와 인간의 경계 탐구,GATE,6,8,3,3,1,False,exact,1,106.5,0.0,106.5,106.5,106.5,106.5,0.0,0.0,106.5,0.0,0.0,0.0,30.5,3.491,106.5,0.0,True,99.8,0.067,0.21,1,7,613.452-001 M1767.003100-001 M1767.002500-001 M1767.003300-001 E11.217-001 F31.107-001,0.024,True
98,혁신공유학부,혁신공유학부,2학년,(공유)NPU 기반 인공지능 추론 및 응용 | (공유)신에너지공학개론 | (공유)역사 GIS 고급 연습 | (공유)중급 프로젝트 | 심리학개론,919A,5,8,4,4,3,True,exact,3,214.6,0.0,214.6,225.2,227.1,233.9,0.333,0.7,226.7,10.6,0.047,12.1,69.1,3.104,214.6,0.0,True,194.1,0.106,0.128,3,8,M3502.016700-001 M3500.002300-001 M3502.022400-001 M3502.001500-002 E11.146-004,0.025,True
98,혁신공유학부,혁신공유학부,2학년,(공유)NPU 기반 인공지능 추론 및 응용 | (공유)신에너지공학개론 | (공유)역사 GIS 고급 연습 | (공유)중급 프로젝트 | 심리학개론,GATE,5,8,4,4,3,True,exact,3,222.7,0.0,222.7,233.8,236.4,242.2,0.333,0.7,235.2,11.1,0.047,12.6,63.3,3.517,222.7,0.0,True,205.9,0.082,0.138,3,8,M3502.016700-001 M3500.002300-001 M3502.022400-001 M3502.001500-002 E11.146-004,0.019,True
99,사범대학,국어교육과,3학년,매체의사소통교육론 | 학습자언어탐구 | 작문교육론 | 한국현대산문교육론 | 수학 2,919A,5,30,26,14,5,True,exact,5,110.3,0.0,110.3,110.9,110.3,112.8,0.0,0.0,110.9,0.5,0.005,0.5,33.0,3.347,110.3,0.0,True,96.6,0.142,0.203,3,8,M1844.001200-001 M1844.000900-001 705.314A-001 705.322-001 F31.105-009,0.036,True
99,사범대학,국어교육과,3학년,매체의사소통교육론 | 학습자언어탐구 | 작문교육론 | 한국현대산문교육론 | 수학 2,GATE,5,30,26,14,5,True,exact,5,136.7,0.0,136.7,144.4,146.9,146.9,0.0,0.0,144.4,7.8,0.054,7.8,35.4,3.866,136.7,0.0,True,128.3,0.066,0.315,3,8,M1844.001200-001 M1844.000900-001 705.314A-001 705.322-001 F31.105-013,0.071,True
100,인문대학,고고미술사학과,4학년,미술사실습 | 미술사연구이론 | 고고학연습 | 현대미술과 시각문화 | 영상예술의 이해,919A,5,8,4,4,1,False,exact,1,87.4,0.0,87.4,87.4,87.4,87.4,0.0,0.0,87.4,0.0,0.0,0.0,21.0,4.17,87.4,0.0,True,73.0,0.196,0.1,1,6,116.324-001 116.427A-001 116.414B-001 116.435-001 C10.142-002,0.018,True
100,인문대학,고고미술사학과,4학년,미술사실습 | 미술사연구이론 | 고고학연습 | 현대미술과 시각문화 | 영상예술의 이해,GATE,5,8,4,4,1,False,exact,1,122.2,0.0,122.2,122.2,122.2,122.2,0.0,0.0,122.2,0.0,0.0,0.0,21.8,5.601,122.2,0.0,True,115.2,0.061,0.094,1,6,116.324-001 116.427A-001 116.414B-001 116.435-001 C10.142-002,0.013,True
101,사범대학,수학교육과,2학년,선형대수학 2 | 해석개론 2 | 미분방정식개론 | 정수론 | 역사와 역사 재현 | 심리학개론,919A,6,10,8,8,1,False,exact,1,94.6,0.0,94.6,94.6,94.6,94.6,0.0,0.0,94.6,0.0,0.0,0.0,26.6,3.55,94.6,0.0,True,82.4,0.148,0.143,1,7,715.216-001 715.202-001 715.214-001 715.217-001 C20.127-002 E11.146-001,0.025,True
101,사범대학,수학교육과,2학년,선형대수학 2 | 해석개론 2 | 미분방정식개론 | 정수론 | 역사와 역사 재현 | 심리학개론,GATE,6,10,8,8,1,False,exact,1,151.2,0.0,151.2,151.2,151.2,151.2,0.0,0.0,151.2,0.0,0.0,0.0,26.1,5.79,151.2,0.0,True,138.9,0.089,0.302,1,7,715.216-001 715.202-001 715.214-001 715.217-001 C20.127-002 E11.146-001,0.018,True
102,생활과학대학,의류학과,4학년,한국복식문화사 | 패션 e-비즈니스 | 패션과 비주얼머천다이징 | 패션마케팅커뮤니케이션 | 물리학실험 | 수학연습 2,919A,6,57,360,136,155,True,exact,155,139.9,0.0,139.9,162.8,157.3,182.1,0.0,0.0,162.8,22.9,0.141,22.9,44.1,3.174,139.9,0.0,True,121.2,0.154,1.284,35,44,353.430-001 M1461.000100-001 M0.009700-001 M2174.000500-001 F33.105L-006 F31.105L-004,0.233,True
102,생활과학대학,의류학과,4학년,한국복식문화사 | 패션 e-비즈니스 | 패션과 비주얼머천다이징 | 패션마케팅커뮤니케이션 | 물리학실험 | 수학연습 2,GATE,6,57,360,136,155,True,exact,155,91.1,0.0,91.1,113.0,109.1,126.1,0.0,0.0,113.0,21.9,0.194,21.9,30.4,2.997,91.1,0.0,True,85.4,0.066,1.476,38,48,353.430-001 M1461.000100-001 M0.009700-001 M2174.000500-001 F33.105L-006 F31.105L-033,0.238,True
103,미술대학,조소과,4학년,작품연구: 대상과 표상 | 다차원 미디어 스튜디오 2 | 작가와 전시 | 조소 졸업작품 발표 | 민주주의와 시민의 역사,919A,5,5,1,1,1,False,exact,1,125.4,2.2,129.8,125.4,125.4,125.4,1.0,2.2,129.8,0.0,0.0,0.0,44.4,2.825,125.4,0.0,True,107.5,0.166,0.093,1,6,M1767.001100-001 613.452-001 M1767.002500-001 M1767.003300-001 E11.125-001,0.017,True
103,미술대학,조소과,4학년,작품연구: 대상과 표상 | 다차원 미디어 스튜디오 2 | 작가와 전시 | 조소 졸업작품 발표 | 민주주의와 시민의 역사,GATE,5,5,1,1,1,False,exact,1,108.6,2.2,113.0,108.6,108.6,108.6,1.0,2.2,113.0,0.0,0.0,0.0,39.8,2.732,108.6,0.0,True,100.2,0.084,0.082,1,6,M1767.001100-001 613.452-001 M1767.002500-001 M1767.003300-001 E11.125-001,0.014,True
104,자연과학대학,자연과학대학,2학년,과학기술과 법 | 테크노사이언스의 역사와 철학 | 과학과 근대사회 | 한글맞춤법의 이론과 실제 | 수학연습 2 | 초급독일어 1,919A,6,59,810,306,186,True,exact,186,180.8,50.2,281.3,182.8,182.9,186.1,1.0,50.2,283.2,2.0,0.011,2.0,30.9,5.855,180.8,0.0,True,159.6,0.133,2.661,72,84,300.307-001 300.306-001 300.302-001 C10.168-001 F22.101-001 F31.105L-004,1.005,True
104,자연과학대학,자연과학대학,2학년,과학기술과 법 | 테크노사이언스의 역사와 철학 | 과학과 근대사회 | 한글맞춤법의 이론과 실제 | 수학연습 2 | 초급독일어 1,GATE,6,59,810,306,186,True,exact,186,133.8,50.2,234.3,139.3,138.8,143.9,1.0,50.2,239.8,5.5,0.04,5.5,26.6,5.034,133.8,0.0,True,129.5,0.033,2.33,57,69,300.307-001 300.306-001 300.302-001 C10.168-001 F22.101-005 F31.105L-010,0.522,True
105,공과대학,재료공학부,3학년,전기회로 | 고분자재료물리 | 세라믹재료개론 | 재료실험 2 | 초급프랑스어 1,919A,5,14,18,18,14,True,exact,14,184.4,0.0,184.4,188.4,188.4,192.7,0.0,0.0,188.4,3.9,0.021,3.9,36.5,5.059,184.4,0.0,True,164.6,0.12,0.848,14,20,445.325-001 445.328-001 M1569.003000-001 445.304-002 F26.101-002,0.159,True
105,공과대학,재료공학부,3학년,전기회로 | 고분자재료물리 | 세라믹재료개론 | 재료실험 2 | 초급프랑스어 1,GATE,5,14,18,18,14,True,exact,14,181.1,0.0,181.1,193.1,194.3,200.8,0.0,0.0,193.1,12.0,0.062,12.0,37.0,4.902,181.1,0.0,True,174.8,0.036,0.685,14,20,445.325-001 445.328-001 M1569.003000-001 445.304-002 F26.101-008,0.127,True
106,사범대학,사회교육과,3학년,사회문화교육연습 | 경제교육연습 | 통합사회교육론 | 법교육연습 | 물리학실험 2 | 대학영어 1,919A,6,108,2695,648,494,True,exact,494,98.7,0.0,98.7,115.5,120.8,129.5,0.0,0.0,115.5,16.8,0.146,16.8,31.7,3.11,98.7,0.0,True,84.6,0.166,3.216,60,72,711.373-001 711.384-001 M1855.001200-001 711.382A-001 F33.107L-005 F21.101-001,0.602,True
106,사범대학,사회교육과,3학년,사회문화교육연습 | 경제교육연습 | 통합사회교육론 | 법교육연습 | 물리학실험 2 | 대학영어 1,GATE,6,108,2695,648,494,True,exact,494,139.2,0.0,139.2,154.3,162.8,167.9,0.0,0.0,154.3,15.1,0.098,15.1,35.8,3.887,139.2,0.0,True,130.7,0.065,3.262,61,73,711.373-001 711.384-001 M1855.001200-001 711.382A-001 F33.107L-030 F21.101-007,0.53,True
107,인문대학,독어독문학과,1학년,독어학이란 무엇인가 | 독일어권의 문학과 예술 | 컴퓨팅 기초: 처음 만나는 컴퓨팅 | 도스토예프스키와 톨스토이 | 대학영어 2: 글쓰기 | 고급영어: 발표,919A,6,47,1596,640,154,True,exact,154,118.2,0.0,118.2,129.9,132.0,150.0,0.0,0.0,129.9,11.7,0.09,11.7,31.0,3.806,118.2,0.0,True,102.9,0.149,1.948,46,58,M1241.000700-001 100.120A-001 C10.107-001 F21.303-001 F37.101-004 F21.201-012,0.407,True
107,인문대학,독어독문학과,1학년,독어학이란 무엇인가 | 독일어권의 문학과 예술 | 컴퓨팅 기초: 처음 만나는 컴퓨팅 | 도스토예프스키와 톨스토이 | 대학영어 2: 글쓰기 | 고급영어: 발표,GATE,6,47,1596,640,154,True,exact,154,132.0,0.0,132.0,138.9,136.6,155.7,0.0,0.0,138.9,6.9,0.049,6.9,33.3,3.961,132.0,0.0,True,125.1,0.055,1.971,45,57,M1241.000700-001 100.120A-001 C10.107-001 F21.303-003 F37.101-005 F21.201-012,0.398,True
108,미술대학,디자인과,3학년,아이덴티티디자인 | 운송디자인 | 3D그래픽디자인 | 모션그래픽스 | 대학 글쓰기 2: 인문학글쓰기,919A,5,24,20,15,7,True,exact,7,95.9,0.0,95.9,98.2,96.5,109.0,0.0,0.0,98.2,2.3,0.023,2.3,29.5,3.255,95.9,0.0,True,81.2,0.18,0.242,4,9,M1774.000300-001 M3389.003600-001 M3389.002200-001 M1774.007900-001 F11.201-019,0.047,True
108,미술대학,디자인과,3학년,아이덴티티디자인 | 운송디자인 | 3D그래픽디자인 | 모션그래픽스 | 대학 글쓰기 2: 인문학글쓰기,GATE,5,24,20,15,7,True,exact,7,92.2,0.0,92.2,95.4,92.2,106.7,0.0,0.0,95.4,3.3,0.034,3.3,27.9,3.307,92.2,0.0,True,85.5,0.078,0.344,4,9,M1774.000300-001 M3389.003600-001 M3389.002200-001 M1774.007900-001 F11.201-005,0.031,True
109,사회과학대학,지리학과,2학년,한국지리 | 컴퓨터 지도학 | 생태환경과 지리 | 고급영어: 문학 | 대학 글쓰기 2: 인문학글쓰기,919A,5,27,80,60,11,True,exact,11,116.5,0.0,116.5,123.6,122.4,138.1,0.0,0.0,123.6,7.1,0.058,7.1,29.8,3.912,116.5,0.0,True,97.8,0.191,0.465,8,14,208.302-001 208.231A-001 M0.014400-001 F21.301-003 F11.201-008,0.074,True
109,사회과학대학,지리학과,2학년,한국지리 | 컴퓨터 지도학 | 생태환경과 지리 | 고급영어: 문학 | 대학 글쓰기 2: 인문학글쓰기,GATE,5,27,80,60,11,True,exact,11,95.2,0.0,95.2,114.2,116.3,128.8,0.0,0.0,114.2,19.1,0.167,19.1,24.2,3.925,95.2,0.0,True,88.8,0.071,0.509,8,14,208.302-001 208.231A-001 M0.014400-001 F21.301-003 F11.201-008,0.058,True
110,자연과학대학,통계학과,4학년,자료분석 심화방법론 및 실습 | 생존자료분석 및 실습 | 베이즈통계 및 실습 | 물리학실험 2 | 서양철학의 이해 | 대학영어 2: 글쓰기,919A,6,76,3087,720,252,True,exact,252,143.6,0.0,143.6,161.0,151.4,189.3,0.0,0.0,161.0,17.3,0.108,17.3,30.9,4.655,143.6,0.0,True,126.7,0.134,1.735,34,48,M1399.001500-001 326.412-001 326.411-001 C20.123-001 F33.107L-004 F21.201-002,0.375,True
110,자연과학대학,통계학과,4학년,자료분석 심화방법론 및 실습 | 생존자료분석 및 실습 | 베이즈통계 및 실습 | 물리학실험 2 | 서양철학의 이해 | 대학영어 2: 글쓰기,GATE,6,76,3087,720,252,True,exact,252,130.2,0.0,130.2,152.8,147.0,179.8,0.0,0.0,152.8,22.5,0.148,22.5,31.9,4.076,130.2,0.0,True,124.4,0.047,1.705,24,38,M1399.001500-001 326.412-001 326.411-001 C20.123-001 F33.107L-040 F21.201-020,0.322,True
111,사범대학,윤리교육과,3학년,도덕가치교육론 | 정치사상교육론 | 남북한사회연구 | 동양인성론과 동양우주론 | 대학 글쓰기 1,919A,5,78,74,58,28,True,exact,28,72.4,0.0,72.4,98.4,97.7,127.7,0.0,0.0,98.4,26.0,0.265,26.0,18.0,4.029,72.4,0.0,True,62.3,0.162,1.286,17,22,714.319A-001 714.414A-001 714.316A-001 714.334-001 F11.101-070,0.186,True
111,사범대학,윤리교육과,3학년,도덕가치교육론 | 정치사상교육론 | 남북한사회연구 | 동양인성론과 동양우주론 | 대학 글쓰기 1,GATE,5,78,74,58,28,True,exact,28,145.9,0.0,145.9,162.5,165.8,195.3,0.0,0.0,162.5,16.6,0.102,16.6,24.3,6.014,145.9,0.0,True,135.0,0.081,1.136,17,22,714.319A-001 714.414A-001 714.316A-001 714.334-001 F11.101-053,0.156,True
112,치의학대학원,치의학과,1학년,인문학과 치의학리더십 | 치의학 인간이해 프로젝트 | 한국사 | 물리학실험 2 | 대학 글쓰기 1 | 대학영어 1,919A,6,184,797720,150336,>=50000,True,sample,4000,111.0,0.0,111.0,160.3,158.5,,0.007,0.0,160.3,49.4,0.308,49.4,28.3,3.925,111.0,0.0,True,99.1,0.12,100.621,1147,1321,M2043.000500-001 M2839.000900-001 C20.149-005 F33.107L-030 F21.101-032 F11.101-046,22.07,True
112,치의학대학원,치의학과,1학년,인문학과 치의학리더십 | 치의학 인간이해 프로젝트 | 한국사 | 물리학실험 2 | 대학 글쓰기 1 | 대학영어 1,GATE,6,184,797720,150336,>=50000,True,sample,4000,119.0,0.0,119.0,181.3,182.2,,0.007,0.0,181.3,62.3,0.344,62.3,32.8,3.63,119.0,0.0,True,113.5,0.049,65.612,723,841,M2043.000500-001 M2839.000900-001 C20.149-002 F33.107L-042 F21.101-015 F11.101-008,13.909,True
113,자연과학대학,통계학과,3학년,수리통계 2 | 이산자료분석 및 실습 | 다변량자료분석 및 실습 | 말하기와 토론 | 컴퓨팅 탐색: 실생활에서 활용하기,919A,5,11,12,12,4,True,exact,4,154.4,0.0,154.4,171.7,171.7,188.9,0.0,0.0,171.7,17.2,0.1,17.2,36.4,4.245,154.4,0.0,True,137.4,0.124,0.224,4,10,326.312-001 326.314-001 326.316-001 F37.206-002 F12.102-001,0.05,True
113,자연과학대학,통계학과,3학년,수리통계 2 | 이산자료분석 및 실습 | 다변량자료분석 및 실습 | 말하기와 토론 | 컴퓨팅 탐색: 실생활에서 활용하기,GATE,5,11,12,12,4,True,exact,4,149.8,0.0,149.8,163.5,163.5,177.1,0.0,0.0,163.5,13.7,0.083,13.7,36.3,4.132,149.8,0.0,True,142.9,0.048,0.196,4,10,326.312-001 326.314-001 326.316-001 F37.206-002 F12.102-001,0.028,True
114,농업생명과학대학,바이오시스템·소재학부,2학년,유체역학 및 기계 | 기능성바이오소재 | 생체분자개론 | 바이오소재역학 | 약과 건강 | 물리학실험,919A,6,13,8,8,3,True,exact,3,176.6,0.0,176.6,200.2,212.1,212.1,0.0,0.0,200.2,23.6,0.118,23.6,48.0,3.68,176.6,0.0,True,158.9,0.111,0.137,3,9,5261.226-001 5262.470-001 5261.223C-001 5262.280A-001 E11.212-001 F33.105L-001,0.059,True
114,농업생명과학대학,바이오시스템·소재학부,2학년,유체역학 및 기계 | 기능성바이오소재 | 생체분자개론 | 바이오소재역학 | 약과 건강 | 물리학실험,GATE,6,13,8,8,3,True,exact,3,142.1,0.0,142.1,159.3,167.9,167.9,0.0,0.0,159.3,17.2,0.108,17.2,47.1,3.018,142.1,0.0,True,135.6,0.047,0.162,3,9,5261.226-001 5262.470-001 5261.223C-001 5262.280A-001 E11.212-001 F33.105L-001,0.021,True
115,사범대학,생물교육과,3학년,현대생물실험 및 지도법 | 생태학교육 | 블렌디드 러닝 수업의 실제 | 생명과학 교재연구 및 지도법 | 공연예술의 이해,919A,5,8,4,4,1,False,exact,1,95.9,0.0,95.9,95.9,95.9,95.9,0.0,0.0,95.9,0.0,0.0,0.0,24.2,3.969,95.9,0.0,True,83.2,0.153,0.17,1,6,719.341-001 719.237-001 M1827.000500-001 M1878.000100-001 C10.102-004,0.029,True
115,사범대학,생물교육과,3학년,현대생물실험 및 지도법 | 생태학교육 | 블렌디드 러닝 수업의 실제 | 생명과학 교재연구 및 지도법 | 공연예술의 이해,GATE,5,8,4,4,1,False,exact,1,141.4,0.0,141.4,141.4,141.4,141.4,0.0,0.0,141.4,0.0,0.0,0.0,31.8,4.446,141.4,0.0,True,130.5,0.084,0.136,1,6,719.341-001 719.237-001 M1827.000500-001 M1878.000100-001 C10.102-004,0.02,True
116,공과대학,건축학과,2학년,건축재료역학 1 | 기초스튜디오 4 (패브리케이션 디자인) | 건축사 2 | 대학영어 1 | 수학 2 | 대학 글쓰기 1,919A,6,162,529100,87696,>=50000,True,sample,4000,169.0,0.0,169.0,199.8,195.2,,0.131,0.2,200.2,30.8,0.154,31.3,32.3,5.236,169.0,0.0,True,153.4,0.102,168.865,2632,3000,4013.206A-001 4012.303-001 M1498.013700-001 F31.105-003 F21.101-010 F11.101-075,32.528,True
116,공과대학,건축학과,2학년,건축재료역학 1 | 기초스튜디오 4 (패브리케이션 디자인) | 건축사 2 | 대학영어 1 | 수학 2 | 대학 글쓰기 1,GATE,6,162,529100,87696,>=50000,True,sample,4000,171.1,0.0,171.1,204.2,201.0,,0.131,0.2,204.6,33.1,0.162,33.6,33.5,5.108,171.1,0.0,True,163.4,0.047,132.211,1490,1828,4013.206A-001 4012.303-001 M1498.013700-002 F31.105-023 F21.101-007 F11.101-047,25.594,True
117,사범대학,지리교육과,2학년,도시지리학 | 기후환경론 | 지형학원론 | 지리정보체계와 지리교육 | 수학 2,919A,5,30,26,14,5,True,exact,5,90.2,0.0,90.2,90.6,90.2,91.4,0.2,0.0,90.7,0.5,0.005,0.5,31.2,2.888,90.2,0.0,True,79.7,0.131,0.222,3,8,713.303-001 713.214-001 713.211-001 713.432-001 F31.105-009,0.053,True
117,사범대학,지리교육과,2학년,도시지리학 | 기후환경론 | 지형학원론 | 지리정보체계와 지리교육 | 수학 2,GATE,5,30,26,14,5,True,exact,5,116.9,0.0,116.9,137.8,142.7,143.9,0.2,0.0,137.9,20.9,0.152,21.0,34.1,3.431,116.9,0.0,True,109.4,0.069,0.193,3,8,713.303-001 713.214-001 713.211-001 713.432-001 F31.105-025,0.028,True
118,사범대학,물리교육과,3학년,양자물리 및 교육 1 | 물리교재연구및지도법 | 물리교육실험 | 대학 글쓰기 2: 과학기술글쓰기 | 컴퓨터의 개념 및 실습 | 화학실험,919A,6,48,1176,363,307,True,exact,307,125.0,0.0,125.0,160.6,153.0,189.8,0.114,0.4,161.5,35.7,0.222,36.5,29.9,4.184,125.0,0.0,True,109.6,0.14,1.866,43,58,717.319A-001 717.414-001 717.327A-001 F37.202-005 F11.203-010 F34.103L-015,0.32,True
118,사범대학,물리교육과,3학년,양자물리 및 교육 1 | 물리교재연구및지도법 | 물리교육실험 | 대학 글쓰기 2: 과학기술글쓰기 | 컴퓨터의 개념 및 실습 | 화학실험,GATE,6,48,1176,363,307,True,exact,307,184.5,0.0,184.5,204.9,201.3,229.3,0.114,0.4,205.8,20.4,0.1,21.3,35.7,5.162,184.5,0.0,True,168.7,0.093,1.184,20,31,717.319A-001 717.414-001 717.327A-001 F37.202-003 F11.203-021 F34.103L-021,0.187,True
119,사회과학대학,사회복지학과,4학년,"평안한 삶의 기초: 건강, 돌봄, 그리고 사회 | 가족 다양성과 돌봄 | 컴퓨터의 개념 및 실습 | 현대문화와 기독교 | 공연예술의 이해 | 대학영어 1",919A,6,64,440,432,62,True,exact,62,181.3,0.0,181.3,201.4,203.4,216.1,0.274,0.9,203.3,20.1,0.1,22.0,43.9,4.126,181.3,0.0,True,157.8,0.149,1.839,32,41,M1311.004100-001 M1311.004000-001 E11.188-001 F37.202-001 C10.102-004 F21.101-001,0.312,True
119,사회과학대학,사회복지학과,4학년,"평안한 삶의 기초: 건강, 돌봄, 그리고 사회 | 가족 다양성과 돌봄 | 컴퓨터의 개념 및 실습 | 현대문화와 기독교 | 공연예술의 이해 | 대학영어 1",GATE,6,64,440,432,62,True,exact,62,164.4,0.0,164.4,181.0,179.7,196.8,0.274,0.9,182.9,16.6,0.092,18.5,33.7,4.873,164.4,0.0,True,155.5,0.057,2.25,28,39,M1311.004100-001 M1311.004000-001 E11.188-001 F37.202-001 C10.102-004 F21.101-004,0.669,True
120,공과대학,건설환경도시공학부,3학년,건설시공학 | 도시설계 | 지반공학 | 지속가능교통체계 | 수학 2,919A,5,30,26,14,11,True,exact,11,148.0,0.0,148.0,153.1,148.6,160.6,0.0,0.0,153.1,5.1,0.033,5.1,39.4,3.754,148.0,0.0,True,134.0,0.105,0.356,6,11,457.308-001 457.302-001 M3749.000100-001 457.316A-001 F31.105-013,0.075,True
120,공과대학,건설환경도시공학부,3학년,건설시공학 | 도시설계 | 지반공학 | 지속가능교통체계 | 수학 2,GATE,5,30,26,14,11,True,exact,11,157.6,0.0,157.6,168.1,159.6,185.8,0.0,0.0,168.1,10.5,0.062,10.5,34.9,4.517,157.6,0.0,True,146.3,0.077,0.271,6,11,457.308-001 457.302-001 M3749.000100-001 457.316A-001 F31.105-006,0.036,True
121,농업생명과학대학,농업생명과학대학,1학년,산림과학개론 | 식물생산과학개론 | 초급중국어 1 | 현대 민주주의의 주요 도전과 정책 문제 | 대학영어 1,919A,5,72,770,756,223,True,exact,223,147.8,0.0,147.8,180.4,182.2,199.2,0.363,18.3,217.1,32.6,0.181,69.3,49.8,2.968,147.8,0.0,True,134.2,0.102,4.349,59,68,500.170-001 500.171-001 C30.152-001 F25.101-014 F21.101-033,0.595,True
121,농업생명과학대학,농업생명과학대학,1학년,산림과학개론 | 식물생산과학개론 | 초급중국어 1 | 현대 민주주의의 주요 도전과 정책 문제 | 대학영어 1,GATE,5,72,770,756,223,True,exact,223,131.3,0.0,131.3,169.8,165.8,195.6,0.363,18.3,206.4,38.4,0.226,75.1,38.1,3.451,131.3,0.0,True,125.4,0.048,4.015,34,43,500.170-001 500.171-001 C30.152-001 F25.101-013 F21.101-004,0.555,True
122,공과대학,조선해양공학과,4학년,조선해양프로젝트 | 선박해양운동조종론 | 조선해양 학사논문연구 2 | 조선해양경영론 | 고급수학 2 | 영상예술의 이해,919A,6,11,12,12,2,True,exact,2,140.2,0.0,140.2,159.5,159.5,178.7,0.0,0.0,159.5,19.3,0.121,19.3,35.2,3.987,140.2,0.0,True,127.8,0.097,0.237,2,8,M1513.001500-001 M1513.001400-001 M1513.002300-001 414.419-001 F31.107-001 C10.142-001,0.049,True
122,공과대학,조선해양공학과,4학년,조선해양프로젝트 | 선박해양운동조종론 | 조선해양 학사논문연구 2 | 조선해양경영론 | 고급수학 2 | 영상예술의 이해,GATE,6,11,12,12,2,True,exact,2,145.9,0.0,145.9,166.1,166.1,186.3,0.0,0.0,166.1,20.2,0.122,20.2,25.4,5.756,145.9,0.0,True,138.0,0.057,0.406,2,8,M1513.001500-001 M1513.001400-001 M1513.002300-001 414.419-001 F31.107-001 C10.142-001,0.025,True
123,인문대학,서어서문학과,4학년,영화 비평 세미나 | 스페인어학연습 2 | 스페인문학특강 | 라틴아메리카 영화와 현대사회 | 인문사회계를 위한 우주천문학 | 초급중국어 1,919A,6,19,14,14,7,True,exact,7,133.3,0.0,133.3,139.1,140.3,143.2,0.286,14.5,168.0,5.8,0.042,34.7,31.1,4.279,133.3,0.0,True,114.2,0.167,0.382,7,13,M3699.000300-001 107.413B-001 107.427A-001 107.437A-001 F33.112-001 F25.101-012,0.065,True
123,인문대학,서어서문학과,4학년,영화 비평 세미나 | 스페인어학연습 2 | 스페인문학특강 | 라틴아메리카 영화와 현대사회 | 인문사회계를 위한 우주천문학 | 초급중국어 1,GATE,6,19,14,14,7,True,exact,7,164.4,0.0,164.4,167.2,166.9,170.5,0.286,14.5,196.1,2.8,0.017,31.7,33.3,4.932,164.4,0.0,True,155.5,0.058,0.376,7,13,M3699.000300-001 107.413B-001 107.427A-001 107.437A-001 F33.112-001 F25.101-010,0.052,True
124,자연과학대학,수리과학부,2학년,선형대수학 2 | 해석개론 및 연습 2 | 미분방정식 및 연습 | 물리학실험 2 | 과학의 철학적 이해 | 현대사회와 스포츠,919A,6,55,98,24,19,True,exact,19,203.9,0.0,203.9,207.9,205.8,218.3,0.211,1.3,210.5,4.1,0.02,6.6,54.7,3.727,203.9,0.0,True,182.7,0.116,0.282,5,11,300.206A-001 M1407.000700-001 300.204-001 E43.130-001 C40.103-002 F33.107L-040,0.047,True
124,자연과학대학,수리과학부,2학년,선형대수학 2 | 해석개론 및 연습 2 | 미분방정식 및 연습 | 물리학실험 2 | 과학의 철학적 이해 | 현대사회와 스포츠,GATE,6,55,98,24,19,True,exact,19,171.1,0.0,171.1,176.3,171.1,194.7,0.211,1.3,178.8,5.2,0.029,7.8,43.4,3.944,171.1,0.0,True,164.9,0.038,0.533,5,11,300.206A-001 M1407.000700-001 300.204-001 E43.130-001 C40.103-002 F33.107L-040,0.034,True
125,사범대학,지리교육과,2학년,지리정보체계와 지리교육 | 지형학원론 | 도시지리학 | 기후환경론 | 국가와 시민,919A,5,5,1,1,1,False,exact,1,53.5,0.0,53.5,53.5,53.5,53.5,0.0,0.0,53.5,0.0,0.0,0.0,16.7,3.199,53.5,0.0,True,45.5,0.177,0.074,1,6,713.432-001 713.211-001 713.303-001 713.214-001 C30.104-001,0.016,True
125,사범대학,지리교육과,2학년,지리정보체계와 지리교육 | 지형학원론 | 도시지리학 | 기후환경론 | 국가와 시민,GATE,5,5,1,1,1,False,exact,1,107.8,0.0,107.8,107.8,107.8,107.8,0.0,0.0,107.8,0.0,0.0,0.0,31.1,3.465,107.8,0.0,True,100.4,0.074,0.068,1,6,713.432-001 713.211-001 713.303-001 713.214-001 C30.104-001,0.011,True
126,자연과학대학,통계학과,3학년,수리통계 2 | 다변량자료분석 및 실습 | 이산자료분석 및 실습 | 대학영어 1 | 대학 글쓰기 1 | 초급스페인어 1,919A,6,148,65120,50112,5734,True,exact,5734,149.7,0.0,149.7,190.2,190.3,229.4,0.476,24.5,239.2,40.5,0.213,89.5,26.0,5.765,149.7,0.0,True,132.5,0.13,25.089,308,343,326.312-001 326.316-001 326.314-001 F24.101-005 F21.101-054 F11.101-058,4.719,True
126,자연과학대학,통계학과,3학년,수리통계 2 | 다변량자료분석 및 실습 | 이산자료분석 및 실습 | 대학영어 1 | 대학 글쓰기 1 | 초급스페인어 1,GATE,6,148,65120,50112,5734,True,exact,5734,145.0,0.0,145.0,188.2,188.1,230.5,0.476,24.5,237.2,43.2,0.229,92.2,29.2,4.967,145.0,0.0,True,138.3,0.048,15.04,111,132,326.312-001 326.316-001 326.314-001 F24.101-002 F21.101-054 F11.101-051,1.992,True
127,인문대학,아시아언어문명학부,3학년,아시아문명연구의 시각 | 일본현대소설 | 중급 아랍어 2 | 말레이-인도네시아어 강독 2 | 물리학실험 2 | 초급스페인어 1,919A,6,69,784,192,42,True,exact,42,121.5,0.0,121.5,122.0,121.7,124.2,0.548,28.4,178.9,0.5,0.004,57.4,28.8,4.223,121.7,0.15,False,103.2,0.178,0.813,9,20,1003.421-001 1003.375-001 M2752.001400-001 1003.354-001 F33.107L-030 F24.101-003,0.109,True
127,인문대학,아시아언어문명학부,3학년,아시아문명연구의 시각 | 일본현대소설 | 중급 아랍어 2 | 말레이-인도네시아어 강독 2 | 물리학실험 2 | 초급스페인어 1,GATE,6,69,784,192,42,True,exact,42,158.3,0.0,158.3,165.2,169.6,172.8,0.548,28.4,222.1,6.9,0.042,63.8,31.8,4.985,158.3,0.0,True,149.6,0.058,0.763,9,20,1003.421-001 1003.375-001 M2752.001400-001 1003.354-001 F33.107L-012 F24.101-003,0.08,True
128,인문대학,독어독문학과,1학년,독어학이란 무엇인가 | 독일어권의 문학과 예술 | 예술과 사회 | 물리학실험 2 | 물리학실험,919A,5,60,392,96,225,True,exact,225,109.6,0.0,109.6,131.3,120.9,146.3,0.0,0.0,131.3,21.7,0.166,21.7,33.3,3.287,109.6,0.0,True,94.3,0.162,1.09,28,36,M1241.000700-001 100.120A-001 C10.145-001 F33.105L-004 F33.107L-013,0.154,True
128,인문대학,독어독문학과,1학년,독어학이란 무엇인가 | 독일어권의 문학과 예술 | 예술과 사회 | 물리학실험 2 | 물리학실험,GATE,5,60,392,96,225,True,exact,225,117.4,0.0,117.4,133.7,124.2,147.2,0.0,0.0,133.7,16.4,0.122,16.4,31.4,3.742,117.4,0.0,True,111.3,0.054,0.985,28,36,M1241.000700-001 100.120A-001 C10.145-001 F33.105L-004 F33.107L-013,0.158,True
129,자연과학대학,지구환경과학부,3학년,구조지질학 및 실험 | 대기역학 2 | 지구화학 및 실험 | 지구환경과학연구실습 | 죽음의 과학적 이해,919A,5,6,2,2,2,True,exact,2,204.2,0.0,204.2,205.0,205.0,205.8,0.0,0.0,205.0,0.8,0.004,0.8,44.5,4.589,204.2,0.0,True,181.0,0.128,0.112,2,7,3345.309-001 3345.302-001 3345.312-001 E11.174-001 M1411.003100-002,0.024,True
129,자연과학대학,지구환경과학부,3학년,구조지질학 및 실험 | 대기역학 2 | 지구화학 및 실험 | 지구환경과학연구실습 | 죽음의 과학적 이해,GATE,5,6,2,2,2,True,exact,2,138.0,0.0,138.0,138.6,138.6,139.2,0.0,0.0,138.6,0.6,0.004,0.6,29.1,4.742,138.0,0.0,True,133.4,0.034,0.105,2,7,3345.309-001 3345.302-001 3345.312-001 E11.174-001 M1411.003100-002,0.044,True
130,미술대학,공예과,3학년,장신구 4 | 금속공예 2 | 제품도자 2 | 제품금속 | 대학 글쓰기 1,919A,5,78,74,58,38,True,exact,38,119.9,0.0,119.9,137.2,127.6,171.4,0.0,0.0,137.2,17.2,0.126,17.2,24.2,4.947,119.9,0.0,True,100.8,0.189,1.304,21,26,6124.3104-001 6124.3102-001 6123.3104-001 6121.3206-001 F11.101-014,0.193,True
130,미술대학,공예과,3학년,장신구 4 | 금속공예 2 | 제품도자 2 | 제품금속 | 대학 글쓰기 1,GATE,5,78,74,58,38,True,exact,38,87.3,0.0,87.3,114.1,108.7,149.1,0.0,0.0,114.1,26.8,0.235,26.8,19.3,4.527,87.3,0.0,True,80.6,0.084,1.149,14,19,6124.3104-001 6124.3102-001 6123.3104-001 6121.3206-001 F11.101-031,0.162,True
131,인문대학,철학과,3학년,과학철학 | 불교철학특강 | 실존철학 | 시장과 윤리 | 수학 2 | 생물학,919A,6,35,130,70,21,True,exact,21,183.7,0.0,183.7,185.7,184.5,199.2,0.095,0.4,186.5,2.0,0.011,2.7,35.9,5.111,183.8,0.12,False,164.1,0.12,0.718,12,19,113.463-001 113.369-001 113.366-001 M3659.000200-001 F35.103-002 F31.105-006,0.099,True
131,인문대학,철학과,3학년,과학철학 | 불교철학특강 | 실존철학 | 시장과 윤리 | 수학 2 | 생물학,GATE,6,35,130,70,21,True,exact,21,196.0,0.0,196.0,206.6,199.9,219.4,0.095,0.4,207.4,10.6,0.051,11.3,34.7,5.65,196.7,0.66,False,186.9,0.049,0.691,11,18,113.463-001 113.369-001 113.366-001 M3659.000200-001 F35.103-004 F31.105-006,0.098,True
132,공과대학,화학생물공학부,1학년,화학생물공학개론 | 화학생물공학의 이해 | 동서문명의 만남과 실크로드 | 컴퓨팅 핵심: 데이터 중심의 인공지능 | 초급중국어 2 | 대학영어 1,919A,6,64,275,270,82,True,exact,82,318.7,0.0,318.7,324.5,322.5,336.1,0.902,33.1,390.7,5.7,0.018,72.0,61.2,5.21,318.7,0.0,True,278.2,0.146,1.636,22,28,400.023-001 M1587.001500-001 C20.108-001 F37.205-001 F25.102-001 F21.101-031,0.253,True
132,공과대학,화학생물공학부,1학년,화학생물공학개론 | 화학생물공학의 이해 | 동서문명의 만남과 실크로드 | 컴퓨팅 핵심: 데이터 중심의 인공지능 | 초급중국어 2 | 대학영어 1,GATE,6,64,275,270,82,True,exact,82,351.5,0.0,351.5,358.6,356.6,371.0,0.902,33.1,424.9,7.2,0.02,73.4,67.1,5.24,351.6,0.12,False,317.2,0.108,1.688,22,28,400.023-001 M1587.001500-001 C20.108-001 F37.205-001 F25.102-001 F21.101-033,0.283,True
133,사회과학대학,사회학과,2학년,사회학사 | 인구변동과 고령화사회 | 물리의 기본 2 | 한국사의 새로운 해석 | 스페인어권명작의 이해,919A,5,7,4,4,1,False,exact,1,115.2,0.0,115.2,115.2,115.2,115.2,0.0,0.0,115.2,0.0,0.0,0.0,45.5,2.53,115.2,0.0,True,101.1,0.139,0.209,1,6,205.201-001 205.242A-001 C10.134-001 F33.104-001 C20.150-002,0.041,True
133,사회과학대학,사회학과,2학년,사회학사 | 인구변동과 고령화사회 | 물리의 기본 2 | 한국사의 새로운 해석 | 스페인어권명작의 이해,GATE,5,7,4,4,1,False,exact,1,101.3,0.0,101.3,101.3,101.3,101.3,0.0,0.0,101.3,0.0,0.0,0.0,38.4,2.639,101.3,0.0,True,95.5,0.061,0.169,1,6,205.201-001 205.242A-001 C10.134-001 F33.104-001 C20.150-002,0.021,True
134,공과대학,에너지자원공학과,4학년,지구물리 모니터링 | 에너지사업 타당성평가 | 논리학 | 성의 철학과 성윤리 | 지구과학실험 | 수학 2,919A,6,37,390,210,106,True,exact,106,185.4,0.0,185.4,202.0,187.9,235.0,0.132,0.0,202.0,16.6,0.082,16.6,41.8,4.431,185.4,0.0,True,167.9,0.104,2.144,39,54,M1594.003000-001 M1594.002400-001 F36.102L-001 C20.124-001 C20.106-005 F31.105-003,0.779,True
134,공과대학,에너지자원공학과,4학년,지구물리 모니터링 | 에너지사업 타당성평가 | 논리학 | 성의 철학과 성윤리 | 지구과학실험 | 수학 2,GATE,6,37,390,210,106,True,exact,106,202.2,0.0,202.2,219.9,215.8,236.0,0.132,0.0,220.0,17.7,0.081,17.7,42.4,4.766,202.7,0.43,False,191.7,0.055,2.394,36,51,M1594.003000-001 M1594.002400-001 F36.102L-001 C20.124-002 C20.106-004 F31.105-016,0.386,True
135,인문대학,아시아언어문명학부,4학년,페르시아어강독 2 | 베트남어 강독 2 | 동남아시아 문명 특강 | 고급 아랍어 2 | 남북분단과 한국전쟁 | 컴퓨터의 개념 및 실습,919A,6,8,4,4,1,False,exact,1,147.4,0.0,147.4,147.4,147.4,147.4,0.0,0.0,147.4,0.0,0.0,0.0,27.8,5.308,147.4,0.0,True,131.5,0.121,0.234,1,8,1003.434-001 1003.455-001 1003.452-001 M2752.000700-001 C20.105-001 F37.202-001,0.032,True
135,인문대학,아시아언어문명학부,4학년,페르시아어강독 2 | 베트남어 강독 2 | 동남아시아 문명 특강 | 고급 아랍어 2 | 남북분단과 한국전쟁 | 컴퓨터의 개념 및 실습,GATE,6,8,4,4,1,False,exact,1,170.5,0.0,170.5,170.5,170.5,170.5,0.0,0.0,170.5,0.0,0.0,0.0,32.9,5.185,170.5,0.0,True,161.6,0.055,0.187,1,8,1003.434-001 1003.455-001 1003.452-001 M2752.000700-001 C20.105-001 F37.202-001,0.019,True
136,농업생명과학대학,산림과학부,3학년,산림보호학 및 실험 | 생태경제학 및 실습 | 삼림유전육종학 및 실험 | 제지화학 및 실험 | 명상과 수행,919A,5,5,1,1,1,False,exact,1,162.7,0.0,162.7,162.7,162.7,162.7,0.0,0.0,162.7,0.0,0.0,0.0,42.5,3.833,162.7,0.0,True,147.9,0.1,0.251,1,6,M1698.000200-002 5241.311-002 5241.317-002 5242.306-001 E11.119-001,0.012,True
136,농업생명과학대학,산림과학부,3학년,산림보호학 및 실험 | 생태경제학 및 실습 | 삼림유전육종학 및 실험 | 제지화학 및 실험 | 명상과 수행,GATE,5,5,1,1,1,False,exact,1,127.2,0.0,127.2,127.2,127.2,127.2,0.0,0.0,127.2,0.0,0.0,0.0,33.9,3.754,127.2,0.0,True,123.4,0.031,0.061,1,6,M1698.000200-002 5241.311-002 5241.317-002 5242.306-001 E11.119-001,0.009,True
137,사범대학,영어교육과,2학년,영어교과교육론 | 영어작문 1 | 영국문학과 영국문화의 이해 A | 영어회화 2 | 한국의 문화유산 | 동서양의 종교적 지혜,919A,6,12,36,36,11,True,exact,11,99.4,0.0,99.4,101.8,99.4,106.0,0.0,0.0,101.8,2.4,0.024,2.4,35.0,2.84,99.4,0.0,True,87.0,0.143,0.459,8,21,707.213A-001 707.319B-001 707.214-002 E11.116-002 707.205-001 C20.151-002,0.057,True
137,사범대학,영어교육과,2학년,영어교과교육론 | 영어작문 1 | 영국문학과 영국문화의 이해 A | 영어회화 2 | 한국의 문화유산 | 동서양의 종교적 지혜,GATE,6,12,36,36,11,True,exact,11,143.5,0.0,143.5,145.2,143.5,148.1,0.0,0.0,145.2,1.6,0.011,1.6,33.6,4.275,143.5,0.0,True,132.5,0.083,0.307,7,20,707.213A-001 707.319B-001 707.214-001 E11.116-002 707.205-002 C20.151-001,0.072,True
138,혁신공유학부,혁신공유학부,3학년,(공유)사회혁신을 위한 빅데이터 응용 | (공유)에너지기후변화정책 | 인간관계의 심리학 | 생물학실험 | 대학영어 1,919A,5,84,5060,2592,653,True,exact,653,138.7,0.1,138.9,182.8,189.4,198.3,0.26,0.0,182.8,44.0,0.241,43.9,59.5,2.332,138.7,0.18,False,124.8,0.112,4.134,38,54,M3502.019700-001 M3500.005400-001 E11.163-001 F35.103L-018 F21.101-028,0.901,True
138,혁신공유학부,혁신공유학부,3학년,(공유)사회혁신을 위한 빅데이터 응용 | (공유)에너지기후변화정책 | 인간관계의 심리학 | 생물학실험 | 대학영어 1,GATE,5,84,5060,2592,653,True,exact,653,124.9,0.0,124.9,169.4,175.2,185.1,0.26,0.0,169.5,44.5,0.263,44.6,49.1,2.543,124.9,0.0,True,120.3,0.038,4.404,33,51,M3502.019700-001 M3500.005400-001 E11.163-004 F35.103L-004 F21.101-054,0.878,True
139,공과대학,화학생물공학부,4학년,기기분석 | 화학생물공학을 위한 인공지능 | 화학산업경영 | 세포생물공학 | 영상예술의 이해,919A,5,8,4,4,3,True,exact,3,171.2,0.0,171.2,185.2,186.9,197.4,0.0,0.0,185.2,14.0,0.075,14.0,55.0,3.113,171.2,0.0,True,150.9,0.135,0.137,3,8,458.414A-001 M1587.001200-001 458.423-001 M0000.006400-001 C10.142-002,0.029,True
139,공과대학,화학생물공학부,4학년,기기분석 | 화학생물공학을 위한 인공지능 | 화학산업경영 | 세포생물공학 | 영상예술의 이해,GATE,5,8,4,4,3,True,exact,3,184.5,0.0,184.5,206.6,210.1,225.3,0.0,0.0,206.6,22.1,0.107,22.1,55.5,3.325,184.5,0.0,True,166.5,0.108,0.121,3,8,458.414A-001 M1587.001200-001 458.423-001 M0000.006400-001 C10.142-003,0.017,True
140,사범대학,생물교육과,4학년,다문화 교육과정과 교수법 | 환경과 교육 | 초급중국어 1 | 화학실험 2 | 베리타스 강좌 1: 노벨과학상과 인류,919A,5,21,56,56,9,True,exact,9,142.2,0.0,142.2,150.8,142.2,172.8,0.333,16.8,184.3,8.6,0.057,42.1,42.4,3.351,142.2,0.0,True,124.0,0.146,0.518,9,15,M1878.000900-001 719.433-001 V10.116-001 F34.105L-001 F25.101-005,0.09,True
140,사범대학,생물교육과,4학년,다문화 교육과정과 교수법 | 환경과 교육 | 초급중국어 1 | 화학실험 2 | 베리타스 강좌 1: 노벨과학상과 인류,GATE,5,21,56,56,9,True,exact,9,161.2,0.0,161.2,168.9,167.4,180.9,0.333,16.8,202.5,7.7,0.046,41.3,36.9,4.373,161.2,0.0,True,150.2,0.073,0.616,9,15,M1878.000900-001 719.433-001 V10.116-001 F34.105L-001 F25.101-005,0.065,True
141,자연과학대학,자연과학대학,3학년,과학과 예술의 상호작용의 역사 | 뇌인지과학의 이해 | 기독교와 서양문명 | 수학 2 | 대학영어 1,919A,5,84,1430,756,335,True,exact,335,164.7,0.0,164.7,183.4,187.7,217.6,0.024,0.0,183.4,18.7,0.102,18.7,33.2,4.967,164.7,0.0,True,147.3,0.118,4.448,68,78,M2173.000200-001 M2173.004900-001 C10.105-001 F31.105-003 F21.101-028,0.711,True
141,자연과학대학,자연과학대학,3학년,과학과 예술의 상호작용의 역사 | 뇌인지과학의 이해 | 기독교와 서양문명 | 수학 2 | 대학영어 1,GATE,5,84,1430,756,335,True,exact,335,142.4,0.0,142.4,171.3,175.2,187.6,0.024,0.0,171.3,28.9,0.169,28.9,28.9,4.924,142.4,0.0,True,136.0,0.047,4.167,53,63,M2173.000200-001 M2173.004900-001 C10.105-001 F31.105-023 F21.101-017,0.65,True
142,자연과학대학,수리과학부,3학년,현대대수학 2 | 심층신경망의 수학적 기초 | 위상수학개론 2 | 확률미분방정식 | 철학개론,919A,5,8,4,4,2,True,exact,2,154.9,0.0,154.9,156.8,156.8,158.7,0.0,0.0,156.8,1.9,0.012,1.9,33.1,4.685,154.9,0.0,True,138.1,0.121,0.179,2,7,881.302-001 M1407.001200-001 881.402-001 M1407.002600-001 C20.141-003,0.038,True
142,자연과학대학,수리과학부,3학년,현대대수학 2 | 심층신경망의 수학적 기초 | 위상수학개론 2 | 확률미분방정식 | 철학개론,GATE,5,8,4,4,2,True,exact,2,141.8,0.0,141.8,144.0,144.0,146.3,0.0,0.0,144.0,2.2,0.016,2.2,33.0,4.294,141.8,0.0,True,135.8,0.044,0.163,2,7,881.302-001 M1407.001200-001 881.402-001 M1407.002600-001 C20.141-004,0.022,True
143,인문대학,아시아언어문명학부,4학년,중동현대사의 쟁점들 | 고급 터키어 2 | 고급 아랍어 2 | 페르시아어강독 2 | 중국어권의 사회와 문화 | 공연예술의 이해,919A,6,10,8,8,1,False,exact,1,107.2,0.0,107.2,107.2,107.2,107.2,0.0,0.0,107.2,0.0,0.0,0.0,21.1,5.07,107.2,0.0,True,89.2,0.202,0.113,1,7,1003.432-001 M2752.000900-001 M2752.000700-001 1003.434-001 C10.153-001 C10.102-001,0.017,True
143,인문대학,아시아언어문명학부,4학년,중동현대사의 쟁점들 | 고급 터키어 2 | 고급 아랍어 2 | 페르시아어강독 2 | 중국어권의 사회와 문화 | 공연예술의 이해,GATE,6,10,8,8,1,False,exact,1,148.5,0.0,148.5,148.5,148.5,148.5,0.0,0.0,148.5,0.0,0.0,0.0,26.5,5.611,148.5,0.0,True,140.3,0.059,0.121,1,7,1003.432-001 M2752.000900-001 M2752.000700-001 1003.434-001 C10.153-001 C10.102-001,0.014,True
144,사범대학,영어교육과,2학년,영어회화 2 | 영국문학과 영국문화의 이해 A | 영어교과교육론 | 영어작문 1 | 정치와 정치이념,919A,5,8,6,6,4,True,exact,4,112.0,0.0,112.0,116.6,116.6,121.3,0.0,0.0,116.6,4.6,0.04,4.6,34.6,3.239,112.0,0.0,True,98.1,0.141,0.121,4,10,707.319B-001 707.213A-001 C30.132-001 707.214-001 707.205-003,0.019,True
144,사범대학,영어교육과,2학년,영어회화 2 | 영국문학과 영국문화의 이해 A | 영어교과교육론 | 영어작문 1 | 정치와 정치이념,GATE,5,8,6,6,4,True,exact,4,140.5,0.0,140.5,158.4,158.4,176.3,0.0,0.0,158.4,17.9,0.113,17.9,33.1,4.237,140.5,0.0,True,130.6,0.076,0.159,4,10,707.319B-001 707.213A-001 C30.132-001 707.214-001 707.205-003,0.017,True
145,공과대학,전기·정보공학부,2학년,논리설계 및 실험 | 확률변수 및 확률과정의 기초 | 기초전자기학 및 연습 | 자료구조의 기초 | 남북관계와 통일의 전망 | 인간관계의 심리학,919A,6,17,324,216,15,True,exact,15,315.3,34.2,383.6,332.8,322.5,369.2,1.0,35.2,403.2,17.5,0.053,19.6,67.6,4.665,315.3,0.0,True,281.0,0.122,0.653,7,44,C30.108-001 430.314-001 430.201A-001 430.202B-003 430.217-003 E11.163-004,0.139,True
145,공과대학,전기·정보공학부,2학년,논리설계 및 실험 | 확률변수 및 확률과정의 기초 | 기초전자기학 및 연습 | 자료구조의 기초 | 남북관계와 통일의 전망 | 인간관계의 심리학,GATE,6,17,324,216,15,True,exact,15,338.9,34.2,407.2,360.0,346.1,403.8,1.0,35.2,430.5,21.1,0.059,23.2,64.0,5.291,338.9,0.0,True,302.7,0.12,0.847,7,42,C30.108-001 430.314-001 430.201A-001 430.202B-003 430.217-003 E11.163-004,0.093,True
146,생활과학대학,의류학과,3학년,의류소재관리 및 실험 | 3D 패턴 CAD 및 가상착의 1 | 패션소비자분석 | 테크니컬 디자인 | 수학 2 | 한국문화와 불교,919A,6,31,26,14,14,True,exact,14,157.6,0.0,157.6,160.6,160.5,173.9,0.286,0.6,161.8,3.1,0.019,4.2,42.6,3.697,157.6,0.0,True,137.1,0.149,0.343,7,13,353.328-001 M1461.003500-001 353.337-001 353.435-001 C20.147-001 F31.105-018,0.05,True
146,생활과학대학,의류학과,3학년,의류소재관리 및 실험 | 3D 패턴 CAD 및 가상착의 1 | 패션소비자분석 | 테크니컬 디자인 | 수학 2 | 한국문화와 불교,GATE,6,31,26,14,14,True,exact,14,137.5,0.0,137.5,141.4,142.7,145.1,0.286,0.6,142.5,3.9,0.027,5.0,36.2,3.798,137.5,0.0,True,127.0,0.083,0.331,8,14,353.328-001 M1461.003500-001 353.337-001 353.435-001 C20.147-001 F31.105-018,0.042,True
147,공과대학,에너지자원공학과,4학년,지구물리 모니터링 | 에너지사업 타당성평가 | 초급러시아어 2 | 미학과 예술론 | 기초영어 | 시장경제와 법,919A,6,13,14,14,4,True,exact,4,164.7,50.2,265.2,182.2,188.0,188.0,1.0,50.4,282.9,17.5,0.096,17.7,49.0,3.358,164.7,0.0,True,149.6,0.101,0.255,4,10,M1594.003000-001 M1594.002400-001 F23.102-001 E11.143-001 C20.115-001 F21.100-005,0.039,True
147,공과대학,에너지자원공학과,4학년,지구물리 모니터링 | 에너지사업 타당성평가 | 초급러시아어 2 | 미학과 예술론 | 기초영어 | 시장경제와 법,GATE,6,13,14,14,4,True,exact,4,169.0,50.2,269.4,194.3,202.7,202.7,1.0,50.4,295.0,25.3,0.13,25.6,41.2,4.104,169.0,0.0,True,160.1,0.056,0.221,4,10,M1594.003000-001 M1594.002400-001 F23.102-001 E11.143-001 C20.115-001 F21.100-005,0.029,True
148,생활과학대학,소비자아동학부,4학년,아동문학교육 | 아동가족과 법 | 아동상담론 | 글로벌시장과 소비자 | 라틴어 1 | 한국사의 새로운 해석,919A,6,12,12,12,3,True,exact,3,121.0,0.0,121.0,124.2,121.0,130.5,0.0,0.0,124.2,3.1,0.025,3.1,31.9,3.792,121.0,0.0,True,103.3,0.172,0.194,3,9,M2808.003900-001 M2808.003300-001 M2808.002400-001 M1471.000200-001 C20.150-001 F29.103-002,0.029,True
148,생활과학대학,소비자아동학부,4학년,아동문학교육 | 아동가족과 법 | 아동상담론 | 글로벌시장과 소비자 | 라틴어 1 | 한국사의 새로운 해석,GATE,6,12,12,12,3,True,exact,3,129.7,0.0,129.7,136.7,140.2,140.2,0.0,0.0,136.7,7.0,0.051,7.0,29.2,4.447,129.7,0.0,True,119.3,0.087,0.22,3,9,M2808.003900-001 M2808.003300-001 M2808.002400-001 M1471.000200-001 C20.150-001 F29.103-003,0.021,True
149,사범대학,국어교육과,4학년,한국구비문학교육론 | 국어의미화용교육론 | 국어교육세미나 | 대기과학실험 | 대학영어 2: 말하기 | 미학과 예술론,919A,6,20,72,66,14,True,exact,14,104.8,0.0,104.8,125.1,124.7,133.0,0.0,0.0,125.1,20.3,0.162,20.3,33.2,3.156,104.8,0.0,True,90.5,0.158,0.59,10,18,705.419-001 705.418B-001 705.423-001 C20.115-001 F36.101L-003 F21.202-012,0.095,True
149,사범대학,국어교육과,4학년,한국구비문학교육론 | 국어의미화용교육론 | 국어교육세미나 | 대기과학실험 | 대학영어 2: 말하기 | 미학과 예술론,GATE,6,20,72,66,14,True,exact,14,141.9,0.0,141.9,167.9,170.6,171.6,0.0,0.0,167.9,26.0,0.155,26.0,36.8,3.855,141.9,0.0,True,132.9,0.068,0.645,14,22,705.419-001 705.418B-001 705.423-001 C20.115-001 F36.101L-003 F21.202-012,0.093,True
150,음악대학,음악학과,1학년,음악미학 | 음악 프로덕션 입문 2 | 죽음의 과학적 이해 | 라틴어 1 | 대학 글쓰기 1,919A,5,84,888,696,114,True,exact,114,109.0,0.0,109.0,127.3,130.4,173.0,0.079,0.2,127.6,18.3,0.144,18.6,26.4,4.131,109.0,0.0,True,91.6,0.19,2.592,54,62,6522.1318-001 E11.174-001 M3535.001000-002 F29.103-005 F11.101-059,2.276,True
150,음악대학,음악학과,1학년,음악미학 | 음악 프로덕션 입문 2 | 죽음의 과학적 이해 | 라틴어 1 | 대학 글쓰기 1,GATE,5,84,888,696,114,True,exact,114,97.5,0.0,97.5,114.2,108.8,163.8,0.079,0.2,114.6,16.8,0.147,17.1,23.9,4.087,97.5,0.0,True,90.5,0.077,1.821,20,27,6522.1318-001 E11.174-001 M3535.001000-002 F29.103-004 F11.101-048,0.634,True
151,자연과학대학,화학부,4학년,전기화학: 기초와 응용 | 분자설계및합성 | 분자생화학 | 도덕적 추론 | 대학영어 1 | 국제정치학입문,919A,6,61,110,108,27,True,exact,27,214.1,0.0,214.1,230.2,236.1,240.4,0.0,0.0,230.2,16.1,0.07,16.1,47.9,4.47,214.1,0.0,True,192.7,0.111,1.211,16,22,M1409.002500-001 3343.411-001 3343.409A-001 C20.107-001 C30.105-001 F21.101-012,0.212,True
151,자연과학대학,화학부,4학년,전기화학: 기초와 응용 | 분자설계및합성 | 분자생화학 | 도덕적 추론 | 대학영어 1 | 국제정치학입문,GATE,6,61,110,108,27,True,exact,27,175.5,0.0,175.5,188.4,192.2,197.4,0.0,0.0,188.4,12.9,0.069,12.9,35.4,4.955,175.5,0.0,True,167.7,0.046,1.207,16,22,M1409.002500-001 3343.411-001 3343.409A-001 C20.107-001 C30.105-001 F21.101-004,0.158,True
152,학부대학,연합전공 글로벌환경경영학,4학년,기후변화협약과 환경기술 | 생태철학과 환경윤리 | 환경분석 및 계획 | 대학 글쓰기 1 | 대학영어 1 | 정치와 정치이념,919A,6,133,4070,3132,464,True,exact,464,197.1,0.0,197.1,210.7,205.1,235.5,0.0,0.0,210.7,13.6,0.064,13.6,39.8,4.951,197.1,0.0,True,175.6,0.122,11.945,246,266,538.401-001 538.302A-001 538.309-001 C30.132-001 F21.101-003 F11.101-030,1.775,True
152,학부대학,연합전공 글로벌환경경영학,4학년,기후변화협약과 환경기술 | 생태철학과 환경윤리 | 환경분석 및 계획 | 대학 글쓰기 1 | 대학영어 1 | 정치와 정치이념,GATE,6,133,4070,3132,464,True,exact,464,165.7,0.0,165.7,182.2,176.8,220.3,0.0,0.0,182.2,16.5,0.091,16.5,32.6,5.075,166.7,0.98,False,159.2,0.041,10.349,131,151,538.401-001 538.302A-001 538.309-001 C30.132-001 F21.101-011 F11.101-033,1.447,True
153,농업생명과학대학,산림과학부,4학년,학술림 연구 및 실습 | 산림복원공학 및 실습 | 환경재료과학 논문연구 | 수학 2 | 물리학실험 2,919A,5,78,1274,168,872,True,exact,872,199.3,0.0,199.3,209.3,199.7,250.3,0.0,0.0,209.3,10.1,0.048,10.1,39.6,5.037,199.3,0.0,True,178.9,0.114,2.371,70,83,M1698.001900-002 M1698.002300-002 M1699.000400-001 F33.107L-030 F31.105-006,0.479,True
153,농업생명과학대학,산림과학부,4학년,학술림 연구 및 실습 | 산림복원공학 및 실습 | 환경재료과학 논문연구 | 수학 2 | 물리학실험 2,GATE,5,78,1274,168,872,True,exact,872,141.3,0.0,141.3,152.1,146.1,174.6,0.0,0.0,152.1,10.8,0.071,10.8,26.3,5.381,142.3,1.02,False,138.7,0.019,3.118,82,95,M1698.001900-002 M1698.002300-002 M1699.000400-001 F33.107L-030 F31.105-016,0.718,True
154,사범대학,체육교육과,2학년,체육교육론 | 스포츠참여증진 프로그램 개발 및 평가 | 스포츠심리학 | 운동학습 및 제어 | 죽음의 과학적 이해,919A,5,5,1,1,1,False,exact,1,152.5,0.0,152.5,152.5,152.5,152.5,0.0,0.0,152.5,0.0,0.0,0.0,40.6,3.753,152.5,0.0,True,133.6,0.141,0.068,1,6,722.201A-001 M1886.001600-001 M1886.004100-001 M1886.004200-001 E11.174-001,0.015,True
154,사범대학,체육교육과,2학년,체육교육론 | 스포츠참여증진 프로그램 개발 및 평가 | 스포츠심리학 | 운동학습 및 제어 | 죽음의 과학적 이해,GATE,5,5,1,1,1,False,exact,1,61.1,0.0,61.1,61.1,61.1,61.1,0.0,0.0,61.1,0.0,0.0,0.0,20.3,3.013,61.1,0.0,True,57.0,0.073,0.056,1,6,722.201A-001 M1886.001600-001 M1886.004100-001 M1886.004200-001 E11.174-001,0.009,True
155,자연과학대학,생명과학부,4학년,면역학 | 시스템 신경과학 개론 | 진화생물학 | 대학 글쓰기 1 | 한국현대사의 이해,919A,5,81,296,232,105,True,exact,105,168.7,0.0,168.7,192.2,195.6,229.8,0.0,0.0,192.2,23.4,0.122,23.4,31.7,5.326,168.7,0.0,True,149.6,0.128,2.937,79,85,3346.403-001 M1410.002800-001 3346.401-001 C20.153-003 F11.101-030,0.623,True
155,자연과학대학,생명과학부,4학년,면역학 | 시스템 신경과학 개론 | 진화생물학 | 대학 글쓰기 1 | 한국현대사의 이해,GATE,5,81,296,232,105,True,exact,105,129.1,0.0,129.1,159.3,161.0,197.7,0.0,0.0,159.3,30.2,0.189,30.2,25.4,5.075,129.1,0.0,True,124.3,0.039,1.498,15,20,3346.403-001 M1410.002800-001 3346.401-001 C20.153-002 F11.101-021,0.224,True
156,사범대학,불어교육과,4학년,프랑스어 데이터와 언어학 | 프랑스어교과논리 및 논술 | 대중예술의 이해 | 대학영어 1 | 수학연습 2 | 물리학실험,919A,6,113,59400,22032,4237,True,exact,4237,104.2,0.0,104.2,157.9,159.5,186.4,0.025,0.0,157.9,53.6,0.34,53.7,29.3,3.562,104.3,0.1,False,91.6,0.138,9.391,63,94,M1851.002900-001 708.338A-001 C10.106-002 F33.105L-004 F31.105L-017 F21.101-013,1.629,True
156,사범대학,불어교육과,4학년,프랑스어 데이터와 언어학 | 프랑스어교과논리 및 논술 | 대중예술의 이해 | 대학영어 1 | 수학연습 2 | 물리학실험,GATE,6,113,59400,22032,4237,True,exact,4237,119.8,0.0,119.8,184.6,190.1,213.5,0.025,0.0,184.7,64.8,0.351,64.9,30.3,3.953,119.8,0.0,True,112.4,0.066,8.314,44,71,M1851.002900-001 708.338A-001 C10.106-002 F33.105L-003 F31.105L-016 F21.101-001,1.28,True
157,사회과학대학,지리학과,4학년,인류세와 지속가능성 | 지리공간의 역사와 사상 | 동서문명의 만남과 실크로드 | 행복한 삶과 사회복지 | 수학 2,919A,5,30,26,14,18,True,exact,18,142.1,0.0,142.1,144.8,144.8,158.2,0.0,0.0,144.8,2.7,0.019,2.7,41.3,3.442,142.1,0.0,True,124.7,0.139,0.335,9,14,M1310.001500-001 208.421A-001 C20.108-001 C30.139-001 F31.105-006,0.056,True
157,사회과학대학,지리학과,4학년,인류세와 지속가능성 | 지리공간의 역사와 사상 | 동서문명의 만남과 실크로드 | 행복한 삶과 사회복지 | 수학 2,GATE,5,30,26,14,18,True,exact,18,125.7,0.0,125.7,129.4,130.7,133.1,0.0,0.0,129.4,3.7,0.029,3.7,33.5,3.752,125.7,0.0,True,118.7,0.059,0.362,10,15,M1310.001500-001 208.421A-001 C20.108-001 C30.139-001 F31.105-006,0.045,True
158,공과대학,기계공학부,1학년,고체역학 | 공학수학 3 | 처음 배우는 서양사 | 독일어권 문화의 이해 | 물리학실험 2,919A,5,56,294,72,73,True,exact,73,197.9,0.0,197.9,226.7,224.1,276.7,0.0,0.0,226.7,28.7,0.127,28.7,55.2,3.587,197.9,0.0,True,177.0,0.118,0.879,16,23,M2794.001000-001 400.003-001 C20.140-001 C30.109-003 F33.107L-040,0.127,True
158,공과대학,기계공학부,1학년,고체역학 | 공학수학 3 | 처음 배우는 서양사 | 독일어권 문화의 이해 | 물리학실험 2,GATE,5,56,294,72,73,True,exact,73,221.3,0.0,221.3,251.1,253.8,297.4,0.0,0.0,251.1,29.8,0.119,29.8,57.2,3.87,221.3,0.0,True,203.0,0.09,0.718,15,22,M2794.001000-001 400.003-001 C20.140-001 C30.109-002 F33.107L-040,0.125,True
159,사범대학,체육교육과,2학년,체육교육론 | 스포츠마케팅 | 운동학습 및 제어 | 스포츠사회학 | 생물학 | 수학 2,919A,6,35,130,70,5,True,exact,5,206.2,11.1,228.4,218.5,222.3,222.3,1.0,15.8,250.1,12.2,0.056,21.8,50.0,4.121,206.2,0.0,True,185.6,0.112,0.289,3,9,722.201A-001 722.447-001 M1886.004200-001 722.329A-001 F35.103-002 F31.105-013,0.056,True
159,사범대학,체육교육과,2학년,체육교육론 | 스포츠마케팅 | 운동학습 및 제어 | 스포츠사회학 | 생물학 | 수학 2,GATE,6,35,130,70,5,True,exact,5,152.6,11.1,174.8,158.3,160.8,160.8,1.0,15.8,189.9,5.6,0.036,15.1,31.9,4.779,152.6,0.0,True,146.2,0.044,0.282,3,9,722.201A-001 722.447-001 M1886.004200-001 722.329A-001 F35.103-002 F31.105-013,0.026,True
160,사범대학,생물교육과,2학년,동물분류학 및 지도법 | 동물생리학교육 | 생명과학실험 및 지도법 1 | 유전학교육 | 수학연습 2,919A,5,49,45,17,16,True,exact,16,119.7,0.0,119.7,120.6,120.1,127.2,0.0,0.0,120.6,0.9,0.008,0.9,32.5,3.68,119.7,0.0,True,104.0,0.151,0.548,7,12,719.235-001 719.332A-001 M1878.000700-001 719.333-001 F31.105L-004,0.05,True
160,사범대학,생물교육과,2학년,동물분류학 및 지도법 | 동물생리학교육 | 생명과학실험 및 지도법 1 | 유전학교육 | 수학연습 2,GATE,5,49,45,17,16,True,exact,16,173.5,0.0,173.5,174.7,174.2,177.9,0.0,0.0,174.7,1.2,0.007,1.2,33.4,5.191,173.5,0.0,True,159.8,0.086,0.313,7,12,719.235-001 719.332A-001 M1878.000700-001 719.333-001 F31.105L-033,0.039,True
161,농업생명과학대학,응용생물화학부,2학년,생화학 1 | 일반미생물학 | 생화학실험 | 식물병리학총론 | 물리의 기본 2,919A,5,6,2,2,1,False,exact,1,178.4,0.0,178.4,178.4,178.4,178.4,0.0,0.0,178.4,0.0,0.0,0.0,43.8,4.077,178.4,0.0,True,162.8,0.096,0.113,1,6,519.204-001 5192.250-001 M1678.001200-001 5192.252-001 F33.104-002,0.019,True
161,농업생명과학대학,응용생물화학부,2학년,생화학 1 | 일반미생물학 | 생화학실험 | 식물병리학총론 | 물리의 기본 2,GATE,5,6,2,2,1,False,exact,1,148.4,0.0,148.4,148.4,148.4,148.4,0.0,0.0,148.4,0.0,0.0,0.0,34.2,4.344,148.4,0.0,True,144.1,0.03,0.107,1,6,519.204-001 5192.250-001 M1678.001200-001 5192.252-001 F33.104-002,0.014,True
162,사범대학,교육학과,4학년,인적자원개발론 | 고급수학 2 | 초급한문 1 | 인간관계의 심리학 | 수학연습 2 | 대학영어 2: 글쓰기,919A,6,85,124740,40800,6390,True,exact,6390,121.6,0.0,121.6,167.2,167.3,187.2,0.0,0.0,167.2,45.6,0.273,45.6,36.1,3.372,121.6,0.0,True,107.5,0.132,20.021,348,487,701.432A-001 F31.107-003 E11.163-002 F28.101-008 F31.105L-033 F21.201-020,3.824,True
162,사범대학,교육학과,4학년,인적자원개발론 | 고급수학 2 | 초급한문 1 | 인간관계의 심리학 | 수학연습 2 | 대학영어 2: 글쓰기,GATE,6,85,124740,40800,6390,True,exact,6390,127.1,0.0,127.1,159.3,158.2,190.8,0.0,0.0,159.3,32.2,0.202,32.2,31.0,4.102,127.1,0.0,True,119.1,0.067,17.71,215,345,701.432A-001 F31.107-003 E11.163-003 F28.101-008 F31.105L-033 F21.201-020,4.067,True
163,수의과대학,수의과대학,2학년,수의미생물학 2 | 수의전문직업성 4 (진로탐구와 동물병원 실습) | 예방수의학통합실습 4 | 실험동물의학 | 대중예술의 이해,919A,5,7,3,3,2,True,exact,2,239.9,0.0,239.9,240.0,240.0,240.0,0.5,3.5,246.9,0.1,0.0,7.0,40.6,5.904,239.9,0.0,True,219.7,0.092,0.178,2,7,M1744.005900-001 M2180.003100-001 M1744.006600-001 M1744.006400-001 C10.106-003,0.049,True
163,수의과대학,수의과대학,2학년,수의미생물학 2 | 수의전문직업성 4 (진로탐구와 동물병원 실습) | 예방수의학통합실습 4 | 실험동물의학 | 대중예술의 이해,GATE,5,7,3,3,2,True,exact,2,164.9,0.0,164.9,161.0,161.0,164.9,0.5,3.5,167.9,-4.0,-0.025,3.0,26.9,6.131,164.9,0.0,True,156.1,0.057,0.133,2,7,M1744.005900-001 M2180.003100-001 M1744.006600-001 M1744.006400-001 C10.106-003,0.02,True
164,자연과학대학,화학부,2학년,유기화학 2 | 기기분석 | 물리화학2 | 무기화학 1: 구조와 결합 | 중급독일어 1 | 대학 글쓰기 2: 인문학글쓰기,919A,6,26,40,30,14,True,exact,14,112.9,0.0,112.9,121.5,120.7,144.0,0.0,0.0,121.5,8.5,0.07,8.5,33.2,3.402,112.9,0.0,True,99.6,0.134,0.428,8,14,3343.206-001 3343.404-001 3343.301A-001 M1409.001600-001 F22.201-002 F11.201-013,0.059,True
164,자연과학대학,화학부,2학년,유기화학 2 | 기기분석 | 물리화학2 | 무기화학 1: 구조와 결합 | 중급독일어 1 | 대학 글쓰기 2: 인문학글쓰기,GATE,6,26,40,30,14,True,exact,14,135.0,0.0,135.0,140.2,135.3,169.9,0.0,0.0,140.2,5.2,0.037,5.2,36.4,3.706,135.3,0.32,False,128.3,0.052,0.457,8,14,3343.206-001 3343.404-001 3343.301A-001 M1409.001600-001 F22.201-002 F11.201-011,0.055,True
165,자연과학대학,화학부,3학년,대사생화학 | 유기무기실험 | 재료화학 1: 합성 및 특성 | 유기재료화학: 설계 및 응용 | 사상과 윤리 | 수학연습 2,919A,6,55,540,102,348,True,exact,348,183.1,0.0,183.1,226.0,225.2,242.4,0.0,0.0,226.0,42.9,0.19,42.9,30.8,5.954,183.1,0.0,True,164.1,0.116,2.03,49,59,3343.311-001 M1409.002700-001 M1409.002600-001 3343.313-001 C20.117-002 F31.105L-004,0.361,True
165,자연과학대학,화학부,3학년,대사생화학 | 유기무기실험 | 재료화학 1: 합성 및 특성 | 유기재료화학: 설계 및 응용 | 사상과 윤리 | 수학연습 2,GATE,6,55,540,102,348,True,exact,348,128.4,0.0,128.4,174.9,164.4,200.5,0.0,0.0,174.9,46.5,0.266,46.5,29.9,4.3,128.4,0.0,True,123.8,0.037,1.677,46,55,3343.311-001 M1409.002700-001 M1409.002600-001 3343.313-001 C20.117-002 F31.105L-033,0.355,True
166,사범대학,독어교육과,4학년,독문학교수법 | 독일문학과 상호문화 | 통계학 | 물리학실험 2 | 논리학,919A,5,59,735,180,203,True,exact,203,112.5,0.0,112.5,129.2,128.6,154.4,0.0,0.0,129.2,16.6,0.129,16.6,33.3,3.383,112.5,0.0,True,99.2,0.134,1.215,20,32,709.427-001 709.433-001 F32.102-010 C20.106-003 F33.107L-030,0.222,True
166,사범대학,독어교육과,4학년,독문학교수법 | 독일문학과 상호문화 | 통계학 | 물리학실험 2 | 논리학,GATE,5,59,735,180,203,True,exact,203,141.1,0.0,141.1,162.0,162.0,188.4,0.0,0.0,162.0,20.9,0.129,20.9,38.0,3.717,141.1,0.0,True,133.9,0.054,0.85,20,29,709.427-001 709.433-001 F32.102-009 C20.106-002 F33.107L-030,0.15,True
167,농업생명과학대학,식물생산과학부,4학년,산업인력개발학 학사논문연구 | 원예생명공학연습 | 조경식물학 및 실습 | 원예생명공학 학사논문연구1 | 이태리어 2,919A,5,5,1,1,1,False,exact,1,190.6,0.0,190.6,190.6,190.6,190.6,0.0,0.0,190.6,0.0,0.0,0.0,40.8,4.67,190.6,0.0,True,171.8,0.11,0.075,1,6,M1671.001300-001 5172.401A-001 5172.405A-001 M2744.000500-001 F29.117-001,0.06,True
167,농업생명과학대학,식물생산과학부,4학년,산업인력개발학 학사논문연구 | 원예생명공학연습 | 조경식물학 및 실습 | 원예생명공학 학사논문연구1 | 이태리어 2,GATE,5,5,1,1,1,False,exact,1,155.2,0.0,155.2,155.2,155.2,155.2,0.0,0.0,155.2,0.0,0.0,0.0,35.2,4.41,155.2,0.0,True,151.1,0.028,0.062,1,6,M1671.001300-001 5172.401A-001 5172.405A-001 M2744.000500-001 F29.117-001,0.013,True
168,인문대학,언어학과,4학년,응용음성학 | 언어학연습 2 | 인문데이터과학연습 | 화용론 | 수학연습 2,919A,5,49,45,17,3,True,exact,3,80.9,0.0,80.9,81.2,81.4,81.4,0.0,0.0,81.2,0.3,0.004,0.3,31.8,2.544,80.9,0.0,True,70.1,0.154,0.298,2,7,108.415-001 108.418-001 M2911.000300-001 108.420-001 F31.105L-033,0.049,True
168,인문대학,언어학과,4학년,응용음성학 | 언어학연습 2 | 인문데이터과학연습 | 화용론 | 수학연습 2,GATE,5,49,45,17,3,True,exact,3,93.9,0.0,93.9,95.0,95.6,95.6,0.0,0.0,95.0,1.2,0.012,1.2,32.5,2.886,93.9,0.0,True,88.6,0.06,0.268,2,7,108.415-001 108.418-001 M2911.000300-001 108.420-001 F31.105L-033,0.034,True
169,공과대학,산업공학과,2학년,산업공학개론 | 인간공학실험 | 산업공학의 이해 | 공학수학 1 | 교양연주- 거문고,919A,5,9,5,5,3,True,exact,3,149.8,0.0,149.8,184.7,202.1,202.1,0.0,0.0,184.7,34.8,0.189,34.8,48.4,3.094,149.8,0.0,True,138.1,0.085,0.114,3,8,400.015-001 406.305A-001 406.434-001 E42.102-001 F31.201-005,0.025,True
169,공과대학,산업공학과,2학년,산업공학개론 | 인간공학실험 | 산업공학의 이해 | 공학수학 1 | 교양연주- 거문고,GATE,5,9,5,5,3,True,exact,3,161.2,0.0,161.2,198.6,217.3,217.3,0.0,0.0,198.6,37.4,0.188,37.4,47.0,3.433,161.2,0.0,True,152.2,0.06,0.122,3,8,400.015-001 406.305A-001 406.434-001 E42.102-001 F31.201-005,0.018,True
170,사범대학,역사교육과,4학년,한국사회경제사 | 역사연구의 새로운 동향 | 동아시아사상사 | 포르투갈어입문 1 | AI와 인간의 경계 탐구 | 초급프랑스어 1,919A,6,14,9,9,1,False,exact,1,118.7,0.0,118.7,118.7,118.7,118.7,0.0,0.0,118.7,0.0,0.0,0.0,26.9,4.414,118.7,0.0,True,102.4,0.159,0.25,1,7,712.316-001 M1858.000800-001 M1858.000700-001 F29.122-001 E11.217-001 F26.101-001,0.04,True
170,사범대학,역사교육과,4학년,한국사회경제사 | 역사연구의 새로운 동향 | 동아시아사상사 | 포르투갈어입문 1 | AI와 인간의 경계 탐구 | 초급프랑스어 1,GATE,6,14,9,9,1,False,exact,1,170.1,0.0,170.1,170.1,170.1,170.1,0.0,0.0,170.1,0.0,0.0,0.0,34.6,4.919,170.1,0.0,True,159.1,0.069,0.202,1,7,712.316-001 M1858.000800-001 M1858.000700-001 F29.122-001 E11.217-001 F26.101-001,0.026,True
171,혁신공유학부,혁신공유학부,3학년,(공유)사회혁신을 위한 빅데이터 응용 | (공유)에너지기후변화정책 | 신입생 세미나 | 수학 2 | 베리타스 강좌 1: 의미,919A,5,32,78,42,78,True,exact,78,172.8,0.0,172.8,184.6,174.9,212.5,0.0,0.0,184.6,11.9,0.064,11.9,53.7,3.218,172.8,0.0,True,154.2,0.121,1.036,24,31,M3502.019700-001 M3500.005400-001 V10.126-001 E51.101-004 F31.105-006,0.244,True
171,혁신공유학부,혁신공유학부,3학년,(공유)사회혁신을 위한 빅데이터 응용 | (공유)에너지기후변화정책 | 신입생 세미나 | 수학 2 | 베리타스 강좌 1: 의미,GATE,5,32,78,42,78,True,exact,78,141.5,0.0,141.5,151.9,148.9,164.2,0.0,0.0,151.9,10.4,0.068,10.4,37.4,3.783,142.1,0.57,False,136.3,0.038,0.999,26,33,M3502.019700-001 M3500.005400-001 V10.126-001 E51.101-005 F31.105-010,0.192,True
172,경영대학,경영학과,2학년,조직행동론 | 중급회계1 | 경영정보론 | 경영과학 | 초급독일어 2,919A,5,16,288,288,19,True,exact,19,140.8,51.9,244.7,166.6,162.8,184.8,1.0,52.1,270.8,25.8,0.155,26.1,35.4,3.978,140.8,0.0,True,121.0,0.164,0.797,13,38,251.204A-002 251.326-004 F22.102-003 M1338.004000-005 251.207A-003,0.151,True
172,경영대학,경영학과,2학년,조직행동론 | 중급회계1 | 경영정보론 | 경영과학 | 초급독일어 2,GATE,5,16,288,288,19,True,exact,19,112.4,51.9,216.3,123.7,124.8,128.5,1.0,52.1,227.9,11.2,0.091,11.6,26.4,4.257,112.4,0.0,True,103.9,0.082,0.963,19,46,251.204A-002 251.326-003 F22.102-003 M1338.004000-002 251.207A-002,0.155,True
173,인문대학,아시아언어문명학부,2학년,이슬람문명의 기원과 전개 | 고대서아시아 신화와 문학 | 일본 전통 문화와 예술 | 동남아시아의 전통예술과 대중문화 | 현대사회와 윤리 | 수학 2,919A,6,31,26,14,4,True,exact,4,115.0,0.0,115.0,115.6,115.7,115.7,0.0,0.0,115.6,0.6,0.005,0.6,32.7,3.518,115.0,0.0,True,99.4,0.156,0.213,2,8,1003.232-001 1003.233-002 1003.274-001 M2751.000400-001 C20.154-001 F31.105-023,0.034,True
173,인문대학,아시아언어문명학부,2학년,이슬람문명의 기원과 전개 | 고대서아시아 신화와 문학 | 일본 전통 문화와 예술 | 동남아시아의 전통예술과 대중문화 | 현대사회와 윤리 | 수학 2,GATE,6,31,26,14,4,True,exact,4,143.4,0.0,143.4,144.9,145.3,145.3,0.0,0.0,144.9,1.4,0.01,1.4,33.2,4.324,143.4,0.0,True,134.5,0.066,0.194,2,8,1003.232-001 1003.233-002 1003.274-001 M2751.000400-001 C20.154-001 F31.105-023,0.026,True
174,공과대학,항공우주공학과,4학년,전산유체역학 기초 | 비행동역학및제어 | 인간생활과 경제 | 초급프랑스어 1 | 초급중국어 1,919A,5,26,126,126,52,True,exact,52,175.3,37.9,251.1,218.4,220.8,234.6,1.0,49.6,317.5,43.0,0.197,66.4,66.1,2.654,175.3,0.0,True,153.0,0.146,1.799,32,43,M2795.003500-001 M2795.004500-001 E11.165-001 F26.101-006 F25.101-012,0.393,True
174,공과대학,항공우주공학과,4학년,전산유체역학 기초 | 비행동역학및제어 | 인간생활과 경제 | 초급프랑스어 1 | 초급중국어 1,GATE,5,26,126,126,52,True,exact,52,199.0,37.9,274.7,237.5,231.2,261.5,1.0,49.6,336.7,38.6,0.162,62.0,61.0,3.262,199.0,0.0,True,181.8,0.094,1.909,27,38,M2795.003500-001 M2795.004500-001 E11.165-001 F26.101-006 F25.101-012,0.359,True
175,농업생명과학대학,농경제사회학부,3학년,국제개발과 농업 효과성평가 | 공간경제의 이해 | 생산경제학 | 시장개방과 농산물무역 | 심리학개론,919A,5,8,4,4,2,True,exact,2,179.2,0.0,179.2,179.5,179.5,179.9,0.0,0.0,179.5,0.4,0.002,0.4,52.2,3.432,179.2,0.0,True,163.0,0.099,0.099,2,7,M2649.000700-001 5202.205-001 5201.303-001 5201.309-001 E11.146-002,0.022,True
175,농업생명과학대학,농경제사회학부,3학년,국제개발과 농업 효과성평가 | 공간경제의 이해 | 생산경제학 | 시장개방과 농산물무역 | 심리학개론,GATE,5,8,4,4,2,True,exact,2,130.8,0.0,130.8,131.2,131.2,131.7,0.0,0.0,131.2,0.5,0.004,0.5,37.2,3.513,131.7,0.98,False,128.0,0.021,0.103,2,7,M2649.000700-001 5202.205-001 5201.303-001 5201.309-001 E11.146-002,0.015,True
176,농업생명과학대학,응용생물화학부,3학년,토양환경생태학 | 분자생물학실험 | 곤충생리 및 생화학 | 곤충생명공학 | 베리타스 강좌 1: 전쟁과 평화 | 운동과 건강,919A,6,6,1,1,1,False,exact,1,179.0,0.0,179.0,179.0,179.0,179.0,0.0,0.0,179.0,0.0,0.0,0.0,62.9,2.844,179.0,0.0,True,162.7,0.1,0.087,1,7,M1678.001900-001 M1678.001300-001 5192.359A-001 5192.461-001 V10.127-001 E43.116-001,0.019,True
176,농업생명과학대학,응용생물화학부,3학년,토양환경생태학 | 분자생물학실험 | 곤충생리 및 생화학 | 곤충생명공학 | 베리타스 강좌 1: 전쟁과 평화 | 운동과 건강,GATE,6,6,1,1,1,False,exact,1,133.8,0.0,133.8,133.8,133.8,133.8,0.0,0.0,133.8,0.0,0.0,0.0,43.5,3.074,133.8,0.0,True,130.1,0.028,0.085,1,7,M1678.001900-001 M1678.001300-001 5192.359A-001 5192.461-001 V10.127-001 E43.116-001,0.014,True
177,사범대학,윤리교육과,3학년,정치사상교육론 | 동양인성론과 동양우주론 | 도덕가치교육론 | 남북한사회연구 | 베리타스 강좌 1: 기후위기와 인류,919A,5,5,1,1,1,False,exact,1,96.4,0.0,96.4,96.4,96.4,96.4,0.0,0.0,96.4,0.0,0.0,0.0,20.8,4.645,96.4,0.0,True,83.1,0.16,0.084,1,6,714.414A-001 714.334-001 714.319A-001 714.316A-001 V10.101-002,0.02,True
177,사범대학,윤리교육과,3학년,정치사상교육론 | 동양인성론과 동양우주론 | 도덕가치교육론 | 남북한사회연구 | 베리타스 강좌 1: 기후위기와 인류,GATE,5,5,1,1,1,False,exact,1,177.3,0.0,177.3,177.3,177.3,177.3,0.0,0.0,177.3,0.0,0.0,0.0,32.3,5.491,177.3,0.0,True,164.4,0.078,0.079,1,6,714.414A-001 714.334-001 714.319A-001 714.316A-001 V10.101-002,0.015,True
178,공과대학,건축학과,2학년,건축재료역학 1 | 건축사 2 | 기초스튜디오 4 (패브리케이션 디자인) | 공학수학 1 | 초급한국어,919A,5,13,25,10,20,True,exact,20,157.7,0.0,157.7,162.5,157.7,176.9,0.0,0.0,162.5,4.8,0.03,4.8,42.7,3.694,157.7,0.0,True,144.1,0.095,0.212,6,12,4013.206A-001 4012.303-001 F27.101-001 M1498.013700-001 F31.201-001,0.041,True
178,공과대학,건축학과,2학년,건축재료역학 1 | 건축사 2 | 기초스튜디오 4 (패브리케이션 디자인) | 공학수학 1 | 초급한국어,GATE,5,13,25,10,20,True,exact,20,168.1,0.0,168.1,172.8,168.1,187.0,0.0,0.0,172.8,4.7,0.027,4.7,41.3,4.065,168.1,0.0,True,160.4,0.048,0.204,6,12,4013.206A-001 4012.303-001 F27.101-001 M1498.013700-001 F31.201-001,0.035,True
179,인문대학,노어노문학과,3학년,고급 러시아어 | 러시아문예학개론 | 러시아 아방가르드 | 러시아문학작가연구 1 | 화학실험,919A,5,18,14,11,8,True,exact,8,103.3,0.0,103.3,109.1,103.4,126.4,0.0,0.0,109.1,5.8,0.053,5.8,35.2,2.934,103.3,0.0,True,88.2,0.172,0.167,6,11,M1242.000600-001 106.242A-001 M1242.003500-001 106.445-001 F34.103L-020,0.028,True
179,인문대학,노어노문학과,3학년,고급 러시아어 | 러시아문예학개론 | 러시아 아방가르드 | 러시아문학작가연구 1 | 화학실험,GATE,5,18,14,11,8,True,exact,8,122.0,0.0,122.0,127.7,122.0,144.6,0.0,0.0,127.7,5.6,0.044,5.6,32.8,3.722,122.0,0.01,True,115.7,0.055,0.17,6,11,M1242.000600-001 106.242A-001 M1242.003500-001 106.445-001 F34.103L-021,0.025,True
180,사범대학,교직연합전공 통합사회,3학년,통합사회교과교육론 | 통합사회교과 교재 및 연구법 | 한국사 | 미학과 예술론 | 여성과 문학,919A,5,9,8,8,3,True,exact,3,68.9,0.0,68.9,75.5,69.0,88.7,0.0,0.0,75.5,6.7,0.088,6.7,22.6,3.047,69.0,0.1,False,59.2,0.163,0.138,3,8,M1855.000600-001 M1855.000700-001 C10.139-001 C20.115-002 C20.149-005,0.024,True
180,사범대학,교직연합전공 통합사회,3학년,통합사회교과교육론 | 통합사회교과 교재 및 연구법 | 한국사 | 미학과 예술론 | 여성과 문학,GATE,5,9,8,8,3,True,exact,3,104.1,0.0,104.1,114.4,106.3,132.7,0.0,0.0,114.4,10.3,0.09,10.3,31.9,3.263,104.1,0.0,True,96.9,0.074,0.129,3,8,M1855.000600-001 M1855.000700-001 C10.139-001 C20.115-002 C20.149-005,0.019,True
181,공과대학,건설환경도시공학부,2학년,기초유체역학 및 실험 | 구조해석 1 | 교통공학 및 실험 | 환경공학 | 물리학실험 2 | 초급한문 1,919A,6,66,2156,480,720,True,exact,720,149.2,0.0,149.2,173.9,173.2,204.2,0.0,0.0,173.9,24.7,0.142,24.7,34.7,4.3,149.5,0.28,False,134.3,0.111,2.345,32,53,M1586.002000-001 457.208-001 457.204-001 457.210A-001 F28.101-006 F33.107L-023,1.078,True
181,공과대학,건설환경도시공학부,2학년,기초유체역학 및 실험 | 구조해석 1 | 교통공학 및 실험 | 환경공학 | 물리학실험 2 | 초급한문 1,GATE,6,66,2156,480,720,True,exact,720,157.8,0.0,157.8,187.8,187.2,217.9,0.0,0.0,187.8,30.0,0.16,30.0,37.1,4.252,158.1,0.28,False,147.3,0.071,1.82,30,47,M1586.002000-001 457.208-001 457.204-001 457.210A-001 F28.101-006 F33.107L-022,0.569,True
182,인문대학,중어중문학과,3학년,중국문학사 | 고급중국어 | 중국 전통 문화의 의미와 현대 중국 | 초급독일어 2 | 대학 글쓰기 2: 인문학글쓰기,919A,5,26,60,45,42,True,exact,42,133.8,51.9,237.6,146.4,148.2,153.3,1.0,51.9,250.1,12.6,0.086,12.5,18.0,7.431,133.8,0.0,True,115.4,0.159,1.18,31,38,M1234.000700-001 102.321-001 102.327-001 F22.102-003 F11.201-007,0.369,True
182,인문대학,중어중문학과,3학년,중국문학사 | 고급중국어 | 중국 전통 문화의 의미와 현대 중국 | 초급독일어 2 | 대학 글쓰기 2: 인문학글쓰기,GATE,5,26,60,45,42,True,exact,42,150.2,51.9,254.0,159.4,159.1,169.7,1.0,51.9,263.2,9.2,0.058,9.1,24.3,6.19,150.2,0.0,True,143.0,0.05,1.139,31,38,M1234.000700-001 102.321-001 102.327-001 F22.102-001 F11.201-003,0.293,True
183,인문대학,아시아언어문명학부,1학년,일본문명의 이해 | 인도문명의 이해 | 공연예술의 이해 | 대학 글쓰기 2: 과학기술글쓰기 | 베리타스 강좌 1: 스포츠로 배우는 경쟁과 협력 | 음악과 사회,919A,6,38,336,132,8,True,exact,8,153.7,0.0,153.7,154.1,154.0,155.3,0.0,0.0,154.1,0.4,0.002,0.4,33.7,4.565,154.0,0.3,False,134.2,0.146,0.314,3,9,100.171-001 100.168-001 V10.125-001 C10.146-002 C10.102-001 F11.203-001,0.062,True
183,인문대학,아시아언어문명학부,1학년,일본문명의 이해 | 인도문명의 이해 | 공연예술의 이해 | 대학 글쓰기 2: 과학기술글쓰기 | 베리타스 강좌 1: 스포츠로 배우는 경쟁과 협력 | 음악과 사회,GATE,6,38,336,132,8,True,exact,8,150.5,0.0,150.5,155.1,155.3,163.7,0.0,0.0,155.1,4.6,0.03,4.6,31.7,4.749,150.5,0.0,True,139.4,0.079,0.284,3,9,100.171-001 100.168-001 V10.125-001 C10.146-002 C10.102-001 F11.203-001,0.05,True
184,음악대학,국악과,2학년,국악관악합주2 | 한국춤 2 | 국악가창세미나 | 민속악합주2 | 수학 2 | 베리타스 강좌 2: 뇌-마음-언어로 보는 인간,919A,6,31,26,14,1,False,exact,1,158.2,1.4,161.0,158.2,158.2,158.2,1.0,1.4,161.0,0.0,0.0,0.0,54.2,2.919,158.2,0.0,True,139.1,0.137,0.242,1,7,M2183.004200-001 654.2501A-001 M1803.001300-001 M2183.004600-001 V20.107-001 F31.105-013,0.052,True
184,음악대학,국악과,2학년,국악관악합주2 | 한국춤 2 | 국악가창세미나 | 민속악합주2 | 수학 2 | 베리타스 강좌 2: 뇌-마음-언어로 보는 인간,GATE,6,31,26,14,1,False,exact,1,128.0,1.4,130.7,128.0,128.0,128.0,1.0,1.4,130.7,0.0,0.0,0.0,39.8,3.217,128.0,0.0,True,118.6,0.08,0.212,1,7,M2183.004200-001 654.2501A-001 M1803.001300-001 M2183.004600-001 V20.107-001 F31.105-013,0.036,True
185,학부대학,연합전공 글로벌환경경영학,4학년,기후변화협약과 환경기술 | 환경분석 및 계획 | 생태철학과 환경윤리 | 컴퓨팅 기초: 처음 만나는 컴퓨팅 | 과학기술과 사회 | 대학영어 1,919A,6,79,2090,864,234,True,exact,234,192.9,5.2,203.2,217.3,214.3,235.8,0.573,3.0,223.2,24.4,0.112,20.0,40.3,4.789,192.9,0.0,True,173.2,0.114,3.004,58,71,538.401-001 538.309-001 538.302A-001 E11.107-001 F37.101-006 F21.101-012,0.796,True
185,학부대학,연합전공 글로벌환경경영학,4학년,기후변화협약과 환경기술 | 환경분석 및 계획 | 생태철학과 환경윤리 | 컴퓨팅 기초: 처음 만나는 컴퓨팅 | 과학기술과 사회 | 대학영어 1,GATE,6,79,2090,864,234,True,exact,234,173.5,5.2,183.8,189.6,189.3,202.7,0.573,3.0,195.6,16.2,0.085,11.7,35.0,4.958,173.5,0.0,True,165.8,0.046,3.658,66,81,538.401-001 538.309-001 538.302A-001 E11.107-001 F37.101-006 F21.101-012,0.877,True
186,미술대학,디자인과,4학년,디자인비즈니스 | 디자인포트폴리오 | 대학영어 1 | 수학 2 | 대학 글쓰기 2: 인문학글쓰기 | 대학 글쓰기 1,919A,6,177,2116400,657720,48943,True,sample,4000,120.1,0.0,120.1,155.7,153.5,,0.019,0.0,155.8,35.7,0.229,35.7,28.2,4.259,120.2,0.18,False,104.1,0.154,110.35,951,1218,M1774.001300-001 M3389.003900-001 F31.105-018 F11.201-008 F21.101-017 F11.101-019,24.527,True
186,미술대학,디자인과,4학년,디자인비즈니스 | 디자인포트폴리오 | 대학영어 1 | 수학 2 | 대학 글쓰기 2: 인문학글쓰기 | 대학 글쓰기 1,GATE,6,177,2116400,657720,48943,True,sample,4000,110.3,0.0,110.3,154.5,154.0,,0.019,0.0,154.6,44.2,0.286,44.3,24.9,4.436,110.3,0.0,True,104.0,0.06,33.397,139,237,M1774.001300-001 M3389.003900-001 F31.105-006 F11.201-001 F21.101-017 F11.101-048,5.621,True
187,사범대학,지리교육과,3학년,지리교재연구 및 지도법 | 지리 논리 및 논술 | 경제지리교육론 | 근·현대 한국민족주의 | 컴퓨팅 탐색: 실생활에서 활용하기 | 수학 2,919A,6,32,52,28,26,True,exact,26,142.5,0.0,142.5,144.5,143.5,158.2,0.0,0.0,144.5,1.9,0.013,1.9,32.9,4.337,142.5,0.0,True,125.0,0.14,0.673,12,18,M1861.000500-001 M1861.000600-001 713.228-001 C20.103-001 F37.206-001 F31.105-006,0.097,True
187,사범대학,지리교육과,3학년,지리교재연구 및 지도법 | 지리 논리 및 논술 | 경제지리교육론 | 근·현대 한국민족주의 | 컴퓨팅 탐색: 실생활에서 활용하기 | 수학 2,GATE,6,32,52,28,26,True,exact,26,178.4,0.0,178.4,181.3,181.6,185.3,0.0,0.0,181.3,2.9,0.016,2.9,34.9,5.111,178.4,0.0,True,168.2,0.061,0.638,14,20,M1861.000500-001 M1861.000600-001 713.228-001 C20.103-001 F37.206-001 F31.105-006,0.077,True
188,미술대학,조소과,3학년,미디어 기획 | 현대매체예술사 | 현대조각론 2 | 미디어 아트 | 베리타스 강좌 1: 전쟁과 평화,919A,5,5,1,1,1,False,exact,1,112.0,0.0,112.0,112.0,112.0,112.0,0.0,0.0,112.0,0.0,0.0,0.0,38.9,2.879,112.0,0.0,True,94.7,0.183,0.089,1,6,613.453A-001 613.302-001 603.414-002 613.357A-001 V10.127-001,0.019,True
188,미술대학,조소과,3학년,미디어 기획 | 현대매체예술사 | 현대조각론 2 | 미디어 아트 | 베리타스 강좌 1: 전쟁과 평화,GATE,5,5,1,1,1,False,exact,1,102.4,0.0,102.4,102.4,102.4,102.4,0.0,0.0,102.4,0.0,0.0,0.0,31.7,3.231,102.4,0.0,True,94.2,0.088,0.098,1,6,613.453A-001 613.302-001 603.414-002 613.357A-001 V10.127-001,0.012,True
189,생활과학대학,식품영양학과,2학년,"기초영양학 | 식품화학 | 조리원리및실습 | 급식경영학 | 기초영어 | 함께 사는 법 – 노동, 복지 그리고 삶",919A,6,12,7,7,2,True,exact,2,132.3,0.0,132.3,146.2,146.2,160.0,0.0,0.0,146.2,13.8,0.095,13.8,34.3,3.853,132.3,0.0,True,113.2,0.169,0.261,2,8,352.327B-001 352.217B-001 352.215-001 352.213B-001 E11.185-001 F21.100-004,0.024,True
189,생활과학대학,식품영양학과,2학년,"기초영양학 | 식품화학 | 조리원리및실습 | 급식경영학 | 기초영어 | 함께 사는 법 – 노동, 복지 그리고 삶",GATE,6,12,7,7,2,True,exact,2,100.9,0.0,100.9,107.4,107.4,114.0,0.0,0.0,107.4,6.6,0.061,6.6,29.6,3.41,100.9,0.0,True,93.7,0.076,0.129,2,8,352.327B-001 352.217B-001 352.215-001 352.213B-001 E11.185-001 F21.100-004,0.017,True
190,첨단융합학부,첨단융합학부,4학년,메모리 및 인공지능소자 | 데이터과학 창의연구 | 컴퓨팅 탐색: 실생활에서 활용하기 | 대학영어 1 | 인문사회계를 위한 통계학,919A,5,60,110,108,43,True,exact,43,160.0,0.0,160.0,188.4,189.6,202.8,0.0,0.0,188.4,28.4,0.151,28.4,40.8,3.923,160.0,0.0,True,143.4,0.115,1.401,28,34,M3637.001600-001 M3635.000800-001 F32.104-001 F37.206-001 F21.101-001,0.213,True
190,첨단융합학부,첨단융합학부,4학년,메모리 및 인공지능소자 | 데이터과학 창의연구 | 컴퓨팅 탐색: 실생활에서 활용하기 | 대학영어 1 | 인문사회계를 위한 통계학,GATE,5,60,110,108,43,True,exact,43,167.3,0.0,167.3,191.5,193.8,204.8,0.0,0.0,191.5,24.1,0.126,24.1,41.7,4.01,167.3,0.0,True,155.7,0.075,1.263,16,22,M3637.001600-001 M3635.000800-001 F32.104-001 F37.206-001 F21.101-027,0.18,True
191,약학대학,약학대학,2학년,약학자와 약사를 위한 의사소통 | 약화학 2 | 의약품개발사 | 생화학 2 | 화학실험 2,919A,5,8,4,4,4,True,exact,4,94.7,0.0,94.7,108.8,108.9,122.6,0.0,0.0,108.8,14.1,0.13,14.1,36.1,2.621,94.7,0.0,True,84.4,0.121,0.107,4,9,M2175.004700-001 M2175.013000-001 M2175.005100-001 M2175.004500-001 F34.105L-001,0.055,True
191,약학대학,약학대학,2학년,약학자와 약사를 위한 의사소통 | 약화학 2 | 의약품개발사 | 생화학 2 | 화학실험 2,GATE,5,8,4,4,4,True,exact,4,108.6,0.0,108.6,122.4,122.4,136.1,0.0,0.0,122.4,13.8,0.113,13.8,34.5,3.151,108.7,0.09,False,99.6,0.09,0.101,4,9,M2175.004700-001 M2175.013000-001 M2175.005100-001 M2175.004500-001 F34.105L-006,0.019,True
192,사범대학,불어교육과,3학년,프랑스어 교수법 | 심화프랑스어회화 2 | 생물학 | 컴퓨팅 기초: 처음 만나는 컴퓨팅 | 수학 2,919A,5,52,2470,560,603,True,exact,603,115.0,0.0,115.0,149.9,151.0,197.3,0.0,0.0,149.9,35.0,0.233,35.0,32.0,3.598,115.0,0.0,True,101.8,0.13,2.245,51,67,M1851.002400-001 M1851.002200-001 F35.103-005 F37.101-013 F31.105-005,0.501,True
192,사범대학,불어교육과,3학년,프랑스어 교수법 | 심화프랑스어회화 2 | 생물학 | 컴퓨팅 기초: 처음 만나는 컴퓨팅 | 수학 2,GATE,5,52,2470,560,603,True,exact,603,160.5,0.0,160.5,174.7,171.8,203.3,0.0,0.0,174.7,14.2,0.081,14.2,35.6,4.507,160.5,0.0,True,150.1,0.069,3.243,100,121,M1851.002400-001 M1851.002200-001 F35.103-005 F37.101-007 F31.105-018,0.626,True
193,공과대학,컴퓨터공학부,2학년,자료구조 | 컴퓨터구조 | 전기전자회로 | 논리설계 | 초급스페인어 1 | 수학연습 2,919A,6,65,720,272,287,True,exact,287,268.1,0.0,268.1,295.2,296.4,306.2,0.578,28.5,352.2,27.0,0.092,84.1,56.1,4.778,268.1,0.0,True,238.1,0.126,2.934,58,67,M1522.000900-001 4190.308-001 4190.206A-001 M1522.000700-001 F24.101-014 F31.105L-033,0.446,True
193,공과대학,컴퓨터공학부,2학년,자료구조 | 컴퓨터구조 | 전기전자회로 | 논리설계 | 초급스페인어 1 | 수학연습 2,GATE,6,65,720,272,287,True,exact,287,305.7,0.0,305.7,329.2,330.2,339.8,0.578,28.5,386.2,23.5,0.071,80.5,60.7,5.034,305.7,0.0,True,273.1,0.119,2.944,58,67,M1522.000900-001 4190.308-001 4190.206A-001 M1522.000700-001 F24.101-014 F31.105L-033,0.47,True
194,사범대학,영어교육과,4학년,어휘와 문법 지도법 | 영미희곡 | 스페인어권명작의 이해 | 대학 글쓰기 1 | 교양연주- 단소 | 불확실성의 세계와 통계학,919A,6,79,74,58,40,True,exact,40,130.9,0.0,130.9,150.6,154.2,168.8,0.0,0.0,150.6,19.7,0.131,19.7,34.9,3.75,131.0,0.06,False,114.4,0.144,1.598,30,36,707.305A-001 707.322-001 C10.134-001 E42.103-001 C40.108-001 F11.101-075,0.246,True
194,사범대학,영어교육과,4학년,어휘와 문법 지도법 | 영미희곡 | 스페인어권명작의 이해 | 대학 글쓰기 1 | 교양연주- 단소 | 불확실성의 세계와 통계학,GATE,6,79,74,58,40,True,exact,40,142.7,0.0,142.7,159.7,160.2,183.0,0.0,0.0,159.7,17.0,0.106,17.0,29.7,4.801,142.7,0.0,True,133.1,0.072,1.447,23,29,707.305A-001 707.322-001 C10.134-001 E42.103-001 C40.108-001 F11.101-064,0.187,True
195,공과대학,에너지자원공학과,2학년,에너지자원유체역학 | 에너지자원물리화학 2 | 에너지자원지구화학 | 에너지환경기술경영 | 대학 글쓰기 2: 과학기술글쓰기,919A,5,32,28,11,15,True,exact,15,170.3,0.0,170.3,174.5,171.1,183.9,0.0,0.0,174.5,4.1,0.024,4.1,32.8,5.191,170.3,0.0,True,157.1,0.084,0.205,5,10,M1594.001500-001 M1594.003200-001 M1594.001600-001 465.202-001 F11.203-020,0.03,True
195,공과대학,에너지자원공학과,2학년,에너지자원유체역학 | 에너지자원물리화학 2 | 에너지자원지구화학 | 에너지환경기술경영 | 대학 글쓰기 2: 과학기술글쓰기,GATE,5,32,28,11,15,True,exact,15,170.4,0.0,170.4,173.4,170.4,181.2,0.0,0.0,173.4,3.0,0.017,3.0,36.7,4.641,170.4,0.0,True,162.7,0.047,0.184,5,10,M1594.001500-001 M1594.003200-001 M1594.001600-001 465.202-001 F11.203-013,0.025,True
196,공과대학,원자핵공학과,4학년,원자로 수치해석과 설계 | 원자핵공학 학사논문연구 2 | 원자핵공학 학사논문연구 1 | 지구과학 | 대학영어 2: 말하기,919A,5,16,12,11,4,True,exact,4,125.6,0.0,125.6,140.5,144.7,147.2,0.0,0.0,140.5,14.9,0.106,14.9,39.6,3.169,125.6,0.0,True,113.9,0.103,0.185,4,9,409.407B-001 M1509.000600-001 M1509.000500-001 F36.102-001 F21.202-004,0.031,True
196,공과대학,원자핵공학과,4학년,원자로 수치해석과 설계 | 원자핵공학 학사논문연구 2 | 원자핵공학 학사논문연구 1 | 지구과학 | 대학영어 2: 말하기,GATE,5,16,12,11,4,True,exact,4,153.4,0.0,153.4,172.0,177.6,179.3,0.0,0.0,172.0,18.6,0.108,18.6,46.3,3.316,153.4,0.0,True,144.0,0.065,0.231,4,9,409.407B-001 M1509.000600-001 M1509.000500-001 F36.102-001 F21.202-004,0.024,True
197,공과대학,산업공학과,3학년,인간공학 | 기술경영 | 경영과학 2 | 생산관리 | 대중예술의 이해 | 대학영어 1,919A,6,62,165,162,58,True,exact,58,170.9,0.0,170.9,218.3,218.6,234.6,0.0,0.0,218.3,47.5,0.217,47.5,32.7,5.23,170.9,0.0,True,155.5,0.098,1.981,27,34,406.304-001 406.319-001 406.317-001 406.310-001 C10.106-003 F21.101-024,0.585,True
197,공과대학,산업공학과,3학년,인간공학 | 기술경영 | 경영과학 2 | 생산관리 | 대중예술의 이해 | 대학영어 1,GATE,6,62,165,162,58,True,exact,58,185.2,0.0,185.2,236.6,237.6,254.5,0.0,0.0,236.6,51.4,0.217,51.4,33.2,5.576,185.2,0.0,True,173.9,0.065,1.762,21,28,406.304-001 406.319-001 406.317-001 406.310-001 C10.106-003 F21.101-024,0.272,True
198,인문대학,고고미술사학과,4학년,현대미술과 시각문화 | 미술사실습 | 미술사연구이론 | 고고학연습 | 일본대중문화,919A,5,5,1,1,1,False,exact,1,93.8,0.0,93.8,93.8,93.8,93.8,0.0,0.0,93.8,0.0,0.0,0.0,32.4,2.892,93.8,0.0,True,78.3,0.199,0.058,1,6,116.435-001 116.324-001 116.427A-001 116.414B-001 E11.166-001,0.01,True
198,인문대학,고고미술사학과,4학년,현대미술과 시각문화 | 미술사실습 | 미술사연구이론 | 고고학연습 | 일본대중문화,GATE,5,5,1,1,1,False,exact,1,108.4,0.0,108.4,108.4,108.4,108.4,0.0,0.0,108.4,0.0,0.0,0.0,28.4,3.815,108.4,0.0,True,102.1,0.062,0.054,1,6,116.435-001 116.324-001 116.427A-001 116.414B-001 E11.166-001,0.007,True
199,사회과학대학,심리학과,4학년,응용실험심리학 | 판단과 의사결정의 심리학 | 초급스페인어 2 | 컴퓨터의 개념 및 실습 | 대학 글쓰기 1,919A,5,82,592,464,55,True,exact,55,144.8,0.0,144.8,169.2,169.3,207.5,0.0,0.0,169.2,24.4,0.144,24.4,33.4,4.339,144.8,0.0,True,126.0,0.15,1.468,23,29,207.422-001 M1308.000300-001 F37.202-001 F24.102-004 F11.101-056,0.2,True
199,사회과학대학,심리학과,4학년,응용실험심리학 | 판단과 의사결정의 심리학 | 초급스페인어 2 | 컴퓨터의 개념 및 실습 | 대학 글쓰기 1,GATE,5,82,592,464,55,True,exact,55,113.2,0.0,113.2,150.4,153.4,204.9,0.0,0.0,150.4,37.2,0.247,37.2,26.4,4.284,113.2,0.0,True,107.3,0.055,1.442,15,21,207.422-001 M1308.000300-001 F37.202-001 F24.102-004 F11.101-064,0.253,True
200,첨단융합학부,첨단융합학부,4학년,메모리 및 인공지능소자 | 데이터과학 창의연구 | 교양연주- 색소폰 1 | 대학 글쓰기 1 | 컴퓨팅 기초: 처음 만나는 컴퓨팅,919A,5,96,1406,464,246,True,exact,246,154.0,0.0,154.0,174.9,172.8,200.3,0.033,0.0,175.0,20.9,0.12,21.0,41.9,3.677,154.0,0.0,True,136.4,0.128,2.71,60,67,M3637.001600-001 M3635.000800-001 E42.104-001 F37.101-005 F11.101-065,0.463,True
200,첨단융합학부,첨단융합학부,4학년,메모리 및 인공지능소자 | 데이터과학 창의연구 | 교양연주- 색소폰 1 | 대학 글쓰기 1 | 컴퓨팅 기초: 처음 만나는 컴퓨팅,GATE,5,96,1406,464,246,True,exact,246,158.4,0.0,158.4,179.5,175.8,208.3,0.033,0.0,179.6,21.1,0.118,21.2,40.0,3.96,158.4,0.0,True,146.1,0.084,2.2,26,32,M3637.001600-001 M3635.000800-001 E42.104-001 F37.101-005 F11.101-032,0.241,True
201,공과대학,공과대학,2학년,사물인터넷과 공학설계 | 규장각과 한국문화 | 국제정치학입문 | 일본대중문화 | 대학 글쓰기 2: 인문학글쓰기 | 베리타스 실천: 현대사회와 적정기술,919A,6,27,80,60,2,True,exact,2,201.2,0.0,201.2,211.0,211.0,220.8,0.0,0.0,211.0,9.8,0.046,9.8,37.5,5.362,201.2,0.0,True,180.0,0.117,0.294,2,8,M2177.008800-001 E11.166-001 V30.115-001 C20.102-001 C30.105-001 F11.201-020,0.046,True
201,공과대학,공과대학,2학년,사물인터넷과 공학설계 | 규장각과 한국문화 | 국제정치학입문 | 일본대중문화 | 대학 글쓰기 2: 인문학글쓰기 | 베리타스 실천: 현대사회와 적정기술,GATE,6,27,80,60,2,True,exact,2,187.8,0.0,187.8,189.9,189.9,192.1,0.0,0.0,189.9,2.2,0.011,2.2,33.6,5.582,187.8,0.0,True,178.2,0.053,0.486,2,8,M2177.008800-001 E11.166-001 V30.115-001 C20.102-001 C30.105-001 F11.201-020,0.028,True
202,사회과학대학,언론정보학과,3학년,커뮤니케이션 특강 | 미디어 경영 이론 | 정보구조 | 미디어 거버넌스 | 생물학실험,919A,5,27,23,12,12,True,exact,12,164.6,1.6,167.7,176.9,168.7,192.6,0.417,0.6,178.2,12.3,0.07,10.5,49.7,3.311,164.6,0.0,True,141.7,0.161,0.194,7,12,211.408A-001 M1312.005000-001 M1313.000100-001 M1312.003800-001 F35.103L-022,0.03,True
202,사회과학대학,언론정보학과,3학년,커뮤니케이션 특강 | 미디어 경영 이론 | 정보구조 | 미디어 거버넌스 | 생물학실험,GATE,5,27,23,12,12,True,exact,12,64.4,0.0,64.4,71.8,68.7,77.9,0.417,0.6,73.1,7.4,0.103,8.7,32.4,1.986,64.4,0.0,True,61.4,0.049,0.326,7,12,211.408A-001 M1312.005000-001 M1313.000100-001 M1312.003800-001 F35.103L-008,0.066,True
203,자연과학대학,수리과학부,4학년,이산수학 | 수학특강 2 | 금융수학 2 | 암호론 | 대학영어 1,919A,5,59,55,54,23,True,exact,23,142.9,0.0,142.9,168.8,168.6,194.6,0.0,0.0,168.8,25.9,0.153,25.9,31.4,4.55,143.0,0.1,False,126.7,0.128,1.017,18,23,881.436-001 3341.446-001 3341.452-001 881.433A-001 F21.101-029,0.136,True
203,자연과학대학,수리과학부,4학년,이산수학 | 수학특강 2 | 금융수학 2 | 암호론 | 대학영어 1,GATE,5,59,55,54,23,True,exact,23,122.7,0.0,122.7,144.0,148.4,160.7,0.0,0.0,144.0,21.2,0.147,21.2,29.1,4.22,122.7,0.0,True,117.3,0.046,0.812,12,17,881.436-001 3341.446-001 3341.452-001 881.433A-001 F21.101-054,0.109,True
204,인문대학,독어독문학과,3학년,독일소설 | 독일어의 구조 | 독일어 데이터 처리 | 독문학과 공연예술 | 대학 글쓰기 2: 인문학글쓰기 | 라틴어 1,919A,6,30,120,90,67,True,exact,67,75.2,0.0,75.2,117.3,120.0,126.5,0.0,0.0,117.3,42.1,0.359,42.1,17.7,4.257,75.2,0.0,True,64.3,0.17,1.477,29,38,105.323A-001 105.331-001 M1241.000900-001 105.329A-001 F29.103-004 F11.201-020,0.181,True
204,인문대학,독어독문학과,3학년,독일소설 | 독일어의 구조 | 독일어 데이터 처리 | 독문학과 공연예술 | 대학 글쓰기 2: 인문학글쓰기 | 라틴어 1,GATE,6,30,120,90,67,True,exact,67,82.9,0.0,82.9,142.0,147.5,155.1,0.0,0.0,142.0,59.1,0.416,59.1,24.3,3.417,82.9,0.0,True,78.5,0.056,0.864,16,24,105.323A-001 105.331-001 M1241.000900-001 105.329A-001 F29.103-001 F11.201-003,0.118,True
205,사회과학대학,지리학과,3학년,자원론 | 공간정치와 지정학 | 역사지리학 | 수도권지리 | 심리학개론,919A,5,8,4,4,3,True,exact,3,139.2,0.0,139.2,141.3,142.3,142.3,0.0,0.0,141.3,2.1,0.015,2.1,38.5,3.62,139.2,0.0,True,118.7,0.172,0.11,3,8,208.410-001 208.407A-001 M0000.021700-001 208.316-001 E11.146-003,0.019,True
205,사회과학대학,지리학과,3학년,자원론 | 공간정치와 지정학 | 역사지리학 | 수도권지리 | 심리학개론,GATE,5,8,4,4,3,True,exact,3,60.4,0.0,60.4,65.6,68.2,68.3,0.0,0.0,65.6,5.2,0.08,5.2,19.7,3.069,60.4,0.0,True,57.8,0.044,0.089,3,8,208.410-001 208.407A-001 M0000.021700-001 208.316-001 E11.146-003,0.017,True
206,농업생명과학대학,조경·지역시스템공학부,4학년,졸업작품스튜디오 2 | 지역시스템공학전공 학사논문연구 | 지역기반조성공학 및 설계 | 조경재료 및 시공 | 물리학실험 2,919A,5,53,49,12,31,True,exact,31,127.6,0.0,127.6,158.5,163.1,163.1,0.0,0.0,158.5,30.9,0.195,30.9,43.0,2.966,127.6,0.0,True,116.0,0.1,0.184,5,10,M1707.000400-001 M1708.000200-001 5272.415-001 5271.215-001 F33.107L-005,0.037,True
206,농업생명과학대학,조경·지역시스템공학부,4학년,졸업작품스튜디오 2 | 지역시스템공학전공 학사논문연구 | 지역기반조성공학 및 설계 | 조경재료 및 시공 | 물리학실험 2,GATE,5,53,49,12,31,True,exact,31,92.0,0.0,92.0,114.5,117.9,117.9,0.0,0.0,114.5,22.5,0.197,22.5,30.2,3.043,92.0,0.0,True,90.2,0.02,0.261,5,10,M1707.000400-001 M1708.000200-001 5272.415-001 5271.215-001 F33.107L-005,0.031,True
207,음악대학,음악학과,2학년,서양음악사문헌 2 | 스크린 스코어링 | 음악 진로 탐색 | 컴퓨팅 기초: 처음 만나는 컴퓨팅 | 동서양 명작 읽기 | 불교철학의 이해,919A,6,26,76,32,8,True,exact,8,129.9,0.0,129.9,142.4,142.9,152.0,0.0,0.0,142.4,12.5,0.088,12.5,49.8,2.608,129.9,0.0,True,113.8,0.141,0.276,4,11,6522.2257-001 M3535.001600-001 M2183.008300-001 C10.110-002 E11.129-001 F37.101-006,0.059,True
207,음악대학,음악학과,2학년,서양음악사문헌 2 | 스크린 스코어링 | 음악 진로 탐색 | 컴퓨팅 기초: 처음 만나는 컴퓨팅 | 동서양 명작 읽기 | 불교철학의 이해,GATE,6,26,76,32,8,True,exact,8,129.9,0.0,129.9,140.8,139.8,157.4,0.0,0.0,140.8,10.9,0.078,10.9,44.0,2.953,129.9,0.0,True,122.8,0.057,0.272,4,11,6522.2257-001 M3535.001600-001 M2183.008300-001 C10.110-002 E11.129-001 F37.101-006,0.043,True
208,공과대학,건축학과,3학년,건설관리 | 한국건축 | 콘크리트구조설계 및 공법 2 | 건물설비시스템 | 대학 글쓰기 1,919A,5,78,74,58,60,True,exact,60,159.0,0.0,159.0,176.3,175.5,228.5,0.117,0.7,177.6,17.3,0.098,18.6,29.6,5.369,159.3,0.26,False,147.5,0.078,1.48,30,35,4013.308-001 4012.403-001 M1498.001600-001 M1498.002200-001 F11.101-069,0.289,True
208,공과대학,건축학과,3학년,건설관리 | 한국건축 | 콘크리트구조설계 및 공법 2 | 건물설비시스템 | 대학 글쓰기 1,GATE,5,78,74,58,60,True,exact,60,176.1,0.0,176.1,192.0,187.3,244.2,0.117,0.7,193.4,16.0,0.083,17.3,30.4,5.792,177.6,1.56,False,168.7,0.044,1.238,14,19,4013.308-001 4012.403-001 M1498.001600-001 M1498.002200-001 F11.101-007,0.177,True
209,사범대학,생물교육과,3학년,블렌디드 러닝 수업의 실제 | 분자생물학교육 | 현대생물실험 및 지도법 | 생명과학 교재연구 및 지도법 | 인공지능과 철학,919A,5,6,2,2,1,False,exact,1,102.7,0.0,102.7,102.7,102.7,102.7,0.0,0.0,102.7,0.0,0.0,0.0,20.9,4.907,102.7,0.0,True,89.3,0.149,0.093,1,6,M1827.000500-001 719.336-001 719.341-001 M1878.000100-001 C40.126-001,0.017,True
209,사범대학,생물교육과,3학년,블렌디드 러닝 수업의 실제 | 분자생물학교육 | 현대생물실험 및 지도법 | 생명과학 교재연구 및 지도법 | 인공지능과 철학,GATE,5,6,2,2,1,False,exact,1,138.5,0.0,138.5,138.5,138.5,138.5,0.0,0.0,138.5,0.0,0.0,0.0,28.7,4.828,138.5,0.0,True,127.3,0.087,0.088,1,6,M1827.000500-001 719.336-001 719.341-001 M1878.000100-001 C40.126-001,0.013,True
210,농업생명과학대학,농업생명과학대학,3학년,농업법개론 | 유전학 및 실험 | 분자생물학 | 초급스페인어 1 | 공학수학 1 | 생명과학을 위한 수학 2,919A,6,29,400,400,4,True,exact,4,173.7,0.0,173.7,183.6,176.9,206.8,0.75,25.6,234.8,9.9,0.054,61.1,37.6,4.617,173.7,0.0,True,157.5,0.103,1.051,4,10,500.307-001 500.203-001 500.402-001 F31.201-004 F31.112-003 F24.101-014,0.105,True
210,농업생명과학대학,농업생명과학대학,3학년,농업법개론 | 유전학 및 실험 | 분자생물학 | 초급스페인어 1 | 공학수학 1 | 생명과학을 위한 수학 2,GATE,6,29,400,400,4,True,exact,4,158.1,0.0,158.1,165.5,157.1,193.4,0.75,25.6,216.7,7.4,0.045,58.7,39.5,3.997,158.1,0.0,True,150.8,0.048,0.843,4,10,500.307-001 500.203-001 500.402-001 F31.201-004 F31.112-003 F24.101-014,0.07,True
211,음악대학,음악학과,1학년,"음악미학 | 스튜디오 뮤직 메이킹 (로직, 거라지밴드) 입문 | 수학 2 | 현대경제의 이해 | 공연예술의 이해",919A,5,34,208,112,25,True,exact,25,114.8,0.6,116.0,127.7,121.3,150.0,0.6,2.3,132.3,12.9,0.101,16.2,44.1,2.6,114.8,0.0,True,102.3,0.123,0.914,14,22,6522.1318-001 M2183.003400-001 E11.186-002 C10.102-004 F31.105-025,0.1,True
211,음악대학,음악학과,1학년,"음악미학 | 스튜디오 뮤직 메이킹 (로직, 거라지밴드) 입문 | 수학 2 | 현대경제의 이해 | 공연예술의 이해",GATE,5,34,208,112,25,True,exact,25,105.9,0.6,107.1,117.8,113.2,138.4,0.6,2.3,122.4,11.9,0.101,15.3,35.5,2.981,105.9,0.0,True,99.4,0.066,0.69,15,23,6522.1318-001 M2183.003400-001 E11.186-002 C10.102-004 F31.105-025,0.084,True
212,공과대학,원자핵공학과,4학년,원자로 수치해석과 설계 | 원자핵공학 학사논문연구 2 | 원자핵공학 학사논문연구 1 | 문학과 정신분석 | 예술과 과학,919A,5,6,2,2,1,False,exact,1,150.3,0.0,150.3,150.3,150.3,150.3,0.0,0.0,150.3,0.0,0.0,0.0,33.9,4.44,150.3,0.0,True,134.5,0.117,0.105,1,6,409.407B-001 M1509.000600-001 M1509.000500-001 C10.121-001 C10.144-001,0.015,True
212,공과대학,원자핵공학과,4학년,원자로 수치해석과 설계 | 원자핵공학 학사논문연구 2 | 원자핵공학 학사논문연구 1 | 문학과 정신분석 | 예술과 과학,GATE,5,6,2,2,1,False,exact,1,164.4,0.0,164.4,164.4,164.4,164.4,0.0,0.0,164.4,0.0,0.0,0.0,35.1,4.682,164.4,0.0,True,156.0,0.054,0.086,1,6,409.407B-001 M1509.000600-001 M1509.000500-001 C10.121-001 C10.144-001,0.013,True
213,미술대학,서양화과,1학년,서양화 기초 2 | 워크숍: 실험적 표현 | 논리학 | 대학 글쓰기 2: 인문학글쓰기 | 물리학실험 2,919A,5,76,4900,900,485,True,exact,485,85.4,0.0,85.4,106.9,109.4,137.7,0.0,0.0,106.9,21.5,0.201,21.5,35.8,2.389,85.4,0.0,True,73.2,0.168,1.976,26,49,M1766.000800-001 M1766.001400-001 C20.106-004 F33.107L-031 F11.201-020,0.37,True
213,미술대학,서양화과,1학년,서양화 기초 2 | 워크숍: 실험적 표현 | 논리학 | 대학 글쓰기 2: 인문학글쓰기 | 물리학실험 2,GATE,5,76,4900,900,485,True,exact,485,95.6,0.0,95.6,124.1,121.0,161.3,0.0,0.0,124.1,28.5,0.23,28.5,33.2,2.88,95.6,0.0,True,89.0,0.075,2.07,23,46,M1766.000800-001 M1766.001400-001 C20.106-002 F33.107L-012 F11.201-002,0.302,True
214,사범대학,국어교육과,4학년,국어의미화용교육론 | 국어교육세미나 | 한국구비문학교육론 | 미국문화와 현대사회의 이해 | 대학영어 2: 글쓰기 | 대학영어 1,919A,6,80,1155,1080,174,True,exact,174,95.2,0.0,95.2,122.6,124.6,134.3,0.0,0.0,122.6,27.4,0.223,27.4,22.7,4.202,95.2,0.0,True,82.1,0.16,5.233,95,111,705.418B-001 705.423-001 705.419-001 C10.124-001 F21.201-019 F21.101-003,0.882,True
214,사범대학,국어교육과,4학년,국어의미화용교육론 | 국어교육세미나 | 한국구비문학교육론 | 미국문화와 현대사회의 이해 | 대학영어 2: 글쓰기 | 대학영어 1,GATE,6,80,1155,1080,174,True,exact,174,129.0,0.0,129.0,157.6,159.5,166.8,0.0,0.0,157.6,28.6,0.182,28.6,30.4,4.237,129.1,0.14,False,120.6,0.07,5.545,124,140,705.418B-001 705.423-001 705.419-001 C10.124-001 F21.201-020 F21.101-016,1.162,True
215,공과대학,건축학과,4학년,건축설계스튜디오 4-2 | 건축도시고전탐구 | 도시와 주거 | 도시건축·공간계획 | 수학연습 2 | 심리학개론,919A,6,55,540,136,51,True,exact,51,195.6,0.0,195.6,197.6,198.1,201.3,0.0,0.0,197.6,2.0,0.01,2.0,48.3,4.054,195.6,0.0,True,178.2,0.098,0.711,11,19,M1498.004500-001 M1498.003000-001 4012.532-001 4012.402-001 E11.146-002 F31.105L-005,0.104,True
215,공과대학,건축학과,4학년,건축설계스튜디오 4-2 | 건축도시고전탐구 | 도시와 주거 | 도시건축·공간계획 | 수학연습 2 | 심리학개론,GATE,6,55,540,136,51,True,exact,51,192.5,0.0,192.5,194.2,193.9,195.5,0.0,0.0,194.2,1.7,0.009,1.7,40.5,4.76,192.5,0.0,True,184.2,0.045,0.88,14,22,M1498.004500-001 M1498.003000-001 4012.532-001 4012.402-002 E11.146-002 F31.105L-027,0.089,True
216,인문대학,불어불문학과,4학년,현대프랑스문화현상과 이론 | 중세 프랑스문학 | 프랑스 문학과 공연예술 | 프랑스언어학특강 | 베리타스 강좌 1: 의미 | 고급영어: 발표,919A,6,9,4,4,1,False,exact,1,94.1,0.0,94.1,94.1,94.1,94.1,0.0,0.0,94.1,0.0,0.0,0.0,23.4,4.028,94.1,0.0,True,79.2,0.189,0.143,1,7,104.433-001 M2169.009100-001 M1239.001400-001 104.430-001 V10.126-001 F21.303-001,0.022,True
216,인문대학,불어불문학과,4학년,현대프랑스문화현상과 이론 | 중세 프랑스문학 | 프랑스 문학과 공연예술 | 프랑스언어학특강 | 베리타스 강좌 1: 의미 | 고급영어: 발표,GATE,6,9,4,4,1,False,exact,1,127.7,0.0,127.7,127.7,127.7,127.7,0.0,0.0,127.7,0.0,0.0,0.0,26.8,4.77,127.7,0.0,True,120.6,0.059,0.164,1,7,104.433-001 M2169.009100-001 M1239.001400-001 104.430-001 V10.126-001 F21.303-001,0.016,True
217,생활과학대학,소비자아동학부,3학년,아동가족자율연구 | 소비자빅데이터분석 | 영유아 교수방법론 | 가족생활교육 | 생명과학을 위한 수학 2,919A,5,9,5,5,4,True,exact,4,151.7,0.0,151.7,163.4,163.0,176.1,0.0,0.0,163.4,11.7,0.072,11.7,43.5,3.491,151.7,0.0,True,131.7,0.152,0.446,4,9,357.331-001 M1471.001100-001 M2808.002000-001 M2808.003800-001 F31.112-003,0.022,True
217,생활과학대학,소비자아동학부,3학년,아동가족자율연구 | 소비자빅데이터분석 | 영유아 교수방법론 | 가족생활교육 | 생명과학을 위한 수학 2,GATE,5,9,5,5,4,True,exact,4,104.0,0.0,104.0,110.8,109.5,120.3,0.0,0.0,110.8,6.8,0.061,6.8,29.9,3.481,104.0,0.0,True,96.8,0.075,0.137,4,9,357.331-001 M1471.001100-001 M2808.002000-001 M2808.003800-001 F31.112-003,0.018,True
218,미술대학,동양화과,3학년,작품연구:창작과정탐구 | 작품연구:수묵화 | 조형론 2 | 작품연구:수묵채색화 | 한국인의 언어와 문화 | 한국고대사의 쟁점,919A,6,6,1,1,1,False,exact,1,121.4,0.0,121.4,121.4,121.4,121.4,0.0,0.0,121.4,0.0,0.0,0.0,32.7,3.714,121.4,0.0,True,101.9,0.19,0.094,1,7,601.319-001 601.318-001 601.308A-001 601.317-001 C10.166-001 C20.146-001,0.029,True
218,미술대학,동양화과,3학년,작품연구:창작과정탐구 | 작품연구:수묵화 | 조형론 2 | 작품연구:수묵채색화 | 한국인의 언어와 문화 | 한국고대사의 쟁점,GATE,6,6,1,1,1,False,exact,1,135.5,0.0,135.5,135.5,135.5,135.5,0.0,0.0,135.5,0.0,0.0,0.0,31.5,4.299,135.5,0.0,True,123.7,0.095,0.092,1,7,601.319-001 601.318-001 601.308A-001 601.317-001 C10.166-001 C20.146-001,0.014,True
219,사회과학대학,인류학과,2학년,일본문화의 이해 | 문화와 심리 | 영상인류학실습 | 음식과 문화 | 화학실험,919A,5,18,14,11,11,True,exact,11,155.1,0.0,155.1,167.8,179.0,179.0,0.364,0.3,168.3,12.8,0.076,13.3,49.0,3.166,153.6,0.92,False,134.6,0.152,0.196,5,10,206.219B-001 206.211A-001 206.228A-001 206.234-001 F34.103L-020,0.031,True
219,사회과학대학,인류학과,2학년,일본문화의 이해 | 문화와 심리 | 영상인류학실습 | 음식과 문화 | 화학실험,GATE,5,18,14,11,11,True,exact,11,84.4,0.0,84.4,92.1,97.9,97.9,0.364,0.3,92.6,7.8,0.084,8.3,34.6,2.439,84.4,0.4,False,80.4,0.049,0.303,5,10,206.219B-001 206.211A-001 206.228A-001 206.234-001 F34.103L-020,0.052,True
220,사회과학대학,지리학과,2학년,컴퓨터 지도학 | 한국지리 | 생태환경과 지리 | 수학 1 | 서양미술의 이해,919A,5,5,1,1,1,False,exact,1,169.2,0.0,169.2,169.2,169.2,169.2,0.0,0.0,169.2,0.0,0.0,0.0,41.3,4.097,169.2,0.0,True,144.9,0.168,0.089,1,6,208.231A-001 208.302-001 M0.014400-001 F31.104-001 E11.138-001,0.02,True
220,사회과학대학,지리학과,2학년,컴퓨터 지도학 | 한국지리 | 생태환경과 지리 | 수학 1 | 서양미술의 이해,GATE,5,5,1,1,1,False,exact,1,110.3,0.0,110.3,110.3,110.3,110.3,0.0,0.0,110.3,0.0,0.0,0.0,26.6,4.151,110.3,0.0,True,103.7,0.064,0.084,1,6,208.231A-001 208.302-001 M0.014400-001 F31.104-001 E11.138-001,0.013,True
221,사범대학,체육교육과,2학년,스포츠마케팅 | 스포츠참여증진 프로그램 개발 및 평가 | 체육교육론 | 운동학습 및 제어 | 주제 세미나 | 수학 2,919A,6,33,78,42,3,True,exact,3,153.6,10.0,173.6,175.9,186.2,187.8,1.0,7.0,189.9,22.3,0.127,16.4,45.2,3.398,153.6,0.0,True,137.2,0.12,0.314,3,11,722.447-001 M1886.001600-001 722.201A-001 M1886.004200-001 E52.101-003 F31.105-013,0.045,True
221,사범대학,체육교육과,2학년,스포츠마케팅 | 스포츠참여증진 프로그램 개발 및 평가 | 체육교육론 | 운동학습 및 제어 | 주제 세미나 | 수학 2,GATE,6,33,78,42,3,True,exact,3,111.6,5.5,122.7,117.9,111.6,131.6,1.0,7.0,132.0,6.3,0.054,9.3,27.0,4.132,111.6,0.0,True,105.6,0.057,0.276,3,11,722.447-001 M1886.001600-001 722.201A-001 M1886.004200-001 E52.101-002 F31.105-013,0.03,True
222,사회과학대학,사회복지학과,2학년,사회정의와 인권 특강 | 사회혁신과 소셜임팩트 특강 | 사회복지행정 | 사회복지정책 | 기초영어,919A,5,11,7,7,5,False,exact,5,148.0,0.0,148.0,148.0,148.0,148.0,0.0,0.0,148.0,0.0,0.0,0.0,37.6,3.938,148.0,0.0,True,125.4,0.18,0.145,5,10,M1311.005400-001 M1311.005600-001 209.212-001 209.304-001 F21.100-001,0.023,True
222,사회과학대학,사회복지학과,2학년,사회정의와 인권 특강 | 사회혁신과 소셜임팩트 특강 | 사회복지행정 | 사회복지정책 | 기초영어,GATE,5,11,7,7,5,False,exact,5,103.9,0.0,103.9,103.9,103.9,103.9,0.0,0.0,103.9,0.0,0.0,0.0,27.6,3.77,103.9,0.0,True,98.6,0.054,0.145,5,10,M1311.005400-001 M1311.005600-001 209.212-001 209.304-001 F21.100-001,0.02,True
223,농업생명과학대학,응용생물화학부,2학년,생화학 | 곤충학및실험 | 생화학 1 | 일반미생물학 | 공연예술의 이해,919A,5,8,4,4,1,False,exact,1,175.0,0.0,175.0,175.0,175.0,175.0,0.0,0.0,175.0,0.0,0.0,0.0,37.4,4.679,175.0,0.0,True,159.7,0.096,0.13,1,6,519.003-001 519.253-001 519.204-001 5192.250-001 C10.102-004,0.022,True
223,농업생명과학대학,응용생물화학부,2학년,생화학 | 곤충학및실험 | 생화학 1 | 일반미생물학 | 공연예술의 이해,GATE,5,8,4,4,1,False,exact,1,152.1,0.0,152.1,152.1,152.1,152.1,0.0,0.0,152.1,0.0,0.0,0.0,31.8,4.777,152.1,0.0,True,146.6,0.038,0.111,1,6,519.003-001 519.253-001 519.204-001 5192.250-001 C10.102-004,0.015,True
224,사회과학대학,사회학과,2학년,인구변동과 고령화사회 | 사회학사 | 수학연습 2 | 디지털시대의 영상문화와 윤리 | 영상예술의 이해 | 우주의 진화,919A,6,53,180,68,45,True,exact,45,190.1,0.0,190.1,191.3,190.6,197.9,0.0,0.0,191.3,1.1,0.006,1.1,43.0,4.424,190.1,0.0,True,168.1,0.131,0.668,13,19,205.242A-001 205.201-001 C30.110-001 C40.123-001 C10.142-003 F31.105L-002,0.108,True
224,사회과학대학,사회학과,2학년,인구변동과 고령화사회 | 사회학사 | 수학연습 2 | 디지털시대의 영상문화와 윤리 | 영상예술의 이해 | 우주의 진화,GATE,6,53,180,68,45,True,exact,45,131.7,0.0,131.7,135.4,135.4,141.5,0.0,0.0,135.4,3.7,0.027,3.7,25.1,5.236,131.7,0.0,True,125.3,0.051,0.656,13,19,205.242A-001 205.201-001 C30.110-001 C40.123-001 C10.142-003 F31.105L-027,0.091,True
225,농업생명과학대학,산림과학부,4학년,산림복원공학 및 실습 | 환경재료과학 논문연구 | 학술림 연구 및 실습 | 수학 2 | 초급한문 1,919A,5,40,286,140,197,True,exact,197,196.8,0.0,196.8,214.0,225.1,240.7,0.005,0.0,214.1,17.2,0.081,17.3,32.3,6.092,196.8,0.0,True,177.2,0.11,2.367,51,63,M1698.002300-002 M1699.000400-001 M1698.001900-002 F28.101-002 F31.105-006,0.392,True
225,농업생명과학대학,산림과학부,4학년,산림복원공학 및 실습 | 환경재료과학 논문연구 | 학술림 연구 및 실습 | 수학 2 | 초급한문 1,GATE,5,40,286,140,197,True,exact,197,148.3,0.0,148.3,169.8,171.6,177.8,0.005,0.0,169.9,21.5,0.127,21.6,29.3,5.068,148.3,0.0,True,143.8,0.031,1.969,21,33,M1698.002300-002 M1699.000400-001 M1698.001900-002 F28.101-003 F31.105-018,0.349,True
226,농업생명과학대학,식품·동물생명공학부,4학년,식품미생물실험 | 식품가공 및 공학실험 | 식품효소공학 | 경제동물생산학 및 실습 | 대학영어 1 | 불교철학의 이해,919A,6,61,110,108,19,True,exact,19,186.9,0.0,186.9,205.4,206.7,212.1,0.0,0.0,205.4,18.4,0.09,18.4,39.8,4.703,186.9,0.0,True,171.0,0.093,1.092,19,25,5251.303-001 5251.406-001 5251.410-001 M1702.000600-001 E11.129-001 F21.101-018,0.133,True
226,농업생명과학대학,식품·동물생명공학부,4학년,식품미생물실험 | 식품가공 및 공학실험 | 식품효소공학 | 경제동물생산학 및 실습 | 대학영어 1 | 불교철학의 이해,GATE,6,61,110,108,19,True,exact,19,158.8,0.0,158.8,175.6,176.4,183.3,0.0,0.0,175.6,16.7,0.095,16.7,36.2,4.388,158.8,0.0,True,153.5,0.035,0.871,14,20,5251.303-001 5251.406-001 5251.410-001 M1702.000600-001 E11.129-001 F21.101-018,0.111,True
227,자연과학대학,통계학과,4학년,베이즈통계 및 실습 | 자료분석 심화방법론 및 실습 | 생존자료분석 및 실습 | 사상과 윤리 | 대학영어 2: 말하기 | 물리학실험 2,919A,6,67,1764,396,58,True,exact,58,155.4,0.0,155.4,166.7,155.6,191.6,0.0,0.0,166.7,11.3,0.068,11.3,29.3,5.308,155.4,0.0,True,137.5,0.131,0.724,12,20,326.411-001 M1399.001500-001 326.412-001 C20.117-003 F21.202-001 F33.107L-004,0.104,True
227,자연과학대학,통계학과,4학년,베이즈통계 및 실습 | 자료분석 심화방법론 및 실습 | 생존자료분석 및 실습 | 사상과 윤리 | 대학영어 2: 말하기 | 물리학실험 2,GATE,6,67,1764,396,58,True,exact,58,144.3,0.0,144.3,156.0,148.8,177.3,0.0,0.0,156.0,11.7,0.075,11.7,33.9,4.255,144.3,0.0,True,137.1,0.052,0.792,12,20,326.411-001 M1399.001500-001 326.412-001 C20.117-003 F21.202-002 F33.107L-005,0.091,True
228,혁신공유학부,혁신공유학부,2학년,(공유)역사 GIS 고급 연습 | (공유)작물정보계측 | (공유)신에너지공학개론 | (공유)NPU 기반 인공지능 추론 및 응용 | 컴퓨팅 기초: 처음 만나는 컴퓨팅 | 물리학실험 2,919A,6,72,931,96,210,True,exact,210,224.3,0.0,224.3,227.3,224.3,235.9,0.086,1.2,229.7,3.0,0.013,5.4,63.6,3.529,224.3,0.0,True,201.9,0.111,0.797,17,26,M3502.022400-001 M3502.011800-001 M3500.002300-001 M3502.016700-001 F37.101-004 F33.107L-004,0.12,True
228,혁신공유학부,혁신공유학부,2학년,(공유)역사 GIS 고급 연습 | (공유)작물정보계측 | (공유)신에너지공학개론 | (공유)NPU 기반 인공지능 추론 및 응용 | 컴퓨팅 기초: 처음 만나는 컴퓨팅 | 물리학실험 2,GATE,6,72,931,96,210,True,exact,210,209.3,0.0,209.3,209.8,209.3,211.1,0.086,1.2,212.1,0.5,0.002,2.8,60.6,3.454,209.3,0.0,True,196.9,0.063,0.822,20,29,M3502.022400-001 M3502.011800-001 M3500.002300-001 M3502.016700-001 F37.101-004 F33.107L-004,0.126,True
229,농업생명과학대학,바이오시스템·소재학부,4학년,기계학습 기초 및 바이오시스템공학 응용 | 바이오시스템공학 심화 연구 1 | 바이오소재기기분석 | 바이오시스템공학 심화 연구 2 | 물리학실험 2 | 소그룹 고전원전읽기 2,919A,6,60,343,84,94,True,exact,94,175.9,0.0,175.9,196.4,197.6,212.7,0.298,0.1,196.7,20.6,0.105,20.8,40.7,4.321,175.9,0.0,True,160.4,0.096,0.659,13,20,M1704.001000-001 M1704.001300-001 5262.477A-001 M1704.001400-001 E52.104-007 F33.107L-005,0.131,True
229,농업생명과학대학,바이오시스템·소재학부,4학년,기계학습 기초 및 바이오시스템공학 응용 | 바이오시스템공학 심화 연구 1 | 바이오소재기기분석 | 바이오시스템공학 심화 연구 2 | 물리학실험 2 | 소그룹 고전원전읽기 2,GATE,6,60,343,84,94,True,exact,94,140.2,0.0,140.2,157.3,163.9,169.5,0.298,0.1,157.5,17.0,0.108,17.3,38.2,3.669,140.2,0.0,True,136.8,0.025,0.713,13,20,M1704.001000-001 M1704.001300-001 5262.477A-001 M1704.001400-001 E52.104-007 F33.107L-030,0.093,True
230,사회과학대학,언론정보학과,4학년,웹프로그래밍개론 | 사운드인터랙션 | 인터랙티브 스토리텔링 | 디지털 에쓰노그래피 | 서양미술사입문,919A,5,6,2,2,2,True,exact,2,130.0,0.0,130.0,142.6,142.6,155.3,0.0,0.0,142.6,12.6,0.089,12.6,25.2,5.154,130.0,0.0,True,109.0,0.192,0.08,2,7,M1313.000200-001 2114.416-001 2114.403A-001 M1313.000600-001 C10.129-001,0.013,True
230,사회과학대학,언론정보학과,4학년,웹프로그래밍개론 | 사운드인터랙션 | 인터랙티브 스토리텔링 | 디지털 에쓰노그래피 | 서양미술사입문,GATE,5,6,2,2,2,True,exact,2,92.2,0.0,92.2,97.7,97.7,103.1,0.0,0.0,97.7,5.4,0.055,5.4,16.2,5.694,92.2,0.0,True,85.7,0.076,0.08,2,7,M1313.000200-001 2114.416-001 2114.403A-001 M1313.000600-001 C10.129-002,0.01,True
231,사회과학대학,정치외교학부,2학년,행정학서론 | 한국외교사 | 중국외교정책론 | 일본과 국제관계 | 라틴어 1,919A,5,10,6,6,6,True,exact,6,133.4,0.0,133.4,137.9,138.6,143.1,0.0,0.0,137.9,4.5,0.033,4.5,38.9,3.432,133.4,0.0,True,115.8,0.152,0.377,6,11,216A.210-001 216B.209-001 216B.214-001 216B.341-001 F29.103-006,0.039,True
231,사회과학대학,정치외교학부,2학년,행정학서론 | 한국외교사 | 중국외교정책론 | 일본과 국제관계 | 라틴어 1,GATE,5,10,6,6,6,True,exact,6,93.0,0.0,93.0,98.1,94.9,106.4,0.0,0.0,98.1,5.1,0.052,5.1,30.0,3.101,93.3,0.29,False,88.2,0.054,0.201,6,11,216A.210-001 216B.209-001 216B.214-001 216B.341-001 F29.103-001,0.03,True
232,사범대학,독어교육과,3학년,독일드라마와 공연예술 | 독어토론연습 | 다중언어교육의 이해 | 독어교육세미나-논리 및 논술 | 생물학 | 수학 2,919A,6,35,130,70,10,True,exact,10,115.5,0.0,115.5,117.0,115.8,127.3,0.0,0.0,117.0,1.6,0.014,1.6,31.2,3.698,115.5,0.0,True,101.6,0.136,0.626,6,12,709.322A-001 709.430A-001 M1853.000900-001 709.317B-001 F35.103-003 F31.105-013,0.097,True
232,사범대학,독어교육과,3학년,독일드라마와 공연예술 | 독어토론연습 | 다중언어교육의 이해 | 독어교육세미나-논리 및 논술 | 생물학 | 수학 2,GATE,6,35,130,70,10,True,exact,10,143.7,0.0,143.7,147.4,146.1,151.0,0.0,0.0,147.4,3.7,0.025,3.7,33.7,4.265,143.7,0.0,True,134.5,0.069,0.379,6,12,709.322A-001 709.430A-001 M1853.000900-001 709.317B-001 F35.103-003 F31.105-006,0.049,True
233,사범대학,사회교육과,3학년,통합사회교육론 | 사회과 교재연구 및 지도법 | 사회문화교육연습 | 경제교육연습 | 베리타스 강좌 1: 노벨과학상과 인류,919A,5,5,1,1,1,False,exact,1,69.5,0.0,69.5,69.5,69.5,69.5,0.0,0.0,69.5,0.0,0.0,0.0,32.4,2.145,69.5,0.0,True,59.7,0.163,0.071,1,6,M1855.001200-001 711.302-001 711.373-001 711.384-001 V10.116-001,0.012,True
233,사범대학,사회교육과,3학년,통합사회교육론 | 사회과 교재연구 및 지도법 | 사회문화교육연습 | 경제교육연습 | 베리타스 강좌 1: 노벨과학상과 인류,GATE,5,5,1,1,1,False,exact,1,108.6,0.0,108.6,108.6,108.6,108.6,0.0,0.0,108.6,0.0,0.0,0.0,33.2,3.273,108.6,0.0,True,100.5,0.081,0.223,1,6,M1855.001200-001 711.302-001 711.373-001 711.384-001 V10.116-001,0.01,True
234,사범대학,교육학과,1학년,생애설계상담: 의미있는 일 | 동물의 생리와 생존 전략 | 죽음의 과학적 이해 | 예술과 과학 | 중급중국어 1 | 생물학,919A,6,14,40,40,7,True,exact,7,127.4,0.0,127.4,141.7,145.9,157.4,0.0,0.0,141.7,14.2,0.1,14.2,51.6,2.468,127.4,0.0,True,112.1,0.137,0.504,7,14,M1831.002700-001 E12.114-001 E11.174-001 C10.144-001 F25.201-004 F35.103-003,0.083,True
234,사범대학,교육학과,1학년,생애설계상담: 의미있는 일 | 동물의 생리와 생존 전략 | 죽음의 과학적 이해 | 예술과 과학 | 중급중국어 1 | 생물학,GATE,6,14,40,40,7,True,exact,7,142.9,0.0,142.9,153.1,146.5,176.4,0.0,0.0,153.1,10.1,0.066,10.1,40.9,3.496,142.9,0.0,True,135.2,0.057,0.623,7,14,M1831.002700-001 E12.114-001 E11.174-001 C10.144-001 F25.201-005 F35.103-001,0.061,True
235,사범대학,영어교육과,4학년,영미희곡 | 어휘와 문법 지도법 | 미학과 예술론 | 음악과 사회 | 초급독일어 1 | 불교철학의 이해,919A,6,18,108,108,6,True,exact,6,148.6,50.2,249.1,152.5,149.9,160.2,1.0,51.1,254.7,3.9,0.026,5.6,45.2,3.289,148.6,0.0,True,128.2,0.159,0.504,6,15,707.322-001 707.305A-001 C20.115-001 E11.129-001 C10.146-003 F22.101-006,0.067,True
235,사범대학,영어교육과,4학년,영미희곡 | 어휘와 문법 지도법 | 미학과 예술론 | 음악과 사회 | 초급독일어 1 | 불교철학의 이해,GATE,6,18,108,108,6,True,exact,6,162.1,51.9,265.9,171.5,172.4,185.8,1.0,51.1,273.7,9.5,0.055,7.8,44.3,3.654,162.1,0.0,True,151.0,0.073,0.626,6,15,707.322-001 707.305A-001 C20.115-001 E11.129-002 C10.146-003 F22.101-008,0.055,True
236,사범대학,불어교육과,2학년,프랑스어 발음 및 듣기 지도법 | 프랑스어권 문화와 문학 | 프랑스어 어휘와 문법 | 프랑스어 쓰기 지도법 | 예술과 과학 | 독일어권 문화의 이해,919A,6,9,6,6,2,True,exact,2,128.5,0.0,128.5,130.9,130.9,133.3,0.0,0.0,130.9,2.4,0.018,2.4,21.5,5.964,128.5,0.0,True,113.2,0.135,0.199,2,8,M1851.002500-001 M1851.002600-001 M1851.001900-001 M1851.002700-001 C10.144-002 C30.109-003,0.032,True
236,사범대학,불어교육과,2학년,프랑스어 발음 및 듣기 지도법 | 프랑스어권 문화와 문학 | 프랑스어 어휘와 문법 | 프랑스어 쓰기 지도법 | 예술과 과학 | 독일어권 문화의 이해,GATE,6,9,6,6,2,True,exact,2,201.3,0.0,201.3,203.0,203.0,204.7,0.0,0.0,203.0,1.7,0.008,1.7,31.4,6.401,201.3,0.0,True,188.6,0.067,0.194,2,8,M1851.002500-001 M1851.002600-001 M1851.001900-001 M1851.002700-001 C10.144-002 C30.109-002,0.024,True
237,공과대학,재료공학부,4학년,"재료종합설계 | 재료종합실험 | 뉴로모픽 컴퓨팅 재료, 소자 및 알고리즘 | 반도체집적공정 | 물리학실험 2",919A,5,56,294,24,132,True,exact,132,169.5,0.0,169.5,187.4,184.4,215.9,0.0,0.0,187.4,17.9,0.095,17.9,45.1,3.757,169.5,0.0,True,154.3,0.099,0.44,10,16,445.442-001 M1569.001900-001 445.411-001 445.408A-003 F33.107L-005,0.074,True
237,공과대학,재료공학부,4학년,"재료종합설계 | 재료종합실험 | 뉴로모픽 컴퓨팅 재료, 소자 및 알고리즘 | 반도체집적공정 | 물리학실험 2",GATE,5,56,294,24,132,True,exact,132,162.8,0.0,162.8,176.0,170.6,196.6,0.0,0.0,176.0,13.2,0.075,13.2,39.3,4.139,162.8,0.0,True,155.6,0.047,0.405,7,13,445.442-001 M1569.001900-001 445.411-001 445.408A-003 F33.107L-004,0.053,True
238,사범대학,지리교육과,4학년,사회지리교육론 | 교통지리교육론 | 정치지리학개론 | 현대경제의 이해 | 대학 글쓰기 2: 과학기술글쓰기,919A,5,33,56,22,9,True,exact,9,92.2,0.0,92.2,120.2,126.6,126.6,0.0,0.0,120.2,27.9,0.232,27.9,36.9,2.502,92.2,0.0,True,79.5,0.161,0.201,5,10,713.434-001 713.435-001 713.416-001 E11.186-001 F11.203-010,0.054,True
238,사범대학,지리교육과,4학년,사회지리교육론 | 교통지리교육론 | 정치지리학개론 | 현대경제의 이해 | 대학 글쓰기 2: 과학기술글쓰기,GATE,5,33,56,22,9,True,exact,9,114.0,0.0,114.0,153.3,160.2,160.2,0.0,0.0,153.3,39.4,0.257,39.4,37.9,3.008,114.0,0.0,True,107.2,0.063,0.191,5,10,713.434-001 713.435-001 713.416-001 E11.186-001 F11.203-020,0.047,True
239,미술대학,동양화과,3학년,작품연구:수묵채색화 | 한국근현대회화사 | 벽화기법 2 | 신조형 2 | 공연예술의 이해 | 대학 글쓰기 2: 과학기술글쓰기,919A,6,36,112,44,33,True,exact,33,106.8,0.0,106.8,133.0,133.1,135.0,0.0,0.0,133.0,26.2,0.197,26.2,28.2,3.791,106.8,0.0,True,89.6,0.192,0.545,10,18,601.317-001 600.313-001 601.306A-001 601.216-001 C10.102-004 F11.203-010,0.087,True
239,미술대학,동양화과,3학년,작품연구:수묵채색화 | 한국근현대회화사 | 벽화기법 2 | 신조형 2 | 공연예술의 이해 | 대학 글쓰기 2: 과학기술글쓰기,GATE,6,36,112,44,33,True,exact,33,111.4,0.0,111.4,122.2,119.3,132.7,0.0,0.0,122.2,10.8,0.089,10.8,27.9,3.988,111.4,0.0,True,102.8,0.083,0.542,7,15,601.317-001 600.313-001 601.306A-001 601.216-001 C10.102-004 F11.203-010,0.065,True
240,공과대학,원자핵공학과,3학년,핵계측 | 핵연료주기공학 | 수치해석기초 | 원자핵공학세미나 1 | 생물학 | 대중예술의 이해,919A,6,12,15,15,5,True,exact,5,198.9,0.0,198.9,206.5,202.2,221.9,0.0,0.0,206.5,7.7,0.037,7.7,33.1,5.998,198.9,0.0,True,183.1,0.086,0.3,5,12,409.224B-001 M1509.001400-001 409.310A-001 409.328-001 C10.106-002 F35.103-005,0.042,True
240,공과대학,원자핵공학과,3학년,핵계측 | 핵연료주기공학 | 수치해석기초 | 원자핵공학세미나 1 | 생물학 | 대중예술의 이해,GATE,6,12,15,15,5,True,exact,5,208.0,0.0,208.0,213.9,208.4,231.4,0.0,0.0,213.9,5.9,0.027,5.9,24.9,8.347,208.0,0.0,True,197.0,0.056,0.254,5,12,409.224B-001 M1509.001400-001 409.310A-001 409.328-001 C10.106-004 F35.103-003,0.032,True
241,사범대학,체육교육과,1학년,체육논리및논술 | 체육사.철학 | 화학 | 미디어와 현대사회 | 대학 글쓰기 2: 과학기술글쓰기 | 중급중국어 1,919A,6,37,224,88,16,True,exact,16,141.0,0.0,141.0,167.9,172.3,195.0,0.125,1.4,170.7,26.9,0.16,29.7,47.2,2.987,141.0,0.0,True,125.1,0.127,0.338,7,14,722.431A-001 722.205A-001 F34.103-003 C30.113-001 F25.201-004 F11.203-010,0.05,True
241,사범대학,체육교육과,1학년,체육논리및논술 | 체육사.철학 | 화학 | 미디어와 현대사회 | 대학 글쓰기 2: 과학기술글쓰기 | 중급중국어 1,GATE,6,37,224,88,16,True,exact,16,132.5,0.0,132.5,153.9,150.8,203.8,0.125,1.4,156.7,21.3,0.139,24.1,35.9,3.696,132.5,0.0,True,122.0,0.086,0.367,7,14,722.431A-001 722.205A-001 F34.103-003 C30.113-001 F25.201-004 F11.203-010,0.041,True
242,음악대학,국악과,1학년,공연제작워크숍 | 국악가창지도법 | 대학 글쓰기 1 | 공연예술의 이해 | 인간관계의 심리학 | 대학영어 2: 글쓰기,919A,6,105,24864,18560,4546,True,exact,4546,117.2,0.0,117.2,160.6,160.3,203.3,0.027,0.2,160.9,43.4,0.27,43.7,28.0,4.184,117.2,0.0,True,98.9,0.185,8.091,67,88,M2183.007400-001 650.3340-001 C10.102-001 E11.163-001 F21.201-002 F11.101-057,1.638,True
242,음악대학,국악과,1학년,공연제작워크숍 | 국악가창지도법 | 대학 글쓰기 1 | 공연예술의 이해 | 인간관계의 심리학 | 대학영어 2: 글쓰기,GATE,6,105,24864,18560,4546,True,exact,4546,101.2,0.0,101.2,152.0,150.4,192.8,0.027,0.2,152.3,50.7,0.334,51.0,23.9,4.245,101.2,0.0,True,93.2,0.086,7.103,65,84,M2183.007400-001 650.3340-001 C10.102-001 E11.163-002 F21.201-010 F11.101-027,1.08,True
243,사범대학,수학교육과,2학년,정수론 | 미분방정식개론 | 해석개론 2 | 선형대수학 2 | 생물학,919A,5,9,5,5,2,True,exact,2,111.3,0.0,111.3,113.3,113.3,115.4,0.0,0.0,113.3,2.1,0.018,2.1,29.8,3.73,111.3,0.0,True,98.8,0.127,0.21,2,7,715.217-001 715.214-001 715.202-001 715.216-001 F35.103-004,0.04,True
243,사범대학,수학교육과,2학년,정수론 | 미분방정식개론 | 해석개론 2 | 선형대수학 2 | 생물학,GATE,5,9,5,5,2,True,exact,2,164.8,0.0,164.8,165.8,165.8,166.7,0.0,0.0,165.8,1.0,0.006,1.0,34.5,4.782,164.8,0.0,True,154.7,0.065,0.208,2,7,715.217-001 715.214-001 715.202-001 715.216-001 F35.103-004,0.023,True
244,농업생명과학대학,식물생산과학부,2학년,"작물생리학 | 과수학 및 실험 | 산업인력개발 통계분석 및 실습 | 작물생태학 | 건강, 돌봄, 자가간호 | 화학실험 2",919A,6,9,4,4,2,True,exact,2,158.7,0.0,158.7,176.4,176.4,194.1,0.0,0.0,176.4,17.7,0.101,17.7,49.6,3.198,158.7,0.0,True,142.3,0.115,0.13,2,8,5171.205-001 5172.203-001 M1671.000800-001 5171.207-001 E11.203-001 F34.105L-008,0.018,True
244,농업생명과학대학,식물생산과학부,2학년,"작물생리학 | 과수학 및 실험 | 산업인력개발 통계분석 및 실습 | 작물생태학 | 건강, 돌봄, 자가간호 | 화학실험 2",GATE,6,9,4,4,2,True,exact,2,110.5,0.0,110.5,123.4,123.4,136.3,0.0,0.0,123.4,12.9,0.105,12.9,35.1,3.15,110.5,0.0,True,107.4,0.029,0.198,2,8,5171.205-001 5172.203-001 M1671.000800-001 5171.207-001 E11.203-001 F34.105L-008,0.043,True
245,사범대학,국어교육과,4학년,한국구비문학교육론 | 국어의미화용교육론 | 국어교육세미나 | 대학영어 2: 말하기 | 대학 글쓰기 2: 과학기술글쓰기 | 이중언어사용,919A,6,44,336,121,54,True,exact,54,110.4,0.0,110.4,135.9,137.1,140.9,0.0,0.0,135.9,25.5,0.188,25.5,22.9,4.829,110.4,0.0,True,97.4,0.133,0.982,22,34,705.419-001 705.418B-001 705.423-001 C10.148-001 F21.202-012 F11.203-006,0.171,True
245,사범대학,국어교육과,4학년,한국구비문학교육론 | 국어의미화용교육론 | 국어교육세미나 | 대학영어 2: 말하기 | 대학 글쓰기 2: 과학기술글쓰기 | 이중언어사용,GATE,6,44,336,121,54,True,exact,54,157.2,0.0,157.2,182.4,184.8,187.2,0.0,0.0,182.4,25.2,0.138,25.2,31.0,5.065,157.2,0.0,True,147.8,0.063,0.978,22,34,705.419-001 705.418B-001 705.423-001 C10.148-001 F21.202-012 F11.203-006,0.145,True
246,미술대학,디자인과,3학년,운송디자인 | 사회적이슈와디자인 | 3D그래픽디자인 | 인간행태와디자인 | 지구과학실험 | 생활원예,919A,6,6,1,1,1,False,exact,1,141.7,0.0,141.7,141.7,141.7,141.7,0.0,0.0,141.7,0.0,0.0,0.0,52.2,2.715,141.7,0.0,True,123.3,0.15,0.151,1,7,M3389.003600-001 M1774.004100-001 M3389.002200-001 M1774.002000-001 F36.102L-001 E11.137-001,0.024,True
246,미술대학,디자인과,3학년,운송디자인 | 사회적이슈와디자인 | 3D그래픽디자인 | 인간행태와디자인 | 지구과학실험 | 생활원예,GATE,6,6,1,1,1,False,exact,1,154.7,0.0,154.7,154.7,154.7,154.7,0.0,0.0,154.7,0.0,0.0,0.0,49.1,3.148,154.7,0.0,True,144.0,0.074,0.108,1,7,M3389.003600-001 M1774.004100-001 M3389.002200-001 M1774.002000-001 F36.102L-001 E11.137-001,0.016,True
247,공과대학,전기·정보공학부,4학년,유기전자소자 | 전기공학설계프로젝트 | 디지털집적회로 | 생체계측 | 외계행성과 생명,919A,5,12,8,6,8,True,exact,8,341.6,4.2,349.9,343.2,341.6,345.8,1.0,4.2,351.5,1.6,0.005,1.6,56.1,6.084,341.6,0.0,True,303.4,0.126,0.261,6,11,430.431A-001 430.424B-001 430.425-001 C40.122-001 430.405-003,0.033,True
247,공과대학,전기·정보공학부,4학년,유기전자소자 | 전기공학설계프로젝트 | 디지털집적회로 | 생체계측 | 외계행성과 생명,GATE,5,12,8,6,8,True,exact,8,398.5,4.2,406.8,400.0,398.5,402.7,1.0,4.2,408.4,1.6,0.004,1.6,59.8,6.669,398.5,0.0,True,354.9,0.123,0.416,6,11,430.431A-001 430.424B-001 430.425-001 C40.122-001 430.405-003,0.029,True
248,미술대학,서양화과,2학년,드로잉: 언어와 이미지 | 회화: 확장된 매체성 | 볼록판화 | 한국근현대미술사 | 언어의 이해 | 서양철학의 이해,919A,6,8,3,3,1,False,exact,1,138.6,0.0,138.6,138.6,138.6,138.6,0.0,0.0,138.6,0.0,0.0,0.0,31.1,4.461,138.6,0.0,True,117.5,0.18,0.125,1,7,M1766.001800-001 M1766.001600-001 M1766.003200-001 M1766.000400-001 E11.148-001 C20.123-003,0.02,True
248,미술대학,서양화과,2학년,드로잉: 언어와 이미지 | 회화: 확장된 매체성 | 볼록판화 | 한국근현대미술사 | 언어의 이해 | 서양철학의 이해,GATE,6,8,3,3,1,False,exact,1,166.8,0.0,166.8,166.8,166.8,166.8,0.0,0.0,166.8,0.0,0.0,0.0,31.4,5.316,166.8,0.0,True,152.4,0.095,0.124,1,7,M1766.001800-001 M1766.001600-001 M1766.003200-001 M1766.000400-001 E11.148-001 C20.123-003,0.015,True
249,사범대학,사회교육과,3학년,사회문화교육연습 | 사회과 교재연구 및 지도법 | 통합사회교육론 | 경제교육연습 | 생명과학을 위한 수학 1 | 성의 철학과 성윤리,919A,6,9,6,6,2,False,exact,2,175.5,0.0,175.5,175.5,175.5,175.5,0.0,0.0,175.5,0.0,0.0,0.0,37.4,4.696,175.5,0.0,True,157.2,0.116,0.316,2,8,711.373-001 711.302-001 M1855.001200-001 711.384-001 F31.111-001 C20.124-001,0.028,True
249,사범대학,사회교육과,3학년,사회문화교육연습 | 사회과 교재연구 및 지도법 | 통합사회교육론 | 경제교육연습 | 생명과학을 위한 수학 1 | 성의 철학과 성윤리,GATE,6,9,6,6,2,False,exact,2,187.2,0.0,187.2,187.2,187.2,187.2,0.0,0.0,187.2,0.0,0.0,0.0,35.7,5.247,187.2,0.0,True,177.5,0.055,0.157,2,8,711.373-001 711.302-001 M1855.001200-001 711.384-001 F31.111-001 C20.124-001,0.021,True
250,미술대학,디자인과,3학년,인간행태와디자인 | 3D그래픽디자인 | 운송디자인 | 아이덴티티디자인 | 수학 2,919A,5,30,26,14,5,True,exact,5,107.1,0.0,107.1,108.0,107.1,111.6,0.2,0.0,108.1,0.9,0.008,1.0,40.0,2.678,107.1,0.0,True,93.5,0.145,0.259,2,7,M1774.002000-001 M3389.002200-001 M3389.003600-001 M1774.000300-001 F31.105-003,0.038,True
250,미술대학,디자인과,3학년,인간행태와디자인 | 3D그래픽디자인 | 운송디자인 | 아이덴티티디자인 | 수학 2,GATE,5,30,26,14,5,True,exact,5,93.7,0.0,93.7,94.7,93.7,98.8,0.2,0.0,94.8,1.0,0.011,1.1,31.5,2.973,93.7,0.0,True,88.3,0.061,0.232,2,7,M1774.002000-001 M3389.002200-001 M3389.003600-001 M1774.000300-001 F31.105-003,0.024,True
251,자연과학대학,수리과학부,3학년,확률미분방정식 | 심층신경망의 수학적 기초 | 위상수학개론 2 | 복소함수론 2 | 통계학,919A,5,8,4,4,2,True,exact,2,172.6,0.0,172.6,174.5,174.5,176.5,0.0,0.0,174.5,2.0,0.011,2.0,43.0,4.008,172.6,0.0,True,155.6,0.109,0.118,2,7,M1407.002600-001 M1407.001200-001 881.402-001 3341.301A-001 F32.102-012,0.018,True
251,자연과학대학,수리과학부,3학년,확률미분방정식 | 심층신경망의 수학적 기초 | 위상수학개론 2 | 복소함수론 2 | 통계학,GATE,5,8,4,4,2,True,exact,2,136.9,0.0,136.9,142.8,142.8,148.7,0.0,0.0,142.8,5.9,0.042,5.9,27.4,4.99,136.9,0.0,True,132.1,0.036,0.122,2,7,M1407.002600-001 M1407.001200-001 881.402-001 3341.301A-001 F32.102-001,0.037,True
252,자연과학대학,지구환경과학부,2학년,기초유체역학 | 탄소중립과 기후위기 | 지구행성물리학 개론 | 대기복사에너지 | 기초영어 | 초급스페인어 1,919A,6,27,112,112,18,True,exact,18,153.0,0.0,153.0,160.4,158.9,181.3,0.5,25.7,211.7,7.3,0.046,58.7,29.5,5.195,153.0,0.0,True,135.2,0.132,1.135,14,22,300.230-001 M1411.006800-001 M1411.006900-001 M1411.005400-001 F21.100-001 F24.101-016,0.159,True
252,자연과학대학,지구환경과학부,2학년,기초유체역학 | 탄소중립과 기후위기 | 지구행성물리학 개론 | 대기복사에너지 | 기초영어 | 초급스페인어 1,GATE,6,27,112,112,18,True,exact,18,136.4,0.0,136.4,145.6,143.6,174.8,0.5,25.7,197.0,9.2,0.063,60.6,28.5,4.787,136.4,0.0,True,130.7,0.044,1.404,13,21,300.230-001 M1411.006800-001 M1411.006900-001 M1411.005400-001 F21.100-002 F24.101-002,0.131,True
253,인문대학,서어서문학과,4학년,라틴아메리카 영화와 현대사회 | 스페인문학특강 | 영화 비평 세미나 | 스페인어학연습 2 | 컴퓨팅 핵심: 컴퓨터로 생각하기,919A,5,7,3,3,1,False,exact,1,137.1,0.0,137.1,137.1,137.1,137.1,0.0,0.0,137.1,0.0,0.0,0.0,33.8,4.057,137.1,0.0,True,118.0,0.162,0.092,1,6,107.437A-001 107.427A-001 M3699.000300-001 107.413B-001 F37.204-003,0.013,True
253,인문대학,서어서문학과,4학년,라틴아메리카 영화와 현대사회 | 스페인문학특강 | 영화 비평 세미나 | 스페인어학연습 2 | 컴퓨팅 핵심: 컴퓨터로 생각하기,GATE,5,7,3,3,1,False,exact,1,161.1,0.0,161.1,161.1,161.1,161.1,0.0,0.0,161.1,0.0,0.0,0.0,33.0,4.875,161.1,0.0,True,153.0,0.053,0.083,1,6,107.437A-001 107.427A-001 M3699.000300-001 107.413B-001 F37.204-003,0.011,True
254,공과대학,건축학과,3학년,한국건축 | 콘크리트구조설계 및 공법 2 | 건축구조계획 | 건축설계스튜디오 3-2 | 생명과학을 위한 수학 2 | 고급영어: 학술작문,919A,6,13,30,20,9,True,exact,9,217.0,0.0,217.0,226.0,218.7,242.3,0.0,0.0,226.0,9.0,0.04,9.0,42.0,5.166,217.0,0.0,True,197.5,0.099,0.324,6,14,4012.403-001 M1498.001600-001 4012.311-001 4012.302-002 F21.307-001 F31.112-002,0.102,True
254,공과대학,건축학과,3학년,한국건축 | 콘크리트구조설계 및 공법 2 | 건축구조계획 | 건축설계스튜디오 3-2 | 생명과학을 위한 수학 2 | 고급영어: 학술작문,GATE,6,13,30,20,9,True,exact,9,226.8,0.0,226.8,239.8,227.3,265.3,0.0,0.0,239.8,13.0,0.054,13.0,41.0,5.537,227.3,0.5,False,216.6,0.047,0.278,6,14,4012.403-001 M1498.001600-001 4012.311-001 4012.302-001 F21.307-001 F31.112-004,0.039,True
255,수의과대학,수의과대학,3학년,수의 영양학 | 소동물내과학 2 | 대동물외과학 | 수생생물의학 | 인간관계의 심리학 | 수학연습 2,919A,6,53,180,68,180,True,exact,180,135.2,0.0,135.2,154.0,155.4,171.6,0.311,2.7,159.3,18.7,0.122,24.0,55.3,2.444,135.2,0.0,True,122.4,0.105,1.201,30,38,552.353-001 M1744.007800-001 M1744.008600-001 M1744.008500-001 E11.163-002 F31.105L-033,0.177,True
255,수의과대학,수의과대학,3학년,수의 영양학 | 소동물내과학 2 | 대동물외과학 | 수생생물의학 | 인간관계의 심리학 | 수학연습 2,GATE,6,53,180,68,180,True,exact,180,81.6,0.0,81.6,96.6,98.3,107.2,0.311,2.7,101.9,15.0,0.155,20.3,38.2,2.134,81.6,0.0,True,76.6,0.064,1.3,29,38,552.353-001 M1744.007800-001 M1744.008600-001 M1744.008500-001 E11.163-002 F31.105L-033,0.204,True
256,의과대학,의예과,2학년,몸 속으로의 여행: 인체와 수술 | 베리타스 강좌 1: 불과 문명 | 대학 글쓰기 2: 과학기술글쓰기 | 해양학실험 | 대학영어 1,919A,5,86,1540,594,761,True,exact,761,113.1,0.0,113.1,148.5,142.9,170.3,0.0,0.0,148.5,35.4,0.239,35.4,31.6,3.58,113.1,0.0,True,101.1,0.118,5.496,98,110,M2605.001300-001 V10.107-001 F36.105L-001 F11.203-006 F21.101-033,0.996,True
256,의과대학,의예과,2학년,몸 속으로의 여행: 인체와 수술 | 베리타스 강좌 1: 불과 문명 | 대학 글쓰기 2: 과학기술글쓰기 | 해양학실험 | 대학영어 1,GATE,5,86,1540,594,761,True,exact,761,115.9,0.0,115.9,154.6,146.4,177.5,0.0,0.0,154.6,38.7,0.25,38.7,33.1,3.504,115.9,0.0,True,110.0,0.053,5.467,77,89,M2605.001300-001 V10.107-001 F36.105L-001 F11.203-006 F21.101-033,0.96,True
257,사범대학,국어교육과,4학년,한국구비문학교육론 | 국어교육세미나 | 국어의미화용교육론 | 대학영어 2: 말하기 | 물리학실험,919A,5,23,96,88,43,True,exact,43,95.7,0.0,95.7,105.7,102.1,124.4,0.0,0.0,105.7,10.0,0.094,10.0,33.6,2.85,95.7,0.0,True,82.8,0.156,0.995,15,26,705.419-001 705.423-001 705.418B-001 F33.105L-001 F21.202-001,0.206,True
257,사범대학,국어교육과,4학년,한국구비문학교육론 | 국어교육세미나 | 국어의미화용교육론 | 대학영어 2: 말하기 | 물리학실험,GATE,5,23,96,88,43,True,exact,43,135.3,0.0,135.3,143.5,138.5,162.0,0.0,0.0,143.5,8.2,0.057,8.2,37.2,3.635,135.3,0.0,True,126.8,0.067,1.057,33,44,705.419-001 705.423-001 705.418B-001 F33.105L-006 F21.202-002,0.176,True
258,농업생명과학대학,식물생산과학부,2학년,과수학 및 실험 | 작물생태학 | 작물생리학 | 산업인력개발 통계분석 및 실습 | 컴퓨팅 기초: 처음 만나는 컴퓨팅,919A,5,23,19,8,4,True,exact,4,128.8,0.0,128.8,137.4,128.8,163.1,0.0,0.0,137.4,8.6,0.062,8.6,43.0,2.993,128.8,0.0,True,116.8,0.103,0.114,2,7,5172.203-001 5171.207-001 5171.205-001 M1671.000800-001 F37.101-001,0.021,True
258,농업생명과학대학,식물생산과학부,2학년,과수학 및 실험 | 작물생태학 | 작물생리학 | 산업인력개발 통계분석 및 실습 | 컴퓨팅 기초: 처음 만나는 컴퓨팅,GATE,5,23,19,8,4,True,exact,4,95.7,0.0,95.7,101.3,95.7,117.9,0.0,0.0,101.3,5.5,0.055,5.5,30.2,3.165,95.7,0.0,True,93.9,0.02,0.122,2,7,5172.203-001 5171.207-001 5171.205-001 M1671.000800-001 F37.101-001,0.014,True
259,농업생명과학대학,농경제사회학부,4학년,지역정보학연구 | 식품마케팅 및 정보경영사례연구 | 농식품산업정보분석론 | 수학연습 2 | 수학 2 | 한국사의 새로운 해석,919A,6,76,2340,476,1260,True,exact,1260,195.4,0.0,195.4,198.2,197.6,215.7,0.6,1.3,200.8,2.8,0.014,5.4,35.8,5.458,195.4,0.0,True,175.2,0.115,6.816,240,262,5202.415-001 5202.414-002 M1683.001000-002 C20.150-002 F31.105-002 F31.105L-002,1.431,True
259,농업생명과학대학,농경제사회학부,4학년,지역정보학연구 | 식품마케팅 및 정보경영사례연구 | 농식품산업정보분석론 | 수학연습 2 | 수학 2 | 한국사의 새로운 해석,GATE,6,76,2340,476,1260,True,exact,1260,162.3,0.0,162.3,169.2,168.9,177.8,0.6,1.3,171.8,6.9,0.041,9.5,36.1,4.491,162.3,0.04,True,157.4,0.031,6.642,225,247,5202.415-001 5202.414-002 M1683.001000-002 C20.150-002 F31.105-018 F31.105L-010,1.204,True
260,미술대학,서양화과,3학년,동시대 미술의 쟁점 2 | 평판화 | 심화 연구: 이미지 실험 2 | 심화 연구: 회화 2 | 대학영어 1,919A,5,59,55,54,9,True,exact,9,110.2,0.0,110.2,115.6,115.9,129.8,0.0,0.0,115.6,5.4,0.047,5.4,31.3,3.523,110.2,0.0,True,91.7,0.202,0.535,9,14,M1766.004000-001 M1766.003400-001 M1766.004600-001 M1766.004500-001 F21.101-048,0.087,True
260,미술대학,서양화과,3학년,동시대 미술의 쟁점 2 | 평판화 | 심화 연구: 이미지 실험 2 | 심화 연구: 회화 2 | 대학영어 1,GATE,5,59,55,54,9,True,exact,9,107.5,0.0,107.5,111.8,110.5,129.5,0.0,0.0,111.8,4.3,0.038,4.3,27.8,3.872,107.5,0.0,True,100.2,0.073,0.547,9,14,M1766.004000-001 M1766.003400-001 M1766.004600-001 M1766.004500-001 F21.101-054,0.06,True
261,공과대학,항공우주공학과,3학년,항공기구조역학 | 제트추진 | 항공우주 센서시스템 | 지구과학 | 인간관계의 심리학,919A,5,8,4,4,1,False,exact,1,248.4,0.0,248.4,248.4,248.4,248.4,0.0,0.0,248.4,0.0,0.0,0.0,70.1,3.544,248.4,0.0,True,218.9,0.135,0.107,1,6,M2795.002400-001 M2795.002500-001 M3229.002500-001 F36.102-001 E11.163-002,0.016,True
261,공과대학,항공우주공학과,3학년,항공기구조역학 | 제트추진 | 항공우주 센서시스템 | 지구과학 | 인간관계의 심리학,GATE,5,8,4,4,1,False,exact,1,293.5,0.0,293.5,293.5,293.5,293.5,0.0,0.0,293.5,0.0,0.0,0.0,68.7,4.274,293.5,0.0,True,260.8,0.126,0.082,1,6,M2795.002400-001 M2795.002500-001 M3229.002500-001 F36.102-001 E11.163-002,0.012,True
262,농업생명과학대학,산림과학부,2학년,환경재료화학공정 | 재료역학 및 실험 | 목재물리학 및 실험 | 목재화학 및 실험 | 물리학실험,919A,5,12,8,8,5,True,exact,5,127.4,0.0,127.4,155.9,163.1,163.1,0.0,0.0,155.9,28.6,0.183,28.6,43.0,2.96,127.4,0.0,True,116.0,0.098,0.135,5,10,5242.208-001 457.201-001 5242.204-001 5242.202-001 F33.105L-005,0.02,True
262,농업생명과학대학,산림과학부,2학년,환경재료화학공정 | 재료역학 및 실험 | 목재물리학 및 실험 | 목재화학 및 실험 | 물리학실험,GATE,5,12,8,8,5,True,exact,5,92.3,0.0,92.3,112.8,117.9,117.9,0.0,0.0,112.8,20.4,0.181,20.4,30.2,3.054,92.3,0.0,True,90.2,0.023,0.146,5,10,5242.208-001 457.201-001 5242.204-001 5242.202-001 F33.105L-005,0.016,True
263,사회과학대학,언론정보학과,4학년,비주얼라이제이션 | HCI이론 및 실습 | 사운드인터랙션 | 웹프로그래밍개론 | 수학연습 2,919A,5,49,45,17,31,True,exact,31,104.3,0.0,104.3,108.6,105.4,129.4,0.194,0.3,109.2,4.3,0.039,4.9,41.4,2.521,104.3,0.0,True,89.8,0.161,0.353,11,16,2114.411-001 2114.408A-001 2114.416-001 M1313.000200-001 F31.105L-017,0.051,True
263,사회과학대학,언론정보학과,4학년,비주얼라이제이션 | HCI이론 및 실습 | 사운드인터랙션 | 웹프로그래밍개론 | 수학연습 2,GATE,5,49,45,17,31,True,exact,31,67.1,0.0,67.1,71.3,69.5,83.7,0.194,0.3,71.9,4.1,0.058,4.8,27.5,2.438,67.1,0.0,True,63.4,0.058,0.327,11,16,2114.411-001 2114.408A-001 2114.416-001 M1313.000200-001 F31.105L-016,0.043,True
264,자연과학대학,물리·천문학부,3학년,고급 양자물리 | 중급물리실험 2 | 천체물리학개론 1 | 열과 통계물리 | 라틴어 2,919A,5,7,3,3,3,True,exact,3,153.6,0.0,153.6,169.1,165.9,187.9,0.0,0.0,169.1,15.6,0.092,15.6,35.0,4.385,153.6,0.0,True,137.8,0.114,0.154,3,8,M1419.001800-001 3345.322-001 884.302-001 F29.104-001 884.308A-001,0.029,True
264,자연과학대학,물리·천문학부,3학년,고급 양자물리 | 중급물리실험 2 | 천체물리학개론 1 | 열과 통계물리 | 라틴어 2,GATE,5,7,3,3,3,True,exact,3,164.8,0.0,164.8,175.0,165.8,194.4,0.0,0.0,175.0,10.2,0.058,10.2,37.0,4.448,164.8,0.0,True,154.3,0.068,0.149,3,8,M1419.001800-001 3345.322-001 884.302-001 F29.104-001 884.308A-001,0.021,True
265,음악대학,작곡과,1학년,이론(화성·대위·분석)2 | 수학 2 | 심리학개론 | 대학영어 1 | 한국근대소설의 이해,919A,5,87,5720,3024,567,True,exact,567,128.7,0.0,128.7,166.2,170.3,203.0,0.005,0.0,166.2,37.5,0.226,37.5,47.7,2.696,128.7,0.0,True,113.8,0.131,3.327,32,41,M1797.002000-005 E12.104-001 E11.146-002 F31.105-005 F21.101-024,0.386,True
265,음악대학,작곡과,1학년,이론(화성·대위·분석)2 | 수학 2 | 심리학개론 | 대학영어 1 | 한국근대소설의 이해,GATE,5,87,5720,3024,567,True,exact,567,112.5,0.0,112.5,152.2,155.2,170.9,0.005,0.0,152.2,39.7,0.261,39.7,40.4,2.787,112.5,0.0,True,107.1,0.05,5.979,20,41,M1797.002000-005 E12.104-001 E11.146-002 F31.105-025 F21.101-012,1.012,True
266,미술대학,동양화과,1학년,평면조형1 | 평면조형2 | 물리학실험 2 | 수학연습 2 | 대학 글쓰기 1 | 대학 글쓰기 2: 과학기술글쓰기,919A,6,198,4568760,130152,>=50000,True,sample,4000,90.4,0.0,90.4,170.6,170.2,,0.015,0.0,170.7,80.2,0.47,80.3,28.2,3.2,90.4,0.0,True,76.7,0.178,85.643,983,1165,M2182.000900-001 M2182.001000-001 F11.203-010 F33.107L-047 F31.105L-014 F11.101-075,19.4,True
266,미술대학,동양화과,1학년,평면조형1 | 평면조형2 | 물리학실험 2 | 수학연습 2 | 대학 글쓰기 1 | 대학 글쓰기 2: 과학기술글쓰기,GATE,6,198,4568760,130152,>=50000,True,sample,4000,96.3,0.0,96.3,168.1,169.2,,0.015,0.0,168.1,71.7,0.427,71.7,28.3,3.408,96.3,0.0,True,88.3,0.091,79.265,611,783,M2182.000900-001 M2182.001000-001 F11.203-010 F33.107L-031 F31.105L-033 F11.101-059,14.734,True
267,사범대학,체육교육과,1학년,"기능해부학 | 체육사.철학 | 베리타스 강좌 1: 노벨과학상과 인류 | 공연예술의 이해 | 베리타스 강좌 2: 뇌, 몸, 학습",919A,5,8,4,4,2,False,exact,2,153.9,0.0,153.9,153.9,153.9,153.9,0.0,0.0,153.9,0.0,0.0,0.0,44.1,3.488,153.9,0.0,True,138.3,0.113,0.224,2,7,722.249-001 722.205A-001 V10.116-001 V20.106-001 C10.102-002,0.047,True
267,사범대학,체육교육과,1학년,"기능해부학 | 체육사.철학 | 베리타스 강좌 1: 노벨과학상과 인류 | 공연예술의 이해 | 베리타스 강좌 2: 뇌, 몸, 학습",GATE,5,8,4,4,2,False,exact,2,116.5,0.0,116.5,116.5,116.5,116.5,0.0,0.0,116.5,0.0,0.0,0.0,33.2,3.508,116.5,0.0,True,110.0,0.059,0.167,2,7,722.249-001 722.205A-001 V10.116-001 V20.106-001 C10.102-002,0.021,True
268,사회과학대학,심리학과,2학년,일과 경력의 심리학 | 실험심리입문 및 실험 | 시각예술의 지각 | 사회심리학 및 실험 | 학생자율세미나: 주제,919A,5,7,3,3,3,True,exact,3,112.1,0.0,112.1,124.4,120.4,140.7,0.0,0.0,124.4,12.3,0.099,12.3,49.1,2.283,112.1,0.0,True,96.8,0.158,0.338,3,8,M1308.004000-001 207.214-001 207.233-001 207.230-001 E31.101-001,0.036,True
268,사회과학대학,심리학과,2학년,일과 경력의 심리학 | 실험심리입문 및 실험 | 시각예술의 지각 | 사회심리학 및 실험 | 학생자율세미나: 주제,GATE,5,7,3,3,3,True,exact,3,69.7,0.0,69.7,79.7,84.5,84.8,0.0,0.0,79.7,9.9,0.125,9.9,34.2,2.038,69.7,0.0,True,65.9,0.058,0.152,3,8,M1308.004000-001 207.214-001 207.233-001 207.230-001 E31.101-001,0.022,True
269,농업생명과학대학,바이오시스템·소재학부,2학년,바이오열역학 | 바이오소재역학 | 기능성바이오소재 | 동역학 | 대학 글쓰기 1 | 생명의료윤리,919A,6,80,148,116,102,True,exact,102,142.7,0.0,142.7,168.0,166.4,205.8,0.029,0.0,168.1,25.3,0.151,25.4,30.6,4.667,142.7,0.0,True,126.2,0.131,2.387,48,55,5261.228-001 5262.280A-001 5262.470-001 5261.222-001 C20.119-001 F11.101-063,0.657,True
269,농업생명과학대학,바이오시스템·소재학부,2학년,바이오열역학 | 바이오소재역학 | 기능성바이오소재 | 동역학 | 대학 글쓰기 1 | 생명의료윤리,GATE,6,80,148,116,102,True,exact,102,103.7,0.0,103.7,140.3,140.4,185.5,0.029,0.0,140.4,36.6,0.261,36.7,24.6,4.209,104.7,0.96,False,99.4,0.043,1.467,14,20,5261.228-001 5262.280A-001 5262.470-001 5261.222-001 C20.119-001 F11.101-043,0.236,True
270,공과대학,건설환경도시공학부,4학년,공학기술의 응용과 전망 | 국토 및 지역계획 | 수학연습 2 | 초급독일어 1 | 생물학실험 2,919A,5,65,3645,918,1616,True,exact,1616,113.8,50.2,214.2,154.8,163.7,180.6,1.0,51.4,257.6,41.0,0.265,43.4,34.5,3.299,113.8,0.0,True,100.8,0.129,3.469,74,95,M2177.008900-001 457.404-001 F35.105L-009 F22.101-002 F31.105L-014,0.635,True
270,공과대학,건설환경도시공학부,4학년,공학기술의 응용과 전망 | 국토 및 지역계획 | 수학연습 2 | 초급독일어 1 | 생물학실험 2,GATE,5,65,3645,918,1616,True,exact,1616,124.3,50.2,224.8,164.6,176.7,194.8,1.0,51.4,267.4,40.3,0.245,42.6,35.7,3.485,124.3,0.0,True,115.7,0.075,3.638,89,108,M2177.008900-001 457.404-001 F35.105L-009 F22.101-002 F31.105L-016,0.621,True
271,자연과학대학,자연과학대학,3학년,과학과 예술의 상호작용의 역사 | 뇌인지과학의 이해 | 동아시아의 왕권 | 수학 2 | 고급영어: 문화와 사회 | 베리타스 강좌 1: 혁신의 통합적인 시각,919A,6,33,78,42,10,True,exact,10,192.8,0.0,192.8,196.3,192.8,208.6,0.0,0.0,196.3,3.4,0.017,3.4,41.4,4.658,192.8,0.0,True,170.5,0.131,0.372,6,13,M2173.000200-001 M2173.004900-001 C20.110-001 V10.128-001 F21.302-002 F31.105-009,0.057,True
271,자연과학대학,자연과학대학,3학년,과학과 예술의 상호작용의 역사 | 뇌인지과학의 이해 | 동아시아의 왕권 | 수학 2 | 고급영어: 문화와 사회 | 베리타스 강좌 1: 혁신의 통합적인 시각,GATE,6,33,78,42,10,True,exact,10,158.9,0.0,158.9,160.3,158.9,165.9,0.0,0.0,160.3,1.5,0.009,1.5,30.9,5.138,159.2,0.31,False,152.1,0.044,0.377,6,13,M2173.000200-001 M2173.004900-001 C20.110-001 V10.128-001 F21.302-002 F31.105-009,0.041,True
272,사회과학대학,정치외교학부,4학년,동남아의 정치와 외교 | 정치학연습 | 정치학특강 | 정치철학 | 논리와 비판적 사고,919A,5,8,4,4,1,False,exact,1,121.7,0.0,121.7,121.7,121.7,121.7,0.0,0.0,121.7,0.0,0.0,0.0,37.8,3.22,121.7,0.0,True,102.5,0.188,0.104,1,6,216B.427-001 216A.416-001 216A.407-001 216A.405-001 F12.101-003,0.018,True
272,사회과학대학,정치외교학부,4학년,동남아의 정치와 외교 | 정치학연습 | 정치학특강 | 정치철학 | 논리와 비판적 사고,GATE,5,8,4,4,1,False,exact,1,94.0,0.0,94.0,94.0,94.0,94.0,0.0,0.0,94.0,0.0,0.0,0.0,28.6,3.287,94.0,0.0,True,88.0,0.068,0.095,1,6,216B.427-001 216A.416-001 216A.407-001 216A.405-001 F12.101-003,0.012,True
273,자연과학대학,자연과학대학,2학년,과학기술과 법 | 과학과 근대사회 | 테크노사이언스의 역사와 철학 | 대학영어 2: 말하기 | 초급독일어 1 | 수학연습 2,919A,6,69,4860,1683,527,True,exact,527,174.6,50.2,275.1,177.0,176.9,180.9,1.0,50.2,277.5,2.4,0.013,2.4,30.7,5.696,174.6,0.0,True,153.6,0.137,6.442,204,229,300.307-001 300.302-001 300.306-001 F22.101-001 F21.202-001 F31.105L-004,1.142,True
273,자연과학대학,자연과학대학,2학년,과학기술과 법 | 과학과 근대사회 | 테크노사이언스의 역사와 철학 | 대학영어 2: 말하기 | 초급독일어 1 | 수학연습 2,GATE,6,69,4860,1683,527,True,exact,527,130.6,50.2,231.0,136.4,135.8,141.1,1.0,50.2,236.8,5.8,0.042,5.8,26.7,4.89,130.6,0.0,True,126.4,0.033,5.25,54,79,300.307-001 300.302-001 300.306-001 F22.101-005 F21.202-002 F31.105L-010,0.786,True
274,사범대학,독어교육과,3학년,독어교육세미나-논리 및 논술 | 학습독작문 | 독어토론연습 | 다중언어교육의 이해 | 대학영어 2: 글쓰기,919A,5,25,21,20,9,True,exact,9,83.1,0.0,83.1,101.1,104.0,108.1,0.0,0.0,101.1,18.1,0.179,18.1,22.5,3.69,83.1,0.0,True,70.9,0.172,0.29,8,13,709.317B-001 709.222A-001 709.430A-001 M1853.000900-001 F21.201-002,0.06,True
274,사범대학,독어교육과,3학년,독어교육세미나-논리 및 논술 | 학습독작문 | 독어토론연습 | 다중언어교육의 이해 | 대학영어 2: 글쓰기,GATE,5,25,21,20,9,True,exact,9,134.7,0.0,134.7,156.3,161.2,165.1,0.0,0.0,156.3,21.6,0.138,21.6,29.7,4.542,135.0,0.26,False,125.9,0.07,0.303,8,13,709.317B-001 709.222A-001 709.430A-001 M1853.000900-001 F21.201-002,0.042,True
275,인문대학,독어독문학과,3학년,독일지성 고전읽기 | 독문학과 공연예술 | 독일어의 구조 | 독일소설 | 공학수학 1 | 컴퓨터의 개념 및 실습,919A,6,11,10,10,1,False,exact,1,153.0,0.0,153.0,153.0,153.0,153.0,0.0,0.0,153.0,0.0,0.0,0.0,37.3,4.105,153.0,0.0,True,137.0,0.117,0.124,1,7,M1241.000800-001 105.329A-001 105.331-001 105.323A-001 F37.202-001 F31.201-003,0.018,True
275,인문대학,독어독문학과,3학년,독일지성 고전읽기 | 독문학과 공연예술 | 독일어의 구조 | 독일소설 | 공학수학 1 | 컴퓨터의 개념 및 실습,GATE,6,11,10,10,1,False,exact,1,162.2,0.0,162.2,162.2,162.2,162.2,0.0,0.0,162.2,0.0,0.0,0.0,36.9,4.397,162.2,0.0,True,153.4,0.057,0.103,1,7,M1241.000800-001 105.329A-001 105.331-001 105.323A-001 F37.202-001 F31.201-003,0.013,True
276,사범대학,체육교육과,3학년,체육측정평가 | 스포츠 미디어와 디지털 기술 | 스포츠 조직행동 | 스포츠 테크놀로지와 혁신 | 한국고대사의 쟁점,919A,5,5,1,1,1,False,exact,1,184.4,0.0,184.4,184.4,184.4,184.4,0.0,0.0,184.4,0.0,0.0,0.0,41.9,4.398,184.4,0.0,True,161.9,0.139,0.052,1,6,722.230B-001 M1886.003200-001 M1886.002700-001 M1886.003700-001 C20.146-001,0.011,True
276,사범대학,체육교육과,3학년,체육측정평가 | 스포츠 미디어와 디지털 기술 | 스포츠 조직행동 | 스포츠 테크놀로지와 혁신 | 한국고대사의 쟁점,GATE,5,5,1,1,1,False,exact,1,115.0,0.0,115.0,115.0,115.0,115.0,0.0,0.0,115.0,0.0,0.0,0.0,35.1,3.279,115.0,0.0,True,106.3,0.082,0.053,1,6,722.230B-001 M1886.003200-001 M1886.002700-001 M1886.003700-001 C20.146-001,0.249,True
277,공과대학,공과대학,3학년,로봇인공지능만들기 | 블록체인의 실무응용 1 | 공학기술과사회 | 창업가형 공학기술 혁신 강좌 2 | 대학영어 1,919A,5,59,55,54,25,True,exact,25,235.8,0.0,235.8,242.5,243.3,248.0,0.24,1.3,245.0,6.7,0.028,9.3,58.5,4.032,235.8,0.0,True,212.8,0.108,1.043,22,27,M2177.002600-001 M2177.006600-001 400.310-001 M2177.012000-001 F21.101-032,0.177,True
277,공과대학,공과대학,3학년,로봇인공지능만들기 | 블록체인의 실무응용 1 | 공학기술과사회 | 창업가형 공학기술 혁신 강좌 2 | 대학영어 1,GATE,5,59,55,54,25,True,exact,25,261.0,0.0,261.0,264.5,263.9,268.5,0.24,1.3,267.1,3.5,0.013,6.0,61.9,4.22,261.0,0.0,True,241.5,0.081,0.846,11,16,M2177.002600-001 M2177.006600-001 400.310-001 M2177.012000-001 F21.101-007,0.248,True
278,미술대학,동양화과,1학년,평면조형1 | 동양화 기초 2 | 독일어권 문화의 이해 | 대학영어 1 | 소그룹 고전원전읽기 2 | 대학 글쓰기 1,919A,6,141,85470,65772,6549,True,exact,6549,98.4,0.0,98.4,140.5,137.4,197.8,0.017,0.1,140.7,42.1,0.3,42.3,22.3,4.411,98.5,0.13,False,82.5,0.193,44.725,544,646,M2182.000900-001 M1765.000300-001 C30.109-003 E52.104-006 F21.101-022 F11.101-046,8.939,True
278,미술대학,동양화과,1학년,평면조형1 | 동양화 기초 2 | 독일어권 문화의 이해 | 대학영어 1 | 소그룹 고전원전읽기 2 | 대학 글쓰기 1,GATE,6,141,85470,65772,6549,True,exact,6549,110.3,0.0,110.3,161.3,159.2,225.1,0.017,0.1,161.5,51.0,0.316,51.2,21.8,5.056,110.3,0.0,True,102.7,0.073,22.78,204,257,M2182.000900-001 M1765.000300-001 C30.109-002 E52.104-008 F21.101-027 F11.101-008,3.893,True
279,음악대학,국악과,1학년,국악가창지도법 | 공연제작워크숍 | 심리학개론 | 대학 글쓰기 1 | 중급스페인어 2,919A,5,81,296,232,93,True,exact,93,112.1,0.0,112.1,140.3,140.9,177.0,0.022,0.1,140.5,28.2,0.201,28.5,28.7,3.906,112.3,0.22,False,94.7,0.183,1.801,27,32,650.3340-001 M2183.007400-001 F24.202-001 E11.146-001 F11.101-057,0.323,True
279,음악대학,국악과,1학년,국악가창지도법 | 공연제작워크숍 | 심리학개론 | 대학 글쓰기 1 | 중급스페인어 2,GATE,5,81,296,232,93,True,exact,93,97.5,0.0,97.5,123.3,115.9,162.7,0.022,0.1,123.6,25.9,0.21,26.1,24.0,4.065,97.5,0.0,True,90.5,0.077,1.381,22,27,650.3340-001 M2183.007400-001 F24.202-001 E11.146-001 F11.101-051,0.188,True
280,경영대학,경영학과,2학년,조직이론 | 경영과학 | 중급회계1 | 재무관리 | 컴퓨팅 기초: 처음 만나는 컴퓨팅 | 대학 글쓰기 1,919A,6,102,22496,7424,1957,True,exact,1957,151.3,0.0,151.3,201.1,200.9,259.5,0.273,2.2,205.4,49.8,0.248,54.1,41.1,3.681,151.3,0.0,True,131.2,0.154,3.932,60,79,M1338.004100-001 251.204A-001 251.301-001 251.207A-001 F37.101-006 F11.101-046,0.666,True
280,경영대학,경영학과,2학년,조직이론 | 경영과학 | 중급회계1 | 재무관리 | 컴퓨팅 기초: 처음 만나는 컴퓨팅 | 대학 글쓰기 1,GATE,6,102,22496,7424,1957,True,exact,1957,70.3,0.0,70.3,126.1,120.4,170.9,0.273,2.2,130.4,55.8,0.443,60.1,26.6,2.638,70.3,0.0,True,66.6,0.055,3.617,35,54,M1338.004100-001 251.204A-001 251.301-001 251.207A-001 F37.101-006 F11.101-016,0.615,True
281,공과대학,조선해양공학과,4학년,선박해양운동조종론 | 조선해양프로젝트 | 조선해양경영론 | 조선해양 학사논문연구 2 | 대학 글쓰기 1,919A,5,78,74,58,42,True,exact,42,115.1,0.0,115.1,141.7,141.6,177.3,0.119,0.2,142.2,26.6,0.188,27.1,26.0,4.426,115.1,0.0,True,104.6,0.1,1.11,22,27,M1513.001400-001 M1513.001500-001 414.419-001 M1513.002300-001 F11.101-075,0.184,True
281,공과대학,조선해양공학과,4학년,선박해양운동조종론 | 조선해양프로젝트 | 조선해양경영론 | 조선해양 학사논문연구 2 | 대학 글쓰기 1,GATE,5,78,74,58,42,True,exact,42,122.4,0.0,122.4,147.3,148.6,181.0,0.119,0.2,147.8,24.8,0.169,25.3,27.5,4.456,122.4,0.0,True,116.3,0.053,1.027,15,20,M1513.001400-001 M1513.001500-001 414.419-001 M1513.002300-001 F11.101-055,0.145,True
282,인문대학,서어서문학과,4학년,라틴아메리카 영화와 현대사회 | 영화 비평 세미나 | 스페인어학연습 2 | 스페인문학특강 | 공연예술의 이해,919A,5,8,4,4,3,True,exact,3,109.8,0.0,109.8,120.8,113.1,139.6,0.0,0.0,120.8,11.0,0.091,11.0,21.1,5.193,109.8,0.0,True,91.8,0.197,0.141,3,8,107.437A-001 M3699.000300-001 107.413B-001 107.427A-001 C10.102-001,0.024,True
282,인문대학,서어서문학과,4학년,라틴아메리카 영화와 현대사회 | 영화 비평 세미나 | 스페인어학연습 2 | 스페인문학특강 | 공연예술의 이해,GATE,5,8,4,4,3,True,exact,3,147.1,0.0,147.1,157.6,150.8,174.9,0.0,0.0,157.6,10.5,0.067,10.5,26.5,5.556,147.1,0.0,True,139.0,0.058,0.146,3,8,107.437A-001 M3699.000300-001 107.413B-001 107.427A-001 C10.102-001,0.028,True
283,생활과학대학,식품영양학과,2학년,기초영양학 | 식품화학 | 조리원리및실습 | 식품미생물학 및 실험 | 대학 글쓰기 2: 과학기술글쓰기 | 컴퓨팅 기초: 처음 만나는 컴퓨팅,919A,6,51,532,88,9,True,exact,9,198.2,0.0,198.2,218.8,219.5,226.9,0.889,2.3,223.3,20.5,0.094,25.0,42.0,4.717,198.2,0.0,True,175.4,0.13,0.274,3,10,352.327B-001 352.217B-001 352.215-001 352.329A-001 F37.101-006 F11.203-020,0.039,True
283,생활과학대학,식품영양학과,2학년,기초영양학 | 식품화학 | 조리원리및실습 | 식품미생물학 및 실험 | 대학 글쓰기 2: 과학기술글쓰기 | 컴퓨팅 기초: 처음 만나는 컴퓨팅,GATE,6,51,532,88,9,True,exact,9,155.8,0.0,155.8,171.2,174.4,174.4,0.889,2.3,175.7,15.4,0.09,19.9,36.1,4.311,155.8,0.0,True,147.6,0.055,0.383,3,10,352.327B-001 352.217B-001 352.215-001 352.329A-001 F37.101-006 F11.203-020,0.031,True
284,인문대학,영어영문학과,2학년,영어 말소리의 이해 | 영문학과 퍼포먼스 | 현대영미소설 | 영문학 번역과 번안 | 논리학 | 생명의료윤리,919A,6,11,10,10,7,True,exact,7,128.1,0.0,128.1,133.0,133.0,139.8,0.0,0.0,133.0,4.9,0.037,4.9,34.0,3.765,128.1,0.0,True,110.5,0.159,0.334,7,14,M1236.004200-001 M1236.005600-001 M1236.005800-001 M1236.005500-001 C20.119-001 C20.106-002,0.062,True
284,인문대학,영어영문학과,2학년,영어 말소리의 이해 | 영문학과 퍼포먼스 | 현대영미소설 | 영문학 번역과 번안 | 논리학 | 생명의료윤리,GATE,6,11,10,10,7,True,exact,7,130.3,0.0,130.3,146.9,149.9,155.1,0.0,0.0,146.9,16.5,0.113,16.5,31.6,4.122,130.3,0.0,True,121.4,0.073,0.47,6,13,M1236.004200-001 M1236.005600-001 M1236.005800-001 M1236.005500-001 C20.119-001 C20.106-002,0.046,True
285,미술대학,동양화과,3학년,작품연구:수묵화 | 조형론 2 | 신조형 2 | 벽화기법 2 | 수학연습 2,919A,5,49,45,17,3,True,exact,3,121.5,0.0,121.5,121.8,121.9,121.9,0.0,0.0,121.8,0.3,0.002,0.3,38.1,3.185,121.5,0.0,True,103.2,0.178,0.328,2,7,601.318-001 601.308A-001 601.216-001 601.306A-001 F31.105L-033,0.06,True
285,미술대학,동양화과,3학년,작품연구:수묵화 | 조형론 2 | 신조형 2 | 벽화기법 2 | 수학연습 2,GATE,5,49,45,17,3,True,exact,3,94.3,0.0,94.3,96.1,97.1,97.1,0.0,0.0,96.1,1.9,0.019,1.9,28.8,3.269,94.3,0.0,True,88.5,0.066,0.282,2,7,601.318-001 601.308A-001 601.216-001 601.306A-001 F31.105L-033,0.037,True
286,사범대학,사회교육과,3학년,사회과 교재연구 및 지도법 | 사회문화교육연습 | 경제교육연습 | 법교육연습 | 수학 2 | 컴퓨팅 기초: 처음 만나는 컴퓨팅,919A,6,49,494,112,29,True,exact,29,108.2,0.0,108.2,109.4,108.3,123.0,0.0,0.0,109.4,1.3,0.012,1.3,33.2,3.254,108.3,0.12,False,94.9,0.14,0.601,11,18,711.302-001 711.373-001 711.384-001 711.382A-001 F37.101-013 F31.105-009,0.102,True
286,사범대학,사회교육과,3학년,사회과 교재연구 및 지도법 | 사회문화교육연습 | 경제교육연습 | 법교육연습 | 수학 2 | 컴퓨팅 기초: 처음 만나는 컴퓨팅,GATE,6,49,494,112,29,True,exact,29,140.3,0.0,140.3,142.3,142.3,146.0,0.0,0.0,142.3,2.0,0.014,2.0,36.1,3.886,140.3,0.0,True,131.9,0.064,0.594,11,18,711.302-001 711.373-001 711.384-001 711.382A-001 F37.101-007 F31.105-006,0.071,True
287,인문대학,서어서문학과,4학년,영화 비평 세미나 | 스페인어학연습 2 | 스페인문학특강 | 라틴아메리카 영화와 현대사회 | 국제정치학입문,919A,5,6,2,2,1,False,exact,1,132.7,0.0,132.7,132.7,132.7,132.7,0.0,0.0,132.7,0.0,0.0,0.0,32.4,4.093,132.7,0.0,True,110.8,0.198,0.082,1,6,M3699.000300-001 107.413B-001 107.427A-001 107.437A-001 C30.105-001,0.014,True
287,인문대학,서어서문학과,4학년,영화 비평 세미나 | 스페인어학연습 2 | 스페인문학특강 | 라틴아메리카 영화와 현대사회 | 국제정치학입문,GATE,5,6,2,2,1,False,exact,1,150.2,0.0,150.2,150.2,150.2,150.2,0.0,0.0,150.2,0.0,0.0,0.0,28.3,5.312,150.2,0.0,True,140.5,0.069,0.081,1,6,M3699.000300-001 107.413B-001 107.427A-001 107.437A-001 C30.105-001,0.012,True
288,자연과학대학,자연과학대학,3학년,과학과 예술의 상호작용의 역사 | 뇌인지과학의 이해 | 심리학개론 | 수학 2 | 스페인어권 문화의 이해 | 대학영어 1,919A,6,89,11440,6048,411,True,exact,411,168.9,0.0,168.9,190.1,194.9,225.8,0.029,0.0,190.1,21.2,0.111,21.2,41.0,4.124,169.1,0.16,False,150.3,0.124,5.713,90,105,M2173.000200-001 M2173.004900-001 C10.133-003 E11.146-001 F31.105-023 F21.101-054,1.368,True
288,자연과학대학,자연과학대학,3학년,과학과 예술의 상호작용의 역사 | 뇌인지과학의 이해 | 심리학개론 | 수학 2 | 스페인어권 문화의 이해 | 대학영어 1,GATE,6,89,11440,6048,411,True,exact,411,137.9,0.0,137.9,164.5,162.5,188.4,0.029,0.0,164.5,26.6,0.161,26.6,30.5,4.523,138.5,0.58,False,132.8,0.038,5.291,53,68,M2173.000200-001 M2173.004900-001 C10.133-003 E11.146-002 F31.105-023 F21.101-029,0.951,True
289,자연과학대학,생명과학부,3학년,식물생리학 | 생화학 1: 생체분자의 구조와 기능 | 분자생물학 | 생화학 2: 물질대사 | 매체로 보는 서양사 | 생명과학을 위한 통계학,919A,6,7,2,2,2,False,exact,2,167.9,0.0,167.9,167.9,167.9,167.9,0.0,0.0,167.9,0.0,0.0,0.0,42.7,3.931,167.9,0.0,True,150.5,0.115,0.136,2,8,3346.320-001 300.319-001 M2173.004700-001 E11.118-001 F32.103-001 M2173.004600-001,0.03,True
289,자연과학대학,생명과학부,3학년,식물생리학 | 생화학 1: 생체분자의 구조와 기능 | 분자생물학 | 생화학 2: 물질대사 | 매체로 보는 서양사 | 생명과학을 위한 통계학,GATE,6,7,2,2,2,False,exact,2,135.0,0.0,135.0,135.0,135.0,135.0,0.0,0.0,135.0,0.0,0.0,0.0,41.4,3.263,135.0,0.0,True,129.5,0.042,0.323,2,8,3346.320-001 300.319-001 M2173.004700-001 E11.118-001 F32.103-001 M2173.004600-001,0.019,True
290,인문대학,불어불문학과,4학년,중세 프랑스문학 | 프랑스비평 | 프랑스 문학과 공연예술 | 현대프랑스문화현상과 이론 | 대학영어 1,919A,5,59,55,54,30,True,exact,30,89.6,0.0,89.6,108.7,111.4,117.7,0.0,0.0,108.7,19.1,0.176,19.1,21.0,4.276,89.6,0.0,True,75.1,0.193,0.926,15,20,M2169.009100-001 104.414B-001 M1239.001400-001 104.433-001 F21.101-042,0.152,True
290,인문대학,불어불문학과,4학년,중세 프랑스문학 | 프랑스비평 | 프랑스 문학과 공연예술 | 현대프랑스문화현상과 이론 | 대학영어 1,GATE,5,59,55,54,30,True,exact,30,119.8,0.0,119.8,142.2,149.8,152.7,0.0,0.0,142.2,22.3,0.157,22.3,25.5,4.695,119.8,0.0,True,113.2,0.059,0.882,15,20,M2169.009100-001 104.414B-001 M1239.001400-001 104.433-001 F21.101-002,0.154,True
291,사회과학대학,사회복지학과,4학년,"평안한 삶의 기초: 건강, 돌봄, 그리고 사회 | 가족 다양성과 돌봄 | 공학수학 1 | 근대 한국의 역사와 문화 | 심리학개론",919A,5,12,20,20,6,True,exact,6,139.7,0.0,139.7,145.4,145.3,151.2,0.0,0.0,145.4,5.7,0.039,5.7,51.8,2.697,139.7,0.0,True,122.6,0.139,0.184,6,13,M1311.004100-001 M1311.004000-001 C20.104-001 E11.146-003 F31.201-005,0.034,True
291,사회과학대학,사회복지학과,4학년,"평안한 삶의 기초: 건강, 돌봄, 그리고 사회 | 가족 다양성과 돌봄 | 공학수학 1 | 근대 한국의 역사와 문화 | 심리학개론",GATE,5,12,20,20,6,True,exact,6,110.1,0.0,110.1,112.0,111.9,114.3,0.0,0.0,112.0,1.9,0.017,1.9,41.6,2.649,110.1,0.0,True,104.3,0.056,0.36,6,13,M1311.004100-001 M1311.004000-001 C20.104-001 E11.146-003 F31.201-001,0.079,True
292,공과대학,화학생물공학부,3학년,화학생물합성실험 | 열 및 물질전달 | 반응공학 2 | 공정제어 및 설계 | 글로벌 이슈와 윤리적 사고,919A,5,9,8,2,8,False,exact,8,269.2,0.0,269.2,269.2,269.2,269.2,0.0,0.0,269.2,0.0,0.0,0.0,57.9,4.651,269.2,0.0,True,239.0,0.127,0.1,2,7,458.304-001 458.402-001 458.308-001 C30.106-001 458.306-001,0.024,True
292,공과대학,화학생물공학부,3학년,화학생물합성실험 | 열 및 물질전달 | 반응공학 2 | 공정제어 및 설계 | 글로벌 이슈와 윤리적 사고,GATE,5,9,8,2,8,False,exact,8,336.2,0.0,336.2,336.2,336.2,336.2,0.0,0.0,336.2,0.0,0.0,0.0,69.1,4.864,336.2,0.0,True,302.8,0.11,0.088,2,7,458.304-001 458.402-001 458.308-001 C30.106-001 458.306-001,0.017,True
293,사회과학대학,정치외교학부,4학년,정치학연습 | 국제정치연습 | 국제문화론 | 동남아의 정치와 외교 | 물리학실험 2 | 수학연습 2,919A,6,98,2205,204,640,True,exact,640,123.0,0.0,123.0,143.3,150.9,158.7,0.312,0.5,144.3,20.3,0.141,21.2,47.5,2.591,123.0,0.0,True,108.0,0.139,1.556,30,44,216A.416-001 216B.420-001 216B.415-001 216B.427-001 F33.107L-031 F31.105L-033,0.306,True
293,사회과학대학,정치외교학부,4학년,정치학연습 | 국제정치연습 | 국제문화론 | 동남아의 정치와 외교 | 물리학실험 2 | 수학연습 2,GATE,6,98,2205,204,640,True,exact,640,76.4,0.0,76.4,87.0,87.7,96.0,0.312,0.5,87.9,10.6,0.122,11.5,32.0,2.39,76.8,0.38,False,74.1,0.032,2.213,51,65,216A.416-001 216B.420-001 216B.415-001 216B.427-001 F33.107L-040 F31.105L-016,0.275,True
294,사회과학대학,정치외교학부,1학년,국제정치학개론 | 정치학원론 | 영미 대중소설의 이해 | 베리타스 강좌 1: 스포츠로 배우는 경쟁과 협력 | 수학연습 2 | 물리학실험,919A,6,58,720,272,664,True,exact,664,124.2,0.0,124.2,164.2,163.8,181.2,0.0,0.0,164.2,40.0,0.243,40.0,43.4,2.863,124.2,0.0,True,107.1,0.159,3.529,45,63,200.104-001 200.103-001 V10.125-001 C10.140-002 F33.105L-006 F31.105L-004,0.858,True
294,사회과학대학,정치외교학부,1학년,국제정치학개론 | 정치학원론 | 영미 대중소설의 이해 | 베리타스 강좌 1: 스포츠로 배우는 경쟁과 협력 | 수학연습 2 | 물리학실험,GATE,6,58,720,272,664,True,exact,664,108.7,0.0,108.7,135.1,135.0,154.4,0.0,0.0,135.1,26.4,0.195,26.4,33.1,3.281,108.7,0.0,True,103.6,0.049,2.981,30,46,200.104-001 200.103-001 V10.125-001 C10.140-001 F33.105L-006 F31.105L-033,0.622,True
295,자연과학대학,물리·천문학부,2학년,전자기파와 광학 연습 | 천문관측 및 실험 1 | 전자기파와 광학 | 기초현대물리실험 | 언어의 이해 | 현대경제의 이해,919A,6,7,2,2,1,False,exact,1,152.3,2.6,157.4,152.3,152.3,152.3,1.0,2.6,157.4,0.0,0.0,0.0,50.8,2.999,152.3,0.0,True,137.1,0.111,0.117,1,7,3348.309-001 3345.319-001 884.301-001 M1419.000500-001 E11.148-001 E11.186-002,0.03,True
295,자연과학대학,물리·천문학부,2학년,전자기파와 광학 연습 | 천문관측 및 실험 1 | 전자기파와 광학 | 기초현대물리실험 | 언어의 이해 | 현대경제의 이해,GATE,6,7,2,2,1,False,exact,1,163.8,2.6,169.0,163.8,163.8,163.8,1.0,2.6,169.0,0.0,0.0,0.0,45.1,3.63,163.8,0.0,True,151.4,0.082,0.099,1,7,3348.309-001 3345.319-001 884.301-001 M1419.000500-001 E11.148-001 E11.186-002,0.018,True
296,공과대학,건설환경도시공학부,2학년,구조해석 1 | 환경공학 | 교통공학 및 실험 | 기초유체역학 및 실험 | 진화와 인간사회,919A,5,7,4,4,4,True,exact,4,186.3,0.0,186.3,187.9,187.9,189.5,0.0,0.0,187.9,1.6,0.009,1.6,44.0,4.23,186.3,0.0,True,171.1,0.089,0.153,4,10,M1586.002000-001 457.208-001 E11.176-001 457.210A-002 457.204-001,0.027,True
296,공과대학,건설환경도시공학부,2학년,구조해석 1 | 환경공학 | 교통공학 및 실험 | 기초유체역학 및 실험 | 진화와 인간사회,GATE,5,7,4,4,4,True,exact,4,206.2,0.0,206.2,208.2,208.2,210.2,0.0,0.0,208.2,2.0,0.01,2.0,38.0,5.431,206.2,0.0,True,192.0,0.074,0.124,4,10,M1586.002000-001 457.208-001 E11.176-001 457.210A-001 457.204-001,0.022,True
297,사범대학,지구과학교육과,3학년,대기지구과학 및 실험 2 | 지구과학 학습지도 및 교재연구 | 해양지구과학 및 실험 2 | 물리학실험 2 | 생활원예 | 초급스페인어 1,919A,6,69,784,192,270,True,exact,270,127.4,0.0,127.4,146.0,151.6,161.9,0.474,24.3,194.5,18.5,0.127,67.0,39.0,3.267,127.4,0.0,True,112.2,0.135,2.398,37,52,721.312-001 721.474A-001 721.322-001 E11.137-001 F33.107L-040 F24.101-009,0.637,True
297,사범대학,지구과학교육과,3학년,대기지구과학 및 실험 2 | 지구과학 학습지도 및 교재연구 | 해양지구과학 및 실험 2 | 물리학실험 2 | 생활원예 | 초급스페인어 1,GATE,6,69,784,192,270,True,exact,270,149.9,0.0,149.9,176.4,181.3,200.0,0.474,24.3,224.9,26.5,0.15,75.0,40.7,3.687,150.3,0.38,False,140.2,0.07,2.206,25,40,721.312-001 721.474A-001 721.322-001 E11.137-001 F33.107L-005 F24.101-009,0.492,True
298,공과대학,산업공학과,4학년,금융공학개론 | 최적화알고리즘 | 기술경영 프로젝트 | 대학영어 1 | 동서양 명작 읽기,919A,5,60,110,108,62,True,exact,62,168.8,0.0,168.8,186.8,191.2,198.4,0.0,0.0,186.8,18.1,0.097,18.1,39.1,4.316,170.8,2.06,False,154.1,0.095,1.802,29,35,406.433-001 M1505.002000-001 M1540.000300-001 C10.110-002 F21.101-028,0.324,True
298,공과대학,산업공학과,4학년,금융공학개론 | 최적화알고리즘 | 기술경영 프로젝트 | 대학영어 1 | 동서양 명작 읽기,GATE,5,60,110,108,62,True,exact,62,184.5,0.0,184.5,208.3,214.1,222.9,0.0,0.0,208.3,23.8,0.114,23.8,41.6,4.433,184.5,0.0,True,176.4,0.046,1.678,28,34,406.433-001 M1505.002000-001 M1540.000300-001 C10.110-002 F21.101-029,0.717,True
299,사범대학,영어교육과,3학년,영어작문 2 | 영어교수법 | 영어 교육방법 및 교육공학 | 영어통사론 | 대학 글쓰기 2: 사회과학글쓰기,919A,5,17,33,33,18,True,exact,18,80.9,0.0,80.9,84.4,81.9,97.3,0.0,0.0,84.4,3.5,0.041,3.5,20.1,4.021,80.9,0.0,True,70.5,0.148,0.593,15,22,707.313-001 707.325-001 707.323-001 707.215-003 F11.202-002,0.11,True
299,사범대학,영어교육과,3학년,영어작문 2 | 영어교수법 | 영어 교육방법 및 교육공학 | 영어통사론 | 대학 글쓰기 2: 사회과학글쓰기,GATE,5,17,33,33,18,True,exact,18,142.1,0.0,142.1,148.4,143.6,173.9,0.0,0.0,148.4,6.3,0.042,6.3,30.8,4.621,142.9,0.76,False,132.2,0.075,0.476,15,22,707.313-001 707.325-001 707.323-001 707.215-003 F11.202-010,0.091,True
300,사범대학,수학교육과,2학년,해석개론 2 | 정수론 | 선형대수학 2 | 미분방정식개론 | 음악과 사회,919A,5,7,3,3,1,False,exact,1,107.7,0.0,107.7,107.7,107.7,107.7,0.0,0.0,107.7,0.0,0.0,0.0,34.7,3.105,107.7,0.0,True,93.3,0.154,0.107,1,6,715.202-001 715.217-001 715.216-001 715.214-001 C10.146-002,0.021,True
300,사범대학,수학교육과,2학년,해석개론 2 | 정수론 | 선형대수학 2 | 미분방정식개론 | 음악과 사회,GATE,5,7,3,3,1,False,exact,1,155.9,0.0,155.9,155.9,155.9,155.9,0.0,0.0,155.9,0.0,0.0,0.0,35.9,4.344,155.9,0.0,True,143.1,0.089,0.1,1,6,715.202-001 715.217-001 715.216-001 715.214-001 C10.146-002,0.016,True
301,공과대학,산업공학과,4학년,금융공학개론 | 기술경영 프로젝트 | 최적화알고리즘 | 불교철학의 이해 | 생물학,919A,5,10,10,10,2,True,exact,2,163.3,0.0,163.3,167.2,167.2,171.1,0.0,0.0,167.2,3.9,0.023,3.9,39.6,4.124,163.3,0.0,True,149.9,0.09,0.168,2,7,406.433-001 M1540.000300-001 M1505.002000-001 E11.129-001 F35.103-003,0.029,True
301,공과대학,산업공학과,4학년,금융공학개론 | 기술경영 프로젝트 | 최적화알고리즘 | 불교철학의 이해 | 생물학,GATE,5,10,10,10,2,True,exact,2,175.2,0.0,175.2,176.9,176.9,178.7,0.0,0.0,176.9,1.7,0.01,1.7,34.0,5.149,175.2,0.0,True,167.2,0.048,0.143,2,7,406.433-001 M1540.000300-001 M1505.002000-001 E11.129-001 F35.103-003,0.031,True
302,농업생명과학대학,산림과학부,2학년,스마트산림종자학 | 환경재료화학공정 | 목재물리학 및 실험 | 산림생태학 및 실습 | 대중예술의 이해,919A,5,7,3,3,2,True,exact,2,149.9,0.0,149.9,157.2,157.2,164.4,0.0,0.0,157.2,7.2,0.046,7.2,36.1,4.152,149.9,0.0,True,135.1,0.11,0.108,2,7,M1698.003100-002 5242.208-001 5242.204-001 5241.214A-002 C10.106-002,0.022,True
302,농업생명과학대학,산림과학부,2학년,스마트산림종자학 | 환경재료화학공정 | 목재물리학 및 실험 | 산림생태학 및 실습 | 대중예술의 이해,GATE,5,7,3,3,2,True,exact,2,113.0,0.0,113.0,121.4,121.4,129.8,0.0,0.0,121.4,8.4,0.069,8.4,25.0,4.513,113.0,0.0,True,109.9,0.028,0.111,2,7,M1698.003100-002 5242.208-001 5242.204-001 5241.214A-002 C10.106-004,0.016,True
303,인문대학,고고미술사학과,4학년,미술사연구이론 | 현대미술과 시각문화 | 고고학연습 | 미술사실습 | 국제정치학입문,919A,5,6,2,2,2,True,exact,2,86.7,0.0,86.7,87.5,87.5,88.4,0.0,0.0,87.5,0.8,0.01,0.8,32.4,2.672,88.4,1.68,False,73.4,0.18,0.075,2,7,116.427A-001 116.435-001 116.414B-001 116.324-001 C30.105-002,0.017,True
303,인문대학,고고미술사학과,4학년,미술사연구이론 | 현대미술과 시각문화 | 고고학연습 | 미술사실습 | 국제정치학입문,GATE,5,6,2,2,2,True,exact,2,93.0,0.0,93.0,93.1,93.1,93.2,0.0,0.0,93.1,0.1,0.001,0.1,28.4,3.27,93.2,0.2,False,86.3,0.078,0.077,2,7,116.427A-001 116.435-001 116.414B-001 116.324-001 C30.105-002,0.016,True
304,사범대학,지구과학교육과,2학년,에어로졸 화학과 기후 변화 | 고체지구물리학 및 실험 2 | 천체지구과학 및 실험 2 | 고체지구과학 및 실험 2 | 수학 2,919A,5,30,26,14,17,True,exact,17,117.1,0.0,117.1,118.7,117.7,132.8,0.0,0.0,118.7,1.6,0.014,1.6,33.5,3.495,117.7,0.66,False,103.4,0.133,0.57,7,12,M1882.001500-001 721.222-001 721.267-001 721.264-001 F31.105-013,0.081,True
304,사범대학,지구과학교육과,2학년,에어로졸 화학과 기후 변화 | 고체지구물리학 및 실험 2 | 천체지구과학 및 실험 2 | 고체지구과학 및 실험 2 | 수학 2,GATE,5,30,26,14,17,True,exact,17,143.8,0.0,143.8,145.2,145.2,149.1,0.0,0.0,145.2,1.5,0.01,1.5,32.3,4.448,143.8,0.0,True,131.6,0.093,0.297,9,14,M1882.001500-001 721.222-001 721.267-001 721.264-001 F31.105-026,0.07,True
305,공과대학,건축학과,3학년,건설관리 | 한국건축 | 건물설비시스템 | 철골구조설계 및 공법 | 물리학 2 | 대학 글쓰기 2: 과학기술글쓰기,919A,6,38,168,66,69,True,exact,69,162.1,0.0,162.1,186.8,186.8,222.6,0.0,0.0,186.8,24.6,0.132,24.6,32.1,5.05,162.1,0.0,True,149.2,0.087,0.715,8,16,4013.308-001 4012.403-001 M1498.002200-001 M1498.001500-001 F33.107-005 F11.203-003,0.195,True
305,공과대학,건축학과,3학년,건설관리 | 한국건축 | 건물설비시스템 | 철골구조설계 및 공법 | 물리학 2 | 대학 글쓰기 2: 과학기술글쓰기,GATE,6,38,168,66,69,True,exact,69,174.2,0.0,174.2,197.3,200.2,230.3,0.0,0.0,197.3,23.1,0.117,23.1,35.6,4.895,174.2,0.0,True,167.0,0.043,0.654,10,18,4013.308-001 4012.403-001 M1498.002200-001 M1498.001500-001 F33.107-005 F11.203-003,0.152,True
306,인문대학,미학과,2학년,독일미학 | 매체미학 | 조형예술미학 | 동양미학개론 | 물리학실험 2,919A,5,53,49,12,20,True,exact,20,113.4,0.0,113.4,121.1,114.5,137.3,0.0,0.0,121.1,7.6,0.063,7.6,43.5,2.608,113.4,0.0,True,98.2,0.155,0.154,5,10,M1262.001200-001 M1262.000500-001 115.215A-001 M1262.000400-001 F33.107L-031,0.037,True
306,인문대학,미학과,2학년,독일미학 | 매체미학 | 조형예술미학 | 동양미학개론 | 물리학실험 2,GATE,5,53,49,12,20,True,exact,20,118.6,0.0,118.6,128.0,128.3,141.8,0.0,0.0,128.0,9.4,0.073,9.4,36.2,3.274,118.6,0.0,True,111.6,0.063,0.147,5,10,M1262.001200-001 M1262.000500-001 115.215A-001 M1262.000400-001 F33.107L-005,0.032,True
307,자연과학대학,수리과학부,4학년,금융수학 2 | 이산수학 | 수학특강 2 | 응용편미분방정식 | 수학 2,919A,5,30,26,14,18,True,exact,18,145.9,0.0,145.9,148.4,146.8,160.7,0.0,0.0,148.4,2.4,0.016,2.4,35.8,4.075,145.9,0.0,True,128.6,0.134,0.3,6,11,3341.452-001 881.436-001 3341.446-001 881.424-001 F31.105-006,0.068,True
307,자연과학대학,수리과학부,4학년,금융수학 2 | 이산수학 | 수학특강 2 | 응용편미분방정식 | 수학 2,GATE,5,30,26,14,18,True,exact,18,109.6,0.0,109.6,112.8,113.0,115.6,0.0,0.0,112.8,3.2,0.028,3.2,23.1,4.752,109.6,0.0,True,105.5,0.039,0.354,10,15,3341.452-001 881.436-001 3341.446-001 881.424-001 F31.105-006,0.079,True
308,사범대학,교육학과,1학년,생애설계상담: 의미있는 일 | 동양철학의 이해 | 초급프랑스어 1 | 영상예술의 이해 | 대기과학 | 역사와 역사 재현,919A,6,20,216,216,24,True,exact,24,153.2,0.0,153.2,179.2,181.6,210.8,0.0,0.0,179.2,26.0,0.145,26.0,32.4,4.735,153.2,0.0,True,133.8,0.145,1.575,21,38,M1831.002700-001 F36.101-001 C20.127-002 C20.113-002 C10.142-002 F26.101-001,0.296,True
308,사범대학,교육학과,1학년,생애설계상담: 의미있는 일 | 동양철학의 이해 | 초급프랑스어 1 | 영상예술의 이해 | 대기과학 | 역사와 역사 재현,GATE,6,20,216,216,24,True,exact,24,164.5,0.0,164.5,199.6,195.6,226.6,0.0,0.0,199.6,35.2,0.176,35.2,28.5,5.777,164.5,0.0,True,155.1,0.06,1.255,16,33,M1831.002700-001 F36.101-001 C20.127-001 C20.113-002 C10.142-002 F26.101-001,0.203,True
309,인문대학,고고미술사학과,3학년,"인도의 미술 | 한국의 도자 | 고고학실습 | 유럽의 17, 18세기 미술 | 물리학실험 2 | 소그룹 고전원전읽기 2",919A,6,60,343,84,146,True,exact,146,86.7,0.0,86.7,100.5,108.4,113.2,0.0,0.0,100.5,13.9,0.138,13.9,33.5,2.589,86.7,0.0,True,74.7,0.16,0.939,25,35,116.217B-001 116.323-001 116.303-001 M1265.000400-001 E52.104-007 F33.107L-030,0.173,True
309,인문대학,고고미술사학과,3학년,"인도의 미술 | 한국의 도자 | 고고학실습 | 유럽의 17, 18세기 미술 | 물리학실험 2 | 소그룹 고전원전읽기 2",GATE,6,60,343,84,146,True,exact,146,103.8,0.0,103.8,119.1,128.1,133.2,0.0,0.0,119.1,15.3,0.128,15.3,36.3,2.86,103.8,0.0,True,96.5,0.076,0.91,25,35,116.217B-001 116.323-001 116.303-001 M1265.000400-001 E52.104-006 F33.107L-004,0.235,True
310,혁신공유학부,혁신공유학부,1학년,(공유)에너지와 지속가능경영의 기초 | (공유)스마트산림번식학 | 종교 상징의 세계 | 생활구강건강관리 | 중국어권의 사회와 문화,919A,5,6,2,2,1,False,exact,1,109.4,0.0,109.4,109.4,109.4,109.4,0.0,0.0,109.4,0.0,0.0,0.0,44.9,2.434,109.4,0.0,True,97.7,0.12,0.128,1,6,M3502.017000-001 M3502.015800-001 C20.136-001 E11.215-001 C10.153-002,0.035,True
310,혁신공유학부,혁신공유학부,1학년,(공유)에너지와 지속가능경영의 기초 | (공유)스마트산림번식학 | 종교 상징의 세계 | 생활구강건강관리 | 중국어권의 사회와 문화,GATE,5,6,2,2,1,False,exact,1,115.9,0.0,115.9,115.9,115.9,115.9,0.0,0.0,115.9,0.0,0.0,0.0,41.3,2.807,115.9,0.0,True,110.4,0.049,0.108,1,6,M3502.017000-001 M3502.015800-001 C20.136-001 E11.215-001 C10.153-002,0.023,True
311,농업생명과학대학,산림과학부,4학년,학술림 연구 및 실습 | 산림복원공학 및 실습 | 환경재료과학 논문연구 | 대학 글쓰기 2: 과학기술글쓰기 | 한국사,919A,5,35,112,44,59,True,exact,59,163.3,0.0,163.3,200.7,201.1,217.4,0.0,0.0,200.7,37.4,0.186,37.4,32.8,4.983,163.3,0.0,True,146.5,0.114,0.765,16,23,M1698.001900-002 M1698.002300-002 M1699.000400-001 C20.149-004 F11.203-010,0.223,True
311,농업생명과학대학,산림과학부,4학년,학술림 연구 및 실습 | 산림복원공학 및 실습 | 환경재료과학 논문연구 | 대학 글쓰기 2: 과학기술글쓰기 | 한국사,GATE,5,35,112,44,59,True,exact,59,149.0,0.0,149.0,192.3,203.3,213.2,0.0,0.0,192.3,43.3,0.225,43.3,32.0,4.656,149.0,0.0,True,143.8,0.036,0.634,15,22,M1698.001900-002 M1698.002300-002 M1699.000400-001 C20.149-002 F11.203-003,0.202,True
312,인문대학,노어노문학과,1학년,세계속의 러시아어 | 21세기 러시아 문학 | 대학 글쓰기 1 | 죽음의 과학적 이해 | 영양과 건강,919A,5,78,74,58,52,True,exact,52,126.4,0.0,126.4,145.0,147.6,165.3,0.077,0.2,145.4,18.7,0.129,19.1,29.1,4.342,126.4,0.0,True,107.6,0.174,1.408,24,29,100.121-001 M1242.002700-001 E11.174-001 C40.121-001 F11.101-057,0.412,True
312,인문대학,노어노문학과,1학년,세계속의 러시아어 | 21세기 러시아 문학 | 대학 글쓰기 1 | 죽음의 과학적 이해 | 영양과 건강,GATE,5,78,74,58,52,True,exact,52,117.5,0.0,117.5,139.2,144.1,170.5,0.077,0.2,139.6,21.7,0.156,22.1,23.2,5.071,117.5,0.0,True,109.6,0.072,1.352,22,27,100.121-001 M1242.002700-001 E11.174-001 C40.121-001 F11.101-047,0.388,True
313,음악대학,국악과,1학년,국악개론 및 감상 2 | 국악가창지도법 | 프랑스어권 문화의 이해 | 베리타스 강좌 2: 예술과 법 | 스페인어권 문화의 이해,919A,5,7,4,4,2,True,exact,2,97.7,0.0,97.7,107.7,107.7,117.7,0.0,0.0,107.7,10.0,0.093,10.0,39.0,2.509,97.7,0.0,True,83.3,0.173,0.19,2,7,650.1208-001 650.3340-001 V20.101-001 C10.157-004 C10.133-003,0.04,True
313,음악대학,국악과,1학년,국악개론 및 감상 2 | 국악가창지도법 | 프랑스어권 문화의 이해 | 베리타스 강좌 2: 예술과 법 | 스페인어권 문화의 이해,GATE,5,7,4,4,2,True,exact,2,104.8,0.0,104.8,122.5,122.5,140.2,0.0,0.0,122.5,17.7,0.145,17.7,35.6,2.939,104.8,0.0,True,96.4,0.086,0.144,2,7,650.1208-001 650.3340-001 V20.101-001 C10.157-004 C10.133-003,0.022,True
314,공과대학,에너지자원공학과,1학년,에너지자원공학실습 | 문명과 수학 | 생물학 2 | 정신건강과 우리의 삶 | 컴퓨팅 기초: 처음 만나는 컴퓨팅 | 물리학 2,919A,6,30,228,96,36,True,exact,36,154.6,0.0,154.6,193.5,202.2,212.2,0.0,0.0,193.5,38.9,0.201,38.9,50.8,3.046,154.6,0.0,True,138.3,0.118,0.513,8,18,M1594.000400-001 E11.120-001 C30.150-001 F35.105-002 F33.107-006 F37.101-005,0.122,True
314,공과대학,에너지자원공학과,1학년,에너지자원공학실습 | 문명과 수학 | 생물학 2 | 정신건강과 우리의 삶 | 컴퓨팅 기초: 처음 만나는 컴퓨팅 | 물리학 2,GATE,6,30,228,96,36,True,exact,36,131.0,0.0,131.0,169.6,176.6,187.9,0.0,0.0,169.6,38.6,0.228,38.6,41.2,3.18,131.0,0.0,True,125.2,0.046,0.466,9,19,M1594.000400-001 E11.120-001 C30.150-001 F35.105-002 F33.107-006 F37.101-005,0.081,True
315,자연과학대학,통계학과,4학년,생존자료분석 및 실습 | 베이즈통계 및 실습 | 자료분석 심화방법론 및 실습 | 공학수학 1 | 창의적 사고와 표현 | 생물학실험 2,919A,6,21,180,120,7,True,exact,7,157.0,0.0,157.0,179.0,180.5,192.9,0.0,0.0,179.0,22.1,0.123,22.1,36.6,4.283,157.0,0.0,True,139.2,0.128,0.395,6,15,326.412-001 326.411-001 M1399.001500-001 F12.103-001 F31.201-005 F35.105L-008,0.064,True
315,자연과학대학,통계학과,4학년,생존자료분석 및 실습 | 베이즈통계 및 실습 | 자료분석 심화방법론 및 실습 | 공학수학 1 | 창의적 사고와 표현 | 생물학실험 2,GATE,6,21,180,120,7,True,exact,7,151.9,0.0,151.9,163.1,161.7,180.4,0.0,0.0,163.1,11.2,0.069,11.2,37.4,4.061,151.9,0.0,True,144.1,0.054,0.37,6,15,326.412-001 326.411-001 M1399.001500-001 F12.103-001 F31.201-005 F35.105L-008,0.052,True
316,혁신공유학부,혁신공유학부,2학년,(공유)작물정보계측 | (공유)빅데이터 윤리 | (공유)역사 GIS 고급 연습 | (공유)신에너지공학개론 | 대학 글쓰기 1,919A,5,79,148,116,50,True,exact,50,135.3,0.0,135.3,175.3,181.6,209.3,0.06,0.1,175.5,40.0,0.228,40.3,34.5,3.926,135.3,0.0,True,123.3,0.097,1.444,24,29,M3502.011800-001 M3502.022400-001 M3500.002300-001 M3500.003400-002 F11.101-046,0.228,True
316,혁신공유학부,혁신공유학부,2학년,(공유)작물정보계측 | (공유)빅데이터 윤리 | (공유)역사 GIS 고급 연습 | (공유)신에너지공학개론 | 대학 글쓰기 1,GATE,5,79,148,116,50,True,exact,50,116.7,0.0,116.7,153.5,151.6,189.5,0.06,0.1,153.7,36.8,0.239,37.0,28.9,4.039,116.7,0.0,True,111.2,0.05,1.429,21,26,M3502.011800-001 M3502.022400-001 M3500.002300-001 M3500.003400-002 F11.101-029,0.205,True
317,사범대학,영어교육과,4학년,영미희곡 | 어휘와 문법 지도법 | 초급프랑스어 1 | 초급한문 1 | 자연환경과 인간,919A,5,23,99,90,26,True,exact,26,109.0,0.0,109.0,136.1,132.2,162.2,0.0,0.0,136.1,27.2,0.2,27.2,31.1,3.506,109.0,0.0,True,93.5,0.166,0.888,19,28,707.322-001 707.305A-001 C40.130-001 F26.101-009 F28.101-008,0.204,True
317,사범대학,영어교육과,4학년,영미희곡 | 어휘와 문법 지도법 | 초급프랑스어 1 | 초급한문 1 | 자연환경과 인간,GATE,5,23,99,90,26,True,exact,26,140.2,0.0,140.2,156.1,156.4,175.5,0.0,0.0,156.1,16.0,0.102,16.0,30.0,4.673,140.2,0.0,True,129.7,0.081,1.046,20,29,707.322-001 707.305A-001 C40.130-001 F26.101-009 F28.101-002,0.15,True
318,음악대학,작곡과,3학년,"전자음악 이론 및 실습 2 | 건강, 돌봄, 자가간호 | 초급스페인어 1 | 대학영어 1 | 문학과 정신분석 | 수학 1",919A,6,75,880,864,93,True,exact,93,137.2,0.0,137.2,160.2,163.3,171.9,0.355,18.2,196.5,22.9,0.143,59.3,38.7,3.547,137.2,0.0,True,120.3,0.141,3.671,42,51,6521.3311-001 E11.203-001 C10.121-001 F31.104-001 F24.101-002 F21.101-002,0.523,True
318,음악대학,작곡과,3학년,"전자음악 이론 및 실습 2 | 건강, 돌봄, 자가간호 | 초급스페인어 1 | 대학영어 1 | 문학과 정신분석 | 수학 1",GATE,6,75,880,864,93,True,exact,93,121.8,0.0,121.8,159.4,159.7,188.9,0.355,18.2,195.7,37.6,0.236,73.9,32.8,3.709,121.8,0.0,True,114.3,0.065,3.576,43,52,6521.3311-001 E11.203-001 C10.121-001 F31.104-001 F24.101-007 F21.101-044,0.443,True
319,인문대학,종교학과,3학년,유교개론 | 종교와 젠더 | 종교철학 | 현대종교 | 대학 글쓰기 1 | 수학연습 2,919A,6,123,3330,986,1872,True,exact,1872,107.1,0.0,107.1,141.7,136.0,167.1,0.007,0.0,141.8,34.7,0.245,34.7,26.1,4.096,107.1,0.02,True,92.1,0.163,4.702,94,103,114.213-001 M1261.001200-001 114.302-001 114.411-001 F31.105L-033 F11.101-063,0.767,True
319,인문대학,종교학과,3학년,유교개론 | 종교와 젠더 | 종교철학 | 현대종교 | 대학 글쓰기 1 | 수학연습 2,GATE,6,123,3330,986,1872,True,exact,1872,128.2,0.0,128.2,163.0,160.7,185.0,0.007,0.0,163.0,34.8,0.214,34.8,26.4,4.846,128.2,0.0,True,120.6,0.063,4.84,95,104,114.213-001 M1261.001200-001 114.302-001 114.411-001 F31.105L-033 F11.101-051,1.075,True
320,자연과학대학,통계학과,3학년,수리통계 2 | 이산자료분석 및 실습 | 다변량자료분석 및 실습 | 공학수학 1 | 대학 글쓰기 1 | 근대 한국의 역사와 문화,919A,6,83,370,290,44,True,exact,44,159.1,0.0,159.1,177.3,180.2,200.7,0.0,0.0,177.3,18.2,0.103,18.2,28.7,5.543,159.1,0.0,True,142.8,0.114,1.75,24,30,326.312-001 326.314-001 326.316-001 C20.104-001 F31.201-001 F11.101-019,0.242,True
320,자연과학대학,통계학과,3학년,수리통계 2 | 이산자료분석 및 실습 | 다변량자료분석 및 실습 | 공학수학 1 | 대학 글쓰기 1 | 근대 한국의 역사와 문화,GATE,6,83,370,290,44,True,exact,44,144.7,0.0,144.7,164.2,163.1,183.5,0.0,0.0,164.2,19.5,0.119,19.5,25.7,5.632,144.7,0.0,True,139.0,0.041,1.686,19,25,326.312-001 326.314-001 326.316-001 C20.104-001 F31.201-001 F11.101-009,0.2,True
321,사회과학대학,정치외교학부,2학년,행정학서론 | 한국외교사 | 일본과 국제관계 | 비교정치론 | 불교철학의 이해 | 초급중국어 1,919A,6,20,28,28,12,True,exact,12,142.8,0.0,142.8,158.3,164.2,169.4,0.25,12.6,183.4,15.5,0.098,40.6,54.7,2.612,142.8,0.0,True,126.0,0.133,0.565,11,18,216A.210-001 216B.209-001 216B.341-001 216A.202-001 E11.129-001 F25.101-015,0.1,True
321,사회과학대학,정치외교학부,2학년,행정학서론 | 한국외교사 | 일본과 국제관계 | 비교정치론 | 불교철학의 이해 | 초급중국어 1,GATE,6,20,28,28,12,True,exact,12,106.0,0.0,106.0,126.4,131.9,140.6,0.25,12.6,151.5,20.4,0.161,45.5,43.9,2.414,106.0,0.0,True,100.6,0.054,0.533,10,17,216A.210-001 216B.209-001 216B.341-001 216A.202-001 E11.129-001 F25.101-014,0.115,True
322,사범대학,불어교육과,4학년,프랑스어교과논리 및 논술 | 프랑스어 데이터와 언어학 | 대학 글쓰기 1 | 물리학실험 2 | 대학 글쓰기 2: 과학기술글쓰기 | 사상과 윤리,919A,6,156,304584,22968,47702,True,sample,4000,129.0,0.0,129.0,164.0,166.6,,0.011,0.0,164.0,35.0,0.214,35.0,26.3,4.899,129.4,0.39,False,114.3,0.128,27.569,598,645,708.338A-001 M1851.002900-001 C20.117-002 F11.203-003 F33.107L-040 F11.101-025,5.952,True
322,사범대학,불어교육과,4학년,프랑스어교과논리 및 논술 | 프랑스어 데이터와 언어학 | 대학 글쓰기 1 | 물리학실험 2 | 대학 글쓰기 2: 과학기술글쓰기 | 사상과 윤리,GATE,6,156,304584,22968,47702,True,sample,4000,184.6,0.0,184.6,203.1,200.8,,0.011,0.0,203.1,18.5,0.091,18.5,27.3,6.767,184.7,0.11,False,173.1,0.066,58.466,1535,1614,708.338A-001 M1851.002900-001 C20.117-002 F11.203-013 F33.107L-042 F11.101-047,12.277,True
323,사범대학,물리교육과,2학년,물리실험 및 시범 2 | 물리수학 및 교육 1 | 역학 및 교육 2 | 전자기 및 교육 1 | 고급영어: 연극 | 독일어권 문화의 이해,919A,6,9,6,6,2,True,exact,2,103.3,0.0,103.3,104.8,104.8,106.3,0.0,0.0,104.8,1.5,0.014,1.5,23.6,4.376,103.3,0.0,True,89.6,0.153,0.184,2,8,717.228-001 717.223A-001 717.225A-001 717.226A-001 F21.305-001 C30.109-003,0.091,True
323,사범대학,물리교육과,2학년,물리실험 및 시범 2 | 물리수학 및 교육 1 | 역학 및 교육 2 | 전자기 및 교육 1 | 고급영어: 연극 | 독일어권 문화의 이해,GATE,6,9,6,6,2,True,exact,2,146.8,0.0,146.8,148.0,148.0,149.2,0.0,0.0,148.0,1.2,0.008,1.2,31.1,4.722,146.8,0.0,True,134.1,0.095,0.147,2,8,717.228-001 717.223A-001 717.225A-001 717.226A-001 F21.305-001 C30.109-002,0.024,True
324,공과대학,원자핵공학과,4학년,원자로 수치해석과 설계 | 원자핵공학 학사논문연구 1 | 원자핵공학 학사논문연구 2 | 수학 2 | 동양철학의 이해 | 자연환경과 인간,919A,6,33,78,42,18,True,exact,18,170.5,5.9,182.2,181.1,175.0,206.0,1.0,5.9,192.9,10.7,0.059,10.7,49.7,3.43,170.5,0.0,True,152.5,0.118,0.449,9,16,409.407B-001 M1509.000500-001 M1509.000600-001 C40.130-001 C20.113-003 F31.105-003,0.075,True
324,공과대학,원자핵공학과,4학년,원자로 수치해석과 설계 | 원자핵공학 학사논문연구 1 | 원자핵공학 학사논문연구 2 | 수학 2 | 동양철학의 이해 | 자연환경과 인간,GATE,6,33,78,42,18,True,exact,18,159.8,5.9,171.6,168.1,168.6,174.2,1.0,5.9,179.9,8.3,0.049,8.3,41.8,3.82,159.8,0.0,True,149.5,0.069,0.397,9,16,409.407B-001 M1509.000500-001 M1509.000600-001 C40.130-001 C20.113-002 F31.105-013,0.062,True
325,미술대학,서양화과,1학년,평면조형4 | 워크숍: 실험적 표현 | 초급프랑스어 1 | 미학과 예술론 | 논리와 비판적 사고 | 한국음악의 이해,919A,6,18,72,72,2,True,exact,2,138.8,0.0,138.8,142.8,142.8,146.8,0.0,0.0,142.8,4.0,0.028,4.0,32.1,4.33,138.8,0.0,True,117.6,0.181,0.336,2,9,M2182.000800-001 M1766.001400-001 E11.184-001 C20.115-001 F12.101-003 F26.101-001,0.062,True
325,미술대학,서양화과,1학년,평면조형4 | 워크숍: 실험적 표현 | 초급프랑스어 1 | 미학과 예술론 | 논리와 비판적 사고 | 한국음악의 이해,GATE,6,18,72,72,2,True,exact,2,160.1,0.0,160.1,160.7,160.7,161.3,0.0,0.0,160.7,0.6,0.004,0.6,28.5,5.615,160.1,0.0,True,148.7,0.076,0.371,2,9,M2182.000800-001 M1766.001400-001 E11.184-001 C20.115-001 F12.101-001 F26.101-005,0.041,True
326,사회과학대학,정치외교학부,3학년,국제기구론 | 현대 민주주의의 쟁점 | 한국외교정책론 | 개발과 협력의 국제정치경제 | 초급한문 1 | 대학영어 1,919A,6,70,605,540,73,True,exact,73,122.0,0.0,122.0,141.9,148.7,153.5,0.0,0.0,141.9,19.9,0.14,19.9,35.9,3.399,122.0,0.0,True,104.7,0.165,2.178,29,38,216B.326-001 216A.209A-001 216B.336-001 216B.228-001 F28.101-008 F21.101-031,0.37,True
326,사회과학대학,정치외교학부,3학년,국제기구론 | 현대 민주주의의 쟁점 | 한국외교정책론 | 개발과 협력의 국제정치경제 | 초급한문 1 | 대학영어 1,GATE,6,70,605,540,73,True,exact,73,99.1,0.0,99.1,124.7,121.3,156.2,0.0,0.0,124.7,25.7,0.206,25.7,26.1,3.788,99.1,0.0,True,93.4,0.06,2.046,19,28,216B.326-001 216A.209A-001 216B.336-001 216B.228-001 F28.101-006 F21.101-033,0.28,True
327,음악대학,관현악과,4학년,재즈입문 2 | 경제학개론 | 물리학실험 2 | 문학과 정신분석 | 수학연습 2 | 대기과학실험,919A,6,101,13230,1224,4517,True,exact,4517,135.3,0.0,135.3,163.5,163.7,186.7,0.232,0.4,164.3,28.2,0.173,29.0,41.6,3.253,135.5,0.24,False,117.8,0.149,3.484,45,68,6532.4343-001 C10.121-001 E11.103-001 F36.101L-002 F33.107L-040 F31.105L-004,0.688,True
327,음악대학,관현악과,4학년,재즈입문 2 | 경제학개론 | 물리학실험 2 | 문학과 정신분석 | 수학연습 2 | 대기과학실험,GATE,6,101,13230,1224,4517,True,exact,4517,101.7,0.0,101.7,135.1,136.0,162.5,0.232,0.4,135.9,33.4,0.247,34.2,29.7,3.427,101.9,0.26,False,96.6,0.053,3.846,59,83,6532.4343-001 C10.121-001 E11.103-001 F36.101L-002 F33.107L-040 F31.105L-033,0.763,True
328,생활과학대학,소비자아동학부,4학년,아동문학교육 | 아동상담론 | 글로벌시장과 소비자 | 아동가족과 법 | 한국문화와 불교 | 물리의 기본 2,919A,6,7,2,2,1,False,exact,1,148.1,0.0,148.1,148.1,148.1,148.1,0.0,0.0,148.1,0.0,0.0,0.0,43.7,3.388,148.1,0.0,True,129.3,0.146,0.126,1,7,M2808.003900-001 M2808.002400-001 M1471.000200-001 M2808.003300-001 C20.147-001 F33.104-002,0.022,True
328,생활과학대학,소비자아동학부,4학년,아동문학교육 | 아동상담론 | 글로벌시장과 소비자 | 아동가족과 법 | 한국문화와 불교 | 물리의 기본 2,GATE,6,7,2,2,1,False,exact,1,146.4,0.0,146.4,146.4,146.4,146.4,0.0,0.0,146.4,0.0,0.0,0.0,37.8,3.869,146.4,0.0,True,134.8,0.086,0.119,1,7,M2808.003900-001 M2808.002400-001 M1471.000200-001 M2808.003300-001 C20.147-001 F33.104-002,0.012,True
329,사범대학,독어교육과,2학년,독어번역연습 | 독일청소년문학 | 중급독어회화실습 | 독어학입문 | 인간관계의 심리학,919A,5,8,4,4,2,True,exact,2,69.7,0.0,69.7,76.8,76.8,84.0,0.0,0.0,76.8,7.1,0.093,7.1,33.3,2.093,69.7,0.0,True,60.0,0.162,0.081,2,7,709.237-001 709.229-001 709.204A-001 709.304B-001 E11.163-002,0.012,True
329,사범대학,독어교육과,2학년,독어번역연습 | 독일청소년문학 | 중급독어회화실습 | 독어학입문 | 인간관계의 심리학,GATE,5,8,4,4,2,True,exact,2,108.6,0.0,108.6,117.0,117.0,125.4,0.0,0.0,117.0,8.4,0.072,8.4,33.9,3.203,108.6,0.0,True,100.2,0.084,0.078,2,7,709.237-001 709.229-001 709.204A-001 709.304B-001 E11.163-002,0.01,True
330,자연과학대학,통계학과,3학년,다변량자료분석 및 실습 | 수리통계 2 | 이산자료분석 및 실습 | 대학영어 2: 말하기 | 대학 글쓰기 1,919A,5,89,888,638,334,True,exact,334,149.1,0.0,149.1,173.3,173.6,210.6,0.0,0.0,173.3,24.2,0.14,24.2,28.3,5.27,149.3,0.2,False,132.1,0.129,5.442,94,103,326.316-001 326.312-001 326.314-001 F21.202-012 F11.101-019,0.927,True
330,자연과학대학,통계학과,3학년,다변량자료분석 및 실습 | 수리통계 2 | 이산자료분석 및 실습 | 대학영어 2: 말하기 | 대학 글쓰기 1,GATE,5,89,888,638,334,True,exact,334,132.9,0.0,132.9,159.0,159.0,185.4,0.0,0.0,159.0,26.1,0.164,26.1,29.5,4.501,132.9,0.0,True,127.4,0.043,5.356,59,68,326.316-001 326.312-001 326.314-001 F21.202-012 F11.101-051,0.922,True
331,생활과학대학,소비자아동학부,4학년,아동상담론 | 아동문학교육 | 아동가족과 법 | 글로벌시장과 소비자 | 말하기와 토론,919A,5,10,6,6,1,False,exact,1,115.2,0.0,115.2,115.2,115.2,115.2,0.0,0.0,115.2,0.0,0.0,0.0,31.9,3.61,115.2,0.0,True,97.9,0.177,0.133,1,6,M2808.002400-001 M2808.003900-001 M2808.003300-001 M1471.000200-001 F12.102-005,0.019,True
331,생활과학대학,소비자아동학부,4학년,아동상담론 | 아동문학교육 | 아동가족과 법 | 글로벌시장과 소비자 | 말하기와 토론,GATE,5,10,6,6,1,False,exact,1,106.7,0.0,106.7,106.7,106.7,106.7,0.0,0.0,106.7,0.0,0.0,0.0,28.6,3.737,106.7,0.0,True,97.8,0.092,0.09,1,6,M2808.002400-001 M2808.003900-001 M2808.003300-001 M1471.000200-001 F12.102-005,0.012,True
332,첨단융합학부,첨단융합학부,4학년,데이터과학 창의연구 | 메모리 및 인공지능소자 | 신입생 세미나 | 대학 글쓰기 2: 사회과학글쓰기 | 수학 2,919A,5,42,858,462,294,True,exact,294,128.3,0.0,128.3,167.0,168.6,203.3,0.01,0.1,167.1,38.8,0.232,38.9,39.4,3.259,128.3,0.0,True,114.7,0.118,1.203,7,14,M3635.000800-001 M3637.001600-001 E51.101-004 F11.202-001 F31.105-008,0.176,True
332,첨단융합학부,첨단융합학부,4학년,데이터과학 창의연구 | 메모리 및 인공지능소자 | 신입생 세미나 | 대학 글쓰기 2: 사회과학글쓰기 | 수학 2,GATE,5,42,858,462,294,True,exact,294,141.0,0.0,141.0,172.0,171.4,194.2,0.01,0.1,172.1,31.1,0.181,31.2,36.6,3.856,141.0,0.0,True,130.8,0.078,0.93,15,22,M3635.000800-001 M3637.001600-001 E51.101-004 F11.202-001 F31.105-008,0.131,True
333,사회과학대학,사회복지학과,4학년,"가족 다양성과 돌봄 | 평안한 삶의 기초: 건강, 돌봄, 그리고 사회 | 베리타스 강좌 1: 인간과 동물 | 대학 글쓰기 1 | 수학 2",919A,5,103,1924,812,914,True,exact,914,143.4,0.0,143.4,162.9,163.5,196.8,0.002,0.0,162.9,19.4,0.119,19.4,37.0,3.876,143.6,0.18,False,125.0,0.147,6.524,130,144,M1311.004000-001 M1311.004100-001 V10.104-001 F31.105-018 F11.101-019,5.364,True
333,사회과학대학,사회복지학과,4학년,"가족 다양성과 돌봄 | 평안한 삶의 기초: 건강, 돌봄, 그리고 사회 | 베리타스 강좌 1: 인간과 동물 | 대학 글쓰기 1 | 수학 2",GATE,5,103,1924,812,914,True,exact,914,94.0,0.0,94.0,118.0,117.5,144.8,0.002,0.0,118.0,23.9,0.203,23.9,26.1,3.605,94.0,0.0,True,89.0,0.057,6.369,40,55,M1311.004000-001 M1311.004100-001 V10.104-001 F31.105-006 F11.101-021,1.081,True
334,사범대학,체육교육과,4학년,스포츠의학 | 체육교재연구및지도법 | 장애유형별 특수체육원리 | 스포츠공학 개론 | 대학영어 1 | 민주주의와 시민의 역사,919A,6,60,55,54,6,True,exact,6,174.0,13.2,200.3,200.8,202.8,215.4,1.0,10.6,222.1,26.8,0.134,21.7,55.8,3.12,174.0,0.0,True,154.5,0.126,0.61,6,12,M1886.003300-001 722.401A-001 722.454-001 M1886.000400-001 E11.125-001 F21.101-055,0.064,True
334,사범대학,체육교육과,4학년,스포츠의학 | 체육교재연구및지도법 | 장애유형별 특수체육원리 | 스포츠공학 개론 | 대학영어 1 | 민주주의와 시민의 역사,GATE,6,60,55,54,6,True,exact,6,146.3,9.6,165.4,150.7,150.5,159.1,1.0,10.6,172.0,4.4,0.029,6.5,42.9,3.409,143.2,4.06,False,138.1,0.059,0.501,6,12,M1886.003300-001 722.401A-001 722.454-001 M1886.000400-001 E11.125-001 F21.101-012,0.047,True
335,농업생명과학대학,농경제사회학부,3학년,시장개방과 농산물무역 | 데이터기반 지역산업분석 | 농식품유통의 이론과 실제 | 공간경제의 이해 | 대학 글쓰기 1 | 초급스페인어 1,919A,6,94,1184,928,92,True,exact,92,151.6,0.0,151.6,172.0,171.3,205.1,0.38,17.7,207.4,20.4,0.118,55.8,27.5,5.507,150.4,2.28,False,136.7,0.109,3.061,57,65,5201.309-001 M3321.001600-001 5201.305A-001 5202.205-001 F24.101-002 F11.101-058,0.556,True
335,농업생명과학대학,농경제사회학부,3학년,시장개방과 농산물무역 | 데이터기반 지역산업분석 | 농식품유통의 이론과 실제 | 공간경제의 이해 | 대학 글쓰기 1 | 초급스페인어 1,GATE,6,94,1184,928,92,True,exact,92,131.2,0.0,131.2,163.5,163.1,192.7,0.38,17.7,198.9,32.2,0.197,67.7,28.5,4.607,131.2,0.0,True,127.0,0.033,2.734,43,51,5201.309-001 M3321.001600-001 5201.305A-001 5202.205-001 F24.101-002 F11.101-047,0.409,True
336,사회과학대학,사회복지학과,4학년,"가족 다양성과 돌봄 | 평안한 삶의 기초: 건강, 돌봄, 그리고 사회 | 그리스.로마신화 | 컴퓨터의 개념 및 실습 | 베리타스 강좌 1: 우리 안의 민속문화 | 함께 사는 법 – 노동, 복지 그리고 삶",919A,6,7,2,2,1,False,exact,1,159.6,0.0,159.6,159.6,159.6,159.6,0.0,0.0,159.6,0.0,0.0,0.0,52.8,3.023,159.6,0.0,True,140.3,0.138,0.201,1,7,M1311.004000-001 M1311.004100-001 C10.103-001 V10.111-001 E11.185-001 F37.202-001,0.037,True
336,사회과학대학,사회복지학과,4학년,"가족 다양성과 돌봄 | 평안한 삶의 기초: 건강, 돌봄, 그리고 사회 | 그리스.로마신화 | 컴퓨터의 개념 및 실습 | 베리타스 강좌 1: 우리 안의 민속문화 | 함께 사는 법 – 노동, 복지 그리고 삶",GATE,6,7,2,2,1,False,exact,1,156.3,0.0,156.3,156.3,156.3,156.3,0.0,0.0,156.3,0.0,0.0,0.0,45.7,3.423,156.3,0.0,True,145.9,0.071,0.163,1,7,M1311.004000-001 M1311.004100-001 C10.103-001 V10.111-001 E11.185-001 F37.202-001,0.022,True
337,인문대학,역사학부,4학년,역사학 논문쓰기 1 | 역사학 논문쓰기 3 | 프랑스사 | 역사학 논문쓰기 2 | 수학연습 2,919A,5,49,45,17,45,True,exact,45,91.1,0.0,91.1,92.3,91.6,98.9,0.0,0.0,92.3,1.1,0.012,1.1,33.7,2.705,91.1,0.0,True,78.6,0.16,0.381,13,18,M3533.001500-001 M3533.000800-001 M3546.000300-001 M3533.000600-001 F31.105L-002,0.069,True
337,인문대학,역사학부,4학년,역사학 논문쓰기 1 | 역사학 논문쓰기 3 | 프랑스사 | 역사학 논문쓰기 2 | 수학연습 2,GATE,5,49,45,17,45,True,exact,45,125.7,0.0,125.7,129.4,129.4,135.5,0.0,0.0,129.4,3.7,0.029,3.7,34.2,3.677,125.7,0.0,True,117.6,0.068,0.369,12,17,M3533.001500-001 M3533.000800-001 M3546.000300-001 M3533.000600-001 F31.105L-027,0.113,True
338,사범대학,역사교육과,1학년,세계사의 이해 | 국사교육강독 | 죽음의 과학적 이해 | 논리학 | 사회주의의 역사,919A,5,9,5,5,2,True,exact,2,127.9,0.0,127.9,128.3,128.3,128.7,0.0,0.0,128.3,0.4,0.003,0.4,45.8,2.79,127.9,0.0,True,113.0,0.132,0.154,2,7,M0000.028700-001 712.202-001 E11.174-001 E11.135-001 C20.106-002,0.035,True
338,사범대학,역사교육과,1학년,세계사의 이해 | 국사교육강독 | 죽음의 과학적 이해 | 논리학 | 사회주의의 역사,GATE,5,9,5,5,2,True,exact,2,143.6,0.0,143.6,149.8,149.8,156.0,0.0,0.0,149.8,6.2,0.042,6.2,40.9,3.512,143.6,0.0,True,134.9,0.064,0.215,2,7,M0000.028700-001 712.202-001 E11.174-001 E11.135-001 C20.106-002,0.021,True
339,사범대학,사회교육과,4학년,사회과 논리 및 논술 | 다문화 사회와 교육 정책 | 문화와 사회 | 비판적 시민교육 | 초급프랑스어 1 | 통계학실험,919A,6,17,36,36,4,True,exact,4,102.0,0.0,102.0,111.2,106.9,129.1,0.0,0.0,111.2,9.2,0.083,9.2,31.1,3.279,102.0,0.0,True,87.8,0.162,0.493,4,13,M1855.000500-001 M1855.001400-001 M1855.001800-001 711.478A-001 F32.102L-012 F26.101-005,0.04,True
339,사범대학,사회교육과,4학년,사회과 논리 및 논술 | 다문화 사회와 교육 정책 | 문화와 사회 | 비판적 시민교육 | 초급프랑스어 1 | 통계학실험,GATE,6,17,36,36,4,True,exact,4,133.7,0.0,133.7,139.6,133.9,156.8,0.0,0.0,139.6,5.9,0.042,5.9,35.9,3.723,133.7,0.0,True,125.6,0.064,0.244,4,13,M1855.000500-001 M1855.001400-001 M1855.001800-001 711.478A-001 F32.102L-012 F26.101-005,0.032,True
340,농업생명과학대학,식물생산과학부,4학년,산업인력개발학 학사논문연구 | 원예생명공학 학사논문연구1 | 원예생명공학 학사논문연구2 | 조경식물학 및 실습 | 초급한문 1 | 대학 글쓰기 1,919A,6,89,814,580,424,True,exact,424,152.0,0.0,152.0,188.3,191.2,226.0,0.0,0.0,188.3,36.3,0.193,36.3,27.8,5.47,152.0,0.0,True,136.9,0.11,8.288,118,131,M1671.001300-001 M2744.000500-001 M2744.000600-001 5172.405A-001 F28.101-010 F11.101-046,5.388,True
340,농업생명과학대학,식물생산과학부,4학년,산업인력개발학 학사논문연구 | 원예생명공학 학사논문연구1 | 원예생명공학 학사논문연구2 | 조경식물학 및 실습 | 초급한문 1 | 대학 글쓰기 1,GATE,6,89,814,580,424,True,exact,424,122.0,0.0,122.0,164.9,158.0,207.2,0.0,0.0,164.9,43.0,0.261,43.0,28.5,4.281,122.0,0.0,True,118.6,0.029,5.258,50,60,M1671.001300-001 M2744.000500-001 M2744.000600-001 5172.405A-001 F28.101-010 F11.101-064,0.807,True
341,인문대학,영어영문학과,1학년,영어학입문 | 영문학입문 | 대기과학 | 대학영어 2: 말하기 | 프랑스어권 문화의 이해,919A,5,17,24,22,8,True,exact,8,124.6,0.0,124.6,128.6,128.1,134.9,0.0,0.0,128.6,4.1,0.032,4.1,37.1,3.359,124.6,0.0,True,109.6,0.137,0.4,7,12,100.109-001 M1236.000600-001 F36.101-001 C10.157-004 F21.202-007,0.062,True
341,인문대학,영어영문학과,1학년,영어학입문 | 영문학입문 | 대기과학 | 대학영어 2: 말하기 | 프랑스어권 문화의 이해,GATE,5,17,24,22,8,True,exact,8,143.7,0.0,143.7,149.0,147.9,165.1,0.0,0.0,149.0,5.3,0.036,5.3,33.0,4.356,143.7,0.0,True,136.2,0.056,0.463,7,12,100.109-001 M1236.000600-001 F36.101-001 C10.157-004 F21.202-001,0.046,True
342,사범대학,역사교육과,1학년,세계사의 이해 | 국사교육강독 | 수학 2 | 공학수학 1 | 컴퓨팅 기초: 처음 만나는 컴퓨팅 | 대학 글쓰기 1,919A,6,126,182780,32480,7410,True,exact,7410,135.9,0.0,135.9,176.4,177.7,225.9,0.005,0.0,176.4,40.4,0.229,40.4,29.0,4.685,137.6,1.62,False,122.5,0.11,22.544,339,379,M0000.028700-001 712.202-001 F31.201-001 F37.101-006 F31.105-009 F11.101-019,5.132,True
342,사범대학,역사교육과,1학년,세계사의 이해 | 국사교육강독 | 수학 2 | 공학수학 1 | 컴퓨팅 기초: 처음 만나는 컴퓨팅 | 대학 글쓰기 1,GATE,6,126,182780,32480,7410,True,exact,7410,150.3,0.0,150.3,183.6,184.8,216.3,0.005,0.0,183.6,33.3,0.181,33.3,32.1,4.681,150.9,0.58,False,141.8,0.06,10.017,122,143,M0000.028700-001 712.202-001 F31.201-001 F37.101-006 F31.105-016 F11.101-049,2.119,True
343,사범대학,역사교육과,3학년,한국근대사 | 서양근대사 | 역사교육론 | 동아시아근현대사 | 중국어권의 사회와 문화 | 컴퓨팅 기초: 처음 만나는 컴퓨팅,919A,6,25,38,16,1,False,exact,1,120.8,0.0,120.8,120.8,120.8,120.8,0.0,0.0,120.8,0.0,0.0,0.0,34.9,3.464,120.8,0.0,True,104.9,0.151,0.154,1,7,712.215-001 712.233B-001 712.301-001 M1858.001400-001 C10.153-001 F37.101-006,0.027,True
343,사범대학,역사교육과,3학년,한국근대사 | 서양근대사 | 역사교육론 | 동아시아근현대사 | 중국어권의 사회와 문화 | 컴퓨팅 기초: 처음 만나는 컴퓨팅,GATE,6,25,38,16,1,False,exact,1,176.1,0.0,176.1,176.1,176.1,176.1,0.0,0.0,176.1,0.0,0.0,0.0,39.1,4.501,176.1,0.0,True,164.1,0.073,0.148,1,7,712.215-001 712.233B-001 712.301-001 M1858.001400-001 C10.153-001 F37.101-006,0.014,True
344,농업생명과학대학,산림과학부,2학년,스마트산림종자학 | 수목학 | 산림치유복지학 | 목재화학 및 실험 | 대학 글쓰기 1,919A,5,78,74,58,33,True,exact,33,103.2,0.0,103.2,120.3,120.6,139.8,0.03,0.1,120.4,17.1,0.142,17.2,30.6,3.372,103.2,0.0,True,92.8,0.112,0.936,15,20,M1698.003100-002 M1698.001100-001 M1698.002800-002 5242.202-001 F11.101-078,0.159,True
344,농업생명과학대학,산림과학부,2학년,스마트산림종자학 | 수목학 | 산림치유복지학 | 목재화학 및 실험 | 대학 글쓰기 1,GATE,5,78,74,58,33,True,exact,33,77.3,0.0,77.3,95.6,97.7,119.3,0.03,0.1,95.7,18.3,0.191,18.4,25.0,3.088,77.3,0.0,True,74.9,0.033,0.817,10,15,M1698.003100-002 M1698.001100-001 M1698.002800-002 5242.202-001 F11.101-032,0.098,True
345,공과대학,건설환경도시공학부,2학년,환경공학 | 교통공학 및 실험 | 기초유체역학 및 실험 | 구조해석 1 | 화학실험 | 대학 글쓰기 1,919A,6,96,4736,3016,864,True,exact,864,145.3,0.0,145.3,177.7,174.6,227.3,0.0,0.0,177.7,32.4,0.183,32.4,30.8,4.715,145.3,0.0,True,131.7,0.103,6.42,89,106,457.208-001 M1586.002000-001 457.210A-001 457.204-001 F34.103L-016 F11.101-025,1.112,True
345,공과대학,건설환경도시공학부,2학년,환경공학 | 교통공학 및 실험 | 기초유체역학 및 실험 | 구조해석 1 | 화학실험 | 대학 글쓰기 1,GATE,6,96,4736,3016,864,True,exact,864,168.1,0.0,168.1,195.1,191.8,243.0,0.0,0.0,195.1,27.0,0.138,27.0,28.1,5.972,168.4,0.24,False,156.1,0.077,4.486,24,39,457.208-001 M1586.002000-001 457.210A-001 457.204-001 F34.103L-016 F11.101-049,0.67,True
346,농업생명과학대학,농업생명과학대학,1학년,조경·지역시스템공학개론 | 식물생산과학개론 | 인간과 문화 | 공연예술의 이해 | 생물학실험,919A,5,30,92,48,42,True,exact,42,127.6,0.0,127.6,167.7,166.5,196.7,0.0,0.0,167.7,40.1,0.239,40.1,44.1,2.892,127.6,0.0,True,113.8,0.121,0.562,11,18,500.173-001 500.171-001 C10.149-001 C10.102-001 F35.103L-001,0.104,True
346,농업생명과학대학,농업생명과학대학,1학년,조경·지역시스템공학개론 | 식물생산과학개론 | 인간과 문화 | 공연예술의 이해 | 생물학실험,GATE,5,30,92,48,42,True,exact,42,109.1,0.0,109.1,140.2,136.9,160.7,0.0,0.0,140.2,31.1,0.222,31.1,35.5,3.077,109.1,0.0,True,104.3,0.047,0.555,11,18,500.173-001 500.171-001 C10.149-001 C10.102-001 F35.103L-004,0.079,True
347,첨단융합학부,첨단융합학부,3학년,약물전달시스템 | 시스템 소프트웨어 | 첨단융합창업 | 고체재료의 이해 | 수학 2,919A,5,30,26,14,8,True,exact,8,197.7,0.0,197.7,199.1,197.7,208.3,0.0,0.0,199.1,1.3,0.007,1.3,42.4,4.666,197.7,0.0,True,178.5,0.108,0.244,4,9,M3638.003700-001 M3639.002900-001 M3639.000800-001 M3636.000700-001 F31.105-008,0.027,True
347,첨단융합학부,첨단융합학부,3학년,약물전달시스템 | 시스템 소프트웨어 | 첨단융합창업 | 고체재료의 이해 | 수학 2,GATE,5,30,26,14,8,True,exact,8,215.0,0.0,215.0,215.5,215.6,215.6,0.0,0.0,215.5,0.5,0.002,0.5,38.0,5.653,215.6,0.58,False,200.0,0.075,0.394,4,9,M3638.003700-001 M3639.002900-001 M3639.000800-001 M3636.000700-001 F31.105-010,0.019,True
348,인문대학,노어노문학과,1학년,21세기 러시아 문학 | 세계속의 러시아어 | 소그룹 고전원전읽기 2 | 초급중국어 1 | 물리학실험 2,919A,5,72,4802,1176,1648,True,exact,1648,102.6,0.0,102.6,116.0,112.7,146.8,0.178,9.0,134.0,13.3,0.115,31.3,28.6,3.592,102.6,0.0,True,87.6,0.172,8.343,249,302,M1242.002700-001 100.121-001 E52.104-007 F33.107L-042 F25.101-012,1.965,True
348,인문대학,노어노문학과,1학년,21세기 러시아 문학 | 세계속의 러시아어 | 소그룹 고전원전읽기 2 | 초급중국어 1 | 물리학실험 2,GATE,5,72,4802,1176,1648,True,exact,1648,117.4,0.0,117.4,127.7,124.1,152.2,0.178,9.0,145.7,10.4,0.081,28.4,30.1,3.899,117.7,0.33,False,111.3,0.054,6.374,148,194,M1242.002700-001 100.121-001 E52.104-003 F33.107L-042 F25.101-010,1.185,True
349,인문대학,독어독문학과,4학년,영화로 보는 독일문화 | 독어독문학특강 | 대학 글쓰기 2: 과학기술글쓰기 | 수학 2 | 매체로 보는 서양사 | 베리타스 실천: 연극적 표현과 실천,919A,6,58,728,154,193,True,exact,193,159.3,176.8,512.9,183.7,186.8,202.6,1.0,176.8,537.3,24.4,0.133,24.4,28.0,5.689,159.3,0.0,True,138.9,0.147,1.128,18,30,105.400-001 M1241.000200-001 E11.118-001 V30.108-001 F11.203-010 F31.105-023,0.198,True
349,인문대학,독어독문학과,4학년,영화로 보는 독일문화 | 독어독문학특강 | 대학 글쓰기 2: 과학기술글쓰기 | 수학 2 | 매체로 보는 서양사 | 베리타스 실천: 연극적 표현과 실천,GATE,6,58,728,154,193,True,exact,193,178.4,176.8,532.0,191.7,193.9,194.2,1.0,176.8,545.3,13.3,0.069,13.3,29.1,6.122,178.4,0.0,True,167.4,0.065,1.374,31,43,105.400-001 M1241.000200-001 E11.118-001 V30.108-001 F11.203-010 F31.105-025,0.209,True
350,미술대학,공예과,3학년,제품도자 2 | 금속공예 2 | 도자와 문화 2 | 제품금속 | 대학 글쓰기 1 | 고급영어: 영화,919A,6,83,370,290,99,True,exact,99,132.7,0.0,132.7,147.5,142.7,164.4,0.0,0.0,147.5,14.7,0.1,14.7,26.7,4.966,132.7,0.0,True,111.3,0.193,2.514,50,58,6123.3104-001 6124.3102-001 6123.3110-001 6121.3206-001 F21.306-003 F11.101-059,0.456,True
350,미술대학,공예과,3학년,제품도자 2 | 금속공예 2 | 도자와 문화 2 | 제품금속 | 대학 글쓰기 1 | 고급영어: 영화,GATE,6,83,370,290,99,True,exact,99,119.6,0.0,119.6,130.4,128.8,148.7,0.0,0.0,130.4,10.9,0.083,10.9,23.4,5.117,119.6,0.0,True,111.4,0.074,1.801,22,29,6123.3104-001 6124.3102-001 6123.3110-001 6121.3206-001 F21.306-001 F11.101-048,0.268,True
351,사범대학,사회교육과,4학년,사회과 논리 및 논술 | 문화와 사회 | 다문화 사회와 교육 정책 | 비판적 시민교육 | 대학영어 2: 글쓰기 | 초급스페인어 2,919A,6,29,84,80,2,True,exact,2,63.5,0.0,63.5,65.1,65.1,66.6,0.0,0.0,65.1,1.5,0.024,1.5,21.3,2.978,63.5,0.0,True,53.7,0.183,0.301,2,8,M1855.000500-001 M1855.001800-001 M1855.001400-001 711.478A-001 F24.102-002 F21.201-008,0.03,True
351,사범대학,사회교육과,4학년,사회과 논리 및 논술 | 문화와 사회 | 다문화 사회와 교육 정책 | 비판적 시민교육 | 대학영어 2: 글쓰기 | 초급스페인어 2,GATE,6,29,84,80,2,True,exact,2,101.2,0.0,101.2,102.3,102.3,103.4,0.0,0.0,102.3,1.1,0.011,1.1,29.9,3.384,101.2,0.0,True,94.5,0.07,0.284,2,8,M1855.000500-001 M1855.001800-001 M1855.001400-001 711.478A-001 F24.102-002 F21.201-008,0.022,True
352,음악대학,국악과,1학년,국악가창지도법 | 국악작곡세미나 | 수학 2 | 수학연습 2 | 고급영어: 연극,919A,5,75,2340,476,1170,True,exact,1170,145.7,0.0,145.7,171.0,171.1,192.5,0.044,0.0,171.0,25.3,0.148,25.4,40.4,3.603,145.7,0.0,True,127.7,0.141,5.747,56,74,650.3340-001 M1803.000500-001 F21.305-001 F31.105-006 F31.105L-033,0.78,True
352,음악대학,국악과,1학년,국악가창지도법 | 국악작곡세미나 | 수학 2 | 수학연습 2 | 고급영어: 연극,GATE,5,75,2340,476,1170,True,exact,1170,134.0,0.0,134.0,153.4,152.7,161.6,0.044,0.0,153.4,19.4,0.126,19.4,32.7,4.099,134.0,0.0,True,126.9,0.056,4.476,57,75,650.3340-001 M1803.000500-001 F21.305-001 F31.105-006 F31.105L-033,0.829,True
353,사회과학대학,사회학과,2학년,인구변동과 고령화사회 | 사회학사 | 말하기와 토론 | 한국현대사의 이해 | 기독교와 서양문명,919A,5,13,24,24,5,True,exact,5,113.1,0.0,113.1,122.2,117.2,140.2,0.0,0.0,122.2,9.1,0.075,9.1,32.0,3.532,113.1,0.0,True,96.7,0.169,0.279,5,11,205.242A-001 205.201-001 C10.105-001 C20.153-003 F12.102-001,0.034,True
353,사회과학대학,사회학과,2학년,인구변동과 고령화사회 | 사회학사 | 말하기와 토론 | 한국현대사의 이해 | 기독교와 서양문명,GATE,5,13,24,24,5,True,exact,5,124.8,0.0,124.8,129.7,130.7,131.6,0.0,0.0,129.7,4.9,0.038,4.9,22.5,5.538,124.8,0.0,True,115.5,0.081,0.295,5,11,205.242A-001 205.201-001 C10.105-001 C20.153-002 F12.102-003,0.022,True
354,공과대학,건축학과,1학년,기초스튜디오 2 (건축과 구조) | 건축구조시스템 | 죽음의 과학적 이해 | 기초영어 | 공연예술의 이해,919A,5,18,140,28,30,True,exact,30,177.0,8.0,193.0,179.5,180.3,181.7,1.0,8.0,195.4,2.4,0.014,2.4,43.9,4.029,177.0,0.0,True,161.5,0.096,0.399,6,12,M1498.000800-001 4013.204-001 E11.174-001 C10.102-003 F21.100-008,0.04,True
354,공과대학,건축학과,1학년,기초스튜디오 2 (건축과 구조) | 건축구조시스템 | 죽음의 과학적 이해 | 기초영어 | 공연예술의 이해,GATE,5,18,140,28,30,True,exact,30,187.0,8.0,202.9,190.2,190.0,195.0,1.0,8.0,206.2,3.2,0.017,3.2,36.8,5.08,187.0,0.0,True,177.9,0.051,0.395,6,12,M1498.000800-001 4013.204-001 E11.174-001 C10.102-003 F21.100-008,0.036,True
355,농업생명과학대학,농경제사회학부,4학년,지역정보학연구 | 농식품산업정보분석론 | 식품마케팅 및 정보경영사례연구 | 베리타스 강좌 1: 화폐와 삶–디지털화폐를 중심으로 | 초급스페인어 1 | 수학 2,919A,6,46,416,224,24,True,exact,24,161.9,0.0,161.9,170.1,163.3,187.3,0.333,17.0,204.2,8.2,0.048,42.3,31.0,5.22,161.9,0.0,True,145.6,0.112,1.534,10,17,5202.415-001 M1683.001000-002 5202.414-002 V10.129-001 F31.105-009 F24.101-007,0.132,True
355,농업생명과학대학,농경제사회학부,4학년,지역정보학연구 | 농식품산업정보분석론 | 식품마케팅 및 정보경영사례연구 | 베리타스 강좌 1: 화폐와 삶–디지털화폐를 중심으로 | 초급스페인어 1 | 수학 2,GATE,6,46,416,224,24,True,exact,24,133.8,0.0,133.8,152.0,151.4,167.6,0.333,17.0,186.0,18.2,0.12,52.2,30.4,4.406,133.8,0.0,True,130.1,0.028,1.684,10,17,5202.415-001 M1683.001000-002 5202.414-002 V10.129-001 F31.105-023 F24.101-009,0.313,True
356,공과대학,에너지자원공학과,1학년,에너지자원공학실습 | 역사와 역사 재현 | 남북분단과 한국전쟁 | 중국어회화 1 | 대학 글쓰기 2: 인문학글쓰기,919A,5,27,160,120,136,True,exact,136,88.6,0.0,88.6,152.6,155.3,191.3,0.0,0.0,152.6,64.0,0.419,64.0,31.5,2.811,88.6,0.0,True,78.5,0.129,1.573,44,56,M1594.000400-001 C20.127-002 C20.105-002 F25.301-001 F11.201-005,0.383,True
356,공과대학,에너지자원공학과,1학년,에너지자원공학실습 | 역사와 역사 재현 | 남북분단과 한국전쟁 | 중국어회화 1 | 대학 글쓰기 2: 인문학글쓰기,GATE,5,27,160,120,136,True,exact,136,118.1,0.0,118.1,176.4,176.7,218.9,0.0,0.0,176.4,58.3,0.331,58.3,32.0,3.687,118.1,0.0,True,109.6,0.077,1.482,26,37,M1594.000400-001 C20.127-002 C20.105-002 F25.301-001 F11.201-005,0.232,True
357,공과대학,항공우주공학과,4학년,전산유체역학 기초 | 비행동역학및제어 | 물리학 2 | 대학 글쓰기 1 | 컴퓨팅 기초: 처음 만나는 컴퓨팅 | 음악과 사회,919A,6,104,25308,8352,4566,True,exact,4566,201.6,0.0,201.6,240.7,240.4,286.9,0.525,7.8,256.3,39.1,0.162,54.7,60.3,3.345,201.6,0.0,True,180.2,0.119,10.129,116,144,M2795.003500-001 M2795.004500-001 C10.146-002 F33.107-006 F37.101-007 F11.101-019,1.851,True
357,공과대학,항공우주공학과,4학년,전산유체역학 기초 | 비행동역학및제어 | 물리학 2 | 대학 글쓰기 1 | 컴퓨팅 기초: 처음 만나는 컴퓨팅 | 음악과 사회,GATE,6,104,25308,8352,4566,True,exact,4566,205.2,0.0,205.2,233.2,234.8,288.1,0.525,7.8,248.9,28.1,0.12,43.7,51.6,3.975,181.1,11.38,False,186.1,0.102,6.97,41,62,M2795.003500-001 M2795.004500-001 C10.146-001 F33.107-005 F37.101-006 F11.101-029,1.041,True
358,경영대학,경영학과,2학년,경영과학 | 중급회계2 | 조직행동론 | 조직이론 | 수학 2,919A,5,36,416,224,66,True,exact,66,137.4,0.0,137.4,146.4,144.5,155.1,0.788,3.4,153.2,9.0,0.061,15.8,46.8,2.934,137.4,0.0,True,121.9,0.127,0.719,12,25,251.324A-001 M1338.004100-001 251.207A-001 M1338.004000-003 F31.105-006,0.118,True
358,경영대학,경영학과,2학년,경영과학 | 중급회계2 | 조직행동론 | 조직이론 | 수학 2,GATE,5,36,416,224,66,True,exact,66,75.2,0.0,75.2,82.1,80.2,88.6,0.788,3.4,88.9,6.9,0.084,13.7,28.4,2.648,75.2,0.0,True,71.6,0.051,0.738,12,25,251.324A-001 M1338.004100-001 251.207A-001 M1338.004000-003 F31.105-026,0.108,True
359,사회과학대학,지리학과,2학년,컴퓨터 지도학 | 한국지리 | 생태환경과 지리 | 말하기와 토론 | 컴퓨팅 탐색: 실생활에서 활용하기,919A,5,11,12,12,2,False,exact,2,153.1,0.0,153.1,153.1,153.1,153.1,0.0,0.0,153.1,0.0,0.0,0.0,40.3,3.795,153.1,0.0,True,130.2,0.176,0.156,2,7,208.231A-001 208.302-001 M0.014400-001 F37.206-001 F12.102-003,0.025,True
359,사회과학대학,지리학과,2학년,컴퓨터 지도학 | 한국지리 | 생태환경과 지리 | 말하기와 토론 | 컴퓨팅 탐색: 실생활에서 활용하기,GATE,5,11,12,12,2,False,exact,2,124.7,0.0,124.7,124.7,124.7,124.7,0.0,0.0,124.7,0.0,0.0,0.0,32.9,3.788,124.7,0.0,True,117.4,0.062,0.146,2,7,208.231A-001 208.302-001 M0.014400-001 F37.206-001 F12.102-003,0.016,True
360,첨단융합학부,첨단융합학부,3학년,"바이오의약품설계 | 질병의 이해 2 (종양, 대사, 신경) | 첨단융합창업 | 약물전달시스템 | 심리학개론 | 음악과 사회",919A,6,11,12,12,5,True,exact,5,156.2,0.0,156.2,167.8,157.4,183.9,0.0,0.0,167.8,11.6,0.069,11.6,50.2,3.113,156.2,0.0,True,139.7,0.118,0.153,5,12,M3638.003300-001 M3638.003800-001 M3639.000800-001 M3638.003700-001 C10.146-001 E11.146-001,0.023,True
360,첨단융합학부,첨단융합학부,3학년,"바이오의약품설계 | 질병의 이해 2 (종양, 대사, 신경) | 첨단융합창업 | 약물전달시스템 | 심리학개론 | 음악과 사회",GATE,6,11,12,12,5,True,exact,5,157.0,0.0,157.0,163.7,157.5,173.3,0.0,0.0,163.7,6.7,0.041,6.7,46.4,3.381,157.0,0.0,True,144.3,0.088,0.152,5,12,M3638.003300-001 M3638.003800-001 M3639.000800-001 M3638.003700-001 C10.146-001 E11.146-001,0.018,True
361,인문대학,아시아언어문명학부,3학년,일본의 사상과 문명 | 인도 근현대 문화와 예술 | 아시아문명연구의 시각 | 해양부 동남아시아의 사회와 문화 | 대학 글쓰기 1,919A,5,78,74,58,43,True,exact,43,92.4,0.0,92.4,111.5,114.0,144.3,0.0,0.0,111.5,19.1,0.172,19.1,19.9,4.644,92.4,0.0,True,77.8,0.188,1.052,21,26,1003.373A-001 1003.314-001 1003.421-001 M2641.002100-001 F11.101-044,0.173,True
361,인문대학,아시아언어문명학부,3학년,일본의 사상과 문명 | 인도 근현대 문화와 예술 | 아시아문명연구의 시각 | 해양부 동남아시아의 사회와 문화 | 대학 글쓰기 1,GATE,5,78,74,58,43,True,exact,43,115.2,0.0,115.2,135.0,135.6,166.3,0.0,0.0,135.0,19.8,0.146,19.8,21.8,5.295,115.2,0.0,True,108.9,0.058,1.016,17,22,1003.373A-001 1003.314-001 1003.421-001 M2641.002100-001 F11.101-047,0.168,True
362,사회과학대학,사회복지학과,3학년,사회복지현장실습 | 장애와 사회: 장애인복지의 이해 | 사회복지법제와 실천 | 조선의 역사적 성취와 유산 | 북한학개론,919A,5,7,4,4,2,False,exact,2,148.3,0.0,148.3,148.3,148.3,148.3,0.0,0.0,148.3,0.0,0.0,0.0,50.0,2.968,148.3,0.0,True,130.1,0.14,0.095,2,8,209.319-001 M1311.005100-001 M1311.002200-001 C20.135-001 E11.128-001,0.014,True
362,사회과학대학,사회복지학과,3학년,사회복지현장실습 | 장애와 사회: 장애인복지의 이해 | 사회복지법제와 실천 | 조선의 역사적 성취와 유산 | 북한학개론,GATE,5,7,4,4,2,False,exact,2,115.7,0.0,115.7,115.7,115.7,115.7,0.0,0.0,115.7,0.0,0.0,0.0,39.1,2.96,115.7,0.0,True,109.4,0.057,0.093,2,8,209.319-001 M1311.005100-001 M1311.002200-001 C20.135-001 E11.128-001,0.011,True
363,공과대학,재료공학부,3학년,세라믹재료개론 | 전기회로 | 고분자재료개론 | 재료실험 1 | 불교철학의 이해,919A,5,7,4,4,4,True,exact,4,155.7,0.0,155.7,156.7,156.9,157.2,0.0,0.0,156.7,1.0,0.007,1.0,37.8,4.122,155.7,0.0,True,141.5,0.1,0.346,4,10,M1569.003000-001 445.325-001 M1569.002900-001 445.303-002 E11.129-001,0.034,True
363,공과대학,재료공학부,3학년,세라믹재료개론 | 전기회로 | 고분자재료개론 | 재료실험 1 | 불교철학의 이해,GATE,5,7,4,4,4,True,exact,4,153.4,0.0,153.4,154.4,154.5,155.3,0.0,0.0,154.4,1.0,0.007,1.0,35.5,4.322,153.4,0.0,True,147.0,0.043,0.156,4,10,M1569.003000-001 445.325-001 M1569.002900-001 445.303-002 E11.129-001,0.021,True
364,사회과학대학,정치외교학부,2학년,행정학서론 | 미국과 국제관계 | 중국외교정책론 | 비교정치론 | 공학수학 1 | 화학실험,919A,6,23,70,55,8,True,exact,8,194.8,0.1,195.0,202.2,203.1,207.2,0.375,0.2,202.5,7.3,0.036,7.5,57.5,3.391,194.8,0.0,True,171.2,0.138,0.342,6,12,216A.210-001 216B.222-001 216B.214-001 216A.202-001 F31.201-003 F34.103L-023,0.03,True
364,사회과학대학,정치외교학부,2학년,행정학서론 | 미국과 국제관계 | 중국외교정책론 | 비교정치론 | 공학수학 1 | 화학실험,GATE,6,23,70,55,8,True,exact,8,129.6,0.0,129.6,140.1,145.9,146.7,0.375,0.2,140.5,10.6,0.075,10.9,47.9,2.704,129.6,0.0,True,122.8,0.055,0.262,5,11,216A.210-001 216B.222-001 216B.214-001 216A.202-001 F31.201-003 F34.103L-016,0.024,True
365,공과대학,조선해양공학과,3학년,친환경 선박해양 공정시스템 설계 | 선박해양설계이론 | 선박해양구조역학 | 신호처리 | 동아시아의 역사분쟁,919A,5,5,1,1,1,False,exact,1,157.1,0.0,157.1,157.1,157.1,157.1,0.0,0.0,157.1,0.0,0.0,0.0,38.3,4.104,157.1,0.0,True,143.2,0.097,0.061,1,6,M1513.002000-001 414.361-001 M1513.001200-001 414.318-001 C20.109-001,0.009,True
365,공과대학,조선해양공학과,3학년,친환경 선박해양 공정시스템 설계 | 선박해양설계이론 | 선박해양구조역학 | 신호처리 | 동아시아의 역사분쟁,GATE,5,5,1,1,1,False,exact,1,177.2,0.0,177.2,177.2,177.2,177.2,0.0,0.0,177.2,0.0,0.0,0.0,44.1,4.021,177.2,0.0,True,167.9,0.056,0.065,1,6,M1513.002000-001 414.361-001 M1513.001200-001 414.318-001 C20.109-001,0.007,True
366,농업생명과학대학,산림과학부,2학년,목재물리학 및 실험 | 산림생태학 및 실습 | 환경재료화학공정 | 수목학 | 독일어권 문화의 이해 | 생물학실험,919A,6,30,69,36,18,True,exact,18,157.3,0.0,157.3,185.7,192.7,192.7,0.0,0.0,185.7,28.4,0.153,28.4,40.5,3.88,157.3,0.0,True,139.4,0.128,0.367,9,16,5242.204-001 5241.214A-002 5242.208-001 M1698.001100-001 C30.109-001 F35.103L-001,0.056,True
366,농업생명과학대학,산림과학부,2학년,목재물리학 및 실험 | 산림생태학 및 실습 | 환경재료화학공정 | 수목학 | 독일어권 문화의 이해 | 생물학실험,GATE,6,30,69,36,18,True,exact,18,132.8,0.0,132.8,155.4,161.3,161.3,0.0,0.0,155.4,22.6,0.145,22.6,36.3,3.657,135.4,2.63,False,129.2,0.028,0.337,8,15,5242.204-001 5241.214A-002 5242.208-001 M1698.001100-001 C30.109-002 F35.103L-008,0.045,True
367,농업생명과학대학,농업생명과학대학,1학년,산림과학개론 | 식물생산과학개론 | 그리스.로마신화 | 생명의료윤리 | 한국현대사의 이해 | 종교와 영화,919A,6,10,8,8,1,False,exact,1,144.2,0.0,144.2,144.2,144.2,144.2,0.0,0.0,144.2,0.0,0.0,0.0,35.7,4.042,144.2,0.0,True,128.2,0.125,0.208,1,7,500.170-001 500.171-001 C10.103-001 E11.172-001 C20.119-001 C20.153-003,0.021,True
367,농업생명과학대학,농업생명과학대학,1학년,산림과학개론 | 식물생산과학개론 | 그리스.로마신화 | 생명의료윤리 | 한국현대사의 이해 | 종교와 영화,GATE,6,10,8,8,1,False,exact,1,137.4,0.0,137.4,137.4,137.4,137.4,0.0,0.0,137.4,0.0,0.0,0.0,32.1,4.283,137.4,0.0,True,130.4,0.054,0.149,1,7,500.170-001 500.171-001 C10.103-001 E11.172-001 C20.119-001 C20.153-003,0.016,True
368,약학대학,약학대학,4학년,약학실습 7 | 독성학 | 약물 송달학 | 의약화학 2 (심화) | 물리학실험 2,919A,5,53,49,12,30,True,exact,30,95.4,0.0,95.4,115.1,123.4,123.4,0.0,0.0,115.1,19.8,0.172,19.8,36.2,2.633,96.2,0.85,False,85.4,0.117,0.223,7,12,M2175.013900-001 M2175.008500-001 M2175.008700-001 M2175.009000-001 F33.107L-030,0.032,True
368,약학대학,약학대학,4학년,약학실습 7 | 독성학 | 약물 송달학 | 의약화학 2 (심화) | 물리학실험 2,GATE,5,53,49,12,30,True,exact,30,107.0,0.0,107.0,126.2,134.5,134.5,0.0,0.0,126.2,19.3,0.153,19.3,34.6,3.095,107.0,0.0,True,98.4,0.087,0.181,5,10,M2175.013900-001 M2175.008500-001 M2175.008700-001 M2175.009000-001 F33.107L-023,0.022,True
369,인문대학,노어노문학과,3학년,러시아문예학개론 | 러시아문학작가연구 1 | 러시아 아방가르드 | 고급 러시아어 | 대학 글쓰기 2: 인문학글쓰기 | 중국의 전통과 현대,919A,6,25,20,15,8,True,exact,8,89.4,0.0,89.4,91.8,89.6,108.0,0.0,0.0,91.8,2.4,0.026,2.4,19.3,4.625,89.6,0.16,False,75.1,0.191,0.215,5,11,106.242A-001 106.445-001 M1242.003500-001 M1242.000600-001 C20.139-001 F11.201-009,0.027,True
369,인문대학,노어노문학과,3학년,러시아문예학개론 | 러시아문학작가연구 1 | 러시아 아방가르드 | 고급 러시아어 | 대학 글쓰기 2: 인문학글쓰기 | 중국의 전통과 현대,GATE,6,25,20,15,8,True,exact,8,123.9,0.0,123.9,131.4,128.3,157.6,0.0,0.0,131.4,7.5,0.057,7.5,26.3,4.714,123.9,0.0,True,115.8,0.07,0.354,5,11,106.242A-001 106.445-001 M1242.003500-001 M1242.000600-001 C20.139-001 F11.201-011,0.022,True
370,사범대학,불어교육과,4학년,프랑스어교과논리 및 논술 | 프랑스어 데이터와 언어학 | 우주의 진화 | 공학수학 1 | 예술과 사회 | 섹슈얼리티와 성평등,919A,6,10,5,5,2,False,exact,2,196.0,0.0,196.0,196.0,196.0,196.0,0.0,0.0,196.0,0.0,0.0,0.0,45.7,4.292,196.0,0.0,True,174.7,0.122,0.126,2,8,708.338A-001 M1851.002900-001 C40.123-001 C10.145-001 C30.123-001 F31.201-003,0.017,True
370,사범대학,불어교육과,4학년,프랑스어교과논리 및 논술 | 프랑스어 데이터와 언어학 | 우주의 진화 | 공학수학 1 | 예술과 사회 | 섹슈얼리티와 성평등,GATE,6,10,5,5,2,False,exact,2,213.6,0.0,213.6,213.6,213.6,213.6,0.0,0.0,213.6,0.0,0.0,0.0,43.7,4.89,213.6,0.0,True,199.9,0.069,0.128,2,8,708.338A-001 M1851.002900-001 C40.123-001 C10.145-001 C30.123-001 F31.201-003,0.014,True
371,음악대학,음악학과,1학년,"음악 프로덕션 입문 2 | 스튜디오 뮤직 메이킹 (로직, 거라지밴드) 입문 | 한국사 | 죽음의 과학적 이해 | 수학연습 2 | 자연환경과 인간",919A,6,54,360,136,152,True,exact,152,114.6,0.0,114.6,144.5,144.8,163.5,0.132,0.3,145.0,29.9,0.207,30.4,42.9,2.667,114.6,0.0,True,97.2,0.178,1.368,20,29,M2183.003400-001 E11.174-001 C40.130-001 M3535.001000-001 C20.149-005 F31.105L-033,0.439,True
371,음악대학,음악학과,1학년,"음악 프로덕션 입문 2 | 스튜디오 뮤직 메이킹 (로직, 거라지밴드) 입문 | 한국사 | 죽음의 과학적 이해 | 수학연습 2 | 자연환경과 인간",GATE,6,54,360,136,152,True,exact,152,93.9,0.0,93.9,128.0,130.1,146.7,0.132,0.3,128.6,34.1,0.266,34.6,38.4,2.444,93.9,0.0,True,85.5,0.099,1.266,24,33,M2183.003400-001 E11.174-001 C40.130-001 M3535.001000-001 C20.149-005 F31.105L-033,0.217,True
372,공과대학,원자핵공학과,3학년,핵연료주기공학 | 원자력 재료 실험 | 원자핵공학세미나 1 | 수치해석기초 | 인도의 전통과 현대,919A,5,5,1,1,1,False,exact,1,184.2,0.0,184.2,184.2,184.2,184.2,0.0,0.0,184.2,0.0,0.0,0.0,40.0,4.603,184.2,0.0,True,166.2,0.108,0.067,1,6,M1509.001400-001 M1509.001700-001 409.328-001 409.310A-001 C10.150-001,0.01,True
372,공과대학,원자핵공학과,3학년,핵연료주기공학 | 원자력 재료 실험 | 원자핵공학세미나 1 | 수치해석기초 | 인도의 전통과 현대,GATE,5,5,1,1,1,False,exact,1,207.2,0.0,207.2,207.2,207.2,207.2,0.0,0.0,207.2,0.0,0.0,0.0,42.7,4.85,207.2,0.0,True,197.3,0.05,0.058,1,6,M1509.001400-001 M1509.001700-001 409.328-001 409.310A-001 C10.150-001,0.008,True
373,미술대학,디자인과,2학년,혼합재료모델링 | 디자인사 | 타이포그래피디자인2 | 디자인사진 | 대학 글쓰기 2: 인문학글쓰기,919A,5,24,20,15,14,True,exact,14,87.4,0.0,87.4,124.3,129.6,129.6,0.0,0.0,124.3,36.9,0.297,36.9,29.5,2.961,87.4,0.0,True,72.9,0.199,0.403,9,14,M3389.002700-001 600.220A-001 M3389.001100-001 M1774.004200-001 F11.201-020,0.064,True
373,미술대학,디자인과,2학년,혼합재료모델링 | 디자인사 | 타이포그래피디자인2 | 디자인사진 | 대학 글쓰기 2: 인문학글쓰기,GATE,5,24,20,15,14,True,exact,14,81.0,0.0,81.0,124.6,125.0,134.8,0.0,0.0,124.6,43.7,0.35,43.7,27.9,2.898,81.0,0.0,True,73.4,0.102,0.388,9,14,M3389.002700-001 600.220A-001 M3389.001100-001 M1774.004200-001 F11.201-020,0.049,True
374,의과대학,의예과,2학년,몸 속으로의 여행: 인체와 수술 | 대학영어 1 | 음악 속의 철학 | 대학 글쓰기 1 | 이중언어사용 | 스페인어권 문화의 이해,919A,6,134,8140,6264,707,True,exact,707,116.3,0.0,116.3,151.7,146.7,175.8,0.0,0.0,151.7,35.3,0.233,35.3,34.7,3.354,116.3,0.0,True,99.5,0.169,11.386,190,207,M2605.001300-001 E11.160-001 C10.148-001 C10.133-001 F21.101-045 F11.101-057,1.665,True
374,의과대학,의예과,2학년,몸 속으로의 여행: 인체와 수술 | 대학영어 1 | 음악 속의 철학 | 대학 글쓰기 1 | 이중언어사용 | 스페인어권 문화의 이해,GATE,6,134,8140,6264,707,True,exact,707,125.7,0.0,125.7,160.7,157.1,187.2,0.0,0.0,160.7,35.0,0.218,35.0,27.3,4.598,125.7,0.0,True,118.5,0.06,10.972,193,210,M2605.001300-001 E11.160-001 C10.148-001 C10.133-001 F21.101-054 F11.101-048,1.583,True
375,인문대학,노어노문학과,4학년,러시아어문학논문쓰기 | 러시아문학특강 | 미디어와 현대사회 | 컴퓨팅 기초: 처음 만나는 컴퓨팅 | 직업세계의 이해와 진로설계,919A,5,24,38,16,28,True,exact,28,133.0,0.0,133.0,165.3,180.1,183.5,0.0,0.0,165.3,32.4,0.196,32.4,54.3,2.448,133.0,0.0,True,117.6,0.13,0.295,7,13,M1242.000700-001 106.428-001 E11.175-001 C30.113-002 F37.101-002,0.052,True
375,인문대학,노어노문학과,4학년,러시아어문학논문쓰기 | 러시아문학특강 | 미디어와 현대사회 | 컴퓨팅 기초: 처음 만나는 컴퓨팅 | 직업세계의 이해와 진로설계,GATE,5,24,38,16,28,True,exact,28,107.5,0.0,107.5,131.0,135.9,141.5,0.0,0.0,131.0,23.5,0.179,23.5,37.8,2.848,107.5,0.0,True,102.4,0.05,0.414,7,13,M1242.000700-001 106.428-001 E11.175-001 C30.113-002 F37.101-002,0.041,True
376,혁신공유학부,혁신공유학부,3학년,(공유)사회혁신을 위한 빅데이터 응용 | (공유)에너지기후변화정책 | 컴퓨팅 탐색: 실생활에서 활용하기 | 한글맞춤법의 이론과 실제 | 한국어와 한국문화 | 문명과 수학,919A,6,8,4,4,1,False,exact,1,216.2,0.0,216.2,216.2,216.2,216.2,0.0,0.0,216.2,0.0,0.0,0.0,56.8,3.804,216.2,0.0,True,194.0,0.115,0.153,1,7,M3502.019700-001 M3500.005400-001 E12.107-001 E11.120-001 F37.206-001 C10.168-002,0.028,True
376,혁신공유학부,혁신공유학부,3학년,(공유)사회혁신을 위한 빅데이터 응용 | (공유)에너지기후변화정책 | 컴퓨팅 탐색: 실생활에서 활용하기 | 한글맞춤법의 이론과 실제 | 한국어와 한국문화 | 문명과 수학,GATE,6,8,4,4,1,False,exact,1,196.7,0.0,196.7,196.7,196.7,196.7,0.0,0.0,196.7,0.0,0.0,0.0,46.0,4.276,196.7,0.0,True,189.1,0.04,0.145,1,7,M3502.019700-001 M3500.005400-001 E12.107-001 E11.120-001 F37.206-001 C10.168-002,0.94,True
377,공과대학,건설환경도시공학부,3학년,철근콘크리트공학 2 | 지속가능교통체계 | 지반공학 | 토양환경생태공학 | 공연예술의 이해,919A,5,8,4,4,3,True,exact,3,136.6,0.0,136.6,137.7,137.6,139.1,0.0,0.0,137.7,1.2,0.008,1.2,28.4,4.816,136.6,0.0,True,123.3,0.108,0.13,3,8,M1586.004800-001 457.316A-001 M3749.000100-001 M1586.000100-001 C10.102-001,0.041,True
377,공과대학,건설환경도시공학부,3학년,철근콘크리트공학 2 | 지속가능교통체계 | 지반공학 | 토양환경생태공학 | 공연예술의 이해,GATE,5,8,4,4,3,True,exact,3,162.3,0.0,162.3,163.6,164.2,164.3,0.0,0.0,163.6,1.3,0.008,1.3,32.2,5.035,162.3,0.0,True,150.4,0.079,0.127,3,8,M1586.004800-001 457.316A-001 M3749.000100-001 M1586.000100-001 C10.102-001,0.018,True
378,공과대학,건설환경도시공학부,2학년,구조해석 1 | 환경공학 | 교통공학 및 실험 | 기초유체역학 및 실험 | 공학수학 1,919A,5,11,20,20,8,True,exact,8,137.9,0.0,137.9,139.9,140.2,141.2,0.0,0.0,139.9,2.0,0.014,2.0,33.7,4.09,137.9,0.0,True,126.1,0.093,0.279,7,16,M1586.002000-001 457.208-001 457.210A-002 457.204-001 F31.201-001,0.055,True
378,공과대학,건설환경도시공학부,2학년,구조해석 1 | 환경공학 | 교통공학 및 실험 | 기초유체역학 및 실험 | 공학수학 1,GATE,5,11,20,20,8,True,exact,8,157.6,0.0,157.6,160.2,160.8,164.0,0.0,0.0,160.2,2.6,0.016,2.6,35.6,4.429,157.6,0.0,True,146.3,0.077,0.236,7,16,M1586.002000-001 457.208-001 457.210A-001 457.204-001 F31.201-004,0.087,True
379,사범대학,생물교육과,2학년,동물분류학 및 지도법 | 유전학교육 | 동물생리학교육 | 생명과학실험 및 지도법 1 | 세계문학과 영문학,919A,5,5,1,1,1,False,exact,1,110.6,0.0,110.6,110.6,110.6,110.6,0.0,0.0,110.6,0.0,0.0,0.0,22.6,4.896,110.6,0.0,True,95.4,0.159,0.085,1,6,719.235-001 719.333-001 719.332A-001 M1878.000700-001 C10.132-001,0.023,True
379,사범대학,생물교육과,2학년,동물분류학 및 지도법 | 유전학교육 | 동물생리학교육 | 생명과학실험 및 지도법 1 | 세계문학과 영문학,GATE,5,5,1,1,1,False,exact,1,175.1,0.0,175.1,175.1,175.1,175.1,0.0,0.0,175.1,0.0,0.0,0.0,32.0,5.462,175.1,0.0,True,161.8,0.082,0.065,1,6,719.235-001 719.333-001 719.332A-001 M1878.000700-001 C10.132-001,0.013,True
380,자연과학대학,생명과학부,3학년,생화학 1: 생체분자의 구조와 기능 | 생화학 2: 물질대사 | 분자생물학 | 생물물리학 | 죽음의 과학적 이해 | 대학 글쓰기 2: 인문학글쓰기,919A,6,26,40,30,7,True,exact,7,182.9,0.0,182.9,201.2,202.5,226.6,0.0,0.0,201.2,18.3,0.091,18.3,47.0,3.894,182.9,0.0,True,164.0,0.115,0.359,7,14,M2173.004700-001 300.319-001 300.317-001 E11.174-001 M2173.004600-002 F11.201-008,0.06,True
380,자연과학대학,생명과학부,3학년,생화학 1: 생체분자의 구조와 기능 | 생화학 2: 물질대사 | 분자생물학 | 생물물리학 | 죽음의 과학적 이해 | 대학 글쓰기 2: 인문학글쓰기,GATE,6,26,40,30,7,True,exact,7,150.2,0.0,150.2,158.9,159.6,168.4,0.0,0.0,158.9,8.6,0.054,8.6,35.9,4.184,150.2,0.0,True,145.1,0.035,0.459,7,14,M2173.004700-001 300.319-001 300.317-001 E11.174-001 M2173.004600-002 F11.201-008,0.043,True
381,생활과학대학,의류학과,3학년,테크니컬 디자인 | 패션소비자분석 | 의류소재관리 및 실험 | 3D 패턴 CAD 및 가상착의 1 | 한국고대사의 쟁점,919A,5,5,1,1,1,False,exact,1,131.1,0.0,131.1,131.1,131.1,131.1,0.0,0.0,131.1,0.0,0.0,0.0,33.4,3.93,131.1,0.0,True,111.4,0.177,0.093,1,6,353.435-001 353.337-001 353.328-001 M1461.003500-001 C20.146-001,0.009,True
381,생활과학대학,의류학과,3학년,테크니컬 디자인 | 패션소비자분석 | 의류소재관리 및 실험 | 3D 패턴 CAD 및 가상착의 1 | 한국고대사의 쟁점,GATE,5,5,1,1,1,False,exact,1,108.8,0.0,108.8,108.8,108.8,108.8,0.0,0.0,108.8,0.0,0.0,0.0,32.2,3.382,108.8,0.0,True,98.9,0.1,0.06,1,6,353.435-001 353.337-001 353.328-001 M1461.003500-001 C20.146-001,0.006,True
382,공과대학,화학생물공학부,3학년,반응공학 2 | 분자생물공학 | 무기 및 재료화학 | 공정제어 및 설계 | 공학수학 1,919A,5,9,5,5,2,True,exact,2,258.6,0.0,258.6,258.6,258.6,258.6,0.5,0.2,259.0,0.0,0.0,0.5,61.3,4.215,258.6,0.92,False,229.7,0.126,0.093,2,7,458.402-001 458.410-001 458.311A-001 458.308-001 F31.201-004,0.011,True
382,공과대학,화학생물공학부,3학년,반응공학 2 | 분자생물공학 | 무기 및 재료화학 | 공정제어 및 설계 | 공학수학 1,GATE,5,9,5,5,2,True,exact,2,296.4,0.0,296.4,296.4,296.4,296.4,0.5,0.2,296.9,0.0,0.0,0.5,64.9,4.564,296.4,0.92,False,264.6,0.12,0.096,2,7,458.402-001 458.410-001 458.311A-001 458.308-001 F31.201-004,0.009,True
383,사범대학,체육교육과,1학년,체육사.철학 | 체육논리및논술 | 심리학개론 | 대학 글쓰기 2: 과학기술글쓰기 | 화학실험 2,919A,5,38,448,176,88,True,exact,88,121.2,0.2,121.6,154.8,156.9,180.8,0.33,1.4,157.7,33.6,0.217,36.1,49.9,2.429,121.2,0.0,True,106.5,0.138,0.96,17,34,722.205A-001 722.431A-001 E11.146-003 F34.105L-008 F11.203-010,0.194,True
383,사범대학,체육교육과,1학년,체육사.철학 | 체육논리및논술 | 심리학개론 | 대학 글쓰기 2: 과학기술글쓰기 | 화학실험 2,GATE,5,38,448,176,88,True,exact,88,97.0,0.0,97.0,121.7,125.0,139.9,0.33,1.4,124.5,24.6,0.202,27.5,39.1,2.483,97.7,0.66,False,91.9,0.055,0.847,12,29,722.205A-001 722.431A-001 E11.146-002 F34.105L-006 F11.203-012,0.137,True
384,사범대학,수학교육과,3학년,현대대수학 2 | 수학교재연구 및 지도법 | 확률과 통계 | 위상수학 1 | 스페인어권 문화의 이해,919A,5,6,2,2,2,True,exact,2,79.3,0.0,79.3,81.8,81.8,84.2,0.0,0.0,81.8,2.5,0.03,2.5,20.5,3.866,79.3,0.0,True,67.7,0.171,0.093,2,7,715.302-001 715.313A-001 M1867.000900-001 715.401-001 C10.133-003,0.019,True
384,사범대학,수학교육과,3학년,현대대수학 2 | 수학교재연구 및 지도법 | 확률과 통계 | 위상수학 1 | 스페인어권 문화의 이해,GATE,5,6,2,2,2,True,exact,2,154.2,0.0,154.2,155.8,155.8,157.3,0.0,0.0,155.8,1.5,0.01,1.5,31.5,4.9,154.2,0.0,True,142.9,0.08,0.087,2,7,715.302-001 715.313A-001 M1867.000900-001 715.401-001 C10.133-001,0.013,True
385,공과대학,화학생물공학부,1학년,화학생물공학의 이해 | 화학생물공학개론 | 통계학실험 | 수학 2 | 대학 글쓰기 2: 과학기술글쓰기,919A,5,61,3640,770,1687,True,exact,1687,279.5,0.0,279.5,302.7,300.5,329.7,0.605,5.7,314.1,23.2,0.077,34.6,61.1,4.57,280.8,1.36,False,244.6,0.143,2.666,40,66,M1587.001500-001 400.023-001 F32.102L-007 F11.203-012 F31.105-002,0.787,True
385,공과대학,화학생물공학부,1학년,화학생물공학의 이해 | 화학생물공학개론 | 통계학실험 | 수학 2 | 대학 글쓰기 2: 과학기술글쓰기,GATE,5,61,3640,770,1687,True,exact,1687,294.3,0.0,294.3,312.6,321.1,349.8,0.605,5.7,323.9,18.3,0.059,29.6,60.9,4.829,294.1,21.63,False,263.4,0.117,3.309,94,116,M1587.001500-001 400.023-001 F32.102L-005 F11.203-001 F31.105-010,0.593,True
386,사범대학,교육학과,1학년,생애설계상담: 의미있는 일 | 불교철학의 이해 | 창의와 도전 | 고급수학 2 | 인공지능과 철학,919A,5,13,60,60,6,True,exact,6,133.1,0.0,133.1,143.7,143.1,158.2,0.0,0.0,143.7,10.6,0.074,10.6,31.7,4.198,133.1,0.0,True,117.7,0.131,0.551,6,14,M1831.002700-001 E11.129-001 C40.126-001 F31.107-003 E51.102-005,0.119,True
386,사범대학,교육학과,1학년,생애설계상담: 의미있는 일 | 불교철학의 이해 | 창의와 도전 | 고급수학 2 | 인공지능과 철학,GATE,5,13,60,60,6,True,exact,6,136.8,0.0,136.8,141.0,141.5,144.6,0.0,0.0,141.0,4.1,0.029,4.1,31.7,4.321,136.8,0.0,True,128.5,0.065,0.51,6,14,M1831.002700-001 E11.129-001 C40.126-001 F31.107-003 E51.102-003,0.085,True
387,공과대학,산업공학과,2학년,산업공학개론 | 인간공학실험 | 산업공학의 이해 | 예술과 신화 | 과학의 철학적 이해,919A,5,6,2,2,2,True,exact,2,189.3,0.0,189.3,191.9,191.9,194.4,0.0,0.0,191.9,2.6,0.013,2.6,38.6,4.906,189.3,0.0,True,174.3,0.086,0.103,2,7,400.015-001 406.305A-001 406.434-001 C20.128-001 C40.103-001,0.025,True
387,공과대학,산업공학과,2학년,산업공학개론 | 인간공학실험 | 산업공학의 이해 | 예술과 신화 | 과학의 철학적 이해,GATE,5,6,2,2,2,True,exact,2,216.6,0.0,216.6,217.2,217.2,217.8,0.0,0.0,217.2,0.6,0.003,0.6,43.7,4.96,216.6,0.0,True,206.8,0.047,0.225,2,7,400.015-001 406.305A-001 406.434-001 C20.128-001 C40.103-002,0.018,True
388,사범대학,국어교육과,2학년,한국현대시교육론 | 국어문법교육론 | 제 2 언어로서의 한국어교육론 | 한국한문학고전교육론 | 컴퓨팅 기초: 처음 만나는 컴퓨팅,919A,5,23,19,8,3,False,exact,3,110.5,0.0,110.5,110.5,110.5,110.5,0.0,0.0,110.5,0.0,0.0,0.0,32.8,3.365,110.5,0.0,True,96.6,0.144,0.097,1,6,705.414-001 705.218B-001 M1844.003300-001 M1844.001100-001 F37.101-001,0.011,True
388,사범대학,국어교육과,2학년,한국현대시교육론 | 국어문법교육론 | 제 2 언어로서의 한국어교육론 | 한국한문학고전교육론 | 컴퓨팅 기초: 처음 만나는 컴퓨팅,GATE,5,23,19,8,3,False,exact,3,140.0,0.0,140.0,140.0,140.0,140.0,0.0,0.0,140.0,0.0,0.0,0.0,37.4,3.745,140.0,0.0,True,131.4,0.065,0.089,1,6,705.414-001 705.218B-001 M1844.003300-001 M1844.001100-001 F37.101-001,0.008,True
389,자연과학대학,통계학과,2학년,자료분석 및 실습 | 확률의 개념 및 응용 | 표본설계 및 조사실습 | 대학 글쓰기 1 | 인공지능과 철학 | 물리학실험 2,919A,6,128,7252,1392,2307,True,exact,2307,122.9,0.0,122.9,154.9,155.4,196.9,0.017,0.0,154.9,31.9,0.206,32.0,26.3,4.679,122.9,0.0,True,110.2,0.115,7.373,107,121,M1399.001400-001 326.211-001 326.214-001 C40.126-001 F33.107L-047 F11.101-046,1.123,True
389,자연과학대학,통계학과,2학년,자료분석 및 실습 | 확률의 개념 및 응용 | 표본설계 및 조사실습 | 대학 글쓰기 1 | 인공지능과 철학 | 물리학실험 2,GATE,6,128,7252,1392,2307,True,exact,2307,116.2,0.0,116.2,159.0,161.1,195.2,0.017,0.0,159.0,42.7,0.269,42.7,30.0,3.872,116.2,0.0,True,111.5,0.043,4.889,32,43,M1399.001400-001 326.211-001 326.214-001 C40.126-001 F33.107L-040 F11.101-048,0.708,True
390,공과대학,건축학과,4학년,건축설계스튜디오 4-2 | 방호시설공학설계 | 구조동역학 | 도시와 주거 | 대학 글쓰기 2: 인문학글쓰기 | 대학영어 1,919A,6,81,3300,1620,260,True,exact,260,187.9,0.0,187.9,198.4,192.0,217.3,0.177,0.3,199.0,10.5,0.053,11.1,38.0,4.947,188.0,0.16,False,170.8,0.1,4.714,60,77,M1498.003900-001 4013.311-001 M1498.003000-001 4012.402-001 F11.201-009 F21.101-031,0.71,True
390,공과대학,건축학과,4학년,건축설계스튜디오 4-2 | 방호시설공학설계 | 구조동역학 | 도시와 주거 | 대학 글쓰기 2: 인문학글쓰기 | 대학영어 1,GATE,6,81,3300,1620,260,True,exact,260,208.0,0.0,208.0,220.7,218.3,243.5,0.177,0.3,221.2,12.7,0.058,13.3,40.5,5.133,208.0,0.0,True,198.2,0.049,4.557,44,61,M1498.003900-001 4013.311-001 M1498.003000-001 4012.402-001 F11.201-011 F21.101-029,0.631,True
391,약학대학,약학대학,4학년,독성학 | 약학실습 7 | 의약화학 2 (심화) | 의약분자생물학 | 한자와 동양문화,919A,5,5,1,1,1,False,exact,1,146.6,0.0,146.6,146.6,146.6,146.6,0.0,0.0,146.6,0.0,0.0,0.0,32.2,4.558,146.6,0.0,True,130.1,0.127,0.098,1,6,M2175.008500-001 M2175.013900-001 M2175.009000-001 M2175.006700-001 C10.169-001,0.019,True
391,약학대학,약학대학,4학년,독성학 | 약학실습 7 | 의약화학 2 (심화) | 의약분자생물학 | 한자와 동양문화,GATE,5,5,1,1,1,False,exact,1,168.5,0.0,168.5,168.5,168.5,168.5,0.0,0.0,168.5,0.0,0.0,0.0,32.9,5.121,168.5,0.0,True,155.2,0.086,0.081,1,6,M2175.008500-001 M2175.013900-001 M2175.009000-001 M2175.006700-001 C10.169-001,0.011,True
392,농업생명과학대학,바이오시스템·소재학부,4학년,바이오시스템공학 심화 연구 2 | 바이오시스템공학 심화 연구 1 | 기계학습 기초 및 바이오시스템공학 응용 | 바이오소재기기분석 | 규장각과 한국문화 | 철학개론,919A,6,10,8,8,2,True,exact,2,219.5,0.0,219.5,240.1,240.1,260.8,0.0,0.0,240.1,20.7,0.086,20.7,38.0,5.769,219.5,0.0,True,198.9,0.103,0.27,2,8,M1704.001400-001 M1704.001300-001 M1704.001000-001 5262.477A-001 C20.102-002 C20.141-002,0.046,True
392,농업생명과학대학,바이오시스템·소재학부,4학년,바이오시스템공학 심화 연구 2 | 바이오시스템공학 심화 연구 1 | 기계학습 기초 및 바이오시스템공학 응용 | 바이오소재기기분석 | 규장각과 한국문화 | 철학개론,GATE,6,10,8,8,2,True,exact,2,185.7,0.0,185.7,192.5,192.5,199.4,0.0,0.0,192.5,6.8,0.035,6.8,34.0,5.455,185.7,0.0,True,179.0,0.037,0.246,2,8,M1704.001400-001 M1704.001300-001 M1704.001000-001 5262.477A-001 C20.102-002 C20.141-002,0.032,True
393,농업생명과학대학,식품·동물생명공학부,3학년,동물자원과학실험 | 반추동물영양학 및 실험 | 식품공정학 | 동물번식학 및 실험 | 초급스페인어 1 | 컴퓨팅 탐색: 실생활에서 활용하기,919A,6,22,32,32,2,True,exact,2,182.2,0.0,182.2,183.5,183.5,184.9,0.5,26.0,235.5,1.3,0.007,53.3,35.7,5.102,182.2,0.0,True,166.4,0.095,0.412,2,8,5252.305-001 5252.309A-001 5251.308-001 5252.307A-001 F37.206-001 F24.101-005,0.048,True
393,농업생명과학대학,식품·동물생명공학부,3학년,동물자원과학실험 | 반추동물영양학 및 실험 | 식품공정학 | 동물번식학 및 실험 | 초급스페인어 1 | 컴퓨팅 탐색: 실생활에서 활용하기,GATE,6,22,32,32,2,True,exact,2,148.3,0.0,148.3,148.9,148.9,149.5,0.5,26.0,200.8,0.6,0.004,52.6,33.5,4.426,148.3,0.0,True,144.2,0.028,0.375,2,8,5252.305-001 5252.309A-001 5251.308-001 5252.307A-001 F37.206-001 F24.101-005,0.036,True
394,공과대학,산업공학과,4학년,금융공학개론 | 최적화알고리즘 | 기술경영 프로젝트 | 대학 글쓰기 1 | 물리학실험,919A,5,85,592,464,314,True,exact,314,166.1,0.0,166.1,189.3,193.3,222.2,0.096,0.5,190.3,23.2,0.123,24.2,35.7,4.656,166.1,0.0,True,152.9,0.086,3.927,89,97,406.433-001 M1505.002000-001 M1540.000300-001 F33.105L-002 F11.101-019,0.896,True
394,공과대학,산업공학과,4학년,금융공학개론 | 최적화알고리즘 | 기술경영 프로젝트 | 대학 글쓰기 1 | 물리학실험,GATE,5,85,592,464,314,True,exact,314,177.9,0.0,177.9,198.7,204.2,220.3,0.096,0.5,199.6,20.7,0.104,21.7,33.0,5.388,177.9,0.0,True,170.7,0.042,3.284,29,37,406.433-001 M1505.002000-001 M1540.000300-001 F33.105L-002 F11.101-007,0.546,True
395,공과대학,항공우주공학과,4학년,전산유체역학 기초 | 비행동역학및제어 | 서양미술의 이해 | 진화와 인간사회 | 물리학 2,919A,5,10,6,6,5,True,exact,5,215.5,0.0,215.5,228.9,229.2,238.4,0.2,3.5,236.0,13.4,0.059,20.5,65.1,3.31,215.5,0.0,True,186.5,0.156,0.181,5,10,M2795.003500-001 M2795.004500-001 E11.138-001 E11.176-001 F33.107-005,0.034,True
395,공과대학,항공우주공학과,4학년,전산유체역학 기초 | 비행동역학및제어 | 서양미술의 이해 | 진화와 인간사회 | 물리학 2,GATE,5,10,6,6,5,True,exact,5,189.1,0.0,189.1,206.2,194.6,231.0,0.2,3.5,213.3,17.1,0.083,24.2,60.6,3.119,189.1,0.0,True,172.0,0.099,0.373,5,10,M2795.003500-001 M2795.004500-001 E11.138-001 E11.176-001 F33.107-005,0.036,True
396,공과대학,산업공학과,4학년,금융공학개론 | 최적화알고리즘 | 기술경영 프로젝트 | 물리학실험 2 | 예술의 가치와 비평,919A,5,54,98,24,46,True,exact,46,172.2,0.0,172.2,179.7,172.2,201.1,0.0,0.0,179.7,7.6,0.042,7.6,45.9,3.755,172.2,0.04,True,157.4,0.094,0.3,8,14,406.433-001 M1505.002000-001 M1540.000300-001 C20.129-001 F33.107L-042,0.075,True
396,공과대학,산업공학과,4학년,금융공학개론 | 최적화알고리즘 | 기술경영 프로젝트 | 물리학실험 2 | 예술의 가치와 비평,GATE,5,54,98,24,46,True,exact,46,184.9,0.0,184.9,192.4,185.7,212.7,0.0,0.0,192.4,7.5,0.039,7.5,46.2,4.004,184.9,0.0,True,177.8,0.04,0.288,7,13,406.433-001 M1505.002000-001 M1540.000300-001 C20.129-001 F33.107L-030,0.066,True
397,농업생명과학대학,산림과학부,2학년,산림생태학 및 실습 | 목재화학 및 실험 | 스마트산림종자학 | 목재물리학 및 실험 | 인간관계의 심리학 | 대학 글쓰기 1,919A,6,82,296,232,82,True,exact,82,139.8,0.0,139.8,166.9,164.2,188.3,0.329,0.7,168.4,27.1,0.163,28.6,37.9,3.69,139.8,0.0,True,127.1,0.1,1.774,29,37,5241.214A-002 5242.202-001 M1698.003100-002 5242.204-001 E11.163-002 F11.101-027,0.325,True
397,농업생명과학대학,산림과학부,2학년,산림생태학 및 실습 | 목재화학 및 실험 | 스마트산림종자학 | 목재물리학 및 실험 | 인간관계의 심리학 | 대학 글쓰기 1,GATE,6,82,296,232,82,True,exact,82,101.8,0.0,101.8,131.0,131.1,151.6,0.329,0.7,132.5,29.2,0.223,30.7,25.0,4.065,101.8,0.0,True,98.9,0.029,1.665,12,20,5241.214A-002 5242.202-001 M1698.003100-002 5242.204-001 E11.163-002 F11.101-027,0.245,True
398,첨단융합학부,첨단융합학부,2학년,인류를 구원한 혁신신약 | 의용생체계측시스템 | 세포생물학 | 의약화학의 기초 | 고대그리스.로마문학의 세계 | 초급한국어,919A,6,6,1,1,1,False,exact,1,163.9,0.0,163.9,163.9,163.9,163.9,0.0,0.0,163.9,0.0,0.0,0.0,38.2,4.295,163.9,0.0,True,149.2,0.099,0.081,1,7,M3638.002400-001 M3632.000700-001 M3638.002800-001 M3638.002900-001 C10.101-001 F27.101-001,0.015,True
398,첨단융합학부,첨단융합학부,2학년,인류를 구원한 혁신신약 | 의용생체계측시스템 | 세포생물학 | 의약화학의 기초 | 고대그리스.로마문학의 세계 | 초급한국어,GATE,6,6,1,1,1,False,exact,1,184.3,0.0,184.3,184.3,184.3,184.3,0.0,0.0,184.3,0.0,0.0,0.0,44.8,4.115,184.3,0.0,True,170.7,0.08,0.073,1,7,M3638.002400-001 M3632.000700-001 M3638.002800-001 M3638.002900-001 C10.101-001 F27.101-001,0.009,True
399,사범대학,불어교육과,3학년,프랑스어 교수법 | 심화프랑스어회화 2 | 기초영어 | 대학영어 1 | 논리학,919A,5,69,1925,1890,795,True,exact,795,87.9,0.0,87.9,113.2,116.5,130.2,0.0,0.0,113.2,25.3,0.224,25.3,18.8,4.684,88.0,0.1,False,74.7,0.176,14.743,108,138,M1851.002400-001 M1851.002200-001 C20.106-004 F21.100-006 F21.101-037,3.18,True
399,사범대학,불어교육과,3학년,프랑스어 교수법 | 심화프랑스어회화 2 | 기초영어 | 대학영어 1 | 논리학,GATE,5,69,1925,1890,795,True,exact,795,139.9,0.0,139.9,168.0,171.8,183.0,0.0,0.0,168.0,28.1,0.167,28.1,27.0,5.189,140.2,0.3,False,129.9,0.077,15.349,199,229,M1851.002400-001 M1851.002200-001 C20.106-001 F21.100-006 F21.101-002,3.064,True
400,음악대학,음악학과,2학년,스크린 스코어링 | 서양음악사문헌 2 | 음악 진로 탐색 | 물리학 | 대학 글쓰기 1,919A,5,78,74,58,45,True,exact,45,103.6,0.0,103.6,123.4,124.8,161.0,0.0,0.0,123.4,19.8,0.16,19.8,37.5,2.764,103.9,0.22,False,91.1,0.137,1.304,28,33,M3535.001600-001 6522.2257-001 M2183.008300-001 F33.105-001 F11.101-030,0.21,True
400,음악대학,음악학과,2학년,스크린 스코어링 | 서양음악사문헌 2 | 음악 진로 탐색 | 물리학 | 대학 글쓰기 1,GATE,5,78,74,58,45,True,exact,45,93.8,0.0,93.8,109.6,111.4,144.8,0.0,0.0,109.6,15.8,0.144,15.8,31.5,2.977,94.4,0.66,False,89.2,0.051,1.18,20,25,M3535.001600-001 6522.2257-001 M2183.008300-001 F33.105-001 F11.101-064,0.158,True
401,미술대학,조소과,4학년,조소 졸업작품 발표 | 작품연구: 대상과 표상 | 조소 졸업작품 연구 | 다차원 미디어 스튜디오 2 | 창의적 사고와 표현,919A,5,8,4,4,2,True,exact,2,101.1,0.0,101.1,103.6,103.6,106.1,0.0,0.0,103.6,2.5,0.024,2.5,28.0,3.614,101.1,0.0,True,85.0,0.189,0.193,2,7,M1767.003300-001 M1767.001100-001 M1767.003100-001 613.452-001 F12.103-002,0.035,True
401,미술대학,조소과,4학년,조소 졸업작품 발표 | 작품연구: 대상과 표상 | 조소 졸업작품 연구 | 다차원 미디어 스튜디오 2 | 창의적 사고와 표현,GATE,5,8,4,4,2,True,exact,2,99.4,0.0,99.4,106.4,106.4,113.3,0.0,0.0,106.4,6.9,0.065,6.9,26.2,3.788,99.4,0.0,True,92.0,0.081,0.17,2,7,M1767.003300-001 M1767.001100-001 M1767.003100-001 613.452-001 F12.103-003,0.021,True
402,미술대학,공예과,1학년,물레성형 기초 | 금속재료 및 기법의 기초 | 수학연습 2 | 통계학 | 기독교와 서양문명 | 죽음의 과학적 이해,919A,6,50,45,17,16,True,exact,16,179.9,0.0,179.9,181.7,181.0,187.7,0.0,0.0,181.7,1.9,0.01,1.9,42.6,4.219,179.9,0.0,True,158.0,0.138,0.425,7,13,M3388.000300-001 M3388.000200-001 F32.102-012 C10.105-001 E11.174-001 F31.105L-016,0.065,True
402,미술대학,공예과,1학년,물레성형 기초 | 금속재료 및 기법의 기초 | 수학연습 2 | 통계학 | 기독교와 서양문명 | 죽음의 과학적 이해,GATE,6,50,45,17,16,True,exact,16,155.0,0.0,155.0,163.0,164.2,170.0,0.0,0.0,163.0,8.0,0.049,8.0,36.0,4.305,155.0,0.0,True,147.6,0.05,0.39,7,13,M3388.000300-001 M3388.000200-001 F32.102-012 C10.105-001 E11.174-001 F31.105L-033,0.071,True
403,공과대학,건설환경도시공학부,2학년,교통공학 및 실험 | 기초유체역학 및 실험 | 환경공학 | 구조해석 1 | 창작의 세계,919A,5,7,4,4,4,True,exact,4,138.1,0.0,138.1,138.6,138.6,139.2,0.0,0.0,138.6,0.5,0.004,0.5,33.4,4.13,138.1,0.0,True,124.9,0.106,0.129,4,10,457.208-001 M1586.002000-001 C10.155-001 457.204-001 457.210A-002,0.022,True
403,공과대학,건설환경도시공학부,2학년,교통공학 및 실험 | 기초유체역학 및 실험 | 환경공학 | 구조해석 1 | 창작의 세계,GATE,5,7,4,4,4,True,exact,4,160.3,0.0,160.3,162.2,162.2,164.1,0.0,0.0,162.2,1.9,0.012,1.9,37.4,4.291,160.3,0.0,True,149.4,0.073,0.127,4,10,457.208-001 M1586.002000-001 C10.155-001 457.204-001 457.210A-002,0.016,True
404,사범대학,사회교육과,2학년,시민경제교육과시장경제 | 사회과학방법론 | 사회와 법률 | 사회와철학 | 베리타스 강좌 1: 스포츠로 배우는 경쟁과 협력 | 심리학개론,919A,6,9,4,4,1,False,exact,1,97.4,0.0,97.4,97.4,97.4,97.4,0.0,0.0,97.4,0.0,0.0,0.0,33.3,2.925,97.4,0.0,True,82.8,0.176,0.079,1,7,711.385-001 711.479-001 M1855.001700-001 711.261-001 V10.125-001 E11.146-001,0.009,True
404,사범대학,사회교육과,2학년,시민경제교육과시장경제 | 사회과학방법론 | 사회와 법률 | 사회와철학 | 베리타스 강좌 1: 스포츠로 배우는 경쟁과 협력 | 심리학개론,GATE,6,9,4,4,1,False,exact,1,108.2,0.0,108.2,108.2,108.2,108.2,0.0,0.0,108.2,0.0,0.0,0.0,33.9,3.191,108.2,0.0,True,100.4,0.078,0.077,1,7,711.385-001 711.479-001 M1855.001700-001 711.261-001 V10.125-001 E11.146-001,0.006,True
405,간호대학,간호대학,1학년,인체구조와 기능 1 | 교양연주- 해금 | 대학 글쓰기 1 | 한국문화와 불교 | 대학영어 1 | 화학실험,919A,6,146,56980,34452,13059,True,exact,13059,104.6,0.0,104.6,150.9,151.4,184.4,0.094,0.6,152.0,46.3,0.307,47.5,45.0,2.321,104.6,0.0,True,92.0,0.137,38.054,530,595,M1991.001200-001 E42.106-001 C20.147-001 F34.103L-020 F21.101-011 F11.101-059,7.488,True
405,간호대학,간호대학,1학년,인체구조와 기능 1 | 교양연주- 해금 | 대학 글쓰기 1 | 한국문화와 불교 | 대학영어 1 | 화학실험,GATE,6,146,56980,34452,13059,True,exact,13059,118.0,0.0,118.0,163.9,162.8,210.4,0.094,0.6,165.0,45.8,0.28,47.0,36.8,3.207,118.0,0.0,True,110.5,0.068,30.692,285,339,M1991.001200-001 E42.106-001 C20.147-001 F34.103L-020 F21.101-011 F11.101-059,5.266,True
406,자연과학대학,통계학과,2학년,표본설계 및 조사실습 | 자료분석 및 실습 | 확률의 개념 및 응용 | 대학 글쓰기 2: 과학기술글쓰기 | 대학 글쓰기 2: 인문학글쓰기,919A,5,51,560,165,234,True,exact,234,108.8,0.0,108.8,157.8,160.7,177.4,0.0,0.0,157.8,49.0,0.311,49.0,27.7,3.932,108.8,0.0,True,97.5,0.116,1.115,27,34,326.214-001 M1399.001400-001 326.211-001 F11.203-012 F11.201-020,0.219,True
406,자연과학대학,통계학과,2학년,표본설계 및 조사실습 | 자료분석 및 실습 | 확률의 개념 및 응용 | 대학 글쓰기 2: 과학기술글쓰기 | 대학 글쓰기 2: 인문학글쓰기,GATE,5,51,560,165,234,True,exact,234,123.5,0.0,123.5,165.0,162.7,190.7,0.0,0.0,165.0,41.5,0.252,41.5,29.8,4.147,123.5,0.0,True,116.3,0.062,0.995,20,27,326.214-001 M1399.001400-001 326.211-001 F11.203-012 F11.201-020,0.148,True
407,공과대학,산업공학과,3학년,인간공학 | 생산관리 | 경영과학 1 | 경영과학 2 | 초급러시아어 2,919A,5,5,1,1,1,False,exact,1,187.8,50.2,288.2,187.8,187.8,187.8,1.0,50.2,288.2,0.0,0.0,0.0,40.3,4.659,187.8,0.0,True,170.7,0.1,0.101,1,6,406.304-001 406.310-001 406.315-001 406.317-001 F23.102-001,0.012,True
407,공과대학,산업공학과,3학년,인간공학 | 생산관리 | 경영과학 1 | 경영과학 2 | 초급러시아어 2,GATE,5,5,1,1,1,False,exact,1,211.0,50.2,311.5,211.0,211.0,211.0,1.0,50.2,311.5,0.0,0.0,0.0,41.5,5.083,211.0,0.0,True,200.5,0.052,0.071,1,6,406.304-001 406.310-001 406.315-001 406.317-001 F23.102-001,0.009,True
408,농업생명과학대학,식품·동물생명공학부,4학년,경제동물생산학 및 실습 | 식품미생물실험 | 식품효소공학 | 식품가공 및 공학실험 | 대학 글쓰기 2: 인문학글쓰기 | 도덕적 추론,919A,6,25,20,15,11,True,exact,11,167.1,0.0,167.1,171.0,167.4,188.2,0.091,0.0,171.1,3.9,0.023,4.0,35.3,4.74,167.4,0.32,False,152.0,0.1,0.29,6,12,M1702.000600-001 5251.303-001 5251.410-001 5251.406-001 C20.107-001 F11.201-007,0.07,True
408,농업생명과학대학,식품·동물생명공학부,4학년,경제동물생산학 및 실습 | 식품미생물실험 | 식품효소공학 | 식품가공 및 공학실험 | 대학 글쓰기 2: 인문학글쓰기 | 도덕적 추론,GATE,6,25,20,15,11,True,exact,11,136.1,0.0,136.1,145.9,145.8,164.2,0.091,0.0,145.9,9.8,0.067,9.8,32.9,4.134,136.1,0.0,True,131.8,0.032,0.279,6,12,M1702.000600-001 5251.303-001 5251.410-001 5251.406-001 C20.107-001 F11.201-007,0.036,True
409,사범대학,교육학과,4학년,인적자원개발론 | 수학 2 | 생명과학을 위한 수학 2 | 중급스페인어 1 | 생물학 | 동양철학의 이해,919A,6,42,3900,2100,7,True,exact,7,145.9,0.0,145.9,149.6,146.2,159.5,0.0,0.0,149.6,3.7,0.025,3.7,28.9,5.042,145.9,0.0,True,129.1,0.13,0.695,5,12,701.432A-001 F24.201-002 C20.113-001 F31.112-004 F35.103-003 F31.105-013,0.066,True
409,사범대학,교육학과,4학년,인적자원개발론 | 수학 2 | 생명과학을 위한 수학 2 | 중급스페인어 1 | 생물학 | 동양철학의 이해,GATE,6,42,3900,2100,7,True,exact,7,145.4,0.0,145.4,147.6,147.4,152.0,0.0,0.0,147.6,2.2,0.015,2.2,32.2,4.51,145.4,0.0,True,137.6,0.056,0.525,5,12,701.432A-001 F24.201-002 C20.113-001 F31.112-004 F35.103-003 F31.105-006,0.046,True
410,경영대학,경영학과,1학년,경영을 위한 경제학 | 노사관계론 | 대학 글쓰기 1 | 종교와 영화 | 베리타스 실천: 여행의 윤리,919A,5,80,222,174,64,True,exact,64,117.3,0.0,117.3,127.8,125.5,151.4,0.0,0.0,127.8,10.6,0.083,10.6,32.0,3.669,117.3,0.0,True,100.1,0.171,1.401,31,37,251.423-001 E11.172-001 V30.107-001 M2171.001900-002 F11.101-077,0.196,True
410,경영대학,경영학과,1학년,경영을 위한 경제학 | 노사관계론 | 대학 글쓰기 1 | 종교와 영화 | 베리타스 실천: 여행의 윤리,GATE,5,80,222,174,64,True,exact,64,79.9,0.0,79.9,96.8,90.3,131.3,0.0,0.0,96.8,16.9,0.174,16.9,21.6,3.704,79.9,0.0,True,75.1,0.064,1.234,18,24,251.423-001 E11.172-001 V30.107-001 M2171.001900-002 F11.101-031,0.154,True
411,공과대학,재료공학부,3학년,전기회로 | 세라믹재료개론 | 고분자재료물리 | 재료실험 2 | 현대경제의 이해 | 창의와 탐구 : 해체와 재창조,919A,6,8,4,4,2,True,exact,2,182.9,0.0,182.9,184.5,184.5,186.0,0.0,0.0,184.5,1.6,0.008,1.6,57.0,3.208,182.9,0.0,True,166.7,0.097,0.178,2,9,445.325-001 M1569.003000-001 445.328-001 E32.102-001 445.304-002 E11.186-001,0.042,True
411,공과대학,재료공학부,3학년,전기회로 | 세라믹재료개론 | 고분자재료물리 | 재료실험 2 | 현대경제의 이해 | 창의와 탐구 : 해체와 재창조,GATE,6,8,4,4,2,True,exact,2,173.4,0.0,173.4,175.4,175.4,177.4,0.0,0.0,175.4,2.0,0.011,2.0,50.2,3.457,173.4,0.0,True,166.8,0.04,0.171,2,9,445.325-001 M1569.003000-001 445.328-001 E32.102-001 445.304-002 E11.186-001,0.024,True
412,생활과학대학,소비자아동학부,4학년,아동문학교육 | 아동상담론 | 글로벌시장과 소비자 | 아동가족과 법 | 매체로 보는 서양사,919A,5,5,1,1,1,False,exact,1,115.1,0.0,115.1,115.1,115.1,115.1,0.0,0.0,115.1,0.0,0.0,0.0,33.4,3.45,115.1,0.0,True,97.9,0.176,0.076,1,6,M2808.003900-001 M2808.002400-001 M1471.000200-001 M2808.003300-001 E11.118-001,0.008,True
412,생활과학대학,소비자아동학부,4학년,아동문학교육 | 아동상담론 | 글로벌시장과 소비자 | 아동가족과 법 | 매체로 보는 서양사,GATE,5,5,1,1,1,False,exact,1,106.4,0.0,106.4,106.4,106.4,106.4,0.0,0.0,106.4,0.0,0.0,0.0,32.2,3.309,106.4,0.0,True,97.8,0.089,0.054,1,6,M2808.003900-001 M2808.002400-001 M1471.000200-001 M2808.003300-001 E11.118-001,0.028,True
413,공과대학,기계공학부,2학년,유체역학 | 역학과 설계 | 동역학 | 라틴아메리카 문학과 사회 | 영상예술의 이해 | 고급수학연습 2,919A,6,15,48,20,36,True,exact,36,249.3,0.0,249.3,278.6,285.0,288.1,0.0,0.0,278.6,29.3,0.105,29.3,57.9,4.31,249.3,0.0,True,223.2,0.117,0.567,11,19,M2794.001300-001 M2794.001400-001 M2794.001200-001 C30.111-001 C10.142-004 F31.107L-003,0.119,True
413,공과대학,기계공학부,2학년,유체역학 | 역학과 설계 | 동역학 | 라틴아메리카 문학과 사회 | 영상예술의 이해 | 고급수학연습 2,GATE,6,15,48,20,36,True,exact,36,280.6,0.0,280.6,300.4,302.2,308.1,0.0,0.0,300.4,19.8,0.066,19.8,53.2,5.277,280.6,0.0,True,252.9,0.109,0.545,11,19,M2794.001300-001 M2794.001400-001 M2794.001200-001 C30.111-001 C10.142-004 F31.107L-003,0.08,True
414,미술대학,디자인과,2학년,혼합재료모델링 | 디자인사진 | 타이포그래피디자인2 | 디자인사 | 물리학실험 2 | 심리학개론,919A,6,57,196,48,52,True,exact,52,128.6,0.0,128.6,136.9,129.9,152.5,0.192,0.0,137.0,8.3,0.061,8.4,44.2,2.908,128.6,0.0,True,110.4,0.165,0.424,10,17,M3389.002700-001 M1774.004200-001 M3389.001100-001 600.220A-001 E11.146-003 F33.107L-031,0.065,True
414,미술대학,디자인과,2학년,혼합재료모델링 | 디자인사진 | 타이포그래피디자인2 | 디자인사 | 물리학실험 2 | 심리학개론,GATE,6,57,196,48,52,True,exact,52,99.9,0.0,99.9,105.6,101.9,115.4,0.192,0.0,105.6,5.6,0.053,5.7,33.8,2.955,99.9,0.0,True,93.3,0.071,0.388,10,17,M3389.002700-001 M1774.004200-001 M3389.001100-001 600.220A-001 E11.146-003 F33.107L-022,0.054,True
415,미술대학,동양화과,2학년,전통수묵기법 2 | 소묘 2 | 서예와 전각 2 | 회화재료와 기법 | 베리타스 강좌 1: 기후위기와 인류,919A,5,5,1,1,1,False,exact,1,107.2,0.0,107.2,107.2,107.2,107.2,0.0,0.0,107.2,0.0,0.0,0.0,29.2,3.667,107.2,0.0,True,90.6,0.183,0.072,1,6,601.204A-001 601.206-001 601.212A-001 601.214A-001 V10.101-002,0.011,True
415,미술대학,동양화과,2학년,전통수묵기법 2 | 소묘 2 | 서예와 전각 2 | 회화재료와 기법 | 베리타스 강좌 1: 기후위기와 인류,GATE,5,5,1,1,1,False,exact,1,101.1,0.0,101.1,101.1,101.1,101.1,0.0,0.0,101.1,0.0,0.0,0.0,27.9,3.616,101.1,0.0,True,93.1,0.086,0.068,1,6,601.204A-001 601.206-001 601.212A-001 601.214A-001 V10.101-002,0.008,True
416,공과대학,공과대학,2학년,사물인터넷과 공학설계 | 수학연습 2 | 초급독일어 2 | 동서양의 종교적 지혜 | 대학 글쓰기 2: 인문학글쓰기 | 컴퓨팅 기초: 처음 만나는 컴퓨팅,919A,6,90,102600,12240,2964,True,exact,2964,164.2,51.9,268.1,181.4,181.3,201.6,1.0,52.0,285.4,17.2,0.095,17.3,48.0,3.421,164.4,0.67,False,145.7,0.127,14.072,365,416,M2177.008800-001 E11.116-001 F22.102-003 F37.101-013 F11.201-020 F31.105L-002,3.11,True
416,공과대학,공과대학,2학년,사물인터넷과 공학설계 | 수학연습 2 | 초급독일어 2 | 동서양의 종교적 지혜 | 대학 글쓰기 2: 인문학글쓰기 | 컴퓨팅 기초: 처음 만나는 컴퓨팅,GATE,6,90,102600,12240,2964,True,exact,2964,169.0,51.9,272.9,181.5,180.5,201.0,1.0,52.0,285.5,12.5,0.069,12.6,41.4,4.08,169.5,0.46,False,159.7,0.059,12.947,328,375,M2177.008800-001 E11.116-001 F22.102-003 F37.101-002 F11.201-010 F31.105L-033,2.609,True
417,사회과학대학,인류학과,4학년,몸의 인류학 | 종교문화의 이해 | 역사와 역사 재현 | 한국사의 새로운 해석 | 대학 글쓰기 1,919A,5,80,296,232,76,True,exact,76,108.6,0.0,108.6,127.0,128.9,143.5,0.0,0.0,127.0,18.4,0.145,18.4,26.9,4.03,108.6,0.0,True,93.0,0.167,1.669,30,36,206.454-001 206.425A-001 C20.127-002 C20.150-001 F11.101-075,0.273,True
417,사회과학대학,인류학과,4학년,몸의 인류학 | 종교문화의 이해 | 역사와 역사 재현 | 한국사의 새로운 해석 | 대학 글쓰기 1,GATE,5,80,296,232,76,True,exact,76,134.2,0.0,134.2,154.8,158.4,174.6,0.0,0.0,154.8,20.6,0.133,20.6,19.7,6.821,134.2,0.0,True,123.9,0.083,1.599,27,33,206.454-001 206.425A-001 C20.127-002 C20.150-001 F11.101-059,0.231,True
418,사범대학,생물교육과,3학년,현대생물실험 및 지도법 | 분자생물학교육 | 블렌디드 러닝 수업의 실제 | 생명과학 교재연구 및 지도법 | 한국사 | 물리학실험,919A,6,16,32,32,11,True,exact,11,103.6,0.0,103.6,113.5,107.0,127.9,0.0,0.0,113.5,9.8,0.087,9.8,33.8,3.064,103.6,0.0,True,91.3,0.135,0.316,9,16,719.341-001 719.336-001 M1827.000500-001 M1878.000100-001 C20.149-005 F33.105L-002,0.057,True
418,사범대학,생물교육과,3학년,현대생물실험 및 지도법 | 분자생물학교육 | 블렌디드 러닝 수업의 실제 | 생명과학 교재연구 및 지도법 | 한국사 | 물리학실험,GATE,6,16,32,32,11,True,exact,11,146.1,0.0,146.1,156.5,148.8,172.8,0.0,0.0,156.5,10.4,0.067,10.4,37.1,3.933,146.1,0.0,True,135.3,0.08,0.316,8,15,719.341-001 719.336-001 M1827.000500-001 M1878.000100-001 C20.149-004 F33.105L-002,0.043,True
419,공과대학,건축학과,2학년,건축재료역학 1 | 기초스튜디오 4 (패브리케이션 디자인) | 건축사 2 | 베리타스 실천: 디자인적 사고의 확장적 실천 | 대학영어 1,919A,5,63,275,108,97,True,exact,97,164.3,0.0,164.3,176.0,177.6,183.0,0.103,0.2,176.4,11.7,0.067,12.0,50.6,3.245,164.3,0.0,True,146.4,0.122,1.222,19,25,4013.206A-001 4012.303-001 V30.104-001 M1498.013700-001 F21.101-006,0.168,True
419,공과대학,건축학과,2학년,건축재료역학 1 | 기초스튜디오 4 (패브리케이션 디자인) | 건축사 2 | 베리타스 실천: 디자인적 사고의 확장적 실천 | 대학영어 1,GATE,5,63,275,108,97,True,exact,97,170.6,0.0,170.6,180.4,181.8,187.6,0.103,0.2,180.7,9.8,0.054,10.1,43.5,3.921,170.6,0.0,True,162.4,0.05,1.137,13,19,4013.206A-001 4012.303-001 V30.104-001 M1498.013700-001 F21.101-006,0.166,True
420,사회과학대학,지리학과,4학년,인류세와 지속가능성 | 지리공간의 역사와 사상 | 현대사회와 윤리 | 대학 글쓰기 1 | 도덕적 추론,919A,5,78,74,58,46,True,exact,46,112.2,0.0,112.2,132.9,136.9,150.3,0.0,0.0,132.9,20.7,0.156,20.7,24.8,4.523,112.3,0.06,False,96.8,0.16,1.368,33,38,M1310.001500-001 208.421A-001 C20.154-001 C20.107-001 F11.101-030,0.236,True
420,사회과학대학,지리학과,4학년,인류세와 지속가능성 | 지리공간의 역사와 사상 | 현대사회와 윤리 | 대학 글쓰기 1 | 도덕적 추론,GATE,5,78,74,58,46,True,exact,46,122.5,0.0,122.5,140.8,142.7,162.6,0.0,0.0,140.8,18.3,0.13,18.3,22.8,5.383,122.5,0.0,True,114.4,0.071,1.487,26,31,M1310.001500-001 208.421A-001 C20.154-001 C20.107-001 F11.101-054,0.17,True
421,미술대학,서양화과,2학년,회화: 확장된 매체성 | 영상: 데이터와 이미지 | 드로잉: 언어와 이미지 | 드로잉: 긋기와 그리기 | 대학 글쓰기 1 | 대학 글쓰기 2: 인문학글쓰기,919A,6,98,1480,870,215,True,exact,215,107.2,0.0,107.2,133.0,135.5,160.6,0.0,0.0,133.0,25.8,0.194,25.8,24.4,4.393,107.2,0.0,True,89.7,0.195,3.398,34,45,M1766.001600-001 M1766.002400-001 M1766.001800-001 M1766.002200-001 F11.201-020 F11.101-077,0.421,True
421,미술대학,서양화과,2학년,회화: 확장된 매체성 | 영상: 데이터와 이미지 | 드로잉: 언어와 이미지 | 드로잉: 긋기와 그리기 | 대학 글쓰기 1 | 대학 글쓰기 2: 인문학글쓰기,GATE,6,98,1480,870,215,True,exact,215,96.6,0.0,96.6,126.8,129.3,159.2,0.0,0.0,126.8,30.2,0.238,30.2,22.9,4.223,96.6,0.0,True,89.2,0.083,3.282,38,49,M1766.001600-001 M1766.002400-001 M1766.001800-001 M1766.002200-001 F11.201-020 F11.101-014,0.442,True
422,공과대학,산업공학과,4학년,금융공학개론 | 기술경영 프로젝트 | 최적화알고리즘 | 인문사회계를 위한 수학 1 | 지구시스템과학실험,919A,5,8,6,6,1,False,exact,1,211.2,0.0,211.2,211.2,211.2,211.2,0.0,0.0,211.2,0.0,0.0,0.0,46.5,4.542,211.2,0.0,True,192.9,0.095,0.092,1,6,406.433-001 M1540.000300-001 M1505.002000-001 F31.114-001 F36.103L-003,0.014,True
422,공과대학,산업공학과,4학년,금융공학개론 | 기술경영 프로젝트 | 최적화알고리즘 | 인문사회계를 위한 수학 1 | 지구시스템과학실험,GATE,5,8,6,6,1,False,exact,1,204.8,0.0,204.8,204.8,204.8,204.8,0.0,0.0,204.8,0.0,0.0,0.0,40.5,5.062,204.8,0.0,True,197.2,0.039,0.088,1,6,406.433-001 M1540.000300-001 M1505.002000-001 F31.114-001 F36.103L-003,0.008,True
423,사회과학대학,정치외교학부,2학년,중국외교정책론 | 미국과 국제관계 | 비교정치론 | 행정학서론 | 화학실험 2,919A,5,8,4,4,3,True,exact,3,152.5,0.0,152.5,162.6,156.6,178.6,0.0,0.0,162.6,10.1,0.062,10.1,52.4,2.91,152.5,0.0,True,132.5,0.151,0.116,3,8,216B.214-001 216B.222-001 216A.202-001 216A.210-001 F34.105L-001,0.015,True
423,사회과학대학,정치외교학부,2학년,중국외교정책론 | 미국과 국제관계 | 비교정치론 | 행정학서론 | 화학실험 2,GATE,5,8,4,4,3,True,exact,3,80.0,0.0,80.0,84.1,80.7,91.7,0.0,0.0,84.1,4.2,0.049,4.2,38.8,2.061,80.7,0.76,False,77.5,0.032,0.099,3,8,216B.214-001 216B.222-001 216A.202-001 216A.210-001 F34.105L-015,0.012,True
424,사회과학대학,사회복지학과,3학년,사회복지현장실습 | 장애와 사회: 장애인복지의 이해 | 사회복지법제와 실천 | 물리학실험 2 | 대학 글쓰기 2: 인문학글쓰기 | 화학실험 2,919A,6,76,3920,720,1413,True,exact,1413,137.1,0.1,137.2,182.3,180.2,203.5,0.299,0.0,182.3,45.2,0.248,45.1,41.7,3.285,137.1,0.0,True,119.2,0.15,3.24,46,74,209.319-001 M1311.005100-001 M1311.002200-001 F34.105L-006 F33.107L-005 F11.201-020,0.606,True
424,사회과학대학,사회복지학과,3학년,사회복지현장실습 | 장애와 사회: 장애인복지의 이해 | 사회복지법제와 실천 | 물리학실험 2 | 대학 글쓰기 2: 인문학글쓰기 | 화학실험 2,GATE,6,76,3920,720,1413,True,exact,1413,94.2,0.1,94.4,132.2,134.8,157.4,0.299,0.0,132.3,38.0,0.287,37.9,31.1,3.033,94.2,0.0,True,89.6,0.051,4.544,47,85,209.319-001 M1311.005100-001 M1311.002200-001 F34.105L-006 F33.107L-005 F11.201-020,0.756,True
425,인문대학,노어노문학과,4학년,러시아어문학논문쓰기 | 러시아문학특강 | 직업세계의 이해와 진로설계 | 대학 글쓰기 1 | 초급중국어 1 | 대학영어 2: 말하기,919A,6,103,12432,8932,3002,True,exact,3002,93.7,0.0,93.7,151.1,149.1,176.7,0.349,17.6,186.4,57.5,0.38,92.7,35.8,2.617,93.7,0.0,True,80.4,0.165,12.606,105,142,M1242.000700-001 106.428-001 E11.175-001 F21.202-008 F25.101-008 F11.101-056,2.64,True
425,인문대학,노어노문학과,4학년,러시아어문학논문쓰기 | 러시아문학특강 | 직업세계의 이해와 진로설계 | 대학 글쓰기 1 | 초급중국어 1 | 대학영어 2: 말하기,GATE,6,103,12432,8932,3002,True,exact,3002,90.1,0.0,90.1,151.9,151.8,180.1,0.349,17.6,187.2,61.8,0.407,97.1,23.5,3.83,90.1,0.0,True,84.8,0.063,12.235,81,117,M1242.000700-001 106.428-001 E11.175-001 F21.202-008 F25.101-008 F11.101-064,2.121,True
426,공과대학,화학생물공학부,4학년,세포생물공학 | 화학산업경영 | 창의연구 | 기기분석 | 물리학 2,919A,5,12,18,12,15,True,exact,15,260.6,0.0,260.6,266.4,263.3,284.0,0.2,0.6,267.6,5.9,0.022,7.0,61.0,4.273,260.6,0.0,True,232.2,0.122,0.35,8,14,M0000.006400-001 458.423-001 458.414A-001 458.424A-001 F33.107-004,0.055,True
426,공과대학,화학생물공학부,4학년,세포생물공학 | 화학산업경영 | 창의연구 | 기기분석 | 물리학 2,GATE,5,12,18,12,15,True,exact,15,280.4,0.0,280.4,293.4,290.3,318.1,0.2,0.6,294.6,13.0,0.044,14.1,61.7,4.548,280.4,0.0,True,255.4,0.098,0.416,9,15,M0000.006400-001 458.423-001 458.414A-001 458.424A-001 F33.107-004,0.044,True
427,사회과학대학,언론정보학과,2학년,저널리즘 심층 글쓰기 | 미디어테크놀로지의 과거와 미래 | 영상 문화 입문 | 커뮤니케이션이론 1 | 대학 글쓰기 1,919A,5,78,74,58,35,True,exact,35,124.2,0.0,124.2,148.2,149.0,174.2,0.0,0.0,148.2,23.9,0.161,23.9,33.8,3.671,124.2,0.0,True,108.0,0.15,1.005,22,27,M1312.001400-001 M1312.002000-001 M1312.001000-001 M1312.003000-001 F11.101-054,0.142,True
427,사회과학대학,언론정보학과,2학년,저널리즘 심층 글쓰기 | 미디어테크놀로지의 과거와 미래 | 영상 문화 입문 | 커뮤니케이션이론 1 | 대학 글쓰기 1,GATE,5,78,74,58,35,True,exact,35,48.4,0.0,48.4,68.2,63.3,98.4,0.0,0.0,68.2,19.8,0.29,19.8,19.1,2.527,48.4,0.0,True,45.8,0.057,0.979,10,15,M1312.001400-001 M1312.002000-001 M1312.001000-001 M1312.003000-001 F11.101-032,0.13,True
428,인문대학,역사학부,4학년,한국사세미나 1 | 역사학 논문쓰기 2 | 동아시아 사회경제사 특강 | 세계사 속의 중앙유라시아사 | 라틴어 1 | 수채화의 기초,919A,6,11,6,6,2,True,exact,2,105.4,0.0,105.4,109.7,109.7,114.0,0.0,0.0,109.7,4.3,0.039,4.3,29.5,3.575,105.4,0.0,True,89.7,0.176,0.149,2,8,M3544.002700-001 M3533.000600-001 M3545.000100-002 M3545.000200-002 E41.105-001 F29.103-006,0.022,True
428,인문대학,역사학부,4학년,한국사세미나 1 | 역사학 논문쓰기 2 | 동아시아 사회경제사 특강 | 세계사 속의 중앙유라시아사 | 라틴어 1 | 수채화의 기초,GATE,6,11,6,6,2,True,exact,2,165.7,0.0,165.7,168.1,168.1,170.5,0.0,0.0,168.1,2.4,0.014,2.4,29.2,5.664,165.7,0.0,True,153.7,0.078,0.127,2,8,M3544.002700-001 M3533.000600-001 M3545.000100-002 M3545.000200-002 E41.105-001 F29.103-003,0.014,True
429,인문대학,영어영문학과,1학년,영문학입문 | 영어학입문 | 초급프랑스어 1 | 컴퓨팅 기초: 처음 만나는 컴퓨팅 | 성의 철학과 성윤리 | 인간생명과학개론,919A,6,34,513,216,37,True,exact,37,161.2,0.0,161.2,180.7,184.4,194.9,0.405,0.0,180.8,19.5,0.108,19.6,35.5,4.539,161.2,0.0,True,140.0,0.151,0.76,15,24,M1236.000600-001 100.109-001 E11.164-001 C20.124-003 F37.101-001 F26.101-008,0.129,True
429,인문대학,영어영문학과,1학년,영문학입문 | 영어학입문 | 초급프랑스어 1 | 컴퓨팅 기초: 처음 만나는 컴퓨팅 | 성의 철학과 성윤리 | 인간생명과학개론,GATE,6,34,513,216,37,True,exact,37,165.0,0.0,165.0,188.2,191.4,216.9,0.405,0.0,188.3,23.2,0.123,23.3,31.8,5.188,165.0,0.0,True,152.3,0.083,0.789,13,22,M1236.000600-001 100.109-001 E11.164-001 C20.124-003 F37.101-001 F26.101-008,0.34,True
430,사회과학대학,경제학부,1학년,경제원론 1 | 경제원론 2 | 음악과 사회 | 대학영어 1 | 생물학,919A,5,69,7425,7290,614,True,exact,614,133.0,0.0,133.0,179.8,180.9,206.5,0.01,0.0,179.8,46.7,0.26,46.8,42.5,3.134,133.1,0.03,True,117.1,0.137,8.382,75,120,200.105-003 200.106-003 C10.146-001 F35.103-003 F21.101-003,1.474,True
430,사회과학대학,경제학부,1학년,경제원론 1 | 경제원론 2 | 음악과 사회 | 대학영어 1 | 생물학,GATE,5,69,7425,7290,614,True,exact,614,117.7,0.0,117.7,157.6,159.4,183.8,0.01,0.0,157.6,39.9,0.253,40.0,32.8,3.587,117.7,0.0,True,109.8,0.071,11.492,69,125,200.105-004 200.106-003 C10.146-001 F35.103-003 F21.101-002,1.977,True
431,자연과학대학,수리과학부,4학년,수학특강 2 | 암호론 | 응용편미분방정식 | 대수기하학개론 | 수학연습 2 | 현대사회와 스포츠,919A,6,50,45,17,31,True,exact,31,160.9,0.0,160.9,172.1,172.5,176.5,0.0,0.0,172.1,11.2,0.065,11.2,53.3,3.019,160.9,0.0,True,143.1,0.124,0.442,11,17,3341.446-001 881.433A-001 881.424-001 881.410-001 E43.130-001 F31.105L-004,0.074,True
431,자연과학대학,수리과학부,4학년,수학특강 2 | 암호론 | 응용편미분방정식 | 대수기하학개론 | 수학연습 2 | 현대사회와 스포츠,GATE,6,50,45,17,31,True,exact,31,112.8,0.0,112.8,134.1,136.0,141.9,0.0,0.0,134.1,21.3,0.159,21.3,34.7,3.249,112.8,0.0,True,108.4,0.041,0.562,12,18,3341.446-001 881.433A-001 881.424-001 881.410-001 E43.130-001 F31.105L-033,0.061,True
432,사범대학,역사교육과,3학년,동아시아근현대사 | 서양근대사 | 역사교육론 | 한국근대사 | 물리학실험 2,919A,5,53,49,12,32,True,exact,32,94.6,0.0,94.6,100.5,95.1,115.5,0.0,0.0,100.5,5.9,0.058,5.9,34.7,2.73,94.6,0.0,True,83.2,0.138,0.294,8,13,M1858.001400-001 712.233B-001 712.301-001 712.215-001 F33.107L-030,0.033,True
432,사범대학,역사교육과,3학년,동아시아근현대사 | 서양근대사 | 역사교육론 | 한국근대사 | 물리학실험 2,GATE,5,53,49,12,32,True,exact,32,146.8,0.0,146.8,152.9,147.0,170.8,0.0,0.0,152.9,6.1,0.04,6.1,39.6,3.705,146.8,0.0,True,136.6,0.074,0.265,8,13,M1858.001400-001 712.233B-001 712.301-001 712.215-001 F33.107L-023,0.056,True
433,인문대학,중어중문학과,4학년,중국의 놀이와 노래 | 중국사회문화론특강 | 중국어발표와 토론 | 중국인의 언어와 문화 | 세계문학과 영문학,919A,5,5,1,1,1,False,exact,1,108.0,0.0,108.0,108.0,108.0,108.0,0.0,0.0,108.0,0.0,0.0,0.0,25.5,4.242,108.0,0.0,True,92.6,0.166,0.076,1,6,M1234.001500-001 102.422-001 102.424-001 C10.154-001 C10.132-001,0.014,True
433,인문대학,중어중문학과,4학년,중국의 놀이와 노래 | 중국사회문화론특강 | 중국어발표와 토론 | 중국인의 언어와 문화 | 세계문학과 영문학,GATE,5,5,1,1,1,False,exact,1,125.7,0.0,125.7,125.7,125.7,125.7,0.0,0.0,125.7,0.0,0.0,0.0,28.8,4.364,125.7,0.0,True,118.8,0.058,0.068,1,6,M1234.001500-001 102.422-001 102.424-001 C10.154-001 C10.132-001,0.009,True
434,혁신공유학부,혁신공유학부,3학년,(공유)에너지기후변화정책 | (공유)사회혁신을 위한 빅데이터 응용 | 자연환경과 인간 | 예술과 사회 | 독일어권 문화의 이해,919A,5,7,3,3,2,True,exact,2,161.3,5.6,172.5,161.4,161.4,161.5,1.0,5.6,172.6,0.1,0.0,0.1,56.3,2.866,161.5,0.14,False,143.3,0.126,0.23,2,7,M3500.005400-001 M3502.019700-001 C40.130-001 C10.145-001 C30.109-003,0.028,True
434,혁신공유학부,혁신공유학부,3학년,(공유)에너지기후변화정책 | (공유)사회혁신을 위한 빅데이터 응용 | 자연환경과 인간 | 예술과 사회 | 독일어권 문화의 이해,GATE,5,7,3,3,2,True,exact,2,153.9,5.6,165.1,156.5,156.5,159.2,1.0,5.6,167.7,2.6,0.017,2.6,44.9,3.425,153.9,0.0,True,147.3,0.045,0.346,2,7,M3500.005400-001 M3502.019700-001 C40.130-001 C10.145-001 C30.109-002,0.018,True
435,공과대학,에너지자원공학과,3학년,지구통계학 | 에너지GIS | 에너지자원처리공학 | 암반공학응용 및 설계 | 수학 2,919A,5,30,26,14,12,True,exact,12,178.6,0.0,178.6,179.4,178.6,185.7,0.0,0.0,179.4,0.8,0.004,0.8,45.0,3.968,178.6,0.0,True,164.0,0.089,0.222,6,11,465.315-001 465.215A-001 M1594.003900-001 465.326-001 F31.105-003,0.029,True
435,공과대학,에너지자원공학과,3학년,지구통계학 | 에너지GIS | 에너지자원처리공학 | 암반공학응용 및 설계 | 수학 2,GATE,5,30,26,14,12,True,exact,12,165.8,0.0,165.8,169.5,169.8,169.8,0.0,0.0,169.5,3.7,0.022,3.7,35.4,4.681,165.8,0.0,True,157.4,0.054,0.211,6,11,465.315-001 465.215A-001 M1594.003900-001 465.326-001 F31.105-010,0.024,True
436,공과대학,컴퓨터공학부,2학년,컴퓨터프로그래밍 | 프로그래밍의 원리 | 컴퓨터구조 | 자료구조 | 컴퓨팅 탐색: 실생활에서 활용하기,919A,5,6,2,2,2,True,exact,2,274.4,0.0,274.4,304.4,304.4,334.4,0.5,6.1,316.7,30.0,0.099,42.3,65.4,4.197,274.4,0.0,True,245.7,0.117,0.11,2,7,M1522.000600-001 4190.210-001 4190.308-001 M1522.000900-001 F37.206-001,0.014,True
436,공과대학,컴퓨터공학부,2학년,컴퓨터프로그래밍 | 프로그래밍의 원리 | 컴퓨터구조 | 자료구조 | 컴퓨팅 탐색: 실생활에서 활용하기,GATE,5,6,2,2,2,True,exact,2,312.7,0.0,312.7,346.3,346.3,379.9,0.5,6.1,358.6,33.6,0.097,45.8,64.1,4.876,312.7,0.0,True,283.1,0.105,0.1,2,7,M1522.000600-001 4190.210-001 4190.308-001 M1522.000900-001 F37.206-001,0.011,True
437,사회과학대학,사회복지학과,3학년,사회복지법제와 실천 | 장애와 사회: 장애인복지의 이해 | 사회복지현장실습 | 물리학실험 2 | 죽음의 과학적 이해 | 대중예술의 이해,919A,6,56,147,36,37,True,exact,37,156.2,0.0,156.2,192.7,198.6,228.9,0.0,0.0,192.7,36.5,0.189,36.5,45.0,3.474,156.2,0.0,True,136.7,0.143,0.301,5,11,M1311.002200-001 M1311.005100-001 209.319-001 E11.174-001 C10.106-002 F33.107L-040,0.03,True
437,사회과학대학,사회복지학과,3학년,사회복지법제와 실천 | 장애와 사회: 장애인복지의 이해 | 사회복지현장실습 | 물리학실험 2 | 죽음의 과학적 이해 | 대중예술의 이해,GATE,6,56,147,36,37,True,exact,37,110.6,0.0,110.6,131.5,124.8,152.7,0.0,0.0,131.5,20.8,0.158,20.8,30.2,3.666,110.6,0.0,True,105.4,0.05,0.32,6,13,M1311.002200-001 M1311.005100-001 209.319-001 E11.174-001 C10.106-002 F33.107L-040,0.04,True
438,사회과학대학,정치외교학부,2학년,행정학서론 | 일본과 국제관계 | 미국과 국제관계 | 인사행정 | 인간관계의 심리학,919A,5,8,4,4,3,True,exact,3,143.3,0.0,143.3,161.7,170.9,170.9,0.0,0.0,161.7,18.4,0.114,18.4,43.9,3.262,143.3,0.0,True,122.3,0.171,0.102,3,8,216A.210-001 216B.341-001 216B.222-001 216A.211-001 E11.163-001,0.014,True
438,사회과학대학,정치외교학부,2학년,행정학서론 | 일본과 국제관계 | 미국과 국제관계 | 인사행정 | 인간관계의 심리학,GATE,5,8,4,4,3,True,exact,3,71.9,0.0,71.9,81.8,86.8,86.8,0.0,0.0,81.8,9.9,0.121,9.9,24.6,2.916,71.9,0.0,True,67.5,0.066,0.098,3,8,216A.210-001 216B.341-001 216B.222-001 216A.211-001 E11.163-001,0.011,True
439,공과대학,건축학과,3학년,건물설비시스템 | 철골구조설계 및 공법 | 건축구조계획 | 한국건축 | 수학연습 2,919A,5,49,45,17,45,True,exact,45,125.7,0.0,125.7,154.6,155.9,163.2,0.0,0.0,154.6,28.9,0.187,28.9,42.3,2.975,125.7,0.0,True,116.0,0.084,0.483,10,15,M1498.002200-001 M1498.001500-001 4012.311-001 4012.403-001 F31.105L-004,0.061,True
439,공과대학,건축학과,3학년,건물설비시스템 | 철골구조설계 및 공법 | 건축구조계획 | 한국건축 | 수학연습 2,GATE,5,49,45,17,45,True,exact,45,132.1,0.0,132.1,158.0,159.8,165.9,0.0,0.0,158.0,25.9,0.164,25.9,35.1,3.762,132.1,0.0,True,126.2,0.047,0.531,17,22,M1498.002200-001 M1498.001500-001 4012.311-001 4012.403-001 F31.105L-004,0.066,True
440,사범대학,체육교육과,4학년,스포츠의학 | 장애유형별 특수체육원리 | 스포츠공학 개론 | 체육교재연구및지도법 | 초급한문 1,919A,5,15,11,10,2,True,exact,2,169.5,0.0,169.5,171.4,171.4,173.4,0.0,0.0,171.4,2.0,0.012,2.0,40.2,4.217,169.5,0.0,True,149.2,0.136,0.151,2,7,M1886.003300-001 722.454-001 M1886.000400-001 722.401A-001 F28.101-004,0.019,True
440,사범대학,체육교육과,4학년,스포츠의학 | 장애유형별 특수체육원리 | 스포츠공학 개론 | 체육교재연구및지도법 | 초급한문 1,GATE,5,15,11,10,2,True,exact,2,94.5,0.0,94.5,100.2,100.2,106.0,0.0,0.0,100.2,5.7,0.057,5.7,30.3,3.116,94.5,0.0,True,89.2,0.059,0.128,2,7,M1886.003300-001 722.454-001 M1886.000400-001 722.401A-001 F28.101-003,0.013,True
441,공과대학,화학생물공학부,2학년,응용생화학 1 | 화학생물공학기초실험 | 물리화학 2 | 수학 2 | 베리타스 강좌 1: 우리 안의 민속문화 | 공학수학 2,919A,6,38,1248,84,160,True,exact,160,335.0,0.0,335.0,337.5,337.9,344.0,0.9,8.5,354.5,2.5,0.007,19.4,51.5,6.509,335.0,0.0,True,297.7,0.125,0.622,10,20,M1587.000200-001 458.202-001 V10.111-001 458.206-001 F31.202-013 F31.105-025,0.079,True
441,공과대학,화학생물공학부,2학년,응용생화학 1 | 화학생물공학기초실험 | 물리화학 2 | 수학 2 | 베리타스 강좌 1: 우리 안의 민속문화 | 공학수학 2,GATE,6,38,1248,84,160,True,exact,160,373.8,0.0,373.8,374.7,374.9,376.9,0.9,8.5,391.6,0.9,0.002,17.8,49.7,7.515,373.8,0.0,True,334.4,0.118,0.553,12,22,M1587.000200-001 458.202-001 V10.111-001 458.206-001 F31.202-013 F31.105-025,0.084,True
442,인문대학,역사학부,4학년,역사학 논문쓰기 3 | 미국사 | 동아시아역사고전독해 | 역사학 논문쓰기 2 | 프랑스어권 문화의 이해,919A,5,6,2,2,1,False,exact,1,83.4,0.0,83.4,83.4,83.4,83.4,0.0,0.0,83.4,0.0,0.0,0.0,19.5,4.272,83.4,0.0,True,70.0,0.191,0.095,1,6,M3533.000800-001 M3546.000200-001 M3545.002200-002 M3533.000600-001 C10.157-003,0.012,True
442,인문대학,역사학부,4학년,역사학 논문쓰기 3 | 미국사 | 동아시아역사고전독해 | 역사학 논문쓰기 2 | 프랑스어권 문화의 이해,GATE,5,6,2,2,1,False,exact,1,128.0,0.0,128.0,128.0,128.0,128.0,0.0,0.0,128.0,0.0,0.0,0.0,29.0,4.411,128.0,0.0,True,119.4,0.072,0.087,1,6,M3533.000800-001 M3546.000200-001 M3545.002200-002 M3533.000600-001 C10.157-003,0.01,True
443,공과대학,기계공학부,2학년,유체역학 | 역학과 설계 | 동역학 | 수학연습 2 | 물리학,919A,5,50,90,17,90,True,exact,90,248.0,0.0,248.0,282.3,284.0,291.4,0.0,0.0,282.3,34.3,0.122,34.3,59.5,4.172,248.0,0.0,True,221.4,0.12,0.514,14,19,M2794.001300-001 M2794.001400-001 M2794.001200-001 F33.105-001 F31.105L-004,0.113,True
443,공과대학,기계공학부,2학년,유체역학 | 역학과 설계 | 동역학 | 수학연습 2 | 물리학,GATE,5,50,90,17,90,True,exact,90,275.0,0.0,275.0,302.4,304.2,310.3,0.0,0.0,302.4,27.3,0.09,27.3,56.5,4.868,275.0,0.0,True,247.1,0.113,0.931,17,22,M2794.001300-001 M2794.001400-001 M2794.001200-001 F33.105-001 F31.105L-033,0.084,True
444,음악대학,음악학과,2학년,스크린 스코어링 | 서양음악사문헌 2 | 음악 진로 탐색 | 컴퓨팅 핵심: 컴퓨터로 생각하기 | 화학실험 2,919A,5,10,12,12,6,True,exact,6,69.3,0.0,69.3,112.0,105.9,142.6,0.0,0.0,112.0,42.8,0.382,42.8,45.3,1.53,69.3,0.0,True,60.7,0.142,0.173,5,11,M3535.001600-001 6522.2257-001 M2183.008300-001 F37.204-002 F34.105L-015,0.026,True
444,음악대학,음악학과,2학년,스크린 스코어링 | 서양음악사문헌 2 | 음악 진로 탐색 | 컴퓨팅 핵심: 컴퓨터로 생각하기 | 화학실험 2,GATE,5,10,12,12,6,True,exact,6,56.0,0.0,56.0,90.4,85.5,115.1,0.0,0.0,90.4,34.5,0.381,34.5,35.6,1.572,56.0,0.0,True,53.0,0.056,0.17,6,12,M3535.001600-001 6522.2257-001 M2183.008300-001 F37.204-002 F34.105L-015,0.021,True
445,사회과학대학,경제학부,3학년,거시 금융 경제학 | 경제학연습 | 응용계량경제학 | 경제와 기업의 경영전략 | 수학연습 2,919A,5,53,225,85,152,True,exact,152,114.4,0.0,114.4,146.0,136.9,175.4,0.0,0.0,146.0,31.6,0.216,31.6,48.1,2.378,114.4,0.0,True,103.2,0.109,0.985,22,30,M1314.001900-002 M1314.000100-001 M1314.004700-001 M1314.001700-003 F31.105L-033,0.376,True
445,사회과학대학,경제학부,3학년,거시 금융 경제학 | 경제학연습 | 응용계량경제학 | 경제와 기업의 경영전략 | 수학연습 2,GATE,5,53,225,85,152,True,exact,152,88.2,0.0,88.2,109.4,107.3,131.6,0.0,0.0,109.4,21.2,0.194,21.2,35.5,2.484,88.2,0.0,True,82.0,0.074,1.005,28,36,M1314.001900-002 M1314.000100-001 M1314.004700-001 M1314.001700-003 F31.105L-033,0.168,True
446,사범대학,국어교육과,3학년,매체의사소통교육론 | 학습자언어탐구 | 작문교육론 | 국어자료탐구 | 미술명작의 이해 | 컴퓨터의 개념 및 실습,919A,6,8,3,3,2,True,exact,2,105.3,0.0,105.3,117.4,117.4,129.4,0.0,0.0,117.4,12.0,0.102,12.0,33.9,3.105,105.3,0.0,True,89.6,0.176,0.217,2,8,M1844.001200-001 M1844.000900-001 705.314A-001 M1844.002400-001 E11.124-001 F37.202-005,0.038,True
446,사범대학,국어교육과,3학년,매체의사소통교육론 | 학습자언어탐구 | 작문교육론 | 국어자료탐구 | 미술명작의 이해 | 컴퓨터의 개념 및 실습,GATE,6,8,3,3,2,True,exact,2,159.4,0.0,159.4,160.2,160.2,160.9,0.0,0.0,160.2,0.8,0.005,0.8,33.4,4.768,159.4,0.0,True,146.7,0.087,0.236,2,8,M1844.001200-001 M1844.000900-001 705.314A-001 M1844.002400-001 E11.124-001 F37.202-003,0.022,True
447,사범대학,영어교육과,1학년,영어독해 | 영미산문강독 | 수학 2 | 생물학 | 통계학,919A,5,36,390,210,107,True,exact,107,119.8,0.0,119.8,148.8,156.2,166.9,0.0,0.0,148.8,29.0,0.195,29.0,33.2,3.607,119.8,0.0,True,106.1,0.129,1.913,55,66,M1848.000500-001 M1848.000300-001 F32.102-012 F35.103-003 F31.105-025,0.422,True
447,사범대학,영어교육과,1학년,영어독해 | 영미산문강독 | 수학 2 | 생물학 | 통계학,GATE,5,36,390,210,107,True,exact,107,134.7,0.0,134.7,148.0,152.2,157.0,0.0,0.0,148.0,13.3,0.09,13.3,32.9,4.09,136.8,2.1,False,130.2,0.035,1.053,28,36,M1848.000500-001 M1848.000300-001 F32.102-009 F35.103-001 F31.105-016,0.166,True
448,간호대학,간호대학,2학년,보건커뮤니케이션과 건강교육 | 화학실험 2 | 소그룹 고전원전읽기 2 | 공학수학 1 | 대학 글쓰기 1 | 영상예술의 이해,919A,6,95,41440,32480,10641,True,exact,10641,120.9,0.0,120.9,181.9,179.8,230.5,0.166,0.3,182.4,61.0,0.335,61.5,38.1,3.171,120.9,0.0,True,108.3,0.117,18.744,145,207,M1991.001900-001 F34.105L-006 C10.142-002 F31.201-001 E52.104-006 F11.101-075,3.308,True
448,간호대학,간호대학,2학년,보건커뮤니케이션과 건강교육 | 화학실험 2 | 소그룹 고전원전읽기 2 | 공학수학 1 | 대학 글쓰기 1 | 영상예술의 이해,GATE,6,95,41440,32480,10641,True,exact,10641,97.5,0.0,97.5,172.6,172.7,229.1,0.166,0.3,173.1,75.1,0.435,75.6,29.4,3.319,97.5,0.0,True,92.4,0.056,7.904,40,77,M1991.001900-001 F34.105L-001 C10.142-001 F31.201-002 E52.104-008 F11.101-005,1.572,True
449,농업생명과학대학,식품·동물생명공학부,3학년,식품분석실험 | 동물번식학 및 실험 | 식품위생학 | 식품공정학 | 생물학실험 | 대학 글쓰기 1,919A,6,101,1702,696,432,True,exact,432,166.8,0.0,166.8,194.1,196.6,236.1,0.009,0.0,194.1,27.4,0.141,27.4,31.7,5.257,166.8,0.0,True,151.7,0.099,2.859,47,55,5251.307A-001 5252.307A-001 5251.309-001 5251.308-001 F35.103L-005 F11.101-019,0.417,True
449,농업생명과학대학,식품·동물생명공학부,3학년,식품분석실험 | 동물번식학 및 실험 | 식품위생학 | 식품공정학 | 생물학실험 | 대학 글쓰기 1,GATE,6,101,1702,696,432,True,exact,432,134.2,0.0,134.2,151.7,150.5,187.2,0.009,0.0,151.7,17.5,0.115,17.5,29.1,4.619,134.2,0.0,True,131.4,0.022,2.432,21,29,5251.307A-001 5252.307A-001 5251.309-001 5251.308-001 F35.103L-010 F11.101-033,0.366,True
450,미술대학,서양화과,2학년,볼록판화 | 회화: 확장된 매체성 | 드로잉: 긋기와 그리기 | 한국근현대미술사 | 미디어로 배우는 러시아어 | 지구과학,919A,6,6,1,1,1,False,exact,1,138.4,0.0,138.4,138.4,138.4,138.4,0.0,0.0,138.4,0.0,0.0,0.0,32.5,4.264,138.4,0.0,True,116.9,0.185,0.099,1,7,M1766.003200-001 M1766.001600-001 M1766.002200-001 M1766.000400-001 F23.305-001 F36.102-001,0.019,True
450,미술대학,서양화과,2학년,볼록판화 | 회화: 확장된 매체성 | 드로잉: 긋기와 그리기 | 한국근현대미술사 | 미디어로 배우는 러시아어 | 지구과학,GATE,6,6,1,1,1,False,exact,1,167.3,0.0,167.3,167.3,167.3,167.3,0.0,0.0,167.3,0.0,0.0,0.0,35.8,4.678,167.3,0.0,True,153.2,0.092,0.084,1,7,M1766.003200-001 M1766.001600-001 M1766.002200-001 M1766.000400-001 F23.305-001 F36.102-001,0.012,True
451,치의학대학원,치의학과,2학년,기초의학통계학 및 실험 | 치의학 사회공헌 프로젝트 | 한국사 | 주제 세미나 | 서양철학의 이해 | 물리학실험,919A,6,20,288,288,17,True,exact,17,121.4,0.0,121.4,144.0,143.7,163.6,0.176,2.0,148.0,22.6,0.157,26.6,49.2,2.465,121.4,0.0,True,107.0,0.134,0.675,13,26,883.016-002 M2839.001100-001 E52.101-003 C20.123-002 C20.149-002 F33.105L-001,0.154,True
451,치의학대학원,치의학과,2학년,기초의학통계학 및 실험 | 치의학 사회공헌 프로젝트 | 한국사 | 주제 세미나 | 서양철학의 이해 | 물리학실험,GATE,6,20,288,288,17,True,exact,17,121.0,0.0,121.0,149.7,144.2,196.9,0.176,2.0,153.6,28.7,0.192,32.7,32.8,3.688,121.0,0.0,True,112.4,0.076,0.798,13,26,883.016-002 M2839.001100-001 E52.101-003 C20.123-002 C20.149-002 F33.105L-001,0.099,True
452,농업생명과학대학,바이오시스템·소재학부,2학년,생체분자개론 | 동역학 | 바이오열역학 | 유체역학 및 기계 | 초급한문 2 | 초급독일어 1,919A,6,15,18,18,3,False,exact,3,167.7,50.2,268.2,167.7,167.7,167.7,1.0,50.2,268.2,0.0,0.0,0.0,33.8,4.955,167.7,0.0,True,153.0,0.096,0.225,3,9,5261.223C-001 5261.222-001 5261.228-001 5261.226-001 F28.102-002 F22.101-002,0.03,True
452,농업생명과학대학,바이오시스템·소재학부,2학년,생체분자개론 | 동역학 | 바이오열역학 | 유체역학 및 기계 | 초급한문 2 | 초급독일어 1,GATE,6,15,18,18,3,False,exact,3,163.9,50.2,264.4,163.9,163.9,163.9,1.0,50.2,264.4,0.0,0.0,0.0,32.6,5.032,163.9,0.0,True,157.8,0.039,0.222,3,9,5261.223C-001 5261.222-001 5261.228-001 5261.226-001 F28.102-002 F22.101-002,0.022,True
453,사범대학,독어교육과,1학년,독일문화와생활 | 기초독문법 | 컴퓨팅 기초: 처음 만나는 컴퓨팅 | 신입생 세미나 | 수학 2 | 물리학실험 2,919A,6,104,193648,10752,14798,True,exact,14798,101.5,0.0,101.5,163.1,165.2,234.7,0.463,0.6,164.3,61.7,0.378,62.8,28.8,3.523,101.5,1.64,False,89.6,0.132,10.868,145,230,700.123-001 700.124-001 F37.101-013 E51.101-001 F33.107L-022 F31.105-013,1.86,True
453,사범대학,독어교육과,1학년,독일문화와생활 | 기초독문법 | 컴퓨팅 기초: 처음 만나는 컴퓨팅 | 신입생 세미나 | 수학 2 | 물리학실험 2,GATE,6,104,193648,10752,14798,True,exact,14798,107.1,0.8,108.7,152.4,150.8,187.4,0.463,0.6,153.5,45.3,0.297,44.8,30.1,3.561,107.1,0.0,True,101.4,0.056,11.261,256,338,700.123-001 700.124-001 F37.101-007 E51.101-001 F33.107L-012 F31.105-018,2.387,True
454,의과대학,의예과,2학년,몸 속으로의 여행: 인체와 수술 | 논리학 | 초급독일어 1 | 수학 2 | 한국의 한자와 한자어 | 명상과 수행,919A,6,43,1170,630,89,True,exact,89,115.1,50.2,215.6,136.6,139.1,155.7,1.0,50.9,238.5,21.5,0.157,22.9,33.0,3.484,115.1,0.0,True,102.7,0.121,2.304,47,65,M2605.001300-001 C10.165-001 E11.119-001 C20.106-005 F22.101-002 F31.105-018,0.418,True
454,의과대학,의예과,2학년,몸 속으로의 여행: 인체와 수술 | 논리학 | 초급독일어 1 | 수학 2 | 한국의 한자와 한자어 | 명상과 수행,GATE,6,43,1170,630,89,True,exact,89,116.7,50.2,217.1,151.8,153.1,172.7,1.0,50.9,253.7,35.2,0.232,36.6,35.3,3.306,116.7,0.0,True,110.6,0.055,2.367,47,65,M2605.001300-001 C10.165-001 E11.119-001 C20.106-005 F22.101-002 F31.105-018,0.337,True
455,사회과학대학,사회학과,3학년,도시사회학 | 환경과 생태의 사회학 | 계산사회과학 입문 | 사회연구를 위한 데이터과학 | 대학영어 1,919A,5,59,55,54,20,True,exact,20,124.2,0.0,124.2,130.8,127.4,151.4,0.0,0.0,130.8,6.6,0.05,6.6,36.9,3.368,124.4,0.25,False,105.8,0.173,0.927,18,23,205.212-001 205.240A-001 M1304.003000-001 M1304.002600-001 F21.101-010,0.098,True
455,사회과학대학,사회학과,3학년,도시사회학 | 환경과 생태의 사회학 | 계산사회과학 입문 | 사회연구를 위한 데이터과학 | 대학영어 1,GATE,5,59,55,54,20,True,exact,20,99.0,0.0,99.0,106.6,104.3,123.1,0.0,0.0,106.6,7.6,0.071,7.6,26.6,3.724,99.0,0.0,True,93.6,0.058,0.829,11,16,205.212-001 205.240A-001 M1304.003000-001 M1304.002600-001 F21.101-007,0.075,True
456,공과대학,건설환경도시공학부,2학년,구조해석 1 | 환경공학 | 교통공학 및 실험 | 기초유체역학 및 실험 | 고급수학 2,919A,5,9,12,12,8,True,exact,8,155.1,0.0,155.1,158.3,158.3,161.6,0.0,0.0,158.3,3.2,0.02,3.2,38.2,4.062,155.1,0.0,True,141.2,0.099,0.286,8,17,M1586.002000-001 457.208-001 457.210A-002 457.204-001 F31.107-001,0.05,True
456,공과대학,건설환경도시공학부,2학년,구조해석 1 | 환경공학 | 교통공학 및 실험 | 기초유체역학 및 실험 | 고급수학 2,GATE,5,9,12,12,8,True,exact,8,175.0,0.0,175.0,178.6,178.6,182.4,0.0,0.0,178.6,3.6,0.02,3.6,32.6,5.37,175.0,0.0,True,162.1,0.08,0.272,8,17,M1586.002000-001 457.208-001 457.210A-001 457.204-001 F31.107-001,0.042,True
457,사회과학대학,경제학부,3학년,경제학연습 | 국제거시경제론 | 인구와 경제 | 산업조직론 | 베리타스 강좌 1: 기후위기와 인류,919A,5,9,5,5,3,True,exact,3,130.7,0.0,130.7,141.5,140.0,153.8,0.0,0.0,141.5,10.8,0.076,10.8,43.2,3.024,130.7,0.0,True,114.7,0.14,0.101,3,8,M1314.005900-001 212.342-001 212.317-001 V10.101-002 M1314.001700-006,0.024,True
457,사회과학대학,경제학부,3학년,경제학연습 | 국제거시경제론 | 인구와 경제 | 산업조직론 | 베리타스 강좌 1: 기후위기와 인류,GATE,5,9,5,5,3,True,exact,3,108.4,0.0,108.4,113.0,108.6,122.1,0.0,0.0,113.0,4.6,0.041,4.6,39.4,2.754,108.4,0.0,True,100.0,0.085,0.114,3,8,M1314.005900-001 212.342-001 212.317-001 V10.101-002 M1314.001700-002,0.012,True
458,미술대학,조소과,3학년,인공지능 예술 실습 | 현대조각론 2 | 미디어 아트 | 미디어 기획 | 대학영어 2: 글쓰기 | 음악 속의 철학,919A,6,26,21,20,2,True,exact,2,105.0,0.0,105.0,105.9,105.9,106.8,0.0,0.0,105.9,0.9,0.009,0.9,32.4,3.238,105.0,0.0,True,88.3,0.189,0.275,2,8,M1783.000200-001 603.414-002 613.357A-001 613.453A-001 E11.160-001 F21.201-002,0.062,True
458,미술대학,조소과,3학년,인공지능 예술 실습 | 현대조각론 2 | 미디어 아트 | 미디어 기획 | 대학영어 2: 글쓰기 | 음악 속의 철학,GATE,6,26,21,20,2,True,exact,2,111.0,0.0,111.0,112.2,112.2,113.4,0.0,0.0,112.2,1.2,0.011,1.2,28.4,3.91,111.0,0.0,True,102.0,0.088,0.278,2,8,M1783.000200-001 603.414-002 613.357A-001 613.453A-001 E11.160-001 F21.201-005,0.026,True
459,미술대학,조소과,4학년,다차원 미디어 스튜디오 2 | 작가와 전시 | 조소 졸업작품 발표 | 조소 졸업작품 연구 | 초급중국어 1,919A,5,18,14,14,6,True,exact,6,105.4,0.0,105.4,112.0,111.6,116.6,0.333,16.8,145.6,6.6,0.059,40.2,30.2,3.487,105.4,0.0,True,88.2,0.194,0.337,6,11,613.452-001 M1767.002500-001 M1767.003300-001 M1767.003100-001 F25.101-012,0.065,True
459,미술대학,조소과,4학년,다차원 미디어 스튜디오 2 | 작가와 전시 | 조소 졸업작품 발표 | 조소 졸업작품 연구 | 초급중국어 1,GATE,5,18,14,14,6,True,exact,6,97.2,0.0,97.2,103.4,103.4,108.8,0.333,16.8,137.0,6.2,0.06,39.8,26.1,3.723,97.2,0.0,True,90.1,0.079,0.311,6,11,613.452-001 M1767.002500-001 M1767.003300-001 M1767.003100-001 F25.101-010,0.063,True
460,인문대학,언어학과,4학년,응용음성학 | 언어학연습 2 | 인문데이터과학연습 | 화용론 | 컴퓨팅 기초: 처음 만나는 컴퓨팅,919A,5,23,19,8,12,True,exact,12,99.7,0.0,99.7,130.9,141.3,141.3,0.0,0.0,130.9,31.2,0.238,31.2,34.1,2.926,99.7,0.0,True,87.7,0.137,0.152,5,10,108.415-001 108.418-001 M2911.000300-001 108.420-001 F37.101-001,0.028,True
460,인문대학,언어학과,4학년,응용음성학 | 언어학연습 2 | 인문데이터과학연습 | 화용론 | 컴퓨팅 기초: 처음 만나는 컴퓨팅,GATE,5,23,19,8,12,True,exact,12,103.3,0.0,103.3,137.2,148.5,148.5,0.0,0.0,137.2,33.8,0.247,33.8,35.9,2.877,103.3,0.0,True,98.0,0.054,0.177,5,10,108.415-001 108.418-001 M2911.000300-001 108.420-001 F37.101-001,0.018,True
461,사회과학대학,정치외교학부,1학년,국제정치학개론 | 정치학원론 | 그리스.로마신화 | 화학실험 | 스페인어권명작의 이해,919A,5,18,14,11,6,True,exact,6,132.5,0.0,132.5,141.6,134.3,157.9,0.0,0.0,141.6,9.0,0.064,9.0,47.9,2.766,132.5,0.0,True,115.0,0.152,0.289,4,9,200.104-001 200.103-001 C10.103-001 C10.134-001 F34.103L-023,0.024,True
461,사회과학대학,정치외교학부,1학년,국제정치학개론 | 정치학원론 | 그리스.로마신화 | 화학실험 | 스페인어권명작의 이해,GATE,5,18,14,11,6,True,exact,6,116.9,0.0,116.9,122.5,119.7,131.1,0.0,0.0,122.5,5.7,0.046,5.7,40.8,2.867,116.9,0.0,True,110.8,0.054,0.169,4,9,200.104-001 200.103-001 C10.103-001 C10.134-001 F34.103L-016,0.018,True
462,생활과학대학,의류학과,3학년,패션소비자분석 | 의류소재관리 및 실험 | 테크니컬 디자인 | 3D 패턴 CAD 및 가상착의 1 | 대학 글쓰기 1 | 물리학실험 2,919A,6,127,3626,696,699,True,exact,699,143.5,0.0,143.5,163.2,165.7,200.4,0.279,1.2,165.5,19.7,0.121,22.0,38.8,3.704,143.5,0.0,True,123.3,0.164,3.284,49,58,353.337-001 353.328-001 353.435-001 M1461.003500-001 F33.107L-005 F11.101-054,0.484,True
462,생활과학대학,의류학과,3학년,패션소비자분석 | 의류소재관리 및 실험 | 테크니컬 디자인 | 3D 패턴 CAD 및 가상착의 1 | 대학 글쓰기 1 | 물리학실험 2,GATE,6,127,3626,696,699,True,exact,699,97.2,0.0,97.2,122.8,120.3,158.2,0.279,1.2,125.1,25.6,0.209,27.9,28.7,3.39,98.4,1.23,False,91.9,0.058,3.009,24,33,353.337-001 353.328-001 353.435-001 M1461.003500-001 F33.107L-042 F11.101-024,0.48,True
463,인문대학,언어학과,2학년,통사론 | 역사비교언어학 | 음운론 | 인문데이터 수량분석 | 동양철학의 이해,919A,5,7,3,3,2,True,exact,2,82.9,0.0,82.9,83.1,83.1,83.2,0.0,0.0,83.1,0.2,0.002,0.2,19.7,4.218,83.2,0.3,False,69.3,0.196,0.1,2,7,108.315-001 108.312-001 108.208-001 M2911.000200-001 C20.113-002,0.016,True
463,인문대학,언어학과,2학년,통사론 | 역사비교언어학 | 음운론 | 인문데이터 수량분석 | 동양철학의 이해,GATE,5,7,3,3,2,True,exact,2,131.9,0.0,131.9,134.7,134.7,137.6,0.0,0.0,134.7,2.8,0.021,2.8,28.9,4.556,131.9,0.0,True,122.2,0.079,0.089,2,7,108.315-001 108.312-001 108.208-001 M2911.000200-001 C20.113-001,0.01,True
464,사범대학,교육학과,2학년,교육사 | 후기근대적 인간관과 교육 | 사상과 윤리 | 베리타스 강좌 1: 전쟁과 평화 | 공연예술의 이해 | 대학영어 1,919A,6,65,660,648,30,True,exact,30,111.2,0.0,111.2,140.8,141.2,176.3,0.0,0.0,140.8,29.6,0.21,29.6,24.0,4.628,111.2,0.0,True,96.5,0.153,1.169,5,13,701.411A-001 M1831.005300-001 V10.127-001 C20.117-001 C10.102-004 F21.101-026,0.129,True
464,사범대학,교육학과,2학년,교육사 | 후기근대적 인간관과 교육 | 사상과 윤리 | 베리타스 강좌 1: 전쟁과 평화 | 공연예술의 이해 | 대학영어 1,GATE,6,65,660,648,30,True,exact,30,148.8,0.0,148.8,174.9,176.0,202.9,0.0,0.0,174.9,26.0,0.149,26.0,31.6,4.71,148.8,0.0,True,139.0,0.071,1.105,7,15,701.411A-001 M1831.005300-001 V10.127-001 C20.117-001 C10.102-004 F21.101-001,0.112,True
465,의과대학,의예과,2학년,몸 속으로의 여행: 인체와 수술 | 컴퓨팅 기초: 처음 만나는 컴퓨팅 | 중국인의 언어와 문화 | 생물학실험 | 현대음악의 이해 | AI와 인간의 경계 탐구,919A,6,46,437,96,73,True,exact,73,132.6,0.0,132.6,163.7,162.0,184.9,0.425,0.6,165.0,31.1,0.19,32.4,43.3,3.062,132.6,0.0,True,115.5,0.148,0.568,11,19,M2605.001300-001 C10.154-001 E11.189-001 E11.217-001 F37.101-006 F35.103L-022,0.075,True
465,의과대학,의예과,2학년,몸 속으로의 여행: 인체와 수술 | 컴퓨팅 기초: 처음 만나는 컴퓨팅 | 중국인의 언어와 문화 | 생물학실험 | 현대음악의 이해 | AI와 인간의 경계 탐구,GATE,6,46,437,96,73,True,exact,73,116.3,0.0,116.3,144.4,140.2,162.8,0.425,0.6,145.7,28.1,0.195,29.4,35.2,3.306,116.3,0.0,True,110.3,0.054,0.516,11,19,M2605.001300-001 C10.154-001 E11.189-001 E11.217-001 F37.101-006 F35.103L-022,0.065,True
466,자연과학대학,화학부,3학년,유기재료화학: 설계 및 응용 | 대사생화학 | 재료화학 1: 합성 및 특성 | 화학과 AI | 논리학,919A,5,9,5,5,4,True,exact,4,163.1,0.0,163.1,172.9,163.3,202.1,0.0,0.0,172.9,9.9,0.057,9.9,41.4,3.942,163.1,0.04,True,146.4,0.114,0.181,4,9,M1409.002600-001 3343.311-001 M1409.002700-001 M1409.002000-001 C20.106-005,0.03,True
466,자연과학대학,화학부,3학년,유기재료화학: 설계 및 응용 | 대사생화학 | 재료화학 1: 합성 및 특성 | 화학과 AI | 논리학,GATE,5,9,5,5,4,True,exact,4,133.8,0.0,133.8,147.2,149.0,157.0,0.0,0.0,147.2,13.4,0.091,13.4,37.5,3.572,133.8,0.0,True,129.2,0.036,0.163,4,9,M1409.002600-001 3343.311-001 M1409.002700-001 M1409.002000-001 C20.106-004,0.021,True
467,사범대학,지리교육과,4학년,정치지리학개론 | 사회지리교육론 | 교통지리교육론 | 베리타스 강좌 1: 전쟁과 평화 | 베리타스 강좌 1: 인간과 동물 | 초급스페인어 1,919A,6,21,16,16,4,True,exact,4,105.6,0.0,105.6,111.7,107.2,126.9,0.5,26.0,163.7,6.1,0.055,58.1,33.0,3.2,105.6,0.0,True,90.8,0.163,0.517,4,10,713.416-001 713.434-001 713.435-001 V10.127-001 V10.104-001 F24.101-005,0.058,True
467,사범대학,지리교육과,4학년,정치지리학개론 | 사회지리교육론 | 교통지리교육론 | 베리타스 강좌 1: 전쟁과 평화 | 베리타스 강좌 1: 인간과 동물 | 초급스페인어 1,GATE,6,21,16,16,4,True,exact,4,137.4,0.0,137.4,142.8,136.7,161.8,0.5,26.0,194.7,5.4,0.038,57.3,31.9,4.3,137.4,0.0,True,128.6,0.068,0.44,4,10,713.416-001 713.434-001 713.435-001 V10.127-001 V10.104-001 F24.101-005,0.044,True
468,공과대학,컴퓨터공학부,4학년,자연언어처리 개론 | 컴퓨터 신기술 특강 | 현대암호학 개론 | 멀티코어 컴퓨팅 | 수학 2,919A,5,30,26,14,8,True,exact,8,327.3,4.3,335.9,329.3,328.6,335.6,1.0,7.3,343.9,2.0,0.006,7.9,63.4,5.161,327.3,0.0,True,288.1,0.136,0.193,3,8,M1522.006800-001 M1522.001200-001 M1522.007000-001 4190.414A-001 F31.105-003,0.033,True
468,공과대학,컴퓨터공학부,4학년,자연언어처리 개론 | 컴퓨터 신기술 특강 | 현대암호학 개론 | 멀티코어 컴퓨팅 | 수학 2,GATE,5,30,26,14,8,True,exact,8,372.8,4.3,381.4,374.8,374.0,381.1,1.0,7.3,389.3,2.0,0.005,7.9,59.9,6.226,372.8,0.0,True,329.3,0.132,0.205,3,8,M1522.006800-001 M1522.001200-001 M1522.007000-001 4190.414A-001 F31.105-003,0.019,True
469,사범대학,융합학습과학전공,2학년,학습자 역량 평가 | 학습분석과 학습설계 | 다양한 학습자 이해와 맞춤형 학습 | 학습과 동기 | 컴퓨팅 기초: 처음 만나는 컴퓨팅 | 종교와 영화,919A,6,24,19,8,4,True,exact,4,124.0,0.0,124.0,124.9,124.0,127.7,0.0,0.0,124.9,0.9,0.007,0.9,43.0,2.885,124.0,0.0,True,108.1,0.147,0.308,2,8,M3762.001200-001 M3762.001300-001 M3762.001000-001 M3762.000900-001 E11.172-001 F37.101-005,0.055,True
469,사범대학,융합학습과학전공,2학년,학습자 역량 평가 | 학습분석과 학습설계 | 다양한 학습자 이해와 맞춤형 학습 | 학습과 동기 | 컴퓨팅 기초: 처음 만나는 컴퓨팅 | 종교와 영화,GATE,6,24,19,8,4,True,exact,4,132.1,0.0,132.1,136.7,132.1,150.5,0.0,0.0,136.7,4.6,0.034,4.6,38.5,3.431,132.1,0.0,True,124.0,0.065,0.13,2,8,M3762.001200-001 M3762.001300-001 M3762.001000-001 M3762.000900-001 E11.172-001 F37.101-005,0.02,True
470,인문대학,영어영문학과,1학년,영어학입문 | 영문학입문 | 철학으로 예술 보기 | 대학 글쓰기 1 | 인간관계의 심리학,919A,5,82,592,464,203,True,exact,203,77.0,0.0,77.0,104.5,103.5,135.4,0.0,0.0,104.5,27.5,0.263,27.5,24.8,3.103,77.0,0.0,True,65.9,0.168,3.111,42,49,100.109-001 M1236.000600-001 C20.142-001 E11.163-001 F11.101-019,0.467,True
470,인문대학,영어영문학과,1학년,영어학입문 | 영문학입문 | 철학으로 예술 보기 | 대학 글쓰기 1 | 인간관계의 심리학,GATE,5,82,592,464,203,True,exact,203,86.1,0.0,86.1,120.6,117.8,167.8,0.0,0.0,120.6,34.5,0.286,34.5,21.4,4.032,86.1,0.0,True,81.4,0.059,2.786,45,52,100.109-001 M1236.000600-001 C20.142-001 E11.163-003 F11.101-054,0.687,True
471,사범대학,물리교육과,3학년,물리교재연구및지도법 | 양자물리 및 교육 1 | 물리교육실험 | 생물학 | 생물학실험 2 | 인공지능과 철학,919A,6,19,90,60,44,True,exact,44,118.6,0.0,118.6,147.6,152.9,169.0,0.0,0.0,147.6,29.0,0.197,29.0,31.2,3.796,118.6,0.0,True,104.6,0.133,0.784,13,25,717.414-001 717.319A-001 717.327A-001 C40.126-001 F35.103-003 F35.105L-003,0.136,True
471,사범대학,물리교육과,3학년,물리교재연구및지도법 | 양자물리 및 교육 1 | 물리교육실험 | 생물학 | 생물학실험 2 | 인공지능과 철학,GATE,6,19,90,60,44,True,exact,44,153.7,0.0,153.7,180.5,186.0,196.8,0.0,0.0,180.5,26.7,0.148,26.7,33.6,4.578,153.7,0.0,True,141.5,0.087,0.666,15,25,717.414-001 717.319A-001 717.327A-001 C40.126-001 F35.103-003 F35.105L-001,0.103,True
472,인문대학,독어독문학과,1학년,독일어권의 문학과 예술 | 독어학이란 무엇인가 | 생물학 | 대학 글쓰기 1 | 법과 가치 | 대학영어 1,919A,6,137,20350,15660,4245,True,exact,4245,114.6,0.0,114.6,153.9,153.6,191.1,0.0,0.0,153.9,39.3,0.255,39.3,24.6,4.652,114.6,0.0,True,100.4,0.141,22.348,341,370,100.120A-001 M1241.000700-001 C20.116-001 F35.103-003 F21.101-017 F11.101-019,4.253,True
472,인문대학,독어독문학과,1학년,독일어권의 문학과 예술 | 독어학이란 무엇인가 | 생물학 | 대학 글쓰기 1 | 법과 가치 | 대학영어 1,GATE,6,137,20350,15660,4245,True,exact,4245,136.6,0.0,136.6,178.2,177.8,216.4,0.0,0.0,178.2,41.6,0.233,41.6,26.1,5.235,136.6,0.0,True,128.3,0.065,17.695,163,187,100.120A-001 M1241.000700-001 C20.116-001 F35.103-003 F21.101-017 F11.101-049,2.917,True
473,공과대학,항공우주공학과,4학년,비행동역학및제어 | 전산유체역학 기초 | 수학연습 2 | 대학 글쓰기 1 | 초급중국어 2 | 알타이민족의 언어,919A,6,127,16650,4930,5886,True,exact,5886,176.0,21.4,218.9,218.6,214.7,248.4,1.0,22.4,263.3,42.6,0.195,44.4,48.6,3.624,176.0,0.0,True,152.1,0.157,9.849,157,172,M2795.004500-001 M2795.003500-001 C10.137-001 F25.102-002 F31.105L-004 F11.101-066,1.959,True
473,공과대학,항공우주공학과,4학년,비행동역학및제어 | 전산유체역학 기초 | 수학연습 2 | 대학 글쓰기 1 | 초급중국어 2 | 알타이민족의 언어,GATE,6,127,16650,4930,5886,True,exact,5886,199.3,21.4,242.2,242.1,241.0,272.0,1.0,22.4,286.8,42.8,0.177,44.7,51.0,3.91,199.3,0.0,True,183.0,0.089,10.515,186,201,M2795.004500-001 M2795.003500-001 C10.137-001 F25.102-005 F31.105L-004 F11.101-056,1.74,True
474,공과대학,에너지자원공학과,2학년,에너지자원지구화학 | 에너지환경기술경영 | 에너지자원물리화학 2 | 에너지자원유체역학 | 화학실험 | 죽음의 과학적 이해,919A,6,21,16,13,5,True,exact,5,188.2,0.0,188.2,206.3,218.3,218.3,0.0,0.0,206.3,18.0,0.087,18.0,54.6,3.445,188.2,0.0,True,172.1,0.094,0.186,3,9,M1594.001600-001 465.202-001 M1594.003200-001 M1594.001500-001 E11.174-001 F34.103L-015,0.024,True
474,공과대학,에너지자원공학과,2학년,에너지자원지구화학 | 에너지환경기술경영 | 에너지자원물리화학 2 | 에너지자원유체역학 | 화학실험 | 죽음의 과학적 이해,GATE,6,21,16,13,5,True,exact,5,174.8,0.0,174.8,190.8,201.5,201.5,0.0,0.0,190.8,16.0,0.084,16.0,45.1,3.876,174.8,0.0,True,167.2,0.045,0.166,3,9,M1594.001600-001 465.202-001 M1594.003200-001 M1594.001500-001 E11.174-001 F34.103L-015,0.016,True
475,농업생명과학대학,식물생산과학부,2학년,산업인력개발 통계분석 및 실습 | 작물생리학 | 작물생태학 | 과수학 및 실험 | 대기과학 | 철학개론,919A,6,9,4,4,1,False,exact,1,128.8,0.0,128.8,128.8,128.8,128.8,0.0,0.0,128.8,0.0,0.0,0.0,37.1,3.469,128.8,0.0,True,116.4,0.107,0.175,1,7,M1671.000800-001 5171.205-001 5171.207-001 5172.203-001 F36.101-001 C20.141-003,0.024,True
475,농업생명과학대학,식물생산과학부,2학년,산업인력개발 통계분석 및 실습 | 작물생리학 | 작물생태학 | 과수학 및 실험 | 대기과학 | 철학개론,GATE,6,9,4,4,1,False,exact,1,111.7,0.0,111.7,111.7,111.7,111.7,0.0,0.0,111.7,0.0,0.0,0.0,31.8,3.514,111.7,0.0,True,108.4,0.031,0.162,1,7,M1671.000800-001 5171.205-001 5171.207-001 5172.203-001 F36.101-001 C20.141-003,0.016,True
476,약학대학,약학대학,3학년,약학실습 3 | 약물학 1 | 생약학(심화) | 예방약학 1 | 죽음의 과학적 이해,919A,5,5,1,1,1,False,exact,1,130.1,2.0,134.2,130.1,130.1,130.1,1.0,2.0,134.2,0.0,0.0,0.0,41.5,3.135,130.1,0.0,True,116.3,0.118,0.072,1,6,M2175.007100-001 M2175.006000-001 M2175.006500-001 M2175.006300-001 E11.174-001,0.011,True
476,약학대학,약학대학,3학년,약학실습 3 | 약물학 1 | 생약학(심화) | 예방약학 1 | 죽음의 과학적 이해,GATE,5,5,1,1,1,False,exact,1,144.3,2.0,148.4,144.3,144.3,144.3,1.0,2.0,148.4,0.0,0.0,0.0,36.3,3.974,144.3,0.0,True,132.4,0.09,0.067,1,6,M2175.007100-001 M2175.006000-001 M2175.006500-001 M2175.006300-001 E11.174-001,0.008,True
477,사범대학,불어교육과,2학년,프랑스어 어휘와 문법 | 프랑스어권 문화와 문학 | 프랑스어 발음 및 듣기 지도법 | 프랑스어 쓰기 지도법 | 불교철학의 이해 | 대학 글쓰기 1,919A,6,80,148,116,68,True,exact,68,92.7,0.0,92.7,122.7,122.0,150.2,0.0,0.0,122.7,30.0,0.244,30.0,24.3,3.813,92.9,0.14,False,81.5,0.138,1.502,15,21,M1851.001900-001 M1851.002600-001 M1851.002500-001 M1851.002700-001 E11.129-001 F11.101-065,0.168,True
477,사범대학,불어교육과,2학년,프랑스어 어휘와 문법 | 프랑스어권 문화와 문학 | 프랑스어 발음 및 듣기 지도법 | 프랑스어 쓰기 지도법 | 불교철학의 이해 | 대학 글쓰기 1,GATE,6,80,148,116,68,True,exact,68,151.2,0.0,151.2,179.1,182.0,220.4,0.0,0.0,179.1,27.8,0.155,27.8,31.1,4.861,151.2,0.0,True,141.4,0.07,1.272,19,25,M1851.001900-001 M1851.002600-001 M1851.002500-001 M1851.002700-001 E11.129-001 F11.101-064,0.15,True
478,농업생명과학대학,농경제사회학부,4학년,식품마케팅 및 정보경영사례연구 | 지역정보학연구 | 농식품산업정보분석론 | 물리학실험 2 | 세계음악 | 대학 글쓰기 1,919A,6,127,3626,696,1358,True,exact,1358,154.4,0.0,154.4,181.8,182.5,212.7,0.038,0.1,181.9,27.4,0.151,27.5,41.4,3.727,154.7,0.24,False,138.6,0.114,4.725,74,86,5202.414-002 5202.415-001 M1683.001000-002 E12.103-001 F33.107L-040 F11.101-025,0.695,True
478,농업생명과학대학,농경제사회학부,4학년,식품마케팅 및 정보경영사례연구 | 지역정보학연구 | 농식품산업정보분석론 | 물리학실험 2 | 세계음악 | 대학 글쓰기 1,GATE,6,127,3626,696,1358,True,exact,1358,120.7,0.0,120.7,142.1,141.8,171.8,0.038,0.1,142.2,21.4,0.151,21.5,32.8,3.685,120.7,0.0,True,117.2,0.029,3.775,21,33,5202.414-002 5202.415-001 M1683.001000-002 E12.103-001 F33.107L-030 F11.101-021,0.577,True
479,인문대학,고고미술사학과,4학년,미술사실습 | 한국의 회화 | 현대미술과 시각문화 | 고고학연습 | 수학 2,919A,5,30,26,14,6,True,exact,6,119.3,0.0,119.3,122.1,119.9,134.6,0.167,0.1,122.3,2.8,0.023,2.9,33.4,3.568,119.3,0.0,True,104.1,0.146,0.276,4,9,116.324-001 116.405A-001 116.435-001 116.414B-001 F31.105-006,0.03,True
479,인문대학,고고미술사학과,4학년,미술사실습 | 한국의 회화 | 현대미술과 시각문화 | 고고학연습 | 수학 2,GATE,5,30,26,14,6,True,exact,6,124.4,0.0,124.4,126.8,127.5,128.4,0.167,0.1,126.9,2.3,0.018,2.5,32.6,3.822,124.4,0.0,True,117.1,0.063,0.184,4,9,116.324-001 116.405A-001 116.435-001 116.414B-001 F31.105-006,0.02,True
480,사회과학대학,정치외교학부,1학년,정치학원론 | 국제정치학개론 | 소그룹 고전원전읽기 1 | 물리학실험 2 | 대학영어 2: 글쓰기,919A,5,88,16464,3840,7869,True,exact,7869,81.7,0.0,81.7,124.5,127.5,156.9,0.0,0.0,124.5,42.7,0.343,42.7,44.9,1.822,81.7,0.0,True,71.4,0.144,16.041,484,568,200.103-001 200.104-001 F33.107L-040 E52.103-010 F21.201-016,3.312,True
480,사회과학대학,정치외교학부,1학년,정치학원론 | 국제정치학개론 | 소그룹 고전원전읽기 1 | 물리학실험 2 | 대학영어 2: 글쓰기,GATE,5,88,16464,3840,7869,True,exact,7869,64.4,0.0,64.4,106.8,109.5,141.6,0.0,0.0,106.8,42.3,0.396,42.3,35.9,1.795,64.4,0.0,True,61.8,0.042,13.939,200,289,200.103-001 200.104-001 F33.107L-040 E52.103-010 F21.201-013,2.922,True
481,미술대학,디자인과,2학년,디자인사 | 디자인사진 | 타이포그래피디자인2 | 혼합재료모델링 | 컴퓨터의 개념 및 실습,919A,5,6,2,2,1,False,exact,1,157.3,0.0,157.3,157.3,157.3,157.3,0.0,0.0,157.3,0.0,0.0,0.0,46.1,3.414,157.3,0.0,True,136.6,0.152,0.14,1,6,600.220A-001 M1774.004200-001 M3389.001100-001 M3389.002700-001 F37.202-001,0.032,True
481,미술대학,디자인과,2학년,디자인사 | 디자인사진 | 타이포그래피디자인2 | 혼합재료모델링 | 컴퓨터의 개념 및 실습,GATE,5,6,2,2,1,False,exact,1,145.2,0.0,145.2,145.2,145.2,145.2,0.0,0.0,145.2,0.0,0.0,0.0,41.5,3.502,145.2,0.0,True,135.2,0.073,0.11,1,6,600.220A-001 M1774.004200-001 M3389.001100-001 M3389.002700-001 F37.202-001,0.015,True
482,미술대학,동양화과,1학년,평면조형1 | 동양화 기초 2 | 대학 글쓰기 1 | 수학 2 | 지구과학실험,919A,5,103,1924,812,432,True,exact,432,115.4,0.0,115.4,137.3,136.7,185.2,0.06,0.1,137.5,21.9,0.159,22.1,30.8,3.746,115.4,0.0,True,99.8,0.157,4.659,56,66,M2182.000900-001 M1765.000300-001 F36.102L-001 F31.105-023 F11.101-059,0.695,True
482,미술대학,동양화과,1학년,평면조형1 | 동양화 기초 2 | 대학 글쓰기 1 | 수학 2 | 지구과학실험,GATE,5,103,1924,812,432,True,exact,432,114.6,0.0,114.6,141.0,136.5,182.2,0.06,0.1,141.2,26.4,0.187,26.6,30.9,3.705,114.6,0.0,True,107.6,0.065,4.886,50,61,M2182.000900-001 M1765.000300-001 F36.102L-001 F31.105-023 F11.101-077,0.664,True
483,공과대학,기계공학부,1학년,고체역학 | 공학수학 3 | 인물로 본 한국사 | 물리의 기본 2 | 대학 글쓰기 2: 과학기술글쓰기 | 스페인어권 문화의 이해,919A,6,36,224,88,60,True,exact,60,186.5,0.0,186.5,249.9,252.2,288.8,0.783,7.9,265.7,63.4,0.254,79.2,46.7,3.995,186.5,0.0,True,167.2,0.116,0.819,14,25,M2794.001000-001 400.003-001 C20.132-003 F33.104-001 C10.133-001 F11.203-010,0.158,True
483,공과대학,기계공학부,1학년,고체역학 | 공학수학 3 | 인물로 본 한국사 | 물리의 기본 2 | 대학 글쓰기 2: 과학기술글쓰기 | 스페인어권 문화의 이해,GATE,6,36,224,88,60,True,exact,60,211.4,0.0,211.4,279.7,285.3,320.7,0.783,7.9,295.5,68.3,0.244,84.1,53.3,3.968,211.4,0.0,True,193.8,0.091,0.649,12,21,M2794.001000-001 400.003-001 C20.132-003 F33.104-001 C10.133-001 F11.203-020,0.089,True
484,사범대학,불어교육과,3학년,프랑스어 교수법 | 심화프랑스어회화 2 | 초급스페인어 1 | 프랑스어권 문화의 이해 | 대학 글쓰기 1,919A,5,94,2368,1856,1022,True,exact,1022,86.9,0.0,86.9,116.8,118.4,152.8,0.416,21.5,159.8,29.9,0.256,72.9,16.4,5.31,87.0,0.12,False,74.6,0.166,7.812,121,134,M1851.002400-001 M1851.002200-001 C10.157-004 F24.101-016 F11.101-070,1.298,True
484,사범대학,불어교육과,3학년,프랑스어 교수법 | 심화프랑스어회화 2 | 초급스페인어 1 | 프랑스어권 문화의 이해 | 대학 글쓰기 1,GATE,5,94,2368,1856,1022,True,exact,1022,140.8,0.0,140.8,168.4,171.2,208.3,0.416,21.5,211.4,27.6,0.164,70.6,20.4,6.895,140.8,0.0,True,130.7,0.078,8.024,156,169,M1851.002400-001 M1851.002200-001 C10.157-003 F24.101-014 F11.101-047,1.387,True
485,인문대학,노어노문학과,2학년,러시아 공연예술 연습 | 슬라브어의 과거와 현재 | 러시아 영화와 현대사회 | 러시아문학사1 | 대학 글쓰기 2: 과학기술글쓰기 | 중국인의 언어와 문화,919A,6,33,28,11,12,False,exact,12,127.7,0.0,127.7,127.7,127.7,127.7,0.0,0.0,127.7,0.0,0.0,0.0,21.9,5.832,127.7,0.0,True,112.2,0.137,0.231,5,11,M1242.003100-001 M1242.001300-001 M1242.000200-001 106.345-001 C10.154-001 F11.203-013,0.032,True
485,인문대학,노어노문학과,2학년,러시아 공연예술 연습 | 슬라브어의 과거와 현재 | 러시아 영화와 현대사회 | 러시아문학사1 | 대학 글쓰기 2: 과학기술글쓰기 | 중국인의 언어와 문화,GATE,6,33,28,11,12,True,exact,12,136.2,0.0,136.2,136.3,136.2,136.5,0.0,0.0,136.3,0.1,0.001,0.1,28.2,4.833,136.5,0.28,False,128.9,0.056,0.2,5,11,M1242.003100-001 M1242.001300-001 M1242.000200-001 106.345-001 C10.154-001 F11.203-006,0.043,True
486,생활과학대학,소비자아동학부,2학년,소비자정량분석론 | 건강가정론 | 소비자지역연계프로젝트 | 소비자와 정보 | 영상예술의 이해 | 글쓰기 세미나,919A,6,20,48,40,4,True,exact,4,155.3,0.0,155.3,161.2,162.0,165.5,0.5,0.0,161.2,5.9,0.037,6.0,28.7,5.416,155.3,0.0,True,132.5,0.172,0.319,4,11,M1471.000700-001 350.108-001 M1471.001900-001 M1471.001700-001 C10.142-002 E52.102-010,0.06,True
486,생활과학대학,소비자아동학부,2학년,소비자정량분석론 | 건강가정론 | 소비자지역연계프로젝트 | 소비자와 정보 | 영상예술의 이해 | 글쓰기 세미나,GATE,6,20,48,40,4,True,exact,4,110.1,0.0,110.1,120.7,117.3,137.9,0.5,0.0,120.7,10.6,0.088,10.6,23.9,4.606,110.1,0.0,True,101.9,0.081,0.369,4,11,M1471.000700-001 350.108-001 M1471.001900-001 M1471.001700-001 C10.142-003 E52.102-010,0.028,True
487,음악대학,작곡과,2학년,라이브 일렉트로닉 뮤직 2 | 인간관계의 심리학 | 대학 글쓰기 2: 과학기술글쓰기 | 초급프랑스어 1 | 소묘의 기초 | 대학 글쓰기 1,919A,6,117,74592,22968,4186,True,exact,4186,135.1,0.0,135.1,173.4,173.4,203.5,0.0,0.0,173.4,38.2,0.221,38.2,26.2,5.156,135.1,0.0,True,117.9,0.147,6.132,72,101,M2183.008600-001 E41.103-001 E11.163-001 F26.101-002 F11.203-004 F11.101-019,0.897,True
487,음악대학,작곡과,2학년,라이브 일렉트로닉 뮤직 2 | 인간관계의 심리학 | 대학 글쓰기 2: 과학기술글쓰기 | 초급프랑스어 1 | 소묘의 기초 | 대학 글쓰기 1,GATE,6,117,74592,22968,4186,True,exact,4186,138.4,0.0,138.4,175.2,179.1,210.1,0.0,0.0,175.2,36.8,0.21,36.8,24.0,5.768,138.7,0.35,False,129.5,0.069,7.734,73,106,M2183.008600-001 E41.103-001 E11.163-001 F26.101-004 F11.203-001 F11.101-053,1.229,True
488,자연과학대학,지구환경과학부,2학년,생물해양학 및 실험 | 탄소중립과 기후위기 | 기초유체역학 | 지질해양학 및 실험 | 대학영어 1,919A,5,59,55,54,17,True,exact,17,148.7,0.0,148.7,164.4,171.0,175.1,0.0,0.0,164.4,15.7,0.096,15.7,31.2,4.772,148.7,0.0,True,131.7,0.129,0.973,13,18,3345.315-001 M1411.006800-001 300.230-001 3345.417A-001 F21.101-024,0.104,True
488,자연과학대학,지구환경과학부,2학년,생물해양학 및 실험 | 탄소중립과 기후위기 | 기초유체역학 | 지질해양학 및 실험 | 대학영어 1,GATE,5,59,55,54,17,True,exact,17,126.1,0.0,126.1,141.5,147.4,152.7,0.0,0.0,141.5,15.4,0.109,15.4,28.8,4.374,126.1,0.0,True,120.6,0.046,0.81,13,18,3345.315-001 M1411.006800-001 300.230-001 3345.417A-001 F21.101-024,0.087,True
489,미술대학,조소과,2학년,작품연구 : 시간·조형 | 영상매체 기초실습 | 퍼포먼스: 몸과 사물 | 한국조각의 이해 | 동서문명의 만남과 실크로드 | 테마 중국사,919A,6,6,1,1,1,False,exact,1,125.2,0.0,125.2,125.2,125.2,125.2,0.0,0.0,125.2,0.0,0.0,0.0,30.7,4.076,125.2,0.0,True,105.7,0.185,0.104,1,7,603.428-001 613.202A-001 M1767.003000-001 M1767.002400-001 C20.108-001 C20.143-001,0.016,True
489,미술대학,조소과,2학년,작품연구 : 시간·조형 | 영상매체 기초실습 | 퍼포먼스: 몸과 사물 | 한국조각의 이해 | 동서문명의 만남과 실크로드 | 테마 중국사,GATE,6,6,1,1,1,False,exact,1,132.1,0.0,132.1,132.1,132.1,132.1,0.0,0.0,132.1,0.0,0.0,0.0,29.8,4.442,132.1,0.0,True,123.0,0.074,0.095,1,7,603.428-001 613.202A-001 M1767.003000-001 M1767.002400-001 C20.108-001 C20.143-001,0.011,True
490,사범대학,윤리교육과,4학년,시민교육론 연구 | 통일교육론 | 도덕·윤리 논리 및 논술 | 베리타스 강좌 1: 전쟁과 평화 | 통계학실험,919A,5,8,4,4,2,True,exact,2,109.5,0.0,109.5,117.8,117.8,126.1,0.0,0.0,117.8,8.3,0.07,8.3,35.1,3.118,109.5,0.0,True,96.1,0.14,0.106,2,7,M0000.009300-001 714.330-001 M1865.002200-001 V10.127-001 F32.102L-014,0.019,True
490,사범대학,윤리교육과,4학년,시민교육론 연구 | 통일교육론 | 도덕·윤리 논리 및 논술 | 베리타스 강좌 1: 전쟁과 평화 | 통계학실험,GATE,5,8,4,4,2,True,exact,2,141.7,0.0,141.7,153.4,153.4,165.1,0.0,0.0,153.4,11.7,0.076,11.7,39.6,3.574,141.7,0.0,True,132.9,0.066,0.104,2,7,M0000.009300-001 714.330-001 M1865.002200-001 V10.127-001 F32.102L-014,0.013,True
491,공과대학,건설환경도시공학부,3학년,원격탐사 | 지속가능교통체계 | 토양환경생태공학 | 철근콘크리트공학 2 | 말하기와 토론,919A,5,10,6,6,2,True,exact,2,102.8,0.0,102.8,106.8,106.8,110.8,0.0,0.0,106.8,4.0,0.037,4.0,32.0,3.216,102.8,0.0,True,91.6,0.122,0.14,2,7,457.402-001 457.316A-001 M1586.000100-001 M1586.004800-001 F12.102-005,0.014,True
491,공과대학,건설환경도시공학부,3학년,원격탐사 | 지속가능교통체계 | 토양환경생태공학 | 철근콘크리트공학 2 | 말하기와 토론,GATE,5,10,6,6,2,True,exact,2,136.1,0.0,136.1,141.0,141.0,145.9,0.0,0.0,141.0,4.9,0.035,4.9,38.1,3.571,136.1,0.0,True,127.1,0.071,0.101,2,7,457.402-001 457.316A-001 M1586.000100-001 M1586.004800-001 F12.102-006,0.01,True
492,인문대학,언어학과,3학년,언어데이터과학 | 실험언어학 | 사회언어학 | 인도유럽언어학 | 죽음의 과학적 이해,919A,5,5,1,1,1,False,exact,1,101.0,0.0,101.0,101.0,101.0,101.0,0.0,0.0,101.0,0.0,0.0,0.0,33.4,3.022,101.0,0.0,True,85.6,0.18,0.086,1,6,M1246.001400-001 M1246.000900-001 108.317-001 M1246.000600-001 E11.174-001,0.012,True
492,인문대학,언어학과,3학년,언어데이터과학 | 실험언어학 | 사회언어학 | 인도유럽언어학 | 죽음의 과학적 이해,GATE,5,5,1,1,1,False,exact,1,133.0,0.0,133.0,133.0,133.0,133.0,0.0,0.0,133.0,0.0,0.0,0.0,31.2,4.264,133.0,0.0,True,122.8,0.083,0.082,1,6,M1246.001400-001 M1246.000900-001 108.317-001 M1246.000600-001 E11.174-001,0.009,True
493,사범대학,불어교육과,2학년,프랑스어 쓰기 지도법 | 프랑스어권 문화와 문학 | 프랑스어 어휘와 문법 | 프랑스어 발음 및 듣기 지도법 | 대학 글쓰기 2: 과학기술글쓰기 | 초급중국어 1,919A,6,46,392,154,59,True,exact,59,109.5,0.0,109.5,137.4,140.6,154.2,0.136,6.9,151.1,27.9,0.203,41.6,22.1,4.961,109.5,0.0,True,93.4,0.172,1.111,14,24,M1851.002700-001 M1851.002600-001 M1851.001900-001 M1851.002500-001 F11.203-010 F25.101-012,0.167,True
493,사범대학,불어교육과,2학년,프랑스어 쓰기 지도법 | 프랑스어권 문화와 문학 | 프랑스어 어휘와 문법 | 프랑스어 발음 및 듣기 지도법 | 대학 글쓰기 2: 과학기술글쓰기 | 초급중국어 1,GATE,6,46,392,154,59,True,exact,59,161.6,0.0,161.6,188.3,191.4,207.0,0.136,6.9,202.1,26.7,0.142,40.5,30.8,5.243,161.6,0.0,True,151.1,0.07,1.093,14,24,M1851.002700-001 M1851.002600-001 M1851.001900-001 M1851.002500-001 F11.203-013 F25.101-009,0.183,True
494,공과대학,조선해양공학과,4학년,조선해양프로젝트 | 조선해양기계학습 | 조선해양 학사논문연구 2 | 선박해양운동조종론 | 수학 2 | 컴퓨팅 기초: 처음 만나는 컴퓨팅,919A,6,49,494,112,71,True,exact,71,175.9,0.0,175.9,193.2,190.9,221.2,0.0,0.0,193.2,17.3,0.09,17.3,42.4,4.151,176.4,0.56,False,159.4,0.104,0.624,11,19,M1513.001500-001 M1513.001600-001 M1513.002300-001 M1513.001400-001 F37.101-001 F31.105-025,0.083,True
494,공과대학,조선해양공학과,4학년,조선해양프로젝트 | 조선해양기계학습 | 조선해양 학사논문연구 2 | 선박해양운동조종론 | 수학 2 | 컴퓨팅 기초: 처음 만나는 컴퓨팅,GATE,6,49,494,112,71,True,exact,71,164.3,0.0,164.3,189.8,188.7,220.8,0.0,0.0,189.8,25.5,0.134,25.5,34.1,4.823,165.3,0.96,False,157.0,0.046,0.947,15,24,M1513.001500-001 M1513.001600-001 M1513.002300-001 M1513.001400-001 F37.101-001 F31.105-025,0.174,True
495,자연과학대학,지구환경과학부,2학년,대기복사에너지 | 대기환경 개론 | 지구환경 데이터과학 | 탄소중립과 기후위기 | 말하기와 토론 | 대학영어 1,919A,6,65,330,324,32,True,exact,32,160.3,0.0,160.3,206.9,222.2,227.2,0.0,0.0,206.9,46.6,0.225,46.6,31.3,5.127,160.3,0.0,True,143.1,0.12,1.902,31,39,M1411.005400-001 M1411.003500-001 M1411.003300-001 M1411.006800-001 F12.102-001 F21.101-006,0.282,True
495,자연과학대학,지구환경과학부,2학년,대기복사에너지 | 대기환경 개론 | 지구환경 데이터과학 | 탄소중립과 기후위기 | 말하기와 토론 | 대학영어 1,GATE,6,65,330,324,32,True,exact,32,142.0,0.0,142.0,183.5,190.7,205.7,0.0,0.0,183.5,41.5,0.226,41.5,29.6,4.802,142.0,0.0,True,135.4,0.048,1.626,15,23,M1411.005400-001 M1411.003500-001 M1411.003300-001 M1411.006800-001 F12.102-001 F21.101-006,0.18,True
496,첨단융합학부,첨단융합학부,4학년,메모리 및 인공지능소자 | 데이터과학 창의연구 | 서양미술의 이해 | 베리타스 강좌 1: 기후위기와 인류 | 중급스페인어 1,919A,5,6,2,2,2,True,exact,2,150.4,0.0,150.4,156.6,156.6,162.8,0.0,0.0,156.6,6.2,0.04,6.2,46.4,3.24,150.4,0.0,True,132.4,0.136,0.156,2,7,M3637.001600-001 M3635.000800-001 E11.138-001 V10.101-002 F24.201-001,0.031,True
496,첨단융합학부,첨단융합학부,4학년,메모리 및 인공지능소자 | 데이터과학 창의연구 | 서양미술의 이해 | 베리타스 강좌 1: 기후위기와 인류 | 중급스페인어 1,GATE,5,6,2,2,2,True,exact,2,150.4,0.0,150.4,165.7,165.7,180.9,0.0,0.0,165.7,15.3,0.092,15.3,41.4,3.63,150.4,0.0,True,139.1,0.081,0.122,2,7,M3637.001600-001 M3635.000800-001 E11.138-001 V10.101-002 F24.201-001,0.017,True
497,미술대학,서양화과,1학년,평면조형3 | 평면조형4 | 죽음의 과학적 이해 | 대학 글쓰기 2: 인문학글쓰기 | 한국문화와 불교,919A,5,24,20,15,10,True,exact,10,110.6,0.0,110.6,125.1,131.1,133.2,0.0,0.0,125.1,14.5,0.116,14.5,29.0,3.815,110.6,0.0,True,92.5,0.195,0.308,7,12,M2182.000700-001 M2182.000800-001 E11.174-001 C20.147-001 F11.201-020,0.068,True
497,미술대학,서양화과,1학년,평면조형3 | 평면조형4 | 죽음의 과학적 이해 | 대학 글쓰기 2: 인문학글쓰기 | 한국문화와 불교,GATE,5,24,20,15,10,True,exact,10,114.7,0.0,114.7,135.8,147.3,156.4,0.0,0.0,135.8,21.1,0.156,21.1,27.6,4.151,114.7,0.0,True,105.9,0.083,0.287,6,11,M2182.000700-001 M2182.000800-001 E11.174-001 C20.147-001 F11.201-001,0.034,True
498,사범대학,지리교육과,2학년,지리정보체계와 지리교육 | 기후환경론 | 지형학원론 | 도시지리학 | 대학 글쓰기 2: 과학기술글쓰기,919A,5,32,28,11,14,True,exact,14,88.4,0.0,88.4,102.2,105.6,105.6,0.0,0.0,102.2,13.8,0.135,13.8,17.5,5.043,88.4,0.0,True,79.5,0.112,0.203,6,11,713.432-001 713.214-001 713.211-001 713.303-001 F11.203-021,0.031,True
498,사범대학,지리교육과,2학년,지리정보체계와 지리교육 | 기후환경론 | 지형학원론 | 도시지리학 | 대학 글쓰기 2: 과학기술글쓰기,GATE,5,32,28,11,14,True,exact,14,126.4,0.0,126.4,149.9,155.0,155.0,0.0,0.0,149.9,23.4,0.156,23.4,31.0,4.073,126.4,0.0,True,118.7,0.065,0.295,6,11,713.432-001 713.214-001 713.211-001 713.303-001 F11.203-012,0.024,True
499,사범대학,화학교육과,3학년,화학교재연구 및 지도법 | 과학논리 및 논술 | 무기화학 2 | 물리화학실험 | 대학 글쓰기 2: 과학기술글쓰기,919A,5,33,56,22,32,True,exact,32,95.1,0.0,95.1,120.3,128.7,128.9,0.0,0.0,120.3,25.2,0.21,25.2,20.6,4.617,95.1,0.0,True,81.6,0.165,0.427,12,18,718.419-001 718.312-001 718.319-001 700.401A-002 F11.203-010,0.068,True
499,사범대학,화학교육과,3학년,화학교재연구 및 지도법 | 과학논리 및 논술 | 무기화학 2 | 물리화학실험 | 대학 글쓰기 2: 과학기술글쓰기,GATE,5,33,56,22,32,True,exact,32,161.4,0.0,161.4,181.6,190.6,192.5,0.0,0.0,181.6,20.1,0.111,20.1,32.8,4.923,161.4,0.0,True,150.8,0.071,0.76,12,18,718.419-001 718.312-001 718.319-001 700.401A-002 F11.203-013,0.06,True
500,사범대학,불어교육과,2학년,프랑스어 발음 및 듣기 지도법 | 프랑스문학개관 2 | 프랑스어 어휘와 문법 | 프랑스어권 문화와 문학 | 공학수학 1,919A,5,9,5,5,2,False,exact,2,111.7,0.0,111.7,111.7,111.7,111.7,0.0,0.0,111.7,0.0,0.0,0.0,33.0,3.389,111.7,0.0,True,99.5,0.122,0.107,2,7,M1851.002500-001 708.305A-001 M1851.001900-001 M1851.002600-001 F31.201-002,0.013,True
500,사범대학,불어교육과,2학년,프랑스어 발음 및 듣기 지도법 | 프랑스문학개관 2 | 프랑스어 어휘와 문법 | 프랑스어권 문화와 문학 | 공학수학 1,GATE,5,9,5,5,2,False,exact,2,155.9,0.0,155.9,155.9,155.9,155.9,0.0,0.0,155.9,0.0,0.0,0.0,41.9,3.723,155.9,0.0,True,146.3,0.066,0.134,2,7,M1851.002500-001 708.305A-001 M1851.001900-001 M1851.002600-001 F31.201-002,0.01,True
501,인문대학,국어국문학과,2학년,한국고전산문강독 | 한국현대소설론 | 한국영상문학론 | 동서양의 종교적 지혜 | 고급영어: 발표 | 한국음악의 이해,919A,6,10,8,8,3,True,exact,3,113.0,0.0,113.0,114.9,113.0,118.7,0.0,0.0,114.9,1.9,0.017,1.9,35.3,3.2,113.0,0.0,True,97.7,0.156,0.171,3,10,101.223-001 101.311A-001 101.428-001 E11.184-001 E11.116-002 F21.303-002,0.022,True
501,인문대학,국어국문학과,2학년,한국고전산문강독 | 한국현대소설론 | 한국영상문학론 | 동서양의 종교적 지혜 | 고급영어: 발표 | 한국음악의 이해,GATE,6,10,8,8,3,True,exact,3,104.1,0.0,104.1,104.2,104.2,104.2,0.0,0.0,104.2,0.1,0.001,0.1,30.3,3.437,104.1,0.0,True,97.6,0.067,0.154,3,10,101.223-001 101.311A-001 101.428-001 E11.184-001 E11.116-001 F21.303-002,0.017,True
502,사회과학대학,심리학과,3학년,상담심리학 | 인간공학의 심리학 | 언어심리학 및 실험 | 주식 심리학 | 물리학실험 2 | 대학 글쓰기 2: 인문학글쓰기,919A,6,73,980,180,142,True,exact,142,115.3,0.0,115.3,137.7,135.3,158.9,0.0,0.0,137.7,22.4,0.163,22.4,46.1,2.502,115.3,0.0,True,99.8,0.155,0.889,11,20,207.315-001 M1308.000900-001 207.313-001 M1308.002000-001 F33.107L-031 F11.201-008,0.104,True
502,사회과학대학,심리학과,3학년,상담심리학 | 인간공학의 심리학 | 언어심리학 및 실험 | 주식 심리학 | 물리학실험 2 | 대학 글쓰기 2: 인문학글쓰기,GATE,6,73,980,180,142,True,exact,142,98.7,0.0,98.7,117.7,115.0,143.1,0.0,0.0,117.7,19.0,0.161,19.0,33.2,2.976,98.7,0.0,True,93.2,0.059,1.267,19,32,207.315-001 M1308.000900-001 207.313-001 M1308.002000-001 F33.107L-031 F11.201-008,0.155,True
503,공과대학,기계공학부,3학년,열전달 | 기계공학실험 | 메카트로닉스 종합설계 | 기계공학을 위한 머신러닝 | 공학수학 2 | 민주주의와 시민의 역사,919A,6,12,16,6,6,True,exact,6,316.1,0.0,316.1,326.6,316.1,347.6,0.0,0.0,326.6,10.5,0.032,10.5,43.5,7.263,316.1,0.0,True,282.4,0.119,0.124,2,8,M2794.002600-001 M3228.003900-001 M3228.000800-001 E11.125-001 M2794.013200-002 F31.202-003,0.017,True
503,공과대학,기계공학부,3학년,열전달 | 기계공학실험 | 메카트로닉스 종합설계 | 기계공학을 위한 머신러닝 | 공학수학 2 | 민주주의와 시민의 역사,GATE,6,12,16,6,6,True,exact,6,373.0,0.0,373.0,383.5,373.0,404.4,0.0,0.0,383.5,10.5,0.027,10.5,47.1,7.915,373.0,0.0,True,334.0,0.117,0.136,2,8,M2794.002600-001 M3228.003900-001 M3228.000800-001 E11.125-001 M2794.013200-002 F31.202-003,0.012,True
504,인문대학,독어독문학과,3학년,독일어 데이터 처리 | 독일소설 | 독일어의 구조 | 독일지성 고전읽기 | 대학영어 1,919A,5,59,55,54,28,True,exact,28,122.3,0.0,122.3,124.5,125.5,125.5,0.0,0.0,124.5,2.2,0.017,2.2,21.2,5.779,122.3,0.0,True,103.8,0.178,45.045,27,32,M1241.000900-001 105.323A-001 105.331-001 M1241.000800-001 F21.101-001,0.146,True
504,인문대학,독어독문학과,3학년,독일어 데이터 처리 | 독일소설 | 독일어의 구조 | 독일지성 고전읽기 | 대학영어 1,GATE,5,59,55,54,28,True,exact,28,135.7,0.0,135.7,137.1,135.7,138.9,0.0,0.0,137.1,1.4,0.01,1.4,24.4,5.566,135.7,0.0,True,128.2,0.059,0.776,6,11,M1241.000900-001 105.323A-001 105.331-001 M1241.000800-001 F21.101-002,0.085,True
505,사회과학대학,지리학과,2학년,생태환경과 지리 | 컴퓨터 지도학 | 한국지리 | 논리학 | 독일어권 문화의 이해,919A,5,11,15,15,1,False,exact,1,116.3,0.0,116.3,116.3,116.3,116.3,0.0,0.0,116.3,0.0,0.0,0.0,30.5,3.816,116.3,0.0,True,98.0,0.187,0.221,1,7,M0.014400-001 208.231A-001 208.302-001 C30.109-002 C20.106-005,0.043,True
505,사회과학대학,지리학과,2학년,생태환경과 지리 | 컴퓨터 지도학 | 한국지리 | 논리학 | 독일어권 문화의 이해,GATE,5,11,15,15,1,False,exact,1,100.4,0.0,100.4,100.4,100.4,100.4,0.0,0.0,100.4,0.0,0.0,0.0,26.7,3.761,100.4,0.0,True,93.8,0.07,0.331,1,7,M0.014400-001 208.231A-001 208.302-001 C30.109-002 C20.106-005,0.02,True
506,인문대학,국어국문학과,1학년,한국어연구입문 | 한국문학연구입문 | 과학기술과 사회 | 대학영어 1 | 수학연습 2,919A,5,104,4950,1836,2619,True,exact,2619,112.1,0.0,112.1,155.5,160.4,177.6,0.002,0.0,155.5,43.4,0.279,43.4,29.0,3.86,112.1,0.0,True,96.4,0.162,4.295,83,91,100.100-001 100.102-001 E11.107-001 F31.105L-033 F21.101-028,1.039,True
506,인문대학,국어국문학과,1학년,한국어연구입문 | 한국문학연구입문 | 과학기술과 사회 | 대학영어 1 | 수학연습 2,GATE,5,104,4950,1836,2619,True,exact,2619,123.9,0.0,123.9,163.5,165.1,186.1,0.002,0.0,163.5,39.6,0.242,39.6,24.8,4.989,124.3,0.41,False,117.7,0.053,5.705,80,88,100.100-001 100.102-001 E11.107-001 F31.105L-033 F21.101-012,0.608,True
507,공과대학,재료공학부,2학년,현대재료물리화학 | 재료수치해석 | 재료현대물리 | 고급영어: 영화 | 수학 2 | 물리의 기본 2,919A,6,38,1040,560,136,True,exact,136,157.4,0.0,157.4,176.8,173.5,206.0,0.0,0.0,176.8,19.4,0.11,19.4,33.6,4.689,157.8,0.36,False,141.9,0.109,2.17,24,39,445.214-002 M1569.003300-002 445.202-001 F33.104-002 F21.306-005 F31.105-013,0.219,True
507,공과대학,재료공학부,2학년,현대재료물리화학 | 재료수치해석 | 재료현대물리 | 고급영어: 영화 | 수학 2 | 물리의 기본 2,GATE,6,38,1040,560,136,True,exact,136,150.5,0.0,150.5,168.3,167.3,182.9,0.0,0.0,168.3,17.9,0.106,17.9,30.3,4.961,150.9,0.46,False,143.5,0.049,2.671,25,44,445.214-002 M1569.003300-002 445.202-001 F33.104-002 F21.306-005 F31.105-016,0.27,True
508,인문대학,영어영문학과,4학년,포스트휴머니즘 시대의 영문학 | 글로벌 영문학 | 영어발달사 | 사상과 윤리 | 행복한 삶과 사회복지 | 창의적 사고와 표현,919A,6,11,12,12,2,True,exact,2,151.0,0.0,151.0,163.6,163.6,176.2,0.0,0.0,163.6,12.6,0.077,12.6,32.5,4.64,151.0,0.0,True,134.6,0.121,0.592,2,8,M1236.006100-001 M1236.006000-001 103.320-001 C30.139-001 C20.117-003 F12.103-002,0.055,True
508,인문대학,영어영문학과,4학년,포스트휴머니즘 시대의 영문학 | 글로벌 영문학 | 영어발달사 | 사상과 윤리 | 행복한 삶과 사회복지 | 창의적 사고와 표현,GATE,6,11,12,12,2,True,exact,2,170.4,0.0,170.4,182.4,182.4,194.4,0.0,0.0,182.4,12.0,0.066,12.0,31.0,5.495,170.4,0.0,True,160.6,0.061,0.515,2,8,M1236.006100-001 M1236.006000-001 103.320-001 C30.139-001 C20.117-003 F12.103-002,0.037,True
509,혁신공유학부,혁신공유학부,2학년,(공유)신에너지공학개론 | (공유)중급 프로젝트 | (공유)빅데이터 윤리 | (공유)작물정보계측 | 한국 문학의 깊이와 상상력 | 대학 글쓰기 2: 과학기술글쓰기,919A,6,34,56,22,9,True,exact,9,236.2,0.0,236.2,247.3,242.1,268.8,0.0,0.0,247.3,11.2,0.045,11.2,64.6,3.653,236.2,0.0,True,211.1,0.119,0.453,4,10,M3500.002300-001 M3502.001500-002 M3502.011800-001 C10.158-001 M3500.003400-002 F11.203-020,0.072,True
509,혁신공유학부,혁신공유학부,2학년,(공유)신에너지공학개론 | (공유)중급 프로젝트 | (공유)빅데이터 윤리 | (공유)작물정보계측 | 한국 문학의 깊이와 상상력 | 대학 글쓰기 2: 과학기술글쓰기,GATE,6,34,56,22,9,True,exact,9,207.8,0.0,207.8,219.3,210.2,252.0,0.0,0.0,219.3,11.5,0.052,11.5,57.3,3.625,207.8,0.0,True,193.9,0.071,0.664,4,10,M3500.002300-001 M3502.001500-002 M3502.011800-001 C10.158-001 M3500.003400-002 F11.203-020,0.03,True
510,농업생명과학대학,식물생산과학부,4학년,원예생명공학 학사논문연구2 | 원예생명공학연습 | 조경식물학 및 실습 | 산업인력개발학 학사논문연구 | 화학실험,919A,5,20,16,13,14,True,exact,14,169.5,0.0,169.5,190.0,205.2,205.2,0.0,0.0,190.0,20.5,0.108,20.5,43.0,3.939,169.5,0.0,True,154.3,0.098,0.386,7,12,M2744.000600-001 5172.401A-001 5172.405A-001 M1671.001300-001 F34.103L-019,0.037,True
510,농업생명과학대학,식물생산과학부,4학년,원예생명공학 학사논문연구2 | 원예생명공학연습 | 조경식물학 및 실습 | 산업인력개발학 학사논문연구 | 화학실험,GATE,5,20,16,13,14,True,exact,14,121.5,0.0,121.5,136.3,147.3,147.3,0.0,0.0,136.3,14.8,0.109,14.8,30.2,4.017,121.8,0.32,False,119.1,0.02,0.648,7,12,M2744.000600-001 5172.401A-001 5172.405A-001 M1671.001300-001 F34.103L-023,0.032,True
511,사범대학,국어교육과,2학년,국어문법교육론 | 한국현대시교육론 | 화법교육론 | 한국고전문학사교육론 | 대학 글쓰기 1,919A,5,78,74,58,29,True,exact,29,72.1,0.0,72.1,98.1,93.4,126.9,0.0,0.0,98.1,26.0,0.265,26.0,16.4,4.407,72.1,0.0,True,61.6,0.172,1.68,17,22,705.218B-001 705.414-001 705.326A-001 705.221-001 F11.101-070,0.126,True
511,사범대학,국어교육과,2학년,국어문법교육론 | 한국현대시교육론 | 화법교육론 | 한국고전문학사교육론 | 대학 글쓰기 1,GATE,5,78,74,58,29,True,exact,29,136.9,0.0,136.9,156.9,158.2,187.0,0.0,0.0,156.9,20.0,0.127,20.0,22.9,5.976,136.9,0.0,True,127.1,0.077,1.773,19,24,705.218B-001 705.414-001 705.326A-001 705.221-001 F11.101-051,0.112,True
512,자연과학대학,생명과학부,3학년,생화학 1: 생체분자의 구조와 기능 | 과학커뮤니케이션 | 분자생물학 | 식물생리학 | 한국문화와 불교 | 화학실험,919A,6,22,32,26,10,True,exact,10,163.7,3.1,169.9,175.7,165.7,199.7,1.0,3.1,181.8,12.0,0.068,12.0,44.2,3.708,163.7,0.0,True,147.1,0.113,0.452,7,13,M2888.000400-001 300.319-001 3346.320-001 C20.147-001 M2173.004600-002 F34.103L-021,0.037,True
512,자연과학대학,생명과학부,3학년,생화학 1: 생체분자의 구조와 기능 | 과학커뮤니케이션 | 분자생물학 | 식물생리학 | 한국문화와 불교 | 화학실험,GATE,6,22,32,26,10,True,exact,10,153.0,3.1,159.1,161.6,153.0,181.8,1.0,3.1,167.7,8.7,0.054,8.7,41.6,3.673,153.0,0.01,True,146.5,0.044,0.476,7,13,M2888.000400-001 300.319-001 3346.320-001 C20.147-001 M2173.004600-002 F34.103L-021,0.031,True
513,사범대학,불어교육과,3학년,프랑스어 교수법 | 심화프랑스어회화 2 | 대기과학 | 통계학 | 화학실험 2,919A,5,10,12,12,8,True,exact,8,143.3,0.0,143.3,156.3,150.8,195.0,0.0,0.0,156.3,12.9,0.083,12.9,40.6,3.532,143.3,0.0,True,127.8,0.122,0.563,7,14,M1851.002400-001 M1851.002200-001 F36.101-001 F32.102-009 F34.105L-006,0.039,True
513,사범대학,불어교육과,3학년,프랑스어 교수법 | 심화프랑스어회화 2 | 대기과학 | 통계학 | 화학실험 2,GATE,5,10,12,12,8,True,exact,8,168.2,0.0,168.2,187.1,180.6,204.1,0.0,0.0,187.1,18.8,0.101,18.8,39.4,4.271,168.2,0.0,True,158.6,0.061,0.407,7,14,M1851.002400-001 M1851.002200-001 F36.101-001 F32.102-012 F34.105L-001,0.034,True
514,사회과학대학,정치외교학부,1학년,국제정치학개론 | 정치학원론 | 생물학실험 | 대학 글쓰기 1 | 동서양 명작 읽기 | 물리학실험 2,919A,6,150,166796,16704,18581,True,exact,18581,119.5,0.0,119.5,160.2,160.6,193.6,0.008,0.0,160.2,40.8,0.254,40.8,38.4,3.11,119.5,0.0,True,103.0,0.16,9.222,148,168,200.104-001 200.103-001 C10.110-001 F35.103L-004 F33.107L-040 F11.101-019,1.335,True
514,사회과학대학,정치외교학부,1학년,국제정치학개론 | 정치학원론 | 생물학실험 | 대학 글쓰기 1 | 동서양 명작 읽기 | 물리학실험 2,GATE,6,150,166796,16704,18581,True,exact,18581,108.7,0.0,108.7,144.9,145.3,183.8,0.008,0.0,144.9,36.1,0.249,36.1,30.1,3.608,108.7,0.0,True,103.9,0.047,6.468,77,94,200.104-001 200.103-001 C10.110-001 F35.103L-002 F33.107L-013 F11.101-054,0.925,True
515,수의과대학,수의과대학,3학년,수의치과학 | 소동물외과학 2 | 소동물내과학 2 | 대동물외과학 | 베리타스 강좌 1: 불과 문명,919A,5,5,1,1,1,False,exact,1,167.2,0.0,167.2,167.2,167.2,167.2,0.0,0.0,167.2,0.0,0.0,0.0,48.0,3.486,167.2,0.0,True,151.1,0.106,0.107,1,6,M1744.008200-001 M1744.007700-001 M1744.007800-001 M1744.008600-001 V10.107-001,0.012,True
515,수의과대학,수의과대학,3학년,수의치과학 | 소동물외과학 2 | 소동물내과학 2 | 대동물외과학 | 베리타스 강좌 1: 불과 문명,GATE,5,5,1,1,1,False,exact,1,102.9,0.0,102.9,102.9,102.9,102.9,0.0,0.0,102.9,0.0,0.0,0.0,39.6,2.597,102.9,0.0,True,95.9,0.073,0.063,1,6,M1744.008200-001 M1744.007700-001 M1744.007800-001 M1744.008600-001 V10.107-001,0.007,True
516,공과대학,조선해양공학과,3학년,선박해양구조역학 | 조선해양창의실험 | 해양파역학 | 친환경 선박해양 공정시스템 설계 | 초급한문 1 | 대중예술의 이해,919A,6,18,33,30,12,True,exact,12,156.8,0.0,156.8,201.4,206.6,223.4,0.5,0.4,202.3,44.6,0.222,45.5,28.8,5.441,156.8,0.0,True,142.9,0.097,0.388,6,12,M1513.001200-001 414.319-001 414.343-001 M1513.002000-001 C10.106-003 F28.101-008,0.052,True
516,공과대학,조선해양공학과,3학년,선박해양구조역학 | 조선해양창의실험 | 해양파역학 | 친환경 선박해양 공정시스템 설계 | 초급한문 1 | 대중예술의 이해,GATE,6,18,33,30,12,True,exact,12,178.0,0.0,178.0,210.3,213.7,236.6,0.5,0.4,211.1,32.3,0.153,33.1,29.0,6.144,178.0,0.0,True,168.6,0.056,0.521,6,12,M1513.001200-001 414.319-001 414.343-001 M1513.002000-001 C10.106-003 F28.101-008,0.102,True
517,공과대학,전기·정보공학부,2학년,논리설계 및 실험 | 전기시스템선형대수 | 프로그래밍방법론 | 기초전자기학 및 연습 | 미디어와 현대사회,919A,5,11,36,36,16,True,exact,16,315.3,0.0,315.3,356.6,356.6,397.8,0.625,20.7,397.9,41.3,0.116,82.6,67.6,4.665,315.3,0.0,True,280.8,0.123,0.605,10,20,430.211-001 430.216-002 C30.113-002 430.201A-001 430.202B-002,0.085,True
517,공과대학,전기·정보공학부,2학년,논리설계 및 실험 | 전기시스템선형대수 | 프로그래밍방법론 | 기초전자기학 및 연습 | 미디어와 현대사회,GATE,5,11,36,36,16,True,exact,16,346.1,0.0,346.1,400.4,400.4,454.7,0.625,20.7,441.8,54.3,0.136,95.7,64.0,5.403,346.1,0.0,True,312.8,0.106,0.733,10,20,430.211-001 430.216-002 C30.113-002 430.201A-001 430.202B-002,0.077,True
518,치의학대학원,치의학과,2학년,치의학 사회공헌 프로젝트 | 기초의학통계학 및 실험 | 생물학실험 | 물리의 기본 2 | 기독교와 서양문명,919A,5,28,46,24,6,False,exact,6,153.6,0.0,153.6,153.6,153.6,153.6,0.0,0.0,153.6,0.0,0.0,0.0,63.1,2.435,153.6,0.0,True,137.1,0.12,0.18,4,9,M2839.001100-001 883.016-002 C10.105-001 F33.104-002 F35.103L-001,0.024,True
518,치의학대학원,치의학과,2학년,치의학 사회공헌 프로젝트 | 기초의학통계학 및 실험 | 생물학실험 | 물리의 기본 2 | 기독교와 서양문명,GATE,5,28,46,24,6,False,exact,6,124.0,0.0,124.0,124.0,124.0,124.0,0.0,0.0,124.0,0.0,0.0,0.0,46.7,2.658,124.0,0.0,True,116.7,0.063,0.168,4,9,M2839.001100-001 883.016-002 C10.105-001 F33.104-002 F35.103L-020,0.017,True
519,인문대학,국어국문학과,4학년,세계 속의 한국문학 | 한국어의미론 | 한국학으로서의 한국문학 | 고전문헌번역연습 1 | 영미 대중소설의 이해 | 진화와 인간사회,919A,6,7,2,2,2,True,exact,2,119.8,0.0,119.8,122.4,122.4,124.9,0.0,0.0,122.4,2.5,0.021,2.5,32.4,3.703,119.8,0.0,True,102.8,0.165,0.136,2,8,M1232.000200-001 101.404A-001 M1232.002100-001 M2910.000400-001 E11.176-001 C10.140-002,0.02,True
519,인문대학,국어국문학과,4학년,세계 속의 한국문학 | 한국어의미론 | 한국학으로서의 한국문학 | 고전문헌번역연습 1 | 영미 대중소설의 이해 | 진화와 인간사회,GATE,6,7,2,2,2,True,exact,2,117.1,0.0,117.1,121.6,121.6,126.1,0.0,0.0,121.6,4.5,0.037,4.5,27.1,4.324,117.1,0.0,True,111.7,0.049,0.132,2,8,M1232.000200-001 101.404A-001 M1232.002100-001 M2910.000400-001 E11.176-001 C10.140-001,0.016,True
520,공과대학,산업공학과,3학년,인간공학 | 기술경영 | 경영과학 2 | 생산관리 | 수학 2 | 서양미술의 이해,919A,6,31,26,14,13,True,exact,13,202.8,0.0,202.8,223.1,223.3,229.1,0.077,0.1,223.2,20.3,0.091,20.4,50.1,4.047,202.8,0.0,True,184.3,0.1,0.314,7,13,406.304-001 406.319-001 406.317-001 406.310-001 E11.138-001 F31.105-025,0.043,True
520,공과대학,산업공학과,3학년,인간공학 | 기술경영 | 경영과학 2 | 생산관리 | 수학 2 | 서양미술의 이해,GATE,6,31,26,14,13,True,exact,13,195.0,0.0,195.0,225.4,226.4,232.2,0.077,0.1,225.5,30.4,0.135,30.5,42.3,4.61,195.0,0.0,True,185.6,0.051,0.326,7,13,406.304-001 406.319-001 406.317-001 406.310-001 E11.138-001 F31.105-025,0.036,True
521,사회과학대학,경제학부,2학년,경제사 | 경제수학 | 거시경제이론 | 미시경제이론 | 물리학실험 2 | 운동과 영양,919A,6,58,588,144,104,True,exact,104,115.6,0.0,115.6,150.8,149.9,173.4,0.0,0.0,150.8,35.2,0.233,35.2,51.2,2.258,115.6,0.0,True,101.7,0.137,0.725,18,30,212.203-001 E43.117-001 212.214-002 212.201-002 212.202-002 F33.107L-023,0.11,True
521,사회과학대학,경제학부,2학년,경제사 | 경제수학 | 거시경제이론 | 미시경제이론 | 물리학실험 2 | 운동과 영양,GATE,6,58,588,144,104,True,exact,104,71.8,0.0,71.8,94.3,94.5,110.3,0.0,0.0,94.3,22.4,0.238,22.4,33.1,2.167,71.8,0.0,True,68.4,0.051,0.726,18,30,212.203-001 E43.117-001 212.214-002 212.201-002 212.202-002 F33.107L-013,0.374,True
522,사범대학,생물교육과,4학년,다문화 교육과정과 교수법 | 환경과 교육 | 과학기술과 대중문화 | 생명과학을 위한 수학 2 | 컴퓨팅 핵심: 컴퓨터로 생각하기,919A,5,11,15,15,3,True,exact,3,156.7,0.0,156.7,176.3,174.8,197.3,0.0,0.0,176.3,19.6,0.111,19.6,37.5,4.177,156.7,0.0,True,137.8,0.138,0.205,3,9,M1878.000900-001 719.433-001 E11.106-001 F37.204-002 F31.112-002,0.124,True
522,사범대학,생물교육과,4학년,다문화 교육과정과 교수법 | 환경과 교육 | 과학기술과 대중문화 | 생명과학을 위한 수학 2 | 컴퓨팅 핵심: 컴퓨터로 생각하기,GATE,5,11,15,15,3,True,exact,3,164.4,0.0,164.4,173.1,168.0,186.9,0.0,0.0,173.1,8.7,0.05,8.7,36.2,4.543,164.4,0.0,True,154.3,0.065,0.187,3,9,M1878.000900-001 719.433-001 E11.106-001 F37.204-002 F31.112-002,0.027,True
523,사범대학,체육교육과,3학년,스포츠 미디어와 디지털 기술 | 스포츠 테크놀로지와 혁신 | 운동생리학 | 스포츠 조직행동 | 대학영어 1,919A,5,59,55,54,16,True,exact,16,176.8,0.0,176.8,189.5,193.0,197.8,0.0,0.0,189.5,12.7,0.067,12.7,41.6,4.247,176.8,0.0,True,157.0,0.126,0.612,11,16,M1886.003200-001 M1886.003700-001 722.301-001 M1886.002700-001 F21.101-002,0.078,True
523,사범대학,체육교육과,3학년,스포츠 미디어와 디지털 기술 | 스포츠 테크놀로지와 혁신 | 운동생리학 | 스포츠 조직행동 | 대학영어 1,GATE,5,59,55,54,16,True,exact,16,113.7,0.0,113.7,121.1,122.9,126.7,0.0,0.0,121.1,7.4,0.061,7.4,30.5,3.731,113.7,0.0,True,107.1,0.062,0.811,10,15,M1886.003200-001 M1886.003700-001 722.301-001 M1886.002700-001 F21.101-006,0.063,True
524,치의학대학원,치의학과,1학년,치의학 인간이해 프로젝트 | 인문학과 치의학리더십 | 컴퓨팅 기초: 처음 만나는 컴퓨팅 | 수학 2 | 매체로 보는 서양사,919A,5,48,494,112,289,True,exact,289,147.2,0.0,147.2,154.6,147.5,197.2,0.0,0.0,154.6,7.4,0.048,7.4,39.8,3.697,147.3,0.14,False,131.9,0.116,1.93,47,57,M2839.000900-001 M2043.000500-001 E11.118-001 F37.101-004 F31.105-025,0.302,True
524,치의학대학원,치의학과,1학년,치의학 인간이해 프로젝트 | 인문학과 치의학리더십 | 컴퓨팅 기초: 처음 만나는 컴퓨팅 | 수학 2 | 매체로 보는 서양사,GATE,5,48,494,112,289,True,exact,289,143.6,0.0,143.6,152.0,150.0,177.4,0.0,0.0,152.0,8.5,0.056,8.5,40.7,3.531,143.6,0.0,True,137.6,0.043,1.982,51,61,M2839.000900-001 M2043.000500-001 E11.118-001 F37.101-001 F31.105-016,0.389,True
525,인문대학,국어국문학과,2학년,한국고전산문강독 | 한국영상문학론 | 한국현대소설론 | 수학 2 | 베리타스 강좌 1: 전쟁과 평화 | 독일어권 문화의 이해,919A,6,33,78,42,25,True,exact,25,127.6,0.0,127.6,153.3,138.7,190.8,0.0,0.0,153.3,25.6,0.167,25.6,32.5,3.925,127.6,0.0,True,111.8,0.142,0.877,12,20,101.223-001 101.428-001 101.311A-001 V10.127-001 C30.109-002 F31.105-023,0.134,True
525,인문대학,국어국문학과,2학년,한국고전산문강독 | 한국영상문학론 | 한국현대소설론 | 수학 2 | 베리타스 강좌 1: 전쟁과 평화 | 독일어권 문화의 이해,GATE,6,33,78,42,25,True,exact,25,128.7,0.0,128.7,162.8,140.4,193.6,0.0,0.0,162.8,34.1,0.21,34.1,30.3,4.249,128.7,0.0,True,122.8,0.048,0.855,12,20,101.223-001 101.428-001 101.311A-001 V10.127-001 C30.109-002 F31.105-025,0.086,True
526,미술대학,조소과,2학년,한국조각의 이해 | 작품연구 : 시간·조형 | 목조 1: 형태와 기법 | 예술과 사회적 실천 | 죽음의 과학적 이해,919A,5,5,1,1,1,False,exact,1,118.5,0.0,118.5,118.5,118.5,118.5,0.0,0.0,118.5,0.0,0.0,0.0,29.9,3.96,118.5,0.0,True,99.5,0.19,0.077,1,6,M1767.002400-001 603.428-001 M1767.001500-001 M1767.002800-001 E11.174-001,0.011,True
526,미술대학,조소과,2학년,한국조각의 이해 | 작품연구 : 시간·조형 | 목조 1: 형태와 기법 | 예술과 사회적 실천 | 죽음의 과학적 이해,GATE,5,5,1,1,1,False,exact,1,79.6,0.0,79.6,79.6,79.6,79.6,0.0,0.0,79.6,0.0,0.0,0.0,18.4,4.319,79.6,0.0,True,73.8,0.078,0.071,1,6,M1767.002400-001 603.428-001 M1767.001500-001 M1767.002800-001 E11.174-001,0.008,True
527,의과대학,의예과,2학년,몸 속으로의 여행: 인체와 수술 | 물리학실험 2 | 성의 철학과 성윤리 | 역사와 역사 재현 | 말하기와 토론 | 물리학실험,919A,6,69,14112,3456,3660,True,exact,3660,109.0,0.0,109.0,162.7,163.7,205.2,0.0,0.0,162.7,53.7,0.33,53.7,30.2,3.61,109.0,0.0,True,97.9,0.113,6.297,80,141,M2605.001300-001 C20.127-001 C20.124-003 F12.102-002 F33.105L-003 F33.107L-023,1.195,True
527,의과대학,의예과,2학년,몸 속으로의 여행: 인체와 수술 | 물리학실험 2 | 성의 철학과 성윤리 | 역사와 역사 재현 | 말하기와 토론 | 물리학실험,GATE,6,69,14112,3456,3660,True,exact,3660,102.5,0.0,102.5,160.5,161.3,199.1,0.0,0.0,160.5,57.9,0.361,57.9,27.2,3.771,103.2,0.67,False,96.3,0.064,4.435,76,115,M2605.001300-001 C20.127-001 C20.124-003 F12.102-004 F33.105L-005 F33.107L-030,0.796,True
528,인문대학,아시아언어문명학부,4학년,베트남어 강독 2 | 중동현대사의 쟁점들 | 페르시아어강독 2 | 고급 터키어 2 | 대학 글쓰기 1 | 생명과학을 위한 수학 2,919A,6,83,370,290,114,True,exact,114,110.2,0.0,110.2,136.3,135.4,163.9,0.0,0.0,136.3,26.1,0.191,26.1,26.1,4.217,110.4,0.18,False,94.8,0.163,3.045,62,70,1003.455-001 1003.432-001 1003.434-001 M2752.000900-001 F31.112-005 F11.101-019,0.492,True
528,인문대학,아시아언어문명학부,4학년,베트남어 강독 2 | 중동현대사의 쟁점들 | 페르시아어강독 2 | 고급 터키어 2 | 대학 글쓰기 1 | 생명과학을 위한 수학 2,GATE,6,83,370,290,114,True,exact,114,127.9,0.0,127.9,154.2,154.2,182.4,0.0,0.0,154.2,26.2,0.17,26.2,24.1,5.315,127.9,0.0,True,121.0,0.058,2.926,59,67,1003.455-001 1003.432-001 1003.434-001 M2752.000900-001 F31.112-005 F11.101-008,0.512,True
529,사회과학대학,사회복지학과,2학년,사회복지실천론 | 사회혁신과 소셜임팩트 특강 | 복지국가론 | 사회복지정책 | 물리학실험 2 | 불교철학의 이해,919A,6,55,98,24,60,True,exact,60,136.8,0.0,136.8,162.5,162.9,184.2,0.0,0.0,162.5,25.7,0.158,25.7,54.0,2.532,137.6,0.82,False,121.1,0.129,0.358,10,17,209.320-001 M1311.005600-001 M1311.000700-001 209.304-001 E11.129-002 F33.107L-031,0.057,True
529,사회과학대학,사회복지학과,2학년,사회복지실천론 | 사회혁신과 소셜임팩트 특강 | 복지국가론 | 사회복지정책 | 물리학실험 2 | 불교철학의 이해,GATE,6,55,98,24,60,True,exact,60,90.3,0.0,90.3,106.2,106.2,118.3,0.0,0.0,106.2,15.9,0.149,15.9,43.7,2.067,90.3,0.0,True,86.0,0.05,0.363,13,20,209.320-001 M1311.005600-001 M1311.000700-001 209.304-001 E11.129-001 F33.107L-030,0.056,True
530,사범대학,영어교육과,2학년,영국문학과 영국문화의 이해 A | 영어회화 2 | 영어교과교육론 | 영어작문 1 | 테마 중국사 | 대학영어 2: 말하기,919A,6,20,72,66,52,True,exact,52,90.5,0.0,90.5,93.3,93.0,99.3,0.0,0.0,93.3,2.8,0.03,2.8,23.4,3.868,90.5,0.0,True,78.2,0.157,1.274,11,23,707.319B-001 707.213A-001 C20.143-001 707.214-001 707.205-001 F21.202-008,0.171,True
530,사범대학,영어교육과,2학년,영국문학과 영국문화의 이해 A | 영어회화 2 | 영어교과교육론 | 영어작문 1 | 테마 중국사 | 대학영어 2: 말하기,GATE,6,20,72,66,52,True,exact,52,138.2,0.0,138.2,143.5,143.0,151.8,0.0,0.0,143.5,5.3,0.037,5.3,30.5,4.533,138.2,0.0,True,129.3,0.069,1.55,42,54,707.319B-001 707.213A-001 C20.143-001 707.214-001 707.205-002 F21.202-002,0.533,True
531,농업생명과학대학,바이오시스템·소재학부,3학년,생체재료설계기초 및 실습 | 고분자화학 2 | 컴퓨터프로그래밍개론 | 천연고분자2 | 초급한문 1,919A,5,15,11,10,8,True,exact,8,159.4,0.0,159.4,180.2,184.2,184.2,0.0,0.0,180.2,20.8,0.115,20.8,40.0,3.981,159.4,0.0,True,147.5,0.081,0.281,7,12,5262.382-001 5262.366-001 500.405-001 5262.380-001 F28.101-003,0.049,True
531,농업생명과학대학,바이오시스템·소재학부,3학년,생체재료설계기초 및 실습 | 고분자화학 2 | 컴퓨터프로그래밍개론 | 천연고분자2 | 초급한문 1,GATE,5,15,11,10,8,True,exact,8,124.4,0.0,124.4,144.9,148.9,148.9,0.0,0.0,144.9,20.5,0.142,20.5,36.1,3.448,124.4,0.0,True,121.8,0.022,0.402,7,12,5262.382-001 5262.366-001 500.405-001 5262.380-001 F28.101-003,0.036,True
532,자연과학대학,수리과학부,4학년,대수기하학개론 | 암호론 | 이산수학 | 금융수학 2 | 물리학실험 2,919A,5,53,49,12,32,True,exact,32,151.9,0.0,151.9,159.4,153.2,187.9,0.0,0.0,159.4,7.5,0.047,7.5,40.4,3.763,151.9,0.0,True,135.4,0.122,0.239,6,11,881.410-001 881.433A-001 881.436-001 3341.452-001 F33.107L-042,0.034,True
532,자연과학대학,수리과학부,4학년,대수기하학개론 | 암호론 | 이산수학 | 금융수학 2 | 물리학실험 2,GATE,5,53,49,12,32,True,exact,32,121.6,0.0,121.6,127.7,122.0,150.5,0.0,0.0,127.7,6.1,0.048,6.1,29.6,4.11,121.6,0.0,True,117.4,0.036,0.313,6,11,881.410-001 881.433A-001 881.436-001 3341.452-001 F33.107L-030,0.03,True
533,인문대학,언어학과,1학년,언어와 컴퓨터 | 세계의 언어 | 디자인과 생활 | 독일어 글쓰기 | 대학 글쓰기 2: 과학기술글쓰기 | 컴퓨터의 개념 및 실습,919A,6,34,56,22,12,True,exact,12,150.5,0.0,150.5,158.0,157.9,170.0,0.417,1.5,161.1,7.5,0.047,10.6,30.7,4.905,133.8,3.8,False,131.1,0.148,0.327,6,12,100.130-001 100.132-001 C10.114-001 F22.302-001 F37.202-003 F11.203-021,0.044,True
533,인문대학,언어학과,1학년,언어와 컴퓨터 | 세계의 언어 | 디자인과 생활 | 독일어 글쓰기 | 대학 글쓰기 2: 과학기술글쓰기 | 컴퓨터의 개념 및 실습,GATE,6,34,56,22,12,True,exact,12,183.8,0.0,183.8,190.9,189.5,206.8,0.417,1.5,194.0,7.1,0.037,10.2,33.0,5.565,183.8,4.16,False,168.0,0.094,0.433,6,12,100.130-001 100.132-001 C10.114-001 F22.302-001 F37.202-003 F11.203-021,0.035,True
534,공과대학,에너지자원공학과,2학년,중자력 및 전자기탐사 | 에너지자원유체역학 | 에너지자원지구화학 | 에너지환경기술경영 | 수학연습 2 | 대학 글쓰기 1,919A,6,123,3330,986,2097,True,exact,2097,173.8,0.0,173.8,216.6,209.4,282.0,0.156,0.6,217.8,42.8,0.197,44.0,31.6,5.507,173.8,0.0,True,159.2,0.092,5.997,110,119,M1594.001700-001 M1594.001500-001 M1594.001600-001 465.202-001 F31.105L-004 F11.101-025,0.887,True
534,공과대학,에너지자원공학과,2학년,중자력 및 전자기탐사 | 에너지자원유체역학 | 에너지자원지구화학 | 에너지환경기술경영 | 수학연습 2 | 대학 글쓰기 1,GATE,6,123,3330,986,2097,True,exact,2097,171.6,0.0,171.6,209.7,205.8,270.1,0.156,0.6,211.0,38.2,0.182,39.4,27.6,6.219,171.6,0.0,True,162.6,0.055,5.387,86,95,M1594.001700-001 M1594.001500-001 M1594.001600-001 465.202-001 F31.105L-004 F11.101-007,0.803,True
535,공과대학,기계공학부,1학년,고체역학 | 공학수학 3 | 물리학 | 수학 2 | 컴퓨팅 기초: 처음 만나는 컴퓨팅 | 대학 글쓰기 1,919A,6,122,36556,6496,9419,True,exact,9419,206.4,7.0,220.4,244.4,236.0,374.4,1.0,10.3,265.1,38.0,0.156,44.7,53.7,3.842,206.6,0.14,False,182.8,0.129,34.886,636,688,M2794.001000-001 400.003-001 F33.105-001 F37.101-004 F31.105-025 F11.101-030,6.472,True
535,공과대학,기계공학부,1학년,고체역학 | 공학수학 3 | 물리학 | 수학 2 | 컴퓨팅 기초: 처음 만나는 컴퓨팅 | 대학 글쓰기 1,GATE,6,122,36556,6496,9419,True,exact,9419,206.0,7.0,220.0,237.3,226.2,342.1,1.0,10.3,258.0,31.3,0.132,38.0,49.8,4.14,206.0,0.0,True,188.6,0.092,35.817,648,700,M2794.001000-001 400.003-001 F33.105-001 F37.101-004 F31.105-006 F11.101-049,6.689,True
536,농업생명과학대학,식물생산과학부,3학년,전략적 산업인력개발 개론 | 청소년지도론 | 산업인력양성프로그램개발 | 작물생명과학실험 및 실습 2 | 중급스페인어 1 | 대학영어 1,919A,6,61,110,108,13,True,exact,13,170.0,0.0,170.0,189.7,194.9,200.3,0.0,0.0,189.7,19.7,0.104,19.7,39.2,4.336,170.0,0.0,True,154.1,0.103,0.92,13,19,M1671.001600-001 5173.306-001 5173.304-001 5171.313-001 F24.201-002 F21.101-011,0.096,True
536,농업생명과학대학,식물생산과학부,3학년,전략적 산업인력개발 개론 | 청소년지도론 | 산업인력양성프로그램개발 | 작물생명과학실험 및 실습 2 | 중급스페인어 1 | 대학영어 1,GATE,6,61,110,108,13,True,exact,13,151.8,0.0,151.8,171.0,170.2,188.0,0.0,0.0,171.0,19.2,0.113,19.2,36.4,4.172,151.8,0.0,True,147.9,0.026,0.874,13,19,M1671.001600-001 5173.306-001 5173.304-001 5171.313-001 F24.201-002 F21.101-028,0.077,True
537,사범대학,영어교육과,2학년,영어회화 2 | 영국문학과 영국문화의 이해 A | 영어교과교육론 | 영어작문 1 | 대학 글쓰기 1 | 문학 속 인간과 기계,919A,6,82,444,348,202,True,exact,202,83.8,0.0,83.8,107.8,111.9,127.2,0.0,0.0,107.8,24.0,0.223,24.0,19.0,4.416,84.1,0.32,False,73.6,0.139,4.391,66,76,707.319B-001 707.213A-001 C10.117-001 707.214-001 707.205-003 F11.101-066,0.693,True
537,사범대학,영어교육과,2학년,영어회화 2 | 영국문학과 영국문화의 이해 A | 영어교과교육론 | 영어작문 1 | 대학 글쓰기 1 | 문학 속 인간과 기계,GATE,6,82,444,348,202,True,exact,202,140.0,0.0,140.0,158.3,159.9,184.9,0.0,0.0,158.3,18.3,0.115,18.3,24.2,5.773,140.0,0.0,True,129.8,0.079,4.717,93,103,707.319B-001 707.213A-001 C10.117-001 707.214-002 707.205-003 F11.101-064,0.867,True
538,인문대학,서어서문학과,2학년,스페인어 문법과 의미 | 중남미문학사 | 중남미문화비평 | 중급스페인어회화 | 대학 글쓰기 1,919A,5,78,74,58,58,True,exact,58,84.6,0.0,84.6,100.1,106.1,120.0,0.0,0.0,100.1,15.5,0.155,15.5,18.3,4.625,84.8,0.12,False,70.7,0.198,1.543,38,43,M1244.001000-001 107.243-001 107.247-001 107.244-001 F11.101-069,0.245,True
538,인문대학,서어서문학과,2학년,스페인어 문법과 의미 | 중남미문학사 | 중남미문화비평 | 중급스페인어회화 | 대학 글쓰기 1,GATE,5,78,74,58,58,True,exact,58,118.5,0.0,118.5,133.0,127.7,158.8,0.0,0.0,133.0,14.5,0.109,14.5,20.9,5.655,118.5,0.0,True,112.1,0.057,1.562,31,36,M1244.001000-001 107.243-001 107.247-001 107.244-001 F11.101-047,0.202,True
539,사범대학,영어교육과,2학년,영어교과교육론 | 영어회화 2 | 영어작문 1 | 영국문학과 영국문화의 이해 A | 건강과 삶 | 한국 문학의 깊이와 상상력,919A,6,9,6,6,2,True,exact,2,137.2,0.0,137.2,141.8,141.8,146.4,0.0,0.0,141.8,4.6,0.033,4.6,44.5,3.081,137.2,0.0,True,121.9,0.125,0.118,2,8,707.213A-001 707.319B-001 E43.101-001 C10.158-001 707.214-002 707.205-003,0.018,True
539,사범대학,영어교육과,2학년,영어교과교육론 | 영어회화 2 | 영어작문 1 | 영국문학과 영국문화의 이해 A | 건강과 삶 | 한국 문학의 깊이와 상상력,GATE,6,9,6,6,2,True,exact,2,146.3,0.0,146.3,164.3,164.3,182.2,0.0,0.0,164.3,17.9,0.109,17.9,37.2,3.929,146.3,0.0,True,136.2,0.075,0.117,2,8,707.213A-001 707.319B-001 E43.101-001 C10.158-001 707.214-002 707.205-003,0.013,True
540,사범대학,생물교육과,4학년,다문화 교육과정과 교수법 | 환경과 교육 | 초급독일어 1 | 베리타스 강좌 1: 우리 안의 민속문화 | 생물학 | 컴퓨팅 기초: 처음 만나는 컴퓨팅,919A,6,36,855,360,64,True,exact,64,155.7,50.2,256.2,174.6,173.2,199.8,1.0,51.7,278.1,18.9,0.108,21.9,32.5,4.789,155.7,0.0,True,137.4,0.134,1.616,25,40,M1878.000900-001 719.433-001 V10.111-001 F35.103-002 F37.101-003 F22.101-001,0.301,True
540,사범대학,생물교육과,4학년,다문화 교육과정과 교수법 | 환경과 교육 | 초급독일어 1 | 베리타스 강좌 1: 우리 안의 민속문화 | 생물학 | 컴퓨팅 기초: 처음 만나는 컴퓨팅,GATE,6,36,855,360,64,True,exact,64,181.6,50.2,282.0,198.1,195.1,216.7,1.0,51.7,301.6,16.6,0.084,19.6,36.3,5.003,181.6,0.0,True,170.6,0.064,1.432,18,33,M1878.000900-001 719.433-001 V10.111-001 F35.103-002 F37.101-003 F22.101-001,0.46,True
541,인문대학,국어국문학과,1학년,한국어연구입문 | 한국문학연구입문 | 스페인어권 문화의 이해 | 초급중국어 1 | 기독교와 서양문명 | 대학영어 1,919A,6,74,1540,1512,234,True,exact,234,103.3,0.0,103.3,126.3,128.3,145.2,0.325,16.4,159.0,23.0,0.182,55.7,20.3,5.097,103.3,0.0,True,88.4,0.168,6.881,101,114,100.100-001 100.102-001 C10.105-001 C10.133-001 F25.101-012 F21.101-031,1.142,True
541,인문대학,국어국문학과,1학년,한국어연구입문 | 한국문학연구입문 | 스페인어권 문화의 이해 | 초급중국어 1 | 기독교와 서양문명 | 대학영어 1,GATE,6,74,1540,1512,234,True,exact,234,126.7,0.0,126.7,153.7,159.5,173.5,0.325,16.4,186.4,27.0,0.176,59.7,24.4,5.193,126.7,0.0,True,120.2,0.054,6.398,76,89,100.100-001 100.102-001 C10.105-001 C10.133-001 F25.101-005 F21.101-002,0.998,True
542,음악대학,작곡과,3학년,전자음악 이론 및 실습 2 | 남북분단과 한국전쟁 | 생물학 | 일본대중문화 | 중급중국어 1,919A,5,13,40,40,5,True,exact,5,126.4,0.1,126.5,140.8,141.7,151.7,1.0,0.1,141.0,14.4,0.102,14.4,39.1,3.228,126.4,0.0,True,111.3,0.135,0.458,5,12,6521.3311-001 E11.166-001 C20.105-002 F25.201-001 F35.103-002,0.065,True
542,음악대학,작곡과,3학년,전자음악 이론 및 실습 2 | 남북분단과 한국전쟁 | 생물학 | 일본대중문화 | 중급중국어 1,GATE,5,13,40,40,5,True,exact,5,125.6,0.1,125.7,153.5,157.4,169.6,1.0,0.1,153.7,28.0,0.182,28.0,30.9,4.063,125.6,0.0,True,116.6,0.077,0.538,5,12,6521.3311-001 E11.166-001 C20.105-002 F25.201-001 F35.103-002,0.042,True
543,농업생명과학대학,식품·동물생명공학부,2학년,동물미생물학 및 실험 | 식품미생물학 | 식품생화학 2 | 과학기술과 사회 | 기초영어,919A,5,12,14,14,5,True,exact,5,137.5,0.0,137.5,142.6,140.5,154.0,0.0,0.0,142.6,5.1,0.036,5.1,37.3,3.686,137.5,0.0,True,122.7,0.12,0.239,5,11,5252.308A-001 5251.302-001 M1701.000300-001 E11.107-002 F21.100-006,0.042,True
543,농업생명과학대학,식품·동물생명공학부,2학년,동물미생물학 및 실험 | 식품미생물학 | 식품생화학 2 | 과학기술과 사회 | 기초영어,GATE,5,12,14,14,5,True,exact,5,115.7,0.0,115.7,122.8,121.6,130.0,0.0,0.0,122.8,7.1,0.058,7.1,32.7,3.535,115.7,0.0,True,112.2,0.031,0.285,5,11,5252.308A-001 5251.302-001 M1701.000300-001 E11.107-001 F21.100-001,0.047,True
544,농업생명과학대학,농경제사회학부,1학년,경제원론 2 | 경제수학 | 심리학개론 | 대학 글쓰기 1 | 컴퓨팅 기초: 처음 만나는 컴퓨팅,919A,5,99,5624,1856,1941,True,exact,1941,125.9,0.0,125.9,160.1,156.7,189.6,0.298,0.6,161.2,34.2,0.213,35.3,39.0,3.229,125.9,0.0,True,113.8,0.106,6.026,59,78,M2649.001200-001 M2649.001600-001 E11.146-001 F37.101-006 F11.101-046,0.887,True
544,농업생명과학대학,농경제사회학부,1학년,경제원론 2 | 경제수학 | 심리학개론 | 대학 글쓰기 1 | 컴퓨팅 기초: 처음 만나는 컴퓨팅,GATE,5,99,5624,1856,1941,True,exact,1941,99.2,0.0,99.2,131.5,130.5,162.4,0.298,0.6,132.6,32.3,0.246,33.4,29.1,3.412,99.2,0.0,True,95.5,0.038,4.73,22,38,M2649.001200-001 M2649.001600-001 E11.146-001 F37.101-006 F11.101-016,0.672,True
545,사범대학,체육교육과,2학년,스포츠참여증진 프로그램 개발 및 평가 | 스포츠마케팅 | 체육교육론 | 운동학습 및 제어 | 민주주의와 시민의 역사,919A,5,5,1,1,1,False,exact,1,157.7,0.0,157.7,157.7,157.7,157.7,0.0,0.0,157.7,0.0,0.0,0.0,56.5,2.79,157.7,0.0,True,140.1,0.126,0.072,1,6,M1886.001600-001 722.447-001 722.201A-001 M1886.004200-001 E11.125-001,0.011,True
545,사범대학,체육교육과,2학년,스포츠참여증진 프로그램 개발 및 평가 | 스포츠마케팅 | 체육교육론 | 운동학습 및 제어 | 민주주의와 시민의 역사,GATE,5,5,1,1,1,False,exact,1,81.5,0.0,81.5,81.5,81.5,81.5,0.0,0.0,81.5,0.0,0.0,0.0,43.3,1.881,81.5,0.0,True,76.6,0.064,0.073,1,6,M1886.001600-001 722.447-001 722.201A-001 M1886.004200-001 E11.125-001,0.006,True
546,혁신공유학부,혁신공유학부,3학년,(공유)사회혁신을 위한 빅데이터 응용 | (공유)에너지기후변화정책 | 이태리어 1 | 대학영어 1 | 창의와 탐구: 서울문학기행 | 국제정치학입문,919A,6,61,110,108,40,True,exact,40,165.2,0.0,165.2,187.1,189.9,195.5,0.0,0.0,187.1,21.9,0.117,21.9,57.1,2.893,166.4,1.2,False,147.4,0.121,1.808,37,44,M3502.019700-001 M3500.005400-001 F29.116-001 E32.104-001 C30.105-002 F21.101-054,0.261,True
546,혁신공유학부,혁신공유학부,3학년,(공유)사회혁신을 위한 빅데이터 응용 | (공유)에너지기후변화정책 | 이태리어 1 | 대학영어 1 | 창의와 탐구: 서울문학기행 | 국제정치학입문,GATE,6,61,110,108,40,True,exact,40,161.6,0.0,161.6,191.9,191.3,211.8,0.0,0.0,191.9,30.3,0.158,30.3,49.1,3.288,161.6,0.0,True,153.1,0.055,1.598,23,30,M3502.019700-001 M3500.005400-001 F29.116-001 E32.104-001 C30.105-001 F21.101-054,0.48,True
547,농업생명과학대학,조경·지역시스템공학부,2학년,응용소프트웨어공학 | 응용공학수학 2 | 조경설계 1 | 서양조경의 역사와 이론 | 대학영어 1,919A,5,60,110,54,32,True,exact,32,176.1,0.0,176.1,196.2,197.2,216.1,0.0,0.0,196.2,20.1,0.102,20.1,41.8,4.211,176.1,0.0,True,159.8,0.102,0.704,14,19,5272.222-001 5272.202-001 5271.324-001 5271.226-001 F21.101-030,0.097,True
547,농업생명과학대학,조경·지역시스템공학부,2학년,응용소프트웨어공학 | 응용공학수학 2 | 조경설계 1 | 서양조경의 역사와 이론 | 대학영어 1,GATE,5,60,110,54,32,True,exact,32,148.7,0.0,148.7,167.8,171.1,185.0,0.0,0.0,167.8,19.1,0.114,19.1,37.3,3.988,148.7,0.0,True,144.1,0.032,0.697,14,19,5272.222-001 5272.202-001 5271.324-001 5271.226-001 F21.101-029,0.082,True
548,인문대학,국어국문학과,2학년,한국고전산문강독 | 한국현대소설론 | 한국영상문학론 | 대학 글쓰기 2: 인문학글쓰기 | 대학 글쓰기 1,919A,5,97,1480,870,916,True,exact,916,78.8,0.0,78.8,128.9,127.3,155.9,0.0,0.0,128.9,50.1,0.389,50.1,17.0,4.632,78.8,0.0,True,67.8,0.163,4.238,56,65,101.223-001 101.311A-001 101.428-001 F11.201-008 F11.101-046,0.688,True
548,인문대학,국어국문학과,2학년,한국고전산문강독 | 한국현대소설론 | 한국영상문학론 | 대학 글쓰기 2: 인문학글쓰기 | 대학 글쓰기 1,GATE,5,97,1480,870,916,True,exact,916,85.4,0.0,85.4,143.1,145.1,174.8,0.0,0.0,143.1,57.7,0.403,57.7,20.5,4.164,85.4,0.0,True,81.0,0.055,3.974,36,45,101.223-001 101.311A-001 101.428-001 F11.201-003 F11.101-049,0.567,True
549,음악대학,국악과,2학년,민속악합주2 | 국악관악합주2 | 전통가창실습 | 국악가창세미나 | 수학 2,919A,5,30,26,14,13,True,exact,13,105.7,0.0,105.7,107.8,108.2,108.9,0.615,0.3,108.4,2.2,0.02,2.8,39.5,2.677,105.7,0.0,True,92.4,0.143,0.252,6,11,M2183.004600-001 M2183.004200-001 M2183.005000-001 M1803.001300-001 F31.105-026,0.036,True
549,음악대학,국악과,2학년,민속악합주2 | 국악관악합주2 | 전통가창실습 | 국악가창세미나 | 수학 2,GATE,5,30,26,14,13,True,exact,13,97.1,0.0,97.1,101.2,101.9,102.7,0.615,0.3,101.8,4.2,0.041,4.8,32.2,3.017,97.1,0.0,True,89.9,0.08,0.277,6,11,M2183.004600-001 M2183.004200-001 M2183.005000-001 M1803.001300-001 F31.105-026,0.034,True
550,사회과학대학,사회복지학과,2학년,사회복지행정 | 사회복지실천론 | 복지국가론 | 사회혁신과 소셜임팩트 특강 | 대학 글쓰기 1,919A,5,78,74,58,31,True,exact,31,129.7,0.0,129.7,141.7,137.9,162.5,0.0,0.0,141.7,12.0,0.085,12.0,30.7,4.225,129.7,0.0,True,112.0,0.158,1.047,24,29,209.212-001 209.320-001 M1311.000700-001 M1311.005600-001 F11.101-066,0.162,True
550,사회과학대학,사회복지학과,2학년,사회복지행정 | 사회복지실천론 | 복지국가론 | 사회혁신과 소셜임팩트 특강 | 대학 글쓰기 1,GATE,5,78,74,58,31,True,exact,31,76.1,0.0,76.1,94.5,93.4,115.9,0.0,0.0,94.5,18.3,0.194,18.3,19.7,3.868,76.1,0.0,True,71.8,0.061,0.867,11,16,209.212-001 209.320-001 M1311.000700-001 M1311.005600-001 F11.101-024,0.097,True
551,사범대학,독어교육과,4학년,독문학교수법 | 독일문학과 상호문화 | 한자와 동양문화 | 물리학실험 2 | 컴퓨팅 핵심: 컴퓨터로 생각하기,919A,5,55,147,36,48,True,exact,48,136.3,0.0,136.3,141.3,136.5,163.6,0.479,0.4,142.1,5.0,0.035,5.8,33.9,4.019,136.5,0.24,False,118.8,0.147,0.456,12,18,709.427-001 709.433-001 C10.169-001 F37.204-002 F33.107L-040,0.059,True
551,사범대학,독어교육과,4학년,독문학교수법 | 독일문학과 상호문화 | 한자와 동양문화 | 물리학실험 2 | 컴퓨팅 핵심: 컴퓨터로 생각하기,GATE,5,55,147,36,48,True,exact,48,143.2,0.8,144.8,155.5,161.0,166.9,0.479,0.4,156.3,12.3,0.079,11.5,39.1,3.661,143.5,0.26,False,135.9,0.053,0.376,12,18,709.427-001 709.433-001 C10.169-001 F37.204-001 F33.107L-042,0.052,True
552,공과대학,컴퓨터공학부,1학년,이산수학 | 컴퓨팅 살펴보기 | 현대서양의 형성 | 통계학 | 영미 대중소설의 이해,919A,5,9,8,8,3,True,exact,3,228.0,0.0,228.0,238.9,228.0,260.7,0.333,1.9,242.7,10.9,0.046,14.8,60.5,3.769,228.0,0.0,True,199.8,0.141,0.192,3,8,4190.101-001 M1522.007600-001 C20.155-001 C10.140-001 F32.102-004,0.029,True
552,공과대학,컴퓨터공학부,1학년,이산수학 | 컴퓨팅 살펴보기 | 현대서양의 형성 | 통계학 | 영미 대중소설의 이해,GATE,5,9,8,8,3,True,exact,3,268.2,0.0,268.2,271.7,268.2,278.6,0.333,1.9,275.5,3.5,0.013,7.3,67.8,3.953,268.2,0.0,True,240.7,0.114,0.199,3,8,4190.101-001 M1522.007600-001 C20.155-001 C10.140-001 F32.102-004,0.02,True
553,미술대학,조소과,4학년,작품연구: 대상과 표상 | 조소 졸업작품 발표 | 조소 졸업작품 연구 | 작가와 전시 | 컴퓨팅 탐색: 실생활에서 활용하기 | 대학 글쓰기 1,919A,6,80,148,116,38,True,exact,38,108.8,0.0,108.8,155.6,161.1,183.5,0.0,0.0,155.6,46.8,0.301,46.8,34.3,3.17,108.8,0.0,True,95.3,0.142,1.574,24,30,M1767.001100-001 M1767.003300-001 M1767.003100-001 M1767.002500-001 F37.206-002 F11.101-025,0.187,True
553,미술대학,조소과,4학년,작품연구: 대상과 표상 | 조소 졸업작품 발표 | 조소 졸업작품 연구 | 작가와 전시 | 컴퓨팅 탐색: 실생활에서 활용하기 | 대학 글쓰기 1,GATE,6,80,148,116,38,True,exact,38,96.2,0.0,96.2,135.7,142.2,165.6,0.0,0.0,135.7,39.5,0.291,39.5,28.2,3.406,96.2,0.0,True,90.6,0.062,1.371,16,22,M1767.001100-001 M1767.003300-001 M1767.003100-001 M1767.002500-001 F37.206-002 F11.101-064,0.147,True
554,인문대학,언어학과,2학년,역사비교언어학 | 음운론 | 인문데이터 수량분석 | 통사론 | 초급독일어 1 | 생활구강건강관리,919A,6,14,9,9,3,True,exact,3,104.8,51.9,208.6,107.9,109.4,109.4,1.0,50.8,209.5,3.1,0.029,0.8,33.7,3.109,104.8,0.0,True,90.3,0.16,0.241,3,9,108.312-001 108.208-001 M2911.000200-001 108.315-001 E11.215-001 F22.101-004,0.029,True
554,인문대학,언어학과,2학년,역사비교언어학 | 음운론 | 인문데이터 수량분석 | 통사론 | 초급독일어 1 | 생활구강건강관리,GATE,6,14,9,9,3,True,exact,3,148.7,51.9,252.6,151.8,153.3,153.3,1.0,50.8,253.4,3.1,0.02,0.8,38.7,3.842,148.7,0.0,True,138.4,0.074,0.234,3,9,108.312-001 108.208-001 M2911.000200-001 108.315-001 E11.215-001 F22.101-004,0.022,True
555,사범대학,역사교육과,2학년,한국중세사 | 서양고대사 | 한국현대사 | 아시아사교육강독 | 대학영어 1 | 법학개론,919A,6,60,55,54,17,True,exact,17,129.9,0.0,129.9,134.5,134.8,139.7,0.0,0.0,134.5,4.6,0.034,4.6,29.8,4.363,129.9,0.0,True,112.7,0.152,0.798,11,17,712.311-001 712.231-001 712.317-001 M1858.000200-001 C30.116-001 F21.101-013,0.096,True
555,사범대학,역사교육과,2학년,한국중세사 | 서양고대사 | 한국현대사 | 아시아사교육강독 | 대학영어 1 | 법학개론,GATE,6,60,55,54,17,True,exact,17,163.2,0.0,163.2,171.9,168.9,177.3,0.0,0.0,171.9,8.6,0.05,8.6,32.2,5.075,163.2,0.0,True,151.2,0.079,0.988,14,20,712.311-001 712.231-001 712.317-001 M1858.000200-001 C30.116-001 F21.101-055,0.126,True
556,경영대학,경영학과,1학년,노사관계론 | 경영을 위한 경제학 | 컴퓨팅 기초: 처음 만나는 컴퓨팅 | 민주주의와 시민의 역사 | 초급중국어 1,919A,5,38,798,336,79,True,exact,79,136.5,8.3,153.2,168.3,166.6,184.3,0.722,16.7,201.7,31.8,0.189,48.5,56.5,2.417,136.5,0.0,True,120.2,0.136,1.401,25,42,251.423-001 E11.125-001 M2171.001900-001 F37.101-006 F25.101-012,0.209,True
556,경영대학,경영학과,1학년,노사관계론 | 경영을 위한 경제학 | 컴퓨팅 기초: 처음 만나는 컴퓨팅 | 민주주의와 시민의 역사 | 초급중국어 1,GATE,5,38,798,336,79,True,exact,79,117.4,0.0,117.4,133.1,127.8,155.4,0.722,16.7,166.6,15.8,0.118,49.2,40.8,2.876,117.4,0.0,True,111.1,0.056,1.322,21,38,251.423-001 E11.125-001 M2171.001900-003 F37.101-006 F25.101-012,0.18,True
557,사회과학대학,경제학부,1학년,경제원론 1 | 경제원론 2 | 인문사회계를 위한 우주천문학 | 도덕적 추론 | 현대한국의 삶과 문화,919A,5,9,9,9,7,True,exact,7,169.0,0.0,169.0,182.7,182.1,198.8,0.0,0.0,182.7,13.7,0.075,13.7,44.6,3.79,169.0,0.0,True,153.0,0.104,0.367,7,14,F33.112-001 C20.107-001 E12.113-001 200.105-004 200.106-001,0.054,True
557,사회과학대학,경제학부,1학년,경제원론 1 | 경제원론 2 | 인문사회계를 위한 우주천문학 | 도덕적 추론 | 현대한국의 삶과 문화,GATE,5,9,9,9,7,True,exact,7,162.0,0.0,162.0,168.5,167.6,176.6,0.0,0.0,168.5,6.4,0.038,6.4,35.5,4.561,162.0,0.0,True,152.9,0.059,0.289,7,14,F33.112-001 C20.107-001 E12.113-001 200.105-004 200.106-001,0.038,True
558,사범대학,체육교육과,4학년,장애유형별 특수체육원리 | 체육교재연구및지도법 | 스포츠공학 개론 | 스포츠의학 | 대학 글쓰기 1 | 초급스페인어 2,919A,6,82,296,232,23,True,exact,23,181.9,54.8,291.4,197.2,198.7,209.9,1.0,53.3,303.8,15.3,0.078,12.4,35.5,5.121,181.0,0.88,False,162.4,0.12,1.235,17,23,722.454-001 722.401A-001 M1886.000400-001 M1886.003300-001 F24.102-001 F11.101-051,0.132,True
558,사범대학,체육교육과,4학년,장애유형별 특수체육원리 | 체육교재연구및지도법 | 스포츠공학 개론 | 스포츠의학 | 대학 글쓰기 1 | 초급스페인어 2,GATE,6,82,296,232,23,True,exact,23,119.7,51.9,223.5,134.0,130.0,166.1,1.0,53.3,240.5,14.3,0.107,17.0,24.3,4.933,119.7,0.0,True,111.2,0.076,1.074,13,19,722.454-001 722.401A-001 M1886.000400-001 M1886.003300-001 F24.102-001 F11.101-032,0.136,True
559,자연과학대학,통계학과,4학년,베이즈통계 및 실습 | 생존자료분석 및 실습 | 자료분석 심화방법론 및 실습 | 인간관계의 심리학 | 운동과 영양,919A,5,8,4,4,1,False,exact,1,169.2,0.0,169.2,169.2,169.2,169.2,0.0,0.0,169.2,0.0,0.0,0.0,52.9,3.199,169.2,0.0,True,151.7,0.116,0.09,1,6,326.411-001 326.412-001 M1399.001500-001 E43.117-001 E11.163-002,0.016,True
559,자연과학대학,통계학과,4학년,베이즈통계 및 실습 | 생존자료분석 및 실습 | 자료분석 심화방법론 및 실습 | 인간관계의 심리학 | 운동과 영양,GATE,5,8,4,4,1,False,exact,1,126.9,0.0,126.9,126.9,126.9,126.9,0.0,0.0,126.9,0.0,0.0,0.0,34.5,3.684,126.9,0.0,True,122.0,0.041,0.08,1,6,326.411-001 326.412-001 M1399.001500-001 E43.117-001 E11.163-002,0.01,True
560,생활과학대학,식품영양학과,2학년,조리원리및실습 | 기초영양학 | 식품화학 | 급식경영학 | 음악과 사회,919A,5,7,3,3,1,False,exact,1,124.5,0.0,124.5,124.5,124.5,124.5,0.0,0.0,124.5,0.0,0.0,0.0,30.6,4.065,124.5,0.0,True,105.4,0.181,0.069,1,6,352.215-001 352.327B-001 352.217B-001 352.213B-001 C10.146-002,0.013,True
560,생활과학대학,식품영양학과,2학년,조리원리및실습 | 기초영양학 | 식품화학 | 급식경영학 | 음악과 사회,GATE,5,7,3,3,1,False,exact,1,77.3,0.0,77.3,77.3,77.3,77.3,0.0,0.0,77.3,0.0,0.0,0.0,17.1,4.508,77.3,0.0,True,70.7,0.093,0.076,1,6,352.215-001 352.327B-001 352.217B-001 352.213B-001 C10.146-002,0.01,True
561,인문대학,고고미술사학과,3학년,"인도의 미술 | 고고학실습 | 한국의 도자 | 유럽의 17, 18세기 미술 | 수학 2",919A,5,30,26,14,5,True,exact,5,93.8,0.0,93.8,94.3,93.8,96.1,0.0,0.0,94.3,0.5,0.006,0.5,34.2,2.743,93.8,0.0,True,81.1,0.157,0.214,3,8,116.217B-001 116.303-001 116.323-001 M1265.000400-001 F31.105-009,0.045,True
561,인문대학,고고미술사학과,3학년,"인도의 미술 | 고고학실습 | 한국의 도자 | 유럽의 17, 18세기 미술 | 수학 2",GATE,5,30,26,14,5,True,exact,5,101.1,0.0,101.1,104.6,105.9,105.9,0.0,0.0,104.6,3.5,0.033,3.5,36.3,2.781,101.1,0.0,True,94.4,0.07,0.201,3,8,116.217B-001 116.303-001 116.323-001 M1265.000400-001 F31.105-013,0.02,True
562,자연과학대학,수리과학부,3학년,현대대수학 2 | 현대기하학탐구 | 확률미분방정식 | 복소함수론 2 | 인간과 우주,919A,5,5,1,1,1,False,exact,1,173.0,0.0,173.0,173.0,173.0,173.0,0.0,0.0,173.0,0.0,0.0,0.0,45.5,3.804,173.0,0.0,True,156.3,0.107,0.078,1,6,881.302-001 M1407.004600-001 M1407.002600-001 3341.301A-001 C40.124-001,0.037,True
562,자연과학대학,수리과학부,3학년,현대대수학 2 | 현대기하학탐구 | 확률미분방정식 | 복소함수론 2 | 인간과 우주,GATE,5,5,1,1,1,False,exact,1,165.4,0.0,165.4,165.4,165.4,165.4,0.0,0.0,165.4,0.0,0.0,0.0,34.1,4.843,165.4,0.0,True,158.4,0.044,0.079,1,6,881.302-001 M1407.004600-001 M1407.002600-001 3341.301A-001 C40.124-001,0.016,True
563,간호대학,간호대학,2학년,보건커뮤니케이션과 건강교육 | 초급프랑스어 1 | 대학 글쓰기 1 | 초급프랑스어 2 | 베리타스 실천: 요리 속의 과학,919A,5,88,1998,1566,516,True,exact,516,115.3,0.0,115.3,148.1,146.1,178.3,0.0,0.0,148.1,32.8,0.221,32.8,36.6,3.152,115.3,0.0,True,99.6,0.158,5.5,91,104,M1991.001900-001 V30.121-001 F26.102-003 F26.101-009 F11.101-019,0.928,True
563,간호대학,간호대학,2학년,보건커뮤니케이션과 건강교육 | 초급프랑스어 1 | 대학 글쓰기 1 | 초급프랑스어 2 | 베리타스 실천: 요리 속의 과학,GATE,5,88,1998,1566,516,True,exact,516,126.9,0.0,126.9,161.5,161.9,195.4,0.0,0.0,161.5,34.6,0.214,34.6,26.2,4.837,126.9,0.0,True,119.6,0.061,5.058,101,113,M1991.001900-001 V30.121-001 F26.102-001 F26.101-009 F11.101-047,1.088,True
564,자연과학대학,통계학과,4학년,베이즈통계 및 실습 | 생존자료분석 및 실습 | 자료분석 심화방법론 및 실습 | 종교 상징의 세계 | 초급스페인어 1 | 대학 글쓰기 1,919A,6,94,1184,928,141,True,exact,141,143.7,0.0,143.7,161.7,164.2,183.4,0.752,38.6,238.9,18.0,0.111,95.2,26.1,5.498,143.7,0.0,True,126.3,0.138,3.831,61,69,326.411-001 326.412-001 M1399.001500-001 C20.136-001 F24.101-014 F11.101-075,0.553,True
564,자연과학대학,통계학과,4학년,베이즈통계 및 실습 | 생존자료분석 및 실습 | 자료분석 심화방법론 및 실습 | 종교 상징의 세계 | 초급스페인어 1 | 대학 글쓰기 1,GATE,6,94,1184,928,141,True,exact,141,146.1,0.0,146.1,163.2,165.3,186.5,0.752,38.6,240.5,17.1,0.105,94.3,25.3,5.785,146.1,0.0,True,138.5,0.055,3.757,50,58,326.411-001 326.412-001 M1399.001500-001 C20.136-001 F24.101-014 F11.101-047,0.516,True
565,사범대학,영어교육과,4학년,영미희곡 | 어휘와 문법 지도법 | 과학기술과 사회 | 불교철학의 이해 | 통계학,919A,5,9,12,12,1,False,exact,1,130.8,0.0,130.8,130.8,130.8,130.8,0.0,0.0,130.8,0.0,0.0,0.0,34.3,3.814,130.8,0.0,True,115.1,0.136,0.141,1,6,707.322-001 707.305A-001 E11.107-001 E11.129-002 F32.102-012,0.022,True
565,사범대학,영어교육과,4학년,영미희곡 | 어휘와 문법 지도법 | 과학기술과 사회 | 불교철학의 이해 | 통계학,GATE,5,9,12,12,1,False,exact,1,154.7,0.0,154.7,154.7,154.7,154.7,0.0,0.0,154.7,0.0,0.0,0.0,34.9,4.43,154.7,0.0,True,144.5,0.07,0.123,1,6,707.322-001 707.305A-001 E11.107-001 E11.129-002 F32.102-012,0.013,True
566,인문대학,영어영문학과,1학년,영어학입문 | 영문학입문 | 언어의 세계 | 물리학실험 2 | 중급프랑스어 1,919A,5,55,147,36,55,True,exact,55,96.9,0.0,96.9,107.1,98.8,129.1,0.0,0.0,107.1,10.2,0.095,10.2,31.2,3.105,96.9,0.0,True,82.2,0.178,0.454,12,19,100.109-001 M1236.000600-001 C30.126-001 F26.201-001 F33.107L-040,0.076,True
566,인문대학,영어영문학과,1학년,영어학입문 | 영문학입문 | 언어의 세계 | 물리학실험 2 | 중급프랑스어 1,GATE,5,55,147,36,55,True,exact,55,130.6,0.0,130.6,139.3,133.2,156.0,0.0,0.0,139.3,8.7,0.063,8.7,31.7,4.126,130.6,0.0,True,123.2,0.06,0.612,12,19,100.109-001 M1236.000600-001 C30.126-001 F26.201-001 F33.107L-040,0.068,True
567,사범대학,화학교육과,3학년,무기화학 2 | 화학교재연구 및 지도법 | 물리화학실험 | 과학논리 및 논술 | 수학 2,919A,5,31,52,28,44,True,exact,44,128.4,0.0,128.4,130.3,128.8,144.3,0.023,0.1,130.4,1.8,0.014,2.0,31.2,4.117,128.4,0.0,True,112.0,0.146,0.683,20,26,718.312-001 718.419-001 718.319-001 700.401A-002 F31.105-006,0.113,True
567,사범대학,화학교육과,3학년,무기화학 2 | 화학교재연구 및 지도법 | 물리화학실험 | 과학논리 및 논술 | 수학 2,GATE,5,31,52,28,44,True,exact,44,171.2,0.0,171.2,174.9,175.0,177.2,0.023,0.1,175.1,3.7,0.021,3.9,33.7,5.077,171.2,0.0,True,159.7,0.072,0.75,24,30,718.312-001 718.419-001 718.319-001 700.401A-002 F31.105-006,0.11,True
568,미술대학,디자인과,2학년,타이포그래피디자인2 | 디자인사진 | 혼합재료모델링 | 디자인사 | 기독교와 서양문명 | 대학 글쓰기 1,919A,6,79,74,58,30,True,exact,30,130.9,0.0,130.9,140.9,134.6,159.6,0.033,0.1,141.1,10.1,0.072,10.3,26.9,4.872,131.2,0.3,False,110.4,0.185,1.495,25,31,M3389.001100-001 M1774.004200-001 M3389.002700-001 600.220A-001 C10.105-001 F11.101-030,0.208,True
568,미술대학,디자인과,2학년,타이포그래피디자인2 | 디자인사진 | 혼합재료모델링 | 디자인사 | 기독교와 서양문명 | 대학 글쓰기 1,GATE,6,79,74,58,30,True,exact,30,128.5,0.0,128.5,138.2,137.7,152.8,0.033,0.1,138.4,9.7,0.07,9.9,24.5,5.242,128.8,0.28,False,119.3,0.077,1.376,18,24,M3389.001100-001 M1774.004200-001 M3389.002700-001 600.220A-001 C10.105-001 F11.101-064,0.194,True
569,자연과학대학,통계학과,3학년,이산자료분석 및 실습 | 수리통계 2 | 다변량자료분석 및 실습 | 영상예술의 이해 | 물리학실험 2 | 공학수학 1,919A,6,61,980,240,39,True,exact,39,166.7,0.0,166.7,197.1,200.9,236.2,0.0,0.0,197.1,30.4,0.154,30.4,34.9,4.775,166.7,0.0,True,148.8,0.121,0.574,8,18,326.314-001 326.312-001 326.316-001 C10.142-002 F31.201-001 F33.107L-040,0.076,True
569,자연과학대학,통계학과,3학년,이산자료분석 및 실습 | 수리통계 2 | 다변량자료분석 및 실습 | 영상예술의 이해 | 물리학실험 2 | 공학수학 1,GATE,6,61,980,240,39,True,exact,39,153.1,0.0,153.1,177.4,181.7,211.8,0.0,0.0,177.4,24.3,0.137,24.3,26.7,5.741,153.1,0.0,True,147.0,0.041,0.571,8,18,326.314-001 326.312-001 326.316-001 C10.142-002 F31.201-001 F33.107L-040,0.065,True
570,미술대학,공예과,2학년,장신구 2 | 현대 공예론 | 자유성형기법 2 | 금속재료 및 기법 2 | 서양철학의 이해,919A,5,7,3,3,1,False,exact,1,139.3,0.0,139.3,139.3,139.3,139.3,0.0,0.0,139.3,0.0,0.0,0.0,31.0,4.499,139.3,0.0,True,117.5,0.186,0.126,1,6,6124.2104-001 M3388.000600-001 M1774.004600-001 6124.2116-001 C20.123-003,0.018,True
570,미술대학,공예과,2학년,장신구 2 | 현대 공예론 | 자유성형기법 2 | 금속재료 및 기법 2 | 서양철학의 이해,GATE,5,7,3,3,1,False,exact,1,120.3,0.0,120.3,120.3,120.3,120.3,0.0,0.0,120.3,0.0,0.0,0.0,31.2,3.854,120.3,0.0,True,109.4,0.1,0.117,1,6,6124.2104-001 M3388.000600-001 M1774.004600-001 6124.2116-001 C20.123-003,0.013,True
571,사범대학,물리교육과,2학년,물리수학 및 교육 1 | 물리실험 및 시범 2 | 전자기 및 교육 1 | 역학 및 교육 2 | 대학 글쓰기 2: 인문학글쓰기,919A,5,24,20,15,6,True,exact,6,97.9,0.0,97.9,100.2,98.3,110.4,0.0,0.0,100.2,2.3,0.023,2.3,22.5,4.36,98.3,0.46,False,85.4,0.146,0.441,5,10,717.223A-001 717.228-001 717.226A-001 717.225A-001 F11.201-006,0.031,True
571,사범대학,물리교육과,2학년,물리수학 및 교육 1 | 물리실험 및 시범 2 | 전자기 및 교육 1 | 역학 및 교육 2 | 대학 글쓰기 2: 인문학글쓰기,GATE,5,24,20,15,6,True,exact,6,140.1,0.0,140.1,147.2,141.6,172.7,0.0,0.0,147.2,7.1,0.048,7.1,30.0,4.663,140.1,0.0,True,128.3,0.092,0.233,5,10,717.223A-001 717.228-001 717.226A-001 717.225A-001 F11.201-008,0.054,True
572,사범대학,융합학습과학전공,2학년,학습자 역량 평가 | 학습분석과 학습설계 | 학습신경과학과 실험 | 다양한 학습자 이해와 맞춤형 학습 | 대학 글쓰기 1 | 대학 글쓰기 2: 사회과학글쓰기,919A,6,89,814,638,177,True,exact,177,79.9,0.0,79.9,103.7,106.0,130.9,0.0,0.0,103.7,23.8,0.229,23.8,18.6,4.292,80.2,0.32,False,69.4,0.152,3.573,48,58,M3762.001200-001 M3762.001300-001 M3762.000800-001 M3762.001000-001 F11.202-006 F11.101-070,0.511,True
572,사범대학,융합학습과학전공,2학년,학습자 역량 평가 | 학습분석과 학습설계 | 학습신경과학과 실험 | 다양한 학습자 이해와 맞춤형 학습 | 대학 글쓰기 1 | 대학 글쓰기 2: 사회과학글쓰기,GATE,6,89,814,638,177,True,exact,177,133.6,0.0,133.6,157.6,160.1,188.1,0.0,0.0,157.6,24.0,0.152,24.0,23.2,5.753,133.8,0.25,False,124.9,0.07,3.761,76,86,M3762.001200-001 M3762.001300-001 M3762.000800-001 M3762.001000-001 F11.202-007 F11.101-064,0.596,True
573,사범대학,물리교육과,2학년,전자기 및 교육 1 | 물리실험 및 시범 2 | 역학 및 교육 2 | 물리수학 및 교육 1 | 대학 글쓰기 2: 인문학글쓰기,919A,5,24,20,15,6,True,exact,6,97.9,0.0,97.9,100.2,98.3,110.4,0.0,0.0,100.2,2.3,0.023,2.3,22.5,4.36,98.3,0.46,False,85.4,0.146,0.266,5,10,717.226A-001 717.228-001 717.225A-001 717.223A-001 F11.201-006,0.035,True
573,사범대학,물리교육과,2학년,전자기 및 교육 1 | 물리실험 및 시범 2 | 역학 및 교육 2 | 물리수학 및 교육 1 | 대학 글쓰기 2: 인문학글쓰기,GATE,5,24,20,15,6,True,exact,6,140.1,0.0,140.1,147.2,141.6,172.7,0.0,0.0,147.2,7.1,0.048,7.1,30.0,4.663,140.1,0.0,True,128.3,0.092,0.365,5,10,717.226A-001 717.228-001 717.225A-001 717.223A-001 F11.201-008,0.025,True
574,자연과학대학,수리과학부,2학년,선형대수학 2 | 해석개론 및 연습 2 | 미분방정식 및 연습 | 매체로 보는 서양사 | 도스토예프스키와 톨스토이 | 대학 글쓰기 1,919A,6,79,74,58,52,True,exact,52,191.8,0.0,191.8,208.2,212.3,230.7,0.0,0.0,208.2,16.4,0.079,16.4,28.0,6.844,191.8,0.0,True,173.1,0.108,2.137,38,44,300.206A-001 M1407.000700-001 300.204-001 E11.118-001 C10.107-001 F11.101-019,0.302,True
574,자연과학대학,수리과학부,2학년,선형대수학 2 | 해석개론 및 연습 2 | 미분방정식 및 연습 | 매체로 보는 서양사 | 도스토예프스키와 톨스토이 | 대학 글쓰기 1,GATE,6,79,74,58,52,True,exact,52,179.0,0.0,179.0,193.7,190.5,215.3,0.0,0.0,193.7,14.7,0.076,14.7,31.7,5.647,179.0,0.0,True,171.6,0.043,1.945,35,41,300.206A-001 M1407.000700-001 300.204-001 E11.118-001 C10.107-001 F11.101-069,0.306,True
575,약학대학,약학대학,3학년,약학실습 3 | 약품분석학(심화) | 의약품합성화학(심화) | 면역질환과 면역치료 | 대학 글쓰기 2: 과학기술글쓰기,919A,5,32,28,11,7,True,exact,7,102.1,0.0,102.1,129.4,133.9,133.9,0.0,0.0,129.4,27.3,0.211,27.3,25.0,4.079,102.1,0.0,True,91.7,0.113,0.167,4,9,M2175.007100-001 M2175.006600-001 M2175.015600-001 M2175.012600-001 F11.203-020,0.025,True
575,약학대학,약학대학,3학년,약학실습 3 | 약품분석학(심화) | 의약품합성화학(심화) | 면역질환과 면역치료 | 대학 글쓰기 2: 과학기술글쓰기,GATE,5,32,28,11,7,True,exact,7,116.7,0.0,116.7,147.8,153.0,153.0,0.0,0.0,147.8,31.1,0.21,31.1,33.7,3.463,116.7,0.0,True,108.3,0.077,0.35,4,9,M2175.007100-001 M2175.006600-001 M2175.015600-001 M2175.012600-001 F11.203-020,0.018,True
576,사회과학대학,정치외교학부,1학년,국제정치학개론 | 정치학원론 | 대학 글쓰기 2: 인문학글쓰기 | 매체로 보는 서양사 | 논리학 | 철학개론,919A,6,32,400,300,89,True,exact,89,110.6,0.0,110.6,121.4,120.8,145.4,0.0,0.0,121.4,10.9,0.089,10.9,35.1,3.153,111.9,1.37,False,94.4,0.171,1.603,35,46,200.104-001 200.103-001 E11.118-001 C20.141-002 C20.106-003 F11.201-019,0.249,True
576,사회과학대학,정치외교학부,1학년,국제정치학개론 | 정치학원론 | 대학 글쓰기 2: 인문학글쓰기 | 매체로 보는 서양사 | 논리학 | 철학개론,GATE,6,32,400,300,89,True,exact,89,123.5,0.0,123.5,137.8,134.6,170.2,0.0,0.0,137.8,14.3,0.104,14.3,26.6,4.652,123.5,0.0,True,115.9,0.066,2.417,61,76,200.104-001 200.103-001 E11.118-001 C20.141-004 C20.106-003 F11.201-019,0.653,True
577,인문대학,언어학과,4학년,인문데이터과학연습 | 화용론 | 언어학연습 2 | 응용음성학 | 대학 글쓰기 2: 과학기술글쓰기,919A,5,32,28,11,23,True,exact,23,100.9,0.0,100.9,121.8,140.6,140.6,0.0,0.0,121.8,20.9,0.171,20.9,24.5,4.112,104.8,3.93,False,89.9,0.123,0.251,9,14,M2911.000300-001 108.420-001 108.418-001 108.415-001 F11.203-013,0.042,True
577,인문대학,언어학과,4학년,인문데이터과학연습 | 화용론 | 언어학연습 2 | 응용음성학 | 대학 글쓰기 2: 과학기술글쓰기,GATE,5,32,28,11,23,True,exact,23,114.1,0.0,114.1,143.6,167.1,167.1,0.0,0.0,143.6,29.5,0.205,29.5,30.1,3.794,114.1,0.0,True,108.1,0.055,0.3,9,14,M2911.000300-001 108.420-001 108.418-001 108.415-001 F11.203-013,0.035,True
578,미술대학,공예과,2학년,자유성형기법 2 | 금속공예 성형기법 2 | 장신구 2 | 금속재료 및 기법 2 | 대학 글쓰기 1,919A,5,78,74,58,23,True,exact,23,90.6,0.0,90.6,109.5,108.3,142.3,0.0,0.0,109.5,18.8,0.172,18.8,24.2,3.739,90.6,0.0,True,76.0,0.193,1.05,12,17,M1774.004600-001 M1788.001400-001 6124.2104-001 6124.2116-001 F11.101-046,0.129,True
578,미술대학,공예과,2학년,자유성형기법 2 | 금속공예 성형기법 2 | 장신구 2 | 금속재료 및 기법 2 | 대학 글쓰기 1,GATE,5,78,74,58,23,True,exact,23,65.8,0.0,65.8,93.1,84.0,127.4,0.0,0.0,93.1,27.3,0.293,27.3,19.3,3.411,65.8,0.0,True,60.5,0.086,0.993,11,16,M1774.004600-001 M1788.001400-001 6124.2104-001 6124.2116-001 F11.101-032,0.103,True
579,약학대학,약학대학,3학년,약학실습 4 | 약물학 1 | 의약품합성화학(심화) | 약품분석학(심화) | 물리학실험 2 | 대학 글쓰기 2: 과학기술글쓰기,919A,6,81,1372,132,200,True,exact,200,135.7,0.0,135.7,149.8,139.6,169.2,0.0,0.0,149.8,14.1,0.094,14.1,33.2,4.084,135.7,0.0,True,121.8,0.114,0.723,15,24,M2175.008400-001 M2175.006000-001 M2175.015600-001 M2175.006600-001 F11.203-003 F33.107L-031,0.105,True
579,약학대학,약학대학,3학년,약학실습 4 | 약물학 1 | 의약품합성화학(심화) | 약품분석학(심화) | 물리학실험 2 | 대학 글쓰기 2: 과학기술글쓰기,GATE,6,81,1372,132,200,True,exact,200,153.1,0.0,153.1,164.7,154.9,182.4,0.0,0.0,164.7,11.6,0.071,11.6,35.7,4.287,153.2,0.11,False,141.3,0.083,0.67,15,24,M2175.008400-001 M2175.006000-001 M2175.015600-001 M2175.006600-001 F11.203-003 F33.107L-042,0.092,True
580,인문대학,고고미술사학과,2학년,미술사와 시각문화 | 20세기의 한국 회화 | 중국의 미술 | 고고학연구의 기초 | 생명과학을 위한 수학 1,919A,5,6,2,2,2,True,exact,2,112.3,0.0,112.3,129.2,129.2,146.1,0.0,0.0,129.2,16.9,0.131,16.9,31.7,3.542,112.3,0.0,True,96.5,0.163,0.11,2,7,100.160-001 M1265.000700-003 116.215A-001 100.158-001 F31.111-002,0.015,True
580,인문대학,고고미술사학과,2학년,미술사와 시각문화 | 20세기의 한국 회화 | 중국의 미술 | 고고학연구의 기초 | 생명과학을 위한 수학 1,GATE,5,6,2,2,2,True,exact,2,132.6,0.0,132.6,144.1,144.1,155.7,0.0,0.0,144.1,11.6,0.08,11.6,32.5,4.084,132.6,0.0,True,124.8,0.062,0.104,2,7,100.160-001 M1265.000700-003 116.215A-001 100.158-001 F31.111-002,0.012,True
581,인문대학,서어서문학과,1학년,스페인어의 세계 | 스페인 영화의 이해 | 수학 2 | 대학 글쓰기 1 | 물리학실험 2,919A,5,151,94276,9744,46093,True,sample,4000,136.0,0.0,136.0,154.3,152.8,,0.001,0.0,154.3,18.3,0.119,18.3,28.0,4.856,136.0,0.05,False,117.0,0.162,65.9,1654,1751,100.127-001 100.126A-001 F33.107L-004 F31.105-009 F11.101-075,13.64,True
581,인문대학,서어서문학과,1학년,스페인어의 세계 | 스페인 영화의 이해 | 수학 2 | 대학 글쓰기 1 | 물리학실험 2,GATE,5,151,94276,9744,46093,True,sample,4000,143.8,0.0,143.8,160.2,159.5,,0.001,0.0,160.2,16.4,0.103,16.4,25.3,5.68,144.1,0.34,False,137.0,0.05,67.712,1302,1407,100.127-001 100.126A-001 F33.107L-004 F31.105-006 F11.101-064,13.023,True
582,음악대학,작곡과,1학년,이론(화성·대위·분석)2 | 대학 글쓰기 2: 인문학글쓰기 | 수학연습 2 | 대학 글쓰기 1 | 컴퓨팅 기초: 처음 만나는 컴퓨팅,919A,5,159,1265400,118320,>=50000,True,sample,4000,86.7,0.0,86.7,164.9,166.0,,0.011,0.0,165.0,78.2,0.474,78.3,33.6,2.582,87.4,0.7,False,76.3,0.136,32.917,458,530,M1797.002000-005 F37.101-003 F11.201-005 F31.105L-004 F11.101-056,6.679,True
582,음악대학,작곡과,1학년,이론(화성·대위·분석)2 | 대학 글쓰기 2: 인문학글쓰기 | 수학연습 2 | 대학 글쓰기 1 | 컴퓨팅 기초: 처음 만나는 컴퓨팅,GATE,5,159,1265400,118320,>=50000,True,sample,4000,77.5,0.0,77.5,156.0,158.1,,0.011,0.0,156.0,78.5,0.503,78.5,27.6,2.807,77.5,0.0,True,72.2,0.073,30.931,200,274,M1797.002000-005 F37.101-003 F11.201-005 F31.105L-033 F11.101-039,5.641,True
583,공과대학,원자핵공학과,3학년,원자핵공학세미나 1 | 핵연료주기공학 | 핵계측 | 원자력 재료 실험 | 물리학 2,919A,5,10,6,6,5,True,exact,5,213.1,0.0,213.1,217.5,214.1,223.4,0.0,0.0,217.5,4.4,0.02,4.4,38.8,5.486,213.1,0.0,True,193.8,0.099,0.188,5,10,409.328-001 M1509.001400-001 409.224B-001 M1509.001700-001 F33.107-010,0.038,True
583,공과대학,원자핵공학과,3학년,원자핵공학세미나 1 | 핵연료주기공학 | 핵계측 | 원자력 재료 실험 | 물리학 2,GATE,5,10,6,6,5,True,exact,5,218.8,0.0,218.8,226.9,226.9,234.7,0.0,0.0,226.9,8.1,0.036,8.1,35.7,6.124,218.8,0.0,True,208.8,0.048,0.159,5,10,409.328-001 M1509.001400-001 409.224B-001 M1509.001700-001 F33.107-007,0.023,True
584,미술대학,공예과,3학년,도자와 문화 2 | 제품도자 2 | 제품금속 | 장신구 4 | 과학기술과 사회,919A,5,6,2,2,1,False,exact,1,172.4,0.0,172.4,172.4,172.4,172.4,0.0,0.0,172.4,0.0,0.0,0.0,31.5,5.47,172.4,0.0,True,149.6,0.153,0.092,1,6,6123.3110-001 6123.3104-001 6121.3206-001 6124.3104-001 E11.107-002,0.017,True
584,미술대학,공예과,3학년,도자와 문화 2 | 제품도자 2 | 제품금속 | 장신구 4 | 과학기술과 사회,GATE,5,6,2,2,1,False,exact,1,141.2,0.0,141.2,141.2,141.2,141.2,0.0,0.0,141.2,0.0,0.0,0.0,19.3,7.321,141.2,0.0,True,132.7,0.063,0.087,1,6,6123.3110-001 6123.3104-001 6121.3206-001 6124.3104-001 E11.107-002,0.011,True
585,농업생명과학대학,농업생명과학대학,3학년,농업법개론 | 분자생물학 | 유전학 및 실험 | 말하기와 토론 | 약과 건강 | 베리타스 강좌 1: 혁신의 통합적인 시각,919A,6,11,6,6,1,False,exact,1,191.7,0.0,191.7,191.7,191.7,191.7,0.0,0.0,191.7,0.0,0.0,0.0,57.7,3.324,191.7,0.0,True,169.6,0.13,0.223,1,7,500.307-001 500.402-001 500.203-001 E11.212-001 V10.128-001 F12.102-006,0.047,True
585,농업생명과학대학,농업생명과학대학,3학년,농업법개론 | 분자생물학 | 유전학 및 실험 | 말하기와 토론 | 약과 건강 | 베리타스 강좌 1: 혁신의 통합적인 시각,GATE,6,11,6,6,1,False,exact,1,175.8,0.0,175.8,175.8,175.8,175.8,0.0,0.0,175.8,0.0,0.0,0.0,51.1,3.444,175.8,0.0,True,165.6,0.062,0.187,1,7,500.307-001 500.402-001 500.203-001 E11.212-001 V10.128-001 F12.102-006,0.021,True
586,사범대학,지구과학교육과,2학년,고체지구과학 및 실험 2 | 에어로졸 화학과 기후 변화 | 천체지구과학 및 실험 2 | 고체지구물리학 및 실험 2 | 불교철학의 이해,919A,5,6,2,2,1,False,exact,1,104.0,0.0,104.0,104.0,104.0,104.0,0.0,0.0,104.0,0.0,0.0,0.0,32.7,3.183,104.0,0.0,True,92.6,0.123,0.098,1,6,721.264-001 M1882.001500-001 721.267-001 721.222-001 E11.129-002,0.01,True
586,사범대학,지구과학교육과,2학년,고체지구과학 및 실험 2 | 에어로졸 화학과 기후 변화 | 천체지구과학 및 실험 2 | 고체지구물리학 및 실험 2 | 불교철학의 이해,GATE,5,6,2,2,1,False,exact,1,146.5,0.0,146.5,146.5,146.5,146.5,0.0,0.0,146.5,0.0,0.0,0.0,38.4,3.818,146.5,0.0,True,134.9,0.086,0.103,1,6,721.264-001 M1882.001500-001 721.267-001 721.222-001 E11.129-002,0.007,True
587,농업생명과학대학,산림과학부,3학년,생태경제학 및 실습 | 제지화학 및 실험 | 산림보호학 및 실험 | 국제자연환경관리실습 | 생물학실험 2 | 글로벌 이슈와 윤리적 사고,919A,6,14,9,6,8,True,exact,8,186.8,0.0,186.8,193.7,186.8,222.5,0.0,0.0,193.7,6.9,0.036,6.9,40.1,4.652,186.8,0.0,True,168.8,0.107,0.175,5,11,5241.311-002 5242.306-001 M1698.000200-002 5241.218-002 C30.106-001 F35.105L-005,0.053,True
587,농업생명과학대학,산림과학부,3학년,생태경제학 및 실습 | 제지화학 및 실험 | 산림보호학 및 실험 | 국제자연환경관리실습 | 생물학실험 2 | 글로벌 이슈와 윤리적 사고,GATE,6,14,9,6,8,True,exact,8,172.8,0.0,172.8,176.3,172.8,198.3,0.0,0.0,176.3,3.5,0.02,3.5,40.1,4.31,172.8,0.0,True,166.0,0.041,0.22,5,11,5241.311-002 5242.306-001 M1698.000200-002 5241.218-002 C30.106-001 F35.105L-005,0.032,True
588,사회과학대학,사회학과,3학년,변화하는 산업과 일의 세계 | 현대사회학이론 | 계산사회과학 입문 | 도시사회학 | 글쓰기 세미나,919A,5,16,12,10,12,True,exact,12,104.0,0.0,104.0,116.9,124.0,127.0,0.0,0.0,116.9,12.9,0.11,12.9,38.0,2.735,104.0,0.0,True,88.5,0.175,0.278,9,14,M1304.003100-001 205.301-001 M1304.003000-001 205.212-001 E52.102-005,0.055,True
588,사회과학대학,사회학과,3학년,변화하는 산업과 일의 세계 | 현대사회학이론 | 계산사회과학 입문 | 도시사회학 | 글쓰기 세미나,GATE,5,16,12,10,12,True,exact,12,68.6,0.0,68.6,78.2,83.4,85.5,0.0,0.0,78.2,9.6,0.123,9.6,27.6,2.484,68.6,0.0,True,64.8,0.058,0.266,9,14,M1304.003100-001 205.301-001 M1304.003000-001 205.212-001 E52.102-010,0.039,True
589,공과대학,기계공학부,2학년,동역학 | 유체역학 | 역학과 설계 | 초급한문 2 | 물리학 2 | 통계학실험,919A,6,17,120,60,34,True,exact,34,257.9,7.0,271.9,283.3,284.6,298.9,1.0,14.6,312.5,25.4,0.09,40.6,54.2,4.759,257.6,21.1,False,228.5,0.129,0.697,12,24,M2794.001200-001 M2794.001300-001 M2794.001400-001 F28.102-002 F32.102L-007 F33.107-010,0.116,True
589,공과대학,기계공학부,2학년,동역학 | 유체역학 | 역학과 설계 | 초급한문 2 | 물리학 2 | 통계학실험,GATE,6,17,120,60,34,True,exact,34,298.2,7.0,312.2,306.2,307.2,326.4,1.0,14.6,335.3,7.9,0.026,23.1,58.3,5.118,278.2,1.41,False,267.4,0.115,0.683,11,23,M2794.001200-001 M2794.001300-001 M2794.001400-001 F28.102-002 F32.102L-007 F33.107-010,0.094,True
590,공과대학,공과대학,2학년,사물인터넷과 공학설계 | 대학 글쓰기 1 | 논리학 | 물리학실험 2 | 한국음악개론,919A,5,130,18130,3480,4046,True,exact,4046,100.8,0.0,100.8,143.1,140.0,185.5,0.037,0.1,143.3,42.3,0.296,42.5,41.1,2.451,100.8,0.0,True,88.8,0.134,6.725,65,82,M2177.008800-001 E12.108-001 C20.106-003 F33.107L-004 F11.101-069,1.048,True
590,공과대학,공과대학,2학년,사물인터넷과 공학설계 | 대학 글쓰기 1 | 논리학 | 물리학실험 2 | 한국음악개론,GATE,5,130,18130,3480,4046,True,exact,4046,107.0,0.0,107.0,147.4,145.3,192.4,0.037,0.1,147.6,40.4,0.274,40.6,38.4,2.785,107.0,0.0,True,101.4,0.055,6.18,64,81,M2177.008800-001 E12.108-001 C20.106-002 F33.107L-013 F11.101-072,1.19,True
591,인문대학,서어서문학과,1학년,스페인어의 세계 | 스페인 영화의 이해 | 고급수학 2 | 서양철학의 이해 | 물리학실험 2,919A,5,57,441,108,217,True,exact,217,137.7,0.0,137.7,151.5,152.2,167.5,0.0,0.0,151.5,13.8,0.091,13.8,31.9,4.317,137.7,0.0,True,118.7,0.16,1.041,16,26,100.127-001 100.126A-001 F31.107-003 C20.123-002 F33.107L-012,0.168,True
591,인문대학,서어서문학과,1학년,스페인어의 세계 | 스페인 영화의 이해 | 고급수학 2 | 서양철학의 이해 | 물리학실험 2,GATE,5,57,441,108,217,True,exact,217,151.0,0.0,151.0,165.2,168.9,178.5,0.0,0.0,165.2,14.2,0.086,14.2,31.9,4.734,151.0,0.0,True,142.6,0.059,1.062,26,36,100.127-001 100.126A-001 F31.107-003 C20.123-002 F33.107L-022,0.193,True
592,공과대학,컴퓨터공학부,1학년,이산수학 | 컴퓨팅 살펴보기 | 동서양 명작 읽기 | 일본대중문화 | 대학영어 1,919A,5,60,110,108,19,True,exact,19,237.3,0.0,237.3,257.6,263.7,267.0,0.368,4.6,266.7,20.3,0.079,29.5,72.3,3.282,237.3,0.0,True,208.1,0.14,0.952,12,17,4190.101-001 M1522.007600-001 E11.166-001 C10.110-002 F21.101-028,0.117,True
592,공과대학,컴퓨터공학부,1학년,이산수학 | 컴퓨팅 살펴보기 | 동서양 명작 읽기 | 일본대중문화 | 대학영어 1,GATE,5,60,110,108,19,True,exact,19,262.0,0.0,262.0,285.6,290.0,302.5,0.368,4.6,294.8,23.7,0.083,32.8,68.8,3.81,262.0,0.0,True,235.3,0.113,0.888,10,15,4190.101-001 M1522.007600-001 E11.166-001 C10.110-002 F21.101-029,0.089,True
593,인문대학,아시아언어문명학부,3학년,말레이-인도네시아어 강독 2 | 해양부 동남아시아의 사회와 문화 | 중급 아랍어 2 | 일본현대소설 | 대학 글쓰기 1,919A,5,78,74,58,38,True,exact,38,111.1,0.0,111.1,124.4,123.3,140.7,0.0,0.0,124.4,13.3,0.107,13.3,18.7,5.939,111.1,0.0,True,93.2,0.192,1.273,29,34,1003.354-001 M2641.002100-001 M2752.001400-001 1003.375-001 F11.101-019,0.178,True
593,인문대학,아시아언어문명학부,3학년,말레이-인도네시아어 강독 2 | 해양부 동남아시아의 사회와 문화 | 중급 아랍어 2 | 일본현대소설 | 대학 글쓰기 1,GATE,5,78,74,58,38,True,exact,38,148.3,0.0,148.3,158.4,153.0,175.0,0.0,0.0,158.4,10.2,0.064,10.2,22.8,6.518,148.3,0.0,True,140.0,0.059,1.158,23,28,1003.354-001 M2641.002100-001 M2752.001400-001 1003.375-001 F11.101-050,0.149,True
594,첨단융합학부,첨단융합학부,2학년,세포생물학 | 인류를 구원한 혁신신약 | 결정학 기초 | 지속가능 물리화학 | 대학 글쓰기 1 | 라틴어 1,919A,6,84,444,348,177,True,exact,177,146.4,0.0,146.4,182.3,180.6,230.1,0.102,0.3,182.8,35.9,0.197,36.5,28.1,5.199,146.7,0.3,False,133.5,0.096,2.312,38,45,M3638.002800-001 M3638.002400-001 M3637.002100-001 M3632.001300-001 F29.103-006 F11.101-070,0.458,True
594,첨단융합학부,첨단융합학부,2학년,세포생물학 | 인류를 구원한 혁신신약 | 결정학 기초 | 지속가능 물리화학 | 대학 글쓰기 1 | 라틴어 1,GATE,6,84,444,348,177,True,exact,177,176.1,0.0,176.1,208.6,209.3,254.0,0.102,0.3,209.2,32.5,0.156,33.1,31.6,5.565,176.1,0.04,True,162.3,0.085,1.53,18,24,M3638.002800-001 M3638.002400-001 M3637.002100-001 M3632.001300-001 F29.103-001 F11.101-064,0.193,True
595,공과대학,에너지자원공학과,3학년,지구통계학 | 에너지GIS | 암반공학응용 및 설계 | 에너지자원처리공학 | 대학 글쓰기 2: 사회과학글쓰기,919A,5,15,11,11,7,True,exact,7,172.0,0.0,172.0,181.7,172.0,222.9,0.0,0.0,181.7,9.7,0.053,9.7,40.0,4.297,172.0,0.0,True,158.8,0.084,0.23,6,11,465.315-001 465.215A-001 465.326-001 M1594.003900-001 F11.202-003,0.029,True
595,공과대학,에너지자원공학과,3학년,지구통계학 | 에너지GIS | 암반공학응용 및 설계 | 에너지자원처리공학 | 대학 글쓰기 2: 사회과학글쓰기,GATE,5,15,11,11,7,True,exact,7,184.7,0.0,184.7,193.1,186.4,220.2,0.0,0.0,193.1,8.4,0.043,8.4,41.8,4.419,186.4,1.74,False,175.8,0.05,0.427,6,11,465.315-001 465.215A-001 465.326-001 M1594.003900-001 F11.202-006,0.025,True
596,혁신공유학부,혁신공유학부,1학년,(공유)데이터 창업 설계 기초 이론 | (공유)빅데이터 개론 1 | 문명과 수학 | 대학 글쓰기 1 | 라틴아메리카 문학과 사회,919A,5,80,296,232,96,True,exact,96,141.4,0.0,141.4,159.4,162.9,179.9,0.0,0.0,159.4,17.9,0.113,17.9,29.8,4.748,141.4,0.0,True,125.8,0.125,2.395,49,56,E11.120-001 C30.111-001 M3500.010200-001 M3500.000300-001 F11.101-072,0.342,True
596,혁신공유학부,혁신공유학부,1학년,(공유)데이터 창업 설계 기초 이론 | (공유)빅데이터 개론 1 | 문명과 수학 | 대학 글쓰기 1 | 라틴아메리카 문학과 사회,GATE,5,80,296,232,96,True,exact,96,128.5,0.0,128.5,146.8,146.5,166.4,0.0,0.0,146.8,18.3,0.125,18.3,29.8,4.31,128.5,0.0,True,123.8,0.038,2.088,26,33,E11.120-001 C30.111-001 M3500.010200-001 M3500.000300-001 F11.101-051,0.308,True
597,사범대학,지리교육과,1학년,환경과 지리 | 세계지리 | 죽음의 과학적 이해 | 사상과 윤리 | 문명과 수학,919A,5,7,3,3,2,False,exact,2,158.0,0.0,158.0,158.0,158.0,158.0,0.0,0.0,158.0,0.0,0.0,0.0,40.6,3.889,158.0,0.0,True,141.9,0.113,0.13,2,7,700.108-001 M0.011700-001 E11.174-001 E11.120-001 C20.117-002,0.022,True
597,사범대학,지리교육과,1학년,환경과 지리 | 세계지리 | 죽음의 과학적 이해 | 사상과 윤리 | 문명과 수학,GATE,5,7,3,3,2,False,exact,2,166.8,0.0,166.8,166.8,166.8,166.8,0.0,0.0,166.8,0.0,0.0,0.0,36.2,4.612,166.8,0.0,True,157.8,0.057,0.126,2,7,700.108-001 M0.011700-001 E11.174-001 E11.120-001 C20.117-002,0.021,True
598,인문대학,독어독문학과,3학년,독일소설 | 독일지성 고전읽기 | 독문학과 공연예술 | 독일어의 구조 | 베리타스 강좌 1: 노벨과학상과 인류,919A,5,5,1,1,1,False,exact,1,109.4,0.0,109.4,109.4,109.4,109.4,0.0,0.0,109.4,0.0,0.0,0.0,34.0,3.223,109.4,0.0,True,93.9,0.165,0.066,1,6,105.323A-001 M1241.000800-001 105.329A-001 105.331-001 V10.116-001,0.008,True
598,인문대학,독어독문학과,3학년,독일소설 | 독일지성 고전읽기 | 독문학과 공연예술 | 독일어의 구조 | 베리타스 강좌 1: 노벨과학상과 인류,GATE,5,5,1,1,1,False,exact,1,110.6,0.0,110.6,110.6,110.6,110.6,0.0,0.0,110.6,0.0,0.0,0.0,26.4,4.185,110.6,0.0,True,104.1,0.062,0.062,1,6,105.323A-001 M1241.000800-001 105.329A-001 105.331-001 V10.116-001,0.006,True
599,미술대학,조소과,2학년,작품연구: 예술과 기술 | 목조 2: 재료와 맥락 | 금속조 2: 재료와 맥락 | 한국조각의 이해 | 컴퓨팅 기초: 처음 만나는 컴퓨팅,919A,5,23,19,8,13,True,exact,13,127.2,0.0,127.2,151.2,141.2,165.2,0.0,0.0,151.2,24.0,0.158,24.0,42.6,2.989,127.2,0.0,True,108.7,0.171,0.316,5,10,M1767.001200-001 M1767.001600-001 M1767.001800-001 M1767.002400-001 F37.101-006,0.026,True
599,미술대학,조소과,2학년,작품연구: 예술과 기술 | 목조 2: 재료와 맥락 | 금속조 2: 재료와 맥락 | 한국조각의 이해 | 컴퓨팅 기초: 처음 만나는 컴퓨팅,GATE,5,23,19,8,13,True,exact,13,96.3,0.0,96.3,116.6,110.3,126.4,0.0,0.0,116.6,20.4,0.175,20.4,32.4,2.971,96.3,0.0,True,89.7,0.074,0.204,5,10,M1767.001200-001 M1767.001600-001 M1767.001800-001 M1767.002400-001 F37.101-006,0.02,True
600,사범대학,국어교육과,4학년,국어의미화용교육론 | 국어교육세미나 | 한국구비문학교육론 | 서양철학의 이해 | 컴퓨팅 기초: 처음 만나는 컴퓨팅,919A,5,25,57,24,12,True,exact,12,94.3,0.0,94.3,121.9,129.0,130.0,0.0,0.0,121.9,27.6,0.226,27.6,32.6,2.891,94.3,0.0,True,82.0,0.15,0.429,7,13,705.418B-001 705.423-001 705.419-001 C20.123-003 F37.101-006,0.046,True
600,사범대학,국어교육과,4학년,국어의미화용교육론 | 국어교육세미나 | 한국구비문학교육론 | 서양철학의 이해 | 컴퓨팅 기초: 처음 만나는 컴퓨팅,GATE,5,25,57,24,12,True,exact,12,142.8,0.0,142.8,165.8,171.8,174.2,0.0,0.0,165.8,23.0,0.139,23.0,36.7,3.888,142.8,0.0,True,133.1,0.073,0.266,7,13,705.418B-001 705.423-001 705.419-001 C20.123-003 F37.101-006,0.032,True
601,인문대학,역사학부,3학년,한국사특강 2 | 번역과 동아시아의 근대 | 중국근세사 | 한문사료강독 2 | 인간생활과 경제,919A,5,5,1,1,1,False,exact,1,105.2,0.0,105.2,105.2,105.2,105.2,0.0,0.0,105.2,0.0,0.0,0.0,36.2,2.904,105.2,0.0,True,89.0,0.181,0.073,1,6,M3544.000900-001 M3563.000400-001 M3545.001100-002 M3533.000500-001 E11.165-001,0.011,True
601,인문대학,역사학부,3학년,한국사특강 2 | 번역과 동아시아의 근대 | 중국근세사 | 한문사료강독 2 | 인간생활과 경제,GATE,5,5,1,1,1,False,exact,1,105.3,0.0,105.3,105.3,105.3,105.3,0.0,0.0,105.3,0.0,0.0,0.0,32.0,3.294,105.3,0.0,True,97.2,0.083,0.068,1,6,M3544.000900-001 M3563.000400-001 M3545.001100-002 M3533.000500-001 E11.165-001,0.007,True
602,혁신공유학부,혁신공유학부,1학년,(공유)데이터 창업 설계 기초 이론 | (공유)그린바이오 현미경 개론 | 북한학개론 | 대학 글쓰기 1 | 중국의 전통과 현대,919A,5,80,296,232,156,True,exact,156,141.2,0.0,141.2,158.8,160.2,184.9,0.0,0.0,158.8,17.7,0.111,17.7,32.6,4.334,141.2,0.0,True,127.5,0.108,2.853,49,58,M3502.015100-001 C20.139-001 M3500.010200-001 E11.128-002 F11.101-077,0.456,True
602,혁신공유학부,혁신공유학부,1학년,(공유)데이터 창업 설계 기초 이론 | (공유)그린바이오 현미경 개론 | 북한학개론 | 대학 글쓰기 1 | 중국의 전통과 현대,GATE,5,80,296,232,156,True,exact,156,150.4,0.0,150.4,167.5,161.4,195.2,0.0,0.0,167.5,17.1,0.102,17.1,34.1,4.41,150.8,0.39,False,143.7,0.047,3.171,50,59,M3502.015100-001 C20.139-001 M3500.010200-001 E11.128-001 F11.101-054,0.453,True
603,인문대학,노어노문학과,2학년,슬라브어의 과거와 현재 | 러시아 공연예술 연습 | 러시아문학사1 | 러시아 영화와 현대사회 | 물리학실험 2,919A,5,53,49,12,23,True,exact,23,111.7,0.0,111.7,118.3,111.7,137.1,0.0,0.0,118.3,6.7,0.056,6.7,35.7,3.132,111.7,0.06,False,96.5,0.158,0.309,6,11,M1242.001300-001 M1242.003100-001 106.345-001 M1242.000200-001 F33.107L-042,0.026,True
603,인문대학,노어노문학과,2학년,슬라브어의 과거와 현재 | 러시아 공연예술 연습 | 러시아문학사1 | 러시아 영화와 현대사회 | 물리학실험 2,GATE,5,53,49,12,23,True,exact,23,115.1,0.0,115.1,121.2,115.4,138.1,0.0,0.0,121.2,6.1,0.051,6.1,30.9,3.724,115.4,0.33,False,109.3,0.053,0.154,5,10,M1242.001300-001 M1242.003100-001 106.345-001 M1242.000200-001 F33.107L-040,0.017,True
604,자연과학대학,화학부,3학년,유기재료화학: 설계 및 응용 | 화학과 AI | 양자화학 | 재료화학 1: 합성 및 특성 | 소그룹 고전원전읽기 2 | 화학실험,919A,6,27,112,91,34,True,exact,34,166.0,0.0,166.0,183.3,169.0,203.6,0.0,0.0,183.3,17.2,0.094,17.2,39.2,4.232,166.0,0.0,True,149.0,0.114,1.128,23,33,M1409.002600-001 M1409.002000-001 3343.410-001 M1409.002700-001 E52.104-007 F34.103L-025,0.18,True
604,자연과학대학,화학부,3학년,유기재료화학: 설계 및 응용 | 화학과 AI | 양자화학 | 재료화학 1: 합성 및 특성 | 소그룹 고전원전읽기 2 | 화학실험,GATE,6,27,112,91,34,True,exact,34,140.9,0.0,140.9,158.0,152.0,175.6,0.0,0.0,158.0,17.1,0.108,17.1,35.5,3.969,140.9,0.0,True,136.1,0.035,1.135,20,30,M1409.002600-001 M1409.002000-001 3343.410-001 M1409.002700-001 E52.104-003 F34.103L-017,0.15,True
605,미술대학,공예과,3학년,제품금속 | 금속공예 2 | 제품도자 2 | 도자와 문화 2 | 대학 글쓰기 1 | 약과 건강,919A,6,79,74,58,29,True,exact,29,124.6,0.0,124.6,150.2,152.8,168.4,0.0,0.0,150.2,25.6,0.17,25.6,38.1,3.268,124.6,0.0,True,104.9,0.187,1.142,11,17,6121.3206-001 6124.3102-001 6123.3104-001 6123.3110-001 E11.212-001 F11.101-014,0.147,True
605,미술대학,공예과,3학년,제품금속 | 금속공예 2 | 제품도자 2 | 도자와 문화 2 | 대학 글쓰기 1 | 약과 건강,GATE,6,79,74,58,29,True,exact,29,114.6,0.0,114.6,137.9,135.1,154.7,0.0,0.0,137.9,23.3,0.169,23.3,38.8,2.952,114.6,0.0,True,103.6,0.107,1.135,13,19,6121.3206-001 6124.3102-001 6123.3104-001 6123.3110-001 E11.212-001 F11.101-031,0.12,True
606,농업생명과학대학,식품·동물생명공학부,3학년,동물자원과학실험 | 식품공정학 | 반추동물영양학 및 실험 | 동물성식품학 및 실험 | 대학 글쓰기 1 | 고급영어: 문학,919A,6,82,296,232,116,True,exact,116,164.6,0.0,164.6,185.1,188.7,204.8,0.0,0.0,185.1,20.5,0.111,20.5,30.2,5.449,164.6,0.0,True,149.9,0.098,2.698,45,53,5252.305-001 5251.308-001 5252.309A-001 5252.405-001 F21.301-003 F11.101-019,0.672,True
606,농업생명과학대학,식품·동물생명공학부,3학년,동물자원과학실험 | 식품공정학 | 반추동물영양학 및 실험 | 동물성식품학 및 실험 | 대학 글쓰기 1 | 고급영어: 문학,GATE,6,82,296,232,116,True,exact,116,133.2,0.0,133.2,154.5,156.0,175.2,0.0,0.0,154.5,21.3,0.138,21.3,28.9,4.618,133.2,0.0,True,128.8,0.034,2.396,28,36,5252.305-001 5251.308-001 5252.309A-001 5252.405-001 F21.301-004 F11.101-049,0.339,True
607,학부대학,자유전공학부,3학년,자연과학융합세미나 | 사회과학융합세미나 | 고전탐구세미나 1 | 창의융합프로젝트 | 창의적 사고와 표현,919A,5,8,4,4,2,True,exact,2,110.9,0.0,110.9,112.8,112.8,114.6,0.0,0.0,112.8,1.8,0.016,1.8,30.6,3.63,110.9,0.0,True,94.1,0.179,0.155,2,7,M2199.001500-001 M2199.001400-001 991.307-001 991.306A-001 F12.103-002,0.02,True
607,학부대학,자유전공학부,3학년,자연과학융합세미나 | 사회과학융합세미나 | 고전탐구세미나 1 | 창의융합프로젝트 | 창의적 사고와 표현,GATE,5,8,4,4,2,True,exact,2,88.0,0.0,88.0,99.0,99.0,110.0,0.0,0.0,99.0,11.0,0.111,11.0,27.9,3.15,88.0,0.0,True,80.9,0.088,0.125,2,7,M2199.001500-001 M2199.001400-001 991.307-001 991.306A-001 F12.103-004,0.024,True
608,사범대학,독어교육과,4학년,독문학교수법 | 독일문학과 상호문화 | 생명의료윤리 | 대학 글쓰기 2: 사회과학글쓰기 | 수학 2 | 프랑스어권 문화의 이해,919A,6,43,1144,616,122,True,exact,122,139.8,0.0,139.8,146.7,146.1,173.1,0.238,0.2,147.2,6.9,0.047,7.4,35.0,3.999,139.8,0.0,True,121.9,0.147,2.422,52,66,709.427-001 709.433-001 C20.119-001 C10.157-004 F11.202-001 F31.105-002,0.399,True
608,사범대학,독어교육과,4학년,독문학교수법 | 독일문학과 상호문화 | 생명의료윤리 | 대학 글쓰기 2: 사회과학글쓰기 | 수학 2 | 프랑스어권 문화의 이해,GATE,6,43,1144,616,122,True,exact,122,154.0,0.0,154.0,175.7,178.1,192.5,0.238,0.2,176.2,21.7,0.124,22.2,34.8,4.433,154.0,0.0,True,141.9,0.086,1.45,28,38,709.427-001 709.433-001 C20.119-001 C10.157-004 F11.202-005 F31.105-006,0.195,True
609,사범대학,역사교육과,3학년,서양근대사 | 역사교육론 | 동아시아근현대사 | 한국근대사 | 논리학,919A,5,9,5,5,2,True,exact,2,98.3,0.0,98.3,99.9,99.9,101.6,0.0,0.0,99.9,1.7,0.017,1.7,19.2,5.113,98.3,0.0,True,85.3,0.153,0.146,2,7,712.233B-001 712.301-001 M1858.001400-001 712.215-001 C20.106-001,0.022,True
609,사범대학,역사교육과,3학년,서양근대사 | 역사교육론 | 동아시아근현대사 | 한국근대사 | 논리학,GATE,5,9,5,5,2,True,exact,2,174.6,0.0,174.6,175.8,175.8,177.0,0.0,0.0,175.8,1.2,0.007,1.2,32.8,5.326,174.6,0.0,True,162.5,0.074,0.13,2,7,712.233B-001 712.301-001 M1858.001400-001 712.215-001 C20.106-004,0.014,True
610,의과대학,의예과,2학년,몸 속으로의 여행: 인체와 수술 | 컴퓨팅 기초: 처음 만나는 컴퓨팅 | 고급영어: 영화 | 연극의 세계 | 초급중국어 1,919A,5,40,1330,560,295,True,exact,295,86.6,0.0,86.6,135.3,134.3,153.2,0.268,13.5,162.3,48.7,0.36,75.7,31.4,2.758,86.6,0.0,True,77.8,0.113,3.335,71,91,M2605.001300-001 C10.177-001 F21.306-003 F37.101-005 F25.101-010,0.524,True
610,의과대학,의예과,2학년,몸 속으로의 여행: 인체와 수술 | 컴퓨팅 기초: 처음 만나는 컴퓨팅 | 고급영어: 영화 | 연극의 세계 | 초급중국어 1,GATE,5,40,1330,560,295,True,exact,295,79.0,0.0,79.0,128.4,127.3,154.9,0.268,13.5,155.4,49.4,0.385,76.4,29.2,2.707,79.0,0.0,True,75.6,0.044,2.041,27,39,M2605.001300-001 C10.177-001 F21.306-003 F37.101-005 F25.101-010,0.267,True
611,자연과학대학,생명과학부,2학년,조직줄기세포학 | 생명과학전공실험2 | 유전학 | 미생물학 2: 생체-마이크로바이옴 상호작용 | 생명과학을 위한 수학 2,919A,5,18,120,60,56,True,exact,56,170.7,0.0,170.7,182.5,178.9,192.6,0.429,4.6,191.7,11.7,0.064,20.9,38.7,4.408,170.7,0.0,True,153.2,0.114,0.702,13,24,M1410.005100-001 M1410.004800-001 300.310-002 M1410.000200-001 F31.112-002,0.108,True
611,자연과학대학,생명과학부,2학년,조직줄기세포학 | 생명과학전공실험2 | 유전학 | 미생물학 2: 생체-마이크로바이옴 상호작용 | 생명과학을 위한 수학 2,GATE,5,18,120,60,56,True,exact,56,133.7,0.0,133.7,138.4,138.5,144.1,0.429,4.6,147.6,4.7,0.034,13.9,22.9,5.847,133.7,0.0,True,130.2,0.027,1.014,14,27,M1410.005100-001 M1410.004800-001 300.310-002 M1410.000200-005 F31.112-005,0.112,True
612,공과대학,원자핵공학과,3학년,원자력 재료 실험 | 핵연료주기공학 | 핵계측 | 수치해석기초 | 대학 글쓰기 2: 과학기술글쓰기 | 수학연습 2,919A,6,77,1260,187,527,True,exact,527,204.7,0.0,204.7,207.2,207.4,214.9,0.0,0.0,207.2,2.5,0.012,2.5,33.4,6.128,204.7,0.0,True,186.3,0.099,2.416,33,46,M1509.001700-001 M1509.001400-001 409.224B-001 409.310A-001 F11.203-020 F31.105L-006,0.4,True
612,공과대학,원자핵공학과,3학년,원자력 재료 실험 | 핵연료주기공학 | 핵계측 | 수치해석기초 | 대학 글쓰기 2: 과학기술글쓰기 | 수학연습 2,GATE,6,77,1260,187,527,True,exact,527,214.8,0.0,214.8,218.1,216.9,231.7,0.0,0.0,218.1,3.3,0.015,3.3,33.1,6.485,215.8,1.0,False,205.0,0.048,2.8,84,96,M1509.001700-001 M1509.001400-001 409.224B-001 409.310A-001 F11.203-013 F31.105L-010,0.467,True
613,인문대학,언어학과,2학년,인문데이터 수량분석 | 통사론 | 음운론 | 역사비교언어학 | 공학수학 1,919A,5,9,5,5,3,True,exact,3,114.5,0.0,114.5,114.7,114.5,115.2,0.0,0.0,114.7,0.2,0.002,0.2,34.1,3.361,114.5,0.0,True,101.2,0.131,0.136,3,8,M2911.000200-001 108.315-001 108.208-001 108.312-001 F31.201-003,0.019,True
613,인문대학,언어학과,2학년,인문데이터 수량분석 | 통사론 | 음운론 | 역사비교언어학 | 공학수학 1,GATE,5,9,5,5,3,True,exact,3,156.4,0.0,156.4,160.9,156.4,169.8,0.0,0.0,160.9,4.5,0.028,4.5,40.1,3.901,156.4,0.0,True,147.1,0.064,0.117,3,8,M2911.000200-001 108.315-001 108.208-001 108.312-001 F31.201-003,0.013,True
614,인문대학,고고미술사학과,4학년,현대미술과 시각문화 | 미술사실습 | 미술사연구이론 | 고고학연습 | 대중예술의 이해 | 심리학개론,919A,6,11,12,12,1,False,exact,1,124.2,0.0,124.2,124.2,124.2,124.2,0.0,0.0,124.2,0.0,0.0,0.0,25.8,4.81,124.2,0.0,True,107.9,0.151,0.117,1,7,116.435-001 116.324-001 116.427A-001 116.414B-001 C10.106-003 E11.146-001,0.014,True
614,인문대학,고고미술사학과,4학년,현대미술과 시각문화 | 미술사실습 | 미술사연구이론 | 고고학연습 | 대중예술의 이해 | 심리학개론,GATE,6,11,12,12,1,False,exact,1,132.2,0.0,132.2,132.2,132.2,132.2,0.0,0.0,132.2,0.0,0.0,0.0,21.8,6.06,132.2,0.0,True,124.8,0.059,0.136,1,7,116.435-001 116.324-001 116.427A-001 116.414B-001 C10.106-003 E11.146-001,0.01,True
615,자연과학대학,물리·천문학부,4학년,고에너지 천체물리와 활동성 블랙홀 | 물리연구 4 | 물리학과 신기술 | 빅데이터 천문학 | 불교철학의 이해,919A,5,6,2,2,1,False,exact,1,189.2,0.0,189.2,189.2,189.2,189.2,0.0,0.0,189.2,0.0,0.0,0.0,38.8,4.87,189.2,0.0,True,171.3,0.104,0.102,1,6,M1420.000700-001 M1419.000400-001 884.406A-001 M1420.000800-001 E11.129-002,0.017,True
615,자연과학대학,물리·천문학부,4학년,고에너지 천체물리와 활동성 블랙홀 | 물리연구 4 | 물리학과 신기술 | 빅데이터 천문학 | 불교철학의 이해,GATE,5,6,2,2,1,False,exact,1,206.5,0.0,206.5,206.5,206.5,206.5,0.0,0.0,206.5,0.0,0.0,0.0,39.0,5.292,206.5,0.0,True,193.3,0.068,0.104,1,6,M1420.000700-001 M1419.000400-001 884.406A-001 M1420.000800-001 E11.129-002,0.011,True
616,사범대학,교육학과,3학년,수업설계와 교육공학 | 교육사회학 | 교육학교과교육론 | 비교교육학: 개발 및 평화 | 대학 글쓰기 1,919A,5,78,74,58,41,True,exact,41,68.4,0.0,68.4,86.6,84.5,108.9,0.0,0.0,86.6,18.1,0.21,18.1,18.0,3.792,68.4,0.0,True,58.8,0.164,1.162,22,27,M1831.003600-001 701.206-001 701.427A-001 M1831.004200-001 F11.101-063,0.164,True
616,사범대학,교육학과,3학년,수업설계와 교육공학 | 교육사회학 | 교육학교과교육론 | 비교교육학: 개발 및 평화 | 대학 글쓰기 1,GATE,5,78,74,58,41,True,exact,41,110.0,0.0,110.0,138.3,137.6,159.1,0.0,0.0,138.3,28.3,0.205,28.3,24.4,4.516,110.0,0.0,True,101.5,0.083,1.117,26,31,M1831.003600-001 701.206-001 701.427A-001 M1831.004200-001 F11.101-049,0.154,True
617,농업생명과학대학,농경제사회학부,4학년,농식품산업정보분석론 | 지역정보학연구 | 식품마케팅 및 정보경영사례연구 | 수학연습 2 | 대학 글쓰기 1,919A,5,122,3330,986,1764,True,exact,1764,159.5,0.0,159.5,179.3,177.0,208.1,0.031,0.1,179.4,19.8,0.111,20.0,28.3,5.627,159.5,0.0,True,144.0,0.108,10.382,358,377,M1683.001000-002 5202.415-001 5202.414-002 F31.105L-002 F11.101-025,2.007,True
617,농업생명과학대학,농경제사회학부,4학년,농식품산업정보분석론 | 지역정보학연구 | 식품마케팅 및 정보경영사례연구 | 수학연습 2 | 대학 글쓰기 1,GATE,5,122,3330,986,1764,True,exact,1764,118.1,0.0,118.1,141.9,140.1,171.0,0.031,0.1,142.1,23.8,0.168,23.9,24.4,4.852,118.3,0.16,False,115.2,0.026,8.279,106,125,M1683.001000-002 5202.415-001 5202.414-002 F31.105L-017 F11.101-006,1.369,True
618,인문대학,중어중문학과,4학년,중국의 놀이와 노래 | 중국사회문화론특강 | 중국어발표와 토론 | 논리와 비판적 사고 | 맥락의 뇌과학,919A,5,8,4,4,2,True,exact,2,130.1,0.0,130.1,141.5,141.5,152.9,0.0,0.0,141.5,11.4,0.081,11.4,35.5,3.666,130.1,0.0,True,114.3,0.138,0.131,2,7,M1234.001500-001 102.422-001 102.424-001 C40.141-001 F12.101-001,0.023,True
618,인문대학,중어중문학과,4학년,중국의 놀이와 노래 | 중국사회문화론특강 | 중국어발표와 토론 | 논리와 비판적 사고 | 맥락의 뇌과학,GATE,5,8,4,4,2,True,exact,2,141.0,0.0,141.0,153.9,153.9,166.8,0.0,0.0,153.9,12.9,0.084,12.9,38.3,3.683,141.0,0.0,True,133.8,0.054,0.112,2,7,M1234.001500-001 102.422-001 102.424-001 C40.141-001 F12.101-001,0.016,True
619,공과대학,공과대학,2학년,사물인터넷과 공학설계 | 테마 중국사 | 대학 글쓰기 2: 과학기술글쓰기 | 생명과학을 위한 수학 1 | 인도의 전통과 현대 | 수학 2,919A,6,59,1456,308,136,True,exact,136,147.5,0.0,147.5,166.0,167.8,170.4,0.0,0.0,166.0,18.6,0.112,18.6,35.9,4.107,147.5,0.0,True,131.2,0.124,1.066,11,19,M2177.008800-001 C20.143-001 C10.150-001 F31.111-001 F11.203-001 F31.105-002,0.105,True
619,공과대학,공과대학,2학년,사물인터넷과 공학설계 | 테마 중국사 | 대학 글쓰기 2: 과학기술글쓰기 | 생명과학을 위한 수학 1 | 인도의 전통과 현대 | 수학 2,GATE,6,59,1456,308,136,True,exact,136,157.2,0.0,157.2,166.1,168.3,169.0,0.0,0.0,166.1,8.9,0.054,8.9,37.0,4.248,157.8,0.58,False,149.6,0.051,0.833,12,20,M2177.008800-001 C20.143-001 C10.150-001 F31.111-001 F11.203-004 F31.105-016,0.088,True
620,공과대학,전기·정보공학부,3학년,생체전기정보공학 | 컴퓨터 시스템 프로그래밍 | 공학연구의 실습 1 | 통신의 기초 | 컴퓨팅 탐색: 실생활에서 활용하기,919A,5,6,2,2,2,True,exact,2,324.8,0.0,324.8,318.1,318.1,324.8,0.5,8.9,335.8,-6.7,-0.021,11.0,65.4,4.968,311.4,22.0,False,291.6,0.114,0.123,2,7,M2608.000200-001 M2608.002600-001 400.320-001 430.317-001 F37.206-001,0.015,True
620,공과대학,전기·정보공학부,3학년,생체전기정보공학 | 컴퓨터 시스템 프로그래밍 | 공학연구의 실습 1 | 통신의 기초 | 컴퓨팅 탐색: 실생활에서 활용하기,GATE,5,6,2,2,2,True,exact,2,374.6,0.0,374.6,361.6,361.6,374.6,0.5,8.9,379.3,-13.0,-0.036,4.8,64.1,5.84,348.6,9.54,False,339.3,0.104,0.087,2,7,M2608.000200-001 M2608.002600-001 400.320-001 430.317-001 F37.206-001,0.01,True
621,공과대학,항공우주공학과,3학년,항공우주 센서시스템 | 항공기구조역학 | 제트추진 | 동서문명의 만남과 실크로드 | 대학 글쓰기 1,919A,5,78,74,58,57,True,exact,57,236.0,9.6,255.2,254.3,255.2,272.6,1.0,12.6,279.4,18.3,0.072,24.2,48.9,4.825,236.0,0.0,True,211.3,0.117,1.34,19,24,M3229.002500-001 M2795.002400-001 M2795.002500-001 C20.108-001 F11.101-030,0.193,True
621,공과대학,항공우주공학과,3학년,항공우주 센서시스템 | 항공기구조역학 | 제트추진 | 동서문명의 만남과 실크로드 | 대학 글쓰기 1,GATE,5,78,74,58,57,True,exact,57,278.7,9.6,297.9,293.2,289.8,318.8,1.0,12.6,318.3,14.5,0.049,20.4,53.6,5.197,278.7,0.0,True,250.8,0.111,1.378,21,26,M3229.002500-001 M2795.002400-001 M2795.002500-001 C20.108-001 F11.101-050,0.255,True
622,인문대학,서어서문학과,3학년,스페인희곡 | 중남미소설 | 중남미시연습 | 고급스페인어작문 | 고급수학연습 2,919A,5,10,6,5,6,True,exact,6,102.2,0.0,102.2,120.8,124.6,124.6,0.0,0.0,120.8,18.7,0.155,18.7,32.6,3.13,102.2,0.0,True,86.6,0.18,0.183,5,10,107.329-001 107.327A-001 107.335-001 M1244.000300-001 F31.107L-003,0.038,True
622,인문대학,서어서문학과,3학년,스페인희곡 | 중남미소설 | 중남미시연습 | 고급스페인어작문 | 고급수학연습 2,GATE,5,10,6,5,6,True,exact,6,125.7,0.0,125.7,141.8,145.0,145.0,0.0,0.0,141.8,16.1,0.113,16.1,30.8,4.086,125.7,0.0,True,118.9,0.057,0.338,5,10,107.329-001 107.327A-001 107.335-001 M1244.000300-001 F31.107L-003,0.029,True
623,공과대학,재료공학부,2학년,현대재료물리화학 | 재료수치해석 | 재료현대물리 | 예술과 사회 | 물리학 | 매체로 보는 서양사,919A,6,8,4,4,2,True,exact,2,155.5,0.0,155.5,160.0,160.0,164.5,0.0,0.0,160.0,4.5,0.028,4.5,38.9,3.996,155.5,0.0,True,139.9,0.111,0.177,2,9,445.214-002 C10.145-001 F33.105-001 E11.118-001 M1569.003300-002 445.202-001,0.027,True
623,공과대학,재료공학부,2학년,현대재료물리화학 | 재료수치해석 | 재료현대물리 | 예술과 사회 | 물리학 | 매체로 보는 서양사,GATE,6,8,4,4,2,True,exact,2,171.0,0.0,171.0,179.3,179.3,187.5,0.0,0.0,179.3,8.3,0.046,8.3,40.8,4.196,171.0,0.0,True,162.2,0.055,0.145,2,9,445.214-002 C10.145-001 F33.105-001 E11.118-001 M1569.003300-002 445.202-001,0.016,True
624,미술대학,서양화과,1학년,평면조형3 | 워크숍: 실험적 표현 | 대학 글쓰기 2: 과학기술글쓰기 | 중급프랑스어 1 | 베리타스 강좌 2: 예술과 법,919A,5,34,84,33,18,True,exact,18,131.0,0.0,131.0,134.0,131.4,139.5,0.0,0.0,134.0,3.0,0.022,3.0,31.9,4.105,131.0,0.0,True,114.1,0.149,0.454,8,14,M2182.000700-001 M1766.001400-001 V20.101-001 F26.201-002 F11.203-004,0.072,True
624,미술대학,서양화과,1학년,평면조형3 | 워크숍: 실험적 표현 | 대학 글쓰기 2: 과학기술글쓰기 | 중급프랑스어 1 | 베리타스 강좌 2: 예술과 법,GATE,5,34,84,33,18,True,exact,18,135.4,0.0,135.4,142.4,144.2,147.9,0.0,0.0,142.4,7.0,0.049,7.0,31.7,4.27,135.4,0.0,True,126.9,0.067,0.519,8,14,M2182.000700-001 M1766.001400-001 V20.101-001 F26.201-001 F11.203-006,0.049,True
625,생활과학대학,의류학과,2학년,의복생리학 및 개인보호복 실험 | 3D 패션스튜디오 | 의복구성실습 | 고급영어: 영화 | 영상예술의 이해,919A,5,12,20,20,2,True,exact,2,136.4,2.5,141.5,148.2,148.2,159.9,0.5,1.3,150.7,11.8,0.079,9.2,30.6,4.464,136.4,0.0,True,119.5,0.142,0.2,2,8,M1461.004000-001 M1461.002600-001 M1461.004200-001 C10.142-004 F21.306-005,0.028,True
625,생활과학대학,의류학과,2학년,의복생리학 및 개인보호복 실험 | 3D 패션스튜디오 | 의복구성실습 | 고급영어: 영화 | 영상예술의 이해,GATE,5,12,20,20,2,True,exact,2,113.3,2.5,118.3,130.0,130.0,146.8,0.5,1.3,132.6,16.8,0.129,14.2,24.2,4.673,113.3,0.0,True,105.1,0.078,0.219,2,8,M1461.004000-001 M1461.002600-001 M1461.004200-001 C10.142-004 F21.306-005,0.018,True
626,인문대학,노어노문학과,2학년,슬라브어의 과거와 현재 | 러시아문학사1 | 러시아 영화와 현대사회 | 러시아 공연예술 연습 | 컴퓨팅 기초: 처음 만나는 컴퓨팅 | 생물학실험,919A,6,46,437,96,47,True,exact,47,122.9,0.0,122.9,147.1,159.6,159.6,0.0,0.0,147.1,24.2,0.164,24.2,35.7,3.446,122.9,0.0,True,107.2,0.146,0.432,11,19,M1242.001300-001 106.345-001 M1242.000200-001 M1242.003100-001 F37.101-003 F35.103L-004,0.053,True
626,인문대학,노어노문학과,2학년,슬라브어의 과거와 현재 | 러시아문학사1 | 러시아 영화와 현대사회 | 러시아 공연예술 연습 | 컴퓨팅 기초: 처음 만나는 컴퓨팅 | 생물학실험,GATE,6,46,437,96,47,True,exact,47,121.6,0.0,121.6,141.8,151.1,151.1,0.0,0.0,141.8,20.2,0.142,20.2,30.9,3.935,121.6,0.0,True,116.0,0.048,0.397,9,17,M1242.001300-001 106.345-001 M1242.000200-001 M1242.003100-001 F37.101-003 F35.103L-004,0.043,True
627,인문대학,아시아언어문명학부,3학년,중급 아랍어 2 | 아시아문명연구의 시각 | 해양부 동남아시아의 사회와 문화 | 말레이-인도네시아어 강독 2 | 한국 수화 언어의 이해,919A,5,6,2,2,1,False,exact,1,110.7,0.0,110.7,110.7,110.7,110.7,0.0,0.0,110.7,0.0,0.0,0.0,23.1,4.79,110.7,0.0,True,92.7,0.194,0.08,1,6,M2752.001400-001 1003.421-001 M2641.002100-001 1003.354-001 E20.107-002,0.01,True
627,인문대학,아시아언어문명학부,3학년,중급 아랍어 2 | 아시아문명연구의 시각 | 해양부 동남아시아의 사회와 문화 | 말레이-인도네시아어 강독 2 | 한국 수화 언어의 이해,GATE,5,6,2,2,1,False,exact,1,149.8,0.0,149.8,149.8,149.8,149.8,0.0,0.0,149.8,0.0,0.0,0.0,29.1,5.142,149.8,0.0,True,141.1,0.061,0.072,1,6,M2752.001400-001 1003.421-001 M2641.002100-001 1003.354-001 E20.107-002,0.007,True
628,사범대학,불어교육과,4학년,프랑스어 데이터와 언어학 | 프랑스어교과논리 및 논술 | 초급스페인어 1 | 수채화의 기초 | 대학영어 1,919A,5,74,880,864,114,True,exact,114,106.9,0.0,106.9,126.7,128.2,143.8,0.509,26.4,179.4,19.7,0.156,72.5,29.6,3.609,106.9,0.0,True,90.7,0.179,3.169,31,39,M1851.002900-001 708.338A-001 E41.105-001 F24.101-005 F21.101-001,0.362,True
628,사범대학,불어교육과,4학년,프랑스어 데이터와 언어학 | 프랑스어교과논리 및 논술 | 초급스페인어 1 | 수채화의 기초 | 대학영어 1,GATE,5,74,880,864,114,True,exact,114,127.3,0.0,127.3,161.6,166.7,184.3,0.509,26.4,214.3,34.2,0.212,87.0,30.8,4.129,127.3,0.0,True,118.4,0.076,2.676,22,29,M1851.002900-001 708.338A-001 E41.105-001 F24.101-002 F21.101-013,0.297,True
629,음악대학,음악학과,3학년,음악연구방법론 | 음악비평 | 음악학세미나 2 | 영화음악의 이론과 실제 | 동양철학의 이해,919A,5,7,3,3,2,True,exact,2,103.8,0.0,103.8,106.5,106.5,109.3,0.0,0.0,106.5,2.7,0.026,2.7,30.5,3.399,103.8,0.0,True,88.1,0.178,0.094,2,7,6522.3378-001 M3535.000600-001 M3535.001800-001 6522.3461-001 C20.113-002,0.016,True
629,음악대학,음악학과,3학년,음악연구방법론 | 음악비평 | 음악학세미나 2 | 영화음악의 이론과 실제 | 동양철학의 이해,GATE,5,7,3,3,2,True,exact,2,93.5,0.0,93.5,98.6,98.6,103.6,0.0,0.0,98.6,5.0,0.051,5.0,28.7,3.262,93.5,0.0,True,84.9,0.102,0.087,2,7,6522.3378-001 M3535.000600-001 M3535.001800-001 6522.3461-001 C20.113-002,0.01,True
630,사범대학,체육교육과,1학년,체육논리및논술 | 체육사.철학 | 수학 2 | 도시의 문화사 | 통계학,919A,5,32,78,42,19,True,exact,19,114.1,0.0,114.1,115.1,114.2,128.9,0.0,0.0,115.1,0.9,0.008,0.9,52.1,2.19,114.2,0.12,False,101.1,0.129,0.399,7,12,722.431A-001 722.205A-001 C10.108-001 F32.102-012 F31.105-025,0.057,True
630,사범대학,체육교육과,1학년,체육논리및논술 | 체육사.철학 | 수학 2 | 도시의 문화사 | 통계학,GATE,5,32,78,42,19,True,exact,19,89.9,0.0,89.9,91.6,91.9,95.6,0.0,0.0,91.6,1.7,0.018,1.7,38.7,2.322,89.9,0.0,True,85.4,0.052,0.395,10,15,722.431A-001 722.205A-001 C10.108-001 F32.102-012 F31.105-006,0.054,True
631,자연과학대학,자연과학대학,2학년,테크노사이언스의 역사와 철학 | 과학기술과 법 | 과학과 근대사회 | 불확실성의 세계와 통계학 | 역사와 역사 재현,919A,5,6,2,2,1,False,exact,1,214.3,0.0,214.3,214.3,214.3,214.3,0.0,0.0,214.3,0.0,0.0,0.0,41.0,5.223,214.3,0.0,True,191.3,0.12,0.09,1,6,300.306-001 300.307-001 300.302-001 C40.108-001 C20.127-001,0.013,True
631,자연과학대학,자연과학대학,2학년,테크노사이언스의 역사와 철학 | 과학기술과 법 | 과학과 근대사회 | 불확실성의 세계와 통계학 | 역사와 역사 재현,GATE,5,6,2,2,1,False,exact,1,135.5,0.0,135.5,135.5,135.5,135.5,0.0,0.0,135.5,0.0,0.0,0.0,30.5,4.444,135.5,0.0,True,131.0,0.035,0.08,1,6,300.306-001 300.307-001 300.302-001 C40.108-001 C20.127-001,0.009,True
632,자연과학대학,지구환경과학부,3학년,대기분석 및 실험 | 지구화학 및 실험 | 해양유기화학 및 실험 | 대기역학 2 | 인간과 문화,919A,5,5,1,1,1,False,exact,1,207.0,0.0,207.0,207.0,207.0,207.0,0.0,0.0,207.0,0.0,0.0,0.0,48.0,4.317,207.0,0.0,True,183.4,0.129,0.066,1,6,3345.306-001 3345.312-001 3345.416A-001 3345.302-001 C10.149-001,0.009,True
632,자연과학대학,지구환경과학부,3학년,대기분석 및 실험 | 지구화학 및 실험 | 해양유기화학 및 실험 | 대기역학 2 | 인간과 문화,GATE,5,5,1,1,1,False,exact,1,139.2,0.0,139.2,139.2,139.2,139.2,0.0,0.0,139.2,0.0,0.0,0.0,30.8,4.515,139.2,0.0,True,134.7,0.033,0.071,1,6,3345.306-001 3345.312-001 3345.416A-001 3345.302-001 C10.149-001,0.007,True
633,인문대학,노어노문학과,4학년,러시아문학특강 | 러시아어문학논문쓰기 | 문학과 정신분석 | 베리타스 실천: 여행의 윤리 | 한국사,919A,5,8,4,4,2,False,exact,2,111.6,0.0,111.6,111.6,111.6,111.6,0.0,0.0,111.6,0.0,0.0,0.0,23.7,4.706,111.6,0.0,True,95.1,0.173,0.107,2,7,106.428-001 M1242.000700-001 C10.121-001 V30.107-001 C20.149-001,0.014,True
633,인문대학,노어노문학과,4학년,러시아문학특강 | 러시아어문학논문쓰기 | 문학과 정신분석 | 베리타스 실천: 여행의 윤리 | 한국사,GATE,5,8,4,4,2,False,exact,2,156.1,0.0,156.1,156.1,156.1,156.1,0.0,0.0,156.1,0.0,0.0,0.0,29.0,5.385,156.1,0.0,True,146.4,0.067,0.122,2,7,106.428-001 M1242.000700-001 C10.121-001 V30.107-001 C20.149-001,0.011,True
634,사범대학,독어교육과,2학년,독어학입문 | 독일청소년문학 | 독어번역연습 | 중급독어회화실습 | 동서양의 종교적 지혜 | 물리학실험,919A,6,14,16,16,5,True,exact,5,88.2,0.0,88.2,102.7,106.3,106.3,0.0,0.0,102.7,14.5,0.142,14.5,42.1,2.094,88.2,0.0,True,76.8,0.148,0.158,5,11,709.304B-001 709.229-001 709.237-001 709.204A-001 E11.116-002 F33.105L-005,0.018,True
634,사범대학,독어교육과,2학년,독어학입문 | 독일청소년문학 | 독어번역연습 | 중급독어회화실습 | 동서양의 종교적 지혜 | 물리학실험,GATE,6,14,16,16,5,True,exact,5,114.2,0.0,114.2,133.3,138.1,138.1,0.0,0.0,133.3,19.1,0.143,19.1,39.5,2.889,114.2,0.0,True,106.1,0.076,0.139,5,11,709.304B-001 709.229-001 709.237-001 709.204A-001 E11.116-002 F33.105L-005,0.014,True
635,농업생명과학대학,조경·지역시스템공학부,2학년,환경유체역학 | 응용소프트웨어공학 | 응용공학수학 2 | 서양조경의 역사와 이론 | 물리학실험 2,919A,5,53,49,12,41,True,exact,41,176.7,0.0,176.7,188.5,178.4,212.4,0.0,0.0,188.5,11.9,0.063,11.9,46.6,3.792,176.7,0.0,True,161.2,0.096,0.316,10,15,5272.221-001 5272.222-001 5272.202-001 5271.226-001 F33.107L-022,0.04,True
635,농업생명과학대학,조경·지역시스템공학부,2학년,환경유체역학 | 응용소프트웨어공학 | 응용공학수학 2 | 서양조경의 역사와 이론 | 물리학실험 2,GATE,5,53,49,12,41,True,exact,41,133.2,0.0,133.2,141.7,133.8,159.3,0.0,0.0,141.7,8.5,0.06,8.5,33.9,3.935,133.2,0.0,True,129.9,0.025,0.262,10,15,5272.221-001 5272.222-001 5272.202-001 5271.226-001 F33.107L-031,0.038,True
636,자연과학대학,화학부,4학년,분자설계및합성 | 분자생화학 | 전기화학: 기초와 응용 | 과학기술과 사회 | 대학 글쓰기 1,919A,5,79,148,116,60,True,exact,60,178.0,0.0,178.0,193.5,191.6,222.0,0.0,0.0,193.5,15.5,0.08,15.5,31.0,5.736,178.1,0.06,False,160.9,0.106,1.775,35,40,3343.411-001 3343.409A-001 M1409.002500-001 E11.107-002 F11.101-030,0.248,True
636,자연과학대학,화학부,4학년,분자설계및합성 | 분자생화학 | 전기화학: 기초와 응용 | 과학기술과 사회 | 대학 글쓰기 1,GATE,5,79,148,116,60,True,exact,60,140.9,0.0,140.9,155.6,154.3,176.9,0.0,0.0,155.6,14.7,0.094,14.7,23.0,6.134,142.1,1.22,False,137.0,0.029,1.532,22,27,3343.411-001 3343.409A-001 M1409.002500-001 E11.107-002 F11.101-064,0.239,True
637,자연과학대학,통계학과,3학년,수리통계 2 | 다변량자료분석 및 실습 | 이산자료분석 및 실습 | 공학수학 1 | 대학 글쓰기 1,919A,5,82,370,290,50,True,exact,50,159.1,0.0,159.1,177.3,180.2,200.7,0.0,0.0,177.3,18.3,0.103,18.3,28.7,5.543,159.1,0.0,True,142.8,0.114,1.584,25,30,326.312-001 326.316-001 326.314-001 F31.201-001 F11.101-019,0.451,True
637,자연과학대학,통계학과,3학년,수리통계 2 | 다변량자료분석 및 실습 | 이산자료분석 및 실습 | 공학수학 1 | 대학 글쓰기 1,GATE,5,82,370,290,50,True,exact,50,144.7,0.0,144.7,163.7,163.1,183.5,0.0,0.0,163.7,19.1,0.116,19.1,25.7,5.632,144.7,0.0,True,139.0,0.041,1.54,20,25,326.312-001 326.316-001 326.314-001 F31.201-001 F11.101-005,0.196,True
638,사범대학,생물교육과,3학년,블렌디드 러닝 수업의 실제 | 분자생물학교육 | 생명과학 교재연구 및 지도법 | 현대생물실험 및 지도법 | 처음 배우는 서양사,919A,5,6,2,2,1,False,exact,1,116.8,0.0,116.8,116.8,116.8,116.8,0.0,0.0,116.8,0.0,0.0,0.0,22.0,5.308,116.8,0.0,True,104.8,0.115,0.095,1,6,M1827.000500-001 719.336-001 M1878.000100-001 719.341-001 C20.140-001,0.018,True
638,사범대학,생물교육과,3학년,블렌디드 러닝 수업의 실제 | 분자생물학교육 | 생명과학 교재연구 및 지도법 | 현대생물실험 및 지도법 | 처음 배우는 서양사,GATE,5,6,2,2,1,False,exact,1,155.4,0.0,155.4,155.4,155.4,155.4,0.0,0.0,155.4,0.0,0.0,0.0,33.3,4.669,155.4,0.0,True,144.6,0.075,0.087,1,6,M1827.000500-001 719.336-001 M1878.000100-001 719.341-001 C20.140-001,0.011,True
639,사회과학대학,정치외교학부,2학년,일본과 국제관계 | 한국외교사 | 행정학서론 | 인사행정 | 초급스페인어 1,919A,5,20,16,16,4,True,exact,4,140.4,0.0,140.4,141.1,141.1,143.0,0.5,25.9,193.0,0.7,0.005,52.6,38.9,3.612,140.4,0.0,True,122.3,0.148,0.367,4,9,216B.341-001 216B.209-001 216A.210-001 216A.211-001 F24.101-002,0.063,True
639,사회과학대학,정치외교학부,2학년,일본과 국제관계 | 한국외교사 | 행정학서론 | 인사행정 | 초급스페인어 1,GATE,5,20,16,16,4,True,exact,4,99.8,0.0,99.8,107.1,106.3,116.2,0.5,25.9,159.0,7.4,0.069,59.2,30.0,3.326,99.8,0.0,True,93.5,0.067,0.366,4,9,216B.341-001 216B.209-001 216A.210-001 216A.211-001 F24.101-009,0.052,True
640,학부대학,자유전공학부,3학년,창의융합프로젝트 | 사회과학융합세미나 | 자연과학융합세미나 | 고전탐구세미나 2 | 통계학실험,919A,5,8,4,4,4,True,exact,4,104.3,0.0,104.3,120.4,125.7,125.7,0.0,0.0,120.4,16.1,0.133,16.1,43.6,2.392,104.3,0.0,True,89.9,0.161,0.099,4,9,991.306A-001 M2199.001400-001 M2199.001500-001 991.308-001 F32.102L-012,0.014,True
640,학부대학,자유전공학부,3학년,창의융합프로젝트 | 사회과학융합세미나 | 자연과학융합세미나 | 고전탐구세미나 2 | 통계학실험,GATE,5,8,4,4,4,True,exact,4,76.6,0.0,76.6,86.1,89.2,89.2,0.0,0.0,86.1,9.5,0.11,9.5,32.3,2.373,76.6,0.0,True,70.5,0.087,0.091,4,9,991.306A-001 M2199.001400-001 M2199.001500-001 991.308-001 F32.102L-012,0.013,True
641,미술대학,조소과,2학년,소조 1: 인체와 재현 | 한국조각의 이해 | 작품연구: 예술과 기술 | 퍼포먼스: 몸과 사물 | 대학 글쓰기 1 | 수학 2,919A,6,104,1924,812,275,True,exact,275,131.1,0.0,131.1,154.2,154.4,201.4,0.0,0.0,154.2,23.2,0.15,23.2,31.6,4.145,131.1,0.0,True,112.8,0.162,3.274,31,41,M1767.001900-001 M1767.002400-001 M1767.001200-001 M1767.003000-001 F31.105-023 F11.101-063,0.44,True
641,미술대학,조소과,2학년,소조 1: 인체와 재현 | 한국조각의 이해 | 작품연구: 예술과 기술 | 퍼포먼스: 몸과 사물 | 대학 글쓰기 1 | 수학 2,GATE,6,104,1924,812,275,True,exact,275,106.3,0.0,106.3,131.1,122.1,163.1,0.0,0.0,131.1,24.8,0.189,24.8,24.8,4.281,106.3,0.0,True,99.8,0.066,3.59,33,44,M1767.001900-001 M1767.002400-001 M1767.001200-001 M1767.003000-001 F31.105-023 F11.101-024,0.46,True
642,음악대학,작곡과,1학년,이론(화성·대위·분석)2 | 컴퓨팅 기초: 처음 만나는 컴퓨팅 | 사상과 윤리 | 서양철학의 이해 | 대학영어 1,919A,5,81,9405,3888,1435,True,exact,1435,113.9,0.0,113.9,166.2,167.1,194.2,0.052,0.1,166.4,52.3,0.315,52.5,40.9,2.785,113.9,0.0,True,98.1,0.161,7.459,107,135,M1797.002000-005 C20.117-001 C20.123-003 F37.101-006 F21.101-001,1.306,True
642,음악대학,작곡과,1학년,이론(화성·대위·분석)2 | 컴퓨팅 기초: 처음 만나는 컴퓨팅 | 사상과 윤리 | 서양철학의 이해 | 대학영어 1,GATE,5,81,9405,3888,1435,True,exact,1435,116.6,0.0,116.6,176.5,178.4,204.4,0.052,0.1,176.7,59.9,0.339,60.1,36.3,3.212,116.6,0.0,True,110.1,0.06,4.908,48,66,M1797.002000-005 C20.117-001 C20.123-003 F37.101-005 F21.101-006,0.731,True
643,사범대학,지구과학교육과,2학년,고체지구과학 및 실험 2 | 고체지구물리학 및 실험 2 | 에어로졸 화학과 기후 변화 | 천체지구과학 및 실험 2 | 생물학실험 | 수학 2,919A,6,53,598,168,160,True,exact,160,118.4,0.0,118.4,136.5,130.4,169.5,0.0,0.0,136.5,18.1,0.133,18.1,34.2,3.466,118.4,0.0,True,104.1,0.138,0.994,15,25,721.264-001 721.222-001 M1882.001500-001 721.267-001 F35.103L-001 F31.105-008,0.159,True
643,사범대학,지구과학교육과,2학년,고체지구과학 및 실험 2 | 고체지구물리학 및 실험 2 | 에어로졸 화학과 기후 변화 | 천체지구과학 및 실험 2 | 생물학실험 | 수학 2,GATE,6,53,598,168,160,True,exact,160,145.9,0.0,145.9,159.8,157.8,178.7,0.0,0.0,159.8,13.9,0.087,13.9,33.0,4.423,145.9,0.0,True,134.0,0.088,0.953,23,32,721.264-001 721.222-001 M1882.001500-001 721.267-001 F35.103L-001 F31.105-008,0.171,True
644,농업생명과학대학,조경·지역시스템공학부,3학년,조경 계량분석기법 | 수리학 및 실험 | 지역개발관리공학 | 조경설계 2 | 수학 2 | 대학영어 1,919A,6,85,1430,756,114,True,exact,114,201.2,0.0,201.2,211.3,214.0,233.1,0.018,0.0,211.3,10.0,0.047,10.1,34.1,5.896,201.2,0.0,True,181.3,0.11,3.186,66,81,M1707.000500-001 457.001-001 5272.323-001 5271.412-001 F31.105-009 F21.101-010,0.446,True
644,농업생명과학대학,조경·지역시스템공학부,3학년,조경 계량분석기법 | 수리학 및 실험 | 지역개발관리공학 | 조경설계 2 | 수학 2 | 대학영어 1,GATE,6,85,1430,756,114,True,exact,114,162.6,0.0,162.6,169.5,169.8,179.6,0.018,0.0,169.5,6.9,0.041,6.9,30.5,5.338,162.6,0.0,True,157.8,0.031,3.365,63,78,M1707.000500-001 457.001-001 5272.323-001 5271.412-001 F31.105-023 F21.101-007,0.453,True
645,사회과학대학,지리학과,3학년,역사지리학 | 공간정치와 지정학 | 공간정보분석 2: 머신러닝 | 수도권지리 | 독일어권 문화의 이해 | 서양미술의 이해,919A,6,8,3,3,1,False,exact,1,185.7,0.0,185.7,185.7,185.7,185.7,0.0,0.0,185.7,0.0,0.0,0.0,33.4,5.553,185.7,0.0,True,157.6,0.178,0.188,1,7,M0000.021700-001 208.407A-001 M0000.028600-001 208.316-001 E11.138-001 C30.109-001,0.031,True
645,사회과학대학,지리학과,3학년,역사지리학 | 공간정치와 지정학 | 공간정보분석 2: 머신러닝 | 수도권지리 | 독일어권 문화의 이해 | 서양미술의 이해,GATE,6,8,3,3,1,False,exact,1,148.5,0.0,148.5,148.5,148.5,148.5,0.0,0.0,148.5,0.0,0.0,0.0,26.6,5.583,148.5,0.0,True,133.3,0.114,0.163,1,7,M0000.021700-001 208.407A-001 M0000.028600-001 208.316-001 E11.138-001 C30.109-001,0.017,True
646,사범대학,화학교육과,3학년,물리화학실험 | 무기화학 2 | 화학교재연구 및 지도법 | 과학논리 및 논술 | 문명과 수학 | 화학실험,919A,6,20,28,22,6,True,exact,6,134.8,0.0,134.8,140.2,135.0,150.8,0.0,0.0,140.2,5.4,0.039,5.4,35.4,3.811,135.0,0.19,False,119.0,0.133,0.375,5,11,718.319-001 718.312-001 718.419-001 E11.120-001 700.401A-002 F34.103L-021,0.032,True
646,사범대학,화학교육과,3학년,물리화학실험 | 무기화학 2 | 화학교재연구 및 지도법 | 과학논리 및 논술 | 문명과 수학 | 화학실험,GATE,6,20,28,22,6,True,exact,6,186.0,0.0,186.0,188.0,187.0,190.9,0.0,0.0,188.0,2.0,0.01,2.0,40.0,4.652,186.0,0.0,True,174.6,0.066,0.222,5,11,718.319-001 718.312-001 718.419-001 E11.120-001 700.401A-002 F34.103L-020,0.024,True
647,사회과학대학,사회학과,2학년,사회학사 | 인구변동과 고령화사회 | 인간관계의 심리학 | 과학기술과 사회 | 대학영어 1,919A,5,63,440,432,48,True,exact,48,132.0,0.0,132.0,169.6,175.1,182.2,0.0,0.0,169.6,37.6,0.222,37.6,36.9,3.58,132.0,0.0,True,117.4,0.124,1.602,29,36,205.201-001 205.242A-001 E11.107-002 E11.163-004 F21.101-002,0.437,True
647,사회과학대학,사회학과,2학년,사회학사 | 인구변동과 고령화사회 | 인간관계의 심리학 | 과학기술과 사회 | 대학영어 1,GATE,5,63,440,432,48,True,exact,48,111.7,0.0,111.7,141.1,141.0,163.5,0.0,0.0,141.1,29.4,0.209,29.4,26.6,4.2,111.7,0.0,True,106.0,0.054,1.757,17,24,205.201-001 205.242A-001 E11.107-002 E11.163-004 F21.101-002,0.215,True
648,인문대학,국어국문학과,1학년,한국어연구입문 | 한국문학연구입문 | 대학영어 1 | 역사 속의 중화와 그 이웃 | 베리타스 강좌 1: 불과 문명,919A,5,59,55,54,33,True,exact,33,96.7,0.0,96.7,115.7,119.3,130.1,0.0,0.0,115.7,19.1,0.165,19.1,22.4,4.32,96.7,0.0,True,82.2,0.176,1.16,22,27,100.100-001 100.102-001 C20.126-001 V10.107-001 F21.101-037,0.171,True
648,인문대학,국어국문학과,1학년,한국어연구입문 | 한국문학연구입문 | 대학영어 1 | 역사 속의 중화와 그 이웃 | 베리타스 강좌 1: 불과 문명,GATE,5,59,55,54,33,True,exact,33,122.1,0.0,122.1,145.0,149.5,159.2,0.0,0.0,145.0,23.0,0.158,23.0,26.5,4.603,122.1,0.0,True,115.6,0.056,1.203,22,27,100.100-001 100.102-001 C20.126-001 V10.107-001 F21.101-004,0.154,True
649,인문대학,고고미술사학과,2학년,20세기의 한국 회화 | 고고학연구의 기초 | 고고학방법론 | 미술사와 시각문화 | 대학 글쓰기 1 | 수학 2,919A,6,104,1924,812,892,True,exact,892,131.8,0.0,131.8,144.6,139.7,179.0,0.002,0.0,144.6,12.8,0.089,12.8,26.1,5.042,131.8,0.0,True,112.7,0.169,8.285,191,206,M1265.000700-003 100.158-001 116.430A-001 100.160-001 F31.105-002 F11.101-019,1.404,True
649,인문대학,고고미술사학과,2학년,20세기의 한국 회화 | 고고학연구의 기초 | 고고학방법론 | 미술사와 시각문화 | 대학 글쓰기 1 | 수학 2,GATE,6,104,1924,812,892,True,exact,892,148.4,0.0,148.4,161.9,161.1,177.6,0.002,0.0,161.9,13.5,0.084,13.6,23.6,6.28,148.7,0.34,False,140.8,0.054,7.798,167,183,M1265.000700-003 100.158-001 116.430A-001 100.160-001 F31.105-006 F11.101-064,1.426,True
650,사범대학,화학교육과,2학년,유기화학실험 | 물리화학 1 | 분석화학 2 | 유기화학 2 | 공학수학 2,919A,5,6,2,2,2,False,exact,2,110.2,0.0,110.2,110.2,110.2,110.2,0.0,0.0,110.2,0.0,0.0,0.0,30.7,3.595,110.2,0.0,True,98.1,0.124,0.107,2,7,718.305-001 718.208-001 718.215-001 718.202-001 F31.202-014,0.019,True
650,사범대학,화학교육과,2학년,유기화학실험 | 물리화학 1 | 분석화학 2 | 유기화학 2 | 공학수학 2,GATE,5,6,2,2,2,False,exact,2,162.9,0.0,162.9,162.9,162.9,162.9,0.0,0.0,162.9,0.0,0.0,0.0,40.7,4.003,162.9,0.0,True,152.7,0.067,0.095,2,7,718.305-001 718.208-001 718.215-001 718.202-001 F31.202-014,0.011,True
651,사회과학대학,정치외교학부,3학년,개발과 협력의 국제정치경제 | 러시아 국제관계론 | 국제정치이론 | 미국정치론 | 인간관계의 심리학 | 대학 글쓰기 1,919A,6,82,296,232,70,True,exact,70,105.4,0.0,105.4,125.5,128.2,154.4,0.014,0.1,125.7,20.1,0.16,20.2,30.7,3.435,105.4,0.0,True,90.8,0.161,1.713,29,36,216B.228-001 216B.338A-001 216B.302-001 216A.323-001 E11.163-001 F11.101-056,0.227,True
651,사회과학대학,정치외교학부,3학년,개발과 협력의 국제정치경제 | 러시아 국제관계론 | 국제정치이론 | 미국정치론 | 인간관계의 심리학 | 대학 글쓰기 1,GATE,6,82,296,232,70,True,exact,70,54.2,0.0,54.2,78.0,74.4,112.0,0.014,0.1,78.1,23.8,0.305,23.9,19.7,2.754,54.4,0.16,False,51.2,0.058,1.4,15,22,216B.228-001 216B.338A-001 216B.302-001 216A.323-001 E11.163-004 F11.101-023,0.171,True
652,경영대학,경영학과,1학년,경영을 위한 경제학 | 노사관계론 | 대학 글쓰기 1 | 한국 수화 언어의 이해 | 초급한문 2,919A,5,82,888,696,110,True,exact,110,128.0,3.4,134.8,151.5,151.8,179.1,0.518,1.8,155.1,23.6,0.156,20.3,29.7,4.311,128.0,0.0,True,109.2,0.172,1.721,35,42,251.423-001 E20.107-001 F28.102-001 M2171.001900-001 F11.101-063,0.226,True
652,경영대학,경영학과,1학년,경영을 위한 경제학 | 노사관계론 | 대학 글쓰기 1 | 한국 수화 언어의 이해 | 초급한문 2,GATE,5,82,888,696,110,True,exact,110,102.3,3.4,109.1,126.2,123.9,175.2,0.518,1.8,129.8,24.0,0.19,20.7,21.5,4.762,102.3,0.0,True,95.0,0.077,2.213,37,45,251.423-001 E20.107-001 F28.102-001 M2171.001900-001 F11.101-049,0.378,True
653,치의학대학원,치의학과,2학년,치의학 사회공헌 프로젝트 | 기초의학통계학 및 실험 | 수학연습 2 | 물리의 기본 2 | 매체로 보는 서양사 | 두 개의 한국: 근대한국의 역사와 사회,919A,6,51,90,34,45,True,exact,45,146.3,0.0,146.3,164.7,165.2,172.6,0.0,0.0,164.7,18.4,0.112,18.4,60.4,2.422,146.3,0.0,True,131.0,0.117,0.632,13,19,M2839.001100-001 883.016-002 E11.118-001 E12.102-001 F33.104-002 F31.105L-033,0.108,True
653,치의학대학원,치의학과,2학년,치의학 사회공헌 프로젝트 | 기초의학통계학 및 실험 | 수학연습 2 | 물리의 기본 2 | 매체로 보는 서양사 | 두 개의 한국: 근대한국의 역사와 사회,GATE,6,51,90,34,45,True,exact,45,117.9,0.0,117.9,140.3,141.8,147.9,0.0,0.0,140.3,22.4,0.16,22.4,45.4,2.597,117.9,0.0,True,108.9,0.083,0.607,13,19,M2839.001100-001 883.016-002 E11.118-001 E12.102-001 F33.104-002 F31.105L-033,0.316,True
654,공과대학,컴퓨터공학부,4학년,컴퓨터그래픽스 | 현대암호학 개론 | 소프트웨어 엄밀 검증 | 기계학습 개론 | 고급영어: 연극,919A,5,6,2,2,1,False,exact,1,247.1,25.9,299.0,247.1,247.1,247.1,1.0,25.9,299.0,0.0,0.0,0.0,58.4,4.23,247.1,0.0,True,218.4,0.132,0.101,1,6,4190.410-001 M1522.007000-001 M1522.007300-001 4190.428-001 F21.305-001,0.019,True
654,공과대학,컴퓨터공학부,4학년,컴퓨터그래픽스 | 현대암호학 개론 | 소프트웨어 엄밀 검증 | 기계학습 개론 | 고급영어: 연극,GATE,5,6,2,2,1,False,exact,1,288.9,25.9,340.8,288.9,288.9,288.9,1.0,25.9,340.8,0.0,0.0,0.0,64.8,4.461,288.9,0.0,True,260.3,0.11,0.089,1,6,4190.410-001 M1522.007000-001 M1522.007300-001 4190.428-001 F21.305-001,0.01,True
655,치의학대학원,치의학과,2학년,치의학 사회공헌 프로젝트 | 기초의학통계학 및 실험 | 한국정치의 분석과 이해 | 말하기와 토론 | 생물학실험,919A,5,32,138,72,17,True,exact,17,128.0,0.0,128.0,145.4,151.5,153.7,0.0,0.0,145.4,17.4,0.12,17.4,61.3,2.088,128.0,0.0,True,113.7,0.126,0.329,6,12,M2839.001100-001 883.016-002 C30.138-001 F12.102-005 F35.103L-005,0.043,True
655,치의학대학원,치의학과,2학년,치의학 사회공헌 프로젝트 | 기초의학통계학 및 실험 | 한국정치의 분석과 이해 | 말하기와 토론 | 생물학실험,GATE,5,32,138,72,17,True,exact,17,101.8,0.0,101.8,108.8,107.5,116.0,0.0,0.0,108.8,7.0,0.065,7.0,45.4,2.242,101.8,0.0,True,93.6,0.088,0.342,9,15,M2839.001100-001 883.016-002 C30.138-001 F12.102-005 F35.103L-005,0.05,True
656,사범대학,지구과학교육과,3학년,대기지구과학 및 실험 2 | 지구과학 학습지도 및 교재연구 | 해양지구과학 및 실험 2 | 물리학실험 2 | 컴퓨터의 개념 및 실습 | 말레이-인도네시아어 2,919A,6,56,147,36,33,True,exact,33,108.6,0.0,108.6,117.9,108.6,132.3,0.0,0.0,117.9,9.3,0.079,9.3,31.8,3.419,108.6,0.0,True,95.6,0.135,0.427,8,14,721.312-001 721.474A-001 721.322-001 F29.108-001 F37.202-005 F33.107L-031,0.106,True
656,사범대학,지구과학교육과,3학년,대기지구과학 및 실험 2 | 지구과학 학습지도 및 교재연구 | 해양지구과학 및 실험 2 | 물리학실험 2 | 컴퓨터의 개념 및 실습 | 말레이-인도네시아어 2,GATE,6,56,147,36,33,True,exact,33,152.4,0.0,152.4,162.6,152.4,178.4,0.0,0.0,162.6,10.2,0.063,10.2,35.9,4.244,152.4,0.0,True,141.2,0.079,0.389,8,14,721.312-001 721.474A-001 721.322-001 F29.108-001 F37.202-005 F33.107L-005,0.054,True
657,농업생명과학대학,식물생산과학부,4학년,원예생명공학 학사논문연구1 | 원예생명공학연습 | 산업인력개발학 학사논문연구 | 원예생명공학 학사논문연구2 | 생물학실험,919A,5,27,23,12,22,True,exact,22,127.4,0.0,127.4,155.0,163.1,163.1,0.0,0.0,155.0,27.6,0.178,27.6,43.0,2.96,127.4,0.0,True,116.0,0.098,0.214,7,12,M2744.000500-001 5172.401A-001 M1671.001300-001 M2744.000600-001 F35.103L-020,0.033,True
657,농업생명과학대학,식물생산과학부,4학년,원예생명공학 학사논문연구1 | 원예생명공학연습 | 산업인력개발학 학사논문연구 | 원예생명공학 학사논문연구2 | 생물학실험,GATE,5,27,23,12,22,True,exact,22,92.3,0.0,92.3,112.1,117.9,117.9,0.0,0.0,112.1,19.7,0.176,19.7,30.2,3.054,92.3,0.0,True,90.2,0.023,0.367,7,12,M2744.000500-001 5172.401A-001 M1671.001300-001 M2744.000600-001 F35.103L-020,0.028,True
658,농업생명과학대학,식물생산과학부,2학년,산업인력개발 통계분석 및 실습 | 과수학 및 실험 | 작물생리학 | 작물생태학 | 물리학실험 2 | 대학영어 1,919A,6,108,2695,648,276,True,exact,276,127.4,0.0,127.4,168.1,162.9,188.3,0.0,0.0,168.1,40.7,0.242,40.7,38.9,3.274,127.4,0.0,True,115.5,0.104,2.229,41,52,M1671.000800-001 5172.203-001 5171.205-001 5171.207-001 F33.107L-042 F21.101-033,0.274,True
658,농업생명과학대학,식물생산과학부,2학년,산업인력개발 통계분석 및 실습 | 과수학 및 실험 | 작물생리학 | 작물생태학 | 물리학실험 2 | 대학영어 1,GATE,6,108,2695,648,276,True,exact,276,114.1,0.0,114.1,145.9,141.5,164.1,0.0,0.0,145.9,31.9,0.218,31.9,34.4,3.314,114.1,0.0,True,110.3,0.034,2.491,32,45,M1671.000800-001 5172.203-001 5171.205-001 5171.207-001 F33.107L-042 F21.101-033,0.291,True
659,자연과학대학,지구환경과학부,3학년,지구환경과학연구실습 | 구조지질학 및 실험 | 대기화학개론 및 실습 | 해양유기화학 및 실험 | 대학영어 1,919A,5,60,110,108,60,True,exact,60,158.5,0.0,158.5,177.8,182.2,186.1,0.0,0.0,177.8,19.3,0.109,19.3,33.7,4.705,158.5,0.0,True,140.8,0.126,2.304,59,65,3345.309-001 M1411.001000-001 3345.416A-001 M1411.003100-002 F21.101-028,0.399,True
659,자연과학대학,지구환경과학부,3학년,지구환경과학연구실습 | 구조지질학 및 실험 | 대기화학개론 및 실습 | 해양유기화학 및 실험 | 대학영어 1,GATE,5,60,110,108,60,True,exact,60,122.9,0.0,122.9,145.6,148.5,163.5,0.0,0.0,145.6,22.7,0.156,22.7,29.3,4.187,122.9,0.0,True,118.1,0.04,1.732,30,36,3345.309-001 M1411.001000-001 3345.416A-001 M1411.003100-002 F21.101-033,0.311,True
660,사회과학대학,심리학과,2학년,실험심리입문 및 실험 | 성격심리학 | 시각예술의 지각 | 사회심리학 및 실험 | 대학 글쓰기 1,919A,5,78,74,58,43,True,exact,43,129.6,0.0,129.6,145.8,148.5,165.9,0.047,0.1,145.9,16.2,0.111,16.3,30.8,4.216,129.6,0.0,True,110.1,0.177,1.39,22,27,207.214-001 207.203-001 207.233-001 207.230-001 F11.101-026,0.203,True
660,사회과학대학,심리학과,2학년,실험심리입문 및 실험 | 성격심리학 | 시각예술의 지각 | 사회심리학 및 실험 | 대학 글쓰기 1,GATE,5,78,74,58,43,True,exact,43,73.8,0.0,73.8,100.5,100.7,125.5,0.047,0.1,100.6,26.7,0.266,26.8,20.6,3.582,73.8,0.0,True,68.8,0.072,1.384,17,22,207.214-001 207.203-001 207.233-001 207.230-001 F11.101-026,0.157,True
661,사회과학대학,정치외교학부,4학년,정치철학 | 정치학특강 | 국제문화론 | 정치학연습 | 고급수학연습 2,919A,5,10,6,5,4,True,exact,4,144.7,0.0,144.7,145.2,145.3,145.3,0.0,0.0,145.2,0.5,0.003,0.5,46.9,3.087,144.7,0.0,True,124.5,0.162,0.13,3,8,216A.405-001 216A.407-001 216B.415-001 216A.416-001 F31.107L-003,0.016,True
661,사회과학대학,정치외교학부,4학년,정치철학 | 정치학특강 | 국제문화론 | 정치학연습 | 고급수학연습 2,GATE,5,10,6,5,4,True,exact,4,76.6,0.0,76.6,78.0,76.6,81.9,0.0,0.0,78.0,1.3,0.017,1.3,31.3,2.445,76.6,0.0,True,73.4,0.044,0.16,3,8,216A.405-001 216A.407-001 216B.415-001 216A.416-001 F31.107L-002,0.012,True
662,사범대학,체육교육과,2학년,스포츠참여증진 프로그램 개발 및 평가 | 체육교육론 | 스포츠사회학 | 스포츠마케팅 | 베리타스 실천: 여행의 윤리 | 베리타스 실천: 인공지능-일상으로의 초대,919A,6,6,1,1,1,False,exact,1,128.2,0.0,128.2,128.2,128.2,128.2,0.0,0.0,128.2,0.0,0.0,0.0,43.8,2.925,128.2,0.0,True,112.1,0.144,0.074,1,7,M1886.001600-001 722.201A-001 722.329A-001 722.447-001 V30.107-001 V30.116-001,0.02,True
662,사범대학,체육교육과,2학년,스포츠참여증진 프로그램 개발 및 평가 | 체육교육론 | 스포츠사회학 | 스포츠마케팅 | 베리타스 실천: 여행의 윤리 | 베리타스 실천: 인공지능-일상으로의 초대,GATE,6,6,1,1,1,False,exact,1,90.4,0.0,90.4,90.4,90.4,90.4,0.0,0.0,90.4,0.0,0.0,0.0,33.5,2.696,90.4,0.0,True,84.6,0.068,0.073,1,7,M1886.001600-001 722.201A-001 722.329A-001 722.447-001 V30.107-001 V30.116-001,0.009,True
663,자연과학대학,생명과학부,3학년,생명과학과 사회 | 과학커뮤니케이션 | 생명과학특수연구 1 | 과학기술과 사회정의 | 물리의 기본 2,919A,5,6,2,2,1,False,exact,1,208.0,0.0,208.0,208.0,208.0,208.0,0.0,0.0,208.0,0.0,0.0,0.0,41.8,4.971,208.0,0.0,True,186.6,0.115,0.076,1,6,M2888.000900-001 M2888.000400-001 3346.328-001 M2888.001000-001 F33.104-002,0.01,True
663,자연과학대학,생명과학부,3학년,생명과학과 사회 | 과학커뮤니케이션 | 생명과학특수연구 1 | 과학기술과 사회정의 | 물리의 기본 2,GATE,5,6,2,2,1,False,exact,1,143.4,0.0,143.4,143.4,143.4,143.4,0.0,0.0,143.4,0.0,0.0,0.0,28.6,5.016,143.4,0.0,True,139.0,0.032,0.075,1,6,M2888.000900-001 M2888.000400-001 3346.328-001 M2888.001000-001 F33.104-002,0.007,True
664,자연과학대학,통계학과,3학년,다변량자료분석 및 실습 | 이산자료분석 및 실습 | 수리통계 2 | 대학 글쓰기 1 | 수학 2,919A,5,103,1924,812,1058,True,exact,1058,150.1,0.0,150.1,169.1,171.3,203.9,0.002,0.0,169.1,19.0,0.112,19.0,28.0,5.365,150.1,0.0,True,133.1,0.128,9.472,200,215,326.316-001 326.314-001 326.312-001 F31.105-001 F11.101-030,1.784,True
664,자연과학대학,통계학과,3학년,다변량자료분석 및 실습 | 이산자료분석 및 실습 | 수리통계 2 | 대학 글쓰기 1 | 수학 2,GATE,5,103,1924,812,1058,True,exact,1058,129.3,0.0,129.3,145.6,144.7,165.2,0.002,0.0,145.6,16.2,0.111,16.2,24.0,5.387,129.3,0.0,True,123.9,0.044,9.463,156,171,326.316-001 326.314-001 326.312-001 F31.105-006 F11.101-050,1.876,True
665,자연과학대학,화학부,2학년,유기화학 2 | 물리화학2 | 기기분석 | 무기화학 1: 구조와 결합 | 베리타스 실천: 요리 속의 과학 | 대학 글쓰기 1,919A,6,79,74,58,38,True,exact,38,106.5,0.0,106.5,132.9,131.9,157.7,0.0,0.0,132.9,26.4,0.199,26.4,28.0,3.809,106.5,0.0,True,94.5,0.127,1.469,27,33,3343.206-001 3343.301A-001 3343.404-001 M1409.001600-001 V30.121-001 F11.101-063,0.204,True
665,자연과학대학,화학부,2학년,유기화학 2 | 물리화학2 | 기기분석 | 무기화학 1: 구조와 결합 | 베리타스 실천: 요리 속의 과학 | 대학 글쓰기 1,GATE,6,79,74,58,38,True,exact,38,105.7,0.0,105.7,128.5,127.3,148.7,0.0,0.0,128.5,22.8,0.177,22.8,28.6,3.693,105.7,0.0,True,100.7,0.05,1.214,14,20,3343.206-001 3343.301A-001 3343.404-001 M1409.001600-001 V30.121-001 F11.101-049,0.178,True
666,인문대학,국어국문학과,1학년,한국어연구입문 | 한국문학연구입문 | 수학연습 2 | 심리학개론 | 수학 2,919A,5,77,4680,952,540,True,exact,540,140.1,0.0,140.1,168.5,169.9,177.2,0.0,0.0,168.5,28.4,0.168,28.4,40.2,3.483,140.1,0.0,True,123.2,0.137,1.993,37,46,100.100-001 100.102-001 E11.146-002 F31.105-023 F31.105L-033,0.381,True
666,인문대학,국어국문학과,1학년,한국어연구입문 | 한국문학연구입문 | 수학연습 2 | 심리학개론 | 수학 2,GATE,5,77,4680,952,540,True,exact,540,134.7,0.0,134.7,160.8,160.2,168.8,0.0,0.0,160.8,26.1,0.162,26.1,33.1,4.075,134.7,0.0,True,128.3,0.05,1.96,35,44,100.100-001 100.102-001 E11.146-002 F31.105-026 F31.105L-033,0.31,True
667,사회과학대학,경제학부,1학년,경제원론 2 | 경제원론 1 | 한국 수화 언어의 이해 | 초급한문 1 | 불교철학의 이해,919A,5,21,396,360,132,True,exact,132,105.0,0.0,105.0,138.1,135.0,161.1,0.0,0.0,138.1,33.1,0.24,33.1,43.8,2.399,105.0,0.0,True,90.3,0.163,2.24,28,61,E20.107-002 E11.129-002 200.106-002 200.105-001 F28.101-004,0.485,True
667,사회과학대학,경제학부,1학년,경제원론 2 | 경제원론 1 | 한국 수화 언어의 이해 | 초급한문 1 | 불교철학의 이해,GATE,5,21,396,360,132,True,exact,132,101.8,0.0,101.8,131.4,129.3,161.8,0.0,0.0,131.4,29.5,0.225,29.5,39.1,2.601,101.8,0.0,True,94.8,0.073,2.112,19,52,E20.107-002 E11.129-002 200.106-002 200.105-001 F28.101-003,0.348,True
668,사회과학대학,사회복지학과,3학년,사회복지법제와 실천 | 장애와 사회: 장애인복지의 이해 | 사회복지현장실습 | 베리타스 강좌 1: 전쟁과 평화 | 라틴어 1 | 한국문학과 문화예술,919A,6,11,6,6,5,True,exact,5,158.3,0.0,158.3,160.5,160.0,163.3,0.0,0.0,160.5,2.1,0.013,2.1,35.6,4.45,160.0,1.64,False,137.1,0.155,0.289,5,11,M1311.002200-001 M1311.005100-001 209.319-001 V10.127-001 C10.159-001 F29.103-005,0.043,True
668,사회과학대학,사회복지학과,3학년,사회복지법제와 실천 | 장애와 사회: 장애인복지의 이해 | 사회복지현장실습 | 베리타스 강좌 1: 전쟁과 평화 | 라틴어 1 | 한국문학과 문화예술,GATE,6,11,6,6,5,True,exact,5,111.4,0.0,111.4,129.2,138.8,142.2,0.0,0.0,129.2,17.8,0.138,17.8,30.4,3.66,111.4,0.0,True,105.5,0.056,0.269,5,11,M1311.002200-001 M1311.005100-001 209.319-001 V10.127-001 C10.159-001 F29.103-003,0.029,True
669,사범대학,생물교육과,4학년,다문화 교육과정과 교수법 | 환경과 교육 | 근·현대 한국민족주의 | 컴퓨팅 기초: 처음 만나는 컴퓨팅 | 대학 글쓰기 1,919A,5,96,1406,464,309,True,exact,309,127.0,0.0,127.0,158.4,163.1,178.0,0.003,0.0,158.4,31.5,0.199,31.5,28.9,4.396,127.0,0.0,True,110.0,0.154,3.377,57,65,M1878.000900-001 719.433-001 C20.103-001 F37.101-006 F11.101-046,0.578,True
669,사범대학,생물교육과,4학년,다문화 교육과정과 교수법 | 환경과 교육 | 근·현대 한국민족주의 | 컴퓨팅 기초: 처음 만나는 컴퓨팅 | 대학 글쓰기 1,GATE,5,96,1406,464,309,True,exact,309,160.0,0.0,160.0,183.7,183.7,207.7,0.003,0.0,183.7,23.7,0.129,23.7,31.0,5.168,160.0,0.0,True,149.5,0.07,3.292,44,52,M1878.000900-001 719.433-001 C20.103-001 F37.101-006 F11.101-047,0.479,True
670,자연과학대학,지구환경과학부,4학년,해양오염 및 실험 | 기상기후모델링 개론 및 실습 | 행성지질학 | 해양암석지구화학 및 실험 | 초급프랑스어 1,919A,5,13,9,9,6,True,exact,6,174.3,0.0,174.3,176.4,175.6,180.2,0.167,0.1,176.7,2.1,0.012,2.3,32.5,5.37,174.3,0.0,True,153.1,0.139,0.32,6,11,M1411.000400-001 M1411.003600-001 M1411.002200-001 M1411.003700-001 F26.101-002,0.05,True
670,자연과학대학,지구환경과학부,4학년,해양오염 및 실험 | 기상기후모델링 개론 및 실습 | 행성지질학 | 해양암석지구화학 및 실험 | 초급프랑스어 1,GATE,5,13,9,9,6,True,exact,6,148.7,0.8,150.3,157.6,159.7,163.2,0.167,0.1,157.9,8.9,0.056,7.6,28.1,5.286,148.7,0.0,True,142.8,0.042,0.482,6,11,M1411.000400-001 M1411.003600-001 M1411.002200-001 M1411.003700-001 F26.101-009,0.037,True
671,미술대학,조소과,3학년,현대매체예술사 | 미디어 기획 | 현대조각론 2 | 미디어 아트 | 음악과 사회,919A,5,7,3,3,1,False,exact,1,115.4,0.0,115.4,115.4,115.4,115.4,0.0,0.0,115.4,0.0,0.0,0.0,29.5,3.905,115.4,0.0,True,97.6,0.182,0.096,1,6,613.302-001 613.453A-001 603.414-002 613.357A-001 C10.146-001,0.017,True
671,미술대학,조소과,3학년,현대매체예술사 | 미디어 기획 | 현대조각론 2 | 미디어 아트 | 음악과 사회,GATE,5,7,3,3,1,False,exact,1,98.0,0.0,98.0,98.0,98.0,98.0,0.0,0.0,98.0,0.0,0.0,0.0,23.3,4.212,98.0,0.0,True,89.2,0.099,0.089,1,6,613.302-001 613.453A-001 603.414-002 613.357A-001 C10.146-001,0.011,True
672,생활과학대학,의류학과,1학년,의류소재섬유 | 패션드로잉 | 생물학 | 미학과 예술론 | 인간관계의 심리학 | 대학 글쓰기 1,919A,6,87,2960,2320,33,True,exact,33,146.7,2.6,151.9,166.0,170.4,184.2,1.0,2.6,171.2,19.3,0.116,19.3,35.3,4.156,146.7,0.0,True,129.8,0.131,1.845,25,31,353.228-001 353.213A-001 C20.115-001 E11.163-004 F35.103-004 F11.101-063,0.237,True
672,생활과학대학,의류학과,1학년,의류소재섬유 | 패션드로잉 | 생물학 | 미학과 예술론 | 인간관계의 심리학 | 대학 글쓰기 1,GATE,6,87,2960,2320,33,True,exact,33,140.6,2.6,145.8,160.6,164.5,180.7,1.0,2.6,165.8,20.0,0.125,20.0,27.2,5.161,140.6,0.0,True,134.0,0.049,1.761,20,26,353.228-001 353.213A-001 C20.115-001 E11.163-004 F35.103-004 F11.101-050,0.203,True
673,인문대학,역사학부,3학년,아시아사특강 | 중국근세사 | 사료로 보는 서양사 | 번역과 동아시아의 근대 | 죽음의 과학적 이해,919A,5,5,1,1,1,False,exact,1,89.6,0.0,89.6,89.6,89.6,89.6,0.0,0.0,89.6,0.0,0.0,0.0,34.4,2.602,89.6,0.0,True,75.9,0.18,0.072,1,6,M3545.000400-002 M3545.001100-002 M3546.000500-001 M3563.000400-001 E11.174-001,0.011,True
673,인문대학,역사학부,3학년,아시아사특강 | 중국근세사 | 사료로 보는 서양사 | 번역과 동아시아의 근대 | 죽음의 과학적 이해,GATE,5,5,1,1,1,False,exact,1,123.9,0.0,123.9,123.9,123.9,123.9,0.0,0.0,123.9,0.0,0.0,0.0,33.1,3.739,123.9,0.0,True,114.3,0.084,0.065,1,6,M3545.000400-002 M3545.001100-002 M3546.000500-001 M3563.000400-001 E11.174-001,0.007,True
674,생활과학대학,식품영양학과,2학년,식품미생물학 및 실험 | 급식경영학 | 식품화학 | 기초영양학 | 대학 글쓰기 2: 인문학글쓰기 | 수학 2,919A,6,50,520,210,55,True,exact,55,160.5,2.2,165.0,175.1,169.9,201.0,1.0,2.5,180.1,14.6,0.083,15.1,39.1,4.105,160.5,0.0,True,139.7,0.149,1.0,14,24,352.329A-001 352.213B-001 352.217B-001 352.327B-001 F31.105-013 F11.201-019,0.132,True
674,생활과학대학,식품영양학과,2학년,식품미생물학 및 실험 | 급식경영학 | 식품화학 | 기초영양학 | 대학 글쓰기 2: 인문학글쓰기 | 수학 2,GATE,6,50,520,210,55,True,exact,55,126.4,2.2,130.9,143.6,140.8,153.1,1.0,2.5,148.6,17.2,0.12,17.7,31.2,4.044,126.4,0.0,True,116.7,0.083,1.057,17,27,352.329A-001 352.213B-001 352.217B-001 352.327B-001 F31.105-013 F11.201-003,0.125,True
675,사범대학,국어교육과,3학년,작문교육론 | 국어자료탐구 | 한국현대산문교육론 | 매체의사소통교육론 | 초급한문 1,919A,5,15,11,10,4,True,exact,4,77.1,0.0,77.1,81.1,77.1,92.8,0.0,0.0,81.1,3.9,0.048,3.9,19.9,3.866,77.1,0.0,True,66.0,0.169,0.185,4,9,705.314A-001 M1844.002400-001 705.322-001 M1844.001200-001 F28.101-004,0.023,True
675,사범대학,국어교육과,3학년,작문교육론 | 국어자료탐구 | 한국현대산문교육론 | 매체의사소통교육론 | 초급한문 1,GATE,5,15,11,10,4,True,exact,4,128.9,0.0,128.9,134.4,136.2,136.2,0.0,0.0,134.4,5.5,0.041,5.5,29.0,4.443,128.9,0.0,True,120.5,0.069,0.17,4,9,705.314A-001 M1844.002400-001 705.322-001 M1844.001200-001 F28.101-003,0.018,True
676,사범대학,불어교육과,2학년,프랑스어 어휘와 문법 | 프랑스문학개관 2 | 프랑스어 쓰기 지도법 | 프랑스어권 문화와 문학 | 미국문화와 현대사회의 이해,919A,5,5,1,1,1,False,exact,1,112.1,0.0,112.1,112.1,112.1,112.1,0.0,0.0,112.1,0.0,0.0,0.0,25.4,4.417,112.1,0.0,True,96.8,0.158,0.257,1,6,M1851.001900-001 708.305A-001 M1851.002700-001 M1851.002600-001 C10.124-001,0.011,True
676,사범대학,불어교육과,2학년,프랑스어 어휘와 문법 | 프랑스문학개관 2 | 프랑스어 쓰기 지도법 | 프랑스어권 문화와 문학 | 미국문화와 현대사회의 이해,GATE,5,5,1,1,1,False,exact,1,161.3,0.0,161.3,161.3,161.3,161.3,0.0,0.0,161.3,0.0,0.0,0.0,32.8,4.921,161.3,0.0,True,151.0,0.068,0.071,1,6,M1851.001900-001 708.305A-001 M1851.002700-001 M1851.002600-001 C10.124-001,0.008,True
677,첨단융합학부,첨단융합학부,4학년,메모리 및 인공지능소자 | 데이터과학 창의연구 | 초급스페인어 1 | 대중예술의 이해 | 음악과 사회 | 동서양 명작 읽기,919A,6,26,288,288,2,True,exact,2,175.3,0.0,175.3,184.5,184.5,193.7,0.0,0.0,184.5,9.2,0.05,9.2,38.2,4.586,175.3,0.0,True,154.0,0.139,0.701,2,8,M3637.001600-001 M3635.000800-001 C10.110-002 C10.106-002 C10.146-002 F24.101-009,0.079,True
677,첨단융합학부,첨단융합학부,4학년,메모리 및 인공지능소자 | 데이터과학 창의연구 | 초급스페인어 1 | 대중예술의 이해 | 음악과 사회 | 동서양 명작 읽기,GATE,6,26,288,288,2,True,exact,2,180.3,0.0,180.3,196.8,196.8,213.2,0.0,0.0,196.8,16.4,0.083,16.4,35.5,5.083,180.3,0.0,True,166.4,0.084,0.857,2,8,M3637.001600-001 M3635.000800-001 C10.110-002 C10.106-002 C10.146-002 F24.101-009,0.056,True
678,공과대학,항공우주공학과,2학년,항공우주 고체역학 2 | 드론 비행 및 운용 | 항공역학 | 운동체역학 | 남북분단과 한국전쟁 | 대학 글쓰기 2: 인문학글쓰기,919A,6,26,40,30,25,True,exact,25,300.0,0.0,300.0,306.1,300.0,385.3,0.92,15.2,336.5,6.1,0.02,36.5,47.9,6.261,294.4,2.74,False,264.7,0.134,0.678,11,18,M3229.002000-001 M3229.004400-001 M2795.001800-001 M2795.002100-001 C20.105-002 F11.201-002,0.35,True
678,공과대학,항공우주공학과,2학년,항공우주 고체역학 2 | 드론 비행 및 운용 | 항공역학 | 운동체역학 | 남북분단과 한국전쟁 | 대학 글쓰기 2: 인문학글쓰기,GATE,6,26,40,30,25,True,exact,25,342.6,4.2,350.9,358.3,353.8,442.7,0.92,15.2,388.7,15.7,0.044,37.8,55.0,6.23,342.6,0.0,True,309.1,0.108,0.749,10,17,M3229.002000-001 M3229.004400-001 M2795.001800-001 M2795.002100-001 C20.105-001 F11.201-001,0.101,True
679,사범대학,불어교육과,1학년,기초프랑스어회화 2 | 프랑스어기초문법 2 | 대학 글쓰기 2: 인문학글쓰기 | 베리타스 강좌 2: 예술과 법 | 수학연습 2,919A,5,68,900,255,467,True,exact,467,91.0,0.0,91.0,121.5,119.9,139.8,0.0,0.0,121.5,30.5,0.251,30.5,30.6,2.971,91.0,0.04,True,79.6,0.143,3.3,70,83,M1851.001700-001 700.142-001 V20.101-001 F11.201-009 F31.105L-033,0.582,True
679,사범대학,불어교육과,1학년,기초프랑스어회화 2 | 프랑스어기초문법 2 | 대학 글쓰기 2: 인문학글쓰기 | 베리타스 강좌 2: 예술과 법 | 수학연습 2,GATE,5,68,900,255,467,True,exact,467,105.9,0.0,105.9,144.5,141.6,173.1,0.0,0.0,144.5,38.6,0.267,38.6,33.7,3.143,105.9,0.0,True,99.5,0.065,3.109,64,76,M1851.001700-001 700.142-001 V20.101-001 F11.201-010 F31.105L-033,0.634,True
680,농업생명과학대학,식품·동물생명공학부,3학년,식품분석실험 | 식품위생학 | 식품공정학 | 동물성식품학 및 실험 | 글쓰기 세미나,919A,5,16,12,10,4,True,exact,4,168.3,0.0,168.3,179.7,178.9,192.5,0.0,0.0,179.7,11.3,0.063,11.3,38.5,4.374,168.3,0.0,True,153.2,0.099,0.165,4,9,5251.307A-001 5251.309-001 5251.308-001 5252.405-001 E52.102-011,0.026,True
680,농업생명과학대학,식품·동물생명공학부,3학년,식품분석실험 | 식품위생학 | 식품공정학 | 동물성식품학 및 실험 | 글쓰기 세미나,GATE,5,16,12,10,4,True,exact,4,127.8,0.0,127.8,138.0,137.8,148.5,0.0,0.0,138.0,10.2,0.074,10.2,34.6,3.697,127.8,0.0,True,123.9,0.032,0.159,4,9,5251.307A-001 5251.309-001 5251.308-001 5252.405-001 E52.102-011,0.019,True
681,인문대학,고고미술사학과,4학년,미술사실습 | 현대미술과 시각문화 | 고고학연습 | 한국의 회화 | 대학영어 1,919A,5,59,55,54,8,True,exact,8,78.0,0.0,78.0,100.5,100.5,115.6,0.0,0.0,100.5,22.5,0.223,22.5,27.4,2.845,78.0,0.0,True,67.1,0.163,0.425,8,13,116.324-001 116.435-001 116.414B-001 116.405A-001 F21.101-029,0.05,True
681,인문대학,고고미술사학과,4학년,미술사실습 | 현대미술과 시각문화 | 고고학연습 | 한국의 회화 | 대학영어 1,GATE,5,59,55,54,8,True,exact,8,93.8,0.0,93.8,126.7,123.9,151.8,0.0,0.0,126.7,32.9,0.259,32.9,31.7,2.959,93.8,0.0,True,87.9,0.068,0.415,8,13,116.324-001 116.435-001 116.414B-001 116.405A-001 F21.101-029,0.039,True
682,농업생명과학대학,산림과학부,2학년,환경재료화학공정 | 재료역학 및 실험 | 목재화학 및 실험 | 스마트산림종자학 | 독일어권 문화의 이해,919A,5,7,3,3,2,True,exact,2,167.5,0.0,167.5,168.0,168.0,168.4,0.0,0.0,168.0,0.4,0.003,0.4,39.6,4.233,167.5,0.0,True,152.5,0.099,0.169,2,7,5242.208-001 457.201-001 5242.202-001 M1698.003100-002 C30.109-002,0.018,True
682,농업생명과학대학,산림과학부,2학년,환경재료화학공정 | 재료역학 및 실험 | 목재화학 및 실험 | 스마트산림종자학 | 독일어권 문화의 이해,GATE,5,7,3,3,2,True,exact,2,135.8,0.0,135.8,139.0,139.0,142.2,0.0,0.0,139.0,3.2,0.023,3.2,35.2,3.857,135.8,0.0,True,132.3,0.026,0.293,2,7,5242.208-001 457.201-001 5242.202-001 M1698.003100-002 C30.109-002,0.012,True
683,음악대학,음악학과,2학년,스크린 스코어링 | 음악 진로 탐색 | 서양음악사문헌 2 | 베리타스 실천: 순환 자원과 지속가능성 프로젝트 | 대학 글쓰기 1 | 공학수학 1,919A,6,83,370,290,85,True,exact,85,126.2,0.0,126.2,143.4,150.0,165.4,0.0,0.0,143.4,17.2,0.12,17.2,32.1,3.931,126.6,0.4,False,112.4,0.123,2.749,41,48,M3535.001600-001 M2183.008300-001 6522.2257-001 V30.114-001 F31.201-003 F11.101-025,0.419,True
683,음악대학,음악학과,2학년,스크린 스코어링 | 음악 진로 탐색 | 서양음악사문헌 2 | 베리타스 실천: 순환 자원과 지속가능성 프로젝트 | 대학 글쓰기 1 | 공학수학 1,GATE,6,83,370,290,85,True,exact,85,134.9,0.0,134.9,150.9,149.5,173.8,0.0,0.0,150.9,16.0,0.106,16.0,29.7,4.539,134.9,0.0,True,126.8,0.064,2.514,26,33,M3535.001600-001 M2183.008300-001 6522.2257-001 V30.114-001 F31.201-003 F11.101-007,0.303,True
684,인문대학,국어국문학과,2학년,한국현대소설론 | 한국영상문학론 | 한국고전산문강독 | 대학 글쓰기 2: 과학기술글쓰기 | 대학영어 1 | 지구과학,919A,6,87,1540,594,469,True,exact,469,119.9,0.0,119.9,162.5,160.6,177.4,0.0,0.0,162.5,42.7,0.263,42.7,21.5,5.572,119.9,0.0,True,107.7,0.113,6.425,175,187,101.311A-001 101.428-001 101.223-001 F36.102-001 F11.203-012 F21.101-016,1.191,True
684,인문대학,국어국문학과,2학년,한국현대소설론 | 한국영상문학론 | 한국고전산문강독 | 대학 글쓰기 2: 과학기술글쓰기 | 대학영어 1 | 지구과학,GATE,6,87,1540,594,469,True,exact,469,123.4,0.0,123.4,184.9,186.1,190.8,0.0,0.0,184.9,61.5,0.333,61.5,29.8,4.138,123.4,0.0,True,117.2,0.053,5.967,156,168,101.311A-001 101.428-001 101.223-001 F36.102-001 F11.203-012 F21.101-016,1.071,True
685,공과대학,건축학과,2학년,건축재료역학 1 | 기초스튜디오 4 (패브리케이션 디자인) | 건축사 2 | 대학 글쓰기 2: 과학기술글쓰기 | 문명과 수학 | 물리학실험 2,919A,6,85,6860,264,2018,True,exact,2018,162.3,0.0,162.3,187.0,196.4,217.4,0.034,0.0,187.0,24.7,0.132,24.7,38.5,4.219,162.3,0.0,True,148.1,0.096,1.526,19,35,4013.206A-001 4012.303-001 E11.120-001 M1498.013700-001 F11.203-001 F33.107L-012,0.545,True
685,공과대학,건축학과,2학년,건축재료역학 1 | 기초스튜디오 4 (패브리케이션 디자인) | 건축사 2 | 대학 글쓰기 2: 과학기술글쓰기 | 문명과 수학 | 물리학실험 2,GATE,6,85,6860,264,2018,True,exact,2018,167.1,0.0,167.1,189.7,195.7,220.7,0.034,0.0,189.7,22.6,0.119,22.6,39.9,4.192,167.1,0.0,True,159.9,0.045,1.171,9,23,4013.206A-001 4012.303-001 E11.120-001 M1498.013700-001 F11.203-001 F33.107L-012,0.188,True
686,자연과학대학,통계학과,2학년,표본설계 및 조사실습 | 확률의 개념 및 응용 | 자료분석 및 실습 | 역사와 역사 재현 | 대학 글쓰기 2: 과학기술글쓰기,919A,5,33,56,22,14,True,exact,14,127.2,0.0,127.2,154.8,159.4,159.4,0.0,0.0,154.8,27.6,0.178,27.6,30.9,4.113,127.2,0.0,True,113.2,0.124,0.233,5,10,326.214-001 326.211-001 M1399.001400-001 C20.127-002 F11.203-012,0.029,True
686,자연과학대학,통계학과,2학년,표본설계 및 조사실습 | 확률의 개념 및 응용 | 자료분석 및 실습 | 역사와 역사 재현 | 대학 글쓰기 2: 과학기술글쓰기,GATE,5,33,56,22,14,True,exact,14,157.2,0.0,157.2,168.2,170.0,170.0,0.0,0.0,168.2,11.0,0.066,11.0,25.7,6.118,157.2,0.0,True,147.4,0.066,0.216,5,10,326.214-001 326.211-001 M1399.001400-001 C20.127-002 F11.203-012,0.024,True
687,공과대학,전기·정보공학부,3학년,공학연구의 실습 1 | 생체전기정보공학 | 전력전자공학 | 제어공학개론 | 도시의 문화사 | 국제정치학입문,919A,6,7,2,2,1,False,exact,1,425.4,49.6,524.6,425.4,425.4,425.4,1.0,49.6,524.6,0.0,0.0,0.0,71.9,5.917,425.4,0.0,True,378.3,0.124,0.1,1,7,400.320-001 M2608.000200-001 430.442-001 430.310-001 C10.108-001 C30.105-002,0.016,True
687,공과대학,전기·정보공학부,3학년,공학연구의 실습 1 | 생체전기정보공학 | 전력전자공학 | 제어공학개론 | 도시의 문화사 | 국제정치학입문,GATE,6,7,2,2,1,False,exact,1,483.9,49.6,583.1,483.9,483.9,483.9,1.0,49.6,583.1,0.0,0.0,0.0,68.3,7.079,483.9,0.0,True,432.8,0.118,0.099,1,7,400.320-001 M2608.000200-001 430.442-001 430.310-001 C10.108-001 C30.105-002,0.011,True
688,농업생명과학대학,응용생물화학부,2학년,곤충학및실험 | 농업환경화학 | 생화학실험 | 식물병리학총론 | 수학연습 2,919A,5,49,45,17,45,True,exact,45,169.8,0.0,169.8,171.0,170.3,177.6,0.0,0.0,171.0,1.1,0.007,1.1,42.7,3.978,169.8,0.0,True,153.8,0.104,0.541,17,22,519.253-001 M1678.001000-001 M1678.001200-001 5192.252-001 F31.105L-002,0.082,True
688,농업생명과학대학,응용생물화학부,2학년,곤충학및실험 | 농업환경화학 | 생화학실험 | 식물병리학총론 | 수학연습 2,GATE,5,49,45,17,45,True,exact,45,125.4,0.0,125.4,129.2,129.2,135.3,0.0,0.0,129.2,3.7,0.029,3.7,28.7,4.374,125.4,0.0,True,122.3,0.026,0.53,17,22,519.253-001 M1678.001000-001 M1678.001200-001 5192.252-001 F31.105L-027,0.073,True
689,자연과학대학,통계학과,4학년,자료분석 심화방법론 및 실습 | 생존자료분석 및 실습 | 베이즈통계 및 실습 | 생물학 | 심리학개론 | 베리타스 강좌 1: 불과 문명,919A,6,13,20,20,2,True,exact,2,156.5,0.0,156.5,157.9,157.9,159.2,0.0,0.0,157.9,1.4,0.009,1.4,42.6,3.674,156.5,0.0,True,139.2,0.124,0.194,2,9,M1399.001500-001 326.412-001 326.411-001 V10.107-001 E11.146-001 F35.103-003,0.028,True
689,자연과학대학,통계학과,4학년,자료분석 심화방법론 및 실습 | 생존자료분석 및 실습 | 베이즈통계 및 실습 | 생물학 | 심리학개론 | 베리타스 강좌 1: 불과 문명,GATE,6,13,20,20,2,True,exact,2,136.2,0.0,136.2,137.9,137.9,139.7,0.0,0.0,137.9,1.7,0.012,1.7,34.8,3.918,136.2,0.0,True,131.1,0.039,0.208,2,9,M1399.001500-001 326.412-001 326.411-001 V10.107-001 E11.146-002 F35.103-004,0.019,True
690,인문대학,중어중문학과,3학년,중국문학사 | 중국 전통 문화의 의미와 현대 중국 | 고급중국어 | 대학 글쓰기 1 | 대학영어 1,919A,5,132,4070,3132,1758,True,exact,1758,105.5,0.0,105.5,139.8,136.5,165.3,0.0,0.0,139.8,34.3,0.245,34.3,18.6,5.663,105.5,0.0,True,90.4,0.168,9.085,154,165,M1234.000700-001 102.327-001 102.321-001 F21.101-002 F11.101-064,1.558,True
690,인문대학,중어중문학과,3학년,중국문학사 | 중국 전통 문화의 의미와 현대 중국 | 고급중국어 | 대학 글쓰기 1 | 대학영어 1,GATE,5,132,4070,3132,1758,True,exact,1758,109.6,0.0,109.6,146.5,144.9,171.6,0.0,0.0,146.5,36.9,0.252,36.9,20.5,5.343,109.6,0.0,True,104.0,0.054,7.441,58,68,M1234.000700-001 102.327-001 102.321-001 F21.101-002 F11.101-050,0.992,True
691,사회과학대학,사회복지학과,3학년,사회복지현장실습 | 장애와 사회: 장애인복지의 이해 | 사회복지법제와 실천 | 공학수학 1 | 창의적 사고와 표현,919A,5,12,20,20,7,True,exact,7,161.8,0.0,161.8,185.3,184.6,205.8,0.0,0.0,185.3,23.5,0.127,23.5,45.7,3.542,161.8,0.0,True,143.2,0.13,0.529,5,12,209.319-001 M1311.005100-001 M1311.002200-001 F12.103-004 F31.201-001,0.046,True
691,사회과학대학,사회복지학과,3학년,사회복지현장실습 | 장애와 사회: 장애인복지의 이해 | 사회복지법제와 실천 | 공학수학 1 | 창의적 사고와 표현,GATE,5,12,20,20,7,True,exact,7,123.4,0.0,123.4,146.0,146.8,163.6,0.0,0.0,146.0,22.7,0.155,22.7,37.0,3.33,123.4,0.0,True,116.9,0.055,0.303,7,14,209.319-001 M1311.005100-001 M1311.002200-001 F12.103-004 F31.201-001,0.036,True
692,공과대학,건설환경도시공학부,4학년,공학기술의 응용과 전망 | 국토 및 지역계획 | 공학수학 1 | 대학영어 2: 글쓰기 | 인간과 우주,919A,5,29,105,100,43,True,exact,43,170.8,0.0,170.8,185.3,180.4,209.1,0.0,0.0,185.3,14.5,0.078,14.5,34.6,4.938,170.8,0.0,True,154.7,0.104,0.945,23,29,M2177.008900-001 457.404-001 C40.124-001 F31.201-003 F21.201-017,0.145,True
692,공과대학,건설환경도시공학부,4학년,공학기술의 응용과 전망 | 국토 및 지역계획 | 공학수학 1 | 대학영어 2: 글쓰기 | 인간과 우주,GATE,5,29,105,100,43,True,exact,43,198.5,0.0,198.5,207.4,201.8,228.8,0.0,0.0,207.4,8.9,0.043,8.9,38.3,5.178,198.5,0.0,True,185.3,0.071,1.039,23,30,M2177.008900-001 457.404-001 C40.124-001 F31.201-003 F21.201-020,0.172,True
693,수의과대학,수의과대학,1학년,수의독성학 | 수의해부학 2 | 물리학실험 2 | 중국어권의 사회와 문화 | 수학연습 2,919A,5,98,4410,408,1612,True,exact,1612,144.4,4.7,153.7,182.7,183.2,202.5,0.712,3.8,190.4,38.3,0.21,36.7,54.2,2.662,144.4,0.0,True,130.5,0.107,2.542,46,59,M1744.004800-001 M1744.004300-001 C10.153-001 F33.107L-042 F31.105L-004,0.425,True
693,수의과대학,수의과대학,1학년,수의독성학 | 수의해부학 2 | 물리학실험 2 | 중국어권의 사회와 문화 | 수학연습 2,GATE,5,98,4410,408,1612,True,exact,1612,104.1,4.7,113.4,145.9,147.4,169.3,0.712,3.8,153.5,41.8,0.286,40.1,41.1,2.53,104.1,0.0,True,97.7,0.066,2.463,46,61,M1744.004800-001 M1744.004300-001 C10.153-001 F33.107L-042 F31.105L-033,0.38,True
694,간호대학,간호대학,2학년,보건커뮤니케이션과 건강교육 | 서양철학의 이해 | 수학연습 2 | 인간생명과학개론 | 인문사회계를 위한 통계학 | 불교철학의 이해,919A,6,53,270,102,45,True,exact,45,171.0,0.0,171.0,195.2,196.1,203.5,0.0,0.0,195.2,24.2,0.124,24.2,53.0,3.226,171.0,0.0,True,152.2,0.123,0.896,17,23,M1991.001900-001 E11.164-001 F32.104-001 E11.129-002 C20.123-003 F31.105L-033,0.142,True
694,간호대학,간호대학,2학년,보건커뮤니케이션과 건강교육 | 서양철학의 이해 | 수학연습 2 | 인간생명과학개론 | 인문사회계를 위한 통계학 | 불교철학의 이해,GATE,6,53,270,102,45,True,exact,45,138.7,0.0,138.7,154.4,155.3,161.4,0.0,0.0,154.4,15.6,0.101,15.6,40.7,3.409,138.7,0.0,True,132.0,0.051,0.877,17,23,M1991.001900-001 E11.164-001 F32.104-001 E11.129-002 C20.123-003 F31.105L-033,0.165,True
695,농업생명과학대학,산림과학부,2학년,산림생태학 및 실습 | 산림치유복지학 | 목재화학 및 실험 | 재료역학 및 실험 | 맥락의 뇌과학,919A,5,5,1,1,1,False,exact,1,129.4,0.0,129.4,129.4,129.4,129.4,0.0,0.0,129.4,0.0,0.0,0.0,42.5,3.049,129.4,0.0,True,117.6,0.101,0.068,1,6,5241.214A-002 M1698.002800-002 5242.202-001 457.201-001 C40.141-001,0.01,True
695,농업생명과학대학,산림과학부,2학년,산림생태학 및 실습 | 산림치유복지학 | 목재화학 및 실험 | 재료역학 및 실험 | 맥락의 뇌과학,GATE,5,5,1,1,1,False,exact,1,105.9,0.0,105.9,105.9,105.9,105.9,0.0,0.0,105.9,0.0,0.0,0.0,33.9,3.126,105.9,0.0,True,102.6,0.032,0.069,1,6,5241.214A-002 M1698.002800-002 5242.202-001 457.201-001 C40.141-001,0.007,True
696,미술대학,조소과,2학년,디지털조각 2: 피지컬 컴퓨팅 | 목조 2: 재료와 맥락 | 석조 2: 재료와 맥락 | 소조 1: 인체와 재현 | 독일어권 문화의 이해 | 대학 글쓰기 1,919A,6,81,222,174,46,True,exact,46,145.0,0.0,145.0,154.7,150.0,179.6,0.13,0.3,155.3,9.7,0.063,10.3,26.4,5.499,145.0,0.0,True,121.3,0.195,1.929,29,36,M1767.002600-001 M1767.001600-001 M1767.001400-001 M1767.001900-001 C30.109-002 F11.101-059,0.518,True
696,미술대학,조소과,2학년,디지털조각 2: 피지컬 컴퓨팅 | 목조 2: 재료와 맥락 | 석조 2: 재료와 맥락 | 소조 1: 인체와 재현 | 독일어권 문화의 이해 | 대학 글쓰기 1,GATE,6,81,222,174,46,True,exact,46,122.6,0.0,122.6,139.5,135.7,176.4,0.13,0.3,140.1,16.9,0.121,17.6,24.3,5.044,122.6,0.0,True,113.1,0.084,1.731,15,22,M1767.002600-001 M1767.001600-001 M1767.001400-001 M1767.001900-001 C30.109-002 F11.101-049,0.226,True
697,농업생명과학대학,조경·지역시스템공학부,3학년,지역개발관리공학 | 동양조경의 역사와 이론 | 조경 계량분석기법 | 생물환경조절공학 및 실험 | 매체로 보는 서양사 | 처음 배우는 서양사,919A,6,8,4,2,2,False,exact,2,147.4,2.2,151.8,147.4,147.4,147.4,1.0,2.2,151.8,0.0,0.0,0.0,32.8,4.498,147.4,0.0,True,133.3,0.106,0.087,1,7,5272.323-001 5271.323A-001 M1707.000500-001 5272.414-001 E11.118-001 C20.140-001,0.012,True
697,농업생명과학대학,조경·지역시스템공학부,3학년,지역개발관리공학 | 동양조경의 역사와 이론 | 조경 계량분석기법 | 생물환경조절공학 및 실험 | 매체로 보는 서양사 | 처음 배우는 서양사,GATE,6,8,4,2,2,False,exact,2,154.8,2.2,159.1,154.8,154.8,154.8,1.0,2.2,159.1,0.0,0.0,0.0,32.0,4.837,154.8,0.0,True,146.2,0.059,0.1,1,7,5272.323-001 5271.323A-001 M1707.000500-001 5272.414-001 E11.118-001 C20.140-001,0.009,True
698,자연과학대학,지구환경과학부,2학년,탄소중립과 기후위기 | 지질해양학 및 실험 | 대기복사에너지 | 지구환경 데이터과학 | 대학 글쓰기 2: 과학기술글쓰기,919A,5,32,28,11,6,True,exact,6,182.4,0.0,182.4,185.5,182.4,201.1,0.0,0.0,185.5,3.1,0.017,3.1,33.7,5.412,182.4,0.0,True,163.2,0.118,0.21,3,8,M1411.006800-001 3345.417A-001 M1411.005400-001 M1411.003300-001 F11.203-008,0.026,True
698,자연과학대학,지구환경과학부,2학년,탄소중립과 기후위기 | 지질해양학 및 실험 | 대기복사에너지 | 지구환경 데이터과학 | 대학 글쓰기 2: 과학기술글쓰기,GATE,5,32,28,11,6,True,exact,6,132.0,0.0,132.0,135.2,132.0,150.7,0.0,0.0,135.2,3.1,0.023,3.1,33.6,3.929,132.0,0.0,True,127.4,0.036,0.172,3,8,M1411.006800-001 3345.417A-001 M1411.005400-001 M1411.003300-001 F11.203-008,0.027,True
699,인문대학,종교학과,3학년,종교 교재 연구 및 지도법 | 유교개론 | 현대종교 | 종교철학 | 생명과학을 위한 수학 2,919A,5,9,5,5,3,True,exact,3,116.1,0.0,116.1,131.8,139.6,139.6,0.0,0.0,131.8,15.6,0.118,15.6,33.0,3.518,116.1,0.0,True,100.6,0.154,0.143,3,8,114.327-001 114.213-001 114.411-001 114.302-001 F31.112-002,0.021,True
699,인문대학,종교학과,3학년,종교 교재 연구 및 지도법 | 유교개론 | 현대종교 | 종교철학 | 생명과학을 위한 수학 2,GATE,5,9,5,5,3,True,exact,3,144.6,0.0,144.6,152.8,156.9,156.9,0.0,0.0,152.8,8.2,0.054,8.2,34.5,4.188,144.6,0.0,True,136.4,0.06,0.144,3,8,114.327-001 114.213-001 114.411-001 114.302-001 F31.112-002,0.038,True
700,수의과대학,수의과대학,4학년,수의사법규 | 수의 임상 모의 실습 | AI와 인간의 경계 탐구 | 베리타스 강좌 1: 의미 | 예술과 과학 | 진화와 인간사회,919A,6,7,2,2,1,False,exact,1,165.2,0.0,165.2,165.2,165.2,165.2,0.0,0.0,165.2,0.0,0.0,0.0,51.9,3.183,165.2,0.0,True,144.6,0.143,0.165,1,7,552.337-001 M1744.009500-001 E11.217-001 V10.126-001 E11.176-001 C10.144-001,0.028,True
700,수의과대학,수의과대학,4학년,수의사법규 | 수의 임상 모의 실습 | AI와 인간의 경계 탐구 | 베리타스 강좌 1: 의미 | 예술과 과학 | 진화와 인간사회,GATE,6,7,2,2,1,False,exact,1,128.6,0.0,128.6,128.6,128.6,128.6,0.0,0.0,128.6,0.0,0.0,0.0,43.3,2.973,128.6,0.0,True,118.6,0.084,0.128,1,7,552.337-001 M1744.009500-001 E11.217-001 V10.126-001 E11.176-001 C10.144-001,0.016,True
701,공과대학,건설환경도시공학부,3학년,철근콘크리트공학 2 | 지속가능교통체계 | 지반공학 | 도시설계 | 논리학,919A,5,9,5,5,4,True,exact,4,132.1,0.0,132.1,135.4,136.4,136.6,0.0,0.0,135.4,3.2,0.024,3.2,31.3,4.218,132.1,0.0,True,119.7,0.104,0.145,4,9,M1586.004800-001 457.316A-001 M3749.000100-001 457.302-001 C20.106-003,0.023,True
701,공과대학,건설환경도시공학부,3학년,철근콘크리트공학 2 | 지속가능교통체계 | 지반공학 | 도시설계 | 논리학,GATE,5,9,5,5,4,True,exact,4,165.3,0.0,165.3,166.6,166.7,167.6,0.0,0.0,166.6,1.3,0.008,1.3,39.0,4.245,165.3,0.0,True,153.5,0.077,0.146,4,9,M1586.004800-001 457.316A-001 M3749.000100-001 457.302-001 C20.106-003,0.018,True
702,음악대학,국악과,3학년,국악반주법 2 | 연주사회공헌 | 한국악기론 | 음악과 AI | 규장각과 한국문화 | 대학영어 2: 말하기,919A,6,18,24,22,16,True,exact,16,143.2,0.0,143.2,156.3,149.6,176.6,0.0,0.0,156.3,13.1,0.084,13.1,34.1,4.199,147.7,4.51,False,124.6,0.15,0.507,13,20,654.3237-001 M2183.007600-001 M1803.000700-001 M2183.001200-001 C20.102-001 F21.202-008,0.087,True
702,음악대학,국악과,3학년,국악반주법 2 | 연주사회공헌 | 한국악기론 | 음악과 AI | 규장각과 한국문화 | 대학영어 2: 말하기,GATE,6,18,24,22,16,True,exact,16,130.6,0.0,130.6,149.2,141.4,177.8,0.0,0.0,149.2,18.6,0.125,18.6,28.9,4.511,130.6,0.0,True,119.5,0.092,0.865,14,21,654.3237-001 M2183.007600-001 M1803.000700-001 M2183.001200-001 C20.102-002 F21.202-006,0.075,True
703,미술대학,조소과,4학년,작품연구: 대상과 표상 | 다차원 미디어 스튜디오 2 | 조소 졸업작품 발표 | 조소 졸업작품 연구 | 물리학실험 2 | 대학영어 1,919A,6,108,2695,648,290,True,exact,290,123.1,0.0,123.1,140.2,141.6,150.4,0.0,0.0,140.2,17.1,0.122,17.1,38.7,3.185,123.1,0.0,True,105.6,0.167,2.492,35,48,M1767.001100-001 613.452-001 M1767.003300-001 M1767.003100-001 F33.107L-012 F21.101-029,0.388,True
703,미술대학,조소과,4학년,작품연구: 대상과 표상 | 다차원 미디어 스튜디오 2 | 조소 졸업작품 발표 | 조소 졸업작품 연구 | 물리학실험 2 | 대학영어 1,GATE,6,108,2695,648,290,True,exact,290,111.5,0.0,111.5,132.1,135.0,142.2,0.0,0.0,132.1,20.6,0.156,20.6,32.8,3.404,111.5,0.0,True,104.6,0.066,2.256,21,34,M1767.001100-001 613.452-001 M1767.003300-001 M1767.003100-001 F33.107L-023 F21.101-017,0.351,True
704,음악대학,작곡과,2학년,라이브 일렉트로닉 뮤직 2 | 초급한문 1 | 음악론입문 | 한국문학과 문화예술 | 대학 글쓰기 2: 과학기술글쓰기,919A,5,42,308,110,86,True,exact,86,120.2,0.0,120.2,151.1,151.9,158.4,0.0,0.0,151.1,30.9,0.205,30.9,33.6,3.577,120.2,0.0,True,101.2,0.187,1.258,21,31,M2183.008600-001 C10.147-001 C10.159-001 F28.101-004 F11.203-010,0.177,True
704,음악대학,작곡과,2학년,라이브 일렉트로닉 뮤직 2 | 초급한문 1 | 음악론입문 | 한국문학과 문화예술 | 대학 글쓰기 2: 과학기술글쓰기,GATE,5,42,308,110,86,True,exact,86,131.1,0.0,131.1,158.8,156.8,187.9,0.0,0.0,158.8,27.7,0.174,27.7,32.6,4.024,131.1,0.0,True,123.4,0.063,1.026,16,26,M2183.008600-001 C10.147-001 C10.159-001 F28.101-007 F11.203-015,0.147,True
705,생활과학대학,의류학과,3학년,의류소재관리 및 실험 | 테크니컬 디자인 | 3D 패턴 CAD 및 가상착의 1 | 패션소비자분석 | 생물학,919A,5,9,5,5,1,False,exact,1,156.1,0.0,156.1,156.1,156.1,156.1,0.0,0.0,156.1,0.0,0.0,0.0,45.6,3.421,156.1,0.0,True,135.5,0.152,0.116,1,6,353.328-001 353.435-001 M1461.003500-001 353.337-001 F35.103-003,0.019,True
705,생활과학대학,의류학과,3학년,의류소재관리 및 실험 | 테크니컬 디자인 | 3D 패턴 CAD 및 가상착의 1 | 패션소비자분석 | 생물학,GATE,5,9,5,5,1,False,exact,1,119.7,0.0,119.7,119.7,119.7,119.7,0.0,0.0,119.7,0.0,0.0,0.0,33.2,3.608,119.7,0.0,True,110.3,0.086,0.108,1,6,353.328-001 353.435-001 M1461.003500-001 353.337-001 F35.103-003,0.011,True
706,인문대학,서어서문학과,3학년,라틴아메리카와 세계 | 브라질 사회와 문화 | 중남미시연습 | 중남미소설 | 베리타스 강좌 1: 나 찾기-몸·마음·영혼,919A,5,5,1,1,1,False,exact,1,113.6,0.0,113.6,113.6,113.6,113.6,0.0,0.0,113.6,0.0,0.0,0.0,22.7,4.996,113.6,0.0,True,95.3,0.192,0.069,1,6,M1245.000500-001 1071.205-001 107.335-001 107.327A-001 V10.124-001,0.011,True
706,인문대학,서어서문학과,3학년,라틴아메리카와 세계 | 브라질 사회와 문화 | 중남미시연습 | 중남미소설 | 베리타스 강좌 1: 나 찾기-몸·마음·영혼,GATE,5,5,1,1,1,False,exact,1,148.3,0.0,148.3,148.3,148.3,148.3,0.0,0.0,148.3,0.0,0.0,0.0,27.9,5.321,148.3,0.0,True,139.8,0.061,0.24,1,6,M1245.000500-001 1071.205-001 107.335-001 107.327A-001 V10.124-001,0.008,True
707,인문대학,불어불문학과,1학년,프랑스어 연습 1 | 프랑스어의 말소리와 어휘 | 중국의 전통과 현대 | 영상예술의 이해 | 수학 2 | 대학영어 1,919A,6,88,5720,3024,1347,True,exact,1347,124.2,0.0,124.2,159.3,158.1,199.1,0.057,0.3,160.0,35.1,0.22,35.8,29.2,4.253,124.2,0.0,True,107.4,0.157,7.388,91,109,M1239.000800-001 M1239.001200-001 C20.139-001 C10.142-002 F31.105-023 F21.101-042,1.28,True
707,인문대학,불어불문학과,1학년,프랑스어 연습 1 | 프랑스어의 말소리와 어휘 | 중국의 전통과 현대 | 영상예술의 이해 | 수학 2 | 대학영어 1,GATE,6,88,5720,3024,1347,True,exact,1347,139.9,0.0,139.9,177.6,177.9,211.0,0.057,0.3,178.3,37.7,0.212,38.4,26.2,5.347,139.9,0.0,True,132.4,0.056,11.545,116,140,M1239.000800-001 M1239.001200-001 C20.139-001 C10.142-002 F31.105-003 F21.101-011,2.191,True
708,간호대학,간호대학,1학년,인체구조와 기능 1 | 처음 배우는 서양사 | 한국사 | 테마 중국사 | 초급한문 1 | 말하기와 토론,919A,6,25,528,480,58,True,exact,58,137.8,0.0,137.8,147.5,148.4,159.1,0.0,0.0,147.5,9.7,0.066,9.7,42.0,3.278,137.8,0.0,True,122.5,0.124,0.723,12,20,M1991.001200-001 C20.143-001 C20.140-001 C20.149-001 F12.102-001 F28.101-004,0.138,True
708,간호대학,간호대학,1학년,인체구조와 기능 1 | 처음 배우는 서양사 | 한국사 | 테마 중국사 | 초급한문 1 | 말하기와 토론,GATE,6,25,528,480,58,True,exact,58,159.3,0.0,159.3,179.7,182.8,193.3,0.0,0.0,179.7,20.4,0.114,20.4,31.1,5.124,159.3,0.0,True,149.3,0.067,0.873,15,23,M1991.001200-001 C20.143-001 C20.140-001 C20.149-001 F12.102-001 F28.101-004,0.103,True
709,공과대학,화학생물공학부,2학년,화학생물공학기초실험 | 물리화학 2 | 응용생화학 1 | 물리의 기본 2 | 국가와 시민 | 대학 글쓰기 1,919A,6,85,2368,232,1424,True,exact,1424,334.7,0.5,335.7,345.0,341.9,373.1,0.663,11.3,367.6,10.3,0.03,31.9,53.7,6.232,325.1,16.72,False,298.1,0.123,2.778,44,52,458.202-001 M1587.000200-001 C30.104-001 458.206-002 F33.104-001 F11.101-010,0.454,True
709,공과대학,화학생물공학부,2학년,화학생물공학기초실험 | 물리화학 2 | 응용생화학 1 | 물리의 기본 2 | 국가와 시민 | 대학 글쓰기 1,GATE,6,85,2368,232,1424,True,exact,1424,401.5,0.0,401.5,401.4,402.9,438.5,0.663,11.3,423.9,-0.2,-0.0,22.4,60.1,6.68,383.3,9.04,False,359.3,0.117,4.3,73,83,458.202-001 M1587.000200-001 C30.104-001 458.206-001 F33.104-001 F11.101-063,0.854,True
710,인문대학,독어독문학과,1학년,독일어권의 문학과 예술 | 독어학이란 무엇인가 | 한국 수화 언어의 이해 | 물리의 기본 2 | 대학 글쓰기 1 | 대학 글쓰기 2: 과학기술글쓰기,919A,6,108,8288,2552,2088,True,exact,2088,116.8,0.0,116.8,160.0,163.5,192.4,0.0,0.0,160.0,43.2,0.27,43.2,21.5,5.427,116.8,0.0,True,102.3,0.141,5.262,111,121,100.120A-001 M1241.000700-001 E20.107-001 F33.104-002 F11.203-010 F11.101-056,0.912,True
710,인문대학,독어독문학과,1학년,독일어권의 문학과 예술 | 독어학이란 무엇인가 | 한국 수화 언어의 이해 | 물리의 기본 2 | 대학 글쓰기 1 | 대학 글쓰기 2: 과학기술글쓰기,GATE,6,108,8288,2552,2088,True,exact,2088,140.1,0.0,140.1,179.5,186.0,216.1,0.0,0.0,179.5,39.3,0.219,39.3,24.4,5.736,140.1,0.0,True,133.1,0.053,6.413,76,86,100.120A-001 M1241.000700-001 E20.107-001 F33.104-002 F11.203-006 F11.101-015,0.773,True
711,공과대학,원자핵공학과,2학년,핵공학개론 2 | 원자력열유체공학 | 플라즈마전자역학 1 | 죽음의 과학적 이해 | 서양미술의 이해 | 성의 철학과 성윤리,919A,6,8,3,3,2,True,exact,2,203.3,0.0,203.3,214.9,214.9,226.4,0.5,0.9,216.6,11.5,0.054,13.3,36.9,5.515,203.3,0.0,True,182.7,0.113,0.13,2,8,409.202-001 M1509.000900-001 409.209A-001 E11.174-001 E11.138-001 C20.124-001,0.046,True
711,공과대학,원자핵공학과,2학년,핵공학개론 2 | 원자력열유체공학 | 플라즈마전자역학 1 | 죽음의 과학적 이해 | 서양미술의 이해 | 성의 철학과 성윤리,GATE,6,8,3,3,2,True,exact,2,194.4,0.0,194.4,199.0,199.0,203.7,0.5,0.9,200.8,4.7,0.023,6.4,29.6,6.575,194.4,0.0,True,185.0,0.05,0.118,2,8,409.202-001 M1509.000900-001 409.209A-001 E11.174-001 E11.138-001 C20.124-001,0.014,True
712,인문대학,국어국문학과,1학년,한국어연구입문 | 한국문학연구입문 | 대학 글쓰기 2: 인문학글쓰기 | 맥락의 뇌과학 | 대학영어 1 | 수학연습 2,919A,6,123,49500,13770,15531,True,exact,15531,132.9,0.0,132.9,161.1,162.0,180.8,0.001,0.0,161.1,28.2,0.175,28.2,31.9,4.161,133.0,0.05,False,117.9,0.127,17.27,216,250,100.100-001 100.102-001 C40.141-001 F11.201-009 F31.105L-033 F21.101-054,3.309,True
712,인문대학,국어국문학과,1학년,한국어연구입문 | 한국문학연구입문 | 대학 글쓰기 2: 인문학글쓰기 | 맥락의 뇌과학 | 대학영어 1 | 수학연습 2,GATE,6,123,49500,13770,15531,True,exact,15531,145.4,0.0,145.4,182.3,182.6,202.7,0.001,0.0,182.3,36.9,0.202,36.9,33.2,4.377,145.4,0.0,True,138.0,0.054,16.278,189,220,100.100-001 100.102-001 C40.141-001 F11.201-002 F31.105L-033 F21.101-002,3.002,True
713,공과대학,컴퓨터공학부,4학년,멀티코어 컴퓨팅 | 컴퓨터 신기술 특강 | 컴퓨터융합응용 | 소프트웨어 엄밀 검증 | 초급중국어 1,919A,5,18,14,14,7,True,exact,7,259.8,0.0,259.8,274.9,261.3,355.0,0.857,22.3,319.5,15.1,0.055,59.7,59.2,4.388,259.8,0.0,True,229.7,0.131,0.429,6,11,4190.414A-001 M1522.001200-001 4190.423-001 M1522.007300-001 F25.101-010,0.057,True
713,공과대학,컴퓨터공학부,4학년,멀티코어 컴퓨팅 | 컴퓨터 신기술 특강 | 컴퓨터융합응용 | 소프트웨어 엄밀 검증 | 초급중국어 1,GATE,5,18,14,14,7,True,exact,7,297.3,0.0,297.3,312.4,298.5,395.3,0.857,22.3,357.0,15.2,0.049,59.7,63.9,4.653,297.3,0.0,True,264.9,0.122,0.503,6,11,4190.414A-001 M1522.001200-001 4190.423-001 M1522.007300-001 F25.101-010,0.042,True
714,인문대학,영어영문학과,1학년,영어학입문 | 영문학입문 | 명상과 수행 | 공학수학 1 | 대학 글쓰기 1,919A,5,82,370,290,99,True,exact,99,110.3,0.0,110.3,132.2,135.6,152.7,0.0,0.0,132.2,21.9,0.166,21.9,24.6,4.486,110.7,0.35,False,99.2,0.112,2.172,43,49,100.109-001 M1236.000600-001 E11.119-001 F31.201-005 F11.101-055,0.36,True
714,인문대학,영어영문학과,1학년,영어학입문 | 영문학입문 | 명상과 수행 | 공학수학 1 | 대학 글쓰기 1,GATE,5,82,370,290,99,True,exact,99,125.8,0.0,125.8,155.3,156.2,180.9,0.0,0.0,155.3,29.4,0.19,29.4,28.2,4.464,125.8,0.0,True,119.5,0.053,2.158,39,45,100.109-001 M1236.000600-001 E11.119-001 F31.201-005 F11.101-054,0.307,True
715,사회과학대학,지리학과,4학년,지리공간의 역사와 사상 | 인류세와 지속가능성 | 한국의 한자와 한자어 | 성의 철학과 성윤리 | 공학수학 1 | 심리학개론,919A,6,15,60,60,6,True,exact,6,147.6,0.0,147.6,165.9,168.3,180.6,0.0,0.0,165.9,18.3,0.111,18.3,31.8,4.648,147.6,0.0,True,130.9,0.127,0.278,6,20,208.421A-001 M1310.001500-001 C10.165-001 C20.124-003 E11.146-003 F31.201-001,0.035,True
715,사회과학대학,지리학과,4학년,지리공간의 역사와 사상 | 인류세와 지속가능성 | 한국의 한자와 한자어 | 성의 철학과 성윤리 | 공학수학 1 | 심리학개론,GATE,6,15,60,60,6,True,exact,6,139.1,0.0,139.1,157.4,155.1,173.8,0.0,0.0,157.4,18.3,0.116,18.3,30.6,4.55,139.1,0.0,True,128.8,0.08,0.446,6,20,208.421A-001 M1310.001500-001 C10.165-001 C20.124-003 E11.146-003 F31.201-001,0.029,True
716,수의과대학,수의과대학,2학년,수의미생물학 2 | 예방수의학통합실습 3 | 예방수의학통합실습 4 | 수의전문직업성 4 (진로탐구와 동물병원 실습) | 대학영어 1 | 역사와 역사 재현,919A,6,61,110,108,6,True,exact,6,182.8,0.0,182.8,191.6,191.7,200.1,0.5,2.5,196.7,8.8,0.046,13.9,40.4,4.525,182.8,0.0,True,161.2,0.134,0.622,6,12,M1744.005900-001 M1744.006500-001 M1744.006600-001 M2180.003100-001 C20.127-002 F21.101-006,0.057,True
716,수의과대학,수의과대학,2학년,수의미생물학 2 | 예방수의학통합실습 3 | 예방수의학통합실습 4 | 수의전문직업성 4 (진로탐구와 동물병원 실습) | 대학영어 1 | 역사와 역사 재현,GATE,6,61,110,108,6,True,exact,6,163.4,0.0,163.4,185.2,187.6,197.6,0.5,2.5,190.3,21.8,0.118,26.9,32.0,5.109,163.4,0.0,True,151.2,0.081,0.571,6,12,M1744.005900-001 M1744.006500-001 M1744.006600-001 M2180.003100-001 C20.127-002 F21.101-006,0.043,True
717,미술대학,공예과,4학년,도자조형 2 | 인체와 장식 2 | 공간과 장식 2 | 개별연구 및 세미나 4 | 대학영어 2: 말하기 | 신입생 세미나,919A,6,19,36,33,3,True,exact,3,127.1,0.0,127.1,144.9,148.2,159.5,0.0,0.0,144.9,17.8,0.123,17.8,38.4,3.308,127.1,0.0,True,109.0,0.166,0.316,3,11,6123.4112-001 6124.4104-001 6124.4106-001 M1774.004900-001 E51.101-004 F21.202-005,0.038,True
717,미술대학,공예과,4학년,도자조형 2 | 인체와 장식 2 | 공간과 장식 2 | 개별연구 및 세미나 4 | 대학영어 2: 말하기 | 신입생 세미나,GATE,6,19,36,33,3,True,exact,3,105.3,0.0,105.3,117.0,115.2,130.5,0.0,0.0,117.0,11.7,0.1,11.7,27.5,3.826,105.3,0.0,True,98.8,0.066,0.289,3,11,6123.4112-001 6124.4104-001 6124.4106-001 M1774.004900-001 E51.101-004 F21.202-005,0.025,True
718,사회과학대학,언론정보학과,2학년,커뮤니케이션이론 1 | 저널리즘 심층 글쓰기 | 영상 문화 입문 | 미디어테크놀로지의 과거와 미래 | 수학연습 2,919A,5,49,45,17,45,True,exact,45,160.7,0.0,160.7,161.8,161.1,168.5,0.0,0.0,161.8,1.1,0.007,1.1,45.4,3.537,160.7,0.0,True,138.5,0.16,0.442,10,15,M1312.003000-001 M1312.001400-001 M1312.001000-001 M1312.002000-001 F31.105L-002,0.057,True
718,사회과학대학,언론정보학과,2학년,커뮤니케이션이론 1 | 저널리즘 심층 글쓰기 | 영상 문화 입문 | 미디어테크놀로지의 과거와 미래 | 수학연습 2,GATE,5,49,45,17,45,True,exact,45,54.6,0.0,54.6,58.3,58.3,64.4,0.0,0.0,58.3,3.7,0.064,3.7,23.1,2.365,54.6,0.0,True,52.8,0.032,0.389,12,17,M1312.003000-001 M1312.001400-001 M1312.001000-001 M1312.002000-001 F31.105L-027,0.077,True
719,사범대학,체육교육과,1학년,체육사.철학 | 기능해부학 | 대학 글쓰기 2: 과학기술글쓰기 | 역사와 역사 재현 | 물리학실험 2,919A,5,81,2744,264,322,True,exact,322,178.4,0.0,178.4,194.9,190.6,215.0,0.0,0.0,194.9,16.5,0.085,16.5,45.4,3.928,178.4,0.0,True,159.6,0.118,0.859,12,22,722.205A-001 722.249-001 C20.127-001 F11.203-001 F33.107L-004,0.207,True
719,사범대학,체육교육과,1학년,체육사.철학 | 기능해부학 | 대학 글쓰기 2: 과학기술글쓰기 | 역사와 역사 재현 | 물리학실험 2,GATE,5,81,2744,264,322,True,exact,322,116.7,0.0,116.7,139.6,138.4,159.8,0.0,0.0,139.6,22.9,0.164,22.9,31.2,3.738,116.7,0.0,True,109.5,0.067,1.212,9,19,722.205A-001 722.249-001 C20.127-001 F11.203-001 F33.107L-004,0.119,True
720,미술대학,동양화과,2학년,소묘 2 | 회화재료와 기법 | 한국미술사 | 전통수묵기법 2 | 서양철학의 이해 | 수학 2,919A,6,33,78,42,40,True,exact,40,156.8,0.0,156.8,159.6,159.7,174.5,0.0,0.0,159.6,2.8,0.017,2.8,32.7,4.798,156.8,0.0,True,135.6,0.157,0.947,18,25,601.206-001 601.214A-001 600.230-001 601.204A-001 C20.123-003 F31.105-013,0.179,True
720,미술대학,동양화과,2학년,소묘 2 | 회화재료와 기법 | 한국미술사 | 전통수묵기법 2 | 서양철학의 이해 | 수학 2,GATE,6,33,78,42,40,True,exact,40,145.4,0.0,145.4,149.1,147.8,155.1,0.0,0.0,149.1,3.7,0.025,3.7,30.3,4.805,145.4,0.0,True,135.3,0.075,0.884,19,26,601.206-001 601.214A-001 600.230-001 601.204A-001 C20.123-001 F31.105-006,0.131,True
721,인문대학,철학과,3학년,심리철학 | 불교철학특강 | 시장과 윤리 | 현대프랑스철학 | 공학수학 1 | 인간관계의 심리학,919A,6,13,20,20,3,True,exact,3,163.1,0.0,163.1,163.3,163.1,163.6,0.0,0.0,163.3,0.2,0.001,0.2,47.1,3.462,163.1,0.0,True,144.3,0.13,0.153,3,9,113.464-001 113.369-001 M3659.000200-001 113.367-001 E11.163-002 F31.201-003,0.018,True
721,인문대학,철학과,3학년,심리철학 | 불교철학특강 | 시장과 윤리 | 현대프랑스철학 | 공학수학 1 | 인간관계의 심리학,GATE,6,13,20,20,3,True,exact,3,192.0,0.0,192.0,192.2,192.0,192.7,0.0,0.0,192.2,0.2,0.001,0.2,41.1,4.672,192.0,0.0,True,180.8,0.062,0.164,3,9,113.464-001 113.369-001 M3659.000200-001 113.367-001 E11.163-002 F31.201-003,0.015,True
722,사범대학,불어교육과,1학년,프랑스어기초문법 2 | 기초프랑스어회화 2 | 수학 2 | 경제학개론 | 한국정치의 분석과 이해 | 독일어권 문화의 이해,919A,6,34,156,84,15,True,exact,15,154.3,0.0,154.3,157.0,156.9,160.7,0.0,0.0,157.0,2.8,0.018,2.8,41.0,3.758,154.3,0.0,True,136.8,0.128,0.657,8,16,700.142-001 M1851.001700-001 C30.138-001 E11.103-001 C30.109-002 F31.105-023,0.091,True
722,사범대학,불어교육과,1학년,프랑스어기초문법 2 | 기초프랑스어회화 2 | 수학 2 | 경제학개론 | 한국정치의 분석과 이해 | 독일어권 문화의 이해,GATE,6,34,156,84,15,True,exact,15,180.8,0.0,180.8,187.7,190.0,195.5,0.0,0.0,187.7,6.8,0.036,6.8,35.9,5.035,181.1,0.25,False,169.0,0.07,0.613,8,16,700.142-001 M1851.001700-001 C30.138-001 E11.103-001 C30.109-002 F31.105-023,0.067,True
723,인문대학,서어서문학과,4학년,영화 비평 세미나 | 라틴아메리카 영화와 현대사회 | 스페인어학연습 2 | 스페인문학특강 | 대학영어 2: 말하기,919A,5,16,12,11,8,True,exact,8,109.8,0.0,109.8,111.1,110.8,112.9,0.0,0.0,111.1,1.3,0.012,1.3,21.3,5.147,109.8,0.0,True,91.8,0.197,0.249,7,12,M3699.000300-001 107.437A-001 107.413B-001 107.427A-001 F21.202-003,0.035,True
723,인문대학,서어서문학과,4학년,영화 비평 세미나 | 라틴아메리카 영화와 현대사회 | 스페인어학연습 2 | 스페인문학특강 | 대학영어 2: 말하기,GATE,5,16,12,11,8,True,exact,8,145.7,0.0,145.7,146.8,147.1,147.5,0.0,0.0,146.8,1.1,0.007,1.1,25.5,5.721,145.7,0.0,True,138.0,0.056,0.33,7,12,M3699.000300-001 107.437A-001 107.413B-001 107.427A-001 F21.202-002,0.03,True
724,농업생명과학대학,식물생산과학부,4학년,산업인력개발학 학사논문연구 | 조경식물학 및 실습 | 원예생명공학연습 | 원예생명공학 학사논문연구2 | 생물학 | 컴퓨팅 기초: 처음 만나는 컴퓨팅,919A,6,28,95,40,14,True,exact,14,207.8,0.0,207.8,232.8,241.4,244.5,0.0,0.0,232.8,25.0,0.108,25.0,39.5,5.258,207.8,0.0,True,188.3,0.103,0.28,6,14,M1671.001300-001 5172.405A-001 5172.401A-001 M2744.000600-001 F35.103-003 F37.101-005,0.038,True
724,농업생명과학대학,식물생산과학부,4학년,산업인력개발학 학사논문연구 | 조경식물학 및 실습 | 원예생명공학연습 | 원예생명공학 학사논문연구2 | 생물학 | 컴퓨팅 기초: 처음 만나는 컴퓨팅,GATE,6,28,95,40,14,True,exact,14,161.2,0.0,161.2,182.6,190.0,191.2,0.0,0.0,182.6,21.5,0.118,21.5,29.6,5.45,161.2,0.0,True,157.5,0.023,0.289,6,14,M1671.001300-001 5172.405A-001 5172.401A-001 M2744.000600-001 F35.103-004 F37.101-013,0.038,True
725,인문대학,불어불문학과,1학년,프랑스어의 말소리와 어휘 | 프랑스어 연습 1 | 대학 글쓰기 1 | 남북관계와 통일의 전망 | 영상예술의 이해 | 이중언어사용,919A,6,82,296,232,208,True,exact,208,103.4,0.0,103.4,149.5,147.7,182.5,0.0,0.0,149.5,46.1,0.308,46.1,19.4,5.33,103.4,0.0,True,90.7,0.14,3.276,62,70,M1239.001200-001 M1239.000800-001 C30.108-001 C10.148-001 C10.142-004 F11.101-056,0.568,True
725,인문대학,불어불문학과,1학년,프랑스어의 말소리와 어휘 | 프랑스어 연습 1 | 대학 글쓰기 1 | 남북관계와 통일의 전망 | 영상예술의 이해 | 이중언어사용,GATE,6,82,296,232,208,True,exact,208,114.7,0.0,114.7,162.0,163.3,202.8,0.0,0.0,162.0,47.3,0.292,47.3,16.9,6.8,114.7,0.0,True,106.5,0.077,4.265,64,73,M1239.001200-001 M1239.000800-001 C30.108-001 C10.148-001 C10.142-004 F11.101-064,0.739,True
726,인문대학,국어국문학과,2학년,한국고전산문강독 | 한국현대소설론 | 한국영상문학론 | 기초영어 | 통계학실험,919A,5,11,7,7,6,True,exact,6,89.1,0.0,89.1,104.0,89.1,135.2,0.0,0.0,104.0,14.8,0.143,14.8,32.8,2.719,89.1,0.0,True,77.8,0.146,0.23,6,11,101.223-001 101.311A-001 101.428-001 F32.102L-017 F21.100-002,0.032,True
726,인문대학,국어국문학과,2학년,한국고전산문강독 | 한국현대소설론 | 한국영상문학론 | 기초영어 | 통계학실험,GATE,5,11,7,7,6,True,exact,6,91.5,0.0,91.5,109.2,91.5,145.9,0.0,0.0,109.2,17.7,0.163,17.7,31.6,2.89,91.5,0.0,True,87.3,0.048,0.299,6,11,101.223-001 101.311A-001 101.428-001 F32.102L-017 F21.100-002,0.023,True
727,공과대학,원자핵공학과,4학년,원자핵공학 학사논문연구 2 | 원자로 수치해석과 설계 | 원자핵공학 학사논문연구 1 | 대학영어 2: 글쓰기 | 한국문학과 여행,919A,5,25,21,20,12,True,exact,12,139.2,1.3,141.8,143.5,143.8,147.9,1.0,1.3,146.2,4.3,0.03,4.3,38.3,3.631,139.2,0.0,True,124.9,0.114,0.441,11,16,M1509.000600-001 409.407B-001 M1509.000500-001 C10.161-001 F21.201-011,0.062,True
727,공과대학,원자핵공학과,4학년,원자핵공학 학사논문연구 2 | 원자로 수치해석과 설계 | 원자핵공학 학사논문연구 1 | 대학영어 2: 글쓰기 | 한국문학과 여행,GATE,5,25,21,20,12,True,exact,12,168.8,1.3,171.5,174.6,175.5,177.8,1.0,1.3,177.3,5.8,0.033,5.8,42.9,3.938,168.8,0.0,True,159.2,0.06,0.49,11,16,M1509.000600-001 409.407B-001 M1509.000500-001 C10.161-001 F21.201-002,0.057,True
728,인문대학,국어국문학과,2학년,한국현대소설론 | 한국고전산문강독 | 한국영상문학론 | 물리학실험 2 | 대학 글쓰기 2: 인문학글쓰기 | 공연예술의 이해,919A,6,76,3920,720,1541,True,exact,1541,91.3,0.0,91.3,144.5,143.4,163.8,0.0,0.0,144.5,53.3,0.369,53.3,29.8,3.064,91.3,0.0,True,79.9,0.142,4.233,86,112,101.311A-001 101.223-001 101.428-001 C10.102-004 F33.107L-012 F11.201-020,0.806,True
728,인문대학,국어국문학과,2학년,한국현대소설론 | 한국고전산문강독 | 한국영상문학론 | 물리학실험 2 | 대학 글쓰기 2: 인문학글쓰기 | 공연예술의 이해,GATE,6,76,3920,720,1541,True,exact,1541,104.3,0.0,104.3,157.3,156.9,181.7,0.0,0.0,157.3,53.0,0.337,53.0,30.7,3.4,104.3,0.0,True,98.7,0.057,3.086,42,64,101.311A-001 101.223-001 101.428-001 C10.102-004 F33.107L-013 F11.201-003,0.772,True
729,농업생명과학대학,조경·지역시스템공학부,3학년,지역개발관리공학 | 동양조경의 역사와 이론 | 조경설계 2 | 공원녹지계획 | 수학연습 2,919A,5,50,90,17,90,True,exact,90,125.1,0.0,125.1,160.9,162.7,170.0,0.0,0.0,160.9,35.8,0.223,35.8,38.9,3.217,125.1,0.0,True,113.7,0.1,0.512,17,22,5272.323-001 5271.323A-001 5271.412-001 5271.321-001 F31.105L-004,0.08,True
729,농업생명과학대학,조경·지역시스템공학부,3학년,지역개발관리공학 | 동양조경의 역사와 이론 | 조경설계 2 | 공원녹지계획 | 수학연습 2,GATE,5,50,90,17,90,True,exact,90,89.6,0.0,89.6,114.9,116.7,122.8,0.0,0.0,114.9,25.4,0.221,25.4,24.9,3.601,89.6,0.0,True,87.3,0.026,0.485,17,22,5272.323-001 5271.323A-001 5271.412-001 5271.321-001 F31.105L-033,0.067,True
730,공과대학,항공우주공학과,3학년,제트추진 | 항공기구조역학 | 항공우주 센서시스템 | 생명과학을 위한 수학 1 | 대학 글쓰기 1,919A,5,79,148,116,56,True,exact,56,251.4,5.6,262.7,269.4,266.0,290.0,1.0,8.6,286.7,18.0,0.067,24.0,53.6,4.69,251.4,0.0,True,225.8,0.113,1.772,27,32,M2795.002500-001 M2795.002400-001 M3229.002500-001 F31.111-001 F11.101-075,0.277,True
730,공과대학,항공우주공학과,3학년,제트추진 | 항공기구조역학 | 항공우주 센서시스템 | 생명과학을 위한 수학 1 | 대학 글쓰기 1,GATE,5,79,148,116,56,True,exact,56,271.2,5.6,282.4,287.9,289.6,308.8,1.0,8.6,305.2,16.7,0.058,22.7,49.6,5.463,270.2,7.3,False,243.6,0.113,1.523,20,25,M2795.002500-001 M2795.002400-001 M3229.002500-001 F31.111-001 F11.101-029,0.204,True
731,자연과학대학,지구환경과학부,2학년,지질해양학 및 실험 | 대기환경 개론 | 지구환경 데이터과학 | 탄소중립과 기후위기 | 사상과 윤리,919A,5,7,3,3,1,False,exact,1,160.3,0.0,160.3,160.3,160.3,160.3,0.0,0.0,160.3,0.0,0.0,0.0,33.0,4.859,160.3,0.0,True,143.8,0.115,0.121,1,6,3345.417A-001 M1411.003500-001 M1411.003300-001 M1411.006800-001 C20.117-001,0.019,True
731,자연과학대학,지구환경과학부,2학년,지질해양학 및 실험 | 대기환경 개론 | 지구환경 데이터과학 | 탄소중립과 기후위기 | 사상과 윤리,GATE,5,7,3,3,1,False,exact,1,149.8,0.0,149.8,149.8,149.8,149.8,0.0,0.0,149.8,0.0,0.0,0.0,34.2,4.374,149.8,0.0,True,143.6,0.043,0.109,1,6,3345.417A-001 M1411.003500-001 M1411.003300-001 M1411.006800-001 C20.117-001,0.014,True
732,혁신공유학부,혁신공유학부,2학년,(공유)작물정보계측 | (공유)빅데이터 윤리 | (공유)역사 GIS 고급 연습 | (공유)중급 프로젝트 | 국제정치학입문,919A,5,7,4,4,1,False,exact,1,200.6,0.0,200.6,200.6,200.6,200.6,0.0,0.0,200.6,0.0,0.0,0.0,68.9,2.911,200.6,0.0,True,182.9,0.097,0.092,1,7,M3502.011800-001 M3502.022400-001 M3502.001500-002 M3500.003400-002 C30.105-002,0.016,True
732,혁신공유학부,혁신공유학부,2학년,(공유)작물정보계측 | (공유)빅데이터 윤리 | (공유)역사 GIS 고급 연습 | (공유)중급 프로젝트 | 국제정치학입문,GATE,5,7,4,4,1,False,exact,1,177.3,0.0,177.3,177.3,177.3,177.3,0.0,0.0,177.3,0.0,0.0,0.0,63.1,2.809,177.3,0.0,True,166.4,0.066,0.096,1,7,M3502.011800-001 M3502.022400-001 M3502.001500-002 M3500.003400-002 C30.105-002,0.01,True
733,사범대학,교육학과,3학년,비교교육학: 개발 및 평화 | 교육사회학 | 수업설계와 교육공학 | 교육학교과교육론 | 소그룹 고전원전읽기 1 | 대학영어 1,919A,6,75,880,864,216,True,exact,216,87.5,0.0,87.5,105.5,108.4,121.8,0.0,0.0,105.5,17.9,0.17,17.9,20.1,4.351,87.5,0.0,True,74.5,0.175,4.889,84,101,M1831.004200-001 701.206-001 M1831.003600-001 701.427A-001 E52.103-009 F21.101-028,0.829,True
733,사범대학,교육학과,3학년,비교교육학: 개발 및 평화 | 교육사회학 | 수업설계와 교육공학 | 교육학교과교육론 | 소그룹 고전원전읽기 1 | 대학영어 1,GATE,6,75,880,864,216,True,exact,216,135.7,0.0,135.7,157.1,164.4,172.6,0.0,0.0,157.1,21.4,0.136,21.4,28.9,4.694,135.7,0.0,True,125.9,0.078,5.113,88,105,M1831.004200-001 701.206-001 M1831.003600-001 701.427A-001 E52.103-015 F21.101-029,0.784,True
734,미술대학,동양화과,2학년,소묘 2 | 전통수묵기법 2 | 한국미술사 | 회화재료와 기법 | 지구과학 | 대학 글쓰기 1,919A,6,79,74,58,35,True,exact,35,122.9,0.0,122.9,140.7,137.4,159.2,0.029,0.1,140.8,17.8,0.127,17.9,22.9,5.364,122.9,0.0,True,104.7,0.174,1.495,14,20,601.206-001 601.204A-001 600.230-001 601.214A-001 F36.102-001 F11.101-014,0.184,True
734,미술대학,동양화과,2학년,소묘 2 | 전통수묵기법 2 | 한국미술사 | 회화재료와 기법 | 지구과학 | 대학 글쓰기 1,GATE,6,79,74,58,35,True,exact,35,148.5,0.0,148.5,156.7,152.5,172.7,0.029,0.1,156.9,8.2,0.052,8.4,23.1,6.417,148.5,0.0,True,137.9,0.077,1.492,24,30,601.206-001 601.204A-001 600.230-001 601.214A-001 F36.102-001 F11.101-073,0.177,True
735,자연과학대학,통계학과,4학년,자료분석 심화방법론 및 실습 | 베이즈통계 및 실습 | 생존자료분석 및 실습 | 대학 글쓰기 1 | 글쓰기 세미나 | 영미 대중소설의 이해,919A,6,91,1776,1160,404,True,exact,404,141.3,0.0,141.3,163.4,166.7,186.9,0.0,0.0,163.4,22.2,0.136,22.2,26.3,5.371,141.3,0.0,True,124.7,0.133,5.819,120,133,M1399.001500-001 326.411-001 326.412-001 C10.140-002 E52.102-005 F11.101-075,0.961,True
735,자연과학대학,통계학과,4학년,자료분석 심화방법론 및 실습 | 베이즈통계 및 실습 | 생존자료분석 및 실습 | 대학 글쓰기 1 | 글쓰기 세미나 | 영미 대중소설의 이해,GATE,6,91,1776,1160,404,True,exact,404,141.1,0.0,141.1,163.8,166.7,189.8,0.0,0.0,163.8,22.7,0.139,22.7,25.3,5.57,141.1,0.0,True,134.1,0.052,5.223,87,100,M1399.001500-001 326.411-001 326.412-001 C10.140-002 E52.102-001 F11.101-072,1.14,True
736,음악대학,작곡과,1학년,이론(화성·대위·분석)2 | 자연환경과 인간 | 서양철학의 이해 | 수학연습 2 | 논리와 비판적 사고,919A,5,54,540,204,197,True,exact,197,118.9,0.0,118.9,143.3,144.7,154.3,0.01,0.0,143.4,24.5,0.171,24.5,41.1,2.894,119.2,0.34,False,102.9,0.156,2.108,50,59,M1797.002000-005 C40.130-001 C20.123-003 F12.101-003 F31.105L-033,0.368,True
736,음악대학,작곡과,1학년,이론(화성·대위·분석)2 | 자연환경과 인간 | 서양철학의 이해 | 수학연습 2 | 논리와 비판적 사고,GATE,5,54,540,204,197,True,exact,197,114.6,0.0,114.6,137.3,137.0,154.1,0.01,0.0,137.3,22.7,0.166,22.8,35.8,3.2,114.6,0.0,True,108.3,0.058,1.596,17,25,M1797.002000-005 C40.130-001 C20.123-001 F12.101-001 F31.105L-033,0.216,True
737,자연과학대학,통계학과,2학년,자료분석 및 실습 | 확률의 개념 및 응용 | 표본설계 및 조사실습 | 불교철학의 이해 | 대학영어 1 | 인간관계의 심리학,919A,6,64,440,432,65,True,exact,65,143.3,0.0,143.3,167.7,170.0,187.5,0.0,0.0,167.7,24.4,0.145,24.4,46.9,3.053,143.3,0.0,True,126.5,0.133,2.094,23,35,M1399.001400-001 326.211-001 326.214-001 E11.129-002 E11.163-001 F21.101-028,0.311,True
737,자연과학대학,통계학과,2학년,자료분석 및 실습 | 확률의 개념 및 응용 | 표본설계 및 조사실습 | 불교철학의 이해 | 대학영어 1 | 인간관계의 심리학,GATE,6,64,440,432,65,True,exact,65,148.3,0.0,148.3,166.0,169.7,188.3,0.0,0.0,166.0,17.7,0.107,17.7,38.9,3.813,148.3,0.0,True,140.1,0.059,2.201,23,35,M1399.001400-001 326.211-001 326.214-001 E11.129-002 E11.163-002 F21.101-028,0.403,True
738,농업생명과학대학,응용생물화학부,3학년,토양환경생태학 | 식물영양화학 | 곤충생명공학 | 분자생물학실험 | 생물학실험 | 고급영어: 영화,919A,6,32,115,60,37,True,exact,37,131.1,0.0,131.1,157.4,166.9,191.9,0.0,0.0,157.4,26.4,0.167,26.4,43.7,2.997,131.1,0.0,True,119.3,0.099,0.457,13,20,M1678.001900-001 5191.303-001 5192.461-001 M1678.001300-001 F21.306-001 F35.103L-008,0.075,True
738,농업생명과학대학,응용생물화학부,3학년,토양환경생태학 | 식물영양화학 | 곤충생명공학 | 분자생물학실험 | 생물학실험 | 고급영어: 영화,GATE,6,32,115,60,37,True,exact,37,108.2,0.0,108.2,130.5,137.0,157.9,0.0,0.0,130.5,22.2,0.17,22.2,38.2,2.832,108.2,0.0,True,105.9,0.022,0.52,13,20,M1678.001900-001 5191.303-001 5192.461-001 M1678.001300-001 F21.306-001 F35.103L-008,0.068,True
739,공과대학,기계공학부,4학년,음향시스템공학개론 | 바이오유체역학 | 극초음속 비행체 설계 | 미래자동차 에너지 시스템 설계 | 공학수학 1 | 맥락의 뇌과학,919A,6,10,5,5,2,True,exact,2,236.0,4.2,244.3,265.7,265.7,295.4,1.0,4.2,274.0,29.7,0.112,29.7,56.1,4.203,236.0,0.0,True,209.9,0.125,0.116,2,8,M2794.003700-001 M3228.002000-001 M3228.001000-001 M3228.003100-001 C40.141-001 F31.201-004,0.013,True
739,공과대학,기계공학부,4학년,음향시스템공학개론 | 바이오유체역학 | 극초음속 비행체 설계 | 미래자동차 에너지 시스템 설계 | 공학수학 1 | 맥락의 뇌과학,GATE,6,10,5,5,2,True,exact,2,271.5,4.2,279.8,301.2,301.2,330.9,1.0,4.2,309.5,29.7,0.099,29.7,59.8,4.544,271.5,0.0,True,244.8,0.109,0.108,2,8,M2794.003700-001 M3228.002000-001 M3228.001000-001 M3228.003100-001 C40.141-001 F31.201-004,0.011,True
740,인문대학,독어독문학과,1학년,독어학이란 무엇인가 | 독일어권의 문학과 예술 | 심리학개론 | 베리타스 강좌 1: 의미 | 창작의 세계,919A,5,8,4,4,2,True,exact,2,110.9,0.0,110.9,111.0,111.0,111.2,0.0,0.0,111.0,0.1,0.001,0.1,34.6,3.205,110.9,0.0,True,95.4,0.163,0.118,2,7,M1241.000700-001 100.120A-001 V10.126-001 C10.155-001 E11.146-001,0.016,True
740,인문대학,독어독문학과,1학년,독어학이란 무엇인가 | 독일어권의 문학과 예술 | 심리학개론 | 베리타스 강좌 1: 의미 | 창작의 세계,GATE,5,8,4,4,2,True,exact,2,120.0,0.0,120.0,120.3,120.3,120.5,0.0,0.0,120.3,0.2,0.002,0.2,29.5,4.065,120.0,0.0,True,113.0,0.062,0.109,2,7,M1241.000700-001 100.120A-001 V10.126-001 C10.155-001 E11.146-002,0.012,True
741,사범대학,역사교육과,3학년,역사교육론 | 서양근대사 | 한국근대사 | 동아시아근현대사 | 물리학실험 | 초급중국어 1,919A,6,26,112,112,24,True,exact,24,122.2,0.0,122.2,126.0,128.7,137.2,0.417,21.0,168.1,3.8,0.03,45.8,32.9,3.715,123.0,0.76,False,107.3,0.139,0.92,17,27,712.301-001 712.233B-001 712.215-001 M1858.001400-001 F33.105L-006 F25.101-014,0.147,True
741,사범대학,역사교육과,3학년,역사교육론 | 서양근대사 | 한국근대사 | 동아시아근현대사 | 물리학실험 | 초급중국어 1,GATE,6,26,112,112,24,True,exact,24,174.0,0.0,174.0,171.0,174.3,177.9,0.417,21.0,213.0,-3.1,-0.018,39.0,37.9,4.593,174.0,0.0,True,162.7,0.07,1.214,17,27,712.301-001 712.233B-001 712.215-001 M1858.001400-001 F33.105L-004 F25.101-005,0.13,True
742,인문대학,미학과,2학년,조형예술미학 | 매체미학 | 독일미학 | 동양미학개론 | 생물학 2,919A,5,6,2,2,1,False,exact,1,131.0,0.0,131.0,131.0,131.0,131.0,0.0,0.0,131.0,0.0,0.0,0.0,43.5,3.013,131.0,0.0,True,114.8,0.142,0.094,1,6,115.215A-001 M1262.000500-001 M1262.001200-001 M1262.000400-001 F35.105-002,0.012,True
742,인문대학,미학과,2학년,조형예술미학 | 매체미학 | 독일미학 | 동양미학개론 | 생물학 2,GATE,5,6,2,2,1,False,exact,1,131.7,0.0,131.7,131.7,131.7,131.7,0.0,0.0,131.7,0.0,0.0,0.0,36.2,3.635,131.7,0.0,True,124.5,0.058,0.086,1,6,115.215A-001 M1262.000500-001 M1262.001200-001 M1262.000400-001 F35.105-002,0.009,True
743,치의학대학원,치의학과,2학년,기초의학통계학 및 실험 | 치의학 사회공헌 프로젝트 | 창의적 사고와 표현 | 수학 2 | 컴퓨팅 기초: 처음 만나는 컴퓨팅 | 인간관계의 심리학,919A,6,55,7904,1792,76,True,exact,76,194.0,21.4,236.9,227.2,234.7,235.0,1.0,23.0,273.3,33.2,0.146,36.4,58.9,3.296,194.0,0.0,True,174.0,0.115,1.245,14,41,883.016-002 M2839.001100-001 F12.103-004 E11.163-001 F37.101-006 F31.105-023,0.2,True
743,치의학대학원,치의학과,2학년,기초의학통계학 및 실험 | 치의학 사회공헌 프로젝트 | 창의적 사고와 표현 | 수학 2 | 컴퓨팅 기초: 처음 만나는 컴퓨팅 | 인간관계의 심리학,GATE,6,55,7904,1792,76,True,exact,76,136.7,21.4,179.6,173.1,179.6,186.9,1.0,23.0,219.2,36.4,0.21,39.6,42.2,3.243,136.7,0.0,True,129.0,0.06,1.3,18,45,883.016-002 M2839.001100-001 F12.103-004 E11.163-002 F37.101-006 F31.105-023,0.153,True
744,자연과학대학,자연과학대학,3학년,과학과 예술의 상호작용의 역사 | 뇌인지과학의 이해 | 고급영어: 발표 | 국가와 시민 | 통계학,919A,5,11,16,16,4,True,exact,4,161.1,0.0,161.1,167.4,164.7,179.2,0.0,0.0,167.4,6.3,0.038,6.3,40.6,3.97,161.1,0.0,True,144.3,0.116,0.217,4,11,M2173.000200-001 M2173.004900-001 C30.104-001 F21.303-003 F32.102-003,0.03,True
744,자연과학대학,자연과학대학,3학년,과학과 예술의 상호작용의 역사 | 뇌인지과학의 이해 | 고급영어: 발표 | 국가와 시민 | 통계학,GATE,5,11,16,16,4,True,exact,4,151.1,0.0,151.1,153.6,152.3,158.8,0.0,0.0,153.6,2.5,0.016,2.5,39.9,3.787,151.1,0.0,True,144.4,0.046,0.237,4,11,M2173.000200-001 M2173.004900-001 C30.104-001 F21.303-003 F32.102-003,0.023,True
745,수의과대학,수의과대학,3학년,수의영상의학 2 | 수의산과학 2 | 수의통합의학개론 | 가금질병학 2 | 초급스페인어 1,919A,5,20,16,16,8,True,exact,8,177.9,0.0,177.9,192.5,178.5,220.7,0.75,26.6,245.6,14.5,0.076,67.7,42.9,4.151,177.9,0.0,True,158.6,0.122,0.427,8,13,M1744.008100-001 M1744.008000-001 M1744.008900-001 M1744.008400-001 F24.101-014,0.066,True
745,수의과대학,수의과대학,3학년,수의영상의학 2 | 수의산과학 2 | 수의통합의학개론 | 가금질병학 2 | 초급스페인어 1,GATE,5,20,16,16,8,True,exact,8,128.3,0.0,128.3,138.0,133.6,165.6,0.75,26.6,191.2,9.7,0.071,62.9,35.6,3.605,128.3,0.0,True,117.5,0.092,0.715,8,13,M1744.008100-001 M1744.008000-001 M1744.008900-001 M1744.008400-001 F24.101-014,0.053,True
746,미술대학,조소과,4학년,다차원 미디어 스튜디오 2 | 조소 졸업작품 발표 | 작품연구: 대상과 표상 | 조소 졸업작품 연구 | 수학연습 2 | 컴퓨팅 기초: 처음 만나는 컴퓨팅,919A,6,68,855,136,27,True,exact,27,130.6,0.0,130.6,155.6,167.7,168.1,0.0,0.0,155.6,24.9,0.16,24.9,39.4,3.315,130.6,0.0,True,113.2,0.154,0.54,6,14,613.452-001 M1767.003300-001 M1767.001100-001 M1767.003100-001 F37.101-001 F31.105L-004,0.058,True
746,미술대학,조소과,4학년,다차원 미디어 스튜디오 2 | 조소 졸업작품 발표 | 작품연구: 대상과 표상 | 조소 졸업작품 연구 | 수학연습 2 | 컴퓨팅 기초: 처음 만나는 컴퓨팅,GATE,6,68,855,136,27,True,exact,27,108.3,0.0,108.3,124.5,130.5,133.3,0.0,0.0,124.5,16.2,0.13,16.2,28.7,3.779,108.3,0.0,True,101.3,0.07,0.708,6,14,613.452-001 M1767.003300-001 M1767.001100-001 M1767.003100-001 F37.101-001 F31.105L-033,0.044,True
747,사범대학,지구과학교육과,2학년,고체지구과학 및 실험 2 | 고체지구물리학 및 실험 2 | 에어로졸 화학과 기후 변화 | 천체지구과학 및 실험 2 | 초급중국어 1 | 대학영어 1,919A,6,73,770,756,54,True,exact,54,113.5,0.0,113.5,130.9,132.8,143.7,0.315,15.9,162.7,17.4,0.133,49.2,23.9,4.757,113.5,0.0,True,98.4,0.154,2.69,27,35,721.264-001 721.222-001 M1882.001500-001 721.267-001 F25.101-010 F21.101-042,0.302,True
747,사범대학,지구과학교육과,2학년,고체지구과학 및 실험 2 | 고체지구물리학 및 실험 2 | 에어로졸 화학과 기후 변화 | 천체지구과학 및 실험 2 | 초급중국어 1 | 대학영어 1,GATE,6,73,770,756,54,True,exact,54,151.8,0.0,151.8,171.8,175.7,183.3,0.315,15.9,203.7,20.0,0.116,51.9,29.6,5.121,151.8,0.0,True,137.8,0.101,2.75,27,35,721.264-001 721.222-001 M1882.001500-001 721.267-001 F25.101-010 F21.101-044,0.32,True
748,인문대학,아시아언어문명학부,3학년,아시아문명연구의 시각 | 말레이-인도네시아어 강독 2 | 해양부 동남아시아의 사회와 문화 | 서아시아 언어의 세계 | 대학영어 1 | 대학 글쓰기 1,919A,6,133,4070,3132,911,True,exact,911,114.0,0.0,114.0,130.6,129.2,150.1,0.0,0.0,130.6,16.5,0.127,16.5,19.2,5.949,114.0,0.0,True,95.7,0.191,18.631,370,400,1003.421-001 1003.354-001 M2641.002100-001 M2752.001000-001 F21.101-005 F11.101-054,3.53,True
748,인문대학,아시아언어문명학부,3학년,아시아문명연구의 시각 | 말레이-인도네시아어 강독 2 | 해양부 동남아시아의 사회와 문화 | 서아시아 언어의 세계 | 대학영어 1 | 대학 글쓰기 1,GATE,6,133,4070,3132,911,True,exact,911,143.5,0.0,143.5,156.0,154.0,177.1,0.0,0.0,156.0,12.4,0.08,12.4,21.0,6.822,143.5,0.0,True,136.0,0.055,17.461,265,295,1003.421-001 1003.354-001 M2641.002100-001 M2752.001000-001 F21.101-016 F11.101-050,3.106,True
749,공과대학,조선해양공학과,2학년,유체역학기초 | 구조동역학 | 선박 해양 탄소중립 에너지 개론 | 조선의 역사적 성취와 유산 | 한글맞춤법의 이론과 실제,919A,5,7,4,4,1,False,exact,1,163.3,0.0,163.3,163.3,163.3,163.3,0.0,0.0,163.3,0.0,0.0,0.0,39.9,4.098,163.3,0.0,True,147.5,0.107,0.099,1,6,414.241-001 414.252-001 M1513.002400-001 C20.135-001 C10.168-002,0.018,True
749,공과대학,조선해양공학과,2학년,유체역학기초 | 구조동역학 | 선박 해양 탄소중립 에너지 개론 | 조선의 역사적 성취와 유산 | 한글맞춤법의 이론과 실제,GATE,5,7,4,4,1,False,exact,1,174.3,0.0,174.3,174.3,174.3,174.3,0.0,0.0,174.3,0.0,0.0,0.0,41.4,4.21,174.3,0.0,True,165.7,0.052,0.086,1,6,414.241-001 414.252-001 M1513.002400-001 C20.135-001 C10.168-002,0.01,True
750,사범대학,사회교육과,4학년,사회과 논리 및 논술 | 비판적 시민교육 | 다문화 사회와 교육 정책 | 문화와 사회 | 수학 2 | 주제 세미나,919A,6,33,78,42,18,True,exact,18,88.0,0.0,88.0,108.6,114.3,140.7,0.0,0.0,108.6,20.6,0.19,20.6,32.6,2.698,88.2,0.2,False,77.3,0.138,0.434,10,17,M1855.000500-001 711.478A-001 M1855.001400-001 M1855.001800-001 E52.101-003 F31.105-013,0.077,True
750,사범대학,사회교육과,4학년,사회과 논리 및 논술 | 비판적 시민교육 | 다문화 사회와 교육 정책 | 문화와 사회 | 수학 2 | 주제 세미나,GATE,6,33,78,42,18,True,exact,18,111.7,0.0,111.7,129.6,130.5,147.5,0.0,0.0,129.6,17.9,0.138,17.9,32.0,3.492,111.7,0.0,True,105.1,0.063,0.523,10,17,M1855.000500-001 711.478A-001 M1855.001400-001 M1855.001800-001 E52.101-003 F31.105-003,0.073,True
751,사범대학,체육교육과,2학년,스포츠마케팅 | 스포츠사회학 | 체육교육론 | 운동학습 및 제어 | 대학영어 2: 글쓰기 | 한국문화와 불교,919A,6,26,21,20,3,True,exact,3,152.9,5.8,164.6,155.5,154.6,158.9,1.0,5.8,167.1,2.6,0.016,2.6,41.2,3.709,152.9,0.0,True,133.8,0.143,0.271,3,9,722.447-001 722.329A-001 722.201A-001 M1886.004200-001 C20.147-001 F21.201-002,0.033,True
751,사범대학,체육교육과,2학년,스포츠마케팅 | 스포츠사회학 | 체육교육론 | 운동학습 및 제어 | 대학영어 2: 글쓰기 | 한국문화와 불교,GATE,6,26,21,20,3,True,exact,3,138.2,5.8,149.8,141.0,141.2,143.7,1.0,5.8,152.7,2.8,0.02,2.8,33.1,4.169,138.2,0.0,True,127.5,0.084,0.266,3,9,722.447-001 722.329A-001 722.201A-001 M1886.004200-001 C20.147-001 F21.201-010,0.023,True
752,농업생명과학대학,식물생산과학부,4학년,산업인력개발학 학사논문연구 | 조경식물학 및 실습 | 원예생명공학 학사논문연구1 | 원예생명공학 학사논문연구2 | 대학 글쓰기 1,919A,5,78,74,58,52,True,exact,52,125.0,0.0,125.0,166.2,164.4,199.0,0.0,0.0,166.2,41.2,0.248,41.2,30.6,4.085,125.0,0.0,True,113.8,0.098,1.255,22,27,M1671.001300-001 5172.405A-001 M2744.000500-001 M2744.000600-001 F11.101-046,0.187,True
752,농업생명과학대학,식물생산과학부,4학년,산업인력개발학 학사논문연구 | 조경식물학 및 실습 | 원예생명공학 학사논문연구1 | 원예생명공학 학사논문연구2 | 대학 글쓰기 1,GATE,5,78,74,58,52,True,exact,52,94.7,0.0,94.7,132.4,131.6,166.0,0.0,0.0,132.4,37.6,0.284,37.6,25.0,3.783,94.7,0.0,True,92.2,0.027,1.183,18,23,M1671.001300-001 5172.405A-001 M2744.000500-001 M2744.000600-001 F11.101-016,0.159,True
753,농업생명과학대학,바이오시스템·소재학부,3학년,컴퓨터프로그래밍개론 | 천연고분자2 | 고분자화학 2 | 농업동력 및 트랙터 | 대학 글쓰기 1,919A,5,78,74,58,47,True,exact,47,219.1,0.0,219.1,224.8,221.8,237.0,0.0,0.0,224.8,5.7,0.026,5.7,34.2,6.404,219.1,0.04,True,199.7,0.097,2.046,36,41,500.405-001 5262.380-001 5262.366-001 5261.325-001 F11.101-073,0.247,True
753,농업생명과학대학,바이오시스템·소재학부,3학년,컴퓨터프로그래밍개론 | 천연고분자2 | 고분자화학 2 | 농업동력 및 트랙터 | 대학 글쓰기 1,GATE,5,78,74,58,47,True,exact,47,172.9,0.0,172.9,183.2,181.8,195.9,0.0,0.0,183.2,10.3,0.056,10.3,28.6,6.034,172.9,0.0,True,168.0,0.029,1.605,28,33,500.405-001 5262.380-001 5262.366-001 5261.325-001 F11.101-016,0.209,True
754,공과대학,전기·정보공학부,4학년,인공지능 반도체 소자 설계 프로젝트 | 지능시스템개론 | 이동통신 표준 및 상용망의 이해 | 전력시장이론 | 성의 철학과 성윤리 | 논리학,919A,6,12,15,15,2,True,exact,2,311.0,22.8,356.5,305.2,305.2,311.0,1.0,33.5,372.2,-5.8,-0.019,15.7,55.1,5.64,311.0,0.0,True,276.3,0.125,0.243,2,8,M3238.000300-001 430.457-001 M3495.000100-001 430.447-001 C20.124-003 C20.106-001,0.056,True
754,공과대학,전기·정보공학부,4학년,인공지능 반도체 소자 설계 프로젝트 | 지능시스템개론 | 이동통신 표준 및 상용망의 이해 | 전력시장이론 | 성의 철학과 성윤리 | 논리학,GATE,6,12,15,15,2,True,exact,2,361.7,22.8,407.2,347.3,347.3,361.7,1.0,33.5,414.3,-14.4,-0.041,7.1,56.3,6.425,332.9,14.14,False,325.2,0.112,0.425,2,8,M3238.000300-001 430.457-001 M3495.000100-001 430.447-001 C20.124-003 C20.106-001,0.027,True
755,약학대학,약학대학,2학년,약학자와 약사를 위한 의사소통 | 비판적 심화탐구 | 약학미생물학(핵심) | 심화 물리약학 | 공학수학 2,919A,5,6,2,2,1,False,exact,1,128.7,0.0,128.7,128.7,128.7,128.7,0.0,0.0,128.7,0.0,0.0,0.0,34.0,3.791,128.7,0.0,True,115.5,0.115,0.074,1,6,M2175.004700-001 M2175.004900-001 M2175.004300-001 M2175.004800-001 F31.202-015,0.013,True
755,약학대학,약학대학,2학년,약학자와 약사를 위한 의사소통 | 비판적 심화탐구 | 약학미생물학(핵심) | 심화 물리약학 | 공학수학 2,GATE,5,6,2,2,1,False,exact,1,151.7,0.0,151.7,151.7,151.7,151.7,0.0,0.0,151.7,0.0,0.0,0.0,37.2,4.079,151.7,0.0,True,140.0,0.083,0.067,1,6,M2175.004700-001 M2175.004900-001 M2175.004300-001 M2175.004800-001 F31.202-015,0.008,True
756,인문대학,철학과,3학년,시장과 윤리 | 심리철학 | 실존철학 | 과학철학 | 사회주의의 역사,919A,5,5,1,1,1,False,exact,1,151.0,0.0,151.0,151.0,151.0,151.0,0.0,0.0,151.0,0.0,0.0,0.0,35.8,4.217,151.0,0.0,True,133.0,0.135,0.072,1,6,M3659.000200-001 113.464-001 113.366-001 113.463-001 E11.135-001,0.009,True
756,인문대학,철학과,3학년,시장과 윤리 | 심리철학 | 실존철학 | 과학철학 | 사회주의의 역사,GATE,5,5,1,1,1,False,exact,1,191.8,0.0,191.8,191.8,191.8,191.8,0.0,0.0,191.8,0.0,0.0,0.0,40.2,4.771,191.8,0.0,True,180.7,0.062,0.064,1,6,M3659.000200-001 113.464-001 113.366-001 113.463-001 E11.135-001,0.006,True
757,인문대학,독어독문학과,1학년,독일어권의 문학과 예술 | 독어학이란 무엇인가 | 초급독일어 1 | 고급수학 2 | 대학 글쓰기 2: 과학기술글쓰기 | 대학 글쓰기 2: 사회과학글쓰기,919A,6,53,8316,3267,1144,True,exact,1144,119.1,51.9,223.0,160.8,162.3,196.3,1.0,51.4,263.6,41.7,0.259,40.7,25.6,4.649,119.3,0.16,False,103.6,0.149,6.193,109,152,100.120A-001 M1241.000700-001 F31.107-003 F22.101-003 F11.203-010 F11.202-001,1.225,True
757,인문대학,독어독문학과,1학년,독일어권의 문학과 예술 | 독어학이란 무엇인가 | 초급독일어 1 | 고급수학 2 | 대학 글쓰기 2: 과학기술글쓰기 | 대학 글쓰기 2: 사회과학글쓰기,GATE,6,53,8316,3267,1144,True,exact,1144,132.9,51.9,236.8,175.8,171.7,220.1,1.0,51.4,278.6,42.9,0.244,41.9,27.6,4.813,132.9,0.0,True,125.2,0.062,12.335,210,294,100.120A-001 M1241.000700-001 F31.107-003 F22.101-008 F11.203-010 F11.202-003,2.465,True
758,약학대학,약학대학,4학년,약물 송달학 | 독성학 | 생물의약분석 | 사회약학원론 | 지구과학실험 | 수학 2,919A,6,31,26,14,5,True,exact,5,119.1,0.0,119.1,119.3,119.1,119.8,0.0,0.0,119.3,0.3,0.002,0.3,35.8,3.326,119.1,0.0,True,104.6,0.138,0.225,3,9,M2175.008700-001 M2175.008500-001 M2175.008600-001 M2175.008100-001 F36.102L-001 F31.105-005,0.038,True
758,약학대학,약학대학,4학년,약물 송달학 | 독성학 | 생물의약분석 | 사회약학원론 | 지구과학실험 | 수학 2,GATE,6,31,26,14,5,True,exact,5,144.2,0.0,144.2,145.6,145.9,145.9,0.0,0.0,145.6,1.4,0.009,1.4,38.6,3.736,144.2,0.0,True,132.7,0.087,0.26,3,9,M2175.008700-001 M2175.008500-001 M2175.008600-001 M2175.008100-001 F36.102L-001 F31.105-026,0.021,True
759,음악대학,음악학과,2학년,음악 진로 탐색 | 서양음악사문헌 2 | 스크린 스코어링 | 알타이민족의 언어 | 대학 글쓰기 1 | 수학 2,919A,6,104,1924,812,240,True,exact,240,122.3,0.0,122.3,144.8,148.3,175.3,0.5,0.8,146.4,22.5,0.155,24.1,34.2,3.581,122.9,0.56,False,107.1,0.142,4.868,59,67,M2183.008300-001 6522.2257-001 M3535.001600-001 C10.137-001 F31.105-006 F11.101-068,0.55,True
759,음악대학,음악학과,2학년,음악 진로 탐색 | 서양음악사문헌 2 | 스크린 스코어링 | 알타이민족의 언어 | 대학 글쓰기 1 | 수학 2,GATE,6,104,1924,812,240,True,exact,240,124.1,0.0,124.1,143.8,141.0,169.9,0.5,0.8,145.4,19.7,0.137,21.3,29.3,4.242,124.1,0.0,True,117.6,0.056,4.678,71,80,M2183.008300-001 6522.2257-001 M3535.001600-001 C10.137-001 F31.105-006 F11.101-056,0.612,True
760,사범대학,화학교육과,3학년,과학논리 및 논술 | 화학교재연구 및 지도법 | 무기화학 2 | 물리화학실험 | 영상예술의 이해,919A,5,9,8,8,7,True,exact,7,103.6,0.0,103.6,114.1,105.9,128.9,0.0,0.0,114.1,10.5,0.092,10.5,22.8,4.537,103.6,0.0,True,88.8,0.168,0.269,7,13,718.419-001 718.312-001 718.319-001 700.401A-002 C10.142-002,0.048,True
760,사범대학,화학교육과,3학년,과학논리 및 논술 | 화학교재연구 및 지도법 | 무기화학 2 | 물리화학실험 | 영상예술의 이해,GATE,5,9,8,8,7,True,exact,7,161.4,0.0,161.4,174.6,173.7,192.1,0.0,0.0,174.6,13.2,0.075,13.2,27.2,5.933,161.4,0.0,True,149.3,0.081,0.423,7,13,718.419-001 718.312-001 718.319-001 700.401A-002 C10.142-003,0.033,True
761,미술대학,디자인과,2학년,디자인사진 | 혼합재료모델링 | 디자인사 | 타이포그래피디자인2 | 컴퓨팅 기초: 처음 만나는 컴퓨팅,919A,5,23,19,8,9,False,exact,9,158.1,0.0,158.1,158.1,158.1,158.1,0.0,0.0,158.1,0.0,0.0,0.0,43.1,3.671,158.1,0.0,True,135.9,0.163,0.156,3,8,M1774.004200-001 M3389.002700-001 600.220A-001 M3389.001100-001 F37.101-001,0.02,True
761,미술대학,디자인과,2학년,디자인사진 | 혼합재료모델링 | 디자인사 | 타이포그래피디자인2 | 컴퓨팅 기초: 처음 만나는 컴퓨팅,GATE,5,23,19,8,9,False,exact,9,126.5,0.0,126.5,126.5,126.5,126.5,0.0,0.0,126.5,0.0,0.0,0.0,33.4,3.788,126.5,0.0,True,118.7,0.066,0.145,3,8,M1774.004200-001 M3389.002700-001 600.220A-001 M3389.001100-001 F37.101-001,0.015,True
762,치의학대학원,치의학과,1학년,치의학 인간이해 프로젝트 | 인문학과 치의학리더십 | 생물학실험 | 라틴어 1 | 글로벌 이슈와 윤리적 사고 | 창의와 도전,919A,6,37,690,360,139,True,exact,139,125.6,0.0,125.6,150.8,150.8,192.5,0.0,0.0,150.8,25.2,0.167,25.2,33.1,3.79,125.6,0.0,True,112.6,0.116,2.228,37,57,M2839.000900-001 M2043.000500-001 C30.106-001 E51.102-002 F29.103-006 F35.103L-010,0.478,True
762,치의학대학원,치의학과,1학년,치의학 인간이해 프로젝트 | 인문학과 치의학리더십 | 생물학실험 | 라틴어 1 | 글로벌 이슈와 윤리적 사고 | 창의와 도전,GATE,6,37,690,360,139,True,exact,139,160.8,0.0,160.8,181.5,185.0,206.6,0.0,0.0,181.5,20.7,0.114,20.7,33.2,4.838,160.8,0.0,True,151.2,0.063,2.065,39,56,M2839.000900-001 M2043.000500-001 C30.106-001 E51.102-005 F29.103-003 F35.103L-013,0.509,True
763,인문대학,아시아언어문명학부,1학년,동남아시아문명의 이해 | 집중일본어 2 | 미술명작의 이해 | 수학연습 2 | 베리타스 강좌 1: 나 찾기-몸·마음·영혼,919A,5,49,45,17,45,True,exact,45,92.5,0.0,92.5,115.8,116.7,124.1,0.0,0.0,115.8,23.3,0.201,23.3,42.7,2.168,92.5,0.0,True,80.0,0.157,0.538,13,18,100.170-001 1003.272-001 E11.124-001 V10.124-001 F31.105L-033,0.137,True
763,인문대학,아시아언어문명학부,1학년,동남아시아문명의 이해 | 집중일본어 2 | 미술명작의 이해 | 수학연습 2 | 베리타스 강좌 1: 나 찾기-몸·마음·영혼,GATE,5,49,45,17,45,True,exact,45,83.0,0.0,83.0,105.5,106.9,113.0,0.0,0.0,105.5,22.4,0.213,22.4,32.9,2.527,83.0,0.0,True,78.0,0.064,0.53,13,18,100.170-001 1003.272-001 E11.124-001 V10.124-001 F31.105L-033,0.109,True
764,학부대학,연합전공 글로벌환경경영학,4학년,생태철학과 환경윤리 | 기후변화협약과 환경기술 | 환경분석 및 계획 | 대학 글쓰기 1 | 동서양 명작 읽기,919A,5,79,148,116,37,True,exact,37,171.9,0.0,171.9,185.2,178.8,207.7,0.0,0.0,185.2,13.3,0.072,13.3,32.4,5.308,171.9,0.0,True,153.4,0.121,1.333,24,29,538.302A-001 538.401-001 538.309-001 C10.110-001 F11.101-030,0.279,True
764,학부대학,연합전공 글로벌환경경영학,4학년,생태철학과 환경윤리 | 기후변화협약과 환경기술 | 환경분석 및 계획 | 대학 글쓰기 1 | 동서양 명작 읽기,GATE,5,79,148,116,37,True,exact,37,164.6,0.0,164.6,174.3,172.1,194.8,0.0,0.0,174.3,9.7,0.056,9.7,32.6,5.046,164.6,0.0,True,158.7,0.037,1.591,26,31,538.302A-001 538.401-001 538.309-001 C10.110-001 F11.101-054,0.34,True
765,생활과학대학,식품영양학과,3학년,식이요법및실험 | 영양평가 및 실습 | 식품재료학 | 생애주기영양학 | 라틴어 1,919A,5,10,6,6,3,True,exact,3,119.5,0.0,119.5,126.2,127.6,131.3,0.0,0.0,126.2,6.6,0.052,6.6,31.9,3.745,119.5,0.0,True,101.1,0.182,0.179,3,8,352.306-001 M0000.016700-001 352.351A-001 352.326A-001 F29.103-005,0.04,True
765,생활과학대학,식품영양학과,3학년,식이요법및실험 | 영양평가 및 실습 | 식품재료학 | 생애주기영양학 | 라틴어 1,GATE,5,10,6,6,3,True,exact,3,93.6,0.0,93.6,95.7,96.0,97.6,0.0,0.0,95.7,2.2,0.023,2.2,27.7,3.374,93.6,0.0,True,83.9,0.115,0.193,3,8,352.306-001 M0000.016700-001 352.351A-001 352.326A-001 F29.103-002,0.027,True
766,공과대학,조선해양공학과,2학년,유체역학기초 | 선박 해양 탄소중립 에너지 개론 | 구조동역학 | 중국어권의 사회와 문화 | 수학 2,919A,5,31,52,28,18,True,exact,18,166.3,0.0,166.3,167.3,166.3,176.7,0.0,0.0,167.3,1.1,0.006,1.1,40.6,4.094,166.3,0.0,True,150.1,0.108,0.357,9,14,414.241-001 M1513.002400-001 414.252-001 C10.153-002 F31.105-001,0.083,True
766,공과대학,조선해양공학과,2학년,유체역학기초 | 선박 해양 탄소중립 에너지 개론 | 구조동역학 | 중국어권의 사회와 문화 | 수학 2,GATE,5,31,52,28,18,True,exact,18,167.6,0.0,167.6,168.0,168.2,168.2,0.0,0.0,168.0,0.4,0.002,0.4,37.4,4.483,168.2,0.58,False,160.1,0.047,0.365,10,15,414.241-001 M1513.002400-001 414.252-001 C10.153-002 F31.105-016,0.081,True
767,인문대학,언어학과,1학년,언어와 컴퓨터 | 세계의 언어 | 수학 2 | 초급중국어 1 | 말하기와 토론 | 생물학실험 2,919A,6,57,19656,7056,1496,True,exact,1496,109.6,0.0,109.6,141.7,139.5,182.8,0.153,5.4,152.4,32.1,0.227,42.8,28.3,3.872,109.6,0.02,True,96.1,0.141,11.029,191,279,100.130-001 100.132-001 F12.102-001 F35.105L-007 F31.105-003 F25.101-013,3.5,True
767,인문대학,언어학과,1학년,언어와 컴퓨터 | 세계의 언어 | 수학 2 | 초급중국어 1 | 말하기와 토론 | 생물학실험 2,GATE,6,57,19656,7056,1496,True,exact,1496,141.3,0.0,141.3,161.6,158.6,191.4,0.153,5.4,172.4,20.3,0.126,31.1,30.2,4.685,141.3,0.0,True,133.0,0.062,12.77,287,376,100.130-001 100.132-001 F12.102-006 F35.105L-003 F31.105-023 F25.101-012,3.667,True
768,음악대학,음악학과,3학년,영화음악의 이론과 실제 | 뮤직 프로덕션과 엔지니어링 개론 2 | 음악학세미나 2 | 서양음악사문헌 4 | 생물학실험 2,919A,5,13,9,6,7,True,exact,7,101.4,0.1,101.6,109.3,109.1,122.4,0.714,1.0,111.3,7.9,0.073,9.7,43.5,2.33,101.4,0.0,True,87.7,0.155,0.144,5,10,6522.3461-001 M3535.001400-001 M3535.001800-001 6522.3361-001 F35.105L-007,0.04,True
768,음악대학,음악학과,3학년,영화음악의 이론과 실제 | 뮤직 프로덕션과 엔지니어링 개론 2 | 음악학세미나 2 | 서양음악사문헌 4 | 생물학실험 2,GATE,5,13,9,6,7,True,exact,7,78.4,0.1,78.6,87.5,89.5,95.7,0.714,1.0,89.5,9.1,0.104,10.9,33.5,2.34,78.4,0.0,True,72.9,0.074,0.149,5,10,6522.3461-001 M3535.001400-001 M3535.001800-001 6522.3361-001 F35.105L-007,0.022,True
769,인문대학,국어국문학과,1학년,한국문학연구입문 | 한국어연구입문 | 심리학개론 | 언어와 인간 | 컴퓨팅 기초: 처음 만나는 컴퓨팅 | 한국문화와 유교사회,919A,6,27,76,32,8,True,exact,8,149.4,0.0,149.4,151.3,149.4,157.1,0.25,0.0,151.4,1.9,0.013,2.0,42.4,3.527,149.4,0.0,True,128.8,0.16,0.261,3,9,100.102-001 100.100-001 E11.192-001 C20.148-001 E11.146-002 F37.101-003,0.042,True
769,인문대학,국어국문학과,1학년,한국문학연구입문 | 한국어연구입문 | 심리학개론 | 언어와 인간 | 컴퓨팅 기초: 처음 만나는 컴퓨팅 | 한국문화와 유교사회,GATE,6,27,76,32,8,True,exact,8,174.8,0.0,174.8,176.1,174.8,180.0,0.25,0.0,176.1,1.3,0.007,1.3,37.4,4.675,174.8,0.0,True,164.0,0.066,0.322,3,9,100.102-001 100.100-001 E11.192-001 C20.148-001 E11.146-002 F37.101-003,0.034,True
770,사회과학대학,심리학과,3학년,인간공학의 심리학 | 주식 심리학 | 언어심리학 및 실험 | 상담심리학 | 초급스페인어 1,919A,5,20,16,16,2,True,exact,2,128.1,0.0,128.1,127.0,127.0,128.1,0.5,25.2,177.4,-1.0,-0.008,49.3,36.8,3.482,128.1,0.0,True,110.1,0.163,0.433,2,7,M1308.000900-001 M1308.002000-001 207.313-001 207.315-001 F24.101-007,0.081,True
770,사회과학대학,심리학과,3학년,인간공학의 심리학 | 주식 심리학 | 언어심리학 및 실험 | 상담심리학 | 초급스페인어 1,GATE,5,20,16,16,2,True,exact,2,101.9,0.0,101.9,107.9,107.9,113.9,0.5,25.2,158.3,6.0,0.056,56.4,26.5,3.844,101.9,0.0,True,95.6,0.066,0.525,2,7,M1308.000900-001 M1308.002000-001 207.313-001 207.315-001 F24.101-007,0.057,True
771,공과대학,전기·정보공학부,4학년,인공지능시스템 설계 프로젝트 | 인공지능 반도체 회로 설계 프로젝트 | 생체계측 | 인공지능 반도체 소자 설계 프로젝트 | 경제학개론,919A,5,6,2,2,2,True,exact,2,185.9,0.0,185.9,194.1,194.1,202.3,0.0,0.0,194.1,8.2,0.042,8.2,67.6,2.75,185.9,0.0,True,165.8,0.121,0.086,2,7,M3238.000100-001 M3238.000200-001 430.425-001 M3238.000300-001 E11.103-001,0.021,True
771,공과대학,전기·정보공학부,4학년,인공지능시스템 설계 프로젝트 | 인공지능 반도체 회로 설계 프로젝트 | 생체계측 | 인공지능 반도체 소자 설계 프로젝트 | 경제학개론,GATE,5,6,2,2,2,True,exact,2,206.9,0.0,206.9,217.3,217.3,227.7,0.0,0.0,217.3,10.4,0.048,10.4,64.0,3.231,206.9,0.0,True,187.0,0.107,0.084,2,7,M3238.000100-001 M3238.000200-001 430.425-001 M3238.000300-001 E11.103-001,0.014,True
772,미술대학,공예과,1학년,금속재료 및 기법의 기초 | 물레성형 기초 | 대학 글쓰기 1 | 한국사의 새로운 해석 | 생활원예,919A,5,79,148,116,39,True,exact,39,126.2,0.0,126.2,142.2,141.5,163.2,0.026,0.1,142.4,16.0,0.113,16.2,40.2,3.139,126.2,0.03,True,109.6,0.151,1.403,17,22,M3388.000200-001 M3388.000300-001 E11.137-001 C20.150-001 F11.101-046,0.327,True
772,미술대학,공예과,1학년,금속재료 및 기법의 기초 | 물레성형 기초 | 대학 글쓰기 1 | 한국사의 새로운 해석 | 생활원예,GATE,5,79,148,116,39,True,exact,39,125.1,0.0,125.1,149.5,150.2,176.0,0.026,0.1,149.8,24.5,0.164,24.7,37.3,3.348,125.1,0.0,True,116.9,0.07,1.274,17,22,M3388.000200-001 M3388.000300-001 E11.137-001 C20.150-001 F11.101-059,0.258,True
773,농업생명과학대학,식물생산과학부,3학년,농업교육학개론 | 시설원예학 및 실험 | 수확물생리학 및 실험 | 작물육종학 | 생명과학을 위한 수학 1,919A,5,6,2,2,1,False,exact,1,131.7,0.0,131.7,131.7,131.7,131.7,0.0,0.0,131.7,0.0,0.0,0.0,39.7,3.316,131.7,0.0,True,119.8,0.1,0.08,1,6,500.E304-001 5172.305-001 5172.306A-001 5171.307-001 F31.111-001,0.017,True
773,농업생명과학대학,식물생산과학부,3학년,농업교육학개론 | 시설원예학 및 실험 | 수확물생리학 및 실험 | 작물육종학 | 생명과학을 위한 수학 1,GATE,5,6,2,2,1,False,exact,1,90.2,0.0,90.2,90.2,90.2,90.2,0.0,0.0,90.2,0.0,0.0,0.0,24.9,3.626,90.2,0.0,True,88.6,0.018,0.075,1,6,500.E304-001 5172.305-001 5172.306A-001 5171.307-001 F31.111-001,0.012,True
774,인문대학,종교학과,3학년,유교개론 | 종교 교재 연구 및 지도법 | 종교와 젠더 | 현대종교 | 대학 글쓰기 2: 사회과학글쓰기,919A,5,15,11,11,7,True,exact,7,90.9,0.0,90.9,99.5,94.1,109.4,0.0,0.0,99.5,8.5,0.086,8.5,21.2,4.295,90.9,0.0,True,76.8,0.184,0.389,7,12,114.213-001 114.327-001 M1261.001200-001 114.411-001 F11.202-011,0.06,True
774,인문대학,종교학과,3학년,유교개론 | 종교 교재 연구 및 지도법 | 종교와 젠더 | 현대종교 | 대학 글쓰기 2: 사회과학글쓰기,GATE,5,15,11,11,7,True,exact,7,126.5,0.0,126.5,142.9,128.5,163.1,0.0,0.0,142.9,16.4,0.115,16.4,29.3,4.318,126.5,0.0,True,118.7,0.065,0.282,7,12,114.213-001 114.327-001 M1261.001200-001 114.411-001 F11.202-007,0.048,True
775,학부대학,자유전공학부,3학년,사회과학융합세미나 | 인문예술융합세미나 | 고전탐구세미나 2 | 창의융합프로젝트 | 공학수학 2 | 자연환경과 인간,919A,6,8,3,3,1,False,exact,1,166.7,0.0,166.7,166.7,166.7,166.7,0.0,0.0,166.7,0.0,0.0,0.0,49.1,3.397,166.7,0.0,True,147.2,0.132,0.099,1,7,M2199.001400-001 M2199.001300-001 991.308-001 991.306A-001 C40.130-001 F31.202-015,0.02,True
775,학부대학,자유전공학부,3학년,사회과학융합세미나 | 인문예술융합세미나 | 고전탐구세미나 2 | 창의융합프로젝트 | 공학수학 2 | 자연환경과 인간,GATE,6,8,3,3,1,False,exact,1,132.3,0.0,132.3,132.3,132.3,132.3,0.0,0.0,132.3,0.0,0.0,0.0,43.0,3.079,132.3,0.0,True,123.0,0.076,0.094,1,7,M2199.001400-001 M2199.001300-001 991.308-001 991.306A-001 C40.130-001 F31.202-015,0.014,True
776,미술대학,동양화과,1학년,평면조형1 | 동양화 기초 2 | 인간관계의 심리학 | 베리타스 강좌 1: 불과 문명 | 대학영어 1,919A,5,62,220,216,32,True,exact,32,93.8,0.0,93.8,127.3,132.4,141.5,0.0,0.0,127.3,33.5,0.263,33.5,31.3,2.998,93.8,0.0,True,79.9,0.173,1.292,19,25,M2182.000900-001 M1765.000300-001 V10.107-001 E11.163-003 F21.101-028,0.288,True
776,미술대학,동양화과,1학년,평면조형1 | 동양화 기초 2 | 인간관계의 심리학 | 베리타스 강좌 1: 불과 문명 | 대학영어 1,GATE,5,62,220,216,32,True,exact,32,104.3,0.0,104.3,127.1,129.9,140.5,0.0,0.0,127.1,22.9,0.18,22.9,27.7,3.77,104.3,0.0,True,96.0,0.086,1.265,18,24,M2182.000900-001 M1765.000300-001 V10.107-001 E11.163-003 F21.101-028,0.284,True
777,공과대학,건설환경도시공학부,2학년,구조해석 1 | 기초유체역학 및 실험 | 교통공학 및 실험 | 환경공학 | 대학 글쓰기 1 | 중급독일어 1,919A,6,82,592,464,308,True,exact,308,163.6,0.0,163.6,188.0,190.6,222.1,0.0,0.0,188.0,24.4,0.13,24.4,24.8,6.586,163.6,0.0,True,150.9,0.084,6.391,102,119,M1586.002000-001 457.208-001 457.204-001 457.210A-002 F22.201-001 F11.101-072,1.406,True
777,공과대학,건설환경도시공학부,2학년,구조해석 1 | 기초유체역학 및 실험 | 교통공학 및 실험 | 환경공학 | 대학 글쓰기 1 | 중급독일어 1,GATE,6,82,592,464,308,True,exact,308,183.5,0.0,183.5,208.8,212.1,245.0,0.0,0.0,208.8,25.3,0.121,25.3,30.1,6.094,183.5,0.0,True,171.8,0.068,5.838,54,71,M1586.002000-001 457.208-001 457.204-001 457.210A-001 F22.201-001 F11.101-072,1.475,True
778,인문대학,고고미술사학과,3학년,"인도의 미술 | 고고학실습 | 유럽의 17, 18세기 미술 | 한국의 도자 | 인간관계의 심리학",919A,5,8,4,4,4,False,exact,4,82.5,0.0,82.5,82.5,82.5,82.5,0.0,0.0,82.5,0.0,0.0,0.0,42.2,1.956,82.5,0.0,True,69.9,0.18,0.132,4,9,116.217B-001 116.303-001 M1265.000400-001 116.323-001 E11.163-003,0.03,True
778,인문대학,고고미술사학과,3학년,"인도의 미술 | 고고학실습 | 유럽의 17, 18세기 미술 | 한국의 도자 | 인간관계의 심리학",GATE,5,8,4,4,4,False,exact,4,89.9,0.0,89.9,89.9,89.9,89.9,0.0,0.0,89.9,0.0,0.0,0.0,38.2,2.351,89.9,0.0,True,82.9,0.085,0.119,4,9,116.217B-001 116.303-001 M1265.000400-001 116.323-001 E11.163-001,0.016,True
779,사범대학,역사교육과,3학년,서양근대사 | 한국근대사 | 역사교육론 | 동아시아근현대사 | 운동과 건강 | 초급독일어 1,919A,6,14,9,9,3,True,exact,3,112.2,50.2,212.7,131.2,140.7,140.7,1.0,51.4,233.9,19.0,0.145,21.2,43.4,2.584,112.2,0.0,True,98.0,0.145,0.261,3,9,712.233B-001 712.215-001 712.301-001 M1858.001400-001 E43.116-001 F22.101-005,0.042,True
779,사범대학,역사교육과,3학년,서양근대사 | 한국근대사 | 역사교육론 | 동아시아근현대사 | 운동과 건강 | 초급독일어 1,GATE,6,14,9,9,3,True,exact,3,147.2,50.2,247.7,168.1,178.5,178.5,1.0,51.4,270.8,20.9,0.124,23.1,37.6,3.912,147.2,0.0,True,136.0,0.082,0.242,3,9,712.233B-001 712.215-001 712.301-001 M1858.001400-001 E43.116-001 F22.101-005,0.029,True
780,농업생명과학대학,식물생산과학부,2학년,작물생태학 | 산업인력개발 통계분석 및 실습 | 과수학 및 실험 | 작물생리학 | 죽음의 과학적 이해 | 명상과 수행,919A,6,6,1,1,1,False,exact,1,134.9,2.2,139.3,134.9,134.9,134.9,1.0,2.2,139.3,0.0,0.0,0.0,49.0,2.75,134.9,0.0,True,122.3,0.102,0.086,1,7,5171.207-001 M1671.000800-001 5172.203-001 5171.205-001 E11.174-001 E11.119-001,0.012,True
780,농업생명과학대학,식물생산과학부,2학년,작물생태학 | 산업인력개발 통계분석 및 실습 | 과수학 및 실험 | 작물생리학 | 죽음의 과학적 이해 | 명상과 수행,GATE,6,6,1,1,1,False,exact,1,103.3,2.2,107.8,103.3,103.3,103.3,1.0,2.2,107.8,0.0,0.0,0.0,38.7,2.672,103.3,0.0,True,100.7,0.026,0.08,1,7,5171.207-001 M1671.000800-001 5172.203-001 5171.205-001 E11.174-001 E11.119-001,0.008,True
781,약학대학,약학대학,2학년,생리학 | 비판적 심화탐구 | 심화 물리약학 | 의약품개발사 | 생명과학을 위한 수학 1,919A,5,6,2,2,1,False,exact,1,129.3,0.0,129.3,129.3,129.3,129.3,0.0,0.0,129.3,0.0,0.0,0.0,36.7,3.524,129.3,0.0,True,115.5,0.12,0.127,1,6,M2175.004400-001 M2175.004900-001 M2175.004800-001 M2175.005100-001 F31.111-002,0.016,True
781,약학대학,약학대학,2학년,생리학 | 비판적 심화탐구 | 심화 물리약학 | 의약품개발사 | 생명과학을 위한 수학 1,GATE,5,6,2,2,1,False,exact,1,140.2,0.0,140.2,140.2,140.2,140.2,0.0,0.0,140.2,0.0,0.0,0.0,32.6,4.306,140.2,0.0,True,129.1,0.086,0.088,1,6,M2175.004400-001 M2175.004900-001 M2175.004800-001 M2175.005100-001 F31.111-002,0.009,True
782,생활과학대학,의류학과,2학년,3D 패션스튜디오 | 의복구성실습 | 의복생리학 및 개인보호복 실험 | 대학 글쓰기 1 | 대학 글쓰기 2: 과학기술글쓰기,919A,5,105,2072,638,710,True,exact,710,116.8,0.0,116.8,158.4,158.1,187.1,0.158,0.4,159.2,41.5,0.262,42.3,26.8,4.358,116.8,0.0,True,99.4,0.175,2.749,47,53,M1461.002600-001 M1461.004200-001 M1461.004000-001 F11.203-010 F11.101-075,0.366,True
782,생활과학대학,의류학과,2학년,3D 패션스튜디오 | 의복구성실습 | 의복생리학 및 개인보호복 실험 | 대학 글쓰기 1 | 대학 글쓰기 2: 과학기술글쓰기,GATE,5,105,2072,638,710,True,exact,710,105.4,0.0,105.4,138.3,137.2,174.6,0.158,0.4,139.1,32.8,0.237,33.6,24.6,4.284,105.4,0.0,True,96.9,0.088,3.908,35,44,M1461.002600-001 M1461.004200-001 M1461.004000-001 F11.203-010 F11.101-063,0.64,True
783,인문대학,고고미술사학과,3학년,인도의 미술 | 한국의 도자 | 고고학실습 | 문화유산관리와 박물관 | 베리타스 실천: 여행의 윤리 | 한국정치의 분석과 이해,919A,6,6,1,1,1,False,exact,1,106.5,0.0,106.5,106.5,106.5,106.5,0.0,0.0,106.5,0.0,0.0,0.0,32.0,3.323,106.5,0.0,True,89.0,0.196,0.095,1,7,116.217B-001 116.323-001 116.303-001 116.222A-001 V30.107-001 C30.138-001,0.014,True
783,인문대학,고고미술사학과,3학년,인도의 미술 | 한국의 도자 | 고고학실습 | 문화유산관리와 박물관 | 베리타스 실천: 여행의 윤리 | 한국정치의 분석과 이해,GATE,6,6,1,1,1,False,exact,1,116.2,0.0,116.2,116.2,116.2,116.2,0.0,0.0,116.2,0.0,0.0,0.0,30.4,3.82,116.2,0.0,True,107.2,0.084,0.074,1,7,116.217B-001 116.323-001 116.303-001 116.222A-001 V30.107-001 C30.138-001,0.008,True
784,사회과학대학,경제학부,1학년,경제원론 2 | 경제원론 1 | 베리타스 강좌 1: 불과 문명 | 대학 글쓰기 2: 인문학글쓰기 | 일본대중문화 | 국가와 시민,919A,6,29,180,135,33,True,exact,33,118.7,0.0,118.7,133.6,135.5,143.7,0.0,0.0,133.6,14.9,0.112,14.9,32.2,3.689,118.8,0.12,False,103.3,0.148,0.886,11,20,V10.107-001 E11.166-001 C30.104-001 200.106-001 200.105-004 F11.201-011,0.137,True
784,사회과학대학,경제학부,1학년,경제원론 2 | 경제원론 1 | 베리타스 강좌 1: 불과 문명 | 대학 글쓰기 2: 인문학글쓰기 | 일본대중문화 | 국가와 시민,GATE,6,29,180,135,33,True,exact,33,148.1,0.0,148.1,159.3,157.3,171.5,0.0,0.0,159.3,11.2,0.07,11.2,30.5,4.849,148.1,0.0,True,136.9,0.082,1.042,23,33,V10.107-001 E11.166-001 C30.104-001 200.106-001 200.105-004 F11.201-011,0.147,True
785,사회과학대학,사회학과,3학년,도시사회학 | 세대와 사회변동 | 환경과 생태의 사회학 | 계산사회과학 입문 | 인물로 본 한국사,919A,5,6,2,2,2,True,exact,2,161.6,0.0,161.6,162.5,162.5,163.5,0.5,2.8,168.1,1.0,0.006,6.5,39.8,4.055,161.6,0.0,True,138.2,0.169,0.108,2,7,205.212-001 M1304.004100-001 205.240A-001 M1304.003000-001 C20.132-003,0.015,True
785,사회과학대학,사회학과,3학년,도시사회학 | 세대와 사회변동 | 환경과 생태의 사회학 | 계산사회과학 입문 | 인물로 본 한국사,GATE,5,6,2,2,2,True,exact,2,111.0,0.0,111.0,114.9,114.9,118.8,0.5,2.8,120.4,3.9,0.034,9.4,30.4,3.653,111.0,0.0,True,104.6,0.061,0.115,2,7,205.212-001 M1304.004100-001 205.240A-001 M1304.003000-001 C20.132-003,0.012,True
786,생활과학대학,소비자아동학부,1학년,가계경제론 | 소비자행태론 | 생물학 | 한글맞춤법의 이론과 실제 | 수학연습 2 | 명상과 수행,919A,6,55,450,170,45,True,exact,45,144.8,0.0,144.8,167.6,168.4,175.8,0.0,0.0,167.6,22.8,0.136,22.8,45.8,3.166,144.8,0.0,True,130.0,0.114,0.776,14,20,357.201B-001 357.204-001 E11.119-001 C10.168-001 F35.103-003 F31.105L-033,0.14,True
786,생활과학대학,소비자아동학부,1학년,가계경제론 | 소비자행태론 | 생물학 | 한글맞춤법의 이론과 실제 | 수학연습 2 | 명상과 수행,GATE,6,55,450,170,45,True,exact,45,135.8,0.0,135.8,149.7,150.5,156.6,0.0,0.0,149.7,13.9,0.093,13.9,34.5,3.939,135.8,0.0,True,127.7,0.063,0.72,17,23,357.201B-001 357.204-001 E11.119-001 C10.168-001 F35.103-003 F31.105L-033,0.096,True
787,미술대학,조소과,2학년,3D 미디어 워크숍 2 | 영상매체 기초실습 | 디지털조각 2: 피지컬 컴퓨팅 | 석조 2: 재료와 맥락 | 수학연습 2,919A,5,49,45,17,17,True,exact,17,96.6,0.0,96.6,102.6,98.7,120.7,0.0,0.0,102.6,6.0,0.059,6.0,41.6,2.321,96.6,0.0,True,83.0,0.165,0.35,6,11,M1767.002700-001 613.202A-001 M1767.002600-001 M1767.001400-001 F31.105L-002,0.055,True
787,미술대학,조소과,2학년,3D 미디어 워크숍 2 | 영상매체 기초실습 | 디지털조각 2: 피지컬 컴퓨팅 | 석조 2: 재료와 맥락 | 수학연습 2,GATE,5,49,45,17,17,True,exact,17,81.4,0.0,81.4,86.7,85.0,98.8,0.0,0.0,86.7,5.4,0.062,5.4,30.7,2.65,81.4,0.0,True,75.3,0.081,0.366,6,11,M1767.002700-001 613.202A-001 M1767.002600-001 M1767.001400-001 F31.105L-002,0.041,True
788,경영대학,경영학과,3학년,창업가와 실용주의 프로그래밍 1 | 재무제표분석과 기업가치평가 | 마케팅관리 | 관리회계 | 한국음악의 이해 | 컴퓨터의 개념 및 실습,919A,6,12,24,24,2,True,exact,2,200.5,0.0,200.5,209.4,209.4,218.3,0.0,0.0,209.4,8.9,0.042,8.9,52.8,3.798,200.5,0.0,True,176.7,0.135,0.197,2,9,M2836.002000-001 251.335-001 E11.184-001 F37.202-001 251.306-003 251.321-002,0.025,True
788,경영대학,경영학과,3학년,창업가와 실용주의 프로그래밍 1 | 재무제표분석과 기업가치평가 | 마케팅관리 | 관리회계 | 한국음악의 이해 | 컴퓨터의 개념 및 실습,GATE,6,12,24,24,2,True,exact,2,127.3,0.0,127.3,132.4,132.4,137.5,0.0,0.0,132.4,5.1,0.038,5.1,42.6,2.99,127.3,0.0,True,120.4,0.057,0.306,2,9,M2836.002000-001 251.335-001 E11.184-001 F37.202-001 251.306-003 251.321-002,0.015,True
789,인문대학,노어노문학과,3학년,러시아문예학개론 | 고급 러시아어 | 러시아 아방가르드 | 러시아문학작가연구 1 | 공학수학 1,919A,5,9,5,5,2,False,exact,2,119.1,0.0,119.1,119.1,119.1,119.1,0.0,0.0,119.1,0.0,0.0,0.0,36.2,3.294,119.1,0.0,True,104.1,0.145,0.093,2,7,106.242A-001 M1242.000600-001 M1242.003500-001 106.445-001 F31.201-001,0.01,True
789,인문대학,노어노문학과,3학년,러시아문예학개론 | 고급 러시아어 | 러시아 아방가르드 | 러시아문학작가연구 1 | 공학수학 1,GATE,5,9,5,5,2,False,exact,2,140.7,0.0,140.7,140.7,140.7,140.7,0.0,0.0,140.7,0.0,0.0,0.0,37.9,3.715,140.7,0.0,True,133.3,0.055,0.088,2,7,106.242A-001 M1242.000600-001 M1242.003500-001 106.445-001 F31.201-001,0.008,True
790,경영대학,경영학과,1학년,경영을 위한 경제학 | 회계원리 | 현대사회와 윤리 | 수학 2 | 경영학을 위한 수학 | 동양미술사입문,919A,6,40,1404,630,100,True,exact,100,169.8,2.6,175.1,199.1,194.2,228.3,0.55,2.0,203.1,29.3,0.147,28.0,48.5,3.5,169.8,0.0,True,150.8,0.126,0.942,12,25,C20.154-001 C10.112-001 M2171.001900-001 F31.113-001 251.205-003 F31.105-002,0.14,True
790,경영대학,경영학과,1학년,경영을 위한 경제학 | 회계원리 | 현대사회와 윤리 | 수학 2 | 경영학을 위한 수학 | 동양미술사입문,GATE,6,40,1404,630,100,True,exact,100,150.5,0.0,150.5,161.0,161.4,186.2,0.55,2.0,165.0,10.4,0.065,14.4,36.1,4.169,150.5,0.0,True,141.9,0.061,0.829,6,20,C20.154-001 C10.112-001 M2171.001900-001 F31.113-001 251.205-002 F31.105-009,0.114,True
791,사범대학,교육학과,2학년,교육사 | 후기근대적 인간관과 교육 | 컴퓨팅 기초: 처음 만나는 컴퓨팅 | 대학영어 2: 말하기 | 물리학실험 2 | 해양학,919A,6,83,11172,1056,746,True,exact,746,138.7,0.0,138.7,158.6,150.6,186.9,0.0,0.0,158.6,19.9,0.125,19.9,33.6,4.132,138.7,0.0,True,122.9,0.129,2.009,38,56,701.411A-001 M1831.005300-001 F36.105-001 F37.101-006 F21.202-010 F33.107L-031,0.307,True
791,사범대학,교육학과,2학년,교육사 | 후기근대적 인간관과 교육 | 컴퓨팅 기초: 처음 만나는 컴퓨팅 | 대학영어 2: 말하기 | 물리학실험 2 | 해양학,GATE,6,83,11172,1056,746,True,exact,746,140.2,0.0,140.2,152.7,144.3,173.7,0.0,0.0,152.7,12.5,0.082,12.5,37.3,3.756,140.2,0.0,True,133.3,0.052,2.007,39,57,701.411A-001 M1831.005300-001 F36.105-001 F37.101-004 F21.202-002 F33.107L-004,0.338,True
792,인문대학,역사학부,4학년,동아시아 사회경제사 특강 | 글로벌 제국사 | 역사학 논문쓰기 1 | 역사학 논문쓰기 2 | 초급스페인어 2,919A,5,8,4,4,1,False,exact,1,100.8,0.0,100.8,100.8,100.8,100.8,0.0,0.0,100.8,0.0,0.0,0.0,19.7,5.128,100.8,0.0,True,84.5,0.193,0.166,1,6,M3545.000100-002 M3546.002300-001 M3533.001500-001 M3533.000600-001 F24.102-002,0.02,True
792,인문대학,역사학부,4학년,동아시아 사회경제사 특강 | 글로벌 제국사 | 역사학 논문쓰기 1 | 역사학 논문쓰기 2 | 초급스페인어 2,GATE,5,8,4,4,1,False,exact,1,160.3,0.0,160.3,160.3,160.3,160.3,0.0,0.0,160.3,0.0,0.0,0.0,26.9,5.954,160.3,0.0,True,149.3,0.073,0.122,1,6,M3545.000100-002 M3546.002300-001 M3533.001500-001 M3533.000600-001 F24.102-002,0.013,True
793,인문대학,서어서문학과,4학년,영화 비평 세미나 | 스페인어학연습 2 | 스페인문학특강 | 라틴아메리카 영화와 현대사회 | 물리학실험,919A,5,12,8,8,4,True,exact,4,123.6,0.0,123.6,123.9,123.9,124.2,0.0,0.0,123.9,0.3,0.002,0.3,33.8,3.659,123.6,0.0,True,104.9,0.179,0.177,4,9,M3699.000300-001 107.413B-001 107.427A-001 107.437A-001 F33.105L-003,0.018,True
793,인문대학,서어서문학과,4학년,영화 비평 세미나 | 스페인어학연습 2 | 스페인문학특강 | 라틴아메리카 영화와 현대사회 | 물리학실험,GATE,5,12,8,8,4,True,exact,4,153.4,0.0,153.4,153.7,153.7,154.0,0.0,0.0,153.7,0.3,0.002,0.3,33.0,4.643,153.4,0.0,True,145.4,0.055,0.139,4,9,M3699.000300-001 107.413B-001 107.427A-001 107.437A-001 F33.105L-007,0.015,True
794,인문대학,독어독문학과,4학년,독어독문학특강 | 영화로 보는 독일문화 | 영국축구와 글로벌 스포츠의 발전 | 논리와 비판적 사고 | 대학 글쓰기 2: 과학기술글쓰기 | 수학연습 2,919A,6,80,5040,748,570,True,exact,570,178.3,0.0,178.3,200.2,200.8,209.1,0.0,0.0,200.2,21.9,0.11,21.9,48.4,3.686,178.3,0.03,True,154.8,0.152,1.772,36,44,M1241.000200-001 105.400-001 C30.148-001 F12.101-003 F11.203-010 F31.105L-033,0.27,True
794,인문대학,독어독문학과,4학년,독어독문학특강 | 영화로 보는 독일문화 | 영국축구와 글로벌 스포츠의 발전 | 논리와 비판적 사고 | 대학 글쓰기 2: 과학기술글쓰기 | 수학연습 2,GATE,6,80,5040,748,570,True,exact,570,161.9,0.0,161.9,185.1,186.0,191.5,0.0,0.0,185.1,23.3,0.126,23.3,33.3,4.859,162.2,0.34,False,150.4,0.076,1.716,32,40,M1241.000200-001 105.400-001 C30.148-001 F12.101-003 F11.203-010 F31.105L-033,0.238,True
795,공과대학,공과대학,2학년,사물인터넷과 공학설계 | 초급한국어 | 대학 글쓰기 1 | 공학수학 1 | 컴퓨팅 기초: 처음 만나는 컴퓨팅,919A,5,100,7030,2320,1173,True,exact,1173,120.0,0.0,120.0,174.8,178.8,204.8,0.188,0.1,175.0,54.8,0.313,55.0,35.6,3.367,120.0,0.0,True,107.8,0.113,4.235,63,71,M2177.008800-001 F27.101-001 F31.201-001 F37.101-006 F11.101-046,0.579,True
795,공과대학,공과대학,2학년,사물인터넷과 공학설계 | 초급한국어 | 대학 글쓰기 1 | 공학수학 1 | 컴퓨팅 기초: 처음 만나는 컴퓨팅,GATE,5,100,7030,2320,1173,True,exact,1173,114.6,0.0,114.6,170.4,170.5,197.2,0.188,0.1,170.6,55.8,0.328,56.1,36.5,3.14,114.6,0.0,True,109.8,0.044,3.344,35,43,M2177.008800-001 F27.101-001 F31.201-001 F37.101-006 F11.101-005,0.742,True
796,사범대학,지구과학교육과,2학년,고체지구과학 및 실험 2 | 에어로졸 화학과 기후 변화 | 고체지구물리학 및 실험 2 | 천체지구과학 및 실험 2 | 생명과학을 위한 수학 2 | 교양연주- 가야금,919A,6,10,5,5,3,True,exact,3,142.4,0.0,142.4,144.0,144.9,144.9,0.0,0.0,144.0,1.6,0.011,1.6,38.0,3.752,142.4,0.0,True,124.0,0.149,0.158,3,9,721.264-001 M1882.001500-001 721.222-001 721.267-001 E42.101-001 F31.112-002,0.029,True
796,사범대학,지구과학교육과,2학년,고체지구과학 및 실험 2 | 에어로졸 화학과 기후 변화 | 고체지구물리학 및 실험 2 | 천체지구과학 및 실험 2 | 생명과학을 위한 수학 2 | 교양연주- 가야금,GATE,6,10,5,5,3,True,exact,3,169.3,0.0,169.3,175.9,169.3,189.0,0.0,0.0,175.9,6.6,0.037,6.6,37.5,4.509,169.3,0.0,True,154.8,0.094,0.381,3,9,721.264-001 M1882.001500-001 721.222-001 721.267-001 E42.101-001 F31.112-001,0.017,True
797,자연과학대학,생명과학부,3학년,생화학 2: 물질대사 | 식물생리학 | 분자생물학 | 생명과학특수연구 1 | 동서양의 종교적 지혜,919A,5,6,2,2,1,False,exact,1,213.1,0.0,213.1,213.1,213.1,213.1,0.0,0.0,213.1,0.0,0.0,0.0,50.3,4.237,213.1,0.0,True,190.9,0.116,0.112,1,6,M2173.004700-001 3346.320-001 300.319-001 3346.328-001 E11.116-001,0.011,True
797,자연과학대학,생명과학부,3학년,생화학 2: 물질대사 | 식물생리학 | 분자생물학 | 생명과학특수연구 1 | 동서양의 종교적 지혜,GATE,5,6,2,2,1,False,exact,1,152.7,0.0,152.7,152.7,152.7,152.7,0.0,0.0,152.7,0.0,0.0,0.0,35.4,4.318,152.7,0.0,True,148.1,0.031,0.072,1,6,M2173.004700-001 3346.320-001 300.319-001 3346.328-001 E11.116-001,0.008,True
798,사범대학,독어교육과,1학년,기초독문법 | 독일문화와생활 | 생물학실험 2 | 대학영어 1 | 남북분단과 한국전쟁 | 중급독일어 1,919A,6,70,1980,1296,251,True,exact,251,101.3,0.0,101.3,126.9,126.5,162.1,0.0,0.0,126.9,25.7,0.202,25.7,29.8,3.393,101.3,0.0,True,86.9,0.165,3.646,57,71,700.124-001 700.123-001 C20.105-002 F22.201-002 F35.105L-009 F21.101-032,0.599,True
798,사범대학,독어교육과,1학년,기초독문법 | 독일문화와생활 | 생물학실험 2 | 대학영어 1 | 남북분단과 한국전쟁 | 중급독일어 1,GATE,6,70,1980,1296,251,True,exact,251,136.4,0.0,136.4,168.2,171.9,198.1,0.0,0.0,168.2,31.9,0.19,31.9,34.4,3.958,136.4,0.0,True,127.4,0.07,3.383,44,58,700.124-001 700.123-001 C20.105-002 F22.201-002 F35.105L-001 F21.101-028,0.577,True
799,음악대학,국악과,3학년,국악반주법 2 | 한국악기론 | 국악문헌의 이해 | 국악사 2 | 논리와 비판적 사고 | 중국어권의 사회와 문화,919A,6,10,8,8,3,True,exact,3,140.1,0.0,140.1,141.1,140.3,143.0,0.0,0.0,141.1,1.0,0.007,1.0,30.1,4.655,140.3,0.18,False,118.0,0.187,0.176,3,9,654.3237-001 M1803.000700-001 M2183.008400-001 654.3316-001 C10.153-002 F12.101-004,0.03,True
799,음악대학,국악과,3학년,국악반주법 2 | 한국악기론 | 국악문헌의 이해 | 국악사 2 | 논리와 비판적 사고 | 중국어권의 사회와 문화,GATE,6,10,8,8,3,True,exact,3,140.6,0.0,140.6,145.6,145.1,151.2,0.0,0.0,145.6,5.1,0.035,5.1,28.5,4.94,140.6,0.0,True,129.4,0.087,0.159,3,9,654.3237-001 M1803.000700-001 M2183.008400-001 654.3316-001 C10.153-002 F12.101-004,0.019,True
800,자연과학대학,화학부,2학년,물리화학2 | 기기분석 | 무기화학 1: 구조와 결합 | 유기화학 2 | 동서양의 종교적 지혜 | 라틴어 1,919A,6,12,12,12,3,True,exact,3,127.3,0.0,127.3,130.0,127.3,135.3,0.0,0.0,130.0,2.7,0.021,2.7,42.2,3.015,127.3,0.0,True,112.0,0.137,0.212,3,9,3343.301A-001 3343.404-001 M1409.001600-001 3343.206-001 E11.116-002 F29.103-002,0.028,True
800,자연과학대학,화학부,2학년,물리화학2 | 기기분석 | 무기화학 1: 구조와 결합 | 유기화학 2 | 동서양의 종교적 지혜 | 라틴어 1,GATE,6,12,12,12,3,True,exact,3,125.3,0.0,125.3,133.2,137.2,137.2,0.0,0.0,133.2,7.9,0.06,7.9,35.7,3.508,125.3,0.0,True,119.8,0.046,0.216,3,9,3343.301A-001 3343.404-001 M1409.001600-001 3343.206-001 E11.116-002 F29.103-003,0.021,True
801,자연과학대학,화학부,3학년,재료화학 1: 합성 및 특성 | 양자화학 | 유기무기실험 | 대사생화학 | 물리학실험 2 | 대학 글쓰기 1,919A,6,130,14504,1392,2984,True,exact,2984,166.2,0.0,166.2,200.5,199.6,252.5,0.0,0.0,200.5,34.3,0.171,34.3,34.5,4.818,166.4,0.21,False,149.8,0.11,5.111,73,85,M1409.002700-001 3343.410-001 3343.311-001 3343.313-001 F33.107L-023 F11.101-019,0.82,True
801,자연과학대학,화학부,3학년,재료화학 1: 합성 및 특성 | 양자화학 | 유기무기실험 | 대사생화학 | 물리학실험 2 | 대학 글쓰기 1,GATE,6,130,14504,1392,2984,True,exact,2984,143.2,0.0,143.2,170.4,170.6,216.1,0.0,0.0,170.4,27.2,0.16,27.2,28.9,4.954,143.2,0.0,True,138.8,0.032,4.713,44,56,M1409.002700-001 3343.410-001 3343.311-001 3343.313-001 F33.107L-023 F11.101-047,0.736,True
802,사범대학,교직연합전공 통합사회,3학년,통합사회교과 교재 및 연구법 | 통합사회교과교육론 | 생물학실험 2 | 디자인과 생활 | 초급프랑스어 1,919A,5,21,81,54,26,True,exact,26,85.1,0.0,85.1,117.1,117.4,129.2,0.0,0.0,117.1,32.0,0.274,32.0,35.1,2.42,85.1,0.0,True,73.0,0.164,0.797,13,21,M1855.000700-001 M1855.000600-001 C10.114-001 F35.105L-005 F26.101-007,0.094,True
802,사범대학,교직연합전공 통합사회,3학년,통합사회교과 교재 및 연구법 | 통합사회교과교육론 | 생물학실험 2 | 디자인과 생활 | 초급프랑스어 1,GATE,5,21,81,54,26,True,exact,26,107.9,0.0,107.9,136.7,133.4,154.3,0.0,0.0,136.7,28.8,0.211,28.8,37.3,2.893,107.9,0.0,True,99.9,0.081,0.614,12,20,M1855.000700-001 M1855.000600-001 C10.114-001 F35.105L-005 F26.101-007,0.076,True
803,사회과학대학,사회복지학과,1학년,인간행동과 사회환경 | 사회문제론 | 수학 2 | 창의와 도전 | 북한학개론 | 한국의 한자와 한자어,919A,6,36,260,140,70,True,exact,70,126.8,0.0,126.8,152.9,154.9,181.1,0.343,0.2,153.3,26.1,0.171,26.5,39.4,3.221,126.8,0.0,True,112.7,0.126,1.232,14,27,209.219-001 209.222-001 C10.165-001 E11.128-001 E51.102-004 F31.105-023,0.191,True
803,사회과학대학,사회복지학과,1학년,인간행동과 사회환경 | 사회문제론 | 수학 2 | 창의와 도전 | 북한학개론 | 한국의 한자와 한자어,GATE,6,36,260,140,70,True,exact,70,122.9,0.0,122.9,140.7,142.8,154.0,0.343,0.2,141.1,17.8,0.127,18.2,33.1,3.71,122.9,0.0,True,114.7,0.071,1.114,14,26,209.219-001 209.222-001 C10.165-001 E11.128-001 E51.102-004 F31.105-023,0.149,True
804,미술대학,동양화과,2학년,전통채색기법 2 | 회화재료와 기법 | 소묘 2 | 서예와 전각 2 | 문명과 수학,919A,5,5,1,1,1,False,exact,1,160.9,0.0,160.9,160.9,160.9,160.9,0.0,0.0,160.9,0.0,0.0,0.0,41.2,3.904,160.9,0.0,True,139.9,0.15,0.086,1,6,601.202A-001 601.214A-001 601.206-001 601.212A-001 E11.120-001,0.012,True
804,미술대학,동양화과,2학년,전통채색기법 2 | 회화재료와 기법 | 소묘 2 | 서예와 전각 2 | 문명과 수학,GATE,5,5,1,1,1,False,exact,1,144.4,0.0,144.4,144.4,144.4,144.4,0.0,0.0,144.4,0.0,0.0,0.0,34.2,4.218,144.4,0.0,True,135.0,0.07,0.075,1,6,601.202A-001 601.214A-001 601.206-001 601.212A-001 E11.120-001,0.009,True
805,음악대학,국악과,2학년,전통가창실습 | 한국춤 2 | 국악관악합주2 | 국악가창세미나 | 대학영어 1 | 공연예술의 이해,919A,6,63,220,216,27,True,exact,27,141.7,0.0,141.7,166.1,164.9,195.7,0.0,0.0,166.1,24.5,0.147,24.5,43.7,3.239,141.7,0.0,True,123.8,0.144,1.608,11,19,M2183.005000-001 654.2501A-001 M2183.004200-001 M1803.001300-001 C10.102-004 F21.101-012,0.163,True
805,음악대학,국악과,2학년,전통가창실습 | 한국춤 2 | 국악관악합주2 | 국악가창세미나 | 대학영어 1 | 공연예술의 이해,GATE,6,63,220,216,27,True,exact,27,127.7,0.0,127.7,165.9,168.5,190.9,0.0,0.0,165.9,38.2,0.23,38.2,33.1,3.859,127.7,0.0,True,117.4,0.088,1.287,12,20,M2183.005000-001 654.2501A-001 M2183.004200-001 M1803.001300-001 C10.102-004 F21.101-011,0.183,True
806,공과대학,화학생물공학부,1학년,화학생물공학의 이해 | 화학생물공학개론 | 초급중국어 1 | 대학 글쓰기 1 | 맥락의 뇌과학,919A,5,91,1036,812,458,True,exact,458,277.6,0.0,277.6,301.8,302.9,337.6,0.832,37.6,377.1,24.2,0.08,99.5,54.1,5.131,277.6,0.0,True,242.1,0.147,5.516,71,80,M1587.001500-001 400.023-001 C40.141-001 F25.101-015 F11.101-025,1.137,True
806,공과대학,화학생물공학부,1학년,화학생물공학의 이해 | 화학생물공학개론 | 초급중국어 1 | 대학 글쓰기 1 | 맥락의 뇌과학,GATE,5,91,1036,812,458,True,exact,458,301.5,0.0,301.5,327.5,328.7,367.3,0.832,37.6,402.8,26.0,0.08,101.3,57.5,5.24,301.5,0.0,True,270.2,0.116,4.608,50,58,M1587.001500-001 400.023-001 C40.141-001 F25.101-015 F11.101-007,0.644,True
807,공과대학,전기·정보공학부,2학년,프로그래밍방법론 | 자료구조의 기초 | 회로 이론 및 실험 | 전기시스템선형대수 | 인간관계의 심리학 | 수학 2,919A,6,37,624,336,12,True,exact,12,360.9,32.8,426.6,368.5,371.1,381.2,1.0,59.7,487.9,7.5,0.02,61.4,66.7,5.412,360.9,0.0,True,320.2,0.127,0.687,8,16,430.211-001 M2608.003200-001 430.216-002 430.217-002 E11.163-004 F31.105-013,0.091,True
807,공과대학,전기·정보공학부,2학년,프로그래밍방법론 | 자료구조의 기초 | 회로 이론 및 실험 | 전기시스템선형대수 | 인간관계의 심리학 | 수학 2,GATE,6,37,624,336,12,True,exact,12,397.3,32.8,463.0,402.3,402.0,408.1,1.0,59.7,521.8,4.9,0.012,58.8,62.5,6.357,397.3,0.0,True,356.8,0.114,0.532,8,16,430.211-001 M2608.003200-001 430.216-002 430.217-002 E11.163-004 F31.105-013,0.061,True
808,인문대학,국어국문학과,2학년,한국영상문학론 | 한국고전산문강독 | 한국현대소설론 | 대학 글쓰기 1 | 대학영어 1 | 미디어와 현대사회,919A,6,134,8140,6264,2454,True,exact,2454,100.6,0.0,100.6,153.6,149.7,182.8,0.0,0.0,153.6,53.0,0.345,53.0,24.8,4.065,101.7,1.13,False,88.7,0.134,7.231,73,83,101.428-001 101.223-001 101.311A-001 C30.113-001 F21.101-027 F11.101-063,0.747,True
808,인문대학,국어국문학과,2학년,한국영상문학론 | 한국고전산문강독 | 한국현대소설론 | 대학 글쓰기 1 | 대학영어 1 | 미디어와 현대사회,GATE,6,134,8140,6264,2454,True,exact,2454,106.1,0.0,106.1,153.6,152.8,193.2,0.0,0.0,153.6,47.5,0.309,47.5,20.5,5.173,106.1,0.0,True,100.6,0.054,6.749,40,50,101.428-001 101.223-001 101.311A-001 C30.113-001 F21.101-027 F11.101-049,0.672,True
809,인문대학,철학과,3학년,정치·경제·철학을 위한 경제적 분석 | 시장과 윤리 | 현대프랑스철학 | 과학철학 | 대학영어 1,919A,5,59,55,54,24,True,exact,24,122.0,0.0,122.0,127.0,127.8,131.6,0.0,0.0,127.0,5.1,0.04,5.1,34.0,3.583,122.0,0.0,True,104.0,0.172,1.189,23,28,M3659.000300-001 M3659.000200-001 113.367-001 113.463-001 F21.101-003,0.135,True
809,인문대학,철학과,3학년,정치·경제·철학을 위한 경제적 분석 | 시장과 윤리 | 현대프랑스철학 | 과학철학 | 대학영어 1,GATE,5,59,55,54,24,True,exact,24,161.5,0.0,161.5,163.3,162.6,165.8,0.0,0.0,163.3,1.8,0.011,1.8,37.0,4.369,161.9,0.41,False,152.6,0.058,0.984,23,28,M3659.000300-001 M3659.000200-001 113.367-001 113.463-001 F21.101-031,0.124,True
810,자연과학대학,자연과학대학,2학년,테크노사이언스의 역사와 철학 | 과학과 근대사회 | 과학기술과 법 | 고급수학연습 2 | 컴퓨팅 기초: 처음 만나는 컴퓨팅 | 수학 2,919A,6,54,2964,560,740,True,exact,740,203.1,0.0,203.1,205.3,204.4,219.4,0.0,0.0,205.3,2.1,0.01,2.1,38.5,5.28,203.3,0.14,False,181.0,0.123,3.462,111,130,300.306-001 300.302-001 300.307-001 F31.107L-003 F37.101-004 F31.105-025,0.64,True
810,자연과학대학,자연과학대학,2학년,테크노사이언스의 역사와 철학 | 과학과 근대사회 | 과학기술과 법 | 고급수학연습 2 | 컴퓨팅 기초: 처음 만나는 컴퓨팅 | 수학 2,GATE,6,54,2964,560,740,True,exact,740,134.7,0.0,134.7,136.6,136.7,140.8,0.0,0.0,136.6,1.9,0.014,1.9,23.6,5.703,134.7,0.0,True,131.3,0.026,3.62,118,137,300.306-001 300.302-001 300.307-001 F31.107L-002 F37.101-004 F31.105-006,0.613,True
811,첨단융합학부,첨단융합학부,4학년,데이터과학 창의연구 | 메모리 및 인공지능소자 | 대학 글쓰기 2: 인문학글쓰기 | 페미니즘 미학과 예술 | 교양연주- 색소폰 1,919A,5,25,40,30,20,True,exact,20,141.1,0.0,141.1,150.1,149.3,168.7,0.0,0.0,150.1,9.1,0.06,9.1,43.5,3.241,141.1,0.0,True,125.8,0.122,0.757,13,19,M3635.000800-001 M3637.001600-001 E42.104-001 C20.144-002 F11.201-013,0.106,True
811,첨단융합학부,첨단융합학부,4학년,데이터과학 창의연구 | 메모리 및 인공지능소자 | 대학 글쓰기 2: 인문학글쓰기 | 페미니즘 미학과 예술 | 교양연주- 색소폰 1,GATE,5,25,40,30,20,True,exact,20,169.1,0.0,169.1,176.2,172.7,207.2,0.0,0.0,176.2,7.2,0.041,7.2,45.1,3.751,169.1,0.0,True,156.3,0.081,0.599,12,18,M3635.000800-001 M3637.001600-001 E42.104-001 C20.144-001 F11.201-008,0.078,True
812,인문대학,아시아언어문명학부,3학년,인도 근현대 문화와 예술 | 서아시아 언어의 세계 | 일본의 사상과 문명 | 말레이-인도네시아어 강독 2 | 수학연습 2 | 창작의 세계,919A,6,50,45,17,3,True,exact,3,82.3,0.0,82.3,82.5,82.6,82.6,0.0,0.0,82.5,0.2,0.002,0.2,34.1,2.416,82.3,0.0,True,70.8,0.163,0.306,2,8,1003.314-001 M2752.001000-001 1003.373A-001 1003.354-001 C10.155-001 F31.105L-033,0.038,True
812,인문대학,아시아언어문명학부,3학년,인도 근현대 문화와 예술 | 서아시아 언어의 세계 | 일본의 사상과 문명 | 말레이-인도네시아어 강독 2 | 수학연습 2 | 창작의 세계,GATE,6,50,45,17,3,True,exact,3,94.3,0.0,94.3,95.4,95.9,95.9,0.0,0.0,95.4,1.0,0.011,1.0,31.7,2.971,94.3,0.0,True,89.3,0.057,0.405,2,8,1003.314-001 M2752.001000-001 1003.373A-001 1003.354-001 C10.155-001 F31.105L-033,0.028,True
813,생활과학대학,식품영양학과,3학년,생애주기영양학 | 식품재료학 | 영양평가 및 실습 | 식이요법및실험 | 초급한문 1 | 베리타스 강좌 2: 예술과 법,919A,6,16,11,10,3,True,exact,3,128.3,0.0,128.3,138.6,128.3,159.0,0.0,0.0,138.6,10.2,0.074,10.2,35.8,3.587,128.3,0.0,True,109.6,0.172,0.205,3,9,352.326A-001 352.351A-001 M0000.016700-001 352.306-001 V20.101-001 F28.101-008,0.026,True
813,생활과학대학,식품영양학과,3학년,생애주기영양학 | 식품재료학 | 영양평가 및 실습 | 식이요법및실험 | 초급한문 1 | 베리타스 강좌 2: 예술과 법,GATE,6,16,11,10,3,True,exact,3,111.3,0.0,111.3,114.0,111.3,119.5,0.0,0.0,114.0,2.7,0.024,2.7,30.8,3.616,111.3,0.0,True,102.2,0.089,0.313,3,9,352.326A-001 352.351A-001 M0000.016700-001 352.306-001 V20.101-001 F28.101-008,0.02,True
814,사회과학대학,심리학과,4학년,응용실험심리학 | 판단과 의사결정의 심리학 | 물리학실험 2 | 대학 글쓰기 1 | 현대사회와 국제어 | 세계문학과 영문학,919A,6,127,3626,696,1222,True,exact,1222,131.8,0.0,131.8,159.8,160.0,191.4,0.0,0.0,159.8,28.0,0.175,28.0,34.6,3.807,132.0,0.13,False,114.8,0.148,6.494,133,147,207.422-001 M1308.000300-001 C30.141-001 C10.132-001 F33.107L-047 F11.101-030,1.288,True
814,사회과학대학,심리학과,4학년,응용실험심리학 | 판단과 의사결정의 심리학 | 물리학실험 2 | 대학 글쓰기 1 | 현대사회와 국제어 | 세계문학과 영문학,GATE,6,127,3626,696,1222,True,exact,1222,99.9,0.0,99.9,134.7,132.2,178.5,0.0,0.0,134.7,34.8,0.259,34.8,26.9,3.717,99.9,0.0,True,95.3,0.048,5.807,110,123,207.422-001 M1308.000300-001 C30.141-001 C10.132-001 F33.107L-042 F11.101-056,0.916,True
815,자연과학대학,생명과학부,4학년,진화생물학 | 시스템 신경과학 개론 | 면역학 | 중국의 전통과 현대 | 베리타스 강좌 1: 나 찾기-몸·마음·영혼,919A,5,5,1,1,1,False,exact,1,170.8,0.0,170.8,170.8,170.8,170.8,0.0,0.0,170.8,0.0,0.0,0.0,42.8,3.99,170.8,0.0,True,151.6,0.127,0.155,1,6,3346.401-001 M1410.002800-001 3346.403-001 C20.139-001 V10.124-001,0.019,True
815,자연과학대학,생명과학부,4학년,진화생물학 | 시스템 신경과학 개론 | 면역학 | 중국의 전통과 현대 | 베리타스 강좌 1: 나 찾기-몸·마음·영혼,GATE,5,5,1,1,1,False,exact,1,165.0,0.0,165.0,165.0,165.0,165.0,0.0,0.0,165.0,0.0,0.0,0.0,39.5,4.177,165.0,0.0,True,156.6,0.053,0.102,1,6,3346.401-001 M1410.002800-001 3346.403-001 C20.139-001 V10.124-001,0.011,True
816,농업생명과학대학,산림과학부,4학년,산림복원공학 및 실습 | 학술림 연구 및 실습 | 환경재료과학 논문연구 | 불확실성의 세계와 통계학 | 대학 글쓰기 2: 과학기술글쓰기,919A,5,32,28,11,21,True,exact,21,197.7,0.0,197.7,222.3,211.2,235.9,0.0,0.0,222.3,24.6,0.111,24.6,33.1,5.972,197.7,0.0,True,178.1,0.11,0.289,8,13,M1698.002300-002 M1698.001900-002 M1699.000400-001 C40.108-001 F11.203-010,0.041,True
816,농업생명과학대학,산림과학부,4학년,산림복원공학 및 실습 | 학술림 연구 및 실습 | 환경재료과학 논문연구 | 불확실성의 세계와 통계학 | 대학 글쓰기 2: 과학기술글쓰기,GATE,5,32,28,11,21,True,exact,21,164.8,0.0,164.8,175.8,165.6,187.1,0.0,0.0,175.8,11.0,0.063,11.0,33.3,4.952,164.8,0.0,True,158.0,0.043,0.346,8,13,M1698.002300-002 M1698.001900-002 M1699.000400-001 C40.108-001 F11.203-010,0.035,True
817,인문대학,철학과,3학년,심리철학 | 정치·경제·철학을 위한 경제적 분석 | 현대프랑스철학 | 과학철학 | 생물학실험,919A,5,27,23,12,7,True,exact,7,98.2,0.0,98.2,109.9,118.6,118.6,0.0,0.0,109.9,11.6,0.106,11.6,32.6,3.013,98.2,0.0,True,83.7,0.174,0.185,4,9,113.464-001 M3659.000300-001 113.367-001 113.463-001 F35.103L-002,0.019,True
817,인문대학,철학과,3학년,심리철학 | 정치·경제·철학을 위한 경제적 분석 | 현대프랑스철학 | 과학철학 | 생물학실험,GATE,5,27,23,12,7,True,exact,7,133.2,0.0,133.2,146.2,156.0,156.0,0.0,0.0,146.2,13.0,0.089,13.0,33.3,3.998,133.2,0.0,True,125.7,0.059,0.159,4,9,113.464-001 M3659.000300-001 113.367-001 113.463-001 F35.103L-002,0.015,True
818,사회과학대학,경제학부,3학년,국제거시경제론 | 경제학사 | 응용계량경제학 | 산업조직론 | 고급수학 2 | 물리학실험 2,919A,6,56,147,36,54,True,exact,54,176.6,0.0,176.6,187.0,181.4,213.4,0.593,2.6,192.2,10.4,0.056,15.6,51.0,3.462,176.9,0.32,False,157.9,0.118,0.622,12,19,M1314.005900-001 212.316-001 M1314.000100-001 212.317-001 F31.107-003 F33.107L-031,0.074,True
818,사회과학대학,경제학부,3학년,국제거시경제론 | 경제학사 | 응용계량경제학 | 산업조직론 | 고급수학 2 | 물리학실험 2,GATE,6,56,147,36,54,True,exact,54,138.0,0.0,138.0,143.7,141.5,158.4,0.593,2.6,148.8,5.7,0.04,10.9,38.7,3.565,138.7,0.68,False,130.3,0.059,1.056,12,19,M1314.005900-001 212.316-001 M1314.000100-001 212.317-001 F31.107-003 F33.107L-042,0.073,True
819,생활과학대학,의류학과,2학년,의복구성실습 | 의복생리학 및 개인보호복 실험 | 3D 패션스튜디오 | 생물학실험 | 초급중국어 1,919A,5,40,322,168,32,True,exact,32,127.8,0.0,127.8,144.5,147.5,162.7,0.594,25.6,195.6,16.7,0.115,67.8,43.1,2.962,127.8,0.0,True,113.6,0.125,1.072,12,23,M1461.004200-001 M1461.004000-001 M1461.002600-001 F35.103L-013 F25.101-014,0.134,True
819,생활과학대학,의류학과,2학년,의복구성실습 | 의복생리학 및 개인보호복 실험 | 3D 패션스튜디오 | 생물학실험 | 초급중국어 1,GATE,5,40,322,168,32,True,exact,32,111.4,0.0,111.4,120.1,123.7,126.3,0.594,25.6,171.2,8.7,0.072,59.8,33.6,3.319,111.4,0.0,True,105.7,0.054,0.922,12,23,M1461.004200-001 M1461.004000-001 M1461.002600-001 F35.103L-013 F25.101-014,0.097,True
820,농업생명과학대학,식물생산과학부,4학년,조경식물학 및 실습 | 산업인력개발학 학사논문연구 | 원예생명공학 학사논문연구2 | 원예생명공학 학사논문연구1 | 이태리어 2 | 창의적 사고와 표현,919A,6,9,4,4,4,True,exact,4,171.2,0.0,171.2,176.8,173.1,189.6,0.0,0.0,176.8,5.5,0.031,5.5,36.7,4.662,171.2,0.0,True,152.5,0.123,0.264,4,10,5172.405A-001 M1671.001300-001 M2744.000600-001 M2744.000500-001 F29.117-001 F12.103-004,0.025,True
820,농업생명과학대학,식물생산과학부,4학년,조경식물학 및 실습 | 산업인력개발학 학사논문연구 | 원예생명공학 학사논문연구2 | 원예생명공학 학사논문연구1 | 이태리어 2 | 창의적 사고와 표현,GATE,6,9,4,4,4,True,exact,4,145.8,0.0,145.8,161.0,152.5,193.1,0.0,0.0,161.0,15.1,0.094,15.1,33.9,4.302,145.8,0.0,True,140.9,0.035,0.277,4,10,5172.405A-001 M1671.001300-001 M2744.000600-001 M2744.000500-001 F29.117-001 F12.103-003,0.02,True
821,공과대학,산업공학과,4학년,최적화알고리즘 | 금융공학개론 | 기술경영 프로젝트 | 컴퓨팅 기초: 처음 만나는 컴퓨팅 | 알타이민족의 언어 | 수학연습 2,919A,6,68,855,136,421,True,exact,421,179.7,0.0,179.7,219.3,216.1,240.1,0.214,0.1,219.5,39.7,0.181,39.8,42.3,4.251,179.7,0.0,True,163.5,0.099,3.571,36,46,M1505.002000-001 406.433-001 M1540.000300-001 C10.137-001 F37.101-003 F31.105L-004,0.352,True
821,공과대학,산업공학과,4학년,최적화알고리즘 | 금융공학개론 | 기술경영 프로젝트 | 컴퓨팅 기초: 처음 만나는 컴퓨팅 | 알타이민족의 언어 | 수학연습 2,GATE,6,68,855,136,421,True,exact,421,191.1,0.0,191.1,220.7,220.4,234.8,0.214,0.1,220.8,29.5,0.134,29.7,43.4,4.407,191.2,0.1,False,182.8,0.045,2.596,47,57,M1505.002000-001 406.433-001 M1540.000300-001 C10.137-001 F37.101-013 F31.105L-004,0.347,True
822,공과대학,항공우주공학과,4학년,비행동역학및제어 | 전산유체역학 기초 | 국제정치학입문 | 동서문명의 만남과 실크로드 | 생물학,919A,5,10,10,10,5,True,exact,5,173.6,19.4,212.4,215.3,225.4,236.5,1.0,19.4,254.0,41.6,0.193,41.6,68.7,2.529,173.6,0.0,True,155.5,0.117,0.281,5,10,M2795.004500-001 M2795.003500-001 C20.108-001 C30.105-001 F35.103-002,0.054,True
822,공과대학,항공우주공학과,4학년,비행동역학및제어 | 전산유체역학 기초 | 국제정치학입문 | 동서문명의 만남과 실크로드 | 생물학,GATE,5,10,10,10,5,True,exact,5,170.3,19.4,209.1,202.0,214.7,214.9,1.0,19.4,240.8,31.7,0.157,31.7,60.5,2.815,170.3,0.0,True,156.6,0.087,0.271,5,10,M2795.004500-001 M2795.003500-001 C20.108-001 C30.105-001 F35.103-002,0.026,True
823,공과대학,건설환경도시공학부,4학년,공학기술의 응용과 전망 | 국토 및 지역계획 | 한국문학과 여행 | 대학 글쓰기 2: 사회과학글쓰기 | 물리학 2 | 통계학,919A,6,24,264,264,84,True,exact,84,155.2,0.0,155.2,181.2,185.7,210.6,0.0,0.0,181.2,26.1,0.144,26.1,33.0,4.708,155.5,0.3,False,138.4,0.121,1.083,19,28,M2177.008900-001 457.404-001 C10.161-001 F32.102-012 F33.107-009 F11.202-003,0.158,True
823,공과대학,건설환경도시공학부,4학년,공학기술의 응용과 전망 | 국토 및 지역계획 | 한국문학과 여행 | 대학 글쓰기 2: 사회과학글쓰기 | 물리학 2 | 통계학,GATE,6,24,264,264,84,True,exact,84,189.4,0.0,189.4,209.1,204.5,226.6,0.0,0.0,209.1,19.7,0.094,19.7,36.2,5.229,189.4,0.0,True,177.0,0.07,0.951,19,28,M2177.008900-001 457.404-001 C10.161-001 F32.102-004 F33.107-006 F11.202-007,0.14,True
824,인문대학,국어국문학과,2학년,한국고전산문강독 | 한국영상문학론 | 한국현대소설론 | 대학 글쓰기 2: 과학기술글쓰기 | 베리타스 강좌 1: 스포츠로 배우는 경쟁과 협력,919A,5,32,28,11,17,True,exact,17,112.2,0.0,112.2,150.2,165.3,165.5,0.0,0.0,150.2,38.0,0.253,38.0,34.1,3.286,112.2,0.0,True,96.5,0.163,0.252,7,12,101.223-001 101.428-001 101.311A-001 V10.125-001 F11.203-010,0.033,True
824,인문대학,국어국문학과,2학년,한국고전산문강독 | 한국영상문학론 | 한국현대소설론 | 대학 글쓰기 2: 과학기술글쓰기 | 베리타스 강좌 1: 스포츠로 배우는 경쟁과 협력,GATE,5,32,28,11,17,True,exact,17,114.5,0.0,114.5,144.7,162.1,162.7,0.0,0.0,144.7,30.1,0.208,30.1,31.9,3.593,114.5,0.0,True,107.3,0.068,0.231,7,12,101.223-001 101.428-001 101.311A-001 V10.125-001 F11.203-010,0.028,True
825,인문대학,역사학부,1학년,동아시아 문헌과 규장각 | 역사학 세미나 | 한국의 역사가와 역사학 | 기초영어 | 고급수학 2 | 정신건강과 우리의 삶,919A,6,14,21,21,3,True,exact,3,143.6,0.0,143.6,144.4,144.4,145.3,0.0,0.0,144.4,0.9,0.006,0.9,39.3,3.648,143.6,0.0,True,124.0,0.157,0.259,3,9,M3544.001400-001 M3533.000700-001 C20.152-001 C30.150-001 F31.107-003 F21.100-006,0.032,True
825,인문대학,역사학부,1학년,동아시아 문헌과 규장각 | 역사학 세미나 | 한국의 역사가와 역사학 | 기초영어 | 고급수학 2 | 정신건강과 우리의 삶,GATE,6,14,21,21,3,True,exact,3,165.1,0.0,165.1,167.8,165.4,173.0,0.0,0.0,167.8,2.7,0.016,2.7,33.5,4.928,165.1,0.0,True,153.1,0.078,0.395,3,9,M3544.001400-001 M3533.000700-001 C20.152-001 C30.150-001 F31.107-003 F21.100-006,0.024,True
826,생활과학대학,의류학과,3학년,3D 패턴 CAD 및 가상착의 1 | 패션소비자분석 | 의류소재관리 및 실험 | 테크니컬 디자인 | 물리학실험 2,919A,5,53,49,12,22,True,exact,22,139.6,0.0,139.6,146.2,140.6,161.7,0.182,0.5,147.2,6.6,0.045,7.6,45.8,3.047,140.6,0.97,False,121.0,0.154,0.285,5,10,M1461.003500-001 353.337-001 353.328-001 353.435-001 F33.107L-042,0.021,True
826,생활과학대학,의류학과,3학년,3D 패턴 CAD 및 가상착의 1 | 패션소비자분석 | 의류소재관리 및 실험 | 테크니컬 디자인 | 물리학실험 2,GATE,5,53,49,12,22,True,exact,22,91.9,0.0,91.9,96.0,93.1,104.2,0.182,0.5,97.0,4.1,0.043,5.1,33.5,2.748,93.1,1.23,False,86.4,0.064,0.175,5,10,M1461.003500-001 353.337-001 353.328-001 353.435-001 F33.107L-042,0.018,True
827,인문대학,서어서문학과,2학년,중남미문화비평 | 스페인어 문법과 의미 | 중남미문학사 | 중급스페인어회화 | 통계학실험 | 수학 2,919A,6,31,26,14,11,True,exact,11,147.7,0.0,147.7,149.1,147.8,162.5,0.0,0.0,149.1,1.5,0.01,1.5,32.6,4.536,147.7,0.0,True,127.5,0.158,0.316,7,13,107.247-001 M1244.001000-001 107.243-001 107.244-001 F32.102L-017 F31.105-006,0.037,True
827,인문대학,서어서문학과,2학년,중남미문화비평 | 스페인어 문법과 의미 | 중남미문학사 | 중급스페인어회화 | 통계학실험 | 수학 2,GATE,6,31,26,14,11,True,exact,11,157.1,0.0,157.1,159.1,159.4,163.1,0.0,0.0,159.1,2.0,0.013,2.0,30.8,5.106,157.1,0.0,True,148.9,0.055,0.396,7,13,107.247-001 M1244.001000-001 107.243-001 107.244-001 F32.102L-017 F31.105-006,0.033,True
828,미술대학,서양화과,1학년,워크숍: 포트폴리오 | 워크숍: 재료와 도구 | 프랑스어 말하기 | 신입생 세미나 | 대학 글쓰기 1 | 천문학실험 2,919A,6,86,592,464,280,True,exact,280,129.8,0.0,129.8,153.6,152.9,183.4,0.021,0.0,153.7,23.8,0.155,23.9,31.7,4.093,130.9,1.07,False,112.3,0.156,5.722,63,72,M1766.001000-001 M1766.001200-001 F26.302-001 F33.114L-001 E51.101-001 F11.101-070,0.681,True
828,미술대학,서양화과,1학년,워크숍: 포트폴리오 | 워크숍: 재료와 도구 | 프랑스어 말하기 | 신입생 세미나 | 대학 글쓰기 1 | 천문학실험 2,GATE,6,86,592,464,280,True,exact,280,146.1,0.0,146.1,163.4,160.6,189.8,0.021,0.0,163.4,17.3,0.106,17.4,28.1,5.195,146.1,0.0,True,136.2,0.073,5.701,123,133,M1766.001000-001 M1766.001200-001 F26.302-001 F33.114L-001 E51.101-009 F11.101-056,1.109,True
829,자연과학대학,화학부,2학년,기기분석 | 유기화학 2 | 물리화학2 | 무기화학 1: 구조와 결합 | 심리학개론,919A,5,8,4,4,2,False,exact,2,107.1,0.0,107.1,107.1,107.1,107.1,0.0,0.0,107.1,0.0,0.0,0.0,46.7,2.295,107.1,0.0,True,94.5,0.134,0.104,2,7,3343.404-001 3343.206-001 3343.301A-001 M1409.001600-001 E11.146-004,0.014,True
829,자연과학대학,화학부,2학년,기기분석 | 유기화학 2 | 물리화학2 | 무기화학 1: 구조와 결합 | 심리학개론,GATE,5,8,4,4,2,False,exact,2,87.4,0.0,87.4,87.4,87.4,87.4,0.0,0.0,87.4,0.0,0.0,0.0,36.0,2.426,87.4,0.0,True,84.1,0.04,0.091,2,7,3343.404-001 3343.206-001 3343.301A-001 M1409.001600-001 E11.146-003,0.009,True
830,공과대학,기계공학부,1학년,공학수학 3 | 고체역학 | 고급영어: 문학 | 대학 글쓰기 2: 인문학글쓰기 | 수학연습 2,919A,5,71,3600,1020,2318,True,exact,2318,167.2,0.0,167.2,227.3,204.7,299.6,0.621,7.3,242.0,60.1,0.265,74.8,54.5,3.069,167.2,0.0,True,146.7,0.14,5.875,58,83,400.003-001 M2794.001000-001 F21.301-002 F11.201-002 F31.105L-004,1.086,True
830,공과대학,기계공학부,1학년,공학수학 3 | 고체역학 | 고급영어: 문학 | 대학 글쓰기 2: 인문학글쓰기 | 수학연습 2,GATE,5,71,3600,1020,2318,True,exact,2318,190.3,0.0,190.3,250.4,228.1,320.4,0.621,7.3,265.1,60.2,0.24,74.8,58.2,3.267,190.3,0.0,True,173.6,0.096,4.853,43,64,400.003-001 M2794.001000-001 F21.301-004 F11.201-001 F31.105L-004,0.824,True
831,자연과학대학,지구환경과학부,4학년,지구환경과학논문연구 | 해양오염 및 실험 | 자원지질학 및 실험 | 행성지질학 | 부모교육 | 대학 글쓰기 2: 사회과학글쓰기,919A,6,18,33,33,18,True,exact,18,198.5,0.0,198.5,210.3,204.9,234.7,0.167,0.1,210.4,11.8,0.056,12.0,41.0,4.835,198.7,0.24,False,176.4,0.125,0.751,13,21,M1411.000400-001 3345.409A-001 M1411.002200-001 C30.145-001 M1411.002600-002 F11.202-003,0.114,True
831,자연과학대학,지구환경과학부,4학년,지구환경과학논문연구 | 해양오염 및 실험 | 자원지질학 및 실험 | 행성지질학 | 부모교육 | 대학 글쓰기 2: 사회과학글쓰기,GATE,6,18,33,33,18,True,exact,18,157.2,0.0,157.2,171.7,170.1,180.5,0.167,0.1,171.9,14.5,0.084,14.6,33.6,4.674,157.2,0.0,True,150.4,0.046,0.768,14,22,M1411.000400-001 3345.409A-001 M1411.002200-001 C30.145-001 M1411.002600-003 F11.202-011,0.102,True
832,농업생명과학대학,바이오시스템·소재학부,2학년,동역학 | 유체역학 및 기계 | 바이오소재역학 | 바이오열역학 | 인간생활과 경제,919A,5,5,1,1,1,False,exact,1,166.1,0.0,166.1,166.1,166.1,166.1,0.0,0.0,166.1,0.0,0.0,0.0,48.3,3.441,166.1,0.0,True,147.9,0.123,0.064,1,6,5261.222-001 5261.226-001 5262.280A-001 5261.228-001 E11.165-001,0.008,True
832,농업생명과학대학,바이오시스템·소재학부,2학년,동역학 | 유체역학 및 기계 | 바이오소재역학 | 바이오열역학 | 인간생활과 경제,GATE,5,5,1,1,1,False,exact,1,108.3,0.0,108.3,108.3,108.3,108.3,0.0,0.0,108.3,0.0,0.0,0.0,31.0,3.497,108.3,0.0,True,104.8,0.034,0.063,1,6,5261.222-001 5261.226-001 5262.280A-001 5261.228-001 E11.165-001,0.006,True
833,사범대학,체육교육과,2학년,스포츠마케팅 | 스포츠사회학 | 운동학습 및 제어 | 스포츠참여증진 프로그램 개발 및 평가 | 생물학실험 | 화학실험,919A,6,41,322,132,78,True,exact,78,135.4,6.8,148.9,174.6,173.2,194.8,0.103,0.7,176.0,39.2,0.225,27.1,53.8,2.519,135.4,0.0,True,121.6,0.114,0.754,14,24,722.447-001 722.329A-001 M1886.004200-001 M1886.001600-001 F34.103L-021 F35.103L-001,0.095,True
833,사범대학,체육교육과,2학년,스포츠마케팅 | 스포츠사회학 | 운동학습 및 제어 | 스포츠참여증진 프로그램 개발 및 평가 | 생물학실험 | 화학실험,GATE,6,41,322,132,78,True,exact,78,72.2,0.0,72.2,92.9,96.5,101.8,0.103,0.7,94.3,20.6,0.222,22.0,35.7,2.023,72.2,0.0,True,68.4,0.056,0.685,15,25,722.447-001 722.329A-001 M1886.004200-001 M1886.001600-001 F34.103L-019 F35.103L-020,0.094,True
834,치의학대학원,치의학과,2학년,기초의학통계학 및 실험 | 치의학 사회공헌 프로젝트 | 베리타스 강좌 1: 인간과 동물 | 대학 글쓰기 1 | 말하기와 토론,919A,5,83,444,348,85,True,exact,85,116.8,0.0,116.8,140.1,144.3,161.5,0.0,0.0,140.1,23.3,0.166,23.3,44.5,2.626,116.8,0.0,True,102.2,0.142,1.458,24,29,883.016-002 M2839.001100-001 V10.104-001 F12.102-005 F11.101-068,0.213,True
834,치의학대학원,치의학과,2학년,기초의학통계학 및 실험 | 치의학 사회공헌 프로젝트 | 베리타스 강좌 1: 인간과 동물 | 대학 글쓰기 1 | 말하기와 토론,GATE,5,83,444,348,85,True,exact,85,91.9,0.0,91.9,113.9,111.7,141.9,0.0,0.0,113.9,22.0,0.193,22.0,31.5,2.918,91.9,0.0,True,85.9,0.07,2.072,39,45,883.016-002 M2839.001100-001 V10.104-001 F12.102-006 F11.101-064,0.26,True
835,인문대학,서어서문학과,4학년,영화 비평 세미나 | 스페인어학연습 2 | 라틴아메리카 영화와 현대사회 | 스페인문학특강 | 스페인어권명작의 이해,919A,5,5,1,1,1,False,exact,1,117.4,0.0,117.4,117.4,117.4,117.4,0.0,0.0,117.4,0.0,0.0,0.0,24.3,4.837,117.4,0.0,True,99.0,0.186,0.111,1,6,M3699.000300-001 107.413B-001 107.437A-001 107.427A-001 C10.134-001,0.01,True
835,인문대학,서어서문학과,4학년,영화 비평 세미나 | 스페인어학연습 2 | 라틴아메리카 영화와 현대사회 | 스페인문학특강 | 스페인어권명작의 이해,GATE,5,5,1,1,1,False,exact,1,151.3,0.0,151.3,151.3,151.3,151.3,0.0,0.0,151.3,0.0,0.0,0.0,27.0,5.605,151.3,0.0,True,143.2,0.057,0.074,1,6,M3699.000300-001 107.413B-001 107.437A-001 107.427A-001 C10.134-001,0.008,True
836,인문대학,언어학과,2학년,통사론 | 역사비교언어학 | 음운론 | 인문데이터 수량분석 | 수학연습 2,919A,5,49,45,17,45,True,exact,45,95.7,0.0,95.7,114.1,114.7,122.0,0.0,0.0,114.1,18.4,0.161,18.4,31.4,3.044,95.7,0.0,True,81.8,0.169,0.626,15,20,108.315-001 108.312-001 108.208-001 M2911.000200-001 F31.105L-033,0.09,True
836,인문대학,언어학과,2학년,통사론 | 역사비교언어학 | 음운론 | 인문데이터 수량분석 | 수학연습 2,GATE,5,49,45,17,45,True,exact,45,137.5,0.0,137.5,159.9,161.4,167.5,0.0,0.0,159.9,22.4,0.14,22.4,32.5,4.237,137.5,0.0,True,128.0,0.075,0.58,17,22,108.315-001 108.312-001 108.208-001 M2911.000200-001 F31.105L-033,0.087,True
837,음악대학,음악학과,2학년,음악 진로 탐색 | 서양음악사문헌 2 | 스크린 스코어링 | 심리학개론 | 경제학개론 | 대학 글쓰기 1,919A,6,83,592,464,70,True,exact,70,113.6,0.0,113.6,122.2,120.0,147.8,0.0,0.0,122.2,8.5,0.07,8.5,24.9,4.556,113.6,0.0,True,96.9,0.173,1.811,24,31,M2183.008300-001 6522.2257-001 M3535.001600-001 E11.103-001 E11.146-003 F11.101-078,0.233,True
837,음악대학,음악학과,2학년,음악 진로 탐색 | 서양음악사문헌 2 | 스크린 스코어링 | 심리학개론 | 경제학개론 | 대학 글쓰기 1,GATE,6,83,592,464,70,True,exact,70,81.8,0.0,81.8,99.2,96.8,126.1,0.0,0.0,99.2,17.4,0.175,17.4,21.7,3.771,81.8,0.0,True,75.9,0.078,1.682,21,28,M2183.008300-001 6522.2257-001 M3535.001600-001 E11.103-001 E11.146-003 F11.101-031,0.234,True
838,치의학대학원,치의학과,2학년,치의학 사회공헌 프로젝트 | 기초의학통계학 및 실험 | 미적분학의 첫걸음 | 철학개론 | 대학영어 1,919A,5,62,220,216,32,True,exact,32,165.2,10.3,185.9,169.5,171.0,173.4,1.0,10.3,190.1,4.3,0.025,4.3,57.0,2.896,165.2,0.0,True,144.9,0.14,1.568,32,38,M2839.001100-001 883.016-002 F31.108-001 C20.141-003 F21.101-032,0.213,True
838,치의학대학원,치의학과,2학년,치의학 사회공헌 프로젝트 | 기초의학통계학 및 실험 | 미적분학의 첫걸음 | 철학개론 | 대학영어 1,GATE,5,62,220,216,32,True,exact,32,153.4,10.3,174.0,157.9,156.2,163.2,1.0,10.3,178.5,4.5,0.028,4.5,40.4,3.793,153.4,0.0,True,145.3,0.055,1.601,32,38,M2839.001100-001 883.016-002 F31.108-001 C20.141-003 F21.101-034,0.423,True
839,공과대학,컴퓨터공학부,1학년,프로그래밍연습 | 컴퓨팅 살펴보기 | 논리학 | 인공지능과 철학 | 인물로 본 한국사,919A,5,11,20,20,3,True,exact,3,184.7,0.0,184.7,202.1,188.7,233.0,0.333,12.3,226.8,17.5,0.086,42.2,54.0,3.422,184.7,0.0,True,163.6,0.129,0.251,3,8,4190.103A-001 M1522.007600-001 C40.126-001 C20.132-003 C20.106-005,0.038,True
839,공과대학,컴퓨터공학부,1학년,프로그래밍연습 | 컴퓨팅 살펴보기 | 논리학 | 인공지능과 철학 | 인물로 본 한국사,GATE,5,11,20,20,3,True,exact,3,215.0,0.0,215.0,233.6,221.7,264.1,0.333,12.3,258.3,18.6,0.08,43.3,60.6,3.545,215.0,0.0,True,196.3,0.095,0.239,3,8,4190.103A-001 M1522.007600-001 C40.126-001 C20.132-003 C20.106-005,0.023,True
840,약학대학,약학대학,4학년,유용천연물소재학 | 약학실습 8 | 약학실습 7 | 의약화학 2 (심화) | 베리타스 강좌 1: 현대의학과 종교의 대화 | 말하기와 토론,919A,6,11,6,6,4,True,exact,4,91.7,0.0,91.7,111.5,109.5,135.4,0.0,0.0,111.5,19.9,0.178,19.9,30.7,2.982,91.7,0.0,True,81.3,0.127,0.206,4,10,M2175.008900-001 M2175.014000-001 M2175.013900-001 M2175.009000-001 V10.119-001 F12.102-001,0.03,True
840,약학대학,약학대학,4학년,유용천연물소재학 | 약학실습 8 | 약학실습 7 | 의약화학 2 (심화) | 베리타스 강좌 1: 현대의학과 종교의 대화 | 말하기와 토론,GATE,6,11,6,6,4,True,exact,4,114.3,0.0,114.3,138.5,136.0,167.6,0.0,0.0,138.5,24.2,0.175,24.2,36.2,3.161,114.3,0.0,True,105.3,0.085,0.213,4,10,M2175.008900-001 M2175.014000-001 M2175.013900-001 M2175.009000-001 V10.119-001 F12.102-001,0.02,True
841,인문대학,영어영문학과,3학년,근대영시 | 영문학과 몸 | 영어의미의 이해 | 동물의 생리와 생존 전략 | 논리학 | 물리학실험 2,919A,6,58,245,60,78,True,exact,78,140.0,0.0,140.0,147.7,142.5,168.2,0.308,1.8,151.3,7.7,0.052,11.2,55.1,2.539,140.0,0.03,True,122.8,0.14,0.676,10,18,M1236.006300-001 M1236.005900-001 M1236.003400-001 E12.114-001 C20.106-005 F33.107L-042,0.107,True
841,인문대학,영어영문학과,3학년,근대영시 | 영문학과 몸 | 영어의미의 이해 | 동물의 생리와 생존 전략 | 논리학 | 물리학실험 2,GATE,6,58,245,60,78,True,exact,78,146.3,0.0,146.3,160.0,156.4,192.4,0.308,1.8,163.6,13.7,0.086,17.3,45.2,3.238,146.7,0.38,False,137.7,0.062,0.557,10,17,M1236.006300-001 M1236.005900-001 M1236.003400-001 E12.114-001 C20.106-005 F33.107L-042,0.096,True
842,공과대학,컴퓨터공학부,2학년,컴퓨터프로그래밍 | 전기전자회로 | 프로그래밍의 원리 | 컴퓨터구조 | 슬라브 전설과 유산 | 라틴어 1,919A,6,11,6,6,4,True,exact,4,250.9,9.3,269.6,304.2,306.4,353.1,1.0,14.3,332.7,53.3,0.175,63.1,58.5,4.288,250.9,0.0,True,223.3,0.124,0.281,4,10,M1522.000600-001 4190.206A-001 4190.210-001 4190.308-001 E11.210-001 F29.103-004,0.036,True
842,공과대학,컴퓨터공학부,2학년,컴퓨터프로그래밍 | 전기전자회로 | 프로그래밍의 원리 | 컴퓨터구조 | 슬라브 전설과 유산 | 라틴어 1,GATE,6,11,6,6,4,True,exact,4,294.5,9.3,313.2,344.6,343.7,396.7,1.0,14.3,373.1,50.1,0.145,60.0,65.4,4.5,294.5,0.0,True,264.0,0.116,0.265,4,10,M1522.000600-001 4190.206A-001 4190.210-001 4190.308-001 E11.210-001 F29.103-004,0.026,True
843,사회과학대학,경제학부,1학년,경제원론 1 | 경제원론 2 | 대학 글쓰기 1 | 영미 대중소설의 이해 | 독일어권 문화의 이해,919A,5,85,3996,3132,572,True,exact,572,93.9,0.0,93.9,153.8,158.6,204.8,0.353,0.4,154.5,60.0,0.39,60.7,23.1,4.065,93.9,0.0,True,80.5,0.166,3.776,51,68,C10.140-001 200.105-001 200.106-002 C30.109-003 F11.101-031,0.605,True
843,사회과학대학,경제학부,1학년,경제원론 1 | 경제원론 2 | 대학 글쓰기 1 | 영미 대중소설의 이해 | 독일어권 문화의 이해,GATE,5,85,3996,3132,572,True,exact,572,83.3,0.0,83.3,156.8,168.6,214.1,0.353,0.4,157.5,73.5,0.469,74.2,18.7,4.463,83.3,0.0,True,78.3,0.063,3.842,54,72,C10.140-001 200.105-001 200.106-002 C30.109-003 F11.101-063,0.615,True
844,농업생명과학대학,바이오시스템·소재학부,2학년,기능성바이오소재 | 바이오소재역학 | 생체분자개론 | 동역학 | 서양미술의 이해,919A,5,5,1,1,1,False,exact,1,157.5,0.0,157.5,157.5,157.5,157.5,0.0,0.0,157.5,0.0,0.0,0.0,48.5,3.246,157.5,0.0,True,141.4,0.113,0.074,1,6,5262.470-001 5262.280A-001 5261.223C-001 5261.222-001 E11.138-001,0.011,True
844,농업생명과학대학,바이오시스템·소재학부,2학년,기능성바이오소재 | 바이오소재역학 | 생체분자개론 | 동역학 | 서양미술의 이해,GATE,5,5,1,1,1,False,exact,1,106.8,0.0,106.8,106.8,106.8,106.8,0.0,0.0,106.8,0.0,0.0,0.0,33.4,3.195,106.8,0.0,True,103.7,0.029,0.061,1,6,5262.470-001 5262.280A-001 5261.223C-001 5261.222-001 E11.138-001,0.006,True
845,약학대학,약학대학,2학년,의약품개발사 | 비판적 심화탐구 | 생화학 2 | 심화 물리약학 | 조선의 역사적 성취와 유산,919A,5,6,2,2,1,False,exact,1,111.8,0.0,111.8,111.8,111.8,111.8,0.0,0.0,111.8,0.0,0.0,0.0,29.9,3.738,111.8,0.0,True,98.4,0.136,0.075,1,6,M2175.005100-001 M2175.004900-001 M2175.004500-001 M2175.004800-001 C20.135-002,0.011,True
845,약학대학,약학대학,2학년,의약품개발사 | 비판적 심화탐구 | 생화학 2 | 심화 물리약학 | 조선의 역사적 성취와 유산,GATE,5,6,2,2,1,False,exact,1,141.1,0.0,141.1,141.1,141.1,141.1,0.0,0.0,141.1,0.0,0.0,0.0,35.1,4.019,141.1,0.0,True,130.1,0.084,0.078,1,6,M2175.005100-001 M2175.004900-001 M2175.004500-001 M2175.004800-001 C20.135-002,0.007,True
846,농업생명과학대학,바이오시스템·소재학부,4학년,고분자재료 및 공정 | 기계학습 기초 및 바이오시스템공학 응용 | 바이오소재기기분석 | 바이오시스템공학 심화 연구 1 | 모든 순간의 물리학,919A,5,5,1,1,1,False,exact,1,200.0,0.0,200.0,200.0,200.0,200.0,0.0,0.0,200.0,0.0,0.0,0.0,43.1,4.638,200.0,0.0,True,181.8,0.1,0.076,1,6,5262.364A-001 M1704.001000-001 5262.477A-001 M1704.001300-001 C40.137-001,0.012,True
846,농업생명과학대학,바이오시스템·소재학부,4학년,고분자재료 및 공정 | 기계학습 기초 및 바이오시스템공학 응용 | 바이오소재기기분석 | 바이오시스템공학 심화 연구 1 | 모든 순간의 물리학,GATE,5,5,1,1,1,False,exact,1,167.3,0.0,167.3,167.3,167.3,167.3,0.0,0.0,167.3,0.0,0.0,0.0,35.6,4.695,167.3,0.0,True,161.5,0.036,0.076,1,6,5262.364A-001 M1704.001000-001 5262.477A-001 M1704.001300-001 C40.137-001,0.009,True
847,자연과학대학,자연과학대학,2학년,테크노사이언스의 역사와 철학 | 과학기술과 법 | 과학과 근대사회 | 대학 글쓰기 1 | 대학영어 1,919A,5,132,4070,3132,589,True,exact,589,168.9,0.4,169.8,189.4,180.8,207.7,0.153,0.1,189.7,20.5,0.108,19.9,31.9,5.3,168.9,0.0,True,148.8,0.135,11.986,275,296,300.306-001 300.307-001 300.302-001 F21.101-055 F11.101-019,1.866,True
847,자연과학대학,자연과학대학,2학년,테크노사이언스의 역사와 철학 | 과학기술과 법 | 과학과 근대사회 | 대학 글쓰기 1 | 대학영어 1,GATE,5,132,4070,3132,589,True,exact,589,138.6,0.0,138.6,151.8,149.0,186.4,0.153,0.1,152.0,13.2,0.087,13.4,27.1,5.122,138.6,0.0,True,133.1,0.042,8.832,66,85,300.306-001 300.307-001 300.302-001 F21.101-002 F11.101-048,1.444,True
848,인문대학,역사학부,4학년,미국사 | 서양사특강 | 일본사특강 | 동아시아역사고전독해 | 이태리어 2 | 수학연습 2,919A,6,50,45,17,16,True,exact,16,117.8,0.0,117.8,119.6,118.3,125.7,0.0,0.0,119.6,1.8,0.015,1.8,33.6,3.503,117.8,0.0,True,101.0,0.167,0.416,7,13,M3546.000200-001 M3546.001700-001 M3545.000700-002 M3545.002200-002 F29.117-001 F31.105L-016,0.064,True
848,인문대학,역사학부,4학년,미국사 | 서양사특강 | 일본사특강 | 동아시아역사고전독해 | 이태리어 2 | 수학연습 2,GATE,6,50,45,17,16,True,exact,16,164.1,0.0,164.1,166.0,165.7,169.4,0.0,0.0,166.0,1.9,0.011,1.9,34.1,4.807,164.1,0.0,True,153.6,0.068,0.373,7,13,M3546.000200-001 M3546.001700-001 M3545.000700-002 M3545.002200-002 F29.117-001 F31.105L-016,0.049,True
849,인문대학,불어불문학과,1학년,프랑스어의 말소리와 어휘 | 프랑스어 연습 1 | 대학영어 2: 말하기 | 직업세계의 이해와 진로설계 | 인물로 본 한국사 | 과학의 철학적 이해,919A,6,19,48,44,12,True,exact,12,123.4,0.0,123.4,150.0,141.2,171.1,0.0,0.0,150.0,26.6,0.177,26.6,42.8,2.885,123.4,0.0,True,108.9,0.133,0.827,11,19,M1239.001200-001 M1239.000800-001 E11.175-001 C20.132-001 C40.103-002 F21.202-012,0.129,True
849,인문대학,불어불문학과,1학년,프랑스어의 말소리와 어휘 | 프랑스어 연습 1 | 대학영어 2: 말하기 | 직업세계의 이해와 진로설계 | 인물로 본 한국사 | 과학의 철학적 이해,GATE,6,19,48,44,12,True,exact,12,107.6,0.0,107.6,147.6,141.0,165.4,0.0,0.0,147.6,40.0,0.271,40.0,31.3,3.437,107.6,0.0,True,101.9,0.056,0.613,11,19,M1239.001200-001 M1239.000800-001 E11.175-001 C20.132-001 C40.103-002 F21.202-012,0.088,True
850,사범대학,국어교육과,4학년,국어교육세미나 | 한국구비문학교육론 | 국어의미화용교육론 | 대학 글쓰기 1 | 초급프랑스어 1,919A,5,86,666,522,203,True,exact,203,85.5,0.0,85.5,108.3,107.8,140.8,0.0,0.0,108.3,22.7,0.21,22.7,19.5,4.385,85.5,0.0,True,72.4,0.181,3.321,46,54,705.423-001 705.419-001 705.418B-001 F26.101-002 F11.101-078,0.462,True
850,사범대학,국어교육과,4학년,국어교육세미나 | 한국구비문학교육론 | 국어의미화용교육론 | 대학 글쓰기 1 | 초급프랑스어 1,GATE,5,86,666,522,203,True,exact,203,131.6,0.0,131.6,154.9,158.7,187.5,0.0,0.0,154.9,23.4,0.151,23.4,23.6,5.584,131.8,0.25,False,122.8,0.072,3.336,57,65,705.423-001 705.419-001 705.418B-001 F26.101-004 F11.101-047,0.51,True
851,미술대학,서양화과,2학년,한국근현대미술사 | 사진: 픽셀과 플랫폼 | 볼록판화 | 드로잉: 언어와 이미지 | 초급한문 1,919A,5,15,11,10,8,True,exact,8,122.0,0.0,122.0,128.6,127.2,143.9,0.0,0.0,128.6,6.6,0.051,6.6,29.9,4.085,122.0,0.0,True,104.0,0.173,0.268,7,12,M1766.000400-001 M1766.002600-001 M1766.003200-001 M1766.001800-001 F28.101-006,0.045,True
851,미술대학,서양화과,2학년,한국근현대미술사 | 사진: 픽셀과 플랫폼 | 볼록판화 | 드로잉: 언어와 이미지 | 초급한문 1,GATE,5,15,11,10,8,True,exact,8,108.3,0.0,108.3,121.1,116.8,136.8,0.0,0.0,121.1,12.8,0.106,12.8,27.6,3.919,108.3,0.0,True,100.1,0.082,0.455,7,12,M1766.000400-001 M1766.002600-001 M1766.003200-001 M1766.001800-001 F28.101-006,0.031,True
852,인문대학,미학과,2학년,독일미학 | 동양미학개론 | 조형예술미학 | 매체미학 | 라틴아메리카 문학과 사회 | 고급수학 2,919A,6,8,3,3,1,False,exact,1,135.6,0.0,135.6,135.6,135.6,135.6,0.0,0.0,135.6,0.0,0.0,0.0,40.6,3.339,135.6,0.0,True,118.6,0.143,0.157,1,7,M1262.001200-001 M1262.000400-001 115.215A-001 M1262.000500-001 C30.111-001 F31.107-003,0.021,True
852,인문대학,미학과,2학년,독일미학 | 동양미학개론 | 조형예술미학 | 매체미학 | 라틴아메리카 문학과 사회 | 고급수학 2,GATE,6,8,3,3,1,False,exact,1,132.0,0.0,132.0,132.0,132.0,132.0,0.0,0.0,132.0,0.0,0.0,0.0,32.8,4.019,132.0,0.0,True,124.0,0.064,0.142,1,7,M1262.001200-001 M1262.000400-001 115.215A-001 M1262.000500-001 C30.111-001 F31.107-003,0.015,True
853,생활과학대학,소비자아동학부,1학년,소비자행태론 | 보육학개론 | 창의와 탐구: AI와 데이터 과학으로 만나는 인문-사회 과학 | 세계문학과 영문학 | 수학 2,919A,5,30,26,14,5,True,exact,5,129.1,1.5,132.1,132.6,132.4,136.8,1.0,2.9,138.4,3.5,0.026,6.4,43.1,2.995,129.1,0.0,True,112.7,0.146,0.209,3,8,357.204-001 357.209B-001 E32.106-001 C10.132-001 F31.105-023,0.026,True
853,생활과학대학,소비자아동학부,1학년,소비자행태론 | 보육학개론 | 창의와 탐구: AI와 데이터 과학으로 만나는 인문-사회 과학 | 세계문학과 영문학 | 수학 2,GATE,5,30,26,14,5,True,exact,5,137.7,1.5,140.6,142.5,142.0,148.9,1.0,2.9,148.4,4.8,0.034,7.8,35.0,3.935,137.7,0.0,True,129.6,0.062,0.212,3,8,357.204-001 357.209B-001 E32.106-001 C10.132-001 F31.105-023,0.019,True
854,자연과학대학,지구환경과학부,2학년,기초유체역학 | 지구환경 데이터과학 | 생물해양학 및 실험 | 탄소중립과 기후위기 | 사상과 윤리,919A,5,7,3,3,1,False,exact,1,108.7,0.0,108.7,108.7,108.7,108.7,0.0,0.0,108.7,0.0,0.0,0.0,31.6,3.437,108.7,0.0,True,95.3,0.14,0.103,1,6,300.230-001 M1411.003300-001 3345.315-001 M1411.006800-001 C20.117-001,0.015,True
854,자연과학대학,지구환경과학부,2학년,기초유체역학 | 지구환경 데이터과학 | 생물해양학 및 실험 | 탄소중립과 기후위기 | 사상과 윤리,GATE,5,7,3,3,1,False,exact,1,130.0,0.0,130.0,130.0,130.0,130.0,0.0,0.0,130.0,0.0,0.0,0.0,34.5,3.775,130.0,0.0,True,122.9,0.058,0.095,1,6,300.230-001 M1411.003300-001 3345.315-001 M1411.006800-001 C20.117-001,0.011,True
855,인문대학,종교학과,3학년,종교와 젠더 | 종교 교재 연구 및 지도법 | 유교개론 | 종교철학 | 대학 글쓰기 2: 과학기술글쓰기 | 글로벌 이슈와 윤리적 사고,919A,6,33,28,11,12,True,exact,12,116.5,0.0,116.5,140.8,143.0,143.0,0.0,0.0,140.8,24.2,0.172,24.2,23.6,4.931,116.5,0.0,True,102.7,0.134,0.347,5,11,M1261.001200-001 114.327-001 114.213-001 114.302-001 C30.106-001 F11.203-021,0.051,True
855,인문대학,종교학과,3학년,종교와 젠더 | 종교 교재 연구 및 지도법 | 유교개론 | 종교철학 | 대학 글쓰기 2: 과학기술글쓰기 | 글로벌 이슈와 윤리적 사고,GATE,6,33,28,11,12,True,exact,12,160.9,0.0,160.9,184.5,186.7,186.7,0.0,0.0,184.5,23.6,0.128,23.6,32.6,4.93,160.9,0.0,True,150.9,0.066,0.45,5,11,M1261.001200-001 114.327-001 114.213-001 114.302-001 C30.106-001 F11.203-021,0.037,True
856,사범대학,교직연합전공 통합사회,3학년,통합사회교과교육론 | 통합사회교과 교재 및 연구법 | 수학 2 | 인간관계의 심리학 | 대학영어 1,919A,5,87,5720,3024,378,True,exact,378,126.9,0.0,126.9,147.3,150.2,171.3,0.167,0.3,148.0,20.5,0.139,21.1,40.4,3.143,126.9,0.0,True,110.0,0.154,5.753,72,95,M1855.000600-001 M1855.000700-001 E11.163-004 F31.105-006 F21.101-028,0.861,True
856,사범대학,교직연합전공 통합사회,3학년,통합사회교과교육론 | 통합사회교과 교재 및 연구법 | 수학 2 | 인간관계의 심리학 | 대학영어 1,GATE,5,87,5720,3024,378,True,exact,378,123.1,0.0,123.1,145.0,150.7,161.9,0.167,0.3,145.7,21.9,0.151,22.5,35.0,3.514,123.1,0.0,True,115.6,0.065,5.41,41,64,M1855.000600-001 M1855.000700-001 E11.163-002 F31.105-006 F21.101-028,0.78,True
857,사범대학,윤리교육과,3학년,정치사상교육론 | 한국윤리사상 | 도덕가치교육론 | 동양인성론과 동양우주론 | 수학 2 | 창작의 세계,919A,6,31,26,14,13,True,exact,13,139.6,0.0,139.6,141.2,140.2,155.1,0.077,0.0,141.3,1.6,0.011,1.7,34.2,4.085,139.6,0.0,True,121.8,0.146,0.489,7,13,714.414A-001 714.306-001 714.319A-001 714.334-001 C10.155-001 F31.105-023,0.056,True
857,사범대학,윤리교육과,3학년,정치사상교육론 | 한국윤리사상 | 도덕가치교육론 | 동양인성론과 동양우주론 | 수학 2 | 창작의 세계,GATE,6,31,26,14,13,True,exact,13,178.3,0.0,178.3,182.0,182.5,182.5,0.077,0.0,182.1,3.6,0.02,3.7,37.0,4.815,178.3,0.0,True,166.7,0.07,0.344,7,13,714.414A-001 714.306-001 714.319A-001 714.334-001 C10.155-001 F31.105-023,0.039,True
858,사범대학,체육교육과,4학년,스포츠의학 | 스포츠공학 개론 | 장애유형별 특수체육원리 | 체육교재연구및지도법 | 서양미술의 이해,919A,5,5,1,1,1,False,exact,1,152.5,0.0,152.5,152.5,152.5,152.5,0.0,0.0,152.5,0.0,0.0,0.0,40.6,3.753,152.5,0.0,True,133.6,0.141,0.061,1,6,M1886.003300-001 M1886.000400-001 722.454-001 722.401A-001 E11.138-001,0.007,True
858,사범대학,체육교육과,4학년,스포츠의학 | 스포츠공학 개론 | 장애유형별 특수체육원리 | 체육교재연구및지도법 | 서양미술의 이해,GATE,5,5,1,1,1,False,exact,1,61.1,0.0,61.1,61.1,61.1,61.1,0.0,0.0,61.1,0.0,0.0,0.0,20.3,3.013,61.1,0.0,True,57.0,0.073,0.058,1,6,M1886.003300-001 M1886.000400-001 722.454-001 722.401A-001 E11.138-001,0.006,True
859,사범대학,체육교육과,4학년,체육교재연구및지도법 | 장애유형별 특수체육원리 | 스포츠공학 개론 | 스포츠의학 | 서양철학의 이해,919A,5,7,3,3,1,False,exact,1,171.0,0.0,171.0,171.0,171.0,171.0,0.0,0.0,171.0,0.0,0.0,0.0,41.9,4.078,171.0,0.0,True,151.4,0.13,0.097,1,6,722.401A-001 722.454-001 M1886.000400-001 M1886.003300-001 C20.123-003,0.013,True
859,사범대학,체육교육과,4학년,체육교재연구및지도법 | 장애유형별 특수체육원리 | 스포츠공학 개론 | 스포츠의학 | 서양철학의 이해,GATE,5,7,3,3,1,False,exact,1,106.8,0.0,106.8,106.8,106.8,106.8,0.0,0.0,106.8,0.0,0.0,0.0,34.1,3.132,106.8,0.0,True,99.0,0.079,0.093,1,6,722.401A-001 722.454-001 M1886.000400-001 M1886.003300-001 C20.123-003,0.009,True
860,사범대학,화학교육과,3학년,무기화학 2 | 물리화학실험 | 과학논리 및 논술 | 화학교재연구 및 지도법 | 창조와 디자인,919A,5,6,2,2,2,True,exact,2,91.8,0.0,91.8,99.5,99.5,107.3,0.0,0.0,99.5,7.8,0.078,7.8,34.8,2.64,91.8,0.0,True,79.2,0.158,0.106,2,7,718.312-001 718.319-001 718.419-001 E11.178-001 700.401A-001,0.016,True
860,사범대학,화학교육과,3학년,무기화학 2 | 물리화학실험 | 과학논리 및 논술 | 화학교재연구 및 지도법 | 창조와 디자인,GATE,5,6,2,2,2,True,exact,2,145.3,0.0,145.3,152.6,152.6,159.9,0.0,0.0,152.6,7.3,0.048,7.3,33.8,4.295,145.3,0.0,True,134.1,0.083,0.095,2,7,718.312-001 718.319-001 718.419-001 E11.178-001 700.401A-001,0.011,True
861,사범대학,사회교육과,2학년,사회과학방법론 | 사회와철학 | 시민경제교육과시장경제 | 사회와 법률 | 이태리어 2,919A,5,5,1,1,1,False,exact,1,63.6,0.0,63.6,63.6,63.6,63.6,0.0,0.0,63.6,0.0,0.0,0.0,22.8,2.798,63.6,0.0,True,54.0,0.178,0.055,1,6,711.479-001 711.261-001 711.385-001 M1855.001700-001 F29.117-001,0.01,True
861,사범대학,사회교육과,2학년,사회과학방법론 | 사회와철학 | 시민경제교육과시장경제 | 사회와 법률 | 이태리어 2,GATE,5,5,1,1,1,False,exact,1,100.3,0.0,100.3,100.3,100.3,100.3,0.0,0.0,100.3,0.0,0.0,0.0,32.4,3.095,100.3,0.0,True,93.5,0.073,0.056,1,6,711.479-001 711.261-001 711.385-001 M1855.001700-001 F29.117-001,0.006,True
862,농업생명과학대학,농업생명과학대학,1학년,식물생산과학개론 | 조경·지역시스템공학개론 | 예술의 가치와 비평 | 대학영어 2: 글쓰기 | 역사와 역사 재현 | 베리타스 강좌 1: 도시와 예술,919A,6,28,84,80,14,True,exact,14,136.1,0.0,136.1,149.4,141.6,164.7,0.0,0.0,149.4,13.3,0.089,13.3,38.1,3.571,136.1,0.0,True,120.9,0.126,0.845,14,21,500.171-001 500.173-001 V10.120-001 C20.129-002 C20.127-002 F21.201-015,0.112,True
862,농업생명과학대학,농업생명과학대학,1학년,식물생산과학개론 | 조경·지역시스템공학개론 | 예술의 가치와 비평 | 대학영어 2: 글쓰기 | 역사와 역사 재현 | 베리타스 강좌 1: 도시와 예술,GATE,6,28,84,80,14,True,exact,14,149.8,0.0,149.8,152.5,151.8,156.5,0.0,0.0,152.5,2.7,0.018,2.7,31.5,4.757,149.8,0.0,True,142.6,0.05,1.041,14,21,500.171-001 500.173-001 V10.120-001 C20.129-002 C20.127-002 F21.201-015,0.09,True
863,자연과학대학,자연과학대학,2학년,테크노사이언스의 역사와 철학 | 과학기술과 법 | 과학과 근대사회 | 수학연습 2 | 공학수학 1,919A,5,53,225,85,93,True,exact,93,201.9,0.0,201.9,203.1,203.0,205.1,0.0,0.0,203.1,1.3,0.006,1.3,40.4,5.001,201.9,0.0,True,181.1,0.115,1.04,36,43,300.306-001 300.307-001 300.302-001 F31.201-001 F31.105L-004,0.16,True
863,자연과학대학,자연과학대학,2학년,테크노사이언스의 역사와 철학 | 과학기술과 법 | 과학과 근대사회 | 수학연습 2 | 공학수학 1,GATE,5,53,225,85,93,True,exact,93,151.6,0.0,151.6,156.5,155.6,160.8,0.0,0.0,156.5,4.9,0.031,4.9,29.9,5.078,151.6,0.0,True,146.2,0.037,1.073,35,42,300.306-001 300.307-001 300.302-001 F31.201-001 F31.105L-010,0.152,True
864,공과대학,기계공학부,4학년,미래자동차공학 | 미래자동차 에너지 시스템 설계 | 적층제조 | 수소에너지 실험 | 물리학실험 2,919A,5,53,49,12,21,True,exact,21,236.8,0.0,236.8,244.1,236.8,262.4,0.381,3.2,250.6,7.3,0.03,13.8,62.7,3.778,236.8,0.0,True,212.3,0.115,0.181,5,10,M3228.002100-001 M3228.003100-001 M3228.003700-001 M3228.003300-001 F33.107L-040,0.022,True
864,공과대학,기계공학부,4학년,미래자동차공학 | 미래자동차 에너지 시스템 설계 | 적층제조 | 수소에너지 실험 | 물리학실험 2,GATE,5,53,49,12,21,True,exact,21,273.5,0.0,273.5,281.3,273.5,300.8,0.381,3.2,287.8,7.8,0.028,14.3,61.4,4.454,273.5,0.0,True,246.4,0.11,0.174,5,10,M3228.002100-001 M3228.003100-001 M3228.003700-001 M3228.003300-001 F33.107L-040,0.018,True
865,인문대학,아시아언어문명학부,2학년,이슬람문명의 기원과 전개 | 동남아시아의 전통예술과 대중문화 | 아시아문명교류사 | 일본 전통 문화와 예술 | 베리타스 강좌 1: 우리 안의 민속문화,919A,5,5,1,1,1,False,exact,1,96.2,0.0,96.2,96.2,96.2,96.2,0.0,0.0,96.2,0.0,0.0,0.0,29.5,3.263,96.2,0.0,True,82.0,0.174,0.13,1,6,1003.232-001 M2751.000400-001 1003.321-001 1003.274-001 V10.111-001,0.026,True
865,인문대학,아시아언어문명학부,2학년,이슬람문명의 기원과 전개 | 동남아시아의 전통예술과 대중문화 | 아시아문명교류사 | 일본 전통 문화와 예술 | 베리타스 강좌 1: 우리 안의 민속문화,GATE,5,5,1,1,1,False,exact,1,123.1,0.0,123.1,123.1,123.1,123.1,0.0,0.0,123.1,0.0,0.0,0.0,34.0,3.622,123.1,0.0,True,115.5,0.066,0.121,1,6,1003.232-001 M2751.000400-001 1003.321-001 1003.274-001 V10.111-001,0.011,True
866,생활과학대학,식품영양학과,3학년,식품재료학 | 생애주기영양학 | 식이요법및실험 | 영양평가 및 실습 | 드라마의 이해와 감상 | 고급수학 2,919A,6,8,3,3,1,False,exact,1,170.1,0.0,170.1,170.1,170.1,170.1,0.0,0.0,170.1,0.0,0.0,0.0,42.7,3.98,170.1,0.0,True,147.2,0.155,0.135,1,7,352.351A-001 352.326A-001 352.306-001 M0000.016700-001 E11.117-001 F31.107-003,0.037,True
866,생활과학대학,식품영양학과,3학년,식품재료학 | 생애주기영양학 | 식이요법및실험 | 영양평가 및 실습 | 드라마의 이해와 감상 | 고급수학 2,GATE,6,8,3,3,1,False,exact,1,123.2,0.0,123.2,123.2,123.2,123.2,0.0,0.0,123.2,0.0,0.0,0.0,30.7,4.014,123.2,0.0,True,115.8,0.064,0.132,1,7,352.351A-001 352.326A-001 352.306-001 M0000.016700-001 E11.117-001 F31.107-003,0.016,True
867,인문대학,불어불문학과,3학년,프랑스어 연습 2 | 프랑스어학개론 2 | 20세기프랑스소설 | 프랑스시 | 논리와 비판적 사고 | 창의적 사고와 표현,919A,6,12,16,16,6,True,exact,6,108.6,0.0,108.6,110.6,110.7,112.1,0.0,0.0,110.6,2.0,0.018,2.0,19.0,5.711,108.6,0.0,True,90.6,0.198,0.271,6,14,M1239.001100-001 104.305-001 104.322-001 M2169.009000-001 F12.101-003 F12.103-003,0.042,True
867,인문대학,불어불문학과,3학년,프랑스어 연습 2 | 프랑스어학개론 2 | 20세기프랑스소설 | 프랑스시 | 논리와 비판적 사고 | 창의적 사고와 표현,GATE,6,12,16,16,6,True,exact,6,149.3,0.0,149.3,152.8,153.1,156.2,0.0,0.0,152.8,3.6,0.023,3.6,25.3,5.904,149.3,0.0,True,141.0,0.058,0.396,6,14,M1239.001100-001 104.305-001 104.322-001 M2169.009000-001 F12.101-002 F12.103-003,0.034,True
868,사범대학,지리교육과,1학년,환경과 지리 | 세계지리 | 대학 글쓰기 1 | 서양철학의 이해 | 예술의 가치와 비평,919A,5,81,444,348,150,True,exact,150,45.9,0.0,45.9,96.3,101.9,119.4,0.0,0.0,96.3,50.4,0.523,50.4,16.4,2.795,45.9,0.0,True,39.3,0.169,2.071,43,50,700.108-001 M0.011700-001 C20.129-001 C20.123-003 F11.101-019,0.316,True
868,사범대학,지리교육과,1학년,환경과 지리 | 세계지리 | 대학 글쓰기 1 | 서양철학의 이해 | 예술의 가치와 비평,GATE,5,81,444,348,150,True,exact,150,67.3,0.0,67.3,137.3,139.4,175.0,0.0,0.0,137.3,69.9,0.51,69.9,21.2,3.177,67.3,0.0,True,63.0,0.069,2.051,41,48,700.108-001 M0.011700-001 C20.129-001 C20.123-003 F11.101-047,0.518,True
869,사회과학대학,지리학과,2학년,컴퓨터 지도학 | 생태환경과 지리 | 한국지리 | 수학연습 2 | 초급스페인어 1,919A,5,64,720,272,135,True,exact,135,110.5,0.0,110.5,141.8,136.8,163.8,0.667,34.1,210.0,31.3,0.221,99.5,35.7,3.093,110.5,0.0,True,96.9,0.14,1.868,34,40,208.231A-001 M0.014400-001 208.302-001 F24.101-007 F31.105L-033,0.279,True
869,사회과학대학,지리학과,2학년,컴퓨터 지도학 | 생태환경과 지리 | 한국지리 | 수학연습 2 | 초급스페인어 1,GATE,5,64,720,272,135,True,exact,135,89.4,0.0,89.4,115.6,114.9,133.3,0.667,34.1,183.8,26.2,0.227,94.4,26.8,3.335,89.4,0.0,True,84.9,0.053,1.827,30,36,208.231A-001 M0.014400-001 208.302-001 F24.101-007 F31.105L-033,0.211,True
870,사범대학,역사교육과,1학년,세계사의 이해 | 국사교육강독 | 대학 글쓰기 2: 과학기술글쓰기 | 초급중국어 2 | 수학 2,919A,5,61,3640,770,616,True,exact,616,107.2,0.0,107.2,146.5,149.3,168.4,0.019,0.1,146.7,39.4,0.269,39.6,28.6,3.744,107.2,0.0,True,95.0,0.128,3.224,46,72,M0000.028700-001 712.202-001 F25.102-001 F11.203-021 F31.105-002,0.501,True
870,사범대학,역사교육과,1학년,세계사의 이해 | 국사교육강독 | 대학 글쓰기 2: 과학기술글쓰기 | 초급중국어 2 | 수학 2,GATE,5,61,3640,770,616,True,exact,616,129.2,0.0,129.2,166.4,167.0,181.9,0.019,0.1,166.5,37.1,0.223,37.3,31.9,4.053,129.8,0.58,False,120.6,0.071,2.705,52,73,M0000.028700-001 712.202-001 F25.102-005 F11.203-004 F31.105-016,0.415,True
871,사범대학,체육교육과,2학년,운동학습 및 제어 | 스포츠심리학 | 체육교육론 | 스포츠사회학 | 컴퓨팅 기초: 처음 만나는 컴퓨팅,919A,5,23,19,8,7,True,exact,7,158.1,0.0,158.1,170.6,172.1,173.2,0.429,2.9,176.3,12.4,0.073,18.2,53.8,2.941,158.1,0.0,True,139.7,0.131,0.124,3,8,M1886.004200-001 M1886.004100-001 722.201A-001 722.329A-001 F37.101-006,0.014,True
871,사범대학,체육교육과,2학년,운동학습 및 제어 | 스포츠심리학 | 체육교육론 | 스포츠사회학 | 컴퓨팅 기초: 처음 만나는 컴퓨팅,GATE,5,23,19,8,7,True,exact,7,72.2,0.0,72.2,92.9,96.1,96.5,0.429,2.9,98.7,20.6,0.222,26.4,35.7,2.023,72.2,0.0,True,68.4,0.056,0.113,3,8,M1886.004200-001 M1886.004100-001 722.201A-001 722.329A-001 F37.101-006,0.011,True
872,미술대학,서양화과,1학년,워크숍: 포트폴리오 | 서양미술사 | 슬라브 전설과 유산 | 초급스페인어 2 | 생물학실험 | 화학실험 2,919A,6,34,368,192,38,True,exact,38,109.1,0.0,109.1,133.7,128.1,150.5,0.684,35.5,204.8,24.6,0.184,95.7,33.8,3.231,109.1,0.0,True,93.2,0.171,0.823,19,28,M1766.001000-001 M2182.000100-001 E11.210-001 F24.102-003 F34.105L-015 F35.103L-020,0.121,True
872,미술대학,서양화과,1학년,워크숍: 포트폴리오 | 서양미술사 | 슬라브 전설과 유산 | 초급스페인어 2 | 생물학실험 | 화학실험 2,GATE,6,34,368,192,38,True,exact,38,123.3,0.0,123.3,141.0,135.9,156.1,0.684,35.5,212.1,17.7,0.126,88.8,33.0,3.734,123.3,0.0,True,115.1,0.071,0.802,19,28,M1766.001000-001 M2182.000100-001 E11.210-001 F24.102-003 F34.105L-015 F35.103L-020,0.111,True
873,음악대학,음악학과,3학년,음악비평 | 뮤직 프로덕션과 엔지니어링 개론 2 | 영화음악의 이론과 실제 | 음악학세미나 2 | 생명과학을 위한 수학 2 | 초급한문 1,919A,6,20,55,50,2,False,exact,2,156.1,0.0,156.1,156.1,156.1,156.1,0.0,0.0,156.1,0.0,0.0,0.0,36.6,4.268,156.1,0.0,True,137.9,0.133,0.257,2,8,M3535.000600-001 M3535.001400-001 6522.3461-001 M3535.001800-001 F31.112-003 F28.101-001,0.027,True
873,음악대학,음악학과,3학년,음악비평 | 뮤직 프로덕션과 엔지니어링 개론 2 | 영화음악의 이론과 실제 | 음악학세미나 2 | 생명과학을 위한 수학 2 | 초급한문 1,GATE,6,20,55,50,2,False,exact,2,131.7,0.0,131.7,131.7,131.7,131.7,0.0,0.0,131.7,0.0,0.0,0.0,30.7,4.29,131.7,0.0,True,124.2,0.061,0.242,2,8,M3535.000600-001 M3535.001400-001 6522.3461-001 M3535.001800-001 F31.112-003 F28.101-001,0.019,True
874,사회과학대학,심리학과,2학년,사회심리학 및 실험 | 실험심리입문 및 실험 | 성격심리학 | 시각예술의 지각 | 초급스페인어 1,919A,5,20,16,16,3,True,exact,3,166.5,0.0,166.5,151.3,151.5,166.5,0.667,34.6,220.4,-15.2,-0.101,53.9,35.9,4.643,166.5,0.0,True,141.1,0.18,0.451,3,8,207.230-001 207.214-001 207.203-001 207.233-001 F24.101-010,0.06,True
874,사회과학대학,심리학과,2학년,사회심리학 및 실험 | 실험심리입문 및 실험 | 성격심리학 | 시각예술의 지각 | 초급스페인어 1,GATE,5,20,16,16,3,True,exact,3,121.8,0.0,121.8,118.4,121.8,122.6,0.667,34.6,187.5,-3.4,-0.028,65.8,26.1,4.662,121.8,0.0,True,112.8,0.079,0.424,3,8,207.230-001 207.214-001 207.203-001 207.233-001 F24.101-010,0.045,True
875,인문대학,고고미술사학과,4학년,미술사실습 | 현대미술과 시각문화 | 한국의 회화 | 고고학연습 | 두 개의 한국: 근대한국의 역사와 사회,919A,5,5,1,1,1,False,exact,1,81.6,0.0,81.6,81.6,81.6,81.6,0.0,0.0,81.6,0.0,0.0,0.0,39.4,2.072,81.6,0.0,True,70.3,0.161,0.069,1,6,116.324-001 116.435-001 116.405A-001 116.414B-001 E12.102-001,0.009,True
875,인문대학,고고미술사학과,4학년,미술사실습 | 현대미술과 시각문화 | 한국의 회화 | 고고학연습 | 두 개의 한국: 근대한국의 역사와 사회,GATE,5,5,1,1,1,False,exact,1,96.0,0.0,96.0,96.0,96.0,96.0,0.0,0.0,96.0,0.0,0.0,0.0,34.5,2.786,96.0,0.0,True,89.1,0.078,0.07,1,6,116.324-001 116.435-001 116.405A-001 116.414B-001 E12.102-001,0.007,True
876,미술대학,서양화과,2학년,한국근현대미술사 | 회화: 평면과 공간 | 회화: 확장된 매체성 | 드로잉: 긋기와 그리기 | 물리학실험 2 | 음악과 사회,919A,6,56,147,36,48,True,exact,48,132.6,0.0,132.6,139.3,133.8,154.9,0.292,0.6,140.6,6.8,0.049,8.0,43.4,3.056,132.6,0.0,True,113.5,0.168,0.372,9,16,M1766.000400-001 M1766.002000-001 M1766.001600-001 M1766.002200-001 C10.146-001 F33.107L-031,0.057,True
876,미술대학,서양화과,2학년,한국근현대미술사 | 회화: 평면과 공간 | 회화: 확장된 매체성 | 드로잉: 긋기와 그리기 | 물리학실험 2 | 음악과 사회,GATE,6,56,147,36,48,True,exact,48,100.1,0.0,100.1,105.4,102.4,115.0,0.292,0.6,106.6,5.3,0.05,6.6,32.6,3.065,100.1,0.0,True,92.6,0.081,0.34,10,17,M1766.000400-001 M1766.002000-001 M1766.001600-001 M1766.002200-001 C10.146-001 F33.107L-031,0.072,True
877,사범대학,국어교육과,4학년,국어의미화용교육론 | 한국구비문학교육론 | 국어교육세미나 | 한국현대시 읽기 | 물리의 기본 2,919A,5,6,2,2,1,False,exact,1,137.0,0.0,137.0,137.0,137.0,137.0,0.0,0.0,137.0,0.0,0.0,0.0,32.0,4.277,137.0,0.0,True,118.7,0.154,0.143,1,6,705.418B-001 705.419-001 705.423-001 C10.167-001 F33.104-001,0.024,True
877,사범대학,국어교육과,4학년,국어의미화용교육론 | 한국구비문학교육론 | 국어교육세미나 | 한국현대시 읽기 | 물리의 기본 2,GATE,5,6,2,2,1,False,exact,1,167.9,0.0,167.9,167.9,167.9,167.9,0.0,0.0,167.9,0.0,0.0,0.0,36.1,4.646,167.9,0.0,True,158.0,0.063,0.142,1,6,705.418B-001 705.419-001 705.423-001 C10.167-001 F33.104-001,0.014,True
878,학부대학,연합전공 글로벌환경경영학,4학년,생태철학과 환경윤리 | 환경분석 및 계획 | 기후변화협약과 환경기술 | 물리학실험 2 | 생물학실험 | 베리타스 강좌 1: 현대의학과 종교의 대화,919A,6,76,1127,144,332,True,exact,332,168.7,0.0,168.7,196.6,203.2,207.9,0.0,0.0,196.6,27.9,0.142,27.9,47.3,3.568,168.7,0.0,True,152.4,0.107,1.056,18,31,538.302A-001 538.309-001 538.401-001 V10.119-001 F33.107L-047 F35.103L-005,0.138,True
878,학부대학,연합전공 글로벌환경경영학,4학년,생태철학과 환경윤리 | 환경분석 및 계획 | 기후변화협약과 환경기술 | 물리학실험 2 | 생물학실험 | 베리타스 강좌 1: 현대의학과 종교의 대화,GATE,6,76,1127,144,332,True,exact,332,134.9,0.0,134.9,158.4,164.5,165.1,0.0,0.0,158.4,23.4,0.148,23.4,37.2,3.623,134.9,0.0,True,130.9,0.03,1.409,28,42,538.302A-001 538.309-001 538.401-001 V10.119-001 F33.107L-004 F35.103L-001,0.197,True
879,인문대학,서어서문학과,2학년,중급스페인어회화 | 중남미문화비평 | 스페인어 문법과 의미 | 중남미문학사 | 한국현대사의 이해,919A,5,8,4,4,2,True,exact,2,86.6,0.0,86.6,97.9,97.9,109.3,0.0,0.0,97.9,11.4,0.116,11.4,19.2,4.518,86.6,0.0,True,72.2,0.199,0.142,2,7,107.244-001 107.247-001 M1244.001000-001 107.243-001 C20.153-004,0.017,True
879,인문대학,서어서문학과,2학년,중급스페인어회화 | 중남미문화비평 | 스페인어 문법과 의미 | 중남미문학사 | 한국현대사의 이해,GATE,5,8,4,4,2,True,exact,2,121.8,0.0,121.8,122.5,122.5,123.2,0.0,0.0,122.5,0.7,0.006,0.7,21.8,5.584,123.2,1.4,False,114.9,0.06,0.118,2,7,107.244-001 107.247-001 M1244.001000-001 107.243-001 C20.153-004,0.012,True
880,인문대학,서어서문학과,4학년,라틴아메리카 영화와 현대사회 | 스페인어학연습 2 | 영화 비평 세미나 | 스페인문학특강 | 초급중국어 2,919A,5,9,5,5,3,True,exact,3,111.3,0.0,111.3,113.7,114.9,114.9,0.0,0.0,113.7,2.4,0.021,2.4,20.3,5.487,111.3,0.0,True,93.1,0.195,0.258,3,8,107.437A-001 107.413B-001 M3699.000300-001 107.427A-001 F25.102-002,0.031,True
880,인문대학,서어서문학과,4학년,라틴아메리카 영화와 현대사회 | 스페인어학연습 2 | 영화 비평 세미나 | 스페인문학특강 | 초급중국어 2,GATE,5,9,5,5,3,True,exact,3,152.3,0.0,152.3,152.5,152.3,152.9,0.0,0.0,152.5,0.2,0.001,0.2,25.0,6.094,152.9,0.56,False,143.9,0.058,0.213,3,8,107.437A-001 107.413B-001 M3699.000300-001 107.427A-001 F25.102-001,0.023,True
881,인문대학,아시아언어문명학부,1학년,집중일본어 2 | 인도문명의 이해 | 법과 가치 | 신입생 세미나 | 컴퓨팅 기초: 처음 만나는 컴퓨팅 | 불교철학의 이해,919A,6,32,304,128,16,True,exact,16,138.8,0.0,138.8,157.0,154.3,179.7,0.0,0.0,157.0,18.2,0.116,18.2,35.2,3.938,138.8,0.0,True,121.8,0.14,1.002,6,15,1003.272-001 100.168-001 C20.116-001 E11.129-001 E51.101-001 F37.101-001,0.109,True
881,인문대학,아시아언어문명학부,1학년,집중일본어 2 | 인도문명의 이해 | 법과 가치 | 신입생 세미나 | 컴퓨팅 기초: 처음 만나는 컴퓨팅 | 불교철학의 이해,GATE,6,32,304,128,16,True,exact,16,152.9,0.0,152.9,165.9,166.5,180.9,0.0,0.0,165.9,13.0,0.078,13.0,35.4,4.319,152.9,0.0,True,143.9,0.063,0.815,7,16,1003.272-001 100.168-001 C20.116-001 E11.129-001 E51.101-001 F37.101-001,0.082,True
882,인문대학,역사학부,4학년,글로벌 생태환경사 | 역사학 논문쓰기 1 | 한국사세미나 1 | 세계사 속의 중앙유라시아사 | 생물학,919A,5,9,5,5,2,True,exact,2,103.3,0.0,103.3,108.0,108.0,112.7,0.0,0.0,108.0,4.7,0.044,4.7,32.3,3.196,103.3,0.0,True,91.1,0.133,0.123,2,7,M3533.001600-001 M3533.001500-001 M3544.002700-001 M3545.000200-002 F35.103-003,0.016,True
882,인문대학,역사학부,4학년,글로벌 생태환경사 | 역사학 논문쓰기 1 | 한국사세미나 1 | 세계사 속의 중앙유라시아사 | 생물학,GATE,5,9,5,5,2,True,exact,2,155.3,0.0,155.3,156.3,156.3,157.3,0.0,0.0,156.3,1.0,0.007,1.0,33.5,4.631,155.3,0.0,True,145.3,0.069,0.134,2,7,M3533.001600-001 M3533.001500-001 M3544.002700-001 M3545.000200-002 F35.103-002,0.012,True
883,사범대학,화학교육과,2학년,물리화학 1 | 유기화학 2 | 분석화학 2 | 유기화학실험 | 대학영어 2: 말하기,919A,5,16,12,11,8,True,exact,8,86.9,0.0,86.9,88.1,87.4,90.1,0.0,0.0,88.1,1.2,0.014,1.2,24.1,3.611,86.9,0.0,True,74.7,0.164,0.271,7,12,718.208-001 718.202-001 718.215-001 718.305-001 F21.202-001,0.036,True
883,사범대학,화학교육과,2학년,물리화학 1 | 유기화학 2 | 분석화학 2 | 유기화학실험 | 대학영어 2: 말하기,GATE,5,16,12,11,8,True,exact,8,142.1,0.0,142.1,143.4,144.0,144.2,0.0,0.0,143.4,1.2,0.009,1.2,32.4,4.385,142.1,0.0,True,131.9,0.078,0.27,7,12,718.208-001 718.202-001 718.215-001 718.305-001 F21.202-007,0.031,True
884,미술대학,공예과,3학년,장신구 4 | 제품금속 | 금속공예 2 | 제품도자 2 | 대학 글쓰기 2: 사회과학글쓰기,919A,5,15,11,11,7,True,exact,7,119.6,0.0,119.6,128.9,123.3,138.0,0.0,0.0,128.9,9.3,0.072,9.3,29.5,4.052,119.6,0.0,True,100.7,0.188,0.475,7,12,6124.3104-001 6121.3206-001 6124.3102-001 6123.3104-001 F11.202-011,0.035,True
884,미술대학,공예과,3학년,장신구 4 | 제품금속 | 금속공예 2 | 제품도자 2 | 대학 글쓰기 2: 사회과학글쓰기,GATE,5,15,11,11,7,True,exact,7,101.1,0.0,101.1,120.5,115.6,134.8,0.0,0.0,120.5,19.4,0.161,19.4,28.6,3.536,101.1,0.0,True,92.5,0.093,0.238,7,12,6124.3104-001 6121.3206-001 6124.3102-001 6123.3104-001 F11.202-011,0.03,True
885,공과대학,에너지자원공학과,4학년,에너지사업 타당성평가 | 지구물리 모니터링 | 대기과학실험 | 인간관계의 심리학 | 물리학실험 2,919A,5,58,588,144,327,True,exact,327,144.6,0.0,144.6,181.2,181.3,211.8,0.0,0.0,181.2,36.5,0.202,36.5,54.6,2.647,144.6,0.0,True,132.8,0.089,0.703,11,20,M1594.002400-001 M1594.003000-001 F36.101L-001 E11.163-001 F33.107L-013,0.125,True
885,공과대학,에너지자원공학과,4학년,에너지사업 타당성평가 | 지구물리 모니터링 | 대기과학실험 | 인간관계의 심리학 | 물리학실험 2,GATE,5,58,588,144,327,True,exact,327,135.0,0.0,135.0,164.8,164.5,190.6,0.0,0.0,164.8,29.8,0.181,29.8,45.1,2.995,135.0,0.0,True,127.4,0.06,0.6,9,18,M1594.002400-001 M1594.003000-001 F36.101L-001 E11.163-001 F33.107L-013,0.091,True
886,미술대학,동양화과,4학년,통합매체 2 | 작품연구:창작과 비평 | 미술교과논리 및 논술 | 한글맞춤법의 이론과 실제 | 공학수학 1,919A,5,10,10,10,2,True,exact,2,142.2,0.0,142.2,155.3,155.3,168.4,0.0,0.0,155.3,13.1,0.084,13.1,43.0,3.304,142.2,0.0,True,123.7,0.15,0.189,2,7,601.406A-001 601.320-001 M2182.001600-001 C10.168-002 F31.201-002,0.023,True
886,미술대학,동양화과,4학년,통합매체 2 | 작품연구:창작과 비평 | 미술교과논리 및 논술 | 한글맞춤법의 이론과 실제 | 공학수학 1,GATE,5,10,10,10,2,True,exact,2,131.6,0.0,131.6,148.4,148.4,165.1,0.0,0.0,148.4,16.7,0.113,16.7,38.2,3.443,131.6,0.0,True,123.1,0.069,0.148,2,7,601.406A-001 601.320-001 M2182.001600-001 C10.168-002 F31.201-002,0.017,True
887,인문대학,역사학부,4학년,세계사 속의 중앙유라시아사 | 역사학 논문쓰기 3 | 글로벌 생태환경사 | 미국사 | 생물학실험 2,919A,5,13,9,6,4,True,exact,4,96.6,0.0,96.6,101.3,96.6,115.2,0.0,0.0,101.3,4.6,0.046,4.6,35.2,2.744,96.6,0.0,True,83.4,0.158,0.111,3,8,M3545.000200-002 M3533.000800-001 M3533.001600-001 M3546.000200-001 F35.105L-007,0.014,True
887,인문대학,역사학부,4학년,세계사 속의 중앙유라시아사 | 역사학 논문쓰기 3 | 글로벌 생태환경사 | 미국사 | 생물학실험 2,GATE,5,13,9,6,4,True,exact,4,139.2,0.0,139.2,144.9,139.2,161.8,0.0,0.0,144.9,5.7,0.039,5.7,37.4,3.726,139.2,0.0,True,129.9,0.072,0.109,3,8,M3545.000200-002 M3533.000800-001 M3533.001600-001 M3546.000200-001 F35.105L-005,0.011,True
888,사범대학,불어교육과,3학년,심화프랑스어회화 2 | 프랑스어 교수법 | 한국어와 한국문화 | 초급중국어 1 | 인간관계의 심리학 | 화학실험,919A,6,35,784,616,34,True,exact,34,117.3,0.7,118.8,135.0,127.1,154.4,1.0,12.6,160.2,17.7,0.131,41.4,41.3,2.84,117.3,0.0,True,102.7,0.142,1.28,22,31,M1851.002200-001 M1851.002400-001 E12.107-001 E11.163-004 F34.103L-020 F25.101-009,0.178,True
888,사범대학,불어교육과,3학년,심화프랑스어회화 2 | 프랑스어 교수법 | 한국어와 한국문화 | 초급중국어 1 | 인간관계의 심리학 | 화학실험,GATE,6,35,784,616,34,True,exact,34,149.5,0.7,151.0,169.7,167.5,185.6,1.0,12.6,194.9,20.2,0.119,43.9,38.5,3.881,149.5,0.0,True,139.1,0.075,1.248,21,30,M1851.002200-001 M1851.002400-001 E12.107-001 E11.163-004 F34.103L-025 F25.101-009,0.16,True
889,미술대학,조소과,2학년,퍼포먼스: 몸과 사물 | 작품연구: 예술과 기술 | 목조 1: 형태와 기법 | 3D 미디어 워크숍 2 | 대기과학실험 | 사회주의의 역사,919A,6,8,3,3,1,False,exact,1,180.9,0.0,180.9,180.9,180.9,180.9,0.0,0.0,180.9,0.0,0.0,0.0,47.6,3.799,180.9,0.0,True,158.0,0.145,0.132,1,7,M1767.003000-001 M1767.001200-001 M1767.001500-001 M1767.002700-001 E11.135-001 F36.101L-003,0.018,True
889,미술대학,조소과,2학년,퍼포먼스: 몸과 사물 | 작품연구: 예술과 기술 | 목조 1: 형태와 기법 | 3D 미디어 워크숍 2 | 대기과학실험 | 사회주의의 역사,GATE,6,8,3,3,1,False,exact,1,155.9,0.0,155.9,155.9,155.9,155.9,0.0,0.0,155.9,0.0,0.0,0.0,41.7,3.735,155.9,0.0,True,147.2,0.059,0.121,1,7,M1767.003000-001 M1767.001200-001 M1767.001500-001 M1767.002700-001 E11.135-001 F36.101L-003,0.013,True
890,혁신공유학부,혁신공유학부,2학년,(공유)작물정보계측 | (공유)중급 프로젝트 | (공유)신에너지공학개론 | (공유)NPU 기반 인공지능 추론 및 응용 | 대학영어 1,919A,5,59,55,54,16,True,exact,16,228.7,0.0,228.7,233.4,231.5,248.1,0.312,4.6,242.6,4.7,0.02,13.9,60.2,3.802,228.7,0.0,True,207.8,0.101,0.701,10,15,M3502.011800-001 M3502.001500-002 M3500.002300-001 M3502.016700-001 F21.101-045,0.086,True
890,혁신공유학부,혁신공유학부,2학년,(공유)작물정보계측 | (공유)중급 프로젝트 | (공유)신에너지공학개론 | (공유)NPU 기반 인공지능 추론 및 응용 | 대학영어 1,GATE,5,59,55,54,16,True,exact,16,242.0,0.0,242.0,248.9,246.6,267.7,0.312,4.6,258.1,6.9,0.028,16.1,61.6,3.931,242.0,0.0,True,225.2,0.075,0.721,10,15,M3502.011800-001 M3502.001500-002 M3500.002300-001 M3502.016700-001 F21.101-038,0.073,True
891,사범대학,영어교육과,3학년,영어교수법 | 영어작문 2 | 미국문학과 미국문화의 이해 | 영어통사론 | 현대서양의 형성 | 대학 글쓰기 1,919A,6,81,222,174,144,True,exact,144,83.3,0.0,83.3,104.5,108.9,120.1,0.0,0.0,104.5,21.2,0.203,21.2,19.0,4.395,84.1,0.8,False,73.0,0.142,2.974,49,57,707.313-001 707.309A-001 707.323-001 C20.155-001 707.215-003 F11.101-070,0.511,True
891,사범대학,영어교육과,3학년,영어교수법 | 영어작문 2 | 미국문학과 미국문화의 이해 | 영어통사론 | 현대서양의 형성 | 대학 글쓰기 1,GATE,6,81,222,174,144,True,exact,144,141.6,0.0,141.6,159.6,162.3,181.9,0.0,0.0,159.6,18.0,0.113,18.0,24.2,5.842,141.6,0.0,True,131.2,0.079,3.306,69,77,707.313-001 707.309A-001 707.323-001 C20.155-001 707.215-002 F11.101-047,0.554,True
892,공과대학,기계공학부,2학년,유체역학 | 역학과 설계 | 동역학 | 신입생 세미나 | 컴퓨터의 개념 및 실습,919A,5,9,12,6,6,True,exact,6,238.5,0.0,238.5,252.2,245.6,272.4,0.0,0.0,252.2,13.7,0.054,13.7,48.8,4.888,238.5,0.0,True,214.5,0.112,0.185,3,9,M2794.001300-001 M2794.001400-001 M2794.001200-001 F37.202-003 E51.101-005,0.029,True
892,공과대학,기계공학부,2학년,유체역학 | 역학과 설계 | 동역학 | 신입생 세미나 | 컴퓨터의 개념 및 실습,GATE,5,9,12,6,6,True,exact,6,271.9,0.0,271.9,277.9,273.2,288.7,0.0,0.0,277.9,6.0,0.022,6.0,42.1,6.459,273.2,1.31,False,245.6,0.107,0.191,3,9,M2794.001300-001 M2794.001400-001 M2794.001200-001 F37.202-003 E51.101-005,0.018,True
893,첨단융합학부,첨단융합학부,2학년,의약화학의 기초 | 자료구조와 알고리즘 | 유기화학의 기초 | 생화학 | 수학 2 | 초급중국어 1,919A,6,44,364,196,90,True,exact,90,168.3,0.0,168.3,176.9,178.8,194.9,0.322,13.7,204.3,8.6,0.049,36.0,39.2,4.295,168.3,0.0,True,149.7,0.124,1.561,20,31,M3638.002900-001 M3639.001700-001 M3639.002200-001 M3638.002700-001 F31.105-001 F25.101-012,0.241,True
893,첨단융합학부,첨단융합학부,2학년,의약화학의 기초 | 자료구조와 알고리즘 | 유기화학의 기초 | 생화학 | 수학 2 | 초급중국어 1,GATE,6,44,364,196,90,True,exact,90,174.3,0.0,174.3,189.1,191.4,203.7,0.322,13.7,216.4,14.7,0.078,42.1,39.1,4.459,174.3,0.0,True,161.3,0.081,1.245,17,26,M3638.002900-001 M3639.001700-001 M3639.002200-001 M3638.002700-001 F31.105-006 F25.101-008,0.383,True
894,미술대학,조소과,2학년,작품연구: 자연·역사·문화 | 석조 2: 재료와 맥락 | 금속조 2: 재료와 맥락 | 한국조각의 이해 | 대학 글쓰기 1 | 중급중국어 2,919A,6,80,148,116,23,True,exact,23,109.5,0.0,109.5,123.0,115.4,161.3,0.13,0.3,123.6,13.4,0.109,14.1,25.9,4.231,109.5,0.0,True,92.6,0.183,1.474,10,16,M1767.000800-001 M1767.001400-001 M1767.001800-001 M1767.002400-001 F25.202-001 F11.101-019,0.158,True
894,미술대학,조소과,2학년,작품연구: 자연·역사·문화 | 석조 2: 재료와 맥락 | 금속조 2: 재료와 맥락 | 한국조각의 이해 | 대학 글쓰기 1 | 중급중국어 2,GATE,6,80,148,116,23,True,exact,23,109.9,0.0,109.9,127.4,119.4,173.6,0.13,0.3,128.0,17.5,0.137,18.1,25.0,4.398,109.9,0.0,True,101.2,0.086,1.412,13,19,M1767.000800-001 M1767.001400-001 M1767.001800-001 M1767.002400-001 F25.202-001 F11.101-054,0.127,True
895,공과대학,조선해양공학과,4학년,조선해양경영론 | 조선해양프로젝트 | 조선해양기계학습 | 조선해양 학사논문연구 2 | 언어와 인간,919A,5,5,1,1,1,False,exact,1,177.8,0.0,177.8,177.8,177.8,177.8,0.0,0.0,177.8,0.0,0.0,0.0,38.1,4.66,177.8,0.0,True,160.6,0.107,0.07,1,6,414.419-001 M1513.001500-001 M1513.001600-001 M1513.002300-001 E11.192-001,0.009,True
895,공과대학,조선해양공학과,4학년,조선해양경영론 | 조선해양프로젝트 | 조선해양기계학습 | 조선해양 학사논문연구 2 | 언어와 인간,GATE,5,5,1,1,1,False,exact,1,190.8,0.0,190.8,190.8,190.8,190.8,0.0,0.0,190.8,0.0,0.0,0.0,39.5,4.829,190.8,0.0,True,181.3,0.052,0.064,1,6,414.419-001 M1513.001500-001 M1513.001600-001 M1513.002300-001 E11.192-001,0.006,True
896,사범대학,역사교육과,3학년,역사교육론 | 서양근대사 | 한국근대사 | 동아시아근현대사 | 대학 글쓰기 1 | 물리학실험 2,919A,6,127,3626,696,848,True,exact,848,94.5,0.0,94.5,123.8,121.7,150.5,0.024,0.0,123.9,29.3,0.237,29.3,29.5,3.202,95.0,0.47,False,83.0,0.14,3.1,27,38,712.301-001 712.233B-001 712.215-001 M1858.001400-001 F33.107L-030 F11.101-077,0.47,True
896,사범대학,역사교육과,3학년,역사교육론 | 서양근대사 | 한국근대사 | 동아시아근현대사 | 대학 글쓰기 1 | 물리학실험 2,GATE,6,127,3626,696,848,True,exact,848,146.0,0.0,146.0,171.8,173.8,195.7,0.024,0.0,171.8,25.8,0.15,25.8,30.5,4.783,146.0,0.0,True,136.0,0.073,3.206,29,40,712.301-001 712.233B-001 712.215-001 M1858.001400-001 F33.107L-023 F11.101-008,0.401,True
897,공과대학,화학생물공학부,3학년,화공전산응용 | 공정제어 및 설계 | 무기 및 재료화학 | 분자생물공학 | 화학실험,919A,5,20,16,13,8,True,exact,8,260.7,0.0,260.7,270.3,260.7,286.3,0.0,0.0,270.3,9.6,0.036,9.6,67.8,3.842,260.7,0.0,True,232.0,0.124,0.221,6,11,458.412-001 458.308-001 458.311A-001 458.410-001 F34.103L-017,0.026,True
897,공과대학,화학생물공학부,3학년,화공전산응용 | 공정제어 및 설계 | 무기 및 재료화학 | 분자생물공학 | 화학실험,GATE,5,20,16,13,8,True,exact,8,297.5,0.0,297.5,307.7,297.5,324.7,0.0,0.0,307.7,10.2,0.033,10.2,66.6,4.465,297.5,0.0,True,266.2,0.117,0.308,6,11,458.412-001 458.308-001 458.311A-001 458.410-001 F34.103L-017,0.02,True
898,사회과학대학,지리학과,2학년,생태환경과 지리 | 컴퓨터 지도학 | 한국지리 | 물리학실험 2 | 초급한문 1,919A,5,63,539,120,96,True,exact,96,109.9,0.0,109.9,127.5,130.3,153.1,0.0,0.0,127.5,17.6,0.138,17.6,38.4,2.865,110.0,0.1,False,96.5,0.139,0.567,9,15,M0.014400-001 208.231A-001 208.302-001 F28.101-006 F33.107L-040,0.072,True
898,사회과학대학,지리학과,2학년,생태환경과 지리 | 컴퓨터 지도학 | 한국지리 | 물리학실험 2 | 초급한문 1,GATE,5,63,539,120,96,True,exact,96,81.2,0.0,81.2,99.2,100.3,124.7,0.0,0.0,99.2,18.0,0.182,18.0,30.2,2.69,81.2,0.0,True,77.5,0.048,0.644,14,20,M0.014400-001 208.231A-001 208.302-001 F28.101-006 F33.107L-040,0.104,True
899,자연과학대학,통계학과,3학년,다변량자료분석 및 실습 | 이산자료분석 및 실습 | 수리통계 2 | 철학개론 | 대학영어 1,919A,5,62,220,216,19,True,exact,19,150.7,0.0,150.7,176.3,175.9,199.3,0.0,0.0,176.3,25.6,0.145,25.6,31.9,4.717,150.7,0.0,True,133.4,0.129,1.336,14,19,326.316-001 326.314-001 326.312-001 C20.141-002 F21.101-054,0.137,True
899,자연과학대학,통계학과,3학년,다변량자료분석 및 실습 | 이산자료분석 및 실습 | 수리통계 2 | 철학개론 | 대학영어 1,GATE,5,62,220,216,19,True,exact,19,146.5,0.0,146.5,174.9,173.9,195.6,0.0,0.0,174.9,28.3,0.162,28.3,33.3,4.403,146.5,0.0,True,139.8,0.048,1.048,11,16,326.316-001 326.314-001 326.312-001 C20.141-002 F21.101-002,0.109,True
900,음악대학,관현악과,4학년,재즈입문 2 | 대학영어 1 | 슬라브 전설과 유산 | 성과 사랑의 역사 | 수학 2,919A,5,84,1430,756,468,True,exact,468,104.8,0.0,104.8,145.8,152.8,175.6,0.002,0.0,145.8,41.0,0.281,41.0,38.6,2.716,104.8,0.0,True,91.2,0.149,5.16,41,54,6532.4343-001 E11.210-001 C30.122-001 F31.105-006 F21.101-008,0.828,True
900,음악대학,관현악과,4학년,재즈입문 2 | 대학영어 1 | 슬라브 전설과 유산 | 성과 사랑의 역사 | 수학 2,GATE,5,84,1430,756,468,True,exact,468,104.8,0.0,104.8,149.3,155.8,171.9,0.002,0.0,149.3,44.5,0.298,44.5,33.1,3.168,104.8,0.0,True,98.6,0.062,5.636,28,42,6532.4343-001 E11.210-001 C30.122-001 F31.105-006 F21.101-013,0.808,True
901,공과대학,원자핵공학과,3학년,핵연료주기공학 | 원자력 재료 실험 | 원자핵공학세미나 1 | 핵계측 | 통계학실험 | 한국 문학의 깊이와 상상력,919A,6,10,5,5,3,False,exact,3,249.3,1.8,252.8,249.3,249.3,249.3,1.0,1.8,252.8,0.0,0.0,0.0,50.6,4.922,249.3,0.0,True,227.8,0.094,0.141,3,9,M1509.001400-001 M1509.001700-001 409.328-001 409.224B-001 C10.158-001 F32.102L-006,0.021,True
901,공과대학,원자핵공학과,3학년,핵연료주기공학 | 원자력 재료 실험 | 원자핵공학세미나 1 | 핵계측 | 통계학실험 | 한국 문학의 깊이와 상상력,GATE,6,10,5,5,3,False,exact,3,253.0,1.8,256.5,253.0,253.0,253.0,1.0,1.8,256.5,0.0,0.0,0.0,43.3,5.84,253.0,0.0,True,239.7,0.055,0.264,3,9,M1509.001400-001 M1509.001700-001 409.328-001 409.224B-001 C10.158-001 F32.102L-006,0.019,True
902,수의과대학,수의과대학,4학년,수의 임상 모의 실습 | 수의사법규 | 수묵화의 기초 | 수학연습 2 | 인문사회계를 위한 통계학 | 수학 2,919A,6,76,2340,476,1260,True,exact,1260,148.4,7.1,162.5,185.2,192.7,212.1,0.067,0.5,186.3,36.9,0.199,23.8,53.4,2.778,148.4,0.0,True,133.9,0.108,4.073,29,49,M1744.009500-001 552.337-001 F32.104-001 E41.104-001 F31.105-023 F31.105L-033,0.648,True
902,수의과대학,수의과대학,4학년,수의 임상 모의 실습 | 수의사법규 | 수묵화의 기초 | 수학연습 2 | 인문사회계를 위한 통계학 | 수학 2,GATE,6,76,2340,476,1260,True,exact,1260,114.9,0.0,114.9,136.6,143.7,155.5,0.067,0.5,137.7,21.7,0.159,22.8,37.5,3.067,114.9,0.0,True,109.3,0.051,4.505,54,74,M1744.009500-001 552.337-001 F32.104-001 E41.104-001 F31.105-006 F31.105L-010,0.951,True
903,농업생명과학대학,스마트시스템과학과,2학년,기후스마트농업 시스템 개론 | 스마트시스템 기계학습 및 딥러닝 | 시스템식물생산공학 | 음악과 사회 | 컴퓨팅 핵심: 컴퓨터로 생각하기,919A,5,9,9,9,1,False,exact,1,208.4,4.2,216.8,208.4,208.4,208.4,1.0,4.2,216.8,0.0,0.0,0.0,54.1,3.853,208.4,0.0,True,187.0,0.114,0.129,1,7,M3704.002400-001 M3704.001100-001 M3704.002100-001 C10.146-002 F37.204-002,0.02,True
903,농업생명과학대학,스마트시스템과학과,2학년,기후스마트농업 시스템 개론 | 스마트시스템 기계학습 및 딥러닝 | 시스템식물생산공학 | 음악과 사회 | 컴퓨팅 핵심: 컴퓨터로 생각하기,GATE,5,9,9,9,1,False,exact,1,158.4,4.2,166.8,158.4,158.4,158.4,1.0,4.2,166.8,0.0,0.0,0.0,40.8,3.882,158.4,0.0,True,152.0,0.042,0.114,1,7,M3704.002400-001 M3704.001100-001 M3704.002100-001 C10.146-002 F37.204-002,0.012,True
904,사범대학,지리교육과,3학년,지리 논리 및 논술 | 지리교재연구 및 지도법 | 경제지리교육론 | 언어와 인간 | 화학실험 | 컴퓨팅 기초: 처음 만나는 컴퓨팅,919A,6,37,266,88,53,True,exact,53,132.3,0.0,132.3,141.2,149.0,151.2,0.0,0.0,141.2,8.9,0.063,8.9,33.1,4.001,132.3,0.0,True,114.9,0.152,0.627,16,25,M1861.000600-001 M1861.000500-001 713.228-001 E11.192-001 F37.101-004 F34.103L-020,0.095,True
904,사범대학,지리교육과,3학년,지리 논리 및 논술 | 지리교재연구 및 지도법 | 경제지리교육론 | 언어와 인간 | 화학실험 | 컴퓨팅 기초: 처음 만나는 컴퓨팅,GATE,6,37,266,88,53,True,exact,53,164.2,0.0,164.2,167.2,169.9,170.2,0.0,0.0,167.2,2.9,0.018,2.9,36.7,4.479,164.2,0.0,True,155.0,0.06,0.771,16,25,M1861.000600-001 M1861.000500-001 713.228-001 E11.192-001 F37.101-004 F34.103L-020,0.084,True
905,인문대학,아시아언어문명학부,3학년,일본의 사상과 문명 | 아시아문명연구의 시각 | 서아시아 언어의 세계 | 말레이-인도네시아어 강독 2 | 컴퓨팅 탐색: 실생활에서 활용하기 | 인간관계의 심리학,919A,6,10,8,8,1,False,exact,1,146.3,0.0,146.3,146.3,146.3,146.3,0.0,0.0,146.3,0.0,0.0,0.0,43.9,3.335,146.3,0.0,True,126.0,0.161,0.109,1,7,1003.373A-001 1003.421-001 M2752.001000-001 1003.354-001 F37.206-002 E11.163-004,0.014,True
905,인문대학,아시아언어문명학부,3학년,일본의 사상과 문명 | 아시아문명연구의 시각 | 서아시아 언어의 세계 | 말레이-인도네시아어 강독 2 | 컴퓨팅 탐색: 실생활에서 활용하기 | 인간관계의 심리학,GATE,6,10,8,8,1,False,exact,1,149.7,0.0,149.7,149.7,149.7,149.7,0.0,0.0,149.7,0.0,0.0,0.0,35.7,4.194,149.7,0.0,True,141.6,0.058,0.105,1,7,1003.373A-001 1003.421-001 M2752.001000-001 1003.354-001 F37.206-002 E11.163-004,0.01,True
906,인문대학,영어영문학과,1학년,영어학입문 | 영문학입문 | 수학 2 | 대학 글쓰기 2: 과학기술글쓰기 | 초급프랑스어 1 | 서양철학의 이해,919A,6,68,19656,4158,2114,True,exact,2114,142.6,0.0,142.6,162.3,163.3,198.1,0.104,0.4,163.1,19.7,0.121,20.5,25.8,5.526,142.6,0.0,True,126.9,0.123,18.093,324,470,100.109-001 M1236.000600-001 C20.123-002 F26.101-009 F11.203-003 F31.105-025,3.063,True
906,인문대학,영어영문학과,1학년,영어학입문 | 영문학입문 | 수학 2 | 대학 글쓰기 2: 과학기술글쓰기 | 초급프랑스어 1 | 서양철학의 이해,GATE,6,68,19656,4158,2114,True,exact,2114,155.3,0.0,155.3,184.1,184.5,222.7,0.104,0.4,185.0,28.8,0.157,29.7,27.9,5.566,155.3,0.0,True,147.3,0.054,13.311,201,303,100.109-001 M1236.000600-001 C20.123-001 F26.101-008 F11.203-006 F31.105-006,2.419,True
907,농업생명과학대학,바이오시스템·소재학부,2학년,기능성바이오소재 | 바이오소재역학 | 유체역학 및 기계 | 생체분자개론 | 과학의 철학적 이해,919A,5,6,2,2,2,True,exact,2,165.8,0.0,165.8,167.5,167.5,169.2,0.0,0.0,167.5,1.7,0.01,1.7,38.1,4.353,165.8,0.0,True,150.9,0.099,0.118,2,7,5262.470-001 5262.280A-001 5261.226-001 5261.223C-001 C40.103-001,0.023,True
907,농업생명과학대학,바이오시스템·소재학부,2학년,기능성바이오소재 | 바이오소재역학 | 유체역학 및 기계 | 생체분자개론 | 과학의 철학적 이해,GATE,5,6,2,2,2,True,exact,2,138.3,0.0,138.3,139.7,139.7,141.2,0.0,0.0,139.7,1.5,0.01,1.5,36.6,3.778,138.3,0.0,True,135.4,0.021,0.093,2,7,5262.470-001 5262.280A-001 5261.226-001 5261.223C-001 C40.103-002,0.011,True
908,인문대학,역사학부,1학년,역사학 세미나 | 동아시아 문헌과 규장각 | 대학 글쓰기 2: 인문학글쓰기 | 베리타스 실천: 연극적 표현과 실천 | 수학연습 2 | 수학 2,919A,6,94,23400,3570,221,True,exact,221,157.9,176.8,511.5,164.0,165.9,173.7,1.0,176.8,517.6,6.1,0.037,6.1,25.0,6.304,157.9,0.0,True,138.5,0.14,2.597,56,69,M3533.000700-001 M3544.001400-001 V30.108-001 F31.105-025 F11.201-009 F31.105L-002,0.339,True
908,인문대학,역사학부,1학년,역사학 세미나 | 동아시아 문헌과 규장각 | 대학 글쓰기 2: 인문학글쓰기 | 베리타스 실천: 연극적 표현과 실천 | 수학연습 2 | 수학 2,GATE,6,94,23400,3570,221,True,exact,221,179.9,176.8,533.5,184.9,182.4,195.5,1.0,176.8,538.5,5.0,0.027,5.0,26.2,6.869,180.0,0.07,False,169.4,0.062,2.5,56,69,M3533.000700-001 M3544.001400-001 V30.108-001 F31.105-025 F11.201-005 F31.105L-033,0.382,True
909,농업생명과학대학,농경제사회학부,4학년,지역정보학연구 | 농식품산업정보분석론 | 식품마케팅 및 정보경영사례연구 | 공학수학 1 | 수학 2,919A,5,34,130,70,28,True,exact,28,164.7,0.0,164.7,168.9,165.0,185.1,0.0,0.0,168.9,4.2,0.025,4.2,40.5,4.064,164.7,0.0,True,148.1,0.112,0.703,15,21,5202.415-001 M1683.001000-002 5202.414-002 F31.201-003 F31.105-001,0.077,True
909,농업생명과학대학,농경제사회학부,4학년,지역정보학연구 | 농식품산업정보분석론 | 식품마케팅 및 정보경영사례연구 | 공학수학 1 | 수학 2,GATE,5,34,130,70,28,True,exact,28,129.4,0.0,129.4,135.1,135.3,140.9,0.0,0.0,135.1,5.7,0.042,5.7,31.7,4.084,129.4,0.0,True,125.9,0.028,0.624,16,22,5202.415-001 M1683.001000-002 5202.414-002 F31.201-003 F31.105-016,0.069,True
910,농업생명과학대학,농경제사회학부,4학년,식품마케팅 및 정보경영사례연구 | 지역정보학연구 | 농식품산업정보분석론 | 생물학 | 대학 글쓰기 2: 과학기술글쓰기 | 베리타스 실천: 영상 제작을 통해 대학을 재사유하기,919A,6,37,140,55,24,True,exact,24,152.9,0.0,152.9,161.9,162.2,165.3,0.0,0.0,161.9,9.0,0.055,9.0,30.5,5.013,152.9,0.0,True,137.2,0.114,0.579,10,17,5202.414-002 5202.415-001 M1683.001000-002 V30.109-001 F35.103-002 F11.203-013,0.065,True
910,농업생명과학대학,농경제사회학부,4학년,식품마케팅 및 정보경영사례연구 | 지역정보학연구 | 농식품산업정보분석론 | 생물학 | 대학 글쓰기 2: 과학기술글쓰기 | 베리타스 실천: 영상 제작을 통해 대학을 재사유하기,GATE,6,37,140,55,24,True,exact,24,135.7,0.0,135.7,144.7,147.7,149.1,0.0,0.0,144.7,9.0,0.062,9.0,29.7,4.575,135.7,0.0,True,130.6,0.039,0.564,10,17,5202.414-002 5202.415-001 M1683.001000-002 V30.109-001 F35.103-002 F11.203-013,0.053,True
911,인문대학,언어학과,4학년,화용론 | 인문데이터과학연습 | 응용음성학 | 언어학연습 2 | 베리타스 실천: 순환 자원과 지속가능성 프로젝트 | 대학 글쓰기 2: 과학기술글쓰기,919A,6,33,28,11,17,True,exact,17,110.5,0.0,110.5,129.5,124.8,140.5,0.0,0.0,129.5,19.0,0.147,19.0,25.6,4.31,110.5,0.0,True,94.4,0.171,0.25,6,12,108.420-001 M2911.000300-001 108.415-001 108.418-001 V30.114-001 F11.203-010,0.033,True
911,인문대학,언어학과,4학년,화용론 | 인문데이터과학연습 | 응용음성학 | 언어학연습 2 | 베리타스 실천: 순환 자원과 지속가능성 프로젝트 | 대학 글쓰기 2: 과학기술글쓰기,GATE,6,33,28,11,17,True,exact,17,144.9,0.0,144.9,154.2,144.9,169.0,0.0,0.0,154.2,9.3,0.06,9.3,31.2,4.645,144.9,0.0,True,136.9,0.058,0.231,6,12,108.420-001 M2911.000300-001 108.415-001 108.418-001 V30.114-001 F11.203-003,0.025,True
912,인문대학,언어학과,2학년,음운론 | 인문데이터 수량분석 | 역사비교언어학 | 통사론 | 대학영어 1 | 대학 글쓰기 1,919A,6,133,4070,3132,1552,True,exact,1552,90.2,0.0,90.2,124.3,121.6,153.5,0.0,0.0,124.3,34.1,0.275,34.1,17.7,5.1,90.2,0.0,True,75.3,0.198,11.761,117,133,108.208-001 M2911.000200-001 108.312-001 108.315-001 F21.101-031 F11.101-057,1.602,True
912,인문대학,언어학과,2학년,음운론 | 인문데이터 수량분석 | 역사비교언어학 | 통사론 | 대학영어 1 | 대학 글쓰기 1,GATE,6,133,4070,3132,1552,True,exact,1552,130.6,0.0,130.6,169.9,169.0,200.4,0.0,0.0,169.9,39.3,0.231,39.3,21.9,5.978,130.6,0.0,True,121.0,0.08,11.931,136,152,108.208-001 M2911.000200-001 108.312-001 108.315-001 F21.101-031 F11.101-050,1.873,True
913,학부대학,자유전공학부,3학년,고전탐구세미나 1 | 사회과학융합세미나 | 고전탐구세미나 2 | 자연과학융합세미나 | 컴퓨팅 기초: 처음 만나는 컴퓨팅,919A,5,23,19,8,1,False,exact,1,126.1,0.0,126.1,126.1,126.1,126.1,0.0,0.0,126.1,0.0,0.0,0.0,44.4,2.841,126.1,0.0,True,108.1,0.166,0.133,1,6,991.307-001 M2199.001400-001 991.308-001 M2199.001500-001 F37.101-006,0.015,True
913,학부대학,자유전공학부,3학년,고전탐구세미나 1 | 사회과학융합세미나 | 고전탐구세미나 2 | 자연과학융합세미나 | 컴퓨팅 기초: 처음 만나는 컴퓨팅,GATE,5,23,19,8,1,False,exact,1,90.4,0.0,90.4,90.4,90.4,90.4,0.0,0.0,90.4,0.0,0.0,0.0,33.5,2.701,90.4,0.0,True,83.8,0.079,0.089,1,6,991.307-001 M2199.001400-001 991.308-001 M2199.001500-001 F37.101-006,0.007,True
914,미술대학,동양화과,4학년,미술교과논리 및 논술 | 통합매체 2 | 작품연구:창작과 비평 | 베리타스 강좌 1: 기후위기와 인류 | 독일명작의 이해 | 초급중국어 1,919A,6,19,14,14,4,True,exact,4,140.5,0.0,140.5,140.0,140.6,142.7,0.5,25.2,190.5,-0.4,-0.003,50.0,30.8,4.56,140.5,0.0,True,120.0,0.171,0.394,4,10,M2182.001600-001 601.406A-001 601.320-001 V10.101-002 C10.109-001 F25.101-010,0.07,True
914,미술대학,동양화과,4학년,미술교과논리 및 논술 | 통합매체 2 | 작품연구:창작과 비평 | 베리타스 강좌 1: 기후위기와 인류 | 독일명작의 이해 | 초급중국어 1,GATE,6,19,14,14,4,True,exact,4,141.0,0.0,141.0,147.2,147.0,153.6,0.5,25.2,197.6,6.1,0.042,56.6,27.3,5.171,141.0,0.0,True,131.6,0.072,0.678,4,10,M2182.001600-001 601.406A-001 601.320-001 V10.101-002 C10.109-001 F25.101-008,0.044,True
915,생활과학대학,의류학과,1학년,의류소재섬유 | 의복과 건강 | 수학 2 | 공학수학 1 | 생물학,919A,5,38,650,350,8,True,exact,8,168.5,0.0,168.5,170.5,171.1,171.1,0.5,0.5,171.6,2.0,0.011,3.1,44.5,3.786,168.5,0.0,True,150.6,0.119,0.397,4,10,353.228-001 353.227-001 F31.201-004 F35.103-002 F31.105-023,0.037,True
915,생활과학대학,의류학과,1학년,의류소재섬유 | 의복과 건강 | 수학 2 | 공학수학 1 | 생물학,GATE,5,38,650,350,8,True,exact,8,145.1,0.0,145.1,148.9,150.1,150.1,0.5,0.5,150.0,3.7,0.025,4.8,35.1,4.138,145.1,0.0,True,137.7,0.054,0.57,4,10,353.228-001 353.227-001 F31.201-004 F35.103-002 F31.105-023,0.026,True
916,사범대학,윤리교육과,3학년,정치사상교육론 | 한국윤리사상 | 남북한사회연구 | 동양인성론과 동양우주론 | 주제 세미나,919A,5,7,3,3,2,True,exact,2,60.0,0.0,60.0,75.4,75.4,90.9,0.0,0.0,75.4,15.5,0.205,15.5,22.3,2.688,60.0,0.0,True,51.5,0.164,0.134,2,7,714.414A-001 714.306-001 714.316A-001 714.334-001 E52.101-003,0.021,True
916,사범대학,윤리교육과,3학년,정치사상교육론 | 한국윤리사상 | 남북한사회연구 | 동양인성론과 동양우주론 | 주제 세미나,GATE,5,7,3,3,2,True,exact,2,110.3,0.0,110.3,131.9,131.9,153.6,0.0,0.0,131.9,21.7,0.164,21.7,29.9,3.687,110.3,0.0,True,102.0,0.082,0.115,2,7,714.414A-001 714.306-001 714.316A-001 714.334-001 E52.101-003,0.014,True
917,공과대학,전기·정보공학부,3학년,디지털 시스템 설계 및 실험 | 데이터통신망의 기초 | 반도체소자 | 컴퓨터 시스템 프로그래밍 | 대학 글쓰기 2: 인문학글쓰기,919A,5,27,120,60,33,True,exact,33,286.3,0.0,286.3,321.7,292.7,375.0,0.545,6.5,334.8,35.4,0.11,48.4,54.3,5.268,286.3,0.0,True,257.1,0.114,0.766,12,19,M2608.001200-001 M2608.002600-001 430.315A-002 430.312-003 F11.201-020,0.094,True
917,공과대학,전기·정보공학부,3학년,디지털 시스템 설계 및 실험 | 데이터통신망의 기초 | 반도체소자 | 컴퓨터 시스템 프로그래밍 | 대학 글쓰기 2: 인문학글쓰기,GATE,5,27,120,60,33,True,exact,33,345.6,0.0,345.6,376.7,347.7,431.9,0.545,6.5,389.7,31.1,0.083,44.1,61.4,5.628,345.7,0.11,False,311.2,0.111,0.589,12,19,M2608.001200-001 M2608.002600-001 430.315A-001 430.312-001 F11.201-008,0.085,True
918,사범대학,지리교육과,3학년,지리교재연구 및 지도법 | 경제지리교육론 | 지리 논리 및 논술 | 대학 글쓰기 2: 인문학글쓰기 | 대학 글쓰기 2: 과학기술글쓰기 | 글로벌 이슈와 윤리적 사고,919A,6,52,560,165,26,True,exact,26,100.2,0.0,100.2,126.4,127.4,135.5,0.0,0.0,126.4,26.2,0.207,26.2,17.6,5.678,100.2,0.0,True,85.1,0.177,0.949,13,23,M1861.000500-001 713.228-001 M1861.000600-001 C30.106-001 F11.203-010 F11.201-003,0.115,True
918,사범대학,지리교육과,3학년,지리교재연구 및 지도법 | 경제지리교육론 | 지리 논리 및 논술 | 대학 글쓰기 2: 인문학글쓰기 | 대학 글쓰기 2: 과학기술글쓰기 | 글로벌 이슈와 윤리적 사고,GATE,6,52,560,165,26,True,exact,26,175.8,0.0,175.8,193.6,196.3,197.4,0.0,0.0,193.6,17.8,0.092,17.8,27.8,6.315,175.8,0.0,True,163.2,0.077,0.982,15,25,M1861.000500-001 713.228-001 M1861.000600-001 C30.106-001 F11.203-010 F11.201-008,0.105,True
919,공과대학,화학생물공학부,2학년,응용생화학 1 | 화학생물공학기초실험 | 물리화학 2 | 생명과학을 위한 수학 1 | 라틴어 1 | 근대 한국의 역사와 문화,919A,6,17,192,24,48,True,exact,48,355.0,0.0,355.0,364.6,364.0,374.8,0.667,14.1,392.8,9.6,0.026,37.8,61.6,5.76,355.0,0.0,True,313.9,0.131,0.53,6,14,M1587.000200-001 458.202-001 C20.104-001 458.206-001 F31.111-002 F29.103-003,0.054,True
919,공과대학,화학생물공학부,2학년,응용생화학 1 | 화학생물공학기초실험 | 물리화학 2 | 생명과학을 위한 수학 1 | 라틴어 1 | 근대 한국의 역사와 문화,GATE,6,17,192,24,48,True,exact,48,381.5,0.0,381.5,391.1,390.5,401.3,0.667,14.1,419.4,9.6,0.025,37.8,65.8,5.802,381.5,0.0,True,342.0,0.116,0.701,6,14,M1587.000200-001 458.202-001 C20.104-001 458.206-001 F31.111-002 F29.103-003,0.044,True
920,미술대학,동양화과,4학년,통합매체 2 | 작품연구:창작과 비평 | 미술교과논리 및 논술 | 인간관계의 심리학 | 학생자율세미나: 주제 | 생활구강건강관리,919A,6,11,12,12,3,True,exact,3,149.2,0.0,149.2,158.9,153.0,174.4,0.0,0.0,158.9,9.6,0.061,9.6,46.2,3.229,149.2,0.0,True,130.6,0.142,0.41,3,11,601.406A-001 601.320-001 M2182.001600-001 E11.215-001 E31.101-003 E11.163-003,0.044,True
920,미술대학,동양화과,4학년,통합매체 2 | 작품연구:창작과 비평 | 미술교과논리 및 논술 | 인간관계의 심리학 | 학생자율세미나: 주제 | 생활구강건강관리,GATE,6,11,12,12,3,True,exact,3,125.5,0.0,125.5,132.2,133.6,137.5,0.0,0.0,132.2,6.7,0.051,6.7,35.9,3.494,125.5,0.0,True,118.5,0.059,0.436,3,11,601.406A-001 601.320-001 M2182.001600-001 E11.215-001 E31.101-003 E11.163-003,0.037,True
921,농업생명과학대학,산림과학부,4학년,학술림 연구 및 실습 | 산림복원공학 및 실습 | 환경재료과학 논문연구 | 대학 글쓰기 1 | 수학 2 | 죽음의 과학적 이해,919A,6,104,1924,812,831,True,exact,831,203.6,0.0,203.6,211.4,207.3,233.3,0.065,0.1,211.6,7.8,0.037,8.0,35.1,5.806,203.6,0.0,True,182.7,0.114,11.176,340,359,M1698.001900-002 M1698.002300-002 M1699.000400-001 E11.174-001 F31.105-006 F11.101-046,2.023,True
921,농업생명과학대학,산림과학부,4학년,학술림 연구 및 실습 | 산림복원공학 및 실습 | 환경재료과학 논문연구 | 대학 글쓰기 1 | 수학 2 | 죽음의 과학적 이해,GATE,6,104,1924,812,831,True,exact,831,150.2,0.0,150.2,163.6,161.1,175.5,0.065,0.1,163.8,13.3,0.082,13.6,24.4,6.165,150.2,0.0,True,146.8,0.023,9.921,222,241,M1698.001900-002 M1698.002300-002 M1699.000400-001 E11.174-001 F31.105-016 F11.101-016,1.879,True
922,생활과학대학,소비자아동학부,3학년,아동가족인턴십 2 | 금융시장과 소비자 | 소비자와 상품기획 | 가족생활교육 | 물리학실험 | 대학 글쓰기 1,919A,6,86,592,464,185,True,exact,185,141.9,0.0,141.9,182.9,184.1,222.4,0.065,0.1,183.2,41.0,0.224,41.2,38.8,3.662,141.9,0.0,True,123.6,0.148,2.21,20,27,M2808.003500-001 M1471.000300-001 M1471.001800-001 M2808.003800-001 F33.105L-003 F11.101-032,0.315,True
922,생활과학대학,소비자아동학부,3학년,아동가족인턴십 2 | 금융시장과 소비자 | 소비자와 상품기획 | 가족생활교육 | 물리학실험 | 대학 글쓰기 1,GATE,6,86,592,464,185,True,exact,185,94.5,0.0,94.5,138.2,136.4,177.2,0.065,0.1,138.5,43.7,0.316,43.9,28.7,3.298,94.5,0.0,True,89.2,0.061,2.503,17,25,M2808.003500-001 M1471.000300-001 M1471.001800-001 M2808.003800-001 F33.105L-003 F11.101-032,0.356,True
923,공과대학,기계공학부,3학년,응용열역학 | 기계제품 종합설계 | 로봇 비전 | 기계공학을 위한 머신러닝 | 우주의 진화 | 역사와 역사 재현,919A,6,7,2,2,2,True,exact,2,244.6,0.0,244.6,268.3,268.3,292.0,0.5,16.4,301.1,23.7,0.088,56.5,56.5,4.327,244.6,0.0,True,215.4,0.135,0.162,2,8,M2794.002200-001 M3228.003800-001 M3228.003000-001 M3228.000800-001 C40.123-001 C20.127-002,0.021,True
923,공과대학,기계공학부,3학년,응용열역학 | 기계제품 종합설계 | 로봇 비전 | 기계공학을 위한 머신러닝 | 우주의 진화 | 역사와 역사 재현,GATE,6,7,2,2,2,True,exact,2,282.7,0.0,282.7,305.1,305.1,327.4,0.5,16.4,337.9,22.4,0.073,55.2,59.5,4.754,282.7,0.0,True,255.5,0.107,0.139,2,8,M2794.002200-001 M3228.003800-001 M3228.003000-001 M3228.000800-001 C40.123-001 C20.127-002,0.012,True
924,미술대학,조소과,3학년,인공지능 예술 실습 | 현대조각론 2 | 미디어 기획 | 현대매체예술사 | 고급수학연습 2 | 심리학개론,919A,6,14,24,20,6,True,exact,6,124.7,0.0,124.7,143.5,147.3,147.3,0.0,0.0,143.5,18.8,0.131,18.8,40.7,3.062,124.7,0.0,True,107.1,0.165,0.236,5,11,M1783.000200-001 603.414-002 613.453A-001 613.302-001 E11.146-002 F31.107L-003,0.032,True
924,미술대학,조소과,3학년,인공지능 예술 실습 | 현대조각론 2 | 미디어 기획 | 현대매체예술사 | 고급수학연습 2 | 심리학개론,GATE,6,14,24,20,6,True,exact,6,103.9,0.0,103.9,114.5,116.6,116.6,0.0,0.0,114.5,10.6,0.092,10.6,30.3,3.433,103.9,0.0,True,96.2,0.079,0.259,5,11,M1783.000200-001 603.414-002 613.453A-001 613.302-001 E11.146-002 F31.107L-003,0.024,True
925,사범대학,독어교육과,4학년,독문학교수법 | 독일문학과 상호문화 | 대학 글쓰기 1 | 조선의 역사적 성취와 유산 | 시사독일어,919A,5,79,148,116,107,True,exact,107,85.0,0.0,85.0,111.3,114.5,134.5,0.0,0.0,111.3,26.3,0.236,26.3,19.4,4.389,85.0,0.0,True,72.1,0.18,2.435,52,58,709.427-001 709.433-001 F22.303-001 C20.135-002 F11.101-058,0.389,True
925,사범대학,독어교육과,4학년,독문학교수법 | 독일문학과 상호문화 | 대학 글쓰기 1 | 조선의 역사적 성취와 유산 | 시사독일어,GATE,5,79,148,116,107,True,exact,107,126.4,0.0,126.4,146.3,146.3,171.9,0.0,0.0,146.3,19.9,0.136,19.9,23.7,5.333,126.4,0.0,True,118.6,0.065,2.712,46,52,709.427-001 709.433-001 F22.303-001 C20.135-001 F11.101-047,0.327,True
926,학부대학,자유전공학부,3학년,자연과학융합세미나 | 고전탐구세미나 1 | 사회과학융합세미나 | 고전탐구세미나 2 | 대학영어 1,919A,5,59,55,54,1,False,exact,1,142.4,0.0,142.4,142.4,142.4,142.4,0.0,0.0,142.4,0.0,0.0,0.0,32.0,4.454,142.4,0.0,True,120.9,0.177,0.391,1,6,M2199.001500-001 991.307-001 M2199.001400-001 991.308-001 F21.101-055,0.024,True
926,학부대학,자유전공학부,3학년,자연과학융합세미나 | 고전탐구세미나 1 | 사회과학융합세미나 | 고전탐구세미나 2 | 대학영어 1,GATE,5,59,55,54,1,False,exact,1,127.7,0.0,127.7,127.7,127.7,127.7,0.0,0.0,127.7,0.0,0.0,0.0,27.9,4.57,127.7,0.0,True,118.1,0.081,0.338,1,6,M2199.001500-001 991.307-001 M2199.001400-001 991.308-001 F21.101-055,0.019,True
927,인문대학,아시아언어문명학부,4학년,페르시아어강독 2 | 동남아시아 문명 특강 | 고급 아랍어 2 | 베트남어 강독 2 | 대학 글쓰기 2: 인문학글쓰기 | 베리타스 강좌 1: 나 찾기-몸·마음·영혼,919A,6,25,20,15,9,True,exact,9,90.1,0.0,90.1,93.1,91.4,108.7,0.0,0.0,93.1,3.0,0.032,3.0,21.3,4.225,90.1,0.0,True,76.0,0.186,0.329,6,12,1003.434-001 1003.452-001 M2752.000700-001 1003.455-001 V10.124-001 F11.201-009,0.044,True
927,인문대학,아시아언어문명학부,4학년,페르시아어강독 2 | 동남아시아 문명 특강 | 고급 아랍어 2 | 베트남어 강독 2 | 대학 글쓰기 2: 인문학글쓰기 | 베리타스 강좌 1: 나 찾기-몸·마음·영혼,GATE,6,25,20,15,9,True,exact,9,119.7,0.0,119.7,126.1,120.5,154.4,0.0,0.0,126.1,6.4,0.051,6.4,27.1,4.411,119.7,0.0,True,112.9,0.06,0.456,6,12,1003.434-001 1003.452-001 M2752.000700-001 1003.455-001 V10.124-001 F11.201-003,0.035,True
928,미술대학,디자인과,3학년,공간디자인 | 운송디자인 | 3D그래픽디자인 | 인간행태와디자인 | 대학영어 1,919A,5,59,55,54,10,True,exact,10,114.3,0.0,114.3,130.6,131.9,135.1,0.0,0.0,130.6,16.4,0.125,16.4,31.2,3.659,114.3,0.0,True,97.2,0.175,0.616,10,15,M3389.002900-001 M3389.003600-001 M3389.002200-001 M1774.002000-001 F21.101-054,0.065,True
928,미술대학,디자인과,3학년,공간디자인 | 운송디자인 | 3D그래픽디자인 | 인간행태와디자인 | 대학영어 1,GATE,5,59,55,54,10,True,exact,10,117.1,0.0,117.1,139.4,142.3,144.1,0.0,0.0,139.4,22.2,0.16,22.2,28.0,4.178,117.1,0.0,True,109.0,0.075,0.585,10,15,M3389.002900-001 M3389.003600-001 M3389.002200-001 M1774.002000-001 F21.101-054,0.053,True
929,농업생명과학대학,응용생물화학부,3학년,곤충생명공학 | 식물영양화학 | 분자생물학실험 | 응용곤충학 및 실험 | 베리타스 강좌 1: 전쟁과 평화 | 화학 2,919A,6,6,1,1,1,False,exact,1,168.6,0.0,168.6,168.6,168.6,168.6,0.0,0.0,168.6,0.0,0.0,0.0,47.3,3.566,168.6,0.0,True,152.6,0.105,0.097,1,7,5192.461-001 5191.303-001 M1678.001300-001 519.354-001 V10.127-001 F34.105-002,0.013,True
929,농업생명과학대학,응용생물화학부,3학년,곤충생명공학 | 식물영양화학 | 분자생물학실험 | 응용곤충학 및 실험 | 베리타스 강좌 1: 전쟁과 평화 | 화학 2,GATE,6,6,1,1,1,False,exact,1,130.6,0.0,130.6,130.6,130.6,130.6,0.0,0.0,130.6,0.0,0.0,0.0,37.2,3.505,130.6,0.0,True,126.9,0.029,0.109,1,7,5192.461-001 5191.303-001 M1678.001300-001 519.354-001 V10.127-001 F34.105-002,0.01,True
930,농업생명과학대학,바이오시스템·소재학부,3학년,전기전자응용 및 실험 | 생체역학 및 실험 | 컴퓨터프로그래밍개론 | 농업동력 및 트랙터 | 생물학실험 2,919A,5,13,9,6,2,False,exact,2,231.8,0.0,231.8,231.8,231.8,231.9,0.0,0.0,231.8,0.0,0.0,0.0,48.5,4.775,231.9,0.01,True,211.9,0.094,0.113,2,7,5261.322-001 5261.429-001 500.405-001 5261.325-001 F35.105L-009,0.014,True
930,농업생명과학대학,바이오시스템·소재학부,3학년,전기전자응용 및 실험 | 생체역학 및 실험 | 컴퓨터프로그래밍개론 | 농업동력 및 트랙터 | 생물학실험 2,GATE,5,13,9,6,2,False,exact,2,185.7,0.0,185.7,185.7,185.7,185.7,0.0,0.0,185.7,0.0,0.0,0.0,37.1,4.998,185.7,0.0,True,180.0,0.032,0.107,2,7,5261.322-001 5261.429-001 500.405-001 5261.325-001 F35.105L-008,0.01,True
931,공과대학,조선해양공학과,2학년,선박 해양 탄소중립 에너지 개론 | 구조동역학 | 유체역학기초 | 물리학실험 | 수학연습 2,919A,5,56,360,136,332,True,exact,332,161.6,0.0,161.6,195.7,197.4,205.0,0.0,0.0,195.7,34.1,0.174,34.1,40.1,4.026,161.6,0.0,True,147.2,0.098,1.861,31,41,M1513.002400-001 414.252-001 414.241-001 F33.105L-006 F31.105L-004,0.336,True
931,공과대학,조선해양공학과,2학년,선박 해양 탄소중립 에너지 개론 | 구조동역학 | 유체역학기초 | 물리학실험 | 수학연습 2,GATE,5,56,360,136,332,True,exact,332,162.7,0.0,162.7,190.5,191.5,198.1,0.0,0.0,190.5,27.8,0.146,27.8,32.2,5.051,162.7,0.0,True,154.8,0.051,2.136,44,54,M1513.002400-001 414.252-001 414.241-001 F33.105L-006 F31.105L-033,0.319,True
932,미술대학,서양화과,1학년,워크숍: 실험적 표현 | 워크숍: 재료와 도구 | 스페인어권명작의 이해 | 성의 철학과 성윤리 | 논리학,919A,5,11,15,15,8,True,exact,8,95.1,0.0,95.1,128.7,139.1,140.3,0.0,0.0,128.7,33.7,0.262,33.7,34.7,2.743,95.1,0.0,True,82.2,0.157,0.535,8,15,M1766.001400-001 M1766.001200-001 C10.134-001 C20.124-003 C20.106-005,0.083,True
932,미술대학,서양화과,1학년,워크숍: 실험적 표현 | 워크숍: 재료와 도구 | 스페인어권명작의 이해 | 성의 철학과 성윤리 | 논리학,GATE,5,11,15,15,8,True,exact,8,98.4,0.0,98.4,137.9,148.0,151.6,0.0,0.0,137.9,39.5,0.287,39.5,32.4,3.038,98.4,0.0,True,92.0,0.069,0.373,8,15,M1766.001400-001 M1766.001200-001 C10.134-001 C20.124-003 C20.106-005,0.075,True
933,공과대학,전기·정보공학부,3학년,디지털 시스템 설계 및 실험 | 전기·정보세미나 2 | 전력전자공학 | 데이터통신망의 기초 | 대학영어 1 | 한국 수화 언어의 이해,919A,6,62,220,216,75,True,exact,75,297.5,0.0,297.5,341.9,377.2,385.1,0.707,9.3,360.4,44.4,0.13,62.9,55.3,5.382,297.5,0.0,True,265.2,0.122,2.04,20,27,M2608.001500-001 430.442-001 M2608.001200-001 430.315A-002 E20.107-002 F21.101-020,0.351,True
933,공과대학,전기·정보공학부,3학년,디지털 시스템 설계 및 실험 | 전기·정보세미나 2 | 전력전자공학 | 데이터통신망의 기초 | 대학영어 1 | 한국 수화 언어의 이해,GATE,6,62,220,216,75,True,exact,75,352.3,0.0,352.3,396.1,436.6,440.5,0.707,9.3,414.6,43.8,0.111,62.3,63.6,5.539,352.6,0.3,False,316.1,0.114,2.007,21,28,M2608.001500-001 430.442-001 M2608.001200-001 430.315A-002 E20.107-002 F21.101-013,0.301,True
934,공과대학,에너지자원공학과,4학년,에너지사업 타당성평가 | 지구물리 모니터링 | 대학영어 1 | 초급한문 1 | 고급영어: 영화,919A,5,73,3025,2700,415,True,exact,415,133.8,0.0,133.8,171.2,176.0,192.4,0.393,0.1,171.5,37.4,0.219,37.7,38.8,3.448,133.8,0.0,True,123.0,0.087,7.737,115,134,M1594.002400-001 M1594.003000-001 F21.306-005 F28.101-007 F21.101-045,2.194,True
934,공과대학,에너지자원공학과,4학년,에너지사업 타당성평가 | 지구물리 모니터링 | 대학영어 1 | 초급한문 1 | 고급영어: 영화,GATE,5,73,3025,2700,415,True,exact,415,139.9,0.0,139.9,182.9,191.4,208.8,0.393,0.1,183.2,42.9,0.235,43.2,40.4,3.466,139.9,0.0,True,132.8,0.054,6.024,42,59,M1594.002400-001 M1594.003000-001 F21.306-007 F28.101-005 F21.101-042,1.027,True
935,혁신공유학부,혁신공유학부,1학년,(공유)빅데이터 개론 1 | (공유)스마트산림번식학 | 규장각과 한국문화 | 생활원예 | 대학 글쓰기 2: 과학기술글쓰기 | 그리스.로마신화,919A,6,35,112,44,6,True,exact,6,155.2,0.0,155.2,181.3,186.0,189.0,0.0,0.0,181.3,26.1,0.144,26.1,33.7,4.607,155.2,0.0,True,137.2,0.131,0.287,4,10,M3502.015800-001 E11.137-001 C10.103-001 M3500.000300-001 C20.102-002 F11.203-020,0.04,True
935,혁신공유학부,혁신공유학부,1학년,(공유)빅데이터 개론 1 | (공유)스마트산림번식학 | 규장각과 한국문화 | 생활원예 | 대학 글쓰기 2: 과학기술글쓰기 | 그리스.로마신화,GATE,6,35,112,44,6,True,exact,6,151.3,0.0,151.3,165.8,160.9,181.9,0.0,0.0,165.8,14.4,0.087,14.4,33.4,4.527,151.3,0.0,True,140.4,0.078,0.253,4,10,M3502.015800-001 E11.137-001 C10.103-001 M3500.000300-001 C20.102-002 F11.203-020,0.025,True
936,공과대학,전기·정보공학부,2학년,전기시스템선형대수 | 자료구조의 기초 | 논리설계 및 실험 | 회로 이론 및 실험 | 라틴어 1,919A,5,15,108,108,24,True,exact,24,238.3,9.3,257.0,281.8,279.4,330.6,1.0,15.3,312.5,43.5,0.154,55.5,54.2,4.395,238.3,0.0,True,212.6,0.121,0.886,16,32,M2608.003200-001 430.216-002 430.217-002 430.201A-002 F29.103-004,0.146,True
936,공과대학,전기·정보공학부,2학년,전기시스템선형대수 | 자료구조의 기초 | 논리설계 및 실험 | 회로 이론 및 실험 | 라틴어 1,GATE,5,15,108,108,24,True,exact,24,275.8,9.3,294.5,324.9,325.3,376.0,1.0,15.3,355.5,49.1,0.151,61.1,61.2,4.509,274.0,18.6,False,247.8,0.113,1.074,17,33,M2608.003200-001 430.216-002 430.217-002 430.201A-002 F29.103-004,0.142,True
937,약학대학,약학대학,4학년,의약화학 2 (심화) | 약물 송달학 | 유용천연물소재학 | 약학실습 8 | 공학수학 1,919A,5,9,5,5,2,False,exact,2,131.5,0.0,131.5,131.5,131.5,131.5,0.0,0.0,131.5,0.0,0.0,0.0,32.2,4.083,131.5,0.0,True,118.5,0.11,0.129,2,7,M2175.009000-001 M2175.008700-001 M2175.008900-001 M2175.014000-001 F31.201-003,0.013,True
937,약학대학,약학대학,4학년,의약화학 2 (심화) | 약물 송달학 | 유용천연물소재학 | 약학실습 8 | 공학수학 1,GATE,5,9,5,5,2,False,exact,2,148.1,0.0,148.1,148.1,148.1,148.1,0.0,0.0,148.1,0.0,0.0,0.0,35.8,4.138,148.1,0.0,True,138.0,0.073,0.1,2,7,M2175.009000-001 M2175.008700-001 M2175.008900-001 M2175.014000-001 F31.201-003,0.01,True
938,인문대학,아시아언어문명학부,3학년,말레이-인도네시아어 강독 2 | 서아시아 언어의 세계 | 중급 아랍어 2 | 해양부 동남아시아의 사회와 문화 | 베리타스 강좌 1: 스포츠로 배우는 경쟁과 협력,919A,5,5,1,1,1,False,exact,1,126.6,0.0,126.6,126.6,126.6,126.6,0.0,0.0,126.6,0.0,0.0,0.0,35.4,3.578,126.6,0.0,True,106.2,0.192,0.124,1,6,1003.354-001 M2752.001000-001 M2752.001400-001 M2641.002100-001 V10.125-001,0.043,True
938,인문대학,아시아언어문명학부,3학년,말레이-인도네시아어 강독 2 | 서아시아 언어의 세계 | 중급 아랍어 2 | 해양부 동남아시아의 사회와 문화 | 베리타스 강좌 1: 스포츠로 배우는 경쟁과 협력,GATE,5,5,1,1,1,False,exact,1,149.3,0.0,149.3,149.3,149.3,149.3,0.0,0.0,149.3,0.0,0.0,0.0,29.7,5.035,149.3,0.0,True,140.2,0.065,0.301,1,6,1003.354-001 M2752.001000-001 M2752.001400-001 M2641.002100-001 V10.125-001,0.018,True
939,사범대학,교육학과,2학년,후기근대적 인간관과 교육 | 교육사 | 영미 대중소설의 이해 | 독일명작의 이해 | 소그룹 고전원전읽기 1,919A,5,21,32,32,23,True,exact,23,87.8,0.0,87.8,94.4,93.6,101.4,0.0,0.0,94.4,6.6,0.07,6.6,19.8,4.442,87.8,0.0,True,74.3,0.182,0.916,23,29,M1831.005300-001 701.411A-001 C10.109-001 C10.140-002 E52.103-010,0.144,True
939,사범대학,교육학과,2학년,후기근대적 인간관과 교육 | 교육사 | 영미 대중소설의 이해 | 독일명작의 이해 | 소그룹 고전원전읽기 1,GATE,5,21,32,32,23,True,exact,23,130.5,0.0,130.5,135.3,136.3,140.3,0.0,0.0,135.3,4.8,0.035,4.8,28.6,4.563,130.5,0.0,True,122.2,0.068,0.908,23,29,M1831.005300-001 701.411A-001 C10.109-001 C10.140-001 E52.103-018,0.155,True
940,간호대학,간호대학,2학년,보건커뮤니케이션과 건강교육 | 동양철학의 이해 | 수학연습 2 | 고급수학연습 2 | 시장경제와 법 | 수학 2,919A,6,82,21060,3570,5280,True,exact,5280,152.1,0.0,152.1,178.4,186.3,213.8,0.0,0.0,178.4,26.3,0.148,26.3,51.3,2.964,152.1,0.0,True,133.6,0.138,12.367,237,324,M1991.001900-001 E11.143-001 C20.113-002 F31.107L-002 F31.105-006 F31.105L-017,2.412,True
940,간호대학,간호대학,2학년,보건커뮤니케이션과 건강교육 | 동양철학의 이해 | 수학연습 2 | 고급수학연습 2 | 시장경제와 법 | 수학 2,GATE,6,82,21060,3570,5280,True,exact,5280,110.4,0.0,110.4,137.8,143.5,163.5,0.0,0.0,137.8,27.4,0.199,27.4,36.4,3.034,110.4,0.0,True,104.6,0.056,8.538,116,180,M1991.001900-001 E11.143-001 C20.113-002 F31.107L-002 F31.105-006 F31.105L-017,1.562,True
941,자연과학대학,자연과학대학,2학년,테크노사이언스의 역사와 철학 | 과학과 근대사회 | 과학기술과 법 | 대학영어 1 | 컴퓨터의 개념 및 실습 | 대학 글쓰기 1,919A,6,134,8140,6264,335,True,exact,335,209.6,0.4,210.5,226.6,220.0,247.4,0.436,3.7,234.0,17.0,0.075,23.5,31.9,6.577,209.6,0.0,True,185.2,0.132,9.084,144,161,300.306-001 300.302-001 300.307-001 F37.202-003 F21.101-055 F11.101-019,1.084,True
941,자연과학대학,자연과학대학,2학년,테크노사이언스의 역사와 철학 | 과학과 근대사회 | 과학기술과 법 | 대학영어 1 | 컴퓨터의 개념 및 실습 | 대학 글쓰기 1,GATE,6,134,8140,6264,335,True,exact,335,180.7,0.0,180.7,195.5,194.4,222.3,0.436,3.7,202.9,14.8,0.076,22.2,29.0,6.233,180.8,0.0,True,170.1,0.062,7.908,65,82,300.306-001 300.302-001 300.307-001 F37.202-003 F21.101-004 F11.101-047,0.937,True
942,공과대학,기계공학부,2학년,유체역학 | 역학과 설계 | 동역학 | 인간생명과학개론 | 공학수학 1,919A,5,10,10,5,4,True,exact,4,266.4,0.0,266.4,267.1,267.1,267.8,0.5,2.1,271.2,0.7,0.003,4.9,67.5,3.948,266.4,0.0,True,236.4,0.127,0.12,2,7,M2794.001300-001 M2794.001400-001 M2794.001200-001 E11.164-001 F31.201-005,0.023,True
942,공과대학,기계공학부,2학년,유체역학 | 역학과 설계 | 동역학 | 인간생명과학개론 | 공학수학 1,GATE,5,10,10,5,4,True,exact,4,282.4,0.0,282.4,281.9,281.9,282.4,0.5,2.1,286.0,-0.5,-0.002,3.6,63.9,4.417,281.3,7.3,False,251.8,0.121,0.112,2,7,M2794.001300-001 M2794.001400-001 M2794.001200-001 E11.164-001 F31.201-005,0.012,True
943,사범대학,영어교육과,3학년,영어교수법 | 영어 교육방법 및 교육공학 | 영어작문 2 | 미국문학과 미국문화의 이해 | 초급스페인어 1 | 인간관계의 심리학,919A,6,26,192,192,10,True,exact,10,107.5,0.0,107.5,114.6,114.3,128.7,0.3,15.3,145.1,7.1,0.062,37.7,31.4,3.418,107.5,0.0,True,93.1,0.154,0.753,8,17,707.313-001 707.325-001 707.309A-001 707.215-001 E11.163-004 F24.101-002,0.105,True
943,사범대학,영어교육과,3학년,영어교수법 | 영어 교육방법 및 교육공학 | 영어작문 2 | 미국문학과 미국문화의 이해 | 초급스페인어 1 | 인간관계의 심리학,GATE,6,26,192,192,10,True,exact,10,139.0,0.0,139.0,151.0,143.4,175.8,0.3,15.3,181.5,12.0,0.08,42.6,30.7,4.528,139.0,0.0,True,128.7,0.08,0.841,7,16,707.313-001 707.325-001 707.309A-001 707.215-002 E11.163-004 F24.101-009,0.078,True
944,인문대학,아시아언어문명학부,4학년,동남아시아 문명 특강 | 베트남어 강독 2 | 중동현대사의 쟁점들 | 고급 터키어 2 | 공연예술의 이해,919A,5,8,4,4,2,True,exact,2,89.1,0.0,89.1,89.7,89.7,90.2,0.0,0.0,89.7,0.5,0.006,0.5,21.7,4.102,89.1,0.0,True,74.7,0.193,0.135,2,7,1003.452-001 1003.455-001 1003.432-001 M2752.000900-001 C10.102-001,0.018,True
944,인문대학,아시아언어문명학부,4학년,동남아시아 문명 특강 | 베트남어 강독 2 | 중동현대사의 쟁점들 | 고급 터키어 2 | 공연예술의 이해,GATE,5,8,4,4,2,True,exact,2,119.2,0.0,119.2,121.1,121.1,123.0,0.0,0.0,121.1,1.8,0.015,1.8,26.7,4.465,119.2,0.0,True,112.7,0.059,0.132,2,7,1003.452-001 1003.455-001 1003.432-001 M2752.000900-001 C10.102-001,0.014,True
945,자연과학대학,지구환경과학부,4학년,해양암석지구화학 및 실험 | 지구환경과학논문연구 | 해양오염 및 실험 | 자원지질학 및 실험 | 생명과학을 위한 수학 2,919A,5,11,15,15,9,False,exact,9,182.6,0.0,182.6,182.6,182.6,182.6,0.0,0.0,182.6,0.0,0.0,0.0,36.0,5.076,182.6,0.0,True,160.5,0.138,0.326,9,16,M1411.003700-001 M1411.000400-001 3345.409A-001 M1411.002600-001 F31.112-001,0.045,True
945,자연과학대학,지구환경과학부,4학년,해양암석지구화학 및 실험 | 지구환경과학논문연구 | 해양오염 및 실험 | 자원지질학 및 실험 | 생명과학을 위한 수학 2,GATE,5,11,15,15,9,False,exact,9,131.1,0.0,131.1,131.1,131.1,131.1,0.0,0.0,131.1,0.0,0.0,0.0,23.7,5.535,131.1,0.0,True,125.7,0.042,0.332,9,16,M1411.003700-001 M1411.000400-001 3345.409A-001 M1411.002600-001 F31.112-001,0.04,True
946,사범대학,역사교육과,1학년,국사교육강독 | 세계사의 이해 | 중급프랑스어 1 | 초급스페인어 1 | 대학영어 2: 말하기 | 신입생 세미나,919A,6,41,4608,4224,447,True,exact,447,103.1,0.0,103.1,128.2,128.1,159.7,0.461,22.5,173.2,25.1,0.196,70.0,20.2,5.111,103.3,0.15,False,88.7,0.163,4.994,41,64,712.202-001 M0000.028700-001 F26.201-001 E51.101-001 F21.202-007 F24.101-014,1.053,True
946,사범대학,역사교육과,1학년,국사교육강독 | 세계사의 이해 | 중급프랑스어 1 | 초급스페인어 1 | 대학영어 2: 말하기 | 신입생 세미나,GATE,6,41,4608,4224,447,True,exact,447,129.2,0.0,129.2,151.8,150.1,179.5,0.461,22.5,196.7,22.6,0.149,67.5,20.7,6.246,129.2,0.0,True,120.8,0.07,6.034,60,87,712.202-001 M0000.028700-001 F26.201-001 E51.101-001 F21.202-002 F24.101-009,0.946,True
947,공과대학,건설환경도시공학부,4학년,공학기술의 응용과 전망 | 국토 및 지역계획 | 수학 2 | 여성과 문학 | 기독교와 서양문명,919A,5,30,26,14,18,True,exact,18,161.4,0.0,161.4,163.2,162.1,173.2,0.0,0.0,163.2,1.8,0.011,1.8,39.3,4.105,161.4,0.0,True,143.2,0.128,0.463,6,11,M2177.008900-001 457.404-001 C10.139-001 C10.105-001 F31.105-001,0.05,True
947,공과대학,건설환경도시공학부,4학년,공학기술의 응용과 전망 | 국토 및 지역계획 | 수학 2 | 여성과 문학 | 기독교와 서양문명,GATE,5,30,26,14,18,True,exact,18,180.9,0.0,180.9,182.2,182.3,183.7,0.0,0.0,182.2,1.3,0.007,1.3,38.5,4.705,180.9,0.0,True,168.8,0.072,0.337,9,14,M2177.008900-001 457.404-001 C10.139-001 C10.105-001 F31.105-006,0.045,True
948,자연과학대학,지구환경과학부,3학년,구조지질학 및 실험 | 광물학: 지구행성물질과학 및 실험 | 대기화학개론 및 실습 | 대기역학 2 | 대학 글쓰기 2: 사회과학글쓰기 | 수학연습 2,919A,6,60,495,187,155,True,exact,155,205.2,0.0,205.2,212.1,207.3,234.1,0.0,0.0,212.1,6.9,0.033,6.9,33.3,6.153,205.2,0.0,True,182.7,0.123,2.377,60,70,3345.309-001 M1411.004800-001 M1411.001000-001 3345.302-001 F11.202-007 F31.105L-008,0.412,True
948,자연과학대학,지구환경과학부,3학년,구조지질학 및 실험 | 광물학: 지구행성물질과학 및 실험 | 대기화학개론 및 실습 | 대기역학 2 | 대학 글쓰기 2: 사회과학글쓰기 | 수학연습 2,GATE,6,60,495,187,155,True,exact,155,144.7,0.0,144.7,162.6,161.6,180.6,0.0,0.0,162.6,17.9,0.11,17.9,30.5,4.751,144.7,0.0,True,140.2,0.032,1.939,48,57,3345.309-001 M1411.004800-001 M1411.001000-001 3345.302-001 F11.202-007 F31.105L-033,0.283,True
949,첨단융합학부,첨단융합학부,3학년,"신약연구실험 1 | 바이오의약품설계 | 첨단반도체물리 | 질병의 이해 2 (종양, 대사, 신경) | 생명과학을 위한 수학 2",919A,5,9,5,5,1,False,exact,1,164.3,0.0,164.3,164.3,164.3,164.3,0.0,0.0,164.3,0.0,0.0,0.0,43.3,3.798,164.3,0.0,True,148.6,0.105,0.107,1,6,M3638.001200-001 M3638.003300-001 M3637.000800-001 M3638.003800-001 F31.112-002,0.017,True
949,첨단융합학부,첨단융합학부,3학년,"신약연구실험 1 | 바이오의약품설계 | 첨단반도체물리 | 질병의 이해 2 (종양, 대사, 신경) | 생명과학을 위한 수학 2",GATE,5,9,5,5,1,False,exact,1,176.2,0.0,176.2,176.2,176.2,176.2,0.0,0.0,176.2,0.0,0.0,0.0,39.4,4.476,176.2,0.0,True,163.3,0.079,0.098,1,6,M3638.001200-001 M3638.003300-001 M3637.000800-001 M3638.003800-001 F31.112-002,0.011,True
950,공과대학,산업공학과,2학년,인간공학실험 | 산업공학의 이해 | 산업공학개론 | 정치학개론 | 베리타스 실천: 현대사회와 적정기술,919A,5,5,1,1,1,False,exact,1,228.1,0.0,228.1,228.1,228.1,228.1,0.0,0.0,228.1,0.0,0.0,0.0,51.5,4.43,228.1,0.0,True,209.0,0.091,0.071,1,6,406.305A-001 406.434-001 400.015-001 C30.133-001 V30.115-001,0.011,True
950,공과대학,산업공학과,2학년,인간공학실험 | 산업공학의 이해 | 산업공학개론 | 정치학개론 | 베리타스 실천: 현대사회와 적정기술,GATE,5,5,1,1,1,False,exact,1,224.5,0.0,224.5,224.5,224.5,224.5,0.0,0.0,224.5,0.0,0.0,0.0,43.5,5.16,224.5,0.0,True,215.5,0.042,0.248,1,6,406.305A-001 406.434-001 400.015-001 C30.133-001 V30.115-001,0.008,True
951,자연과학대학,물리·천문학부,3학년,천체물리학개론 1 | 중급물리실험 2 | 전산물리 | 고급 양자물리 | 현대서양의 형성,919A,5,7,3,3,3,True,exact,3,169.2,0.0,169.2,173.8,170.7,181.6,0.0,0.0,173.8,4.6,0.026,4.6,34.4,4.916,169.2,0.0,True,152.4,0.111,0.163,3,8,3345.322-001 884.310-001 M1419.001800-001 C20.155-001 884.308A-001,0.026,True
951,자연과학대학,물리·천문학부,3학년,천체물리학개론 1 | 중급물리실험 2 | 전산물리 | 고급 양자물리 | 현대서양의 형성,GATE,5,7,3,3,3,True,exact,3,185.6,0.0,185.6,188.3,189.2,190.2,0.0,0.0,188.3,2.7,0.014,2.7,39.2,4.73,185.6,0.0,True,174.8,0.062,0.148,3,8,3345.322-001 884.310-001 M1419.001800-001 C20.155-001 884.308A-003,0.018,True
952,공과대학,기계공학부,4학년,미래자동차 에너지 시스템 설계 | 수소에너지 실험 | 기계산업경영 2 | 미래자동차공학 | 말하기와 토론 | 한국현대사의 이해,919A,6,14,24,24,8,True,exact,8,238.6,0.0,238.6,274.1,244.8,328.9,0.875,25.5,325.1,35.6,0.13,86.6,54.5,4.377,238.6,0.0,True,213.2,0.119,0.333,8,16,M3228.003100-001 M3228.003300-001 M2794.004600-001 M3228.002100-001 C20.153-001 F12.102-006,0.049,True
952,공과대학,기계공학부,4학년,미래자동차 에너지 시스템 설계 | 수소에너지 실험 | 기계산업경영 2 | 미래자동차공학 | 말하기와 토론 | 한국현대사의 이해,GATE,6,14,24,24,8,True,exact,8,280.3,0.0,280.3,319.2,291.1,377.4,0.875,25.5,370.1,38.9,0.122,89.9,57.6,4.866,280.3,0.0,True,252.5,0.11,0.384,8,16,M3228.003100-001 M3228.003300-001 M2794.004600-001 M3228.002100-001 C20.153-001 F12.102-006,0.04,True
953,농업생명과학대학,농경제사회학부,1학년,경제원론 2 | 경제수학 | 남북분단과 한국전쟁 | 종교와 영화 | 공연예술의 이해,919A,5,9,8,8,5,True,exact,5,140.9,0.0,140.9,151.8,154.9,155.0,0.0,0.0,151.8,10.8,0.071,10.8,38.5,3.658,140.9,0.0,True,124.6,0.131,0.38,5,11,M2649.001200-001 M2649.001600-001 E11.172-001 C20.105-002 C10.102-004,0.029,True
953,농업생명과학대학,농경제사회학부,1학년,경제원론 2 | 경제수학 | 남북분단과 한국전쟁 | 종교와 영화 | 공연예술의 이해,GATE,5,9,8,8,5,True,exact,5,125.5,0.0,125.5,143.6,149.3,155.0,0.0,0.0,143.6,18.1,0.126,18.1,31.4,3.991,125.5,0.0,True,119.6,0.049,0.197,5,11,M2649.001200-001 M2649.001600-001 E11.172-001 C20.105-001 C10.102-003,0.022,True
954,경영대학,경영학과,4학년,회계정보와 경영의사결정 | 사모펀드 개론 | 창업론 실습 2 | 졸업 세미나 | 불교철학의 이해,919A,5,13,16,4,8,False,exact,8,171.6,0.0,171.6,171.6,171.6,171.6,0.0,0.0,171.6,0.0,0.0,0.0,53.8,3.188,171.6,0.0,True,150.0,0.144,0.082,2,8,M2171.000900-001 M1338.005800-001 M1338.000300-001 M1338.002600-001 E11.129-001,0.009,True
954,경영대학,경영학과,4학년,회계정보와 경영의사결정 | 사모펀드 개론 | 창업론 실습 2 | 졸업 세미나 | 불교철학의 이해,GATE,5,13,16,4,8,False,exact,8,80.6,0.0,80.6,80.6,80.6,80.6,0.0,0.0,80.6,0.0,0.0,0.0,39.9,2.021,80.6,0.0,True,76.1,0.06,0.339,2,8,M2171.000900-001 M1338.005800-001 M1338.000300-001 M1338.002600-001 E11.129-001,0.007,True
955,농업생명과학대학,식품·동물생명공학부,4학년,식품효소공학 | 식품미생물실험 | 경제동물생산학 및 실습 | 식품가공 및 공학실험 | 인간생명과학개론,919A,5,5,1,1,1,False,exact,1,181.4,0.0,181.4,181.4,181.4,181.4,0.0,0.0,181.4,0.0,0.0,0.0,48.5,3.739,181.4,0.0,True,165.5,0.096,0.059,1,6,5251.410-001 5251.303-001 M1702.000600-001 5251.406-001 E11.164-001,0.006,True
955,농업생명과학대학,식품·동물생명공학부,4학년,식품효소공학 | 식품미생물실험 | 경제동물생산학 및 실습 | 식품가공 및 공학실험 | 인간생명과학개론,GATE,5,5,1,1,1,False,exact,1,132.2,0.0,132.2,132.2,132.2,132.2,0.0,0.0,132.2,0.0,0.0,0.0,33.4,3.956,132.2,0.0,True,127.8,0.035,0.056,1,6,5251.410-001 5251.303-001 M1702.000600-001 5251.406-001 E11.164-001,0.005,True
956,공과대학,원자핵공학과,2학년,핵공학개론 2 | 원자력열유체공학 | 플라즈마전자역학 1 | 불교철학의 이해 | 대학 글쓰기 2: 인문학글쓰기 | 물리학실험 2,919A,6,74,1960,360,265,True,exact,265,168.5,0.0,168.5,183.3,179.6,213.5,0.0,0.0,183.3,14.8,0.081,14.8,41.4,4.072,168.5,0.0,True,153.2,0.1,1.016,13,22,409.202-001 M1509.000900-001 409.209A-001 E11.129-002 F33.107L-013 F11.201-009,0.166,True
956,공과대학,원자핵공학과,2학년,핵공학개론 2 | 원자력열유체공학 | 플라즈마전자역학 1 | 불교철학의 이해 | 대학 글쓰기 2: 인문학글쓰기 | 물리학실험 2,GATE,6,74,1960,360,265,True,exact,265,180.6,0.0,180.6,195.5,192.8,221.7,0.0,0.0,195.5,15.0,0.077,15.0,42.8,4.222,180.6,0.0,True,171.4,0.053,0.962,11,20,409.202-001 M1509.000900-001 409.209A-001 E11.129-002 F33.107L-013 F11.201-005,0.121,True
957,사범대학,불어교육과,3학년,프랑스어 교수법 | 심화프랑스어회화 2 | 국제정치학입문 | 정치학개론 | 물리학,919A,5,6,2,2,1,False,exact,1,130.3,0.0,130.3,130.3,130.3,130.3,0.0,0.0,130.3,0.0,0.0,0.0,42.1,3.095,130.3,0.0,True,115.7,0.126,0.094,1,6,M1851.002400-001 M1851.002200-001 C30.133-001 F33.105-001 C30.105-002,0.01,True
957,사범대학,불어교육과,3학년,프랑스어 교수법 | 심화프랑스어회화 2 | 국제정치학입문 | 정치학개론 | 물리학,GATE,5,6,2,2,1,False,exact,1,176.6,0.0,176.6,176.6,176.6,176.6,0.0,0.0,176.6,0.0,0.0,0.0,39.5,4.466,176.6,0.0,True,165.6,0.066,0.127,1,6,M1851.002400-001 M1851.002200-001 C30.133-001 F33.105-001 C30.105-002,0.008,True
958,공과대학,조선해양공학과,4학년,조선해양 학사논문연구 2 | 선박해양운동조종론 | 조선해양프로젝트 | 조선해양기계학습 | 대학 글쓰기 1 | 대학 글쓰기 2: 과학기술글쓰기,919A,6,106,2072,638,574,True,exact,574,152.1,0.0,152.1,175.3,177.5,215.0,0.08,0.1,175.4,23.2,0.132,23.3,19.0,8.023,152.1,0.0,True,139.4,0.091,4.756,78,88,M1513.002300-001 M1513.001400-001 M1513.001500-001 M1513.001600-001 F11.203-003 F11.101-025,0.844,True
958,공과대학,조선해양공학과,4학년,조선해양 학사논문연구 2 | 선박해양운동조종론 | 조선해양프로젝트 | 조선해양기계학습 | 대학 글쓰기 1 | 대학 글쓰기 2: 과학기술글쓰기,GATE,6,106,2072,638,574,True,exact,574,162.8,0.0,162.8,183.6,181.2,222.5,0.08,0.1,183.7,20.8,0.113,20.9,24.2,6.719,163.0,0.16,False,154.8,0.052,3.341,23,32,M1513.002300-001 M1513.001400-001 M1513.001500-001 M1513.001600-001 F11.203-015 F11.101-007,0.723,True
959,인문대학,역사학부,4학년,미국사 | 동아시아역사고전독해 | 글로벌 생태환경사 | 역사학 논문쓰기 3 | 물리학실험 2,919A,5,53,49,12,38,True,exact,38,92.3,0.0,92.3,100.1,96.6,115.2,0.0,0.0,100.1,7.8,0.078,7.8,35.2,2.621,92.3,0.0,True,79.8,0.156,0.223,7,12,M3546.000200-001 M3545.002200-002 M3533.001600-001 M3533.000800-001 F33.107L-047,0.053,True
959,인문대학,역사학부,4학년,미국사 | 동아시아역사고전독해 | 글로벌 생태환경사 | 역사학 논문쓰기 3 | 물리학실험 2,GATE,5,53,49,12,38,True,exact,38,138.7,0.0,138.7,143.9,139.2,161.8,0.0,0.0,143.9,5.2,0.036,5.2,37.4,3.712,138.7,0.0,True,129.1,0.074,0.244,6,11,M3546.000200-001 M3545.002200-002 M3533.001600-001 M3533.000800-001 F33.107L-047,0.051,True
960,음악대학,음악학과,3학년,음악학세미나 2 | 영화음악의 이론과 실제 | 서양음악사문헌 4 | 뮤직 프로덕션과 엔지니어링 개론 2 | 인간관계의 심리학 | 음악과 사회,919A,6,11,12,12,2,False,exact,2,149.6,0.0,149.6,149.6,149.6,149.6,0.0,0.0,149.6,0.0,0.0,0.0,32.2,4.644,149.6,0.0,True,126.7,0.181,0.114,2,8,M3535.001800-001 6522.3461-001 6522.3361-001 M3535.001400-001 C10.146-003 E11.163-002,0.024,True
960,음악대학,음악학과,3학년,음악학세미나 2 | 영화음악의 이론과 실제 | 서양음악사문헌 4 | 뮤직 프로덕션과 엔지니어링 개론 2 | 인간관계의 심리학 | 음악과 사회,GATE,6,11,12,12,2,False,exact,2,103.4,0.0,103.4,103.4,103.4,103.4,0.0,0.0,103.4,0.0,0.0,0.0,21.7,4.768,103.4,0.0,True,94.4,0.095,0.112,2,8,M3535.001800-001 6522.3461-001 6522.3361-001 M3535.001400-001 C10.146-003 E11.163-002,0.02,True
961,자연과학대학,화학부,4학년,분자설계및합성 | 분자생화학 | 전기화학: 기초와 응용 | 컴퓨팅 기초: 처음 만나는 컴퓨팅 | 수학 2 | 매체로 보는 서양사,919A,6,49,494,112,140,True,exact,140,175.1,0.0,175.1,181.4,175.1,213.4,0.0,0.0,181.4,6.3,0.035,6.3,40.5,4.322,175.1,0.0,True,157.9,0.109,0.998,21,29,3343.411-001 3343.409A-001 M1409.002500-001 E11.118-001 F37.101-004 F31.105-002,0.21,True
961,자연과학대학,화학부,4학년,분자설계및합성 | 분자생화학 | 전기화학: 기초와 응용 | 컴퓨팅 기초: 처음 만나는 컴퓨팅 | 수학 2 | 매체로 보는 서양사,GATE,6,49,494,112,140,True,exact,140,161.1,0.0,161.1,166.0,161.1,188.5,0.0,0.0,166.0,4.8,0.029,4.8,38.9,4.142,161.1,0.0,True,154.1,0.046,1.018,22,30,3343.411-001 3343.409A-001 M1409.002500-001 E11.118-001 F37.101-004 F31.105-002,0.138,True
962,수의과대학,수의과대학,3학년,대동물외과학 | 대동물내과학 | 소동물내과학 2 | 수의영상의학 2 | 남북분단과 한국전쟁,919A,5,6,2,2,2,True,exact,2,172.2,0.0,172.2,194.0,194.0,215.8,0.0,0.0,194.0,21.8,0.112,21.8,44.9,3.834,172.2,0.0,True,153.8,0.12,0.093,2,7,M1744.008600-001 M1744.007900-001 M1744.007800-001 M1744.008100-001 C20.105-002,0.016,True
962,수의과대학,수의과대학,3학년,대동물외과학 | 대동물내과학 | 소동물내과학 2 | 수의영상의학 2 | 남북분단과 한국전쟁,GATE,5,6,2,2,2,True,exact,2,128.9,0.0,128.9,140.3,140.3,151.8,0.0,0.0,140.3,11.4,0.082,11.4,40.5,3.186,128.9,0.0,True,118.1,0.091,0.103,2,7,M1744.008600-001 M1744.007900-001 M1744.007800-001 M1744.008100-001 C20.105-002,0.013,True
963,사범대학,융합학습과학전공,2학년,학습과 동기 | 학습분석과 학습설계 | 다양한 학습자 이해와 맞춤형 학습 | 학습자 역량 평가 | 한국사,919A,5,8,4,4,2,True,exact,2,61.6,0.0,61.6,70.6,70.6,79.6,0.0,0.0,70.6,9.0,0.127,9.0,19.9,3.087,61.6,0.0,True,53.2,0.158,0.093,2,7,M3762.000900-001 M3762.001300-001 M3762.001000-001 M3762.001200-001 C20.149-004,0.012,True
963,사범대학,융합학습과학전공,2학년,학습과 동기 | 학습분석과 학습설계 | 다양한 학습자 이해와 맞춤형 학습 | 학습자 역량 평가 | 한국사,GATE,5,8,4,4,2,True,exact,2,104.7,0.0,104.7,121.3,121.3,137.8,0.0,0.0,121.3,16.5,0.136,16.5,32.0,3.274,104.7,0.0,True,97.6,0.073,0.354,2,7,M3762.000900-001 M3762.001300-001 M3762.001000-001 M3762.001200-001 C20.149-004,0.009,True
964,혁신공유학부,혁신공유학부,2학년,(공유)NPU 기반 인공지능 추론 및 응용 | (공유)빅데이터 윤리 | (공유)신에너지공학개론 | (공유)작물정보계측 | 논리와 비판적 사고,919A,5,9,8,8,3,True,exact,3,177.8,11.3,200.3,192.2,199.5,199.5,1.0,11.3,214.8,14.5,0.075,14.5,60.4,2.944,177.8,0.0,True,161.5,0.101,0.214,3,8,M3502.016700-001 M3500.002300-001 M3502.011800-001 M3500.003400-002 F12.101-002,0.03,True
964,혁신공유학부,혁신공유학부,2학년,(공유)NPU 기반 인공지능 추론 및 응용 | (공유)빅데이터 윤리 | (공유)신에너지공학개론 | (공유)작물정보계측 | 논리와 비판적 사고,GATE,5,9,8,8,3,True,exact,3,175.2,11.3,197.7,198.9,210.8,210.8,1.0,11.3,221.5,23.8,0.12,23.8,61.8,2.834,175.2,0.0,True,164.6,0.064,0.17,3,8,M3502.016700-001 M3500.002300-001 M3502.011800-001 M3500.003400-002 F12.101-002,0.02,True
965,생활과학대학,식품영양학과,3학년,영양평가 및 실습 | 식품재료학 | 식이요법및실험 | 생애주기영양학 | 수학 2,919A,5,30,26,14,14,True,exact,14,142.9,0.0,142.9,145.3,144.9,158.9,0.286,0.6,146.5,2.4,0.016,3.5,43.5,3.288,142.9,0.0,True,123.8,0.154,0.278,6,11,M0000.016700-001 352.351A-001 352.306-001 352.326A-001 F31.105-018,0.035,True
965,생활과학대학,식품영양학과,3학년,영양평가 및 실습 | 식품재료학 | 식이요법및실험 | 생애주기영양학 | 수학 2,GATE,5,30,26,14,14,True,exact,14,96.3,0.0,96.3,99.9,101.6,101.6,0.286,0.6,101.1,3.7,0.037,4.8,29.4,3.268,96.3,0.0,True,90.1,0.068,0.409,8,13,M0000.016700-001 352.351A-001 352.306-001 352.326A-001 F31.105-006,0.25,True
966,인문대학,불어불문학과,4학년,중세 프랑스문학 | 프랑스언어학특강 | 현대프랑스문화현상과 이론 | 프랑스비평 | 북한학개론 | 대학 글쓰기 2: 과학기술글쓰기,919A,6,34,56,22,15,True,exact,15,120.2,0.0,120.2,133.0,135.9,142.2,0.0,0.0,133.0,12.8,0.096,12.8,28.0,4.3,120.2,0.0,True,104.2,0.154,0.258,6,12,M2169.009100-001 104.430-001 104.433-001 104.414B-001 E11.128-002 F11.203-010,0.04,True
966,인문대학,불어불문학과,4학년,중세 프랑스문학 | 프랑스언어학특강 | 현대프랑스문화현상과 이론 | 프랑스비평 | 북한학개론 | 대학 글쓰기 2: 과학기술글쓰기,GATE,6,34,56,22,15,True,exact,15,143.4,0.0,143.4,156.6,159.9,161.7,0.0,0.0,156.6,13.2,0.084,13.2,32.7,4.386,143.4,0.0,True,134.7,0.065,0.272,6,12,M2169.009100-001 104.430-001 104.433-001 104.414B-001 E11.128-002 F11.203-010,0.03,True
967,농업생명과학대학,식물생산과학부,2학년,과수학 및 실험 | 산업인력개발 통계분석 및 실습 | 작물생리학 | 작물생태학 | 대학 글쓰기 1,919A,5,78,74,58,27,True,exact,27,123.7,0.0,123.7,145.5,148.9,162.7,0.0,0.0,145.5,21.8,0.15,21.8,30.6,4.041,123.7,0.0,True,112.5,0.099,1.117,19,24,5172.203-001 M1671.000800-001 5171.205-001 5171.207-001 F11.101-025,0.198,True
967,농업생명과학대학,식물생산과학부,2학년,과수학 및 실험 | 산업인력개발 통계분석 및 실습 | 작물생리학 | 작물생태학 | 대학 글쓰기 1,GATE,5,78,74,58,27,True,exact,27,100.8,0.0,100.8,113.5,115.3,127.2,0.0,0.0,113.5,12.7,0.112,12.7,25.0,4.025,100.8,0.0,True,98.9,0.019,0.921,14,19,5172.203-001 M1671.000800-001 5171.205-001 5171.207-001 F11.101-026,0.106,True
968,공과대학,기계공학부,4학년,수소에너지 실험 | 미래자동차 에너지 시스템 설계 | 적층제조 | 메카노바이오공학 | 물리학 2,919A,5,10,6,6,3,True,exact,3,248.9,17.7,284.4,285.5,297.2,310.5,1.0,18.0,321.5,36.6,0.128,37.0,55.8,4.461,248.9,0.0,True,221.1,0.126,0.143,3,8,M3228.003300-001 M3228.003100-001 M3228.003700-001 M3228.000500-001 F33.107-007,0.021,True
968,공과대학,기계공학부,4학년,수소에너지 실험 | 미래자동차 에너지 시스템 설계 | 적층제조 | 메카노바이오공학 | 물리학 2,GATE,5,10,6,6,3,True,exact,3,274.8,17.7,310.3,324.5,342.6,356.0,1.0,18.0,360.4,49.6,0.153,50.1,56.5,4.867,274.8,0.0,True,248.1,0.108,0.139,3,8,M3228.003300-001 M3228.003100-001 M3228.003700-001 M3228.000500-001 F33.107-007,0.015,True
969,인문대학,언어학과,4학년,화용론 | 응용음성학 | 언어학연습 2 | 인문데이터과학연습 | 불교철학의 이해,919A,5,6,2,2,1,False,exact,1,104.3,0.0,104.3,104.3,104.3,104.3,0.0,0.0,104.3,0.0,0.0,0.0,36.9,2.826,104.3,0.0,True,90.6,0.151,0.089,1,6,108.420-001 108.415-001 108.418-001 M2911.000300-001 E11.129-002,0.01,True
969,인문대학,언어학과,4학년,화용론 | 응용음성학 | 언어학연습 2 | 인문데이터과학연습 | 불교철학의 이해,GATE,5,6,2,2,1,False,exact,1,128.2,0.0,128.2,128.2,128.2,128.2,0.0,0.0,128.2,0.0,0.0,0.0,42.2,3.042,128.2,0.0,True,120.7,0.062,0.085,1,6,108.420-001 108.415-001 108.418-001 M2911.000300-001 E11.129-002,0.008,True
970,공과대학,컴퓨터공학부,1학년,컴퓨팅 살펴보기 | 프로그래밍연습 | 성과 사랑의 역사 | 베리타스 실천: 인공지능-일상으로의 초대 | 대학영어 1 | 신입생 세미나,919A,6,67,440,432,112,True,exact,112,187.7,0.0,187.7,230.8,224.3,286.3,0.241,9.4,249.6,43.1,0.187,61.9,53.9,3.485,187.7,0.0,True,163.2,0.151,2.42,25,32,M1522.007600-001 4190.103A-001 C30.122-001 V30.116-001 E51.101-001 F21.101-029,0.355,True
970,공과대학,컴퓨터공학부,1학년,컴퓨팅 살펴보기 | 프로그래밍연습 | 성과 사랑의 역사 | 베리타스 실천: 인공지능-일상으로의 초대 | 대학영어 1 | 신입생 세미나,GATE,6,67,440,432,112,True,exact,112,217.2,0.0,217.2,260.2,250.5,313.0,0.241,9.4,279.0,43.0,0.165,61.8,56.1,3.869,217.2,0.0,True,197.4,0.101,2.328,27,34,M1522.007600-001 4190.103A-001 C30.122-001 V30.116-001 E51.101-001 F21.101-029,0.296,True
971,인문대학,노어노문학과,1학년,21세기 러시아 문학 | 세계속의 러시아어 | 수학 2 | 베리타스 강좌 1: 혁신의 통합적인 시각 | 심리학개론,919A,5,33,104,56,14,True,exact,14,157.8,0.0,157.8,162.1,159.8,178.0,0.071,0.1,162.2,4.2,0.026,4.3,39.5,3.997,157.8,0.0,True,136.9,0.152,0.538,7,12,M1242.002700-001 100.121-001 V10.128-001 E11.146-001 F31.105-023,0.067,True
971,인문대학,노어노문학과,1학년,21세기 러시아 문학 | 세계속의 러시아어 | 수학 2 | 베리타스 강좌 1: 혁신의 통합적인 시각 | 심리학개론,GATE,5,33,104,56,14,True,exact,14,141.0,0.0,141.0,145.8,147.7,147.9,0.071,0.1,145.9,4.8,0.033,4.9,30.3,4.655,141.0,0.0,True,132.7,0.063,0.343,7,12,M1242.002700-001 100.121-001 V10.128-001 E11.146-001 F31.105-006,0.037,True
972,사범대학,영어교육과,2학년,영어교과교육론 | 영어회화 2 | 영어작문 1 | 영국문학과 영국문화의 이해 A | 대학영어 1 | 해양학,919A,6,63,330,324,183,True,exact,183,119.0,0.0,119.0,136.7,138.8,153.6,0.0,0.0,136.7,17.6,0.129,17.6,31.7,3.754,119.0,0.0,True,104.0,0.145,4.557,47,59,707.213A-001 707.319B-001 F36.105-001 707.214-001 707.205-001 F21.101-033,0.707,True
972,사범대학,영어교육과,2학년,영어교과교육론 | 영어회화 2 | 영어작문 1 | 영국문학과 영국문화의 이해 A | 대학영어 1 | 해양학,GATE,6,63,330,324,183,True,exact,183,142.1,0.0,142.1,167.9,171.0,186.6,0.0,0.0,167.9,25.8,0.153,25.8,33.4,4.252,142.1,0.0,True,133.4,0.065,4.549,49,61,707.213A-001 707.319B-001 F36.105-001 707.214-002 707.205-001 F21.101-029,0.862,True
973,공과대학,건축학과,1학년,건축구조시스템 | 기초스튜디오 2 (건축과 구조) | 초급프랑스어 2 | 대학 글쓰기 1 | 동아시아의 왕권,919A,5,84,1110,174,175,True,exact,175,185.1,0.0,185.1,194.9,188.9,215.1,0.229,0.7,196.3,9.9,0.051,11.2,29.3,6.308,184.6,1.07,False,166.3,0.113,1.389,21,26,4013.204-001 M1498.000800-001 C20.110-001 F26.102-002 F11.101-066,0.199,True
973,공과대학,건축학과,1학년,건축구조시스템 | 기초스튜디오 2 (건축과 구조) | 초급프랑스어 2 | 대학 글쓰기 1 | 동아시아의 왕권,GATE,5,84,1110,174,175,True,exact,175,218.3,0.0,218.3,225.0,222.8,243.5,0.229,0.7,226.3,6.7,0.03,8.1,33.9,6.445,218.3,0.0,True,207.7,0.051,1.328,22,27,4013.204-001 M1498.000800-001 C20.110-001 F26.102-002 F11.101-047,0.224,True
974,사범대학,불어교육과,4학년,"프랑스어 데이터와 언어학 | 프랑스어교과논리 및 논술 | 지속가능한 생활디자인 | 베리타스 강좌 2: 뇌, 몸, 학습 | 컴퓨팅 기초: 처음 만나는 컴퓨팅 | 대학 글쓰기 1",919A,6,97,1406,464,204,True,exact,204,123.7,0.0,123.7,150.0,146.6,178.8,0.059,0.1,150.2,26.3,0.175,26.6,33.3,3.71,123.7,0.0,True,108.2,0.143,2.777,46,54,M1851.002900-001 708.338A-001 E20.106-001 V20.106-001 F37.101-007 F11.101-019,0.388,True
974,사범대학,불어교육과,4학년,"프랑스어 데이터와 언어학 | 프랑스어교과논리 및 논술 | 지속가능한 생활디자인 | 베리타스 강좌 2: 뇌, 몸, 학습 | 컴퓨팅 기초: 처음 만나는 컴퓨팅 | 대학 글쓰기 1",GATE,6,97,1406,464,204,True,exact,204,136.3,0.0,136.3,171.7,172.9,205.3,0.059,0.1,172.0,35.3,0.206,35.6,28.6,4.77,136.3,0.0,True,127.4,0.07,2.818,42,50,M1851.002900-001 708.338A-001 E20.106-001 V20.106-001 F37.101-013 F11.101-053,0.353,True
975,인문대학,고고미술사학과,2학년,20세기의 한국 회화 | 고고학연구의 기초 | 미술사와 시각문화 | 고고학방법론 | 고급수학연습 2,919A,5,10,6,5,3,True,exact,3,97.5,0.0,97.5,97.6,97.5,97.7,0.0,0.0,97.6,0.1,0.001,0.1,32.3,3.024,97.5,0.0,True,82.4,0.184,0.15,3,8,M1265.000700-003 100.158-001 100.160-001 116.430A-001 F31.107L-001,0.015,True
975,인문대학,고고미술사학과,2학년,20세기의 한국 회화 | 고고학연구의 기초 | 미술사와 시각문화 | 고고학방법론 | 고급수학연습 2,GATE,5,10,6,5,3,True,exact,3,124.3,0.0,124.3,124.7,124.3,125.5,0.0,0.0,124.7,0.4,0.003,0.4,30.9,4.024,124.3,0.0,True,117.4,0.059,0.103,3,8,M1265.000700-003 100.158-001 100.160-001 116.430A-001 F31.107L-001,0.011,True
976,공과대학,전기·정보공학부,2학년,회로 이론 및 실험 | 전기시스템선형대수 | 논리설계 및 실험 | 자료구조의 기초 | 프랑스어권 문화의 이해,919A,5,11,36,36,12,True,exact,12,233.7,0.0,233.7,291.6,297.8,326.1,0.333,6.4,304.4,57.9,0.199,70.7,54.6,4.283,233.7,0.0,True,208.5,0.121,0.559,12,28,M2608.003200-001 430.216-002 C10.157-003 430.201A-002 430.217-002,0.127,True
976,공과대학,전기·정보공학부,2학년,회로 이론 및 실험 | 전기시스템선형대수 | 논리설계 및 실험 | 자료구조의 기초 | 프랑스어권 문화의 이해,GATE,5,11,36,36,12,True,exact,12,278.2,0.0,278.2,337.2,343.0,371.5,0.333,6.4,350.0,59.0,0.175,71.8,62.6,4.443,278.2,0.0,True,250.4,0.111,0.583,12,28,M2608.003200-001 430.216-002 C10.157-003 430.201A-002 430.217-002,0.081,True
977,경영대학,경영학과,4학년,사모펀드 개론 | 경영전략 | 회계정보와 경영의사결정 | 파생금융상품론 | 물리학실험 2 | 공연예술의 이해,919A,6,63,1372,288,153,True,exact,153,118.8,2.6,124.0,164.2,161.5,205.6,1.0,3.7,171.6,45.4,0.277,47.6,49.5,2.4,118.8,0.0,True,103.8,0.144,0.833,19,30,M1338.005800-001 M2171.000900-001 251.420-001 C10.102-004 251.424-001 F33.107L-012,0.125,True
977,경영대학,경영학과,4학년,사모펀드 개론 | 경영전략 | 회계정보와 경영의사결정 | 파생금융상품론 | 물리학실험 2 | 공연예술의 이해,GATE,6,63,1372,288,153,True,exact,153,83.9,2.6,89.2,110.9,108.8,136.8,1.0,3.7,118.3,27.0,0.243,29.1,34.1,2.458,83.9,0.0,True,79.1,0.061,1.02,19,32,M1338.005800-001 M2171.000900-001 251.420-001 C10.102-004 251.424-001 F33.107L-004,0.171,True
978,공과대학,기계공학부,1학년,공학수학 3 | 고체역학 | 초급프랑스어 1 | 수학 2 | 컴퓨팅 기초: 처음 만나는 컴퓨팅,919A,5,56,4446,1008,1542,True,exact,1542,204.9,0.0,204.9,258.1,273.7,333.1,0.526,6.8,271.7,53.1,0.206,66.8,57.6,3.556,205.1,0.16,False,181.8,0.127,5.216,104,132,400.003-001 M2794.001000-001 F37.101-013 F26.101-002 F31.105-013,1.14,True
978,공과대학,기계공학부,1학년,공학수학 3 | 고체역학 | 초급프랑스어 1 | 수학 2 | 컴퓨팅 기초: 처음 만나는 컴퓨팅,GATE,5,56,4446,1008,1542,True,exact,1542,229.5,0.0,229.5,271.8,287.8,318.7,0.526,6.8,285.4,42.3,0.156,55.9,60.8,3.773,230.2,0.68,False,212.0,0.083,5.177,112,139,400.003-001 M2794.001000-001 F37.101-007 F26.101-005 F31.105-018,0.959,True
979,농업생명과학대학,농업생명과학대학,1학년,식물생산과학개론 | 산림과학개론 | 드라마의 이해와 감상 | 수학 2 | 정치와 정치이념,919A,5,30,26,14,17,True,exact,17,159.7,0.0,159.7,166.2,160.8,186.9,0.059,0.3,166.9,6.5,0.039,7.2,44.2,3.61,159.7,0.0,True,142.5,0.12,0.376,8,13,500.171-001 500.170-001 E11.117-001 C30.132-001 F31.105-023,0.05,True
979,농업생명과학대학,농업생명과학대학,1학년,식물생산과학개론 | 산림과학개론 | 드라마의 이해와 감상 | 수학 2 | 정치와 정치이념,GATE,5,30,26,14,17,True,exact,17,121.4,0.0,121.4,129.2,123.8,142.6,0.059,0.3,129.9,7.8,0.06,8.4,31.4,3.867,121.4,0.0,True,117.9,0.03,0.337,8,13,500.171-001 500.170-001 E11.117-001 C30.132-001 F31.105-023,0.038,True
980,자연과학대학,수리과학부,2학년,선형대수학 2 | 해석개론 및 연습 2 | 미분방정식 및 연습 | 고급영어: 문학 | 영상예술의 이해 | 생물학실험,919A,6,34,368,192,51,True,exact,51,164.6,0.0,164.6,187.5,186.2,223.2,0.0,0.0,187.5,22.9,0.122,22.9,33.5,4.917,164.6,0.0,True,147.6,0.115,0.898,12,23,300.206A-001 M1407.000700-001 300.204-001 F21.301-001 C10.142-002 F35.103L-005,0.139,True
980,자연과학대학,수리과학부,2학년,선형대수학 2 | 해석개론 및 연습 2 | 미분방정식 및 연습 | 고급영어: 문학 | 영상예술의 이해 | 생물학실험,GATE,6,34,368,192,51,True,exact,51,156.9,0.0,156.9,173.4,170.5,203.6,0.0,0.0,173.4,16.4,0.095,16.4,31.4,5.004,156.9,0.0,True,150.0,0.046,1.051,14,26,300.206A-001 M1407.000700-001 300.204-001 F21.301-003 C10.142-003 F35.103L-005,0.149,True
981,인문대학,불어불문학과,1학년,프랑스어의 말소리와 어휘 | 프랑스어 연습 1 | 한국정치의 분석과 이해 | 신입생 세미나 | 물리학 | 생명과학을 위한 수학 2,919A,6,17,40,40,24,True,exact,24,151.1,0.0,151.1,181.3,179.4,207.9,0.0,0.0,181.3,30.2,0.167,30.2,36.0,4.197,151.1,0.0,True,133.6,0.131,1.296,18,27,M1239.001200-001 M1239.000800-001 C30.138-001 F33.105-001 F31.112-004 E51.101-001,0.22,True
981,인문대학,불어불문학과,1학년,프랑스어의 말소리와 어휘 | 프랑스어 연습 1 | 한국정치의 분석과 이해 | 신입생 세미나 | 물리학 | 생명과학을 위한 수학 2,GATE,6,17,40,40,24,True,exact,24,122.9,0.0,122.9,154.0,158.2,176.2,0.0,0.0,154.0,31.1,0.202,31.1,27.6,4.447,122.9,0.0,True,114.6,0.072,1.191,16,24,M1239.001200-001 M1239.000800-001 C30.138-001 F33.105-001 F31.112-004 E51.101-007,0.138,True
982,자연과학대학,생명과학부,3학년,과학커뮤니케이션 | 생화학 1: 생체분자의 구조와 기능 | 생명과학특수연구 1 | 식물생리학 | 대학 글쓰기 1,919A,5,79,148,116,43,True,exact,43,130.0,0.0,130.0,166.5,168.7,203.4,0.047,0.1,166.7,36.5,0.219,36.7,33.0,3.943,129.7,0.39,False,116.2,0.119,1.128,13,18,M2888.000400-001 3346.328-001 3346.320-001 M2173.004600-002 F11.101-077,0.148,True
982,자연과학대학,생명과학부,3학년,과학커뮤니케이션 | 생화학 1: 생체분자의 구조와 기능 | 생명과학특수연구 1 | 식물생리학 | 대학 글쓰기 1,GATE,5,79,148,116,43,True,exact,43,82.8,0.0,82.8,118.2,119.3,151.6,0.047,0.1,118.3,35.4,0.3,35.6,24.9,3.322,82.8,0.0,True,80.7,0.026,1.072,9,14,M2888.000400-001 3346.328-001 3346.320-001 M2173.004600-002 F11.101-006,0.123,True
983,공과대학,건축학과,1학년,기초스튜디오 2 (건축과 구조) | 건축구조시스템 | 초급스페인어 1 | 종교와 영화 | 초급한문 1,919A,5,34,880,160,30,True,exact,30,200.9,0.0,200.9,200.6,200.9,203.2,0.667,34.6,269.8,-0.3,-0.002,68.9,49.6,4.049,200.9,0.0,True,181.7,0.106,0.632,6,13,M1498.000800-001 4013.204-001 E11.172-001 F28.101-008 F24.101-002,0.067,True
983,공과대학,건축학과,1학년,기초스튜디오 2 (건축과 구조) | 건축구조시스템 | 초급스페인어 1 | 종교와 영화 | 초급한문 1,GATE,5,34,880,160,30,True,exact,30,204.8,0.0,204.8,214.3,217.0,217.8,0.667,34.6,283.6,9.6,0.045,78.8,43.4,4.719,204.8,0.0,True,194.5,0.053,0.632,6,13,M1498.000800-001 4013.204-001 E11.172-001 F28.101-002 F24.101-002,0.063,True
984,자연과학대학,지구환경과학부,2학년,지구환경 데이터과학 | 대기환경 개론 | 대기복사에너지 | 지질해양학 및 실험 | 공연예술의 이해 | 대학영어 1,919A,6,63,220,216,38,True,exact,38,158.3,0.0,158.3,198.5,196.1,225.0,0.0,0.0,198.5,40.2,0.203,40.2,33.7,4.695,158.3,0.0,True,140.8,0.125,1.9,27,35,M1411.003300-001 M1411.003500-001 M1411.005400-001 3345.417A-001 C10.102-001 F21.101-033,0.324,True
984,자연과학대학,지구환경과학부,2학년,지구환경 데이터과학 | 대기환경 개론 | 대기복사에너지 | 지질해양학 및 실험 | 공연예술의 이해 | 대학영어 1,GATE,6,63,220,216,38,True,exact,38,134.9,0.0,134.9,175.8,177.5,208.0,0.0,0.0,175.8,40.9,0.233,40.9,30.1,4.476,134.9,0.0,True,129.9,0.039,1.634,14,22,M1411.003300-001 M1411.003500-001 M1411.005400-001 3345.417A-001 C10.102-001 F21.101-033,0.231,True
985,농업생명과학대학,식물생산과학부,3학년,전략적 산업인력개발 개론 | 작물생명과학실험 및 실습 2 | 청소년지도론 | 시설원예학 및 실험 | 대기과학,919A,5,5,1,1,1,False,exact,1,176.0,0.0,176.0,176.0,176.0,176.0,0.0,0.0,176.0,0.0,0.0,0.0,47.6,3.698,176.0,0.0,True,159.4,0.104,0.1,1,6,M1671.001600-001 5171.313-001 5173.306-001 5172.305-001 F36.101-001,0.013,True
985,농업생명과학대학,식물생산과학부,3학년,전략적 산업인력개발 개론 | 작물생명과학실험 및 실습 2 | 청소년지도론 | 시설원예학 및 실험 | 대기과학,GATE,5,5,1,1,1,False,exact,1,118.6,0.0,118.6,118.6,118.6,118.6,0.0,0.0,118.6,0.0,0.0,0.0,28.7,4.135,118.6,0.0,True,116.3,0.02,0.072,1,6,M1671.001600-001 5171.313-001 5173.306-001 5172.305-001 F36.101-001,0.009,True
986,인문대학,종교학과,3학년,유교개론 | 종교 교재 연구 및 지도법 | 현대종교 | 한국종교 | 문명과 수학 | 중급중국어 1,919A,6,9,4,4,3,True,exact,3,143.0,0.0,143.0,143.7,144.0,144.2,0.0,0.0,143.7,0.8,0.005,0.8,33.3,4.295,143.0,0.0,True,124.8,0.145,0.376,3,9,114.213-001 114.327-001 114.411-001 114.322-001 E11.120-001 F25.201-004,0.031,True
986,인문대학,종교학과,3학년,유교개론 | 종교 교재 연구 및 지도법 | 현대종교 | 한국종교 | 문명과 수학 | 중급중국어 1,GATE,6,9,4,4,3,True,exact,3,168.6,0.0,168.6,173.7,168.8,183.6,0.0,0.0,173.7,5.1,0.029,5.1,37.6,4.485,168.8,0.29,False,160.6,0.049,0.196,3,9,114.213-001 114.327-001 114.411-001 114.322-001 E11.120-001 F25.201-005,0.021,True
987,공과대학,에너지자원공학과,1학년,에너지자원공학실습 | 화학 2 | 컴퓨팅 기초: 처음 만나는 컴퓨팅 | 처음 배우는 서양사 | 물리학 2 | 생물학실험,919A,6,52,5244,1152,500,True,exact,500,188.4,0.0,188.4,202.1,201.1,215.0,0.0,0.0,202.1,13.7,0.068,13.7,34.9,5.399,188.4,0.0,True,169.6,0.111,2.44,47,70,M1594.000400-001 F34.105-002 C20.140-001 F33.107-007 F37.101-003 F35.103L-003,0.386,True
987,공과대학,에너지자원공학과,1학년,에너지자원공학실습 | 화학 2 | 컴퓨팅 기초: 처음 만나는 컴퓨팅 | 처음 배우는 서양사 | 물리학 2 | 생물학실험,GATE,6,52,5244,1152,500,True,exact,500,178.6,0.0,178.6,185.3,183.8,198.3,0.0,0.0,185.3,6.8,0.037,6.8,36.3,4.923,178.6,0.0,True,170.4,0.048,2.902,58,86,M1594.000400-001 F34.105-002 C20.140-001 F33.107-007 F37.101-003 F35.103L-003,0.518,True
988,인문대학,독어독문학과,3학년,독일어 데이터 처리 | 독일어의 구조 | 독일지성 고전읽기 | 독문학과 공연예술 | 대학 글쓰기 2: 인문학글쓰기,919A,5,24,20,15,15,True,exact,15,123.2,0.0,123.2,124.2,123.5,125.5,0.0,0.0,124.2,1.0,0.008,1.0,20.0,6.161,123.2,0.0,True,104.9,0.175,0.4,11,16,M1241.000900-001 105.331-001 M1241.000800-001 105.329A-001 F11.201-007,0.06,True
988,인문대학,독어독문학과,3학년,독일어 데이터 처리 | 독일어의 구조 | 독일지성 고전읽기 | 독문학과 공연예술 | 대학 글쓰기 2: 인문학글쓰기,GATE,5,24,20,15,15,True,exact,15,135.7,0.0,135.7,140.9,138.0,148.9,0.0,0.0,140.9,5.2,0.037,5.2,24.4,5.566,135.7,0.0,True,128.2,0.059,0.302,7,12,M1241.000900-001 105.331-001 M1241.000800-001 105.329A-001 F11.201-001,0.047,True
989,사범대학,화학교육과,3학년,화학교재연구 및 지도법 | 물리화학실험 | 과학논리 및 논술 | 무기화학 2 | 말하기와 토론,919A,5,11,12,12,7,True,exact,7,95.1,0.0,95.1,99.8,103.0,103.6,0.0,0.0,99.8,4.7,0.047,4.7,20.6,4.617,95.1,0.0,True,81.6,0.165,0.236,7,13,718.419-001 718.319-001 718.312-001 700.401A-002 F12.102-001,0.039,True
989,사범대학,화학교육과,3학년,화학교재연구 및 지도법 | 물리화학실험 | 과학논리 및 논술 | 무기화학 2 | 말하기와 토론,GATE,5,11,12,12,7,True,exact,7,170.5,0.0,170.5,173.7,172.6,177.9,0.0,0.0,173.7,3.2,0.019,3.2,30.6,5.566,170.5,0.0,True,158.6,0.075,0.32,7,13,718.419-001 718.319-001 718.312-001 700.401A-002 F12.102-004,0.032,True
990,미술대학,조소과,3학년,현대매체예술사 | 미디어 아트 | 미디어 기획 | 인공지능 예술 실습 | 음악과 사회 | 수학 2,919A,6,33,78,42,17,True,exact,17,162.9,0.0,162.9,167.3,166.3,179.0,0.176,0.9,169.2,4.4,0.026,6.3,40.1,4.064,162.9,0.0,True,139.7,0.166,0.555,9,16,613.302-001 613.357A-001 613.453A-001 M1783.000200-001 C10.146-002 F31.105-023,0.067,True
990,미술대학,조소과,3학년,현대매체예술사 | 미디어 아트 | 미디어 기획 | 인공지능 예술 실습 | 음악과 사회 | 수학 2,GATE,6,33,78,42,17,True,exact,17,145.1,0.0,145.1,150.0,150.5,157.7,0.176,0.9,151.8,4.9,0.033,6.8,29.1,4.977,145.1,0.0,True,133.3,0.089,0.558,9,16,613.302-001 613.357A-001 613.453A-001 M1783.000200-001 C10.146-001 F31.105-013,0.054,True
991,사범대학,지리교육과,3학년,지리 논리 및 논술 | 지리교재연구 및 지도법 | 경제지리교육론 | 수학 2 | 과학기술과 사회,919A,5,31,52,28,18,True,exact,18,132.3,0.0,132.3,134.0,132.3,143.7,0.0,0.0,134.0,1.7,0.012,1.7,33.3,3.975,133.1,0.72,False,116.2,0.139,0.454,9,14,M1861.000600-001 M1861.000500-001 713.228-001 E11.107-002 F31.105-003,0.057,True
991,사범대학,지리교육과,3학년,지리 논리 및 논술 | 지리교재연구 및 지도법 | 경제지리교육론 | 수학 2 | 과학기술과 사회,GATE,5,31,52,28,18,True,exact,18,172.5,0.0,172.5,173.6,173.9,173.9,0.0,0.0,173.6,1.1,0.006,1.1,33.4,5.164,172.5,0.0,True,163.3,0.057,0.381,10,15,M1861.000600-001 M1861.000500-001 713.228-001 E11.107-002 F31.105-006,0.051,True
992,인문대학,독어독문학과,4학년,독어독문학특강 | 영화로 보는 독일문화 | 대학 글쓰기 2: 인문학글쓰기 | 여성과 문학 | 생물학 | 심리학개론,919A,6,32,400,300,70,True,exact,70,132.7,0.0,132.7,155.9,159.1,173.7,0.0,0.0,155.9,23.2,0.149,23.2,41.1,3.233,132.7,0.0,True,116.2,0.142,1.083,18,27,M1241.000200-001 105.400-001 C10.139-001 E11.146-001 F35.103-002 F11.201-010,0.162,True
992,인문대학,독어독문학과,4학년,독어독문학특강 | 영화로 보는 독일문화 | 대학 글쓰기 2: 인문학글쓰기 | 여성과 문학 | 생물학 | 심리학개론,GATE,6,32,400,300,70,True,exact,70,128.6,0.0,128.6,158.1,163.3,174.6,0.0,0.0,158.1,29.5,0.187,29.5,30.9,4.155,128.6,0.0,True,122.0,0.054,1.125,19,29,M1241.000200-001 105.400-001 C10.139-001 E11.146-001 F35.103-002 F11.201-007,0.226,True
993,음악대학,음악학과,3학년,서양음악사문헌 4 | 음악학세미나 2 | 음악연구방법론 | 영화음악의 이론과 실제 | 생물학실험 | 대학 글쓰기 1,919A,6,101,1702,696,546,True,exact,546,100.2,0.1,100.4,130.9,128.0,173.8,0.41,0.5,131.9,30.7,0.235,31.5,37.5,2.673,100.2,0.0,True,86.5,0.158,3.319,51,61,6522.3361-001 M3535.001800-001 6522.3378-001 6522.3461-001 F35.103L-013 F11.101-063,0.7,True
993,음악대학,음악학과,3학년,서양음악사문헌 4 | 음악학세미나 2 | 음악연구방법론 | 영화음악의 이론과 실제 | 생물학실험 | 대학 글쓰기 1,GATE,6,101,1702,696,546,True,exact,546,86.2,0.0,86.2,120.6,118.7,160.2,0.41,0.5,121.6,34.4,0.285,35.4,31.5,2.736,86.2,0.0,True,80.6,0.07,4.459,46,60,6522.3361-001 M3535.001800-001 6522.3378-001 6522.3461-001 F35.103L-005 F11.101-024,0.699,True
994,미술대학,공예과,2학년,도자와 문화 1 | 현대 공예론 | 물레성형 2 | 자유성형기법 2 | 수학연습 2 | 대학 글쓰기 1,919A,6,123,3330,986,1557,True,exact,1557,133.7,0.0,133.7,164.8,160.0,207.8,0.008,0.0,164.8,31.1,0.189,31.1,33.3,4.01,133.7,0.0,True,114.5,0.168,4.893,79,88,6123.2110-001 M3388.000600-001 6123.2114-001 M1774.004600-001 F31.105L-033 F11.101-043,0.751,True
994,미술대학,공예과,2학년,도자와 문화 1 | 현대 공예론 | 물레성형 2 | 자유성형기법 2 | 수학연습 2 | 대학 글쓰기 1,GATE,6,123,3330,986,1557,True,exact,1557,98.0,0.0,98.0,135.5,132.2,173.5,0.008,0.0,135.5,37.5,0.277,37.5,24.8,3.96,98.0,0.0,True,91.9,0.067,4.313,35,44,6123.2110-001 M3388.000600-001 6123.2114-001 M1774.004600-001 F31.105L-033 F11.101-033,0.556,True
995,미술대학,서양화과,2학년,회화: 확장된 매체성 | 영상: 데이터와 이미지 | 회화: 평면과 공간 | 드로잉: 긋기와 그리기 | 수학 2,919A,5,30,26,14,8,True,exact,8,142.9,0.0,142.9,144.6,142.9,156.3,0.0,0.0,144.6,1.7,0.012,1.7,40.9,3.497,142.9,0.0,True,124.3,0.15,0.207,4,9,M1766.001600-001 M1766.002400-001 M1766.002000-001 M1766.002200-001 F31.105-008,0.027,True
995,미술대학,서양화과,2학년,회화: 확장된 매체성 | 영상: 데이터와 이미지 | 회화: 평면과 공간 | 드로잉: 긋기와 그리기 | 수학 2,GATE,5,30,26,14,8,True,exact,8,111.7,0.0,111.7,112.0,111.7,113.9,0.0,0.0,112.0,0.3,0.002,0.3,28.7,3.889,111.7,0.0,True,105.7,0.057,0.196,4,9,M1766.001600-001 M1766.002400-001 M1766.002000-001 M1766.002200-001 F31.105-008,0.023,True
996,약학대학,약학대학,3학년,약학실습 3 | 면역질환과 면역치료 | 병리학(심화) | 제제학과 약물동태학의 기초 | 동서양의 종교적 지혜,919A,5,6,2,2,1,False,exact,1,131.4,0.0,131.4,131.4,131.4,131.4,0.0,0.0,131.4,0.0,0.0,0.0,41.5,3.166,131.4,0.0,True,117.2,0.121,0.078,1,6,M2175.007100-001 M2175.012600-001 M2175.006400-001 M2175.006100-001 E11.116-001,0.011,True
996,약학대학,약학대학,3학년,약학실습 3 | 면역질환과 면역치료 | 병리학(심화) | 제제학과 약물동태학의 기초 | 동서양의 종교적 지혜,GATE,5,6,2,2,1,False,exact,1,144.6,0.0,144.6,144.6,144.6,144.6,0.0,0.0,144.6,0.0,0.0,0.0,36.3,3.982,144.6,0.0,True,132.2,0.094,0.072,1,6,M2175.007100-001 M2175.012600-001 M2175.006400-001 M2175.006100-001 E11.116-001,0.007,True
997,공과대학,기계공학부,4학년,미래자동차공학 | 기계산업경영 2 | 적층제조 | 메카노바이오공학 | 수학연습 2 | 대학 글쓰기 2: 인문학글쓰기,919A,6,69,900,255,422,True,exact,422,197.2,0.0,197.2,231.3,233.4,305.8,0.533,8.0,247.3,34.1,0.148,50.1,54.5,3.62,197.2,0.0,True,175.7,0.122,2.694,44,56,M3228.002100-001 M2794.004600-001 M3228.003700-001 M3228.000500-001 F11.201-020 F31.105L-004,0.426,True
997,공과대학,기계공학부,4학년,미래자동차공학 | 기계산업경영 2 | 적층제조 | 메카노바이오공학 | 수학연습 2 | 대학 글쓰기 2: 인문학글쓰기,GATE,6,69,900,255,422,True,exact,422,232.4,0.0,232.4,257.6,256.7,330.7,0.533,8.0,273.5,25.1,0.098,41.1,58.2,3.991,232.4,0.0,True,210.7,0.103,2.306,39,50,M3228.002100-001 M2794.004600-001 M3228.003700-001 M3228.000500-001 F11.201-001 F31.105L-004,0.357,True
998,인문대학,불어불문학과,4학년,중세 프랑스문학 | 프랑스비평 | 프랑스언어학특강 | 현대프랑스문화현상과 이론 | 대학 글쓰기 1 | 국제정치학입문,919A,6,80,148,116,44,True,exact,44,123.1,0.0,123.1,142.3,147.3,160.5,0.0,0.0,142.3,19.2,0.135,19.2,25.9,4.762,123.1,0.0,True,104.2,0.182,1.515,31,37,M2169.009100-001 104.414B-001 104.430-001 104.433-001 C30.105-002 F11.101-047,0.255,True
998,인문대학,불어불문학과,4학년,중세 프랑스문학 | 프랑스비평 | 프랑스언어학특강 | 현대프랑스문화현상과 이론 | 대학 글쓰기 1 | 국제정치학입문,GATE,6,80,148,116,44,True,exact,44,138.1,0.0,138.1,158.7,163.1,178.5,0.0,0.0,158.7,20.6,0.13,20.6,21.4,6.446,138.1,0.0,True,128.2,0.078,1.448,25,31,M2169.009100-001 104.414B-001 104.430-001 104.433-001 C30.105-002 F11.101-049,0.19,True
999,미술대학,서양화과,3학년,심화 연구: 이미지 실험 2 | 심화 연구: 회화 2 | 심화 연구: 개념과 리서치 2 | 사운드: 귀로 보기 그리고 눈으로 듣기 | 물리학실험 2,919A,5,53,49,12,29,True,exact,29,102.2,0.0,102.2,119.1,125.4,125.4,0.138,0.1,119.3,16.8,0.141,17.1,43.2,2.365,102.2,0.0,True,87.7,0.165,0.42,6,11,M1766.004600-001 M1766.004500-001 M1766.004700-001 M1766.003000-001 F33.107L-040,0.025,True
999,미술대학,서양화과,3학년,심화 연구: 이미지 실험 2 | 심화 연구: 회화 2 | 심화 연구: 개념과 리서치 2 | 사운드: 귀로 보기 그리고 눈으로 듣기 | 물리학실험 2,GATE,5,53,49,12,29,True,exact,29,77.9,0.0,77.9,88.7,92.8,92.8,0.138,0.1,88.9,10.8,0.121,11.0,32.7,2.381,77.9,0.0,True,73.2,0.064,0.205,7,12,M1766.004600-001 M1766.004500-001 M1766.004700-001 M1766.003000-001 F33.107L-040,0.022,True
1000,농업생명과학대학,조경·지역시스템공학부,2학년,서양조경의 역사와 이론 | 응용공학수학 2 | 응용소프트웨어공학 | 조경설계 1 | 수학 2 | 대학 글쓰기 1,919A,6,105,3848,812,786,True,exact,786,207.9,0.0,207.9,218.0,212.1,254.9,0.165,0.2,218.5,10.1,0.046,10.6,31.6,6.576,207.9,0.0,True,188.3,0.104,6.433,160,172,5271.226-001 5272.202-001 5272.222-001 5271.324-001 F31.105-003 F11.101-025,1.274,True
1000,농업생명과학대학,조경·지역시스템공학부,2학년,서양조경의 역사와 이론 | 응용공학수학 2 | 응용소프트웨어공학 | 조경설계 1 | 수학 2 | 대학 글쓰기 1,GATE,6,105,3848,812,786,True,exact,786,159.6,0.0,159.6,173.9,171.6,198.0,0.165,0.2,174.4,14.3,0.082,14.8,27.6,5.774,159.6,0.0,True,155.5,0.026,6.113,129,141,5271.226-001 5272.202-001 5272.222-001 5271.324-001 F31.105-010 F11.101-006,0.939,True
