from,to,distance_m,time_s
1,2,18.97,17.24
1,3,151.51,137.74
1,4,125.89,114.45
1,5,137.55,125.05
1,6,235.33,213.93
1,7,163.32,148.47
1,8,142.01,129.10
1,9,235.72,214.29
1,10,334.68,304.26
1,10-1,387.31,352.10
1,11,283.50,257.72
1,12,247.21,224.74
1,13,155.07,140.97
1,14,266.50,242.27
1,15,226.35,205.77
1,15-1,270.71,246.10
1,16,347.97,316.33
1,16-1,306.64,278.76
1,17,322.64,293.31
1,18,483.84,439.85
1,19,536.53,487.75
1,20,200.90,182.64
1,21,385.35,350.32
1,22,292.50,265.91
1,24,196.31,178.46
1,25,270.82,246.20
1,25-1,299.79,272.54
1,26,306.25,278.40
1,27,356.33,323.93
1,28,397.60,361.45
1,29,705.90,641.73
1,30,485.02,440.93
1,31,451.78,410.71
1,32,668.43,607.67
1,32-1,611.51,555.92
1,33,571.43,519.48
1,34,536.91,488.10
1,35,426.33,387.57
1,36,597.88,543.53
1,37,566.50,515.00
1,38,666.22,605.65
1,39,766.12,696.47
1,40,770.42,700.38
1,43,396.11,360.10
1,43-1,457.12,415.56
1,43-2,429.61,390.55
1,44-1,615.03,559.12
1,49,399.79,363.45
1,50,289.41,263.10
1,51,381.95,347.23
1,52,387.52,352.30
1,52-1,432.78,393.44
1,52-2,467.30,424.81
1,53,374.86,340.78
1,54,301.12,273.75
1,55,304.32,276.65
1,56,323.61,294.19
1,57,654.41,594.92
1,57-1,589.37,535.79
1,58,615.52,559.56
1,59,599.50,545.00
1,59-1,660.68,600.62
1,61,90.01,81.83
1,62,103.70,94.27
1,64,550.24,500.22
1,66,1046.77,951.61
1,71,971.95,883.59
1,71-1,865.41,786.73
1,73,209.68,190.62
1,74,192.81,175.28
1,75,665.05,604.59
1,75-1,654.86,595.33
1,80,1259.16,1144.69
1,81,893.66,812.42
1,82,315.69,286.99
1,83,396.42,360.38
1,84,244.87,222.61
1,85,967.84,879.85
1,85-1,1299.85,1181.68
1,86,1213.54,1103.22
1,101,399.96,363.60
1,103,285.91,259.92
1,105-2,1025.96,932.69
1,129,518.91,471.74
1,132,848.93,771.76
1,135,748.54,680.49
1,140,542.07,492.80
1,140-1,542.07,492.80
1,140-2,542.07,492.80
1,142,659.95,599.95
1,143,297.51,270.47
1,152-1,823.54,748.68
1,153,784.08,712.80
1,200,441.10,401.00
1,201,611.85,556.23
1,203,446.90,406.27
1,207,473.26,430.24
1,220,458.43,416.76
1,221,597.37,543.06
1,222,508.07,461.88
1,223,776.25,705.68
1,300,1172.86,1066.24
1,301,1243.24,1130.22
1,302,1412.19,1283.81
1,500,498.64,453.31
1,919,733.77,667.06
1,942,1221.72,1110.65
1,GATE,819.74,745.22
2,1,18.97,17.24
2,3,50.67,46.06
2,4,37.90,34.45
2,5,37.17,33.79
2,6,143.24,130.22
2,7,85.39,77.63
2,8,57.82,52.56
2,9,131.39,119.45
2,10,230.03,209.12
2,10-1,299.15,271.95
2,11,185.05,168.23
2,12,144.13,131.03
2,13,159.19,144.72
2,14,178.33,162.12
2,15,219.41,199.47
2,15-1,263.77,239.79
2,16,341.03,310.03
2,16-1,299.70,272.45
2,17,315.70,287.00
2,18,496.76,451.60
2,19,549.45,499.50
2,20,213.83,194.39
2,21,398.28,362.07
2,22,305.43,277.66
2,24,265.58,241.44
2,25,324.27,294.79
2,25-1,369.06,335.51
2,26,362.07,329.15
2,27,405.58,368.71
2,28,435.35,395.77
2,29,718.83,653.48
2,30,497.94,452.68
2,31,464.70,422.46
2,32,705.52,641.38
2,32-1,624.44,567.67
2,33,584.36,531.23
2,34,549.83,499.85
2,35,439.25,399.32
2,36,610.81,555.28
2,37,579.43,526.75
2,38,679.14,617.40
2,39,779.04,708.22
2,40,783.34,712.13
2,43,409.03,371.84
2,43-1,470.04,427.31
2,43-2,442.53,402.30
2,44-1,627.95,570.87
2,49,351.83,319.85
2,50,282.48,256.80
2,51,375.02,340.92
2,52,380.59,345.99
2,52-1,425.85,387.13
2,52-2,460.36,418.51
2,53,326.90,297.18
2,54,253.16,230.15
2,55,270.55,245.96
2,56,336.54,305.94
2,57,647.47,588.61
2,57-1,582.43,529.48
2,58,608.58,553.25
2,59,592.56,538.69
2,59-1,653.75,594.32
2,61,45.57,41.43
2,62,131.23,119.30
2,64,543.30,493.91
2,66,1059.70,963.36
2,71,965.01,877.28
2,71-1,858.47,780.43
2,73,202.74,184.31
2,74,174.51,158.65
2,75,702.13,638.30
2,75-1,691.95,629.04
2,80,1252.23,1138.39
2,81,886.72,806.11
2,82,267.73,243.39
2,83,389.48,354.07
2,84,237.93,216.30
2,85,960.90,873.55
2,85-1,1292.92,1175.38
2,86,1206.60,1096.91
2,101,393.02,357.29
2,103,295.93,269.03
2,105-2,1038.88,944.44
2,129,531.84,483.49
2,132,861.85,783.50
2,135,761.47,692.24
2,140,535.14,486.49
2,140-1,535.14,486.49
2,140-2,535.14,486.49
2,142,672.87,611.70
2,143,310.44,282.21
2,152-1,816.61,742.37
2,153,777.14,706.49
2,200,510.37,463.97
2,201,648.94,589.94
2,203,516.17,469.24
2,207,466.32,423.93
2,220,451.50,410.45
2,221,590.43,536.76
2,222,501.13,455.57
2,223,769.31,699.38
2,300,1185.78,1077.98
2,301,1256.16,1141.97
2,302,1425.11,1295.56
2,500,570.26,518.42
2,919,645.60,586.91
2,942,1133.55,1030.50
2,GATE,817.51,743.20
3,1,151.51,137.74
3,2,50.67,46.06
3,4,18.62,16.93
3,5,30.27,27.52
3,6,54.93,49.94
3,7,91.02,82.75
3,8,59.14,53.76
3,9,145.71,132.46
3,10,167.85,152.59
3,10-1,208.25,189.32
3,11,211.46,192.24
3,12,208.01,189.10
3,13,223.07,202.79
3,14,87.44,79.49
3,15,288.29,262.08
3,15-1,332.64,302.40
3,16,387.33,352.12
3,16-1,368.57,335.07
3,17,292.04,265.49
3,18,579.10,526.45
3,19,631.79,574.35
3,20,296.17,269.24
3,21,480.62,436.92
3,22,387.77,352.51
3,24,384.24,349.31
3,25,452.10,411.00
3,25-1,487.72,443.38
3,26,453.89,412.63
3,27,497.40,452.19
3,28,517.69,470.62
3,29,801.16,728.33
3,30,580.28,527.53
3,31,547.04,497.31
3,32,787.85,716.23
3,32-1,706.78,642.52
3,33,666.69,606.09
3,34,632.17,574.70
3,35,521.59,474.18
3,36,693.15,630.13
3,37,661.77,601.61
3,38,761.48,692.26
3,39,861.38,783.07
3,40,865.68,786.98
3,43,491.37,446.70
3,43-1,552.38,502.17
3,43-2,524.87,477.16
3,44-1,710.29,645.72
3,49,276.79,251.63
3,50,258.81,235.29
3,51,343.51,312.28
3,52,338.51,307.73
3,52-1,378.49,344.08
3,52-2,418.28,380.25
3,53,251.86,228.96
3,54,178.12,161.93
3,55,195.51,177.74
3,56,418.87,380.80
3,57,580.04,527.31
3,57-1,515.00,468.19
3,58,584.92,531.74
3,59,525.13,477.39
3,59-1,586.32,533.02
3,61,111.54,101.40
3,62,259.95,236.32
3,64,612.18,556.53
3,66,1050.13,954.67
3,71,941.35,855.77
3,71-1,834.81,758.92
3,73,271.61,246.92
3,74,125.66,114.24
3,75,784.47,713.15
3,75-1,774.29,703.90
3,80,1228.57,1116.88
3,81,819.29,744.81
3,82,192.69,175.17
3,83,365.82,332.56
3,84,240.22,218.38
3,85,893.47,812.25
3,85-1,1269.25,1153.87
3,86,1182.94,1075.40
3,101,461.89,419.90
3,103,364.81,331.64
3,105-2,1121.22,1019.29
3,129,614.18,558.34
3,132,944.19,858.36
3,135,843.81,767.10
3,140,467.71,425.19
3,140-1,467.71,425.19
3,140-2,467.71,425.19
3,142,755.21,686.56
3,143,392.77,357.07
3,152-1,792.94,720.86
3,153,753.48,684.98
3,200,629.03,571.84
3,201,731.27,664.80
3,203,634.82,577.11
3,207,424.24,385.68
3,220,384.07,349.15
3,221,523.01,475.46
3,222,433.70,394.27
3,223,701.89,638.08
3,300,1268.12,1152.84
3,301,1338.50,1216.82
3,302,1507.45,1370.41
3,500,678.47,616.79
3,919,554.70,504.28
3,942,1042.65,947.87
3,GATE,842.70,766.09
4,1,125.89,114.45
4,2,37.90,34.45
4,3,18.62,16.93
4,5,54.56,49.60
4,6,105.78,96.16
4,7,129.78,117.98
4,8,75.82,68.92
4,9,175.78,159.80
4,10,217.36,197.60
4,10-1,257.76,234.33
4,11,229.44,208.58
4,12,188.52,171.38
4,13,203.58,185.07
4,14,136.95,124.50
4,15,262.67,238.79
4,15-1,307.03,279.12
4,16,384.29,349.36
4,16-1,342.96,311.78
4,17,297.90,270.82
4,18,559.61,508.74
4,19,612.30,556.63
4,20,276.68,251.52
4,21,461.13,419.21
4,22,368.28,334.80
4,24,358.62,326.02
4,25,427.37,388.52
4,25-1,462.10,420.09
4,26,434.40,394.91
4,27,477.91,434.47
4,28,498.20,452.91
4,29,781.67,710.61
4,30,560.79,509.81
4,31,527.55,479.59
4,32,768.36,698.51
4,32-1,687.29,624.81
4,33,647.20,588.37
4,34,612.68,556.98
4,35,502.10,456.46
4,36,673.66,612.42
4,37,642.28,583.89
4,38,741.99,674.54
4,39,841.89,765.35
4,40,846.19,769.26
4,43,471.88,428.98
4,43-1,532.89,484.45
4,43-2,505.38,459.44
4,44-1,690.80,628.00
4,49,282.65,256.95
4,50,264.67,240.61
4,51,349.36,317.60
4,52,344.36,313.06
4,52-1,384.34,349.40
4,52-2,424.14,385.58
4,53,257.71,234.29
4,54,183.98,167.26
4,55,201.37,183.06
4,56,399.38,363.08
4,57,585.90,532.64
4,57-1,520.86,473.51
4,58,590.78,537.07
4,59,530.99,482.72
4,59-1,592.18,538.34
4,61,92.05,83.68
4,62,234.33,213.03
4,64,586.56,533.24
4,66,1099.65,999.68
4,71,947.21,861.10
4,71-1,840.67,764.24
4,73,246.00,223.64
4,74,131.52,119.56
4,75,764.98,695.43
4,75-1,754.80,686.18
4,80,1234.42,1122.20
4,81,825.15,750.14
4,82,198.55,180.50
4,83,371.68,337.89
4,84,246.07,223.70
4,85,899.33,817.57
4,85-1,1275.11,1159.19
4,86,1188.80,1080.73
4,101,436.28,396.62
4,103,339.19,308.36
4,105-2,1101.73,1001.58
4,129,594.69,540.62
4,132,924.70,840.64
4,135,824.32,749.38
4,140,473.57,430.52
4,140-1,473.57,430.52
4,140-2,473.57,430.52
4,142,735.72,668.84
4,143,373.28,339.35
4,152-1,798.80,726.18
4,153,759.34,690.31
4,200,603.41,548.55
4,201,711.78,647.08
4,203,609.21,553.83
4,207,430.10,391.00
4,220,389.92,354.48
4,221,528.86,480.79
4,222,439.56,399.60
4,223,707.74,643.40
4,300,1248.63,1135.12
4,301,1319.01,1199.10
4,302,1487.96,1352.69
4,500,652.86,593.51
4,919,604.22,549.29
4,942,1092.17,992.88
4,GATE,848.56,771.42
5,1,137.55,125.05
5,2,37.17,33.79
5,3,30.27,27.52
5,4,54.56,49.60
5,6,3.98,3.62
5,7,36.72,33.38
5,8,23.61,21.46
5,9,101.13,91.93
5,10,127.32,115.74
5,10-1,163.66,148.78
5,11,158.00,143.64
5,12,117.08,106.43
5,13,132.14,120.12
5,14,44.71,40.65
5,15,310.06,281.87
5,15-1,354.41,322.19
5,16,426.09,387.35
5,16-1,390.34,354.85
5,17,330.80,300.73
5,18,492.30,447.54
5,19,544.99,495.44
5,20,209.36,190.33
5,21,393.81,358.01
5,22,327.64,297.85
5,24,376.00,341.81
5,25,391.97,356.34
5,25-1,453.40,412.18
5,26,393.76,357.96
5,27,437.27,397.52
5,28,457.56,415.96
5,29,714.36,649.42
5,30,518.26,471.15
5,31,486.91,442.64
5,32,727.73,661.57
5,32-1,646.65,587.86
5,33,604.68,549.70
5,34,567.96,516.33
5,35,434.79,395.26
5,36,606.35,551.22
5,37,599.75,545.22
5,38,699.46,635.88
5,39,774.58,704.16
5,40,778.88,708.07
5,43,404.57,367.79
5,43-1,465.58,423.26
5,43-2,438.07,398.25
5,44-1,623.49,566.81
5,49,315.55,286.86
5,50,297.57,270.52
5,51,382.27,347.51
5,52,377.27,342.97
5,52-1,417.25,379.31
5,52-2,457.04,415.49
5,53,290.62,264.20
5,54,216.88,197.17
5,55,234.27,212.97
5,56,332.07,301.88
5,57,618.80,562.55
5,57-1,553.76,503.42
5,58,623.68,566.98
5,59,563.89,512.63
5,59-1,625.08,568.25
5,61,40.79,37.08
5,62,241.64,219.67
5,64,633.95,576.31
5,66,1005.55,914.13
5,71,980.11,891.01
5,71-1,873.57,794.15
5,73,293.38,266.71
5,74,164.42,149.47
5,75,724.34,658.49
5,75-1,714.16,649.23
5,80,1267.32,1152.11
5,81,858.05,780.05
5,82,231.45,210.41
5,83,404.58,367.80
5,84,278.98,253.61
5,85,932.23,847.48
5,85-1,1308.01,1189.10
5,86,1221.70,1110.64
5,101,483.66,439.69
5,103,386.58,351.43
5,105-2,1034.42,940.38
5,129,554.05,503.68
5,132,857.39,779.45
5,135,757.00,688.19
5,140,506.47,460.43
5,140-1,506.47,460.43
5,140-2,506.47,460.43
5,142,668.41,607.65
5,143,305.97,278.16
5,152-1,831.70,756.09
5,153,792.24,720.22
5,200,594.71,540.64
5,201,671.14,610.13
5,203,600.51,545.91
5,207,463.00,420.91
5,220,422.83,384.39
5,221,561.77,510.70
5,222,472.46,429.51
5,223,696.75,633.41
5,300,1181.32,1073.93
5,301,1251.70,1137.91
5,302,1420.65,1291.50
5,500,680.68,618.80
5,919,510.12,463.75
5,942,998.07,907.34
5,GATE,881.46,801.33
6,1,235.33,213.93
6,2,143.24,130.22
6,3,54.93,49.94
6,4,105.78,96.16
6,5,3.98,3.62
6,7,14.07,12.79
6,8,80.80,73.46
6,9,29.85,27.14
6,10,44.98,40.89
6,10-1,106.93,97.21
6,11,94.04,85.49
6,12,129.47,117.70
6,13,153.42,139.48
6,14,27.57,25.06
6,15,363.93,330.84
6,15-1,416.46,378.60
6,16,452.75,411.59
6,16-1,442.85,402.59
6,17,357.46,324.96
6,18,584.55,531.41
6,19,637.24,579.31
6,20,301.62,274.20
6,21,486.06,441.88
6,22,433.71,394.29
6,24,468.05,425.50
6,25,498.05,452.77
6,25-1,559.48,508.62
6,26,499.84,454.40
6,27,543.35,493.96
6,28,563.64,512.40
6,29,806.61,733.28
6,30,610.51,555.01
6,31,592.99,539.08
6,32,833.80,758.00
6,32-1,752.72,684.30
6,33,696.93,633.57
6,34,660.21,600.20
6,35,527.04,479.13
6,36,698.60,635.09
6,37,692.00,629.09
6,38,791.71,719.74
6,39,866.83,788.03
6,40,871.13,791.94
6,43,496.82,451.65
6,43-1,557.83,507.12
6,43-2,530.32,482.11
6,44-1,715.74,650.67
6,49,342.21,311.10
6,50,324.23,294.75
6,51,408.92,371.75
6,52,403.92,367.20
6,52-1,443.90,403.55
6,52-2,483.69,439.72
6,53,317.27,288.43
6,54,243.54,221.40
6,55,260.93,237.21
6,56,424.32,385.75
6,57,645.46,586.78
6,57-1,580.42,527.66
6,58,650.33,591.21
6,59,590.55,536.86
6,59-1,651.74,592.49
6,61,117.77,107.07
6,62,343.76,312.51
6,64,695.99,632.72
6,66,948.82,862.56
6,71,980.72,891.56
6,71-1,900.23,818.39
6,73,355.43,323.12
6,74,191.08,173.71
6,75,830.42,754.92
6,75-1,820.23,745.67
6,80,1293.98,1176.35
6,81,844.90,768.09
6,82,251.17,228.34
6,83,431.24,392.03
6,84,305.63,277.85
6,85,919.08,835.53
6,85-1,1334.67,1213.34
6,86,1248.36,1134.87
6,101,545.71,496.10
6,103,448.62,407.84
6,105-2,1118.34,1016.67
6,129,660.12,600.11
6,132,949.64,863.31
6,135,849.25,772.05
6,140,493.82,448.93
6,140-1,493.82,448.93
6,140-2,493.82,448.93
6,142,760.66,691.51
6,143,398.22,362.02
6,152-1,858.36,780.33
6,153,818.90,744.45
6,200,700.79,637.08
6,201,777.22,706.57
6,203,706.58,642.35
6,207,489.66,445.15
6,220,449.48,408.62
6,221,562.58,511.44
6,222,499.12,453.74
6,223,679.04,617.31
6,300,1273.57,1157.79
6,301,1343.95,1221.77
6,302,1512.90,1375.36
6,500,762.29,692.99
6,919,492.42,447.65
6,942,980.36,891.24
6,GATE,908.12,825.56
7,1,163.32,148.47
7,2,85.39,77.63
7,3,91.02,82.75
7,4,129.78,117.98
7,5,36.72,33.38
7,6,14.07,12.79
7,8,41.31,37.56
7,9,30.30,27.55
7,10,43.99,39.99
7,10-1,116.55,105.96
7,11,70.25,63.86
7,12,52.48,47.71
7,13,66.84,60.76
7,14,55.25,50.22
7,15,358.28,325.71
7,15-1,402.64,366.03
7,16,479.90,436.27
7,16-1,438.57,398.70
7,17,396.04,360.04
7,18,488.58,444.16
7,19,541.26,492.06
7,20,205.64,186.95
7,21,390.09,354.63
7,22,375.40,341.27
7,24,424.22,385.66
7,25,440.19,400.18
7,25-1,501.62,456.02
7,26,441.99,401.80
7,27,485.50,441.36
7,28,505.78,459.80
7,29,710.64,646.04
7,30,514.54,467.76
7,31,513.79,467.08
7,32,754.61,686.01
7,32-1,673.53,612.30
7,33,600.95,546.32
7,34,564.24,512.95
7,35,431.07,391.88
7,36,602.62,547.84
7,37,596.02,541.84
7,38,695.74,632.49
7,39,770.86,700.78
7,40,775.16,704.69
7,43,400.84,364.40
7,43-1,461.86,419.87
7,43-2,434.35,394.86
7,44-1,619.77,563.43
7,49,380.79,346.18
7,50,362.82,329.83
7,51,447.51,406.83
7,52,442.51,402.28
7,52-1,482.49,438.63
7,52-2,522.28,474.80
7,53,355.86,323.51
7,54,282.13,256.48
7,55,299.51,272.28
7,56,328.35,298.50
7,57,684.05,621.86
7,57-1,619.01,562.73
7,58,688.92,626.29
7,59,629.13,571.94
7,59-1,690.32,627.56
7,61,22.23,20.21
7,62,289.87,263.52
7,64,682.17,620.16
7,66,958.44,871.31
7,71,1034.62,940.56
7,71-1,938.81,853.47
7,73,341.61,310.55
7,74,229.66,208.78
7,75,751.22,682.93
7,75-1,741.04,673.67
7,80,1332.57,1211.42
7,81,898.80,817.09
7,82,296.69,269.72
7,83,469.82,427.11
7,84,344.22,312.93
7,85,972.98,884.53
7,85-1,1373.26,1248.41
7,86,1286.94,1169.95
7,101,531.89,483.53
7,103,434.80,395.27
7,105-2,1030.70,937.00
7,129,580.93,528.11
7,132,853.67,776.06
7,135,753.28,684.80
7,140,547.72,497.93
7,140-1,547.72,497.93
7,140-2,547.72,497.93
7,142,664.69,604.26
7,143,302.25,274.77
7,152-1,896.95,815.41
7,153,857.48,779.53
7,200,625.24,568.40
7,201,698.03,634.57
7,203,648.73,589.76
7,207,528.25,480.22
7,220,488.07,443.70
7,221,616.48,560.44
7,222,537.70,488.82
7,223,732.94,666.31
7,300,1177.60,1070.54
7,301,1247.98,1134.52
7,302,1416.93,1288.12
7,500,728.90,662.64
7,919,529.08,480.98
7,942,1017.03,924.57
7,GATE,946.70,860.64
8,1,142.01,129.10
8,2,57.82,52.56
8,3,59.14,53.76
8,4,75.82,68.92
8,5,23.61,21.46
8,6,80.80,73.46
8,7,41.31,37.56
8,9,58.15,52.87
8,10,113.20,102.91
8,10-1,189.98,172.71
8,11,111.25,101.14
8,12,80.04,72.77
8,13,99.60,90.55
8,14,129.72,117.93
8,15,330.71,300.65
8,15-1,375.07,340.97
8,16,452.33,411.21
8,16-1,411.00,373.63
8,17,427.00,388.18
8,18,496.76,451.60
8,19,549.45,499.50
8,20,213.82,194.39
8,21,398.27,362.07
8,22,348.29,316.63
8,24,396.65,360.59
8,25,412.62,375.11
8,25-1,474.05,430.96
8,26,414.42,376.74
8,27,457.93,416.30
8,28,478.21,434.74
8,29,718.82,653.47
8,30,522.72,475.20
8,31,507.56,461.42
8,32,748.38,680.35
8,32-1,667.30,606.64
8,33,609.13,553.76
8,34,572.42,520.39
8,35,439.25,399.32
8,36,610.81,555.28
8,37,604.21,549.28
8,38,703.92,639.93
8,39,779.04,708.22
8,40,783.34,712.12
8,43,409.03,371.84
8,43-1,470.04,427.31
8,43-2,442.53,402.30
8,44-1,627.95,570.86
8,49,434.73,395.21
8,50,393.77,357.97
8,51,486.31,442.10
8,52,491.89,447.17
8,52-1,536.43,487.66
8,52-2,571.66,519.69
8,53,409.79,372.54
8,54,336.06,305.51
8,55,353.45,321.32
8,56,336.53,305.94
8,57,737.98,670.89
8,57-1,672.94,611.77
8,58,719.88,654.43
8,59,683.07,620.97
8,59-1,744.26,676.60
8,61,41.51,37.74
8,62,262.30,238.45
8,64,654.60,595.09
8,66,1031.87,938.06
8,71,1076.31,978.46
8,71-1,969.77,881.61
8,73,314.04,285.49
8,74,283.60,257.82
8,75,744.99,677.27
8,75-1,734.81,668.01
8,80,1363.52,1239.57
8,81,952.73,866.12
8,82,350.63,318.75
8,83,500.78,455.25
8,84,349.23,317.48
8,85,1026.91,933.56
8,85-1,1404.21,1276.56
8,86,1317.90,1198.09
8,101,504.32,458.47
8,103,407.23,370.21
8,105-2,1038.88,944.44
8,129,574.70,522.46
8,132,861.85,783.50
8,135,761.46,692.24
8,140,601.65,546.96
8,140-1,601.65,546.96
8,140-2,601.65,546.96
8,142,672.87,611.70
8,143,310.43,282.21
8,152-1,927.90,843.55
8,153,888.44,807.67
8,200,615.36,559.42
8,201,691.80,628.91
8,203,621.16,564.69
8,207,577.62,525.11
8,220,542.00,492.73
8,221,670.41,609.47
8,222,591.64,537.85
8,223,786.88,715.34
8,300,1185.78,1077.98
8,301,1256.16,1141.96
8,302,1425.11,1295.55
8,500,701.33,637.57
8,919,600.25,545.68
8,942,1088.20,989.27
8,GATE,928.81,844.37
9,1,235.72,214.29
9,2,131.39,119.45
9,3,145.71,132.46
9,4,175.78,159.80
9,5,101.13,91.93
9,6,29.85,27.14
9,7,30.30,27.55
9,8,58.15,52.87
9,10,5.48,4.98
9,10-1,74.81,68.01
9,11,43.24,39.31
9,12,35.35,32.13
9,13,63.81,58.01
9,14,31.64,28.76
9,15,404.28,367.53
9,15-1,448.64,407.85
9,16,525.90,478.09
9,16-1,484.57,440.52
9,17,446.91,406.28
9,18,484.20,440.19
9,19,536.89,488.08
9,20,213.48,194.07
9,21,396.44,360.40
9,22,391.06,355.51
9,24,467.24,424.77
9,25,459.90,418.09
9,25-1,521.33,473.94
9,26,461.69,419.72
9,27,505.20,459.28
9,28,525.49,477.72
9,29,706.27,642.06
9,30,530.20,482.00
9,31,529.45,481.32
9,32,770.27,700.24
9,32-1,689.19,626.53
9,33,616.61,560.56
9,34,576.47,524.06
9,35,426.70,387.91
9,36,614.85,558.95
9,37,611.68,556.08
9,38,711.40,646.73
9,39,773.70,703.37
9,40,778.00,707.27
9,43,416.50,378.64
9,43-1,477.52,434.11
9,43-2,450.01,409.10
9,44-1,619.55,563.22
9,49,431.66,392.41
9,50,413.68,376.07
9,51,498.37,453.07
9,52,493.37,448.52
9,52-1,533.35,484.87
9,52-2,573.14,521.04
9,53,406.72,369.75
9,54,332.99,302.72
9,55,350.38,318.52
9,56,344.01,312.74
9,57,734.91,668.10
9,57-1,669.87,608.97
9,58,739.78,672.53
9,59,680.00,618.18
9,59-1,741.18,673.80
9,61,47.13,42.85
9,62,332.89,302.63
9,64,728.17,661.98
9,66,916.70,833.36
9,71,1041.13,946.48
9,71-1,989.67,899.70
9,73,387.61,352.37
9,74,280.52,255.02
9,75,766.88,697.16
9,75-1,756.70,687.91
9,80,1383.43,1257.66
9,81,905.31,823.01
9,82,311.58,283.25
9,83,520.69,473.35
9,84,395.08,359.17
9,85,979.49,890.45
9,85-1,1424.12,1294.65
9,86,1337.81,1216.19
9,101,577.89,525.35
9,103,480.80,437.10
9,105-2,1033.55,939.59
9,129,596.59,542.35
9,132,849.30,772.09
9,135,752.61,684.19
9,140,554.23,503.85
9,140-1,554.23,503.85
9,140-2,554.23,503.85
9,142,660.32,600.29
9,143,297.88,270.80
9,152-1,947.81,861.65
9,153,908.35,825.77
9,200,640.90,582.63
9,201,713.69,648.80
9,203,668.44,607.67
9,207,579.11,526.46
9,220,538.93,489.94
9,221,622.99,566.36
9,222,588.57,535.06
9,223,739.45,672.23
9,300,1180.44,1073.13
9,301,1250.82,1137.11
9,302,1419.77,1290.70
9,500,762.52,693.20
9,919,487.33,443.03
9,942,975.28,886.62
9,GATE,997.56,906.88
10,1,334.68,304.26
10,2,230.03,209.12
10,3,167.85,152.59
10,4,217.36,197.60
10,5,127.32,115.74
10,6,44.98,40.89
10,7,43.99,39.99
10,8,113.20,102.91
10,9,5.48,4.98
10,10-1,6.49,5.90
10,11,32.91,29.92
10,12,71.15,64.69
10,13,165.06,150.06
10,14,33.72,30.66
10,15,475.51,432.29
10,15-1,528.05,480.04
10,16,564.33,513.03
10,16-1,554.44,504.03
10,17,469.05,426.40
10,18,552.58,502.35
10,19,605.27,550.25
10,20,292.77,266.15
10,21,473.77,430.70
10,22,490.03,445.48
10,24,566.21,514.73
10,25,558.86,508.06
10,25-1,620.29,563.90
10,26,560.65,509.68
10,27,604.17,549.24
10,28,624.45,567.68
10,29,774.65,704.22
10,30,629.16,571.97
10,31,628.41,571.28
10,32,869.23,790.21
10,32-1,788.15,716.50
10,33,715.58,650.52
10,34,664.90,604.46
10,35,495.08,450.07
10,36,703.28,639.35
10,37,710.65,646.04
10,38,793.26,721.14
10,39,842.08,765.53
10,40,846.38,769.44
10,43,515.47,468.61
10,43-1,571.81,519.83
10,43-2,548.97,499.07
10,44-1,687.92,625.38
10,49,453.79,412.54
10,50,435.82,396.20
10,51,520.51,473.19
10,52,515.51,468.65
10,52-1,555.49,504.99
10,52-2,595.28,541.16
10,53,428.86,389.87
10,54,355.13,322.84
10,55,372.51,338.65
10,56,442.97,402.70
10,57,757.05,688.22
10,57-1,692.01,629.10
10,58,761.92,692.66
10,59,702.13,638.30
10,59-1,763.32,693.93
10,61,145.21,132.01
10,62,431.85,392.59
10,64,807.58,734.16
10,66,869.68,790.62
10,71,1069.12,971.92
10,71-1,1011.81,919.83
10,73,467.02,424.56
10,74,302.66,275.15
10,75,865.84,787.13
10,75-1,855.66,777.87
10,80,1405.57,1277.79
10,81,933.30,848.45
10,82,339.57,308.70
10,83,542.82,493.48
10,84,417.22,379.29
10,85,1007.48,915.89
10,85-1,1446.26,1314.78
10,86,1359.95,1236.31
10,101,657.30,597.54
10,103,560.21,509.28
10,105-2,1039.20,944.73
10,129,695.55,632.32
10,132,903.07,820.97
10,135,820.99,746.35
10,140,582.22,529.29
10,140-1,582.22,529.29
10,140-2,582.22,529.29
10,142,728.69,662.45
10,143,366.26,332.96
10,152-1,969.95,881.77
10,153,930.48,845.89
10,200,739.86,672.60
10,201,812.65,738.77
10,203,767.40,697.64
10,207,601.25,546.59
10,220,561.07,510.06
10,221,650.98,591.80
10,222,610.70,555.19
10,223,767.44,697.67
10,300,1248.82,1135.29
10,301,1319.20,1199.27
10,302,1488.15,1352.87
10,500,861.49,783.17
10,919,440.32,400.29
10,942,928.27,843.88
10,GATE,1019.70,927.00
10-1,1,387.31,352.10
10-1,2,299.15,271.95
10-1,3,208.25,189.32
10-1,4,257.76,234.33
10-1,5,163.66,148.78
10-1,6,106.93,97.21
10-1,7,116.55,105.96
10-1,8,189.98,172.71
10-1,9,74.81,68.01
10-1,10,6.49,5.90
10-1,11,26.50,24.09
10-1,12,81.30,73.91
10-1,13,175.20,159.28
10-1,14,65.40,59.46
10-1,15,515.91,469.01
10-1,15-1,568.44,516.77
10-1,16,604.73,549.75
10-1,16-1,594.83,540.76
10-1,17,509.44,463.13
10-1,18,562.73,511.57
10-1,19,615.41,559.47
10-1,20,302.91,275.37
10-1,21,483.92,439.92
10-1,22,551.54,501.40
10-1,24,620.04,563.67
10-1,25,620.38,563.98
10-1,25-1,681.81,619.83
10-1,26,622.17,565.61
10-1,27,665.69,605.17
10-1,28,685.97,623.61
10-1,29,784.79,713.45
10-1,30,669.35,608.50
10-1,31,689.93,627.21
10-1,32,930.75,846.13
10-1,32-1,849.67,772.42
10-1,33,755.77,687.06
10-1,34,675.05,613.68
10-1,35,505.22,459.29
10-1,36,713.43,648.57
10-1,37,750.84,682.58
10-1,38,803.40,730.36
10-1,39,852.22,774.75
10-1,40,856.52,778.66
10-1,43,544.09,494.62
10-1,43-1,581.95,529.05
10-1,43-2,588.39,534.90
10-1,44-1,698.07,634.61
10-1,49,494.19,449.26
10-1,50,476.21,432.92
10-1,51,560.91,509.92
10-1,52,555.91,505.37
10-1,52-1,595.89,541.72
10-1,52-2,635.68,577.89
10-1,53,469.26,426.60
10-1,54,395.52,359.57
10-1,55,412.91,375.37
10-1,56,497.94,452.67
10-1,57,797.44,724.95
10-1,57-1,732.40,665.82
10-1,58,802.32,729.38
10-1,59,742.53,675.03
10-1,59-1,803.72,730.65
10-1,61,222.00,201.81
10-1,62,495.75,450.68
10-1,64,847.98,770.89
10-1,66,854.91,777.19
10-1,71,1078.14,980.12
10-1,71-1,1048.33,953.03
10-1,73,507.41,461.29
10-1,74,343.06,311.87
10-1,75,927.36,843.05
10-1,75-1,917.18,833.80
10-1,80,1445.97,1314.51
10-1,81,942.32,856.65
10-1,82,348.59,316.90
10-1,83,583.22,530.20
10-1,84,457.62,416.02
10-1,85,1016.50,924.09
10-1,85-1,1486.65,1351.50
10-1,86,1400.34,1273.04
10-1,101,697.69,634.27
10-1,103,600.61,546.01
10-1,105-2,1024.43,931.30
10-1,129,757.07,688.24
10-1,132,888.29,807.54
10-1,135,831.13,755.57
10-1,140,591.24,537.49
10-1,140-1,591.24,537.49
10-1,140-2,591.24,537.49
10-1,142,738.84,671.67
10-1,143,376.40,342.18
10-1,152-1,1010.35,918.50
10-1,153,970.88,882.62
10-1,200,801.38,728.52
10-1,201,874.17,794.70
10-1,203,828.92,753.56
10-1,207,641.64,583.31
10-1,220,601.47,546.79
10-1,221,660.00,600.00
10-1,222,651.10,591.91
10-1,223,776.46,705.87
10-1,300,1258.96,1144.51
10-1,301,1329.34,1208.49
10-1,302,1498.30,1362.09
10-1,500,914.27,831.16
10-1,919,425.54,386.86
10-1,942,913.49,830.45
10-1,GATE,1060.10,963.73
11,1,283.50,257.72
11,2,185.05,168.23
11,3,211.46,192.24
11,4,229.44,208.58
11,5,158.00,143.64
11,6,94.04,85.49
11,7,70.25,63.86
11,8,111.25,101.14
11,9,43.24,39.31
11,10,32.91,29.92
11,10-1,26.50,24.09
11,12,44.69,40.63
11,13,76.25,69.31
11,14,71.49,64.99
11,15,457.94,416.31
11,15-1,502.30,456.63
11,16,579.56,526.87
11,16-1,538.23,489.30
11,17,512.66,466.05
11,18,496.25,451.14
11,19,548.94,499.04
11,20,225.92,205.38
11,21,408.87,371.70
11,22,438.81,398.92
11,24,515.02,468.20
11,25,507.65,461.50
11,25-1,569.08,517.34
11,26,509.44,463.13
11,27,552.95,502.68
11,28,573.24,521.12
11,29,718.32,653.02
11,30,556.62,506.02
11,31,577.20,524.72
11,32,818.01,743.65
11,32-1,736.93,669.94
11,33,643.03,584.58
11,34,588.90,535.37
11,35,438.75,398.86
11,36,627.29,570.26
11,37,638.10,580.10
11,38,736.93,669.93
11,39,785.75,714.32
11,40,790.05,718.23
11,43,431.35,392.14
11,43-1,495.81,450.74
11,43-2,476.43,433.12
11,44-1,631.59,574.18
11,49,497.41,452.19
11,50,479.43,435.85
11,51,564.12,512.84
11,52,559.12,508.29
11,52-1,599.10,544.64
11,52-2,638.90,580.81
11,53,472.47,429.52
11,54,398.74,362.49
11,55,416.13,378.30
11,56,385.21,350.19
11,57,800.66,727.87
11,57-1,735.62,668.75
11,58,805.53,732.30
11,59,745.75,677.95
11,59-1,806.94,733.58
11,61,100.23,91.12
11,62,380.66,346.06
11,64,781.83,710.76
11,66,896.79,815.26
11,71,1106.88,1006.26
11,71-1,1055.43,959.48
11,73,441.27,401.15
11,74,346.28,314.80
11,75,814.63,740.57
11,75-1,804.44,731.31
11,80,1449.18,1317.44
11,81,971.06,882.78
11,82,377.33,343.03
11,83,586.44,533.12
11,84,460.83,418.94
11,85,1045.24,950.22
11,85-1,1489.87,1354.43
11,86,1403.56,1275.96
11,101,631.55,574.13
11,103,534.46,485.87
11,105-2,1045.60,950.54
11,129,644.33,585.76
11,132,861.35,783.04
11,135,764.66,695.15
11,140,619.98,563.62
11,140-1,619.98,563.62
11,140-2,619.98,563.62
11,142,672.37,611.24
11,143,309.93,281.75
11,152-1,1013.56,921.42
11,153,974.10,885.54
11,200,688.64,626.04
11,201,761.43,692.21
11,203,716.18,651.08
11,207,644.86,586.24
11,220,604.68,549.71
11,221,688.74,626.13
11,222,654.32,594.83
11,223,805.20,732.00
11,300,1192.49,1084.08
11,301,1262.87,1148.07
11,302,1431.82,1301.66
11,500,810.27,736.61
11,919,467.42,424.93
11,942,955.37,868.52
11,GATE,1056.04,960.04
12,1,247.21,224.74
12,2,144.13,131.03
12,3,208.01,189.10
12,4,188.52,171.38
12,5,117.08,106.43
12,6,129.47,117.70
12,7,52.48,47.71
12,8,80.04,72.77
12,9,35.35,32.13
12,10,71.15,64.69
12,10-1,81.30,73.91
12,11,44.69,40.63
12,13,25.30,23.00
12,14,164.64,149.67
12,15,417.02,379.11
12,15-1,461.37,419.43
12,16,538.64,489.67
12,16-1,497.30,452.09
12,17,513.31,466.64
12,18,420.42,382.20
12,19,473.11,430.10
12,20,160.61,146.01
12,21,341.61,310.55
12,22,398.76,362.51
12,24,478.73,435.21
12,25,467.60,425.09
12,25-1,529.03,480.94
12,26,469.39,426.72
12,27,512.91,466.28
12,28,533.19,484.72
12,29,642.48,584.08
12,30,516.58,469.61
12,31,537.15,488.32
12,32,777.97,707.24
12,32-1,696.89,633.54
12,33,602.99,548.17
12,34,532.74,484.31
12,35,362.91,329.92
12,36,571.12,519.20
12,37,598.06,543.69
12,38,661.09,600.99
12,39,709.92,645.38
12,40,714.22,649.29
12,43,391.31,355.73
12,43-1,439.65,399.68
12,43-2,436.38,396.71
12,44-1,555.76,505.24
12,49,525.10,477.36
12,50,480.08,436.44
12,51,572.62,520.56
12,52,578.19,525.63
12,52-1,623.45,566.77
12,52-2,657.96,598.15
12,53,500.16,454.70
12,54,426.43,387.67
12,55,443.82,403.47
12,56,345.16,313.78
12,57,828.35,753.05
12,57-1,763.31,693.92
12,58,806.18,732.89
12,59,773.44,703.13
12,59-1,834.63,758.75
12,61,64.20,58.36
12,62,344.38,313.07
12,64,740.91,673.55
12,66,959.65,872.41
12,71,1155.79,1050.72
12,71-1,1056.07,960.07
12,73,400.34,363.95
12,74,372.11,338.28
12,75,774.58,704.16
12,75-1,764.40,694.91
12,80,1449.83,1318.03
12,81,1019.97,927.25
12,82,426.24,387.49
12,83,587.09,533.71
12,84,435.54,395.94
12,85,1094.15,994.68
12,85-1,1490.52,1355.02
12,86,1404.21,1276.55
12,101,590.62,536.93
12,103,493.54,448.67
12,105-2,969.76,881.60
12,129,604.29,549.35
12,132,785.51,714.10
12,135,688.83,626.20
12,140,668.89,608.08
12,140-1,668.89,608.08
12,140-2,668.89,608.08
12,142,596.53,542.30
12,143,234.09,212.81
12,152-1,1014.21,922.01
12,153,974.75,886.13
12,200,648.60,589.64
12,201,721.39,655.81
12,203,676.14,614.67
12,207,663.93,603.57
12,220,632.38,574.89
12,221,737.65,670.59
12,222,682.01,620.01
12,223,854.11,776.47
12,300,1116.66,1015.14
12,301,1187.04,1079.13
12,302,1355.99,1232.72
12,500,770.23,700.21
12,919,530.29,482.08
12,942,1018.24,925.67
12,GATE,1015.12,922.83
13,1,155.07,140.97
13,2,159.19,144.72
13,3,223.07,202.79
13,4,203.58,185.07
13,5,132.14,120.12
13,6,153.42,139.48
13,7,66.84,60.76
13,8,99.60,90.55
13,9,63.81,58.01
13,10,165.06,150.06
13,10-1,175.20,159.28
13,11,76.25,69.31
13,12,25.30,23.00
13,14,188.60,171.45
13,15,432.08,392.80
13,15-1,476.43,433.12
13,16,553.69,503.36
13,16-1,512.36,465.78
13,17,528.37,480.33
13,18,314.52,285.93
13,19,367.21,333.83
13,20,54.72,49.74
13,21,235.71,214.28
13,22,273.98,249.07
13,24,374.73,340.66
13,25,342.82,311.65
13,25-1,404.25,367.50
13,26,344.61,313.28
13,27,388.12,352.84
13,28,408.41,371.28
13,29,536.59,487.80
13,30,391.79,356.17
13,31,412.37,374.88
13,32,653.18,593.80
13,32-1,572.11,520.10
13,33,478.20,434.73
13,34,424.08,385.52
13,35,257.01,233.65
13,36,462.46,420.42
13,37,473.28,430.25
13,38,555.19,504.72
13,39,604.02,549.11
13,40,608.32,553.02
13,43,266.52,242.29
13,43-1,330.98,300.89
13,43-2,311.60,283.27
13,44-1,449.86,408.97
13,49,540.16,491.05
13,50,495.14,450.12
13,51,587.68,534.25
13,52,593.25,539.32
13,52-1,638.51,580.46
13,52-2,673.02,611.84
13,53,515.22,468.39
13,54,441.49,401.36
13,55,458.88,417.16
13,56,220.38,200.35
13,57,843.41,766.74
13,57-1,778.37,707.61
13,58,821.24,746.58
13,59,788.50,716.82
13,59-1,849.69,772.44
13,61,48.96,44.51
13,62,252.23,229.30
13,64,753.13,684.66
13,66,877.46,797.69
13,71,1177.67,1070.61
13,71-1,1071.13,973.76
13,73,415.40,377.64
13,74,387.17,351.97
13,75,649.80,590.72
13,75-1,639.62,581.47
13,80,1464.89,1331.72
13,81,1043.93,949.03
13,82,450.20,409.27
13,83,602.14,547.40
13,84,450.60,409.63
13,85,1118.11,1016.46
13,85-1,1505.58,1368.71
13,86,1419.27,1290.24
13,101,605.68,550.62
13,103,483.46,439.51
13,105-2,863.86,785.33
13,129,479.51,435.91
13,132,679.61,617.83
13,135,582.93,529.93
13,140,692.85,629.86
13,140-1,692.85,629.86
13,140-2,692.85,629.86
13,142,490.63,446.03
13,143,128.20,116.54
13,152-1,1029.27,935.70
13,153,989.80,899.82
13,200,523.82,476.20
13,201,596.60,542.37
13,203,551.36,501.23
13,207,678.99,617.26
13,220,647.43,588.58
13,221,761.61,692.37
13,222,697.07,633.70
13,223,878.07,798.25
13,300,1010.76,918.87
13,301,1081.14,982.85
13,302,1250.09,1136.45
13,500,645.44,586.77
13,919,624.19,567.45
13,942,1112.14,1011.04
13,GATE,1017.29,924.81
14,1,266.50,242.27
14,2,178.33,162.12
14,3,87.44,79.49
14,4,136.95,124.50
14,5,44.71,40.65
14,6,27.57,25.06
14,7,55.25,50.22
14,8,129.72,117.93
14,9,31.64,28.76
14,10,33.72,30.66
14,10-1,65.40,59.46
14,11,71.49,64.99
14,12,164.64,149.67
14,13,188.60,171.45
14,15,395.10,359.18
14,15-1,447.63,406.94
14,16,483.92,439.93
14,16-1,474.02,430.93
14,17,388.63,353.30
14,18,619.72,563.38
14,19,672.41,611.28
14,20,336.79,306.17
14,21,521.24,473.85
14,22,468.80,426.19
14,24,499.23,453.84
14,25,533.14,484.67
14,25-1,594.57,540.52
14,26,534.93,486.30
14,27,578.44,525.86
14,28,598.73,544.30
14,29,841.79,765.26
14,30,645.69,586.99
14,31,628.08,570.98
14,32,868.89,789.90
14,32-1,787.81,716.20
14,33,732.10,665.54
14,34,695.39,632.17
14,35,562.21,511.10
14,36,733.77,667.06
14,37,727.17,661.06
14,38,826.89,751.71
14,39,902.00,820.00
14,40,906.30,823.91
14,43,531.99,483.63
14,43-1,593.00,539.10
14,43-2,565.49,514.09
14,44-1,750.91,682.65
14,49,373.38,339.44
14,50,355.40,323.09
14,51,440.10,400.09
14,52,435.10,395.54
14,52-1,475.08,431.89
14,52-2,514.87,468.06
14,53,348.45,316.77
14,54,274.71,249.74
14,55,292.10,265.55
14,56,459.50,417.72
14,57,676.63,615.12
14,57-1,611.59,555.99
14,58,681.51,619.55
14,59,621.72,565.20
14,59-1,682.91,620.83
14,61,161.74,147.03
14,62,374.94,340.85
14,64,727.17,661.06
14,66,893.80,812.55
14,71,938.77,853.43
14,71-1,908.96,826.33
14,73,386.60,351.46
14,74,222.25,202.04
14,75,865.51,786.82
14,75-1,855.32,777.57
14,80,1325.15,1204.69
14,81,802.95,729.96
14,82,209.22,190.20
14,83,462.41,420.37
14,84,336.81,306.19
14,85,877.13,797.39
14,85-1,1365.84,1241.68
14,86,1279.53,1163.21
14,101,576.88,524.44
14,103,479.80,436.18
14,105-2,1063.32,966.66
14,129,695.21,632.01
14,132,927.19,842.90
14,135,884.43,804.02
14,140,451.87,410.79
14,140-1,451.87,410.79
14,140-2,451.87,410.79
14,142,795.83,723.48
14,143,433.40,394.00
14,152-1,889.53,808.67
14,153,850.07,772.79
14,200,735.88,668.98
14,201,812.31,738.47
14,203,741.67,674.25
14,207,520.83,473.48
14,220,480.66,436.96
14,221,520.63,473.30
14,222,530.29,482.08
14,223,637.09,579.18
14,300,1308.74,1189.77
14,301,1379.12,1253.75
14,302,1548.07,1407.34
14,500,793.46,721.33
14,919,450.46,409.51
14,942,938.41,853.10
14,GATE,939.29,853.90
15,1,226.35,205.77
15,2,219.41,199.47
15,3,288.29,262.08
15,4,262.67,238.79
15,5,310.06,281.87
15,6,363.93,330.84
15,7,358.28,325.71
15,8,330.71,300.65
15,9,404.28,367.53
15,10,475.51,432.29
15,10-1,515.91,469.01
15,11,457.94,416.31
15,12,417.02,379.11
15,13,432.08,392.80
15,14,395.10,359.18
15,15-1,58.19,52.90
15,16,81.80,74.36
15,16-1,71.90,65.36
15,17,14.31,13.01
15,18,768.32,698.48
15,19,821.01,746.37
15,20,485.39,441.26
15,21,656.37,596.70
15,22,537.31,488.47
15,24,375.20,341.09
15,25,449.71,408.83
15,25-1,478.68,435.16
15,26,485.14,441.03
15,27,585.27,532.06
15,28,626.54,569.58
15,29,990.39,900.35
15,30,729.83,663.48
15,31,696.59,633.26
15,32,847.32,770.29
15,32-1,842.57,765.97
15,33,816.24,742.04
15,34,781.71,710.65
15,35,706.13,641.93
15,36,863.36,784.87
15,37,811.31,737.56
15,38,911.03,828.21
15,39,1031.59,937.81
15,40,1029.71,936.10
15,43,661.58,601.44
15,43-1,714.86,649.88
15,43-2,690.94,628.13
15,44-1,880.50,800.46
15,49,260.21,236.56
15,50,54.94,49.94
15,51,152.35,138.50
15,52,176.76,160.69
15,52-1,222.02,201.84
15,52-2,234.94,213.58
15,53,191.68,174.25
15,54,132.77,120.70
15,55,112.72,102.47
15,56,574.66,522.42
15,57,437.31,397.55
15,57-1,372.27,338.42
15,58,347.70,316.09
15,59,382.39,347.63
15,59-1,443.58,403.26
15,61,320.55,291.41
15,62,357.46,324.96
15,64,333.85,303.50
15,66,1265.11,1150.10
15,71,704.13,640.12
15,71-1,597.59,543.26
15,73,75.04,68.22
15,74,126.28,114.80
15,75,843.94,767.21
15,75-1,833.75,757.96
15,80,991.34,901.22
15,81,691.09,628.26
15,82,221.11,201.01
15,83,128.60,116.91
15,84,30.06,27.33
15,85,765.27,695.70
15,85-1,1032.03,938.21
15,86,945.72,859.75
15,101,183.56,166.88
15,103,94.88,86.26
15,105-2,1291.44,1174.03
15,129,704.02,640.02
15,132,1133.42,1030.38
15,135,1014.02,921.83
15,140,339.51,308.64
15,140-1,339.51,308.64
15,140-2,339.51,308.64
15,142,944.43,858.58
15,143,582.00,529.09
15,152-1,555.72,505.20
15,153,516.26,469.33
15,200,619.99,563.63
15,201,790.74,718.86
15,203,625.79,568.90
15,207,240.56,218.70
15,220,255.87,232.61
15,221,394.81,358.91
15,222,290.96,264.51
15,223,573.69,521.53
15,300,1438.33,1307.58
15,301,1508.71,1371.56
15,302,1677.66,1525.15
15,500,642.80,584.36
15,919,762.52,693.20
15,942,1250.47,1136.79
15,GATE,605.48,550.44
15-1,1,270.71,246.10
15-1,2,263.77,239.79
15-1,3,332.64,302.40
15-1,4,307.03,279.12
15-1,5,354.41,322.19
15-1,6,416.46,378.60
15-1,7,402.64,366.03
15-1,8,375.07,340.97
15-1,9,448.64,407.85
15-1,10,528.05,480.04
15-1,10-1,568.44,516.77
15-1,11,502.30,456.63
15-1,12,461.37,419.43
15-1,13,476.43,433.12
15-1,14,447.63,406.94
15-1,15,58.19,52.90
15-1,16,53.70,48.81
15-1,16-1,42.94,39.04
15-1,17,114.37,103.97
15-1,18,812.68,738.80
15-1,19,865.37,786.70
15-1,20,529.74,481.59
15-1,21,700.73,637.02
15-1,22,581.67,528.79
15-1,24,419.56,381.41
15-1,25,494.06,449.15
15-1,25-1,523.03,475.49
15-1,26,529.49,481.35
15-1,27,629.62,572.38
15-1,28,670.89,609.90
15-1,29,1034.74,940.67
15-1,30,774.18,703.80
15-1,31,740.94,673.58
15-1,32,891.68,810.62
15-1,32-1,886.92,806.29
15-1,33,860.60,782.36
15-1,34,826.07,750.97
15-1,35,750.48,682.26
15-1,36,907.71,825.19
15-1,37,855.67,777.88
15-1,38,955.38,868.53
15-1,39,1075.95,978.13
15-1,40,1074.06,976.42
15-1,43,705.93,641.76
15-1,43-1,759.22,690.20
15-1,43-2,735.30,668.45
15-1,44-1,924.86,840.78
15-1,49,401.90,365.36
15-1,50,196.62,178.75
15-1,51,290.27,263.88
15-1,52,318.45,289.50
15-1,52-1,361.59,328.72
15-1,52-2,372.86,338.96
15-1,53,333.36,303.06
15-1,54,274.46,249.51
15-1,55,254.41,231.28
15-1,56,619.01,562.74
15-1,57,575.23,522.93
15-1,57-1,510.19,463.81
15-1,58,395.72,359.75
15-1,59,520.32,473.01
15-1,59-1,581.50,528.64
15-1,61,364.90,331.73
15-1,62,401.81,365.28
15-1,64,305.89,278.08
15-1,66,1375.61,1250.56
15-1,71,836.68,760.62
15-1,71-1,730.15,663.77
15-1,73,93.60,85.09
15-1,74,267.27,242.98
15-1,75,888.29,807.54
15-1,75-1,878.11,798.28
15-1,80,1123.90,1021.73
15-1,81,832.78,757.07
15-1,82,362.80,329.82
15-1,83,266.52,242.29
15-1,84,129.19,117.44
15-1,85,906.96,824.51
15-1,85-1,1164.59,1058.72
15-1,86,1078.28,980.25
15-1,101,138.36,125.78
15-1,103,87.75,79.77
15-1,105-2,1335.79,1214.35
15-1,129,748.38,680.34
15-1,132,1177.77,1070.70
15-1,135,1058.37,962.16
15-1,140,481.19,437.45
15-1,140-1,481.19,437.45
15-1,140-2,481.19,437.45
15-1,142,988.79,898.90
15-1,143,626.35,569.41
15-1,152-1,688.28,625.71
15-1,153,648.82,589.83
15-1,200,664.34,603.95
15-1,201,835.10,759.18
15-1,203,670.14,609.22
15-1,207,378.49,344.08
15-1,220,397.55,361.41
15-1,221,536.49,487.72
15-1,222,428.88,389.90
15-1,223,715.37,650.34
15-1,300,1482.69,1347.90
15-1,301,1553.07,1411.88
15-1,302,1722.02,1565.47
15-1,500,614.84,558.94
15-1,919,904.21,822.00
15-1,942,1392.15,1265.60
15-1,GATE,580.10,527.36
16,1,347.97,316.33
16,2,341.03,310.03
16,3,387.33,352.12
16,4,384.29,349.36
16,5,426.09,387.35
16,6,452.75,411.59
16,7,479.90,436.27
16,8,452.33,411.21
16,9,525.90,478.09
16,10,564.33,513.03
16,10-1,604.73,549.75
16,11,579.56,526.87
16,12,538.64,489.67
16,13,553.69,503.36
16,14,483.92,439.93
16,15,81.80,74.36
16,15-1,53.70,48.81
16,16-1,13.25,12.05
16,17,61.51,55.91
16,18,889.94,809.04
16,19,942.63,856.94
16,20,607.01,551.83
16,21,777.99,707.26
16,22,658.93,599.03
16,24,494.92,449.93
16,25,571.33,519.39
16,25-1,597.60,543.27
16,26,606.75,551.59
16,27,706.89,642.62
16,28,748.16,680.14
16,29,1112.01,1010.91
16,30,851.45,774.04
16,31,818.20,743.82
16,32,940.22,854.74
16,32-1,935.46,850.42
16,33,937.86,852.60
16,34,903.33,821.21
16,35,827.75,752.50
16,36,984.98,895.43
16,37,932.93,848.12
16,38,1032.65,938.77
16,39,1153.21,1048.37
16,40,1151.32,1046.66
16,43,783.20,712.00
16,43-1,836.48,760.44
16,43-2,812.56,738.69
16,44-1,1002.12,911.02
16,49,349.03,317.30
16,50,143.76,130.69
16,51,157.27,142.97
16,52,212.66,193.33
16,52-1,208.79,189.81
16,52-2,220.06,200.05
16,53,280.50,255.00
16,54,221.59,201.45
16,55,201.54,183.22
16,56,696.28,632.98
16,57,300.85,273.50
16,57-1,284.86,258.96
16,58,117.45,106.77
16,59,235.94,214.49
16,59-1,246.65,224.23
16,61,442.17,401.97
16,62,479.07,435.52
16,64,218.67,198.79
16,66,1353.93,1230.85
16,71,473.88,430.80
16,71-1,367.34,333.95
16,73,170.86,155.33
16,74,215.10,195.54
16,75,936.83,851.66
16,75-1,926.65,842.41
16,80,761.10,691.91
16,81,566.39,514.90
16,82,309.93,281.76
16,83,112.09,101.90
16,84,97.78,88.89
16,85,640.57,582.33
16,85-1,801.78,728.90
16,86,715.47,650.43
16,101,38.46,34.97
16,103,88.95,80.87
16,105-2,1413.05,1284.59
16,129,796.91,724.47
16,132,1255.03,1140.94
16,135,1135.64,1032.40
16,140,378.34,343.95
16,140-1,378.34,343.95
16,140-2,378.34,343.95
16,142,1066.05,969.14
16,143,703.62,639.65
16,152-1,325.48,295.89
16,153,286.01,260.01
16,200,720.38,654.89
16,201,883.64,803.31
16,203,718.68,653.34
16,207,155.04,140.95
16,220,271.65,246.95
16,221,385.61,350.56
16,222,241.46,219.51
16,223,564.49,513.17
16,300,1559.95,1418.14
16,301,1630.33,1482.12
16,302,1799.28,1635.71
16,500,611.22,555.65
16,919,851.34,773.95
16,942,1339.29,1217.54
16,GATE,373.90,339.91
16-1,1,306.64,278.76
16-1,2,299.70,272.45
16-1,3,368.57,335.07
16-1,4,342.96,311.78
16-1,5,390.34,354.85
16-1,6,442.85,402.59
16-1,7,438.57,398.70
16-1,8,411.00,373.63
16-1,9,484.57,440.52
16-1,10,554.44,504.03
16-1,10-1,594.83,540.76
16-1,11,538.23,489.30
16-1,12,497.30,452.09
16-1,13,512.36,465.78
16-1,14,474.02,430.93
16-1,15,71.90,65.36
16-1,15-1,42.94,39.04
16-1,16,13.25,12.05
16-1,17,54.09,49.17
16-1,18,848.61,771.46
16-1,19,901.30,819.36
16-1,20,565.67,514.25
16-1,21,736.66,669.69
16-1,22,617.60,561.45
16-1,24,436.97,397.25
16-1,25,529.99,481.81
16-1,25-1,539.65,490.59
16-1,26,565.42,514.02
16-1,27,665.55,605.05
16-1,28,706.82,642.57
16-1,29,1070.67,973.34
16-1,30,810.11,736.47
16-1,31,776.87,706.25
16-1,32,894.64,813.31
16-1,32-1,889.88,808.98
16-1,33,896.53,815.02
16-1,34,862.00,783.64
16-1,35,786.41,714.92
16-1,36,943.64,857.86
16-1,37,891.60,810.54
16-1,38,991.31,901.19
16-1,39,1111.88,1010.80
16-1,40,1109.99,1009.08
16-1,43,741.86,674.42
16-1,43-1,795.15,722.86
16-1,43-2,771.23,701.11
16-1,44-1,960.79,873.45
16-1,49,339.14,308.30
16-1,50,133.86,121.69
16-1,51,227.51,206.83
16-1,52,255.69,232.44
16-1,52-1,298.83,271.66
16-1,52-2,310.10,281.91
16-1,53,270.60,246.00
16-1,54,211.69,192.45
16-1,55,191.64,174.22
16-1,56,654.94,595.40
16-1,57,512.46,465.88
16-1,57-1,447.42,406.75
16-1,58,334.27,303.89
16-1,59,457.55,415.96
16-1,59-1,518.74,471.58
16-1,61,400.83,364.39
16-1,62,437.74,397.95
16-1,64,237.63,216.03
16-1,66,1344.03,1221.85
16-1,71,775.24,704.76
16-1,71-1,668.70,607.91
16-1,73,129.53,117.75
16-1,74,205.20,186.55
16-1,75,891.25,810.23
16-1,75-1,881.07,800.97
16-1,80,1062.45,965.87
16-1,81,770.01,700.01
16-1,82,300.03,272.76
16-1,83,203.76,185.23
16-1,84,87.88,79.89
16-1,85,844.19,767.45
16-1,85-1,1103.14,1002.86
16-1,86,1016.83,924.39
16-1,101,68.26,62.05
16-1,103,49.33,44.85
16-1,105-2,1371.72,1247.02
16-1,129,751.33,683.03
16-1,132,1213.70,1103.36
16-1,135,1094.30,994.82
16-1,140,418.43,380.39
16-1,140-1,418.43,380.39
16-1,140-2,418.43,380.39
16-1,142,1024.72,931.56
16-1,143,662.28,602.08
16-1,152-1,626.83,569.85
16-1,153,587.37,533.97
16-1,200,674.80,613.46
16-1,201,838.06,761.87
16-1,203,673.10,611.91
16-1,207,315.72,287.02
16-1,220,334.79,304.35
16-1,221,473.73,430.66
16-1,222,366.12,332.84
16-1,223,652.61,593.28
16-1,300,1518.62,1380.56
16-1,301,1589.00,1444.54
16-1,302,1757.95,1598.14
16-1,500,565.64,514.22
16-1,919,841.44,764.95
16-1,942,1329.39,1208.54
16-1,GATE,511.84,465.31
17,1,322.64,293.31
17,2,315.70,287.00
17,3,292.04,265.49
17,4,297.90,270.82
17,5,330.80,300.73
17,6,357.46,324.96
17,7,396.04,360.04
17,8,427.00,388.18
17,9,446.91,406.28
17,10,469.05,426.40
17,10-1,509.44,463.13
17,11,512.66,466.05
17,12,513.31,466.64
17,13,528.37,480.33
17,14,388.63,353.30
17,15,14.31,13.01
17,15-1,114.37,103.97
17,16,61.51,55.91
17,16-1,54.09,49.17
17,18,864.61,786.01
17,19,917.30,833.91
17,20,581.68,528.80
17,21,752.66,684.24
17,22,633.60,576.00
17,24,471.49,428.63
17,25,546.00,496.36
17,25-1,574.97,522.70
17,26,581.42,528.57
17,27,681.56,619.60
17,28,722.83,657.12
17,29,1086.68,987.89
17,30,826.12,751.02
17,31,792.87,720.79
17,32,943.61,857.83
17,32-1,938.86,853.51
17,33,912.53,829.57
17,34,878.00,798.19
17,35,802.42,729.47
17,36,959.65,872.41
17,37,907.60,825.09
17,38,1007.32,915.74
17,39,1127.88,1025.35
17,40,1125.99,1023.63
17,43,757.87,688.97
17,43-1,811.15,737.41
17,43-2,787.23,715.66
17,44-1,976.79,887.99
17,49,253.74,230.68
17,50,48.47,44.06
17,51,126.12,114.65
17,52,170.30,154.81
17,52-1,197.43,179.48
17,52-2,208.70,189.73
17,53,185.21,168.37
17,54,126.30,114.82
17,55,106.25,96.59
17,56,670.95,609.95
17,57,411.07,373.70
17,57-1,346.03,314.57
17,58,321.46,292.24
17,59,356.16,323.78
17,59-1,417.35,379.40
17,61,416.84,378.94
17,62,453.75,412.50
17,64,388.90,353.55
17,66,1258.64,1144.22
17,71,677.89,616.27
17,71-1,571.35,519.41
17,73,165.94,150.86
17,74,119.81,108.92
17,75,940.23,854.75
17,75-1,930.04,845.49
17,80,965.11,877.37
17,81,684.62,622.38
17,82,214.64,195.13
17,83,102.36,93.06
17,84,39.99,36.36
17,85,758.80,689.82
17,85-1,1005.80,914.36
17,86,919.49,835.90
17,101,238.62,216.92
17,103,170.76,155.24
17,105-2,1387.72,1261.57
17,129,800.31,727.56
17,132,1229.71,1117.91
17,135,1110.31,1009.37
17,140,333.04,302.76
17,140-1,333.04,302.76
17,140-2,333.04,302.76
17,142,1040.72,946.11
17,143,678.29,616.62
17,152-1,529.49,481.35
17,153,490.02,445.48
17,200,716.28,651.16
17,201,887.03,806.39
17,203,722.08,656.43
17,207,214.33,194.84
17,220,249.40,226.72
17,221,388.34,353.03
17,222,264.73,240.66
17,223,567.22,515.65
17,300,1534.62,1395.11
17,301,1605.00,1459.09
17,302,1773.95,1612.69
17,500,697.85,634.41
17,919,756.05,687.32
17,942,1244.00,1130.91
17,GATE,579.24,526.58
18,1,483.84,439.85
18,2,496.76,451.60
18,3,579.10,526.45
18,4,559.61,508.74
18,5,492.30,447.54
18,6,584.55,531.41
18,7,488.58,444.16
18,8,496.76,451.60
18,9,484.20,440.19
18,10,552.58,502.35
18,10-1,562.73,511.57
18,11,496.25,451.14
18,12,420.42,382.20
18,13,314.52,285.93
18,14,619.72,563.38
18,15,768.32,698.48
18,15-1,812.68,738.80
18,16,889.94,809.04
18,16-1,848.61,771.46
18,17,864.61,786.01
18,19,76.01,69.10
18,20,205.72,187.01
18,21,103.87,94.43
18,22,270.26,245.69
18,24,476.82,433.47
18,25,444.91,404.46
18,25-1,506.34,460.31
18,26,446.70,406.09
18,27,358.00,325.46
18,28,316.22,287.47
18,29,298.79,271.63
18,30,242.25,220.23
18,31,310.11,281.92
18,32,458.74,417.03
18,32-1,428.44,389.49
18,33,326.67,296.97
18,34,156.96,142.69
18,35,54.06,49.15
18,36,184.34,167.58
18,37,277.89,252.62
18,38,273.54,248.67
18,39,322.36,293.06
18,40,326.66,296.97
18,43,119.90,109.00
18,43-1,142.83,129.85
18,43-2,149.27,135.70
18,44-1,168.21,152.92
18,49,896.19,814.72
18,50,831.38,755.80
18,51,923.92,839.93
18,52,929.50,845.00
18,52-1,974.75,886.14
18,52-2,1009.27,917.52
18,53,871.26,792.05
18,54,797.52,725.02
18,55,814.91,740.83
18,56,153.38,139.44
18,57,1196.38,1087.62
18,57-1,1131.34,1028.49
18,58,1157.49,1052.26
18,59,1141.47,1037.70
18,59-1,1202.66,1093.32
18,61,408.27,371.15
18,62,390.79,355.27
18,64,990.31,900.28
18,66,639.66,581.51
18,71,1513.92,1376.29
18,71-1,1407.38,1279.44
18,73,727.60,661.45
18,74,723.42,657.65
18,75,489.79,445.26
18,75-1,537.36,488.51
18,80,1801.14,1637.40
18,81,1435.63,1305.12
18,82,812.09,738.26
18,83,938.39,853.08
18,84,786.84,715.31
18,85,1509.81,1372.55
18,85-1,1841.82,1674.39
18,86,1755.51,1595.92
18,101,941.93,856.30
18,103,772.04,701.86
18,105-2,582.21,529.28
18,129,377.25,342.96
18,132,441.82,401.65
18,135,301.27,273.89
18,140,1084.05,985.50
18,140-1,1084.05,985.50
18,140-2,1084.05,985.50
18,142,252.84,229.85
18,143,166.17,151.06
18,152-1,1365.51,1241.38
18,153,1326.05,1205.50
18,200,421.56,383.24
18,201,494.35,449.41
18,203,524.02,476.38
18,207,1015.23,922.94
18,220,1000.40,909.46
18,221,1139.34,1035.77
18,222,1050.04,954.58
18,223,1309.19,1190.18
18,300,729.11,662.82
18,301,799.49,726.81
18,302,968.44,880.40
18,500,621.87,565.33
18,919,1011.71,919.74
18,942,1499.66,1363.33
18,GATE,1254.46,1140.42
19,1,536.53,487.75
19,2,549.45,499.50
19,3,631.79,574.35
19,4,612.30,556.63
19,5,544.99,495.44
19,6,637.24,579.31
19,7,541.26,492.06
19,8,549.45,499.50
19,9,536.89,488.08
19,10,605.27,550.25
19,10-1,615.41,559.47
19,11,548.94,499.04
19,12,473.11,430.10
19,13,367.21,333.83
19,14,672.41,611.28
19,15,821.01,746.37
19,15-1,865.37,786.70
19,16,942.63,856.94
19,16-1,901.30,819.36
19,17,917.30,833.91
19,18,76.01,69.10
19,20,258.40,234.91
19,21,156.56,142.33
19,22,296.88,269.89
19,24,529.51,481.37
19,25,497.60,452.36
19,25-1,559.03,508.21
19,26,499.39,453.99
19,27,381.97,347.24
19,28,340.18,309.25
19,29,369.10,335.55
19,30,266.22,242.01
19,31,334.08,303.71
19,32,386.76,351.60
19,32-1,356.46,324.06
19,33,303.86,276.24
19,34,97.32,88.47
19,35,50.45,45.86
19,36,112.36,102.15
19,37,205.91,187.19
19,38,201.56,183.24
19,39,250.39,227.62
19,40,254.69,231.53
19,43,172.59,156.90
19,43-1,166.20,151.09
19,43-2,201.96,183.60
19,44-1,95.84,87.13
19,49,948.88,862.62
19,50,884.07,803.70
19,51,976.61,887.83
19,52,982.19,892.90
19,52-1,1027.44,934.04
19,52-2,1061.96,965.42
19,53,923.95,839.95
19,54,850.21,772.92
19,55,867.60,788.73
19,56,206.07,187.34
19,57,1249.07,1135.52
19,57-1,1184.03,1076.39
19,58,1210.18,1100.16
19,59,1194.16,1085.60
19,59-1,1255.34,1141.22
19,61,460.96,419.05
19,62,443.48,403.17
19,64,1042.99,948.18
19,66,709.97,645.43
19,71,1566.61,1424.19
19,71-1,1460.07,1327.33
19,73,780.29,709.35
19,74,776.11,705.55
19,75,417.81,379.83
19,75-1,486.93,442.67
19,80,1853.82,1685.29
19,81,1488.32,1353.02
19,82,864.78,786.16
19,83,991.08,900.98
19,84,839.53,763.21
19,85,1562.50,1420.45
19,85-1,1894.51,1722.28
19,86,1808.20,1643.82
19,101,994.62,904.20
19,103,824.73,749.75
19,105-2,510.23,463.85
19,129,401.21,364.74
19,132,512.13,465.57
19,135,207.42,188.56
19,140,1136.74,1033.40
19,140-1,1136.74,1033.40
19,140-2,1136.74,1033.40
19,142,323.15,293.77
19,143,235.86,214.42
19,152-1,1418.20,1289.28
19,153,1378.74,1253.40
19,200,445.52,405.02
19,201,515.20,468.37
19,203,547.98,498.17
19,207,1067.92,970.84
19,220,1053.09,957.36
19,221,1192.03,1083.67
19,222,1102.73,1002.48
19,223,1361.88,1238.08
19,300,657.13,597.39
19,301,727.51,661.37
19,302,896.46,814.96
19,500,645.83,587.12
19,919,1064.40,967.64
19,942,1552.35,1411.23
19,GATE,1307.15,1188.32
20,1,200.90,182.64
20,2,213.83,194.39
20,3,296.17,269.24
20,4,276.68,251.52
20,5,209.36,190.33
20,6,301.62,274.20
20,7,205.64,186.95
20,8,213.82,194.39
20,9,213.48,194.07
20,10,292.77,266.15
20,10-1,302.91,275.37
20,11,225.92,205.38
20,12,160.61,146.01
20,13,54.72,49.74
20,14,336.79,306.17
20,15,485.39,441.26
20,15-1,529.74,481.59
20,16,607.01,551.83
20,16-1,565.67,514.25
20,17,581.68,528.80
20,18,205.72,187.01
20,19,258.40,234.91
20,21,126.91,115.37
20,22,149.69,136.08
20,24,260.42,236.74
20,25,228.51,207.73
20,25-1,289.94,263.58
20,26,230.30,209.36
20,27,273.81,248.92
20,28,294.09,267.36
20,29,294.00,267.28
20,30,279.16,253.78
20,31,288.08,261.89
20,32,528.89,480.81
20,32-1,447.81,407.10
20,33,365.58,332.34
20,34,311.45,283.13
20,35,148.21,134.74
20,36,349.83,318.03
20,37,360.65,327.86
20,38,446.39,405.81
20,39,495.21,450.19
20,40,499.51,454.10
20,43,153.90,139.90
20,43-1,218.35,198.50
20,43-2,198.97,180.88
20,44-1,341.06,310.05
20,49,613.26,557.51
20,50,548.45,498.59
20,51,640.99,582.72
20,52,646.56,587.79
20,52-1,691.82,628.93
20,52-2,726.34,660.30
20,53,588.32,534.84
20,54,514.59,467.81
20,55,531.98,483.62
20,56,102.64,93.31
20,57,913.45,830.41
20,57-1,848.41,771.28
20,58,874.55,795.05
20,59,858.54,780.49
20,59-1,919.72,836.11
20,61,125.33,113.94
20,62,174.39,158.53
20,64,773.90,703.55
20,66,634.87,577.16
20,71,1230.99,1119.08
20,71-1,1124.45,1022.22
20,73,468.72,426.11
20,74,440.49,400.44
20,75,525.50,477.73
20,75-1,515.32,468.48
20,80,1518.20,1380.18
20,81,1152.70,1047.91
20,82,529.16,481.05
20,83,655.46,595.87
20,84,503.91,458.10
20,85,1226.88,1115.34
20,85-1,1558.89,1417.17
20,86,1472.58,1338.71
20,101,658.99,599.09
20,103,529.30,481.18
20,105-2,635.22,577.47
20,129,355.21,322.92
20,132,437.03,397.30
20,135,474.12,431.02
20,140,801.11,728.29
20,140-1,801.11,728.29
20,140-2,801.11,728.29
20,142,248.05,225.50
20,143,20.29,18.44
20,152-1,1082.58,984.17
20,153,1043.12,948.29
20,200,399.52,363.20
20,201,472.31,429.37
20,203,437.04,397.31
20,207,732.30,665.73
20,220,717.47,652.25
20,221,856.41,778.55
20,222,767.11,697.37
20,223,1026.26,932.96
20,300,901.95,819.96
20,301,972.33,883.94
20,302,1141.29,1037.53
20,500,531.13,482.85
20,919,751.90,683.55
20,942,1239.85,1127.14
20,GATE,1038.06,943.69
21,1,385.35,350.32
21,2,398.28,362.07
21,3,480.62,436.92
21,4,461.13,419.21
21,5,393.81,358.01
21,6,486.06,441.88
21,7,390.09,354.63
21,8,398.27,362.07
21,9,396.44,360.40
21,10,473.77,430.70
21,10-1,483.92,439.92
21,11,408.87,371.70
21,12,341.61,310.55
21,13,235.71,214.28
21,14,521.24,473.85
21,15,656.37,596.70
21,15-1,700.73,637.02
21,16,777.99,707.26
21,16-1,736.66,669.69
21,17,752.66,684.24
21,18,103.87,94.43
21,19,156.56,142.33
21,20,126.91,115.37
21,22,157.18,142.89
21,24,363.75,330.68
21,25,331.83,301.67
21,25-1,393.26,357.51
21,26,333.62,303.29
21,27,291.93,265.39
21,28,250.14,227.40
21,29,304.24,276.58
21,30,191.56,174.14
21,31,244.04,221.85
21,32,484.86,440.78
21,32-1,403.78,367.07
21,33,275.97,250.88
21,34,185.23,168.39
21,35,46.36,42.15
21,36,223.61,203.28
21,37,271.04,246.40
21,38,343.02,311.83
21,39,391.84,356.22
21,40,396.14,360.13
21,43,44.03,40.03
21,43-1,92.14,83.76
21,43-2,98.57,89.61
21,44-1,239.21,217.47
21,49,797.71,725.19
21,50,719.43,654.03
21,51,811.97,738.16
21,52,817.55,743.22
21,52-1,862.80,784.37
21,52-2,897.32,815.74
21,53,772.77,702.52
21,54,699.04,635.49
21,55,716.43,651.30
21,56,52.37,47.61
21,57,1084.43,985.85
21,57-1,1019.39,926.72
21,58,1045.54,950.49
21,59,1029.52,935.93
21,59-1,1090.70,991.55
21,61,309.78,281.62
21,62,277.72,252.47
21,64,877.23,797.48
21,66,645.11,586.46
21,71,1401.97,1274.52
21,71-1,1295.43,1177.66
21,73,614.52,558.66
21,74,622.83,566.21
21,75,481.47,437.70
21,75-1,471.29,428.44
21,80,1689.18,1535.62
21,81,1323.68,1203.34
21,82,713.61,648.73
21,83,826.44,751.31
21,84,674.89,613.54
21,85,1397.86,1270.78
21,85-1,1729.87,1572.61
21,86,1643.56,1494.15
21,101,829.98,754.52
21,103,658.96,599.06
21,105-2,645.46,586.78
21,129,311.18,282.89
21,132,447.27,406.61
21,135,372.28,338.43
21,140,972.10,883.72
21,140-1,972.10,883.72
21,140-2,972.10,883.72
21,142,258.29,234.81
21,143,118.70,107.91
21,152-1,1253.56,1139.60
21,153,1214.10,1103.73
21,200,355.49,323.17
21,201,428.28,389.34
21,203,457.95,416.31
21,207,903.28,821.17
21,220,888.45,807.68
21,221,1027.39,933.99
21,222,938.09,852.81
21,223,1206.27,1096.61
21,300,798.58,725.99
21,301,868.96,789.97
21,302,1037.91,943.56
21,500,555.79,505.26
21,919,932.90,848.10
21,942,1420.85,1291.69
21,GATE,1141.39,1037.62
22,1,292.50,265.91
22,2,305.43,277.66
22,3,387.77,352.51
22,4,368.28,334.80
22,5,327.64,297.85
22,6,433.71,394.29
22,7,375.40,341.27
22,8,348.29,316.63
22,9,391.06,355.51
22,10,490.03,445.48
22,10-1,551.54,501.40
22,11,438.81,398.92
22,12,398.76,362.51
22,13,273.98,249.07
22,14,468.80,426.19
22,15,537.31,488.47
22,15-1,581.67,528.79
22,16,658.93,599.03
22,16-1,617.60,561.45
22,17,633.60,576.00
22,18,270.26,245.69
22,19,296.88,269.89
22,20,149.69,136.08
22,21,157.18,142.89
22,24,184.91,168.10
22,25,146.45,133.13
22,25-1,214.43,194.94
22,26,154.79,140.72
22,27,94.77,86.15
22,28,44.00,40.00
22,29,492.32,447.56
22,30,113.55,103.23
22,31,56.46,51.33
22,32,290.68,264.26
22,32-1,208.07,189.16
22,33,191.54,174.12
22,34,171.75,156.13
22,35,206.94,188.12
22,36,262.52,238.65
22,37,201.35,183.04
22,38,301.06,273.69
22,39,430.03,390.94
22,40,419.74,381.58
22,43,126.31,114.83
22,43-1,104.90,95.36
22,43-2,80.97,73.61
22,44-1,279.66,254.24
22,49,704.86,640.78
22,50,600.37,545.79
22,51,692.91,629.92
22,52,698.49,634.99
22,52-1,743.74,676.13
22,52-2,778.26,707.51
22,53,679.92,618.11
22,54,606.19,551.08
22,55,615.28,559.35
22,56,22.31,20.28
22,57,965.37,877.61
22,57-1,900.33,818.48
22,58,926.48,842.25
22,59,910.46,827.69
22,59-1,971.64,883.31
22,61,290.45,264.04
22,62,158.66,144.23
22,64,758.17,689.24
22,66,833.19,757.45
22,71,1282.91,1166.28
22,71-1,1176.37,1069.43
22,73,495.46,450.42
22,74,503.77,457.97
22,75,287.30,261.18
22,75-1,277.11,251.92
22,80,1570.12,1427.39
22,81,1204.62,1095.11
22,82,620.76,564.32
22,83,707.38,643.07
22,84,555.83,505.30
22,85,1278.80,1162.54
22,85-1,1610.81,1464.38
22,86,1524.50,1385.91
22,101,710.92,646.29
22,103,539.90,490.82
22,105-2,690.59,627.81
22,129,117.00,106.37
22,132,635.35,577.59
22,135,413.18,375.62
22,140,853.04,775.49
22,140-1,853.04,775.49
22,140-2,853.04,775.49
22,142,446.37,405.79
22,143,329.82,299.84
22,152-1,1134.50,1031.37
22,153,1095.04,995.49
22,200,161.31,146.65
22,201,234.10,212.82
22,203,263.77,239.79
22,207,784.22,712.93
22,220,769.39,699.45
22,221,908.33,825.76
22,222,819.03,744.57
22,223,1087.21,988.37
22,300,837.49,761.36
22,301,907.87,825.34
22,302,1076.82,978.93
22,500,361.62,328.74
22,919,936.07,850.98
22,942,1424.02,1294.57
22,GATE,1022.33,929.39
24,1,196.31,178.46
24,2,265.58,241.44
24,3,384.24,349.31
24,4,358.62,326.02
24,5,376.00,341.81
24,6,468.05,425.50
24,7,424.22,385.66
24,8,396.65,360.59
24,9,467.24,424.77
24,10,566.21,514.73
24,10-1,620.04,563.67
24,11,515.02,468.20
24,12,478.73,435.21
24,13,374.73,340.66
24,14,499.23,453.84
24,15,375.20,341.09
24,15-1,419.56,381.41
24,16,494.92,449.93
24,16-1,436.97,397.25
24,17,471.49,428.63
24,18,476.82,433.47
24,19,529.51,481.37
24,20,260.42,236.74
24,21,363.75,330.68
24,22,184.91,168.10
24,25,26.82,24.39
24,25-1,16.23,14.76
24,26,49.45,44.95
24,27,157.03,142.76
24,28,211.53,192.30
24,29,698.89,635.35
24,30,402.65,366.05
24,31,325.60,296.00
24,32,416.45,378.59
24,32-1,411.69,374.27
24,33,466.17,423.79
24,34,454.54,413.21
24,35,413.50,375.91
24,36,545.31,495.73
24,37,484.13,440.12
24,38,559.04,508.22
24,39,712.82,648.02
24,40,702.53,638.66
24,43,365.06,331.87
24,43-1,387.68,352.44
24,43-2,363.76,330.69
24,44-1,562.45,511.32
24,49,571.30,519.36
24,50,438.26,398.42
24,51,530.80,482.55
24,52,536.38,487.61
24,52-1,581.63,528.76
24,52-2,616.15,560.13
24,53,543.09,493.72
24,54,472.63,429.67
24,55,453.17,411.97
24,56,265.27,241.15
24,57,803.26,730.23
24,57-1,738.22,671.11
24,58,764.37,694.88
24,59,748.35,680.31
24,59-1,809.53,735.94
24,61,338.81,308.01
24,62,174.56,158.69
24,64,523.40,475.82
24,66,1039.76,945.23
24,71,1120.80,1018.91
24,71-1,1014.26,922.05
24,73,269.73,245.21
24,74,341.66,310.60
24,75,413.06,375.51
24,75-1,402.88,366.25
24,80,1404.64,1276.95
24,81,1042.51,947.73
24,82,487.20,442.91
24,83,545.27,495.70
24,84,393.72,357.93
24,85,1116.69,1015.17
24,85-1,1445.33,1313.94
24,86,1359.02,1235.47
24,101,520.77,473.43
24,103,314.18,285.61
24,105-2,973.38,884.89
24,129,273.15,248.32
24,132,841.92,765.38
24,135,695.97,632.70
24,140,690.92,628.11
24,140-1,690.92,628.11
24,140-2,690.92,628.11
24,142,652.93,593.58
24,143,499.49,454.08
24,152-1,972.39,883.99
24,153,932.93,848.12
24,200,189.11,171.92
24,201,359.87,327.15
24,203,194.91,177.19
24,207,622.11,565.56
24,220,607.28,552.07
24,221,746.22,678.38
24,222,656.92,597.20
24,223,925.10,841.00
24,300,1120.28,1018.44
24,301,1190.66,1082.42
24,302,1359.61,1236.01
24,500,289.00,262.73
24,919,966.50,878.63
24,942,1454.45,1322.22
24,GATE,787.56,715.97
25,1,270.82,246.20
25,2,324.27,294.79
25,3,452.10,411.00
25,4,427.37,388.52
25,5,391.97,356.34
25,6,498.05,452.77
25,7,440.19,400.18
25,8,412.62,375.11
25,9,459.90,418.09
25,10,558.86,508.06
25,10-1,620.38,563.98
25,11,507.65,461.50
25,12,467.60,425.09
25,13,342.82,311.65
25,14,533.14,484.67
25,15,449.71,408.83
25,15-1,494.06,449.15
25,16,571.33,519.39
25,16-1,529.99,481.81
25,17,546.00,496.36
25,18,444.91,404.46
25,19,497.60,452.36
25,20,228.51,207.73
25,21,331.83,301.67
25,22,146.45,133.13
25,24,26.82,24.39
25,25-1,43.07,39.16
25,26,4.98,4.53
25,27,13.07,11.88
25,28,83.88,76.25
25,29,666.98,606.34
25,30,296.04,269.13
25,31,205.45,186.77
25,32,319.97,290.89
25,32-1,315.22,286.56
25,33,369.70,336.09
25,34,384.23,349.30
25,35,381.59,346.90
25,36,475.00,431.82
25,37,402.79,366.17
25,38,462.57,420.52
25,39,642.52,584.11
25,40,632.22,574.75
25,43,333.15,302.86
25,43-1,317.38,288.53
25,43-2,293.46,266.78
25,44-1,492.15,447.41
25,49,645.81,587.10
25,50,512.77,466.15
25,51,605.31,550.28
25,52,610.88,555.35
25,52-1,656.14,596.49
25,52-2,690.65,627.87
25,53,617.60,561.46
25,54,547.14,497.40
25,55,527.68,479.71
25,56,233.35,212.14
25,57,877.77,797.97
25,57-1,812.73,738.84
25,58,838.87,762.61
25,59,822.85,748.05
25,59-1,884.04,803.67
25,61,354.78,322.53
25,62,145.38,132.16
25,64,622.17,565.61
25,66,1007.85,916.22
25,71,1195.30,1086.64
25,71-1,1088.77,989.79
25,73,368.50,335.00
25,74,416.17,378.33
25,75,316.59,287.81
25,75-1,306.40,278.55
25,80,1482.52,1347.75
25,81,1117.01,1015.47
25,82,561.71,510.64
25,83,619.78,563.43
25,84,468.23,425.66
25,85,1191.20,1082.90
25,85-1,1523.21,1384.74
25,86,1436.90,1306.27
25,101,619.54,563.22
25,103,412.95,375.41
25,105-2,903.08,820.98
25,129,176.67,160.61
25,132,810.00,736.37
25,135,625.66,568.78
25,140,765.43,695.85
25,140-1,765.43,695.85
25,140-2,765.43,695.85
25,142,621.02,564.57
25,143,467.58,425.07
25,152-1,1046.90,951.73
25,153,1007.44,915.85
25,200,92.64,84.22
25,201,263.39,239.45
25,203,98.44,89.49
25,207,696.62,633.29
25,220,681.79,619.81
25,221,820.73,746.12
25,222,731.42,664.93
25,223,999.61,908.74
25,300,1049.98,954.53
25,301,1120.36,1018.51
25,302,1289.31,1172.10
25,500,192.53,175.02
25,919,1000.41,909.46
25,942,1488.36,1353.05
25,GATE,886.33,805.76
25-1,1,299.79,272.54
25-1,2,369.06,335.51
25-1,3,487.72,443.38
25-1,4,462.10,420.09
25-1,5,453.40,412.18
25-1,6,559.48,508.62
25-1,7,501.62,456.02
25-1,8,474.05,430.96
25-1,9,521.33,473.94
25-1,10,620.29,563.90
25-1,10-1,681.81,619.83
25-1,11,569.08,517.34
25-1,12,529.03,480.94
25-1,13,404.25,367.50
25-1,14,594.57,540.52
25-1,15,478.68,435.16
25-1,15-1,523.03,475.49
25-1,16,597.60,543.27
25-1,16-1,539.65,490.59
25-1,17,574.97,522.70
25-1,18,506.34,460.31
25-1,19,559.03,508.21
25-1,20,289.94,263.58
25-1,21,393.26,357.51
25-1,22,214.43,194.94
25-1,24,16.23,14.76
25-1,25,43.07,39.16
25-1,26,48.00,43.64
25-1,27,181.90,165.36
25-1,28,241.05,219.13
25-1,29,728.41,662.19
25-1,30,432.17,392.88
25-1,31,355.12,322.83
25-1,32,441.31,401.19
25-1,32-1,436.56,396.87
25-1,33,491.03,446.40
25-1,34,484.05,440.05
25-1,35,443.02,402.74
25-1,36,574.83,522.57
25-1,37,513.65,466.96
25-1,38,583.91,530.82
25-1,39,742.34,674.85
25-1,40,732.05,665.50
25-1,43,394.57,358.70
25-1,43-1,417.20,379.28
25-1,43-2,393.28,357.53
25-1,44-1,591.97,538.16
25-1,49,674.78,613.44
25-1,50,541.74,492.49
25-1,51,634.28,576.62
25-1,52,639.85,581.69
25-1,52-1,685.11,622.83
25-1,52-2,719.62,654.20
25-1,53,646.57,587.79
25-1,54,576.11,523.74
25-1,55,556.65,506.04
25-1,56,294.78,267.99
25-1,57,906.74,824.31
25-1,57-1,841.70,765.18
25-1,58,867.84,788.95
25-1,59,851.83,774.39
25-1,59-1,913.01,830.01
25-1,61,416.21,378.37
25-1,62,242.82,220.75
25-1,64,626.08,569.16
25-1,66,1069.28,972.07
25-1,71,1224.28,1112.98
25-1,71-1,1117.74,1016.12
25-1,73,372.41,338.55
25-1,74,445.14,404.67
25-1,75,437.92,398.11
25-1,75-1,427.74,388.86
25-1,80,1507.32,1370.29
25-1,81,1145.99,1041.81
25-1,82,590.68,536.98
25-1,83,648.75,589.77
25-1,84,497.20,452.00
25-1,85,1220.17,1109.24
25-1,85-1,1548.00,1407.28
25-1,86,1461.69,1328.81
25-1,101,623.44,566.77
25-1,103,416.85,378.96
25-1,105-2,1002.90,911.73
25-1,129,298.01,270.92
25-1,132,871.43,792.21
25-1,135,725.48,659.53
25-1,140,794.40,722.19
25-1,140-1,794.40,722.19
25-1,140-2,794.40,722.19
25-1,142,682.45,620.41
25-1,143,529.00,480.91
25-1,152-1,1075.87,978.07
25-1,153,1036.41,942.19
25-1,200,213.98,194.52
25-1,201,384.73,349.76
25-1,203,219.77,199.79
25-1,207,725.59,659.63
25-1,220,710.76,646.15
25-1,221,849.70,772.45
25-1,222,760.39,691.27
25-1,223,1028.58,935.07
25-1,300,1149.80,1045.27
25-1,301,1220.18,1109.25
25-1,302,1389.13,1262.85
25-1,500,313.86,285.33
25-1,919,1061.84,965.31
25-1,942,1549.79,1408.90
25-1,GATE,890.24,809.31
26,1,306.25,278.40
26,2,362.07,329.15
26,3,453.89,412.63
26,4,434.40,394.91
26,5,393.76,357.96
26,6,499.84,454.40
26,7,441.99,401.80
26,8,414.42,376.74
26,9,461.69,419.72
26,10,560.65,509.68
26,10-1,622.17,565.61
26,11,509.44,463.13
26,12,469.39,426.72
26,13,344.61,313.28
26,14,534.93,486.30
26,15,485.14,441.03
26,15-1,529.49,481.35
26,16,606.75,551.59
26,16-1,565.42,514.02
26,17,581.42,528.57
26,18,446.70,406.09
26,19,499.39,453.99
26,20,230.30,209.36
26,21,333.62,303.29
26,22,154.79,140.72
26,24,49.45,44.95
26,25,4.98,4.53
26,25-1,48.00,43.64
26,27,96.28,87.52
26,28,137.55,125.04
26,29,668.77,607.97
26,30,349.71,317.92
26,31,259.12,235.56
26,32,447.77,407.06
26,32-1,443.01,402.74
26,33,427.69,388.81
26,34,424.42,385.83
26,35,383.38,348.53
26,36,515.19,468.35
26,37,454.01,412.74
26,38,553.73,503.39
26,39,682.70,620.63
26,40,672.41,611.28
26,43,334.94,304.49
26,43-1,357.56,325.06
26,43-2,333.64,303.31
26,44-1,532.33,483.94
26,49,681.24,619.31
26,50,548.20,498.36
26,51,640.74,582.49
26,52,646.31,587.55
26,52-1,691.57,628.70
26,52-2,726.08,660.07
26,53,653.03,593.66
26,54,582.57,529.61
26,55,563.10,511.91
26,56,235.15,213.77
26,57,913.19,830.18
26,57-1,848.15,771.05
26,58,874.30,794.82
26,59,858.28,780.26
26,59-1,919.47,835.88
26,61,356.57,324.16
26,62,183.18,166.53
26,64,657.60,597.82
26,66,1009.64,917.85
26,71,1230.73,1118.85
26,71-1,1124.19,1021.99
26,73,403.93,367.21
26,74,451.59,410.54
26,75,444.38,403.98
26,75-1,434.20,394.72
26,80,1517.95,1379.95
26,81,1152.44,1047.67
26,82,597.13,542.85
26,83,655.20,595.64
26,84,503.66,457.87
26,85,1226.62,1115.11
26,85-1,1558.64,1416.94
26,86,1472.33,1338.48
26,101,654.97,595.42
26,103,448.37,407.61
26,105-2,943.26,857.51
26,129,303.41,275.83
26,132,811.79,737.99
26,135,665.84,605.31
26,140,800.86,728.05
26,140-1,800.86,728.05
26,140-2,800.86,728.05
26,142,622.81,566.19
26,143,469.37,426.70
26,152-1,1082.33,983.93
26,153,1042.86,948.06
26,200,220.43,200.39
26,201,391.19,355.62
26,203,226.23,205.66
26,207,732.05,665.50
26,220,717.22,652.01
26,221,856.16,778.32
26,222,766.85,697.14
26,223,1035.04,940.94
26,300,1090.16,991.06
26,301,1160.54,1055.04
26,302,1329.49,1208.63
26,500,320.32,291.20
26,919,1002.20,911.09
26,942,1490.15,1354.68
26,GATE,921.76,837.96
27,1,356.33,323.93
27,2,405.58,368.71
27,3,497.40,452.19
27,4,477.91,434.47
27,5,437.27,397.52
27,6,543.35,493.96
27,7,485.50,441.36
27,8,457.93,416.30
27,9,505.20,459.28
27,10,604.17,549.24
27,10-1,665.69,605.17
27,11,552.95,502.68
27,12,512.91,466.28
27,13,388.12,352.84
27,14,578.44,525.86
27,15,585.27,532.06
27,15-1,629.62,572.38
27,16,706.89,642.62
27,16-1,665.55,605.05
27,17,681.56,619.60
27,18,358.00,325.46
27,19,381.97,347.24
27,20,273.81,248.92
27,21,291.93,265.39
27,22,94.77,86.15
27,24,157.03,142.76
27,25,13.07,11.88
27,25-1,181.90,165.36
27,26,96.28,87.52
27,28,32.76,29.78
27,29,580.07,527.34
27,30,168.64,153.31
27,31,78.05,70.95
27,32,217.36,197.60
27,32-1,212.60,193.28
27,33,246.62,224.20
27,34,256.83,233.48
27,35,294.68,267.89
27,36,347.60,316.00
27,37,275.39,250.35
27,38,359.96,327.23
27,39,515.12,468.29
27,40,504.82,458.93
27,43,211.39,192.18
27,43-1,189.98,172.71
27,43-2,166.06,150.96
27,44-1,364.75,331.59
27,49,781.37,710.33
27,50,648.33,589.39
27,51,740.87,673.52
27,52,746.44,678.58
27,52-1,791.70,719.73
27,52-2,826.21,751.10
27,53,753.16,684.69
27,54,682.70,620.64
27,55,663.24,602.94
27,56,165.93,150.84
27,57,1013.32,921.20
27,57-1,948.29,862.08
27,58,974.43,885.85
27,59,958.41,871.28
27,59-1,1019.60,926.91
27,61,400.09,363.71
27,62,226.70,206.09
27,64,732.43,665.85
27,66,920.94,837.22
27,71,1330.86,1209.88
27,71-1,1224.32,1113.02
27,73,506.70,460.64
27,74,551.72,501.57
27,75,213.97,194.52
27,75-1,203.79,185.26
27,80,1613.67,1466.97
27,81,1252.57,1138.70
27,82,697.27,633.88
27,83,755.33,686.67
27,84,603.79,548.90
27,85,1326.75,1206.14
27,85-1,1654.36,1503.96
27,86,1568.05,1425.50
27,101,757.74,688.85
27,103,551.15,501.04
27,105-2,775.68,705.16
27,129,61.52,55.92
27,132,723.10,657.36
27,135,498.26,452.97
27,140,900.99,819.08
27,140-1,900.99,819.08
27,140-2,900.99,819.08
27,142,534.12,485.56
27,143,417.57,379.61
27,152-1,1182.46,1074.96
27,153,1143.00,1039.09
27,200,87.99,79.99
27,201,160.78,146.16
27,203,121.93,110.85
27,207,832.18,756.53
27,220,817.35,743.04
27,221,956.29,869.35
27,222,866.98,788.17
27,223,1135.17,1031.97
27,300,922.58,838.71
27,301,992.96,902.69
27,302,1161.91,1056.28
27,500,216.02,196.38
27,919,1045.71,950.65
27,942,1533.66,1394.24
27,GATE,996.59,905.99
28,1,397.60,361.45
28,2,435.35,395.77
28,3,517.69,470.62
28,4,498.20,452.91
28,5,457.56,415.96
28,6,563.64,512.40
28,7,505.78,459.80
28,8,478.21,434.74
28,9,525.49,477.72
28,10,624.45,567.68
28,10-1,685.97,623.61
28,11,573.24,521.12
28,12,533.19,484.72
28,13,408.41,371.28
28,14,598.73,544.30
28,15,626.54,569.58
28,15-1,670.89,609.90
28,16,748.16,680.14
28,16-1,706.82,642.57
28,17,722.83,657.12
28,18,316.22,287.47
28,19,340.18,309.25
28,20,294.09,267.36
28,21,250.14,227.40
28,22,44.00,40.00
28,24,211.53,192.30
28,25,83.88,76.25
28,25-1,241.05,219.13
28,26,137.55,125.04
28,27,32.76,29.78
28,29,538.28,489.35
28,30,123.51,112.28
28,31,40.30,36.63
28,32,232.49,211.36
28,32-1,218.03,198.21
28,33,201.49,183.17
28,34,215.04,195.49
28,35,252.89,229.90
28,36,305.81,278.01
28,37,230.26,209.32
28,38,344.36,313.05
28,39,473.33,430.30
28,40,463.03,420.94
28,43,169.60,154.19
28,43-1,148.19,134.72
28,43-2,124.27,112.97
28,44-1,322.96,293.60
28,49,822.64,747.85
28,50,689.60,626.91
28,51,782.14,711.04
28,52,787.71,716.10
28,52-1,832.97,757.25
28,52-2,867.48,788.62
28,53,794.43,722.21
28,54,723.97,658.16
28,55,704.51,640.46
28,56,124.14,112.85
28,57,1054.60,958.72
28,57-1,989.56,899.60
28,58,1015.70,923.37
28,59,999.69,908.80
28,59-1,1060.87,964.43
28,61,420.37,382.15
28,62,267.97,243.61
28,64,819.33,744.84
28,66,879.15,799.23
28,71,1372.14,1247.40
28,71-1,1265.60,1150.54
28,73,565.66,514.23
28,74,593.00,539.09
28,75,229.10,208.28
28,75-1,218.92,199.02
28,80,1659.35,1508.50
28,81,1293.85,1176.22
28,82,738.54,671.40
28,83,796.61,724.19
28,84,645.06,586.42
28,85,1368.03,1243.66
28,85-1,1700.04,1545.49
28,86,1613.73,1467.03
28,101,800.14,727.40
28,103,610.10,554.63
28,105-2,733.89,667.17
28,129,53.32,48.47
28,132,681.31,619.37
28,135,456.47,414.98
28,140,942.26,856.60
28,140-1,942.26,856.60
28,140-2,942.26,856.60
28,142,492.33,447.57
28,143,375.78,341.62
28,152-1,1223.73,1112.48
28,153,1184.27,1076.61
28,200,103.12,93.75
28,201,175.91,159.92
28,203,205.58,186.89
28,207,873.45,794.05
28,220,858.62,780.56
28,221,997.56,906.87
28,222,908.25,825.69
28,223,1176.44,1069.49
28,300,880.79,800.72
28,301,951.17,864.70
28,302,1120.12,1018.29
28,500,303.43,275.84
28,919,1065.99,969.09
28,942,1553.94,1412.68
28,GATE,1083.48,984.99
29,1,705.90,641.73
29,2,718.83,653.48
29,3,801.16,728.33
29,4,781.67,710.61
29,5,714.36,649.42
29,6,806.61,733.28
29,7,710.64,646.04
29,8,718.82,653.47
29,9,706.27,642.06
29,10,774.65,704.22
29,10-1,784.79,713.45
29,11,718.32,653.02
29,12,642.48,584.08
29,13,536.59,487.80
29,14,841.79,765.26
29,15,990.39,900.35
29,15-1,1034.74,940.67
29,16,1112.01,1010.91
29,16-1,1070.67,973.34
29,17,1086.68,987.89
29,18,298.79,271.63
29,19,369.10,335.55
29,20,294.00,267.28
29,21,304.24,276.58
29,22,492.32,447.56
29,24,698.89,635.35
29,25,666.98,606.34
29,25-1,728.41,662.19
29,26,668.77,607.97
29,27,580.07,527.34
29,28,538.28,489.35
29,30,464.32,422.11
29,31,532.18,483.80
29,32,754.78,686.16
29,32-1,691.92,629.01
29,33,548.73,498.85
29,34,453.00,411.82
29,35,288.61,262.37
29,36,480.38,436.71
29,37,543.80,494.37
29,38,569.58,517.80
29,39,613.98,558.16
29,40,593.35,539.41
29,43,341.97,310.88
29,43-1,364.90,331.72
29,43-2,371.33,337.57
29,44-1,464.25,422.04
29,49,1118.26,1016.60
29,50,1053.45,957.68
29,51,1145.99,1041.81
29,52,1151.56,1046.87
29,52-1,1196.82,1088.02
29,52-2,1231.33,1119.39
29,53,1093.32,993.93
29,54,1019.59,926.90
29,55,1036.98,942.71
29,56,375.45,341.31
29,57,1418.44,1289.50
29,57-1,1353.41,1230.37
29,58,1379.55,1254.14
29,59,1363.53,1239.58
29,59-1,1424.72,1295.20
29,61,630.33,573.03
29,62,612.86,557.14
29,64,1212.37,1102.15
29,66,83.94,76.31
29,71,1735.98,1578.17
29,71-1,1629.44,1481.31
29,73,949.66,863.33
29,74,945.48,859.53
29,75,769.61,699.64
29,75-1,759.43,690.39
29,80,2023.20,1839.27
29,81,1629.33,1481.20
29,82,1034.15,940.14
29,83,1160.45,1054.96
29,84,1008.91,917.19
29,85,1703.51,1548.64
29,85-1,2063.89,1876.26
29,86,1977.58,1797.80
29,101,1163.99,1058.17
29,103,994.11,903.73
29,105-2,349.94,318.13
29,129,599.32,544.83
29,132,151.75,137.96
29,135,570.24,518.40
29,140,1278.25,1162.04
29,140-1,1278.25,1162.04
29,140-2,1278.25,1162.04
29,142,83.01,75.46
29,143,231.68,210.62
29,152-1,1587.58,1443.25
29,153,1548.12,1407.38
29,200,643.63,585.11
29,201,716.41,651.29
29,203,746.09,678.26
29,207,1237.30,1124.82
29,220,1222.47,1111.33
29,221,1347.01,1224.55
29,222,1272.10,1156.46
29,223,1463.47,1330.42
29,300,663.01,602.74
29,301,733.39,666.72
29,302,901.45,819.50
29,500,843.93,767.21
29,919,1112.55,1011.41
29,942,1547.19,1406.54
29,GATE,1476.53,1342.30
30,1,485.02,440.93
30,2,497.94,452.68
30,3,580.28,527.53
30,4,560.79,509.81
30,5,518.26,471.15
30,6,610.51,555.01
30,7,514.54,467.76
30,8,522.72,475.20
30,9,530.20,482.00
30,10,629.16,571.97
30,10-1,669.35,608.50
30,11,556.62,506.02
30,12,516.58,469.61
30,13,391.79,356.17
30,14,645.69,586.99
30,15,729.83,663.48
30,15-1,774.18,703.80
30,16,851.45,774.04
30,16-1,810.11,736.47
30,17,826.12,751.02
30,18,242.25,220.23
30,19,266.22,242.01
30,20,279.16,253.78
30,21,191.56,174.14
30,22,113.55,103.23
30,24,402.65,366.05
30,25,296.04,269.13
30,25-1,432.17,392.88
30,26,349.71,317.92
30,27,168.64,153.31
30,28,123.51,112.28
30,29,464.32,422.11
30,31,70.19,63.81
30,32,322.02,292.74
30,32-1,89.22,81.11
30,33,43.38,39.43
30,34,44.31,40.28
30,35,116.98,106.35
30,36,125.61,114.19
30,37,42.87,38.98
30,38,140.85,128.04
30,39,269.82,245.29
30,40,259.53,235.93
30,43,116.29,105.72
30,43-1,72.72,66.11
30,43-2,72.64,66.04
30,44-1,215.45,195.86
30,49,897.37,815.79
30,50,792.89,720.81
30,51,885.43,804.94
30,52,891.00,810.00
30,52-1,936.26,851.15
30,52-2,970.77,882.52
30,53,872.44,793.13
30,54,798.71,726.10
30,55,807.80,734.36
30,56,124.78,113.44
30,57,1157.89,1052.62
30,57-1,1092.85,993.50
30,58,1118.99,1017.27
30,59,1102.97,1002.70
30,59-1,1164.16,1058.33
30,61,434.23,394.76
30,62,351.17,319.25
30,64,941.84,856.22
30,66,805.19,731.99
30,71,1475.42,1341.29
30,71-1,1368.89,1244.44
30,73,687.98,625.44
30,74,696.29,632.99
30,75,351.11,319.19
30,75-1,340.93,309.93
30,80,1762.64,1602.40
30,81,1397.13,1270.12
30,82,813.27,739.34
30,83,899.90,818.09
30,84,748.35,680.32
30,85,1471.32,1337.56
30,85-1,1803.33,1639.39
30,86,1717.02,1560.93
30,101,903.43,821.30
30,103,732.42,665.84
30,105-2,595.18,541.07
30,129,184.23,167.49
30,132,607.35,552.13
30,135,317.76,288.87
30,140,1045.55,950.50
30,140-1,1045.55,950.50
30,140-2,1045.55,950.50
30,142,418.36,380.33
30,143,301.82,274.38
30,152-1,1327.02,1206.38
30,153,1287.56,1170.51
30,200,225.13,204.66
30,201,297.92,270.83
30,203,327.59,297.81
30,207,976.74,887.94
30,220,961.91,874.46
30,221,1100.85,1000.77
30,222,1011.54,919.59
30,223,1279.73,1163.39
30,300,742.08,674.62
30,301,812.46,738.60
30,302,981.41,892.19
30,500,425.43,386.76
30,919,1118.34,1016.68
30,942,1606.29,1460.27
30,GATE,1206.00,1096.37
31,1,451.78,410.71
31,2,464.70,422.46
31,3,547.04,497.31
31,4,527.55,479.59
31,5,486.91,442.64
31,6,592.99,539.08
31,7,513.79,467.08
31,8,507.56,461.42
31,9,529.45,481.32
31,10,628.41,571.28
31,10-1,689.93,627.21
31,11,577.20,524.72
31,12,537.15,488.32
31,13,412.37,374.88
31,14,628.08,570.98
31,15,696.59,633.26
31,15-1,740.94,673.58
31,16,818.20,743.82
31,16-1,776.87,706.25
31,17,792.87,720.79
31,18,310.11,281.92
31,19,334.08,303.71
31,20,288.08,261.89
31,21,244.04,221.85
31,22,56.46,51.33
31,24,325.60,296.00
31,25,205.45,186.77
31,25-1,355.12,322.83
31,26,259.12,235.56
31,27,78.05,70.95
31,28,40.30,36.63
31,29,532.18,483.80
31,30,70.19,63.81
31,32,65.64,59.67
31,32-1,88.61,80.56
31,33,90.48,82.25
31,34,208.94,189.95
31,35,246.79,224.36
31,36,274.97,249.97
31,37,119.24,108.40
31,38,231.34,210.31
31,39,399.70,363.36
31,40,389.41,354.01
31,43,163.50,148.64
31,43-1,142.09,129.17
31,43-2,118.17,107.43
31,44-1,316.86,288.05
31,49,864.13,785.57
31,50,759.65,690.59
31,51,852.19,774.72
31,52,857.76,779.78
31,52-1,903.02,820.92
31,52-2,937.53,852.30
31,53,839.20,762.91
31,54,765.46,695.88
31,55,774.55,704.14
31,56,118.04,107.31
31,57,1124.64,1022.40
31,57-1,1059.60,963.28
31,58,1085.75,987.05
31,59,1069.73,972.48
31,59-1,1130.92,1028.11
31,61,433.48,394.07
31,62,317.93,289.03
31,64,851.61,774.19
31,66,873.05,793.68
31,71,1442.18,1311.07
31,71-1,1335.64,1214.22
31,73,654.74,595.21
31,74,663.04,602.77
31,75,173.55,157.77
31,75-1,203.72,185.20
31,80,1729.40,1572.18
31,81,1363.89,1239.90
31,82,780.03,709.12
31,83,866.65,787.87
31,84,715.10,650.10
31,85,1438.07,1307.34
31,85-1,1770.09,1609.17
31,86,1683.77,1530.70
31,101,870.19,791.08
31,103,699.18,635.62
31,105-2,727.79,661.63
31,129,94.00,85.46
31,132,675.21,613.83
31,135,450.37,409.43
31,140,1012.31,920.28
31,140-1,1012.31,920.28
31,140-2,1012.31,920.28
31,142,486.23,442.02
31,143,369.68,336.07
31,152-1,1293.78,1176.16
31,153,1254.31,1140.28
31,200,134.89,122.63
31,201,207.68,188.80
31,203,237.35,215.78
31,207,943.50,857.72
31,220,928.67,844.24
31,221,1067.61,970.55
31,222,978.30,889.36
31,223,1246.49,1133.17
31,300,874.69,795.17
31,301,945.07,859.15
31,302,1114.02,1012.74
31,500,335.20,304.73
31,919,1095.35,995.77
31,942,1583.30,1439.36
31,GATE,1115.77,1014.34
32,1,668.43,607.67
32,2,705.52,641.38
32,3,787.85,716.23
32,4,768.36,698.51
32,5,727.73,661.57
32,6,833.80,758.00
32,7,754.61,686.01
32,8,748.38,680.35
32,9,770.27,700.24
32,10,869.23,790.21
32,10-1,930.75,846.13
32,11,818.01,743.65
32,12,777.97,707.24
32,13,653.18,593.80
32,14,868.89,789.90
32,15,847.32,770.29
32,15-1,891.68,810.62
32,16,940.22,854.74
32,16-1,894.64,813.31
32,17,943.61,857.83
32,18,458.74,417.03
32,19,386.76,351.60
32,20,528.89,480.81
32,21,484.86,440.78
32,22,290.68,264.26
32,24,416.45,378.59
32,25,319.97,290.89
32,25-1,441.31,401.19
32,26,447.77,407.06
32,27,217.36,197.60
32,28,232.49,211.36
32,29,754.78,686.16
32,30,322.02,292.74
32,31,65.64,59.67
32,32-1,26.54,24.13
32,33,51.53,46.85
32,34,332.84,302.58
32,35,373.37,339.42
32,36,212.89,193.54
32,37,99.74,90.67
32,38,164.43,149.49
32,39,337.62,306.93
32,40,327.33,297.57
32,43,404.32,367.56
32,43-1,382.91,348.10
32,43-2,358.98,326.35
32,44-1,290.82,264.39
32,49,1043.42,948.57
32,50,910.38,827.62
32,51,1002.93,911.75
32,52,1008.50,916.82
32,52-1,1053.76,957.96
32,52-2,1088.27,989.34
32,53,1015.22,922.92
32,54,944.76,858.87
32,55,925.29,841.18
32,56,358.85,326.23
32,57,1275.38,1159.44
32,57-1,1210.34,1100.31
32,58,1216.19,1105.63
32,59,1220.47,1109.52
32,59-1,1281.66,1165.14
32,61,674.30,613.00
32,62,558.75,507.95
32,64,879.42,799.47
32,66,1056.61,960.55
32,71,1552.95,1411.77
32,71-1,1446.41,1314.92
32,73,733.88,667.17
32,74,813.78,739.80
32,75,59.69,54.26
32,75-1,101.98,92.71
32,80,1760.66,1600.60
32,81,1514.63,1376.94
32,82,959.32,872.11
32,83,1017.39,924.90
32,84,865.84,787.13
32,85,1588.81,1444.37
32,85-1,1801.35,1637.59
32,86,1715.04,1559.12
32,101,934.20,849.28
32,103,743.17,675.61
32,105-2,670.56,609.60
32,129,177.70,161.54
32,132,756.44,687.67
32,135,393.14,357.40
32,140,1163.05,1057.32
32,140-1,1163.05,1057.32
32,140-2,1163.05,1057.32
32,142,708.82,644.38
32,143,609.04,553.67
32,152-1,1404.54,1276.86
32,153,1365.08,1240.98
32,200,130.86,118.96
32,201,130.25,118.41
32,203,265.16,241.06
32,207,1094.23,994.76
32,220,1079.40,981.28
32,221,1218.34,1107.59
32,222,1129.04,1026.40
32,223,1397.22,1270.20
32,300,817.45,743.14
32,301,887.83,807.12
32,302,1056.78,960.71
32,500,363.01,330.01
32,919,1336.16,1214.69
32,942,1824.11,1658.28
32,GATE,1143.58,1039.62
32-1,1,611.51,555.92
32-1,2,624.44,567.67
32-1,3,706.78,642.52
32-1,4,687.29,624.81
32-1,5,646.65,587.86
32-1,6,752.72,684.30
32-1,7,673.53,612.30
32-1,8,667.30,606.64
32-1,9,689.19,626.53
32-1,10,788.15,716.50
32-1,10-1,849.67,772.42
32-1,11,736.93,669.94
32-1,12,696.89,633.54
32-1,13,572.11,520.10
32-1,14,787.81,716.20
32-1,15,842.57,765.97
32-1,15-1,886.92,806.29
32-1,16,935.46,850.42
32-1,16-1,889.88,808.98
32-1,17,938.86,853.51
32-1,18,428.44,389.49
32-1,19,356.46,324.06
32-1,20,447.81,407.10
32-1,21,403.78,367.07
32-1,22,208.07,189.16
32-1,24,411.69,374.27
32-1,25,315.22,286.56
32-1,25-1,436.56,396.87
32-1,26,443.01,402.74
32-1,27,212.60,193.28
32-1,28,218.03,198.21
32-1,29,691.92,629.01
32-1,30,89.22,81.11
32-1,31,88.61,80.56
32-1,32,26.54,24.13
32-1,33,30.62,27.84
32-1,34,302.54,275.03
32-1,35,343.07,311.88
32-1,36,182.59,165.99
32-1,37,69.44,63.13
32-1,38,138.97,126.33
32-1,39,307.33,279.39
32-1,40,297.03,270.03
32-1,43,323.24,293.86
32-1,43-1,301.83,274.39
32-1,43-2,277.91,252.64
32-1,44-1,260.53,236.84
32-1,49,1023.87,930.79
32-1,50,905.63,823.30
32-1,51,998.17,907.43
32-1,52,1003.74,912.49
32-1,52-1,1049.00,953.64
32-1,52-2,1083.51,985.01
32-1,53,998.93,908.12
32-1,54,925.20,841.09
32-1,55,920.54,836.85
32-1,56,277.77,252.52
32-1,57,1270.63,1155.11
32-1,57-1,1205.59,1095.99
32-1,58,1211.44,1101.31
32-1,59,1215.71,1105.19
32-1,59-1,1276.90,1160.82
32-1,61,593.22,539.29
32-1,62,477.67,434.24
32-1,64,874.67,795.15
32-1,66,1026.31,933.01
32-1,71,1548.19,1407.45
32-1,71-1,1441.65,1310.59
32-1,73,729.13,662.84
32-1,74,809.03,735.48
32-1,75,48.96,44.51
32-1,75-1,97.23,88.39
32-1,80,1755.90,1596.28
32-1,81,1509.87,1372.61
32-1,82,939.77,854.33
32-1,83,1012.64,920.58
32-1,84,861.09,782.81
32-1,85,1584.06,1440.05
32-1,85-1,1796.59,1633.27
32-1,86,1710.28,1554.80
32-1,101,929.45,844.95
32-1,103,738.42,671.29
32-1,105-2,640.26,582.05
32-1,129,172.94,157.22
32-1,132,726.14,660.13
32-1,135,362.84,329.85
32-1,140,1158.29,1052.99
32-1,140-1,1158.29,1052.99
32-1,140-2,1158.29,1052.99
32-1,142,645.96,587.24
32-1,143,529.42,481.29
32-1,152-1,1399.79,1272.54
32-1,153,1360.32,1236.66
32-1,200,129.25,117.50
32-1,201,125.50,114.09
32-1,203,260.41,236.73
32-1,207,1089.48,990.44
32-1,220,1074.65,976.95
32-1,221,1213.59,1103.26
32-1,222,1124.28,1022.08
32-1,223,1392.47,1265.88
32-1,300,787.16,715.60
32-1,301,857.54,779.58
32-1,302,1026.49,933.17
32-1,500,358.25,325.68
32-1,919,1255.08,1140.99
32-1,942,1743.03,1584.58
32-1,GATE,1138.82,1035.29
33,1,571.43,519.48
33,2,584.36,531.23
33,3,666.69,606.09
33,4,647.20,588.37
33,5,604.68,549.70
33,6,696.93,633.57
33,7,600.95,546.32
33,8,609.13,553.76
33,9,616.61,560.56
33,10,715.58,650.52
33,10-1,755.77,687.06
33,11,643.03,584.58
33,12,602.99,548.17
33,13,478.20,434.73
33,14,732.10,665.54
33,15,816.24,742.04
33,15-1,860.60,782.36
33,16,937.86,852.60
33,16-1,896.53,815.02
33,17,912.53,829.57
33,18,326.67,296.97
33,19,303.86,276.24
33,20,365.58,332.34
33,21,275.97,250.88
33,22,191.54,174.12
33,24,466.17,423.79
33,25,369.70,336.09
33,25-1,491.03,446.40
33,26,427.69,388.81
33,27,246.62,224.20
33,28,201.49,183.17
33,29,548.73,498.85
33,30,43.38,39.43
33,31,90.48,82.25
33,32,51.53,46.85
33,32-1,30.62,27.84
33,34,56.90,51.73
33,35,263.34,239.40
33,36,118.09,107.35
33,37,26.31,23.92
33,38,120.39,109.44
33,39,262.30,238.45
33,40,252.01,229.10
33,43,202.71,184.28
33,43-1,157.14,142.85
33,43-2,157.06,142.78
33,44-1,207.93,189.03
33,49,983.79,894.35
33,50,879.30,799.37
33,51,971.84,883.49
33,52,977.41,888.56
33,52-1,1022.67,929.70
33,52-2,1057.19,961.08
33,53,958.85,871.68
33,54,885.12,804.65
33,55,894.21,812.92
33,56,211.20,192.00
33,57,1244.30,1131.18
33,57-1,1179.26,1072.05
33,58,1205.41,1095.82
33,59,1189.39,1081.26
33,59-1,1250.57,1136.88
33,61,520.64,473.31
33,62,437.59,397.80
33,64,929.14,844.68
33,66,889.60,808.73
33,71,1561.84,1419.85
33,71-1,1455.30,1323.00
33,73,774.39,703.99
33,74,782.70,711.54
33,75,88.78,80.71
33,75-1,151.71,137.91
33,80,1810.38,1645.80
33,81,1483.55,1348.68
33,82,899.68,817.90
33,83,986.31,896.64
33,84,834.76,758.87
33,85,1557.73,1416.12
33,85-1,1851.07,1682.79
33,86,1764.76,1604.33
33,101,983.93,894.48
33,103,792.90,720.81
33,105-2,587.66,534.24
33,129,227.42,206.75
33,132,673.54,612.31
33,135,310.24,282.04
33,140,1131.96,1029.06
33,140-1,1131.96,1029.06
33,140-2,1131.96,1029.06
33,142,502.78,457.07
33,143,386.23,351.12
33,152-1,1413.43,1284.94
33,153,1373.97,1249.06
33,200,183.68,166.98
33,201,179.98,163.62
33,203,314.89,286.26
33,207,1063.15,966.50
33,220,1048.32,953.02
33,221,1187.26,1079.33
33,222,1097.96,998.14
33,223,1366.14,1241.95
33,300,734.56,667.78
33,301,804.94,731.76
33,302,973.89,885.35
33,500,412.73,375.21
33,919,1204.75,1095.23
33,942,1692.70,1538.82
33,GATE,1193.30,1084.82
34,1,536.91,488.10
34,2,549.83,499.85
34,3,632.17,574.70
34,4,612.68,556.98
34,5,567.96,516.33
34,6,660.21,600.20
34,7,564.24,512.95
34,8,572.42,520.39
34,9,576.47,524.06
34,10,664.90,604.46
34,10-1,675.05,613.68
34,11,588.90,535.37
34,12,532.74,484.31
34,13,424.08,385.52
34,14,695.39,632.17
34,15,781.71,710.65
34,15-1,826.07,750.97
34,16,903.33,821.21
34,16-1,862.00,783.64
34,17,878.00,798.19
34,18,156.96,142.69
34,19,97.32,88.47
34,20,311.45,283.13
34,21,185.23,168.39
34,22,171.75,156.13
34,24,454.54,413.21
34,25,384.23,349.30
34,25-1,484.05,440.05
34,26,424.42,385.83
34,27,256.83,233.48
34,28,215.04,195.49
34,29,453.00,411.82
34,30,44.31,40.28
34,31,208.94,189.95
34,32,332.84,302.58
34,32-1,302.54,275.03
34,33,56.90,51.73
34,35,39.19,35.62
34,36,34.98,31.80
34,37,51.97,47.25
34,38,151.67,137.88
34,39,202.51,184.10
34,40,206.81,188.01
34,43,165.99,150.90
34,43-1,62.79,57.09
34,43-2,122.53,111.39
34,44-1,54.16,49.24
34,49,949.26,862.96
34,50,844.78,767.98
34,51,937.32,852.11
34,52,942.89,857.17
34,52-1,988.15,898.31
34,52-2,1022.66,929.69
34,53,924.33,840.30
34,54,850.59,773.27
34,55,859.68,781.53
34,56,176.67,160.61
34,57,1209.77,1099.79
34,57-1,1144.73,1040.67
34,58,1170.88,1064.44
34,59,1154.86,1049.87
34,59-1,1216.05,1105.50
34,61,483.93,439.94
34,62,403.06,366.42
34,64,1002.57,911.43
34,66,793.87,721.70
34,71,1527.31,1388.46
34,71-1,1420.77,1291.61
34,73,739.87,672.61
34,74,748.17,680.16
34,75,363.89,330.81
34,75-1,433.01,393.65
34,80,1814.53,1649.57
34,81,1449.02,1317.29
34,82,865.16,786.51
34,83,951.78,865.26
34,84,800.23,727.49
34,85,1523.20,1384.73
34,85-1,1855.22,1686.56
34,86,1768.90,1608.09
34,101,955.32,868.47
34,103,784.31,713.01
34,105-2,462.35,420.32
34,129,276.08,250.98
34,132,548.23,498.39
34,135,184.93,168.12
34,140,1097.44,997.67
34,140-1,1097.44,997.67
34,140-2,1097.44,997.67
34,142,407.05,370.04
34,143,295.49,268.63
34,152-1,1378.91,1253.55
34,153,1339.44,1217.67
34,200,320.39,291.26
34,201,393.18,357.43
34,203,422.85,384.41
34,207,1028.62,935.11
34,220,1013.80,921.63
34,221,1152.73,1047.94
34,222,1063.43,966.75
34,223,1331.61,1210.56
34,300,609.25,553.86
34,301,679.63,617.85
34,302,848.58,771.44
34,500,520.69,473.36
34,919,1124.03,1021.85
34,942,1611.98,1465.44
34,GATE,1266.73,1151.57
35,1,426.33,387.57
35,2,439.25,399.32
35,3,521.59,474.18
35,4,502.10,456.46
35,5,434.79,395.26
35,6,527.04,479.13
35,7,431.07,391.88
35,8,439.25,399.32
35,9,426.70,387.91
35,10,495.08,450.07
35,10-1,505.22,459.29
35,11,438.75,398.86
35,12,362.91,329.92
35,13,257.01,233.65
35,14,562.21,511.10
35,15,706.13,641.93
35,15-1,750.48,682.26
35,16,827.75,752.50
35,16-1,786.41,714.92
35,17,802.42,729.47
35,18,54.06,49.15
35,19,50.45,45.86
35,20,148.21,134.74
35,21,46.36,42.15
35,22,206.94,188.12
35,24,413.50,375.91
35,25,381.59,346.90
35,25-1,443.02,402.74
35,26,383.38,348.53
35,27,294.68,267.89
35,28,252.89,229.90
35,29,288.61,262.37
35,30,116.98,106.35
35,31,246.79,224.36
35,32,373.37,339.42
35,32-1,343.07,311.88
35,33,263.34,239.40
35,34,39.19,35.62
35,36,68.76,62.51
35,37,192.51,175.01
35,38,188.17,171.06
35,39,236.99,215.45
35,40,241.29,219.36
35,43,56.58,51.44
35,43-1,79.51,72.28
35,43-2,85.95,78.13
35,44-1,85.91,78.10
35,49,838.68,762.44
35,50,769.19,699.26
35,51,861.73,783.39
35,52,867.30,788.46
35,52-1,912.56,829.60
35,52-2,947.07,860.98
35,53,813.75,739.77
35,54,740.02,672.74
35,55,757.40,688.55
35,56,90.06,81.87
35,57,1134.18,1031.08
35,57-1,1069.15,971.95
35,58,1095.29,995.72
35,59,1079.27,981.16
35,59-1,1140.46,1036.78
35,61,350.76,318.87
35,62,327.47,297.70
35,64,926.98,842.71
35,66,629.48,572.25
35,71,1451.72,1319.75
35,71-1,1345.18,1222.89
35,73,664.28,603.89
35,74,665.91,605.37
35,75,404.42,367.65
35,75-1,473.54,430.49
35,80,1738.94,1580.85
35,81,1373.43,1248.58
35,82,754.58,685.98
35,83,876.20,796.54
35,84,724.65,658.77
35,85,1447.61,1316.01
35,85-1,1779.63,1617.84
35,86,1693.32,1539.38
35,101,879.73,799.76
35,103,708.72,644.29
35,105-2,496.84,451.67
35,129,313.93,285.39
35,132,431.64,392.40
35,135,219.42,199.47
35,140,1021.85,928.96
35,140-1,1021.85,928.96
35,140-2,1021.85,928.96
35,142,242.66,220.60
35,143,126.11,114.65
35,152-1,1303.32,1184.84
35,153,1263.86,1148.96
35,200,358.24,325.67
35,201,431.03,391.84
35,203,460.70,418.82
35,207,953.04,866.40
35,220,938.21,852.92
35,221,1077.15,979.23
35,222,987.84,898.04
35,223,1251.69,1137.90
35,300,643.73,585.21
35,301,714.11,649.20
35,302,883.07,802.79
35,500,558.55,507.77
35,919,954.21,867.46
35,942,1442.16,1311.05
35,GATE,1191.14,1082.86
36,1,597.88,543.53
36,2,610.81,555.28
36,3,693.15,630.13
36,4,673.66,612.42
36,5,606.35,551.22
36,6,698.60,635.09
36,7,602.62,547.84
36,8,610.81,555.28
36,9,614.85,558.95
36,10,703.28,639.35
36,10-1,713.43,648.57
36,11,627.29,570.26
36,12,571.12,519.20
36,13,462.46,420.42
36,14,733.77,667.06
36,15,863.36,784.87
36,15-1,907.71,825.19
36,16,984.98,895.43
36,16-1,943.64,857.86
36,17,959.65,872.41
36,18,184.34,167.58
36,19,112.36,102.15
36,20,349.83,318.03
36,21,223.61,203.28
36,22,262.52,238.65
36,24,545.31,495.73
36,25,475.00,431.82
36,25-1,574.83,522.57
36,26,515.19,468.35
36,27,347.60,316.00
36,28,305.81,278.01
36,29,480.38,436.71
36,30,125.61,114.19
36,31,274.97,249.97
36,32,212.89,193.54
36,32-1,182.59,165.99
36,33,118.09,107.35
36,34,34.98,31.80
36,35,68.76,62.51
36,37,21.20,19.27
36,38,34.92,31.74
36,39,160.50,145.91
36,40,150.21,136.55
36,43,204.38,185.80
36,43-1,131.84,119.85
36,43-2,170.86,155.33
36,44-1,20.41,18.55
36,49,1010.24,918.40
36,50,926.42,842.20
36,51,1018.96,926.33
36,52,1024.53,931.39
36,52-1,1069.79,972.54
36,52-2,1104.30,1003.91
36,53,985.30,895.73
36,54,911.57,828.70
36,55,928.96,844.51
36,56,224.71,204.28
36,57,1291.42,1174.02
36,57-1,1226.38,1114.89
36,58,1252.52,1138.66
36,59,1236.50,1124.10
36,59-1,1297.69,1179.72
36,61,522.31,474.83
36,62,484.70,440.64
36,64,1084.22,985.65
36,66,813.69,739.72
36,71,1608.96,1462.69
36,71-1,1502.42,1365.83
36,73,821.51,746.83
36,74,829.82,754.38
36,75,243.95,221.77
36,75-1,313.07,284.61
36,80,1896.17,1723.79
36,81,1530.67,1391.51
36,82,926.14,841.94
36,83,1033.43,939.48
36,84,881.88,801.71
36,85,1604.85,1458.95
36,85-1,1936.86,1760.78
36,86,1850.55,1682.32
36,101,1036.96,942.69
36,103,865.95,787.23
36,105-2,427.63,388.76
36,129,366.85,333.50
36,132,513.52,466.83
36,135,150.22,136.56
36,140,1179.08,1071.89
36,140-1,1179.08,1071.89
36,140-2,1179.08,1071.89
36,142,434.43,394.93
36,143,333.87,303.52
36,152-1,1460.55,1327.77
36,153,1421.09,1291.90
36,200,345.04,313.67
36,201,341.34,310.31
36,203,476.25,432.95
36,207,1110.27,1009.34
36,220,1095.44,995.85
36,221,1234.38,1122.16
36,222,1145.07,1040.98
36,223,1413.26,1284.78
36,300,574.53,522.30
36,301,644.91,586.28
36,302,813.86,739.88
36,500,574.09,521.90
36,919,1162.42,1056.74
36,942,1650.37,1500.33
36,GATE,1348.37,1225.79
37,1,566.50,515.00
37,2,579.43,526.75
37,3,661.77,601.61
37,4,642.28,583.89
37,5,599.75,545.22
37,6,692.00,629.09
37,7,596.02,541.84
37,8,604.21,549.28
37,9,611.68,556.08
37,10,710.65,646.04
37,10-1,750.84,682.58
37,11,638.10,580.10
37,12,598.06,543.69
37,13,473.28,430.25
37,14,727.17,661.06
37,15,811.31,737.56
37,15-1,855.67,777.88
37,16,932.93,848.12
37,16-1,891.60,810.54
37,17,907.60,825.09
37,18,277.89,252.62
37,19,205.91,187.19
37,20,360.65,327.86
37,21,271.04,246.40
37,22,201.35,183.04
37,24,484.13,440.12
37,25,402.79,366.17
37,25-1,513.65,466.96
37,26,454.01,412.74
37,27,275.39,250.35
37,28,230.26,209.32
37,29,543.80,494.37
37,30,42.87,38.98
37,31,119.24,108.40
37,32,99.74,90.67
37,32-1,69.44,63.13
37,33,26.31,23.92
37,34,51.97,47.25
37,35,192.51,175.01
37,36,21.20,19.27
37,38,34.53,31.39
37,39,159.60,145.09
37,40,149.31,135.74
37,43,197.78,179.80
37,43-1,152.21,138.37
37,43-2,152.13,138.30
37,44-1,109.97,99.97
37,49,978.86,889.87
37,50,874.37,794.88
37,51,966.91,879.01
37,52,972.49,884.08
37,52-1,1017.74,925.22
37,52-2,1052.26,956.60
37,53,953.92,867.20
37,54,880.19,800.17
37,55,889.28,808.44
37,56,206.27,187.52
37,57,1239.37,1126.70
37,57-1,1174.33,1067.57
37,58,1200.48,1091.34
37,59,1184.46,1076.78
37,59-1,1245.65,1132.40
37,61,515.72,468.83
37,62,432.66,393.32
37,64,977.35,888.50
37,66,875.76,796.14
37,71,1556.91,1415.37
37,71-1,1450.37,1318.52
37,73,769.46,699.51
37,74,777.77,707.06
37,75,169.74,154.31
37,75-1,199.91,181.74
37,80,1844.12,1676.48
37,81,1478.62,1344.20
37,82,894.76,813.42
37,83,981.38,892.16
37,84,829.83,754.39
37,85,1552.80,1411.64
37,85-1,1884.81,1713.47
37,86,1798.50,1635.00
37,101,984.92,895.38
37,103,813.90,739.91
37,105-2,489.70,445.18
37,129,275.63,250.57
37,132,575.59,523.26
37,135,212.29,192.99
37,140,1127.04,1024.58
37,140-1,1127.04,1024.58
37,140-2,1127.04,1024.58
37,142,497.85,452.59
37,143,381.30,346.64
37,152-1,1408.50,1280.46
37,153,1369.04,1244.58
37,200,231.89,210.81
37,201,228.18,207.44
37,203,363.09,330.08
37,207,1058.22,962.02
37,220,1043.39,948.54
37,221,1182.33,1074.85
37,222,1093.03,993.66
37,223,1361.21,1237.47
37,300,636.60,578.73
37,301,706.98,642.71
37,302,875.93,796.30
37,500,460.94,419.03
37,919,1199.83,1090.75
37,942,1687.78,1534.34
37,GATE,1241.51,1128.64
38,1,666.22,605.65
38,2,679.14,617.40
38,3,761.48,692.26
38,4,741.99,674.54
38,5,699.46,635.88
38,6,791.71,719.74
38,7,695.74,632.49
38,8,703.92,639.93
38,9,711.40,646.73
38,10,793.26,721.14
38,10-1,803.40,730.36
38,11,736.93,669.93
38,12,661.09,600.99
38,13,555.19,504.72
38,14,826.89,751.71
38,15,911.03,828.21
38,15-1,955.38,868.53
38,16,1032.65,938.77
38,16-1,991.31,901.19
38,17,1007.32,915.74
38,18,273.54,248.67
38,19,201.56,183.24
38,20,446.39,405.81
38,21,343.02,311.83
38,22,301.06,273.69
38,24,559.04,508.22
38,25,462.57,420.52
38,25-1,583.91,530.82
38,26,553.73,503.39
38,27,359.96,327.23
38,28,344.36,313.05
38,29,569.58,517.80
38,30,140.85,128.04
38,31,231.34,210.31
38,32,164.43,149.49
38,32-1,138.97,126.33
38,33,120.39,109.44
38,34,151.67,137.88
38,35,188.17,171.06
38,36,34.92,31.74
38,37,34.53,31.39
38,39,153.39,139.45
38,40,143.10,130.09
38,43,297.49,270.45
38,43-1,251.24,228.40
38,43-2,251.85,228.95
38,44-1,105.63,96.02
38,49,1078.57,980.52
38,50,974.09,885.54
38,51,1066.63,969.66
38,52,1072.20,974.73
38,52-1,1117.46,1015.87
38,52-2,1151.97,1047.25
38,53,1053.64,957.85
38,54,979.91,890.82
38,55,989.00,899.09
38,56,305.98,278.17
38,57,1339.09,1217.35
38,57-1,1274.05,1158.22
38,58,1300.19,1181.99
38,59,1284.17,1167.43
38,59-1,1345.36,1223.06
38,61,615.43,559.48
38,62,532.37,483.98
38,64,1022.02,929.11
38,66,871.41,792.19
38,71,1656.62,1506.02
38,71-1,1550.09,1409.17
38,73,869.18,790.16
38,74,877.49,797.71
38,75,146.85,133.50
38,75-1,244.58,222.34
38,80,1903.25,1730.23
38,81,1578.33,1434.85
38,82,994.47,904.07
38,83,1081.10,982.81
38,84,929.55,845.04
38,85,1652.52,1502.29
38,85-1,1943.94,1767.22
38,86,1857.63,1688.76
38,101,1076.80,978.91
38,103,885.77,805.24
38,105-2,485.36,441.24
38,129,320.29,291.18
38,132,571.24,519.31
38,135,207.94,189.04
38,140,1226.75,1115.23
38,140-1,1226.75,1115.23
38,140-2,1226.75,1115.23
38,142,523.63,476.02
38,143,423.84,385.31
38,152-1,1508.22,1371.11
38,153,1468.76,1335.23
38,200,276.74,251.59
38,201,272.85,248.05
38,203,407.76,370.69
38,207,1157.94,1052.67
38,220,1143.11,1039.19
38,221,1282.05,1165.50
38,222,1192.74,1084.31
38,223,1460.93,1328.12
38,300,632.26,574.78
38,301,702.64,638.76
38,302,871.59,792.35
38,500,505.60,459.64
38,919,1252.39,1138.53
38,942,1740.34,1582.12
38,GATE,1286.18,1169.25
39,1,766.12,696.47
39,2,779.04,708.22
39,3,861.38,783.07
39,4,841.89,765.35
39,5,774.58,704.16
39,6,866.83,788.03
39,7,770.86,700.78
39,8,779.04,708.22
39,9,773.70,703.37
39,10,842.08,765.53
39,10-1,852.22,774.75
39,11,785.75,714.32
39,12,709.92,645.38
39,13,604.02,549.11
39,14,902.00,820.00
39,15,1031.59,937.81
39,15-1,1075.95,978.13
39,16,1153.21,1048.37
39,16-1,1111.88,1010.80
39,17,1127.88,1025.35
39,18,322.36,293.06
39,19,250.39,227.62
39,20,495.21,450.19
39,21,391.84,356.22
39,22,430.03,390.94
39,24,712.82,648.02
39,25,642.52,584.11
39,25-1,742.34,674.85
39,26,682.70,620.63
39,27,515.12,468.29
39,28,473.33,430.30
39,29,613.98,558.16
39,30,269.82,245.29
39,31,399.70,363.36
39,32,337.62,306.93
39,32-1,307.33,279.39
39,33,262.30,238.45
39,34,202.51,184.10
39,35,236.99,215.45
39,36,160.50,145.91
39,37,159.60,145.09
39,38,153.39,139.45
39,40,11.05,10.05
39,43,372.61,338.74
39,43-1,300.07,272.79
39,43-2,339.09,308.26
39,44-1,62.52,56.84
39,49,1178.47,1071.34
39,50,1094.65,995.14
39,51,1187.19,1079.27
39,52,1192.77,1084.33
39,52-1,1238.02,1125.48
39,52-2,1272.54,1156.85
39,53,1153.54,1048.67
39,54,1079.80,981.64
39,55,1097.19,997.45
39,56,392.94,357.22
39,57,1459.65,1326.95
39,57-1,1394.61,1267.83
39,58,1420.76,1291.60
39,59,1404.74,1277.03
39,59-1,1465.92,1332.66
39,61,690.55,627.77
39,62,652.94,593.58
39,64,1215.24,1104.76
39,66,705.34,641.22
39,71,1777.19,1615.63
39,71-1,1670.65,1518.77
39,73,989.74,899.77
39,74,998.05,907.32
39,75,360.76,327.97
39,75-1,437.80,398.00
39,80,2064.40,1876.73
39,81,1698.90,1544.45
39,82,1094.37,994.88
39,83,1201.66,1092.42
39,84,1050.11,954.65
39,85,1773.08,1611.89
39,85-1,2105.09,1913.72
39,86,2018.78,1835.26
39,101,1205.20,1095.63
39,103,1034.18,940.17
39,105-2,319.29,290.26
39,129,513.51,466.83
39,132,405.17,368.33
39,135,22.00,20.00
39,140,1347.32,1224.83
39,140-1,1347.32,1224.83
39,140-2,1347.32,1224.83
39,142,572.45,520.41
39,143,472.67,429.70
39,152-1,1628.78,1480.71
39,153,1589.32,1444.84
39,200,469.77,427.07
39,201,466.07,423.70
39,203,600.98,546.34
39,207,1278.50,1162.28
39,220,1263.67,1148.79
39,221,1402.61,1275.10
39,222,1313.31,1193.92
39,223,1581.49,1437.72
39,300,466.18,423.80
39,301,536.56,487.79
39,302,705.52,641.38
39,500,698.82,635.29
39,919,1301.21,1182.92
39,942,1789.16,1626.51
39,GATE,1479.39,1344.90
40,1,770.42,700.38
40,2,783.34,712.13
40,3,865.68,786.98
40,4,846.19,769.26
40,5,778.88,708.07
40,6,871.13,791.94
40,7,775.16,704.69
40,8,783.34,712.12
40,9,778.00,707.27
40,10,846.38,769.44
40,10-1,856.52,778.66
40,11,790.05,718.23
40,12,714.22,649.29
40,13,608.32,553.02
40,14,906.30,823.91
40,15,1029.71,936.10
40,15-1,1074.06,976.42
40,16,1151.32,1046.66
40,16-1,1109.99,1009.08
40,17,1125.99,1023.63
40,18,326.66,296.97
40,19,254.69,231.53
40,20,499.51,454.10
40,21,396.14,360.13
40,22,419.74,381.58
40,24,702.53,638.66
40,25,632.22,574.75
40,25-1,732.05,665.50
40,26,672.41,611.28
40,27,504.82,458.93
40,28,463.03,420.94
40,29,593.35,539.41
40,30,259.53,235.93
40,31,389.41,354.01
40,32,327.33,297.57
40,32-1,297.03,270.03
40,33,252.01,229.10
40,34,206.81,188.01
40,35,241.29,219.36
40,36,150.21,136.55
40,37,149.31,135.74
40,38,143.10,130.09
40,39,11.05,10.05
40,43,376.91,342.64
40,43-1,304.37,276.70
40,43-2,343.39,312.17
40,44-1,158.75,144.32
40,49,1182.77,1075.25
40,50,1092.77,993.42
40,51,1185.31,1077.55
40,52,1190.88,1082.62
40,52-1,1236.14,1123.76
40,52-2,1270.65,1155.14
40,53,1157.84,1052.58
40,54,1084.10,985.55
40,55,1101.49,1001.36
40,56,397.24,361.13
40,57,1457.76,1325.24
40,57-1,1392.72,1266.11
40,58,1418.87,1289.88
40,59,1402.85,1275.32
40,59-1,1464.04,1330.94
40,61,694.85,631.68
40,62,651.05,591.86
40,64,1204.94,1095.40
40,66,684.72,622.47
40,71,1775.30,1613.91
40,71-1,1668.76,1517.06
40,73,987.86,898.05
40,74,996.16,905.60
40,75,350.47,318.61
40,75-1,427.51,388.64
40,80,2062.52,1875.02
40,81,1697.01,1542.74
40,82,1098.67,998.79
40,83,1199.77,1090.70
40,84,1048.23,952.93
40,85,1771.19,1610.17
40,85-1,2103.21,1912.01
40,86,2016.90,1833.54
40,101,1203.31,1093.92
40,103,1032.30,938.45
40,105-2,300.62,273.29
40,129,503.22,457.47
40,132,386.51,351.37
40,135,46.17,41.97
40,140,1345.43,1223.12
40,140-1,1345.43,1223.12
40,140-2,1345.43,1223.12
40,142,576.75,524.32
40,143,476.97,433.61
40,152-1,1626.90,1479.00
40,153,1587.43,1443.12
40,200,459.48,417.71
40,201,455.78,414.34
40,203,590.69,536.99
40,207,1276.62,1160.56
40,220,1261.79,1147.08
40,221,1400.73,1273.39
40,222,1311.42,1192.20
40,223,1579.61,1436.01
40,300,441.76,401.60
40,301,512.14,465.59
40,302,681.09,619.18
40,500,688.53,625.94
40,919,1305.51,1186.83
40,942,1793.46,1630.42
40,GATE,1469.10,1335.55
43,1,396.11,360.10
43,2,409.03,371.84
43,3,491.37,446.70
43,4,471.88,428.98
43,5,404.57,367.79
43,6,496.82,451.65
43,7,400.84,364.40
43,8,409.03,371.84
43,9,416.50,378.64
43,10,515.47,468.61
43,10-1,544.09,494.62
43,11,431.35,392.14
43,12,391.31,355.73
43,13,266.52,242.29
43,14,531.99,483.63
43,15,661.58,601.44
43,15-1,705.93,641.76
43,16,783.20,712.00
43,16-1,741.86,674.42
43,17,757.87,688.97
43,18,119.90,109.00
43,19,172.59,156.90
43,20,153.90,139.90
43,21,44.03,40.03
43,22,126.31,114.83
43,24,365.06,331.87
43,25,333.15,302.86
43,25-1,394.57,358.70
43,26,334.94,304.49
43,27,211.39,192.18
43,28,169.60,154.19
43,29,341.97,310.88
43,30,116.29,105.72
43,31,163.50,148.64
43,32,404.32,367.56
43,32-1,323.24,293.86
43,33,202.71,184.28
43,34,165.99,150.90
43,35,56.58,51.44
43,36,204.38,185.80
43,37,197.78,179.80
43,38,297.49,270.45
43,39,372.61,338.74
43,40,376.91,342.64
43,43-1,63.61,57.83
43,43-2,36.10,32.82
43,44-1,221.52,201.38
43,49,808.46,734.96
43,50,724.64,658.76
43,51,817.18,742.89
43,52,822.75,747.96
43,52-1,868.01,789.10
43,52-2,902.53,820.48
43,53,783.52,712.30
43,54,709.79,645.27
43,55,727.18,661.07
43,56,33.69,30.63
43,57,1089.64,990.58
43,57-1,1024.60,931.45
43,58,1050.75,955.22
43,59,1034.73,940.66
43,59-1,1095.91,996.28
43,61,320.54,291.40
43,62,282.92,257.20
43,64,882.44,802.22
43,66,682.84,620.76
43,71,1407.18,1279.25
43,71-1,1300.64,1182.40
43,73,619.73,563.39
43,74,628.04,570.94
43,75,400.93,364.48
43,75-1,390.75,355.23
43,80,1694.39,1540.36
43,81,1328.89,1208.08
43,82,724.36,658.51
43,83,831.65,756.04
43,84,680.10,618.27
43,85,1403.07,1275.51
43,85-1,1735.08,1577.35
43,86,1648.77,1498.88
43,101,835.18,759.26
43,103,664.17,603.79
43,105-2,632.45,574.96
43,129,230.64,209.67
43,132,485.00,440.91
43,135,355.03,322.76
43,140,977.30,888.46
43,140-1,977.30,888.46
43,140-2,977.30,888.46
43,142,296.02,269.10
43,143,179.47,163.15
43,152-1,1258.77,1144.34
43,153,1219.31,1108.46
43,200,274.95,249.95
43,201,347.74,316.13
43,203,377.41,343.10
43,207,908.49,825.90
43,220,893.66,812.42
43,221,1032.60,938.73
43,222,943.30,857.54
43,223,1211.48,1101.35
43,300,779.35,708.50
43,301,849.73,772.48
43,302,1018.68,926.07
43,500,475.26,432.05
43,919,993.07,902.80
43,942,1481.02,1346.39
43,GATE,1146.59,1042.36
43-1,1,457.12,415.56
43-1,2,470.04,427.31
43-1,3,552.38,502.17
43-1,4,532.89,484.45
43-1,5,465.58,423.26
43-1,6,557.83,507.12
43-1,7,461.86,419.87
43-1,8,470.04,427.31
43-1,9,477.52,434.11
43-1,10,571.81,519.83
43-1,10-1,581.95,529.05
43-1,11,495.81,450.74
43-1,12,439.65,399.68
43-1,13,330.98,300.89
43-1,14,593.00,539.10
43-1,15,714.86,649.88
43-1,15-1,759.22,690.20
43-1,16,836.48,760.44
43-1,16-1,795.15,722.86
43-1,17,811.15,737.41
43-1,18,142.83,129.85
43-1,19,166.20,151.09
43-1,20,218.35,198.50
43-1,21,92.14,83.76
43-1,22,104.90,95.36
43-1,24,387.68,352.44
43-1,25,317.38,288.53
43-1,25-1,417.20,379.28
43-1,26,357.56,325.06
43-1,27,189.98,172.71
43-1,28,148.19,134.72
43-1,29,364.90,331.72
43-1,30,72.72,66.11
43-1,31,142.09,129.17
43-1,32,382.91,348.10
43-1,32-1,301.83,274.39
43-1,33,157.14,142.85
43-1,34,62.79,57.09
43-1,35,79.51,72.28
43-1,36,131.84,119.85
43-1,37,152.21,138.37
43-1,38,251.24,228.40
43-1,39,300.07,272.79
43-1,40,304.37,276.70
43-1,43,63.61,57.83
43-1,43-2,30.21,27.47
43-1,44-1,148.98,135.44
43-1,49,869.48,790.43
43-1,50,777.92,707.20
43-1,51,870.46,791.33
43-1,52,876.04,796.40
43-1,52-1,921.29,837.54
43-1,52-2,955.81,868.92
43-1,53,844.54,767.76
43-1,54,770.81,700.73
43-1,55,788.20,716.54
43-1,56,83.95,76.32
43-1,57,1142.92,1039.02
43-1,57-1,1077.88,979.89
43-1,58,1104.03,1003.66
43-1,59,1088.01,989.10
43-1,59-1,1149.20,1044.72
43-1,61,381.55,346.86
43-1,62,336.21,305.64
43-1,64,935.72,850.65
43-1,66,705.77,641.61
43-1,71,1460.46,1327.69
43-1,71-1,1353.92,1230.84
43-1,73,673.01,611.83
43-1,74,681.32,619.38
43-1,75,379.52,345.02
43-1,75-1,369.34,335.76
43-1,80,1747.68,1588.80
43-1,81,1382.17,1256.52
43-1,82,785.37,713.98
43-1,83,884.93,804.48
43-1,84,733.38,666.71
43-1,85,1456.35,1323.95
43-1,85-1,1788.36,1625.79
43-1,86,1702.05,1547.32
43-1,101,888.47,807.70
43-1,103,717.46,652.23
43-1,105-2,559.91,509.01
43-1,129,209.23,190.21
43-1,132,507.92,461.75
43-1,135,282.49,256.81
43-1,140,1030.59,936.90
43-1,140-1,1030.59,936.90
43-1,140-2,1030.59,936.90
43-1,142,318.94,289.95
43-1,143,202.40,184.00
43-1,152-1,1312.05,1192.78
43-1,153,1272.59,1156.90
43-1,200,253.54,230.49
43-1,201,326.33,296.66
43-1,203,356.00,323.63
43-1,207,961.77,874.34
43-1,220,946.94,860.86
43-1,221,1085.88,987.17
43-1,222,996.58,905.98
43-1,223,1264.76,1149.78
43-1,300,706.81,642.55
43-1,301,777.19,706.54
43-1,302,946.14,860.13
43-1,500,453.84,412.58
43-1,919,1030.94,937.22
43-1,942,1518.89,1380.81
43-1,GATE,1199.88,1090.80
43-2,1,429.61,390.55
43-2,2,442.53,402.30
43-2,3,524.87,477.16
43-2,4,505.38,459.44
43-2,5,438.07,398.25
43-2,6,530.32,482.11
43-2,7,434.35,394.86
43-2,8,442.53,402.30
43-2,9,450.01,409.10
43-2,10,548.97,499.07
43-2,10-1,588.39,534.90
43-2,11,476.43,433.12
43-2,12,436.38,396.71
43-2,13,311.60,283.27
43-2,14,565.49,514.09
43-2,15,690.94,628.13
43-2,15-1,735.30,668.45
43-2,16,812.56,738.69
43-2,16-1,771.23,701.11
43-2,17,787.23,715.66
43-2,18,149.27,135.70
43-2,19,201.96,183.60
43-2,20,198.97,180.88
43-2,21,98.57,89.61
43-2,22,80.97,73.61
43-2,24,363.76,330.69
43-2,25,293.46,266.78
43-2,25-1,393.28,357.53
43-2,26,333.64,303.31
43-2,27,166.06,150.96
43-2,28,124.27,112.97
43-2,29,371.33,337.57
43-2,30,72.64,66.04
43-2,31,118.17,107.43
43-2,32,358.98,326.35
43-2,32-1,277.91,252.64
43-2,33,157.06,142.78
43-2,34,122.53,111.39
43-2,35,85.95,78.13
43-2,36,170.86,155.33
43-2,37,152.13,138.30
43-2,38,251.85,228.95
43-2,39,339.09,308.26
43-2,40,343.39,312.17
43-2,43,36.10,32.82
43-2,43-1,30.21,27.47
43-2,44-1,188.00,170.91
43-2,49,841.96,765.42
43-2,50,754.00,685.46
43-2,51,846.54,769.58
43-2,52,852.11,774.65
43-2,52-1,897.37,815.79
43-2,52-2,931.89,847.17
43-2,53,817.03,742.75
43-2,54,743.30,675.72
43-2,55,760.68,691.53
43-2,56,56.44,51.31
43-2,57,1119.00,1017.27
43-2,57-1,1053.96,958.14
43-2,58,1080.11,981.91
43-2,59,1064.09,967.35
43-2,59-1,1125.27,1022.98
43-2,61,354.04,321.85
43-2,62,312.29,283.90
43-2,64,911.80,828.91
43-2,66,712.20,647.46
43-2,71,1436.54,1305.94
43-2,71-1,1330.00,1209.09
43-2,73,649.09,590.08
43-2,74,657.40,597.63
43-2,75,355.60,323.27
43-2,75-1,345.42,314.01
43-2,80,1723.75,1567.05
43-2,81,1358.25,1234.77
43-2,82,757.86,688.97
43-2,83,861.01,782.73
43-2,84,709.46,644.96
43-2,85,1432.43,1302.21
43-2,85-1,1764.44,1604.04
43-2,86,1678.13,1525.57
43-2,101,864.55,785.95
43-2,103,693.53,630.48
43-2,105-2,598.93,544.49
43-2,129,185.31,168.46
43-2,132,514.36,467.60
43-2,135,321.52,292.29
43-2,140,1006.66,915.15
43-2,140-1,1006.66,915.15
43-2,140-2,1006.66,915.15
43-2,142,325.38,295.80
43-2,143,208.83,189.85
43-2,152-1,1288.13,1171.03
43-2,153,1248.67,1135.15
43-2,200,229.62,208.74
43-2,201,302.40,274.91
43-2,203,332.08,301.89
43-2,207,937.85,852.59
43-2,220,923.02,839.11
43-2,221,1061.96,965.42
43-2,222,972.66,884.23
43-2,223,1240.84,1128.04
43-2,300,745.83,678.03
43-2,301,816.21,742.01
43-2,302,985.16,895.60
43-2,500,429.92,390.84
43-2,919,1037.38,943.07
43-2,942,1525.33,1386.66
43-2,GATE,1175.96,1069.05
44-1,1,615.03,559.12
44-1,2,627.95,570.87
44-1,3,710.29,645.72
44-1,4,690.80,628.00
44-1,5,623.49,566.81
44-1,6,715.74,650.67
44-1,7,619.77,563.43
44-1,8,627.95,570.86
44-1,9,619.55,563.22
44-1,10,687.92,625.38
44-1,10-1,698.07,634.61
44-1,11,631.59,574.18
44-1,12,555.76,505.24
44-1,13,449.86,408.97
44-1,14,750.91,682.65
44-1,15,880.50,800.46
44-1,15-1,924.86,840.78
44-1,16,1002.12,911.02
44-1,16-1,960.79,873.45
44-1,17,976.79,887.99
44-1,18,168.21,152.92
44-1,19,95.84,87.13
44-1,20,341.06,310.05
44-1,21,239.21,217.47
44-1,22,279.66,254.24
44-1,24,562.45,511.32
44-1,25,492.15,447.41
44-1,25-1,591.97,538.16
44-1,26,532.33,483.94
44-1,27,364.75,331.59
44-1,28,322.96,293.60
44-1,29,464.25,422.04
44-1,30,215.45,195.86
44-1,31,316.86,288.05
44-1,32,290.82,264.39
44-1,32-1,260.53,236.84
44-1,33,207.93,189.03
44-1,34,54.16,49.24
44-1,35,85.91,78.10
44-1,36,20.41,18.55
44-1,37,109.97,99.97
44-1,38,105.63,96.02
44-1,39,62.52,56.84
44-1,40,158.75,144.32
44-1,43,221.52,201.38
44-1,43-1,148.98,135.44
44-1,43-2,188.00,170.91
44-1,49,1027.38,933.99
44-1,50,943.57,857.79
44-1,51,1036.11,941.92
44-1,52,1041.68,946.98
44-1,52-1,1086.94,988.12
44-1,52-2,1121.45,1019.50
44-1,53,1002.45,911.32
44-1,54,928.72,844.29
44-1,55,946.10,860.10
44-1,56,241.86,219.87
44-1,57,1308.56,1189.60
44-1,57-1,1243.52,1130.48
44-1,58,1269.67,1154.25
44-1,59,1253.65,1139.68
44-1,59-1,1314.84,1195.31
44-1,61,539.46,490.42
44-1,62,501.85,456.23
44-1,64,1101.36,1001.24
44-1,66,800.35,727.59
44-1,71,1626.10,1478.27
44-1,71-1,1519.56,1381.42
44-1,73,838.66,762.41
44-1,74,846.96,769.97
44-1,75,321.88,292.62
44-1,75-1,391.00,355.45
44-1,80,1913.32,1739.38
44-1,81,1547.81,1407.10
44-1,82,943.28,857.53
44-1,83,1050.57,955.07
44-1,84,899.02,817.30
44-1,85,1621.99,1474.54
44-1,85-1,1954.01,1776.37
44-1,86,1867.69,1697.90
44-1,101,1054.11,958.28
44-1,103,883.10,802.82
44-1,105-2,414.29,376.63
44-1,129,384.00,349.09
44-1,132,500.18,454.71
44-1,135,95.18,86.53
44-1,140,1196.23,1087.48
44-1,140-1,1196.23,1087.48
44-1,140-2,1196.23,1087.48
44-1,142,418.29,380.27
44-1,143,318.51,289.56
44-1,152-1,1477.70,1343.36
44-1,153,1438.23,1307.48
44-1,200,422.97,384.52
44-1,201,419.27,381.15
44-1,203,530.77,482.51
44-1,207,1127.42,1024.92
44-1,220,1112.59,1011.44
44-1,221,1251.53,1137.75
44-1,222,1162.22,1056.56
44-1,223,1430.41,1300.37
44-1,300,561.19,510.17
44-1,301,631.57,574.16
44-1,302,800.52,727.75
44-1,500,628.61,571.46
44-1,919,1147.05,1042.78
44-1,942,1635.00,1486.37
44-1,GATE,1365.52,1241.38
49,1,399.79,363.45
49,2,351.83,319.85
49,3,276.79,251.63
49,4,282.65,256.95
49,5,315.55,286.86
49,6,342.21,311.10
49,7,380.79,346.18
49,8,434.73,395.21
49,9,431.66,392.41
49,10,453.79,412.54
49,10-1,494.19,449.26
49,11,497.41,452.19
49,12,525.10,477.36
49,13,540.16,491.05
49,14,373.38,339.44
49,15,260.21,236.56
49,15-1,401.90,365.36
49,16,349.03,317.30
49,16-1,339.14,308.30
49,17,253.74,230.68
49,18,896.19,814.72
49,19,948.88,862.62
49,20,613.26,557.51
49,21,797.71,725.19
49,22,704.86,640.78
49,24,571.30,519.36
49,25,645.81,587.10
49,25-1,674.78,613.44
49,26,681.24,619.31
49,27,781.37,710.33
49,28,822.64,747.85
49,29,1118.26,1016.60
49,30,897.37,815.79
49,31,864.13,785.57
49,32,1043.42,948.57
49,32-1,1023.87,930.79
49,33,983.79,894.35
49,34,949.26,862.96
49,35,838.68,762.44
49,36,1010.24,918.40
49,37,978.86,889.87
49,38,1078.57,980.52
49,39,1178.47,1071.34
49,40,1182.77,1075.25
49,43,808.46,734.96
49,43-1,869.48,790.43
49,43-2,841.96,765.42
49,44-1,1027.38,933.99
49,50,168.51,153.19
49,51,149.04,135.49
49,52,77.44,70.40
49,52-1,77.44,70.40
49,52-2,144.03,130.94
49,53,34.68,31.53
49,54,62.89,57.17
49,55,123.43,112.21
49,56,735.97,669.06
49,57,278.93,253.58
49,57-1,213.90,194.45
49,58,328.24,298.40
49,59,224.02,203.66
49,59-1,285.21,259.28
49,61,428.63,389.66
49,62,508.23,462.03
49,64,676.43,614.93
49,66,1243.39,1130.36
49,71,654.00,594.55
49,71-1,624.20,567.45
49,73,410.93,373.57
49,74,141.24,128.40
49,75,1040.04,945.49
49,75-1,1029.85,936.23
49,80,1044.54,949.58
49,81,518.18,471.08
49,82,88.28,80.25
49,83,258.90,235.36
49,84,225.25,204.77
49,85,592.36,538.51
49,85-1,1085.23,986.57
49,86,998.91,908.10
49,101,526.14,478.31
49,103,458.29,416.62
49,105-2,1412.92,1284.47
49,129,900.12,818.29
49,132,1261.28,1146.62
49,135,1160.90,1055.36
49,140,52.48,47.71
49,140-1,52.48,47.71
49,140-2,52.48,47.71
49,142,1072.30,974.82
49,143,709.87,645.33
49,152-1,647.78,588.89
49,153,608.32,553.01
49,200,816.09,741.90
49,201,986.84,897.13
49,203,821.89,747.17
49,207,142.93,129.94
49,220,84.17,76.52
49,221,221.90,201.73
49,222,132.59,120.54
49,223,400.78,364.34
49,300,1585.21,1441.10
49,301,1655.59,1505.08
49,302,1824.54,1658.68
49,500,865.54,786.85
49,919,740.80,673.45
49,942,1228.75,1117.05
49,GATE,758.15,689.22
50,1,289.41,263.10
50,2,282.48,256.80
50,3,258.81,235.29
50,4,264.67,240.61
50,5,297.57,270.52
50,6,324.23,294.75
50,7,362.82,329.83
50,8,393.77,357.97
50,9,413.68,376.07
50,10,435.82,396.20
50,10-1,476.21,432.92
50,11,479.43,435.85
50,12,480.08,436.44
50,13,495.14,450.12
50,14,355.40,323.09
50,15,54.94,49.94
50,15-1,196.62,178.75
50,16,143.76,130.69
50,16-1,133.86,121.69
50,17,48.47,44.06
50,18,831.38,755.80
50,19,884.07,803.70
50,20,548.45,498.59
50,21,719.43,654.03
50,22,600.37,545.79
50,24,438.26,398.42
50,25,512.77,466.15
50,25-1,541.74,492.49
50,26,548.20,498.36
50,27,648.33,589.39
50,28,689.60,626.91
50,29,1053.45,957.68
50,30,792.89,720.81
50,31,759.65,690.59
50,32,910.38,827.62
50,32-1,905.63,823.30
50,33,879.30,799.37
50,34,844.78,767.98
50,35,769.19,699.26
50,36,926.42,842.20
50,37,874.37,794.88
50,38,974.09,885.54
50,39,1094.65,995.14
50,40,1092.77,993.42
50,43,724.64,658.76
50,43-1,777.92,707.20
50,43-2,754.00,685.46
50,44-1,943.57,857.79
50,49,168.51,153.19
50,51,52.95,48.13
50,52,82.23,74.76
50,52-1,124.08,112.80
50,52-2,135.35,123.04
50,53,105.18,95.61
50,54,56.97,51.79
50,55,38.34,34.86
50,56,637.72,579.75
50,57,337.71,307.01
50,57-1,272.67,247.89
50,58,273.57,248.70
50,59,282.80,257.09
50,59-1,343.99,312.72
50,61,383.61,348.74
50,62,420.52,382.29
50,64,471.15,428.32
50,66,1225.42,1114.01
50,71,630.00,572.72
50,71-1,523.46,475.87
50,73,205.65,186.96
50,74,86.58,78.71
50,75,907.00,824.54
50,75-1,896.82,815.29
50,80,917.21,833.83
50,81,599.39,544.90
50,82,181.42,164.92
50,83,59.40,54.00
50,84,45.49,41.35
50,85,673.57,612.34
50,85-1,957.90,870.82
50,86,871.59,792.35
50,101,320.87,291.70
50,103,253.01,230.01
50,105-2,1354.50,1231.36
50,129,767.08,697.35
50,132,1196.48,1087.71
50,135,1077.08,979.16
50,140,247.81,225.28
50,140-1,247.81,225.28
50,140-2,247.81,225.28
50,142,1007.50,915.91
50,143,645.06,586.42
50,152-1,481.59,437.81
50,153,442.13,401.93
50,200,683.05,620.95
50,201,853.80,776.19
50,203,688.85,626.22
50,207,140.97,128.16
50,220,164.16,149.24
50,221,303.10,275.55
50,222,191.37,173.97
50,223,481.98,438.17
50,300,1501.39,1364.90
50,301,1571.77,1428.89
50,302,1740.73,1582.48
50,500,732.50,665.91
50,919,722.82,657.11
50,942,1210.77,1100.70
50,GATE,536.28,487.53
51,1,381.95,347.23
51,2,375.02,340.92
51,3,343.51,312.28
51,4,349.36,317.60
51,5,382.27,347.51
51,6,408.92,371.75
51,7,447.51,406.83
51,8,486.31,442.10
51,9,498.37,453.07
51,10,520.51,473.19
51,10-1,560.91,509.92
51,11,564.12,512.84
51,12,572.62,520.56
51,13,587.68,534.25
51,14,440.10,400.09
51,15,152.35,138.50
51,15-1,290.27,263.88
51,16,157.27,142.97
51,16-1,227.51,206.83
51,17,126.12,114.65
51,18,923.92,839.93
51,19,976.61,887.83
51,20,640.99,582.72
51,21,811.97,738.16
51,22,692.91,629.92
51,24,530.80,482.55
51,25,605.31,550.28
51,25-1,634.28,576.62
51,26,640.74,582.49
51,27,740.87,673.52
51,28,782.14,711.04
51,29,1145.99,1041.81
51,30,885.43,804.94
51,31,852.19,774.72
51,32,1002.93,911.75
51,32-1,998.17,907.43
51,33,971.84,883.49
51,34,937.32,852.11
51,35,861.73,783.39
51,36,1018.96,926.33
51,37,966.91,879.01
51,38,1066.63,969.66
51,39,1187.19,1079.27
51,40,1185.31,1077.55
51,43,817.18,742.89
51,43-1,870.46,791.33
51,43-2,846.54,769.58
51,44-1,1036.11,941.92
51,49,149.04,135.49
51,50,52.95,48.13
51,52,27.01,24.55
51,52-1,25.49,23.17
51,52-2,44.21,40.19
51,53,85.32,77.56
51,54,83.43,75.84
51,55,117.74,107.04
51,56,730.26,663.87
51,57,245.74,223.40
51,57-1,180.70,164.27
51,58,251.36,228.51
51,59,190.82,173.48
51,59-1,252.01,229.10
51,61,476.15,432.86
51,62,513.06,466.42
51,64,551.63,501.48
51,66,1310.11,1191.01
51,71,607.79,552.53
51,71-1,501.25,455.68
51,73,299.31,272.10
51,74,179.12,162.84
51,75,999.54,908.67
51,75-1,989.36,899.41
51,80,895.00,813.64
51,81,545.45,495.87
51,82,266.11,241.92
51,83,55.73,50.66
51,84,142.24,129.31
51,85,619.63,563.30
51,85-1,935.69,850.63
51,86,849.38,772.17
51,101,341.24,310.22
51,103,346.66,315.15
51,105-2,1447.04,1315.49
51,129,859.62,781.48
51,132,1289.02,1171.83
51,135,1169.62,1063.29
51,140,201.65,183.32
51,140-1,201.65,183.32
51,140-2,201.65,183.32
51,142,1100.04,1000.03
51,143,737.60,670.55
51,152-1,459.38,417.62
51,153,419.92,381.75
51,200,775.59,705.08
51,201,946.35,860.31
51,203,781.39,710.35
51,207,49.98,45.44
51,220,103.94,94.49
51,221,249.17,226.52
51,222,99.39,90.36
51,223,428.05,389.13
51,300,1593.94,1449.03
51,301,1664.32,1513.01
51,302,1833.27,1666.61
51,500,825.04,750.03
51,919,807.52,734.11
51,942,1295.47,1177.70
51,GATE,540.40,491.27
52,1,387.52,352.30
52,2,380.59,345.99
52,3,338.51,307.73
52,4,344.36,313.06
52,5,377.27,342.97
52,6,403.92,367.20
52,7,442.51,402.28
52,8,491.89,447.17
52,9,493.37,448.52
52,10,515.51,468.65
52,10-1,555.91,505.37
52,11,559.12,508.29
52,12,578.19,525.63
52,13,593.25,539.32
52,14,435.10,395.54
52,15,176.76,160.69
52,15-1,318.45,289.50
52,16,212.66,193.33
52,16-1,255.69,232.44
52,17,170.30,154.81
52,18,929.50,845.00
52,19,982.19,892.90
52,20,646.56,587.79
52,21,817.55,743.22
52,22,698.49,634.99
52,24,536.38,487.61
52,25,610.88,555.35
52,25-1,639.85,581.69
52,26,646.31,587.55
52,27,746.44,678.58
52,28,787.71,716.10
52,29,1151.56,1046.87
52,30,891.00,810.00
52,31,857.76,779.78
52,32,1008.50,916.82
52,32-1,1003.74,912.49
52,33,977.41,888.56
52,34,942.89,857.17
52,35,867.30,788.46
52,36,1024.53,931.39
52,37,972.49,884.08
52,38,1072.20,974.73
52,39,1192.77,1084.33
52,40,1190.88,1082.62
52,43,822.75,747.96
52,43-1,876.04,796.40
52,43-2,852.11,774.65
52,44-1,1041.68,946.98
52,49,77.44,70.40
52,50,82.23,74.76
52,51,27.01,24.55
52,52-1,5.03,4.58
52,52-2,46.17,41.97
52,53,36.00,32.72
52,54,78.43,71.30
52,55,118.30,107.54
52,56,735.83,668.94
52,57,192.40,174.91
52,57-1,135.92,123.56
52,58,241.70,219.73
52,59,137.05,124.59
52,59-1,198.68,180.62
52,61,481.72,437.93
52,62,518.63,471.48
52,64,592.98,539.07
52,66,1305.11,1186.46
52,71,578.58,525.98
52,71-1,548.77,498.88
52,73,327.48,297.71
52,74,184.70,167.91
52,75,1005.11,913.74
52,75-1,994.93,904.48
52,80,950.40,864.00
52,81,442.76,402.51
52,82,205.66,186.97
52,83,115.53,105.03
52,84,147.81,134.37
52,85,516.94,469.94
52,85-1,991.09,900.99
52,86,904.78,822.53
52,101,416.43,378.58
52,103,374.84,340.76
52,105-2,1452.61,1320.55
52,129,865.20,786.54
52,132,1294.59,1176.90
52,135,1175.19,1068.36
52,140,98.96,89.96
52,140-1,98.96,89.96
52,140-2,98.96,89.96
52,142,1105.61,1005.10
52,143,743.17,675.61
52,152-1,514.78,467.98
52,153,475.32,432.11
52,200,781.16,710.15
52,201,951.92,865.38
52,203,786.96,715.42
52,207,56.81,51.64
52,220,12.95,11.77
52,221,146.47,133.16
52,222,54.61,49.65
52,223,325.35,295.78
52,300,1599.51,1454.10
52,301,1669.89,1518.08
52,302,1838.84,1671.67
52,500,830.61,755.10
52,919,802.52,729.56
52,942,1290.47,1173.15
52,GATE,615.59,559.63
52-1,1,432.78,393.44
52-1,2,425.85,387.13
52-1,3,378.49,344.08
52-1,4,384.34,349.40
52-1,5,417.25,379.31
52-1,6,443.90,403.55
52-1,7,482.49,438.63
52-1,8,536.43,487.66
52-1,9,533.35,484.87
52-1,10,555.49,504.99
52-1,10-1,595.89,541.72
52-1,11,599.10,544.64
52-1,12,623.45,566.77
52-1,13,638.51,580.46
52-1,14,475.08,431.89
52-1,15,222.02,201.84
52-1,15-1,361.59,328.72
52-1,16,208.79,189.81
52-1,16-1,298.83,271.66
52-1,17,197.43,179.48
52-1,18,974.75,886.14
52-1,19,1027.44,934.04
52-1,20,691.82,628.93
52-1,21,862.80,784.37
52-1,22,743.74,676.13
52-1,24,581.63,528.76
52-1,25,656.14,596.49
52-1,25-1,685.11,622.83
52-1,26,691.57,628.70
52-1,27,791.70,719.73
52-1,28,832.97,757.25
52-1,29,1196.82,1088.02
52-1,30,936.26,851.15
52-1,31,903.02,820.92
52-1,32,1053.76,957.96
52-1,32-1,1049.00,953.64
52-1,33,1022.67,929.70
52-1,34,988.15,898.31
52-1,35,912.56,829.60
52-1,36,1069.79,972.54
52-1,37,1017.74,925.22
52-1,38,1117.46,1015.87
52-1,39,1238.02,1125.48
52-1,40,1236.14,1123.76
52-1,43,868.01,789.10
52-1,43-1,921.29,837.54
52-1,43-2,897.37,815.79
52-1,44-1,1086.94,988.12
52-1,49,77.44,70.40
52-1,50,124.08,112.80
52-1,51,25.49,23.17
52-1,52,5.03,4.58
52-1,52-2,45.39,41.26
52-1,53,57.14,51.95
52-1,54,123.68,112.44
52-1,55,163.55,148.68
52-1,56,781.09,710.08
52-1,57,192.40,174.91
52-1,57-1,135.92,123.56
52-1,58,241.70,219.73
52-1,59,137.05,124.59
52-1,59-1,198.68,180.62
52-1,61,526.98,479.07
52-1,62,563.89,512.62
52-1,64,622.95,566.32
52-1,66,1345.09,1222.81
52-1,71,578.58,525.98
52-1,71-1,548.77,498.88
52-1,73,370.62,336.93
52-1,74,229.95,209.05
52-1,75,1050.37,954.88
52-1,75-1,1040.19,945.62
52-1,80,946.52,860.48
52-1,81,442.76,402.51
52-1,82,231.34,210.31
52-1,83,111.65,101.50
52-1,84,193.07,175.52
52-1,85,516.94,469.94
52-1,85-1,987.21,897.47
52-1,86,900.90,819.00
52-1,101,412.56,375.05
52-1,103,417.98,379.98
52-1,105-2,1497.87,1361.70
52-1,129,910.45,827.68
52-1,132,1339.85,1218.04
52-1,135,1220.45,1109.50
52-1,140,98.96,89.96
52-1,140-1,98.96,89.96
52-1,140-2,98.96,89.96
52-1,142,1150.87,1046.24
52-1,143,788.43,716.75
52-1,152-1,510.90,464.46
52-1,153,471.44,428.58
52-1,200,826.42,751.29
52-1,201,997.18,906.52
52-1,203,832.22,756.56
52-1,207,48.83,44.39
52-1,220,12.95,11.77
52-1,221,146.47,133.16
52-1,222,54.61,49.65
52-1,223,325.35,295.78
52-1,300,1644.77,1495.24
52-1,301,1715.15,1559.22
52-1,302,1884.10,1712.81
52-1,500,875.87,796.24
52-1,919,842.50,765.91
52-1,942,1330.45,1209.50
52-1,GATE,611.71,556.10
52-2,1,467.30,424.81
52-2,2,460.36,418.51
52-2,3,418.28,380.25
52-2,4,424.14,385.58
52-2,5,457.04,415.49
52-2,6,483.69,439.72
52-2,7,522.28,474.80
52-2,8,571.66,519.69
52-2,9,573.14,521.04
52-2,10,595.28,541.16
52-2,10-1,635.68,577.89
52-2,11,638.90,580.81
52-2,12,657.96,598.15
52-2,13,673.02,611.84
52-2,14,514.87,468.06
52-2,15,234.94,213.58
52-2,15-1,372.86,338.96
52-2,16,220.06,200.05
52-2,16-1,310.10,281.91
52-2,17,208.70,189.73
52-2,18,1009.27,917.52
52-2,19,1061.96,965.42
52-2,20,726.34,660.30
52-2,21,897.32,815.74
52-2,22,778.26,707.51
52-2,24,616.15,560.13
52-2,25,690.65,627.87
52-2,25-1,719.62,654.20
52-2,26,726.08,660.07
52-2,27,826.21,751.10
52-2,28,867.48,788.62
52-2,29,1231.33,1119.39
52-2,30,970.77,882.52
52-2,31,937.53,852.30
52-2,32,1088.27,989.34
52-2,32-1,1083.51,985.01
52-2,33,1057.19,961.08
52-2,34,1022.66,929.69
52-2,35,947.07,860.98
52-2,36,1104.30,1003.91
52-2,37,1052.26,956.60
52-2,38,1151.97,1047.25
52-2,39,1272.54,1156.85
52-2,40,1270.65,1155.14
52-2,43,902.53,820.48
52-2,43-1,955.81,868.92
52-2,43-2,931.89,847.17
52-2,44-1,1121.45,1019.50
52-2,49,144.03,130.94
52-2,50,135.35,123.04
52-2,51,44.21,40.19
52-2,52,46.17,41.97
52-2,52-1,45.39,41.26
52-2,53,123.79,112.54
52-2,54,158.20,143.82
52-2,55,198.07,180.06
52-2,56,815.60,741.46
52-2,57,148.48,134.98
52-2,57-1,132.49,120.44
52-2,58,197.78,179.80
52-2,59,93.12,84.66
52-2,59-1,154.75,140.69
52-2,61,561.49,510.45
52-2,62,598.40,544.00
52-2,64,634.22,576.56
52-2,66,1384.88,1258.98
52-2,71,645.96,587.24
52-2,71-1,540.84,491.67
52-2,73,381.89,347.17
52-2,74,264.47,240.42
52-2,75,1084.88,986.26
52-2,75-1,1074.70,977.00
52-2,80,934.59,849.63
52-2,81,510.14,463.77
52-2,82,297.99,270.90
52-2,83,122.92,111.75
52-2,84,227.58,206.89
52-2,85,584.32,531.20
52-2,85-1,975.28,886.62
52-2,86,888.97,808.15
52-2,101,423.83,385.30
52-2,103,429.25,390.22
52-2,105-2,1532.38,1393.07
52-2,129,944.97,859.06
52-2,132,1374.36,1249.42
52-2,135,1254.96,1140.88
52-2,140,166.34,151.22
52-2,140-1,166.34,151.22
52-2,140-2,166.34,151.22
52-2,142,1185.38,1077.62
52-2,143,822.94,748.13
52-2,152-1,498.97,453.61
52-2,153,459.51,417.73
52-2,200,860.93,782.67
52-2,201,1031.69,937.90
52-2,203,866.73,787.94
52-2,207,41.43,37.66
52-2,220,68.63,62.39
52-2,221,213.86,194.41
52-2,222,43.40,39.46
52-2,223,392.74,357.03
52-2,300,1679.28,1526.62
52-2,301,1749.66,1590.60
52-2,302,1918.61,1744.19
52-2,500,910.38,827.62
52-2,919,882.29,802.08
52-2,942,1370.24,1245.67
52-2,GATE,609.34,553.94
53,1,374.86,340.78
53,2,326.90,297.18
53,3,251.86,228.96
53,4,257.71,234.29
53,5,290.62,264.20
53,6,317.27,288.43
53,7,355.86,323.51
53,8,409.79,372.54
53,9,406.72,369.75
53,10,428.86,389.87
53,10-1,469.26,426.60
53,11,472.47,429.52
53,12,500.16,454.70
53,13,515.22,468.39
53,14,348.45,316.77
53,15,191.68,174.25
53,15-1,333.36,303.06
53,16,280.50,255.00
53,16-1,270.60,246.00
53,17,185.21,168.37
53,18,871.26,792.05
53,19,923.95,839.95
53,20,588.32,534.84
53,21,772.77,702.52
53,22,679.92,618.11
53,24,543.09,493.72
53,25,617.60,561.46
53,25-1,646.57,587.79
53,26,653.03,593.66
53,27,753.16,684.69
53,28,794.43,722.21
53,29,1093.32,993.93
53,30,872.44,793.13
53,31,839.20,762.91
53,32,1015.22,922.92
53,32-1,998.93,908.12
53,33,958.85,871.68
53,34,924.33,840.30
53,35,813.75,739.77
53,36,985.30,895.73
53,37,953.92,867.20
53,38,1053.64,957.85
53,39,1153.54,1048.67
53,40,1157.84,1052.58
53,43,783.52,712.30
53,43-1,844.54,767.76
53,43-2,817.03,742.75
53,44-1,1002.45,911.32
53,49,34.68,31.53
53,50,105.18,95.61
53,51,85.32,77.56
53,52,36.00,32.72
53,52-1,57.14,51.95
53,52-2,123.79,112.54
53,54,36.82,33.48
53,55,73.94,67.22
53,56,711.03,646.39
53,57,258.70,235.18
53,57-1,193.66,176.05
53,58,308.00,280.00
53,59,203.79,185.26
53,59-1,264.97,240.88
53,61,403.70,367.00
53,62,483.30,439.36
53,64,607.89,552.63
53,66,1218.46,1107.69
53,71,633.76,576.15
53,71-1,603.96,549.05
53,73,342.40,311.27
53,74,116.30,105.73
53,75,1011.83,919.85
53,75-1,1001.65,910.59
53,80,1024.30,931.18
53,81,497.95,452.68
53,82,105.12,95.57
53,83,223.19,202.90
53,84,162.72,147.93
53,85,572.13,520.12
53,85-1,1064.99,968.17
53,86,978.68,889.71
53,101,457.61,416.01
53,103,389.75,354.32
53,105-2,1387.98,1261.80
53,129,871.92,792.65
53,132,1236.35,1123.95
53,135,1135.96,1032.69
53,140,125.44,114.04
53,140-1,125.44,114.04
53,140-2,125.44,114.04
53,142,1047.37,952.15
53,143,684.93,622.67
53,152-1,622.44,565.86
53,153,582.98,529.98
53,200,787.88,716.26
53,201,958.64,871.49
53,203,793.68,721.53
53,207,122.69,111.54
53,220,62.72,57.02
53,221,201.66,183.33
53,222,112.36,102.14
53,223,380.54,345.95
53,300,1560.28,1418.44
53,301,1630.66,1482.42
53,302,1799.61,1636.01
53,500,837.33,761.21
53,919,715.87,650.79
53,942,1203.82,1094.38
53,GATE,713.56,648.69
54,1,301.12,273.75
54,2,253.16,230.15
54,3,178.12,161.93
54,4,183.98,167.26
54,5,216.88,197.17
54,6,243.54,221.40
54,7,282.13,256.48
54,8,336.06,305.51
54,9,332.99,302.72
54,10,355.13,322.84
54,10-1,395.52,359.57
54,11,398.74,362.49
54,12,426.43,387.67
54,13,441.49,401.36
54,14,274.71,249.74
54,15,132.77,120.70
54,15-1,274.46,249.51
54,16,221.59,201.45
54,16-1,211.69,192.45
54,17,126.30,114.82
54,18,797.52,725.02
54,19,850.21,772.92
54,20,514.59,467.81
54,21,699.04,635.49
54,22,606.19,551.08
54,24,472.63,429.67
54,25,547.14,497.40
54,25-1,576.11,523.74
54,26,582.57,529.61
54,27,682.70,620.64
54,28,723.97,658.16
54,29,1019.59,926.90
54,30,798.71,726.10
54,31,765.46,695.88
54,32,944.76,858.87
54,32-1,925.20,841.09
54,33,885.12,804.65
54,34,850.59,773.27
54,35,740.02,672.74
54,36,911.57,828.70
54,37,880.19,800.17
54,38,979.91,890.82
54,39,1079.80,981.64
54,40,1084.10,985.55
54,43,709.79,645.27
54,43-1,770.81,700.73
54,43-2,743.30,675.72
54,44-1,928.72,844.29
54,49,62.89,57.17
54,50,56.97,51.79
54,51,83.43,75.84
54,52,78.43,71.30
54,52-1,123.68,112.44
54,52-2,158.20,143.82
54,53,36.82,33.48
54,55,29.58,26.89
54,56,637.30,579.36
54,57,343.07,311.88
54,57-1,278.03,252.76
54,58,390.15,354.68
54,59,288.16,261.96
54,59-1,349.35,317.59
54,61,329.96,299.97
54,62,409.56,372.33
54,64,548.99,499.08
54,66,1144.73,1040.66
54,71,718.14,652.85
54,71-1,640.04,581.85
54,73,283.49,257.72
54,74,42.57,38.70
54,75,941.37,855.79
54,75-1,931.19,846.53
54,80,1033.79,939.81
54,81,582.32,529.38
54,82,100.72,91.57
54,83,192.25,174.77
54,84,103.82,94.38
54,85,656.50,596.82
54,85-1,1074.48,976.80
54,86,988.17,898.34
54,101,398.70,362.45
54,103,330.84,300.77
54,105-2,1314.25,1194.77
54,129,801.45,728.60
54,132,1162.62,1056.92
54,135,1062.23,965.66
54,140,230.74,209.76
54,140-1,230.74,209.76
54,140-2,230.74,209.76
54,142,973.64,885.12
54,143,611.20,555.64
54,152-1,598.17,543.79
54,153,558.71,507.92
54,200,717.42,652.20
54,201,888.18,807.43
54,203,723.22,657.47
54,207,164.16,149.24
54,220,147.09,133.72
54,221,286.03,260.03
54,222,196.73,178.84
54,223,464.91,422.65
54,300,1486.55,1351.41
54,301,1556.93,1415.39
54,302,1725.88,1568.98
54,500,766.87,697.15
54,919,642.13,583.76
54,942,1130.08,1027.35
54,GATE,676.92,615.38
55,1,304.32,276.65
55,2,270.55,245.96
55,3,195.51,177.74
55,4,201.37,183.06
55,5,234.27,212.97
55,6,260.93,237.21
55,7,299.51,272.28
55,8,353.45,321.32
55,9,350.38,318.52
55,10,372.51,338.65
55,10-1,412.91,375.37
55,11,416.13,378.30
55,12,443.82,403.47
55,13,458.88,417.16
55,14,292.10,265.55
55,15,112.72,102.47
55,15-1,254.41,231.28
55,16,201.54,183.22
55,16-1,191.64,174.22
55,17,106.25,96.59
55,18,814.91,740.83
55,19,867.60,788.73
55,20,531.98,483.62
55,21,716.43,651.30
55,22,615.28,559.35
55,24,453.17,411.97
55,25,527.68,479.71
55,25-1,556.65,506.04
55,26,563.10,511.91
55,27,663.24,602.94
55,28,704.51,640.46
55,29,1036.98,942.71
55,30,807.80,734.36
55,31,774.55,704.14
55,32,925.29,841.18
55,32-1,920.54,836.85
55,33,894.21,812.92
55,34,859.68,781.53
55,35,757.40,688.55
55,36,928.96,844.51
55,37,889.28,808.44
55,38,989.00,899.09
55,39,1097.19,997.45
55,40,1101.49,1001.36
55,43,727.18,661.07
55,43-1,788.20,716.54
55,43-2,760.68,691.53
55,44-1,946.10,860.10
55,49,123.43,112.21
55,50,38.34,34.86
55,51,117.74,107.04
55,52,118.30,107.54
55,52-1,163.55,148.68
55,52-2,198.07,180.06
55,53,73.94,67.22
55,54,29.58,26.89
55,56,652.63,593.30
55,57,382.94,348.13
55,57-1,317.90,289.00
55,58,380.99,346.35
55,59,328.03,298.21
55,59-1,389.21,353.83
55,61,347.35,315.77
55,62,426.95,388.14
55,64,528.93,480.85
55,66,1162.11,1056.47
55,71,737.42,670.38
55,71-1,630.88,573.53
55,73,263.44,239.49
55,74,51.57,46.88
55,75,921.91,838.10
55,75-1,911.72,828.84
55,80,1024.63,931.49
55,81,622.19,565.63
55,82,118.11,107.37
55,83,180.03,163.66
55,84,72.87,66.25
55,85,696.37,633.06
55,85-1,1065.32,968.48
55,86,979.01,890.01
55,101,378.65,344.23
55,103,310.79,282.54
55,105-2,1331.64,1210.58
55,129,781.99,710.90
55,132,1180.00,1072.73
55,135,1079.62,981.47
55,140,270.61,246.01
55,140-1,270.61,246.01
55,140-2,270.61,246.01
55,142,991.02,900.93
55,143,628.59,571.44
55,152-1,589.01,535.47
55,153,549.55,499.59
55,200,697.96,634.51
55,201,868.71,789.74
55,203,703.76,639.78
55,207,204.03,185.48
55,220,186.96,169.97
55,221,325.90,296.27
55,222,236.60,215.09
55,223,504.78,458.89
55,300,1503.93,1367.21
55,301,1574.31,1431.19
55,302,1743.26,1584.79
55,500,747.40,679.46
55,919,659.52,599.56
55,942,1147.47,1043.15
55,GATE,656.91,597.19
56,1,323.61,294.19
56,2,336.54,305.94
56,3,418.87,380.80
56,4,399.38,363.08
56,5,332.07,301.88
56,6,424.32,385.75
56,7,328.35,298.50
56,8,336.53,305.94
56,9,344.01,312.74
56,10,442.97,402.70
56,10-1,497.94,452.67
56,11,385.21,350.19
56,12,345.16,313.78
56,13,220.38,200.35
56,14,459.50,417.72
56,15,574.66,522.42
56,15-1,619.01,562.74
56,16,696.28,632.98
56,16-1,654.94,595.40
56,17,670.95,609.95
56,18,153.38,139.44
56,19,206.07,187.34
56,20,102.64,93.31
56,21,52.37,47.61
56,22,22.31,20.28
56,24,265.27,241.15
56,25,233.35,212.14
56,25-1,294.78,267.99
56,26,235.15,213.77
56,27,165.93,150.84
56,28,124.14,112.85
56,29,375.45,341.31
56,30,124.78,113.44
56,31,118.04,107.31
56,32,358.85,326.23
56,32-1,277.77,252.52
56,33,211.20,192.00
56,34,176.67,160.61
56,35,90.06,81.87
56,36,224.71,204.28
56,37,206.27,187.52
56,38,305.98,278.17
56,39,392.94,357.22
56,40,397.24,361.13
56,43,33.69,30.63
56,43-1,83.95,76.32
56,43-2,56.44,51.31
56,44-1,241.86,219.87
56,49,735.97,669.06
56,50,637.72,579.75
56,51,730.26,663.87
56,52,735.83,668.94
56,52-1,781.09,710.08
56,52-2,815.60,741.46
56,53,711.03,646.39
56,54,637.30,579.36
56,55,652.63,593.30
56,57,1002.72,911.56
56,57-1,937.68,852.43
56,58,963.82,876.20
56,59,947.80,861.64
56,59-1,1008.99,917.27
56,61,248.04,225.49
56,62,196.00,178.19
56,64,795.52,723.20
56,66,716.32,651.20
56,71,1320.25,1200.23
56,71-1,1213.72,1103.38
56,73,532.81,484.37
56,74,541.12,491.92
56,75,355.46,323.15
56,75-1,345.28,313.89
56,80,1607.47,1461.34
56,81,1241.97,1129.06
56,82,651.87,592.60
56,83,744.73,677.02
56,84,593.18,539.25
56,85,1316.15,1196.50
56,85-1,1648.16,1498.33
56,86,1561.85,1419.86
56,101,748.26,680.24
56,103,577.25,524.77
56,105-2,652.79,593.44
56,129,185.17,168.34
56,132,518.47,471.34
56,135,375.37,341.24
56,140,890.38,809.44
56,140-1,890.38,809.44
56,140-2,890.38,809.44
56,142,329.49,299.54
56,143,212.95,193.59
56,152-1,1171.85,1065.32
56,153,1132.39,1029.44
56,200,229.48,208.62
56,201,302.27,274.79
56,203,331.94,301.77
56,207,821.57,746.88
56,220,806.74,733.40
56,221,945.68,859.71
56,222,856.37,778.52
56,223,1124.56,1022.33
56,300,799.68,726.99
56,301,870.06,790.97
56,302,1039.02,944.56
56,500,429.79,390.72
56,919,932.28,847.53
56,942,1420.23,1291.12
56,GATE,1059.67,963.34
57,1,654.41,594.92
57,2,647.47,588.61
57,3,580.04,527.31
57,4,585.90,532.64
57,5,618.80,562.55
57,6,645.46,586.78
57,7,684.05,621.86
57,8,737.98,670.89
57,9,734.91,668.10
57,10,757.05,688.22
57,10-1,797.44,724.95
57,11,800.66,727.87
57,12,828.35,753.05
57,13,843.41,766.74
57,14,676.63,615.12
57,15,437.31,397.55
57,15-1,575.23,522.93
57,16,300.85,273.50
57,16-1,512.46,465.88
57,17,411.07,373.70
57,18,1196.38,1087.62
57,19,1249.07,1135.52
57,20,913.45,830.41
57,21,1084.43,985.85
57,22,965.37,877.61
57,24,803.26,730.23
57,25,877.77,797.97
57,25-1,906.74,824.31
57,26,913.19,830.18
57,27,1013.32,921.20
57,28,1054.60,958.72
57,29,1418.44,1289.50
57,30,1157.89,1052.62
57,31,1124.64,1022.40
57,32,1275.38,1159.44
57,32-1,1270.63,1155.11
57,33,1244.30,1131.18
57,34,1209.77,1099.79
57,35,1134.18,1031.08
57,36,1291.42,1174.02
57,37,1239.37,1126.70
57,38,1339.09,1217.35
57,39,1459.65,1326.95
57,40,1457.76,1325.24
57,43,1089.64,990.58
57,43-1,1142.92,1039.02
57,43-2,1119.00,1017.27
57,44-1,1308.56,1189.60
57,49,278.93,253.58
57,50,337.71,307.01
57,51,245.74,223.40
57,52,192.40,174.91
57,52-1,192.40,174.91
57,52-2,148.48,134.98
57,53,258.70,235.18
57,54,343.07,311.88
57,55,382.94,348.13
57,56,1002.72,911.56
57,57-1,8.63,7.85
57,58,51.15,46.50
57,59,27.95,25.41
57,59-1,31.32,28.47
57,61,731.88,665.35
57,62,785.51,714.10
57,64,628.19,571.08
57,66,1546.64,1406.04
57,71,267.11,242.83
57,71-1,160.58,145.98
57,73,584.26,531.14
57,74,444.49,404.08
57,75,1271.99,1156.36
57,75-1,1261.81,1147.10
57,80,657.65,597.86
57,81,359.62,326.93
57,82,432.90,393.54
57,83,325.29,295.72
57,84,422.89,384.44
57,85,433.80,394.36
57,85-1,698.34,634.85
57,86,612.03,556.39
57,101,626.19,569.27
57,103,631.61,574.19
57,105-2,1716.17,1560.15
57,129,1132.08,1029.16
57,132,1561.47,1419.52
57,135,1442.07,1310.98
57,140,222.37,202.16
57,140-1,222.37,202.16
57,140-2,268.29,243.90
57,142,1372.49,1247.72
57,143,1010.06,918.23
57,152-1,308.49,280.44
57,153,247.35,224.86
57,200,1048.05,952.77
57,201,1218.80,1108.00
57,203,1053.84,958.04
57,207,142.60,129.64
57,220,95.27,86.61
57,221,197.38,179.44
57,222,69.69,63.35
57,223,376.26,342.06
57,300,1866.39,1696.72
57,301,1936.77,1760.70
57,302,2105.72,1914.29
57,500,1097.49,997.72
57,919,1044.05,949.14
57,942,1532.00,1392.73
57,GATE,462.99,420.90
57-1,1,589.37,535.79
57-1,2,582.43,529.48
57-1,3,515.00,468.19
57-1,4,520.86,473.51
57-1,5,553.76,503.42
57-1,6,580.42,527.66
57-1,7,619.01,562.73
57-1,8,672.94,611.77
57-1,9,669.87,608.97
57-1,10,692.01,629.10
57-1,10-1,732.40,665.82
57-1,11,735.62,668.75
57-1,12,763.31,693.92
57-1,13,778.37,707.61
57-1,14,611.59,555.99
57-1,15,372.27,338.42
57-1,15-1,510.19,463.81
57-1,16,284.86,258.96
57-1,16-1,447.42,406.75
57-1,17,346.03,314.57
57-1,18,1131.34,1028.49
57-1,19,1184.03,1076.39
57-1,20,848.41,771.28
57-1,21,1019.39,926.72
57-1,22,900.33,818.48
57-1,24,738.22,671.11
57-1,25,812.73,738.84
57-1,25-1,841.70,765.18
57-1,26,848.15,771.05
57-1,27,948.29,862.08
57-1,28,989.56,899.60
57-1,29,1353.41,1230.37
57-1,30,1092.85,993.50
57-1,31,1059.60,963.28
57-1,32,1210.34,1100.31
57-1,32-1,1205.59,1095.99
57-1,33,1179.26,1072.05
57-1,34,1144.73,1040.67
57-1,35,1069.15,971.95
57-1,36,1226.38,1114.89
57-1,37,1174.33,1067.57
57-1,38,1274.05,1158.22
57-1,39,1394.61,1267.83
57-1,40,1392.72,1266.11
57-1,43,1024.60,931.45
57-1,43-1,1077.88,979.89
57-1,43-2,1053.96,958.14
57-1,44-1,1243.52,1130.48
57-1,49,213.90,194.45
57-1,50,272.67,247.89
57-1,51,180.70,164.27
57-1,52,135.92,123.56
57-1,52-1,135.92,123.56
57-1,52-2,132.49,120.44
57-1,53,193.66,176.05
57-1,54,278.03,252.76
57-1,55,317.90,289.00
57-1,56,937.68,852.43
57-1,57,8.63,7.85
57-1,58,63.36,57.60
57-1,59,36.47,33.15
57-1,59-1,41.44,37.67
57-1,61,666.85,606.22
57-1,62,720.47,654.98
57-1,64,640.40,582.18
57-1,66,1481.61,1346.91
57-1,71,279.32,253.93
57-1,71-1,172.78,157.08
57-1,73,519.22,472.02
57-1,74,379.45,344.95
57-1,75,1206.95,1097.23
57-1,75-1,1196.77,1087.98
57-1,80,669.86,608.96
57-1,81,371.83,338.03
57-1,82,367.86,334.42
57-1,83,260.25,236.59
57-1,84,357.85,325.32
57-1,85,446.01,405.46
57-1,85-1,710.55,645.95
57-1,86,624.24,567.49
57-1,101,561.16,510.14
57-1,103,566.58,515.07
57-1,105-2,1651.13,1501.03
57-1,129,1067.04,970.04
57-1,132,1496.43,1360.40
57-1,135,1377.04,1251.85
57-1,140,103.63,94.20
57-1,140-1,103.63,94.20
57-1,140-2,149.54,135.95
57-1,142,1307.45,1188.59
57-1,143,945.02,859.11
57-1,152-1,320.70,291.54
57-1,153,259.56,235.96
57-1,200,983.01,893.64
57-1,201,1153.76,1048.87
57-1,203,988.80,898.91
57-1,207,126.61,115.10
57-1,220,21.00,19.09
57-1,221,78.64,71.49
57-1,222,42.42,38.56
57-1,223,257.52,234.11
57-1,300,1801.35,1637.59
57-1,301,1871.73,1701.57
57-1,302,2040.68,1855.17
57-1,500,1032.45,938.59
57-1,919,979.01,890.01
57-1,942,1466.96,1333.60
57-1,GATE,475.20,432.00
58,1,615.52,559.56
58,2,608.58,553.25
58,3,584.92,531.74
58,4,590.78,537.07
58,5,623.68,566.98
58,6,650.33,591.21
58,7,688.92,626.29
58,8,719.88,654.43
58,9,739.78,672.53
58,10,761.92,692.66
58,10-1,802.32,729.38
58,11,805.53,732.30
58,12,806.18,732.89
58,13,821.24,746.58
58,14,681.51,619.55
58,15,347.70,316.09
58,15-1,395.72,359.75
58,16,117.45,106.77
58,16-1,334.27,303.89
58,17,321.46,292.24
58,18,1157.49,1052.26
58,19,1210.18,1100.16
58,20,874.55,795.05
58,21,1045.54,950.49
58,22,926.48,842.25
58,24,764.37,694.88
58,25,838.87,762.61
58,25-1,867.84,788.95
58,26,874.30,794.82
58,27,974.43,885.85
58,28,1015.70,923.37
58,29,1379.55,1254.14
58,30,1118.99,1017.27
58,31,1085.75,987.05
58,32,1216.19,1105.63
58,32-1,1211.44,1101.31
58,33,1205.41,1095.82
58,34,1170.88,1064.44
58,35,1095.29,995.72
58,36,1252.52,1138.66
58,37,1200.48,1091.34
58,38,1300.19,1181.99
58,39,1420.76,1291.60
58,40,1418.87,1289.88
58,43,1050.75,955.22
58,43-1,1104.03,1003.66
58,43-2,1080.11,981.91
58,44-1,1269.67,1154.25
58,49,328.24,298.40
58,50,273.57,248.70
58,51,251.36,228.51
58,52,241.70,219.73
58,52-1,241.70,219.73
58,52-2,197.78,179.80
58,53,308.00,280.00
58,54,390.15,354.68
58,55,380.99,346.35
58,56,963.82,876.20
58,57,51.15,46.50
58,57-1,63.36,57.60
58,59,46.25,42.04
58,59-1,46.25,42.04
58,61,709.71,645.20
58,62,746.62,678.75
58,64,454.50,413.19
58,66,1551.52,1410.47
58,71,221.13,201.03
58,71-1,114.59,104.17
58,73,489.73,445.21
58,74,412.69,375.17
58,75,1212.80,1102.55
58,75-1,1202.62,1093.29
58,80,578.05,525.50
58,81,313.63,285.12
58,82,482.20,438.36
58,83,223.66,203.32
58,84,359.56,326.87
58,85,387.81,352.56
58,85-1,618.74,562.49
58,86,532.43,484.02
58,101,273.96,249.05
58,103,372.71,338.83
58,105-2,1680.60,1527.82
58,129,1072.89,975.35
58,132,1522.58,1384.16
58,135,1403.18,1275.62
58,140,271.67,246.98
58,140-1,271.67,246.98
58,140-2,317.59,288.72
58,142,1333.60,1212.36
58,143,971.16,882.88
58,152-1,148.82,135.29
58,153,99.83,90.76
58,200,996.36,905.78
58,201,1159.61,1054.19
58,203,994.65,904.23
58,207,191.90,174.46
58,220,144.57,131.43
58,221,246.69,224.26
58,222,118.99,108.17
58,223,345.93,314.49
58,300,1827.50,1661.36
58,301,1897.88,1725.34
58,302,2066.83,1878.94
58,500,887.19,806.54
58,919,1048.93,953.57
58,942,1536.88,1397.16
58,GATE,300.64,273.31
59,1,599.50,545.00
59,2,592.56,538.69
59,3,525.13,477.39
59,4,530.99,482.72
59,5,563.89,512.63
59,6,590.55,536.86
59,7,629.13,571.94
59,8,683.07,620.97
59,9,680.00,618.18
59,10,702.13,638.30
59,10-1,742.53,675.03
59,11,745.75,677.95
59,12,773.44,703.13
59,13,788.50,716.82
59,14,621.72,565.20
59,15,382.39,347.63
59,15-1,520.32,473.01
59,16,235.94,214.49
59,16-1,457.55,415.96
59,17,356.16,323.78
59,18,1141.47,1037.70
59,19,1194.16,1085.60
59,20,858.54,780.49
59,21,1029.52,935.93
59,22,910.46,827.69
59,24,748.35,680.31
59,25,822.85,748.05
59,25-1,851.83,774.39
59,26,858.28,780.26
59,27,958.41,871.28
59,28,999.69,908.80
59,29,1363.53,1239.58
59,30,1102.97,1002.70
59,31,1069.73,972.48
59,32,1220.47,1109.52
59,32-1,1215.71,1105.19
59,33,1189.39,1081.26
59,34,1154.86,1049.87
59,35,1079.27,981.16
59,36,1236.50,1124.10
59,37,1184.46,1076.78
59,38,1284.17,1167.43
59,39,1404.74,1277.03
59,40,1402.85,1275.32
59,43,1034.73,940.66
59,43-1,1088.01,989.10
59,43-2,1064.09,967.35
59,44-1,1253.65,1139.68
59,49,224.02,203.66
59,50,282.80,257.09
59,51,190.82,173.48
59,52,137.05,124.59
59,52-1,137.05,124.59
59,52-2,93.12,84.66
59,53,203.79,185.26
59,54,288.16,261.96
59,55,328.03,298.21
59,56,947.80,861.64
59,57,27.95,25.41
59,57-1,36.47,33.15
59,58,46.25,42.04
59,59-1,4.98,4.53
59,61,676.97,615.43
59,62,730.60,664.18
59,64,623.28,566.62
59,66,1491.73,1356.12
59,71,262.21,238.37
59,71-1,155.67,141.52
59,73,529.35,481.22
59,74,389.58,354.16
59,75,1217.08,1106.44
59,75-1,1206.90,1097.18
59,80,652.75,593.41
59,81,354.72,322.47
59,82,377.99,343.62
59,83,270.38,245.80
59,84,367.98,334.52
59,85,428.90,389.91
59,85-1,693.44,630.40
59,86,607.12,551.93
59,101,571.28,519.35
59,103,576.70,524.27
59,105-2,1661.26,1510.23
59,129,1077.17,979.24
59,132,1506.56,1369.60
59,135,1387.16,1261.06
59,140,160.86,146.24
59,140-1,160.86,146.24
59,140-2,206.78,187.98
59,142,1317.58,1197.80
59,143,955.14,868.31
59,152-1,303.59,275.99
59,153,242.45,220.41
59,200,993.13,902.85
59,201,1163.89,1058.08
59,203,998.93,908.12
59,207,87.25,79.31
59,220,40.36,36.69
59,221,135.87,123.52
59,222,15.26,13.87
59,223,314.75,286.14
59,300,1811.48,1646.80
59,301,1881.86,1710.78
59,302,2050.81,1864.37
59,500,1042.58,947.80
59,919,989.14,899.22
59,942,1477.09,1342.81
59,GATE,458.09,416.45
59-1,1,660.68,600.62
59-1,2,653.75,594.32
59-1,3,586.32,533.02
59-1,4,592.18,538.34
59-1,5,625.08,568.25
59-1,6,651.74,592.49
59-1,7,690.32,627.56
59-1,8,744.26,676.60
59-1,9,741.18,673.80
59-1,10,763.32,693.93
59-1,10-1,803.72,730.65
59-1,11,806.94,733.58
59-1,12,834.63,758.75
59-1,13,849.69,772.44
59-1,14,682.91,620.83
59-1,15,443.58,403.26
59-1,15-1,581.50,528.64
59-1,16,246.65,224.23
59-1,16-1,518.74,471.58
59-1,17,417.35,379.40
59-1,18,1202.66,1093.32
59-1,19,1255.34,1141.22
59-1,20,919.72,836.11
59-1,21,1090.70,991.55
59-1,22,971.64,883.31
59-1,24,809.53,735.94
59-1,25,884.04,803.67
59-1,25-1,913.01,830.01
59-1,26,919.47,835.88
59-1,27,1019.60,926.91
59-1,28,1060.87,964.43
59-1,29,1424.72,1295.20
59-1,30,1164.16,1058.33
59-1,31,1130.92,1028.11
59-1,32,1281.66,1165.14
59-1,32-1,1276.90,1160.82
59-1,33,1250.57,1136.88
59-1,34,1216.05,1105.50
59-1,35,1140.46,1036.78
59-1,36,1297.69,1179.72
59-1,37,1245.65,1132.40
59-1,38,1345.36,1223.06
59-1,39,1465.92,1332.66
59-1,40,1464.04,1330.94
59-1,43,1095.91,996.28
59-1,43-1,1149.20,1044.72
59-1,43-2,1125.27,1022.98
59-1,44-1,1314.84,1195.31
59-1,49,285.21,259.28
59-1,50,343.99,312.72
59-1,51,252.01,229.10
59-1,52,198.68,180.62
59-1,52-1,198.68,180.62
59-1,52-2,154.75,140.69
59-1,53,264.97,240.88
59-1,54,349.35,317.59
59-1,55,389.21,353.83
59-1,56,1008.99,917.27
59-1,57,31.32,28.47
59-1,57-1,41.44,37.67
59-1,58,46.25,42.04
59-1,59,4.98,4.53
59-1,61,738.16,671.05
59-1,62,791.79,719.81
59-1,64,623.28,566.62
59-1,66,1552.92,1411.75
59-1,71,262.21,238.37
59-1,71-1,155.67,141.52
59-1,73,590.53,536.85
59-1,74,450.76,409.79
59-1,75,1278.27,1162.06
59-1,75-1,1268.09,1152.81
59-1,80,652.75,593.41
59-1,81,354.72,322.47
59-1,82,439.17,399.25
59-1,83,331.57,301.42
59-1,84,429.16,390.15
59-1,85,428.90,389.91
59-1,85-1,693.44,630.40
59-1,86,607.12,551.93
59-1,101,632.47,574.97
59-1,103,637.89,579.90
59-1,105-2,1722.44,1565.86
59-1,129,1138.35,1034.87
59-1,132,1567.75,1425.23
59-1,135,1448.35,1316.68
59-1,140,228.65,207.86
59-1,140-1,228.65,207.86
59-1,140-2,274.56,249.60
59-1,142,1378.77,1253.43
59-1,143,1016.33,923.94
59-1,152-1,303.59,275.99
59-1,153,242.45,220.41
59-1,200,1054.32,958.47
59-1,201,1225.08,1113.71
59-1,203,1060.12,963.74
59-1,207,148.88,135.34
59-1,220,101.54,92.31
59-1,221,203.66,185.15
59-1,222,75.96,69.06
59-1,223,382.54,347.76
59-1,300,1872.67,1702.42
59-1,301,1943.05,1766.41
59-1,302,2112.00,1920.00
59-1,500,1103.77,1003.43
59-1,919,1050.33,954.84
59-1,942,1538.28,1398.43
59-1,GATE,458.09,416.45
61,1,90.01,81.83
61,2,45.57,41.43
61,3,111.54,101.40
61,4,92.05,83.68
61,5,40.79,37.08
61,6,117.77,107.07
61,7,22.23,20.21
61,8,41.51,37.74
61,9,47.13,42.85
61,10,145.21,132.01
61,10-1,222.00,201.81
61,11,100.23,91.12
61,12,64.20,58.36
61,13,48.96,44.51
61,14,161.74,147.03
61,15,320.55,291.41
61,15-1,364.90,331.73
61,16,442.17,401.97
61,16-1,400.83,364.39
61,17,416.84,378.94
61,18,408.27,371.15
61,19,460.96,419.05
61,20,125.33,113.94
61,21,309.78,281.62
61,22,290.45,264.04
61,24,338.81,308.01
61,25,354.78,322.53
61,25-1,416.21,378.37
61,26,356.57,324.16
61,27,400.09,363.71
61,28,420.37,382.15
61,29,630.33,573.03
61,30,434.23,394.76
61,31,433.48,394.07
61,32,674.30,613.00
61,32-1,593.22,539.29
61,33,520.64,473.31
61,34,483.93,439.94
61,35,350.76,318.87
61,36,522.31,474.83
61,37,515.72,468.83
61,38,615.43,559.48
61,39,690.55,627.77
61,40,694.85,631.68
61,43,320.54,291.40
61,43-1,381.55,346.86
61,43-2,354.04,321.85
61,44-1,539.46,490.42
61,49,428.63,389.66
61,50,383.61,348.74
61,51,476.15,432.86
61,52,481.72,437.93
61,52-1,526.98,479.07
61,52-2,561.49,510.45
61,53,403.70,367.00
61,54,329.96,299.97
61,55,347.35,315.77
61,56,248.04,225.49
61,57,731.88,665.35
61,57-1,666.85,606.22
61,58,709.71,645.20
61,59,676.97,615.43
61,59-1,738.16,671.05
61,62,204.45,185.87
61,64,644.44,585.85
61,66,971.20,882.91
61,71,1066.15,969.22
61,71-1,959.61,872.37
61,73,303.88,276.25
61,74,275.64,250.59
61,75,670.91,609.92
61,75-1,660.73,600.66
61,80,1353.36,1230.33
61,81,971.13,882.85
61,82,344.53,313.21
61,83,490.62,446.02
61,84,339.07,308.24
61,85,1045.31,950.28
61,85-1,1394.05,1267.32
61,86,1307.74,1188.85
61,101,494.15,449.23
61,103,397.07,360.97
61,105-2,950.39,863.99
61,129,500.62,455.11
61,132,773.36,703.05
61,135,672.97,611.79
61,140,619.55,563.23
61,140-1,619.55,563.23
61,140-2,619.55,563.23
61,142,584.38,531.25
61,143,221.94,201.77
61,152-1,917.74,834.31
61,153,878.28,798.43
61,200,544.93,495.39
61,201,617.72,561.56
61,203,563.32,512.11
61,207,567.46,515.87
61,220,535.91,487.19
61,221,674.85,613.50
61,222,585.54,532.31
61,223,817.36,743.05
61,300,1097.29,997.54
61,301,1167.67,1061.52
61,302,1336.62,1215.11
61,500,643.49,584.99
61,919,630.73,573.39
61,942,1118.68,1016.98
61,GATE,918.65,835.14
62,1,103.70,94.27
62,2,131.23,119.30
62,3,259.95,236.32
62,4,234.33,213.03
62,5,241.64,219.67
62,6,343.76,312.51
62,7,289.87,263.52
62,8,262.30,238.45
62,9,332.89,302.63
62,10,431.85,392.59
62,10-1,495.75,450.68
62,11,380.66,346.06
62,12,344.38,313.07
62,13,252.23,229.30
62,14,374.94,340.85
62,15,357.46,324.96
62,15-1,401.81,365.28
62,16,479.07,435.52
62,16-1,437.74,397.95
62,17,453.75,412.50
62,18,390.79,355.27
62,19,443.48,403.17
62,20,174.39,158.53
62,21,277.72,252.47
62,22,158.66,144.23
62,24,174.56,158.69
62,25,145.38,132.16
62,25-1,242.82,220.75
62,26,183.18,166.53
62,27,226.70,206.09
62,28,267.97,243.61
62,29,612.86,557.14
62,30,351.17,319.25
62,31,317.93,289.03
62,32,558.75,507.95
62,32-1,477.67,434.24
62,33,437.59,397.80
62,34,403.06,366.42
62,35,327.47,297.70
62,36,484.70,440.64
62,37,432.66,393.32
62,38,532.37,483.98
62,39,652.94,593.58
62,40,651.05,591.86
62,43,282.92,257.20
62,43-1,336.21,305.64
62,43-2,312.29,283.90
62,44-1,501.85,456.23
62,49,508.23,462.03
62,50,420.52,382.29
62,51,513.06,466.42
62,52,518.63,471.48
62,52-1,563.89,512.62
62,52-2,598.40,544.00
62,53,483.30,439.36
62,54,409.56,372.33
62,55,426.95,388.14
62,56,196.00,178.19
62,57,785.51,714.10
62,57-1,720.47,654.98
62,58,746.62,678.75
62,59,730.60,664.18
62,59-1,791.79,719.81
62,61,204.45,185.87
62,64,630.22,572.93
62,66,953.73,867.03
62,71,1103.05,1002.77
62,71-1,996.51,905.92
62,73,316.11,287.37
62,74,322.17,292.88
62,75,555.36,504.87
62,75-1,545.18,495.62
62,80,1390.27,1263.88
62,81,1024.76,931.60
62,82,424.13,385.57
62,83,527.52,479.57
62,84,375.98,341.80
62,85,1098.94,999.04
62,85-1,1430.96,1300.87
62,86,1344.65,1222.40
62,101,531.06,482.78
62,103,360.55,327.77
62,105-2,912.78,829.80
62,129,385.07,350.06
62,132,755.89,687.17
62,135,635.36,577.60
62,140,673.18,611.98
62,140-1,673.18,611.98
62,140-2,673.18,611.98
62,142,566.91,515.37
62,143,394.68,358.80
62,152-1,954.65,867.86
62,153,915.18,831.99
62,200,384.13,349.21
62,201,502.17,456.51
62,203,389.93,354.48
62,207,604.37,549.42
62,220,589.54,535.94
62,221,728.48,662.25
62,222,639.17,581.06
62,223,907.36,824.87
62,300,1059.68,963.34
62,301,1130.06,1027.33
62,302,1299.01,1180.92
62,500,479.24,435.67
62,919,842.21,765.64
62,942,1330.16,1209.23
62,GATE,894.38,813.07
64,1,550.24,500.22
64,2,543.30,493.91
64,3,612.18,556.53
64,4,586.56,533.24
64,5,633.95,576.31
64,6,695.99,632.72
64,7,682.17,620.16
64,8,654.60,595.09
64,9,728.17,661.98
64,10,807.58,734.16
64,10-1,847.98,770.89
64,11,781.83,710.76
64,12,740.91,673.55
64,13,753.13,684.66
64,14,727.17,661.06
64,15,333.85,303.50
64,15-1,305.89,278.08
64,16,218.67,198.79
64,16-1,237.63,216.03
64,17,388.90,353.55
64,18,990.31,900.28
64,19,1042.99,948.18
64,20,773.90,703.55
64,21,877.23,797.48
64,22,758.17,689.24
64,24,523.40,475.82
64,25,622.17,565.61
64,25-1,626.08,569.16
64,26,657.60,597.82
64,27,732.43,665.85
64,28,819.33,744.84
64,29,1212.37,1102.15
64,30,941.84,856.22
64,31,851.61,774.19
64,32,879.42,799.47
64,32-1,874.67,795.15
64,33,929.14,844.68
64,34,1002.57,911.43
64,35,926.98,842.71
64,36,1084.22,985.65
64,37,977.35,888.50
64,38,1022.02,929.11
64,39,1215.24,1104.76
64,40,1204.94,1095.40
64,43,882.44,802.22
64,43-1,935.72,850.65
64,43-2,911.80,828.91
64,44-1,1101.36,1001.24
64,49,676.43,614.93
64,50,471.15,428.32
64,51,551.63,501.48
64,52,592.98,539.07
64,52-1,622.95,566.32
64,52-2,634.22,576.56
64,53,607.89,552.63
64,54,548.99,499.08
64,55,528.93,480.85
64,56,795.52,723.20
64,57,628.19,571.08
64,57-1,640.40,582.18
64,58,454.50,413.19
64,59,623.28,566.62
64,59-1,623.28,566.62
64,61,644.44,585.85
64,62,630.22,572.93
64,66,1553.24,1412.04
64,71,692.86,629.88
64,71-1,586.32,533.02
64,73,373.13,339.21
64,74,542.49,493.18
64,75,876.03,796.39
64,75-1,865.85,787.14
64,80,900.57,818.70
64,81,785.37,713.97
64,82,637.33,579.39
64,83,488.63,444.21
64,84,420.58,382.35
64,85,859.55,781.41
64,85-1,941.26,855.69
64,86,854.95,777.23
64,101,130.40,118.55
64,103,241.01,219.10
64,105-2,1512.29,1374.81
64,129,736.12,669.20
64,132,1355.40,1232.18
64,135,1234.87,1122.61
64,140,755.72,687.02
64,140-1,755.72,687.02
64,140-2,755.72,687.02
64,142,1166.42,1060.38
64,143,895.58,814.16
64,152-1,544.46,494.96
64,153,505.00,459.09
64,200,659.59,599.63
64,201,822.84,748.04
64,203,657.88,598.08
64,207,639.85,581.68
64,220,672.08,610.98
64,221,811.02,737.29
64,222,690.24,627.50
64,223,817.67,743.34
64,300,1659.19,1508.35
64,301,1729.57,1572.34
64,302,1898.52,1725.93
64,500,550.42,500.38
64,919,1178.73,1071.58
64,942,1666.68,1515.17
64,GATE,283.49,257.72
66,1,1046.77,951.61
66,2,1059.70,963.36
66,3,1050.13,954.67
66,4,1099.65,999.68
66,5,1005.55,914.13
66,6,948.82,862.56
66,7,958.44,871.31
66,8,1031.87,938.06
66,9,916.70,833.36
66,10,869.68,790.62
66,10-1,854.91,777.19
66,11,896.79,815.26
66,12,959.65,872.41
66,13,877.46,797.69
66,14,893.80,812.55
66,15,1265.11,1150.10
66,15-1,1375.61,1250.56
66,16,1353.93,1230.85
66,16-1,1344.03,1221.85
66,17,1258.64,1144.22
66,18,639.66,581.51
66,19,709.97,645.43
66,20,634.87,577.16
66,21,645.11,586.46
66,22,833.19,757.45
66,24,1039.76,945.23
66,25,1007.85,916.22
66,25-1,1069.28,972.07
66,26,1009.64,917.85
66,27,920.94,837.22
66,28,879.15,799.23
66,29,83.94,76.31
66,30,805.19,731.99
66,31,873.05,793.68
66,32,1056.61,960.55
66,32-1,1026.31,933.01
66,33,889.60,808.73
66,34,793.87,721.70
66,35,629.48,572.25
66,36,813.69,739.72
66,37,875.76,796.14
66,38,871.41,792.19
66,39,705.34,641.22
66,40,684.72,622.47
66,43,682.84,620.76
66,43-1,705.77,641.61
66,43-2,712.20,647.46
66,44-1,800.35,727.59
66,49,1243.39,1130.36
66,50,1225.42,1114.01
66,51,1310.11,1191.01
66,52,1305.11,1186.46
66,52-1,1345.09,1222.81
66,52-2,1384.88,1258.98
66,53,1218.46,1107.69
66,54,1144.73,1040.66
66,55,1162.11,1056.47
66,56,716.32,651.20
66,57,1546.64,1406.04
66,57-1,1481.61,1346.91
66,58,1551.52,1410.47
66,59,1491.73,1356.12
66,59-1,1552.92,1411.75
66,61,971.20,882.91
66,62,953.73,867.03
66,64,1553.24,1412.04
66,71,1722.64,1566.03
66,71-1,1692.83,1538.94
66,73,1290.54,1173.21
66,74,1115.22,1013.84
66,75,1032.49,938.63
66,75-1,1100.30,1000.27
66,80,2113.17,1921.06
66,81,1586.82,1442.56
66,82,993.09,902.81
66,83,1332.42,1211.29
66,84,1206.82,1097.11
66,85,1661.00,1510.00
66,85-1,2153.86,1958.05
66,86,2067.55,1879.59
66,101,1504.86,1368.06
66,103,1334.98,1213.62
66,105-2,441.31,401.19
66,129,940.19,854.72
66,132,283.80,258.00
66,135,661.60,601.46
66,140,1235.74,1123.40
66,140-1,1235.74,1123.40
66,140-2,1235.74,1123.40
66,142,55.96,50.87
66,143,572.55,520.50
66,152-1,1759.55,1599.59
66,153,1720.08,1563.71
66,200,984.50,895.00
66,201,1057.29,961.17
66,203,1086.96,988.14
66,207,1390.85,1264.40
66,220,1350.67,1227.88
66,221,1304.50,1185.91
66,222,1400.30,1273.00
66,223,1420.96,1291.78
66,300,754.37,685.79
66,301,824.75,749.78
66,302,992.81,902.56
66,500,1184.80,1077.09
66,919,1070.04,972.77
66,942,1504.68,1367.89
66,GATE,1809.30,1644.82
71,1,971.95,883.59
71,2,965.01,877.28
71,3,941.35,855.77
71,4,947.21,861.10
71,5,980.11,891.01
71,6,980.72,891.56
71,7,1034.62,940.56
71,8,1076.31,978.46
71,9,1041.13,946.48
71,10,1069.12,971.92
71,10-1,1078.14,980.12
71,11,1106.88,1006.26
71,12,1155.79,1050.72
71,13,1177.67,1070.61
71,14,938.77,853.43
71,15,704.13,640.12
71,15-1,836.68,760.62
71,16,473.88,430.80
71,16-1,775.24,704.76
71,17,677.89,616.27
71,18,1513.92,1376.29
71,19,1566.61,1424.19
71,20,1230.99,1119.08
71,21,1401.97,1274.52
71,22,1282.91,1166.28
71,24,1120.80,1018.91
71,25,1195.30,1086.64
71,25-1,1224.28,1112.98
71,26,1230.73,1118.85
71,27,1330.86,1209.88
71,28,1372.14,1247.40
71,29,1735.98,1578.17
71,30,1475.42,1341.29
71,31,1442.18,1311.07
71,32,1552.95,1411.77
71,32-1,1548.19,1407.45
71,33,1561.84,1419.85
71,34,1527.31,1388.46
71,35,1451.72,1319.75
71,36,1608.96,1462.69
71,37,1556.91,1415.37
71,38,1656.62,1506.02
71,39,1777.19,1615.63
71,40,1775.30,1613.91
71,43,1407.18,1279.25
71,43-1,1460.46,1327.69
71,43-2,1436.54,1305.94
71,44-1,1626.10,1478.27
71,49,654.00,594.55
71,50,630.00,572.72
71,51,607.79,552.53
71,52,578.58,525.98
71,52-1,578.58,525.98
71,52-2,645.96,587.24
71,53,633.76,576.15
71,54,718.14,652.85
71,55,737.42,670.38
71,56,1320.25,1200.23
71,57,267.11,242.83
71,57-1,279.32,253.93
71,58,221.13,201.03
71,59,262.21,238.37
71,59-1,262.21,238.37
71,61,1066.15,969.22
71,62,1103.05,1002.77
71,64,692.86,629.88
71,66,1722.64,1566.03
71,71-1,69.60,63.27
71,73,851.08,773.71
71,74,769.12,699.20
71,75,1549.56,1408.69
71,75-1,1539.38,1399.43
71,80,407.92,370.83
71,81,347.56,315.97
71,82,718.12,652.84
71,83,580.09,527.35
71,84,715.99,650.90
71,85,421.74,383.40
71,85-1,448.61,407.82
71,86,362.30,329.36
71,101,714.92,649.93
71,103,813.68,739.71
71,105-2,1892.16,1720.14
71,129,1409.65,1281.50
71,132,1756.02,1596.38
71,135,1759.61,1599.65
71,140,500.42,454.93
71,140-1,500.42,454.93
71,140-2,513.00,466.36
71,142,1690.03,1536.39
71,143,1327.59,1206.90
71,152-1,373.16,339.24
71,153,312.02,283.66
71,200,1333.12,1211.92
71,201,1496.37,1360.33
71,203,1331.41,1210.37
71,207,605.57,550.51
71,220,449.10,408.27
71,221,450.91,409.92
71,222,549.82,499.84
71,223,379.86,345.33
71,300,2183.93,1985.39
71,301,2254.31,2049.37
71,302,2423.26,2202.96
71,500,1223.95,1112.68
71,919,1220.04,1109.13
71,942,1707.99,1552.72
71,GATE,527.67,479.70
71-1,1,865.41,786.73
71-1,2,858.47,780.43
71-1,3,834.81,758.92
71-1,4,840.67,764.24
71-1,5,873.57,794.15
71-1,6,900.23,818.39
71-1,7,938.81,853.47
71-1,8,969.77,881.61
71-1,9,989.67,899.70
71-1,10,1011.81,919.83
71-1,10-1,1048.33,953.03
71-1,11,1055.43,959.48
71-1,12,1056.07,960.07
71-1,13,1071.13,973.76
71-1,14,908.96,826.33
71-1,15,597.59,543.26
71-1,15-1,730.15,663.77
71-1,16,367.34,333.95
71-1,16-1,668.70,607.91
71-1,17,571.35,519.41
71-1,18,1407.38,1279.44
71-1,19,1460.07,1327.33
71-1,20,1124.45,1022.22
71-1,21,1295.43,1177.66
71-1,22,1176.37,1069.43
71-1,24,1014.26,922.05
71-1,25,1088.77,989.79
71-1,25-1,1117.74,1016.12
71-1,26,1124.19,1021.99
71-1,27,1224.32,1113.02
71-1,28,1265.60,1150.54
71-1,29,1629.44,1481.31
71-1,30,1368.89,1244.44
71-1,31,1335.64,1214.22
71-1,32,1446.41,1314.92
71-1,32-1,1441.65,1310.59
71-1,33,1455.30,1323.00
71-1,34,1420.77,1291.61
71-1,35,1345.18,1222.89
71-1,36,1502.42,1365.83
71-1,37,1450.37,1318.52
71-1,38,1550.09,1409.17
71-1,39,1670.65,1518.77
71-1,40,1668.76,1517.06
71-1,43,1300.64,1182.40
71-1,43-1,1353.92,1230.84
71-1,43-2,1330.00,1209.09
71-1,44-1,1519.56,1381.42
71-1,49,624.20,567.45
71-1,50,523.46,475.87
71-1,51,501.25,455.68
71-1,52,548.77,498.88
71-1,52-1,548.77,498.88
71-1,52-2,540.84,491.67
71-1,53,603.96,549.05
71-1,54,640.04,581.85
71-1,55,630.88,573.53
71-1,56,1213.72,1103.38
71-1,57,160.58,145.98
71-1,57-1,172.78,157.08
71-1,58,114.59,104.17
71-1,59,155.67,141.52
71-1,59-1,155.67,141.52
71-1,61,959.61,872.37
71-1,62,996.51,905.92
71-1,64,586.32,533.02
71-1,66,1692.83,1538.94
71-1,71,69.60,63.27
71-1,73,744.54,676.86
71-1,74,662.58,602.34
71-1,75,1443.02,1311.84
71-1,75-1,1432.84,1302.58
71-1,80,460.13,418.30
71-1,81,317.76,288.87
71-1,82,688.31,625.74
71-1,83,473.55,430.50
71-1,84,609.45,554.05
71-1,85,391.94,356.31
71-1,85-1,500.82,455.29
71-1,86,414.51,376.83
71-1,101,608.38,553.07
71-1,103,707.14,642.85
71-1,105-2,1862.35,1693.05
71-1,129,1303.11,1184.64
71-1,132,1726.21,1569.29
71-1,135,1653.07,1502.79
71-1,140,470.62,427.83
71-1,140-1,470.62,427.83
71-1,140-2,483.20,439.27
71-1,142,1583.49,1439.54
71-1,143,1221.05,1110.05
71-1,152-1,266.63,242.39
71-1,153,205.49,186.81
71-1,200,1226.58,1115.07
71-1,201,1389.83,1263.48
71-1,203,1224.87,1113.52
71-1,207,499.03,453.66
71-1,220,419.30,381.18
71-1,221,421.10,382.82
71-1,222,463.94,421.76
71-1,223,350.06,318.23
71-1,300,2077.39,1888.54
71-1,301,2147.77,1952.52
71-1,302,2316.72,2106.11
71-1,500,1117.41,1015.83
71-1,919,1190.24,1082.03
71-1,942,1678.19,1525.62
71-1,GATE,421.13,382.84
73,1,209.68,190.62
73,2,202.74,184.31
73,3,271.61,246.92
73,4,246.00,223.64
73,5,293.38,266.71
73,6,355.43,323.12
73,7,341.61,310.55
73,8,314.04,285.49
73,9,387.61,352.37
73,10,467.02,424.56
73,10-1,507.41,461.29
73,11,441.27,401.15
73,12,400.34,363.95
73,13,415.40,377.64
73,14,386.60,351.46
73,15,75.04,68.22
73,15-1,93.60,85.09
73,16,170.86,155.33
73,16-1,129.53,117.75
73,17,165.94,150.86
73,18,727.60,661.45
73,19,780.29,709.35
73,20,468.72,426.11
73,21,614.52,558.66
73,22,495.46,450.42
73,24,269.73,245.21
73,25,368.50,335.00
73,25-1,372.41,338.55
73,26,403.93,367.21
73,27,506.70,460.64
73,28,565.66,514.23
73,29,949.66,863.33
73,30,687.98,625.44
73,31,654.74,595.21
73,32,733.88,667.17
73,32-1,729.13,662.84
73,33,774.39,703.99
73,34,739.87,672.61
73,35,664.28,603.89
73,36,821.51,746.83
73,37,769.46,699.51
73,38,869.18,790.16
73,39,989.74,899.77
73,40,987.86,898.05
73,43,619.73,563.39
73,43-1,673.01,611.83
73,43-2,649.09,590.08
73,44-1,838.66,762.41
73,49,410.93,373.57
73,50,205.65,186.96
73,51,299.31,272.10
73,52,327.48,297.71
73,52-1,370.62,336.93
73,52-2,381.89,347.17
73,53,342.40,311.27
73,54,283.49,257.72
73,55,263.44,239.49
73,56,532.81,484.37
73,57,584.26,531.14
73,57-1,519.22,472.02
73,58,489.73,445.21
73,59,529.35,481.22
73,59-1,590.53,536.85
73,61,303.88,276.25
73,62,316.11,287.37
73,64,373.13,339.21
73,66,1290.54,1173.21
73,71,851.08,773.71
73,71-1,744.54,676.86
73,74,206.25,187.50
73,75,730.50,664.09
73,75-1,720.31,654.83
73,80,1138.30,1034.82
73,81,841.81,765.28
73,82,351.79,319.81
73,83,275.55,250.50
73,84,119.24,108.40
73,85,915.99,832.72
73,85-1,1178.99,1071.81
73,86,1092.67,993.34
73,101,222.85,202.59
73,103,82.03,74.58
73,105-2,1249.59,1135.99
73,129,590.58,536.89
73,132,1092.69,993.36
73,135,972.17,883.79
73,140,490.23,445.66
73,140-1,490.23,445.66
73,140-2,490.23,445.66
73,142,903.71,821.56
73,143,565.32,513.93
73,152-1,702.68,638.80
73,153,663.21,602.92
73,200,514.05,467.32
73,201,677.30,615.73
73,203,512.35,465.77
73,207,387.52,352.29
73,220,406.58,369.62
73,221,545.52,495.93
73,222,437.92,398.11
73,223,724.40,658.55
73,300,1396.48,1269.53
73,301,1466.86,1333.51
73,302,1635.82,1487.11
73,500,404.88,368.08
73,919,853.87,776.25
73,942,1341.82,1219.84
73,GATE,647.34,588.50
74,1,192.81,175.28
74,2,174.51,158.65
74,3,125.66,114.24
74,4,131.52,119.56
74,5,164.42,149.47
74,6,191.08,173.71
74,7,229.66,208.78
74,8,283.60,257.82
74,9,280.52,255.02
74,10,302.66,275.15
74,10-1,343.06,311.87
74,11,346.28,314.80
74,12,372.11,338.28
74,13,387.17,351.97
74,14,222.25,202.04
74,15,126.28,114.80
74,15-1,267.27,242.98
74,16,215.10,195.54
74,16-1,205.20,186.55
74,17,119.81,108.92
74,18,723.42,657.65
74,19,776.11,705.55
74,20,440.49,400.44
74,21,622.83,566.21
74,22,503.77,457.97
74,24,341.66,310.60
74,25,416.17,378.33
74,25-1,445.14,404.67
74,26,451.59,410.54
74,27,551.72,501.57
74,28,593.00,539.09
74,29,945.48,859.53
74,30,696.29,632.99
74,31,663.04,602.77
74,32,813.78,739.80
74,32-1,809.03,735.48
74,33,782.70,711.54
74,34,748.17,680.16
74,35,665.91,605.37
74,36,829.82,754.38
74,37,777.77,707.06
74,38,877.49,797.71
74,39,998.05,907.32
74,40,996.16,905.60
74,43,628.04,570.94
74,43-1,681.32,619.38
74,43-2,657.40,597.63
74,44-1,846.96,769.97
74,49,141.24,128.40
74,50,86.58,78.71
74,51,179.12,162.84
74,52,184.70,167.91
74,52-1,229.95,209.05
74,52-2,264.47,240.42
74,53,116.30,105.73
74,54,42.57,38.70
74,55,51.57,46.88
74,56,541.12,491.92
74,57,444.49,404.08
74,57-1,379.45,344.95
74,58,412.69,375.17
74,59,389.58,354.16
74,59-1,450.76,409.79
74,61,275.64,250.59
74,62,322.17,292.88
74,64,542.49,493.18
74,66,1115.22,1013.84
74,71,769.12,699.20
74,71-1,662.58,602.34
74,73,206.25,187.50
74,75,810.39,736.72
74,75-1,800.21,727.46
74,80,1056.33,960.30
74,81,683.74,621.58
74,82,71.22,64.75
74,83,193.59,175.99
74,84,42.12,38.29
74,85,757.92,689.02
74,85-1,1097.02,997.29
74,86,1010.71,918.83
74,101,392.21,356.55
74,103,299.44,272.22
74,105-2,1257.89,1143.54
74,129,670.48,609.53
74,132,1088.51,989.56
74,135,980.47,891.34
74,140,332.16,301.96
74,140-1,332.16,301.96
74,140-2,332.16,301.96
74,142,899.53,817.75
74,143,537.09,488.27
74,152-1,620.71,564.29
74,153,581.25,528.41
74,200,586.44,533.13
74,201,757.20,688.36
74,203,592.24,538.40
74,207,270.43,245.85
74,220,248.51,225.92
74,221,387.45,352.23
74,222,298.15,271.04
74,223,566.33,514.85
74,300,1404.79,1277.08
74,301,1475.17,1341.06
74,302,1644.12,1494.66
74,500,635.89,578.08
74,919,612.63,556.93
74,942,1100.58,1000.53
74,GATE,670.47,609.52
75,1,665.05,604.59
75,2,702.13,638.30
75,3,784.47,713.15
75,4,764.98,695.43
75,5,724.34,658.49
75,6,830.42,754.92
75,7,751.22,682.93
75,8,744.99,677.27
75,9,766.88,697.16
75,10,865.84,787.13
75,10-1,927.36,843.05
75,11,814.63,740.57
75,12,774.58,704.16
75,13,649.80,590.72
75,14,865.51,786.82
75,15,843.94,767.21
75,15-1,888.29,807.54
75,16,936.83,851.66
75,16-1,891.25,810.23
75,17,940.23,854.75
75,18,489.79,445.26
75,19,417.81,379.83
75,20,525.50,477.73
75,21,481.47,437.70
75,22,287.30,261.18
75,24,413.06,375.51
75,25,316.59,287.81
75,25-1,437.92,398.11
75,26,444.38,403.98
75,27,213.97,194.52
75,28,229.10,208.28
75,29,769.61,699.64
75,30,351.11,319.19
75,31,173.55,157.77
75,32,59.69,54.26
75,32-1,48.96,44.51
75,33,88.78,80.71
75,34,363.89,330.81
75,35,404.42,367.65
75,36,243.95,221.77
75,37,169.74,154.31
75,38,146.85,133.50
75,39,360.76,327.97
75,40,350.47,318.61
75,43,400.93,364.48
75,43-1,379.52,345.02
75,43-2,355.60,323.27
75,44-1,321.88,292.62
75,49,1040.04,945.49
75,50,907.00,824.54
75,51,999.54,908.67
75,52,1005.11,913.74
75,52-1,1050.37,954.88
75,52-2,1084.88,986.26
75,53,1011.83,919.85
75,54,941.37,855.79
75,55,921.91,838.10
75,56,355.46,323.15
75,57,1271.99,1156.36
75,57-1,1206.95,1097.23
75,58,1212.80,1102.55
75,59,1217.08,1106.44
75,59-1,1278.27,1162.06
75,61,670.91,609.92
75,62,555.36,504.87
75,64,876.03,796.39
75,66,1032.49,938.63
75,71,1549.56,1408.69
75,71-1,1443.02,1311.84
75,73,730.50,664.09
75,74,810.39,736.72
75,75-1,51.30,46.64
75,80,1757.27,1597.52
75,81,1511.24,1373.86
75,82,955.94,869.03
75,83,1014.00,921.82
75,84,862.46,784.05
75,85,1585.42,1441.29
75,85-1,1797.96,1634.51
75,86,1711.65,1556.04
75,101,930.82,846.20
75,103,739.78,672.53
75,105-2,653.55,594.13
75,129,174.31,158.46
75,132,747.05,679.14
75,135,424.19,385.63
75,140,1159.66,1054.24
75,140-1,1159.66,1054.24
75,140-2,1159.66,1054.24
75,142,723.65,657.87
75,143,607.11,551.92
75,152-1,1401.16,1273.78
75,153,1361.69,1237.90
75,200,116.11,105.55
75,201,90.15,81.96
75,203,261.78,237.98
75,207,1090.85,991.68
75,220,1076.02,978.20
75,221,1214.96,1104.51
75,222,1125.65,1023.32
75,223,1393.84,1267.12
75,300,789.54,717.76
75,301,859.92,781.75
75,302,1028.87,935.34
75,500,359.62,326.93
75,919,1332.78,1211.61
75,942,1820.72,1655.20
75,GATE,1140.19,1036.54
75-1,1,654.86,595.33
75-1,2,691.95,629.04
75-1,3,774.29,703.90
75-1,4,754.80,686.18
75-1,5,714.16,649.23
75-1,6,820.23,745.67
75-1,7,741.04,673.67
75-1,8,734.81,668.01
75-1,9,756.70,687.91
75-1,10,855.66,777.87
75-1,10-1,917.18,833.80
75-1,11,804.44,731.31
75-1,12,764.40,694.91
75-1,13,639.62,581.47
75-1,14,855.32,777.57
75-1,15,833.75,757.96
75-1,15-1,878.11,798.28
75-1,16,926.65,842.41
75-1,16-1,881.07,800.97
75-1,17,930.04,845.49
75-1,18,537.36,488.51
75-1,19,486.93,442.67
75-1,20,515.32,468.48
75-1,21,471.29,428.44
75-1,22,277.11,251.92
75-1,24,402.88,366.25
75-1,25,306.40,278.55
75-1,25-1,427.74,388.86
75-1,26,434.20,394.72
75-1,27,203.79,185.26
75-1,28,218.92,199.02
75-1,29,759.43,690.39
75-1,30,340.93,309.93
75-1,31,203.72,185.20
75-1,32,101.98,92.71
75-1,32-1,97.23,88.39
75-1,33,151.71,137.91
75-1,34,433.01,393.65
75-1,35,473.54,430.49
75-1,36,313.07,284.61
75-1,37,199.91,181.74
75-1,38,244.58,222.34
75-1,39,437.80,398.00
75-1,40,427.51,388.64
75-1,43,390.75,355.23
75-1,43-1,369.34,335.76
75-1,43-2,345.42,314.01
75-1,44-1,391.00,355.45
75-1,49,1029.85,936.23
75-1,50,896.82,815.29
75-1,51,989.36,899.41
75-1,52,994.93,904.48
75-1,52-1,1040.19,945.62
75-1,52-2,1074.70,977.00
75-1,53,1001.65,910.59
75-1,54,931.19,846.53
75-1,55,911.72,828.84
75-1,56,345.28,313.89
75-1,57,1261.81,1147.10
75-1,57-1,1196.77,1087.98
75-1,58,1202.62,1093.29
75-1,59,1206.90,1097.18
75-1,59-1,1268.09,1152.81
75-1,61,660.73,600.66
75-1,62,545.18,495.62
75-1,64,865.85,787.14
75-1,66,1100.30,1000.27
75-1,71,1539.38,1399.43
75-1,71-1,1432.84,1302.58
75-1,73,720.31,654.83
75-1,74,800.21,727.46
75-1,75,51.30,46.64
75-1,80,1747.09,1588.26
75-1,81,1501.06,1364.60
75-1,82,945.75,859.78
75-1,83,1003.82,912.57
75-1,84,852.27,774.79
75-1,85,1575.24,1432.04
75-1,85-1,1787.78,1625.25
75-1,86,1701.47,1546.79
75-1,101,920.63,836.94
75-1,103,729.60,663.28
75-1,105-2,751.28,682.98
75-1,129,164.13,149.21
75-1,132,844.79,767.99
75-1,135,493.31,448.46
75-1,140,1149.48,1044.98
75-1,140-1,1149.48,1044.98
75-1,140-2,1149.48,1044.98
75-1,142,713.47,648.61
75-1,143,596.93,542.66
75-1,152-1,1390.97,1264.52
75-1,153,1351.51,1228.65
75-1,200,90.09,81.90
75-1,201,41.22,37.47
75-1,203,251.59,228.72
75-1,207,1080.66,982.42
75-1,220,1065.84,968.94
75-1,221,1204.77,1095.25
75-1,222,1115.47,1014.06
75-1,223,1383.65,1257.87
75-1,300,887.27,806.61
75-1,301,957.65,870.59
75-1,302,1126.60,1024.19
75-1,500,349.44,317.67
75-1,919,1322.59,1202.36
75-1,942,1810.54,1645.95
75-1,GATE,1130.01,1027.28
80,1,1259.16,1144.69
80,2,1252.23,1138.39
80,3,1228.57,1116.88
80,4,1234.42,1122.20
80,5,1267.32,1152.11
80,6,1293.98,1176.35
80,7,1332.57,1211.42
80,8,1363.52,1239.57
80,9,1383.43,1257.66
80,10,1405.57,1277.79
80,10-1,1445.97,1314.51
80,11,1449.18,1317.44
80,12,1449.83,1318.03
80,13,1464.89,1331.72
80,14,1325.15,1204.69
80,15,991.34,901.22
80,15-1,1123.90,1021.73
80,16,761.10,691.91
80,16-1,1062.45,965.87
80,17,965.11,877.37
80,18,1801.14,1637.40
80,19,1853.82,1685.29
80,20,1518.20,1380.18
80,21,1689.18,1535.62
80,22,1570.12,1427.39
80,24,1404.64,1276.95
80,25,1482.52,1347.75
80,25-1,1507.32,1370.29
80,26,1517.95,1379.95
80,27,1613.67,1466.97
80,28,1659.35,1508.50
80,29,2023.20,1839.27
80,30,1762.64,1602.40
80,31,1729.40,1572.18
80,32,1760.66,1600.60
80,32-1,1755.90,1596.28
80,33,1810.38,1645.80
80,34,1814.53,1649.57
80,35,1738.94,1580.85
80,36,1896.17,1723.79
80,37,1844.12,1676.48
80,38,1903.25,1730.23
80,39,2064.40,1876.73
80,40,2062.52,1875.02
80,43,1694.39,1540.36
80,43-1,1747.68,1588.80
80,43-2,1723.75,1567.05
80,44-1,1913.32,1739.38
80,49,1044.54,949.58
80,50,917.21,833.83
80,51,895.00,813.64
80,52,950.40,864.00
80,52-1,946.52,860.48
80,52-2,934.59,849.63
80,53,1024.30,931.18
80,54,1033.79,939.81
80,55,1024.63,931.49
80,56,1607.47,1461.34
80,57,657.65,597.86
80,57-1,669.86,608.96
80,58,578.05,525.50
80,59,652.75,593.41
80,59-1,652.75,593.41
80,61,1353.36,1230.33
80,62,1390.27,1263.88
80,64,900.57,818.70
80,66,2113.17,1921.06
80,71,407.92,370.83
80,71-1,460.13,418.30
80,73,1138.30,1034.82
80,74,1056.33,960.30
80,75,1757.27,1597.52
80,75-1,1747.09,1588.26
80,81,208.94,189.94
80,82,1108.66,1007.87
80,83,867.30,788.46
80,84,1003.21,912.00
80,85,114.90,104.45
80,85-1,63.30,57.55
80,86,142.38,129.44
80,101,1002.14,911.03
80,103,1100.89,1000.81
80,105-2,2282.69,2075.18
80,129,1617.36,1470.32
80,132,2146.56,1951.41
80,135,2046.83,1860.75
80,140,890.96,809.96
80,140-1,890.96,809.96
80,140-2,903.54,821.40
80,142,1977.25,1797.50
80,143,1614.81,1468.01
80,152-1,480.67,436.98
80,153,503.60,457.82
80,200,1540.83,1400.75
80,201,1704.08,1549.16
80,203,1539.12,1399.20
80,207,892.78,811.62
80,220,839.64,763.31
80,221,841.44,764.95
80,222,857.70,779.72
80,223,770.40,700.36
80,300,2471.15,2246.50
80,301,2541.53,2310.48
80,302,2710.48,2464.07
80,500,1431.66,1301.51
80,919,1610.58,1464.16
80,942,1949.01,1771.82
80,GATE,602.03,547.30
81,1,893.66,812.42
81,2,886.72,806.11
81,3,819.29,744.81
81,4,825.15,750.14
81,5,858.05,780.05
81,6,844.90,768.09
81,7,898.80,817.09
81,8,952.73,866.12
81,9,905.31,823.01
81,10,933.30,848.45
81,10-1,942.32,856.65
81,11,971.06,882.78
81,12,1019.97,927.25
81,13,1043.93,949.03
81,14,802.95,729.96
81,15,691.09,628.26
81,15-1,832.78,757.07
81,16,566.39,514.90
81,16-1,770.01,700.01
81,17,684.62,622.38
81,18,1435.63,1305.12
81,19,1488.32,1353.02
81,20,1152.70,1047.91
81,21,1323.68,1203.34
81,22,1204.62,1095.11
81,24,1042.51,947.73
81,25,1117.01,1015.47
81,25-1,1145.99,1041.81
81,26,1152.44,1047.67
81,27,1252.57,1138.70
81,28,1293.85,1176.22
81,29,1629.33,1481.20
81,30,1397.13,1270.12
81,31,1363.89,1239.90
81,32,1514.63,1376.94
81,32-1,1509.87,1372.61
81,33,1483.55,1348.68
81,34,1449.02,1317.29
81,35,1373.43,1248.58
81,36,1530.67,1391.51
81,37,1478.62,1344.20
81,38,1578.33,1434.85
81,39,1698.90,1544.45
81,40,1697.01,1542.74
81,43,1328.89,1208.08
81,43-1,1382.17,1256.52
81,43-2,1358.25,1234.77
81,44-1,1547.81,1407.10
81,49,518.18,471.08
81,50,599.39,544.90
81,51,545.45,495.87
81,52,442.76,402.51
81,52-1,442.76,402.51
81,52-2,510.14,463.77
81,53,497.95,452.68
81,54,582.32,529.38
81,55,622.19,565.63
81,56,1241.97,1129.06
81,57,359.62,326.93
81,57-1,371.83,338.03
81,58,313.63,285.12
81,59,354.72,322.47
81,59-1,354.72,322.47
81,61,971.13,882.85
81,62,1024.76,931.60
81,64,785.37,713.97
81,66,1586.82,1442.56
81,71,347.56,315.97
81,71-1,317.76,288.87
81,73,841.81,765.28
81,74,683.74,621.58
81,75,1511.24,1373.86
81,75-1,1501.06,1364.60
81,80,208.94,189.94
81,82,582.30,529.36
81,83,625.01,568.19
81,84,662.14,601.94
81,85,78.22,71.11
81,85-1,122.17,111.06
81,86,366.03,332.76
81,101,807.43,734.02
81,103,889.16,808.33
81,105-2,1756.34,1596.67
81,129,1371.33,1246.66
81,132,1620.20,1472.91
81,135,1681.32,1528.48
81,140,364.60,331.46
81,140-1,364.60,331.46
81,140-2,377.18,342.89
81,142,1611.74,1465.22
81,143,1249.30,1135.73
81,152-1,465.67,423.34
81,153,404.53,367.76
81,200,1287.29,1170.27
81,201,1458.05,1325.50
81,203,1293.09,1175.54
81,207,509.05,462.77
81,220,313.28,284.80
81,221,315.09,286.44
81,222,414.00,376.36
81,223,239.53,217.75
81,300,2069.41,1881.28
81,301,2139.79,1945.26
81,302,2307.85,2098.04
81,500,1316.45,1196.78
81,919,1084.23,985.66
81,942,1572.17,1429.25
81,GATE,620.17,563.79
82,1,315.69,286.99
82,2,267.73,243.39
82,3,192.69,175.17
82,4,198.55,180.50
82,5,231.45,210.41
82,6,251.17,228.34
82,7,296.69,269.72
82,8,350.63,318.75
82,9,311.58,283.25
82,10,339.57,308.70
82,10-1,348.59,316.90
82,11,377.33,343.03
82,12,426.24,387.49
82,13,450.20,409.27
82,14,209.22,190.20
82,15,221.11,201.01
82,15-1,362.80,329.82
82,16,309.93,281.76
82,16-1,300.03,272.76
82,17,214.64,195.13
82,18,812.09,738.26
82,19,864.78,786.16
82,20,529.16,481.05
82,21,713.61,648.73
82,22,620.76,564.32
82,24,487.20,442.91
82,25,561.71,510.64
82,25-1,590.68,536.98
82,26,597.13,542.85
82,27,697.27,633.88
82,28,738.54,671.40
82,29,1034.15,940.14
82,30,813.27,739.34
82,31,780.03,709.12
82,32,959.32,872.11
82,32-1,939.77,854.33
82,33,899.68,817.90
82,34,865.16,786.51
82,35,754.58,685.98
82,36,926.14,841.94
82,37,894.76,813.42
82,38,994.47,904.07
82,39,1094.37,994.88
82,40,1098.67,998.79
82,43,724.36,658.51
82,43-1,785.37,713.98
82,43-2,757.86,688.97
82,44-1,943.28,857.53
82,49,88.28,80.25
82,50,181.42,164.92
82,51,266.11,241.92
82,52,205.66,186.97
82,52-1,231.34,210.31
82,52-2,297.99,270.90
82,53,105.12,95.57
82,54,100.72,91.57
82,55,118.11,107.37
82,56,651.87,592.60
82,57,432.90,393.54
82,57-1,367.86,334.42
82,58,482.20,438.36
82,59,377.99,343.62
82,59-1,439.17,399.25
82,61,344.53,313.21
82,62,424.13,385.57
82,64,637.33,579.39
82,66,993.09,902.81
82,71,718.12,652.84
82,71-1,688.31,625.74
82,73,351.79,319.81
82,74,71.22,64.75
82,75,955.94,869.03
82,75-1,945.75,859.78
82,80,1108.66,1007.87
82,81,582.30,529.36
82,83,288.42,262.20
82,84,162.82,148.02
82,85,656.48,596.80
82,85-1,1149.34,1044.86
82,86,1063.03,966.39
82,101,487.04,442.76
82,103,419.18,381.08
82,105-2,1162.61,1056.92
82,129,816.02,741.84
82,132,1026.47,933.15
82,135,1076.80,978.91
82,140,218.58,198.71
82,140-1,218.58,198.71
82,140-2,218.58,198.71
82,142,988.20,898.37
82,143,625.77,568.88
82,152-1,715.55,650.50
82,153,676.08,614.62
82,200,731.99,665.44
82,201,902.74,820.68
82,203,737.79,670.71
82,207,296.90,269.91
82,220,236.92,215.38
82,221,299.98,272.71
82,222,286.56,260.51
82,223,416.44,378.58
82,300,1475.68,1341.52
82,301,1546.06,1405.51
82,302,1714.12,1558.29
82,500,781.43,710.40
82,919,490.49,445.90
82,942,978.44,889.49
82,GATE,765.30,695.73
83,1,396.42,360.38
83,2,389.48,354.07
83,3,365.82,332.56
83,4,371.68,337.89
83,5,404.58,367.80
83,6,431.24,392.03
83,7,469.82,427.11
83,8,500.78,455.25
83,9,520.69,473.35
83,10,542.82,493.48
83,10-1,583.22,530.20
83,11,586.44,533.12
83,12,587.09,533.71
83,13,602.14,547.40
83,14,462.41,420.37
83,15,128.60,116.91
83,15-1,266.52,242.29
83,16,112.09,101.90
83,16-1,203.76,185.23
83,17,102.36,93.06
83,18,938.39,853.08
83,19,991.08,900.98
83,20,655.46,595.87
83,21,826.44,751.31
83,22,707.38,643.07
83,24,545.27,495.70
83,25,619.78,563.43
83,25-1,648.75,589.77
83,26,655.20,595.64
83,27,755.33,686.67
83,28,796.61,724.19
83,29,1160.45,1054.96
83,30,899.90,818.09
83,31,866.65,787.87
83,32,1017.39,924.90
83,32-1,1012.64,920.58
83,33,986.31,896.64
83,34,951.78,865.26
83,35,876.20,796.54
83,36,1033.43,939.48
83,37,981.38,892.16
83,38,1081.10,982.81
83,39,1201.66,1092.42
83,40,1199.77,1090.70
83,43,831.65,756.04
83,43-1,884.93,804.48
83,43-2,861.01,782.73
83,44-1,1050.57,955.07
83,49,258.90,235.36
83,50,59.40,54.00
83,51,55.73,50.66
83,52,115.53,105.03
83,52-1,111.65,101.50
83,52-2,122.92,111.75
83,53,223.19,202.90
83,54,192.25,174.77
83,55,180.03,163.66
83,56,744.73,677.02
83,57,325.29,295.72
83,57-1,260.25,236.59
83,58,223.66,203.32
83,59,270.38,245.80
83,59-1,331.57,301.42
83,61,490.62,446.02
83,62,527.52,479.57
83,64,488.63,444.21
83,66,1332.42,1211.29
83,71,580.09,527.35
83,71-1,473.55,430.50
83,73,275.55,250.50
83,74,193.59,175.99
83,75,1014.00,921.82
83,75-1,1003.82,912.57
83,80,867.30,788.46
83,81,625.01,568.19
83,82,288.42,262.20
83,84,140.46,127.69
83,85,699.19,635.63
83,85-1,907.99,825.45
83,86,821.68,746.98
83,101,278.24,252.94
83,103,322.91,293.55
83,105-2,1461.50,1328.64
83,129,874.09,794.63
83,132,1303.48,1184.99
83,135,1184.09,1076.44
83,140,281.21,255.65
83,140-1,281.21,255.65
83,140-2,281.21,255.65
83,142,1114.50,1013.18
83,143,752.07,683.70
83,152-1,431.68,392.44
83,153,392.22,356.56
83,200,790.06,718.23
83,201,960.81,873.46
83,203,795.85,723.50
83,207,128.55,116.86
83,220,183.50,166.82
83,221,328.72,298.84
83,222,178.95,162.68
83,223,507.60,461.46
83,300,1608.40,1462.18
83,301,1678.78,1526.16
83,302,1847.73,1679.76
83,500,839.50,763.18
83,919,829.83,754.39
83,942,1317.78,1197.98
83,GATE,477.39,433.99
84,1,244.87,222.61
84,2,237.93,216.30
84,3,240.22,218.38
84,4,246.07,223.70
84,5,278.98,253.61
84,6,305.63,277.85
84,7,344.22,312.93
84,8,349.23,317.48
84,9,395.08,359.17
84,10,417.22,379.29
84,10-1,457.62,416.02
84,11,460.83,418.94
84,12,435.54,395.94
84,13,450.60,409.63
84,14,336.81,306.19
84,15,30.06,27.33
84,15-1,129.19,117.44
84,16,97.78,88.89
84,16-1,87.88,79.89
84,17,39.99,36.36
84,18,786.84,715.31
84,19,839.53,763.21
84,20,503.91,458.10
84,21,674.89,613.54
84,22,555.83,505.30
84,24,393.72,357.93
84,25,468.23,425.66
84,25-1,497.20,452.00
84,26,503.66,457.87
84,27,603.79,548.90
84,28,645.06,586.42
84,29,1008.91,917.19
84,30,748.35,680.32
84,31,715.10,650.10
84,32,865.84,787.13
84,32-1,861.09,782.81
84,33,834.76,758.87
84,34,800.23,727.49
84,35,724.65,658.77
84,36,881.88,801.71
84,37,829.83,754.39
84,38,929.55,845.04
84,39,1050.11,954.65
84,40,1048.23,952.93
84,43,680.10,618.27
84,43-1,733.38,666.71
84,43-2,709.46,644.96
84,44-1,899.02,817.30
84,49,225.25,204.77
84,50,45.49,41.35
84,51,142.24,129.31
84,52,147.81,134.37
84,52-1,193.07,175.52
84,52-2,227.58,206.89
84,53,162.72,147.93
84,54,103.82,94.38
84,55,72.87,66.25
84,56,593.18,539.25
84,57,422.89,384.44
84,57-1,357.85,325.32
84,58,359.56,326.87
84,59,367.98,334.52
84,59-1,429.16,390.15
84,61,339.07,308.24
84,62,375.98,341.80
84,64,420.58,382.35
84,66,1206.82,1097.11
84,71,715.99,650.90
84,71-1,609.45,554.05
84,73,119.24,108.40
84,74,42.12,38.29
84,75,862.46,784.05
84,75-1,852.27,774.79
84,80,1003.21,912.00
84,81,662.14,601.94
84,82,162.82,148.02
84,83,140.46,127.69
84,85,736.32,669.38
84,85-1,1043.89,948.99
84,86,957.58,870.53
84,101,270.30,245.73
84,103,202.44,184.04
84,105-2,1309.96,1190.87
84,129,722.54,656.86
84,132,1151.94,1047.21
84,135,1032.54,938.67
84,140,310.55,282.32
84,140-1,310.55,282.32
84,140-2,310.55,282.32
84,142,962.95,875.41
84,143,600.52,545.93
84,152-1,567.59,515.99
84,153,528.12,480.11
84,200,638.51,580.46
84,201,809.26,735.69
84,203,644.31,585.73
84,207,233.55,212.31
84,220,226.91,206.28
84,221,365.85,332.59
84,222,276.55,251.41
84,223,544.73,495.21
84,300,1456.85,1324.41
84,301,1527.23,1388.39
84,302,1696.18,1541.99
84,500,687.96,625.41
84,919,704.23,640.21
84,942,1192.18,1083.80
84,GATE,617.34,561.22
85,1,967.84,879.85
85,2,960.90,873.55
85,3,893.47,812.25
85,4,899.33,817.57
85,5,932.23,847.48
85,6,919.08,835.53
85,7,972.98,884.53
85,8,1026.91,933.56
85,9,979.49,890.45
85,10,1007.48,915.89
85,10-1,1016.50,924.09
85,11,1045.24,950.22
85,12,1094.15,994.68
85,13,1118.11,1016.46
85,14,877.13,797.39
85,15,765.27,695.70
85,15-1,906.96,824.51
85,16,640.57,582.33
85,16-1,844.19,767.45
85,17,758.80,689.82
85,18,1509.81,1372.55
85,19,1562.50,1420.45
85,20,1226.88,1115.34
85,21,1397.86,1270.78
85,22,1278.80,1162.54
85,24,1116.69,1015.17
85,25,1191.20,1082.90
85,25-1,1220.17,1109.24
85,26,1226.62,1115.11
85,27,1326.75,1206.14
85,28,1368.03,1243.66
85,29,1703.51,1548.64
85,30,1471.32,1337.56
85,31,1438.07,1307.34
85,32,1588.81,1444.37
85,32-1,1584.06,1440.05
85,33,1557.73,1416.12
85,34,1523.20,1384.73
85,35,1447.61,1316.01
85,36,1604.85,1458.95
85,37,1552.80,1411.64
85,38,1652.52,1502.29
85,39,1773.08,1611.89
85,40,1771.19,1610.17
85,43,1403.07,1275.51
85,43-1,1456.35,1323.95
85,43-2,1432.43,1302.21
85,44-1,1621.99,1474.54
85,49,592.36,538.51
85,50,673.57,612.34
85,51,619.63,563.30
85,52,516.94,469.94
85,52-1,516.94,469.94
85,52-2,584.32,531.20
85,53,572.13,520.12
85,54,656.50,596.82
85,55,696.37,633.06
85,56,1316.15,1196.50
85,57,433.80,394.36
85,57-1,446.01,405.46
85,58,387.81,352.56
85,59,428.90,389.91
85,59-1,428.90,389.91
85,61,1045.31,950.28
85,62,1098.94,999.04
85,64,859.55,781.41
85,66,1661.00,1510.00
85,71,421.74,383.40
85,71-1,391.94,356.31
85,73,915.99,832.72
85,74,757.92,689.02
85,75,1585.42,1441.29
85,75-1,1575.24,1432.04
85,80,114.90,104.45
85,81,78.22,71.11
85,82,656.48,596.80
85,83,699.19,635.63
85,84,736.32,669.38
85,85-1,61.51,55.92
85,86,271.99,247.27
85,101,881.61,801.46
85,103,963.34,875.77
85,105-2,1830.52,1664.11
85,129,1445.51,1314.10
85,132,1694.38,1540.35
85,135,1755.50,1595.91
85,140,438.78,398.89
85,140-1,438.78,398.89
85,140-2,451.36,410.33
85,142,1685.92,1532.66
85,143,1323.48,1203.17
85,152-1,539.85,490.77
85,153,478.71,435.19
85,200,1361.47,1237.70
85,201,1532.23,1392.94
85,203,1367.27,1242.98
85,207,583.23,530.21
85,220,387.46,352.24
85,221,389.27,353.88
85,222,488.18,443.80
85,223,318.22,289.29
85,300,2143.59,1948.72
85,301,2213.97,2012.70
85,302,2382.03,2165.48
85,500,1390.64,1264.21
85,919,1158.41,1053.10
85,942,1646.36,1496.69
85,GATE,694.31,631.19
85-1,1,1299.85,1181.68
85-1,2,1292.92,1175.38
85-1,3,1269.25,1153.87
85-1,4,1275.11,1159.19
85-1,5,1308.01,1189.10
85-1,6,1334.67,1213.34
85-1,7,1373.26,1248.41
85-1,8,1404.21,1276.56
85-1,9,1424.12,1294.65
85-1,10,1446.26,1314.78
85-1,10-1,1486.65,1351.50
85-1,11,1489.87,1354.43
85-1,12,1490.52,1355.02
85-1,13,1505.58,1368.71
85-1,14,1365.84,1241.68
85-1,15,1032.03,938.21
85-1,15-1,1164.59,1058.72
85-1,16,801.78,728.90
85-1,16-1,1103.14,1002.86
85-1,17,1005.80,914.36
85-1,18,1841.82,1674.39
85-1,19,1894.51,1722.28
85-1,20,1558.89,1417.17
85-1,21,1729.87,1572.61
85-1,22,1610.81,1464.38
85-1,24,1445.33,1313.94
85-1,25,1523.21,1384.74
85-1,25-1,1548.00,1407.28
85-1,26,1558.64,1416.94
85-1,27,1654.36,1503.96
85-1,28,1700.04,1545.49
85-1,29,2063.89,1876.26
85-1,30,1803.33,1639.39
85-1,31,1770.09,1609.17
85-1,32,1801.35,1637.59
85-1,32-1,1796.59,1633.27
85-1,33,1851.07,1682.79
85-1,34,1855.22,1686.56
85-1,35,1779.63,1617.84
85-1,36,1936.86,1760.78
85-1,37,1884.81,1713.47
85-1,38,1943.94,1767.22
85-1,39,2105.09,1913.72
85-1,40,2103.21,1912.01
85-1,43,1735.08,1577.35
85-1,43-1,1788.36,1625.79
85-1,43-2,1764.44,1604.04
85-1,44-1,1954.01,1776.37
85-1,49,1085.23,986.57
85-1,50,957.90,870.82
85-1,51,935.69,850.63
85-1,52,991.09,900.99
85-1,52-1,987.21,897.47
85-1,52-2,975.28,886.62
85-1,53,1064.99,968.17
85-1,54,1074.48,976.80
85-1,55,1065.32,968.48
85-1,56,1648.16,1498.33
85-1,57,698.34,634.85
85-1,57-1,710.55,645.95
85-1,58,618.74,562.49
85-1,59,693.44,630.40
85-1,59-1,693.44,630.40
85-1,61,1394.05,1267.32
85-1,62,1430.96,1300.87
85-1,64,941.26,855.69
85-1,66,2153.86,1958.05
85-1,71,448.61,407.82
85-1,71-1,500.82,455.29
85-1,73,1178.99,1071.81
85-1,74,1097.02,997.29
85-1,75,1797.96,1634.51
85-1,75-1,1787.78,1625.25
85-1,80,63.30,57.55
85-1,81,122.17,111.06
85-1,82,1149.34,1044.86
85-1,83,907.99,825.45
85-1,84,1043.89,948.99
85-1,85,61.51,55.92
85-1,86,220.40,200.36
85-1,101,1042.82,948.02
85-1,103,1141.58,1037.80
85-1,105-2,2323.38,2112.17
85-1,129,1658.04,1507.31
85-1,132,2187.24,1988.40
85-1,135,2087.52,1897.74
85-1,140,931.65,846.95
85-1,140-1,931.65,846.95
85-1,140-2,944.23,858.39
85-1,142,2017.94,1834.49
85-1,143,1655.50,1505.00
85-1,152-1,521.36,473.97
85-1,153,544.29,494.81
85-1,200,1581.51,1437.74
85-1,201,1744.77,1586.15
85-1,203,1579.81,1436.19
85-1,207,933.47,848.61
85-1,220,880.33,800.30
85-1,221,882.13,801.94
85-1,222,898.38,816.71
85-1,223,811.09,737.35
85-1,300,2511.83,2283.49
85-1,301,2582.21,2347.47
85-1,302,2751.17,2501.06
85-1,500,1472.35,1338.50
85-1,919,1651.27,1501.15
85-1,942,1989.69,1808.81
85-1,GATE,642.71,584.29
86,1,1213.54,1103.22
86,2,1206.60,1096.91
86,3,1182.94,1075.40
86,4,1188.80,1080.73
86,5,1221.70,1110.64
86,6,1248.36,1134.87
86,7,1286.94,1169.95
86,8,1317.90,1198.09
86,9,1337.81,1216.19
86,10,1359.95,1236.31
86,10-1,1400.34,1273.04
86,11,1403.56,1275.96
86,12,1404.21,1276.55
86,13,1419.27,1290.24
86,14,1279.53,1163.21
86,15,945.72,859.75
86,15-1,1078.28,980.25
86,16,715.47,650.43
86,16-1,1016.83,924.39
86,17,919.49,835.90
86,18,1755.51,1595.92
86,19,1808.20,1643.82
86,20,1472.58,1338.71
86,21,1643.56,1494.15
86,22,1524.50,1385.91
86,24,1359.02,1235.47
86,25,1436.90,1306.27
86,25-1,1461.69,1328.81
86,26,1472.33,1338.48
86,27,1568.05,1425.50
86,28,1613.73,1467.03
86,29,1977.58,1797.80
86,30,1717.02,1560.93
86,31,1683.77,1530.70
86,32,1715.04,1559.12
86,32-1,1710.28,1554.80
86,33,1764.76,1604.33
86,34,1768.90,1608.09
86,35,1693.32,1539.38
86,36,1850.55,1682.32
86,37,1798.50,1635.00
86,38,1857.63,1688.76
86,39,2018.78,1835.26
86,40,2016.90,1833.54
86,43,1648.77,1498.88
86,43-1,1702.05,1547.32
86,43-2,1678.13,1525.57
86,44-1,1867.69,1697.90
86,49,998.91,908.10
86,50,871.59,792.35
86,51,849.38,772.17
86,52,904.78,822.53
86,52-1,900.90,819.00
86,52-2,888.97,808.15
86,53,978.68,889.71
86,54,988.17,898.34
86,55,979.01,890.01
86,56,1561.85,1419.86
86,57,612.03,556.39
86,57-1,624.24,567.49
86,58,532.43,484.02
86,59,607.12,551.93
86,59-1,607.12,551.93
86,61,1307.74,1188.85
86,62,1344.65,1222.40
86,64,854.95,777.23
86,66,2067.55,1879.59
86,71,362.30,329.36
86,71-1,414.51,376.83
86,73,1092.67,993.34
86,74,1010.71,918.83
86,75,1711.65,1556.04
86,75-1,1701.47,1546.79
86,80,142.38,129.44
86,81,366.03,332.76
86,82,1063.03,966.39
86,83,821.68,746.98
86,84,957.58,870.53
86,85,271.99,247.27
86,85-1,220.40,200.36
86,101,956.51,869.56
86,103,1055.27,959.34
86,105-2,2237.07,2033.70
86,129,1571.73,1428.85
86,132,2100.93,1909.94
86,135,2001.21,1819.28
86,140,845.34,768.49
86,140-1,845.34,768.49
86,140-2,857.91,779.92
86,142,1931.62,1756.02
86,143,1569.19,1426.53
86,152-1,435.05,395.50
86,153,457.98,416.35
86,200,1495.20,1359.28
86,201,1658.46,1507.69
86,203,1493.50,1357.73
86,207,847.16,770.14
86,220,794.02,721.83
86,221,795.82,723.47
86,222,812.07,738.25
86,223,724.78,658.89
86,300,2425.52,2205.02
86,301,2495.90,2269.00
86,302,2664.85,2422.59
86,500,1386.04,1260.03
86,919,1564.96,1422.69
86,942,1903.38,1730.35
86,GATE,556.40,505.82
101,1,399.96,363.60
101,2,393.02,357.29
101,3,461.89,419.90
101,4,436.28,396.62
101,5,483.66,439.69
101,6,545.71,496.10
101,7,531.89,483.53
101,8,504.32,458.47
101,9,577.89,525.35
101,10,657.30,597.54
101,10-1,697.69,634.27
101,11,631.55,574.13
101,12,590.62,536.93
101,13,605.68,550.62
101,14,576.88,524.44
101,15,183.56,166.88
101,15-1,138.36,125.78
101,16,38.46,34.97
101,16-1,68.26,62.05
101,17,238.62,216.92
101,18,941.93,856.30
101,19,994.62,904.20
101,20,658.99,599.09
101,21,829.98,754.52
101,22,710.92,646.29
101,24,520.77,473.43
101,25,619.54,563.22
101,25-1,623.44,566.77
101,26,654.97,595.42
101,27,757.74,688.85
101,28,800.14,727.40
101,29,1163.99,1058.17
101,30,903.43,821.30
101,31,870.19,791.08
101,32,934.20,849.28
101,32-1,929.45,844.95
101,33,983.93,894.48
101,34,955.32,868.47
101,35,879.73,799.76
101,36,1036.96,942.69
101,37,984.92,895.38
101,38,1076.80,978.91
101,39,1205.20,1095.63
101,40,1203.31,1093.92
101,43,835.18,759.26
101,43-1,888.47,807.70
101,43-2,864.55,785.95
101,44-1,1054.11,958.28
101,49,526.14,478.31
101,50,320.87,291.70
101,51,341.24,310.22
101,52,416.43,378.58
101,52-1,412.56,375.05
101,52-2,423.83,385.30
101,53,457.61,416.01
101,54,398.70,362.45
101,55,378.65,344.23
101,56,748.26,680.24
101,57,626.19,569.27
101,57-1,561.16,510.14
101,58,273.96,249.05
101,59,571.28,519.35
101,59-1,632.47,574.97
101,61,494.15,449.23
101,62,531.06,482.78
101,64,130.40,118.55
101,66,1504.86,1368.06
101,71,714.92,649.93
101,71-1,608.38,553.07
101,73,222.85,202.59
101,74,392.21,356.55
101,75,930.82,846.20
101,75-1,920.63,836.94
101,80,1002.14,911.03
101,81,807.43,734.02
101,82,487.04,442.76
101,83,278.24,252.94
101,84,270.30,245.73
101,85,881.61,801.46
101,85-1,1042.82,948.02
101,86,956.51,869.56
101,103,90.72,82.48
101,105-2,1465.04,1331.86
101,129,790.90,719.00
101,132,1307.02,1188.20
101,135,1187.62,1079.66
101,140,582.11,529.19
101,140-1,582.11,529.19
101,140-2,582.11,529.19
101,142,1118.04,1016.40
101,143,755.60,686.91
101,152-1,566.52,515.01
101,153,527.05,479.14
101,200,714.37,649.43
101,201,877.62,797.84
101,203,712.67,647.88
101,207,429.45,390.41
101,220,484.40,440.37
101,221,629.63,572.39
101,222,479.85,436.23
101,223,808.50,735.00
101,300,1611.94,1465.40
101,301,1682.32,1529.38
101,302,1851.27,1682.97
101,500,605.20,550.19
101,919,1028.45,934.95
101,942,1516.40,1378.54
101,GATE,404.61,367.83
103,1,285.91,259.92
103,2,295.93,269.03
103,3,364.81,331.64
103,4,339.19,308.36
103,5,386.58,351.43
103,6,448.62,407.84
103,7,434.80,395.27
103,8,407.23,370.21
103,9,480.80,437.10
103,10,560.21,509.28
103,10-1,600.61,546.01
103,11,534.46,485.87
103,12,493.54,448.67
103,13,483.46,439.51
103,14,479.80,436.18
103,15,94.88,86.26
103,15-1,87.75,79.77
103,16,88.95,80.87
103,16-1,49.33,44.85
103,17,170.76,155.24
103,18,772.04,701.86
103,19,824.73,749.75
103,20,529.30,481.18
103,21,658.96,599.06
103,22,539.90,490.82
103,24,314.18,285.61
103,25,412.95,375.41
103,25-1,416.85,378.96
103,26,448.37,407.61
103,27,551.15,501.04
103,28,610.10,554.63
103,29,994.11,903.73
103,30,732.42,665.84
103,31,699.18,635.62
103,32,743.17,675.61
103,32-1,738.42,671.29
103,33,792.90,720.81
103,34,784.31,713.01
103,35,708.72,644.29
103,36,865.95,787.23
103,37,813.90,739.91
103,38,885.77,805.24
103,39,1034.18,940.17
103,40,1032.30,938.45
103,43,664.17,603.79
103,43-1,717.46,652.23
103,43-2,693.53,630.48
103,44-1,883.10,802.82
103,49,458.29,416.62
103,50,253.01,230.01
103,51,346.66,315.15
103,52,374.84,340.76
103,52-1,417.98,379.98
103,52-2,429.25,390.22
103,53,389.75,354.32
103,54,330.84,300.77
103,55,310.79,282.54
103,56,577.25,524.77
103,57,631.61,574.19
103,57-1,566.58,515.07
103,58,372.71,338.83
103,59,576.70,524.27
103,59-1,637.89,579.90
103,61,397.07,360.97
103,62,360.55,327.77
103,64,241.01,219.10
103,66,1334.98,1213.62
103,71,813.68,739.71
103,71-1,707.14,642.85
103,73,82.03,74.58
103,74,299.44,272.22
103,75,739.78,672.53
103,75-1,729.60,663.28
103,80,1100.89,1000.81
103,81,889.16,808.33
103,82,419.18,381.08
103,83,322.91,293.55
103,84,202.44,184.04
103,85,963.34,875.77
103,85-1,1141.58,1037.80
103,86,1055.27,959.34
103,101,90.72,82.48
103,105-2,1294.03,1176.39
103,129,599.87,545.34
103,132,1137.13,1033.76
103,135,1016.61,924.19
103,140,537.58,488.71
103,140-1,537.58,488.71
103,140-2,537.58,488.71
103,142,948.15,861.96
103,143,625.90,569.00
103,152-1,665.27,604.79
103,153,625.81,568.92
103,200,523.34,475.76
103,201,686.59,624.17
103,203,521.63,474.21
103,207,434.87,395.34
103,220,453.94,412.67
103,221,592.88,538.98
103,222,485.27,441.16
103,223,771.76,701.60
103,300,1440.93,1309.93
103,301,1511.31,1373.91
103,302,1680.26,1527.51
103,500,414.17,376.52
103,919,947.07,860.97
103,942,1435.02,1304.56
103,GATE,505.51,459.56
105-2,1,1025.96,932.69
105-2,2,1038.88,944.44
105-2,3,1121.22,1019.29
105-2,4,1101.73,1001.58
105-2,5,1034.42,940.38
105-2,6,1118.34,1016.67
105-2,7,1030.70,937.00
105-2,8,1038.88,944.44
105-2,9,1033.55,939.59
105-2,10,1039.20,944.73
105-2,10-1,1024.43,931.30
105-2,11,1045.60,950.54
105-2,12,969.76,881.60
105-2,13,863.86,785.33
105-2,14,1063.32,966.66
105-2,15,1291.44,1174.03
105-2,15-1,1335.79,1214.35
105-2,16,1413.05,1284.59
105-2,16-1,1371.72,1247.02
105-2,17,1387.72,1261.57
105-2,18,582.21,529.28
105-2,19,510.23,463.85
105-2,20,635.22,577.47
105-2,21,645.46,586.78
105-2,22,690.59,627.81
105-2,24,973.38,884.89
105-2,25,903.08,820.98
105-2,25-1,1002.90,911.73
105-2,26,943.26,857.51
105-2,27,775.68,705.16
105-2,28,733.89,667.17
105-2,29,349.94,318.13
105-2,30,595.18,541.07
105-2,31,727.79,661.63
105-2,32,670.56,609.60
105-2,32-1,640.26,582.05
105-2,33,587.66,534.24
105-2,34,462.35,420.32
105-2,35,496.84,451.67
105-2,36,427.63,388.76
105-2,37,489.70,445.18
105-2,38,485.36,441.24
105-2,39,319.29,290.26
105-2,40,300.62,273.29
105-2,43,632.45,574.96
105-2,43-1,559.91,509.01
105-2,43-2,598.93,544.49
105-2,44-1,414.29,376.63
105-2,49,1412.92,1284.47
105-2,50,1354.50,1231.36
105-2,51,1447.04,1315.49
105-2,52,1452.61,1320.55
105-2,52-1,1497.87,1361.70
105-2,52-2,1532.38,1393.07
105-2,53,1387.98,1261.80
105-2,54,1314.25,1194.77
105-2,55,1331.64,1210.58
105-2,56,652.79,593.44
105-2,57,1716.17,1560.15
105-2,57-1,1651.13,1501.03
105-2,58,1680.60,1527.82
105-2,59,1661.26,1510.23
105-2,59-1,1722.44,1565.86
105-2,61,950.39,863.99
105-2,62,912.78,829.80
105-2,64,1512.29,1374.81
105-2,66,441.31,401.19
105-2,71,1892.16,1720.14
105-2,71-1,1862.35,1693.05
105-2,73,1249.59,1135.99
105-2,74,1257.89,1143.54
105-2,75,653.55,594.13
105-2,75-1,751.28,682.98
105-2,80,2282.69,2075.18
105-2,81,1756.34,1596.67
105-2,82,1162.61,1056.92
105-2,83,1461.50,1328.64
105-2,84,1309.96,1190.87
105-2,85,1830.52,1664.11
105-2,85-1,2323.38,2112.17
105-2,86,2237.07,2033.70
105-2,101,1465.04,1331.86
105-2,103,1294.03,1176.39
105-2,129,794.93,722.66
105-2,132,133.78,121.62
105-2,135,275.55,250.50
105-2,140,1405.26,1277.51
105-2,140-1,1405.26,1277.51
105-2,140-2,1405.26,1277.51
105-2,142,424.23,385.66
105-2,143,572.90,520.82
105-2,152-1,1888.63,1716.93
105-2,153,1849.16,1681.06
105-2,200,785.03,713.66
105-2,201,779.55,708.68
105-2,203,914.46,831.33
105-2,207,1538.35,1398.50
105-2,220,1520.19,1381.99
105-2,221,1474.02,1340.02
105-2,222,1569.83,1427.11
105-2,223,1590.48,1445.89
105-2,300,375.43,341.30
105-2,301,445.81,405.28
105-2,302,613.87,558.06
105-2,500,1012.31,920.28
105-2,919,1239.57,1126.88
105-2,942,1674.20,1522.00
105-2,GATE,1776.45,1614.96
129,1,518.91,471.74
129,2,531.84,483.49
129,3,614.18,558.34
129,4,594.69,540.62
129,5,554.05,503.68
129,6,660.12,600.11
129,7,580.93,528.11
129,8,574.70,522.46
129,9,596.59,542.35
129,10,695.55,632.32
129,10-1,757.07,688.24
129,11,644.33,585.76
129,12,604.29,549.35
129,13,479.51,435.91
129,14,695.21,632.01
129,15,704.02,640.02
129,15-1,748.38,680.34
129,16,796.91,724.47
129,16-1,751.33,683.03
129,17,800.31,727.56
129,18,377.25,342.96
129,19,401.21,364.74
129,20,355.21,322.92
129,21,311.18,282.89
129,22,117.00,106.37
129,24,273.15,248.32
129,25,176.67,160.61
129,25-1,298.01,270.92
129,26,303.41,275.83
129,27,61.52,55.92
129,28,53.32,48.47
129,29,599.32,544.83
129,30,184.23,167.49
129,31,94.00,85.46
129,32,177.70,161.54
129,32-1,172.94,157.22
129,33,227.42,206.75
129,34,276.08,250.98
129,35,313.93,285.39
129,36,366.85,333.50
129,37,275.63,250.57
129,38,320.29,291.18
129,39,513.51,466.83
129,40,503.22,457.47
129,43,230.64,209.67
129,43-1,209.23,190.21
129,43-2,185.31,168.46
129,44-1,384.00,349.09
129,49,900.12,818.29
129,50,767.08,697.35
129,51,859.62,781.48
129,52,865.20,786.54
129,52-1,910.45,827.68
129,52-2,944.97,859.06
129,53,871.92,792.65
129,54,801.45,728.60
129,55,781.99,710.90
129,56,185.17,168.34
129,57,1132.08,1029.16
129,57-1,1067.04,970.04
129,58,1072.89,975.35
129,59,1077.17,979.24
129,59-1,1138.35,1034.87
129,61,500.62,455.11
129,62,385.07,350.06
129,64,736.12,669.20
129,66,940.19,854.72
129,71,1409.65,1281.50
129,71-1,1303.11,1184.64
129,73,590.58,536.89
129,74,670.48,609.53
129,75,174.31,158.46
129,75-1,164.13,149.21
129,80,1617.36,1470.32
129,81,1371.33,1246.66
129,82,816.02,741.84
129,83,874.09,794.63
129,84,722.54,656.86
129,85,1445.51,1314.10
129,85-1,1658.04,1507.31
129,86,1571.73,1428.85
129,101,790.90,719.00
129,103,599.87,545.34
129,105-2,794.93,722.66
129,132,742.34,674.86
129,135,517.51,470.46
129,140,1019.75,927.04
129,140-1,1019.75,927.04
129,140-2,1019.75,927.04
129,142,553.36,503.06
129,143,436.82,397.11
129,152-1,1261.24,1146.58
129,153,1221.78,1110.71
129,200,53.01,48.19
129,201,121.12,110.11
129,203,121.86,110.78
129,207,950.93,864.48
129,220,936.10,851.00
129,221,1075.04,977.31
129,222,985.74,896.12
129,223,1253.92,1139.93
129,300,941.82,856.20
129,301,1012.20,920.19
129,302,1181.16,1073.78
129,500,219.71,199.73
129,919,1162.48,1056.80
129,942,1650.43,1500.39
129,GATE,1000.28,909.34
132,1,848.93,771.76
132,2,861.85,783.50
132,3,944.19,858.36
132,4,924.70,840.64
132,5,857.39,779.45
132,6,949.64,863.31
132,7,853.67,776.06
132,8,861.85,783.50
132,9,849.30,772.09
132,10,903.07,820.97
132,10-1,888.29,807.54
132,11,861.35,783.04
132,12,785.51,714.10
132,13,679.61,617.83
132,14,927.19,842.90
132,15,1133.42,1030.38
132,15-1,1177.77,1070.70
132,16,1255.03,1140.94
132,16-1,1213.70,1103.36
132,17,1229.71,1117.91
132,18,441.82,401.65
132,19,512.13,465.57
132,20,437.03,397.30
132,21,447.27,406.61
132,22,635.35,577.59
132,24,841.92,765.38
132,25,810.00,736.37
132,25-1,871.43,792.21
132,26,811.79,737.99
132,27,723.10,657.36
132,28,681.31,619.37
132,29,151.75,137.96
132,30,607.35,552.13
132,31,675.21,613.83
132,32,756.44,687.67
132,32-1,726.14,660.13
132,33,673.54,612.31
132,34,548.23,498.39
132,35,431.64,392.40
132,36,513.52,466.83
132,37,575.59,523.26
132,38,571.24,519.31
132,39,405.17,368.33
132,40,386.51,351.37
132,43,485.00,440.91
132,43-1,507.92,461.75
132,43-2,514.36,467.60
132,44-1,500.18,454.71
132,49,1261.28,1146.62
132,50,1196.48,1087.71
132,51,1289.02,1171.83
132,52,1294.59,1176.90
132,52-1,1339.85,1218.04
132,52-2,1374.36,1249.42
132,53,1236.35,1123.95
132,54,1162.62,1056.92
132,55,1180.00,1072.73
132,56,518.47,471.34
132,57,1561.47,1419.52
132,57-1,1496.43,1360.40
132,58,1522.58,1384.16
132,59,1506.56,1369.60
132,59-1,1567.75,1425.23
132,61,773.36,703.05
132,62,755.89,687.17
132,64,1355.40,1232.18
132,66,283.80,258.00
132,71,1756.02,1596.38
132,71-1,1726.21,1569.29
132,73,1092.69,993.36
132,74,1088.51,989.56
132,75,747.05,679.14
132,75-1,844.79,767.99
132,80,2146.56,1951.41
132,81,1620.20,1472.91
132,82,1026.47,933.15
132,83,1303.48,1184.99
132,84,1151.94,1047.21
132,85,1694.38,1540.35
132,85-1,2187.24,1988.40
132,86,2100.93,1909.94
132,101,1307.02,1188.20
132,103,1137.13,1033.76
132,105-2,133.78,121.62
132,129,742.34,674.86
132,135,361.43,328.57
132,140,1269.12,1153.75
132,140-1,1269.12,1153.75
132,140-2,1269.12,1153.75
132,142,226.04,205.49
132,143,374.71,340.64
132,152-1,1730.61,1573.28
132,153,1691.14,1537.40
132,200,786.65,715.14
132,201,859.44,781.31
132,203,889.11,808.29
132,207,1380.33,1254.84
132,220,1365.50,1241.36
132,221,1337.88,1216.26
132,222,1415.13,1286.48
132,223,1454.34,1322.13
132,300,468.93,426.30
132,301,539.31,490.29
132,302,707.37,643.07
132,500,986.96,897.24
132,919,1103.43,1003.12
132,942,1538.07,1398.24
132,GATE,1619.56,1472.32
135,1,748.54,680.49
135,2,761.47,692.24
135,3,843.81,767.10
135,4,824.32,749.38
135,5,757.00,688.19
135,6,849.25,772.05
135,7,753.28,684.80
135,8,761.46,692.24
135,9,752.61,684.19
135,10,820.99,746.35
135,10-1,831.13,755.57
135,11,764.66,695.15
135,12,688.83,626.20
135,13,582.93,529.93
135,14,884.43,804.02
135,15,1014.02,921.83
135,15-1,1058.37,962.16
135,16,1135.64,1032.40
135,16-1,1094.30,994.82
135,17,1110.31,1009.37
135,18,301.27,273.89
135,19,207.42,188.56
135,20,474.12,431.02
135,21,372.28,338.43
135,22,413.18,375.62
135,24,695.97,632.70
135,25,625.66,568.78
135,25-1,725.48,659.53
135,26,665.84,605.31
135,27,498.26,452.97
135,28,456.47,414.98
135,29,570.24,518.40
135,30,317.76,288.87
135,31,450.37,409.43
135,32,393.14,357.40
135,32-1,362.84,329.85
135,33,310.24,282.04
135,34,184.93,168.12
135,35,219.42,199.47
135,36,150.22,136.56
135,37,212.29,192.99
135,38,207.94,189.04
135,39,22.00,20.00
135,40,46.17,41.97
135,43,355.03,322.76
135,43-1,282.49,256.81
135,43-2,321.52,292.29
135,44-1,95.18,86.53
135,49,1160.90,1055.36
135,50,1077.08,979.16
135,51,1169.62,1063.29
135,52,1175.19,1068.36
135,52-1,1220.45,1109.50
135,52-2,1254.96,1140.88
135,53,1135.96,1032.69
135,54,1062.23,965.66
135,55,1079.62,981.47
135,56,375.37,341.24
135,57,1442.07,1310.98
135,57-1,1377.04,1251.85
135,58,1403.18,1275.62
135,59,1387.16,1261.06
135,59-1,1448.35,1316.68
135,61,672.97,611.79
135,62,635.36,577.60
135,64,1234.87,1122.61
135,66,661.60,601.46
135,71,1759.61,1599.65
135,71-1,1653.07,1502.79
135,73,972.17,883.79
135,74,980.47,891.34
135,75,424.19,385.63
135,75-1,493.31,448.46
135,80,2046.83,1860.75
135,81,1681.32,1528.48
135,82,1076.80,978.91
135,83,1184.09,1076.44
135,84,1032.54,938.67
135,85,1755.50,1595.91
135,85-1,2087.52,1897.74
135,86,2001.21,1819.28
135,101,1187.62,1079.66
135,103,1016.61,924.19
135,105-2,275.55,250.50
135,129,517.51,470.46
135,132,361.43,328.57
135,140,1329.74,1208.86
135,140-1,1329.74,1208.86
135,140-2,1329.74,1208.86
135,142,551.36,501.24
135,143,451.58,410.52
135,152-1,1611.21,1464.74
135,153,1571.75,1428.86
135,200,525.29,477.53
135,201,521.58,474.17
135,203,656.49,596.81
135,207,1260.93,1146.30
135,220,1246.10,1132.82
135,221,1385.04,1259.13
135,222,1295.73,1177.94
135,223,1563.92,1421.74
135,300,425.67,386.97
135,301,496.05,450.95
135,302,665.00,604.54
135,500,754.34,685.76
135,919,1280.12,1163.75
135,942,1768.07,1607.34
135,GATE,1499.03,1362.76
140,1,542.07,492.80
140,2,535.14,486.49
140,3,467.71,425.19
140,4,473.57,430.52
140,5,506.47,460.43
140,6,493.82,448.93
140,7,547.72,497.93
140,8,601.65,546.96
140,9,554.23,503.85
140,10,582.22,529.29
140,10-1,591.24,537.49
140,11,619.98,563.62
140,12,668.89,608.08
140,13,692.85,629.86
140,14,451.87,410.79
140,15,339.51,308.64
140,15-1,481.19,437.45
140,16,378.34,343.95
140,16-1,418.43,380.39
140,17,333.04,302.76
140,18,1084.05,985.50
140,19,1136.74,1033.40
140,20,801.11,728.29
140,21,972.10,883.72
140,22,853.04,775.49
140,24,690.92,628.11
140,25,765.43,695.85
140,25-1,794.40,722.19
140,26,800.86,728.05
140,27,900.99,819.08
140,28,942.26,856.60
140,29,1278.25,1162.04
140,30,1045.55,950.50
140,31,1012.31,920.28
140,32,1163.05,1057.32
140,32-1,1158.29,1052.99
140,33,1131.96,1029.06
140,34,1097.44,997.67
140,35,1021.85,928.96
140,36,1179.08,1071.89
140,37,1127.04,1024.58
140,38,1226.75,1115.23
140,39,1347.32,1224.83
140,40,1345.43,1223.12
140,43,977.30,888.46
140,43-1,1030.59,936.90
140,43-2,1006.66,915.15
140,44-1,1196.23,1087.48
140,49,52.48,47.71
140,50,247.81,225.28
140,51,201.65,183.32
140,52,98.96,89.96
140,52-1,98.96,89.96
140,52-2,166.34,151.22
140,53,125.44,114.04
140,54,230.74,209.76
140,55,270.61,246.01
140,56,890.38,809.44
140,57,222.37,202.16
140,57-1,103.63,94.20
140,58,271.67,246.98
140,59,160.86,146.24
140,59-1,228.65,207.86
140,61,619.55,563.23
140,62,673.18,611.98
140,64,755.72,687.02
140,66,1235.74,1123.40
140,71,500.42,454.93
140,71-1,470.62,427.83
140,73,490.23,445.66
140,74,332.16,301.96
140,75,1159.66,1054.24
140,75-1,1149.48,1044.98
140,80,890.96,809.96
140,81,364.60,331.46
140,82,218.58,198.71
140,83,281.21,255.65
140,84,310.55,282.32
140,85,438.78,398.89
140,85-1,931.65,846.95
140,86,845.34,768.49
140,101,582.11,529.19
140,103,537.58,488.71
140,105-2,1405.26,1277.51
140,129,1019.75,927.04
140,132,1269.12,1153.75
140,135,1329.74,1208.86
140,140-1,51.74,47.03
140,140-2,49.56,45.05
140,142,1260.16,1145.60
140,143,897.72,816.11
140,152-1,591.22,537.47
140,153,551.75,501.59
140,200,935.71,850.65
140,201,1106.47,1005.88
140,203,941.51,855.92
140,207,165.25,150.22
140,220,26.46,24.05
140,221,36.76,33.42
140,222,78.33,71.21
140,223,211.32,192.11
140,300,1718.33,1562.12
140,301,1788.71,1626.10
140,302,1956.77,1778.88
140,500,985.16,895.60
140,919,733.14,666.50
140,942,1221.09,1110.09
140,GATE,701.58,637.80
140-1,1,542.07,492.80
140-1,2,535.14,486.49
140-1,3,467.71,425.19
140-1,4,473.57,430.52
140-1,5,506.47,460.43
140-1,6,493.82,448.93
140-1,7,547.72,497.93
140-1,8,601.65,546.96
140-1,9,554.23,503.85
140-1,10,582.22,529.29
140-1,10-1,591.24,537.49
140-1,11,619.98,563.62
140-1,12,668.89,608.08
140-1,13,692.85,629.86
140-1,14,451.87,410.79
140-1,15,339.51,308.64
140-1,15-1,481.19,437.45
140-1,16,378.34,343.95
140-1,16-1,418.43,380.39
140-1,17,333.04,302.76
140-1,18,1084.05,985.50
140-1,19,1136.74,1033.40
140-1,20,801.11,728.29
140-1,21,972.10,883.72
140-1,22,853.04,775.49
140-1,24,690.92,628.11
140-1,25,765.43,695.85
140-1,25-1,794.40,722.19
140-1,26,800.86,728.05
140-1,27,900.99,819.08
140-1,28,942.26,856.60
140-1,29,1278.25,1162.04
140-1,30,1045.55,950.50
140-1,31,1012.31,920.28
140-1,32,1163.05,1057.32
140-1,32-1,1158.29,1052.99
140-1,33,1131.96,1029.06
140-1,34,1097.44,997.67
140-1,35,1021.85,928.96
140-1,36,1179.08,1071.89
140-1,37,1127.04,1024.58
140-1,38,1226.75,1115.23
140-1,39,1347.32,1224.83
140-1,40,1345.43,1223.12
140-1,43,977.30,888.46
140-1,43-1,1030.59,936.90
140-1,43-2,1006.66,915.15
140-1,44-1,1196.23,1087.48
140-1,49,52.48,47.71
140-1,50,247.81,225.28
140-1,51,201.65,183.32
140-1,52,98.96,89.96
140-1,52-1,98.96,89.96
140-1,52-2,166.34,151.22
140-1,53,125.44,114.04
140-1,54,230.74,209.76
140-1,55,270.61,246.01
140-1,56,890.38,809.44
140-1,57,222.37,202.16
140-1,57-1,103.63,94.20
140-1,58,271.67,246.98
140-1,59,160.86,146.24
140-1,59-1,228.65,207.86
140-1,61,619.55,563.23
140-1,62,673.18,611.98
140-1,64,755.72,687.02
140-1,66,1235.74,1123.40
140-1,71,500.42,454.93
140-1,71-1,470.62,427.83
140-1,73,490.23,445.66
140-1,74,332.16,301.96
140-1,75,1159.66,1054.24
140-1,75-1,1149.48,1044.98
140-1,80,890.96,809.96
140-1,81,364.60,331.46
140-1,82,218.58,198.71
140-1,83,281.21,255.65
140-1,84,310.55,282.32
140-1,85,438.78,398.89
140-1,85-1,931.65,846.95
140-1,86,845.34,768.49
140-1,101,582.11,529.19
140-1,103,537.58,488.71
140-1,105-2,1405.26,1277.51
140-1,129,1019.75,927.04
140-1,132,1269.12,1153.75
140-1,135,1329.74,1208.86
140-1,140,51.74,47.03
140-1,140-2,65.17,59.24
140-1,142,1260.16,1145.60
140-1,143,897.72,816.11
140-1,152-1,591.22,537.47
140-1,153,551.75,501.59
140-1,200,935.71,850.65
140-1,201,1106.47,1005.88
140-1,203,941.51,855.92
140-1,207,165.25,150.22
140-1,220,26.46,24.05
140-1,221,36.76,33.42
140-1,222,78.33,71.21
140-1,223,211.32,192.11
140-1,300,1718.33,1562.12
140-1,301,1788.71,1626.10
140-1,302,1956.77,1778.88
140-1,500,985.16,895.60
140-1,919,733.14,666.50
140-1,942,1221.09,1110.09
140-1,GATE,701.58,637.80
140-2,1,542.07,492.80
140-2,2,535.14,486.49
140-2,3,467.71,425.19
140-2,4,473.57,430.52
140-2,5,506.47,460.43
140-2,6,493.82,448.93
140-2,7,547.72,497.93
140-2,8,601.65,546.96
140-2,9,554.23,503.85
140-2,10,582.22,529.29
140-2,10-1,591.24,537.49
140-2,11,619.98,563.62
140-2,12,668.89,608.08
140-2,13,692.85,629.86
140-2,14,451.87,410.79
140-2,15,339.51,308.64
140-2,15-1,481.19,437.45
140-2,16,378.34,343.95
140-2,16-1,418.43,380.39
140-2,17,333.04,302.76
140-2,18,1084.05,985.50
140-2,19,1136.74,1033.40
140-2,20,801.11,728.29
140-2,21,972.10,883.72
140-2,22,853.04,775.49
140-2,24,690.92,628.11
140-2,25,765.43,695.85
140-2,25-1,794.40,722.19
140-2,26,800.86,728.05
140-2,27,900.99,819.08
140-2,28,942.26,856.60
140-2,29,1278.25,1162.04
140-2,30,1045.55,950.50
140-2,31,1012.31,920.28
140-2,32,1163.05,1057.32
140-2,32-1,1158.29,1052.99
140-2,33,1131.96,1029.06
140-2,34,1097.44,997.67
140-2,35,1021.85,928.96
140-2,36,1179.08,1071.89
140-2,37,1127.04,1024.58
140-2,38,1226.75,1115.23
140-2,39,1347.32,1224.83
140-2,40,1345.43,1223.12
140-2,43,977.30,888.46
140-2,43-1,1030.59,936.90
140-2,43-2,1006.66,915.15
140-2,44-1,1196.23,1087.48
140-2,49,52.48,47.71
140-2,50,247.81,225.28
140-2,51,201.65,183.32
140-2,52,98.96,89.96
140-2,52-1,98.96,89.96
140-2,52-2,166.34,151.22
140-2,53,125.44,114.04
140-2,54,230.74,209.76
140-2,55,270.61,246.01
140-2,56,890.38,809.44
140-2,57,268.29,243.90
140-2,57-1,149.54,135.95
140-2,58,317.59,288.72
140-2,59,206.78,187.98
140-2,59-1,274.56,249.60
140-2,61,619.55,563.23
140-2,62,673.18,611.98
140-2,64,755.72,687.02
140-2,66,1235.74,1123.40
140-2,71,513.00,466.36
140-2,71-1,483.20,439.27
140-2,73,490.23,445.66
140-2,74,332.16,301.96
140-2,75,1159.66,1054.24
140-2,75-1,1149.48,1044.98
140-2,80,903.54,821.40
140-2,81,377.18,342.89
140-2,82,218.58,198.71
140-2,83,281.21,255.65
140-2,84,310.55,282.32
140-2,85,451.36,410.33
140-2,85-1,944.23,858.39
140-2,86,857.91,779.92
140-2,101,582.11,529.19
140-2,103,537.58,488.71
140-2,105-2,1405.26,1277.51
140-2,129,1019.75,927.04
140-2,132,1269.12,1153.75
140-2,135,1329.74,1208.86
140-2,140,49.56,45.05
140-2,140-1,65.17,59.24
140-2,142,1260.16,1145.60
140-2,143,897.72,816.11
140-2,152-1,631.11,573.74
140-2,153,569.97,518.15
140-2,200,935.71,850.65
140-2,201,1106.47,1005.88
140-2,203,941.51,855.92
140-2,207,165.25,150.22
140-2,220,26.46,24.05
140-2,221,50.84,46.22
140-2,222,78.33,71.21
140-2,223,211.32,192.11
140-2,300,1718.33,1562.12
140-2,301,1788.71,1626.10
140-2,302,1956.77,1778.88
140-2,500,985.16,895.60
140-2,919,733.14,666.50
140-2,942,1221.09,1110.09
140-2,GATE,747.50,679.54
142,1,659.95,599.95
142,2,672.87,611.70
142,3,755.21,686.56
142,4,735.72,668.84
142,5,668.41,607.65
142,6,760.66,691.51
142,7,664.69,604.26
142,8,672.87,611.70
142,9,660.32,600.29
142,10,728.69,662.45
142,10-1,738.84,671.67
142,11,672.37,611.24
142,12,596.53,542.30
142,13,490.63,446.03
142,14,795.83,723.48
142,15,944.43,858.58
142,15-1,988.79,898.90
142,16,1066.05,969.14
142,16-1,1024.72,931.56
142,17,1040.72,946.11
142,18,252.84,229.85
142,19,323.15,293.77
142,20,248.05,225.50
142,21,258.29,234.81
142,22,446.37,405.79
142,24,652.93,593.58
142,25,621.02,564.57
142,25-1,682.45,620.41
142,26,622.81,566.19
142,27,534.12,485.56
142,28,492.33,447.57
142,29,83.01,75.46
142,30,418.36,380.33
142,31,486.23,442.02
142,32,708.82,644.38
142,32-1,645.96,587.24
142,33,502.78,457.07
142,34,407.05,370.04
142,35,242.66,220.60
142,36,434.43,394.93
142,37,497.85,452.59
142,38,523.63,476.02
142,39,572.45,520.41
142,40,576.75,524.32
142,43,296.02,269.10
142,43-1,318.94,289.95
142,43-2,325.38,295.80
142,44-1,418.29,380.27
142,49,1072.30,974.82
142,50,1007.50,915.91
142,51,1100.04,1000.03
142,52,1105.61,1005.10
142,52-1,1150.87,1046.24
142,52-2,1185.38,1077.62
142,53,1047.37,952.15
142,54,973.64,885.12
142,55,991.02,900.93
142,56,329.49,299.54
142,57,1372.49,1247.72
142,57-1,1307.45,1188.59
142,58,1333.60,1212.36
142,59,1317.58,1197.80
142,59-1,1378.77,1253.43
142,61,584.38,531.25
142,62,566.91,515.37
142,64,1166.42,1060.38
142,66,55.96,50.87
142,71,1690.03,1536.39
142,71-1,1583.49,1439.54
142,73,903.71,821.56
142,74,899.53,817.75
142,75,723.65,657.87
142,75-1,713.47,648.61
142,80,1977.25,1797.50
142,81,1611.74,1465.22
142,82,988.20,898.37
142,83,1114.50,1013.18
142,84,962.95,875.41
142,85,1685.92,1532.66
142,85-1,2017.94,1834.49
142,86,1931.62,1756.02
142,101,1118.04,1016.40
142,103,948.15,861.96
142,105-2,424.23,385.66
142,129,553.36,503.06
142,132,226.04,205.49
142,135,551.36,501.24
142,140,1260.16,1145.60
142,140-1,1260.16,1145.60
142,140-2,1260.16,1145.60
142,143,185.73,168.84
142,152-1,1541.63,1401.48
142,153,1502.16,1365.60
142,200,597.67,543.34
142,201,670.46,609.51
142,203,700.13,636.48
142,207,1191.35,1083.04
142,220,1176.52,1069.56
142,221,1315.46,1195.87
142,222,1226.15,1114.68
142,223,1452.26,1320.24
142,300,737.30,670.27
142,301,807.68,734.25
142,302,975.74,887.03
142,500,797.98,725.43
142,919,1101.35,1001.23
142,942,1535.99,1396.35
142,GATE,1430.58,1300.52
143,1,297.51,270.47
143,2,310.44,282.21
143,3,392.77,357.07
143,4,373.28,339.35
143,5,305.97,278.16
143,6,398.22,362.02
143,7,302.25,274.77
143,8,310.43,282.21
143,9,297.88,270.80
143,10,366.26,332.96
143,10-1,376.40,342.18
143,11,309.93,281.75
143,12,234.09,212.81
143,13,128.20,116.54
143,14,433.40,394.00
143,15,582.00,529.09
143,15-1,626.35,569.41
143,16,703.62,639.65
143,16-1,662.28,602.08
143,17,678.29,616.62
143,18,166.17,151.06
143,19,235.86,214.42
143,20,20.29,18.44
143,21,118.70,107.91
143,22,329.82,299.84
143,24,499.49,454.08
143,25,467.58,425.07
143,25-1,529.00,480.91
143,26,469.37,426.70
143,27,417.57,379.61
143,28,375.78,341.62
143,29,231.68,210.62
143,30,301.82,274.38
143,31,369.68,336.07
143,32,609.04,553.67
143,32-1,529.42,481.29
143,33,386.23,351.12
143,34,295.49,268.63
143,35,126.11,114.65
143,36,333.87,303.52
143,37,381.30,346.64
143,38,423.84,385.31
143,39,472.67,429.70
143,40,476.97,433.61
143,43,179.47,163.15
143,43-1,202.40,184.00
143,43-2,208.83,189.85
143,44-1,318.51,289.56
143,49,709.87,645.33
143,50,645.06,586.42
143,51,737.60,670.55
143,52,743.17,675.61
143,52-1,788.43,716.75
143,52-2,822.94,748.13
143,53,684.93,622.67
143,54,611.20,555.64
143,55,628.59,571.44
143,56,212.95,193.59
143,57,1010.06,918.23
143,57-1,945.02,859.11
143,58,971.16,882.88
143,59,955.14,868.31
143,59-1,1016.33,923.94
143,61,221.94,201.77
143,62,394.68,358.80
143,64,895.58,814.16
143,66,572.55,520.50
143,71,1327.59,1206.90
143,71-1,1221.05,1110.05
143,73,565.32,513.93
143,74,537.09,488.27
143,75,607.11,551.92
143,75-1,596.93,542.66
143,80,1614.81,1468.01
143,81,1249.30,1135.73
143,82,625.77,568.88
143,83,752.07,683.70
143,84,600.52,545.93
143,85,1323.48,1203.17
143,85-1,1655.50,1505.00
143,86,1569.19,1426.53
143,101,755.60,686.91
143,103,625.90,569.00
143,105-2,572.90,520.82
143,129,436.82,397.11
143,132,374.71,340.64
143,135,451.58,410.52
143,140,897.72,816.11
143,140-1,897.72,816.11
143,140-2,897.72,816.11
143,142,185.73,168.84
143,152-1,1179.19,1071.99
143,153,1139.73,1036.11
143,200,481.13,437.39
143,201,553.92,503.56
143,203,583.59,530.53
143,207,828.91,753.55
143,220,814.08,740.07
143,221,953.02,866.38
143,222,863.71,785.19
143,223,1122.87,1020.79
143,300,879.41,799.46
143,301,949.79,863.44
143,302,1118.74,1017.04
143,500,681.43,619.48
143,919,825.39,750.35
143,942,1313.34,1193.94
143,GATE,1159.73,1054.30
152-1,1,823.54,748.68
152-1,2,816.61,742.37
152-1,3,792.94,720.86
152-1,4,798.80,726.18
152-1,5,831.70,756.09
152-1,6,858.36,780.33
152-1,7,896.95,815.41
152-1,8,927.90,843.55
152-1,9,947.81,861.65
152-1,10,969.95,881.77
152-1,10-1,1010.35,918.50
152-1,11,1013.56,921.42
152-1,12,1014.21,922.01
152-1,13,1029.27,935.70
152-1,14,889.53,808.67
152-1,15,555.72,505.20
152-1,15-1,688.28,625.71
152-1,16,325.48,295.89
152-1,16-1,626.83,569.85
152-1,17,529.49,481.35
152-1,18,1365.51,1241.38
152-1,19,1418.20,1289.28
152-1,20,1082.58,984.17
152-1,21,1253.56,1139.60
152-1,22,1134.50,1031.37
152-1,24,972.39,883.99
152-1,25,1046.90,951.73
152-1,25-1,1075.87,978.07
152-1,26,1082.33,983.93
152-1,27,1182.46,1074.96
152-1,28,1223.73,1112.48
152-1,29,1587.58,1443.25
152-1,30,1327.02,1206.38
152-1,31,1293.78,1176.16
152-1,32,1404.54,1276.86
152-1,32-1,1399.79,1272.54
152-1,33,1413.43,1284.94
152-1,34,1378.91,1253.55
152-1,35,1303.32,1184.84
152-1,36,1460.55,1327.77
152-1,37,1408.50,1280.46
152-1,38,1508.22,1371.11
152-1,39,1628.78,1480.71
152-1,40,1626.90,1479.00
152-1,43,1258.77,1144.34
152-1,43-1,1312.05,1192.78
152-1,43-2,1288.13,1171.03
152-1,44-1,1477.70,1343.36
152-1,49,647.78,588.89
152-1,50,481.59,437.81
152-1,51,459.38,417.62
152-1,52,514.78,467.98
152-1,52-1,510.90,464.46
152-1,52-2,498.97,453.61
152-1,53,622.44,565.86
152-1,54,598.17,543.79
152-1,55,589.01,535.47
152-1,56,1171.85,1065.32
152-1,57,308.49,280.44
152-1,57-1,320.70,291.54
152-1,58,148.82,135.29
152-1,59,303.59,275.99
152-1,59-1,303.59,275.99
152-1,61,917.74,834.31
152-1,62,954.65,867.86
152-1,64,544.46,494.96
152-1,66,1759.55,1599.59
152-1,71,373.16,339.24
152-1,71-1,266.63,242.39
152-1,73,702.68,638.80
152-1,74,620.71,564.29
152-1,75,1401.16,1273.78
152-1,75-1,1390.97,1264.52
152-1,80,480.67,436.98
152-1,81,465.67,423.34
152-1,82,715.55,650.50
152-1,83,431.68,392.44
152-1,84,567.59,515.99
152-1,85,539.85,490.77
152-1,85-1,521.36,473.97
152-1,86,435.05,395.50
152-1,101,566.52,515.01
152-1,103,665.27,604.79
152-1,105-2,1888.63,1716.93
152-1,129,1261.24,1146.58
152-1,132,1730.61,1573.28
152-1,135,1611.21,1464.74
152-1,140,591.22,537.47
152-1,140-1,591.22,537.47
152-1,140-2,631.11,573.74
152-1,142,1541.63,1401.48
152-1,143,1179.19,1071.99
152-1,153,104.15,94.69
152-1,200,1184.71,1077.01
152-1,201,1347.96,1225.42
152-1,203,1183.01,1075.46
152-1,207,457.16,415.60
152-1,220,452.27,411.15
152-1,221,566.23,514.75
152-1,222,422.08,383.71
152-1,223,497.97,452.70
152-1,300,2035.53,1850.48
152-1,301,2105.91,1914.46
152-1,302,2274.86,2068.05
152-1,500,1075.54,977.77
152-1,919,1256.95,1142.69
152-1,942,1744.90,1586.28
152-1,GATE,362.80,329.82
153,1,784.08,712.80
153,2,777.14,706.49
153,3,753.48,684.98
153,4,759.34,690.31
153,5,792.24,720.22
153,6,818.90,744.45
153,7,857.48,779.53
153,8,888.44,807.67
153,9,908.35,825.77
153,10,930.48,845.89
153,10-1,970.88,882.62
153,11,974.10,885.54
153,12,974.75,886.13
153,13,989.80,899.82
153,14,850.07,772.79
153,15,516.26,469.33
153,15-1,648.82,589.83
153,16,286.01,260.01
153,16-1,587.37,533.97
153,17,490.02,445.48
153,18,1326.05,1205.50
153,19,1378.74,1253.40
153,20,1043.12,948.29
153,21,1214.10,1103.73
153,22,1095.04,995.49
153,24,932.93,848.12
153,25,1007.44,915.85
153,25-1,1036.41,942.19
153,26,1042.86,948.06
153,27,1143.00,1039.09
153,28,1184.27,1076.61
153,29,1548.12,1407.38
153,30,1287.56,1170.51
153,31,1254.31,1140.28
153,32,1365.08,1240.98
153,32-1,1360.32,1236.66
153,33,1373.97,1249.06
153,34,1339.44,1217.67
153,35,1263.86,1148.96
153,36,1421.09,1291.90
153,37,1369.04,1244.58
153,38,1468.76,1335.23
153,39,1589.32,1444.84
153,40,1587.43,1443.12
153,43,1219.31,1108.46
153,43-1,1272.59,1156.90
153,43-2,1248.67,1135.15
153,44-1,1438.23,1307.48
153,49,608.32,553.01
153,50,442.13,401.93
153,51,419.92,381.75
153,52,475.32,432.11
153,52-1,471.44,428.58
153,52-2,459.51,417.73
153,53,582.98,529.98
153,54,558.71,507.92
153,55,549.55,499.59
153,56,1132.39,1029.44
153,57,247.35,224.86
153,57-1,259.56,235.96
153,58,99.83,90.76
153,59,242.45,220.41
153,59-1,242.45,220.41
153,61,878.28,798.43
153,62,915.18,831.99
153,64,505.00,459.09
153,66,1720.08,1563.71
153,71,312.02,283.66
153,71-1,205.49,186.81
153,73,663.21,602.92
153,74,581.25,528.41
153,75,1361.69,1237.90
153,75-1,1351.51,1228.65
153,80,503.60,457.82
153,81,404.53,367.76
153,82,676.08,614.62
153,83,392.22,356.56
153,84,528.12,480.11
153,85,478.71,435.19
153,85-1,544.29,494.81
153,86,457.98,416.35
153,101,527.05,479.14
153,103,625.81,568.92
153,105-2,1849.16,1681.06
153,129,1221.78,1110.71
153,132,1691.14,1537.40
153,135,1571.75,1428.86
153,140,551.75,501.59
153,140-1,551.75,501.59
153,140-2,569.97,518.15
153,142,1502.16,1365.60
153,143,1139.73,1036.11
153,152-1,104.15,94.69
153,200,1145.25,1041.13
153,201,1308.50,1189.55
153,203,1143.54,1039.58
153,207,417.70,379.72
153,220,412.80,375.27
153,221,507.88,461.71
153,222,382.61,347.83
153,223,436.83,397.12
153,300,1996.06,1814.60
153,301,2066.44,1878.58
153,302,2235.39,2032.17
153,500,1036.08,941.89
153,919,1217.49,1106.81
153,942,1705.44,1550.40
153,GATE,328.69,298.81
200,1,441.10,401.00
200,2,510.37,463.97
200,3,629.03,571.84
200,4,603.41,548.55
200,5,594.71,540.64
200,6,700.79,637.08
200,7,625.24,568.40
200,8,615.36,559.42
200,9,640.90,582.63
200,10,739.86,672.60
200,10-1,801.38,728.52
200,11,688.64,626.04
200,12,648.60,589.64
200,13,523.82,476.20
200,14,735.88,668.98
200,15,619.99,563.63
200,15-1,664.34,603.95
200,16,720.38,654.89
200,16-1,674.80,613.46
200,17,716.28,651.16
200,18,421.56,383.24
200,19,445.52,405.02
200,20,399.52,363.20
200,21,355.49,323.17
200,22,161.31,146.65
200,24,189.11,171.92
200,25,92.64,84.22
200,25-1,213.98,194.52
200,26,220.43,200.39
200,27,87.99,79.99
200,28,103.12,93.75
200,29,643.63,585.11
200,30,225.13,204.66
200,31,134.89,122.63
200,32,130.86,118.96
200,32-1,129.25,117.50
200,33,183.68,166.98
200,34,320.39,291.26
200,35,358.24,325.67
200,36,345.04,313.67
200,37,231.89,210.81
200,38,276.74,251.59
200,39,469.77,427.07
200,40,459.48,417.71
200,43,274.95,249.95
200,43-1,253.54,230.49
200,43-2,229.62,208.74
200,44-1,422.97,384.52
200,49,816.09,741.90
200,50,683.05,620.95
200,51,775.59,705.08
200,52,781.16,710.15
200,52-1,826.42,751.29
200,52-2,860.93,782.67
200,53,787.88,716.26
200,54,717.42,652.20
200,55,697.96,634.51
200,56,229.48,208.62
200,57,1048.05,952.77
200,57-1,983.01,893.64
200,58,996.36,905.78
200,59,993.13,902.85
200,59-1,1054.32,958.47
200,61,544.93,495.39
200,62,384.13,349.21
200,64,659.59,599.63
200,66,984.50,895.00
200,71,1333.12,1211.92
200,71-1,1226.58,1115.07
200,73,514.05,467.32
200,74,586.44,533.13
200,75,116.11,105.55
200,75-1,90.09,81.90
200,80,1540.83,1400.75
200,81,1287.29,1170.27
200,82,731.99,665.44
200,83,790.06,718.23
200,84,638.51,580.46
200,85,1361.47,1237.70
200,85-1,1581.51,1437.74
200,86,1495.20,1359.28
200,101,714.37,649.43
200,103,523.34,475.76
200,105-2,785.03,713.66
200,129,53.01,48.19
200,132,786.65,715.14
200,135,525.29,477.53
200,140,935.71,850.65
200,140-1,935.71,850.65
200,140-2,935.71,850.65
200,142,597.67,543.34
200,143,481.13,437.39
200,152-1,1184.71,1077.01
200,153,1145.25,1041.13
200,201,49.31,44.83
200,203,39.48,35.89
200,207,866.90,788.09
200,220,852.07,774.61
200,221,991.01,900.92
200,222,901.70,819.73
200,223,1169.89,1063.53
200,300,921.02,837.29
200,301,991.40,901.28
200,302,1160.35,1054.87
200,500,143.18,130.16
200,919,1203.15,1093.77
200,942,1691.09,1537.36
200,GATE,923.75,839.77
201,1,611.85,556.23
201,2,648.94,589.94
201,3,731.27,664.80
201,4,711.78,647.08
201,5,671.14,610.13
201,6,777.22,706.57
201,7,698.03,634.57
201,8,691.80,628.91
201,9,713.69,648.80
201,10,812.65,738.77
201,10-1,874.17,794.70
201,11,761.43,692.21
201,12,721.39,655.81
201,13,596.60,542.37
201,14,812.31,738.47
201,15,790.74,718.86
201,15-1,835.10,759.18
201,16,883.64,803.31
201,16-1,838.06,761.87
201,17,887.03,806.39
201,18,494.35,449.41
201,19,515.20,468.37
201,20,472.31,429.37
201,21,428.28,389.34
201,22,234.10,212.82
201,24,359.87,327.15
201,25,263.39,239.45
201,25-1,384.73,349.76
201,26,391.19,355.62
201,27,160.78,146.16
201,28,175.91,159.92
201,29,716.41,651.29
201,30,297.92,270.83
201,31,207.68,188.80
201,32,130.25,118.41
201,32-1,125.50,114.09
201,33,179.98,163.62
201,34,393.18,357.43
201,35,431.03,391.84
201,36,341.34,310.31
201,37,228.18,207.44
201,38,272.85,248.05
201,39,466.07,423.70
201,40,455.78,414.34
201,43,347.74,316.13
201,43-1,326.33,296.66
201,43-2,302.40,274.91
201,44-1,419.27,381.15
201,49,986.84,897.13
201,50,853.80,776.19
201,51,946.35,860.31
201,52,951.92,865.38
201,52-1,997.18,906.52
201,52-2,1031.69,937.90
201,53,958.64,871.49
201,54,888.18,807.43
201,55,868.71,789.74
201,56,302.27,274.79
201,57,1218.80,1108.00
201,57-1,1153.76,1048.87
201,58,1159.61,1054.19
201,59,1163.89,1058.08
201,59-1,1225.08,1113.71
201,61,617.72,561.56
201,62,502.17,456.51
201,64,822.84,748.04
201,66,1057.29,961.17
201,71,1496.37,1360.33
201,71-1,1389.83,1263.48
201,73,677.30,615.73
201,74,757.20,688.36
201,75,90.15,81.96
201,75-1,41.22,37.47
201,80,1704.08,1549.16
201,81,1458.05,1325.50
201,82,902.74,820.68
201,83,960.81,873.46
201,84,809.26,735.69
201,85,1532.23,1392.94
201,85-1,1744.77,1586.15
201,86,1658.46,1507.69
201,101,877.62,797.84
201,103,686.59,624.17
201,105-2,779.55,708.68
201,129,121.12,110.11
201,132,859.44,781.31
201,135,521.58,474.17
201,140,1106.47,1005.88
201,140-1,1106.47,1005.88
201,140-2,1106.47,1005.88
201,142,670.46,609.51
201,143,553.92,503.56
201,152-1,1347.96,1225.42
201,153,1308.50,1189.55
201,200,49.31,44.83
201,203,208.58,189.62
201,207,1037.65,943.32
201,220,1022.82,929.84
201,221,1161.76,1056.15
201,222,1072.46,974.96
201,223,1340.64,1218.77
201,300,915.55,832.31
201,301,985.93,896.30
201,302,1154.88,1049.89
201,500,306.43,278.57
201,919,1279.58,1163.26
201,942,1767.53,1606.85
201,GATE,1087.00,988.18
203,1,446.90,406.27
203,2,516.17,469.24
203,3,634.82,577.11
203,4,609.21,553.83
203,5,600.51,545.91
203,6,706.58,642.35
203,7,648.73,589.76
203,8,621.16,564.69
203,9,668.44,607.67
203,10,767.40,697.64
203,10-1,828.92,753.56
203,11,716.18,651.08
203,12,676.14,614.67
203,13,551.36,501.23
203,14,741.67,674.25
203,15,625.79,568.90
203,15-1,670.14,609.22
203,16,718.68,653.34
203,16-1,673.10,611.91
203,17,722.08,656.43
203,18,524.02,476.38
203,19,547.98,498.17
203,20,437.04,397.31
203,21,457.95,416.31
203,22,263.77,239.79
203,24,194.91,177.19
203,25,98.44,89.49
203,25-1,219.77,199.79
203,26,226.23,205.66
203,27,121.93,110.85
203,28,205.58,186.89
203,29,746.09,678.26
203,30,327.59,297.81
203,31,237.35,215.78
203,32,265.16,241.06
203,32-1,260.41,236.73
203,33,314.89,286.26
203,34,422.85,384.41
203,35,460.70,418.82
203,36,476.25,432.95
203,37,363.09,330.08
203,38,407.76,370.69
203,39,600.98,546.34
203,40,590.69,536.99
203,43,377.41,343.10
203,43-1,356.00,323.63
203,43-2,332.08,301.89
203,44-1,530.77,482.51
203,49,821.89,747.17
203,50,688.85,626.22
203,51,781.39,710.35
203,52,786.96,715.42
203,52-1,832.22,756.56
203,52-2,866.73,787.94
203,53,793.68,721.53
203,54,723.22,657.47
203,55,703.76,639.78
203,56,331.94,301.77
203,57,1053.84,958.04
203,57-1,988.80,898.91
203,58,994.65,904.23
203,59,998.93,908.12
203,59-1,1060.12,963.74
203,61,563.32,512.11
203,62,389.93,354.48
203,64,657.88,598.08
203,66,1086.96,988.14
203,71,1331.41,1210.37
203,71-1,1224.87,1113.52
203,73,512.35,465.77
203,74,592.24,538.40
203,75,261.78,237.98
203,75-1,251.59,228.72
203,80,1539.12,1399.20
203,81,1293.09,1175.54
203,82,737.79,670.71
203,83,795.85,723.50
203,84,644.31,585.73
203,85,1367.27,1242.98
203,85-1,1579.81,1436.19
203,86,1493.50,1357.73
203,101,712.67,647.88
203,103,521.63,474.21
203,105-2,914.46,831.33
203,129,121.86,110.78
203,132,889.11,808.29
203,135,656.49,596.81
203,140,941.51,855.92
203,140-1,941.51,855.92
203,140-2,941.51,855.92
203,142,700.13,636.48
203,143,583.59,530.53
203,152-1,1183.01,1075.46
203,153,1143.54,1039.58
203,200,39.48,35.89
203,201,208.58,189.62
203,207,872.70,793.36
203,220,857.87,779.88
203,221,996.81,906.19
203,222,907.50,825.00
203,223,1175.69,1068.81
203,300,1050.45,954.96
203,301,1120.83,1018.94
203,302,1289.78,1172.53
203,500,141.47,128.61
203,919,1208.94,1099.04
203,942,1696.89,1542.63
203,GATE,922.04,838.22
207,1,473.26,430.24
207,2,466.32,423.93
207,3,424.24,385.68
207,4,430.10,391.00
207,5,463.00,420.91
207,6,489.66,445.15
207,7,528.25,480.22
207,8,577.62,525.11
207,9,579.11,526.46
207,10,601.25,546.59
207,10-1,641.64,583.31
207,11,644.86,586.24
207,12,663.93,603.57
207,13,678.99,617.26
207,14,520.83,473.48
207,15,240.56,218.70
207,15-1,378.49,344.08
207,16,155.04,140.95
207,16-1,315.72,287.02
207,17,214.33,194.84
207,18,1015.23,922.94
207,19,1067.92,970.84
207,20,732.30,665.73
207,21,903.28,821.17
207,22,784.22,712.93
207,24,622.11,565.56
207,25,696.62,633.29
207,25-1,725.59,659.63
207,26,732.05,665.50
207,27,832.18,756.53
207,28,873.45,794.05
207,29,1237.30,1124.82
207,30,976.74,887.94
207,31,943.50,857.72
207,32,1094.23,994.76
207,32-1,1089.48,990.44
207,33,1063.15,966.50
207,34,1028.62,935.11
207,35,953.04,866.40
207,36,1110.27,1009.34
207,37,1058.22,962.02
207,38,1157.94,1052.67
207,39,1278.50,1162.28
207,40,1276.62,1160.56
207,43,908.49,825.90
207,43-1,961.77,874.34
207,43-2,937.85,852.59
207,44-1,1127.42,1024.92
207,49,142.93,129.94
207,50,140.97,128.16
207,51,49.98,45.44
207,52,56.81,51.64
207,52-1,48.83,44.39
207,52-2,41.43,37.66
207,53,122.69,111.54
207,54,164.16,149.24
207,55,204.03,185.48
207,56,821.57,746.88
207,57,142.60,129.64
207,57-1,126.61,115.10
207,58,191.90,174.46
207,59,87.25,79.31
207,59-1,148.88,135.34
207,61,567.46,515.87
207,62,604.37,549.42
207,64,639.85,581.68
207,66,1390.85,1264.40
207,71,605.57,550.51
207,71-1,499.03,453.66
207,73,387.52,352.29
207,74,270.43,245.85
207,75,1090.85,991.68
207,75-1,1080.66,982.42
207,80,892.78,811.62
207,81,509.05,462.77
207,82,296.90,269.91
207,83,128.55,116.86
207,84,233.55,212.31
207,85,583.23,530.21
207,85-1,933.47,848.61
207,86,847.16,770.14
207,101,429.45,390.41
207,103,434.87,395.34
207,105-2,1538.35,1398.50
207,129,950.93,864.48
207,132,1380.33,1254.84
207,135,1260.93,1146.30
207,140,165.25,150.22
207,140-1,165.25,150.22
207,140-2,165.25,150.22
207,142,1191.35,1083.04
207,143,828.91,753.55
207,152-1,457.16,415.60
207,153,417.70,379.72
207,200,866.90,788.09
207,201,1037.65,943.32
207,203,872.70,793.36
207,220,67.54,61.40
207,221,212.76,193.42
207,222,37.52,34.11
207,223,391.64,356.04
207,300,1685.24,1532.04
207,301,1755.62,1596.02
207,302,1924.58,1749.61
207,500,916.35,833.04
207,919,888.25,807.50
207,942,1376.20,1251.09
207,GATE,567.53,515.93
220,1,458.43,416.76
220,2,451.50,410.45
220,3,384.07,349.15
220,4,389.92,354.48
220,5,422.83,384.39
220,6,449.48,408.62
220,7,488.07,443.70
220,8,542.00,492.73
220,9,538.93,489.94
220,10,561.07,510.06
220,10-1,601.47,546.79
220,11,604.68,549.71
220,12,632.38,574.89
220,13,647.43,588.58
220,14,480.66,436.96
220,15,255.87,232.61
220,15-1,397.55,361.41
220,16,271.65,246.95
220,16-1,334.79,304.35
220,17,249.40,226.72
220,18,1000.40,909.46
220,19,1053.09,957.36
220,20,717.47,652.25
220,21,888.45,807.68
220,22,769.39,699.45
220,24,607.28,552.07
220,25,681.79,619.81
220,25-1,710.76,646.15
220,26,717.22,652.01
220,27,817.35,743.04
220,28,858.62,780.56
220,29,1222.47,1111.33
220,30,961.91,874.46
220,31,928.67,844.24
220,32,1079.40,981.28
220,32-1,1074.65,976.95
220,33,1048.32,953.02
220,34,1013.80,921.63
220,35,938.21,852.92
220,36,1095.44,995.85
220,37,1043.39,948.54
220,38,1143.11,1039.19
220,39,1263.67,1148.79
220,40,1261.79,1147.08
220,43,893.66,812.42
220,43-1,946.94,860.86
220,43-2,923.02,839.11
220,44-1,1112.59,1011.44
220,49,84.17,76.52
220,50,164.16,149.24
220,51,103.94,94.49
220,52,12.95,11.77
220,52-1,12.95,11.77
220,52-2,68.63,62.39
220,53,62.72,57.02
220,54,147.09,133.72
220,55,186.96,169.97
220,56,806.74,733.40
220,57,95.27,86.61
220,57-1,21.00,19.09
220,58,144.57,131.43
220,59,40.36,36.69
220,59-1,101.54,92.31
220,61,535.91,487.19
220,62,589.54,535.94
220,64,672.08,610.98
220,66,1350.67,1227.88
220,71,449.10,408.27
220,71-1,419.30,381.18
220,73,406.58,369.62
220,74,248.51,225.92
220,75,1076.02,978.20
220,75-1,1065.84,968.94
220,80,839.64,763.31
220,81,313.28,284.80
220,82,236.92,215.38
220,83,183.50,166.82
220,84,226.91,206.28
220,85,387.46,352.24
220,85-1,880.33,800.30
220,86,794.02,721.83
220,101,484.40,440.37
220,103,453.94,412.67
220,105-2,1520.19,1381.99
220,129,936.10,851.00
220,132,1365.50,1241.36
220,135,1246.10,1132.82
220,140,26.46,24.05
220,140-1,26.46,24.05
220,140-2,26.46,24.05
220,142,1176.52,1069.56
220,143,814.08,740.07
220,152-1,452.27,411.15
220,153,412.80,375.27
220,200,852.07,774.61
220,201,1022.82,929.84
220,203,857.87,779.88
220,207,67.54,61.40
220,221,37.51,34.10
220,222,19.78,17.98
220,223,204.47,185.88
220,300,1670.41,1518.56
220,301,1740.79,1582.54
220,302,1909.75,1736.13
220,500,901.52,819.56
220,919,848.08,770.98
220,942,1336.03,1214.57
220,GATE,562.63,511.48
221,1,597.37,543.06
221,2,590.43,536.76
221,3,523.01,475.46
221,4,528.86,480.79
221,5,561.77,510.70
221,6,562.58,511.44
221,7,616.48,560.44
221,8,670.41,609.47
221,9,622.99,566.36
221,10,650.98,591.80
221,10-1,660.00,600.00
221,11,688.74,626.13
221,12,737.65,670.59
221,13,761.61,692.37
221,14,520.63,473.30
221,15,394.81,358.91
221,15-1,536.49,487.72
221,16,385.61,350.56
221,16-1,473.73,430.66
221,17,388.34,353.03
221,18,1139.34,1035.77
221,19,1192.03,1083.67
221,20,856.41,778.55
221,21,1027.39,933.99
221,22,908.33,825.76
221,24,746.22,678.38
221,25,820.73,746.12
221,25-1,849.70,772.45
221,26,856.16,778.32
221,27,956.29,869.35
221,28,997.56,906.87
221,29,1347.01,1224.55
221,30,1100.85,1000.77
221,31,1067.61,970.55
221,32,1218.34,1107.59
221,32-1,1213.59,1103.26
221,33,1187.26,1079.33
221,34,1152.73,1047.94
221,35,1077.15,979.23
221,36,1234.38,1122.16
221,37,1182.33,1074.85
221,38,1282.05,1165.50
221,39,1402.61,1275.10
221,40,1400.73,1273.39
221,43,1032.60,938.73
221,43-1,1085.88,987.17
221,43-2,1061.96,965.42
221,44-1,1251.53,1137.75
221,49,221.90,201.73
221,50,303.10,275.55
221,51,249.17,226.52
221,52,146.47,133.16
221,52-1,146.47,133.16
221,52-2,213.86,194.41
221,53,201.66,183.33
221,54,286.03,260.03
221,55,325.90,296.27
221,56,945.68,859.71
221,57,197.38,179.44
221,57-1,78.64,71.49
221,58,246.69,224.26
221,59,135.87,123.52
221,59-1,203.66,185.15
221,61,674.85,613.50
221,62,728.48,662.25
221,64,811.02,737.29
221,66,1304.50,1185.91
221,71,450.91,409.92
221,71-1,421.10,382.82
221,73,545.52,495.93
221,74,387.45,352.23
221,75,1214.96,1104.51
221,75-1,1204.77,1095.25
221,80,841.44,764.95
221,81,315.09,286.44
221,82,299.98,272.71
221,83,328.72,298.84
221,84,365.85,332.59
221,85,389.27,353.88
221,85-1,882.13,801.94
221,86,795.82,723.47
221,101,629.63,572.39
221,103,592.88,538.98
221,105-2,1474.02,1340.02
221,129,1075.04,977.31
221,132,1337.88,1216.26
221,135,1385.04,1259.13
221,140,36.76,33.42
221,140-1,36.76,33.42
221,140-2,50.84,46.22
221,142,1315.46,1195.87
221,143,953.02,866.38
221,152-1,566.23,514.75
221,153,507.88,461.71
221,200,991.01,900.92
221,201,1161.76,1056.15
221,203,996.81,906.19
221,207,212.76,193.42
221,220,37.51,34.10
221,222,117.72,107.01
221,223,201.25,182.96
221,300,1787.09,1624.63
221,301,1857.47,1688.61
221,302,2025.53,1841.39
221,500,1040.46,945.87
221,919,801.91,729.01
221,942,1289.86,1172.60
221,GATE,676.59,615.09
222,1,508.07,461.88
222,2,501.13,455.57
222,3,433.70,394.27
222,4,439.56,399.60
222,5,472.46,429.51
222,6,499.12,453.74
222,7,537.70,488.82
222,8,591.64,537.85
222,9,588.57,535.06
222,10,610.70,555.19
222,10-1,651.10,591.91
222,11,654.32,594.83
222,12,682.01,620.01
222,13,697.07,633.70
222,14,530.29,482.08
222,15,290.96,264.51
222,15-1,428.88,389.90
222,16,241.46,219.51
222,16-1,366.12,332.84
222,17,264.73,240.66
222,18,1050.04,954.58
222,19,1102.73,1002.48
222,20,767.11,697.37
222,21,938.09,852.81
222,22,819.03,744.57
222,24,656.92,597.20
222,25,731.42,664.93
222,25-1,760.39,691.27
222,26,766.85,697.14
222,27,866.98,788.17
222,28,908.25,825.69
222,29,1272.10,1156.46
222,30,1011.54,919.59
222,31,978.30,889.36
222,32,1129.04,1026.40
222,32-1,1124.28,1022.08
222,33,1097.96,998.14
222,34,1063.43,966.75
222,35,987.84,898.04
222,36,1145.07,1040.98
222,37,1093.03,993.66
222,38,1192.74,1084.31
222,39,1313.31,1193.92
222,40,1311.42,1192.20
222,43,943.30,857.54
222,43-1,996.58,905.98
222,43-2,972.66,884.23
222,44-1,1162.22,1056.56
222,49,132.59,120.54
222,50,191.37,173.97
222,51,99.39,90.36
222,52,54.61,49.65
222,52-1,54.61,49.65
222,52-2,43.40,39.46
222,53,112.36,102.14
222,54,196.73,178.84
222,55,236.60,215.09
222,56,856.37,778.52
222,57,69.69,63.35
222,57-1,42.42,38.56
222,58,118.99,108.17
222,59,15.26,13.87
222,59-1,75.96,69.06
222,61,585.54,532.31
222,62,639.17,581.06
222,64,690.24,627.50
222,66,1400.30,1273.00
222,71,549.82,499.84
222,71-1,463.94,421.76
222,73,437.92,398.11
222,74,298.15,271.04
222,75,1125.65,1023.32
222,75-1,1115.47,1014.06
222,80,857.70,779.72
222,81,414.00,376.36
222,82,286.56,260.51
222,83,178.95,162.68
222,84,276.55,251.41
222,85,488.18,443.80
222,85-1,898.38,816.71
222,86,812.07,738.25
222,101,479.85,436.23
222,103,485.27,441.16
222,105-2,1569.83,1427.11
222,129,985.74,896.12
222,132,1415.13,1286.48
222,135,1295.73,1177.94
222,140,78.33,71.21
222,140-1,78.33,71.21
222,140-2,78.33,71.21
222,142,1226.15,1114.68
222,143,863.71,785.19
222,152-1,422.08,383.71
222,153,382.61,347.83
222,200,901.70,819.73
222,201,1072.46,974.96
222,203,907.50,825.00
222,207,37.52,34.11
222,220,19.78,17.98
222,221,117.72,107.01
222,223,296.60,269.63
222,300,1720.05,1563.68
222,301,1790.43,1627.66
222,302,1959.38,1781.25
222,500,951.15,864.68
222,919,897.71,816.10
222,942,1385.66,1259.69
222,GATE,532.44,484.04
223,1,776.25,705.68
223,2,769.31,699.38
223,3,701.89,638.08
223,4,707.74,643.40
223,5,696.75,633.41
223,6,679.04,617.31
223,7,732.94,666.31
223,8,786.88,715.34
223,9,739.45,672.23
223,10,767.44,697.67
223,10-1,776.46,705.87
223,11,805.20,732.00
223,12,854.11,776.47
223,13,878.07,798.25
223,14,637.09,579.18
223,15,573.69,521.53
223,15-1,715.37,650.34
223,16,564.49,513.17
223,16-1,652.61,593.28
223,17,567.22,515.65
223,18,1309.19,1190.18
223,19,1361.88,1238.08
223,20,1026.26,932.96
223,21,1206.27,1096.61
223,22,1087.21,988.37
223,24,925.10,841.00
223,25,999.61,908.74
223,25-1,1028.58,935.07
223,26,1035.04,940.94
223,27,1135.17,1031.97
223,28,1176.44,1069.49
223,29,1463.47,1330.42
223,30,1279.73,1163.39
223,31,1246.49,1133.17
223,32,1397.22,1270.20
223,32-1,1392.47,1265.88
223,33,1366.14,1241.95
223,34,1331.61,1210.56
223,35,1251.69,1137.90
223,36,1413.26,1284.78
223,37,1361.21,1237.47
223,38,1460.93,1328.12
223,39,1581.49,1437.72
223,40,1579.61,1436.01
223,43,1211.48,1101.35
223,43-1,1264.76,1149.78
223,43-2,1240.84,1128.04
223,44-1,1430.41,1300.37
223,49,400.78,364.34
223,50,481.98,438.17
223,51,428.05,389.13
223,52,325.35,295.78
223,52-1,325.35,295.78
223,52-2,392.74,357.03
223,53,380.54,345.95
223,54,464.91,422.65
223,55,504.78,458.89
223,56,1124.56,1022.33
223,57,376.26,342.06
223,57-1,257.52,234.11
223,58,345.93,314.49
223,59,314.75,286.14
223,59-1,382.54,347.76
223,61,817.36,743.05
223,62,907.36,824.87
223,64,817.67,743.34
223,66,1420.96,1291.78
223,71,379.86,345.33
223,71-1,350.06,318.23
223,73,724.40,658.55
223,74,566.33,514.85
223,75,1393.84,1267.12
223,75-1,1383.65,1257.87
223,80,770.40,700.36
223,81,239.53,217.75
223,82,416.44,378.58
223,83,507.60,461.46
223,84,544.73,495.21
223,85,318.22,289.29
223,85-1,811.09,737.35
223,86,724.78,658.89
223,101,808.50,735.00
223,103,771.76,701.60
223,105-2,1590.48,1445.89
223,129,1253.92,1139.93
223,132,1454.34,1322.13
223,135,1563.92,1421.74
223,140,211.32,192.11
223,140-1,211.32,192.11
223,140-2,211.32,192.11
223,142,1452.26,1320.24
223,143,1122.87,1020.79
223,152-1,497.97,452.70
223,153,436.83,397.12
223,200,1169.89,1063.53
223,201,1340.64,1218.77
223,203,1175.69,1068.81
223,207,391.64,356.04
223,220,204.47,185.88
223,221,201.25,182.96
223,222,296.60,269.63
223,300,1903.55,1730.50
223,301,1973.93,1794.48
223,302,2141.99,1947.26
223,500,1219.34,1108.49
223,919,918.37,834.88
223,942,1406.32,1278.47
223,GATE,652.47,593.16
300,1,1172.86,1066.24
300,2,1185.78,1077.98
300,3,1268.12,1152.84
300,4,1248.63,1135.12
300,5,1181.32,1073.93
300,6,1273.57,1157.79
300,7,1177.60,1070.54
300,8,1185.78,1077.98
300,9,1180.44,1073.13
300,10,1248.82,1135.29
300,10-1,1258.96,1144.51
300,11,1192.49,1084.08
300,12,1116.66,1015.14
300,13,1010.76,918.87
300,14,1308.74,1189.77
300,15,1438.33,1307.58
300,15-1,1482.69,1347.90
300,16,1559.95,1418.14
300,16-1,1518.62,1380.56
300,17,1534.62,1395.11
300,18,729.11,662.82
300,19,657.13,597.39
300,20,901.95,819.96
300,21,798.58,725.99
300,22,837.49,761.36
300,24,1120.28,1018.44
300,25,1049.98,954.53
300,25-1,1149.80,1045.27
300,26,1090.16,991.06
300,27,922.58,838.71
300,28,880.79,800.72
300,29,663.01,602.74
300,30,742.08,674.62
300,31,874.69,795.17
300,32,817.45,743.14
300,32-1,787.16,715.60
300,33,734.56,667.78
300,34,609.25,553.86
300,35,643.73,585.21
300,36,574.53,522.30
300,37,636.60,578.73
300,38,632.26,574.78
300,39,466.18,423.80
300,40,441.76,401.60
300,43,779.35,708.50
300,43-1,706.81,642.55
300,43-2,745.83,678.03
300,44-1,561.19,510.17
300,49,1585.21,1441.10
300,50,1501.39,1364.90
300,51,1593.94,1449.03
300,52,1599.51,1454.10
300,52-1,1644.77,1495.24
300,52-2,1679.28,1526.62
300,53,1560.28,1418.44
300,54,1486.55,1351.41
300,55,1503.93,1367.21
300,56,799.68,726.99
300,57,1866.39,1696.72
300,57-1,1801.35,1637.59
300,58,1827.50,1661.36
300,59,1811.48,1646.80
300,59-1,1872.67,1702.42
300,61,1097.29,997.54
300,62,1059.68,963.34
300,64,1659.19,1508.35
300,66,754.37,685.79
300,71,2183.93,1985.39
300,71-1,2077.39,1888.54
300,73,1396.48,1269.53
300,74,1404.79,1277.08
300,75,789.54,717.76
300,75-1,887.27,806.61
300,80,2471.15,2246.50
300,81,2069.41,1881.28
300,82,1475.68,1341.52
300,83,1608.40,1462.18
300,84,1456.85,1324.41
300,85,2143.59,1948.72
300,85-1,2511.83,2283.49
300,86,2425.52,2205.02
300,101,1611.94,1465.40
300,103,1440.93,1309.93
300,105-2,375.43,341.30
300,129,941.82,856.20
300,132,468.93,426.30
300,135,425.67,386.97
300,140,1718.33,1562.12
300,140-1,1718.33,1562.12
300,140-2,1718.33,1562.12
300,142,737.30,670.27
300,143,879.41,799.46
300,152-1,2035.53,1850.48
300,153,1996.06,1814.60
300,200,921.02,837.29
300,201,915.55,832.31
300,203,1050.45,954.96
300,207,1685.24,1532.04
300,220,1670.41,1518.56
300,221,1787.09,1624.63
300,222,1720.05,1563.68
300,223,1903.55,1730.50
300,301,102.47,93.15
300,302,281.17,255.61
300,500,1148.30,1043.91
300,919,1552.63,1411.49
300,942,1987.27,1806.61
300,GATE,1923.35,1748.50
301,1,1243.24,1130.22
301,2,1256.16,1141.97
301,3,1338.50,1216.82
301,4,1319.01,1199.10
301,5,1251.70,1137.91
301,6,1343.95,1221.77
301,7,1247.98,1134.52
301,8,1256.16,1141.96
301,9,1250.82,1137.11
301,10,1319.20,1199.27
301,10-1,1329.34,1208.49
301,11,1262.87,1148.07
301,12,1187.04,1079.13
301,13,1081.14,982.85
301,14,1379.12,1253.75
301,15,1508.71,1371.56
301,15-1,1553.07,1411.88
301,16,1630.33,1482.12
301,16-1,1589.00,1444.54
301,17,1605.00,1459.09
301,18,799.49,726.81
301,19,727.51,661.37
301,20,972.33,883.94
301,21,868.96,789.97
301,22,907.87,825.34
301,24,1190.66,1082.42
301,25,1120.36,1018.51
301,25-1,1220.18,1109.25
301,26,1160.54,1055.04
301,27,992.96,902.69
301,28,951.17,864.70
301,29,733.39,666.72
301,30,812.46,738.60
301,31,945.07,859.15
301,32,887.83,807.12
301,32-1,857.54,779.58
301,33,804.94,731.76
301,34,679.63,617.85
301,35,714.11,649.20
301,36,644.91,586.28
301,37,706.98,642.71
301,38,702.64,638.76
301,39,536.56,487.79
301,40,512.14,465.59
301,43,849.73,772.48
301,43-1,777.19,706.54
301,43-2,816.21,742.01
301,44-1,631.57,574.16
301,49,1655.59,1505.08
301,50,1571.77,1428.89
301,51,1664.32,1513.01
301,52,1669.89,1518.08
301,52-1,1715.15,1559.22
301,52-2,1749.66,1590.60
301,53,1630.66,1482.42
301,54,1556.93,1415.39
301,55,1574.31,1431.19
301,56,870.06,790.97
301,57,1936.77,1760.70
301,57-1,1871.73,1701.57
301,58,1897.88,1725.34
301,59,1881.86,1710.78
301,59-1,1943.05,1766.41
301,61,1167.67,1061.52
301,62,1130.06,1027.33
301,64,1729.57,1572.34
301,66,824.75,749.78
301,71,2254.31,2049.37
301,71-1,2147.77,1952.52
301,73,1466.86,1333.51
301,74,1475.17,1341.06
301,75,859.92,781.75
301,75-1,957.65,870.59
301,80,2541.53,2310.48
301,81,2139.79,1945.26
301,82,1546.06,1405.51
301,83,1678.78,1526.16
301,84,1527.23,1388.39
301,85,2213.97,2012.70
301,85-1,2582.21,2347.47
301,86,2495.90,2269.00
301,101,1682.32,1529.38
301,103,1511.31,1373.91
301,105-2,445.81,405.28
301,129,1012.20,920.19
301,132,539.31,490.29
301,135,496.05,450.95
301,140,1788.71,1626.10
301,140-1,1788.71,1626.10
301,140-2,1788.71,1626.10
301,142,807.68,734.25
301,143,949.79,863.44
301,152-1,2105.91,1914.46
301,153,2066.44,1878.58
301,200,991.40,901.28
301,201,985.93,896.30
301,203,1120.83,1018.94
301,207,1755.62,1596.02
301,220,1740.79,1582.54
301,221,1857.47,1688.61
301,222,1790.43,1627.66
301,223,1973.93,1794.48
301,300,102.47,93.15
301,302,26.18,23.80
301,500,1218.68,1107.89
301,919,1623.01,1475.47
301,942,2057.65,1870.59
301,GATE,1993.73,1812.48
302,1,1412.19,1283.81
302,2,1425.11,1295.56
302,3,1507.45,1370.41
302,4,1487.96,1352.69
302,5,1420.65,1291.50
302,6,1512.90,1375.36
302,7,1416.93,1288.12
302,8,1425.11,1295.55
302,9,1419.77,1290.70
302,10,1488.15,1352.87
302,10-1,1498.30,1362.09
302,11,1431.82,1301.66
302,12,1355.99,1232.72
302,13,1250.09,1136.45
302,14,1548.07,1407.34
302,15,1677.66,1525.15
302,15-1,1722.02,1565.47
302,16,1799.28,1635.71
302,16-1,1757.95,1598.14
302,17,1773.95,1612.69
302,18,968.44,880.40
302,19,896.46,814.96
302,20,1141.29,1037.53
302,21,1037.91,943.56
302,22,1076.82,978.93
302,24,1359.61,1236.01
302,25,1289.31,1172.10
302,25-1,1389.13,1262.85
302,26,1329.49,1208.63
302,27,1161.91,1056.28
302,28,1120.12,1018.29
302,29,901.45,819.50
302,30,981.41,892.19
302,31,1114.02,1012.74
302,32,1056.78,960.71
302,32-1,1026.49,933.17
302,33,973.89,885.35
302,34,848.58,771.44
302,35,883.07,802.79
302,36,813.86,739.88
302,37,875.93,796.30
302,38,871.59,792.35
302,39,705.52,641.38
302,40,681.09,619.18
302,43,1018.68,926.07
302,43-1,946.14,860.13
302,43-2,985.16,895.60
302,44-1,800.52,727.75
302,49,1824.54,1658.68
302,50,1740.73,1582.48
302,51,1833.27,1666.61
302,52,1838.84,1671.67
302,52-1,1884.10,1712.81
302,52-2,1918.61,1744.19
302,53,1799.61,1636.01
302,54,1725.88,1568.98
302,55,1743.26,1584.79
302,56,1039.02,944.56
302,57,2105.72,1914.29
302,57-1,2040.68,1855.17
302,58,2066.83,1878.94
302,59,2050.81,1864.37
302,59-1,2112.00,1920.00
302,61,1336.62,1215.11
302,62,1299.01,1180.92
302,64,1898.52,1725.93
302,66,992.81,902.56
302,71,2423.26,2202.96
302,71-1,2316.72,2106.11
302,73,1635.82,1487.11
302,74,1644.12,1494.66
302,75,1028.87,935.34
302,75-1,1126.60,1024.19
302,80,2710.48,2464.07
302,81,2307.85,2098.04
302,82,1714.12,1558.29
302,83,1847.73,1679.76
302,84,1696.18,1541.99
302,85,2382.03,2165.48
302,85-1,2751.17,2501.06
302,86,2664.85,2422.59
302,101,1851.27,1682.97
302,103,1680.26,1527.51
302,105-2,613.87,558.06
302,129,1181.16,1073.78
302,132,707.37,643.07
302,135,665.00,604.54
302,140,1956.77,1778.88
302,140-1,1956.77,1778.88
302,140-2,1956.77,1778.88
302,142,975.74,887.03
302,143,1118.74,1017.04
302,152-1,2274.86,2068.05
302,153,2235.39,2032.17
302,200,1160.35,1054.87
302,201,1154.88,1049.89
302,203,1289.78,1172.53
302,207,1924.58,1749.61
302,220,1909.75,1736.13
302,221,2025.53,1841.39
302,222,1959.38,1781.25
302,223,2141.99,1947.26
302,300,281.17,255.61
302,301,26.18,23.80
302,500,1387.63,1261.48
302,919,1791.07,1628.25
302,942,2225.71,2023.37
302,GATE,2162.68,1966.07
500,1,498.64,453.31
500,2,570.26,518.42
500,3,678.47,616.79
500,4,652.86,593.51
500,5,680.68,618.80
500,6,762.29,692.99
500,7,728.90,662.64
500,8,701.33,637.57
500,9,762.52,693.20
500,10,861.49,783.17
500,10-1,914.27,831.16
500,11,810.27,736.61
500,12,770.23,700.21
500,13,645.44,586.77
500,14,793.46,721.33
500,15,642.80,584.36
500,15-1,614.84,558.94
500,16,611.22,555.65
500,16-1,565.64,514.22
500,17,697.85,634.41
500,18,621.87,565.33
500,19,645.83,587.12
500,20,531.13,482.85
500,21,555.79,505.26
500,22,361.62,328.74
500,24,289.00,262.73
500,25,192.53,175.02
500,25-1,313.86,285.33
500,26,320.32,291.20
500,27,216.02,196.38
500,28,303.43,275.84
500,29,843.93,767.21
500,30,425.43,386.76
500,31,335.20,304.73
500,32,363.01,330.01
500,32-1,358.25,325.68
500,33,412.73,375.21
500,34,520.69,473.36
500,35,558.55,507.77
500,36,574.09,521.90
500,37,460.94,419.03
500,38,505.60,459.64
500,39,698.82,635.29
500,40,688.53,625.94
500,43,475.26,432.05
500,43-1,453.84,412.58
500,43-2,429.92,390.84
500,44-1,628.61,571.46
500,49,865.54,786.85
500,50,732.50,665.91
500,51,825.04,750.03
500,52,830.61,755.10
500,52-1,875.87,796.24
500,52-2,910.38,827.62
500,53,837.33,761.21
500,54,766.87,697.15
500,55,747.40,679.46
500,56,429.79,390.72
500,57,1097.49,997.72
500,57-1,1032.45,938.59
500,58,887.19,806.54
500,59,1042.58,947.80
500,59-1,1103.77,1003.43
500,61,643.49,584.99
500,62,479.24,435.67
500,64,550.42,500.38
500,66,1184.80,1077.09
500,71,1223.95,1112.68
500,71-1,1117.41,1015.83
500,73,404.88,368.08
500,74,635.89,578.08
500,75,359.62,326.93
500,75-1,349.44,317.67
500,80,1431.66,1301.51
500,81,1316.45,1196.78
500,82,781.43,710.40
500,83,839.50,763.18
500,84,687.96,625.41
500,85,1390.64,1264.21
500,85-1,1472.35,1338.50
500,86,1386.04,1260.03
500,101,605.20,550.19
500,103,414.17,376.52
500,105-2,1012.31,920.28
500,129,219.71,199.73
500,132,986.96,897.24
500,135,754.34,685.76
500,140,985.16,895.60
500,140-1,985.16,895.60
500,140-2,985.16,895.60
500,142,797.98,725.43
500,143,681.43,619.48
500,152-1,1075.54,977.77
500,153,1036.08,941.89
500,200,143.18,130.16
500,201,306.43,278.57
500,203,141.47,128.61
500,207,916.35,833.04
500,220,901.52,819.56
500,221,1040.46,945.87
500,222,951.15,864.68
500,223,1219.34,1108.49
500,300,1148.30,1043.91
500,301,1218.68,1107.89
500,302,1387.63,1261.48
500,919,1260.73,1146.12
500,942,1748.68,1589.71
500,GATE,814.58,740.53
919,1,733.77,667.06
919,2,645.60,586.91
919,3,554.70,504.28
919,4,604.22,549.29
919,5,510.12,463.75
919,6,492.42,447.65
919,7,529.08,480.98
919,8,600.25,545.68
919,9,487.33,443.03
919,10,440.32,400.29
919,10-1,425.54,386.86
919,11,467.42,424.93
919,12,530.29,482.08
919,13,624.19,567.45
919,14,450.46,409.51
919,15,762.52,693.20
919,15-1,904.21,822.00
919,16,851.34,773.95
919,16-1,841.44,764.95
919,17,756.05,687.32
919,18,1011.71,919.74
919,19,1064.40,967.64
919,20,751.90,683.55
919,21,932.90,848.10
919,22,936.07,850.98
919,24,966.50,878.63
919,25,1000.41,909.46
919,25-1,1061.84,965.31
919,26,1002.20,911.09
919,27,1045.71,950.65
919,28,1065.99,969.09
919,29,1112.55,1011.41
919,30,1118.34,1016.68
919,31,1095.35,995.77
919,32,1336.16,1214.69
919,32-1,1255.08,1140.99
919,33,1204.75,1095.23
919,34,1124.03,1021.85
919,35,954.21,867.46
919,36,1162.42,1056.74
919,37,1199.83,1090.75
919,38,1252.39,1138.53
919,39,1301.21,1182.92
919,40,1305.51,1186.83
919,43,993.07,902.80
919,43-1,1030.94,937.22
919,43-2,1037.38,943.07
919,44-1,1147.05,1042.78
919,49,740.80,673.45
919,50,722.82,657.11
919,51,807.52,734.11
919,52,802.52,729.56
919,52-1,842.50,765.91
919,52-2,882.29,802.08
919,53,715.87,650.79
919,54,642.13,583.76
919,55,659.52,599.56
919,56,932.28,847.53
919,57,1044.05,949.14
919,57-1,979.01,890.01
919,58,1048.93,953.57
919,59,989.14,899.22
919,59-1,1050.33,954.84
919,61,630.73,573.39
919,62,842.21,765.64
919,64,1178.73,1071.58
919,66,1070.04,972.77
919,71,1220.04,1109.13
919,71-1,1190.24,1082.03
919,73,853.87,776.25
919,74,612.63,556.93
919,75,1332.78,1211.61
919,75-1,1322.59,1202.36
919,80,1610.58,1464.16
919,81,1084.23,985.66
919,82,490.49,445.90
919,83,829.83,754.39
919,84,704.23,640.21
919,85,1158.41,1053.10
919,85-1,1651.27,1501.15
919,86,1564.96,1422.69
919,101,1028.45,934.95
919,103,947.07,860.97
919,105-2,1239.57,1126.88
919,129,1162.48,1056.80
919,132,1103.43,1003.12
919,135,1280.12,1163.75
919,140,733.14,666.50
919,140-1,733.14,666.50
919,140-2,733.14,666.50
919,142,1101.35,1001.23
919,143,825.39,750.35
919,152-1,1256.95,1142.69
919,153,1217.49,1106.81
919,200,1203.15,1093.77
919,201,1279.58,1163.26
919,203,1208.94,1099.04
919,207,888.25,807.50
919,220,848.08,770.98
919,221,801.91,729.01
919,222,897.71,816.10
919,223,918.37,834.88
919,300,1552.63,1411.49
919,301,1623.01,1475.47
919,302,1791.07,1628.25
919,500,1260.73,1146.12
919,942,588.82,535.29
919,GATE,1306.71,1187.92
942,1,1221.72,1110.65
942,2,1133.55,1030.50
942,3,1042.65,947.87
942,4,1092.17,992.88
942,5,998.07,907.34
942,6,980.36,891.24
942,7,1017.03,924.57
942,8,1088.20,989.27
942,9,975.28,886.62
942,10,928.27,843.88
942,10-1,913.49,830.45
942,11,955.37,868.52
942,12,1018.24,925.67
942,13,1112.14,1011.04
942,14,938.41,853.10
942,15,1250.47,1136.79
942,15-1,1392.15,1265.60
942,16,1339.29,1217.54
942,16-1,1329.39,1208.54
942,17,1244.00,1130.91
942,18,1499.66,1363.33
942,19,1552.35,1411.23
942,20,1239.85,1127.14
942,21,1420.85,1291.69
942,22,1424.02,1294.57
942,24,1454.45,1322.22
942,25,1488.36,1353.05
942,25-1,1549.79,1408.90
942,26,1490.15,1354.68
942,27,1533.66,1394.24
942,28,1553.94,1412.68
942,29,1547.19,1406.54
942,30,1606.29,1460.27
942,31,1583.30,1439.36
942,32,1824.11,1658.28
942,32-1,1743.03,1584.58
942,33,1692.70,1538.82
942,34,1611.98,1465.44
942,35,1442.16,1311.05
942,36,1650.37,1500.33
942,37,1687.78,1534.34
942,38,1740.34,1582.12
942,39,1789.16,1626.51
942,40,1793.46,1630.42
942,43,1481.02,1346.39
942,43-1,1518.89,1380.81
942,43-2,1525.33,1386.66
942,44-1,1635.00,1486.37
942,49,1228.75,1117.05
942,50,1210.77,1100.70
942,51,1295.47,1177.70
942,52,1290.47,1173.15
942,52-1,1330.45,1209.50
942,52-2,1370.24,1245.67
942,53,1203.82,1094.38
942,54,1130.08,1027.35
942,55,1147.47,1043.15
942,56,1420.23,1291.12
942,57,1532.00,1392.73
942,57-1,1466.96,1333.60
942,58,1536.88,1397.16
942,59,1477.09,1342.81
942,59-1,1538.28,1398.43
942,61,1118.68,1016.98
942,62,1330.16,1209.23
942,64,1666.68,1515.17
942,66,1504.68,1367.89
942,71,1707.99,1552.72
942,71-1,1678.19,1525.62
942,73,1341.82,1219.84
942,74,1100.58,1000.53
942,75,1820.72,1655.20
942,75-1,1810.54,1645.95
942,80,1949.01,1771.82
942,81,1572.17,1429.25
942,82,978.44,889.49
942,83,1317.78,1197.98
942,84,1192.18,1083.80
942,85,1646.36,1496.69
942,85-1,1989.69,1808.81
942,86,1903.38,1730.35
942,101,1516.40,1378.54
942,103,1435.02,1304.56
942,105-2,1674.20,1522.00
942,129,1650.43,1500.39
942,132,1538.07,1398.24
942,135,1768.07,1607.34
942,140,1221.09,1110.09
942,140-1,1221.09,1110.09
942,140-2,1221.09,1110.09
942,142,1535.99,1396.35
942,143,1313.34,1193.94
942,152-1,1744.90,1586.28
942,153,1705.44,1550.40
942,200,1691.09,1537.36
942,201,1767.53,1606.85
942,203,1696.89,1542.63
942,207,1376.20,1251.09
942,220,1336.03,1214.57
942,221,1289.86,1172.60
942,222,1385.66,1259.69
942,223,1406.32,1278.47
942,300,1987.27,1806.61
942,301,2057.65,1870.59
942,302,2225.71,2023.37
942,500,1748.68,1589.71
942,919,588.82,535.29
942,GATE,1794.66,1631.51
GATE,1,819.74,745.22
GATE,2,817.51,743.20
GATE,3,842.70,766.09
GATE,4,848.56,771.42
GATE,5,881.46,801.33
GATE,6,908.12,825.56
GATE,7,946.70,860.64
GATE,8,928.81,844.37
GATE,9,997.56,906.88
GATE,10,1019.70,927.00
GATE,10-1,1060.10,963.73
GATE,11,1056.04,960.04
GATE,12,1015.12,922.83
GATE,13,1017.29,924.81
GATE,14,939.29,853.90
GATE,15,605.48,550.44
GATE,15-1,580.10,527.36
GATE,16,373.90,339.91
GATE,16-1,511.84,465.31
GATE,17,579.24,526.58
GATE,18,1254.46,1140.42
GATE,19,1307.15,1188.32
GATE,20,1038.06,943.69
GATE,21,1141.39,1037.62
GATE,22,1022.33,929.39
GATE,24,787.56,715.97
GATE,25,886.33,805.76
GATE,25-1,890.24,809.31
GATE,26,921.76,837.96
GATE,27,996.59,905.99
GATE,28,1083.48,984.99
GATE,29,1476.53,1342.30
GATE,30,1206.00,1096.37
GATE,31,1115.77,1014.34
GATE,32,1143.58,1039.62
GATE,32-1,1138.82,1035.29
GATE,33,1193.30,1084.82
GATE,34,1266.73,1151.57
GATE,35,1191.14,1082.86
GATE,36,1348.37,1225.79
GATE,37,1241.51,1128.64
GATE,38,1286.18,1169.25
GATE,39,1479.39,1344.90
GATE,40,1469.10,1335.55
GATE,43,1146.59,1042.36
GATE,43-1,1199.88,1090.80
GATE,43-2,1175.96,1069.05
GATE,44-1,1365.52,1241.38
GATE,49,758.15,689.22
GATE,50,536.28,487.53
GATE,51,540.40,491.27
GATE,52,615.59,559.63
GATE,52-1,611.71,556.10
GATE,52-2,609.34,553.94
GATE,53,713.56,648.69
GATE,54,676.92,615.38
GATE,55,656.91,597.19
GATE,56,1059.67,963.34
GATE,57,462.99,420.90
GATE,57-1,475.20,432.00
GATE,58,300.64,273.31
GATE,59,458.09,416.45
GATE,59-1,458.09,416.45
GATE,61,918.65,835.14
GATE,62,894.38,813.07
GATE,64,283.49,257.72
GATE,66,1809.30,1644.82
GATE,71,527.67,479.70
GATE,71-1,421.13,382.84
GATE,73,647.34,588.50
GATE,74,670.47,609.52
GATE,75,1140.19,1036.54
GATE,75-1,1130.01,1027.28
GATE,80,602.03,547.30
GATE,81,620.17,563.79
GATE,82,765.30,695.73
GATE,83,477.39,433.99
GATE,84,617.34,561.22
GATE,85,694.31,631.19
GATE,85-1,642.71,584.29
GATE,86,556.40,505.82
GATE,101,404.61,367.83
GATE,103,505.51,459.56
GATE,105-2,1776.45,1614.96
GATE,129,1000.28,909.34
GATE,132,1619.56,1472.32
GATE,135,1499.03,1362.76
GATE,140,701.58,637.80
GATE,140-1,701.58,637.80
GATE,140-2,747.50,679.54
GATE,142,1430.58,1300.52
GATE,143,1159.73,1054.30
GATE,152-1,362.80,329.82
GATE,153,328.69,298.81
GATE,200,923.75,839.77
GATE,201,1087.00,988.18
GATE,203,922.04,838.22
GATE,207,567.53,515.93
GATE,220,562.63,511.48
GATE,221,676.59,615.09
GATE,222,532.44,484.04
GATE,223,652.47,593.16
GATE,300,1923.35,1748.50
GATE,301,1993.73,1812.48
GATE,302,2162.68,1966.07
GATE,500,814.58,740.53
GATE,919,1306.71,1187.92
GATE,942,1794.66,1631.51
