id,lng,lat,ele_m
1,126.95036127945566,37.46672454547703,73.47
2,126.95034150745332,37.46615640138138,73.44
3,126.95038621799156,37.46594226003913,71.99
4,126.9564943,37.4614067,129.84
5,126.9564233,37.4613412,129.67
6,126.9563897,37.4613195,129.44
7,126.9563518,37.4613019,129.24
8,126.9563044,37.4612875,128.94
9,126.9562443,37.4612788,128.05
10,126.9561854,37.4612765,127.24
11,126.9561222,37.4612802,126.7
12,126.9560662,37.461288,126.37
13,126.9559749,37.4613047,125.99
14,126.9652191,37.4426477,540.04
15,126.965157,37.4427111,541.84
16,126.9650832,37.4428437,541.92
17,126.9649758,37.4428823,543.83
18,126.9646903,37.4431718,547.92
19,126.9644942,37.4433977,562.12
20,126.9645363,37.4435795,561.64
21,126.9644974,37.4437541,569.6
22,126.9645055,37.4438755,572.43
23,126.9644849,37.4439916,579.98
24,126.9644634,37.4441563,590.92
25,126.9644231,37.4442014,592.42
26,126.9643909,37.4441957,594.36
27,126.9643509,37.4442247,594.69
28,126.9642731,37.4442455,595.17
29,126.9642271,37.4442888,591.88
30,126.9641796,37.4443334,594.97
31,126.9641677,37.4443904,599.43
32,126.9641998,37.4444216,600.43
33,126.9642101,37.444477,603.73
34,126.9641853,37.4445946,610.16
35,126.9699856,37.4687316,117.06
36,126.9701574,37.4685715,120.92
37,126.9702105,37.4685376,122.05
38,126.9734924,37.4709115,63.57
39,126.9732267,37.4705943,69.13
40,126.9732227,37.4703938,70.18
41,126.9731123,37.470043,77.05
42,126.9728296,37.4696509,87.44
43,126.9727787,37.4694596,94.13
44,126.9727926,37.4692566,96.01
45,126.972778,37.4691785,97.82
46,126.9534621,37.4534833,148.62
47,126.9533024,37.4533943,147.55
48,126.9530594,37.4532678,146.48
49,126.9527711,37.4532263,143.45
50,126.9524535,37.4532833,140.15
51,126.9522247,37.4534119,138.53
52,126.9520651,37.4535294,137.27
53,126.9518846,37.4537441,132.97
54,126.9516762,37.4538089,132.51
55,126.9514361,37.4538476,132.39
56,126.9502332,37.4538813,125.2
57,126.951008,37.455228,115.14
58,126.9510506,37.4552319,115.15
59,126.9518538,37.4553052,121.26
60,126.9520655,37.4585283,109.44
61,126.9519387,37.4584151,108.65
62,126.9517967,37.4581028,110.61
63,126.9517545,37.4580177,110.68
64,126.9515185,37.4575422,110.4
65,126.9513939,37.457309,111.1
66,126.951374,37.4590073,96.65
67,126.9515857,37.4587941,100.69
68,126.9517035,37.4587241,102.74
69,126.950336,37.4559729,105.75
70,126.950489,37.4554326,111.91
71,126.9521447,37.4570788,121.99
72,126.9522706,37.4569763,123.0
73,126.9523135,37.4568874,123.36
74,126.9523698,37.4566484,123.06
75,126.9523865,37.4565271,122.69
76,126.9524025,37.456411,122.85
77,126.9524036,37.456403,122.85
78,126.9524107,37.4562976,121.25
79,126.9523993,37.4562162,122.07
80,126.9523725,37.456156,122.26
81,126.9523414,37.4560909,122.15
82,126.9522847,37.4560203,122.44
83,126.9514993,37.4586256,100.84
84,126.9513832,37.4583755,100.76
85,126.9513323,37.4582659,100.83
86,126.9511412,37.4578786,102.56
87,126.9511317,37.4578594,102.5
88,126.9510805,37.4577494,102.17
89,126.9508933,37.4573441,101.27
90,126.9569186,37.4602881,137.68
91,126.9568014,37.4601857,137.61
92,126.9566772,37.4600661,136.44
93,126.9565119,37.4599064,134.95
94,126.9556548,37.4591137,130.46
95,126.9553933,37.4589061,128.28
96,126.9552434,37.4588443,127.42
97,126.9564633,37.4610524,129.39
98,126.9564342,37.4611205,128.93
99,126.9564439,37.4611557,128.79
100,126.9564479,37.461206,129.01
101,126.9564545,37.4612751,129.41
102,126.9564597,37.4613317,129.74
103,126.9564721,37.4613627,129.94
104,126.9494884,37.4593841,87.58
105,126.9497915,37.4599036,86.06
106,126.9499042,37.4601208,85.0
107,126.9499694,37.4602176,85.0
108,126.9511299,37.4605189,86.37
109,126.9511652,37.4605662,86.41
110,126.9511814,37.4606114,86.4
111,126.9511713,37.4606501,86.32
112,126.9511367,37.4606921,86.17
113,126.950907,37.4608927,85.36
114,126.9506931,37.4610751,85.0
115,126.9506685,37.4610965,85.0
116,126.950515,37.46123,82.17
117,126.9490609,37.4606084,75.82
118,126.9491451,37.4605594,76.46
119,126.9493758,37.4604976,78.31
120,126.9496183,37.4604721,80.0
121,126.9548667,37.4590663,121.57
122,126.9549453,37.4589849,122.6
123,126.9550684,37.4588607,125.6
124,126.9528894,37.4598387,100.0
125,126.9530482,37.4596682,103.21
126,126.9531852,37.459463,107.37
127,126.9581193,37.4606002,129.98
128,126.9581304,37.4605887,129.99
129,126.958148,37.460585,130.0
130,126.9581647,37.4605907,130.0
131,126.9581735,37.4606034,130.0
132,126.9581705,37.4606177,130.0
133,126.9518606,37.4576241,115.86
134,126.951727,37.457628,114.27
135,126.9530337,37.4592675,109.53
136,126.9531255,37.4592776,109.93
137,126.9540242,37.4596087,110.0
138,126.9520109,37.4579163,115.78
139,126.9518944,37.4579512,113.97
140,126.9542011,37.4596928,111.12
141,126.9544656,37.459545,115.0
142,126.9549816,37.4592521,118.7
143,126.9547789,37.459174,119.62
144,126.9525924,37.4595961,101.5
145,126.9552744,37.4605752,114.05
146,126.9554821,37.4604744,114.77
147,126.9556552,37.4603874,115.57
148,126.9557494,37.4603477,117.31
149,126.9546077,37.4593751,116.68
150,126.952279,37.4583816,116.27
151,126.9521812,37.4584657,113.53
152,126.9504332,37.4598648,86.51
153,126.9506193,37.4597398,87.32
154,126.9512887,37.4577759,105.55
155,126.951177,37.4578169,103.46
156,126.9510556,37.45786,101.21
157,126.9509797,37.4583756,95.31
158,126.9491463,37.45746,96.12
159,126.9494472,37.4574544,97.78
160,126.9498228,37.45744,97.98
161,126.9499922,37.4574404,98.08
162,126.9501032,37.4574346,98.48
163,126.9502542,37.4573989,99.17
164,126.9503294,37.4573825,99.53
165,126.9505193,37.4573468,99.9
166,126.9506041,37.4573301,100.07
167,126.9550477,37.4610339,113.46
168,126.9551658,37.461217,118.57
169,126.9554268,37.4614259,126.55
170,126.9537116,37.460121,103.71
171,126.9538381,37.46025,102.83
172,126.9542558,37.4608585,101.99
173,126.9543,37.4608527,102.57
174,126.9543093,37.4608938,102.86
175,126.9543576,37.4609598,104.23
176,126.9534429,37.4602813,99.47
177,126.9539802,37.4599608,106.98
178,126.9542919,37.4598045,111.23
179,126.9562512,37.4608092,125.0
180,126.9563405,37.4608488,125.0
181,126.9565385,37.4609267,130.0
182,126.955906,37.4605357,120.16
183,126.9559347,37.4605655,121.11
184,126.9560455,37.4606805,123.47
185,126.9506972,37.4620218,80.0
186,126.950842,37.462158,80.0
187,126.9502895,37.4617109,80.0
188,126.9506452,37.4613394,82.13
189,126.9511086,37.4589287,94.08
190,126.950115,37.4575024,97.04
191,126.9510392,37.4587875,94.05
192,126.9510855,37.4588818,94.32
193,126.9502794,37.4581602,91.69
194,126.9502112,37.4581823,91.32
195,126.9508069,37.4588592,92.25
196,126.9506111,37.4585079,92.21
197,126.9508028,37.4580174,95.89
198,126.9506579,37.4577278,96.27
199,126.9505399,37.4574787,98.53
200,126.9503462,37.457826,95.0
201,126.9503199,37.457782,95.01
202,126.9532741,37.4566782,147.39
203,126.9535328,37.4567395,150.01
204,126.953669,37.4569106,153.47
205,126.9537544,37.457122,155.0
206,126.953975,37.4573137,159.56
207,126.9543378,37.4575474,158.1
208,126.9544072,37.457484,159.61
209,126.9546848,37.4572504,163.71
210,126.9547322,37.4572105,163.74
211,126.9548771,37.4569933,161.46
212,126.9549629,37.4567804,163.02
213,126.9549575,37.4566015,164.03
214,126.9548878,37.4564482,162.45
215,126.954818,37.4563119,161.02
216,126.9548127,37.4562034,160.15
217,126.9548556,37.4561224,160.01
218,126.9549495,37.4560458,160.0
219,126.9550951,37.4559695,160.0
220,126.9552076,37.4559106,160.0
221,126.9544995,37.4550132,154.73
222,126.9539597,37.4552367,150.4
223,126.9537639,37.4553581,150.49
224,126.953662,37.4554645,151.39
225,126.9536468,37.4555117,152.28
226,126.9536057,37.4556391,152.36
227,126.9535386,37.4558861,151.51
228,126.9534179,37.4561288,150.38
229,126.9533589,37.456363,149.97
230,126.9531466,37.4568911,141.71
231,126.9529157,37.457581,133.44
232,126.9528097,37.4577992,129.74
233,126.952681,37.4578625,126.96
234,126.9526173,37.4577971,126.92
235,126.9525522,37.4577353,126.4
236,126.9525093,37.4576767,126.04
237,126.9524697,37.4576133,125.81
238,126.9523759,37.4574356,124.09
239,126.9492396,37.4570675,98.98
240,126.94901,37.4570338,97.56
241,126.9489655,37.4570273,97.21
242,126.9488689,37.4569912,96.96
243,126.9488045,37.4569315,97.68
244,126.9487723,37.4568315,95.54
245,126.9488222,37.4560998,96.36
246,126.9488669,37.4558513,95.49
247,126.9531148,37.4639404,95.0
248,126.9527914,37.4637741,95.0
249,126.952734,37.4637446,94.85
250,126.9522421,37.4635911,92.97
251,126.9528386,37.4647686,84.69
252,126.9513597,37.4648832,80.99
253,126.9519484,37.4499444,189.66
254,126.9515806,37.449873,190.96
255,126.9509959,37.4496899,189.43
256,126.9508377,37.4496026,188.61
257,126.9507384,37.4494876,185.47
258,126.9505265,37.4491362,183.76
259,126.9502958,37.4488956,183.65
260,126.9500215,37.4487042,180.84
261,126.9495911,37.448505,180.01
262,126.9493014,37.4483971,179.79
263,126.9552954,37.4606275,114.05
264,126.9552458,37.4606647,112.86
265,126.9516689,37.4588798,101.03
266,126.9531359,37.4604459,97.4
267,126.953161,37.4605069,97.24
268,126.9532775,37.4607286,97.69
269,126.9532944,37.4607468,97.87
270,126.9523968,37.4604135,92.4
271,126.9524913,37.4605997,91.38
272,126.9525804,37.4607202,93.96
273,126.9522483,37.4600583,93.76
274,126.9522859,37.4601637,93.82
275,126.9532437,37.4604534,97.84
276,126.9526823,37.4606771,95.16
277,126.9525051,37.4603821,94.88
278,126.9509914,37.457244,103.84
279,126.9528694,37.4608911,98.32
280,126.9533252,37.4604632,98.1
281,126.9533312,37.4604493,98.09
282,126.9532616,37.4604106,98.07
283,126.9537211,37.4605088,100.2
284,126.9535852,37.4605762,99.12
285,126.9511469,37.4608487,86.0
286,126.9515521,37.4605625,88.27
287,126.9517399,37.4607476,88.59
288,126.9518927,37.4608875,88.79
289,126.9520345,37.4610116,88.79
290,126.9521027,37.4610986,89.13
291,126.9512216,37.4601844,87.26
292,126.9515224,37.459937,88.7
293,126.9518161,37.4601489,89.77
294,126.9515332,37.4604144,88.54
295,126.9509691,37.4603937,86.4
296,126.9514699,37.4618361,81.97
297,126.9515492,37.4614661,84.87
298,126.9513642,37.4617171,82.01
299,126.9507173,37.4601976,86.28
300,126.9509632,37.4599936,87.29
301,126.9508256,37.4595059,88.85
302,126.9509455,37.4595208,89.07
303,126.9512669,37.4597526,89.06
304,126.9516591,37.459451,93.92
305,126.9513236,37.459709,89.39
306,126.9498058,37.4582129,90.0
307,126.9495593,37.4582997,89.54
308,126.9493606,37.4583534,89.62
309,126.9489342,37.458336,90.0
310,126.9518719,37.4596349,93.73
311,126.951575,37.4598915,89.1
312,126.9499877,37.4591665,88.89
313,126.9500637,37.4593346,88.87
314,126.9502334,37.4597101,87.04
315,126.9522232,37.4611462,89.74
316,126.952291,37.4612118,90.39
317,126.9523797,37.4613383,92.16
318,126.9526389,37.4616732,97.96
319,126.9529693,37.4618098,100.0
320,126.9525768,37.4624156,93.08
321,126.9523864,37.4625604,91.21
322,126.9522913,37.4627185,90.0
323,126.9534257,37.4618716,104.86
324,126.9534092,37.4618164,105.39
325,126.9533817,37.4617249,105.0
326,126.9533949,37.4615965,110.0
327,126.9534386,37.4614452,107.74
328,126.9534397,37.461347,105.0
329,126.953408,37.4612316,102.02
330,126.9533979,37.4610793,99.97
331,126.9530006,37.4628094,98.19
332,126.9531454,37.4627413,100.0
333,126.9531857,37.462654,100.39
334,126.9531642,37.4625731,100.61
335,126.9530703,37.4624518,100.0
336,126.9530623,37.4624261,100.0
337,126.9521232,37.4611979,89.06
338,126.9523325,37.4617216,92.25
339,126.9523968,37.4622837,90.57
340,126.9413856,37.4706634,45.06
341,126.9413758,37.4707217,44.92
342,126.9578835,37.4685552,62.72
343,126.9587023,37.4684237,63.96
344,126.9592112,37.4683419,64.89
345,126.9600976,37.468204,70.06
346,126.9609097,37.4681287,75.0
347,126.9611892,37.4681197,75.08
348,126.9622884,37.4687315,89.96
349,126.9624791,37.4687677,90.67
350,126.9637994,37.4689861,95.53
351,126.9507791,37.4730725,101.06
352,126.9507088,37.4724148,103.2
353,126.9507108,37.4723965,103.27
354,126.9507161,37.4723801,103.27
355,126.9507245,37.4723647,103.22
356,126.9507363,37.472351,103.11
357,126.9507498,37.4723392,102.91
358,126.9507678,37.4723291,102.62
359,126.9507858,37.4723222,102.31
360,126.950805,37.472318,101.96
361,126.9515476,37.472269,101.84
362,126.9515767,37.4722696,101.8
363,126.9516058,37.4722732,101.94
364,126.9516341,37.4722778,102.11
365,126.9516649,37.4722864,102.14
366,126.9516938,37.4723008,101.98
367,126.9517214,37.4723167,101.86
368,126.9517495,37.4723383,101.27
369,126.9517725,37.4723634,100.53
370,126.9517934,37.4723923,99.69
371,126.951807,37.4724261,96.38
372,126.9518394,37.4726525,95.0
373,126.9518714,37.4728759,94.22
374,126.9519846,37.4737014,85.04
375,126.9519826,37.4737304,85.0
376,126.9519738,37.4737566,85.0
377,126.9519594,37.4737782,85.0
378,126.9519398,37.4737976,84.91
379,126.9519156,37.4738154,84.73
380,126.9518854,37.4738311,84.58
381,126.9518526,37.4738401,84.53
382,126.9518215,37.4738436,84.54
383,126.9514754,37.4738581,84.95
384,126.9512847,37.4736796,86.84
385,126.9512389,37.4732768,90.85
386,126.9530306,37.4727884,85.0
387,126.9523189,37.4728413,89.32
388,126.9500686,37.4677643,70.48
389,126.9498265,37.4676651,68.54
390,126.9496333,37.4676003,66.9
391,126.9494148,37.4675473,64.95
392,126.9493873,37.4675423,64.82
393,126.9492263,37.4675129,63.86
394,126.9489708,37.4675275,62.13
395,126.9487563,37.4675404,60.3
396,126.9485356,37.4675634,57.96
397,126.9482913,37.467596,55.57
398,126.95145,37.456329,112.38
399,126.9519404,37.4563791,115.89
400,126.9659711,37.4761668,
401,126.9658999,37.476059,
402,126.9656195,37.4755542,
403,126.9656217,37.4753413,
404,126.9656246,37.475263,
405,126.9656431,37.4748403,52.96
406,126.9656683,37.4740189,55.39
407,126.9656926,37.4737704,56.08
408,126.9659487,37.4735543,57.55
409,126.9664534,37.4727541,63.45
410,126.9666542,37.4724351,65.8
411,126.9775946,37.4766877,
412,126.9775977,37.4765589,
413,126.9775983,37.4762732,
414,126.9773802,37.4758856,
415,126.9768527,37.4750594,
416,126.9767496,37.4748362,
417,126.9762598,37.4744888,
418,126.9761778,37.4744135,
419,126.9760482,37.4740122,
420,126.9760275,37.4739193,
421,126.975907,37.4734876,
422,126.9757038,37.4732987,
423,126.9751363,37.4728455,
424,126.974794,37.4725458,42.45
425,126.9742266,37.4718058,51.62
426,126.9736012,37.4712069,60.0
427,126.9406613,37.4707673,45.02
428,126.9404154,37.4708852,44.55
429,126.9398264,37.4711676,45.32
430,126.939086,37.4713218,44.5
431,126.9383144,37.4714824,43.69
432,126.9388698,37.4705709,42.73
433,126.9388682,37.4705384,42.82
434,126.9388399,37.4699507,44.68
435,126.9388262,37.4696674,46.17
436,126.9388059,37.4692471,49.43
437,126.938765,37.4683997,55.88
438,126.9387307,37.4676895,63.85
439,126.9387224,37.4675173,65.64
440,126.9387147,37.4673588,67.56
441,126.9387059,37.4671768,70.28
442,126.938674,37.4668303,75.0
443,126.9386597,37.4666266,76.75
444,126.9386443,37.4664352,77.41
445,126.9386403,37.4661043,78.7
446,126.9386476,37.4659685,79.99
447,126.9387303,37.465886,80.99
448,126.9389658,37.4656518,82.76
449,126.9391952,37.4654237,84.27
450,126.9393233,37.4652963,86.38
451,126.9393586,37.4652612,87.11
452,126.9393713,37.4652486,87.37
453,126.9394748,37.4651456,89.8
454,126.9395099,37.4651108,90.12
455,126.9396732,37.4649484,93.99
456,126.9398404,37.4647821,96.86
457,126.939866,37.4647566,97.23
458,126.9400892,37.4645347,100.0
459,126.9402904,37.4643067,104.52
460,126.9403204,37.4642727,104.71
461,126.9376686,37.4707229,41.46
462,126.937673,37.4706837,41.55
463,126.9376794,37.4706272,41.68
464,126.9376842,37.4705842,41.77
465,126.9379216,37.4701615,43.04
466,126.9379918,37.4700364,43.47
467,126.9379079,37.469795,44.42
468,126.9378097,37.4695123,46.15
469,126.9376976,37.4691896,47.66
470,126.9376763,37.4688744,48.52
471,126.937648,37.4684573,49.44
472,126.9376211,37.4680597,53.88
473,126.937585,37.4675264,54.94
474,126.9375648,37.4672276,56.05
475,126.9375202,37.4665695,59.49
476,126.93752,37.4663296,61.59
477,126.9375064,37.4661214,65.0
478,126.9375386,37.4659905,65.37
479,126.93759,37.4658779,69.12
480,126.9376723,37.465774,69.57
481,126.9377578,37.4656984,69.93
482,126.9378933,37.4655813,70.0
483,126.938,37.4654842,70.72
484,126.9380818,37.465413,72.3
485,126.9381823,37.4653229,74.4
486,126.9382138,37.4652978,74.98
487,126.9382933,37.4652344,76.28
488,126.9387324,37.4648843,84.37
489,126.9390022,37.4647739,89.7
490,126.9391666,37.4647114,93.38
491,126.9393004,37.464638,95.16
492,126.9393581,37.4645991,98.05
493,126.9394524,37.4645058,99.98
494,126.9396518,37.4643085,102.13
495,126.9397145,37.4642465,103.5
496,126.9397594,37.4642107,104.16
497,126.9398201,37.4641774,104.84
498,126.9398796,37.4641582,105.34
499,126.9399612,37.4641356,105.31
500,126.9400248,37.4641445,104.47
501,126.9581127,37.4700455,57.39
502,126.958361,37.4712618,54.85
503,126.9585187,37.4718472,54.45
504,126.9585637,37.471956,54.5
505,126.9587492,37.4725398,53.7
506,126.9588531,37.4728064,53.0
507,126.9589571,37.4731351,53.24
508,126.9590505,37.4735453,52.46
509,126.9590801,37.473982,53.47
510,126.959074,37.474559,49.96
511,126.9590404,37.4749007,49.26
512,126.9565146,37.4614372,129.33
513,126.9566045,37.4616157,126.61
514,126.9567339,37.4618171,125.0
515,126.9568937,37.4619923,124.02
516,126.9569249,37.4620239,123.56
517,126.9570975,37.4621989,120.23
518,126.9571582,37.4622574,120.0
519,126.9571949,37.4622927,120.0
520,126.9575384,37.4626238,114.64
521,126.9576504,37.4627735,114.62
522,126.9577175,37.4629268,112.12
523,126.9577524,37.4630284,110.0
524,126.9577791,37.4631738,110.0
525,126.9578774,37.4635847,103.12
526,126.9579104,37.4637226,103.18
527,126.9579413,37.4638987,99.79
528,126.9579467,37.4640747,98.99
529,126.9579228,37.4642361,97.29
530,126.9579225,37.4646633,91.86
531,126.9558595,37.4606074,119.88
532,126.9555719,37.4606032,116.14
533,126.9554529,37.4606654,115.69
534,126.9557748,37.4604972,117.98
535,126.9558146,37.4604399,118.09
536,126.9509227,37.4682086,78.33
537,126.9510018,37.4680687,79.64
538,126.9510634,37.4679597,80.24
539,126.9512113,37.4676983,80.0
540,126.9515214,37.4671499,78.14
541,126.9517139,37.4668096,76.19
542,126.951787,37.4666157,76.5
543,126.9518468,37.4665191,76.73
544,126.9518882,37.4664522,76.89
545,126.9519223,37.4662757,78.71
546,126.9518771,37.4661593,80.0
547,126.9518258,37.466027,79.08
548,126.9517949,37.4659473,78.85
549,126.948716,37.4646039,62.55
550,126.9488093,37.4646685,63.47
551,126.9489795,37.4649805,63.99
552,126.9493647,37.4655693,63.91
553,126.9493943,37.4656047,64.05
554,126.949543,37.4657098,64.88
555,126.991484,37.4464556,
556,126.9914724,37.4463521,
557,126.9914415,37.4462605,
558,126.9913758,37.4462201,
559,126.9912605,37.4461785,
560,126.9912176,37.4461381,
561,126.9911894,37.4460912,
562,126.9911438,37.4460295,
563,126.9910848,37.4459816,
564,126.9910245,37.4458602,
565,126.9909145,37.4457697,
566,126.9908703,37.4456809,
567,126.9908528,37.4456653,
568,126.9908675,37.445552,
569,126.9907227,37.4455647,
570,126.9905886,37.4456105,
571,126.9904867,37.4455929,
572,126.9904364,37.4456318,
573,126.9903982,37.4456169,
574,126.9903164,37.445479,
575,126.9901829,37.44548,
576,126.990079,37.4455067,
577,126.9900019,37.4455371,
578,126.9899402,37.4455114,
579,126.9898946,37.4455918,
580,126.989855,37.4457144,
581,126.9898101,37.4457458,
582,126.9897679,37.4457537,
583,126.9896579,37.4457089,
584,126.9895252,37.4457675,
585,126.9894487,37.4457899,
586,126.9893326,37.4456945,
587,126.9891429,37.4456579,
588,126.9890436,37.4455769,
589,126.9888908,37.4455599,
590,126.9886413,37.4454311,
591,126.9885555,37.4454023,
592,126.9885273,37.4453182,
593,126.9885172,37.445246,
594,126.9884683,37.4451617,
595,126.9883999,37.4451457,
596,126.9883463,37.4450946,
597,126.9882926,37.4450637,
598,126.9882363,37.4450398,
599,126.9881759,37.4450281,
600,126.9879976,37.4450318,
601,126.9879111,37.4450174,
602,126.9878656,37.4450018,
603,126.9877958,37.4449674,
604,126.9876261,37.44487,
605,126.9875745,37.4448088,
606,126.987504,37.4447965,
607,126.9874075,37.4447976,
608,126.9873646,37.444821,
609,126.9872359,37.4448785,
610,126.9871413,37.4449445,
611,126.9870877,37.4449477,
612,126.9870314,37.4449367,
613,126.9868382,37.4449088,
614,126.9867591,37.4448918,
615,126.9867262,37.4448742,
616,126.9866612,37.444846,
617,126.9865975,37.4447997,
618,126.9865035,37.4447405,
619,126.9862729,37.4447294,
620,126.9860915,37.4447532,
621,126.9859323,37.4447677,
622,126.9857982,37.4448955,
623,126.9857251,37.4449562,
624,126.9856802,37.4449743,
625,126.9856433,37.4449786,
626,126.9855669,37.4449716,
627,126.9855058,37.4449802,
628,126.9853534,37.4450165,
629,126.9849969,37.4452261,
630,126.9848936,37.445257,
631,126.9847752,37.4452829,
632,126.9844303,37.445379,
633,126.9841302,37.4453739,
634,126.983926,37.4454066,
635,126.983816,37.4454747,
636,126.9837221,37.4454705,
637,126.983529,37.4454342,
638,126.9833601,37.4454428,
639,126.9831588,37.4454407,
640,126.9829512,37.4455498,
641,126.9826788,37.4456195,
642,126.9825219,37.4456977,
643,126.9819904,37.4456622,
644,126.9819244,37.445727,
645,126.981749,37.4457842,
646,126.9816665,37.4458221,
647,126.9815215,37.4459168,
648,126.9811955,37.4459368,
649,126.9809755,37.4460007,
650,126.9805189,37.4462,
651,126.9803478,37.4461831,
652,126.9802158,37.4462022,
653,126.9800422,37.4462648,
654,126.9799966,37.4463372,
655,126.9798651,37.4463372,
656,126.9797184,37.4464635,
657,126.9795084,37.4466182,
658,126.9793307,37.4467064,
659,126.9792152,37.4468329,
660,126.9790278,37.4469776,
661,126.9789846,37.4471128,
662,126.9787743,37.4471604,
663,126.9785677,37.4472707,
664,126.9781539,37.4475292,
665,126.9780466,37.4476213,
666,126.9778212,37.4476489,
667,126.9775213,37.447712,
668,126.9771991,37.4477332,
669,126.9770139,37.4476787,
670,126.976722,37.4477381,
671,126.9765267,37.4477052,
672,126.9764148,37.4476829,
673,126.9762901,37.4477535,
674,126.9762618,37.4477393,
675,126.976186,37.4477319,
676,126.9760955,37.4476926,
677,126.9760365,37.4476464,
678,126.9757055,37.4475727,
679,126.9756313,37.4475446,
680,126.975543,37.4475567,
681,126.9754525,37.4475552,
682,126.9753082,37.4475227,
683,126.9752477,37.4474654,
684,126.9749903,37.4474413,450.71
685,126.9749258,37.447453,453.34
686,126.9748456,37.4474543,455.0
687,126.9747462,37.4474668,457.86
688,126.9746268,37.4474614,461.26
689,126.9745084,37.447478,464.96
690,126.9743767,37.4475525,466.39
691,126.9742107,37.4476688,458.83
692,126.9741321,37.4477269,454.16
693,126.9740898,37.447734,452.88
694,126.9740292,37.4477212,451.06
695,126.9739575,37.4477442,452.22
696,126.9738959,37.4477405,455.2
697,126.9738176,37.4477248,457.99
698,126.9737718,37.4477321,459.48
699,126.9736018,37.4477867,466.63
700,126.9734884,37.4478328,472.31
701,126.9734275,37.4478709,475.14
702,126.9733939,37.4478818,476.49
703,126.973352,37.4478761,478.78
704,126.9732995,37.4478447,482.51
705,126.9732655,37.4478064,485.12
706,126.9732168,37.4477904,487.75
707,126.9731081,37.4477969,493.46
708,126.972984,37.4478812,498.25
709,126.9728854,37.447943,502.86
710,126.9727622,37.4479185,506.97
711,126.9726901,37.4478747,509.21
712,126.9726098,37.4478225,510.02
713,126.9725309,37.4477179,511.62
714,126.9725017,37.4476973,510.23
715,126.9724497,37.4476922,508.83
716,126.9722172,37.4477121,503.99
717,126.9721144,37.4476742,500.48
718,126.9720237,37.4476393,500.0
719,126.9718413,37.4476503,499.46
720,126.9717622,37.4476443,501.99
721,126.9716601,37.4476233,505.0
722,126.9715316,37.4475914,506.36
723,126.9712827,37.4476177,511.88
724,126.9710814,37.4476452,519.57
725,126.9709829,37.4476433,523.83
726,126.9709291,37.4475994,526.32
727,126.9707928,37.4475108,531.5
728,126.9707056,37.447466,534.03
729,126.9706337,37.447415,536.39
730,126.9704949,37.447228,545.05
731,126.9703178,37.4471392,554.66
732,126.970246,37.4471561,554.99
733,126.9701099,37.447095,555.0
734,126.9699886,37.4471024,554.96
735,126.9698814,37.4471194,551.4
736,126.969831,37.447074,549.41
737,126.9697211,37.4469373,538.09
738,126.9695751,37.4468551,537.44
739,126.9694495,37.446868,538.28
740,126.9693284,37.4469036,533.24
741,126.9692859,37.446945,530.86
742,126.9692148,37.4469635,529.97
743,126.9691384,37.4469642,526.6
744,126.9690708,37.446926,524.95
745,126.9690084,37.4468807,524.07
746,126.968967,37.4468148,523.49
747,126.9689265,37.4468001,521.97
748,126.968818,37.4468245,521.77
749,126.9687717,37.4468128,523.21
750,126.9687635,37.446795,523.55
751,126.9687152,37.4467953,525.22
752,126.9687035,37.4467715,526.32
753,126.9686463,37.4467547,529.43
754,126.9686018,37.4467603,532.19
755,126.9685608,37.4467379,533.67
756,126.9685079,37.4467559,537.57
757,126.9684979,37.446729,536.77
758,126.9684066,37.4467205,541.74
759,126.9683401,37.4467247,546.09
760,126.9683148,37.4467002,546.43
761,126.9682595,37.4467031,549.9
762,126.9682036,37.4466857,553.05
763,126.9681764,37.4467021,554.64
764,126.9681609,37.4466639,556.39
765,126.9681162,37.4466378,559.47
766,126.9680423,37.4466244,560.98
767,126.9679817,37.4466203,562.06
768,126.9678927,37.4466096,564.41
769,126.9678841,37.4465871,564.07
770,126.9678731,37.4465857,564.72
771,126.9678747,37.4466145,565.98
772,126.9678639,37.4466236,567.48
773,126.9678476,37.446585,566.85
774,126.9678253,37.4465474,567.52
775,126.96778,37.4465126,570.01
776,126.9677661,37.4464747,568.0
777,126.9677237,37.4464768,570.48
778,126.9676848,37.4464505,570.06
779,126.9676495,37.4464438,572.1
780,126.967593,37.4464096,576.85
781,126.9675276,37.4463834,575.32
782,126.9675108,37.446324,575.0
783,126.9674856,37.4463139,575.0
784,126.967466,37.4462688,575.0
785,126.9674349,37.4462259,573.36
786,126.9673764,37.4462111,569.74
787,126.9673459,37.4462296,567.44
788,126.9673041,37.446189,565.92
789,126.9672779,37.446156,564.95
790,126.9672437,37.4461504,563.24
791,126.9672168,37.4461595,562.08
792,126.9671741,37.4461324,560.06
793,126.9671536,37.4461189,560.0
794,126.9671031,37.4461145,560.0
795,126.9670752,37.446076,559.0
796,126.9670137,37.446074,557.12
797,126.966959,37.4460842,555.0
798,126.9669308,37.4460689,554.99
799,126.9669079,37.4460859,554.88
800,126.9668751,37.446081,553.85
801,126.9668442,37.4460916,552.68
802,126.9668231,37.4460578,551.27
803,126.9667435,37.4460332,547.54
804,126.9666471,37.4460265,544.03
805,126.9666206,37.4460451,544.14
806,126.9665762,37.4460498,543.62
807,126.9665381,37.4460613,542.75
808,126.9664889,37.446041,541.88
809,126.9664157,37.4460432,542.97
810,126.9663672,37.4460706,544.98
811,126.9662842,37.4461023,546.64
812,126.9662091,37.4461079,549.5
813,126.9661807,37.4461134,551.68
814,126.9661345,37.4461611,554.97
815,126.966094,37.4462195,555.82
816,126.9660822,37.446273,554.23
817,126.9659759,37.446335,559.63
818,126.9659568,37.4463339,560.9
819,126.9659145,37.4463445,562.66
820,126.9658984,37.4463338,563.84
821,126.9658722,37.446338,564.82
822,126.965839,37.446309,566.3
823,126.9658073,37.4462783,567.07
824,126.9657622,37.4462353,565.08
825,126.965735,37.4462141,565.0
826,126.9657068,37.4461914,565.0
827,126.9656691,37.4461826,565.0
828,126.9656467,37.4461611,565.0
829,126.9656083,37.4461425,565.0
830,126.9655446,37.4461434,565.0
831,126.9655074,37.4461376,564.66
832,126.9654923,37.4461194,564.58
833,126.9654774,37.446092,564.05
834,126.965437,37.4460732,563.41
835,126.9654043,37.4460495,562.49
836,126.9653675,37.446031,563.35
837,126.9653258,37.4459714,564.34
838,126.9653073,37.4459327,565.0
839,126.965235,37.4459101,566.31
840,126.9652188,37.445905,566.83
841,126.9506725,37.459229,89.6
842,126.9507388,37.4592334,89.71
843,126.9510761,37.4591111,92.43
844,126.9512219,37.459179,93.3
845,126.9511335,37.4590068,93.81
846,126.9509973,37.4589748,92.69
847,126.9552298,37.4584994,130.0
848,126.9551038,37.4586697,128.46
849,126.9551566,37.4587041,128.42
850,126.958997,37.4761971,
851,126.9592248,37.4761343,
852,126.9592444,37.4761268,
853,126.9592641,37.476117,
854,126.9592817,37.4761043,
855,126.9592964,37.4760915,
856,126.9593098,37.4760783,
857,126.9593777,37.475995,
858,126.9594398,37.4759056,
859,126.9594957,37.4758075,
860,126.9596053,37.4755565,
861,126.959611,37.4755377,
862,126.959626,37.4754878,
863,126.9596445,37.4752905,
864,126.9596607,37.4752082,
865,126.9596895,37.4751232,
866,126.959832,37.474808,44.75
867,126.9600206,37.474391,45.67
868,126.960039,37.4743502,45.81
869,126.9600617,37.4743,45.98
870,126.9601482,37.4741088,46.14
871,126.9601601,37.4740762,46.17
872,126.9601711,37.4740462,46.23
873,126.9601951,37.4739689,46.43
874,126.9602029,37.4739119,46.56
875,126.9602072,37.4738513,46.68
876,126.9602018,37.4737555,46.83
877,126.9601896,37.4736866,47.01
878,126.960175,37.4736192,47.23
879,126.9601518,37.4735569,47.54
880,126.9601213,37.4734989,47.6
881,126.9600859,37.4734447,47.65
882,126.9600463,37.4733851,47.71
883,126.9599363,37.4732574,47.99
884,126.9597102,37.4730805,48.65
885,126.9594194,37.4728823,49.68
886,126.95908,37.4726489,51.79
887,126.95896,37.4725967,52.47
888,126.9588529,37.4725635,53.09
889,126.976963,37.4674272,
890,126.9769614,37.4676191,
891,126.9769666,37.4676909,
892,126.9769646,37.4678517,
893,126.9769193,37.4679367,
894,126.9768195,37.4679879,
895,126.976559,37.4681114,
896,126.9763847,37.4682208,
897,126.9762402,37.468096,
898,126.9760577,37.468194,
899,126.9759964,37.4682079,
900,126.9758445,37.4682185,
901,126.9757131,37.4682163,
902,126.9756098,37.4682473,
903,126.9754676,37.4682973,
904,126.9753791,37.4684506,
905,126.9753147,37.4685559,
906,126.9752906,37.4685943,
907,126.9752651,37.4686783,
908,126.9751806,37.468772,
909,126.975121,37.4687688,
910,126.9750452,37.4688284,
911,126.9748226,37.4688136,136.02
912,126.9747314,37.4687475,135.55
913,126.9746482,37.4687443,133.35
914,126.9743639,37.4686762,130.51
915,126.9742566,37.4686762,129.01
916,126.9741386,37.4687103,126.51
917,126.9740528,37.4688337,120.47
918,126.9740098,37.4688912,118.79
919,126.973916,37.4689721,113.79
920,126.9739146,37.4690945,108.78
921,126.9736263,37.4690455,107.86
922,126.973405,37.4690083,105.36
923,126.9732011,37.4689147,105.2
924,126.9730617,37.4688965,104.11
925,126.9729638,37.4689232,100.01
926,126.9728619,37.4689444,101.56
927,126.9728054,37.4689363,102.79
928,126.9725963,37.4692063,104.1
929,126.9724488,37.4692191,104.54
930,126.9723201,37.4691658,100.63
931,126.9720894,37.4689657,102.16
932,126.9718963,37.4688827,110.9
933,126.9717139,37.4688934,111.96
934,126.9715261,37.4690253,111.27
935,126.9713974,37.4691062,113.42
936,126.9711917,37.4690753,118.76
937,126.9711379,37.4690595,119.2
938,126.9710567,37.4690572,118.35
939,126.9710098,37.4689189,122.46
940,126.9709723,37.4687976,123.77
941,126.9709092,37.4687049,122.56
942,126.9708908,37.4685926,123.09
943,126.9708234,37.4685102,120.5
944,126.9705498,37.4684506,118.65
945,126.9704464,37.4684406,119.24
946,126.9703681,37.4684327,121.35
947,126.9701958,37.4684591,126.06
948,126.9699973,37.4683228,130.03
949,126.9698203,37.4682377,126.33
950,126.9697934,37.4681823,125.62
951,126.969654,37.4681781,122.05
952,126.9695574,37.4681951,119.41
953,126.969305,37.4681972,114.89
954,126.969273,37.4681354,115.0
955,126.9692785,37.4680503,116.1
956,126.9692248,37.467978,119.17
957,126.9691926,37.4679013,123.27
958,126.9691926,37.4677182,131.84
959,126.9692141,37.4676544,133.83
960,126.9693106,37.4675862,137.75
961,126.9693214,37.4675139,141.56
962,126.9692999,37.467433,144.35
963,126.9693053,37.4673308,147.78
964,126.9694126,37.4672669,152.31
965,126.969434,37.4672222,152.47
966,126.9694743,37.4671221,154.05
967,126.9694206,37.4670583,153.1
968,126.9693214,37.4670029,154.59
969,126.9692516,37.4669987,154.77
970,126.9692503,37.46669,151.15
971,126.9691055,37.4664633,150.8
972,126.968793,37.4664931,155.68
973,126.9686602,37.4664845,155.09
974,126.9685918,37.4662972,156.19
975,126.9685408,37.4661961,154.24
976,126.9685435,37.4661407,154.86
977,126.9684725,37.4660855,151.54
978,126.9683853,37.4661343,147.68
979,126.9682968,37.46626,144.44
980,126.9681573,37.4663856,140.54
981,126.9680339,37.4664728,137.73
982,126.9678555,37.4665367,133.74
983,126.9677968,37.4665398,132.17
984,126.9677656,37.4664558,133.21
985,126.9676235,37.4664068,134.21
986,126.9675136,37.4664398,133.77
987,126.9673875,37.4664856,134.31
988,126.9672105,37.4665026,136.97
989,126.9671488,37.4664601,138.21
990,126.9670831,37.4664015,139.98
991,126.9669262,37.4662983,140.75
992,126.9668457,37.4661918,140.07
993,126.9667169,37.4659662,137.47
994,126.9666526,37.4659193,134.94
995,126.9666351,37.4658459,134.76
996,126.9665358,37.4658225,130.19
997,126.9664648,37.4657831,131.35
998,126.9664326,37.4657394,134.79
999,126.966396,37.4657122,136.22
1000,126.9663428,37.4657213,136.04
1001,126.9662771,37.4657788,135.89
1002,126.9661845,37.4658235,137.16
1003,126.9661108,37.465847,138.22
1004,126.9660343,37.4658214,140.04
1005,126.9659855,37.4658008,140.93
1006,126.9658734,37.4658044,139.89
1007,126.9657835,37.4657714,141.34
1008,126.9657178,37.4657479,141.91
1009,126.9656226,37.4657543,141.46
1010,126.9655476,37.4657895,141.59
1011,126.9654684,37.465832,142.18
1012,126.9653611,37.4658406,144.33
1013,126.9652618,37.4658118,147.56
1014,126.9651974,37.465832,148.63
1015,126.9651733,37.4658395,148.91
1016,126.9651465,37.4658376,149.7
1017,126.9651455,37.465823,150.32
1018,126.9651586,37.4658108,150.42
1019,126.9651546,37.4657908,151.14
1020,126.9651479,37.4657804,151.65
1021,126.9651358,37.4657746,152.14
1022,126.9650976,37.4657293,154.57
1023,126.9651049,37.4657107,155.36
1024,126.9651016,37.4656809,157.12
1025,126.9650734,37.4656692,158.6
1026,126.9650265,37.4656633,159.77
1027,126.9649004,37.4656676,159.1
1028,126.9647965,37.4656463,159.0
1029,126.964736,37.4656537,157.71
1030,126.9392744,37.4722918,55.95
1031,126.9398491,37.4724712,61.67
1032,126.9402712,37.4726029,67.95
1033,126.9407258,37.4727448,72.16
1034,126.9414318,37.4729651,81.1
1035,126.9420436,37.473156,89.51
1036,126.9419211,37.4709068,46.6
1037,126.941897,37.471021,47.83
1038,126.9418598,37.4711973,53.04
1039,126.9416631,37.4713508,58.67
1040,126.9390502,37.4727307,55.71
1041,126.9392626,37.4730399,60.02
1042,126.9393097,37.4731085,59.75
1043,126.9399472,37.4732956,61.09
1044,126.9404427,37.4734411,64.08
1045,126.9404292,37.4737286,59.69
1046,126.9423287,37.4720305,85.03
1047,126.9422994,37.4722007,88.43
1048,126.9415801,37.4716909,71.3
1049,126.9426311,37.4717536,80.37
1050,126.9414182,37.4715418,65.11
1051,126.9419148,37.471999,82.12
1052,126.9421216,37.4721895,87.8
1053,126.9414605,37.473669,75.38
1054,126.9413726,37.4733532,80.0
1055,126.9412581,37.4733152,78.99
1056,126.9373025,37.4760469,
1057,126.9373521,37.4760083,
1058,126.9373888,37.4759478,
1059,126.9376574,37.4755051,
1060,126.9378166,37.475164,
1061,126.937862,37.4750668,
1062,126.937917,37.474949,36.39
1063,126.9381267,37.4745319,39.69
1064,126.9381581,37.4744773,40.57
1065,126.9386959,37.4734244,55.6
1066,126.9388206,37.4731802,58.13
1067,126.9389526,37.4729218,56.69
1068,126.9391011,37.472631,55.67
1069,126.9392176,37.472403,55.75
1070,126.9394901,37.4718695,55.88
1071,126.9399628,37.4715129,54.73
1072,126.9407533,37.4709166,44.86
1073,126.9409191,37.4707915,44.61
1074,126.9403938,37.4723409,67.77
1075,126.9427576,37.4720727,89.53
1076,126.9401086,37.4729506,65.48
1077,126.9416085,37.4726092,83.14
1078,126.9416419,37.4725416,84.0
1079,126.9417704,37.4724474,85.04
1080,126.9427813,37.4722356,91.79
1081,126.9401493,37.4716566,57.44
1082,126.9407136,37.4720914,69.98
1083,126.9412314,37.4724906,77.9
1084,126.9421918,37.4727914,90.78
1085,126.9405868,37.4713818,55.42
1086,126.9410679,37.471815,70.08
1087,126.9393771,37.4734702,56.66
1088,126.9405659,37.4722066,68.75
1089,126.9407289,37.4712926,54.49
1090,126.9425664,37.4714077,71.8
1091,126.9753481,37.4735447,
1092,126.9748869,37.4738636,36.0
1093,126.9727735,37.4729453,65.72
1094,126.9730576,37.4728193,63.72
1095,126.9742154,37.4729461,46.37
1096,126.9734493,37.4721653,54.52
1097,126.9729283,37.471679,59.48
1098,126.9723845,37.4711504,64.79
1099,126.9740053,37.4731357,48.19
1100,126.9736785,37.4728497,50.97
1101,126.9735243,37.472937,54.18
1102,126.9729849,37.472356,54.83
1103,126.9731018,37.4722739,54.57
1104,126.9726915,37.4718317,60.0
1105,126.9753909,37.4742945,
1106,126.9752016,37.4741261,
1107,126.9743975,37.4734478,42.52
1108,126.9733223,37.4731012,57.7
1109,126.9721155,37.4742141,59.07
1110,126.9720047,37.4742945,60.0
1111,126.973618,37.4734575,50.89
1112,126.9723341,37.4720704,69.98
1113,126.9716065,37.4754732,
1114,126.9717554,37.475211,
1115,126.9719512,37.4748916,59.49
1116,126.9722119,37.4745202,57.87
1117,126.9723938,37.4744977,55.6
1118,126.9725134,37.4744494,54.28
1119,126.9727503,37.4742835,49.81
1120,126.9732298,37.473848,48.49
1121,126.9720969,37.472184,72.61
1122,126.9716561,37.472405,80.05
1123,126.9750183,37.4729457,
1124,126.9750146,37.4730933,
1125,126.9749362,37.473081,39.4
1126,126.974893,37.4730858,39.7
1127,126.974845,37.4730924,39.95
1128,126.9748006,37.4731003,40.0
1129,126.97475,37.4731107,40.02
1130,126.9747016,37.4731236,40.09
1131,126.9746574,37.4731395,40.17
1132,126.9746168,37.4731597,40.19
1133,126.974575,37.4731884,41.12
1134,126.9745394,37.473221,43.03
1135,126.9745059,37.4732547,43.8
1136,126.974479,37.4732903,43.41
1137,126.9744536,37.4733295,42.96
1138,126.9744311,37.4733711,42.19
1139,126.9744104,37.4734167,41.9
1140,126.9724828,37.4711154,64.76
1141,126.9722154,37.4705285,73.6
1142,126.9679276,37.4704031,88.98
1143,126.9674782,37.470221,92.38
1144,126.9670529,37.4700551,95.99
1145,126.9666289,37.4698759,97.31
1146,126.9662033,37.4697097,95.64
1147,126.9657691,37.4695257,93.62
1148,126.9653005,37.4693327,88.86
1149,126.9649112,37.4691792,88.68
1150,126.9648274,37.4691467,88.52
1151,126.9645908,37.4690729,89.94
1152,126.968767,37.4733578,64.88
1153,126.9696183,37.4732767,69.09
1154,126.9697701,37.4733211,70.98
1155,126.9699109,37.4733731,72.74
1156,126.9700971,37.4734214,75.08
1157,126.9704072,37.4735137,78.23
1158,126.9696636,37.473513,70.73
1159,126.9694161,37.474066,70.46
1160,126.9680435,37.4727773,67.95
1161,126.9680725,37.473144,64.73
1162,126.968083,37.4733094,63.71
1163,126.9681226,37.4736364,62.32
1164,126.9681336,37.4737801,61.71
1165,126.9681582,37.4741516,60.6
1166,126.9682425,37.4737728,61.97
1167,126.9683531,37.4735862,63.03
1168,126.9683693,37.4733769,63.98
1169,126.9682753,37.4732669,64.05
1170,126.9681932,37.4731473,64.67
1171,126.9703039,37.4723502,76.67
1172,126.9703198,37.4728512,75.56
1173,126.9667312,37.4733883,61.34
1174,126.9670956,37.473367,62.07
1175,126.9674162,37.4733483,62.92
1176,126.9700523,37.4722802,75.02
1177,126.970099,37.4728746,73.54
1178,126.9690189,37.4745384,66.78
1179,126.9689444,37.4742734,64.98
1180,126.9688192,37.473995,62.22
1181,126.9687123,37.4727201,70.0
1182,126.9675053,37.4743062,59.9
1183,126.967447,37.4736753,61.12
1184,126.9674439,37.4736366,61.28
1185,126.966682,37.4728679,63.4
1186,126.9674142,37.4728184,66.0
1187,126.9675487,37.472795,66.73
1188,126.967832,37.4727895,68.03
1189,126.9693669,37.4720897,74.56
1190,126.9706725,37.4724513,79.72
1191,126.9670934,37.4732532,62.76
1192,126.9668239,37.4721367,68.63
1193,126.9672761,37.4725436,67.38
1194,126.9674834,37.4727366,66.85
1195,126.9669454,37.4719319,70.27
1196,126.9672737,37.4720679,70.49
1197,126.9675105,37.472166,70.59
1198,126.9675434,37.4721797,70.57
1199,126.9677989,37.4722855,70.94
1200,126.9678285,37.4722977,70.95
1201,126.9680764,37.4724004,70.3
1202,126.9680943,37.4724087,70.22
1203,126.968263,37.4724626,70.0
1204,126.9684151,37.4725129,69.82
1205,126.968555,37.4722785,73.14
1206,126.9688435,37.4717642,80.4
1207,126.9693476,37.4709862,90.0
1208,126.9677553,37.4713372,78.35
1209,126.9676864,37.4724464,69.83
1210,126.9685836,37.4716622,80.37
1211,126.9680322,37.4714458,78.99
1212,126.9683045,37.4715527,79.91
1213,126.9689055,37.4708119,90.0
1214,126.9690813,37.4705368,91.92
1215,126.969123,37.4704966,92.64
1216,126.9683328,37.4697556,94.66
1217,126.9693349,37.4701579,96.86
1218,126.9702807,37.4705401,90.78
1219,126.9673656,37.471273,76.69
1220,126.9669108,37.4710994,78.74
1221,126.9664881,37.4709191,82.61
1222,126.9663453,37.4708528,82.73
1223,126.9660698,37.4704636,85.88
1224,126.9661701,37.4698245,93.01
1225,126.9665256,37.4692065,103.2
1226,126.9656109,37.4705426,79.81
1227,126.9659737,37.4710831,76.89
1228,126.966092,37.4711807,76.13
1229,126.9662683,37.4712768,75.74
1230,126.9674107,37.4712019,77.57
1231,126.9687562,37.469076,102.73
1232,126.9697722,37.4694965,106.11
1233,126.9695435,37.469824,101.0
1234,126.9681253,37.4700871,91.36
1235,126.9687963,37.4703625,92.11
1236,126.9699099,37.4708119,91.11
1237,126.9700758,37.4708592,88.94
1238,126.9664164,37.471875,68.56
1239,126.966042,37.4716276,70.41
1240,126.9656368,37.4713552,71.2
1241,126.9650952,37.4706276,74.81
1242,126.9680994,37.4692499,102.88
1243,126.9685398,37.4694248,98.36
1244,126.9698363,37.4694528,107.72
1245,126.9699087,37.4691197,111.7
1246,126.9689647,37.4687459,107.69
1247,126.9666934,37.4705929,87.54
1248,126.9687527,37.4721419,75.08
1249,126.9689371,37.4719759,76.31
1250,126.969173,37.4684132,110.89
1251,126.9658264,37.4694607,94.62
1252,126.9664119,37.4689577,105.06
1253,126.96724,37.4683081,114.22
1254,126.9669522,37.4679669,107.51
1255,126.966885,37.4694855,104.57
1256,126.966518,37.4703838,90.24
1257,126.9665346,37.4704495,89.39
1258,126.9667706,37.4680882,105.23
1259,126.9687299,37.4682629,115.03
1260,126.9688245,37.4681148,116.24
1261,126.969687,37.471116,86.7
1262,126.9690684,37.4708804,90.0
1263,126.9687994,37.4707698,90.0
1264,126.9685319,37.470659,88.58
1265,126.9682449,37.4705344,87.76
1266,126.9704531,37.469905,99.19
1267,126.9704432,37.4700243,97.17
1268,126.9704072,37.4701613,95.4
1269,126.9706913,37.4728443,79.34
1270,126.9705612,37.4731538,79.32
1271,126.9704506,37.4734217,78.09
1272,126.9703825,37.4735847,78.14
1273,126.9702682,37.4738487,77.78
1274,126.9701487,37.4741567,76.71
1275,126.970109,37.4743932,76.16
1276,126.9700645,37.4746516,75.82
1277,126.9709238,37.4721397,86.38
1278,126.9710184,37.4724131,85.0
1279,126.9711159,37.4724553,85.76
1280,126.9711602,37.4724624,86.27
1281,126.9651439,37.472859,65.6
1282,126.9651935,37.4728966,64.4
1283,126.9651806,37.4730205,63.4
1284,126.9650982,37.4736267,60.36
1285,126.9650453,37.473982,58.42
1286,126.9480963,37.4676347,55.0
1287,126.9478634,37.4677044,55.01
1288,126.9476736,37.4677853,54.94
1289,126.9476166,37.4678152,54.51
1290,126.9475088,37.4678717,53.6
1291,126.9473293,37.467977,52.57
1292,126.9468999,37.4682982,51.83
1293,126.9519948,37.4540135,130.42
1294,126.9520231,37.4540178,130.62
1295,126.9522198,37.4540476,131.98
1296,126.9523808,37.4541924,132.04
1297,126.9523969,37.4543201,132.45
1298,126.9524061,37.4546078,131.86
1299,126.9524007,37.454818,131.76
1300,126.9523953,37.4550963,132.84
1301,126.9522927,37.4550958,131.38
1302,126.9522578,37.4554204,130.78
1303,126.9523524,37.4556051,131.08
1304,126.9523814,37.455686,130.5
1305,126.9719534,37.4741681,60.42
1306,126.9719093,37.474081,61.84
1307,126.9719335,37.4737662,68.31
1308,126.9719868,37.4720265,70.0
1309,126.9718072,37.4717999,67.85
1310,126.954334,37.459499,115.38
1311,126.9510628,37.4573703,103.58
1312,126.9511608,37.4575697,104.18
1313,126.9513413,37.4579373,105.31
1314,126.9514142,37.4580857,103.61
1315,126.9514326,37.4581211,102.55
1316,126.9515403,37.4583284,103.12
1317,126.9516288,37.4580133,105.0
1318,126.9516154,37.4579874,105.92
1319,126.9514233,37.4569372,112.27
1320,126.9510894,37.4569003,104.93
1321,126.9500028,37.457342,100.0
1322,126.9505097,37.4572641,101.03
1323,126.9583428,37.4646353,93.35
1324,126.9587855,37.4647986,94.23
1325,126.9590566,37.4649258,95.0
1326,126.9592476,37.4650578,95.28
1327,126.9597134,37.4653903,97.81
1328,126.9590011,37.4654051,93.24
1329,126.9589395,37.4656252,90.12
1330,126.9589518,37.4660996,84.29
1331,126.9587916,37.466305,82.85
1332,126.9614501,37.4680734,77.42
1333,126.9618106,37.4680734,81.11
1334,126.9617582,37.4681027,80.28
1335,126.9617243,37.4681394,79.98
1336,126.9617089,37.4681883,80.03
1337,126.9617274,37.4682739,80.74
1338,126.9618085,37.468427,82.04
1339,126.9621402,37.4680758,85.0
1340,126.9621895,37.4681932,85.0
1341,126.9622388,37.4682397,85.0
1342,126.9623128,37.4682397,85.89
1343,126.962399,37.468203,86.41
1344,126.9625562,37.4680587,88.93
1345,126.9625254,37.4680318,88.66
1346,126.9625254,37.4678949,89.77
1347,126.9628119,37.4677848,90.66
1348,126.9628674,37.4678215,93.22
1349,126.9592392,37.4684615,63.75
1350,126.9592502,37.4685087,63.32
1351,126.9598603,37.4684353,64.06
1352,126.9598787,37.4685356,63.16
1353,126.9600579,37.4656702,97.58
1354,126.9601042,37.4660947,95.54
1355,126.9601135,37.466305,95.0
1356,126.960796,37.466787,95.1
1357,126.9596616,37.4655068,97.26
1358,126.9596757,37.4654453,97.42
1359,126.95977,37.4653479,98.36
1360,126.9598404,37.4653214,99.04
1361,126.9599177,37.4653135,98.98
1362,126.9599942,37.4653249,98.45
1363,126.9600237,37.4653377,98.18
1364,126.9600626,37.4653546,97.84
1365,126.960116,37.4653995,97.36
1366,126.9601494,37.4654554,97.42
1367,126.9601593,37.4655167,97.48
1368,126.9601449,37.4655775,97.53
1369,126.9601102,37.465629,97.56
1370,126.9599878,37.4656988,97.58
1371,126.95991,37.4657086,97.56
1372,126.9598322,37.4656985,97.52
1373,126.9597623,37.4656697,97.5
1374,126.9597072,37.465625,97.64
1375,126.9596725,37.4655688,97.33
1376,126.9504015,37.4608611,85.0
1377,126.9502461,37.4609718,85.0
1378,126.9502914,37.4607771,85.0
1379,126.9501348,37.4608832,85.0
1380,126.9501894,37.4606994,85.0
1381,126.9500349,37.4608037,83.34
1382,126.9505694,37.4600824,86.04
1383,126.9552501,37.4587547,128.48
1384,126.9552612,37.4587846,128.17
1385,126.9552588,37.4588157,127.77
1386,126.9552284,37.458859,127.12
1387,126.9552073,37.4588723,126.77
1388,126.955171,37.4588838,126.3
1389,126.9551319,37.4588849,125.92
1390,126.9551069,37.4588799,125.71
1391,126.9550851,37.4588712,125.61
1392,126.9550469,37.4588386,125.77
1393,126.9550349,37.4588124,126.15
1394,126.9550335,37.4587846,126.59
1395,126.9550427,37.4587577,127.03
1396,126.9550618,37.4587342,127.34
1397,126.955089,37.4587165,127.71
1398,126.9551216,37.4587062,128.11
1399,126.9551946,37.458712,128.61
1400,126.9552271,37.4587295,128.64
1401,126.9490515,37.4568005,100.0
1402,126.9486745,37.4565012,92.21
1403,126.9487552,37.4565092,93.72
1404,126.9489315,37.4565133,99.77
1405,126.949893,37.4657763,67.51
1406,126.9498422,37.4658468,67.21
1407,126.9495831,37.4662067,65.76
1408,126.9519175,37.4693621,91.12
1409,126.9514995,37.4689355,85.79
1410,126.9511962,37.4685837,81.1
1411,126.9509474,37.4684078,78.3
1412,126.9506791,37.4682596,75.78
1413,126.9504108,37.4681115,74.37
1414,126.9500725,37.4679634,71.11
1415,126.9496027,37.4678007,66.85
1416,126.9492888,37.4677355,64.64
1417,126.9490892,37.4677004,62.85
1418,126.9489386,37.4677062,61.34
1419,126.9488006,37.4677114,60.1
1420,126.9487016,37.4677231,59.96
1421,126.9484144,37.4677572,56.77
1422,126.948122,37.46782,55.0
1423,126.9479959,37.4678657,55.0
1424,126.9478913,37.4679136,55.0
1425,126.9478217,37.4679606,55.0
1426,126.9477086,37.4680827,51.88
1427,126.9476653,37.4681992,50.0
1428,126.9476651,37.4683633,50.0
1429,126.947743,37.4685299,47.43
1430,126.9478524,37.4686459,46.89
1431,126.9488335,37.4693743,40.0
1432,126.9489342,37.4699109,41.09
1433,126.948446,37.469705,40.0
1434,126.9448801,37.4695246,50.0
1435,126.9450343,37.4693061,50.0
1436,126.9460608,37.4685346,49.44
1437,126.9074835,37.4379268,
1438,126.9079733,37.4379512,47.15
1439,126.908667,37.4380282,47.15
1440,126.9099816,37.4382551,47.15
1441,126.9112602,37.438656,47.15
1442,126.9126204,37.4393274,47.15
1443,126.9144427,37.440573,47.15
1444,126.919755,37.4444926,47.15
1445,126.9250035,37.4483337,47.15
1446,126.9294758,37.4516417,47.15
1447,126.9353313,37.4559802,47.15
1448,126.9393556,37.4596561,47.15
1449,126.9429945,37.4637606,47.15
1450,126.9452824,37.4662333,47.15
1451,126.9444085,37.4677622,60.82
1452,126.94463,37.4685902,54.5
1453,126.9446986,37.4688464,52.64
1454,126.9448002,37.469226,50.68
1455,126.9448114,37.469268,50.46
1456,126.9413927,37.4705988,45.3
1457,126.9414608,37.4699228,49.16
1458,126.9415782,37.4688339,55.87
1459,126.9407473,37.4687574,59.7
1460,126.942033,37.4688786,57.78
1461,126.9421049,37.4688861,58.58
1462,126.9424296,37.4688809,61.64
1463,126.9430379,37.468866,62.27
1464,126.9440183,37.4686962,59.78
1465,126.9429719,37.4692326,56.37
1466,126.9428823,37.46973,52.81
1467,126.9428347,37.4699943,50.55
1468,126.9426303,37.4699836,50.54
1469,126.9377502,37.4691923,47.46
1470,126.9383648,37.4692242,48.34
1471,126.9384209,37.4692271,48.43
1472,126.9398396,37.4692936,54.6
1473,126.9404262,37.4693958,54.84
1474,126.9404534,37.4693977,54.92
1475,126.9404808,37.4693962,54.99
1476,126.9405075,37.4693913,55.01
1477,126.9405347,37.4693823,55.03
1478,126.9405596,37.4693698,55.09
1479,126.9405815,37.4693541,55.18
1480,126.9405996,37.4693356,55.3
1481,126.9406135,37.469315,55.42
1482,126.9406228,37.4692928,55.56
1483,126.9406496,37.4691776,56.44
1484,126.9407603,37.4686826,59.9
1485,126.9404325,37.4686268,61.54
1486,126.9400214,37.4685224,59.74
1487,126.9396271,37.4684485,58.34
1488,126.9392647,37.4683806,56.87
1489,126.9390804,37.4683876,56.17
1490,126.9381383,37.468432,54.64
1491,126.9377005,37.4684546,49.51
1492,126.9402053,37.4697399,49.85
1493,126.9399788,37.4697063,48.94
1494,126.9398407,37.4696712,48.67
1495,126.9397648,37.4696401,48.81
1496,126.9393489,37.4694034,49.64
1497,126.9392711,37.4693609,49.98
1498,126.9391715,37.469321,50.0
1499,126.939083,37.4692912,50.0
1500,126.9389864,37.4692667,49.95
1501,126.9388872,37.4692518,49.68
1502,126.9519997,37.4636126,90.0
1503,126.9518749,37.4639022,88.67
1504,126.9518093,37.4640634,85.56
1505,126.951771,37.4641204,85.0
1506,126.9517153,37.4641741,84.74
1507,126.9516296,37.4642252,84.09
1508,126.9514612,37.4643225,83.58
1509,126.9513774,37.4643806,83.59
1510,126.9513419,37.4644275,83.65
1511,126.9513278,37.4644844,83.77
1512,126.9513331,37.4645749,84.0
1513,126.9513421,37.464675,83.21
1514,126.9513535,37.4648096,81.56
1515,126.9513754,37.4651433,79.42
1516,126.9513941,37.465324,78.64
1517,126.9514137,37.4655369,78.4
1518,126.9519635,37.463495,90.15
1519,126.9519614,37.4635456,90.04
1520,126.9519708,37.463578,90.0
1521,126.9520486,37.4636275,90.18
1522,126.952107,37.4636254,91.1
1523,126.9521593,37.4636195,91.93
1524,126.9522075,37.4636094,92.68
1525,126.9522592,37.4635607,92.87
1526,126.9522672,37.4635285,92.5
1527,126.9522639,37.4634955,92.09
1528,126.9522478,37.4634652,91.67
1529,126.9522156,37.4634412,91.25
1530,126.9521733,37.463421,90.75
1531,126.9521284,37.4634093,90.15
1532,126.9520855,37.4634045,90.0
1533,126.9520426,37.4634141,90.0
1534,126.9520023,37.4634364,90.0
1535,126.9519769,37.463462,90.06
1536,126.9429703,37.4685992,65.14
1537,126.942716,37.468639,65.65
1538,126.9424348,37.4687243,63.1
1539,126.9426036,37.4697557,52.67
1540,126.9424294,37.4697717,52.43
1541,126.9420705,37.4697975,52.19
1542,126.9416274,37.4698356,49.85
1543,126.9421007,37.4689969,58.23
1544,126.9420298,37.4678068,65.13
1545,126.9422953,37.46776,68.46
1546,126.9423758,37.4675961,69.98
1547,126.9423221,37.4673108,74.47
1548,126.9417911,37.4693672,54.03
1549,126.9427596,37.4697413,52.92
1550,126.9426977,37.4693758,56.01
1551,126.9428237,37.4692693,56.52
1552,126.9402139,37.4696227,51.06
1553,126.9404821,37.4696333,51.84
1554,126.9405626,37.4696227,52.09
1555,126.9406458,37.4695993,52.55
1556,126.9408429,37.4695008,54.33
1557,126.9409033,37.4694455,54.62
1558,126.9409435,37.4693784,55.01
1559,126.9409757,37.4692182,55.99
1560,126.9408852,37.4706121,44.79
1561,126.9408937,37.4705633,44.86
1562,126.9409529,37.470223,45.01
1563,126.940344,37.4701443,45.01
1564,126.9402045,37.4680058,64.76
1565,126.9396951,37.4643309,100.0
1566,126.940057,37.4657333,94.02
1567,126.9399286,37.4654148,98.11
1568,126.9401589,37.4655481,99.92
1569,126.9400173,37.464889,99.3
1570,126.9402268,37.4650157,102.31
1571,126.9403057,37.4650669,103.47
1572,126.9401126,37.4652436,102.81
1573,126.9400367,37.4653328,101.28
1574,126.9398639,37.4650584,97.94
1575,126.940454,37.4646986,104.75
1576,126.9641335,37.4736174,72.79
1577,126.9641984,37.4735863,73.61
1578,126.9642471,37.4730594,80.0
1579,126.9642977,37.4727577,83.79
1580,126.9643566,37.4720888,90.48
1581,126.9647513,37.4728192,71.3
1582,126.9645256,37.4740428,64.42
1583,126.9644994,37.4740143,64.85
1584,126.9636324,37.4730738,81.33
1585,126.9634233,37.472847,85.0
1586,126.9631282,37.4723932,96.2
1587,126.9637489,37.4725039,93.55
1588,126.9646137,37.4740322,64.47
1589,126.9646128,37.4739897,64.8
1590,126.9649038,37.471895,76.91
1591,126.9632582,37.4732977,75.75
1592,126.9641082,37.4742051,61.14
1593,126.9641855,37.474349,58.67
1594,126.9619378,37.4728579,83.47
1595,126.9622409,37.4728525,82.98
1596,126.9620011,37.4744617,64.2
1597,126.9617197,37.4739455,62.82
1598,126.9612989,37.4731723,63.46
1599,126.9628751,37.4735269,72.32
1600,126.9624776,37.4737647,70.62
1601,126.9647804,37.470654,76.91
1602,126.9566696,37.4614971,127.54
1603,126.9568662,37.4614977,126.56
1604,126.956888,37.4614671,126.83
1605,126.9570067,37.461328,127.77
1606,126.9571052,37.4612828,127.45
1607,126.9572832,37.4612493,127.5
1608,126.9574007,37.4611308,128.39
1609,126.9574389,37.4608887,129.86
1610,126.9574036,37.4608227,129.87
1611,126.957344,37.460711,129.84
1612,126.9573463,37.4612832,126.91
1613,126.9574379,37.4612955,126.57
1614,126.9575319,37.4613226,125.74
1615,126.9575979,37.46136,125.06
1616,126.957621,37.4612958,125.64
1617,126.9576671,37.4613774,125.0
1618,126.953198,37.4590734,116.21
1619,126.9534088,37.4588771,121.47
1620,126.9499887,37.4638032,75.01
1621,126.9501726,37.4638415,79.79
1622,126.9502696,37.4638692,80.0
1623,126.9503364,37.4638958,80.12
1624,126.9504296,37.4639357,81.43
1625,126.9505242,37.4639834,82.75
1626,126.9505972,37.4640227,83.36
1627,126.9506777,37.4640753,83.84
1628,126.9507779,37.4641523,84.23
1629,126.9508983,37.4642646,85.0
1630,126.9510016,37.4643842,84.98
1631,126.9511239,37.4645733,83.55
1632,126.9512151,37.4645834,83.84
1633,126.9519943,37.4633699,90.0
1634,126.9519313,37.4634157,90.01
1635,126.9518944,37.4634641,90.19
1636,126.951883,37.46352,90.34
1637,126.9518803,37.4635732,90.43
1638,126.9518897,37.4636014,90.36
1639,126.9519024,37.4636296,90.12
1640,126.9518709,37.4637401,90.0
1641,126.9517945,37.4639362,86.97
1642,126.9517459,37.464032,85.18
1643,126.9517036,37.4640948,84.89
1644,126.951655,37.4641473,84.41
1645,126.951603,37.4641845,83.98
1646,126.9515434,37.464221,83.58
1647,126.9514346,37.4642668,83.41
1648,126.951385,37.4642887,83.5
1649,126.9513213,37.4643285,83.67
1650,126.9512544,37.4643821,83.8
1651,126.9512246,37.4644178,83.82
1652,126.9512208,37.4644394,83.77
1653,126.9512135,37.4644866,83.66
1654,126.9512802,37.4651982,78.61
1655,126.9513023,37.4654393,78.12
1656,126.9513305,37.4657325,77.38
1657,126.9513284,37.4657722,77.25
1658,126.9513217,37.4658038,77.12
1659,126.951305,37.4658296,76.96
1660,126.9512815,37.4658533,76.76
1661,126.9512547,37.4658685,76.58
1662,126.9512212,37.4658791,76.37
1663,126.9511776,37.4658818,76.13
1664,126.9509395,37.4658767,75.0
1665,126.9508483,37.4658725,74.64
1666,126.9507712,37.4658634,74.5
1667,126.9506565,37.4658491,74.98
1668,126.9505781,37.465839,73.98
1669,126.9504717,37.4658217,72.56
1670,126.9504242,37.4658139,71.93
1671,126.9502348,37.4657807,69.86
1672,126.949759,37.4656867,66.05
1673,126.9495183,37.465638,64.84
1674,126.9494908,37.4656243,64.67
1675,126.9494603,37.4655862,64.53
1676,126.9490799,37.4650073,64.86
1677,126.9490097,37.4648921,64.65
1678,126.9489252,37.4647298,64.5
1679,126.9488406,37.4645436,63.79
1680,126.9507227,37.4588961,91.41
1681,126.9502774,37.4590792,89.35
1682,126.9503552,37.459241,89.16
1683,126.9546367,37.4597252,113.23
1684,126.9547748,37.4598815,112.91
1685,126.9613232,37.467971,76.68
1686,126.9614935,37.4678877,79.05
1687,126.9616732,37.4678105,80.0
1688,126.9623325,37.4677238,85.62
1689,126.9625032,37.4676938,90.0
1690,126.9627669,37.4675581,91.65
1691,126.9630677,37.4674142,96.96
1692,126.9633213,37.472276,99.8
1693,126.9634742,37.4722334,105.65
1694,126.9635332,37.4721823,108.64
1695,126.9635776,37.4720687,113.94
1696,126.9635385,37.4719907,117.91
1697,126.9635167,37.4718943,119.88
1698,126.9634457,37.4717678,120.0
1699,126.9634089,37.4717022,120.83
1700,126.9633864,37.471384,115.0
1701,126.9632918,37.470986,112.7
1702,126.96315,37.4706261,110.0
1703,126.9629256,37.4700918,111.39
1704,126.9628261,37.4698736,120.0
1705,126.9626975,37.4696182,120.0
1706,126.9496867,37.4555526,104.7
1707,126.9497748,37.4552535,112.63
1708,126.963847,37.4444291,626.71
1709,126.963812,37.444175,614.31
1710,126.9622283,37.4427106,480.23
1711,126.9621786,37.4427271,478.58
1712,126.9620137,37.4427702,473.74
1713,126.9618984,37.4427553,473.88
1714,126.9616972,37.4427394,473.78
1715,126.9616154,37.4427633,471.35
1716,126.9615161,37.4428155,466.57
1717,126.9614451,37.4428405,463.93
1718,126.961232,37.442816,461.99
1719,126.9610843,37.4428197,457.95
1720,126.9609877,37.4428261,453.55
1721,126.9610857,37.4429863,450.44
1722,126.9609899,37.4431292,438.9
1723,126.9608389,37.4431993,434.47
1724,126.9605894,37.4432728,428.66
1725,126.9604185,37.4433977,415.76
1726,126.9600289,37.4434229,404.41
1727,126.9597673,37.4434581,394.4
1728,126.9596148,37.4434627,389.87
1729,126.9595943,37.443665,388.08
1730,126.9594531,37.4438189,384.38
1731,126.9593784,37.4438755,381.79
1732,126.9592759,37.4440135,380.33
1733,126.9591468,37.4440382,375.91
1734,126.9590552,37.4440906,373.14
1735,126.958972,37.4442004,372.14
1736,126.9589265,37.4443558,373.42
1737,126.9588394,37.4443751,370.56
1738,126.9587964,37.444525,371.53
1739,126.958739,37.444612,370.88
1740,126.958479,37.4447684,363.43
1741,126.9584752,37.4448123,363.88
1742,126.9582929,37.4448556,358.25
1743,126.9582179,37.4450134,353.97
1744,126.9579043,37.4450588,343.05
1745,126.9578293,37.4451184,345.17
1746,126.9576832,37.4451225,341.79
1747,126.9575455,37.4451846,342.66
1748,126.9574984,37.445132,338.51
1749,126.9573362,37.4451085,331.34
1750,126.9569993,37.445262,324.59
1751,126.9565983,37.4452682,316.39
1752,126.9646956,37.4448264,611.04
1753,126.9644011,37.4449652,623.24
1754,126.9641628,37.4449609,617.42
1755,126.9651599,37.4458421,566.8
1756,126.9651204,37.445817,567.33
1757,126.9650739,37.4458262,569.28
1758,126.965047,37.4458008,570.48
1759,126.9650012,37.4458049,573.39
1760,126.9649836,37.4457585,573.52
1761,126.9649235,37.4457452,577.74
1762,126.9649129,37.4458003,578.18
1763,126.9648793,37.445814,579.68
1764,126.9648108,37.4457987,582.21
1765,126.9648084,37.4457327,586.99
1766,126.9647692,37.4457201,589.8
1767,126.9647305,37.4457475,591.71
1768,126.9646677,37.4457742,594.35
1769,126.9646443,37.4457812,595.93
1770,126.9646393,37.4457277,599.96
1771,126.9646373,37.4456519,603.84
1772,126.9646231,37.4456153,605.37
1773,126.9645478,37.4456006,602.78
1774,126.9645194,37.4455309,602.72
1775,126.9645211,37.4455051,600.63
1776,126.9644963,37.4454888,601.43
1777,126.9645078,37.4454665,601.87
1778,126.9644384,37.4454786,606.29
1779,126.9644443,37.4454544,608.0
1780,126.9644447,37.4454142,607.04
1781,126.9644298,37.4453984,608.19
1782,126.9644073,37.4454045,611.88
1783,126.9644102,37.4454574,610.19
1784,126.9643506,37.445427,616.54
1785,126.9642934,37.4454174,613.29
1786,126.9642857,37.4454008,614.97
1787,126.9643346,37.4453985,620.32
1788,126.9643315,37.4453643,619.97
1789,126.9642929,37.4453472,620.18
1790,126.9642727,37.4453499,621.15
1791,126.9642484,37.4453197,625.32
1792,126.9642584,37.4452722,625.81
1793,126.9642427,37.4452121,629.25
1794,126.9642346,37.4450861,624.06
1795,126.9641194,37.4449084,618.13
1796,126.9641086,37.4448542,620.04
1797,126.9641235,37.4447614,615.0
1798,126.9641299,37.4446834,613.57
1799,126.9641627,37.4446443,611.79
1800,126.9641937,37.4446176,610.51
1801,126.9647127,37.4418109,539.83
1802,126.9646711,37.4418928,541.77
1803,126.9647127,37.4419711,544.33
1804,126.9646577,37.4419913,547.08
1805,126.9646282,37.4420653,551.88
1806,126.9644263,37.4420888,558.24
1807,126.9643056,37.4420834,564.05
1808,126.9641916,37.4421364,570.04
1809,126.964216,37.4422162,570.14
1810,126.9642626,37.4422396,571.53
1811,126.9642633,37.4422841,573.96
1812,126.9642915,37.4423598,575.5
1813,126.9643063,37.4423768,576.44
1814,126.9643137,37.4424021,577.7
1815,126.9643263,37.4424202,578.4
1816,126.9643256,37.4424355,579.2
1817,126.9643242,37.4424605,579.92
1818,126.964332,37.4424963,580.02
1819,126.9643252,37.4425222,581.26
1820,126.9643172,37.4425471,582.09
1821,126.9643222,37.4425946,581.59
1822,126.9643175,37.4426396,580.0
1823,126.9642778,37.4427066,580.0
1824,126.9642885,37.4427332,579.48
1825,126.9642833,37.4427686,578.64
1826,126.9642519,37.4427849,579.97
1827,126.9642397,37.4428423,578.82
1828,126.9642174,37.4429492,579.84
1829,126.9642292,37.4429896,580.0
1830,126.9642078,37.4430239,582.62
1831,126.9642256,37.4430406,582.63
1832,126.9642165,37.4430625,584.13
1833,126.9641984,37.4430612,585.0
1834,126.9642067,37.4430764,584.96
1835,126.964195,37.4431051,587.75
1836,126.9641595,37.4431205,587.34
1837,126.964129,37.4431434,586.16
1838,126.9641289,37.4431778,589.37
1839,126.9641166,37.4432257,592.08
1840,126.9641267,37.4432471,594.36
1841,126.9641284,37.443269,595.5
1842,126.9641342,37.4433015,597.9
1843,126.9641246,37.4433326,597.37
1844,126.9641131,37.443368,595.0
1845,126.964129,37.4434203,595.0
1846,126.9641243,37.4434652,595.0
1847,126.9641412,37.4435001,596.34
1848,126.9641568,37.4435103,595.9
1849,126.9641555,37.4435274,596.28
1850,126.9641752,37.4435696,594.79
1851,126.9641556,37.4436572,592.9
1852,126.9641509,37.4436937,592.15
1853,126.9641663,37.4437055,590.83
1854,126.9641787,37.4437213,589.82
1855,126.964175,37.4437448,589.97
1856,126.9641939,37.4437515,588.87
1857,126.9641911,37.4437674,589.09
1858,126.9642039,37.4437903,588.5
1859,126.9642162,37.4438083,587.89
1860,126.964256,37.4438488,586.09
1861,126.9642914,37.4438917,587.0
1862,126.9643512,37.4439298,587.24
1863,126.9643985,37.4439875,587.49
1864,126.964399,37.444034,589.61
1865,126.9644204,37.4440316,588.4
1866,126.9644541,37.4440813,589.99
1867,126.9493826,37.4565504,101.8
1868,126.949399,37.4564938,102.51
1869,126.94954,37.4560095,104.64
1870,126.9498075,37.4568188,103.39
1871,126.9498401,37.456612,103.66
1872,126.9503231,37.4561247,106.01
1873,126.9636605,37.4743792,60.0
1874,126.9636332,37.474333,60.58
1875,126.9622984,37.4729137,81.51
1876,126.9658655,37.4552376,405.11
1877,126.9657192,37.4552016,406.74
1878,126.9656199,37.4551782,405.47
1879,126.9654858,37.4552378,398.08
1880,126.9652659,37.455438,387.83
1881,126.9651639,37.4554891,385.67
1882,126.9649789,37.4555295,381.85
1883,126.9647482,37.4555444,377.95
1884,126.9646543,37.4555487,374.42
1885,126.9645417,37.4555189,371.21
1886,126.9643807,37.4554635,368.28
1887,126.9641876,37.4553485,363.01
1888,126.9640321,37.4552101,355.89
1889,126.9638389,37.4551484,349.84
1890,126.963737,37.4551292,347.0
1891,126.9635412,37.4551527,341.56
1892,126.9631845,37.4552059,334.7
1893,126.9627929,37.4552953,330.0
1894,126.9624227,37.4553805,327.86
1895,126.9622162,37.4554763,325.02
1896,126.9619051,37.4556317,327.88
1897,126.9618085,37.4556466,325.8
1898,126.96172,37.4556445,322.49
1899,126.9615912,37.4555913,319.42
1900,126.9615054,37.4555849,317.4
1901,126.9613042,37.4555977,315.0
1902,126.9611326,37.4556126,314.1
1903,126.9609153,37.4556594,311.54
1904,126.9608,37.4557148,310.0
1905,126.9607115,37.4558021,310.0
1906,126.9605747,37.4559341,310.0
1907,126.9605023,37.4561938,310.58
1908,126.9604433,37.4563237,310.0
1909,126.9603547,37.4563812,309.12
1910,126.9601777,37.4564557,304.44
1911,126.9598076,37.4566133,293.99
1912,126.9597432,37.4566857,291.37
1913,126.9597056,37.4567432,288.89
1914,126.9596949,37.4568347,285.0
1915,126.9597137,37.4570178,280.0
1916,126.9597539,37.4574713,267.19
1917,126.9597647,37.4575863,260.87
1918,126.9596949,37.4577098,255.67
1919,126.9596305,37.4577375,253.54
1920,126.9595286,37.4577524,249.38
1921,126.9594106,37.4577822,242.56
1922,126.9593677,37.4578226,239.51
1923,126.9593462,37.4579546,235.38
1924,126.9593435,37.4581825,230.58
1925,126.9593221,37.4585274,217.1
1926,126.9593328,37.4586381,213.3
1927,126.9592577,37.4587105,208.89
1928,126.9592041,37.4587658,206.29
1929,126.9591182,37.4587807,204.09
1930,126.9589144,37.4588127,196.01
1931,126.9588178,37.458834,190.39
1932,126.9587535,37.4588744,188.7
1933,126.9586784,37.4589553,186.2
1934,126.9585335,37.4590235,184.05
1935,126.9584705,37.4591438,180.33
1936,126.9584678,37.4592375,179.46
1937,126.9584383,37.4594131,175.0
1938,126.9584329,37.4594536,174.99
1939,126.9585335,37.4595227,172.54
1940,126.9586502,37.4595728,168.64
1941,126.9586985,37.4596249,167.02
1942,126.9588634,37.4597229,164.56
1943,126.9589278,37.4598581,164.21
1944,126.9589708,37.4599049,165.43
1945,126.958968,37.4599603,165.05
1946,126.9589827,37.4599901,165.24
1947,126.958944,37.4600582,162.9
1948,126.9590163,37.4601178,162.44
1949,126.9591236,37.4601817,159.95
1950,126.9592416,37.46012,162.02
1951,126.9593087,37.4601083,162.11
1952,126.9593167,37.4602009,156.01
1953,126.9593851,37.4602583,152.17
1954,126.9593959,37.4603542,147.33
1955,126.9594629,37.460352,146.14
1956,126.9594991,37.460368,144.52
1957,126.9595366,37.4603946,142.69
1958,126.9595701,37.4604356,140.96
1959,126.9595889,37.4604585,140.61
1960,126.9595608,37.4605617,139.99
1961,126.9595689,37.4607012,142.94
1962,126.9595394,37.4607948,143.16
1963,126.9595353,37.4609981,147.69
1964,126.959644,37.4610802,151.67
1965,126.9597459,37.4611813,154.87
1966,126.9598116,37.4612164,155.14
1967,126.9599551,37.4612122,157.87
1968,126.9601094,37.4612356,160.38
1969,126.9597915,37.4614506,147.96
1970,126.9597432,37.4615336,141.78
1971,126.9597352,37.4616209,136.34
1972,126.9597405,37.4617167,132.98
1973,126.9597915,37.4617721,132.58
1974,126.960057,37.461936,133.95
1975,126.9601214,37.4619658,134.66
1976,126.9601965,37.4620595,134.99
1977,126.9602877,37.4623235,134.23
1978,126.9604218,37.4624183,132.92
1979,126.9605934,37.4624747,130.06
1980,126.9607086,37.4625001,129.58
1981,126.9607463,37.462529,129.38
1982,126.9607825,37.4625492,129.32
1983,126.9608442,37.4626663,128.36
1984,126.9608966,37.4626588,127.81
1985,126.9609208,37.4627248,125.53
1986,126.9609354,37.4627961,122.51
1987,126.9608858,37.4629186,121.67
1988,126.9608388,37.4630175,120.65
1989,126.9608805,37.4631049,118.16
1990,126.9608764,37.4631283,117.63
1991,126.9608939,37.4631559,116.48
1992,126.9609158,37.4631573,116.09
1993,126.9609784,37.4631613,115.05
1994,126.960977,37.4631932,115.0
1995,126.9609368,37.4632837,115.0
1996,126.960922,37.4638149,117.26
1997,126.9609851,37.4639714,122.65
1998,126.9610199,37.4639809,123.73
1999,126.9611473,37.4640075,125.0
2000,126.961209,37.4640363,124.05
2001,126.9612654,37.4640597,122.72
2002,126.9613794,37.4641779,118.64
2003,126.9615751,37.4641842,119.34
2004,126.9617844,37.4643301,119.57
2005,126.9618851,37.4643366,116.88
2006,126.9619668,37.4643418,115.23
2007,126.9620754,37.4643578,113.2
2008,126.9621518,37.4644057,110.0
2009,126.9621786,37.4644355,110.0
2010,126.9622084,37.4644812,111.78
2011,126.9622618,37.4645632,115.0
2012,126.9623651,37.4647559,115.13
2013,126.9624373,37.4648798,113.16
2014,126.968447,37.4658469,155.48
2015,126.9684336,37.465732,155.61
2016,126.9684094,37.4656532,155.68
2017,126.968388,37.465385,157.41
2018,126.9684041,37.4652232,160.13
2019,126.9684523,37.4651423,164.29
2020,126.9684657,37.4650294,166.88
2021,126.9684523,37.4648559,169.99
2022,126.9684389,37.4647527,175.18
2023,126.9683531,37.4646058,178.15
2024,126.9682914,37.4644823,185.6
2025,126.9682954,37.4643035,195.61
2026,126.9683652,37.4642151,200.05
2027,126.9684121,37.4636477,209.27
2028,126.9687755,37.4632805,220.77
2029,126.9689365,37.4632496,228.51
2030,126.9691162,37.4630548,240.12
2031,126.9691604,37.4629473,243.68
2032,126.969257,37.4628526,247.31
2033,126.9693536,37.4627003,250.61
2034,126.9694113,37.4625598,254.48
2035,126.9694796,37.4624619,258.72
2036,126.9694622,37.4623874,261.6
2037,126.9693241,37.4621234,272.53
2038,126.9691504,37.461966,282.25
2039,126.9690927,37.4618562,281.35
2040,126.9691048,37.4617657,281.42
2041,126.9691169,37.461688,282.04
2042,126.9691638,37.4616242,283.16
2043,126.9690942,37.4614075,279.82
2044,126.9690783,37.4611454,290.23
2045,126.9690228,37.4608767,310.12
2046,126.9690529,37.4607257,315.95
2047,126.9688853,37.4605173,317.51
2048,126.9688791,37.4604245,316.95
2049,126.9690094,37.4602401,324.36
2050,126.9689482,37.4600316,333.77
2051,126.9689811,37.4598261,349.17
2052,126.9689253,37.4597133,355.14
2053,126.9689515,37.4594128,362.92
2054,126.9536952,37.4495168,237.45
2055,126.9538236,37.4494692,242.76
2056,126.9539897,37.4493927,252.47
2057,126.9519856,37.4504445,184.71
2058,126.9520479,37.4504883,183.51
2059,126.9521104,37.4505154,182.77
2060,126.9522786,37.4505884,181.54
2061,126.9524619,37.4505817,182.34
2062,126.9526832,37.4505735,182.66
2063,126.9530529,37.450855,186.53
2064,126.9533639,37.4509452,193.84
2065,126.9534889,37.4509105,197.09
2066,126.9535108,37.4507153,200.0
2067,126.9533863,37.4506172,201.98
2068,126.953329,37.4504909,205.69
2069,126.9534669,37.4503486,212.21
2070,126.953531,37.4501315,218.37
2071,126.953504,37.4497333,230.0
2072,126.9536607,37.4496072,234.66
2073,126.9536538,37.4494239,236.72
2074,126.9640133,37.4447273,608.93
2075,126.9639194,37.4448018,605.51
2076,126.9638362,37.4449083,605.93
2077,126.9635476,37.4450823,598.84
2078,126.9631816,37.4453619,591.65
2079,126.9630986,37.4454215,590.0
2080,126.9630678,37.445529,588.64
2081,126.9629585,37.4455923,581.23
2082,126.9628331,37.4455961,575.2
2083,126.9627553,37.4455578,568.58
2084,126.9626114,37.4455375,557.49
2085,126.9625575,37.4455072,552.93
2086,126.9625019,37.4455418,550.17
2087,126.9624113,37.4456452,544.79
2088,126.9621759,37.44574,535.13
2089,126.9620884,37.4458373,529.4
2090,126.9620133,37.4460225,525.0
2091,126.961944,37.4460763,525.0
2092,126.9618548,37.4461705,524.98
2093,126.9617667,37.4462157,523.96
2094,126.9616194,37.4462509,517.57
2095,126.961496,37.4462467,514.15
2096,126.9613373,37.4463357,511.39
2097,126.9612023,37.4463169,507.4
2098,126.9610682,37.4463521,501.48
2099,126.9609241,37.4464205,501.57
2100,126.9607606,37.4465014,505.0
2101,126.9604728,37.4465842,492.84
2102,126.9603847,37.4466656,500.49
2103,126.9602501,37.4467439,504.66
2104,126.9601942,37.4468619,505.0
2105,126.9599458,37.4471652,505.0
2106,126.9598773,37.4472571,501.6
2107,126.95977,37.4473614,498.07
2108,126.9596466,37.4474104,489.66
2109,126.9594727,37.4474467,480.81
2110,126.9591744,37.4476336,470.49
2111,126.9589856,37.447761,459.6
2112,126.9588929,37.4478193,457.47
2113,126.9587107,37.4478787,461.6
2114,126.9584653,37.4479654,462.83
2115,126.9580293,37.4483516,439.97
2116,126.9578442,37.4485156,431.83
2117,126.957694,37.4485582,424.22
2118,126.9575211,37.4486232,418.09
2119,126.9573319,37.4485156,408.0
2120,126.9572122,37.4484829,402.66
2121,126.9568886,37.4485617,391.4
2122,126.9567364,37.448637,385.68
2123,126.9565292,37.4486494,373.52
2124,126.9563234,37.4487328,362.32
2125,126.9560759,37.4488581,350.18
2126,126.9559801,37.4489479,345.37
2127,126.9557155,37.4490693,334.29
2128,126.9553685,37.4491203,320.01
2129,126.9552498,37.449129,316.41
2130,126.9549011,37.4491178,301.6
2131,126.9546426,37.4491579,288.2
2132,126.9543663,37.4492963,271.61
2133,126.9540225,37.4493957,253.31
2134,126.9539201,37.4492438,253.0
2135,126.9537659,37.4490713,251.36
2136,126.95379,37.4489755,250.94
2137,126.953763,37.4489166,248.44
2138,126.9537789,37.4488532,250.56
2139,126.9537082,37.4487807,249.89
2140,126.9536674,37.4486994,251.87
2141,126.9535949,37.4486476,252.53
2142,126.9534897,37.4485272,257.5
2143,126.9534454,37.4483836,263.19
2144,126.9533712,37.4483125,259.11
2145,126.9532683,37.4481791,251.66
2146,126.9531544,37.4479534,246.55
2147,126.9529748,37.4477405,245.88
2148,126.952868,37.4475694,243.66
2149,126.9526729,37.4474466,234.5
2150,126.9525977,37.4473969,233.37
2151,126.952469,37.4473572,231.64
2152,126.9523403,37.4473125,230.07
2153,126.9522974,37.4472294,231.35
2154,126.952284,37.4471357,234.72
2155,126.9522437,37.4470889,234.31
2156,126.9521499,37.447091,232.06
2157,126.9520479,37.4471187,230.28
2158,126.952064,37.4471911,230.86
2159,126.9520587,37.447338,229.36
2160,126.9520828,37.4475361,220.1
2161,126.952174,37.4477873,216.0
2162,126.9522423,37.4479732,216.98
2163,126.948965,37.4637066,64.59
2164,126.9490674,37.4636294,65.05
2165,126.9504477,37.4630266,75.0
2166,126.9505728,37.4631321,75.13
2167,126.9506238,37.4637874,82.2
2168,126.950714,37.4638581,82.83
2169,126.950856,37.464082,84.44
2170,126.9510079,37.4643157,84.96
2171,126.951081,37.4643871,84.61
2172,126.951147,37.4644163,84.2
2173,126.9490907,37.4565225,101.0
2174,126.9488818,37.4566674,98.59
2175,126.9489888,37.4566704,100.04
2176,126.9484771,37.4651172,60.18
2177,126.9484296,37.4649507,57.72
2178,126.948321,37.4644472,57.37
2179,126.9483465,37.464199,59.58
2180,126.9485699,37.4633654,61.15
2181,126.9487528,37.4631261,63.28
2182,126.9488615,37.4630378,64.97
2183,126.9489627,37.4629962,66.05
2184,126.9522687,37.4572314,123.51
2185,126.9524688,37.4572187,126.2
2186,126.9523292,37.4560155,123.34
2187,126.9523841,37.4560363,123.94
2188,126.9524605,37.4560977,124.69
2189,126.9525589,37.45618,125.63
2190,126.9525385,37.4564846,125.54
2191,126.9531841,37.4660791,85.47
2192,126.9527277,37.4670685,81.68
2193,126.9528511,37.4671302,83.48
2194,126.9529289,37.4671941,84.26
2195,126.9529423,37.4672984,84.5
2196,126.9525534,37.4680755,84.56
2197,126.9524649,37.4680925,84.09
2198,126.952262,37.4680287,83.63
2199,126.9515746,37.4678125,81.41
2200,126.9547908,37.4573287,162.32
2201,126.9547791,37.4573472,162.22
2202,126.9545433,37.4575493,159.71
2203,126.9544966,37.4575418,159.3
2204,126.9542934,37.4576234,157.21
2205,126.9540132,37.4579385,155.0
2206,126.9549963,37.4573566,160.77
2207,126.9551532,37.457248,160.05
2208,126.9524296,37.4564724,123.6
2209,126.9510764,37.4547396,117.4
2210,126.9510945,37.4546082,118.26
2211,126.9511401,37.4542777,121.99
2212,126.9515883,37.4543129,123.36
2213,126.9489558,37.4582495,90.0
2214,126.9482834,37.4581554,86.03
2215,126.9480412,37.458109,85.42
2216,126.9481456,37.4575652,86.06
2217,126.9482041,37.4572967,86.07
2218,126.9494783,37.4565595,102.12
2219,126.9492951,37.4565386,101.66
2220,126.9495134,37.4564549,103.42
2221,126.9493313,37.4570332,100.0
2222,126.9495601,37.4562955,105.0
2223,126.9496338,37.45624,105.0
2224,126.9496179,37.4560176,104.59
2225,126.9497586,37.455567,104.78
2226,126.9493108,37.4655877,63.51
2227,126.9516989,37.4659034,78.61
2228,126.9516883,37.4659451,78.49
2229,126.9516577,37.4660242,78.86
2230,126.9613681,37.4681374,76.79
2231,126.9614754,37.46818,77.93
2232,126.9615719,37.4682396,78.99
2233,126.9616824,37.4683163,80.55
2234,126.9619399,37.4685548,83.89
2235,126.9620395,37.4686244,85.0
2236,126.9621712,37.4686951,87.34
2237,126.9563729,37.4611402,128.59
2238,126.9563479,37.4611608,128.23
2239,126.9535722,37.4536798,149.63
2240,126.9536591,37.4538219,150.38
2241,126.953951,37.4542147,152.58
2242,126.9540073,37.4542786,152.76
2243,126.9541521,37.454467,153.25
2244,126.9559465,37.4568305,154.8
2245,126.956078,37.4569646,153.13
2246,126.9561987,37.4571243,151.05
2247,126.9562966,37.4573308,148.55
2248,126.9563529,37.457515,147.53
2249,126.9565473,37.458257,145.0
2250,126.956609,37.4584422,144.82
2251,126.9566627,37.4585849,143.92
2252,126.9570838,37.4591842,142.92
2253,126.9571683,37.4593279,142.94
2254,126.9572179,37.4594631,143.1
2255,126.9572259,37.4596462,142.27
2256,126.957175,37.4598006,140.0
2257,126.9570945,37.4599688,140.0
2258,126.9570072,37.4601174,139.12
2259,126.9567227,37.460576,132.51
2260,126.9500102,37.4545143,120.0
2261,126.9577228,37.4658563,79.97
2262,126.957705,37.4662261,77.28
2263,126.9576933,37.4664694,75.02
2264,126.9576968,37.4666569,74.87
2265,126.9576987,37.4667611,73.7
2266,126.9577182,37.4671071,70.1
2267,126.9578031,37.4678507,66.27
2268,126.9708715,37.4732309,81.27
2269,126.9710242,37.4732688,82.87
2270,126.9672935,37.4696562,104.2
2271,126.9703306,37.4704825,90.98
2272,126.9703815,37.4703127,91.41
2273,126.9651874,37.4739684,56.65
2274,126.9652412,37.4737103,59.1
2275,126.9652883,37.473674,58.83
2276,126.9653071,37.4736109,58.57
2277,126.9653217,37.473589,58.41
2278,126.9653673,37.4734932,57.87
2279,126.9653565,37.4730334,60.33
2280,126.9620734,37.4725148,93.94
2281,126.9613977,37.4740566,58.46
2282,126.960968,37.4733341,54.94
2283,126.9553931,37.4547145,182.76
2284,126.9554669,37.4547763,182.92
2285,126.9555876,37.4549041,185.77
2286,126.9556171,37.4550276,186.72
2287,126.9555983,37.4551436,187.1
2288,126.9556555,37.4552378,187.41
2289,126.9557525,37.4553395,183.57
2290,126.9558433,37.4554018,183.03
2291,126.9559081,37.455496,182.44
2292,126.9559009,37.4556264,179.95
2293,126.9558156,37.4558048,177.25
2294,126.9558264,37.4559665,175.64
2295,126.9558285,37.4560522,174.99
2296,126.9558143,37.4561581,173.16
2297,126.9557789,37.4562705,170.24
2298,126.9557969,37.4563721,167.61
2299,126.9558379,37.4564334,167.0
2300,126.9558969,37.4564972,165.59
2301,126.9560324,37.4566112,163.25
2302,126.9563338,37.4568559,157.12
2303,126.9519863,37.4485545,206.94
2304,126.9512696,37.4485318,210.68
2305,126.9512696,37.4484448,210.64
2306,126.9511514,37.4484467,210.37
2307,126.951136,37.4485803,210.4
2308,126.9511537,37.4486544,210.43
2309,126.9511832,37.4486531,210.39
2310,126.9512615,37.4486496,210.21
2311,126.9511767,37.4489922,210.0
2312,126.9512572,37.4489885,210.0
2313,126.9516016,37.4484388,212.94
2314,126.9592964,37.4643647,98.09
2315,126.9590891,37.4645011,99.71
2316,126.9590092,37.4645537,98.5
2317,126.9588201,37.4646722,94.99
2318,126.9585025,37.4645277,95.0
2319,126.9587967,37.4644999,96.55
2320,126.9589672,37.4644518,98.73
2321,126.9590139,37.4644406,99.29
2322,126.9600436,37.4711146,60.57
2323,126.9603221,37.4710388,63.23
2324,126.9544478,37.4661224,95.34
2325,126.9544756,37.4661631,95.53
2326,126.9544959,37.4662309,95.61
2327,126.9544756,37.4662728,95.73
2328,126.9542764,37.4664051,95.25
2329,126.9542459,37.4664519,95.16
2330,126.9542479,37.4665148,95.23
2331,126.9542764,37.4665826,95.36
2332,126.9542764,37.4666213,95.42
2333,126.9542438,37.4666697,95.45
2334,126.9541828,37.4667133,95.49
2335,126.9537946,37.4669133,96.35
2336,126.9537417,37.4669779,96.14
2337,126.9536421,37.4671715,97.53
2338,126.9520708,37.4681669,82.71
2339,126.9520322,37.4681605,82.73
2340,126.9514021,37.4669392,76.25
2341,126.9515992,37.4665713,75.54
2342,126.9516338,37.4665729,75.7
2343,126.9518289,37.4673102,77.75
2344,126.9518472,37.4672586,77.28
2345,126.9513939,37.4670973,77.3
2346,126.9514163,37.4669988,76.73
2347,126.9512903,37.4668633,75.4
2348,126.9511907,37.4668181,75.12
2349,126.9511276,37.4668004,74.88
2350,126.95028,37.4667165,72.07
2351,126.9502739,37.4666891,71.99
2352,126.9502825,37.4665922,71.92
2353,126.9502902,37.4665068,71.83
2354,126.9531873,37.4596014,105.29
2355,126.9532117,37.4596982,104.81
2356,126.9533702,37.4598773,102.8
2357,126.9533147,37.4540959,146.97
2358,126.9532542,37.4540437,146.51
2359,126.9535904,37.4538595,150.0
2360,126.9535647,37.4546758,147.38
2361,126.9474692,37.4685141,45.14
2362,126.9477663,37.4687526,39.98
2363,126.9481172,37.4690035,40.0
2364,126.9485752,37.4693108,39.99
2365,126.9487492,37.4694268,40.0
2366,126.9474642,37.4681904,48.98
2367,126.9476509,37.4683024,49.11
2368,126.9478174,37.4683843,49.22
2369,126.9479872,37.4684446,49.32
2370,126.9481722,37.4684968,49.43
2371,126.9483196,37.4685049,49.51
2372,126.9484339,37.4684884,49.58
2373,126.948555,37.4684696,49.65
2374,126.9486532,37.4684298,49.71
2375,126.9487249,37.4683923,49.76
2376,126.9488049,37.468332,49.82
2377,126.948842,37.4682826,49.86
2378,126.9488796,37.4682089,49.91
2379,126.9488937,37.4681065,49.98
2380,126.9488774,37.4679993,50.06
2381,126.9488238,37.4679144,50.13
2382,126.9487235,37.4678172,50.21
2383,126.9486113,37.4677418,50.3
2384,126.9485152,37.4677007,50.36
2385,126.9483927,37.4676848,50.43
2386,126.9482799,37.4676931,50.49
2387,126.9460887,37.468503,49.38
2388,126.9461035,37.4684724,49.33
2389,126.9461201,37.4684276,49.26
2390,126.9461311,37.4683857,49.2
2391,126.946138,37.4683473,49.14
2392,126.9461412,37.468298,49.07
2393,126.9461367,37.4682568,49.01
2394,126.9461303,37.4682114,48.94
2395,126.9461247,37.4681658,48.87
2396,126.9461135,37.4681183,48.8
2397,126.9460971,37.4680722,48.73
2398,126.9460558,37.4679823,48.59
2399,126.9460077,37.4678924,48.44
2400,126.9459505,37.4678079,48.3
2401,126.9447616,37.4662462,45.6
2402,126.9471972,37.4687222,40.95
2403,126.9460792,37.4676767,42.98
2404,126.9425532,37.4637673,45.6
2405,126.939039,37.4598633,45.6
2406,126.9377884,37.4585767,45.6
2407,126.9346533,37.4558772,45.6
2408,126.9295946,37.4520594,45.6
2409,126.9245961,37.4485224,45.6
2410,126.9164129,37.4424752,45.6
2411,126.9163462,37.4424181,45.6
2412,126.9134359,37.4402706,45.6
2413,126.911888,37.4393047,45.6
2414,126.9106927,37.4388071,45.6
2415,126.9095771,37.438516,45.6
2416,126.9086501,37.438354,45.6
2417,126.907419,37.4382469,
2418,126.9545578,37.4617218,128.61
2419,126.9545229,37.4618751,127.45
2420,126.9545203,37.4620688,126.6
2421,126.9546115,37.4628055,128.28
2422,126.9546436,37.4629801,126.38
2423,126.9546892,37.463144,125.13
2424,126.9547643,37.4633207,124.68
2425,126.9550835,37.4639019,118.64
2426,126.9551425,37.4640531,117.61
2427,126.9551625,37.4641338,116.93
2428,126.9551774,37.4641936,116.36
2429,126.9551908,37.4643703,115.0
2430,126.955172,37.4651857,106.05
2431,126.9551613,37.4653986,103.64
2432,126.9551291,37.4655476,101.37
2433,126.9550701,37.4656753,100.26
2434,126.9549655,37.4658009,99.19
2435,126.9547798,37.4659278,97.89
2436,126.957002,37.4616691,125.0
2437,126.957405,37.4618265,122.96
2438,126.9523517,37.4510578,176.8
2439,126.9523773,37.4510556,177.49
2440,126.952548,37.4510224,180.0
2441,126.9581395,37.4606725,129.91
2442,126.9578763,37.4611237,125.96
2443,126.9575871,37.4616194,124.67
2444,126.9572426,37.4622108,120.0
2445,126.9525778,37.4583142,119.25
2446,126.952753,37.4581959,123.23
2447,126.9525632,37.4581304,120.82
2448,126.9522612,37.4574117,121.86
2449,126.9521371,37.4571733,121.71
2450,126.953346,37.458836,121.6
2451,126.9526193,37.4582522,120.04
2452,126.954704,37.4592478,118.66
2453,126.9544533,37.4592746,118.57
2454,126.9527373,37.4579323,126.7
2455,126.9528222,37.4579088,128.09
2456,126.9528772,37.4579895,127.83
2457,126.952912,37.4580223,128.14
2458,126.9530611,37.4582148,128.93
2459,126.9528325,37.4580104,127.02
2460,126.9518893,37.4572318,118.21
2461,126.9520119,37.4574389,118.22
2462,126.9543297,37.4563913,160.9
2463,126.9543596,37.4565199,161.97
2464,126.954411,37.4567431,163.8
2465,126.9541061,37.4565624,161.87
2466,126.9540756,37.4564333,160.79
2467,126.9575569,37.4615662,124.9
2468,126.9578274,37.4611018,126.28
2469,126.9579581,37.4608772,128.08
2470,126.9580832,37.4606622,129.91
2471,126.9581567,37.4665544,77.79
2472,126.9582374,37.4666635,78.26
2473,126.9587632,37.4666231,80.0
2474,126.9582723,37.4670063,78.47
2475,126.958798,37.4669318,80.0
2476,126.9518046,37.4612351,85.45
2477,126.9526676,37.4607726,95.06
2478,126.9527931,37.4608481,97.12
2479,126.9522415,37.460894,89.98
2480,126.9521553,37.4609435,89.48
2481,126.9502846,37.4610024,85.0
2482,126.9504472,37.4611494,83.15
2483,126.9500486,37.4616111,76.78
2484,126.9499042,37.4617048,75.0
2485,126.9497215,37.4617348,73.89
2486,126.9493071,37.4617323,70.4
2487,126.9500497,37.4602836,85.0
2488,126.9499131,37.4603779,84.51
2489,126.949906,37.4604832,84.09
2490,126.9502207,37.4601484,85.11
2491,126.9503146,37.4600697,85.54
2492,126.9504057,37.4600441,85.82
2493,126.9504916,37.4600463,85.99
2494,126.950556,37.4595999,87.93
2495,126.9510307,37.4593947,90.0
2496,126.9490727,37.4577809,93.88
2497,126.9499226,37.4584056,89.38
2498,126.9500582,37.4583749,89.77
2499,126.9501849,37.4588151,89.25
2500,126.9501424,37.4588444,89.22
2501,126.9550078,37.4656502,100.14
2502,126.9549057,37.4656023,99.9
2503,126.9543608,37.464772,100.05
2504,126.9542727,37.4646412,100.11
2505,126.9541033,37.4647151,95.77
2506,126.9542523,37.4646097,100.38
2507,126.9542658,37.4647917,96.87
2508,126.9547866,37.4656545,95.0
2509,126.9537999,37.4642402,100.62
2510,126.9536074,37.4639448,100.0
2511,126.9533642,37.4640841,96.7
2512,126.953552,37.4638567,99.22
2513,126.9537203,37.4648724,94.96
2514,126.9535805,37.4637378,100.22
2515,126.9536228,37.4635824,102.62
2516,126.9535512,37.4634594,102.35
2517,126.953591,37.4610873,99.99
2518,126.9539663,37.4610068,100.0
2519,126.9545705,37.4609408,107.03
2520,126.9549195,37.4607623,108.89
2521,126.9550484,37.4606964,109.92
2522,126.954113,37.461029,102.07
2523,126.9542333,37.4609912,102.66
2524,126.9530573,37.4609819,99.17
2525,126.9531558,37.4610675,99.64
2526,126.9525964,37.4599704,97.19
2527,126.9531622,37.4593693,108.69
2528,126.9532553,37.459495,107.32
2529,126.9505564,37.458598,91.51
2530,126.9503575,37.458324,91.14
2531,126.9501483,37.4578854,94.75
2532,126.9510474,37.4571179,105.0
2533,126.9510687,37.4570103,105.0
2534,126.9510848,37.4569289,105.0
2535,126.9512108,37.4561578,109.83
2536,126.9509095,37.4561199,109.89
2537,126.9508279,37.4561096,109.49
2538,126.9539696,37.4635144,106.72
2539,126.9543002,37.4640214,104.39
2540,126.9526793,37.4627305,95.26
2541,126.9526871,37.4619783,100.0
2542,126.9526305,37.4623155,93.96
2543,126.9484157,37.466594,57.89
2544,126.9484484,37.466311,58.52
2545,126.9486341,37.4658363,59.64
2546,126.9487624,37.4657333,60.29
2547,126.9488317,37.4657117,60.62
2548,126.9489536,37.4657131,61.02
2549,126.9492928,37.4657482,63.46
2550,126.9498838,37.4658543,67.58
2551,126.9506669,37.4659914,74.9
2552,126.9516722,37.4661818,80.0
2553,126.9516452,37.4662991,79.61
2554,126.9516035,37.4664022,78.13
2555,126.9515885,37.4664452,77.51
2556,126.9515767,37.466482,76.97
2557,126.9515638,37.4665162,76.48
2558,126.9515,37.4666674,75.14
2559,126.9517383,37.466265,79.43
2560,126.951701,37.4664133,77.64
2561,126.9480445,37.4665672,56.26
2562,126.9481024,37.4662238,56.04
2563,126.9482828,37.465795,56.59
2564,126.9483062,37.4656789,57.09
2565,126.9483524,37.4654496,57.26
2566,126.9485597,37.4647958,60.95
2567,126.9486454,37.4644124,61.27
2568,126.9487618,37.4638783,62.41
2569,126.9489172,37.4629894,65.51
2570,126.9489185,37.4629457,65.49
2571,126.9489341,37.4628708,65.38
2572,126.9491786,37.4617136,70.0
2573,126.9491961,37.4613608,68.93
2574,126.9490043,37.4607521,71.83
2575,126.9487673,37.4656717,60.57
2576,126.9487524,37.4655817,60.78
2577,126.948774,37.4653962,60.95
2578,126.9481266,37.46657,56.62
2579,126.9482272,37.4665733,57.05
2580,126.9484246,37.4658072,57.88
2581,126.9485335,37.4658165,58.87
2582,126.9487905,37.4647435,63.2
2583,126.9487361,37.4650257,61.42
2584,126.9487045,37.4651872,60.81
2585,126.9487032,37.4652327,60.79
2586,126.948708,37.4652646,60.8
2587,126.9487227,37.465308,60.83
2588,126.9487413,37.4653477,60.87
2589,126.9487548,37.4653721,60.9
2590,126.9488136,37.4654367,61.06
2591,126.9488558,37.4654685,61.18
2592,126.9489038,37.4654968,61.32
2593,126.9489466,37.4655151,61.45
2594,126.9489882,37.4655287,61.58
2595,126.9488616,37.4644397,63.35
2596,126.9488653,37.4644212,63.27
2597,126.9488963,37.4642667,63.55
2598,126.948925,37.4638988,63.84
2599,126.9490786,37.4631765,67.3
2600,126.9491229,37.4629697,67.9
2601,126.9491637,37.4627602,67.63
2602,126.9487546,37.4644262,62.23
2603,126.9488168,37.4638853,62.89
2604,126.9488664,37.4638915,63.33
2605,126.949062,37.4629564,67.16
2606,126.9491815,37.4626567,67.4
2607,126.9493695,37.4618122,70.43
2608,126.9502364,37.4627011,72.95
2609,126.9504332,37.462689,74.68
2610,126.9506413,37.4625445,75.44
2611,126.9506551,37.4627081,75.0
2612,126.95069,37.4631206,76.84
2613,126.9506978,37.4632486,78.29
2614,126.9507008,37.4632983,79.23
2615,126.9504973,37.4635583,80.3
2616,126.948593,37.4666113,58.85
2617,126.949314,37.466564,63.35
2618,126.9490009,37.4668895,60.84
2619,126.9494523,37.4664171,65.0
2620,126.9493072,37.463342,68.68
2621,126.9494359,37.4632718,70.0
2622,126.9499836,37.4629639,71.76
2623,126.9502882,37.462973,74.98
2624,126.9496381,37.4631579,70.0
2625,126.9498795,37.4630201,71.23
2626,126.9505263,37.4627208,75.0
2627,126.9505935,37.4626631,75.0
2628,126.949662,37.4627335,70.0
2629,126.9505094,37.4626519,74.99
2630,126.9491125,37.4627151,66.9
2631,126.950837,37.462452,77.89
2632,126.9510583,37.4622573,80.29
2633,126.9513081,37.4620695,82.0
2634,126.9507938,37.4624196,77.87
2635,126.9508114,37.4624052,78.11
2636,126.9510524,37.4621885,80.26
2637,126.9512106,37.462047,80.91
2638,126.9515048,37.4619013,82.32
2639,126.9518746,37.4622225,85.0
2640,126.951953,37.4622945,85.0
2641,126.9512423,37.4627847,79.37
2642,126.9516339,37.4627141,82.77
2643,126.9505255,37.4637103,81.36
2644,126.9525222,37.4618238,97.25
2645,126.9520233,37.4660303,79.84
2646,126.9520184,37.465952,79.7
2647,126.9520157,37.4659099,79.64
2648,126.9527589,37.4660073,80.51
2649,126.9527288,37.4654342,80.0
2650,126.9525316,37.4652776,79.94
2651,126.9526975,37.4626966,95.19
2652,126.9527676,37.462732,95.95
2653,126.9529738,37.4630522,97.05
2654,126.9530148,37.4629418,97.82
2655,126.9523565,37.4611199,90.41
2656,126.9523253,37.4610839,90.0
2657,126.95181,37.4606294,89.52
2658,126.9519269,37.4605405,90.01
2659,126.9527377,37.4629947,95.59
2660,126.9526573,37.4629095,95.45
2661,126.9526439,37.4627967,95.14
2662,126.9525956,37.4626136,93.61
2663,126.952786,37.4622112,97.54
2664,126.9530006,37.4621516,100.0
2665,126.9532125,37.4621452,100.04
2666,126.9533179,37.46213,100.19
2667,126.95336,37.4621239,100.68
2668,126.9533939,37.4620664,100.47
2669,126.9534225,37.4620179,101.63
2670,126.9528531,37.4630181,96.05
2671,126.9528824,37.4629053,97.02
2672,126.9521177,37.4630073,86.79
2673,126.9522776,37.4627413,90.0
2674,126.9520709,37.4631406,89.69
2675,126.9520942,37.4632108,90.0
2676,126.9520303,37.4632848,90.0
2677,126.9522352,37.4610255,89.76
2678,126.952681,37.4608944,96.59
2679,126.9526028,37.460786,94.16
2680,126.9539579,37.4634231,108.29
2681,126.9541454,37.4635249,107.47
2682,126.9541923,37.4635571,108.66
2683,126.952744,37.46338,92.72
2684,126.952892,37.4632547,94.99
2685,126.9529697,37.4631797,96.24
2686,126.9530541,37.4630982,98.26
2687,126.9528525,37.4637208,95.0
2688,126.9528508,37.463665,94.84
2689,126.9528426,37.4633879,93.84
2690,126.9527271,37.4634535,92.84
2691,126.9527448,37.4636738,94.23
2692,126.9531486,37.463286,98.15
2693,126.9533325,37.4633047,99.91
2694,126.9546124,37.4610139,107.56
2695,126.9547014,37.4610228,109.99
2696,126.9547956,37.4611531,112.77
2697,126.9539482,37.4609818,99.99
2698,126.9540878,37.4609935,100.64
2699,126.9547224,37.4607787,107.57
2700,126.954769,37.4605481,107.7
2701,126.9548555,37.4604976,108.96
2702,126.9548026,37.4607389,107.65
2703,126.954878,37.4607015,108.17
2704,126.954638,37.4603638,108.11
2705,126.9546713,37.4602711,109.24
2706,126.9551714,37.4606963,111.68
2707,126.9549646,37.46061,109.32
2708,126.9543491,37.4598748,110.58
2709,126.9552223,37.4605055,112.97
2710,126.955769,37.4603036,117.77
2711,126.9552085,37.4604871,112.48
2712,126.9551612,37.4603853,111.87
2713,126.9550562,37.4602834,111.77
2714,126.9544975,37.4595677,114.9
2715,126.9550769,37.4593794,116.56
2716,126.955436,37.4598589,118.64
2717,126.9556396,37.4601308,117.09
2718,126.9557435,37.4602695,117.59
2719,126.9531345,37.4591814,112.93
2720,126.9538453,37.4642254,100.88
2721,126.9536503,37.4639241,100.0
2722,126.9534859,37.4642883,98.61
2723,126.9533557,37.4643555,95.73
2724,126.9533894,37.4644032,95.79
2725,126.9535793,37.4646724,96.94
2726,126.9536203,37.4647306,96.78
2727,126.95364,37.4647248,97.0
2728,126.9533448,37.4644293,94.79
2729,126.9528711,37.4651539,81.23
2730,126.9529303,37.4651382,82.22
2731,126.9531964,37.4652492,86.94
2732,126.9532198,37.4650733,87.1
2733,126.9531968,37.4647387,88.88
2734,126.9533251,37.4654672,88.44
2735,126.9536508,37.466129,89.54
2736,126.9532025,37.4648211,88.61
2737,126.9532432,37.4653819,87.58
2738,126.9532615,37.4653747,87.75
2739,126.9530931,37.4645723,88.72
2740,126.9531417,37.4645527,89.74
2741,126.9529298,37.4642893,92.22
2742,126.9532391,37.4641392,94.61
2743,126.9519481,37.4554617,122.59
2744,126.9522565,37.4559735,122.37
2745,126.9498164,37.4551192,114.43
2746,126.9503298,37.4527028,132.48
2747,126.9503243,37.4526372,132.47
2748,126.9502928,37.4525385,132.16
2749,126.9500722,37.4520836,133.14
2750,126.9500158,37.4519729,135.01
2751,126.9499763,37.4518486,136.75
2752,126.9497986,37.4509018,141.87
2753,126.9497878,37.4507123,143.11
2754,126.9498341,37.45016,151.93
2755,126.9498281,37.4499883,153.99
2756,126.9498093,37.4498073,159.66
2757,126.9497885,37.4496469,160.0
2758,126.9497315,37.4494347,164.15
2759,126.9496674,37.4492125,166.51
2760,126.9498766,37.4552589,112.26
2761,126.9499101,37.4551714,113.48
2762,126.9505457,37.4552336,114.99
2763,126.9499952,37.4555283,105.17
2764,126.9507824,37.4552074,115.09
2765,126.950559,37.455187,115.0
2766,126.9505272,37.4551841,115.0
2767,126.9500288,37.4551386,113.97
2768,126.9507908,37.4551712,115.15
2769,126.9507903,37.4551481,115.18
2770,126.9500488,37.4550713,114.99
2771,126.9505379,37.4551449,115.0
2772,126.9505411,37.4551223,115.03
2773,126.949346,37.4558992,101.73
2774,126.9497445,37.455956,105.0
2775,126.9492787,37.4562801,102.96
2776,126.949904,37.4562056,105.0
2777,126.9500366,37.4560589,105.0
2778,126.9506639,37.455292,114.32
2779,126.9510329,37.4553301,114.54
2780,126.9510992,37.455337,114.67
2781,126.9505752,37.4571432,102.74
2782,126.9505825,37.4568924,105.5
2783,126.9502736,37.4572939,100.86
2784,126.9503782,37.4572897,100.86
2785,126.9505726,37.4572325,101.48
2786,126.9513747,37.4570452,111.16
2787,126.9515029,37.4568401,112.42
2788,126.951562,37.4567359,112.2
2789,126.9515926,37.4566819,112.17
2790,126.9517051,37.4564536,113.09
2791,126.9517493,37.4562598,115.0
2792,126.9519212,37.4571613,118.98
2793,126.9516547,37.4569269,114.92
2794,126.9518541,37.4572954,117.42
2795,126.951822,37.4574487,116.21
2796,126.951936,37.4577706,115.73
2797,126.9532648,37.459125,116.01
2798,126.9520426,37.4570854,120.36
2799,126.9523791,37.4557827,129.63
2800,126.9523768,37.4558755,126.05
2801,126.9523801,37.4559173,125.03
2802,126.9517873,37.4560052,118.18
2803,126.9518049,37.4558727,119.59
2804,126.9518298,37.4556933,116.7
2805,126.9518033,37.4555779,117.81
2806,126.9518445,37.4554598,120.58
2807,126.9519725,37.4543435,125.93
2808,126.9520297,37.4537766,133.12
2809,126.9521304,37.4532053,141.39
2810,126.9521413,37.4529655,145.0
2811,126.9520434,37.4525961,150.0
2812,126.9520292,37.45245,154.79
2813,126.9520965,37.4523292,155.0
2814,126.952226,37.452213,159.43
2815,126.9526616,37.4521025,162.84
2816,126.9527968,37.4520663,163.7
2817,126.9522183,37.4571339,123.15
2818,126.9523156,37.4573281,123.74
2819,126.9534485,37.4633907,101.16
2820,126.9487417,37.4601535,77.73
2821,126.9486549,37.459896,80.0
2822,126.9494774,37.459093,87.48
2823,126.9494595,37.4590545,87.6
2824,126.949623,37.4590444,88.11
2825,126.9497405,37.4590119,88.6
2826,126.954703,37.4644616,105.83
2827,126.954606,37.4643116,105.86
2828,126.9525031,37.4631033,90.92
2829,126.9530191,37.4636751,95.0
2830,126.9532848,37.4621929,101.39
2831,126.9532796,37.4623815,102.36
2832,126.9535045,37.4624018,104.79
2833,126.9534891,37.4627951,103.95
2834,126.9535453,37.4629269,105.14
2835,126.953788,37.4631743,108.23
2836,126.9537727,37.4633466,104.78
2837,126.9535111,37.4628467,104.39
2838,126.9531979,37.4629634,100.43
2839,126.9533001,37.4629046,101.68
2840,126.9537113,37.4627809,109.73
2841,126.9537497,37.4628924,110.46
2842,126.9527789,37.4616434,99.85
2843,126.9532515,37.4618199,103.51
2844,126.9519762,37.4560208,117.7
2845,126.9519695,37.4561271,115.0
2846,126.9525622,37.4566394,125.98
2847,126.9524993,37.4571047,126.16
2848,126.9525413,37.4574605,126.77
2849,126.9526832,37.4574974,128.95
2850,126.9525462,37.4565368,125.63
2851,126.9514214,37.4549926,118.52
2852,126.9514299,37.4549095,118.51
2853,126.9513915,37.4547112,118.74
2854,126.9514043,37.454618,119.36
2855,126.9518622,37.4548269,122.65
2856,126.9517566,37.4548197,121.21
2857,126.9518956,37.454572,124.39
2858,126.951825,37.4545671,121.66
2859,126.9521282,37.45494,125.0
2860,126.9521986,37.4549383,129.45
2861,126.9522242,37.4547807,129.27
2862,126.9522905,37.4547231,130.42
2863,126.9547805,37.4645865,105.88
2864,126.9481206,37.4667181,56.82
2865,126.9481507,37.4663409,56.29
2866,126.9481775,37.4662599,56.57
2867,126.9485078,37.4655684,59.91
2868,126.9485567,37.4652167,60.86
2869,126.9488391,37.4637801,62.87
2870,126.9493252,37.461535,70.51
2871,126.9493145,37.4613519,71.5
2872,126.949203,37.460959,72.66
2873,126.9487347,37.4597226,81.81
2874,126.9486891,37.4595417,82.99
2875,126.9486945,37.45935,84.43
2876,126.9487321,37.4591456,85.36
2877,126.9524132,37.4512253,172.29
2878,126.9524496,37.4513051,171.97
2879,126.952657,37.4517599,166.87
2880,126.9526683,37.4517847,166.67
2881,126.9526779,37.4518057,166.51
2882,126.9515377,37.4511446,169.17
2883,126.9514249,37.4512552,168.08
2884,126.9514958,37.4514811,165.36
2885,126.9522493,37.4513318,169.64
2886,126.9522695,37.4513278,169.77
2887,126.9523935,37.4514472,170.0
2888,126.9525083,37.4516849,165.71
2889,126.9449971,37.4697443,50.0
2890,126.9449655,37.4697598,50.0
2891,126.9449352,37.4697714,50.0
2892,126.9448921,37.4697805,50.0
2893,126.9448517,37.469779,50.0
2894,126.9448164,37.4697716,50.0
2895,126.9447884,37.4697557,50.0
2896,126.9447717,37.4697369,50.0
2897,126.9447609,37.4697095,50.0
2898,126.9447576,37.469685,50.0
2899,126.9447618,37.4696558,50.0
2900,126.9447689,37.4696328,50.0
2901,126.9447798,37.4696127,50.0
2902,126.9658608,37.4718173,65.0
2903,126.9658909,37.4716996,66.34
2904,126.9662818,37.4719566,66.12
2905,126.9662209,37.4720742,65.0
2906,126.9662195,37.4721205,64.86
2907,126.9661054,37.4722515,63.7
2908,126.9662597,37.4724101,64.14
2909,126.9496766,37.4472819,197.15
2910,126.9495243,37.4471456,198.1
2911,126.9495749,37.4469526,202.52
2912,126.9501837,37.4469079,213.41
2913,126.9503035,37.4468763,215.0
2914,126.950394,37.4468606,215.0
2915,126.9505764,37.4467755,217.24
2916,126.950584,37.4467624,217.58
2917,126.9506862,37.4466995,218.98
2918,126.9506952,37.4466629,220.1
2919,126.9507332,37.4466313,221.45
2920,126.9507352,37.4466084,222.91
2921,126.9507639,37.4465846,223.69
2922,126.9508105,37.44657,223.26
2923,126.9509022,37.446514,223.84
2924,126.9509655,37.4464583,225.29
2925,126.9510181,37.4464013,226.62
2926,126.9510838,37.4463492,228.16
2927,126.9511321,37.4463404,228.8
2928,126.9511593,37.4463485,228.83
2929,126.9512027,37.4463347,229.66
2930,126.9512718,37.4463188,230.0
2931,126.9513524,37.4463323,231.2
2932,126.9514274,37.4463604,232.48
2933,126.9515234,37.4463714,234.23
2934,126.9515867,37.4463916,235.16
2935,126.9516274,37.4464138,235.65
2936,126.9516735,37.4464264,236.37
2937,126.9517072,37.4464328,236.96
2938,126.9517544,37.4464266,237.82
2939,126.9518008,37.4464127,238.66
2940,126.9518116,37.4464241,238.85
2941,126.9518963,37.4464197,240.0
2942,126.9519065,37.4464129,240.0
2943,126.9519728,37.4463988,240.0
2944,126.9520125,37.4464013,240.42
2945,126.9520512,37.4463903,241.38
2946,126.9521074,37.4463838,242.66
2947,126.9521428,37.4463876,243.39
2948,126.9522126,37.4463895,244.68
2949,126.9522469,37.4464036,244.67
2950,126.9523046,37.4464135,244.78
2951,126.9523236,37.4464039,245.02
2952,126.9523634,37.4463824,245.87
2953,126.9524341,37.4463374,247.96
2954,126.9524799,37.4463233,249.09
2955,126.9525175,37.446319,249.93
2956,126.9525751,37.4463321,250.0
2957,126.9526169,37.4463274,250.0
2958,126.9526844,37.4462955,250.0
2959,126.952724,37.44625,250.64
2960,126.9528236,37.4462128,252.76
2961,126.9529373,37.4461903,254.3
2962,126.9602814,37.4656013,97.61
2963,126.9604129,37.465546,97.69
2964,126.9605577,37.4654289,97.49
2965,126.9606811,37.4654225,96.53
2966,126.96096,37.4656737,98.9
2967,126.96107,37.4658078,100.78
2968,126.9625246,37.4695533,120.0
2969,126.962401,37.4694389,117.81
2970,126.9619346,37.4694575,109.31
2971,126.9615778,37.4695022,105.0
2972,126.9614558,37.4695905,105.0
2973,126.9613458,37.4695948,102.92
2974,126.9611124,37.4695618,100.0
2975,126.9610266,37.4695735,100.0
2976,126.9609167,37.4696097,100.0
2977,126.9608188,37.4696597,97.25
2978,126.9607541,37.4697107,95.0
2979,126.9607182,37.4698024,94.93
2980,126.9607141,37.4699045,92.24
2981,126.9606055,37.4700759,89.32
2982,126.9603185,37.4704219,81.32
2983,126.9602381,37.4704782,79.68
2984,126.9601066,37.4706571,68.9
2985,126.9599494,37.4708812,60.82
2986,126.9592469,37.4717873,52.73
2987,126.9591834,37.4718693,52.68
2988,126.9589279,37.4719923,53.11
2989,126.9587555,37.4720013,53.47
2990,126.9583297,37.4718843,54.94
2991,126.9580775,37.4718651,56.18
2992,126.957804,37.4720092,58.73
2993,126.9576564,37.4722781,60.02
2994,126.9576028,37.4723696,65.04
2995,126.9576006,37.4725379,69.28
2996,126.9570234,37.4726762,79.14
2997,126.9563904,37.4727145,89.71
2998,126.9561517,37.4728507,93.01
2999,126.9557869,37.4728742,99.04
3000,126.9552988,37.4730232,109.33
3001,126.9549386,37.4730104,110.0
3002,126.9543171,37.472044,116.19
3003,126.9538343,37.4712308,125.0
3004,126.9535333,37.4708559,135.07
3005,126.9535543,37.4707245,135.0
3006,126.9537162,37.4703374,130.0
3007,126.9537163,37.4701515,130.0
3008,126.9536291,37.4700312,129.9
3009,126.9534118,37.4700291,122.87
3010,126.9530846,37.4700057,115.28
3011,126.9528969,37.4700408,111.09
3012,126.9527856,37.4700466,107.81
3013,126.9526018,37.4699721,101.74
3014,126.9523552,37.4699397,97.15
3015,126.9474931,37.4635978,71.62
3016,126.9473743,37.4635324,72.89
3017,126.9472797,37.4634973,75.0
3018,126.9471948,37.4634659,74.66
3019,126.9466823,37.4632956,84.14
3020,126.9464187,37.4631678,86.95
3021,126.9463429,37.4631144,89.87
3022,126.946308,37.4630474,90.0
3023,126.9462536,37.462961,92.11
3024,126.9462654,37.4629172,93.58
3025,126.9462768,37.4628821,94.67
3026,126.9462671,37.4628462,95.49
3027,126.946247,37.4628033,96.45
3028,126.9462024,37.46276,96.44
3029,126.9461736,37.462732,96.45
3030,126.9461478,37.4627206,95.95
3031,126.9460635,37.4626462,98.57
3032,126.9460734,37.4625485,101.47
3033,126.9461618,37.4624853,106.13
3034,126.9462383,37.4624598,108.9
3035,126.9463201,37.462463,109.91
3036,126.9463681,37.462461,110.0
3037,126.9463918,37.4624542,110.0
3038,126.9463989,37.4624246,110.0
3039,126.9463851,37.462402,110.0
3040,126.9463653,37.4623773,110.0
3041,126.9463174,37.4623331,110.2
3042,126.9462128,37.4622809,115.0
3043,126.9461564,37.4622256,115.7
3044,126.9461457,37.4621621,117.76
3045,126.9461203,37.4621223,119.18
3046,126.9460371,37.4620414,123.46
3047,126.9459432,37.4619765,125.97
3048,126.9458713,37.461957,127.65
3049,126.9457716,37.4618998,130.0
3050,126.9457193,37.4618892,130.0
3051,126.9456361,37.4619158,130.0
3052,126.9455664,37.4619296,130.44
3053,126.9455057,37.4619221,131.95
3054,126.9454591,37.4618743,133.41
3055,126.9454336,37.4618051,133.58
3056,126.945392,37.461738,133.1
3057,126.9452351,37.4616497,133.97
3058,126.9451123,37.46158,133.26
3059,126.9450085,37.4615741,134.81
3060,126.944975,37.4615517,135.0
3061,126.9449535,37.4614655,135.92
3062,126.9449066,37.4613963,138.99
3063,126.9416956,37.4604853,203.47
3064,126.9415432,37.4603425,202.12
3065,126.9414666,37.4602392,200.7
3066,126.9413662,37.4600593,199.71
3067,126.9413245,37.4599646,201.92
3068,126.9413352,37.4598602,205.0
3069,126.9412776,37.4597378,205.0
3070,126.9411856,37.4597351,205.82
3071,126.9409692,37.4596761,205.26
3072,126.9409141,37.459692,207.01
3073,126.9407772,37.4596529,210.14
3074,126.940591,37.4596335,209.71
3075,126.9403454,37.4596729,198.12
3076,126.940206,37.4596473,194.27
3077,126.9400438,37.4596037,192.57
3078,126.9399178,37.4596335,190.8
3079,126.9397822,37.4596388,190.84
3080,126.9394725,37.4597953,188.84
3081,126.9392794,37.4599657,186.28
3082,126.9389615,37.4599752,184.47
3083,126.9388139,37.4600433,182.7
3084,126.9387376,37.4600466,182.02
3085,126.9384009,37.4599347,184.95
3086,126.9382012,37.4597676,186.65
3087,126.9379314,37.4597559,181.08
3088,126.9376942,37.4597059,177.41
3089,126.9376122,37.4596579,177.78
3090,126.9374969,37.4596345,177.31
3091,126.9374138,37.4595877,177.81
3092,126.937277,37.4595494,177.28
3093,126.9371028,37.4596016,174.99
3094,126.9370558,37.459591,175.0
3095,126.9369686,37.4594727,176.34
3096,126.9368302,37.4594102,177.77
3097,126.9364777,37.4591767,175.15
3098,126.9363356,37.4590724,175.65
3099,126.9361752,37.4588829,175.04
3100,126.9361264,37.4587638,175.0
3101,126.936011,37.4586487,173.98
3102,126.9358528,37.4584763,174.96
3103,126.935834,37.458355,175.0
3104,126.935893,37.4581952,178.96
3105,126.9580265,37.4658729,79.84
3106,126.9580033,37.4663255,77.73
3107,126.9580824,37.466571,76.77
3108,126.9519765,37.448849,202.54
3109,126.9519555,37.4490693,200.0
3110,126.9519671,37.4491433,200.0
3111,126.9519634,37.4491946,198.97
3112,126.9519753,37.4494624,195.17
3113,126.9519729,37.4495736,194.21
3114,126.9519688,37.4502886,185.89
3115,126.9519922,37.4504775,184.19
3116,126.9520708,37.4506074,181.61
3117,126.9522076,37.4508033,177.34
3118,126.9523014,37.4509651,176.85
3119,126.9523146,37.4509951,176.76
3120,126.9497966,37.4472535,198.47
3121,126.950445,37.4471242,206.88
3122,126.9505346,37.4471081,207.85
3123,126.9506408,37.4470881,209.03
3124,126.9508427,37.4470628,211.37
3125,126.951066,37.4470679,214.0
3126,126.9512939,37.4471009,215.0
3127,126.9514924,37.4471924,218.85
3128,126.9516453,37.4472712,218.91
3129,126.9517956,37.4473936,215.0
3130,126.9519135,37.4475459,215.0
3131,126.9520208,37.447761,215.0
3132,126.9520096,37.4480654,210.71
3133,126.9519993,37.4481814,210.0
3134,126.9491938,37.4481401,185.0
3135,126.9491643,37.4479931,185.0
3136,126.9491616,37.4478398,188.87
3137,126.9491991,37.4477163,189.52
3138,126.9492662,37.44758,190.04
3139,126.9493274,37.4475077,192.1
3140,126.9493815,37.4474437,193.38
3141,126.9495049,37.4473564,195.0
3142,126.9588783,37.4663734,82.34
3143,126.9589584,37.4670092,80.04
3144,126.9591934,37.4665284,83.26
3145,126.9592973,37.4670679,80.66
3146,126.9600429,37.4673027,81.47
3147,126.9596424,37.4678309,71.56
3148,126.9591617,37.4676646,70.74
3149,126.9589769,37.4675864,70.23
3150,126.9587612,37.4676157,69.63
3151,126.9585948,37.4677135,67.76
3152,126.9586059,37.4677864,67.21
3153,126.9521161,37.4488689,203.02
3154,126.9521058,37.4490715,200.03
3155,126.9520965,37.4492078,197.71
3156,126.9521119,37.4486277,205.07
3157,126.952119,37.4484498,207.15
3158,126.9521172,37.4487932,203.57
3159,126.9519784,37.448784,203.26
3160,126.9520149,37.4487864,203.23
3161,126.9520404,37.4481824,210.0
3162,126.9520552,37.4481828,210.0
3163,126.9521755,37.4481767,210.0
3164,126.9527462,37.4481478,212.42
3165,126.9527255,37.4484366,209.12
3166,126.9521696,37.4484103,207.63
3167,126.9520971,37.4492533,196.56
3168,126.9521001,37.4494771,194.95
3169,126.9521035,37.4497326,192.17
3170,126.9520099,37.4494665,194.99
3171,126.9520029,37.44907,200.0
3172,126.9527124,37.4490881,200.25
3173,126.9527017,37.4492533,193.82
3174,126.9524049,37.4492618,191.54
3175,126.9523131,37.4492514,194.03
3176,126.9522043,37.4487903,204.38
3177,126.9470817,37.4479158,161.73
3178,126.9471583,37.4482409,158.63
3179,126.947161,37.4483729,157.4
3180,126.947295,37.4486041,155.68
3181,126.9471862,37.4487025,151.75
3182,126.9540039,37.4541521,153.1
3183,126.9539916,37.4540638,153.47
3184,126.9542541,37.4540699,155.38
3185,126.954352,37.4539869,157.84
3186,126.9543849,37.4539172,159.08
3187,126.9545062,37.4539134,162.83
3188,126.9545974,37.4539379,164.24
3189,126.9547187,37.4539492,164.38
3190,126.9547825,37.4539209,165.42
3191,126.9548562,37.4539262,165.93
3192,126.9549116,37.4539281,166.43
3193,126.9549612,37.4539193,167.45
3194,126.9550279,37.4538208,172.09
3195,126.9551967,37.453695,178.15
3196,126.955296,37.4536021,180.84
3197,126.955421,37.4535472,181.99
3198,126.9556878,37.4532138,191.44
3199,126.9559211,37.4531725,192.41
3200,126.956144,37.4531166,194.2
3201,126.9562299,37.4533325,190.88
3202,126.9561083,37.4535569,189.64
3203,126.9559291,37.4537026,189.07
3204,126.9557789,37.4537686,183.73
3205,126.9557111,37.4538467,181.98
3206,126.9557078,37.4539241,182.92
3207,126.9556542,37.4539709,181.72
3208,126.9556645,37.4540683,183.89
3209,126.9555643,37.4541157,181.62
3210,126.9554892,37.4542131,181.65
3211,126.9555603,37.4542807,184.29
3212,126.9555616,37.454334,185.22
3213,126.9554745,37.4544798,184.24
3214,126.9554476,37.454598,184.14
3215,126.9544888,37.4563238,160.64
3216,126.954547,37.4561291,160.32
3217,126.9509291,37.4476779,225.0
3218,126.950959,37.4477826,225.17
3219,126.9510969,37.4478349,228.86
3220,126.9512168,37.4478302,233.52
3221,126.9552756,37.4534817,182.44
3222,126.9565314,37.4567654,158.95
3223,126.9565659,37.4566612,160.01
3224,126.9566004,37.4566362,160.49
3225,126.9568522,37.4566602,160.76
3226,126.9569844,37.4565659,163.65
3227,126.9570327,37.4564234,165.0
3228,126.9570747,37.4560947,167.92
3229,126.9572327,37.4559213,174.13
3230,126.9572929,37.4557953,175.58
3231,126.9573158,37.455685,175.58
3232,126.9573857,37.4555111,175.99
3233,126.9576673,37.4550753,183.95
3234,126.9580474,37.4544606,197.08
3235,126.9582938,37.4542874,199.52
3236,126.9589414,37.4542538,206.63
3237,126.9591445,37.4541791,210.0
3238,126.9595635,37.4541583,218.9
3239,126.9601402,37.454186,224.32
3240,126.9605157,37.454203,226.5
3241,126.9608536,37.4541796,233.67
3242,126.961728,37.4538794,251.74
3243,126.9623986,37.4536047,260.0
3244,126.9630477,37.4532789,270.85
3245,126.9633535,37.4532576,271.62
3246,126.9636083,37.4531512,275.01
3247,126.9640723,37.4528169,285.39
3248,126.9642788,37.4525848,290.62
3249,126.9527177,37.448715,205.97
3250,126.9524447,37.4484724,207.32
3251,126.952466,37.448453,207.57
3252,126.9585161,37.4636328,101.35
3253,126.9587822,37.4637224,100.32
3254,126.9587718,37.4641034,98.73
3255,126.9590334,37.4641335,98.98
3256,126.9573572,37.4596906,142.91
3257,126.9580924,37.4618093,124.25
3258,126.9582963,37.4618859,123.5
3259,126.9584222,37.4619332,123.72
3260,126.9586983,37.462057,124.83
3261,126.9579048,37.4626415,117.75
3262,126.9577833,37.4629123,112.07
3263,126.9583764,37.4620761,122.94
3264,126.9582517,37.4619746,122.63
3265,126.9581497,37.4619746,122.47
3266,126.9581497,37.4620151,122.03
3267,126.9582546,37.4620241,122.44
3268,126.9582489,37.4620871,122.18
3269,126.9581383,37.4620893,121.55
3270,126.9581383,37.4621366,121.37
3271,126.9582375,37.4621546,121.87
3272,126.9582064,37.4622176,120.91
3273,126.9580901,37.4621861,120.71
3274,126.9580646,37.4622221,120.24
3275,126.9582007,37.4622738,120.19
3276,126.9588226,37.4616279,124.95
3277,126.9588612,37.4615583,125.0
3278,126.958881,37.4614998,125.0
3279,126.9588732,37.4614376,125.0
3280,126.958864,37.4613648,125.31
3281,126.9588406,37.4613156,125.68
3282,126.9587988,37.4612275,126.81
3283,126.9588612,37.4610948,130.2
3284,126.9587336,37.4610138,132.36
3285,126.9587393,37.4609733,134.54
3286,126.9586883,37.460881,135.02
3287,126.9586911,37.460836,135.35
3288,126.957374,37.4597197,142.47
3289,126.9574346,37.4599442,136.36
3290,126.9574716,37.4602203,130.0
3291,126.9576688,37.4602849,129.98
3292,126.9581323,37.4604609,130.0
3293,126.9581794,37.4605094,130.0
3294,126.958318,37.4630761,110.0
3295,126.9582924,37.4633874,105.0
3296,126.9586216,37.4630963,108.27
3297,126.9586577,37.4627537,112.67
3298,126.9586824,37.4625188,115.0
3299,126.9587575,37.4627545,109.68
3300,126.9585607,37.4634021,104.37
3301,126.9590827,37.463449,102.58
3302,126.9594414,37.4634727,102.84
3303,126.9591333,37.4631144,105.0
3304,126.9590572,37.4631065,104.65
3305,126.9590954,37.4627821,105.0
3306,126.9579264,37.4612067,125.19
3307,126.9577846,37.4614283,125.0
3308,126.9582486,37.4615318,125.61
3309,126.9572273,37.460683,130.01
3310,126.9573134,37.460753,129.91
3311,126.9577028,37.4605311,129.61
3312,126.9575791,37.4604884,129.72
3313,126.9575801,37.4607334,129.46
3314,126.957387,37.4613728,125.45
3315,126.9575738,37.4614392,125.0
3316,126.9575069,37.4615499,124.85
3317,126.9591617,37.4624251,120.0
3318,126.9590764,37.4623215,120.92
3319,126.9528015,37.454133,138.71
3320,126.9531175,37.454447,143.03
3321,126.9531712,37.454457,144.07
3322,126.953161,37.4545457,143.21
3323,126.9531387,37.4547652,144.33
3324,126.9531842,37.4547458,144.99
3325,126.9532183,37.454712,145.01
3326,126.9532737,37.4546884,145.32
3327,126.953329,37.4547019,145.69
3328,126.9533886,37.4547391,146.13
3329,126.9531314,37.4549995,143.74
3330,126.9531931,37.4551145,143.5
3331,126.95289,37.4553871,135.88
3332,126.9531341,37.4553892,137.83
3333,126.9491998,37.4696639,41.46
3334,126.9499472,37.4700506,46.39
3335,126.9506413,37.4703352,50.71
3336,126.9512111,37.470526,54.13
3337,126.9517539,37.4707195,57.42
3338,126.9526922,37.4709725,62.9
3339,126.9541228,37.4711258,70.88
3340,126.9560565,37.4711402,81.57
3341,126.9576154,37.4709281,90.31
3342,126.9581249,37.4707945,93.28
3343,126.982978,37.4699935,
3344,126.9809047,37.4696864,78.8
3345,126.9755508,37.4685705,78.8
3346,126.9724045,37.4679077,78.8
3347,126.9704856,37.4675537,78.8
3348,126.9684726,37.4675033,78.8
3349,126.9667761,37.4676892,78.8
3350,126.9651508,37.4681047,78.8
3351,126.9637606,37.4686777,78.8
3352,126.9608501,37.4701801,78.8
3353,126.9594794,37.4706876,78.8
3354,126.9585238,37.4710044,78.8
3355,126.9579292,37.4711503,78.8
3356,126.9504057,37.467934,73.77
3357,126.950864,37.4681647,77.84
3358,126.9512315,37.4684394,81.64
3359,126.9514932,37.4687006,84.43
3360,126.9517818,37.469058,88.36
3361,126.9520544,37.4697848,94.96
3362,126.952075,37.4698485,96.1
3363,126.9521052,37.4699417,97.24
3364,126.9524246,37.4709278,100.0
3365,126.9526534,37.4715462,94.23
3366,126.952843,37.4721046,90.0
3367,126.9529731,37.4725498,87.15
3368,126.9530511,37.4729631,84.41
3369,126.953061,37.4731472,82.32
3370,126.9530569,37.4733089,80.0
3371,126.9530472,37.4734819,79.15
3372,126.9529237,37.4742309,71.7
3373,126.9528714,37.4744913,69.69
3374,126.9526328,37.475679,
3375,126.9524221,37.4767284,
3376,126.9522773,37.4774515,
3377,126.9522273,37.4777681,
3378,126.9522152,37.477972,
3379,126.9522135,37.4781892,
3380,126.9522625,37.478677,
3381,126.9522915,37.4788638,
3382,126.9523468,37.4792209,
3383,126.9524928,37.4800174,
3384,126.9525165,37.4801952,
3385,126.9485154,37.469644,40.0
3386,126.9478019,37.4691984,39.98
3387,126.9478615,37.4694045,42.4
3388,126.9476857,37.4692763,43.38
3389,126.9475073,37.4691563,47.04
3390,126.9473712,37.4690569,47.06
3391,126.9472295,37.4689714,47.63
3392,126.9470687,37.4688952,50.0
3393,126.9468625,37.4688508,50.0
3394,126.9466591,37.4688475,50.9
3395,126.9464696,37.4688579,51.35
3396,126.9462889,37.4689196,51.01
3397,126.946273,37.468925,50.96
3398,126.9458424,37.4690963,50.25
3399,126.9668945,37.4749973,61.46
3400,126.9668277,37.4744667,57.35
3401,126.966805,37.4740613,58.69
3402,126.9667872,37.4739228,59.19
3403,126.9691266,37.4684872,111.97
3404,126.9448395,37.4693728,50.0
3405,126.9448281,37.4692775,50.38
3406,126.9448468,37.4692844,50.31
3407,126.9448669,37.4692886,50.25
3408,126.9448876,37.4692913,50.19
3409,126.944911,37.4692904,50.14
3410,126.9449344,37.469287,50.11
3411,126.9449581,37.4692794,50.09
3412,126.9449786,37.4692688,50.1
3413,126.9460116,37.4684765,50.8
3414,126.9460607,37.4684558,50.92
3415,126.946225,37.4683864,51.82
3416,126.9463003,37.4683696,51.81
3417,126.9464859,37.4683283,50.93
3418,126.9142522,37.4817299,
3419,126.9144779,37.4817719,110.0
3420,126.9146955,37.481791,110.0
3421,126.9149074,37.4817881,110.0
3422,126.9153252,37.4817597,110.0
3423,126.9156815,37.4817155,110.0
3424,126.9160373,37.4816545,110.0
3425,126.9170093,37.4814075,110.0
3426,126.917746,37.4811644,110.0
3427,126.9184708,37.4808914,110.0
3428,126.9191775,37.4805752,110.0
3429,126.9197449,37.4802707,110.0
3430,126.925766,37.476427,110.0
3431,126.9279597,37.4749412,110.0
3432,126.930656,37.473115,110.0
3433,126.9311279,37.4728653,110.0
3434,126.9340229,37.4715659,110.0
3435,126.9342835,37.4714302,110.0
3436,126.9345643,37.4713002,110.0
3437,126.9348411,37.4711846,110.0
3438,126.9351648,37.4710869,110.0
3439,126.9353556,37.471043,110.0
3440,126.9355454,37.4710124,110.0
3441,126.9359321,37.4709602,110.0
3442,126.9366994,37.4708625,110.0
3443,126.9377669,37.4707571,110.0
3444,126.9387802,37.4706305,110.0
3445,126.9393644,37.4705622,110.0
3446,126.9394922,37.4705496,110.0
3447,126.939622,37.470539,110.0
3448,126.939765,37.4705404,110.0
3449,126.9399065,37.4705504,110.0
3450,126.9422532,37.4707929,110.0
3451,126.9447165,37.4710545,110.0
3452,126.9449778,37.4710423,110.0
3453,126.9452303,37.4710227,110.0
3454,126.9454721,37.4709776,110.0
3455,126.9457085,37.4709154,110.0
3456,126.9459556,37.4708277,110.0
3457,126.9463158,37.4706437,110.0
3458,126.9465844,37.4705283,110.0
3459,126.9468155,37.4704512,110.0
3460,126.9474566,37.4702629,110.0
3461,126.9481192,37.4701256,110.0
3462,126.9487711,37.4700267,110.0
3463,126.949423,37.4699703,110.0
3464,126.9504048,37.4699384,110.0
3465,126.9508682,37.4699435,110.0
3466,126.9513867,37.4699492,108.83
3467,126.9517958,37.4699693,107.9
3468,126.9522049,37.4699981,106.97
3469,126.9526059,37.4700374,106.06
3470,126.9530176,37.4701023,105.11
3471,126.9561237,37.4708116,97.81
3472,126.9565793,37.4708418,96.78
3473,126.957159,37.4708515,95.47
3474,126.9560198,37.4715589,86.71
3475,126.9545074,37.4717558,92.84
3476,126.9529095,37.4718252,99.24
3477,126.9518547,37.4718342,103.46
3478,126.950808,37.4718347,107.65
3479,126.9497613,37.4717671,111.85
3480,126.9479796,37.4715548,119.06
3481,126.9422382,37.4708706,119.06
3482,126.939895,37.4706339,119.06
3483,126.9397596,37.4706244,119.06
3484,126.9396268,37.470623,119.06
3485,126.9395042,37.4706331,119.06
3486,126.9393786,37.4706455,119.06
3487,126.9387961,37.4707135,119.06
3488,126.9377817,37.4708403,119.06
3489,126.9367143,37.4709457,119.06
3490,126.9359493,37.4710431,119.06
3491,126.9355649,37.4710951,119.06
3492,126.9353808,37.4711247,119.06
3493,126.9351984,37.4711666,119.06
3494,126.9348847,37.4712614,119.06
3495,126.9346157,37.4713737,119.06
3496,126.9343392,37.4715016,119.06
3497,126.9340708,37.4716415,119.06
3498,126.9311765,37.4729292,119.06
3499,126.9307127,37.4731746,119.06
3500,126.9258259,37.4764844,119.06
3501,126.9198008,37.4803307,119.06
3502,126.919227,37.4806386,119.06
3503,126.9185141,37.4809576,119.06
3504,126.9177842,37.4812325,119.06
3505,126.9170417,37.4814776,119.06
3506,126.9160616,37.4817266,119.06
3507,126.9156987,37.4817889,119.06
3508,126.9153364,37.4818338,119.06
3509,126.9149122,37.4818626,119.06
3510,126.9146925,37.4818656,119.06
3511,126.9144596,37.4818515,119.06
3512,126.9142335,37.4818214,
3513,126.946361,37.4674752,46.09
3514,126.9447637,37.4699223,49.86
3515,126.9446872,37.4699806,48.64
3516,126.9444419,37.4701695,46.69
3517,126.944349,37.4702411,46.8
3518,126.9435506,37.4707444,46.71
3519,126.9434032,37.4708047,46.06
3520,126.9432804,37.4708418,46.33
3521,126.9432389,37.4708544,46.32
3522,126.9430552,37.470894,48.24
3523,126.9429161,37.4709168,50.0
3524,126.9427706,37.4709369,48.34
3525,126.9426214,37.4709489,46.65
3526,126.9424813,37.4709521,47.15
3527,126.9414282,37.4708464,44.73
3528,126.9413569,37.4708377,44.7
3529,126.939695,37.4706765,43.38
3530,126.9396646,37.4706766,43.36
3531,126.9395288,37.4706773,43.25
3532,126.9393625,37.4706952,43.06
3533,126.9389013,37.470748,42.54
3534,126.9463965,37.4686781,50.0
3535,126.9453167,37.4694993,50.15
3536,126.9452819,37.469526,50.15
3537,126.9451834,37.4696015,50.1
3538,126.9462015,37.4685401,50.0
3539,126.9466085,37.4682431,50.87
3540,126.9471155,37.4676273,52.91
3541,126.947171,37.4675019,54.44
3542,126.9472284,37.4674384,55.0
3543,126.9472977,37.4673691,55.0
3544,126.947377,37.4673061,55.0
3545,126.9474867,37.4672402,55.1
3546,126.9476142,37.4671761,55.19
3547,126.9477297,37.4671248,55.04
3548,126.9478475,37.4670806,55.59
3549,126.9480373,37.4670355,56.87
3550,126.9480652,37.4670303,57.04
3551,126.9481616,37.4670166,57.46
3552,126.9482591,37.4670097,57.87
3553,126.9483565,37.4670042,58.3
3554,126.9573059,37.4712586,76.24
3555,126.9566576,37.4713447,73.61
3556,126.9560234,37.4714278,71.04
3557,126.9537924,37.4714189,62.12
3558,126.9527981,37.4712427,58.04
3559,126.9515104,37.4709512,52.68
3560,126.9503877,37.4705825,47.82
3561,126.9499778,37.4703809,45.89
3562,126.9493789,37.4701211,43.16
3563,126.9592387,37.4705111,97.1
3564,126.9611633,37.4696415,104.34
3565,126.9636587,37.4683409,114.1
3566,126.9655998,37.4676172,114.1
3567,126.9665777,37.4674141,114.1
3568,126.9674307,37.4672438,114.1
3569,126.9682322,37.4671863,114.1
3570,126.9691801,37.4671335,114.1
3571,126.9709304,37.4672957,114.1
3572,126.9732859,37.4678099,114.1
3573,126.9806473,37.4692772,114.1
3574,126.9831179,37.4696776,
3575,126.9480813,37.4677304,55.0
3576,126.9478449,37.4678061,55.0
3577,126.9476194,37.4678996,54.96
3578,126.9486114,37.4684923,64.16
3579,126.9483793,37.4683407,60.0
3580,126.9483235,37.4680318,59.25
3581,126.9483306,37.4679955,59.35
3582,126.9483462,37.4679637,59.41
3583,126.9483748,37.467937,59.27
3584,126.9484091,37.4679195,59.37
3585,126.9486616,37.4678486,60.0
3586,126.9487558,37.4678347,60.0
3587,126.949098,37.467834,64.61
3588,126.9448221,37.4692775,50.39
3589,126.9448345,37.4692865,50.33
3590,126.9448473,37.4692946,50.26
3591,126.9448625,37.4693026,50.19
3592,126.9448754,37.4693084,50.14
3593,126.9448888,37.4693133,50.09
3594,126.9449036,37.4693175,50.04
3595,126.944919,37.4693208,50.01
3596,126.9449335,37.469322,50.0
3597,126.9449481,37.4693219,50.0
3598,126.9449626,37.4693208,50.0
3599,126.9449775,37.4693189,50.0
3600,126.944992,37.4693166,50.0
3601,126.945007,37.469314,50.0
3602,126.9450208,37.4693108,50.0
3603,126.9647955,37.4705178,78.11
3604,126.9650719,37.4701122,79.68
3605,126.9648742,37.4692354,87.35
3606,126.9641326,37.4693465,91.13
3607,126.9639766,37.4695284,90.16
3608,126.9642885,37.4707512,82.49
3609,126.9645912,37.4706914,79.24
3610,126.94807,37.4669511,56.97
3611,126.9481009,37.4667999,56.86
3612,126.9482188,37.4667408,57.28
3613,126.9483436,37.466783,57.89
3614,126.9484207,37.4668128,58.28
3615,126.9485095,37.4668716,58.78
3616,126.9485473,37.4669051,59.01
3617,126.948634,37.4669727,59.47
3618,126.9486916,37.4670231,59.78
3619,126.9491553,37.4672754,63.36
3620,126.949194,37.4673038,63.59
3621,126.9492097,37.4673175,63.67
3622,126.9492229,37.467332,63.75
3623,126.9492321,37.4673436,63.8
3624,126.9492397,37.4673552,63.84
3625,126.9492442,37.4673659,63.86
3626,126.9492463,37.4673772,63.87
3627,126.9492463,37.4673892,63.87
3628,126.9492449,37.4674013,63.86
3629,126.9489786,37.4674431,62.35
3630,126.9484517,37.4674502,57.9
3631,126.9483758,37.4674418,57.33
3632,126.9483378,37.4674349,57.05
3633,126.9483015,37.4674253,56.81
3634,126.9482686,37.4674125,56.61
3635,126.9482356,37.4673984,56.53
3636,126.9482078,37.4673808,56.64
3637,126.9481816,37.467362,56.67
3638,126.9481534,37.4673391,56.7
3639,126.9481286,37.4673149,56.75
3640,126.9481063,37.4672907,56.81
3641,126.9480874,37.4672638,56.89
3642,126.9480235,37.4671454,56.67
3643,126.9484425,37.4670034,58.69
3644,126.9485267,37.4670069,59.08
3645,126.9491159,37.467151,63.45
3646,126.9494116,37.4673034,64.89
3647,126.9494916,37.4673519,65.0
3648,126.9498633,37.4675774,69.14
3649,126.9475215,37.4673487,55.0
3650,126.9475471,37.4673329,55.0
3651,126.9475768,37.4673204,55.0
3652,126.9476075,37.4673095,55.0
3653,126.9476397,37.4673039,55.01
3654,126.9476731,37.4673021,55.01
3655,126.9476915,37.4673025,55.01
3656,126.9477084,37.4673046,55.01
3657,126.9477251,37.4673101,55.0
3658,126.9477395,37.4673191,55.0
3659,126.9477481,37.4673306,55.0
3660,126.9477529,37.4673448,55.0
3661,126.9477541,37.4673595,55.0
3662,126.9477595,37.4675502,55.02
3663,126.9477575,37.4675621,55.02
3664,126.9477536,37.4675739,55.02
3665,126.9477477,37.4675858,55.01
3666,126.9477389,37.4675976,54.96
3667,126.9477201,37.4676178,54.77
3668,126.947704,37.4676521,54.65
3669,126.9478065,37.4673031,55.15
3670,126.9479947,37.4673005,56.39
3671,126.9478413,37.4668886,55.73
3672,126.9478787,37.4668189,55.94
3673,126.9479068,37.4667909,56.01
3674,126.9479626,37.4667629,56.21
3675,126.9480262,37.4667351,56.44
3676,126.948801,37.4677925,60.05
3677,126.948667,37.4678076,60.0
3678,126.9487469,37.4677986,60.0
3679,126.9478975,37.4682203,56.27
3680,126.9480845,37.4679879,56.35
3681,126.9483586,37.4678815,58.18
3682,126.9475019,37.4681263,55.0
3683,126.9486522,37.4676529,59.25
3684,126.9485939,37.4675974,58.58
3685,126.9462943,37.4682688,52.92
3686,126.9590507,37.4636608,100.58
3687,126.9704129,37.4470705,555.0
3688,126.9704569,37.446965,549.79
3689,126.9705233,37.4468299,542.51
3690,126.9705849,37.4467668,537.65
3691,126.97068,37.4466998,532.79
3692,126.9707082,37.4466628,530.86
3693,126.9707698,37.4466159,528.23
3694,126.970852,37.4465996,523.69
3695,126.9709521,37.4465874,519.09
3696,126.9710317,37.4465655,515.88
3697,126.9710805,37.446463,514.06
3698,126.971119,37.4464161,510.55
3699,126.9711798,37.4463833,506.85
3700,126.9713035,37.446335,499.93
3701,126.9715199,37.4461603,489.99
3702,126.9717485,37.4461099,484.67
3703,126.9720158,37.4460676,482.45
3704,126.9722182,37.4459262,475.65
3705,126.9727834,37.4454922,457.42
3706,126.9730201,37.445364,461.47
3707,126.9732421,37.4453215,455.07
3708,126.973452,37.4452235,456.05
3709,126.9735819,37.4450801,453.93
3710,126.973843,37.4447259,445.0
3711,126.9740307,37.4446691,445.0
3712,126.9742525,37.4445687,444.3
3713,126.9743948,37.4444631,441.53
3714,126.9744772,37.4443943,437.78
3715,126.9746298,37.4442069,426.71
3716,126.9749332,37.4439318,420.0
3717,126.9750732,37.443868,
3718,126.9751605,37.4437605,
3719,126.9753427,37.4437081,
3720,126.9755841,37.443656,
3721,126.9758445,37.4437072,
3722,126.9759881,37.4436791,
3723,126.9760951,37.443656,
3724,126.9764587,37.4434581,
3725,126.9765812,37.4434367,
3726,126.9768423,37.4434315,
3727,126.9769998,37.4433694,
3728,126.9771615,37.4433175,
3729,126.9773267,37.4432789,
3730,126.9774082,37.4431855,
3731,126.9774919,37.4431076,
3732,126.9776137,37.4430496,
3733,126.9778197,37.4427723,
3734,126.9779322,37.4426193,
3735,126.9779989,37.4424976,
3736,126.9780555,37.4424471,
3737,126.9781738,37.4423938,
3738,126.9782519,37.442336,
3739,126.9783433,37.4422789,
3740,126.9784355,37.4422626,
3741,126.9785682,37.4422614,
3742,126.9787153,37.4422595,
3743,126.978821,37.4422951,
3744,126.9789018,37.4422867,
3745,126.9791209,37.442125,
3746,126.9792687,37.4420393,
3747,126.9793876,37.4419003,
3748,126.9794498,37.4417699,
3749,126.9794741,37.441663,
3750,126.9796962,37.4415116,
3751,126.9798142,37.4414201,
3752,126.9799626,37.4412792,
3753,126.9801253,37.4411198,
3754,126.980293,37.4409946,
3755,126.9804887,37.4409004,
3756,126.9806836,37.4408238,
3757,126.9811057,37.4407008,
3758,126.9812317,37.440672,
3759,126.9813189,37.4406486,
3760,126.9814134,37.4405874,
3761,126.9814513,37.4405363,
3762,126.9814861,37.4404899,
3763,126.9815657,37.4402669,
3764,126.9816072,37.4401455,
3765,126.9816165,37.4400521,
3766,126.9815918,37.4395562,
3767,126.9816421,37.4393873,
3768,126.981872,37.4391176,
3769,126.9822028,37.4387385,
3770,126.9823717,37.4385983,
3771,126.9824588,37.4385621,
3772,126.9825547,37.4385613,
3773,126.9826882,37.4385759,
3774,126.9828385,37.4386192,
3775,126.9830006,37.4386782,
3776,126.9832199,37.4387229,
3777,126.9834553,37.4387463,
3778,126.9837349,37.4387662,
3779,126.9839233,37.4387708,
3780,126.9841254,37.4387385,
3781,126.984394,37.4386281,
3782,126.9846661,37.4384863,
3783,126.9848058,37.4383683,
3784,126.9850153,37.4381454,
3785,126.9850579,37.4379125,
3786,126.9850674,37.4377337,
3787,126.9850928,37.4376889,
3788,126.985082,37.4375899,
3789,126.9849814,37.4373801,
3790,126.9849962,37.4373173,
3791,126.9850052,37.43726,
3792,126.9850994,37.4371224,
3793,126.9851907,37.4370372,
3794,126.9852027,37.4370095,
3795,126.9852309,37.4369413,
3796,126.9852336,37.4368423,
3797,126.9852027,37.4367752,
3798,126.9851468,37.4366326,
3799,126.985099,37.4362548,
3800,126.98507,37.4359958,
3801,126.9850135,37.4358304,
3802,126.9850042,37.4357029,
3803,126.9850498,37.4356103,
3804,126.9851194,37.4355253,
3805,126.9853543,37.4352344,
3806,126.9854401,37.4351183,
3807,126.9854696,37.4350491,
3808,126.9854815,37.4349901,
3809,126.9855098,37.4346753,
3810,126.9854952,37.4344852,
3811,126.9855031,37.4343739,
3812,126.9856111,37.4342576,
3813,126.9856803,37.4341538,
3814,126.98566,37.4340821,
3815,126.9856721,37.4340097,
3816,126.9856627,37.433965,
3817,126.9856372,37.4339405,
3818,126.9855776,37.4338805,
3819,126.985524,37.433827,
3820,126.9854059,37.4337093,
3821,126.9646007,37.4518906,308.9
3822,126.964826,37.4508387,337.58
3823,126.9655824,37.4502084,350.0
3824,126.9660062,37.4501062,360.62
3825,126.9665694,37.4496293,379.37
3826,126.9666633,37.4494994,381.86
3827,126.9668725,37.4493972,394.25
3828,126.9670818,37.449329,402.81
3829,126.9675162,37.4491416,415.92
3830,126.9678354,37.4489649,428.34
3831,126.9680982,37.4487476,436.01
3832,126.9683611,37.4482324,448.79
3833,126.9687474,37.447815,474.38
3834,126.9688171,37.4474232,491.51
3835,126.9688761,37.4473295,497.47
3836,126.9688547,37.4471038,510.71
3837,126.9556042,37.4390778,410.42
3838,126.9555266,37.4394609,402.19
3839,126.9554665,37.4398084,389.94
3840,126.9554821,37.4399388,385.53
3841,126.9554408,37.4401083,378.28
3842,126.9553721,37.4404422,362.4
3843,126.9552262,37.4406944,348.45
3844,126.9551747,37.4410351,338.98
3845,126.9550546,37.4412259,334.21
3846,126.9547799,37.441444,327.37
3847,126.9544795,37.4416416,318.55
3848,126.9541405,37.4418682,309.13
3849,126.9540246,37.441921,305.18
3850,126.9537485,37.4421505,296.95
3851,126.9536519,37.4421377,294.46
3852,126.9534742,37.4419581,290.81
3853,126.9534561,37.4421037,289.97
3854,126.9534007,37.4421718,288.77
3855,126.9529002,37.4423572,280.21
3856,126.9525483,37.4425207,270.18
3857,126.9522892,37.4426455,266.69
3858,126.9521256,37.4426348,262.75
3859,126.9519192,37.442585,260.0
3860,126.9517426,37.4425377,255.44
3861,126.9514754,37.4425684,250.0
3862,126.9509776,37.4426843,239.25
3863,126.9506734,37.4427899,235.0
3864,126.9503178,37.4428806,229.99
3865,126.9499908,37.4428728,226.71
3866,126.9499183,37.4430407,225.0
3867,126.9497788,37.4431706,222.99
3868,126.9496472,37.4432158,221.13
3869,126.9494301,37.4433452,217.53
3870,126.9492208,37.4434543,217.33
3871,126.9489863,37.4435565,213.82
3872,126.94884,37.4437051,210.03
3873,126.9488179,37.4438793,208.36
3874,126.9488105,37.4441097,204.79
3875,126.9486945,37.4442312,201.83
3876,126.948504,37.4445285,199.2
3877,126.9484108,37.4446655,197.08
3878,126.9481924,37.4447384,191.58
3879,126.9480314,37.4447772,189.99
3880,126.9478255,37.4449905,185.0
3881,126.9476572,37.4450637,181.14
3882,126.9476045,37.4451443,180.68
3883,126.9475279,37.4453387,180.0
3884,126.9694373,37.4431512,389.33
3885,126.9694167,37.4432645,391.96
3886,126.9693568,37.4433212,393.94
3887,126.9690639,37.4434304,399.59
3888,126.968904,37.4435676,407.45
3889,126.9685745,37.4436825,415.38
3890,126.9684974,37.4437416,418.87
3891,126.9684711,37.4438094,420.2
3892,126.9682869,37.4439882,428.4
3893,126.9682394,37.4441106,434.45
3894,126.968215,37.4441309,435.25
3895,126.9680918,37.4441391,435.5
3896,126.968066,37.4441548,436.25
3897,126.9679249,37.4442818,442.3
3898,126.9678427,37.444398,447.48
3899,126.9678222,37.4445203,453.59
3900,126.9677506,37.4446031,458.15
3901,126.9676861,37.4446936,463.39
3902,126.9676681,37.4448404,471.17
3903,126.9675705,37.4450034,476.93
3904,126.9675526,37.4450666,481.52
3905,126.9675607,37.4451302,485.99
3906,126.9593384,37.4407928,535.0
3907,126.9590807,37.4409579,524.84
3908,126.9588822,37.4410772,520.0
3909,126.9587441,37.4411571,519.69
3910,126.9586569,37.4412944,520.0
3911,126.958618,37.4414573,517.67
3912,126.9586056,37.4415162,512.53
3913,126.9585791,37.4416416,498.43
3914,126.9586006,37.4420632,480.0
3915,126.9585979,37.4423251,480.0
3916,126.9585657,37.4424082,482.34
3917,126.9584852,37.442504,480.02
3918,126.9584799,37.4427106,474.39
3919,126.9583645,37.442898,473.84
3920,126.9577959,37.4431152,464.93
3921,126.9570154,37.4433559,447.44
3922,126.9568115,37.443375,438.31
3923,126.9566318,37.4433835,429.48
3924,126.9564173,37.4434602,414.61
3925,126.9560283,37.4435646,395.02
3926,126.9558915,37.4435965,387.73
3927,126.9557843,37.4435347,388.5
3928,126.955732,37.4435294,387.2
3929,126.9556797,37.4435709,385.2
3930,126.9556233,37.4437158,376.48
3931,126.9554973,37.4438286,370.08
3932,126.9554906,37.4438882,368.06
3933,126.9553296,37.4439798,362.34
3934,126.9552921,37.4440171,360.3
3935,126.9552143,37.4440831,357.75
3936,126.954993,37.4444483,338.51
3937,126.9549018,37.4445335,332.0
3938,126.9548187,37.444574,328.74
3939,126.9546872,37.4446634,324.51
3940,126.9545692,37.4446549,322.01
3941,126.9544941,37.4446869,320.0
3942,126.954411,37.4447379,319.1
3943,126.95425,37.4447635,314.86
3944,126.9540381,37.4449424,308.84
3945,126.9538692,37.4451383,301.33
3946,126.9537404,37.4453107,293.28
3947,126.9536734,37.4453672,289.74
3948,126.9536519,37.4453853,288.34
3949,126.953609,37.4454556,284.56
3950,126.9535446,37.4455578,278.39
3951,126.9535281,37.4458979,260.78
3952,126.955571,37.4531639,193.34
3953,126.9554758,37.4530777,195.78
3954,126.9554047,37.4530362,195.53
3955,126.9553202,37.4529574,197.46
3956,126.9551982,37.4529297,197.96
3957,126.9550842,37.452868,198.8
3958,126.9549944,37.4528104,200.21
3959,126.9549353,37.4528179,200.26
3960,126.9547999,37.4528658,200.09
3961,126.9546363,37.4528807,199.04
3962,126.9544834,37.4528105,201.53
3963,126.9543841,37.4527061,205.33
3964,126.9541267,37.4526146,201.78
3965,126.9538611,37.4522526,200.15
3966,126.9537887,37.4520716,204.21
3967,126.9540328,37.4515031,200.04
3968,126.9543546,37.4512816,212.26
3969,126.9544351,37.4511709,216.2
3970,126.9544834,37.45086,238.47
3971,126.9547033,37.4506832,251.9
3972,126.9547489,37.4505087,247.72
3973,126.9548348,37.4502723,247.35
3974,126.9548267,37.4500381,247.89
3975,126.9547677,37.4498166,254.27
3976,126.9546283,37.4497932,251.8
3977,126.9544914,37.4498272,251.35
3978,126.9543948,37.4498081,253.14
3979,126.954309,37.4496953,257.12
3980,126.95425,37.4496037,256.13
3981,126.9542071,37.4495345,254.93
3982,126.954081,37.4494632,252.16
3983,126.9501204,37.4469807,210.88
3984,126.9501345,37.4470048,210.25
3985,126.9502098,37.4470096,210.04
3986,126.950285,37.44704,207.93
3987,126.9503305,37.4470706,205.65
3988,126.9503918,37.4470743,206.8
3989,126.9504356,37.4470792,207.65
3990,126.9583458,37.4478491,455.15
3991,126.9581973,37.4477205,446.93
3992,126.9577445,37.4475438,433.39
3993,126.9574077,37.4475339,427.73
3994,126.9572048,37.4475012,421.72
3995,126.9570128,37.4474206,411.37
3996,126.9567807,37.447255,405.16
3997,126.9566394,37.4471966,400.0
3998,126.9562403,37.4471208,385.0
3999,126.9556856,37.4470731,375.0
4000,126.9554507,37.4471072,373.76
4001,126.9553268,37.4471191,369.53
4002,126.9551754,37.4470016,365.63
4003,126.9550044,37.4469368,360.28
4004,126.9546954,37.4468346,343.42
4005,126.9545263,37.4467545,330.29
4006,126.9543177,37.4467256,319.56
4007,126.9541427,37.4467056,309.41
4008,126.9539229,37.4466285,300.39
4009,126.9536214,37.4464867,286.98
4010,126.9534239,37.4464458,274.21
4011,126.9532013,37.446301,264.12
4012,126.9530967,37.4462754,259.44
4013,126.9529786,37.4462695,256.38
4014,126.957348,37.4487604,420.34
4015,126.9572863,37.4488542,418.63
4016,126.9573064,37.4489308,415.01
4017,126.9573051,37.4491161,407.01
4018,126.9572045,37.4492428,395.21
4019,126.9572675,37.4492886,394.72
4020,126.957234,37.4494312,384.81
4021,126.9571884,37.4495058,384.21
4022,126.9571871,37.4495782,384.71
4023,126.9571401,37.4496452,387.35
4024,126.9570597,37.4496878,383.17
4025,126.9570584,37.449724,382.95
4026,126.9570114,37.449757,380.14
4027,126.9570369,37.4498198,380.0
4028,126.9570033,37.4499135,380.0
4029,126.9569363,37.4499689,379.44
4030,126.9570073,37.4500104,380.0
4031,126.9569738,37.4501265,368.44
4032,126.9570194,37.4502361,365.0
4033,126.9570006,37.4503256,365.0
4034,126.9570101,37.450349,365.2
4035,126.9570207,37.4504065,365.52
4036,126.9570355,37.4504682,362.38
4037,126.9569792,37.4504607,362.76
4038,126.956931,37.4504746,360.26
4039,126.9568733,37.450481,355.08
4040,126.9567941,37.4504341,351.63
4041,126.9566399,37.4504937,335.77
4042,126.9565514,37.4505853,324.02
4043,126.956444,37.4506971,317.22
4044,126.9559036,37.4508792,303.58
4045,126.9558004,37.4509995,300.0
4046,126.9557065,37.4516181,298.28
4047,126.9556046,37.4517384,287.59
4048,126.9553632,37.4517522,269.8
4049,126.9551767,37.451881,257.19
4050,126.9549099,37.4519609,240.87
4051,126.9548026,37.4521067,233.58
4052,126.9546188,37.4521962,223.87
4053,126.9545169,37.4523037,225.12
4054,126.9544888,37.4523644,225.08
4055,126.9545397,37.4524985,218.16
4056,126.9543345,37.4528243,199.42
4057,126.9542514,37.4529531,190.86
4058,126.9540703,37.453017,184.57
4059,126.9538464,37.4531575,171.93
4060,126.9537404,37.4532896,164.75
4061,126.9536626,37.4534705,155.56
4062,126.9536045,37.4536051,149.94
4063,126.9651827,37.4459411,567.41
4064,126.9651465,37.4459645,567.98
4065,126.965058,37.4460082,566.71
4066,126.9649963,37.4460209,566.05
4067,126.9649266,37.446039,565.11
4068,126.9648474,37.4460625,564.47
4069,126.9647988,37.4460938,563.62
4070,126.9646946,37.4462145,559.76
4071,126.9646999,37.4462893,557.29
4072,126.9646798,37.4463393,555.53
4073,126.9647013,37.4463925,555.0
4074,126.9647227,37.4464756,553.97
4075,126.9647805,37.4465621,550.34
4076,126.9647482,37.4467907,545.75
4077,126.9646637,37.4468429,545.0
4078,126.9646235,37.4469175,544.85
4079,126.9646208,37.4469771,544.27
4080,126.9645993,37.4470314,540.9
4081,126.964524,37.4470748,540.0
4082,126.9644022,37.447157,534.19
4083,126.9643982,37.4472592,529.91
4084,126.9643256,37.447407,520.81
4085,126.9642091,37.4475467,520.04
4086,126.9642272,37.4476915,520.5
4087,126.9642466,37.4478076,520.0
4088,126.9642667,37.4479151,519.69
4089,126.9643378,37.4479406,516.87
4090,126.9644147,37.4480942,514.98
4091,126.9644465,37.4481728,512.19
4092,126.9644119,37.4482699,510.0
4093,126.9643445,37.4483176,510.0
4094,126.9642708,37.4483793,505.0
4095,126.964256,37.4484262,505.0
4096,126.9641943,37.4485156,503.82
4097,126.9641636,37.4486029,497.68
4098,126.9640295,37.4487094,489.39
4099,126.9635659,37.4487809,468.53
4100,126.9633214,37.4488993,469.81
4101,126.9631583,37.4491037,470.55
4102,126.9630724,37.449401,461.3
4103,126.9628733,37.4495824,446.59
4104,126.9626122,37.4497145,430.84
4105,126.9621669,37.4497767,414.66
4106,126.9618236,37.4499853,396.94
4107,126.9617678,37.4500849,392.37
4108,126.9617093,37.4502297,390.0
4109,126.9615618,37.4503618,381.49
4110,126.9613552,37.4505662,375.0
4111,126.9613473,37.4507868,374.66
4112,126.9613285,37.4513988,368.19
4113,126.9613311,37.4516223,365.0
4114,126.9612791,37.4517645,360.53
4115,126.9610843,37.4519439,354.61
4116,126.960835,37.452095,344.71
4117,126.9602572,37.4524357,318.85
4118,126.9599482,37.4527832,298.21
4119,126.9597781,37.4528786,292.14
4120,126.959504,37.4529442,280.3
4121,126.9590041,37.4531784,269.97
4122,126.9587294,37.4532602,265.0
4123,126.9584805,37.4534237,258.54
4124,126.9580599,37.4536417,253.25
4125,126.9575836,37.4538521,253.96
4126,126.9571426,37.4540455,247.13
4127,126.9569081,37.4542413,239.01
4128,126.9566781,37.4544542,240.0
4129,126.9565571,37.4547645,235.0
4130,126.9565285,37.4549323,230.0
4131,126.9564391,37.455073,224.1
4132,126.956369,37.4551952,214.51
4133,126.9564375,37.4553622,207.44
4134,126.9564629,37.4554444,204.45
4135,126.9564559,37.4555027,201.64
4136,126.9563381,37.4555508,200.0
4137,126.9562671,37.455703,198.86
4138,126.9562731,37.4558018,199.49
4139,126.9561584,37.4558265,193.36
4140,126.9559949,37.4557941,184.32
4141,126.9690716,37.4594475,362.92
4142,126.969319,37.459494,363.55
4143,126.9693187,37.4593982,361.53
4144,126.9692758,37.4592981,359.19
4145,126.9691627,37.4590853,348.45
4146,126.9690757,37.4587552,333.83
4147,126.9690518,37.4586455,331.3
4148,126.96897,37.4585423,333.19
4149,126.968932,37.4584401,333.78
4150,126.9689257,37.4583315,334.25
4151,126.9688484,37.458248,338.09
4152,126.9688748,37.4581878,336.16
4153,126.9688453,37.4581218,337.51
4154,126.9687623,37.458017,341.55
4155,126.9686374,37.4578226,339.07
4156,126.968561,37.4577215,333.29
4157,126.9684337,37.4576332,331.44
4158,126.9684215,37.4575884,329.73
4159,126.9683819,37.45758,330.35
4160,126.9683081,37.4574164,324.79
4161,126.9683425,37.4572324,315.12
4162,126.9683596,37.456994,305.33
4163,126.9683854,37.4567623,302.49
4164,126.9684282,37.456674,300.0
4165,126.9684846,37.4565901,297.67
4166,126.9685646,37.4565188,295.1
4167,126.9685874,37.456471,295.0
4168,126.9688832,37.456299,307.56
4169,126.9689472,37.4562268,311.61
4170,126.9689512,37.4561683,314.01
4171,126.9689418,37.4560916,315.0
4172,126.9689192,37.4560346,315.0
4173,126.9688198,37.4558819,318.48
4174,126.9687394,37.4557169,325.0
4175,126.9687071,37.455653,326.94
4176,126.9686843,37.4555806,328.93
4177,126.9686834,37.4555097,330.0
4178,126.9686429,37.4550999,342.31
4179,126.9686294,37.4549397,351.86
4180,126.9686499,37.4547932,358.63
4181,126.9687447,37.4546821,364.92
4182,126.9688238,37.4546235,368.82
4183,126.9690205,37.4544866,379.39
4184,126.969088,37.4544383,383.5
4185,126.9691618,37.4543457,390.55
4186,126.9692463,37.4542243,400.02
4187,126.9693467,37.454123,410.93
4188,126.9696095,37.4538977,431.89
4189,126.9697358,37.4538112,437.96
4190,126.9698788,37.4537576,444.24
4191,126.9702479,37.4536417,455.0
4192,126.9702726,37.4536242,455.01
4193,126.970411,37.4535259,455.0
4194,126.9704989,37.4534131,456.17
4195,126.9705445,37.4533236,460.13
4196,126.9705102,37.4531541,460.0
4197,126.9703887,37.452958,460.09
4198,126.9702713,37.4527721,455.0
4199,126.9702736,37.4525667,455.0
4200,126.9702908,37.4523676,460.0
4201,126.9703586,37.4521253,460.0
4202,126.9704453,37.4519179,465.0
4203,126.9705625,37.4515921,470.24
4204,126.9705445,37.4512497,465.0
4205,126.9705874,37.4511954,466.07
4206,126.9706464,37.4511464,467.34
4207,126.9706719,37.4509154,469.07
4208,126.9707095,37.4507519,477.41
4209,126.9707604,37.4506641,481.73
4210,126.9708033,37.4505747,484.49
4211,126.9708139,37.4504693,488.83
4212,126.9707952,37.4504001,489.96
4213,126.9707671,37.4503628,489.9
4214,126.9706268,37.4501812,485.0
4215,126.9704437,37.4500147,485.64
4216,126.9702428,37.4498909,492.37
4217,126.9699751,37.4496987,500.48
4218,126.9698273,37.4496284,504.94
4219,126.9697413,37.4494574,505.1
4220,126.9690099,37.4594437,363.29
4221,126.9690926,37.4595469,364.37
4222,126.9691535,37.4596359,364.34
4223,126.9692043,37.4596951,360.97
4224,126.9692639,37.4597417,357.92
4225,126.9693163,37.4597751,355.5
4226,126.9693692,37.4598989,350.19
4227,126.969404,37.4598774,349.3
4228,126.9694383,37.4599911,345.25
4229,126.9694608,37.4600901,342.58
4230,126.9695123,37.4601513,339.58
4231,126.9695425,37.4601917,337.69
4232,126.9695688,37.4602317,336.35
4233,126.9695835,37.4602767,335.4
4234,126.9695849,37.4603068,335.22
4235,126.9695678,37.4603552,335.07
4236,126.9695757,37.4603597,334.69
4237,126.9695869,37.4603834,333.57
4238,126.9695912,37.4604186,332.27
4239,126.9696667,37.4605337,326.94
4240,126.9696656,37.4606176,326.77
4241,126.969678,37.4606893,325.0
4242,126.9697374,37.4607633,324.96
4243,126.9698095,37.4608268,324.47
4244,126.9698602,37.4609025,325.08
4245,126.9698597,37.4609534,326.36
4246,126.9699062,37.4610274,325.07
4247,126.9699306,37.4611442,325.89
4248,126.9700098,37.4612061,325.0
4249,126.970097,37.4612567,325.0
4250,126.9703814,37.4614305,322.88
4251,126.9705425,37.4615139,320.0
4252,126.9706292,37.4616114,322.61
4253,126.9706983,37.4616645,320.47
4254,126.9707682,37.4617436,320.0
4255,126.9708726,37.4618844,320.0
4256,126.9709478,37.4620091,320.16
4257,126.9710765,37.4621144,322.01
4258,126.9693223,37.4469546,530.6
4259,126.9693958,37.4470176,526.71
4260,126.9694434,37.4470993,523.44
4261,126.9694714,37.4471797,525.7
4262,126.9695328,37.4472678,529.12
4263,126.9695233,37.447311,526.1
4264,126.9695841,37.447365,525.07
4265,126.9695936,37.447423,523.06
4266,126.9696111,37.4474761,525.76
4267,126.9696425,37.4474938,527.74
4268,126.9696403,37.4475294,527.87
4269,126.9696488,37.4475538,527.83
4270,126.9696844,37.4475934,527.35
4271,126.9697537,37.4476361,525.6
4272,126.9697703,37.4477005,523.45
4273,126.969789,37.4477397,522.4
4274,126.9697723,37.4477852,521.04
4275,126.9697749,37.4478181,520.12
4276,126.969758,37.4478532,515.43
4277,126.9698108,37.4478756,514.81
4278,126.9698067,37.447976,513.2
4279,126.9697843,37.4479923,513.21
4280,126.9697862,37.4480664,515.0
4281,126.9697615,37.4481271,515.0
4282,126.9697901,37.4482177,515.0
4283,126.9697604,37.4483145,515.87
4284,126.9697684,37.4484379,519.87
4285,126.969761,37.4484973,520.58
4286,126.969773,37.448572,520.0
4287,126.9698188,37.4486217,520.0
4288,126.9698434,37.4486883,517.48
4289,126.9698517,37.4487499,515.09
4290,126.9698617,37.448834,515.0
4291,126.9698559,37.4489004,515.0
4292,126.9698678,37.4489613,515.0
4293,126.969884,37.4490172,513.83
4294,126.9698802,37.4490821,510.14
4295,126.9698995,37.4491399,510.0
4296,126.96988,37.4491905,510.0
4297,126.9698676,37.4492635,510.0
4298,126.9698287,37.4492874,510.0
4299,126.9698294,37.4493733,509.73
4300,126.9698132,37.4493939,508.62
4301,126.9696002,37.4496366,502.77
4302,126.9695488,37.4496636,501.82
4303,126.9694833,37.4498172,500.0
4304,126.9693921,37.449914,502.14
4305,126.9692948,37.4500401,500.04
4306,126.9690884,37.4501116,500.0
4307,126.9690146,37.4501662,499.15
4308,126.9689863,37.450186,498.21
4309,126.9689566,37.4501985,497.23
4310,126.9689536,37.4502379,496.79
4311,126.968941,37.4502869,495.68
4312,126.9689093,37.4503857,491.51
4313,126.9689099,37.450474,489.7
4314,126.9688733,37.4505591,485.89
4315,126.9688804,37.4505857,485.17
4316,126.9688646,37.450653,485.0
4317,126.968843,37.4506741,484.73
4318,126.968785,37.4507175,482.59
4319,126.9686954,37.4507753,479.84
4320,126.9686041,37.4508337,476.62
4321,126.9684701,37.4509093,472.93
4322,126.9684334,37.4509483,471.3
4323,126.9683246,37.4510011,468.74
4324,126.9683022,37.4510252,468.03
4325,126.9682498,37.4510972,466.12
4326,126.9682365,37.4511291,465.3
4327,126.968229,37.4511978,462.85
4328,126.9681828,37.451291,459.49
4329,126.9681796,37.4513494,457.78
4330,126.9681653,37.4514815,455.0
4331,126.9681407,37.4515772,453.69
4332,126.9681385,37.4516287,451.03
4333,126.9681278,37.4516784,449.95
4334,126.9680918,37.4517615,448.03
4335,126.9680746,37.4518,446.54
4336,126.9680259,37.4518416,445.02
4337,126.9679957,37.4518799,444.91
4338,126.9679986,37.4519455,441.96
4339,126.9679639,37.4520277,439.66
4340,126.9679255,37.4520605,439.94
4341,126.9678721,37.4522078,440.15
4342,126.9678078,37.4522623,440.18
4343,126.9677723,37.4522752,439.96
4344,126.967754,37.4523276,437.89
4345,126.9677377,37.4523802,435.41
4346,126.9677375,37.4524261,435.0
4347,126.967746,37.4524755,434.99
4348,126.9677383,37.4525014,434.72
4349,126.9677361,37.4525405,433.54
4350,126.9677179,37.452577,432.47
4351,126.9676899,37.4526067,431.09
4352,126.9676151,37.4526168,428.55
4353,126.9675156,37.4526327,424.23
4354,126.9674519,37.4526529,421.85
4355,126.967398,37.4526419,420.42
4356,126.9673081,37.4526315,416.97
4357,126.9672748,37.4526758,414.22
4358,126.9672486,37.4526862,412.78
4359,126.9671983,37.452751,409.18
4360,126.9672016,37.4527866,408.64
4361,126.9671804,37.4528509,406.52
4362,126.9671279,37.4529095,403.53
4363,126.9671318,37.4529517,403.14
4364,126.9671364,37.4530034,402.33
4365,126.9671729,37.4530769,401.55
4366,126.9671709,37.453136,399.83
4367,126.9671142,37.4531865,398.27
4368,126.9670732,37.4532346,397.07
4369,126.9670076,37.4533448,395.02
4370,126.9669286,37.4534106,397.17
4371,126.9668779,37.4534684,398.2
4372,126.9668027,37.4535755,395.74
4373,126.9667318,37.4536918,395.0
4374,126.9666337,37.4538445,395.0
4375,126.9666051,37.4539319,395.0
4376,126.9665834,37.4540019,394.94
4377,126.966559,37.4540503,393.93
4378,126.9665125,37.4541062,392.8
4379,126.9664621,37.4541455,392.3
4380,126.9662687,37.45426,392.32
4381,126.9662127,37.4543254,394.42
4382,126.966152,37.4544011,395.0
4383,126.9661467,37.4544649,395.04
4384,126.966123,37.4545639,398.12
4385,126.9661028,37.4547216,400.96
4386,126.9660732,37.4548897,403.99
4387,126.9660263,37.4549844,404.97
4388,126.9660049,37.455076,404.64
4389,126.965974,37.4553358,401.71
4390,126.9659378,37.4554203,401.52
4391,126.9659165,37.4554697,400.93
4392,126.9659166,37.45551,400.0
4393,126.9659246,37.4555719,398.38
4394,126.9658998,37.4556062,397.4
4395,126.9659172,37.4556429,396.26
4396,126.9659587,37.4556693,395.14
4397,126.9659666,37.4556924,395.0
4398,126.9659958,37.4557242,394.5
4399,126.9660217,37.4557614,393.39
4400,126.9660615,37.4558101,391.79
4401,126.9660444,37.4558342,391.29
4402,126.9660504,37.4558675,390.36
4403,126.9660372,37.4558977,389.72
4404,126.9660562,37.4559285,389.03
4405,126.9660554,37.4559559,388.58
4406,126.9660429,37.4560022,388.4
4407,126.9660212,37.4561248,387.79
4408,126.9660129,37.4562481,387.01
4409,126.9660384,37.4563239,385.29
4410,126.9660276,37.456379,385.75
4411,126.9660421,37.4564678,386.18
4412,126.9660284,37.4565081,387.45
4413,126.9660404,37.4565765,388.16
4414,126.9660826,37.4566229,387.5
4415,126.9661188,37.4566809,386.58
4416,126.9661725,37.4566998,385.09
4417,126.9708422,37.4463819,508.36
4418,126.970633,37.4464266,513.43
4419,126.9703889,37.4464436,515.19
4420,126.9700142,37.4465029,510.58
4421,126.9698578,37.4465203,510.02
4422,126.9697026,37.4464966,512.59
4423,126.9695759,37.4464345,517.0
4424,126.9694598,37.4464452,517.02
4425,126.9693602,37.4465242,519.6
4426,126.9693268,37.4465711,522.14
4427,126.9692035,37.4466567,519.67
4428,126.9690545,37.4467364,525.13
4429,126.96888,37.4467606,519.46
4430,126.968746,37.4465863,513.41
4431,126.9686797,37.4465262,513.4
4432,126.9686481,37.4464628,512.8
4433,126.9685719,37.4463326,510.55
4434,126.9684432,37.4462389,511.83
4435,126.9683709,37.4461329,507.63
4436,126.9682424,37.4458284,499.07
4437,126.9682869,37.4457006,493.03
4438,126.9682899,37.4455387,499.22
4439,126.9682646,37.4453237,499.19
4440,126.9681398,37.4452056,503.94
4441,126.9680841,37.4451237,500.27
4442,126.9680199,37.4450841,497.34
4443,126.9679749,37.4450656,494.98
4444,126.9678886,37.4450987,495.47
4445,126.9677828,37.4451226,492.33
4446,126.9676989,37.4451105,489.14
4447,126.9676386,37.4451107,487.08
4448,126.9674871,37.4451451,485.56
4449,126.9673651,37.445138,484.6
4450,126.9672316,37.4450972,482.46
4451,126.9671392,37.4450646,480.43
4452,126.9670647,37.4450697,481.22
4453,126.9670255,37.4450582,481.05
4454,126.9669132,37.4450034,481.41
4455,126.9668556,37.4449355,481.57
4456,126.9668736,37.4448755,481.01
4457,126.9669444,37.4447718,479.06
4458,126.9670262,37.4446039,477.51
4459,126.9670177,37.4444645,482.0
4460,126.9670611,37.4442771,486.78
4461,126.967027,37.4441865,493.48
4462,126.9669486,37.4441898,495.17
4463,126.9667572,37.4441608,492.91
4464,126.9665225,37.4441617,492.17
4465,126.9663282,37.4441299,490.77
4466,126.9662585,37.4441462,492.26
4467,126.9661697,37.4441411,491.2
4468,126.964649,37.4528382,309.08
4469,126.9648904,37.4531299,327.16
4470,126.965467,37.4535025,346.62
4471,126.9658411,37.4537331,363.75
4472,126.9662426,37.4539804,383.71
4473,126.9740156,37.4650137,290.24
4474,126.9740239,37.4650502,290.0
4475,126.9740769,37.4651082,287.82
4476,126.9741681,37.4651721,281.99
4477,126.9742539,37.4652423,273.16
4478,126.9742635,37.4652918,268.33
4479,126.9744712,37.4655851,239.14
4480,126.9745839,37.4657703,227.5
4481,126.9747018,37.4659588,224.96
4482,126.974727,37.4660343,225.0
4483,126.9747676,37.4661014,225.37
4484,126.9747904,37.4661769,226.23
4485,126.9748087,37.4662237,225.32
4486,126.9747797,37.4663121,225.0
4487,126.974801,37.4664315,223.38
4488,126.9748145,37.4664771,222.69
4489,126.9749517,37.466928,220.0
4490,126.9750182,37.4669525,
4491,126.9751525,37.4670094,
4492,126.9752437,37.4671009,
4493,126.9752517,37.4671509,
4494,126.975351,37.4671413,
4495,126.9753322,37.4671999,
4496,126.9753661,37.4672357,
4497,126.9754234,37.467334,
4498,126.9755387,37.4674106,
4499,126.9755454,37.4674713,
4500,126.9756339,37.4675447,
4501,126.9756848,37.4675742,
4502,126.9757922,37.4676725,
4503,126.9759142,37.4677704,
4504,126.975984,37.4677533,
4505,126.9760349,37.4677949,
4506,126.9761355,37.4678864,
4507,126.9762428,37.4679301,
4508,126.9763085,37.4681047,
4509,126.9686763,37.462034,274.39
4510,126.9687809,37.4618934,272.59
4511,126.9688949,37.4618381,274.94
4512,126.9689727,37.4617774,276.53
4513,126.9676369,37.4668199,128.86
4514,126.9675296,37.4673478,118.97
4515,126.9671488,37.4676161,108.75
4516,126.9668055,37.4677438,105.0
4517,126.9667485,37.4680408,104.68
4518,126.9501882,37.4568732,105.27
4519,126.9502713,37.4563068,106.1
4520,126.9505286,37.4632853,76.44
4521,126.9745463,37.4659821,220.54
4522,126.974431,37.4659366,216.84
4523,126.9742902,37.4659183,213.65
4524,126.9741354,37.4658915,214.36
4525,126.974021,37.4658772,212.71
4526,126.9739232,37.4658896,207.77
4527,126.9738279,37.4658899,203.3
4528,126.9736691,37.4658973,203.92
4529,126.9735582,37.4658997,213.51
4530,126.9705042,37.4709785,85.36
4531,126.9707199,37.4710386,88.03
4532,126.9710091,37.4710954,93.85
4533,126.9711196,37.4711405,96.64
4534,126.9711886,37.4711986,96.97
4535,126.9711741,37.4712761,95.0
4536,126.9711462,37.4713487,94.95
4537,126.9711106,37.4714274,92.84
4538,126.9710907,37.47153,90.08
4539,126.9710338,37.471822,90.0
4540,126.9710528,37.4720313,89.9
4541,126.9710926,37.472385,85.0
4542,126.9712338,37.4711137,99.98
4543,126.9713011,37.4709867,100.0
4544,126.9713477,37.4708071,102.21
4545,126.9713566,37.4707377,102.22
4546,126.9713256,37.4706544,100.18
4547,126.9713181,37.4705825,100.0
4548,126.971317,37.4704526,100.0
4549,126.9713393,37.4703513,100.0
4550,126.9713687,37.470298,100.36
4551,126.971374,37.4701408,100.0
4552,126.971391,37.4699945,101.4
4553,126.9713911,37.4698745,104.25
4554,126.9713494,37.4696837,105.0
4555,126.9712689,37.4695548,105.54
4556,126.9712495,37.4694767,107.9
4557,126.9711421,37.4693715,110.81
4558,126.9710812,37.4692466,114.11
4559,126.9711441,37.4726389,90.0
4560,126.9712598,37.4727864,90.0
4561,126.9714741,37.4730167,95.0
4562,126.971495,37.4730724,95.0
4563,126.9714912,37.4731928,95.0
4564,126.9714792,37.4733178,93.58
4565,126.9714371,37.4734085,90.52
4566,126.9713687,37.4735197,87.78
4567,126.9711839,37.473818,85.0
4568,126.9710891,37.4739374,85.0
4569,126.971008,37.4740373,85.0
4570,126.9709863,37.4740761,85.0
4571,126.9709273,37.4741597,85.0
4572,126.9708845,37.4742692,85.0
4573,126.9709461,37.4743703,86.6
4574,126.9709961,37.474475,87.87
4575,126.9709768,37.474654,87.43
4576,126.9708918,37.474788,85.0
4577,126.9709089,37.4749313,84.98
4578,126.9709568,37.4750771,
4579,126.970924,37.475113,
4580,126.9745598,37.4716326,55.0
4581,126.9746511,37.4715953,54.88
4582,126.9748384,37.4715437,51.65
4583,126.9750488,37.4714822,
4584,126.9750423,37.4715894,
4585,126.9750934,37.4717338,
4586,126.9751507,37.4717689,
4587,126.9752239,37.4717972,
4588,126.9753223,37.4717994,
4589,126.9754177,37.4717482,
4590,126.9756019,37.4716198,
4591,126.9756858,37.4715173,
4592,126.9757809,37.4713299,
4593,126.9751042,37.4711847,
4594,126.9750773,37.4708845,
4595,126.9749459,37.470761,59.97
4596,126.9747509,37.4706379,62.21
4597,126.9745113,37.4706052,67.76
4598,126.9743813,37.4704988,71.22
4599,126.9740852,37.4704082,76.96
4600,126.9737498,37.4703268,82.26
4601,126.9736954,37.4701558,85.0
4602,126.9737075,37.470021,85.0
4603,126.9737638,37.4699477,85.0
4604,126.9737457,37.4698784,86.97
4605,126.9737798,37.4697997,89.56
4606,126.973742,37.469744,90.0
4607,126.9737604,37.4696954,90.08
4608,126.97379,37.4695959,94.36
4609,126.9738838,37.4694299,98.39
4610,126.9739327,37.4693105,102.17
4611,126.9739401,37.4691914,105.88
4612,126.9519679,37.4510156,166.6
4613,126.9521231,37.4509861,168.94
4614,126.952043,37.4508041,172.74
4615,126.9517828,37.4507476,174.87
4616,126.9517541,37.4505628,185.0
4617,126.95442,37.4551,154.33
4618,126.954259,37.4545051,154.56
4619,126.9537687,37.4538266,151.9
4620,126.9536591,37.4536507,150.68
4621,126.9536111,37.4536184,149.93
4622,126.9528696,37.4521373,162.17
4623,126.9524673,37.45126,172.88
4624,126.9523492,37.4509917,177.66
4625,126.9522688,37.4508427,177.77
4626,126.9520703,37.4504211,184.23
4627,126.9539747,37.454454,151.22
4628,126.9536045,37.4539046,150.09
4629,126.9535777,37.4538407,150.0
4630,126.9520435,37.4537769,133.19
4631,126.9520971,37.4535703,136.48
4632,126.9522366,37.453451,138.05
4633,126.9524458,37.453334,140.0
4634,126.9527194,37.4532786,142.55
4635,126.952993,37.4533084,145.11
4636,126.9532075,37.4534021,146.58
4637,126.9533524,37.4535214,147.07
4638,126.9543663,37.4550161,152.17
4639,126.9540068,37.4545051,151.33
4640,126.9520475,37.450229,187.55
4641,126.9520005,37.4492755,197.52
4642,126.9520005,37.4491264,200.0
4643,126.9520192,37.4486854,204.48
4644,126.9520358,37.4482917,209.93
4645,126.9520477,37.4480111,211.04
4646,126.9524941,37.4516902,165.66
4647,126.9523761,37.4514453,170.0
4648,126.9522661,37.4513431,169.87
4649,126.9514963,37.4514911,165.26
4650,126.9521454,37.4509768,169.32
4651,126.951963,37.4506106,183.73
4652,126.951904,37.4504956,185.0
4653,126.9484578,37.4722957,125.0
4654,126.9482863,37.4724022,123.41
4655,126.948128,37.4725044,121.51
4656,126.9480851,37.4727087,117.03
4657,126.9481548,37.472845,113.51
4658,126.9481226,37.4730067,110.2
4659,126.9476372,37.4736475,105.02
4660,126.9475621,37.4736986,106.4
4661,126.9477552,37.473971,102.83
4662,126.9477982,37.4741839,105.77
4663,126.9479162,37.4744223,105.59
4664,126.9480664,37.4746267,104.74
4665,126.948238,37.4748055,101.15
4666,126.9484097,37.4748821,100.73
4667,126.9485706,37.4749587,101.06
4668,126.9486511,37.4751759,
4669,126.9485235,37.4753477,
4670,126.9483948,37.4754286,
4671,126.9481683,37.4755931,
4672,126.9479215,37.4751205,
4673,126.9478089,37.4749502,117.5
4674,126.9477338,37.4746948,117.25
4675,126.9476265,37.4744564,119.04
4676,126.947605,37.4742435,112.93
4677,126.9474227,37.4740902,111.69
4678,126.9472617,37.4739285,114.35
4679,126.9469935,37.4739285,119.54
4680,126.9465751,37.4739881,125.57
4681,126.9463176,37.4741073,133.49
4682,126.9461245,37.4741498,141.97
4683,126.9458884,37.4740392,145.0
4684,126.9457919,37.4740136,145.0
4685,126.9456202,37.4740136,145.9
4686,126.9454164,37.4738774,150.0
4687,126.9452726,37.4738495,152.18
4688,126.9451877,37.4738282,154.43
4689,126.9450723,37.4738325,155.0
4690,126.9449838,37.4737899,155.0
4691,126.9449275,37.473692,155.38
4692,126.944906,37.473626,157.96
4693,126.9449007,37.4735472,158.11
4694,126.9449034,37.4735004,157.19
4695,126.9449919,37.4734536,155.03
4696,126.9450053,37.4733961,153.78
4697,126.944949,37.4733429,151.55
4698,126.9448846,37.4733237,150.42
4699,126.9448095,37.4732854,149.24
4700,126.9446915,37.4732641,147.98
4701,126.9445734,37.4732641,146.8
4702,126.944493,37.4732854,146.34
4703,126.9443253,37.4731928,142.33
4704,126.9441845,37.4731279,140.0
4705,126.9440974,37.4730938,140.0
4706,126.9440766,37.4730842,140.0
4707,126.9440571,37.4730475,139.83
4708,126.9440511,37.4730257,139.34
4709,126.9440236,37.4729969,138.73
4710,126.9439934,37.4729565,137.84
4711,126.9439824,37.4729384,137.25
4712,126.9439549,37.4729184,136.39
4713,126.9439451,37.4729001,135.78
4714,126.9439324,37.4728873,135.3
4715,126.9439156,37.4728793,135.06
4716,126.9439009,37.4728495,135.0
4717,126.9438868,37.4728216,135.0
4718,126.9438784,37.4727979,135.0
4719,126.9438784,37.4727907,135.01
4720,126.9438653,37.4727798,135.05
4721,126.9438617,37.4727689,135.1
4722,126.9438657,37.4727609,135.13
4723,126.9438714,37.4727512,135.17
4724,126.943864,37.4727408,135.18
4725,126.9438633,37.472738,135.18
4726,126.9438633,37.4727257,135.16
4727,126.9438573,37.472714,135.14
4728,126.943846,37.4726913,134.98
4729,126.9438266,37.4726732,134.6
4730,126.9438252,37.4726476,134.02
4731,126.9438148,37.4726343,133.61
4732,126.9438158,37.4726194,133.32
4733,126.9438007,37.4725846,132.42
4734,126.9438041,37.4725175,130.93
4735,126.9438108,37.4725037,130.68
4736,126.9438091,37.4724864,130.28
4737,126.9438014,37.4724723,129.87
4738,126.9438016,37.4724455,128.94
4739,126.9438136,37.4724225,128.17
4740,126.9438256,37.4723842,126.82
4741,126.9437894,37.4723384,125.09
4742,126.9437666,37.4722363,123.43
4743,126.9437385,37.4721926,121.83
4744,126.9437056,37.472191,121.38
4745,126.9436868,37.4721506,120.39
4746,126.9437089,37.472125,119.86
4747,126.9437619,37.4719595,112.97
4748,126.9437619,37.4719148,111.19
4749,126.9437539,37.4718989,110.55
4750,126.9437478,37.4718845,109.91
4751,126.9437344,37.4718706,109.1
4752,126.9437056,37.4718552,108.25
4753,126.9436452,37.4718323,107.13
4754,126.9436748,37.471818,106.71
4755,126.9437277,37.4718158,106.43
4756,126.9437659,37.4718137,105.85
4757,126.9438196,37.4718291,105.51
4758,126.9438873,37.4718302,103.62
4759,126.9440231,37.4718922,101.6
4760,126.9442831,37.4720375,103.58
4761,126.9443904,37.4721184,99.77
4762,126.9444252,37.4722014,98.26
4763,126.9444708,37.4722716,97.95
4764,126.9445383,37.4723016,97.33
4765,126.9479191,37.4638138,63.23
4766,126.9480005,37.4637137,62.75
4767,126.9480045,37.4635897,63.44
4768,126.9480045,37.4633891,63.9
4769,126.9479978,37.4632518,64.2
4770,126.947713,37.4629002,67.3
4771,126.9476783,37.4628519,67.56
4772,126.9475231,37.4625577,69.66
4773,126.9474815,37.4624151,70.56
4774,126.9474614,37.4622618,72.23
4775,126.9474345,37.4619424,73.82
4776,126.9474127,37.4616297,75.0
4777,126.9474315,37.4612252,76.62
4778,126.9476679,37.4607842,73.15
4779,126.9477323,37.4606394,72.22
4780,126.9477753,37.4604891,72.44
4781,126.9477695,37.460397,70.45
4782,126.947692,37.4602009,70.0
4783,126.947622,37.4600989,72.0
4784,126.9474075,37.4597647,70.93
4785,126.9472519,37.4594249,70.64
4786,126.9471878,37.4593224,72.37
4787,126.9468364,37.4588063,77.48
4788,126.9464299,37.4582919,80.65
4789,126.9463458,37.4581211,81.93
4790,126.9463457,37.4581018,82.08
4791,126.9463241,37.4576569,86.29
4792,126.9462785,37.4574351,89.51
4793,126.9461926,37.457245,93.38
4794,126.9461394,37.4568716,92.83
4795,126.9460291,37.4567069,91.83
4796,126.9459553,37.4566155,91.94
4797,126.945804,37.4563814,92.48
4798,126.9456685,37.4561043,91.33
4799,126.9456455,37.4560602,92.28
4800,126.9468449,37.4676924,57.02
4801,126.9467975,37.4673457,56.63
4802,126.9468446,37.467232,56.35
4803,126.947051,37.4667794,59.63
4804,126.9471583,37.4665548,59.49
4805,126.9472629,37.4663259,58.41
4806,126.9477251,37.4654189,63.15
4807,126.9479108,37.4650189,62.08
4808,126.9479361,37.4647995,61.82
4809,126.9479169,37.4646044,62.03
4810,126.9479103,37.4644204,61.88
4811,126.9479401,37.4640884,62.65
4812,126.9479426,37.4640649,62.6
4813,126.9479522,37.463999,62.38
4814,126.947967,37.4639288,62.02
4815,126.9528943,37.4706018,116.93
4816,126.953082,37.4707763,125.57
4817,126.9532966,37.4709041,134.9
4818,126.9541401,37.4693234,134.5
4819,126.9541132,37.469102,135.0
4820,126.9543976,37.4685911,125.0
4821,126.9545627,37.4680195,120.0
4822,126.9546765,37.4676459,121.3
4823,126.9551325,37.4671051,115.0
4824,126.9557681,37.4662407,107.86
4825,126.9558579,37.4660702,109.97
4826,126.9560051,37.4657906,117.29
4827,126.955888,37.4656106,109.47
4828,126.9558008,37.4654766,108.84
4829,126.962883,37.4694394,115.0
4830,126.9630155,37.4692638,118.76
4831,126.9631255,37.4690168,115.0
4832,126.9633104,37.4687206,119.13
4833,126.9634795,37.4685996,114.96
4834,126.9636109,37.4684676,114.99
4835,126.9637293,37.4681603,117.48
4836,126.9638899,37.467995,124.95
4837,126.9640847,37.4678628,130.0
4838,126.9643673,37.4676852,127.69
4839,126.9645068,37.4675575,125.0
4840,126.9645441,37.4674115,125.91
4841,126.9645819,37.4671754,133.25
4842,126.9645819,37.4671253,134.23
4843,126.9645551,37.4670785,135.0
4844,126.9644552,37.4669714,135.03
4845,126.9644304,37.4668592,139.24
4846,126.9644384,37.4668092,140.0
4847,126.9644773,37.4667304,140.13
4848,126.9644733,37.4666857,141.51
4849,126.9644264,37.466608,143.7
4850,126.9644572,37.4665825,144.85
4851,126.964476,37.4665293,145.0
4852,126.9644733,37.4664292,148.67
4853,126.9644679,37.4663717,151.46
4854,126.9644116,37.4663408,152.62
4855,126.9643714,37.4663057,153.17
4856,126.9643653,37.4662491,154.8
4857,126.9643781,37.4661588,156.09
4858,126.9643472,37.4660928,158.34
4859,126.9642627,37.4660034,157.82
4860,126.9642312,37.465947,156.05
4861,126.964248,37.4659284,156.17
4862,126.9642922,37.4658991,156.12
4863,126.9643552,37.4658458,155.16
4864,126.9644062,37.4658304,154.9
4865,126.9644572,37.4658283,154.15
4866,126.9644746,37.4658253,153.49
4867,126.9644853,37.4658134,153.22
4868,126.9645031,37.4657989,153.05
4869,126.9645068,37.4657838,153.5
4870,126.9646396,37.4657149,153.69
4871,126.9646724,37.4656718,156.02
4872,126.9648689,37.4654829,164.39
4873,126.9650829,37.4653408,170.2
4874,126.9651747,37.4652274,172.74
4875,126.9651747,37.4650614,176.36
4876,126.9652337,37.4648184,183.46
4877,126.9653115,37.4647144,188.26
4878,126.9654348,37.4646143,191.55
4879,126.9657033,37.4644161,200.86
4880,126.9657916,37.4643162,204.98
4881,126.9658506,37.4641076,210.0
4882,126.9660164,37.4639561,216.8
4883,126.9662851,37.4638777,226.36
4884,126.9665292,37.4637435,230.0
4885,126.9667416,37.4635984,229.6
4886,126.9671246,37.4634157,240.38
4887,126.9674226,37.4633134,252.08
4888,126.9676329,37.4630843,255.84
4889,126.9679518,37.4627934,250.6
4890,126.968278,37.4626301,259.84
4891,126.9686337,37.4623281,271.21
4892,126.968738,37.4622091,277.83
4893,126.9688088,37.4620836,281.58
4894,126.9690055,37.4620537,280.12
4895,126.9692704,37.4619094,287.56
4896,126.9693904,37.4618242,291.39
4897,126.9695942,37.4616253,304.21
4898,126.9696379,37.4615677,307.14
4899,126.9696875,37.4614452,312.84
4900,126.9697908,37.4614804,315.07
4901,126.9699571,37.4614549,315.39
4902,126.9700751,37.4615805,312.62
4903,126.9728301,37.4688206,105.28
4904,126.9728404,37.4686996,106.51
4905,126.9728472,37.4686464,107.71
4906,126.9729209,37.4685655,110.0
4907,126.9730175,37.4684442,114.41
4908,126.9731584,37.4682501,121.24
4909,126.9733166,37.467918,133.71
4910,126.973393,37.4677651,139.68
4911,126.973326,37.4675442,141.39
4912,126.9734038,37.4673351,146.76
4913,126.9734828,37.4671498,151.38
4914,126.973594,37.4668895,157.63
4915,126.9736719,37.4667826,160.08
4916,126.9736062,37.4666303,166.05
4917,126.9736008,37.4666048,167.25
4918,126.9737108,37.466493,169.71
4919,126.9736397,37.4664217,174.87
4920,126.9737805,37.4663781,177.62
4921,126.9737108,37.4663015,179.44
4922,126.9737898,37.4662717,183.68
4923,126.9736853,37.4662078,184.57
4924,126.9737618,37.4661524,187.24
4925,126.9736961,37.4660928,190.19
4926,126.9736934,37.4659928,196.42
4927,126.973637,37.4659597,203.45
4928,126.9734474,37.4660572,213.88
4929,126.9733675,37.4660928,214.47
4930,126.9733096,37.4660476,219.63
4931,126.9732058,37.4658401,226.06
4932,126.9730994,37.4657771,227.61
4933,126.9730858,37.4657081,233.67
4934,126.9729081,37.4655535,240.1
4935,126.97299,37.4654962,245.54
4936,126.9730362,37.465468,248.17
4937,126.9730724,37.4654249,250.64
4938,126.9731579,37.4654177,254.11
4939,126.9731817,37.4653786,255.97
4940,126.9733185,37.4653147,261.32
4941,126.9733078,37.4652732,262.05
4942,126.9734167,37.4652229,267.3
4943,126.9735332,37.4650938,271.2
4944,126.9736695,37.4650466,275.06
4945,126.9738187,37.4650103,282.84
4946,126.9738742,37.4649554,286.17
4947,126.9739127,37.4649916,287.52
4948,126.9739636,37.465002,289.34
4949,126.9740012,37.4649968,291.06
4950,126.9741426,37.4648613,306.61
4951,126.9741113,37.4648015,309.03
4952,126.9742312,37.4647846,313.54
4953,126.9743183,37.4646687,315.0
4954,126.9743122,37.4646412,315.0
4955,126.9743152,37.4645735,315.0
4956,126.9743183,37.4645291,315.0
4957,126.9742772,37.4645077,313.31
4958,126.9742727,37.4644653,310.41
4959,126.9740516,37.4643379,300.06
4960,126.973985,37.464277,298.17
4961,126.9740018,37.4642077,298.63
4962,126.9739401,37.4641055,299.5
4963,126.9739052,37.4640054,303.96
4964,126.9739133,37.4638798,309.64
4965,126.9738601,37.4638066,315.36
4966,126.9738074,37.4637084,323.09
4967,126.9737712,37.4635966,325.12
4968,126.9736907,37.4635147,327.1
4969,126.973578,37.4635019,325.1
4970,126.973511,37.463404,323.82
4971,126.9734976,37.463305,322.08
4972,126.9735412,37.4631903,320.0
4973,126.9735217,37.4630729,318.75
4974,126.9734534,37.462992,318.95
4975,126.973242,37.4629154,322.5
4976,126.9710286,37.472888,84.19
4977,126.9307165,37.4486508,390.0
4978,126.9310918,37.4485731,391.37
4979,126.931403,37.4485688,394.86
4980,126.9318771,37.4488368,394.06
4981,126.9323313,37.4489897,393.71
4982,126.9326824,37.4491778,395.02
4983,126.9329655,37.4494296,402.22
4984,126.9332564,37.4496165,408.7
4985,126.933626,37.4497604,410.0
4986,126.9338518,37.449889,410.86
4987,126.9340494,37.4500794,410.0
4988,126.9340775,37.4502163,410.0
4989,126.9341448,37.4505443,404.02
4990,126.9343722,37.4507642,397.95
4991,126.9345707,37.4508707,385.04
4992,126.9347289,37.4510219,377.66
4993,126.9349381,37.451254,374.33
4994,126.9349849,37.4514138,366.09
4995,126.9350508,37.4515116,365.75
4996,126.9351715,37.451601,368.94
4997,126.9354316,37.4517565,370.0
4998,126.9358206,37.4519204,355.39
4999,126.9359091,37.4520184,351.75
5000,126.9359857,37.4521318,341.06
5001,126.9360271,37.4524762,316.75
5002,126.9360808,37.4526636,307.56
5003,126.9362015,37.4528116,297.65
5004,126.9362063,37.452872,295.56
5005,126.9362149,37.4529787,291.77
5006,126.9363302,37.4531512,285.73
5007,126.9364884,37.453379,285.0
5008,126.9366197,37.4537015,285.0
5009,126.9366977,37.4537388,285.0
5010,126.9368103,37.4539156,287.75
5011,126.9368827,37.4543036,296.98
5012,126.9369122,37.454433,293.95
5013,126.9368479,37.4546714,279.63
5014,126.9367569,37.4551192,270.0
5015,126.9370017,37.4554296,270.95
5016,126.9371214,37.4556296,270.0
5017,126.9372865,37.4557067,266.69
5018,126.9376209,37.4559204,257.09
5019,126.9379208,37.456247,249.33
5020,126.9381487,37.4564243,248.69
5021,126.9383233,37.4566618,245.0
5022,126.9383513,37.4569043,233.41
5023,126.9383778,37.4569598,231.22
5024,126.9384885,37.4571913,225.01
5025,126.9385228,37.4574164,225.08
5026,126.9385103,37.4576737,227.88
5027,126.9385726,37.4579706,234.36
5028,126.9387004,37.4580424,230.95
5029,126.9391337,37.4581413,219.26
5030,126.9393518,37.4582057,215.97
5031,126.9397088,37.4583575,215.0
5032,126.939907,37.4584723,216.08
5033,126.939986,37.4585614,215.47
5034,126.9400441,37.4586582,215.0
5035,126.9401591,37.4589034,215.27
5036,126.9404809,37.45923,212.97
5037,126.9405705,37.4593462,210.87
5038,126.9407357,37.4596258,210.1
5039,126.942066,37.4607563,213.72
5040,126.9421079,37.4609185,219.29
5041,126.9421393,37.4611182,223.65
5042,126.9421918,37.4612348,227.46
5043,126.9422442,37.461422,234.32
5044,126.9423167,37.4616555,229.94
5045,126.9425272,37.4617632,219.72
5046,126.9427684,37.4619421,204.35
5047,126.9427886,37.4619239,205.45
5048,126.9431772,37.4619754,180.82
5049,126.9435195,37.4618684,166.16
5050,126.9438377,37.4618505,157.42
5051,126.9441994,37.4618838,153.64
5052,126.9445034,37.4619604,144.28
5053,126.9448546,37.4619504,140.26
5054,126.9450276,37.4619338,138.71
5055,126.9454942,37.4619213,132.22
5056,126.9709121,37.4684979,125.35
5057,126.9709308,37.468421,127.1
5058,126.970948,37.4683463,128.48
5059,126.9709339,37.4682791,128.65
5060,126.9708971,37.4681662,128.85
5061,126.9709534,37.4680908,131.43
5062,126.970972,37.4680052,132.19
5063,126.9709731,37.4679336,133.27
5064,126.9712955,37.4725101,84.97
5065,126.971445,37.4725082,82.33
5066,126.9685945,37.4623171,270.37
5067,126.9686119,37.4622958,271.32
5068,126.9686079,37.4622053,271.21
5069,126.9686186,37.4621266,271.19
5070,126.9705673,37.4708758,86.69
5071,126.9706571,37.470796,88.22
5072,126.9706846,37.4707619,88.8
5073,126.9707061,37.4706305,89.44
5074,126.9707336,37.4703223,91.47
5075,126.9707416,37.4702558,91.9
5076,126.9708382,37.4702063,93.42
5077,126.97093,37.4702132,94.63
5078,126.9710568,37.4702579,96.84
5079,126.971148,37.4702297,98.78
5080,126.9713136,37.470184,100.0
5081,126.9697747,37.4613633,318.74
5082,126.9699638,37.4613016,324.0
5083,126.9709789,37.4678574,135.0
5084,126.971022,37.4677571,135.96
5085,126.971052,37.4676731,138.73
5086,126.9710926,37.4674761,145.0
5087,126.9710953,37.4673956,146.91
5088,126.9711199,37.4673637,147.45
5089,126.9711095,37.4673151,149.64
5090,126.9710661,37.4672263,153.2
5091,126.9709853,37.4671403,155.0
5092,126.9710231,37.4670936,156.81
5093,126.9710062,37.4670423,157.6
5094,126.9709817,37.4670008,157.27
5095,126.9709722,37.4669474,157.36
5096,126.9710177,37.4669041,159.88
5097,126.9710165,37.4668774,160.6
5098,126.9710429,37.4667725,162.07
5099,126.9711024,37.466673,162.73
5100,126.9711447,37.4665633,164.92
5101,126.9711695,37.4665444,165.46
5102,126.9712418,37.4664558,165.93
5103,126.9713439,37.466241,163.71
5104,126.9713612,37.4661322,163.25
5105,126.9713719,37.4660609,165.0
5106,126.971333,37.4660449,164.99
5107,126.9713198,37.4659867,166.42
5108,126.9713089,37.4659385,168.2
5109,126.9713759,37.4657788,172.88
5110,126.9714392,37.4656809,176.05
5111,126.9714558,37.4656043,179.75
5112,126.9714742,37.4655304,182.99
5113,126.9714391,37.4654776,186.18
5114,126.9714296,37.4654212,189.35
5115,126.9714645,37.4652913,195.09
5116,126.9715422,37.465204,197.34
5117,126.9715181,37.4650592,202.81
5118,126.9715716,37.4649695,205.6
5119,126.9715912,37.4648945,207.98
5120,126.9716198,37.4648195,210.64
5121,126.9716403,37.4647351,215.84
5122,126.97168,37.4646405,221.41
5123,126.97173,37.4645057,226.87
5124,126.9717461,37.4643822,229.36
5125,126.9717737,37.4643221,229.48
5126,126.9717896,37.4642778,229.62
5127,126.9717705,37.4642317,231.45
5128,126.9717362,37.4641911,234.11
5129,126.9717573,37.4641553,233.59
5130,126.9717025,37.4640623,240.33
5131,126.9717434,37.4639841,241.91
5132,126.9717691,37.4638447,242.78
5133,126.9717666,37.4637852,244.22
5134,126.9717517,37.4637224,247.35
5135,126.9716619,37.4636336,254.89
5136,126.9715878,37.4635392,261.47
5137,126.971617,37.4634709,262.3
5138,126.971617,37.4634035,265.34
5139,126.9716093,37.463322,269.93
5140,126.9716278,37.4632569,276.34
5141,126.9716148,37.463201,279.06
5142,126.9715348,37.4631637,280.63
5143,126.9714743,37.4631163,284.44
5144,126.9714164,37.4630465,289.39
5145,126.9714125,37.4629919,290.11
5146,126.971361,37.462952,292.25
5147,126.9713122,37.4629566,293.01
5148,126.9712917,37.4629177,294.54
5149,126.9712379,37.4629076,296.4
5150,126.9711831,37.4628688,299.42
5151,126.9710795,37.4627952,303.61
5152,126.9710311,37.4627391,306.22
5153,126.9710064,37.462689,308.16
5154,126.9709823,37.4626617,309.33
5155,126.9709331,37.4625963,312.57
5156,126.9709217,37.4625523,314.64
5157,126.9709244,37.4625363,315.19
5158,126.9709294,37.4625135,315.8
5159,126.9706726,37.4721359,81.66
5160,126.971042,37.462266,320.48
5161,126.9709801,37.4623503,320.0
5162,126.9710176,37.462425,317.72
5163,126.970983,37.4624619,316.97
5164,126.970873,37.4625396,316.19
5165,126.9708046,37.4625396,318.87
5166,126.9707859,37.4625971,320.21
5167,126.9707779,37.4626706,324.77
5168,126.9707318,37.4628785,329.86
5169,126.9706812,37.4629792,329.35
5170,126.9705686,37.4630708,312.45
5171,126.9705465,37.4630813,310.4
5172,126.9704653,37.4630878,304.21
5173,126.9703862,37.4631218,298.04
5174,126.9703379,37.463141,295.01
5175,126.970236,37.4632134,288.17
5176,126.9701475,37.4632188,283.74
5177,126.970059,37.4632272,279.89
5178,126.9700187,37.4632326,278.17
5179,126.9698832,37.4632358,273.87
5180,126.9698913,37.4633412,266.63
5181,126.9698471,37.4634242,260.65
5182,126.9698055,37.4634615,258.66
5183,126.9697854,37.4635349,255.33
5184,126.9697076,37.4635903,251.69
5185,126.9696432,37.4636222,250.0
5186,126.9696003,37.4636925,249.41
5187,126.9695494,37.4637861,246.64
5188,126.9695748,37.4638862,245.0
5189,126.9695762,37.4639522,243.79
5190,126.9695681,37.4640182,240.91
5191,126.9696097,37.4640927,238.83
5192,126.9696486,37.4640799,236.53
5193,126.9696727,37.4640416,236.14
5194,126.9697961,37.4639788,233.82
5195,126.9699316,37.4640022,237.43
5196,126.9700053,37.4640331,239.37
5197,126.9701046,37.4640629,243.06
5198,126.9701958,37.464131,244.7
5199,126.9702843,37.4642141,245.19
5200,126.9703057,37.4642758,242.8
5201,126.9703594,37.4643397,242.07
5202,126.9704573,37.4644685,239.18
5203,126.9704774,37.46456,233.72
5204,126.9706678,37.4646696,235.02
5205,126.9708315,37.4648485,229.63
5206,126.9709039,37.4648655,230.26
5207,126.9709266,37.4649932,220.3
5208,126.9708904,37.4651551,220.0
5209,126.9707564,37.4651774,218.91
5210,126.9706759,37.4652998,216.6
5211,126.9705404,37.4653584,214.64
5212,126.9705203,37.4654254,211.57
5213,126.9704358,37.4654754,209.63
5214,126.9703889,37.4655383,206.29
5215,126.9703138,37.4656309,202.92
5216,126.9702092,37.4657341,200.0
5217,126.9701515,37.4658746,195.0
5218,126.9702145,37.4659321,193.29
5219,126.9702601,37.465964,191.35
5220,126.970295,37.46593,191.57
5221,126.9703969,37.4659406,187.4
5222,126.9704345,37.4658874,187.08
5223,126.9704734,37.4658352,187.01
5224,126.9705418,37.4658512,183.87
5225,126.9706303,37.4659002,180.71
5226,126.9707215,37.4659619,179.04
5227,126.9708006,37.4659726,178.39
5228,126.9709267,37.4659768,175.55
5229,126.9710621,37.4659736,172.74
5230,126.9488864,37.4387855,250.0
5231,126.9488601,37.4389295,249.57
5232,126.9488146,37.4389859,249.62
5233,126.9488212,37.4390327,248.47
5234,126.9488253,37.4390807,247.31
5235,126.9487917,37.4391328,247.09
5236,126.9488025,37.4393032,242.7
5237,126.9487783,37.4394012,239.97
5238,126.9488239,37.4394842,237.48
5239,126.9488533,37.4396396,235.0
5240,126.9487783,37.4397781,235.0
5241,126.9485986,37.4399613,235.6
5242,126.9485852,37.4401423,233.44
5243,126.9485477,37.4402637,231.76
5244,126.948494,37.4403318,231.04
5245,126.9484019,37.44043,229.24
5246,126.9483492,37.4405107,225.06
5247,126.948207,37.4406257,222.95
5248,126.9480137,37.4407131,220.0
5249,126.9480059,37.4408419,220.0
5250,126.9479193,37.4409832,216.87
5251,126.9479173,37.4411262,216.9
5252,126.9478422,37.4412774,215.02
5253,126.9478315,37.4414499,214.66
5254,126.947781,37.4416378,212.67
5255,126.9477712,37.4418013,210.31
5256,126.9477189,37.4419333,204.34
5257,126.9477001,37.4420334,201.38
5258,126.9476959,37.442187,200.0
5259,126.9477028,37.4423262,197.66
5260,126.9477135,37.4424497,195.0
5261,126.9477028,37.4424955,195.85
5262,126.9477202,37.4425615,195.81
5263,126.947745,37.4426789,195.23
5264,126.9477417,37.4427394,195.16
5265,126.9477256,37.4427873,195.15
5266,126.9477001,37.4428852,195.04
5267,126.9475571,37.4431785,198.13
5268,126.9475888,37.4435241,195.0
5269,126.9476089,37.443785,193.12
5270,126.947603,37.443963,190.88
5271,126.9475539,37.4441896,190.0
5272,126.9474909,37.4444217,189.08
5273,126.9473058,37.4447841,186.9
5274,126.9473112,37.4449147,184.3
5275,126.9473554,37.4450297,181.25
5276,126.9473407,37.4451457,181.76
5277,126.947379,37.4453173,180.15
5278,126.9473902,37.445454,179.99
5279,126.9471041,37.4488093,151.79
5280,126.9470829,37.4488542,154.39
5281,126.9470876,37.4488516,154.07
5282,126.9471073,37.4489404,154.28
5283,126.9471596,37.4490107,152.11
5284,126.9472508,37.4492108,149.28
5285,126.9473541,37.4495962,146.08
5286,126.9476464,37.4498827,147.88
5287,126.9477618,37.4500083,143.21
5288,126.947881,37.4501591,141.55
5289,126.9479924,37.4501744,139.18
5290,126.9480327,37.4502319,139.47
5291,126.9482151,37.4503043,137.1
5292,126.9485155,37.4504576,135.88
5293,126.94884,37.4506258,133.95
5294,126.9489983,37.4507152,131.98
5295,126.9491029,37.450777,129.86
5296,126.9491507,37.4508385,128.7
5297,126.9491672,37.4508962,128.02
5298,126.9491351,37.4510559,128.5
5299,126.9491726,37.4511454,127.9
5300,126.9491507,37.4513033,128.42
5301,126.9492383,37.4514403,125.47
5302,126.9492966,37.4515014,122.73
5303,126.9474661,37.4569272,80.0
5304,126.9474067,37.4569683,82.48
5305,126.9474788,37.4570849,80.69
5306,126.9475083,37.4571966,80.28
5307,126.947571,37.4572689,80.0
5308,126.947578,37.4573627,78.86
5309,126.9475217,37.4574692,77.05
5310,126.9474868,37.4576097,77.07
5311,126.947477,37.4577144,76.99
5312,126.9474774,37.4579872,75.0
5313,126.947621,37.4580441,75.0
5314,126.9475681,37.4582287,74.79
5315,126.9475365,37.4583358,72.87
5316,126.9474654,37.4585029,70.82
5317,126.9473621,37.4588535,70.71
5318,126.9472127,37.4592353,72.81
5319,126.9475331,37.456868,80.0
5320,126.9494737,37.4516385,121.64
5321,126.9495389,37.451685,123.6
5322,126.9494744,37.4517884,121.9
5323,126.9495099,37.4520734,119.83
5324,126.9494452,37.4521594,118.29
5325,126.9494978,37.4523036,116.54
5326,126.949528,37.4523484,115.9
5327,126.9495347,37.4524006,116.4
5328,126.9495119,37.4524666,117.28
5329,126.9495374,37.4525848,116.44
5330,126.9495307,37.4526125,116.7
5331,126.9495334,37.4526966,116.14
5332,126.9495039,37.4527626,116.14
5333,126.9495065,37.4528658,114.92
5334,126.9495414,37.452935,111.62
5335,126.9495387,37.4529766,110.97
5336,126.9495018,37.4530362,111.34
5337,126.9494194,37.4532342,111.44
5338,126.9494006,37.4533215,110.59
5339,126.9493523,37.4533747,110.77
5340,126.9493206,37.4535606,107.37
5341,126.9492719,37.4536239,108.67
5342,126.949296,37.453709,106.14
5343,126.9493067,37.4539134,104.78
5344,126.9492745,37.4539858,105.08
5345,126.9493067,37.454186,101.61
5346,126.9492911,37.4542619,100.6
5347,126.9492021,37.4544117,99.83
5348,126.9490841,37.4545522,99.5
5349,126.9490305,37.4546246,99.86
5350,126.948958,37.4548248,96.26
5351,126.9488939,37.4548672,97.29
5352,126.9488052,37.4549686,97.9
5353,126.94873,37.4550547,97.75
5354,126.9487225,37.4551151,96.37
5355,126.9486925,37.4553571,92.37
5356,126.9486277,37.4554615,91.29
5357,126.9483975,37.4557126,88.83
5358,126.9483135,37.4558867,85.67
5359,126.9482003,37.4560533,85.14
5360,126.9481346,37.4561672,85.0
5361,126.9479721,37.4565317,84.66
5362,126.947794,37.4567634,80.33
5363,126.9476516,37.4568368,80.0
5364,126.9475584,37.456856,80.0
5365,126.9471963,37.4459257,175.17
5366,126.9471361,37.4460156,174.89
5367,126.947051,37.4461232,173.25
5368,126.9470215,37.4463191,171.1
5369,126.9470644,37.4465299,170.0
5370,126.9470724,37.4466066,170.0
5371,126.947051,37.4467002,168.64
5372,126.9469987,37.4468259,165.5
5373,126.9474522,37.4454094,180.0
5374,126.9473809,37.445577,178.07
5375,126.9473232,37.4457345,175.54
5376,126.9383498,37.4402351,409.9
5377,126.93848,37.4403584,420.65
5378,126.9385782,37.440525,425.76
5379,126.9387238,37.4407153,429.63
5380,126.9388334,37.4408073,433.62
5381,126.9388887,37.4408537,436.74
5382,126.9389839,37.4410379,441.46
5383,126.9394168,37.4413407,435.0
5384,126.9397197,37.4415723,435.01
5385,126.939969,37.4418367,437.19
5386,126.9401509,37.4419824,438.66
5387,126.9403452,37.4421866,439.18
5388,126.9404302,37.4422837,439.06
5389,126.9405539,37.4424251,436.28
5390,126.9405299,37.4425304,435.0
5391,126.9402125,37.4425561,418.09
5392,126.9401837,37.4428076,402.67
5393,126.9400837,37.4425291,406.56
5394,126.9400098,37.4424091,404.22
5395,126.9395933,37.4421744,386.74
5396,126.939443,37.4421763,379.82
5397,126.9390277,37.4420602,386.3
5398,126.9388746,37.4420864,383.73
5399,126.9387786,37.4422411,380.0
5400,126.9386845,37.4423519,377.89
5401,126.9386166,37.442387,374.63
5402,126.9384346,37.4424464,356.39
5403,126.9381626,37.4427424,337.04
5404,126.9379637,37.4428294,330.41
5405,126.9380047,37.4430491,322.52
5406,126.9380136,37.4431131,320.13
5407,126.9380316,37.443185,317.48
5408,126.9381007,37.4432737,314.19
5409,126.9382432,37.4433664,310.37
5410,126.9381962,37.443401,309.4
5411,126.938141,37.4434819,307.31
5412,126.9381053,37.4435397,305.69
5413,126.9379803,37.4437098,297.29
5414,126.9377058,37.4440623,278.76
5415,126.9376841,37.4442214,272.31
5416,126.9376655,37.4445583,264.3
5417,126.9376353,37.4446436,261.87
5418,126.9376621,37.4448303,259.34
5419,126.9375715,37.4450783,254.59
5420,126.9375678,37.4451401,252.96
5421,126.9375648,37.4451903,251.78
5422,126.9375849,37.4452569,250.7
5423,126.9376118,37.4454703,245.42
5424,126.9376789,37.4455556,243.68
5425,126.9376823,37.4457769,239.41
5426,126.9377629,37.4458809,235.0
5427,126.9377977,37.4461604,230.02
5428,126.937792,37.4463052,227.96
5429,126.9377562,37.4464675,224.38
5430,126.9376756,37.4465689,222.39
5431,126.9375596,37.4466467,221.88
5432,126.9374434,37.4467246,220.0
5433,126.9373377,37.4469001,220.0
5434,126.9373404,37.4469821,220.0
5435,126.9373424,37.447042,220.0
5436,126.9374002,37.4472568,218.1
5437,126.9376017,37.4474381,214.84
5438,126.9379045,37.4476502,208.43
5439,126.9381875,37.4480546,204.58
5440,126.9383359,37.4482097,203.3
5441,126.9388019,37.4486968,192.61
5442,126.9388678,37.4487613,191.78
5443,126.9391366,37.4490246,187.09
5444,126.9393381,37.4492699,184.66
5445,126.9394288,37.4494539,182.45
5446,126.9395967,37.4496021,176.57
5447,126.9396269,37.4496805,174.66
5448,126.939702,37.4497328,173.14
5449,126.9399594,37.4498218,170.0
5450,126.9402818,37.4500645,171.3
5451,126.9404498,37.4502165,173.51
5452,126.940574,37.4502565,172.25
5453,126.94092,37.4504404,160.27
5454,126.9419477,37.4514403,147.73
5455,126.9424261,37.4517368,141.24
5456,126.9426642,37.4518235,136.87
5457,126.9428949,37.4518832,132.79
5458,126.9430539,37.4519774,130.27
5459,126.9465172,37.4626897,105.0
5460,126.9465417,37.4629086,102.12
5461,126.9467801,37.463058,95.12
5462,126.9469853,37.4631027,90.0
5463,126.947121,37.4631181,83.12
5464,126.9473613,37.4632697,75.21
5465,126.9413589,37.4708238,44.68
5466,126.9431655,37.4520492,129.37
5467,126.9432986,37.4521312,127.36
5468,126.9434181,37.4522472,126.18
5469,126.9435145,37.4524112,126.98
5470,126.9435133,37.4524676,125.82
5471,126.9435118,37.4525369,124.78
5472,126.9436141,37.4526551,124.03
5473,126.9436707,37.4527639,122.79
5474,126.9437204,37.4528956,122.36
5475,126.9437921,37.4530663,120.24
5476,126.9438372,37.4533404,115.79
5477,126.9438393,37.4534842,112.91
5478,126.9438331,37.4536041,111.45
5479,126.9438512,37.4539182,109.28
5480,126.9438625,37.4539351,109.15
5481,126.9438774,37.4539593,107.55
5482,126.9440241,37.4540923,107.55
5483,126.9441569,37.4542041,105.53
5484,126.9444002,37.4543836,103.25
5485,126.9444841,37.4544262,103.36
5486,126.9446032,37.4545097,102.64
5487,126.9401015,37.4430319,388.1
5488,126.9399956,37.4432265,380.0
5489,126.9397985,37.4435184,376.84
5490,126.9398014,37.443754,365.25
5491,126.9397454,37.4438373,363.4
5492,126.939691,37.4439138,361.24
5493,126.93964,37.4440565,357.84
5494,126.9394334,37.4442571,354.54
5495,126.9393792,37.4444346,349.29
5496,126.9394396,37.444531,343.71
5497,126.9395223,37.4445253,341.59
5498,126.9396053,37.4446406,334.78
5499,126.9395885,37.4447923,327.89
5500,126.9397125,37.4450426,320.0
5501,126.9397247,37.4451925,320.65
5502,126.9397513,37.4452618,320.0
5503,126.9397889,37.4453523,319.4
5504,126.9398133,37.4454167,316.1
5505,126.9400297,37.4455043,315.0
5506,126.9401522,37.4455803,310.33
5507,126.9401845,37.4456302,310.0
5508,126.9403367,37.4458052,307.8
5509,126.9403818,37.4458808,305.0
5510,126.9404535,37.4459494,305.0
5511,126.940478,37.4461124,302.5
5512,126.9406459,37.4462893,306.39
5513,126.9408559,37.4464731,302.4
5514,126.9411951,37.446641,295.0
5515,126.9413553,37.4467158,292.86
5516,126.9413448,37.4468402,290.0
5517,126.9413614,37.4469078,289.45
5518,126.941403,37.4469681,285.18
5519,126.941347,37.44706,281.07
5520,126.9413385,37.4472074,275.76
5521,126.9413864,37.4472915,274.36
5522,126.9414156,37.4474345,270.0
5523,126.9416345,37.4476544,268.98
5524,126.9416678,37.44782,265.0
5525,126.9416785,37.4479002,265.0
5526,126.9417751,37.4480226,265.0
5527,126.9419494,37.4482079,265.0
5528,126.941995,37.4482505,265.0
5529,126.9420543,37.4483213,265.0
5530,126.9420539,37.4485004,266.6
5531,126.9421157,37.4485965,269.65
5532,126.9420831,37.4486814,271.13
5533,126.9421895,37.4487999,270.0
5534,126.9423529,37.4489163,262.5
5535,126.9424443,37.448951,263.89
5536,126.9425944,37.4489764,263.34
5537,126.9429101,37.4489975,254.46
5538,126.9432804,37.4490972,243.0
5539,126.9434845,37.4490389,237.12
5540,126.9436821,37.4490309,231.35
5541,126.9437337,37.4490789,229.83
5542,126.9439316,37.4490501,224.54
5543,126.9440204,37.4491028,222.65
5544,126.9440818,37.449246,220.0
5545,126.9440144,37.4493241,219.77
5546,126.9439565,37.4495797,213.28
5547,126.9439074,37.4500726,204.68
5548,126.9438517,37.4502374,200.25
5549,126.9438324,37.450422,196.86
5550,126.9439206,37.4506021,191.47
5551,126.9439691,37.4507046,189.84
5552,126.9439441,37.4508492,185.85
5553,126.9438798,37.4510483,178.08
5554,126.9439134,37.451639,155.31
5555,126.9438484,37.4517245,148.88
5556,126.9438891,37.4520594,143.21
5557,126.9438712,37.4522961,138.21
5558,126.94394,37.4525642,130.34
5559,126.9440431,37.4528877,123.65
5560,126.9442772,37.4535021,118.38
5561,126.9445412,37.4539753,115.45
5562,126.9446574,37.4541358,113.89
5563,126.9448333,37.4543659,110.46
5564,126.9448828,37.4545432,106.73
5565,126.9448768,37.4547904,103.34
5566,126.9449208,37.4550495,101.39
5567,126.9744578,37.4645632,311.76
5568,126.9747031,37.4645315,303.97
5569,126.974946,37.4645249,292.52
5570,126.9751674,37.4645483,
5571,126.9753054,37.4646036,
5572,126.9757667,37.4648293,
5573,126.9758939,37.4648511,
5574,126.9759813,37.4648463,
5575,126.9761449,37.4647761,
5576,126.9764807,37.4646328,
5577,126.9765215,37.4646186,
5578,126.9766277,37.4646143,
5579,126.9767122,37.4645589,
5580,126.9767578,37.4645419,
5581,126.9768172,37.4645023,
5582,126.9768597,37.4645057,
5583,126.9768839,37.4645377,
5584,126.9769362,37.4645728,
5585,126.9770246,37.4646037,
5586,126.9770582,37.4646494,
5587,126.9771199,37.4646611,
5588,126.9771188,37.4647254,
5589,126.9771655,37.4647633,
5590,126.9771789,37.4648229,
5591,126.9771413,37.4648879,
5592,126.9771829,37.4649028,
5593,126.9771937,37.4649571,
5594,126.97714,37.4650167,
5595,126.9772364,37.4650675,
5596,126.9772232,37.4651338,
5597,126.9772057,37.4652157,
5598,126.9772714,37.4651848,
5599,126.9772969,37.4652468,
5600,126.9773274,37.4653004,
5601,126.977427,37.4654424,
5602,126.9775431,37.4655677,
5603,126.9777579,37.4657608,
5604,126.9778454,37.4659023,
5605,126.9779311,37.4660722,
5606,126.9779169,37.4661391,
5607,126.9778994,37.4662115,
5608,126.9779018,37.4663345,
5609,126.9779849,37.4665112,
5610,126.9779665,37.4666282,
5611,126.9777837,37.4668901,
5612,126.9777215,37.4670631,
5613,126.9777029,37.4671942,
5614,126.9776121,37.4672627,
5615,126.9775262,37.4673138,
5616,126.9773734,37.4673308,
5617,126.9772419,37.4673499,
5618,126.97703,37.4673563,
5619,126.9749008,37.4669363,219.93
5620,126.9749064,37.4670262,215.54
5621,126.9748046,37.4670856,212.4
5622,126.9747423,37.4671203,210.36
5623,126.9746943,37.4671856,206.22
5624,126.9746934,37.4672821,202.11
5625,126.9746528,37.4673734,200.0
5626,126.9746659,37.4674568,200.0
5627,126.9746822,37.4675433,200.0
5628,126.9746962,37.4676612,200.0
5629,126.9747246,37.4677654,201.05
5630,126.974775,37.4677233,199.81
5631,126.9748505,37.467701,196.99
5632,126.9749507,37.4676453,192.14
5633,126.9750039,37.4675652,
5634,126.9750755,37.4674935,
5635,126.9751887,37.4674451,
5636,126.9753182,37.4674392,
5637,126.9754332,37.4674676,
5638,126.9755293,37.4675186,
5639,126.9756184,37.4675762,
5640,126.9564907,37.4610141,129.67
5641,126.9546275,37.4660287,96.87
5642,126.9542359,37.4661841,94.61
5643,126.9540455,37.4662012,92.78
5644,126.9537934,37.466182,90.0
5645,126.9526964,37.4659968,80.0
5646,126.9524415,37.4659691,80.47
5647,126.9522243,37.4659563,80.05
5648,126.9514386,37.4659345,77.33
5649,126.951267,37.4659335,76.68
5650,126.9512104,37.465935,76.59
5651,126.9508108,37.4659265,74.5
5652,126.9505264,37.4658967,73.51
5653,126.9491296,37.4656412,62.22
5654,126.9541595,37.4615706,125.0
5655,126.9541017,37.4616441,125.0
5656,126.9538803,37.4618079,115.89
5657,126.9538466,37.4619159,114.42
5658,126.9543947,37.4616562,127.5
5659,126.9562752,37.46121,127.77
5660,126.9562076,37.4612466,127.23
5661,126.9561085,37.4612666,126.4
5662,126.9556253,37.4613918,126.28
5663,126.9550406,37.4614791,127.47
5664,126.9548421,37.4615153,127.31
5665,126.9546731,37.4615919,130.0
5666,126.9577477,37.4596133,153.93
5667,126.9584502,37.4600674,147.93
5668,126.9585098,37.4601054,146.99
5669,126.959095,37.4608182,136.44
5670,126.9587651,37.4614633,125.47
5671,126.959175,37.4613658,126.75
5672,126.959293,37.4615872,125.01
5673,126.9593252,37.4618597,124.98
5674,126.9593434,37.4620513,122.36
5675,126.9592071,37.4627965,107.14
5676,126.9598831,37.4635885,104.23
5677,126.9597114,37.4637758,101.7
5678,126.9600086,37.4639419,109.29
5679,126.959765,37.4642442,103.02
5680,126.9604946,37.4647722,106.02
5681,126.9605954,37.4649142,100.92
5682,126.9609312,37.4653872,95.88
5683,126.9611517,37.4657732,102.77
5684,126.9612239,37.4659323,106.61
5685,126.9612188,37.4661223,105.99
5686,126.961061,37.4671952,96.31
5687,126.9606701,37.4675808,91.52
5688,126.9514181,37.4628922,80.06
5689,126.9518019,37.4625755,85.0
5690,126.9519355,37.4626297,85.0
5691,126.9519992,37.4626273,85.52
5692,126.9520584,37.4625803,86.72
5693,126.9433549,37.4701185,50.43
5694,126.9433643,37.4700163,50.95
5695,126.944222,37.4700225,46.93
5696,126.944193,37.4699368,49.6
5697,126.9441864,37.4699173,49.98
5698,126.9441609,37.4698875,50.0
5699,126.9441374,37.4698633,50.02
5700,126.9441332,37.4698621,50.03
5701,126.9441294,37.4698622,50.03
5702,126.944114,37.4698668,50.04
5703,126.9440828,37.469887,50.05
5704,126.9440684,37.4699037,50.05
5705,126.9439778,37.4700206,50.07
5706,126.9438498,37.470102,50.09
5707,126.9437941,37.4701233,50.11
5708,126.9437653,37.4701265,50.15
5709,126.943709,37.4701238,50.25
5710,126.9433361,37.4703409,50.0
5711,126.9622056,37.4737777,70.03
5712,126.9617683,37.473087,73.24
5713,126.9656265,37.4736173,56.72
5714,126.9654738,37.473533,57.06
5715,126.9655113,37.4729487,60.0
5716,126.9654885,37.4728539,59.76
5717,126.96529,37.4727549,62.99
5718,126.9652404,37.4726687,63.61
5719,126.9652981,37.4719503,65.0
5720,126.965581,37.4719578,64.9
5721,126.9656508,37.4720855,64.47
5722,126.9656695,37.4726315,60.95
5723,126.9658197,37.4727645,60.31
5724,126.9658077,37.4735585,57.3
5725,126.9482054,37.4408121,221.98
5726,126.948492,37.4409061,226.97
5727,126.9486882,37.4410078,229.9
5728,126.9491109,37.4410431,233.7
5729,126.9494086,37.4410538,235.0
5730,126.9495106,37.4410538,235.0
5731,126.9495535,37.4410857,235.19
5732,126.9495615,37.4411283,236.79
5733,126.9496817,37.4411387,239.97
5734,126.9499326,37.4413749,246.36
5735,126.9499961,37.4414307,247.74
5736,126.9500497,37.4416458,249.98
5737,126.9503373,37.4419633,250.77
5738,126.9503447,37.4421143,248.17
5739,126.95034,37.4422367,245.97
5740,126.9503434,37.4422836,245.22
5741,126.9502603,37.4423645,242.73
5742,126.9501986,37.4424668,239.9
5743,126.9501315,37.4425913,233.28
5744,126.9500118,37.4427457,228.76
5745,126.9499692,37.4428171,227.66
5746,126.9500282,37.4429289,225.99
5747,126.95011,37.4429619,226.73
5748,126.950157,37.4430716,227.12
5749,126.9501664,37.4432015,227.41
5750,126.950224,37.4433282,229.3
5751,126.9503206,37.4434293,228.25
5752,126.9503461,37.4434826,228.53
5753,126.9503582,37.4435528,229.2
5754,126.9503783,37.443704,229.25
5755,126.9504518,37.4437619,230.0
5756,126.9504265,37.4438148,229.79
5757,126.9503377,37.4438803,229.25
5758,126.9502616,37.4440544,231.67
5759,126.9502912,37.4442274,233.78
5760,126.9500014,37.4444079,225.26
5761,126.9498619,37.4444291,225.0
5762,126.9497829,37.4444795,224.97
5763,126.9496179,37.4445974,223.31
5764,126.9495642,37.4447124,222.99
5765,126.9494728,37.4448255,223.21
5766,126.9495658,37.4451652,212.47
5767,126.9494914,37.445468,206.44
5768,126.9492692,37.4455067,202.86
5769,126.9490787,37.4455876,202.28
5770,126.9489527,37.4455407,202.98
5771,126.9488496,37.4455787,205.0
5772,126.9487622,37.4456898,206.33
5773,126.9484434,37.4458485,216.88
5774,126.9485093,37.4460363,221.91
5775,126.9483438,37.4461945,220.0
5776,126.948207,37.4462541,217.58
5777,126.9480963,37.446391,211.0
5778,126.94792,37.4465224,203.57
5779,126.9477986,37.4468193,190.21
5780,126.9475568,37.4470334,178.92
5781,126.947001,37.4469422,165.0
5782,126.9409081,37.4427807,401.69
5783,126.9413171,37.4434027,359.64
5784,126.9416568,37.4440302,329.51
5785,126.9420173,37.4447016,325.0
5786,126.9432928,37.4453291,278.41
5787,126.9435562,37.4454557,263.21
5788,126.9438335,37.445885,240.39
5789,126.944194,37.4458134,233.42
5790,126.9446377,37.4461106,213.65
5791,126.9450957,37.4464564,203.46
5792,126.9455666,37.446727,192.05
5793,126.9463292,37.4469362,177.58
5794,126.9467468,37.4470545,165.0
5795,126.9470081,37.4471165,165.18
5796,126.9493148,37.4523867,123.87
5797,126.9491565,37.4524655,132.33
5798,126.9490653,37.452572,136.58
5799,126.9489339,37.4527423,142.63
5800,126.9488642,37.452951,145.04
5801,126.9488615,37.4530937,145.6
5802,126.9488427,37.4531767,141.83
5803,126.9488052,37.4532747,140.47
5804,126.9487166,37.4533896,147.12
5805,126.9486496,37.4534322,148.14
5806,126.9486281,37.4534876,146.67
5807,126.9485477,37.4535579,146.35
5808,126.9484794,37.4536036,147.22
5809,126.9484109,37.4536494,149.38
5810,126.9482982,37.4537218,151.44
5811,126.9481346,37.4537985,148.39
5812,126.9479978,37.4538155,148.48
5813,126.9479147,37.453873,147.19
5814,126.9478181,37.4539369,147.11
5815,126.9477242,37.4540178,149.8
5816,126.9475955,37.4541519,156.59
5817,126.9474989,37.4541817,153.68
5818,126.9474426,37.4541839,153.93
5819,126.9473648,37.4541093,162.53
5820,126.9473353,37.4540476,165.0
5821,126.9473219,37.4539582,167.43
5822,126.9473058,37.45389,170.14
5823,126.9472012,37.4537878,177.85
5824,126.9471288,37.4536515,184.71
5825,126.9470027,37.4535621,195.94
5826,126.9469397,37.4535131,201.76
5827,126.9468753,37.4533673,211.97
5828,126.946772,37.4533588,216.53
5829,126.9467345,37.4532491,220.41
5830,126.946646,37.453149,225.19
5831,126.946595,37.4530341,227.94
5832,126.946595,37.4528488,225.77
5833,126.9466272,37.452655,233.4
5834,126.9466031,37.4525997,234.37
5835,126.9464877,37.4525038,232.34
5836,126.946367,37.4524315,231.53
5837,126.9462624,37.4523293,230.3
5838,126.9461176,37.4521994,230.07
5839,126.9459674,37.4520588,230.0
5840,126.945844,37.4519183,230.51
5841,126.945683,37.4516373,232.26
5842,126.9456589,37.4515265,229.46
5843,126.9453934,37.4511858,224.4
5844,126.9452432,37.4509367,224.47
5845,126.9450849,37.4506524,234.71
5846,126.9450594,37.4505587,235.77
5847,126.9450554,37.4504831,235.0
5848,126.9450675,37.4503575,236.21
5849,126.9450393,37.4502457,235.0
5850,126.9449361,37.4500923,235.0
5851,126.9448878,37.4498986,240.0
5852,126.9448073,37.4496825,237.81
5853,126.9447269,37.4494674,236.25
5854,126.9446746,37.4493833,236.61
5855,126.9446155,37.4493248,235.75
5856,126.9445069,37.4492524,233.24
5857,126.9444197,37.4492076,230.48
5858,126.9442628,37.4491576,225.12
5859,126.9441475,37.4491214,222.44
5860,126.9442642,37.448769,215.02
5861,126.9443956,37.4485624,208.99
5862,126.94446,37.4484347,207.79
5863,126.9444628,37.4482935,205.0
5864,126.9444948,37.4481238,201.15
5865,126.9447389,37.4478959,197.05
5866,126.9449456,37.4477347,192.64
5867,126.9453719,37.4476936,185.72
5868,126.9455811,37.4476872,185.0
5869,126.9457917,37.4477029,180.71
5870,126.9463276,37.4478359,171.08
5871,126.9393377,37.4705104,43.54
5872,126.9395111,37.4704973,43.77
5873,126.9396691,37.4704935,43.91
5874,126.9397006,37.4704928,43.94
5875,126.9414518,37.4706695,45.2
5876,126.9422228,37.4707404,46.16
5877,126.94243,37.4707508,46.62
5878,126.9426021,37.4707424,47.69
5879,126.9427994,37.4707171,49.0
5880,126.9429696,37.4706845,48.73
5881,126.943166,37.470627,47.0
5882,126.943216,37.4706124,47.03
5883,126.9434575,37.4705165,47.07
5884,126.9436903,37.470403,46.3
5885,126.9441311,37.4700906,47.14
5886,126.9443661,37.4699145,47.12
5887,126.9444734,37.4698428,47.59
5888,126.9445844,37.4697594,49.93
5889,126.9562774,37.4741765,100.09
5890,126.9547945,37.4731594,104.84
5891,126.9547516,37.4733042,102.12
5892,126.9547194,37.4733595,100.69
5893,126.9544512,37.4734659,94.14
5894,126.9541347,37.4736064,87.94
5895,126.9539416,37.4736149,83.57
5896,126.953786,37.4735809,80.0
5897,126.9503873,37.4526496,133.14
5898,126.9504738,37.4524376,133.97
5899,126.9504158,37.4522487,134.11
5900,126.9503776,37.4521245,134.65
5901,126.9504457,37.4522078,134.65
5902,126.9505129,37.4521159,135.39
5903,126.945544,37.456272,95.68
5904,126.945444,37.456277,96.83
5905,126.945385,37.456265,97.34
5906,126.9452686,37.4562519,98.39
5907,126.945162,37.456236,99.74
5908,126.945051,37.456244,102.01
5909,126.944965,37.45624,103.73
5910,126.944851,37.456246,106.05
5911,126.944738,37.456245,108.0
5912,126.9445539,37.4562717,109.18
5913,126.9445308,37.4562148,110.0
5914,126.944509,37.456151,110.0
5915,126.944409,37.456085,110.03
5916,126.94431,37.456012,113.21
5917,126.944202,37.455984,115.61
5918,126.9440989,37.4559482,117.68
5919,126.9439869,37.4558912,120.0
5920,126.9439261,37.4558029,120.0
5921,126.943817,37.455751,121.3
5922,126.943778,37.455671,123.43
5923,126.943682,37.455612,125.0
5924,126.94358,37.455557,126.6
5925,126.943505,37.455522,128.16
5926,126.943432,37.455506,128.86
5927,126.943337,37.455446,130.0
5928,126.943242,37.455391,130.0
5929,126.94312,37.455386,130.0
5930,126.94301,37.455366,133.73
5931,126.942912,37.455322,131.5
5932,126.942804,37.455305,131.32
5933,126.942676,37.455294,133.9
5934,126.942575,37.455311,135.0
5935,126.942451,37.455338,135.0
5936,126.9423406,37.4553763,137.44
5937,126.942244,37.455472,140.0
5938,126.942105,37.455504,140.0
5939,126.9420063,37.455487,140.1
5940,126.941989,37.455484,140.52
5941,126.941887,37.455453,143.71
5942,126.94178,37.45549,144.57
5943,126.941659,37.455506,145.11
5944,126.941535,37.4555,147.38
5945,126.941409,37.455547,149.87
5946,126.941319,37.455614,152.23
5947,126.941223,37.455665,154.84
5948,126.941121,37.455692,157.46
5949,126.941016,37.455675,159.91
5950,126.940901,37.455647,162.37
5951,126.940784,37.455632,164.92
5952,126.940662,37.455617,167.09
5953,126.940555,37.455605,168.96
5954,126.94043,37.455596,171.05
5955,126.9403381,37.4555447,172.93
5956,126.940222,37.455567,175.2
5957,126.940119,37.455536,178.02
5958,126.94,37.455526,180.0
5959,126.9399127,37.4555278,182.42
5960,126.9398128,37.4555016,186.13
5961,126.939734,37.455471,188.91
5962,126.939676,37.45551,192.17
5963,126.939583,37.455539,196.31
5964,126.939492,37.45558,200.14
5965,126.939391,37.455625,204.16
5966,126.9392645,37.4556892,209.51
5967,126.9391599,37.4557424,213.86
5968,126.9391277,37.4558191,215.06
5969,126.9390097,37.4559554,217.78
5970,126.9389212,37.4560661,221.67
5971,126.938881,37.4561385,223.81
5972,126.9388649,37.4562087,224.59
5973,126.9388756,37.4563216,225.02
5974,126.9388998,37.4564579,228.6
5975,126.9388676,37.4565537,232.98
5976,126.9388193,37.4566644,238.21
5977,126.9387227,37.4567581,240.0
5978,126.9386396,37.4568219,237.97
5979,126.9406164,37.4421548,427.51
5980,126.9408148,37.4420739,417.85
5981,126.9410026,37.4420291,415.0
5982,126.9412172,37.4420951,415.62
5983,126.9414371,37.4422655,410.37
5984,126.9416892,37.4424061,397.94
5985,126.9419199,37.4424103,387.25
5986,126.9421452,37.44247,373.43
5987,126.9423276,37.4425551,365.15
5988,126.9424993,37.4427383,357.26
5989,126.9426978,37.4429385,353.12
5990,126.9427782,37.4430535,347.39
5991,126.9428265,37.4432025,344.86
5992,126.9428533,37.4432536,342.93
5993,126.9429499,37.4433346,339.73
5994,126.9430786,37.4433985,334.73
5995,126.9432557,37.4436881,325.0
5996,126.943379,37.4438329,324.73
5997,126.9434863,37.4439053,316.4
5998,126.9436634,37.4439436,309.65
5999,126.9438028,37.4439947,304.1
6000,126.944012,37.4441438,293.07
6001,126.9442856,37.4444036,277.63
6002,126.9443339,37.4445186,270.53
6003,126.9443446,37.4447102,257.68
6004,126.9443929,37.4448721,247.42
6005,126.9444787,37.444953,243.88
6006,126.944688,37.4449913,241.73
6007,126.9450581,37.4450808,236.5
6008,126.9453049,37.4450893,232.36
6009,126.9456589,37.4450765,226.89
6010,126.9459915,37.4450297,220.04
6011,126.9461471,37.4450808,217.59
6012,126.9462866,37.4451489,215.37
6013,126.946426,37.4451319,213.21
6014,126.9466352,37.4450978,209.72
6015,126.9467479,37.4451489,206.18
6016,126.9468766,37.4452213,201.49
6017,126.9470832,37.4453044,193.21
6018,126.9472092,37.445315,187.49
6019,126.9489547,37.4464239,190.1
6020,126.9488333,37.4464846,190.21
6021,126.9488112,37.4465688,187.61
6022,126.9487602,37.4466028,186.72
6023,126.9486509,37.4466449,185.71
6024,126.9484511,37.4467066,184.53
6025,126.9482768,37.4468695,182.7
6026,126.9480715,37.4470399,177.67
6027,126.9479562,37.4470804,176.45
6028,126.9478825,37.4471272,175.51
6029,126.9477215,37.4472486,174.13
6030,126.9476558,37.4473018,172.7
6031,126.9476263,37.4473561,171.52
6032,126.9475123,37.4474232,170.0
6033,126.9473769,37.4474732,167.5
6034,126.9472589,37.4474738,165.64
6035,126.947228,37.4474546,165.67
6036,126.9472092,37.44742,166.1
6037,126.9471697,37.4474046,165.41
6038,126.9470432,37.447388,164.99
6039,126.9490331,37.4461663,195.0
6040,126.9490298,37.4462243,194.26
6041,126.9490492,37.4462701,193.65
6042,126.9491485,37.4463297,192.39
6043,126.9493792,37.4469227,200.0
6044,126.9492357,37.4469206,200.0
6045,126.9492061,37.4469217,200.0
6046,126.9491512,37.44696,200.0
6047,126.9490921,37.4470335,197.74
6048,126.9490372,37.4471016,195.17
6049,126.9489581,37.4471772,195.15
6050,126.948887,37.4472262,195.7
6051,126.9488159,37.4472592,195.46
6052,126.9487287,37.4472763,195.14
6053,126.9487019,37.4473029,195.0
6054,126.9486362,37.4473487,192.53
6055,126.948604,37.4473998,189.75
6056,126.9484457,37.4474956,183.63
6057,126.9482875,37.4475786,179.86
6058,126.9481131,37.4476617,176.52
6059,126.9480246,37.4476936,175.0
6060,126.9478717,37.4476958,175.0
6061,126.9477671,37.4476361,171.65
6062,126.9470443,37.4474519,165.0
6063,126.9470328,37.4475616,165.0
6064,126.9470443,37.4473961,165.0
6065,126.9743827,37.4478183,448.49
6066,126.9744739,37.4478757,443.41
6067,126.9745999,37.4481472,431.56
6068,126.9747314,37.4483367,422.75
6069,126.9748574,37.4485646,417.84
6070,126.9750613,37.4487605,
6071,126.9753402,37.4491182,
6072,126.9755173,37.4493183,
6073,126.9755977,37.4495228,
6074,126.9757587,37.4496867,
6075,126.9758552,37.4499103,
6076,126.9760698,37.4501999,
6077,126.9761342,37.4502872,
6078,126.9761717,37.4503788,
6079,126.9763273,37.4505066,
6080,126.976499,37.4506301,
6081,126.9766331,37.4506726,
6082,126.9767243,37.4507365,
6083,126.9768906,37.4507706,
6084,126.9770086,37.4508302,
6085,126.9770783,37.4509154,
6086,126.9771534,37.4509367,
6087,126.97725,37.4508898,
6088,126.9773787,37.4508217,
6089,126.9774753,37.4507749,
6090,126.9776148,37.4508089,
6091,126.9777542,37.4509069,
6092,126.9779098,37.4510219,
6093,126.9781136,37.4511496,
6094,126.9782799,37.4512816,
6095,126.9784248,37.4513838,
6096,126.978516,37.451469,
6097,126.9785589,37.4516096,
6098,126.978575,37.4517586,
6099,126.9787306,37.451946,
6100,126.978972,37.4521759,
6101,126.97909,37.4522696,
6102,126.9792777,37.4523207,
6103,126.9795191,37.4523718,
6104,126.9796693,37.452457,
6105,126.9798624,37.4526188,
6106,126.9799483,37.4527296,
6107,126.980077,37.4528403,
6108,126.9801789,37.4528871,
6109,126.9803774,37.4528829,
6110,126.9805008,37.4528999,
6111,126.9807047,37.4530532,
6112,126.9809031,37.4532406,
6113,126.9809407,37.4533769,
6114,126.9809246,37.4535302,
6115,126.9809836,37.453692,
6116,126.9811338,37.453807,
6117,126.9813806,37.4540071,
6118,126.9815952,37.4541945,
6119,126.9818902,37.4544202,
6120,126.9820297,37.4545778,
6121,126.982094,37.4547311,
6122,126.9821691,37.4548503,
6123,126.9823033,37.4549653,
6124,126.9824642,37.4550206,
6125,126.9827217,37.4548971,
6126,126.9829497,37.4548503,
6127,126.9832152,37.454812,
6128,126.983698,37.4547992,
6129,126.9839823,37.4547907,
6130,126.9842184,37.45468,
6131,126.9845509,37.4545948,
6132,126.9846958,37.4545267,
6133,126.9849318,37.4545096,
6134,126.9851732,37.4544969,
6135,126.9854093,37.454467,
6136,126.9855756,37.4543946,
6137,126.9858813,37.4541689,
6138,126.9861013,37.4540966,
6139,126.986407,37.4541391,
6140,126.9866055,37.454186,
6141,126.9869006,37.4543989,
6142,126.9871312,37.4544756,
6143,126.9873136,37.4544202,
6144,126.9874531,37.4543308,
6145,126.987732,37.454301,
6146,126.9879574,37.4543052,
6147,126.9881719,37.4544543,
6148,126.988349,37.4547268,
6149,126.988467,37.4548546,
6150,126.9886118,37.4549057,
6151,126.9890195,37.4549057,
6152,126.9891348,37.4549121,
6153,126.989218,37.4549355,
6154,126.9893038,37.4550036,
6155,126.9892958,37.4551292,
6156,126.989269,37.4552527,
6157,126.9893092,37.4554635,
6158,126.9893762,37.4556743,
6159,126.9894594,37.4557488,
6160,126.9896257,37.4559192,
6161,126.9896712,37.4559541,
6162,126.989709,37.455982,
6163,126.965359,37.4458564,562.29
6164,126.9653758,37.4457867,559.74
6165,126.9654013,37.4457441,557.93
6166,126.965408,37.4456856,556.39
6167,126.9653906,37.4455354,550.18
6168,126.9653557,37.4454002,544.02
6169,126.9653437,37.4452799,542.5
6170,126.9653302,37.4451617,541.26
6171,126.9653289,37.4450999,540.71
6172,126.9653825,37.4450318,538.99
6173,126.965412,37.4449477,539.41
6174,126.965412,37.4448444,541.4
6175,126.9653852,37.4447294,541.31
6176,126.9653155,37.4445527,538.44
6177,126.9652806,37.4444057,534.0
6178,126.9652699,37.4443461,530.15
6179,126.9652739,37.4442992,526.42
6180,126.965353,37.4442375,518.99
6181,126.9654657,37.4441843,512.35
6182,126.9655193,37.4441374,508.49
6183,126.9655384,37.4440177,503.53
6184,126.965575,37.4439697,501.26
6185,126.9656782,37.4438627,494.93
6186,126.9660692,37.4440898,488.32
6187,126.9659203,37.4439372,490.85
6188,126.9657715,37.4438446,490.31
6189,126.9656434,37.4437189,494.96
6190,126.965642,37.4436689,494.57
6191,126.9656742,37.443604,492.59
6192,126.9657272,37.4435459,491.39
6193,126.9656796,37.4434671,496.1
6194,126.965626,37.4434219,497.84
6195,126.9655428,37.4433814,501.15
6196,126.9654872,37.4433218,503.63
6197,126.9655395,37.4432462,504.16
6198,126.9655435,37.4431339,508.94
6199,126.9653725,37.4430817,514.47
6200,126.9654449,37.4430071,516.86
6201,126.9654543,37.4429209,522.11
6202,126.9653678,37.4429129,523.24
6203,126.965294,37.4428623,527.58
6204,126.9653182,37.4428118,529.39
6205,126.9652504,37.442693,538.07
6206,126.9652746,37.4425908,540.52
6207,126.9652269,37.4425685,542.16
6208,126.9664782,37.449148,390.12
6209,126.9663843,37.4490075,395.01
6210,126.966328,37.4488648,400.0
6211,126.9663173,37.4487583,400.11
6212,126.9663468,37.4486923,403.69
6213,126.9663897,37.4486497,405.98
6214,126.9664621,37.4486008,408.55
6215,126.9665721,37.4485411,411.46
6216,126.9667572,37.4484325,419.66
6217,126.9668403,37.4483176,420.04
6218,126.966902,37.4482302,425.01
6219,126.9669369,37.4481302,429.82
6220,126.9669047,37.4479044,442.57
6221,126.9668591,37.4477171,454.4
6222,126.9668162,37.4475808,461.09
6223,126.9667143,37.4472699,478.0
6224,126.9666392,37.4471038,488.08
6225,126.9665801,37.4469568,496.73
6226,126.9665533,37.446827,503.45
6227,126.9665587,37.4467609,506.0
6228,126.9665882,37.4466694,509.14
6229,126.9665962,37.4465288,515.4
6230,126.9665319,37.4463201,524.39
6231,126.9664782,37.4461924,536.37
6232,126.9662529,37.4459709,544.79
6233,126.9661429,37.4458261,535.89
6234,126.9660974,37.4457409,530.49
6235,126.9660518,37.4454641,519.53
6236,126.9660357,37.4452959,510.35
6237,126.9660357,37.4452,508.34
6238,126.9660169,37.4451276,507.96
6239,126.9659659,37.4450382,508.93
6240,126.9659445,37.4448827,517.41
6241,126.9659364,37.4445825,515.53
6242,126.965915,37.4444079,505.3
6243,126.9659418,37.4443014,500.3
6244,126.9659847,37.4442077,495.52
6245,126.9657809,37.4559916,384.17
6246,126.9655314,37.455983,375.22
6247,126.9652927,37.4560192,368.61
6248,126.9650057,37.4561065,361.14
6249,126.9647911,37.4562045,354.36
6250,126.9646221,37.4563109,350.74
6251,126.9645873,37.456411,350.03
6252,126.9646275,37.4565856,343.83
6253,126.9646999,37.4567474,338.94
6254,126.9647884,37.4569135,337.07
6255,126.9649279,37.4571222,329.16
6256,126.9649789,37.4572286,325.34
6257,126.9650003,37.4573585,325.56
6258,126.9649976,37.4575033,322.28
6259,126.9649386,37.457631,316.75
6260,126.9648072,37.4578716,305.15
6261,126.9647493,37.457955,300.24
6262,126.9647053,37.4580185,298.71
6263,126.9645631,37.4581207,292.22
6264,126.964488,37.4582101,286.72
6265,126.9642949,37.4583315,284.29
6266,126.9640106,37.4584529,275.6
6267,126.9637746,37.4585615,272.68
6268,126.9636378,37.4586445,274.77
6269,126.9635278,37.4587318,276.0
6270,126.9634259,37.4588766,277.02
6271,126.9633937,37.4589277,276.59
6272,126.9633427,37.4589596,274.77
6273,126.9632247,37.4589873,271.49
6274,126.9630718,37.4590533,265.58
6275,126.9630235,37.4591108,263.24
6276,126.9627097,37.4594386,246.37
6277,126.9626051,37.4595281,245.18
6278,126.9625273,37.4595706,242.05
6279,126.9623423,37.4596026,233.24
6280,126.9622296,37.459643,230.7
6281,126.9621143,37.4597921,229.14
6282,126.9617683,37.4602903,216.73
6283,126.9616422,37.4604542,213.26
6284,126.9615161,37.4605841,204.2
6285,126.9613793,37.4606799,195.2
6286,126.9611379,37.4608119,189.97
6287,126.9609824,37.4609056,186.67
6288,126.9608322,37.4610333,183.73
6289,126.9607383,37.461127,180.18
6290,126.9606847,37.4611781,178.08
6291,126.9606096,37.4611611,177.31
6292,126.9605157,37.4611462,175.25
6293,126.9603789,37.4611313,171.08
6294,126.9602555,37.461176,166.17
6295,126.9601724,37.4612707,161.18
6296,126.9602649,37.4613048,162.57
6297,126.9603427,37.4613612,162.62
6298,126.9603695,37.4613857,162.34
6299,126.9603936,37.4614123,161.91
6300,126.9604366,37.4614517,161.63
6301,126.9605009,37.4614719,163.04
6302,126.960576,37.4614879,164.97
6303,126.9606028,37.4614964,165.52
6304,126.9606538,37.4615826,163.28
6305,126.9606806,37.4616305,161.26
6306,126.9607168,37.4616859,159.29
6307,126.9607088,37.4617253,157.79
6308,126.9607303,37.4618072,154.3
6309,126.960741,37.4618519,152.37
6310,126.9607356,37.4619211,150.03
6311,126.9606967,37.4619786,148.37
6312,126.9606793,37.4620254,146.68
6313,126.960682,37.4620638,145.32
6314,126.9605908,37.4621489,140.75
6315,126.9605479,37.462232,138.04
6316,126.9605318,37.4623107,135.83
6317,126.96058,37.4623682,133.67
6318,126.9606122,37.4623991,132.36
6319,126.9606672,37.4624438,130.47
6320,126.9607034,37.4624843,129.74
6321,126.9606525,37.4648719,104.11
6322,126.9607986,37.4649997,101.06
6323,126.960985,37.4650369,102.15
6324,126.9612989,37.4650475,102.51
6325,126.9615913,37.4649166,103.74
6326,126.9617091,37.4649423,102.19
6327,126.9617575,37.4649528,102.35
6328,126.9618675,37.4649166,105.02
6329,126.9620794,37.4648485,110.26
6330,126.9623932,37.4648825,112.83
6331,126.9626373,37.4648676,114.44
6332,126.9628733,37.4649166,116.05
6333,126.9631523,37.4650358,124.27
6334,126.9635171,37.4652657,130.31
6335,126.9637102,37.4653935,135.0
6336,126.9641098,37.4655957,144.08
6337,126.9616958,37.4632709,146.62
6338,126.9618782,37.4633667,142.12
6339,126.9620419,37.4634945,142.42
6340,126.9622511,37.4637819,141.62
6341,126.9624147,37.4638862,142.26
6342,126.9625032,37.4638947,142.87
6343,126.9626239,37.4638926,142.14
6344,126.9627607,37.4638926,140.48
6345,126.9631818,37.463784,140.01
6346,126.9634581,37.4636435,141.47
6347,126.9636619,37.4636115,142.25
6348,126.9637961,37.4636073,144.44
6349,126.9639676,37.4636052,145.91
6350,126.964201,37.463586,147.53
6351,126.9642103,37.4636723,147.19
6352,126.9642198,37.4637605,151.57
6353,126.9642386,37.4638947,157.85
6354,126.9642171,37.4641374,161.56
6355,126.9641796,37.4643397,159.55
6356,126.9642144,37.4644078,161.13
6357,126.9641876,37.4645121,161.68
6358,126.9641393,37.4646037,161.25
6359,126.9642439,37.4646654,165.29
6360,126.9642815,37.4648123,164.3
6361,126.9643083,37.4648975,162.57
6362,126.9644397,37.4649336,163.89
6363,126.9644827,37.4651018,160.86
6364,126.9645873,37.4652147,161.44
6365,126.9646382,37.4654233,160.24
6366,126.9646999,37.4655255,160.89
6367,126.9684437,37.4591764,368.34
6368,126.9683477,37.4592662,370.0
6369,126.9682538,37.4593322,367.08
6370,126.9681305,37.459445,359.99
6371,126.9680634,37.4594876,358.27
6372,126.9679561,37.4594897,353.87
6373,126.9678622,37.4595132,347.55
6374,126.9678113,37.4595643,344.39
6375,126.9676906,37.4597516,338.15
6376,126.967586,37.4599241,331.43
6377,126.9674545,37.460039,325.29
6378,126.9672748,37.4601923,313.94
6379,126.9670361,37.4603541,302.63
6380,126.9669047,37.4604436,300.0
6381,126.9667679,37.4605117,298.9
6382,126.9665989,37.4605543,294.78
6383,126.9664219,37.4605969,290.0
6384,126.96621,37.460648,290.02
6385,126.9660625,37.460748,292.09
6386,126.9659901,37.4608119,287.84
6387,126.9659498,37.460863,283.85
6388,126.9658291,37.4608864,279.02
6389,126.9655851,37.4609545,268.79
6390,126.9654241,37.4609971,264.73
6391,126.9652712,37.4610887,257.31
6392,126.965121,37.4612164,247.16
6393,126.9649655,37.4613804,237.6
6394,126.9648957,37.4614549,234.28
6395,126.9647911,37.4614996,230.42
6396,126.9646221,37.4615422,226.63
6397,126.96448,37.4615464,225.0
6398,126.9643432,37.4615762,224.16
6399,126.9642037,37.4617338,219.74
6400,126.9640589,37.4618743,214.55
6401,126.9639301,37.4619424,214.79
6402,126.9637209,37.4620446,210.0
6403,126.9635358,37.4621298,205.96
6404,126.9634178,37.4622064,202.98
6405,126.9633159,37.4622596,200.01
6406,126.9632032,37.462398,195.27
6407,126.9631067,37.4624896,189.69
6408,126.9629216,37.4626237,185.37
6409,126.9627714,37.4626769,185.0
6410,126.9625381,37.4626833,180.36
6411,126.9623128,37.4627302,177.39
6412,126.9621062,37.4628962,167.24
6413,126.9619024,37.4630772,156.64
6414,126.9616261,37.4631975,146.0
6415,126.9615403,37.4631091,142.72
6416,126.9614544,37.4630229,138.33
6417,126.9613391,37.4629239,130.06
6418,126.9612278,37.4628281,124.87
6419,126.9611675,37.4627919,121.8
6420,126.9610431,37.4627565,121.01
6421,126.9610065,37.4627461,122.48
6422,126.9682548,37.4588104,373.24
6423,126.9683719,37.4587275,369.17
6424,126.9684014,37.4586509,366.87
6425,126.9683826,37.4586062,368.86
6426,126.9684201,37.4585487,365.41
6427,126.9684577,37.458504,363.1
6428,126.968455,37.4583549,362.67
6429,126.9684832,37.4582612,360.17
6430,126.9684362,37.4581633,360.85
6431,126.9684349,37.4580781,356.74
6432,126.9684483,37.4580047,353.61
6433,126.9683343,37.4579823,352.3
6434,126.9682538,37.4579983,351.89
6435,126.9682646,37.4578056,341.8
6436,126.9682122,37.457729,338.26
6437,126.9682592,37.4576278,333.67
6438,126.9688734,37.4556658,320.26
6439,126.9689271,37.4556232,318.42
6440,126.9689512,37.4555402,318.33
6441,126.9690156,37.4554699,317.47
6442,126.9691229,37.4553954,317.98
6443,126.9692624,37.4553081,319.85
6444,126.9693696,37.4551739,327.23
6445,126.9694233,37.4550292,336.87
6446,126.9695225,37.4549248,343.68
6447,126.9697049,37.454812,352.74
6448,126.9698095,37.4547651,359.2
6449,126.9700536,37.4547524,371.13
6450,126.9702843,37.4547162,386.44
6451,126.9704264,37.4546821,397.95
6452,126.9706464,37.4545905,415.11
6453,126.9707403,37.4545224,416.98
6454,126.9707582,37.4544833,415.12
6455,126.9707724,37.4544521,415.0
6456,126.970759,37.454318,419.05
6457,126.9706705,37.4542264,422.1
6458,126.9705176,37.4540689,432.14
6459,126.9704533,37.453956,438.63
6460,126.9703352,37.4537431,451.13
6461,126.9451743,37.4576131,91.52
6462,126.9450729,37.4576917,94.06
6463,126.9449656,37.4577683,96.91
6464,126.9449092,37.4578205,98.52
6465,126.9448878,37.4578769,100.09
6466,126.9448704,37.4579706,102.65
6467,126.944869,37.4580675,105.04
6468,126.9448408,37.458126,106.41
6469,126.9447671,37.4581612,108.27
6470,126.9446196,37.4582304,111.87
6471,126.9445284,37.4582879,113.96
6472,126.9443406,37.4584475,121.45
6473,126.9442132,37.4585551,127.76
6474,126.9441301,37.4586349,132.83
6475,126.9440617,37.458702,137.25
6476,126.9439799,37.4587925,142.6
6477,126.9439021,37.4589064,148.65
6478,126.9438726,37.458999,152.41
6479,126.9438511,37.4590991,156.07
6480,126.9438484,37.4592055,159.15
6481,126.943827,37.4593875,165.0
6482,126.9438162,37.459478,166.76
6483,126.9437559,37.4595547,168.91
6484,126.9436754,37.4596047,171.96
6485,126.9435386,37.4596484,177.81
6486,126.9432878,37.4597261,184.41
6487,126.9431832,37.4597484,184.27
6488,126.9430464,37.4597367,185.7
6489,126.9429244,37.4597484,185.82
6490,126.9428091,37.4597846,186.35
6491,126.9426616,37.4598538,187.87
6492,126.9425395,37.4599773,191.92
6493,126.942506,37.4600295,193.44
6494,126.9425115,37.4600568,194.06
6495,126.9583887,37.4415841,499.33
6496,126.9580936,37.4415926,488.27
6497,126.9579327,37.4415841,474.97
6498,126.9576967,37.4415159,460.89
6499,126.9575143,37.4414691,450.35
6500,126.9573748,37.4414499,441.03
6501,126.9572648,37.4414627,433.85
6502,126.957171,37.4414882,427.74
6503,126.9569188,37.4416692,411.76
6504,126.9567981,37.4417289,404.56
6505,126.9566426,37.4417651,396.16
6506,126.9562671,37.4417587,383.78
6507,126.9558164,37.4417395,365.28
6508,126.9555938,37.4417438,358.25
6509,126.955457,37.441797,354.72
6510,126.9552264,37.441895,347.76
6511,126.9547918,37.4421548,340.84
6512,126.9546175,37.4422698,335.76
6513,126.9543573,37.4424785,330.0
6514,126.9542447,37.4425615,324.87
6515,126.9540918,37.4426488,317.63
6516,126.9538531,37.4427276,304.45
6517,126.9537887,37.4427596,300.33
6518,126.9538222,37.4427937,299.31
6519,126.9539309,37.4428874,298.97
6520,126.9540033,37.4429363,299.78
6521,126.9540583,37.4429832,299.87
6522,126.9540837,37.4430716,297.58
6523,126.9541092,37.4431429,297.54
6524,126.9540784,37.4433378,297.98
6525,126.9540341,37.4434826,297.89
6526,126.9539604,37.4436881,295.98
6527,126.9538866,37.443786,293.84
6528,126.9538142,37.4438819,294.24
6529,126.9537391,37.4439681,294.6
6530,126.9536184,37.4441055,292.77
6531,126.9535889,37.4441768,292.46
6532,126.9535862,37.4442652,293.36
6533,126.9536251,37.4443898,293.81
6534,126.953672,37.4444877,292.38
6535,126.9536881,37.4446048,291.22
6536,126.9536854,37.4447039,292.21
6537,126.9536331,37.4448007,293.25
6538,126.9535165,37.4449253,292.33
6539,126.9534601,37.4449754,290.53
6540,126.9534494,37.445018,289.31
6541,126.9534534,37.4450616,287.93
6542,126.9534856,37.4451276,287.57
6543,126.9535714,37.445265,286.07
6544,126.9380666,37.4650625,77.88
6545,126.9381139,37.4649464,79.22
6546,126.9381031,37.4648336,80.01
6547,126.9381434,37.4647654,80.94
6548,126.9382077,37.4646803,82.22
6549,126.9382399,37.4645675,83.79
6550,126.9381729,37.464478,84.96
6551,126.9381809,37.4643695,85.0
6552,126.9382507,37.4642694,86.35
6553,126.938256,37.4641417,87.74
6554,126.9382721,37.4639607,90.16
6555,126.9382882,37.4637457,93.78
6556,126.9383338,37.4636754,95.1
6557,126.938433,37.4636052,98.34
6558,126.9385484,37.4635243,101.69
6559,126.9386047,37.4634647,104.18
6560,126.9386342,37.463371,106.73
6561,126.9387013,37.4633007,109.11
6562,126.9388944,37.4630963,116.68
6563,126.9390741,37.462926,124.62
6564,126.9392216,37.4628409,129.87
6565,126.9393557,37.4628132,133.15
6566,126.9394898,37.462777,137.25
6567,126.9396427,37.4627663,142.78
6568,126.9397473,37.4627429,146.8
6569,126.9398305,37.4626791,149.96
6570,126.9398466,37.4625087,152.6
6571,126.9398546,37.4623703,155.0
6572,126.9398949,37.4623043,155.0
6573,126.9399512,37.4622618,155.0
6574,126.9399592,37.4621851,155.98
6575,126.9400343,37.4621085,157.14
6576,126.940147,37.4619169,159.65
6577,126.9402167,37.461787,163.61
6578,126.9403401,37.4616827,166.72
6579,126.9404554,37.4616252,169.05
6580,126.9406083,37.4614634,176.96
6581,126.9406942,37.4613378,182.37
6582,126.9409221,37.4610269,188.95
6583,126.9410053,37.4609396,191.87
6584,126.9411233,37.4609162,196.65
6585,126.941244,37.46088,198.95
6586,126.9412923,37.4608225,198.42
6587,126.9413164,37.4607629,197.41
6588,126.9446839,37.4572542,95.0
6589,126.9445485,37.4572627,98.33
6590,126.9443929,37.4572669,100.0
6591,126.9443258,37.4572594,100.98
6592,126.94424,37.4571903,103.09
6593,126.9441783,37.457169,104.25
6594,126.9441006,37.4571594,105.93
6595,126.9440617,37.45717,106.71
6596,126.9439316,37.4572435,110.14
6597,126.9438618,37.4572605,112.09
6598,126.9437787,37.457252,114.54
6599,126.943666,37.4571956,118.06
6600,126.9436017,37.457152,119.99
6601,126.9435024,37.4571222,122.96
6602,126.9433522,37.4571072,126.83
6603,126.9432114,37.4571051,130.63
6604,126.9431269,37.4571434,133.11
6605,126.943076,37.4573957,140.25
6606,126.9430304,37.4575671,145.58
6607,126.9430196,37.4576757,146.18
6608,126.9429955,37.457763,146.68
6609,126.9429043,37.4578397,149.24
6610,126.9428238,37.4579099,153.59
6611,126.9428265,37.4579632,155.4
6612,126.9429311,37.4580334,153.12
6613,126.9430464,37.4581229,150.27
6614,126.9431242,37.458191,149.97
6615,126.9431162,37.4583187,155.92
6616,126.9430974,37.4584433,160.45
6617,126.943092,37.4584912,161.86
6618,126.9430304,37.4586211,166.87
6619,126.9430317,37.4586903,169.03
6620,126.9429177,37.4587829,174.83
6621,126.9428292,37.4588979,180.79
6622,126.9427782,37.4590192,185.37
6623,126.9427621,37.4591065,188.5
6624,126.9427219,37.4591789,191.64
6625,126.9425046,37.4593258,198.94
6626,126.9424564,37.4593854,201.22
6627,126.9424537,37.4594855,202.9
6628,126.9424403,37.4595323,203.36
6629,126.9423652,37.4594791,204.52
6630,126.9422096,37.4593726,205.0
6631,126.9420701,37.4592917,207.33
6632,126.9419655,37.4592321,210.01
6633,126.9418958,37.4592002,210.56
6634,126.9417992,37.4592215,208.77
6635,126.9416168,37.4592555,203.94
6636,126.9414881,37.459279,200.15
6637,126.9414103,37.459345,199.98
6638,126.941303,37.4594748,199.82
6639,126.9412655,37.459609,205.0
6640,126.9412521,37.4596707,205.0
6641,126.9445834,37.4563578,107.77
6642,126.944629,37.4565643,103.12
6643,126.9446558,37.4567176,98.95
6644,126.9446611,37.4567645,97.61
6645,126.9445968,37.4568028,95.67
6646,126.9445619,37.4568667,95.0
6647,126.9446048,37.4569603,93.56
6648,126.9446611,37.4570455,92.58
6649,126.9446719,37.4572158,95.0
6650,126.9448355,37.4573031,94.32
6651,126.9449374,37.4573393,93.05
6652,126.9450849,37.4574288,91.58
6653,126.9451332,37.4575309,91.57
6654,126.9451989,37.4576544,91.66
6655,126.9452646,37.4577013,91.95
6656,126.9454309,37.4577481,90.11
6657,126.9455422,37.4577641,88.7
6658,126.9455932,37.4577833,88.32
6659,126.9456589,37.4578205,88.07
6660,126.9458091,37.4578823,86.91
6661,126.9459901,37.4579259,84.9
6662,126.9460787,37.45796,84.04
6663,126.9462208,37.4580547,82.72
6664,126.9437894,37.4524017,134.23
6665,126.9436312,37.4524485,129.24
6666,126.9473152,37.4542445,150.64
6667,126.9471945,37.4542541,147.51
6668,126.9471073,37.45422,146.26
6669,126.9469517,37.4542222,143.56
6670,126.9466943,37.4542307,141.51
6671,126.9465011,37.4542605,138.71
6672,126.9462651,37.4542413,134.47
6673,126.94608,37.4542903,130.04
6674,126.9457957,37.4543563,123.01
6675,126.9456214,37.4544372,117.38
6676,126.9454577,37.4545543,112.39
6677,126.9453397,37.4546864,108.47
6678,126.9452673,37.4547886,105.61
6679,126.9450903,37.4548141,104.24
6680,126.9490981,37.4475241,189.56
6681,126.9483274,37.4476808,177.78
6682,126.9470349,37.4475669,165.0
6683,126.9470939,37.4476585,165.0
6684,126.9471503,37.4477682,164.17
6685,126.9531634,37.4460663,252.47
6686,126.9530082,37.4460433,246.3
6687,126.9529438,37.4460103,243.01
6688,126.9527319,37.4459816,239.65
6689,126.9525616,37.4459443,237.52
6690,126.9524798,37.4458623,235.0
6691,126.9524002,37.4458256,234.66
6692,126.9522357,37.4458612,230.87
6693,126.9521037,37.4458596,229.91
6694,126.9519353,37.4458304,226.29
6695,126.9517636,37.4457462,225.0
6696,126.9516261,37.4457889,223.15
6697,126.9514807,37.4457553,220.2
6698,126.95136,37.4457308,220.0
6699,126.9512621,37.4457122,219.81
6700,126.9511501,37.4457367,215.83
6701,126.9510442,37.4457393,215.0
6702,126.9509442,37.4457643,215.0
6703,126.9507739,37.4457803,214.36
6704,126.950621,37.4457739,210.42
6705,126.9503434,37.4457835,209.23
6706,126.950039,37.445792,205.1
6707,126.9497895,37.4457771,203.03
6708,126.9496018,37.4457516,200.0
6709,126.9495428,37.4457239,200.0
6710,126.9494074,37.4457612,198.48
6711,126.9493215,37.4458091,196.89
6712,126.9492182,37.4458942,195.02
6713,126.949119,37.4460284,195.0
6714,126.9490412,37.4461221,195.0
6715,126.9528875,37.4474253,244.09
6716,126.952917,37.4472848,244.65
6717,126.9529331,37.4471166,247.64
6718,126.9528875,37.4468994,251.82
6719,126.9740067,37.4476022,447.77
6720,126.9740034,37.447565,445.7
6721,126.9739932,37.4475344,443.95
6722,126.973989,37.447502,442.07
6723,126.9739711,37.4474466,438.89
6724,126.9739476,37.4473947,435.9
6725,126.9739345,37.4473615,434.2
6726,126.9739052,37.4473154,431.73
6727,126.9738201,37.4471501,421.7
6728,126.9737745,37.447041,414.83
6729,126.9737711,37.446992,410.94
6730,126.9738261,37.4468355,402.95
6731,126.9738369,37.4467572,398.47
6732,126.9738114,37.4466923,394.08
6733,126.9737866,37.4466236,388.37
6734,126.9737973,37.4465672,386.29
6735,126.9738436,37.4465161,383.42
6736,126.9740608,37.4464735,379.79
6737,126.9744149,37.4464522,372.14
6738,126.9745865,37.446433,368.64
6739,126.9750502,37.446315,
6740,126.9753832,37.4461498,
6741,126.9755122,37.4461104,
6742,126.9758838,37.4460607,
6743,126.976054,37.4460329,
6744,126.9762191,37.4459663,
6745,126.9764104,37.4459304,
6746,126.9765162,37.445933,
6747,126.9766125,37.4459442,
6748,126.9767619,37.4459658,
6749,126.97685,37.4459656,
6750,126.9770599,37.4459431,
6751,126.9772454,37.4459615,
6752,126.977372,37.4459481,
6753,126.9775021,37.4459208,
6754,126.9776696,37.4458492,
6755,126.977748,37.4458204,
6756,126.9778312,37.4458114,
6757,126.9778834,37.445802,
6758,126.9779223,37.4457767,
6759,126.9780278,37.445643,
6760,126.9781388,37.4455879,
6761,126.9783711,37.4455365,
6762,126.9785106,37.4454641,
6763,126.9787842,37.4453981,
6764,126.9789398,37.4453406,
6765,126.9791624,37.4452703,
6766,126.9794667,37.4452122,
6767,126.9796125,37.4450697,
6768,126.979729,37.445004,
6769,126.979785,37.445001,
6770,126.979855,37.445007,
6771,126.979919,37.445018,
6772,126.979984,37.445014,
6773,126.98004,37.445003,
6774,126.980095,37.444992,
6775,126.980153,37.444977,
6776,126.980209,37.444959,
6777,126.980263,37.444938,
6778,126.980327,37.444906,
6779,126.9804,37.444907,
6780,126.980457,37.444905,
6781,126.98053,37.444874,
6782,126.980605,37.444836,
6783,126.9806821,37.444828,
6784,126.980871,37.4447933,
6785,126.9812733,37.4448231,
6786,126.9814557,37.4447976,
6787,126.9818366,37.4448188,
6788,126.982086,37.4447443,
6789,126.982282,37.4447124,
6790,126.9823661,37.4447324,
6791,126.982401,37.444746,
6792,126.9685355,37.4564195,296.31
6793,126.9684711,37.456345,299.06
6794,126.9684362,37.456329,300.5
6795,126.9683209,37.4561715,309.13
6796,126.9682646,37.4560288,312.78
6797,126.9681653,37.4558244,315.24
6798,126.9681077,37.4557126,317.14
6799,126.9680768,37.4556381,317.89
6800,126.9680688,37.4555689,318.54
6801,126.9680259,37.4552719,327.75
6802,126.9679883,37.4550483,331.76
6803,126.9679508,37.4549291,335.9
6804,126.9679293,37.4547545,339.88
6805,126.9679508,37.4546672,341.18
6806,126.9680446,37.4542712,351.1
6807,126.9681251,37.4540007,356.32
6808,126.9681868,37.4537431,364.08
6809,126.9682431,37.4536984,363.77
6810,126.9682968,37.4536643,363.17
6811,126.9683129,37.4535642,366.18
6812,126.968388,37.4533556,371.23
6813,126.9684523,37.4531384,377.24
6814,126.9685194,37.4530298,379.56
6815,126.9685972,37.4529297,382.89
6816,126.9686535,37.4528531,384.92
6817,126.9687501,37.4526657,390.88
6818,126.9688413,37.452391,400.28
6819,126.9688976,37.4522058,407.81
6820,126.9689539,37.4520929,411.21
6821,126.9691819,37.45188,417.35
6822,126.9693884,37.4516841,422.85
6823,126.969493,37.4516074,424.54
6824,126.9695306,37.4515372,427.5
6825,126.9696325,37.4512731,438.04
6826,126.9696969,37.4511816,440.4
6827,126.9698176,37.4510708,441.72
6828,126.9699034,37.4509601,444.33
6829,126.9699329,37.4509005,446.04
6830,126.9700241,37.4507025,451.95
6831,126.970118,37.4504725,462.88
6832,126.9701555,37.4503234,470.15
6833,126.9701689,37.4502212,475.43
6834,126.9701555,37.4501382,480.34
6835,126.9701555,37.4500381,487.29
6836,126.9701904,37.4499806,490.83
6837,126.9760631,37.4642566,
6838,126.9760403,37.4643045,
6839,126.9760792,37.4643429,
6840,126.9760738,37.4643748,
6841,126.9760162,37.4644152,
6842,126.9760296,37.464477,
6843,126.9760752,37.46451,
6844,126.9761395,37.4645291,
6845,126.9761449,37.4645632,
6846,126.9761409,37.4646068,
6847,126.9761744,37.4645962,
6848,126.9761986,37.4645504,
6849,126.9762267,37.4645408,
6850,126.9762817,37.46456,
6851,126.9763488,37.4645621,
6852,126.9763809,37.4645664,
6853,126.9764681,37.4645951,
6854,126.9764802,37.4644908,
6855,126.9764185,37.4643908,
6856,126.9763756,37.4643631,
6857,126.9762361,37.4643226,
6858,126.9760966,37.4642715,
6859,126.975992,37.4641821,
6860,126.9759142,37.4640501,
6861,126.9758713,37.463833,
6862,126.9758901,37.4637563,
6863,126.975878,37.4637223,
6864,126.9758069,37.4636563,
6865,126.9757694,37.4636201,
6866,126.9757412,37.4635456,
6867,126.9756849,37.4635168,
6868,126.9756152,37.4634295,
6869,126.9755401,37.4634008,
6870,126.9754703,37.4632922,
6871,126.9752195,37.4632539,
6872,126.9751941,37.4632081,
6873,126.9751324,37.4632113,
6874,126.9751337,37.4631581,
6875,126.9751042,37.4631112,
6876,126.9750425,37.4630942,
6877,126.9749701,37.4631325,245.0
6878,126.9748534,37.4630484,247.07
6879,126.9747595,37.4630473,252.47
6880,126.9747689,37.4630069,252.0
6881,126.9747314,37.4629995,254.89
6882,126.9746134,37.4629239,262.56
6883,126.9745798,37.4628441,263.8
6884,126.9745021,37.4628856,268.9
6885,126.9744565,37.4628685,271.4
6886,126.9744712,37.4628356,269.84
6887,126.9744256,37.4627887,271.96
6888,126.9743988,37.4627451,273.32
6889,126.9743854,37.4626972,274.48
6890,126.9743344,37.4626631,277.84
6891,126.9743384,37.4626343,279.0
6892,126.9743706,37.4626056,279.19
6893,126.9743867,37.4625311,282.34
6894,126.9743612,37.4624949,284.57
6895,126.9744015,37.4624534,286.29
6896,126.9744122,37.4623895,291.57
6897,126.974447,37.4623139,295.29
6898,126.9744015,37.4622554,297.72
6899,126.9743626,37.4622458,298.92
6900,126.9742674,37.4621894,299.8
6901,126.9741923,37.4621234,296.34
6902,126.9741037,37.4620467,293.41
6903,126.9740796,37.4619978,291.74
6904,126.9740635,37.4619169,288.91
6905,126.9740394,37.46187,287.16
6906,126.9740179,37.4618466,286.23
6907,126.9739267,37.4618104,284.16
6908,126.9737309,37.46177,281.63
6909,126.9735673,37.4617253,279.8
6910,126.9734761,37.4616507,277.05
6911,126.9734278,37.4615996,275.28
6912,126.9733635,37.4613633,262.99
6913,126.973291,37.4611376,254.99
6914,126.9732159,37.461044,258.8
6915,126.9731703,37.4609865,260.9
6916,126.9731301,37.4609077,263.33
6917,126.9731408,37.4608374,262.29
6918,126.9732776,37.4606735,255.85
6919,126.9733098,37.4606224,254.96
6920,126.9732857,37.4605649,255.0
6921,126.9732052,37.4604691,253.73
6922,126.9731408,37.4603861,249.97
6923,126.9730121,37.4599539,225.18
6924,126.9729826,37.4598091,225.02
6925,126.9730148,37.4597644,225.38
6926,126.9730724,37.4597058,224.93
6927,126.9732052,37.4596324,218.9
6928,126.9733286,37.4595685,213.04
6929,126.9734627,37.4595249,208.22
6930,126.9735579,37.4594802,205.15
6931,126.9737068,37.4594227,203.82
6932,126.9737725,37.4593556,200.24
6933,126.9739133,37.4592257,194.94
6934,126.9740675,37.4590788,189.32
6935,126.9741172,37.4590256,188.29
6936,126.9741856,37.4589788,187.49
6937,126.9742767,37.4589553,185.65
6938,126.9743747,37.4589596,182.93
6939,126.9744632,37.4589756,180.3
6940,126.9745517,37.4590032,180.21
6941,126.9746187,37.458999,179.17
6942,126.9746938,37.4589277,175.0
6943,126.9747756,37.4588521,175.0
6944,126.9748038,37.4588095,175.23
6945,126.9748011,37.458719,181.29
6946,126.9747133,37.4586546,183.11
6947,126.9744337,37.4585221,187.62
6948,126.9742312,37.4584177,191.91
6949,126.9740394,37.4583187,199.07
6950,126.9739267,37.4582463,203.23
6951,126.9738369,37.4582282,204.25
6952,126.9737349,37.4582314,203.62
6953,126.9736826,37.4582091,204.04
6954,126.9736116,37.4581771,204.46
6955,126.9734909,37.4581197,204.72
6956,126.9732428,37.4580057,205.99
6957,126.9731301,37.4579525,208.48
6958,126.9729638,37.4578546,213.5
6959,126.9728217,37.4577907,216.44
6960,126.9726258,37.4576693,221.71
6961,126.9724756,37.4575884,223.81
6962,126.9723362,37.4574926,225.12
6963,126.9722557,37.4574458,225.81
6964,126.972084,37.4573606,230.6
6965,126.9719687,37.4573202,232.38
6966,126.9717729,37.4572733,233.29
6967,126.9716093,37.4572393,233.94
6968,126.971451,37.4572222,235.1
6969,126.9712096,37.4571626,241.34
6970,126.971105,37.4571115,246.37
6971,126.9709361,37.4570498,251.17
6972,126.9707671,37.4570008,251.43
6973,126.9706222,37.4570178,249.99
6974,126.9704761,37.4570732,256.4
6975,126.9702977,37.4571147,258.92
6976,126.9701542,37.4571051,263.34
6977,126.9700563,37.4571009,265.49
6978,126.9699155,37.45707,269.58
6979,126.9698095,37.4570519,271.14
6980,126.9696982,37.45702,273.06
6981,126.9695936,37.4569742,276.17
6982,126.9695279,37.4569273,279.78
6983,126.9693643,37.4568933,282.31
6984,126.9692583,37.4568954,282.26
6985,126.9691738,37.4568837,282.9
6986,126.9690625,37.4568507,284.55
6987,126.9689955,37.4568315,285.03
6988,126.9688949,37.4567719,286.51
6989,126.9686937,37.4566644,291.1
6990,126.9685663,37.456559,295.21
6991,126.9728954,37.4654967,240.52
6992,126.9728538,37.4654052,237.7
6993,126.9728284,37.4653275,237.54
6994,126.972823,37.4652551,237.27
6995,126.9728579,37.4651934,237.66
6996,126.9728927,37.4651231,235.44
6997,126.9729665,37.4649996,230.19
6998,126.9729973,37.4649028,232.83
6999,126.9730014,37.4648378,234.39
7000,126.9730202,37.4646973,238.0
7001,126.9730054,37.4646121,238.73
7002,126.9729853,37.4645206,244.32
7003,126.9729035,37.4644908,245.07
7004,126.9727626,37.4644812,243.17
7005,126.9726581,37.4644461,243.35
7006,126.972646,37.4643908,245.71
7007,126.9726795,37.4643375,249.27
7008,126.9726822,37.4642491,251.55
7009,126.9726473,37.4641874,251.45
7010,126.9725776,37.464131,249.73
7011,126.972422,37.4640554,244.75
7012,126.9723174,37.4638522,248.31
7013,126.9722624,37.4638383,247.16
7014,126.9721417,37.463917,240.3
7015,126.972076,37.4639203,238.88
7016,126.9719768,37.463735,247.93
7017,126.9718413,37.4636116,253.1
7018,126.9717421,37.4635828,253.9
7019,126.9713142,37.4689529,125.2
7020,126.9713464,37.4688082,133.09
7021,126.9714189,37.4686741,138.5
7022,126.9714537,37.4685059,143.71
7023,126.9715422,37.4683739,145.56
7024,126.971561,37.46821,150.0
7025,126.9716173,37.4680801,150.15
7026,126.9716683,37.4679141,155.58
7027,126.971679,37.4678566,158.66
7028,126.9717541,37.4677097,164.79
7029,126.9718212,37.467616,169.56
7030,126.9720975,37.4673478,179.08
7031,126.9722852,37.4671881,183.98
7032,126.9724274,37.4671371,185.0
7033,126.9726004,37.4669444,189.8
7034,126.9727465,37.4668667,194.22
7035,126.9728753,37.4666389,195.49
7036,126.972874,37.4665527,199.72
7037,126.9729759,37.4664941,204.17
7038,126.9729745,37.4664633,204.97
7039,126.9730309,37.4664079,206.21
7040,126.9730362,37.4663238,209.73
7041,126.9730832,37.4662109,212.84
7042,126.9731089,37.4661615,215.0
7043,126.9731811,37.4661024,217.08
7044,126.9747153,37.46788,198.33
7045,126.9747341,37.4680078,192.54
7046,126.9747904,37.4681738,179.48
7047,126.9748038,37.4682334,176.69
7048,126.9747636,37.4682952,171.91
7049,126.9747126,37.4683462,165.7
7050,126.9746898,37.4684325,153.49
7051,126.9747059,37.4684782,148.13
7052,126.9748239,37.4684921,150.24
7053,126.9748883,37.4685421,147.91
7054,126.9750331,37.4686837,
7055,126.9752464,37.4688481,
7056,126.9754086,37.4689764,
7057,126.9754985,37.4690796,
7058,126.9756675,37.4692361,
7059,126.9757439,37.4693415,
7060,126.9757949,37.4694341,
7061,126.9758445,37.4695501,
7062,126.9758941,37.4697608,
7063,126.9758861,37.4698822,
7064,126.9758458,37.4700216,
7065,126.9758096,37.4700812,
7066,126.9758083,37.4701536,
7067,126.9759035,37.4703665,
7068,126.9759411,37.4704133,
7069,126.9760121,37.4704538,
7070,126.9760913,37.4704751,
7071,126.9762764,37.470497,
7072,126.9730698,37.4705453,70.03
7073,126.9729906,37.4704346,71.93
7074,126.9729088,37.4703739,73.16
7075,126.9727908,37.4703367,74.1
7076,126.9726594,37.4703356,74.26
7077,126.9725896,37.4702739,75.0
7078,126.9725414,37.4702047,76.25
7079,126.9724314,37.4700514,79.01
7080,126.9723093,37.4699386,80.6
7081,126.9722141,37.469879,81.14
7082,126.9721162,37.4698545,82.14
7083,126.9720452,37.4698194,83.86
7084,126.9719647,37.4697491,85.17
7085,126.9718574,37.4696523,89.65
7086,126.9717836,37.4695927,92.78
7087,126.971557,37.4695118,100.0
7088,126.9714081,37.4694735,104.23
7089,126.9695467,37.4670519,156.25
7090,126.969603,37.466988,158.57
7091,126.9696191,37.4669455,159.99
7092,126.9696245,37.4668624,162.32
7093,126.9696754,37.4668071,164.17
7094,126.9698578,37.4666602,169.99
7095,126.9699302,37.4665984,172.01
7096,126.9699597,37.4665218,174.14
7097,126.9699597,37.4664239,177.25
7098,126.9699597,37.4663579,179.91
7099,126.9699302,37.466277,182.99
7100,126.969898,37.4662089,185.32
7101,126.969898,37.4661152,188.08
7102,126.9699302,37.4660577,190.29
7103,126.9700053,37.4659811,192.3
7104,126.9750586,37.4588169,
7105,126.9753322,37.4589149,
7106,126.975365,37.4589295,
7107,126.9755226,37.459,
7108,126.9756889,37.4590852,
7109,126.9758257,37.4591533,
7110,126.9760054,37.4592704,
7111,126.9761556,37.4593535,
7112,126.9764024,37.4594855,
7113,126.976617,37.4595792,
7114,126.9768289,37.4596643,
7115,126.9770622,37.4597474,
7116,126.9771185,37.4597623,
7117,126.9772446,37.4597069,
7118,126.9774726,37.4595962,
7119,126.9776094,37.4595174,
7120,126.9776845,37.4594684,
7121,126.9777583,37.4593854,
7122,126.9777971,37.4593034,
7123,126.9778347,37.4592257,
7124,126.9778602,37.4590873,
7125,126.9778562,37.4589883,
7126,126.9778535,37.4588904,
7127,126.9778749,37.4588063,
7128,126.9779004,37.4587371,
7129,126.9780117,37.4586008,
7130,126.9783591,37.4582389,
7131,126.9786514,37.4579419,
7132,126.9788097,37.4577811,
7133,126.9788888,37.4576512,
7134,126.9789116,37.457597,
7135,126.9789693,37.4575001,
7136,126.9790055,37.4574575,
7137,126.9791919,37.4572946,
7138,126.9793729,37.4571637,
7139,126.9797954,37.4568624,
7140,126.9800153,37.4567219,
7141,126.9802138,37.4566495,
7142,126.9803882,37.4565941,
7143,126.9806135,37.4565388,
7144,126.9808012,37.4565111,
7145,126.9810131,37.4565026,
7146,126.9811231,37.4564962,
7147,126.9812009,37.4565004,
7148,126.9812974,37.4565281,
7149,126.9813672,37.4565686,
7150,126.9814825,37.4565792,
7151,126.9817105,37.4565771,
7152,126.9819599,37.4565835,
7153,126.9820297,37.4565686,
7154,126.9821665,37.456411,
7155,126.9823435,37.4561662,
7156,126.9824401,37.4559681,
7157,126.9824749,37.4557978,
7158,126.982483,37.4554614,
7159,126.9824803,37.4552016,
7160,126.9388693,37.4506664,205.16
7161,126.9389187,37.4507163,203.93
7162,126.9389187,37.4507897,204.78
7163,126.9389863,37.450866,204.12
7164,126.9390503,37.4509225,203.39
7165,126.9390611,37.4509455,203.66
7166,126.9390894,37.4510057,203.36
7167,126.9391073,37.451044,202.9
7168,126.9393635,37.451126,193.32
7169,126.9395344,37.4511034,188.15
7170,126.9396304,37.4511034,185.56
7171,126.9397728,37.4511627,182.24
7172,126.9399507,37.4512305,177.76
7173,126.9400112,37.4512361,176.16
7174,126.940086,37.4512503,174.6
7175,126.9400468,37.451448,173.28
7176,126.9400967,37.4515384,169.41
7177,126.940271,37.4516119,166.72
7178,126.9403315,37.4517051,165.0
7179,126.9404668,37.4517588,164.88
7180,126.9408867,37.4525471,151.56
7181,126.940997,37.4526629,150.0
7182,126.9413067,37.4527561,145.0
7183,126.9414561,37.4528042,145.0
7184,126.9414704,37.4528917,144.84
7185,126.9415878,37.4529652,142.29
7186,126.9416626,37.4529708,140.12
7187,126.9416875,37.4530556,140.6
7188,126.9418868,37.4531178,138.15
7189,126.9419188,37.4531827,135.87
7190,126.9419402,37.4532957,137.56
7191,126.942054,37.4533353,135.53
7192,126.9422177,37.4533579,132.21
7193,126.9422676,37.4533946,131.25
7194,126.9424775,37.4534568,130.0
7195,126.9425843,37.4535444,129.68
7196,126.9426448,37.4536432,125.06
7197,126.9427445,37.4537534,123.31
7198,126.9430719,37.4539286,115.0
7199,126.9431502,37.4539286,114.81
7200,126.9432356,37.4539568,112.3
7201,126.9432961,37.4539625,110.48
7202,126.9434278,37.4540331,110.7
7203,126.9435033,37.4539777,110.0
7204,126.9437264,37.4539997,108.34
7205,126.9400453,37.4509617,179.92
7206,126.9402947,37.4511927,175.0
7207,126.9404543,37.4512019,175.0
7208,126.9405742,37.4513702,175.0
7209,126.9406493,37.4515085,173.5
7210,126.9408874,37.4516887,170.0
7211,126.9409914,37.4517579,166.58
7212,126.9410416,37.4518879,166.01
7213,126.9412017,37.4520374,167.03
7214,126.9412883,37.4520918,166.02
7215,126.9413876,37.4521713,165.0
7216,126.9415517,37.4523391,165.0
7217,126.9416316,37.4524347,164.14
7218,126.941704,37.4525156,161.33
7219,126.9417445,37.452588,159.1
7220,126.9419561,37.4527061,155.1
7221,126.9422252,37.4528168,155.0
7222,126.9423598,37.4529074,154.53
7223,126.942392,37.4529446,153.53
7224,126.9424583,37.4530033,151.67
7225,126.9425328,37.4530223,150.31
7226,126.9425908,37.4530873,150.0
7227,126.9426656,37.4532385,146.69
7228,126.9427514,37.4532949,144.26
7229,126.9427887,37.4533507,142.12
7230,126.9429338,37.4534397,135.78
7231,126.9430413,37.4534716,133.2
7232,126.9431792,37.4534855,130.0
7233,126.9432618,37.4535227,129.34
7234,126.9434139,37.4535461,122.97
7235,126.9434381,37.4535802,121.36
7236,126.9434032,37.4536941,119.07
7237,126.9435024,37.4537644,112.99
7238,126.9435279,37.4537857,111.66
7239,126.9435225,37.4538602,110.72
7240,126.9433817,37.4539134,111.39
7241,126.9434045,37.4539454,110.2
7242,126.9465162,37.447627,171.74
7243,126.94664,37.4474899,169.89
7244,126.9478667,37.4603159,70.0
7245,126.948089,37.4604925,67.85
7246,126.9482573,37.4606642,65.94
7247,126.9484557,37.4608884,65.55
7248,126.9485518,37.4610554,65.86
7249,126.9485747,37.4611391,65.96
7250,126.9485819,37.4611651,65.95
7251,126.948648,37.4613989,65.48
7252,126.948672,37.4615611,65.15
7253,126.9486961,37.4618235,64.55
7254,126.948666,37.4619141,64.57
7255,126.9485939,37.4621097,64.22
7256,126.9485819,37.4623006,61.75
7257,126.9485158,37.4625152,62.82
7258,126.9484376,37.4627156,61.27
7259,126.9483835,37.4627824,61.28
7260,126.9484016,37.4629064,60.68
7261,126.9483895,37.4630686,60.02
7262,126.9482814,37.4631736,60.64
7263,126.9482279,37.4633092,61.01
7264,126.9481311,37.4635552,61.26
7265,126.947844,37.4610025,69.89
7266,126.9479291,37.4610139,69.47
7267,126.948025,37.4610323,69.0
7268,126.9481265,37.4610563,68.49
7269,126.9481854,37.4610702,68.17
7270,126.9482386,37.4610796,67.9
7271,126.9483874,37.461106,67.05
7272,126.9478536,37.4612831,69.72
7273,126.9479892,37.4612845,68.88
7274,126.9480318,37.4612789,68.62
7275,126.9480932,37.4612708,68.25
7276,126.9482196,37.4613168,67.58
7277,126.9482708,37.4612708,67.43
7278,126.948339,37.4612139,67.22
7279,126.9484176,37.4611922,66.89
7280,126.9483459,37.4610242,67.05
7281,126.9483254,37.4609618,66.82
7282,126.9482435,37.4608887,67.09
7283,126.9482145,37.4608619,67.32
7284,126.9481615,37.4608128,67.73
7285,126.9481145,37.4607896,68.15
7286,126.9480352,37.4607505,68.81
7287,126.9480604,37.4607629,68.63
7288,126.9479328,37.4611813,69.36
7289,126.9479123,37.4611055,69.45
7290,126.9479123,37.461054,69.51
7291,126.9479464,37.4609727,69.4
7292,126.9480011,37.4608995,69.35
7293,126.9481922,37.4611868,67.93
7294,126.9482298,37.4611299,67.86
7295,126.9482435,37.4609754,67.45
7296,126.9482264,37.4609212,67.36
7297,126.9480489,37.4611732,68.76
7298,126.9481171,37.460932,68.53
7299,126.9485712,37.4618778,65.53
7300,126.9484688,37.4618832,65.83
7301,126.9484113,37.4618687,66.04
7302,126.9483288,37.461848,66.35
7303,126.9481991,37.4618073,66.86
7304,126.9481444,37.4617152,67.35
7305,126.9481365,37.4616208,67.45
7306,126.9481308,37.4615526,67.57
7307,126.9481718,37.4614713,67.53
7308,126.948223,37.4613981,67.42
7309,126.94824,37.4613412,67.44
7310,126.948281,37.4614008,67.15
7311,126.9483766,37.4614794,66.58
7312,126.9483971,37.4615146,66.44
7313,126.9484039,37.4616852,66.58
7314,126.9482639,37.4616474,66.98
7315,126.9483937,37.461371,66.69
7316,126.9484824,37.4615336,66.04
7317,126.9485644,37.4615607,65.63
7318,126.9481752,37.4632427,62.11
7319,126.9481299,37.4629946,62.47
7320,126.9480933,37.4628924,62.8
7321,126.948062,37.4628328,63.31
7322,126.9480484,37.4627501,63.63
7323,126.9479668,37.4626063,64.83
7324,126.9479261,37.4625308,65.13
7325,126.9479578,37.4624912,65.1
7326,126.9478989,37.4623438,66.46
7327,126.9479895,37.4620957,67.76
7328,126.9479895,37.4618692,68.21
7329,126.9479351,37.4616103,68.58
7330,126.94784,37.4610782,69.83
7331,126.9478491,37.4609128,69.9
7332,126.9478264,37.4607834,70.51
7333,126.9480634,37.462892,63.02
7334,126.9480062,37.4628816,63.54
7335,126.9479232,37.4628938,64.32
7336,126.9478315,37.462886,65.03
7337,126.9477562,37.4628907,66.42
7338,126.947643,37.462928,68.44
7339,126.9484734,37.4606098,65.02
7340,126.948474,37.4606357,65.0
7341,126.9484747,37.4606662,65.0
7342,126.9485458,37.4607226,65.0
7343,126.9486102,37.4607833,65.0
7344,126.9486826,37.4608472,65.0
7345,126.9487564,37.46091,65.0
7346,126.9488502,37.4610079,65.0
7347,126.9489186,37.4611027,65.0
7348,126.948975,37.461191,65.0
7349,126.9489937,37.4612474,65.0
7350,126.9490098,37.4613518,65.0
7351,126.9490232,37.4614508,65.0
7352,126.9490326,37.4615562,65.0
7353,126.9490165,37.4616317,65.0
7354,126.9489897,37.461735,65.0
7355,126.9489763,37.4618095,64.93
7356,126.9489096,37.4620389,60.0
7357,126.9488791,37.4620598,60.0
7358,126.9488305,37.4620932,60.0
7359,126.9487889,37.4621815,60.0
7360,126.9487862,37.4622859,60.0
7361,126.9487929,37.4623552,60.0
7362,126.9487983,37.4624115,60.0
7363,126.9487849,37.4625275,60.0
7364,126.9487581,37.4626286,60.0
7365,126.9487393,37.4627223,60.0
7366,126.9487232,37.4627926,60.0
7367,126.9486856,37.4628532,60.0
7368,126.9486534,37.462915,60.0
7369,126.9485958,37.4630236,60.0
7370,126.9485381,37.4631066,60.0
7371,126.9484818,37.4632045,60.0
7372,126.9484389,37.4632567,60.0
7373,126.9483772,37.4634323,60.0
7374,126.9483155,37.4636303,60.0
7375,126.9482243,37.4640061,60.0
7376,126.948135,37.4640277,59.95
7377,126.9486042,37.4608937,65.0
7378,126.9485863,37.4609064,65.0
7379,126.9485595,37.4609426,65.17
7380,126.9486105,37.461081,65.59
7381,126.9486802,37.4608395,65.01
7382,126.948691,37.4608319,65.01
7383,126.9463509,37.4647474,106.28
7384,126.9462034,37.4648762,101.89
7385,126.9461229,37.4649294,100.26
7386,126.9458628,37.4650773,96.01
7387,126.9454363,37.4652945,93.32
7388,126.9452097,37.4654435,91.83
7389,126.9451359,37.4655042,91.35
7390,126.9450782,37.4655947,90.18
7391,126.9450474,37.4657128,90.0
7392,126.9450581,37.4658171,89.06
7393,126.9450943,37.4659864,85.13
7394,126.9450903,37.4660609,85.0
7395,126.9450729,37.4661077,85.0
7396,126.9449186,37.4663334,80.0
7397,126.9448449,37.466409,78.77
7398,126.9447845,37.4664505,77.89
7399,126.9447201,37.4664782,77.04
7400,126.9446504,37.466492,76.32
7401,126.9444801,37.4664845,75.83
7402,126.9443527,37.4664452,75.95
7403,126.9440603,37.4637074,153.39
7404,126.944232,37.463652,148.19
7405,126.944299,37.4636265,147.4
7406,126.9444278,37.4636286,145.15
7407,126.9449991,37.4637542,132.45
7408,126.9452298,37.4638457,129.75
7409,126.9455731,37.4640586,126.59
7410,126.9456053,37.464097,126.02
7411,126.9457984,37.4644951,115.0
7412,126.945844,37.4645398,114.44
7413,126.9458976,37.4645887,112.31
7414,126.9464582,37.4648591,105.0
7415,126.9464702,37.4648836,105.0
7416,126.9464904,37.4649251,105.0
7417,126.9464797,37.4649847,105.0
7418,126.9463778,37.4651338,105.0
7419,126.9462839,37.4652508,106.41
7420,126.9462168,37.4654765,105.0
7421,126.9461471,37.465715,104.1
7422,126.9461176,37.4658512,102.26
7423,126.946131,37.4659683,100.74
7424,126.9463161,37.4663153,99.85
7425,126.9463429,37.4663983,98.21
7426,126.9463214,37.4664665,96.04
7427,126.946241,37.4666112,94.86
7428,126.9460291,37.4668199,91.75
7429,126.945972,37.4668613,91.19
7430,126.9458799,37.4668725,90.32
7431,126.9457793,37.4668704,90.0
7432,126.9454376,37.4666591,82.95
7433,126.9450045,37.4666644,77.72
7434,126.9448985,37.4666804,76.7
7435,126.9446987,37.4666847,75.14
7436,126.9443876,37.4666559,74.28
7437,126.9443044,37.4666293,74.97
7438,126.9442588,37.4666314,75.0
7439,126.9442119,37.4665793,75.02
7440,126.9440523,37.4663792,78.52
7441,126.943945,37.4662089,80.0
7442,126.9437733,37.465964,80.78
7443,126.9437733,37.4658927,82.49
7444,126.9437385,37.4655638,91.65
7445,126.943717,37.4652359,104.55
7446,126.9437492,37.4651763,106.77
7447,126.943768,37.4650933,109.58
7448,126.9437505,37.4650252,111.25
7449,126.943709,37.4648825,114.95
7450,126.9436493,37.4646654,118.87
7451,126.9436419,37.4645909,122.42
7452,126.9436473,37.4645227,126.24
7453,126.9436835,37.4644472,129.8
7454,126.943662,37.4639788,147.69
7455,126.9436553,37.4636371,162.53
7456,126.9436902,37.4635668,165.29
7457,126.9437677,37.4634867,166.23
7458,126.9420822,37.4628025,183.11
7459,126.943379,37.4632858,169.47
7460,126.9437385,37.4634647,167.98
7461,126.944527,37.464295,128.78
7462,126.9445324,37.4643375,127.07
7463,126.9445378,37.4644738,122.17
7464,126.9445002,37.4646484,120.0
7465,126.9444948,37.4649336,115.0
7466,126.9445485,37.4652232,111.17
7467,126.9445378,37.4652913,109.68
7468,126.9444573,37.4654488,106.66
7469,126.9444466,37.4654957,105.8
7470,126.9446021,37.465964,90.21
7471,126.9446015,37.4660034,89.15
7472,126.9445894,37.4661173,85.76
7473,126.9445632,37.4661642,84.09
7474,126.9442709,37.4665559,75.0
7475,126.9442508,37.4666559,74.98
7476,126.9442695,37.4667177,74.13
7477,126.9443237,37.4668928,72.27
7478,126.9414271,37.4648175,123.44
7479,126.9413647,37.464874,124.96
7480,126.9413111,37.46494,125.0
7481,126.9412976,37.4649858,125.0
7482,126.9412749,37.4650273,125.0
7483,126.9412628,37.4650752,125.0
7484,126.9412561,37.4651029,125.0
7485,126.9412789,37.4652008,126.58
7486,126.9412829,37.4652402,127.27
7487,126.9412869,37.465287,127.86
7488,126.9413245,37.4653807,127.26
7489,126.9413781,37.4655106,125.01
7490,126.9414318,37.4656404,122.2
7491,126.9415069,37.4659002,115.81
7492,126.9415122,37.466062,112.09
7493,126.9415176,37.4661684,109.34
7494,126.9414961,37.4662834,106.14
7495,126.9414264,37.466343,103.38
7496,126.9413915,37.4663983,101.55
7497,126.9413674,37.4664622,100.08
7498,126.9413245,37.4665708,97.2
7499,126.9412708,37.4667006,92.93
7500,126.9412065,37.4667815,89.79
7501,126.9410697,37.4669242,84.75
7502,126.9409811,37.4670115,81.11
7503,126.9407693,37.4670987,76.8
7504,126.9405359,37.4671796,71.47
7505,126.9403696,37.4673201,66.94
7506,126.9401979,37.4674628,64.47
7507,126.9400826,37.4676437,63.64
7508,126.9422418,37.4617572,218.88
7509,126.9421506,37.461804,211.33
7510,126.9420862,37.4617998,209.42
7511,126.9420272,37.4618424,207.53
7512,126.9419897,37.4618935,206.03
7513,126.9420326,37.4625364,184.87
7514,126.9420433,37.4626354,181.63
7515,126.9418824,37.4629697,184.81
7516,126.9418395,37.4630197,182.95
7517,126.9418073,37.4632262,175.94
7518,126.9417483,37.4637159,152.33
7519,126.9417268,37.463801,146.63
7520,126.941362,37.4642439,128.87
7521,126.9413084,37.4645504,125.0
7522,126.9413352,37.4647037,125.49
7523,126.9414693,37.4648698,121.49
7524,126.9418341,37.4650571,110.59
7525,126.9421935,37.4652147,100.01
7526,126.94251,37.46527,95.82
7527,126.9427273,37.4653275,95.0
7528,126.9428882,37.4654275,92.72
7529,126.9435748,37.4659704,82.34
7530,126.9436178,37.4659811,81.57
7531,126.9405198,37.4637734,119.55
7532,126.9406646,37.463784,122.76
7533,126.9408363,37.4638223,124.04
7534,126.9409329,37.4638947,123.68
7535,126.9410777,37.4640395,125.14
7536,126.9411635,37.4641459,125.94
7537,126.9412386,37.4642268,127.28
7538,126.9397822,37.4628621,145.33
7539,126.939809,37.4629941,145.0
7540,126.9398144,37.4631091,145.0
7541,126.9397902,37.4632113,143.17
7542,126.9397581,37.4632922,141.01
7543,126.9397527,37.4634008,137.42
7544,126.9397715,37.4634966,134.56
7545,126.939809,37.4635562,132.14
7546,126.9401845,37.4635008,120.85
7547,126.9402596,37.4635115,120.0
7548,126.9403213,37.4635392,119.99
7549,126.9404464,37.4641165,110.87
7550,126.9414425,37.459147,200.27
7551,126.9415176,37.4589766,200.97
7552,126.9418502,37.4584486,194.95
7553,126.9418824,37.4582016,190.94
7554,126.9420218,37.4579632,182.22
7555,126.9421399,37.4577673,174.61
7556,126.9422284,37.4575054,172.4
7557,126.9422647,37.4573013,168.58
7558,126.9422793,37.4572563,167.25
7559,126.9424081,37.4571115,164.46
7560,126.9426548,37.4570604,154.49
7561,126.9427836,37.45712,148.49
7562,126.942848,37.4574437,148.07
7563,126.9485423,37.4536175,143.61
7564,126.9485959,37.4536601,139.36
7565,126.9486281,37.4537175,135.9
7566,126.9486228,37.4537665,134.43
7567,126.9486335,37.4538091,132.81
7568,126.9487032,37.453841,129.57
7569,126.9489259,37.4539156,118.89
7570,126.9489714,37.453956,116.27
7571,126.9489714,37.4540263,115.69
7572,126.9489714,37.4540987,115.35
7573,126.9489419,37.4541647,115.49
7574,126.9486898,37.4544138,110.61
7575,126.948612,37.4545543,109.29
7576,126.948545,37.4547353,108.85
7577,126.9485235,37.4548205,108.03
7578,126.948545,37.454846,106.96
7579,126.9485691,37.4548609,106.02
7580,126.9486845,37.4548822,102.45
7581,126.9487193,37.4549121,100.89
7582,126.9460438,37.4558491,97.36
7583,126.9460431,37.4558928,96.58
7584,126.9460458,37.4559309,96.05
7585,126.9460485,37.4559548,95.77
7586,126.946077,37.4559759,95.47
7587,126.9461444,37.4560533,94.19
7588,126.9462242,37.4561182,93.1
7589,126.9462973,37.4561789,92.11
7590,126.9463824,37.45623,91.97
7591,126.9464656,37.4562694,92.02
7592,126.9465514,37.456304,90.79
7593,126.9466232,37.4563274,90.5
7594,126.9466721,37.4563445,90.34
7595,126.9468498,37.4563588,88.69
7596,126.9470711,37.456378,87.24
7597,126.9471194,37.456378,87.05
7598,126.9471677,37.4563961,86.31
7599,126.9472294,37.4564217,85.27
7600,126.9473326,37.4564738,84.88
7601,126.9474104,37.4565366,83.68
7602,126.9474801,37.4566122,82.2
7603,126.9474989,37.4566569,81.42
7604,126.9475177,37.4567325,80.82
7605,126.9475324,37.4568358,80.0
7606,126.947541,37.4568519,80.0
7607,126.9455423,37.4558461,94.91
7608,126.9456428,37.4558446,95.22
7609,126.9457052,37.4558457,95.0
7610,126.9458279,37.4558489,95.43
7611,126.9460371,37.4558489,97.32
7612,126.9462919,37.4558553,98.94
7613,126.9465548,37.4558808,100.31
7614,126.9467103,37.4558638,100.6
7615,126.9468605,37.4559192,99.23
7616,126.9469732,37.455983,97.6
7617,126.9470309,37.456015,97.0
7618,126.9470751,37.4560352,96.74
7619,126.9471261,37.456048,96.7
7620,126.94717,37.4560512,96.78
7621,126.9472027,37.456054,96.72
7622,126.9472481,37.456048,96.72
7623,126.9472924,37.4560416,96.57
7624,126.9473433,37.4560288,96.44
7625,126.9473836,37.4559979,96.73
7626,126.9474292,37.4559681,96.96
7627,126.9478543,37.4555945,101.74
7628,126.9479361,37.4555018,102.8
7629,126.9480206,37.4553996,103.74
7630,126.9481467,37.4552676,102.04
7631,126.9482848,37.4551622,102.14
7632,126.9483908,37.4551079,103.38
7633,126.9484779,37.4551026,101.94
7634,126.9485584,37.4551005,99.94
7635,126.9486482,37.455109,97.53
7636,126.9486724,37.4715639,105.8
7637,126.9488722,37.4715629,108.29
7638,126.9490009,37.471482,107.31
7639,126.9490975,37.4713542,106.25
7640,126.9492102,37.4711116,100.87
7641,126.9494784,37.47092,103.76
7642,126.9498807,37.470673,105.7
7643,126.9499773,37.4705496,107.23
7644,126.9499987,37.4702941,109.05
7645,126.9501436,37.4702004,110.35
7646,126.9504011,37.4703197,118.05
7647,126.9506746,37.4705538,126.55
7648,126.9509697,37.4708604,134.72
7649,126.9509804,37.4710988,135.56
7650,126.9509013,37.4713037,136.46
7651,126.9484484,37.4721866,122.67
7652,126.9484967,37.4720801,119.55
7653,126.9485396,37.4719865,116.42
7654,126.9485691,37.471863,113.31
7655,126.948612,37.4717374,110.33
7656,126.9485718,37.4715841,106.88
7657,126.9478982,37.4714081,114.54
7658,126.9480514,37.4713926,115.0
7659,126.948266,37.4714692,111.16
7660,126.9483921,37.4715597,108.78
7661,126.9486818,37.4714947,104.13
7662,126.9486657,37.4713968,102.02
7663,126.9486844,37.4711754,97.62
7664,126.948722,37.47092,92.96
7665,126.9487274,37.4706262,85.76
7666,126.9484752,37.470375,79.47
7667,126.9482982,37.4703154,76.23
7668,126.9490787,37.4725427,130.0
7669,126.9492638,37.4727081,130.0
7670,126.9493604,37.4729167,121.78
7671,126.9494569,37.4732403,104.9
7672,126.9496018,37.4735937,96.19
7673,126.9496608,37.4738108,93.68
7674,126.94987,37.4739811,93.61
7675,126.9500846,37.4742493,94.5
7676,126.9502294,37.4745303,90.0
7677,126.9503152,37.4747389,85.0
7678,126.9504869,37.4750028,
7679,126.9506907,37.4752668,
7680,126.944814,37.4735873,158.79
7681,126.9447336,37.4735213,156.29
7682,126.9446504,37.4734234,153.08
7683,126.9434756,37.4718311,105.02
7684,126.9433308,37.4718545,102.08
7685,126.9431095,37.4719077,99.58
7686,126.9429807,37.4720078,96.6
7687,126.9427702,37.472144,90.43
7688,126.943835,37.4729423,135.65
7689,126.9436258,37.4729082,132.34
7690,126.943379,37.4729082,130.0
7691,126.9430035,37.4730019,120.71
7692,126.9427568,37.4731977,111.25
7693,126.9425046,37.4733169,105.49
7694,126.9423544,37.4733936,103.44
7695,126.9423062,37.4733638,102.55
7696,126.9422579,37.4732616,100.46
7697,126.942215,37.4731253,97.31
7698,126.9421935,37.47307,95.98
7699,126.9474292,37.4738917,110.87
7700,126.9473648,37.4736575,109.85
7701,126.9473863,37.4734574,110.77
7702,126.9473541,37.473334,113.35
7703,126.9472092,37.4732318,116.65
7704,126.9471556,37.4730359,120.32
7705,126.9470429,37.4726357,128.15
7706,126.9467994,37.4724378,135.1
7707,126.9466245,37.4725548,135.0
7708,126.9463348,37.4726996,140.0
7709,126.9460934,37.4729338,144.95
7710,126.9458735,37.4731083,145.0
7711,126.9454282,37.4733169,146.16
7712,126.9450957,37.4733595,151.63
7713,126.9482338,37.4730828,107.87
7714,126.9483679,37.473351,103.72
7715,126.948545,37.4735809,100.86
7716,126.9488561,37.4738789,94.33
7717,126.9492155,37.4741258,88.78
7718,126.9492906,37.4743259,85.35
7719,126.9493121,37.4745388,82.24
7720,126.9493818,37.4746835,79.68
7721,126.9495803,37.4748453,75.79
7722,126.9497681,37.474956,75.0
7723,126.9499451,37.4750837,
7724,126.9501543,37.4752498,
7725,126.9503367,37.4753732,
7726,126.9632971,37.4718609,120.0
7727,126.963163,37.4719716,120.0
7728,126.9630289,37.4720312,116.77
7729,126.9629645,37.472078,114.28
7730,126.9628733,37.4720865,110.92
7731,126.9628485,37.4720881,110.18
7732,126.962821,37.4720881,110.0
7733,126.9627117,37.4720785,110.99
7734,126.9626507,37.4720626,113.0
7735,126.9619064,37.471681,98.72
7736,126.9618279,37.4716432,96.02
7737,126.9617495,37.4716235,95.0
7738,126.9616301,37.4716129,93.95
7739,126.9614672,37.4716044,89.8
7740,126.9612432,37.4716129,87.32
7741,126.961154,37.4716336,85.0
7742,126.9610709,37.4716517,85.0
7743,126.9609576,37.4716826,85.0
7744,126.9608134,37.4717193,82.24
7745,126.9607745,37.4717321,81.36
7746,126.9606645,37.4717566,80.0
7747,126.9605371,37.4717842,75.68
7748,126.9603614,37.4718034,68.95
7749,126.9599256,37.4718247,60.2
7750,126.9596426,37.4718024,54.92
7751,126.959428,37.4718289,53.62
7752,126.9641608,37.4659385,155.0
7753,126.9639248,37.4659257,155.0
7754,126.9637316,37.4659257,155.0
7755,126.9635546,37.4659683,154.51
7756,126.9634098,37.4660194,156.02
7757,126.963281,37.4660535,158.22
7758,126.9631416,37.4660535,157.71
7759,126.9629967,37.4660194,160.15
7760,126.9628465,37.4659768,160.69
7761,126.9626641,37.465947,155.11
7762,126.9624764,37.4659215,150.03
7763,126.962353,37.4659385,150.0
7764,126.9622242,37.4659726,147.82
7765,126.9621223,37.4660407,144.46
7766,126.9619238,37.4661642,136.03
7767,126.9616932,37.4663259,130.0
7768,126.9615644,37.4664324,127.57
7769,126.9615,37.4665516,125.0
7770,126.9613981,37.4667986,119.82
7771,126.9613284,37.4670072,108.07
7772,126.9612211,37.4672073,100.05
7773,126.9611621,37.4673691,97.77
7774,126.9610494,37.467467,95.0
7775,126.9608831,37.4675607,95.0
7776,126.9607866,37.4676544,93.15
7777,126.9607705,37.4677821,88.11
7778,126.9608778,37.4679524,80.01
7779,126.9608603,37.4681685,75.0
7780,126.9730228,37.4661003,210.57
7781,126.9728887,37.4660918,205.61
7782,126.972186,37.4664026,194.39
7783,126.9717675,37.4666283,183.01
7784,126.9715851,37.4667432,177.47
7785,126.9713545,37.4669518,169.83
7786,126.9712901,37.4669816,167.2
7787,126.9712257,37.4670327,163.75
7788,126.9710594,37.4670413,159.18
7789,126.9465762,37.4581292,81.86
7790,126.9467881,37.4580568,82.48
7791,126.9470778,37.4579802,81.75
7792,126.9473702,37.4578226,77.56
7793,126.958496,37.4589724,182.94
7794,126.9583726,37.4589085,179.15
7795,126.9581419,37.4588446,173.1
7796,126.9580936,37.4587765,172.48
7797,126.9580454,37.4586956,172.72
7798,126.9579971,37.4586189,175.95
7799,126.9579542,37.4585891,178.31
7800,126.9578952,37.4585593,180.79
7801,126.9578201,37.4584444,185.79
7802,126.9577557,37.458372,185.72
7803,126.9577101,37.4582932,183.74
7804,126.9576511,37.4582229,181.44
7805,126.9576296,37.4581165,180.28
7806,126.9575921,37.4580845,178.89
7807,126.9575545,37.4580313,177.6
7808,126.9574606,37.4579121,175.77
7809,126.9574419,37.457861,175.67
7810,126.9573641,37.4578865,172.53
7811,126.9572809,37.4578439,169.61
7812,126.95723,37.4577779,168.65
7813,126.957112,37.4577779,165.41
7814,126.9570583,37.4577268,164.19
7815,126.9570583,37.4576864,164.01
7816,126.9569671,37.4576523,160.48
7817,126.9568115,37.4575842,156.26
7818,126.9567579,37.4575352,154.94
7819,126.9567123,37.457416,153.38
7820,126.9566694,37.457416,152.58
7821,126.9565997,37.4574415,151.44
7822,126.9564065,37.4574671,149.02
7823,126.9582492,37.459445,171.05
7824,126.9579756,37.4594791,163.65
7825,126.9577986,37.4595345,156.85
7826,126.9576269,37.4596579,149.36
7827,126.9574875,37.4597176,144.33
7828,126.9561303,37.4655042,117.95
7829,126.9564253,37.4654233,109.57
7830,126.9567418,37.4654233,103.65
7831,126.9559854,37.4662238,104.82
7832,126.9561303,37.4662323,102.77
7833,126.9563234,37.4663685,97.15
7834,126.9566721,37.4664622,93.86
7835,126.9571388,37.4664792,84.68
7836,126.9574928,37.4664026,77.6
7837,126.9547087,37.4734659,100.54
7838,126.954655,37.4736192,99.98
7839,126.9545209,37.4737427,98.66
7840,126.9543761,37.4738789,95.0
7841,126.9543171,37.4740705,90.32
7842,126.9542098,37.4742961,84.83
7843,126.9539738,37.4744579,80.0
7844,126.9538397,37.4745175,79.62
7845,126.9486375,37.4668486,59.22
7846,126.9489017,37.4669753,60.02
7847,126.9490626,37.4670753,62.45
7848,126.9477001,37.4670327,55.0
7849,126.9477457,37.4669242,55.11
7850,126.9478087,37.4668071,55.58
7851,126.9478516,37.466756,55.72
7852,126.9479428,37.4667166,56.05
7853,126.9658948,37.4553294,404.63
7854,126.965849,37.4551764,407.3
7855,126.965832,37.4550786,409.99
7856,126.9658377,37.4549891,410.51
7857,126.96585,37.4548973,410.63
7858,126.9658961,37.4548519,410.0
7859,126.9659196,37.4548038,408.01
7860,126.9659241,37.4547582,406.44
7861,126.9659214,37.4547189,405.04
7862,126.9659187,37.4546613,402.8
7863,126.9659807,37.4546283,401.15
7864,126.9660824,37.4545735,398.74
7865,126.9526637,37.4650991,80.22
7866,126.9517905,37.4586724,104.4
7867,126.9495671,37.4561805,105.01
7868,126.958538,37.4635199,102.92
7869,126.9530573,37.4624077,100.0
7870,126.9530381,37.4623453,100.0
7871,126.9483828,37.4722553,125.0
7872,126.9482951,37.4722255,125.03
7873,126.94822,37.4721872,126.98
7874,126.9479893,37.472085,129.94
7875,126.9479142,37.471919,125.5
7876,126.947925,37.471804,123.4
7877,126.947984,37.4716763,120.0
7878,126.9474905,37.4715613,109.24
7879,126.9471793,37.4716507,110.96
7880,126.9468414,37.471655,109.32
7881,126.9465302,37.4716976,110.91
7882,126.9462888,37.4717742,107.16
7883,126.9460689,37.4718551,103.93
7884,126.9458704,37.4718551,103.81
7885,126.9456424,37.4718317,103.44
7886,126.9454708,37.4719041,98.21
7887,126.9452669,37.4719339,98.12
7888,126.9450966,37.4720456,93.12
7889,126.9449826,37.4721201,90.42
7890,126.9444739,37.4723442,100.36
7891,126.9445061,37.4723995,101.37
7892,126.9447207,37.4724549,108.39
7893,126.9449943,37.4724506,109.96
7894,126.945359,37.472523,114.63
7895,126.9454234,37.4725656,118.02
7896,126.9456219,37.4724719,126.48
7897,126.9457345,37.472374,121.59
7898,126.9459438,37.4724464,130.34
7899,126.9461422,37.4724378,133.14
7900,126.9463515,37.4724655,136.07
7901,126.9465875,37.472506,135.0
7902,126.9469737,37.4723484,135.83
7903,126.9471534,37.472342,135.0
7904,126.9473761,37.4723516,135.0
7905,126.9474565,37.4723538,135.0
7906,126.947541,37.4723208,135.0
7907,126.9477364,37.4722702,134.26
7908,126.9479349,37.4722489,131.61
7909,126.9520086,37.4697722,94.81
7910,126.9518101,37.4697296,94.4
7911,126.9517458,37.4697296,94.56
7912,126.9516868,37.4697722,95.32
7913,126.9515312,37.4696402,93.53
7914,126.9515151,37.4695465,91.94
7915,126.9514615,37.4692783,91.01
7916,126.9514239,37.4690994,88.74
7917,126.9512844,37.4688908,85.24
7918,126.951102,37.4687461,81.8
7919,126.9508285,37.4685758,79.26
7920,126.9505227,37.4684353,75.8
7921,126.9502276,37.4683416,74.66
7922,126.9499004,37.4682266,70.0
7923,126.9495464,37.46815,68.65
7924,126.9493157,37.4682394,69.27
7925,126.9492406,37.4683458,70.86
7926,126.9492674,37.4684395,73.61
7927,126.9493371,37.4684693,74.79
7928,126.9495088,37.4685161,77.51
7929,126.9497287,37.4685928,82.92
7930,126.9499125,37.4686601,85.0
7931,126.9500761,37.4687644,87.55
7932,126.9502398,37.468858,91.44
7933,126.95039,37.4689251,91.75
7934,126.9505247,37.469014,95.8
7935,126.9507582,37.4692537,103.33
7936,126.9508736,37.4694325,105.98
7937,126.9509111,37.469556,105.0
7938,126.9508709,37.4697476,105.0
7939,126.9508521,37.4697689,105.0
7940,126.9508414,37.4698647,107.98
7941,126.9508065,37.4699946,110.0
7942,126.9507395,37.4702202,115.0
7943,126.9508387,37.4703522,119.53
7944,126.9509782,37.4704991,123.7
7945,126.9512947,37.4705927,124.39
7946,126.9514556,37.470614,120.66
7947,126.9517506,37.4705949,119.15
7948,126.9518365,37.4707269,115.0
7949,126.9519044,37.4708397,114.04
7950,126.9519313,37.4710951,119.14
7951,126.9518883,37.4713336,124.39
7952,126.9515558,37.4714826,129.93
7953,126.9513005,37.4715162,133.97
7954,126.9509657,37.4714144,135.07
7955,126.9507511,37.4714613,130.94
7956,126.9505472,37.4715422,130.0
7957,126.9502629,37.4716273,131.84
7958,126.9501208,37.4718253,131.23
7959,126.9500484,37.4719466,135.0
7960,126.9499116,37.4720807,134.96
7961,126.9497936,37.4721304,132.11
7962,126.9496943,37.4722425,130.0
7963,126.9495575,37.4722979,130.0
7964,126.9494314,37.4723277,130.0
7965,126.9492812,37.4724299,130.0
7966,126.9491337,37.4725214,130.0
7967,126.9490465,37.4725384,130.0
7968,126.949001,37.4725395,130.0
7969,126.9489326,37.472515,130.0
7970,126.9488789,37.4724916,130.48
7971,126.9488119,37.4724703,131.22
7972,126.9487569,37.4724522,130.08
7973,126.9487475,37.472441,130.0
7974,126.9487186,37.4724016,129.81
7975,126.9486945,37.4723926,129.35
7976,126.9486328,37.4723681,127.69
7977,126.9660015,37.4565569,389.06
7978,126.9659773,37.4565393,389.66
7979,126.9659552,37.4565292,390.34
7980,126.9659223,37.4565217,391.48
7981,126.9658902,37.456542,392.89
7982,126.9658747,37.4565398,393.44
7983,126.965864,37.456527,393.6
7984,126.9658271,37.4565377,395.08
7985,126.9657936,37.4565233,395.98
7986,126.9657889,37.4565068,395.67
7987,126.9657889,37.4564914,395.19
7988,126.9657708,37.4564887,395.41
7989,126.9657909,37.4564573,394.24
7990,126.9657902,37.4564387,393.69
7991,126.9657748,37.4564312,393.58
7992,126.9657487,37.4564169,393.33
7993,126.9657353,37.4563977,392.82
7994,126.9657386,37.4563737,392.03
7995,126.9657594,37.45637,391.74
7996,126.9658023,37.4563711,391.42
7997,126.9658499,37.4563716,391.04
7998,126.9658566,37.4563604,390.62
7999,126.9658499,37.4563051,390.0
8000,126.9658298,37.4562907,390.0
8001,126.9657936,37.4562886,390.0
8002,126.9657728,37.4562715,390.0
8003,126.9657607,37.4562508,390.0
8004,126.9657728,37.4562359,390.0
8005,126.9657587,37.4562093,389.87
8006,126.9657607,37.456189,389.25
8007,126.9657339,37.4561598,386.76
8008,126.9657426,37.4561443,386.46
8009,126.9657768,37.4561321,387.26
8010,126.9657956,37.4561241,387.47
8011,126.9658687,37.4561204,388.67
8012,126.9659089,37.4561172,389.64
8013,126.9659391,37.4561028,389.71
8014,126.9659585,37.4561262,389.11
8015,126.9659773,37.4561427,388.57
8016,126.9659948,37.456139,388.22
8017,126.9663791,37.456804,375.69
8018,126.9664278,37.4568239,374.09
8019,126.9664636,37.4568807,373.21
8020,126.9664656,37.4569485,372.04
8021,126.9665716,37.4569217,370.34
8022,126.9666608,37.4569139,368.14
8023,126.9666892,37.4569411,366.95
8024,126.9666921,37.4569709,366.9
8025,126.9667263,37.4570199,365.39
8026,126.9667911,37.4570611,363.13
8027,126.9668707,37.4571256,361.65
8028,126.9669736,37.457143,361.39
8029,126.9670814,37.4572533,365.0
8030,126.9671147,37.4572694,365.0
8031,126.9671907,37.4573486,365.0
8032,126.9672487,37.457391,365.61
8033,126.9672798,37.4574247,365.6
8034,126.9672808,37.4574717,365.19
8035,126.9672907,37.4575305,365.0
8036,126.9673186,37.4575385,365.13
8037,126.9673521,37.4575642,366.03
8038,126.9673742,37.4576212,368.23
8039,126.9673769,37.457698,370.07
8040,126.9673916,37.4577175,370.66
8041,126.9674372,37.4577474,372.07
8042,126.9674693,37.457796,372.53
8043,126.9675112,37.4578086,371.27
8044,126.9675398,37.4578425,370.28
8045,126.9675338,37.4578623,370.0
8046,126.9675472,37.4578923,369.93
8047,126.967605,37.4579832,365.13
8048,126.9676361,37.458067,365.0
8049,126.967642,37.458106,365.0
8050,126.967761,37.4582157,365.0
8051,126.9678489,37.4583128,366.89
8052,126.9678676,37.4583666,367.98
8053,126.9678958,37.4583984,369.02
8054,126.9679508,37.4584036,370.97
8055,126.9679762,37.4584554,371.42
8056,126.9680284,37.458485,373.21
8057,126.9680879,37.4585056,374.96
8058,126.9681237,37.4585457,375.0
8059,126.9681231,37.4585993,375.0
8060,126.9681809,37.4587229,374.36
8061,126.968261,37.4588435,373.44
8062,126.9682699,37.4588531,373.26
8063,126.9683038,37.4589197,372.71
8064,126.9683323,37.4590022,372.28
8065,126.9683639,37.4590999,371.49
8066,126.9683682,37.4591211,371.4
8067,126.9685405,37.4592506,365.46
8068,126.968632,37.4593046,363.39
8069,126.9687904,37.4593805,363.44
8070,126.968873,37.4593903,362.89
8071,126.9662438,37.4567181,381.68
8072,126.9663064,37.4567554,378.65
8073,126.973122,37.4629069,326.77
8074,126.9729189,37.4628249,330.0
8075,126.9728968,37.4627876,330.0
8076,126.9727626,37.4627578,330.0
8077,126.9726607,37.462711,329.7
8078,126.9724381,37.4627674,327.58
8079,126.9723818,37.4627429,325.7
8080,126.9723496,37.4627014,324.43
8081,126.9722906,37.4627121,323.28
8082,126.9722611,37.4626918,322.07
8083,126.9722631,37.462654,320.84
8084,126.9722383,37.4626503,320.27
8085,126.972135,37.4626769,319.14
8086,126.9720452,37.4626492,318.48
8087,126.9719996,37.4626173,319.82
8088,126.9719057,37.4625396,324.77
8089,126.9718266,37.4624608,325.91
8090,126.9717264,37.4623406,325.0
8091,126.9716079,37.462233,324.16
8092,126.9715188,37.4621873,321.72
8093,126.9714629,37.4621408,320.11
8094,126.9713277,37.4621681,320.0
8095,126.9711708,37.4621431,321.36
8096,126.9743197,37.4622501,299.92
8097,126.9742848,37.4622352,300.0
8098,126.9742084,37.4622117,300.0
8099,126.97414,37.4622096,299.94
8100,126.9741346,37.4622277,300.0
8101,126.9741775,37.4622639,300.0
8102,126.9741735,37.4623012,300.0
8103,126.9741105,37.4622937,300.03
8104,126.9740622,37.4623193,300.96
8105,126.9740018,37.4623629,302.43
8106,126.9739656,37.4624278,301.83
8107,126.9739187,37.4624502,300.88
8108,126.9739106,37.4624662,300.53
8109,126.9739187,37.4624821,300.42
8110,126.973861,37.4625034,300.04
8111,126.9738208,37.4625375,302.02
8112,126.9738141,37.4625652,303.09
8113,126.9737296,37.4626067,306.5
8114,126.9737537,37.4626397,307.82
8115,126.9737309,37.4626652,309.33
8116,126.9737001,37.4626695,309.67
8117,126.9737135,37.4626961,311.13
8118,126.973743,37.4627121,311.39
8119,126.9736625,37.4627504,314.72
8120,126.973629,37.4627674,315.0
8121,126.9735606,37.4628196,315.54
8122,126.973523,37.462876,316.69
8123,126.9734882,37.4628973,317.32
8124,126.973456,37.4629047,317.9
8125,126.9734855,37.4629431,317.96
8126,126.9734734,37.4629729,318.45
8127,126.969375,37.4597942,353.04
8128,126.9693683,37.4596835,358.3
8129,126.9693415,37.4595653,362.53
8130,126.969542,37.4603368,336.53
8131,126.9695038,37.4603339,337.78
8132,126.9694649,37.4603323,338.66
8133,126.9694669,37.4602892,339.99
8134,126.9694803,37.46027,340.0
8135,126.9694669,37.4602562,340.0
8136,126.9694743,37.4602232,340.39
8137,126.9694555,37.4601897,341.98
8138,126.9694313,37.4601498,343.68
8139,126.9694005,37.4601247,344.95
8140,126.9693978,37.4601008,344.99
8141,126.969367,37.4600444,345.0
8142,126.9693515,37.4600103,345.66
8143,126.9693455,37.4599869,347.02
8144,126.969375,37.4599539,348.27
8145,126.9693764,37.4599299,349.0
8146,126.9693656,37.4599102,349.9
8147,126.9404155,37.4641556,109.04
8148,126.940538,37.4642061,107.41
8149,126.9403368,37.4644892,105.0
8150,126.9464715,37.4662587,99.96
8151,126.9458629,37.4670679,89.03
8152,126.9457959,37.4671408,86.1
8153,126.9456356,37.4672224,85.0
8154,126.9454239,37.4671458,81.75
8155,126.9453196,37.4670259,80.37
8156,126.9452713,37.466953,79.6
8157,126.9452386,37.466827,78.38
8158,126.945111,37.4667603,77.24
8159,126.9464759,37.4646161,105.42
8160,126.9465179,37.4643343,100.56
8161,126.9469448,37.4642665,95.0
8162,126.9470382,37.4643122,91.71
8163,126.9471284,37.4642974,91.24
8164,126.9471471,37.4642171,91.68
8165,126.9470584,37.4640935,91.17
8166,126.9473968,37.4638524,80.34
8167,126.9474846,37.4638609,76.0
8168,126.9475385,37.4637101,72.22
8169,126.9463203,37.4681965,53.69
8170,126.9464472,37.4681031,54.02
8171,126.9466862,37.4678971,53.76
8172,126.9476505,37.4670902,55.11
8173,126.947621,37.4671232,55.17
8174,126.9475579,37.4671275,55.25
8175,126.9475164,37.4671339,55.3
8176,126.9474292,37.4671072,55.36
8177,126.9472857,37.4670892,55.14
8178,126.9471475,37.4671307,55.0
8179,126.9470778,37.4672084,55.0
8180,126.9469866,37.4675245,55.0
8181,126.9469558,37.4676203,54.54
8182,126.9469155,37.4677438,54.23
8183,126.9468324,37.4678566,52.81
8184,126.9466902,37.4680131,52.3
8185,126.9466232,37.4680961,51.94
8186,126.946536,37.4681919,52.16
8187,126.9464421,37.4682579,52.16
8188,126.9479844,37.466673,56.16
8189,126.9522116,37.4695245,93.25
8190,126.9520977,37.4692241,90.39
8191,126.9520184,37.4690147,89.77
8192,126.9519929,37.4689802,89.68
8193,126.9516885,37.4685687,84.76
8194,126.9510837,37.4681142,80.0
8195,126.9507998,37.467943,77.4
8196,126.9495861,37.4672476,65.53
8197,126.9493265,37.4670988,64.73
8198,126.9491379,37.4669776,62.79
8199,126.9486484,37.4667278,59.01
8200,126.9484259,37.4666328,58.01
8201,126.970814,37.4545118,415.67
8202,126.9708663,37.4545831,412.02
8203,126.9709025,37.4546246,409.11
8204,126.9709468,37.4546853,405.16
8205,126.9710138,37.4547566,397.5
8206,126.9710983,37.4548077,390.19
8207,126.9710635,37.4548386,388.56
8208,126.9709964,37.4548482,387.92
8209,126.9710071,37.4548737,385.03
8210,126.971042,37.4548897,383.28
8211,126.9711788,37.4549089,379.25
8212,126.9712391,37.454927,375.76
8213,126.9713438,37.4549834,368.82
8214,126.9713786,37.4550068,366.39
8215,126.9714323,37.4550036,365.27
8216,126.9714966,37.454993,364.25
8217,126.9716026,37.4550057,360.71
8218,126.971793,37.4550675,352.43
8219,126.9718789,37.4551101,348.39
8220,126.9718494,37.4551527,348.01
8221,126.9718641,37.4551984,346.23
8222,126.971911,37.4552431,343.95
8223,126.9719486,37.4552847,341.73
8224,126.9720264,37.4553155,339.27
8225,126.9720452,37.4553624,337.55
8226,126.9721551,37.4554156,335.0
8227,126.9721712,37.4554656,333.8
8228,126.9721913,37.4554827,333.03
8229,126.9722141,37.4554869,332.48
8230,126.9722544,37.4554827,331.6
8231,126.9723026,37.4554518,331.09
8232,126.9723643,37.4554742,330.0
8233,126.9723992,37.4555348,330.43
8234,126.9724689,37.4556009,332.27
8235,126.9725266,37.4556669,331.96
8236,126.9725642,37.455702,331.03
8237,126.9726393,37.4557488,330.0
8238,126.9727211,37.4558649,330.0
8239,126.9727814,37.4559447,330.0
8240,126.9728203,37.4559852,330.0
8241,126.9728753,37.4560001,329.71
8242,126.9728833,37.4560341,328.3
8243,126.9729035,37.4560586,327.09
8244,126.9728833,37.4561001,325.27
8245,126.9729048,37.4561172,324.43
8246,126.972933,37.4561427,322.94
8247,126.9729558,37.4562258,318.41
8248,126.9729853,37.4562886,314.96
8249,126.9730107,37.4563173,313.32
8250,126.9730832,37.4563386,311.73
8251,126.9731274,37.4563333,311.8
8252,126.9731569,37.4563684,309.78
8253,126.9732146,37.4563684,309.71
8254,126.9732267,37.4563556,310.37
8255,126.9732642,37.456378,309.12
8256,126.9733366,37.4563759,308.69
8257,126.9734037,37.4564131,306.13
8258,126.9734761,37.4564483,304.07
8259,126.9735204,37.4564887,301.97
8260,126.9735271,37.4565153,300.87
8261,126.9735619,37.4565398,299.39
8262,126.973625,37.4565877,296.1
8263,126.9737014,37.4566154,293.1
8264,126.9737497,37.4566218,291.52
8265,126.9738235,37.4566846,286.93
8266,126.9738221,37.4567027,285.94
8267,126.9738771,37.4567102,284.77
8268,126.9739214,37.4566718,286.23
8269,126.9739965,37.4566484,284.37
8270,126.9740528,37.4566697,282.07
8271,126.9740917,37.4566686,280.57
8272,126.97414,37.4567123,278.56
8273,126.9741185,37.4567506,278.72
8274,126.9740997,37.4567708,278.46
8275,126.9741882,37.4568198,274.82
8276,126.9742848,37.4568592,271.9
8277,126.9743666,37.4568741,269.48
8278,126.9744524,37.4568933,266.76
8279,126.9745181,37.4569582,264.27
8280,126.9745651,37.4569816,262.68
8281,126.9745906,37.4569923,261.86
8282,126.9746147,37.4569603,261.37
8283,126.9746469,37.4569635,260.35
8284,126.9747099,37.4569678,258.28
8285,126.9747528,37.457037,256.7
8286,126.9747998,37.4570359,255.27
8287,126.97484,37.4570519,253.93
8288,126.9748145,37.4571168,254.16
8289,126.9748038,37.4571392,254.13
8290,126.9748132,37.4571701,253.39
8291,126.9747327,37.4572158,254.29
8292,126.974718,37.4572424,253.93
8293,126.974722,37.4573127,251.82
8294,126.9746858,37.4573393,251.14
8295,126.9746844,37.4573766,249.51
8296,126.9747528,37.4574341,245.09
8297,126.9747636,37.4575011,241.07
8298,126.9747542,37.4575373,239.4
8299,126.9747877,37.4575629,237.03
8300,126.9748588,37.457582,233.43
8301,126.9749084,37.4576087,229.97
8302,126.9749057,37.4576289,229.12
8303,126.9748387,37.4577077,227.91
8304,126.9748279,37.4577385,226.73
8305,126.9748628,37.4577652,224.58
8306,126.9748749,37.457828,222.37
8307,126.9748749,37.4578524,221.46
8308,126.9749004,37.4578812,220.14
8309,126.9748977,37.4579153,218.96
8310,126.9749688,37.4579515,217.35
8311,126.9750009,37.4580047,
8312,126.9750237,37.4580366,
8313,126.9750157,37.4580611,
8314,126.9750506,37.4580803,
8315,126.9750586,37.4581409,
8316,126.9750787,37.4581633,
8317,126.9751512,37.4581771,
8318,126.9751646,37.4582176,
8319,126.9752115,37.4582314,
8320,126.9752276,37.4582889,
8321,126.9752584,37.4583262,
8322,126.9752048,37.45834,
8323,126.9752437,37.4583762,
8324,126.9752598,37.4584252,
8325,126.975363,37.4584965,
8326,126.9754408,37.4585455,
8327,126.9754636,37.4585838,
8328,126.9755495,37.4586072,
8329,126.9755803,37.4586615,
8330,126.9755897,37.4586966,
8331,126.9756044,37.4587371,
8332,126.9755776,37.4587946,
8333,126.9756004,37.4588201,
8334,126.9755669,37.4588712,
8335,126.975524,37.4588766,
8336,126.9754878,37.4588776,
8337,126.9754194,37.4588989,
8338,126.9625595,37.4639394,141.0
8339,126.9624361,37.4640075,138.49
8340,126.9623128,37.4640203,137.13
8341,126.9621143,37.4640884,129.96
8342,126.9620284,37.4641459,126.17
8343,126.9619855,37.4642098,122.86
8344,126.9619104,37.464246,121.24
8345,126.9709723,37.462727,308.88
8346,126.9709937,37.462761,307.28
8347,126.970983,37.462826,307.48
8348,126.970975,37.4628888,307.24
8349,126.9709294,37.4629611,308.86
8350,126.9709052,37.4629814,310.51
8351,126.9708838,37.4630623,311.83
8352,126.9708489,37.4630931,313.28
8353,126.9708073,37.4631208,314.27
8354,126.9707738,37.4631325,314.62
8355,126.9706933,37.4631027,315.34
8356,126.9753751,37.4712201,
8357,126.975781,37.471247,
8358,126.9737121,37.4703793,80.83
8359,126.9737416,37.4704836,79.12
8360,126.9737846,37.4705836,76.31
8361,126.9737792,37.4706773,75.0
8362,126.9738033,37.4707092,75.0
8363,126.9739267,37.4707433,73.65
8364,126.974085,37.4708476,69.67
8365,126.9741547,37.4709157,68.26
8366,126.9742835,37.4710881,65.02
8367,126.9744068,37.4712584,61.4
8368,126.9745061,37.471367,58.95
8369,126.974549,37.4715182,56.67
8370,126.9432013,37.4708353,45.99
8371,126.9431642,37.4708255,46.41
8372,126.9431394,37.4708143,46.73
8373,126.9431195,37.4707829,46.91
8374,126.9431121,37.4707363,46.85
8375,126.943122,37.4707088,46.61
8376,126.94314,37.4706737,46.03
8377,126.9537832,37.4621186,113.75
8378,126.9534962,37.4620801,103.73
8379,126.9531085,37.4617813,100.0
8380,126.9423263,37.4489915,265.02
8381,126.942337,37.4490288,266.24
8382,126.9423799,37.4490756,268.5
8383,126.9424617,37.4491438,270.11
8384,126.9421935,37.4482814,265.0
8385,126.9423276,37.4482537,262.83
8386,126.9425449,37.4482579,263.17
8387,126.9426656,37.4482899,260.0
8388,126.9395149,37.4708052,43.17
8389,126.9395589,37.4708001,43.2
8390,126.939651,37.470812,43.33
8391,126.9396578,37.4708126,43.33
8392,126.9403013,37.4708717,44.3
8393,126.9405827,37.4709005,44.95
8394,126.9409322,37.4709307,44.81
8395,126.9410866,37.4709451,44.81
8396,126.9417648,37.4710086,46.9
8397,126.9423921,37.4710655,49.48
8398,126.9428283,37.4710318,49.01
8399,126.9430459,37.470996,48.74
8400,126.9434574,37.4708886,47.75
8401,126.9437529,37.4707488,49.2
8402,126.9444673,37.4702675,49.17
8403,126.9445293,37.4702211,49.16
8404,126.9452992,37.4696452,50.25
8405,126.9453692,37.4695933,50.34
8406,126.945509,37.4694894,50.35
8407,126.9455303,37.4694736,50.35
8408,126.9461554,37.4690348,50.75
8409,126.946295,37.4689634,51.06
8410,126.9463556,37.4689323,51.24
8411,126.9465243,37.4688912,51.64
8412,126.9467713,37.4688896,51.74
8413,126.9470224,37.4689501,50.9
8414,126.9462824,37.4688726,50.84
8415,126.9464782,37.4687362,50.0
8416,126.946691,37.4685879,50.0
8417,126.9470244,37.4683564,52.6
8418,126.9472419,37.4682289,54.1
8419,126.9398792,37.4704743,44.13
8420,126.9399715,37.4704824,44.13
8421,126.9411569,37.4705807,44.79
8422,126.9413166,37.4705965,45.12
8423,126.9414675,37.4706041,45.46
8424,126.9420117,37.4706536,45.55
8425,126.9423067,37.4706819,46.27
8426,126.9424217,37.4706826,46.95
8427,126.9426013,37.4706713,48.08
8428,126.9428199,37.4706461,49.52
8429,126.9430004,37.470599,47.68
8430,126.9431685,37.4705513,49.22
8431,126.9434366,37.4704452,49.26
8432,126.9436507,37.4703181,49.51
8433,126.9437551,37.4702577,49.7
8434,126.9441294,37.4699831,49.34
8435,126.9442382,37.4698947,49.75
8436,126.9444293,37.4697542,48.91
8437,126.9444941,37.4696904,49.97
8438,126.944609,37.4695773,50.0
8439,126.9448027,37.4693947,50.0
8440,126.9448211,37.4693837,50.0
8441,126.9447744,37.469236,50.66
8442,126.9449419,37.4692314,50.35
8443,126.9449827,37.4692314,50.26
8444,126.9454848,37.4688459,51.57
8445,126.9458572,37.4685605,51.21
8446,126.9460054,37.4684232,51.59
8447,126.9460872,37.4683474,52.49
8448,126.9461654,37.4682649,53.65
8449,126.9463129,37.468619,50.0
8450,126.9481585,37.4669071,57.28
8451,126.944474,37.4699051,46.56
8452,126.9445202,37.4699185,47.06
8453,126.9445818,37.4699674,47.21
8454,126.9445772,37.4700163,46.28
8455,126.9445495,37.4700396,45.7
8456,126.944474,37.4701056,45.84
8457,126.9446728,37.4698401,49.9
8458,126.9414511,37.4706744,45.18
8459,126.941441,37.4707507,44.89
8460,126.9414289,37.4708415,44.73
8461,126.940031,37.4641872,103.44
8462,126.9399575,37.464176,103.86
8463,126.9398466,37.4642075,103.61
8464,126.939794,37.4642316,102.56
8465,126.9394982,37.4645336,98.08
8466,126.9394228,37.4646088,96.79
8467,126.9393247,37.4646774,94.93
8468,126.9391834,37.4647459,92.44
8469,126.9390465,37.4648033,89.92
8470,126.9387853,37.4649165,84.53
8471,126.9383312,37.4652677,76.12
8472,126.93822,37.4653613,74.06
8473,126.9380741,37.4654815,71.02
8474,126.938058,37.4654947,70.7
8475,126.9377976,37.4657227,68.89
8476,126.9377147,37.4657949,67.5
8477,126.9376482,37.4658839,64.74
8478,126.9375688,37.4661211,65.0
8479,126.9375763,37.4663204,61.7
8480,126.9376403,37.4675242,55.14
8481,126.9376406,37.4675306,55.09
8482,126.9466802,37.4699141,55.0
8483,126.9468894,37.4697693,54.69
8484,126.9471254,37.4697076,54.66
8485,126.9467311,37.4689721,52.52
8486,126.9469269,37.4689913,53.18
8487,126.9470664,37.4690487,52.25
8488,126.9564868,37.4452153,314.96
8489,126.9562959,37.4452344,311.5
8490,126.9560539,37.4452688,301.29
8491,126.9557749,37.4453544,295.0
8492,126.9555385,37.4453989,291.15
8493,126.9554537,37.4454316,289.69
8494,126.9553371,37.4455095,286.44
8495,126.9551365,37.4455503,286.82
8496,126.9550627,37.4455961,284.82
8497,126.9549018,37.4456313,283.64
8498,126.9546027,37.4456994,276.76
8499,126.9543064,37.4458091,269.49
8500,126.9540398,37.4459076,261.31
8501,126.9534065,37.4458889,260.67
8502,126.9532975,37.4459195,254.8
8503,126.9532677,37.4459698,252.71
8504,126.9477793,37.4637234,65.01
8505,126.9476771,37.463695,67.09
8506,126.947571,37.4636406,69.72
8507,126.9443056,37.4611486,159.11
8508,126.9442011,37.4611334,161.62
8509,126.9443735,37.4611478,157.64
8510,126.9446424,37.4611834,154.1
8511,126.9445733,37.4611877,155.0
8512,126.9444633,37.4611515,155.38
8513,126.9449106,37.4613356,141.47
8514,126.9449468,37.4612824,142.3
8515,126.9449374,37.4612154,143.96
8516,126.9448663,37.4611855,146.88
8517,126.9448139,37.4611662,149.08
8518,126.9441019,37.460978,166.08
8519,126.9440777,37.460847,170.05
8520,126.9440335,37.4607608,174.13
8521,126.9439701,37.4606823,175.61
8522,126.9438028,37.460616,175.0
8523,126.9436607,37.4604755,177.69
8524,126.9434326,37.4603648,177.21
8525,126.9432771,37.4602988,180.0
8526,126.9431349,37.4602605,181.71
8527,126.9441366,37.4610677,165.0
8528,126.9428983,37.4601744,187.85
8529,126.9427957,37.460138,190.56
8530,126.9426991,37.4600721,191.66
8531,126.9426162,37.4600387,192.43
8532,126.9423155,37.4601189,195.25
8533,126.942105,37.4602126,196.81
8534,126.941936,37.4603116,199.27
8535,126.9430196,37.4602722,184.32
8536,126.942962,37.4602445,186.17
8537,126.9429499,37.4601838,186.18
8538,126.9532086,37.4460548,252.54
8539,126.9530725,37.4461178,253.42
8540,126.9530162,37.4465863,257.29
8541,126.9524668,37.4476886,225.91
8542,126.9524214,37.4565302,123.44
8543,126.9524379,37.4564142,123.69
8544,126.9522297,37.4560416,121.09
8545,126.9514253,37.4657104,77.94
8546,126.9513968,37.4656801,77.89
8547,126.9513871,37.4655728,78.16
8548,126.9514312,37.4658351,77.6
8549,126.9514451,37.465572,78.45
8550,126.9514508,37.4656782,78.17
8551,126.9490551,37.464448,65.4
8552,126.949182,37.4644659,65.6
8553,126.9490206,37.4644431,65.39
8554,126.9489962,37.4644397,65.18
8555,126.9489613,37.4644348,64.53
8556,126.9489288,37.4644302,64.03
8557,126.9488906,37.4644248,63.54
8558,126.9499718,37.4655148,66.17
8559,126.9498355,37.4656,65.73
8560,126.9507286,37.465645,75.0
8561,126.9507947,37.4655867,75.0
8562,126.9509164,37.4655037,75.01
8563,126.950963,37.4654675,75.37
8564,126.9510166,37.4654118,75.77
8565,126.9510683,37.4653504,75.66
8566,126.9511528,37.4652381,76.0
8567,126.9512131,37.4652136,77.2
8568,126.950509,37.4657972,72.96
8569,126.9505788,37.4657639,73.75
8570,126.9506183,37.4657413,74.38
8571,126.9506736,37.4656947,75.0
8572,126.9576858,37.4595733,152.87
8573,126.9522057,37.4557804,124.16
8574,126.9514797,37.4557707,114.8
8575,126.9514988,37.455645,117.44
8576,126.9514339,37.4564299,109.77
8577,126.9514663,37.4562271,114.11
8578,126.951068,37.4554841,112.41
8579,126.9509339,37.4554731,112.08
8580,126.939058,37.4510634,205.08
8581,126.9390365,37.4511443,205.49
8582,126.9390151,37.4512007,205.84
8583,126.9390607,37.4512263,203.47
8584,126.9390647,37.4512816,202.3
8585,126.9390902,37.4513327,200.02
8586,126.939062,37.4513817,200.06
8587,126.9389923,37.451452,200.97
8588,126.9389695,37.4514829,201.05
8589,126.9389896,37.4515201,199.48
8590,126.9389239,37.4515925,199.95
8591,126.9389199,37.4516511,198.86
8592,126.9388622,37.4516926,199.58
8593,126.9388434,37.4517277,199.15
8594,126.9388394,37.4517842,197.77
8595,126.9388072,37.4518278,197.71
8596,126.9388153,37.4518768,197.03
8597,126.9388314,37.4519332,196.94
8598,126.9388676,37.4519864,197.47
8599,126.9389051,37.4520216,198.1
8600,126.9389065,37.4520748,199.84
8601,126.9389179,37.4521062,200.0
8602,126.93895,37.452144,200.0
8603,126.9390164,37.4521477,199.53
8604,126.9390446,37.4521877,198.74
8605,126.9390808,37.4522191,197.72
8606,126.9391204,37.4522494,196.63
8607,126.939164,37.4522931,195.2
8608,126.9391854,37.4523154,194.08
8609,126.9392075,37.4523356,192.98
8610,126.9392793,37.4523378,192.18
8611,126.939339,37.4523569,190.92
8612,126.9393832,37.4523548,190.56
8613,126.9394208,37.4523479,190.41
8614,126.9395079,37.4523,190.0
8615,126.9395334,37.4522877,190.0
8616,126.9396749,37.4522963,190.0
8617,126.9397205,37.4523048,189.81
8618,126.9397782,37.4523527,187.78
8619,126.9397929,37.4523851,186.82
8620,126.9398674,37.4524405,184.41
8621,126.9399069,37.4524623,183.44
8622,126.9399223,37.4524858,182.79
8623,126.9399203,37.4525118,182.28
8624,126.9398835,37.4525252,182.23
8625,126.9398278,37.4525406,182.05
8626,126.9397768,37.4525683,181.29
8627,126.9397748,37.4526002,180.14
8628,126.9397802,37.4526497,177.33
8629,126.9398566,37.4526923,174.6
8630,126.9398633,37.4527312,172.45
8631,126.9398928,37.4527753,170.14
8632,126.9399599,37.4527945,170.0
8633,126.9400028,37.4527982,170.0
8634,126.9400571,37.4528238,169.41
8635,126.940151,37.4528408,167.55
8636,126.940204,37.4528403,166.57
8637,126.9403166,37.4528334,165.0
8638,126.9404025,37.4528461,164.96
8639,126.9404715,37.4528547,163.83
8640,126.9405238,37.4528642,162.85
8641,126.94056,37.4528861,161.94
8642,126.9405942,37.4529345,160.75
8643,126.9406338,37.4529776,160.07
8644,126.9406345,37.4530165,160.01
8645,126.9406164,37.4530628,160.12
8646,126.9407089,37.4531384,158.47
8647,126.9407458,37.4531714,157.87
8648,126.9408189,37.4532161,156.8
8649,126.9407994,37.4532576,157.27
8650,126.9408021,37.453281,157.38
8651,126.9408604,37.4533423,156.87
8652,126.9409121,37.4533726,156.17
8653,126.9409275,37.4533859,156.0
8654,126.9409483,37.4534487,156.32
8655,126.9409664,37.4534833,156.36
8656,126.9410308,37.4535163,155.4
8657,126.941077,37.4535264,154.64
8658,126.9411481,37.4535318,153.52
8659,126.9411803,37.4535445,153.22
8660,126.9412132,37.4535914,153.48
8661,126.9412299,37.4536196,153.68
8662,126.9412366,37.4536776,154.51
8663,126.9412413,37.4537207,155.09
8664,126.9412909,37.4537782,155.07
8665,126.9413339,37.453857,155.1
8666,126.9413647,37.4538996,155.0
8667,126.9414183,37.4539496,154.61
8668,126.9414103,37.4540146,155.64
8669,126.9414103,37.4540497,156.06
8670,126.9414854,37.4540848,155.18
8671,126.9415511,37.4541168,154.07
8672,126.9415726,37.4541402,153.72
8673,126.9415109,37.4542105,154.93
8674,126.9415042,37.454268,154.72
8675,126.9414693,37.4543191,154.32
8676,126.9414103,37.4543212,154.98
8677,126.9413875,37.4543819,153.39
8678,126.9413701,37.4544127,152.5
8679,126.9412856,37.454483,151.34
8680,126.9412427,37.4545277,150.99
8681,126.9412427,37.4545767,149.81
8682,126.9412856,37.4546384,147.86
8683,126.9412655,37.4547066,146.77
8684,126.9412561,37.4547385,146.26
8685,126.9412118,37.454763,146.33
8686,126.9412132,37.4548152,145.59
8687,126.9412588,37.4548567,145.48
8688,126.941303,37.4548982,145.54
8689,126.9413821,37.4549514,144.57
8690,126.9414331,37.4549855,143.87
8691,126.9414733,37.455043,143.45
8692,126.9414519,37.4550813,143.85
8693,126.9414653,37.4551186,143.71
8694,126.9415645,37.4551516,142.15
8695,126.9416235,37.4552048,141.76
8696,126.9416396,37.4552272,141.83
8697,126.9417483,37.4552495,140.69
8698,126.9418837,37.4552719,139.97
8699,126.9419387,37.4552783,139.78
8700,126.9420071,37.4553028,139.79
8701,126.9420165,37.4553805,140.65
8702,126.9420111,37.4554412,140.32
8703,126.9419722,37.4555497,140.16
8704,126.9419481,37.4555998,138.13
8705,126.9419776,37.4556498,136.05
8706,126.9420701,37.4556743,133.91
8707,126.9420969,37.4556977,132.77
8708,126.9421519,37.4557733,129.18
8709,126.9421841,37.4558446,126.03
8710,126.9422391,37.4559021,123.44
8711,126.942286,37.4559809,120.19
8712,126.942286,37.456015,119.33
8713,126.9423343,37.456065,117.03
8714,126.9423397,37.4561225,115.31
8715,126.9423518,37.456197,115.27
8716,126.9423974,37.456213,115.99
8717,126.9425073,37.4562375,117.8
8718,126.9425704,37.4562417,118.19
8719,126.9427246,37.4561874,115.9
8720,126.9428466,37.4561949,115.02
8721,126.9429807,37.4562119,113.17
8722,126.9430625,37.4562183,111.95
8723,126.9431001,37.4562598,111.93
8724,126.9430076,37.4563141,114.03
8725,126.9429888,37.4563833,115.17
8726,126.9429217,37.4563865,117.3
8727,126.942852,37.4564823,121.56
8728,126.9427608,37.4564557,124.21
8729,126.9427219,37.4564855,126.39
8730,126.9426978,37.4565196,128.19
8731,126.9426361,37.4565505,131.83
8732,126.9425958,37.4565824,135.04
8733,126.9426173,37.4566314,136.06
8734,126.9425704,37.4566718,140.1
8735,126.942565,37.4567389,143.34
8736,126.9425382,37.4567975,146.97
8737,126.9424859,37.4567825,148.63
8738,126.942396,37.45679,151.32
8739,126.9422968,37.4568017,152.05
8740,126.9422874,37.4568315,153.03
8741,126.9422874,37.4569433,157.1
8742,126.9423102,37.4570317,160.92
8743,126.9422914,37.4571104,163.51
8744,126.9422713,37.4571743,164.91
8745,126.9422565,37.4572382,165.82
8746,126.9456469,37.4578663,89.02
8747,126.9456831,37.4579419,89.7
8748,126.9457018,37.4579674,89.82
8749,126.9457796,37.4580057,89.44
8750,126.9458131,37.4580324,89.35
8751,126.9458333,37.4580813,89.7
8752,126.94584,37.4581186,89.95
8753,126.9458373,37.4581952,90.95
8754,126.9458762,37.4582336,90.49
8755,126.9458722,37.4582942,91.76
8756,126.9458748,37.4583613,92.78
8757,126.9458641,37.4584252,94.02
8758,126.9458655,37.4584539,94.46
8759,126.9459245,37.4585199,92.63
8760,126.9459526,37.4585497,91.58
8761,126.9459674,37.4585753,91.64
8762,126.9460317,37.4585923,90.34
8763,126.9460237,37.4586455,92.42
8764,126.9460975,37.4586817,91.92
8765,126.9461511,37.458702,91.16
8766,126.946186,37.4587307,90.99
8767,126.9462182,37.4588201,92.49
8768,126.9462691,37.4588553,91.63
8769,126.9463576,37.4589202,89.29
8770,126.9463871,37.4589468,88.57
8771,126.9464234,37.4590756,90.71
8772,126.9464716,37.4591927,91.87
8773,126.9464703,37.4592438,92.98
8774,126.9464542,37.45928,94.58
8775,126.9464529,37.4592981,95.13
8776,126.9465145,37.4593652,95.34
8777,126.9465776,37.4593971,94.55
8778,126.9466218,37.4594727,94.77
8779,126.94665,37.4595078,94.47
8780,126.9467787,37.4595909,91.19
8781,126.9468471,37.4596271,88.8
8782,126.9468445,37.4596739,88.29
8783,126.9467922,37.4597101,88.06
8784,126.9467828,37.4597484,86.82
8785,126.9468136,37.4598038,84.42
8786,126.9467962,37.4598559,83.46
8787,126.9468445,37.4598943,82.33
8788,126.9468713,37.4599454,82.43
8789,126.9468847,37.4600348,83.6
8790,126.9469102,37.4600742,83.27
8791,126.9469786,37.4601114,82.49
8792,126.9470295,37.4601604,82.41
8793,126.9470577,37.4601891,82.5
8794,126.9471583,37.4602392,82.08
8795,126.9471945,37.4602988,81.89
8796,126.9472106,37.4603201,81.77
8797,126.9473031,37.4603691,80.24
8798,126.9473407,37.4604031,79.58
8799,126.9473715,37.4605,77.04
8800,126.9474024,37.4605543,75.24
8801,126.9474198,37.460583,75.84
8802,126.9475029,37.4606309,75.75
8803,126.9475619,37.4606873,75.17
8804,126.9455999,37.4559692,92.86
8805,126.9455316,37.4558242,95.18
8806,126.9454229,37.4556189,97.78
8807,126.9452326,37.455407,99.81
8808,126.9447254,37.4547784,101.42
8809,126.9446906,37.4546448,101.4
8810,126.9404259,37.4511635,175.0
8811,126.9403884,37.4510953,175.41
8812,126.9403428,37.4510293,177.48
8813,126.9402985,37.4509867,178.94
8814,126.9402274,37.4509377,180.0
8815,126.9401121,37.4508898,180.0
8816,126.9400759,37.4508685,180.0
8817,126.9399807,37.4508217,180.8
8818,126.9399016,37.450793,182.15
8819,126.9398399,37.4507844,182.95
8820,126.9397527,37.4507834,184.93
8821,126.9396816,37.4507621,186.74
8822,126.9396213,37.4507301,188.36
8823,126.939581,37.4507099,189.38
8824,126.9395301,37.4506812,190.73
8825,126.9394778,37.4506577,192.15
8826,126.9394496,37.4506609,192.88
8827,126.9394134,37.450695,193.7
8828,126.9393463,37.4507568,194.2
8829,126.9393128,37.4507706,194.57
8830,126.9392927,37.450777,194.77
8831,126.9392283,37.4507695,196.16
8832,126.9391774,37.4507674,197.16
8833,126.9391519,37.4507717,197.49
8834,126.9391666,37.4508174,195.47
8835,126.9391063,37.4508866,199.54
8836,126.9554444,37.4640739,122.46
8837,126.9556354,37.46436,125.0
8838,126.9558418,37.4645972,122.24
8839,126.9559681,37.4646706,117.78
8840,126.9561561,37.4646021,113.93
8841,126.9563194,37.4643894,122.33
8842,126.9564703,37.4641228,124.44
8843,126.9564703,37.4638,139.92
8844,126.9564365,37.4637119,140.06
8845,126.9561314,37.4633109,142.4
8846,126.9560051,37.4631543,146.9
8847,126.9560513,37.4628438,150.83
8848,126.9560174,37.4625625,155.05
8849,126.9558572,37.4623718,164.78
8850,126.9556385,37.462362,169.86
8851,126.9555183,37.4624231,170.84
8852,126.9760779,37.4503383,
8853,126.9759893,37.4503362,
8854,126.9758847,37.4503043,
8855,126.9757989,37.4502745,
8856,126.9756433,37.4502808,
8857,126.9755602,37.4502404,
8858,126.9754663,37.4501978,
8859,126.9753993,37.4501616,
8860,126.9752786,37.4501531,
8861,126.9752169,37.4500807,
8862,126.9751042,37.4500211,
8863,126.9750103,37.4500594,
8864,126.9750103,37.4502063,
8865,126.9749486,37.4503256,354.66
8866,126.9749084,37.4504065,356.37
8867,126.9749325,37.4504938,354.85
8868,126.9750103,37.450596,
8869,126.9750854,37.4506726,
8870,126.9751096,37.4507387,
8871,126.9750613,37.4508004,
8872,126.9750828,37.4509516,
8873,126.9751015,37.450992,
8874,126.9750747,37.4510644,
8875,126.9751176,37.4511113,
8876,126.9751498,37.4511347,
8877,126.9751632,37.451205,
8878,126.9750452,37.4512625,
8879,126.9751096,37.4513498,
8880,126.9751123,37.4514307,
8881,126.9750291,37.4514499,
8882,126.9749486,37.4515031,362.18
8883,126.9748306,37.4515116,367.24
8884,126.9747126,37.4515457,372.09
8885,126.9745946,37.4515073,377.65
8886,126.9745302,37.4514903,380.27
8887,126.974439,37.4515116,383.77
8888,126.9742593,37.4514264,389.87
8889,126.9742057,37.451501,393.37
8890,126.9740581,37.4514988,399.62
8891,126.9739053,37.4514903,405.11
8892,126.9738275,37.4514477,409.08
8893,126.9737416,37.4513626,415.39
8894,126.9736612,37.4513689,420.84
8895,126.9734707,37.4514584,428.91
8896,126.9733688,37.4514967,430.0
8897,126.9732749,37.4514584,430.0
8898,126.9732133,37.4513753,430.0
8899,126.973047,37.4512518,430.21
8900,126.9730148,37.451139,435.0
8901,126.9729128,37.4510304,438.95
8902,126.9729531,37.4509516,440.89
8903,126.972937,37.4508196,445.39
8904,126.9727948,37.450645,452.6
8905,126.9727278,37.4505939,455.41
8906,126.9726017,37.4506045,459.3
8907,126.9724461,37.4506812,463.39
8908,126.9723764,37.4507238,465.17
8909,126.9722611,37.4507003,469.05
8910,126.972076,37.4506961,474.74
8911,126.9719151,37.4506812,475.0
8912,126.9718426,37.4506599,475.0
8913,126.9716334,37.4507025,480.0
8914,126.9714484,37.4506854,480.0
8915,126.9712445,37.4506279,485.0
8916,126.9709843,37.45053,490.0
8917,126.9709522,37.4504448,492.35
8918,126.9709173,37.4504001,491.41
8919,126.9463017,37.4700181,54.32
8920,126.9461282,37.470108,54.43
8921,126.9459584,37.4700799,53.75
8922,126.950333,37.4527408,132.49
8923,126.95281426361207,37.46874285776595,99.78
8924,126.95292408740269,37.46886582411095,97.37
8925,126.95205654561985,37.468983405236095,89.93
8926,126.95207159513981,37.468985334760674,89.99
8927,126.95045419904446,37.45369629703317,128.13
8928,126.95097667824014,37.453729592276034,129.24
8929,126.95101765700059,37.45333261053421,136.08
8930,126.95048749428732,37.453301876463875,132.62
8931,126.9502928451752,37.45320967425287,131.53
8932,126.95096410475836,37.45386082324353,127.69
8933,126.9516226,37.4511045,168.61
8934,126.95149403509076,37.450711890745026,176.8
8935,126.95177399139094,37.450690881151345,179.34
8936,126.95191245533053,37.45482997816874,123.32
8937,126.95194381950002,37.45457586762285,125.0
8938,126.95104618372382,37.45495535481418,115.99
8939,126.95188677277432,37.45503805663806,123.6
8940,126.95109822674868,37.45458118924474,118.44
8941,126.95193051115949,37.454683690968075,124.69
8942,126.9548113938075,37.45383139888399,169.75
8943,126.95485493374048,37.45375456370816,173.78
8944,126.95495225829654,37.453708462602656,176.06
8945,126.95502653229985,37.453711023775185,176.33
8946,126.95509056161305,37.453728951982875,175.82
8947,126.9551417850636,37.45373663550046,176.15
8948,126.95269678091897,37.45414778562732,136.97
8949,126.95270110118786,37.454060688198616,138.51
8950,126.95273660416154,37.4541421628543,137.34
8951,126.9526728147467,37.45536554122819,135.0
8952,126.95279318985551,37.45538346943588,135.01
8953,126.95291869801922,37.455387346889964,136.19
8954,126.95277270047531,37.45569593248428,131.95
8955,126.95278034781738,37.45550504390169,134.73
8956,126.95353163415429,37.45468768567878,147.14
8957,126.95388168817986,37.455181136806175,149.71
8958,126.95419415122826,37.45503514997208,150.0
8959,126.95415600041271,37.45497144273085,149.96
8960,126.95451173662173,37.45589058159641,159.66
8961,126.95437855565028,37.45578813469529,159.16
8962,126.95415317246783,37.455731788899676,159.44
8963,126.95389705521502,37.45569593248429,159.04
8964,126.95423731030729,37.45768647588213,156.72
8965,126.95422488529859,37.45789341851322,155.0
8966,126.95426586405904,37.45799074306928,153.66
8967,126.95434782157993,37.45809831231546,148.86
8968,126.95443490144588,37.458134168730844,147.18
8969,126.95451685896677,37.4581392910759,145.8
8970,126.95461418352284,37.45814953576601,142.78
8971,126.95472687511406,37.45818026983635,138.96
8972,126.95478834325473,37.45821100390668,137.69
8973,126.95483444436023,37.4582673497023,135.95
8974,126.95491640188112,37.458344184878136,134.26
8975,126.95494713595146,37.45838516363858,133.46
8976,126.95496250298662,37.45843638708914,132.36
8977,126.95502397112729,37.45851834461003,130.27
8978,126.95504958285257,37.45859517978587,129.57
8979,126.95506494988774,37.45864128089137,128.79
8980,126.95411820785773,37.457405948281014,159.51
8981,126.95427610874914,37.457212146620805,170.0
8982,126.95428580220462,37.4571227070085,170.0
8983,126.95485279486027,37.45702973254899,161.6
8984,126.95453222600193,37.45684333777679,164.68
8985,126.95027043491552,37.455747155934866,105.05
8986,126.94904923131129,37.4578749755135,93.09
8987,126.94891340212313,37.457823169528304,92.87
8988,126.95811909681173,37.460707476894186,129.6
8989,126.95825745144379,37.460891270957134,128.67
8990,126.9581678104053,37.461050063653865,127.05
8991,126.95856991449219,37.461206295178066,128.42
8992,126.95833428661962,37.461623766300114,125.64
8993,126.95821606640742,37.46158959815584,125.0
8994,126.95856686196473,37.46337115864024,104.73
8995,126.95871077898126,37.463373047136656,103.91
8996,126.95878505298455,37.462956856600876,106.45
8997,126.95907402892512,37.462963586300866,104.41
8998,126.95873254894772,37.462326808159006,122.19
8999,126.95864803025431,37.46409401720326,98.62
9000,126.95789934606542,37.464801620700825,90.01
9001,126.95775674221461,37.46479065613084,90.11
9002,126.95772088579922,37.46522093311552,86.99
9003,126.95738793337058,37.46521581077047,90.34
9004,126.95746989089149,37.46521581077047,90.17
9005,126.95743915682115,37.465553885544146,89.41
9006,126.95776851785476,37.46558318332136,82.77
9007,126.95731622053981,37.465559007889205,90.0
9008,126.9573292,37.4659217,84.11
9009,126.9589437508284,37.46578915064978,88.58
9010,126.95934979152696,37.46618393398601,85.24
9011,126.95934979152696,37.46632223730251,84.97
9012,126.95991837182815,37.46624027978162,94.07
9013,126.96010653310982,37.46614745838653,95.2
9014,126.95927726409315,37.46696386369827,81.44
9015,126.9589480382111,37.466926952492145,80.41
9016,126.96007552437052,37.46583178845113,97.22
9017,126.96035889350294,37.46582536983211,97.97
9018,126.96090698442391,37.46624540212669,100.0
9019,126.95947272780829,37.46423232051976,99.4
9020,126.95904757316866,37.464724065645115,96.94
9021,126.95922685524562,37.46480602316601,97.23
9022,126.95951882891379,37.464969938207794,98.43
9023,126.95972372271602,37.46509799683419,98.73
9024,126.95992861651825,37.46522605546058,99.51
9025,126.96006654112894,37.4653059644427,98.14
9026,126.95945255747165,37.465204103905805,95.83
9027,126.95962841256532,37.46503842799,98.5
9028,126.9498903459124,37.45896951932042,88.96
9029,126.94960196888569,37.459344322750276,88.01
9030,126.94888484057786,37.46052758445818,75.99
9031,126.949039188554,37.46054944230876,76.67
9032,126.94863896801517,37.459720815111886,81.22
9033,126.94864152918771,37.45960556234813,82.12
9034,126.94869787498332,37.459574828277795,82.72
9035,126.95124236417945,37.459155898753366,93.71
9036,126.95220155900147,37.45984119022071,94.39
9037,126.9523964,37.4596695,94.98
9038,126.95272659936968,37.46014853092406,96.54
9039,126.95277526164772,37.46029707893067,96.26
9040,126.95326210382298,37.46013672838672,99.58
9041,126.95363069327203,37.46016902030428,102.46
9042,126.95297251963086,37.45990516567049,99.91
9043,126.95377533443063,37.45951701268496,109.91
9044,126.95375619072591,37.45940066854591,114.49
9045,126.95379573850812,37.45931071923123,115.92
9046,126.94975307806479,37.463796921190045,76.57
9047,126.94960965240323,37.46385326698566,75.92
9048,126.9494508597065,37.463976203266995,74.97
9049,126.94931255639,37.464129873618674,71.5
9050,126.94921523183393,37.464309155695624,68.24
9051,126.94889915978057,37.46423004100102,63.79
9052,126.9491383966581,37.463976203266995,69.97
9053,126.94895065466646,37.463775529327634,63.86
9054,126.94933700780507,37.4641027053797,72.07
9055,126.95052445224397,37.46332147691367,77.04
9056,126.95016286566926,37.463627883803206,75.71
9057,126.94976844509996,37.4633154207548,70.54
9058,126.95017861338238,37.462969726072814,74.34
9059,126.94999425805186,37.463125102926874,72.13
9060,126.94955625986212,37.46320400084918,70.0
9061,126.95010343602301,37.46382709553932,77.9
9062,126.95188653478053,37.464181097069236,85.0
9063,126.95207093920254,37.46417597472418,85.2
9064,126.95246792094436,37.46414780182637,87.85
9065,126.95035211076579,37.46646108521022,72.68
9066,126.95090304452984,37.466468224136655,75.0
9067,126.95094658446281,37.46637858309818,75.0
9068,126.95171019024517,37.466376760767865,78.18
9069,126.9508799939771,37.466468224136655,75.0
9070,126.95089279983974,37.46668592380152,75.0
9071,126.95113867240241,37.466724341389444,71.65
9072,126.95043170198944,37.46646211654271,73.92
9073,126.95043434995723,37.466219790401446,74.62
9074,126.95099268556832,37.466232596264085,76.1
9075,126.95098757521419,37.46637848527455,75.0
9076,126.95249316774782,37.465974714737605,80.4
9077,126.95190446298824,37.467282677000526,77.76
9078,126.95234335220383,37.468835317085194,93.21
9079,126.95328621556703,37.46831482952928,102.0
9080,126.95345397236761,37.46770398988137,100.72
9081,126.95439008092652,37.46663726152351,95.59
9082,126.95461674469523,37.4668754505686,97.84
9083,126.95444642672213,37.46669616849165,95.76
9084,126.95493817184749,37.46639138896083,99.69
9085,126.95488566781066,37.466331201406426,98.6
9086,126.95545937045695,37.465994407219,100.0
9087,126.95397645156328,37.466196739848705,92.03
9088,126.95396620687316,37.46633504316521,90.5
9089,126.95415573364023,37.46634528785532,93.95
9090,126.95301601186532,37.466524569932275,82.2
9091,126.95331823022362,37.466614210970754,87.08
9092,126.95335152546647,37.466522008759746,86.86
9093,126.95347190057528,37.46655274283008,88.28
9094,126.95366663307057,37.466160591306355,89.57
9095,126.95363794668562,37.466155746683,89.31
9096,126.95400206328854,37.46338201124054,109.62
9097,126.95404816439404,37.46335127717021,110.28
9098,126.95410963253471,37.463338471307566,110.68
9099,126.95414292777758,37.46335127717021,110.3
9100,126.95417622302044,37.46337176655043,110.0
9101,126.95420183474572,37.463420428828464,109.42
9102,126.95419415122814,37.46346396876144,108.65
9103,126.95416597833032,37.46350494752188,107.88
9104,126.9543836779952,37.463269319649314,116.08
9105,126.95448356372378,37.46345884641638,116.67
9106,126.95456808241721,37.463563854490026,116.14
9107,126.95465772345568,37.463607394423,118.28
9108,126.95476017035679,37.46363300614828,119.96
9109,126.95483956670516,37.46363044497575,120.7
9110,126.95489335132825,37.46362020028564,121.27
9111,126.95492553702354,37.463614280695765,121.59
9112,126.95436212159052,37.463279964787425,115.12
9113,126.95456039889962,37.46363556732081,114.8
9114,126.95467052931832,37.463671423736194,117.19
9115,126.9548523725678,37.46398132561207,116.3
9116,126.95493433008869,37.464065844305495,115.67
9117,126.95505726637003,37.4640940172033,116.26
9118,126.95515215542143,37.464092059625486,117.31
9119,126.95437599447762,37.46314638336798,120.1
9120,126.95406353142921,37.462754523971206,121.0
9121,126.95409426549952,37.46257524189426,121.25
9122,126.9545906898868,37.46263739900879,128.18
9123,126.95375619072584,37.462695617003064,112.05
9124,126.95381253652145,37.46266744410526,114.8
9125,126.95384839293685,37.46254963016897,116.65
9126,126.95378436362364,37.462511212581056,115.4
9127,126.95374594603572,37.46246511147555,114.76
9128,126.95373826251814,37.462431816232694,114.4
9129,126.9537309,37.4623748,113.49
9130,126.95402056925575,37.46216467802761,118.5
9131,126.9542812,37.4622902,123.48
9132,126.95455271538202,37.46233449167661,126.23
9133,126.95438561778082,37.462307233431204,125.0
9134,126.95442465675563,37.46249328437334,125.77
9135,126.95433634713427,37.462605552846505,125.44
9136,126.95435294392485,37.462682811140404,125.63
9137,126.95441441206552,37.462759646316236,126.25
9138,126.95452198131169,37.46279550273163,127.36
9139,126.95187629009038,37.468634976095245,85.0
9140,126.95191214650576,37.468798891137034,87.47
9141,126.95206214027219,37.46899055411816,89.95
9142,126.95263425442583,37.46867473073467,94.98
9143,126.95234498466299,37.468386542360044,92.02
9144,126.9523744814477,37.468339269122005,91.59
9145,126.95269457372423,37.46864143275595,95.71
9146,126.95254219494763,37.46846081636335,95.03
9147,126.9528879532389,37.46826616725123,98.9
9148,126.952999,37.4681266,100.06
9149,126.95247816563443,37.46894743914365,93.25
9150,126.95289051441142,37.46869644423592,99.79
9151,126.95230327551322,37.46885744056518,92.63
9152,126.9525754901905,37.469139527083236,93.75
9153,126.9537088090341,37.46777826388466,103.28
9154,126.95380741417642,37.467760335676964,104.08
9155,126.95412628015615,37.46723529530875,100.0
9156,126.95368337722753,37.46709126635291,96.35
9157,126.95554516973657,37.46603538597944,101.46
9158,126.95576543057398,37.465891960317876,105.0
9159,126.95537342560796,37.46552177430674,102.9
9160,126.95258829605312,37.46339865886196,91.6
9161,126.95194288057611,37.46235626164311,85.0
9162,126.95212728499813,37.46250480964972,88.01
9163,126.95190546503045,37.46225084543613,85.0
9164,126.95232961762783,37.46187988355292,90.12
9165,126.95192495236842,37.461559736986935,85.0
9166,126.95214448357676,37.46125115470209,88.78
9167,126.95223440597054,37.46196315522426,89.94
9168,126.95236396910492,37.46199669772752,91.74
9169,126.95236719186688,37.46202487058132,92.07
9170,126.95265175877971,37.46218884875407,95.0
9171,126.95258405636913,37.462149836075234,94.75
9172,126.95258573488061,37.46208477735515,95.19
9173,126.95254987846522,37.46200281983426,95.3
9174,126.95250121618719,37.46192598465842,94.54
9175,126.95248072680697,37.46185171065511,94.67
9176,126.95247816563443,37.46178255899686,95.54
9177,126.95250121618719,37.46173389671883,96.66
9178,126.95253451143004,37.46168011209574,96.27
9179,126.95258573488061,37.461646816852884,96.88
9180,126.95260549161169,37.4616300346094,97.15
9181,126.95203622092485,37.463417629860444,90.0
9182,126.9543921679401,37.45505764000628,153.99
9183,126.95246814497699,37.44842442436211,207.78
9184,126.95154040858041,37.4666810380176,75.31
9185,126.95772123757193,37.4595901000211,153.67
9186,126.95283233285716,37.45205603113493,164.09
9187,126.95045326490143,37.4658827980962,72.53
9188,126.94704305366966,37.46888967770578,50.0
9189,126.95753667407827,37.46160085969338,124.74
9190,126.9477642008442,37.46705177939602,55.08
9191,126.95271290099532,37.451795584770565,167.38
9192,126.94991634285084,37.45512832849014,114.11
9193,126.94965890348207,37.46269037904641,70.0
9194,126.95181729,37.45578343,119.63
9195,126.9517287,37.4557834,119.33
9196,126.9516496,37.4557699,119.42
9197,126.9516236,37.45576,119.88
9198,126.9515479,37.4557564,118.14
9199,126.9515196,37.4557356,117.18
9200,126.9514394,37.4557275,114.53
9201,126.9513953,37.4557609,113.96
9202,126.9513603,37.4557834,113.47
9203,126.9513264,37.4557834,113.1
9204,126.9512879,37.4558194,112.52
9205,126.9512314,37.4559366,111.38
9206,126.9512314,37.4560447,110.78
9207,126.9512258,37.4561078,109.99
9208,126.9513444,37.4628185,79.99
9209,126.9513851,37.4628482,80.03
9210,126.94934281,37.45699612,100.0
9211,126.9494071,37.4570088,100.0
9212,126.94939282,37.45745541,97.76
9213,126.9493913,37.4574034,98.29
9214,126.9493246,37.457371,98.27
9215,126.949345,37.4573908,98.17
9216,126.94917291,37.45734808,96.98
9217,126.9492353,37.4573575,97.59
9218,126.9515072,37.4657044,78.38
9219,126.9516553,37.46589,78.5
9220,126.9515117,37.4657504,78.27
9221,126.9515332,37.4658008,78.23
9222,126.9515637,37.4658378,78.28
9223,126.9516112,37.4658738,78.39
9224,126.95397088,37.46627197,91.39
9225,126.9540311,37.4662748,92.35
9226,126.95444305,37.46629442,95.68
9227,126.9544075,37.4662604,95.34
9228,126.9541374,37.4662721,94.11
9229,126.9543668,37.4662288,95.0
9230,126.9543939,37.4662333,95.07
9231,126.95393624,37.46684033,96.1
9232,126.9539723,37.4668848,96.29
9233,126.95388063,37.46715541,97.98
9234,126.9539011,37.4671154,97.98
9235,126.9539543,37.4668974,96.35
9236,126.9539057,37.4669893,97.23
9237,126.9538774,37.4670722,97.62
9238,126.95810904,37.46465087,92.51
9239,126.9581035,37.464598,93.53
9240,126.95867784,37.46368726,100.44
9241,126.9586517,37.4637366,100.2
9242,126.9580854,37.4645881,93.7
9243,126.9580673,37.4645692,93.97
9244,126.9580594,37.4645493,94.12
9245,126.9580606,37.4645097,94.55
9246,126.9581272,37.4641556,97.28
9247,126.9581465,37.4640376,98.62
9248,126.9581487,37.4639907,99.02
9249,126.9581272,37.4638267,100.0
9250,126.9580967,37.4637024,101.02
9251,126.958099,37.4636853,101.1
9252,126.9581069,37.4636754,101.2
9253,126.9581318,37.4636699,101.2
9254,126.9582606,37.4636817,100.74
9255,126.9585534,37.4637168,100.23
9256,126.95127437,37.4651431,78.85
9257,126.95131307,37.46581713,77.04
9258,126.95126931,37.46586021,76.68
9259,126.9512698,37.46601136,78.12
9260,126.95401435,37.45451597,151.41
9261,126.95037241,37.46269274,74.15
9262,126.95037241,37.4626581,73.9
9263,126.95068647,37.4625075,76.18
9264,126.95062447,37.46248102,75.52
9265,126.95468574,37.4636144,118.88
9266,126.95235023,37.4618766,90.73
9267,126.95172958,37.4579675,110.82
9268,126.95013274,37.4638332,78.59
9269,126.9504854,37.4634294,78.4
9270,126.9502854,37.4635825,78.01
9271,126.95188404,37.46351491,90.33
9272,126.95196267,37.46351499,90.11
9273,126.95327838,37.46042343,98.12
9274,126.950733,37.4612381,84.35
9275,126.95031974,37.46091934,85.0
9276,126.9506448,37.4611705,84.62
9277,126.9507002,37.4612129,84.46
9278,126.9507556,37.4612201,84.88
9279,126.9508516,37.4611408,85.0
9280,126.9509364,37.4610723,85.15
9281,126.95801041,37.4608938,127.91
9282,126.95821841,37.46096044,127.97
9283,126.9580976,37.46360128,102.23
9284,126.95856104,37.46364793,100.84
9285,126.958559,37.4636672,100.56
9286,126.9580789,37.46465288,92.47
9287,126.9580708,37.4647368,90.82
9288,126.95782725,37.4652323,85.89
9289,126.95778222,37.4655013,82.88
9290,126.9579198,37.4655069,82.5
9291,126.94923941,37.4610873,71.91
9292,126.9497384,37.4605677,80.69
9293,126.9493574,37.461066,73.24
9294,126.9494829,37.4607218,77.08
9295,126.9497123,37.4605885,80.1
9296,126.94932972,37.4619909,69.94
9297,126.9493981,37.4619616,70.12
9298,126.9494399,37.4619364,70.58
9299,126.9494795,37.4619157,70.99
9300,126.9498604,37.4617967,74.63
9301,126.9499711,37.4617616,75.0
9302,126.9500729,37.4617193,76.38
9303,126.950152,37.4616787,78.31
9304,126.9502209,37.4616337,79.66
9305,126.9504142,37.461467,80.0
9306,126.9504979,37.4614003,80.03
9307,126.9505352,37.4613967,80.37
9308,126.9505826,37.4613589,81.21
9309,126.95840887,37.47190856,54.83
9310,126.95837452,37.471312,54.76
9311,126.9584222,37.4718809,54.74
9312,126.9584302,37.4718647,54.7
9313,126.9584324,37.4718466,54.66
9314,126.9584245,37.4718214,54.65
9315,126.958325,37.4715538,54.51
9316,126.9583137,37.4715042,54.56
9317,126.9583115,37.4713853,54.71
9318,126.9583092,37.4713231,54.81
9319,126.9580155,37.4666593,75.43
9320,126.9581035,37.4666307,76.75
9321,126.9581295,37.4666235,77.17
9322,126.9581521,37.4666262,77.46
9323,126.9581917,37.4666397,77.9
9324,126.9579383,37.4652328,85.41
9325,126.9490913,37.45834241,90.0
9326,126.9492757,37.45745759,96.95
9327,126.9490952,37.4582819,90.15
9328,126.949189,37.4579503,93.13
9329,126.9492387,37.457726,95.0
9330,126.9492783,37.4575476,95.92
9331,126.9490902,37.4577046,94.43
9332,126.9491438,37.4577125,94.74
9333,126.9550359,37.460293,111.58
9334,126.9547353,37.4599001,112.45
9335,126.95556111,37.46140283,126.32
9336,126.9555479,37.4613543,125.1
9337,126.9555219,37.4612823,123.54
9338,126.9555061,37.4612534,122.43
9339,126.9554705,37.4611949,120.25
9340,126.9554259,37.4611183,118.05
9341,126.9554541,37.4610867,118.29
9342,126.9554728,37.4610692,118.47
9343,126.9554745,37.4610183,117.43
9344,126.9552778,37.4610093,114.35
9345,126.9551478,37.4609957,113.21
9346,126.9499395,37.45744028,97.86
9347,126.9499452,37.4574818,96.94
9348,126.9500039,37.4575989,95.0
9349,126.9500514,37.457689,94.94
9350,126.9500808,37.4577656,94.71
9351,126.9501181,37.4578557,94.65
9352,126.95384234,37.4595417,109.77
9353,126.9538424,37.45958182,109.3
9354,126.9487835,37.4566673,95.16
9355,126.9490699,37.45667,100.11
9356,126.95244497,37.46608179,80.45
9357,126.9520396,37.4660675,79.96
9358,126.9521616,37.4660693,80.0
9359,126.9523572,37.4660766,80.37
9360,126.95378437,37.4632152,105.43
9361,126.9537689,37.4629554,109.81
9362,126.953813,37.463032,110.88
9363,126.9538152,37.4631176,110.44
9364,126.9538186,37.4631879,109.87
9365,126.95291547,37.46217524,100.0
9366,126.9527234,37.4619842,100.0
9367,126.9527855,37.4620499,100.0
9368,126.952876,37.462113,100.0
9369,126.9529178,37.4621382,100.0
9370,126.9510816,37.4542093,123.6
9371,126.9510822,37.4541553,124.9
9372,126.9510506,37.454121,125.0
9373,126.9509827,37.4540895,125.0
9374,126.9509036,37.4540597,125.02
9375,126.9508341,37.4540399,125.1
9376,126.9508477,37.4539787,125.91
9377,126.9508528,37.45386394,127.41
9378,126.95151342,37.46429233,83.58
9379,126.9514749,37.4642498,83.42
9380,126.9514914,37.4641988,83.33
9381,126.9515275,37.4641493,83.59
9382,126.9515671,37.4641114,83.93
9383,126.9515535,37.4640682,83.96
9384,126.9514778,37.4639105,84.97
9385,126.9514123,37.4637303,83.82
9386,126.951349,37.4635501,83.27
9387,126.9513275,37.4634465,83.58
9388,126.958793,37.4666964,80.0
9389,126.9588478,37.4666888,80.05
9390,126.95891773,37.46668641,80.71
9391,126.9589043,37.4666843,80.58
9392,126.95913005,37.46522342,95.0
9393,126.9585298,37.4647831,91.28
9394,126.9586359,37.4648115,91.64
9395,126.9587387,37.4648449,94.26
9396,126.9588744,37.4649025,95.0
9397,126.9590055,37.4649665,95.0
9398,126.9590767,37.4650107,96.11
9399,126.9591185,37.4650494,96.04
9400,126.9591456,37.4650999,95.0
9401,126.9591535,37.4651386,95.0
9402,126.9591479,37.4651584,95.0
9403,126.9591038,37.4652116,95.0
9404,126.95784019,37.4627855,114.7
9405,126.95792379,37.46304285,110.0
9406,126.9578481,37.4628365,113.47
9407,126.9578786,37.4629032,111.68
9408,126.9579091,37.4629807,110.14
9409,126.9579419,37.4630924,110.0
9410,126.9579498,37.463114,110.0
9411,126.9580346,37.4634582,104.35
9412,126.9580436,37.4634933,103.85
9413,126.9580549,37.4635159,103.51
9414,126.958073,37.4635384,103.15
9415,126.9580832,37.4635492,102.97
9416,126.95239277,37.462391,90.93
9417,126.95254204,37.46244203,92.74
9418,126.9579518,37.4650303,87.87
9419,126.9579679,37.4648764,89.77
9420,126.9579803,37.4648295,90.0
9421,126.9579867,37.4648166,90.0
9422,126.95065865,37.46275,75.0
9423,126.9505872,37.4627446,75.0
9424,126.95789839,37.46480734,90.0
9425,126.95250869,37.45135026,172.55
9426,126.9525945,37.4512612,175.61
9427,126.9525911,37.4511882,178.41
9428,126.9525651,37.4511044,178.38
9429,126.9525595,37.4510278,180.0
9430,126.9525708,37.4510035,180.0
9431,126.95264319,37.46478374,83.61
9432,126.9526465,37.4648431,83.43
9433,126.9526499,37.4650007,81.71
9434,126.9526058,37.4650034,81.59
9435,126.9525719,37.4650134,81.37
9436,126.9525685,37.465099,80.07
9437,126.9525086,37.4651035,79.96
9438,126.9525115,37.4651611,79.92
9439,126.95273168,37.465489,80.0
9440,126.9524691,37.4651773,79.91
9441,126.9524905,37.4654197,79.95
9442,126.9525041,37.4654909,79.97
9443,126.9517587,37.46485228,82.66
9444,126.9517626,37.46478,83.79
9445,126.9517152,37.4647422,84.33
9446,126.9516847,37.4647422,84.29
9447,126.9516553,37.4647331,84.31
9448,126.9516101,37.4647034,84.35
9449,126.9516101,37.4645683,84.42
9450,126.9516948,37.4645322,84.69
9451,126.9516948,37.4644061,84.57
9452,126.9516892,37.464334,84.47
9453,126.9516666,37.4642754,84.3
9454,126.951653,37.4642506,84.22
9455,126.9514857,37.4645322,84.13
9456,126.9514405,37.4645322,84.06
9457,126.9513306,37.4645322,83.89
9458,126.9601663,37.4657486,97.69
9459,126.95356911,37.4557738,151.83
9460,126.9536502,37.4557852,153.71
9461,126.9537056,37.4557798,154.99
9462,126.9538197,37.4557978,157.68
9463,126.95395429,37.45570395,160.01
9464,126.9538604,37.455814,158.7
9465,126.9539271,37.4558014,159.97
9466,126.95777302,37.46758725,68.42
9467,126.9579405,37.4675751,67.43
9468,126.9578911,37.4667001,74.93
9469,126.957875,37.4667113,74.97
9470,126.9578657,37.4667453,74.72
9471,126.95787436,37.46661735,74.9
9472,126.9578511,37.466551,75.0
9473,126.95773891,37.46576007,81.59
9474,126.9578999,37.4657772,80.35
9475,126.9578522,37.466409,75.65
9476,126.95789368,37.46577654,80.35
9477,126.9579072,37.4656958,81.07
9478,126.9565201,37.4616407,126.92
9479,126.95695826,37.46205773,123.07
9480,126.9568763,37.4621091,123.6
9481,126.9565903,37.4617886,124.89
9482,126.9566446,37.4618684,125.0
9483,126.9566828,37.4619073,125.0
9484,126.9567143,37.4619759,125.0
9485,126.9568216,37.4620797,123.89
9486,126.95693,37.46216,122.72
9487,126.9573511,37.46244327,120.0
9488,126.9572608,37.4625028,120.0
9489,126.9567126,37.46059523,132.4
9490,126.9567988,37.460624,134.24
9491,126.95656422,37.46087773,130.29
9492,126.9566579,37.460909,131.36
9493,126.95819517,37.46464513,92.66
9494,126.9582024,37.4647141,91.33
9495,126.95668238,37.46149714,127.45
9496,126.9566821,37.4615545,126.77
9497,126.95674169,37.46182564,125.0
9498,126.9568137,37.4617839,125.0
9499,126.95792262,37.46449354,93.73
9500,126.9578353,37.4644935,93.98
9501,126.957778,37.46479229,90.0
9502,126.9577862,37.4647245,91.15
9503,126.95644573,37.46117872,128.85
9504,126.9565609,37.4611729,129.2
9505,126.95657539,37.46146069,128.63
9506,126.9566106,37.4614028,129.07
9507,126.9565755,37.4612989,129.93
9508,126.95807277,37.46471637,91.23
9509,126.9581353,37.4647202,91.19
9510,126.9580024,37.4647857,90.04
9511,126.958032,37.4647548,90.48
9512,126.9588253,37.4633436,103.88
9513,126.958806,37.46327,104.81
9514,126.9588125,37.4632034,102.95
9515,126.9588527,37.4631471,102.14
9516,126.9589419,37.4631512,103.05
9517,126.9590075,37.4631346,104.06
9518,126.9587869,37.4641651,98.18
9519,126.9588514,37.4641714,98.14
9520,126.9589529,37.4641676,98.38
9521,126.9590545,37.4641778,98.39
9522,126.9591321,37.4641952,98.24
9523,126.9595051,37.4634834,102.92
9524,126.9595616,37.4634924,103.13
9525,126.9574592,37.4621761,120.0
9526,126.9576175,37.4622436,120.07
9527,126.9577757,37.4623112,120.13
9528,126.957917,37.4623923,120.12
9529,126.9579735,37.4624869,120.05
9530,126.9579396,37.462577,119.92
9531,126.95815269,37.46225556,120.21
9532,126.9579792,37.4622797,120.21
9533,126.958004,37.4616201,125.0
9534,126.958004,37.4617157,124.89
9535,126.95800401,37.46177608,124.29
9536,126.949286,37.455955,101.05
9537,126.94954431,37.45599608,104.43
9538,126.9494591,37.4559789,103.3
9539,126.953718,37.464903,94.9
9540,126.9549952,37.4645232,111.91
9541,126.95518472,37.464634,112.5
9542,126.9551207,37.4646331,111.87
9543,126.948714,37.456531,93.65
9544,126.94871764,37.45650548,93.12
9545,126.94879413,37.45651141,95.04
9546,126.9521616,37.4661477,79.99
9547,126.950091,37.459774,86.96
9548,126.94978635,37.45989478,86.15
9549,126.9500164,37.4598073,86.98
9550,126.9498378,37.4598758,86.19
9551,126.9501974,37.4597303,86.92
9552,126.954357,37.462016,122.77
9553,126.95452223,37.4619247,126.91
9554,126.9544109,37.4620004,124.78
9555,126.9544256,37.4619463,125.48
9556,126.9544572,37.4619486,125.8
9557,126.9544708,37.4619391,126.11
9558,126.9525968,37.4510125,180.0
9559,126.9494953,37.4575701,95.97
9560,126.9494964,37.45745251,97.76
9561,126.9494795,37.4574998,97.05
9562,126.9493099,37.4575088,96.56
9563,126.9531145,37.4673217,90.37
9564,126.9530839,37.4673091,88.51
9565,126.9530579,37.4672992,86.85
9566,126.9529958,37.467183,85.0
9567,126.952331,37.465025,80.75
9568,126.9524012,37.4650188,80.98
9569,126.9524012,37.4650999,79.89
9570,126.95094,37.456364,109.08
9571,126.95026283,37.4563645,106.16
9572,126.9508132,37.4563826,108.98
9573,126.9506493,37.4565141,108.5
9574,126.95117037,37.4564051,109.02
9575,126.9509647,37.4563943,108.98
9576,126.9510393,37.4564033,108.97
9577,126.9511071,37.4564114,108.96
9578,126.9590147,37.4634645,102.37
9579,126.9590586,37.4634636,102.42
9580,126.9592282,37.463106,105.0
9581,126.9591942,37.463105,105.0
9582,126.9594912,37.4634451,103.18
9583,126.9594904,37.4634681,102.97
9584,126.9580063,37.4625454,120.0
9585,126.9581279,37.4625107,120.01
9586,126.958047,37.4624959,120.03
9587,126.9582072,37.4615055,125.03
9588,126.9576066,37.4608712,129.06
9589,126.95762312,37.46074977,129.4
9590,126.9573526,37.4607016,129.82
9591,126.9586833,37.4607651,136.03
9592,126.9586799,37.4608065,135.45
9593,126.953464,37.460804,99.11
9594,126.953396,37.4607349,98.4
9595,126.9535202,37.46108437,99.99
9596,126.9535204,37.4609241,99.94
9597,126.9533903,37.46107893,99.96
9598,126.953696,37.460751,99.92
9599,126.953752,37.4607098,99.92
9600,126.9536956,37.4607484,99.92
9601,126.9537069,37.4607394,99.92
9602,126.953742,37.460983,99.97
9603,126.95374231,37.46105484,99.98
9604,126.95390854,37.46092683,99.98
9605,126.9537521,37.4610097,99.98
9606,126.9537577,37.4610142,99.98
9607,126.9538256,37.4609917,99.98
9608,126.9533443,37.4604888,98.11
9609,126.95319196,37.46056581,97.06
9610,126.9532435,37.4605277,97.46
9611,126.9535022,37.4603635,99.39
9612,126.955161,37.460385,111.87
9613,126.955226,37.46024,113.22
9614,126.95507477,37.46030142,111.79
9615,126.9551932,37.4602394,113.0
9616,126.955599,37.460179,116.36
9617,126.95562791,37.46011519,117.2
9618,126.955617,37.4601222,117.07
9619,126.95572767,37.46035686,116.91
9620,126.9556227,37.4601898,116.43
9621,126.955634,37.4601988,116.51
9622,126.9556623,37.4602394,116.64
9623,126.9556623,37.4603024,116.26
9624,126.95564781,37.46039111,115.43
9625,126.9555276,37.4600443,117.32
9626,126.95556038,37.46002501,117.76
9627,126.95564,37.460131,117.09
9628,126.9557819,37.4599956,119.86
9629,126.95543219,37.45985381,118.66
9630,126.955347,37.460079,115.74
9631,126.9553345,37.4600952,115.48
9632,126.955053,37.459747,116.05
9633,126.95478259,37.45996191,112.43
9634,126.954648,37.459655,114.01
9635,126.95460011,37.4596838,113.48
9636,126.95447524,37.45953347,115.0
9637,126.9545885,37.4596222,114.11
9638,126.954902,37.459704,114.74
9639,126.9549389,37.4597078,114.9
9640,126.9549502,37.4597168,114.97
9641,126.9549445,37.4597483,114.88
9642,126.95509142,37.45939879,116.23
9643,126.9549163,37.4596177,115.7
9644,126.9548824,37.4595276,116.22
9645,126.954888,37.4595231,116.16
9646,126.9550519,37.4594284,115.06
9647,126.954632,37.459386,116.5
9648,126.954932,37.459326,116.95
9649,126.95500047,37.45927731,118.28
9650,126.9549728,37.4593203,117.1
9651,126.9550349,37.4593519,116.67
9652,126.9547655,37.4591872,119.53
9653,126.9549163,37.4593023,117.4
9654,126.9546956,37.4592589,118.49
9655,126.9549106,37.4592978,117.48
9656,126.9548258,37.4592618,118.3
9657,126.95472,37.461014,110.0
9658,126.95460881,37.46092121,108.16
9659,126.9546507,37.4609557,109.1
9660,126.955255,37.460678,113.02
9661,126.95524068,37.46066687,112.77
9662,126.9511534,37.4623247,80.77
9663,126.95114817,37.46232862,80.72
9664,126.951428,37.4628247,80.39
9665,126.9514622,37.4628558,80.46
9666,126.95133672,37.46281596,79.99
9667,126.9514011,37.4628433,80.11
9668,126.9513841,37.4628388,80.04
9669,126.95161829,37.46270171,82.7
9670,126.9515198,37.4627802,81.38
9671,126.951189,37.462884,79.03
9672,126.9511551,37.462859,78.67
9673,126.95126808,37.46279324,79.55
9674,126.9513333,37.4628523,79.91
9675,126.950839,37.463247,79.99
9676,126.95076437,37.46319188,78.67
9677,126.95069836,37.4632578,78.46
9678,126.951096,37.463354,81.38
9679,126.950875,37.463954,83.8
9680,126.95080874,37.46400748,83.93
9681,126.9512823,37.4642826,84.01
9682,126.95134857,37.46431146,83.59
9683,126.9513333,37.4642444,83.88
9684,126.9513389,37.4642444,83.86
9685,126.9513446,37.4642489,83.82
9686,126.9513389,37.4643029,83.67
9687,126.95106769,37.4643741,84.72
9688,126.9512711,37.4642894,84.04
9689,126.9511072,37.4643435,84.63
9690,126.9513389,37.4642939,83.7
9691,126.9513502,37.4643029,83.61
9692,126.95100316,37.46430841,84.95
9693,126.9510959,37.46433,84.71
9694,126.951244,37.464043,84.9
9695,126.95153761,37.4640351,84.1
9696,126.95147424,37.46390071,84.96
9697,126.9514463,37.46392,84.99
9698,126.9515625,37.4641158,83.89
9699,126.9515367,37.4640867,83.8
9700,126.951548,37.4640957,83.85
9701,126.9512937,37.4642083,83.91
9702,126.9526691,37.4586135,115.51
9703,126.95263381,37.45864869,114.58
9704,126.952446,37.458363,117.78
9705,126.95235767,37.45844082,116.33
9706,126.95227088,37.45836751,116.31
9707,126.9528228,37.4584765,119.35
9708,126.9528629,37.4584479,120.03
9709,126.952012,37.457439,118.22
9710,126.9523493,37.4582981,117.61
9711,126.95226563,37.45835839,116.33
9712,126.952234,37.4575782,119.95
9713,126.95232806,37.45757081,122.25
9714,126.9522432,37.4575543,120.07
9715,126.95032,37.457782,95.01
9716,126.9502616,37.4575638,97.21
9717,126.95011239,37.4574874,97.28
9718,126.9501691,37.4574823,97.65
9719,126.9501239,37.4574823,97.43
9720,126.95026161,37.45740097,99.15
9721,126.9535779,37.4560888,153.83
9722,126.9535483,37.4558504,151.48
9723,126.9536221,37.4558559,153.24
9724,126.9536164,37.4558514,153.09
9725,126.95362269,37.45578133,153.08
9726,126.95336313,37.4563462,149.94
9727,126.9534413,37.4563425,151.42
9728,126.9534356,37.456347,151.25
9729,126.950777,37.456574,108.33
9730,126.9507568,37.4565903,108.27
9731,126.9506608,37.4568245,106.1
9732,126.95022052,37.4566529,106.4
9733,126.9507342,37.4566488,107.78
9734,126.9507286,37.4566533,107.75
9735,126.950916,37.456524,108.53
9736,126.9507908,37.4565137,108.54
9737,126.9507738,37.4565092,108.55
9738,126.9507681,37.4565137,108.53
9739,126.9507003,37.456793,106.29
9740,126.9505747,37.4571097,103.21
9741,126.95057622,37.4571083,103.23
9742,126.950305,37.457164,102.56
9743,126.95026041,37.45729624,100.83
9744,126.9502652,37.4572885,100.94
9745,126.95038521,37.45728834,100.87
9746,126.9503782,37.4572795,101.0
9747,126.950463,37.4572255,101.68
9748,126.95057359,37.4571985,101.96
9749,126.9504573,37.4571984,102.08
9750,126.950018,37.456916,104.97
9751,126.950237,37.456934,105.0
9752,126.9502371,37.45687558,105.42
9753,126.9502074,37.456133,105.51
9754,126.95019522,37.45601334,105.33
9755,126.9502763,37.4562789,106.07
9756,126.950242,37.456137,105.65
9757,126.9502406,37.4560003,105.5
9758,126.950693,37.456165,108.6
9759,126.9507173,37.4561488,108.75
9760,126.951337,37.456167,110.88
9761,126.95120943,37.4561662,109.8
9762,126.9512937,37.4561172,109.99
9763,126.951668,37.455869,119.28
9764,126.95167921,37.45577495,119.39
9765,126.9515989,37.4558019,118.8
9766,126.951548,37.4557748,116.77
9767,126.9515424,37.4557703,116.81
9768,126.9517232,37.455901,119.24
9769,126.9517289,37.4559055,119.19
9770,126.950704,37.456048,108.51
9771,126.95092039,37.4560502,110.0
9772,126.950869,37.455911,109.94
9773,126.95094223,37.4559104,109.92
9774,126.95085759,37.45611335,109.72
9775,126.950944,37.455404,113.18
9776,126.95102107,37.4554058,113.33
9777,126.9509272,37.45531919,114.45
9778,126.9509151,37.4553604,113.78
9779,126.9509207,37.4553288,114.28
9780,126.9506177,37.4559501,108.44
9781,126.95034393,37.4559449,105.69
9782,126.951823,37.454583,121.51
9783,126.9512145,37.4550986,116.86
9784,126.9512197,37.45524733,116.12
9785,126.9510274,37.4550895,115.43
9786,126.951033,37.45523029,115.14
9787,126.9510394,37.4551847,115.24
9788,126.9510338,37.4551892,115.23
9789,126.95174,37.4552157,121.22
9790,126.9517399,37.45529481,120.48
9791,126.95186472,37.4552167,122.1
9792,126.951567,37.457311,113.55
9793,126.95143461,37.4573852,110.38
9794,126.951548,37.4573516,112.46
9795,126.9518384,37.4572998,117.23
9796,126.951247,37.45668,109.52
9797,126.95112544,37.4566799,107.38
9798,126.9512424,37.45691721,108.28
9799,126.951458,37.456788,111.24
9800,126.95152581,37.4567997,112.34
9801,126.95141739,37.45693655,112.14
9802,126.9514746,37.456829,111.89
9803,126.951352,37.457043,110.5
9804,126.95135,37.45704238,110.44
9805,126.9510833,37.4572592,104.7
9806,126.95102278,37.45729951,103.33
9807,126.954192,37.463557,108.65
9808,126.954166,37.463336,110.79
9809,126.95416328,37.46333339,110.88
9810,126.953837,37.462984,110.91
9811,126.95379648,37.46300331,109.83
9812,126.954367,37.463552,112.72
9813,126.95448163,37.46349429,115.56
9814,126.9544246,37.4635371,114.02
9815,126.952522,37.463452,91.56
9816,126.9525178,37.4634197,91.33
9817,126.95272944,37.46344331,92.79
9818,126.9525822,37.4634425,91.83
9819,126.9524363,37.4635204,92.93
9820,126.9524274,37.46344669,92.18
9821,126.95226629,37.4635194,92.39
9822,126.95238768,37.46363653,94.25
9823,126.9524127,37.4635281,93.07
9824,126.9524014,37.4635371,93.15
9825,126.952727,37.463453,92.83
9826,126.952745,37.463674,94.23
9827,126.953047,37.463636,95.1
9828,126.95316,37.463427,97.57
9829,126.95315901,37.46328706,98.3
9830,126.95345503,37.46339507,101.24
9831,126.953525,37.463864,98.89
9832,126.95354224,37.46386852,99.05
9833,126.953403,37.463617,99.43
9834,126.9532435,37.4636902,97.08
9835,126.9530287,37.4636812,95.0
9836,126.95287937,37.46381934,95.0
9837,126.9530118,37.4637128,95.0
9838,126.9530399,37.4639826,95.0
9839,126.953094,37.4639297,95.0
9840,126.953126,37.465316,86.07
9841,126.95321978,37.4653155,87.23
9842,126.9531844,37.4652442,86.79
9843,126.953243,37.465382,87.58
9844,126.953165,37.4658393,86.1
9845,126.95315179,37.46607364,85.24
9846,126.95357614,37.46597729,89.62
9847,126.9531643,37.4658527,86.05
9848,126.95317,37.4658572,86.09
9849,126.9535656,37.4659743,89.53
9850,126.9517366,37.4652503,79.21
9851,126.95138636,37.4652492,78.96
9852,126.9513841,37.4651499,79.39
9853,126.951757,37.465622,79.3
9854,126.95144784,37.465623,78.32
9855,126.95164119,37.46588482,78.46
9856,126.951977,37.465382,79.65
9857,126.95248654,37.4653748,79.94
9858,126.95247619,37.46517459,79.91
9859,126.952024,37.465595,79.77
9860,126.9521132,37.4655508,79.91
9861,126.95248973,37.465411,79.95
9862,126.9520906,37.4655418,79.88
9863,126.952679,37.465551,80.0
9864,126.95273397,37.4655326,80.0
9865,126.9527122,37.4655328,80.0
9866,126.952667,37.4655238,80.0
9867,126.9526614,37.4655193,80.0
9868,126.952843,37.465156,80.71
9869,126.95284359,37.46514663,80.8
9870,126.952929,37.465123,82.09
9871,126.953195,37.464837,88.39
9872,126.95320371,37.4648388,88.48
9873,126.952746,37.4649935,81.99
9874,126.95264972,37.4649923,81.84
9875,126.9526875,37.46510539,80.17
9876,126.9527066,37.4649922,81.94
9877,126.9527009,37.4649967,81.86
9878,126.95264603,37.4648347,83.46
9879,126.9527456,37.46477581,84.17
9880,126.9541362,37.4566339,162.49
9881,126.95412949,37.45655848,161.88
9882,126.95438496,37.45663001,162.89
9883,126.9545024,37.4566826,163.35
9884,126.95439672,37.4566811,163.31
9885,126.95442058,37.45675102,163.85
9886,126.95453901,37.45684728,164.73
9887,126.954515,37.45682,164.45
9888,126.9545443,37.4564546,161.72
9889,126.95442202,37.45635213,160.75
9890,126.95434474,37.45645601,161.44
9891,126.9543625,37.4565325,162.08
9892,126.9544585,37.4564596,161.67
9893,126.95487182,37.45641699,162.12
9894,126.9546394,37.4564416,161.87
9895,126.952705,37.466977,80.68
9896,126.95276396,37.46698989,81.54
9897,126.9519933,37.4672686,78.03
9898,126.95192034,37.46724741,77.39
9899,126.95183656,37.46728859,77.5
9900,126.9524317,37.4680013,84.19
9901,126.95242139,37.46807882,83.88
9902,126.952424,37.4680241,84.08
9903,126.9529494,37.4664766,81.53
9904,126.95300092,37.46647621,81.99
9905,126.9525403,37.4662351,80.0
9906,126.95237853,37.46622941,79.4
9907,126.95254321,37.46598015,80.14
9908,126.95271929,37.46600065,80.03
9909,126.9525766,37.4661185,80.0
9910,126.9524612,37.4664892,79.33
9911,126.9522711,37.4664681,78.48
9912,126.9524297,37.4664744,79.21
9913,126.952727,37.461948,100.0
9914,126.9527167,37.46198311,100.0
9915,126.952753,37.461755,100.0
9916,126.95277742,37.46173047,100.0
9917,126.952806,37.462015,100.0
9918,126.95277568,37.46203951,100.0
9919,126.952964,37.461803,100.0
9920,126.95296342,37.46180737,100.0
9921,126.953089,37.461855,100.0
9922,126.9529778,37.4618161,100.0
9923,126.953245,37.462035,100.0
9924,126.9532445,37.46214059,100.06
9925,126.953335,37.46212752,100.32
9926,126.95339666,37.46206172,100.56
9927,126.9526759,37.4683471,96.72
9928,126.95270389,37.46836979,96.76
9929,126.9530206,37.4681345,100.13
9930,126.9530061,37.4681367,100.11
9931,126.9544301,37.4668798,96.14
9932,126.95454157,37.46679632,96.05
9933,126.95443919,37.4666886,95.74
9934,126.9544416,37.4667627,95.8
9935,126.9541051,37.4672063,99.91
9936,126.95410011,37.46722678,99.95
9937,126.95389823,37.46712101,97.98
9938,126.954004,37.462225,118.5
9939,126.95401331,37.46216327,118.38
9940,126.954281,37.46229,123.47
9941,126.9536909,37.4673461,99.81
9942,126.95373777,37.46710896,96.75
9943,126.9540575,37.4672577,99.85
9944,126.95410825,37.46726498,100.46
9945,126.9539838,37.4672132,99.05
9946,126.9536705,37.4679819,103.8
9947,126.95368639,37.46777173,103.1
9948,126.95337872,37.467978,101.28
9949,126.952486,37.4689544,93.26
9950,126.9528308,37.4687616,99.43
9951,126.95283175,37.46876243,99.41
9952,126.9503882,37.4625022,73.6
9953,126.9503897,37.46265732,74.05
9954,126.9505366,37.4626115,74.98
9955,126.953533,37.4539983,149.91
9956,126.95362161,37.45392999,150.47
9957,126.95349543,37.45391153,150.0
9958,126.9535091,37.4539233,150.0
9959,126.9543,37.464021,104.39
9960,126.954579,37.464183,107.28
9961,126.95461067,37.46431881,105.96
9962,126.9545489,37.4642534,105.31
9963,126.9545998,37.4643164,105.7
9964,126.954853,37.4641,114.92
9965,126.9549211,37.4640522,115.77
9966,126.954758,37.463947,116.04
9967,126.9548097,37.4639086,117.09
9968,126.9535892,37.4565763,153.15
9969,126.95358416,37.45680402,150.0
9970,126.9535995,37.4567795,150.4
9971,126.9536051,37.456784,150.41
9972,126.9536051,37.4567885,150.25
9973,126.95332831,37.4564767,148.44
9974,126.9535204,37.4565903,151.93
9975,126.9535034,37.4565903,151.62
9976,126.9534921,37.4565812,151.52
9977,126.953413,37.4564911,149.97
9978,126.9534017,37.4564821,149.78
9979,126.95336071,37.4563558,149.96
9980,126.9537225,37.4567979,154.28
9981,126.95363455,37.45686732,151.38
9982,126.951462,37.4665009,75.66
9983,126.95157059,37.4664982,76.74
9984,126.9514972,37.4664969,76.24
9985,126.9514633,37.46637735,76.7
9986,126.9514915,37.4664969,76.15
9987,126.9514972,37.4665014,76.2
9988,126.948116,37.458193,85.57
9989,126.9481304,37.45812609,85.65
9990,126.948047,37.458444,85.97
9991,126.94889181,37.4585058,89.09
9992,126.9487223,37.4585049,88.79
9993,126.948686,37.4583396,90.0
9994,126.9486949,37.45821299,90.0
9995,126.9486941,37.4583202,90.0
9996,126.94893225,37.45834379,90.0
9997,126.9555197,37.4655053,104.73
9998,126.95543145,37.46557657,102.65
9999,126.9526556,37.4510666,180.0
10000,126.9525933,37.45057683,182.67
10001,126.9525992,37.4507517,180.0
10002,126.9525935,37.4506301,181.5
10003,126.95271107,37.45059472,182.16
10004,126.9525935,37.4506841,180.31
10005,126.9524521,37.45058206,182.3
10006,126.9485323,37.4594721,82.17
10007,126.94869102,37.4594735,83.45
10008,126.94866944,37.45959034,82.42
10009,126.9487041,37.458772,86.21
10010,126.94882431,37.4587762,87.57
10011,126.9487223,37.4587662,86.43
10012,126.9580922,37.4616165,125.0
10013,126.95818359,37.4616473,125.0
10014,126.9581093,37.4616269,125.0
10015,126.958004,37.4617215,124.83
10016,126.9580358,37.461717,124.95
10017,126.9580302,37.4617215,124.91
10018,126.9579102,37.461913,122.61
10019,126.95802712,37.46178477,124.28
10020,126.9580132,37.4617981,124.1
10021,126.9574559,37.4615382,124.82
10022,126.95751066,37.46154368,124.88
10023,126.9576582,37.4604668,129.72
10024,126.95765462,37.46051447,129.65
10025,126.9582154,37.4609624,127.94
10026,126.9584053,37.4620833,123.08
10027,126.9595322,37.4635222,102.76
10028,126.95953441,37.46348807,103.06
10029,126.9586935,37.4641538,98.11
10030,126.9587029,37.46409818,98.66
10031,126.9587027,37.4641317,98.33
10032,126.95878183,37.46414439,98.33
10033,126.9590507,37.4642133,97.8
10034,126.9584618,37.467056,80.0
10035,126.95845889,37.46697986,80.0
10036,126.95827178,37.4670012,78.47
10037,126.9585827,37.4670469,80.0
10038,126.95858331,37.46696223,80.0
10039,126.9585953,37.4670375,80.0
10040,126.9586405,37.4670105,80.0
10041,126.9587014,37.4670109,80.0
10042,126.95869029,37.46694706,80.0
10043,126.95895456,37.4669787,80.17
10044,126.9587197,37.4670015,80.0
10045,126.9588224,37.467001,80.0
10046,126.9588212,37.46693105,80.0
10047,126.9588383,37.4669924,80.0
10048,126.9589457,37.4669789,80.14
10049,126.9584279,37.4667721,79.77
10050,126.9584195,37.46664951,79.53
10051,126.95824798,37.4667674,78.47
10052,126.9584032,37.4667672,79.59
10053,126.9583703,37.46699241,79.67
10054,126.9583749,37.4667672,79.38
10055,126.9583636,37.4667762,79.32
10056,126.9585488,37.4667631,80.0
10057,126.9585499,37.46663949,80.0
10058,126.9586066,37.4667266,80.0
10059,126.9586236,37.4667221,80.0
10060,126.95824706,37.4667584,78.46
10061,126.9585275,37.4667582,80.0
10062,126.9586675,37.4667271,80.0
10063,126.9586686,37.46663037,80.0
10064,126.9586858,37.4667176,80.0
10065,126.9587896,37.4667172,80.0
10066,126.9590778,37.4669199,80.74
10067,126.9590767,37.46699238,80.47
10068,126.95894725,37.4669207,80.44
10069,126.95927394,37.4669466,81.57
10070,126.9590757,37.4669519,80.6
10071,126.959087,37.4669609,80.57
10072,126.9590654,37.4668262,81.45
10073,126.95893533,37.4668261,80.82
10074,126.95894894,37.4669341,80.38
10075,126.959019,37.4667361,81.69
10076,126.95892398,37.466736,80.79
10077,126.9590077,37.4666433,81.54
10078,126.95891208,37.4666415,80.63
10079,126.9591125,37.4664886,82.57
10080,126.9589966,37.4665825,81.41
10081,126.95920022,37.4665638,83.34
10082,126.9589966,37.466587,81.41
10083,126.9590135,37.4665735,81.56
10084,126.9593819,37.4668938,82.63
10085,126.95926377,37.4668938,81.97
10086,126.95927858,37.4669707,81.39
10087,126.9593729,37.46709171,80.34
10088,126.9593705,37.466801,83.36
10089,126.95924644,37.4668038,82.65
10090,126.9593253,37.4667109,83.51
10091,126.95922909,37.4667137,82.93
10092,126.95918502,37.46652428,83.17
10093,126.959314,37.4666163,83.77
10094,126.95921091,37.4666193,83.25
10095,126.9595084,37.4672344,79.92
10096,126.95951342,37.46713596,80.15
10097,126.9596215,37.4672713,79.84
10098,126.95964319,37.46717682,80.15
10099,126.9597458,37.4672821,80.02
10100,126.95975641,37.46721248,80.14
10101,126.95998567,37.46737818,79.8
10102,126.9597821,37.4672808,80.04
10103,126.9599291,37.4673348,79.99
10104,126.95986,37.467319,79.99
10105,126.95988631,37.46725339,80.13
10106,126.9598951,37.4673168,80.03
10107,126.9599517,37.4673529,79.91
10108,126.9607676,37.4661311,99.59
10109,126.96076235,37.46613456,99.51
10110,126.9609767,37.4658269,99.84
10111,126.96104179,37.46577341,99.8
10112,126.9609859,37.4658166,99.81
10113,126.9606161,37.4658035,98.63
10114,126.96048001,37.46591819,98.49
10115,126.9582911,37.4654918,83.36
10116,126.95792079,37.4654922,82.69
10117,126.95790593,37.4657034,81.01
10118,126.9580471,37.4655238,82.45
10119,126.9580302,37.4655373,82.26
10120,126.9580854,37.4649188,89.06
10121,126.95805502,37.46474412,90.68
10122,126.9580641,37.4647534,90.5
10123,126.9581715,37.4647399,90.83
10124,126.9581314,37.46464938,92.56
10125,126.9483153,37.4663523,57.49
10126,126.94844355,37.466353,58.49
10127,126.94814947,37.4663526,56.23
10128,126.9483146,37.4665829,57.44
10129,126.952018,37.460383,92.75
10130,126.9520246,37.4605141,90.6
10131,126.95177039,37.4601918,89.59
10132,126.9519873,37.46011301,91.01
10133,126.9519888,37.4603024,92.02
10134,126.952293,37.460178,93.9
10135,126.952679,37.460185,96.26
10136,126.95273527,37.46017501,96.47
10137,126.952641,37.460465,95.33
10138,126.95257742,37.46050249,95.06
10139,126.9525483,37.4604106,95.15
10140,126.95275999,37.46064948,95.41
10141,126.9526331,37.4605007,95.22
10142,126.952667,37.4605727,95.24
10143,126.952678,37.460541,95.3
10144,126.95262109,37.4605752,95.1
10145,126.9526501,37.4605277,95.24
10146,126.9526444,37.4605232,95.23
10147,126.952592,37.460311,95.58
10148,126.9525653,37.460334,95.4
10149,126.95274,37.460318,96.08
10150,126.953137,37.460448,97.39
10151,126.953235,37.460397,98.0
10152,126.9532209,37.4604241,97.91
10153,126.9532152,37.4604286,97.87
10154,126.9531474,37.4604466,97.46
10155,126.953254,37.460291,98.74
10156,126.9533481,37.4603632,98.68
10157,126.9532774,37.4603024,98.76
10158,126.95335372,37.46020999,99.52
10159,126.95321249,37.46015307,99.25
10160,126.9532661,37.4602574,98.96
10161,126.953219,37.460782,97.6
10162,126.95320641,37.46075691,97.42
10163,126.953308,37.460765,98.03
10164,126.953414,37.460816,98.88
10165,126.95343,37.460771,98.76
10166,126.9534017,37.4607394,98.45
10167,126.9534639,37.460825,99.21
10168,126.9534752,37.460834,99.31
10169,126.953899,37.460732,100.16
10170,126.95381424,37.46079608,99.94
10171,126.953955,37.46098237,99.99
10172,126.953648,37.460367,100.29
10173,126.95355428,37.46043571,99.42
10174,126.95350511,37.46024411,99.92
10175,126.95363711,37.46016521,102.56
10176,126.9536051,37.4603159,100.19
10177,126.9537725,37.4601831,102.6
10178,126.9536051,37.4603114,100.22
10179,126.9537634,37.4601898,102.47
10180,126.954085,37.460982,100.3
10181,126.95409372,37.46099083,100.63
10182,126.954181,37.460919,101.18
10183,126.95420179,37.46094219,101.56
10184,126.9542711,37.46085649,102.19
10185,126.9542325,37.4609196,101.89
10186,126.9542777,37.4608926,102.42
10187,126.9542833,37.4608881,102.48
10188,126.954256,37.460859,101.99
10189,126.953903,37.460397,102.37
10190,126.95392789,37.4603808,102.63
10191,126.9543,37.460853,102.58
10192,126.954339,37.46071,102.77
10193,126.95421584,37.46080028,101.63
10194,126.9542381,37.4607845,101.83
10195,126.9542268,37.4607935,101.72
10196,126.954364,37.460939,104.05
10197,126.95434632,37.46094439,103.84
10198,126.954753,37.460608,107.11
10199,126.9548292,37.4607257,107.75
10200,126.9548258,37.4607124,107.65
10201,126.954714,37.460768,107.36
10202,126.954795,37.460729,107.48
10203,126.954474,37.460578,104.68
10204,126.9542037,37.4607826,101.64
10205,126.9542155,37.4607755,101.75
10206,126.9542438,37.46078,101.88
10207,126.9542494,37.460816,101.78
10208,126.954289,37.4608475,102.4
10209,126.954696,37.460518,107.28
10210,126.95473011,37.46049339,107.82
10211,126.954105,37.459961,108.05
10212,126.95405367,37.45992396,108.48
10213,126.95429499,37.4598083,111.21
10214,126.9542607,37.459888,110.0
10215,126.954364,37.460063,109.38
10216,126.95446381,37.46001589,109.98
10217,126.9544133,37.4600547,109.89
10218,126.9543963,37.4600592,109.73
10219,126.954402,37.4600547,109.82
10220,126.953908,37.460261,103.38
10221,126.95387592,37.46030509,102.86
10222,126.9539047,37.4602934,103.13
10223,126.953899,37.4602979,103.06
10224,126.9538877,37.4603024,102.96
10225,126.954097,37.460217,104.93
10226,126.95395602,37.46042179,102.49
10227,126.954142,37.4602799,104.71
10228,126.954142,37.4602844,104.66
10229,126.954796,37.460342,109.76
10230,126.95475782,37.46037749,109.11
10231,126.954775,37.4603655,109.37
10232,126.954485,37.459941,110.39
10233,126.9544356,37.4599812,110.0
10234,126.95438232,37.45985752,111.01
10235,126.955056,37.460501,110.55
10236,126.95510078,37.46054138,111.5
10237,126.9551993,37.4604673,112.05
10238,126.9550915,37.4605007,110.88
10239,126.9549448,37.4605896,109.17
10240,126.9550293,37.4605322,110.4
10241,126.9549784,37.4605727,109.57
10242,126.955102,37.460399,111.41
10243,126.95509092,37.46031709,111.8
10244,126.9550858,37.460325,111.72
10245,126.95519312,37.46045399,111.81
10246,126.9551819,37.4604511,111.68
10247,126.953978,37.459336,116.25
10248,126.9539529,37.45936569,115.87
10249,126.95435,37.459393,116.89
10250,126.95437999,37.4594125,116.56
10251,126.9543681,37.4594059,116.68
10252,126.953373,37.459047,118.04
10253,126.95329467,37.45898338,118.31
10254,126.9532971,37.4591363,116.14
10255,126.9534837,37.4589056,121.03
10256,126.9534639,37.4589239,120.37
10257,126.953692,37.459047,118.96
10258,126.95372091,37.45899588,119.65
10259,126.9536956,37.4590275,119.23
10260,126.951451,37.462239,83.46
10261,126.95126084,37.46210503,82.0
10262,126.9514294,37.4622351,83.36
10263,126.95114249,37.46232411,80.67
10264,126.9513446,37.462181,82.69
10265,126.9513276,37.4621765,82.54
10266,126.951534,37.462092,83.58
10267,126.95163677,37.46201592,83.59
10268,126.95140798,37.46198409,81.62
10269,126.9515311,37.4620774,83.51
10270,126.95130148,37.46207448,82.02
10271,126.9514915,37.4620504,82.97
10272,126.951992,37.462563,85.78
10273,126.9520366,37.4625976,86.28
10274,126.95192939,37.46262722,85.0
10275,126.9519832,37.462582,85.71
10276,126.950808,37.462806,75.73
10277,126.9506635,37.4628074,75.0
10278,126.95108431,37.46291931,78.34
10279,126.9509546,37.4628163,76.93
10280,126.950823,37.462615,76.5
10281,126.9509085,37.4625107,77.87
10282,126.9508247,37.4625865,76.69
10283,126.95064714,37.4626137,75.13
10284,126.950974,37.462631,77.78
10285,126.95101434,37.46259757,78.32
10286,126.951122,37.462836,78.33
10287,126.951232,37.462777,79.32
10288,126.95123148,37.46277582,79.32
10289,126.951835,37.462737,84.28
10290,126.95172031,37.46264281,83.94
10291,126.95162865,37.46271844,82.7
10292,126.952009,37.462691,85.58
10293,126.9521055,37.4626149,87.14
10294,126.95223684,37.46280911,89.22
10295,126.9520849,37.4626901,86.71
10296,126.952687,37.456774,128.54
10297,126.95254392,37.4567746,127.2
10298,126.952642,37.456184,126.55
10299,126.95255858,37.4561848,125.64
10300,126.952764,37.455903,129.45
10301,126.9528874,37.4558019,130.0
10302,126.9528479,37.4557253,130.89
10303,126.9528366,37.4557163,131.17
10304,126.95249317,37.45612502,125.0
10305,126.9527066,37.4559235,128.7
10306,126.9527009,37.455928,128.6
10307,126.950927,37.458093,96.87
10308,126.95084655,37.45810598,95.69
10309,126.951148,37.458261,98.53
10310,126.95108662,37.45834234,96.8
10311,126.9510959,37.4583157,97.25
10312,126.9510846,37.4583247,97.01
10313,126.950752,37.457527,99.09
10314,126.95056387,37.45752931,97.98
10315,126.9506664,37.4575679,97.95
10316,126.9506608,37.4575724,97.86
10317,126.950913,37.457599,100.09
10318,126.95100619,37.4575885,101.71
10319,126.95115,37.458033,101.1
10320,126.95120924,37.45801649,102.24
10321,126.9511524,37.4579193,102.49
10322,126.950781,37.458677,92.85
10323,126.95071109,37.4586873,92.31
10324,126.95081561,37.45885651,92.32
10325,126.9507908,37.4588158,92.41
10326,126.951091,37.458458,95.7
10327,126.95107108,37.45834717,96.56
10328,126.951299,37.458433,98.96
10329,126.95140692,37.45842659,100.66
10330,126.95130279,37.45827508,100.4
10331,126.9513333,37.4584238,99.66
10332,126.9513446,37.4584148,99.93
10333,126.950153,37.459621,87.68
10334,126.95018671,37.4596068,87.66
10335,126.949737,37.45908,88.54
10336,126.94973211,37.45901422,88.57
10337,126.94992691,37.4590435,88.95
10338,126.949847,37.45905,88.89
10339,126.9495022,37.4590816,87.6
10340,126.949973,37.459269,88.87
10341,126.95003404,37.45926899,88.88
10342,126.950138,37.459097,89.13
10343,126.95014878,37.45911796,89.11
10344,126.950142,37.458844,89.21
10345,126.95038113,37.45903655,89.56
10346,126.95026758,37.45908216,89.33
10347,126.9501578,37.4588608,89.26
10348,126.94978,37.458369,89.32
10349,126.94966899,37.45826108,89.84
10350,126.94960373,37.45838959,88.95
10351,126.950257,37.459067,89.35
10352,126.949923,37.458406,89.38
10353,126.94977081,37.45822522,90.0
10354,126.9498978,37.4583292,89.69
10355,126.94958144,37.45834449,89.13
10356,126.9499035,37.4583472,89.61
10357,126.9498865,37.4583337,89.65
10358,126.949675,37.458954,88.73
10359,126.94968489,37.45902728,88.37
10360,126.94987575,37.45893998,88.93
10361,126.94946243,37.45906079,87.57
10362,126.9496661,37.4589644,88.65
10363,126.9496605,37.4589689,88.61
10364,126.950185,37.458815,89.25
10365,126.95042608,37.45901807,89.66
10366,126.950034,37.458329,89.96
10367,126.94957487,37.45833121,89.21
10368,126.950211,37.458182,91.32
10369,126.949833,37.457949,92.51
10370,126.949845,37.457704,94.26
10371,126.95001729,37.4576243,95.0
10372,126.95005309,37.4576934,94.92
10373,126.9499543,37.4576715,94.6
10374,126.9500109,37.457667,94.88
10375,126.949847,37.45744006,97.95
10376,126.94994402,37.4574732,97.14
10377,126.949669,37.456308,105.0
10378,126.94969799,37.45633709,105.0
10379,126.94961058,37.45625748,105.0
10380,126.949874,37.456252,105.0
10381,126.94987781,37.45622231,105.0
10382,126.9498809,37.4562344,105.0
10383,126.9498809,37.4562299,105.0
10384,126.949918,37.456068,105.0
10385,126.94998154,37.45611982,105.0
10386,126.95004569,37.45605629,105.0
10387,126.95197,37.456127,115.0
10388,126.952217,37.456479,119.63
10389,126.95239328,37.4564779,122.78
10390,126.95236841,37.4566543,123.07
10391,126.9522658,37.4565272,120.68
10392,126.9522319,37.4564686,119.78
10393,126.9522827,37.4564146,120.25
10394,126.952108,37.457042,121.34
10395,126.952108,37.45708117,121.41
10396,126.951078,37.455411,113.5
10397,126.95102193,37.4554003,113.42
10398,126.95107939,37.45533494,114.59
10399,126.9511193,37.45523817,115.18
10400,126.951798,37.455577,117.77
10401,126.950802,37.455115,115.24
10402,126.95102158,37.455131,115.34
10403,126.9508247,37.4551216,115.25
10404,126.950932,37.4551306,115.31
10405,126.950102,37.455045,115.29
10406,126.9500949,37.45514463,113.97
10407,126.94984059,37.4550437,115.06
10408,126.950545,37.455089,115.25
10409,126.950912,37.455126,115.31
10410,126.95090901,37.45521896,115.12
10411,126.951591,37.4543,123.48
10412,126.951311,37.454126,124.57
10413,126.9513103,37.45429107,121.52
10414,126.95113162,37.45426779,122.22
10415,126.952347,37.455145,131.99
10416,126.95228803,37.4551392,131.33
10417,126.95239542,37.45509,132.88
10418,126.951975,37.454708,125.0
10419,126.95192766,37.4547068,124.44
10420,126.951949,37.455441,122.61
10421,126.95193738,37.45544391,122.39
10422,126.951953,37.455135,123.82
10423,126.95187541,37.4551301,123.01
10424,126.95185857,37.45531311,121.34
10425,126.9519323,37.4551531,123.31
10426,126.952657,37.45406,137.85
10427,126.95265681,37.45415343,136.46
10428,126.952327,37.463162,90.0
10429,126.95252006,37.46316211,90.59
10430,126.95209071,37.4632003,90.0
10431,126.9522432,37.4631902,90.0
10432,126.9522319,37.4631812,90.0
10433,126.952556,37.462722,93.75
10434,126.95260288,37.46268612,94.19
10435,126.95236674,37.46259308,91.09
10436,126.9524523,37.4627126,92.08
10437,126.952565,37.462865,94.82
10438,126.9526521,37.4628657,95.34
10439,126.953029,37.463713,95.0
10440,126.95285226,37.4637128,95.0
10441,126.9529722,37.4637443,95.0
10442,126.953556,37.463275,102.41
10443,126.95343167,37.46337822,100.94
10444,126.9536372,37.4634156,103.32
10445,126.9535543,37.4633479,102.25
10446,126.953654,37.463362,103.42
10447,126.95368212,37.46339273,103.82
10448,126.953656,37.4633704,103.47
10449,126.9536504,37.4633749,103.42
10450,126.953454,37.462915,103.8
10451,126.95342769,37.46286959,103.31
10452,126.95353776,37.46290921,104.97
10453,126.953041,37.462827,98.46
10454,126.95315862,37.46300022,99.93
10455,126.95304,37.4629154,98.23
10456,126.9530909,37.4629559,98.93
10457,126.953216,37.462707,100.7
10458,126.953378,37.462402,103.61
10459,126.9533794,37.46239051,103.63
10460,126.952884,37.462521,97.44
10461,126.9531066,37.4624987,100.38
10462,126.9528874,37.4625505,97.51
10463,126.9528931,37.462555,97.6
10464,126.9530513,37.4625414,99.99
10465,126.9529044,37.462627,97.27
10466,126.95291,37.4626315,97.33
10467,126.9529157,37.4626496,97.34
10468,126.9529044,37.4626586,97.15
10469,126.9528592,37.4626721,96.49
10470,126.953043,37.462407,100.0
10471,126.951198,37.457593,104.7
10472,126.95117416,37.45759691,104.33
10473,126.951363,37.457925,105.8
10474,126.9513502,37.4579283,105.56
10475,126.951615,37.457987,105.92
10476,126.951433,37.457532,110.12
10477,126.95149744,37.45750279,110.39
10478,126.951571,37.457825,110.13
10479,126.95165553,37.45781829,111.53
10480,126.953268,37.465307,87.81
10481,126.95327862,37.46539959,88.12
10482,126.9532887,37.4653751,88.08
10483,126.9532887,37.4653931,88.18
10484,126.953576,37.465043,93.32
10485,126.95321803,37.4650866,87.12
10486,126.9534356,37.4650868,89.58
10487,126.95319834,37.46525471,86.96
10488,126.9533056,37.465276,88.26
10489,126.951259,37.460118,87.49
10490,126.95120411,37.46017149,87.25
10491,126.951076,37.459978,87.59
10492,126.9510133,37.4600306,87.21
10493,126.953545,37.460015,104.17
10494,126.95351512,37.46003959,103.81
10495,126.9536715,37.4601448,103.09
10496,126.9535486,37.4600321,104.12
10497,126.9535769,37.4600682,104.07
10498,126.953377,37.459677,104.93
10499,126.95326658,37.45976021,103.72
10500,126.9532087,37.4596863,104.98
10501,126.9533803,37.45951348,107.72
10502,126.95318721,37.4595952,105.38
10503,126.953765,37.459715,107.37
10504,126.9537759,37.45957198,109.28
10505,126.95403268,37.45961273,110.0
10506,126.953975,37.45986,108.15
10507,126.95402682,37.45993742,108.03
10508,126.9539668,37.459888,107.78
10509,126.9542259,37.4597233,111.46
10510,126.9541533,37.4597798,110.09
10511,126.951721,37.45941,95.12
10512,126.95166801,37.4594587,93.89
10513,126.952943,37.45933,108.05
10514,126.95302741,37.45926269,109.56
10515,126.951981,37.458523,108.34
10516,126.9520263,37.4584933,109.22
10517,126.952047,37.458573,108.7
10518,126.95208342,37.45854198,109.44
10519,126.950556,37.4596,87.93
10520,126.950826,37.459506,88.85
10521,126.950213,37.459322,88.89
10522,126.95020639,37.45928878,88.9
10523,126.95007233,37.45935369,88.87
10524,126.95038,37.459185,89.29
10525,126.95033795,37.45920512,89.2
10526,126.9503669,37.4591942,89.26
10527,126.950672,37.459229,89.6
10528,126.950638,37.458975,90.3
10529,126.95061238,37.45894146,90.23
10530,126.950997,37.458975,92.69
10531,126.94914,37.463826,67.26
10532,126.94905811,37.46389039,64.92
10533,126.94895358,37.4637615,63.9
10534,126.949435,37.46352,69.55
10535,126.94926649,37.46339079,67.7
10536,126.94970959,37.46328451,70.01
10537,126.9494401,37.463501,69.38
10538,126.949474,37.4634695,69.49
10539,126.9496718,37.4633118,70.01
10540,126.94906301,37.46363271,65.04
10541,126.949214,37.4635235,66.42
10542,126.949737,37.463428,71.59
10543,126.94979988,37.46334032,70.96
10544,126.9497792,37.4633569,71.03
10545,126.9494991,37.4632362,70.0
10546,126.949604,37.463715,74.99
10547,126.949703,37.4638166,76.94
10548,126.9496096,37.4637308,75.25
10549,126.951806,37.464543,84.93
10550,126.95161722,37.46470808,84.31
10551,126.951623,37.461881,83.38
10552,126.95154992,37.46194049,82.75
10553,126.9514929,37.4618093,82.17
10554,126.9515876,37.4618792,83.06
10555,126.949117,37.456266,100.52
10556,126.9491177,37.45652463,101.16
10557,126.9491349,37.4563515,100.13
10558,126.9491405,37.456356,100.2
10559,126.9492536,37.456365,102.1
10560,126.9492592,37.4563605,102.16
10561,126.94880381,37.4563694,95.59
10562,126.9490784,37.4563245,100.1
10563,126.9490727,37.456329,100.04
10564,126.94930371,37.45653976,101.68
10565,126.9491518,37.4564146,100.78
10566,126.955596,37.460639,116.9
10567,126.95555818,37.46061037,116.11
10568,126.951372,37.463399,84.36
10569,126.951867,37.463514,90.35
10570,126.952012,37.462332,85.01
10571,126.95194654,37.4623339,85.0
10572,126.9520002,37.4623838,85.12
10573,126.952319,37.462369,89.7
10574,126.95239355,37.4623703,90.68
10575,126.9523,37.462115,90.56
10576,126.9523773,37.4621132,91.82
10577,126.9523166,37.4621315,90.65
10578,126.95523,37.458499,130.0
10579,126.950019,37.463163,72.44
10580,126.94997904,37.46313793,72.13
10581,126.950201,37.463155,73.26
10582,126.95000101,37.46311941,72.13
10583,126.9500843,37.4631722,72.79
10584,126.950073,37.4631812,72.79
10585,126.9500674,37.4631812,72.76
10586,126.9500617,37.4631767,72.71
10587,126.9500617,37.4631676,72.66
10588,126.9501862,37.46296995,74.39
10589,126.94984808,37.46337851,71.61
10590,126.9501126,37.4631676,72.9
10591,126.950408,37.463298,74.95
10592,126.9504404,37.4632983,75.31
10593,126.9505195,37.4632848,76.3
10594,126.949434,37.459926,85.34
10595,126.94973917,37.45981391,86.79
10596,126.9496379,37.4598925,85.95
10597,126.94979638,37.45991301,85.97
10598,126.94990715,37.46012518,85.0
10599,126.949476,37.459734,86.91
10600,126.94962616,37.45962021,87.98
10601,126.949403,37.459238,87.21
10602,126.94949093,37.45912029,87.53
10603,126.94952759,37.45937038,87.73
10604,126.9494231,37.4592527,87.3
10605,126.952947,37.454439,139.53
10606,126.9527903,37.45413458,138.45
10607,126.9529157,37.4544639,138.7
10608,126.9528366,37.4544594,137.14
10609,126.9528309,37.4544549,137.05
10610,126.9528026,37.4541485,138.44
10611,126.953118,37.454447,143.04
10612,126.953176,37.454547,143.52
10613,126.95317,37.454545,143.41
10614,126.953155,37.454766,144.66
10615,126.95314521,37.45476242,144.47
10616,126.953374,37.454282,145.93
10617,126.9533452,37.4542747,145.75
10618,126.9533395,37.4542702,145.75
10619,126.953283,37.4541891,146.03
10620,126.9532774,37.454126,146.37
10621,126.9531813,37.4544504,144.33
10622,126.953315,37.454096,146.98
10623,126.953767,37.454356,149.68
10624,126.95386452,37.45429049,151.22
10625,126.9538651,37.4543738,150.76
10626,126.95396959,37.45453188,150.72
10627,126.9538199,37.4543648,150.27
10628,126.9538369,37.4543828,150.37
10629,126.953596,37.454113,149.75
10630,126.95369464,37.45403838,151.18
10631,126.9536164,37.4540674,150.36
10632,126.9535034,37.4539188,150.0
10633,126.952235,37.461025,89.76
10634,126.952325,37.461084,90.0
10635,126.952603,37.460786,94.16
10636,126.952681,37.460894,96.58
10637,126.951645,37.465138,79.44
10638,126.95138076,37.4651951,79.19
10639,126.9516215,37.4651904,79.22
10640,126.9516159,37.4651949,79.2
10641,126.951475,37.465025,79.91
10642,126.95136819,37.4650239,79.93
10643,126.9514683,37.46487478,81.62
10644,126.951551,37.464928,81.26
10645,126.9515534,37.46486819,82.12
10646,126.95136248,37.4649293,80.43
10647,126.951674,37.464917,81.56
10648,126.9516721,37.46485899,82.46
10649,126.957637,37.466835,72.64
10650,126.95770284,37.4668346,72.87
10651,126.950519,37.454303,122.64
10652,126.95051891,37.45455835,119.43
10653,126.950774,37.45415,124.66
10654,126.95084959,37.45404431,125.06
10655,126.9510733,37.4542071,123.62
10656,126.9507737,37.45386616,127.34
10657,126.950555,37.453559,129.6
10658,126.95046586,37.4535582,129.51
10659,126.9505529,37.45370259,128.41
10660,126.950697,37.453421,131.76
10661,126.9507064,37.45331457,133.7
10662,126.95048108,37.4533779,131.53
10663,126.950689,37.4533962,132.3
10664,126.9506777,37.4533872,132.47
10665,126.9505421,37.4533781,131.86
10666,126.95100921,37.4534144,133.22
10667,126.9509942,37.4534142,132.99
10668,126.95374,37.454889,148.72
10669,126.953697,37.4549208,148.42
10670,126.954076,37.454789,149.94
10671,126.9541857,37.4547594,151.16
10672,126.9541364,37.4547972,150.04
10673,126.950276,37.454194,123.17
10674,126.95012367,37.45419219,122.8
10675,126.950296,37.45406,124.48
10676,126.95017444,37.45404811,124.36
10677,126.9502933,37.45387962,125.65
10678,126.952012,37.454462,125.97
10679,126.95195768,37.4544636,125.2
10680,126.952032,37.454245,126.82
10681,126.95197929,37.454243,126.07
10682,126.95203471,37.45401956,130.7
10683,126.95313,37.466499,84.0
10684,126.95312239,37.46655612,84.48
10685,126.95299428,37.46649059,81.95
10686,126.95333903,37.46655661,86.94
10687,126.9531304,37.4665059,84.08
10688,126.9531361,37.4665104,84.24
10689,126.9532491,37.4665464,85.96
10690,126.95483,37.455802,158.34
10691,126.9549145,37.4557369,158.57
10692,126.95507213,37.45598154,160.0
10693,126.9548711,37.4558154,158.56
10694,126.954602,37.464313,105.76
10695,126.952753,37.458196,123.23
10696,126.95265179,37.4582783,120.08
10697,126.95259332,37.45819579,120.39
10698,126.952832,37.45801,127.01
10699,126.953061,37.458215,128.92
10700,126.948126,37.457866,85.63
10701,126.948089,37.45786,85.57
10702,126.94827,37.457337,86.88
10703,126.94819625,37.45733271,86.09
10704,126.948793,37.458137,90.08
10705,126.94878901,37.45822616,90.0
10706,126.94898287,37.45814099,90.81
10707,126.948946,37.457705,93.87
10708,126.94907063,37.4577892,93.81
10709,126.948995,37.457305,95.11
10710,126.94918041,37.4573165,97.18
10711,126.9490332,37.4573426,95.54
10712,126.94908519,37.45704484,97.95
10713,126.9490388,37.4572885,95.8
10714,126.9490445,37.457284,95.88
10715,126.9490501,37.4572705,95.99
10716,126.9490784,37.4571038,97.2
10717,126.948724,37.456886,95.28
10718,126.94879001,37.4568865,96.87
10719,126.948732,37.457026,95.68
10720,126.94882749,37.45695281,97.4
10721,126.9489718,37.45702822,97.26
10722,126.95364,37.464725,97.0
10723,126.953597,37.464664,97.25
10724,126.95365,37.463924,100.0
10725,126.954252,37.46461,100.37
10726,126.953952,37.464391,100.5
10727,126.95391049,37.4644133,100.29
10728,126.95382888,37.46423075,100.78
10729,126.953845,37.464225,100.88
10730,126.954001,37.464022,101.64
10731,126.95429432,37.46401239,104.24
10732,126.9542607,37.4640371,104.07
10733,126.954479,37.464895,100.71
10734,126.95445347,37.46491321,100.36
10735,126.954784,37.46461,104.8
10736,126.9547863,37.4645958,105.72
10737,126.953142,37.464553,89.74
10738,126.953254,37.464708,89.95
10739,126.95319319,37.4647329,88.84
10740,126.95328518,37.46478847,89.85
10741,126.95309988,37.46456957,88.87
10742,126.953038,37.464401,90.77
10743,126.95300638,37.46442201,90.09
10744,126.95338,37.464705,93.04
10745,126.9534098,37.46473929,92.84
10746,126.95355878,37.46464331,96.91
10747,126.9534356,37.4647219,93.95
10748,126.9535147,37.4646768,96.0
10749,126.953345,37.464429,94.8
10750,126.953492,37.464298,98.74
10751,126.955493,37.460042,117.11
10752,126.95554347,37.46000242,117.88
10753,126.952432,37.450483,183.63
10754,126.9524298,37.45058287,182.21
10755,126.95226891,37.45058419,181.54
10756,126.95211014,37.4504859,183.15
10757,126.9523562,37.4504859,183.31
10758,126.952224,37.450179,189.05
10759,126.95210744,37.4501796,188.92
10760,126.952405,37.449262,191.52
10761,126.952313,37.449263,193.45
10762,126.952209,37.449478,193.73
10763,126.9522036,37.44925236,195.42
10764,126.9522036,37.4494542,193.51
10765,126.9523229,37.44925251,193.67
10766,126.952438,37.449028,202.99
10767,126.9524351,37.44908051,202.22
10768,126.952204,37.44879,204.38
10769,126.952725,37.448446,209.06
10770,126.95272526,37.4484451,209.06
10771,126.952236,37.448244,209.41
10772,126.95217384,37.4482424,209.55
10773,126.9522374,37.44817357,210.0
10774,126.9522372,37.4484135,207.64
10775,126.951136,37.44858,210.4
10776,126.951785,37.450759,174.36
10777,126.95178053,37.450733,175.92
10778,126.9517628,37.4507562,174.31
10779,126.9517571,37.4507517,174.49
10780,126.9517571,37.4507472,174.77
10781,126.95194073,37.45076106,174.7
10782,126.9519323,37.4507652,174.39
10783,126.95151339,37.450771,173.27
10784,126.952268,37.451363,170.0
10785,126.95228118,37.45135711,169.99
10786,126.95862,37.46311,108.73
10787,126.95861903,37.4631092,108.74
10788,126.958318,37.463074,110.0
10789,126.9576778,37.4651446,89.57
10790,126.95772717,37.4651455,88.52
10791,126.9576797,37.46522009,89.0
10792,126.9573989,37.4654895,89.96
10793,126.9573975,37.46555562,90.0
10794,126.95746439,37.4652763,90.0
10795,126.9573916,37.4654427,90.23
10796,126.9573916,37.4653301,90.25
10797,126.9574537,37.4652805,90.0
10798,126.9573292,37.4659217,84.11
