{
"type": "FeatureCollection",
"name": "new_roads_metadata",
"features": [
{"type":"Feature","properties":{"id":-1,"type":"footway","service":null,"tunnel":false,"tunnel_type":null},"geometry":{"type":"LineString","coordinates":[[126.950361279455663,37.466724545477028],[126.950341507453317,37.466156401381383],[126.950386217991564,37.465942260039128]]}},
{"type":"Feature","id":37399645,"properties":{"type":"residential","service":null,"tunnel":false,"tunnel_type":null},"geometry":{"type":"LineString","coordinates":[[126.9564943,37.4614067],[126.9564233,37.4613412],[126.9563897,37.4613195],[126.9563518,37.4613019],[126.9563044,37.4612875],[126.9562443,37.4612788],[126.9561854,37.4612765],[126.9561222,37.4612802],[126.9560662,37.461288],[126.9559749,37.4613047]]}},
{"type":"Feature","id":37751526,"properties":{"type":"steps","service":null,"tunnel":false,"tunnel_type":null},"geometry":{"type":"LineString","coordinates":[[126.9652191,37.4426477],[126.965157,37.4427111],[126.9650832,37.4428437],[126.9649758,37.4428823],[126.9646903,37.4431718],[126.9644942,37.4433977],[126.9645363,37.4435795],[126.9644974,37.4437541],[126.9645055,37.4438755],[126.9644849,37.4439916],[126.9644634,37.4441563],[126.9644231,37.4442014],[126.9643909,37.4441957],[126.9643509,37.4442247],[126.9642731,37.4442455],[126.9642271,37.4442888],[126.9641796,37.4443334],[126.9641677,37.4443904],[126.9641998,37.4444216],[126.9642101,37.444477],[126.9641853,37.4445946]]}},
{"type":"Feature","id":37751741,"properties":{"type":"path","service":null,"tunnel":false,"tunnel_type":null},"geometry":{"type":"LineString","coordinates":[[126.9699856,37.4687316],[126.9701574,37.4685715],[126.9702105,37.4685376]]}},
{"type":"Feature","id":37751752,"properties":{"type":"path","service":null,"tunnel":false,"tunnel_type":null},"geometry":{"type":"LineString","coordinates":[[126.9734924,37.4709115],[126.9732267,37.4705943],[126.9732227,37.4703938],[126.9731123,37.470043],[126.9728296,37.4696509],[126.9727787,37.4694596],[126.9727926,37.4692566],[126.972778,37.4691785]]}},
{"type":"Feature","id":37929015,"properties":{"type":"service","service":null,"tunnel":false,"tunnel_type":null},"geometry":{"type":"LineString","coordinates":[[126.9534621,37.4534833],[126.9533024,37.4533943],[126.9530594,37.4532678],[126.9527711,37.4532263],[126.9524535,37.4532833],[126.9522247,37.4534119],[126.9520651,37.4535294],[126.9518846,37.4537441],[126.9516762,37.4538089],[126.9514361,37.4538476],[126.9502332,37.4538813]]}},
{"type":"Feature","id":37929022,"properties":{"type":"service","service":null,"tunnel":false,"tunnel_type":null},"geometry":{"type":"LineString","coordinates":[[126.951008,37.455228],[126.9510506,37.4552319],[126.9518538,37.4553052]]}},
{"type":"Feature","id":37929023,"properties":{"type":"living_street","service":null,"tunnel":false,"tunnel_type":null},"geometry":{"type":"LineString","coordinates":[[126.9520655,37.4585283],[126.9519387,37.4584151],[126.9517967,37.4581028],[126.9517545,37.4580177],[126.9515185,37.4575422],[126.9513939,37.457309]]}},
{"type":"Feature","id":37929026,"properties":{"type":"steps","service":null,"tunnel":false,"tunnel_type":null},"geometry":{"type":"LineString","coordinates":[[126.951374,37.4590073],[126.9515857,37.4587941],[126.9517035,37.4587241]]}},
{"type":"Feature","id":93420617,"properties":{"type":"service","service":null,"tunnel":false,"tunnel_type":null},"geometry":{"type":"LineString","coordinates":[[126.950336,37.4559729],[126.950489,37.4554326]]}},
{"type":"Feature","id":122940854,"properties":{"type":"service","service":null,"tunnel":false,"tunnel_type":null},"geometry":{"type":"LineString","coordinates":[[126.9521447,37.4570788],[126.9522706,37.4569763],[126.9523135,37.4568874],[126.9523698,37.4566484],[126.9523865,37.4565271],[126.9524025,37.456411],[126.9524036,37.456403],[126.9524107,37.4562976],[126.9523993,37.4562162],[126.9523725,37.456156],[126.9523414,37.4560909],[126.9522847,37.4560203]]}},
{"type":"Feature","id":161950113,"properties":{"type":"pedestrian","service":null,"tunnel":false,"tunnel_type":null},"geometry":{"type":"LineString","coordinates":[[126.9515857,37.4587941],[126.9514993,37.4586256],[126.9513832,37.4583755],[126.9513323,37.4582659],[126.9511412,37.4578786],[126.9511317,37.4578594],[126.9510805,37.4577494],[126.9508933,37.4573441]]}},
{"type":"Feature","id":167595744,"properties":{"type":"service","service":null,"tunnel":false,"tunnel_type":null},"geometry":{"type":"LineString","coordinates":[[126.9569186,37.4602881],[126.9568014,37.4601857],[126.9566772,37.4600661],[126.9565119,37.4599064],[126.9556548,37.4591137],[126.9553933,37.4589061],[126.9552434,37.4588443]]}},
{"type":"Feature","id":167595746,"properties":{"type":"service","service":null,"tunnel":false,"tunnel_type":null},"geometry":{"type":"LineString","coordinates":[[126.9564633,37.4610524],[126.9564342,37.4611205],[126.9564439,37.4611557],[126.9564479,37.461206],[126.9564545,37.4612751],[126.9564597,37.4613317],[126.9564721,37.4613627],[126.9564943,37.4614067]]}},
{"type":"Feature","id":167595747,"properties":{"type":"service","service":null,"tunnel":false,"tunnel_type":null},"geometry":{"type":"LineString","coordinates":[[126.9494884,37.4593841],[126.9497915,37.4599036],[126.9499042,37.4601208],[126.9499694,37.4602176]]}},
{"type":"Feature","id":167595748,"properties":{"type":"service","service":null,"tunnel":false,"tunnel_type":null},"geometry":{"type":"LineString","coordinates":[[126.9511299,37.4605189],[126.9511652,37.4605662],[126.9511814,37.4606114],[126.9511713,37.4606501],[126.9511367,37.4606921],[126.950907,37.4608927],[126.9506931,37.4610751],[126.9506685,37.4610965],[126.950515,37.46123]]}},
{"type":"Feature","id":167595749,"properties":{"type":"service","service":null,"tunnel":false,"tunnel_type":null},"geometry":{"type":"LineString","coordinates":[[126.9490609,37.4606084],[126.9491451,37.4605594],[126.9493758,37.4604976],[126.9496183,37.4604721]]}},
{"type":"Feature","id":167595750,"properties":{"type":"service","service":null,"tunnel":false,"tunnel_type":null},"geometry":{"type":"LineString","coordinates":[[126.9548667,37.4590663],[126.9549453,37.4589849],[126.9550684,37.4588607]]}},
{"type":"Feature","id":167595752,"properties":{"type":"service","service":null,"tunnel":false,"tunnel_type":null},"geometry":{"type":"LineString","coordinates":[[126.9528894,37.4598387],[126.9530482,37.4596682],[126.9531852,37.459463]]}},
{"type":"Feature","id":167596294,"properties":{"type":"service","service":null,"tunnel":false,"tunnel_type":null},"geometry":{"type":"LineString","coordinates":[[126.9581193,37.4606002],[126.9581304,37.4605887],[126.958148,37.460585],[126.9581647,37.4605907],[126.9581735,37.4606034],[126.9581705,37.4606177]]}},
{"type":"Feature","id":167597850,"properties":{"type":"steps","service":null,"tunnel":false,"tunnel_type":null},"geometry":{"type":"LineString","coordinates":[[126.9518606,37.4576241],[126.951727,37.457628],[126.9515185,37.4575422]]}},
{"type":"Feature","id":167597852,"properties":{"type":"pedestrian","service":null,"tunnel":false,"tunnel_type":null},"geometry":{"type":"LineString","coordinates":[[126.9520655,37.4585283],[126.9530337,37.4592675],[126.9531255,37.4592776],[126.9540242,37.4596087]]}},
{"type":"Feature","id":167597853,"properties":{"type":"steps","service":null,"tunnel":false,"tunnel_type":null},"geometry":{"type":"LineString","coordinates":[[126.9520109,37.4579163],[126.9518944,37.4579512],[126.9517967,37.4581028]]}},
{"type":"Feature","id":167597854,"properties":{"type":"service","service":null,"tunnel":false,"tunnel_type":null},"geometry":{"type":"LineString","coordinates":[[126.9542011,37.4596928],[126.9544656,37.459545]]}},
{"type":"Feature","id":167597855,"properties":{"type":"service","service":null,"tunnel":false,"tunnel_type":null},"geometry":{"type":"LineString","coordinates":[[126.9549816,37.4592521],[126.9547789,37.459174]]}},
{"type":"Feature","id":167597856,"properties":{"type":"pedestrian","service":null,"tunnel":false,"tunnel_type":null},"geometry":{"type":"LineString","coordinates":[[126.9528894,37.4598387],[126.9525924,37.4595961]]}},
{"type":"Feature","id":167597858,"properties":{"type":"service","service":null,"tunnel":false,"tunnel_type":null},"geometry":{"type":"LineString","coordinates":[[126.9552744,37.4605752],[126.9554821,37.4604744],[126.9556552,37.4603874],[126.9557494,37.4603477]]}},
{"type":"Feature","id":167597859,"properties":{"type":"service","service":null,"tunnel":false,"tunnel_type":null},"geometry":{"type":"LineString","coordinates":[[126.9544656,37.459545],[126.9546077,37.4593751]]}},
{"type":"Feature","id":167597860,"properties":{"type":"steps","service":null,"tunnel":false,"tunnel_type":null},"geometry":{"type":"LineString","coordinates":[[126.952279,37.4583816],[126.9521812,37.4584657],[126.9520655,37.4585283]]}},
{"type":"Feature","id":167597965,"properties":{"type":"service","service":null,"tunnel":false,"tunnel_type":null},"geometry":{"type":"LineString","coordinates":[[126.9504332,37.4598648],[126.9506193,37.4597398]]}},
{"type":"Feature","id":167606288,"properties":{"type":"footway","service":null,"tunnel":false,"tunnel_type":null},"geometry":{"type":"LineString","coordinates":[[126.9512887,37.4577759],[126.951177,37.4578169],[126.9510556,37.45786]]}},
{"type":"Feature","id":167607355,"properties":{"type":"steps","service":null,"tunnel":false,"tunnel_type":null},"geometry":{"type":"LineString","coordinates":[[126.9509797,37.4583756],[126.9513323,37.4582659]]}},
{"type":"Feature","id":167608112,"properties":{"type":"service","service":null,"tunnel":false,"tunnel_type":null},"geometry":{"type":"LineString","coordinates":[[126.9491463,37.45746],[126.9494472,37.4574544],[126.9498228,37.45744],[126.9499922,37.4574404],[126.9501032,37.4574346],[126.9502542,37.4573989],[126.9503294,37.4573825],[126.9505193,37.4573468],[126.9506041,37.4573301],[126.9508933,37.4573441]]}},
{"type":"Feature","id":167609407,"properties":{"type":"steps","service":null,"tunnel":false,"tunnel_type":null},"geometry":{"type":"LineString","coordinates":[[126.9550477,37.4610339],[126.9551658,37.461217],[126.9554268,37.4614259]]}},
{"type":"Feature","id":167609408,"properties":{"type":"footway","service":null,"tunnel":false,"tunnel_type":null},"geometry":{"type":"LineString","coordinates":[[126.9537116,37.460121],[126.9538381,37.46025],[126.9542558,37.4608585],[126.9543,37.4608527],[126.9543093,37.4608938],[126.9543576,37.4609598]]}},
{"type":"Feature","id":167609411,"properties":{"type":"steps","service":null,"tunnel":false,"tunnel_type":null},"geometry":{"type":"LineString","coordinates":[[126.9534429,37.4602813],[126.9537116,37.460121],[126.9539802,37.4599608],[126.9542919,37.4598045]]}},
{"type":"Feature","id":167609412,"properties":{"type":"service","service":null,"tunnel":false,"tunnel_type":null},"geometry":{"type":"LineString","coordinates":[[126.9528894,37.4598387],[126.9534429,37.4602813]]}},
{"type":"Feature","id":167609543,"properties":{"type":"steps","service":null,"tunnel":false,"tunnel_type":null},"geometry":{"type":"LineString","coordinates":[[126.9562512,37.4608092],[126.9563405,37.4608488],[126.9565385,37.4609267]]}},
{"type":"Feature","id":167609545,"properties":{"type":"footway","service":null,"tunnel":false,"tunnel_type":null},"geometry":{"type":"LineString","coordinates":[[126.955906,37.4605357],[126.9559347,37.4605655],[126.9560455,37.4606805],[126.9562512,37.4608092]]}},
{"type":"Feature","id":167609801,"properties":{"type":"service","service":null,"tunnel":false,"tunnel_type":null},"geometry":{"type":"LineString","coordinates":[[126.9506972,37.4620218],[126.950842,37.462158]]}},
{"type":"Feature","id":167609802,"properties":{"type":"footway","service":null,"tunnel":false,"tunnel_type":null},"geometry":{"type":"LineString","coordinates":[[126.9506972,37.4620218],[126.9502895,37.4617109],[126.9506452,37.4613394]]}},
{"type":"Feature","id":167658421,"properties":{"type":"steps","service":null,"tunnel":false,"tunnel_type":null},"geometry":{"type":"LineString","coordinates":[[126.9511086,37.4589287],[126.9515857,37.4587941]]}},
{"type":"Feature","id":167658422,"properties":{"type":"steps","service":null,"tunnel":false,"tunnel_type":null},"geometry":{"type":"LineString","coordinates":[[126.9501032,37.4574346],[126.950115,37.4575024]]}},
{"type":"Feature","id":167658424,"properties":{"type":"footway","service":null,"tunnel":false,"tunnel_type":null},"geometry":{"type":"LineString","coordinates":[[126.9510392,37.4587875],[126.9510855,37.4588818],[126.9511086,37.4589287]]}},
{"type":"Feature","id":167658425,"properties":{"type":"footway","service":null,"tunnel":false,"tunnel_type":null},"geometry":{"type":"LineString","coordinates":[[126.9502794,37.4581602],[126.9502112,37.4581823]]}},
{"type":"Feature","id":167658426,"properties":{"type":"service","service":null,"tunnel":false,"tunnel_type":null},"geometry":{"type":"LineString","coordinates":[[126.9508069,37.4588592],[126.9506111,37.4585079],[126.9509797,37.4583756],[126.9508028,37.4580174],[126.9506579,37.4577278],[126.9505399,37.4574787]]}},
{"type":"Feature","id":167658427,"properties":{"type":"footway","service":null,"tunnel":false,"tunnel_type":null},"geometry":{"type":"LineString","coordinates":[[126.9503462,37.457826],[126.9503199,37.457782]]}},
{"type":"Feature","id":167659978,"properties":{"type":"service","service":null,"tunnel":false,"tunnel_type":null},"geometry":{"type":"LineString","coordinates":[[126.9532741,37.4566782],[126.9535328,37.4567395],[126.953669,37.4569106],[126.9537544,37.457122],[126.953975,37.4573137],[126.9543378,37.4575474],[126.9544072,37.457484],[126.9546848,37.4572504],[126.9547322,37.4572105],[126.9548771,37.4569933],[126.9549629,37.4567804],[126.9549575,37.4566015],[126.9548878,37.4564482],[126.954818,37.4563119],[126.9548127,37.4562034],[126.9548556,37.4561224],[126.9549495,37.4560458],[126.9550951,37.4559695],[126.9552076,37.4559106]]}},
{"type":"Feature","id":167660278,"properties":{"type":"service","service":null,"tunnel":false,"tunnel_type":null},"geometry":{"type":"LineString","coordinates":[[126.9544995,37.4550132],[126.9539597,37.4552367],[126.9537639,37.4553581],[126.953662,37.4554645],[126.9536468,37.4555117],[126.9536057,37.4556391],[126.9535386,37.4558861],[126.9534179,37.4561288],[126.9533589,37.456363],[126.9532741,37.4566782],[126.9531466,37.4568911],[126.9529157,37.457581],[126.9528097,37.4577992],[126.952681,37.4578625],[126.9526173,37.4577971],[126.9525522,37.4577353],[126.9525093,37.4576767],[126.9524697,37.4576133],[126.9523759,37.4574356]]}},
{"type":"Feature","id":167661223,"properties":{"type":"service","service":null,"tunnel":false,"tunnel_type":null},"geometry":{"type":"LineString","coordinates":[[126.9492396,37.4570675],[126.94901,37.4570338],[126.9489655,37.4570273],[126.9488689,37.4569912],[126.9488045,37.4569315],[126.9487723,37.4568315],[126.9488222,37.4560998],[126.9488669,37.4558513]]}},
{"type":"Feature","id":167663459,"properties":{"type":"service","service":null,"tunnel":false,"tunnel_type":null},"geometry":{"type":"LineString","coordinates":[[126.9531148,37.4639404],[126.9527914,37.4637741],[126.952734,37.4637446],[126.9522421,37.4635911]]}},
{"type":"Feature","id":167663929,"properties":{"type":"service","service":null,"tunnel":false,"tunnel_type":null},"geometry":{"type":"LineString","coordinates":[[126.9528386,37.4647686],[126.9513597,37.4648832]]}},
{"type":"Feature","id":167667799,"properties":{"type":"service","service":null,"tunnel":false,"tunnel_type":null},"geometry":{"type":"LineString","coordinates":[[126.9519484,37.4499444],[126.9515806,37.449873],[126.9509959,37.4496899],[126.9508377,37.4496026],[126.9507384,37.4494876],[126.9505265,37.4491362],[126.9502958,37.4488956],[126.9500215,37.4487042],[126.9495911,37.448505],[126.9493014,37.4483971]]}},
{"type":"Feature","id":167982827,"properties":{"type":"service","service":null,"tunnel":false,"tunnel_type":null},"geometry":{"type":"LineString","coordinates":[[126.9552744,37.4605752],[126.9552954,37.4606275],[126.9552458,37.4606647]]}},
{"type":"Feature","id":167982828,"properties":{"type":"pedestrian","service":null,"tunnel":false,"tunnel_type":null},"geometry":{"type":"LineString","coordinates":[[126.9516689,37.4588798],[126.9515857,37.4587941]]}},
{"type":"Feature","id":167982831,"properties":{"type":"footway","service":null,"tunnel":false,"tunnel_type":null},"geometry":{"type":"LineString","coordinates":[[126.9531359,37.4604459],[126.953161,37.4605069],[126.9532775,37.4607286],[126.9532944,37.4607468]]}},
{"type":"Feature","id":167982832,"properties":{"type":"footway","service":null,"tunnel":false,"tunnel_type":null},"geometry":{"type":"LineString","coordinates":[[126.9523968,37.4604135],[126.9524913,37.4605997],[126.9525804,37.4607202]]}},
{"type":"Feature","id":167982833,"properties":{"type":"footway","service":null,"tunnel":false,"tunnel_type":null},"geometry":{"type":"LineString","coordinates":[[126.9522483,37.4600583],[126.9522859,37.4601637]]}},
{"type":"Feature","id":167982834,"properties":{"type":"footway","service":null,"tunnel":false,"tunnel_type":null},"geometry":{"type":"LineString","coordinates":[[126.9532437,37.4604534],[126.953161,37.4605069],[126.9526823,37.4606771]]}},
{"type":"Feature","id":167982835,"properties":{"type":"pedestrian","service":null,"tunnel":true,"tunnel_type":"building_passage"},"geometry":{"type":"LineString","coordinates":[[126.9525924,37.4595961],[126.9516689,37.4588798]]}},
{"type":"Feature","id":167982836,"properties":{"type":"footway","service":null,"tunnel":false,"tunnel_type":null},"geometry":{"type":"LineString","coordinates":[[126.9525051,37.4603821],[126.9526823,37.4606771]]}},
{"type":"Feature","id":167983082,"properties":{"type":"service","service":null,"tunnel":false,"tunnel_type":null},"geometry":{"type":"LineString","coordinates":[[126.9508933,37.4573441],[126.9509914,37.457244]]}},
{"type":"Feature","id":167983083,"properties":{"type":"footway","service":null,"tunnel":false,"tunnel_type":null},"geometry":{"type":"LineString","coordinates":[[126.9528694,37.4608911],[126.9532775,37.4607286]]}},
{"type":"Feature","id":167983607,"properties":{"type":"footway","service":null,"tunnel":false,"tunnel_type":null},"geometry":{"type":"LineString","coordinates":[[126.9533252,37.4604632],[126.9533312,37.4604493],[126.9532616,37.4604106]]}},
{"type":"Feature","id":167983610,"properties":{"type":"footway","service":null,"tunnel":false,"tunnel_type":null},"geometry":{"type":"LineString","coordinates":[[126.9537211,37.4605088],[126.9535852,37.4605762]]}},
{"type":"Feature","id":167983988,"properties":{"type":"footway","service":null,"tunnel":false,"tunnel_type":null},"geometry":{"type":"LineString","coordinates":[[126.950907,37.4608927],[126.9511469,37.4608487],[126.9515521,37.4605625],[126.9517399,37.4607476],[126.9518927,37.4608875],[126.9520345,37.4610116],[126.9521027,37.4610986]]}},
{"type":"Feature","id":167984620,"properties":{"type":"footway","service":null,"tunnel":true,"tunnel_type":"building_passage"},"geometry":{"type":"LineString","coordinates":[[126.9512216,37.4601844],[126.9515224,37.459937]]}},
{"type":"Feature","id":167984621,"properties":{"type":"footway","service":null,"tunnel":false,"tunnel_type":null},"geometry":{"type":"LineString","coordinates":[[126.9518161,37.4601489],[126.9515332,37.4604144],[126.9515521,37.4605625]]}},
{"type":"Feature","id":167984622,"properties":{"type":"steps","service":null,"tunnel":false,"tunnel_type":null},"geometry":{"type":"LineString","coordinates":[[126.9509691,37.4603937],[126.9512216,37.4601844]]}},
{"type":"Feature","id":167984623,"properties":{"type":"service","service":null,"tunnel":false,"tunnel_type":null},"geometry":{"type":"LineString","coordinates":[[126.9514699,37.4618361],[126.9521027,37.4610986]]}},
{"type":"Feature","id":167984625,"properties":{"type":"service","service":null,"tunnel":false,"tunnel_type":null},"geometry":{"type":"LineString","coordinates":[[126.9515492,37.4614661],[126.9513642,37.4617171],[126.950842,37.462158]]}},
{"type":"Feature","id":167984626,"properties":{"type":"steps","service":null,"tunnel":false,"tunnel_type":null},"geometry":{"type":"LineString","coordinates":[[126.9507173,37.4601976],[126.9509632,37.4599936]]}},
{"type":"Feature","id":167984627,"properties":{"type":"footway","service":null,"tunnel":false,"tunnel_type":null},"geometry":{"type":"LineString","coordinates":[[126.9515332,37.4604144],[126.9512216,37.4601844],[126.9509632,37.4599936],[126.9506193,37.4597398]]}},
{"type":"Feature","id":167984628,"properties":{"type":"steps","service":null,"tunnel":false,"tunnel_type":null},"geometry":{"type":"LineString","coordinates":[[126.9508256,37.4595059],[126.9509455,37.4595208]]}},
{"type":"Feature","id":167984630,"properties":{"type":"footway","service":null,"tunnel":true,"tunnel_type":"building_passage"},"geometry":{"type":"LineString","coordinates":[[126.9509632,37.4599936],[126.9512669,37.4597526]]}},
{"type":"Feature","id":167985251,"properties":{"type":"steps","service":null,"tunnel":false,"tunnel_type":null},"geometry":{"type":"LineString","coordinates":[[126.9516591,37.459451],[126.9513236,37.459709]]}},
{"type":"Feature","id":167985253,"properties":{"type":"service","service":null,"tunnel":false,"tunnel_type":null},"geometry":{"type":"LineString","coordinates":[[126.9498058,37.4582129],[126.9495593,37.4582997],[126.9493606,37.4583534],[126.9489342,37.458336]]}},
{"type":"Feature","id":167985254,"properties":{"type":"steps","service":null,"tunnel":false,"tunnel_type":null},"geometry":{"type":"LineString","coordinates":[[126.9518719,37.4596349],[126.951575,37.4598915]]}},
{"type":"Feature","id":167985255,"properties":{"type":"service","service":null,"tunnel":false,"tunnel_type":null},"geometry":{"type":"LineString","coordinates":[[126.9495593,37.4582997],[126.9499877,37.4591665],[126.9500637,37.4593346],[126.9502334,37.4597101],[126.9504332,37.4598648]]}},
{"type":"Feature","id":168003059,"properties":{"type":"footway","service":null,"tunnel":false,"tunnel_type":null},"geometry":{"type":"LineString","coordinates":[[126.9521027,37.4610986],[126.9522232,37.4611462],[126.952291,37.4612118],[126.9523797,37.4613383],[126.9526389,37.4616732],[126.9529693,37.4618098]]}},
{"type":"Feature","id":168003060,"properties":{"type":"footway","service":null,"tunnel":false,"tunnel_type":null},"geometry":{"type":"LineString","coordinates":[[126.9525768,37.4624156],[126.9523864,37.4625604],[126.9522913,37.4627185]]}},
{"type":"Feature","id":168003063,"properties":{"type":"footway","service":null,"tunnel":false,"tunnel_type":null},"geometry":{"type":"LineString","coordinates":[[126.9534257,37.4618716],[126.9534092,37.4618164],[126.9533817,37.4617249]]}},
{"type":"Feature","id":168003064,"properties":{"type":"steps","service":null,"tunnel":false,"tunnel_type":null},"geometry":{"type":"LineString","coordinates":[[126.9533817,37.4617249],[126.9533949,37.4615965],[126.9534386,37.4614452],[126.9534397,37.461347],[126.953408,37.4612316],[126.9533979,37.4610793]]}},
{"type":"Feature","id":168003065,"properties":{"type":"service","service":null,"tunnel":false,"tunnel_type":null},"geometry":{"type":"LineString","coordinates":[[126.9530006,37.4628094],[126.9531454,37.4627413],[126.9531857,37.462654],[126.9531642,37.4625731],[126.9530703,37.4624518],[126.9530623,37.4624261]]}},
{"type":"Feature","id":168003066,"properties":{"type":"footway","service":null,"tunnel":false,"tunnel_type":null},"geometry":{"type":"LineString","coordinates":[[126.9521027,37.4610986],[126.9521232,37.4611979],[126.9523325,37.4617216],[126.9523968,37.4622837]]}},
{"type":"Feature","id":172653948,"properties":{"type":"secondary","service":null,"tunnel":false,"tunnel_type":null},"geometry":{"type":"LineString","coordinates":[[126.9413856,37.4706634],[126.9413758,37.4707217]]}},
{"type":"Feature","id":173556799,"properties":{"type":"residential","service":null,"tunnel":false,"tunnel_type":null},"geometry":{"type":"LineString","coordinates":[[126.9578835,37.4685552],[126.9587023,37.4684237],[126.9592112,37.4683419],[126.9600976,37.468204],[126.9609097,37.4681287],[126.9611892,37.4681197]]}},
{"type":"Feature","id":173586644,"properties":{"type":"service","service":null,"tunnel":true,"tunnel_type":null},"geometry":{"type":"LineString","coordinates":[[126.9622884,37.4687315],[126.9624791,37.4687677],[126.9637994,37.4689861]]}},
{"type":"Feature","id":176588967,"properties":{"type":"service","service":null,"tunnel":false,"tunnel_type":null},"geometry":{"type":"LineString","coordinates":[[126.9507791,37.4730725],[126.9507088,37.4724148],[126.9507108,37.4723965],[126.9507161,37.4723801],[126.9507245,37.4723647],[126.9507363,37.472351],[126.9507498,37.4723392],[126.9507678,37.4723291],[126.9507858,37.4723222],[126.950805,37.472318],[126.9515476,37.472269],[126.9515767,37.4722696],[126.9516058,37.4722732],[126.9516341,37.4722778],[126.9516649,37.4722864],[126.9516938,37.4723008],[126.9517214,37.4723167],[126.9517495,37.4723383],[126.9517725,37.4723634],[126.9517934,37.4723923],[126.951807,37.4724261],[126.9518394,37.4726525],[126.9518714,37.4728759],[126.9519846,37.4737014],[126.9519826,37.4737304],[126.9519738,37.4737566],[126.9519594,37.4737782],[126.9519398,37.4737976],[126.9519156,37.4738154],[126.9518854,37.4738311],[126.9518526,37.4738401],[126.9518215,37.4738436],[126.9514754,37.4738581],[126.9512847,37.4736796],[126.9512389,37.4732768]]}},
{"type":"Feature","id":176588970,"properties":{"type":"service","service":null,"tunnel":false,"tunnel_type":null},"geometry":{"type":"LineString","coordinates":[[126.9530306,37.4727884],[126.9523189,37.4728413],[126.9518714,37.4728759]]}},
{"type":"Feature","id":176767459,"properties":{"type":"primary","service":null,"tunnel":false,"tunnel_type":null},"geometry":{"type":"LineString","coordinates":[[126.9500686,37.4677643],[126.9498265,37.4676651],[126.9496333,37.4676003],[126.9494148,37.4675473],[126.9493873,37.4675423],[126.9492263,37.4675129],[126.9489708,37.4675275],[126.9487563,37.4675404],[126.9485356,37.4675634],[126.9482913,37.467596]]}},
{"type":"Feature","id":179742152,"properties":{"type":"footway","service":null,"tunnel":false,"tunnel_type":null},"geometry":{"type":"LineString","coordinates":[[126.95145,37.456329],[126.9519404,37.4563791]]}},
{"type":"Feature","id":180126056,"properties":{"type":"service","service":null,"tunnel":false,"tunnel_type":null},"geometry":{"type":"LineString","coordinates":[[126.9659711,37.4761668],[126.9658999,37.476059],[126.9656195,37.4755542],[126.9656217,37.4753413],[126.9656246,37.475263],[126.9656431,37.4748403],[126.9656683,37.4740189],[126.9656926,37.4737704],[126.9659487,37.4735543],[126.9664534,37.4727541],[126.9666542,37.4724351]]}},
{"type":"Feature","id":180126085,"properties":{"type":"tertiary","service":null,"tunnel":false,"tunnel_type":null},"geometry":{"type":"LineString","coordinates":[[126.9775946,37.4766877],[126.9775977,37.4765589],[126.9775983,37.4762732],[126.9773802,37.4758856],[126.9768527,37.4750594],[126.9767496,37.4748362],[126.9762598,37.4744888],[126.9761778,37.4744135],[126.9760482,37.4740122],[126.9760275,37.4739193],[126.975907,37.4734876],[126.9757038,37.4732987],[126.9751363,37.4728455],[126.974794,37.4725458],[126.9742266,37.4718058],[126.9736012,37.4712069],[126.9734924,37.4709115]]}},
{"type":"Feature","id":181200522,"properties":{"type":"residential","service":null,"tunnel":false,"tunnel_type":null},"geometry":{"type":"LineString","coordinates":[[126.9406613,37.4707673],[126.9404154,37.4708852],[126.9398264,37.4711676],[126.939086,37.4713218],[126.9383144,37.4714824]]}},
{"type":"Feature","id":182396477,"properties":{"type":"residential","service":null,"tunnel":false,"tunnel_type":null},"geometry":{"type":"LineString","coordinates":[[126.9388698,37.4705709],[126.9388682,37.4705384],[126.9388399,37.4699507],[126.9388262,37.4696674],[126.9388059,37.4692471],[126.938765,37.4683997],[126.9387307,37.4676895],[126.9387224,37.4675173],[126.9387147,37.4673588],[126.9387059,37.4671768],[126.938674,37.4668303],[126.9386597,37.4666266],[126.9386443,37.4664352],[126.9386403,37.4661043],[126.9386476,37.4659685],[126.9387303,37.465886],[126.9389658,37.4656518],[126.9391952,37.4654237],[126.9393233,37.4652963],[126.9393586,37.4652612],[126.9393713,37.4652486],[126.9394748,37.4651456],[126.9395099,37.4651108],[126.9396732,37.4649484],[126.9398404,37.4647821],[126.939866,37.4647566],[126.9400892,37.4645347],[126.9402904,37.4643067],[126.9403204,37.4642727]]}},
{"type":"Feature","id":183103961,"properties":{"type":"tertiary","service":null,"tunnel":false,"tunnel_type":null},"geometry":{"type":"LineString","coordinates":[[126.9376686,37.4707229],[126.937673,37.4706837],[126.9376794,37.4706272],[126.9376842,37.4705842],[126.9379216,37.4701615],[126.9379918,37.4700364],[126.9379079,37.469795],[126.9378097,37.4695123],[126.9376976,37.4691896],[126.9376763,37.4688744],[126.937648,37.4684573],[126.9376211,37.4680597],[126.937585,37.4675264],[126.9375648,37.4672276],[126.9375202,37.4665695],[126.93752,37.4663296],[126.9375064,37.4661214],[126.9375386,37.4659905],[126.93759,37.4658779],[126.9376723,37.465774],[126.9377578,37.4656984],[126.9378933,37.4655813],[126.938,37.4654842],[126.9380818,37.465413],[126.9381823,37.4653229],[126.9382138,37.4652978],[126.9382933,37.4652344],[126.9387324,37.4648843],[126.9390022,37.4647739],[126.9391666,37.4647114],[126.9393004,37.464638],[126.9393581,37.4645991],[126.9394524,37.4645058],[126.9396518,37.4643085],[126.9397145,37.4642465],[126.9397594,37.4642107],[126.9398201,37.4641774],[126.9398796,37.4641582],[126.9399612,37.4641356],[126.9400248,37.4641445],[126.9403204,37.4642727]]}},
{"type":"Feature","id":183313167,"properties":{"type":"residential","service":null,"tunnel":false,"tunnel_type":null},"geometry":{"type":"LineString","coordinates":[[126.9578835,37.4685552],[126.9581127,37.4700455],[126.958361,37.4712618],[126.9585187,37.4718472],[126.9585637,37.471956],[126.9587492,37.4725398],[126.9588531,37.4728064],[126.9589571,37.4731351],[126.9590505,37.4735453],[126.9590801,37.473982],[126.959074,37.474559],[126.9590404,37.4749007]]}},
{"type":"Feature","id":183517654,"properties":{"type":"service","service":null,"tunnel":false,"tunnel_type":null},"geometry":{"type":"LineString","coordinates":[[126.9564943,37.4614067],[126.9565146,37.4614372],[126.9566045,37.4616157],[126.9567339,37.4618171],[126.9568937,37.4619923],[126.9569249,37.4620239],[126.9570975,37.4621989],[126.9571582,37.4622574],[126.9571949,37.4622927],[126.9575384,37.4626238],[126.9576504,37.4627735],[126.9577175,37.4629268],[126.9577524,37.4630284],[126.9577791,37.4631738],[126.9578774,37.4635847],[126.9579104,37.4637226],[126.9579413,37.4638987],[126.9579467,37.4640747],[126.9579228,37.4642361],[126.9579225,37.4646633]]}},
{"type":"Feature","id":185937115,"properties":{"type":"footway","service":null,"tunnel":false,"tunnel_type":null},"geometry":{"type":"LineString","coordinates":[[126.9559347,37.4605655],[126.9558595,37.4606074]]}},
{"type":"Feature","id":185937116,"properties":{"type":"steps","service":null,"tunnel":false,"tunnel_type":null},"geometry":{"type":"LineString","coordinates":[[126.9554821,37.4604744],[126.9555719,37.4606032]]}},
{"type":"Feature","id":185937117,"properties":{"type":"service","service":null,"tunnel":false,"tunnel_type":null},"geometry":{"type":"LineString","coordinates":[[126.9554529,37.4606654],[126.9555719,37.4606032],[126.9557748,37.4604972],[126.9558146,37.4604399]]}},
{"type":"Feature","id":185937118,"properties":{"type":"service","service":null,"tunnel":false,"tunnel_type":null},"geometry":{"type":"LineString","coordinates":[[126.9509227,37.4682086],[126.9510018,37.4680687],[126.9510634,37.4679597],[126.9512113,37.4676983],[126.9515214,37.4671499],[126.9517139,37.4668096],[126.951787,37.4666157],[126.9518468,37.4665191],[126.9518882,37.4664522],[126.9519223,37.4662757],[126.9518771,37.4661593],[126.9518258,37.466027],[126.9517949,37.4659473]]}},
{"type":"Feature","id":185937119,"properties":{"type":"steps","service":null,"tunnel":false,"tunnel_type":null},"geometry":{"type":"LineString","coordinates":[[126.9558146,37.4604399],[126.955906,37.4605357]]}},
{"type":"Feature","id":185937120,"properties":{"type":"service","service":null,"tunnel":false,"tunnel_type":null},"geometry":{"type":"LineString","coordinates":[[126.948716,37.4646039],[126.9488093,37.4646685],[126.9489795,37.4649805],[126.9493647,37.4655693],[126.9493943,37.4656047],[126.949543,37.4657098]]}},
{"type":"Feature","id":187927718,"properties":{"type":"path","service":null,"tunnel":false,"tunnel_type":null},"geometry":{"type":"LineString","coordinates":[[126.991484,37.4464556],[126.9914724,37.4463521],[126.9914415,37.4462605],[126.9913758,37.4462201],[126.9912605,37.4461785],[126.9912176,37.4461381],[126.9911894,37.4460912],[126.9911438,37.4460295],[126.9910848,37.4459816],[126.9910245,37.4458602],[126.9909145,37.4457697],[126.9908703,37.4456809],[126.9908528,37.4456653],[126.9908675,37.445552],[126.9907227,37.4455647],[126.9905886,37.4456105],[126.9904867,37.4455929],[126.9904364,37.4456318],[126.9903982,37.4456169],[126.9903164,37.445479],[126.9901829,37.44548],[126.990079,37.4455067],[126.9900019,37.4455371],[126.9899402,37.4455114],[126.9898946,37.4455918],[126.989855,37.4457144],[126.9898101,37.4457458],[126.9897679,37.4457537],[126.9896579,37.4457089],[126.9895252,37.4457675],[126.9894487,37.4457899],[126.9893326,37.4456945],[126.9891429,37.4456579],[126.9890436,37.4455769],[126.9888908,37.4455599],[126.9886413,37.4454311],[126.9885555,37.4454023],[126.9885273,37.4453182],[126.9885172,37.445246],[126.9884683,37.4451617],[126.9883999,37.4451457],[126.9883463,37.4450946],[126.9882926,37.4450637],[126.9882363,37.4450398],[126.9881759,37.4450281],[126.9879976,37.4450318],[126.9879111,37.4450174],[126.9878656,37.4450018],[126.9877958,37.4449674],[126.9876261,37.44487],[126.9875745,37.4448088],[126.987504,37.4447965],[126.9874075,37.4447976],[126.9873646,37.444821],[126.9872359,37.4448785],[126.9871413,37.4449445],[126.9870877,37.4449477],[126.9870314,37.4449367],[126.9868382,37.4449088],[126.9867591,37.4448918],[126.9867262,37.4448742],[126.9866612,37.444846],[126.9865975,37.4447997],[126.9865035,37.4447405],[126.9862729,37.4447294],[126.9860915,37.4447532],[126.9859323,37.4447677],[126.9857982,37.4448955],[126.9857251,37.4449562],[126.9856802,37.4449743],[126.9856433,37.4449786],[126.9855669,37.4449716],[126.9855058,37.4449802],[126.9853534,37.4450165],[126.9849969,37.4452261],[126.9848936,37.445257],[126.9847752,37.4452829],[126.9844303,37.445379],[126.9841302,37.4453739],[126.983926,37.4454066],[126.983816,37.4454747],[126.9837221,37.4454705],[126.983529,37.4454342],[126.9833601,37.4454428],[126.9831588,37.4454407],[126.9829512,37.4455498],[126.9826788,37.4456195],[126.9825219,37.4456977],[126.9819904,37.4456622],[126.9819244,37.445727],[126.981749,37.4457842],[126.9816665,37.4458221],[126.9815215,37.4459168],[126.9811955,37.4459368],[126.9809755,37.4460007],[126.9805189,37.4462],[126.9803478,37.4461831],[126.9802158,37.4462022],[126.9800422,37.4462648],[126.9799966,37.4463372],[126.9798651,37.4463372],[126.9797184,37.4464635],[126.9795084,37.4466182],[126.9793307,37.4467064],[126.9792152,37.4468329],[126.9790278,37.4469776],[126.9789846,37.4471128],[126.9787743,37.4471604],[126.9785677,37.4472707],[126.9781539,37.4475292],[126.9780466,37.4476213],[126.9778212,37.4476489],[126.9775213,37.447712],[126.9771991,37.4477332],[126.9770139,37.4476787],[126.976722,37.4477381],[126.9765267,37.4477052],[126.9764148,37.4476829],[126.9762901,37.4477535],[126.9762618,37.4477393],[126.976186,37.4477319],[126.9760955,37.4476926],[126.9760365,37.4476464],[126.9757055,37.4475727],[126.9756313,37.4475446],[126.975543,37.4475567],[126.9754525,37.4475552],[126.9753082,37.4475227],[126.9752477,37.4474654],[126.9749903,37.4474413],[126.9749258,37.447453],[126.9748456,37.4474543],[126.9747462,37.4474668],[126.9746268,37.4474614],[126.9745084,37.447478],[126.9743767,37.4475525],[126.9742107,37.4476688],[126.9741321,37.4477269],[126.9740898,37.447734],[126.9740292,37.4477212],[126.9739575,37.4477442],[126.9738959,37.4477405],[126.9738176,37.4477248],[126.9737718,37.4477321],[126.9736018,37.4477867],[126.9734884,37.4478328],[126.9734275,37.4478709],[126.9733939,37.4478818],[126.973352,37.4478761],[126.9732995,37.4478447],[126.9732655,37.4478064],[126.9732168,37.4477904],[126.9731081,37.4477969],[126.972984,37.4478812],[126.9728854,37.447943],[126.9727622,37.4479185],[126.9726901,37.4478747],[126.9726098,37.4478225],[126.9725309,37.4477179],[126.9725017,37.4476973],[126.9724497,37.4476922],[126.9722172,37.4477121],[126.9721144,37.4476742],[126.9720237,37.4476393],[126.9718413,37.4476503],[126.9717622,37.4476443],[126.9716601,37.4476233],[126.9715316,37.4475914],[126.9712827,37.4476177],[126.9710814,37.4476452],[126.9709829,37.4476433],[126.9709291,37.4475994],[126.9707928,37.4475108],[126.9707056,37.447466],[126.9706337,37.447415],[126.9704949,37.447228],[126.9703178,37.4471392],[126.970246,37.4471561],[126.9701099,37.447095],[126.9699886,37.4471024],[126.9698814,37.4471194],[126.969831,37.447074],[126.9697211,37.4469373],[126.9695751,37.4468551],[126.9694495,37.446868],[126.9693284,37.4469036],[126.9692859,37.446945],[126.9692148,37.4469635],[126.9691384,37.4469642],[126.9690708,37.446926],[126.9690084,37.4468807],[126.968967,37.4468148],[126.9689265,37.4468001],[126.968818,37.4468245],[126.9687717,37.4468128],[126.9687635,37.446795],[126.9687152,37.4467953],[126.9687035,37.4467715],[126.9686463,37.4467547],[126.9686018,37.4467603],[126.9685608,37.4467379],[126.9685079,37.4467559],[126.9684979,37.446729],[126.9684066,37.4467205],[126.9683401,37.4467247],[126.9683148,37.4467002],[126.9682595,37.4467031],[126.9682036,37.4466857],[126.9681764,37.4467021],[126.9681609,37.4466639],[126.9681162,37.4466378],[126.9680423,37.4466244],[126.9679817,37.4466203],[126.9678927,37.4466096],[126.9678841,37.4465871],[126.9678731,37.4465857],[126.9678747,37.4466145],[126.9678639,37.4466236],[126.9678476,37.446585],[126.9678253,37.4465474],[126.96778,37.4465126],[126.9677661,37.4464747],[126.9677237,37.4464768],[126.9676848,37.4464505],[126.9676495,37.4464438],[126.967593,37.4464096],[126.9675276,37.4463834],[126.9675108,37.446324],[126.9674856,37.4463139],[126.967466,37.4462688],[126.9674349,37.4462259],[126.9673764,37.4462111],[126.9673459,37.4462296],[126.9673041,37.446189],[126.9672779,37.446156],[126.9672437,37.4461504],[126.9672168,37.4461595],[126.9671741,37.4461324],[126.9671536,37.4461189],[126.9671031,37.4461145],[126.9670752,37.446076],[126.9670137,37.446074],[126.966959,37.4460842],[126.9669308,37.4460689],[126.9669079,37.4460859],[126.9668751,37.446081],[126.9668442,37.4460916],[126.9668231,37.4460578],[126.9667435,37.4460332],[126.9666471,37.4460265],[126.9666206,37.4460451],[126.9665762,37.4460498],[126.9665381,37.4460613],[126.9664889,37.446041],[126.9664157,37.4460432],[126.9663672,37.4460706],[126.9662842,37.4461023],[126.9662091,37.4461079],[126.9661807,37.4461134],[126.9661345,37.4461611],[126.966094,37.4462195],[126.9660822,37.446273],[126.9659759,37.446335],[126.9659568,37.4463339],[126.9659145,37.4463445],[126.9658984,37.4463338],[126.9658722,37.446338],[126.965839,37.446309],[126.9658073,37.4462783],[126.9657622,37.4462353],[126.965735,37.4462141],[126.9657068,37.4461914],[126.9656691,37.4461826],[126.9656467,37.4461611],[126.9656083,37.4461425],[126.9655446,37.4461434],[126.9655074,37.4461376],[126.9654923,37.4461194],[126.9654774,37.446092],[126.965437,37.4460732],[126.9654043,37.4460495],[126.9653675,37.446031],[126.9653258,37.4459714],[126.9653073,37.4459327],[126.965235,37.4459101],[126.9652188,37.445905]]}},
{"type":"Feature","id":193893588,"properties":{"type":"footway","service":null,"tunnel":false,"tunnel_type":null},"geometry":{"type":"LineString","coordinates":[[126.9506725,37.459229],[126.9507388,37.4592334],[126.9510761,37.4591111]]}},
{"type":"Feature","id":193893594,"properties":{"type":"footway","service":null,"tunnel":false,"tunnel_type":null},"geometry":{"type":"LineString","coordinates":[[126.9512219,37.459179],[126.9510761,37.4591111],[126.9511335,37.4590068],[126.9511086,37.4589287],[126.9509973,37.4589748]]}},
{"type":"Feature","id":193893596,"properties":{"type":"footway","service":null,"tunnel":false,"tunnel_type":null},"geometry":{"type":"LineString","coordinates":[[126.9552298,37.4584994],[126.9551038,37.4586697],[126.9551566,37.4587041]]}},
{"type":"Feature","id":195046287,"properties":{"type":"residential","service":null,"tunnel":false,"tunnel_type":null},"geometry":{"type":"LineString","coordinates":[[126.958997,37.4761971],[126.9592248,37.4761343],[126.9592444,37.4761268],[126.9592641,37.476117],[126.9592817,37.4761043],[126.9592964,37.4760915],[126.9593098,37.4760783],[126.9593777,37.475995],[126.9594398,37.4759056],[126.9594957,37.4758075],[126.9596053,37.4755565],[126.959611,37.4755377],[126.959626,37.4754878],[126.9596445,37.4752905],[126.9596607,37.4752082],[126.9596895,37.4751232],[126.959832,37.474808],[126.9600206,37.474391],[126.960039,37.4743502],[126.9600617,37.4743],[126.9601482,37.4741088],[126.9601601,37.4740762],[126.9601711,37.4740462],[126.9601951,37.4739689],[126.9602029,37.4739119],[126.9602072,37.4738513],[126.9602018,37.4737555],[126.9601896,37.4736866],[126.960175,37.4736192],[126.9601518,37.4735569],[126.9601213,37.4734989],[126.9600859,37.4734447],[126.9600463,37.4733851],[126.9599363,37.4732574],[126.9597102,37.4730805],[126.9594194,37.4728823],[126.95908,37.4726489],[126.95896,37.4725967],[126.9588529,37.4725635],[126.9587492,37.4725398]]}},
{"type":"Feature","id":199989997,"properties":{"type":"path","service":null,"tunnel":false,"tunnel_type":null},"geometry":{"type":"LineString","coordinates":[[126.976963,37.4674272],[126.9769614,37.4676191],[126.9769666,37.4676909],[126.9769646,37.4678517],[126.9769193,37.4679367],[126.9768195,37.4679879],[126.976559,37.4681114],[126.9763847,37.4682208],[126.9762402,37.468096],[126.9760577,37.468194],[126.9759964,37.4682079],[126.9758445,37.4682185],[126.9757131,37.4682163],[126.9756098,37.4682473],[126.9754676,37.4682973],[126.9753791,37.4684506],[126.9753147,37.4685559],[126.9752906,37.4685943],[126.9752651,37.4686783],[126.9751806,37.468772],[126.975121,37.4687688],[126.9750452,37.4688284],[126.9748226,37.4688136],[126.9747314,37.4687475],[126.9746482,37.4687443],[126.9743639,37.4686762],[126.9742566,37.4686762],[126.9741386,37.4687103],[126.9740528,37.4688337],[126.9740098,37.4688912],[126.973916,37.4689721],[126.9739146,37.4690945],[126.9736263,37.4690455],[126.973405,37.4690083],[126.9732011,37.4689147],[126.9730617,37.4688965],[126.9729638,37.4689232],[126.9728619,37.4689444],[126.9728054,37.4689363],[126.972778,37.4691785],[126.9725963,37.4692063],[126.9724488,37.4692191],[126.9723201,37.4691658],[126.9720894,37.4689657],[126.9718963,37.4688827],[126.9717139,37.4688934],[126.9715261,37.4690253],[126.9713974,37.4691062],[126.9711917,37.4690753],[126.9711379,37.4690595],[126.9710567,37.4690572],[126.9710098,37.4689189],[126.9709723,37.4687976],[126.9709092,37.4687049],[126.9708908,37.4685926],[126.9708234,37.4685102],[126.9705498,37.4684506],[126.9704464,37.4684406],[126.9703681,37.4684327],[126.9702105,37.4685376],[126.9701958,37.4684591],[126.9699973,37.4683228],[126.9698203,37.4682377],[126.9697934,37.4681823],[126.969654,37.4681781],[126.9695574,37.4681951],[126.969305,37.4681972],[126.969273,37.4681354],[126.9692785,37.4680503],[126.9692248,37.467978],[126.9691926,37.4679013],[126.9691926,37.4677182],[126.9692141,37.4676544],[126.9693106,37.4675862],[126.9693214,37.4675139],[126.9692999,37.467433],[126.9693053,37.4673308],[126.9694126,37.4672669],[126.969434,37.4672222],[126.9694743,37.4671221],[126.9694206,37.4670583],[126.9693214,37.4670029],[126.9692516,37.4669987],[126.9692503,37.46669],[126.9691055,37.4664633],[126.968793,37.4664931],[126.9686602,37.4664845],[126.9685918,37.4662972],[126.9685408,37.4661961],[126.9685435,37.4661407],[126.9684725,37.4660855],[126.9683853,37.4661343],[126.9682968,37.46626],[126.9681573,37.4663856],[126.9680339,37.4664728],[126.9678555,37.4665367],[126.9677968,37.4665398],[126.9677656,37.4664558],[126.9676235,37.4664068],[126.9675136,37.4664398],[126.9673875,37.4664856],[126.9672105,37.4665026],[126.9671488,37.4664601],[126.9670831,37.4664015],[126.9669262,37.4662983],[126.9668457,37.4661918],[126.9667169,37.4659662],[126.9666526,37.4659193],[126.9666351,37.4658459],[126.9665358,37.4658225],[126.9664648,37.4657831],[126.9664326,37.4657394],[126.966396,37.4657122],[126.9663428,37.4657213],[126.9662771,37.4657788],[126.9661845,37.4658235],[126.9661108,37.465847],[126.9660343,37.4658214],[126.9659855,37.4658008],[126.9658734,37.4658044],[126.9657835,37.4657714],[126.9657178,37.4657479],[126.9656226,37.4657543],[126.9655476,37.4657895],[126.9654684,37.465832],[126.9653611,37.4658406],[126.9652618,37.4658118],[126.9651974,37.465832],[126.9651733,37.4658395],[126.9651465,37.4658376],[126.9651455,37.465823],[126.9651586,37.4658108],[126.9651546,37.4657908],[126.9651479,37.4657804],[126.9651358,37.4657746],[126.9650976,37.4657293],[126.9651049,37.4657107],[126.9651016,37.4656809],[126.9650734,37.4656692],[126.9650265,37.4656633],[126.9649004,37.4656676],[126.9647965,37.4656463],[126.964736,37.4656537]]}},
{"type":"Feature","id":215946212,"properties":{"type":"service","service":null,"tunnel":false,"tunnel_type":null},"geometry":{"type":"LineString","coordinates":[[126.9392744,37.4722918],[126.9398491,37.4724712],[126.9402712,37.4726029],[126.9407258,37.4727448],[126.9414318,37.4729651],[126.9420436,37.473156]]}},
{"type":"Feature","id":215946213,"properties":{"type":"residential","service":null,"tunnel":false,"tunnel_type":null},"geometry":{"type":"LineString","coordinates":[[126.9419211,37.4709068],[126.941897,37.471021],[126.9418598,37.4711973],[126.9416631,37.4713508]]}},
{"type":"Feature","id":215946216,"properties":{"type":"residential","service":null,"tunnel":false,"tunnel_type":null},"geometry":{"type":"LineString","coordinates":[[126.9390502,37.4727307],[126.9392626,37.4730399],[126.9393097,37.4731085],[126.9399472,37.4732956],[126.9404427,37.4734411],[126.9404292,37.4737286]]}},
{"type":"Feature","id":215946221,"properties":{"type":"service","service":null,"tunnel":false,"tunnel_type":null},"geometry":{"type":"LineString","coordinates":[[126.9423287,37.4720305],[126.9422994,37.4722007]]}},
{"type":"Feature","id":215946222,"properties":{"type":"service","service":null,"tunnel":false,"tunnel_type":null},"geometry":{"type":"LineString","coordinates":[[126.9415801,37.4716909],[126.9426311,37.4717536]]}},
{"type":"Feature","id":215946229,"properties":{"type":"residential","service":null,"tunnel":false,"tunnel_type":null},"geometry":{"type":"LineString","coordinates":[[126.9414182,37.4715418],[126.9415801,37.4716909],[126.9419148,37.471999],[126.9421216,37.4721895]]}},
{"type":"Feature","id":215946231,"properties":{"type":"residential","service":null,"tunnel":false,"tunnel_type":null},"geometry":{"type":"LineString","coordinates":[[126.9414605,37.473669],[126.9413726,37.4733532],[126.9412581,37.4733152]]}},
{"type":"Feature","id":215946233,"properties":{"type":"residential","service":null,"tunnel":false,"tunnel_type":null},"geometry":{"type":"LineString","coordinates":[[126.9373025,37.4760469],[126.9373521,37.4760083],[126.9373888,37.4759478],[126.9376574,37.4755051],[126.9378166,37.475164],[126.937862,37.4750668],[126.937917,37.474949],[126.9381267,37.4745319],[126.9381581,37.4744773],[126.9386959,37.4734244],[126.9388206,37.4731802],[126.9389526,37.4729218],[126.9390502,37.4727307],[126.9391011,37.472631],[126.9392176,37.472403],[126.9392744,37.4722918],[126.9394901,37.4718695],[126.9399628,37.4715129],[126.9407533,37.4709166],[126.9409191,37.4707915]]}},
{"type":"Feature","id":215946237,"properties":{"type":"residential","service":null,"tunnel":false,"tunnel_type":null},"geometry":{"type":"LineString","coordinates":[[126.9394901,37.4718695],[126.9403938,37.4723409]]}},
{"type":"Feature","id":215946239,"properties":{"type":"service","service":null,"tunnel":false,"tunnel_type":null},"geometry":{"type":"LineString","coordinates":[[126.9419148,37.471999],[126.9423287,37.4720305],[126.9427576,37.4720727]]}},
{"type":"Feature","id":215946241,"properties":{"type":"residential","service":null,"tunnel":false,"tunnel_type":null},"geometry":{"type":"LineString","coordinates":[[126.9391011,37.472631],[126.9401086,37.4729506],[126.9412581,37.4733152],[126.9414318,37.4729651],[126.9416085,37.4726092],[126.9416419,37.4725416],[126.9417704,37.4724474],[126.9421216,37.4721895],[126.9422994,37.4722007],[126.9427813,37.4722356]]}},
{"type":"Feature","id":215946243,"properties":{"type":"residential","service":null,"tunnel":false,"tunnel_type":null},"geometry":{"type":"LineString","coordinates":[[126.9399628,37.4715129],[126.9401493,37.4716566],[126.9407136,37.4720914],[126.9412314,37.4724906],[126.9416085,37.4726092],[126.9421918,37.4727914]]}},
{"type":"Feature","id":215946255,"properties":{"type":"residential","service":null,"tunnel":false,"tunnel_type":null},"geometry":{"type":"LineString","coordinates":[[126.9405868,37.4713818],[126.9410679,37.471815]]}},
{"type":"Feature","id":215946256,"properties":{"type":"residential","service":null,"tunnel":false,"tunnel_type":null},"geometry":{"type":"LineString","coordinates":[[126.9386959,37.4734244],[126.9393771,37.4734702],[126.9399472,37.4732956],[126.9401086,37.4729506],[126.9402712,37.4726029],[126.9403938,37.4723409],[126.9405659,37.4722066],[126.9407136,37.4720914],[126.9410679,37.471815],[126.9414182,37.4715418],[126.9416631,37.4713508]]}},
{"type":"Feature","id":215946264,"properties":{"type":"service","service":null,"tunnel":false,"tunnel_type":null},"geometry":{"type":"LineString","coordinates":[[126.9410679,37.471815],[126.9417704,37.4724474]]}},
{"type":"Feature","id":215946265,"properties":{"type":"service","service":null,"tunnel":false,"tunnel_type":null},"geometry":{"type":"LineString","coordinates":[[126.9401493,37.4716566],[126.9405868,37.4713818],[126.9407289,37.4712926],[126.9416631,37.4713508],[126.9425664,37.4714077]]}},
{"type":"Feature","id":216093140,"properties":{"type":"residential","service":null,"tunnel":false,"tunnel_type":null},"geometry":{"type":"LineString","coordinates":[[126.9757038,37.4732987],[126.9753481,37.4735447],[126.9748869,37.4738636]]}},
{"type":"Feature","id":216093142,"properties":{"type":"residential","service":null,"tunnel":false,"tunnel_type":null},"geometry":{"type":"LineString","coordinates":[[126.9727735,37.4729453],[126.9730576,37.4728193]]}},
{"type":"Feature","id":216093145,"properties":{"type":"residential","service":null,"tunnel":false,"tunnel_type":null},"geometry":{"type":"LineString","coordinates":[[126.9742154,37.4729461],[126.9734493,37.4721653],[126.9729283,37.471679],[126.9723845,37.4711504]]}},
{"type":"Feature","id":216093148,"properties":{"type":"service","service":null,"tunnel":false,"tunnel_type":null},"geometry":{"type":"LineString","coordinates":[[126.9740053,37.4731357],[126.9736785,37.4728497],[126.9735243,37.472937],[126.9729849,37.472356],[126.9731018,37.4722739],[126.9726915,37.4718317]]}},
{"type":"Feature","id":216093149,"properties":{"type":"residential","service":null,"tunnel":false,"tunnel_type":null},"geometry":{"type":"LineString","coordinates":[[126.9761778,37.4744135],[126.9753909,37.4742945],[126.9752016,37.4741261],[126.9748869,37.4738636],[126.9743975,37.4734478],[126.9740053,37.4731357]]}},
{"type":"Feature","id":216093153,"properties":{"type":"residential","service":null,"tunnel":false,"tunnel_type":null},"geometry":{"type":"LineString","coordinates":[[126.9733223,37.4731012],[126.9721155,37.4742141],[126.9720047,37.4742945]]}},
{"type":"Feature","id":216093164,"properties":{"type":"residential","service":null,"tunnel":false,"tunnel_type":null},"geometry":{"type":"LineString","coordinates":[[126.973618,37.4734575],[126.9733223,37.4731012],[126.9730576,37.4728193],[126.9723341,37.4720704]]}},
{"type":"Feature","id":216093171,"properties":{"type":"residential","service":null,"tunnel":false,"tunnel_type":null},"geometry":{"type":"LineString","coordinates":[[126.9716065,37.4754732],[126.9717554,37.475211],[126.9719512,37.4748916],[126.9722119,37.4745202],[126.9723938,37.4744977],[126.9725134,37.4744494],[126.9727503,37.4742835],[126.9732298,37.473848],[126.973618,37.4734575],[126.9740053,37.4731357],[126.9742154,37.4729461],[126.974794,37.4725458]]}},
{"type":"Feature","id":216093177,"properties":{"type":"residential","service":null,"tunnel":false,"tunnel_type":null},"geometry":{"type":"LineString","coordinates":[[126.9736012,37.4712069],[126.9729283,37.471679],[126.9726915,37.4718317],[126.9723341,37.4720704],[126.9720969,37.472184],[126.9716561,37.472405]]}},
{"type":"Feature","id":218694228,"properties":{"type":"service","service":null,"tunnel":false,"tunnel_type":null},"geometry":{"type":"LineString","coordinates":[[126.9751363,37.4728455],[126.9750183,37.4729457],[126.9750146,37.4730933],[126.9749362,37.473081],[126.974893,37.4730858],[126.974845,37.4730924],[126.9748006,37.4731003],[126.97475,37.4731107],[126.9747016,37.4731236],[126.9746574,37.4731395],[126.9746168,37.4731597],[126.974575,37.4731884],[126.9745394,37.473221],[126.9745059,37.4732547],[126.974479,37.4732903],[126.9744536,37.4733295],[126.9744311,37.4733711],[126.9744104,37.4734167],[126.9743975,37.4734478]]}},
{"type":"Feature","id":218696611,"properties":{"type":"service","service":null,"tunnel":false,"tunnel_type":null},"geometry":{"type":"LineString","coordinates":[[126.9724828,37.4711154],[126.9722154,37.4705285]]}},
{"type":"Feature","id":218853612,"properties":{"type":"living_street","service":null,"tunnel":false,"tunnel_type":null},"geometry":{"type":"LineString","coordinates":[[126.9679276,37.4704031],[126.9674782,37.470221],[126.9670529,37.4700551],[126.9666289,37.4698759],[126.9662033,37.4697097],[126.9657691,37.4695257],[126.9653005,37.4693327],[126.9649112,37.4691792],[126.9648274,37.4691467],[126.9645908,37.4690729],[126.9637994,37.4689861]]}},
{"type":"Feature","id":218853617,"properties":{"type":"service","service":null,"tunnel":false,"tunnel_type":null},"geometry":{"type":"LineString","coordinates":[[126.968767,37.4733578],[126.9696183,37.4732767],[126.9697701,37.4733211],[126.9699109,37.4733731],[126.9700971,37.4734214],[126.9704072,37.4735137]]}},
{"type":"Feature","id":218853618,"properties":{"type":"service","service":null,"tunnel":false,"tunnel_type":null},"geometry":{"type":"LineString","coordinates":[[126.9697701,37.4733211],[126.9696636,37.473513],[126.9694161,37.474066]]}},
{"type":"Feature","id":218853624,"properties":{"type":"service","service":null,"tunnel":false,"tunnel_type":null},"geometry":{"type":"LineString","coordinates":[[126.9680435,37.4727773],[126.9680725,37.473144],[126.968083,37.4733094],[126.9681226,37.4736364],[126.9681336,37.4737801],[126.9681582,37.4741516]]}},
{"type":"Feature","id":218853634,"properties":{"type":"service","service":null,"tunnel":false,"tunnel_type":null},"geometry":{"type":"LineString","coordinates":[[126.9681336,37.4737801],[126.9682425,37.4737728],[126.9683531,37.4735862],[126.9683693,37.4733769],[126.9682753,37.4732669],[126.9681932,37.4731473],[126.9680725,37.473144]]}},
{"type":"Feature","id":218853635,"properties":{"type":"service","service":null,"tunnel":false,"tunnel_type":null},"geometry":{"type":"LineString","coordinates":[[126.9703039,37.4723502],[126.9703198,37.4728512],[126.9700971,37.4734214]]}},
{"type":"Feature","id":218853636,"properties":{"type":"service","service":null,"tunnel":false,"tunnel_type":null},"geometry":{"type":"LineString","coordinates":[[126.9667312,37.4733883],[126.9670956,37.473367],[126.9674162,37.4733483],[126.968083,37.4733094]]}},
{"type":"Feature","id":218853638,"properties":{"type":"service","service":null,"tunnel":false,"tunnel_type":null},"geometry":{"type":"LineString","coordinates":[[126.9700523,37.4722802],[126.970099,37.4728746],[126.9699109,37.4733731]]}},
{"type":"Feature","id":218853640,"properties":{"type":"service","service":null,"tunnel":false,"tunnel_type":null},"geometry":{"type":"LineString","coordinates":[[126.9690189,37.4745384],[126.9689444,37.4742734],[126.9688192,37.473995],[126.968767,37.4733578],[126.9687123,37.4727201]]}},
{"type":"Feature","id":218853646,"properties":{"type":"service","service":null,"tunnel":false,"tunnel_type":null},"geometry":{"type":"LineString","coordinates":[[126.9675053,37.4743062],[126.967447,37.4736753],[126.9674439,37.4736366],[126.9674162,37.4733483]]}},
{"type":"Feature","id":218853651,"properties":{"type":"service","service":null,"tunnel":false,"tunnel_type":null},"geometry":{"type":"LineString","coordinates":[[126.966682,37.4728679],[126.9674142,37.4728184],[126.9675487,37.472795],[126.967832,37.4727895],[126.9680435,37.4727773],[126.9687123,37.4727201],[126.9693669,37.4720897],[126.9700523,37.4722802],[126.9703039,37.4723502],[126.9706725,37.4724513]]}},
{"type":"Feature","id":218853659,"properties":{"type":"service","service":null,"tunnel":false,"tunnel_type":null},"geometry":{"type":"LineString","coordinates":[[126.9674142,37.4728184],[126.9670934,37.4732532],[126.9670956,37.473367]]}},
{"type":"Feature","id":218853661,"properties":{"type":"service","service":null,"tunnel":false,"tunnel_type":null},"geometry":{"type":"LineString","coordinates":[[126.9668239,37.4721367],[126.9672761,37.4725436],[126.9674834,37.4727366],[126.9675487,37.472795]]}},
{"type":"Feature","id":218857618,"properties":{"type":"service","service":"alley","tunnel":false,"tunnel_type":null},"geometry":{"type":"LineString","coordinates":[[126.9669454,37.4719319],[126.9672737,37.4720679],[126.9675105,37.472166],[126.9675434,37.4721797],[126.9677989,37.4722855],[126.9678285,37.4722977],[126.9680764,37.4724004],[126.9680943,37.4724087],[126.968263,37.4724626],[126.9684151,37.4725129],[126.968555,37.4722785],[126.9688435,37.4717642],[126.9693476,37.4709862]]}},
{"type":"Feature","id":218857619,"properties":{"type":"service","service":"alley","tunnel":false,"tunnel_type":null},"geometry":{"type":"LineString","coordinates":[[126.9672761,37.4725436],[126.9675105,37.472166]]}},
{"type":"Feature","id":218857621,"properties":{"type":"service","service":"alley","tunnel":false,"tunnel_type":null},"geometry":{"type":"LineString","coordinates":[[126.9680435,37.4727773],[126.968263,37.4724626]]}},
{"type":"Feature","id":218857622,"properties":{"type":"service","service":"alley","tunnel":false,"tunnel_type":null},"geometry":{"type":"LineString","coordinates":[[126.9672737,37.4720679],[126.9677553,37.4713372]]}},
{"type":"Feature","id":218857623,"properties":{"type":"service","service":"alley","tunnel":false,"tunnel_type":null},"geometry":{"type":"LineString","coordinates":[[126.9674834,37.4727366],[126.9676864,37.4724464],[126.9677989,37.4722855]]}},
{"type":"Feature","id":218857624,"properties":{"type":"service","service":"alley","tunnel":false,"tunnel_type":null},"geometry":{"type":"LineString","coordinates":[[126.9680943,37.4724087],[126.9685836,37.4716622]]}},
{"type":"Feature","id":218857626,"properties":{"type":"service","service":"alley","tunnel":false,"tunnel_type":null},"geometry":{"type":"LineString","coordinates":[[126.9675434,37.4721797],[126.9680322,37.4714458]]}},
{"type":"Feature","id":218857627,"properties":{"type":"service","service":"alley","tunnel":false,"tunnel_type":null},"geometry":{"type":"LineString","coordinates":[[126.967832,37.4727895],[126.9680764,37.4724004]]}},
{"type":"Feature","id":218857628,"properties":{"type":"service","service":"alley","tunnel":false,"tunnel_type":null},"geometry":{"type":"LineString","coordinates":[[126.9678285,37.4722977],[126.9683045,37.4715527]]}},
{"type":"Feature","id":218857997,"properties":{"type":"service","service":"alley","tunnel":false,"tunnel_type":null},"geometry":{"type":"LineString","coordinates":[[126.9689055,37.4708119],[126.9690813,37.4705368],[126.969123,37.4704966]]}},
{"type":"Feature","id":218857998,"properties":{"type":"service","service":"alley","tunnel":false,"tunnel_type":null},"geometry":{"type":"LineString","coordinates":[[126.9683328,37.4697556],[126.9693349,37.4701579],[126.9702807,37.4705401]]}},
{"type":"Feature","id":218858001,"properties":{"type":"service","service":"alley","tunnel":false,"tunnel_type":null},"geometry":{"type":"LineString","coordinates":[[126.9673656,37.471273],[126.9669108,37.4710994],[126.9664881,37.4709191],[126.9663453,37.4708528],[126.9660698,37.4704636],[126.9661701,37.4698245],[126.9662033,37.4697097],[126.9665256,37.4692065]]}},
{"type":"Feature","id":218877467,"properties":{"type":"service","service":"alley","tunnel":false,"tunnel_type":null},"geometry":{"type":"LineString","coordinates":[[126.9657691,37.4695257],[126.9656109,37.4705426],[126.9659737,37.4710831],[126.966092,37.4711807],[126.9662683,37.4712768]]}},
{"type":"Feature","id":218877469,"properties":{"type":"service","service":"alley","tunnel":false,"tunnel_type":null},"geometry":{"type":"LineString","coordinates":[[126.9674107,37.4712019],[126.9677553,37.4713372],[126.9680322,37.4714458],[126.9683045,37.4715527],[126.9685836,37.4716622],[126.9688435,37.4717642]]}},
{"type":"Feature","id":218877471,"properties":{"type":"service","service":"alley","tunnel":false,"tunnel_type":null},"geometry":{"type":"LineString","coordinates":[[126.9687562,37.469076],[126.9697722,37.4694965],[126.9695435,37.469824]]}},
{"type":"Feature","id":218877472,"properties":{"type":"service","service":"alley","tunnel":false,"tunnel_type":null},"geometry":{"type":"LineString","coordinates":[[126.9681253,37.4700871],[126.9687963,37.4703625],[126.969123,37.4704966],[126.9699099,37.4708119],[126.9700758,37.4708592]]}},
{"type":"Feature","id":218877477,"properties":{"type":"service","service":null,"tunnel":false,"tunnel_type":null},"geometry":{"type":"LineString","coordinates":[[126.9668239,37.4721367],[126.9664164,37.471875],[126.966042,37.4716276],[126.9656368,37.4713552],[126.9650952,37.4706276],[126.9653005,37.4693327]]}},
{"type":"Feature","id":218877480,"properties":{"type":"service","service":"alley","tunnel":false,"tunnel_type":null},"geometry":{"type":"LineString","coordinates":[[126.9680994,37.4692499],[126.9685398,37.4694248]]}},
{"type":"Feature","id":218877483,"properties":{"type":"service","service":"alley","tunnel":false,"tunnel_type":null},"geometry":{"type":"LineString","coordinates":[[126.9697722,37.4694965],[126.9698363,37.4694528],[126.9699087,37.4691197],[126.9689647,37.4687459]]}},
{"type":"Feature","id":218877484,"properties":{"type":"service","service":"alley","tunnel":false,"tunnel_type":null},"geometry":{"type":"LineString","coordinates":[[126.966042,37.4716276],[126.9662683,37.4712768],[126.9664881,37.4709191],[126.9666934,37.4705929],[126.9670529,37.4700551]]}},
{"type":"Feature","id":218877488,"properties":{"type":"residential","service":null,"tunnel":false,"tunnel_type":null},"geometry":{"type":"LineString","coordinates":[[126.968555,37.4722785],[126.9687527,37.4721419],[126.9689371,37.4719759],[126.9693669,37.4720897]]}},
{"type":"Feature","id":218877490,"properties":{"type":"service","service":"alley","tunnel":false,"tunnel_type":null},"geometry":{"type":"LineString","coordinates":[[126.9699087,37.4691197],[126.9699856,37.4687316],[126.969173,37.4684132]]}},
{"type":"Feature","id":218878492,"properties":{"type":"service","service":"alley","tunnel":false,"tunnel_type":null},"geometry":{"type":"LineString","coordinates":[[126.9657691,37.4695257],[126.9658264,37.4694607],[126.9664119,37.4689577],[126.96724,37.4683081],[126.9669522,37.4679669]]}},
{"type":"Feature","id":218878496,"properties":{"type":"service","service":"alley","tunnel":false,"tunnel_type":null},"geometry":{"type":"LineString","coordinates":[[126.966885,37.4694855],[126.9666289,37.4698759],[126.966518,37.4703838],[126.9665346,37.4704495],[126.9666934,37.4705929]]}},
{"type":"Feature","id":218878501,"properties":{"type":"service","service":"alley","tunnel":false,"tunnel_type":null},"geometry":{"type":"LineString","coordinates":[[126.9669522,37.4679669],[126.9667706,37.4680882],[126.9653005,37.4693327]]}},
{"type":"Feature","id":218883093,"properties":{"type":"service","service":"alley","tunnel":false,"tunnel_type":null},"geometry":{"type":"LineString","coordinates":[[126.9664164,37.471875],[126.9669108,37.4710994],[126.9674782,37.470221]]}},
{"type":"Feature","id":218883096,"properties":{"type":"service","service":"alley","tunnel":false,"tunnel_type":null},"geometry":{"type":"LineString","coordinates":[[126.9674782,37.470221],[126.9680994,37.4692499],[126.9687299,37.4682629],[126.9688245,37.4681148]]}},
{"type":"Feature","id":218883116,"properties":{"type":"service","service":"alley","tunnel":false,"tunnel_type":null},"geometry":{"type":"LineString","coordinates":[[126.969687,37.471116],[126.9699099,37.4708119]]}},
{"type":"Feature","id":218883117,"properties":{"type":"living_street","service":null,"tunnel":false,"tunnel_type":null},"geometry":{"type":"LineString","coordinates":[[126.969687,37.471116],[126.9693476,37.4709862],[126.9690684,37.4708804],[126.9689055,37.4708119],[126.9687994,37.4707698],[126.9685319,37.470659],[126.9682449,37.4705344],[126.9679276,37.4704031]]}},
{"type":"Feature","id":218883129,"properties":{"type":"service","service":"alley","tunnel":false,"tunnel_type":null},"geometry":{"type":"LineString","coordinates":[[126.9704531,37.469905],[126.9704432,37.4700243],[126.9704072,37.4701613]]}},
{"type":"Feature","id":218887940,"properties":{"type":"service","service":null,"tunnel":false,"tunnel_type":null},"geometry":{"type":"LineString","coordinates":[[126.9706725,37.4724513],[126.9706913,37.4728443],[126.9705612,37.4731538],[126.9704506,37.4734217],[126.9704072,37.4735137],[126.9703825,37.4735847],[126.9702682,37.4738487],[126.9701487,37.4741567],[126.970109,37.4743932],[126.9700645,37.4746516]]}},
{"type":"Feature","id":218974538,"properties":{"type":"service","service":null,"tunnel":false,"tunnel_type":null},"geometry":{"type":"LineString","coordinates":[[126.9709238,37.4721397],[126.9710184,37.4724131],[126.9711159,37.4724553],[126.9711602,37.4724624]]}},
{"type":"Feature","id":218975554,"properties":{"type":"service","service":null,"tunnel":false,"tunnel_type":null},"geometry":{"type":"LineString","coordinates":[[126.9651439,37.472859],[126.9651935,37.4728966],[126.9651806,37.4730205],[126.9650982,37.4736267],[126.9650453,37.473982]]}},
{"type":"Feature","id":219107248,"properties":{"type":"secondary","service":null,"tunnel":false,"tunnel_type":null},"geometry":{"type":"LineString","coordinates":[[126.9482913,37.467596],[126.9480963,37.4676347],[126.9478634,37.4677044],[126.9476736,37.4677853],[126.9476166,37.4678152],[126.9475088,37.4678717],[126.9473293,37.467977],[126.9468999,37.4682982]]}},
{"type":"Feature","id":230089461,"properties":{"type":"cycleway","service":null,"tunnel":false,"tunnel_type":null},"geometry":{"type":"LineString","coordinates":[[126.9519948,37.4540135],[126.9520231,37.4540178],[126.9522198,37.4540476],[126.9523808,37.4541924],[126.9523969,37.4543201],[126.9524061,37.4546078],[126.9524007,37.454818],[126.9523953,37.4550963],[126.9522927,37.4550958],[126.9522578,37.4554204],[126.9523524,37.4556051],[126.9523814,37.455686]]}},
{"type":"Feature","id":239548893,"properties":{"type":"residential","service":null,"tunnel":false,"tunnel_type":null},"geometry":{"type":"LineString","coordinates":[[126.9722119,37.4745202],[126.9720047,37.4742945],[126.9719534,37.4741681],[126.9719093,37.474081],[126.9719335,37.4737662],[126.9727735,37.4729453],[126.9720969,37.472184],[126.9719868,37.4720265],[126.9718072,37.4717999],[126.9723845,37.4711504],[126.9724828,37.4711154],[126.9734924,37.4709115]]}},
{"type":"Feature","id":248012354,"properties":{"type":"steps","service":null,"tunnel":false,"tunnel_type":null},"geometry":{"type":"LineString","coordinates":[[126.954334,37.459499],[126.9544656,37.459545]]}},
{"type":"Feature","id":248013966,"properties":{"type":"footway","service":null,"tunnel":false,"tunnel_type":null},"geometry":{"type":"LineString","coordinates":[[126.9509914,37.457244],[126.9510628,37.4573703],[126.9511608,37.4575697],[126.9513413,37.4579373],[126.9514142,37.4580857],[126.9514326,37.4581211]]}},
{"type":"Feature","id":248013967,"properties":{"type":"steps","service":null,"tunnel":false,"tunnel_type":null},"geometry":{"type":"LineString","coordinates":[[126.9515403,37.4583284],[126.9513832,37.4583755]]}},
{"type":"Feature","id":248013968,"properties":{"type":"steps","service":null,"tunnel":false,"tunnel_type":null},"geometry":{"type":"LineString","coordinates":[[126.9511608,37.4575697],[126.9510805,37.4577494]]}},
{"type":"Feature","id":248013969,"properties":{"type":"steps","service":null,"tunnel":false,"tunnel_type":null},"geometry":{"type":"LineString","coordinates":[[126.9513413,37.4579373],[126.9511412,37.4578786]]}},
{"type":"Feature","id":248013971,"properties":{"type":"footway","service":null,"tunnel":false,"tunnel_type":null},"geometry":{"type":"LineString","coordinates":[[126.9514142,37.4580857],[126.9516288,37.4580133],[126.9516154,37.4579874]]}},
{"type":"Feature","id":248013972,"properties":{"type":"steps","service":null,"tunnel":false,"tunnel_type":null},"geometry":{"type":"LineString","coordinates":[[126.9517545,37.4580177],[126.9514326,37.4581211]]}},
{"type":"Feature","id":248013973,"properties":{"type":"steps","service":null,"tunnel":false,"tunnel_type":null},"geometry":{"type":"LineString","coordinates":[[126.9514233,37.4569372],[126.9510894,37.4569003]]}},
{"type":"Feature","id":248013974,"properties":{"type":"service","service":null,"tunnel":false,"tunnel_type":null},"geometry":{"type":"LineString","coordinates":[[126.9498228,37.45744],[126.9500028,37.457342]]}},
{"type":"Feature","id":248013975,"properties":{"type":"steps","service":null,"tunnel":false,"tunnel_type":null},"geometry":{"type":"LineString","coordinates":[[126.9505097,37.4572641],[126.9505193,37.4573468]]}},
{"type":"Feature","id":250289594,"properties":{"type":"service","service":null,"tunnel":false,"tunnel_type":null},"geometry":{"type":"LineString","coordinates":[[126.9579225,37.4646633],[126.9583428,37.4646353],[126.9587855,37.4647986],[126.9590566,37.4649258],[126.9592476,37.4650578],[126.9597134,37.4653903]]}},
{"type":"Feature","id":250289595,"properties":{"type":"service","service":null,"tunnel":false,"tunnel_type":null},"geometry":{"type":"LineString","coordinates":[[126.9592476,37.4650578],[126.9590011,37.4654051],[126.9589395,37.4656252],[126.9589518,37.4660996],[126.9587916,37.466305]]}},
{"type":"Feature","id":251117759,"properties":{"type":"service","service":null,"tunnel":false,"tunnel_type":null},"geometry":{"type":"LineString","coordinates":[[126.9611892,37.4681197],[126.9614501,37.4680734],[126.9618106,37.4680734]]}},
{"type":"Feature","id":251117760,"properties":{"type":"service","service":null,"tunnel":false,"tunnel_type":null},"geometry":{"type":"LineString","coordinates":[[126.9618106,37.4680734],[126.9617582,37.4681027],[126.9617243,37.4681394],[126.9617089,37.4681883],[126.9617274,37.4682739],[126.9618085,37.468427]]}},
{"type":"Feature","id":251117761,"properties":{"type":"service","service":null,"tunnel":false,"tunnel_type":null},"geometry":{"type":"LineString","coordinates":[[126.9618106,37.4680734],[126.9621402,37.4680758],[126.9621895,37.4681932],[126.9622388,37.4682397],[126.9623128,37.4682397],[126.962399,37.468203],[126.9625562,37.4680587],[126.9625254,37.4680318],[126.9625254,37.4678949],[126.9628119,37.4677848],[126.9628674,37.4678215]]}},
{"type":"Feature","id":251117762,"properties":{"type":"service","service":"parking_aisle","tunnel":false,"tunnel_type":null},"geometry":{"type":"LineString","coordinates":[[126.9592112,37.4683419],[126.9592392,37.4684615],[126.9592502,37.4685087],[126.9598603,37.4684353],[126.9598787,37.4685356]]}},
{"type":"Feature","id":251117812,"properties":{"type":"service","service":"parking_aisle","tunnel":false,"tunnel_type":null},"geometry":{"type":"LineString","coordinates":[[126.9600579,37.4656702],[126.9601042,37.4660947],[126.9601135,37.466305],[126.960796,37.466787]]}},
{"type":"Feature","id":251117813,"properties":{"type":"residential","service":null,"tunnel":false,"tunnel_type":null},"geometry":{"type":"LineString","coordinates":[[126.9596616,37.4655068],[126.9596757,37.4654453],[126.9597134,37.4653903],[126.95977,37.4653479],[126.9598404,37.4653214],[126.9599177,37.4653135],[126.9599942,37.4653249],[126.9600237,37.4653377],[126.9600626,37.4653546],[126.960116,37.4653995],[126.9601494,37.4654554],[126.9601593,37.4655167],[126.9601449,37.4655775],[126.9601102,37.465629],[126.9600579,37.4656702],[126.9599878,37.4656988],[126.95991,37.4657086],[126.9598322,37.4656985],[126.9597623,37.4656697],[126.9597072,37.465625],[126.9596725,37.4655688],[126.9596616,37.4655068]]}},
{"type":"Feature","id":251647189,"properties":{"type":"steps","service":null,"tunnel":false,"tunnel_type":null},"geometry":{"type":"LineString","coordinates":[[126.9504015,37.4608611],[126.9502461,37.4609718]]}},
{"type":"Feature","id":251647190,"properties":{"type":"steps","service":null,"tunnel":false,"tunnel_type":null},"geometry":{"type":"LineString","coordinates":[[126.9502914,37.4607771],[126.9501348,37.4608832]]}},
{"type":"Feature","id":251647191,"properties":{"type":"steps","service":null,"tunnel":false,"tunnel_type":null},"geometry":{"type":"LineString","coordinates":[[126.9501894,37.4606994],[126.9500349,37.4608037]]}},
{"type":"Feature","id":251713862,"properties":{"type":"footway","service":null,"tunnel":false,"tunnel_type":null},"geometry":{"type":"LineString","coordinates":[[126.9514326,37.4581211],[126.9515403,37.4583284]]}},
{"type":"Feature","id":251714017,"properties":{"type":"service","service":null,"tunnel":false,"tunnel_type":null},"geometry":{"type":"LineString","coordinates":[[126.9496183,37.4604721],[126.9499694,37.4602176]]}},
{"type":"Feature","id":251714018,"properties":{"type":"service","service":null,"tunnel":false,"tunnel_type":null},"geometry":{"type":"LineString","coordinates":[[126.9505694,37.4600824],[126.9507173,37.4601976],[126.9509691,37.4603937],[126.9511299,37.4605189]]}},
{"type":"Feature","id":252233240,"properties":{"type":"service","service":null,"tunnel":false,"tunnel_type":null},"geometry":{"type":"LineString","coordinates":[[126.9552501,37.4587547],[126.9552612,37.4587846],[126.9552588,37.4588157],[126.9552434,37.4588443],[126.9552284,37.458859],[126.9552073,37.4588723],[126.955171,37.4588838],[126.9551319,37.4588849],[126.9551069,37.4588799],[126.9550851,37.4588712],[126.9550684,37.4588607],[126.9550469,37.4588386],[126.9550349,37.4588124],[126.9550335,37.4587846],[126.9550427,37.4587577],[126.9550618,37.4587342],[126.955089,37.4587165],[126.9551216,37.4587062],[126.9551566,37.4587041],[126.9551946,37.458712],[126.9552271,37.4587295],[126.9552501,37.4587547]]}},
{"type":"Feature","id":252233241,"properties":{"type":"steps","service":null,"tunnel":false,"tunnel_type":null},"geometry":{"type":"LineString","coordinates":[[126.94901,37.4570338],[126.9490515,37.4568005]]}},
{"type":"Feature","id":252233242,"properties":{"type":"pedestrian","service":null,"tunnel":false,"tunnel_type":null},"geometry":{"type":"LineString","coordinates":[[126.9486745,37.4565012],[126.9487552,37.4565092],[126.9489315,37.4565133]]}},
{"type":"Feature","id":252233407,"properties":{"type":"service","service":null,"tunnel":false,"tunnel_type":null},"geometry":{"type":"LineString","coordinates":[[126.949893,37.4657763],[126.9498422,37.4658468],[126.9495831,37.4662067]]}},
{"type":"Feature","id":256125342,"properties":{"type":"trunk_link","service":null,"tunnel":false,"tunnel_type":null},"geometry":{"type":"LineString","coordinates":[[126.9519175,37.4693621],[126.9514995,37.4689355],[126.9511962,37.4685837],[126.9509474,37.4684078],[126.9506791,37.4682596],[126.9504108,37.4681115],[126.9500725,37.4679634],[126.9496027,37.4678007],[126.9492888,37.4677355],[126.9490892,37.4677004],[126.9489386,37.4677062],[126.9488006,37.4677114],[126.9487016,37.4677231],[126.9484144,37.4677572],[126.948122,37.46782],[126.9479959,37.4678657],[126.9478913,37.4679136],[126.9478217,37.4679606],[126.9477086,37.4680827],[126.9476653,37.4681992],[126.9476651,37.4683633],[126.947743,37.4685299],[126.9478524,37.4686459],[126.9488335,37.4693743]]}},
{"type":"Feature","id":256125343,"properties":{"type":"trunk_link","service":null,"tunnel":true,"tunnel_type":null},"geometry":{"type":"LineString","coordinates":[[126.9489342,37.4699109],[126.948446,37.469705]]}},
{"type":"Feature","id":256125346,"properties":{"type":"trunk_link","service":null,"tunnel":false,"tunnel_type":null},"geometry":{"type":"LineString","coordinates":[[126.9448801,37.4695246],[126.9450343,37.4693061],[126.9460608,37.4685346]]}},
{"type":"Feature","id":256125347,"properties":{"type":"trunk","service":null,"tunnel":true,"tunnel_type":null},"geometry":{"type":"LineString","coordinates":[[126.9074835,37.4379268],[126.9079733,37.4379512],[126.908667,37.4380282],[126.9099816,37.4382551],[126.9112602,37.438656],[126.9126204,37.4393274],[126.9144427,37.440573],[126.919755,37.4444926],[126.9250035,37.4483337],[126.9294758,37.4516417],[126.9353313,37.4559802],[126.9393556,37.4596561],[126.9429945,37.4637606],[126.9452824,37.4662333]]}},
{"type":"Feature","id":279274281,"properties":{"type":"residential","service":null,"tunnel":false,"tunnel_type":null},"geometry":{"type":"LineString","coordinates":[[126.9444085,37.4677622],[126.94463,37.4685902],[126.9446986,37.4688464],[126.9448002,37.469226],[126.9448114,37.469268]]}},
{"type":"Feature","id":279274282,"properties":{"type":"residential","service":null,"tunnel":false,"tunnel_type":null},"geometry":{"type":"LineString","coordinates":[[126.9413856,37.4706634],[126.9413927,37.4705988],[126.9414608,37.4699228],[126.9415782,37.4688339]]}},
{"type":"Feature","id":279274285,"properties":{"type":"residential","service":null,"tunnel":false,"tunnel_type":null},"geometry":{"type":"LineString","coordinates":[[126.9407473,37.4687574],[126.9415782,37.4688339],[126.942033,37.4688786],[126.9421049,37.4688861],[126.9424296,37.4688809],[126.9430379,37.468866],[126.9440183,37.4686962],[126.94463,37.4685902]]}},
{"type":"Feature","id":279274286,"properties":{"type":"residential","service":null,"tunnel":false,"tunnel_type":null},"geometry":{"type":"LineString","coordinates":[[126.9430379,37.468866],[126.9429719,37.4692326],[126.9428823,37.46973],[126.9428347,37.4699943],[126.9426303,37.4699836],[126.9414608,37.4699228]]}},
{"type":"Feature","id":279274287,"properties":{"type":"residential","service":null,"tunnel":false,"tunnel_type":null},"geometry":{"type":"LineString","coordinates":[[126.9376976,37.4691896],[126.9377502,37.4691923],[126.9383648,37.4692242],[126.9384209,37.4692271],[126.9388059,37.4692471],[126.9398396,37.4692936],[126.9404262,37.4693958],[126.9404534,37.4693977],[126.9404808,37.4693962],[126.9405075,37.4693913],[126.9405347,37.4693823],[126.9405596,37.4693698],[126.9405815,37.4693541],[126.9405996,37.4693356],[126.9406135,37.469315],[126.9406228,37.4692928],[126.9406496,37.4691776],[126.9407473,37.4687574]]}},
{"type":"Feature","id":279274288,"properties":{"type":"residential","service":null,"tunnel":false,"tunnel_type":null},"geometry":{"type":"LineString","coordinates":[[126.9407473,37.4687574],[126.9407603,37.4686826],[126.9404325,37.4686268],[126.9400214,37.4685224],[126.9396271,37.4684485],[126.9392647,37.4683806],[126.9390804,37.4683876],[126.938765,37.4683997],[126.9381383,37.468432],[126.9377005,37.4684546],[126.937648,37.4684573]]}},
{"type":"Feature","id":279275156,"properties":{"type":"residential","service":null,"tunnel":false,"tunnel_type":null},"geometry":{"type":"LineString","coordinates":[[126.9414608,37.4699228],[126.9402053,37.4697399],[126.9399788,37.4697063],[126.9398407,37.4696712],[126.9397648,37.4696401],[126.9393489,37.4694034],[126.9392711,37.4693609],[126.9391715,37.469321],[126.939083,37.4692912],[126.9389864,37.4692667],[126.9388872,37.4692518],[126.9388059,37.4692471]]}},
{"type":"Feature","id":279275159,"properties":{"type":"service","service":null,"tunnel":false,"tunnel_type":null},"geometry":{"type":"LineString","coordinates":[[126.9519997,37.4636126],[126.9518749,37.4639022],[126.9518093,37.4640634],[126.951771,37.4641204],[126.9517153,37.4641741],[126.9516296,37.4642252],[126.9514612,37.4643225],[126.9513774,37.4643806],[126.9513419,37.4644275],[126.9513278,37.4644844],[126.9513331,37.4645749],[126.9513421,37.464675],[126.9513535,37.4648096],[126.9513597,37.4648832],[126.9513754,37.4651433],[126.9513941,37.465324],[126.9514137,37.4655369]]}},
{"type":"Feature","id":279275160,"properties":{"type":"service","service":null,"tunnel":false,"tunnel_type":null},"geometry":{"type":"LineString","coordinates":[[126.9519635,37.463495],[126.9519614,37.4635456],[126.9519708,37.463578],[126.9519997,37.4636126],[126.9520486,37.4636275],[126.952107,37.4636254],[126.9521593,37.4636195],[126.9522075,37.4636094],[126.9522421,37.4635911],[126.9522592,37.4635607],[126.9522672,37.4635285],[126.9522639,37.4634955],[126.9522478,37.4634652],[126.9522156,37.4634412],[126.9521733,37.463421],[126.9521284,37.4634093],[126.9520855,37.4634045],[126.9520426,37.4634141],[126.9520023,37.4634364],[126.9519769,37.463462],[126.9519635,37.463495]]}},
{"type":"Feature","id":279953014,"properties":{"type":"service","service":null,"tunnel":false,"tunnel_type":null},"geometry":{"type":"LineString","coordinates":[[126.9430379,37.468866],[126.9429703,37.4685992],[126.942716,37.468639],[126.9424348,37.4687243],[126.9424296,37.4688809]]}},
{"type":"Feature","id":279953016,"properties":{"type":"residential","service":null,"tunnel":false,"tunnel_type":null},"geometry":{"type":"LineString","coordinates":[[126.9426036,37.4697557],[126.9424294,37.4697717],[126.9420705,37.4697975],[126.9416274,37.4698356],[126.9414608,37.4699228]]}},
{"type":"Feature","id":279953017,"properties":{"type":"residential","service":null,"tunnel":false,"tunnel_type":null},"geometry":{"type":"LineString","coordinates":[[126.9426303,37.4699836],[126.9426036,37.4697557]]}},
{"type":"Feature","id":279953018,"properties":{"type":"residential","service":null,"tunnel":false,"tunnel_type":null},"geometry":{"type":"LineString","coordinates":[[126.9420705,37.4697975],[126.9421007,37.4689969],[126.9421049,37.4688861]]}},
{"type":"Feature","id":279953019,"properties":{"type":"residential","service":null,"tunnel":false,"tunnel_type":null},"geometry":{"type":"LineString","coordinates":[[126.9420298,37.4678068],[126.9422953,37.46776],[126.9423758,37.4675961],[126.9423221,37.4673108]]}},
{"type":"Feature","id":279953020,"properties":{"type":"service","service":null,"tunnel":false,"tunnel_type":null},"geometry":{"type":"LineString","coordinates":[[126.9416274,37.4698356],[126.9417911,37.4693672],[126.9421007,37.4689969]]}},
{"type":"Feature","id":279953021,"properties":{"type":"service","service":null,"tunnel":false,"tunnel_type":null},"geometry":{"type":"LineString","coordinates":[[126.9427596,37.4697413],[126.9426977,37.4693758],[126.9428237,37.4692693],[126.9429719,37.4692326]]}},
{"type":"Feature","id":279953024,"properties":{"type":"service","service":null,"tunnel":false,"tunnel_type":null},"geometry":{"type":"LineString","coordinates":[[126.9402053,37.4697399],[126.9402139,37.4696227],[126.9404821,37.4696333],[126.9405626,37.4696227],[126.9406458,37.4695993],[126.9408429,37.4695008],[126.9409033,37.4694455],[126.9409435,37.4693784],[126.9409757,37.4692182]]}},
{"type":"Feature","id":279953025,"properties":{"type":"service","service":null,"tunnel":false,"tunnel_type":null},"geometry":{"type":"LineString","coordinates":[[126.9409033,37.4694455],[126.9405596,37.4693698]]}},
{"type":"Feature","id":279953028,"properties":{"type":"service","service":null,"tunnel":false,"tunnel_type":null},"geometry":{"type":"LineString","coordinates":[[126.9408852,37.4706121],[126.9408937,37.4705633],[126.9409529,37.470223],[126.940344,37.4701443]]}},
{"type":"Feature","id":279953030,"properties":{"type":"residential","service":null,"tunnel":false,"tunnel_type":null},"geometry":{"type":"LineString","coordinates":[[126.9400214,37.4685224],[126.9402045,37.4680058]]}},
{"type":"Feature","id":279953070,"properties":{"type":"residential","service":null,"tunnel":false,"tunnel_type":null},"geometry":{"type":"LineString","coordinates":[[126.9400892,37.4645347],[126.9396951,37.4643309],[126.9396518,37.4643085]]}},
{"type":"Feature","id":279953082,"properties":{"type":"residential","service":null,"tunnel":false,"tunnel_type":null},"geometry":{"type":"LineString","coordinates":[[126.9393233,37.4652963],[126.940057,37.4657333]]}},
{"type":"Feature","id":279953083,"properties":{"type":"residential","service":null,"tunnel":false,"tunnel_type":null},"geometry":{"type":"LineString","coordinates":[[126.9394748,37.4651456],[126.9399286,37.4654148],[126.9401589,37.4655481]]}},
{"type":"Feature","id":279953084,"properties":{"type":"residential","service":null,"tunnel":false,"tunnel_type":null},"geometry":{"type":"LineString","coordinates":[[126.9398404,37.4647821],[126.9400173,37.464889],[126.9402268,37.4650157],[126.9403057,37.4650669],[126.9401126,37.4652436],[126.9400367,37.4653328],[126.9399286,37.4654148]]}},
{"type":"Feature","id":279953085,"properties":{"type":"residential","service":null,"tunnel":false,"tunnel_type":null},"geometry":{"type":"LineString","coordinates":[[126.9396732,37.4649484],[126.9398639,37.4650584],[126.9400173,37.464889]]}},
{"type":"Feature","id":279953086,"properties":{"type":"residential","service":null,"tunnel":false,"tunnel_type":null},"geometry":{"type":"LineString","coordinates":[[126.9402268,37.4650157],[126.940454,37.4646986],[126.9400892,37.4645347]]}},
{"type":"Feature","id":283884337,"properties":{"type":"service","service":null,"tunnel":false,"tunnel_type":null},"geometry":{"type":"LineString","coordinates":[[126.9641335,37.4736174],[126.9641984,37.4735863],[126.9642471,37.4730594],[126.9642977,37.4727577],[126.9643566,37.4720888]]}},
{"type":"Feature","id":283884341,"properties":{"type":"service","service":null,"tunnel":false,"tunnel_type":null},"geometry":{"type":"LineString","coordinates":[[126.9642977,37.4727577],[126.9647513,37.4728192]]}},
{"type":"Feature","id":283884342,"properties":{"type":"service","service":null,"tunnel":false,"tunnel_type":null},"geometry":{"type":"LineString","coordinates":[[126.9645256,37.4740428],[126.9644994,37.4740143],[126.9641335,37.4736174],[126.9636324,37.4730738],[126.9634233,37.472847],[126.9631282,37.4723932]]}},
{"type":"Feature","id":283884343,"properties":{"type":"service","service":null,"tunnel":false,"tunnel_type":null},"geometry":{"type":"LineString","coordinates":[[126.9642471,37.4730594],[126.9637489,37.4725039]]}},
{"type":"Feature","id":283884345,"properties":{"type":"service","service":null,"tunnel":false,"tunnel_type":null},"geometry":{"type":"LineString","coordinates":[[126.9646137,37.4740322],[126.9646128,37.4739897],[126.9647513,37.4728192],[126.9649038,37.471895]]}},
{"type":"Feature","id":283884392,"properties":{"type":"service","service":null,"tunnel":false,"tunnel_type":null},"geometry":{"type":"LineString","coordinates":[[126.9632582,37.4732977],[126.9641082,37.4742051],[126.9641855,37.474349]]}},
{"type":"Feature","id":283884405,"properties":{"type":"service","service":null,"tunnel":false,"tunnel_type":null},"geometry":{"type":"LineString","coordinates":[[126.9619378,37.4728579],[126.9622409,37.4728525],[126.9634233,37.472847]]}},
{"type":"Feature","id":283884407,"properties":{"type":"residential","service":null,"tunnel":false,"tunnel_type":null},"geometry":{"type":"LineString","coordinates":[[126.9620011,37.4744617],[126.9617197,37.4739455],[126.9612989,37.4731723]]}},
{"type":"Feature","id":283884408,"properties":{"type":"service","service":null,"tunnel":false,"tunnel_type":null},"geometry":{"type":"LineString","coordinates":[[126.9636324,37.4730738],[126.9632582,37.4732977],[126.9628751,37.4735269],[126.9624776,37.4737647]]}},
{"type":"Feature","id":289734366,"properties":{"type":"service","service":"alley","tunnel":false,"tunnel_type":null},"geometry":{"type":"LineString","coordinates":[[126.9647804,37.470654],[126.9650952,37.4706276]]}},
{"type":"Feature","id":300587332,"properties":{"type":"footway","service":null,"tunnel":false,"tunnel_type":null},"geometry":{"type":"LineString","coordinates":[[126.9565146,37.4614372],[126.9566696,37.4614971],[126.9568662,37.4614977],[126.956888,37.4614671],[126.9570067,37.461328],[126.9571052,37.4612828],[126.9572832,37.4612493],[126.9574007,37.4611308],[126.9574389,37.4608887],[126.9574036,37.4608227],[126.957344,37.460711]]}},
{"type":"Feature","id":300587333,"properties":{"type":"footway","service":null,"tunnel":false,"tunnel_type":null},"geometry":{"type":"LineString","coordinates":[[126.9572832,37.4612493],[126.9573463,37.4612832],[126.9574379,37.4612955],[126.9575319,37.4613226],[126.9575979,37.46136]]}},
{"type":"Feature","id":300587334,"properties":{"type":"footway","service":null,"tunnel":false,"tunnel_type":null},"geometry":{"type":"LineString","coordinates":[[126.9574007,37.4611308],[126.957621,37.4612958],[126.9575979,37.46136],[126.9576671,37.4613774]]}},
{"type":"Feature","id":300587511,"properties":{"type":"steps","service":null,"tunnel":false,"tunnel_type":null},"geometry":{"type":"LineString","coordinates":[[126.953198,37.4590734],[126.9534088,37.4588771]]}},
{"type":"Feature","id":300587782,"properties":{"type":"footway","service":null,"tunnel":false,"tunnel_type":null},"geometry":{"type":"LineString","coordinates":[[126.9499887,37.4638032],[126.9501726,37.4638415],[126.9502696,37.4638692],[126.9503364,37.4638958],[126.9504296,37.4639357],[126.9505242,37.4639834],[126.9505972,37.4640227],[126.9506777,37.4640753],[126.9507779,37.4641523],[126.9508983,37.4642646],[126.9510016,37.4643842],[126.9511239,37.4645733],[126.9512151,37.4645834]]}},
{"type":"Feature","id":300587783,"properties":{"type":"footway","service":null,"tunnel":false,"tunnel_type":null},"geometry":{"type":"LineString","coordinates":[[126.9519943,37.4633699],[126.9519313,37.4634157],[126.9518944,37.4634641],[126.951883,37.46352],[126.9518803,37.4635732],[126.9518897,37.4636014],[126.9519024,37.4636296],[126.9518709,37.4637401],[126.9517945,37.4639362],[126.9517459,37.464032],[126.9517036,37.4640948],[126.951655,37.4641473],[126.951603,37.4641845],[126.9515434,37.464221],[126.9514346,37.4642668],[126.951385,37.4642887],[126.9513213,37.4643285],[126.9512544,37.4643821],[126.9512246,37.4644178],[126.9512208,37.4644394],[126.9512135,37.4644866],[126.9512151,37.4645834],[126.9512802,37.4651982],[126.9513023,37.4654393],[126.9513305,37.4657325],[126.9513284,37.4657722],[126.9513217,37.4658038],[126.951305,37.4658296],[126.9512815,37.4658533],[126.9512547,37.4658685],[126.9512212,37.4658791],[126.9511776,37.4658818],[126.9509395,37.4658767],[126.9508483,37.4658725],[126.9507712,37.4658634],[126.9506565,37.4658491],[126.9505781,37.465839],[126.9504717,37.4658217],[126.9504242,37.4658139],[126.9502348,37.4657807],[126.949759,37.4656867],[126.9495183,37.465638],[126.9494908,37.4656243],[126.9494603,37.4655862],[126.9490799,37.4650073],[126.9490097,37.4648921],[126.9489252,37.4647298],[126.9488406,37.4645436]]}},
{"type":"Feature","id":300590318,"properties":{"type":"steps","service":null,"tunnel":false,"tunnel_type":null},"geometry":{"type":"LineString","coordinates":[[126.9507227,37.4588961],[126.9502774,37.4590792]]}},
{"type":"Feature","id":300590320,"properties":{"type":"pedestrian","service":null,"tunnel":false,"tunnel_type":null},"geometry":{"type":"LineString","coordinates":[[126.9499877,37.4591665],[126.9502774,37.4590792],[126.9503552,37.459241],[126.9500637,37.4593346]]}},
{"type":"Feature","id":309148833,"properties":{"type":"pedestrian","service":null,"tunnel":false,"tunnel_type":null},"geometry":{"type":"LineString","coordinates":[[126.9546367,37.4597252],[126.9547748,37.4598815]]}},
{"type":"Feature","id":310021252,"properties":{"type":"service","service":null,"tunnel":false,"tunnel_type":null},"geometry":{"type":"LineString","coordinates":[[126.9611892,37.4681197],[126.9613232,37.467971],[126.9614935,37.4678877],[126.9616732,37.4678105],[126.9623325,37.4677238],[126.9625032,37.4676938],[126.9627669,37.4675581],[126.9630677,37.4674142]]}},
{"type":"Feature","id":312014075,"properties":{"type":"path","service":null,"tunnel":false,"tunnel_type":null},"geometry":{"type":"LineString","coordinates":[[126.9631282,37.4723932],[126.9633213,37.472276],[126.9634742,37.4722334],[126.9635332,37.4721823],[126.9635776,37.4720687],[126.9635385,37.4719907],[126.9635167,37.4718943],[126.9634457,37.4717678],[126.9634089,37.4717022],[126.9633864,37.471384],[126.9632918,37.470986],[126.96315,37.4706261],[126.9629256,37.4700918],[126.9628261,37.4698736],[126.9626975,37.4696182]]}},
{"type":"Feature","id":320669166,"properties":{"type":"service","service":null,"tunnel":false,"tunnel_type":null},"geometry":{"type":"LineString","coordinates":[[126.9496867,37.4555526],[126.9497748,37.4552535]]}},
{"type":"Feature","id":337498785,"properties":{"type":"steps","service":null,"tunnel":false,"tunnel_type":null},"geometry":{"type":"LineString","coordinates":[[126.9641853,37.4445946],[126.963847,37.4444291],[126.963812,37.444175]]}},
{"type":"Feature","id":337498786,"properties":{"type":"path","service":null,"tunnel":false,"tunnel_type":null},"geometry":{"type":"LineString","coordinates":[[126.9622283,37.4427106],[126.9621786,37.4427271],[126.9620137,37.4427702],[126.9618984,37.4427553],[126.9616972,37.4427394],[126.9616154,37.4427633],[126.9615161,37.4428155],[126.9614451,37.4428405],[126.961232,37.442816],[126.9610843,37.4428197],[126.9609877,37.4428261],[126.9610857,37.4429863],[126.9609899,37.4431292],[126.9608389,37.4431993],[126.9605894,37.4432728],[126.9604185,37.4433977],[126.9600289,37.4434229],[126.9597673,37.4434581],[126.9596148,37.4434627],[126.9595943,37.443665],[126.9594531,37.4438189],[126.9593784,37.4438755],[126.9592759,37.4440135],[126.9591468,37.4440382],[126.9590552,37.4440906],[126.958972,37.4442004],[126.9589265,37.4443558],[126.9588394,37.4443751],[126.9587964,37.444525],[126.958739,37.444612],[126.958479,37.4447684],[126.9584752,37.4448123],[126.9582929,37.4448556],[126.9582179,37.4450134],[126.9579043,37.4450588],[126.9578293,37.4451184],[126.9576832,37.4451225],[126.9575455,37.4451846],[126.9574984,37.445132],[126.9573362,37.4451085],[126.9569993,37.445262],[126.9565983,37.4452682]]}},
{"type":"Feature","id":337498787,"properties":{"type":"steps","service":null,"tunnel":false,"tunnel_type":null},"geometry":{"type":"LineString","coordinates":[[126.9646956,37.4448264],[126.9644011,37.4449652],[126.9641628,37.4449609]]}},
{"type":"Feature","id":337498788,"properties":{"type":"path","service":null,"tunnel":false,"tunnel_type":null},"geometry":{"type":"LineString","coordinates":[[126.9652188,37.445905],[126.9651599,37.4458421],[126.9651204,37.445817],[126.9650739,37.4458262],[126.965047,37.4458008],[126.9650012,37.4458049],[126.9649836,37.4457585],[126.9649235,37.4457452],[126.9649129,37.4458003],[126.9648793,37.445814],[126.9648108,37.4457987],[126.9648084,37.4457327],[126.9647692,37.4457201],[126.9647305,37.4457475],[126.9646677,37.4457742],[126.9646443,37.4457812],[126.9646393,37.4457277],[126.9646373,37.4456519],[126.9646231,37.4456153],[126.9645478,37.4456006],[126.9645194,37.4455309],[126.9645211,37.4455051],[126.9644963,37.4454888],[126.9645078,37.4454665],[126.9644384,37.4454786],[126.9644443,37.4454544],[126.9644447,37.4454142],[126.9644298,37.4453984],[126.9644073,37.4454045],[126.9644102,37.4454574],[126.9643506,37.445427],[126.9642934,37.4454174],[126.9642857,37.4454008],[126.9643346,37.4453985],[126.9643315,37.4453643],[126.9642929,37.4453472],[126.9642727,37.4453499],[126.9642484,37.4453197],[126.9642584,37.4452722],[126.9642427,37.4452121]]}},
{"type":"Feature","id":337498789,"properties":{"type":"path","service":null,"tunnel":false,"tunnel_type":null},"geometry":{"type":"LineString","coordinates":[[126.9642427,37.4452121],[126.9642346,37.4450861],[126.9641628,37.4449609],[126.9641194,37.4449084],[126.9641086,37.4448542],[126.9641235,37.4447614],[126.9641299,37.4446834],[126.9641627,37.4446443],[126.9641937,37.4446176],[126.9641853,37.4445946]]}},
{"type":"Feature","id":337498790,"properties":{"type":"path","service":null,"tunnel":false,"tunnel_type":null},"geometry":{"type":"LineString","coordinates":[[126.9647127,37.4418109],[126.9646711,37.4418928],[126.9647127,37.4419711],[126.9646577,37.4419913],[126.9646282,37.4420653],[126.9644263,37.4420888],[126.9643056,37.4420834],[126.9641916,37.4421364],[126.964216,37.4422162],[126.9642626,37.4422396],[126.9642633,37.4422841],[126.9642915,37.4423598],[126.9643063,37.4423768],[126.9643137,37.4424021],[126.9643263,37.4424202],[126.9643256,37.4424355],[126.9643242,37.4424605],[126.964332,37.4424963],[126.9643252,37.4425222],[126.9643172,37.4425471],[126.9643222,37.4425946],[126.9643175,37.4426396],[126.9642778,37.4427066],[126.9642885,37.4427332],[126.9642833,37.4427686],[126.9642519,37.4427849],[126.9642397,37.4428423],[126.9642174,37.4429492],[126.9642292,37.4429896],[126.9642078,37.4430239],[126.9642256,37.4430406],[126.9642165,37.4430625],[126.9641984,37.4430612],[126.9642067,37.4430764],[126.964195,37.4431051],[126.9641595,37.4431205],[126.964129,37.4431434],[126.9641289,37.4431778],[126.9641166,37.4432257],[126.9641267,37.4432471],[126.9641284,37.443269],[126.9641342,37.4433015],[126.9641246,37.4433326],[126.9641131,37.443368],[126.964129,37.4434203],[126.9641243,37.4434652],[126.9641412,37.4435001],[126.9641568,37.4435103],[126.9641555,37.4435274],[126.9641752,37.4435696],[126.9641556,37.4436572],[126.9641509,37.4436937],[126.9641663,37.4437055],[126.9641787,37.4437213],[126.964175,37.4437448],[126.9641939,37.4437515],[126.9641911,37.4437674],[126.9642039,37.4437903],[126.9642162,37.4438083],[126.964256,37.4438488],[126.9642914,37.4438917],[126.9643512,37.4439298],[126.9643985,37.4439875],[126.964399,37.444034],[126.9644204,37.4440316],[126.9644541,37.4440813],[126.9644634,37.4441563]]}},
{"type":"Feature","id":347806724,"properties":{"type":"service","service":null,"tunnel":false,"tunnel_type":null},"geometry":{"type":"LineString","coordinates":[[126.9493826,37.4565504],[126.949399,37.4564938],[126.94954,37.4560095]]}},
{"type":"Feature","id":347806726,"properties":{"type":"service","service":null,"tunnel":false,"tunnel_type":null},"geometry":{"type":"LineString","coordinates":[[126.9498075,37.4568188],[126.9498401,37.456612]]}},
{"type":"Feature","id":347806727,"properties":{"type":"service","service":null,"tunnel":false,"tunnel_type":null},"geometry":{"type":"LineString","coordinates":[[126.950336,37.4559729],[126.9503231,37.4561247]]}},
{"type":"Feature","id":356686070,"properties":{"type":"service","service":null,"tunnel":false,"tunnel_type":null},"geometry":{"type":"LineString","coordinates":[[126.9636605,37.4743792],[126.9636332,37.474333],[126.9628751,37.4735269],[126.9622984,37.4729137],[126.9622409,37.4728525]]}},
{"type":"Feature","id":356686073,"properties":{"type":"path","service":null,"tunnel":false,"tunnel_type":null},"geometry":{"type":"LineString","coordinates":[[126.9658655,37.4552376],[126.9657192,37.4552016],[126.9656199,37.4551782],[126.9654858,37.4552378],[126.9652659,37.455438],[126.9651639,37.4554891],[126.9649789,37.4555295],[126.9647482,37.4555444],[126.9646543,37.4555487],[126.9645417,37.4555189],[126.9643807,37.4554635],[126.9641876,37.4553485],[126.9640321,37.4552101],[126.9638389,37.4551484],[126.963737,37.4551292],[126.9635412,37.4551527],[126.9631845,37.4552059],[126.9627929,37.4552953],[126.9624227,37.4553805],[126.9622162,37.4554763],[126.9619051,37.4556317],[126.9618085,37.4556466],[126.96172,37.4556445],[126.9615912,37.4555913],[126.9615054,37.4555849],[126.9613042,37.4555977],[126.9611326,37.4556126],[126.9609153,37.4556594],[126.9608,37.4557148],[126.9607115,37.4558021],[126.9605747,37.4559341],[126.9605023,37.4561938],[126.9604433,37.4563237],[126.9603547,37.4563812],[126.9601777,37.4564557],[126.9598076,37.4566133],[126.9597432,37.4566857],[126.9597056,37.4567432],[126.9596949,37.4568347],[126.9597137,37.4570178],[126.9597539,37.4574713],[126.9597647,37.4575863],[126.9596949,37.4577098],[126.9596305,37.4577375],[126.9595286,37.4577524],[126.9594106,37.4577822],[126.9593677,37.4578226],[126.9593462,37.4579546],[126.9593435,37.4581825],[126.9593221,37.4585274],[126.9593328,37.4586381],[126.9592577,37.4587105],[126.9592041,37.4587658],[126.9591182,37.4587807],[126.9589144,37.4588127],[126.9588178,37.458834],[126.9587535,37.4588744],[126.9586784,37.4589553],[126.9585335,37.4590235],[126.9584705,37.4591438],[126.9584678,37.4592375],[126.9584383,37.4594131],[126.9584329,37.4594536],[126.9585335,37.4595227],[126.9586502,37.4595728],[126.9586985,37.4596249],[126.9588634,37.4597229],[126.9589278,37.4598581],[126.9589708,37.4599049],[126.958968,37.4599603],[126.9589827,37.4599901],[126.958944,37.4600582],[126.9590163,37.4601178],[126.9591236,37.4601817],[126.9592416,37.46012],[126.9593087,37.4601083],[126.9593167,37.4602009],[126.9593851,37.4602583],[126.9593959,37.4603542],[126.9594629,37.460352],[126.9594991,37.460368],[126.9595366,37.4603946],[126.9595701,37.4604356],[126.9595889,37.4604585],[126.9595608,37.4605617],[126.9595689,37.4607012],[126.9595394,37.4607948],[126.9595353,37.4609981],[126.959644,37.4610802],[126.9597459,37.4611813],[126.9598116,37.4612164],[126.9599551,37.4612122],[126.9601094,37.4612356],[126.9597915,37.4614506],[126.9597432,37.4615336],[126.9597352,37.4616209],[126.9597405,37.4617167],[126.9597915,37.4617721],[126.960057,37.461936],[126.9601214,37.4619658],[126.9601965,37.4620595],[126.9602877,37.4623235],[126.9604218,37.4624183],[126.9605934,37.4624747],[126.9607086,37.4625001],[126.9607463,37.462529],[126.9607825,37.4625492],[126.9608442,37.4626663],[126.9608966,37.4626588],[126.9609208,37.4627248],[126.9609354,37.4627961],[126.9608858,37.4629186],[126.9608388,37.4630175],[126.9608805,37.4631049],[126.9608764,37.4631283],[126.9608939,37.4631559],[126.9609158,37.4631573],[126.9609784,37.4631613],[126.960977,37.4631932],[126.9609368,37.4632837],[126.960922,37.4638149],[126.9609851,37.4639714],[126.9610199,37.4639809],[126.9611473,37.4640075],[126.961209,37.4640363],[126.9612654,37.4640597],[126.9613794,37.4641779],[126.9615751,37.4641842],[126.9617844,37.4643301],[126.9618851,37.4643366],[126.9619668,37.4643418],[126.9620754,37.4643578],[126.9621518,37.4644057],[126.9621786,37.4644355],[126.9622084,37.4644812],[126.9622618,37.4645632],[126.9623651,37.4647559],[126.9624373,37.4648798]]}},
{"type":"Feature","id":356686074,"properties":{"type":"path","service":null,"tunnel":false,"tunnel_type":null},"geometry":{"type":"LineString","coordinates":[[126.9684725,37.4660855],[126.968447,37.4658469],[126.9684336,37.465732],[126.9684094,37.4656532],[126.968388,37.465385],[126.9684041,37.4652232],[126.9684523,37.4651423],[126.9684657,37.4650294],[126.9684523,37.4648559],[126.9684389,37.4647527],[126.9683531,37.4646058],[126.9682914,37.4644823],[126.9682954,37.4643035],[126.9683652,37.4642151],[126.9684121,37.4636477],[126.9687755,37.4632805],[126.9689365,37.4632496],[126.9691162,37.4630548],[126.9691604,37.4629473],[126.969257,37.4628526],[126.9693536,37.4627003],[126.9694113,37.4625598],[126.9694796,37.4624619],[126.9694622,37.4623874],[126.9693241,37.4621234],[126.9691504,37.461966],[126.9690927,37.4618562],[126.9691048,37.4617657],[126.9691169,37.461688],[126.9691638,37.4616242],[126.9690942,37.4614075],[126.9690783,37.4611454],[126.9690228,37.4608767],[126.9690529,37.4607257],[126.9688853,37.4605173],[126.9688791,37.4604245],[126.9690094,37.4602401],[126.9689482,37.4600316],[126.9689811,37.4598261],[126.9689253,37.4597133],[126.9689515,37.4594128]]}},
{"type":"Feature","id":356701920,"properties":{"type":"steps","service":null,"tunnel":false,"tunnel_type":null},"geometry":{"type":"LineString","coordinates":[[126.9536952,37.4495168],[126.9538236,37.4494692],[126.9539897,37.4493927]]}},
{"type":"Feature","id":356701921,"properties":{"type":"service","service":null,"tunnel":false,"tunnel_type":null},"geometry":{"type":"LineString","coordinates":[[126.9519856,37.4504445],[126.9520479,37.4504883],[126.9521104,37.4505154],[126.9522786,37.4505884],[126.9524619,37.4505817],[126.9526832,37.4505735],[126.9530529,37.450855],[126.9533639,37.4509452],[126.9534889,37.4509105],[126.9535108,37.4507153],[126.9533863,37.4506172],[126.953329,37.4504909],[126.9534669,37.4503486],[126.953531,37.4501315],[126.953504,37.4497333],[126.9536607,37.4496072],[126.9536952,37.4495168],[126.9536538,37.4494239]]}},
{"type":"Feature","id":356701922,"properties":{"type":"path","service":null,"tunnel":false,"tunnel_type":null},"geometry":{"type":"LineString","coordinates":[[126.9641299,37.4446834],[126.9640133,37.4447273],[126.9639194,37.4448018],[126.9638362,37.4449083],[126.9635476,37.4450823],[126.9631816,37.4453619],[126.9630986,37.4454215],[126.9630678,37.445529],[126.9629585,37.4455923],[126.9628331,37.4455961],[126.9627553,37.4455578],[126.9626114,37.4455375],[126.9625575,37.4455072],[126.9625019,37.4455418],[126.9624113,37.4456452],[126.9621759,37.44574],[126.9620884,37.4458373],[126.9620133,37.4460225],[126.961944,37.4460763],[126.9618548,37.4461705],[126.9617667,37.4462157],[126.9616194,37.4462509],[126.961496,37.4462467],[126.9613373,37.4463357],[126.9612023,37.4463169],[126.9610682,37.4463521],[126.9609241,37.4464205],[126.9607606,37.4465014],[126.9604728,37.4465842],[126.9603847,37.4466656],[126.9602501,37.4467439],[126.9601942,37.4468619],[126.9599458,37.4471652],[126.9598773,37.4472571],[126.95977,37.4473614],[126.9596466,37.4474104],[126.9594727,37.4474467],[126.9591744,37.4476336],[126.9589856,37.447761],[126.9588929,37.4478193],[126.9587107,37.4478787],[126.9584653,37.4479654],[126.9580293,37.4483516],[126.9578442,37.4485156],[126.957694,37.4485582],[126.9575211,37.4486232],[126.9573319,37.4485156],[126.9572122,37.4484829],[126.9568886,37.4485617],[126.9567364,37.448637],[126.9565292,37.4486494],[126.9563234,37.4487328],[126.9560759,37.4488581],[126.9559801,37.4489479],[126.9557155,37.4490693],[126.9553685,37.4491203],[126.9552498,37.449129],[126.9549011,37.4491178],[126.9546426,37.4491579],[126.9543663,37.4492963],[126.9540225,37.4493957],[126.9539897,37.4493927],[126.9539201,37.4492438],[126.9537659,37.4490713],[126.95379,37.4489755],[126.953763,37.4489166],[126.9537789,37.4488532],[126.9537082,37.4487807],[126.9536674,37.4486994],[126.9535949,37.4486476],[126.9534897,37.4485272],[126.9534454,37.4483836],[126.9533712,37.4483125],[126.9532683,37.4481791],[126.9531544,37.4479534],[126.9529748,37.4477405],[126.952868,37.4475694],[126.9526729,37.4474466],[126.9525977,37.4473969],[126.952469,37.4473572],[126.9523403,37.4473125],[126.9522974,37.4472294],[126.952284,37.4471357],[126.9522437,37.4470889],[126.9521499,37.447091],[126.9520479,37.4471187],[126.952064,37.4471911],[126.9520587,37.447338],[126.9520828,37.4475361],[126.952174,37.4477873],[126.9522423,37.4479732]]}},
{"type":"Feature","id":361033658,"properties":{"type":"footway","service":null,"tunnel":false,"tunnel_type":null},"geometry":{"type":"LineString","coordinates":[[126.948965,37.4637066],[126.9490674,37.4636294]]}},
{"type":"Feature","id":361033659,"properties":{"type":"steps","service":null,"tunnel":false,"tunnel_type":null},"geometry":{"type":"LineString","coordinates":[[126.9504477,37.4630266],[126.9505728,37.4631321]]}},
{"type":"Feature","id":361033660,"properties":{"type":"footway","service":null,"tunnel":false,"tunnel_type":null},"geometry":{"type":"LineString","coordinates":[[126.9506238,37.4637874],[126.950714,37.4638581],[126.950856,37.464082],[126.9510079,37.4643157],[126.951081,37.4643871],[126.951147,37.4644163],[126.9512208,37.4644394]]}},
{"type":"Feature","id":377154954,"properties":{"type":"pedestrian","service":null,"tunnel":false,"tunnel_type":null},"geometry":{"type":"LineString","coordinates":[[126.9490515,37.4568005],[126.9490907,37.4565225]]}},
{"type":"Feature","id":377154956,"properties":{"type":"steps","service":null,"tunnel":false,"tunnel_type":null},"geometry":{"type":"LineString","coordinates":[[126.9488818,37.4566674],[126.9489888,37.4566704]]}},
{"type":"Feature","id":383385114,"properties":{"type":"track","service":null,"tunnel":false,"tunnel_type":null},"geometry":{"type":"LineString","coordinates":[[126.9484771,37.4651172],[126.9484296,37.4649507],[126.948321,37.4644472],[126.9483465,37.464199],[126.9485699,37.4633654],[126.9487528,37.4631261],[126.9488615,37.4630378],[126.9489627,37.4629962]]}},
{"type":"Feature","id":383388140,"properties":{"type":"steps","service":null,"tunnel":false,"tunnel_type":null},"geometry":{"type":"LineString","coordinates":[[126.9522687,37.4572314],[126.9524688,37.4572187]]}},
{"type":"Feature","id":383388141,"properties":{"type":"service","service":null,"tunnel":false,"tunnel_type":null},"geometry":{"type":"LineString","coordinates":[[126.9522847,37.4560203],[126.9523292,37.4560155],[126.9523841,37.4560363],[126.9524605,37.4560977],[126.9525589,37.45618],[126.9525385,37.4564846]]}},
{"type":"Feature","id":385997487,"properties":{"type":"service","service":null,"tunnel":false,"tunnel_type":null},"geometry":{"type":"LineString","coordinates":[[126.9531841,37.4660791],[126.9527277,37.4670685],[126.9528511,37.4671302],[126.9529289,37.4671941],[126.9529423,37.4672984],[126.9525534,37.4680755],[126.9524649,37.4680925],[126.952262,37.4680287],[126.9515746,37.4678125],[126.9512113,37.4676983]]}},
{"type":"Feature","id":385997491,"properties":{"type":"service","service":null,"tunnel":false,"tunnel_type":null},"geometry":{"type":"LineString","coordinates":[[126.9546848,37.4572504],[126.9547908,37.4573287],[126.9547791,37.4573472],[126.9545433,37.4575493],[126.9544966,37.4575418],[126.9544072,37.457484]]}},
{"type":"Feature","id":385997493,"properties":{"type":"service","service":null,"tunnel":false,"tunnel_type":null},"geometry":{"type":"LineString","coordinates":[[126.9543378,37.4575474],[126.9542934,37.4576234],[126.9540132,37.4579385]]}},
{"type":"Feature","id":385997496,"properties":{"type":"footway","service":null,"tunnel":false,"tunnel_type":null},"geometry":{"type":"LineString","coordinates":[[126.9547908,37.4573287],[126.9549963,37.4573566],[126.9551532,37.457248]]}},
{"type":"Feature","id":386803742,"properties":{"type":"steps","service":null,"tunnel":false,"tunnel_type":null},"geometry":{"type":"LineString","coordinates":[[126.9524296,37.4564724],[126.9525385,37.4564846]]}},
{"type":"Feature","id":386814646,"properties":{"type":"residential","service":null,"tunnel":false,"tunnel_type":null},"geometry":{"type":"LineString","coordinates":[[126.951008,37.455228],[126.9510764,37.4547396],[126.9510945,37.4546082],[126.9511401,37.4542777],[126.9515883,37.4543129]]}},
{"type":"Feature","id":386814647,"properties":{"type":"residential","service":null,"tunnel":false,"tunnel_type":null},"geometry":{"type":"LineString","coordinates":[[126.9489558,37.4582495],[126.9482834,37.4581554],[126.9480412,37.458109],[126.9481456,37.4575652],[126.9482041,37.4572967]]}},
{"type":"Feature","id":389628250,"properties":{"type":"pedestrian","service":null,"tunnel":false,"tunnel_type":null},"geometry":{"type":"LineString","coordinates":[[126.9494783,37.4565595],[126.9493826,37.4565504],[126.9492951,37.4565386],[126.9490907,37.4565225],[126.9489315,37.4565133]]}},
{"type":"Feature","id":389628251,"properties":{"type":"footway","service":null,"tunnel":false,"tunnel_type":null},"geometry":{"type":"LineString","coordinates":[[126.9495134,37.4564549],[126.9494783,37.4565595],[126.9493313,37.4570332]]}},
{"type":"Feature","id":389628252,"properties":{"type":"pedestrian","service":null,"tunnel":false,"tunnel_type":null},"geometry":{"type":"LineString","coordinates":[[126.9495601,37.4562955],[126.9496338,37.45624]]}},
{"type":"Feature","id":389628253,"properties":{"type":"footway","service":null,"tunnel":false,"tunnel_type":null},"geometry":{"type":"LineString","coordinates":[[126.9496179,37.4560176],[126.9497586,37.455567]]}},
{"type":"Feature","id":389629035,"properties":{"type":"footway","service":null,"tunnel":false,"tunnel_type":null},"geometry":{"type":"LineString","coordinates":[[126.9493108,37.4655877],[126.9493943,37.4656047],[126.9494908,37.4656243]]}},
{"type":"Feature","id":389629041,"properties":{"type":"footway","service":null,"tunnel":false,"tunnel_type":null},"geometry":{"type":"LineString","coordinates":[[126.9516989,37.4659034],[126.9516883,37.4659451],[126.9516577,37.4660242]]}},
{"type":"Feature","id":389629975,"properties":{"type":"residential","service":null,"tunnel":false,"tunnel_type":null},"geometry":{"type":"LineString","coordinates":[[126.9611892,37.4681197],[126.9613681,37.4681374],[126.9614754,37.46818],[126.9615719,37.4682396],[126.9616824,37.4683163],[126.9618085,37.468427],[126.9619399,37.4685548],[126.9620395,37.4686244],[126.9621712,37.4686951],[126.9622884,37.4687315]]}},
{"type":"Feature","id":389629976,"properties":{"type":"service","service":null,"tunnel":false,"tunnel_type":null},"geometry":{"type":"LineString","coordinates":[[126.9564633,37.4610524],[126.9563729,37.4611402],[126.9563479,37.4611608]]}},
{"type":"Feature","id":389629977,"properties":{"type":"service","service":null,"tunnel":false,"tunnel_type":null},"geometry":{"type":"LineString","coordinates":[[126.9534621,37.4534833],[126.9535722,37.4536798],[126.9536591,37.4538219],[126.953951,37.4542147],[126.9540073,37.4542786],[126.9541521,37.454467],[126.9544995,37.4550132],[126.9552076,37.4559106],[126.9559465,37.4568305],[126.956078,37.4569646],[126.9561987,37.4571243],[126.9562966,37.4573308],[126.9563529,37.457515],[126.9565473,37.458257],[126.956609,37.4584422],[126.9566627,37.4585849],[126.9570838,37.4591842],[126.9571683,37.4593279],[126.9572179,37.4594631],[126.9572259,37.4596462],[126.957175,37.4598006],[126.9570945,37.4599688],[126.9570072,37.4601174],[126.9569186,37.4602881],[126.9567227,37.460576]]}},
{"type":"Feature","id":411929224,"properties":{"type":"residential","service":null,"tunnel":false,"tunnel_type":null},"geometry":{"type":"LineString","coordinates":[[126.9510945,37.4546082],[126.9500102,37.4545143]]}},
{"type":"Feature","id":419542258,"properties":{"type":"service","service":null,"tunnel":false,"tunnel_type":null},"geometry":{"type":"LineString","coordinates":[[126.9579225,37.4646633],[126.9577228,37.4658563],[126.957705,37.4662261],[126.9576933,37.4664694],[126.9576968,37.4666569],[126.9576987,37.4667611],[126.9577182,37.4671071],[126.9578031,37.4678507],[126.9578835,37.4685552]]}},
{"type":"Feature","id":419593342,"properties":{"type":"service","service":null,"tunnel":false,"tunnel_type":null},"geometry":{"type":"LineString","coordinates":[[126.9705612,37.4731538],[126.9708715,37.4732309],[126.9710242,37.4732688]]}},
{"type":"Feature","id":419593346,"properties":{"type":"service","service":"alley","tunnel":false,"tunnel_type":null},"geometry":{"type":"LineString","coordinates":[[126.9670529,37.4700551],[126.9672935,37.4696562]]}},
{"type":"Feature","id":419593347,"properties":{"type":"service","service":"alley","tunnel":false,"tunnel_type":null},"geometry":{"type":"LineString","coordinates":[[126.9685398,37.4694248],[126.9695435,37.469824],[126.9704072,37.4701613]]}},
{"type":"Feature","id":419593348,"properties":{"type":"service","service":"alley","tunnel":false,"tunnel_type":null},"geometry":{"type":"LineString","coordinates":[[126.9693349,37.4701579],[126.9695435,37.469824]]}},
{"type":"Feature","id":419593349,"properties":{"type":"service","service":"alley","tunnel":false,"tunnel_type":null},"geometry":{"type":"LineString","coordinates":[[126.9693349,37.4701579],[126.969123,37.4704966]]}},
{"type":"Feature","id":419593385,"properties":{"type":"service","service":"alley","tunnel":false,"tunnel_type":null},"geometry":{"type":"LineString","coordinates":[[126.9702807,37.4705401],[126.9700758,37.4708592]]}},
{"type":"Feature","id":419593386,"properties":{"type":"service","service":"alley","tunnel":false,"tunnel_type":null},"geometry":{"type":"LineString","coordinates":[[126.9702807,37.4705401],[126.9703306,37.4704825],[126.9703815,37.4703127],[126.9704072,37.4701613]]}},
{"type":"Feature","id":419593575,"properties":{"type":"service","service":"alley","tunnel":false,"tunnel_type":null},"geometry":{"type":"LineString","coordinates":[[126.9685836,37.4716622],[126.9690684,37.4708804]]}},
{"type":"Feature","id":419593576,"properties":{"type":"service","service":"alley","tunnel":false,"tunnel_type":null},"geometry":{"type":"LineString","coordinates":[[126.9683045,37.4715527],[126.9687994,37.4707698]]}},
{"type":"Feature","id":419593577,"properties":{"type":"service","service":"alley","tunnel":false,"tunnel_type":null},"geometry":{"type":"LineString","coordinates":[[126.9680322,37.4714458],[126.9685319,37.470659]]}},
{"type":"Feature","id":419593578,"properties":{"type":"service","service":"alley","tunnel":false,"tunnel_type":null},"geometry":{"type":"LineString","coordinates":[[126.9677553,37.4713372],[126.9682449,37.4705344]]}},
{"type":"Feature","id":419594073,"properties":{"type":"service","service":null,"tunnel":false,"tunnel_type":null},"geometry":{"type":"LineString","coordinates":[[126.9651874,37.4739684],[126.9652412,37.4737103],[126.9652883,37.473674],[126.9653071,37.4736109],[126.9653217,37.473589],[126.9653673,37.4734932],[126.9653565,37.4730334],[126.9651806,37.4730205]]}},
{"type":"Feature","id":419594075,"properties":{"type":"service","service":null,"tunnel":false,"tunnel_type":null},"geometry":{"type":"LineString","coordinates":[[126.9637489,37.4725039],[126.9631282,37.4723932],[126.9620734,37.4725148]]}},
{"type":"Feature","id":419594076,"properties":{"type":"service","service":null,"tunnel":false,"tunnel_type":null},"geometry":{"type":"LineString","coordinates":[[126.9647513,37.4728192],[126.9651439,37.472859]]}},
{"type":"Feature","id":419594542,"properties":{"type":"service","service":null,"tunnel":false,"tunnel_type":null},"geometry":{"type":"LineString","coordinates":[[126.9613977,37.4740566],[126.960968,37.4733341]]}},
{"type":"Feature","id":424912280,"properties":{"type":"service","service":null,"tunnel":false,"tunnel_type":null},"geometry":{"type":"LineString","coordinates":[[126.9553931,37.4547145],[126.9554669,37.4547763],[126.9555876,37.4549041],[126.9556171,37.4550276],[126.9555983,37.4551436],[126.9556555,37.4552378],[126.9557525,37.4553395],[126.9558433,37.4554018],[126.9559081,37.455496],[126.9559009,37.4556264],[126.9558156,37.4558048],[126.9558264,37.4559665],[126.9558285,37.4560522],[126.9558143,37.4561581],[126.9557789,37.4562705],[126.9557969,37.4563721],[126.9558379,37.4564334],[126.9558969,37.4564972],[126.9560324,37.4566112],[126.9563338,37.4568559],[126.956078,37.4569646]]}},
{"type":"Feature","id":424912283,"properties":{"type":"service","service":"driveway","tunnel":false,"tunnel_type":null},"geometry":{"type":"LineString","coordinates":[[126.9519863,37.4485545],[126.9512696,37.4485318],[126.9512696,37.4484448],[126.9511514,37.4484467],[126.951136,37.4485803],[126.9511537,37.4486544],[126.9511832,37.4486531],[126.9512615,37.4486496],[126.9512696,37.4485318]]}},
{"type":"Feature","id":424912284,"properties":{"type":"service","service":"parking_aisle","tunnel":false,"tunnel_type":null},"geometry":{"type":"LineString","coordinates":[[126.9511832,37.4486531],[126.9511767,37.4489922]]}},
{"type":"Feature","id":424912285,"properties":{"type":"service","service":"parking_aisle","tunnel":false,"tunnel_type":null},"geometry":{"type":"LineString","coordinates":[[126.9512572,37.4489885],[126.9512615,37.4486496]]}},
{"type":"Feature","id":424912286,"properties":{"type":"service","service":"parking_aisle","tunnel":false,"tunnel_type":null},"geometry":{"type":"LineString","coordinates":[[126.9516016,37.4484388],[126.9512696,37.4484448]]}},
{"type":"Feature","id":424946983,"properties":{"type":"service","service":null,"tunnel":false,"tunnel_type":null},"geometry":{"type":"LineString","coordinates":[[126.9592964,37.4643647],[126.9590891,37.4645011],[126.9590092,37.4645537],[126.9588201,37.4646722],[126.9583428,37.4646353]]}},
{"type":"Feature","id":424946984,"properties":{"type":"service","service":"parking_aisle","tunnel":false,"tunnel_type":null},"geometry":{"type":"LineString","coordinates":[[126.9585025,37.4645277],[126.9587967,37.4644999],[126.9589672,37.4644518],[126.9590139,37.4644406],[126.9590891,37.4645011]]}},
{"type":"Feature","id":424946986,"properties":{"type":"steps","service":null,"tunnel":false,"tunnel_type":null},"geometry":{"type":"LineString","coordinates":[[126.9600436,37.4711146],[126.9603221,37.4710388]]}},
{"type":"Feature","id":424949430,"properties":{"type":"service","service":null,"tunnel":false,"tunnel_type":null},"geometry":{"type":"LineString","coordinates":[[126.9544478,37.4661224],[126.9544756,37.4661631],[126.9544959,37.4662309],[126.9544756,37.4662728],[126.9542764,37.4664051],[126.9542459,37.4664519],[126.9542479,37.4665148],[126.9542764,37.4665826],[126.9542764,37.4666213],[126.9542438,37.4666697],[126.9541828,37.4667133],[126.9537946,37.4669133],[126.9537417,37.4669779],[126.9536421,37.4671715]]}},
{"type":"Feature","id":424949431,"properties":{"type":"service","service":"parking_aisle","tunnel":false,"tunnel_type":null},"geometry":{"type":"LineString","coordinates":[[126.952262,37.4680287],[126.9520708,37.4681669],[126.9520322,37.4681605],[126.9515746,37.4678125]]}},
{"type":"Feature","id":424949432,"properties":{"type":"service","service":"parking_aisle","tunnel":false,"tunnel_type":null},"geometry":{"type":"LineString","coordinates":[[126.9514021,37.4669392],[126.9515992,37.4665713],[126.9516338,37.4665729],[126.951787,37.4666157]]}},
{"type":"Feature","id":424949433,"properties":{"type":"service","service":"parking_aisle","tunnel":false,"tunnel_type":null},"geometry":{"type":"LineString","coordinates":[[126.9518289,37.4673102],[126.9518472,37.4672586],[126.9515214,37.4671499],[126.9513939,37.4670973],[126.9514163,37.4669988],[126.9514021,37.4669392],[126.9512903,37.4668633],[126.9511907,37.4668181],[126.9511276,37.4668004],[126.95028,37.4667165],[126.9502739,37.4666891],[126.9502825,37.4665922],[126.9502902,37.4665068]]}},
{"type":"Feature","id":424949438,"properties":{"type":"service","service":"parking_aisle","tunnel":false,"tunnel_type":null},"geometry":{"type":"LineString","coordinates":[[126.9531852,37.459463],[126.9531873,37.4596014],[126.9532117,37.4596982],[126.9533702,37.4598773]]}},
{"type":"Feature","id":424949441,"properties":{"type":"service","service":"driveway","tunnel":false,"tunnel_type":null},"geometry":{"type":"LineString","coordinates":[[126.9533147,37.4540959],[126.9532542,37.4540437],[126.9535904,37.4538595],[126.9536591,37.4538219]]}},
{"type":"Feature","id":424949443,"properties":{"type":"service","service":"parking_aisle","tunnel":false,"tunnel_type":null},"geometry":{"type":"LineString","coordinates":[[126.9535647,37.4546758],[126.9541521,37.454467]]}},
{"type":"Feature","id":428769838,"properties":{"type":"trunk","service":null,"tunnel":false,"tunnel_type":null},"geometry":{"type":"LineString","coordinates":[[126.9474692,37.4685141],[126.9477663,37.4687526],[126.9481172,37.4690035],[126.9485752,37.4693108],[126.9487492,37.4694268]]}},
{"type":"Feature","id":428769841,"properties":{"type":"trunk_link","service":null,"tunnel":true,"tunnel_type":null},"geometry":{"type":"LineString","coordinates":[[126.9452824,37.4662333],[126.9474642,37.4681904],[126.9476509,37.4683024],[126.9478174,37.4683843],[126.9479872,37.4684446],[126.9481722,37.4684968],[126.9483196,37.4685049],[126.9484339,37.4684884],[126.948555,37.4684696],[126.9486532,37.4684298],[126.9487249,37.4683923],[126.9488049,37.468332],[126.948842,37.4682826],[126.9488796,37.4682089],[126.9488937,37.4681065],[126.9488774,37.4679993],[126.9488238,37.4679144],[126.9487235,37.4678172],[126.9486113,37.4677418],[126.9485152,37.4677007],[126.9483927,37.4676848],[126.9482799,37.4676931]]}},
{"type":"Feature","id":428769842,"properties":{"type":"trunk_link","service":null,"tunnel":true,"tunnel_type":null},"geometry":{"type":"LineString","coordinates":[[126.9460608,37.4685346],[126.9460887,37.468503],[126.9461035,37.4684724],[126.9461201,37.4684276],[126.9461311,37.4683857],[126.946138,37.4683473],[126.9461412,37.468298],[126.9461367,37.4682568],[126.9461303,37.4682114],[126.9461247,37.4681658],[126.9461135,37.4681183],[126.9460971,37.4680722],[126.9460558,37.4679823],[126.9460077,37.4678924],[126.9459505,37.4678079],[126.9447616,37.4662462]]}},
{"type":"Feature","id":428769854,"properties":{"type":"trunk","service":null,"tunnel":true,"tunnel_type":null},"geometry":{"type":"LineString","coordinates":[[126.9471972,37.4687222],[126.9460792,37.4676767],[126.9447616,37.4662462],[126.9425532,37.4637673],[126.939039,37.4598633],[126.9377884,37.4585767],[126.9346533,37.4558772],[126.9295946,37.4520594],[126.9245961,37.4485224],[126.9164129,37.4424752],[126.9163462,37.4424181],[126.9134359,37.4402706],[126.911888,37.4393047],[126.9106927,37.4388071],[126.9095771,37.438516],[126.9086501,37.438354],[126.907419,37.4382469]]}},
{"type":"Feature","id":429687395,"properties":{"type":"service","service":null,"tunnel":false,"tunnel_type":null},"geometry":{"type":"LineString","coordinates":[[126.9564943,37.4614067],[126.9563479,37.4611608]]}},
{"type":"Feature","id":429687396,"properties":{"type":"service","service":null,"tunnel":false,"tunnel_type":null},"geometry":{"type":"LineString","coordinates":[[126.9545578,37.4617218],[126.9545229,37.4618751],[126.9545203,37.4620688],[126.9546115,37.4628055],[126.9546436,37.4629801],[126.9546892,37.463144],[126.9547643,37.4633207],[126.9550835,37.4639019],[126.9551425,37.4640531],[126.9551625,37.4641338],[126.9551774,37.4641936],[126.9551908,37.4643703],[126.955172,37.4651857],[126.9551613,37.4653986],[126.9551291,37.4655476],[126.9550701,37.4656753],[126.9549655,37.4658009],[126.9547798,37.4659278]]}},
{"type":"Feature","id":429687400,"properties":{"type":"footway","service":null,"tunnel":false,"tunnel_type":null},"geometry":{"type":"LineString","coordinates":[[126.9568662,37.4614977],[126.957002,37.4616691],[126.957405,37.4618265]]}},
{"type":"Feature","id":430289536,"properties":{"type":"service","service":null,"tunnel":false,"tunnel_type":null},"geometry":{"type":"LineString","coordinates":[[126.9523517,37.4510578],[126.9523773,37.4510556],[126.952548,37.4510224]]}},
{"type":"Feature","id":432377457,"properties":{"type":"service","service":null,"tunnel":false,"tunnel_type":null},"geometry":{"type":"LineString","coordinates":[[126.9581705,37.4606177],[126.9581395,37.4606725],[126.9578763,37.4611237],[126.9575871,37.4616194],[126.9572426,37.4622108],[126.9571949,37.4622927]]}},
{"type":"Feature","id":435329616,"properties":{"type":"footway","service":null,"tunnel":false,"tunnel_type":null},"geometry":{"type":"LineString","coordinates":[[126.9525778,37.4583142],[126.952753,37.4581959]]}},
{"type":"Feature","id":435329617,"properties":{"type":"service","service":null,"tunnel":false,"tunnel_type":null},"geometry":{"type":"LineString","coordinates":[[126.9525632,37.4581304],[126.9522612,37.4574117],[126.9521371,37.4571733],[126.9521447,37.4570788]]}},
{"type":"Feature","id":435329619,"properties":{"type":"service","service":null,"tunnel":false,"tunnel_type":null},"geometry":{"type":"LineString","coordinates":[[126.953346,37.458836],[126.9526193,37.4582522],[126.9525632,37.4581304]]}},
{"type":"Feature","id":435329621,"properties":{"type":"service","service":null,"tunnel":false,"tunnel_type":null},"geometry":{"type":"LineString","coordinates":[[126.954704,37.4592478],[126.9544533,37.4592746]]}},
{"type":"Feature","id":435329625,"properties":{"type":"service","service":null,"tunnel":false,"tunnel_type":null},"geometry":{"type":"LineString","coordinates":[[126.952681,37.4578625],[126.9527373,37.4579323],[126.9528222,37.4579088],[126.9528772,37.4579895],[126.952912,37.4580223],[126.9530611,37.4582148]]}},
{"type":"Feature","id":435329626,"properties":{"type":"footway","service":null,"tunnel":false,"tunnel_type":null},"geometry":{"type":"LineString","coordinates":[[126.9528772,37.4579895],[126.9528325,37.4580104]]}},
{"type":"Feature","id":435329627,"properties":{"type":"footway","service":null,"tunnel":false,"tunnel_type":null},"geometry":{"type":"LineString","coordinates":[[126.9518893,37.4572318],[126.9520119,37.4574389]]}},
{"type":"Feature","id":436516334,"properties":{"type":"service","service":null,"tunnel":false,"tunnel_type":null},"geometry":{"type":"LineString","coordinates":[[126.9543297,37.4563913],[126.9543596,37.4565199],[126.954411,37.4567431]]}},
{"type":"Feature","id":436516335,"properties":{"type":"service","service":null,"tunnel":false,"tunnel_type":null},"geometry":{"type":"LineString","coordinates":[[126.9543596,37.4565199],[126.9541061,37.4565624],[126.9540756,37.4564333],[126.9543297,37.4563913]]}},
{"type":"Feature","id":440078004,"properties":{"type":"service","service":null,"tunnel":false,"tunnel_type":null},"geometry":{"type":"LineString","coordinates":[[126.9571582,37.4622574],[126.957405,37.4618265],[126.9575569,37.4615662],[126.9576671,37.4613774],[126.9578274,37.4611018],[126.9579581,37.4608772],[126.9580832,37.4606622],[126.9581193,37.4606002]]}},
{"type":"Feature","id":440451840,"properties":{"type":"service","service":"parking_aisle","tunnel":false,"tunnel_type":null},"geometry":{"type":"LineString","coordinates":[[126.9581567,37.4665544],[126.9582374,37.4666635],[126.9587632,37.4666231]]}},
{"type":"Feature","id":440451940,"properties":{"type":"service","service":"parking_aisle","tunnel":false,"tunnel_type":null},"geometry":{"type":"LineString","coordinates":[[126.9582374,37.4666635],[126.9582723,37.4670063],[126.958798,37.4669318]]}},
{"type":"Feature","id":453963026,"properties":{"type":"steps","service":null,"tunnel":false,"tunnel_type":null},"geometry":{"type":"LineString","coordinates":[[126.9521027,37.4610986],[126.9518046,37.4612351]]}},
{"type":"Feature","id":453963027,"properties":{"type":"footway","service":null,"tunnel":false,"tunnel_type":null},"geometry":{"type":"LineString","coordinates":[[126.9525804,37.4607202],[126.9526676,37.4607726],[126.9527931,37.4608481]]}},
{"type":"Feature","id":453963028,"properties":{"type":"steps","service":null,"tunnel":false,"tunnel_type":null},"geometry":{"type":"LineString","coordinates":[[126.9525804,37.4607202],[126.9522415,37.460894]]}},
{"type":"Feature","id":453963029,"properties":{"type":"footway","service":null,"tunnel":false,"tunnel_type":null},"geometry":{"type":"LineString","coordinates":[[126.9522415,37.460894],[126.9521553,37.4609435]]}},
{"type":"Feature","id":455015949,"properties":{"type":"service","service":null,"tunnel":false,"tunnel_type":null},"geometry":{"type":"LineString","coordinates":[[126.9496183,37.4604721],[126.9500349,37.4608037],[126.9501348,37.4608832],[126.9502461,37.4609718],[126.9502846,37.4610024],[126.9504472,37.4611494],[126.950515,37.46123],[126.9500486,37.4616111],[126.9499042,37.4617048],[126.9497215,37.4617348],[126.9493071,37.4617323]]}},
{"type":"Feature","id":455015950,"properties":{"type":"footway","service":null,"tunnel":false,"tunnel_type":null},"geometry":{"type":"LineString","coordinates":[[126.9500497,37.4602836],[126.9499131,37.4603779],[126.949906,37.4604832],[126.9501894,37.4606994],[126.9502914,37.4607771],[126.9504015,37.4608611]]}},
{"type":"Feature","id":455015951,"properties":{"type":"service","service":null,"tunnel":false,"tunnel_type":null},"geometry":{"type":"LineString","coordinates":[[126.9500497,37.4602836],[126.9502207,37.4601484],[126.9503146,37.4600697],[126.9504057,37.4600441],[126.9504916,37.4600463],[126.9505694,37.4600824]]}},
{"type":"Feature","id":455015952,"properties":{"type":"service","service":null,"tunnel":false,"tunnel_type":null},"geometry":{"type":"LineString","coordinates":[[126.9499694,37.4602176],[126.9500497,37.4602836]]}},
{"type":"Feature","id":455015953,"properties":{"type":"service","service":null,"tunnel":false,"tunnel_type":null},"geometry":{"type":"LineString","coordinates":[[126.9499694,37.4602176],[126.9504332,37.4598648]]}},
{"type":"Feature","id":455015954,"properties":{"type":"footway","service":null,"tunnel":false,"tunnel_type":null},"geometry":{"type":"LineString","coordinates":[[126.9506193,37.4597398],[126.950556,37.4595999]]}},
{"type":"Feature","id":455015955,"properties":{"type":"pedestrian","service":null,"tunnel":false,"tunnel_type":null},"geometry":{"type":"LineString","coordinates":[[126.9506193,37.4597398],[126.9509455,37.4595208],[126.9510307,37.4593947]]}},
{"type":"Feature","id":455015956,"properties":{"type":"service","service":null,"tunnel":false,"tunnel_type":null},"geometry":{"type":"LineString","coordinates":[[126.9489342,37.458336],[126.9489558,37.4582495],[126.9490727,37.4577809],[126.9491463,37.45746],[126.9492396,37.4570675]]}},
{"type":"Feature","id":455015957,"properties":{"type":"pedestrian","service":null,"tunnel":false,"tunnel_type":null},"geometry":{"type":"LineString","coordinates":[[126.9499226,37.4584056],[126.9500582,37.4583749]]}},
{"type":"Feature","id":455015958,"properties":{"type":"pedestrian","service":null,"tunnel":false,"tunnel_type":null},"geometry":{"type":"LineString","coordinates":[[126.9501849,37.4588151],[126.9501424,37.4588444]]}},
{"type":"Feature","id":455018302,"properties":{"type":"footway","service":null,"tunnel":false,"tunnel_type":null},"geometry":{"type":"LineString","coordinates":[[126.9550078,37.4656502],[126.9549057,37.4656023],[126.9543608,37.464772],[126.9542727,37.4646412],[126.9541033,37.4647151]]}},
{"type":"Feature","id":455018303,"properties":{"type":"footway","service":null,"tunnel":false,"tunnel_type":null},"geometry":{"type":"LineString","coordinates":[[126.9542727,37.4646412],[126.9542523,37.4646097]]}},
{"type":"Feature","id":455018304,"properties":{"type":"service","service":null,"tunnel":false,"tunnel_type":null},"geometry":{"type":"LineString","coordinates":[[126.9542658,37.4647917],[126.9547866,37.4656545],[126.9549655,37.4658009]]}},
{"type":"Feature","id":455018305,"properties":{"type":"footway","service":null,"tunnel":false,"tunnel_type":null},"geometry":{"type":"LineString","coordinates":[[126.9541033,37.4647151],[126.9537999,37.4642402],[126.9536074,37.4639448]]}},
{"type":"Feature","id":455018306,"properties":{"type":"service","service":null,"tunnel":false,"tunnel_type":null},"geometry":{"type":"LineString","coordinates":[[126.9531148,37.4639404],[126.9533642,37.4640841],[126.953552,37.4638567]]}},
{"type":"Feature","id":455020726,"properties":{"type":"steps","service":null,"tunnel":false,"tunnel_type":null},"geometry":{"type":"LineString","coordinates":[[126.9541033,37.4647151],[126.9537203,37.4648724]]}},
{"type":"Feature","id":455020727,"properties":{"type":"footway","service":null,"tunnel":false,"tunnel_type":null},"geometry":{"type":"LineString","coordinates":[[126.953552,37.4638567],[126.9536074,37.4639448]]}},
{"type":"Feature","id":455020728,"properties":{"type":"service","service":null,"tunnel":false,"tunnel_type":null},"geometry":{"type":"LineString","coordinates":[[126.9535805,37.4637378],[126.9536228,37.4635824],[126.9535512,37.4634594]]}},
{"type":"Feature","id":455020729,"properties":{"type":"service","service":null,"tunnel":false,"tunnel_type":null},"geometry":{"type":"LineString","coordinates":[[126.953552,37.4638567],[126.9535805,37.4637378]]}},
{"type":"Feature","id":455459964,"properties":{"type":"footway","service":null,"tunnel":false,"tunnel_type":null},"geometry":{"type":"LineString","coordinates":[[126.953591,37.4610873],[126.9539663,37.4610068]]}},
{"type":"Feature","id":455459966,"properties":{"type":"footway","service":null,"tunnel":false,"tunnel_type":null},"geometry":{"type":"LineString","coordinates":[[126.9545705,37.4609408],[126.9549195,37.4607623],[126.9550484,37.4606964]]}},
{"type":"Feature","id":455459967,"properties":{"type":"footway","service":null,"tunnel":false,"tunnel_type":null},"geometry":{"type":"LineString","coordinates":[[126.9539663,37.4610068],[126.954113,37.461029],[126.9542333,37.4609912],[126.9543576,37.4609598],[126.9545705,37.4609408]]}},
{"type":"Feature","id":455459968,"properties":{"type":"steps","service":null,"tunnel":false,"tunnel_type":null},"geometry":{"type":"LineString","coordinates":[[126.9525804,37.4607202],[126.9526823,37.4606771]]}},
{"type":"Feature","id":455459969,"properties":{"type":"footway","service":null,"tunnel":false,"tunnel_type":null},"geometry":{"type":"LineString","coordinates":[[126.9526823,37.4606771],[126.9527931,37.4608481],[126.9528694,37.4608911],[126.9530573,37.4609819],[126.9531558,37.4610675],[126.9533979,37.4610793],[126.953591,37.4610873]]}},
{"type":"Feature","id":455468340,"properties":{"type":"pedestrian","service":null,"tunnel":false,"tunnel_type":null},"geometry":{"type":"LineString","coordinates":[[126.9518161,37.4601489],[126.9515224,37.459937],[126.9512669,37.4597526],[126.9509455,37.4595208]]}},
{"type":"Feature","id":455468341,"properties":{"type":"service","service":null,"tunnel":false,"tunnel_type":null},"geometry":{"type":"LineString","coordinates":[[126.9518161,37.4601489],[126.9522483,37.4600583],[126.9525964,37.4599704],[126.9528894,37.4598387]]}},
{"type":"Feature","id":455468342,"properties":{"type":"service","service":null,"tunnel":false,"tunnel_type":null},"geometry":{"type":"LineString","coordinates":[[126.9531852,37.459463],[126.9531622,37.4593693],[126.9530337,37.4592675]]}},
{"type":"Feature","id":455468343,"properties":{"type":"service","service":null,"tunnel":false,"tunnel_type":null},"geometry":{"type":"LineString","coordinates":[[126.9531852,37.459463],[126.9532553,37.459495]]}},
{"type":"Feature","id":456144029,"properties":{"type":"footway","service":null,"tunnel":false,"tunnel_type":null},"geometry":{"type":"LineString","coordinates":[[126.9510392,37.4587875],[126.9508069,37.4588592],[126.9507227,37.4588961],[126.9505564,37.458598],[126.9503575,37.458324],[126.9502794,37.4581602],[126.9501483,37.4578854],[126.9503462,37.457826],[126.9506579,37.4577278]]}},
{"type":"Feature","id":456144030,"properties":{"type":"service","service":null,"tunnel":false,"tunnel_type":null},"geometry":{"type":"LineString","coordinates":[[126.9505399,37.4574787],[126.9502542,37.4573989]]}},
{"type":"Feature","id":456144031,"properties":{"type":"service","service":null,"tunnel":false,"tunnel_type":null},"geometry":{"type":"LineString","coordinates":[[126.9509914,37.457244],[126.9510474,37.4571179],[126.9510687,37.4570103],[126.9510848,37.4569289],[126.9510894,37.4569003],[126.9512108,37.4561578]]}},
{"type":"Feature","id":456144032,"properties":{"type":"service","service":null,"tunnel":false,"tunnel_type":null},"geometry":{"type":"LineString","coordinates":[[126.9512108,37.4561578],[126.9509095,37.4561199],[126.9508279,37.4561096]]}},
{"type":"Feature","id":456356701,"properties":{"type":"residential","service":null,"tunnel":false,"tunnel_type":null},"geometry":{"type":"LineString","coordinates":[[126.9535805,37.4637378],[126.9539696,37.4635144]]}},
{"type":"Feature","id":456356702,"properties":{"type":"pedestrian","service":null,"tunnel":false,"tunnel_type":null},"geometry":{"type":"LineString","coordinates":[[126.9539696,37.4635144],[126.9543002,37.4640214]]}},
{"type":"Feature","id":456356704,"properties":{"type":"steps","service":null,"tunnel":false,"tunnel_type":null},"geometry":{"type":"LineString","coordinates":[[126.9523864,37.4625604],[126.9526793,37.4627305]]}},
{"type":"Feature","id":456356705,"properties":{"type":"footway","service":null,"tunnel":false,"tunnel_type":null},"geometry":{"type":"LineString","coordinates":[[126.9526871,37.4619783],[126.9526305,37.4623155]]}},
{"type":"Feature","id":456356709,"properties":{"type":"footway","service":null,"tunnel":false,"tunnel_type":null},"geometry":{"type":"LineString","coordinates":[[126.9484157,37.466594],[126.9484484,37.466311],[126.9486341,37.4658363],[126.9487624,37.4657333],[126.9488317,37.4657117],[126.9489536,37.4657131],[126.9492928,37.4657482],[126.9498422,37.4658468],[126.9498838,37.4658543],[126.9506669,37.4659914],[126.9516577,37.4660242],[126.9516722,37.4661818],[126.9516452,37.4662991],[126.9516035,37.4664022],[126.9515885,37.4664452],[126.9515767,37.466482],[126.9515638,37.4665162],[126.9515,37.4666674]]}},
{"type":"Feature","id":456356712,"properties":{"type":"service","service":null,"tunnel":false,"tunnel_type":null},"geometry":{"type":"LineString","coordinates":[[126.9518771,37.4661593],[126.9517383,37.466265],[126.951701,37.4664133],[126.9518468,37.4665191]]}},
{"type":"Feature","id":456356715,"properties":{"type":"footway","service":null,"tunnel":false,"tunnel_type":null},"geometry":{"type":"LineString","coordinates":[[126.9480445,37.4665672],[126.9481024,37.4662238],[126.9482828,37.465795],[126.9483062,37.4656789],[126.9483524,37.4654496],[126.9484771,37.4651172]]}},
{"type":"Feature","id":456356716,"properties":{"type":"footway","service":null,"tunnel":false,"tunnel_type":null},"geometry":{"type":"LineString","coordinates":[[126.9484771,37.4651172],[126.9485597,37.4647958],[126.9486454,37.4644124],[126.9487618,37.4638783],[126.9489627,37.4629962],[126.9489172,37.4629894],[126.9489185,37.4629457],[126.9489341,37.4628708]]}},
{"type":"Feature","id":456356717,"properties":{"type":"footway","service":null,"tunnel":false,"tunnel_type":null},"geometry":{"type":"LineString","coordinates":[[126.9489341,37.4628708],[126.9491786,37.4617136],[126.9491961,37.4613608],[126.9490043,37.4607521]]}},
{"type":"Feature","id":456356718,"properties":{"type":"footway","service":null,"tunnel":false,"tunnel_type":null},"geometry":{"type":"LineString","coordinates":[[126.9487624,37.4657333],[126.9487673,37.4656717],[126.9487524,37.4655817],[126.948774,37.4653962]]}},
{"type":"Feature","id":456356719,"properties":{"type":"footway","service":null,"tunnel":false,"tunnel_type":null},"geometry":{"type":"LineString","coordinates":[[126.9480445,37.4665672],[126.9481266,37.46657],[126.9482272,37.4665733],[126.9484157,37.466594]]}},
{"type":"Feature","id":456356720,"properties":{"type":"footway","service":null,"tunnel":false,"tunnel_type":null},"geometry":{"type":"LineString","coordinates":[[126.9482828,37.465795],[126.9484246,37.4658072],[126.9485335,37.4658165],[126.9486341,37.4658363]]}},
{"type":"Feature","id":456356722,"properties":{"type":"footway","service":null,"tunnel":false,"tunnel_type":null},"geometry":{"type":"LineString","coordinates":[[126.9487905,37.4647435],[126.9487361,37.4650257],[126.9487045,37.4651872],[126.9487032,37.4652327],[126.948708,37.4652646],[126.9487227,37.465308],[126.9487413,37.4653477],[126.9487548,37.4653721],[126.948774,37.4653962],[126.9488136,37.4654367],[126.9488558,37.4654685],[126.9489038,37.4654968],[126.9489466,37.4655151],[126.9489882,37.4655287],[126.9493108,37.4655877]]}},
{"type":"Feature","id":456356724,"properties":{"type":"footway","service":null,"tunnel":false,"tunnel_type":null},"geometry":{"type":"LineString","coordinates":[[126.9488406,37.4645436],[126.9488616,37.4644397],[126.9488653,37.4644212],[126.9488963,37.4642667],[126.948925,37.4638988],[126.948965,37.4637066],[126.9490786,37.4631765],[126.9491229,37.4629697],[126.9491637,37.4627602]]}},
{"type":"Feature","id":456356725,"properties":{"type":"footway","service":null,"tunnel":false,"tunnel_type":null},"geometry":{"type":"LineString","coordinates":[[126.9487905,37.4647435],[126.9488093,37.4646685],[126.9488406,37.4645436]]}},
{"type":"Feature","id":456356726,"properties":{"type":"footway","service":null,"tunnel":false,"tunnel_type":null},"geometry":{"type":"LineString","coordinates":[[126.9486454,37.4644124],[126.9487546,37.4644262],[126.9488616,37.4644397]]}},
{"type":"Feature","id":456356728,"properties":{"type":"footway","service":null,"tunnel":false,"tunnel_type":null},"geometry":{"type":"LineString","coordinates":[[126.9487618,37.4638783],[126.9488168,37.4638853],[126.9488664,37.4638915],[126.948925,37.4638988]]}},
{"type":"Feature","id":456356729,"properties":{"type":"footway","service":null,"tunnel":false,"tunnel_type":null},"geometry":{"type":"LineString","coordinates":[[126.9489185,37.4629457],[126.949062,37.4629564],[126.9491229,37.4629697]]}},
{"type":"Feature","id":456356730,"properties":{"type":"footway","service":null,"tunnel":false,"tunnel_type":null},"geometry":{"type":"LineString","coordinates":[[126.9491815,37.4626567],[126.9493695,37.4618122]]}},
{"type":"Feature","id":456356731,"properties":{"type":"footway","service":null,"tunnel":false,"tunnel_type":null},"geometry":{"type":"LineString","coordinates":[[126.9491637,37.4627602],[126.9491815,37.4626567]]}},
{"type":"Feature","id":456356732,"properties":{"type":"footway","service":null,"tunnel":false,"tunnel_type":null},"geometry":{"type":"LineString","coordinates":[[126.9502364,37.4627011],[126.9504332,37.462689]]}},
{"type":"Feature","id":456356734,"properties":{"type":"service","service":null,"tunnel":false,"tunnel_type":null},"geometry":{"type":"LineString","coordinates":[[126.9506413,37.4625445],[126.9506551,37.4627081]]}},
{"type":"Feature","id":456356735,"properties":{"type":"footway","service":null,"tunnel":false,"tunnel_type":null},"geometry":{"type":"LineString","coordinates":[[126.95069,37.4631206],[126.9506978,37.4632486],[126.9507008,37.4632983],[126.9504973,37.4635583]]}},
{"type":"Feature","id":456358908,"properties":{"type":"footway","service":null,"tunnel":false,"tunnel_type":null},"geometry":{"type":"LineString","coordinates":[[126.9484157,37.466594],[126.948593,37.4666113],[126.949314,37.466564]]}},
{"type":"Feature","id":456358909,"properties":{"type":"footway","service":null,"tunnel":false,"tunnel_type":null},"geometry":{"type":"LineString","coordinates":[[126.949314,37.466564],[126.9490009,37.4668895]]}},
{"type":"Feature","id":456358910,"properties":{"type":"steps","service":null,"tunnel":false,"tunnel_type":null},"geometry":{"type":"LineString","coordinates":[[126.9494523,37.4664171],[126.949314,37.466564]]}},
{"type":"Feature","id":456358911,"properties":{"type":"footway","service":null,"tunnel":false,"tunnel_type":null},"geometry":{"type":"LineString","coordinates":[[126.9494523,37.4664171],[126.9498838,37.4658543]]}},
{"type":"Feature","id":456487316,"properties":{"type":"footway","service":null,"tunnel":false,"tunnel_type":null},"geometry":{"type":"LineString","coordinates":[[126.9490674,37.4636294],[126.9493072,37.463342]]}},
{"type":"Feature","id":456487317,"properties":{"type":"footway","service":null,"tunnel":false,"tunnel_type":null},"geometry":{"type":"LineString","coordinates":[[126.9493072,37.463342],[126.9494359,37.4632718]]}},
{"type":"Feature","id":456487318,"properties":{"type":"footway","service":null,"tunnel":false,"tunnel_type":null},"geometry":{"type":"LineString","coordinates":[[126.9499836,37.4629639],[126.9502882,37.462973],[126.9504477,37.4630266]]}},
{"type":"Feature","id":456487319,"properties":{"type":"footway","service":null,"tunnel":false,"tunnel_type":null},"geometry":{"type":"LineString","coordinates":[[126.9494359,37.4632718],[126.9496381,37.4631579]]}},
{"type":"Feature","id":456487321,"properties":{"type":"footway","service":null,"tunnel":false,"tunnel_type":null},"geometry":{"type":"LineString","coordinates":[[126.9498795,37.4630201],[126.9499836,37.4629639]]}},
{"type":"Feature","id":456487322,"properties":{"type":"footway","service":null,"tunnel":false,"tunnel_type":null},"geometry":{"type":"LineString","coordinates":[[126.9496381,37.4631579],[126.9498795,37.4630201]]}},
{"type":"Feature","id":456487323,"properties":{"type":"footway","service":null,"tunnel":false,"tunnel_type":null},"geometry":{"type":"LineString","coordinates":[[126.9505263,37.4627208],[126.9505935,37.4626631]]}},
{"type":"Feature","id":456487325,"properties":{"type":"footway","service":null,"tunnel":false,"tunnel_type":null},"geometry":{"type":"LineString","coordinates":[[126.9491637,37.4627602],[126.949662,37.4627335]]}},
{"type":"Feature","id":456487326,"properties":{"type":"footway","service":null,"tunnel":false,"tunnel_type":null},"geometry":{"type":"LineString","coordinates":[[126.949662,37.4627335],[126.9502364,37.4627011]]}},
{"type":"Feature","id":456487330,"properties":{"type":"footway","service":null,"tunnel":false,"tunnel_type":null},"geometry":{"type":"LineString","coordinates":[[126.9504332,37.462689],[126.9505263,37.4627208]]}},
{"type":"Feature","id":456487331,"properties":{"type":"footway","service":null,"tunnel":false,"tunnel_type":null},"geometry":{"type":"LineString","coordinates":[[126.9504477,37.4630266],[126.9505263,37.4627208]]}},
{"type":"Feature","id":456487332,"properties":{"type":"footway","service":null,"tunnel":false,"tunnel_type":null},"geometry":{"type":"LineString","coordinates":[[126.9505935,37.4626631],[126.9506551,37.4627081]]}},
{"type":"Feature","id":456487333,"properties":{"type":"service","service":null,"tunnel":false,"tunnel_type":null},"geometry":{"type":"LineString","coordinates":[[126.9506551,37.4627081],[126.95069,37.4631206]]}},
{"type":"Feature","id":456487334,"properties":{"type":"service","service":null,"tunnel":false,"tunnel_type":null},"geometry":{"type":"LineString","coordinates":[[126.9505094,37.4626519],[126.950842,37.462158]]}},
{"type":"Feature","id":456487335,"properties":{"type":"service","service":null,"tunnel":false,"tunnel_type":null},"geometry":{"type":"LineString","coordinates":[[126.9491125,37.4627151],[126.9505094,37.4626519],[126.9506413,37.4625445]]}},
{"type":"Feature","id":456487336,"properties":{"type":"footway","service":null,"tunnel":false,"tunnel_type":null},"geometry":{"type":"LineString","coordinates":[[126.950837,37.462452],[126.9510583,37.4622573],[126.9513081,37.4620695]]}},
{"type":"Feature","id":456487337,"properties":{"type":"service","service":null,"tunnel":false,"tunnel_type":null},"geometry":{"type":"LineString","coordinates":[[126.9506413,37.4625445],[126.9507938,37.4624196],[126.9508114,37.4624052]]}},
{"type":"Feature","id":456487338,"properties":{"type":"service","service":null,"tunnel":false,"tunnel_type":null},"geometry":{"type":"LineString","coordinates":[[126.9508114,37.4624052],[126.9510524,37.4621885],[126.9512106,37.462047]]}},
{"type":"Feature","id":456487339,"properties":{"type":"footway","service":null,"tunnel":false,"tunnel_type":null},"geometry":{"type":"LineString","coordinates":[[126.9513081,37.4620695],[126.9515048,37.4619013]]}},
{"type":"Feature","id":456487340,"properties":{"type":"service","service":null,"tunnel":false,"tunnel_type":null},"geometry":{"type":"LineString","coordinates":[[126.9514699,37.4618361],[126.9512106,37.462047]]}},
{"type":"Feature","id":456487341,"properties":{"type":"footway","service":null,"tunnel":false,"tunnel_type":null},"geometry":{"type":"LineString","coordinates":[[126.9515048,37.4619013],[126.9518746,37.4622225]]}},
{"type":"Feature","id":456487342,"properties":{"type":"steps","service":null,"tunnel":false,"tunnel_type":null},"geometry":{"type":"LineString","coordinates":[[126.9518746,37.4622225],[126.951953,37.4622945]]}},
{"type":"Feature","id":456487343,"properties":{"type":"footway","service":null,"tunnel":false,"tunnel_type":null},"geometry":{"type":"LineString","coordinates":[[126.950837,37.462452],[126.9512423,37.4627847]]}},
{"type":"Feature","id":456487344,"properties":{"type":"footway","service":null,"tunnel":false,"tunnel_type":null},"geometry":{"type":"LineString","coordinates":[[126.9510583,37.4622573],[126.9516339,37.4627141]]}},
{"type":"Feature","id":456487345,"properties":{"type":"steps","service":null,"tunnel":false,"tunnel_type":null},"geometry":{"type":"LineString","coordinates":[[126.9505255,37.4637103],[126.9506238,37.4637874]]}},
{"type":"Feature","id":456487346,"properties":{"type":"footway","service":null,"tunnel":false,"tunnel_type":null},"geometry":{"type":"LineString","coordinates":[[126.9523968,37.4622837],[126.9525768,37.4624156]]}},
{"type":"Feature","id":456509807,"properties":{"type":"service","service":null,"tunnel":false,"tunnel_type":null},"geometry":{"type":"LineString","coordinates":[[126.9526871,37.4619783],[126.9525222,37.4618238],[126.9526389,37.4616732]]}},
{"type":"Feature","id":456509808,"properties":{"type":"footway","service":null,"tunnel":false,"tunnel_type":null},"geometry":{"type":"LineString","coordinates":[[126.9516577,37.4660242],[126.9518258,37.466027],[126.9520233,37.4660303]]}},
{"type":"Feature","id":456509809,"properties":{"type":"footway","service":null,"tunnel":false,"tunnel_type":null},"geometry":{"type":"LineString","coordinates":[[126.9520233,37.4660303],[126.9520184,37.465952],[126.9520157,37.4659099]]}},
{"type":"Feature","id":456509810,"properties":{"type":"service","service":null,"tunnel":false,"tunnel_type":null},"geometry":{"type":"LineString","coordinates":[[126.9527589,37.4660073],[126.9527288,37.4654342],[126.9525316,37.4652776]]}},
{"type":"Feature","id":456522809,"properties":{"type":"steps","service":null,"tunnel":false,"tunnel_type":null},"geometry":{"type":"LineString","coordinates":[[126.9526975,37.4626966],[126.9527676,37.462732]]}},
{"type":"Feature","id":456522811,"properties":{"type":"steps","service":null,"tunnel":false,"tunnel_type":null},"geometry":{"type":"LineString","coordinates":[[126.9529738,37.4630522],[126.9530148,37.4629418]]}},
{"type":"Feature","id":456522812,"properties":{"type":"pedestrian","service":null,"tunnel":false,"tunnel_type":null},"geometry":{"type":"LineString","coordinates":[[126.9530148,37.4629418],[126.9530006,37.4628094]]}},
{"type":"Feature","id":456522816,"properties":{"type":"pedestrian","service":null,"tunnel":false,"tunnel_type":null},"geometry":{"type":"LineString","coordinates":[[126.9523797,37.4613383],[126.9523565,37.4611199]]}},
{"type":"Feature","id":456522818,"properties":{"type":"steps","service":null,"tunnel":false,"tunnel_type":null},"geometry":{"type":"LineString","coordinates":[[126.952291,37.4612118],[126.9523565,37.4611199],[126.9523253,37.4610839]]}},
{"type":"Feature","id":456523970,"properties":{"type":"steps","service":null,"tunnel":false,"tunnel_type":null},"geometry":{"type":"LineString","coordinates":[[126.9518046,37.4612351],[126.9515492,37.4614661]]}},
{"type":"Feature","id":456534583,"properties":{"type":"footway","service":null,"tunnel":false,"tunnel_type":null},"geometry":{"type":"LineString","coordinates":[[126.9506452,37.4613394],[126.950515,37.46123]]}},
{"type":"Feature","id":456534588,"properties":{"type":"footway","service":null,"tunnel":false,"tunnel_type":null},"geometry":{"type":"LineString","coordinates":[[126.9517399,37.4607476],[126.95181,37.4606294],[126.9519269,37.4605405],[126.9523968,37.4604135],[126.9525051,37.4603821]]}},
{"type":"Feature","id":456534589,"properties":{"type":"service","service":null,"tunnel":false,"tunnel_type":null},"geometry":{"type":"LineString","coordinates":[[126.9527377,37.4629947],[126.9526573,37.4629095],[126.9526439,37.4627967],[126.9526793,37.4627305],[126.9526975,37.4626966],[126.9525956,37.4626136],[126.9525768,37.4624156],[126.9526305,37.4623155],[126.952786,37.4622112],[126.9530006,37.4621516],[126.9532125,37.4621452],[126.9533179,37.46213],[126.95336,37.4621239],[126.9533939,37.4620664],[126.9534225,37.4620179],[126.9534257,37.4618716]]}},
{"type":"Feature","id":456534590,"properties":{"type":"service","service":null,"tunnel":false,"tunnel_type":null},"geometry":{"type":"LineString","coordinates":[[126.9529738,37.4630522],[126.9528531,37.4630181],[126.9527377,37.4629947]]}},
{"type":"Feature","id":456534592,"properties":{"type":"residential","service":null,"tunnel":false,"tunnel_type":null},"geometry":{"type":"LineString","coordinates":[[126.9527676,37.462732],[126.9528824,37.4629053]]}},
{"type":"Feature","id":456534594,"properties":{"type":"residential","service":null,"tunnel":false,"tunnel_type":null},"geometry":{"type":"LineString","coordinates":[[126.9528824,37.4629053],[126.9529738,37.4630522]]}},
{"type":"Feature","id":456534595,"properties":{"type":"footway","service":null,"tunnel":false,"tunnel_type":null},"geometry":{"type":"LineString","coordinates":[[126.9521177,37.4630073],[126.9522776,37.4627413],[126.9522913,37.4627185]]}},
{"type":"Feature","id":456534596,"properties":{"type":"footway","service":null,"tunnel":false,"tunnel_type":null},"geometry":{"type":"LineString","coordinates":[[126.9521177,37.4630073],[126.9520709,37.4631406],[126.9520942,37.4632108],[126.9520303,37.4632848],[126.9519943,37.4633699]]}},
{"type":"Feature","id":456536854,"properties":{"type":"footway","service":null,"tunnel":false,"tunnel_type":null},"geometry":{"type":"LineString","coordinates":[[126.9522232,37.4611462],[126.9522352,37.4610255]]}},
{"type":"Feature","id":456536856,"properties":{"type":"footway","service":null,"tunnel":false,"tunnel_type":null},"geometry":{"type":"LineString","coordinates":[[126.9522352,37.4610255],[126.9521553,37.4609435]]}},
{"type":"Feature","id":456536858,"properties":{"type":"steps","service":null,"tunnel":false,"tunnel_type":null},"geometry":{"type":"LineString","coordinates":[[126.9521553,37.4609435],[126.9520345,37.4610116]]}},
{"type":"Feature","id":456536859,"properties":{"type":"footway","service":null,"tunnel":false,"tunnel_type":null},"geometry":{"type":"LineString","coordinates":[[126.9527931,37.4608481],[126.952681,37.4608944]]}},
{"type":"Feature","id":456536860,"properties":{"type":"steps","service":null,"tunnel":false,"tunnel_type":null},"geometry":{"type":"LineString","coordinates":[[126.9526028,37.460786],[126.9525804,37.4607202]]}},
{"type":"Feature","id":456536861,"properties":{"type":"footway","service":null,"tunnel":false,"tunnel_type":null},"geometry":{"type":"LineString","coordinates":[[126.9526028,37.460786],[126.9526676,37.4607726]]}},
{"type":"Feature","id":456539211,"properties":{"type":"steps","service":null,"tunnel":false,"tunnel_type":null},"geometry":{"type":"LineString","coordinates":[[126.9535512,37.4634594],[126.9539579,37.4634231]]}},
{"type":"Feature","id":456539212,"properties":{"type":"footway","service":null,"tunnel":false,"tunnel_type":null},"geometry":{"type":"LineString","coordinates":[[126.9539696,37.4635144],[126.9541454,37.4635249],[126.9541923,37.4635571]]}},
{"type":"Feature","id":456539213,"properties":{"type":"footway","service":null,"tunnel":false,"tunnel_type":null},"geometry":{"type":"LineString","coordinates":[[126.952744,37.46338],[126.952892,37.4632547]]}},
{"type":"Feature","id":456539214,"properties":{"type":"footway","service":null,"tunnel":false,"tunnel_type":null},"geometry":{"type":"LineString","coordinates":[[126.952892,37.4632547],[126.9529697,37.4631797],[126.9530541,37.4630982]]}},
{"type":"Feature","id":456539215,"properties":{"type":"footway","service":null,"tunnel":false,"tunnel_type":null},"geometry":{"type":"LineString","coordinates":[[126.9527914,37.4637741],[126.9528525,37.4637208],[126.9528508,37.463665],[126.9528426,37.4633879],[126.952744,37.46338]]}},
{"type":"Feature","id":456539216,"properties":{"type":"footway","service":null,"tunnel":false,"tunnel_type":null},"geometry":{"type":"LineString","coordinates":[[126.952744,37.46338],[126.9527271,37.4634535]]}},
{"type":"Feature","id":456539217,"properties":{"type":"footway","service":null,"tunnel":false,"tunnel_type":null},"geometry":{"type":"LineString","coordinates":[[126.9527448,37.4636738],[126.9527914,37.4637741]]}},
{"type":"Feature","id":456539218,"properties":{"type":"steps","service":null,"tunnel":false,"tunnel_type":null},"geometry":{"type":"LineString","coordinates":[[126.952892,37.4632547],[126.9531486,37.463286]]}},
{"type":"Feature","id":456539219,"properties":{"type":"footway","service":null,"tunnel":false,"tunnel_type":null},"geometry":{"type":"LineString","coordinates":[[126.9531486,37.463286],[126.9533325,37.4633047]]}},
{"type":"Feature","id":456540167,"properties":{"type":"steps","service":null,"tunnel":false,"tunnel_type":null},"geometry":{"type":"LineString","coordinates":[[126.9545705,37.4609408],[126.9546124,37.4610139],[126.9547014,37.4610228]]}},
{"type":"Feature","id":456540170,"properties":{"type":"footway","service":null,"tunnel":false,"tunnel_type":null},"geometry":{"type":"LineString","coordinates":[[126.9547014,37.4610228],[126.9547956,37.4611531]]}},
{"type":"Feature","id":456540173,"properties":{"type":"footway","service":null,"tunnel":false,"tunnel_type":null},"geometry":{"type":"LineString","coordinates":[[126.9539482,37.4609818],[126.9540878,37.4609935]]}},
{"type":"Feature","id":456540175,"properties":{"type":"steps","service":null,"tunnel":false,"tunnel_type":null},"geometry":{"type":"LineString","coordinates":[[126.9540878,37.4609935],[126.9543093,37.4608938]]}},
{"type":"Feature","id":456540177,"properties":{"type":"steps","service":null,"tunnel":false,"tunnel_type":null},"geometry":{"type":"LineString","coordinates":[[126.9532437,37.4604534],[126.9534429,37.4602813]]}},
{"type":"Feature","id":456540180,"properties":{"type":"footway","service":null,"tunnel":false,"tunnel_type":null},"geometry":{"type":"LineString","coordinates":[[126.9534429,37.4602813],[126.9539482,37.4609818],[126.9539663,37.4610068]]}},
{"type":"Feature","id":456540183,"properties":{"type":"footway","service":null,"tunnel":false,"tunnel_type":null},"geometry":{"type":"LineString","coordinates":[[126.9543576,37.4609598],[126.9547224,37.4607787]]}},
{"type":"Feature","id":456540185,"properties":{"type":"steps","service":null,"tunnel":false,"tunnel_type":null},"geometry":{"type":"LineString","coordinates":[[126.954769,37.4605481],[126.9548555,37.4604976]]}},
{"type":"Feature","id":456540187,"properties":{"type":"steps","service":null,"tunnel":false,"tunnel_type":null},"geometry":{"type":"LineString","coordinates":[[126.9547224,37.4607787],[126.9548026,37.4607389]]}},
{"type":"Feature","id":456540189,"properties":{"type":"steps","service":null,"tunnel":false,"tunnel_type":null},"geometry":{"type":"LineString","coordinates":[[126.954878,37.4607015],[126.9549195,37.4607623]]}},
{"type":"Feature","id":456540193,"properties":{"type":"footway","service":null,"tunnel":false,"tunnel_type":null},"geometry":{"type":"LineString","coordinates":[[126.9548026,37.4607389],[126.954878,37.4607015],[126.954769,37.4605481],[126.954638,37.4603638]]}},
{"type":"Feature","id":456540194,"properties":{"type":"steps","service":null,"tunnel":false,"tunnel_type":null},"geometry":{"type":"LineString","coordinates":[[126.954638,37.4603638],[126.9546713,37.4602711]]}},
{"type":"Feature","id":456540196,"properties":{"type":"steps","service":null,"tunnel":false,"tunnel_type":null},"geometry":{"type":"LineString","coordinates":[[126.9547956,37.4611531],[126.9550477,37.4610339]]}},
{"type":"Feature","id":456540198,"properties":{"type":"service","service":null,"tunnel":false,"tunnel_type":null},"geometry":{"type":"LineString","coordinates":[[126.9550484,37.4606964],[126.9551714,37.4606963],[126.9552458,37.4606647]]}},
{"type":"Feature","id":456540201,"properties":{"type":"service","service":null,"tunnel":false,"tunnel_type":null},"geometry":{"type":"LineString","coordinates":[[126.9550484,37.4606964],[126.9549646,37.46061],[126.9548555,37.4604976],[126.9546713,37.4602711],[126.9543491,37.4598748],[126.9542919,37.4598045],[126.9542011,37.4596928],[126.9540242,37.4596087],[126.9532553,37.459495]]}},
{"type":"Feature","id":456540203,"properties":{"type":"pedestrian","service":null,"tunnel":false,"tunnel_type":null},"geometry":{"type":"LineString","coordinates":[[126.9552744,37.4605752],[126.9552223,37.4605055]]}},
{"type":"Feature","id":456540205,"properties":{"type":"service","service":null,"tunnel":false,"tunnel_type":null},"geometry":{"type":"LineString","coordinates":[[126.9557494,37.4603477],[126.9558146,37.4604399]]}},
{"type":"Feature","id":456540208,"properties":{"type":"service","service":null,"tunnel":false,"tunnel_type":null},"geometry":{"type":"LineString","coordinates":[[126.9557494,37.4603477],[126.955769,37.4603036]]}},
{"type":"Feature","id":456540210,"properties":{"type":"steps","service":null,"tunnel":false,"tunnel_type":null},"geometry":{"type":"LineString","coordinates":[[126.9549646,37.46061],[126.9552085,37.4604871]]}},
{"type":"Feature","id":456540211,"properties":{"type":"pedestrian","service":null,"tunnel":false,"tunnel_type":null},"geometry":{"type":"LineString","coordinates":[[126.9552223,37.4605055],[126.9552085,37.4604871],[126.9551612,37.4603853],[126.9550562,37.4602834]]}},
{"type":"Feature","id":456540213,"properties":{"type":"steps","service":null,"tunnel":false,"tunnel_type":null},"geometry":{"type":"LineString","coordinates":[[126.9543491,37.4598748],[126.9546367,37.4597252]]}},
{"type":"Feature","id":456540215,"properties":{"type":"pedestrian","service":null,"tunnel":false,"tunnel_type":null},"geometry":{"type":"LineString","coordinates":[[126.9546367,37.4597252],[126.9544975,37.4595677],[126.9544656,37.459545]]}},
{"type":"Feature","id":456540217,"properties":{"type":"service","service":null,"tunnel":false,"tunnel_type":null},"geometry":{"type":"LineString","coordinates":[[126.9544533,37.4592746],[126.9534088,37.4588771]]}},
{"type":"Feature","id":456540222,"properties":{"type":"service","service":null,"tunnel":false,"tunnel_type":null},"geometry":{"type":"LineString","coordinates":[[126.9546077,37.4593751],[126.954704,37.4592478],[126.9547789,37.459174]]}},
{"type":"Feature","id":456540224,"properties":{"type":"service","service":null,"tunnel":false,"tunnel_type":null},"geometry":{"type":"LineString","coordinates":[[126.9547789,37.459174],[126.9548667,37.4590663]]}},
{"type":"Feature","id":456540227,"properties":{"type":"service","service":null,"tunnel":false,"tunnel_type":null},"geometry":{"type":"LineString","coordinates":[[126.9534088,37.4588771],[126.953346,37.458836]]}},
{"type":"Feature","id":456540230,"properties":{"type":"service","service":null,"tunnel":false,"tunnel_type":null},"geometry":{"type":"LineString","coordinates":[[126.9549816,37.4592521],[126.9550769,37.4593794],[126.955436,37.4598589],[126.9556396,37.4601308],[126.9557435,37.4602695],[126.955769,37.4603036]]}},
{"type":"Feature","id":456540231,"properties":{"type":"steps","service":null,"tunnel":false,"tunnel_type":null},"geometry":{"type":"LineString","coordinates":[[126.9530337,37.4592675],[126.9531345,37.4591814],[126.953198,37.4590734]]}},
{"type":"Feature","id":456922927,"properties":{"type":"footway","service":null,"tunnel":false,"tunnel_type":null},"geometry":{"type":"LineString","coordinates":[[126.9527377,37.4629947],[126.9529697,37.4631797]]}},
{"type":"Feature","id":456922929,"properties":{"type":"footway","service":null,"tunnel":false,"tunnel_type":null},"geometry":{"type":"LineString","coordinates":[[126.9537999,37.4642402],[126.9538453,37.4642254]]}},
{"type":"Feature","id":456922931,"properties":{"type":"footway","service":null,"tunnel":false,"tunnel_type":null},"geometry":{"type":"LineString","coordinates":[[126.9536074,37.4639448],[126.9536503,37.4639241]]}},
{"type":"Feature","id":456922935,"properties":{"type":"footway","service":null,"tunnel":false,"tunnel_type":null},"geometry":{"type":"LineString","coordinates":[[126.9534859,37.4642883],[126.9533557,37.4643555],[126.9533894,37.4644032],[126.9535793,37.4646724],[126.9536203,37.4647306],[126.95364,37.4647248],[126.9537203,37.4648724]]}},
{"type":"Feature","id":456922938,"properties":{"type":"footway","service":null,"tunnel":false,"tunnel_type":null},"geometry":{"type":"LineString","coordinates":[[126.9533448,37.4644293],[126.9533894,37.4644032]]}},
{"type":"Feature","id":456922939,"properties":{"type":"footway","service":null,"tunnel":false,"tunnel_type":null},"geometry":{"type":"LineString","coordinates":[[126.9528711,37.4651539],[126.9529303,37.4651382],[126.9531964,37.4652492]]}},
{"type":"Feature","id":456922941,"properties":{"type":"footway","service":null,"tunnel":false,"tunnel_type":null},"geometry":{"type":"LineString","coordinates":[[126.9529303,37.4651382],[126.9532198,37.4650733]]}},
{"type":"Feature","id":456922944,"properties":{"type":"footway","service":null,"tunnel":false,"tunnel_type":null},"geometry":{"type":"LineString","coordinates":[[126.9528386,37.4647686],[126.9531968,37.4647387]]}},
{"type":"Feature","id":456922946,"properties":{"type":"pedestrian","service":null,"tunnel":false,"tunnel_type":null},"geometry":{"type":"LineString","coordinates":[[126.9533251,37.4654672],[126.9536508,37.466129]]}},
{"type":"Feature","id":456922953,"properties":{"type":"footway","service":null,"tunnel":false,"tunnel_type":null},"geometry":{"type":"LineString","coordinates":[[126.9531968,37.4647387],[126.9532025,37.4648211],[126.9532198,37.4650733],[126.9531964,37.4652492],[126.9532432,37.4653819],[126.9532615,37.4653747],[126.9533251,37.4654672]]}},
{"type":"Feature","id":456922955,"properties":{"type":"footway","service":null,"tunnel":false,"tunnel_type":null},"geometry":{"type":"LineString","coordinates":[[126.9532432,37.4653819],[126.9532615,37.4653747]]}},
{"type":"Feature","id":456922957,"properties":{"type":"footway","service":null,"tunnel":false,"tunnel_type":null},"geometry":{"type":"LineString","coordinates":[[126.9536203,37.4647306],[126.95364,37.4647248]]}},
{"type":"Feature","id":456922959,"properties":{"type":"steps","service":null,"tunnel":false,"tunnel_type":null},"geometry":{"type":"LineString","coordinates":[[126.9532025,37.4648211],[126.9535793,37.4646724]]}},
{"type":"Feature","id":456922963,"properties":{"type":"steps","service":null,"tunnel":false,"tunnel_type":null},"geometry":{"type":"LineString","coordinates":[[126.9531968,37.4647387],[126.9530931,37.4645723]]}},
{"type":"Feature","id":456922965,"properties":{"type":"footway","service":null,"tunnel":false,"tunnel_type":null},"geometry":{"type":"LineString","coordinates":[[126.9530931,37.4645723],[126.9531417,37.4645527]]}},
{"type":"Feature","id":456922966,"properties":{"type":"footway","service":null,"tunnel":false,"tunnel_type":null},"geometry":{"type":"LineString","coordinates":[[126.9530931,37.4645723],[126.9529298,37.4642893],[126.9532391,37.4641392]]}},
{"type":"Feature","id":456934305,"properties":{"type":"service","service":null,"tunnel":false,"tunnel_type":null},"geometry":{"type":"LineString","coordinates":[[126.9518538,37.4553052],[126.9519481,37.4554617],[126.9522565,37.4559735],[126.9522847,37.4560203]]}},
{"type":"Feature","id":456934306,"properties":{"type":"service","service":null,"tunnel":false,"tunnel_type":null},"geometry":{"type":"LineString","coordinates":[[126.9498164,37.4551192],[126.9500102,37.4545143],[126.9502332,37.4538813]]}},
{"type":"Feature","id":456934307,"properties":{"type":"service","service":null,"tunnel":false,"tunnel_type":null},"geometry":{"type":"LineString","coordinates":[[126.9503298,37.4527028],[126.9503243,37.4526372],[126.9502928,37.4525385],[126.9500722,37.4520836],[126.9500158,37.4519729],[126.9499763,37.4518486],[126.9497986,37.4509018],[126.9497878,37.4507123],[126.9498341,37.45016],[126.9498281,37.4499883],[126.9498093,37.4498073],[126.9497885,37.4496469],[126.9497315,37.4494347],[126.9496674,37.4492125]]}},
{"type":"Feature","id":456934308,"properties":{"type":"footway","service":null,"tunnel":false,"tunnel_type":null},"geometry":{"type":"LineString","coordinates":[[126.9497586,37.455567],[126.9498766,37.4552589],[126.9499101,37.4551714]]}},
{"type":"Feature","id":456934309,"properties":{"type":"footway","service":null,"tunnel":false,"tunnel_type":null},"geometry":{"type":"LineString","coordinates":[[126.9499101,37.4551714],[126.9505457,37.4552336]]}},
{"type":"Feature","id":456934310,"properties":{"type":"steps","service":null,"tunnel":false,"tunnel_type":null},"geometry":{"type":"LineString","coordinates":[[126.9499952,37.4555283],[126.9498766,37.4552589]]}},
{"type":"Feature","id":456934312,"properties":{"type":"service","service":null,"tunnel":false,"tunnel_type":null},"geometry":{"type":"LineString","coordinates":[[126.951008,37.455228],[126.9507824,37.4552074],[126.950559,37.455187],[126.9505272,37.4551841],[126.9500288,37.4551386],[126.9498164,37.4551192]]}},
{"type":"Feature","id":456934314,"properties":{"type":"footway","service":null,"tunnel":false,"tunnel_type":null},"geometry":{"type":"LineString","coordinates":[[126.9507908,37.4551712],[126.9507903,37.4551481]]}},
{"type":"Feature","id":456934315,"properties":{"type":"footway","service":null,"tunnel":false,"tunnel_type":null},"geometry":{"type":"LineString","coordinates":[[126.9500288,37.4551386],[126.9500488,37.4550713]]}},
{"type":"Feature","id":456934316,"properties":{"type":"steps","service":null,"tunnel":false,"tunnel_type":null},"geometry":{"type":"LineString","coordinates":[[126.9505379,37.4551449],[126.9505411,37.4551223]]}},
{"type":"Feature","id":457001534,"properties":{"type":"service","service":null,"tunnel":false,"tunnel_type":null},"geometry":{"type":"LineString","coordinates":[[126.9492396,37.4570675],[126.9493826,37.4565504]]}},
{"type":"Feature","id":457001535,"properties":{"type":"service","service":null,"tunnel":false,"tunnel_type":null},"geometry":{"type":"LineString","coordinates":[[126.94954,37.4560095],[126.9496867,37.4555526]]}},
{"type":"Feature","id":457001536,"properties":{"type":"service","service":null,"tunnel":false,"tunnel_type":null},"geometry":{"type":"LineString","coordinates":[[126.9488669,37.4558513],[126.949346,37.4558992]]}},
{"type":"Feature","id":457001538,"properties":{"type":"footway","service":null,"tunnel":false,"tunnel_type":null},"geometry":{"type":"LineString","coordinates":[[126.949346,37.4558992],[126.9497445,37.455956]]}},
{"type":"Feature","id":457001539,"properties":{"type":"footway","service":null,"tunnel":false,"tunnel_type":null},"geometry":{"type":"LineString","coordinates":[[126.9492787,37.4562801],[126.949346,37.4558992]]}},
{"type":"Feature","id":457001540,"properties":{"type":"service","service":null,"tunnel":false,"tunnel_type":null},"geometry":{"type":"LineString","coordinates":[[126.949399,37.4564938],[126.9495134,37.4564549],[126.949904,37.4562056]]}},
{"type":"Feature","id":457001541,"properties":{"type":"service","service":null,"tunnel":false,"tunnel_type":null},"geometry":{"type":"LineString","coordinates":[[126.9498401,37.456612],[126.949904,37.4562056]]}},
{"type":"Feature","id":457001543,"properties":{"type":"service","service":null,"tunnel":false,"tunnel_type":null},"geometry":{"type":"LineString","coordinates":[[126.950336,37.4559729],[126.9500366,37.4560589],[126.949904,37.4562056]]}},
{"type":"Feature","id":457001544,"properties":{"type":"service","service":null,"tunnel":false,"tunnel_type":null},"geometry":{"type":"LineString","coordinates":[[126.950489,37.4554326],[126.9505457,37.4552336],[126.950559,37.455187]]}},
{"type":"Feature","id":457001545,"properties":{"type":"service","service":null,"tunnel":false,"tunnel_type":null},"geometry":{"type":"LineString","coordinates":[[126.950559,37.455187],[126.9506639,37.455292],[126.9510329,37.4553301],[126.9510992,37.455337]]}},
{"type":"Feature","id":457001546,"properties":{"type":"steps","service":null,"tunnel":false,"tunnel_type":null},"geometry":{"type":"LineString","coordinates":[[126.9510329,37.4553301],[126.9510506,37.4552319]]}},
{"type":"Feature","id":457001547,"properties":{"type":"footway","service":null,"tunnel":false,"tunnel_type":null},"geometry":{"type":"LineString","coordinates":[[126.9509095,37.4561199],[126.9510329,37.4553301]]}},
{"type":"Feature","id":457001548,"properties":{"type":"service","service":null,"tunnel":false,"tunnel_type":null},"geometry":{"type":"LineString","coordinates":[[126.9497748,37.4552535],[126.9498164,37.4551192]]}},
{"type":"Feature","id":457001550,"properties":{"type":"steps","service":null,"tunnel":false,"tunnel_type":null},"geometry":{"type":"LineString","coordinates":[[126.9505752,37.4571432],[126.9505825,37.4568924]]}},
{"type":"Feature","id":457001552,"properties":{"type":"service","service":null,"tunnel":false,"tunnel_type":null},"geometry":{"type":"LineString","coordinates":[[126.9500028,37.457342],[126.9502736,37.4572939],[126.9503782,37.4572897],[126.9505097,37.4572641],[126.9505726,37.4572325],[126.9505752,37.4571432]]}},
{"type":"Feature","id":457001553,"properties":{"type":"living_street","service":null,"tunnel":false,"tunnel_type":null},"geometry":{"type":"LineString","coordinates":[[126.9513939,37.457309],[126.9513747,37.4570452]]}},
{"type":"Feature","id":457001554,"properties":{"type":"living_street","service":null,"tunnel":false,"tunnel_type":null},"geometry":{"type":"LineString","coordinates":[[126.9513747,37.4570452],[126.9514233,37.4569372],[126.9515029,37.4568401],[126.951562,37.4567359],[126.9515926,37.4566819],[126.9517051,37.4564536],[126.9517493,37.4562598]]}},
{"type":"Feature","id":457001555,"properties":{"type":"footway","service":null,"tunnel":false,"tunnel_type":null},"geometry":{"type":"LineString","coordinates":[[126.9519212,37.4571613],[126.9516547,37.4569269]]}},
{"type":"Feature","id":457001556,"properties":{"type":"steps","service":null,"tunnel":false,"tunnel_type":null},"geometry":{"type":"LineString","coordinates":[[126.9516547,37.4569269],[126.951562,37.4567359]]}},
{"type":"Feature","id":457001557,"properties":{"type":"service","service":null,"tunnel":false,"tunnel_type":null},"geometry":{"type":"LineString","coordinates":[[126.9518893,37.4572318],[126.9518541,37.4572954],[126.951822,37.4574487],[126.9518606,37.4576241],[126.951936,37.4577706],[126.9520109,37.4579163],[126.952279,37.4583816],[126.953198,37.4590734],[126.9532648,37.459125],[126.954334,37.459499],[126.9544533,37.4592746]]}},
{"type":"Feature","id":457001558,"properties":{"type":"service","service":null,"tunnel":false,"tunnel_type":null},"geometry":{"type":"LineString","coordinates":[[126.9521447,37.4570788],[126.9520426,37.4570854],[126.9519212,37.4571613],[126.9518893,37.4572318]]}},
{"type":"Feature","id":457001560,"properties":{"type":"steps","service":null,"tunnel":false,"tunnel_type":null},"geometry":{"type":"LineString","coordinates":[[126.9523814,37.455686],[126.9523791,37.4557827],[126.9523768,37.4558755],[126.9523801,37.4559173],[126.9522565,37.4559735]]}},
{"type":"Feature","id":457001562,"properties":{"type":"living_street","service":null,"tunnel":false,"tunnel_type":null},"geometry":{"type":"LineString","coordinates":[[126.9517493,37.4562598],[126.9517873,37.4560052],[126.9518049,37.4558727],[126.9518298,37.4556933]]}},
{"type":"Feature","id":457001563,"properties":{"type":"service","service":null,"tunnel":false,"tunnel_type":null},"geometry":{"type":"LineString","coordinates":[[126.9518298,37.4556933],[126.9518033,37.4555779],[126.9518445,37.4554598],[126.9518538,37.4553052],[126.9519725,37.4543435],[126.9519948,37.4540135],[126.9520297,37.4537766],[126.9520651,37.4535294],[126.9521304,37.4532053],[126.9521413,37.4529655],[126.9520434,37.4525961],[126.9520292,37.45245],[126.9520965,37.4523292],[126.952226,37.452213],[126.9526616,37.4521025],[126.9527968,37.4520663]]}},
{"type":"Feature","id":457001564,"properties":{"type":"service","service":null,"tunnel":false,"tunnel_type":null},"geometry":{"type":"LineString","coordinates":[[126.9521447,37.4570788],[126.9522183,37.4571339],[126.9522687,37.4572314],[126.9523156,37.4573281],[126.9523759,37.4574356]]}},
{"type":"Feature","id":457199080,"properties":{"type":"service","service":null,"tunnel":false,"tunnel_type":null},"geometry":{"type":"LineString","coordinates":[[126.9535512,37.4634594],[126.9534485,37.4633907],[126.9533325,37.4633047],[126.9530541,37.4630982],[126.9529738,37.4630522]]}},
{"type":"Feature","id":460578904,"properties":{"type":"steps","service":null,"tunnel":false,"tunnel_type":null},"geometry":{"type":"LineString","coordinates":[[126.9487417,37.4601535],[126.9486549,37.459896]]}},
{"type":"Feature","id":460578905,"properties":{"type":"steps","service":null,"tunnel":false,"tunnel_type":null},"geometry":{"type":"LineString","coordinates":[[126.9494774,37.459093],[126.9494595,37.4590545]]}},
{"type":"Feature","id":460578906,"properties":{"type":"steps","service":null,"tunnel":false,"tunnel_type":null},"geometry":{"type":"LineString","coordinates":[[126.949623,37.4590444],[126.9497405,37.4590119]]}},
{"type":"Feature","id":460771011,"properties":{"type":"steps","service":null,"tunnel":false,"tunnel_type":null},"geometry":{"type":"LineString","coordinates":[[126.954703,37.4644616],[126.954606,37.4643116]]}},
{"type":"Feature","id":460872138,"properties":{"type":"steps","service":null,"tunnel":false,"tunnel_type":null},"geometry":{"type":"LineString","coordinates":[[126.9526573,37.4629095],[126.9525031,37.4631033]]}},
{"type":"Feature","id":460872139,"properties":{"type":"steps","service":null,"tunnel":false,"tunnel_type":null},"geometry":{"type":"LineString","coordinates":[[126.9528508,37.463665],[126.9530191,37.4636751]]}},
{"type":"Feature","id":460872140,"properties":{"type":"footway","service":null,"tunnel":false,"tunnel_type":null},"geometry":{"type":"LineString","coordinates":[[126.9533179,37.46213],[126.9532848,37.4621929],[126.9532796,37.4623815],[126.9535045,37.4624018],[126.9534891,37.4627951]]}},
{"type":"Feature","id":460872141,"properties":{"type":"footway","service":null,"tunnel":false,"tunnel_type":null},"geometry":{"type":"LineString","coordinates":[[126.9535453,37.4629269],[126.953788,37.4631743],[126.9537727,37.4633466],[126.9535512,37.4634594]]}},
{"type":"Feature","id":460872142,"properties":{"type":"footway","service":null,"tunnel":false,"tunnel_type":null},"geometry":{"type":"LineString","coordinates":[[126.9534891,37.4627951],[126.9535111,37.4628467],[126.9535453,37.4629269]]}},
{"type":"Feature","id":460872143,"properties":{"type":"steps","service":null,"tunnel":false,"tunnel_type":null},"geometry":{"type":"LineString","coordinates":[[126.9531979,37.4629634],[126.9533001,37.4629046],[126.9535111,37.4628467]]}},
{"type":"Feature","id":460872144,"properties":{"type":"steps","service":null,"tunnel":false,"tunnel_type":null},"geometry":{"type":"LineString","coordinates":[[126.9535111,37.4628467],[126.9537113,37.4627809],[126.9537497,37.4628924]]}},
{"type":"Feature","id":460872145,"properties":{"type":"steps","service":null,"tunnel":false,"tunnel_type":null},"geometry":{"type":"LineString","coordinates":[[126.9526389,37.4616732],[126.9527789,37.4616434]]}},
{"type":"Feature","id":460872146,"properties":{"type":"steps","service":null,"tunnel":false,"tunnel_type":null},"geometry":{"type":"LineString","coordinates":[[126.9534092,37.4618164],[126.9532515,37.4618199]]}},
{"type":"Feature","id":460919047,"properties":{"type":"footway","service":null,"tunnel":false,"tunnel_type":null},"geometry":{"type":"LineString","coordinates":[[126.9519762,37.4560208],[126.9519695,37.4561271]]}},
{"type":"Feature","id":460919048,"properties":{"type":"service","service":null,"tunnel":false,"tunnel_type":null},"geometry":{"type":"LineString","coordinates":[[126.9525622,37.4566394],[126.9524993,37.4571047],[126.9524688,37.4572187],[126.9525413,37.4574605],[126.9526832,37.4574974],[126.9529157,37.457581]]}},
{"type":"Feature","id":460919049,"properties":{"type":"service","service":null,"tunnel":false,"tunnel_type":null},"geometry":{"type":"LineString","coordinates":[[126.9525385,37.4564846],[126.9525462,37.4565368],[126.9525622,37.4566394]]}},
{"type":"Feature","id":460919050,"properties":{"type":"steps","service":null,"tunnel":false,"tunnel_type":null},"geometry":{"type":"LineString","coordinates":[[126.9514214,37.4549926],[126.9514299,37.4549095]]}},
{"type":"Feature","id":460919051,"properties":{"type":"steps","service":null,"tunnel":false,"tunnel_type":null},"geometry":{"type":"LineString","coordinates":[[126.9513915,37.4547112],[126.9514043,37.454618]]}},
{"type":"Feature","id":460919052,"properties":{"type":"steps","service":null,"tunnel":false,"tunnel_type":null},"geometry":{"type":"LineString","coordinates":[[126.9518622,37.4548269],[126.9517566,37.4548197]]}},
{"type":"Feature","id":460919053,"properties":{"type":"steps","service":null,"tunnel":false,"tunnel_type":null},"geometry":{"type":"LineString","coordinates":[[126.9518956,37.454572],[126.951825,37.4545671]]}},
{"type":"Feature","id":460919055,"properties":{"type":"steps","service":null,"tunnel":false,"tunnel_type":null},"geometry":{"type":"LineString","coordinates":[[126.9521282,37.45494],[126.9521986,37.4549383],[126.9522242,37.4547807],[126.9522905,37.4547231],[126.9524007,37.454818]]}},
{"type":"Feature","id":460930929,"properties":{"type":"footway","service":null,"tunnel":false,"tunnel_type":null},"geometry":{"type":"LineString","coordinates":[[126.9543608,37.464772],[126.9547805,37.4645865],[126.954703,37.4644616]]}},
{"type":"Feature","id":468202819,"properties":{"type":"service","service":null,"tunnel":false,"tunnel_type":null},"geometry":{"type":"LineString","coordinates":[[126.9481206,37.4667181],[126.9481266,37.46657],[126.9481507,37.4663409],[126.9481775,37.4662599],[126.9484246,37.4658072],[126.9485078,37.4655684],[126.9485567,37.4652167],[126.948716,37.4646039],[126.9487546,37.4644262],[126.9488168,37.4638853],[126.9488391,37.4637801],[126.949062,37.4629564],[126.9491125,37.4627151],[126.9493071,37.4617323],[126.9493252,37.461535],[126.9493145,37.4613519],[126.949203,37.460959],[126.9490609,37.4606084],[126.9487347,37.4597226],[126.9486891,37.4595417],[126.9486945,37.45935],[126.9487321,37.4591456],[126.9489342,37.458336]]}},
{"type":"Feature","id":468665859,"properties":{"type":"service","service":null,"tunnel":false,"tunnel_type":null},"geometry":{"type":"LineString","coordinates":[[126.9523517,37.4510578],[126.9524132,37.4512253],[126.9524496,37.4513051],[126.952657,37.4517599],[126.9526683,37.4517847],[126.9526779,37.4518057],[126.9527968,37.4520663],[126.9534621,37.4534833]]}},
{"type":"Feature","id":468665862,"properties":{"type":"service","service":null,"tunnel":false,"tunnel_type":null},"geometry":{"type":"LineString","coordinates":[[126.9515377,37.4511446],[126.9514249,37.4512552],[126.9514958,37.4514811],[126.9522493,37.4513318],[126.9522695,37.4513278],[126.9523935,37.4514472],[126.9525083,37.4516849],[126.9526683,37.4517847]]}},
{"type":"Feature","id":470200304,"properties":{"type":"secondary_link","service":null,"tunnel":false,"tunnel_type":null},"geometry":{"type":"LineString","coordinates":[[126.9449971,37.4697443],[126.9449655,37.4697598],[126.9449352,37.4697714],[126.9448921,37.4697805],[126.9448517,37.469779],[126.9448164,37.4697716],[126.9447884,37.4697557],[126.9447717,37.4697369],[126.9447609,37.4697095],[126.9447576,37.469685],[126.9447618,37.4696558],[126.9447689,37.4696328],[126.9447798,37.4696127]]}},
{"type":"Feature","id":471851512,"properties":{"type":"service","service":"alley","tunnel":false,"tunnel_type":null},"geometry":{"type":"LineString","coordinates":[[126.9658608,37.4718173],[126.9658909,37.4716996],[126.9662818,37.4719566],[126.9662209,37.4720742],[126.9662195,37.4721205],[126.9661054,37.4722515],[126.9662597,37.4724101],[126.9664534,37.4727541]]}},
{"type":"Feature","id":478021143,"properties":{"type":"path","service":null,"tunnel":false,"tunnel_type":null},"geometry":{"type":"LineString","coordinates":[[126.9496766,37.4472819],[126.9495243,37.4471456],[126.9495749,37.4469526],[126.9501837,37.4469079],[126.9503035,37.4468763],[126.950394,37.4468606],[126.9505764,37.4467755],[126.950584,37.4467624],[126.9506862,37.4466995],[126.9506952,37.4466629],[126.9507332,37.4466313],[126.9507352,37.4466084],[126.9507639,37.4465846],[126.9508105,37.44657],[126.9509022,37.446514],[126.9509655,37.4464583],[126.9510181,37.4464013],[126.9510838,37.4463492],[126.9511321,37.4463404],[126.9511593,37.4463485],[126.9512027,37.4463347],[126.9512718,37.4463188],[126.9513524,37.4463323],[126.9514274,37.4463604],[126.9515234,37.4463714],[126.9515867,37.4463916],[126.9516274,37.4464138],[126.9516735,37.4464264],[126.9517072,37.4464328],[126.9517544,37.4464266],[126.9518008,37.4464127],[126.9518116,37.4464241],[126.9518963,37.4464197],[126.9519065,37.4464129],[126.9519728,37.4463988],[126.9520125,37.4464013],[126.9520512,37.4463903],[126.9521074,37.4463838],[126.9521428,37.4463876],[126.9522126,37.4463895],[126.9522469,37.4464036],[126.9523046,37.4464135],[126.9523236,37.4464039],[126.9523634,37.4463824],[126.9524341,37.4463374],[126.9524799,37.4463233],[126.9525175,37.446319],[126.9525751,37.4463321],[126.9526169,37.4463274],[126.9526844,37.4462955],[126.952724,37.44625],[126.9528236,37.4462128],[126.9529373,37.4461903]]}},
{"type":"Feature","id":478555669,"properties":{"type":"footway","service":null,"tunnel":false,"tunnel_type":null},"geometry":{"type":"LineString","coordinates":[[126.9601449,37.4655775],[126.9602814,37.4656013],[126.9604129,37.465546],[126.9605577,37.4654289],[126.9606811,37.4654225],[126.96096,37.4656737],[126.96107,37.4658078]]}},
{"type":"Feature","id":478967623,"properties":{"type":"path","service":null,"tunnel":false,"tunnel_type":null},"geometry":{"type":"LineString","coordinates":[[126.9626975,37.4696182],[126.9625246,37.4695533],[126.962401,37.4694389],[126.9619346,37.4694575],[126.9615778,37.4695022],[126.9614558,37.4695905],[126.9613458,37.4695948],[126.9611124,37.4695618],[126.9610266,37.4695735],[126.9609167,37.4696097],[126.9608188,37.4696597],[126.9607541,37.4697107],[126.9607182,37.4698024],[126.9607141,37.4699045],[126.9606055,37.4700759],[126.9603185,37.4704219],[126.9602381,37.4704782],[126.9601066,37.4706571],[126.9599494,37.4708812],[126.9592469,37.4717873],[126.9591834,37.4718693],[126.9589279,37.4719923],[126.9587555,37.4720013],[126.9585637,37.471956],[126.9583297,37.4718843],[126.9580775,37.4718651],[126.957804,37.4720092],[126.9576564,37.4722781],[126.9576028,37.4723696],[126.9576006,37.4725379],[126.9570234,37.4726762],[126.9563904,37.4727145],[126.9561517,37.4728507],[126.9557869,37.4728742],[126.9552988,37.4730232],[126.9549386,37.4730104],[126.9543171,37.472044],[126.9538343,37.4712308],[126.9535333,37.4708559],[126.9535543,37.4707245],[126.9537162,37.4703374],[126.9537163,37.4701515],[126.9536291,37.4700312],[126.9534118,37.4700291],[126.9530846,37.4700057],[126.9528969,37.4700408],[126.9527856,37.4700466],[126.9526018,37.4699721],[126.9523552,37.4699397]]}},
{"type":"Feature","id":478967624,"properties":{"type":"path","service":null,"tunnel":false,"tunnel_type":null},"geometry":{"type":"LineString","coordinates":[[126.9474931,37.4635978],[126.9473743,37.4635324],[126.9472797,37.4634973],[126.9471948,37.4634659],[126.9466823,37.4632956],[126.9464187,37.4631678],[126.9463429,37.4631144],[126.946308,37.4630474],[126.9462536,37.462961],[126.9462654,37.4629172],[126.9462768,37.4628821],[126.9462671,37.4628462],[126.946247,37.4628033],[126.9462024,37.46276],[126.9461736,37.462732],[126.9461478,37.4627206],[126.9460635,37.4626462],[126.9460734,37.4625485],[126.9461618,37.4624853],[126.9462383,37.4624598],[126.9463201,37.462463],[126.9463681,37.462461],[126.9463918,37.4624542],[126.9463989,37.4624246],[126.9463851,37.462402],[126.9463653,37.4623773],[126.9463174,37.4623331],[126.9462128,37.4622809],[126.9461564,37.4622256],[126.9461457,37.4621621],[126.9461203,37.4621223],[126.9460371,37.4620414],[126.9459432,37.4619765],[126.9458713,37.461957],[126.9457716,37.4618998],[126.9457193,37.4618892],[126.9456361,37.4619158],[126.9455664,37.4619296],[126.9455057,37.4619221],[126.9454591,37.4618743],[126.9454336,37.4618051],[126.945392,37.461738],[126.9452351,37.4616497],[126.9451123,37.46158],[126.9450085,37.4615741],[126.944975,37.4615517],[126.9449535,37.4614655],[126.9449066,37.4613963]]}},
{"type":"Feature","id":478967625,"properties":{"type":"path","service":null,"tunnel":false,"tunnel_type":null},"geometry":{"type":"LineString","coordinates":[[126.9416956,37.4604853],[126.9415432,37.4603425],[126.9414666,37.4602392],[126.9413662,37.4600593],[126.9413245,37.4599646],[126.9413352,37.4598602],[126.9412776,37.4597378],[126.9411856,37.4597351],[126.9409692,37.4596761],[126.9409141,37.459692],[126.9407772,37.4596529],[126.940591,37.4596335],[126.9403454,37.4596729],[126.940206,37.4596473],[126.9400438,37.4596037],[126.9399178,37.4596335],[126.9397822,37.4596388],[126.9394725,37.4597953],[126.9392794,37.4599657],[126.9389615,37.4599752],[126.9388139,37.4600433],[126.9387376,37.4600466],[126.9384009,37.4599347],[126.9382012,37.4597676],[126.9379314,37.4597559],[126.9376942,37.4597059],[126.9376122,37.4596579],[126.9374969,37.4596345],[126.9374138,37.4595877],[126.937277,37.4595494],[126.9371028,37.4596016],[126.9370558,37.459591],[126.9369686,37.4594727],[126.9368302,37.4594102],[126.9364777,37.4591767],[126.9363356,37.4590724],[126.9361752,37.4588829],[126.9361264,37.4587638],[126.936011,37.4586487],[126.9358528,37.4584763],[126.935834,37.458355],[126.935893,37.4581952]]}},
{"type":"Feature","id":481787201,"properties":{"type":"service","service":"parking_aisle","tunnel":false,"tunnel_type":null},"geometry":{"type":"LineString","coordinates":[[126.9580265,37.4658729],[126.9580033,37.4663255],[126.9580824,37.466571]]}},
{"type":"Feature","id":481787202,"properties":{"type":"service","service":null,"tunnel":false,"tunnel_type":null},"geometry":{"type":"LineString","coordinates":[[126.9519765,37.448849],[126.9519555,37.4490693],[126.9519671,37.4491433],[126.9519634,37.4491946],[126.9519753,37.4494624],[126.9519729,37.4495736],[126.9519484,37.4499444],[126.9519688,37.4502886],[126.9519856,37.4504445],[126.9519922,37.4504775],[126.9520708,37.4506074],[126.9522076,37.4508033],[126.9523014,37.4509651],[126.9523146,37.4509951],[126.9523517,37.4510578]]}},
{"type":"Feature","id":481787204,"properties":{"type":"service","service":null,"tunnel":false,"tunnel_type":null},"geometry":{"type":"LineString","coordinates":[[126.9497966,37.4472535],[126.950445,37.4471242],[126.9505346,37.4471081],[126.9506408,37.4470881],[126.9508427,37.4470628],[126.951066,37.4470679],[126.9512939,37.4471009],[126.9514924,37.4471924],[126.9516453,37.4472712],[126.9517956,37.4473936],[126.9519135,37.4475459],[126.9520208,37.447761],[126.9520096,37.4480654],[126.9519993,37.4481814]]}},
{"type":"Feature","id":481787206,"properties":{"type":"service","service":null,"tunnel":false,"tunnel_type":null},"geometry":{"type":"LineString","coordinates":[[126.9496674,37.4492125],[126.9493014,37.4483971],[126.9491938,37.4481401],[126.9491643,37.4479931],[126.9491616,37.4478398],[126.9491991,37.4477163],[126.9492662,37.44758],[126.9493274,37.4475077],[126.9493815,37.4474437],[126.9495049,37.4473564],[126.9496766,37.4472819],[126.9497966,37.4472535]]}},
{"type":"Feature","id":481901200,"properties":{"type":"service","service":"parking_aisle","tunnel":false,"tunnel_type":null},"geometry":{"type":"LineString","coordinates":[[126.9587916,37.466305],[126.9588783,37.4663734],[126.9589584,37.4670092]]}},
{"type":"Feature","id":481901201,"properties":{"type":"service","service":"parking_aisle","tunnel":false,"tunnel_type":null},"geometry":{"type":"LineString","coordinates":[[126.9588783,37.4663734],[126.9591934,37.4665284],[126.9592973,37.4670679],[126.9600429,37.4673027],[126.9596424,37.4678309],[126.9591617,37.4676646],[126.9589769,37.4675864],[126.9587612,37.4676157],[126.9585948,37.4677135],[126.9586059,37.4677864],[126.9587023,37.4684237]]}},
{"type":"Feature","id":481901202,"properties":{"type":"residential","service":null,"tunnel":false,"tunnel_type":null},"geometry":{"type":"LineString","coordinates":[[126.9578031,37.4678507],[126.9586059,37.4677864]]}},
{"type":"Feature","id":481915884,"properties":{"type":"steps","service":null,"tunnel":false,"tunnel_type":null},"geometry":{"type":"LineString","coordinates":[[126.9521161,37.4488689],[126.9521058,37.4490715],[126.9520965,37.4492078]]}},
{"type":"Feature","id":481915886,"properties":{"type":"steps","service":null,"tunnel":false,"tunnel_type":null},"geometry":{"type":"LineString","coordinates":[[126.9521119,37.4486277],[126.952119,37.4484498]]}},
{"type":"Feature","id":481915888,"properties":{"type":"footway","service":null,"tunnel":false,"tunnel_type":null},"geometry":{"type":"LineString","coordinates":[[126.9521119,37.4486277],[126.9521172,37.4487932],[126.9521161,37.4488689]]}},
{"type":"Feature","id":481915889,"properties":{"type":"steps","service":null,"tunnel":false,"tunnel_type":null},"geometry":{"type":"LineString","coordinates":[[126.9519784,37.448784],[126.9520149,37.4487864],[126.9521172,37.4487932]]}},
{"type":"Feature","id":481915891,"properties":{"type":"service","service":null,"tunnel":false,"tunnel_type":null},"geometry":{"type":"LineString","coordinates":[[126.9519993,37.4481814],[126.9520404,37.4481824],[126.9520552,37.4481828],[126.9521755,37.4481767],[126.9527462,37.4481478],[126.9527255,37.4484366],[126.9521696,37.4484103],[126.9521755,37.4481767]]}},
{"type":"Feature","id":481915893,"properties":{"type":"footway","service":null,"tunnel":false,"tunnel_type":null},"geometry":{"type":"LineString","coordinates":[[126.9520965,37.4492078],[126.9520971,37.4492533],[126.9521001,37.4494771],[126.9521035,37.4497326]]}},
{"type":"Feature","id":481915895,"properties":{"type":"steps","service":null,"tunnel":false,"tunnel_type":null},"geometry":{"type":"LineString","coordinates":[[126.9521035,37.4497326],[126.9521104,37.4505154]]}},
{"type":"Feature","id":481915897,"properties":{"type":"steps","service":null,"tunnel":false,"tunnel_type":null},"geometry":{"type":"LineString","coordinates":[[126.9521001,37.4494771],[126.9520099,37.4494665],[126.9519753,37.4494624]]}},
{"type":"Feature","id":481917515,"properties":{"type":"footway","service":null,"tunnel":false,"tunnel_type":null},"geometry":{"type":"LineString","coordinates":[[126.9519555,37.4490693],[126.9520029,37.44907],[126.9521058,37.4490715],[126.9527124,37.4490881]]}},
{"type":"Feature","id":481917516,"properties":{"type":"steps","service":null,"tunnel":false,"tunnel_type":null},"geometry":{"type":"LineString","coordinates":[[126.9527124,37.4490881],[126.9527017,37.4492533]]}},
{"type":"Feature","id":481917517,"properties":{"type":"footway","service":null,"tunnel":false,"tunnel_type":null},"geometry":{"type":"LineString","coordinates":[[126.9527017,37.4492533],[126.9524049,37.4492618],[126.9523131,37.4492514]]}},
{"type":"Feature","id":481917518,"properties":{"type":"steps","service":null,"tunnel":false,"tunnel_type":null},"geometry":{"type":"LineString","coordinates":[[126.9521172,37.4487932],[126.9522043,37.4487903]]}},
{"type":"Feature","id":481939823,"properties":{"type":"path","service":null,"tunnel":false,"tunnel_type":null},"geometry":{"type":"LineString","coordinates":[[126.9470817,37.4479158],[126.9471583,37.4482409],[126.947161,37.4483729],[126.947295,37.4486041],[126.9471862,37.4487025]]}},
{"type":"Feature","id":481940215,"properties":{"type":"path","service":null,"tunnel":false,"tunnel_type":null},"geometry":{"type":"LineString","coordinates":[[126.953951,37.4542147],[126.9540039,37.4541521],[126.9539916,37.4540638],[126.9542541,37.4540699],[126.954352,37.4539869],[126.9543849,37.4539172],[126.9545062,37.4539134],[126.9545974,37.4539379],[126.9547187,37.4539492],[126.9547825,37.4539209],[126.9548562,37.4539262],[126.9549116,37.4539281],[126.9549612,37.4539193],[126.9550279,37.4538208],[126.9551967,37.453695],[126.955296,37.4536021],[126.955421,37.4535472],[126.9556878,37.4532138],[126.9559211,37.4531725],[126.956144,37.4531166],[126.9562299,37.4533325],[126.9561083,37.4535569],[126.9559291,37.4537026],[126.9557789,37.4537686],[126.9557111,37.4538467],[126.9557078,37.4539241],[126.9556542,37.4539709],[126.9556645,37.4540683],[126.9555643,37.4541157],[126.9554892,37.4542131],[126.9555603,37.4542807],[126.9555616,37.454334],[126.9554745,37.4544798],[126.9554476,37.454598],[126.9553931,37.4547145]]}},
{"type":"Feature","id":482124824,"properties":{"type":"service","service":null,"tunnel":false,"tunnel_type":null},"geometry":{"type":"LineString","coordinates":[[126.9543297,37.4563913],[126.9544888,37.4563238],[126.954547,37.4561291],[126.9548556,37.4561224]]}},
{"type":"Feature","id":482127375,"properties":{"type":"unclassified","service":null,"tunnel":false,"tunnel_type":null},"geometry":{"type":"LineString","coordinates":[[126.9512939,37.4471009],[126.9509291,37.4476779],[126.950959,37.4477826],[126.9510969,37.4478349],[126.9512168,37.4478302]]}},
{"type":"Feature","id":482197628,"properties":{"type":"path","service":null,"tunnel":false,"tunnel_type":null},"geometry":{"type":"LineString","coordinates":[[126.9552756,37.4534817],[126.955296,37.4536021]]}},
{"type":"Feature","id":482197630,"properties":{"type":"path","service":null,"tunnel":false,"tunnel_type":null},"geometry":{"type":"LineString","coordinates":[[126.9563338,37.4568559],[126.9565314,37.4567654],[126.9565659,37.4566612],[126.9566004,37.4566362],[126.9568522,37.4566602],[126.9569844,37.4565659],[126.9570327,37.4564234],[126.9570747,37.4560947],[126.9572327,37.4559213],[126.9572929,37.4557953],[126.9573158,37.455685],[126.9573857,37.4555111],[126.9576673,37.4550753],[126.9580474,37.4544606],[126.9582938,37.4542874],[126.9589414,37.4542538],[126.9591445,37.4541791],[126.9595635,37.4541583],[126.9601402,37.454186],[126.9605157,37.454203],[126.9608536,37.4541796],[126.961728,37.4538794],[126.9623986,37.4536047],[126.9630477,37.4532789],[126.9633535,37.4532576],[126.9636083,37.4531512],[126.9640723,37.4528169],[126.9642788,37.4525848]]}},
{"type":"Feature","id":482207539,"properties":{"type":"steps","service":null,"tunnel":false,"tunnel_type":null},"geometry":{"type":"LineString","coordinates":[[126.9523131,37.4492514],[126.9520971,37.4492533]]}},
{"type":"Feature","id":482207540,"properties":{"type":"footway","service":null,"tunnel":false,"tunnel_type":null},"geometry":{"type":"LineString","coordinates":[[126.9527124,37.4490881],[126.9527177,37.448715]]}},
{"type":"Feature","id":482207541,"properties":{"type":"steps","service":null,"tunnel":false,"tunnel_type":null},"geometry":{"type":"LineString","coordinates":[[126.9527177,37.448715],[126.9527255,37.4484366]]}},
{"type":"Feature","id":482207542,"properties":{"type":"footway","service":null,"tunnel":false,"tunnel_type":null},"geometry":{"type":"LineString","coordinates":[[126.952119,37.4484498],[126.9524447,37.4484724],[126.952466,37.448453]]}},
{"type":"Feature","id":482425588,"properties":{"type":"service","service":null,"tunnel":false,"tunnel_type":null},"geometry":{"type":"LineString","coordinates":[[126.9578774,37.4635847],[126.9585161,37.4636328],[126.9587822,37.4637224],[126.9587718,37.4641034],[126.9590334,37.4641335]]}},
{"type":"Feature","id":482456385,"properties":{"type":"path","service":null,"tunnel":false,"tunnel_type":null},"geometry":{"type":"LineString","coordinates":[[126.9573572,37.4596906],[126.9572259,37.4596462]]}},
{"type":"Feature","id":482456386,"properties":{"type":"service","service":null,"tunnel":false,"tunnel_type":null},"geometry":{"type":"LineString","coordinates":[[126.9575871,37.4616194],[126.9580924,37.4618093],[126.9582963,37.4618859],[126.9584222,37.4619332],[126.9586983,37.462057]]}},
{"type":"Feature","id":482456387,"properties":{"type":"steps","service":null,"tunnel":false,"tunnel_type":null},"geometry":{"type":"LineString","coordinates":[[126.9579048,37.4626415],[126.9577833,37.4629123]]}},
{"type":"Feature","id":482456388,"properties":{"type":"footway","service":null,"tunnel":false,"tunnel_type":null},"geometry":{"type":"LineString","coordinates":[[126.9579048,37.4626415],[126.9572426,37.4622108]]}},
{"type":"Feature","id":482456389,"properties":{"type":"footway","service":null,"tunnel":false,"tunnel_type":null},"geometry":{"type":"LineString","coordinates":[[126.9584222,37.4619332],[126.9583764,37.4620761]]}},
{"type":"Feature","id":482456390,"properties":{"type":"footway","service":null,"tunnel":false,"tunnel_type":null},"geometry":{"type":"LineString","coordinates":[[126.9582963,37.4618859],[126.9582517,37.4619746],[126.9581497,37.4619746],[126.9581497,37.4620151],[126.9582546,37.4620241],[126.9582489,37.4620871],[126.9581383,37.4620893],[126.9581383,37.4621366],[126.9582375,37.4621546],[126.9582064,37.4622176],[126.9580901,37.4621861],[126.9580646,37.4622221],[126.9582007,37.4622738]]}},
{"type":"Feature","id":482456392,"properties":{"type":"footway","service":null,"tunnel":false,"tunnel_type":null},"geometry":{"type":"LineString","coordinates":[[126.9588226,37.4616279],[126.9588612,37.4615583],[126.958881,37.4614998],[126.9588732,37.4614376],[126.958864,37.4613648],[126.9588406,37.4613156],[126.9587988,37.4612275],[126.9588612,37.4610948],[126.9587336,37.4610138],[126.9587393,37.4609733],[126.9586883,37.460881],[126.9586911,37.460836],[126.9581395,37.4606725]]}},
{"type":"Feature","id":482456393,"properties":{"type":"steps","service":null,"tunnel":false,"tunnel_type":null},"geometry":{"type":"LineString","coordinates":[[126.9573572,37.4596906],[126.957374,37.4597197],[126.9574346,37.4599442],[126.9574716,37.4602203]]}},
{"type":"Feature","id":482456394,"properties":{"type":"footway","service":null,"tunnel":false,"tunnel_type":null},"geometry":{"type":"LineString","coordinates":[[126.9574716,37.4602203],[126.9576688,37.4602849],[126.9581323,37.4604609],[126.9581794,37.4605094],[126.958148,37.460585]]}},
{"type":"Feature","id":482456395,"properties":{"type":"footway","service":null,"tunnel":false,"tunnel_type":null},"geometry":{"type":"LineString","coordinates":[[126.9577524,37.4630284],[126.958318,37.4630761],[126.9582924,37.4633874]]}},
{"type":"Feature","id":482456396,"properties":{"type":"footway","service":null,"tunnel":false,"tunnel_type":null},"geometry":{"type":"LineString","coordinates":[[126.958318,37.4630761],[126.9586216,37.4630963],[126.9586577,37.4627537],[126.9586824,37.4625188]]}},
{"type":"Feature","id":482456398,"properties":{"type":"footway","service":null,"tunnel":false,"tunnel_type":null},"geometry":{"type":"LineString","coordinates":[[126.9586577,37.4627537],[126.9587575,37.4627545]]}},
{"type":"Feature","id":482456399,"properties":{"type":"steps","service":null,"tunnel":false,"tunnel_type":null},"geometry":{"type":"LineString","coordinates":[[126.9586216,37.4630963],[126.9585607,37.4634021]]}},
{"type":"Feature","id":482456401,"properties":{"type":"service","service":null,"tunnel":false,"tunnel_type":null},"geometry":{"type":"LineString","coordinates":[[126.9590827,37.463449],[126.9594414,37.4634727]]}},
{"type":"Feature","id":482456402,"properties":{"type":"footway","service":null,"tunnel":false,"tunnel_type":null},"geometry":{"type":"LineString","coordinates":[[126.9591333,37.4631144],[126.9590572,37.4631065],[126.9590954,37.4627821]]}},
{"type":"Feature","id":482456403,"properties":{"type":"steps","service":null,"tunnel":false,"tunnel_type":null},"geometry":{"type":"LineString","coordinates":[[126.9579264,37.4612067],[126.9577846,37.4614283]]}},
{"type":"Feature","id":482456404,"properties":{"type":"steps","service":null,"tunnel":false,"tunnel_type":null},"geometry":{"type":"LineString","coordinates":[[126.9582486,37.4615318],[126.9580924,37.4618093]]}},
{"type":"Feature","id":482456405,"properties":{"type":"footway","service":null,"tunnel":false,"tunnel_type":null},"geometry":{"type":"LineString","coordinates":[[126.9574716,37.4602203],[126.9572273,37.460683],[126.9573134,37.460753],[126.9574036,37.4608227]]}},
{"type":"Feature","id":482456406,"properties":{"type":"footway","service":null,"tunnel":false,"tunnel_type":null},"geometry":{"type":"LineString","coordinates":[[126.9580832,37.4606622],[126.9577028,37.4605311],[126.9575791,37.4604884]]}},
{"type":"Feature","id":482456407,"properties":{"type":"footway","service":null,"tunnel":false,"tunnel_type":null},"geometry":{"type":"LineString","coordinates":[[126.9577028,37.4605311],[126.9575801,37.4607334],[126.9574036,37.4608227]]}},
{"type":"Feature","id":482456408,"properties":{"type":"footway","service":null,"tunnel":false,"tunnel_type":null},"geometry":{"type":"LineString","coordinates":[[126.9575801,37.4607334],[126.9579581,37.4608772]]}},
{"type":"Feature","id":482456409,"properties":{"type":"footway","service":null,"tunnel":false,"tunnel_type":null},"geometry":{"type":"LineString","coordinates":[[126.9573463,37.4612832],[126.957387,37.4613728],[126.9575738,37.4614392],[126.9575069,37.4615499],[126.9575569,37.4615662]]}},
{"type":"Feature","id":482456410,"properties":{"type":"steps","service":null,"tunnel":false,"tunnel_type":null},"geometry":{"type":"LineString","coordinates":[[126.9590954,37.4627821],[126.9591617,37.4624251],[126.9590764,37.4623215]]}},
{"type":"Feature","id":483828698,"properties":{"type":"service","service":null,"tunnel":false,"tunnel_type":null},"geometry":{"type":"LineString","coordinates":[[126.9523808,37.4541924],[126.9528015,37.454133]]}},
{"type":"Feature","id":483828701,"properties":{"type":"footway","service":null,"tunnel":false,"tunnel_type":null},"geometry":{"type":"LineString","coordinates":[[126.9531175,37.454447],[126.9531712,37.454457],[126.953161,37.4545457]]}},
{"type":"Feature","id":483828702,"properties":{"type":"steps","service":null,"tunnel":false,"tunnel_type":null},"geometry":{"type":"LineString","coordinates":[[126.953161,37.4545457],[126.9531387,37.4547652]]}},
{"type":"Feature","id":483828703,"properties":{"type":"footway","service":null,"tunnel":false,"tunnel_type":null},"geometry":{"type":"LineString","coordinates":[[126.9531387,37.4547652],[126.9531842,37.4547458]]}},
{"type":"Feature","id":483828705,"properties":{"type":"footway","service":null,"tunnel":false,"tunnel_type":null},"geometry":{"type":"LineString","coordinates":[[126.9531842,37.4547458],[126.9532183,37.454712],[126.9532737,37.4546884],[126.953329,37.4547019],[126.9533886,37.4547391],[126.9535647,37.4546758]]}},
{"type":"Feature","id":483828706,"properties":{"type":"footway","service":null,"tunnel":false,"tunnel_type":null},"geometry":{"type":"LineString","coordinates":[[126.9531387,37.4547652],[126.9531314,37.4549995]]}},
{"type":"Feature","id":483828707,"properties":{"type":"steps","service":null,"tunnel":false,"tunnel_type":null},"geometry":{"type":"LineString","coordinates":[[126.9531314,37.4549995],[126.9531931,37.4551145]]}},
{"type":"Feature","id":483828709,"properties":{"type":"service","service":null,"tunnel":false,"tunnel_type":null},"geometry":{"type":"LineString","coordinates":[[126.95289,37.4553871],[126.9531341,37.4553892],[126.9531931,37.4551145],[126.9536468,37.4555117]]}},
{"type":"Feature","id":486057426,"properties":{"type":"trunk","service":null,"tunnel":true,"tunnel_type":null},"geometry":{"type":"LineString","coordinates":[[126.9487492,37.4694268],[126.9491998,37.4696639],[126.9499472,37.4700506],[126.9506413,37.4703352],[126.9512111,37.470526],[126.9517539,37.4707195],[126.9526922,37.4709725],[126.9541228,37.4711258],[126.9560565,37.4711402],[126.9576154,37.4709281],[126.9581249,37.4707945]]}},
{"type":"Feature","id":486058690,"properties":{"type":"trunk","service":null,"tunnel":true,"tunnel_type":null},"geometry":{"type":"LineString","coordinates":[[126.982978,37.4699935],[126.9809047,37.4696864],[126.9755508,37.4685705],[126.9724045,37.4679077],[126.9704856,37.4675537],[126.9684726,37.4675033],[126.9667761,37.4676892],[126.9651508,37.4681047],[126.9637606,37.4686777],[126.9608501,37.4701801],[126.9594794,37.4706876],[126.9585238,37.4710044],[126.9579292,37.4711503]]}},
{"type":"Feature","id":486084839,"properties":{"type":"primary","service":null,"tunnel":false,"tunnel_type":null},"geometry":{"type":"LineString","coordinates":[[126.9500686,37.4677643],[126.9504057,37.467934],[126.950864,37.4681647],[126.9509227,37.4682086],[126.9512315,37.4684394],[126.9514932,37.4687006],[126.9517818,37.469058],[126.9519175,37.4693621],[126.9520544,37.4697848],[126.952075,37.4698485],[126.9521052,37.4699417],[126.9524246,37.4709278],[126.9526534,37.4715462],[126.952843,37.4721046],[126.9529731,37.4725498],[126.9530306,37.4727884],[126.9530511,37.4729631],[126.953061,37.4731472],[126.9530569,37.4733089],[126.9530472,37.4734819],[126.9529237,37.4742309],[126.9528714,37.4744913],[126.9526328,37.475679],[126.9524221,37.4767284],[126.9522773,37.4774515],[126.9522273,37.4777681],[126.9522152,37.477972],[126.9522135,37.4781892],[126.9522625,37.478677],[126.9522915,37.4788638],[126.9523468,37.4792209],[126.9524928,37.4800174],[126.9525165,37.4801952]]}},
{"type":"Feature","id":497184571,"properties":{"type":"trunk","service":null,"tunnel":false,"tunnel_type":null},"geometry":{"type":"LineString","coordinates":[[126.9485154,37.469644],[126.9478019,37.4691984],[126.9471972,37.4687222]]}},
{"type":"Feature","id":497184572,"properties":{"type":"trunk_link","service":null,"tunnel":false,"tunnel_type":null},"geometry":{"type":"LineString","coordinates":[[126.948446,37.469705],[126.9478615,37.4694045],[126.9476857,37.4692763],[126.9475073,37.4691563],[126.9473712,37.4690569],[126.9472295,37.4689714],[126.9470687,37.4688952],[126.9468625,37.4688508],[126.9466591,37.4688475],[126.9464696,37.4688579],[126.9462889,37.4689196],[126.946273,37.468925],[126.9458424,37.4690963]]}},
{"type":"Feature","id":520704990,"properties":{"type":"residential","service":null,"tunnel":false,"tunnel_type":null},"geometry":{"type":"LineString","coordinates":[[126.9668945,37.4749973],[126.9668277,37.4744667],[126.966805,37.4740613],[126.9667872,37.4739228],[126.9667312,37.4733883],[126.966682,37.4728679],[126.9666542,37.4724351],[126.9668239,37.4721367]]}},
{"type":"Feature","id":520704992,"properties":{"type":"service","service":"alley","tunnel":false,"tunnel_type":null},"geometry":{"type":"LineString","coordinates":[[126.9679276,37.4704031],[126.9681253,37.4700871],[126.9683328,37.4697556],[126.9685398,37.4694248],[126.9687562,37.469076],[126.9689647,37.4687459],[126.9691266,37.4684872],[126.969173,37.4684132]]}},
{"type":"Feature","id":541465340,"properties":{"type":"trunk_link","service":null,"tunnel":true,"tunnel_type":null},"geometry":{"type":"LineString","coordinates":[[126.9488335,37.4693743],[126.9491998,37.4696639]]}},
{"type":"Feature","id":545821423,"properties":{"type":"residential","service":null,"tunnel":false,"tunnel_type":null},"geometry":{"type":"LineString","coordinates":[[126.9448801,37.4695246],[126.9448395,37.4693728],[126.9448114,37.469268]]}},
{"type":"Feature","id":545821424,"properties":{"type":"residential","service":null,"tunnel":false,"tunnel_type":null},"geometry":{"type":"LineString","coordinates":[[126.9448114,37.469268],[126.9448281,37.4692775],[126.9448468,37.4692844],[126.9448669,37.4692886],[126.9448876,37.4692913],[126.944911,37.4692904],[126.9449344,37.469287],[126.9449581,37.4692794],[126.9449786,37.4692688],[126.9460116,37.4684765],[126.9460607,37.4684558],[126.946225,37.4683864],[126.9463003,37.4683696],[126.9464859,37.4683283]]}},
{"type":"Feature","id":546523749,"properties":{"type":"construction","service":null,"tunnel":true,"tunnel_type":null},"geometry":{"type":"LineString","coordinates":[[126.9142522,37.4817299],[126.9144779,37.4817719],[126.9146955,37.481791],[126.9149074,37.4817881],[126.9153252,37.4817597],[126.9156815,37.4817155],[126.9160373,37.4816545],[126.9170093,37.4814075],[126.917746,37.4811644],[126.9184708,37.4808914],[126.9191775,37.4805752],[126.9197449,37.4802707],[126.925766,37.476427],[126.9279597,37.4749412],[126.930656,37.473115],[126.9311279,37.4728653],[126.9340229,37.4715659],[126.9342835,37.4714302],[126.9345643,37.4713002],[126.9348411,37.4711846],[126.9351648,37.4710869],[126.9353556,37.471043],[126.9355454,37.4710124],[126.9359321,37.4709602],[126.9366994,37.4708625],[126.9377669,37.4707571],[126.9387802,37.4706305],[126.9393644,37.4705622],[126.9394922,37.4705496],[126.939622,37.470539],[126.939765,37.4705404],[126.9399065,37.4705504],[126.9422532,37.4707929],[126.9447165,37.4710545],[126.9449778,37.4710423],[126.9452303,37.4710227],[126.9454721,37.4709776],[126.9457085,37.4709154],[126.9459556,37.4708277],[126.9463158,37.4706437],[126.9465844,37.4705283],[126.9468155,37.4704512],[126.9474566,37.4702629],[126.9481192,37.4701256],[126.9487711,37.4700267],[126.949423,37.4699703],[126.9504048,37.4699384],[126.9508682,37.4699435],[126.9513867,37.4699492],[126.9517958,37.4699693],[126.9522049,37.4699981],[126.9526059,37.4700374],[126.9530176,37.4701023],[126.9561237,37.4708116],[126.9565793,37.4708418],[126.957159,37.4708515],[126.9581249,37.4707945]]}},
{"type":"Feature","id":546523750,"properties":{"type":"construction","service":null,"tunnel":true,"tunnel_type":null},"geometry":{"type":"LineString","coordinates":[[126.9579292,37.4711503],[126.9560198,37.4715589],[126.9545074,37.4717558],[126.9529095,37.4718252],[126.9518547,37.4718342],[126.950808,37.4718347],[126.9497613,37.4717671],[126.9479796,37.4715548],[126.9422382,37.4708706],[126.939895,37.4706339],[126.9397596,37.4706244],[126.9396268,37.470623],[126.9395042,37.4706331],[126.9393786,37.4706455],[126.9387961,37.4707135],[126.9377817,37.4708403],[126.9367143,37.4709457],[126.9359493,37.4710431],[126.9355649,37.4710951],[126.9353808,37.4711247],[126.9351984,37.4711666],[126.9348847,37.4712614],[126.9346157,37.4713737],[126.9343392,37.4715016],[126.9340708,37.4716415],[126.9311765,37.4729292],[126.9307127,37.4731746],[126.9258259,37.4764844],[126.9198008,37.4803307],[126.919227,37.4806386],[126.9185141,37.4809576],[126.9177842,37.4812325],[126.9170417,37.4814776],[126.9160616,37.4817266],[126.9156987,37.4817889],[126.9153364,37.4818338],[126.9149122,37.4818626],[126.9146925,37.4818656],[126.9144596,37.4818515],[126.9142335,37.4818214]]}},
{"type":"Feature","id":546735135,"properties":{"type":"trunk","service":null,"tunnel":true,"tunnel_type":null},"geometry":{"type":"LineString","coordinates":[[126.9452824,37.4662333],[126.946361,37.4674752],[126.9474692,37.4685141]]}},
{"type":"Feature","id":546735141,"properties":{"type":"secondary","service":null,"tunnel":false,"tunnel_type":null},"geometry":{"type":"LineString","coordinates":[[126.9449971,37.4697443],[126.9447637,37.4699223],[126.9446872,37.4699806],[126.9444419,37.4701695],[126.944349,37.4702411],[126.9435506,37.4707444],[126.9434032,37.4708047],[126.9432804,37.4708418],[126.9432389,37.4708544],[126.9430552,37.470894],[126.9429161,37.4709168],[126.9427706,37.4709369],[126.9426214,37.4709489],[126.9424813,37.4709521],[126.9419211,37.4709068],[126.9414282,37.4708464],[126.9413569,37.4708377],[126.9409191,37.4707915],[126.9406613,37.4707673],[126.939695,37.4706765],[126.9396646,37.4706766],[126.9395288,37.4706773],[126.9393625,37.4706952],[126.9389013,37.470748]]}},
{"type":"Feature","id":546735142,"properties":{"type":"secondary","service":null,"tunnel":false,"tunnel_type":null},"geometry":{"type":"LineString","coordinates":[[126.9468999,37.4682982],[126.9463965,37.4686781],[126.9458424,37.4690963],[126.9453167,37.4694993],[126.9452819,37.469526],[126.9451834,37.4696015],[126.9449971,37.4697443]]}},
{"type":"Feature","id":546735143,"properties":{"type":"secondary","service":null,"tunnel":false,"tunnel_type":null},"geometry":{"type":"LineString","coordinates":[[126.9447798,37.4696127],[126.9448801,37.4695246],[126.9462015,37.4685401],[126.9464859,37.4683283],[126.9466085,37.4682431],[126.9471155,37.4676273],[126.947171,37.4675019],[126.9472284,37.4674384],[126.9472977,37.4673691],[126.947377,37.4673061],[126.9474867,37.4672402],[126.9476142,37.4671761],[126.9477297,37.4671248],[126.9478475,37.4670806],[126.9480373,37.4670355],[126.9480652,37.4670303],[126.9481616,37.4670166],[126.9482591,37.4670097],[126.9483565,37.4670042]]}},
{"type":"Feature","id":546736073,"properties":{"type":"trunk","service":null,"tunnel":true,"tunnel_type":null},"geometry":{"type":"LineString","coordinates":[[126.9579292,37.4711503],[126.9573059,37.4712586],[126.9566576,37.4713447],[126.9560234,37.4714278],[126.9537924,37.4714189],[126.9527981,37.4712427],[126.9515104,37.4709512],[126.9503877,37.4705825],[126.9499778,37.4703809],[126.9493789,37.4701211],[126.9489342,37.4699109],[126.9485154,37.469644]]}},
{"type":"Feature","id":546736074,"properties":{"type":"trunk","service":null,"tunnel":true,"tunnel_type":null},"geometry":{"type":"LineString","coordinates":[[126.9581249,37.4707945],[126.9592387,37.4705111],[126.9611633,37.4696415],[126.9636587,37.4683409],[126.9655998,37.4676172],[126.9665777,37.4674141],[126.9674307,37.4672438],[126.9682322,37.4671863],[126.9691801,37.4671335],[126.9709304,37.4672957],[126.9732859,37.4678099],[126.9806473,37.4692772],[126.9831179,37.4696776]]}},
{"type":"Feature","id":548325333,"properties":{"type":"trunk_link","service":null,"tunnel":false,"tunnel_type":null},"geometry":{"type":"LineString","coordinates":[[126.9482799,37.4676931],[126.9480813,37.4677304],[126.9478449,37.4678061],[126.9476194,37.4678996],[126.9468999,37.4682982]]}},
{"type":"Feature","id":548325334,"properties":{"type":"service","service":null,"tunnel":false,"tunnel_type":null},"geometry":{"type":"LineString","coordinates":[[126.9486114,37.4684923],[126.9483793,37.4683407],[126.9483235,37.4680318],[126.9483306,37.4679955],[126.9483462,37.4679637],[126.9483748,37.467937],[126.9484091,37.4679195],[126.9486616,37.4678486],[126.9487558,37.4678347],[126.949098,37.467834]]}},
{"type":"Feature","id":554756069,"properties":{"type":"trunk_link","service":null,"tunnel":false,"tunnel_type":null},"geometry":{"type":"LineString","coordinates":[[126.9448114,37.469268],[126.9448221,37.4692775],[126.9448345,37.4692865],[126.9448473,37.4692946],[126.9448625,37.4693026],[126.9448754,37.4693084],[126.9448888,37.4693133],[126.9449036,37.4693175],[126.944919,37.4693208],[126.9449335,37.469322],[126.9449481,37.4693219],[126.9449626,37.4693208],[126.9449775,37.4693189],[126.944992,37.4693166],[126.945007,37.469314],[126.9450208,37.4693108],[126.9450343,37.4693061]]}},
{"type":"Feature","id":585333069,"properties":{"type":"service","service":"alley","tunnel":false,"tunnel_type":null},"geometry":{"type":"LineString","coordinates":[[126.9647804,37.470654],[126.9647955,37.4705178],[126.9650719,37.4701122],[126.9648742,37.4692354],[126.9649112,37.4691792]]}},
{"type":"Feature","id":585333071,"properties":{"type":"footway","service":null,"tunnel":false,"tunnel_type":null},"geometry":{"type":"LineString","coordinates":[[126.9648742,37.4692354],[126.9641326,37.4693465],[126.9639766,37.4695284],[126.9642885,37.4707512],[126.9645912,37.4706914],[126.9647804,37.470654]]}},
{"type":"Feature","id":585333072,"properties":{"type":"footway","service":null,"tunnel":false,"tunnel_type":null},"geometry":{"type":"LineString","coordinates":[[126.9649038,37.471895],[126.9645912,37.4706914]]}},
{"type":"Feature","id":605428742,"properties":{"type":"service","service":null,"tunnel":false,"tunnel_type":null},"geometry":{"type":"LineString","coordinates":[[126.9480373,37.4670355],[126.94807,37.4669511],[126.9481009,37.4667999],[126.9481206,37.4667181],[126.9482188,37.4667408],[126.9483436,37.466783],[126.9484207,37.4668128],[126.9485095,37.4668716],[126.9485473,37.4669051],[126.948634,37.4669727],[126.9486916,37.4670231]]}},
{"type":"Feature","id":605434641,"properties":{"type":"secondary_link","service":null,"tunnel":false,"tunnel_type":null},"geometry":{"type":"LineString","coordinates":[[126.9486916,37.4670231],[126.9491553,37.4672754],[126.949194,37.4673038],[126.9492097,37.4673175],[126.9492229,37.467332],[126.9492321,37.4673436],[126.9492397,37.4673552],[126.9492442,37.4673659],[126.9492463,37.4673772],[126.9492463,37.4673892],[126.9492449,37.4674013],[126.9492263,37.4675129]]}},
{"type":"Feature","id":605434642,"properties":{"type":"secondary_link","service":null,"tunnel":false,"tunnel_type":null},"geometry":{"type":"LineString","coordinates":[[126.9492263,37.4675129],[126.9489786,37.4674431],[126.9484517,37.4674502],[126.9483758,37.4674418],[126.9483378,37.4674349],[126.9483015,37.4674253],[126.9482686,37.4674125],[126.9482356,37.4673984],[126.9482078,37.4673808],[126.9481816,37.467362],[126.9481534,37.4673391],[126.9481286,37.4673149],[126.9481063,37.4672907],[126.9480874,37.4672638],[126.9480235,37.4671454],[126.9480373,37.4670355]]}},
{"type":"Feature","id":605434644,"properties":{"type":"primary","service":null,"tunnel":false,"tunnel_type":null},"geometry":{"type":"LineString","coordinates":[[126.9483565,37.4670042],[126.9484425,37.4670034],[126.9485267,37.4670069],[126.9486916,37.4670231],[126.9491159,37.467151],[126.9494116,37.4673034],[126.9494916,37.4673519],[126.9498633,37.4675774],[126.9500686,37.4677643]]}},
{"type":"Feature","id":605434646,"properties":{"type":"service","service":null,"tunnel":false,"tunnel_type":null},"geometry":{"type":"LineString","coordinates":[[126.9471155,37.4676273],[126.9475215,37.4673487],[126.9475471,37.4673329],[126.9475768,37.4673204],[126.9476075,37.4673095],[126.9476397,37.4673039],[126.9476731,37.4673021],[126.9476915,37.4673025],[126.9477084,37.4673046],[126.9477251,37.4673101],[126.9477395,37.4673191],[126.9477481,37.4673306],[126.9477529,37.4673448],[126.9477541,37.4673595],[126.9477595,37.4675502],[126.9477575,37.4675621],[126.9477536,37.4675739],[126.9477477,37.4675858],[126.9477389,37.4675976],[126.9477201,37.4676178],[126.947704,37.4676521],[126.9476166,37.4678152]]}},
{"type":"Feature","id":605434647,"properties":{"type":"service","service":null,"tunnel":true,"tunnel_type":null},"geometry":{"type":"LineString","coordinates":[[126.9478065,37.4673031],[126.9479947,37.4673005]]}},
{"type":"Feature","id":605434648,"properties":{"type":"service","service":null,"tunnel":false,"tunnel_type":null},"geometry":{"type":"LineString","coordinates":[[126.9478065,37.4673031],[126.9477395,37.4673191]]}},
{"type":"Feature","id":605434650,"properties":{"type":"service","service":null,"tunnel":false,"tunnel_type":null},"geometry":{"type":"LineString","coordinates":[[126.9477297,37.4671248],[126.9478413,37.4668886],[126.9478787,37.4668189],[126.9479068,37.4667909],[126.9479626,37.4667629],[126.9480262,37.4667351],[126.9481206,37.4667181]]}},
{"type":"Feature","id":605434652,"properties":{"type":"footway","service":null,"tunnel":false,"tunnel_type":null},"geometry":{"type":"LineString","coordinates":[[126.948801,37.4677925],[126.9492888,37.4677355]]}},
{"type":"Feature","id":605434653,"properties":{"type":"footway","service":null,"tunnel":false,"tunnel_type":null},"geometry":{"type":"LineString","coordinates":[[126.948667,37.4678076],[126.9487469,37.4677986],[126.948801,37.4677925]]}},
{"type":"Feature","id":605434654,"properties":{"type":"footway","service":null,"tunnel":false,"tunnel_type":null},"geometry":{"type":"LineString","coordinates":[[126.9478975,37.4682203],[126.9480845,37.4679879],[126.9483586,37.4678815],[126.948667,37.4678076]]}},
{"type":"Feature","id":605434655,"properties":{"type":"footway","service":null,"tunnel":false,"tunnel_type":null},"geometry":{"type":"LineString","coordinates":[[126.9475019,37.4681263],[126.9478975,37.4682203]]}},
{"type":"Feature","id":605434656,"properties":{"type":"service","service":null,"tunnel":false,"tunnel_type":null},"geometry":{"type":"LineString","coordinates":[[126.9487558,37.4678347],[126.9487469,37.4677986],[126.9487016,37.4677231],[126.9486522,37.4676529],[126.9485939,37.4675974],[126.9485356,37.4675634]]}},
{"type":"Feature","id":618385129,"properties":{"type":"footway","service":null,"tunnel":false,"tunnel_type":null},"geometry":{"type":"LineString","coordinates":[[126.9463003,37.4683696],[126.9462943,37.4682688]]}},
{"type":"Feature","id":618387105,"properties":{"type":"service","service":null,"tunnel":false,"tunnel_type":null},"geometry":{"type":"LineString","coordinates":[[126.9587822,37.4637224],[126.9590507,37.4636608],[126.9590827,37.463449],[126.9591333,37.4631144]]}},
{"type":"Feature","id":618387106,"properties":{"type":"service","service":null,"tunnel":false,"tunnel_type":null},"geometry":{"type":"LineString","coordinates":[[126.9587916,37.466305],[126.9581567,37.4665544],[126.9580824,37.466571],[126.9576968,37.4666569]]}},
{"type":"Feature","id":626604871,"properties":{"type":"path","service":null,"tunnel":false,"tunnel_type":null},"geometry":{"type":"LineString","coordinates":[[126.9703178,37.4471392],[126.9704129,37.4470705],[126.9704569,37.446965],[126.9705233,37.4468299],[126.9705849,37.4467668],[126.97068,37.4466998],[126.9707082,37.4466628],[126.9707698,37.4466159],[126.970852,37.4465996],[126.9709521,37.4465874],[126.9710317,37.4465655],[126.9710805,37.446463],[126.971119,37.4464161],[126.9711798,37.4463833],[126.9713035,37.446335],[126.9715199,37.4461603],[126.9717485,37.4461099],[126.9720158,37.4460676],[126.9722182,37.4459262],[126.9727834,37.4454922],[126.9730201,37.445364],[126.9732421,37.4453215],[126.973452,37.4452235],[126.9735819,37.4450801],[126.973843,37.4447259],[126.9740307,37.4446691],[126.9742525,37.4445687],[126.9743948,37.4444631],[126.9744772,37.4443943],[126.9746298,37.4442069],[126.9749332,37.4439318],[126.9750732,37.443868],[126.9751605,37.4437605],[126.9753427,37.4437081],[126.9755841,37.443656],[126.9758445,37.4437072],[126.9759881,37.4436791],[126.9760951,37.443656],[126.9764587,37.4434581],[126.9765812,37.4434367],[126.9768423,37.4434315],[126.9769998,37.4433694],[126.9771615,37.4433175],[126.9773267,37.4432789],[126.9774082,37.4431855],[126.9774919,37.4431076],[126.9776137,37.4430496],[126.9778197,37.4427723],[126.9779322,37.4426193],[126.9779989,37.4424976],[126.9780555,37.4424471],[126.9781738,37.4423938],[126.9782519,37.442336],[126.9783433,37.4422789],[126.9784355,37.4422626],[126.9785682,37.4422614],[126.9787153,37.4422595],[126.978821,37.4422951],[126.9789018,37.4422867],[126.9791209,37.442125],[126.9792687,37.4420393],[126.9793876,37.4419003],[126.9794498,37.4417699],[126.9794741,37.441663],[126.9796962,37.4415116],[126.9798142,37.4414201],[126.9799626,37.4412792],[126.9801253,37.4411198],[126.980293,37.4409946],[126.9804887,37.4409004],[126.9806836,37.4408238],[126.9811057,37.4407008],[126.9812317,37.440672],[126.9813189,37.4406486],[126.9814134,37.4405874],[126.9814513,37.4405363],[126.9814861,37.4404899],[126.9815657,37.4402669],[126.9816072,37.4401455],[126.9816165,37.4400521],[126.9815918,37.4395562],[126.9816421,37.4393873],[126.981872,37.4391176],[126.9822028,37.4387385],[126.9823717,37.4385983],[126.9824588,37.4385621],[126.9825547,37.4385613],[126.9826882,37.4385759],[126.9828385,37.4386192],[126.9830006,37.4386782],[126.9832199,37.4387229],[126.9834553,37.4387463],[126.9837349,37.4387662],[126.9839233,37.4387708],[126.9841254,37.4387385],[126.984394,37.4386281],[126.9846661,37.4384863],[126.9848058,37.4383683],[126.9850153,37.4381454],[126.9850579,37.4379125],[126.9850674,37.4377337],[126.9850928,37.4376889],[126.985082,37.4375899],[126.9849814,37.4373801],[126.9849962,37.4373173],[126.9850052,37.43726],[126.9850994,37.4371224],[126.9851907,37.4370372],[126.9852027,37.4370095],[126.9852309,37.4369413],[126.9852336,37.4368423],[126.9852027,37.4367752],[126.9851468,37.4366326],[126.985099,37.4362548],[126.98507,37.4359958],[126.9850135,37.4358304],[126.9850042,37.4357029],[126.9850498,37.4356103],[126.9851194,37.4355253],[126.9853543,37.4352344],[126.9854401,37.4351183],[126.9854696,37.4350491],[126.9854815,37.4349901],[126.9855098,37.4346753],[126.9854952,37.4344852],[126.9855031,37.4343739],[126.9856111,37.4342576],[126.9856803,37.4341538],[126.98566,37.4340821],[126.9856721,37.4340097],[126.9856627,37.433965],[126.9856372,37.4339405],[126.9855776,37.4338805],[126.985524,37.433827],[126.9854059,37.4337093]]}},
{"type":"Feature","id":648281963,"properties":{"type":"path","service":null,"tunnel":false,"tunnel_type":null},"geometry":{"type":"LineString","coordinates":[[126.9642788,37.4525848],[126.9646007,37.4518906],[126.964826,37.4508387],[126.9655824,37.4502084],[126.9660062,37.4501062],[126.9665694,37.4496293],[126.9666633,37.4494994],[126.9668725,37.4493972],[126.9670818,37.449329],[126.9675162,37.4491416],[126.9678354,37.4489649],[126.9680982,37.4487476],[126.9683611,37.4482324],[126.9687474,37.447815],[126.9688171,37.4474232],[126.9688761,37.4473295],[126.9688547,37.4471038],[126.9690084,37.4468807]]}},
{"type":"Feature","id":648281964,"properties":{"type":"path","service":null,"tunnel":false,"tunnel_type":null},"geometry":{"type":"LineString","coordinates":[[126.9556042,37.4390778],[126.9555266,37.4394609],[126.9554665,37.4398084],[126.9554821,37.4399388],[126.9554408,37.4401083],[126.9553721,37.4404422],[126.9552262,37.4406944],[126.9551747,37.4410351],[126.9550546,37.4412259],[126.9547799,37.441444],[126.9544795,37.4416416],[126.9541405,37.4418682],[126.9540246,37.441921],[126.9537485,37.4421505],[126.9536519,37.4421377],[126.9534742,37.4419581],[126.9534561,37.4421037],[126.9534007,37.4421718],[126.9529002,37.4423572],[126.9525483,37.4425207],[126.9522892,37.4426455],[126.9521256,37.4426348],[126.9519192,37.442585],[126.9517426,37.4425377],[126.9514754,37.4425684],[126.9509776,37.4426843],[126.9506734,37.4427899],[126.9503178,37.4428806],[126.9499908,37.4428728],[126.9499183,37.4430407],[126.9497788,37.4431706],[126.9496472,37.4432158],[126.9494301,37.4433452],[126.9492208,37.4434543],[126.9489863,37.4435565],[126.94884,37.4437051],[126.9488179,37.4438793],[126.9488105,37.4441097],[126.9486945,37.4442312],[126.948504,37.4445285],[126.9484108,37.4446655],[126.9481924,37.4447384],[126.9480314,37.4447772],[126.9478255,37.4449905],[126.9476572,37.4450637],[126.9476045,37.4451443],[126.9475279,37.4453387]]}},
{"type":"Feature","id":648281972,"properties":{"type":"path","service":null,"tunnel":false,"tunnel_type":null},"geometry":{"type":"LineString","coordinates":[[126.9694373,37.4431512],[126.9694167,37.4432645],[126.9693568,37.4433212],[126.9690639,37.4434304],[126.968904,37.4435676],[126.9685745,37.4436825],[126.9684974,37.4437416],[126.9684711,37.4438094],[126.9682869,37.4439882],[126.9682394,37.4441106],[126.968215,37.4441309],[126.9680918,37.4441391],[126.968066,37.4441548],[126.9679249,37.4442818],[126.9678427,37.444398],[126.9678222,37.4445203],[126.9677506,37.4446031],[126.9676861,37.4446936],[126.9676681,37.4448404],[126.9675705,37.4450034],[126.9675526,37.4450666],[126.9675607,37.4451302]]}},
{"type":"Feature","id":648281974,"properties":{"type":"path","service":null,"tunnel":false,"tunnel_type":null},"geometry":{"type":"LineString","coordinates":[[126.9593384,37.4407928],[126.9590807,37.4409579],[126.9588822,37.4410772],[126.9587441,37.4411571],[126.9586569,37.4412944],[126.958618,37.4414573],[126.9586056,37.4415162],[126.9585791,37.4416416],[126.9586006,37.4420632],[126.9585979,37.4423251],[126.9585657,37.4424082],[126.9584852,37.442504],[126.9584799,37.4427106],[126.9583645,37.442898],[126.9577959,37.4431152],[126.9570154,37.4433559],[126.9568115,37.443375],[126.9566318,37.4433835],[126.9564173,37.4434602],[126.9560283,37.4435646],[126.9558915,37.4435965],[126.9557843,37.4435347],[126.955732,37.4435294],[126.9556797,37.4435709],[126.9556233,37.4437158],[126.9554973,37.4438286],[126.9554906,37.4438882],[126.9553296,37.4439798],[126.9552921,37.4440171],[126.9552143,37.4440831],[126.954993,37.4444483],[126.9549018,37.4445335],[126.9548187,37.444574],[126.9546872,37.4446634],[126.9545692,37.4446549],[126.9544941,37.4446869],[126.954411,37.4447379],[126.95425,37.4447635],[126.9540381,37.4449424],[126.9538692,37.4451383],[126.9537404,37.4453107],[126.9536734,37.4453672],[126.9536519,37.4453853],[126.953609,37.4454556],[126.9535446,37.4455578],[126.9535281,37.4458979]]}},
{"type":"Feature","id":648281976,"properties":{"type":"path","service":null,"tunnel":false,"tunnel_type":null},"geometry":{"type":"LineString","coordinates":[[126.9556878,37.4532138],[126.955571,37.4531639],[126.9554758,37.4530777],[126.9554047,37.4530362],[126.9553202,37.4529574],[126.9551982,37.4529297],[126.9550842,37.452868],[126.9549944,37.4528104],[126.9549353,37.4528179],[126.9547999,37.4528658],[126.9546363,37.4528807],[126.9544834,37.4528105],[126.9543841,37.4527061],[126.9541267,37.4526146],[126.9538611,37.4522526],[126.9537887,37.4520716],[126.9540328,37.4515031],[126.9543546,37.4512816],[126.9544351,37.4511709],[126.9544834,37.45086],[126.9547033,37.4506832],[126.9547489,37.4505087],[126.9548348,37.4502723],[126.9548267,37.4500381],[126.9547677,37.4498166],[126.9546283,37.4497932],[126.9544914,37.4498272],[126.9543948,37.4498081],[126.954309,37.4496953],[126.95425,37.4496037],[126.9542071,37.4495345],[126.954081,37.4494632],[126.9540225,37.4493957]]}},
{"type":"Feature","id":648281977,"properties":{"type":"path","service":null,"tunnel":false,"tunnel_type":null},"geometry":{"type":"LineString","coordinates":[[126.9501837,37.4469079],[126.9501204,37.4469807],[126.9501345,37.4470048],[126.9502098,37.4470096],[126.950285,37.44704],[126.9503305,37.4470706],[126.9503918,37.4470743],[126.9504356,37.4470792],[126.950445,37.4471242]]}},
{"type":"Feature","id":648281978,"properties":{"type":"path","service":null,"tunnel":false,"tunnel_type":null},"geometry":{"type":"LineString","coordinates":[[126.9587107,37.4478787],[126.9583458,37.4478491],[126.9581973,37.4477205],[126.9577445,37.4475438],[126.9574077,37.4475339],[126.9572048,37.4475012],[126.9570128,37.4474206],[126.9567807,37.447255],[126.9566394,37.4471966],[126.9562403,37.4471208],[126.9556856,37.4470731],[126.9554507,37.4471072],[126.9553268,37.4471191],[126.9551754,37.4470016],[126.9550044,37.4469368],[126.9546954,37.4468346],[126.9545263,37.4467545],[126.9543177,37.4467256],[126.9541427,37.4467056],[126.9539229,37.4466285],[126.9536214,37.4464867],[126.9534239,37.4464458],[126.9532013,37.446301],[126.9530967,37.4462754],[126.9529786,37.4462695]]}},
{"type":"Feature","id":648281979,"properties":{"type":"path","service":null,"tunnel":false,"tunnel_type":null},"geometry":{"type":"LineString","coordinates":[[126.9575211,37.4486232],[126.957348,37.4487604],[126.9572863,37.4488542],[126.9573064,37.4489308],[126.9573051,37.4491161],[126.9572045,37.4492428],[126.9572675,37.4492886],[126.957234,37.4494312],[126.9571884,37.4495058],[126.9571871,37.4495782],[126.9571401,37.4496452],[126.9570597,37.4496878],[126.9570584,37.449724],[126.9570114,37.449757],[126.9570369,37.4498198],[126.9570033,37.4499135],[126.9569363,37.4499689],[126.9570073,37.4500104],[126.9569738,37.4501265],[126.9570194,37.4502361],[126.9570006,37.4503256],[126.9570101,37.450349],[126.9570207,37.4504065],[126.9570355,37.4504682],[126.9569792,37.4504607],[126.956931,37.4504746],[126.9568733,37.450481],[126.9567941,37.4504341],[126.9566399,37.4504937],[126.9565514,37.4505853],[126.956444,37.4506971],[126.9559036,37.4508792],[126.9558004,37.4509995],[126.9557065,37.4516181],[126.9556046,37.4517384],[126.9553632,37.4517522],[126.9551767,37.451881],[126.9549099,37.4519609],[126.9548026,37.4521067],[126.9546188,37.4521962],[126.9545169,37.4523037],[126.9544888,37.4523644],[126.9545397,37.4524985],[126.9543841,37.4527061],[126.9543345,37.4528243],[126.9542514,37.4529531],[126.9540703,37.453017],[126.9538464,37.4531575],[126.9537404,37.4532896],[126.9536626,37.4534705],[126.9536045,37.4536051],[126.9535722,37.4536798]]}},
{"type":"Feature","id":648281980,"properties":{"type":"path","service":null,"tunnel":false,"tunnel_type":null},"geometry":{"type":"LineString","coordinates":[[126.965235,37.4459101],[126.9651827,37.4459411],[126.9651465,37.4459645],[126.965058,37.4460082],[126.9649963,37.4460209],[126.9649266,37.446039],[126.9648474,37.4460625],[126.9647988,37.4460938],[126.9646946,37.4462145],[126.9646999,37.4462893],[126.9646798,37.4463393],[126.9647013,37.4463925],[126.9647227,37.4464756],[126.9647805,37.4465621],[126.9647482,37.4467907],[126.9646637,37.4468429],[126.9646235,37.4469175],[126.9646208,37.4469771],[126.9645993,37.4470314],[126.964524,37.4470748],[126.9644022,37.447157],[126.9643982,37.4472592],[126.9643256,37.447407],[126.9642091,37.4475467],[126.9642272,37.4476915],[126.9642466,37.4478076],[126.9642667,37.4479151],[126.9643378,37.4479406],[126.9644147,37.4480942],[126.9644465,37.4481728],[126.9644119,37.4482699],[126.9643445,37.4483176],[126.9642708,37.4483793],[126.964256,37.4484262],[126.9641943,37.4485156],[126.9641636,37.4486029],[126.9640295,37.4487094],[126.9635659,37.4487809],[126.9633214,37.4488993],[126.9631583,37.4491037],[126.9630724,37.449401],[126.9628733,37.4495824],[126.9626122,37.4497145],[126.9621669,37.4497767],[126.9618236,37.4499853],[126.9617678,37.4500849],[126.9617093,37.4502297],[126.9615618,37.4503618],[126.9613552,37.4505662],[126.9613473,37.4507868],[126.9613285,37.4513988],[126.9613311,37.4516223],[126.9612791,37.4517645],[126.9610843,37.4519439],[126.960835,37.452095],[126.9602572,37.4524357],[126.9599482,37.4527832],[126.9597781,37.4528786],[126.959504,37.4529442],[126.9590041,37.4531784],[126.9587294,37.4532602],[126.9584805,37.4534237],[126.9580599,37.4536417],[126.9575836,37.4538521],[126.9571426,37.4540455],[126.9569081,37.4542413],[126.9566781,37.4544542],[126.9565571,37.4547645],[126.9565285,37.4549323],[126.9564391,37.455073],[126.956369,37.4551952],[126.9564375,37.4553622],[126.9564629,37.4554444],[126.9564559,37.4555027],[126.9563381,37.4555508],[126.9562671,37.455703],[126.9562731,37.4558018],[126.9561584,37.4558265],[126.9559949,37.4557941],[126.9558156,37.4558048]]}},
{"type":"Feature","id":648281981,"properties":{"type":"path","service":null,"tunnel":false,"tunnel_type":null},"geometry":{"type":"LineString","coordinates":[[126.9690716,37.4594475],[126.969319,37.459494],[126.9693187,37.4593982],[126.9692758,37.4592981],[126.9691627,37.4590853],[126.9690757,37.4587552],[126.9690518,37.4586455],[126.96897,37.4585423],[126.968932,37.4584401],[126.9689257,37.4583315],[126.9688484,37.458248],[126.9688748,37.4581878],[126.9688453,37.4581218],[126.9687623,37.458017],[126.9686374,37.4578226],[126.968561,37.4577215],[126.9684337,37.4576332],[126.9684215,37.4575884],[126.9683819,37.45758],[126.9683081,37.4574164],[126.9683425,37.4572324],[126.9683596,37.456994],[126.9683854,37.4567623],[126.9684282,37.456674],[126.9684846,37.4565901],[126.9685646,37.4565188],[126.9685874,37.456471],[126.9688832,37.456299],[126.9689472,37.4562268],[126.9689512,37.4561683],[126.9689418,37.4560916],[126.9689192,37.4560346],[126.9688198,37.4558819],[126.9687394,37.4557169],[126.9687071,37.455653],[126.9686843,37.4555806],[126.9686834,37.4555097],[126.9686429,37.4550999],[126.9686294,37.4549397],[126.9686499,37.4547932],[126.9687447,37.4546821],[126.9688238,37.4546235],[126.9690205,37.4544866],[126.969088,37.4544383],[126.9691618,37.4543457],[126.9692463,37.4542243],[126.9693467,37.454123],[126.9696095,37.4538977],[126.9697358,37.4538112],[126.9698788,37.4537576],[126.9702479,37.4536417],[126.9702726,37.4536242],[126.970411,37.4535259],[126.9704989,37.4534131],[126.9705445,37.4533236],[126.9705102,37.4531541],[126.9703887,37.452958],[126.9702713,37.4527721],[126.9702736,37.4525667],[126.9702908,37.4523676],[126.9703586,37.4521253],[126.9704453,37.4519179],[126.9705625,37.4515921],[126.9705445,37.4512497],[126.9705874,37.4511954],[126.9706464,37.4511464],[126.9706719,37.4509154],[126.9707095,37.4507519],[126.9707604,37.4506641],[126.9708033,37.4505747],[126.9708139,37.4504693],[126.9707952,37.4504001],[126.9707671,37.4503628],[126.9706268,37.4501812],[126.9704437,37.4500147],[126.9702428,37.4498909],[126.9699751,37.4496987],[126.9698273,37.4496284],[126.9697413,37.4494574]]}},
{"type":"Feature","id":648281982,"properties":{"type":"path","service":null,"tunnel":false,"tunnel_type":null},"geometry":{"type":"LineString","coordinates":[[126.9689515,37.4594128],[126.9690099,37.4594437],[126.9690716,37.4594475],[126.9690926,37.4595469],[126.9691535,37.4596359],[126.9692043,37.4596951],[126.9692639,37.4597417],[126.9693163,37.4597751],[126.9693692,37.4598989],[126.969404,37.4598774],[126.9694383,37.4599911],[126.9694608,37.4600901],[126.9695123,37.4601513],[126.9695425,37.4601917],[126.9695688,37.4602317],[126.9695835,37.4602767],[126.9695849,37.4603068],[126.9695678,37.4603552],[126.9695757,37.4603597],[126.9695869,37.4603834],[126.9695912,37.4604186],[126.9696667,37.4605337],[126.9696656,37.4606176],[126.969678,37.4606893],[126.9697374,37.4607633],[126.9698095,37.4608268],[126.9698602,37.4609025],[126.9698597,37.4609534],[126.9699062,37.4610274],[126.9699306,37.4611442],[126.9700098,37.4612061],[126.970097,37.4612567],[126.9703814,37.4614305],[126.9705425,37.4615139],[126.9706292,37.4616114],[126.9706983,37.4616645],[126.9707682,37.4617436],[126.9708726,37.4618844],[126.9709478,37.4620091],[126.9710765,37.4621144]]}},
{"type":"Feature","id":648281983,"properties":{"type":"path","service":null,"tunnel":false,"tunnel_type":null},"geometry":{"type":"LineString","coordinates":[[126.9692859,37.446945],[126.9693223,37.4469546],[126.9693958,37.4470176],[126.9694434,37.4470993],[126.9694714,37.4471797],[126.9695328,37.4472678],[126.9695233,37.447311],[126.9695841,37.447365],[126.9695936,37.447423],[126.9696111,37.4474761],[126.9696425,37.4474938],[126.9696403,37.4475294],[126.9696488,37.4475538],[126.9696844,37.4475934],[126.9697537,37.4476361],[126.9697703,37.4477005],[126.969789,37.4477397],[126.9697723,37.4477852],[126.9697749,37.4478181],[126.969758,37.4478532],[126.9698108,37.4478756],[126.9698067,37.447976],[126.9697843,37.4479923],[126.9697862,37.4480664],[126.9697615,37.4481271],[126.9697901,37.4482177],[126.9697604,37.4483145],[126.9697684,37.4484379],[126.969761,37.4484973],[126.969773,37.448572],[126.9698188,37.4486217],[126.9698434,37.4486883],[126.9698517,37.4487499],[126.9698617,37.448834],[126.9698559,37.4489004],[126.9698678,37.4489613],[126.969884,37.4490172],[126.9698802,37.4490821],[126.9698995,37.4491399],[126.96988,37.4491905],[126.9698676,37.4492635],[126.9698287,37.4492874],[126.9698294,37.4493733],[126.9698132,37.4493939],[126.9697413,37.4494574],[126.9696002,37.4496366],[126.9695488,37.4496636],[126.9694833,37.4498172],[126.9693921,37.449914],[126.9692948,37.4500401],[126.9690884,37.4501116],[126.9690146,37.4501662],[126.9689863,37.450186],[126.9689566,37.4501985],[126.9689536,37.4502379],[126.968941,37.4502869],[126.9689093,37.4503857],[126.9689099,37.450474],[126.9688733,37.4505591],[126.9688804,37.4505857],[126.9688646,37.450653],[126.968843,37.4506741],[126.968785,37.4507175],[126.9686954,37.4507753],[126.9686041,37.4508337],[126.9684701,37.4509093],[126.9684334,37.4509483],[126.9683246,37.4510011],[126.9683022,37.4510252],[126.9682498,37.4510972],[126.9682365,37.4511291],[126.968229,37.4511978],[126.9681828,37.451291],[126.9681796,37.4513494],[126.9681653,37.4514815],[126.9681407,37.4515772],[126.9681385,37.4516287],[126.9681278,37.4516784],[126.9680918,37.4517615],[126.9680746,37.4518],[126.9680259,37.4518416],[126.9679957,37.4518799],[126.9679986,37.4519455],[126.9679639,37.4520277],[126.9679255,37.4520605],[126.9678721,37.4522078],[126.9678078,37.4522623],[126.9677723,37.4522752],[126.967754,37.4523276],[126.9677377,37.4523802],[126.9677375,37.4524261],[126.967746,37.4524755],[126.9677383,37.4525014],[126.9677361,37.4525405],[126.9677179,37.452577],[126.9676899,37.4526067],[126.9676151,37.4526168],[126.9675156,37.4526327],[126.9674519,37.4526529],[126.967398,37.4526419],[126.9673081,37.4526315],[126.9672748,37.4526758],[126.9672486,37.4526862],[126.9671983,37.452751],[126.9672016,37.4527866],[126.9671804,37.4528509],[126.9671279,37.4529095],[126.9671318,37.4529517],[126.9671364,37.4530034],[126.9671729,37.4530769],[126.9671709,37.453136],[126.9671142,37.4531865],[126.9670732,37.4532346],[126.9670076,37.4533448],[126.9669286,37.4534106],[126.9668779,37.4534684],[126.9668027,37.4535755],[126.9667318,37.4536918],[126.9666337,37.4538445],[126.9666051,37.4539319],[126.9665834,37.4540019],[126.966559,37.4540503],[126.9665125,37.4541062],[126.9664621,37.4541455],[126.9662687,37.45426],[126.9662127,37.4543254],[126.966152,37.4544011],[126.9661467,37.4544649],[126.966123,37.4545639],[126.9661028,37.4547216],[126.9660732,37.4548897],[126.9660263,37.4549844],[126.9660049,37.455076],[126.965974,37.4553358],[126.9659378,37.4554203],[126.9659165,37.4554697],[126.9659166,37.45551],[126.9659246,37.4555719],[126.9658998,37.4556062],[126.9659172,37.4556429],[126.9659587,37.4556693],[126.9659666,37.4556924],[126.9659958,37.4557242],[126.9660217,37.4557614],[126.9660615,37.4558101],[126.9660444,37.4558342],[126.9660504,37.4558675],[126.9660372,37.4558977],[126.9660562,37.4559285],[126.9660554,37.4559559],[126.9660429,37.4560022],[126.9660212,37.4561248],[126.9660129,37.4562481],[126.9660384,37.4563239],[126.9660276,37.456379],[126.9660421,37.4564678],[126.9660284,37.4565081],[126.9660404,37.4565765],[126.9660826,37.4566229],[126.9661188,37.4566809],[126.9661725,37.4566998]]}},
{"type":"Feature","id":648281984,"properties":{"type":"path","service":null,"tunnel":false,"tunnel_type":null},"geometry":{"type":"LineString","coordinates":[[126.9711798,37.4463833],[126.9708422,37.4463819],[126.970633,37.4464266],[126.9703889,37.4464436],[126.9700142,37.4465029],[126.9698578,37.4465203],[126.9697026,37.4464966],[126.9695759,37.4464345],[126.9694598,37.4464452],[126.9693602,37.4465242],[126.9693268,37.4465711],[126.9692035,37.4466567],[126.9690545,37.4467364],[126.968967,37.4468148],[126.9689265,37.4468001],[126.96888,37.4467606],[126.968746,37.4465863],[126.9686797,37.4465262],[126.9686481,37.4464628],[126.9685719,37.4463326],[126.9684432,37.4462389],[126.9683709,37.4461329],[126.9682424,37.4458284],[126.9682869,37.4457006],[126.9682899,37.4455387],[126.9682646,37.4453237],[126.9681398,37.4452056],[126.9680841,37.4451237],[126.9680199,37.4450841],[126.9679749,37.4450656],[126.9678886,37.4450987],[126.9677828,37.4451226],[126.9676989,37.4451105],[126.9676386,37.4451107],[126.9675607,37.4451302],[126.9674871,37.4451451],[126.9673651,37.445138],[126.9672316,37.4450972],[126.9671392,37.4450646],[126.9670647,37.4450697],[126.9670255,37.4450582],[126.9669132,37.4450034],[126.9668556,37.4449355],[126.9668736,37.4448755],[126.9669444,37.4447718],[126.9670262,37.4446039],[126.9670177,37.4444645],[126.9670611,37.4442771],[126.967027,37.4441865],[126.9669486,37.4441898],[126.9667572,37.4441608],[126.9665225,37.4441617],[126.9663282,37.4441299],[126.9662585,37.4441462],[126.9661697,37.4441411]]}},
{"type":"Feature","id":648281985,"properties":{"type":"path","service":null,"tunnel":false,"tunnel_type":null},"geometry":{"type":"LineString","coordinates":[[126.9642788,37.4525848],[126.964649,37.4528382],[126.9648904,37.4531299],[126.965467,37.4535025],[126.9658411,37.4537331],[126.9662426,37.4539804],[126.9665125,37.4541062]]}},
{"type":"Feature","id":648288169,"properties":{"type":"path","service":null,"tunnel":false,"tunnel_type":null},"geometry":{"type":"LineString","coordinates":[[126.9740156,37.4650137],[126.9740239,37.4650502],[126.9740769,37.4651082],[126.9741681,37.4651721],[126.9742539,37.4652423],[126.9742635,37.4652918],[126.9744712,37.4655851],[126.9745839,37.4657703],[126.9747018,37.4659588],[126.974727,37.4660343],[126.9747676,37.4661014],[126.9747904,37.4661769],[126.9748087,37.4662237],[126.9747797,37.4663121],[126.974801,37.4664315],[126.9748145,37.4664771],[126.9749517,37.466928],[126.9750182,37.4669525],[126.9751525,37.4670094],[126.9752437,37.4671009],[126.9752517,37.4671509],[126.975351,37.4671413],[126.9753322,37.4671999],[126.9753661,37.4672357],[126.9754234,37.467334],[126.9755387,37.4674106],[126.9755454,37.4674713],[126.9756339,37.4675447],[126.9756848,37.4675742],[126.9757922,37.4676725],[126.9759142,37.4677704],[126.975984,37.4677533],[126.9760349,37.4677949],[126.9761355,37.4678864],[126.9762428,37.4679301],[126.9763085,37.4681047],[126.9763847,37.4682208]]}},
{"type":"Feature","id":648288170,"properties":{"type":"path","service":null,"tunnel":false,"tunnel_type":null},"geometry":{"type":"LineString","coordinates":[[126.9686763,37.462034],[126.9687809,37.4618934],[126.9688949,37.4618381],[126.9689727,37.4617774],[126.9691048,37.4617657]]}},
{"type":"Feature","id":651190480,"properties":{"type":"path","service":null,"tunnel":false,"tunnel_type":null},"geometry":{"type":"LineString","coordinates":[[126.9678555,37.4665367],[126.9676369,37.4668199],[126.9675296,37.4673478],[126.9671488,37.4676161],[126.9668055,37.4677438],[126.9667485,37.4680408],[126.9667706,37.4680882]]}},
{"type":"Feature","id":671412291,"properties":{"type":"footway","service":null,"tunnel":false,"tunnel_type":null},"geometry":{"type":"LineString","coordinates":[[126.9505825,37.4568924],[126.9501882,37.4568732],[126.9502713,37.4563068]]}},
{"type":"Feature","id":671412293,"properties":{"type":"footway","service":null,"tunnel":false,"tunnel_type":null},"geometry":{"type":"LineString","coordinates":[[126.9505728,37.4631321],[126.9505286,37.4632853],[126.9504973,37.4635583],[126.9505255,37.4637103]]}},
{"type":"Feature","id":682180602,"properties":{"type":"path","service":null,"tunnel":false,"tunnel_type":null},"geometry":{"type":"LineString","coordinates":[[126.9747018,37.4659588],[126.9745463,37.4659821],[126.974431,37.4659366],[126.9742902,37.4659183],[126.9741354,37.4658915],[126.974021,37.4658772],[126.9739232,37.4658896],[126.9738279,37.4658899],[126.9736691,37.4658973],[126.9735582,37.4658997]]}},
{"type":"Feature","id":728002714,"properties":{"type":"path","service":null,"tunnel":false,"tunnel_type":null},"geometry":{"type":"LineString","coordinates":[[126.9700758,37.4708592],[126.9705042,37.4709785],[126.9707199,37.4710386],[126.9710091,37.4710954],[126.9711196,37.4711405],[126.9711886,37.4711986],[126.9711741,37.4712761],[126.9711462,37.4713487],[126.9711106,37.4714274],[126.9710907,37.47153],[126.9710338,37.471822],[126.9710528,37.4720313],[126.9710926,37.472385],[126.9711159,37.4724553]]}},
{"type":"Feature","id":728002715,"properties":{"type":"path","service":null,"tunnel":false,"tunnel_type":null},"geometry":{"type":"LineString","coordinates":[[126.9711886,37.4711986],[126.9712338,37.4711137],[126.9713011,37.4709867],[126.9713477,37.4708071],[126.9713566,37.4707377],[126.9713256,37.4706544],[126.9713181,37.4705825],[126.971317,37.4704526],[126.9713393,37.4703513],[126.9713687,37.470298],[126.971374,37.4701408],[126.971391,37.4699945],[126.9713911,37.4698745],[126.9713494,37.4696837],[126.9712689,37.4695548],[126.9712495,37.4694767],[126.9711421,37.4693715],[126.9710812,37.4692466],[126.9710567,37.4690572]]}},
{"type":"Feature","id":728002716,"properties":{"type":"path","service":null,"tunnel":false,"tunnel_type":null},"geometry":{"type":"LineString","coordinates":[[126.9711159,37.4724553],[126.9711441,37.4726389],[126.9712598,37.4727864],[126.9714741,37.4730167],[126.971495,37.4730724],[126.9714912,37.4731928],[126.9714792,37.4733178],[126.9714371,37.4734085],[126.9713687,37.4735197],[126.9711839,37.473818],[126.9710891,37.4739374],[126.971008,37.4740373],[126.9709863,37.4740761],[126.9709273,37.4741597],[126.9708845,37.4742692],[126.9709461,37.4743703],[126.9709961,37.474475],[126.9709768,37.474654],[126.9708918,37.474788],[126.9709089,37.4749313],[126.9709568,37.4750771],[126.970924,37.475113]]}},
{"type":"Feature","id":728002719,"properties":{"type":"path","service":null,"tunnel":false,"tunnel_type":null},"geometry":{"type":"LineString","coordinates":[[126.9742266,37.4718058],[126.9745598,37.4716326],[126.9746511,37.4715953],[126.9748384,37.4715437],[126.9750488,37.4714822],[126.9750423,37.4715894],[126.9750934,37.4717338],[126.9751507,37.4717689],[126.9752239,37.4717972],[126.9753223,37.4717994],[126.9754177,37.4717482],[126.9756019,37.4716198],[126.9756858,37.4715173],[126.9757809,37.4713299]]}},
{"type":"Feature","id":728002720,"properties":{"type":"path","service":null,"tunnel":false,"tunnel_type":null},"geometry":{"type":"LineString","coordinates":[[126.9750488,37.4714822],[126.9751042,37.4711847],[126.9750773,37.4708845],[126.9749459,37.470761],[126.9747509,37.4706379],[126.9745113,37.4706052],[126.9743813,37.4704988],[126.9740852,37.4704082],[126.9737498,37.4703268],[126.9736954,37.4701558],[126.9737075,37.470021],[126.9737638,37.4699477],[126.9737457,37.4698784],[126.9737798,37.4697997],[126.973742,37.469744],[126.9737604,37.4696954],[126.97379,37.4695959],[126.9738838,37.4694299],[126.9739327,37.4693105],[126.9739401,37.4691914],[126.9739146,37.4690945]]}},
{"type":"Feature","id":777504045,"properties":{"type":"service","service":null,"tunnel":false,"tunnel_type":null},"geometry":{"type":"LineString","coordinates":[[126.9519679,37.4510156],[126.9521231,37.4509861]]}},
{"type":"Feature","id":777504046,"properties":{"type":"service","service":null,"tunnel":false,"tunnel_type":null},"geometry":{"type":"LineString","coordinates":[[126.9522493,37.4513318],[126.9521231,37.4509861],[126.952043,37.4508041]]}},
{"type":"Feature","id":777510058,"properties":{"type":"steps","service":null,"tunnel":false,"tunnel_type":null},"geometry":{"type":"LineString","coordinates":[[126.9517828,37.4507476],[126.9517541,37.4505628]]}},
{"type":"Feature","id":777628597,"properties":{"type":"footway","service":null,"tunnel":false,"tunnel_type":null},"geometry":{"type":"LineString","coordinates":[[126.9550951,37.4559695],[126.95442,37.4551]]}},
{"type":"Feature","id":777628598,"properties":{"type":"footway","service":null,"tunnel":false,"tunnel_type":null},"geometry":{"type":"LineString","coordinates":[[126.954259,37.4545051],[126.9540039,37.4541521],[126.9537687,37.4538266],[126.9536591,37.4536507],[126.9536111,37.4536184],[126.9536045,37.4536051],[126.9528696,37.4521373],[126.9524673,37.45126],[126.9523773,37.4510556],[126.9523492,37.4509917],[126.9522688,37.4508427],[126.9520479,37.4504883],[126.9520703,37.4504211]]}},
{"type":"Feature","id":777628599,"properties":{"type":"footway","service":null,"tunnel":false,"tunnel_type":null},"geometry":{"type":"LineString","coordinates":[[126.9539747,37.454454],[126.9536045,37.4539046],[126.9535904,37.4538595],[126.9535777,37.4538407]]}},
{"type":"Feature","id":777628601,"properties":{"type":"footway","service":null,"tunnel":false,"tunnel_type":null},"geometry":{"type":"LineString","coordinates":[[126.9520231,37.4540178],[126.9520435,37.4537769],[126.9520971,37.4535703],[126.9522366,37.453451],[126.9524458,37.453334],[126.9527194,37.4532786],[126.952993,37.4533084],[126.9532075,37.4534021],[126.9533524,37.4535214],[126.9535777,37.4538407]]}},
{"type":"Feature","id":777628602,"properties":{"type":"footway","service":null,"tunnel":false,"tunnel_type":null},"geometry":{"type":"LineString","coordinates":[[126.9543663,37.4550161],[126.9540068,37.4545051],[126.9539747,37.454454]]}},
{"type":"Feature","id":777628687,"properties":{"type":"footway","service":null,"tunnel":false,"tunnel_type":null},"geometry":{"type":"LineString","coordinates":[[126.9520703,37.4504211],[126.9520475,37.450229],[126.9520099,37.4494665],[126.9520005,37.4492755],[126.9520005,37.4491264],[126.9520029,37.44907],[126.9520149,37.4487864],[126.9520192,37.4486854],[126.9520358,37.4482917],[126.9520404,37.4481824],[126.9520477,37.4480111]]}},
{"type":"Feature","id":777628878,"properties":{"type":"footway","service":null,"tunnel":false,"tunnel_type":null},"geometry":{"type":"LineString","coordinates":[[126.9526779,37.4518057],[126.9524941,37.4516902],[126.9523761,37.4514453],[126.9522661,37.4513431],[126.9514963,37.4514911],[126.9514958,37.4514811]]}},
{"type":"Feature","id":777628879,"properties":{"type":"footway","service":null,"tunnel":false,"tunnel_type":null},"geometry":{"type":"LineString","coordinates":[[126.9522661,37.4513431],[126.9522695,37.4513278],[126.9521454,37.4509768],[126.951963,37.4506106],[126.951904,37.4504956]]}},
{"type":"Feature","id":792739604,"properties":{"type":"path","service":null,"tunnel":false,"tunnel_type":null},"geometry":{"type":"LineString","coordinates":[[126.9484578,37.4722957],[126.9482863,37.4724022],[126.948128,37.4725044],[126.9480851,37.4727087],[126.9481548,37.472845],[126.9481226,37.4730067],[126.9476372,37.4736475],[126.9475621,37.4736986],[126.9477552,37.473971],[126.9477982,37.4741839],[126.9479162,37.4744223],[126.9480664,37.4746267],[126.948238,37.4748055],[126.9484097,37.4748821],[126.9485706,37.4749587],[126.9486511,37.4751759],[126.9485235,37.4753477],[126.9483948,37.4754286],[126.9481683,37.4755931],[126.9479215,37.4751205],[126.9478089,37.4749502],[126.9477338,37.4746948],[126.9476265,37.4744564],[126.947605,37.4742435],[126.9474227,37.4740902],[126.9472617,37.4739285],[126.9469935,37.4739285],[126.9465751,37.4739881],[126.9463176,37.4741073],[126.9461245,37.4741498],[126.9458884,37.4740392],[126.9457919,37.4740136],[126.9456202,37.4740136],[126.9454164,37.4738774],[126.9452726,37.4738495],[126.9451877,37.4738282],[126.9450723,37.4738325],[126.9449838,37.4737899],[126.9449275,37.473692],[126.944906,37.473626],[126.9449007,37.4735472],[126.9449034,37.4735004],[126.9449919,37.4734536],[126.9450053,37.4733961],[126.944949,37.4733429],[126.9448846,37.4733237],[126.9448095,37.4732854],[126.9446915,37.4732641],[126.9445734,37.4732641],[126.944493,37.4732854],[126.9443253,37.4731928],[126.9441845,37.4731279],[126.9440974,37.4730938],[126.9440766,37.4730842],[126.9440571,37.4730475],[126.9440511,37.4730257],[126.9440236,37.4729969],[126.9439934,37.4729565],[126.9439824,37.4729384],[126.9439549,37.4729184],[126.9439451,37.4729001],[126.9439324,37.4728873],[126.9439156,37.4728793],[126.9439009,37.4728495],[126.9438868,37.4728216],[126.9438784,37.4727979],[126.9438784,37.4727907],[126.9438653,37.4727798],[126.9438617,37.4727689],[126.9438657,37.4727609],[126.9438714,37.4727512],[126.943864,37.4727408],[126.9438633,37.472738],[126.9438633,37.4727257],[126.9438573,37.472714],[126.943846,37.4726913],[126.9438266,37.4726732],[126.9438252,37.4726476],[126.9438148,37.4726343],[126.9438158,37.4726194],[126.9438007,37.4725846],[126.9438041,37.4725175],[126.9438108,37.4725037],[126.9438091,37.4724864],[126.9438014,37.4724723],[126.9438016,37.4724455],[126.9438136,37.4724225],[126.9438256,37.4723842],[126.9437894,37.4723384],[126.9437666,37.4722363],[126.9437385,37.4721926],[126.9437056,37.472191],[126.9436868,37.4721506],[126.9437089,37.472125],[126.9437619,37.4719595],[126.9437619,37.4719148],[126.9437539,37.4718989],[126.9437478,37.4718845],[126.9437344,37.4718706],[126.9437056,37.4718552],[126.9436452,37.4718323],[126.9436748,37.471818],[126.9437277,37.4718158],[126.9437659,37.4718137],[126.9438196,37.4718291],[126.9438873,37.4718302],[126.9440231,37.4718922],[126.9442831,37.4720375],[126.9443904,37.4721184],[126.9444252,37.4722014],[126.9444708,37.4722716],[126.9445383,37.4723016]]}},
{"type":"Feature","id":792784000,"properties":{"type":"path","service":null,"tunnel":false,"tunnel_type":null},"geometry":{"type":"LineString","coordinates":[[126.9479191,37.4638138],[126.9480005,37.4637137],[126.9480045,37.4635897],[126.9480045,37.4633891],[126.9479978,37.4632518],[126.947713,37.4629002],[126.9476783,37.4628519],[126.9475231,37.4625577],[126.9474815,37.4624151],[126.9474614,37.4622618],[126.9474345,37.4619424],[126.9474127,37.4616297],[126.9474315,37.4612252],[126.9476679,37.4607842],[126.9477323,37.4606394],[126.9477753,37.4604891],[126.9477695,37.460397],[126.947692,37.4602009],[126.947622,37.4600989],[126.9474075,37.4597647],[126.9472519,37.4594249],[126.9471878,37.4593224],[126.9468364,37.4588063],[126.9464299,37.4582919],[126.9463458,37.4581211],[126.9463457,37.4581018],[126.9463241,37.4576569],[126.9462785,37.4574351],[126.9461926,37.457245],[126.9461394,37.4568716],[126.9460291,37.4567069],[126.9459553,37.4566155],[126.945804,37.4563814],[126.9456685,37.4561043],[126.9456455,37.4560602]]}},
{"type":"Feature","id":792784001,"properties":{"type":"footway","service":null,"tunnel":false,"tunnel_type":null},"geometry":{"type":"LineString","coordinates":[[126.9468449,37.4676924],[126.9467975,37.4673457],[126.9468446,37.467232],[126.947051,37.4667794],[126.9471583,37.4665548],[126.9472629,37.4663259],[126.9477251,37.4654189],[126.9479108,37.4650189],[126.9479361,37.4647995],[126.9479169,37.4646044],[126.9479103,37.4644204],[126.9479401,37.4640884],[126.9479426,37.4640649],[126.9479522,37.463999],[126.947967,37.4639288],[126.9479191,37.4638138]]}},
{"type":"Feature","id":792784002,"properties":{"type":"path","service":null,"tunnel":false,"tunnel_type":null},"geometry":{"type":"LineString","coordinates":[[126.9523552,37.4699397],[126.9528943,37.4706018],[126.953082,37.4707763],[126.9532966,37.4709041],[126.9535333,37.4708559]]}},
{"type":"Feature","id":792784003,"properties":{"type":"path","service":null,"tunnel":false,"tunnel_type":null},"geometry":{"type":"LineString","coordinates":[[126.9537162,37.4703374],[126.9541401,37.4693234],[126.9541132,37.469102],[126.9543976,37.4685911],[126.9545627,37.4680195],[126.9546765,37.4676459],[126.9551325,37.4671051],[126.9557681,37.4662407],[126.9558579,37.4660702],[126.9560051,37.4657906],[126.955888,37.4656106],[126.9558008,37.4654766],[126.9551291,37.4655476]]}},
{"type":"Feature","id":792788506,"properties":{"type":"path","service":null,"tunnel":false,"tunnel_type":null},"geometry":{"type":"LineString","coordinates":[[126.9626975,37.4696182],[126.962883,37.4694394],[126.9630155,37.4692638],[126.9631255,37.4690168],[126.9633104,37.4687206],[126.9634795,37.4685996],[126.9636109,37.4684676],[126.9637293,37.4681603],[126.9638899,37.467995],[126.9640847,37.4678628],[126.9643673,37.4676852],[126.9645068,37.4675575],[126.9645441,37.4674115],[126.9645819,37.4671754],[126.9645819,37.4671253],[126.9645551,37.4670785],[126.9644552,37.4669714],[126.9644304,37.4668592],[126.9644384,37.4668092],[126.9644773,37.4667304],[126.9644733,37.4666857],[126.9644264,37.466608],[126.9644572,37.4665825],[126.964476,37.4665293],[126.9644733,37.4664292],[126.9644679,37.4663717],[126.9644116,37.4663408],[126.9643714,37.4663057],[126.9643653,37.4662491],[126.9643781,37.4661588],[126.9643472,37.4660928],[126.9642627,37.4660034],[126.9642312,37.465947],[126.964248,37.4659284],[126.9642922,37.4658991],[126.9643552,37.4658458],[126.9644062,37.4658304],[126.9644572,37.4658283],[126.9644746,37.4658253],[126.9644853,37.4658134],[126.9645031,37.4657989],[126.9645068,37.4657838],[126.9646396,37.4657149],[126.9646724,37.4656718],[126.964736,37.4656537]]}},
{"type":"Feature","id":792788507,"properties":{"type":"path","service":null,"tunnel":false,"tunnel_type":null},"geometry":{"type":"LineString","coordinates":[[126.964736,37.4656537],[126.9648689,37.4654829],[126.9650829,37.4653408],[126.9651747,37.4652274],[126.9651747,37.4650614],[126.9652337,37.4648184],[126.9653115,37.4647144],[126.9654348,37.4646143],[126.9657033,37.4644161],[126.9657916,37.4643162],[126.9658506,37.4641076],[126.9660164,37.4639561],[126.9662851,37.4638777],[126.9665292,37.4637435],[126.9667416,37.4635984],[126.9671246,37.4634157],[126.9674226,37.4633134],[126.9676329,37.4630843],[126.9679518,37.4627934],[126.968278,37.4626301],[126.9686337,37.4623281],[126.968738,37.4622091],[126.9688088,37.4620836],[126.9690055,37.4620537],[126.9691504,37.461966],[126.9692704,37.4619094],[126.9693904,37.4618242],[126.9695942,37.4616253],[126.9696379,37.4615677],[126.9696875,37.4614452],[126.9697908,37.4614804],[126.9699571,37.4614549],[126.9700751,37.4615805],[126.9703814,37.4614305]]}},
{"type":"Feature","id":792788509,"properties":{"type":"path","service":null,"tunnel":false,"tunnel_type":null},"geometry":{"type":"LineString","coordinates":[[126.9728054,37.4689363],[126.9728301,37.4688206],[126.9728404,37.4686996],[126.9728472,37.4686464],[126.9729209,37.4685655],[126.9730175,37.4684442],[126.9731584,37.4682501],[126.9733166,37.467918],[126.973393,37.4677651],[126.973326,37.4675442],[126.9734038,37.4673351],[126.9734828,37.4671498],[126.973594,37.4668895],[126.9736719,37.4667826],[126.9736062,37.4666303],[126.9736008,37.4666048],[126.9737108,37.466493],[126.9736397,37.4664217],[126.9737805,37.4663781],[126.9737108,37.4663015],[126.9737898,37.4662717],[126.9736853,37.4662078],[126.9737618,37.4661524],[126.9736961,37.4660928],[126.9736934,37.4659928],[126.973637,37.4659597],[126.9735582,37.4658997],[126.9734474,37.4660572],[126.9733675,37.4660928],[126.9733096,37.4660476],[126.9732058,37.4658401],[126.9730994,37.4657771],[126.9730858,37.4657081],[126.9729081,37.4655535],[126.97299,37.4654962],[126.9730362,37.465468],[126.9730724,37.4654249],[126.9731579,37.4654177],[126.9731817,37.4653786],[126.9733185,37.4653147],[126.9733078,37.4652732],[126.9734167,37.4652229],[126.9735332,37.4650938],[126.9736695,37.4650466],[126.9738187,37.4650103],[126.9738742,37.4649554],[126.9739127,37.4649916],[126.9739636,37.465002],[126.9740012,37.4649968],[126.9740156,37.4650137],[126.9741426,37.4648613],[126.9741113,37.4648015],[126.9742312,37.4647846],[126.9743183,37.4646687],[126.9743122,37.4646412],[126.9743152,37.4645735],[126.9743183,37.4645291],[126.9742772,37.4645077],[126.9742727,37.4644653],[126.9740516,37.4643379],[126.973985,37.464277],[126.9740018,37.4642077],[126.9739401,37.4641055],[126.9739052,37.4640054],[126.9739133,37.4638798],[126.9738601,37.4638066],[126.9738074,37.4637084],[126.9737712,37.4635966],[126.9736907,37.4635147],[126.973578,37.4635019],[126.973511,37.463404],[126.9734976,37.463305],[126.9735412,37.4631903],[126.9735217,37.4630729],[126.9734534,37.462992],[126.973242,37.4629154]]}},
{"type":"Feature","id":799051137,"properties":{"type":"service","service":null,"tunnel":false,"tunnel_type":null},"geometry":{"type":"LineString","coordinates":[[126.9706913,37.4728443],[126.9710286,37.472888]]}},
{"type":"Feature","id":799338863,"properties":{"type":"path","service":null,"tunnel":false,"tunnel_type":null},"geometry":{"type":"LineString","coordinates":[[126.9307165,37.4486508],[126.9310918,37.4485731],[126.931403,37.4485688],[126.9318771,37.4488368],[126.9323313,37.4489897],[126.9326824,37.4491778],[126.9329655,37.4494296],[126.9332564,37.4496165],[126.933626,37.4497604],[126.9338518,37.449889],[126.9340494,37.4500794],[126.9340775,37.4502163],[126.9341448,37.4505443],[126.9343722,37.4507642],[126.9345707,37.4508707],[126.9347289,37.4510219],[126.9349381,37.451254],[126.9349849,37.4514138],[126.9350508,37.4515116],[126.9351715,37.451601],[126.9354316,37.4517565],[126.9358206,37.4519204],[126.9359091,37.4520184],[126.9359857,37.4521318],[126.9360271,37.4524762],[126.9360808,37.4526636],[126.9362015,37.4528116],[126.9362063,37.452872],[126.9362149,37.4529787],[126.9363302,37.4531512],[126.9364884,37.453379],[126.9366197,37.4537015],[126.9366977,37.4537388],[126.9368103,37.4539156],[126.9368827,37.4543036],[126.9369122,37.454433],[126.9368479,37.4546714],[126.9367569,37.4551192],[126.9370017,37.4554296],[126.9371214,37.4556296],[126.9372865,37.4557067],[126.9376209,37.4559204],[126.9379208,37.456247],[126.9381487,37.4564243],[126.9383233,37.4566618],[126.9383513,37.4569043],[126.9383778,37.4569598],[126.9384885,37.4571913],[126.9385228,37.4574164],[126.9385103,37.4576737],[126.9385726,37.4579706],[126.9387004,37.4580424],[126.9391337,37.4581413],[126.9393518,37.4582057],[126.9397088,37.4583575],[126.939907,37.4584723],[126.939986,37.4585614],[126.9400441,37.4586582],[126.9401591,37.4589034],[126.9404809,37.45923],[126.9405705,37.4593462],[126.9407357,37.4596258],[126.9407772,37.4596529]]}},
{"type":"Feature","id":799338864,"properties":{"type":"footway","service":null,"tunnel":false,"tunnel_type":null},"geometry":{"type":"LineString","coordinates":[[126.9416956,37.4604853],[126.942066,37.4607563],[126.9421079,37.4609185],[126.9421393,37.4611182],[126.9421918,37.4612348],[126.9422442,37.461422],[126.9423167,37.4616555],[126.9425272,37.4617632],[126.9427684,37.4619421],[126.9427886,37.4619239],[126.9431772,37.4619754],[126.9435195,37.4618684],[126.9438377,37.4618505],[126.9441994,37.4618838],[126.9445034,37.4619604],[126.9448546,37.4619504],[126.9450276,37.4619338],[126.9454942,37.4619213],[126.9455057,37.4619221]]}},
{"type":"Feature","id":799424178,"properties":{"type":"service","service":null,"tunnel":false,"tunnel_type":null},"geometry":{"type":"LineString","coordinates":[[126.9409757,37.4692182],[126.9406496,37.4691776]]}},
{"type":"Feature","id":799424179,"properties":{"type":"residential","service":null,"tunnel":false,"tunnel_type":null},"geometry":{"type":"LineString","coordinates":[[126.9398396,37.4692936],[126.9400214,37.4685224]]}},
{"type":"Feature","id":799424180,"properties":{"type":"residential","service":null,"tunnel":false,"tunnel_type":null},"geometry":{"type":"LineString","coordinates":[[126.942033,37.4688786],[126.9420298,37.4678068]]}},
{"type":"Feature","id":799424181,"properties":{"type":"residential","service":null,"tunnel":false,"tunnel_type":null},"geometry":{"type":"LineString","coordinates":[[126.9428823,37.46973],[126.9427596,37.4697413],[126.9426036,37.4697557]]}},
{"type":"Feature","id":799424182,"properties":{"type":"residential","service":null,"tunnel":false,"tunnel_type":null},"geometry":{"type":"LineString","coordinates":[[126.9424296,37.4688809],[126.9424294,37.4697717]]}},
{"type":"Feature","id":810356829,"properties":{"type":"path","service":null,"tunnel":false,"tunnel_type":null},"geometry":{"type":"LineString","coordinates":[[126.9708908,37.4685926],[126.9709121,37.4684979],[126.9709308,37.468421],[126.970948,37.4683463],[126.9709339,37.4682791],[126.9708971,37.4681662],[126.9709534,37.4680908],[126.970972,37.4680052],[126.9709731,37.4679336]]}},
{"type":"Feature","id":810356830,"properties":{"type":"service","service":null,"tunnel":false,"tunnel_type":null},"geometry":{"type":"LineString","coordinates":[[126.9711602,37.4724624],[126.9712955,37.4725101],[126.971445,37.4725082],[126.9716561,37.472405]]}},
{"type":"Feature","id":810356831,"properties":{"type":"path","service":null,"tunnel":false,"tunnel_type":null},"geometry":{"type":"LineString","coordinates":[[126.9686337,37.4623281],[126.9685945,37.4623171],[126.9686119,37.4622958],[126.9686079,37.4622053],[126.9686186,37.4621266],[126.9686763,37.462034]]}},
{"type":"Feature","id":810356832,"properties":{"type":"path","service":null,"tunnel":false,"tunnel_type":null},"geometry":{"type":"LineString","coordinates":[[126.9705042,37.4709785],[126.9705673,37.4708758],[126.9706571,37.470796],[126.9706846,37.4707619],[126.9707061,37.4706305],[126.9707336,37.4703223],[126.9707416,37.4702558],[126.9708382,37.4702063],[126.97093,37.4702132],[126.9710568,37.4702579],[126.971148,37.4702297],[126.9713136,37.470184],[126.971374,37.4701408]]}},
{"type":"Feature","id":810356833,"properties":{"type":"path","service":null,"tunnel":false,"tunnel_type":null},"geometry":{"type":"LineString","coordinates":[[126.9696875,37.4614452],[126.9697747,37.4613633],[126.9699638,37.4613016],[126.970097,37.4612567]]}},
{"type":"Feature","id":810356834,"properties":{"type":"path","service":null,"tunnel":false,"tunnel_type":null},"geometry":{"type":"LineString","coordinates":[[126.9709731,37.4679336],[126.9709789,37.4678574],[126.971022,37.4677571],[126.971052,37.4676731],[126.9710926,37.4674761],[126.9710953,37.4673956],[126.9711199,37.4673637],[126.9711095,37.4673151],[126.9710661,37.4672263],[126.9709853,37.4671403],[126.9710231,37.4670936],[126.9710062,37.4670423],[126.9709817,37.4670008],[126.9709722,37.4669474],[126.9710177,37.4669041],[126.9710165,37.4668774],[126.9710429,37.4667725],[126.9711024,37.466673],[126.9711447,37.4665633],[126.9711695,37.4665444],[126.9712418,37.4664558],[126.9713439,37.466241],[126.9713612,37.4661322],[126.9713719,37.4660609],[126.971333,37.4660449],[126.9713198,37.4659867],[126.9713089,37.4659385],[126.9713759,37.4657788],[126.9714392,37.4656809],[126.9714558,37.4656043],[126.9714742,37.4655304],[126.9714391,37.4654776],[126.9714296,37.4654212],[126.9714645,37.4652913],[126.9715422,37.465204],[126.9715181,37.4650592],[126.9715716,37.4649695],[126.9715912,37.4648945],[126.9716198,37.4648195],[126.9716403,37.4647351],[126.97168,37.4646405],[126.97173,37.4645057],[126.9717461,37.4643822],[126.9717737,37.4643221],[126.9717896,37.4642778],[126.9717705,37.4642317],[126.9717362,37.4641911],[126.9717573,37.4641553],[126.9717025,37.4640623],[126.9717434,37.4639841],[126.9717691,37.4638447],[126.9717666,37.4637852],[126.9717517,37.4637224],[126.9716619,37.4636336],[126.9715878,37.4635392],[126.971617,37.4634709],[126.971617,37.4634035],[126.9716093,37.463322],[126.9716278,37.4632569],[126.9716148,37.463201],[126.9715348,37.4631637],[126.9714743,37.4631163],[126.9714164,37.4630465],[126.9714125,37.4629919],[126.971361,37.462952],[126.9713122,37.4629566],[126.9712917,37.4629177],[126.9712379,37.4629076],[126.9711831,37.4628688],[126.9710795,37.4627952],[126.9710311,37.4627391],[126.9710064,37.462689],[126.9709823,37.4626617],[126.9709331,37.4625963],[126.9709217,37.4625523],[126.9709244,37.4625363],[126.9709294,37.4625135]]}},
{"type":"Feature","id":810356839,"properties":{"type":"service","service":null,"tunnel":false,"tunnel_type":null},"geometry":{"type":"LineString","coordinates":[[126.9706725,37.4724513],[126.9706726,37.4721359],[126.9709238,37.4721397]]}},
{"type":"Feature","id":817381738,"properties":{"type":"path","service":null,"tunnel":false,"tunnel_type":null},"geometry":{"type":"LineString","coordinates":[[126.9710765,37.4621144],[126.971042,37.462266],[126.9709801,37.4623503],[126.9710176,37.462425],[126.970983,37.4624619],[126.9709294,37.4625135],[126.970873,37.4625396],[126.9708046,37.4625396],[126.9707859,37.4625971],[126.9707779,37.4626706],[126.9707318,37.4628785],[126.9706812,37.4629792],[126.9705686,37.4630708],[126.9705465,37.4630813],[126.9704653,37.4630878],[126.9703862,37.4631218],[126.9703379,37.463141],[126.970236,37.4632134],[126.9701475,37.4632188],[126.970059,37.4632272],[126.9700187,37.4632326],[126.9698832,37.4632358],[126.9698913,37.4633412],[126.9698471,37.4634242],[126.9698055,37.4634615],[126.9697854,37.4635349],[126.9697076,37.4635903],[126.9696432,37.4636222],[126.9696003,37.4636925],[126.9695494,37.4637861],[126.9695748,37.4638862],[126.9695762,37.4639522],[126.9695681,37.4640182],[126.9696097,37.4640927],[126.9696486,37.4640799],[126.9696727,37.4640416],[126.9697961,37.4639788],[126.9699316,37.4640022],[126.9700053,37.4640331],[126.9701046,37.4640629],[126.9701958,37.464131],[126.9702843,37.4642141],[126.9703057,37.4642758],[126.9703594,37.4643397],[126.9704573,37.4644685],[126.9704774,37.46456],[126.9706678,37.4646696],[126.9708315,37.4648485],[126.9709039,37.4648655],[126.9709266,37.4649932],[126.9708904,37.4651551],[126.9707564,37.4651774],[126.9706759,37.4652998],[126.9705404,37.4653584],[126.9705203,37.4654254],[126.9704358,37.4654754],[126.9703889,37.4655383],[126.9703138,37.4656309],[126.9702092,37.4657341],[126.9701515,37.4658746],[126.9702145,37.4659321],[126.9702601,37.465964],[126.970295,37.46593],[126.9703969,37.4659406],[126.9704345,37.4658874],[126.9704734,37.4658352],[126.9705418,37.4658512],[126.9706303,37.4659002],[126.9707215,37.4659619],[126.9708006,37.4659726],[126.9709267,37.4659768],[126.9710621,37.4659736],[126.9713198,37.4659867]]}},
{"type":"Feature","id":817381739,"properties":{"type":"path","service":null,"tunnel":false,"tunnel_type":null},"geometry":{"type":"LineString","coordinates":[[126.9488864,37.4387855],[126.9488601,37.4389295],[126.9488146,37.4389859],[126.9488212,37.4390327],[126.9488253,37.4390807],[126.9487917,37.4391328],[126.9488025,37.4393032],[126.9487783,37.4394012],[126.9488239,37.4394842],[126.9488533,37.4396396],[126.9487783,37.4397781],[126.9485986,37.4399613],[126.9485852,37.4401423],[126.9485477,37.4402637],[126.948494,37.4403318],[126.9484019,37.44043],[126.9483492,37.4405107],[126.948207,37.4406257],[126.9480137,37.4407131],[126.9480059,37.4408419],[126.9479193,37.4409832],[126.9479173,37.4411262],[126.9478422,37.4412774],[126.9478315,37.4414499],[126.947781,37.4416378],[126.9477712,37.4418013],[126.9477189,37.4419333],[126.9477001,37.4420334],[126.9476959,37.442187],[126.9477028,37.4423262],[126.9477135,37.4424497],[126.9477028,37.4424955],[126.9477202,37.4425615],[126.947745,37.4426789],[126.9477417,37.4427394],[126.9477256,37.4427873],[126.9477001,37.4428852],[126.9475571,37.4431785],[126.9475888,37.4435241],[126.9476089,37.443785],[126.947603,37.443963],[126.9475539,37.4441896],[126.9474909,37.4444217],[126.9473058,37.4447841],[126.9473112,37.4449147],[126.9473554,37.4450297],[126.9473407,37.4451457],[126.947379,37.4453173],[126.9473902,37.445454]]}},
{"type":"Feature","id":817381740,"properties":{"type":"path","service":null,"tunnel":false,"tunnel_type":null},"geometry":{"type":"LineString","coordinates":[[126.9471041,37.4488093],[126.9470829,37.4488542],[126.9470876,37.4488516],[126.9471073,37.4489404],[126.9471596,37.4490107],[126.9472508,37.4492108],[126.9473541,37.4495962],[126.9476464,37.4498827],[126.9477618,37.4500083],[126.947881,37.4501591],[126.9479924,37.4501744],[126.9480327,37.4502319],[126.9482151,37.4503043],[126.9485155,37.4504576],[126.94884,37.4506258],[126.9489983,37.4507152],[126.9491029,37.450777],[126.9491507,37.4508385],[126.9491672,37.4508962],[126.9491351,37.4510559],[126.9491726,37.4511454],[126.9491507,37.4513033],[126.9492383,37.4514403],[126.9492966,37.4515014]]}},
{"type":"Feature","id":817381741,"properties":{"type":"path","service":null,"tunnel":false,"tunnel_type":null},"geometry":{"type":"LineString","coordinates":[[126.9471862,37.4487025],[126.9471041,37.4488093]]}},
{"type":"Feature","id":817381742,"properties":{"type":"path","service":null,"tunnel":false,"tunnel_type":null},"geometry":{"type":"LineString","coordinates":[[126.9474661,37.4569272],[126.9474067,37.4569683],[126.9474788,37.4570849],[126.9475083,37.4571966],[126.947571,37.4572689],[126.947578,37.4573627],[126.9475217,37.4574692],[126.9474868,37.4576097],[126.947477,37.4577144],[126.9474774,37.4579872],[126.947621,37.4580441],[126.9475681,37.4582287],[126.9475365,37.4583358],[126.9474654,37.4585029],[126.9473621,37.4588535],[126.9472127,37.4592353],[126.9472519,37.4594249]]}},
{"type":"Feature","id":817381743,"properties":{"type":"path","service":null,"tunnel":false,"tunnel_type":null},"geometry":{"type":"LineString","coordinates":[[126.9475331,37.456868],[126.9474661,37.4569272]]}},
{"type":"Feature","id":817381744,"properties":{"type":"path","service":null,"tunnel":false,"tunnel_type":null},"geometry":{"type":"LineString","coordinates":[[126.9494737,37.4516385],[126.9495389,37.451685],[126.9494744,37.4517884],[126.9495099,37.4520734]]}},
{"type":"Feature","id":817381745,"properties":{"type":"path","service":null,"tunnel":false,"tunnel_type":null},"geometry":{"type":"LineString","coordinates":[[126.9492966,37.4515014],[126.9494737,37.4516385]]}},
{"type":"Feature","id":817381746,"properties":{"type":"path","service":null,"tunnel":false,"tunnel_type":null},"geometry":{"type":"LineString","coordinates":[[126.9494452,37.4521594],[126.9494978,37.4523036],[126.949528,37.4523484],[126.9495347,37.4524006],[126.9495119,37.4524666],[126.9495374,37.4525848],[126.9495307,37.4526125],[126.9495334,37.4526966],[126.9495039,37.4527626],[126.9495065,37.4528658],[126.9495414,37.452935],[126.9495387,37.4529766],[126.9495018,37.4530362],[126.9494194,37.4532342],[126.9494006,37.4533215],[126.9493523,37.4533747],[126.9493206,37.4535606],[126.9492719,37.4536239],[126.949296,37.453709],[126.9493067,37.4539134],[126.9492745,37.4539858],[126.9493067,37.454186],[126.9492911,37.4542619],[126.9492021,37.4544117],[126.9490841,37.4545522],[126.9490305,37.4546246],[126.948958,37.4548248],[126.9488939,37.4548672],[126.9488052,37.4549686],[126.94873,37.4550547],[126.9487225,37.4551151],[126.9486925,37.4553571],[126.9486277,37.4554615],[126.9483975,37.4557126],[126.9483135,37.4558867],[126.9482003,37.4560533],[126.9481346,37.4561672],[126.9479721,37.4565317],[126.947794,37.4567634],[126.9476516,37.4568368],[126.9475584,37.456856],[126.9475331,37.456868]]}},
{"type":"Feature","id":817381747,"properties":{"type":"path","service":null,"tunnel":false,"tunnel_type":null},"geometry":{"type":"LineString","coordinates":[[126.9495099,37.4520734],[126.9494452,37.4521594]]}},
{"type":"Feature","id":817381748,"properties":{"type":"path","service":null,"tunnel":false,"tunnel_type":null},"geometry":{"type":"LineString","coordinates":[[126.9471963,37.4459257],[126.9471361,37.4460156],[126.947051,37.4461232],[126.9470215,37.4463191],[126.9470644,37.4465299],[126.9470724,37.4466066],[126.947051,37.4467002],[126.9469987,37.4468259]]}},
{"type":"Feature","id":817381750,"properties":{"type":"path","service":null,"tunnel":false,"tunnel_type":null},"geometry":{"type":"LineString","coordinates":[[126.9474522,37.4454094],[126.9473902,37.445454],[126.9473809,37.445577],[126.9473232,37.4457345],[126.9471963,37.4459257]]}},
{"type":"Feature","id":817381751,"properties":{"type":"path","service":null,"tunnel":false,"tunnel_type":null},"geometry":{"type":"LineString","coordinates":[[126.9475279,37.4453387],[126.9474522,37.4454094]]}},
{"type":"Feature","id":817407312,"properties":{"type":"path","service":null,"tunnel":false,"tunnel_type":null},"geometry":{"type":"LineString","coordinates":[[126.9383498,37.4402351],[126.93848,37.4403584],[126.9385782,37.440525],[126.9387238,37.4407153],[126.9388334,37.4408073],[126.9388887,37.4408537],[126.9389839,37.4410379],[126.9394168,37.4413407],[126.9397197,37.4415723],[126.939969,37.4418367],[126.9401509,37.4419824],[126.9403452,37.4421866],[126.9404302,37.4422837],[126.9405539,37.4424251],[126.9405299,37.4425304],[126.9402125,37.4425561],[126.9401837,37.4428076],[126.9400837,37.4425291],[126.9400098,37.4424091],[126.9395933,37.4421744],[126.939443,37.4421763],[126.9390277,37.4420602],[126.9388746,37.4420864],[126.9387786,37.4422411],[126.9386845,37.4423519],[126.9386166,37.442387],[126.9384346,37.4424464],[126.9381626,37.4427424],[126.9379637,37.4428294],[126.9380047,37.4430491],[126.9380136,37.4431131],[126.9380316,37.443185],[126.9381007,37.4432737],[126.9382432,37.4433664],[126.9381962,37.443401],[126.938141,37.4434819],[126.9381053,37.4435397],[126.9379803,37.4437098],[126.9377058,37.4440623],[126.9376841,37.4442214],[126.9376655,37.4445583],[126.9376353,37.4446436],[126.9376621,37.4448303],[126.9375715,37.4450783],[126.9375678,37.4451401],[126.9375648,37.4451903],[126.9375849,37.4452569],[126.9376118,37.4454703],[126.9376789,37.4455556],[126.9376823,37.4457769],[126.9377629,37.4458809],[126.9377977,37.4461604],[126.937792,37.4463052],[126.9377562,37.4464675],[126.9376756,37.4465689],[126.9375596,37.4466467],[126.9374434,37.4467246],[126.9373377,37.4469001],[126.9373404,37.4469821],[126.9373424,37.447042],[126.9374002,37.4472568],[126.9376017,37.4474381],[126.9379045,37.4476502],[126.9381875,37.4480546],[126.9383359,37.4482097],[126.9388019,37.4486968],[126.9388678,37.4487613],[126.9391366,37.4490246],[126.9393381,37.4492699],[126.9394288,37.4494539],[126.9395967,37.4496021],[126.9396269,37.4496805],[126.939702,37.4497328],[126.9399594,37.4498218],[126.9402818,37.4500645],[126.9404498,37.4502165],[126.940574,37.4502565],[126.94092,37.4504404],[126.9419477,37.4514403],[126.9424261,37.4517368],[126.9426642,37.4518235],[126.9428949,37.4518832],[126.9430539,37.4519774]]}},
{"type":"Feature","id":817407313,"properties":{"type":"path","service":null,"tunnel":false,"tunnel_type":null},"geometry":{"type":"LineString","coordinates":[[126.9463681,37.462461],[126.9465172,37.4626897],[126.9465417,37.4629086],[126.9467801,37.463058],[126.9469853,37.4631027],[126.947121,37.4631181],[126.9473613,37.4632697],[126.9472797,37.4634973]]}},
{"type":"Feature","id":835199957,"properties":{"type":"secondary","service":null,"tunnel":false,"tunnel_type":null},"geometry":{"type":"LineString","coordinates":[[126.9413589,37.4708238],[126.9413569,37.4708377]]}},
{"type":"Feature","id":835199958,"properties":{"type":"secondary","service":null,"tunnel":false,"tunnel_type":null},"geometry":{"type":"LineString","coordinates":[[126.9413758,37.4707217],[126.9413589,37.4708238]]}},
{"type":"Feature","id":839544911,"properties":{"type":"path","service":null,"tunnel":false,"tunnel_type":null},"geometry":{"type":"LineString","coordinates":[[126.9431655,37.4520492],[126.9432986,37.4521312],[126.9434181,37.4522472],[126.9435145,37.4524112],[126.9435133,37.4524676],[126.9435118,37.4525369],[126.9436141,37.4526551],[126.9436707,37.4527639],[126.9437204,37.4528956],[126.9437921,37.4530663],[126.9438372,37.4533404],[126.9438393,37.4534842],[126.9438331,37.4536041],[126.9438512,37.4539182],[126.9438625,37.4539351],[126.9438774,37.4539593],[126.9440241,37.4540923],[126.9441569,37.4542041],[126.9444002,37.4543836],[126.9444841,37.4544262],[126.9446032,37.4545097]]}},
{"type":"Feature","id":839545010,"properties":{"type":"path","service":null,"tunnel":false,"tunnel_type":null},"geometry":{"type":"LineString","coordinates":[[126.9401837,37.4428076],[126.9401015,37.4430319],[126.9399956,37.4432265],[126.9397985,37.4435184],[126.9398014,37.443754],[126.9397454,37.4438373],[126.939691,37.4439138],[126.93964,37.4440565],[126.9394334,37.4442571],[126.9393792,37.4444346],[126.9394396,37.444531],[126.9395223,37.4445253],[126.9396053,37.4446406],[126.9395885,37.4447923],[126.9397125,37.4450426],[126.9397247,37.4451925],[126.9397513,37.4452618],[126.9397889,37.4453523],[126.9398133,37.4454167],[126.9400297,37.4455043],[126.9401522,37.4455803],[126.9401845,37.4456302],[126.9403367,37.4458052],[126.9403818,37.4458808],[126.9404535,37.4459494],[126.940478,37.4461124],[126.9406459,37.4462893],[126.9408559,37.4464731],[126.9411951,37.446641],[126.9413553,37.4467158],[126.9413448,37.4468402],[126.9413614,37.4469078],[126.941403,37.4469681],[126.941347,37.44706],[126.9413385,37.4472074],[126.9413864,37.4472915],[126.9414156,37.4474345],[126.9416345,37.4476544],[126.9416678,37.44782],[126.9416785,37.4479002],[126.9417751,37.4480226],[126.9419494,37.4482079],[126.941995,37.4482505],[126.9420543,37.4483213],[126.9420539,37.4485004],[126.9421157,37.4485965],[126.9420831,37.4486814],[126.9421895,37.4487999],[126.9423529,37.4489163],[126.9424443,37.448951],[126.9425944,37.4489764],[126.9429101,37.4489975],[126.9432804,37.4490972],[126.9434845,37.4490389],[126.9436821,37.4490309],[126.9437337,37.4490789],[126.9439316,37.4490501],[126.9440204,37.4491028],[126.9440818,37.449246],[126.9440144,37.4493241],[126.9439565,37.4495797],[126.9439074,37.4500726],[126.9438517,37.4502374],[126.9438324,37.450422],[126.9439206,37.4506021],[126.9439691,37.4507046],[126.9439441,37.4508492],[126.9438798,37.4510483],[126.9439134,37.451639],[126.9438484,37.4517245],[126.9438891,37.4520594],[126.9438712,37.4522961],[126.94394,37.4525642],[126.9440431,37.4528877],[126.9442772,37.4535021],[126.9445412,37.4539753],[126.9446574,37.4541358],[126.9448333,37.4543659],[126.9448828,37.4545432],[126.9448768,37.4547904],[126.9449208,37.4550495]]}},
{"type":"Feature","id":839547303,"properties":{"type":"path","service":null,"tunnel":false,"tunnel_type":null},"geometry":{"type":"LineString","coordinates":[[126.9743152,37.4645735],[126.9744578,37.4645632],[126.9747031,37.4645315],[126.974946,37.4645249],[126.9751674,37.4645483],[126.9753054,37.4646036],[126.9757667,37.4648293],[126.9758939,37.4648511],[126.9759813,37.4648463],[126.9761449,37.4647761],[126.9764807,37.4646328],[126.9765215,37.4646186],[126.9766277,37.4646143],[126.9767122,37.4645589],[126.9767578,37.4645419],[126.9768172,37.4645023],[126.9768597,37.4645057],[126.9768839,37.4645377],[126.9769362,37.4645728],[126.9770246,37.4646037],[126.9770582,37.4646494],[126.9771199,37.4646611],[126.9771188,37.4647254],[126.9771655,37.4647633],[126.9771789,37.4648229],[126.9771413,37.4648879],[126.9771829,37.4649028],[126.9771937,37.4649571],[126.97714,37.4650167],[126.9772364,37.4650675],[126.9772232,37.4651338],[126.9772057,37.4652157],[126.9772714,37.4651848],[126.9772969,37.4652468],[126.9773274,37.4653004],[126.977427,37.4654424],[126.9775431,37.4655677],[126.9777579,37.4657608],[126.9778454,37.4659023],[126.9779311,37.4660722],[126.9779169,37.4661391],[126.9778994,37.4662115],[126.9779018,37.4663345],[126.9779849,37.4665112],[126.9779665,37.4666282],[126.9777837,37.4668901],[126.9777215,37.4670631],[126.9777029,37.4671942],[126.9776121,37.4672627],[126.9775262,37.4673138],[126.9773734,37.4673308],[126.9772419,37.4673499],[126.97703,37.4673563],[126.976963,37.4674272]]}},
{"type":"Feature","id":847023048,"properties":{"type":"path","service":null,"tunnel":false,"tunnel_type":null},"geometry":{"type":"LineString","coordinates":[[126.9749517,37.466928],[126.9749008,37.4669363],[126.9749064,37.4670262],[126.9748046,37.4670856],[126.9747423,37.4671203],[126.9746943,37.4671856],[126.9746934,37.4672821],[126.9746528,37.4673734],[126.9746659,37.4674568],[126.9746822,37.4675433],[126.9746962,37.4676612],[126.9747246,37.4677654],[126.974775,37.4677233],[126.9748505,37.467701],[126.9749507,37.4676453],[126.9750039,37.4675652],[126.9750755,37.4674935],[126.9751887,37.4674451],[126.9753182,37.4674392],[126.9754332,37.4674676],[126.9755293,37.4675186],[126.9756184,37.4675762],[126.9756848,37.4675742]]}},
{"type":"Feature","id":847951700,"properties":{"type":"service","service":null,"tunnel":false,"tunnel_type":null},"geometry":{"type":"LineString","coordinates":[[126.9567227,37.460576],[126.9565385,37.4609267],[126.9564907,37.4610141],[126.9564633,37.4610524]]}},
{"type":"Feature","id":847953675,"properties":{"type":"pedestrian","service":null,"tunnel":false,"tunnel_type":null},"geometry":{"type":"LineString","coordinates":[[126.9513236,37.459709],[126.9512669,37.4597526]]}},
{"type":"Feature","id":847953676,"properties":{"type":"pedestrian","service":null,"tunnel":false,"tunnel_type":null},"geometry":{"type":"LineString","coordinates":[[126.951575,37.4598915],[126.9515224,37.459937]]}},
{"type":"Feature","id":847953677,"properties":{"type":"pedestrian","service":null,"tunnel":false,"tunnel_type":null},"geometry":{"type":"LineString","coordinates":[[126.9512219,37.459179],[126.951374,37.4590073]]}},
{"type":"Feature","id":847953678,"properties":{"type":"steps","service":null,"tunnel":false,"tunnel_type":null},"geometry":{"type":"LineString","coordinates":[[126.9510307,37.4593947],[126.9512219,37.459179]]}},
{"type":"Feature","id":847953679,"properties":{"type":"service","service":null,"tunnel":false,"tunnel_type":null},"geometry":{"type":"LineString","coordinates":[[126.9547798,37.4659278],[126.9546275,37.4660287],[126.9544478,37.4661224],[126.9542359,37.4661841],[126.9540455,37.4662012],[126.9537934,37.466182],[126.9531841,37.4660791],[126.9527589,37.4660073],[126.9526964,37.4659968],[126.9524415,37.4659691],[126.9522243,37.4659563],[126.9520184,37.465952],[126.9517949,37.4659473],[126.9516883,37.4659451],[126.9514386,37.4659345],[126.951267,37.4659335],[126.9512104,37.465935],[126.9508108,37.4659265],[126.9505264,37.4658967],[126.949893,37.4657763],[126.949543,37.4657098],[126.9491296,37.4656412],[126.9487524,37.4655817],[126.9485078,37.4655684]]}},
{"type":"Feature","id":875251690,"properties":{"type":"steps","service":null,"tunnel":false,"tunnel_type":null},"geometry":{"type":"LineString","coordinates":[[126.9541595,37.4615706],[126.9541017,37.4616441],[126.9538803,37.4618079],[126.9538466,37.4619159]]}},
{"type":"Feature","id":875251691,"properties":{"type":"path","service":null,"tunnel":false,"tunnel_type":null},"geometry":{"type":"LineString","coordinates":[[126.9545578,37.4617218],[126.9543947,37.4616562],[126.9541595,37.4615706]]}},
{"type":"Feature","id":875251692,"properties":{"type":"service","service":null,"tunnel":false,"tunnel_type":null},"geometry":{"type":"LineString","coordinates":[[126.9563479,37.4611608],[126.9562752,37.46121],[126.9562076,37.4612466],[126.9561085,37.4612666],[126.9559749,37.4613047],[126.9556253,37.4613918],[126.9554268,37.4614259],[126.9550406,37.4614791],[126.9548421,37.4615153],[126.9546731,37.4615919],[126.9545578,37.4617218]]}},
{"type":"Feature","id":875251693,"properties":{"type":"residential","service":null,"tunnel":false,"tunnel_type":null},"geometry":{"type":"LineString","coordinates":[[126.9577477,37.4596133],[126.9584502,37.4600674],[126.9585098,37.4601054],[126.959095,37.4608182],[126.9588406,37.4613156],[126.9587651,37.4614633],[126.9588732,37.4614376],[126.959175,37.4613658],[126.959293,37.4615872],[126.9593252,37.4618597],[126.9593434,37.4620513],[126.9592071,37.4627965],[126.9598831,37.4635885],[126.9597114,37.4637758],[126.9600086,37.4639419],[126.959765,37.4642442],[126.9604946,37.4647722],[126.9605954,37.4649142],[126.9609312,37.4653872],[126.9611517,37.4657732],[126.9612239,37.4659323],[126.9612188,37.4661223],[126.961061,37.4671952],[126.9606701,37.4675808],[126.9600976,37.468204],[126.9592112,37.4683419],[126.9587023,37.4684237],[126.9578835,37.4685552],[126.9578031,37.4678507],[126.9577182,37.4671071],[126.9576987,37.4667611],[126.9576968,37.4666569],[126.9576933,37.4664694],[126.9577228,37.4658563],[126.9579225,37.4646633],[126.9579228,37.4642361],[126.9579467,37.4640747],[126.9579413,37.4638987],[126.9579104,37.4637226],[126.9578774,37.4635847],[126.9577791,37.4631738],[126.9577524,37.4630284],[126.9577175,37.4629268],[126.9576504,37.4627735],[126.9575384,37.4626238],[126.9571582,37.4622574],[126.9570975,37.4621989],[126.9568937,37.4619923],[126.9567339,37.4618171],[126.9566045,37.4616157],[126.9565146,37.4614372],[126.9564943,37.4614067],[126.9564233,37.4613412],[126.9563897,37.4613195],[126.9563518,37.4613019],[126.9563044,37.4612875],[126.9562443,37.4612788],[126.9561854,37.4612765],[126.9561222,37.4612802],[126.9560662,37.461288],[126.9559749,37.4613047],[126.9556253,37.4613918],[126.9554268,37.4614259],[126.9550406,37.4614791],[126.9548421,37.4615153],[126.9546731,37.4615919],[126.9545578,37.4617218]]}},
{"type":"Feature","id":875251695,"properties":{"type":"footway","service":null,"tunnel":false,"tunnel_type":null},"geometry":{"type":"LineString","coordinates":[[126.950837,37.462452],[126.9507938,37.4624196]]}},
{"type":"Feature","id":875251696,"properties":{"type":"footway","service":null,"tunnel":false,"tunnel_type":null},"geometry":{"type":"LineString","coordinates":[[126.9512423,37.4627847],[126.9506978,37.4632486]]}},
{"type":"Feature","id":875251697,"properties":{"type":"steps","service":null,"tunnel":false,"tunnel_type":null},"geometry":{"type":"LineString","coordinates":[[126.9512423,37.4627847],[126.9514181,37.4628922]]}},
{"type":"Feature","id":875251698,"properties":{"type":"footway","service":null,"tunnel":false,"tunnel_type":null},"geometry":{"type":"LineString","coordinates":[[126.9514181,37.4628922],[126.9516339,37.4627141],[126.9518019,37.4625755]]}},
{"type":"Feature","id":875251699,"properties":{"type":"steps","service":null,"tunnel":false,"tunnel_type":null},"geometry":{"type":"LineString","coordinates":[[126.9518019,37.4625755],[126.9519355,37.4626297],[126.9519992,37.4626273],[126.9520584,37.4625803],[126.9522776,37.4627413]]}},
{"type":"Feature","id":913048588,"properties":{"type":"service","service":null,"tunnel":false,"tunnel_type":null},"geometry":{"type":"LineString","coordinates":[[126.9433549,37.4701185],[126.9433643,37.4700163]]}},
{"type":"Feature","id":913048589,"properties":{"type":"service","service":null,"tunnel":false,"tunnel_type":null},"geometry":{"type":"LineString","coordinates":[[126.944222,37.4700225],[126.944193,37.4699368],[126.9441864,37.4699173],[126.9441609,37.4698875],[126.9441374,37.4698633],[126.9441332,37.4698621],[126.9441294,37.4698622],[126.944114,37.4698668],[126.9440828,37.469887],[126.9440684,37.4699037],[126.9439778,37.4700206],[126.9438498,37.470102],[126.9437941,37.4701233],[126.9437653,37.4701265],[126.943709,37.4701238],[126.9433549,37.4701185],[126.9433361,37.4703409]]}},
{"type":"Feature","id":913134934,"properties":{"type":"residential","service":null,"tunnel":false,"tunnel_type":null},"geometry":{"type":"LineString","coordinates":[[126.9578274,37.4611018],[126.9578763,37.4611237]]}},
{"type":"Feature","id":913227054,"properties":{"type":"service","service":null,"tunnel":false,"tunnel_type":null},"geometry":{"type":"LineString","coordinates":[[126.9622056,37.4737777],[126.9617683,37.473087]]}},
{"type":"Feature","id":913349266,"properties":{"type":"residential","service":null,"tunnel":false,"tunnel_type":null},"geometry":{"type":"LineString","coordinates":[[126.9734493,37.4721653],[126.9742266,37.4718058]]}},
{"type":"Feature","id":913490182,"properties":{"type":"service","service":"parking_aisle","tunnel":false,"tunnel_type":null},"geometry":{"type":"LineString","coordinates":[[126.9656926,37.4737704],[126.9656265,37.4736173],[126.9654738,37.473533],[126.9655113,37.4729487],[126.9654885,37.4728539],[126.96529,37.4727549],[126.9652404,37.4726687],[126.9652981,37.4719503],[126.965581,37.4719578],[126.9656508,37.4720855],[126.9656695,37.4726315],[126.9658197,37.4727645],[126.9658077,37.4735585],[126.9656265,37.4736173]]}},
{"type":"Feature","id":921151112,"properties":{"type":"footway","service":null,"tunnel":false,"tunnel_type":null},"geometry":{"type":"LineString","coordinates":[[126.9505379,37.4551449],[126.9505272,37.4551841]]}},
{"type":"Feature","id":921151113,"properties":{"type":"footway","service":null,"tunnel":false,"tunnel_type":null},"geometry":{"type":"LineString","coordinates":[[126.9507908,37.4551712],[126.9507824,37.4552074]]}},
{"type":"Feature","id":936305119,"properties":{"type":"living_street","service":null,"tunnel":false,"tunnel_type":null},"geometry":{"type":"LineString","coordinates":[[126.9668239,37.4721367],[126.9669454,37.4719319],[126.9673656,37.471273],[126.9674107,37.4712019],[126.9679276,37.4704031]]}},
{"type":"Feature","id":1039080170,"properties":{"type":"path","service":null,"tunnel":false,"tunnel_type":null},"geometry":{"type":"LineString","coordinates":[[126.9480137,37.4407131],[126.9482054,37.4408121],[126.948492,37.4409061],[126.9486882,37.4410078],[126.9491109,37.4410431],[126.9494086,37.4410538],[126.9495106,37.4410538],[126.9495535,37.4410857],[126.9495615,37.4411283],[126.9496817,37.4411387],[126.9499326,37.4413749],[126.9499961,37.4414307],[126.9500497,37.4416458],[126.9503373,37.4419633],[126.9503447,37.4421143],[126.95034,37.4422367],[126.9503434,37.4422836],[126.9502603,37.4423645],[126.9501986,37.4424668],[126.9501315,37.4425913],[126.9500118,37.4427457],[126.9499692,37.4428171],[126.9499908,37.4428728],[126.9500282,37.4429289],[126.95011,37.4429619],[126.950157,37.4430716],[126.9501664,37.4432015],[126.950224,37.4433282],[126.9503206,37.4434293],[126.9503461,37.4434826],[126.9503582,37.4435528],[126.9503783,37.443704],[126.9504518,37.4437619],[126.9504265,37.4438148],[126.9503377,37.4438803],[126.9502616,37.4440544],[126.9502912,37.4442274],[126.9500014,37.4444079],[126.9498619,37.4444291],[126.9497829,37.4444795],[126.9496179,37.4445974],[126.9495642,37.4447124],[126.9494728,37.4448255],[126.9495658,37.4451652],[126.9494914,37.445468],[126.9492692,37.4455067],[126.9490787,37.4455876],[126.9489527,37.4455407],[126.9488496,37.4455787],[126.9487622,37.4456898],[126.9484434,37.4458485],[126.9485093,37.4460363],[126.9483438,37.4461945],[126.948207,37.4462541],[126.9480963,37.446391],[126.94792,37.4465224],[126.9477986,37.4468193],[126.9475568,37.4470334],[126.947001,37.4469422]]}},
{"type":"Feature","id":1039080171,"properties":{"type":"path","service":null,"tunnel":false,"tunnel_type":null},"geometry":{"type":"LineString","coordinates":[[126.9405539,37.4424251],[126.9409081,37.4427807],[126.9413171,37.4434027],[126.9416568,37.4440302],[126.9420173,37.4447016],[126.9432928,37.4453291],[126.9435562,37.4454557],[126.9438335,37.445885],[126.944194,37.4458134],[126.9446377,37.4461106],[126.9450957,37.4464564],[126.9455666,37.446727],[126.9463292,37.4469362],[126.9467468,37.4470545],[126.9470081,37.4471165]]}},
{"type":"Feature","id":1039080172,"properties":{"type":"path","service":null,"tunnel":false,"tunnel_type":null},"geometry":{"type":"LineString","coordinates":[[126.9494978,37.4523036],[126.9493148,37.4523867],[126.9491565,37.4524655],[126.9490653,37.452572],[126.9489339,37.4527423],[126.9488642,37.452951],[126.9488615,37.4530937],[126.9488427,37.4531767],[126.9488052,37.4532747],[126.9487166,37.4533896],[126.9486496,37.4534322],[126.9486281,37.4534876],[126.9485477,37.4535579],[126.9484794,37.4536036],[126.9484109,37.4536494],[126.9482982,37.4537218],[126.9481346,37.4537985],[126.9479978,37.4538155],[126.9479147,37.453873],[126.9478181,37.4539369],[126.9477242,37.4540178],[126.9475955,37.4541519],[126.9474989,37.4541817],[126.9474426,37.4541839],[126.9473648,37.4541093],[126.9473353,37.4540476],[126.9473219,37.4539582],[126.9473058,37.45389],[126.9472012,37.4537878],[126.9471288,37.4536515],[126.9470027,37.4535621],[126.9469397,37.4535131],[126.9468753,37.4533673],[126.946772,37.4533588],[126.9467345,37.4532491],[126.946646,37.453149],[126.946595,37.4530341],[126.946595,37.4528488],[126.9466272,37.452655],[126.9466031,37.4525997],[126.9464877,37.4525038],[126.946367,37.4524315],[126.9462624,37.4523293],[126.9461176,37.4521994],[126.9459674,37.4520588],[126.945844,37.4519183],[126.945683,37.4516373],[126.9456589,37.4515265],[126.9453934,37.4511858],[126.9452432,37.4509367],[126.9450849,37.4506524],[126.9450594,37.4505587],[126.9450554,37.4504831],[126.9450675,37.4503575],[126.9450393,37.4502457],[126.9449361,37.4500923],[126.9448878,37.4498986],[126.9448073,37.4496825],[126.9447269,37.4494674],[126.9446746,37.4493833],[126.9446155,37.4493248],[126.9445069,37.4492524],[126.9444197,37.4492076],[126.9442628,37.4491576],[126.9441475,37.4491214],[126.9440204,37.4491028],[126.9442642,37.448769],[126.9443956,37.4485624],[126.94446,37.4484347],[126.9444628,37.4482935],[126.9444948,37.4481238],[126.9447389,37.4478959],[126.9449456,37.4477347],[126.9453719,37.4476936],[126.9455811,37.4476872],[126.9457917,37.4477029],[126.9463276,37.4478359]]}},
{"type":"Feature","id":1054356602,"properties":{"type":"secondary","service":null,"tunnel":false,"tunnel_type":null},"geometry":{"type":"LineString","coordinates":[[126.9388698,37.4705709],[126.9393377,37.4705104],[126.9395111,37.4704973],[126.9396691,37.4704935],[126.9397006,37.4704928],[126.9408852,37.4706121],[126.9413856,37.4706634],[126.9414518,37.4706695],[126.9422228,37.4707404],[126.94243,37.4707508],[126.9426021,37.4707424],[126.9427994,37.4707171],[126.9429696,37.4706845],[126.943166,37.470627],[126.943216,37.4706124],[126.9434575,37.4705165],[126.9436903,37.470403],[126.9441311,37.4700906],[126.944222,37.4700225],[126.9443661,37.4699145],[126.9444734,37.4698428],[126.9445844,37.4697594],[126.9447798,37.4696127]]}},
{"type":"Feature","id":1064292123,"properties":{"type":"path","service":null,"tunnel":false,"tunnel_type":null},"geometry":{"type":"LineString","coordinates":[[126.9562774,37.4741765],[126.9549386,37.4730104],[126.9547945,37.4731594],[126.9547516,37.4733042],[126.9547194,37.4733595],[126.9544512,37.4734659],[126.9541347,37.4736064],[126.9539416,37.4736149],[126.953786,37.4735809]]}},
{"type":"Feature","id":1066022287,"properties":{"type":"service","service":null,"tunnel":false,"tunnel_type":null},"geometry":{"type":"LineString","coordinates":[[126.9503298,37.4527028],[126.9503873,37.4526496],[126.9504738,37.4524376]]}},
{"type":"Feature","id":1066022288,"properties":{"type":"service","service":null,"tunnel":false,"tunnel_type":null},"geometry":{"type":"LineString","coordinates":[[126.9504738,37.4524376],[126.9504158,37.4522487],[126.9503776,37.4521245]]}},
{"type":"Feature","id":1066022289,"properties":{"type":"service","service":null,"tunnel":false,"tunnel_type":null},"geometry":{"type":"LineString","coordinates":[[126.9504158,37.4522487],[126.9504457,37.4522078],[126.9505129,37.4521159]]}},
{"type":"Feature","id":1133746453,"properties":{"type":"path","service":null,"tunnel":false,"tunnel_type":null},"geometry":{"type":"LineString","coordinates":[[126.9456685,37.4561043],[126.945544,37.456272],[126.945444,37.456277],[126.945385,37.456265],[126.9452686,37.4562519],[126.945162,37.456236],[126.945051,37.456244],[126.944965,37.45624],[126.944851,37.456246],[126.944738,37.456245],[126.9445539,37.4562717],[126.9445308,37.4562148],[126.944509,37.456151],[126.944409,37.456085],[126.94431,37.456012],[126.944202,37.455984],[126.9440989,37.4559482],[126.9439869,37.4558912],[126.9439261,37.4558029],[126.943817,37.455751],[126.943778,37.455671],[126.943682,37.455612],[126.94358,37.455557],[126.943505,37.455522],[126.943432,37.455506],[126.943337,37.455446],[126.943242,37.455391],[126.94312,37.455386],[126.94301,37.455366],[126.942912,37.455322],[126.942804,37.455305],[126.942676,37.455294],[126.942575,37.455311],[126.942451,37.455338],[126.9423406,37.4553763],[126.942244,37.455472],[126.942105,37.455504],[126.9420063,37.455487],[126.941989,37.455484],[126.941887,37.455453],[126.94178,37.45549],[126.941659,37.455506],[126.941535,37.4555],[126.941409,37.455547],[126.941319,37.455614],[126.941223,37.455665],[126.941121,37.455692],[126.941016,37.455675],[126.940901,37.455647],[126.940784,37.455632],[126.940662,37.455617],[126.940555,37.455605],[126.94043,37.455596],[126.9403381,37.4555447],[126.940222,37.455567],[126.940119,37.455536],[126.94,37.455526],[126.9399127,37.4555278],[126.9398128,37.4555016],[126.939734,37.455471],[126.939676,37.45551],[126.939583,37.455539],[126.939492,37.45558],[126.939391,37.455625],[126.9392645,37.4556892],[126.9391599,37.4557424],[126.9391277,37.4558191],[126.9390097,37.4559554],[126.9389212,37.4560661],[126.938881,37.4561385],[126.9388649,37.4562087],[126.9388756,37.4563216],[126.9388998,37.4564579],[126.9388676,37.4565537],[126.9388193,37.4566644],[126.9387227,37.4567581],[126.9386396,37.4568219],[126.9383778,37.4569598]]}},
{"type":"Feature","id":1133746454,"properties":{"type":"path","service":null,"tunnel":false,"tunnel_type":null},"geometry":{"type":"LineString","coordinates":[[126.9430539,37.4519774],[126.9431655,37.4520492]]}},
{"type":"Feature","id":1134613843,"properties":{"type":"path","service":null,"tunnel":false,"tunnel_type":null},"geometry":{"type":"LineString","coordinates":[[126.9404302,37.4422837],[126.9406164,37.4421548],[126.9408148,37.4420739],[126.9410026,37.4420291],[126.9412172,37.4420951],[126.9414371,37.4422655],[126.9416892,37.4424061],[126.9419199,37.4424103],[126.9421452,37.44247],[126.9423276,37.4425551],[126.9424993,37.4427383],[126.9426978,37.4429385],[126.9427782,37.4430535],[126.9428265,37.4432025],[126.9428533,37.4432536],[126.9429499,37.4433346],[126.9430786,37.4433985],[126.9432557,37.4436881],[126.943379,37.4438329],[126.9434863,37.4439053],[126.9436634,37.4439436],[126.9438028,37.4439947],[126.944012,37.4441438],[126.9442856,37.4444036],[126.9443339,37.4445186],[126.9443446,37.4447102],[126.9443929,37.4448721],[126.9444787,37.444953],[126.944688,37.4449913],[126.9450581,37.4450808],[126.9453049,37.4450893],[126.9456589,37.4450765],[126.9459915,37.4450297],[126.9461471,37.4450808],[126.9462866,37.4451489],[126.946426,37.4451319],[126.9466352,37.4450978],[126.9467479,37.4451489],[126.9468766,37.4452213],[126.9470832,37.4453044],[126.9472092,37.445315],[126.947379,37.4453173]]}},
{"type":"Feature","id":1134613846,"properties":{"type":"path","service":null,"tunnel":false,"tunnel_type":null},"geometry":{"type":"LineString","coordinates":[[126.9489547,37.4464239],[126.9488333,37.4464846],[126.9488112,37.4465688],[126.9487602,37.4466028],[126.9486509,37.4466449],[126.9484511,37.4467066],[126.9482768,37.4468695],[126.9480715,37.4470399],[126.9479562,37.4470804],[126.9478825,37.4471272],[126.9477215,37.4472486],[126.9476558,37.4473018],[126.9476263,37.4473561],[126.9475123,37.4474232],[126.9473769,37.4474732],[126.9472589,37.4474738],[126.947228,37.4474546],[126.9472092,37.44742],[126.9471697,37.4474046],[126.9470432,37.447388]]}},
{"type":"Feature","id":1134613847,"properties":{"type":"path","service":null,"tunnel":false,"tunnel_type":null},"geometry":{"type":"LineString","coordinates":[[126.9490331,37.4461663],[126.9490298,37.4462243],[126.9490492,37.4462701],[126.9491485,37.4463297],[126.9489547,37.4464239]]}},
{"type":"Feature","id":1134613848,"properties":{"type":"path","service":null,"tunnel":false,"tunnel_type":null},"geometry":{"type":"LineString","coordinates":[[126.9495749,37.4469526],[126.9493792,37.4469227],[126.9492357,37.4469206],[126.9492061,37.4469217],[126.9491512,37.44696],[126.9490921,37.4470335],[126.9490372,37.4471016],[126.9489581,37.4471772],[126.948887,37.4472262],[126.9488159,37.4472592],[126.9487287,37.4472763],[126.9487019,37.4473029],[126.9486362,37.4473487],[126.948604,37.4473998],[126.9484457,37.4474956],[126.9482875,37.4475786],[126.9481131,37.4476617],[126.9480246,37.4476936],[126.9478717,37.4476958],[126.9477671,37.4476361],[126.9475123,37.4474232]]}},
{"type":"Feature","id":1134613849,"properties":{"type":"path","service":null,"tunnel":false,"tunnel_type":null},"geometry":{"type":"LineString","coordinates":[[126.9470443,37.4474519],[126.9470328,37.4475616]]}},
{"type":"Feature","id":1134613850,"properties":{"type":"path","service":null,"tunnel":false,"tunnel_type":null},"geometry":{"type":"LineString","coordinates":[[126.9470432,37.447388],[126.9470443,37.4473961],[126.9470443,37.4474519]]}},
{"type":"Feature","id":1134613851,"properties":{"type":"path","service":null,"tunnel":false,"tunnel_type":null},"geometry":{"type":"LineString","coordinates":[[126.9742107,37.4476688],[126.9743827,37.4478183],[126.9744739,37.4478757],[126.9745999,37.4481472],[126.9747314,37.4483367],[126.9748574,37.4485646],[126.9750613,37.4487605],[126.9753402,37.4491182],[126.9755173,37.4493183],[126.9755977,37.4495228],[126.9757587,37.4496867],[126.9758552,37.4499103],[126.9760698,37.4501999],[126.9761342,37.4502872],[126.9761717,37.4503788],[126.9763273,37.4505066],[126.976499,37.4506301],[126.9766331,37.4506726],[126.9767243,37.4507365],[126.9768906,37.4507706],[126.9770086,37.4508302],[126.9770783,37.4509154],[126.9771534,37.4509367],[126.97725,37.4508898],[126.9773787,37.4508217],[126.9774753,37.4507749],[126.9776148,37.4508089],[126.9777542,37.4509069],[126.9779098,37.4510219],[126.9781136,37.4511496],[126.9782799,37.4512816],[126.9784248,37.4513838],[126.978516,37.451469],[126.9785589,37.4516096],[126.978575,37.4517586],[126.9787306,37.451946],[126.978972,37.4521759],[126.97909,37.4522696],[126.9792777,37.4523207],[126.9795191,37.4523718],[126.9796693,37.452457],[126.9798624,37.4526188],[126.9799483,37.4527296],[126.980077,37.4528403],[126.9801789,37.4528871],[126.9803774,37.4528829],[126.9805008,37.4528999],[126.9807047,37.4530532],[126.9809031,37.4532406],[126.9809407,37.4533769],[126.9809246,37.4535302],[126.9809836,37.453692],[126.9811338,37.453807],[126.9813806,37.4540071],[126.9815952,37.4541945],[126.9818902,37.4544202],[126.9820297,37.4545778],[126.982094,37.4547311],[126.9821691,37.4548503],[126.9823033,37.4549653],[126.9824642,37.4550206],[126.9827217,37.4548971],[126.9829497,37.4548503],[126.9832152,37.454812],[126.983698,37.4547992],[126.9839823,37.4547907],[126.9842184,37.45468],[126.9845509,37.4545948],[126.9846958,37.4545267],[126.9849318,37.4545096],[126.9851732,37.4544969],[126.9854093,37.454467],[126.9855756,37.4543946],[126.9858813,37.4541689],[126.9861013,37.4540966],[126.986407,37.4541391],[126.9866055,37.454186],[126.9869006,37.4543989],[126.9871312,37.4544756],[126.9873136,37.4544202],[126.9874531,37.4543308],[126.987732,37.454301],[126.9879574,37.4543052],[126.9881719,37.4544543],[126.988349,37.4547268],[126.988467,37.4548546],[126.9886118,37.4549057],[126.9890195,37.4549057],[126.9891348,37.4549121],[126.989218,37.4549355],[126.9893038,37.4550036],[126.9892958,37.4551292],[126.989269,37.4552527],[126.9893092,37.4554635],[126.9893762,37.4556743],[126.9894594,37.4557488],[126.9896257,37.4559192],[126.9896712,37.4559541],[126.989709,37.455982]]}},
{"type":"Feature","id":1134613852,"properties":{"type":"path","service":null,"tunnel":false,"tunnel_type":null},"geometry":{"type":"LineString","coordinates":[[126.9653073,37.4459327],[126.965359,37.4458564],[126.9653758,37.4457867],[126.9654013,37.4457441],[126.965408,37.4456856],[126.9653906,37.4455354],[126.9653557,37.4454002],[126.9653437,37.4452799],[126.9653302,37.4451617],[126.9653289,37.4450999],[126.9653825,37.4450318],[126.965412,37.4449477],[126.965412,37.4448444],[126.9653852,37.4447294],[126.9653155,37.4445527],[126.9652806,37.4444057],[126.9652699,37.4443461],[126.9652739,37.4442992],[126.965353,37.4442375],[126.9654657,37.4441843],[126.9655193,37.4441374],[126.9655384,37.4440177],[126.965575,37.4439697],[126.9656782,37.4438627]]}},
{"type":"Feature","id":1134613853,"properties":{"type":"path","service":null,"tunnel":false,"tunnel_type":null},"geometry":{"type":"LineString","coordinates":[[126.9661697,37.4441411],[126.9660692,37.4440898],[126.9659203,37.4439372],[126.9657715,37.4438446],[126.9656782,37.4438627],[126.9656434,37.4437189],[126.965642,37.4436689],[126.9656742,37.443604],[126.9657272,37.4435459],[126.9656796,37.4434671],[126.965626,37.4434219],[126.9655428,37.4433814],[126.9654872,37.4433218],[126.9655395,37.4432462],[126.9655435,37.4431339],[126.9653725,37.4430817],[126.9654449,37.4430071],[126.9654543,37.4429209],[126.9653678,37.4429129],[126.965294,37.4428623],[126.9653182,37.4428118],[126.9652504,37.442693],[126.9652746,37.4425908],[126.9652269,37.4425685]]}},
{"type":"Feature","id":1134613854,"properties":{"type":"path","service":null,"tunnel":false,"tunnel_type":null},"geometry":{"type":"LineString","coordinates":[[126.9666633,37.4494994],[126.9664782,37.449148],[126.9663843,37.4490075],[126.966328,37.4488648],[126.9663173,37.4487583],[126.9663468,37.4486923],[126.9663897,37.4486497],[126.9664621,37.4486008],[126.9665721,37.4485411],[126.9667572,37.4484325],[126.9668403,37.4483176],[126.966902,37.4482302],[126.9669369,37.4481302],[126.9669047,37.4479044],[126.9668591,37.4477171],[126.9668162,37.4475808],[126.9667143,37.4472699],[126.9666392,37.4471038],[126.9665801,37.4469568],[126.9665533,37.446827],[126.9665587,37.4467609],[126.9665882,37.4466694],[126.9665962,37.4465288],[126.9665319,37.4463201],[126.9664782,37.4461924],[126.9663672,37.4460706],[126.9662529,37.4459709],[126.9661429,37.4458261],[126.9660974,37.4457409],[126.9660518,37.4454641],[126.9660357,37.4452959],[126.9660357,37.4452],[126.9660169,37.4451276],[126.9659659,37.4450382],[126.9659445,37.4448827],[126.9659364,37.4445825],[126.965915,37.4444079],[126.9659418,37.4443014],[126.9659847,37.4442077],[126.9660692,37.4440898]]}},
{"type":"Feature","id":1134613855,"properties":{"type":"path","service":null,"tunnel":false,"tunnel_type":null},"geometry":{"type":"LineString","coordinates":[[126.9660429,37.4560022],[126.9657809,37.4559916],[126.9655314,37.455983],[126.9652927,37.4560192],[126.9650057,37.4561065],[126.9647911,37.4562045],[126.9646221,37.4563109],[126.9645873,37.456411],[126.9646275,37.4565856],[126.9646999,37.4567474],[126.9647884,37.4569135],[126.9649279,37.4571222],[126.9649789,37.4572286],[126.9650003,37.4573585],[126.9649976,37.4575033],[126.9649386,37.457631],[126.9648072,37.4578716],[126.9647493,37.457955],[126.9647053,37.4580185],[126.9645631,37.4581207],[126.964488,37.4582101],[126.9642949,37.4583315],[126.9640106,37.4584529],[126.9637746,37.4585615],[126.9636378,37.4586445],[126.9635278,37.4587318],[126.9634259,37.4588766],[126.9633937,37.4589277],[126.9633427,37.4589596],[126.9632247,37.4589873],[126.9630718,37.4590533],[126.9630235,37.4591108],[126.9627097,37.4594386],[126.9626051,37.4595281],[126.9625273,37.4595706],[126.9623423,37.4596026],[126.9622296,37.459643],[126.9621143,37.4597921],[126.9617683,37.4602903],[126.9616422,37.4604542],[126.9615161,37.4605841],[126.9613793,37.4606799],[126.9611379,37.4608119],[126.9609824,37.4609056],[126.9608322,37.4610333],[126.9607383,37.461127],[126.9606847,37.4611781],[126.9606096,37.4611611],[126.9605157,37.4611462],[126.9603789,37.4611313],[126.9602555,37.461176],[126.9601094,37.4612356],[126.9601724,37.4612707],[126.9602649,37.4613048],[126.9603427,37.4613612],[126.9603695,37.4613857],[126.9603936,37.4614123],[126.9604366,37.4614517],[126.9605009,37.4614719],[126.960576,37.4614879],[126.9606028,37.4614964],[126.9606538,37.4615826],[126.9606806,37.4616305],[126.9607168,37.4616859],[126.9607088,37.4617253],[126.9607303,37.4618072],[126.960741,37.4618519],[126.9607356,37.4619211],[126.9606967,37.4619786],[126.9606793,37.4620254],[126.960682,37.4620638],[126.9605908,37.4621489],[126.9605479,37.462232],[126.9605318,37.4623107],[126.96058,37.4623682],[126.9606122,37.4623991],[126.9606672,37.4624438],[126.9607034,37.4624843],[126.9607086,37.4625001]]}},
{"type":"Feature","id":1134613856,"properties":{"type":"path","service":null,"tunnel":false,"tunnel_type":null},"geometry":{"type":"LineString","coordinates":[[126.9600237,37.4653377],[126.9605954,37.4649142],[126.9606525,37.4648719],[126.9607986,37.4649997],[126.960985,37.4650369],[126.9612989,37.4650475],[126.9615913,37.4649166],[126.9617091,37.4649423],[126.9617575,37.4649528],[126.9618675,37.4649166],[126.9620794,37.4648485],[126.9623932,37.4648825],[126.9624373,37.4648798],[126.9626373,37.4648676],[126.9628733,37.4649166],[126.9631523,37.4650358],[126.9635171,37.4652657],[126.9637102,37.4653935],[126.9641098,37.4655957],[126.9645068,37.4657838]]}},
{"type":"Feature","id":1134613857,"properties":{"type":"path","service":null,"tunnel":false,"tunnel_type":null},"geometry":{"type":"LineString","coordinates":[[126.9616958,37.4632709],[126.9618782,37.4633667],[126.9620419,37.4634945],[126.9622511,37.4637819],[126.9624147,37.4638862],[126.9625032,37.4638947],[126.9626239,37.4638926],[126.9627607,37.4638926],[126.9631818,37.463784],[126.9634581,37.4636435],[126.9636619,37.4636115],[126.9637961,37.4636073],[126.9639676,37.4636052],[126.964201,37.463586],[126.9642103,37.4636723],[126.9642198,37.4637605],[126.9642386,37.4638947],[126.9642171,37.4641374],[126.9641796,37.4643397],[126.9642144,37.4644078],[126.9641876,37.4645121],[126.9641393,37.4646037],[126.9642439,37.4646654],[126.9642815,37.4648123],[126.9643083,37.4648975],[126.9644397,37.4649336],[126.9644827,37.4651018],[126.9645873,37.4652147],[126.9646382,37.4654233],[126.9646999,37.4655255],[126.964736,37.4656537]]}},
{"type":"Feature","id":1134613858,"properties":{"type":"path","service":null,"tunnel":false,"tunnel_type":null},"geometry":{"type":"LineString","coordinates":[[126.9684437,37.4591764],[126.9683477,37.4592662],[126.9682538,37.4593322],[126.9681305,37.459445],[126.9680634,37.4594876],[126.9679561,37.4594897],[126.9678622,37.4595132],[126.9678113,37.4595643],[126.9676906,37.4597516],[126.967586,37.4599241],[126.9674545,37.460039],[126.9672748,37.4601923],[126.9670361,37.4603541],[126.9669047,37.4604436],[126.9667679,37.4605117],[126.9665989,37.4605543],[126.9664219,37.4605969],[126.96621,37.460648],[126.9660625,37.460748],[126.9659901,37.4608119],[126.9659498,37.460863],[126.9658291,37.4608864],[126.9655851,37.4609545],[126.9654241,37.4609971],[126.9652712,37.4610887],[126.965121,37.4612164],[126.9649655,37.4613804],[126.9648957,37.4614549],[126.9647911,37.4614996],[126.9646221,37.4615422],[126.96448,37.4615464],[126.9643432,37.4615762],[126.9642037,37.4617338],[126.9640589,37.4618743],[126.9639301,37.4619424],[126.9637209,37.4620446],[126.9635358,37.4621298],[126.9634178,37.4622064],[126.9633159,37.4622596],[126.9632032,37.462398],[126.9631067,37.4624896],[126.9629216,37.4626237],[126.9627714,37.4626769],[126.9625381,37.4626833],[126.9623128,37.4627302],[126.9621062,37.4628962],[126.9619024,37.4630772],[126.9616958,37.4632709],[126.9616261,37.4631975],[126.9615403,37.4631091],[126.9614544,37.4630229],[126.9613391,37.4629239],[126.9612278,37.4628281],[126.9611675,37.4627919],[126.9610431,37.4627565],[126.9610065,37.4627461],[126.9609208,37.4627248]]}},
{"type":"Feature","id":1134613859,"properties":{"type":"path","service":null,"tunnel":false,"tunnel_type":null},"geometry":{"type":"LineString","coordinates":[[126.9682548,37.4588104],[126.9683719,37.4587275],[126.9684014,37.4586509],[126.9683826,37.4586062],[126.9684201,37.4585487],[126.9684577,37.458504],[126.968455,37.4583549],[126.9684832,37.4582612],[126.9684362,37.4581633],[126.9684349,37.4580781],[126.9684483,37.4580047],[126.9683343,37.4579823],[126.9682538,37.4579983],[126.9682646,37.4578056],[126.9682122,37.457729],[126.9682592,37.4576278],[126.9683819,37.45758]]}},
{"type":"Feature","id":1134613860,"properties":{"type":"path","service":null,"tunnel":false,"tunnel_type":null},"geometry":{"type":"LineString","coordinates":[[126.9687394,37.4557169],[126.9688734,37.4556658],[126.9689271,37.4556232],[126.9689512,37.4555402],[126.9690156,37.4554699],[126.9691229,37.4553954],[126.9692624,37.4553081],[126.9693696,37.4551739],[126.9694233,37.4550292],[126.9695225,37.4549248],[126.9697049,37.454812],[126.9698095,37.4547651],[126.9700536,37.4547524],[126.9702843,37.4547162],[126.9704264,37.4546821],[126.9706464,37.4545905],[126.9707403,37.4545224],[126.9707582,37.4544833],[126.9707724,37.4544521],[126.970759,37.454318],[126.9706705,37.4542264],[126.9705176,37.4540689],[126.9704533,37.453956],[126.9703352,37.4537431],[126.9702726,37.4536242]]}},
{"type":"Feature","id":1134613862,"properties":{"type":"path","service":null,"tunnel":false,"tunnel_type":null},"geometry":{"type":"LineString","coordinates":[[126.9451743,37.4576131],[126.9450729,37.4576917],[126.9449656,37.4577683],[126.9449092,37.4578205],[126.9448878,37.4578769],[126.9448704,37.4579706],[126.944869,37.4580675],[126.9448408,37.458126],[126.9447671,37.4581612],[126.9446196,37.4582304],[126.9445284,37.4582879],[126.9443406,37.4584475],[126.9442132,37.4585551],[126.9441301,37.4586349],[126.9440617,37.458702],[126.9439799,37.4587925],[126.9439021,37.4589064],[126.9438726,37.458999],[126.9438511,37.4590991],[126.9438484,37.4592055],[126.943827,37.4593875],[126.9438162,37.459478],[126.9437559,37.4595547],[126.9436754,37.4596047],[126.9435386,37.4596484],[126.9432878,37.4597261],[126.9431832,37.4597484],[126.9430464,37.4597367],[126.9429244,37.4597484],[126.9428091,37.4597846],[126.9426616,37.4598538],[126.9425395,37.4599773],[126.942506,37.4600295],[126.9425115,37.4600568]]}},
{"type":"Feature","id":1134613881,"properties":{"type":"path","service":null,"tunnel":false,"tunnel_type":null},"geometry":{"type":"LineString","coordinates":[[126.9586056,37.4415162],[126.9583887,37.4415841],[126.9580936,37.4415926],[126.9579327,37.4415841],[126.9576967,37.4415159],[126.9575143,37.4414691],[126.9573748,37.4414499],[126.9572648,37.4414627],[126.957171,37.4414882],[126.9569188,37.4416692],[126.9567981,37.4417289],[126.9566426,37.4417651],[126.9562671,37.4417587],[126.9558164,37.4417395],[126.9555938,37.4417438],[126.955457,37.441797],[126.9552264,37.441895],[126.9547918,37.4421548],[126.9546175,37.4422698],[126.9543573,37.4424785],[126.9542447,37.4425615],[126.9540918,37.4426488],[126.9538531,37.4427276],[126.9537887,37.4427596],[126.9538222,37.4427937],[126.9539309,37.4428874],[126.9540033,37.4429363],[126.9540583,37.4429832],[126.9540837,37.4430716],[126.9541092,37.4431429],[126.9540784,37.4433378],[126.9540341,37.4434826],[126.9539604,37.4436881],[126.9538866,37.443786],[126.9538142,37.4438819],[126.9537391,37.4439681],[126.9536184,37.4441055],[126.9535889,37.4441768],[126.9535862,37.4442652],[126.9536251,37.4443898],[126.953672,37.4444877],[126.9536881,37.4446048],[126.9536854,37.4447039],[126.9536331,37.4448007],[126.9535165,37.4449253],[126.9534601,37.4449754],[126.9534494,37.445018],[126.9534534,37.4450616],[126.9534856,37.4451276],[126.9535714,37.445265],[126.9536734,37.4453672]]}},
{"type":"Feature","id":1134613889,"properties":{"type":"path","service":null,"tunnel":false,"tunnel_type":null},"geometry":{"type":"LineString","coordinates":[[126.9380666,37.4650625],[126.9381139,37.4649464],[126.9381031,37.4648336],[126.9381434,37.4647654],[126.9382077,37.4646803],[126.9382399,37.4645675],[126.9381729,37.464478],[126.9381809,37.4643695],[126.9382507,37.4642694],[126.938256,37.4641417],[126.9382721,37.4639607],[126.9382882,37.4637457],[126.9383338,37.4636754],[126.938433,37.4636052],[126.9385484,37.4635243],[126.9386047,37.4634647],[126.9386342,37.463371],[126.9387013,37.4633007],[126.9388944,37.4630963],[126.9390741,37.462926],[126.9392216,37.4628409],[126.9393557,37.4628132],[126.9394898,37.462777],[126.9396427,37.4627663],[126.9397473,37.4627429],[126.9398305,37.4626791],[126.9398466,37.4625087],[126.9398546,37.4623703],[126.9398949,37.4623043],[126.9399512,37.4622618],[126.9399592,37.4621851],[126.9400343,37.4621085],[126.940147,37.4619169],[126.9402167,37.461787],[126.9403401,37.4616827],[126.9404554,37.4616252],[126.9406083,37.4614634],[126.9406942,37.4613378],[126.9409221,37.4610269],[126.9410053,37.4609396],[126.9411233,37.4609162],[126.941244,37.46088],[126.9412923,37.4608225],[126.9413164,37.4607629],[126.9416956,37.4604853]]}},
{"type":"Feature","id":1134613890,"properties":{"type":"path","service":null,"tunnel":false,"tunnel_type":null},"geometry":{"type":"LineString","coordinates":[[126.9446839,37.4572542],[126.9445485,37.4572627],[126.9443929,37.4572669],[126.9443258,37.4572594],[126.94424,37.4571903],[126.9441783,37.457169],[126.9441006,37.4571594],[126.9440617,37.45717],[126.9439316,37.4572435],[126.9438618,37.4572605],[126.9437787,37.457252],[126.943666,37.4571956],[126.9436017,37.457152],[126.9435024,37.4571222],[126.9433522,37.4571072],[126.9432114,37.4571051],[126.9431269,37.4571434],[126.943076,37.4573957],[126.9430304,37.4575671],[126.9430196,37.4576757],[126.9429955,37.457763],[126.9429043,37.4578397],[126.9428238,37.4579099],[126.9428265,37.4579632],[126.9429311,37.4580334],[126.9430464,37.4581229],[126.9431242,37.458191],[126.9431162,37.4583187],[126.9430974,37.4584433],[126.943092,37.4584912],[126.9430304,37.4586211],[126.9430317,37.4586903],[126.9429177,37.4587829],[126.9428292,37.4588979],[126.9427782,37.4590192],[126.9427621,37.4591065],[126.9427219,37.4591789],[126.9425046,37.4593258],[126.9424564,37.4593854],[126.9424537,37.4594855],[126.9424403,37.4595323],[126.9423652,37.4594791],[126.9422096,37.4593726],[126.9420701,37.4592917],[126.9419655,37.4592321],[126.9418958,37.4592002],[126.9417992,37.4592215],[126.9416168,37.4592555],[126.9414881,37.459279],[126.9414103,37.459345],[126.941303,37.4594748],[126.9412655,37.459609],[126.9412521,37.4596707],[126.9411856,37.4597351]]}},
{"type":"Feature","id":1134613891,"properties":{"type":"path","service":null,"tunnel":false,"tunnel_type":null},"geometry":{"type":"LineString","coordinates":[[126.9445539,37.4562717],[126.9445834,37.4563578],[126.944629,37.4565643],[126.9446558,37.4567176],[126.9446611,37.4567645],[126.9445968,37.4568028],[126.9445619,37.4568667],[126.9446048,37.4569603],[126.9446611,37.4570455],[126.9446719,37.4572158],[126.9446839,37.4572542],[126.9448355,37.4573031],[126.9449374,37.4573393],[126.9450849,37.4574288],[126.9451332,37.4575309],[126.9451743,37.4576131],[126.9451989,37.4576544],[126.9452646,37.4577013],[126.9454309,37.4577481],[126.9455422,37.4577641],[126.9455932,37.4577833],[126.9456589,37.4578205],[126.9458091,37.4578823],[126.9459901,37.4579259],[126.9460787,37.45796],[126.9462208,37.4580547],[126.9463457,37.4581018]]}},
{"type":"Feature","id":1134613892,"properties":{"type":"path","service":null,"tunnel":false,"tunnel_type":null},"geometry":{"type":"LineString","coordinates":[[126.9438712,37.4522961],[126.9437894,37.4524017],[126.9436312,37.4524485],[126.9435133,37.4524676]]}},
{"type":"Feature","id":1134613893,"properties":{"type":"path","service":null,"tunnel":false,"tunnel_type":null},"geometry":{"type":"LineString","coordinates":[[126.9474426,37.4541839],[126.9473152,37.4542445],[126.9471945,37.4542541],[126.9471073,37.45422],[126.9469517,37.4542222],[126.9466943,37.4542307],[126.9465011,37.4542605],[126.9462651,37.4542413],[126.94608,37.4542903],[126.9457957,37.4543563],[126.9456214,37.4544372],[126.9454577,37.4545543],[126.9453397,37.4546864],[126.9452673,37.4547886],[126.9450903,37.4548141],[126.9449208,37.4550495]]}},
{"type":"Feature","id":1134613894,"properties":{"type":"path","service":null,"tunnel":false,"tunnel_type":null},"geometry":{"type":"LineString","coordinates":[[126.9493274,37.4475077],[126.9490981,37.4475241],[126.9483274,37.4476808],[126.9480246,37.4476936]]}},
{"type":"Feature","id":1134613915,"properties":{"type":"path","service":null,"tunnel":false,"tunnel_type":null},"geometry":{"type":"LineString","coordinates":[[126.9470328,37.4475616],[126.9470349,37.4475669],[126.9470939,37.4476585],[126.9471503,37.4477682],[126.9470817,37.4479158]]}},
{"type":"Feature","id":1134613916,"properties":{"type":"path","service":null,"tunnel":false,"tunnel_type":null},"geometry":{"type":"LineString","coordinates":[[126.947001,37.4469422],[126.9470081,37.4471165],[126.9470432,37.447388]]}},
{"type":"Feature","id":1134613917,"properties":{"type":"path","service":null,"tunnel":false,"tunnel_type":null},"geometry":{"type":"LineString","coordinates":[[126.9469987,37.4468259],[126.947001,37.4469422]]}},
{"type":"Feature","id":1134613918,"properties":{"type":"path","service":null,"tunnel":false,"tunnel_type":null},"geometry":{"type":"LineString","coordinates":[[126.9531634,37.4460663],[126.9530082,37.4460433],[126.9529438,37.4460103],[126.9527319,37.4459816],[126.9525616,37.4459443],[126.9524798,37.4458623],[126.9524002,37.4458256],[126.9522357,37.4458612],[126.9521037,37.4458596],[126.9519353,37.4458304],[126.9517636,37.4457462],[126.9516261,37.4457889],[126.9514807,37.4457553],[126.95136,37.4457308],[126.9512621,37.4457122],[126.9511501,37.4457367],[126.9510442,37.4457393],[126.9509442,37.4457643],[126.9507739,37.4457803],[126.950621,37.4457739],[126.9503434,37.4457835],[126.950039,37.445792],[126.9497895,37.4457771],[126.9496018,37.4457516],[126.9495428,37.4457239],[126.9494074,37.4457612],[126.9493215,37.4458091],[126.9492182,37.4458942],[126.949119,37.4460284],[126.9490412,37.4461221],[126.9490331,37.4461663]]}},
{"type":"Feature","id":1134613919,"properties":{"type":"path","service":null,"tunnel":false,"tunnel_type":null},"geometry":{"type":"LineString","coordinates":[[126.952868,37.4475694],[126.9528875,37.4474253],[126.952917,37.4472848],[126.9529331,37.4471166],[126.9528875,37.4468994]]}},
{"type":"Feature","id":1134613928,"properties":{"type":"path","service":null,"tunnel":false,"tunnel_type":null},"geometry":{"type":"LineString","coordinates":[[126.9740292,37.4477212],[126.9740067,37.4476022],[126.9740034,37.447565],[126.9739932,37.4475344],[126.973989,37.447502],[126.9739711,37.4474466],[126.9739476,37.4473947],[126.9739345,37.4473615],[126.9739052,37.4473154],[126.9738201,37.4471501],[126.9737745,37.447041],[126.9737711,37.446992],[126.9738261,37.4468355],[126.9738369,37.4467572],[126.9738114,37.4466923],[126.9737866,37.4466236],[126.9737973,37.4465672],[126.9738436,37.4465161],[126.9740608,37.4464735],[126.9744149,37.4464522],[126.9745865,37.446433],[126.9750502,37.446315],[126.9753832,37.4461498],[126.9755122,37.4461104],[126.9758838,37.4460607],[126.976054,37.4460329],[126.9762191,37.4459663],[126.9764104,37.4459304],[126.9765162,37.445933],[126.9766125,37.4459442],[126.9767619,37.4459658],[126.97685,37.4459656],[126.9770599,37.4459431],[126.9772454,37.4459615],[126.977372,37.4459481],[126.9775021,37.4459208],[126.9776696,37.4458492],[126.977748,37.4458204],[126.9778312,37.4458114],[126.9778834,37.445802],[126.9779223,37.4457767],[126.9780278,37.445643],[126.9781388,37.4455879],[126.9783711,37.4455365],[126.9785106,37.4454641],[126.9787842,37.4453981],[126.9789398,37.4453406],[126.9791624,37.4452703],[126.9794667,37.4452122],[126.9796125,37.4450697],[126.979729,37.445004],[126.979785,37.445001],[126.979855,37.445007],[126.979919,37.445018],[126.979984,37.445014],[126.98004,37.445003],[126.980095,37.444992],[126.980153,37.444977],[126.980209,37.444959],[126.980263,37.444938],[126.980327,37.444906],[126.9804,37.444907],[126.980457,37.444905],[126.98053,37.444874],[126.980605,37.444836],[126.9806821,37.444828],[126.980871,37.4447933],[126.9812733,37.4448231],[126.9814557,37.4447976],[126.9818366,37.4448188],[126.982086,37.4447443],[126.982282,37.4447124],[126.9823661,37.4447324],[126.982401,37.444746]]}},
{"type":"Feature","id":1134613929,"properties":{"type":"path","service":null,"tunnel":false,"tunnel_type":null},"geometry":{"type":"LineString","coordinates":[[126.9685874,37.456471],[126.9685355,37.4564195],[126.9684711,37.456345],[126.9684362,37.456329],[126.9683209,37.4561715],[126.9682646,37.4560288],[126.9681653,37.4558244],[126.9681077,37.4557126],[126.9680768,37.4556381],[126.9680688,37.4555689],[126.9680259,37.4552719],[126.9679883,37.4550483],[126.9679508,37.4549291],[126.9679293,37.4547545],[126.9679508,37.4546672],[126.9680446,37.4542712],[126.9681251,37.4540007],[126.9681868,37.4537431],[126.9682431,37.4536984],[126.9682968,37.4536643],[126.9683129,37.4535642],[126.968388,37.4533556],[126.9684523,37.4531384],[126.9685194,37.4530298],[126.9685972,37.4529297],[126.9686535,37.4528531],[126.9687501,37.4526657],[126.9688413,37.452391],[126.9688976,37.4522058],[126.9689539,37.4520929],[126.9691819,37.45188],[126.9693884,37.4516841],[126.969493,37.4516074],[126.9695306,37.4515372],[126.9696325,37.4512731],[126.9696969,37.4511816],[126.9698176,37.4510708],[126.9699034,37.4509601],[126.9699329,37.4509005],[126.9700241,37.4507025],[126.970118,37.4504725],[126.9701555,37.4503234],[126.9701689,37.4502212],[126.9701555,37.4501382],[126.9701555,37.4500381],[126.9701904,37.4499806],[126.9702428,37.4498909]]}},
{"type":"Feature","id":1134613930,"properties":{"type":"path","service":null,"tunnel":false,"tunnel_type":null},"geometry":{"type":"LineString","coordinates":[[126.9760631,37.4642566],[126.9760403,37.4643045],[126.9760792,37.4643429],[126.9760738,37.4643748],[126.9760162,37.4644152],[126.9760296,37.464477],[126.9760752,37.46451],[126.9761395,37.4645291],[126.9761449,37.4645632],[126.9761409,37.4646068],[126.9761744,37.4645962],[126.9761986,37.4645504],[126.9762267,37.4645408],[126.9762817,37.46456],[126.9763488,37.4645621],[126.9763809,37.4645664],[126.9764681,37.4645951],[126.9765215,37.4646186],[126.9764802,37.4644908],[126.9764185,37.4643908],[126.9763756,37.4643631],[126.9762361,37.4643226],[126.9760966,37.4642715],[126.975992,37.4641821],[126.9759142,37.4640501],[126.9758713,37.463833],[126.9758901,37.4637563],[126.975878,37.4637223],[126.9758069,37.4636563],[126.9757694,37.4636201],[126.9757412,37.4635456],[126.9756849,37.4635168],[126.9756152,37.4634295],[126.9755401,37.4634008],[126.9754703,37.4632922],[126.9752195,37.4632539],[126.9751941,37.4632081],[126.9751324,37.4632113],[126.9751337,37.4631581],[126.9751042,37.4631112],[126.9750425,37.4630942],[126.9749701,37.4631325],[126.9748534,37.4630484],[126.9747595,37.4630473],[126.9747689,37.4630069],[126.9747314,37.4629995],[126.9746134,37.4629239],[126.9745798,37.4628441],[126.9745021,37.4628856],[126.9744565,37.4628685],[126.9744712,37.4628356],[126.9744256,37.4627887],[126.9743988,37.4627451],[126.9743854,37.4626972],[126.9743344,37.4626631],[126.9743384,37.4626343],[126.9743706,37.4626056],[126.9743867,37.4625311],[126.9743612,37.4624949],[126.9744015,37.4624534],[126.9744122,37.4623895],[126.974447,37.4623139],[126.9744015,37.4622554],[126.9743626,37.4622458],[126.9742674,37.4621894],[126.9741923,37.4621234],[126.9741037,37.4620467],[126.9740796,37.4619978],[126.9740635,37.4619169],[126.9740394,37.46187],[126.9740179,37.4618466],[126.9739267,37.4618104],[126.9737309,37.46177],[126.9735673,37.4617253],[126.9734761,37.4616507],[126.9734278,37.4615996],[126.9733635,37.4613633],[126.973291,37.4611376],[126.9732159,37.461044],[126.9731703,37.4609865],[126.9731301,37.4609077],[126.9731408,37.4608374],[126.9732776,37.4606735],[126.9733098,37.4606224],[126.9732857,37.4605649],[126.9732052,37.4604691],[126.9731408,37.4603861],[126.9730121,37.4599539],[126.9729826,37.4598091],[126.9730148,37.4597644],[126.9730724,37.4597058],[126.9732052,37.4596324],[126.9733286,37.4595685],[126.9734627,37.4595249],[126.9735579,37.4594802],[126.9737068,37.4594227],[126.9737725,37.4593556],[126.9739133,37.4592257],[126.9740675,37.4590788],[126.9741172,37.4590256],[126.9741856,37.4589788],[126.9742767,37.4589553],[126.9743747,37.4589596],[126.9744632,37.4589756],[126.9745517,37.4590032],[126.9746187,37.458999],[126.9746938,37.4589277],[126.9747756,37.4588521],[126.9748038,37.4588095],[126.9748011,37.458719],[126.9747133,37.4586546],[126.9744337,37.4585221],[126.9742312,37.4584177],[126.9740394,37.4583187],[126.9739267,37.4582463],[126.9738369,37.4582282],[126.9737349,37.4582314],[126.9736826,37.4582091],[126.9736116,37.4581771],[126.9734909,37.4581197],[126.9732428,37.4580057],[126.9731301,37.4579525],[126.9729638,37.4578546],[126.9728217,37.4577907],[126.9726258,37.4576693],[126.9724756,37.4575884],[126.9723362,37.4574926],[126.9722557,37.4574458],[126.972084,37.4573606],[126.9719687,37.4573202],[126.9717729,37.4572733],[126.9716093,37.4572393],[126.971451,37.4572222],[126.9712096,37.4571626],[126.971105,37.4571115],[126.9709361,37.4570498],[126.9707671,37.4570008],[126.9706222,37.4570178],[126.9704761,37.4570732],[126.9702977,37.4571147],[126.9701542,37.4571051],[126.9700563,37.4571009],[126.9699155,37.45707],[126.9698095,37.4570519],[126.9696982,37.45702],[126.9695936,37.4569742],[126.9695279,37.4569273],[126.9693643,37.4568933],[126.9692583,37.4568954],[126.9691738,37.4568837],[126.9690625,37.4568507],[126.9689955,37.4568315],[126.9688949,37.4567719],[126.9686937,37.4566644],[126.9685663,37.456559],[126.9685646,37.4565188]]}},
{"type":"Feature","id":1134613931,"properties":{"type":"path","service":null,"tunnel":false,"tunnel_type":null},"geometry":{"type":"LineString","coordinates":[[126.9729081,37.4655535],[126.9728954,37.4654967],[126.9728538,37.4654052],[126.9728284,37.4653275],[126.972823,37.4652551],[126.9728579,37.4651934],[126.9728927,37.4651231],[126.9729665,37.4649996],[126.9729973,37.4649028],[126.9730014,37.4648378],[126.9730202,37.4646973],[126.9730054,37.4646121],[126.9729853,37.4645206],[126.9729035,37.4644908],[126.9727626,37.4644812],[126.9726581,37.4644461],[126.972646,37.4643908],[126.9726795,37.4643375],[126.9726822,37.4642491],[126.9726473,37.4641874],[126.9725776,37.464131],[126.972422,37.4640554],[126.9723174,37.4638522],[126.9722624,37.4638383],[126.9721417,37.463917],[126.972076,37.4639203],[126.9719768,37.463735],[126.9718413,37.4636116],[126.9717421,37.4635828],[126.9716619,37.4636336]]}},
{"type":"Feature","id":1134613934,"properties":{"type":"path","service":null,"tunnel":false,"tunnel_type":null},"geometry":{"type":"LineString","coordinates":[[126.9711379,37.4690595],[126.9713142,37.4689529],[126.9713464,37.4688082],[126.9714189,37.4686741],[126.9714537,37.4685059],[126.9715422,37.4683739],[126.971561,37.46821],[126.9716173,37.4680801],[126.9716683,37.4679141],[126.971679,37.4678566],[126.9717541,37.4677097],[126.9718212,37.467616],[126.9720975,37.4673478],[126.9722852,37.4671881],[126.9724274,37.4671371],[126.9726004,37.4669444],[126.9727465,37.4668667],[126.9728753,37.4666389],[126.972874,37.4665527],[126.9729759,37.4664941],[126.9729745,37.4664633],[126.9730309,37.4664079],[126.9730362,37.4663238],[126.9730832,37.4662109],[126.9731089,37.4661615],[126.9731811,37.4661024],[126.9733096,37.4660476]]}},
{"type":"Feature","id":1134613935,"properties":{"type":"path","service":null,"tunnel":false,"tunnel_type":null},"geometry":{"type":"LineString","coordinates":[[126.9747246,37.4677654],[126.9747153,37.46788],[126.9747341,37.4680078],[126.9747904,37.4681738],[126.9748038,37.4682334],[126.9747636,37.4682952],[126.9747126,37.4683462],[126.9746898,37.4684325],[126.9747059,37.4684782],[126.9748239,37.4684921],[126.9748883,37.4685421],[126.9750331,37.4686837],[126.975121,37.4687688],[126.9752464,37.4688481],[126.9754086,37.4689764],[126.9754985,37.4690796],[126.9756675,37.4692361],[126.9757439,37.4693415],[126.9757949,37.4694341],[126.9758445,37.4695501],[126.9758941,37.4697608],[126.9758861,37.4698822],[126.9758458,37.4700216],[126.9758096,37.4700812],[126.9758083,37.4701536],[126.9759035,37.4703665],[126.9759411,37.4704133],[126.9760121,37.4704538],[126.9760913,37.4704751],[126.9762764,37.470497]]}},
{"type":"Feature","id":1134613936,"properties":{"type":"path","service":null,"tunnel":false,"tunnel_type":null},"geometry":{"type":"LineString","coordinates":[[126.9732267,37.4705943],[126.9730698,37.4705453],[126.9729906,37.4704346],[126.9729088,37.4703739],[126.9727908,37.4703367],[126.9726594,37.4703356],[126.9725896,37.4702739],[126.9725414,37.4702047],[126.9724314,37.4700514],[126.9723093,37.4699386],[126.9722141,37.469879],[126.9721162,37.4698545],[126.9720452,37.4698194],[126.9719647,37.4697491],[126.9718574,37.4696523],[126.9717836,37.4695927],[126.971557,37.4695118],[126.9714081,37.4694735],[126.9712495,37.4694767]]}},
{"type":"Feature","id":1135339248,"properties":{"type":"path","service":null,"tunnel":false,"tunnel_type":null},"geometry":{"type":"LineString","coordinates":[[126.9694743,37.4671221],[126.9695467,37.4670519],[126.969603,37.466988],[126.9696191,37.4669455],[126.9696245,37.4668624],[126.9696754,37.4668071],[126.9698578,37.4666602],[126.9699302,37.4665984],[126.9699597,37.4665218],[126.9699597,37.4664239],[126.9699597,37.4663579],[126.9699302,37.466277],[126.969898,37.4662089],[126.969898,37.4661152],[126.9699302,37.4660577],[126.9700053,37.4659811],[126.9701515,37.4658746]]}},
{"type":"Feature","id":1135339264,"properties":{"type":"path","service":null,"tunnel":false,"tunnel_type":null},"geometry":{"type":"LineString","coordinates":[[126.9748011,37.458719],[126.9750586,37.4588169],[126.9753322,37.4589149],[126.975365,37.4589295],[126.9755226,37.459],[126.9756889,37.4590852],[126.9758257,37.4591533],[126.9760054,37.4592704],[126.9761556,37.4593535],[126.9764024,37.4594855],[126.976617,37.4595792],[126.9768289,37.4596643],[126.9770622,37.4597474],[126.9771185,37.4597623],[126.9772446,37.4597069],[126.9774726,37.4595962],[126.9776094,37.4595174],[126.9776845,37.4594684],[126.9777583,37.4593854],[126.9777971,37.4593034],[126.9778347,37.4592257],[126.9778602,37.4590873],[126.9778562,37.4589883],[126.9778535,37.4588904],[126.9778749,37.4588063],[126.9779004,37.4587371],[126.9780117,37.4586008],[126.9783591,37.4582389],[126.9786514,37.4579419],[126.9788097,37.4577811],[126.9788888,37.4576512],[126.9789116,37.457597],[126.9789693,37.4575001],[126.9790055,37.4574575],[126.9791919,37.4572946],[126.9793729,37.4571637],[126.9797954,37.4568624],[126.9800153,37.4567219],[126.9802138,37.4566495],[126.9803882,37.4565941],[126.9806135,37.4565388],[126.9808012,37.4565111],[126.9810131,37.4565026],[126.9811231,37.4564962],[126.9812009,37.4565004],[126.9812974,37.4565281],[126.9813672,37.4565686],[126.9814825,37.4565792],[126.9817105,37.4565771],[126.9819599,37.4565835],[126.9820297,37.4565686],[126.9821665,37.456411],[126.9823435,37.4561662],[126.9824401,37.4559681],[126.9824749,37.4557978],[126.982483,37.4554614],[126.9824803,37.4552016],[126.9824642,37.4550206]]}},
{"type":"Feature","id":1137481582,"properties":{"type":"path","service":null,"tunnel":false,"tunnel_type":null},"geometry":{"type":"LineString","coordinates":[[126.9388693,37.4506664],[126.9389187,37.4507163],[126.9389187,37.4507897],[126.9389863,37.450866],[126.9390503,37.4509225],[126.9390611,37.4509455],[126.9390894,37.4510057],[126.9391073,37.451044],[126.9393635,37.451126],[126.9395344,37.4511034],[126.9396304,37.4511034],[126.9397728,37.4511627],[126.9399507,37.4512305],[126.9400112,37.4512361],[126.940086,37.4512503],[126.9400468,37.451448],[126.9400967,37.4515384],[126.940271,37.4516119],[126.9403315,37.4517051],[126.9404668,37.4517588],[126.9408867,37.4525471],[126.940997,37.4526629],[126.9413067,37.4527561],[126.9414561,37.4528042],[126.9414704,37.4528917],[126.9415878,37.4529652],[126.9416626,37.4529708],[126.9416875,37.4530556],[126.9418868,37.4531178],[126.9419188,37.4531827],[126.9419402,37.4532957],[126.942054,37.4533353],[126.9422177,37.4533579],[126.9422676,37.4533946],[126.9424775,37.4534568],[126.9425843,37.4535444],[126.9426448,37.4536432],[126.9427445,37.4537534],[126.9430719,37.4539286],[126.9431502,37.4539286],[126.9432356,37.4539568],[126.9432961,37.4539625],[126.9434278,37.4540331],[126.9435033,37.4539777],[126.9437264,37.4539997],[126.9438774,37.4539593]]}},
{"type":"Feature","id":1137481583,"properties":{"type":"path","service":null,"tunnel":false,"tunnel_type":null},"geometry":{"type":"LineString","coordinates":[[126.9396304,37.4511034],[126.9400453,37.4509617],[126.9402947,37.4511927],[126.9404543,37.4512019],[126.9405742,37.4513702],[126.9406493,37.4515085],[126.9408874,37.4516887],[126.9409914,37.4517579],[126.9410416,37.4518879],[126.9412017,37.4520374],[126.9412883,37.4520918],[126.9413876,37.4521713],[126.9415517,37.4523391],[126.9416316,37.4524347],[126.941704,37.4525156],[126.9417445,37.452588],[126.9419561,37.4527061],[126.9422252,37.4528168],[126.9423598,37.4529074],[126.942392,37.4529446],[126.9424583,37.4530033],[126.9425328,37.4530223],[126.9425908,37.4530873],[126.9426656,37.4532385],[126.9427514,37.4532949],[126.9427887,37.4533507],[126.9429338,37.4534397],[126.9430413,37.4534716],[126.9431792,37.4534855],[126.9432618,37.4535227],[126.9434139,37.4535461],[126.9434381,37.4535802],[126.9434032,37.4536941],[126.9435024,37.4537644],[126.9435279,37.4537857],[126.9435225,37.4538602],[126.9433817,37.4539134],[126.9434045,37.4539454],[126.9435033,37.4539777]]}},
{"type":"Feature","id":1137762647,"properties":{"type":"path","service":null,"tunnel":false,"tunnel_type":null},"geometry":{"type":"LineString","coordinates":[[126.9463276,37.4478359],[126.9465162,37.447627],[126.94664,37.4474899],[126.9467468,37.4470545]]}},
{"type":"Feature","id":1138173064,"properties":{"type":"path","service":null,"tunnel":false,"tunnel_type":null},"geometry":{"type":"LineString","coordinates":[[126.947692,37.4602009],[126.9478667,37.4603159],[126.948089,37.4604925],[126.9482573,37.4606642],[126.9484557,37.4608884],[126.9485518,37.4610554],[126.9485747,37.4611391],[126.9485819,37.4611651],[126.948648,37.4613989],[126.948672,37.4615611],[126.9486961,37.4618235],[126.948666,37.4619141],[126.9485939,37.4621097],[126.9485819,37.4623006],[126.9485158,37.4625152],[126.9484376,37.4627156],[126.9483835,37.4627824],[126.9484016,37.4629064],[126.9483895,37.4630686],[126.9482814,37.4631736],[126.9482279,37.4633092],[126.9481311,37.4635552],[126.9480005,37.4637137]]}},
{"type":"Feature","id":1138173065,"properties":{"type":"footway","service":null,"tunnel":false,"tunnel_type":null},"geometry":{"type":"LineString","coordinates":[[126.947844,37.4610025],[126.9479291,37.4610139],[126.948025,37.4610323],[126.9481265,37.4610563],[126.9481854,37.4610702],[126.9482386,37.4610796],[126.9483874,37.461106],[126.9485747,37.4611391]]}},
{"type":"Feature","id":1138173067,"properties":{"type":"footway","service":null,"tunnel":false,"tunnel_type":null},"geometry":{"type":"LineString","coordinates":[[126.9478536,37.4612831],[126.9479892,37.4612845],[126.9480318,37.4612789],[126.9480932,37.4612708],[126.9482196,37.4613168],[126.9482708,37.4612708],[126.948339,37.4612139],[126.9484176,37.4611922],[126.9485819,37.4611651]]}},
{"type":"Feature","id":1138173068,"properties":{"type":"footway","service":null,"tunnel":false,"tunnel_type":null},"geometry":{"type":"LineString","coordinates":[[126.9484176,37.4611922],[126.9483874,37.461106],[126.9483459,37.4610242],[126.9483254,37.4609618],[126.9482435,37.4608887],[126.9482145,37.4608619],[126.9481615,37.4608128],[126.9481145,37.4607896],[126.9480352,37.4607505],[126.9480604,37.4607629]]}},
{"type":"Feature","id":1138173069,"properties":{"type":"footway","service":null,"tunnel":false,"tunnel_type":null},"geometry":{"type":"LineString","coordinates":[[126.9479892,37.4612845],[126.9479328,37.4611813],[126.9479123,37.4611055],[126.9479123,37.461054],[126.9479291,37.4610139],[126.9479464,37.4609727],[126.9480011,37.4608995],[126.9481145,37.4607896]]}},
{"type":"Feature","id":1138173070,"properties":{"type":"footway","service":null,"tunnel":false,"tunnel_type":null},"geometry":{"type":"LineString","coordinates":[[126.9480932,37.4612708],[126.9481922,37.4611868],[126.9482298,37.4611299],[126.9482386,37.4610796]]}},
{"type":"Feature","id":1138173071,"properties":{"type":"footway","service":null,"tunnel":false,"tunnel_type":null},"geometry":{"type":"LineString","coordinates":[[126.9482386,37.4610796],[126.9482435,37.4609754],[126.9482264,37.4609212],[126.9482145,37.4608619]]}},
{"type":"Feature","id":1138173072,"properties":{"type":"footway","service":null,"tunnel":false,"tunnel_type":null},"geometry":{"type":"LineString","coordinates":[[126.9480932,37.4612708],[126.9480489,37.4611732]]}},
{"type":"Feature","id":1138173073,"properties":{"type":"footway","service":null,"tunnel":false,"tunnel_type":null},"geometry":{"type":"LineString","coordinates":[[126.9481171,37.460932],[126.9482145,37.4608619]]}},
{"type":"Feature","id":1138173074,"properties":{"type":"footway","service":null,"tunnel":false,"tunnel_type":null},"geometry":{"type":"LineString","coordinates":[[126.948666,37.4619141],[126.9485712,37.4618778],[126.9484688,37.4618832],[126.9484113,37.4618687],[126.9483288,37.461848],[126.9481991,37.4618073],[126.9481444,37.4617152],[126.9481365,37.4616208],[126.9481308,37.4615526],[126.9481718,37.4614713],[126.948223,37.4613981],[126.94824,37.4613412],[126.9482196,37.4613168]]}},
{"type":"Feature","id":1138173075,"properties":{"type":"footway","service":null,"tunnel":false,"tunnel_type":null},"geometry":{"type":"LineString","coordinates":[[126.94824,37.4613412],[126.948281,37.4614008],[126.9483766,37.4614794],[126.9483971,37.4615146],[126.9484039,37.4616852],[126.9484113,37.4618687]]}},
{"type":"Feature","id":1138173076,"properties":{"type":"footway","service":null,"tunnel":false,"tunnel_type":null},"geometry":{"type":"LineString","coordinates":[[126.9481365,37.4616208],[126.9482639,37.4616474],[126.9484039,37.4616852]]}},
{"type":"Feature","id":1138173077,"properties":{"type":"footway","service":null,"tunnel":false,"tunnel_type":null},"geometry":{"type":"LineString","coordinates":[[126.9483766,37.4614794],[126.9483937,37.461371],[126.9484176,37.4611922]]}},
{"type":"Feature","id":1138173078,"properties":{"type":"footway","service":null,"tunnel":false,"tunnel_type":null},"geometry":{"type":"LineString","coordinates":[[126.9483766,37.4614794],[126.9484824,37.4615336],[126.9485644,37.4615607],[126.948672,37.4615611]]}},
{"type":"Feature","id":1138173079,"properties":{"type":"footway","service":null,"tunnel":false,"tunnel_type":null},"geometry":{"type":"LineString","coordinates":[[126.9482279,37.4633092],[126.9481752,37.4632427],[126.9481299,37.4629946],[126.9480933,37.4628924],[126.948062,37.4628328],[126.9480484,37.4627501],[126.9479668,37.4626063],[126.9479261,37.4625308],[126.9479578,37.4624912],[126.9478989,37.4623438],[126.9479895,37.4620957],[126.9479895,37.4618692],[126.9479351,37.4616103],[126.9478536,37.4612831],[126.94784,37.4610782],[126.947844,37.4610025],[126.9478491,37.4609128],[126.9478264,37.4607834],[126.9477753,37.4604891]]}},
{"type":"Feature","id":1138173338,"properties":{"type":"footway","service":null,"tunnel":false,"tunnel_type":null},"geometry":{"type":"LineString","coordinates":[[126.9480933,37.4628924],[126.9480634,37.462892],[126.9480062,37.4628816],[126.9479232,37.4628938],[126.9478315,37.462886],[126.9477562,37.4628907],[126.947713,37.4629002],[126.947643,37.462928]]}},
{"type":"Feature","id":1138174149,"properties":{"type":"footway","service":null,"tunnel":false,"tunnel_type":null},"geometry":{"type":"LineString","coordinates":[[126.9484734,37.4606098],[126.948474,37.4606357],[126.9484747,37.4606662],[126.9485458,37.4607226],[126.9486102,37.4607833],[126.9486826,37.4608472],[126.9487564,37.46091],[126.9488502,37.4610079],[126.9489186,37.4611027],[126.948975,37.461191],[126.9489937,37.4612474],[126.9490098,37.4613518],[126.9490232,37.4614508],[126.9490326,37.4615562],[126.9490165,37.4616317],[126.9489897,37.461735],[126.9489763,37.4618095],[126.9489096,37.4620389],[126.9488791,37.4620598],[126.9488305,37.4620932],[126.9487889,37.4621815],[126.9487862,37.4622859],[126.9487929,37.4623552],[126.9487983,37.4624115],[126.9487849,37.4625275],[126.9487581,37.4626286],[126.9487393,37.4627223],[126.9487232,37.4627926],[126.9486856,37.4628532],[126.9486534,37.462915],[126.9485958,37.4630236],[126.9485381,37.4631066],[126.9484818,37.4632045],[126.9484389,37.4632567],[126.9483772,37.4634323],[126.9483155,37.4636303],[126.9482243,37.4640061]]}},
{"type":"Feature","id":1138174150,"properties":{"type":"footway","service":null,"tunnel":false,"tunnel_type":null},"geometry":{"type":"LineString","coordinates":[[126.948135,37.4640277],[126.9479426,37.4640649]]}},
{"type":"Feature","id":1138174151,"properties":{"type":"footway","service":null,"tunnel":false,"tunnel_type":null},"geometry":{"type":"LineString","coordinates":[[126.9482243,37.4640061],[126.948135,37.4640277]]}},
{"type":"Feature","id":1138174249,"properties":{"type":"footway","service":null,"tunnel":false,"tunnel_type":null},"geometry":{"type":"LineString","coordinates":[[126.9486042,37.4608937],[126.9485863,37.4609064],[126.9485595,37.4609426],[126.9486105,37.461081],[126.9485747,37.4611391]]}},
{"type":"Feature","id":1138174250,"properties":{"type":"footway","service":null,"tunnel":false,"tunnel_type":null},"geometry":{"type":"LineString","coordinates":[[126.9486802,37.4608395],[126.9486042,37.4608937]]}},
{"type":"Feature","id":1138174251,"properties":{"type":"footway","service":null,"tunnel":false,"tunnel_type":null},"geometry":{"type":"LineString","coordinates":[[126.948691,37.4608319],[126.9486802,37.4608395]]}},
{"type":"Feature","id":1138407523,"properties":{"type":"path","service":null,"tunnel":false,"tunnel_type":null},"geometry":{"type":"LineString","coordinates":[[126.9463509,37.4647474],[126.9462034,37.4648762],[126.9461229,37.4649294],[126.9458628,37.4650773],[126.9454363,37.4652945],[126.9452097,37.4654435],[126.9451359,37.4655042],[126.9450782,37.4655947],[126.9450474,37.4657128],[126.9450581,37.4658171],[126.9450943,37.4659864],[126.9450903,37.4660609],[126.9450729,37.4661077],[126.9449186,37.4663334],[126.9448449,37.466409],[126.9447845,37.4664505],[126.9447201,37.4664782],[126.9446504,37.466492],[126.9444801,37.4664845],[126.9443527,37.4664452]]}},
{"type":"Feature","id":1138407524,"properties":{"type":"path","service":null,"tunnel":false,"tunnel_type":null},"geometry":{"type":"LineString","coordinates":[[126.9440603,37.4637074],[126.944232,37.463652],[126.944299,37.4636265],[126.9444278,37.4636286],[126.9449991,37.4637542],[126.9452298,37.4638457],[126.9455731,37.4640586],[126.9456053,37.464097],[126.9457984,37.4644951],[126.945844,37.4645398],[126.9458976,37.4645887],[126.9463509,37.4647474],[126.9464582,37.4648591],[126.9464702,37.4648836],[126.9464904,37.4649251],[126.9464797,37.4649847],[126.9463778,37.4651338],[126.9462839,37.4652508],[126.9462168,37.4654765],[126.9461471,37.465715],[126.9461176,37.4658512],[126.946131,37.4659683],[126.9463161,37.4663153],[126.9463429,37.4663983],[126.9463214,37.4664665],[126.946241,37.4666112],[126.9460291,37.4668199],[126.945972,37.4668613],[126.9458799,37.4668725],[126.9457793,37.4668704],[126.9454376,37.4666591],[126.9450045,37.4666644],[126.9448985,37.4666804],[126.9446987,37.4666847],[126.9443876,37.4666559],[126.9443044,37.4666293],[126.9442588,37.4666314],[126.9442119,37.4665793],[126.9440523,37.4663792],[126.943945,37.4662089],[126.9437733,37.465964],[126.9437733,37.4658927],[126.9437385,37.4655638],[126.943717,37.4652359],[126.9437492,37.4651763],[126.943768,37.4650933],[126.9437505,37.4650252],[126.943709,37.4648825],[126.9436493,37.4646654],[126.9436419,37.4645909],[126.9436473,37.4645227],[126.9436835,37.4644472],[126.943662,37.4639788],[126.9436553,37.4636371],[126.9436902,37.4635668],[126.9437677,37.4634867]]}},
{"type":"Feature","id":1138407525,"properties":{"type":"path","service":null,"tunnel":false,"tunnel_type":null},"geometry":{"type":"LineString","coordinates":[[126.9420822,37.4628025],[126.943379,37.4632858],[126.9437385,37.4634647],[126.9437677,37.4634867],[126.9440603,37.4637074],[126.944527,37.464295],[126.9445324,37.4643375],[126.9445378,37.4644738],[126.9445002,37.4646484],[126.9444948,37.4649336],[126.9445485,37.4652232],[126.9445378,37.4652913],[126.9444573,37.4654488],[126.9444466,37.4654957],[126.9446021,37.465964],[126.9446015,37.4660034],[126.9445894,37.4661173],[126.9445632,37.4661642],[126.9443527,37.4664452],[126.9442709,37.4665559],[126.9442588,37.4666314],[126.9442508,37.4666559],[126.9442695,37.4667177],[126.9443237,37.4668928]]}},
{"type":"Feature","id":1138407526,"properties":{"type":"path","service":null,"tunnel":false,"tunnel_type":null},"geometry":{"type":"LineString","coordinates":[[126.9414271,37.4648175],[126.9413647,37.464874],[126.9413111,37.46494],[126.9412976,37.4649858],[126.9412749,37.4650273],[126.9412628,37.4650752],[126.9412561,37.4651029],[126.9412789,37.4652008],[126.9412829,37.4652402],[126.9412869,37.465287],[126.9413245,37.4653807],[126.9413781,37.4655106],[126.9414318,37.4656404],[126.9415069,37.4659002],[126.9415122,37.466062],[126.9415176,37.4661684],[126.9414961,37.4662834],[126.9414264,37.466343],[126.9413915,37.4663983],[126.9413674,37.4664622],[126.9413245,37.4665708],[126.9412708,37.4667006],[126.9412065,37.4667815],[126.9410697,37.4669242],[126.9409811,37.4670115],[126.9407693,37.4670987],[126.9405359,37.4671796],[126.9403696,37.4673201],[126.9401979,37.4674628],[126.9400826,37.4676437]]}},
{"type":"Feature","id":1138407527,"properties":{"type":"path","service":null,"tunnel":false,"tunnel_type":null},"geometry":{"type":"LineString","coordinates":[[126.9423167,37.4616555],[126.9422418,37.4617572],[126.9421506,37.461804],[126.9420862,37.4617998],[126.9420272,37.4618424],[126.9419897,37.4618935],[126.9420326,37.4625364],[126.9420433,37.4626354],[126.9420822,37.4628025],[126.9418824,37.4629697],[126.9418395,37.4630197],[126.9418073,37.4632262],[126.9417483,37.4637159],[126.9417268,37.463801],[126.941362,37.4642439],[126.9413084,37.4645504],[126.9413352,37.4647037],[126.9414271,37.4648175],[126.9414693,37.4648698],[126.9418341,37.4650571],[126.9421935,37.4652147],[126.94251,37.46527],[126.9427273,37.4653275],[126.9428882,37.4654275],[126.9435748,37.4659704],[126.9436178,37.4659811],[126.9437733,37.465964]]}},
{"type":"Feature","id":1138407528,"properties":{"type":"path","service":null,"tunnel":false,"tunnel_type":null},"geometry":{"type":"LineString","coordinates":[[126.9405198,37.4637734],[126.9406646,37.463784],[126.9408363,37.4638223],[126.9409329,37.4638947],[126.9410777,37.4640395],[126.9411635,37.4641459],[126.9412386,37.4642268],[126.941362,37.4642439]]}},
{"type":"Feature","id":1138407529,"properties":{"type":"path","service":null,"tunnel":false,"tunnel_type":null},"geometry":{"type":"LineString","coordinates":[[126.9397473,37.4627429],[126.9397822,37.4628621],[126.939809,37.4629941],[126.9398144,37.4631091],[126.9397902,37.4632113],[126.9397581,37.4632922],[126.9397527,37.4634008],[126.9397715,37.4634966],[126.939809,37.4635562],[126.9401845,37.4635008],[126.9402596,37.4635115],[126.9403213,37.4635392],[126.9405198,37.4637734],[126.9404464,37.4641165]]}},
{"type":"Feature","id":1138409232,"properties":{"type":"path","service":null,"tunnel":false,"tunnel_type":null},"geometry":{"type":"LineString","coordinates":[[126.9414881,37.459279],[126.9414425,37.459147],[126.9415176,37.4589766],[126.9418502,37.4584486],[126.9418824,37.4582016],[126.9420218,37.4579632],[126.9421399,37.4577673],[126.9422284,37.4575054],[126.9422647,37.4573013],[126.9422793,37.4572563],[126.9424081,37.4571115],[126.9426548,37.4570604],[126.9427836,37.45712],[126.942848,37.4574437],[126.9430196,37.4576757]]}},
{"type":"Feature","id":1138529377,"properties":{"type":"path","service":null,"tunnel":false,"tunnel_type":null},"geometry":{"type":"LineString","coordinates":[[126.9484794,37.4536036],[126.9485423,37.4536175],[126.9485959,37.4536601],[126.9486281,37.4537175],[126.9486228,37.4537665],[126.9486335,37.4538091],[126.9487032,37.453841],[126.9489259,37.4539156],[126.9489714,37.453956],[126.9489714,37.4540263],[126.9489714,37.4540987],[126.9489419,37.4541647],[126.9486898,37.4544138],[126.948612,37.4545543],[126.948545,37.4547353],[126.9485235,37.4548205],[126.948545,37.454846],[126.9485691,37.4548609],[126.9486845,37.4548822],[126.9487193,37.4549121],[126.9488052,37.4549686]]}},
{"type":"Feature","id":1138529378,"properties":{"type":"path","service":null,"tunnel":false,"tunnel_type":null},"geometry":{"type":"LineString","coordinates":[[126.9460438,37.4558491],[126.9460431,37.4558928],[126.9460458,37.4559309],[126.9460485,37.4559548],[126.946077,37.4559759],[126.9461444,37.4560533],[126.9462242,37.4561182],[126.9462973,37.4561789],[126.9463824,37.45623],[126.9464656,37.4562694],[126.9465514,37.456304],[126.9466232,37.4563274],[126.9466721,37.4563445],[126.9468498,37.4563588],[126.9470711,37.456378],[126.9471194,37.456378],[126.9471677,37.4563961],[126.9472294,37.4564217],[126.9473326,37.4564738],[126.9474104,37.4565366],[126.9474801,37.4566122],[126.9474989,37.4566569],[126.9475177,37.4567325],[126.9475324,37.4568358],[126.947541,37.4568519],[126.9475584,37.456856]]}},
{"type":"Feature","id":1138529379,"properties":{"type":"path","service":null,"tunnel":false,"tunnel_type":null},"geometry":{"type":"LineString","coordinates":[[126.9455423,37.4558461],[126.9456428,37.4558446],[126.9457052,37.4558457],[126.9458279,37.4558489],[126.9460371,37.4558489],[126.9460438,37.4558491],[126.9462919,37.4558553],[126.9465548,37.4558808],[126.9467103,37.4558638],[126.9468605,37.4559192],[126.9469732,37.455983],[126.9470309,37.456015],[126.9470751,37.4560352],[126.9471261,37.456048],[126.94717,37.4560512],[126.9472027,37.456054],[126.9472481,37.456048],[126.9472924,37.4560416],[126.9473433,37.4560288],[126.9473836,37.4559979],[126.9474292,37.4559681],[126.9478543,37.4555945],[126.9479361,37.4555018],[126.9480206,37.4553996],[126.9481467,37.4552676],[126.9482848,37.4551622],[126.9483908,37.4551079],[126.9484779,37.4551026],[126.9485584,37.4551005],[126.9486482,37.455109],[126.9487225,37.4551151]]}},
{"type":"Feature","id":1138533018,"properties":{"type":"path","service":null,"tunnel":false,"tunnel_type":null},"geometry":{"type":"LineString","coordinates":[[126.9486724,37.4715639],[126.9488722,37.4715629],[126.9490009,37.471482],[126.9490975,37.4713542],[126.9492102,37.4711116],[126.9494784,37.47092],[126.9498807,37.470673],[126.9499773,37.4705496],[126.9499987,37.4702941],[126.9501436,37.4702004],[126.9504011,37.4703197],[126.9506746,37.4705538],[126.9509697,37.4708604],[126.9509804,37.4710988],[126.9509013,37.4713037]]}},
{"type":"Feature","id":1138533019,"properties":{"type":"path","service":null,"tunnel":false,"tunnel_type":null},"geometry":{"type":"LineString","coordinates":[[126.9484578,37.4722957],[126.9484484,37.4721866],[126.9484967,37.4720801],[126.9485396,37.4719865],[126.9485691,37.471863],[126.948612,37.4717374],[126.9485718,37.4715841]]}},
{"type":"Feature","id":1138533020,"properties":{"type":"path","service":null,"tunnel":false,"tunnel_type":null},"geometry":{"type":"LineString","coordinates":[[126.9478982,37.4714081],[126.9480514,37.4713926],[126.948266,37.4714692],[126.9483921,37.4715597],[126.9485718,37.4715841],[126.9486724,37.4715639],[126.9486818,37.4714947],[126.9486657,37.4713968],[126.9486844,37.4711754],[126.948722,37.47092],[126.9487274,37.4706262],[126.9484752,37.470375],[126.9482982,37.4703154]]}},
{"type":"Feature","id":1138533021,"properties":{"type":"path","service":null,"tunnel":false,"tunnel_type":null},"geometry":{"type":"LineString","coordinates":[[126.9490787,37.4725427],[126.9492638,37.4727081],[126.9493604,37.4729167],[126.9494569,37.4732403],[126.9496018,37.4735937],[126.9496608,37.4738108],[126.94987,37.4739811],[126.9500846,37.4742493],[126.9502294,37.4745303],[126.9503152,37.4747389],[126.9504869,37.4750028],[126.9506907,37.4752668]]}},
{"type":"Feature","id":1138533023,"properties":{"type":"path","service":null,"tunnel":false,"tunnel_type":null},"geometry":{"type":"LineString","coordinates":[[126.944906,37.473626],[126.944814,37.4735873],[126.9447336,37.4735213],[126.9446504,37.4734234],[126.944493,37.4732854]]}},
{"type":"Feature","id":1138533024,"properties":{"type":"path","service":null,"tunnel":false,"tunnel_type":null},"geometry":{"type":"LineString","coordinates":[[126.9436452,37.4718323],[126.9434756,37.4718311],[126.9433308,37.4718545],[126.9431095,37.4719077],[126.9429807,37.4720078],[126.9427702,37.472144]]}},
{"type":"Feature","id":1138533025,"properties":{"type":"path","service":null,"tunnel":false,"tunnel_type":null},"geometry":{"type":"LineString","coordinates":[[126.9440511,37.4730257],[126.943835,37.4729423],[126.9436258,37.4729082],[126.943379,37.4729082],[126.9430035,37.4730019],[126.9427568,37.4731977],[126.9425046,37.4733169],[126.9423544,37.4733936],[126.9423062,37.4733638],[126.9422579,37.4732616],[126.942215,37.4731253],[126.9421935,37.47307]]}},
{"type":"Feature","id":1138533026,"properties":{"type":"path","service":null,"tunnel":false,"tunnel_type":null},"geometry":{"type":"LineString","coordinates":[[126.9474227,37.4740902],[126.9474292,37.4738917],[126.9473648,37.4736575],[126.9473863,37.4734574],[126.9473541,37.473334],[126.9472092,37.4732318],[126.9471556,37.4730359],[126.9470429,37.4726357],[126.9467994,37.4724378],[126.9466245,37.4725548],[126.9463348,37.4726996],[126.9460934,37.4729338],[126.9458735,37.4731083],[126.9454282,37.4733169],[126.9450957,37.4733595],[126.944949,37.4733429]]}},
{"type":"Feature","id":1138533029,"properties":{"type":"path","service":null,"tunnel":false,"tunnel_type":null},"geometry":{"type":"LineString","coordinates":[[126.9481226,37.4730067],[126.9482338,37.4730828],[126.9483679,37.473351],[126.948545,37.4735809],[126.9488561,37.4738789],[126.9492155,37.4741258],[126.9492906,37.4743259],[126.9493121,37.4745388],[126.9493818,37.4746835],[126.9495803,37.4748453],[126.9497681,37.474956],[126.9499451,37.4750837],[126.9501543,37.4752498],[126.9503367,37.4753732]]}},
{"type":"Feature","id":1138533030,"properties":{"type":"path","service":null,"tunnel":false,"tunnel_type":null},"geometry":{"type":"LineString","coordinates":[[126.9634457,37.4717678],[126.9632971,37.4718609],[126.963163,37.4719716],[126.9630289,37.4720312],[126.9629645,37.472078],[126.9628733,37.4720865],[126.9628485,37.4720881],[126.962821,37.4720881],[126.9627117,37.4720785],[126.9626507,37.4720626],[126.9619064,37.471681],[126.9618279,37.4716432],[126.9617495,37.4716235],[126.9616301,37.4716129],[126.9614672,37.4716044],[126.9612432,37.4716129],[126.961154,37.4716336],[126.9610709,37.4716517],[126.9609576,37.4716826],[126.9608134,37.4717193],[126.9607745,37.4717321],[126.9606645,37.4717566],[126.9605371,37.4717842],[126.9603614,37.4718034],[126.9599256,37.4718247],[126.9596426,37.4718024],[126.959428,37.4718289],[126.9592469,37.4717873]]}},
{"type":"Feature","id":1138533031,"properties":{"type":"path","service":null,"tunnel":false,"tunnel_type":null},"geometry":{"type":"LineString","coordinates":[[126.9642312,37.465947],[126.9641608,37.4659385],[126.9639248,37.4659257],[126.9637316,37.4659257],[126.9635546,37.4659683],[126.9634098,37.4660194],[126.963281,37.4660535],[126.9631416,37.4660535],[126.9629967,37.4660194],[126.9628465,37.4659768],[126.9626641,37.465947],[126.9624764,37.4659215],[126.962353,37.4659385],[126.9622242,37.4659726],[126.9621223,37.4660407],[126.9619238,37.4661642],[126.9616932,37.4663259],[126.9615644,37.4664324],[126.9615,37.4665516],[126.9613981,37.4667986],[126.9613284,37.4670072],[126.9612211,37.4672073],[126.9611621,37.4673691],[126.9610494,37.467467],[126.9608831,37.4675607],[126.9607866,37.4676544],[126.9607705,37.4677821],[126.9608778,37.4679524],[126.9608603,37.4681685]]}},
{"type":"Feature","id":1138536991,"properties":{"type":"path","service":null,"tunnel":false,"tunnel_type":null},"geometry":{"type":"LineString","coordinates":[[126.9731089,37.4661615],[126.9730228,37.4661003],[126.9728887,37.4660918],[126.972186,37.4664026],[126.9717675,37.4666283],[126.9715851,37.4667432],[126.9713545,37.4669518],[126.9712901,37.4669816],[126.9712257,37.4670327],[126.9710594,37.4670413],[126.9710062,37.4670423]]}},
{"type":"Feature","id":1138536992,"properties":{"type":"path","service":null,"tunnel":false,"tunnel_type":null},"geometry":{"type":"LineString","coordinates":[[126.9463458,37.4581211],[126.9465762,37.4581292],[126.9467881,37.4580568],[126.9470778,37.4579802],[126.9473702,37.4578226],[126.947477,37.4577144]]}},
{"type":"Feature","id":1138536993,"properties":{"type":"path","service":null,"tunnel":false,"tunnel_type":null},"geometry":{"type":"LineString","coordinates":[[126.9585335,37.4590235],[126.958496,37.4589724],[126.9583726,37.4589085],[126.9581419,37.4588446],[126.9580936,37.4587765],[126.9580454,37.4586956],[126.9579971,37.4586189],[126.9579542,37.4585891],[126.9578952,37.4585593],[126.9578201,37.4584444],[126.9577557,37.458372],[126.9577101,37.4582932],[126.9576511,37.4582229],[126.9576296,37.4581165],[126.9575921,37.4580845],[126.9575545,37.4580313],[126.9574606,37.4579121],[126.9574419,37.457861],[126.9573641,37.4578865],[126.9572809,37.4578439],[126.95723,37.4577779],[126.957112,37.4577779],[126.9570583,37.4577268],[126.9570583,37.4576864],[126.9569671,37.4576523],[126.9568115,37.4575842],[126.9567579,37.4575352],[126.9567123,37.457416],[126.9566694,37.457416],[126.9565997,37.4574415],[126.9564065,37.4574671]]}},
{"type":"Feature","id":1138536994,"properties":{"type":"path","service":null,"tunnel":false,"tunnel_type":null},"geometry":{"type":"LineString","coordinates":[[126.9584329,37.4594536],[126.9582492,37.459445],[126.9579756,37.4594791],[126.9577986,37.4595345],[126.9576269,37.4596579],[126.9574875,37.4597176],[126.957374,37.4597197]]}},
{"type":"Feature","id":1138536995,"properties":{"type":"path","service":null,"tunnel":false,"tunnel_type":null},"geometry":{"type":"LineString","coordinates":[[126.955888,37.4656106],[126.9561303,37.4655042],[126.9564253,37.4654233],[126.9567418,37.4654233]]}},
{"type":"Feature","id":1138536996,"properties":{"type":"path","service":null,"tunnel":false,"tunnel_type":null},"geometry":{"type":"LineString","coordinates":[[126.9558579,37.4660702],[126.9559854,37.4662238],[126.9561303,37.4662323],[126.9563234,37.4663685],[126.9566721,37.4664622],[126.9571388,37.4664792],[126.9574928,37.4664026]]}},
{"type":"Feature","id":1138536997,"properties":{"type":"path","service":null,"tunnel":false,"tunnel_type":null},"geometry":{"type":"LineString","coordinates":[[126.9547194,37.4733595],[126.9547087,37.4734659],[126.954655,37.4736192],[126.9545209,37.4737427],[126.9543761,37.4738789],[126.9543171,37.4740705],[126.9542098,37.4742961],[126.9539738,37.4744579],[126.9538397,37.4745175]]}},
{"type":"Feature","id":1154919682,"properties":{"type":"service","service":null,"tunnel":false,"tunnel_type":null},"geometry":{"type":"LineString","coordinates":[[126.9484207,37.4668128],[126.9486375,37.4668486],[126.9489017,37.4669753],[126.9490626,37.4670753],[126.9491159,37.467151]]}},
{"type":"Feature","id":1154924152,"properties":{"type":"platform","service":null,"tunnel":false,"tunnel_type":null},"geometry":{"type":"LineString","coordinates":[[126.9477001,37.4670327],[126.9477457,37.4669242],[126.9478087,37.4668071],[126.9478516,37.466756],[126.9479428,37.4667166]]}},
{"type":"Feature","id":1158458088,"properties":{"type":"path","service":null,"tunnel":false,"tunnel_type":null},"geometry":{"type":"LineString","coordinates":[[126.9659378,37.4554203],[126.9658948,37.4553294],[126.9658655,37.4552376],[126.965849,37.4551764],[126.965832,37.4550786],[126.9658377,37.4549891],[126.96585,37.4548973],[126.9658961,37.4548519],[126.9659196,37.4548038],[126.9659241,37.4547582],[126.9659214,37.4547189],[126.9659187,37.4546613],[126.9659807,37.4546283],[126.9660824,37.4545735],[126.9661467,37.4544649]]}},
{"type":"Feature","id":1185265108,"properties":{"type":"footway","service":null,"tunnel":true,"tunnel_type":"building_passage"},"geometry":{"type":"LineString","coordinates":[[126.9533642,37.4640841],[126.9534859,37.4642883]]}},
{"type":"Feature","id":1185328117,"properties":{"type":"footway","service":null,"tunnel":false,"tunnel_type":null},"geometry":{"type":"LineString","coordinates":[[126.9526637,37.4650991],[126.9528711,37.4651539]]}},
{"type":"Feature","id":1185902269,"properties":{"type":"steps","service":null,"tunnel":true,"tunnel_type":"building_passage"},"geometry":{"type":"LineString","coordinates":[[126.9517035,37.4587241],[126.9517905,37.4586724],[126.9520655,37.4585283]]}},
{"type":"Feature","id":1186165729,"properties":{"type":"footway","service":null,"tunnel":false,"tunnel_type":null},"geometry":{"type":"LineString","coordinates":[[126.9495134,37.4564549],[126.9495601,37.4562955],[126.9495671,37.4561805],[126.9496179,37.4560176]]}},
{"type":"Feature","id":1186868800,"properties":{"type":"steps","service":null,"tunnel":false,"tunnel_type":null},"geometry":{"type":"LineString","coordinates":[[126.958538,37.4635199],[126.9585161,37.4636328]]}},
{"type":"Feature","id":1186868801,"properties":{"type":"steps","service":null,"tunnel":true,"tunnel_type":"building_passage"},"geometry":{"type":"LineString","coordinates":[[126.9585607,37.4634021],[126.958538,37.4635199]]}},
{"type":"Feature","id":1187859182,"properties":{"type":"service","service":null,"tunnel":false,"tunnel_type":null},"geometry":{"type":"LineString","coordinates":[[126.9530573,37.4624077],[126.9530381,37.4623453],[126.9530006,37.4621516]]}},
{"type":"Feature","id":1187859183,"properties":{"type":"service","service":null,"tunnel":true,"tunnel_type":"building_passage"},"geometry":{"type":"LineString","coordinates":[[126.9530623,37.4624261],[126.9530573,37.4624077]]}},
{"type":"Feature","id":1214258871,"properties":{"type":"steps","service":null,"tunnel":false,"tunnel_type":null},"geometry":{"type":"LineString","coordinates":[[126.9521027,37.4610986],[126.9522352,37.4610255]]}},
{"type":"Feature","id":1214458115,"properties":{"type":"path","service":null,"tunnel":false,"tunnel_type":null},"geometry":{"type":"LineString","coordinates":[[126.9484578,37.4722957],[126.9483828,37.4722553],[126.9482951,37.4722255],[126.94822,37.4721872],[126.9479893,37.472085],[126.9479142,37.471919],[126.947925,37.471804],[126.947984,37.4716763],[126.9479796,37.4715548],[126.9478982,37.4714081],[126.9474905,37.4715613],[126.9471793,37.4716507],[126.9468414,37.471655],[126.9465302,37.4716976],[126.9462888,37.4717742],[126.9460689,37.4718551],[126.9458704,37.4718551],[126.9456424,37.4718317],[126.9454708,37.4719041],[126.9452669,37.4719339],[126.9450966,37.4720456],[126.9449826,37.4721201],[126.9445383,37.4723016],[126.9444739,37.4723442],[126.9445061,37.4723995],[126.9447207,37.4724549],[126.9449943,37.4724506],[126.945359,37.472523],[126.9454234,37.4725656],[126.9456219,37.4724719],[126.9457345,37.472374],[126.9459438,37.4724464],[126.9461422,37.4724378],[126.9463515,37.4724655],[126.9465875,37.472506],[126.9467994,37.4724378],[126.9469737,37.4723484],[126.9471534,37.472342],[126.9473761,37.4723516],[126.9474565,37.4723538],[126.947541,37.4723208],[126.9477364,37.4722702],[126.9479349,37.4722489],[126.9484578,37.4722957]]}},
{"type":"Feature","id":1214458116,"properties":{"type":"path","service":null,"tunnel":false,"tunnel_type":null},"geometry":{"type":"LineString","coordinates":[[126.9520544,37.4697848],[126.9520086,37.4697722],[126.9518101,37.4697296],[126.9517458,37.4697296],[126.9516868,37.4697722],[126.9515312,37.4696402],[126.9515151,37.4695465],[126.9514615,37.4692783],[126.9514239,37.4690994],[126.9512844,37.4688908],[126.951102,37.4687461],[126.9508285,37.4685758],[126.9505227,37.4684353],[126.9502276,37.4683416],[126.9499004,37.4682266],[126.9495464,37.46815],[126.9493157,37.4682394],[126.9492406,37.4683458],[126.9492674,37.4684395],[126.9493371,37.4684693],[126.9495088,37.4685161],[126.9497287,37.4685928],[126.9499125,37.4686601],[126.9500761,37.4687644],[126.9502398,37.468858],[126.95039,37.4689251],[126.9505247,37.469014],[126.9507582,37.4692537],[126.9508736,37.4694325],[126.9509111,37.469556],[126.9508709,37.4697476],[126.9508521,37.4697689],[126.9508414,37.4698647],[126.9508682,37.4699435],[126.9508065,37.4699946],[126.9507395,37.4702202],[126.9508387,37.4703522],[126.9509782,37.4704991],[126.9512947,37.4705927],[126.9514556,37.470614],[126.9517506,37.4705949],[126.9518365,37.4707269],[126.9519044,37.4708397],[126.9519313,37.4710951],[126.9518883,37.4713336],[126.9515558,37.4714826],[126.9513005,37.4715162],[126.9509657,37.4714144],[126.9509013,37.4713037],[126.9507511,37.4714613],[126.9505472,37.4715422],[126.9502629,37.4716273],[126.9501208,37.4718253],[126.9500484,37.4719466],[126.9499116,37.4720807],[126.9497936,37.4721304],[126.9496943,37.4722425],[126.9495575,37.4722979],[126.9494314,37.4723277],[126.9492812,37.4724299],[126.9491337,37.4725214],[126.9490787,37.4725427],[126.9490465,37.4725384],[126.949001,37.4725395],[126.9489326,37.472515],[126.9488789,37.4724916],[126.9488119,37.4724703],[126.9487569,37.4724522],[126.9487475,37.472441],[126.9487186,37.4724016],[126.9486945,37.4723926],[126.9486328,37.4723681],[126.9484578,37.4722957]]}},
{"type":"Feature","id":1214721599,"properties":{"type":"pedestrian","service":null,"tunnel":false,"tunnel_type":null},"geometry":{"type":"LineString","coordinates":[[126.9530148,37.4629418],[126.9528824,37.4629053]]}},
{"type":"Feature","id":1230227356,"properties":{"type":"path","service":null,"tunnel":false,"tunnel_type":null},"geometry":{"type":"LineString","coordinates":[[126.9660404,37.4565765],[126.9660015,37.4565569],[126.9659773,37.4565393],[126.9659552,37.4565292],[126.9659223,37.4565217],[126.9658902,37.456542],[126.9658747,37.4565398],[126.965864,37.456527],[126.9658271,37.4565377],[126.9657936,37.4565233],[126.9657889,37.4565068],[126.9657889,37.4564914],[126.9657708,37.4564887],[126.9657909,37.4564573],[126.9657902,37.4564387],[126.9657748,37.4564312],[126.9657487,37.4564169],[126.9657353,37.4563977],[126.9657386,37.4563737],[126.9657594,37.45637],[126.9658023,37.4563711],[126.9658499,37.4563716],[126.9658566,37.4563604],[126.9658499,37.4563051],[126.9658298,37.4562907],[126.9657936,37.4562886],[126.9657728,37.4562715],[126.9657607,37.4562508],[126.9657728,37.4562359],[126.9657587,37.4562093],[126.9657607,37.456189],[126.9657339,37.4561598],[126.9657426,37.4561443],[126.9657768,37.4561321],[126.9657956,37.4561241],[126.9658687,37.4561204],[126.9659089,37.4561172],[126.9659391,37.4561028],[126.9659585,37.4561262],[126.9659773,37.4561427],[126.9659948,37.456139],[126.9660212,37.4561248]]}},
{"type":"Feature","id":1230227357,"properties":{"type":"path","service":null,"tunnel":false,"tunnel_type":null},"geometry":{"type":"LineString","coordinates":[[126.9663791,37.456804],[126.9664278,37.4568239],[126.9664636,37.4568807],[126.9664656,37.4569485],[126.9665716,37.4569217],[126.9666608,37.4569139],[126.9666892,37.4569411],[126.9666921,37.4569709],[126.9667263,37.4570199],[126.9667911,37.4570611],[126.9668707,37.4571256],[126.9669736,37.457143],[126.9670814,37.4572533],[126.9671147,37.4572694],[126.9671907,37.4573486],[126.9672487,37.457391],[126.9672798,37.4574247],[126.9672808,37.4574717],[126.9672907,37.4575305],[126.9673186,37.4575385],[126.9673521,37.4575642],[126.9673742,37.4576212],[126.9673769,37.457698],[126.9673916,37.4577175],[126.9674372,37.4577474],[126.9674693,37.457796],[126.9675112,37.4578086],[126.9675398,37.4578425],[126.9675338,37.4578623],[126.9675472,37.4578923],[126.967605,37.4579832],[126.9676361,37.458067],[126.967642,37.458106],[126.967761,37.4582157],[126.9678489,37.4583128],[126.9678676,37.4583666],[126.9678958,37.4583984],[126.9679508,37.4584036],[126.9679762,37.4584554],[126.9680284,37.458485],[126.9680879,37.4585056],[126.9681237,37.4585457],[126.9681231,37.4585993],[126.9681809,37.4587229],[126.9682548,37.4588104],[126.968261,37.4588435],[126.9682699,37.4588531],[126.9683038,37.4589197],[126.9683323,37.4590022],[126.9683639,37.4590999],[126.9683682,37.4591211],[126.9684437,37.4591764],[126.9685405,37.4592506],[126.968632,37.4593046],[126.9687904,37.4593805],[126.968873,37.4593903],[126.9689515,37.4594128]]}},
{"type":"Feature","id":1230227358,"properties":{"type":"steps","service":null,"tunnel":false,"tunnel_type":null},"geometry":{"type":"LineString","coordinates":[[126.9661725,37.4566998],[126.9662438,37.4567181],[126.9663064,37.4567554],[126.9663791,37.456804]]}},
{"type":"Feature","id":1230227359,"properties":{"type":"steps","service":null,"tunnel":false,"tunnel_type":null},"geometry":{"type":"LineString","coordinates":[[126.973242,37.4629154],[126.973122,37.4629069],[126.9729189,37.4628249]]}},
{"type":"Feature","id":1230227360,"properties":{"type":"path","service":null,"tunnel":false,"tunnel_type":null},"geometry":{"type":"LineString","coordinates":[[126.9729189,37.4628249],[126.9728968,37.4627876],[126.9727626,37.4627578],[126.9726607,37.462711],[126.9724381,37.4627674],[126.9723818,37.4627429],[126.9723496,37.4627014],[126.9722906,37.4627121],[126.9722611,37.4626918],[126.9722631,37.462654],[126.9722383,37.4626503],[126.972135,37.4626769],[126.9720452,37.4626492],[126.9719996,37.4626173],[126.9719057,37.4625396],[126.9718266,37.4624608],[126.9717264,37.4623406],[126.9716079,37.462233],[126.9715188,37.4621873],[126.9714629,37.4621408],[126.9713277,37.4621681],[126.9711708,37.4621431],[126.9710765,37.4621144]]}},
{"type":"Feature","id":1230227361,"properties":{"type":"path","service":null,"tunnel":false,"tunnel_type":null},"geometry":{"type":"LineString","coordinates":[[126.9743626,37.4622458],[126.9743197,37.4622501],[126.9742848,37.4622352],[126.9742084,37.4622117],[126.97414,37.4622096],[126.9741346,37.4622277],[126.9741775,37.4622639],[126.9741735,37.4623012],[126.9741105,37.4622937],[126.9740622,37.4623193],[126.9740018,37.4623629],[126.9739656,37.4624278],[126.9739187,37.4624502],[126.9739106,37.4624662],[126.9739187,37.4624821],[126.973861,37.4625034],[126.9738208,37.4625375],[126.9738141,37.4625652],[126.9737296,37.4626067],[126.9737537,37.4626397],[126.9737309,37.4626652],[126.9737001,37.4626695],[126.9737135,37.4626961],[126.973743,37.4627121],[126.9736625,37.4627504],[126.973629,37.4627674],[126.9735606,37.4628196],[126.973523,37.462876],[126.9734882,37.4628973],[126.973456,37.4629047],[126.9734855,37.4629431],[126.9734734,37.4629729],[126.9734534,37.462992]]}},
{"type":"Feature","id":1230228952,"properties":{"type":"path","service":null,"tunnel":false,"tunnel_type":null},"geometry":{"type":"LineString","coordinates":[[126.969404,37.4598774],[126.969375,37.4597942],[126.9693683,37.4596835],[126.9693415,37.4595653],[126.969319,37.459494]]}},
{"type":"Feature","id":1230228953,"properties":{"type":"path","service":null,"tunnel":false,"tunnel_type":null},"geometry":{"type":"LineString","coordinates":[[126.9695678,37.4603552],[126.969542,37.4603368],[126.9695038,37.4603339],[126.9694649,37.4603323],[126.9694669,37.4602892],[126.9694803,37.46027],[126.9694669,37.4602562],[126.9694743,37.4602232],[126.9694555,37.4601897],[126.9694313,37.4601498],[126.9694005,37.4601247],[126.9693978,37.4601008],[126.969367,37.4600444],[126.9693515,37.4600103],[126.9693455,37.4599869],[126.969375,37.4599539],[126.9693764,37.4599299],[126.9693656,37.4599102],[126.9693692,37.4598989]]}},
{"type":"Feature","id":1242747048,"properties":{"type":"residential","service":null,"tunnel":false,"tunnel_type":null},"geometry":{"type":"LineString","coordinates":[[126.9403204,37.4642727],[126.9404155,37.4641556],[126.9404464,37.4641165]]}},
{"type":"Feature","id":1242747049,"properties":{"type":"service","service":"parking_aisle","tunnel":false,"tunnel_type":null},"geometry":{"type":"LineString","coordinates":[[126.9404155,37.4641556],[126.940538,37.4642061],[126.9403368,37.4644892]]}},
{"type":"Feature","id":1265995933,"properties":{"type":"path","service":null,"tunnel":false,"tunnel_type":null},"geometry":{"type":"LineString","coordinates":[[126.9463161,37.4663153],[126.9464715,37.4662587]]}},
{"type":"Feature","id":1265995934,"properties":{"type":"path","service":null,"tunnel":false,"tunnel_type":null},"geometry":{"type":"LineString","coordinates":[[126.945972,37.4668613],[126.9458629,37.4670679],[126.9457959,37.4671408],[126.9456356,37.4672224],[126.9454239,37.4671458],[126.9453196,37.4670259],[126.9452713,37.466953],[126.9452386,37.466827],[126.945111,37.4667603],[126.9450045,37.4666644]]}},
{"type":"Feature","id":1266033212,"properties":{"type":"path","service":null,"tunnel":false,"tunnel_type":null},"geometry":{"type":"LineString","coordinates":[[126.9463509,37.4647474],[126.9464759,37.4646161],[126.9465179,37.4643343],[126.9469448,37.4642665],[126.9470382,37.4643122],[126.9471284,37.4642974],[126.9471471,37.4642171],[126.9470584,37.4640935],[126.9473968,37.4638524],[126.9474846,37.4638609],[126.9475385,37.4637101],[126.9474931,37.4635978]]}},
{"type":"Feature","id":1278208821,"properties":{"type":"footway","service":null,"tunnel":false,"tunnel_type":null},"geometry":{"type":"LineString","coordinates":[[126.9462943,37.4682688],[126.9463203,37.4681965],[126.9464472,37.4681031],[126.9466862,37.4678971],[126.9468449,37.4676924]]}},
{"type":"Feature","id":1278208822,"properties":{"type":"footway","service":null,"tunnel":false,"tunnel_type":null},"geometry":{"type":"LineString","coordinates":[[126.9477001,37.4670327],[126.9476505,37.4670902],[126.947621,37.4671232],[126.9475579,37.4671275],[126.9475164,37.4671339],[126.9474292,37.4671072],[126.9472857,37.4670892],[126.9471475,37.4671307],[126.9470778,37.4672084],[126.9469866,37.4675245],[126.9469558,37.4676203],[126.9469155,37.4677438],[126.9468324,37.4678566],[126.9466902,37.4680131],[126.9466232,37.4680961],[126.946536,37.4681919],[126.9464421,37.4682579],[126.9462943,37.4682688]]}},
{"type":"Feature","id":1278208823,"properties":{"type":"footway","service":null,"tunnel":false,"tunnel_type":null},"geometry":{"type":"LineString","coordinates":[[126.9479428,37.4667166],[126.9479844,37.466673],[126.9480445,37.4665672]]}},
{"type":"Feature","id":1278208824,"properties":{"type":"footway","service":null,"tunnel":false,"tunnel_type":null},"geometry":{"type":"LineString","coordinates":[[126.9523552,37.4699397],[126.9522116,37.4695245],[126.9520977,37.4692241],[126.9520184,37.4690147],[126.9519929,37.4689802],[126.9516885,37.4685687],[126.9510837,37.4681142],[126.9510018,37.4680687],[126.9507998,37.467943],[126.9495861,37.4672476],[126.9493265,37.4670988],[126.9491379,37.4669776],[126.9490009,37.4668895],[126.9486484,37.4667278],[126.9484259,37.4666328],[126.9484157,37.466594]]}},
{"type":"Feature","id":1278208825,"properties":{"type":"path","service":null,"tunnel":false,"tunnel_type":null},"geometry":{"type":"LineString","coordinates":[[126.9521052,37.4699417],[126.9523552,37.4699397]]}},
{"type":"Feature","id":1330540958,"properties":{"type":"path","service":null,"tunnel":false,"tunnel_type":null},"geometry":{"type":"LineString","coordinates":[[126.9707582,37.4544833],[126.970814,37.4545118],[126.9708663,37.4545831],[126.9709025,37.4546246],[126.9709468,37.4546853],[126.9710138,37.4547566],[126.9710983,37.4548077],[126.9710635,37.4548386],[126.9709964,37.4548482],[126.9710071,37.4548737],[126.971042,37.4548897],[126.9711788,37.4549089],[126.9712391,37.454927],[126.9713438,37.4549834],[126.9713786,37.4550068],[126.9714323,37.4550036],[126.9714966,37.454993],[126.9716026,37.4550057],[126.971793,37.4550675],[126.9718789,37.4551101],[126.9718494,37.4551527],[126.9718641,37.4551984],[126.971911,37.4552431],[126.9719486,37.4552847],[126.9720264,37.4553155],[126.9720452,37.4553624],[126.9721551,37.4554156],[126.9721712,37.4554656],[126.9721913,37.4554827],[126.9722141,37.4554869],[126.9722544,37.4554827],[126.9723026,37.4554518],[126.9723643,37.4554742],[126.9723992,37.4555348],[126.9724689,37.4556009],[126.9725266,37.4556669],[126.9725642,37.455702],[126.9726393,37.4557488],[126.9727211,37.4558649],[126.9727814,37.4559447],[126.9728203,37.4559852],[126.9728753,37.4560001],[126.9728833,37.4560341],[126.9729035,37.4560586],[126.9728833,37.4561001],[126.9729048,37.4561172],[126.972933,37.4561427],[126.9729558,37.4562258],[126.9729853,37.4562886],[126.9730107,37.4563173],[126.9730832,37.4563386],[126.9731274,37.4563333],[126.9731569,37.4563684],[126.9732146,37.4563684],[126.9732267,37.4563556],[126.9732642,37.456378],[126.9733366,37.4563759],[126.9734037,37.4564131],[126.9734761,37.4564483],[126.9735204,37.4564887],[126.9735271,37.4565153],[126.9735619,37.4565398],[126.973625,37.4565877],[126.9737014,37.4566154],[126.9737497,37.4566218],[126.9738235,37.4566846],[126.9738221,37.4567027],[126.9738771,37.4567102],[126.9739214,37.4566718],[126.9739965,37.4566484],[126.9740528,37.4566697],[126.9740917,37.4566686],[126.97414,37.4567123],[126.9741185,37.4567506],[126.9740997,37.4567708],[126.9741882,37.4568198],[126.9742848,37.4568592],[126.9743666,37.4568741],[126.9744524,37.4568933],[126.9745181,37.4569582],[126.9745651,37.4569816],[126.9745906,37.4569923],[126.9746147,37.4569603],[126.9746469,37.4569635],[126.9747099,37.4569678],[126.9747528,37.457037],[126.9747998,37.4570359],[126.97484,37.4570519],[126.9748145,37.4571168],[126.9748038,37.4571392],[126.9748132,37.4571701],[126.9747327,37.4572158],[126.974718,37.4572424],[126.974722,37.4573127],[126.9746858,37.4573393],[126.9746844,37.4573766],[126.9747528,37.4574341],[126.9747636,37.4575011],[126.9747542,37.4575373],[126.9747877,37.4575629],[126.9748588,37.457582],[126.9749084,37.4576087],[126.9749057,37.4576289],[126.9748387,37.4577077],[126.9748279,37.4577385],[126.9748628,37.4577652],[126.9748749,37.457828],[126.9748749,37.4578524],[126.9749004,37.4578812],[126.9748977,37.4579153],[126.9749688,37.4579515],[126.9750009,37.4580047],[126.9750237,37.4580366],[126.9750157,37.4580611],[126.9750506,37.4580803],[126.9750586,37.4581409],[126.9750787,37.4581633],[126.9751512,37.4581771],[126.9751646,37.4582176],[126.9752115,37.4582314],[126.9752276,37.4582889],[126.9752584,37.4583262],[126.9752048,37.45834],[126.9752437,37.4583762],[126.9752598,37.4584252],[126.975363,37.4584965],[126.9754408,37.4585455],[126.9754636,37.4585838],[126.9755495,37.4586072],[126.9755803,37.4586615],[126.9755897,37.4586966],[126.9756044,37.4587371],[126.9755776,37.4587946],[126.9756004,37.4588201],[126.9755669,37.4588712],[126.975524,37.4588766],[126.9754878,37.4588776],[126.9754194,37.4588989],[126.975365,37.4589295]]}},
{"type":"Feature","id":1330540959,"properties":{"type":"path","service":null,"tunnel":false,"tunnel_type":null},"geometry":{"type":"LineString","coordinates":[[126.9627607,37.4638926],[126.9625595,37.4639394],[126.9624361,37.4640075],[126.9623128,37.4640203],[126.9621143,37.4640884],[126.9620284,37.4641459],[126.9619855,37.4642098],[126.9619104,37.464246],[126.9618851,37.4643366]]}},
{"type":"Feature","id":1330540960,"properties":{"type":"path","service":null,"tunnel":false,"tunnel_type":null},"geometry":{"type":"LineString","coordinates":[[126.9709823,37.4626617],[126.9709723,37.462727],[126.9709937,37.462761],[126.970983,37.462826],[126.970975,37.4628888],[126.9709294,37.4629611],[126.9709052,37.4629814],[126.9708838,37.4630623],[126.9708489,37.4630931],[126.9708073,37.4631208],[126.9707738,37.4631325],[126.9706933,37.4631027],[126.9705465,37.4630813]]}},
{"type":"Feature","id":1330540961,"properties":{"type":"path","service":null,"tunnel":false,"tunnel_type":null},"geometry":{"type":"LineString","coordinates":[[126.9751042,37.4711847],[126.9753751,37.4712201],[126.975781,37.471247]]}},
{"type":"Feature","id":1330540962,"properties":{"type":"path","service":null,"tunnel":false,"tunnel_type":null},"geometry":{"type":"LineString","coordinates":[[126.9737498,37.4703268],[126.9737121,37.4703793],[126.9737416,37.4704836],[126.9737846,37.4705836],[126.9737792,37.4706773],[126.9738033,37.4707092],[126.9739267,37.4707433],[126.974085,37.4708476],[126.9741547,37.4709157],[126.9742835,37.4710881],[126.9744068,37.4712584],[126.9745061,37.471367],[126.974549,37.4715182],[126.9745598,37.4716326]]}},
{"type":"Feature","id":1332731886,"properties":{"type":"secondary","service":null,"tunnel":false,"tunnel_type":null},"geometry":{"type":"LineString","coordinates":[[126.9432804,37.4708418],[126.9432013,37.4708353],[126.9431642,37.4708255],[126.9431394,37.4708143],[126.9431195,37.4707829],[126.9431121,37.4707363],[126.943122,37.4707088],[126.94314,37.4706737],[126.943166,37.470627]]}},
{"type":"Feature","id":1363515451,"properties":{"type":"steps","service":null,"tunnel":false,"tunnel_type":null},"geometry":{"type":"LineString","coordinates":[[126.9538466,37.4619159],[126.9537832,37.4621186],[126.9534962,37.4620801]]}},
{"type":"Feature","id":1363515452,"properties":{"type":"steps","service":null,"tunnel":false,"tunnel_type":null},"geometry":{"type":"LineString","coordinates":[[126.9534962,37.4620801],[126.9533939,37.4620664]]}},
{"type":"Feature","id":1364686252,"properties":{"type":"steps","service":null,"tunnel":false,"tunnel_type":null},"geometry":{"type":"LineString","coordinates":[[126.9527789,37.4616434],[126.9531085,37.4617813]]}},
{"type":"Feature","id":1428206977,"properties":{"type":"path","service":null,"tunnel":false,"tunnel_type":null},"geometry":{"type":"LineString","coordinates":[[126.9423529,37.4489163],[126.9423263,37.4489915],[126.942337,37.4490288],[126.9423799,37.4490756],[126.9424617,37.4491438]]}},
{"type":"Feature","id":1428206978,"properties":{"type":"path","service":null,"tunnel":false,"tunnel_type":null},"geometry":{"type":"LineString","coordinates":[[126.9420543,37.4483213],[126.9421935,37.4482814],[126.9423276,37.4482537],[126.9425449,37.4482579],[126.9426656,37.4482899]]}},
{"type":"Feature","id":1429747754,"properties":{"type":"pedestrian","service":null,"tunnel":true,"tunnel_type":"building_passage"},"geometry":{"type":"LineString","coordinates":[[126.9522859,37.4601637],[126.9523968,37.4604135]]}},
{"type":"Feature","id":1436701575,"properties":{"type":"footway","service":null,"tunnel":false,"tunnel_type":null},"geometry":{"type":"LineString","coordinates":[[126.9395149,37.4708052],[126.9395589,37.4708001],[126.939651,37.470812],[126.9396578,37.4708126],[126.9403013,37.4708717],[126.9404154,37.4708852],[126.9405827,37.4709005]]}},
{"type":"Feature","id":1436701576,"properties":{"type":"footway","service":null,"tunnel":false,"tunnel_type":null},"geometry":{"type":"LineString","coordinates":[[126.9405827,37.4709005],[126.9407533,37.4709166],[126.9409322,37.4709307],[126.9410866,37.4709451],[126.9417648,37.4710086],[126.941897,37.471021],[126.9423921,37.4710655],[126.9428283,37.4710318],[126.9430459,37.470996],[126.9434574,37.4708886],[126.9437529,37.4707488],[126.9444673,37.4702675],[126.9445293,37.4702211],[126.9452992,37.4696452]]}},
{"type":"Feature","id":1436701577,"properties":{"type":"footway","service":null,"tunnel":false,"tunnel_type":null},"geometry":{"type":"LineString","coordinates":[[126.9452992,37.4696452],[126.9453692,37.4695933],[126.945509,37.4694894],[126.9455303,37.4694736]]}},
{"type":"Feature","id":1436701578,"properties":{"type":"footway","service":null,"tunnel":false,"tunnel_type":null},"geometry":{"type":"LineString","coordinates":[[126.9455303,37.4694736],[126.9461554,37.4690348],[126.946295,37.4689634],[126.9463556,37.4689323],[126.9465243,37.4688912],[126.9467713,37.4688896],[126.9470224,37.4689501]]}},
{"type":"Feature","id":1436701579,"properties":{"type":"footway","service":null,"tunnel":false,"tunnel_type":null},"geometry":{"type":"LineString","coordinates":[[126.946295,37.4689634],[126.9462889,37.4689196],[126.9462824,37.4688726]]}},
{"type":"Feature","id":1436701580,"properties":{"type":"footway","service":null,"tunnel":false,"tunnel_type":null},"geometry":{"type":"LineString","coordinates":[[126.9462824,37.4688726],[126.9464782,37.4687362],[126.946691,37.4685879],[126.9470244,37.4683564],[126.9472419,37.4682289]]}},
{"type":"Feature","id":1436701581,"properties":{"type":"footway","service":null,"tunnel":false,"tunnel_type":null},"geometry":{"type":"LineString","coordinates":[[126.9472419,37.4682289],[126.9475019,37.4681263]]}},
{"type":"Feature","id":1436701583,"properties":{"type":"footway","service":null,"tunnel":false,"tunnel_type":null},"geometry":{"type":"LineString","coordinates":[[126.9398792,37.4704743],[126.9399715,37.4704824],[126.9408937,37.4705633],[126.9411569,37.4705807],[126.9413166,37.4705965]]}},
{"type":"Feature","id":1436701584,"properties":{"type":"footway","service":null,"tunnel":false,"tunnel_type":null},"geometry":{"type":"LineString","coordinates":[[126.9413166,37.4705965],[126.9413927,37.4705988],[126.9414675,37.4706041]]}},
{"type":"Feature","id":1436701585,"properties":{"type":"footway","service":null,"tunnel":false,"tunnel_type":null},"geometry":{"type":"LineString","coordinates":[[126.9414675,37.4706041],[126.9420117,37.4706536],[126.9423067,37.4706819],[126.9424217,37.4706826],[126.9426013,37.4706713],[126.9428199,37.4706461],[126.9430004,37.470599],[126.9431685,37.4705513],[126.9434366,37.4704452],[126.9436507,37.4703181],[126.9437551,37.4702577],[126.9441294,37.4699831]]}},
{"type":"Feature","id":1436701586,"properties":{"type":"footway","service":null,"tunnel":false,"tunnel_type":null},"geometry":{"type":"LineString","coordinates":[[126.9441294,37.4699831],[126.944193,37.4699368],[126.9442382,37.4698947]]}},
{"type":"Feature","id":1436701587,"properties":{"type":"footway","service":null,"tunnel":false,"tunnel_type":null},"geometry":{"type":"LineString","coordinates":[[126.9442382,37.4698947],[126.9444293,37.4697542],[126.9444941,37.4696904],[126.944609,37.4695773],[126.9448027,37.4693947],[126.9448211,37.4693837],[126.9448395,37.4693728]]}},
{"type":"Feature","id":1436701588,"properties":{"type":"footway","service":null,"tunnel":false,"tunnel_type":null},"geometry":{"type":"LineString","coordinates":[[126.9448211,37.4693837],[126.9447744,37.469236],[126.9448002,37.469226]]}},
{"type":"Feature","id":1436701589,"properties":{"type":"footway","service":null,"tunnel":false,"tunnel_type":null},"geometry":{"type":"LineString","coordinates":[[126.9448002,37.469226],[126.9449419,37.4692314],[126.9449827,37.4692314],[126.9454848,37.4688459],[126.9458572,37.4685605],[126.9460054,37.4684232],[126.9460872,37.4683474],[126.9461654,37.4682649],[126.9462943,37.4682688]]}},
{"type":"Feature","id":1436701590,"properties":{"type":"footway","service":null,"tunnel":false,"tunnel_type":null},"geometry":{"type":"LineString","coordinates":[[126.9464782,37.4687362],[126.9463965,37.4686781],[126.9463129,37.468619],[126.9462015,37.4685401],[126.9460607,37.4684558]]}},
{"type":"Feature","id":1436701591,"properties":{"type":"footway","service":null,"tunnel":false,"tunnel_type":null},"geometry":{"type":"LineString","coordinates":[[126.9460607,37.4684558],[126.9460054,37.4684232]]}},
{"type":"Feature","id":1436701592,"properties":{"type":"service","service":null,"tunnel":false,"tunnel_type":null},"geometry":{"type":"LineString","coordinates":[[126.9480373,37.4670355],[126.9481585,37.4669071],[126.9484207,37.4668128]]}},
{"type":"Feature","id":1436701593,"properties":{"type":"secondary_link","service":null,"tunnel":false,"tunnel_type":null},"geometry":{"type":"LineString","coordinates":[[126.9443661,37.4699145],[126.944474,37.4699051],[126.9445202,37.4699185],[126.9445818,37.4699674],[126.9445772,37.4700163],[126.9445495,37.4700396],[126.944474,37.4701056],[126.9444419,37.4701695]]}},
{"type":"Feature","id":1436701594,"properties":{"type":"footway","service":null,"tunnel":false,"tunnel_type":null},"geometry":{"type":"LineString","coordinates":[[126.9444941,37.4696904],[126.9445844,37.4697594],[126.9446728,37.4698401],[126.9447637,37.4699223]]}},
{"type":"Feature","id":1436701595,"properties":{"type":"footway","service":null,"tunnel":false,"tunnel_type":null},"geometry":{"type":"LineString","coordinates":[[126.9414511,37.4706744],[126.941441,37.4707507],[126.9414289,37.4708415]]}},
{"type":"Feature","id":1436701596,"properties":{"type":"footway","service":null,"tunnel":false,"tunnel_type":null},"geometry":{"type":"LineString","coordinates":[[126.9414289,37.4708415],[126.9414282,37.4708464]]}},
{"type":"Feature","id":1436701597,"properties":{"type":"footway","service":null,"tunnel":false,"tunnel_type":null},"geometry":{"type":"LineString","coordinates":[[126.9414675,37.4706041],[126.9414518,37.4706695],[126.9414511,37.4706744]]}},
{"type":"Feature","id":1437066445,"properties":{"type":"tertiary","service":null,"tunnel":false,"tunnel_type":null},"geometry":{"type":"LineString","coordinates":[[126.9402904,37.4643067],[126.940031,37.4641872],[126.9399575,37.464176],[126.9398466,37.4642075],[126.939794,37.4642316],[126.9396951,37.4643309],[126.9394982,37.4645336],[126.9394228,37.4646088],[126.9393247,37.4646774],[126.9391834,37.4647459],[126.9390465,37.4648033],[126.9387853,37.4649165],[126.9383312,37.4652677],[126.93822,37.4653613],[126.9380741,37.4654815],[126.938058,37.4654947],[126.9377976,37.4657227],[126.9377147,37.4657949],[126.9376482,37.4658839],[126.9375688,37.4661211],[126.9375763,37.4663204],[126.9376403,37.4675242],[126.9376406,37.4675306],[126.9377005,37.4684546]]}},
{"type":"Feature","id":1437075578,"properties":{"type":"service","service":"parking_aisle","tunnel":false,"tunnel_type":null},"geometry":{"type":"LineString","coordinates":[[126.9466802,37.4699141],[126.9468894,37.4697693],[126.9471254,37.4697076]]}},
{"type":"Feature","id":1437075579,"properties":{"type":"service","service":"parking_aisle","tunnel":false,"tunnel_type":null},"geometry":{"type":"LineString","coordinates":[[126.9467311,37.4689721],[126.9469269,37.4689913],[126.9470664,37.4690487]]}},
{"type":"Feature","id":1442039156,"properties":{"type":"footway","service":null,"tunnel":false,"tunnel_type":null},"geometry":{"type":"LineString","coordinates":[[126.9495861,37.4672476],[126.9494916,37.4673519],[126.9493873,37.4675423],[126.9492888,37.4677355]]}},
{"type":"Feature","id":1451490177,"properties":{"type":"path","service":null,"tunnel":false,"tunnel_type":null},"geometry":{"type":"LineString","coordinates":[[126.9564868,37.4452153],[126.9562959,37.4452344],[126.9560539,37.4452688],[126.9557749,37.4453544],[126.9555385,37.4453989],[126.9554537,37.4454316],[126.9553371,37.4455095],[126.9551365,37.4455503],[126.9550627,37.4455961],[126.9549018,37.4456313],[126.9546027,37.4456994],[126.9543064,37.4458091],[126.9540398,37.4459076],[126.9535281,37.4458979],[126.9534065,37.4458889],[126.9532975,37.4459195],[126.9532677,37.4459698]]}},
{"type":"Feature","id":1451490178,"properties":{"type":"path","service":null,"tunnel":false,"tunnel_type":null},"geometry":{"type":"LineString","coordinates":[[126.9565983,37.4452682],[126.9564868,37.4452153]]}},
{"type":"Feature","id":1451490179,"properties":{"type":"steps","service":null,"tunnel":false,"tunnel_type":null},"geometry":{"type":"LineString","coordinates":[[126.9477793,37.4637234],[126.9476771,37.463695],[126.947571,37.4636406],[126.9474931,37.4635978]]}},
{"type":"Feature","id":1451490180,"properties":{"type":"path","service":null,"tunnel":false,"tunnel_type":null},"geometry":{"type":"LineString","coordinates":[[126.9479191,37.4638138],[126.9477793,37.4637234]]}},
{"type":"Feature","id":1451490181,"properties":{"type":"path","service":null,"tunnel":false,"tunnel_type":null},"geometry":{"type":"LineString","coordinates":[[126.9443056,37.4611486],[126.9442011,37.4611334]]}},
{"type":"Feature","id":1451490182,"properties":{"type":"steps","service":null,"tunnel":false,"tunnel_type":null},"geometry":{"type":"LineString","coordinates":[[126.9443735,37.4611478],[126.9443056,37.4611486]]}},
{"type":"Feature","id":1451490183,"properties":{"type":"path","service":null,"tunnel":false,"tunnel_type":null},"geometry":{"type":"LineString","coordinates":[[126.9446424,37.4611834],[126.9445733,37.4611877],[126.9444633,37.4611515],[126.9443735,37.4611478]]}},
{"type":"Feature","id":1451490184,"properties":{"type":"steps","service":null,"tunnel":false,"tunnel_type":null},"geometry":{"type":"LineString","coordinates":[[126.9449066,37.4613963],[126.9449106,37.4613356],[126.9449468,37.4612824],[126.9449374,37.4612154],[126.9448663,37.4611855],[126.9448139,37.4611662],[126.9446424,37.4611834]]}},
{"type":"Feature","id":1451490185,"properties":{"type":"path","service":null,"tunnel":false,"tunnel_type":null},"geometry":{"type":"LineString","coordinates":[[126.9441019,37.460978],[126.9440777,37.460847],[126.9440335,37.4607608],[126.9439701,37.4606823],[126.9438028,37.460616],[126.9436607,37.4604755],[126.9434326,37.4603648],[126.9432771,37.4602988],[126.9431349,37.4602605]]}},
{"type":"Feature","id":1451490186,"properties":{"type":"steps","service":null,"tunnel":false,"tunnel_type":null},"geometry":{"type":"LineString","coordinates":[[126.9442011,37.4611334],[126.9441366,37.4610677],[126.9441019,37.460978]]}},
{"type":"Feature","id":1451490187,"properties":{"type":"path","service":null,"tunnel":false,"tunnel_type":null},"geometry":{"type":"LineString","coordinates":[[126.9428983,37.4601744],[126.9427957,37.460138],[126.9426991,37.4600721],[126.9426162,37.4600387],[126.9425115,37.4600568],[126.9423155,37.4601189],[126.942105,37.4602126],[126.941936,37.4603116],[126.9416956,37.4604853]]}},
{"type":"Feature","id":1451490188,"properties":{"type":"steps","service":null,"tunnel":false,"tunnel_type":null},"geometry":{"type":"LineString","coordinates":[[126.9431349,37.4602605],[126.9430196,37.4602722],[126.942962,37.4602445],[126.9429499,37.4601838],[126.9428983,37.4601744]]}},
{"type":"Feature","id":1451492739,"properties":{"type":"path","service":null,"tunnel":false,"tunnel_type":null},"geometry":{"type":"LineString","coordinates":[[126.9532086,37.4460548],[126.9531634,37.4460663],[126.9530725,37.4461178],[126.9529373,37.4461903],[126.9529786,37.4462695],[126.9530162,37.4465863],[126.9528875,37.4468994],[126.9525977,37.4473969],[126.9524668,37.4476886],[126.9522423,37.4479732],[126.9520477,37.4480111]]}},
{"type":"Feature","id":1451492740,"properties":{"type":"path","service":null,"tunnel":false,"tunnel_type":null},"geometry":{"type":"LineString","coordinates":[[126.9532677,37.4459698],[126.9532086,37.4460548]]}},
{"type":"Feature","id":1469700083,"properties":{"type":"steps","service":null,"tunnel":false,"tunnel_type":null},"geometry":{"type":"LineString","coordinates":[[126.9524214,37.4565302],[126.9524296,37.4564724]]}},
{"type":"Feature","id":1469700084,"properties":{"type":"steps","service":null,"tunnel":false,"tunnel_type":null},"geometry":{"type":"LineString","coordinates":[[126.9524379,37.4564142],[126.9524296,37.4564724]]}},
{"type":"Feature","id":1469700085,"properties":{"type":"footway","service":null,"tunnel":false,"tunnel_type":null},"geometry":{"type":"LineString","coordinates":[[126.9523865,37.4565271],[126.9524214,37.4565302]]}},
{"type":"Feature","id":1469700086,"properties":{"type":"footway","service":null,"tunnel":false,"tunnel_type":null},"geometry":{"type":"LineString","coordinates":[[126.9524025,37.456411],[126.9524379,37.4564142]]}},
{"type":"Feature","id":1469700087,"properties":{"type":"footway","service":null,"tunnel":false,"tunnel_type":null},"geometry":{"type":"LineString","coordinates":[[126.9522847,37.4560203],[126.9522297,37.4560416],[126.9519762,37.4560208],[126.9517873,37.4560052]]}},
{"type":"Feature","id":1469947531,"properties":{"type":"service","service":null,"tunnel":false,"tunnel_type":null},"geometry":{"type":"LineString","coordinates":[[126.9514253,37.4657104],[126.9513968,37.4656801],[126.9513871,37.4655728],[126.9514137,37.4655369]]}},
{"type":"Feature","id":1469947532,"properties":{"type":"service","service":null,"tunnel":false,"tunnel_type":null},"geometry":{"type":"LineString","coordinates":[[126.9514253,37.4657104],[126.9514312,37.4658351],[126.9514386,37.4659345]]}},
{"type":"Feature","id":1469947533,"properties":{"type":"service","service":null,"tunnel":false,"tunnel_type":null},"geometry":{"type":"LineString","coordinates":[[126.9514137,37.4655369],[126.9514451,37.465572],[126.9514508,37.4656782],[126.9514253,37.4657104]]}},
{"type":"Feature","id":1469947534,"properties":{"type":"footway","service":null,"tunnel":false,"tunnel_type":null},"geometry":{"type":"LineString","coordinates":[[126.9490551,37.464448],[126.949182,37.4644659]]}},
{"type":"Feature","id":1469947535,"properties":{"type":"steps","service":null,"tunnel":false,"tunnel_type":null},"geometry":{"type":"LineString","coordinates":[[126.9490206,37.4644431],[126.9490551,37.464448]]}},
{"type":"Feature","id":1469947536,"properties":{"type":"footway","service":null,"tunnel":false,"tunnel_type":null},"geometry":{"type":"LineString","coordinates":[[126.9489962,37.4644397],[126.9490206,37.4644431]]}},
{"type":"Feature","id":1469947537,"properties":{"type":"steps","service":null,"tunnel":false,"tunnel_type":null},"geometry":{"type":"LineString","coordinates":[[126.9489613,37.4644348],[126.9489962,37.4644397]]}},
{"type":"Feature","id":1469947538,"properties":{"type":"footway","service":null,"tunnel":false,"tunnel_type":null},"geometry":{"type":"LineString","coordinates":[[126.9489288,37.4644302],[126.9489613,37.4644348]]}},
{"type":"Feature","id":1469947539,"properties":{"type":"steps","service":null,"tunnel":false,"tunnel_type":null},"geometry":{"type":"LineString","coordinates":[[126.9488906,37.4644248],[126.9489288,37.4644302]]}},
{"type":"Feature","id":1469947540,"properties":{"type":"footway","service":null,"tunnel":false,"tunnel_type":null},"geometry":{"type":"LineString","coordinates":[[126.9488653,37.4644212],[126.9488906,37.4644248]]}},
{"type":"Feature","id":1469947541,"properties":{"type":"footway","service":null,"tunnel":false,"tunnel_type":null},"geometry":{"type":"LineString","coordinates":[[126.9499718,37.4655148],[126.9498355,37.4656],[126.949759,37.4656867]]}},
{"type":"Feature","id":1469947542,"properties":{"type":"footway","service":null,"tunnel":false,"tunnel_type":null},"geometry":{"type":"LineString","coordinates":[[126.9507286,37.465645],[126.9507947,37.4655867],[126.9509164,37.4655037],[126.950963,37.4654675],[126.9510166,37.4654118],[126.9510683,37.4653504],[126.9511528,37.4652381],[126.9512131,37.4652136],[126.9512802,37.4651982]]}},
{"type":"Feature","id":1469947543,"properties":{"type":"footway","service":null,"tunnel":false,"tunnel_type":null},"geometry":{"type":"LineString","coordinates":[[126.9504717,37.4658217],[126.950509,37.4657972],[126.9505788,37.4657639],[126.9506183,37.4657413]]}},
{"type":"Feature","id":1469947544,"properties":{"type":"steps","service":null,"tunnel":false,"tunnel_type":null},"geometry":{"type":"LineString","coordinates":[[126.9506183,37.4657413],[126.9506736,37.4656947],[126.9507286,37.465645]]}},
{"type":"Feature","id":1481312601,"properties":{"type":"residential","service":null,"tunnel":false,"tunnel_type":null},"geometry":{"type":"LineString","coordinates":[[126.9570838,37.4591842],[126.9576858,37.4595733]]}},
{"type":"Feature","id":1481312602,"properties":{"type":"residential","service":null,"tunnel":true,"tunnel_type":null},"geometry":{"type":"LineString","coordinates":[[126.9576858,37.4595733],[126.9577477,37.4596133]]}},
{"type":"Feature","id":1485374568,"properties":{"type":"footway","service":null,"tunnel":false,"tunnel_type":null},"geometry":{"type":"LineString","coordinates":[[126.9519481,37.4554617],[126.9522057,37.4557804],[126.9523791,37.4557827]]}},
{"type":"Feature","id":1485386283,"properties":{"type":"steps","service":null,"tunnel":false,"tunnel_type":null},"geometry":{"type":"LineString","coordinates":[[126.9510687,37.4570103],[126.9513747,37.4570452]]}},
{"type":"Feature","id":1485386284,"properties":{"type":"footway","service":null,"tunnel":false,"tunnel_type":null},"geometry":{"type":"LineString","coordinates":[[126.9514797,37.4557707],[126.9514988,37.455645]]}},
{"type":"Feature","id":1485386285,"properties":{"type":"footway","service":null,"tunnel":false,"tunnel_type":null},"geometry":{"type":"LineString","coordinates":[[126.9514339,37.4564299],[126.95145,37.456329],[126.9514663,37.4562271]]}},
{"type":"Feature","id":1485386286,"properties":{"type":"footway","service":null,"tunnel":false,"tunnel_type":null},"geometry":{"type":"LineString","coordinates":[[126.951068,37.4554841],[126.9509339,37.4554731]]}},
{"type":"Feature","id":1497541780,"properties":{"type":"path","service":null,"tunnel":false,"tunnel_type":null},"geometry":{"type":"LineString","coordinates":[[126.9390894,37.4510057],[126.939058,37.4510634],[126.9390365,37.4511443],[126.9390151,37.4512007],[126.9390607,37.4512263],[126.9390647,37.4512816],[126.9390902,37.4513327],[126.939062,37.4513817],[126.9389923,37.451452],[126.9389695,37.4514829],[126.9389896,37.4515201],[126.9389239,37.4515925],[126.9389199,37.4516511],[126.9388622,37.4516926],[126.9388434,37.4517277],[126.9388394,37.4517842],[126.9388072,37.4518278],[126.9388153,37.4518768],[126.9388314,37.4519332],[126.9388676,37.4519864],[126.9389051,37.4520216],[126.9389065,37.4520748],[126.9389179,37.4521062],[126.93895,37.452144],[126.9390164,37.4521477],[126.9390446,37.4521877],[126.9390808,37.4522191],[126.9391204,37.4522494],[126.939164,37.4522931],[126.9391854,37.4523154],[126.9392075,37.4523356],[126.9392793,37.4523378],[126.939339,37.4523569],[126.9393832,37.4523548],[126.9394208,37.4523479],[126.9395079,37.4523],[126.9395334,37.4522877],[126.9396749,37.4522963],[126.9397205,37.4523048],[126.9397782,37.4523527],[126.9397929,37.4523851],[126.9398674,37.4524405],[126.9399069,37.4524623],[126.9399223,37.4524858],[126.9399203,37.4525118],[126.9398835,37.4525252],[126.9398278,37.4525406],[126.9397768,37.4525683],[126.9397748,37.4526002],[126.9397802,37.4526497],[126.9398566,37.4526923],[126.9398633,37.4527312],[126.9398928,37.4527753],[126.9399599,37.4527945],[126.9400028,37.4527982],[126.9400571,37.4528238],[126.940151,37.4528408],[126.940204,37.4528403],[126.9403166,37.4528334],[126.9404025,37.4528461],[126.9404715,37.4528547],[126.9405238,37.4528642],[126.94056,37.4528861],[126.9405942,37.4529345],[126.9406338,37.4529776],[126.9406345,37.4530165],[126.9406164,37.4530628],[126.9407089,37.4531384],[126.9407458,37.4531714],[126.9408189,37.4532161],[126.9407994,37.4532576],[126.9408021,37.453281],[126.9408604,37.4533423],[126.9409121,37.4533726],[126.9409275,37.4533859],[126.9409483,37.4534487],[126.9409664,37.4534833],[126.9410308,37.4535163],[126.941077,37.4535264],[126.9411481,37.4535318],[126.9411803,37.4535445],[126.9412132,37.4535914],[126.9412299,37.4536196],[126.9412366,37.4536776],[126.9412413,37.4537207],[126.9412909,37.4537782],[126.9413339,37.453857],[126.9413647,37.4538996],[126.9414183,37.4539496],[126.9414103,37.4540146],[126.9414103,37.4540497],[126.9414854,37.4540848],[126.9415511,37.4541168],[126.9415726,37.4541402],[126.9415109,37.4542105],[126.9415042,37.454268],[126.9414693,37.4543191],[126.9414103,37.4543212],[126.9413875,37.4543819],[126.9413701,37.4544127],[126.9412856,37.454483],[126.9412427,37.4545277],[126.9412427,37.4545767],[126.9412856,37.4546384],[126.9412655,37.4547066],[126.9412561,37.4547385],[126.9412118,37.454763],[126.9412132,37.4548152],[126.9412588,37.4548567],[126.941303,37.4548982],[126.9413821,37.4549514],[126.9414331,37.4549855],[126.9414733,37.455043],[126.9414519,37.4550813],[126.9414653,37.4551186],[126.9415645,37.4551516],[126.9416235,37.4552048],[126.9416396,37.4552272],[126.9417483,37.4552495],[126.9418837,37.4552719],[126.9419387,37.4552783],[126.9420071,37.4553028],[126.9420165,37.4553805],[126.9420111,37.4554412],[126.9420063,37.455487],[126.9419722,37.4555497],[126.9419481,37.4555998],[126.9419776,37.4556498],[126.9420701,37.4556743],[126.9420969,37.4556977],[126.9421519,37.4557733],[126.9421841,37.4558446],[126.9422391,37.4559021],[126.942286,37.4559809],[126.942286,37.456015],[126.9423343,37.456065],[126.9423397,37.4561225],[126.9423518,37.456197],[126.9423974,37.456213],[126.9425073,37.4562375],[126.9425704,37.4562417],[126.9427246,37.4561874],[126.9428466,37.4561949],[126.9429807,37.4562119],[126.9430625,37.4562183],[126.9431001,37.4562598],[126.9430076,37.4563141],[126.9429888,37.4563833],[126.9429217,37.4563865],[126.942852,37.4564823],[126.9427608,37.4564557],[126.9427219,37.4564855],[126.9426978,37.4565196],[126.9426361,37.4565505],[126.9425958,37.4565824],[126.9426173,37.4566314],[126.9425704,37.4566718],[126.942565,37.4567389],[126.9425382,37.4567975],[126.9424859,37.4567825],[126.942396,37.45679],[126.9422968,37.4568017],[126.9422874,37.4568315],[126.9422874,37.4569433],[126.9423102,37.4570317],[126.9422914,37.4571104],[126.9422713,37.4571743],[126.9422565,37.4572382],[126.9422647,37.4573013]]}},
{"type":"Feature","id":1497541781,"properties":{"type":"path","service":null,"tunnel":false,"tunnel_type":null},"geometry":{"type":"LineString","coordinates":[[126.9455932,37.4577833],[126.9456469,37.4578663],[126.9456831,37.4579419],[126.9457018,37.4579674],[126.9457796,37.4580057],[126.9458131,37.4580324],[126.9458333,37.4580813],[126.94584,37.4581186],[126.9458373,37.4581952],[126.9458762,37.4582336],[126.9458722,37.4582942],[126.9458748,37.4583613],[126.9458641,37.4584252],[126.9458655,37.4584539],[126.9459245,37.4585199],[126.9459526,37.4585497],[126.9459674,37.4585753],[126.9460317,37.4585923],[126.9460237,37.4586455],[126.9460975,37.4586817],[126.9461511,37.458702],[126.946186,37.4587307],[126.9462182,37.4588201],[126.9462691,37.4588553],[126.9463576,37.4589202],[126.9463871,37.4589468],[126.9464234,37.4590756],[126.9464716,37.4591927],[126.9464703,37.4592438],[126.9464542,37.45928],[126.9464529,37.4592981],[126.9465145,37.4593652],[126.9465776,37.4593971],[126.9466218,37.4594727],[126.94665,37.4595078],[126.9467787,37.4595909],[126.9468471,37.4596271],[126.9468445,37.4596739],[126.9467922,37.4597101],[126.9467828,37.4597484],[126.9468136,37.4598038],[126.9467962,37.4598559],[126.9468445,37.4598943],[126.9468713,37.4599454],[126.9468847,37.4600348],[126.9469102,37.4600742],[126.9469786,37.4601114],[126.9470295,37.4601604],[126.9470577,37.4601891],[126.9471583,37.4602392],[126.9471945,37.4602988],[126.9472106,37.4603201],[126.9473031,37.4603691],[126.9473407,37.4604031],[126.9473715,37.4605],[126.9474024,37.4605543],[126.9474198,37.460583],[126.9475029,37.4606309],[126.9475619,37.4606873],[126.9476679,37.4607842]]}},
{"type":"Feature","id":1497541782,"properties":{"type":"path","service":null,"tunnel":false,"tunnel_type":null},"geometry":{"type":"LineString","coordinates":[[126.9455999,37.4559692],[126.9455423,37.4558461],[126.9455316,37.4558242],[126.9454229,37.4556189],[126.9452326,37.455407],[126.9449208,37.4550495],[126.9447254,37.4547784],[126.9446906,37.4546448],[126.9446032,37.4545097]]}},
{"type":"Feature","id":1497541783,"properties":{"type":"path","service":null,"tunnel":false,"tunnel_type":null},"geometry":{"type":"LineString","coordinates":[[126.9456455,37.4560602],[126.9455999,37.4559692]]}},
{"type":"Feature","id":1497807529,"properties":{"type":"path","service":null,"tunnel":false,"tunnel_type":null},"geometry":{"type":"LineString","coordinates":[[126.9404543,37.4512019],[126.9404259,37.4511635],[126.9403884,37.4510953],[126.9403428,37.4510293],[126.9402985,37.4509867],[126.9402274,37.4509377],[126.9401121,37.4508898],[126.9400759,37.4508685],[126.9399807,37.4508217],[126.9399016,37.450793],[126.9398399,37.4507844],[126.9397527,37.4507834],[126.9396816,37.4507621],[126.9396213,37.4507301],[126.939581,37.4507099],[126.9395301,37.4506812],[126.9394778,37.4506577],[126.9394496,37.4506609],[126.9394134,37.450695],[126.9393463,37.4507568],[126.9393128,37.4507706],[126.9392927,37.450777],[126.9392283,37.4507695],[126.9391774,37.4507674],[126.9391519,37.4507717],[126.9391666,37.4508174],[126.9391063,37.4508866],[126.9390611,37.4509455]]}},
{"type":"Feature","id":1498416006,"properties":{"type":"path","service":null,"tunnel":false,"tunnel_type":null},"geometry":{"type":"LineString","coordinates":[[126.9551625,37.4641338],[126.9554444,37.4640739],[126.9556354,37.46436],[126.9558418,37.4645972],[126.9559681,37.4646706],[126.9561561,37.4646021],[126.9563194,37.4643894],[126.9564703,37.4641228],[126.9564703,37.4638],[126.9564365,37.4637119],[126.9561314,37.4633109],[126.9560051,37.4631543],[126.9560513,37.4628438],[126.9560174,37.4625625],[126.9558572,37.4623718],[126.9556385,37.462362],[126.9555183,37.4624231]]}},
{"type":"Feature","id":1505437360,"properties":{"type":"path","service":null,"tunnel":false,"tunnel_type":null},"geometry":{"type":"LineString","coordinates":[[126.9761342,37.4502872],[126.9760779,37.4503383],[126.9759893,37.4503362],[126.9758847,37.4503043],[126.9757989,37.4502745],[126.9756433,37.4502808],[126.9755602,37.4502404],[126.9754663,37.4501978],[126.9753993,37.4501616],[126.9752786,37.4501531],[126.9752169,37.4500807],[126.9751042,37.4500211],[126.9750103,37.4500594],[126.9750103,37.4502063],[126.9749486,37.4503256],[126.9749084,37.4504065],[126.9749325,37.4504938],[126.9750103,37.450596],[126.9750854,37.4506726],[126.9751096,37.4507387],[126.9750613,37.4508004],[126.9750828,37.4509516],[126.9751015,37.450992],[126.9750747,37.4510644],[126.9751176,37.4511113],[126.9751498,37.4511347],[126.9751632,37.451205],[126.9750452,37.4512625],[126.9751096,37.4513498],[126.9751123,37.4514307],[126.9750291,37.4514499],[126.9749486,37.4515031],[126.9748306,37.4515116],[126.9747126,37.4515457],[126.9745946,37.4515073],[126.9745302,37.4514903],[126.974439,37.4515116],[126.9742593,37.4514264],[126.9742057,37.451501],[126.9740581,37.4514988],[126.9739053,37.4514903],[126.9738275,37.4514477],[126.9737416,37.4513626],[126.9736612,37.4513689],[126.9734707,37.4514584],[126.9733688,37.4514967],[126.9732749,37.4514584],[126.9732133,37.4513753],[126.973047,37.4512518],[126.9730148,37.451139],[126.9729128,37.4510304],[126.9729531,37.4509516],[126.972937,37.4508196],[126.9727948,37.450645],[126.9727278,37.4505939],[126.9726017,37.4506045],[126.9724461,37.4506812],[126.9723764,37.4507238],[126.9722611,37.4507003],[126.972076,37.4506961],[126.9719151,37.4506812],[126.9718426,37.4506599],[126.9716334,37.4507025],[126.9714484,37.4506854],[126.9712445,37.4506279],[126.9709843,37.45053],[126.9709522,37.4504448],[126.9709173,37.4504001],[126.9707671,37.4503628]]}},
{"type":"Feature","id":1511791906,"properties":{"type":"service","service":"parking_aisle","tunnel":false,"tunnel_type":null},"geometry":{"type":"LineString","coordinates":[[126.9466802,37.4699141],[126.9463017,37.4700181],[126.9461282,37.470108],[126.9459584,37.4700799],[126.9453692,37.4695933],[126.9452819,37.469526]]}},
{"type":"Feature","id":1513607847,"properties":{"type":"service","service":null,"tunnel":false,"tunnel_type":null},"geometry":{"type":"LineString","coordinates":[[126.9519993,37.4481814],[126.9519863,37.4485545],[126.9519784,37.448784],[126.9519765,37.448849]]}},
{"type":"Feature","id":1513607848,"properties":{"type":"service","service":null,"tunnel":false,"tunnel_type":null},"geometry":{"type":"LineString","coordinates":[[126.9502332,37.4538813],[126.950333,37.4527408],[126.9503298,37.4527028]]}},
{"type":"Feature","properties":{"id":null,"type":"footway","service":null,"tunnel":false,"tunnel_type":null},"geometry":{"type":"LineString","coordinates":[[126.95281426361207,37.46874285776595],[126.952924087402693,37.468865824110949]]}},
{"type":"Feature","properties":{"id":null,"type":"footway","service":null,"tunnel":false,"tunnel_type":null},"geometry":{"type":"LineString","coordinates":[[126.952056545619854,37.468983405236095],[126.952071595139813,37.468985334760674]]}},
{"type":"Feature","properties":{"id":null,"type":"footway","service":null,"tunnel":false,"tunnel_type":null},"geometry":{"type":"LineString","coordinates":[[126.9502332,37.4538813],[126.950454199044458,37.453696297033169],[126.950976678240139,37.453729592276034],[126.951017657000591,37.453332610534211],[126.950487494287316,37.453301876463875],[126.950292845175198,37.453209674252868]]}},
{"type":"Feature","properties":{"id":null,"type":"footway","service":null,"tunnel":false,"tunnel_type":null},"geometry":{"type":"LineString","coordinates":[[126.950454199044458,37.453696297033169],[126.950487494287316,37.453301876463875]]}},
{"type":"Feature","properties":{"id":null,"type":"footway","service":null,"tunnel":false,"tunnel_type":null},"geometry":{"type":"LineString","coordinates":[[126.950976678240139,37.453729592276034],[126.950964104758356,37.453860823243531]]}},
{"type":"Feature","properties":{"id":null,"type":"footway","service":null,"tunnel":false,"tunnel_type":null},"geometry":{"type":"LineString","coordinates":[[126.9515377,37.4511446],[126.9519679,37.4510156]]}},
{"type":"Feature","properties":{"id":null,"type":"footway","service":null,"tunnel":false,"tunnel_type":null},"geometry":{"type":"LineString","coordinates":[[126.9516226,37.4511045],[126.951494035090761,37.450711890745026],[126.951773991390937,37.450690881151345],[126.952043,37.4508041]]}},
{"type":"Feature","properties":{"id":null,"type":"footway","service":null,"tunnel":false,"tunnel_type":null},"geometry":{"type":"LineString","coordinates":[[126.9518622,37.4548269],[126.951912455330529,37.454829978168739]]}},
{"type":"Feature","properties":{"id":null,"type":"footway","service":null,"tunnel":false,"tunnel_type":null},"geometry":{"type":"LineString","coordinates":[[126.9518956,37.454572],[126.951943819500016,37.45457586762285]]}},
{"type":"Feature","properties":{"id":null,"type":"footway","service":null,"tunnel":false,"tunnel_type":null},"geometry":{"type":"LineString","coordinates":[[126.951046183723818,37.454955354814182],[126.9514214,37.4549926],[126.951886772774316,37.45503805663806]]}},
{"type":"Feature","properties":{"id":null,"type":"footway","service":null,"tunnel":false,"tunnel_type":null},"geometry":{"type":"LineString","coordinates":[[126.951098226748684,37.454581189244742],[126.9514043,37.454618],[126.951930511159489,37.454683690968075]]}},
{"type":"Feature","properties":{"id":null,"type":"path","service":null,"tunnel":false,"tunnel_type":null},"geometry":{"type":"LineString","coordinates":[[126.9547825,37.4539209],[126.954811393807503,37.453831398883992],[126.954854933740478,37.453754563708159],[126.954952258296544,37.453708462602656],[126.955026532299854,37.453711023775185],[126.955090561613048,37.453728951982875],[126.955141785063603,37.453736635500462]]}},
{"type":"Feature","properties":{"id":null,"type":"footway","service":null,"tunnel":false,"tunnel_type":null},"geometry":{"type":"LineString","coordinates":[[126.95269678091897,37.45414778562732],[126.952701101187856,37.454060688198616]]}},
{"type":"Feature","properties":{"id":null,"type":"footway","service":null,"tunnel":false,"tunnel_type":null},"geometry":{"type":"LineString","coordinates":[[126.952736604161544,37.454142162854303],[126.952672814746705,37.45536554122819],[126.952793189855512,37.45538346943588],[126.952918698019218,37.455387346889964]]}},
{"type":"Feature","properties":{"id":null,"type":"footway","service":null,"tunnel":false,"tunnel_type":null},"geometry":{"type":"LineString","coordinates":[[126.9523814,37.455686],[126.952772700475307,37.455695932484282],[126.952780347817381,37.455505043901688]]}},
{"type":"Feature","properties":{"id":null,"type":"footway","service":null,"tunnel":false,"tunnel_type":null},"geometry":{"type":"LineString","coordinates":[[126.953531634154288,37.454687685678778],[126.953881688179862,37.455181136806175],[126.954194151228265,37.455035149972083],[126.954156000412709,37.454971442730852]]}},
{"type":"Feature","properties":{"id":null,"type":"service","service":null,"tunnel":false,"tunnel_type":null},"geometry":{"type":"LineString","coordinates":[[126.954547,37.4561291],[126.954511736621726,37.455890581596407],[126.95437855565028,37.45578813469529],[126.954153172467826,37.455731788899676],[126.953897055215023,37.455695932484289]]}},
{"type":"Feature","properties":{"id":null,"type":"path","service":null,"tunnel":false,"tunnel_type":null},"geometry":{"type":"LineString","coordinates":[[126.954237310307292,37.457686475882127],[126.954224885298586,37.457893418513223],[126.954265864059039,37.457990743069281],[126.95434782157993,37.458098312315457],[126.954434901445879,37.458134168730844],[126.95451685896677,37.458139291075902],[126.954614183522835,37.458149535766012],[126.954726875114062,37.458180269836348],[126.954788343254734,37.458211003906683],[126.95483444436023,37.458267349702297],[126.954916401881121,37.458344184878136],[126.954947135951457,37.458385163638582],[126.954962502986618,37.458436387089137],[126.955023971127289,37.458518344610027],[126.955049582852567,37.458595179785867],[126.955064949887742,37.458641280891371],[126.955089,37.4587165]]}},
{"type":"Feature","properties":{"id":null,"type":"path","service":null,"tunnel":false,"tunnel_type":null},"geometry":{"type":"LineString","coordinates":[[126.954118207857732,37.457405948281014],[126.954276108749141,37.457212146620805],[126.954285802204623,37.457122707008502]]}},
{"type":"Feature","properties":{"id":null,"type":"service","service":null,"tunnel":false,"tunnel_type":null},"geometry":{"type":"LineString","coordinates":[[126.954852794860273,37.457029732548989],[126.95453222600193,37.456843337776789],[126.954411,37.4567431]]}},
{"type":"Feature","properties":{"id":null,"type":"footway","service":null,"tunnel":false,"tunnel_type":null},"geometry":{"type":"LineString","coordinates":[[126.9499952,37.4555283],[126.950270434915524,37.455747155934866],[126.950336,37.4559729]]}},
{"type":"Feature","properties":{"id":null,"type":"footway","service":null,"tunnel":false,"tunnel_type":null},"geometry":{"type":"LineString","coordinates":[[126.949049231311292,37.457874975513498],[126.948913402123125,37.457823169528304]]}},
{"type":"Feature","properties":{"id":null,"type":"footway","service":null,"tunnel":false,"tunnel_type":null},"geometry":{"type":"LineString","coordinates":[[126.958119096811728,37.460707476894186],[126.958257451443785,37.460891270957134],[126.9581678104053,37.461050063653865],[126.958569914492188,37.461206295178066],[126.958334286619618,37.461623766300114],[126.958216066407417,37.46158959815584]]}},
{"type":"Feature","properties":{"id":null,"type":"footway","service":null,"tunnel":false,"tunnel_type":null},"geometry":{"type":"LineString","coordinates":[[126.9577833,37.4629123],[126.9577175,37.4629268]]}},
{"type":"Feature","properties":{"id":null,"type":"footway","service":null,"tunnel":false,"tunnel_type":null},"geometry":{"type":"LineString","coordinates":[[126.958566861964727,37.463371158640243],[126.958710778981256,37.463373047136656],[126.958785052984553,37.462956856600876],[126.959074028925116,37.462963586300866]]}},
{"type":"Feature","properties":{"id":null,"type":"footway","service":null,"tunnel":false,"tunnel_type":null},"geometry":{"type":"LineString","coordinates":[[126.9586824,37.4625188],[126.958732548947722,37.462326808159006],[126.9590764,37.4623215]]}},
{"type":"Feature","properties":{"id":null,"type":"service","service":null,"tunnel":false,"tunnel_type":null},"geometry":{"type":"LineString","coordinates":[[126.9587718,37.4641034],[126.958648030254309,37.464094017203259]]}},
{"type":"Feature","properties":{"id":null,"type":"service","service":null,"tunnel":false,"tunnel_type":null},"geometry":{"type":"LineString","coordinates":[[126.957899346065417,37.464801620700825],[126.957756742214613,37.464790656130837],[126.957720885799219,37.465220933115518],[126.957387933370583,37.465215810770466],[126.957469890891488,37.465215810770466],[126.957439156821152,37.465553885544146],[126.95776851785476,37.465583183321357]]}},
{"type":"Feature","properties":{"id":null,"type":"service","service":null,"tunnel":false,"tunnel_type":null},"geometry":{"type":"LineString","coordinates":[[126.957439156821152,37.465553885544146],[126.957316220539809,37.465559007889205],[126.9573292,37.4659217]]}},
{"type":"Feature","properties":{"id":null,"type":"service","service":null,"tunnel":false,"tunnel_type":null},"geometry":{"type":"LineString","coordinates":[[126.958943750828396,37.465789150649783],[126.959349791526961,37.466183933986009],[126.959349791526961,37.466322237302514],[126.959918371828152,37.466240279781623],[126.960106533109823,37.46614745838653]]}},
{"type":"Feature","properties":{"id":null,"type":"path","service":null,"tunnel":false,"tunnel_type":null},"geometry":{"type":"LineString","coordinates":[[126.9589584,37.4670092],[126.959277264093146,37.466963863698268]]}},
{"type":"Feature","properties":{"id":null,"type":"path","service":null,"tunnel":false,"tunnel_type":null},"geometry":{"type":"LineString","coordinates":[[126.958798,37.4669318],[126.958948038211105,37.466926952492145]]}},
{"type":"Feature","properties":{"id":null,"type":"service","service":null,"tunnel":false,"tunnel_type":null},"geometry":{"type":"LineString","coordinates":[[126.9589518,37.4660996],[126.959349791526961,37.466322237302514]]}},
{"type":"Feature","properties":{"id":null,"type":"footway","service":null,"tunnel":false,"tunnel_type":null},"geometry":{"type":"LineString","coordinates":[[126.960075524370524,37.465831788451133],[126.960358893502942,37.46582536983211],[126.960906984423914,37.466245402126688]]}},
{"type":"Feature","properties":{"id":null,"type":"residential","service":null,"tunnel":false,"tunnel_type":null},"geometry":{"type":"LineString","coordinates":[[126.9592964,37.4643647],[126.95947272780829,37.464232320519763],[126.959765,37.4642442]]}},
{"type":"Feature","properties":{"id":null,"type":"service","service":null,"tunnel":false,"tunnel_type":null},"geometry":{"type":"LineString","coordinates":[[126.9588201,37.4646722],[126.959047573168661,37.464724065645115],[126.959226855245618,37.464806023166012],[126.959518828913787,37.464969938207794],[126.959723722716021,37.465097996834189],[126.959928616518255,37.465226055460583],[126.960066541128938,37.465305964442699]]}},
{"type":"Feature","properties":{"id":null,"type":"path","service":null,"tunnel":false,"tunnel_type":null},"geometry":{"type":"LineString","coordinates":[[126.95945255747165,37.465204103905805],[126.959628412565323,37.465038427990002]]}},
{"type":"Feature","properties":{"id":null,"type":"footway","service":null,"tunnel":false,"tunnel_type":null},"geometry":{"type":"LineString","coordinates":[[126.9497405,37.4590119],[126.949890345912394,37.458969519320419]]}},
{"type":"Feature","properties":{"id":null,"type":"footway","service":null,"tunnel":false,"tunnel_type":null},"geometry":{"type":"LineString","coordinates":[[126.9494774,37.459093],[126.949601968885688,37.459344322750276],[126.9494884,37.4593841]]}},
{"type":"Feature","properties":{"id":null,"type":"footway","service":null,"tunnel":false,"tunnel_type":null},"geometry":{"type":"LineString","coordinates":[[126.9487417,37.4601535],[126.948884840577861,37.460527584458177],[126.949039188553996,37.460549442308761]]}},
{"type":"Feature","properties":{"id":null,"type":"footway","service":null,"tunnel":false,"tunnel_type":null},"geometry":{"type":"LineString","coordinates":[[126.9486549,37.459896],[126.948638968015175,37.459720815111886],[126.948641529187711,37.459605562348131],[126.948697874983324,37.459574828277795]]}},
{"type":"Feature","properties":{"id":null,"type":"footway","service":null,"tunnel":false,"tunnel_type":null},"geometry":{"type":"LineString","coordinates":[[126.95124236417945,37.459155898753366],[126.9516591,37.459451],[126.9518719,37.4596349],[126.952201559001466,37.459841190220708],[126.9522483,37.4600583]]}},
{"type":"Feature","properties":{"id":null,"type":"footway","service":null,"tunnel":false,"tunnel_type":null},"geometry":{"type":"LineString","coordinates":[[126.952201559001466,37.459841190220708],[126.9523964,37.4596695]]}},
{"type":"Feature","properties":{"id":null,"type":"footway","service":null,"tunnel":false,"tunnel_type":null},"geometry":{"type":"LineString","coordinates":[[126.9525964,37.4599704],[126.952726599369683,37.460148530924059],[126.952775261647716,37.460297078930672],[126.953262103822979,37.460136728386722]]}},
{"type":"Feature","properties":{"id":null,"type":"service","service":null,"tunnel":false,"tunnel_type":null},"geometry":{"type":"LineString","coordinates":[[126.9533702,37.4598773],[126.953630693272032,37.460169020304278]]}},
{"type":"Feature","properties":{"id":null,"type":"path","service":null,"tunnel":false,"tunnel_type":null},"geometry":{"type":"LineString","coordinates":[[126.952972519630862,37.459905165670492],[126.9533702,37.4598773]]}},
{"type":"Feature","properties":{"id":null,"type":"footway","service":null,"tunnel":false,"tunnel_type":null},"geometry":{"type":"LineString","coordinates":[[126.953775334430631,37.459517012684962],[126.953756190725912,37.459400668545911],[126.95379573850812,37.459310719231233]]}},
{"type":"Feature","properties":{"id":null,"type":"footway","service":null,"tunnel":false,"tunnel_type":null},"geometry":{"type":"LineString","coordinates":[[126.9499887,37.4638032],[126.949753078064788,37.463796921190045],[126.949609652403225,37.463853266985659],[126.949450859706502,37.463976203266995],[126.949312556389998,37.464129873618674],[126.949215231833932,37.464309155695624],[126.949182,37.4644659]]}},
{"type":"Feature","properties":{"id":null,"type":"footway","service":null,"tunnel":false,"tunnel_type":null},"geometry":{"type":"LineString","coordinates":[[126.948899159780566,37.464230041001017],[126.9491383966581,37.463976203266995]]}},
{"type":"Feature","properties":{"id":null,"type":"footway","service":null,"tunnel":false,"tunnel_type":null},"geometry":{"type":"LineString","coordinates":[[126.948950654666461,37.463775529327634],[126.9491383966581,37.463976203266995],[126.94933700780507,37.464102705379702]]}},
{"type":"Feature","properties":{"id":null,"type":"footway","service":null,"tunnel":false,"tunnel_type":null},"geometry":{"type":"LineString","coordinates":[[126.950524452243968,37.46332147691367],[126.950162865669256,37.463627883803206],[126.949768445099963,37.463315420754803],[126.950178613382377,37.462969726072814]]}},
{"type":"Feature","properties":{"id":null,"type":"footway","service":null,"tunnel":false,"tunnel_type":null},"geometry":{"type":"LineString","coordinates":[[126.9498795,37.4630201],[126.949994258051859,37.463125102926874]]}},
{"type":"Feature","properties":{"id":null,"type":"footway","service":null,"tunnel":false,"tunnel_type":null},"geometry":{"type":"LineString","coordinates":[[126.949556259862121,37.463204000849181],[126.949768445099963,37.463315420754803]]}},
{"type":"Feature","properties":{"id":null,"type":"footway","service":null,"tunnel":false,"tunnel_type":null},"geometry":{"type":"LineString","coordinates":[[126.950103436023014,37.463827095539322],[126.9504973,37.4635583]]}},
{"type":"Feature","properties":{"id":null,"type":"service","service":null,"tunnel":false,"tunnel_type":null},"geometry":{"type":"LineString","coordinates":[[126.9517153,37.4641741],[126.951886534780527,37.464181097069236],[126.952070939202542,37.464175974724178],[126.952467920944358,37.464147801826371]]}},
{"type":"Feature","properties":{"id":null,"type":"footway","service":null,"tunnel":false,"tunnel_type":null},"geometry":{"type":"LineString","coordinates":[[126.950352110765792,37.46646108521022],[126.950903044529838,37.466468224136655],[126.950946584462812,37.466378583098177],[126.951710190245166,37.466376760767865]]}},
{"type":"Feature","properties":{"id":null,"type":"footway","service":null,"tunnel":false,"tunnel_type":null},"geometry":{"type":"LineString","coordinates":[[126.950879993977097,37.466468224136655],[126.950892799839735,37.466685923801521],[126.951138672402408,37.466724341389444],[126.9511276,37.4668004]]}},
{"type":"Feature","properties":{"id":null,"type":"footway","service":null,"tunnel":false,"tunnel_type":null},"geometry":{"type":"LineString","coordinates":[[126.950431701989444,37.466462116542708],[126.950434349957234,37.466219790401446],[126.950992685568323,37.466232596264085],[126.950987575214185,37.466378485274547]]}},
{"type":"Feature","properties":{"id":null,"type":"service","service":null,"tunnel":false,"tunnel_type":null},"geometry":{"type":"LineString","coordinates":[[126.952493167747818,37.465974714737605],[126.951904462988239,37.467282677000526],[126.9518472,37.4672586]]}},
{"type":"Feature","properties":{"id":null,"type":"service","service":null,"tunnel":false,"tunnel_type":null},"geometry":{"type":"LineString","coordinates":[[126.9520184,37.4690147],[126.952071595139813,37.468985334760674],[126.952343352203826,37.468835317085194],[126.953286215567033,37.468314829529277],[126.953453972367612,37.467703989881372]]}},
{"type":"Feature","properties":{"id":null,"type":"footway","service":null,"tunnel":false,"tunnel_type":null},"geometry":{"type":"LineString","coordinates":[[126.9542764,37.4665826],[126.954390080926515,37.466637261523509],[126.95461674469523,37.466875450568601]]}},
{"type":"Feature","properties":{"id":null,"type":"footway","service":null,"tunnel":false,"tunnel_type":null},"geometry":{"type":"LineString","coordinates":[[126.954446426722129,37.466696168491652],[126.954938171847488,37.46639138896083],[126.954885667810657,37.466331201406426],[126.95545937045695,37.465994407219]]}},
{"type":"Feature","properties":{"id":null,"type":"footway","service":null,"tunnel":false,"tunnel_type":null},"geometry":{"type":"LineString","coordinates":[[126.953976451563278,37.466196739848705],[126.953966206873162,37.466335043165209],[126.954155733640235,37.466345287855319]]}},
{"type":"Feature","properties":{"id":null,"type":"footway","service":null,"tunnel":false,"tunnel_type":null},"geometry":{"type":"LineString","coordinates":[[126.953016011865316,37.466524569932275],[126.953318230223616,37.466614210970754],[126.953351525466474,37.466522008759746],[126.953471900575281,37.466552742830082],[126.953666633070569,37.466160591306355]]}},
{"type":"Feature","properties":{"id":null,"type":"footway","service":null,"tunnel":false,"tunnel_type":null},"geometry":{"type":"LineString","coordinates":[[126.9536508,37.466129],[126.953637946685618,37.466155746683]]}},
{"type":"Feature","properties":{"id":null,"type":"footway","service":null,"tunnel":false,"tunnel_type":null},"geometry":{"type":"LineString","coordinates":[[126.9550078,37.4656502],[126.9550701,37.4656753]]}},
{"type":"Feature","properties":{"id":null,"type":"footway","service":null,"tunnel":false,"tunnel_type":null},"geometry":{"type":"LineString","coordinates":[[126.9539579,37.4634231],[126.954002063288542,37.46338201124054],[126.954048164394038,37.463351277170212],[126.95410963253471,37.463338471307566],[126.954142927777582,37.463351277170212],[126.95417622302044,37.463371766550431],[126.954201834745717,37.463420428828464],[126.954194151228137,37.463463968761438],[126.954165978330323,37.463504947521884],[126.9541454,37.4635249]]}},
{"type":"Feature","properties":{"id":null,"type":"footway","service":null,"tunnel":false,"tunnel_type":null},"geometry":{"type":"LineString","coordinates":[[126.95417622302044,37.463371766550431],[126.954383677995196,37.463269319649314],[126.954483563723784,37.46345884641638],[126.954568082417211,37.463563854490026],[126.954657723455682,37.463607394423001],[126.954760170356792,37.463633006148278],[126.954839566705161,37.463630444975749],[126.954893351328252,37.463620200285639],[126.954925537023541,37.463614280695765]]}},
{"type":"Feature","properties":{"id":null,"type":"path","service":null,"tunnel":false,"tunnel_type":null},"geometry":{"type":"LineString","coordinates":[[126.95436212159052,37.463279964787425],[126.954560398899616,37.463635567320807],[126.954670529318321,37.463671423736194],[126.9548523725678,37.463981325612068],[126.95493433008869,37.464065844305495],[126.955057266370034,37.464094017203301],[126.95515215542143,37.464092059625486]]}},
{"type":"Feature","properties":{"id":null,"type":"footway","service":null,"tunnel":false,"tunnel_type":null},"geometry":{"type":"LineString","coordinates":[[126.954142927777582,37.463351277170212],[126.954375994477616,37.463146383367977],[126.954063531429213,37.462754523971206],[126.954094265499521,37.462575241894257],[126.9545906898868,37.462637399008791]]}},
{"type":"Feature","properties":{"id":null,"type":"footway","service":null,"tunnel":false,"tunnel_type":null},"geometry":{"type":"LineString","coordinates":[[126.9537113,37.4627809],[126.953756190725841,37.462695617003064],[126.953812536521454,37.462667444105257],[126.953848392936848,37.462549630168972],[126.95378436362364,37.462511212581056],[126.953745946035724,37.462465111475552],[126.953738262518144,37.462431816232694],[126.9537309,37.4623748]]}},
{"type":"Feature","properties":{"id":null,"type":"footway","service":null,"tunnel":false,"tunnel_type":null},"geometry":{"type":"LineString","coordinates":[[126.953848392936848,37.462549630168972],[126.954094265499521,37.462575241894257]]}},
{"type":"Feature","properties":{"id":null,"type":"footway","service":null,"tunnel":false,"tunnel_type":null},"geometry":{"type":"LineString","coordinates":[[126.9537832,37.4621186],[126.954020569255746,37.462164678027612]]}},
{"type":"Feature","properties":{"id":null,"type":"footway","service":null,"tunnel":false,"tunnel_type":null},"geometry":{"type":"LineString","coordinates":[[126.9542812,37.4622902],[126.954552715382022,37.462334491676607]]}},
{"type":"Feature","properties":{"id":null,"type":"footway","service":null,"tunnel":false,"tunnel_type":null},"geometry":{"type":"LineString","coordinates":[[126.954385617780815,37.462307233431204],[126.954424656755634,37.462493284373338],[126.954336347134273,37.462605552846505],[126.954352943924846,37.462682811140404],[126.954414412065518,37.462759646316236],[126.954521981311686,37.46279550273163],[126.9546115,37.4628055]]}},
{"type":"Feature","properties":{"id":null,"type":"steps","service":null,"tunnel":false,"tunnel_type":null},"geometry":{"type":"LineString","coordinates":[[126.9531085,37.4617813],[126.9532515,37.4618199]]}},
{"type":"Feature","properties":{"id":null,"type":"service","service":null,"tunnel":false,"tunnel_type":null},"geometry":{"type":"LineString","coordinates":[[126.9524649,37.4680925],[126.951876290090382,37.468634976095245],[126.951912146505762,37.468798891137034],[126.952056545619854,37.468983405236095],[126.95206214027219,37.468990554118157]]}},
{"type":"Feature","properties":{"id":null,"type":"service","service":null,"tunnel":false,"tunnel_type":null},"geometry":{"type":"LineString","coordinates":[[126.952634254425831,37.468674730734669],[126.952344984662986,37.468386542360044],[126.952374481447706,37.468339269122005]]}},
{"type":"Feature","properties":{"id":null,"type":"service","service":null,"tunnel":false,"tunnel_type":null},"geometry":{"type":"LineString","coordinates":[[126.95269457372423,37.468641432755952],[126.952542194947625,37.468460816363347],[126.9528879532389,37.46826616725123],[126.952999,37.4681266]]}},
{"type":"Feature","properties":{"id":null,"type":"service","service":null,"tunnel":false,"tunnel_type":null},"geometry":{"type":"LineString","coordinates":[[126.952343352203826,37.468835317085194],[126.952478165634432,37.468947439143648],[126.95281426361207,37.46874285776595],[126.952890514411422,37.468696444235917]]}},
{"type":"Feature","properties":{"id":null,"type":"service","service":null,"tunnel":false,"tunnel_type":null},"geometry":{"type":"LineString","coordinates":[[126.952303275513216,37.468857440565181],[126.952575490190497,37.469139527083236]]}},
{"type":"Feature","properties":{"id":null,"type":"footway","service":null,"tunnel":false,"tunnel_type":null},"geometry":{"type":"LineString","coordinates":[[126.953453972367612,37.467703989881372],[126.953708809034097,37.467778263884661],[126.953807414176424,37.467760335676964],[126.954126280156146,37.467235295308747],[126.953683377227534,37.467091266352909]]}},
{"type":"Feature","properties":{"id":null,"type":"footway","service":null,"tunnel":false,"tunnel_type":null},"geometry":{"type":"LineString","coordinates":[[126.95545937045695,37.465994407219],[126.955545169736567,37.466035385979438],[126.955765430573976,37.465891960317876],[126.955373425607959,37.465521774306737]]}},
{"type":"Feature","properties":{"id":null,"type":"footway","service":null,"tunnel":false,"tunnel_type":null},"geometry":{"type":"LineString","coordinates":[[126.9522639,37.4634955],[126.952588296053122,37.463398658861962],[126.9525031,37.4631033]]}},
{"type":"Feature","properties":{"id":null,"type":"footway","service":null,"tunnel":false,"tunnel_type":null},"geometry":{"type":"LineString","coordinates":[[126.951953,37.4622945],[126.951942880576112,37.462356261643109],[126.952127284998127,37.462504809649722],[126.9520584,37.4625803]]}},
{"type":"Feature","properties":{"id":null,"type":"footway","service":null,"tunnel":false,"tunnel_type":null},"geometry":{"type":"LineString","coordinates":[[126.95190546503045,37.462250845436131],[126.952329617627825,37.461879883552918],[126.951924952368415,37.461559736986935],[126.95214448357676,37.46125115470209]]}},
{"type":"Feature","properties":{"id":null,"type":"footway","service":null,"tunnel":false,"tunnel_type":null},"geometry":{"type":"LineString","coordinates":[[126.952234405970543,37.461963155224261],[126.952363969104923,37.461996697727521]]}},
{"type":"Feature","properties":{"id":null,"type":"footway","service":null,"tunnel":false,"tunnel_type":null},"geometry":{"type":"LineString","coordinates":[[126.952367191866884,37.462024870581317],[126.952651758779709,37.462188848754067]]}},
{"type":"Feature","properties":{"id":null,"type":"footway","service":null,"tunnel":false,"tunnel_type":null},"geometry":{"type":"LineString","coordinates":[[126.952584056369133,37.462149836075234],[126.952585734880614,37.462084777355152],[126.95254987846522,37.462002819834261],[126.952501216187187,37.461925984658421],[126.952480726806968,37.461851710655111],[126.952478165634432,37.461782558996859],[126.952501216187187,37.461733896718833],[126.952534511430045,37.461680112095742],[126.952585734880614,37.461646816852884],[126.952605491611692,37.461630034609399]]}}
]
}
