{"type": "FeatureCollection", "features": [{"type": "Feature", "geometry": {"type": "Point", "coordinates": [126.952018, 37.460383]}, "properties": {"building": "1", "name": "인문관1", "entrance_no": "1", "lat": "37.460383", "lon": "126.952018", "ground_m": "92.8", "rel_to_1f_m": "-1.1", "floor_est": "1층", "floor_checked": "", "kind": "yes", "source": "osm-entrance", "osm_id": "4564750845", "osm_level": "", "note": ""}}, {"type": "Feature", "geometry": {"type": "Point", "coordinates": [126.952293, 37.460178]}, "properties": {"building": "1", "name": "인문관1", "entrance_no": "2", "lat": "37.460178", "lon": "126.952293", "ground_m": "93.9", "rel_to_1f_m": "+0.0", "floor_est": "1층", "floor_checked": "", "kind": "", "source": "osm-path-end", "osm_id": "167982833", "osm_level": "", "note": ""}}, {"type": "Feature", "geometry": {"type": "Point", "coordinates": [126.952679, 37.460185]}, "properties": {"building": "1", "name": "인문관1", "entrance_no": "3", "lat": "37.460185", "lon": "126.952679", "ground_m": "96.3", "rel_to_1f_m": "+2.4", "floor_est": "2층", "floor_checked": "", "kind": "yes", "source": "osm-entrance", "osm_id": "4564750848", "osm_level": "", "note": ""}}, {"type": "Feature", "geometry": {"type": "Point", "coordinates": [126.952641, 37.460465]}, "properties": {"building": "2", "name": "인문관2", "entrance_no": "1", "lat": "37.460465", "lon": "126.952641", "ground_m": "95.3", "rel_to_1f_m": "-1.5", "floor_est": "1층", "floor_checked": "", "kind": "yes", "source": "osm-entrance", "osm_id": "4564750849", "osm_level": "", "note": ""}}, {"type": "Feature", "geometry": {"type": "Point", "coordinates": [126.952678, 37.460541]}, "properties": {"building": "2", "name": "인문관2", "entrance_no": "2", "lat": "37.460541", "lon": "126.952678", "ground_m": "95.3", "rel_to_1f_m": "-1.6", "floor_est": "1층", "floor_checked": "", "kind": "yes", "source": "osm-entrance", "osm_id": "4564750850", "osm_level": "", "note": ""}}, {"type": "Feature", "geometry": {"type": "Point", "coordinates": [126.952592, 37.460311]}, "properties": {"building": "2", "name": "인문관2", "entrance_no": "3", "lat": "37.460311", "lon": "126.952592", "ground_m": "95.6", "rel_to_1f_m": "-1.3", "floor_est": "1층", "floor_checked": "", "kind": "yes", "source": "osm-entrance", "osm_id": "4564750847", "osm_level": "", "note": ""}}, {"type": "Feature", "geometry": {"type": "Point", "coordinates": [126.95274, 37.460318]}, "properties": {"building": "2", "name": "인문관2", "entrance_no": "4", "lat": "37.460318", "lon": "126.952740", "ground_m": "96.1", "rel_to_1f_m": "-0.8", "floor_est": "1층", "floor_checked": "", "kind": "yes", "source": "osm-entrance", "osm_id": "4564750851", "osm_level": "", "note": ""}}, {"type": "Feature", "geometry": {"type": "Point", "coordinates": [126.953137, 37.460448]}, "properties": {"building": "2", "name": "인문관2", "entrance_no": "5", "lat": "37.460448", "lon": "126.953137", "ground_m": "97.4", "rel_to_1f_m": "+0.5", "floor_est": "1층", "floor_checked": "", "kind": "", "source": "osm-path-end", "osm_id": "167982831", "osm_level": "", "note": ""}}, {"type": "Feature", "geometry": {"type": "Point", "coordinates": [126.953235, 37.460397]}, "properties": {"building": "2", "name": "인문관2", "entrance_no": "6", "lat": "37.460397", "lon": "126.953235", "ground_m": "98.1", "rel_to_1f_m": "+1.2", "floor_est": "1층", "floor_checked": "", "kind": "yes", "source": "osm-entrance", "osm_id": "4564750853", "osm_level": "", "note": ""}}, {"type": "Feature", "geometry": {"type": "Point", "coordinates": [126.953254, 37.460291]}, "properties": {"building": "2", "name": "인문관2", "entrance_no": "7", "lat": "37.460291", "lon": "126.953254", "ground_m": "98.7", "rel_to_1f_m": "+1.9", "floor_est": "1층", "floor_checked": "", "kind": "yes", "source": "osm-entrance", "osm_id": "4564750854", "osm_level": "", "note": ""}}, {"type": "Feature", "geometry": {"type": "Point", "coordinates": [126.953464, 37.460804]}, "properties": {"building": "3", "name": "인문관3", "entrance_no": "1", "lat": "37.460804", "lon": "126.953464", "ground_m": "99.1", "rel_to_1f_m": "-0.1", "floor_est": "1층", "floor_checked": "", "kind": "yes", "source": "osm-entrance", "osm_id": "4564750844", "osm_level": "", "note": ""}}, {"type": "Feature", "geometry": {"type": "Point", "coordinates": [126.953696, 37.460751]}, "properties": {"building": "3", "name": "인문관3", "entrance_no": "2", "lat": "37.460751", "lon": "126.953696", "ground_m": "99.9", "rel_to_1f_m": "+0.7", "floor_est": "1층", "floor_checked": "", "kind": "yes", "source": "osm-entrance", "osm_id": "4564750856", "osm_level": "", "note": ""}}, {"type": "Feature", "geometry": {"type": "Point", "coordinates": [126.953742, 37.460983]}, "properties": {"building": "3", "name": "인문관3", "entrance_no": "3", "lat": "37.460983", "lon": "126.953742", "ground_m": "100.0", "rel_to_1f_m": "+0.8", "floor_est": "1층", "floor_checked": "", "kind": "yes", "source": "osm-entrance", "osm_id": "4564750857", "osm_level": "", "note": ""}}, {"type": "Feature", "geometry": {"type": "Point", "coordinates": [126.953219, 37.460782]}, "properties": {"building": "4", "name": "신양인문학술정보관", "entrance_no": "1", "lat": "37.460782", "lon": "126.953219", "ground_m": "97.6", "rel_to_1f_m": "-1.4", "floor_est": "1층", "floor_checked": "", "kind": "yes", "source": "osm-entrance", "osm_id": "4564750842", "osm_level": "", "note": ""}}, {"type": "Feature", "geometry": {"type": "Point", "coordinates": [126.953308, 37.460765]}, "properties": {"building": "4", "name": "신양인문학술정보관", "entrance_no": "2", "lat": "37.460765", "lon": "126.953308", "ground_m": "98.0", "rel_to_1f_m": "-1.0", "floor_est": "1층", "floor_checked": "", "kind": "", "source": "osm-path-end", "osm_id": "167982831", "osm_level": "", "note": ""}}, {"type": "Feature", "geometry": {"type": "Point", "coordinates": [126.953414, 37.460816]}, "properties": {"building": "4", "name": "신양인문학술정보관", "entrance_no": "3", "lat": "37.460816", "lon": "126.953414", "ground_m": "98.9", "rel_to_1f_m": "-0.1", "floor_est": "1층", "floor_checked": "", "kind": "yes", "source": "osm-entrance", "osm_id": "4564750843", "osm_level": "", "note": ""}}, {"type": "Feature", "geometry": {"type": "Point", "coordinates": [126.953899, 37.460732]}, "properties": {"building": "5", "name": "인문관4", "entrance_no": "1", "lat": "37.460732", "lon": "126.953899", "ground_m": "100.2", "rel_to_1f_m": "-0.9", "floor_est": "1층", "floor_checked": "", "kind": "yes", "source": "osm-entrance", "osm_id": "4564750859", "osm_level": "", "note": ""}}, {"type": "Feature", "geometry": {"type": "Point", "coordinates": [126.953648, 37.460367]}, "properties": {"building": "5", "name": "인문관4", "entrance_no": "2", "lat": "37.460367", "lon": "126.953648", "ground_m": "100.3", "rel_to_1f_m": "-0.8", "floor_est": "1층", "floor_checked": "", "kind": "yes", "source": "osm-entrance", "osm_id": "4564750860", "osm_level": "", "note": ""}}, {"type": "Feature", "geometry": {"type": "Point", "coordinates": [126.954085, 37.460982]}, "properties": {"building": "5", "name": "인문관4", "entrance_no": "3", "lat": "37.460982", "lon": "126.954085", "ground_m": "100.3", "rel_to_1f_m": "-0.8", "floor_est": "1층", "floor_checked": "", "kind": "", "source": "osm-path-end", "osm_id": "456540173", "osm_level": "", "note": ""}}, {"type": "Feature", "geometry": {"type": "Point", "coordinates": [126.954181, 37.460919]}, "properties": {"building": "5", "name": "인문관4", "entrance_no": "4", "lat": "37.460919", "lon": "126.954181", "ground_m": "101.2", "rel_to_1f_m": "+0.1", "floor_est": "1층", "floor_checked": "", "kind": "yes", "source": "osm-entrance", "osm_id": "4564750858", "osm_level": "", "note": ""}}, {"type": "Feature", "geometry": {"type": "Point", "coordinates": [126.954256, 37.460859]}, "properties": {"building": "5", "name": "인문관4", "entrance_no": "5", "lat": "37.460859", "lon": "126.954256", "ground_m": "102.0", "rel_to_1f_m": "+0.9", "floor_est": "1층", "floor_checked": "", "kind": "yes", "source": "osm-entrance", "osm_id": "4564750862", "osm_level": "", "note": ""}}, {"type": "Feature", "geometry": {"type": "Point", "coordinates": [126.953903, 37.460397]}, "properties": {"building": "5", "name": "인문관4", "entrance_no": "6", "lat": "37.460397", "lon": "126.953903", "ground_m": "102.4", "rel_to_1f_m": "+1.3", "floor_est": "1층", "floor_checked": "", "kind": "yes", "source": "osm-entrance", "osm_id": "4564750861", "osm_level": "", "note": ""}}, {"type": "Feature", "geometry": {"type": "Point", "coordinates": [126.9543, 37.460853]}, "properties": {"building": "6", "name": "인문관5", "entrance_no": "1", "lat": "37.460853", "lon": "126.954300", "ground_m": "102.6", "rel_to_1f_m": "-2.7", "floor_est": "지하1층", "floor_checked": "", "kind": "yes", "source": "osm-entrance", "osm_id": "4564750863", "osm_level": "", "note": ""}}, {"type": "Feature", "geometry": {"type": "Point", "coordinates": [126.954339, 37.46071]}, "properties": {"building": "6", "name": "인문관5", "entrance_no": "2", "lat": "37.460710", "lon": "126.954339", "ground_m": "102.8", "rel_to_1f_m": "-2.5", "floor_est": "지하1층", "floor_checked": "", "kind": "yes", "source": "osm-entrance", "osm_id": "4564750864", "osm_level": "", "note": ""}}, {"type": "Feature", "geometry": {"type": "Point", "coordinates": [126.954364, 37.460939]}, "properties": {"building": "6", "name": "인문관5", "entrance_no": "3", "lat": "37.460939", "lon": "126.954364", "ground_m": "104.1", "rel_to_1f_m": "-1.2", "floor_est": "1층", "floor_checked": "", "kind": "", "source": "osm-path-end", "osm_id": "167609408", "osm_level": "", "note": ""}}, {"type": "Feature", "geometry": {"type": "Point", "coordinates": [126.954753, 37.460608]}, "properties": {"building": "6", "name": "인문관5", "entrance_no": "4", "lat": "37.460608", "lon": "126.954753", "ground_m": "107.1", "rel_to_1f_m": "+1.9", "floor_est": "1층", "floor_checked": "", "kind": "yes", "source": "osm-entrance", "osm_id": "4564750865", "osm_level": "", "note": ""}}, {"type": "Feature", "geometry": {"type": "Point", "coordinates": [126.954714, 37.460768]}, "properties": {"building": "6", "name": "인문관5", "entrance_no": "5", "lat": "37.460768", "lon": "126.954714", "ground_m": "107.4", "rel_to_1f_m": "+2.1", "floor_est": "2층", "floor_checked": "", "kind": "", "source": "osm-path-end", "osm_id": "456540183", "osm_level": "", "note": ""}}, {"type": "Feature", "geometry": {"type": "Point", "coordinates": [126.954795, 37.460729]}, "properties": {"building": "6", "name": "인문관5", "entrance_no": "6", "lat": "37.460729", "lon": "126.954795", "ground_m": "107.5", "rel_to_1f_m": "+2.2", "floor_est": "2층", "floor_checked": "", "kind": "", "source": "osm-path-end", "osm_id": "456540187", "osm_level": "", "note": ""}}, {"type": "Feature", "geometry": {"type": "Point", "coordinates": [126.954474, 37.460578]}, "properties": {"building": "7", "name": "인문관6", "entrance_no": "1", "lat": "37.460578", "lon": "126.954474", "ground_m": "104.7", "rel_to_1f_m": "-2.6", "floor_est": "지하1층", "floor_checked": "", "kind": "yes", "source": "osm-entrance", "osm_id": "4564750867", "osm_level": "", "note": ""}}, {"type": "Feature", "geometry": {"type": "Point", "coordinates": [126.954696, 37.460518]}, "properties": {"building": "7", "name": "인문관6", "entrance_no": "2", "lat": "37.460518", "lon": "126.954696", "ground_m": "107.3", "rel_to_1f_m": "-0.0", "floor_est": "1층", "floor_checked": "", "kind": "yes", "source": "osm-entrance", "osm_id": "4564750866", "osm_level": "", "note": ""}}, {"type": "Feature", "geometry": {"type": "Point", "coordinates": [126.954105, 37.459961]}, "properties": {"building": "7", "name": "인문관6", "entrance_no": "3", "lat": "37.459961", "lon": "126.954105", "ground_m": "108.1", "rel_to_1f_m": "+0.7", "floor_est": "1층", "floor_checked": "", "kind": "yes", "source": "osm-entrance", "osm_id": "4564750871", "osm_level": "", "note": ""}}, {"type": "Feature", "geometry": {"type": "Point", "coordinates": [126.954364, 37.460063]}, "properties": {"building": "7", "name": "인문관6", "entrance_no": "4", "lat": "37.460063", "lon": "126.954364", "ground_m": "109.4", "rel_to_1f_m": "+2.1", "floor_est": "2층", "floor_checked": "", "kind": "yes", "source": "osm-entrance", "osm_id": "4564750870", "osm_level": "", "note": ""}}, {"type": "Feature", "geometry": {"type": "Point", "coordinates": [126.953908, 37.460261]}, "properties": {"building": "8", "name": "두산인문관", "entrance_no": "1", "lat": "37.460261", "lon": "126.953908", "ground_m": "103.4", "rel_to_1f_m": "-0.8", "floor_est": "1층", "floor_checked": "", "kind": "yes", "source": "osm-entrance", "osm_id": "4564750869", "osm_level": "", "note": ""}}, {"type": "Feature", "geometry": {"type": "Point", "coordinates": [126.954097, 37.460217]}, "properties": {"building": "8", "name": "두산인문관", "entrance_no": "2", "lat": "37.460217", "lon": "126.954097", "ground_m": "104.9", "rel_to_1f_m": "+0.8", "floor_est": "1층", "floor_checked": "", "kind": "yes", "source": "osm-entrance", "osm_id": "4564750868", "osm_level": "", "note": ""}}, {"type": "Feature", "geometry": {"type": "Point", "coordinates": [126.954796, 37.460342]}, "properties": {"building": "9", "name": "사범관1", "entrance_no": "1", "lat": "37.460342", "lon": "126.954796", "ground_m": "109.8", "rel_to_1f_m": "-1.1", "floor_est": "1층", "floor_checked": "", "kind": "yes", "source": "osm-entrance", "osm_id": "4564750877", "osm_level": "", "note": ""}}, {"type": "Feature", "geometry": {"type": "Point", "coordinates": [126.954485, 37.459941]}, "properties": {"building": "9", "name": "사범관1", "entrance_no": "2", "lat": "37.459941", "lon": "126.954485", "ground_m": "110.4", "rel_to_1f_m": "-0.5", "floor_est": "1층", "floor_checked": "", "kind": "yes", "source": "osm-entrance", "osm_id": "1613903007", "osm_level": "", "note": ""}}, {"type": "Feature", "geometry": {"type": "Point", "coordinates": [126.955056, 37.460501]}, "properties": {"building": "9", "name": "사범관1", "entrance_no": "3", "lat": "37.460501", "lon": "126.955056", "ground_m": "110.6", "rel_to_1f_m": "-0.3", "floor_est": "1층", "floor_checked": "", "kind": "yes", "source": "osm-entrance", "osm_id": "4564750878", "osm_level": "", "note": ""}}, {"type": "Feature", "geometry": {"type": "Point", "coordinates": [126.955102, 37.460399]}, "properties": {"building": "9", "name": "사범관1", "entrance_no": "4", "lat": "37.460399", "lon": "126.955102", "ground_m": "111.4", "rel_to_1f_m": "+0.5", "floor_est": "1층", "floor_checked": "", "kind": "yes", "source": "osm-entrance", "osm_id": "4564750879", "osm_level": "", "note": ""}}, {"type": "Feature", "geometry": {"type": "Point", "coordinates": [126.955161, 37.460385]}, "properties": {"building": "10", "name": "사범관2", "entrance_no": "1", "lat": "37.460385", "lon": "126.955161", "ground_m": "111.9", "rel_to_1f_m": "-2.7", "floor_est": "지하1층", "floor_checked": "", "kind": "yes", "source": "osm-entrance", "osm_id": "4564750880", "osm_level": "", "note": ""}}, {"type": "Feature", "geometry": {"type": "Point", "coordinates": [126.955226, 37.46024]}, "properties": {"building": "10", "name": "사범관2", "entrance_no": "2", "lat": "37.460240", "lon": "126.955226", "ground_m": "113.2", "rel_to_1f_m": "-1.3", "floor_est": "1층", "floor_checked": "", "kind": "yes", "source": "osm-entrance", "osm_id": "4564750881", "osm_level": "", "note": ""}}, {"type": "Feature", "geometry": {"type": "Point", "coordinates": [126.955599, 37.460179]}, "properties": {"building": "10", "name": "사범관2", "entrance_no": "3", "lat": "37.460179", "lon": "126.955599", "ground_m": "116.4", "rel_to_1f_m": "+1.8", "floor_est": "1층", "floor_checked": "", "kind": "yes", "source": "osm-entrance", "osm_id": "4564750885", "osm_level": "", "note": ""}}, {"type": "Feature", "geometry": {"type": "Point", "coordinates": [126.955493, 37.460042]}, "properties": {"building": "10", "name": "사범관2", "entrance_no": "4", "lat": "37.460042", "lon": "126.955493", "ground_m": "117.1", "rel_to_1f_m": "+2.6", "floor_est": "2층", "floor_checked": "", "kind": "yes", "source": "osm-entrance", "osm_id": "4564750883", "osm_level": "", "note": ""}}, {"type": "Feature", "geometry": {"type": "Point", "coordinates": [126.95564, 37.460131]}, "properties": {"building": "10-1", "name": "사범대교육정보관", "entrance_no": "1", "lat": "37.460131", "lon": "126.955640", "ground_m": "117.1", "rel_to_1f_m": "-4.8", "floor_est": "지하1층", "floor_checked": "", "kind": "", "source": "osm-path-join", "osm_id": "456540230", "osm_level": "", "note": ""}}, {"type": "Feature", "geometry": {"type": "Point", "coordinates": [126.955743, 37.46027]}, "properties": {"building": "10-1", "name": "사범대교육정보관", "entrance_no": "2", "lat": "37.460270", "lon": "126.955743", "ground_m": "117.6", "rel_to_1f_m": "-4.3", "floor_est": "지하1층", "floor_checked": "", "kind": "", "source": "osm-path-join", "osm_id": "456540230", "osm_level": "", "note": ""}}, {"type": "Feature", "geometry": {"type": "Point", "coordinates": [126.955726, 37.460018]}, "properties": {"building": "10-1", "name": "사범대교육정보관", "entrance_no": "3", "lat": "37.460018", "lon": "126.955726", "ground_m": "119.0", "rel_to_1f_m": "-2.9", "floor_est": "지하1층", "floor_checked": "", "kind": "yes", "source": "osm-entrance", "osm_id": "4564750884", "osm_level": "", "note": ""}}, {"type": "Feature", "geometry": {"type": "Point", "coordinates": [126.955347, 37.460079]}, "properties": {"building": "11", "name": "사범관3", "entrance_no": "1", "lat": "37.460079", "lon": "126.955347", "ground_m": "115.7", "rel_to_1f_m": "-1.0", "floor_est": "1층", "floor_checked": "", "kind": "yes", "source": "osm-entrance", "osm_id": "4564750882", "osm_level": "", "note": ""}}, {"type": "Feature", "geometry": {"type": "Point", "coordinates": [126.955053, 37.459747]}, "properties": {"building": "11", "name": "사범관3", "entrance_no": "2", "lat": "37.459747", "lon": "126.955053", "ground_m": "116.0", "rel_to_1f_m": "-0.7", "floor_est": "1층", "floor_checked": "", "kind": "", "source": "osm-path-end", "osm_id": "300586780", "osm_level": "", "note": ""}}, {"type": "Feature", "geometry": {"type": "Point", "coordinates": [126.954648, 37.459655]}, "properties": {"building": "12", "name": "사범교육협력센터", "entrance_no": "1", "lat": "37.459655", "lon": "126.954648", "ground_m": "114.0", "rel_to_1f_m": "-1.3", "floor_est": "1층", "floor_checked": "", "kind": "yes", "source": "osm-entrance", "osm_id": "4564809431", "osm_level": "", "note": ""}}, {"type": "Feature", "geometry": {"type": "Point", "coordinates": [126.954902, 37.459704]}, "properties": {"building": "12", "name": "사범교육협력센터", "entrance_no": "2", "lat": "37.459704", "lon": "126.954902", "ground_m": "114.7", "rel_to_1f_m": "-0.5", "floor_est": "1층", "floor_checked": "", "kind": "yes", "source": "osm-entrance", "osm_id": "4564809433", "osm_level": "", "note": ""}}, {"type": "Feature", "geometry": {"type": "Point", "coordinates": [126.954632, 37.459386]}, "properties": {"building": "12", "name": "사범교육협력센터", "entrance_no": "3", "lat": "37.459386", "lon": "126.954632", "ground_m": "116.5", "rel_to_1f_m": "+1.2", "floor_est": "1층", "floor_checked": "", "kind": "", "source": "osm-path-end", "osm_id": "167597859", "osm_level": "", "note": ""}}, {"type": "Feature", "geometry": {"type": "Point", "coordinates": [126.954932, 37.459326]}, "properties": {"building": "12", "name": "사범교육협력센터", "entrance_no": "4", "lat": "37.459326", "lon": "126.954932", "ground_m": "116.9", "rel_to_1f_m": "+1.7", "floor_est": "1층", "floor_checked": "", "kind": "yes", "source": "osm-entrance", "osm_id": "4564809432", "osm_level": "", "note": ""}}, {"type": "Feature", "geometry": {"type": "Point", "coordinates": [126.954723, 37.459256]}, "properties": {"building": "12", "name": "사범교육협력센터", "entrance_no": "5", "lat": "37.459256", "lon": "126.954723", "ground_m": "118.5", "rel_to_1f_m": "+3.2", "floor_est": "2층", "floor_checked": "", "kind": "", "source": "osm-path-end", "osm_id": "435329621", "osm_level": "", "note": ""}}, {"type": "Feature", "geometry": {"type": "Point", "coordinates": [126.953978, 37.459336]}, "properties": {"building": "13", "name": "과학교육관", "entrance_no": "1", "lat": "37.459336", "lon": "126.953978", "ground_m": "116.2", "rel_to_1f_m": "-1.4", "floor_est": "1층", "floor_checked": "", "kind": "yes", "source": "osm-entrance", "osm_id": "4564809435", "osm_level": "", "note": ""}}, {"type": "Feature", "geometry": {"type": "Point", "coordinates": [126.95435, 37.459393]}, "properties": {"building": "13", "name": "과학교육관", "entrance_no": "2", "lat": "37.459393", "lon": "126.954350", "ground_m": "116.9", "rel_to_1f_m": "-0.7", "floor_est": "1층", "floor_checked": "", "kind": "yes", "source": "osm-entrance", "osm_id": "4564809434", "osm_level": "", "note": ""}}, {"type": "Feature", "geometry": {"type": "Point", "coordinates": [126.953373, 37.459047]}, "properties": {"building": "13", "name": "과학교육관", "entrance_no": "3", "lat": "37.459047", "lon": "126.953373", "ground_m": "118.0", "rel_to_1f_m": "+0.4", "floor_est": "1층", "floor_checked": "", "kind": "yes", "source": "osm-entrance", "osm_id": "3046617635", "osm_level": "", "note": ""}}, {"type": "Feature", "geometry": {"type": "Point", "coordinates": [126.953692, 37.459047]}, "properties": {"building": "13", "name": "과학교육관", "entrance_no": "4", "lat": "37.459047", "lon": "126.953692", "ground_m": "119.0", "rel_to_1f_m": "+1.3", "floor_est": "1층", "floor_checked": "", "kind": "yes", "source": "osm-entrance", "osm_id": "4564809437", "osm_level": "", "note": ""}}, {"type": "Feature", "geometry": {"type": "Point", "coordinates": [126.95472, 37.461014]}, "properties": {"building": "14", "name": "인문관7", "entrance_no": "1", "lat": "37.461014", "lon": "126.954720", "ground_m": "110.0", "rel_to_1f_m": "-1.7", "floor_est": "1층", "floor_checked": "", "kind": "", "source": "osm-path-end", "osm_id": "456540167", "osm_level": "", "note": ""}}, {"type": "Feature", "geometry": {"type": "Point", "coordinates": [126.955255, 37.460678]}, "properties": {"building": "14", "name": "인문관7", "entrance_no": "2", "lat": "37.460678", "lon": "126.955255", "ground_m": "113.0", "rel_to_1f_m": "+1.3", "floor_est": "1층", "floor_checked": "", "kind": "", "source": "osm-path-end", "osm_id": "167982827", "osm_level": "", "note": ""}}, {"type": "Feature", "geometry": {"type": "Point", "coordinates": [126.951451, 37.462239]}, "properties": {"building": "15", "name": "법학관1", "entrance_no": "1", "lat": "37.462239", "lon": "126.951451", "ground_m": "83.5", "rel_to_1f_m": "-1.1", "floor_est": "1층", "floor_checked": "", "kind": "yes", "source": "osm-entrance", "osm_id": "4564809472", "osm_level": "", "note": ""}}, {"type": "Feature", "geometry": {"type": "Point", "coordinates": [126.951534, 37.462092]}, "properties": {"building": "15", "name": "법학관1", "entrance_no": "2", "lat": "37.462092", "lon": "126.951534", "ground_m": "83.6", "rel_to_1f_m": "-0.9", "floor_est": "1층", "floor_checked": "", "kind": "yes", "source": "osm-entrance", "osm_id": "4564809479", "osm_level": "", "note": ""}}, {"type": "Feature", "geometry": {"type": "Point", "coordinates": [126.951992, 37.462563]}, "properties": {"building": "15", "name": "법학관1", "entrance_no": "3", "lat": "37.462563", "lon": "126.951992", "ground_m": "85.8", "rel_to_1f_m": "+1.3", "floor_est": "1층", "floor_checked": "", "kind": "yes", "source": "osm-entrance", "osm_id": "4564809475", "osm_level": "", "note": ""}}, {"type": "Feature", "geometry": {"type": "Point", "coordinates": [126.951189, 37.462884]}, "properties": {"building": "16", "name": "사회과학관", "entrance_no": "1", "lat": "37.462884", "lon": "126.951189", "ground_m": "79.0", "rel_to_1f_m": "-3.4", "floor_est": "지하1층", "floor_checked": "", "kind": "yes", "source": "osm-entrance", "osm_id": "4564809464", "osm_level": "", "note": ""}}, {"type": "Feature", "geometry": {"type": "Point", "coordinates": [126.950839, 37.463247]}, "properties": {"building": "16", "name": "사회과학관", "entrance_no": "2", "lat": "37.463247", "lon": "126.950839", "ground_m": "80.0", "rel_to_1f_m": "-2.5", "floor_est": "지하1층", "floor_checked": "", "kind": "yes", "source": "osm-entrance", "osm_id": "14007509789", "osm_level": "", "note": ""}}, {"type": "Feature", "geometry": {"type": "Point", "coordinates": [126.951096, 37.463354]}, "properties": {"building": "16", "name": "사회과학관", "entrance_no": "3", "lat": "37.463354", "lon": "126.951096", "ground_m": "81.4", "rel_to_1f_m": "-1.1", "floor_est": "1층", "floor_checked": "", "kind": "yes", "source": "osm-entrance", "osm_id": "4564809455", "osm_level": "", "note": ""}}, {"type": "Feature", "geometry": {"type": "Point", "coordinates": [126.950875, 37.463954]}, "properties": {"building": "16", "name": "사회과학관", "entrance_no": "4", "lat": "37.463954", "lon": "126.950875", "ground_m": "83.8", "rel_to_1f_m": "+1.3", "floor_est": "1층", "floor_checked": "", "kind": "yes", "source": "osm-entrance", "osm_id": "4564809456", "osm_level": "", "note": ""}}, {"type": "Feature", "geometry": {"type": "Point", "coordinates": [126.951291, 37.464238]}, "properties": {"building": "16", "name": "사회과학관", "entrance_no": "5", "lat": "37.464238", "lon": "126.951291", "ground_m": "84.0", "rel_to_1f_m": "+1.5", "floor_est": "1층", "floor_checked": "", "kind": "yes", "source": "osm-entrance", "osm_id": "4564809460", "osm_level": "", "note": ""}}, {"type": "Feature", "geometry": {"type": "Point", "coordinates": [126.951244, 37.464043]}, "properties": {"building": "16", "name": "사회과학관", "entrance_no": "6", "lat": "37.464043", "lon": "126.951244", "ground_m": "84.9", "rel_to_1f_m": "+2.4", "floor_est": "2층", "floor_checked": "", "kind": "yes", "source": "osm-entrance", "osm_id": "4564809461", "osm_level": "", "note": ""}}, {"type": "Feature", "geometry": {"type": "Point", "coordinates": [126.950808, 37.462806]}, "properties": {"building": "16-1", "name": "신양학술정보관Ⅲ", "entrance_no": "1", "lat": "37.462806", "lon": "126.950808", "ground_m": "75.7", "rel_to_1f_m": "-2.0", "floor_est": "지하1층", "floor_checked": "", "kind": "yes", "source": "osm-entrance", "osm_id": "4564809466", "osm_level": "", "note": ""}}, {"type": "Feature", "geometry": {"type": "Point", "coordinates": [126.950823, 37.462615]}, "properties": {"building": "16-1", "name": "신양학술정보관Ⅲ", "entrance_no": "2", "lat": "37.462615", "lon": "126.950823", "ground_m": "76.5", "rel_to_1f_m": "-1.2", "floor_est": "1층", "floor_checked": "", "kind": "yes", "source": "osm-entrance", "osm_id": "4564809469", "osm_level": "", "note": ""}}, {"type": "Feature", "geometry": {"type": "Point", "coordinates": [126.950974, 37.462631]}, "properties": {"building": "16-1", "name": "신양학술정보관Ⅲ", "entrance_no": "3", "lat": "37.462631", "lon": "126.950974", "ground_m": "77.8", "rel_to_1f_m": "+0.0", "floor_est": "1층", "floor_checked": "", "kind": "yes", "source": "osm-entrance", "osm_id": "4564809470", "osm_level": "", "note": ""}}, {"type": "Feature", "geometry": {"type": "Point", "coordinates": [126.951122, 37.462836]}, "properties": {"building": "16-1", "name": "신양학술정보관Ⅲ", "entrance_no": "4", "lat": "37.462836", "lon": "126.951122", "ground_m": "78.3", "rel_to_1f_m": "+0.6", "floor_est": "1층", "floor_checked": "", "kind": "yes", "source": "osm-entrance", "osm_id": "4564809465", "osm_level": "", "note": ""}}, {"type": "Feature", "geometry": {"type": "Point", "coordinates": [126.951232, 37.462777]}, "properties": {"building": "16-1", "name": "신양학술정보관Ⅲ", "entrance_no": "5", "lat": "37.462777", "lon": "126.951232", "ground_m": "79.3", "rel_to_1f_m": "+1.6", "floor_est": "1층", "floor_checked": "", "kind": "", "source": "osm-path-end", "osm_id": "456487343", "osm_level": "", "note": ""}}, {"type": "Feature", "geometry": {"type": "Point", "coordinates": [126.951835, 37.462737]}, "properties": {"building": "17", "name": "법학관2", "entrance_no": "1", "lat": "37.462737", "lon": "126.951835", "ground_m": "84.3", "rel_to_1f_m": "-0.1", "floor_est": "1층", "floor_checked": "", "kind": "yes", "source": "osm-entrance", "osm_id": "4564809467", "osm_level": "", "note": ""}}, {"type": "Feature", "geometry": {"type": "Point", "coordinates": [126.952009, 37.462691]}, "properties": {"building": "17", "name": "법학관2", "entrance_no": "2", "lat": "37.462691", "lon": "126.952009", "ground_m": "85.6", "rel_to_1f_m": "+1.2", "floor_est": "1층", "floor_checked": "", "kind": "yes", "source": "osm-entrance", "osm_id": "4564809468", "osm_level": "", "note": ""}}, {"type": "Feature", "geometry": {"type": "Point", "coordinates": [126.952687, 37.456774]}, "properties": {"building": "18", "name": "자연과학관1", "entrance_no": "1", "lat": "37.456774", "lon": "126.952687", "ground_m": "128.5", "rel_to_1f_m": "-0.2", "floor_est": "1층", "floor_checked": "", "kind": "yes", "source": "osm-entrance", "osm_id": "4564998581", "osm_level": "", "note": ""}}, {"type": "Feature", "geometry": {"type": "Point", "coordinates": [126.952642, 37.456184]}, "properties": {"building": "19", "name": "자연과학관2", "entrance_no": "1", "lat": "37.456184", "lon": "126.952642", "ground_m": "126.6", "rel_to_1f_m": "-1.7", "floor_est": "1층", "floor_checked": "", "kind": "yes", "source": "osm-entrance", "osm_id": "4564998582", "osm_level": "", "note": ""}}, {"type": "Feature", "geometry": {"type": "Point", "coordinates": [126.952764, 37.455903]}, "properties": {"building": "19", "name": "자연과학관2", "entrance_no": "2", "lat": "37.455903", "lon": "126.952764", "ground_m": "129.5", "rel_to_1f_m": "+1.2", "floor_est": "1층", "floor_checked": "", "kind": "yes", "source": "osm-entrance", "osm_id": "13617795539", "osm_level": "", "note": ""}}, {"type": "Feature", "geometry": {"type": "Point", "coordinates": [126.952595, 37.458582]}, "properties": {"building": "20", "name": "약학관3", "entrance_no": "1", "lat": "37.458582", "lon": "126.952595", "ground_m": "115.6", "rel_to_1f_m": "-2.8", "floor_est": "지하1층", "floor_checked": "", "kind": "yes", "source": "osm-entrance", "osm_id": "4564809439", "osm_level": "", "note": ""}}, {"type": "Feature", "geometry": {"type": "Point", "coordinates": [126.952446, 37.458363]}, "properties": {"building": "20", "name": "약학관3", "entrance_no": "2", "lat": "37.458363", "lon": "126.952446", "ground_m": "117.8", "rel_to_1f_m": "-0.7", "floor_est": "1층", "floor_checked": "", "kind": "yes", "source": "osm-entrance", "osm_id": "4332551611", "osm_level": "", "note": ""}}, {"type": "Feature", "geometry": {"type": "Point", "coordinates": [126.952578, 37.458314]}, "properties": {"building": "20", "name": "약학관3", "entrance_no": "3", "lat": "37.458314", "lon": "126.952578", "ground_m": "119.3", "rel_to_1f_m": "+0.8", "floor_est": "1층", "floor_checked": "", "kind": "yes", "source": "osm-entrance", "osm_id": "4332551614", "osm_level": "", "note": ""}}, {"type": "Feature", "geometry": {"type": "Point", "coordinates": [126.952739, 37.458433]}, "properties": {"building": "20", "name": "약학관3", "entrance_no": "4", "lat": "37.458433", "lon": "126.952739", "ground_m": "119.3", "rel_to_1f_m": "+0.8", "floor_est": "1층", "floor_checked": "", "kind": "yes", "source": "osm-entrance", "osm_id": "4564809440", "osm_level": "", "note": ""}}, {"type": "Feature", "geometry": {"type": "Point", "coordinates": [126.953061, 37.458671]}, "properties": {"building": "20", "name": "약학관3", "entrance_no": "5", "lat": "37.458671", "lon": "126.953061", "ground_m": "120.8", "rel_to_1f_m": "+2.3", "floor_est": "2층", "floor_checked": "", "kind": "yes", "source": "osm-entrance", "osm_id": "4564809438", "osm_level": "", "note": ""}}, {"type": "Feature", "geometry": {"type": "Point", "coordinates": [126.952012, 37.457439]}, "properties": {"building": "21", "name": "약학관1", "entrance_no": "1", "lat": "37.457439", "lon": "126.952012", "ground_m": "118.2", "rel_to_1f_m": "-0.3", "floor_est": "1층", "floor_checked": "", "kind": "yes", "source": "osm-entrance", "osm_id": "4332551622", "osm_level": "", "note": ""}}, {"type": "Feature", "geometry": {"type": "Point", "coordinates": [126.950927, 37.458093]}, "properties": {"building": "22", "name": "자연과학관4", "entrance_no": "1", "lat": "37.458093", "lon": "126.950927", "ground_m": "96.9", "rel_to_1f_m": "-2.0", "floor_est": "지하1층", "floor_checked": "", "kind": "yes", "source": "osm-entrance", "osm_id": "4562088385", "osm_level": "", "note": ""}}, {"type": "Feature", "geometry": {"type": "Point", "coordinates": [126.951148, 37.458261]}, "properties": {"building": "22", "name": "자연과학관4", "entrance_no": "2", "lat": "37.458261", "lon": "126.951148", "ground_m": "98.5", "rel_to_1f_m": "-0.4", "floor_est": "1층", "floor_checked": "", "kind": "yes", "source": "osm-entrance", "osm_id": "4562088384", "osm_level": "", "note": ""}}, {"type": "Feature", "geometry": {"type": "Point", "coordinates": [126.950752, 37.457527]}, "properties": {"building": "22", "name": "자연과학관4", "entrance_no": "3", "lat": "37.457527", "lon": "126.950752", "ground_m": "99.1", "rel_to_1f_m": "+0.2", "floor_est": "1층", "floor_checked": "", "kind": "yes", "source": "osm-entrance", "osm_id": "4562088388", "osm_level": "", "note": ""}}, {"type": "Feature", "geometry": {"type": "Point", "coordinates": [126.950913, 37.457599]}, "properties": {"building": "22", "name": "자연과학관4", "entrance_no": "4", "lat": "37.457599", "lon": "126.950913", "ground_m": "100.1", "rel_to_1f_m": "+1.2", "floor_est": "1층", "floor_checked": "", "kind": "yes", "source": "osm-entrance", "osm_id": "4562088387", "osm_level": "", "note": ""}}, {"type": "Feature", "geometry": {"type": "Point", "coordinates": [126.95115, 37.458033]}, "properties": {"building": "22", "name": "자연과학관4", "entrance_no": "5", "lat": "37.458033", "lon": "126.951150", "ground_m": "101.1", "rel_to_1f_m": "+2.2", "floor_est": "2층", "floor_checked": "", "kind": "yes", "source": "osm-entrance", "osm_id": "4562088386", "osm_level": "", "note": ""}}, {"type": "Feature", "geometry": {"type": "Point", "coordinates": [126.950781, 37.458677]}, "properties": {"building": "23", "name": "자연과학관5", "entrance_no": "1", "lat": "37.458677", "lon": "126.950781", "ground_m": "92.8", "rel_to_1f_m": "-2.4", "floor_est": "지하1층", "floor_checked": "", "kind": "yes", "source": "osm-entrance", "osm_id": "4562088379", "osm_level": "", "note": ""}}, {"type": "Feature", "geometry": {"type": "Point", "coordinates": [126.951091, 37.458458]}, "properties": {"building": "23", "name": "자연과학관5", "entrance_no": "2", "lat": "37.458458", "lon": "126.951091", "ground_m": "95.7", "rel_to_1f_m": "+0.5", "floor_est": "1층", "floor_checked": "", "kind": "yes", "source": "osm-entrance", "osm_id": "4562088380", "osm_level": "", "note": ""}}, {"type": "Feature", "geometry": {"type": "Point", "coordinates": [126.951299, 37.458433]}, "properties": {"building": "23", "name": "자연과학관5", "entrance_no": "3", "lat": "37.458433", "lon": "126.951299", "ground_m": "99.0", "rel_to_1f_m": "+3.7", "floor_est": "2층", "floor_checked": "", "kind": "yes", "source": "osm-entrance", "osm_id": "4562088381", "osm_level": "", "note": ""}}, {"type": "Feature", "geometry": {"type": "Point", "coordinates": [126.950091, 37.459774]}, "properties": {"building": "24", "name": "자연과학관6", "entrance_no": "1", "lat": "37.459774", "lon": "126.950091", "ground_m": "87.0", "rel_to_1f_m": "-1.3", "floor_est": "1층", "floor_checked": "", "kind": "yes", "source": "osm-entrance", "osm_id": "4562088355", "osm_level": "", "note": ""}}, {"type": "Feature", "geometry": {"type": "Point", "coordinates": [126.950153, 37.459621]}, "properties": {"building": "24", "name": "자연과학관6", "entrance_no": "2", "lat": "37.459621", "lon": "126.950153", "ground_m": "87.7", "rel_to_1f_m": "-0.6", "floor_est": "1층", "floor_checked": "", "kind": "yes", "source": "osm-entrance", "osm_id": "4562088356", "osm_level": "", "note": ""}}, {"type": "Feature", "geometry": {"type": "Point", "coordinates": [126.949737, 37.45908]}, "properties": {"building": "24", "name": "자연과학관6", "entrance_no": "3", "lat": "37.459080", "lon": "126.949737", "ground_m": "88.5", "rel_to_1f_m": "+0.3", "floor_est": "1층", "floor_checked": "", "kind": "yes", "source": "osm-entrance", "osm_id": "4562088362", "osm_level": "", "note": ""}}, {"type": "Feature", "geometry": {"type": "Point", "coordinates": [126.949973, 37.459269]}, "properties": {"building": "24", "name": "자연과학관6", "entrance_no": "4", "lat": "37.459269", "lon": "126.949973", "ground_m": "88.9", "rel_to_1f_m": "+0.6", "floor_est": "1층", "floor_checked": "", "kind": "yes", "source": "osm-entrance", "osm_id": "4562088357", "osm_level": "", "note": ""}}, {"type": "Feature", "geometry": {"type": "Point", "coordinates": [126.950138, 37.459097]}, "properties": {"building": "25", "name": "자연과학관7", "entrance_no": "1", "lat": "37.459097", "lon": "126.950138", "ground_m": "89.1", "rel_to_1f_m": "+0.0", "floor_est": "1층", "floor_checked": "", "kind": "yes", "source": "osm-entrance", "osm_id": "4562088370", "osm_level": "", "note": ""}}, {"type": "Feature", "geometry": {"type": "Point", "coordinates": [126.950142, 37.458844]}, "properties": {"building": "25", "name": "자연과학관7", "entrance_no": "2", "lat": "37.458844", "lon": "126.950142", "ground_m": "89.2", "rel_to_1f_m": "+0.1", "floor_est": "1층", "floor_checked": "", "kind": "", "source": "osm-path-join", "osm_id": "455015958", "osm_level": "", "note": ""}}, {"type": "Feature", "geometry": {"type": "Point", "coordinates": [126.94978, 37.458369]}, "properties": {"building": "25", "name": "자연과학관7", "entrance_no": "3", "lat": "37.458369", "lon": "126.949780", "ground_m": "89.3", "rel_to_1f_m": "+0.2", "floor_est": "1층", "floor_checked": "", "kind": "yes", "source": "osm-entrance", "osm_id": "4562088374", "osm_level": "", "note": ""}}, {"type": "Feature", "geometry": {"type": "Point", "coordinates": [126.950257, 37.459067]}, "properties": {"building": "25", "name": "자연과학관7", "entrance_no": "4", "lat": "37.459067", "lon": "126.950257", "ground_m": "89.3", "rel_to_1f_m": "+0.2", "floor_est": "1층", "floor_checked": "", "kind": "", "source": "osm-path-end", "osm_id": "300590318", "osm_level": "", "note": ""}}, {"type": "Feature", "geometry": {"type": "Point", "coordinates": [126.949923, 37.458406]}, "properties": {"building": "25", "name": "자연과학관7", "entrance_no": "5", "lat": "37.458406", "lon": "126.949923", "ground_m": "89.4", "rel_to_1f_m": "+0.3", "floor_est": "1층", "floor_checked": "", "kind": "", "source": "osm-path-join", "osm_id": "455015957", "osm_level": "", "note": ""}}, {"type": "Feature", "geometry": {"type": "Point", "coordinates": [126.949675, 37.458954]}, "properties": {"building": "25-1", "name": "자연대강의및실험연구동(25-1동)", "entrance_no": "1", "lat": "37.458954", "lon": "126.949675", "ground_m": "88.7", "rel_to_1f_m": "+0.7", "floor_est": "1층", "floor_checked": "", "kind": "yes", "source": "osm-entrance", "osm_id": "4562088371", "osm_level": "", "note": ""}}, {"type": "Feature", "geometry": {"type": "Point", "coordinates": [126.950185, 37.458815]}, "properties": {"building": "26", "name": "자연과학관8", "entrance_no": "1", "lat": "37.458815", "lon": "126.950185", "ground_m": "89.3", "rel_to_1f_m": "-1.3", "floor_est": "1층", "floor_checked": "", "kind": "", "source": "osm-path-join", "osm_id": "455015958", "osm_level": "", "note": ""}}, {"type": "Feature", "geometry": {"type": "Point", "coordinates": [126.950034, 37.458329]}, "properties": {"building": "27", "name": "자연과학관9", "entrance_no": "1", "lat": "37.458329", "lon": "126.950034", "ground_m": "90.0", "rel_to_1f_m": "-2.3", "floor_est": "지하1층", "floor_checked": "", "kind": "yes", "source": "osm-entrance", "osm_id": "4562088375", "osm_level": "", "note": ""}}, {"type": "Feature", "geometry": {"type": "Point", "coordinates": [126.950211, 37.458182]}, "properties": {"building": "27", "name": "자연과학관9", "entrance_no": "2", "lat": "37.458182", "lon": "126.950211", "ground_m": "91.3", "rel_to_1f_m": "-0.9", "floor_est": "1층", "floor_checked": "", "kind": "yes", "source": "osm-entrance", "osm_id": "1790388362", "osm_level": "", "note": ""}}, {"type": "Feature", "geometry": {"type": "Point", "coordinates": [126.949833, 37.457949]}, "properties": {"building": "27", "name": "자연과학관9", "entrance_no": "3", "lat": "37.457949", "lon": "126.949833", "ground_m": "92.5", "rel_to_1f_m": "+0.3", "floor_est": "1층", "floor_checked": "", "kind": "yes", "source": "osm-entrance", "osm_id": "4562088376", "osm_level": "", "note": ""}}, {"type": "Feature", "geometry": {"type": "Point", "coordinates": [126.949845, 37.457704]}, "properties": {"building": "27", "name": "자연과학관9", "entrance_no": "4", "lat": "37.457704", "lon": "126.949845", "ground_m": "94.3", "rel_to_1f_m": "+2.0", "floor_est": "2층", "floor_checked": "", "kind": "yes", "source": "osm-entrance", "osm_id": "4562088378", "osm_level": "", "note": ""}}, {"type": "Feature", "geometry": {"type": "Point", "coordinates": [126.95032, 37.457782]}, "properties": {"building": "28", "name": "자연대(대형)", "entrance_no": "1", "lat": "37.457782", "lon": "126.950320", "ground_m": "95.0", "rel_to_1f_m": "-1.3", "floor_est": "1층", "floor_checked": "", "kind": "yes", "source": "osm-entrance", "osm_id": "1790388389", "osm_level": "", "note": ""}}, {"type": "Feature", "geometry": {"type": "Point", "coordinates": [126.950115, 37.457502]}, "properties": {"building": "28", "name": "자연대(대형)", "entrance_no": "2", "lat": "37.457502", "lon": "126.950115", "ground_m": "97.1", "rel_to_1f_m": "+0.8", "floor_est": "1층", "floor_checked": "", "kind": "", "source": "osm-path-join", "osm_id": "167658422", "osm_level": "", "note": ""}}, {"type": "Feature", "geometry": {"type": "Point", "coordinates": [126.950268, 37.457524]}, "properties": {"building": "28", "name": "자연대(대형)", "entrance_no": "3", "lat": "37.457524", "lon": "126.950268", "ground_m": "97.7", "rel_to_1f_m": "+1.4", "floor_est": "1층", "floor_checked": "", "kind": "yes", "source": "osm-entrance", "osm_id": "4562088383", "osm_level": "", "note": ""}}, {"type": "Feature", "geometry": {"type": "Point", "coordinates": [126.950777, 37.456574]}, "properties": {"building": "30", "name": "공학관1", "entrance_no": "1", "lat": "37.456574", "lon": "126.950777", "ground_m": "108.3", "rel_to_1f_m": "+2.3", "floor_est": "2층", "floor_checked": "", "kind": "yes", "source": "osm-entrance", "osm_id": "4564998563", "osm_level": "", "note": ""}}, {"type": "Feature", "geometry": {"type": "Point", "coordinates": [126.950916, 37.456524]}, "properties": {"building": "30", "name": "공학관1", "entrance_no": "2", "lat": "37.456524", "lon": "126.950916", "ground_m": "108.5", "rel_to_1f_m": "+2.5", "floor_est": "2층", "floor_checked": "", "kind": "yes", "source": "osm-entrance", "osm_id": "4564998562", "osm_level": "", "note": ""}}, {"type": "Feature", "geometry": {"type": "Point", "coordinates": [126.95094, 37.456364]}, "properties": {"building": "30", "name": "공학관1", "entrance_no": "3", "lat": "37.456364", "lon": "126.950940", "ground_m": "109.1", "rel_to_1f_m": "+3.1", "floor_est": "2층", "floor_checked": "", "kind": "yes", "source": "osm-entrance", "osm_id": "4564998570", "osm_level": "", "note": ""}}, {"type": "Feature", "geometry": {"type": "Point", "coordinates": [126.950305, 37.457164]}, "properties": {"building": "31", "name": "공학관2", "entrance_no": "1", "lat": "37.457164", "lon": "126.950305", "ground_m": "102.6", "rel_to_1f_m": "-0.3", "floor_est": "1층", "floor_checked": "", "kind": "yes", "source": "osm-entrance", "osm_id": "4564998559", "osm_level": "", "note": ""}}, {"type": "Feature", "geometry": {"type": "Point", "coordinates": [126.950018, 37.456916]}, "properties": {"building": "31", "name": "공학관2", "entrance_no": "2", "lat": "37.456916", "lon": "126.950018", "ground_m": "105.0", "rel_to_1f_m": "+2.1", "floor_est": "2층", "floor_checked": "", "kind": "yes", "source": "osm-entrance", "osm_id": "4564998557", "osm_level": "", "note": ""}}, {"type": "Feature", "geometry": {"type": "Point", "coordinates": [126.950237, 37.456934]}, "properties": {"building": "31", "name": "공학관2", "entrance_no": "3", "lat": "37.456934", "lon": "126.950237", "ground_m": "105.0", "rel_to_1f_m": "+2.1", "floor_est": "2층", "floor_checked": "", "kind": "yes", "source": "osm-entrance", "osm_id": "4564998558", "osm_level": "", "note": ""}}, {"type": "Feature", "geometry": {"type": "Point", "coordinates": [126.949776, 37.456362]}, "properties": {"building": "32", "name": "공학관3", "entrance_no": "1", "lat": "37.456362", "lon": "126.949776", "ground_m": "105.0", "rel_to_1f_m": "-0.5", "floor_est": "1층", "floor_checked": "", "kind": "", "source": "osm-path-end", "osm_id": "457001540", "osm_level": "", "note": ""}}, {"type": "Feature", "geometry": {"type": "Point", "coordinates": [126.949669, 37.456308]}, "properties": {"building": "32-1", "name": "해동학술문화관(32-1동)", "entrance_no": "1", "lat": "37.456308", "lon": "126.949669", "ground_m": "105.0", "rel_to_1f_m": "+0.0", "floor_est": "1층", "floor_checked": "", "kind": "", "source": "osm-path-join", "osm_id": "389628252", "osm_level": "", "note": ""}}, {"type": "Feature", "geometry": {"type": "Point", "coordinates": [126.949874, 37.456252]}, "properties": {"building": "32-1", "name": "해동학술문화관(32-1동)", "entrance_no": "2", "lat": "37.456252", "lon": "126.949874", "ground_m": "105.0", "rel_to_1f_m": "+0.0", "floor_est": "1층", "floor_checked": "", "kind": "", "source": "osm-path-join", "osm_id": "1544714454", "osm_level": "", "note": ""}}, {"type": "Feature", "geometry": {"type": "Point", "coordinates": [126.949918, 37.456068]}, "properties": {"building": "32-1", "name": "해동학술문화관(32-1동)", "entrance_no": "3", "lat": "37.456068", "lon": "126.949918", "ground_m": "105.0", "rel_to_1f_m": "+0.0", "floor_est": "1층", "floor_checked": "", "kind": "", "source": "osm-path-end", "osm_id": "1544778677", "osm_level": "", "note": ""}}, {"type": "Feature", "geometry": {"type": "Point", "coordinates": [126.950242, 37.456137]}, "properties": {"building": "33", "name": "공학관4", "entrance_no": "1", "lat": "37.456137", "lon": "126.950242", "ground_m": "105.7", "rel_to_1f_m": "-2.0", "floor_est": "1층", "floor_checked": "", "kind": "yes", "source": "osm-entrance", "osm_id": "4564998568", "osm_level": "", "note": ""}}, {"type": "Feature", "geometry": {"type": "Point", "coordinates": [126.950693, 37.456165]}, "properties": {"building": "33", "name": "공학관4", "entrance_no": "2", "lat": "37.456165", "lon": "126.950693", "ground_m": "108.6", "rel_to_1f_m": "+1.0", "floor_est": "1층", "floor_checked": "", "kind": "yes", "source": "osm-entrance", "osm_id": "4564998569", "osm_level": "", "note": ""}}, {"type": "Feature", "geometry": {"type": "Point", "coordinates": [126.951337, 37.456167]}, "properties": {"building": "34", "name": "공학관5", "entrance_no": "1", "lat": "37.456167", "lon": "126.951337", "ground_m": "110.9", "rel_to_1f_m": "-4.5", "floor_est": "지하1층", "floor_checked": "", "kind": "yes", "source": "osm-entrance", "osm_id": "13617883882", "osm_level": "", "note": ""}}, {"type": "Feature", "geometry": {"type": "Point", "coordinates": [126.951668, 37.455869]}, "properties": {"building": "34", "name": "공학관5", "entrance_no": "2", "lat": "37.455869", "lon": "126.951668", "ground_m": "119.3", "rel_to_1f_m": "+3.9", "floor_est": "2층", "floor_checked": "", "kind": "yes", "source": "osm-entrance", "osm_id": "13617883883", "osm_level": "", "note": ""}}, {"type": "Feature", "geometry": {"type": "Point", "coordinates": [126.95197, 37.456127]}, "properties": {"building": "35", "name": "공학관6", "entrance_no": "1", "lat": "37.456127", "lon": "126.951970", "ground_m": "115.0", "rel_to_1f_m": "-2.8", "floor_est": "지하1층", "floor_checked": "", "kind": "", "source": "osm-path-join", "osm_id": "460919047", "osm_level": "", "note": ""}}, {"type": "Feature", "geometry": {"type": "Point", "coordinates": [126.952217, 37.456479]}, "properties": {"building": "35", "name": "공학관6", "entrance_no": "2", "lat": "37.456479", "lon": "126.952217", "ground_m": "119.6", "rel_to_1f_m": "+1.9", "floor_est": "1층", "floor_checked": "", "kind": "yes", "source": "osm-entrance", "osm_id": "8298752817", "osm_level": "", "note": ""}}, {"type": "Feature", "geometry": {"type": "Point", "coordinates": [126.952108, 37.457042]}, "properties": {"building": "35", "name": "공학관6", "entrance_no": "3", "lat": "37.457042", "lon": "126.952108", "ground_m": "121.3", "rel_to_1f_m": "+3.6", "floor_est": "2층", "floor_checked": "", "kind": "yes", "source": "osm-entrance", "osm_id": "8298752917", "osm_level": "", "note": ""}}, {"type": "Feature", "geometry": {"type": "Point", "coordinates": [126.951078, 37.455411]}, "properties": {"building": "36", "name": "공학관7", "entrance_no": "1", "lat": "37.455411", "lon": "126.951078", "ground_m": "113.5", "rel_to_1f_m": "-2.5", "floor_est": "지하1층", "floor_checked": "", "kind": "yes", "source": "osm-entrance", "osm_id": "13617795535", "osm_level": "", "note": ""}}, {"type": "Feature", "geometry": {"type": "Point", "coordinates": [126.951798, 37.455577]}, "properties": {"building": "36", "name": "공학관7", "entrance_no": "2", "lat": "37.455577", "lon": "126.951798", "ground_m": "117.6", "rel_to_1f_m": "+1.7", "floor_est": "1층", "floor_checked": "", "kind": "yes", "source": "osm-entrance", "osm_id": "4564998587", "osm_level": "", "note": ""}}, {"type": "Feature", "geometry": {"type": "Point", "coordinates": [126.950704, 37.456048]}, "properties": {"building": "37", "name": "공학관8", "entrance_no": "1", "lat": "37.456048", "lon": "126.950704", "ground_m": "108.5", "rel_to_1f_m": "-2.0", "floor_est": "지하1층", "floor_checked": "", "kind": "yes", "source": "osm-entrance", "osm_id": "4564998583", "osm_level": "", "note": ""}}, {"type": "Feature", "geometry": {"type": "Point", "coordinates": [126.950869, 37.455911]}, "properties": {"building": "37", "name": "공학관8", "entrance_no": "2", "lat": "37.455911", "lon": "126.950869", "ground_m": "109.9", "rel_to_1f_m": "-0.6", "floor_est": "1층", "floor_checked": "", "kind": "yes", "source": "osm-entrance", "osm_id": "4564998584", "osm_level": "", "note": ""}}, {"type": "Feature", "geometry": {"type": "Point", "coordinates": [126.950944, 37.455404]}, "properties": {"building": "37", "name": "공학관8", "entrance_no": "3", "lat": "37.455404", "lon": "126.950944", "ground_m": "113.2", "rel_to_1f_m": "+2.6", "floor_est": "2층", "floor_checked": "", "kind": "yes", "source": "osm-entrance", "osm_id": "4564998585", "osm_level": "", "note": ""}}, {"type": "Feature", "geometry": {"type": "Point", "coordinates": [126.950802, 37.455115]}, "properties": {"building": "38", "name": "글로벌공학교육센터", "entrance_no": "1", "lat": "37.455115", "lon": "126.950802", "ground_m": "115.2", "rel_to_1f_m": "-1.7", "floor_est": "1층", "floor_checked": "", "kind": "yes", "source": "osm-entrance", "osm_id": "4531601928", "osm_level": "", "note": ""}}, {"type": "Feature", "geometry": {"type": "Point", "coordinates": [126.950102, 37.455045]}, "properties": {"building": "38", "name": "글로벌공학교육센터", "entrance_no": "2", "lat": "37.455045", "lon": "126.950102", "ground_m": "115.3", "rel_to_1f_m": "-1.7", "floor_est": "1층", "floor_checked": "", "kind": "yes", "source": "osm-entrance", "osm_id": "1084800604", "osm_level": "", "note": ""}}, {"type": "Feature", "geometry": {"type": "Point", "coordinates": [126.950545, 37.455089]}, "properties": {"building": "38", "name": "글로벌공학교육센터", "entrance_no": "3", "lat": "37.455089", "lon": "126.950545", "ground_m": "115.3", "rel_to_1f_m": "-1.7", "floor_est": "1층", "floor_checked": "", "kind": "yes", "source": "osm-entrance", "osm_id": "4531601930", "osm_level": "", "note": ""}}, {"type": "Feature", "geometry": {"type": "Point", "coordinates": [126.950912, 37.455126]}, "properties": {"building": "38", "name": "글로벌공학교육센터", "entrance_no": "4", "lat": "37.455126", "lon": "126.950912", "ground_m": "115.3", "rel_to_1f_m": "-1.7", "floor_est": "1층", "floor_checked": "", "kind": "", "source": "osm-path-end", "osm_id": "1544778673", "osm_level": "", "note": ""}}, {"type": "Feature", "geometry": {"type": "Point", "coordinates": [126.951823, 37.454583]}, "properties": {"building": "39", "name": "대학원연구동(1단계)", "entrance_no": "1", "lat": "37.454583", "lon": "126.951823", "ground_m": "121.5", "rel_to_1f_m": "+1.1", "floor_est": "1층", "floor_checked": "", "kind": "", "source": "osm-path-end", "osm_id": "460919053", "osm_level": "", "note": ""}}, {"type": "Feature", "geometry": {"type": "Point", "coordinates": [126.951498, 37.454361]}, "properties": {"building": "39", "name": "대학원연구동(1단계)", "entrance_no": "2", "lat": "37.454361", "lon": "126.951498", "ground_m": "122.3", "rel_to_1f_m": "+1.9", "floor_est": "1층", "floor_checked": "", "kind": "yes", "source": "osm-entrance", "osm_id": "4564999901", "osm_level": "", "note": ""}}, {"type": "Feature", "geometry": {"type": "Point", "coordinates": [126.951591, 37.4543]}, "properties": {"building": "40", "name": "풍동실험동1", "entrance_no": "1", "lat": "37.454300", "lon": "126.951591", "ground_m": "123.5", "rel_to_1f_m": "-0.6", "floor_est": "1층", "floor_checked": "", "kind": "", "source": "osm-path-end", "osm_id": "386814646", "osm_level": "", "note": ""}}, {"type": "Feature", "geometry": {"type": "Point", "coordinates": [126.951311, 37.454126]}, "properties": {"building": "40", "name": "풍동실험동1", "entrance_no": "2", "lat": "37.454126", "lon": "126.951311", "ground_m": "124.6", "rel_to_1f_m": "+0.5", "floor_est": "1층", "floor_checked": "", "kind": "yes", "source": "osm-entrance", "osm_id": "4564999914", "osm_level": "", "note": ""}}, {"type": "Feature", "geometry": {"type": "Point", "coordinates": [126.952347, 37.455145]}, "properties": {"building": "42", "name": "선형수조실험동", "entrance_no": "1", "lat": "37.455145", "lon": "126.952347", "ground_m": "132.0", "rel_to_1f_m": "-2.1", "floor_est": "지하1층", "floor_checked": "", "kind": "yes", "source": "osm-entrance", "osm_id": "4564999915", "osm_level": "", "note": ""}}, {"type": "Feature", "geometry": {"type": "Point", "coordinates": [126.951567, 37.457311]}, "properties": {"building": "43", "name": "데이터사이언스대학원 및 공과대학 강의동 1", "entrance_no": "1", "lat": "37.457311", "lon": "126.951567", "ground_m": "113.6", "rel_to_1f_m": "-1.7", "floor_est": "1층", "floor_checked": "", "kind": "yes", "source": "osm-entrance", "osm_id": "4564998573", "osm_level": "", "note": ""}}, {"type": "Feature", "geometry": {"type": "Point", "coordinates": [126.951247, 37.45668]}, "properties": {"building": "43-1", "name": "이공계멀티미디어강의동(43-1동)", "entrance_no": "1", "lat": "37.456680", "lon": "126.951247", "ground_m": "109.5", "rel_to_1f_m": "-1.0", "floor_est": "1층", "floor_checked": "", "kind": "yes", "source": "osm-entrance", "osm_id": "4564998571", "osm_level": "", "note": ""}}, {"type": "Feature", "geometry": {"type": "Point", "coordinates": [126.951458, 37.456788]}, "properties": {"building": "43-1", "name": "이공계멀티미디어강의동(43-1동)", "entrance_no": "2", "lat": "37.456788", "lon": "126.951458", "ground_m": "111.2", "rel_to_1f_m": "+0.7", "floor_est": "1층", "floor_checked": "", "kind": "yes", "source": "osm-entrance", "osm_id": "4564998572", "osm_level": "", "note": ""}}, {"type": "Feature", "geometry": {"type": "Point", "coordinates": [126.951545, 37.456729]}, "properties": {"building": "43-1", "name": "이공계멀티미디어강의동(43-1동)", "entrance_no": "3", "lat": "37.456729", "lon": "126.951545", "ground_m": "111.9", "rel_to_1f_m": "+1.4", "floor_est": "1층", "floor_checked": "", "kind": "", "source": "osm-path-end", "osm_id": "457001556", "osm_level": "", "note": ""}}, {"type": "Feature", "geometry": {"type": "Point", "coordinates": [126.951352, 37.457043]}, "properties": {"building": "43-2", "name": "관악 43-2동[데이터사이언스대학원 및 공과대학 강의동 2]", "entrance_no": "1", "lat": "37.457043", "lon": "126.951352", "ground_m": "110.5", "rel_to_1f_m": "+3.0", "floor_est": "2층", "floor_checked": "", "kind": "", "source": "osm-path-end", "osm_id": "457001553", "osm_level": "", "note": ""}}, {"type": "Feature", "geometry": {"type": "Point", "coordinates": [126.951975, 37.454708]}, "properties": {"building": "44", "name": "풍동실험동2", "entrance_no": "1", "lat": "37.454708", "lon": "126.951975", "ground_m": "125.0", "rel_to_1f_m": "-0.6", "floor_est": "1층", "floor_checked": "", "kind": "yes", "source": "osm-entrance", "osm_id": "4564999911", "osm_level": "", "note": ""}}, {"type": "Feature", "geometry": {"type": "Point", "coordinates": [126.951949, 37.455441]}, "properties": {"building": "44-1", "name": "신양학술정보관", "entrance_no": "1", "lat": "37.455441", "lon": "126.951949", "ground_m": "122.6", "rel_to_1f_m": "-3.1", "floor_est": "지하1층", "floor_checked": "", "kind": "", "source": "osm-path-end", "osm_id": "1485374568", "osm_level": "", "note": ""}}, {"type": "Feature", "geometry": {"type": "Point", "coordinates": [126.951953, 37.455135]}, "properties": {"building": "44-1", "name": "신양학술정보관", "entrance_no": "2", "lat": "37.455135", "lon": "126.951953", "ground_m": "123.8", "rel_to_1f_m": "-1.9", "floor_est": "1층", "floor_checked": "", "kind": "yes", "source": "osm-entrance", "osm_id": "4564999900", "osm_level": "", "note": ""}}, {"type": "Feature", "geometry": {"type": "Point", "coordinates": [126.952657, 37.45406]}, "properties": {"building": "45", "name": "천문대(신)", "entrance_no": "1", "lat": "37.454060", "lon": "126.952657", "ground_m": "137.8", "rel_to_1f_m": "-0.8", "floor_est": "1층", "floor_checked": "", "kind": "yes", "source": "osm-entrance", "osm_id": "4564999932", "osm_level": "", "note": ""}}, {"type": "Feature", "geometry": {"type": "Point", "coordinates": [126.954192, 37.463557]}, "properties": {"building": "49", "name": "예술관연구동", "entrance_no": "1", "lat": "37.463557", "lon": "126.954192", "ground_m": "108.7", "rel_to_1f_m": "-6.0", "floor_est": "지하1층", "floor_checked": "", "kind": "yes", "source": "osm-entrance", "osm_id": "3902467478", "osm_level": "", "note": ""}}, {"type": "Feature", "geometry": {"type": "Point", "coordinates": [126.954166, 37.463336]}, "properties": {"building": "49", "name": "예술관연구동", "entrance_no": "2", "lat": "37.463336", "lon": "126.954166", "ground_m": "110.8", "rel_to_1f_m": "-3.8", "floor_est": "지하1층", "floor_checked": "", "kind": "yes", "source": "osm-entrance", "osm_id": "3902467472", "osm_level": "", "note": ""}}, {"type": "Feature", "geometry": {"type": "Point", "coordinates": [126.953837, 37.462984]}, "properties": {"building": "49", "name": "예술관연구동", "entrance_no": "3", "lat": "37.462984", "lon": "126.953837", "ground_m": "110.9", "rel_to_1f_m": "-3.8", "floor_est": "지하1층", "floor_checked": "", "kind": "yes", "source": "osm-entrance", "osm_id": "4564623360", "osm_level": "", "note": ""}}, {"type": "Feature", "geometry": {"type": "Point", "coordinates": [126.954367, 37.463552]}, "properties": {"building": "49", "name": "예술관연구동", "entrance_no": "4", "lat": "37.463552", "lon": "126.954367", "ground_m": "112.7", "rel_to_1f_m": "-1.9", "floor_est": "1층", "floor_checked": "", "kind": "yes", "source": "osm-entrance", "osm_id": "4752485021", "osm_level": "", "note": ""}}, {"type": "Feature", "geometry": {"type": "Point", "coordinates": [126.952327, 37.463162]}, "properties": {"building": "50", "name": "예술관(미대)1", "entrance_no": "1", "lat": "37.463162", "lon": "126.952327", "ground_m": "90.0", "rel_to_1f_m": "-1.1", "floor_est": "1층", "floor_checked": "", "kind": "yes", "source": "osm-entrance", "osm_id": "4564623341", "osm_level": "", "note": ""}}, {"type": "Feature", "geometry": {"type": "Point", "coordinates": [126.952556, 37.462722]}, "properties": {"building": "50", "name": "예술관(미대)1", "entrance_no": "2", "lat": "37.462722", "lon": "126.952556", "ground_m": "93.8", "rel_to_1f_m": "+2.7", "floor_est": "2층", "floor_checked": "", "kind": "yes", "source": "osm-entrance", "osm_id": "4564623339", "osm_level": "", "note": ""}}, {"type": "Feature", "geometry": {"type": "Point", "coordinates": [126.952565, 37.462865]}, "properties": {"building": "50", "name": "예술관(미대)1", "entrance_no": "3", "lat": "37.462865", "lon": "126.952565", "ground_m": "94.8", "rel_to_1f_m": "+3.8", "floor_est": "2층", "floor_checked": "", "kind": "yes", "source": "osm-entrance", "osm_id": "4564623340", "osm_level": "", "note": ""}}, {"type": "Feature", "geometry": {"type": "Point", "coordinates": [126.952522, 37.463452]}, "properties": {"building": "51", "name": "예술관(미대)2", "entrance_no": "1", "lat": "37.463452", "lon": "126.952522", "ground_m": "91.6", "rel_to_1f_m": "-1.7", "floor_est": "1층", "floor_checked": "", "kind": "yes", "source": "osm-entrance", "osm_id": "4373702873", "osm_level": "", "note": ""}}, {"type": "Feature", "geometry": {"type": "Point", "coordinates": [126.952441, 37.463481]}, "properties": {"building": "51", "name": "예술관(미대)2", "entrance_no": "2", "lat": "37.463481", "lon": "126.952441", "ground_m": "92.5", "rel_to_1f_m": "-0.8", "floor_est": "1층", "floor_checked": "", "kind": "yes", "source": "osm-entrance", "osm_id": "4564623342", "osm_level": "", "note": ""}}, {"type": "Feature", "geometry": {"type": "Point", "coordinates": [126.952727, 37.463453]}, "properties": {"building": "51", "name": "예술관(미대)2", "entrance_no": "3", "lat": "37.463453", "lon": "126.952727", "ground_m": "92.8", "rel_to_1f_m": "-0.5", "floor_est": "1층", "floor_checked": "", "kind": "yes", "source": "osm-entrance", "osm_id": "4527864818", "osm_level": "", "note": ""}}, {"type": "Feature", "geometry": {"type": "Point", "coordinates": [126.952745, 37.463674]}, "properties": {"building": "51", "name": "예술관(미대)2", "entrance_no": "4", "lat": "37.463674", "lon": "126.952745", "ground_m": "94.2", "rel_to_1f_m": "+0.9", "floor_est": "1층", "floor_checked": "", "kind": "yes", "source": "osm-entrance", "osm_id": "4527864819", "osm_level": "", "note": ""}}, {"type": "Feature", "geometry": {"type": "Point", "coordinates": [126.953047, 37.463636]}, "properties": {"building": "52", "name": "예술관(미대)3", "entrance_no": "1", "lat": "37.463636", "lon": "126.953047", "ground_m": "95.1", "rel_to_1f_m": "-2.3", "floor_est": "지하1층", "floor_checked": "", "kind": "yes", "source": "osm-entrance", "osm_id": "4564623346", "osm_level": "", "note": ""}}, {"type": "Feature", "geometry": {"type": "Point", "coordinates": [126.95316, 37.463427]}, "properties": {"building": "52", "name": "예술관(미대)3", "entrance_no": "2", "lat": "37.463427", "lon": "126.953160", "ground_m": "97.6", "rel_to_1f_m": "+0.2", "floor_est": "1층", "floor_checked": "", "kind": "yes", "source": "osm-entrance", "osm_id": "4564623348", "osm_level": "", "note": ""}}, {"type": "Feature", "geometry": {"type": "Point", "coordinates": [126.953525, 37.463864]}, "properties": {"building": "52", "name": "예술관(미대)3", "entrance_no": "3", "lat": "37.463864", "lon": "126.953525", "ground_m": "98.9", "rel_to_1f_m": "+1.5", "floor_est": "1층", "floor_checked": "", "kind": "", "source": "osm-path-end", "osm_id": "455018306", "osm_level": "", "note": ""}}, {"type": "Feature", "geometry": {"type": "Point", "coordinates": [126.953403, 37.463617]}, "properties": {"building": "52", "name": "예술관(미대)3", "entrance_no": "4", "lat": "37.463617", "lon": "126.953403", "ground_m": "99.4", "rel_to_1f_m": "+2.0", "floor_est": "2층", "floor_checked": "", "kind": "yes", "source": "osm-entrance", "osm_id": "4564623347", "osm_level": "", "note": ""}}, {"type": "Feature", "geometry": {"type": "Point", "coordinates": [126.953029, 37.463713]}, "properties": {"building": "52-1", "name": "미대교양실습동(52-1동)", "entrance_no": "1", "lat": "37.463713", "lon": "126.953029", "ground_m": "95.0", "rel_to_1f_m": "-2.4", "floor_est": "지하1층", "floor_checked": "", "kind": "yes", "source": "osm-entrance", "osm_id": "4564623345", "osm_level": "", "note": ""}}, {"type": "Feature", "geometry": {"type": "Point", "coordinates": [126.953525, 37.463864]}, "properties": {"building": "52-1", "name": "미대교양실습동(52-1동)", "entrance_no": "2", "lat": "37.463864", "lon": "126.953525", "ground_m": "98.9", "rel_to_1f_m": "+1.5", "floor_est": "1층", "floor_checked": "", "kind": "", "source": "osm-path-end", "osm_id": "455018306", "osm_level": "", "note": ""}}, {"type": "Feature", "geometry": {"type": "Point", "coordinates": [126.953556, 37.463275]}, "properties": {"building": "53", "name": "예술관(음대)1", "entrance_no": "1", "lat": "37.463275", "lon": "126.953556", "ground_m": "102.4", "rel_to_1f_m": "-0.7", "floor_est": "1층", "floor_checked": "", "kind": "yes", "source": "osm-entrance", "osm_id": "4373703131", "osm_level": "", "note": ""}}, {"type": "Feature", "geometry": {"type": "Point", "coordinates": [126.953654, 37.463362]}, "properties": {"building": "53", "name": "예술관(음대)1", "entrance_no": "2", "lat": "37.463362", "lon": "126.953654", "ground_m": "103.4", "rel_to_1f_m": "+0.3", "floor_est": "1층", "floor_checked": "", "kind": "yes", "source": "osm-entrance", "osm_id": "4564623349", "osm_level": "", "note": ""}}, {"type": "Feature", "geometry": {"type": "Point", "coordinates": [126.953454, 37.462915]}, "properties": {"building": "53", "name": "예술관(음대)1", "entrance_no": "3", "lat": "37.462915", "lon": "126.953454", "ground_m": "103.8", "rel_to_1f_m": "+0.7", "floor_est": "1층", "floor_checked": "", "kind": "yes", "source": "osm-entrance", "osm_id": "4564623351", "osm_level": "", "note": ""}}, {"type": "Feature", "geometry": {"type": "Point", "coordinates": [126.953041, 37.462827]}, "properties": {"building": "54", "name": "예술관(음대)2", "entrance_no": "1", "lat": "37.462827", "lon": "126.953041", "ground_m": "98.5", "rel_to_1f_m": "-3.3", "floor_est": "지하1층", "floor_checked": "", "kind": "yes", "source": "osm-entrance", "osm_id": "4564623352", "osm_level": "", "note": ""}}, {"type": "Feature", "geometry": {"type": "Point", "coordinates": [126.953216, 37.462707]}, "properties": {"building": "54", "name": "예술관(음대)2", "entrance_no": "2", "lat": "37.462707", "lon": "126.953216", "ground_m": "100.7", "rel_to_1f_m": "-1.1", "floor_est": "1층", "floor_checked": "", "kind": "yes", "source": "osm-entrance", "osm_id": "4564623353", "osm_level": "", "note": ""}}, {"type": "Feature", "geometry": {"type": "Point", "coordinates": [126.953378, 37.462402]}, "properties": {"building": "54", "name": "예술관(음대)2", "entrance_no": "3", "lat": "37.462402", "lon": "126.953378", "ground_m": "103.6", "rel_to_1f_m": "+1.8", "floor_est": "1층", "floor_checked": "", "kind": "yes", "source": "osm-entrance", "osm_id": "4564623357", "osm_level": "", "note": ""}}, {"type": "Feature", "geometry": {"type": "Point", "coordinates": [126.952884, 37.462521]}, "properties": {"building": "55", "name": "예술관(음대)3", "entrance_no": "1", "lat": "37.462521", "lon": "126.952884", "ground_m": "97.4", "rel_to_1f_m": "+0.2", "floor_est": "1층", "floor_checked": "", "kind": "yes", "source": "osm-entrance", "osm_id": "4564623356", "osm_level": "", "note": ""}}, {"type": "Feature", "geometry": {"type": "Point", "coordinates": [126.953043, 37.462407]}, "properties": {"building": "55", "name": "예술관(음대)3", "entrance_no": "2", "lat": "37.462407", "lon": "126.953043", "ground_m": "100.0", "rel_to_1f_m": "+2.7", "floor_est": "2층", "floor_checked": "", "kind": "yes", "source": "osm-entrance", "osm_id": "4564623355", "osm_level": "", "note": ""}}, {"type": "Feature", "geometry": {"type": "Point", "coordinates": [126.951198, 37.457593]}, "properties": {"building": "56", "name": "자연과학관10", "entrance_no": "1", "lat": "37.457593", "lon": "126.951198", "ground_m": "104.7", "rel_to_1f_m": "-2.4", "floor_est": "지하1층", "floor_checked": "", "kind": "yes", "source": "osm-entrance", "osm_id": "4562091892", "osm_level": "", "note": ""}}, {"type": "Feature", "geometry": {"type": "Point", "coordinates": [126.951363, 37.457925]}, "properties": {"building": "56", "name": "자연과학관10", "entrance_no": "2", "lat": "37.457925", "lon": "126.951363", "ground_m": "105.8", "rel_to_1f_m": "-1.3", "floor_est": "1층", "floor_checked": "", "kind": "yes", "source": "osm-entrance", "osm_id": "4562091891", "osm_level": "", "note": ""}}, {"type": "Feature", "geometry": {"type": "Point", "coordinates": [126.951615, 37.457987]}, "properties": {"building": "56", "name": "자연과학관10", "entrance_no": "3", "lat": "37.457987", "lon": "126.951615", "ground_m": "105.9", "rel_to_1f_m": "-1.2", "floor_est": "1층", "floor_checked": "", "kind": "", "source": "osm-path-join", "osm_id": "248013971", "osm_level": "", "note": ""}}, {"type": "Feature", "geometry": {"type": "Point", "coordinates": [126.951433, 37.457532]}, "properties": {"building": "56", "name": "자연과학관10", "entrance_no": "4", "lat": "37.457532", "lon": "126.951433", "ground_m": "110.1", "rel_to_1f_m": "+3.0", "floor_est": "2층", "floor_checked": "", "kind": "yes", "source": "osm-entrance", "osm_id": "4562091894", "osm_level": "", "note": ""}}, {"type": "Feature", "geometry": {"type": "Point", "coordinates": [126.951571, 37.457825]}, "properties": {"building": "56", "name": "자연과학관10", "entrance_no": "5", "lat": "37.457825", "lon": "126.951571", "ground_m": "110.1", "rel_to_1f_m": "+3.0", "floor_est": "2층", "floor_checked": "", "kind": "yes", "source": "osm-entrance", "osm_id": "4562091893", "osm_level": "", "note": ""}}, {"type": "Feature", "geometry": {"type": "Point", "coordinates": [126.953126, 37.465316]}, "properties": {"building": "57", "name": "행정대학원", "entrance_no": "1", "lat": "37.465316", "lon": "126.953126", "ground_m": "86.1", "rel_to_1f_m": "+0.4", "floor_est": "1층", "floor_checked": "", "kind": "yes", "source": "osm-entrance", "osm_id": "4563745369", "osm_level": "", "note": ""}}, {"type": "Feature", "geometry": {"type": "Point", "coordinates": [126.953243, 37.465382]}, "properties": {"building": "57", "name": "행정대학원", "entrance_no": "2", "lat": "37.465382", "lon": "126.953243", "ground_m": "87.6", "rel_to_1f_m": "+1.9", "floor_est": "1층", "floor_checked": "", "kind": "yes", "source": "osm-entrance", "osm_id": "4373702817", "osm_level": "", "note": ""}}, {"type": "Feature", "geometry": {"type": "Point", "coordinates": [126.953268, 37.465307]}, "properties": {"building": "57-1", "name": "행정대학원", "entrance_no": "1", "lat": "37.465307", "lon": "126.953268", "ground_m": "87.8", "rel_to_1f_m": "-3.7", "floor_est": "지하1층", "floor_checked": "", "kind": "yes", "source": "osm-entrance", "osm_id": "4563745370", "osm_level": "", "note": ""}}, {"type": "Feature", "geometry": {"type": "Point", "coordinates": [126.953576, 37.465043]}, "properties": {"building": "57-1", "name": "행정대학원", "entrance_no": "2", "lat": "37.465043", "lon": "126.953576", "ground_m": "93.4", "rel_to_1f_m": "+1.9", "floor_est": "1층", "floor_checked": "", "kind": "yes", "source": "osm-entrance", "osm_id": "4563745371", "osm_level": "", "note": ""}}, {"type": "Feature", "geometry": {"type": "Point", "coordinates": [126.953718, 37.464903]}, "properties": {"building": "57-1", "name": "행정대학원", "entrance_no": "3", "lat": "37.464903", "lon": "126.953718", "ground_m": "94.9", "rel_to_1f_m": "+3.4", "floor_est": "2층", "floor_checked": "", "kind": "yes", "source": "osm-entrance", "osm_id": "4514838230", "osm_level": "", "note": ""}}, {"type": "Feature", "geometry": {"type": "Point", "coordinates": [126.951708, 37.465179]}, "properties": {"building": "58", "name": "SK경영관", "entrance_no": "1", "lat": "37.465179", "lon": "126.951708", "ground_m": "79.3", "rel_to_1f_m": "-0.5", "floor_est": "1층", "floor_checked": "", "kind": "yes", "source": "osm-entrance", "osm_id": "4563745360", "osm_level": "", "note": ""}}, {"type": "Feature", "geometry": {"type": "Point", "coordinates": [126.951757, 37.465622]}, "properties": {"building": "58", "name": "SK경영관", "entrance_no": "2", "lat": "37.465622", "lon": "126.951757", "ground_m": "79.3", "rel_to_1f_m": "-0.4", "floor_est": "1층", "floor_checked": "", "kind": "yes", "source": "osm-entrance", "osm_id": "4563745354", "osm_level": "", "note": ""}}, {"type": "Feature", "geometry": {"type": "Point", "coordinates": [126.951977, 37.465382]}, "properties": {"building": "58", "name": "SK경영관", "entrance_no": "3", "lat": "37.465382", "lon": "126.951977", "ground_m": "79.7", "rel_to_1f_m": "-0.1", "floor_est": "1층", "floor_checked": "", "kind": "yes", "source": "osm-entrance", "osm_id": "4563745356", "osm_level": "", "note": ""}}, {"type": "Feature", "geometry": {"type": "Point", "coordinates": [126.952024, 37.465595]}, "properties": {"building": "58", "name": "SK경영관", "entrance_no": "4", "lat": "37.465595", "lon": "126.952024", "ground_m": "79.8", "rel_to_1f_m": "+0.0", "floor_est": "1층", "floor_checked": "", "kind": "yes", "source": "osm-entrance", "osm_id": "4563745355", "osm_level": "", "note": ""}}, {"type": "Feature", "geometry": {"type": "Point", "coordinates": [126.952679, 37.465551]}, "properties": {"building": "58", "name": "SK경영관", "entrance_no": "5", "lat": "37.465551", "lon": "126.952679", "ground_m": "80.0", "rel_to_1f_m": "+0.3", "floor_est": "1층", "floor_checked": "", "kind": "yes", "source": "osm-entrance", "osm_id": "4563745358", "osm_level": "", "note": ""}}, {"type": "Feature", "geometry": {"type": "Point", "coordinates": [126.952843, 37.465156]}, "properties": {"building": "59", "name": "LG경영관(경영연구관및산학협동관)", "entrance_no": "1", "lat": "37.465156", "lon": "126.952843", "ground_m": "80.7", "rel_to_1f_m": "-3.6", "floor_est": "지하1층", "floor_checked": "", "kind": "", "source": "osm-path-end", "osm_id": "456922939", "osm_level": "", "note": ""}}, {"type": "Feature", "geometry": {"type": "Point", "coordinates": [126.952331, 37.465025]}, "properties": {"building": "59", "name": "LG경영관(경영연구관및산학협동관)", "entrance_no": "2", "lat": "37.465025", "lon": "126.952331", "ground_m": "80.8", "rel_to_1f_m": "-3.6", "floor_est": "지하1층", "floor_checked": "", "kind": "yes", "source": "osm-entrance", "osm_id": "4563745366", "osm_level": "", "note": ""}}, {"type": "Feature", "geometry": {"type": "Point", "coordinates": [126.952929, 37.465123]}, "properties": {"building": "59", "name": "LG경영관(경영연구관및산학협동관)", "entrance_no": "3", "lat": "37.465123", "lon": "126.952929", "ground_m": "82.1", "rel_to_1f_m": "-2.2", "floor_est": "지하1층", "floor_checked": "", "kind": "", "source": "osm-path-end", "osm_id": "456922941", "osm_level": "", "note": ""}}, {"type": "Feature", "geometry": {"type": "Point", "coordinates": [126.953195, 37.464837]}, "properties": {"building": "59", "name": "LG경영관(경영연구관및산학협동관)", "entrance_no": "4", "lat": "37.464837", "lon": "126.953195", "ground_m": "88.4", "rel_to_1f_m": "+4.1", "floor_est": "2층", "floor_checked": "", "kind": "", "source": "osm-path-end", "osm_id": "456922959", "osm_level": "", "note": ""}}, {"type": "Feature", "geometry": {"type": "Point", "coordinates": [126.952843, 37.465156]}, "properties": {"building": "59-1", "name": "관악 59-1동[매니지먼트센터]", "entrance_no": "1", "lat": "37.465156", "lon": "126.952843", "ground_m": "80.7", "rel_to_1f_m": "-0.4", "floor_est": "1층", "floor_checked": "", "kind": "", "source": "osm-path-end", "osm_id": "456922939", "osm_level": "", "note": ""}}, {"type": "Feature", "geometry": {"type": "Point", "coordinates": [126.952331, 37.465025]}, "properties": {"building": "59-1", "name": "관악 59-1동[매니지먼트센터]", "entrance_no": "2", "lat": "37.465025", "lon": "126.952331", "ground_m": "80.8", "rel_to_1f_m": "-0.4", "floor_est": "1층", "floor_checked": "", "kind": "yes", "source": "osm-entrance", "osm_id": "4563745366", "osm_level": "", "note": ""}}, {"type": "Feature", "geometry": {"type": "Point", "coordinates": [126.951259, 37.460118]}, "properties": {"building": "60", "name": "행정관", "entrance_no": "1", "lat": "37.460118", "lon": "126.951259", "ground_m": "87.5", "rel_to_1f_m": "-0.7", "floor_est": "1층", "floor_checked": "", "kind": "yes", "source": "osm-entrance", "osm_id": "4562091896", "osm_level": "", "note": ""}}, {"type": "Feature", "geometry": {"type": "Point", "coordinates": [126.951076, 37.459978]}, "properties": {"building": "60", "name": "행정관", "entrance_no": "2", "lat": "37.459978", "lon": "126.951076", "ground_m": "87.6", "rel_to_1f_m": "-0.6", "floor_est": "1층", "floor_checked": "", "kind": "yes", "source": "osm-entrance", "osm_id": "4562091895", "osm_level": "", "note": ""}}, {"type": "Feature", "geometry": {"type": "Point", "coordinates": [126.953545, 37.460015]}, "properties": {"building": "61", "name": "기초교육원", "entrance_no": "1", "lat": "37.460015", "lon": "126.953545", "ground_m": "104.2", "rel_to_1f_m": "-2.3", "floor_est": "지하1층", "floor_checked": "", "kind": "yes", "source": "osm-entrance", "osm_id": "4564750872", "osm_level": "", "note": ""}}, {"type": "Feature", "geometry": {"type": "Point", "coordinates": [126.953377, 37.459677]}, "properties": {"building": "61", "name": "기초교육원", "entrance_no": "2", "lat": "37.459677", "lon": "126.953377", "ground_m": "104.9", "rel_to_1f_m": "-1.6", "floor_est": "1층", "floor_checked": "", "kind": "yes", "source": "osm-entrance", "osm_id": "2044015696", "osm_level": "", "note": ""}}, {"type": "Feature", "geometry": {"type": "Point", "coordinates": [126.953765, 37.459715]}, "properties": {"building": "61", "name": "기초교육원", "entrance_no": "3", "lat": "37.459715", "lon": "126.953765", "ground_m": "107.4", "rel_to_1f_m": "+0.9", "floor_est": "1층", "floor_checked": "", "kind": "yes", "source": "osm-entrance", "osm_id": "2044015684", "osm_level": "", "note": ""}}, {"type": "Feature", "geometry": {"type": "Point", "coordinates": [126.953975, 37.45986]}, "properties": {"building": "61", "name": "기초교육원", "entrance_no": "4", "lat": "37.459860", "lon": "126.953975", "ground_m": "108.1", "rel_to_1f_m": "+1.6", "floor_est": "1층", "floor_checked": "", "kind": "yes", "source": "osm-entrance", "osm_id": "2044015688", "osm_level": "", "note": ""}}, {"type": "Feature", "geometry": {"type": "Point", "coordinates": [126.951721, 37.45941]}, "properties": {"building": "62", "name": "중앙도서관 본관", "entrance_no": "1", "lat": "37.459410", "lon": "126.951721", "ground_m": "95.1", "rel_to_1f_m": "-4.2", "floor_est": "지하1층", "floor_checked": "", "kind": "yes", "source": "osm-entrance", "osm_id": "4562091897", "osm_level": "", "note": ""}}, {"type": "Feature", "geometry": {"type": "Point", "coordinates": [126.952943, 37.45933]}, "properties": {"building": "62-1", "name": "중앙도서관 관정관", "entrance_no": "1", "lat": "37.459330", "lon": "126.952943", "ground_m": "108.0", "rel_to_1f_m": "+1.7", "floor_est": "1층", "floor_checked": "", "kind": "yes", "source": "osm-entrance", "osm_id": "4562091901", "osm_level": "", "note": ""}}, {"type": "Feature", "geometry": {"type": "Point", "coordinates": [126.951981, 37.458523]}, "properties": {"building": "62-1", "name": "중앙도서관 관정관", "entrance_no": "2", "lat": "37.458523", "lon": "126.951981", "ground_m": "108.3", "rel_to_1f_m": "+1.9", "floor_est": "1층", "floor_checked": "", "kind": "yes", "source": "osm-entrance", "osm_id": "4562091900", "osm_level": "", "note": ""}}, {"type": "Feature", "geometry": {"type": "Point", "coordinates": [126.952047, 37.458573]}, "properties": {"building": "62-1", "name": "중앙도서관 관정관", "entrance_no": "3", "lat": "37.458573", "lon": "126.952047", "ground_m": "108.7", "rel_to_1f_m": "+2.3", "floor_est": "2층", "floor_checked": "", "kind": "yes", "source": "osm-entrance", "osm_id": "4562091899", "osm_level": "", "note": ""}}, {"type": "Feature", "geometry": {"type": "Point", "coordinates": [126.950556, 37.4596]}, "properties": {"building": "63", "name": "학생회관", "entrance_no": "1", "lat": "37.459600", "lon": "126.950556", "ground_m": "87.9", "rel_to_1f_m": "-1.6", "floor_est": "1층", "floor_checked": "", "kind": "yes", "source": "osm-entrance", "osm_id": "4562088364", "osm_level": "", "note": ""}}, {"type": "Feature", "geometry": {"type": "Point", "coordinates": [126.950826, 37.459506]}, "properties": {"building": "63", "name": "학생회관", "entrance_no": "2", "lat": "37.459506", "lon": "126.950826", "ground_m": "88.8", "rel_to_1f_m": "-0.6", "floor_est": "1층", "floor_checked": "", "kind": "yes", "source": "osm-entrance", "osm_id": "4562088365", "osm_level": "", "note": ""}}, {"type": "Feature", "geometry": {"type": "Point", "coordinates": [126.950213, 37.459322]}, "properties": {"building": "63", "name": "학생회관", "entrance_no": "3", "lat": "37.459322", "lon": "126.950213", "ground_m": "88.9", "rel_to_1f_m": "-0.6", "floor_est": "1층", "floor_checked": "", "kind": "yes", "source": "osm-entrance", "osm_id": "4562088368", "osm_level": "", "note": ""}}, {"type": "Feature", "geometry": {"type": "Point", "coordinates": [126.95038, 37.459185]}, "properties": {"building": "63", "name": "학생회관", "entrance_no": "4", "lat": "37.459185", "lon": "126.950380", "ground_m": "89.3", "rel_to_1f_m": "-0.2", "floor_est": "1층", "floor_checked": "", "kind": "yes", "source": "osm-entrance", "osm_id": "4562088369", "osm_level": "", "note": ""}}, {"type": "Feature", "geometry": {"type": "Point", "coordinates": [126.950672, 37.459229]}, "properties": {"building": "63", "name": "학생회관", "entrance_no": "5", "lat": "37.459229", "lon": "126.950672", "ground_m": "89.6", "rel_to_1f_m": "+0.1", "floor_est": "1층", "floor_checked": "", "kind": "yes", "source": "osm-entrance", "osm_id": "4562088366", "osm_level": "", "note": ""}}, {"type": "Feature", "geometry": {"type": "Point", "coordinates": [126.950638, 37.458975]}, "properties": {"building": "63", "name": "학생회관", "entrance_no": "6", "lat": "37.458975", "lon": "126.950638", "ground_m": "90.3", "rel_to_1f_m": "+0.8", "floor_est": "1층", "floor_checked": "", "kind": "yes", "source": "osm-entrance", "osm_id": "4562088367", "osm_level": "", "note": ""}}, {"type": "Feature", "geometry": {"type": "Point", "coordinates": [126.950997, 37.458975]}, "properties": {"building": "63", "name": "학생회관", "entrance_no": "7", "lat": "37.458975", "lon": "126.950997", "ground_m": "92.7", "rel_to_1f_m": "+3.2", "floor_est": "2층", "floor_checked": "", "kind": "yes", "source": "osm-entrance", "osm_id": "2044015745", "osm_level": "", "note": ""}}, {"type": "Feature", "geometry": {"type": "Point", "coordinates": [126.94914, 37.463826]}, "properties": {"building": "64", "name": "IBK커뮤니케이션센터", "entrance_no": "1", "lat": "37.463826", "lon": "126.949140", "ground_m": "67.3", "rel_to_1f_m": "-4.9", "floor_est": "지하1층", "floor_checked": "", "kind": "yes", "source": "osm-entrance", "osm_id": "4564809442", "osm_level": "", "note": ""}}, {"type": "Feature", "geometry": {"type": "Point", "coordinates": [126.949435, 37.46352]}, "properties": {"building": "67", "name": "NH농협두레문예관", "entrance_no": "1", "lat": "37.463520", "lon": "126.949435", "ground_m": "69.5", "rel_to_1f_m": "-3.2", "floor_est": "지하1층", "floor_checked": "", "kind": "yes", "source": "osm-entrance", "osm_id": "4564809444", "osm_level": "", "note": ""}}, {"type": "Feature", "geometry": {"type": "Point", "coordinates": [126.949737, 37.463428]}, "properties": {"building": "67", "name": "NH농협두레문예관", "entrance_no": "2", "lat": "37.463428", "lon": "126.949737", "ground_m": "71.6", "rel_to_1f_m": "-1.2", "floor_est": "1층", "floor_checked": "", "kind": "yes", "source": "osm-entrance", "osm_id": "4564809445", "osm_level": "", "note": ""}}, {"type": "Feature", "geometry": {"type": "Point", "coordinates": [126.949604, 37.463715]}, "properties": {"building": "67", "name": "NH농협두레문예관", "entrance_no": "3", "lat": "37.463715", "lon": "126.949604", "ground_m": "75.0", "rel_to_1f_m": "+2.3", "floor_est": "2층", "floor_checked": "", "kind": "yes", "source": "osm-entrance", "osm_id": "4564809443", "osm_level": "", "note": ""}}, {"type": "Feature", "geometry": {"type": "Point", "coordinates": [126.951806, 37.464543]}, "properties": {"building": "70", "name": "박물관", "entrance_no": "1", "lat": "37.464543", "lon": "126.951806", "ground_m": "84.9", "rel_to_1f_m": "+0.4", "floor_est": "1층", "floor_checked": "", "kind": "yes", "source": "osm-entrance", "osm_id": "4563745374", "osm_level": "", "note": ""}}, {"type": "Feature", "geometry": {"type": "Point", "coordinates": [126.952705, 37.466977]}, "properties": {"building": "71", "name": "체육관", "entrance_no": "1", "lat": "37.466977", "lon": "126.952705", "ground_m": "80.7", "rel_to_1f_m": "-0.5", "floor_est": "1층", "floor_checked": "", "kind": "", "source": "osm-path-end", "osm_id": "1544364811", "osm_level": "", "note": ""}}, {"type": "Feature", "geometry": {"type": "Point", "coordinates": [126.951623, 37.461881]}, "properties": {"building": "72", "name": "법학도서관", "entrance_no": "1", "lat": "37.461881", "lon": "126.951623", "ground_m": "83.4", "rel_to_1f_m": "-1.5", "floor_est": "1층", "floor_checked": "", "kind": "yes", "source": "osm-entrance", "osm_id": "4564809480", "osm_level": "", "note": ""}}, {"type": "Feature", "geometry": {"type": "Point", "coordinates": [126.952727, 37.461948]}, "properties": {"building": "74", "name": "예술복합연구동", "entrance_no": "1", "lat": "37.461948", "lon": "126.952727", "ground_m": "100.0", "rel_to_1f_m": "-0.7", "floor_est": "1층", "floor_checked": "", "kind": "yes", "source": "osm-entrance", "osm_id": "4564623362", "osm_level": "", "note": ""}}, {"type": "Feature", "geometry": {"type": "Point", "coordinates": [126.952753, 37.461755]}, "properties": {"building": "74", "name": "예술복합연구동", "entrance_no": "2", "lat": "37.461755", "lon": "126.952753", "ground_m": "100.0", "rel_to_1f_m": "-0.7", "floor_est": "1층", "floor_checked": "", "kind": "yes", "source": "osm-entrance", "osm_id": "4564623365", "osm_level": "", "note": ""}}, {"type": "Feature", "geometry": {"type": "Point", "coordinates": [126.952806, 37.462015]}, "properties": {"building": "74", "name": "예술복합연구동", "entrance_no": "3", "lat": "37.462015", "lon": "126.952806", "ground_m": "100.0", "rel_to_1f_m": "-0.7", "floor_est": "1층", "floor_checked": "", "kind": "yes", "source": "osm-entrance", "osm_id": "4564623363", "osm_level": "", "note": ""}}, {"type": "Feature", "geometry": {"type": "Point", "coordinates": [126.952964, 37.461803]}, "properties": {"building": "74", "name": "예술복합연구동", "entrance_no": "4", "lat": "37.461803", "lon": "126.952964", "ground_m": "100.0", "rel_to_1f_m": "-0.7", "floor_est": "1층", "floor_checked": "", "kind": "", "source": "osm-path-end", "osm_id": "168003059", "osm_level": "", "note": ""}}, {"type": "Feature", "geometry": {"type": "Point", "coordinates": [126.953089, 37.461855]}, "properties": {"building": "74", "name": "예술복합연구동", "entrance_no": "5", "lat": "37.461855", "lon": "126.953089", "ground_m": "100.0", "rel_to_1f_m": "-0.7", "floor_est": "1층", "floor_checked": "", "kind": "yes", "source": "osm-entrance", "osm_id": "4564623366", "osm_level": "", "note": ""}}, {"type": "Feature", "geometry": {"type": "Point", "coordinates": [126.953245, 37.462035]}, "properties": {"building": "74", "name": "예술복합연구동", "entrance_no": "6", "lat": "37.462035", "lon": "126.953245", "ground_m": "100.0", "rel_to_1f_m": "-0.7", "floor_est": "1층", "floor_checked": "", "kind": "yes", "source": "osm-entrance", "osm_id": "4564623364", "osm_level": "", "note": ""}}, {"type": "Feature", "geometry": {"type": "Point", "coordinates": [126.949117, 37.456266]}, "properties": {"building": "75", "name": "복지관", "entrance_no": "1", "lat": "37.456266", "lon": "126.949117", "ground_m": "100.5", "rel_to_1f_m": "+1.1", "floor_est": "1층", "floor_checked": "", "kind": "yes", "source": "osm-entrance", "osm_id": "4564998555", "osm_level": "", "note": ""}}, {"type": "Feature", "geometry": {"type": "Point", "coordinates": [126.949286, 37.455955]}, "properties": {"building": "75", "name": "복지관", "entrance_no": "2", "lat": "37.455955", "lon": "126.949286", "ground_m": "101.0", "rel_to_1f_m": "+1.7", "floor_est": "1층", "floor_checked": "", "kind": "yes", "source": "osm-entrance", "osm_id": "4564998556", "osm_level": "", "note": ""}}, {"type": "Feature", "geometry": {"type": "Point", "coordinates": [126.948714, 37.456531]}, "properties": {"building": "75-1", "name": "제3학생식당", "entrance_no": "1", "lat": "37.456531", "lon": "126.948714", "ground_m": "92.8", "rel_to_1f_m": "+2.1", "floor_est": "2층", "floor_checked": "", "kind": "yes", "source": "osm-entrance", "osm_id": "2583216312", "osm_level": "", "note": ""}}, {"type": "Feature", "geometry": {"type": "Point", "coordinates": [126.955596, 37.460639]}, "properties": {"building": "76", "name": "제4식당(서당골)", "entrance_no": "1", "lat": "37.460639", "lon": "126.955596", "ground_m": "116.9", "rel_to_1f_m": "-2.5", "floor_est": "지하1층", "floor_checked": "", "kind": "yes", "source": "osm-entrance", "osm_id": "4564809430", "osm_level": "", "note": ""}}, {"type": "Feature", "geometry": {"type": "Point", "coordinates": [126.954004, 37.462225]}, "properties": {"building": "82", "name": "환경대학원", "entrance_no": "1", "lat": "37.462225", "lon": "126.954004", "ground_m": "118.5", "rel_to_1f_m": "-1.0", "floor_est": "1층", "floor_checked": "", "kind": "yes", "source": "osm-entrance", "osm_id": "4566528829", "osm_level": "", "note": ""}}, {"type": "Feature", "geometry": {"type": "Point", "coordinates": [126.954357, 37.462016]}, "properties": {"building": "82", "name": "환경대학원", "entrance_no": "2", "lat": "37.462016", "lon": "126.954357", "ground_m": "122.8", "rel_to_1f_m": "+3.2", "floor_est": "2층", "floor_checked": "", "kind": "yes", "source": "osm-entrance", "osm_id": "4566528831", "osm_level": "", "note": ""}}, {"type": "Feature", "geometry": {"type": "Point", "coordinates": [126.954281, 37.46229]}, "properties": {"building": "82", "name": "환경대학원", "entrance_no": "3", "lat": "37.462290", "lon": "126.954281", "ground_m": "123.5", "rel_to_1f_m": "+3.9", "floor_est": "2층", "floor_checked": "", "kind": "yes", "source": "osm-entrance", "osm_id": "4566528830", "osm_level": "", "note": ""}}, {"type": "Feature", "geometry": {"type": "Point", "coordinates": [126.951372, 37.463399]}, "properties": {"building": "83", "name": "인문사회계멀티미디어강의동", "entrance_no": "1", "lat": "37.463399", "lon": "126.951372", "ground_m": "84.4", "rel_to_1f_m": "-3.3", "floor_est": "지하1층", "floor_checked": "", "kind": "yes", "source": "osm-entrance", "osm_id": "4564809462", "osm_level": "", "note": ""}}, {"type": "Feature", "geometry": {"type": "Point", "coordinates": [126.951867, 37.463514]}, "properties": {"building": "83", "name": "인문사회계멀티미디어강의동", "entrance_no": "2", "lat": "37.463514", "lon": "126.951867", "ground_m": "90.3", "rel_to_1f_m": "+2.6", "floor_est": "2층", "floor_checked": "", "kind": "yes", "source": "osm-entrance", "osm_id": "4564809463", "osm_level": "", "note": ""}}, {"type": "Feature", "geometry": {"type": "Point", "coordinates": [126.952012, 37.462332]}, "properties": {"building": "84", "name": "근대법학교육100주년기념관", "entrance_no": "1", "lat": "37.462332", "lon": "126.952012", "ground_m": "85.1", "rel_to_1f_m": "-3.4", "floor_est": "지하1층", "floor_checked": "", "kind": "yes", "source": "osm-entrance", "osm_id": "4564809476", "osm_level": "", "note": ""}}, {"type": "Feature", "geometry": {"type": "Point", "coordinates": [126.952319, 37.462369]}, "properties": {"building": "84", "name": "근대법학교육100주년기념관", "entrance_no": "2", "lat": "37.462369", "lon": "126.952319", "ground_m": "89.7", "rel_to_1f_m": "+1.3", "floor_est": "1층", "floor_checked": "", "kind": "yes", "source": "osm-entrance", "osm_id": "2467458753", "osm_level": "", "note": ""}}, {"type": "Feature", "geometry": {"type": "Point", "coordinates": [126.9523, 37.462115]}, "properties": {"building": "84", "name": "근대법학교육100주년기념관", "entrance_no": "3", "lat": "37.462115", "lon": "126.952300", "ground_m": "90.6", "rel_to_1f_m": "+2.1", "floor_est": "2층", "floor_checked": "", "kind": "yes", "source": "osm-entrance", "osm_id": "2467458744", "osm_level": "", "note": ""}}, {"type": "Feature", "geometry": {"type": "Point", "coordinates": [126.95523, 37.458499]}, "properties": {"building": "100", "name": "버들골 풍산마당", "entrance_no": "1", "lat": "37.458499", "lon": "126.955230", "ground_m": "130.0", "rel_to_1f_m": "-1.3", "floor_est": "1층", "floor_checked": "", "kind": "", "source": "osm-path-join", "osm_id": "193893596", "osm_level": "", "note": ""}}, {"type": "Feature", "geometry": {"type": "Point", "coordinates": [126.950019, 37.463163]}, "properties": {"building": "101", "name": "아시아연구소", "entrance_no": "1", "lat": "37.463163", "lon": "126.950019", "ground_m": "72.4", "rel_to_1f_m": "-1.5", "floor_est": "1층", "floor_checked": "", "kind": "yes", "source": "osm-entrance", "osm_id": "4564809446", "osm_level": "", "note": ""}}, {"type": "Feature", "geometry": {"type": "Point", "coordinates": [126.950201, 37.463155]}, "properties": {"building": "101", "name": "아시아연구소", "entrance_no": "2", "lat": "37.463155", "lon": "126.950201", "ground_m": "73.3", "rel_to_1f_m": "-0.7", "floor_est": "1층", "floor_checked": "", "kind": "yes", "source": "osm-entrance", "osm_id": "2395785103", "osm_level": "", "note": ""}}, {"type": "Feature", "geometry": {"type": "Point", "coordinates": [126.950408, 37.463298]}, "properties": {"building": "101", "name": "아시아연구소", "entrance_no": "3", "lat": "37.463298", "lon": "126.950408", "ground_m": "74.9", "rel_to_1f_m": "+1.0", "floor_est": "1층", "floor_checked": "", "kind": "yes", "source": "osm-entrance", "osm_id": "4564809448", "osm_level": "", "note": ""}}, {"type": "Feature", "geometry": {"type": "Point", "coordinates": [126.949434, 37.459926]}, "properties": {"building": "102", "name": "정보화본부", "entrance_no": "1", "lat": "37.459926", "lon": "126.949434", "ground_m": "85.3", "rel_to_1f_m": "-1.0", "floor_est": "1층", "floor_checked": "", "kind": "yes", "source": "osm-entrance", "osm_id": "4562088350", "osm_level": "", "note": ""}}, {"type": "Feature", "geometry": {"type": "Point", "coordinates": [126.949476, 37.459734]}, "properties": {"building": "102", "name": "정보화본부", "entrance_no": "2", "lat": "37.459734", "lon": "126.949476", "ground_m": "86.9", "rel_to_1f_m": "+0.6", "floor_est": "1층", "floor_checked": "", "kind": "yes", "source": "osm-entrance", "osm_id": "4562088351", "osm_level": "", "note": ""}}, {"type": "Feature", "geometry": {"type": "Point", "coordinates": [126.949403, 37.459238]}, "properties": {"building": "102", "name": "정보화본부", "entrance_no": "3", "lat": "37.459238", "lon": "126.949403", "ground_m": "87.2", "rel_to_1f_m": "+0.9", "floor_est": "1층", "floor_checked": "", "kind": "yes", "source": "osm-entrance", "osm_id": "4562088352", "osm_level": "", "note": ""}}, {"type": "Feature", "geometry": {"type": "Point", "coordinates": [126.950285, 37.462531]}, "properties": {"building": "103", "name": "규장각한국학연구원", "entrance_no": "1", "lat": "37.462531", "lon": "126.950285", "ground_m": "72.7", "rel_to_1f_m": "-2.3", "floor_est": "지하1층", "floor_checked": "", "kind": "yes", "source": "osm-entrance", "osm_id": "2467461780", "osm_level": "", "note": ""}}, {"type": "Feature", "geometry": {"type": "Point", "coordinates": [126.950411, 37.462031]}, "properties": {"building": "103", "name": "규장각한국학연구원", "entrance_no": "2", "lat": "37.462031", "lon": "126.950411", "ground_m": "79.0", "rel_to_1f_m": "+4.0", "floor_est": "2층", "floor_checked": "", "kind": "yes", "source": "osm-entrance", "osm_id": "4564809482", "osm_level": "", "note": ""}}, {"type": "Feature", "geometry": {"type": "Point", "coordinates": [126.952947, 37.454439]}, "properties": {"building": "104", "name": "반도체공동연구소", "entrance_no": "1", "lat": "37.454439", "lon": "126.952947", "ground_m": "139.5", "rel_to_1f_m": "-0.4", "floor_est": "1층", "floor_checked": "", "kind": "yes", "source": "osm-entrance", "osm_id": "4564999917", "osm_level": "", "note": ""}}, {"type": "Feature", "geometry": {"type": "Point", "coordinates": [126.953118, 37.454447]}, "properties": {"building": "104", "name": "반도체공동연구소", "entrance_no": "2", "lat": "37.454447", "lon": "126.953118", "ground_m": "143.0", "rel_to_1f_m": "+3.1", "floor_est": "2층", "floor_checked": "", "kind": "", "source": "osm-path-join", "osm_id": "483828701", "osm_level": "", "note": ""}}, {"type": "Feature", "geometry": {"type": "Point", "coordinates": [126.953176, 37.454547]}, "properties": {"building": "104", "name": "반도체공동연구소", "entrance_no": "3", "lat": "37.454547", "lon": "126.953176", "ground_m": "143.5", "rel_to_1f_m": "+3.6", "floor_est": "2층", "floor_checked": "", "kind": "", "source": "osm-path-end", "osm_id": "483828701", "osm_level": "", "note": ""}}, {"type": "Feature", "geometry": {"type": "Point", "coordinates": [126.953155, 37.454766]}, "properties": {"building": "104", "name": "반도체공동연구소", "entrance_no": "4", "lat": "37.454766", "lon": "126.953155", "ground_m": "144.7", "rel_to_1f_m": "+4.7", "floor_est": "2층", "floor_checked": "", "kind": "", "source": "osm-path-end", "osm_id": "483828702", "osm_level": "", "note": ""}}, {"type": "Feature", "geometry": {"type": "Point", "coordinates": [126.953374, 37.454282]}, "properties": {"building": "105", "name": "유전공학연구소", "entrance_no": "1", "lat": "37.454282", "lon": "126.953374", "ground_m": "145.9", "rel_to_1f_m": "-2.2", "floor_est": "지하1층", "floor_checked": "", "kind": "yes", "source": "osm-entrance", "osm_id": "4564999931", "osm_level": "", "note": ""}}, {"type": "Feature", "geometry": {"type": "Point", "coordinates": [126.953315, 37.454096]}, "properties": {"building": "105", "name": "유전공학연구소", "entrance_no": "2", "lat": "37.454096", "lon": "126.953315", "ground_m": "147.0", "rel_to_1f_m": "-1.2", "floor_est": "1층", "floor_checked": "", "kind": "", "source": "osm-path-join", "osm_id": "424949441", "osm_level": "", "note": ""}}, {"type": "Feature", "geometry": {"type": "Point", "coordinates": [126.953767, 37.454356]}, "properties": {"building": "105", "name": "유전공학연구소", "entrance_no": "3", "lat": "37.454356", "lon": "126.953767", "ground_m": "149.7", "rel_to_1f_m": "+1.5", "floor_est": "1층", "floor_checked": "", "kind": "yes", "source": "osm-entrance", "osm_id": "4564999929", "osm_level": "", "note": ""}}, {"type": "Feature", "geometry": {"type": "Point", "coordinates": [126.953596, 37.454113]}, "properties": {"building": "105", "name": "유전공학연구소", "entrance_no": "4", "lat": "37.454113", "lon": "126.953596", "ground_m": "149.8", "rel_to_1f_m": "+1.6", "floor_est": "1층", "floor_checked": "", "kind": "yes", "source": "osm-entrance", "osm_id": "4564999930", "osm_level": "", "note": ""}}, {"type": "Feature", "geometry": {"type": "Point", "coordinates": [126.953374, 37.454282]}, "properties": {"building": "105-1", "name": "창업보육센터및유전공학연구소", "entrance_no": "1", "lat": "37.454282", "lon": "126.953374", "ground_m": "145.9", "rel_to_1f_m": "-2.2", "floor_est": "지하1층", "floor_checked": "", "kind": "yes", "source": "osm-entrance", "osm_id": "4564999931", "osm_level": "", "note": ""}}, {"type": "Feature", "geometry": {"type": "Point", "coordinates": [126.953315, 37.454096]}, "properties": {"building": "105-1", "name": "창업보육센터및유전공학연구소", "entrance_no": "2", "lat": "37.454096", "lon": "126.953315", "ground_m": "147.0", "rel_to_1f_m": "-1.2", "floor_est": "1층", "floor_checked": "", "kind": "", "source": "osm-path-join", "osm_id": "424949441", "osm_level": "", "note": ""}}, {"type": "Feature", "geometry": {"type": "Point", "coordinates": [126.953767, 37.454356]}, "properties": {"building": "105-1", "name": "창업보육센터및유전공학연구소", "entrance_no": "3", "lat": "37.454356", "lon": "126.953767", "ground_m": "149.7", "rel_to_1f_m": "+1.5", "floor_est": "1층", "floor_checked": "", "kind": "yes", "source": "osm-entrance", "osm_id": "4564999929", "osm_level": "", "note": ""}}, {"type": "Feature", "geometry": {"type": "Point", "coordinates": [126.953596, 37.454113]}, "properties": {"building": "105-1", "name": "창업보육센터및유전공학연구소", "entrance_no": "4", "lat": "37.454113", "lon": "126.953596", "ground_m": "149.8", "rel_to_1f_m": "+1.6", "floor_est": "1층", "floor_checked": "", "kind": "yes", "source": "osm-entrance", "osm_id": "4564999930", "osm_level": "", "note": ""}}, {"type": "Feature", "geometry": {"type": "Point", "coordinates": [126.952235, 37.461025]}, "properties": {"building": "109", "name": "자하연식당", "entrance_no": "1", "lat": "37.461025", "lon": "126.952235", "ground_m": "89.8", "rel_to_1f_m": "-3.3", "floor_est": "지하1층", "floor_checked": "", "kind": "yes", "source": "osm-entrance", "osm_id": "4527843425", "osm_level": "", "note": ""}}, {"type": "Feature", "geometry": {"type": "Point", "coordinates": [126.952325, 37.461084]}, "properties": {"building": "109", "name": "자하연식당", "entrance_no": "2", "lat": "37.461084", "lon": "126.952325", "ground_m": "90.0", "rel_to_1f_m": "-3.1", "floor_est": "지하1층", "floor_checked": "", "kind": "yes", "source": "osm-entrance", "osm_id": "4527756103", "osm_level": "", "note": ""}}, {"type": "Feature", "geometry": {"type": "Point", "coordinates": [126.952603, 37.460786]}, "properties": {"building": "109", "name": "자하연식당", "entrance_no": "3", "lat": "37.460786", "lon": "126.952603", "ground_m": "94.2", "rel_to_1f_m": "+1.1", "floor_est": "1층", "floor_checked": "", "kind": "yes", "source": "osm-entrance", "osm_id": "1790463228", "osm_level": "", "note": ""}}, {"type": "Feature", "geometry": {"type": "Point", "coordinates": [126.952681, 37.460894]}, "properties": {"building": "109", "name": "자하연식당", "entrance_no": "4", "lat": "37.460894", "lon": "126.952681", "ground_m": "96.5", "rel_to_1f_m": "+3.5", "floor_est": "2층", "floor_checked": "", "kind": "yes", "source": "osm-entrance", "osm_id": "4527843432", "osm_level": "", "note": ""}}, {"type": "Feature", "geometry": {"type": "Point", "coordinates": [126.951645, 37.465138]}, "properties": {"building": "113", "name": "동원생활관", "entrance_no": "1", "lat": "37.465138", "lon": "126.951645", "ground_m": "79.4", "rel_to_1f_m": "-1.0", "floor_est": "1층", "floor_checked": "", "kind": "yes", "source": "osm-entrance", "osm_id": "4563745361", "osm_level": "", "note": ""}}, {"type": "Feature", "geometry": {"type": "Point", "coordinates": [126.951475, 37.465025]}, "properties": {"building": "113", "name": "동원생활관", "entrance_no": "2", "lat": "37.465025", "lon": "126.951475", "ground_m": "79.9", "rel_to_1f_m": "-0.5", "floor_est": "1층", "floor_checked": "", "kind": "yes", "source": "osm-entrance", "osm_id": "4563745362", "osm_level": "", "note": ""}}, {"type": "Feature", "geometry": {"type": "Point", "coordinates": [126.95195, 37.464995]}, "properties": {"building": "113", "name": "동원생활관", "entrance_no": "3", "lat": "37.464995", "lon": "126.951950", "ground_m": "80.6", "rel_to_1f_m": "+0.2", "floor_est": "1층", "floor_checked": "", "kind": "yes", "source": "osm-entrance", "osm_id": "4563745364", "osm_level": "", "note": ""}}, {"type": "Feature", "geometry": {"type": "Point", "coordinates": [126.951551, 37.464928]}, "properties": {"building": "113", "name": "동원생활관", "entrance_no": "4", "lat": "37.464928", "lon": "126.951551", "ground_m": "81.3", "rel_to_1f_m": "+0.9", "floor_est": "1층", "floor_checked": "", "kind": "yes", "source": "osm-entrance", "osm_id": "4563745363", "osm_level": "", "note": ""}}, {"type": "Feature", "geometry": {"type": "Point", "coordinates": [126.951674, 37.464917]}, "properties": {"building": "113", "name": "동원생활관", "entrance_no": "5", "lat": "37.464917", "lon": "126.951674", "ground_m": "81.6", "rel_to_1f_m": "+1.2", "floor_est": "1층", "floor_checked": "", "kind": "yes", "source": "osm-entrance", "osm_id": "4563745365", "osm_level": "", "note": ""}}, {"type": "Feature", "geometry": {"type": "Point", "coordinates": [126.957637, 37.466835]}, "properties": {"building": "121", "name": "공관", "entrance_no": "1", "lat": "37.466835", "lon": "126.957637", "ground_m": "72.6", "rel_to_1f_m": "-1.5", "floor_est": "1층", "floor_checked": "", "kind": "", "source": "osm-path-end", "osm_id": "1544574873", "osm_level": "", "note": ""}}, {"type": "Feature", "geometry": {"type": "Point", "coordinates": [126.949557, 37.457685]}, "properties": {"building": "129", "name": "수리과학연구동", "entrance_no": "1", "lat": "37.457685", "lon": "126.949557", "ground_m": "95.0", "rel_to_1f_m": "-0.0", "floor_est": "1층", "floor_checked": "", "kind": "yes", "source": "osm-entrance", "osm_id": "4562091890", "osm_level": "", "note": ""}}, {"type": "Feature", "geometry": {"type": "Point", "coordinates": [126.949455, 37.457605]}, "properties": {"building": "129", "name": "수리과학연구동", "entrance_no": "2", "lat": "37.457605", "lon": "126.949455", "ground_m": "95.5", "rel_to_1f_m": "+0.5", "floor_est": "1층", "floor_checked": "", "kind": "yes", "source": "osm-entrance", "osm_id": "4562091889", "osm_level": "", "note": ""}}, {"type": "Feature", "geometry": {"type": "Point", "coordinates": [126.950519, 37.454303]}, "properties": {"building": "130", "name": "기초전력연구소", "entrance_no": "1", "lat": "37.454303", "lon": "126.950519", "ground_m": "122.6", "rel_to_1f_m": "+0.5", "floor_est": "1층", "floor_checked": "", "kind": "yes", "source": "osm-entrance", "osm_id": "4373965760", "osm_level": "", "note": ""}}, {"type": "Feature", "geometry": {"type": "Point", "coordinates": [126.950774, 37.45415]}, "properties": {"building": "130", "name": "기초전력연구소", "entrance_no": "2", "lat": "37.454150", "lon": "126.950774", "ground_m": "124.7", "rel_to_1f_m": "+2.5", "floor_est": "2층", "floor_checked": "", "kind": "yes", "source": "osm-entrance", "osm_id": "4564999920", "osm_level": "", "note": ""}}, {"type": "Feature", "geometry": {"type": "Point", "coordinates": [126.950555, 37.453559]}, "properties": {"building": "131", "name": "신소재공동연구소", "entrance_no": "1", "lat": "37.453559", "lon": "126.950555", "ground_m": "129.6", "rel_to_1f_m": "-1.1", "floor_est": "1층", "floor_checked": "", "kind": "yes", "source": "osm-entrance", "osm_id": "4564999933", "osm_level": "", "note": ""}}, {"type": "Feature", "geometry": {"type": "Point", "coordinates": [126.950697, 37.453421]}, "properties": {"building": "131", "name": "신소재공동연구소", "entrance_no": "2", "lat": "37.453421", "lon": "126.950697", "ground_m": "131.8", "rel_to_1f_m": "+1.1", "floor_est": "1층", "floor_checked": "", "kind": "yes", "source": "osm-entrance", "osm_id": "4566997720", "osm_level": "", "note": ""}}, {"type": "Feature", "geometry": {"type": "Point", "coordinates": [126.95374, 37.454889]}, "properties": {"building": "132", "name": "뉴미디어통신공동연구소", "entrance_no": "1", "lat": "37.454889", "lon": "126.953740", "ground_m": "148.7", "rel_to_1f_m": "-0.9", "floor_est": "1층", "floor_checked": "", "kind": "yes", "source": "osm-entrance", "osm_id": "4564999927", "osm_level": "", "note": ""}}, {"type": "Feature", "geometry": {"type": "Point", "coordinates": [126.954076, 37.454789]}, "properties": {"building": "132", "name": "뉴미디어통신공동연구소", "entrance_no": "2", "lat": "37.454789", "lon": "126.954076", "ground_m": "149.9", "rel_to_1f_m": "+0.3", "floor_est": "1층", "floor_checked": "", "kind": "yes", "source": "osm-entrance", "osm_id": "4564999928", "osm_level": "", "note": ""}}, {"type": "Feature", "geometry": {"type": "Point", "coordinates": [126.950519, 37.454303]}, "properties": {"building": "133", "name": "자동화연구소", "entrance_no": "1", "lat": "37.454303", "lon": "126.950519", "ground_m": "122.6", "rel_to_1f_m": "+0.6", "floor_est": "1층", "floor_checked": "", "kind": "yes", "source": "osm-entrance", "osm_id": "4373965760", "osm_level": "", "note": ""}}, {"type": "Feature", "geometry": {"type": "Point", "coordinates": [126.950276, 37.454194]}, "properties": {"building": "133", "name": "자동화연구소", "entrance_no": "2", "lat": "37.454194", "lon": "126.950276", "ground_m": "123.2", "rel_to_1f_m": "+1.2", "floor_est": "1층", "floor_checked": "", "kind": "yes", "source": "osm-entrance", "osm_id": "4564999919", "osm_level": "", "note": ""}}, {"type": "Feature", "geometry": {"type": "Point", "coordinates": [126.950296, 37.45406]}, "properties": {"building": "133", "name": "자동화연구소", "entrance_no": "3", "lat": "37.454060", "lon": "126.950296", "ground_m": "124.5", "rel_to_1f_m": "+2.5", "floor_est": "2층", "floor_checked": "", "kind": "", "source": "osm-path-end", "osm_id": "1544778667", "osm_level": "", "note": ""}}, {"type": "Feature", "geometry": {"type": "Point", "coordinates": [126.952012, 37.454462]}, "properties": {"building": "135", "name": "에너지신기술연구동", "entrance_no": "1", "lat": "37.454462", "lon": "126.952012", "ground_m": "126.0", "rel_to_1f_m": "-2.0", "floor_est": "지하1층", "floor_checked": "", "kind": "yes", "source": "osm-entrance", "osm_id": "4564999912", "osm_level": "", "note": ""}}, {"type": "Feature", "geometry": {"type": "Point", "coordinates": [126.952032, 37.454245]}, "properties": {"building": "135", "name": "에너지신기술연구동", "entrance_no": "2", "lat": "37.454245", "lon": "126.952032", "ground_m": "126.8", "rel_to_1f_m": "-1.2", "floor_est": "1층", "floor_checked": "", "kind": "yes", "source": "osm-entrance", "osm_id": "4564999913", "osm_level": "", "note": ""}}, {"type": "Feature", "geometry": {"type": "Point", "coordinates": [126.95313, 37.466499]}, "properties": {"building": "137-1", "name": "CJ어학관", "entrance_no": "1", "lat": "37.466499", "lon": "126.953130", "ground_m": "84.0", "rel_to_1f_m": "-1.9", "floor_est": "1층", "floor_checked": "", "kind": "", "source": "osm-path-end", "osm_id": "1544364813", "osm_level": "", "note": ""}}, {"type": "Feature", "geometry": {"type": "Point", "coordinates": [126.95483, 37.455802]}, "properties": {"building": "138", "name": "컴퓨터연구소", "entrance_no": "1", "lat": "37.455802", "lon": "126.954830", "ground_m": "158.3", "rel_to_1f_m": "-0.4", "floor_est": "1층", "floor_checked": "", "kind": "yes", "source": "osm-entrance", "osm_id": "4344097190", "osm_level": "", "note": ""}}, {"type": "Feature", "geometry": {"type": "Point", "coordinates": [126.9543, 37.464021]}, "properties": {"building": "140", "name": "국제대학원", "entrance_no": "1", "lat": "37.464021", "lon": "126.954300", "ground_m": "104.4", "rel_to_1f_m": "-5.7", "floor_est": "지하1층", "floor_checked": "", "kind": "", "source": "osm-path-join", "osm_id": "456356702", "osm_level": "", "note": ""}}, {"type": "Feature", "geometry": {"type": "Point", "coordinates": [126.954602, 37.464313]}, "properties": {"building": "140", "name": "국제대학원", "entrance_no": "2", "lat": "37.464313", "lon": "126.954602", "ground_m": "105.7", "rel_to_1f_m": "-4.4", "floor_est": "지하1층", "floor_checked": "", "kind": "", "source": "osm-path-end", "osm_id": "460771011", "osm_level": "", "note": ""}}, {"type": "Feature", "geometry": {"type": "Point", "coordinates": [126.954579, 37.464183]}, "properties": {"building": "140", "name": "국제대학원", "entrance_no": "3", "lat": "37.464183", "lon": "126.954579", "ground_m": "107.3", "rel_to_1f_m": "-2.9", "floor_est": "지하1층", "floor_checked": "", "kind": "yes", "source": "osm-entrance", "osm_id": "4563745388", "osm_level": "", "note": ""}}, {"type": "Feature", "geometry": {"type": "Point", "coordinates": [126.954853, 37.4641]}, "properties": {"building": "140", "name": "국제대학원", "entrance_no": "4", "lat": "37.464100", "lon": "126.954853", "ground_m": "114.9", "rel_to_1f_m": "+4.8", "floor_est": "2층", "floor_checked": "", "kind": "yes", "source": "osm-entrance", "osm_id": "4563745387", "osm_level": "", "note": ""}}, {"type": "Feature", "geometry": {"type": "Point", "coordinates": [126.954758, 37.463947]}, "properties": {"building": "140", "name": "국제대학원", "entrance_no": "5", "lat": "37.463947", "lon": "126.954758", "ground_m": "116.0", "rel_to_1f_m": "+5.9", "floor_est": "2층", "floor_checked": "", "kind": "yes", "source": "osm-entrance", "osm_id": "4563745989", "osm_level": "", "note": ""}}, {"type": "Feature", "geometry": {"type": "Point", "coordinates": [126.9543, 37.464021]}, "properties": {"building": "140-1", "name": "국제대학원2", "entrance_no": "1", "lat": "37.464021", "lon": "126.954300", "ground_m": "104.4", "rel_to_1f_m": "-5.7", "floor_est": "지하1층", "floor_checked": "", "kind": "", "source": "osm-path-join", "osm_id": "456356702", "osm_level": "", "note": ""}}, {"type": "Feature", "geometry": {"type": "Point", "coordinates": [126.954602, 37.464313]}, "properties": {"building": "140-1", "name": "국제대학원2", "entrance_no": "2", "lat": "37.464313", "lon": "126.954602", "ground_m": "105.7", "rel_to_1f_m": "-4.4", "floor_est": "지하1층", "floor_checked": "", "kind": "", "source": "osm-path-end", "osm_id": "460771011", "osm_level": "", "note": ""}}, {"type": "Feature", "geometry": {"type": "Point", "coordinates": [126.954579, 37.464183]}, "properties": {"building": "140-1", "name": "국제대학원2", "entrance_no": "3", "lat": "37.464183", "lon": "126.954579", "ground_m": "107.3", "rel_to_1f_m": "-2.9", "floor_est": "지하1층", "floor_checked": "", "kind": "yes", "source": "osm-entrance", "osm_id": "4563745388", "osm_level": "", "note": ""}}, {"type": "Feature", "geometry": {"type": "Point", "coordinates": [126.954853, 37.4641]}, "properties": {"building": "140-1", "name": "국제대학원2", "entrance_no": "4", "lat": "37.464100", "lon": "126.954853", "ground_m": "114.9", "rel_to_1f_m": "+4.8", "floor_est": "2층", "floor_checked": "", "kind": "yes", "source": "osm-entrance", "osm_id": "4563745387", "osm_level": "", "note": ""}}, {"type": "Feature", "geometry": {"type": "Point", "coordinates": [126.954758, 37.463947]}, "properties": {"building": "140-1", "name": "국제대학원2", "entrance_no": "5", "lat": "37.463947", "lon": "126.954758", "ground_m": "116.0", "rel_to_1f_m": "+5.9", "floor_est": "2층", "floor_checked": "", "kind": "yes", "source": "osm-entrance", "osm_id": "4563745989", "osm_level": "", "note": ""}}, {"type": "Feature", "geometry": {"type": "Point", "coordinates": [126.9543, 37.464021]}, "properties": {"building": "140-2", "name": "국제회의동", "entrance_no": "1", "lat": "37.464021", "lon": "126.954300", "ground_m": "104.4", "rel_to_1f_m": "-7.3", "floor_est": "지하2층", "floor_checked": "", "kind": "", "source": "osm-path-join", "osm_id": "456356702", "osm_level": "", "note": ""}}, {"type": "Feature", "geometry": {"type": "Point", "coordinates": [126.954579, 37.464183]}, "properties": {"building": "140-2", "name": "국제회의동", "entrance_no": "2", "lat": "37.464183", "lon": "126.954579", "ground_m": "107.3", "rel_to_1f_m": "-4.4", "floor_est": "지하1층", "floor_checked": "", "kind": "yes", "source": "osm-entrance", "osm_id": "4563745388", "osm_level": "", "note": ""}}, {"type": "Feature", "geometry": {"type": "Point", "coordinates": [126.954853, 37.4641]}, "properties": {"building": "140-2", "name": "국제회의동", "entrance_no": "3", "lat": "37.464100", "lon": "126.954853", "ground_m": "114.9", "rel_to_1f_m": "+3.2", "floor_est": "2층", "floor_checked": "", "kind": "yes", "source": "osm-entrance", "osm_id": "4563745387", "osm_level": "", "note": ""}}, {"type": "Feature", "geometry": {"type": "Point", "coordinates": [126.954758, 37.463947]}, "properties": {"building": "140-2", "name": "국제회의동", "entrance_no": "4", "lat": "37.463947", "lon": "126.954758", "ground_m": "116.0", "rel_to_1f_m": "+4.3", "floor_est": "2층", "floor_checked": "", "kind": "yes", "source": "osm-entrance", "osm_id": "4563745989", "osm_level": "", "note": ""}}, {"type": "Feature", "geometry": {"type": "Point", "coordinates": [126.952753, 37.458196]}, "properties": {"building": "143", "name": "약대신약개발연구센터", "entrance_no": "1", "lat": "37.458196", "lon": "126.952753", "ground_m": "123.2", "rel_to_1f_m": "-5.6", "floor_est": "지하1층", "floor_checked": "", "kind": "yes", "source": "osm-entrance", "osm_id": "4332551615", "osm_level": "", "note": ""}}, {"type": "Feature", "geometry": {"type": "Point", "coordinates": [126.952832, 37.45801]}, "properties": {"building": "143", "name": "약대신약개발연구센터", "entrance_no": "2", "lat": "37.458010", "lon": "126.952832", "ground_m": "127.0", "rel_to_1f_m": "-1.8", "floor_est": "1층", "floor_checked": "", "kind": "yes", "source": "osm-entrance", "osm_id": "4332551620", "osm_level": "", "note": ""}}, {"type": "Feature", "geometry": {"type": "Point", "coordinates": [126.953061, 37.458215]}, "properties": {"building": "143", "name": "약대신약개발연구센터", "entrance_no": "3", "lat": "37.458215", "lon": "126.953061", "ground_m": "128.9", "rel_to_1f_m": "+0.1", "floor_est": "1층", "floor_checked": "", "kind": "", "source": "osm-path-join", "osm_id": "435329625", "osm_level": "", "note": ""}}, {"type": "Feature", "geometry": {"type": "Point", "coordinates": [126.948126, 37.457866]}, "properties": {"building": "200", "name": "농업생명과학대학", "entrance_no": "1", "lat": "37.457866", "lon": "126.948126", "ground_m": "85.6", "rel_to_1f_m": "-3.4", "floor_est": "지하1층", "floor_checked": "", "kind": "yes", "source": "osm-entrance", "osm_id": "4566528836", "osm_level": "", "note": ""}}, {"type": "Feature", "geometry": {"type": "Point", "coordinates": [126.94827, 37.457337]}, "properties": {"building": "200", "name": "농업생명과학대학", "entrance_no": "2", "lat": "37.457337", "lon": "126.948270", "ground_m": "86.9", "rel_to_1f_m": "-2.1", "floor_est": "지하1층", "floor_checked": "", "kind": "yes", "source": "osm-entrance", "osm_id": "4566528837", "osm_level": "", "note": ""}}, {"type": "Feature", "geometry": {"type": "Point", "coordinates": [126.948793, 37.458137]}, "properties": {"building": "200", "name": "농업생명과학대학", "entrance_no": "3", "lat": "37.458137", "lon": "126.948793", "ground_m": "90.1", "rel_to_1f_m": "+1.1", "floor_est": "1층", "floor_checked": "", "kind": "yes", "source": "osm-entrance", "osm_id": "4566528835", "osm_level": "", "note": ""}}, {"type": "Feature", "geometry": {"type": "Point", "coordinates": [126.948946, 37.457705]}, "properties": {"building": "200", "name": "농업생명과학대학", "entrance_no": "4", "lat": "37.457705", "lon": "126.948946", "ground_m": "93.9", "rel_to_1f_m": "+4.9", "floor_est": "2층", "floor_checked": "", "kind": "yes", "source": "osm-entrance", "osm_id": "4566528838", "osm_level": "", "note": ""}}, {"type": "Feature", "geometry": {"type": "Point", "coordinates": [126.948995, 37.457305]}, "properties": {"building": "200", "name": "농업생명과학대학", "entrance_no": "5", "lat": "37.457305", "lon": "126.948995", "ground_m": "95.3", "rel_to_1f_m": "+6.3", "floor_est": "3층", "floor_checked": "", "kind": "yes", "source": "osm-entrance", "osm_id": "4566528839", "osm_level": "", "note": ""}}, {"type": "Feature", "geometry": {"type": "Point", "coordinates": [126.948724, 37.456886]}, "properties": {"building": "201", "name": "농업생명과학대학환경관", "entrance_no": "1", "lat": "37.456886", "lon": "126.948724", "ground_m": "95.3", "rel_to_1f_m": "+5.0", "floor_est": "2층", "floor_checked": "", "kind": "yes", "source": "osm-entrance", "osm_id": "4564998553", "osm_level": "", "note": ""}}, {"type": "Feature", "geometry": {"type": "Point", "coordinates": [126.948732, 37.457026]}, "properties": {"building": "201", "name": "농업생명과학대학환경관", "entrance_no": "2", "lat": "37.457026", "lon": "126.948732", "ground_m": "95.7", "rel_to_1f_m": "+5.4", "floor_est": "2층", "floor_checked": "", "kind": "", "source": "osm-path-end", "osm_id": "1544714466", "osm_level": "", "note": ""}}, {"type": "Feature", "geometry": {"type": "Point", "coordinates": [126.948116, 37.458193]}, "properties": {"building": "203", "name": "SPC농생명과학 및 기초과학연구동", "entrance_no": "1", "lat": "37.458193", "lon": "126.948116", "ground_m": "85.6", "rel_to_1f_m": "-0.8", "floor_est": "1층", "floor_checked": "", "kind": "yes", "source": "osm-entrance", "osm_id": "4566528833", "osm_level": "", "note": ""}}, {"type": "Feature", "geometry": {"type": "Point", "coordinates": [126.948047, 37.458444]}, "properties": {"building": "203", "name": "SPC농생명과학 및 기초과학연구동", "entrance_no": "2", "lat": "37.458444", "lon": "126.948047", "ground_m": "86.0", "rel_to_1f_m": "-0.4", "floor_est": "1층", "floor_checked": "", "kind": "yes", "source": "osm-entrance", "osm_id": "4566528832", "osm_level": "", "note": ""}}, {"type": "Feature", "geometry": {"type": "Point", "coordinates": [126.948679, 37.458402]}, "properties": {"building": "203", "name": "SPC농생명과학 및 기초과학연구동", "entrance_no": "3", "lat": "37.458402", "lon": "126.948679", "ground_m": "90.0", "rel_to_1f_m": "+3.6", "floor_est": "2층", "floor_checked": "", "kind": "yes", "source": "osm-entrance", "osm_id": "4566528834", "osm_level": "", "note": ""}}, {"type": "Feature", "geometry": {"type": "Point", "coordinates": [126.95364, 37.464725]}, "properties": {"building": "220", "name": "종합교육연구동", "entrance_no": "1", "lat": "37.464725", "lon": "126.953640", "ground_m": "97.0", "rel_to_1f_m": "-3.9", "floor_est": "지하1층", "floor_checked": "", "kind": "yes", "source": "osm-entrance", "osm_id": "4531518011", "osm_level": "", "note": ""}}, {"type": "Feature", "geometry": {"type": "Point", "coordinates": [126.953597, 37.464664]}, "properties": {"building": "220", "name": "종합교육연구동", "entrance_no": "2", "lat": "37.464664", "lon": "126.953597", "ground_m": "97.2", "rel_to_1f_m": "-3.7", "floor_est": "지하1층", "floor_checked": "", "kind": "", "source": "osm-path-end", "osm_id": "456922959", "osm_level": "", "note": ""}}, {"type": "Feature", "geometry": {"type": "Point", "coordinates": [126.95365, 37.463924]}, "properties": {"building": "220", "name": "종합교육연구동", "entrance_no": "3", "lat": "37.463924", "lon": "126.953650", "ground_m": "100.0", "rel_to_1f_m": "-0.9", "floor_est": "1층", "floor_checked": "", "kind": "yes", "source": "osm-entrance", "osm_id": "4531515085", "osm_level": "", "note": ""}}, {"type": "Feature", "geometry": {"type": "Point", "coordinates": [126.954252, 37.46461]}, "properties": {"building": "220", "name": "종합교육연구동", "entrance_no": "4", "lat": "37.464610", "lon": "126.954252", "ground_m": "100.4", "rel_to_1f_m": "-0.5", "floor_est": "1층", "floor_checked": "", "kind": "yes", "source": "osm-entrance", "osm_id": "4514838231", "osm_level": "", "note": ""}}, {"type": "Feature", "geometry": {"type": "Point", "coordinates": [126.953952, 37.464391]}, "properties": {"building": "220", "name": "종합교육연구동", "entrance_no": "5", "lat": "37.464391", "lon": "126.953952", "ground_m": "100.5", "rel_to_1f_m": "-0.4", "floor_est": "1층", "floor_checked": "", "kind": "yes", "source": "osm-entrance", "osm_id": "4563745381", "osm_level": "", "note": ""}}, {"type": "Feature", "geometry": {"type": "Point", "coordinates": [126.953845, 37.464225]}, "properties": {"building": "220", "name": "종합교육연구동", "entrance_no": "6", "lat": "37.464225", "lon": "126.953845", "ground_m": "100.9", "rel_to_1f_m": "-0.0", "floor_est": "1층", "floor_checked": "", "kind": "yes", "source": "osm-entrance", "osm_id": "4531515084", "osm_level": "", "note": ""}}, {"type": "Feature", "geometry": {"type": "Point", "coordinates": [126.954001, 37.464022]}, "properties": {"building": "220", "name": "종합교육연구동", "entrance_no": "7", "lat": "37.464022", "lon": "126.954001", "ground_m": "101.6", "rel_to_1f_m": "+0.7", "floor_est": "1층", "floor_checked": "", "kind": "yes", "source": "osm-entrance", "osm_id": "4563745383", "osm_level": "", "note": ""}}, {"type": "Feature", "geometry": {"type": "Point", "coordinates": [126.954479, 37.464895]}, "properties": {"building": "221", "name": "보건대학원", "entrance_no": "1", "lat": "37.464895", "lon": "126.954479", "ground_m": "100.7", "rel_to_1f_m": "-2.5", "floor_est": "지하1층", "floor_checked": "", "kind": "yes", "source": "osm-entrance", "osm_id": "4563745384", "osm_level": "", "note": ""}}, {"type": "Feature", "geometry": {"type": "Point", "coordinates": [126.954784, 37.46461]}, "properties": {"building": "221", "name": "보건대학원", "entrance_no": "2", "lat": "37.464610", "lon": "126.954784", "ground_m": "104.8", "rel_to_1f_m": "+1.6", "floor_est": "1층", "floor_checked": "", "kind": "yes", "source": "osm-entrance", "osm_id": "4563745385", "osm_level": "", "note": ""}}, {"type": "Feature", "geometry": {"type": "Point", "coordinates": [126.953142, 37.464553]}, "properties": {"building": "222", "name": "생활과학대학", "entrance_no": "1", "lat": "37.464553", "lon": "126.953142", "ground_m": "89.7", "rel_to_1f_m": "-4.2", "floor_est": "지하1층", "floor_checked": "", "kind": "yes", "source": "osm-entrance", "osm_id": "4531518017", "osm_level": "", "note": ""}}, {"type": "Feature", "geometry": {"type": "Point", "coordinates": [126.953254, 37.464708]}, "properties": {"building": "222", "name": "생활과학대학", "entrance_no": "2", "lat": "37.464708", "lon": "126.953254", "ground_m": "90.0", "rel_to_1f_m": "-4.0", "floor_est": "지하1층", "floor_checked": "", "kind": "yes", "source": "osm-entrance", "osm_id": "4563745375", "osm_level": "", "note": ""}}, {"type": "Feature", "geometry": {"type": "Point", "coordinates": [126.953038, 37.464401]}, "properties": {"building": "222", "name": "생활과학대학", "entrance_no": "3", "lat": "37.464401", "lon": "126.953038", "ground_m": "90.8", "rel_to_1f_m": "-3.1", "floor_est": "지하1층", "floor_checked": "", "kind": "yes", "source": "osm-entrance", "osm_id": "4563745378", "osm_level": "", "note": ""}}, {"type": "Feature", "geometry": {"type": "Point", "coordinates": [126.95338, 37.464705]}, "properties": {"building": "222", "name": "생활과학대학", "entrance_no": "4", "lat": "37.464705", "lon": "126.953380", "ground_m": "93.0", "rel_to_1f_m": "-0.9", "floor_est": "1층", "floor_checked": "", "kind": "yes", "source": "osm-entrance", "osm_id": "4563745376", "osm_level": "", "note": ""}}, {"type": "Feature", "geometry": {"type": "Point", "coordinates": [126.953345, 37.464429]}, "properties": {"building": "222", "name": "생활과학대학", "entrance_no": "5", "lat": "37.464429", "lon": "126.953345", "ground_m": "94.8", "rel_to_1f_m": "+0.9", "floor_est": "1층", "floor_checked": "", "kind": "yes", "source": "osm-entrance", "osm_id": "4531517992", "osm_level": "", "note": ""}}, {"type": "Feature", "geometry": {"type": "Point", "coordinates": [126.953492, 37.464298]}, "properties": {"building": "222", "name": "생활과학대학", "entrance_no": "6", "lat": "37.464298", "lon": "126.953492", "ground_m": "98.8", "rel_to_1f_m": "+4.8", "floor_est": "2층", "floor_checked": "", "kind": "", "source": "osm-path-end", "osm_id": "456922935", "osm_level": "", "note": ""}}, {"type": "Feature", "geometry": {"type": "Point", "coordinates": [126.952641, 37.460465]}, "properties": {"building": "250", "name": "인문관연결동(1동-2동)", "entrance_no": "1", "lat": "37.460465", "lon": "126.952641", "ground_m": "95.3", "rel_to_1f_m": "-1.5", "floor_est": "1층", "floor_checked": "", "kind": "yes", "source": "osm-entrance", "osm_id": "4564750849", "osm_level": "", "note": ""}}, {"type": "Feature", "geometry": {"type": "Point", "coordinates": [126.952678, 37.460541]}, "properties": {"building": "250", "name": "인문관연결동(1동-2동)", "entrance_no": "2", "lat": "37.460541", "lon": "126.952678", "ground_m": "95.3", "rel_to_1f_m": "-1.5", "floor_est": "1층", "floor_checked": "", "kind": "yes", "source": "osm-entrance", "osm_id": "4564750850", "osm_level": "", "note": ""}}, {"type": "Feature", "geometry": {"type": "Point", "coordinates": [126.952592, 37.460311]}, "properties": {"building": "250", "name": "인문관연결동(1동-2동)", "entrance_no": "3", "lat": "37.460311", "lon": "126.952592", "ground_m": "95.6", "rel_to_1f_m": "-1.2", "floor_est": "1층", "floor_checked": "", "kind": "yes", "source": "osm-entrance", "osm_id": "4564750847", "osm_level": "", "note": ""}}, {"type": "Feature", "geometry": {"type": "Point", "coordinates": [126.95274, 37.460318]}, "properties": {"building": "250", "name": "인문관연결동(1동-2동)", "entrance_no": "4", "lat": "37.460318", "lon": "126.952740", "ground_m": "96.1", "rel_to_1f_m": "-0.7", "floor_est": "1층", "floor_checked": "", "kind": "yes", "source": "osm-entrance", "osm_id": "4564750851", "osm_level": "", "note": ""}}, {"type": "Feature", "geometry": {"type": "Point", "coordinates": [126.953235, 37.460397]}, "properties": {"building": "250", "name": "인문관연결동(1동-2동)", "entrance_no": "5", "lat": "37.460397", "lon": "126.953235", "ground_m": "98.1", "rel_to_1f_m": "+1.3", "floor_est": "1층", "floor_checked": "", "kind": "yes", "source": "osm-entrance", "osm_id": "4564750853", "osm_level": "", "note": ""}}, {"type": "Feature", "geometry": {"type": "Point", "coordinates": [126.953254, 37.460291]}, "properties": {"building": "250", "name": "인문관연결동(1동-2동)", "entrance_no": "6", "lat": "37.460291", "lon": "126.953254", "ground_m": "98.7", "rel_to_1f_m": "+1.9", "floor_est": "1층", "floor_checked": "", "kind": "yes", "source": "osm-entrance", "osm_id": "4564750854", "osm_level": "", "note": ""}}, {"type": "Feature", "geometry": {"type": "Point", "coordinates": [126.9543, 37.460853]}, "properties": {"building": "251", "name": "사회관연결동(6동-7동)", "entrance_no": "1", "lat": "37.460853", "lon": "126.954300", "ground_m": "102.6", "rel_to_1f_m": "-2.6", "floor_est": "지하1층", "floor_checked": "", "kind": "yes", "source": "osm-entrance", "osm_id": "4564750863", "osm_level": "", "note": ""}}, {"type": "Feature", "geometry": {"type": "Point", "coordinates": [126.954339, 37.46071]}, "properties": {"building": "251", "name": "사회관연결동(6동-7동)", "entrance_no": "2", "lat": "37.460710", "lon": "126.954339", "ground_m": "102.8", "rel_to_1f_m": "-2.4", "floor_est": "지하1층", "floor_checked": "", "kind": "yes", "source": "osm-entrance", "osm_id": "4564750864", "osm_level": "", "note": ""}}, {"type": "Feature", "geometry": {"type": "Point", "coordinates": [126.954753, 37.460608]}, "properties": {"building": "251", "name": "사회관연결동(6동-7동)", "entrance_no": "3", "lat": "37.460608", "lon": "126.954753", "ground_m": "107.1", "rel_to_1f_m": "+1.9", "floor_est": "1층", "floor_checked": "", "kind": "yes", "source": "osm-entrance", "osm_id": "4564750865", "osm_level": "", "note": ""}}, {"type": "Feature", "geometry": {"type": "Point", "coordinates": [126.955161, 37.460385]}, "properties": {"building": "252", "name": "교육관연결동(10동-11동)", "entrance_no": "1", "lat": "37.460385", "lon": "126.955161", "ground_m": "111.9", "rel_to_1f_m": "-2.7", "floor_est": "지하1층", "floor_checked": "", "kind": "yes", "source": "osm-entrance", "osm_id": "4564750880", "osm_level": "", "note": ""}}, {"type": "Feature", "geometry": {"type": "Point", "coordinates": [126.955226, 37.46024]}, "properties": {"building": "252", "name": "교육관연결동(10동-11동)", "entrance_no": "2", "lat": "37.460240", "lon": "126.955226", "ground_m": "113.2", "rel_to_1f_m": "-1.3", "floor_est": "1층", "floor_checked": "", "kind": "yes", "source": "osm-entrance", "osm_id": "4564750881", "osm_level": "", "note": ""}}, {"type": "Feature", "geometry": {"type": "Point", "coordinates": [126.955599, 37.460179]}, "properties": {"building": "252", "name": "교육관연결동(10동-11동)", "entrance_no": "3", "lat": "37.460179", "lon": "126.955599", "ground_m": "116.4", "rel_to_1f_m": "+1.8", "floor_est": "1층", "floor_checked": "", "kind": "yes", "source": "osm-entrance", "osm_id": "4564750885", "osm_level": "", "note": ""}}, {"type": "Feature", "geometry": {"type": "Point", "coordinates": [126.955493, 37.460042]}, "properties": {"building": "252", "name": "교육관연결동(10동-11동)", "entrance_no": "4", "lat": "37.460042", "lon": "126.955493", "ground_m": "117.1", "rel_to_1f_m": "+2.6", "floor_est": "2층", "floor_checked": "", "kind": "yes", "source": "osm-entrance", "osm_id": "4564750883", "osm_level": "", "note": ""}}, {"type": "Feature", "geometry": {"type": "Point", "coordinates": [126.952432, 37.450483]}, "properties": {"building": "301", "name": "제1공학관", "entrance_no": "1", "lat": "37.450483", "lon": "126.952432", "ground_m": "183.6", "rel_to_1f_m": "-6.1", "floor_est": "지하2층", "floor_checked": "", "kind": "yes", "source": "osm-entrance", "osm_id": "4749980473", "osm_level": "", "note": ""}}, {"type": "Feature", "geometry": {"type": "Point", "coordinates": [126.952224, 37.450179]}, "properties": {"building": "301", "name": "제1공학관", "entrance_no": "2", "lat": "37.450179", "lon": "126.952224", "ground_m": "189.0", "rel_to_1f_m": "-0.7", "floor_est": "1층", "floor_checked": "", "kind": "yes", "source": "osm-entrance", "osm_id": "4749980478", "osm_level": "", "note": ""}}, {"type": "Feature", "geometry": {"type": "Point", "coordinates": [126.952405, 37.449262]}, "properties": {"building": "301", "name": "제1공학관", "entrance_no": "3", "lat": "37.449262", "lon": "126.952405", "ground_m": "191.6", "rel_to_1f_m": "+1.8", "floor_est": "1층", "floor_checked": "", "kind": "yes", "source": "osm-entrance", "osm_id": "4749980474", "osm_level": "", "note": ""}}, {"type": "Feature", "geometry": {"type": "Point", "coordinates": [126.952313, 37.449263]}, "properties": {"building": "301", "name": "제1공학관", "entrance_no": "4", "lat": "37.449263", "lon": "126.952313", "ground_m": "193.5", "rel_to_1f_m": "+3.7", "floor_est": "2층", "floor_checked": "", "kind": "", "source": "osm-path-end", "osm_id": "481917517", "osm_level": "", "note": ""}}, {"type": "Feature", "geometry": {"type": "Point", "coordinates": [126.952209, 37.449478]}, "properties": {"building": "301", "name": "제1공학관", "entrance_no": "5", "lat": "37.449478", "lon": "126.952209", "ground_m": "193.7", "rel_to_1f_m": "+4.0", "floor_est": "2층", "floor_checked": "", "kind": "yes", "source": "osm-entrance", "osm_id": "4749980475", "osm_level": "", "note": ""}}, {"type": "Feature", "geometry": {"type": "Point", "coordinates": [126.952438, 37.449028]}, "properties": {"building": "302", "name": "제2공학관", "entrance_no": "1", "lat": "37.449028", "lon": "126.952438", "ground_m": "203.0", "rel_to_1f_m": "-3.4", "floor_est": "지하1층", "floor_checked": "", "kind": "yes", "source": "osm-entrance", "osm_id": "4748070027", "osm_level": "", "note": ""}}, {"type": "Feature", "geometry": {"type": "Point", "coordinates": [126.952204, 37.44879]}, "properties": {"building": "302", "name": "제2공학관", "entrance_no": "2", "lat": "37.448790", "lon": "126.952204", "ground_m": "204.4", "rel_to_1f_m": "-2.0", "floor_est": "1층", "floor_checked": "", "kind": "yes", "source": "osm-entrance", "osm_id": "4748070026", "osm_level": "", "note": ""}}, {"type": "Feature", "geometry": {"type": "Point", "coordinates": [126.952725, 37.448446]}, "properties": {"building": "302", "name": "제2공학관", "entrance_no": "3", "lat": "37.448446", "lon": "126.952725", "ground_m": "209.1", "rel_to_1f_m": "+2.7", "floor_est": "2층", "floor_checked": "", "kind": "", "source": "osm-path-end", "osm_id": "482207541", "osm_level": "", "note": ""}}, {"type": "Feature", "geometry": {"type": "Point", "coordinates": [126.952236, 37.448244]}, "properties": {"building": "302", "name": "제2공학관", "entrance_no": "4", "lat": "37.448244", "lon": "126.952236", "ground_m": "209.4", "rel_to_1f_m": "+3.1", "floor_est": "2층", "floor_checked": "", "kind": "", "source": "osm-path-end", "osm_id": "481915891", "osm_level": "", "note": ""}}, {"type": "Feature", "geometry": {"type": "Point", "coordinates": [126.951136, 37.44858]}, "properties": {"building": "310", "name": "엔지니어하우스", "entrance_no": "1", "lat": "37.448580", "lon": "126.951136", "ground_m": "210.4", "rel_to_1f_m": "+1.1", "floor_est": "1층", "floor_checked": "", "kind": "yes", "source": "osm-entrance", "osm_id": "4749960514", "osm_level": "", "note": ""}}, {"type": "Feature", "geometry": {"type": "Point", "coordinates": [126.951785, 37.450759]}, "properties": {"building": "312", "name": "정밀기계연구소실험연구동", "entrance_no": "1", "lat": "37.450759", "lon": "126.951785", "ground_m": "174.4", "rel_to_1f_m": "+4.7", "floor_est": "2층", "floor_checked": "", "kind": "", "source": "osm-path-end", "osm_id": "777510058", "osm_level": "", "note": ""}}, {"type": "Feature", "geometry": {"type": "Point", "coordinates": [126.952268, 37.451363]}, "properties": {"building": "314", "name": "차세대자동차신기술연구소", "entrance_no": "1", "lat": "37.451363", "lon": "126.952268", "ground_m": "170.0", "rel_to_1f_m": "+3.3", "floor_est": "2층", "floor_checked": "", "kind": "", "source": "osm-path-end", "osm_id": "777628879", "osm_level": "", "note": ""}}, {"type": "Feature", "geometry": {"type": "Point", "coordinates": [126.94844, 37.459115]}, "properties": {"building": "500", "name": "대학원연구동(2단계)", "entrance_no": "1", "lat": "37.459115", "lon": "126.948440", "ground_m": "82.9", "rel_to_1f_m": "+5.3", "floor_est": "2층", "floor_checked": "", "kind": "yes", "source": "osm-entrance", "osm_id": "4562091905", "osm_level": "", "note": ""}}, {"type": "Feature", "geometry": {"type": "Point", "coordinates": [126.957579, 37.460488]}, "properties": {"building": "904", "name": "(관악사)대학원 생활관", "entrance_no": "1", "lat": "37.460488", "lon": "126.957579", "ground_m": "129.7", "rel_to_1f_m": "-0.1", "floor_est": "1층", "floor_checked": "", "kind": "", "source": "osm-path-join", "osm_id": "482456406", "osm_level": "", "note": ""}}, {"type": "Feature", "geometry": {"type": "Point", "coordinates": [126.957344, 37.460711]}, "properties": {"building": "904", "name": "(관악사)대학원 생활관", "entrance_no": "2", "lat": "37.460711", "lon": "126.957344", "ground_m": "129.8", "rel_to_1f_m": "+0.0", "floor_est": "1층", "floor_checked": "", "kind": "yes", "source": "osm-entrance", "osm_id": "4750650869", "osm_level": "", "note": ""}}, {"type": "Feature", "geometry": {"type": "Point", "coordinates": [126.957955, 37.462539]}, "properties": {"building": "906", "name": "(관악사)대학원 생활관", "entrance_no": "1", "lat": "37.462539", "lon": "126.957955", "ground_m": "120.0", "rel_to_1f_m": "-0.8", "floor_est": "1층", "floor_checked": "", "kind": "yes", "source": "osm-entrance", "osm_id": "4752760188", "osm_level": "", "note": ""}}, {"type": "Feature", "geometry": {"type": "Point", "coordinates": [126.95813, 37.462498]}, "properties": {"building": "906", "name": "(관악사)대학원 생활관", "entrance_no": "2", "lat": "37.462498", "lon": "126.958130", "ground_m": "120.0", "rel_to_1f_m": "-0.8", "floor_est": "1층", "floor_checked": "", "kind": "yes", "source": "osm-entrance", "osm_id": "4752760187", "osm_level": "", "note": ""}}, {"type": "Feature", "geometry": {"type": "Point", "coordinates": [126.958376, 37.462076]}, "properties": {"building": "906", "name": "(관악사)대학원 생활관", "entrance_no": "3", "lat": "37.462076", "lon": "126.958376", "ground_m": "122.9", "rel_to_1f_m": "+2.2", "floor_est": "2층", "floor_checked": "", "kind": "yes", "source": "osm-entrance", "osm_id": "4752760186", "osm_level": "", "note": ""}}, {"type": "Feature", "geometry": {"type": "Point", "coordinates": [126.95862, 37.46311]}, "properties": {"building": "919", "name": "(관악사)학부 생활관", "entrance_no": "1", "lat": "37.463110", "lon": "126.958620", "ground_m": "108.7", "rel_to_1f_m": "+1.5", "floor_est": "1층", "floor_checked": "", "kind": "", "source": "osm-path-end", "osm_id": "482456399", "osm_level": "", "note": ""}}, {"type": "Feature", "geometry": {"type": "Point", "coordinates": [126.958318, 37.463074]}, "properties": {"building": "919", "name": "(관악사)학부 생활관", "entrance_no": "2", "lat": "37.463074", "lon": "126.958318", "ground_m": "110.0", "rel_to_1f_m": "+2.8", "floor_est": "2층", "floor_checked": "", "kind": "", "source": "osm-path-end", "osm_id": "482456396", "osm_level": "", "note": ""}}, {"type": "Feature", "geometry": {"type": "Point", "coordinates": [126.959085, 37.46343]}, "properties": {"building": "921", "name": "(관악사)학부 생활관", "entrance_no": "1", "lat": "37.463430", "lon": "126.959085", "ground_m": "102.8", "rel_to_1f_m": "-0.0", "floor_est": "1층", "floor_checked": "", "kind": "", "source": "osm-path-end", "osm_id": "482456401", "osm_level": "", "note": ""}}, {"type": "Feature", "geometry": {"type": "Point", "coordinates": [126.958008, 37.465651]}, "properties": {"building": "946", "name": "BK국제관", "entrance_no": "1", "lat": "37.465651", "lon": "126.958008", "ground_m": "81.1", "rel_to_1f_m": "-5.0", "floor_est": "지하1층", "floor_checked": "", "kind": "", "source": "osm-path-join", "osm_id": "310022286", "osm_level": "", "note": ""}}, {"type": "Feature", "geometry": {"type": "Point", "coordinates": [126.958014, 37.46548]}, "properties": {"building": "946", "name": "BK국제관", "entrance_no": "2", "lat": "37.465480", "lon": "126.958014", "ground_m": "83.0", "rel_to_1f_m": "-3.2", "floor_est": "지하1층", "floor_checked": "", "kind": "", "source": "osm-path-join", "osm_id": "310022286", "osm_level": "", "note": ""}}, {"type": "Feature", "geometry": {"type": "Point", "coordinates": [126.958225, 37.465485]}, "properties": {"building": "946", "name": "BK국제관", "entrance_no": "3", "lat": "37.465485", "lon": "126.958225", "ground_m": "83.0", "rel_to_1f_m": "-3.1", "floor_est": "지하1층", "floor_checked": "", "kind": "", "source": "osm-path-join", "osm_id": "310022286", "osm_level": "", "note": ""}}, {"type": "Feature", "geometry": {"type": "Point", "coordinates": [126.958231, 37.465345]}, "properties": {"building": "946", "name": "BK국제관", "entrance_no": "4", "lat": "37.465345", "lon": "126.958231", "ground_m": "84.8", "rel_to_1f_m": "-1.4", "floor_est": "1층", "floor_checked": "", "kind": "", "source": "osm-path-join", "osm_id": "310022286", "osm_level": "", "note": ""}}, {"type": "Feature", "geometry": {"type": "Point", "coordinates": [126.958002, 37.465029]}, "properties": {"building": "946", "name": "BK국제관", "entrance_no": "5", "lat": "37.465029", "lon": "126.958002", "ground_m": "87.8", "rel_to_1f_m": "+1.6", "floor_est": "1층", "floor_checked": "", "kind": "", "source": "osm-path-join", "osm_id": "310022286", "osm_level": "", "note": ""}}, {"type": "Feature", "geometry": {"type": "Point", "coordinates": [126.958116, 37.46488]}, "properties": {"building": "946", "name": "BK국제관", "entrance_no": "6", "lat": "37.464880", "lon": "126.958116", "ground_m": "89.4", "rel_to_1f_m": "+3.3", "floor_est": "2층", "floor_checked": "", "kind": "", "source": "osm-path-join", "osm_id": "310022286", "osm_level": "", "note": ""}}, {"type": "Feature", "geometry": {"type": "Point", "coordinates": [126.958007, 37.464878]}, "properties": {"building": "946", "name": "BK국제관", "entrance_no": "7", "lat": "37.464878", "lon": "126.958007", "ground_m": "89.5", "rel_to_1f_m": "+3.3", "floor_est": "2층", "floor_checked": "", "kind": "", "source": "osm-path-join", "osm_id": "310022286", "osm_level": "", "note": ""}}]}