{"type": "FeatureCollection", "features": [{"type": "Feature", "geometry": {"type": "Point", "coordinates": [126.95234, 37.46027]}, "properties": {"building": "1", "name": "인문관1", "lat": "37.460270", "lon": "126.952340", "first_floor_est_m": "93.9", "lobby_est_m": "", "lobby_source": "", "entrances": "3", "entrance_floors": "1층/2층", "multi_level_access": "Y", "entrance_min_m": "92.8", "entrance_max_m": "96.3", "ground_min_m": "91.0", "ground_max_m": "96.3", "ground_span_m": "5.3", "slope_site": "Y", "point_ground_m": "93.5", "footprint": "topo/37612019/755", "footprint_name": "인문대학1동", "footprint_match": "inside", "perimeter_m": "168", "samples": "88", "dem": "topo_dem.tif", "lecture_building": "Y", "note": "지상 출입구 3곳이 1층/2층; 로비층 확정 필요(출입구가 여러 높이)"}}, {"type": "Feature", "geometry": {"type": "Point", "coordinates": [126.95295, 37.46038]}, "properties": {"building": "2", "name": "인문관2", "lat": "37.460380", "lon": "126.952950", "first_floor_est_m": "96.9", "lobby_est_m": "", "lobby_source": "", "entrances": "7", "entrance_floors": "1층", "multi_level_access": "N", "entrance_min_m": "95.3", "entrance_max_m": "98.7", "ground_min_m": "95.2", "ground_max_m": "99.0", "ground_span_m": "3.8", "slope_site": "Y", "point_ground_m": "96.7", "footprint": "topo/37612019/757", "footprint_name": "인문대학2동인문관2", "footprint_match": "inside", "perimeter_m": "163", "samples": "85", "dem": "topo_dem.tif", "lecture_building": "Y", "note": "로비층 확정 필요(출입구가 여러 높이)"}}, {"type": "Feature", "geometry": {"type": "Point", "coordinates": [126.95355, 37.46071]}, "properties": {"building": "3", "name": "인문관3", "lat": "37.460710", "lon": "126.953550", "first_floor_est_m": "99.2", "lobby_est_m": "99.7", "lobby_source": "출입구 평균", "entrances": "3", "entrance_floors": "1층", "multi_level_access": "N", "entrance_min_m": "99.1", "entrance_max_m": "100.0", "ground_min_m": "97.5", "ground_max_m": "100.0", "ground_span_m": "2.5", "slope_site": "N", "point_ground_m": "99.2", "footprint": "topo/37612019/762", "footprint_name": "인문대학3동인문관3", "footprint_match": "inside", "perimeter_m": "180", "samples": "93", "dem": "topo_dem.tif", "lecture_building": "Y", "note": ""}}, {"type": "Feature", "geometry": {"type": "Point", "coordinates": [126.95326, 37.46089]}, "properties": {"building": "4", "name": "신양인문학술정보관", "lat": "37.460890", "lon": "126.953260", "first_floor_est_m": "99.0", "lobby_est_m": "98.2", "lobby_source": "출입구 평균", "entrances": "3", "entrance_floors": "1층", "multi_level_access": "N", "entrance_min_m": "97.6", "entrance_max_m": "98.9", "ground_min_m": "97.8", "ground_max_m": "99.9", "ground_span_m": "2.1", "slope_site": "N", "point_ground_m": "98.3", "footprint": "topo/37612019/763", "footprint_name": "인문대학4동,신양인문학술정보관,우리은행서울대학교지점", "footprint_match": "inside", "perimeter_m": "126", "samples": "71", "dem": "topo_dem.tif", "lecture_building": "Y", "note": ""}}, {"type": "Feature", "geometry": {"type": "Point", "coordinates": [126.95393, 37.4606]}, "properties": {"building": "5", "name": "인문관4", "lat": "37.460600", "lon": "126.953930", "first_floor_est_m": "101.1", "lobby_est_m": "", "lobby_source": "", "entrances": "6", "entrance_floors": "1층", "multi_level_access": "N", "entrance_min_m": "100.2", "entrance_max_m": "102.4", "ground_min_m": "100.0", "ground_max_m": "102.5", "ground_span_m": "2.6", "slope_site": "N", "point_ground_m": "101.0", "footprint": "topo/37612019/761", "footprint_name": "인문대학5동인문관4", "footprint_match": "inside", "perimeter_m": "203", "samples": "104", "dem": "topo_dem.tif", "lecture_building": "Y", "note": "로비층 확정 필요(출입구가 여러 높이)"}}, {"type": "Feature", "geometry": {"type": "Point", "coordinates": [126.95452, 37.46073]}, "properties": {"building": "6", "name": "인문관5", "lat": "37.460730", "lon": "126.954520", "first_floor_est_m": "105.2", "lobby_est_m": "", "lobby_source": "", "entrances": "6", "entrance_floors": "지하1층/1층/2층", "multi_level_access": "Y", "entrance_min_m": "102.6", "entrance_max_m": "107.5", "ground_min_m": "101.9", "ground_max_m": "107.6", "ground_span_m": "5.7", "slope_site": "Y", "point_ground_m": "105.3", "footprint": "topo/37612019/760", "footprint_name": "인문대학6동인문관5", "footprint_match": "inside", "perimeter_m": "138", "samples": "74", "dem": "topo_dem.tif", "lecture_building": "Y", "note": "지상 출입구 6곳이 지하1층/1층/2층; 로비층 확정 필요(출입구가 여러 높이)"}}, {"type": "Feature", "geometry": {"type": "Point", "coordinates": [126.95436, 37.46022]}, "properties": {"building": "7", "name": "인문관6", "lat": "37.460220", "lon": "126.954360", "first_floor_est_m": "107.3", "lobby_est_m": "", "lobby_source": "", "entrances": "4", "entrance_floors": "지하1층/1층/2층", "multi_level_access": "Y", "entrance_min_m": "104.7", "entrance_max_m": "109.4", "ground_min_m": "104.9", "ground_max_m": "109.9", "ground_span_m": "5.1", "slope_site": "Y", "point_ground_m": "107.6", "footprint": "topo/37612019/464", "footprint_name": "인문대학7동인문관6", "footprint_match": "inside", "perimeter_m": "194", "samples": "103", "dem": "topo_dem.tif", "lecture_building": "Y", "note": "지상 출입구 4곳이 지하1층/1층/2층; 로비층 확정 필요(출입구가 여러 높이)"}}, {"type": "Feature", "geometry": {"type": "Point", "coordinates": [126.95398, 37.46016]}, "properties": {"building": "8", "name": "두산인문관", "lat": "37.460160", "lon": "126.953980", "first_floor_est_m": "104.2", "lobby_est_m": "", "lobby_source": "", "entrances": "2", "entrance_floors": "1층", "multi_level_access": "N", "entrance_min_m": "103.4", "entrance_max_m": "104.9", "ground_min_m": "101.7", "ground_max_m": "106.7", "ground_span_m": "5.0", "slope_site": "Y", "point_ground_m": "104.5", "footprint": "topo/37612019/754", "footprint_name": "인문대학8동두산인문관", "footprint_match": "inside", "perimeter_m": "110", "samples": "58", "dem": "topo_dem.tif", "lecture_building": "Y", "note": "로비층 확정 필요(출입구가 여러 높이)"}}, {"type": "Feature", "geometry": {"type": "Point", "coordinates": [126.9548, 37.46017]}, "properties": {"building": "9", "name": "사범관1", "lat": "37.460170", "lon": "126.954800", "first_floor_est_m": "110.9", "lobby_est_m": "", "lobby_source": "", "entrances": "4", "entrance_floors": "1층", "multi_level_access": "N", "entrance_min_m": "109.8", "entrance_max_m": "111.4", "ground_min_m": "109.4", "ground_max_m": "112.4", "ground_span_m": "3.0", "slope_site": "N", "point_ground_m": "111.1", "footprint": "topo/37612019/454", "footprint_name": "사범대학9동인문관", "footprint_match": "inside", "perimeter_m": "203", "samples": "104", "dem": "topo_dem.tif", "lecture_building": "Y", "note": "로비층 확정 필요(출입구가 여러 높이)"}}, {"type": "Feature", "geometry": {"type": "Point", "coordinates": [126.95536, 37.46031]}, "properties": {"building": "10", "name": "사범관2", "lat": "37.460310", "lon": "126.955360", "first_floor_est_m": "114.5", "lobby_est_m": "", "lobby_source": "", "entrances": "4", "entrance_floors": "지하1층/1층/2층", "multi_level_access": "Y", "entrance_min_m": "111.9", "entrance_max_m": "117.1", "ground_min_m": "111.7", "ground_max_m": "117.4", "ground_span_m": "5.7", "slope_site": "Y", "point_ground_m": "113.6", "footprint": "topo/37612019/690", "footprint_name": "사범대학10동", "footprint_match": "inside", "perimeter_m": "160", "samples": "87", "dem": "topo_dem.tif", "lecture_building": "Y", "note": "지상 출입구 4곳이 지하1층/1층/2층; 로비층 확정 필요(출입구가 여러 높이)"}}, {"type": "Feature", "geometry": {"type": "Point", "coordinates": [126.95592, 37.45996]}, "properties": {"building": "10-1", "name": "사범대교육정보관", "lat": "37.459960", "lon": "126.955920", "first_floor_est_m": "121.9", "lobby_est_m": "", "lobby_source": "", "entrances": "3", "entrance_floors": "지하1층", "multi_level_access": "N", "entrance_min_m": "117.1", "entrance_max_m": "119.0", "ground_min_m": "116.8", "ground_max_m": "128.2", "ground_span_m": "11.4", "slope_site": "Y", "point_ground_m": "121.9", "footprint": "topo/37612019/463", "footprint_name": "사범대학10-1동교육정보관", "footprint_match": "inside", "perimeter_m": "201", "samples": "115", "dem": "topo_dem.tif", "lecture_building": "Y", "note": "로비층 확정 필요(출입구가 여러 높이)"}}, {"type": "Feature", "geometry": {"type": "Point", "coordinates": [126.9552, 37.45979]}, "properties": {"building": "11", "name": "사범관3", "lat": "37.459790", "lon": "126.955200", "first_floor_est_m": "116.8", "lobby_est_m": "115.8", "lobby_source": "출입구 평균", "entrances": "2", "entrance_floors": "1층", "multi_level_access": "N", "entrance_min_m": "115.7", "entrance_max_m": "116.0", "ground_min_m": "115.2", "ground_max_m": "118.6", "ground_span_m": "3.4", "slope_site": "Y", "point_ground_m": "117.2", "footprint": "topo/37612019/453", "footprint_name": "사범대학11동", "footprint_match": "inside", "perimeter_m": "194", "samples": "102", "dem": "topo_dem.tif", "lecture_building": "Y", "note": ""}}, {"type": "Feature", "geometry": {"type": "Point", "coordinates": [126.95479, 37.45962]}, "properties": {"building": "12", "name": "사범교육협력센터", "lat": "37.459620", "lon": "126.954790", "first_floor_est_m": "115.3", "lobby_est_m": "", "lobby_source": "", "entrances": "5", "entrance_floors": "1층/2층", "multi_level_access": "Y", "entrance_min_m": "114.0", "entrance_max_m": "118.5", "ground_min_m": "112.9", "ground_max_m": "118.2", "ground_span_m": "5.3", "slope_site": "Y", "point_ground_m": "115.1", "footprint": "topo/37612019/9", "footprint_name": "사범대학12동", "footprint_match": "inside", "perimeter_m": "205", "samples": "121", "dem": "topo_dem.tif", "lecture_building": "Y", "note": "지상 출입구 5곳이 1층/2층; 로비층 확정 필요(출입구가 여러 높이)"}}, {"type": "Feature", "geometry": {"type": "Point", "coordinates": [126.95389, 37.45927]}, "properties": {"building": "13", "name": "과학교육관", "lat": "37.459270", "lon": "126.953890", "first_floor_est_m": "117.6", "lobby_est_m": "", "lobby_source": "", "entrances": "4", "entrance_floors": "1층", "multi_level_access": "N", "entrance_min_m": "116.2", "entrance_max_m": "119.0", "ground_min_m": "115.8", "ground_max_m": "120.0", "ground_span_m": "4.2", "slope_site": "Y", "point_ground_m": "116.6", "footprint": "topo/37612019/668", "footprint_name": "사범대학13동과학교육관", "footprint_match": "inside", "perimeter_m": "240", "samples": "125", "dem": "topo_dem.tif", "lecture_building": "Y", "note": "로비층 확정 필요(출입구가 여러 높이)"}}, {"type": "Feature", "geometry": {"type": "Point", "coordinates": [126.95499, 37.46093]}, "properties": {"building": "14", "name": "인문관7", "lat": "37.460930", "lon": "126.954990", "first_floor_est_m": "111.7", "lobby_est_m": "", "lobby_source": "", "entrances": "2", "entrance_floors": "1층", "multi_level_access": "N", "entrance_min_m": "110.0", "entrance_max_m": "113.0", "ground_min_m": "109.8", "ground_max_m": "113.9", "ground_span_m": "4.1", "slope_site": "Y", "point_ground_m": "111.4", "footprint": "topo/37612019/468", "footprint_name": "인문대학14동인문관", "footprint_match": "inside", "perimeter_m": "152", "samples": "76", "dem": "topo_dem.tif", "lecture_building": "Y", "note": "로비층 확정 필요(출입구가 여러 높이)"}}, {"type": "Feature", "geometry": {"type": "Point", "coordinates": [126.95174, 37.46233]}, "properties": {"building": "15", "name": "법학관1", "lat": "37.462330", "lon": "126.951740", "first_floor_est_m": "84.5", "lobby_est_m": "", "lobby_source": "", "entrances": "3", "entrance_floors": "1층", "multi_level_access": "N", "entrance_min_m": "83.5", "entrance_max_m": "85.8", "ground_min_m": "82.7", "ground_max_m": "86.9", "ground_span_m": "4.2", "slope_site": "Y", "point_ground_m": "85.0", "footprint": "topo/37612019/117", "footprint_name": "법과대학15동", "footprint_match": "inside", "perimeter_m": "187", "samples": "103", "dem": "topo_dem.tif", "lecture_building": "Y", "note": "로비층 확정 필요(출입구가 여러 높이)"}}, {"type": "Feature", "geometry": {"type": "Point", "coordinates": [126.95126, 37.46241]}, "properties": {"building": "15-1", "name": "법학강의동(15-1동)", "lat": "37.462410", "lon": "126.951260", "first_floor_est_m": "81.2", "lobby_est_m": "", "lobby_source": "", "entrances": "0", "entrance_floors": "", "multi_level_access": "", "entrance_min_m": "", "entrance_max_m": "", "ground_min_m": "78.6", "ground_max_m": "84.2", "ground_span_m": "5.5", "slope_site": "Y", "point_ground_m": "81.7", "footprint": "topo/37612019/119", "footprint_name": "법과대학15-1동법학첨단강의동", "footprint_match": "inside", "perimeter_m": "216", "samples": "114", "dem": "topo_dem.tif", "lecture_building": "Y", "note": "로비층 확정 필요(경사지, 출입구 정보 없음)"}}, {"type": "Feature", "geometry": {"type": "Point", "coordinates": [126.95092, 37.46353]}, "properties": {"building": "16", "name": "사회과학관", "lat": "37.463530", "lon": "126.950920", "first_floor_est_m": "82.5", "lobby_est_m": "", "lobby_source": "", "entrances": "6", "entrance_floors": "지하1층/1층/2층", "multi_level_access": "Y", "entrance_min_m": "79.0", "entrance_max_m": "84.9", "ground_min_m": "80.6", "ground_max_m": "84.3", "ground_span_m": "3.6", "slope_site": "Y", "point_ground_m": "81.4", "footprint": "topo/37612019/134", "footprint_name": "사회과학대학16동", "footprint_match": "inside", "perimeter_m": "154", "samples": "80", "dem": "topo_dem.tif", "lecture_building": "Y", "note": "지상 출입구 6곳이 지하1층/1층/2층; 로비층 확정 필요(출입구가 여러 높이)"}}, {"type": "Feature", "geometry": {"type": "Point", "coordinates": [126.951, 37.46271]}, "properties": {"building": "16-1", "name": "신양학술정보관Ⅲ", "lat": "37.462710", "lon": "126.951000", "first_floor_est_m": "77.7", "lobby_est_m": "", "lobby_source": "", "entrances": "5", "entrance_floors": "지하1층/1층", "multi_level_access": "Y", "entrance_min_m": "75.7", "entrance_max_m": "79.3", "ground_min_m": "75.8", "ground_max_m": "79.4", "ground_span_m": "3.6", "slope_site": "Y", "point_ground_m": "77.6", "footprint": "topo/37612019/778", "footprint_name": "사회과학대학16-1동신양학술정보관3", "footprint_match": "inside", "perimeter_m": "123", "samples": "69", "dem": "topo_dem.tif", "lecture_building": "Y", "note": "지상 출입구 5곳이 지하1층/1층; 로비층 확정 필요(출입구가 여러 높이)"}}, {"type": "Feature", "geometry": {"type": "Point", "coordinates": [126.95187, 37.46284]}, "properties": {"building": "17", "name": "법학관2", "lat": "37.462840", "lon": "126.951870", "first_floor_est_m": "84.4", "lobby_est_m": "84.9", "lobby_source": "출입구 평균", "entrances": "2", "entrance_floors": "1층", "multi_level_access": "N", "entrance_min_m": "84.3", "entrance_max_m": "85.6", "ground_min_m": "80.6", "ground_max_m": "88.2", "ground_span_m": "7.7", "slope_site": "Y", "point_ground_m": "84.9", "footprint": "topo/37612019/782", "footprint_name": "법과대학17동법학전문대학원", "footprint_match": "inside", "perimeter_m": "167", "samples": "103", "dem": "topo_dem.tif", "lecture_building": "Y", "note": ""}}, {"type": "Feature", "geometry": {"type": "Point", "coordinates": [126.95277, 37.45678]}, "properties": {"building": "18", "name": "자연과학관1", "lat": "37.456780", "lon": "126.952770", "first_floor_est_m": "128.7", "lobby_est_m": "128.5", "lobby_source": "출입구 평균", "entrances": "1", "entrance_floors": "1층", "multi_level_access": "N", "entrance_min_m": "128.5", "entrance_max_m": "128.5", "ground_min_m": "127.3", "ground_max_m": "129.9", "ground_span_m": "2.6", "slope_site": "N", "point_ground_m": "129.0", "footprint": "topo/37612019/643", "footprint_name": "자연과학대학18동사범관,융합과학기술대학원,자유전공학부", "footprint_match": "inside", "perimeter_m": "149", "samples": "80", "dem": "topo_dem.tif", "lecture_building": "Y", "note": ""}}, {"type": "Feature", "geometry": {"type": "Point", "coordinates": [126.95277, 37.45618]}, "properties": {"building": "19", "name": "자연과학관2", "lat": "37.456180", "lon": "126.952770", "first_floor_est_m": "128.3", "lobby_est_m": "", "lobby_source": "", "entrances": "2", "entrance_floors": "1층", "multi_level_access": "N", "entrance_min_m": "126.6", "entrance_max_m": "129.5", "ground_min_m": "126.6", "ground_max_m": "130.0", "ground_span_m": "3.4", "slope_site": "Y", "point_ground_m": "128.0", "footprint": "topo/37612019/630", "footprint_name": "자연과학대학19동", "footprint_match": "inside", "perimeter_m": "161", "samples": "87", "dem": "topo_dem.tif", "lecture_building": "Y", "note": "로비층 확정 필요(출입구가 여러 높이)"}}, {"type": "Feature", "geometry": {"type": "Point", "coordinates": [126.95289, 37.45869]}, "properties": {"building": "20", "name": "약학관3", "lat": "37.458690", "lon": "126.952890", "first_floor_est_m": "118.5", "lobby_est_m": "", "lobby_source": "", "entrances": "5", "entrance_floors": "지하1층/1층/2층", "multi_level_access": "Y", "entrance_min_m": "115.6", "entrance_max_m": "120.8", "ground_min_m": "115.5", "ground_max_m": "122.2", "ground_span_m": "6.8", "slope_site": "Y", "point_ground_m": "117.5", "footprint": "topo/37612019/684", "footprint_name": "20동약학관3", "footprint_match": "inside", "perimeter_m": "237", "samples": "127", "dem": "topo_dem.tif", "lecture_building": "Y", "note": "지상 출입구 5곳이 지하1층/1층/2층; 로비층 확정 필요(출입구가 여러 높이)"}}, {"type": "Feature", "geometry": {"type": "Point", "coordinates": [126.95223, 37.45784]}, "properties": {"building": "21", "name": "약학관1", "lat": "37.457840", "lon": "126.952230", "first_floor_est_m": "118.5", "lobby_est_m": "118.2", "lobby_source": "출입구 평균", "entrances": "1", "entrance_floors": "1층", "multi_level_access": "N", "entrance_min_m": "118.2", "entrance_max_m": "118.2", "ground_min_m": "117.0", "ground_max_m": "120.0", "ground_span_m": "3.1", "slope_site": "Y", "point_ground_m": "118.3", "footprint": "topo/37612019/657", "footprint_name": "약학대학21동약학관1", "footprint_match": "inside", "perimeter_m": "232", "samples": "119", "dem": "topo_dem.tif", "lecture_building": "Y", "note": ""}}, {"type": "Feature", "geometry": {"type": "Point", "coordinates": [126.95096, 37.45792]}, "properties": {"building": "22", "name": "자연과학관4", "lat": "37.457920", "lon": "126.950960", "first_floor_est_m": "98.9", "lobby_est_m": "", "lobby_source": "", "entrances": "5", "entrance_floors": "지하1층/1층/2층", "multi_level_access": "Y", "entrance_min_m": "96.9", "entrance_max_m": "101.1", "ground_min_m": "96.7", "ground_max_m": "101.6", "ground_span_m": "4.9", "slope_site": "Y", "point_ground_m": "99.3", "footprint": "topo/37612019/659", "footprint_name": "자연과학대학22동", "footprint_match": "inside", "perimeter_m": "219", "samples": "110", "dem": "topo_dem.tif", "lecture_building": "Y", "note": "지상 출입구 5곳이 지하1층/1층/2층; 로비층 확정 필요(출입구가 여러 높이)"}}, {"type": "Feature", "geometry": {"type": "Point", "coordinates": [126.95105, 37.4586]}, "properties": {"building": "23", "name": "자연과학관5", "lat": "37.458600", "lon": "126.951050", "first_floor_est_m": "95.2", "lobby_est_m": "", "lobby_source": "", "entrances": "3", "entrance_floors": "지하1층/1층/2층", "multi_level_access": "Y", "entrance_min_m": "92.8", "entrance_max_m": "99.0", "ground_min_m": "92.8", "ground_max_m": "99.3", "ground_span_m": "6.5", "slope_site": "Y", "point_ground_m": "94.9", "footprint": "topo/37612019/664", "footprint_name": "자연과학대학23동", "footprint_match": "inside", "perimeter_m": "153", "samples": "78", "dem": "topo_dem.tif", "lecture_building": "N", "note": "지상 출입구 3곳이 지하1층/1층/2층; 로비층 확정 필요(출입구가 여러 높이)"}}, {"type": "Feature", "geometry": {"type": "Point", "coordinates": [126.94989, 37.45942]}, "properties": {"building": "24", "name": "자연과학관6", "lat": "37.459420", "lon": "126.949890", "first_floor_est_m": "88.3", "lobby_est_m": "", "lobby_source": "", "entrances": "4", "entrance_floors": "1층", "multi_level_access": "N", "entrance_min_m": "87.0", "entrance_max_m": "88.9", "ground_min_m": "86.9", "ground_max_m": "88.9", "ground_span_m": "2.0", "slope_site": "N", "point_ground_m": "88.8", "footprint": "topo/37612018/7542+topo/37612019/3228", "footprint_name": "자연과학대학24동", "footprint_match": "inside", "perimeter_m": "205", "samples": "209", "dem": "topo_dem.tif", "lecture_building": "Y", "note": "로비층 확정 필요(출입구가 여러 높이)"}}, {"type": "Feature", "geometry": {"type": "Point", "coordinates": [126.94988, 37.45856]}, "properties": {"building": "25", "name": "자연과학관7", "lat": "37.458560", "lon": "126.949880", "first_floor_est_m": "89.1", "lobby_est_m": "89.3", "lobby_source": "출입구 평균", "entrances": "5", "entrance_floors": "1층", "multi_level_access": "N", "entrance_min_m": "89.1", "entrance_max_m": "89.4", "ground_min_m": "88.9", "ground_max_m": "89.6", "ground_span_m": "0.7", "slope_site": "N", "point_ground_m": "89.0", "footprint": "topo/37612018/7544+topo/37612019/3230", "footprint_name": "자연과학대학25동", "footprint_match": "inside", "perimeter_m": "217", "samples": "220", "dem": "topo_dem.tif", "lecture_building": "Y", "note": ""}}, {"type": "Feature", "geometry": {"type": "Point", "coordinates": [126.94941, 37.45897]}, "properties": {"building": "25-1", "name": "자연대강의및실험연구동(25-1동)", "lat": "37.458970", "lon": "126.949410", "first_floor_est_m": "88.0", "lobby_est_m": "88.7", "lobby_source": "출입구 평균", "entrances": "1", "entrance_floors": "1층", "multi_level_access": "N", "entrance_min_m": "88.7", "entrance_max_m": "88.7", "ground_min_m": "86.2", "ground_max_m": "89.5", "ground_span_m": "3.3", "slope_site": "Y", "point_ground_m": "87.9", "footprint": "topo/37612018/7312", "footprint_name": "자연과학대학25-1동", "footprint_match": "inside", "perimeter_m": "198", "samples": "112", "dem": "topo_dem.tif", "lecture_building": "Y", "note": ""}}, {"type": "Feature", "geometry": {"type": "Point", "coordinates": [126.95036, 37.45881]}, "properties": {"building": "26", "name": "자연과학관8", "lat": "37.458810", "lon": "126.950360", "first_floor_est_m": "90.5", "lobby_est_m": "89.3", "lobby_source": "출입구 평균", "entrances": "1", "entrance_floors": "1층", "multi_level_access": "N", "entrance_min_m": "89.3", "entrance_max_m": "89.3", "ground_min_m": "89.2", "ground_max_m": "91.7", "ground_span_m": "2.5", "slope_site": "N", "point_ground_m": "89.5", "footprint": "topo/37612019/665", "footprint_name": "자연과학대학26동기초과학실험교육동", "footprint_match": "ref", "perimeter_m": "171", "samples": "92", "dem": "topo_dem.tif", "lecture_building": "Y", "note": ""}}, {"type": "Feature", "geometry": {"type": "Point", "coordinates": [126.95001, 37.45805]}, "properties": {"building": "27", "name": "자연과학관9", "lat": "37.458050", "lon": "126.950010", "first_floor_est_m": "92.2", "lobby_est_m": "", "lobby_source": "", "entrances": "4", "entrance_floors": "지하1층/1층/2층", "multi_level_access": "Y", "entrance_min_m": "90.0", "entrance_max_m": "94.3", "ground_min_m": "89.5", "ground_max_m": "94.6", "ground_span_m": "5.0", "slope_site": "Y", "point_ground_m": "92.5", "footprint": "topo/37612018/7540+topo/37612019/3217", "footprint_name": "자연과학대학27동", "footprint_match": "inside", "perimeter_m": "204", "samples": "206", "dem": "topo_dem.tif", "lecture_building": "Y", "note": "지상 출입구 4곳이 지하1층/1층/2층; 로비층 확정 필요(출입구가 여러 높이)"}}, {"type": "Feature", "geometry": {"type": "Point", "coordinates": [126.95039, 37.45762]}, "properties": {"building": "28", "name": "자연대(대형)", "lat": "37.457620", "lon": "126.950390", "first_floor_est_m": "96.3", "lobby_est_m": "", "lobby_source": "", "entrances": "3", "entrance_floors": "1층", "multi_level_access": "N", "entrance_min_m": "95.0", "entrance_max_m": "97.7", "ground_min_m": "95.0", "ground_max_m": "98.9", "ground_span_m": "4.0", "slope_site": "Y", "point_ground_m": "97.0", "footprint": "topo/37612019/366", "footprint_name": "자연대대형강의동(28동)", "footprint_match": "inside", "perimeter_m": "146", "samples": "75", "dem": "topo_dem.tif", "lecture_building": "Y", "note": "로비층 확정 필요(출입구가 여러 높이)"}}, {"type": "Feature", "geometry": {"type": "Point", "coordinates": [126.95368, 37.4561]}, "properties": {"building": "29", "name": "약학관2", "lat": "37.456100", "lon": "126.953680", "first_floor_est_m": "156.0", "lobby_est_m": "", "lobby_source": "", "entrances": "0", "entrance_floors": "", "multi_level_access": "", "entrance_min_m": "", "entrance_max_m": "", "ground_min_m": "153.2", "ground_max_m": "158.8", "ground_span_m": "5.6", "slope_site": "Y", "point_ground_m": "156.0", "footprint": "topo/37612019/626", "footprint_name": "약학대학29동약학관2", "footprint_match": "inside", "perimeter_m": "172", "samples": "119", "dem": "topo_dem.tif", "lecture_building": "Y", "note": "로비층 확정 필요(경사지, 출입구 정보 없음)"}}, {"type": "Feature", "geometry": {"type": "Point", "coordinates": [126.95085, 37.45686]}, "properties": {"building": "30", "name": "공학관1", "lat": "37.456860", "lon": "126.950850", "first_floor_est_m": "106.0", "lobby_est_m": "108.6", "lobby_source": "출입구 평균", "entrances": "3", "entrance_floors": "2층", "multi_level_access": "N", "entrance_min_m": "108.3", "entrance_max_m": "109.1", "ground_min_m": "101.9", "ground_max_m": "109.1", "ground_span_m": "7.2", "slope_site": "Y", "point_ground_m": "105.1", "footprint": "topo/37612019/649", "footprint_name": "공과대학30동", "footprint_match": "inside", "perimeter_m": "266", "samples": "146", "dem": "topo_dem.tif", "lecture_building": "Y", "note": ""}}, {"type": "Feature", "geometry": {"type": "Point", "coordinates": [126.95002, 37.45702]}, "properties": {"building": "31", "name": "공학관2", "lat": "37.457020", "lon": "126.950020", "first_floor_est_m": "102.9", "lobby_est_m": "", "lobby_source": "", "entrances": "3", "entrance_floors": "1층/2층", "multi_level_access": "Y", "entrance_min_m": "102.6", "entrance_max_m": "105.0", "ground_min_m": "100.7", "ground_max_m": "105.1", "ground_span_m": "4.3", "slope_site": "Y", "point_ground_m": "103.7", "footprint": "topo/37612018/7547+topo/37612019/3233", "footprint_name": "공과대학31동공학관2실험동", "footprint_match": "inside", "perimeter_m": "218", "samples": "224", "dem": "topo_dem.tif", "lecture_building": "Y", "note": "지상 출입구 3곳이 1층/2층; 로비층 확정 필요(출입구가 여러 높이)"}}, {"type": "Feature", "geometry": {"type": "Point", "coordinates": [126.95009, 37.45648]}, "properties": {"building": "32", "name": "공학관3", "lat": "37.456480", "lon": "126.950090", "first_floor_est_m": "105.5", "lobby_est_m": "105.0", "lobby_source": "출입구 평균", "entrances": "1", "entrance_floors": "1층", "multi_level_access": "N", "entrance_min_m": "105.0", "entrance_max_m": "105.0", "ground_min_m": "104.8", "ground_max_m": "106.2", "ground_span_m": "1.4", "slope_site": "N", "point_ground_m": "105.5", "footprint": "topo/37612018/7531+topo/37612019/3210", "footprint_name": "공과대학32동공학관3교수동", "footprint_match": "inside", "perimeter_m": "133", "samples": "140", "dem": "topo_dem.tif", "lecture_building": "Y", "note": ""}}, {"type": "Feature", "geometry": {"type": "Point", "coordinates": [126.94976, 37.45619]}, "properties": {"building": "32-1", "name": "해동학술문화관(32-1동)", "lat": "37.456190", "lon": "126.949760", "first_floor_est_m": "105.0", "lobby_est_m": "105.0", "lobby_source": "출입구 평균", "entrances": "3", "entrance_floors": "1층", "multi_level_access": "N", "entrance_min_m": "105.0", "entrance_max_m": "105.0", "ground_min_m": "105.0", "ground_max_m": "105.0", "ground_span_m": "0.0", "slope_site": "N", "point_ground_m": "105.0", "footprint": "topo/37612018/7298", "footprint_name": "공과대학32-1동서울대학교창업지원단", "footprint_match": "inside", "perimeter_m": "126", "samples": "70", "dem": "topo_dem.tif", "lecture_building": "Y", "note": ""}}, {"type": "Feature", "geometry": {"type": "Point", "coordinates": [126.95084, 37.45625]}, "properties": {"building": "33", "name": "공학관4", "lat": "37.456250", "lon": "126.950840", "first_floor_est_m": "107.6", "lobby_est_m": "", "lobby_source": "", "entrances": "2", "entrance_floors": "1층", "multi_level_access": "N", "entrance_min_m": "105.7", "entrance_max_m": "108.6", "ground_min_m": "105.0", "ground_max_m": "109.7", "ground_span_m": "4.7", "slope_site": "Y", "point_ground_m": "109.4", "footprint": "topo/37612019/52", "footprint_name": "공과대학33동", "footprint_match": "inside", "perimeter_m": "233", "samples": "120", "dem": "topo_dem.tif", "lecture_building": "Y", "note": "로비층 확정 필요(출입구가 여러 높이)"}}, {"type": "Feature", "geometry": {"type": "Point", "coordinates": [126.95149, 37.45609]}, "properties": {"building": "34", "name": "공학관5", "lat": "37.456090", "lon": "126.951490", "first_floor_est_m": "115.4", "lobby_est_m": "", "lobby_source": "", "entrances": "2", "entrance_floors": "지하1층/2층", "multi_level_access": "Y", "entrance_min_m": "110.9", "entrance_max_m": "119.3", "ground_min_m": "110.3", "ground_max_m": "120.0", "ground_span_m": "9.7", "slope_site": "Y", "point_ground_m": "112.4", "footprint": "topo/37612019/622", "footprint_name": "공과대학34동공학관", "footprint_match": "inside", "perimeter_m": "168", "samples": "92", "dem": "topo_dem.tif", "lecture_building": "Y", "note": "지상 출입구 2곳이 지하1층/2층; 로비층 확정 필요(출입구가 여러 높이)"}}, {"type": "Feature", "geometry": {"type": "Point", "coordinates": [126.95211, 37.45665]}, "properties": {"building": "35", "name": "공학관6", "lat": "37.456650", "lon": "126.952110", "first_floor_est_m": "117.8", "lobby_est_m": "", "lobby_source": "", "entrances": "3", "entrance_floors": "지하1층/1층/2층", "multi_level_access": "Y", "entrance_min_m": "115.0", "entrance_max_m": "121.3", "ground_min_m": "114.7", "ground_max_m": "121.9", "ground_span_m": "7.3", "slope_site": "Y", "point_ground_m": "119.0", "footprint": "topo/37612019/642", "footprint_name": "공과대학35동공학관교수동및실험동", "footprint_match": "inside", "perimeter_m": "276", "samples": "146", "dem": "topo_dem.tif", "lecture_building": "Y", "note": "지상 출입구 3곳이 지하1층/1층/2층; 로비층 확정 필요(출입구가 여러 높이)"}}, {"type": "Feature", "geometry": {"type": "Point", "coordinates": [126.95146, 37.45554]}, "properties": {"building": "36", "name": "공학관7", "lat": "37.455540", "lon": "126.951460", "first_floor_est_m": "116.0", "lobby_est_m": "", "lobby_source": "", "entrances": "2", "entrance_floors": "지하1층/1층", "multi_level_access": "Y", "entrance_min_m": "113.5", "entrance_max_m": "117.6", "ground_min_m": "111.2", "ground_max_m": "120.0", "ground_span_m": "8.8", "slope_site": "Y", "point_ground_m": "118.1", "footprint": "topo/37612019/616", "footprint_name": "공과대학36동공학관7실험동", "footprint_match": "inside", "perimeter_m": "181", "samples": "97", "dem": "topo_dem.tif", "lecture_building": "Y", "note": "지상 출입구 2곳이 지하1층/1층; 로비층 확정 필요(출입구가 여러 높이)"}}, {"type": "Feature", "geometry": {"type": "Point", "coordinates": [126.95075, 37.45572]}, "properties": {"building": "37", "name": "공학관8", "lat": "37.455720", "lon": "126.950750", "first_floor_est_m": "110.5", "lobby_est_m": "", "lobby_source": "", "entrances": "3", "entrance_floors": "지하1층/1층/2층", "multi_level_access": "Y", "entrance_min_m": "108.5", "entrance_max_m": "113.2", "ground_min_m": "107.9", "ground_max_m": "113.5", "ground_span_m": "5.6", "slope_site": "Y", "point_ground_m": "109.9", "footprint": "topo/37612019/619", "footprint_name": "공과대학37동공학관8연구동", "footprint_match": "inside", "perimeter_m": "227", "samples": "123", "dem": "topo_dem.tif", "lecture_building": "Y", "note": "지상 출입구 3곳이 지하1층/1층/2층; 로비층 확정 필요(출입구가 여러 높이)"}}, {"type": "Feature", "geometry": {"type": "Point", "coordinates": [126.95062, 37.4549]}, "properties": {"building": "38", "name": "글로벌공학교육센터", "lat": "37.454900", "lon": "126.950620", "first_floor_est_m": "117.0", "lobby_est_m": "115.3", "lobby_source": "출입구 평균", "entrances": "4", "entrance_floors": "1층", "multi_level_access": "N", "entrance_min_m": "115.2", "entrance_max_m": "115.3", "ground_min_m": "115.1", "ground_max_m": "119.4", "ground_span_m": "4.3", "slope_site": "Y", "point_ground_m": "116.8", "footprint": "topo/37612019/3325", "footprint_name": "공과대학38동글로벌공학교육센터", "footprint_match": "inside", "perimeter_m": "243", "samples": "123", "dem": "topo_dem.tif", "lecture_building": "Y", "note": ""}}, {"type": "Feature", "geometry": {"type": "Point", "coordinates": [126.95157, 37.45465]}, "properties": {"building": "39", "name": "대학원연구동(1단계)", "lat": "37.454650", "lon": "126.951570", "first_floor_est_m": "120.4", "lobby_est_m": "121.9", "lobby_source": "출입구 평균", "entrances": "2", "entrance_floors": "1층", "multi_level_access": "N", "entrance_min_m": "121.5", "entrance_max_m": "122.3", "ground_min_m": "115.3", "ground_max_m": "125.0", "ground_span_m": "9.7", "slope_site": "Y", "point_ground_m": "119.8", "footprint": "topo/37612019/3330", "footprint_name": "공과대학39동대학원연구동1", "footprint_match": "inside", "perimeter_m": "408", "samples": "219", "dem": "topo_dem.tif", "lecture_building": "Y", "note": ""}}, {"type": "Feature", "geometry": {"type": "Point", "coordinates": [126.95158, 37.45425]}, "properties": {"building": "40", "name": "풍동실험동1", "lat": "37.454250", "lon": "126.951580", "first_floor_est_m": "124.1", "lobby_est_m": "124.0", "lobby_source": "출입구 평균", "entrances": "2", "entrance_floors": "1층", "multi_level_access": "N", "entrance_min_m": "123.5", "entrance_max_m": "124.6", "ground_min_m": "121.9", "ground_max_m": "125.0", "ground_span_m": "3.1", "slope_site": "Y", "point_ground_m": "123.8", "footprint": "topo/37612019/588", "footprint_name": "공과대학40동풍동실험동1", "footprint_match": "inside", "perimeter_m": "124", "samples": "68", "dem": "topo_dem.tif", "lecture_building": "Y", "note": ""}}, {"type": "Feature", "geometry": {"type": "Point", "coordinates": [126.95264, 37.45563]}, "properties": {"building": "41", "name": "선체구조실험동", "lat": "37.455630", "lon": "126.952640", "first_floor_est_m": "132.3", "lobby_est_m": "132.3", "lobby_source": "1층 기준면(평지)", "entrances": "0", "entrance_floors": "", "multi_level_access": "", "entrance_min_m": "", "entrance_max_m": "", "ground_min_m": "131.0", "ground_max_m": "133.7", "ground_span_m": "2.6", "slope_site": "N", "point_ground_m": "132.2", "footprint": "topo/37612019/615", "footprint_name": "공과대학41동선체구조실험동", "footprint_match": "inside", "perimeter_m": "87", "samples": "48", "dem": "topo_dem.tif", "lecture_building": "N", "note": ""}}, {"type": "Feature", "geometry": {"type": "Point", "coordinates": [126.95254, 37.4553]}, "properties": {"building": "42", "name": "선형수조실험동", "lat": "37.455300", "lon": "126.952540", "first_floor_est_m": "134.1", "lobby_est_m": "132.0", "lobby_source": "출입구 평균", "entrances": "1", "entrance_floors": "지하1층", "multi_level_access": "N", "entrance_min_m": "132.0", "entrance_max_m": "132.0", "ground_min_m": "132.9", "ground_max_m": "135.0", "ground_span_m": "2.1", "slope_site": "N", "point_ground_m": "133.7", "footprint": "topo/37612019/7", "footprint_name": "공과대학42동선형구조실험동", "footprint_match": "inside", "perimeter_m": "266", "samples": "136", "dem": "topo_dem.tif", "lecture_building": "N", "note": ""}}, {"type": "Feature", "geometry": {"type": "Point", "coordinates": [126.95173, 37.45722]}, "properties": {"building": "43", "name": "데이터사이언스대학원 및 공과대학 강의동 1", "lat": "37.457220", "lon": "126.951730", "first_floor_est_m": "115.3", "lobby_est_m": "113.6", "lobby_source": "출입구 평균", "entrances": "1", "entrance_floors": "1층", "multi_level_access": "N", "entrance_min_m": "113.6", "entrance_max_m": "113.6", "ground_min_m": "112.4", "ground_max_m": "117.5", "ground_span_m": "5.0", "slope_site": "Y", "point_ground_m": "116.7", "footprint": "topo/37612019/397", "footprint_name": "공대대형강의동43동", "footprint_match": "inside", "perimeter_m": "99", "samples": "51", "dem": "topo_dem.tif", "lecture_building": "Y", "note": ""}}, {"type": "Feature", "geometry": {"type": "Point", "coordinates": [126.95145, 37.45667]}, "properties": {"building": "43-1", "name": "이공계멀티미디어강의동(43-1동)", "lat": "37.456670", "lon": "126.951450", "first_floor_est_m": "110.5", "lobby_est_m": "", "lobby_source": "", "entrances": "3", "entrance_floors": "1층", "multi_level_access": "N", "entrance_min_m": "109.5", "entrance_max_m": "111.9", "ground_min_m": "108.9", "ground_max_m": "111.9", "ground_span_m": "3.0", "slope_site": "Y", "point_ground_m": "110.5", "footprint": "topo/37612019/641", "footprint_name": "공과대학43-1동멀티미디어강의동2", "footprint_match": "inside", "perimeter_m": "144", "samples": "83", "dem": "topo_dem.tif", "lecture_building": "Y", "note": "로비층 확정 필요(출입구가 여러 높이)"}}, {"type": "Feature", "geometry": {"type": "Point", "coordinates": [126.95126, 37.45701]}, "properties": {"building": "43-2", "name": "관악 43-2동[데이터사이언스대학원 및 공과대학 강의동 2]", "lat": "37.457010", "lon": "126.951260", "first_floor_est_m": "107.5", "lobby_est_m": "110.5", "lobby_source": "출입구 평균", "entrances": "1", "entrance_floors": "2층", "multi_level_access": "N", "entrance_min_m": "110.5", "entrance_max_m": "110.5", "ground_min_m": "104.5", "ground_max_m": "110.6", "ground_span_m": "6.0", "slope_site": "Y", "point_ground_m": "108.9", "footprint": "topo/37612019/395", "footprint_name": "데이터사이언스대학원및공과대학강의동2", "footprint_match": "inside", "perimeter_m": "145", "samples": "78", "dem": "topo_dem.tif", "lecture_building": "Y", "note": ""}}, {"type": "Feature", "geometry": {"type": "Point", "coordinates": [126.95209, 37.45478]}, "properties": {"building": "44", "name": "풍동실험동2", "lat": "37.454780", "lon": "126.952090", "first_floor_est_m": "125.6", "lobby_est_m": "125.0", "lobby_source": "출입구 평균", "entrances": "1", "entrance_floors": "1층", "multi_level_access": "N", "entrance_min_m": "125.0", "entrance_max_m": "125.0", "ground_min_m": "124.9", "ground_max_m": "127.5", "ground_span_m": "2.6", "slope_site": "N", "point_ground_m": "125.0", "footprint": "topo/37612019/593", "footprint_name": "공과대학44동항공우주신기술연구소,비행체특화연구센터,풍동실험동", "footprint_match": "inside", "perimeter_m": "96", "samples": "59", "dem": "topo_dem.tif", "lecture_building": "N", "note": ""}}, {"type": "Feature", "geometry": {"type": "Point", "coordinates": [126.95206, 37.4552]}, "properties": {"building": "44-1", "name": "신양학술정보관", "lat": "37.455200", "lon": "126.952060", "first_floor_est_m": "125.7", "lobby_est_m": "123.2", "lobby_source": "출입구 평균", "entrances": "2", "entrance_floors": "지하1층/1층", "multi_level_access": "Y", "entrance_min_m": "122.6", "entrance_max_m": "123.8", "ground_min_m": "123.2", "ground_max_m": "129.0", "ground_span_m": "5.9", "slope_site": "Y", "point_ground_m": "126.4", "footprint": "topo/37612019/609", "footprint_name": "공과대학44-1동신양학술정보관", "footprint_match": "inside", "perimeter_m": "133", "samples": "78", "dem": "topo_dem.tif", "lecture_building": "Y", "note": "지상 출입구 2곳이 지하1층/1층"}}, {"type": "Feature", "geometry": {"type": "Point", "coordinates": [126.95276, 37.45395]}, "properties": {"building": "45", "name": "천문대(신)", "lat": "37.453950", "lon": "126.952760", "first_floor_est_m": "138.6", "lobby_est_m": "137.8", "lobby_source": "출입구 평균", "entrances": "1", "entrance_floors": "1층", "multi_level_access": "N", "entrance_min_m": "137.8", "entrance_max_m": "137.8", "ground_min_m": "136.8", "ground_max_m": "140.8", "ground_span_m": "4.1", "slope_site": "Y", "point_ground_m": "138.1", "footprint": "topo/37612019/584", "footprint_name": "45동물리천문학부,초기우주체연구단", "footprint_match": "inside", "perimeter_m": "74", "samples": "48", "dem": "topo_dem.tif", "lecture_building": "N", "note": ""}}, {"type": "Feature", "geometry": {"type": "Point", "coordinates": [126.95427, 37.45706]}, "properties": {"building": "46", "name": "천문관측소", "lat": "37.457060", "lon": "126.954270", "first_floor_est_m": "170.0", "lobby_est_m": "170.0", "lobby_source": "1층 기준면(평지)", "entrances": "0", "entrance_floors": "", "multi_level_access": "", "entrance_min_m": "", "entrance_max_m": "", "ground_min_m": "170.0", "ground_max_m": "170.0", "ground_span_m": "0.0", "slope_site": "N", "point_ground_m": "170.0", "footprint": "topo/37612019/646", "footprint_name": "46동물리천문학부", "footprint_match": "inside", "perimeter_m": "63", "samples": "43", "dem": "topo_dem.tif", "lecture_building": "N", "note": ""}}, {"type": "Feature", "geometry": {"type": "Point", "coordinates": [126.95018, 37.45285]}, "properties": {"building": "47", "name": "기상관측소", "lat": "37.452850", "lon": "126.950180", "first_floor_est_m": "131.0", "lobby_est_m": "131.0", "lobby_source": "1층 기준면(평지)", "entrances": "0", "entrance_floors": "", "multi_level_access": "", "entrance_min_m": "", "entrance_max_m": "", "ground_min_m": "130.2", "ground_max_m": "131.9", "ground_span_m": "1.8", "slope_site": "N", "point_ground_m": "131.2", "footprint": "topo/37612019/575", "footprint_name": "47동대기환경관측소", "footprint_match": "inside", "perimeter_m": "81", "samples": "53", "dem": "topo_dem.tif", "lecture_building": "N", "note": ""}}, {"type": "Feature", "geometry": {"type": "Point", "coordinates": [126.95421, 37.45394]}, "properties": {"building": "48", "name": "지진관측소", "lat": "37.453940", "lon": "126.954210", "first_floor_est_m": "155.6", "lobby_est_m": "", "lobby_source": "", "entrances": "0", "entrance_floors": "", "multi_level_access": "", "entrance_min_m": "", "entrance_max_m": "", "ground_min_m": "154.5", "ground_max_m": "157.7", "ground_span_m": "3.2", "slope_site": "Y", "point_ground_m": "155.0", "footprint": "topo/37612019/583", "footprint_name": "48동지진관측소", "footprint_match": "inside", "perimeter_m": "75", "samples": "48", "dem": "topo_dem.tif", "lecture_building": "N", "note": "로비층 확정 필요(경사지, 출입구 정보 없음)"}}, {"type": "Feature", "geometry": {"type": "Point", "coordinates": [126.95425, 37.46344]}, "properties": {"building": "49", "name": "예술관연구동", "lat": "37.463440", "lon": "126.954250", "first_floor_est_m": "114.6", "lobby_est_m": "", "lobby_source": "", "entrances": "4", "entrance_floors": "지하1층/1층", "multi_level_access": "Y", "entrance_min_m": "108.7", "entrance_max_m": "112.7", "ground_min_m": "110.0", "ground_max_m": "119.7", "ground_span_m": "9.8", "slope_site": "Y", "point_ground_m": "109.3", "footprint": "topo/37612019/784", "footprint_name": "음악대학49동예술관콘서트홀", "footprint_match": "ref", "perimeter_m": "178", "samples": "104", "dem": "topo_dem.tif", "lecture_building": "Y", "note": "지상 출입구 4곳이 지하1층/1층; 로비층 확정 필요(출입구가 여러 높이)"}}, {"type": "Feature", "geometry": {"type": "Point", "coordinates": [126.95234, 37.46304]}, "properties": {"building": "50", "name": "예술관(미대)1", "lat": "37.463040", "lon": "126.952340", "first_floor_est_m": "91.1", "lobby_est_m": "", "lobby_source": "", "entrances": "3", "entrance_floors": "1층/2층", "multi_level_access": "Y", "entrance_min_m": "90.0", "entrance_max_m": "94.8", "ground_min_m": "87.8", "ground_max_m": "95.2", "ground_span_m": "7.3", "slope_site": "Y", "point_ground_m": "89.3", "footprint": "topo/37612019/783", "footprint_name": "미술대학50동", "footprint_match": "inside", "perimeter_m": "210", "samples": "124", "dem": "topo_dem.tif", "lecture_building": "Y", "note": "지상 출입구 3곳이 1층/2층; 로비층 확정 필요(출입구가 여러 높이)"}}, {"type": "Feature", "geometry": {"type": "Point", "coordinates": [126.95268, 37.46354]}, "properties": {"building": "51", "name": "예술관(미대)2", "lat": "37.463540", "lon": "126.952680", "first_floor_est_m": "93.3", "lobby_est_m": "", "lobby_source": "", "entrances": "4", "entrance_floors": "1층", "multi_level_access": "N", "entrance_min_m": "91.6", "entrance_max_m": "94.2", "ground_min_m": "91.7", "ground_max_m": "94.7", "ground_span_m": "3.0", "slope_site": "N", "point_ground_m": "93.1", "footprint": "topo/37612019/787", "footprint_name": "미술대학51동예술관2", "footprint_match": "inside", "perimeter_m": "145", "samples": "87", "dem": "topo_dem.tif", "lecture_building": "Y", "note": "로비층 확정 필요(출입구가 여러 높이)"}}, {"type": "Feature", "geometry": {"type": "Point", "coordinates": [126.95319, 37.46352]}, "properties": {"building": "52", "name": "예술관(미대)3", "lat": "37.463520", "lon": "126.953190", "first_floor_est_m": "97.4", "lobby_est_m": "", "lobby_source": "", "entrances": "4", "entrance_floors": "지하1층/1층/2층", "multi_level_access": "Y", "entrance_min_m": "95.1", "entrance_max_m": "99.4", "ground_min_m": "95.0", "ground_max_m": "101.9", "ground_span_m": "6.9", "slope_site": "Y", "point_ground_m": "97.6", "footprint": "topo/37612019/135", "footprint_name": "미술대학52동예술관3", "footprint_match": "inside", "perimeter_m": "410", "samples": "243", "dem": "topo_dem.tif", "lecture_building": "Y", "note": "지상 출입구 4곳이 지하1층/1층/2층; 로비층 확정 필요(출입구가 여러 높이)"}}, {"type": "Feature", "geometry": {"type": "Point", "coordinates": [126.9534, 37.46394]}, "properties": {"building": "52-1", "name": "미대교양실습동(52-1동)", "lat": "37.463940", "lon": "126.953400", "first_floor_est_m": "97.4", "lobby_est_m": "", "lobby_source": "", "entrances": "2", "entrance_floors": "지하1층/1층", "multi_level_access": "Y", "entrance_min_m": "95.0", "entrance_max_m": "98.9", "ground_min_m": "95.0", "ground_max_m": "101.9", "ground_span_m": "6.9", "slope_site": "Y", "point_ground_m": "97.3", "footprint": "topo/37612019/135", "footprint_name": "미술대학52동예술관3", "footprint_match": "inside", "perimeter_m": "410", "samples": "243", "dem": "topo_dem.tif", "lecture_building": "Y", "note": "지상 출입구 2곳이 지하1층/1층; 로비층 확정 필요(출입구가 여러 높이)"}}, {"type": "Feature", "geometry": {"type": "Point", "coordinates": [126.95294, 37.46404]}, "properties": {"building": "52-2", "name": "야외조각실습장2", "lat": "37.464040", "lon": "126.952940", "first_floor_est_m": "95.0", "lobby_est_m": "95.0", "lobby_source": "1층 기준면(평지)", "entrances": "0", "entrance_floors": "", "multi_level_access": "", "entrance_min_m": "", "entrance_max_m": "", "ground_min_m": "95.0", "ground_max_m": "95.0", "ground_span_m": "0.0", "slope_site": "N", "point_ground_m": "95.0", "footprint": "topo/37612019/794", "footprint_name": "서울대학교", "footprint_match": "inside", "perimeter_m": "57", "samples": "30", "dem": "topo_dem.tif", "lecture_building": "Y", "note": ""}}, {"type": "Feature", "geometry": {"type": "Point", "coordinates": [126.95344, 37.46304]}, "properties": {"building": "53", "name": "예술관(음대)1", "lat": "37.463040", "lon": "126.953440", "first_floor_est_m": "103.1", "lobby_est_m": "103.2", "lobby_source": "출입구 평균", "entrances": "3", "entrance_floors": "1층", "multi_level_access": "N", "entrance_min_m": "102.4", "entrance_max_m": "103.8", "ground_min_m": "101.4", "ground_max_m": "104.8", "ground_span_m": "3.4", "slope_site": "Y", "point_ground_m": "103.1", "footprint": "topo/37612019/785", "footprint_name": "음악대학53동", "footprint_match": "inside", "perimeter_m": "181", "samples": "107", "dem": "topo_dem.tif", "lecture_building": "Y", "note": ""}}, {"type": "Feature", "geometry": {"type": "Point", "coordinates": [126.95335, 37.4626]}, "properties": {"building": "54", "name": "예술관(음대)2", "lat": "37.462600", "lon": "126.953350", "first_floor_est_m": "101.8", "lobby_est_m": "", "lobby_source": "", "entrances": "3", "entrance_floors": "지하1층/1층", "multi_level_access": "Y", "entrance_min_m": "98.5", "entrance_max_m": "103.6", "ground_min_m": "98.4", "ground_max_m": "104.6", "ground_span_m": "6.2", "slope_site": "Y", "point_ground_m": "102.5", "footprint": "topo/37612019/779", "footprint_name": "음악대학54동", "footprint_match": "inside", "perimeter_m": "256", "samples": "143", "dem": "topo_dem.tif", "lecture_building": "Y", "note": "지상 출입구 3곳이 지하1층/1층; 로비층 확정 필요(출입구가 여러 높이)"}}, {"type": "Feature", "geometry": {"type": "Point", "coordinates": [126.95287, 37.46248]}, "properties": {"building": "55", "name": "예술관(음대)3", "lat": "37.462480", "lon": "126.952870", "first_floor_est_m": "97.3", "lobby_est_m": "", "lobby_source": "", "entrances": "2", "entrance_floors": "1층/2층", "multi_level_access": "Y", "entrance_min_m": "97.4", "entrance_max_m": "100.0", "ground_min_m": "94.3", "ground_max_m": "100.0", "ground_span_m": "5.7", "slope_site": "Y", "point_ground_m": "97.2", "footprint": "topo/37612019/776", "footprint_name": "음악대학55동", "footprint_match": "inside", "perimeter_m": "179", "samples": "106", "dem": "topo_dem.tif", "lecture_building": "Y", "note": "지상 출입구 2곳이 1층/2층; 로비층 확정 필요(출입구가 여러 높이)"}}, {"type": "Feature", "geometry": {"type": "Point", "coordinates": [126.9514, 37.4577]}, "properties": {"building": "56", "name": "자연과학관10", "lat": "37.457700", "lon": "126.951400", "first_floor_est_m": "107.1", "lobby_est_m": "", "lobby_source": "", "entrances": "5", "entrance_floors": "지하1층/1층/2층", "multi_level_access": "Y", "entrance_min_m": "104.7", "entrance_max_m": "110.1", "ground_min_m": "104.1", "ground_max_m": "110.1", "ground_span_m": "6.0", "slope_site": "Y", "point_ground_m": "107.6", "footprint": "topo/37612019/655", "footprint_name": "자연과학대학56동", "footprint_match": "inside", "perimeter_m": "187", "samples": "134", "dem": "topo_dem.tif", "lecture_building": "Y", "note": "지상 출입구 5곳이 지하1층/1층/2층; 로비층 확정 필요(출입구가 여러 높이)"}}, {"type": "Feature", "geometry": {"type": "Point", "coordinates": [126.951594, 37.458209]}, "properties": {"building": "56-1", "name": "관악 56-1동[김철수물리관]", "lat": "37.458209", "lon": "126.951594", "first_floor_est_m": "104.5", "lobby_est_m": "", "lobby_source": "", "entrances": "0", "entrance_floors": "", "multi_level_access": "", "entrance_min_m": "", "entrance_max_m": "", "ground_min_m": "102.1", "ground_max_m": "108.7", "ground_span_m": "6.6", "slope_site": "Y", "point_ground_m": "104.4", "footprint": "ring15m", "footprint_name": "", "footprint_match": "none", "perimeter_m": "", "samples": "36", "dem": "topo_dem.tif", "lecture_building": "N", "note": "윤곽 없음(원형 표본); 로비층 확정 필요(경사지, 출입구 정보 없음)"}}, {"type": "Feature", "geometry": {"type": "Point", "coordinates": [126.95314, 37.46559]}, "properties": {"building": "57", "name": "행정대학원", "lat": "37.465590", "lon": "126.953140", "first_floor_est_m": "85.7", "lobby_est_m": "", "lobby_source": "", "entrances": "2", "entrance_floors": "1층", "multi_level_access": "N", "entrance_min_m": "86.1", "entrance_max_m": "87.6", "ground_min_m": "81.7", "ground_max_m": "88.4", "ground_span_m": "6.7", "slope_site": "Y", "point_ground_m": "84.3", "footprint": "topo/37612019/1167", "footprint_name": "경영대학57동경영전문대학원", "footprint_match": "inside", "perimeter_m": "168", "samples": "134", "dem": "topo_dem.tif", "lecture_building": "Y", "note": "로비층 확정 필요(출입구가 여러 높이)"}}, {"type": "Feature", "geometry": {"type": "Point", "coordinates": [126.95373, 37.46519]}, "properties": {"building": "57-1", "name": "행정대학원", "lat": "37.465190", "lon": "126.953730", "first_floor_est_m": "91.5", "lobby_est_m": "", "lobby_source": "", "entrances": "3", "entrance_floors": "지하1층/1층/2층", "multi_level_access": "Y", "entrance_min_m": "87.8", "entrance_max_m": "94.9", "ground_min_m": "88.4", "ground_max_m": "95.0", "ground_span_m": "6.6", "slope_site": "Y", "point_ground_m": "92.7", "footprint": "topo/37612019/473", "footprint_name": "경영대학57-1동행정대학원", "footprint_match": "inside", "perimeter_m": "217", "samples": "119", "dem": "topo_dem.tif", "lecture_building": "Y", "note": "지상 출입구 3곳이 지하1층/1층/2층; 로비층 확정 필요(출입구가 여러 높이)"}}, {"type": "Feature", "geometry": {"type": "Point", "coordinates": [126.95203, 37.46568]}, "properties": {"building": "58", "name": "SK경영관", "lat": "37.465680", "lon": "126.952030", "first_floor_est_m": "79.7", "lobby_est_m": "79.6", "lobby_source": "출입구 평균", "entrances": "5", "entrance_floors": "1층", "multi_level_access": "N", "entrance_min_m": "79.3", "entrance_max_m": "80.0", "ground_min_m": "79.2", "ground_max_m": "80.0", "ground_span_m": "0.8", "slope_site": "N", "point_ground_m": "79.8", "footprint": "topo/37612019/1166", "footprint_name": "경영대학58동SK경영관", "footprint_match": "inside", "perimeter_m": "398", "samples": "238", "dem": "topo_dem.tif", "lecture_building": "Y", "note": ""}}, {"type": "Feature", "geometry": {"type": "Point", "coordinates": [126.95295, 37.46496]}, "properties": {"building": "59", "name": "LG경영관(경영연구관및산학협동관)", "lat": "37.464960", "lon": "126.952950", "first_floor_est_m": "84.3", "lobby_est_m": "", "lobby_source": "", "entrances": "4", "entrance_floors": "지하1층/2층", "multi_level_access": "Y", "entrance_min_m": "80.7", "entrance_max_m": "88.4", "ground_min_m": "80.1", "ground_max_m": "88.3", "ground_span_m": "8.3", "slope_site": "Y", "point_ground_m": "84.1", "footprint": "topo/37612019/11", "footprint_name": "경영대학59동LG경영관", "footprint_match": "inside", "perimeter_m": "153", "samples": "84", "dem": "topo_dem.tif", "lecture_building": "Y", "note": "지상 출입구 4곳이 지하1층/2층; 로비층 확정 필요(출입구가 여러 높이)"}}, {"type": "Feature", "geometry": {"type": "Point", "coordinates": [126.952318, 37.464916]}, "properties": {"building": "59-1", "name": "관악 59-1동[매니지먼트센터]", "lat": "37.464916", "lon": "126.952318", "first_floor_est_m": "81.1", "lobby_est_m": "80.8", "lobby_source": "출입구 평균", "entrances": "2", "entrance_floors": "1층", "multi_level_access": "N", "entrance_min_m": "80.7", "entrance_max_m": "80.8", "ground_min_m": "79.8", "ground_max_m": "83.0", "ground_span_m": "3.1", "slope_site": "Y", "point_ground_m": "81.5", "footprint": "topo/37612019/476", "footprint_name": "경영대학59동경영전문대학원", "footprint_match": "inside", "perimeter_m": "142", "samples": "80", "dem": "topo_dem.tif", "lecture_building": "Y", "note": ""}}, {"type": "Feature", "geometry": {"type": "Point", "coordinates": [126.95129, 37.46002]}, "properties": {"building": "60", "name": "행정관", "lat": "37.460020", "lon": "126.951290", "first_floor_est_m": "88.2", "lobby_est_m": "87.5", "lobby_source": "출입구 평균", "entrances": "2", "entrance_floors": "1층", "multi_level_access": "N", "entrance_min_m": "87.5", "entrance_max_m": "87.6", "ground_min_m": "87.4", "ground_max_m": "89.2", "ground_span_m": "1.8", "slope_site": "N", "point_ground_m": "87.8", "footprint": "topo/37612019/3329", "footprint_name": "60동B1", "footprint_match": "inside", "perimeter_m": "228", "samples": "120", "dem": "topo_dem.tif", "lecture_building": "N", "note": ""}}, {"type": "Feature", "geometry": {"type": "Point", "coordinates": [126.95376, 37.45985]}, "properties": {"building": "61", "name": "기초교육원", "lat": "37.459850", "lon": "126.953760", "first_floor_est_m": "106.5", "lobby_est_m": "", "lobby_source": "", "entrances": "4", "entrance_floors": "지하1층/1층", "multi_level_access": "Y", "entrance_min_m": "104.2", "entrance_max_m": "108.1", "ground_min_m": "103.5", "ground_max_m": "110.2", "ground_span_m": "6.6", "slope_site": "Y", "point_ground_m": "105.6", "footprint": "topo/37612019/3326", "footprint_name": "61동교수학습개발센터,기초교육원", "footprint_match": "inside", "perimeter_m": "211", "samples": "115", "dem": "topo_dem.tif", "lecture_building": "Y", "note": "지상 출입구 4곳이 지하1층/1층; 로비층 확정 필요(출입구가 여러 높이)"}}, {"type": "Feature", "geometry": {"type": "Point", "coordinates": [126.95199, 37.4594]}, "properties": {"building": "62", "name": "중앙도서관 본관", "lat": "37.459400", "lon": "126.951990", "first_floor_est_m": "99.3", "lobby_est_m": "95.1", "lobby_source": "출입구 평균", "entrances": "1", "entrance_floors": "지하1층", "multi_level_access": "N", "entrance_min_m": "95.1", "entrance_max_m": "95.1", "ground_min_m": "94.1", "ground_max_m": "104.6", "ground_span_m": "10.5", "slope_site": "Y", "point_ground_m": "98.0", "footprint": "topo/37612019/672", "footprint_name": "62동중앙도서관본관", "footprint_match": "inside", "perimeter_m": "328", "samples": "191", "dem": "topo_dem.tif", "lecture_building": "Y", "note": ""}}, {"type": "Feature", "geometry": {"type": "Point", "coordinates": [126.95247, 37.45903]}, "properties": {"building": "62-1", "name": "중앙도서관 관정관", "lat": "37.459030", "lon": "126.952470", "first_floor_est_m": "106.4", "lobby_est_m": "108.3", "lobby_source": "출입구 평균", "entrances": "3", "entrance_floors": "1층/2층", "multi_level_access": "Y", "entrance_min_m": "108.0", "entrance_max_m": "108.7", "ground_min_m": "102.1", "ground_max_m": "109.6", "ground_span_m": "7.5", "slope_site": "Y", "point_ground_m": "107.6", "footprint": "topo/37612019/670", "footprint_name": "62-1동중앙도서관관정관", "footprint_match": "inside", "perimeter_m": "422", "samples": "320", "dem": "topo_dem.tif", "lecture_building": "N", "note": "지상 출입구 3곳이 1층/2층"}}, {"type": "Feature", "geometry": {"type": "Point", "coordinates": [126.95058, 37.45932]}, "properties": {"building": "63", "name": "학생회관", "lat": "37.459320", "lon": "126.950580", "first_floor_est_m": "89.5", "lobby_est_m": "", "lobby_source": "", "entrances": "7", "entrance_floors": "1층/2층", "multi_level_access": "Y", "entrance_min_m": "87.9", "entrance_max_m": "92.7", "ground_min_m": "87.3", "ground_max_m": "92.8", "ground_span_m": "5.5", "slope_site": "Y", "point_ground_m": "89.4", "footprint": "topo/37612019/81", "footprint_name": "63동학생회관", "footprint_match": "inside", "perimeter_m": "306", "samples": "168", "dem": "topo_dem.tif", "lecture_building": "N", "note": "지상 출입구 7곳이 1층/2층; 로비층 확정 필요(출입구가 여러 높이)"}}, {"type": "Feature", "geometry": {"type": "Point", "coordinates": [126.94937, 37.46383]}, "properties": {"building": "64", "name": "IBK커뮤니케이션센터", "lat": "37.463830", "lon": "126.949370", "first_floor_est_m": "72.1", "lobby_est_m": "67.3", "lobby_source": "출입구 평균", "entrances": "1", "entrance_floors": "지하1층", "multi_level_access": "N", "entrance_min_m": "67.3", "entrance_max_m": "67.3", "ground_min_m": "66.9", "ground_max_m": "75.0", "ground_span_m": "8.1", "slope_site": "Y", "point_ground_m": "74.4", "footprint": "topo/37612018/877", "footprint_name": "64동IBK커뮤니케이션센터", "footprint_match": "inside", "perimeter_m": "95", "samples": "52", "dem": "topo_dem.tif", "lecture_building": "Y", "note": ""}}, {"type": "Feature", "geometry": {"type": "Point", "coordinates": [126.95387, 37.45781]}, "properties": {"building": "65", "name": "교수회관", "lat": "37.457810", "lon": "126.953870", "first_floor_est_m": "155.4", "lobby_est_m": "", "lobby_source": "", "entrances": "0", "entrance_floors": "", "multi_level_access": "", "entrance_min_m": "", "entrance_max_m": "", "ground_min_m": "150.1", "ground_max_m": "158.8", "ground_span_m": "8.7", "slope_site": "Y", "point_ground_m": "156.2", "footprint": "topo/37612019/656", "footprint_name": "65동교수회관", "footprint_match": "inside", "perimeter_m": "216", "samples": "134", "dem": "topo_dem.tif", "lecture_building": "N", "note": "로비층 확정 필요(경사지, 출입구 정보 없음)"}}, {"type": "Feature", "geometry": {"type": "Point", "coordinates": [126.95424, 37.4567]}, "properties": {"building": "66", "name": "학군단", "lat": "37.456700", "lon": "126.954240", "first_floor_est_m": "162.0", "lobby_est_m": "", "lobby_source": "", "entrances": "0", "entrance_floors": "", "multi_level_access": "", "entrance_min_m": "", "entrance_max_m": "", "ground_min_m": "160.0", "ground_max_m": "163.9", "ground_span_m": "3.8", "slope_site": "Y", "point_ground_m": "163.2", "footprint": "topo/37612019/636", "footprint_name": "66동제101학생군사교육단,출판문화원물류센터", "footprint_match": "inside", "perimeter_m": "186", "samples": "100", "dem": "topo_dem.tif", "lecture_building": "Y", "note": "로비층 확정 필요(경사지, 출입구 정보 없음)"}}, {"type": "Feature", "geometry": {"type": "Point", "coordinates": [126.94973, 37.46353]}, "properties": {"building": "67", "name": "NH농협두레문예관", "lat": "37.463530", "lon": "126.949730", "first_floor_est_m": "72.7", "lobby_est_m": "", "lobby_source": "", "entrances": "3", "entrance_floors": "지하1층/1층/2층", "multi_level_access": "Y", "entrance_min_m": "69.5", "entrance_max_m": "75.0", "ground_min_m": "69.4", "ground_max_m": "75.9", "ground_span_m": "6.5", "slope_site": "Y", "point_ground_m": "72.6", "footprint": "topo/37612018/876", "footprint_name": "67동두레학생문예관", "footprint_match": "inside", "perimeter_m": "151", "samples": "86", "dem": "topo_dem.tif", "lecture_building": "N", "note": "지상 출입구 3곳이 지하1층/1층/2층; 로비층 확정 필요(출입구가 여러 높이)"}}, {"type": "Feature", "geometry": {"type": "Point", "coordinates": [126.95488, 37.46627]}, "properties": {"building": "68", "name": "파워플랜트", "lat": "37.466270", "lon": "126.954880", "first_floor_est_m": "98.4", "lobby_est_m": "", "lobby_source": "", "entrances": "0", "entrance_floors": "", "multi_level_access": "", "entrance_min_m": "", "entrance_max_m": "", "ground_min_m": "95.4", "ground_max_m": "100.7", "ground_span_m": "5.3", "slope_site": "Y", "point_ground_m": "98.6", "footprint": "topo/37612019/12", "footprint_name": "", "footprint_match": "inside", "perimeter_m": "295", "samples": "152", "dem": "topo_dem.tif", "lecture_building": "N", "note": "로비층 확정 필요(경사지, 출입구 정보 없음)"}}, {"type": "Feature", "geometry": {"type": "Point", "coordinates": [126.95278, 37.45728]}, "properties": {"building": "69", "name": "실험동물자원관리원", "lat": "37.457280", "lon": "126.952780", "first_floor_est_m": "128.2", "lobby_est_m": "", "lobby_source": "", "entrances": "0", "entrance_floors": "", "multi_level_access": "", "entrance_min_m": "", "entrance_max_m": "", "ground_min_m": "126.4", "ground_max_m": "130.0", "ground_span_m": "3.6", "slope_site": "Y", "point_ground_m": "129.2", "footprint": "topo/37612019/651", "footprint_name": "자연과학대학69동실험동물자원관리원", "footprint_match": "inside", "perimeter_m": "134", "samples": "73", "dem": "topo_dem.tif", "lecture_building": "N", "note": "로비층 확정 필요(경사지, 출입구 정보 없음)"}}, {"type": "Feature", "geometry": {"type": "Point", "coordinates": [126.95235, 37.46454]}, "properties": {"building": "70", "name": "박물관", "lat": "37.464540", "lon": "126.952350", "first_floor_est_m": "84.6", "lobby_est_m": "84.9", "lobby_source": "출입구 평균", "entrances": "1", "entrance_floors": "1층", "multi_level_access": "N", "entrance_min_m": "84.9", "entrance_max_m": "84.9", "ground_min_m": "83.1", "ground_max_m": "85.4", "ground_span_m": "2.3", "slope_site": "N", "point_ground_m": "85.0", "footprint": "topo/37612019/3328", "footprint_name": "70동박물관", "footprint_match": "inside", "perimeter_m": "301", "samples": "165", "dem": "topo_dem.tif", "lecture_building": "N", "note": ""}}, {"type": "Feature", "geometry": {"type": "Point", "coordinates": [126.95238, 37.4676]}, "properties": {"building": "71", "name": "체육관", "lat": "37.467600", "lon": "126.952380", "first_floor_est_m": "81.2", "lobby_est_m": "80.7", "lobby_source": "출입구 평균", "entrances": "1", "entrance_floors": "1층", "multi_level_access": "N", "entrance_min_m": "80.7", "entrance_max_m": "80.7", "ground_min_m": "76.9", "ground_max_m": "84.6", "ground_span_m": "7.7", "slope_site": "Y", "point_ground_m": "82.1", "footprint": "topo/37612019/3324", "footprint_name": "71동체육관", "footprint_match": "inside", "perimeter_m": "432", "samples": "230", "dem": "topo_dem.tif", "lecture_building": "Y", "note": ""}}, {"type": "Feature", "geometry": {"type": "Point", "coordinates": [126.95189, 37.46182]}, "properties": {"building": "72", "name": "법학도서관", "lat": "37.461820", "lon": "126.951890", "first_floor_est_m": "84.9", "lobby_est_m": "83.4", "lobby_source": "출입구 평균", "entrances": "1", "entrance_floors": "1층", "multi_level_access": "N", "entrance_min_m": "83.4", "entrance_max_m": "83.4", "ground_min_m": "82.9", "ground_max_m": "87.2", "ground_span_m": "4.3", "slope_site": "Y", "point_ground_m": "85.0", "footprint": "topo/37612019/767", "footprint_name": "법과대학72동법학도서관", "footprint_match": "inside", "perimeter_m": "157", "samples": "83", "dem": "topo_dem.tif", "lecture_building": "N", "note": ""}}, {"type": "Feature", "geometry": {"type": "Point", "coordinates": [126.95104, 37.46159]}, "properties": {"building": "73", "name": "문화관", "lat": "37.461590", "lon": "126.951040", "first_floor_est_m": "82.0", "lobby_est_m": "", "lobby_source": "", "entrances": "0", "entrance_floors": "", "multi_level_access": "", "entrance_min_m": "", "entrance_max_m": "", "ground_min_m": "80.0", "ground_max_m": "85.0", "ground_span_m": "5.0", "slope_site": "Y", "point_ground_m": "82.4", "footprint": "topo/37612019/112", "footprint_name": "73동문화관", "footprint_match": "inside", "perimeter_m": "238", "samples": "129", "dem": "topo_dem.tif", "lecture_building": "Y", "note": "로비층 확정 필요(경사지, 출입구 정보 없음)"}}, {"type": "Feature", "geometry": {"type": "Point", "coordinates": [126.95312, 37.46193]}, "properties": {"building": "74", "name": "예술복합연구동", "lat": "37.461930", "lon": "126.953120", "first_floor_est_m": "100.7", "lobby_est_m": "100.0", "lobby_source": "출입구 평균", "entrances": "6", "entrance_floors": "1층", "multi_level_access": "N", "entrance_min_m": "100.0", "entrance_max_m": "100.0", "ground_min_m": "99.1", "ground_max_m": "105.0", "ground_span_m": "5.9", "slope_site": "Y", "point_ground_m": "100.0", "footprint": "topo/37612019/769", "footprint_name": "음악대학74동예술복합연구동", "footprint_match": "inside", "perimeter_m": "199", "samples": "105", "dem": "topo_dem.tif", "lecture_building": "Y", "note": ""}}, {"type": "Feature", "geometry": {"type": "Point", "coordinates": [126.94909, 37.45609]}, "properties": {"building": "75", "name": "복지관", "lat": "37.456090", "lon": "126.949090", "first_floor_est_m": "99.4", "lobby_est_m": "100.8", "lobby_source": "출입구 평균", "entrances": "2", "entrance_floors": "1층", "multi_level_access": "N", "entrance_min_m": "100.5", "entrance_max_m": "101.0", "ground_min_m": "96.0", "ground_max_m": "103.0", "ground_span_m": "7.0", "slope_site": "Y", "point_ground_m": "99.2", "footprint": "topo/37612018/450", "footprint_name": "융합관", "footprint_match": "inside", "perimeter_m": "188", "samples": "98", "dem": "topo_dem.tif", "lecture_building": "Y", "note": ""}}, {"type": "Feature", "geometry": {"type": "Point", "coordinates": [126.94851, 37.45647]}, "properties": {"building": "75-1", "name": "제3학생식당", "lat": "37.456470", "lon": "126.948510", "first_floor_est_m": "90.7", "lobby_est_m": "92.8", "lobby_source": "출입구 평균", "entrances": "1", "entrance_floors": "2층", "multi_level_access": "N", "entrance_min_m": "92.8", "entrance_max_m": "92.8", "ground_min_m": "86.0", "ground_max_m": "95.8", "ground_span_m": "9.8", "slope_site": "Y", "point_ground_m": "88.9", "footprint": "topo/37612018/7299", "footprint_name": "농업생명과학대학75-1동농학도서관,제3학생식당", "footprint_match": "inside", "perimeter_m": "183", "samples": "101", "dem": "topo_dem.tif", "lecture_building": "Y", "note": ""}}, {"type": "Feature", "geometry": {"type": "Point", "coordinates": [126.9557, 37.46073]}, "properties": {"building": "76", "name": "제4식당(서당골)", "lat": "37.460730", "lon": "126.955700", "first_floor_est_m": "119.4", "lobby_est_m": "116.9", "lobby_source": "출입구 평균", "entrances": "1", "entrance_floors": "지하1층", "multi_level_access": "N", "entrance_min_m": "116.9", "entrance_max_m": "116.9", "ground_min_m": "116.6", "ground_max_m": "122.5", "ground_span_m": "6.0", "slope_site": "Y", "point_ground_m": "119.5", "footprint": "topo/37612019/697", "footprint_name": "76동제4식당서당골", "footprint_match": "inside", "perimeter_m": "111", "samples": "58", "dem": "topo_dem.tif", "lecture_building": "N", "note": ""}}, {"type": "Feature", "geometry": {"type": "Point", "coordinates": [126.95324, 37.46822]}, "properties": {"building": "80", "name": "수의대부속동물병원", "lat": "37.468220", "lon": "126.953240", "first_floor_est_m": "95.0", "lobby_est_m": "", "lobby_source": "", "entrances": "0", "entrance_floors": "", "multi_level_access": "", "entrance_min_m": "", "entrance_max_m": "", "ground_min_m": "84.8", "ground_max_m": "101.4", "ground_span_m": "16.7", "slope_site": "Y", "point_ground_m": "100.9", "footprint": "topo/37612019/1189", "footprint_name": "수의과대학80동동물병원", "footprint_match": "inside", "perimeter_m": "327", "samples": "179", "dem": "topo_dem.tif", "lecture_building": "Y", "note": "로비층 확정 필요(경사지, 출입구 정보 없음)"}}, {"type": "Feature", "geometry": {"type": "Point", "coordinates": [126.95425, 37.46698]}, "properties": {"building": "81", "name": "생명공학연구동", "lat": "37.466980", "lon": "126.954250", "first_floor_est_m": "97.9", "lobby_est_m": "", "lobby_source": "", "entrances": "0", "entrance_floors": "", "multi_level_access": "", "entrance_min_m": "", "entrance_max_m": "", "ground_min_m": "95.6", "ground_max_m": "100.6", "ground_span_m": "4.9", "slope_site": "Y", "point_ground_m": "98.0", "footprint": "topo/37612019/1182", "footprint_name": "수의과대학81동생명공학연구동", "footprint_match": "inside", "perimeter_m": "177", "samples": "93", "dem": "topo_dem.tif", "lecture_building": "Y", "note": "로비층 확정 필요(경사지, 출입구 정보 없음)"}}, {"type": "Feature", "geometry": {"type": "Point", "coordinates": [126.95409, 37.46237]}, "properties": {"building": "82", "name": "환경대학원", "lat": "37.462370", "lon": "126.954090", "first_floor_est_m": "119.5", "lobby_est_m": "", "lobby_source": "", "entrances": "3", "entrance_floors": "1층/2층", "multi_level_access": "Y", "entrance_min_m": "118.5", "entrance_max_m": "123.5", "ground_min_m": "112.6", "ground_max_m": "125.0", "ground_span_m": "12.4", "slope_site": "Y", "point_ground_m": "119.5", "footprint": "topo/37612019/3323", "footprint_name": "82동환경대학원", "footprint_match": "inside", "perimeter_m": "213", "samples": "116", "dem": "topo_dem.tif", "lecture_building": "Y", "note": "지상 출입구 3곳이 1층/2층; 로비층 확정 필요(출입구가 여러 높이)"}}, {"type": "Feature", "geometry": {"type": "Point", "coordinates": [126.95168, 37.46344]}, "properties": {"building": "83", "name": "인문사회계멀티미디어강의동", "lat": "37.463440", "lon": "126.951680", "first_floor_est_m": "87.7", "lobby_est_m": "", "lobby_source": "", "entrances": "2", "entrance_floors": "지하1층/2층", "multi_level_access": "Y", "entrance_min_m": "84.4", "entrance_max_m": "90.3", "ground_min_m": "84.2", "ground_max_m": "90.4", "ground_span_m": "6.2", "slope_site": "Y", "point_ground_m": "88.8", "footprint": "topo/37612019/788", "footprint_name": "사회과학대학83동멀티미디어강의동", "footprint_match": "inside", "perimeter_m": "245", "samples": "143", "dem": "topo_dem.tif", "lecture_building": "Y", "note": "지상 출입구 2곳이 지하1층/2층; 로비층 확정 필요(출입구가 여러 높이)"}}, {"type": "Feature", "geometry": {"type": "Point", "coordinates": [126.95233, 37.46226]}, "properties": {"building": "84", "name": "근대법학교육100주년기념관", "lat": "37.462260", "lon": "126.952330", "first_floor_est_m": "88.4", "lobby_est_m": "", "lobby_source": "", "entrances": "3", "entrance_floors": "지하1층/1층/2층", "multi_level_access": "Y", "entrance_min_m": "85.1", "entrance_max_m": "90.6", "ground_min_m": "85.2", "ground_max_m": "90.7", "ground_span_m": "5.5", "slope_site": "Y", "point_ground_m": "89.7", "footprint": "topo/37612019/773", "footprint_name": "법과대학84동근대법학교육100주년기념관", "footprint_match": "inside", "perimeter_m": "141", "samples": "94", "dem": "topo_dem.tif", "lecture_building": "Y", "note": "지상 출입구 3곳이 지하1층/1층/2층; 로비층 확정 필요(출입구가 여러 높이)"}}, {"type": "Feature", "geometry": {"type": "Point", "coordinates": [126.95365, 37.46744]}, "properties": {"building": "85", "name": "수의과대학", "lat": "37.467440", "lon": "126.953650", "first_floor_est_m": "97.4", "lobby_est_m": "", "lobby_source": "", "entrances": "0", "entrance_floors": "", "multi_level_access": "", "entrance_min_m": "", "entrance_max_m": "", "ground_min_m": "84.8", "ground_max_m": "104.4", "ground_span_m": "19.6", "slope_site": "Y", "point_ground_m": "100.4", "footprint": "topo/37612019/1185", "footprint_name": "수의과대학85동", "footprint_match": "inside", "perimeter_m": "403", "samples": "221", "dem": "topo_dem.tif", "lecture_building": "Y", "note": "로비층 확정 필요(경사지, 출입구 정보 없음)"}}, {"type": "Feature", "geometry": {"type": "Point", "coordinates": [126.95371, 37.46799]}, "properties": {"building": "85-1", "name": "수의대시약보관창고(85-1동)", "lat": "37.467990", "lon": "126.953710", "first_floor_est_m": "104.1", "lobby_est_m": "104.1", "lobby_source": "1층 기준면(평지)", "entrances": "0", "entrance_floors": "", "multi_level_access": "", "entrance_min_m": "", "entrance_max_m": "", "ground_min_m": "103.8", "ground_max_m": "104.5", "ground_span_m": "0.7", "slope_site": "N", "point_ground_m": "104.1", "footprint": "topo/37612019/1187", "footprint_name": "서울대학교", "footprint_match": "inside", "perimeter_m": "31", "samples": "18", "dem": "topo_dem.tif", "lecture_building": "Y", "note": ""}}, {"type": "Feature", "geometry": {"type": "Point", "coordinates": [126.95304, 37.46899]}, "properties": {"building": "86", "name": "치의학대학원 첨단교육연구복합단지", "lat": "37.468990", "lon": "126.953040", "first_floor_est_m": "96.9", "lobby_est_m": "", "lobby_source": "", "entrances": "0", "entrance_floors": "", "multi_level_access": "", "entrance_min_m": "", "entrance_max_m": "", "ground_min_m": "92.3", "ground_max_m": "109.5", "ground_span_m": "17.2", "slope_site": "Y", "point_ground_m": "101.0", "footprint": "topo/37612019/1191", "footprint_name": "86동치과병원", "footprint_match": "ref", "perimeter_m": "294", "samples": "161", "dem": "topo_dem.tif", "lecture_building": "Y", "note": "로비층 확정 필요(경사지, 출입구 정보 없음)"}}, {"type": "Feature", "geometry": {"type": "Point", "coordinates": [126.95073, 37.46634]}, "properties": {"building": "97", "name": "환경안전원1", "lat": "37.466340", "lon": "126.950730", "first_floor_est_m": "74.7", "lobby_est_m": "74.7", "lobby_source": "1층 기준면(평지)", "entrances": "0", "entrance_floors": "", "multi_level_access": "", "entrance_min_m": "", "entrance_max_m": "", "ground_min_m": "73.7", "ground_max_m": "75.0", "ground_span_m": "1.3", "slope_site": "N", "point_ground_m": "75.0", "footprint": "topo/37612019/1170", "footprint_name": "97동환경안전원", "footprint_match": "inside", "perimeter_m": "109", "samples": "56", "dem": "topo_dem.tif", "lecture_building": "N", "note": ""}}, {"type": "Feature", "geometry": {"type": "Point", "coordinates": [126.95063, 37.46663]}, "properties": {"building": "98", "name": "환경안전원", "lat": "37.466630", "lon": "126.950630", "first_floor_est_m": "74.9", "lobby_est_m": "74.9", "lobby_source": "1층 기준면(평지)", "entrances": "0", "entrance_floors": "", "multi_level_access": "", "entrance_min_m": "", "entrance_max_m": "", "ground_min_m": "74.3", "ground_max_m": "75.0", "ground_span_m": "0.7", "slope_site": "N", "point_ground_m": "75.0", "footprint": "topo/37612019/1175", "footprint_name": "98동환경안전원", "footprint_match": "inside", "perimeter_m": "98", "samples": "53", "dem": "topo_dem.tif", "lecture_building": "N", "note": ""}}, {"type": "Feature", "geometry": {"type": "Point", "coordinates": [126.955227, 37.458479]}, "properties": {"building": "100", "name": "버들골 풍산마당", "lat": "37.458479", "lon": "126.955227", "first_floor_est_m": "131.3", "lobby_est_m": "130.0", "lobby_source": "출입구 평균", "entrances": "1", "entrance_floors": "1층", "multi_level_access": "N", "entrance_min_m": "130.0", "entrance_max_m": "130.0", "ground_min_m": "130.0", "ground_max_m": "133.0", "ground_span_m": "3.0", "slope_site": "N", "point_ground_m": "130.0", "footprint": "osm-way/193893586", "footprint_name": "버들골 풍산마당", "footprint_match": "inside", "perimeter_m": "164", "samples": "87", "dem": "topo_dem.tif", "lecture_building": "N", "note": ""}}, {"type": "Feature", "geometry": {"type": "Point", "coordinates": [126.95015, 37.46328]}, "properties": {"building": "101", "name": "아시아연구소", "lat": "37.463280", "lon": "126.950150", "first_floor_est_m": "74.0", "lobby_est_m": "", "lobby_source": "", "entrances": "3", "entrance_floors": "1층", "multi_level_access": "N", "entrance_min_m": "72.4", "entrance_max_m": "74.9", "ground_min_m": "71.7", "ground_max_m": "75.3", "ground_span_m": "3.6", "slope_site": "Y", "point_ground_m": "73.7", "footprint": "topo/37612018/7541+topo/37612019/3227", "footprint_name": "101동아시아연구소", "footprint_match": "inside", "perimeter_m": "202", "samples": "209", "dem": "topo_dem.tif", "lecture_building": "Y", "note": "로비층 확정 필요(출입구가 여러 높이)"}}, {"type": "Feature", "geometry": {"type": "Point", "coordinates": [126.94927, 37.45962]}, "properties": {"building": "102", "name": "정보화본부", "lat": "37.459620", "lon": "126.949270", "first_floor_est_m": "86.3", "lobby_est_m": "", "lobby_source": "", "entrances": "3", "entrance_floors": "1층", "multi_level_access": "N", "entrance_min_m": "85.3", "entrance_max_m": "87.2", "ground_min_m": "85.0", "ground_max_m": "87.5", "ground_span_m": "2.5", "slope_site": "N", "point_ground_m": "86.7", "footprint": "topo/37612018/7317", "footprint_name": "102동정보화본부", "footprint_match": "inside", "perimeter_m": "238", "samples": "124", "dem": "topo_dem.tif", "lecture_building": "N", "note": "로비층 확정 필요(출입구가 여러 높이)"}}, {"type": "Feature", "geometry": {"type": "Point", "coordinates": [126.95028, 37.46226]}, "properties": {"building": "103", "name": "규장각한국학연구원", "lat": "37.462260", "lon": "126.950280", "first_floor_est_m": "75.0", "lobby_est_m": "", "lobby_source": "", "entrances": "2", "entrance_floors": "지하1층/2층", "multi_level_access": "Y", "entrance_min_m": "72.7", "entrance_max_m": "79.0", "ground_min_m": "70.6", "ground_max_m": "79.1", "ground_span_m": "8.4", "slope_site": "Y", "point_ground_m": "75.0", "footprint": "topo/37612018/7548+topo/37612018/7549+topo/37612019/3236", "footprint_name": "103동규장각한국학연구원", "footprint_match": "inside", "perimeter_m": "273", "samples": "290", "dem": "topo_dem.tif", "lecture_building": "Y", "note": "지상 출입구 2곳이 지하1층/2층; 로비층 확정 필요(출입구가 여러 높이)"}}, {"type": "Feature", "geometry": {"type": "Point", "coordinates": [126.95301, 37.45477]}, "properties": {"building": "104", "name": "반도체공동연구소", "lat": "37.454770", "lon": "126.953010", "first_floor_est_m": "139.9", "lobby_est_m": "", "lobby_source": "", "entrances": "4", "entrance_floors": "1층/2층", "multi_level_access": "Y", "entrance_min_m": "139.5", "entrance_max_m": "144.7", "ground_min_m": "135.7", "ground_max_m": "144.9", "ground_span_m": "9.2", "slope_site": "Y", "point_ground_m": "141.7", "footprint": "topo/37612019/460", "footprint_name": "104동반도체공동연구소본관", "footprint_match": "inside", "perimeter_m": "272", "samples": "144", "dem": "topo_dem.tif", "lecture_building": "N", "note": "지상 출입구 4곳이 1층/2층; 로비층 확정 필요(출입구가 여러 높이)"}}, {"type": "Feature", "geometry": {"type": "Point", "coordinates": [126.95364, 37.45432]}, "properties": {"building": "105", "name": "유전공학연구소", "lat": "37.454320", "lon": "126.953640", "first_floor_est_m": "148.2", "lobby_est_m": "", "lobby_source": "", "entrances": "4", "entrance_floors": "지하1층/1층", "multi_level_access": "Y", "entrance_min_m": "145.9", "entrance_max_m": "149.8", "ground_min_m": "145.6", "ground_max_m": "150.4", "ground_span_m": "4.8", "slope_site": "Y", "point_ground_m": "148.4", "footprint": "topo/37612019/592", "footprint_name": "105동유전자공학연구소동관", "footprint_match": "inside", "perimeter_m": "197", "samples": "122", "dem": "topo_dem.tif", "lecture_building": "N", "note": "지상 출입구 4곳이 지하1층/1층; 로비층 확정 필요(출입구가 여러 높이)"}}, {"type": "Feature", "geometry": {"type": "Point", "coordinates": [126.95353, 37.45446]}, "properties": {"building": "105-1", "name": "창업보육센터및유전공학연구소", "lat": "37.454460", "lon": "126.953530", "first_floor_est_m": "148.2", "lobby_est_m": "", "lobby_source": "", "entrances": "4", "entrance_floors": "지하1층/1층", "multi_level_access": "Y", "entrance_min_m": "145.9", "entrance_max_m": "149.8", "ground_min_m": "145.6", "ground_max_m": "150.4", "ground_span_m": "4.8", "slope_site": "Y", "point_ground_m": "146.2", "footprint": "topo/37612019/592", "footprint_name": "105동유전자공학연구소동관", "footprint_match": "inside", "perimeter_m": "197", "samples": "122", "dem": "topo_dem.tif", "lecture_building": "N", "note": "지상 출입구 4곳이 지하1층/1층; 로비층 확정 필요(출입구가 여러 높이)"}}, {"type": "Feature", "geometry": {"type": "Point", "coordinates": [126.953362, 37.45404]}, "properties": {"building": "105-2", "name": "유전공학연구소 신관", "lat": "37.454040", "lon": "126.953362", "first_floor_est_m": "147.8", "lobby_est_m": "", "lobby_source": "", "entrances": "0", "entrance_floors": "", "multi_level_access": "", "entrance_min_m": "", "entrance_max_m": "", "ground_min_m": "145.0", "ground_max_m": "150.0", "ground_span_m": "5.0", "slope_site": "Y", "point_ground_m": "147.8", "footprint": "topo/37612019/585", "footprint_name": "105동유전자공학연구소서관", "footprint_match": "inside", "perimeter_m": "108", "samples": "62", "dem": "topo_dem.tif", "lecture_building": "Y", "note": "로비층 확정 필요(경사지, 출입구 정보 없음)"}}, {"type": "Feature", "geometry": {"type": "Point", "coordinates": [126.95514, 37.45331]}, "properties": {"building": "106", "name": "수영장", "lat": "37.453310", "lon": "126.955140", "first_floor_est_m": "184.6", "lobby_est_m": "", "lobby_source": "", "entrances": "0", "entrance_floors": "", "multi_level_access": "", "entrance_min_m": "", "entrance_max_m": "", "ground_min_m": "182.4", "ground_max_m": "186.6", "ground_span_m": "4.2", "slope_site": "Y", "point_ground_m": "184.6", "footprint": "ring15m", "footprint_name": "", "footprint_match": "none", "perimeter_m": "", "samples": "36", "dem": "topo_dem.tif", "lecture_building": "N", "note": "윤곽 없음(원형 표본); 로비층 확정 필요(경사지, 출입구 정보 없음)"}}, {"type": "Feature", "geometry": {"type": "Point", "coordinates": [126.95586, 37.45501]}, "properties": {"building": "107-1", "name": "방가로1", "lat": "37.455010", "lon": "126.955860", "first_floor_est_m": "197.6", "lobby_est_m": "", "lobby_source": "", "entrances": "0", "entrance_floors": "", "multi_level_access": "", "entrance_min_m": "", "entrance_max_m": "", "ground_min_m": "195.6", "ground_max_m": "200.8", "ground_span_m": "5.2", "slope_site": "Y", "point_ground_m": "197.0", "footprint": "topo/37612019/458", "footprint_name": "서울대학교", "footprint_match": "inside", "perimeter_m": "48", "samples": "26", "dem": "topo_dem.tif", "lecture_building": "N", "note": "로비층 확정 필요(경사지, 출입구 정보 없음)"}}, {"type": "Feature", "geometry": {"type": "Point", "coordinates": [126.95598, 37.4547]}, "properties": {"building": "107-2", "name": "방가로2", "lat": "37.454700", "lon": "126.955980", "first_floor_est_m": "206.4", "lobby_est_m": "", "lobby_source": "", "entrances": "0", "entrance_floors": "", "multi_level_access": "", "entrance_min_m": "", "entrance_max_m": "", "ground_min_m": "202.9", "ground_max_m": "209.3", "ground_span_m": "6.5", "slope_site": "Y", "point_ground_m": "204.9", "footprint": "topo/37612019/561", "footprint_name": "서울대학교", "footprint_match": "near", "perimeter_m": "40", "samples": "23", "dem": "topo_dem.tif", "lecture_building": "N", "note": "로비층 확정 필요(경사지, 출입구 정보 없음)"}}, {"type": "Feature", "geometry": {"type": "Point", "coordinates": [126.95574, 37.45434]}, "properties": {"building": "107-3", "name": "방가로3", "lat": "37.454340", "lon": "126.955740", "first_floor_est_m": "193.7", "lobby_est_m": "", "lobby_source": "", "entrances": "0", "entrance_floors": "", "multi_level_access": "", "entrance_min_m": "", "entrance_max_m": "", "ground_min_m": "191.4", "ground_max_m": "196.1", "ground_span_m": "4.8", "slope_site": "Y", "point_ground_m": "192.3", "footprint": "topo/37612019/559", "footprint_name": "서울대학교", "footprint_match": "inside", "perimeter_m": "60", "samples": "31", "dem": "topo_dem.tif", "lecture_building": "N", "note": "로비층 확정 필요(경사지, 출입구 정보 없음)"}}, {"type": "Feature", "geometry": {"type": "Point", "coordinates": [126.95252, 37.46098]}, "properties": {"building": "109", "name": "자하연식당", "lat": "37.460980", "lon": "126.952520", "first_floor_est_m": "93.1", "lobby_est_m": "", "lobby_source": "", "entrances": "4", "entrance_floors": "지하1층/1층/2층", "multi_level_access": "Y", "entrance_min_m": "89.8", "entrance_max_m": "96.5", "ground_min_m": "89.8", "ground_max_m": "98.6", "ground_span_m": "8.8", "slope_site": "Y", "point_ground_m": "93.3", "footprint": "topo/37612019/764", "footprint_name": "NH농협은행,자하연식당", "footprint_match": "inside", "perimeter_m": "140", "samples": "87", "dem": "topo_dem.tif", "lecture_building": "N", "note": "지상 출입구 4곳이 지하1층/1층/2층; 로비층 확정 필요(출입구가 여러 높이)"}}, {"type": "Feature", "geometry": {"type": "Point", "coordinates": [126.9551, 37.45738]}, "properties": {"building": "110", "name": "간이식당1", "lat": "37.457380", "lon": "126.955100", "first_floor_est_m": "158.0", "lobby_est_m": "", "lobby_source": "", "entrances": "0", "entrance_floors": "", "multi_level_access": "", "entrance_min_m": "", "entrance_max_m": "", "ground_min_m": "152.0", "ground_max_m": "161.4", "ground_span_m": "9.4", "slope_site": "Y", "point_ground_m": "159.8", "footprint": "ring15m", "footprint_name": "", "footprint_match": "none", "perimeter_m": "", "samples": "36", "dem": "topo_dem.tif", "lecture_building": "N", "note": "윤곽 없음(원형 표본); 로비층 확정 필요(경사지, 출입구 정보 없음)"}}, {"type": "Feature", "geometry": {"type": "Point", "coordinates": [126.95518, 37.45922]}, "properties": {"building": "111", "name": "사범대학 간이식당", "lat": "37.459220", "lon": "126.955180", "first_floor_est_m": "119.9", "lobby_est_m": "119.9", "lobby_source": "1층 기준면(평지)", "entrances": "0", "entrance_floors": "", "multi_level_access": "", "entrance_min_m": "", "entrance_max_m": "", "ground_min_m": "119.3", "ground_max_m": "120.0", "ground_span_m": "0.7", "slope_site": "N", "point_ground_m": "120.0", "footprint": "topo/37612019/39", "footprint_name": "서울대학교", "footprint_match": "inside", "perimeter_m": "72", "samples": "40", "dem": "topo_dem.tif", "lecture_building": "N", "note": ""}}, {"type": "Feature", "geometry": {"type": "Point", "coordinates": [126.95175, 37.46504]}, "properties": {"building": "113", "name": "동원생활관", "lat": "37.465040", "lon": "126.951750", "first_floor_est_m": "80.4", "lobby_est_m": "", "lobby_source": "", "entrances": "5", "entrance_floors": "1층", "multi_level_access": "N", "entrance_min_m": "79.4", "entrance_max_m": "81.6", "ground_min_m": "79.2", "ground_max_m": "81.8", "ground_span_m": "2.6", "slope_site": "N", "point_ground_m": "79.9", "footprint": "topo/37612019/475", "footprint_name": "113동동원생활관", "footprint_match": "inside", "perimeter_m": "157", "samples": "107", "dem": "topo_dem.tif", "lecture_building": "N", "note": "로비층 확정 필요(출입구가 여러 높이)"}}, {"type": "Feature", "geometry": {"type": "Point", "coordinates": [126.948129, 37.466303]}, "properties": {"building": "115", "name": "정문수위실", "lat": "37.466303", "lon": "126.948129", "first_floor_est_m": "56.2", "lobby_est_m": "56.2", "lobby_source": "1층 기준면(평지)", "entrances": "0", "entrance_floors": "", "multi_level_access": "", "entrance_min_m": "", "entrance_max_m": "", "ground_min_m": "55.2", "ground_max_m": "57.5", "ground_span_m": "2.2", "slope_site": "N", "point_ground_m": "56.1", "footprint": "ring15m", "footprint_name": "", "footprint_match": "none", "perimeter_m": "", "samples": "36", "dem": "topo_dem.tif", "lecture_building": "N", "note": "윤곽 없음(원형 표본)"}}, {"type": "Feature", "geometry": {"type": "Point", "coordinates": [126.95375, 37.46663]}, "properties": {"building": "117", "name": "양수장", "lat": "37.466630", "lon": "126.953750", "first_floor_est_m": "94.4", "lobby_est_m": "94.4", "lobby_source": "1층 기준면(평지)", "entrances": "0", "entrance_floors": "", "multi_level_access": "", "entrance_min_m": "", "entrance_max_m": "", "ground_min_m": "94.1", "ground_max_m": "94.7", "ground_span_m": "0.5", "slope_site": "N", "point_ground_m": "95.0", "footprint": "topo/37612019/224", "footprint_name": "서울대학교", "footprint_match": "near", "perimeter_m": "8", "samples": "8", "dem": "topo_dem.tif", "lecture_building": "N", "note": ""}}, {"type": "Feature", "geometry": {"type": "Point", "coordinates": [126.95388, 37.45376]}, "properties": {"building": "120", "name": "위험물저장고", "lat": "37.453760", "lon": "126.953880", "first_floor_est_m": "153.8", "lobby_est_m": "153.8", "lobby_source": "1층 기준면(평지)", "entrances": "0", "entrance_floors": "", "multi_level_access": "", "entrance_min_m": "", "entrance_max_m": "", "ground_min_m": "152.7", "ground_max_m": "154.6", "ground_span_m": "1.9", "slope_site": "N", "point_ground_m": "153.4", "footprint": "topo/37612019/581", "footprint_name": "서울대학교", "footprint_match": "inside", "perimeter_m": "56", "samples": "30", "dem": "topo_dem.tif", "lecture_building": "N", "note": ""}}, {"type": "Feature", "geometry": {"type": "Point", "coordinates": [126.95738, 37.46683]}, "properties": {"building": "121", "name": "공관", "lat": "37.466830", "lon": "126.957380", "first_floor_est_m": "74.1", "lobby_est_m": "72.6", "lobby_source": "출입구 평균", "entrances": "1", "entrance_floors": "1층", "multi_level_access": "N", "entrance_min_m": "72.6", "entrance_max_m": "72.6", "ground_min_m": "72.3", "ground_max_m": "76.4", "ground_span_m": "4.2", "slope_site": "Y", "point_ground_m": "73.7", "footprint": "topo/37612019/1090", "footprint_name": "서울대학교아파트총장공관", "footprint_match": "inside", "perimeter_m": "136", "samples": "79", "dem": "topo_dem.tif", "lecture_building": "N", "note": ""}}, {"type": "Feature", "geometry": {"type": "Point", "coordinates": [126.95717, 37.46709]}, "properties": {"building": "122-1", "name": "교수아파트1", "lat": "37.467090", "lon": "126.957170", "first_floor_est_m": "73.2", "lobby_est_m": "", "lobby_source": "", "entrances": "0", "entrance_floors": "", "multi_level_access": "", "entrance_min_m": "", "entrance_max_m": "", "ground_min_m": "70.7", "ground_max_m": "76.9", "ground_span_m": "6.1", "slope_site": "Y", "point_ground_m": "72.7", "footprint": "topo/37612019/1097", "footprint_name": "서울대학교아파트A동", "footprint_match": "inside", "perimeter_m": "147", "samples": "77", "dem": "topo_dem.tif", "lecture_building": "N", "note": "로비층 확정 필요(경사지, 출입구 정보 없음)"}}, {"type": "Feature", "geometry": {"type": "Point", "coordinates": [126.95755, 37.4673]}, "properties": {"building": "122-2", "name": "교수아파트2", "lat": "37.467300", "lon": "126.957550", "first_floor_est_m": "70.3", "lobby_est_m": "70.3", "lobby_source": "1층 기준면(평지)", "entrances": "0", "entrance_floors": "", "multi_level_access": "", "entrance_min_m": "", "entrance_max_m": "", "ground_min_m": "70.0", "ground_max_m": "70.7", "ground_span_m": "0.7", "slope_site": "N", "point_ground_m": "70.4", "footprint": "topo/37612019/1099", "footprint_name": "서울대학교아파트B동", "footprint_match": "inside", "perimeter_m": "66", "samples": "42", "dem": "topo_dem.tif", "lecture_building": "N", "note": ""}}, {"type": "Feature", "geometry": {"type": "Point", "coordinates": [126.95716, 37.46742]}, "properties": {"building": "122-3", "name": "교수아파트3", "lat": "37.467420", "lon": "126.957160", "first_floor_est_m": "73.3", "lobby_est_m": "", "lobby_source": "", "entrances": "0", "entrance_floors": "", "multi_level_access": "", "entrance_min_m": "", "entrance_max_m": "", "ground_min_m": "71.1", "ground_max_m": "76.4", "ground_span_m": "5.3", "slope_site": "Y", "point_ground_m": "71.4", "footprint": "topo/37612019/1102", "footprint_name": "서울대학교아파트C동", "footprint_match": "inside", "perimeter_m": "155", "samples": "89", "dem": "topo_dem.tif", "lecture_building": "N", "note": "로비층 확정 필요(경사지, 출입구 정보 없음)"}}, {"type": "Feature", "geometry": {"type": "Point", "coordinates": [126.95721, 37.46796]}, "properties": {"building": "122-4", "name": "교수아파트4", "lat": "37.467960", "lon": "126.957210", "first_floor_est_m": "71.0", "lobby_est_m": "", "lobby_source": "", "entrances": "0", "entrance_floors": "", "multi_level_access": "", "entrance_min_m": "", "entrance_max_m": "", "ground_min_m": "67.5", "ground_max_m": "74.3", "ground_span_m": "6.8", "slope_site": "Y", "point_ground_m": "68.3", "footprint": "topo/37612019/1116", "footprint_name": "서울대학교아파트E동", "footprint_match": "inside", "perimeter_m": "157", "samples": "87", "dem": "topo_dem.tif", "lecture_building": "N", "note": "로비층 확정 필요(경사지, 출입구 정보 없음)"}}, {"type": "Feature", "geometry": {"type": "Point", "coordinates": [126.95697, 37.46819]}, "properties": {"building": "122-5", "name": "교수아파트5", "lat": "37.468190", "lon": "126.956970", "first_floor_est_m": "68.7", "lobby_est_m": "68.7", "lobby_source": "1층 기준면(평지)", "entrances": "0", "entrance_floors": "", "multi_level_access": "", "entrance_min_m": "", "entrance_max_m": "", "ground_min_m": "67.2", "ground_max_m": "70.0", "ground_span_m": "2.8", "slope_site": "N", "point_ground_m": "68.6", "footprint": "topo/37612019/1126", "footprint_name": "서울대학교아파트G동", "footprint_match": "inside", "perimeter_m": "94", "samples": "52", "dem": "topo_dem.tif", "lecture_building": "N", "note": ""}}, {"type": "Feature", "geometry": {"type": "Point", "coordinates": [126.95742, 37.46846]}, "properties": {"building": "122-6", "name": "교수아파트6", "lat": "37.468460", "lon": "126.957420", "first_floor_est_m": "65.4", "lobby_est_m": "", "lobby_source": "", "entrances": "0", "entrance_floors": "", "multi_level_access": "", "entrance_min_m": "", "entrance_max_m": "", "ground_min_m": "63.8", "ground_max_m": "67.4", "ground_span_m": "3.6", "slope_site": "Y", "point_ground_m": "65.3", "footprint": "topo/37612019/1129", "footprint_name": "서울대학교아파트H동", "footprint_match": "inside", "perimeter_m": "158", "samples": "89", "dem": "topo_dem.tif", "lecture_building": "N", "note": "로비층 확정 필요(경사지, 출입구 정보 없음)"}}, {"type": "Feature", "geometry": {"type": "Point", "coordinates": [126.95705, 37.46857]}, "properties": {"building": "122-7", "name": "교수아파트7", "lat": "37.468570", "lon": "126.957050", "first_floor_est_m": "67.9", "lobby_est_m": "", "lobby_source": "", "entrances": "0", "entrance_floors": "", "multi_level_access": "", "entrance_min_m": "", "entrance_max_m": "", "ground_min_m": "65.4", "ground_max_m": "70.0", "ground_span_m": "4.6", "slope_site": "Y", "point_ground_m": "68.0", "footprint": "topo/37612019/1130", "footprint_name": "서울대학교아파트I동", "footprint_match": "inside", "perimeter_m": "155", "samples": "88", "dem": "topo_dem.tif", "lecture_building": "N", "note": "로비층 확정 필요(경사지, 출입구 정보 없음)"}}, {"type": "Feature", "geometry": {"type": "Point", "coordinates": [126.95896, 37.46792]}, "properties": {"building": "125", "name": "호암교수회관", "lat": "37.467920", "lon": "126.958960", "first_floor_est_m": "68.0", "lobby_est_m": "", "lobby_source": "", "entrances": "0", "entrance_floors": "", "multi_level_access": "", "entrance_min_m": "", "entrance_max_m": "", "ground_min_m": "66.2", "ground_max_m": "69.7", "ground_span_m": "3.5", "slope_site": "Y", "point_ground_m": "68.5", "footprint": "topo/37612019/1121", "footprint_name": "125동호암교수회관", "footprint_match": "inside", "perimeter_m": "170", "samples": "107", "dem": "topo_dem.tif", "lecture_building": "N", "note": "로비층 확정 필요(경사지, 출입구 정보 없음)"}}, {"type": "Feature", "geometry": {"type": "Point", "coordinates": [126.95945, 37.46763]}, "properties": {"building": "126", "name": "호암동관", "lat": "37.467630", "lon": "126.959450", "first_floor_est_m": "73.0", "lobby_est_m": "73.0", "lobby_source": "1층 기준면(평지)", "entrances": "0", "entrance_floors": "", "multi_level_access": "", "entrance_min_m": "", "entrance_max_m": "", "ground_min_m": "71.8", "ground_max_m": "74.2", "ground_span_m": "2.4", "slope_site": "N", "point_ground_m": "73.0", "footprint": "topo/37612019/1109", "footprint_name": "126동호암동관", "footprint_match": "inside", "perimeter_m": "128", "samples": "69", "dem": "topo_dem.tif", "lecture_building": "N", "note": ""}}, {"type": "Feature", "geometry": {"type": "Point", "coordinates": [126.95891, 37.46735]}, "properties": {"building": "127", "name": "호암서관", "lat": "37.467350", "lon": "126.958910", "first_floor_est_m": "71.6", "lobby_est_m": "", "lobby_source": "", "entrances": "0", "entrance_floors": "", "multi_level_access": "", "entrance_min_m": "", "entrance_max_m": "", "ground_min_m": "68.2", "ground_max_m": "75.0", "ground_span_m": "6.8", "slope_site": "Y", "point_ground_m": "72.7", "footprint": "topo/37612019/193", "footprint_name": "127동호암서관", "footprint_match": "inside", "perimeter_m": "207", "samples": "123", "dem": "topo_dem.tif", "lecture_building": "N", "note": "로비층 확정 필요(경사지, 출입구 정보 없음)"}}, {"type": "Feature", "geometry": {"type": "Point", "coordinates": [126.95926, 37.46812]}, "properties": {"building": "128", "name": "호암창고", "lat": "37.468120", "lon": "126.959260", "first_floor_est_m": "68.3", "lobby_est_m": "68.3", "lobby_source": "1층 기준면(평지)", "entrances": "0", "entrance_floors": "", "multi_level_access": "", "entrance_min_m": "", "entrance_max_m": "", "ground_min_m": "67.6", "ground_max_m": "69.1", "ground_span_m": "1.5", "slope_site": "N", "point_ground_m": "67.5", "footprint": "topo/37612019/1118", "footprint_name": "서울대학교", "footprint_match": "near", "perimeter_m": "24", "samples": "14", "dem": "topo_dem.tif", "lecture_building": "N", "note": ""}}, {"type": "Feature", "geometry": {"type": "Point", "coordinates": [126.94948, 37.4578]}, "properties": {"building": "129", "name": "수리과학연구동", "lat": "37.457800", "lon": "126.949480", "first_floor_est_m": "95.0", "lobby_est_m": "95.2", "lobby_source": "출입구 평균", "entrances": "2", "entrance_floors": "1층", "multi_level_access": "N", "entrance_min_m": "95.0", "entrance_max_m": "95.5", "ground_min_m": "93.5", "ground_max_m": "96.7", "ground_span_m": "3.2", "slope_site": "Y", "point_ground_m": "95.0", "footprint": "topo/37612018/7304", "footprint_name": "자연과학대학129동상산수리과학관", "footprint_match": "inside", "perimeter_m": "185", "samples": "118", "dem": "topo_dem.tif", "lecture_building": "Y", "note": ""}}, {"type": "Feature", "geometry": {"type": "Point", "coordinates": [126.95079, 37.45429]}, "properties": {"building": "130", "name": "기초전력연구소", "lat": "37.454290", "lon": "126.950790", "first_floor_est_m": "122.2", "lobby_est_m": "", "lobby_source": "", "entrances": "2", "entrance_floors": "1층/2층", "multi_level_access": "Y", "entrance_min_m": "122.6", "entrance_max_m": "124.7", "ground_min_m": "119.4", "ground_max_m": "124.5", "ground_span_m": "5.1", "slope_site": "Y", "point_ground_m": "122.5", "footprint": "topo/37612019/31", "footprint_name": "공과대학130동기초전력연구원", "footprint_match": "inside", "perimeter_m": "156", "samples": "87", "dem": "topo_dem.tif", "lecture_building": "N", "note": "지상 출입구 2곳이 1층/2층; 로비층 확정 필요(출입구가 여러 높이)"}}, {"type": "Feature", "geometry": {"type": "Point", "coordinates": [126.95085, 37.45359]}, "properties": {"building": "131", "name": "신소재공동연구소", "lat": "37.453590", "lon": "126.950850", "first_floor_est_m": "130.7", "lobby_est_m": "", "lobby_source": "", "entrances": "2", "entrance_floors": "1층", "multi_level_access": "N", "entrance_min_m": "129.6", "entrance_max_m": "131.8", "ground_min_m": "128.7", "ground_max_m": "133.2", "ground_span_m": "4.5", "slope_site": "Y", "point_ground_m": "130.2", "footprint": "topo/37612019/579", "footprint_name": "공과대학131동신소재공동연구소", "footprint_match": "inside", "perimeter_m": "163", "samples": "133", "dem": "topo_dem.tif", "lecture_building": "N", "note": "로비층 확정 필요(출입구가 여러 높이)"}}, {"type": "Feature", "geometry": {"type": "Point", "coordinates": [126.95407, 37.45487]}, "properties": {"building": "132", "name": "뉴미디어통신공동연구소", "lat": "37.454870", "lon": "126.954070", "first_floor_est_m": "149.6", "lobby_est_m": "149.3", "lobby_source": "출입구 평균", "entrances": "2", "entrance_floors": "1층", "multi_level_access": "N", "entrance_min_m": "148.7", "entrance_max_m": "149.9", "ground_min_m": "148.4", "ground_max_m": "150.0", "ground_span_m": "1.6", "slope_site": "N", "point_ground_m": "149.8", "footprint": "topo/37612019/461", "footprint_name": "132동뉴미디어통신공동연구소", "footprint_match": "inside", "perimeter_m": "156", "samples": "81", "dem": "topo_dem.tif", "lecture_building": "Y", "note": ""}}, {"type": "Feature", "geometry": {"type": "Point", "coordinates": [126.95043, 37.45439]}, "properties": {"building": "133", "name": "자동화연구소", "lat": "37.454390", "lon": "126.950430", "first_floor_est_m": "122.0", "lobby_est_m": "", "lobby_source": "", "entrances": "3", "entrance_floors": "1층/2층", "multi_level_access": "Y", "entrance_min_m": "122.6", "entrance_max_m": "124.5", "ground_min_m": "119.5", "ground_max_m": "124.3", "ground_span_m": "4.8", "slope_site": "Y", "point_ground_m": "121.7", "footprint": "topo/37612019/32", "footprint_name": "공과대학133동자동화시스템공동연구소", "footprint_match": "inside", "perimeter_m": "139", "samples": "76", "dem": "topo_dem.tif", "lecture_building": "N", "note": "지상 출입구 3곳이 1층/2층; 로비층 확정 필요(출입구가 여러 높이)"}}, {"type": "Feature", "geometry": {"type": "Point", "coordinates": [126.95227, 37.45439]}, "properties": {"building": "135", "name": "에너지신기술연구동", "lat": "37.454390", "lon": "126.952270", "first_floor_est_m": "128.0", "lobby_est_m": "126.4", "lobby_source": "출입구 평균", "entrances": "2", "entrance_floors": "지하1층/1층", "multi_level_access": "Y", "entrance_min_m": "126.0", "entrance_max_m": "126.8", "ground_min_m": "125.1", "ground_max_m": "130.0", "ground_span_m": "5.0", "slope_site": "Y", "point_ground_m": "129.9", "footprint": "topo/37612019/589", "footprint_name": "공과대학135동에너지자원신기술연구소", "footprint_match": "ref", "perimeter_m": "133", "samples": "72", "dem": "topo_dem.tif", "lecture_building": "Y", "note": "지상 출입구 2곳이 지하1층/1층"}}, {"type": "Feature", "geometry": {"type": "Point", "coordinates": [126.95326, 37.46677]}, "properties": {"building": "137", "name": "언어교육원", "lat": "37.466770", "lon": "126.953260", "first_floor_est_m": "86.5", "lobby_est_m": "", "lobby_source": "", "entrances": "0", "entrance_floors": "", "multi_level_access": "", "entrance_min_m": "", "entrance_max_m": "", "ground_min_m": "83.8", "ground_max_m": "90.0", "ground_span_m": "6.2", "slope_site": "Y", "point_ground_m": "85.0", "footprint": "topo/37612019/1180", "footprint_name": "137동언어교육원", "footprint_match": "inside", "perimeter_m": "156", "samples": "83", "dem": "topo_dem.tif", "lecture_building": "N", "note": "로비층 확정 필요(경사지, 출입구 정보 없음)"}}, {"type": "Feature", "geometry": {"type": "Point", "coordinates": [126.95328, 37.4664]}, "properties": {"building": "137-1", "name": "CJ어학관", "lat": "37.466400", "lon": "126.953280", "first_floor_est_m": "85.9", "lobby_est_m": "84.0", "lobby_source": "출입구 평균", "entrances": "1", "entrance_floors": "1층", "multi_level_access": "N", "entrance_min_m": "84.0", "entrance_max_m": "84.0", "ground_min_m": "84.0", "ground_max_m": "87.7", "ground_span_m": "3.7", "slope_site": "Y", "point_ground_m": "85.7", "footprint": "topo/37612019/1171", "footprint_name": "137-1동언어교육원", "footprint_match": "inside", "perimeter_m": "100", "samples": "54", "dem": "topo_dem.tif", "lecture_building": "N", "note": ""}}, {"type": "Feature", "geometry": {"type": "Point", "coordinates": [126.95385, 37.46647]}, "properties": {"building": "137-2", "name": "대림국제관", "lat": "37.466470", "lon": "126.953850", "first_floor_est_m": "91.8", "lobby_est_m": "", "lobby_source": "", "entrances": "0", "entrance_floors": "", "multi_level_access": "", "entrance_min_m": "", "entrance_max_m": "", "ground_min_m": "88.1", "ground_max_m": "95.2", "ground_span_m": "7.1", "slope_site": "Y", "point_ground_m": "92.4", "footprint": "topo/37612019/1172", "footprint_name": "137-2동대림국제관", "footprint_match": "inside", "perimeter_m": "156", "samples": "81", "dem": "topo_dem.tif", "lecture_building": "N", "note": "로비층 확정 필요(경사지, 출입구 정보 없음)"}}, {"type": "Feature", "geometry": {"type": "Point", "coordinates": [126.95474, 37.45581]}, "properties": {"building": "138", "name": "컴퓨터연구소", "lat": "37.455810", "lon": "126.954740", "first_floor_est_m": "158.7", "lobby_est_m": "158.3", "lobby_source": "출입구 평균", "entrances": "1", "entrance_floors": "1층", "multi_level_access": "N", "entrance_min_m": "158.3", "entrance_max_m": "158.3", "ground_min_m": "157.2", "ground_max_m": "160.1", "ground_span_m": "2.9", "slope_site": "N", "point_ground_m": "158.6", "footprint": "topo/37612019/620", "footprint_name": "공과대학138동컴퓨터연구소", "footprint_match": "inside", "perimeter_m": "159", "samples": "101", "dem": "topo_dem.tif", "lecture_building": "N", "note": ""}}, {"type": "Feature", "geometry": {"type": "Point", "coordinates": [126.95427, 37.45551]}, "properties": {"building": "139", "name": "공동기기원", "lat": "37.455510", "lon": "126.954270", "first_floor_est_m": "157.3", "lobby_est_m": "", "lobby_source": "", "entrances": "0", "entrance_floors": "", "multi_level_access": "", "entrance_min_m": "", "entrance_max_m": "", "ground_min_m": "154.8", "ground_max_m": "159.8", "ground_span_m": "5.0", "slope_site": "Y", "point_ground_m": "157.5", "footprint": "topo/37612019/614", "footprint_name": "공과대학139동", "footprint_match": "inside", "perimeter_m": "140", "samples": "79", "dem": "topo_dem.tif", "lecture_building": "N", "note": "로비층 확정 필요(경사지, 출입구 정보 없음)"}}, {"type": "Feature", "geometry": {"type": "Point", "coordinates": [126.95487, 37.46427]}, "properties": {"building": "140", "name": "국제대학원", "lat": "37.464270", "lon": "126.954870", "first_floor_est_m": "110.1", "lobby_est_m": "", "lobby_source": "", "entrances": "5", "entrance_floors": "지하1층/2층", "multi_level_access": "Y", "entrance_min_m": "104.4", "entrance_max_m": "116.0", "ground_min_m": "104.6", "ground_max_m": "116.1", "ground_span_m": "11.4", "slope_site": "Y", "point_ground_m": "112.4", "footprint": "topo/37612019/466", "footprint_name": "140동국제대학원", "footprint_match": "inside", "perimeter_m": "210", "samples": "112", "dem": "topo_dem.tif", "lecture_building": "Y", "note": "지상 출입구 5곳이 지하1층/2층; 로비층 확정 필요(출입구가 여러 높이)"}}, {"type": "Feature", "geometry": {"type": "Point", "coordinates": [126.9546, 37.46406]}, "properties": {"building": "140-1", "name": "국제대학원2", "lat": "37.464060", "lon": "126.954600", "first_floor_est_m": "110.1", "lobby_est_m": "", "lobby_source": "", "entrances": "5", "entrance_floors": "지하1층/2층", "multi_level_access": "Y", "entrance_min_m": "104.4", "entrance_max_m": "116.0", "ground_min_m": "104.6", "ground_max_m": "116.1", "ground_span_m": "11.4", "slope_site": "Y", "point_ground_m": "111.1", "footprint": "topo/37612019/466", "footprint_name": "140동국제대학원", "footprint_match": "inside", "perimeter_m": "210", "samples": "112", "dem": "topo_dem.tif", "lecture_building": "Y", "note": "지상 출입구 5곳이 지하1층/2층; 로비층 확정 필요(출입구가 여러 높이)"}}, {"type": "Feature", "geometry": {"type": "Point", "coordinates": [126.95497, 37.46448]}, "properties": {"building": "140-2", "name": "국제회의동", "lat": "37.464480", "lon": "126.954970", "first_floor_est_m": "111.7", "lobby_est_m": "", "lobby_source": "", "entrances": "4", "entrance_floors": "지하2층/지하1층/2층", "multi_level_access": "Y", "entrance_min_m": "104.4", "entrance_max_m": "116.0", "ground_min_m": "109.4", "ground_max_m": "114.1", "ground_span_m": "4.7", "slope_site": "Y", "point_ground_m": "112.0", "footprint": "topo/37612019/465", "footprint_name": "104-1동국제대학원", "footprint_match": "inside", "perimeter_m": "98", "samples": "53", "dem": "topo_dem.tif", "lecture_building": "Y", "note": "윤곽에 적힌 동 번호가 다름(104-1) → 윤곽 확인 필요; 지상 출입구 4곳이 지하2층/지하1층/2층; 로비층 확정 필요(출입구가 여러 높이)"}}, {"type": "Feature", "geometry": {"type": "Point", "coordinates": [126.95376, 37.4557]}, "properties": {"building": "141", "name": "약학관4", "lat": "37.455700", "lon": "126.953760", "first_floor_est_m": "156.4", "lobby_est_m": "", "lobby_source": "", "entrances": "0", "entrance_floors": "", "multi_level_access": "", "entrance_min_m": "", "entrance_max_m": "", "ground_min_m": "152.9", "ground_max_m": "159.8", "ground_span_m": "6.9", "slope_site": "Y", "point_ground_m": "156.0", "footprint": "topo/37612019/617", "footprint_name": "약학대학141동약학관", "footprint_match": "inside", "perimeter_m": "86", "samples": "73", "dem": "topo_dem.tif", "lecture_building": "N", "note": "로비층 확정 필요(경사지, 출입구 정보 없음)"}}, {"type": "Feature", "geometry": {"type": "Point", "coordinates": [126.9537, 37.45663]}, "properties": {"building": "142", "name": "약학관5", "lat": "37.456630", "lon": "126.953700", "first_floor_est_m": "155.9", "lobby_est_m": "", "lobby_source": "", "entrances": "0", "entrance_floors": "", "multi_level_access": "", "entrance_min_m": "", "entrance_max_m": "", "ground_min_m": "151.5", "ground_max_m": "160.3", "ground_span_m": "8.9", "slope_site": "Y", "point_ground_m": "156.4", "footprint": "topo/37612019/635", "footprint_name": "약학대학142동약학관5", "footprint_match": "inside", "perimeter_m": "137", "samples": "74", "dem": "topo_dem.tif", "lecture_building": "Y", "note": "로비층 확정 필요(경사지, 출입구 정보 없음)"}}, {"type": "Feature", "geometry": {"type": "Point", "coordinates": [126.95308, 37.45828]}, "properties": {"building": "143", "name": "약대신약개발연구센터", "lat": "37.458280", "lon": "126.953080", "first_floor_est_m": "128.8", "lobby_est_m": "", "lobby_source": "", "entrances": "3", "entrance_floors": "지하1층/1층", "multi_level_access": "Y", "entrance_min_m": "123.2", "entrance_max_m": "128.9", "ground_min_m": "123.3", "ground_max_m": "136.0", "ground_span_m": "12.7", "slope_site": "Y", "point_ground_m": "129.0", "footprint": "topo/37612019/663", "footprint_name": "약학대학143동신약개발센터", "footprint_match": "ref", "perimeter_m": "253", "samples": "141", "dem": "topo_dem.tif", "lecture_building": "Y", "note": "지상 출입구 3곳이 지하1층/1층; 로비층 확정 필요(출입구가 여러 높이)"}}, {"type": "Feature", "geometry": {"type": "Point", "coordinates": [126.95774, 37.46466]}, "properties": {"building": "144", "name": "후문수위실", "lat": "37.464660", "lon": "126.957740", "first_floor_est_m": "92.7", "lobby_est_m": "92.7", "lobby_source": "1층 기준면(평지)", "entrances": "0", "entrance_floors": "", "multi_level_access": "", "entrance_min_m": "", "entrance_max_m": "", "ground_min_m": "92.0", "ground_max_m": "93.3", "ground_span_m": "1.4", "slope_site": "N", "point_ground_m": "92.3", "footprint": "topo/37612019/749", "footprint_name": "서울대학교", "footprint_match": "inside", "perimeter_m": "31", "samples": "16", "dem": "topo_dem.tif", "lecture_building": "N", "note": ""}}, {"type": "Feature", "geometry": {"type": "Point", "coordinates": [126.9507, 37.46447]}, "properties": {"building": "149", "name": "종합운동장본부석", "lat": "37.464470", "lon": "126.950700", "first_floor_est_m": "70.4", "lobby_est_m": "70.4", "lobby_source": "1층 기준면(평지)", "entrances": "0", "entrance_floors": "", "multi_level_access": "", "entrance_min_m": "", "entrance_max_m": "", "ground_min_m": "69.0", "ground_max_m": "72.0", "ground_span_m": "3.0", "slope_site": "N", "point_ground_m": "70.2", "footprint": "topo/37612019/796", "footprint_name": "서울대학교", "footprint_match": "inside", "perimeter_m": "64", "samples": "42", "dem": "topo_dem.tif", "lecture_building": "N", "note": ""}}, {"type": "Feature", "geometry": {"type": "Point", "coordinates": [126.95031, 37.46704]}, "properties": {"building": "150", "name": "명예교수연구동", "lat": "37.467040", "lon": "126.950310", "first_floor_est_m": "74.9", "lobby_est_m": "", "lobby_source": "", "entrances": "0", "entrance_floors": "", "multi_level_access": "", "entrance_min_m": "", "entrance_max_m": "", "ground_min_m": "71.2", "ground_max_m": "76.1", "ground_span_m": "5.0", "slope_site": "Y", "point_ground_m": "75.3", "footprint": "topo/37612019/1184", "footprint_name": "150동입학본부", "footprint_match": "inside", "perimeter_m": "180", "samples": "115", "dem": "topo_dem.tif", "lecture_building": "N", "note": "로비층 확정 필요(경사지, 출입구 정보 없음)"}}, {"type": "Feature", "geometry": {"type": "Point", "coordinates": [126.94969, 37.4665]}, "properties": {"building": "151", "name": "미술관", "lat": "37.466500", "lon": "126.949690", "first_floor_est_m": "66.1", "lobby_est_m": "", "lobby_source": "", "entrances": "0", "entrance_floors": "", "multi_level_access": "", "entrance_min_m": "", "entrance_max_m": "", "ground_min_m": "64.3", "ground_max_m": "69.4", "ground_span_m": "5.0", "slope_site": "Y", "point_ground_m": "65.0", "footprint": "topo/37612018/1417", "footprint_name": "151동미술관", "footprint_match": "inside", "perimeter_m": "171", "samples": "86", "dem": "topo_dem.tif", "lecture_building": "N", "note": "로비층 확정 필요(경사지, 출입구 정보 없음)"}}, {"type": "Feature", "geometry": {"type": "Point", "coordinates": [126.95132, 37.46624]}, "properties": {"building": "152", "name": "CJ인터내셔널센터", "lat": "37.466240", "lon": "126.951320", "first_floor_est_m": "77.7", "lobby_est_m": "", "lobby_source": "", "entrances": "0", "entrance_floors": "", "multi_level_access": "", "entrance_min_m": "", "entrance_max_m": "", "ground_min_m": "74.6", "ground_max_m": "80.0", "ground_span_m": "5.4", "slope_site": "Y", "point_ground_m": "76.9", "footprint": "topo/37612019/1169", "footprint_name": "152동국제협력본부", "footprint_match": "inside", "perimeter_m": "138", "samples": "70", "dem": "topo_dem.tif", "lecture_building": "N", "note": "로비층 확정 필요(경사지, 출입구 정보 없음)"}}, {"type": "Feature", "geometry": {"type": "Point", "coordinates": [126.95119, 37.46657]}, "properties": {"building": "152-1", "name": "롯데국제교육관", "lat": "37.466570", "lon": "126.951190", "first_floor_est_m": "74.5", "lobby_est_m": "", "lobby_source": "", "entrances": "0", "entrance_floors": "", "multi_level_access": "", "entrance_min_m": "", "entrance_max_m": "", "ground_min_m": "71.3", "ground_max_m": "76.1", "ground_span_m": "4.8", "slope_site": "Y", "point_ground_m": "73.0", "footprint": "topo/37612019/1176", "footprint_name": "152-1동롯데국제교육관", "footprint_match": "inside", "perimeter_m": "162", "samples": "87", "dem": "topo_dem.tif", "lecture_building": "Y", "note": "로비층 확정 필요(경사지, 출입구 정보 없음)"}}, {"type": "Feature", "geometry": {"type": "Point", "coordinates": [126.95217, 37.46642]}, "properties": {"building": "153", "name": "우정원 글로벌사회공헌센터", "lat": "37.466420", "lon": "126.952170", "first_floor_est_m": "78.2", "lobby_est_m": "", "lobby_source": "", "entrances": "0", "entrance_floors": "", "multi_level_access": "", "entrance_min_m": "", "entrance_max_m": "", "ground_min_m": "77.0", "ground_max_m": "80.0", "ground_span_m": "3.0", "slope_site": "Y", "point_ground_m": "78.1", "footprint": "topo/37612019/1174", "footprint_name": "153동우정원", "footprint_match": "inside", "perimeter_m": "147", "samples": "80", "dem": "topo_dem.tif", "lecture_building": "Y", "note": "로비층 확정 필요(경사지, 출입구 정보 없음)"}}, {"type": "Feature", "geometry": {"type": "Point", "coordinates": [126.94868, 37.45769]}, "properties": {"building": "200", "name": "농업생명과학대학", "lat": "37.457690", "lon": "126.948680", "first_floor_est_m": "89.0", "lobby_est_m": "", "lobby_source": "", "entrances": "5", "entrance_floors": "지하1층/1층/2층/3층", "multi_level_access": "Y", "entrance_min_m": "85.6", "entrance_max_m": "95.3", "ground_min_m": "85.0", "ground_max_m": "96.0", "ground_span_m": "11.0", "slope_site": "Y", "point_ground_m": "91.2", "footprint": "topo/37612018/7307", "footprint_name": "농업생명과학대학200동", "footprint_match": "inside", "perimeter_m": "361", "samples": "189", "dem": "topo_dem.tif", "lecture_building": "Y", "note": "지상 출입구 5곳이 지하1층/1층/2층/3층; 로비층 확정 필요(출입구가 여러 높이)"}}, {"type": "Feature", "geometry": {"type": "Point", "coordinates": [126.94852, 37.45687]}, "properties": {"building": "201", "name": "농업생명과학대학환경관", "lat": "37.456870", "lon": "126.948520", "first_floor_est_m": "90.3", "lobby_est_m": "95.5", "lobby_source": "출입구 평균", "entrances": "2", "entrance_floors": "2층", "multi_level_access": "N", "entrance_min_m": "95.3", "entrance_max_m": "95.7", "ground_min_m": "86.5", "ground_max_m": "96.6", "ground_span_m": "10.2", "slope_site": "Y", "point_ground_m": "89.6", "footprint": "topo/37612018/7300", "footprint_name": "농업생명과학대학201동농생명과학공동기기원", "footprint_match": "inside", "perimeter_m": "211", "samples": "112", "dem": "topo_dem.tif", "lecture_building": "Y", "note": ""}}, {"type": "Feature", "geometry": {"type": "Point", "coordinates": [126.94836, 37.45834]}, "properties": {"building": "203", "name": "SPC농생명과학 및 기초과학연구동", "lat": "37.458340", "lon": "126.948360", "first_floor_est_m": "86.4", "lobby_est_m": "", "lobby_source": "", "entrances": "3", "entrance_floors": "1층/2층", "multi_level_access": "Y", "entrance_min_m": "85.6", "entrance_max_m": "90.0", "ground_min_m": "81.5", "ground_max_m": "90.0", "ground_span_m": "8.5", "slope_site": "Y", "point_ground_m": "85.9", "footprint": "topo/37612018/7308", "footprint_name": "농업생명과학대학203동SPC농생명과학및기초과학연구동", "footprint_match": "inside", "perimeter_m": "202", "samples": "115", "dem": "topo_dem.tif", "lecture_building": "Y", "note": "지상 출입구 3곳이 1층/2층; 로비층 확정 필요(출입구가 여러 높이)"}}, {"type": "Feature", "geometry": {"type": "Point", "coordinates": [126.952949, 37.464093]}, "properties": {"building": "207", "name": "야외조각실습장1", "lat": "37.464093", "lon": "126.952949", "first_floor_est_m": "95.0", "lobby_est_m": "95.0", "lobby_source": "1층 기준면(평지)", "entrances": "0", "entrance_floors": "", "multi_level_access": "", "entrance_min_m": "", "entrance_max_m": "", "ground_min_m": "95.0", "ground_max_m": "95.0", "ground_span_m": "0.0", "slope_site": "N", "point_ground_m": "95.0", "footprint": "topo/37612019/794", "footprint_name": "서울대학교", "footprint_match": "inside", "perimeter_m": "57", "samples": "30", "dem": "topo_dem.tif", "lecture_building": "Y", "note": ""}}, {"type": "Feature", "geometry": {"type": "Point", "coordinates": [126.95424, 37.46451]}, "properties": {"building": "220", "name": "종합교육연구동", "lat": "37.464510", "lon": "126.954240", "first_floor_est_m": "100.9", "lobby_est_m": "", "lobby_source": "", "entrances": "7", "entrance_floors": "지하1층/1층", "multi_level_access": "Y", "entrance_min_m": "97.0", "entrance_max_m": "101.6", "ground_min_m": "95.4", "ground_max_m": "104.6", "ground_span_m": "9.2", "slope_site": "Y", "point_ground_m": "101.2", "footprint": "topo/37612019/798", "footprint_name": "생활과학대학220동종합교육연구동", "footprint_match": "inside", "perimeter_m": "424", "samples": "226", "dem": "topo_dem.tif", "lecture_building": "Y", "note": "지상 출입구 7곳이 지하1층/1층; 로비층 확정 필요(출입구가 여러 높이)"}}, {"type": "Feature", "geometry": {"type": "Point", "coordinates": [126.95469, 37.46489]}, "properties": {"building": "221", "name": "보건대학원", "lat": "37.464890", "lon": "126.954690", "first_floor_est_m": "103.2", "lobby_est_m": "", "lobby_source": "", "entrances": "2", "entrance_floors": "지하1층/1층", "multi_level_access": "Y", "entrance_min_m": "100.7", "entrance_max_m": "104.8", "ground_min_m": "100.2", "ground_max_m": "110.0", "ground_span_m": "9.8", "slope_site": "Y", "point_ground_m": "102.8", "footprint": "topo/37612019/474", "footprint_name": "221동보건대학원", "footprint_match": "inside", "perimeter_m": "209", "samples": "111", "dem": "topo_dem.tif", "lecture_building": "Y", "note": "지상 출입구 2곳이 지하1층/1층; 로비층 확정 필요(출입구가 여러 높이)"}}, {"type": "Feature", "geometry": {"type": "Point", "coordinates": [126.95318, 37.46437]}, "properties": {"building": "222", "name": "생활과학대학", "lat": "37.464370", "lon": "126.953180", "first_floor_est_m": "93.9", "lobby_est_m": "", "lobby_source": "", "entrances": "6", "entrance_floors": "지하1층/1층/2층", "multi_level_access": "Y", "entrance_min_m": "89.7", "entrance_max_m": "98.8", "ground_min_m": "90.0", "ground_max_m": "100.0", "ground_span_m": "10.0", "slope_site": "Y", "point_ground_m": "91.9", "footprint": "topo/37612019/797", "footprint_name": "생활과학대학222동", "footprint_match": "inside", "perimeter_m": "223", "samples": "120", "dem": "topo_dem.tif", "lecture_building": "Y", "note": "지상 출입구 6곳이 지하1층/1층/2층; 로비층 확정 필요(출입구가 여러 높이)"}}, {"type": "Feature", "geometry": {"type": "Point", "coordinates": [126.955673, 37.465509]}, "properties": {"building": "223", "name": "관악 223동[우석경제관]", "lat": "37.465509", "lon": "126.955673", "first_floor_est_m": "106.6", "lobby_est_m": "", "lobby_source": "", "entrances": "0", "entrance_floors": "", "multi_level_access": "", "entrance_min_m": "", "entrance_max_m": "", "ground_min_m": "103.2", "ground_max_m": "110.0", "ground_span_m": "6.8", "slope_site": "Y", "point_ground_m": "106.7", "footprint": "topo/37612019/1155", "footprint_name": "서울대학교", "footprint_match": "inside", "perimeter_m": "210", "samples": "123", "dem": "topo_dem.tif", "lecture_building": "Y", "note": "로비층 확정 필요(경사지, 출입구 정보 없음)"}}, {"type": "Feature", "geometry": {"type": "Point", "coordinates": [126.95265, 37.46038]}, "properties": {"building": "250", "name": "인문관연결동(1동-2동)", "lat": "37.460380", "lon": "126.952650", "first_floor_est_m": "96.8", "lobby_est_m": "", "lobby_source": "", "entrances": "6", "entrance_floors": "1층", "multi_level_access": "N", "entrance_min_m": "95.3", "entrance_max_m": "98.7", "ground_min_m": "95.2", "ground_max_m": "99.1", "ground_span_m": "3.8", "slope_site": "Y", "point_ground_m": "95.6", "footprint": "osm-way/167983080", "footprint_name": "인문대학", "footprint_match": "inside", "perimeter_m": "175", "samples": "96", "dem": "topo_dem.tif", "lecture_building": "N", "note": "로비층 확정 필요(출입구가 여러 높이)"}}, {"type": "Feature", "geometry": {"type": "Point", "coordinates": [126.95462, 37.46059]}, "properties": {"building": "251", "name": "사회관연결동(6동-7동)", "lat": "37.460590", "lon": "126.954620", "first_floor_est_m": "105.2", "lobby_est_m": "", "lobby_source": "", "entrances": "3", "entrance_floors": "지하1층/1층", "multi_level_access": "Y", "entrance_min_m": "102.6", "entrance_max_m": "107.1", "ground_min_m": "101.9", "ground_max_m": "107.5", "ground_span_m": "5.6", "slope_site": "Y", "point_ground_m": "105.9", "footprint": "osm-way/238936948", "footprint_name": "인문대학", "footprint_match": "inside", "perimeter_m": "141", "samples": "75", "dem": "topo_dem.tif", "lecture_building": "N", "note": "지상 출입구 3곳이 지하1층/1층; 로비층 확정 필요(출입구가 여러 높이)"}}, {"type": "Feature", "geometry": {"type": "Point", "coordinates": [126.95543, 37.4601]}, "properties": {"building": "252", "name": "교육관연결동(10동-11동)", "lat": "37.460100", "lon": "126.955430", "first_floor_est_m": "114.5", "lobby_est_m": "", "lobby_source": "", "entrances": "4", "entrance_floors": "지하1층/1층/2층", "multi_level_access": "Y", "entrance_min_m": "111.9", "entrance_max_m": "117.1", "ground_min_m": "111.7", "ground_max_m": "117.4", "ground_span_m": "5.7", "slope_site": "Y", "point_ground_m": "116.1", "footprint": "topo/37612019/690", "footprint_name": "사범대학10동", "footprint_match": "inside", "perimeter_m": "160", "samples": "87", "dem": "topo_dem.tif", "lecture_building": "N", "note": "윤곽에 적힌 동 번호가 다름(10) → 윤곽 확인 필요; 지상 출입구 4곳이 지하1층/1층/2층; 로비층 확정 필요(출입구가 여러 높이)"}}, {"type": "Feature", "geometry": {"type": "Point", "coordinates": [126.95118, 37.45839]}, "properties": {"building": "253", "name": "화학관연결동(22동-23동)", "lat": "37.458390", "lon": "126.951180", "first_floor_est_m": "97.8", "lobby_est_m": "97.8", "lobby_source": "1층 기준면(평지)", "entrances": "0", "entrance_floors": "", "multi_level_access": "", "entrance_min_m": "", "entrance_max_m": "", "ground_min_m": "96.3", "ground_max_m": "98.9", "ground_span_m": "2.6", "slope_site": "N", "point_ground_m": "97.5", "footprint": "topo/37612019/661", "footprint_name": "서울대학교", "footprint_match": "inside", "perimeter_m": "60", "samples": "35", "dem": "topo_dem.tif", "lecture_building": "N", "note": ""}}, {"type": "Feature", "geometry": {"type": "Point", "coordinates": [126.94999, 37.45844]}, "properties": {"building": "254", "name": "물리관연결동(25동-27동)", "lat": "37.458440", "lon": "126.949990", "first_floor_est_m": "89.4", "lobby_est_m": "89.4", "lobby_source": "1층 기준면(평지)", "entrances": "0", "entrance_floors": "", "multi_level_access": "", "entrance_min_m": "", "entrance_max_m": "", "ground_min_m": "89.2", "ground_max_m": "89.6", "ground_span_m": "0.4", "slope_site": "N", "point_ground_m": "89.3", "footprint": "topo/37612018/7545+topo/37612019/3231", "footprint_name": "서울대학교연결통로", "footprint_match": "inside", "perimeter_m": "30", "samples": "32", "dem": "topo_dem.tif", "lecture_building": "N", "note": ""}}, {"type": "Feature", "geometry": {"type": "Point", "coordinates": [126.9529, 37.46356]}, "properties": {"building": "255", "name": "예능관연결동(51동-52동)", "lat": "37.463560", "lon": "126.952900", "first_floor_est_m": "94.7", "lobby_est_m": "94.7", "lobby_source": "1층 기준면(평지)", "entrances": "0", "entrance_floors": "", "multi_level_access": "", "entrance_min_m": "", "entrance_max_m": "", "ground_min_m": "94.3", "ground_max_m": "95.0", "ground_span_m": "0.7", "slope_site": "N", "point_ground_m": "94.6", "footprint": "topo/37612019/126", "footprint_name": "서울대학교연결통로", "footprint_match": "inside", "perimeter_m": "18", "samples": "12", "dem": "topo_dem.tif", "lecture_building": "N", "note": ""}}, {"type": "Feature", "geometry": {"type": "Point", "coordinates": [126.9527, 37.45095]}, "properties": {"building": "300", "name": "관악 300동[유회진 학술정보관]", "lat": "37.450950", "lon": "126.952700", "first_floor_est_m": "179.4", "lobby_est_m": "", "lobby_source": "", "entrances": "0", "entrance_floors": "", "multi_level_access": "", "entrance_min_m": "", "entrance_max_m": "", "ground_min_m": "175.7", "ground_max_m": "180.0", "ground_span_m": "4.3", "slope_site": "Y", "point_ground_m": "180.0", "footprint": "topo/37612019/567", "footprint_name": "300동유회진학술정보관", "footprint_match": "inside", "perimeter_m": "151", "samples": "83", "dem": "topo_dem.tif", "lecture_building": "Y", "note": "로비층 확정 필요(경사지, 출입구 정보 없음)"}}, {"type": "Feature", "geometry": {"type": "Point", "coordinates": [126.95259, 37.45016]}, "properties": {"building": "301", "name": "제1공학관", "lat": "37.450160", "lon": "126.952590", "first_floor_est_m": "189.8", "lobby_est_m": "", "lobby_source": "", "entrances": "5", "entrance_floors": "지하2층/1층/2층", "multi_level_access": "Y", "entrance_min_m": "183.6", "entrance_max_m": "193.7", "ground_min_m": "183.2", "ground_max_m": "194.2", "ground_span_m": "11.0", "slope_site": "Y", "point_ground_m": "189.1", "footprint": "topo/37612019/3235+topo/37612029/116", "footprint_name": "301동제1공학관", "footprint_match": "inside", "perimeter_m": "427", "samples": "444", "dem": "topo_dem.tif", "lecture_building": "Y", "note": "지상 출입구 5곳이 지하2층/1층/2층; 로비층 확정 필요(출입구가 여러 높이)"}}, {"type": "Feature", "geometry": {"type": "Point", "coordinates": [126.95265, 37.44887]}, "properties": {"building": "302", "name": "제2공학관", "lat": "37.448870", "lon": "126.952650", "first_floor_est_m": "206.3", "lobby_est_m": "", "lobby_source": "", "entrances": "4", "entrance_floors": "지하1층/1층/2층", "multi_level_access": "Y", "entrance_min_m": "203.0", "entrance_max_m": "209.4", "ground_min_m": "200.1", "ground_max_m": "210.0", "ground_span_m": "10.0", "slope_site": "Y", "point_ground_m": "204.1", "footprint": "topo/37612029/18", "footprint_name": "302동제2공학관", "footprint_match": "inside", "perimeter_m": "354", "samples": "188", "dem": "topo_dem.tif", "lecture_building": "Y", "note": "지상 출입구 4곳이 지하1층/1층/2층; 로비층 확정 필요(출입구가 여러 높이)"}}, {"type": "Feature", "geometry": {"type": "Point", "coordinates": [126.95102, 37.44862]}, "properties": {"building": "310", "name": "엔지니어하우스", "lat": "37.448620", "lon": "126.951020", "first_floor_est_m": "209.3", "lobby_est_m": "210.4", "lobby_source": "출입구 평균", "entrances": "1", "entrance_floors": "1층", "multi_level_access": "N", "entrance_min_m": "210.4", "entrance_max_m": "210.4", "ground_min_m": "206.5", "ground_max_m": "212.2", "ground_span_m": "5.7", "slope_site": "Y", "point_ground_m": "210.2", "footprint": "topo/37612029/24", "footprint_name": "310동엔지니어하우스", "footprint_match": "inside", "perimeter_m": "186", "samples": "99", "dem": "topo_dem.tif", "lecture_building": "N", "note": ""}}, {"type": "Feature", "geometry": {"type": "Point", "coordinates": [126.95179, 37.44889]}, "properties": {"building": "311", "name": "화학공정신기술연구소", "lat": "37.448890", "lon": "126.951790", "first_floor_est_m": "207.4", "lobby_est_m": "", "lobby_source": "", "entrances": "0", "entrance_floors": "", "multi_level_access": "", "entrance_min_m": "", "entrance_max_m": "", "ground_min_m": "204.3", "ground_max_m": "210.0", "ground_span_m": "5.7", "slope_site": "Y", "point_ground_m": "205.8", "footprint": "topo/37612029/14", "footprint_name": "311동화학공정신기술연구소", "footprint_match": "inside", "perimeter_m": "178", "samples": "99", "dem": "topo_dem.tif", "lecture_building": "N", "note": "로비층 확정 필요(경사지, 출입구 정보 없음)"}}, {"type": "Feature", "geometry": {"type": "Point", "coordinates": [126.95188, 37.45091]}, "properties": {"building": "312", "name": "정밀기계연구소실험연구동", "lat": "37.450910", "lon": "126.951880", "first_floor_est_m": "169.7", "lobby_est_m": "174.4", "lobby_source": "출입구 평균", "entrances": "1", "entrance_floors": "2층", "multi_level_access": "N", "entrance_min_m": "174.4", "entrance_max_m": "174.4", "ground_min_m": "167.0", "ground_max_m": "173.8", "ground_span_m": "6.7", "slope_site": "Y", "point_ground_m": "169.5", "footprint": "topo/37612019/566", "footprint_name": "312동정밀기계공동연구소", "footprint_match": "inside", "perimeter_m": "141", "samples": "80", "dem": "topo_dem.tif", "lecture_building": "N", "note": ""}}, {"type": "Feature", "geometry": {"type": "Point", "coordinates": [126.95197, 37.45123]}, "properties": {"building": "313", "name": "정밀기계공동연구소", "lat": "37.451230", "lon": "126.951970", "first_floor_est_m": "167.5", "lobby_est_m": "167.5", "lobby_source": "1층 기준면(평지)", "entrances": "0", "entrance_floors": "", "multi_level_access": "", "entrance_min_m": "", "entrance_max_m": "", "ground_min_m": "166.2", "ground_max_m": "168.6", "ground_span_m": "2.4", "slope_site": "N", "point_ground_m": "167.4", "footprint": "topo/37612019/571", "footprint_name": "313동정밀기계공동연구소", "footprint_match": "inside", "perimeter_m": "189", "samples": "103", "dem": "topo_dem.tif", "lecture_building": "N", "note": ""}}, {"type": "Feature", "geometry": {"type": "Point", "coordinates": [126.95243, 37.45178]}, "properties": {"building": "314", "name": "차세대자동차신기술연구소", "lat": "37.451780", "lon": "126.952430", "first_floor_est_m": "166.7", "lobby_est_m": "170.0", "lobby_source": "출입구 평균", "entrances": "1", "entrance_floors": "2층", "multi_level_access": "N", "entrance_min_m": "170.0", "entrance_max_m": "170.0", "ground_min_m": "160.0", "ground_max_m": "170.0", "ground_span_m": "10.0", "slope_site": "Y", "point_ground_m": "165.2", "footprint": "topo/37612019/573", "footprint_name": "314동차세대자동차연구센터", "footprint_match": "inside", "perimeter_m": "232", "samples": "122", "dem": "topo_dem.tif", "lecture_building": "N", "note": ""}}, {"type": "Feature", "geometry": {"type": "Point", "coordinates": [126.95031, 37.44738]}, "properties": {"building": "316", "name": "대형구조실험동", "lat": "37.447380", "lon": "126.950310", "first_floor_est_m": "209.4", "lobby_est_m": "", "lobby_source": "", "entrances": "0", "entrance_floors": "", "multi_level_access": "", "entrance_min_m": "", "entrance_max_m": "", "ground_min_m": "202.2", "ground_max_m": "219.2", "ground_span_m": "17.0", "slope_site": "Y", "point_ground_m": "205.0", "footprint": "topo/37612029/30", "footprint_name": "316동건설환경종합연구소", "footprint_match": "inside", "perimeter_m": "215", "samples": "114", "dem": "topo_dem.tif", "lecture_building": "N", "note": "로비층 확정 필요(경사지, 출입구 정보 없음)"}}, {"type": "Feature", "geometry": {"type": "Point", "coordinates": [126.95026, 37.44985]}, "properties": {"building": "330", "name": "제2파워플랜트", "lat": "37.449850", "lon": "126.950260", "first_floor_est_m": "167.2", "lobby_est_m": "", "lobby_source": "", "entrances": "0", "entrance_floors": "", "multi_level_access": "", "entrance_min_m": "", "entrance_max_m": "", "ground_min_m": "165.0", "ground_max_m": "170.0", "ground_span_m": "5.0", "slope_site": "Y", "point_ground_m": "167.6", "footprint": "topo/37612019/3234+topo/37612029/115", "footprint_name": "330동제2파워플랜트", "footprint_match": "inside", "perimeter_m": "191", "samples": "197", "dem": "topo_dem.tif", "lecture_building": "N", "note": "로비층 확정 필요(경사지, 출입구 정보 없음)"}}, {"type": "Feature", "geometry": {"type": "Point", "coordinates": [126.95014, 37.44937]}, "properties": {"building": "331", "name": "차량정비고", "lat": "37.449370", "lon": "126.950140", "first_floor_est_m": "165.7", "lobby_est_m": "165.7", "lobby_source": "1층 기준면(평지)", "entrances": "0", "entrance_floors": "", "multi_level_access": "", "entrance_min_m": "", "entrance_max_m": "", "ground_min_m": "164.9", "ground_max_m": "167.0", "ground_span_m": "2.1", "slope_site": "N", "point_ground_m": "165.4", "footprint": "topo/37612029/12", "footprint_name": "331동", "footprint_match": "inside", "perimeter_m": "61", "samples": "34", "dem": "topo_dem.tif", "lecture_building": "N", "note": ""}}, {"type": "Feature", "geometry": {"type": "Point", "coordinates": [126.95006, 37.44964]}, "properties": {"building": "332", "name": "다목적차량보관소", "lat": "37.449640", "lon": "126.950060", "first_floor_est_m": "166.5", "lobby_est_m": "", "lobby_source": "", "entrances": "0", "entrance_floors": "", "multi_level_access": "", "entrance_min_m": "", "entrance_max_m": "", "ground_min_m": "163.6", "ground_max_m": "168.9", "ground_span_m": "5.3", "slope_site": "Y", "point_ground_m": "165.4", "footprint": "osm-way/439703635", "footprint_name": "제2파워플랜트", "footprint_match": "inside", "perimeter_m": "190", "samples": "97", "dem": "topo_dem.tif", "lecture_building": "N", "note": "로비층 확정 필요(경사지, 출입구 정보 없음)"}}, {"type": "Feature", "geometry": {"type": "Point", "coordinates": [126.94812, 37.459219]}, "properties": {"building": "500", "name": "대학원연구동(2단계)", "lat": "37.459219", "lon": "126.948120", "first_floor_est_m": "77.6", "lobby_est_m": "82.9", "lobby_source": "출입구 평균", "entrances": "1", "entrance_floors": "2층", "multi_level_access": "N", "entrance_min_m": "82.9", "entrance_max_m": "82.9", "ground_min_m": "71.8", "ground_max_m": "83.7", "ground_span_m": "11.9", "slope_site": "Y", "point_ground_m": "78.3", "footprint": "topo/37612018/7313", "footprint_name": "자연과학대학503동화학부", "footprint_match": "inside", "perimeter_m": "203", "samples": "113", "dem": "topo_dem.tif", "lecture_building": "Y", "note": "윤곽에 적힌 동 번호가 다름(503) → 윤곽 확인 필요"}}, {"type": "Feature", "geometry": {"type": "Point", "coordinates": [126.94822, 37.46009]}, "properties": {"building": "506", "name": "자연대 생명과학부 시약보관창고", "lat": "37.460090", "lon": "126.948220", "first_floor_est_m": "72.8", "lobby_est_m": "", "lobby_source": "", "entrances": "0", "entrance_floors": "", "multi_level_access": "", "entrance_min_m": "", "entrance_max_m": "", "ground_min_m": "70.0", "ground_max_m": "75.0", "ground_span_m": "5.0", "slope_site": "Y", "point_ground_m": "71.3", "footprint": "topo/37612018/7335", "footprint_name": "서울대학교", "footprint_match": "near", "perimeter_m": "40", "samples": "22", "dem": "topo_dem.tif", "lecture_building": "N", "note": "로비층 확정 필요(경사지, 출입구 정보 없음)"}}, {"type": "Feature", "geometry": {"type": "Point", "coordinates": [126.9581, 37.46149]}, "properties": {"building": "900", "name": "(관악사)대학원 생활관", "lat": "37.461490", "lon": "126.958100", "first_floor_est_m": "125.2", "lobby_est_m": "125.2", "lobby_source": "1층 기준면(평지)", "entrances": "0", "entrance_floors": "", "multi_level_access": "", "entrance_min_m": "", "entrance_max_m": "", "ground_min_m": "125.0", "ground_max_m": "127.1", "ground_span_m": "2.1", "slope_site": "N", "point_ground_m": "125.0", "footprint": "topo/37612019/711", "footprint_name": "대학원생활관관악사900동,관악사민원센터", "footprint_match": "inside", "perimeter_m": "121", "samples": "67", "dem": "topo_dem.tif", "lecture_building": "N", "note": ""}}, {"type": "Feature", "geometry": {"type": "Point", "coordinates": [126.95729, 37.46156]}, "properties": {"building": "902", "name": "(관악사)대학원 생활관", "lat": "37.461560", "lon": "126.957290", "first_floor_est_m": "124.9", "lobby_est_m": "124.9", "lobby_source": "1층 기준면(평지)", "entrances": "0", "entrance_floors": "", "multi_level_access": "", "entrance_min_m": "", "entrance_max_m": "", "ground_min_m": "124.3", "ground_max_m": "125.0", "ground_span_m": "0.8", "slope_site": "N", "point_ground_m": "124.9", "footprint": "topo/37612019/712", "footprint_name": "대학원생활관관악사902동", "footprint_match": "inside", "perimeter_m": "128", "samples": "68", "dem": "topo_dem.tif", "lecture_building": "N", "note": ""}}, {"type": "Feature", "geometry": {"type": "Point", "coordinates": [126.9576, 37.46107]}, "properties": {"building": "903", "name": "(관악사)대학원 생활관", "lat": "37.461070", "lon": "126.957600", "first_floor_est_m": "128.2", "lobby_est_m": "", "lobby_source": "", "entrances": "0", "entrance_floors": "", "multi_level_access": "", "entrance_min_m": "", "entrance_max_m": "", "ground_min_m": "126.6", "ground_max_m": "129.7", "ground_span_m": "3.2", "slope_site": "Y", "point_ground_m": "127.8", "footprint": "topo/37612019/704", "footprint_name": "대학원생활관관악사903동", "footprint_match": "inside", "perimeter_m": "127", "samples": "68", "dem": "topo_dem.tif", "lecture_building": "N", "note": "로비층 확정 필요(경사지, 출입구 정보 없음)"}}, {"type": "Feature", "geometry": {"type": "Point", "coordinates": [126.95763, 37.46043]}, "properties": {"building": "904", "name": "(관악사)대학원 생활관", "lat": "37.460430", "lon": "126.957630", "first_floor_est_m": "129.8", "lobby_est_m": "129.8", "lobby_source": "출입구 평균", "entrances": "2", "entrance_floors": "1층", "multi_level_access": "N", "entrance_min_m": "129.7", "entrance_max_m": "129.8", "ground_min_m": "129.5", "ground_max_m": "130.0", "ground_span_m": "0.5", "slope_site": "N", "point_ground_m": "129.8", "footprint": "topo/37612019/693", "footprint_name": "대학원생활관관악사904동", "footprint_match": "inside", "perimeter_m": "219", "samples": "119", "dem": "topo_dem.tif", "lecture_building": "N", "note": ""}}, {"type": "Feature", "geometry": {"type": "Point", "coordinates": [126.95854, 37.46114]}, "properties": {"building": "905", "name": "(관악사)대학원 생활관", "lat": "37.461140", "lon": "126.958540", "first_floor_est_m": "127.9", "lobby_est_m": "", "lobby_source": "", "entrances": "0", "entrance_floors": "", "multi_level_access": "", "entrance_min_m": "", "entrance_max_m": "", "ground_min_m": "125.4", "ground_max_m": "130.0", "ground_span_m": "4.6", "slope_site": "Y", "point_ground_m": "129.7", "footprint": "topo/37612019/709", "footprint_name": "대학원생활관관악사905동", "footprint_match": "inside", "perimeter_m": "263", "samples": "137", "dem": "topo_dem.tif", "lecture_building": "N", "note": "로비층 확정 필요(경사지, 출입구 정보 없음)"}}, {"type": "Feature", "geometry": {"type": "Point", "coordinates": [126.95835, 37.46248]}, "properties": {"building": "906", "name": "(관악사)대학원 생활관", "lat": "37.462480", "lon": "126.958350", "first_floor_est_m": "120.8", "lobby_est_m": "", "lobby_source": "", "entrances": "3", "entrance_floors": "1층/2층", "multi_level_access": "Y", "entrance_min_m": "120.0", "entrance_max_m": "122.9", "ground_min_m": "120.0", "ground_max_m": "123.5", "ground_span_m": "3.5", "slope_site": "Y", "point_ground_m": "120.0", "footprint": "topo/37612019/723", "footprint_name": "대학원생활관관악사901동학부생활관", "footprint_match": "inside", "perimeter_m": "200", "samples": "103", "dem": "topo_dem.tif", "lecture_building": "N", "note": "윤곽에 적힌 동 번호가 다름(901) → 윤곽 확인 필요; 지상 출입구 3곳이 1층/2층; 로비층 확정 필요(출입구가 여러 높이)"}}, {"type": "Feature", "geometry": {"type": "Point", "coordinates": [126.957503, 37.465012]}, "properties": {"building": "915", "name": "관악 915동[외국인학생기숙사]", "lat": "37.465012", "lon": "126.957503", "first_floor_est_m": "91.8", "lobby_est_m": "", "lobby_source": "", "entrances": "0", "entrance_floors": "", "multi_level_access": "", "entrance_min_m": "", "entrance_max_m": "", "ground_min_m": "90.1", "ground_max_m": "94.9", "ground_span_m": "4.8", "slope_site": "Y", "point_ground_m": "91.7", "footprint": "topo/37612019/472", "footprint_name": "글로벌학생생활관915동", "footprint_match": "inside", "perimeter_m": "113", "samples": "60", "dem": "topo_dem.tif", "lecture_building": "N", "note": "로비층 확정 필요(경사지, 출입구 정보 없음)"}}, {"type": "Feature", "geometry": {"type": "Point", "coordinates": [126.957139, 37.4654]}, "properties": {"building": "916", "name": "관악 916동[외국인학생기숙사]", "lat": "37.465400", "lon": "126.957139", "first_floor_est_m": "93.5", "lobby_est_m": "", "lobby_source": "", "entrances": "0", "entrance_floors": "", "multi_level_access": "", "entrance_min_m": "", "entrance_max_m": "", "ground_min_m": "90.5", "ground_max_m": "95.0", "ground_span_m": "4.5", "slope_site": "Y", "point_ground_m": "94.7", "footprint": "topo/37612019/1078", "footprint_name": "글로벌학생생활관916동", "footprint_match": "inside", "perimeter_m": "113", "samples": "59", "dem": "topo_dem.tif", "lecture_building": "N", "note": "로비층 확정 필요(경사지, 출입구 정보 없음)"}}, {"type": "Feature", "geometry": {"type": "Point", "coordinates": [126.957455, 37.465821]}, "properties": {"building": "917", "name": "관악 917동[외국인학생기숙사]", "lat": "37.465821", "lon": "126.957455", "first_floor_est_m": "85.7", "lobby_est_m": "", "lobby_source": "", "entrances": "0", "entrance_floors": "", "multi_level_access": "", "entrance_min_m": "", "entrance_max_m": "", "ground_min_m": "80.2", "ground_max_m": "90.0", "ground_span_m": "9.8", "slope_site": "Y", "point_ground_m": "83.3", "footprint": "topo/37612019/1079", "footprint_name": "글로벌학생생활관917동", "footprint_match": "inside", "perimeter_m": "113", "samples": "59", "dem": "topo_dem.tif", "lecture_building": "N", "note": "로비층 확정 필요(경사지, 출입구 정보 없음)"}}, {"type": "Feature", "geometry": {"type": "Point", "coordinates": [126.95867, 37.46058]}, "properties": {"building": "918", "name": "(관악사)대학원 생활관", "lat": "37.460580", "lon": "126.958670", "first_floor_est_m": "137.6", "lobby_est_m": "", "lobby_source": "", "entrances": "0", "entrance_floors": "", "multi_level_access": "", "entrance_min_m": "", "entrance_max_m": "", "ground_min_m": "130.6", "ground_max_m": "143.7", "ground_span_m": "13.1", "slope_site": "Y", "point_ground_m": "137.5", "footprint": "topo/37612019/698", "footprint_name": "대학원생활관관악사918동", "footprint_match": "inside", "perimeter_m": "281", "samples": "171", "dem": "topo_dem.tif", "lecture_building": "N", "note": "로비층 확정 필요(경사지, 출입구 정보 없음)"}}, {"type": "Feature", "geometry": {"type": "Point", "coordinates": [126.95872, 37.46306]}, "properties": {"building": "919", "name": "(관악사)학부 생활관", "lat": "37.463060", "lon": "126.958720", "first_floor_est_m": "107.2", "lobby_est_m": "109.3", "lobby_source": "출입구 평균", "entrances": "2", "entrance_floors": "1층/2층", "multi_level_access": "Y", "entrance_min_m": "108.7", "entrance_max_m": "110.0", "ground_min_m": "102.2", "ground_max_m": "110.0", "ground_span_m": "7.8", "slope_site": "Y", "point_ground_m": "105.5", "footprint": "topo/37612019/728", "footprint_name": "관악학생생활관919-B동", "footprint_match": "inside", "perimeter_m": "199", "samples": "114", "dem": "topo_dem.tif", "lecture_building": "N", "note": "지상 출입구 2곳이 1층/2층"}}, {"type": "Feature", "geometry": {"type": "Point", "coordinates": [126.95905, 37.46394]}, "properties": {"building": "920", "name": "관악사후생관", "lat": "37.463940", "lon": "126.959050", "first_floor_est_m": "99.9", "lobby_est_m": "99.9", "lobby_source": "1층 기준면(평지)", "entrances": "0", "entrance_floors": "", "multi_level_access": "", "entrance_min_m": "", "entrance_max_m": "", "ground_min_m": "99.5", "ground_max_m": "100.1", "ground_span_m": "0.5", "slope_site": "N", "point_ground_m": "100.0", "footprint": "topo/37612019/742", "footprint_name": "관악학생생활관920동,아고리움,관악방범센터", "footprint_match": "inside", "perimeter_m": "139", "samples": "84", "dem": "topo_dem.tif", "lecture_building": "N", "note": ""}}, {"type": "Feature", "geometry": {"type": "Point", "coordinates": [126.95903, 37.46335]}, "properties": {"building": "921", "name": "(관악사)학부 생활관", "lat": "37.463350", "lon": "126.959030", "first_floor_est_m": "102.8", "lobby_est_m": "102.8", "lobby_source": "출입구 평균", "entrances": "1", "entrance_floors": "1층", "multi_level_access": "N", "entrance_min_m": "102.8", "entrance_max_m": "102.8", "ground_min_m": "100.6", "ground_max_m": "104.9", "ground_span_m": "4.2", "slope_site": "Y", "point_ground_m": "103.5", "footprint": "topo/37612019/737", "footprint_name": "관악학생생활관921동", "footprint_match": "inside", "perimeter_m": "154", "samples": "88", "dem": "topo_dem.tif", "lecture_building": "N", "note": ""}}, {"type": "Feature", "geometry": {"type": "Point", "coordinates": [126.95925, 37.463]}, "properties": {"building": "922", "name": "(관악사)학부 생활관", "lat": "37.463000", "lon": "126.959250", "first_floor_est_m": "104.9", "lobby_est_m": "104.9", "lobby_source": "1층 기준면(평지)", "entrances": "0", "entrance_floors": "", "multi_level_access": "", "entrance_min_m": "", "entrance_max_m": "", "ground_min_m": "104.2", "ground_max_m": "105.3", "ground_span_m": "1.2", "slope_site": "N", "point_ground_m": "105.0", "footprint": "topo/37612019/729", "footprint_name": "관악학생생활관922동", "footprint_match": "inside", "perimeter_m": "155", "samples": "88", "dem": "topo_dem.tif", "lecture_building": "N", "note": ""}}, {"type": "Feature", "geometry": {"type": "Point", "coordinates": [126.95955, 37.46341]}, "properties": {"building": "923", "name": "(관악사)학부 생활관", "lat": "37.463410", "lon": "126.959550", "first_floor_est_m": "103.9", "lobby_est_m": "103.9", "lobby_source": "1층 기준면(평지)", "entrances": "0", "entrance_floors": "", "multi_level_access": "", "entrance_min_m": "", "entrance_max_m": "", "ground_min_m": "103.1", "ground_max_m": "104.8", "ground_span_m": "1.7", "slope_site": "N", "point_ground_m": "103.6", "footprint": "topo/37612019/732", "footprint_name": "관악학생생활관923동", "footprint_match": "inside", "perimeter_m": "86", "samples": "47", "dem": "topo_dem.tif", "lecture_building": "N", "note": ""}}, {"type": "Feature", "geometry": {"type": "Point", "coordinates": [126.95946, 37.46362]}, "properties": {"building": "924", "name": "(관악사)학부 생활관", "lat": "37.463620", "lon": "126.959460", "first_floor_est_m": "102.3", "lobby_est_m": "", "lobby_source": "", "entrances": "0", "entrance_floors": "", "multi_level_access": "", "entrance_min_m": "", "entrance_max_m": "", "ground_min_m": "100.8", "ground_max_m": "104.6", "ground_span_m": "3.8", "slope_site": "Y", "point_ground_m": "101.6", "footprint": "topo/37612019/739", "footprint_name": "관악학생생활관924동", "footprint_match": "inside", "perimeter_m": "154", "samples": "88", "dem": "topo_dem.tif", "lecture_building": "N", "note": "로비층 확정 필요(경사지, 출입구 정보 없음)"}}, {"type": "Feature", "geometry": {"type": "Point", "coordinates": [126.9586, 37.46409]}, "properties": {"building": "925", "name": "(관악사)학부 생활관", "lat": "37.464090", "lon": "126.958600", "first_floor_est_m": "97.8", "lobby_est_m": "", "lobby_source": "", "entrances": "0", "entrance_floors": "", "multi_level_access": "", "entrance_min_m": "", "entrance_max_m": "", "ground_min_m": "95.8", "ground_max_m": "100.0", "ground_span_m": "4.2", "slope_site": "Y", "point_ground_m": "98.6", "footprint": "topo/37612019/746", "footprint_name": "관악학생생활관925동", "footprint_match": "inside", "perimeter_m": "154", "samples": "88", "dem": "topo_dem.tif", "lecture_building": "N", "note": "로비층 확정 필요(경사지, 출입구 정보 없음)"}}, {"type": "Feature", "geometry": {"type": "Point", "coordinates": [126.95899, 37.46429]}, "properties": {"building": "926", "name": "(관악사)학부 생활관", "lat": "37.464290", "lon": "126.958990", "first_floor_est_m": "98.3", "lobby_est_m": "98.3", "lobby_source": "1층 기준면(평지)", "entrances": "0", "entrance_floors": "", "multi_level_access": "", "entrance_min_m": "", "entrance_max_m": "", "ground_min_m": "97.1", "ground_max_m": "99.2", "ground_span_m": "2.1", "slope_site": "N", "point_ground_m": "98.9", "footprint": "topo/37612019/745", "footprint_name": "관악학생생활관926동", "footprint_match": "inside", "perimeter_m": "86", "samples": "47", "dem": "topo_dem.tif", "lecture_building": "N", "note": ""}}, {"type": "Feature", "geometry": {"type": "Point", "coordinates": [126.95866, 37.46711]}, "properties": {"building": "931", "name": "가족생활관1", "lat": "37.467110", "lon": "126.958660", "first_floor_est_m": "80.0", "lobby_est_m": "80.0", "lobby_source": "1층 기준면(평지)", "entrances": "0", "entrance_floors": "", "multi_level_access": "", "entrance_min_m": "", "entrance_max_m": "", "ground_min_m": "79.9", "ground_max_m": "80.0", "ground_span_m": "0.1", "slope_site": "N", "point_ground_m": "80.0", "footprint": "topo/37612019/1096", "footprint_name": "가족생활관931동", "footprint_match": "inside", "perimeter_m": "123", "samples": "79", "dem": "topo_dem.tif", "lecture_building": "N", "note": ""}}, {"type": "Feature", "geometry": {"type": "Point", "coordinates": [126.95862, 37.46684]}, "properties": {"building": "932", "name": "가족생활관2", "lat": "37.466840", "lon": "126.958620", "first_floor_est_m": "79.9", "lobby_est_m": "79.9", "lobby_source": "1층 기준면(평지)", "entrances": "0", "entrance_floors": "", "multi_level_access": "", "entrance_min_m": "", "entrance_max_m": "", "ground_min_m": "79.3", "ground_max_m": "80.1", "ground_span_m": "0.8", "slope_site": "N", "point_ground_m": "80.0", "footprint": "topo/37612019/1089", "footprint_name": "가족생활관932동", "footprint_match": "inside", "perimeter_m": "123", "samples": "79", "dem": "topo_dem.tif", "lecture_building": "N", "note": ""}}, {"type": "Feature", "geometry": {"type": "Point", "coordinates": [126.95911, 37.46679]}, "properties": {"building": "933", "name": "가족생활관3", "lat": "37.466790", "lon": "126.959110", "first_floor_est_m": "81.8", "lobby_est_m": "81.8", "lobby_source": "1층 기준면(평지)", "entrances": "0", "entrance_floors": "", "multi_level_access": "", "entrance_min_m": "", "entrance_max_m": "", "ground_min_m": "80.6", "ground_max_m": "82.8", "ground_span_m": "2.3", "slope_site": "N", "point_ground_m": "82.0", "footprint": "topo/37612019/1093", "footprint_name": "가족생활관933동", "footprint_match": "inside", "perimeter_m": "120", "samples": "77", "dem": "topo_dem.tif", "lecture_building": "N", "note": ""}}, {"type": "Feature", "geometry": {"type": "Point", "coordinates": [126.95942, 37.46676]}, "properties": {"building": "934", "name": "가족생활관4", "lat": "37.466760", "lon": "126.959420", "first_floor_est_m": "83.7", "lobby_est_m": "83.7", "lobby_source": "1층 기준면(평지)", "entrances": "0", "entrance_floors": "", "multi_level_access": "", "entrance_min_m": "", "entrance_max_m": "", "ground_min_m": "82.0", "ground_max_m": "84.7", "ground_span_m": "2.7", "slope_site": "N", "point_ground_m": "84.0", "footprint": "topo/37612019/1091", "footprint_name": "가족생활관934동", "footprint_match": "inside", "perimeter_m": "120", "samples": "77", "dem": "topo_dem.tif", "lecture_building": "N", "note": ""}}, {"type": "Feature", "geometry": {"type": "Point", "coordinates": [126.95966, 37.46735]}, "properties": {"building": "935", "name": "가족생활관5", "lat": "37.467350", "lon": "126.959660", "first_floor_est_m": "79.1", "lobby_est_m": "79.1", "lobby_source": "1층 기준면(평지)", "entrances": "0", "entrance_floors": "", "multi_level_access": "", "entrance_min_m": "", "entrance_max_m": "", "ground_min_m": "77.7", "ground_max_m": "80.0", "ground_span_m": "2.3", "slope_site": "N", "point_ground_m": "78.6", "footprint": "topo/37612019/1101", "footprint_name": "가족생활관935동", "footprint_match": "inside", "perimeter_m": "123", "samples": "79", "dem": "topo_dem.tif", "lecture_building": "N", "note": ""}}, {"type": "Feature", "geometry": {"type": "Point", "coordinates": [126.95985, 37.46708]}, "properties": {"building": "936", "name": "교직원아파트", "lat": "37.467080", "lon": "126.959850", "first_floor_est_m": "81.7", "lobby_est_m": "", "lobby_source": "", "entrances": "0", "entrance_floors": "", "multi_level_access": "", "entrance_min_m": "", "entrance_max_m": "", "ground_min_m": "80.3", "ground_max_m": "84.1", "ground_span_m": "3.8", "slope_site": "Y", "point_ground_m": "81.3", "footprint": "topo/37612019/483", "footprint_name": "936동", "footprint_match": "inside", "perimeter_m": "168", "samples": "116", "dem": "topo_dem.tif", "lecture_building": "N", "note": "로비층 확정 필요(경사지, 출입구 정보 없음)"}}, {"type": "Feature", "geometry": {"type": "Point", "coordinates": [126.95952, 37.46588]}, "properties": {"building": "940", "name": "연구공원지원시설", "lat": "37.465880", "lon": "126.959520", "first_floor_est_m": "93.5", "lobby_est_m": "", "lobby_source": "", "entrances": "0", "entrance_floors": "", "multi_level_access": "", "entrance_min_m": "", "entrance_max_m": "", "ground_min_m": "90.0", "ground_max_m": "97.0", "ground_span_m": "7.0", "slope_site": "Y", "point_ground_m": "92.7", "footprint": "topo/37612019/484", "footprint_name": "940동연구공원본관,웨딩홀", "footprint_match": "inside", "perimeter_m": "254", "samples": "136", "dem": "topo_dem.tif", "lecture_building": "N", "note": "로비층 확정 필요(경사지, 출입구 정보 없음)"}}, {"type": "Feature", "geometry": {"type": "Point", "coordinates": [126.95826, 37.46626]}, "properties": {"building": "941", "name": "백학어린이집", "lat": "37.466260", "lon": "126.958260", "first_floor_est_m": "80.0", "lobby_est_m": "80.0", "lobby_source": "1층 기준면(평지)", "entrances": "0", "entrance_floors": "", "multi_level_access": "", "entrance_min_m": "", "entrance_max_m": "", "ground_min_m": "78.9", "ground_max_m": "81.4", "ground_span_m": "2.5", "slope_site": "N", "point_ground_m": "80.0", "footprint": "topo/37612019/1085", "footprint_name": "941동,백학어린이집,신한은행서울대학교연구공원출장소", "footprint_match": "inside", "perimeter_m": "170", "samples": "101", "dem": "topo_dem.tif", "lecture_building": "N", "note": ""}}, {"type": "Feature", "geometry": {"type": "Point", "coordinates": [126.95876, 37.46589]}, "properties": {"building": "941-1", "name": "느티나무어린이집", "lat": "37.465890", "lon": "126.958760", "first_floor_est_m": "83.7", "lobby_est_m": "", "lobby_source": "", "entrances": "0", "entrance_floors": "", "multi_level_access": "", "entrance_min_m": "", "entrance_max_m": "", "ground_min_m": "80.2", "ground_max_m": "88.8", "ground_span_m": "8.6", "slope_site": "Y", "point_ground_m": "84.9", "footprint": "topo/37612019/1083", "footprint_name": "941-1동,느티나무어린이집", "footprint_match": "inside", "perimeter_m": "234", "samples": "129", "dem": "topo_dem.tif", "lecture_building": "N", "note": "로비층 확정 필요(경사지, 출입구 정보 없음)"}}, {"type": "Feature", "geometry": {"type": "Point", "coordinates": [126.96088, 37.46587]}, "properties": {"building": "942", "name": "LG연구동", "lat": "37.465870", "lon": "126.960880", "first_floor_est_m": "100.1", "lobby_est_m": "", "lobby_source": "", "entrances": "0", "entrance_floors": "", "multi_level_access": "", "entrance_min_m": "", "entrance_max_m": "", "ground_min_m": "97.9", "ground_max_m": "105.0", "ground_span_m": "7.1", "slope_site": "Y", "point_ground_m": "99.7", "footprint": "topo/37612019/1015", "footprint_name": "942동LG전자연구동", "footprint_match": "inside", "perimeter_m": "238", "samples": "134", "dem": "topo_dem.tif", "lecture_building": "Y", "note": "로비층 확정 필요(경사지, 출입구 정보 없음)"}}, {"type": "Feature", "geometry": {"type": "Point", "coordinates": [126.96059, 37.46637]}, "properties": {"building": "943", "name": "SK텔레콤", "lat": "37.466370", "lon": "126.960590", "first_floor_est_m": "96.3", "lobby_est_m": "", "lobby_source": "", "entrances": "0", "entrance_floors": "", "multi_level_access": "", "entrance_min_m": "", "entrance_max_m": "", "ground_min_m": "95.0", "ground_max_m": "99.5", "ground_span_m": "4.5", "slope_site": "Y", "point_ground_m": "97.5", "footprint": "topo/37612019/1019", "footprint_name": "943동SK텔레콤협력연구소", "footprint_match": "inside", "perimeter_m": "212", "samples": "113", "dem": "topo_dem.tif", "lecture_building": "N", "note": "로비층 확정 필요(경사지, 출입구 정보 없음)"}}, {"type": "Feature", "geometry": {"type": "Point", "coordinates": [126.96065, 37.46527]}, "properties": {"building": "945", "name": "웅진R&D센터", "lat": "37.465270", "lon": "126.960650", "first_floor_est_m": "98.3", "lobby_est_m": "", "lobby_source": "", "entrances": "0", "entrance_floors": "", "multi_level_access": "", "entrance_min_m": "", "entrance_max_m": "", "ground_min_m": "95.6", "ground_max_m": "100.0", "ground_span_m": "4.4", "slope_site": "Y", "point_ground_m": "97.9", "footprint": "topo/37612019/1013", "footprint_name": "945동웅진코웨이R&D센터", "footprint_match": "inside", "perimeter_m": "173", "samples": "94", "dem": "topo_dem.tif", "lecture_building": "N", "note": "로비층 확정 필요(경사지, 출입구 정보 없음)"}}, {"type": "Feature", "geometry": {"type": "Point", "coordinates": [126.95841, 37.46531]}, "properties": {"building": "946", "name": "BK국제관", "lat": "37.465310", "lon": "126.958410", "first_floor_est_m": "86.1", "lobby_est_m": "", "lobby_source": "", "entrances": "7", "entrance_floors": "지하1층/1층/2층", "multi_level_access": "Y", "entrance_min_m": "81.1", "entrance_max_m": "89.5", "ground_min_m": "80.5", "ground_max_m": "90.0", "ground_span_m": "9.5", "slope_site": "Y", "point_ground_m": "87.0", "footprint": "topo/37612019/471", "footprint_name": "946-A동BK국제관", "footprint_match": "inside", "perimeter_m": "338", "samples": "184", "dem": "topo_dem.tif", "lecture_building": "N", "note": "지상 출입구 7곳이 지하1층/1층/2층; 로비층 확정 필요(출입구가 여러 높이)"}}, {"type": "Feature", "geometry": {"type": "Point", "coordinates": [126.95992, 37.46478]}, "properties": {"building": "950", "name": "국제백신연구소", "lat": "37.464780", "lon": "126.959920", "first_floor_est_m": "101.2", "lobby_est_m": "", "lobby_source": "", "entrances": "0", "entrance_floors": "", "multi_level_access": "", "entrance_min_m": "", "entrance_max_m": "", "ground_min_m": "99.8", "ground_max_m": "104.2", "ground_span_m": "4.4", "slope_site": "Y", "point_ground_m": "102.0", "footprint": "topo/37612019/452", "footprint_name": "950동국제백신연구소", "footprint_match": "inside", "perimeter_m": "295", "samples": "160", "dem": "topo_dem.tif", "lecture_building": "N", "note": "로비층 확정 필요(경사지, 출입구 정보 없음)"}}]}