{"type": "FeatureCollection", "features": [{"type": "Feature", "geometry": {"type": "LineString", "coordinates": [[126.9565144, 37.4614126], [126.9563951, 37.4613689], [126.9563294, 37.4613435], [126.9562358, 37.4613317], [126.9561098, 37.461337], [126.9559353, 37.4613648]]}, "properties": {"osm_id": 37399645, "highway": "service", "name": "", "bridge": "", "tunnel": "", "indoor": "", "layer": "", "level": "", "covered": "", "nodes": [1789843017, 1937467722, 1789842698, 1937467721, 1789842871, 1789842880]}}, {"type": "Feature", "geometry": {"type": "LineString", "coordinates": [[126.953379, 37.4533843], [126.9532447, 37.4533528], [126.9530862, 37.4532934], [126.9529495, 37.4532625], [126.9528298, 37.4532459], [126.9527051, 37.4532523], [126.952571, 37.4532725], [126.9524516, 37.4533066], [126.9523435, 37.4533536], [126.9522368, 37.4534289], [126.9520872, 37.4535666], [126.9519567, 37.4536888], [126.9518243, 37.4537707], [126.9517164, 37.4538142], [126.9515987, 37.4538485], [126.9514552, 37.4538698], [126.9512822, 37.4538804], [126.9508997, 37.4538785], [126.9502332, 37.4538813]]}, "properties": {"osm_id": 37929015, "highway": "service", "name": "", "bridge": "", "tunnel": "", "indoor": "", "layer": "", "level": "", "covered": "", "nodes": [1789843008, 445309495, 445309496, 445309497, 14050364183, 14050364186, 14050364184, 14050364185, 445309498, 445309499, 3893418112, 14050364188, 445309501, 445309502, 14050364189, 14050364190, 14050364191, 445309504, 1789842952]}}, {"type": "Feature", "geometry": {"type": "LineString", "coordinates": [[126.951008, 37.455228], [126.9510506, 37.4552319], [126.9518538, 37.4553052]]}, "properties": {"osm_id": 37929022, "highway": "service", "name": "", "bridge": "", "tunnel": "", "indoor": "", "layer": "", "level": "", "covered": "", "nodes": [3901595586, 4532193682, 445310303]}}, {"type": "Feature", "geometry": {"type": "LineString", "coordinates": [[126.9520655, 37.4585283], [126.9519387, 37.4584151], [126.9517967, 37.4581028], [126.9517545, 37.4580177], [126.9515185, 37.4575422], [126.9513939, 37.457309]]}, "properties": {"osm_id": 37929023, "highway": "living_street", "name": "", "bridge": "", "tunnel": "", "indoor": "", "layer": "", "level": "", "covered": "", "nodes": [445310310, 3993235262, 1789877079, 2548592003, 1789877119, 1789877090]}}, {"type": "Feature", "geometry": {"type": "LineString", "coordinates": [[126.951374, 37.4590073], [126.9515857, 37.4587941], [126.9517035, 37.4587241]]}, "properties": {"osm_id": 37929026, "highway": "steps", "name": "", "bridge": "", "tunnel": "", "indoor": "", "layer": "", "level": "", "covered": "", "nodes": [1789878134, 445310320, 11015437475]}}, {"type": "Feature", "geometry": {"type": "LineString", "coordinates": [[126.9504004, 37.4560389], [126.9504997, 37.4554624]]}, "properties": {"osm_id": 93420617, "highway": "service", "name": "", "bridge": "", "tunnel": "", "indoor": "", "layer": "", "level": "", "covered": "", "nodes": [1083241310, 1083241282]}}, {"type": "Feature", "geometry": {"type": "LineString", "coordinates": [[126.9521447, 37.4570788], [126.9522706, 37.4569763], [126.9523135, 37.4568874], [126.9523698, 37.4566484], [126.9523865, 37.4565271], [126.9524025, 37.456411], [126.9524036, 37.456403], [126.9524107, 37.4562976], [126.9523993, 37.4562162], [126.9523725, 37.456156], [126.9523414, 37.4560909], [126.9522847, 37.4560203]]}, "properties": {"osm_id": 122940854, "highway": "service", "name": "", "bridge": "", "tunnel": "", "indoor": "", "layer": "", "level": "", "covered": "", "nodes": [1372131612, 13478432953, 13478432922, 13478432941, 13478432939, 13478432940, 1372131623, 13478432952, 13478432951, 13478432950, 1814483055, 1372131611]}}, {"type": "Feature", "geometry": {"type": "LineString", "coordinates": [[126.9515857, 37.4587941], [126.9514993, 37.4586256], [126.9513832, 37.4583755], [126.9513323, 37.4582659], [126.9511412, 37.4578786], [126.9511317, 37.4578594], [126.9510805, 37.4577494], [126.9508933, 37.4573441]]}, "properties": {"osm_id": 161950113, "highway": "pedestrian", "name": "", "bridge": "", "tunnel": "", "indoor": "", "layer": "", "level": "", "covered": "", "nodes": [445310320, 1739012445, 2548591996, 1739012439, 2548592000, 1739012437, 2548591998, 1739012441]}}, {"type": "Feature", "geometry": {"type": "LineString", "coordinates": [[126.9569106, 37.4602881], [126.9568465, 37.4602406], [126.9567062, 37.4601367], [126.9565525, 37.4599937], [126.9564811, 37.4599266], [126.9556548, 37.4591137], [126.9553933, 37.4589061], [126.9552434, 37.4588443]]}, "properties": {"osm_id": 167595744, "highway": "service", "name": "", "bridge": "", "tunnel": "", "indoor": "", "layer": "", "level": "", "covered": "", "nodes": [4288534130, 14049244771, 1789861885, 3046670132, 3046671284, 1789861938, 1789861875, 1789861862]}}, {"type": "Feature", "geometry": {"type": "LineString", "coordinates": [[126.9564868, 37.461037], [126.9565116, 37.4611254], [126.9565236, 37.4611841], [126.9565335, 37.4612625], [126.9565365, 37.461326], [126.9565144, 37.4614126]]}, "properties": {"osm_id": 167595746, "highway": "service", "name": "", "bridge": "", "tunnel": "", "indoor": "", "layer": "", "level": "", "covered": "", "nodes": [1789861872, 3046608101, 1937467725, 1789861912, 1937467717, 1789843017]}}, {"type": "Feature", "geometry": {"type": "LineString", "coordinates": [[126.9494884, 37.4593841], [126.9497915, 37.4599036], [126.9498836, 37.4600715], [126.9499203, 37.4601384], [126.9499481, 37.4601753], [126.9499971, 37.4602403]]}, "properties": {"osm_id": 167595747, "highway": "service", "name": "", "bridge": "", "tunnel": "", "indoor": "", "layer": "", "level": "", "covered": "", "nodes": [1789861942, 1789861937, 14050364120, 1789861892, 14050337738, 1789878135]}}, {"type": "Feature", "geometry": {"type": "LineString", "coordinates": [[126.9490589, 37.4605456], [126.9491667, 37.4605494], [126.9493289, 37.4605168], [126.9494462, 37.4604915], [126.9495682, 37.4604787], [126.949676, 37.4604923]]}, "properties": {"osm_id": 167595749, "highway": "service", "name": "", "bridge": "", "tunnel": "", "indoor": "", "layer": "", "level": "", "covered": "", "nodes": [1789861917, 1789861891, 1789861921, 14047967117, 14047967116, 1789861890]}}, {"type": "Feature", "geometry": {"type": "LineString", "coordinates": [[126.9548667, 37.4590663], [126.9549453, 37.4589849], [126.9550684, 37.4588607]]}, "properties": {"osm_id": 167595750, "highway": "service", "name": "", "bridge": "", "tunnel": "", "indoor": "", "layer": "", "level": "", "covered": "", "nodes": [3046670131, 1789861910, 1789861936]}}, {"type": "Feature", "geometry": {"type": "LineString", "coordinates": [[126.9528894, 37.4598387], [126.9530482, 37.4596682], [126.9531852, 37.459463]]}, "properties": {"osm_id": 167595752, "highway": "service", "name": "", "bridge": "", "tunnel": "", "indoor": "", "layer": "", "level": "", "covered": "", "nodes": [1789861909, 1789861923, 1789878132]}}, {"type": "Feature", "geometry": {"type": "LineString", "coordinates": [[126.9581193, 37.4606002], [126.9581304, 37.4605887], [126.958148, 37.460585], [126.9581647, 37.4605907], [126.9581735, 37.4606034], [126.9581705, 37.4606177]]}, "properties": {"osm_id": 167596294, "highway": "service", "name": "", "bridge": "", "tunnel": "", "indoor": "", "layer": "", "level": "", "covered": "", "nodes": [1789865105, 4377810764, 4377810763, 4377810765, 4377810766, 4314460171]}}, {"type": "Feature", "geometry": {"type": "LineString", "coordinates": [[126.9518606, 37.4576241], [126.951727, 37.457628], [126.9515185, 37.4575422]]}, "properties": {"osm_id": 167597850, "highway": "steps", "name": "", "bridge": "", "tunnel": "", "indoor": "", "layer": "", "level": "", "covered": "", "nodes": [1789877085, 1789877114, 1789877119]}}, {"type": "Feature", "geometry": {"type": "LineString", "coordinates": [[126.9520655, 37.4585283], [126.9530337, 37.4592675], [126.9531255, 37.4592776], [126.9540242, 37.4596087]]}, "properties": {"osm_id": 167597852, "highway": "pedestrian", "name": "", "bridge": "", "tunnel": "", "indoor": "", "layer": "", "level": "", "covered": "", "nodes": [445310310, 1789877101, 1789877109, 1789877122]}}, {"type": "Feature", "geometry": {"type": "LineString", "coordinates": [[126.9520109, 37.4579163], [126.9518944, 37.4579512], [126.9517967, 37.4581028]]}, "properties": {"osm_id": 167597853, "highway": "steps", "name": "", "bridge": "", "tunnel": "", "indoor": "", "layer": "", "level": "", "covered": "", "nodes": [1789877110, 1789877112, 1789877079]}}, {"type": "Feature", "geometry": {"type": "LineString", "coordinates": [[126.9542011, 37.4596928], [126.9544656, 37.459545]]}, "properties": {"osm_id": 167597854, "highway": "service", "name": "", "bridge": "", "tunnel": "", "indoor": "", "layer": "", "level": "", "covered": "", "nodes": [1789877118, 1789861926]}}, {"type": "Feature", "geometry": {"type": "LineString", "coordinates": [[126.9549816, 37.4592521], [126.9547789, 37.459174]]}, "properties": {"osm_id": 167597855, "highway": "service", "name": "", "bridge": "", "tunnel": "", "indoor": "", "layer": "", "level": "", "covered": "", "nodes": [1789877105, 1789877104]}}, {"type": "Feature", "geometry": {"type": "LineString", "coordinates": [[126.9528894, 37.4598387], [126.9525924, 37.4595961]]}, "properties": {"osm_id": 167597856, "highway": "pedestrian", "name": "", "bridge": "", "tunnel": "", "indoor": "", "layer": "", "level": "", "covered": "", "nodes": [1789861909, 1789877096]}}, {"type": "Feature", "geometry": {"type": "LineString", "coordinates": [[126.9552744, 37.4605752], [126.9554821, 37.4604744], [126.9556552, 37.4603874], [126.9557494, 37.4603477]]}, "properties": {"osm_id": 167597858, "highway": "service", "name": "", "bridge": "", "tunnel": "", "indoor": "", "layer": "", "level": "", "covered": "", "nodes": [1789861939, 1966229954, 1789877072, 1966229957]}}, {"type": "Feature", "geometry": {"type": "LineString", "coordinates": [[126.9544656, 37.459545], [126.9546077, 37.4593751]]}, "properties": {"osm_id": 167597859, "highway": "service", "name": "", "bridge": "", "tunnel": "", "indoor": "", "layer": "", "level": "", "covered": "", "nodes": [1789861926, 1789861867]}}, {"type": "Feature", "geometry": {"type": "LineString", "coordinates": [[126.952279, 37.4583816], [126.9521812, 37.4584657], [126.9520655, 37.4585283]]}, "properties": {"osm_id": 167597860, "highway": "steps", "name": "", "bridge": "", "tunnel": "", "indoor": "", "layer": "", "level": "", "covered": "", "nodes": [1789877113, 1789877106, 445310310]}}, {"type": "Feature", "geometry": {"type": "LineString", "coordinates": [[126.9505117, 37.4598201], [126.9506193, 37.4597398]]}, "properties": {"osm_id": 167597965, "highway": "service", "name": "", "bridge": "", "tunnel": "", "indoor": "", "layer": "", "level": "", "covered": "", "nodes": [1793042678, 1793038598]}}, {"type": "Feature", "geometry": {"type": "LineString", "coordinates": [[126.9512887, 37.4577759], [126.951177, 37.4578169], [126.9510556, 37.45786]]}, "properties": {"osm_id": 167606288, "highway": "footway", "name": "", "bridge": "viaduct", "tunnel": "", "indoor": "", "layer": "5", "level": "", "covered": "", "nodes": [1789916172, 1789916173, 1789916174]}}, {"type": "Feature", "geometry": {"type": "LineString", "coordinates": [[126.9509797, 37.4583756], [126.9513323, 37.4582659]]}, "properties": {"osm_id": 167607355, "highway": "steps", "name": "", "bridge": "", "tunnel": "", "indoor": "", "layer": "", "level": "", "covered": "", "nodes": [1789918014, 1739012439]}}, {"type": "Feature", "geometry": {"type": "LineString", "coordinates": [[126.949208, 37.4574685], [126.9493003, 37.4574631], [126.9494472, 37.4574544], [126.9498228, 37.45744], [126.9499922, 37.4574404], [126.9501032, 37.4574346], [126.9502542, 37.4573989], [126.9503294, 37.4573825], [126.9505193, 37.4573468], [126.9506041, 37.4573301], [126.9508933, 37.4573441]]}, "properties": {"osm_id": 167608112, "highway": "service", "name": "", "bridge": "", "tunnel": "", "indoor": "", "layer": "", "level": "", "covered": "", "nodes": [1789919720, 14050337774, 2548580421, 1789919729, 1789919714, 1790388360, 1789919730, 3993235263, 2548592013, 1789919728, 1739012441]}}, {"type": "Feature", "geometry": {"type": "LineString", "coordinates": [[126.9551738, 37.4610382], [126.9554892, 37.4613697]]}, "properties": {"osm_id": 167609407, "highway": "steps", "name": "", "bridge": "", "tunnel": "", "indoor": "", "layer": "", "level": "", "covered": "", "nodes": [1789927069, 1789927065]}}, {"type": "Feature", "geometry": {"type": "LineString", "coordinates": [[126.9537116, 37.460121], [126.9538381, 37.46025], [126.9542558, 37.4608585], [126.9543, 37.4608527], [126.9543093, 37.4608938], [126.9543576, 37.4609598]]}, "properties": {"osm_id": 167609408, "highway": "footway", "name": "", "bridge": "", "tunnel": "", "indoor": "", "layer": "", "level": "", "covered": "", "nodes": [2548580419, 1789930530, 4564750862, 4564750863, 4527869958, 1789930540]}}, {"type": "Feature", "geometry": {"type": "LineString", "coordinates": [[126.9534429, 37.4602813], [126.9537116, 37.460121], [126.9539802, 37.4599608], [126.9542919, 37.4598045]]}, "properties": {"osm_id": 167609411, "highway": "steps", "name": "", "bridge": "", "tunnel": "", "indoor": "", "layer": "", "level": "", "covered": "", "nodes": [1789930532, 2548580419, 1789930534, 1789930531]}}, {"type": "Feature", "geometry": {"type": "LineString", "coordinates": [[126.9528894, 37.4598387], [126.9534429, 37.4602813]]}, "properties": {"osm_id": 167609412, "highway": "service", "name": "", "bridge": "", "tunnel": "", "indoor": "", "layer": "", "level": "", "covered": "", "nodes": [1789861909, 1789930532]}}, {"type": "Feature", "geometry": {"type": "LineString", "coordinates": [[126.9562512, 37.4608092], [126.9563405, 37.4608488], [126.9564749, 37.4609003]]}, "properties": {"osm_id": 167609543, "highway": "steps", "name": "", "bridge": "", "tunnel": "", "indoor": "", "layer": "", "level": "", "covered": "", "nodes": [1789931906, 3901595592, 14047950373]}}, {"type": "Feature", "geometry": {"type": "LineString", "coordinates": [[126.955906, 37.4605357], [126.9559347, 37.4605655], [126.9560455, 37.4606805], [126.9562512, 37.4608092]]}, "properties": {"osm_id": 167609545, "highway": "footway", "name": "", "bridge": "", "tunnel": "", "indoor": "", "layer": "", "level": "", "covered": "", "nodes": [1789931904, 1966229951, 1789931902, 1789931906]}}, {"type": "Feature", "geometry": {"type": "LineString", "coordinates": [[126.9506972, 37.4620218], [126.950842, 37.462158], [126.9509008, 37.4622378]]}, "properties": {"osm_id": 167609801, "highway": "service", "name": "", "bridge": "", "tunnel": "", "indoor": "", "layer": "", "level": "", "covered": "", "nodes": [1789933618, 1789933619, 14047967076]}}, {"type": "Feature", "geometry": {"type": "LineString", "coordinates": [[126.9506972, 37.4620218], [126.9502882, 37.4616864], [126.9506164, 37.4613873], [126.9505822, 37.4613586]]}, "properties": {"osm_id": 167609802, "highway": "footway", "name": "", "bridge": "", "tunnel": "", "indoor": "", "layer": "", "level": "", "covered": "", "nodes": [1789933618, 1789933616, 1789933621, 14047967046]}}, {"type": "Feature", "geometry": {"type": "LineString", "coordinates": [[126.9511086, 37.4589287], [126.9515857, 37.4587941]]}, "properties": {"osm_id": 167658421, "highway": "steps", "name": "", "bridge": "", "tunnel": "", "indoor": "", "layer": "", "level": "", "covered": "", "nodes": [1790388378, 445310320]}}, {"type": "Feature", "geometry": {"type": "LineString", "coordinates": [[126.9501032, 37.4574346], [126.950115, 37.4575024]]}, "properties": {"osm_id": 167658422, "highway": "steps", "name": "", "bridge": "", "tunnel": "", "indoor": "", "layer": "", "level": "", "covered": "", "nodes": [1790388360, 1790388374]}}, {"type": "Feature", "geometry": {"type": "LineString", "coordinates": [[126.9510392, 37.4587875], [126.9510855, 37.4588818], [126.9511086, 37.4589287]]}, "properties": {"osm_id": 167658424, "highway": "footway", "name": "", "bridge": "", "tunnel": "", "indoor": "", "layer": "", "level": "", "covered": "", "nodes": [3046670113, 4524225043, 1790388378]}}, {"type": "Feature", "geometry": {"type": "LineString", "coordinates": [[126.9502794, 37.4581602], [126.9502112, 37.4581823]]}, "properties": {"osm_id": 167658425, "highway": "footway", "name": "", "bridge": "", "tunnel": "", "indoor": "", "layer": "", "level": "", "covered": "", "nodes": [1790388365, 1790388362]}}, {"type": "Feature", "geometry": {"type": "LineString", "coordinates": [[126.9508069, 37.4588592], [126.9506111, 37.4585079], [126.9509797, 37.4583756], [126.9508028, 37.4580174], [126.9506579, 37.4577278], [126.9505399, 37.4574787]]}, "properties": {"osm_id": 167658426, "highway": "service", "name": "", "bridge": "", "tunnel": "", "indoor": "", "layer": "", "level": "", "covered": "", "nodes": [2044015730, 2044015761, 1789918014, 1790388358, 1790388376, 1790388371]}}, {"type": "Feature", "geometry": {"type": "LineString", "coordinates": [[126.9503462, 37.457826], [126.9503199, 37.457782]]}, "properties": {"osm_id": 167658427, "highway": "footway", "name": "", "bridge": "", "tunnel": "", "indoor": "", "layer": "", "level": "", "covered": "", "nodes": [1790388368, 1790388389]}}, {"type": "Feature", "geometry": {"type": "LineString", "coordinates": [[126.9533371, 37.4566995], [126.9535328, 37.4567395], [126.953669, 37.4569106], [126.9537544, 37.457122], [126.953975, 37.4573137], [126.9543673, 37.4575751], [126.954426, 37.4574968], [126.9546835, 37.4572632], [126.9547858, 37.4571445], [126.9548919, 37.4570008], [126.9549642, 37.4568549], [126.954997, 37.456741], [126.9549843, 37.4566196], [126.9549093, 37.4564599], [126.9548529, 37.4563098], [126.9548503, 37.4562311], [126.9548811, 37.4561639], [126.9549763, 37.4561107], [126.955085, 37.456052], [126.9551328, 37.4560286], [126.955211, 37.4559894]]}, "properties": {"osm_id": 167659978, "highway": "service", "name": "", "bridge": "", "tunnel": "", "indoor": "", "layer": "", "level": "", "covered": "", "nodes": [1790413450, 3805310211, 3805310210, 3805310209, 4344097182, 1790402720, 3893418106, 3893418101, 1790402736, 1790402734, 1790402714, 14050364182, 1790402732, 1790402775, 1790402770, 1790402760, 1790402777, 1790402768, 7257052667, 14049244731, 1790402716]}}, {"type": "Feature", "geometry": {"type": "LineString", "coordinates": [[126.9545069, 37.4550249], [126.9544364, 37.4550588], [126.9537424, 37.4553922], [126.95367, 37.455539], [126.9535677, 37.455615], [126.9535869, 37.4556843], [126.953603, 37.45576], [126.9535735, 37.4558999], [126.9534715, 37.4561277], [126.9534011, 37.4563843], [126.9533371, 37.4566995], [126.9532137, 37.4568187], [126.9529412, 37.4575555], [126.9528714, 37.4577332], [126.9528097, 37.4577992], [126.952681, 37.4578625], [126.9526173, 37.4577971], [126.9525522, 37.4577353], [126.9525093, 37.4576767], [126.9524697, 37.4576133], [126.9523759, 37.4574356]]}, "properties": {"osm_id": 167660278, "highway": "service", "name": "", "bridge": "", "tunnel": "", "indoor": "", "layer": "", "level": "", "covered": "", "nodes": [1790413461, 14049244719, 1790413431, 1790413429, 4765735959, 1790413434, 14050920887, 1790413472, 1790413443, 1790413446, 1790413450, 1790413425, 1790413469, 14050920888, 13478432924, 1790413448, 1790413481, 1790413440, 1790413438, 1790413436, 1790413427]}}, {"type": "Feature", "geometry": {"type": "LineString", "coordinates": [[126.9488557, 37.4561067], [126.948836, 37.4564584], [126.9488321, 37.4565127], [126.9488058, 37.4568751], [126.9488105, 37.4569251], [126.948828, 37.4569603], [126.9488548, 37.4569885], [126.9489151, 37.4570194], [126.9490443, 37.4570422], [126.9492959, 37.4570792]]}, "properties": {"osm_id": 167661223, "highway": "service", "name": "", "bridge": "", "tunnel": "", "indoor": "", "layer": "", "level": "", "covered": "", "nodes": [1790427090, 14050364207, 14050364129, 1790427084, 1790427100, 14050364206, 1790427088, 14050364205, 2583216310, 1790427086]}}, {"type": "Feature", "geometry": {"type": "LineString", "coordinates": [[126.9531148, 37.4639404], [126.9527914, 37.4637741], [126.952734, 37.4637446], [126.9522421, 37.4635911]]}, "properties": {"osm_id": 167663459, "highway": "service", "name": "", "bridge": "", "tunnel": "", "indoor": "", "layer": "", "level": "", "covered": "", "nodes": [1790446289, 4527864815, 1790446236, 1790446288]}}, {"type": "Feature", "geometry": {"type": "LineString", "coordinates": [[126.9528386, 37.4647686], [126.9513597, 37.4648832]]}, "properties": {"osm_id": 167663929, "highway": "service", "name": "", "bridge": "", "tunnel": "", "indoor": "", "layer": "", "level": "", "covered": "", "nodes": [1790450430, 1790450421]}}, {"type": "Feature", "geometry": {"type": "LineString", "coordinates": [[126.9519772, 37.4499731], [126.9515806, 37.449873], [126.9509959, 37.4496899], [126.9508377, 37.4496026], [126.9507384, 37.4494876], [126.9505265, 37.4491362], [126.9502958, 37.4488956], [126.9500215, 37.4487042], [126.9495911, 37.448505], [126.9493014, 37.4483971]]}, "properties": {"osm_id": 167667799, "highway": "service", "name": "", "bridge": "", "tunnel": "", "indoor": "", "layer": "", "level": "", "covered": "", "nodes": [1790475141, 1790475152, 1790475170, 1790475155, 1790475158, 1790475145, 1790475168, 1790475161, 1790475138, 1790475146]}}, {"type": "Feature", "geometry": {"type": "LineString", "coordinates": [[126.9552744, 37.4605752], [126.9552954, 37.4606275], [126.9552458, 37.4606647]]}, "properties": {"osm_id": 167982827, "highway": "service", "name": "", "bridge": "", "tunnel": "", "indoor": "", "layer": "", "level": "", "covered": "", "nodes": [1789861939, 1789877107, 1789877120]}}, {"type": "Feature", "geometry": {"type": "LineString", "coordinates": [[126.9516689, 37.4588798], [126.9515857, 37.4587941]]}, "properties": {"osm_id": 167982828, "highway": "pedestrian", "name": "", "bridge": "", "tunnel": "", "indoor": "", "layer": "", "level": "", "covered": "", "nodes": [1789877098, 445310320]}}, {"type": "Feature", "geometry": {"type": "LineString", "coordinates": [[126.9531359, 37.4604459], [126.953161, 37.4605069], [126.9532775, 37.4607286], [126.9532944, 37.4607468]]}, "properties": {"osm_id": 167982831, "highway": "footway", "name": "", "bridge": "", "tunnel": "", "indoor": "", "layer": "", "level": "", "covered": "", "nodes": [1793022854, 1793018814, 1793022851, 4628154274]}}, {"type": "Feature", "geometry": {"type": "LineString", "coordinates": [[126.9523968, 37.4604135], [126.9524913, 37.4605997], [126.9525804, 37.4607202]]}, "properties": {"osm_id": 167982832, "highway": "footway", "name": "", "bridge": "", "tunnel": "", "indoor": "", "layer": "", "level": "", "covered": "", "nodes": [1793018821, 1793018819, 1793018818]}}, {"type": "Feature", "geometry": {"type": "LineString", "coordinates": [[126.9522483, 37.4600583], [126.9522859, 37.4601637]]}, "properties": {"osm_id": 167982833, "highway": "footway", "name": "", "bridge": "", "tunnel": "", "indoor": "", "layer": "", "level": "", "covered": "", "nodes": [1793018811, 1793018816]}}, {"type": "Feature", "geometry": {"type": "LineString", "coordinates": [[126.9532437, 37.4604534], [126.953161, 37.4605069], [126.9526823, 37.4606771]]}, "properties": {"osm_id": 167982834, "highway": "footway", "name": "", "bridge": "", "tunnel": "", "indoor": "", "layer": "", "level": "", "covered": "", "nodes": [1793018817, 1793018814, 1793018808]}}, {"type": "Feature", "geometry": {"type": "LineString", "coordinates": [[126.9525924, 37.4595961], [126.9516689, 37.4588798]]}, "properties": {"osm_id": 167982835, "highway": "pedestrian", "name": "", "bridge": "", "tunnel": "building_passage", "indoor": "", "layer": "", "level": "", "covered": "yes", "nodes": [1789877096, 1789877098]}}, {"type": "Feature", "geometry": {"type": "LineString", "coordinates": [[126.9525051, 37.4603821], [126.9526823, 37.4606771]]}, "properties": {"osm_id": 167982836, "highway": "footway", "name": "", "bridge": "", "tunnel": "", "indoor": "", "layer": "", "level": "", "covered": "", "nodes": [1793018820, 1793018808]}}, {"type": "Feature", "geometry": {"type": "LineString", "coordinates": [[126.9508933, 37.4573441], [126.9509914, 37.457244]]}, "properties": {"osm_id": 167983082, "highway": "service", "name": "", "bridge": "", "tunnel": "", "indoor": "", "layer": "", "level": "", "covered": "", "nodes": [1739012441, 2548591992]}}, {"type": "Feature", "geometry": {"type": "LineString", "coordinates": [[126.9528694, 37.4608911], [126.9532775, 37.4607286]]}, "properties": {"osm_id": 167983083, "highway": "footway", "name": "", "bridge": "", "tunnel": "", "indoor": "", "layer": "", "level": "", "covered": "", "nodes": [1793022855, 1793022851]}}, {"type": "Feature", "geometry": {"type": "LineString", "coordinates": [[126.9533252, 37.4604632], [126.9533312, 37.4604493], [126.9532616, 37.4604106]]}, "properties": {"osm_id": 167983607, "highway": "footway", "name": "", "bridge": "viaduct", "tunnel": "", "indoor": "", "layer": "5", "level": "", "covered": "", "nodes": [4627664626, 4564750855, 1793027047]}}, {"type": "Feature", "geometry": {"type": "LineString", "coordinates": [[126.9537211, 37.4605088], [126.9535852, 37.4605762]]}, "properties": {"osm_id": 167983610, "highway": "footway", "name": "", "bridge": "viaduct", "tunnel": "", "indoor": "", "layer": "5", "level": "", "covered": "", "nodes": [1793027051, 4627664627]}}, {"type": "Feature", "geometry": {"type": "LineString", "coordinates": [[126.9509359, 37.4610719], [126.9512099, 37.4608508], [126.9515521, 37.4605625], [126.9517399, 37.4607476], [126.9518927, 37.4608875], [126.9520345, 37.4610116], [126.9521027, 37.4610986]]}, "properties": {"osm_id": 167983988, "highway": "footway", "name": "", "bridge": "", "tunnel": "", "indoor": "", "layer": "", "level": "", "covered": "", "nodes": [1793038600, 1793038637, 1793038622, 1793018806, 4527843423, 4527843428, 1793018815]}}, {"type": "Feature", "geometry": {"type": "LineString", "coordinates": [[126.9512216, 37.4601844], [126.9515224, 37.459937]]}, "properties": {"osm_id": 167984620, "highway": "footway", "name": "", "bridge": "", "tunnel": "building_passage", "indoor": "", "layer": "", "level": "", "covered": "", "nodes": [1793038617, 1793038582]}}, {"type": "Feature", "geometry": {"type": "LineString", "coordinates": [[126.9518161, 37.4601489], [126.9515332, 37.4604144], [126.9515521, 37.4605625]]}, "properties": {"osm_id": 167984621, "highway": "footway", "name": "", "bridge": "", "tunnel": "", "indoor": "", "layer": "", "level": "", "covered": "", "nodes": [1789861907, 1793038596, 1793038622]}}, {"type": "Feature", "geometry": {"type": "LineString", "coordinates": [[126.9509691, 37.4603937], [126.9512216, 37.4601844]]}, "properties": {"osm_id": 167984622, "highway": "steps", "name": "", "bridge": "", "tunnel": "", "indoor": "", "layer": "", "level": "", "covered": "", "nodes": [1793038611, 1793038617]}}, {"type": "Feature", "geometry": {"type": "LineString", "coordinates": [[126.9514699, 37.4618361], [126.9521027, 37.4610986]]}, "properties": {"osm_id": 167984623, "highway": "service", "name": "", "bridge": "", "tunnel": "", "indoor": "", "layer": "", "level": "", "covered": "", "nodes": [4533956352, 1793018815]}}, {"type": "Feature", "geometry": {"type": "LineString", "coordinates": [[126.9515492, 37.4614661], [126.9513642, 37.4617171], [126.950842, 37.462158]]}, "properties": {"osm_id": 167984625, "highway": "service", "name": "", "bridge": "", "tunnel": "", "indoor": "", "layer": "", "level": "", "covered": "", "nodes": [1793038613, 1793038620, 1789933619]}}, {"type": "Feature", "geometry": {"type": "LineString", "coordinates": [[126.9507173, 37.4601976], [126.9509632, 37.4599936]]}, "properties": {"osm_id": 167984626, "highway": "steps", "name": "", "bridge": "", "tunnel": "", "indoor": "", "layer": "", "level": "", "covered": "", "nodes": [1793038578, 1793038607]}}, {"type": "Feature", "geometry": {"type": "LineString", "coordinates": [[126.9515332, 37.4604144], [126.9512216, 37.4601844], [126.9509632, 37.4599936], [126.9506737, 37.4597799], [126.9506193, 37.4597398]]}, "properties": {"osm_id": 167984627, "highway": "footway", "name": "", "bridge": "", "tunnel": "", "indoor": "", "layer": "", "level": "", "covered": "", "nodes": [1793038596, 1793038617, 1793038607, 14047967047, 1793038598]}}, {"type": "Feature", "geometry": {"type": "LineString", "coordinates": [[126.9508256, 37.4595059], [126.9509455, 37.4595208]]}, "properties": {"osm_id": 167984628, "highway": "steps", "name": "", "bridge": "", "tunnel": "", "indoor": "", "layer": "", "level": "", "covered": "", "nodes": [4562088365, 1789861919]}}, {"type": "Feature", "geometry": {"type": "LineString", "coordinates": [[126.9509632, 37.4599936], [126.9512669, 37.4597526]]}, "properties": {"osm_id": 167984630, "highway": "footway", "name": "", "bridge": "", "tunnel": "building_passage", "indoor": "", "layer": "", "level": "", "covered": "", "nodes": [1793038607, 1793038585]}}, {"type": "Feature", "geometry": {"type": "LineString", "coordinates": [[126.9516591, 37.459451], [126.9513236, 37.459709]]}, "properties": {"osm_id": 167985251, "highway": "steps", "name": "", "bridge": "", "tunnel": "", "indoor": "", "layer": "", "level": "", "covered": "", "nodes": [1793042683, 7912611327]}}, {"type": "Feature", "geometry": {"type": "LineString", "coordinates": [[126.9498058, 37.4582129], [126.9495593, 37.4582997], [126.9493887, 37.4583635], [126.9492451, 37.4583528]]}, "properties": {"osm_id": 167985253, "highway": "service", "name": "", "bridge": "", "tunnel": "", "indoor": "", "layer": "", "level": "", "covered": "", "nodes": [1793042679, 1793042684, 1793042682, 14050337786]}}, {"type": "Feature", "geometry": {"type": "LineString", "coordinates": [[126.9518719, 37.4596349], [126.951575, 37.4598915]]}, "properties": {"osm_id": 167985254, "highway": "steps", "name": "", "bridge": "", "tunnel": "", "indoor": "", "layer": "", "level": "", "covered": "", "nodes": [1793042689, 7912611326]}}, {"type": "Feature", "geometry": {"type": "LineString", "coordinates": [[126.9495593, 37.4582997], [126.9499877, 37.4591665], [126.9500637, 37.4593346], [126.9502582, 37.4597511], [126.9505117, 37.4598201]]}, "properties": {"osm_id": 167985255, "highway": "service", "name": "", "bridge": "", "tunnel": "", "indoor": "", "layer": "", "level": "", "covered": "", "nodes": [1793042684, 1793042687, 3046670120, 1793042688, 1793042678]}}, {"type": "Feature", "geometry": {"type": "LineString", "coordinates": [[126.9521027, 37.4610986], [126.9522232, 37.4611462], [126.952291, 37.4612118], [126.9523797, 37.4613383], [126.9526389, 37.4616732], [126.9529693, 37.4618098]]}, "properties": {"osm_id": 168003059, "highway": "footway", "name": "", "bridge": "", "tunnel": "", "indoor": "", "layer": "", "level": "", "covered": "", "nodes": [1793018815, 4527843424, 4527756102, 1793248072, 1793248002, 1793248087]}}, {"type": "Feature", "geometry": {"type": "LineString", "coordinates": [[126.9525486, 37.4624475], [126.9523864, 37.4625604], [126.9522913, 37.4627185]]}, "properties": {"osm_id": 168003060, "highway": "footway", "name": "", "bridge": "", "tunnel": "", "indoor": "", "layer": "", "level": "", "covered": "", "nodes": [1793248063, 1793247974, 4527827481]}}, {"type": "Feature", "geometry": {"type": "LineString", "coordinates": [[126.9534257, 37.4618716], [126.9534092, 37.4618164], [126.9533817, 37.4617249]]}, "properties": {"osm_id": 168003063, "highway": "footway", "name": "", "bridge": "", "tunnel": "", "indoor": "", "layer": "", "level": "", "covered": "", "nodes": [1793248045, 4564623337, 1793248081]}}, {"type": "Feature", "geometry": {"type": "LineString", "coordinates": [[126.9533817, 37.4617249], [126.9533949, 37.4615965], [126.9534386, 37.4614452], [126.9534397, 37.461347], [126.953408, 37.4612316], [126.9533979, 37.4610793]]}, "properties": {"osm_id": 168003064, "highway": "steps", "name": "", "bridge": "", "tunnel": "", "indoor": "", "layer": "", "level": "", "covered": "", "nodes": [1793248081, 1793247966, 1793248000, 1793248024, 1793248059, 1793248006]}}, {"type": "Feature", "geometry": {"type": "LineString", "coordinates": [[126.9530006, 37.4628094], [126.9531454, 37.4627413], [126.9531857, 37.462654], [126.9531642, 37.4625731], [126.9530703, 37.4624518], [126.9530623, 37.4624261]]}, "properties": {"osm_id": 168003065, "highway": "service", "name": "", "bridge": "", "tunnel": "", "indoor": "", "layer": "", "level": "", "covered": "", "nodes": [1793247998, 1793248022, 1793248016, 1793248009, 1793247970, 11030191467]}}, {"type": "Feature", "geometry": {"type": "LineString", "coordinates": [[126.9521027, 37.4610986], [126.9521527, 37.4611968], [126.9523513, 37.461744], [126.952402, 37.4619435], [126.9524248, 37.4621127], [126.9524261, 37.4622863], [126.9524102, 37.4623912]]}, "properties": {"osm_id": 168003066, "highway": "footway", "name": "", "bridge": "", "tunnel": "", "indoor": "", "layer": "", "level": "", "covered": "", "nodes": [1793018815, 1793031446, 1793031443, 14047967040, 14047967042, 14047967041, 1793031447]}}, {"type": "Feature", "geometry": {"type": "LineString", "coordinates": [[126.9578915, 37.4685849], [126.9579722, 37.4685731], [126.9580713, 37.4685587], [126.9586568, 37.4684726], [126.9587506, 37.4684588], [126.9592246, 37.4683887], [126.9599849, 37.4682657], [126.9607179, 37.4681936], [126.9611597, 37.4681484]]}, "properties": {"osm_id": 173556799, "highway": "residential", "name": "낙성대로15길", "bridge": "", "tunnel": "", "indoor": "", "layer": "", "level": "", "covered": "", "nodes": [1789842696, 14049248419, 14049248420, 14049248305, 4747978453, 2574017116, 3139851068, 3153791038, 1843504728]}}, {"type": "Feature", "geometry": {"type": "LineString", "coordinates": [[126.9622884, 37.4687315], [126.9624791, 37.4687677], [126.9637994, 37.4689861]]}, "properties": {"osm_id": 173586644, "highway": "residential", "name": "낙성대로15길", "bridge": "", "tunnel": "yes", "indoor": "", "layer": "-1", "level": "", "covered": "", "nodes": [1843504964, 1843504956, 1843504937]}}, {"type": "Feature", "geometry": {"type": "LineString", "coordinates": [[126.9500686, 37.4677643], [126.9498265, 37.4676651], [126.9496333, 37.4676003], [126.9494148, 37.4675473], [126.9493873, 37.4675423], [126.9492263, 37.4675129], [126.9489708, 37.4675275], [126.9487563, 37.4675404], [126.9485356, 37.4675634], [126.9482913, 37.467596]]}, "properties": {"osm_id": 176767459, "highway": "primary", "name": "관악로", "bridge": "", "tunnel": "", "indoor": "", "layer": "", "level": "", "covered": "", "nodes": [4278630576, 1834821189, 1883279808, 1834821191, 13231900614, 1883279816, 1843504786, 5300185588, 5716957029, 6673585408]}}, {"type": "Feature", "geometry": {"type": "LineString", "coordinates": [[126.95145, 37.456329], [126.9519404, 37.4563791]]}, "properties": {"osm_id": 179742152, "highway": "footway", "name": "", "bridge": "yes", "tunnel": "", "indoor": "", "layer": "5", "level": "", "covered": "", "nodes": [1901811916, 4373965748]}}, {"type": "Feature", "geometry": {"type": "LineString", "coordinates": [[126.9565144, 37.4614126], [126.9565689, 37.4615282], [126.9566045, 37.4616157], [126.956662, 37.46173], [126.9567178, 37.4618187], [126.9568434, 37.4619449], [126.9570171, 37.4621212], [126.9571602, 37.4622664], [126.9575773, 37.4626765], [126.9576732, 37.4627815], [126.957745, 37.4629231], [126.9578107, 37.4630976], [126.9578891, 37.4633723], [126.957916, 37.4634796], [126.9579468, 37.4636027], [126.9579741, 37.4637141], [126.9580252, 37.4639003], [126.9580419, 37.4640108], [126.9580185, 37.4641741], [126.9579711, 37.464359]]}, "properties": {"osm_id": 183517654, "highway": "service", "name": "", "bridge": "", "tunnel": "", "indoor": "", "layer": "", "level": "", "covered": "", "nodes": [1789843017, 3046608105, 1789842673, 14049248647, 1789842954, 1789842863, 14047950323, 4314460170, 1789843015, 1789842857, 1789843020, 4752760626, 1789842859, 14049248378, 4752404080, 1789842889, 1789842854, 1789842850, 14047950322, 1793224802]}}, {"type": "Feature", "geometry": {"type": "LineString", "coordinates": [[126.9559347, 37.4605655], [126.9558595, 37.4606074]]}, "properties": {"osm_id": 185937115, "highway": "footway", "name": "", "bridge": "", "tunnel": "", "indoor": "", "layer": "", "level": "", "covered": "", "nodes": [1966229951, 4627817997]}}, {"type": "Feature", "geometry": {"type": "LineString", "coordinates": [[126.9554821, 37.4604744], [126.9555719, 37.4606032]]}, "properties": {"osm_id": 185937116, "highway": "steps", "name": "", "bridge": "", "tunnel": "", "indoor": "", "layer": "", "level": "", "covered": "", "nodes": [1966229954, 1966229960]}}, {"type": "Feature", "geometry": {"type": "LineString", "coordinates": [[126.9554529, 37.4606654], [126.9555719, 37.4606032], [126.9557748, 37.4604972], [126.9558146, 37.4604399]]}, "properties": {"osm_id": 185937117, "highway": "service", "name": "", "bridge": "", "tunnel": "", "indoor": "", "layer": "", "level": "", "covered": "", "nodes": [1966229962, 1966229960, 1966229950, 1966229953]}}, {"type": "Feature", "geometry": {"type": "LineString", "coordinates": [[126.9509616, 37.4682219], [126.9510722, 37.4681187], [126.9511707, 37.46794], [126.9512663, 37.4677584], [126.9515764, 37.4671818], [126.9516637, 37.4670035], [126.9518319, 37.4666936], [126.9518494, 37.4666285], [126.9519172, 37.4664568], [126.9519385, 37.4663867], [126.951944, 37.466327], [126.9519357, 37.4662581], [126.9519073, 37.4661662], [126.9518823, 37.4661141], [126.9518513, 37.4660656], [126.9518521, 37.4659877]]}, "properties": {"osm_id": 185937118, "highway": "service", "name": "", "bridge": "", "tunnel": "", "indoor": "", "layer": "", "level": "", "covered": "", "nodes": [1966229949, 11866584689, 13617897350, 3893418098, 4243052812, 4243052813, 1966229958, 4243052809, 4526181536, 1966229955, 14047967169, 1966229963, 4526181533, 14047967170, 11866580144, 1966229948]}}, {"type": "Feature", "geometry": {"type": "LineString", "coordinates": [[126.9558146, 37.4604399], [126.955906, 37.4605357]]}, "properties": {"osm_id": 185937119, "highway": "steps", "name": "", "bridge": "", "tunnel": "", "indoor": "", "layer": "", "level": "", "covered": "", "nodes": [1966229953, 1789931904]}}, {"type": "Feature", "geometry": {"type": "LineString", "coordinates": [[126.948716, 37.4646039], [126.9488093, 37.4646685], [126.9489795, 37.4649805], [126.9493647, 37.4655693], [126.9493943, 37.4656047], [126.9495229, 37.4657204]]}, "properties": {"osm_id": 185937120, "highway": "service", "name": "", "bridge": "", "tunnel": "", "indoor": "", "layer": "", "level": "", "covered": "", "nodes": [1966229959, 1966229952, 13479282887, 1966229961, 3927957308, 1966229946]}}, {"type": "Feature", "geometry": {"type": "LineString", "coordinates": [[126.9506725, 37.459229], [126.9507388, 37.4592334], [126.9510761, 37.4591111]]}, "properties": {"osm_id": 193893588, "highway": "footway", "name": "", "bridge": "", "tunnel": "", "indoor": "", "layer": "", "level": "", "covered": "", "nodes": [4562088366, 2044015759, 2044015682]}}, {"type": "Feature", "geometry": {"type": "LineString", "coordinates": [[126.9512219, 37.459179], [126.9510761, 37.4591111], [126.9511335, 37.4590068], [126.9511086, 37.4589287], [126.9509973, 37.4589748]]}, "properties": {"osm_id": 193893594, "highway": "footway", "name": "", "bridge": "", "tunnel": "", "indoor": "", "layer": "", "level": "", "covered": "", "nodes": [2044015704, 2044015682, 2044015679, 1790388378, 2044015745]}}, {"type": "Feature", "geometry": {"type": "LineString", "coordinates": [[126.9552298, 37.4584994], [126.9551038, 37.4586697], [126.9551566, 37.4587041]]}, "properties": {"osm_id": 193893596, "highway": "footway", "name": "", "bridge": "", "tunnel": "", "indoor": "", "layer": "", "level": "", "covered": "", "nodes": [2044015677, 2044015763, 1789861897]}}, {"type": "Feature", "geometry": {"type": "LineString", "coordinates": [[126.9679276, 37.4704031], [126.9674782, 37.470221], [126.9670529, 37.4700551], [126.9666289, 37.4698759], [126.9662033, 37.4697097], [126.9657691, 37.4695257], [126.9653005, 37.4693327], [126.9649112, 37.4691792], [126.9648274, 37.4691467], [126.9645908, 37.4690729], [126.9637994, 37.4689861]]}, "properties": {"osm_id": 218853612, "highway": "living_street", "name": "인헌16길", "bridge": "", "tunnel": "", "indoor": "", "layer": "", "level": "", "covered": "", "nodes": [442818499, 2280900169, 4196288376, 2280850055, 2280599283, 2280861547, 2280861540, 5593892417, 2280900208, 1843504709, 1843504937]}}, {"type": "Feature", "geometry": {"type": "LineString", "coordinates": [[126.9482913, 37.467596], [126.9480963, 37.4676347], [126.9478634, 37.4677044], [126.9476736, 37.4677853], [126.9476166, 37.4678152], [126.9475088, 37.4678717], [126.9473293, 37.467977], [126.9468999, 37.4682982]]}, "properties": {"osm_id": 219107248, "highway": "secondary", "name": "신림로", "bridge": "", "tunnel": "", "indoor": "", "layer": "", "level": "", "covered": "", "nodes": [6673585408, 1883279807, 1835221344, 6673585409, 5742447705, 6673585410, 6673585411, 6673585412]}}, {"type": "Feature", "geometry": {"type": "LineString", "coordinates": [[126.9520424, 37.4539709], [126.952117, 37.4539816], [126.9522198, 37.4540476], [126.9524157, 37.4541828], [126.9524479, 37.4543457], [126.9524195, 37.4546312], [126.9524007, 37.454818], [126.9523953, 37.4550963], [126.9522927, 37.4550958], [126.9522578, 37.4554204], [126.9523524, 37.4556051], [126.9523814, 37.455686]]}, "properties": {"osm_id": 230089461, "highway": "cycleway", "name": "서울대길", "bridge": "", "tunnel": "", "indoor": "", "layer": "", "level": "", "covered": "", "nodes": [2386177311, 7257052656, 2386177312, 2386177313, 2386177314, 2386177315, 4564999910, 2386177316, 2386177317, 13478432948, 13478432947, 2386177318]}}, {"type": "Feature", "geometry": {"type": "LineString", "coordinates": [[126.954334, 37.459499], [126.9544656, 37.459545]]}, "properties": {"osm_id": 248012354, "highway": "steps", "name": "", "bridge": "", "tunnel": "", "indoor": "", "layer": "", "level": "", "covered": "", "nodes": [2548580416, 1789861926]}}, {"type": "Feature", "geometry": {"type": "LineString", "coordinates": [[126.9509914, 37.457244], [126.9510628, 37.4573703], [126.9511608, 37.4575697], [126.9513413, 37.4579373], [126.9514142, 37.4580857], [126.9514326, 37.4581211]]}, "properties": {"osm_id": 248013966, "highway": "footway", "name": "", "bridge": "", "tunnel": "", "indoor": "", "layer": "", "level": "", "covered": "", "nodes": [2548591992, 2548591993, 2548591997, 2548591999, 2548591994, 2548592004]}}, {"type": "Feature", "geometry": {"type": "LineString", "coordinates": [[126.9515403, 37.4583284], [126.9513832, 37.4583755]]}, "properties": {"osm_id": 248013967, "highway": "steps", "name": "", "bridge": "", "tunnel": "", "indoor": "", "layer": "", "level": "", "covered": "", "nodes": [2548591995, 2548591996]}}, {"type": "Feature", "geometry": {"type": "LineString", "coordinates": [[126.9511608, 37.4575697], [126.9510805, 37.4577494]]}, "properties": {"osm_id": 248013968, "highway": "steps", "name": "", "bridge": "", "tunnel": "", "indoor": "", "layer": "", "level": "", "covered": "", "nodes": [2548591997, 2548591998]}}, {"type": "Feature", "geometry": {"type": "LineString", "coordinates": [[126.9513413, 37.4579373], [126.9511412, 37.4578786]]}, "properties": {"osm_id": 248013969, "highway": "steps", "name": "", "bridge": "", "tunnel": "", "indoor": "", "layer": "", "level": "", "covered": "", "nodes": [2548591999, 2548592000]}}, {"type": "Feature", "geometry": {"type": "LineString", "coordinates": [[126.9514142, 37.4580857], [126.9516288, 37.4580133], [126.9516154, 37.4579874]]}, "properties": {"osm_id": 248013971, "highway": "footway", "name": "", "bridge": "", "tunnel": "", "indoor": "", "layer": "", "level": "", "covered": "", "nodes": [2548591994, 2548592002, 1789861869]}}, {"type": "Feature", "geometry": {"type": "LineString", "coordinates": [[126.9517545, 37.4580177], [126.9514326, 37.4581211]]}, "properties": {"osm_id": 248013972, "highway": "steps", "name": "", "bridge": "", "tunnel": "", "indoor": "", "layer": "", "level": "", "covered": "", "nodes": [2548592003, 2548592004]}}, {"type": "Feature", "geometry": {"type": "LineString", "coordinates": [[126.9514233, 37.4569372], [126.9510894, 37.4569003]]}, "properties": {"osm_id": 248013973, "highway": "steps", "name": "", "bridge": "", "tunnel": "", "indoor": "", "layer": "", "level": "", "covered": "", "nodes": [2548592007, 2548592008]}}, {"type": "Feature", "geometry": {"type": "LineString", "coordinates": [[126.9498228, 37.45744], [126.9500028, 37.457342]]}, "properties": {"osm_id": 248013974, "highway": "service", "name": "", "bridge": "", "tunnel": "", "indoor": "", "layer": "", "level": "", "covered": "", "nodes": [1789919729, 2548592009]}}, {"type": "Feature", "geometry": {"type": "LineString", "coordinates": [[126.9505097, 37.4572641], [126.9505193, 37.4573468]]}, "properties": {"osm_id": 248013975, "highway": "steps", "name": "", "bridge": "", "tunnel": "", "indoor": "", "layer": "", "level": "", "covered": "", "nodes": [2548592012, 2548592013]}}, {"type": "Feature", "geometry": {"type": "LineString", "coordinates": [[126.957915, 37.4646426], [126.9580789, 37.4646515], [126.9583917, 37.4646966], [126.9585353, 37.4647172], [126.9587855, 37.4647986], [126.9590566, 37.4649258], [126.9592476, 37.4650578], [126.9597134, 37.4653903]]}, "properties": {"osm_id": 250289594, "highway": "service", "name": "", "bridge": "", "tunnel": "", "indoor": "", "layer": "", "level": "", "covered": "", "nodes": [14049248575, 14047950321, 14049244780, 2567736504, 2567736505, 2567736506, 2567736507, 2567736508]}}, {"type": "Feature", "geometry": {"type": "LineString", "coordinates": [[126.9592476, 37.4650578], [126.9590011, 37.4654051], [126.9589395, 37.4656252], [126.9589518, 37.4660996], [126.9587916, 37.466305]]}, "properties": {"osm_id": 250289595, "highway": "service", "name": "", "bridge": "", "tunnel": "", "indoor": "", "layer": "", "level": "", "covered": "", "nodes": [2567736507, 2567736517, 2567736518, 2567736519, 2567736520]}}, {"type": "Feature", "geometry": {"type": "LineString", "coordinates": [[126.961346, 37.4681571], [126.9617207, 37.4681405]]}, "properties": {"osm_id": 251117759, "highway": "residential", "name": "", "bridge": "", "tunnel": "", "indoor": "", "layer": "", "level": "", "covered": "", "nodes": [1843504972, 2574017105]}}, {"type": "Feature", "geometry": {"type": "LineString", "coordinates": [[126.9617207, 37.4681405], [126.961765, 37.4682702], [126.9617964, 37.4683983]]}, "properties": {"osm_id": 251117760, "highway": "residential", "name": "", "bridge": "", "tunnel": "", "indoor": "", "layer": "", "level": "", "covered": "", "nodes": [2574017105, 2574017101, 1843504781]}}, {"type": "Feature", "geometry": {"type": "LineString", "coordinates": [[126.9617207, 37.4681405], [126.9619708, 37.4681387], [126.9621751, 37.4681429], [126.9621895, 37.4681932], [126.9622388, 37.4682397], [126.9623128, 37.4682397], [126.962399, 37.468203], [126.9625562, 37.4680587], [126.9625254, 37.4680318], [126.9625254, 37.4678949], [126.9628119, 37.4677848], [126.9628674, 37.4678215]]}, "properties": {"osm_id": 251117761, "highway": "residential", "name": "", "bridge": "", "tunnel": "", "indoor": "", "layer": "", "level": "", "covered": "", "nodes": [2574017105, 14049248457, 2574017106, 2574017107, 2574017108, 2574017109, 2574017110, 2574017111, 2574017112, 2574017113, 2574017114, 2574017115]}}, {"type": "Feature", "geometry": {"type": "LineString", "coordinates": [[126.9592246, 37.4683887], [126.9592392, 37.4684615], [126.9592502, 37.4685087], [126.9598603, 37.4684353], [126.9598787, 37.4685356]]}, "properties": {"osm_id": 251117762, "highway": "service", "name": "", "bridge": "", "tunnel": "", "indoor": "", "layer": "", "level": "", "covered": "", "nodes": [2574017116, 2574017123, 2574017117, 2574017118, 2574017119]}}, {"type": "Feature", "geometry": {"type": "LineString", "coordinates": [[126.9600579, 37.4656702], [126.9601042, 37.4660947], [126.9601135, 37.466305], [126.960796, 37.466787]]}, "properties": {"osm_id": 251117812, "highway": "service", "name": "", "bridge": "", "tunnel": "", "indoor": "", "layer": "", "level": "", "covered": "", "nodes": [2567736514, 2567736515, 6581982350, 2567736516]}}, {"type": "Feature", "geometry": {"type": "LineString", "coordinates": [[126.9596616, 37.4655068], [126.9596757, 37.4654453], [126.9597134, 37.4653903], [126.95977, 37.4653479], [126.9598404, 37.4653214], [126.9599177, 37.4653135], [126.9599942, 37.4653249], [126.9600237, 37.4653377], [126.9600626, 37.4653546], [126.960116, 37.4653995], [126.9601494, 37.4654554], [126.9601593, 37.4655167], [126.9601449, 37.4655775], [126.9601102, 37.465629], [126.9600579, 37.4656702], [126.9599878, 37.4656988], [126.95991, 37.4657086], [126.9598322, 37.4656985], [126.9597623, 37.4656697], [126.9597072, 37.465625], [126.9596725, 37.4655688], [126.9596616, 37.4655068]]}, "properties": {"osm_id": 251117813, "highway": "residential", "name": "", "bridge": "", "tunnel": "", "indoor": "", "layer": "", "level": "", "covered": "", "nodes": [5301515919, 5301515920, 2567736508, 2574017713, 2574017714, 2574017715, 2574017716, 10577432468, 2574017717, 2574017718, 5301515917, 5301515918, 2574017719, 2574017720, 2567736514, 2574017721, 2574017722, 2574017723, 2574017724, 2574017725, 2574017726, 5301515919]}}, {"type": "Feature", "geometry": {"type": "LineString", "coordinates": [[126.9504484, 37.4608201], [126.9503218, 37.4609208]]}, "properties": {"osm_id": 251647189, "highway": "steps", "name": "", "bridge": "", "tunnel": "", "indoor": "", "layer": "", "level": "", "covered": "", "nodes": [2578318972, 14047967055]}}, {"type": "Feature", "geometry": {"type": "LineString", "coordinates": [[126.9502082, 37.4606318], [126.9500823, 37.4607359]]}, "properties": {"osm_id": 251647191, "highway": "steps", "name": "", "bridge": "", "tunnel": "", "indoor": "", "layer": "", "level": "", "covered": "", "nodes": [2578318976, 14047967056]}}, {"type": "Feature", "geometry": {"type": "LineString", "coordinates": [[126.9514326, 37.4581211], [126.9515403, 37.4583284]]}, "properties": {"osm_id": 251713862, "highway": "footway", "name": "", "bridge": "", "tunnel": "", "indoor": "", "layer": "", "level": "", "covered": "", "nodes": [2548592004, 2548591995]}}, {"type": "Feature", "geometry": {"type": "LineString", "coordinates": [[126.949676, 37.4604923], [126.9499149, 37.4603041], [126.9499971, 37.4602403]]}, "properties": {"osm_id": 251714017, "highway": "service", "name": "", "bridge": "", "tunnel": "", "indoor": "", "layer": "", "level": "", "covered": "", "nodes": [1789861890, 14047967115, 1789878135]}}, {"type": "Feature", "geometry": {"type": "LineString", "coordinates": [[126.9552501, 37.4587547], [126.9552612, 37.4587846], [126.9552588, 37.4588157], [126.9552434, 37.4588443], [126.9552284, 37.458859], [126.9552073, 37.4588723], [126.955171, 37.4588838], [126.9551319, 37.4588849], [126.9551069, 37.4588799], [126.9550851, 37.4588712], [126.9550684, 37.4588607], [126.9550469, 37.4588386], [126.9550349, 37.4588124], [126.9550335, 37.4587846], [126.9550427, 37.4587577], [126.9550618, 37.4587342], [126.955089, 37.4587165], [126.9551216, 37.4587062], [126.9551566, 37.4587041], [126.9551946, 37.458712], [126.9552271, 37.4587295], [126.9552501, 37.4587547]]}, "properties": {"osm_id": 252233240, "highway": "service", "name": "", "bridge": "", "tunnel": "", "indoor": "", "layer": "", "level": "", "covered": "", "nodes": [5130444433, 5130444434, 5130444435, 1789861862, 5130444426, 1789861866, 5130444427, 5130444428, 1789861863, 5130444429, 1789861936, 1789861889, 1789861899, 1789861898, 5130444430, 5130444431, 5130444432, 5130444436, 1789861897, 1789861932, 1789861929, 5130444433]}}, {"type": "Feature", "geometry": {"type": "LineString", "coordinates": [[126.9490519, 37.4570077], [126.9490857, 37.4568276]]}, "properties": {"osm_id": 252233241, "highway": "steps", "name": "", "bridge": "", "tunnel": "", "indoor": "", "layer": "", "level": "", "covered": "", "nodes": [14050364219, 2583216311]}}, {"type": "Feature", "geometry": {"type": "LineString", "coordinates": [[126.9487144, 37.4565313], [126.9489597, 37.4565357]]}, "properties": {"osm_id": 252233242, "highway": "pedestrian", "name": "", "bridge": "yes", "tunnel": "", "indoor": "", "layer": "1", "level": "", "covered": "yes", "nodes": [2583216312, 2583216313]}}, {"type": "Feature", "geometry": {"type": "LineString", "coordinates": [[126.9499406, 37.4658034], [126.9498938, 37.4658796], [126.9496743, 37.4662237]]}, "properties": {"osm_id": 252233407, "highway": "service", "name": "", "bridge": "", "tunnel": "", "indoor": "", "layer": "", "level": "", "covered": "", "nodes": [2583219711, 14047967190, 2583219714]}}, {"type": "Feature", "geometry": {"type": "LineString", "coordinates": [[126.9519175, 37.4693621], [126.9514995, 37.4689355], [126.9511962, 37.4685837], [126.9509474, 37.4684078], [126.9506791, 37.4682596], [126.9504108, 37.4681115], [126.9500725, 37.4679634], [126.9496027, 37.4678007], [126.9492888, 37.4677355], [126.9490892, 37.4677004], [126.9489386, 37.4677062], [126.9488006, 37.4677114], [126.9487016, 37.4677231], [126.9484144, 37.4677572], [126.948122, 37.46782], [126.9479959, 37.4678657], [126.9478913, 37.4679136], [126.9478217, 37.4679606], [126.9477086, 37.4680827], [126.9476653, 37.4681992], [126.9476651, 37.4683633], [126.947743, 37.4685299], [126.9478524, 37.4686459], [126.9488335, 37.4693743]]}, "properties": {"osm_id": 256125342, "highway": "trunk_link", "name": "", "bridge": "", "tunnel": "", "indoor": "", "layer": "", "level": "", "covered": "", "nodes": [5716957038, 5716957037, 5716957036, 5716957035, 5716957034, 5716957033, 5716957032, 4278630578, 4278630577, 4278630579, 5297289080, 2618210065, 5716957026, 2618210045, 2618210050, 2618210063, 2618210047, 2618210054, 2618210049, 2618210053, 2618210046, 2618210052, 2618210051, 5235882980]}}, {"type": "Feature", "geometry": {"type": "LineString", "coordinates": [[126.9489342, 37.4699109], [126.948446, 37.469705]]}, "properties": {"osm_id": 256125343, "highway": "trunk_link", "name": "", "bridge": "", "tunnel": "yes", "indoor": "", "layer": "-1", "level": "", "covered": "", "nodes": [2618210025, 4887841836]}}, {"type": "Feature", "geometry": {"type": "LineString", "coordinates": [[126.9448801, 37.4695246], [126.9450343, 37.4693061], [126.9460608, 37.4685346]]}, "properties": {"osm_id": 256125346, "highway": "trunk_link", "name": "", "bridge": "", "tunnel": "", "indoor": "", "layer": "", "level": "", "covered": "", "nodes": [2834984740, 4916742682, 2618210034]}}, {"type": "Feature", "geometry": {"type": "LineString", "coordinates": [[126.9074835, 37.4379268], [126.9079733, 37.4379512], [126.908667, 37.4380282], [126.9099816, 37.4382551], [126.9112602, 37.438656], [126.9126204, 37.4393274], [126.9144427, 37.440573], [126.919755, 37.4444926], [126.9250035, 37.4483337], [126.9294758, 37.4516417], [126.9353313, 37.4559802], [126.9393556, 37.4596561], [126.9429945, 37.4637606], [126.9452824, 37.4662333]]}, "properties": {"osm_id": 256125347, "highway": "trunk", "name": "강남순환로", "bridge": "", "tunnel": "yes", "indoor": "", "layer": "-2", "level": "", "covered": "", "nodes": [4278630535, 9363233936, 5318435380, 2618197795, 4893080771, 2618197792, 2618197796, 2618197758, 10158382967, 10158382965, 10158382963, 5318435354, 10158382962, 4278630562]}}, {"type": "Feature", "geometry": {"type": "LineString", "coordinates": [[126.9519997, 37.4636126], [126.9518749, 37.4639022], [126.9518093, 37.4640634], [126.951771, 37.4641204], [126.9517153, 37.4641741], [126.9516296, 37.4642252], [126.9514612, 37.4643225], [126.9513774, 37.4643806], [126.9513419, 37.4644275], [126.9513278, 37.4644844], [126.9513331, 37.4645749], [126.9513421, 37.464675], [126.9513535, 37.4648096], [126.9513597, 37.4648832], [126.9513754, 37.4651433], [126.9513941, 37.465324], [126.9514137, 37.4655369]]}, "properties": {"osm_id": 279275159, "highway": "service", "name": "", "bridge": "", "tunnel": "", "indoor": "", "layer": "", "level": "", "covered": "", "nodes": [13480993804, 13480993802, 1790446263, 13480905100, 13480993801, 1790446248, 1790446206, 13480905099, 7912611328, 13480905098, 13480905097, 1790446197, 13480905074, 1790450421, 13480905096, 1790446209, 13480905093]}}, {"type": "Feature", "geometry": {"type": "LineString", "coordinates": [[126.9519635, 37.463495], [126.9519614, 37.4635456], [126.9519708, 37.463578], [126.9519997, 37.4636126], [126.9520486, 37.4636275], [126.952107, 37.4636254], [126.9521593, 37.4636195], [126.9522075, 37.4636094], [126.9522421, 37.4635911], [126.9522592, 37.4635607], [126.9522672, 37.4635285], [126.9522639, 37.4634955], [126.9522478, 37.4634652], [126.9522156, 37.4634412], [126.9521733, 37.463421], [126.9521284, 37.4634093], [126.9520855, 37.4634045], [126.9520426, 37.4634141], [126.9520023, 37.4634364], [126.9519769, 37.463462], [126.9519635, 37.463495]]}, "properties": {"osm_id": 279275160, "highway": "service", "name": "", "bridge": "", "tunnel": "", "indoor": "", "layer": "", "level": "", "covered": "", "nodes": [2834991732, 2834991731, 1790446267, 13480993804, 2834991747, 2834991746, 2834991745, 2834991744, 1790446288, 13480993803, 2834991742, 2834991741, 2834991740, 2834991739, 2834991738, 2834991737, 2834991736, 2834991735, 2834991734, 2834991733, 2834991732]}}, {"type": "Feature", "geometry": {"type": "LineString", "coordinates": [[126.9550335, 37.4597559], [126.9553355, 37.4601478], [126.9550562, 37.4602834], [126.9550361, 37.4602931], [126.9547354, 37.4599005], [126.9547748, 37.4598815], [126.9550335, 37.4597559]]}, "properties": {"osm_id": 300586780, "highway": "pedestrian", "name": "", "bridge": "", "tunnel": "", "indoor": "", "layer": "", "level": "", "covered": "", "nodes": [3046608126, 3046608127, 3046608100, 3046608128, 3046608129, 3144732802, 3046608126]}}, {"type": "Feature", "geometry": {"type": "LineString", "coordinates": [[126.9566562, 37.4615072], [126.9568662, 37.4614977], [126.956888, 37.4614671], [126.9570067, 37.461328], [126.9571052, 37.4612828], [126.9572832, 37.4612493], [126.9574007, 37.4611308], [126.9574389, 37.4608887], [126.9574036, 37.4608227], [126.957344, 37.460711]]}, "properties": {"osm_id": 300587332, "highway": "footway", "name": "", "bridge": "", "tunnel": "", "indoor": "", "layer": "", "level": "", "covered": "", "nodes": [4314460169, 3046614778, 4288534157, 3046614779, 3046614780, 3046614788, 3046614647, 3046614787, 4752760655, 4750650869]}}, {"type": "Feature", "geometry": {"type": "LineString", "coordinates": [[126.9572832, 37.4612493], [126.9573463, 37.4612832], [126.9574379, 37.4612955], [126.9575319, 37.4613226], [126.9575979, 37.46136]]}, "properties": {"osm_id": 300587333, "highway": "footway", "name": "", "bridge": "", "tunnel": "", "indoor": "", "layer": "", "level": "", "covered": "", "nodes": [3046614788, 3046614648, 3046614651, 4114259361, 3046614784]}}, {"type": "Feature", "geometry": {"type": "LineString", "coordinates": [[126.9574007, 37.4611308], [126.957621, 37.4612958], [126.9575979, 37.46136], [126.9576671, 37.4613774]]}, "properties": {"osm_id": 300587334, "highway": "footway", "name": "", "bridge": "", "tunnel": "", "indoor": "", "layer": "", "level": "", "covered": "", "nodes": [3046614647, 4114259360, 3046614784, 3046614785]}}, {"type": "Feature", "geometry": {"type": "LineString", "coordinates": [[126.953198, 37.4590734], [126.9534088, 37.4588771]]}, "properties": {"osm_id": 300587511, "highway": "steps", "name": "", "bridge": "", "tunnel": "", "indoor": "", "layer": "", "level": "", "covered": "", "nodes": [3046617633, 3046617634]}}, {"type": "Feature", "geometry": {"type": "LineString", "coordinates": [[126.9499887, 37.4638032], [126.9501327, 37.4638332], [126.9501726, 37.4638415], [126.9502696, 37.4638692], [126.9503364, 37.4638958], [126.9504296, 37.4639357], [126.9505242, 37.4639834], [126.9505972, 37.4640227], [126.9506777, 37.4640753], [126.9507779, 37.4641523], [126.9508983, 37.4642646], [126.9510016, 37.4643842], [126.9511239, 37.4645733], [126.9512151, 37.4645834]]}, "properties": {"osm_id": 300587782, "highway": "footway", "name": "", "bridge": "", "tunnel": "", "indoor": "", "layer": "", "level": "", "covered": "", "nodes": [3046617725, 3655522026, 3046617726, 13480993818, 13480993817, 13480993816, 3046617727, 13480993815, 3046617728, 13480993821, 13480993820, 3046617729, 13480993819, 3046617730]}}, {"type": "Feature", "geometry": {"type": "LineString", "coordinates": [[126.9519943, 37.4633699], [126.9519313, 37.4634157], [126.9518944, 37.4634641], [126.951883, 37.46352], [126.9518803, 37.4635732], [126.9518897, 37.4636014], [126.9519024, 37.4636296], [126.9518709, 37.4637401], [126.9517945, 37.4639362], [126.9517459, 37.464032], [126.9517036, 37.4640948], [126.951655, 37.4641473], [126.951603, 37.4641845], [126.9515434, 37.464221], [126.9514346, 37.4642668], [126.951385, 37.4642887], [126.9513213, 37.4643285], [126.9512544, 37.4643821], [126.9512246, 37.4644178], [126.9512208, 37.4644394], [126.9512135, 37.4644866], [126.9512151, 37.4645834], [126.9512802, 37.4651982], [126.9513023, 37.4654393], [126.9513305, 37.4657325], [126.9513284, 37.4657722], [126.9513217, 37.4658038], [126.951305, 37.4658296], [126.9512815, 37.4658533], [126.9512547, 37.4658685], [126.9512212, 37.4658791], [126.9511776, 37.4658818], [126.9509395, 37.4658767], [126.9508483, 37.4658725], [126.9507712, 37.4658634], [126.9506565, 37.4658491], [126.9505781, 37.465839], [126.9504717, 37.4658217], [126.9504242, 37.4658139], [126.9502348, 37.4657807], [126.949759, 37.4656867], [126.9496927, 37.4656733], [126.9495183, 37.465638], [126.9494908, 37.4656243], [126.9494603, 37.4655862], [126.9490799, 37.4650073], [126.9490097, 37.4648921], [126.9489252, 37.4647298], [126.9488406, 37.4645436]]}, "properties": {"osm_id": 300587783, "highway": "footway", "name": "", "bridge": "", "tunnel": "", "indoor": "", "layer": "", "level": "", "covered": "", "nodes": [13480905088, 13480905087, 13480905086, 13480905085, 13480905084, 13480905083, 13480905082, 13480905081, 13480905080, 13480905079, 13480905078, 13480905077, 13480905076, 13480905075, 3046617731, 3046617732, 3046619833, 3046619834, 3927957315, 3655583525, 3046619835, 3046617730, 13480993852, 13480993826, 13480993827, 13480993828, 13480993829, 13480993830, 13480993831, 13480993832, 13480993833, 13480993834, 13480993835, 13480993836, 13480993837, 13480993838, 13480993840, 13480993839, 13480993841, 13480993842, 13480993843, 14047967154, 13480993844, 3927957309, 13479282890, 13479282891, 13479282889, 13479282888, 4526181561]}}, {"type": "Feature", "geometry": {"type": "LineString", "coordinates": [[126.9507227, 37.4588961], [126.9502774, 37.4590792]]}, "properties": {"osm_id": 300590318, "highway": "steps", "name": "", "bridge": "", "tunnel": "", "indoor": "", "layer": "", "level": "", "covered": "", "nodes": [3046670112, 3046670114]}}, {"type": "Feature", "geometry": {"type": "LineString", "coordinates": [[126.9499877, 37.4591665], [126.9502774, 37.4590792], [126.9503552, 37.459241], [126.9500637, 37.4593346]]}, "properties": {"osm_id": 300590320, "highway": "pedestrian", "name": "", "bridge": "", "tunnel": "", "indoor": "", "layer": "", "level": "", "covered": "", "nodes": [1793042687, 3046670114, 3046670119, 3046670120]}}, {"type": "Feature", "geometry": {"type": "LineString", "coordinates": [[126.9546367, 37.4597252], [126.9547748, 37.4598815]]}, "properties": {"osm_id": 309148833, "highway": "pedestrian", "name": "", "bridge": "", "tunnel": "", "indoor": "", "layer": "", "level": "", "covered": "", "nodes": [4527869970, 3144732802]}}, {"type": "Feature", "geometry": {"type": "LineString", "coordinates": [[126.9611597, 37.4681484], [126.9613232, 37.467971], [126.9614935, 37.4678877], [126.9616732, 37.4678105], [126.9623325, 37.4677238], [126.9625032, 37.4676938], [126.9627669, 37.4675581], [126.9630677, 37.4674142]]}, "properties": {"osm_id": 310021252, "highway": "service", "name": "낙성대로15길", "bridge": "", "tunnel": "", "indoor": "", "layer": "", "level": "", "covered": "", "nodes": [1843504728, 3153779372, 3153779373, 3153779374, 3153779375, 7473038031, 3153779376, 3153779377]}}, {"type": "Feature", "geometry": {"type": "LineString", "coordinates": [[126.9579685, 37.4650381], [126.9579375, 37.4656427], [126.9580078, 37.4656509], [126.9580143, 37.4654803], [126.9582253, 37.4654854], [126.9582307, 37.4653446], [126.9580335, 37.4653413], [126.9580469, 37.4650305], [126.9580022, 37.4650295], [126.9580073, 37.4648777], [126.9581155, 37.46488], [126.9581304, 37.4647382], [126.9580829, 37.4647458], [126.9580467, 37.4647644], [126.9580145, 37.464808], [126.9579924, 37.4648687], [126.9579685, 37.4650381]]}, "properties": {"osm_id": 310022286, "highway": "pedestrian", "name": "", "bridge": "", "tunnel": "", "indoor": "", "layer": "", "level": "", "covered": "", "nodes": [3153783922, 3153783923, 3153783925, 3153783926, 3153783927, 3153783933, 3153783928, 3153783930, 4628165852, 3153783931, 4628165849, 3153783934, 14049248638, 14049248639, 14049248640, 14049248641, 3153783922]}}, {"type": "Feature", "geometry": {"type": "LineString", "coordinates": [[126.9631282, 37.4723932], [126.9633213, 37.472276], [126.9634742, 37.4722334], [126.9635332, 37.4721823], [126.9635776, 37.4720687], [126.9635385, 37.4719907], [126.9635167, 37.4718943], [126.9634457, 37.4717678], [126.9634089, 37.4717022], [126.9633864, 37.471384], [126.9632918, 37.470986], [126.96315, 37.4706261], [126.9629256, 37.4700918], [126.9628261, 37.4698736], [126.9626975, 37.4696182]]}, "properties": {"osm_id": 312014075, "highway": "path", "name": "", "bridge": "", "tunnel": "", "indoor": "", "layer": "", "level": "", "covered": "", "nodes": [2876976101, 10577436036, 10577436035, 10577436033, 3178202561, 10577436034, 3178199762, 10613098803, 3178202661, 3178202362, 10577436032, 3178199763, 3178202363, 3178202761, 3178201162]}}, {"type": "Feature", "geometry": {"type": "LineString", "coordinates": [[126.9497216, 37.4555249], [126.9498189, 37.4552295]]}, "properties": {"osm_id": 320669166, "highway": "service", "name": "", "bridge": "", "tunnel": "", "indoor": "", "layer": "", "level": "", "covered": "", "nodes": [3272882833, 1843397253]}}, {"type": "Feature", "geometry": {"type": "LineString", "coordinates": [[126.9641853, 37.4445946], [126.963847, 37.4444291], [126.963812, 37.444175]]}, "properties": {"osm_id": 337498785, "highway": "steps", "name": "", "bridge": "", "tunnel": "", "indoor": "", "layer": "", "level": "", "covered": "", "nodes": [442812599, 10628453545, 3445797246]}}, {"type": "Feature", "geometry": {"type": "LineString", "coordinates": [[126.9622283, 37.4427106], [126.9621786, 37.4427271], [126.9620137, 37.4427702], [126.9618984, 37.4427553], [126.9616972, 37.4427394], [126.9616154, 37.4427633], [126.9615161, 37.4428155], [126.9614451, 37.4428405], [126.961232, 37.442816], [126.9610843, 37.4428197], [126.9609877, 37.4428261], [126.9610857, 37.4429863], [126.9609899, 37.4431292], [126.9608389, 37.4431993], [126.9605894, 37.4432728], [126.9604185, 37.4433977], [126.9600289, 37.4434229], [126.9597673, 37.4434581], [126.9596148, 37.4434627], [126.9595943, 37.443665], [126.9594531, 37.4438189], [126.9593784, 37.4438755], [126.9592759, 37.4440135], [126.9591468, 37.4440382], [126.9590552, 37.4440906], [126.958972, 37.4442004], [126.9589265, 37.4443558], [126.9588394, 37.4443751], [126.9587964, 37.444525], [126.958739, 37.444612], [126.958479, 37.4447684], [126.9584752, 37.4448123], [126.9582929, 37.4448556], [126.9582179, 37.4450134], [126.9579043, 37.4450588], [126.9578293, 37.4451184], [126.9576832, 37.4451225], [126.9575455, 37.4451846], [126.9574984, 37.445132], [126.9573362, 37.4451085], [126.9569993, 37.445262], [126.9565983, 37.4452682]]}, "properties": {"osm_id": 337498786, "highway": "path", "name": "서울대공대계곡길", "bridge": "", "tunnel": "", "indoor": "", "layer": "", "level": "", "covered": "", "nodes": [13312391305, 10773496049, 12066837289, 13312348720, 10773496057, 12066837288, 10773496061, 13312348719, 10773496065, 10577436069, 10577436068, 442812154, 10773496073, 13312348717, 13312348718, 10773496085, 13312348716, 13312348715, 10773496098, 10773496101, 10773496104, 13312348714, 10773496110, 10773496113, 13312348713, 10773496116, 10773496118, 10773496120, 13312348712, 10773496122, 10773496124, 10773496125, 10773496128, 442812162, 10773496136, 10773496137, 442812164, 10773496143, 10773496148, 10773496153, 442812166, 13312348742]}}, {"type": "Feature", "geometry": {"type": "LineString", "coordinates": [[126.949411, 37.4565952], [126.9494379, 37.4564832], [126.9495574, 37.456051]]}, "properties": {"osm_id": 347806724, "highway": "service", "name": "", "bridge": "", "tunnel": "", "indoor": "", "layer": "", "level": "", "covered": "", "nodes": [3540602543, 3927939011, 3272933187]}}, {"type": "Feature", "geometry": {"type": "LineString", "coordinates": [[126.9658655, 37.4552376], [126.9657192, 37.4552016], [126.9656199, 37.4551782], [126.9654858, 37.4552378], [126.9652659, 37.455438], [126.9651639, 37.4554891], [126.9649789, 37.4555295], [126.9647482, 37.4555444], [126.9646543, 37.4555487], [126.9645417, 37.4555189], [126.9643807, 37.4554635], [126.9641876, 37.4553485], [126.9640321, 37.4552101], [126.9638389, 37.4551484], [126.963737, 37.4551292], [126.9635412, 37.4551527], [126.9631845, 37.4552059], [126.9627929, 37.4552953], [126.9624227, 37.4553805], [126.9622162, 37.4554763], [126.9619051, 37.4556317], [126.9618085, 37.4556466], [126.96172, 37.4556445], [126.9615912, 37.4555913], [126.9615054, 37.4555849], [126.9613042, 37.4555977], [126.9611326, 37.4556126], [126.9609153, 37.4556594], [126.9608, 37.4557148], [126.9607115, 37.4558021], [126.9605747, 37.4559341], [126.9605023, 37.4561938], [126.9604433, 37.4563237], [126.9603547, 37.4563812], [126.9601777, 37.4564557], [126.9598076, 37.4566133], [126.9597432, 37.4566857], [126.9597056, 37.4567432], [126.9596949, 37.4568347], [126.9597137, 37.4570178], [126.9597539, 37.4574713], [126.9597647, 37.4575863], [126.9596949, 37.4577098], [126.9596305, 37.4577375], [126.9595286, 37.4577524], [126.9594106, 37.4577822], [126.9593677, 37.4578226], [126.9593462, 37.4579546], [126.9593435, 37.4581825], [126.9593221, 37.4585274], [126.9593328, 37.4586381], [126.9592577, 37.4587105], [126.9592041, 37.4587658], [126.9591182, 37.4587807], [126.9589144, 37.4588127], [126.9588178, 37.458834], [126.9587535, 37.4588744], [126.9586784, 37.4589553], [126.9585335, 37.4590235], [126.9584705, 37.4591438], [126.9584678, 37.4592375], [126.9584383, 37.4594131], [126.9584329, 37.4594536], [126.9585335, 37.4595227], [126.9586502, 37.4595728], [126.9586985, 37.4596249], [126.9588634, 37.4597229], [126.9589278, 37.4598581], [126.9589708, 37.4599049], [126.958968, 37.4599603], [126.9589827, 37.4599901], [126.958944, 37.4600582], [126.9590163, 37.4601178], [126.9591236, 37.4601817], [126.9592416, 37.46012], [126.9593087, 37.4601083], [126.9593167, 37.4602009], [126.9593851, 37.4602583], [126.9593959, 37.4603542], [126.9594629, 37.460352], [126.9594991, 37.460368], [126.9595366, 37.4603946], [126.9595701, 37.4604356], [126.9595889, 37.4604585], [126.9595608, 37.4605617], [126.9595689, 37.4607012], [126.9595394, 37.4607948], [126.9595353, 37.4609981], [126.959644, 37.4610802], [126.9597459, 37.4611813], [126.9598116, 37.4612164], [126.9599551, 37.4612122], [126.9601094, 37.4612356], [126.9597915, 37.4614506], [126.9597432, 37.4615336], [126.9597352, 37.4616209], [126.9597405, 37.4617167], [126.9597915, 37.4617721], [126.960057, 37.461936], [126.9601214, 37.4619658], [126.9601965, 37.4620595], [126.9602877, 37.4623235], [126.9604218, 37.4624183], [126.9605934, 37.4624747], [126.9607086, 37.4625001], [126.9607463, 37.462529], [126.9607825, 37.4625492], [126.9608442, 37.4626663], [126.9608966, 37.4626588], [126.9609208, 37.4627248], [126.9609354, 37.4627961], [126.9608858, 37.4629186], [126.9608388, 37.4630175], [126.9608805, 37.4631049], [126.9608764, 37.4631283], [126.9608939, 37.4631559], [126.9609158, 37.4631573], [126.9609784, 37.4631613], [126.960977, 37.4631932], [126.9609368, 37.4632837], [126.960922, 37.4638149], [126.9609851, 37.4639714], [126.9610199, 37.4639809], [126.9611473, 37.4640075], [126.961209, 37.4640363], [126.9612654, 37.4640597], [126.9613794, 37.4641779], [126.9615751, 37.4641842], [126.9617844, 37.4643301], [126.9618851, 37.4643366], [126.9619668, 37.4643418], [126.9620754, 37.4643578], [126.9621518, 37.4644057], [126.9621786, 37.4644355], [126.9622084, 37.4644812], [126.9622618, 37.4645632], [126.9623651, 37.4647559], [126.9624373, 37.4648798]]}, "properties": {"osm_id": 356686073, "highway": "path", "name": "", "bridge": "", "tunnel": "", "indoor": "", "layer": "", "level": "", "covered": "", "nodes": [10773447844, 10577432481, 10577432482, 10577432483, 10577432484, 10577432485, 10577432486, 10577432487, 10577432488, 10577432489, 10577432490, 10577432491, 10577432492, 10577432493, 10577432494, 10577432495, 10577432496, 10577432497, 10577432498, 10577432499, 10577432500, 10577432501, 10577432502, 10577432503, 10577432504, 10577432505, 10577432506, 10577432507, 10577432508, 10577432509, 10577432510, 10577432511, 10577432512, 10577432513, 10577432514, 10577432515, 10577432516, 10577432517, 10577432518, 10577432519, 10577432520, 10577432521, 10577432522, 10577432523, 10577432524, 10577432525, 10577432526, 10577432527, 10577432528, 10577432529, 10577432530, 10577432531, 10577432532, 10577432533, 10577432534, 10577432535, 10577432536, 10577432537, 10577432538, 6086595286, 6086595287, 6086595288, 6086595289, 6086595290, 6086595291, 6086595292, 6086595293, 6086595294, 6086595295, 6086595296, 6086595297, 6086595298, 10577432539, 10577432541, 11408745004, 10577432540, 11408745005, 6086595305, 6086595306, 12310930028, 6086595307, 6086595308, 13586454936, 6086595309, 6086595310, 6086595311, 6086595312, 6086595313, 11408745002, 6086595314, 6086595315, 11408745003, 10577432542, 10577432476, 10577432475, 10577432479, 10577432477, 10577432478, 10577432543, 10577432472, 10577432473, 10577432474, 6086595329, 6086595330, 12310930032, 6086595331, 6086595332, 6086595333, 12310930031, 10577432622, 6086595334, 6086595335, 6086595336, 6086595337, 6086595338, 6086595339, 13586454937, 6086595340, 6086595341, 6086595342, 6086595343, 6086595344, 10577432469, 12310930030, 10577432470, 12310930029, 10577432471, 11408745001, 6086595345, 12310930206, 10577432450, 10577432449, 10577432448, 10577432447, 13586454934, 10577432446, 10577432445, 10577432444]}}, {"type": "Feature", "geometry": {"type": "LineString", "coordinates": [[126.9536952, 37.4495168], [126.9538236, 37.4494692], [126.9539897, 37.4493927]]}, "properties": {"osm_id": 356701920, "highway": "steps", "name": "", "bridge": "", "tunnel": "", "indoor": "", "layer": "", "level": "", "covered": "", "nodes": [3621167393, 3621167293, 442812650]}}, {"type": "Feature", "geometry": {"type": "LineString", "coordinates": [[126.9519856, 37.4504445], [126.9521022, 37.4504729], [126.9521493, 37.4504829], [126.9523175, 37.4505676], [126.9524619, 37.4505817], [126.9526832, 37.4505735], [126.9530529, 37.450855], [126.9533639, 37.4509452], [126.9534889, 37.4509105], [126.9535108, 37.4507153], [126.9533863, 37.4506172], [126.953329, 37.4504909], [126.9534669, 37.4503486], [126.953531, 37.4501315], [126.953504, 37.4497333], [126.9536607, 37.4496072], [126.9536952, 37.4495168], [126.9536538, 37.4494239]]}, "properties": {"osm_id": 356701921, "highway": "service", "name": "", "bridge": "", "tunnel": "", "indoor": "", "layer": "", "level": "", "covered": "", "nodes": [1789842765, 11010688974, 4748062199, 3621166694, 4295682610, 3621167493, 3621167593, 3621167494, 3621167495, 3621167693, 3621167594, 3621167893, 3621167694, 3621167496, 3621167993, 3621167595, 3621167393, 3621167695]}}, {"type": "Feature", "geometry": {"type": "LineString", "coordinates": [[126.9641299, 37.4446834], [126.9640133, 37.4447273], [126.9639194, 37.4448018], [126.9638362, 37.4449083], [126.9635476, 37.4450823], [126.9631816, 37.4453619], [126.9630986, 37.4454215], [126.9630678, 37.445529], [126.9629585, 37.4455923], [126.9628331, 37.4455961], [126.9627553, 37.4455578], [126.9626114, 37.4455375], [126.9625575, 37.4455072], [126.9625019, 37.4455418], [126.9624113, 37.4456452], [126.9621759, 37.44574], [126.9620884, 37.4458373], [126.9620133, 37.4460225], [126.961944, 37.4460763], [126.9618548, 37.4461705], [126.9617667, 37.4462157], [126.9616194, 37.4462509], [126.961496, 37.4462467], [126.9613373, 37.4463357], [126.9612023, 37.4463169], [126.9610682, 37.4463521], [126.9609241, 37.4464205], [126.9607606, 37.4465014], [126.9604728, 37.4465842], [126.9603847, 37.4466656], [126.9602501, 37.4467439], [126.9601942, 37.4468619], [126.9599458, 37.4471652], [126.9598773, 37.4472571], [126.95977, 37.4473614], [126.9596466, 37.4474104], [126.9594727, 37.4474467], [126.9591744, 37.4476336], [126.9589856, 37.447761], [126.9588929, 37.4478193], [126.9587107, 37.4478787], [126.9584653, 37.4479654], [126.9580293, 37.4483516], [126.9578442, 37.4485156], [126.957694, 37.4485582], [126.9575211, 37.4486232], [126.9573319, 37.4485156], [126.9572122, 37.4484829], [126.9568886, 37.4485617], [126.9567364, 37.448637], [126.9565292, 37.4486494], [126.9563234, 37.4487328], [126.9560759, 37.4488581], [126.9559801, 37.4489479], [126.9557155, 37.4490693], [126.9553685, 37.4491203], [126.9552498, 37.449129], [126.9549011, 37.4491178], [126.9546426, 37.4491579], [126.9543663, 37.4492963], [126.9540225, 37.4493957], [126.9539897, 37.4493927], [126.9539201, 37.4492438], [126.9537659, 37.4490713], [126.95379, 37.4489755], [126.953763, 37.4489166], [126.9537789, 37.4488532], [126.9537082, 37.4487807], [126.9536674, 37.4486994], [126.9535949, 37.4486476], [126.9534897, 37.4485272], [126.9534454, 37.4483836], [126.9533712, 37.4483125], [126.9532683, 37.4481791], [126.9531544, 37.4479534], [126.9529748, 37.4477405], [126.952868, 37.4475694], [126.9526729, 37.4474466], [126.9525977, 37.4473969], [126.952469, 37.4473572], [126.9523403, 37.4473125], [126.9522974, 37.4472294], [126.952284, 37.4471357], [126.9522437, 37.4470889], [126.9521499, 37.447091], [126.9520479, 37.4471187], [126.952064, 37.4471911], [126.9520587, 37.447338], [126.9520828, 37.4475361], [126.952174, 37.4477873], [126.9522423, 37.4479732]]}, "properties": {"osm_id": 356701922, "highway": "path", "name": "자운암능선", "bridge": "", "tunnel": "", "indoor": "", "layer": "", "level": "", "covered": "", "nodes": [10773489927, 11408760710, 11408760711, 6086785581, 442812602, 442812276, 6086785582, 11408760709, 442812603, 6086785583, 10577435002, 442812605, 10577434631, 10577434632, 442812611, 6086594582, 442812613, 442812616, 11408760708, 10577435001, 442812618, 11408760707, 10577434633, 442812621, 10577434953, 10577434954, 442812622, 442812623, 10577434634, 442812624, 10577435000, 442812625, 442812626, 10577436062, 10577436063, 10577434999, 442812627, 442812628, 442812629, 10577436061, 442817525, 442812631, 10577434998, 10577434960, 10577434961, 442812632, 10577434962, 442812635, 442812636, 11408744941, 442812637, 10577434966, 442812638, 10577434965, 442812639, 10577434964, 442812640, 442812642, 442812644, 442812646, 442812648, 442812650, 11408760705, 10577434949, 10577434948, 442812652, 442812654, 10577434950, 442812659, 442812660, 442812661, 10577434993, 442812662, 10577434992, 442812663, 442812664, 442812665, 10577434991, 10577434990, 10577434989, 10577434988, 10577434987, 10577434986, 10577434985, 10577434984, 10577434983, 10577434982, 10577434981, 10577434980, 10577434979, 442812188]}}, {"type": "Feature", "geometry": {"type": "LineString", "coordinates": [[126.9489757, 37.4638636], [126.9491868, 37.463713]]}, "properties": {"osm_id": 361033658, "highway": "footway", "name": "", "bridge": "", "tunnel": "", "indoor": "", "layer": "", "level": "", "covered": "", "nodes": [4526181576, 3655583125]}}, {"type": "Feature", "geometry": {"type": "LineString", "coordinates": [[126.9504933, 37.4630724], [126.9505936, 37.4631486]]}, "properties": {"osm_id": 361033659, "highway": "steps", "name": "", "bridge": "", "tunnel": "", "indoor": "", "layer": "", "level": "", "covered": "", "nodes": [3655583029, 3655583030]}}, {"type": "Feature", "geometry": {"type": "LineString", "coordinates": [[126.9489395, 37.45648], [126.9489386, 37.456494], [126.9489641, 37.4564956], [126.9489597, 37.4565357], [126.9489575, 37.4565792], [126.9490311, 37.4565811], [126.9490182, 37.456695], [126.9490167, 37.4567074], [126.9489948, 37.4567071], [126.9489805, 37.4568199], [126.9490857, 37.4568276], [126.9491095, 37.4568282], [126.9491829, 37.4568327], [126.9492559, 37.4566507], [126.9492748, 37.4566516], [126.9492882, 37.4566532], [126.9493011, 37.4566548], [126.949318, 37.4565816], [126.9493323, 37.4565192], [126.9493163, 37.4565169], [126.9492301, 37.4565048], [126.9492519, 37.4563387], [126.9491491, 37.4563344], [126.9491471, 37.4563131], [126.9490801, 37.456312], [126.9490693, 37.4564573], [126.9490184, 37.4564573], [126.9490142, 37.4564794], [126.9489718, 37.4564797], [126.9489395, 37.45648]]}, "properties": {"osm_id": 377154951, "highway": "pedestrian", "name": "", "bridge": "", "tunnel": "", "indoor": "", "layer": "", "level": "", "covered": "", "nodes": [3540602539, 14050364128, 14050364127, 2583216313, 3805306342, 3805306343, 3805308068, 3805306344, 3805306345, 3805306346, 2583216311, 3805308067, 3805306347, 3805306348, 3805308060, 14050337737, 3805306349, 3805308058, 3805306350, 14050337736, 3805306351, 4532193678, 14050364141, 14050364140, 14050364142, 14050364143, 14050364144, 3540602540, 14050364126, 3540602539]}}, {"type": "Feature", "geometry": {"type": "LineString", "coordinates": [[126.9490857, 37.4568276], [126.9491071, 37.4567054], [126.949133, 37.4565579]]}, "properties": {"osm_id": 377154954, "highway": "pedestrian", "name": "", "bridge": "", "tunnel": "", "indoor": "", "layer": "", "level": "", "covered": "", "nodes": [2583216311, 14050364123, 3805308059]}}, {"type": "Feature", "geometry": {"type": "LineString", "coordinates": [[126.9488777, 37.4566769], [126.9490182, 37.456695]]}, "properties": {"osm_id": 377154956, "highway": "steps", "name": "", "bridge": "", "tunnel": "", "indoor": "", "layer": "", "level": "", "covered": "", "nodes": [3805308069, 3805308068]}}, {"type": "Feature", "geometry": {"type": "LineString", "coordinates": [[126.9484771, 37.4651172], [126.9484296, 37.4649507], [126.948321, 37.4644472], [126.9483465, 37.464199], [126.9485699, 37.4633654], [126.9487528, 37.4631261], [126.9488615, 37.4630378], [126.9489627, 37.4629962]]}, "properties": {"osm_id": 383385114, "highway": "track", "name": "", "bridge": "", "tunnel": "", "indoor": "", "layer": "", "level": "", "covered": "", "nodes": [4526181545, 13480905070, 13480905071, 3866374254, 3866374255, 13130260526, 13480905072, 4526181547]}}, {"type": "Feature", "geometry": {"type": "LineString", "coordinates": [[126.9522687, 37.4572314], [126.9524688, 37.4572187]]}, "properties": {"osm_id": 383388140, "highway": "steps", "name": "", "bridge": "", "tunnel": "", "indoor": "", "layer": "", "level": "", "covered": "", "nodes": [3866425112, 3866425113]}}, {"type": "Feature", "geometry": {"type": "LineString", "coordinates": [[126.9522847, 37.4560203], [126.9523292, 37.4560155], [126.9523841, 37.4560363], [126.9524605, 37.4560977], [126.9525589, 37.45618], [126.9525385, 37.4564846]]}, "properties": {"osm_id": 383388141, "highway": "service", "name": "", "bridge": "", "tunnel": "", "indoor": "", "layer": "", "level": "", "covered": "", "nodes": [1372131611, 13478432945, 13478432949, 3866425114, 3866425115, 3901497904]}}, {"type": "Feature", "geometry": {"type": "LineString", "coordinates": [[126.9532565, 37.4661142], [126.9532308, 37.4661668], [126.9527693, 37.4671121], [126.9528565, 37.4671526], [126.9529289, 37.4671941], [126.9529423, 37.4672984], [126.9525534, 37.4680755], [126.9524649, 37.4680925], [126.9523344, 37.4680702], [126.9518293, 37.4679093], [126.9517154, 37.4678902], [126.9512663, 37.4677584]]}, "properties": {"osm_id": 385997487, "highway": "service", "name": "", "bridge": "", "tunnel": "", "indoor": "", "layer": "", "level": "", "covered": "", "nodes": [3893418091, 14047966959, 3893418092, 3893418093, 3893418094, 3893418095, 3893418096, 3893418097, 4243052802, 14047967127, 4243052805, 3893418098]}}, {"type": "Feature", "geometry": {"type": "LineString", "coordinates": [[126.9546835, 37.4572632], [126.9547908, 37.4573287], [126.9547791, 37.4573472], [126.9545433, 37.4575493], [126.9544966, 37.4575418], [126.954426, 37.4574968]]}, "properties": {"osm_id": 385997491, "highway": "service", "name": "", "bridge": "", "tunnel": "", "indoor": "", "layer": "", "level": "", "covered": "", "nodes": [3893418101, 3893418102, 3893418103, 3893418104, 3893418105, 3893418106]}}, {"type": "Feature", "geometry": {"type": "LineString", "coordinates": [[126.9543673, 37.4575751], [126.954284, 37.457732], [126.9540119, 37.4579577]]}, "properties": {"osm_id": 385997493, "highway": "service", "name": "", "bridge": "", "tunnel": "", "indoor": "", "layer": "", "level": "", "covered": "", "nodes": [1790402720, 3893418107, 3893418108]}}, {"type": "Feature", "geometry": {"type": "LineString", "coordinates": [[126.9547908, 37.4573287], [126.9549963, 37.4573566], [126.9551532, 37.457248]]}, "properties": {"osm_id": 385997496, "highway": "footway", "name": "", "bridge": "", "tunnel": "", "indoor": "", "layer": "", "level": "", "covered": "", "nodes": [3893418102, 3893418109, 3893418110]}}, {"type": "Feature", "geometry": {"type": "LineString", "coordinates": [[126.9524296, 37.4564724], [126.9525385, 37.4564846]]}, "properties": {"osm_id": 386803742, "highway": "steps", "name": "", "bridge": "", "tunnel": "", "indoor": "", "layer": "", "level": "", "covered": "", "nodes": [13478432942, 3901497904]}}, {"type": "Feature", "geometry": {"type": "LineString", "coordinates": [[126.951008, 37.455228], [126.9510764, 37.4547396], [126.9510985, 37.4545699], [126.9511401, 37.4542777], [126.9515883, 37.4543129]]}, "properties": {"osm_id": 386814646, "highway": "residential", "name": "", "bridge": "", "tunnel": "", "indoor": "", "layer": "", "level": "", "covered": "", "nodes": [3901595586, 3901595584, 4135043946, 3901595583, 3901595582]}}, {"type": "Feature", "geometry": {"type": "LineString", "coordinates": [[126.9490168, 37.458215], [126.9488976, 37.4581955], [126.9482204, 37.4580851], [126.9479769, 37.4580441], [126.9480893, 37.4575205], [126.9481478, 37.457252]]}, "properties": {"osm_id": 386814647, "highway": "residential", "name": "", "bridge": "", "tunnel": "", "indoor": "", "layer": "", "level": "", "covered": "", "nodes": [3901595591, 14050364228, 3901595590, 3901595589, 3901595588, 3901595587]}}, {"type": "Feature", "geometry": {"type": "LineString", "coordinates": [[126.949318, 37.4565816], [126.9493028, 37.4565797], [126.949133, 37.4565579], [126.9489706, 37.4565371], [126.9489597, 37.4565357]]}, "properties": {"osm_id": 389628250, "highway": "pedestrian", "name": "", "bridge": "", "tunnel": "", "indoor": "", "layer": "", "level": "", "covered": "", "nodes": [3805308058, 14050364213, 3805308059, 14050364124, 2583216313]}}, {"type": "Feature", "geometry": {"type": "LineString", "coordinates": [[126.9495361, 37.4565148], [126.9495112, 37.4566101], [126.9494131, 37.4569853], [126.9493248, 37.4573707], [126.9493449, 37.457391], [126.9493838, 37.4574021], [126.9494542, 37.4574107], [126.9495387, 37.4574122]]}, "properties": {"osm_id": 389628251, "highway": "footway", "name": "", "bridge": "", "tunnel": "", "indoor": "", "layer": "", "level": "", "covered": "", "nodes": [14047967123, 3805308057, 3927939012, 14047967121, 14050337781, 14050337780, 14050337777, 14050337779]}}, {"type": "Feature", "geometry": {"type": "LineString", "coordinates": [[126.9495809, 37.4563493], [126.9496686, 37.4563081]]}, "properties": {"osm_id": 389628252, "highway": "footway", "name": "", "bridge": "", "tunnel": "", "indoor": "", "layer": "", "level": "", "covered": "", "nodes": [3927939013, 3927939014]}}, {"type": "Feature", "geometry": {"type": "LineString", "coordinates": [[126.949642, 37.4560655], [126.9498096, 37.4555425]]}, "properties": {"osm_id": 389628253, "highway": "footway", "name": "", "bridge": "yes", "tunnel": "", "indoor": "", "layer": "1", "level": "", "covered": "", "nodes": [11017487729, 3927939015]}}, {"type": "Feature", "geometry": {"type": "LineString", "coordinates": [[126.9493108, 37.4655877], [126.9493943, 37.4656047], [126.9494908, 37.4656243]]}, "properties": {"osm_id": 389629035, "highway": "footway", "name": "", "bridge": "", "tunnel": "", "indoor": "", "layer": "", "level": "", "covered": "", "nodes": [3927957307, 3927957308, 3927957309]}}, {"type": "Feature", "geometry": {"type": "LineString", "coordinates": [[126.9517566, 37.465913], [126.9517283, 37.4659835], [126.9516966, 37.4660625]]}, "properties": {"osm_id": 389629041, "highway": "footway", "name": "", "bridge": "", "tunnel": "", "indoor": "", "layer": "", "level": "", "covered": "", "nodes": [3927957326, 3927957327, 4526181523]}}, {"type": "Feature", "geometry": {"type": "LineString", "coordinates": [[126.9611597, 37.4681484], [126.961346, 37.4681571], [126.9614828, 37.4682151], [126.9616068, 37.46828], [126.961724, 37.4683514], [126.9617964, 37.4683983], [126.9619486, 37.4685516], [126.9620395, 37.4686244], [126.9621712, 37.4686951], [126.9622884, 37.4687315]]}, "properties": {"osm_id": 389629975, "highway": "residential", "name": "낙성대로15길", "bridge": "", "tunnel": "", "indoor": "", "layer": "", "level": "", "covered": "", "nodes": [1843504728, 1843504972, 1843504705, 1843504930, 1843504899, 1843504781, 1843504844, 1843504749, 1843504962, 1843504964]}}, {"type": "Feature", "geometry": {"type": "LineString", "coordinates": [[126.9564868, 37.461037], [126.9564025, 37.461136], [126.9563566, 37.4611778]]}, "properties": {"osm_id": 389629976, "highway": "service", "name": "", "bridge": "", "tunnel": "", "indoor": "", "layer": "", "level": "", "covered": "", "nodes": [1789861872, 14047966950, 4288534135]}}, {"type": "Feature", "geometry": {"type": "LineString", "coordinates": [[126.953379, 37.4533843], [126.9535722, 37.4536798], [126.9536336, 37.4537948], [126.9539383, 37.4542142], [126.9539905, 37.4542914], [126.9541219, 37.4544835], [126.9545069, 37.4550249], [126.955211, 37.4559894], [126.9559465, 37.4568305], [126.956078, 37.4569646], [126.9561987, 37.4571243], [126.9562966, 37.4573308], [126.9563529, 37.457515], [126.9565473, 37.458257], [126.956609, 37.4584422], [126.9566627, 37.4585849], [126.9570838, 37.4591842], [126.9571683, 37.4593279], [126.9572072, 37.4594695], [126.9572098, 37.4595972], [126.9571817, 37.4597037], [126.9571401, 37.4598272], [126.9570958, 37.4599528], [126.9570018, 37.4601419], [126.9569106, 37.4602881], [126.9567328, 37.460618]]}, "properties": {"osm_id": 389629977, "highway": "service", "name": "", "bridge": "", "tunnel": "", "indoor": "", "layer": "", "level": "", "covered": "", "nodes": [1789843008, 10577434942, 4243052886, 4749960515, 4748216959, 4243052993, 1790413461, 1790402716, 1789842834, 4750466359, 1789842841, 1789842802, 1789842820, 1789842794, 1789842663, 1789842795, 1789842829, 1789842956, 1789842912, 1789842822, 14047950320, 1789842915, 4288534131, 4288534132, 4288534130, 3046671280]}}, {"type": "Feature", "geometry": {"type": "LineString", "coordinates": [[126.9510985, 37.4545699], [126.9505218, 37.4545219], [126.9505097, 37.4545937], [126.9502381, 37.4545671]]}, "properties": {"osm_id": 411929224, "highway": "residential", "name": "", "bridge": "", "tunnel": "", "indoor": "", "layer": "", "level": "", "covered": "", "nodes": [4135043946, 14051228350, 14051228352, 14051228351]}}, {"type": "Feature", "geometry": {"type": "LineString", "coordinates": [[126.9579711, 37.464359], [126.957915, 37.4646426]]}, "properties": {"osm_id": 419542258, "highway": "service", "name": "낙성대로", "bridge": "", "tunnel": "", "indoor": "", "layer": "", "level": "", "covered": "", "nodes": [1793224802, 14049248575]}}, {"type": "Feature", "geometry": {"type": "LineString", "coordinates": [[126.9553931, 37.4547145], [126.9554669, 37.4547763], [126.9555876, 37.4549041], [126.9556171, 37.4550276], [126.9555983, 37.4551436], [126.9556555, 37.4552378], [126.9557525, 37.4553395], [126.9558433, 37.4554018], [126.9559081, 37.455496], [126.9559009, 37.4556264], [126.9558156, 37.4558048], [126.9558264, 37.4559665], [126.9558285, 37.4560522], [126.9558143, 37.4561581], [126.9557789, 37.4562705], [126.9557969, 37.4563721], [126.9558379, 37.4564334], [126.9558969, 37.4564972], [126.9560324, 37.4566112], [126.9563338, 37.4568559], [126.956078, 37.4569646]]}, "properties": {"osm_id": 424912280, "highway": "service", "name": "", "bridge": "", "tunnel": "", "indoor": "", "layer": "", "level": "", "covered": "", "nodes": [4242705535, 4242705536, 4242705537, 4242705538, 4242705539, 11408750741, 4242705540, 11408750742, 4242705541, 11408750743, 4242705542, 4242705543, 11408750748, 4242705544, 11408750749, 4242705545, 11408750750, 11408750751, 11408750752, 4750466358, 4750466359]}}, {"type": "Feature", "geometry": {"type": "LineString", "coordinates": [[126.9520292, 37.4485673], [126.9512696, 37.4485318], [126.9512696, 37.4484448], [126.9511514, 37.4484467], [126.951136, 37.4485803], [126.9511537, 37.4486544], [126.9511832, 37.4486531], [126.9512615, 37.4486496], [126.9512696, 37.4485318]]}, "properties": {"osm_id": 424912283, "highway": "service", "name": "", "bridge": "", "tunnel": "", "indoor": "", "layer": "", "level": "", "covered": "", "nodes": [4242705564, 4242705565, 4242705566, 4242705567, 4749960514, 4242705568, 4242705570, 4242705569, 4242705565]}}, {"type": "Feature", "geometry": {"type": "LineString", "coordinates": [[126.9511832, 37.4486531], [126.9511767, 37.4489922]]}, "properties": {"osm_id": 424912284, "highway": "service", "name": "", "bridge": "", "tunnel": "", "indoor": "", "layer": "", "level": "", "covered": "", "nodes": [4242705570, 4242705571]}}, {"type": "Feature", "geometry": {"type": "LineString", "coordinates": [[126.9512572, 37.4489885], [126.9512615, 37.4486496]]}, "properties": {"osm_id": 424912285, "highway": "service", "name": "", "bridge": "", "tunnel": "", "indoor": "", "layer": "", "level": "", "covered": "", "nodes": [4242705572, 4242705569]}}, {"type": "Feature", "geometry": {"type": "LineString", "coordinates": [[126.9516016, 37.4484388], [126.9512696, 37.4484448]]}, "properties": {"osm_id": 424912286, "highway": "service", "name": "", "bridge": "", "tunnel": "", "indoor": "", "layer": "", "level": "", "covered": "", "nodes": [4242705573, 4242705566]}}, {"type": "Feature", "geometry": {"type": "LineString", "coordinates": [[126.9593608, 37.4643764], [126.9591287, 37.4645309], [126.9590186, 37.4645899], [126.9588965, 37.4646775], [126.9586764, 37.4646739], [126.9585353, 37.4647172]]}, "properties": {"osm_id": 424946983, "highway": "service", "name": "", "bridge": "", "tunnel": "", "indoor": "", "layer": "", "level": "", "covered": "", "nodes": [4243023887, 4243023994, 4243023888, 4243023989, 14049244781, 2567736504]}}, {"type": "Feature", "geometry": {"type": "LineString", "coordinates": [[126.958536, 37.4645532], [126.9587927, 37.464534], [126.958931, 37.4644805], [126.9590206, 37.4644555], [126.9591287, 37.4645309]]}, "properties": {"osm_id": 424946984, "highway": "service", "name": "", "bridge": "", "tunnel": "", "indoor": "", "layer": "", "level": "", "covered": "", "nodes": [4243023990, 4243023991, 4243023992, 4243023993, 4243023994]}}, {"type": "Feature", "geometry": {"type": "LineString", "coordinates": [[126.9600436, 37.4711146], [126.9603221, 37.4710388]]}, "properties": {"osm_id": 424946986, "highway": "steps", "name": "", "bridge": "", "tunnel": "", "indoor": "", "layer": "", "level": "", "covered": "", "nodes": [4243024000, 4243024001]}}, {"type": "Feature", "geometry": {"type": "LineString", "coordinates": [[126.9544686, 37.466149], [126.954485, 37.4661974], [126.9544872, 37.4662554], [126.9544796, 37.466292], [126.9544552, 37.4663222], [126.9543426, 37.4663893], [126.9543039, 37.4664168], [126.9542741, 37.4664583], [126.9542653, 37.4665238], [126.954259, 37.4666167], [126.9542382, 37.4666655], [126.9542022, 37.4667208], [126.9541292, 37.4667788], [126.9539537, 37.4668976], [126.9539054, 37.4669891], [126.9538777, 37.4670719], [126.953912, 37.4671354], [126.9539483, 37.4671722], [126.9540672, 37.4672396]]}, "properties": {"osm_id": 424949430, "highway": "service", "name": "", "bridge": "", "tunnel": "", "indoor": "", "layer": "", "level": "", "covered": "", "nodes": [1789843012, 4243052789, 4243052790, 4243052791, 14047967001, 14047967002, 4243052792, 4243052793, 4243052794, 4243052795, 4243052796, 4243052797, 4243052798, 14047967003, 14047967004, 4243052799, 4243052800, 14047967005, 4243052801]}}, {"type": "Feature", "geometry": {"type": "LineString", "coordinates": [[126.9523344, 37.4680702], [126.952166, 37.4681967], [126.9520778, 37.4681914], [126.9517951, 37.4679923], [126.9517154, 37.4678902]]}, "properties": {"osm_id": 424949431, "highway": "service", "name": "", "bridge": "", "tunnel": "", "indoor": "", "layer": "", "level": "", "covered": "", "nodes": [4243052802, 4243052803, 4243052804, 14047967128, 4243052805]}}, {"type": "Feature", "geometry": {"type": "LineString", "coordinates": [[126.951496, 37.4669514], [126.951681, 37.4666059], [126.9518494, 37.4666285]]}, "properties": {"osm_id": 424949432, "highway": "service", "name": "", "bridge": "", "tunnel": "", "indoor": "", "layer": "", "level": "", "covered": "", "nodes": [4243052806, 4243052807, 4243052809]}}, {"type": "Feature", "geometry": {"type": "LineString", "coordinates": [[126.9518718, 37.4673698], [126.9519015, 37.4673028], [126.9515764, 37.4671818]]}, "properties": {"osm_id": 424949433, "highway": "service", "name": "", "bridge": "", "tunnel": "", "indoor": "", "layer": "", "level": "", "covered": "", "nodes": [4243052810, 4243052811, 4243052812]}}, {"type": "Feature", "geometry": {"type": "LineString", "coordinates": [[126.9531852, 37.459463], [126.9531873, 37.4596014], [126.9532117, 37.4596982], [126.9533702, 37.4598773]]}, "properties": {"osm_id": 424949438, "highway": "service", "name": "", "bridge": "", "tunnel": "", "indoor": "", "layer": "", "level": "", "covered": "", "nodes": [1789878132, 4243052854, 4243052855, 4243052856]}}, {"type": "Feature", "geometry": {"type": "LineString", "coordinates": [[126.9533147, 37.4540959], [126.9532542, 37.4540437], [126.9535688, 37.4538282], [126.9536336, 37.4537948]]}, "properties": {"osm_id": 424949441, "highway": "service", "name": "", "bridge": "", "tunnel": "", "indoor": "", "layer": "", "level": "", "covered": "", "nodes": [4243052887, 4243052885, 10577432214, 4243052886]}}, {"type": "Feature", "geometry": {"type": "LineString", "coordinates": [[126.9535674, 37.4547248], [126.9537116, 37.454672], [126.9540561, 37.4545137], [126.9541219, 37.4544835]]}, "properties": {"osm_id": 424949443, "highway": "service", "name": "", "bridge": "", "tunnel": "", "indoor": "", "layer": "", "level": "", "covered": "", "nodes": [4243052992, 14049244716, 14049244715, 4243052993]}}, {"type": "Feature", "geometry": {"type": "LineString", "coordinates": [[126.9474692, 37.4685141], [126.9477663, 37.4687526], [126.9481172, 37.4690035], [126.9485752, 37.4693108], [126.9487492, 37.4694268]]}, "properties": {"osm_id": 428769838, "highway": "trunk", "name": "강남순환로", "bridge": "", "tunnel": "", "indoor": "", "layer": "", "level": "", "covered": "", "nodes": [2618197840, 5403581968, 4278630574, 2618210028, 4278630560]}}, {"type": "Feature", "geometry": {"type": "LineString", "coordinates": [[126.9452824, 37.4662333], [126.9474642, 37.4681904], [126.9476509, 37.4683024], [126.9478174, 37.4683843], [126.9479872, 37.4684446], [126.9481722, 37.4684968], [126.9483196, 37.4685049], [126.9484339, 37.4684884], [126.948555, 37.4684696], [126.9486532, 37.4684298], [126.9487249, 37.4683923], [126.9488049, 37.468332], [126.948842, 37.4682826], [126.9488796, 37.4682089], [126.9488937, 37.4681065], [126.9488774, 37.4679993], [126.9488238, 37.4679144], [126.9487235, 37.4678172], [126.9486113, 37.4677418], [126.9485152, 37.4677007], [126.9483927, 37.4676848], [126.9482799, 37.4676931]]}, "properties": {"osm_id": 428769841, "highway": "trunk_link", "name": "", "bridge": "", "tunnel": "yes", "indoor": "", "layer": "-2", "level": "", "covered": "", "nodes": [4278630562, 5377699971, 2618210044, 4916742683, 4916742684, 4916742685, 4916742686, 2618210071, 4916742687, 4916742688, 4916742689, 4916742690, 4916742691, 2618210090, 2618210075, 5124613789, 5124613788, 1834821192, 4278630570, 5283266576, 4916742692, 4916742693]}}, {"type": "Feature", "geometry": {"type": "LineString", "coordinates": [[126.9460608, 37.4685346], [126.9460887, 37.468503], [126.9461035, 37.4684724], [126.9461201, 37.4684276], [126.9461311, 37.4683857], [126.946138, 37.4683473], [126.9461412, 37.468298], [126.9461367, 37.4682568], [126.9461303, 37.4682114], [126.9461247, 37.4681658], [126.9461135, 37.4681183], [126.9460971, 37.4680722], [126.9460558, 37.4679823], [126.9460077, 37.4678924], [126.9459505, 37.4678079], [126.9447616, 37.4662462]]}, "properties": {"osm_id": 428769842, "highway": "trunk_link", "name": "", "bridge": "", "tunnel": "yes", "indoor": "", "layer": "-2", "level": "", "covered": "", "nodes": [2618210034, 5772920236, 5283076041, 5283076040, 5283076042, 5283076039, 5283076049, 5283076043, 5283076048, 5283076038, 5283076047, 5283076046, 5283076044, 5283076045, 2618210029, 4278630754]}}, {"type": "Feature", "geometry": {"type": "LineString", "coordinates": [[126.9471972, 37.4687222], [126.9460792, 37.4676767], [126.9447616, 37.4662462], [126.9425532, 37.4637673], [126.939039, 37.4598633], [126.9377884, 37.4585767], [126.9346533, 37.4558772], [126.9295946, 37.4520594], [126.9245961, 37.4485224], [126.9164129, 37.4424752], [126.9163462, 37.4424181], [126.9134359, 37.4402706], [126.911888, 37.4393047], [126.9106927, 37.4388071], [126.9095771, 37.438516], [126.9086501, 37.438354], [126.907419, 37.4382469]]}, "properties": {"osm_id": 428769854, "highway": "trunk", "name": "강남순환로", "bridge": "", "tunnel": "yes", "indoor": "", "layer": "-2", "level": "", "covered": "", "nodes": [4278630752, 5377699972, 4278630754, 10158382961, 4278630756, 5318435351, 5318435350, 10158382964, 10158382966, 13137648455, 4278630759, 5403581967, 4278630761, 4278630762, 4893080772, 5318435379, 4278630537]}}, {"type": "Feature", "geometry": {"type": "LineString", "coordinates": [[126.9565144, 37.4614126], [126.9563566, 37.4611778]]}, "properties": {"osm_id": 429687395, "highway": "service", "name": "", "bridge": "", "tunnel": "", "indoor": "", "layer": "", "level": "", "covered": "", "nodes": [1789843017, 4288534135]}}, {"type": "Feature", "geometry": {"type": "LineString", "coordinates": [[126.9545954, 37.4617442], [126.9545779, 37.4618943], [126.954578, 37.4620688], [126.9546544, 37.4628225], [126.9546731, 37.4630237], [126.9547281, 37.4631919], [126.9547925, 37.4633462], [126.9551465, 37.4639615], [126.9551653, 37.4640403], [126.955192, 37.4641232], [126.9552096, 37.4642511], [126.9552216, 37.4644161], [126.955227, 37.4651314], [126.9552297, 37.4653134], [126.9552183, 37.4654148], [126.9551995, 37.4655202], [126.9551707, 37.4656035], [126.9551092, 37.4656918], [126.9550305, 37.4657865], [126.9549152, 37.4658837], [126.954662, 37.46604]]}, "properties": {"osm_id": 429687396, "highway": "service", "name": "", "bridge": "", "tunnel": "", "indoor": "", "layer": "", "level": "", "covered": "", "nodes": [1789842675, 1789842842, 1789842965, 1789842733, 1789842878, 1789842831, 1789842899, 1789842882, 1789842788, 13722741895, 1789843010, 1789842911, 1789842782, 1789842833, 14047966957, 14047966958, 4526181512, 1789842892, 1789842838, 14047967010, 7912611329]}}, {"type": "Feature", "geometry": {"type": "LineString", "coordinates": [[126.9568662, 37.4614977], [126.957002, 37.4616691], [126.957405, 37.4618265]]}, "properties": {"osm_id": 429687400, "highway": "footway", "name": "", "bridge": "", "tunnel": "", "indoor": "", "layer": "", "level": "", "covered": "", "nodes": [3046614778, 4288534158, 4288534159]}}, {"type": "Feature", "geometry": {"type": "LineString", "coordinates": [[126.9523517, 37.4510578], [126.9523773, 37.4510556], [126.952548, 37.4510224]]}, "properties": {"osm_id": 430289536, "highway": "service", "name": "", "bridge": "", "tunnel": "", "indoor": "", "layer": "", "level": "", "covered": "", "nodes": [4295682604, 11010688975, 4295682605]}}, {"type": "Feature", "geometry": {"type": "LineString", "coordinates": [[126.9581705, 37.4606177], [126.9581395, 37.4606725], [126.9578763, 37.4611237], [126.9575871, 37.4616194], [126.957313, 37.4621182], [126.9572598, 37.462146]]}, "properties": {"osm_id": 432377457, "highway": "service", "name": "", "bridge": "", "tunnel": "", "indoor": "", "layer": "", "level": "", "covered": "", "nodes": [4314460171, 4752760218, 8482466574, 4752760180, 4752760184, 14047950331]}}, {"type": "Feature", "geometry": {"type": "LineString", "coordinates": [[126.9581268, 37.4610582], [126.9585379, 37.4612083], [126.9583327, 37.4615625], [126.9582486, 37.4615318], [126.9581745, 37.4615048], [126.9582736, 37.4613331], [126.9579264, 37.4612067], [126.9578656, 37.4611845], [126.9580659, 37.4608388], [126.9582211, 37.4608955], [126.9581268, 37.4610582]]}, "properties": {"osm_id": 432377532, "highway": "pedestrian", "name": "", "bridge": "", "tunnel": "", "indoor": "", "layer": "", "level": "", "covered": "", "nodes": [4314460942, 4314460943, 4752760652, 4752760648, 4752760651, 4752760650, 4752760646, 4314460945, 4752760645, 4752760644, 4314460942]}}, {"type": "Feature", "geometry": {"type": "LineString", "coordinates": [[126.9525778, 37.4583142], [126.952753, 37.4581959]]}, "properties": {"osm_id": 435329616, "highway": "footway", "name": "", "bridge": "yes", "tunnel": "", "indoor": "", "layer": "", "level": "", "covered": "", "nodes": [4332551614, 4332551615]}}, {"type": "Feature", "geometry": {"type": "LineString", "coordinates": [[126.9525632, 37.4581304], [126.9522612, 37.4574117], [126.9521371, 37.4571733], [126.9521447, 37.4570788]]}, "properties": {"osm_id": 435329617, "highway": "service", "name": "신약개발로", "bridge": "", "tunnel": "", "indoor": "", "layer": "", "level": "", "covered": "", "nodes": [1372131610, 13478432921, 13478432920, 1372131612]}}, {"type": "Feature", "geometry": {"type": "LineString", "coordinates": [[126.953346, 37.458836], [126.9526193, 37.4582522], [126.9525632, 37.4581304]]}, "properties": {"osm_id": 435329619, "highway": "service", "name": "신약개발로", "bridge": "", "tunnel": "", "indoor": "", "layer": "", "level": "", "covered": "", "nodes": [1372131621, 4332551616, 1372131610]}}, {"type": "Feature", "geometry": {"type": "LineString", "coordinates": [[126.954704, 37.4592478], [126.9544533, 37.4592746]]}, "properties": {"osm_id": 435329621, "highway": "service", "name": "", "bridge": "", "tunnel": "", "indoor": "", "layer": "", "level": "", "covered": "", "nodes": [1372131617, 1372131609]}}, {"type": "Feature", "geometry": {"type": "LineString", "coordinates": [[126.952681, 37.4578625], [126.9527373, 37.4579323], [126.9528222, 37.4579088], [126.9528772, 37.4579895], [126.952912, 37.4580223], [126.9530611, 37.4582148]]}, "properties": {"osm_id": 435329625, "highway": "service", "name": "", "bridge": "", "tunnel": "", "indoor": "", "layer": "", "level": "", "covered": "", "nodes": [1790413448, 13478432925, 4332551617, 4332551619, 4332551618, 4631786402]}}, {"type": "Feature", "geometry": {"type": "LineString", "coordinates": [[126.9528772, 37.4579895], [126.9528325, 37.4580104]]}, "properties": {"osm_id": 435329626, "highway": "footway", "name": "", "bridge": "", "tunnel": "", "indoor": "", "layer": "", "level": "", "covered": "", "nodes": [4332551619, 4332551620]}}, {"type": "Feature", "geometry": {"type": "LineString", "coordinates": [[126.9518893, 37.4572318], [126.9520119, 37.4574389]]}, "properties": {"osm_id": 435329627, "highway": "footway", "name": "", "bridge": "", "tunnel": "", "indoor": "", "layer": "", "level": "", "covered": "", "nodes": [4332551621, 4332551622]}}, {"type": "Feature", "geometry": {"type": "LineString", "coordinates": [[126.9543297, 37.4563913], [126.9543596, 37.4565199], [126.954411, 37.4567431]]}, "properties": {"osm_id": 436516334, "highway": "service", "name": "", "bridge": "", "tunnel": "", "indoor": "", "layer": "", "level": "", "covered": "", "nodes": [4344097183, 4344097185, 4344097184]}}, {"type": "Feature", "geometry": {"type": "LineString", "coordinates": [[126.9543596, 37.4565199], [126.9541061, 37.4565624], [126.9540756, 37.4564333], [126.9543297, 37.4563913]]}, "properties": {"osm_id": 436516335, "highway": "service", "name": "", "bridge": "", "tunnel": "", "indoor": "", "layer": "", "level": "", "covered": "", "nodes": [4344097185, 4344097186, 4344097187, 4344097183]}}, {"type": "Feature", "geometry": {"type": "LineString", "coordinates": [[126.9567322, 37.4603666], [126.9567401, 37.4604026], [126.9567319, 37.46043], [126.9567008, 37.4604806], [126.9566803, 37.4604653], [126.9567055, 37.4604292], [126.9567279, 37.460384], [126.9567322, 37.4603666]]}, "properties": {"osm_id": 436660530, "highway": "pedestrian", "name": "", "bridge": "", "tunnel": "", "indoor": "", "layer": "", "level": "", "covered": "", "nodes": [4345400967, 4345400968, 4345400969, 4345400970, 4345400966, 4345400965, 4345400964, 4345400967]}}, {"type": "Feature", "geometry": {"type": "LineString", "coordinates": [[126.9532833, 37.4535034], [126.9533103, 37.4534884], [126.9535005, 37.45375], [126.9535447, 37.4538107], [126.9535487, 37.4538288], [126.9535382, 37.4538409], [126.9532833, 37.4535034]]}, "properties": {"osm_id": 436661321, "highway": "pedestrian", "name": "", "bridge": "", "tunnel": "", "indoor": "", "layer": "", "level": "", "covered": "", "nodes": [7258177518, 4345407199, 4345407200, 4345407201, 4345407202, 7258177521, 7258177518]}}, {"type": "Feature", "geometry": {"type": "LineString", "coordinates": [[126.9572598, 37.462146], [126.9572595, 37.4620872], [126.957405, 37.4618265], [126.9575569, 37.4615662], [126.9576671, 37.4613774], [126.9578274, 37.4611018], [126.9579581, 37.4608772], [126.9580832, 37.4606622], [126.9581193, 37.4606002]]}, "properties": {"osm_id": 440078004, "highway": "service", "name": "", "bridge": "", "tunnel": "", "indoor": "", "layer": "", "level": "", "covered": "", "nodes": [14047950331, 14047950333, 4288534159, 4752760664, 3046614785, 8482466575, 4752760660, 4752760656, 1789865105]}}, {"type": "Feature", "geometry": {"type": "LineString", "coordinates": [[126.9581983, 37.4665565], [126.9582951, 37.4666869], [126.9588001, 37.4666529]]}, "properties": {"osm_id": 440451840, "highway": "service", "name": "", "bridge": "", "tunnel": "", "indoor": "", "layer": "", "level": "", "covered": "", "nodes": [4381905312, 4381905313, 4381905314]}}, {"type": "Feature", "geometry": {"type": "LineString", "coordinates": [[126.9582951, 37.4666869], [126.9582723, 37.4670063], [126.958798, 37.4669318]]}, "properties": {"osm_id": 440451940, "highway": "service", "name": "", "bridge": "", "tunnel": "", "indoor": "", "layer": "", "level": "", "covered": "", "nodes": [4381905313, 4381898141, 4381898142]}}, {"type": "Feature", "geometry": {"type": "LineString", "coordinates": [[126.9521027, 37.4610986], [126.9518046, 37.4612351]]}, "properties": {"osm_id": 453963026, "highway": "steps", "name": "", "bridge": "", "tunnel": "", "indoor": "", "layer": "", "level": "", "covered": "", "nodes": [1793018815, 1793038626]}}, {"type": "Feature", "geometry": {"type": "LineString", "coordinates": [[126.9525804, 37.4607202], [126.9526676, 37.4607726], [126.9527931, 37.4608481]]}, "properties": {"osm_id": 453963027, "highway": "footway", "name": "", "bridge": "", "tunnel": "", "indoor": "", "layer": "", "level": "", "covered": "", "nodes": [1793018818, 4527843433, 1793018810]}}, {"type": "Feature", "geometry": {"type": "LineString", "coordinates": [[126.9525804, 37.4607202], [126.9522415, 37.460894]]}, "properties": {"osm_id": 453963028, "highway": "steps", "name": "", "bridge": "", "tunnel": "", "indoor": "", "layer": "", "level": "", "covered": "", "nodes": [1793018818, 1793018812]}}, {"type": "Feature", "geometry": {"type": "LineString", "coordinates": [[126.9522415, 37.460894], [126.9521553, 37.4609435]]}, "properties": {"osm_id": 453963029, "highway": "footway", "name": "", "bridge": "", "tunnel": "", "indoor": "", "layer": "", "level": "", "covered": "", "nodes": [1793018812, 4527843431]}}, {"type": "Feature", "geometry": {"type": "LineString", "coordinates": [[126.949676, 37.4604923], [126.9497581, 37.460557], [126.9499015, 37.4606698], [126.9503859, 37.4610615], [126.9504814, 37.4611388], [126.9505399, 37.461185], [126.9505519, 37.4612297], [126.9505405, 37.4612667], [126.9501959, 37.4615432], [126.9501523, 37.4615826], [126.9500725, 37.4616332], [126.9499742, 37.4616798], [126.9498499, 37.461716], [126.9496819, 37.46178], [126.9494884, 37.4618418], [126.9494112, 37.461864], [126.9493031, 37.4618893]]}, "properties": {"osm_id": 455015949, "highway": "service", "name": "", "bridge": "", "tunnel": "", "indoor": "", "layer": "", "level": "", "covered": "", "nodes": [1789861890, 14047967045, 14047967107, 1789861882, 1789861883, 14047967065, 14047967108, 1789861873, 14047967150, 14047967109, 14047967151, 1789861941, 1789861868, 1789861931, 14047967106, 14047967105, 1789842816]}}, {"type": "Feature", "geometry": {"type": "LineString", "coordinates": [[126.9502576, 37.4601207], [126.9503617, 37.4602023], [126.9500978, 37.4605423], [126.9502082, 37.4606318], [126.9504484, 37.4608201]]}, "properties": {"osm_id": 455015950, "highway": "footway", "name": "", "bridge": "", "tunnel": "", "indoor": "", "layer": "", "level": "", "covered": "", "nodes": [1789861877, 2578318970, 2578318971, 2578318976, 2578318972]}}, {"type": "Feature", "geometry": {"type": "LineString", "coordinates": [[126.9499971, 37.4602403], [126.9500631, 37.4601891], [126.9505117, 37.4598201]]}, "properties": {"osm_id": 455015953, "highway": "service", "name": "", "bridge": "", "tunnel": "", "indoor": "", "layer": "", "level": "", "covered": "", "nodes": [1789878135, 14047967114, 1793042678]}}, {"type": "Feature", "geometry": {"type": "LineString", "coordinates": [[126.9506193, 37.4597398], [126.950556, 37.4595999]]}, "properties": {"osm_id": 455015954, "highway": "footway", "name": "", "bridge": "", "tunnel": "", "indoor": "", "layer": "", "level": "", "covered": "", "nodes": [1793038598, 4562088364]}}, {"type": "Feature", "geometry": {"type": "LineString", "coordinates": [[126.9506193, 37.4597398], [126.9509455, 37.4595208], [126.9510307, 37.4593947]]}, "properties": {"osm_id": 455015955, "highway": "pedestrian", "name": "", "bridge": "", "tunnel": "", "indoor": "", "layer": "", "level": "", "covered": "", "nodes": [1793038598, 1789861919, 1789878131]}}, {"type": "Feature", "geometry": {"type": "LineString", "coordinates": [[126.9489892, 37.458336], [126.9490168, 37.458215], [126.9490861, 37.4579331], [126.9491441, 37.4577121], [126.949208, 37.4574685], [126.9492333, 37.4573567], [126.9492959, 37.4570792]]}, "properties": {"osm_id": 455015956, "highway": "service", "name": "", "bridge": "", "tunnel": "", "indoor": "", "layer": "", "level": "", "covered": "", "nodes": [1793042680, 3901595591, 1789842962, 14050337771, 1789919720, 14050337775, 1790427086]}}, {"type": "Feature", "geometry": {"type": "LineString", "coordinates": [[126.9499226, 37.4584056], [126.9500582, 37.4583749]]}, "properties": {"osm_id": 455015957, "highway": "pedestrian", "name": "", "bridge": "", "tunnel": "", "indoor": "", "layer": "", "level": "", "covered": "", "nodes": [4514815251, 4514815252]}}, {"type": "Feature", "geometry": {"type": "LineString", "coordinates": [[126.9501849, 37.4588151], [126.9501424, 37.4588444]]}, "properties": {"osm_id": 455015958, "highway": "pedestrian", "name": "", "bridge": "", "tunnel": "", "indoor": "", "layer": "", "level": "", "covered": "", "nodes": [4514815253, 4514815254]}}, {"type": "Feature", "geometry": {"type": "LineString", "coordinates": [[126.955166, 37.4646893], [126.9551546, 37.464874], [126.9551499, 37.465129], [126.9551338, 37.4654281], [126.9551218, 37.4654999], [126.9551036, 37.4655595], [126.9550882, 37.4655957], [126.9550668, 37.465617], [126.9550101, 37.465639], [126.9549494, 37.4656335], [126.9548956, 37.4656012], [126.9543608, 37.464772], [126.9542727, 37.4646412], [126.9541033, 37.4647151]]}, "properties": {"osm_id": 455018302, "highway": "footway", "name": "", "bridge": "", "tunnel": "", "indoor": "", "layer": "", "level": "", "covered": "", "nodes": [14047966943, 14047966944, 14047966939, 14047966945, 14047966946, 14047966947, 14047966948, 14047966949, 4531518007, 14047967011, 4514838228, 4565095054, 4514838229, 4514838235]}}, {"type": "Feature", "geometry": {"type": "LineString", "coordinates": [[126.9542727, 37.4646412], [126.9542523, 37.4646097]]}, "properties": {"osm_id": 455018303, "highway": "footway", "name": "", "bridge": "", "tunnel": "", "indoor": "", "layer": "", "level": "", "covered": "", "nodes": [4514838229, 4514838231]}}, {"type": "Feature", "geometry": {"type": "LineString", "coordinates": [[126.9548069, 37.4655789], [126.9548838, 37.4656907], [126.9549514, 37.4657437], [126.9550305, 37.4657865]]}, "properties": {"osm_id": 455018304, "highway": "service", "name": "", "bridge": "", "tunnel": "", "indoor": "", "layer": "", "level": "", "covered": "", "nodes": [14050337770, 4514838233, 14047966942, 1789842838]}}, {"type": "Feature", "geometry": {"type": "LineString", "coordinates": [[126.9541033, 37.4647151], [126.9537999, 37.4642402], [126.9536074, 37.4639448]]}, "properties": {"osm_id": 455018305, "highway": "footway", "name": "", "bridge": "", "tunnel": "", "indoor": "", "layer": "", "level": "", "covered": "", "nodes": [4514838235, 4531515083, 4514838236]}}, {"type": "Feature", "geometry": {"type": "LineString", "coordinates": [[126.9531148, 37.4639404], [126.9533642, 37.4640841], [126.953552, 37.4638567]]}, "properties": {"osm_id": 455018306, "highway": "service", "name": "", "bridge": "", "tunnel": "", "indoor": "", "layer": "", "level": "", "covered": "", "nodes": [1790446289, 4514838237, 4514856041]}}, {"type": "Feature", "geometry": {"type": "LineString", "coordinates": [[126.9541033, 37.4647151], [126.9537203, 37.4648724]]}, "properties": {"osm_id": 455020726, "highway": "steps", "name": "", "bridge": "", "tunnel": "", "indoor": "", "layer": "", "level": "", "covered": "", "nodes": [4514838235, 4514872419]}}, {"type": "Feature", "geometry": {"type": "LineString", "coordinates": [[126.953552, 37.4638567], [126.9536074, 37.4639448]]}, "properties": {"osm_id": 455020727, "highway": "footway", "name": "", "bridge": "", "tunnel": "", "indoor": "", "layer": "", "level": "", "covered": "", "nodes": [4514856041, 4514838236]}}, {"type": "Feature", "geometry": {"type": "LineString", "coordinates": [[126.9535805, 37.4637378], [126.9536228, 37.4635824], [126.9535512, 37.4634594]]}, "properties": {"osm_id": 455020728, "highway": "service", "name": "", "bridge": "", "tunnel": "", "indoor": "", "layer": "", "level": "", "covered": "", "nodes": [4514856040, 4514872420, 1793248042]}}, {"type": "Feature", "geometry": {"type": "LineString", "coordinates": [[126.953552, 37.4638567], [126.9535805, 37.4637378]]}, "properties": {"osm_id": 455020729, "highway": "service", "name": "", "bridge": "", "tunnel": "", "indoor": "", "layer": "", "level": "", "covered": "", "nodes": [4514856041, 4514856040]}}, {"type": "Feature", "geometry": {"type": "LineString", "coordinates": [[126.953591, 37.4610873], [126.9539663, 37.4610068]]}, "properties": {"osm_id": 455459964, "highway": "footway", "name": "", "bridge": "", "tunnel": "", "indoor": "", "layer": "", "level": "", "covered": "", "nodes": [1793018822, 1789930533]}}, {"type": "Feature", "geometry": {"type": "LineString", "coordinates": [[126.9545705, 37.4609408], [126.9549195, 37.4607623], [126.9550484, 37.4606964]]}, "properties": {"osm_id": 455459966, "highway": "footway", "name": "", "bridge": "", "tunnel": "", "indoor": "", "layer": "", "level": "", "covered": "", "nodes": [1789930536, 4527869965, 1789877121]}}, {"type": "Feature", "geometry": {"type": "LineString", "coordinates": [[126.9539663, 37.4610068], [126.954113, 37.461029], [126.9542333, 37.4609912], [126.9543576, 37.4609598], [126.9545705, 37.4609408]]}, "properties": {"osm_id": 455459967, "highway": "footway", "name": "", "bridge": "", "tunnel": "", "indoor": "", "layer": "", "level": "", "covered": "", "nodes": [1789930533, 1789930535, 4518611094, 1789930540, 1789930536]}}, {"type": "Feature", "geometry": {"type": "LineString", "coordinates": [[126.9525804, 37.4607202], [126.9526823, 37.4606771]]}, "properties": {"osm_id": 455459968, "highway": "steps", "name": "", "bridge": "", "tunnel": "", "indoor": "", "layer": "", "level": "", "covered": "", "nodes": [1793018818, 1793018808]}}, {"type": "Feature", "geometry": {"type": "LineString", "coordinates": [[126.9526823, 37.4606771], [126.9527931, 37.4608481], [126.9528694, 37.4608911], [126.9530573, 37.4609819], [126.9531558, 37.4610675], [126.9533979, 37.4610793], [126.953591, 37.4610873]]}, "properties": {"osm_id": 455459969, "highway": "footway", "name": "", "bridge": "", "tunnel": "", "indoor": "", "layer": "", "level": "", "covered": "", "nodes": [1793018808, 1793018810, 1793022855, 1793018823, 1793018813, 1793248006, 1793018822]}}, {"type": "Feature", "geometry": {"type": "LineString", "coordinates": [[126.9518161, 37.4601489], [126.9515224, 37.459937], [126.9512669, 37.4597526], [126.9509455, 37.4595208]]}, "properties": {"osm_id": 455468340, "highway": "pedestrian", "name": "", "bridge": "", "tunnel": "", "indoor": "", "layer": "", "level": "", "covered": "", "nodes": [1789861907, 1793038582, 1793038585, 1789861919]}}, {"type": "Feature", "geometry": {"type": "LineString", "coordinates": [[126.9518161, 37.4601489], [126.9522483, 37.4600583], [126.9525964, 37.4599704], [126.9528894, 37.4598387]]}, "properties": {"osm_id": 455468341, "highway": "service", "name": "", "bridge": "", "tunnel": "", "indoor": "", "layer": "", "level": "", "covered": "", "nodes": [1789861907, 1793018811, 1789861901, 1789861909]}}, {"type": "Feature", "geometry": {"type": "LineString", "coordinates": [[126.9531852, 37.459463], [126.9531622, 37.4593693], [126.9530337, 37.4592675]]}, "properties": {"osm_id": 455468342, "highway": "service", "name": "", "bridge": "", "tunnel": "", "indoor": "", "layer": "", "level": "", "covered": "", "nodes": [1789878132, 1789877115, 1789877101]}}, {"type": "Feature", "geometry": {"type": "LineString", "coordinates": [[126.9531852, 37.459463], [126.9532553, 37.459495]]}, "properties": {"osm_id": 455468343, "highway": "service", "name": "", "bridge": "", "tunnel": "", "indoor": "", "layer": "", "level": "", "covered": "", "nodes": [1789878132, 1789877100]}}, {"type": "Feature", "geometry": {"type": "LineString", "coordinates": [[126.9510392, 37.4587875], [126.9508069, 37.4588592], [126.9507227, 37.4588961], [126.9505564, 37.458598], [126.9503575, 37.458324], [126.9502794, 37.4581602], [126.9501483, 37.4578854], [126.9503462, 37.457826], [126.9506579, 37.4577278]]}, "properties": {"osm_id": 456144029, "highway": "footway", "name": "", "bridge": "", "tunnel": "", "indoor": "", "layer": "", "level": "", "covered": "", "nodes": [3046670113, 2044015730, 3046670112, 3046670111, 1790388364, 1790388365, 1790388372, 1790388368, 1790388376]}}, {"type": "Feature", "geometry": {"type": "LineString", "coordinates": [[126.9505399, 37.4574787], [126.9502542, 37.4573989]]}, "properties": {"osm_id": 456144030, "highway": "service", "name": "", "bridge": "", "tunnel": "", "indoor": "", "layer": "", "level": "", "covered": "", "nodes": [1790388371, 1789919730]}}, {"type": "Feature", "geometry": {"type": "LineString", "coordinates": [[126.9509914, 37.457244], [126.9510474, 37.4571179], [126.9510687, 37.4570103], [126.9510848, 37.4569289], [126.9510894, 37.4569003], [126.9512108, 37.4561578]]}, "properties": {"osm_id": 456144031, "highway": "service", "name": "", "bridge": "", "tunnel": "", "indoor": "", "layer": "", "level": "", "covered": "", "nodes": [2548591992, 1739012443, 13617883875, 1739012442, 2548592008, 2548592005]}}, {"type": "Feature", "geometry": {"type": "LineString", "coordinates": [[126.9512108, 37.4561578], [126.9509095, 37.4561199], [126.9508279, 37.4561096]]}, "properties": {"osm_id": 456144032, "highway": "service", "name": "", "bridge": "", "tunnel": "", "indoor": "", "layer": "", "level": "", "covered": "", "nodes": [2548592005, 4532193683, 2548592006]}}, {"type": "Feature", "geometry": {"type": "LineString", "coordinates": [[126.9535805, 37.4637378], [126.9539696, 37.4635144]]}, "properties": {"osm_id": 456356701, "highway": "residential", "name": "", "bridge": "", "tunnel": "", "indoor": "", "layer": "", "level": "", "covered": "", "nodes": [4514856040, 4526181513]}}, {"type": "Feature", "geometry": {"type": "LineString", "coordinates": [[126.9539696, 37.4635144], [126.9543002, 37.4640214]]}, "properties": {"osm_id": 456356702, "highway": "pedestrian", "name": "", "bridge": "", "tunnel": "", "indoor": "", "layer": "", "level": "", "covered": "", "nodes": [4526181513, 3902460120]}}, {"type": "Feature", "geometry": {"type": "LineString", "coordinates": [[126.9523864, 37.4625604], [126.9526793, 37.4627305]]}, "properties": {"osm_id": 456356704, "highway": "steps", "name": "", "bridge": "", "tunnel": "", "indoor": "", "layer": "", "level": "", "covered": "", "nodes": [1793247974, 4526181514]}}, {"type": "Feature", "geometry": {"type": "LineString", "coordinates": [[126.9526831, 37.4619879], [126.9526037, 37.4623464]]}, "properties": {"osm_id": 456356705, "highway": "footway", "name": "", "bridge": "", "tunnel": "", "indoor": "", "layer": "", "level": "", "covered": "", "nodes": [1793248075, 1793248089]}}, {"type": "Feature", "geometry": {"type": "LineString", "coordinates": [[126.9499437, 37.4658895], [126.9503769, 37.4659757], [126.9505801, 37.4660135], [126.9506629, 37.4660212], [126.9512916, 37.4660316], [126.9516067, 37.4660359], [126.9516523, 37.4660449], [126.9516966, 37.4660625], [126.9517372, 37.4660892], [126.9517663, 37.4661173], [126.9517817, 37.4661556], [126.9517683, 37.4661886], [126.9517377, 37.4662166], [126.95171, 37.4662493], [126.9516887, 37.4663165], [126.9516938, 37.4663654], [126.9517209, 37.4664038], [126.9517549, 37.4664404], [126.9517951, 37.4664728], [126.9518146, 37.4664925], [126.9518166, 37.4665128], [126.9518072, 37.4665309], [126.9517898, 37.4665548], [126.9517677, 37.4665713], [126.9517375, 37.4665734], [126.9517086, 37.4665646], [126.9516073, 37.466528]]}, "properties": {"osm_id": 456356709, "highway": "footway", "name": "", "bridge": "", "tunnel": "", "indoor": "", "layer": "", "level": "", "covered": "", "nodes": [14047967181, 14047967180, 14047967176, 4526181522, 14047967177, 14047967175, 14047967174, 4526181523, 4526181524, 14047967167, 14047967166, 14047967165, 4526181525, 14047967164, 4526181526, 4526181527, 4526181528, 14047967159, 14047967158, 14047967156, 14047967157, 14047967160, 14047967161, 14047967162, 14047967163, 4526181529, 4526181530]}}, {"type": "Feature", "geometry": {"type": "LineString", "coordinates": [[126.9519073, 37.4661662], [126.9518186, 37.4662238], [126.9517765, 37.4662607], [126.9517593, 37.466309], [126.9517542, 37.4663462], [126.9517744, 37.4663941], [126.9518233, 37.4664201], [126.9519172, 37.4664568]]}, "properties": {"osm_id": 456356712, "highway": "service", "name": "", "bridge": "", "tunnel": "", "indoor": "", "layer": "", "level": "", "covered": "", "nodes": [4526181533, 14047967171, 4526181534, 4526181535, 14047967168, 14047967173, 14047967172, 4526181536]}}, {"type": "Feature", "geometry": {"type": "LineString", "coordinates": [[126.9479607, 37.4665805], [126.9479857, 37.4665064], [126.9480166, 37.4663824], [126.94803, 37.4663121], [126.9480722, 37.4662233], [126.9481601, 37.4660625], [126.9481923, 37.4659976], [126.9482399, 37.4659002], [126.948268, 37.4658264], [126.9482969, 37.4657373], [126.9483089, 37.4656007], [126.9483297, 37.4655037], [126.9483571, 37.465407], [126.9484538, 37.4651939], [126.9484771, 37.4651172]]}, "properties": {"osm_id": 456356715, "highway": "footway", "name": "", "bridge": "", "tunnel": "", "indoor": "", "layer": "", "level": "", "covered": "", "nodes": [10740734478, 14047967218, 14047967219, 14047967217, 10740734479, 14047967220, 14047967216, 14047967215, 4526181552, 14047967214, 357899388, 14047967213, 4526181542, 14047967212, 4526181545]}}, {"type": "Feature", "geometry": {"type": "LineString", "coordinates": [[126.9484771, 37.4651172], [126.9485597, 37.4647958], [126.9486454, 37.4644124], [126.9487618, 37.4638783], [126.9489627, 37.4629962], [126.9489842, 37.462884], [126.94903, 37.4626866], [126.9491176, 37.462265], [126.9491994, 37.461902], [126.9492343, 37.4617423], [126.9492491, 37.4616731], [126.9492625, 37.461589], [126.9492678, 37.461506], [126.9492698, 37.4614314], [126.9492645, 37.4613762], [126.9492477, 37.4613074], [126.9492189, 37.4612292], [126.949188, 37.4611435], [126.9491277, 37.4609796], [126.949066, 37.4608162], [126.9490167, 37.4606933], [126.9489882, 37.4606222], [126.9489828, 37.4606139], [126.9489748, 37.460607]]}, "properties": {"osm_id": 456356716, "highway": "footway", "name": "", "bridge": "", "tunnel": "", "indoor": "", "layer": "", "level": "", "covered": "", "nodes": [4526181545, 13480905069, 4526181562, 4526181564, 4526181547, 4526181568, 4526181566, 14047967204, 14047967203, 4526181548, 14047967199, 14047967198, 14047967197, 14047967196, 4526181549, 14047967195, 14047967200, 14047967194, 14047967201, 14047967202, 14047967044, 4526181550, 14050364237, 14050364238]}}, {"type": "Feature", "geometry": {"type": "LineString", "coordinates": [[126.9487332, 37.4657235], [126.9487366, 37.4656968], [126.9487509, 37.4655816], [126.948774, 37.4653962]]}, "properties": {"osm_id": 456356718, "highway": "footway", "name": "", "bridge": "", "tunnel": "", "indoor": "", "layer": "", "level": "", "covered": "", "nodes": [4526181519, 10740815067, 8675989073, 4526181554]}}, {"type": "Feature", "geometry": {"type": "LineString", "coordinates": [[126.9480219, 37.466581], [126.9481152, 37.4665814], [126.9482, 37.4665823]]}, "properties": {"osm_id": 456356719, "highway": "footway", "name": "", "bridge": "", "tunnel": "", "indoor": "", "layer": "", "level": "", "covered": "", "nodes": [14047967182, 8675989069, 10740815066]}}, {"type": "Feature", "geometry": {"type": "LineString", "coordinates": [[126.948268, 37.4658264], [126.9483944, 37.4658338], [126.9484986, 37.4658391], [126.9485905, 37.4658422]]}, "properties": {"osm_id": 456356720, "highway": "footway", "name": "", "bridge": "", "tunnel": "", "indoor": "", "layer": "", "level": "", "covered": "", "nodes": [4526181552, 8675989070, 10740795347, 4526181553]}}, {"type": "Feature", "geometry": {"type": "LineString", "coordinates": [[126.9487905, 37.4647435], [126.9487361, 37.4650257], [126.9487045, 37.4651872], [126.9487032, 37.4652327], [126.948708, 37.4652646], [126.9487227, 37.465308], [126.9487413, 37.4653477], [126.9487548, 37.4653721], [126.948774, 37.4653962], [126.9488136, 37.4654367], [126.9488558, 37.4654685], [126.9489038, 37.4654968], [126.9489466, 37.4655151], [126.9489936, 37.4655276], [126.9493108, 37.4655877]]}, "properties": {"osm_id": 456356722, "highway": "footway", "name": "", "bridge": "", "tunnel": "", "indoor": "", "layer": "", "level": "", "covered": "", "nodes": [4526181555, 13479282886, 13479282879, 13479282885, 13479282884, 13479282883, 357900538, 10740795346, 4526181554, 4526181557, 13479282882, 13479282881, 13479282880, 13480905073, 3927957307]}}, {"type": "Feature", "geometry": {"type": "LineString", "coordinates": [[126.9488406, 37.4645436], [126.9488616, 37.4644397], [126.9488653, 37.4644212], [126.9488963, 37.4642667], [126.9489679, 37.4639015], [126.9489757, 37.4638636], [126.9491141, 37.4632265], [126.94919, 37.4629117], [126.9491947, 37.4628888], [126.9492093, 37.4628129]]}, "properties": {"osm_id": 456356724, "highway": "footway", "name": "", "bridge": "", "tunnel": "", "indoor": "", "layer": "", "level": "", "covered": "", "nodes": [4526181561, 4526181563, 13480993814, 13480993823, 4526181565, 4526181576, 357899691, 4526181569, 14047967095, 4526181571]}}, {"type": "Feature", "geometry": {"type": "LineString", "coordinates": [[126.9487905, 37.4647435], [126.9488093, 37.4646685], [126.9488406, 37.4645436]]}, "properties": {"osm_id": 456356725, "highway": "footway", "name": "", "bridge": "", "tunnel": "", "indoor": "", "layer": "", "level": "", "covered": "", "nodes": [4526181555, 1966229952, 4526181561]}}, {"type": "Feature", "geometry": {"type": "LineString", "coordinates": [[126.9486454, 37.4644124], [126.9487546, 37.4644262], [126.9488616, 37.4644397]]}, "properties": {"osm_id": 456356726, "highway": "footway", "name": "", "bridge": "", "tunnel": "", "indoor": "", "layer": "", "level": "", "covered": "", "nodes": [4526181562, 2578318980, 4526181563]}}, {"type": "Feature", "geometry": {"type": "LineString", "coordinates": [[126.9487618, 37.4638783], [126.9488675, 37.4638902], [126.9489679, 37.4639015]]}, "properties": {"osm_id": 456356728, "highway": "footway", "name": "", "bridge": "", "tunnel": "", "indoor": "", "layer": "", "level": "", "covered": "", "nodes": [4526181564, 8675989071, 4526181565]}}, {"type": "Feature", "geometry": {"type": "LineString", "coordinates": [[126.9489842, 37.462884], [126.9490804, 37.4628969], [126.94919, 37.4629117]]}, "properties": {"osm_id": 456356729, "highway": "footway", "name": "", "bridge": "", "tunnel": "", "indoor": "", "layer": "", "level": "", "covered": "", "nodes": [4526181568, 8675989072, 4526181569]}}, {"type": "Feature", "geometry": {"type": "LineString", "coordinates": [[126.9492325, 37.4626711], [126.9492395, 37.4626345], [126.9493608, 37.4620389], [126.9493711, 37.4619967], [126.9493979, 37.4619616], [126.9494395, 37.461936], [126.9494791, 37.4619153], [126.9498606, 37.4617966], [126.9499706, 37.461762], [126.9500732, 37.4617189], [126.9501516, 37.4616789], [126.9502207, 37.4616337], [126.9504145, 37.4614666], [126.9504976, 37.4614], [126.9505348, 37.4613965], [126.9505822, 37.4613586], [126.950733, 37.461238]]}, "properties": {"osm_id": 456356730, "highway": "footway", "name": "", "bridge": "", "tunnel": "", "indoor": "", "layer": "", "level": "", "covered": "", "nodes": [4526181570, 14047967094, 4526181560, 14047967075, 14047967111, 14047967074, 14047967073, 14047967072, 14047967071, 14047967070, 14047967069, 14047967068, 14047967067, 14047967064, 14047967066, 14047967046, 14047967063]}}, {"type": "Feature", "geometry": {"type": "LineString", "coordinates": [[126.9492093, 37.4628129], [126.9492224, 37.4627326], [126.9492325, 37.4626711]]}, "properties": {"osm_id": 456356731, "highway": "footway", "name": "", "bridge": "", "tunnel": "", "indoor": "", "layer": "", "level": "", "covered": "", "nodes": [4526181571, 14047967077, 4526181570]}}, {"type": "Feature", "geometry": {"type": "LineString", "coordinates": [[126.9501398, 37.4627756], [126.9503105, 37.462761], [126.9503507, 37.4627454]]}, "properties": {"osm_id": 456356732, "highway": "footway", "name": "", "bridge": "", "tunnel": "", "indoor": "", "layer": "", "level": "", "covered": "", "nodes": [4533976920, 14047967078, 4533976922]}}, {"type": "Feature", "geometry": {"type": "LineString", "coordinates": [[126.9506071, 37.4626557], [126.9506859, 37.4627576]]}, "properties": {"osm_id": 456356734, "highway": "service", "name": "", "bridge": "", "tunnel": "", "indoor": "", "layer": "", "level": "", "covered": "", "nodes": [4526181574, 4527485572]}}, {"type": "Feature", "geometry": {"type": "LineString", "coordinates": [[126.9507369, 37.4631046], [126.9506978, 37.4632486], [126.9507008, 37.4632983], [126.9504852, 37.4634292]]}, "properties": {"osm_id": 456356735, "highway": "footway", "name": "", "bridge": "", "tunnel": "", "indoor": "", "layer": "", "level": "", "covered": "", "nodes": [4526181575, 8146884579, 4526181577, 3655578627]}}, {"type": "Feature", "geometry": {"type": "LineString", "coordinates": [[126.9484157, 37.466594], [126.948593, 37.4666113], [126.949314, 37.466564]]}, "properties": {"osm_id": 456358908, "highway": "footway", "name": "", "bridge": "", "tunnel": "", "indoor": "", "layer": "", "level": "", "covered": "", "nodes": [4526181551, 10740734477, 4526201828]}}, {"type": "Feature", "geometry": {"type": "LineString", "coordinates": [[126.949314, 37.466564], [126.9490009, 37.4668895]]}, "properties": {"osm_id": 456358909, "highway": "footway", "name": "", "bridge": "", "tunnel": "", "indoor": "", "layer": "", "level": "", "covered": "", "nodes": [4526201828, 4526201829]}}, {"type": "Feature", "geometry": {"type": "LineString", "coordinates": [[126.9494523, 37.4664171], [126.949314, 37.466564]]}, "properties": {"osm_id": 456358910, "highway": "steps", "name": "", "bridge": "", "tunnel": "", "indoor": "", "layer": "", "level": "", "covered": "", "nodes": [4526201830, 4526201828]}}, {"type": "Feature", "geometry": {"type": "LineString", "coordinates": [[126.9494523, 37.4664171], [126.9498281, 37.4658665]]}, "properties": {"osm_id": 456358911, "highway": "footway", "name": "", "bridge": "", "tunnel": "", "indoor": "", "layer": "", "level": "", "covered": "", "nodes": [4526201830, 5242252844]}}, {"type": "Feature", "geometry": {"type": "LineString", "coordinates": [[126.9491868, 37.463713], [126.9492844, 37.463623]]}, "properties": {"osm_id": 456487316, "highway": "footway", "name": "", "bridge": "", "tunnel": "", "indoor": "", "layer": "", "level": "", "covered": "", "nodes": [3655583125, 3655583026]}}, {"type": "Feature", "geometry": {"type": "LineString", "coordinates": [[126.9492844, 37.463623], [126.9493796, 37.4634645]]}, "properties": {"osm_id": 456487317, "highway": "footway", "name": "", "bridge": "", "tunnel": "", "indoor": "", "layer": "", "level": "", "covered": "", "nodes": [3655583026, 3655583027]}}, {"type": "Feature", "geometry": {"type": "LineString", "coordinates": [[126.9502357, 37.4629863], [126.9503595, 37.4630788], [126.9504237, 37.4630225], [126.9504933, 37.4630724]]}, "properties": {"osm_id": 456487318, "highway": "footway", "name": "", "bridge": "", "tunnel": "", "indoor": "", "layer": "", "level": "", "covered": "", "nodes": [3655583225, 14047967081, 3655583028, 3655583029]}}, {"type": "Feature", "geometry": {"type": "LineString", "coordinates": [[126.9493796, 37.4634645], [126.949475, 37.463363], [126.94973, 37.4632117]]}, "properties": {"osm_id": 456487319, "highway": "footway", "name": "", "bridge": "", "tunnel": "", "indoor": "", "layer": "", "level": "", "covered": "", "nodes": [3655583027, 14047967205, 4527485569]}}, {"type": "Feature", "geometry": {"type": "LineString", "coordinates": [[126.9499439, 37.4630882], [126.9502357, 37.4629863]]}, "properties": {"osm_id": 456487321, "highway": "footway", "name": "", "bridge": "", "tunnel": "", "indoor": "", "layer": "", "level": "", "covered": "", "nodes": [4527485570, 3655583225]}}, {"type": "Feature", "geometry": {"type": "LineString", "coordinates": [[126.94973, 37.4632117], [126.9499439, 37.4630882]]}, "properties": {"osm_id": 456487322, "highway": "footway", "name": "", "bridge": "", "tunnel": "", "indoor": "", "layer": "", "level": "", "covered": "", "nodes": [4527485569, 4527485570]}}, {"type": "Feature", "geometry": {"type": "LineString", "coordinates": [[126.9491947, 37.4628888], [126.9492873, 37.4628382], [126.9493429, 37.4628196], [126.9494019, 37.4628073], [126.9497674, 37.4627951], [126.9500174, 37.4627819], [126.9501398, 37.4627756]]}, "properties": {"osm_id": 456487326, "highway": "footway", "name": "", "bridge": "", "tunnel": "", "indoor": "", "layer": "", "level": "", "covered": "", "nodes": [14047967095, 14047967096, 14047967097, 14047967098, 14047967099, 4533976918, 4533976920]}}, {"type": "Feature", "geometry": {"type": "LineString", "coordinates": [[126.9503507, 37.4627454], [126.9505866, 37.4627442]]}, "properties": {"osm_id": 456487330, "highway": "footway", "name": "", "bridge": "", "tunnel": "", "indoor": "", "layer": "", "level": "", "covered": "", "nodes": [4533976922, 4526181573]}}, {"type": "Feature", "geometry": {"type": "LineString", "coordinates": [[126.9504237, 37.4630225], [126.9505043, 37.4629606], [126.9505499, 37.4629164], [126.9505694, 37.4628552], [126.9505866, 37.4627442]]}, "properties": {"osm_id": 456487331, "highway": "footway", "name": "", "bridge": "", "tunnel": "", "indoor": "", "layer": "", "level": "", "covered": "", "nodes": [3655583028, 14047967079, 14047967080, 14047967083, 4526181573]}}, {"type": "Feature", "geometry": {"type": "LineString", "coordinates": [[126.9505866, 37.4627442], [126.9506471, 37.4627488], [126.9506859, 37.4627576]]}, "properties": {"osm_id": 456487332, "highway": "footway", "name": "", "bridge": "", "tunnel": "", "indoor": "", "layer": "", "level": "", "covered": "", "nodes": [4526181573, 4527485571, 4527485572]}}, {"type": "Feature", "geometry": {"type": "LineString", "coordinates": [[126.9506859, 37.4627576], [126.9507369, 37.4631046]]}, "properties": {"osm_id": 456487333, "highway": "service", "name": "", "bridge": "", "tunnel": "", "indoor": "", "layer": "", "level": "", "covered": "", "nodes": [4527485572, 4526181575]}}, {"type": "Feature", "geometry": {"type": "LineString", "coordinates": [[126.9491179, 37.4627369], [126.9492224, 37.4627326], [126.9499706, 37.4627014], [126.9503518, 37.4626972], [126.9506071, 37.4626557]]}, "properties": {"osm_id": 456487335, "highway": "service", "name": "", "bridge": "", "tunnel": "", "indoor": "", "layer": "", "level": "", "covered": "", "nodes": [1789933612, 14047967077, 14047967193, 1789933622, 4526181574]}}, {"type": "Feature", "geometry": {"type": "LineString", "coordinates": [[126.950837, 37.462452], [126.9510583, 37.4622573], [126.9513081, 37.4620695]]}, "properties": {"osm_id": 456487336, "highway": "footway", "name": "", "bridge": "", "tunnel": "", "indoor": "", "layer": "", "level": "", "covered": "", "nodes": [4533956350, 4533956349, 4527485576]}}, {"type": "Feature", "geometry": {"type": "LineString", "coordinates": [[126.9506071, 37.4626557], [126.9507938, 37.4624196], [126.9508114, 37.4624052]]}, "properties": {"osm_id": 456487337, "highway": "service", "name": "", "bridge": "", "tunnel": "", "indoor": "", "layer": "", "level": "", "covered": "", "nodes": [4526181574, 8146884578, 4533956351]}}, {"type": "Feature", "geometry": {"type": "LineString", "coordinates": [[126.9508114, 37.4624052], [126.9509008, 37.4622378], [126.9510524, 37.4621885], [126.9512106, 37.462047]]}, "properties": {"osm_id": 456487338, "highway": "service", "name": "", "bridge": "", "tunnel": "", "indoor": "", "layer": "", "level": "", "covered": "", "nodes": [4533956351, 14047967076, 4533956348, 4533956347]}}, {"type": "Feature", "geometry": {"type": "LineString", "coordinates": [[126.9513081, 37.4620695], [126.9515048, 37.4619013]]}, "properties": {"osm_id": 456487339, "highway": "footway", "name": "", "bridge": "", "tunnel": "", "indoor": "", "layer": "", "level": "", "covered": "", "nodes": [4527485576, 1793038623]}}, {"type": "Feature", "geometry": {"type": "LineString", "coordinates": [[126.9514699, 37.4618361], [126.9512106, 37.462047]]}, "properties": {"osm_id": 456487340, "highway": "service", "name": "", "bridge": "", "tunnel": "", "indoor": "", "layer": "", "level": "", "covered": "", "nodes": [4533956352, 4533956347]}}, {"type": "Feature", "geometry": {"type": "LineString", "coordinates": [[126.9515048, 37.4619013], [126.9518746, 37.4622225]]}, "properties": {"osm_id": 456487341, "highway": "footway", "name": "", "bridge": "", "tunnel": "", "indoor": "", "layer": "", "level": "", "covered": "", "nodes": [1793038623, 4527485577]}}, {"type": "Feature", "geometry": {"type": "LineString", "coordinates": [[126.9518746, 37.4622225], [126.951953, 37.4622945]]}, "properties": {"osm_id": 456487342, "highway": "steps", "name": "", "bridge": "", "tunnel": "", "indoor": "", "layer": "", "level": "", "covered": "", "nodes": [4527485577, 4527485578]}}, {"type": "Feature", "geometry": {"type": "LineString", "coordinates": [[126.950837, 37.462452], [126.9512423, 37.4627847]]}, "properties": {"osm_id": 456487343, "highway": "footway", "name": "", "bridge": "", "tunnel": "", "indoor": "", "layer": "", "level": "", "covered": "", "nodes": [4533956350, 4527485579]}}, {"type": "Feature", "geometry": {"type": "LineString", "coordinates": [[126.9510583, 37.4622573], [126.9516339, 37.4627141]]}, "properties": {"osm_id": 456487344, "highway": "footway", "name": "", "bridge": "", "tunnel": "", "indoor": "", "layer": "", "level": "", "covered": "", "nodes": [4533956349, 4527485581]}}, {"type": "Feature", "geometry": {"type": "LineString", "coordinates": [[126.9524102, 37.4623912], [126.9525486, 37.4624475]]}, "properties": {"osm_id": 456487346, "highway": "footway", "name": "", "bridge": "", "tunnel": "", "indoor": "", "layer": "", "level": "", "covered": "", "nodes": [1793031447, 1793248063]}}, {"type": "Feature", "geometry": {"type": "LineString", "coordinates": [[126.9526831, 37.4619879], [126.9525222, 37.4618238], [126.9526389, 37.4616732]]}, "properties": {"osm_id": 456509807, "highway": "service", "name": "", "bridge": "", "tunnel": "", "indoor": "", "layer": "", "level": "", "covered": "", "nodes": [1793248075, 4527656838, 1793248002]}}, {"type": "Feature", "geometry": {"type": "LineString", "coordinates": [[126.9516966, 37.4660625], [126.9518513, 37.4660656], [126.9519678, 37.4660679]]}, "properties": {"osm_id": 456509808, "highway": "footway", "name": "", "bridge": "", "tunnel": "", "indoor": "", "layer": "", "level": "", "covered": "", "nodes": [4526181523, 11866580144, 14047966962]}}, {"type": "Feature", "geometry": {"type": "LineString", "coordinates": [[126.9520065, 37.4660686], [126.9520088, 37.465993], [126.952011, 37.46592]]}, "properties": {"osm_id": 456509809, "highway": "footway", "name": "", "bridge": "", "tunnel": "", "indoor": "", "layer": "", "level": "", "covered": "", "nodes": [4527656839, 8675989074, 4527656840]}}, {"type": "Feature", "geometry": {"type": "LineString", "coordinates": [[126.9528447, 37.4660451], [126.9528447, 37.4659851], [126.9528446, 37.4659081], [126.9528164, 37.4655595], [126.9527925, 37.4655061], [126.9525316, 37.4652776]]}, "properties": {"osm_id": 456509810, "highway": "service", "name": "", "bridge": "", "tunnel": "", "indoor": "", "layer": "", "level": "", "covered": "", "nodes": [4527656841, 14047967024, 14047967027, 14047967028, 4527656842, 4527656843]}}, {"type": "Feature", "geometry": {"type": "LineString", "coordinates": [[126.9526975, 37.4626966], [126.9527676, 37.462732]]}, "properties": {"osm_id": 456522809, "highway": "steps", "name": "", "bridge": "", "tunnel": "", "indoor": "", "layer": "", "level": "", "covered": "", "nodes": [1793247999, 4527827479]}}, {"type": "Feature", "geometry": {"type": "LineString", "coordinates": [[126.9529738, 37.4630522], [126.9530148, 37.4629418]]}, "properties": {"osm_id": 456522811, "highway": "steps", "name": "", "bridge": "", "tunnel": "", "indoor": "", "layer": "", "level": "", "covered": "", "nodes": [1793248062, 4527756099]}}, {"type": "Feature", "geometry": {"type": "LineString", "coordinates": [[126.9530148, 37.4629418], [126.9530006, 37.4628094]]}, "properties": {"osm_id": 456522812, "highway": "pedestrian", "name": "", "bridge": "", "tunnel": "", "indoor": "", "layer": "", "level": "", "covered": "", "nodes": [4527756099, 1793247998]}}, {"type": "Feature", "geometry": {"type": "LineString", "coordinates": [[126.9523797, 37.4613383], [126.9523565, 37.4611199]]}, "properties": {"osm_id": 456522816, "highway": "pedestrian", "name": "", "bridge": "", "tunnel": "", "indoor": "", "layer": "", "level": "", "covered": "", "nodes": [1793248072, 4527756101]}}, {"type": "Feature", "geometry": {"type": "LineString", "coordinates": [[126.952291, 37.4612118], [126.9523565, 37.4611199], [126.9523253, 37.4610839]]}, "properties": {"osm_id": 456522818, "highway": "steps", "name": "", "bridge": "", "tunnel": "", "indoor": "", "layer": "", "level": "", "covered": "", "nodes": [4527756102, 4527756101, 4527756103]}}, {"type": "Feature", "geometry": {"type": "LineString", "coordinates": [[126.9518046, 37.4612351], [126.9515492, 37.4614661]]}, "properties": {"osm_id": 456523970, "highway": "steps", "name": "", "bridge": "", "tunnel": "", "indoor": "", "layer": "", "level": "", "covered": "", "nodes": [1793038626, 1793038613]}}, {"type": "Feature", "geometry": {"type": "LineString", "coordinates": [[126.9517399, 37.4607476], [126.95181, 37.4606294], [126.9519269, 37.4605405], [126.9523968, 37.4604135], [126.9525051, 37.4603821]]}, "properties": {"osm_id": 456534588, "highway": "footway", "name": "", "bridge": "", "tunnel": "", "indoor": "", "layer": "", "level": "", "covered": "", "nodes": [1793018806, 1793018824, 1793018809, 1793018821, 1793018820]}}, {"type": "Feature", "geometry": {"type": "LineString", "coordinates": [[126.9527377, 37.4629947], [126.9526573, 37.4629095], [126.9526439, 37.4627967], [126.9526793, 37.4627305], [126.9526975, 37.4626966], [126.9525956, 37.4626136], [126.9525486, 37.4624475], [126.9526037, 37.4623464], [126.9527292, 37.4622703], [126.9528759, 37.4621899], [126.9529845, 37.462175], [126.9532125, 37.4621452], [126.9533179, 37.46213], [126.95336, 37.4621239], [126.9533939, 37.4620664], [126.9534225, 37.4620179], [126.9534257, 37.4618716]]}, "properties": {"osm_id": 456534589, "highway": "service", "name": "", "bridge": "", "tunnel": "", "indoor": "", "layer": "", "level": "", "covered": "", "nodes": [1793248019, 1793248068, 1793248078, 4526181514, 1793247999, 1793248060, 1793248063, 1793248089, 14047967039, 1793248026, 1793248036, 1793248004, 4564623322, 1793248029, 8146884576, 1793248084, 1793248045]}}, {"type": "Feature", "geometry": {"type": "LineString", "coordinates": [[126.9529738, 37.4630522], [126.9528531, 37.4630181], [126.9527377, 37.4629947]]}, "properties": {"osm_id": 456534590, "highway": "service", "name": "", "bridge": "", "tunnel": "", "indoor": "", "layer": "", "level": "", "covered": "", "nodes": [1793248062, 1793248065, 1793248019]}}, {"type": "Feature", "geometry": {"type": "LineString", "coordinates": [[126.9527676, 37.462732], [126.9528824, 37.4629053]]}, "properties": {"osm_id": 456534592, "highway": "residential", "name": "", "bridge": "", "tunnel": "", "indoor": "", "layer": "", "level": "", "covered": "", "nodes": [4527827479, 4527756098]}}, {"type": "Feature", "geometry": {"type": "LineString", "coordinates": [[126.9528824, 37.4629053], [126.9529738, 37.4630522]]}, "properties": {"osm_id": 456534594, "highway": "residential", "name": "", "bridge": "", "tunnel": "", "indoor": "", "layer": "", "level": "", "covered": "", "nodes": [4527756098, 1793248062]}}, {"type": "Feature", "geometry": {"type": "LineString", "coordinates": [[126.9521177, 37.4630073], [126.9522776, 37.4627413], [126.9522913, 37.4627185]]}, "properties": {"osm_id": 456534595, "highway": "footway", "name": "", "bridge": "", "tunnel": "", "indoor": "", "layer": "", "level": "", "covered": "", "nodes": [4527827480, 8146884585, 4527827481]}}, {"type": "Feature", "geometry": {"type": "LineString", "coordinates": [[126.9521177, 37.4630073], [126.9520709, 37.4631406], [126.9520942, 37.4632108], [126.9520303, 37.4632848], [126.9519943, 37.4633699]]}, "properties": {"osm_id": 456534596, "highway": "footway", "name": "", "bridge": "", "tunnel": "", "indoor": "", "layer": "", "level": "", "covered": "", "nodes": [4527827480, 1793031445, 13480905089, 1790446234, 13480905088]}}, {"type": "Feature", "geometry": {"type": "LineString", "coordinates": [[126.9522232, 37.4611462], [126.9522352, 37.4610255]]}, "properties": {"osm_id": 456536854, "highway": "footway", "name": "", "bridge": "", "tunnel": "", "indoor": "", "layer": "", "level": "", "covered": "", "nodes": [4527843424, 4527843425]}}, {"type": "Feature", "geometry": {"type": "LineString", "coordinates": [[126.9522352, 37.4610255], [126.9521553, 37.4609435]]}, "properties": {"osm_id": 456536856, "highway": "footway", "name": "", "bridge": "", "tunnel": "", "indoor": "", "layer": "", "level": "", "covered": "", "nodes": [4527843425, 4527843431]}}, {"type": "Feature", "geometry": {"type": "LineString", "coordinates": [[126.9521553, 37.4609435], [126.9520345, 37.4610116]]}, "properties": {"osm_id": 456536858, "highway": "steps", "name": "", "bridge": "", "tunnel": "", "indoor": "", "layer": "", "level": "", "covered": "", "nodes": [4527843431, 4527843428]}}, {"type": "Feature", "geometry": {"type": "LineString", "coordinates": [[126.9527931, 37.4608481], [126.952681, 37.4608944]]}, "properties": {"osm_id": 456536859, "highway": "footway", "name": "", "bridge": "", "tunnel": "", "indoor": "", "layer": "", "level": "", "covered": "", "nodes": [1793018810, 4527843432]}}, {"type": "Feature", "geometry": {"type": "LineString", "coordinates": [[126.9526028, 37.460786], [126.9525804, 37.4607202]]}, "properties": {"osm_id": 456536860, "highway": "steps", "name": "", "bridge": "", "tunnel": "", "indoor": "", "layer": "", "level": "", "covered": "", "nodes": [1790463228, 1793018818]}}, {"type": "Feature", "geometry": {"type": "LineString", "coordinates": [[126.9526028, 37.460786], [126.9526676, 37.4607726]]}, "properties": {"osm_id": 456536861, "highway": "footway", "name": "", "bridge": "", "tunnel": "", "indoor": "", "layer": "", "level": "", "covered": "", "nodes": [1790463228, 4527843433]}}, {"type": "Feature", "geometry": {"type": "LineString", "coordinates": [[126.9535512, 37.4634594], [126.9539579, 37.4634231]]}, "properties": {"osm_id": 456539211, "highway": "steps", "name": "", "bridge": "", "tunnel": "", "indoor": "", "layer": "", "level": "", "covered": "", "nodes": [1793248042, 4527864811]}}, {"type": "Feature", "geometry": {"type": "LineString", "coordinates": [[126.9539696, 37.4635144], [126.9541454, 37.4635249], [126.9541923, 37.4635571]]}, "properties": {"osm_id": 456539212, "highway": "footway", "name": "", "bridge": "", "tunnel": "", "indoor": "", "layer": "", "level": "", "covered": "", "nodes": [4526181513, 4527864812, 3902467478]}}, {"type": "Feature", "geometry": {"type": "LineString", "coordinates": [[126.952744, 37.46338], [126.952892, 37.4632547]]}, "properties": {"osm_id": 456539213, "highway": "footway", "name": "", "bridge": "", "tunnel": "", "indoor": "", "layer": "", "level": "", "covered": "", "nodes": [4527864813, 4527864814]}}, {"type": "Feature", "geometry": {"type": "LineString", "coordinates": [[126.952892, 37.4632547], [126.9529697, 37.4631797], [126.9530541, 37.4630982]]}, "properties": {"osm_id": 456539214, "highway": "footway", "name": "", "bridge": "", "tunnel": "", "indoor": "", "layer": "", "level": "", "covered": "", "nodes": [4527864814, 4531515082, 1793248058]}}, {"type": "Feature", "geometry": {"type": "LineString", "coordinates": [[126.9527914, 37.4637741], [126.9528525, 37.4637208], [126.9528508, 37.463665], [126.9528426, 37.4633879], [126.952744, 37.46338]]}, "properties": {"osm_id": 456539215, "highway": "footway", "name": "", "bridge": "", "tunnel": "", "indoor": "", "layer": "", "level": "", "covered": "", "nodes": [4527864815, 4527864816, 4564623320, 4527864817, 4527864813]}}, {"type": "Feature", "geometry": {"type": "LineString", "coordinates": [[126.952744, 37.46338], [126.9527271, 37.4634535]]}, "properties": {"osm_id": 456539216, "highway": "footway", "name": "", "bridge": "", "tunnel": "", "indoor": "", "layer": "", "level": "", "covered": "", "nodes": [4527864813, 4527864818]}}, {"type": "Feature", "geometry": {"type": "LineString", "coordinates": [[126.9527448, 37.4636738], [126.9527914, 37.4637741]]}, "properties": {"osm_id": 456539217, "highway": "footway", "name": "", "bridge": "", "tunnel": "", "indoor": "", "layer": "", "level": "", "covered": "", "nodes": [4527864819, 4527864815]}}, {"type": "Feature", "geometry": {"type": "LineString", "coordinates": [[126.952892, 37.4632547], [126.9531486, 37.463286]]}, "properties": {"osm_id": 456539218, "highway": "steps", "name": "", "bridge": "", "tunnel": "", "indoor": "", "layer": "", "level": "", "covered": "", "nodes": [4527864814, 4527864820]}}, {"type": "Feature", "geometry": {"type": "LineString", "coordinates": [[126.9531486, 37.463286], [126.9533325, 37.4633047]]}, "properties": {"osm_id": 456539219, "highway": "footway", "name": "", "bridge": "", "tunnel": "", "indoor": "", "layer": "", "level": "", "covered": "", "nodes": [4527864820, 4527864821]}}, {"type": "Feature", "geometry": {"type": "LineString", "coordinates": [[126.9545705, 37.4609408], [126.9546124, 37.4610139], [126.9547014, 37.4610228]]}, "properties": {"osm_id": 456540167, "highway": "steps", "name": "", "bridge": "", "tunnel": "", "indoor": "", "layer": "", "level": "", "covered": "", "nodes": [1789930536, 4527869954, 4527869955]}}, {"type": "Feature", "geometry": {"type": "LineString", "coordinates": [[126.9547014, 37.4610228], [126.9547956, 37.4611531]]}, "properties": {"osm_id": 456540170, "highway": "footway", "name": "", "bridge": "", "tunnel": "", "indoor": "", "layer": "", "level": "", "covered": "", "nodes": [4527869955, 1789927071]}}, {"type": "Feature", "geometry": {"type": "LineString", "coordinates": [[126.9539482, 37.4609818], [126.9540878, 37.4609935]]}, "properties": {"osm_id": 456540173, "highway": "footway", "name": "", "bridge": "", "tunnel": "", "indoor": "", "layer": "", "level": "", "covered": "", "nodes": [4527869956, 4527869957]}}, {"type": "Feature", "geometry": {"type": "LineString", "coordinates": [[126.9540878, 37.4609935], [126.9543093, 37.4608938]]}, "properties": {"osm_id": 456540175, "highway": "steps", "name": "", "bridge": "", "tunnel": "", "indoor": "", "layer": "", "level": "", "covered": "", "nodes": [4527869957, 4527869958]}}, {"type": "Feature", "geometry": {"type": "LineString", "coordinates": [[126.9532437, 37.4604534], [126.9534429, 37.4602813]]}, "properties": {"osm_id": 456540177, "highway": "steps", "name": "", "bridge": "", "tunnel": "", "indoor": "", "layer": "", "level": "", "covered": "", "nodes": [1793018817, 1789930532]}}, {"type": "Feature", "geometry": {"type": "LineString", "coordinates": [[126.9534429, 37.4602813], [126.9539482, 37.4609818], [126.9539663, 37.4610068]]}, "properties": {"osm_id": 456540180, "highway": "footway", "name": "", "bridge": "", "tunnel": "", "indoor": "", "layer": "", "level": "", "covered": "", "nodes": [1789930532, 4527869956, 1789930533]}}, {"type": "Feature", "geometry": {"type": "LineString", "coordinates": [[126.9543576, 37.4609598], [126.9547224, 37.4607787]]}, "properties": {"osm_id": 456540183, "highway": "footway", "name": "", "bridge": "", "tunnel": "", "indoor": "", "layer": "", "level": "", "covered": "", "nodes": [1789930540, 4527869963]}}, {"type": "Feature", "geometry": {"type": "LineString", "coordinates": [[126.954769, 37.4605481], [126.9548555, 37.4604976]]}, "properties": {"osm_id": 456540185, "highway": "steps", "name": "", "bridge": "", "tunnel": "", "indoor": "", "layer": "", "level": "", "covered": "", "nodes": [4527869962, 1789877077]}}, {"type": "Feature", "geometry": {"type": "LineString", "coordinates": [[126.9547224, 37.4607787], [126.9548026, 37.4607389]]}, "properties": {"osm_id": 456540187, "highway": "steps", "name": "", "bridge": "", "tunnel": "", "indoor": "", "layer": "", "level": "", "covered": "", "nodes": [4527869963, 4527869964]}}, {"type": "Feature", "geometry": {"type": "LineString", "coordinates": [[126.954878, 37.4607015], [126.9549195, 37.4607623]]}, "properties": {"osm_id": 456540189, "highway": "steps", "name": "", "bridge": "", "tunnel": "", "indoor": "", "layer": "", "level": "", "covered": "", "nodes": [4527869959, 4527869965]}}, {"type": "Feature", "geometry": {"type": "LineString", "coordinates": [[126.9548026, 37.4607389], [126.954878, 37.4607015], [126.954769, 37.4605481], [126.954638, 37.4603638]]}, "properties": {"osm_id": 456540193, "highway": "footway", "name": "", "bridge": "", "tunnel": "", "indoor": "", "layer": "", "level": "", "covered": "", "nodes": [4527869964, 4527869959, 4527869962, 4527869960]}}, {"type": "Feature", "geometry": {"type": "LineString", "coordinates": [[126.954638, 37.4603638], [126.9546713, 37.4602711]]}, "properties": {"osm_id": 456540194, "highway": "steps", "name": "", "bridge": "", "tunnel": "", "indoor": "", "layer": "", "level": "", "covered": "", "nodes": [4527869960, 4527869961]}}, {"type": "Feature", "geometry": {"type": "LineString", "coordinates": [[126.9547956, 37.4611531], [126.9551738, 37.4610382]]}, "properties": {"osm_id": 456540196, "highway": "steps", "name": "", "bridge": "", "tunnel": "", "indoor": "", "layer": "", "level": "", "covered": "", "nodes": [1789927071, 1789927069]}}, {"type": "Feature", "geometry": {"type": "LineString", "coordinates": [[126.9550484, 37.4606964], [126.9551714, 37.4606963], [126.9552458, 37.4606647]]}, "properties": {"osm_id": 456540198, "highway": "service", "name": "", "bridge": "", "tunnel": "", "indoor": "", "layer": "", "level": "", "covered": "", "nodes": [1789877121, 1789877092, 1789877120]}}, {"type": "Feature", "geometry": {"type": "LineString", "coordinates": [[126.9550484, 37.4606964], [126.9549646, 37.46061], [126.9548555, 37.4604976], [126.9546713, 37.4602711], [126.9543491, 37.4598748], [126.9542919, 37.4598045], [126.9542011, 37.4596928], [126.9540242, 37.4596087], [126.9532553, 37.459495]]}, "properties": {"osm_id": 456540201, "highway": "service", "name": "", "bridge": "", "tunnel": "", "indoor": "", "layer": "", "level": "", "covered": "", "nodes": [1789877121, 4527869967, 1789877077, 4527869961, 4527869969, 1789930531, 1789877118, 1789877122, 1789877100]}}, {"type": "Feature", "geometry": {"type": "LineString", "coordinates": [[126.9552744, 37.4605752], [126.9552223, 37.4605055]]}, "properties": {"osm_id": 456540203, "highway": "pedestrian", "name": "", "bridge": "", "tunnel": "", "indoor": "", "layer": "", "level": "", "covered": "", "nodes": [1789861939, 4527869966]}}, {"type": "Feature", "geometry": {"type": "LineString", "coordinates": [[126.9557494, 37.4603477], [126.9558146, 37.4604399]]}, "properties": {"osm_id": 456540205, "highway": "service", "name": "", "bridge": "", "tunnel": "", "indoor": "", "layer": "", "level": "", "covered": "", "nodes": [1966229957, 1966229953]}}, {"type": "Feature", "geometry": {"type": "LineString", "coordinates": [[126.9557494, 37.4603477], [126.955769, 37.4603036]]}, "properties": {"osm_id": 456540208, "highway": "service", "name": "", "bridge": "", "tunnel": "", "indoor": "", "layer": "", "level": "", "covered": "", "nodes": [1966229957, 1789877111]}}, {"type": "Feature", "geometry": {"type": "LineString", "coordinates": [[126.9549646, 37.46061], [126.9552085, 37.4604871]]}, "properties": {"osm_id": 456540210, "highway": "steps", "name": "", "bridge": "", "tunnel": "", "indoor": "", "layer": "", "level": "", "covered": "", "nodes": [4527869967, 4527869968]}}, {"type": "Feature", "geometry": {"type": "LineString", "coordinates": [[126.9552223, 37.4605055], [126.9552085, 37.4604871], [126.9551612, 37.4603853], [126.9550562, 37.4602834]]}, "properties": {"osm_id": 456540211, "highway": "pedestrian", "name": "", "bridge": "", "tunnel": "", "indoor": "", "layer": "", "level": "", "covered": "", "nodes": [4527869966, 4527869968, 4564750880, 3046608100]}}, {"type": "Feature", "geometry": {"type": "LineString", "coordinates": [[126.9543491, 37.4598748], [126.9546367, 37.4597252]]}, "properties": {"osm_id": 456540213, "highway": "steps", "name": "", "bridge": "", "tunnel": "", "indoor": "", "layer": "", "level": "", "covered": "", "nodes": [4527869969, 4527869970]}}, {"type": "Feature", "geometry": {"type": "LineString", "coordinates": [[126.9546367, 37.4597252], [126.9544975, 37.4595677], [126.9544656, 37.459545]]}, "properties": {"osm_id": 456540215, "highway": "pedestrian", "name": "", "bridge": "", "tunnel": "", "indoor": "", "layer": "", "level": "", "covered": "", "nodes": [4527869970, 3046608099, 1789861926]}}, {"type": "Feature", "geometry": {"type": "LineString", "coordinates": [[126.9544533, 37.4592746], [126.9534088, 37.4588771]]}, "properties": {"osm_id": 456540217, "highway": "service", "name": "", "bridge": "", "tunnel": "", "indoor": "", "layer": "", "level": "", "covered": "", "nodes": [1372131609, 3046617634]}}, {"type": "Feature", "geometry": {"type": "LineString", "coordinates": [[126.9546077, 37.4593751], [126.954704, 37.4592478], [126.9547789, 37.459174]]}, "properties": {"osm_id": 456540222, "highway": "service", "name": "", "bridge": "", "tunnel": "", "indoor": "", "layer": "", "level": "", "covered": "", "nodes": [1789861867, 1372131617, 1789877104]}}, {"type": "Feature", "geometry": {"type": "LineString", "coordinates": [[126.9547789, 37.459174], [126.9548667, 37.4590663]]}, "properties": {"osm_id": 456540224, "highway": "service", "name": "", "bridge": "", "tunnel": "", "indoor": "", "layer": "", "level": "", "covered": "", "nodes": [1789877104, 3046670131]}}, {"type": "Feature", "geometry": {"type": "LineString", "coordinates": [[126.9534088, 37.4588771], [126.953346, 37.458836]]}, "properties": {"osm_id": 456540227, "highway": "service", "name": "", "bridge": "", "tunnel": "", "indoor": "", "layer": "", "level": "", "covered": "", "nodes": [3046617634, 1372131621]}}, {"type": "Feature", "geometry": {"type": "LineString", "coordinates": [[126.9549816, 37.4592521], [126.9550769, 37.4593794], [126.955436, 37.4598589], [126.9556396, 37.4601308], [126.9557435, 37.4602695], [126.955769, 37.4603036]]}, "properties": {"osm_id": 456540230, "highway": "service", "name": "", "bridge": "", "tunnel": "", "indoor": "", "layer": "", "level": "", "covered": "", "nodes": [1789877105, 3046670126, 3046670125, 2467469660, 2467469655, 1789877111]}}, {"type": "Feature", "geometry": {"type": "LineString", "coordinates": [[126.9530337, 37.4592675], [126.9531345, 37.4591814], [126.953198, 37.4590734]]}, "properties": {"osm_id": 456540231, "highway": "steps", "name": "", "bridge": "", "tunnel": "", "indoor": "", "layer": "", "level": "", "covered": "", "nodes": [1789877101, 4527869971, 3046617633]}}, {"type": "Feature", "geometry": {"type": "LineString", "coordinates": [[126.9527377, 37.4629947], [126.9529697, 37.4631797]]}, "properties": {"osm_id": 456922927, "highway": "footway", "name": "", "bridge": "", "tunnel": "", "indoor": "", "layer": "", "level": "", "covered": "", "nodes": [1793248019, 4531515082]}}, {"type": "Feature", "geometry": {"type": "LineString", "coordinates": [[126.9537999, 37.4642402], [126.9538453, 37.4642254]]}, "properties": {"osm_id": 456922929, "highway": "footway", "name": "", "bridge": "", "tunnel": "", "indoor": "", "layer": "", "level": "", "covered": "", "nodes": [4531515083, 4531515084]}}, {"type": "Feature", "geometry": {"type": "LineString", "coordinates": [[126.9536074, 37.4639448], [126.9536503, 37.4639241]]}, "properties": {"osm_id": 456922931, "highway": "footway", "name": "", "bridge": "", "tunnel": "", "indoor": "", "layer": "", "level": "", "covered": "", "nodes": [4514838236, 4531515085]}}, {"type": "Feature", "geometry": {"type": "LineString", "coordinates": [[126.9534859, 37.4642883], [126.9533557, 37.4643555], [126.9533894, 37.4644032], [126.9535793, 37.4646724], [126.9536203, 37.4647306], [126.95364, 37.4647248], [126.9537203, 37.4648724]]}, "properties": {"osm_id": 456922935, "highway": "footway", "name": "", "bridge": "", "tunnel": "", "indoor": "", "layer": "", "level": "", "covered": "", "nodes": [4531517990, 4531517991, 4531517993, 4531518012, 4531518010, 4531518011, 4514872419]}}, {"type": "Feature", "geometry": {"type": "LineString", "coordinates": [[126.9533448, 37.4644293], [126.9533894, 37.4644032]]}, "properties": {"osm_id": 456922938, "highway": "footway", "name": "", "bridge": "", "tunnel": "", "indoor": "", "layer": "", "level": "", "covered": "", "nodes": [4531517992, 4531517993]}}, {"type": "Feature", "geometry": {"type": "LineString", "coordinates": [[126.9528711, 37.4651539], [126.9529303, 37.4651382], [126.9531964, 37.4652492]]}, "properties": {"osm_id": 456922939, "highway": "footway", "name": "", "bridge": "", "tunnel": "", "indoor": "", "layer": "", "level": "", "covered": "", "nodes": [4531517996, 4531517995, 4531517994]}}, {"type": "Feature", "geometry": {"type": "LineString", "coordinates": [[126.9529303, 37.4651382], [126.9532198, 37.4650733]]}, "properties": {"osm_id": 456922941, "highway": "footway", "name": "", "bridge": "", "tunnel": "", "indoor": "", "layer": "", "level": "", "covered": "", "nodes": [4531517995, 4531517998]}}, {"type": "Feature", "geometry": {"type": "LineString", "coordinates": [[126.9528386, 37.4647686], [126.9531968, 37.4647387]]}, "properties": {"osm_id": 456922944, "highway": "footway", "name": "", "bridge": "", "tunnel": "", "indoor": "", "layer": "", "level": "", "covered": "", "nodes": [1790450430, 4531517999]}}, {"type": "Feature", "geometry": {"type": "LineString", "coordinates": [[126.9533251, 37.4654672], [126.9537044, 37.4661221]]}, "properties": {"osm_id": 456922946, "highway": "pedestrian", "name": "", "bridge": "", "tunnel": "", "indoor": "", "layer": "", "level": "", "covered": "", "nodes": [4531518008, 4531518000]}}, {"type": "Feature", "geometry": {"type": "LineString", "coordinates": [[126.9531968, 37.4647387], [126.9532025, 37.4648211], [126.9532198, 37.4650733], [126.9531964, 37.4652492], [126.9532432, 37.4653819], [126.9532615, 37.4653747], [126.9533251, 37.4654672]]}, "properties": {"osm_id": 456922953, "highway": "footway", "name": "", "bridge": "", "tunnel": "", "indoor": "", "layer": "", "level": "", "covered": "", "nodes": [4531517999, 4531518013, 4531517998, 4531517994, 4373702817, 4531518009, 4531518008]}}, {"type": "Feature", "geometry": {"type": "LineString", "coordinates": [[126.9532432, 37.4653819], [126.9532615, 37.4653747]]}, "properties": {"osm_id": 456922955, "highway": "footway", "name": "", "bridge": "", "tunnel": "", "indoor": "", "layer": "", "level": "", "covered": "", "nodes": [4373702817, 4531518009]}}, {"type": "Feature", "geometry": {"type": "LineString", "coordinates": [[126.9536203, 37.4647306], [126.95364, 37.4647248]]}, "properties": {"osm_id": 456922957, "highway": "footway", "name": "", "bridge": "", "tunnel": "", "indoor": "", "layer": "", "level": "", "covered": "", "nodes": [4531518010, 4531518011]}}, {"type": "Feature", "geometry": {"type": "LineString", "coordinates": [[126.9532025, 37.4648211], [126.9535793, 37.4646724]]}, "properties": {"osm_id": 456922959, "highway": "steps", "name": "", "bridge": "", "tunnel": "", "indoor": "", "layer": "", "level": "", "covered": "", "nodes": [4531518013, 4531518012]}}, {"type": "Feature", "geometry": {"type": "LineString", "coordinates": [[126.9531968, 37.4647387], [126.9530931, 37.4645723]]}, "properties": {"osm_id": 456922963, "highway": "steps", "name": "", "bridge": "", "tunnel": "", "indoor": "", "layer": "", "level": "", "covered": "", "nodes": [4531517999, 4531518016]}}, {"type": "Feature", "geometry": {"type": "LineString", "coordinates": [[126.9530931, 37.4645723], [126.9531417, 37.4645527]]}, "properties": {"osm_id": 456922965, "highway": "footway", "name": "", "bridge": "", "tunnel": "", "indoor": "", "layer": "", "level": "", "covered": "", "nodes": [4531518016, 4531518017]}}, {"type": "Feature", "geometry": {"type": "LineString", "coordinates": [[126.9530931, 37.4645723], [126.9529298, 37.4642893], [126.9532391, 37.4641392]]}, "properties": {"osm_id": 456922966, "highway": "footway", "name": "", "bridge": "", "tunnel": "", "indoor": "", "layer": "", "level": "", "covered": "", "nodes": [4531518016, 4531518018, 4531518019]}}, {"type": "Feature", "geometry": {"type": "LineString", "coordinates": [[126.9518538, 37.4553052], [126.9519481, 37.4554617], [126.9522565, 37.4559735], [126.9522847, 37.4560203]]}, "properties": {"osm_id": 456934305, "highway": "service", "name": "", "bridge": "", "tunnel": "", "indoor": "", "layer": "", "level": "", "covered": "", "nodes": [445310303, 13617739688, 13478432946, 1372131611]}}, {"type": "Feature", "geometry": {"type": "LineString", "coordinates": [[126.9498626, 37.4550918], [126.9499236, 37.4548998], [126.9500337, 37.4545233], [126.9501653, 37.4540996], [126.9502332, 37.4538813]]}, "properties": {"osm_id": 456934306, "highway": "service", "name": "", "bridge": "", "tunnel": "", "indoor": "", "layer": "", "level": "", "covered": "", "nodes": [445310304, 14050364192, 4135043947, 14050920899, 1789842952]}}, {"type": "Feature", "geometry": {"type": "LineString", "coordinates": [[126.9503298, 37.4527028], [126.9503243, 37.4526372], [126.9502928, 37.4525385], [126.9500722, 37.4520836], [126.9500158, 37.4519729], [126.9499763, 37.4518486], [126.9497986, 37.4509018], [126.9497878, 37.4507123], [126.9498455, 37.4501632], [126.9498496, 37.4499942], [126.9498415, 37.449803], [126.9498227, 37.4496288], [126.9497764, 37.4494331], [126.9496868, 37.4492088]]}, "properties": {"osm_id": 456934307, "highway": "service", "name": "", "bridge": "", "tunnel": "", "indoor": "", "layer": "", "level": "", "covered": "", "nodes": [9789566049, 1789842975, 1789842953, 1789842897, 1789842904, 1789842756, 1789842667, 1789842891, 1789842865, 1789842818, 1789842866, 1789842661, 1789842683, 4746859863]}}, {"type": "Feature", "geometry": {"type": "LineString", "coordinates": [[126.9498096, 37.4555425], [126.9498967, 37.4552815], [126.9499065, 37.4552501], [126.9499225, 37.455205]]}, "properties": {"osm_id": 456934308, "highway": "footway", "name": "", "bridge": "", "tunnel": "", "indoor": "", "layer": "", "level": "", "covered": "", "nodes": [3927939015, 4531601917, 14050364122, 4531601915]}}, {"type": "Feature", "geometry": {"type": "LineString", "coordinates": [[126.9499225, 37.455205], [126.9499357, 37.455192], [126.9499508, 37.4551843], [126.9499739, 37.4551777], [126.9499954, 37.4551761], [126.9502066, 37.4551931]]}, "properties": {"osm_id": 456934309, "highway": "footway", "name": "", "bridge": "", "tunnel": "", "indoor": "", "layer": "", "level": "", "covered": "", "nodes": [4531601915, 14051228331, 14050364134, 14051228330, 14050364133, 14051228354]}}, {"type": "Feature", "geometry": {"type": "LineString", "coordinates": [[126.9499952, 37.4555283], [126.9498967, 37.4552815]]}, "properties": {"osm_id": 456934310, "highway": "steps", "name": "", "bridge": "", "tunnel": "", "indoor": "", "layer": "", "level": "", "covered": "", "nodes": [4531601918, 4531601917]}}, {"type": "Feature", "geometry": {"type": "LineString", "coordinates": [[126.951008, 37.455228], [126.9507824, 37.4552074], [126.950559, 37.455187], [126.9505272, 37.4551841], [126.9504865, 37.4551802], [126.9500241, 37.4551359], [126.9499715, 37.4551214], [126.9498626, 37.4550918]]}, "properties": {"osm_id": 456934312, "highway": "service", "name": "", "bridge": "", "tunnel": "", "indoor": "", "layer": "", "level": "", "covered": "", "nodes": [3901595586, 8552364825, 1083241312, 8552364824, 14051228327, 4531601920, 14051228328, 445310304]}}, {"type": "Feature", "geometry": {"type": "LineString", "coordinates": [[126.9507908, 37.4551712], [126.9508022, 37.4551149]]}, "properties": {"osm_id": 456934314, "highway": "footway", "name": "", "bridge": "", "tunnel": "", "indoor": "", "layer": "", "level": "", "covered": "", "nodes": [4531601927, 4531601928]}}, {"type": "Feature", "geometry": {"type": "LineString", "coordinates": [[126.9505379, 37.4551449], [126.9505453, 37.4550891]]}, "properties": {"osm_id": 456934316, "highway": "steps", "name": "", "bridge": "", "tunnel": "", "indoor": "", "layer": "", "level": "", "covered": "", "nodes": [4531601929, 4531601930]}}, {"type": "Feature", "geometry": {"type": "LineString", "coordinates": [[126.9492959, 37.4570792], [126.949411, 37.4565952]]}, "properties": {"osm_id": 457001534, "highway": "service", "name": "", "bridge": "", "tunnel": "", "indoor": "", "layer": "", "level": "", "covered": "", "nodes": [1790427086, 3540602543]}}, {"type": "Feature", "geometry": {"type": "LineString", "coordinates": [[126.9495574, 37.456051], [126.9497216, 37.4555249]]}, "properties": {"osm_id": 457001535, "highway": "service", "name": "", "bridge": "yes", "tunnel": "", "indoor": "", "layer": "1", "level": "", "covered": "", "nodes": [3272933187, 3272882833]}}, {"type": "Feature", "geometry": {"type": "LineString", "coordinates": [[126.9494379, 37.4564832], [126.9493355, 37.4564432], [126.9492893, 37.4563929], [126.9493329, 37.4559053], [126.9493319, 37.4558758], [126.9493121, 37.4558537], [126.9492652, 37.4558356], [126.949182, 37.455818], [126.9490559, 37.4558015], [126.9489802, 37.4557962], [126.9489312, 37.4557951], [126.948897, 37.4558143], [126.9488722, 37.4558404], [126.9488675, 37.4558787], [126.9488609, 37.4560046]]}, "properties": {"osm_id": 457001536, "highway": "service", "name": "", "bridge": "", "tunnel": "", "indoor": "", "layer": "", "level": "", "covered": "", "nodes": [3927939011, 14050364193, 14050364194, 14050364195, 4532193676, 14050364196, 14050364197, 14050364198, 14050364199, 14050364200, 14050364201, 14050364202, 14050364203, 14050364204, 3174179099]}}, {"type": "Feature", "geometry": {"type": "LineString", "coordinates": [[126.9494379, 37.4564832], [126.9495613, 37.4564215], [126.9496594, 37.4563844], [126.9497607, 37.4563477]]}, "properties": {"osm_id": 457001540, "highway": "service", "name": "", "bridge": "", "tunnel": "", "indoor": "", "layer": "", "level": "", "covered": "", "nodes": [3927939011, 3927939010, 14047967122, 14047967126]}}, {"type": "Feature", "geometry": {"type": "LineString", "coordinates": [[126.9504004, 37.4560389], [126.9499642, 37.4561036], [126.9499422, 37.4562428]]}, "properties": {"osm_id": 457001543, "highway": "service", "name": "", "bridge": "", "tunnel": "", "indoor": "", "layer": "", "level": "", "covered": "", "nodes": [1083241310, 1083241305, 1083241315]}}, {"type": "Feature", "geometry": {"type": "LineString", "coordinates": [[126.9504997, 37.4554624], [126.9505457, 37.4552336], [126.950559, 37.455187]]}, "properties": {"osm_id": 457001544, "highway": "service", "name": "", "bridge": "", "tunnel": "", "indoor": "", "layer": "", "level": "", "covered": "", "nodes": [1083241282, 4531601916, 1083241312]}}, {"type": "Feature", "geometry": {"type": "LineString", "coordinates": [[126.950559, 37.455187], [126.9506639, 37.455292], [126.9510329, 37.4553301], [126.9510992, 37.455337]]}, "properties": {"osm_id": 457001545, "highway": "service", "name": "", "bridge": "", "tunnel": "", "indoor": "", "layer": "", "level": "", "covered": "", "nodes": [1083241312, 4532193680, 4532193684, 4532193681]}}, {"type": "Feature", "geometry": {"type": "LineString", "coordinates": [[126.9510329, 37.4553301], [126.9510506, 37.4552319]]}, "properties": {"osm_id": 457001546, "highway": "steps", "name": "", "bridge": "", "tunnel": "", "indoor": "", "layer": "", "level": "", "covered": "", "nodes": [4532193684, 4532193682]}}, {"type": "Feature", "geometry": {"type": "LineString", "coordinates": [[126.9509095, 37.4561199], [126.9510329, 37.4553301]]}, "properties": {"osm_id": 457001547, "highway": "footway", "name": "", "bridge": "", "tunnel": "", "indoor": "", "layer": "", "level": "", "covered": "", "nodes": [4532193683, 4532193684]}}, {"type": "Feature", "geometry": {"type": "LineString", "coordinates": [[126.9498189, 37.4552295], [126.9498626, 37.4550918]]}, "properties": {"osm_id": 457001548, "highway": "service", "name": "", "bridge": "", "tunnel": "", "indoor": "", "layer": "", "level": "", "covered": "", "nodes": [1843397253, 445310304]}}, {"type": "Feature", "geometry": {"type": "LineString", "coordinates": [[126.9505752, 37.4571432], [126.9505825, 37.4568924]]}, "properties": {"osm_id": 457001550, "highway": "steps", "name": "", "bridge": "", "tunnel": "", "indoor": "", "layer": "", "level": "", "covered": "", "nodes": [4532193685, 2583216395]}}, {"type": "Feature", "geometry": {"type": "LineString", "coordinates": [[126.9500028, 37.457342], [126.9502736, 37.4572939], [126.9503782, 37.4572897], [126.9505097, 37.4572641], [126.9505726, 37.4572325], [126.9505752, 37.4571432]]}, "properties": {"osm_id": 457001552, "highway": "service", "name": "", "bridge": "", "tunnel": "", "indoor": "", "layer": "", "level": "", "covered": "", "nodes": [2548592009, 3927949246, 2548592010, 2548592012, 2548592011, 4532193685]}}, {"type": "Feature", "geometry": {"type": "LineString", "coordinates": [[126.9513939, 37.457309], [126.9513747, 37.4570452]]}, "properties": {"osm_id": 457001553, "highway": "living_street", "name": "", "bridge": "", "tunnel": "", "indoor": "", "layer": "", "level": "", "covered": "", "nodes": [1789877090, 445310311]}}, {"type": "Feature", "geometry": {"type": "LineString", "coordinates": [[126.9513747, 37.4570452], [126.9514233, 37.4569372], [126.9515029, 37.4568401], [126.951562, 37.4567359], [126.9515926, 37.4566819], [126.9517051, 37.4564536], [126.9517493, 37.4562598]]}, "properties": {"osm_id": 457001554, "highway": "living_street", "name": "", "bridge": "", "tunnel": "", "indoor": "", "layer": "", "level": "", "covered": "", "nodes": [445310311, 2548592007, 445310306, 4532193687, 1793022853, 445310307, 4532193688]}}, {"type": "Feature", "geometry": {"type": "LineString", "coordinates": [[126.9519212, 37.4571613], [126.9516547, 37.4569269]]}, "properties": {"osm_id": 457001555, "highway": "footway", "name": "", "bridge": "", "tunnel": "", "indoor": "", "layer": "", "level": "", "covered": "", "nodes": [1789877123, 4532193686]}}, {"type": "Feature", "geometry": {"type": "LineString", "coordinates": [[126.9516547, 37.4569269], [126.951562, 37.4567359]]}, "properties": {"osm_id": 457001556, "highway": "steps", "name": "", "bridge": "", "tunnel": "", "indoor": "", "layer": "", "level": "", "covered": "", "nodes": [4532193686, 4532193687]}}, {"type": "Feature", "geometry": {"type": "LineString", "coordinates": [[126.9518893, 37.4572318], [126.9518541, 37.4572954], [126.951822, 37.4574487], [126.9518606, 37.4576241], [126.951936, 37.4577706], [126.9520109, 37.4579163], [126.952279, 37.4583816], [126.953198, 37.4590734], [126.9532648, 37.459125], [126.954334, 37.459499], [126.9544533, 37.4592746]]}, "properties": {"osm_id": 457001557, "highway": "service", "name": "", "bridge": "", "tunnel": "", "indoor": "", "layer": "", "level": "", "covered": "", "nodes": [4332551621, 1789877075, 1789877103, 1789877085, 4564750846, 1789877110, 1789877113, 3046617633, 1789877083, 2548580416, 1372131609]}}, {"type": "Feature", "geometry": {"type": "LineString", "coordinates": [[126.9521447, 37.4570788], [126.9520426, 37.4570854], [126.9519212, 37.4571613], [126.9518893, 37.4572318]]}, "properties": {"osm_id": 457001558, "highway": "service", "name": "", "bridge": "", "tunnel": "", "indoor": "", "layer": "", "level": "", "covered": "", "nodes": [1372131612, 13478432919, 1789877123, 4332551621]}}, {"type": "Feature", "geometry": {"type": "LineString", "coordinates": [[126.9523814, 37.455686], [126.9523791, 37.4557827], [126.9523768, 37.4558755], [126.9523801, 37.4559173], [126.9522565, 37.4559735]]}, "properties": {"osm_id": 457001560, "highway": "steps", "name": "서울대길", "bridge": "", "tunnel": "", "indoor": "", "layer": "", "level": "", "covered": "", "nodes": [2386177318, 13617739689, 2386177320, 2386177321, 13478432946]}}, {"type": "Feature", "geometry": {"type": "LineString", "coordinates": [[126.9517493, 37.4562598], [126.9517873, 37.4560052], [126.9518049, 37.4558727], [126.9518298, 37.4556933]]}, "properties": {"osm_id": 457001562, "highway": "living_street", "name": "", "bridge": "", "tunnel": "", "indoor": "", "layer": "", "level": "", "covered": "", "nodes": [4532193688, 1372131622, 4625033358, 4625033356]}}, {"type": "Feature", "geometry": {"type": "LineString", "coordinates": [[126.9518298, 37.4556933], [126.9518033, 37.4555779], [126.9518445, 37.4554598], [126.9518538, 37.4553052], [126.9519725, 37.4543435], [126.9520424, 37.4539709], [126.9520693, 37.4537878], [126.9520789, 37.4536676], [126.9520872, 37.4535666], [126.9521304, 37.4532053], [126.9521413, 37.4529655], [126.9520434, 37.4525961], [126.9520292, 37.45245], [126.9520965, 37.4523292], [126.952226, 37.452213], [126.9526616, 37.4521025], [126.9527968, 37.4520663]]}, "properties": {"osm_id": 457001563, "highway": "service", "name": "", "bridge": "", "tunnel": "", "indoor": "", "layer": "", "level": "", "covered": "", "nodes": [4625033356, 4564998587, 4625033357, 445310303, 1083241286, 2386177311, 3893418111, 14050920890, 3893418112, 3893418113, 3893418114, 3893418115, 3893418116, 3893418117, 3893418118, 7255706130, 3893418119]}}, {"type": "Feature", "geometry": {"type": "LineString", "coordinates": [[126.9521447, 37.4570788], [126.9522183, 37.4571339], [126.9522687, 37.4572314], [126.9523156, 37.4573281], [126.9523759, 37.4574356]]}, "properties": {"osm_id": 457001564, "highway": "service", "name": "", "bridge": "", "tunnel": "", "indoor": "", "layer": "", "level": "", "covered": "", "nodes": [1372131612, 13478432923, 3866425112, 1790413478, 1790413427]}}, {"type": "Feature", "geometry": {"type": "LineString", "coordinates": [[126.9535512, 37.4634594], [126.9534485, 37.4633907], [126.9533325, 37.4633047], [126.9530541, 37.4630982], [126.9529738, 37.4630522]]}, "properties": {"osm_id": 457199080, "highway": "service", "name": "", "bridge": "", "tunnel": "", "indoor": "", "layer": "", "level": "", "covered": "", "nodes": [1793248042, 1793248013, 4527864821, 1793248058, 1793248062]}}, {"type": "Feature", "geometry": {"type": "LineString", "coordinates": [[126.9487417, 37.4601535], [126.9486549, 37.459896]]}, "properties": {"osm_id": 460578904, "highway": "steps", "name": "", "bridge": "", "tunnel": "", "indoor": "", "layer": "", "level": "", "covered": "", "nodes": [4562088353, 4562088354]}}, {"type": "Feature", "geometry": {"type": "LineString", "coordinates": [[126.9494774, 37.459093], [126.9494595, 37.4590545]]}, "properties": {"osm_id": 460578905, "highway": "steps", "name": "", "bridge": "", "tunnel": "", "indoor": "", "layer": "", "level": "", "covered": "", "nodes": [4562088358, 4562088359]}}, {"type": "Feature", "geometry": {"type": "LineString", "coordinates": [[126.949623, 37.4590444], [126.9497405, 37.4590119]]}, "properties": {"osm_id": 460578906, "highway": "steps", "name": "", "bridge": "", "tunnel": "", "indoor": "", "layer": "", "level": "", "covered": "", "nodes": [4562088360, 4562088361]}}, {"type": "Feature", "geometry": {"type": "LineString", "coordinates": [[126.954703, 37.4644616], [126.954606, 37.4643116]]}, "properties": {"osm_id": 460771011, "highway": "steps", "name": "", "bridge": "", "tunnel": "", "indoor": "", "layer": "", "level": "", "covered": "", "nodes": [4563745990, 4563745991]}}, {"type": "Feature", "geometry": {"type": "LineString", "coordinates": [[126.9526573, 37.4629095], [126.9525031, 37.4631033]]}, "properties": {"osm_id": 460872138, "highway": "steps", "name": "", "bridge": "", "tunnel": "", "indoor": "", "layer": "", "level": "", "covered": "", "nodes": [1793248068, 4564623319]}}, {"type": "Feature", "geometry": {"type": "LineString", "coordinates": [[126.9528508, 37.463665], [126.9530191, 37.4636751]]}, "properties": {"osm_id": 460872139, "highway": "steps", "name": "", "bridge": "", "tunnel": "", "indoor": "", "layer": "", "level": "", "covered": "", "nodes": [4564623320, 4564623321]}}, {"type": "Feature", "geometry": {"type": "LineString", "coordinates": [[126.9533179, 37.46213], [126.9532848, 37.4621929], [126.9532796, 37.4623815], [126.9535045, 37.4624018], [126.9534891, 37.4627951]]}, "properties": {"osm_id": 460872140, "highway": "footway", "name": "", "bridge": "", "tunnel": "", "indoor": "", "layer": "", "level": "", "covered": "", "nodes": [4564623322, 4564623323, 4564623324, 4564623325, 4564623326]}}, {"type": "Feature", "geometry": {"type": "LineString", "coordinates": [[126.9535453, 37.4629269], [126.953788, 37.4631743], [126.9537727, 37.4633466], [126.9535512, 37.4634594]]}, "properties": {"osm_id": 460872141, "highway": "footway", "name": "", "bridge": "", "tunnel": "", "indoor": "", "layer": "", "level": "", "covered": "", "nodes": [4564623327, 4564623328, 4564623329, 1793248042]}}, {"type": "Feature", "geometry": {"type": "LineString", "coordinates": [[126.9534891, 37.4627951], [126.9535111, 37.4628467], [126.9535453, 37.4629269]]}, "properties": {"osm_id": 460872142, "highway": "footway", "name": "", "bridge": "", "tunnel": "", "indoor": "", "layer": "", "level": "", "covered": "", "nodes": [4564623326, 4564623332, 4564623327]}}, {"type": "Feature", "geometry": {"type": "LineString", "coordinates": [[126.9531979, 37.4629634], [126.9533001, 37.4629046], [126.9535111, 37.4628467]]}, "properties": {"osm_id": 460872143, "highway": "steps", "name": "", "bridge": "", "tunnel": "", "indoor": "", "layer": "", "level": "", "covered": "", "nodes": [4564623330, 4564623331, 4564623332]}}, {"type": "Feature", "geometry": {"type": "LineString", "coordinates": [[126.9535111, 37.4628467], [126.9537113, 37.4627809], [126.9537497, 37.4628924]]}, "properties": {"osm_id": 460872144, "highway": "steps", "name": "", "bridge": "", "tunnel": "", "indoor": "", "layer": "", "level": "", "covered": "", "nodes": [4564623332, 4564623333, 4564623334]}}, {"type": "Feature", "geometry": {"type": "LineString", "coordinates": [[126.9526389, 37.4616732], [126.9527789, 37.4616434]]}, "properties": {"osm_id": 460872145, "highway": "steps", "name": "", "bridge": "", "tunnel": "", "indoor": "", "layer": "", "level": "", "covered": "", "nodes": [1793248002, 4564623335]}}, {"type": "Feature", "geometry": {"type": "LineString", "coordinates": [[126.9534092, 37.4618164], [126.9532515, 37.4618199]]}, "properties": {"osm_id": 460872146, "highway": "steps", "name": "", "bridge": "", "tunnel": "", "indoor": "", "layer": "", "level": "", "covered": "", "nodes": [4564623337, 4564623338]}}, {"type": "Feature", "geometry": {"type": "LineString", "coordinates": [[126.9519762, 37.4560208], [126.9519695, 37.4561271]]}, "properties": {"osm_id": 460919047, "highway": "footway", "name": "", "bridge": "", "tunnel": "", "indoor": "", "layer": "", "level": "", "covered": "", "nodes": [4564998576, 4564998577]}}, {"type": "Feature", "geometry": {"type": "LineString", "coordinates": [[126.9525622, 37.4566394], [126.9524993, 37.4571047], [126.9524688, 37.4572187], [126.9525413, 37.4574605], [126.9526832, 37.4574974], [126.9529412, 37.4575555]]}, "properties": {"osm_id": 460919048, "highway": "service", "name": "", "bridge": "", "tunnel": "", "indoor": "", "layer": "", "level": "", "covered": "", "nodes": [3866425117, 3866425118, 3866425113, 8411015604, 3866425119, 1790413469]}}, {"type": "Feature", "geometry": {"type": "LineString", "coordinates": [[126.9525385, 37.4564846], [126.9525462, 37.4565368], [126.9525622, 37.4566394]]}, "properties": {"osm_id": 460919049, "highway": "service", "name": "", "bridge": "", "tunnel": "", "indoor": "", "layer": "", "level": "", "covered": "", "nodes": [3901497904, 3866425116, 3866425117]}}, {"type": "Feature", "geometry": {"type": "LineString", "coordinates": [[126.9514214, 37.4549926], [126.9514299, 37.4549095]]}, "properties": {"osm_id": 460919050, "highway": "steps", "name": "", "bridge": "", "tunnel": "", "indoor": "", "layer": "", "level": "", "covered": "", "nodes": [4564998588, 4564999889]}}, {"type": "Feature", "geometry": {"type": "LineString", "coordinates": [[126.9513915, 37.4547112], [126.9514043, 37.454618]]}, "properties": {"osm_id": 460919051, "highway": "steps", "name": "", "bridge": "", "tunnel": "", "indoor": "", "layer": "", "level": "", "covered": "", "nodes": [4564999890, 4564999891]}}, {"type": "Feature", "geometry": {"type": "LineString", "coordinates": [[126.9518622, 37.4548269], [126.9517566, 37.4548197]]}, "properties": {"osm_id": 460919052, "highway": "steps", "name": "", "bridge": "", "tunnel": "", "indoor": "", "layer": "", "level": "", "covered": "", "nodes": [4564999895, 4564999896]}}, {"type": "Feature", "geometry": {"type": "LineString", "coordinates": [[126.9518956, 37.454572], [126.951825, 37.4545671]]}, "properties": {"osm_id": 460919053, "highway": "steps", "name": "", "bridge": "", "tunnel": "", "indoor": "", "layer": "", "level": "", "covered": "", "nodes": [4564999897, 4564999898]}}, {"type": "Feature", "geometry": {"type": "LineString", "coordinates": [[126.9521282, 37.45494], [126.9521986, 37.4549383], [126.9522242, 37.4547807], [126.9522905, 37.4547231], [126.9524007, 37.454818]]}, "properties": {"osm_id": 460919055, "highway": "steps", "name": "", "bridge": "", "tunnel": "", "indoor": "", "layer": "", "level": "", "covered": "", "nodes": [4564999906, 4564999907, 4564999908, 4564999909, 4564999910]}}, {"type": "Feature", "geometry": {"type": "LineString", "coordinates": [[126.9543608, 37.464772], [126.9547805, 37.4645865], [126.954703, 37.4644616]]}, "properties": {"osm_id": 460930929, "highway": "footway", "name": "", "bridge": "", "tunnel": "", "indoor": "", "layer": "", "level": "", "covered": "", "nodes": [4565095054, 4565095055, 4563745990]}}, {"type": "Feature", "geometry": {"type": "LineString", "coordinates": [[126.9481085, 37.4667181], [126.9481152, 37.4665814], [126.9481205, 37.4664723], [126.9481339, 37.4663372], [126.9481594, 37.4662769], [126.9483944, 37.4658338], [126.9485078, 37.4655684], [126.9485956, 37.4651337], [126.948716, 37.4646039], [126.9487546, 37.4644262], [126.9488675, 37.4638902], [126.9490804, 37.4628969], [126.9491179, 37.4627369], [126.9492961, 37.4619304], [126.9493031, 37.4618893], [126.9493302, 37.4617625], [126.9493447, 37.4616851], [126.949359, 37.4615986], [126.9493617, 37.4614905], [126.949354, 37.461403], [126.9493266, 37.4612806], [126.9492084, 37.460943], [126.9490589, 37.4605456], [126.949016, 37.4604258], [126.9488293, 37.4599049], [126.9487548, 37.4597141], [126.9487314, 37.4596217], [126.9487207, 37.4595376], [126.9487213, 37.4594257], [126.9487455, 37.4593202], [126.9488152, 37.4590168], [126.9489538, 37.4584746], [126.9489892, 37.458336]]}, "properties": {"osm_id": 468202819, "highway": "service", "name": "", "bridge": "", "tunnel": "", "indoor": "", "layer": "-1", "level": "", "covered": "", "nodes": [5742410655, 8675989069, 14047967152, 10740734476, 10740734475, 8675989070, 1789842960, 4526181543, 1966229959, 2578318980, 8675989071, 8675989072, 1789933612, 14047967110, 1789842816, 14047967104, 14047967101, 14047967129, 14050364252, 1789842677, 1789842727, 1789842896, 1789861917, 14050337788, 14047967118, 1789842902, 14047967119, 14047967120, 1789842977, 1789842835, 1789843019, 14050337787, 1793042680]}}, {"type": "Feature", "geometry": {"type": "LineString", "coordinates": [[126.9523517, 37.4510578], [126.9524132, 37.4512253], [126.9524496, 37.4513051], [126.952657, 37.4517599], [126.9526683, 37.4517847], [126.9526779, 37.4518057], [126.9527968, 37.4520663], [126.9533408, 37.453247], [126.953379, 37.4533843]]}, "properties": {"osm_id": 468665859, "highway": "service", "name": "", "bridge": "", "tunnel": "", "indoor": "", "layer": "", "level": "", "covered": "", "nodes": [4295682604, 3866374249, 7255706117, 7255706108, 4631533060, 7257096414, 3893418119, 14050364187, 1789843008]}}, {"type": "Feature", "geometry": {"type": "LineString", "coordinates": [[126.9515377, 37.4511446], [126.9514249, 37.4512552], [126.9514958, 37.4514811], [126.9522493, 37.4513318], [126.9522695, 37.4513278], [126.9523935, 37.4514472], [126.9525083, 37.4516849], [126.9526683, 37.4517847]]}, "properties": {"osm_id": 468665862, "highway": "service", "name": "", "bridge": "", "tunnel": "", "indoor": "", "layer": "", "level": "", "covered": "", "nodes": [4631533054, 4631533055, 4631533056, 7255751585, 4631533057, 4631533058, 4631533059, 4631533060]}}, {"type": "Feature", "geometry": {"type": "LineString", "coordinates": [[126.9496766, 37.4472819], [126.9496464, 37.4472487], [126.9495243, 37.4471456], [126.9495749, 37.4469526], [126.9501837, 37.4469079], [126.9503035, 37.4468763], [126.950394, 37.4468606], [126.9505764, 37.4467755], [126.950584, 37.4467624], [126.9506862, 37.4466995], [126.9506952, 37.4466629], [126.9507332, 37.4466313], [126.9507352, 37.4466084], [126.9507639, 37.4465846], [126.9508105, 37.44657], [126.9509022, 37.446514], [126.9509655, 37.4464583], [126.9510181, 37.4464013], [126.9510838, 37.4463492], [126.9511321, 37.4463404], [126.9511593, 37.4463485], [126.9512027, 37.4463347], [126.9512718, 37.4463188], [126.9513524, 37.4463323], [126.9514274, 37.4463604], [126.9515234, 37.4463714], [126.9515867, 37.4463916], [126.9516274, 37.4464138], [126.9516735, 37.4464264], [126.9517072, 37.4464328], [126.9517544, 37.4464266], [126.9518008, 37.4464127], [126.9518116, 37.4464241], [126.9518963, 37.4464197], [126.9519065, 37.4464129], [126.9519728, 37.4463988], [126.9520125, 37.4464013], [126.9520512, 37.4463903], [126.9521074, 37.4463838], [126.9521428, 37.4463876], [126.9522126, 37.4463895], [126.9522469, 37.4464036], [126.9523046, 37.4464135], [126.9523236, 37.4464039], [126.9523634, 37.4463824], [126.9524341, 37.4463374], [126.9524799, 37.4463233], [126.9525175, 37.446319], [126.9525751, 37.4463321], [126.9526169, 37.4463274], [126.9526844, 37.4462955], [126.952724, 37.44625], [126.9528236, 37.4462128], [126.9529373, 37.4461903]]}, "properties": {"osm_id": 478021143, "highway": "path", "name": "", "bridge": "", "tunnel": "", "indoor": "", "layer": "", "level": "", "covered": "", "nodes": [1789842731, 14056168721, 4712911102, 6086595228, 4712911103, 10773496257, 10773496256, 10773496255, 10577434977, 10773496254, 10773496253, 10773496252, 10773496251, 10773496250, 10773496249, 10773496248, 10577434976, 10773496247, 10773496246, 10773496245, 10577434975, 4712911104, 10773496244, 10773496243, 10773496242, 10773496241, 10773496240, 10773496239, 10773496238, 10773496237, 10773496236, 10577434978, 10773496235, 10773496234, 10773496233, 10773496232, 10773496231, 10773496230, 10773496229, 10773496228, 4712911105, 10773496227, 10773496226, 10773496225, 10773496224, 10773496223, 10773496222, 10773496221, 10773496220, 10773496219, 10773496218, 4712911106, 10773496217, 4242706549]}}, {"type": "Feature", "geometry": {"type": "LineString", "coordinates": [[126.9601449, 37.4655775], [126.9602814, 37.4656013], [126.9604129, 37.465546], [126.9605577, 37.4654289], [126.9606811, 37.4654225], [126.96096, 37.4656737], [126.96107, 37.4658078]]}, "properties": {"osm_id": 478555669, "highway": "footway", "name": "", "bridge": "", "tunnel": "", "indoor": "", "layer": "", "level": "", "covered": "", "nodes": [2574017719, 4717972472, 4717972473, 4717972474, 4717972475, 4717972476, 4717972477]}}, {"type": "Feature", "geometry": {"type": "LineString", "coordinates": [[126.9626975, 37.4696182], [126.9625246, 37.4695533], [126.962401, 37.4694389], [126.9619346, 37.4694575], [126.9615778, 37.4695022], [126.9614558, 37.4695905], [126.9613458, 37.4695948], [126.9611124, 37.4695618], [126.9610266, 37.4695735], [126.9609167, 37.4696097], [126.9608188, 37.4696597], [126.9607541, 37.4697107], [126.9607182, 37.4698024], [126.9607141, 37.4699045], [126.9606055, 37.4700759], [126.9603185, 37.4704219], [126.9602381, 37.4704782], [126.9601066, 37.4706571], [126.9599494, 37.4708812], [126.9592469, 37.4717873], [126.9591834, 37.4718693], [126.9589279, 37.4719923], [126.9587555, 37.4720013], [126.9585443, 37.4720098], [126.9583297, 37.4718843], [126.9580775, 37.4718651], [126.957804, 37.4720092], [126.9576564, 37.4722781], [126.9576028, 37.4723696], [126.9576006, 37.4725379], [126.9570234, 37.4726762], [126.9563904, 37.4727145], [126.9561517, 37.4728507], [126.9557869, 37.4728742], [126.9552988, 37.4730232], [126.9549386, 37.4730104], [126.9543171, 37.472044], [126.9538343, 37.4712308], [126.9535333, 37.4708559], [126.9535543, 37.4707245], [126.9537162, 37.4703374], [126.9537163, 37.4701515], [126.9536291, 37.4700312], [126.9534118, 37.4700291], [126.9530846, 37.4700057], [126.9528969, 37.4700408], [126.9527856, 37.4700466], [126.9526018, 37.4699721], [126.9523552, 37.4699397]]}, "properties": {"osm_id": 478967623, "highway": "path", "name": "서울둘레길", "bridge": "", "tunnel": "", "indoor": "", "layer": "", "level": "", "covered": "", "nodes": [3178201162, 10577436031, 3620997294, 10577436029, 10577436030, 10901124743, 10901124742, 10577436019, 10901124740, 10901124741, 10901124739, 4721392109, 10901124738, 10577436020, 10577436021, 10577436022, 10901124736, 10901124737, 4721392110, 10901124727, 4721392111, 4721392112, 4721392113, 7413201171, 10901124729, 10901124730, 4721392114, 10901124732, 10901124733, 4721392115, 10901124734, 10577436018, 10901124735, 10577436017, 10577436010, 4721392116, 10577436011, 11866584680, 7413201169, 4721392117, 11866584688, 11866584687, 11866584686, 11866584685, 11866584684, 11866584683, 11866584682, 11866584681, 7413201165]}}, {"type": "Feature", "geometry": {"type": "LineString", "coordinates": [[126.9474931, 37.4635978], [126.9473743, 37.4635324], [126.9472797, 37.4634973], [126.9471948, 37.4634659], [126.9466823, 37.4632956], [126.9464187, 37.4631678], [126.9463429, 37.4631144], [126.946308, 37.4630474], [126.9462536, 37.462961], [126.9462654, 37.4629172], [126.9462768, 37.4628821], [126.9462671, 37.4628462], [126.946247, 37.4628033], [126.9462024, 37.46276], [126.9461736, 37.462732], [126.9461478, 37.4627206], [126.9460635, 37.4626462], [126.9460734, 37.4625485], [126.9461618, 37.4624853], [126.9462383, 37.4624598], [126.9463201, 37.462463], [126.9463681, 37.462461], [126.9463918, 37.4624542], [126.9463989, 37.4624246], [126.9463851, 37.462402], [126.9463653, 37.4623773], [126.9463174, 37.4623331], [126.9462128, 37.4622809], [126.9461564, 37.4622256], [126.9461457, 37.4621621], [126.9461203, 37.4621223], [126.9460371, 37.4620414], [126.9459432, 37.4619765], [126.9458713, 37.461957], [126.9457716, 37.4618998], [126.9457193, 37.4618892], [126.9456361, 37.4619158], [126.9455664, 37.4619296], [126.9455057, 37.4619221], [126.9454591, 37.4618743], [126.9454336, 37.4618051], [126.945392, 37.461738], [126.9452351, 37.4616497], [126.9451123, 37.46158], [126.9450085, 37.4615741], [126.944975, 37.4615517], [126.9449535, 37.4614655], [126.9449066, 37.4613963]]}, "properties": {"osm_id": 478967624, "highway": "path", "name": "", "bridge": "", "tunnel": "", "indoor": "", "layer": "", "level": "", "covered": "", "nodes": [11760451143, 7475778442, 7633873910, 7475778438, 7475778437, 4721392123, 10901124698, 10901124699, 7413201163, 10901124697, 10901124700, 10901124696, 10901124701, 10901124694, 10901124693, 10901124695, 4721392124, 7413201162, 10577433760, 10901124692, 10901124691, 7633873906, 10901124688, 10901124687, 10901124686, 10901124689, 10901124690, 10901124685, 7413201161, 4721392125, 10901124683, 10901124684, 10901124682, 7413201160, 10901124681, 10901124680, 10901124679, 13312348771, 7413201159, 10901124677, 10901124676, 10901124678, 10901124675, 7413201158, 10901124673, 10901124672, 10901124671, 10901124674]}}, {"type": "Feature", "geometry": {"type": "LineString", "coordinates": [[126.9580265, 37.4658729], [126.9580623, 37.4663122], [126.9581044, 37.4664393], [126.9581092, 37.4665667]]}, "properties": {"osm_id": 481787201, "highway": "service", "name": "", "bridge": "", "tunnel": "", "indoor": "", "layer": "", "level": "", "covered": "", "nodes": [4746859853, 4746859854, 14049248373, 4746859855]}}, {"type": "Feature", "geometry": {"type": "LineString", "coordinates": [[126.9520127, 37.4489044], [126.9520078, 37.4490752], [126.9519956, 37.4492734], [126.951986, 37.4495449], [126.9519772, 37.4499731], [126.9519688, 37.4502886], [126.9519856, 37.4504445], [126.9519922, 37.4504775], [126.9520708, 37.4506074], [126.9522076, 37.4508033], [126.9523014, 37.4509651], [126.9523146, 37.4509951], [126.9523517, 37.4510578]]}, "properties": {"osm_id": 481787202, "highway": "service", "name": "", "bridge": "", "tunnel": "", "indoor": "", "layer": "", "level": "", "covered": "", "nodes": [4746859861, 4748070021, 1789842729, 4748062201, 1790475141, 1789842881, 1789842765, 7255706122, 1789842797, 1789842801, 1789842856, 7255706129, 4295682604]}}, {"type": "Feature", "geometry": {"type": "LineString", "coordinates": [[126.9497966, 37.4472535], [126.9501848, 37.4471785], [126.9505346, 37.4471081], [126.9506408, 37.4470881], [126.9508427, 37.4470628], [126.951066, 37.4470679], [126.9512372, 37.4470899], [126.951377, 37.4471243], [126.9514404, 37.4471512], [126.9515018, 37.4471823], [126.9515799, 37.447223], [126.9516453, 37.4472712], [126.9517956, 37.4473936], [126.9519202, 37.4475443], [126.9519695, 37.447626], [126.9520044, 37.4477011], [126.9520208, 37.447761], [126.9520412, 37.4478949], [126.9520418, 37.4480622], [126.9520375, 37.44824]]}, "properties": {"osm_id": 481787204, "highway": "service", "name": "", "bridge": "", "tunnel": "", "indoor": "", "layer": "", "level": "", "covered": "", "nodes": [4746859862, 10773496265, 10773496264, 1789842656, 1789842735, 1789842919, 14056168715, 1789842925, 14056142798, 1789842901, 14056142799, 1789842713, 1789842839, 1789842669, 14056168717, 14056168716, 1789842702, 14056168718, 1789842966, 4748062192]}}, {"type": "Feature", "geometry": {"type": "LineString", "coordinates": [[126.9496868, 37.4492088], [126.9493014, 37.4483971], [126.9491938, 37.4481401], [126.9491643, 37.4479931], [126.9491616, 37.4478398], [126.9491991, 37.4477163], [126.9492662, 37.44758], [126.9493274, 37.4475077], [126.9493815, 37.4474437], [126.9495049, 37.4473564], [126.9496766, 37.4472819], [126.9497966, 37.4472535]]}, "properties": {"osm_id": 481787206, "highway": "service", "name": "", "bridge": "", "tunnel": "", "indoor": "", "layer": "", "level": "", "covered": "", "nodes": [4746859863, 1790475146, 1789842870, 1789842741, 1789842887, 1789842918, 1789842946, 4748213773, 1789842983, 1789842984, 1789842731, 4746859862]}}, {"type": "Feature", "geometry": {"type": "LineString", "coordinates": [[126.9587916, 37.466305], [126.9588783, 37.4663734], [126.9589584, 37.4670092]]}, "properties": {"osm_id": 481901200, "highway": "service", "name": "", "bridge": "", "tunnel": "", "indoor": "", "layer": "", "level": "", "covered": "", "nodes": [2567736520, 4747978443, 4747978444]}}, {"type": "Feature", "geometry": {"type": "LineString", "coordinates": [[126.9588783, 37.4663734], [126.9591934, 37.4665284], [126.9592973, 37.4670679], [126.9600429, 37.4673027], [126.9596424, 37.4678309], [126.9592153, 37.4676816], [126.9590445, 37.4676171], [126.9589233, 37.4676109], [126.9588152, 37.4676384], [126.9587411, 37.4676753], [126.9586672, 37.4677348], [126.9586515, 37.4678013], [126.9587506, 37.4684588]]}, "properties": {"osm_id": 481901201, "highway": "service", "name": "", "bridge": "", "tunnel": "", "indoor": "", "layer": "", "level": "", "covered": "", "nodes": [4747978443, 4747978445, 4747978446, 4747978447, 4747978448, 4747978449, 14049248441, 4747978450, 14049248442, 4747978451, 4747978452, 4747978455, 4747978453]}}, {"type": "Feature", "geometry": {"type": "LineString", "coordinates": [[126.9578071, 37.4678901], [126.9579008, 37.4678802], [126.957968, 37.4678732], [126.9586515, 37.4678013]]}, "properties": {"osm_id": 481901202, "highway": "residential", "name": "", "bridge": "", "tunnel": "", "indoor": "", "layer": "", "level": "", "covered": "", "nodes": [4747978454, 14049248391, 14049248308, 4747978455]}}, {"type": "Feature", "geometry": {"type": "LineString", "coordinates": [[126.9521617, 37.4488673], [126.9521641, 37.4490694], [126.9521649, 37.4492003]]}, "properties": {"osm_id": 481915884, "highway": "steps", "name": "", "bridge": "", "tunnel": "", "indoor": "", "layer": "", "level": "", "covered": "", "nodes": [4748062186, 4748070022, 4748062187]}}, {"type": "Feature", "geometry": {"type": "LineString", "coordinates": [[126.9521709, 37.4486298], [126.952178, 37.4484684]]}, "properties": {"osm_id": 481915886, "highway": "steps", "name": "", "bridge": "", "tunnel": "", "indoor": "", "layer": "", "level": "", "covered": "", "nodes": [4748062188, 4748062189]}}, {"type": "Feature", "geometry": {"type": "LineString", "coordinates": [[126.9521709, 37.4486298], [126.9521682, 37.4488395], [126.9521617, 37.4488673]]}, "properties": {"osm_id": 481915888, "highway": "footway", "name": "", "bridge": "", "tunnel": "", "indoor": "", "layer": "", "level": "", "covered": "", "nodes": [4748062188, 4748062191, 4748062186]}}, {"type": "Feature", "geometry": {"type": "LineString", "coordinates": [[126.9520133, 37.4488548], [126.9520987, 37.4488577], [126.9521682, 37.4488395]]}, "properties": {"osm_id": 481915889, "highway": "steps", "name": "", "bridge": "", "tunnel": "", "indoor": "", "layer": "", "level": "", "covered": "", "nodes": [4748062190, 13392140064, 4748062191]}}, {"type": "Feature", "geometry": {"type": "LineString", "coordinates": [[126.9520375, 37.44824], [126.9521108, 37.4482415], [126.9521524, 37.448244], [126.9522157, 37.4482438], [126.9527462, 37.4481478], [126.9527255, 37.4484366], [126.9522226, 37.4484092], [126.9522157, 37.4482438]]}, "properties": {"osm_id": 481915891, "highway": "service", "name": "", "bridge": "", "tunnel": "", "indoor": "", "layer": "", "level": "", "covered": "", "nodes": [4748062192, 13392140063, 4748062197, 4748062196, 4748062193, 4748062194, 4748062195, 4748062196]}}, {"type": "Feature", "geometry": {"type": "LineString", "coordinates": [[126.9521649, 37.4492003], [126.9521662, 37.4492522], [126.9521759, 37.4495378], [126.9521746, 37.4497331]]}, "properties": {"osm_id": 481915893, "highway": "footway", "name": "", "bridge": "", "tunnel": "", "indoor": "", "layer": "", "level": "", "covered": "", "nodes": [4748062187, 4750534652, 4748062200, 4748062198]}}, {"type": "Feature", "geometry": {"type": "LineString", "coordinates": [[126.9521746, 37.4497331], [126.9521493, 37.4504829]]}, "properties": {"osm_id": 481915895, "highway": "steps", "name": "", "bridge": "", "tunnel": "", "indoor": "", "layer": "", "level": "", "covered": "", "nodes": [4748062198, 4748062199]}}, {"type": "Feature", "geometry": {"type": "LineString", "coordinates": [[126.9521759, 37.4495378], [126.9520716, 37.4495389], [126.951986, 37.4495449]]}, "properties": {"osm_id": 481915897, "highway": "steps", "name": "", "bridge": "", "tunnel": "", "indoor": "", "layer": "", "level": "", "covered": "", "nodes": [4748062200, 13392140065, 4748062201]}}, {"type": "Feature", "geometry": {"type": "LineString", "coordinates": [[126.9520078, 37.4490752], [126.9520814, 37.44907], [126.9521641, 37.4490694], [126.9527124, 37.4490881]]}, "properties": {"osm_id": 481917515, "highway": "footway", "name": "", "bridge": "", "tunnel": "", "indoor": "", "layer": "", "level": "", "covered": "", "nodes": [4748070021, 13392140062, 4748070022, 4748070023]}}, {"type": "Feature", "geometry": {"type": "LineString", "coordinates": [[126.9527124, 37.4490881], [126.9527017, 37.4492533]]}, "properties": {"osm_id": 481917516, "highway": "steps", "name": "", "bridge": "", "tunnel": "", "indoor": "", "layer": "", "level": "", "covered": "", "nodes": [4748070023, 4748070024]}}, {"type": "Feature", "geometry": {"type": "LineString", "coordinates": [[126.9527017, 37.4492533], [126.9524049, 37.4492618], [126.9523131, 37.4492514]]}, "properties": {"osm_id": 481917517, "highway": "footway", "name": "", "bridge": "", "tunnel": "", "indoor": "", "layer": "", "level": "", "covered": "", "nodes": [4748070024, 4749980474, 4748070025]}}, {"type": "Feature", "geometry": {"type": "LineString", "coordinates": [[126.9521682, 37.4488395], [126.9522043, 37.4487903]]}, "properties": {"osm_id": 481917518, "highway": "steps", "name": "", "bridge": "", "tunnel": "", "indoor": "", "layer": "", "level": "", "covered": "", "nodes": [4748062191, 4748070026]}}, {"type": "Feature", "geometry": {"type": "LineString", "coordinates": [[126.9470817, 37.4479158], [126.9471583, 37.4482409], [126.947161, 37.4483729], [126.947295, 37.4486041], [126.9471862, 37.4487025]]}, "properties": {"osm_id": 481939823, "highway": "path", "name": "", "bridge": "", "tunnel": "", "indoor": "", "layer": "", "level": "", "covered": "", "nodes": [7633700821, 10577434678, 13312389792, 7633700822, 7633700845]}}, {"type": "Feature", "geometry": {"type": "LineString", "coordinates": [[126.9539383, 37.4542142], [126.9540039, 37.4541521], [126.9539916, 37.4540638], [126.9542541, 37.4540699], [126.954352, 37.4539869], [126.9543849, 37.4539172], [126.9545062, 37.4539134], [126.9545974, 37.4539379], [126.9547187, 37.4539492], [126.9547825, 37.4539209], [126.9548562, 37.4539262], [126.9549116, 37.4539281], [126.9549612, 37.4539193], [126.9550279, 37.4538208], [126.9551967, 37.453695], [126.955296, 37.4536021], [126.955421, 37.4535472], [126.9556878, 37.4532138], [126.9559211, 37.4531725], [126.956144, 37.4531166], [126.9562299, 37.4533325], [126.9561083, 37.4535569], [126.9559291, 37.4537026], [126.9557789, 37.4537686], [126.9557111, 37.4538467], [126.9557078, 37.4539241], [126.9556542, 37.4539709], [126.9556645, 37.4540683], [126.9555643, 37.4541157], [126.9554892, 37.4542131], [126.9555603, 37.4542807], [126.9555616, 37.454334], [126.9554745, 37.4544798], [126.9554476, 37.454598], [126.9553931, 37.4547145]]}, "properties": {"osm_id": 481940215, "highway": "path", "name": "", "bridge": "", "tunnel": "", "indoor": "", "layer": "", "level": "", "covered": "", "nodes": [4749960515, 11010688973, 4748216960, 11408744952, 11408744951, 4750466347, 11408744950, 11408744949, 4748216247, 11408744947, 11408744948, 4750466348, 4750466349, 11408744946, 4748216248, 4750466351, 4748216249, 4750466350, 11408750734, 4750466352, 4750466353, 4750466354, 11408750736, 11408750735, 4750466355, 11408744944, 11408744945, 4750466356, 11408744943, 4750466357, 11408750737, 11408750738, 11408750740, 11408750739, 4242705535]}}, {"type": "Feature", "geometry": {"type": "LineString", "coordinates": [[126.9543297, 37.4563913], [126.9544888, 37.4563238], [126.954547, 37.4561291], [126.9548811, 37.4561639]]}, "properties": {"osm_id": 482124824, "highway": "service", "name": "", "bridge": "", "tunnel": "", "indoor": "", "layer": "", "level": "", "covered": "", "nodes": [4344097183, 4749960512, 4749960513, 1790402777]}}, {"type": "Feature", "geometry": {"type": "LineString", "coordinates": [[126.951377, 37.4471243], [126.9510008, 37.4476167], [126.9509409, 37.4477277], [126.9509382, 37.4477656], [126.9509442, 37.4477942], [126.9509811, 37.4478118], [126.9510989, 37.4478471], [126.9512269, 37.4478478]]}, "properties": {"osm_id": 482127375, "highway": "unclassified", "name": "", "bridge": "", "tunnel": "", "indoor": "", "layer": "", "level": "", "covered": "", "nodes": [1789842925, 4749980469, 14056168714, 4749980470, 14056168713, 14056168712, 4749980471, 4749980472]}}, {"type": "Feature", "geometry": {"type": "LineString", "coordinates": [[126.9552756, 37.4534817], [126.955296, 37.4536021]]}, "properties": {"osm_id": 482197628, "highway": "path", "name": "", "bridge": "", "tunnel": "", "indoor": "", "layer": "", "level": "", "covered": "", "nodes": [4748216243, 4750466351]}}, {"type": "Feature", "geometry": {"type": "LineString", "coordinates": [[126.9563338, 37.4568559], [126.9565314, 37.4567654], [126.9565659, 37.4566612], [126.9566004, 37.4566362], [126.9568522, 37.4566602], [126.9569844, 37.4565659], [126.9570327, 37.4564234], [126.9570747, 37.4560947], [126.9572327, 37.4559213], [126.9572929, 37.4557953], [126.9573158, 37.455685], [126.9573857, 37.4555111], [126.9576673, 37.4550753], [126.9580474, 37.4544606], [126.9582938, 37.4542874], [126.9589414, 37.4542538], [126.9591445, 37.4541791], [126.9595635, 37.4541583], [126.9601402, 37.454186], [126.9605157, 37.454203], [126.9608536, 37.4541796], [126.961728, 37.4538794], [126.9623986, 37.4536047], [126.9630477, 37.4532789], [126.9633535, 37.4532576], [126.9636083, 37.4531512], [126.9640723, 37.4528169], [126.9642788, 37.4525848]]}, "properties": {"osm_id": 482197630, "highway": "path", "name": "", "bridge": "", "tunnel": "", "indoor": "", "layer": "", "level": "", "covered": "", "nodes": [4750466358, 4750466362, 4750466373, 4750466360, 4750466361, 4750466372, 4750466363, 4750466364, 10577434927, 4750466365, 10577434928, 4750466366, 4750466367, 4750466368, 4750466369, 4750466370, 4750466371, 6086595398, 6086595397, 6086595396, 6086595395, 6086595394, 6086595393, 6086595392, 6086595391, 6086595390, 6086595389, 6086595388]}}, {"type": "Feature", "geometry": {"type": "LineString", "coordinates": [[126.9523131, 37.4492514], [126.9521662, 37.4492522]]}, "properties": {"osm_id": 482207539, "highway": "steps", "name": "", "bridge": "", "tunnel": "", "indoor": "", "layer": "", "level": "", "covered": "", "nodes": [4748070025, 4750534652]}}, {"type": "Feature", "geometry": {"type": "LineString", "coordinates": [[126.9527124, 37.4490881], [126.9527177, 37.448715]]}, "properties": {"osm_id": 482207540, "highway": "footway", "name": "", "bridge": "", "tunnel": "", "indoor": "", "layer": "", "level": "", "covered": "", "nodes": [4748070023, 4750534653]}}, {"type": "Feature", "geometry": {"type": "LineString", "coordinates": [[126.9527177, 37.448715], [126.9527255, 37.4484366]]}, "properties": {"osm_id": 482207541, "highway": "steps", "name": "", "bridge": "", "tunnel": "", "indoor": "", "layer": "", "level": "", "covered": "", "nodes": [4750534653, 4748062194]}}, {"type": "Feature", "geometry": {"type": "LineString", "coordinates": [[126.952178, 37.4484684], [126.9524447, 37.4484724], [126.952466, 37.448453]]}, "properties": {"osm_id": 482207542, "highway": "footway", "name": "", "bridge": "", "tunnel": "", "indoor": "", "layer": "", "level": "", "covered": "", "nodes": [4748062189, 4750534650, 4750534654]}}, {"type": "Feature", "geometry": {"type": "LineString", "coordinates": [[126.9579468, 37.4636027], [126.9580961, 37.4636189], [126.9585588, 37.4636669], [126.9587822, 37.4637224], [126.9587718, 37.4641034], [126.9590334, 37.4641335]]}, "properties": {"osm_id": 482425588, "highway": "service", "name": "", "bridge": "", "tunnel": "", "indoor": "", "layer": "", "level": "", "covered": "", "nodes": [4752404080, 14049248382, 4752760633, 4752404081, 4752760635, 4752760636]}}, {"type": "Feature", "geometry": {"type": "LineString", "coordinates": [[126.9573572, 37.4596906], [126.9572098, 37.4595972]]}, "properties": {"osm_id": 482456385, "highway": "path", "name": "", "bridge": "", "tunnel": "", "indoor": "", "layer": "", "level": "", "covered": "", "nodes": [4752760179, 1789842822]}}, {"type": "Feature", "geometry": {"type": "LineString", "coordinates": [[126.9575871, 37.4616194], [126.9580924, 37.4618093], [126.9582963, 37.4618859], [126.9584222, 37.4619332], [126.9586983, 37.462057]]}, "properties": {"osm_id": 482456386, "highway": "service", "name": "", "bridge": "", "tunnel": "", "indoor": "", "layer": "", "level": "", "covered": "", "nodes": [4752760180, 4752760649, 4752760189, 4752760185, 4752760181]}}, {"type": "Feature", "geometry": {"type": "LineString", "coordinates": [[126.9577378, 37.4626697], [126.9576776, 37.4626136], [126.9575887, 37.46253], [126.9573852, 37.4623227], [126.9573024, 37.4622437]]}, "properties": {"osm_id": 482456388, "highway": "footway", "name": "", "bridge": "", "tunnel": "", "indoor": "", "layer": "", "level": "", "covered": "", "nodes": [4752760182, 14047950327, 14047950328, 14047950332, 14047950329]}}, {"type": "Feature", "geometry": {"type": "LineString", "coordinates": [[126.9584222, 37.4619332], [126.9583764, 37.4620761]]}, "properties": {"osm_id": 482456389, "highway": "footway", "name": "", "bridge": "", "tunnel": "", "indoor": "", "layer": "", "level": "", "covered": "", "nodes": [4752760185, 4752760186]}}, {"type": "Feature", "geometry": {"type": "LineString", "coordinates": [[126.9582963, 37.4618859], [126.9582517, 37.4619746], [126.9581497, 37.4619746], [126.9581497, 37.4620151], [126.9582546, 37.4620241], [126.9582489, 37.4620871], [126.9581383, 37.4620893], [126.9581383, 37.4621366], [126.9582375, 37.4621546], [126.9582064, 37.4622176], [126.9580901, 37.4621861], [126.9580646, 37.4622221], [126.9582007, 37.4622738]]}, "properties": {"osm_id": 482456390, "highway": "footway", "name": "", "bridge": "", "tunnel": "", "indoor": "", "layer": "", "level": "", "covered": "", "nodes": [4752760189, 4752760190, 4752760191, 4752760192, 4752760193, 4752760194, 4752760195, 4752760196, 4752760197, 4752760198, 4752760199, 4752760200, 4752760201]}}, {"type": "Feature", "geometry": {"type": "LineString", "coordinates": [[126.95792, 37.4625686], [126.9579555, 37.4625387], [126.9579456, 37.4624629], [126.9581638, 37.4624719], [126.9582007, 37.4622738], [126.9578889, 37.4621996], [126.9575033, 37.4620758], [126.957407, 37.4622266], [126.95792, 37.4625686]]}, "properties": {"osm_id": 482456391, "highway": "pedestrian", "name": "", "bridge": "", "tunnel": "", "indoor": "", "layer": "", "level": "", "covered": "", "nodes": [4752760202, 4752760188, 4752760203, 4752760204, 4752760201, 4752760205, 4752760206, 4752760207, 4752760202]}}, {"type": "Feature", "geometry": {"type": "LineString", "coordinates": [[126.9588226, 37.4616279], [126.9588612, 37.4615583], [126.958881, 37.4614998], [126.9588732, 37.4614376], [126.958864, 37.4613648], [126.9588406, 37.4613156], [126.9587988, 37.4612275], [126.9588612, 37.4610948], [126.9587336, 37.4610138], [126.9587393, 37.4609733], [126.9586883, 37.460881], [126.9586911, 37.460836], [126.9581395, 37.4606725]]}, "properties": {"osm_id": 482456392, "highway": "footway", "name": "", "bridge": "", "tunnel": "", "indoor": "", "layer": "", "level": "", "covered": "", "nodes": [4752760208, 4752760209, 4752760210, 13586454943, 4752760211, 13586454938, 4752760212, 4752760213, 4752760214, 4752760215, 4752760216, 4752760217, 4752760218]}}, {"type": "Feature", "geometry": {"type": "LineString", "coordinates": [[126.9573572, 37.4596906], [126.957374, 37.4597197], [126.9574346, 37.4599442], [126.9574716, 37.4602203]]}, "properties": {"osm_id": 482456393, "highway": "steps", "name": "", "bridge": "", "tunnel": "", "indoor": "", "layer": "", "level": "", "covered": "", "nodes": [4752760179, 4752760219, 4752760220, 4752760621]}}, {"type": "Feature", "geometry": {"type": "LineString", "coordinates": [[126.9574716, 37.4602203], [126.9576688, 37.4602849], [126.9581323, 37.4604609], [126.9581794, 37.4605094], [126.958148, 37.460585]]}, "properties": {"osm_id": 482456394, "highway": "footway", "name": "", "bridge": "", "tunnel": "", "indoor": "", "layer": "", "level": "", "covered": "", "nodes": [4752760621, 4752760622, 4752760624, 4752760625, 4377810763]}}, {"type": "Feature", "geometry": {"type": "LineString", "coordinates": [[126.9579415, 37.4630921], [126.958318, 37.4630761], [126.9582924, 37.4633874]]}, "properties": {"osm_id": 482456395, "highway": "footway", "name": "", "bridge": "", "tunnel": "", "indoor": "", "layer": "", "level": "", "covered": "", "nodes": [14049248377, 4752760627, 4752760628]}}, {"type": "Feature", "geometry": {"type": "LineString", "coordinates": [[126.958318, 37.4630761], [126.9586216, 37.4630963], [126.9586577, 37.4627537], [126.9586824, 37.4625188]]}, "properties": {"osm_id": 482456396, "highway": "footway", "name": "", "bridge": "", "tunnel": "", "indoor": "", "layer": "", "level": "", "covered": "", "nodes": [4752760627, 4752760629, 4752760631, 4752760630]}}, {"type": "Feature", "geometry": {"type": "LineString", "coordinates": [[126.9586577, 37.4627537], [126.9587575, 37.4627545]]}, "properties": {"osm_id": 482456398, "highway": "footway", "name": "", "bridge": "", "tunnel": "", "indoor": "", "layer": "", "level": "", "covered": "", "nodes": [4752760631, 4752760632]}}, {"type": "Feature", "geometry": {"type": "LineString", "coordinates": [[126.9586216, 37.4630963], [126.9585607, 37.4634021]]}, "properties": {"osm_id": 482456399, "highway": "steps", "name": "", "bridge": "", "tunnel": "", "indoor": "", "layer": "", "level": "", "covered": "", "nodes": [4752760629, 11022811365]}}, {"type": "Feature", "geometry": {"type": "LineString", "coordinates": [[126.9590827, 37.463449], [126.9594414, 37.4634727]]}, "properties": {"osm_id": 482456401, "highway": "service", "name": "", "bridge": "", "tunnel": "", "indoor": "", "layer": "", "level": "", "covered": "", "nodes": [4752760640, 4752760641]}}, {"type": "Feature", "geometry": {"type": "LineString", "coordinates": [[126.9591333, 37.4631144], [126.9590572, 37.4631065], [126.9590954, 37.4627821]]}, "properties": {"osm_id": 482456402, "highway": "footway", "name": "", "bridge": "", "tunnel": "", "indoor": "", "layer": "", "level": "", "covered": "", "nodes": [4752760639, 4752760642, 4752760643]}}, {"type": "Feature", "geometry": {"type": "LineString", "coordinates": [[126.9579264, 37.4612067], [126.9577846, 37.4614283]]}, "properties": {"osm_id": 482456403, "highway": "steps", "name": "", "bridge": "", "tunnel": "", "indoor": "", "layer": "", "level": "", "covered": "", "nodes": [4752760646, 4752760647]}}, {"type": "Feature", "geometry": {"type": "LineString", "coordinates": [[126.9582486, 37.4615318], [126.9580924, 37.4618093]]}, "properties": {"osm_id": 482456404, "highway": "steps", "name": "", "bridge": "", "tunnel": "", "indoor": "", "layer": "", "level": "", "covered": "", "nodes": [4752760648, 4752760649]}}, {"type": "Feature", "geometry": {"type": "LineString", "coordinates": [[126.9574716, 37.4602203], [126.9572273, 37.460683], [126.9573134, 37.460753], [126.9574036, 37.4608227]]}, "properties": {"osm_id": 482456405, "highway": "footway", "name": "", "bridge": "", "tunnel": "", "indoor": "", "layer": "", "level": "", "covered": "", "nodes": [4752760621, 4752760653, 4752760654, 4752760655]}}, {"type": "Feature", "geometry": {"type": "LineString", "coordinates": [[126.9580832, 37.4606622], [126.9577028, 37.4605311], [126.9575791, 37.4604884]]}, "properties": {"osm_id": 482456406, "highway": "footway", "name": "", "bridge": "", "tunnel": "", "indoor": "", "layer": "", "level": "", "covered": "", "nodes": [4752760656, 4752760658, 4752760657]}}, {"type": "Feature", "geometry": {"type": "LineString", "coordinates": [[126.9577028, 37.4605311], [126.9575801, 37.4607334], [126.9574036, 37.4608227]]}, "properties": {"osm_id": 482456407, "highway": "footway", "name": "", "bridge": "", "tunnel": "", "indoor": "", "layer": "", "level": "", "covered": "", "nodes": [4752760658, 4752760659, 4752760655]}}, {"type": "Feature", "geometry": {"type": "LineString", "coordinates": [[126.9575801, 37.4607334], [126.9579581, 37.4608772]]}, "properties": {"osm_id": 482456408, "highway": "footway", "name": "", "bridge": "", "tunnel": "", "indoor": "", "layer": "", "level": "", "covered": "", "nodes": [4752760659, 4752760660]}}, {"type": "Feature", "geometry": {"type": "LineString", "coordinates": [[126.9573463, 37.4612832], [126.957387, 37.4613728], [126.9575738, 37.4614392], [126.9575069, 37.4615499], [126.9575569, 37.4615662]]}, "properties": {"osm_id": 482456409, "highway": "footway", "name": "", "bridge": "", "tunnel": "", "indoor": "", "layer": "", "level": "", "covered": "", "nodes": [3046614648, 4752760661, 4752760662, 4752760663, 4752760664]}}, {"type": "Feature", "geometry": {"type": "LineString", "coordinates": [[126.9590954, 37.4627821], [126.9591617, 37.4624251], [126.9590764, 37.4623215]]}, "properties": {"osm_id": 482456410, "highway": "steps", "name": "", "bridge": "", "tunnel": "", "indoor": "", "layer": "", "level": "", "covered": "", "nodes": [4752760643, 4752760665, 4752760666]}}, {"type": "Feature", "geometry": {"type": "LineString", "coordinates": [[126.9524157, 37.4541828], [126.9528015, 37.454133]]}, "properties": {"osm_id": 483828698, "highway": "service", "name": "", "bridge": "", "tunnel": "", "indoor": "", "layer": "", "level": "", "covered": "", "nodes": [2386177313, 4765735950]}}, {"type": "Feature", "geometry": {"type": "LineString", "coordinates": [[126.9531175, 37.454447], [126.9531712, 37.454457], [126.953161, 37.4545457]]}, "properties": {"osm_id": 483828701, "highway": "footway", "name": "", "bridge": "", "tunnel": "", "indoor": "", "layer": "", "level": "", "covered": "", "nodes": [4293036232, 4765735952, 4765735953]}}, {"type": "Feature", "geometry": {"type": "LineString", "coordinates": [[126.953161, 37.4545457], [126.9531387, 37.4547652]]}, "properties": {"osm_id": 483828702, "highway": "steps", "name": "", "bridge": "", "tunnel": "", "indoor": "", "layer": "", "level": "", "covered": "", "nodes": [4765735953, 4765735954]}}, {"type": "Feature", "geometry": {"type": "LineString", "coordinates": [[126.9531387, 37.4547652], [126.9531842, 37.4547458]]}, "properties": {"osm_id": 483828703, "highway": "footway", "name": "", "bridge": "", "tunnel": "", "indoor": "", "layer": "", "level": "", "covered": "", "nodes": [4765735954, 4374002043]}}, {"type": "Feature", "geometry": {"type": "LineString", "coordinates": [[126.9531842, 37.4547458], [126.9532183, 37.454712], [126.9532737, 37.4546884], [126.953329, 37.4547019], [126.9533886, 37.4547391], [126.9535674, 37.4547248]]}, "properties": {"osm_id": 483828705, "highway": "footway", "name": "", "bridge": "", "tunnel": "", "indoor": "", "layer": "", "level": "", "covered": "", "nodes": [4374002043, 4374002044, 4374002045, 4374002046, 4374002047, 4243052992]}}, {"type": "Feature", "geometry": {"type": "LineString", "coordinates": [[126.9531387, 37.4547652], [126.9531314, 37.4549995]]}, "properties": {"osm_id": 483828706, "highway": "footway", "name": "", "bridge": "", "tunnel": "", "indoor": "", "layer": "", "level": "", "covered": "", "nodes": [4765735954, 4765735955]}}, {"type": "Feature", "geometry": {"type": "LineString", "coordinates": [[126.9531314, 37.4549995], [126.953236, 37.4551241]]}, "properties": {"osm_id": 483828707, "highway": "steps", "name": "", "bridge": "", "tunnel": "", "indoor": "", "layer": "", "level": "", "covered": "", "nodes": [4765735955, 4765735956]}}, {"type": "Feature", "geometry": {"type": "LineString", "coordinates": [[126.95289, 37.4553871], [126.9531998, 37.4554084], [126.953236, 37.4551241]]}, "properties": {"osm_id": 483828709, "highway": "service", "name": "", "bridge": "", "tunnel": "", "indoor": "", "layer": "", "level": "", "covered": "", "nodes": [4765735957, 4765735958, 4765735956]}}, {"type": "Feature", "geometry": {"type": "LineString", "coordinates": [[126.9487492, 37.4694268], [126.9491998, 37.4696639], [126.9499472, 37.4700506], [126.9506413, 37.4703352], [126.9512111, 37.470526], [126.9517539, 37.4707195], [126.9526922, 37.4709725], [126.9541228, 37.4711258], [126.9560565, 37.4711402], [126.9576154, 37.4709281], [126.9581249, 37.4707945]]}, "properties": {"osm_id": 486057426, "highway": "trunk", "name": "강남순환로", "bridge": "", "tunnel": "yes", "indoor": "", "layer": "-1", "level": "", "covered": "", "nodes": [4278630560, 5235882981, 5132376836, 2618197799, 5377699970, 2618197779, 5377699969, 2618197838, 2618197836, 5132376835, 4906914984]}}, {"type": "Feature", "geometry": {"type": "LineString", "coordinates": [[126.982978, 37.4699935], [126.9809047, 37.4696864], [126.9755508, 37.4685705], [126.9724045, 37.4679077], [126.9704856, 37.4675537], [126.9684726, 37.4675033], [126.9667761, 37.4676892], [126.9651508, 37.4681047], [126.9637606, 37.4686777], [126.9608501, 37.4701801], [126.9594794, 37.4706876], [126.9585238, 37.4710044], [126.9579292, 37.4711503]]}, "properties": {"osm_id": 486058690, "highway": "trunk", "name": "강남순환로", "bridge": "", "tunnel": "yes", "indoor": "", "layer": "-2", "level": "-2", "covered": "", "nodes": [4278630730, 4278630731, 4278630732, 4278630734, 4278630736, 4278630737, 4278630738, 4278630739, 10158382959, 4278630740, 4278630742, 4887841837, 4278630743]}}, {"type": "Feature", "geometry": {"type": "LineString", "coordinates": [[126.9500686, 37.4677643], [126.9504057, 37.467934], [126.9507661, 37.4681141], [126.9509616, 37.4682219], [126.9512315, 37.4684394], [126.9514932, 37.4687006], [126.9517818, 37.469058], [126.9519175, 37.4693621], [126.9520544, 37.4697848], [126.952075, 37.4698485], [126.9521052, 37.4699417], [126.9524246, 37.4709278], [126.9526534, 37.4715462], [126.952843, 37.4721046], [126.9529731, 37.4725498], [126.9530306, 37.4727884], [126.9530511, 37.4729631], [126.953061, 37.4731472], [126.9530569, 37.4733089], [126.9530472, 37.4734819], [126.9529237, 37.4742309], [126.9528714, 37.4744913], [126.9526328, 37.475679], [126.9524221, 37.4767284], [126.9522773, 37.4774515], [126.9522273, 37.4777681], [126.9522152, 37.477972], [126.9522135, 37.4781892], [126.9522625, 37.478677], [126.9522915, 37.4788638], [126.9523468, 37.4792209], [126.9524928, 37.4800174], [126.9525165, 37.4801952]]}, "properties": {"osm_id": 486084839, "highway": "primary", "name": "관악로", "bridge": "", "tunnel": "", "indoor": "", "layer": "", "level": "", "covered": "", "nodes": [4278630576, 5716957031, 1834821187, 1966229949, 1834821181, 1834821173, 1834821175, 5716957038, 7412808888, 8305516083, 7413201170, 1837323203, 1870728581, 1936274928, 1834844754, 1870728573, 1936274927, 1870728587, 1834821183, 1834821188, 1834821172, 1843514226, 1843514228, 1843514225, 1886072905, 1834821177, 1908020026, 1834821193, 1834821184, 5744680270, 1834821182, 5759775594, 1834821185]}}, {"type": "Feature", "geometry": {"type": "LineString", "coordinates": [[126.9485154, 37.469644], [126.9478019, 37.4691984], [126.9471972, 37.4687222]]}, "properties": {"osm_id": 497184571, "highway": "trunk", "name": "강남순환로", "bridge": "", "tunnel": "", "indoor": "", "layer": "", "level": "", "covered": "", "nodes": [4278630751, 4278630753, 4278630752]}}, {"type": "Feature", "geometry": {"type": "LineString", "coordinates": [[126.948446, 37.469705], [126.9478615, 37.4694045], [126.9476857, 37.4692763], [126.9475073, 37.4691563], [126.9473712, 37.4690569], [126.9472295, 37.4689714], [126.9470687, 37.4688952], [126.9468625, 37.4688508], [126.9466591, 37.4688475], [126.9464696, 37.4688579], [126.9462889, 37.4689196], [126.946273, 37.468925], [126.9458424, 37.4690963]]}, "properties": {"osm_id": 497184572, "highway": "trunk_link", "name": "", "bridge": "", "tunnel": "", "indoor": "", "layer": "", "level": "", "covered": "", "nodes": [4887841836, 5283266575, 5283266574, 2618210036, 2618210043, 2618210039, 2618210042, 2618210037, 2618210041, 2618210038, 13204980135, 2618210040, 4373612914]}}, {"type": "Feature", "geometry": {"type": "LineString", "coordinates": [[126.9488335, 37.4693743], [126.9491998, 37.4696639]]}, "properties": {"osm_id": 541465340, "highway": "trunk_link", "name": "", "bridge": "", "tunnel": "yes", "indoor": "", "layer": "-1", "level": "", "covered": "", "nodes": [5235882980, 5235882981]}}, {"type": "Feature", "geometry": {"type": "LineString", "coordinates": [[126.9448114, 37.469268], [126.9448281, 37.4692775], [126.9448468, 37.4692844], [126.9448669, 37.4692886], [126.9448876, 37.4692913], [126.944911, 37.4692904], [126.9449344, 37.469287], [126.9449581, 37.4692794], [126.9449786, 37.4692688], [126.9460116, 37.4684765], [126.9460607, 37.4684558], [126.946225, 37.4683864], [126.9463003, 37.4683696], [126.9464859, 37.4683283]]}, "properties": {"osm_id": 545821424, "highway": "service", "name": "신림로3길", "bridge": "", "tunnel": "", "indoor": "", "layer": "", "level": "", "covered": "", "nodes": [5275052725, 5353601135, 5275052731, 5353601136, 5275052729, 5353601137, 5275052730, 5353601138, 5275052726, 5275052727, 13204980175, 5772920235, 7708253616, 5275052728]}}, {"type": "Feature", "geometry": {"type": "LineString", "coordinates": [[126.9142522, 37.4817299], [126.9144779, 37.4817719], [126.9146955, 37.481791], [126.9149074, 37.4817881], [126.9153252, 37.4817597], [126.9156815, 37.4817155], [126.9160373, 37.4816545], [126.9170093, 37.4814075], [126.917746, 37.4811644], [126.9184708, 37.4808914], [126.9191775, 37.4805752], [126.9197449, 37.4802707], [126.925766, 37.476427], [126.9279597, 37.4749412], [126.930656, 37.473115], [126.9311279, 37.4728653], [126.9340229, 37.4715659], [126.9342835, 37.4714302], [126.9345643, 37.4713002], [126.9348411, 37.4711846], [126.9351648, 37.4710869], [126.9353556, 37.471043], [126.9355454, 37.4710124], [126.9359321, 37.4709602], [126.9366994, 37.4708625], [126.9377669, 37.4707571], [126.9387802, 37.4706305], [126.9393644, 37.4705622], [126.9394922, 37.4705496], [126.939622, 37.470539], [126.939765, 37.4705404], [126.9399065, 37.4705504], [126.9422532, 37.4707929], [126.9447165, 37.4710545], [126.9449778, 37.4710423], [126.9452303, 37.4710227], [126.9454721, 37.4709776], [126.9457085, 37.4709154], [126.9459556, 37.4708277], [126.9463158, 37.4706437], [126.9465844, 37.4705283], [126.9468155, 37.4704512], [126.9474566, 37.4702629], [126.9481192, 37.4701256], [126.9487711, 37.4700267], [126.949423, 37.4699703], [126.9504048, 37.4699384], [126.9508682, 37.4699435], [126.9513867, 37.4699492], [126.9517958, 37.4699693], [126.9522049, 37.4699981], [126.9526059, 37.4700374], [126.9530176, 37.4701023], [126.9561237, 37.4708116], [126.9565793, 37.4708418], [126.957159, 37.4708515], [126.9581249, 37.4707945]]}, "properties": {"osm_id": 546523749, "highway": "construction", "name": "", "bridge": "", "tunnel": "yes", "indoor": "", "layer": "-2", "level": "", "covered": "", "nodes": [5281470321, 5281447622, 5281447628, 5281447637, 5281447641, 5281447649, 5281447642, 5281447635, 5281447630, 5281447640, 5281447626, 5281447646, 5281447627, 10600521312, 5281447645, 5281447629, 5281558939, 5281558931, 5281558934, 5281558944, 5281558930, 5281558932, 5281558940, 5281558926, 5281558927, 5281558957, 5281558923, 5281558952, 5281558951, 5281558953, 5281558924, 5281558922, 5281585496, 5297289086, 5281513335, 5281513338, 5281513337, 5281513343, 5281513336, 5281513339, 5281513344, 5281513333, 5281513341, 5281513340, 5281513342, 5281513334, 5281513351, 7412808900, 5281513332, 5281513353, 5281513350, 5281513352, 5281513345, 5281513346, 5281513349, 5281513347, 4906914984]}}, {"type": "Feature", "geometry": {"type": "LineString", "coordinates": [[126.9579292, 37.4711503], [126.9560198, 37.4715589], [126.9545074, 37.4717558], [126.9529095, 37.4718252], [126.9518547, 37.4718342], [126.950808, 37.4718347], [126.9497613, 37.4717671], [126.9479796, 37.4715548], [126.9422382, 37.4708706], [126.939895, 37.4706339], [126.9397596, 37.4706244], [126.9396268, 37.470623], [126.9395042, 37.4706331], [126.9393786, 37.4706455], [126.9387961, 37.4707135], [126.9377817, 37.4708403], [126.9367143, 37.4709457], [126.9359493, 37.4710431], [126.9355649, 37.4710951], [126.9353808, 37.4711247], [126.9351984, 37.4711666], [126.9348847, 37.4712614], [126.9346157, 37.4713737], [126.9343392, 37.4715016], [126.9340708, 37.4716415], [126.9311765, 37.4729292], [126.9307127, 37.4731746], [126.9258259, 37.4764844], [126.9198008, 37.4803307], [126.919227, 37.4806386], [126.9185141, 37.4809576], [126.9177842, 37.4812325], [126.9170417, 37.4814776], [126.9160616, 37.4817266], [126.9156987, 37.4817889], [126.9153364, 37.4818338], [126.9149122, 37.4818626], [126.9146925, 37.4818656], [126.9144596, 37.4818515], [126.9142335, 37.4818214]]}, "properties": {"osm_id": 546523750, "highway": "construction", "name": "", "bridge": "", "tunnel": "yes", "indoor": "", "layer": "-2", "level": "", "covered": "", "nodes": [4278630743, 5281513329, 5281513325, 5281513328, 5281513326, 5281513327, 5281513324, 7412808945, 5281585495, 5281558945, 5281558936, 5281558941, 5281558937, 5281558948, 5281558943, 5281558928, 5281558933, 5281558929, 5281558946, 5281558949, 5281558954, 5281558935, 5281558938, 5281558921, 5281558955, 5281447632, 5281447625, 5281447647, 5281447634, 5281447651, 5281447648, 5281447623, 5281447624, 5281447650, 5281447639, 5281447636, 5281447638, 5281447631, 5281447633, 5281467419]}}, {"type": "Feature", "geometry": {"type": "LineString", "coordinates": [[126.9452824, 37.4662333], [126.946361, 37.4674752], [126.9474692, 37.4685141]]}, "properties": {"osm_id": 546735135, "highway": "trunk", "name": "강남순환로", "bridge": "", "tunnel": "yes", "indoor": "", "layer": "-2", "level": "", "covered": "", "nodes": [4278630562, 2618197760, 2618197840]}}, {"type": "Feature", "geometry": {"type": "LineString", "coordinates": [[126.9468999, 37.4682982], [126.9463965, 37.4686781], [126.9458424, 37.4690963], [126.9453167, 37.4694993], [126.9452819, 37.469526], [126.9451834, 37.4696015], [126.9449971, 37.4697443]]}, "properties": {"osm_id": 546735142, "highway": "secondary", "name": "신림로", "bridge": "yes", "tunnel": "", "indoor": "", "layer": "1", "level": "", "covered": "", "nodes": [6673585412, 13204980173, 4373612914, 11453817849, 13816386398, 4373612910, 4644133000]}}, {"type": "Feature", "geometry": {"type": "LineString", "coordinates": [[126.9447798, 37.4696127], [126.9448801, 37.4695246], [126.9462015, 37.4685401], [126.9464859, 37.4683283], [126.9466085, 37.4682431], [126.9471155, 37.4676273], [126.947171, 37.4675019], [126.9472284, 37.4674384], [126.9472977, 37.4673691], [126.947377, 37.4673061], [126.9474867, 37.4672402], [126.9476142, 37.4671761], [126.9477297, 37.4671248], [126.9478475, 37.4670806], [126.9480373, 37.4670355], [126.9480652, 37.4670303], [126.9481616, 37.4670166], [126.9482591, 37.4670097], [126.9483565, 37.4670042]]}, "properties": {"osm_id": 546735143, "highway": "secondary", "name": "신림로", "bridge": "", "tunnel": "", "indoor": "", "layer": "", "level": "", "covered": "", "nodes": [4644133005, 2834984740, 13204980174, 5275052728, 577466506, 5742447702, 1843504922, 1835221160, 1883279825, 1835221330, 1843504880, 1843504730, 1883279815, 1835221372, 1883279803, 5742447732, 5742447729, 5742447731, 5742447723]}}, {"type": "Feature", "geometry": {"type": "LineString", "coordinates": [[126.9579292, 37.4711503], [126.9573059, 37.4712586], [126.9566576, 37.4713447], [126.9560234, 37.4714278], [126.9537924, 37.4714189], [126.9527981, 37.4712427], [126.9515104, 37.4709512], [126.9503877, 37.4705825], [126.9499778, 37.4703809], [126.9493789, 37.4701211], [126.9489342, 37.4699109], [126.9485154, 37.469644]]}, "properties": {"osm_id": 546736073, "highway": "trunk", "name": "강남순환로", "bridge": "", "tunnel": "yes", "indoor": "", "layer": "-1", "level": "-2", "covered": "", "nodes": [4278630743, 4906914985, 4278630744, 4906914986, 4278630745, 4278630746, 4278630747, 4278630748, 4278630749, 4278630750, 2618210025, 4278630751]}}, {"type": "Feature", "geometry": {"type": "LineString", "coordinates": [[126.9581249, 37.4707945], [126.9592387, 37.4705111], [126.9611633, 37.4696415], [126.9636587, 37.4683409], [126.9655998, 37.4676172], [126.9665777, 37.4674141], [126.9674307, 37.4672438], [126.9682322, 37.4671863], [126.9691801, 37.4671335], [126.9709304, 37.4672957], [126.9732859, 37.4678099], [126.9806473, 37.4692772], [126.9831179, 37.4696776]]}, "properties": {"osm_id": 546736074, "highway": "trunk", "name": "강남순환로", "bridge": "", "tunnel": "yes", "indoor": "", "layer": "-2", "level": "", "covered": "", "nodes": [4906914984, 2618197830, 2618197762, 10158382960, 2618197766, 2618197824, 2618197820, 2618197822, 2618197818, 2618197826, 2618197828, 2618197782, 2618197768]}}, {"type": "Feature", "geometry": {"type": "LineString", "coordinates": [[126.9482799, 37.4676931], [126.9480813, 37.4677304], [126.9478449, 37.4678061], [126.9476194, 37.4678996], [126.9468999, 37.4682982]]}, "properties": {"osm_id": 548325333, "highway": "trunk_link", "name": "", "bridge": "", "tunnel": "", "indoor": "", "layer": "", "level": "", "covered": "", "nodes": [4916742693, 4278630571, 4278630572, 4278630573, 6673585412]}}, {"type": "Feature", "geometry": {"type": "LineString", "coordinates": [[126.9486114, 37.4684923], [126.9483793, 37.4683407], [126.9483235, 37.4680318], [126.9483306, 37.4679955], [126.9483462, 37.4679637], [126.9483748, 37.467937], [126.9484091, 37.4679195], [126.9486616, 37.4678486], [126.9487558, 37.4678347], [126.949098, 37.467834]]}, "properties": {"osm_id": 548325334, "highway": "service", "name": "", "bridge": "", "tunnel": "", "indoor": "", "layer": "", "level": "", "covered": "", "nodes": [5297289085, 5297289084, 5297289083, 5742447786, 5742447785, 5742447787, 5297289082, 5742447784, 5716957025, 5742447788]}}, {"type": "Feature", "geometry": {"type": "LineString", "coordinates": [[126.9480373, 37.4670355], [126.94807, 37.4669511], [126.9481009, 37.4667999], [126.9481085, 37.4667181], [126.9482188, 37.4667408], [126.9483436, 37.466783], [126.9484207, 37.4668128], [126.9485095, 37.4668716], [126.9485473, 37.4669051], [126.948634, 37.4669727], [126.9486916, 37.4670231]]}, "properties": {"osm_id": 605428742, "highway": "service", "name": "", "bridge": "", "tunnel": "", "indoor": "", "layer": "", "level": "", "covered": "", "nodes": [1883279803, 5742447734, 5742447736, 5742410655, 5742447724, 5742447725, 5742447726, 5742447721, 5742447722, 5742447727, 5742410656]}}, {"type": "Feature", "geometry": {"type": "LineString", "coordinates": [[126.9486916, 37.4670231], [126.9491553, 37.4672754], [126.949194, 37.4673038], [126.9492097, 37.4673175], [126.9492229, 37.467332], [126.9492321, 37.4673436], [126.9492397, 37.4673552], [126.9492442, 37.4673659], [126.9492463, 37.4673772], [126.9492463, 37.4673892], [126.9492449, 37.4674013], [126.9492263, 37.4675129]]}, "properties": {"osm_id": 605434641, "highway": "primary_link", "name": "", "bridge": "", "tunnel": "", "indoor": "", "layer": "", "level": "", "covered": "", "nodes": [5742410656, 5742447679, 5742447680, 5742447698, 5742447681, 5742447699, 5742447682, 5742447700, 5742447683, 5742447701, 5742447684, 1883279816]}}, {"type": "Feature", "geometry": {"type": "LineString", "coordinates": [[126.9492263, 37.4675129], [126.9489786, 37.4674431], [126.9484517, 37.4674502], [126.9483758, 37.4674418], [126.9483378, 37.4674349], [126.9483015, 37.4674253], [126.9482686, 37.4674125], [126.9482356, 37.4673984], [126.9482078, 37.4673808], [126.9481816, 37.467362], [126.9481534, 37.4673391], [126.9481286, 37.4673149], [126.9481063, 37.4672907], [126.9480874, 37.4672638], [126.9480235, 37.4671454], [126.9480373, 37.4670355]]}, "properties": {"osm_id": 605434642, "highway": "secondary_link", "name": "", "bridge": "", "tunnel": "", "indoor": "", "layer": "", "level": "", "covered": "", "nodes": [1883279816, 5772920234, 5742447685, 5742447690, 5742447697, 5742447688, 5742447696, 5742447691, 5742447695, 5742447687, 5742447694, 5742447692, 5742447693, 5742447689, 5742447686, 1883279803]}}, {"type": "Feature", "geometry": {"type": "LineString", "coordinates": [[126.9483565, 37.4670042], [126.9484425, 37.4670034], [126.9485267, 37.4670069], [126.9486916, 37.4670231], [126.9491159, 37.467151], [126.9494116, 37.4673034], [126.9494916, 37.4673519], [126.9498633, 37.4675774], [126.9500686, 37.4677643]]}, "properties": {"osm_id": 605434644, "highway": "primary", "name": "관악로", "bridge": "", "tunnel": "", "indoor": "", "layer": "", "level": "", "covered": "", "nodes": [5742447723, 5742447730, 5742447728, 5742410656, 1835221243, 1835221145, 13231900613, 5297289075, 4278630576]}}, {"type": "Feature", "geometry": {"type": "LineString", "coordinates": [[126.9471155, 37.4676273], [126.9475215, 37.4673487], [126.9475471, 37.4673329], [126.9475768, 37.4673204], [126.9476075, 37.4673095], [126.9476397, 37.4673039], [126.9476731, 37.4673021], [126.9476915, 37.4673025], [126.9477084, 37.4673046], [126.9477251, 37.4673101], [126.9477395, 37.4673191], [126.9477481, 37.4673306], [126.9477529, 37.4673448], [126.9477541, 37.4673595], [126.9477595, 37.4675502], [126.9477575, 37.4675621], [126.9477536, 37.4675739], [126.9477477, 37.4675858], [126.9477389, 37.4675976], [126.9477201, 37.4676178], [126.947704, 37.4676521], [126.9476166, 37.4678152]]}, "properties": {"osm_id": 605434646, "highway": "secondary_link", "name": "", "bridge": "", "tunnel": "", "indoor": "", "layer": "", "level": "", "covered": "", "nodes": [5742447702, 5742447753, 5742447756, 5742447755, 5742447757, 5742447754, 5742447759, 5742447762, 5742447758, 5742447761, 5742447760, 5742447763, 5742447752, 5742447764, 5742447751, 5742447769, 5742447767, 5742447768, 5742447766, 5742447770, 5742447765, 5742447705]}}, {"type": "Feature", "geometry": {"type": "LineString", "coordinates": [[126.9478065, 37.4673031], [126.9479947, 37.4673005]]}, "properties": {"osm_id": 605434647, "highway": "service", "name": "", "bridge": "", "tunnel": "yes", "indoor": "", "layer": "-1", "level": "", "covered": "", "nodes": [5742447771, 5742447772]}}, {"type": "Feature", "geometry": {"type": "LineString", "coordinates": [[126.9478065, 37.4673031], [126.9477395, 37.4673191]]}, "properties": {"osm_id": 605434648, "highway": "service", "name": "", "bridge": "", "tunnel": "", "indoor": "", "layer": "", "level": "", "covered": "", "nodes": [5742447771, 5742447760]}}, {"type": "Feature", "geometry": {"type": "LineString", "coordinates": [[126.9477297, 37.4671248], [126.9478413, 37.4668886], [126.9478787, 37.4668189], [126.9479068, 37.4667909], [126.9479626, 37.4667629], [126.9480262, 37.4667351], [126.9481085, 37.4667181]]}, "properties": {"osm_id": 605434650, "highway": "service", "name": "", "bridge": "", "tunnel": "", "indoor": "", "layer": "", "level": "", "covered": "", "nodes": [1883279815, 5742447738, 5742447745, 5742447746, 5742447743, 5742447749, 5742410655]}}, {"type": "Feature", "geometry": {"type": "LineString", "coordinates": [[126.948801, 37.4677925], [126.9492888, 37.4677355]]}, "properties": {"osm_id": 605434652, "highway": "footway", "name": "", "bridge": "", "tunnel": "", "indoor": "", "layer": "", "level": "", "covered": "", "nodes": [5742447783, 4278630577]}}, {"type": "Feature", "geometry": {"type": "LineString", "coordinates": [[126.948667, 37.4678076], [126.9487469, 37.4677986], [126.948801, 37.4677925]]}, "properties": {"osm_id": 605434653, "highway": "footway", "name": "", "bridge": "", "tunnel": "", "indoor": "", "layer": "", "level": "", "covered": "", "nodes": [5742447782, 5742447789, 5742447783]}}, {"type": "Feature", "geometry": {"type": "LineString", "coordinates": [[126.9478975, 37.4682203], [126.9480845, 37.4679879], [126.9483586, 37.4678815], [126.948667, 37.4678076]]}, "properties": {"osm_id": 605434654, "highway": "footway", "name": "", "bridge": "", "tunnel": "", "indoor": "", "layer": "", "level": "", "covered": "", "nodes": [5742447779, 5742447780, 5742447781, 5742447782]}}, {"type": "Feature", "geometry": {"type": "LineString", "coordinates": [[126.9475019, 37.4681263], [126.9478975, 37.4682203]]}, "properties": {"osm_id": 605434655, "highway": "footway", "name": "", "bridge": "yes", "tunnel": "", "indoor": "", "layer": "1", "level": "", "covered": "", "nodes": [5742447778, 5742447779]}}, {"type": "Feature", "geometry": {"type": "LineString", "coordinates": [[126.9487558, 37.4678347], [126.9487469, 37.4677986], [126.9487016, 37.4677231], [126.9486522, 37.4676529], [126.9485939, 37.4675974], [126.9485356, 37.4675634]]}, "properties": {"osm_id": 605434656, "highway": "service", "name": "", "bridge": "", "tunnel": "", "indoor": "", "layer": "", "level": "", "covered": "", "nodes": [5716957025, 5742447789, 5716957026, 5716957027, 5716957028, 5716957029]}}, {"type": "Feature", "geometry": {"type": "LineString", "coordinates": [[126.9463003, 37.4683696], [126.9462943, 37.4682688]]}, "properties": {"osm_id": 618385129, "highway": "service", "name": "관악산나들길", "bridge": "", "tunnel": "", "indoor": "", "layer": "", "level": "", "covered": "", "nodes": [7708253616, 5845047163]}}, {"type": "Feature", "geometry": {"type": "LineString", "coordinates": [[126.9587822, 37.4637224], [126.9590507, 37.4636608], [126.9590827, 37.463449], [126.9591333, 37.4631144]]}, "properties": {"osm_id": 618387105, "highway": "service", "name": "", "bridge": "", "tunnel": "", "indoor": "", "layer": "", "level": "", "covered": "", "nodes": [4752404081, 4752760638, 4752760640, 4752760639]}}, {"type": "Feature", "geometry": {"type": "LineString", "coordinates": [[126.9556042, 37.4390778], [126.9555266, 37.4394609], [126.9554665, 37.4398084], [126.9554821, 37.4399388], [126.9554408, 37.4401083], [126.9553721, 37.4404422], [126.9552262, 37.4406944], [126.9551747, 37.4410351], [126.9550546, 37.4412259], [126.9547799, 37.441444], [126.9544795, 37.4416416], [126.9541405, 37.4418682], [126.9540246, 37.441921], [126.9537485, 37.4421505], [126.9536519, 37.4421377], [126.9534742, 37.4419581], [126.9534561, 37.4421037], [126.9534007, 37.4421718], [126.9529002, 37.4423572], [126.9525483, 37.4425207], [126.9522892, 37.4426455], [126.9521256, 37.4426348], [126.9519192, 37.442585], [126.9517426, 37.4425377], [126.9514754, 37.4425684], [126.9509776, 37.4426843], [126.9506734, 37.4427899], [126.9503178, 37.4428806], [126.9499908, 37.4428728], [126.9499183, 37.4430407], [126.9497788, 37.4431706], [126.9496472, 37.4432158], [126.9494301, 37.4433452], [126.9492208, 37.4434543], [126.9489863, 37.4435565], [126.94884, 37.4437051], [126.9488179, 37.4438793], [126.9488105, 37.4441097], [126.9486945, 37.4442312], [126.948504, 37.4445285], [126.9484108, 37.4446655], [126.9481924, 37.4447384], [126.9480314, 37.4447772], [126.9478255, 37.4449905], [126.9476572, 37.4450637], [126.9476045, 37.4451443], [126.9475279, 37.4453387]]}, "properties": {"osm_id": 648281964, "highway": "path", "name": "", "bridge": "", "tunnel": "", "indoor": "", "layer": "", "level": "", "covered": "", "nodes": [442811672, 442811671, 442811670, 10593074257, 442811669, 442811668, 442811667, 442811666, 442811664, 442811661, 442811659, 442811657, 442811654, 10577434766, 10577434761, 442811652, 10577434760, 442811650, 442811648, 442811646, 442811645, 442811644, 10577434759, 442811643, 442811642, 442811641, 442811640, 442811639, 442811638, 10577434758, 10577434757, 442811637, 10577433522, 442811636, 442811635, 10577434756, 442811634, 11408744827, 442811633, 442811632, 10577434755, 442811631, 442811630, 442811629, 11408744828, 442811628, 7633700857]}}, {"type": "Feature", "geometry": {"type": "LineString", "coordinates": [[126.9593384, 37.4407928], [126.9590807, 37.4409579], [126.9588822, 37.4410772], [126.9587441, 37.4411571], [126.9586569, 37.4412944], [126.958618, 37.4414573], [126.9586056, 37.4415162], [126.9585791, 37.4416416], [126.9586006, 37.4420632], [126.9585979, 37.4423251], [126.9585657, 37.4424082], [126.9584852, 37.442504], [126.9584799, 37.4427106], [126.9583645, 37.442898], [126.9577959, 37.4431152], [126.9570154, 37.4433559], [126.9568115, 37.443375], [126.9566318, 37.4433835], [126.9564173, 37.4434602], [126.9560283, 37.4435646], [126.9558915, 37.4435965], [126.9557843, 37.4435347], [126.955732, 37.4435294], [126.9556797, 37.4435709], [126.9556233, 37.4437158], [126.9554973, 37.4438286], [126.9554906, 37.4438882], [126.9553296, 37.4439798], [126.9552921, 37.4440171], [126.9552143, 37.4440831], [126.954993, 37.4444483], [126.9549018, 37.4445335], [126.9548187, 37.444574], [126.9546872, 37.4446634], [126.9545692, 37.4446549], [126.9544941, 37.4446869], [126.954411, 37.4447379], [126.95425, 37.4447635], [126.9540381, 37.4449424], [126.9538692, 37.4451383], [126.9537404, 37.4453107], [126.9536734, 37.4453672], [126.9536519, 37.4453853], [126.953609, 37.4454556], [126.9535446, 37.4455578], [126.9535281, 37.4458979]]}, "properties": {"osm_id": 648281974, "highway": "path", "name": "", "bridge": "", "tunnel": "", "indoor": "", "layer": "", "level": "", "covered": "", "nodes": [442789111, 6086595197, 10577434781, 10577434780, 6086595196, 10577434779, 10577433521, 6086595195, 6086595194, 10577434969, 10577434967, 10577434968, 6086595193, 6086595192, 10577434971, 6086595191, 10577434777, 10577434778, 10577434970, 10577434621, 10577434625, 10577434623, 10577434622, 10577434624, 10577434626, 10577434775, 10577434772, 10577434773, 10577434774, 10577434776, 11408744810, 11408744811, 6086595187, 11408744813, 11408744812, 10577434972, 11408744814, 6086595186, 10577434771, 6086595185, 6086594584, 10577433471, 10577434770, 10577434769, 6086594583, 442812182]}}, {"type": "Feature", "geometry": {"type": "LineString", "coordinates": [[126.9556878, 37.4532138], [126.955571, 37.4531639], [126.9554758, 37.4530777], [126.9554047, 37.4530362], [126.9553202, 37.4529574], [126.9551982, 37.4529297], [126.9550842, 37.452868], [126.9549944, 37.4528104], [126.9549353, 37.4528179], [126.9547999, 37.4528658], [126.9546363, 37.4528807], [126.9544834, 37.4528105], [126.9543841, 37.4527061], [126.9541267, 37.4526146], [126.9538611, 37.4522526], [126.9537887, 37.4520716], [126.9540328, 37.4515031], [126.9543546, 37.4512816], [126.9544351, 37.4511709], [126.9544834, 37.45086], [126.9547033, 37.4506832], [126.9547489, 37.4505087], [126.9548348, 37.4502723], [126.9548267, 37.4500381], [126.9547677, 37.4498166], [126.9546283, 37.4497932], [126.9544914, 37.4498272], [126.9543948, 37.4498081], [126.954309, 37.4496953], [126.95425, 37.4496037], [126.9542071, 37.4495345], [126.954081, 37.4494632], [126.9540225, 37.4493957]]}, "properties": {"osm_id": 648281976, "highway": "path", "name": "", "bridge": "", "tunnel": "", "indoor": "", "layer": "", "level": "", "covered": "", "nodes": [4750466350, 11408750733, 11408750732, 11408750731, 6086595225, 11408750730, 6086595224, 6086595223, 11408750729, 11408750728, 6086595222, 10577434946, 6086595263, 6086595221, 6086595220, 6086595219, 10577434947, 10577434940, 10577434939, 10577434938, 6086595206, 6086595205, 6086595204, 10577434941, 6086595203, 10577434963, 6086595202, 6086595201, 6086595200, 11408760706, 6086595199, 6086595198, 442812648]}}, {"type": "Feature", "geometry": {"type": "LineString", "coordinates": [[126.9501837, 37.4469079], [126.9501204, 37.4469807], [126.9501345, 37.4470048], [126.9502098, 37.4470096], [126.950285, 37.44704], [126.9503533, 37.4470887]]}, "properties": {"osm_id": 648281977, "highway": "path", "name": "", "bridge": "", "tunnel": "", "indoor": "", "layer": "", "level": "", "covered": "", "nodes": [4712911103, 10773496258, 10773496259, 10773496260, 10577434974, 10773496261]}}, {"type": "Feature", "geometry": {"type": "LineString", "coordinates": [[126.9587107, 37.4478787], [126.9583458, 37.4478491], [126.9581973, 37.4477205], [126.9577445, 37.4475438], [126.9574077, 37.4475339], [126.9572048, 37.4475012], [126.9570128, 37.4474206], [126.9567807, 37.447255], [126.9566394, 37.4471966], [126.9562403, 37.4471208], [126.9556856, 37.4470731], [126.9554507, 37.4471072], [126.9553268, 37.4471191], [126.9551754, 37.4470016], [126.9550044, 37.4469368], [126.9546954, 37.4468346], [126.9545263, 37.4467545], [126.9543177, 37.4467256], [126.9541427, 37.4467056], [126.9539229, 37.4466285], [126.9536214, 37.4464867], [126.9534239, 37.4464458], [126.9532013, 37.446301], [126.9530967, 37.4462754], [126.9529786, 37.4462695]]}, "properties": {"osm_id": 648281978, "highway": "path", "name": "", "bridge": "", "tunnel": "", "indoor": "", "layer": "", "level": "", "covered": "", "nodes": [442817525, 10577434997, 442817526, 442817527, 442817529, 442817531, 442817533, 10577434996, 442817535, 5750431229, 442817540, 442817542, 442817543, 10577434630, 442817547, 442817549, 10577434629, 442817551, 6086595230, 442817553, 442817554, 10577434748, 10577434747, 10577434746, 442812184]}}, {"type": "Feature", "geometry": {"type": "LineString", "coordinates": [[126.9575211, 37.4486232], [126.957348, 37.4487604], [126.9572863, 37.4488542], [126.9573064, 37.4489308], [126.9573051, 37.4491161], [126.9572045, 37.4492428], [126.9572675, 37.4492886], [126.957234, 37.4494312], [126.9571884, 37.4495058], [126.9571871, 37.4495782], [126.9571401, 37.4496452], [126.9570597, 37.4496878], [126.9570584, 37.449724], [126.9570114, 37.449757], [126.9570369, 37.4498198], [126.9570033, 37.4499135], [126.9569363, 37.4499689], [126.9570073, 37.4500104], [126.9569738, 37.4501265], [126.9570194, 37.4502361], [126.9570006, 37.4503256], [126.9570101, 37.450349], [126.9570207, 37.4504065], [126.9570355, 37.4504682], [126.9569792, 37.4504607], [126.956931, 37.4504746], [126.9568733, 37.450481], [126.9567941, 37.4504341], [126.9566399, 37.4504937], [126.9565514, 37.4505853], [126.956444, 37.4506971], [126.9559036, 37.4508792], [126.9558004, 37.4509995], [126.9557065, 37.4516181], [126.9556046, 37.4517384], [126.9553632, 37.4517522], [126.9551767, 37.451881], [126.9549099, 37.4519609], [126.9548026, 37.4521067], [126.9546188, 37.4521962], [126.9545169, 37.4523037], [126.9544888, 37.4523644], [126.9545397, 37.4524985], [126.9543841, 37.4527061], [126.9543345, 37.4528243], [126.9542514, 37.4529531], [126.9540703, 37.453017], [126.9538464, 37.4531575], [126.9537404, 37.4532896], [126.9536626, 37.4534705], [126.9536045, 37.4536051], [126.9535722, 37.4536798]]}, "properties": {"osm_id": 648281979, "highway": "path", "name": "", "bridge": "", "tunnel": "", "indoor": "", "layer": "", "level": "", "covered": "", "nodes": [442812632, 6086595233, 6086595234, 6086595235, 6086595236, 6086595237, 6086595238, 10577434955, 11408744935, 6086595239, 11408744936, 11408744937, 6086595240, 11408744938, 11408744939, 6086595241, 11408744940, 6086595242, 10577434956, 10577434957, 6086595243, 6086595244, 6086595245, 10577434958, 10577434959, 6086595246, 6086595247, 6086595248, 6086595249, 11408744942, 6086595250, 6086595251, 6086595252, 6086595253, 6086595254, 6086595255, 6086595256, 6086595257, 6086595258, 6086595259, 6086595260, 6086595261, 6086595262, 6086595263, 10577434945, 6086595264, 6086595265, 6086595266, 10577434944, 10577434943, 11010688976, 10577434942]}}, {"type": "Feature", "geometry": {"type": "LineString", "coordinates": [[126.965235, 37.4459101], [126.9651827, 37.4459411], [126.9651465, 37.4459645], [126.965058, 37.4460082], [126.9649963, 37.4460209], [126.9649266, 37.446039], [126.9648474, 37.4460625], [126.9647988, 37.4460938], [126.9646946, 37.4462145], [126.9646999, 37.4462893], [126.9646798, 37.4463393], [126.9647013, 37.4463925], [126.9647227, 37.4464756], [126.9647805, 37.4465621], [126.9647482, 37.4467907], [126.9646637, 37.4468429], [126.9646235, 37.4469175], [126.9646208, 37.4469771], [126.9645993, 37.4470314], [126.964524, 37.4470748], [126.9644022, 37.447157], [126.9643982, 37.4472592], [126.9643256, 37.447407], [126.9642091, 37.4475467], [126.9642272, 37.4476915], [126.9642466, 37.4478076], [126.9642667, 37.4479151], [126.9643378, 37.4479406], [126.9644147, 37.4480942], [126.9644465, 37.4481728], [126.9644119, 37.4482699], [126.9643445, 37.4483176], [126.9642708, 37.4483793], [126.964256, 37.4484262], [126.9641943, 37.4485156], [126.9641636, 37.4486029], [126.9640295, 37.4487094], [126.9635659, 37.4487809], [126.9633214, 37.4488993], [126.9631583, 37.4491037], [126.9630724, 37.449401], [126.9628733, 37.4495824], [126.9626122, 37.4497145], [126.9621669, 37.4497767], [126.9618236, 37.4499853], [126.9617678, 37.4500849], [126.9617093, 37.4502297], [126.9615618, 37.4503618], [126.9613552, 37.4505662], [126.9613473, 37.4507868], [126.9613285, 37.4513988], [126.9613311, 37.4516223], [126.9612791, 37.4517645], [126.9610843, 37.4519439], [126.960835, 37.452095], [126.9602572, 37.4524357], [126.9599482, 37.4527832], [126.9597781, 37.4528786], [126.959504, 37.4529442], [126.9590041, 37.4531784], [126.9587294, 37.4532602], [126.9584805, 37.4534237], [126.9580599, 37.4536417], [126.9575836, 37.4538521], [126.9571426, 37.4540455], [126.9569081, 37.4542413], [126.9566781, 37.4544542], [126.9565571, 37.4547645], [126.9565285, 37.4549323], [126.9564391, 37.455073], [126.956369, 37.4551952], [126.9564375, 37.4553622], [126.9564629, 37.4554444], [126.9564559, 37.4555027], [126.9563381, 37.4555508], [126.9562671, 37.455703], [126.9562731, 37.4558018], [126.9561584, 37.4558265], [126.9559949, 37.4557941], [126.9558156, 37.4558048]]}, "properties": {"osm_id": 648281980, "highway": "path", "name": "수영장능선", "bridge": "", "tunnel": "", "indoor": "", "layer": "", "level": "", "covered": "", "nodes": [11408760722, 11408760723, 11408760724, 11408760725, 11408760726, 11408760727, 11408760728, 442820285, 442820287, 11408760712, 11408760713, 11408760730, 11408760729, 442820289, 10577434937, 11408760714, 11408760716, 11408760715, 11408760717, 442820291, 11408760718, 11408760719, 442820293, 10577434936, 442820294, 11408760697, 11408760698, 11408760699, 442820296, 11408760700, 442820299, 11408760701, 11408760702, 11408760703, 11408760704, 442820301, 442820306, 442820307, 5750449963, 442820309, 442820310, 10577434935, 442820311, 442820312, 442820313, 442820314, 10577434933, 6086595269, 10577434934, 442820316, 442820317, 10577436077, 442820318, 10577436078, 442820319, 442820320, 442820321, 10577434932, 442820322, 442820323, 442820324, 442820325, 442820326, 442820330, 442820331, 10577434931, 442820333, 442820335, 10577434930, 442820337, 11408750744, 442820339, 11408750745, 442820341, 11408750746, 10577434929, 442820343, 11408750747, 442820345, 4242705542]}}, {"type": "Feature", "geometry": {"type": "LineString", "coordinates": [[126.9505936, 37.4631486], [126.9506197, 37.4631687], [126.9505132, 37.4632725], [126.9504852, 37.4634292], [126.9502855, 37.4635824], [126.9501327, 37.4638332]]}, "properties": {"osm_id": 671412293, "highway": "footway", "name": "", "bridge": "", "tunnel": "", "indoor": "", "layer": "", "level": "", "covered": "", "nodes": [3655583030, 14047967082, 3655578626, 3655578627, 14007509784, 3655522026]}}, {"type": "Feature", "geometry": {"type": "LineString", "coordinates": [[126.9519679, 37.4510156], [126.9521231, 37.4509861]]}, "properties": {"osm_id": 777504045, "highway": "service", "name": "", "bridge": "", "tunnel": "", "indoor": "", "layer": "", "level": "", "covered": "", "nodes": [7255751591, 7255724384]}}, {"type": "Feature", "geometry": {"type": "LineString", "coordinates": [[126.9522493, 37.4513318], [126.9521231, 37.4509861], [126.952043, 37.4508041]]}, "properties": {"osm_id": 777504046, "highway": "service", "name": "", "bridge": "", "tunnel": "", "indoor": "", "layer": "", "level": "", "covered": "", "nodes": [7255751585, 7255724384, 7255751588]}}, {"type": "Feature", "geometry": {"type": "LineString", "coordinates": [[126.9517828, 37.4507476], [126.9517541, 37.4505628]]}, "properties": {"osm_id": 777510058, "highway": "steps", "name": "윗공대 구름다리", "bridge": "", "tunnel": "", "indoor": "", "layer": "", "level": "", "covered": "", "nodes": [7255793239, 7255793237]}}, {"type": "Feature", "geometry": {"type": "LineString", "coordinates": [[126.9550835, 37.4559793], [126.9550621, 37.4559511], [126.9548173, 37.4556115], [126.9548079, 37.4555684], [126.9547469, 37.455488]]}, "properties": {"osm_id": 777628597, "highway": "footway", "name": "", "bridge": "", "tunnel": "", "indoor": "", "layer": "", "level": "", "covered": "", "nodes": [14049244732, 14049244733, 14049244734, 14049244735, 14049244736]}}, {"type": "Feature", "geometry": {"type": "LineString", "coordinates": [[126.954259, 37.4545051], [126.9540039, 37.4541521], [126.9537687, 37.4538266], [126.9536591, 37.4536507], [126.9536111, 37.4536184], [126.9536045, 37.4536051], [126.9529232, 37.4521107], [126.9524874, 37.4512579], [126.9523773, 37.4510556], [126.9523492, 37.4509917], [126.9522688, 37.4508427], [126.9521022, 37.4504729], [126.952081, 37.4503535]]}, "properties": {"osm_id": 777628598, "highway": "footway", "name": "", "bridge": "", "tunnel": "", "indoor": "", "layer": "", "level": "", "covered": "", "nodes": [7257052650, 11010688973, 11010688971, 11010688972, 7257052674, 11010688976, 7257052660, 7257052676, 11010688975, 7257052671, 7257052670, 11010688974, 7257052679]}}, {"type": "Feature", "geometry": {"type": "LineString", "coordinates": [[126.9540397, 37.4544881], [126.9539483, 37.4543659], [126.9538772, 37.4543473], [126.9536392, 37.4540156], [126.9536888, 37.4539949], [126.9535783, 37.4538429]]}, "properties": {"osm_id": 777628599, "highway": "footway", "name": "", "bridge": "", "tunnel": "", "indoor": "", "layer": "", "level": "", "covered": "", "nodes": [7257052665, 14049244724, 14049244725, 14049244726, 14049244727, 7257052664]}}, {"type": "Feature", "geometry": {"type": "LineString", "coordinates": [[126.952117, 37.4539816], [126.9521468, 37.4536526], [126.9521532, 37.4536217], [126.9521582, 37.4535995], [126.9521727, 37.4535789], [126.9522201, 37.453529], [126.952283, 37.4534687], [126.9523353, 37.4534248], [126.9523849, 37.4533947], [126.9524402, 37.4533681], [126.9524958, 37.4533494], [126.9525709, 37.4533271], [126.9526333, 37.4533151], [126.9527011, 37.4533082], [126.952761, 37.4533029], [126.9528197, 37.4533026], [126.9528724, 37.4533034], [126.9529257, 37.4533082], [126.952993, 37.4533217], [126.9530464, 37.4533361], [126.9531007, 37.4533558], [126.9532128, 37.4534005], [126.9532697, 37.4534338], [126.9533247, 37.4534908], [126.9533618, 37.4535368], [126.9535562, 37.4538088]]}, "properties": {"osm_id": 777628601, "highway": "footway", "name": "", "bridge": "", "tunnel": "", "indoor": "", "layer": "", "level": "", "covered": "", "nodes": [7257052656, 7257052675, 14050920898, 7257052678, 14050920897, 7257052653, 14050920896, 14049244711, 14050920895, 14050920894, 7257052661, 14049244710, 14049244709, 14050920893, 7257052652, 14049244712, 14050920892, 14049244713, 7257052672, 14050920891, 14049244714, 7257052654, 14049244718, 14049244717, 7257052655, 7257052669]}}, {"type": "Feature", "geometry": {"type": "LineString", "coordinates": [[126.9544039, 37.4550108], [126.9543111, 37.4548716], [126.9542728, 37.4548615], [126.9541669, 37.4547146], [126.9541662, 37.4546661], [126.9540779, 37.4545477]]}, "properties": {"osm_id": 777628602, "highway": "footway", "name": "", "bridge": "", "tunnel": "", "indoor": "", "layer": "", "level": "", "covered": "", "nodes": [7257052677, 14049244720, 14049244721, 14049244722, 14049244723, 7257052662]}}, {"type": "Feature", "geometry": {"type": "LineString", "coordinates": [[126.952081, 37.4503535], [126.9520509, 37.4501614], [126.9520716, 37.4495389], [126.9520796, 37.4491925], [126.9520796, 37.4491152], [126.9520814, 37.44907], [126.9520987, 37.4488577], [126.9521108, 37.4482415], [126.9521161, 37.4480015]]}, "properties": {"osm_id": 777628687, "highway": "footway", "name": "", "bridge": "", "tunnel": "", "indoor": "", "layer": "", "level": "", "covered": "", "nodes": [7257052679, 7257076540, 13392140065, 7257076538, 7257076537, 13392140062, 13392140064, 13392140063, 7257076539]}}, {"type": "Feature", "geometry": {"type": "LineString", "coordinates": [[126.9526779, 37.4518057], [126.9524941, 37.4516902], [126.9523761, 37.4514453], [126.9522661, 37.4513431], [126.9514963, 37.4514911], [126.9514958, 37.4514811]]}, "properties": {"osm_id": 777628878, "highway": "footway", "name": "", "bridge": "", "tunnel": "", "indoor": "", "layer": "", "level": "", "covered": "", "nodes": [7257096414, 7257096411, 7257096412, 7257096409, 7257096413, 4631533056]}}, {"type": "Feature", "geometry": {"type": "LineString", "coordinates": [[126.9522661, 37.4513431], [126.9522695, 37.4513278], [126.9521454, 37.4509768], [126.951963, 37.4506106], [126.951904, 37.4504956]]}, "properties": {"osm_id": 777628879, "highway": "footway", "name": "", "bridge": "", "tunnel": "", "indoor": "", "layer": "", "level": "", "covered": "", "nodes": [7257096409, 4631533057, 7257096410, 7257096407, 7257096408]}}, {"type": "Feature", "geometry": {"type": "LineString", "coordinates": [[126.9479191, 37.4638138], [126.9480005, 37.4637137], [126.9480045, 37.4635897], [126.9480045, 37.4633891], [126.9479978, 37.4632518], [126.947713, 37.4629002], [126.9476783, 37.4628519], [126.9475231, 37.4625577], [126.9474815, 37.4624151], [126.9474614, 37.4622618], [126.9474345, 37.4619424], [126.9474127, 37.4616297], [126.9474315, 37.4612252], [126.9476679, 37.4607842], [126.9477323, 37.4606394], [126.9477753, 37.4604891], [126.9477695, 37.460397], [126.947692, 37.4602009], [126.947622, 37.4600989], [126.9474075, 37.4597647], [126.9472519, 37.4594249], [126.9471878, 37.4593224], [126.9468364, 37.4588063], [126.9464299, 37.4582919], [126.9463458, 37.4581211], [126.9463457, 37.4581018], [126.9463241, 37.4576569], [126.9462785, 37.4574351], [126.9461926, 37.457245], [126.9461394, 37.4568716], [126.9460291, 37.4567069], [126.9459553, 37.4566155], [126.945804, 37.4563814], [126.9456685, 37.4561043], [126.9456455, 37.4560602]]}, "properties": {"osm_id": 792784000, "highway": "service", "name": "관악산나들길", "bridge": "", "tunnel": "", "indoor": "", "layer": "", "level": "", "covered": "", "nodes": [4721392122, 10577433766, 10577433767, 13130260529, 10577433769, 13130260528, 5845047166, 10577433768, 13312348770, 10577433774, 10577433773, 4293240608, 4293240607, 10577433772, 10577433771, 10609267343, 4293240606, 10577433770, 4293240605, 4293240604, 7633700844, 442785640, 13130260539, 442820742, 10613127460, 10577433838, 442820741, 13715151347, 3004047227, 3004047226, 13130260538, 3004047225, 442820740, 10569913083, 13715151345]}}, {"type": "Feature", "geometry": {"type": "LineString", "coordinates": [[126.9468449, 37.4676924], [126.9467975, 37.4673457], [126.9468446, 37.467232], [126.947051, 37.4667794], [126.9471583, 37.4665548], [126.9472629, 37.4663259], [126.9477251, 37.4654189], [126.9479108, 37.4650189], [126.9479361, 37.4647995], [126.9479169, 37.4646044], [126.9479103, 37.4644204], [126.9479401, 37.4640884], [126.9479426, 37.4640649], [126.9479522, 37.463999], [126.947967, 37.4639288], [126.9479191, 37.4638138]]}, "properties": {"osm_id": 792784001, "highway": "service", "name": "관악산나들길", "bridge": "", "tunnel": "", "indoor": "", "layer": "", "level": "", "covered": "", "nodes": [4293240616, 13130260504, 4293240615, 10901124725, 13137648463, 10901124726, 5845047165, 7475778445, 10577433762, 7475778444, 7475778443, 10577433765, 10609259041, 10577433763, 10577433764, 4721392122]}}, {"type": "Feature", "geometry": {"type": "LineString", "coordinates": [[126.9523552, 37.4699397], [126.9528943, 37.4706018], [126.953082, 37.4707763], [126.9532966, 37.4709041], [126.9535333, 37.4708559]]}, "properties": {"osm_id": 792784002, "highway": "path", "name": "", "bridge": "", "tunnel": "", "indoor": "", "layer": "", "level": "", "covered": "", "nodes": [7413201165, 7413201166, 7413201167, 7413201168, 7413201169]}}, {"type": "Feature", "geometry": {"type": "LineString", "coordinates": [[126.9537162, 37.4703374], [126.9541401, 37.4693234], [126.9541132, 37.469102], [126.9543976, 37.4685911], [126.9545627, 37.4680195], [126.9546765, 37.4676459], [126.9551325, 37.4671051], [126.9557681, 37.4662407], [126.9558579, 37.4660702]]}, "properties": {"osm_id": 792784003, "highway": "path", "name": "서울둘레길", "bridge": "", "tunnel": "", "indoor": "", "layer": "", "level": "", "covered": "", "nodes": [11866584688, 10577436014, 10577436012, 10577436013, 4721392118, 10577436015, 10577436016, 4721392119, 10613127506]}}, {"type": "Feature", "geometry": {"type": "LineString", "coordinates": [[126.9626975, 37.4696182], [126.962883, 37.4694394], [126.9630155, 37.4692638], [126.9631255, 37.4690168], [126.9633104, 37.4687206], [126.9634795, 37.4685996], [126.9636109, 37.4684676], [126.9637293, 37.4681603], [126.9638899, 37.467995], [126.9640847, 37.4678628], [126.9643673, 37.4676852], [126.9645068, 37.4675575], [126.9645441, 37.4674115], [126.9645819, 37.4671754], [126.9645819, 37.4671253], [126.9645551, 37.4670785], [126.9644552, 37.4669714], [126.9644304, 37.4668592], [126.9644384, 37.4668092], [126.9644773, 37.4667304], [126.9644733, 37.4666857], [126.9644264, 37.466608], [126.9644572, 37.4665825], [126.964476, 37.4665293], [126.9644733, 37.4664292], [126.9644679, 37.4663717], [126.9644116, 37.4663408], [126.9643714, 37.4663057], [126.9643653, 37.4662491], [126.9643781, 37.4661588], [126.9643472, 37.4660928], [126.9642627, 37.4660034], [126.9642312, 37.465947], [126.964248, 37.4659284], [126.9642922, 37.4658991], [126.9643552, 37.4658458], [126.9644062, 37.4658304], [126.9644572, 37.4658283], [126.9644746, 37.4658253], [126.9644853, 37.4658134], [126.9645031, 37.4657989], [126.9645068, 37.4657838], [126.9646396, 37.4657149], [126.9646724, 37.4656718], [126.964736, 37.4656537]]}, "properties": {"osm_id": 792788506, "highway": "path", "name": "", "bridge": "", "tunnel": "", "indoor": "", "layer": "", "level": "", "covered": "", "nodes": [3178201162, 3178201163, 10577436037, 10577436038, 3178202462, 10577436027, 10577436028, 3178201164, 10577436051, 3178202861, 10577436053, 10577436052, 3178202364, 10577436039, 10901124744, 10901124745, 3178202562, 10901124749, 10901124747, 10901124748, 10901124746, 10577436040, 10901124750, 10901124751, 10901124755, 10901124752, 10901124754, 10901124753, 3178203061, 10901124756, 10901124758, 10901124757, 10577436023, 10901124759, 10901124760, 10577432452, 10901124765, 10901124764, 10901124762, 10901124763, 10901124761, 3178203161, 10577432453, 10901124766, 3621000393]}}, {"type": "Feature", "geometry": {"type": "LineString", "coordinates": [[126.9416956, 37.4604853], [126.942066, 37.4607563], [126.9421079, 37.4609185], [126.9421393, 37.4611182], [126.9421918, 37.4612348], [126.9422442, 37.461422], [126.9423167, 37.4616555], [126.9425272, 37.4617632], [126.9427684, 37.4619421], [126.9427886, 37.4619239], [126.9431772, 37.4619754], [126.9435195, 37.4618684], [126.9438377, 37.4618505], [126.9441994, 37.4618838], [126.9445034, 37.4619604], [126.9448546, 37.4619504], [126.9450276, 37.4619338], [126.9454942, 37.4619213], [126.9455057, 37.4619221]]}, "properties": {"osm_id": 799338864, "highway": "footway", "name": "", "bridge": "", "tunnel": "", "indoor": "", "layer": "", "level": "", "covered": "", "nodes": [4721392128, 7475778420, 7475778421, 7475778422, 7475778423, 7475778424, 7475778425, 7475778426, 7475778427, 7475778428, 7475778429, 7475778430, 7475778431, 7475778432, 7475778433, 7475778434, 7475778435, 7475778436, 7413201159]}}, {"type": "Feature", "geometry": {"type": "LineString", "coordinates": [[126.9488864, 37.4387855], [126.9488601, 37.4389295], [126.9488146, 37.4389859], [126.9488212, 37.4390327], [126.9488253, 37.4390807], [126.9487917, 37.4391328], [126.9488025, 37.4393032], [126.9487783, 37.4394012], [126.9488239, 37.4394842], [126.9488533, 37.4396396], [126.9487783, 37.4397781], [126.9485986, 37.4399613], [126.9485852, 37.4401423], [126.9485477, 37.4402637], [126.948494, 37.4403318], [126.9484019, 37.44043], [126.9483492, 37.4405107], [126.948207, 37.4406257], [126.9480137, 37.4407131], [126.9480059, 37.4408419], [126.9479193, 37.4409832], [126.9479173, 37.4411262], [126.9478422, 37.4412774], [126.9478315, 37.4414499], [126.947781, 37.4416378], [126.9477712, 37.4418013], [126.9477189, 37.4419333], [126.9477001, 37.4420334], [126.9476959, 37.442187], [126.9477028, 37.4423262], [126.9477135, 37.4424497], [126.9477028, 37.4424955], [126.9477202, 37.4425615], [126.947745, 37.4426789], [126.9477417, 37.4427394], [126.9477256, 37.4427873], [126.9477001, 37.4428852], [126.9475571, 37.4431785], [126.9475888, 37.4435241], [126.9476089, 37.443785], [126.947603, 37.443963], [126.9475539, 37.4441896], [126.9474909, 37.4444217], [126.9473058, 37.4447841], [126.9473112, 37.4449147], [126.9473554, 37.4450297], [126.9473407, 37.4451457], [126.947379, 37.4453173], [126.9473902, 37.445454]]}, "properties": {"osm_id": 817381739, "highway": "path", "name": "", "bridge": "", "tunnel": "", "indoor": "", "layer": "", "level": "", "covered": "", "nodes": [442789142, 11408744584, 10577434571, 10577434569, 11408744585, 10577434572, 10577434570, 11408744586, 11408744587, 7633700811, 10577433525, 10577434568, 10577434567, 10577434556, 10577434566, 7633700812, 10577434557, 10577434559, 7633700813, 10577434558, 10205508653, 10577433524, 10577434565, 10577433523, 7633700814, 11408744829, 10577434564, 11408744830, 7633700815, 11408744831, 10577434563, 11408744832, 11408744833, 7633700816, 11408744834, 11408744835, 10577434562, 7633700817, 10577434694, 10577434693, 7633700818, 10577434691, 10577434692, 7633700819, 11408750726, 10577434690, 11408750727, 10577432129, 4697031901]}}, {"type": "Feature", "geometry": {"type": "LineString", "coordinates": [[126.9471041, 37.4488093], [126.9470829, 37.4488542], [126.9470876, 37.4488516], [126.9471073, 37.4489404], [126.9471596, 37.4490107], [126.9472508, 37.4492108], [126.9473541, 37.4495962], [126.9476464, 37.4498827], [126.9477618, 37.4500083], [126.947881, 37.4501591], [126.9479924, 37.4501744], [126.9480327, 37.4502319], [126.9482151, 37.4503043], [126.9485155, 37.4504576], [126.94884, 37.4506258], [126.9489983, 37.4507152], [126.9491029, 37.450777], [126.9491507, 37.4508385], [126.9491672, 37.4508962], [126.9491351, 37.4510559], [126.9491726, 37.4511454], [126.9491507, 37.4513033], [126.9492383, 37.4514403], [126.9492966, 37.4515014]]}, "properties": {"osm_id": 817381740, "highway": "path", "name": "", "bridge": "", "tunnel": "", "indoor": "", "layer": "", "level": "", "covered": "", "nodes": [7633700847, 7633700846, 7633700823, 10577433977, 10577433978, 10577433979, 7633700824, 13312377224, 13312377223, 7633700825, 13312377225, 13312377226, 13312377227, 10577433976, 10577433975, 10577433974, 13312377222, 7633700826, 13312377221, 13312377220, 13312377219, 7633700827, 13312377236, 7633700851]}}, {"type": "Feature", "geometry": {"type": "LineString", "coordinates": [[126.9471862, 37.4487025], [126.9471041, 37.4488093]]}, "properties": {"osm_id": 817381741, "highway": "path", "name": "", "bridge": "yes", "tunnel": "", "indoor": "", "layer": "1", "level": "", "covered": "", "nodes": [7633700845, 7633700847]}}, {"type": "Feature", "geometry": {"type": "LineString", "coordinates": [[126.9474661, 37.4569272], [126.9474067, 37.4569683], [126.9474788, 37.4570849], [126.9475083, 37.4571966], [126.947571, 37.4572689], [126.947578, 37.4573627], [126.9475217, 37.4574692], [126.9474868, 37.4576097], [126.947477, 37.4577144], [126.9474774, 37.4579872], [126.947621, 37.4580441], [126.9475681, 37.4582287], [126.9475365, 37.4583358], [126.9474654, 37.4585029], [126.9473621, 37.4588535], [126.9472127, 37.4592353], [126.9472519, 37.4594249]]}, "properties": {"osm_id": 817381742, "highway": "path", "name": "", "bridge": "", "tunnel": "", "indoor": "", "layer": "", "level": "", "covered": "", "nodes": [7633700848, 7633700837, 13312377207, 10577433964, 7633700838, 13312377206, 10577433963, 13312377205, 7633700839, 7633700840, 13312377204, 7633700841, 13312377202, 13312377203, 7633700842, 7633700843, 7633700844]}}, {"type": "Feature", "geometry": {"type": "LineString", "coordinates": [[126.9475331, 37.456868], [126.9474661, 37.4569272]]}, "properties": {"osm_id": 817381743, "highway": "path", "name": "", "bridge": "yes", "tunnel": "", "indoor": "", "layer": "1", "level": "", "covered": "", "nodes": [7633700849, 7633700848]}}, {"type": "Feature", "geometry": {"type": "LineString", "coordinates": [[126.9494737, 37.4516385], [126.9495389, 37.451685], [126.9494744, 37.4517884], [126.9495099, 37.4520734]]}, "properties": {"osm_id": 817381744, "highway": "path", "name": "", "bridge": "", "tunnel": "", "indoor": "", "layer": "", "level": "", "covered": "", "nodes": [7633700850, 7633700828, 13312377235, 7633700853]}}, {"type": "Feature", "geometry": {"type": "LineString", "coordinates": [[126.9492966, 37.4515014], [126.9494737, 37.4516385]]}, "properties": {"osm_id": 817381745, "highway": "path", "name": "", "bridge": "yes", "tunnel": "", "indoor": "", "layer": "1", "level": "", "covered": "", "nodes": [7633700851, 7633700850]}}, {"type": "Feature", "geometry": {"type": "LineString", "coordinates": [[126.9494452, 37.4521594], [126.9494978, 37.4523036], [126.949528, 37.4523484], [126.9495347, 37.4524006], [126.9495119, 37.4524666], [126.9495374, 37.4525848], [126.9495307, 37.4526125], [126.9495334, 37.4526966], [126.9495039, 37.4527626], [126.9495065, 37.4528658], [126.9495414, 37.452935], [126.9495387, 37.4529766], [126.9495018, 37.4530362], [126.9494194, 37.4532342], [126.9494006, 37.4533215], [126.9493523, 37.4533747], [126.9493206, 37.4535606], [126.9492719, 37.4536239], [126.949296, 37.453709], [126.9493067, 37.4539134], [126.9492745, 37.4539858], [126.9493067, 37.454186], [126.9492911, 37.4542619], [126.9492021, 37.4544117], [126.9490841, 37.4545522], [126.9490305, 37.4546246], [126.948958, 37.4548248], [126.9488939, 37.4548672], [126.9488052, 37.4549686], [126.94873, 37.4550547], [126.9487225, 37.4551151], [126.9486925, 37.4553571], [126.9486277, 37.4554615], [126.9483975, 37.4557126], [126.9483135, 37.4558867], [126.9482003, 37.4560533], [126.9481346, 37.4561672], [126.9479721, 37.4565317], [126.947794, 37.4567634], [126.9476516, 37.4568368], [126.9475584, 37.456856], [126.9475331, 37.456868]]}, "properties": {"osm_id": 817381746, "highway": "path", "name": "", "bridge": "", "tunnel": "", "indoor": "", "layer": "", "level": "", "covered": "", "nodes": [7633700852, 10577433891, 13312377233, 10577433952, 13312377234, 10577433973, 13312377232, 13312377231, 10577433972, 13312377230, 13312377229, 13312377228, 7633700829, 13312377212, 13312377210, 13312377211, 7633700830, 13312377213, 13312377214, 10577433971, 13312377215, 10577433970, 7633700831, 13312377216, 10577433969, 13312377217, 13312377218, 7633700832, 10613058967, 10577433968, 10613066714, 10577433967, 7633700833, 13312377209, 7633700834, 13312377208, 10577433966, 7633700835, 10577433965, 7633700836, 10613058988, 7633700849]}}, {"type": "Feature", "geometry": {"type": "LineString", "coordinates": [[126.9495099, 37.4520734], [126.9494452, 37.4521594]]}, "properties": {"osm_id": 817381747, "highway": "path", "name": "", "bridge": "yes", "tunnel": "", "indoor": "", "layer": "1", "level": "", "covered": "", "nodes": [7633700853, 7633700852]}}, {"type": "Feature", "geometry": {"type": "LineString", "coordinates": [[126.9471963, 37.4459257], [126.9471361, 37.4460156], [126.947051, 37.4461232], [126.9470215, 37.4463191], [126.9470644, 37.4465299], [126.9470724, 37.4466066], [126.947051, 37.4467002], [126.9469987, 37.4468259]]}, "properties": {"osm_id": 817381748, "highway": "path", "name": "", "bridge": "", "tunnel": "", "indoor": "", "layer": "", "level": "", "covered": "", "nodes": [7633700855, 7633700854, 6086594538, 10577434688, 10577434689, 10577434686, 10577434687, 10577434685]}}, {"type": "Feature", "geometry": {"type": "LineString", "coordinates": [[126.9474522, 37.4454094], [126.9473902, 37.445454], [126.9473809, 37.445577], [126.9473232, 37.4457345], [126.9471963, 37.4459257]]}, "properties": {"osm_id": 817381750, "highway": "path", "name": "", "bridge": "", "tunnel": "", "indoor": "", "layer": "", "level": "", "covered": "", "nodes": [7633700856, 4697031901, 10577434754, 10577434684, 7633700855]}}, {"type": "Feature", "geometry": {"type": "LineString", "coordinates": [[126.9475279, 37.4453387], [126.9474522, 37.4454094]]}, "properties": {"osm_id": 817381751, "highway": "path", "name": "", "bridge": "yes", "tunnel": "", "indoor": "", "layer": "1", "level": "", "covered": "", "nodes": [7633700857, 7633700856]}}, {"type": "Feature", "geometry": {"type": "LineString", "coordinates": [[126.9463681, 37.462461], [126.9465172, 37.4626897], [126.9465417, 37.4629086], [126.9467801, 37.463058], [126.9469853, 37.4631027], [126.947121, 37.4631181], [126.9473613, 37.4632697], [126.9472797, 37.4634973]]}, "properties": {"osm_id": 817407313, "highway": "path", "name": "", "bridge": "", "tunnel": "", "indoor": "", "layer": "", "level": "", "covered": "", "nodes": [7633873906, 13137648466, 7633873907, 13137648465, 13137648464, 7633873908, 7633873909, 7633873910]}}, {"type": "Feature", "geometry": {"type": "LineString", "coordinates": [[126.9567328, 37.460618], [126.9565526, 37.4609405], [126.956518, 37.4609957], [126.9564868, 37.461037]]}, "properties": {"osm_id": 847951700, "highway": "service", "name": "", "bridge": "", "tunnel": "", "indoor": "", "layer": "", "level": "", "covered": "", "nodes": [3046671280, 4288534133, 3046614777, 1789861872]}}, {"type": "Feature", "geometry": {"type": "LineString", "coordinates": [[126.9513236, 37.459709], [126.9512669, 37.4597526]]}, "properties": {"osm_id": 847953675, "highway": "pedestrian", "name": "", "bridge": "", "tunnel": "", "indoor": "", "layer": "", "level": "", "covered": "", "nodes": [7912611327, 1793038585]}}, {"type": "Feature", "geometry": {"type": "LineString", "coordinates": [[126.951575, 37.4598915], [126.9515224, 37.459937]]}, "properties": {"osm_id": 847953676, "highway": "pedestrian", "name": "", "bridge": "", "tunnel": "", "indoor": "", "layer": "", "level": "", "covered": "", "nodes": [7912611326, 1793038582]}}, {"type": "Feature", "geometry": {"type": "LineString", "coordinates": [[126.9512219, 37.459179], [126.951374, 37.4590073]]}, "properties": {"osm_id": 847953677, "highway": "pedestrian", "name": "", "bridge": "", "tunnel": "", "indoor": "", "layer": "", "level": "", "covered": "", "nodes": [2044015704, 1789878134]}}, {"type": "Feature", "geometry": {"type": "LineString", "coordinates": [[126.9510307, 37.4593947], [126.9512219, 37.459179]]}, "properties": {"osm_id": 847953678, "highway": "steps", "name": "", "bridge": "", "tunnel": "", "indoor": "", "layer": "", "level": "", "covered": "", "nodes": [1789878131, 2044015704]}}, {"type": "Feature", "geometry": {"type": "LineString", "coordinates": [[126.954662, 37.46604], [126.9545464, 37.466108], [126.9544686, 37.466149], [126.9542594, 37.4662065], [126.9541032, 37.4662248], [126.9539892, 37.4662252], [126.9536191, 37.4661687], [126.9533927, 37.4661347], [126.9532565, 37.4661142], [126.9528447, 37.4660451], [126.9527393, 37.4660319], [126.9525595, 37.4660074], [126.9524188, 37.4660015], [126.9520088, 37.465993], [126.9518521, 37.4659877], [126.9517283, 37.4659835], [126.9514355, 37.4659643], [126.9512872, 37.4659547], [126.951091, 37.465952], [126.9508396, 37.465947], [126.9506928, 37.4659393], [126.9505351, 37.4659196], [126.9504006, 37.4658946], [126.9499406, 37.4658034], [126.9496676, 37.4657492], [126.9495229, 37.4657204], [126.9491296, 37.4656412], [126.9487509, 37.4655816], [126.9485078, 37.4655684]]}, "properties": {"osm_id": 847953679, "highway": "service", "name": "", "bridge": "", "tunnel": "", "indoor": "", "layer": "", "level": "", "covered": "", "nodes": [7912611329, 1789842861, 1789843012, 1789842723, 14047967012, 1789842671, 1789842651, 14047966960, 3893418091, 4527656841, 1789842719, 1789842785, 1789842873, 8675989074, 1966229948, 3927957327, 1790446225, 3927957324, 1789842737, 14047967178, 1789842762, 1789842743, 14047967179, 2583219711, 14047967153, 1966229946, 1789842950, 8675989073, 1789842960]}}, {"type": "Feature", "geometry": {"type": "LineString", "coordinates": [[126.9541595, 37.4615706], [126.9541017, 37.4616441], [126.9538803, 37.4618079], [126.9538466, 37.4619159]]}, "properties": {"osm_id": 875251690, "highway": "steps", "name": "", "bridge": "", "tunnel": "", "indoor": "", "layer": "", "level": "", "covered": "", "nodes": [8146884573, 4243052843, 8146884574, 12625104312]}}, {"type": "Feature", "geometry": {"type": "LineString", "coordinates": [[126.9545954, 37.4617442], [126.9545397, 37.4617198], [126.9543947, 37.4616562], [126.9541595, 37.4615706]]}, "properties": {"osm_id": 875251691, "highway": "path", "name": "", "bridge": "", "tunnel": "", "indoor": "", "layer": "", "level": "", "covered": "", "nodes": [1789842675, 14050337742, 8146884577, 8146884573]}}, {"type": "Feature", "geometry": {"type": "LineString", "coordinates": [[126.9563566, 37.4611778], [126.9562886, 37.4612249], [126.9562284, 37.4612588], [126.9561246, 37.4613039], [126.9559353, 37.4613648], [126.9556763, 37.4614216], [126.9554053, 37.4614557], [126.9551546, 37.4614834], [126.9548448, 37.4615558], [126.9546946, 37.4616292], [126.9545954, 37.4617442]]}, "properties": {"osm_id": 875251692, "highway": "service", "name": "", "bridge": "", "tunnel": "", "indoor": "", "layer": "", "level": "", "covered": "", "nodes": [4288534135, 1789842951, 1937467730, 1937467726, 1789842880, 1789842705, 1789842836, 1789842908, 1789842868, 1789842725, 1789842675]}}, {"type": "Feature", "geometry": {"type": "LineString", "coordinates": [[126.950837, 37.462452], [126.9507938, 37.4624196]]}, "properties": {"osm_id": 875251695, "highway": "footway", "name": "", "bridge": "", "tunnel": "", "indoor": "", "layer": "", "level": "", "covered": "", "nodes": [4533956350, 8146884578]}}, {"type": "Feature", "geometry": {"type": "LineString", "coordinates": [[126.9512423, 37.4627847], [126.9506978, 37.4632486]]}, "properties": {"osm_id": 875251696, "highway": "footway", "name": "", "bridge": "", "tunnel": "", "indoor": "", "layer": "", "level": "", "covered": "", "nodes": [4527485579, 8146884579]}}, {"type": "Feature", "geometry": {"type": "LineString", "coordinates": [[126.9512423, 37.4627847], [126.9514181, 37.4628922]]}, "properties": {"osm_id": 875251697, "highway": "steps", "name": "", "bridge": "", "tunnel": "", "indoor": "", "layer": "", "level": "", "covered": "", "nodes": [4527485579, 8146884580]}}, {"type": "Feature", "geometry": {"type": "LineString", "coordinates": [[126.9514181, 37.4628922], [126.9516339, 37.4627141], [126.9518019, 37.4625755]]}, "properties": {"osm_id": 875251698, "highway": "footway", "name": "", "bridge": "", "tunnel": "", "indoor": "", "layer": "", "level": "", "covered": "", "nodes": [8146884580, 4527485581, 8146884581]}}, {"type": "Feature", "geometry": {"type": "LineString", "coordinates": [[126.9518019, 37.4625755], [126.9519355, 37.4626297], [126.9519992, 37.4626273], [126.9520584, 37.4625803], [126.9522776, 37.4627413]]}, "properties": {"osm_id": 875251699, "highway": "steps", "name": "", "bridge": "", "tunnel": "", "indoor": "", "layer": "", "level": "", "covered": "", "nodes": [8146884581, 8146884582, 8146884583, 8146884584, 8146884585]}}, {"type": "Feature", "geometry": {"type": "LineString", "coordinates": [[126.9578274, 37.4611018], [126.9578763, 37.4611237]]}, "properties": {"osm_id": 913134934, "highway": "residential", "name": "", "bridge": "", "tunnel": "", "indoor": "", "layer": "", "level": "", "covered": "", "nodes": [8482466575, 8482466574]}}, {"type": "Feature", "geometry": {"type": "LineString", "coordinates": [[126.9505379, 37.4551449], [126.9505272, 37.4551841]]}, "properties": {"osm_id": 921151112, "highway": "footway", "name": "", "bridge": "", "tunnel": "", "indoor": "", "layer": "", "level": "", "covered": "", "nodes": [4531601929, 8552364824]}}, {"type": "Feature", "geometry": {"type": "LineString", "coordinates": [[126.9507908, 37.4551712], [126.9507824, 37.4552074]]}, "properties": {"osm_id": 921151113, "highway": "footway", "name": "", "bridge": "", "tunnel": "", "indoor": "", "layer": "", "level": "", "covered": "", "nodes": [4531601927, 8552364825]}}, {"type": "Feature", "geometry": {"type": "LineString", "coordinates": [[126.9480137, 37.4407131], [126.9482054, 37.4408121], [126.948492, 37.4409061], [126.9486882, 37.4410078], [126.9491109, 37.4410431], [126.9494086, 37.4410538], [126.9495106, 37.4410538], [126.9495535, 37.4410857], [126.9495615, 37.4411283], [126.9496817, 37.4411387], [126.9499326, 37.4413749], [126.9499961, 37.4414307], [126.9500497, 37.4416458], [126.9503373, 37.4419633], [126.9503447, 37.4421143], [126.95034, 37.4422367], [126.9503434, 37.4422836], [126.9502603, 37.4423645], [126.9501986, 37.4424668], [126.9501315, 37.4425913], [126.9500118, 37.4427457], [126.9499692, 37.4428171], [126.9499908, 37.4428728], [126.9500282, 37.4429289], [126.95011, 37.4429619], [126.950157, 37.4430716], [126.9501664, 37.4432015], [126.950224, 37.4433282], [126.9503206, 37.4434293], [126.9503461, 37.4434826], [126.9503582, 37.4435528], [126.9503783, 37.443704], [126.9504518, 37.4437619], [126.9504265, 37.4438148], [126.9503377, 37.4438803], [126.9502616, 37.4440544], [126.9502912, 37.4442274], [126.9500014, 37.4444079], [126.9498619, 37.4444291], [126.9497829, 37.4444795], [126.9496179, 37.4445974], [126.9495642, 37.4447124], [126.9494728, 37.4448255], [126.9495658, 37.4451652], [126.9494914, 37.445468], [126.9492692, 37.4455067], [126.9490787, 37.4455876], [126.9489527, 37.4455407], [126.9488496, 37.4455787], [126.9487622, 37.4456898], [126.9484434, 37.4458485], [126.9485093, 37.4460363], [126.9483438, 37.4461945], [126.948207, 37.4462541], [126.9480963, 37.446391], [126.94792, 37.4465224], [126.9477986, 37.4468193], [126.9475568, 37.4470334], [126.947001, 37.4469422]]}, "properties": {"osm_id": 1039080170, "highway": "path", "name": "", "bridge": "", "tunnel": "", "indoor": "", "layer": "", "level": "", "covered": "", "nodes": [7633700813, 10593055270, 9568837630, 10593055271, 10577434561, 10577434560, 10577432176, 10577432178, 10577432177, 9568837631, 10577434490, 10577434513, 10577434514, 9568837632, 10577434515, 9568837633, 10577432179, 10577432180, 10577432182, 10577432181, 9568837634, 10577432183, 442811638, 10577432184, 10577432185, 10577432187, 10577432186, 10577432193, 10577432189, 10577432188, 10577432192, 10577432191, 9568837635, 10577432190, 9568837636, 10577432194, 9568837637, 11408744826, 11408744825, 9568837638, 11408744824, 11408744823, 9568837639, 9568837640, 9568837641, 10577432197, 10577432196, 10577432195, 9568837642, 10577432198, 9568837643, 9568837644, 10577432199, 10577432200, 9568837645, 10577432201, 9568837646, 9568837647, 9568837648]}}, {"type": "Feature", "geometry": {"type": "LineString", "coordinates": [[126.9405539, 37.4424251], [126.9409081, 37.4427807], [126.9413171, 37.4434027], [126.9416568, 37.4440302], [126.9420173, 37.4447016], [126.9432928, 37.4453291], [126.9435562, 37.4454557], [126.9438335, 37.445885], [126.944194, 37.4458134], [126.9446377, 37.4461106], [126.9450957, 37.4464564], [126.9455666, 37.446727], [126.9463292, 37.4469362], [126.9467468, 37.4470545], [126.9470081, 37.4471165]]}, "properties": {"osm_id": 1039080171, "highway": "path", "name": "", "bridge": "", "tunnel": "", "indoor": "", "layer": "", "level": "", "covered": "", "nodes": [7834192847, 9568837649, 9568837650, 9568837651, 9568837652, 9568837653, 9568837654, 9568837655, 9568837656, 9568837657, 10577432171, 9568837658, 9568837659, 9568837660, 6086594537]}}, {"type": "Feature", "geometry": {"type": "LineString", "coordinates": [[126.9494978, 37.4523036], [126.9493148, 37.4523867], [126.9491565, 37.4524655], [126.9490653, 37.452572], [126.9489339, 37.4527423], [126.9488642, 37.452951], [126.9488615, 37.4530937], [126.9488427, 37.4531767], [126.9488052, 37.4532747], [126.9487166, 37.4533896], [126.9486496, 37.4534322], [126.9486281, 37.4534876], [126.9485477, 37.4535579], [126.9484794, 37.4536036], [126.9484109, 37.4536494], [126.9482982, 37.4537218], [126.9481346, 37.4537985], [126.9479978, 37.4538155], [126.9479147, 37.453873], [126.9478181, 37.4539369], [126.9477242, 37.4540178], [126.9475955, 37.4541519], [126.9474989, 37.4541817], [126.9474426, 37.4541839], [126.9473648, 37.4541093], [126.9473353, 37.4540476], [126.9473219, 37.4539582], [126.9473058, 37.45389], [126.9472012, 37.4537878], [126.9471288, 37.4536515], [126.9470027, 37.4535621], [126.9469397, 37.4535131], [126.9468753, 37.4533673], [126.946772, 37.4533588], [126.9467345, 37.4532491], [126.946646, 37.453149], [126.946595, 37.4530341], [126.946595, 37.4528488], [126.9466272, 37.452655], [126.9466031, 37.4525997], [126.9464877, 37.4525038], [126.946367, 37.4524315], [126.9462624, 37.4523293], [126.9461176, 37.4521994], [126.9459674, 37.4520588], [126.945844, 37.4519183], [126.945683, 37.4516373], [126.9456589, 37.4515265], [126.9453934, 37.4511858], [126.9452432, 37.4509367], [126.9450849, 37.4506524], [126.9450594, 37.4505587], [126.9450554, 37.4504831], [126.9450675, 37.4503575], [126.9450393, 37.4502457], [126.9449361, 37.4500923], [126.9448878, 37.4498986], [126.9448073, 37.4496825], [126.9447269, 37.4494674], [126.9446746, 37.4493833], [126.9446155, 37.4493248], [126.9445069, 37.4492524], [126.9444197, 37.4492076], [126.9442628, 37.4491576], [126.9441475, 37.4491214], [126.9440204, 37.4491028], [126.9442642, 37.448769], [126.9443956, 37.4485624], [126.94446, 37.4484347], [126.9444628, 37.4482935], [126.9444948, 37.4481238], [126.9447389, 37.4478959], [126.9449456, 37.4477347], [126.9453719, 37.4476936], [126.9455811, 37.4476872], [126.9457917, 37.4477029], [126.9463276, 37.4478359]]}, "properties": {"osm_id": 1039080172, "highway": "path", "name": "", "bridge": "", "tunnel": "", "indoor": "", "layer": "", "level": "", "covered": "", "nodes": [10577433891, 10577433892, 10577433893, 10577433894, 10577433895, 10577433896, 10577433897, 10577433898, 10577433899, 10577433900, 10577433901, 10577433902, 10577433903, 10613058987, 10577433904, 10577433905, 10577433906, 10577433907, 10577433908, 10577433909, 10577433910, 10577433911, 10577433912, 10577433913, 10577433914, 10577433915, 10577433916, 10577433917, 10577433918, 13130260534, 10577433919, 13130260533, 13130260532, 10577433920, 10577433921, 10577433922, 10577433923, 10577433924, 10577433925, 10577433926, 10577433927, 10577433928, 10577433929, 10577433930, 10577433931, 10577433932, 10577433933, 10577433934, 10577433935, 10577433936, 10577433937, 10577433938, 10577433939, 10577433940, 10577433941, 10577433942, 10577433943, 10577433944, 10577433945, 10577433946, 10577433947, 10577433948, 10577433949, 10577433950, 10577433951, 7834182954, 10577433959, 10577433958, 10577433957, 9568837661, 10577433956, 10577433955, 9568837662, 10577433954, 10577433953, 9568837663, 9568837664]}}, {"type": "Feature", "geometry": {"type": "LineString", "coordinates": [[126.9503298, 37.4527028], [126.9503873, 37.4526496], [126.9504738, 37.4524376]]}, "properties": {"osm_id": 1066022287, "highway": "service", "name": "", "bridge": "", "tunnel": "", "indoor": "", "layer": "", "level": "", "covered": "", "nodes": [9789566049, 9789566050, 9789566051]}}, {"type": "Feature", "geometry": {"type": "LineString", "coordinates": [[126.9504738, 37.4524376], [126.9504158, 37.4522487], [126.9503776, 37.4521245]]}, "properties": {"osm_id": 1066022288, "highway": "service", "name": "", "bridge": "", "tunnel": "", "indoor": "", "layer": "", "level": "", "covered": "", "nodes": [9789566051, 9789566053, 9789566052]}}, {"type": "Feature", "geometry": {"type": "LineString", "coordinates": [[126.9504158, 37.4522487], [126.9504457, 37.4522078], [126.9505129, 37.4521159]]}, "properties": {"osm_id": 1066022289, "highway": "service", "name": "", "bridge": "", "tunnel": "", "indoor": "", "layer": "", "level": "", "covered": "", "nodes": [9789566053, 9789566055, 9789566054]}}, {"type": "Feature", "geometry": {"type": "LineString", "coordinates": [[126.9456685, 37.4561043], [126.945544, 37.456272], [126.945444, 37.456277], [126.945385, 37.456265], [126.9452686, 37.4562519], [126.945162, 37.456236], [126.945051, 37.456244], [126.944965, 37.45624], [126.944851, 37.456246], [126.944738, 37.456245], [126.9445539, 37.4562717], [126.9445308, 37.4562148], [126.944509, 37.456151], [126.944409, 37.456085], [126.94431, 37.456012], [126.944202, 37.455984], [126.9440989, 37.4559482], [126.9439869, 37.4558912], [126.9439261, 37.4558029], [126.943817, 37.455751], [126.943778, 37.455671], [126.943682, 37.455612], [126.94358, 37.455557], [126.943505, 37.455522], [126.943432, 37.455506], [126.943337, 37.455446], [126.943242, 37.455391], [126.94312, 37.455386], [126.94301, 37.455366], [126.942912, 37.455322], [126.942804, 37.455305], [126.942676, 37.455294], [126.942575, 37.455311], [126.942451, 37.455338], [126.9423406, 37.4553763], [126.942244, 37.455472], [126.942105, 37.455504], [126.9420063, 37.455487], [126.941989, 37.455484], [126.941887, 37.455453], [126.94178, 37.45549], [126.941659, 37.455506], [126.941535, 37.4555], [126.941409, 37.455547], [126.941319, 37.455614], [126.941223, 37.455665], [126.941121, 37.455692], [126.941016, 37.455675], [126.940901, 37.455647], [126.940784, 37.455632], [126.940662, 37.455617], [126.940555, 37.455605], [126.94043, 37.455596], [126.9403381, 37.4555447], [126.940222, 37.455567], [126.940119, 37.455536], [126.94, 37.455526], [126.9399127, 37.4555278], [126.9398128, 37.4555016], [126.939734, 37.455471], [126.939676, 37.45551], [126.939583, 37.455539], [126.939492, 37.45558], [126.939391, 37.455625], [126.9392645, 37.4556892], [126.9391599, 37.4557424], [126.9391277, 37.4558191], [126.9390097, 37.4559554], [126.9389212, 37.4560661], [126.938881, 37.4561385], [126.9388649, 37.4562087], [126.9388756, 37.4563216], [126.9388998, 37.4564579], [126.9388676, 37.4565537], [126.9388193, 37.4566644], [126.9387227, 37.4567581], [126.9386396, 37.4568219], [126.9383778, 37.4569598]]}, "properties": {"osm_id": 1133746453, "highway": "path", "name": "", "bridge": "", "tunnel": "", "indoor": "", "layer": "", "level": "", "covered": "", "nodes": [10569913083, 10569913082, 10569913081, 10569913080, 10569913079, 10569913078, 10569913077, 10569913076, 10569913075, 10569913074, 10569913073, 10569913072, 10569913071, 10569913070, 10569913069, 10569913068, 10569913067, 10569913066, 10569913065, 10569913064, 10569913063, 10569913062, 10569913061, 10569913060, 10569913059, 10569913058, 10569913057, 10569913056, 10569913055, 10569913054, 10569913053, 10569913052, 10569913051, 10569913050, 10569913049, 10569913048, 10569913047, 13715151157, 10569913046, 10569913045, 10569913044, 10569913043, 10569913042, 10569913041, 10569913040, 10569913039, 10569913038, 10569913037, 10569913036, 10569913035, 10569913034, 10569913033, 10569913032, 10569913031, 10569913030, 10569913029, 10569913028, 10569913027, 10569913026, 10569913025, 10569913024, 10569913023, 10569913022, 10569913021, 10577433873, 10577433872, 10577433871, 10577433870, 10577433869, 10577433868, 10577433867, 10577433866, 10577433865, 10577433864, 10577433863, 10577433862, 10577433861, 10577433860]}}, {"type": "Feature", "geometry": {"type": "LineString", "coordinates": [[126.9404302, 37.4422837], [126.9406164, 37.4421548], [126.9408148, 37.4420739], [126.9410026, 37.4420291], [126.9412172, 37.4420951], [126.9414371, 37.4422655], [126.9416892, 37.4424061], [126.9419199, 37.4424103], [126.9421452, 37.44247], [126.9423276, 37.4425551], [126.9424993, 37.4427383], [126.9426978, 37.4429385], [126.9427782, 37.4430535], [126.9428265, 37.4432025], [126.9428533, 37.4432536], [126.9429499, 37.4433346], [126.9430786, 37.4433985], [126.9432557, 37.4436881], [126.943379, 37.4438329], [126.9434863, 37.4439053], [126.9436634, 37.4439436], [126.9438028, 37.4439947], [126.944012, 37.4441438], [126.9442856, 37.4444036], [126.9443339, 37.4445186], [126.9443446, 37.4447102], [126.9443929, 37.4448721], [126.9444787, 37.444953], [126.944688, 37.4449913], [126.9450581, 37.4450808], [126.9453049, 37.4450893], [126.9456589, 37.4450765], [126.9459915, 37.4450297], [126.9461471, 37.4450808], [126.9462866, 37.4451489], [126.946426, 37.4451319], [126.9466352, 37.4450978], [126.9467479, 37.4451489], [126.9468766, 37.4452213], [126.9470832, 37.4453044], [126.9472092, 37.445315], [126.947379, 37.4453173]]}, "properties": {"osm_id": 1134613843, "highway": "path", "name": "", "bridge": "", "tunnel": "", "indoor": "", "layer": "", "level": "", "covered": "", "nodes": [10577432170, 10577432169, 10577432168, 10577432167, 10577432166, 10577432165, 10577432164, 10577432163, 10577432162, 10577432161, 10577432160, 10577432159, 10577432158, 10577432157, 10577432156, 10577432155, 10577432154, 10577432153, 10577432152, 10577432151, 10577432150, 10577432149, 10577432148, 10577432147, 10577432146, 10577432145, 10577432144, 10577432143, 10577432142, 10577432141, 10577432140, 10577432139, 10577432138, 10577432137, 10577432136, 10577432135, 10577432134, 10577432133, 10577432132, 10577432131, 10577432130, 10577432129]}}, {"type": "Feature", "geometry": {"type": "LineString", "coordinates": [[126.9489547, 37.4464239], [126.9488333, 37.4464846], [126.9488112, 37.4465688], [126.9487602, 37.4466028], [126.9486509, 37.4466449], [126.9484511, 37.4467066], [126.9482768, 37.4468695], [126.9480715, 37.4470399], [126.9479562, 37.4470804], [126.9478825, 37.4471272], [126.9477215, 37.4472486], [126.9476558, 37.4473018], [126.9476263, 37.4473561], [126.9475123, 37.4474232], [126.9473769, 37.4474732], [126.9472589, 37.4474738], [126.947228, 37.4474546], [126.9472092, 37.44742], [126.9471697, 37.4474046], [126.9470432, 37.447388]]}, "properties": {"osm_id": 1134613846, "highway": "path", "name": "", "bridge": "", "tunnel": "", "indoor": "", "layer": "", "level": "", "covered": "", "nodes": [10577434721, 13312348760, 10577434720, 13312348759, 13312348761, 10577434711, 10577434719, 10577434718, 13312348762, 13312348763, 13312348768, 13312348764, 13312348765, 10577434717, 13312348766, 10577434716, 10577434715, 10577434714, 10577434713, 10577434712]}}, {"type": "Feature", "geometry": {"type": "LineString", "coordinates": [[126.9490331, 37.4461663], [126.9490298, 37.4462243], [126.9490492, 37.4462701], [126.9491485, 37.4463297], [126.9489547, 37.4464239]]}, "properties": {"osm_id": 1134613847, "highway": "path", "name": "", "bridge": "yes", "tunnel": "", "indoor": "", "layer": "1", "level": "", "covered": "", "nodes": [10577434722, 13312348756, 13312348757, 13312348758, 10577434721]}}, {"type": "Feature", "geometry": {"type": "LineString", "coordinates": [[126.9495749, 37.4469526], [126.9493792, 37.4469227], [126.9492357, 37.4469206], [126.9492061, 37.4469217], [126.9491512, 37.44696], [126.9490921, 37.4470335], [126.9490372, 37.4471016], [126.9489581, 37.4471772], [126.948887, 37.4472262], [126.9488159, 37.4472592], [126.9487287, 37.4472763], [126.9487019, 37.4473029], [126.9486362, 37.4473487], [126.948604, 37.4473998], [126.9484457, 37.4474956], [126.9482875, 37.4475786], [126.9481131, 37.4476617], [126.9480246, 37.4476936], [126.9478717, 37.4476958], [126.9477671, 37.4476361], [126.9475123, 37.4474232]]}, "properties": {"osm_id": 1134613848, "highway": "path", "name": "", "bridge": "", "tunnel": "", "indoor": "", "layer": "", "level": "", "covered": "", "nodes": [6086595228, 10577432212, 10577432211, 11408744815, 11408744816, 10577432210, 11408744817, 10577432209, 11408744818, 11408744819, 11408744821, 11408744820, 11408744822, 10577432208, 10577432207, 10577432206, 10577432205, 10577432204, 10577432203, 10577432202, 10577434717]}}, {"type": "Feature", "geometry": {"type": "LineString", "coordinates": [[126.9470443, 37.4474519], [126.9470328, 37.4475616]]}, "properties": {"osm_id": 1134613849, "highway": "path", "name": "", "bridge": "yes", "tunnel": "", "indoor": "", "layer": "1", "level": "", "covered": "", "nodes": [10577432215, 10577434682]}}, {"type": "Feature", "geometry": {"type": "LineString", "coordinates": [[126.9470432, 37.447388], [126.9470443, 37.4473961], [126.9470443, 37.4474519]]}, "properties": {"osm_id": 1134613850, "highway": "path", "name": "", "bridge": "", "tunnel": "", "indoor": "", "layer": "", "level": "", "covered": "", "nodes": [10577434712, 10577434683, 10577432215]}}, {"type": "Feature", "geometry": {"type": "LineString", "coordinates": [[126.9660429, 37.4560022], [126.9657809, 37.4559916], [126.9655314, 37.455983], [126.9652927, 37.4560192], [126.9650057, 37.4561065], [126.9647911, 37.4562045], [126.9646221, 37.4563109], [126.9645873, 37.456411], [126.9646275, 37.4565856], [126.9646999, 37.4567474], [126.9647884, 37.4569135], [126.9649279, 37.4571222], [126.9649789, 37.4572286], [126.9650003, 37.4573585], [126.9649976, 37.4575033], [126.9649386, 37.457631], [126.9648072, 37.4578716], [126.9647493, 37.457955], [126.9647053, 37.4580185], [126.9645631, 37.4581207], [126.964488, 37.4582101], [126.9642949, 37.4583315], [126.9640106, 37.4584529], [126.9637746, 37.4585615], [126.9636378, 37.4586445], [126.9635278, 37.4587318], [126.9634259, 37.4588766], [126.9633937, 37.4589277], [126.9633427, 37.4589596], [126.9632247, 37.4589873], [126.9630718, 37.4590533], [126.9630235, 37.4591108], [126.9627097, 37.4594386], [126.9626051, 37.4595281], [126.9625273, 37.4595706], [126.9623423, 37.4596026], [126.9622296, 37.459643], [126.9621143, 37.4597921], [126.9617683, 37.4602903], [126.9616422, 37.4604542], [126.9615161, 37.4605841], [126.9613793, 37.4606799], [126.9611379, 37.4608119], [126.9609824, 37.4609056], [126.9608322, 37.4610333], [126.9607383, 37.461127], [126.9606847, 37.4611781], [126.9606096, 37.4611611], [126.9605157, 37.4611462], [126.9603789, 37.4611313], [126.9602555, 37.461176], [126.9601094, 37.4612356], [126.9601724, 37.4612707], [126.9602649, 37.4613048], [126.9603427, 37.4613612], [126.9603695, 37.4613857], [126.9603936, 37.4614123], [126.9604366, 37.4614517], [126.9605009, 37.4614719], [126.960576, 37.4614879], [126.9606028, 37.4614964], [126.9606538, 37.4615826], [126.9606806, 37.4616305], [126.9607168, 37.4616859], [126.9607088, 37.4617253], [126.9607303, 37.4618072], [126.960741, 37.4618519], [126.9607356, 37.4619211], [126.9606967, 37.4619786], [126.9606793, 37.4620254], [126.960682, 37.4620638], [126.9605908, 37.4621489], [126.9605479, 37.462232], [126.9605318, 37.4623107], [126.96058, 37.4623682], [126.9606122, 37.4623991], [126.9606672, 37.4624438], [126.9607034, 37.4624843], [126.9607086, 37.4625001]]}, "properties": {"osm_id": 1134613855, "highway": "path", "name": "", "bridge": "", "tunnel": "", "indoor": "", "layer": "", "level": "", "covered": "", "nodes": [10577432443, 10577432442, 10577432441, 10577432440, 10577432439, 10577432438, 10577432437, 10577432436, 10577432435, 10577432434, 10577432433, 10577432432, 10577432431, 10577432430, 10577432429, 10577432428, 10577432427, 13586454942, 10577432426, 10577432425, 10577432424, 10577432423, 10577432422, 10577432421, 10577432420, 10577432419, 10577432418, 10577432417, 10577432416, 10577432415, 10577432414, 10577432413, 10577432412, 10577432411, 10577432410, 10577432409, 10577432408, 10577432407, 10577432406, 10577432405, 10577432404, 10577432403, 10577432402, 10577432401, 10577432400, 10577432399, 10577432398, 10577432397, 10577432396, 10577432395, 10577432394, 10577432542, 12310930058, 12310930057, 12310930056, 12310930055, 12310930054, 12310930053, 12310930052, 12310930051, 12310930050, 12310930049, 12310930048, 12310930047, 12310930046, 12310930045, 12310930044, 12310930043, 12310930042, 12310930041, 12310930040, 12310930039, 12310930038, 12310930037, 12310930036, 12310930035, 12310930034, 12310930033, 12310930032]}}, {"type": "Feature", "geometry": {"type": "LineString", "coordinates": [[126.9600237, 37.4653377], [126.9605954, 37.4649142], [126.9606525, 37.4648719], [126.9607986, 37.4649997], [126.960985, 37.4650369], [126.9612989, 37.4650475], [126.9615913, 37.4649166], [126.9617091, 37.4649423], [126.9617575, 37.4649528], [126.9618675, 37.4649166], [126.9620794, 37.4648485], [126.9623932, 37.4648825], [126.9624373, 37.4648798], [126.9626373, 37.4648676], [126.9628733, 37.4649166], [126.9631523, 37.4650358], [126.9635171, 37.4652657], [126.9637102, 37.4653935], [126.9641098, 37.4655957], [126.9645068, 37.4657838]]}, "properties": {"osm_id": 1134613856, "highway": "path", "name": "", "bridge": "", "tunnel": "", "indoor": "", "layer": "", "level": "", "covered": "", "nodes": [10577432468, 13586454932, 10577432467, 10577432466, 10577432465, 10577432464, 10577432463, 13586454933, 12310930205, 10577432462, 10577432461, 10577432460, 10577432444, 10577432459, 10577432458, 10577432457, 10577432456, 10577432455, 10577432454, 3178203161]}}, {"type": "Feature", "geometry": {"type": "LineString", "coordinates": [[126.9616958, 37.4632709], [126.9618782, 37.4633667], [126.9620419, 37.4634945], [126.9622511, 37.4637819], [126.9624147, 37.4638862], [126.9625032, 37.4638947], [126.9626239, 37.4638926], [126.9627607, 37.4638926], [126.9631818, 37.463784], [126.9634581, 37.4636435], [126.9636619, 37.4636115], [126.9637961, 37.4636073], [126.9639676, 37.4636052], [126.964201, 37.463586], [126.9642103, 37.4636723], [126.9642198, 37.4637605], [126.9642386, 37.4638947], [126.9642171, 37.4641374], [126.9641796, 37.4643397], [126.9642144, 37.4644078], [126.9641876, 37.4645121], [126.9641393, 37.4646037], [126.9642439, 37.4646654], [126.9642815, 37.4648123], [126.9643083, 37.4648975], [126.9644397, 37.4649336], [126.9644827, 37.4651018], [126.9645873, 37.4652147], [126.9646382, 37.4654233], [126.9646999, 37.4655255], [126.964736, 37.4656537]]}, "properties": {"osm_id": 1134613857, "highway": "path", "name": "", "bridge": "", "tunnel": "", "indoor": "", "layer": "", "level": "", "covered": "", "nodes": [10577432630, 6086595347, 10577432553, 10577432554, 6086595348, 10577432550, 10577432551, 10577432552, 12310930214, 6086595349, 10577432549, 10577432617, 10577432548, 6086595350, 13586454935, 6086595351, 10577432546, 10577432547, 11408744997, 11408744996, 11408744998, 6086595352, 11408744999, 10577432619, 6086595353, 11408745000, 6106831258, 10577432545, 10577432618, 10577432544, 3621000393]}}, {"type": "Feature", "geometry": {"type": "LineString", "coordinates": [[126.9684437, 37.4591764], [126.9683477, 37.4592662], [126.9682538, 37.4593322], [126.9681305, 37.459445], [126.9680634, 37.4594876], [126.9679561, 37.4594897], [126.9678622, 37.4595132], [126.9678113, 37.4595643], [126.9676906, 37.4597516], [126.967586, 37.4599241], [126.9674545, 37.460039], [126.9672748, 37.4601923], [126.9670361, 37.4603541], [126.9669047, 37.4604436], [126.9667679, 37.4605117], [126.9665989, 37.4605543], [126.9664219, 37.4605969], [126.96621, 37.460648], [126.9660625, 37.460748], [126.9659901, 37.4608119], [126.9659498, 37.460863], [126.9658291, 37.4608864], [126.9655851, 37.4609545], [126.9654241, 37.4609971], [126.9652712, 37.4610887], [126.965121, 37.4612164], [126.9649655, 37.4613804], [126.9648957, 37.4614549], [126.9647911, 37.4614996], [126.9646221, 37.4615422], [126.96448, 37.4615464], [126.9643432, 37.4615762], [126.9642037, 37.4617338], [126.9640589, 37.4618743], [126.9639301, 37.4619424], [126.9637209, 37.4620446], [126.9635358, 37.4621298], [126.9634178, 37.4622064], [126.9633159, 37.4622596], [126.9632032, 37.462398], [126.9631067, 37.4624896], [126.9629216, 37.4626237], [126.9627714, 37.4626769], [126.9625381, 37.4626833], [126.9623128, 37.4627302], [126.9621062, 37.4628962], [126.9619024, 37.4630772], [126.9616958, 37.4632709], [126.9616261, 37.4631975], [126.9615403, 37.4631091], [126.9614544, 37.4630229], [126.9613391, 37.4629239], [126.9612278, 37.4628281], [126.9611675, 37.4627919], [126.9610431, 37.4627565], [126.9610065, 37.4627461], [126.9609208, 37.4627248]]}, "properties": {"osm_id": 1134613858, "highway": "path", "name": "", "bridge": "", "tunnel": "", "indoor": "", "layer": "", "level": "", "covered": "", "nodes": [10577432677, 10577432676, 10577432675, 10577432674, 10577432673, 10577432672, 10577432671, 10577432670, 10577432669, 10577432668, 10577432667, 10577432666, 10577432665, 10577432664, 10577432663, 10577432662, 10577432661, 10577432660, 10577432659, 10577432658, 10577432657, 10577432656, 10577432655, 10577432654, 10577432653, 10577432652, 10577432651, 10577432650, 10577432649, 10577432648, 10577432647, 10577432646, 10577432645, 10577432644, 10577432643, 10577432642, 10577432641, 10577432640, 10577432639, 10577432638, 10577432637, 10577432636, 10577432635, 10577432634, 10577432633, 10577432632, 10577432631, 10577432630, 10577432629, 10577432628, 10577432627, 10577432626, 10577432625, 10577432624, 13586454941, 10577432623, 10577432622]}}, {"type": "Feature", "geometry": {"type": "LineString", "coordinates": [[126.9451743, 37.4576131], [126.9450729, 37.4576917], [126.9449656, 37.4577683], [126.9449092, 37.4578205], [126.9448878, 37.4578769], [126.9448704, 37.4579706], [126.944869, 37.4580675], [126.9448408, 37.458126], [126.9447671, 37.4581612], [126.9446196, 37.4582304], [126.9445284, 37.4582879], [126.9443406, 37.4584475], [126.9442132, 37.4585551], [126.9441301, 37.4586349], [126.9440617, 37.458702], [126.9439799, 37.4587925], [126.9439021, 37.4589064], [126.9438726, 37.458999], [126.9438511, 37.4590991], [126.9438484, 37.4592055], [126.943827, 37.4593875], [126.9438162, 37.459478], [126.9437559, 37.4595547], [126.9436754, 37.4596047], [126.9435386, 37.4596484], [126.9432878, 37.4597261], [126.9431832, 37.4597484], [126.9430464, 37.4597367], [126.9429244, 37.4597484], [126.9428091, 37.4597846], [126.9426616, 37.4598538], [126.9425395, 37.4599773], [126.942506, 37.4600295], [126.9425115, 37.4600568]]}, "properties": {"osm_id": 1134613862, "highway": "path", "name": "", "bridge": "", "tunnel": "", "indoor": "", "layer": "", "level": "", "covered": "", "nodes": [10577432779, 10577432778, 10577432777, 10577432776, 10577432775, 10577432774, 10577432773, 10577432772, 10577432771, 10577432770, 10577432769, 10577432768, 10577432767, 10577432766, 10577432765, 10577432764, 10577432763, 10577432762, 10577432761, 10577432760, 10577432759, 10577432758, 10577432757, 10577432756, 10577432755, 10577432754, 10577432753, 10577432752, 10577432751, 10577432750, 10577432749, 10577432748, 10577432747, 10577432746]}}, {"type": "Feature", "geometry": {"type": "LineString", "coordinates": [[126.9586056, 37.4415162], [126.9583887, 37.4415841], [126.9580936, 37.4415926], [126.9579327, 37.4415841], [126.9576967, 37.4415159], [126.9575143, 37.4414691], [126.9573748, 37.4414499], [126.9572648, 37.4414627], [126.957171, 37.4414882], [126.9569188, 37.4416692], [126.9567981, 37.4417289], [126.9566426, 37.4417651], [126.9562671, 37.4417587], [126.9558164, 37.4417395], [126.9555938, 37.4417438], [126.955457, 37.441797], [126.9552264, 37.441895], [126.9547918, 37.4421548], [126.9546175, 37.4422698], [126.9543573, 37.4424785], [126.9542447, 37.4425615], [126.9540918, 37.4426488], [126.9538531, 37.4427276], [126.9537887, 37.4427596], [126.9538222, 37.4427937], [126.9539309, 37.4428874], [126.9540033, 37.4429363], [126.9540583, 37.4429832], [126.9540837, 37.4430716], [126.9541092, 37.4431429], [126.9540784, 37.4433378], [126.9540341, 37.4434826], [126.9539604, 37.4436881], [126.9538866, 37.443786], [126.9538142, 37.4438819], [126.9537391, 37.4439681], [126.9536184, 37.4441055], [126.9535889, 37.4441768], [126.9535862, 37.4442652], [126.9536251, 37.4443898], [126.953672, 37.4444877], [126.9536881, 37.4446048], [126.9536854, 37.4447039], [126.9536331, 37.4448007], [126.9535165, 37.4449253], [126.9534601, 37.4449754], [126.9534494, 37.445018], [126.9534534, 37.4450616], [126.9534856, 37.4451276], [126.9535714, 37.445265], [126.9536734, 37.4453672]]}, "properties": {"osm_id": 1134613881, "highway": "path", "name": "", "bridge": "", "tunnel": "", "indoor": "", "layer": "", "level": "", "covered": "", "nodes": [10577433521, 10577433520, 10577433519, 10577433518, 10577433517, 10577433516, 10577433515, 10577433514, 10577433513, 10577433512, 10577433511, 10577433510, 10577433509, 10577433508, 10577433507, 10577433506, 10577433505, 10577433504, 10577433503, 10577433502, 10577433501, 10577433500, 10577433499, 10577433498, 10577433497, 10577433496, 10577433495, 10577433494, 10577433493, 10577433492, 10577433491, 10577433490, 10577433489, 10577433488, 10577433487, 10577433486, 10577433485, 10577433484, 10577433483, 10577433482, 10577433481, 10577433480, 10577433479, 10577433478, 10577433477, 10577433476, 10577433475, 10577433474, 10577433473, 10577433472, 10577433471]}}, {"type": "Feature", "geometry": {"type": "LineString", "coordinates": [[126.9445539, 37.4562717], [126.9445834, 37.4563578], [126.944629, 37.4565643], [126.9446558, 37.4567176], [126.9446611, 37.4567645], [126.9445968, 37.4568028], [126.9445619, 37.4568667], [126.9446048, 37.4569603], [126.9446611, 37.4570455], [126.9446719, 37.4572158], [126.9446839, 37.4572542], [126.9448355, 37.4573031], [126.9449374, 37.4573393], [126.9450849, 37.4574288], [126.9451332, 37.4575309], [126.9451743, 37.4576131], [126.9451989, 37.4576544], [126.9452646, 37.4577013], [126.9454309, 37.4577481], [126.9455422, 37.4577641], [126.9455932, 37.4577833], [126.9456589, 37.4578205], [126.9458091, 37.4578823], [126.9459901, 37.4579259], [126.9460787, 37.45796], [126.9462208, 37.4580547], [126.9463457, 37.4581018]]}, "properties": {"osm_id": 1134613891, "highway": "path", "name": "", "bridge": "", "tunnel": "", "indoor": "", "layer": "", "level": "", "covered": "", "nodes": [10569913073, 10577433859, 10577433858, 10577433857, 10577433856, 10577433855, 10577433854, 10577433853, 10577433852, 10577433851, 10577433850, 10577433849, 10577433848, 10577433847, 10577433846, 10577432779, 10577433845, 10577433844, 10577433843, 13715151344, 13715151341, 10577433842, 10577433841, 10577433840, 10577433839, 13715151343, 10577433838]}}, {"type": "Feature", "geometry": {"type": "LineString", "coordinates": [[126.9474426, 37.4541839], [126.9473152, 37.4542445], [126.9471945, 37.4542541], [126.9471073, 37.45422], [126.9469517, 37.4542222], [126.9466943, 37.4542307], [126.9465011, 37.4542605], [126.9462651, 37.4542413], [126.94608, 37.4542903], [126.9457957, 37.4543563], [126.9456214, 37.4544372], [126.9454577, 37.4545543], [126.9453397, 37.4546864], [126.9452673, 37.4547886], [126.9450903, 37.4548141], [126.9449208, 37.4550495]]}, "properties": {"osm_id": 1134613893, "highway": "path", "name": "", "bridge": "", "tunnel": "", "indoor": "", "layer": "", "level": "", "covered": "", "nodes": [10577433913, 10577433890, 13130260535, 10577433889, 10577433888, 10577433887, 10577433886, 10577433885, 10577433884, 10577433883, 10577433882, 10577433881, 13130260536, 10577433880, 10577433879, 10577433878]}}, {"type": "Feature", "geometry": {"type": "LineString", "coordinates": [[126.9493274, 37.4475077], [126.9492478, 37.4475134], [126.9490981, 37.4475241], [126.9483274, 37.4476808], [126.9480246, 37.4476936]]}, "properties": {"osm_id": 1134613894, "highway": "path", "name": "", "bridge": "", "tunnel": "", "indoor": "", "layer": "", "level": "", "covered": "", "nodes": [4748213773, 14056168727, 4748213774, 4748213775, 10577432204]}}, {"type": "Feature", "geometry": {"type": "LineString", "coordinates": [[126.9470328, 37.4475616], [126.9470349, 37.4475669], [126.9470939, 37.4476585], [126.9471503, 37.4477682], [126.9470817, 37.4479158]]}, "properties": {"osm_id": 1134613915, "highway": "path", "name": "", "bridge": "", "tunnel": "", "indoor": "", "layer": "", "level": "", "covered": "", "nodes": [10577434682, 10577434681, 10577434680, 10577434679, 7633700821]}}, {"type": "Feature", "geometry": {"type": "LineString", "coordinates": [[126.947001, 37.4469422], [126.9470081, 37.4471165], [126.9470432, 37.447388]]}, "properties": {"osm_id": 1134613916, "highway": "path", "name": "", "bridge": "", "tunnel": "", "indoor": "", "layer": "", "level": "", "covered": "", "nodes": [9568837648, 6086594537, 10577434712]}}, {"type": "Feature", "geometry": {"type": "LineString", "coordinates": [[126.9469987, 37.4468259], [126.947001, 37.4469422]]}, "properties": {"osm_id": 1134613917, "highway": "path", "name": "", "bridge": "yes", "tunnel": "", "indoor": "", "layer": "1", "level": "", "covered": "", "nodes": [10577434685, 9568837648]}}, {"type": "Feature", "geometry": {"type": "LineString", "coordinates": [[126.9531634, 37.4460663], [126.9530082, 37.4460433], [126.9529438, 37.4460103], [126.9527319, 37.4459816], [126.9525616, 37.4459443], [126.9524798, 37.4458623], [126.9524002, 37.4458256], [126.9522357, 37.4458612], [126.9521037, 37.4458596], [126.9519353, 37.4458304], [126.9517636, 37.4457462], [126.9516261, 37.4457889], [126.9514807, 37.4457553], [126.95136, 37.4457308], [126.9512621, 37.4457122], [126.9511501, 37.4457367], [126.9510442, 37.4457393], [126.9509442, 37.4457643], [126.9507739, 37.4457803], [126.950621, 37.4457739], [126.9503434, 37.4457835], [126.950039, 37.445792], [126.9497895, 37.4457771], [126.9496018, 37.4457516], [126.9495428, 37.4457239], [126.9494074, 37.4457612], [126.9493215, 37.4458091], [126.9492182, 37.4458942], [126.949119, 37.4460284], [126.9490412, 37.4461221], [126.9490331, 37.4461663]]}, "properties": {"osm_id": 1134613918, "highway": "path", "name": "", "bridge": "", "tunnel": "", "indoor": "", "layer": "", "level": "", "covered": "", "nodes": [10577434745, 13312389795, 10577434744, 10577434743, 10577434742, 10577434741, 10577434740, 13312389793, 10577434739, 10577434738, 13312348751, 10577434737, 10577434736, 10577434735, 13312348752, 10577434734, 10577434733, 13312348753, 10577434732, 10577434731, 10577434730, 10577434729, 10577434728, 13312348754, 10577434727, 10577434726, 13312348755, 10577434725, 10577434724, 10577434723, 10577434722]}}, {"type": "Feature", "geometry": {"type": "LineString", "coordinates": [[126.952868, 37.4475694], [126.9528875, 37.4474253], [126.952917, 37.4472848], [126.9529331, 37.4471166], [126.9528875, 37.4468994]]}, "properties": {"osm_id": 1134613919, "highway": "path", "name": "", "bridge": "", "tunnel": "", "indoor": "", "layer": "", "level": "", "covered": "", "nodes": [442812665, 10577434753, 10577434752, 10577434751, 10577434994]}}, {"type": "Feature", "geometry": {"type": "LineString", "coordinates": [[126.9463276, 37.4478359], [126.9465162, 37.447627], [126.94664, 37.4474899], [126.9467468, 37.4470545]]}, "properties": {"osm_id": 1137762647, "highway": "path", "name": "", "bridge": "", "tunnel": "", "indoor": "", "layer": "", "level": "", "covered": "", "nodes": [9568837664, 10605490391, 10605490390, 9568837660]}}, {"type": "Feature", "geometry": {"type": "LineString", "coordinates": [[126.947692, 37.4602009], [126.9478667, 37.4603159], [126.948089, 37.4604925], [126.9482573, 37.4606642], [126.9484557, 37.4608884], [126.9485518, 37.4610554], [126.9485747, 37.4611391], [126.9485819, 37.4611651], [126.948648, 37.4613989], [126.948672, 37.4615611], [126.9486961, 37.4618235], [126.948666, 37.4619141], [126.9485939, 37.4621097], [126.9485819, 37.4623006], [126.9485158, 37.4625152], [126.9484376, 37.4627156], [126.9483835, 37.4627824], [126.9484016, 37.4629064], [126.9483895, 37.4630686], [126.9482814, 37.4631736], [126.9482279, 37.4633092], [126.9481311, 37.4635552], [126.9480005, 37.4637137]]}, "properties": {"osm_id": 1138173064, "highway": "path", "name": "", "bridge": "", "tunnel": "", "indoor": "", "layer": "", "level": "", "covered": "", "nodes": [10577433770, 10609259748, 10609259749, 10609259750, 10609259751, 10609259752, 10609259770, 10609259753, 10609259754, 10609259755, 10609259756, 10609259757, 10609259758, 10609259759, 10609259760, 10609259761, 10609259762, 10609259763, 10609259764, 10609259765, 10609267328, 10609259766, 10577433766]}}, {"type": "Feature", "geometry": {"type": "LineString", "coordinates": [[126.947844, 37.4610025], [126.9479291, 37.4610139], [126.948025, 37.4610323], [126.9481265, 37.4610563], [126.9481854, 37.4610702], [126.9482386, 37.4610796], [126.9483874, 37.461106], [126.9485747, 37.4611391]]}, "properties": {"osm_id": 1138173065, "highway": "footway", "name": "", "bridge": "", "tunnel": "", "indoor": "", "layer": "", "level": "", "covered": "", "nodes": [10609259767, 10609267369, 10609259768, 10609259779, 10609259769, 10609267305, 10609259789, 10609259770]}}, {"type": "Feature", "geometry": {"type": "LineString", "coordinates": [[126.9480489, 37.4611732], [126.9480284, 37.4611271], [126.9480215, 37.4610784], [126.948025, 37.4610323], [126.9480489, 37.4609808], [126.948083, 37.4609483], [126.9481171, 37.460932], [126.9481342, 37.4609754], [126.948141, 37.4610269], [126.9481265, 37.4610563], [126.9481103, 37.4611109], [126.948083, 37.4611353], [126.9480489, 37.4611732]]}, "properties": {"osm_id": 1138173066, "highway": "footway", "name": "", "bridge": "", "tunnel": "", "indoor": "", "layer": "", "level": "", "covered": "", "nodes": [10609259771, 10609259772, 10609259773, 10609259768, 10609259774, 10609259775, 10609259776, 10609259777, 10609259778, 10609259779, 10609259780, 10609259781, 10609259771]}}, {"type": "Feature", "geometry": {"type": "LineString", "coordinates": [[126.9478536, 37.4612831], [126.9479892, 37.4612845], [126.9480318, 37.4612789], [126.9480932, 37.4612708], [126.9482196, 37.4613168], [126.9482708, 37.4612708], [126.948339, 37.4612139], [126.9484176, 37.4611922], [126.9485819, 37.4611651]]}, "properties": {"osm_id": 1138173067, "highway": "footway", "name": "", "bridge": "", "tunnel": "", "indoor": "", "layer": "", "level": "", "covered": "", "nodes": [10609259782, 10609259796, 10609259783, 10609259784, 10609259785, 10609259786, 10609259787, 10609259788, 10609259753]}}, {"type": "Feature", "geometry": {"type": "LineString", "coordinates": [[126.9484176, 37.4611922], [126.9483874, 37.461106], [126.9483459, 37.4610242], [126.9483254, 37.4609618], [126.9482435, 37.4608887], [126.9482145, 37.4608619], [126.9481615, 37.4608128], [126.9481145, 37.4607896], [126.9480352, 37.4607505], [126.9480604, 37.4607629]]}, "properties": {"osm_id": 1138173068, "highway": "footway", "name": "", "bridge": "", "tunnel": "", "indoor": "", "layer": "", "level": "", "covered": "", "nodes": [10609259788, 10609259789, 10609259790, 10609259791, 10609259792, 10609267308, 10609259793, 10609259802, 10609259794, 10609259795]}}, {"type": "Feature", "geometry": {"type": "LineString", "coordinates": [[126.9479892, 37.4612845], [126.9479328, 37.4611813], [126.9479123, 37.4611055], [126.9479123, 37.461054], [126.9479291, 37.4610139], [126.9479464, 37.4609727], [126.9480011, 37.4608995], [126.9481145, 37.4607896]]}, "properties": {"osm_id": 1138173069, "highway": "footway", "name": "", "bridge": "", "tunnel": "", "indoor": "", "layer": "", "level": "", "covered": "", "nodes": [10609259796, 10609259797, 10609259798, 10609259799, 10609267369, 10609259800, 10609259801, 10609259802]}}, {"type": "Feature", "geometry": {"type": "LineString", "coordinates": [[126.9480932, 37.4612708], [126.9481922, 37.4611868], [126.9482298, 37.4611299], [126.9482386, 37.4610796]]}, "properties": {"osm_id": 1138173070, "highway": "footway", "name": "", "bridge": "", "tunnel": "", "indoor": "", "layer": "", "level": "", "covered": "", "nodes": [10609259784, 10609259803, 10609259804, 10609267305]}}, {"type": "Feature", "geometry": {"type": "LineString", "coordinates": [[126.9482386, 37.4610796], [126.9482435, 37.4609754], [126.9482264, 37.4609212], [126.9482145, 37.4608619]]}, "properties": {"osm_id": 1138173071, "highway": "footway", "name": "", "bridge": "", "tunnel": "", "indoor": "", "layer": "", "level": "", "covered": "", "nodes": [10609267305, 10609267306, 10609267307, 10609267308]}}, {"type": "Feature", "geometry": {"type": "LineString", "coordinates": [[126.9480932, 37.4612708], [126.9480489, 37.4611732]]}, "properties": {"osm_id": 1138173072, "highway": "footway", "name": "", "bridge": "", "tunnel": "", "indoor": "", "layer": "", "level": "", "covered": "", "nodes": [10609259784, 10609259771]}}, {"type": "Feature", "geometry": {"type": "LineString", "coordinates": [[126.9481171, 37.460932], [126.9482145, 37.4608619]]}, "properties": {"osm_id": 1138173073, "highway": "footway", "name": "", "bridge": "", "tunnel": "", "indoor": "", "layer": "", "level": "", "covered": "", "nodes": [10609259776, 10609267308]}}, {"type": "Feature", "geometry": {"type": "LineString", "coordinates": [[126.948666, 37.4619141], [126.9485712, 37.4618778], [126.9484688, 37.4618832], [126.9484113, 37.4618687], [126.9483288, 37.461848], [126.9481991, 37.4618073], [126.9481444, 37.4617152], [126.9481365, 37.4616208], [126.9481308, 37.4615526], [126.9481718, 37.4614713], [126.948223, 37.4613981], [126.94824, 37.4613412], [126.9482196, 37.4613168]]}, "properties": {"osm_id": 1138173074, "highway": "footway", "name": "", "bridge": "", "tunnel": "", "indoor": "", "layer": "", "level": "", "covered": "", "nodes": [10609259757, 10609267309, 10609267310, 10609267321, 10609267311, 10609267312, 10609267313, 10609267322, 10609267314, 10609267315, 10609267316, 10609267317, 10609259785]}}, {"type": "Feature", "geometry": {"type": "LineString", "coordinates": [[126.94824, 37.4613412], [126.948281, 37.4614008], [126.9483766, 37.4614794], [126.9483971, 37.4615146], [126.9484039, 37.4616852], [126.9484113, 37.4618687]]}, "properties": {"osm_id": 1138173075, "highway": "footway", "name": "", "bridge": "", "tunnel": "", "indoor": "", "layer": "", "level": "", "covered": "", "nodes": [10609267317, 10609267318, 10609267319, 10609267320, 10609267324, 10609267321]}}, {"type": "Feature", "geometry": {"type": "LineString", "coordinates": [[126.9481365, 37.4616208], [126.9482639, 37.4616474], [126.9484039, 37.4616852]]}, "properties": {"osm_id": 1138173076, "highway": "footway", "name": "", "bridge": "", "tunnel": "", "indoor": "", "layer": "", "level": "", "covered": "", "nodes": [10609267322, 10609267323, 10609267324]}}, {"type": "Feature", "geometry": {"type": "LineString", "coordinates": [[126.9483766, 37.4614794], [126.9483937, 37.461371], [126.9484176, 37.4611922]]}, "properties": {"osm_id": 1138173077, "highway": "footway", "name": "", "bridge": "", "tunnel": "", "indoor": "", "layer": "", "level": "", "covered": "", "nodes": [10609267319, 10609267325, 10609259788]}}, {"type": "Feature", "geometry": {"type": "LineString", "coordinates": [[126.9483766, 37.4614794], [126.9484824, 37.4615336], [126.9485644, 37.4615607], [126.948672, 37.4615611]]}, "properties": {"osm_id": 1138173078, "highway": "footway", "name": "", "bridge": "", "tunnel": "", "indoor": "", "layer": "", "level": "", "covered": "", "nodes": [10609267319, 10609267326, 10609267327, 10609259755]}}, {"type": "Feature", "geometry": {"type": "LineString", "coordinates": [[126.9482279, 37.4633092], [126.9481752, 37.4632427], [126.9481299, 37.4629946], [126.9480933, 37.4628924], [126.948062, 37.4628328], [126.9480484, 37.4627501], [126.9479668, 37.4626063], [126.9479261, 37.4625308], [126.9479578, 37.4624912], [126.9478989, 37.4623438], [126.9479895, 37.4620957], [126.9479895, 37.4618692], [126.9479351, 37.4616103], [126.9478536, 37.4612831], [126.94784, 37.4610782], [126.947844, 37.4610025], [126.9478491, 37.4609128], [126.9478264, 37.4607834], [126.9477753, 37.4604891]]}, "properties": {"osm_id": 1138173079, "highway": "footway", "name": "", "bridge": "", "tunnel": "", "indoor": "", "layer": "", "level": "", "covered": "", "nodes": [10609267328, 10609267329, 10609267330, 10609257445, 10609267331, 10609267332, 10609267333, 10609267334, 10609267335, 10609267336, 10609267337, 10609267338, 10609267339, 10609259782, 10609267340, 10609259767, 10609267341, 10609267342, 10609267343]}}, {"type": "Feature", "geometry": {"type": "LineString", "coordinates": [[126.9480933, 37.4628924], [126.9480634, 37.462892], [126.9480062, 37.4628816], [126.9479232, 37.4628938], [126.9478315, 37.462886], [126.9477562, 37.4628907], [126.947713, 37.4629002], [126.947643, 37.462928]]}, "properties": {"osm_id": 1138173338, "highway": "footway", "name": "", "bridge": "", "tunnel": "", "indoor": "", "layer": "", "level": "", "covered": "", "nodes": [10609257445, 10609257446, 10609257447, 10609257448, 10609257449, 10609257450, 13130260528, 10609257451]}}, {"type": "Feature", "geometry": {"type": "LineString", "coordinates": [[126.9484734, 37.4606098], [126.948474, 37.4606357], [126.9484747, 37.4606662], [126.9485458, 37.4607226], [126.9486102, 37.4607833], [126.9486826, 37.4608472], [126.9487564, 37.46091], [126.9488502, 37.4610079], [126.9489186, 37.4611027], [126.948975, 37.461191], [126.9489937, 37.4612474], [126.9490098, 37.4613518], [126.9490232, 37.4614508], [126.9490326, 37.4615562], [126.9490165, 37.4616317], [126.9489897, 37.461735], [126.9489763, 37.4618095], [126.9489096, 37.4620389], [126.9488791, 37.4620598], [126.9488305, 37.4620932], [126.9487889, 37.4621815], [126.9487862, 37.4622859], [126.9487929, 37.4623552], [126.9487983, 37.4624115], [126.9487849, 37.4625275], [126.9487581, 37.4626286], [126.9487393, 37.4627223], [126.9487232, 37.4627926], [126.9486856, 37.4628532], [126.9486534, 37.462915], [126.9485958, 37.4630236], [126.9485381, 37.4631066], [126.9484818, 37.4632045], [126.9484389, 37.4632567], [126.9483772, 37.4634323], [126.9483155, 37.4636303], [126.9482243, 37.4640061]]}, "properties": {"osm_id": 1138174149, "highway": "footway", "name": "", "bridge": "", "tunnel": "", "indoor": "", "layer": "", "level": "", "covered": "", "nodes": [10609259007, 13816396215, 10609259008, 10609259009, 10609259010, 10609259011, 10609259012, 10609259013, 10609259014, 10609259015, 10609259016, 10609259017, 10609259018, 10609259019, 10609259020, 10609259021, 10609259022, 10609259023, 10609259044, 10609259024, 10609259025, 10609259026, 10609259043, 10609259027, 10609259028, 10609259029, 10609259030, 10609259031, 10609259032, 10609259033, 10609259034, 10609259035, 10609259036, 10609259037, 10609259038, 10609259039, 10609259040]}}, {"type": "Feature", "geometry": {"type": "LineString", "coordinates": [[126.948135, 37.4640277], [126.9479426, 37.4640649]]}, "properties": {"osm_id": 1138174150, "highway": "footway", "name": "", "bridge": "", "tunnel": "", "indoor": "", "layer": "", "level": "", "covered": "", "nodes": [10609259042, 10609259041]}}, {"type": "Feature", "geometry": {"type": "LineString", "coordinates": [[126.9482243, 37.4640061], [126.948135, 37.4640277]]}, "properties": {"osm_id": 1138174151, "highway": "footway", "name": "", "bridge": "yes", "tunnel": "", "indoor": "", "layer": "1", "level": "", "covered": "", "nodes": [10609259040, 10609259042]}}, {"type": "Feature", "geometry": {"type": "LineString", "coordinates": [[126.9486042, 37.4608937], [126.9485863, 37.4609064], [126.9485595, 37.4609426], [126.9486105, 37.461081], [126.9485747, 37.4611391]]}, "properties": {"osm_id": 1138174249, "highway": "footway", "name": "", "bridge": "", "tunnel": "", "indoor": "", "layer": "", "level": "", "covered": "", "nodes": [10609225415, 10609225412, 10609225413, 10609225414, 10609259770]}}, {"type": "Feature", "geometry": {"type": "LineString", "coordinates": [[126.9486802, 37.4608395], [126.9486042, 37.4608937]]}, "properties": {"osm_id": 1138174250, "highway": "footway", "name": "", "bridge": "yes", "tunnel": "", "indoor": "", "layer": "1", "level": "", "covered": "", "nodes": [10609225416, 10609225415]}}, {"type": "Feature", "geometry": {"type": "LineString", "coordinates": [[126.948691, 37.4608319], [126.9486802, 37.4608395]]}, "properties": {"osm_id": 1138174251, "highway": "footway", "name": "", "bridge": "", "tunnel": "", "indoor": "", "layer": "", "level": "", "covered": "", "nodes": [10609225411, 10609225416]}}, {"type": "Feature", "geometry": {"type": "LineString", "coordinates": [[126.9463509, 37.4647474], [126.9462034, 37.4648762], [126.9461229, 37.4649294], [126.9458628, 37.4650773], [126.9454363, 37.4652945], [126.9452097, 37.4654435], [126.9451359, 37.4655042], [126.9450782, 37.4655947], [126.9450474, 37.4657128], [126.9450581, 37.4658171], [126.9450943, 37.4659864], [126.9450903, 37.4660609], [126.9450729, 37.4661077], [126.9449186, 37.4663334], [126.9448449, 37.466409], [126.9447845, 37.4664505], [126.9447201, 37.4664782], [126.9446504, 37.466492], [126.9444801, 37.4664845], [126.9443527, 37.4664452]]}, "properties": {"osm_id": 1138407523, "highway": "path", "name": "", "bridge": "", "tunnel": "", "indoor": "", "layer": "", "level": "", "covered": "", "nodes": [10612109980, 10612109938, 10612109937, 10612109936, 10612109935, 10612109934, 10612109933, 10612109932, 10612109931, 10612109930, 10612109929, 10612109928, 10612109927, 10612109926, 10612109925, 10612109924, 10612109923, 10612109922, 10612109921, 10612109996]}}, {"type": "Feature", "geometry": {"type": "LineString", "coordinates": [[126.9440603, 37.4637074], [126.944232, 37.463652], [126.944299, 37.4636265], [126.9444278, 37.4636286], [126.9449991, 37.4637542], [126.9452298, 37.4638457], [126.9455731, 37.4640586], [126.9456053, 37.464097], [126.9457984, 37.4644951], [126.945844, 37.4645398], [126.9458976, 37.4645887], [126.9463509, 37.4647474], [126.9464582, 37.4648591], [126.9464702, 37.4648836], [126.9464904, 37.4649251], [126.9464797, 37.4649847], [126.9463778, 37.4651338], [126.9462839, 37.4652508], [126.9462168, 37.4654765], [126.9461471, 37.465715], [126.9461176, 37.4658512], [126.946131, 37.4659683], [126.9463161, 37.4663153], [126.9463429, 37.4663983], [126.9463214, 37.4664665], [126.946241, 37.4666112], [126.9460291, 37.4668199], [126.945972, 37.4668613], [126.9458799, 37.4668725], [126.9457793, 37.4668704], [126.9454376, 37.4666591], [126.9450045, 37.4666644], [126.9448985, 37.4666804], [126.9446987, 37.4666847], [126.9443876, 37.4666559], [126.9443044, 37.4666293], [126.9442588, 37.4666314], [126.9442119, 37.4665793], [126.9440523, 37.4663792], [126.943945, 37.4662089], [126.9437733, 37.465964], [126.9437733, 37.4658927], [126.9437385, 37.4655638], [126.943717, 37.4652359], [126.9437492, 37.4651763], [126.943768, 37.4650933], [126.9437505, 37.4650252], [126.943709, 37.4648825], [126.9436493, 37.4646654], [126.9436419, 37.4645909], [126.9436473, 37.4645227], [126.9436835, 37.4644472], [126.943662, 37.4639788], [126.9436553, 37.4636371], [126.9436902, 37.4635668], [126.9437677, 37.4634867]]}, "properties": {"osm_id": 1138407524, "highway": "path", "name": "", "bridge": "", "tunnel": "", "indoor": "", "layer": "", "level": "", "covered": "", "nodes": [10612116610, 10612109990, 10612109989, 10612109988, 10612109987, 10612109986, 10612109985, 10612109984, 10612109983, 10612109982, 10612109981, 10612109980, 10612109979, 10612127346, 10612109978, 10612109977, 10612109976, 10612109975, 10612109974, 10612109973, 10612109972, 10612109971, 10612109970, 10612109969, 10612109968, 10612109967, 10612109966, 10612109965, 10612109964, 10612109963, 10612109962, 10612109961, 10612109960, 10612109959, 10612109958, 10612109957, 10612109994, 10612109956, 10612109955, 10612109954, 10612116643, 10612109953, 10612109952, 10612109951, 10612109950, 10612109949, 10612109948, 10612109947, 10612109946, 10612109945, 10612109944, 10612109943, 10612109942, 10612109941, 10612109940, 10612109939]}}, {"type": "Feature", "geometry": {"type": "LineString", "coordinates": [[126.9484794, 37.4536036], [126.9485423, 37.4536175], [126.9485959, 37.4536601], [126.9486281, 37.4537175], [126.9486228, 37.4537665], [126.9486335, 37.4538091], [126.9487032, 37.453841], [126.9489259, 37.4539156], [126.9489714, 37.453956], [126.9489714, 37.4540263], [126.9489714, 37.4540987], [126.9489419, 37.4541647], [126.9486898, 37.4544138], [126.948612, 37.4545543], [126.948545, 37.4547353], [126.9485235, 37.4548205], [126.948545, 37.454846], [126.9485691, 37.4548609], [126.9486845, 37.4548822], [126.9487193, 37.4549121], [126.9488052, 37.4549686]]}, "properties": {"osm_id": 1138529377, "highway": "path", "name": "", "bridge": "", "tunnel": "", "indoor": "", "layer": "", "level": "", "covered": "", "nodes": [10613058987, 10613058986, 10613058985, 10613058984, 10613058983, 10613058982, 10613058981, 10613058980, 10613058979, 10613058978, 10613058977, 10613058976, 10613058975, 10613058974, 10613058973, 10613058972, 10613058971, 10613058970, 10613058969, 10613058968, 10613058967]}}, {"type": "Feature", "geometry": {"type": "LineString", "coordinates": [[126.9460438, 37.4558491], [126.9460431, 37.4558928], [126.9460458, 37.4559309], [126.9460485, 37.4559548], [126.946077, 37.4559759], [126.9461444, 37.4560533], [126.9462242, 37.4561182], [126.9462973, 37.4561789], [126.9463824, 37.45623], [126.9464656, 37.4562694], [126.9465514, 37.456304], [126.9466232, 37.4563274], [126.9466721, 37.4563445], [126.9468498, 37.4563588], [126.9470711, 37.456378], [126.9471194, 37.456378], [126.9471677, 37.4563961], [126.9472294, 37.4564217], [126.9473326, 37.4564738], [126.9474104, 37.4565366], [126.9474801, 37.4566122], [126.9474989, 37.4566569], [126.9475177, 37.4567325], [126.9475324, 37.4568358], [126.947541, 37.4568519], [126.9475584, 37.456856]]}, "properties": {"osm_id": 1138529378, "highway": "path", "name": "", "bridge": "", "tunnel": "", "indoor": "", "layer": "", "level": "", "covered": "", "nodes": [10613066713, 10613066712, 10613066711, 10613066710, 10613066709, 10613066708, 10613066707, 10613066706, 10613066705, 10613059004, 10613059003, 10613059002, 10613059001, 10613059000, 10613058999, 10613058998, 10613058997, 10613058996, 10613058995, 10613058994, 10613058993, 10613058992, 10613058991, 10613058990, 10613058989, 10613058988]}}, {"type": "Feature", "geometry": {"type": "LineString", "coordinates": [[126.9455423, 37.4558461], [126.9456428, 37.4558446], [126.9457052, 37.4558457], [126.9458279, 37.4558489], [126.9460371, 37.4558489], [126.9460438, 37.4558491], [126.9462919, 37.4558553], [126.9465548, 37.4558808], [126.9467103, 37.4558638], [126.9468605, 37.4559192], [126.9469732, 37.455983], [126.9470309, 37.456015], [126.9470751, 37.4560352], [126.9471261, 37.456048], [126.94717, 37.4560512], [126.9472027, 37.456054], [126.9472481, 37.456048], [126.9472924, 37.4560416], [126.9473433, 37.4560288], [126.9473836, 37.4559979], [126.9474292, 37.4559681], [126.9478543, 37.4555945], [126.9479361, 37.4555018], [126.9480206, 37.4553996], [126.9481467, 37.4552676], [126.9482848, 37.4551622], [126.9483908, 37.4551079], [126.9484779, 37.4551026], [126.9485584, 37.4551005], [126.9486482, 37.455109], [126.9487225, 37.4551151]]}, "properties": {"osm_id": 1138529379, "highway": "path", "name": "", "bridge": "", "tunnel": "", "indoor": "", "layer": "", "level": "", "covered": "", "nodes": [10613066743, 10613066742, 10613066741, 10613066740, 10613066739, 10613066713, 10613066738, 10613066737, 10613066736, 10613066735, 10613066734, 10613066733, 10613066732, 10613066731, 10613066730, 10613066729, 10613066728, 10613066727, 10613066726, 10613066725, 10613066724, 10613066723, 10613066722, 10613066721, 10613066720, 10613066719, 10613066718, 10613066717, 10613066716, 10613066715, 10613066714]}}, {"type": "Feature", "geometry": {"type": "LineString", "coordinates": [[126.9486724, 37.4715639], [126.9488722, 37.4715629], [126.9490009, 37.471482], [126.9490975, 37.4713542], [126.9492102, 37.4711116], [126.9494784, 37.47092], [126.9498807, 37.470673], [126.9499773, 37.4705496], [126.9499987, 37.4702941], [126.9501436, 37.4702004], [126.9504011, 37.4703197], [126.9506746, 37.4705538], [126.9509697, 37.4708604], [126.9509804, 37.4710988], [126.9509013, 37.4713037]]}, "properties": {"osm_id": 1138533018, "highway": "path", "name": "", "bridge": "", "tunnel": "", "indoor": "", "layer": "", "level": "", "covered": "", "nodes": [10613075082, 10613075069, 10613075068, 10613075067, 10613075066, 10613075065, 10613075064, 10613075063, 10613075062, 10613075061, 10613075060, 10613075059, 10613075058, 10613075057, 7412808914]}}, {"type": "Feature", "geometry": {"type": "LineString", "coordinates": [[126.9484578, 37.4722957], [126.9484484, 37.4721866], [126.9484967, 37.4720801], [126.9485396, 37.4719865], [126.9485691, 37.471863], [126.948612, 37.4717374], [126.9485718, 37.4715841]]}, "properties": {"osm_id": 1138533019, "highway": "path", "name": "", "bridge": "", "tunnel": "", "indoor": "", "layer": "", "level": "", "covered": "", "nodes": [7412808980, 10613075074, 10613075073, 10613075072, 10613075071, 10613075070, 10613075083]}}, {"type": "Feature", "geometry": {"type": "LineString", "coordinates": [[126.9478982, 37.4714081], [126.9480514, 37.4713926], [126.948266, 37.4714692], [126.9483921, 37.4715597], [126.9485718, 37.4715841], [126.9486724, 37.4715639], [126.9486818, 37.4714947], [126.9486657, 37.4713968], [126.9486844, 37.4711754], [126.948722, 37.47092], [126.9487274, 37.4706262], [126.9484752, 37.470375], [126.9482982, 37.4703154]]}, "properties": {"osm_id": 1138533020, "highway": "path", "name": "", "bridge": "", "tunnel": "", "indoor": "", "layer": "", "level": "", "covered": "", "nodes": [7412808946, 10613075086, 10613075085, 10613075084, 10613075083, 10613075082, 10613075081, 10613075080, 10613075079, 10613075078, 10613075077, 10613075076, 10613075075]}}, {"type": "Feature", "geometry": {"type": "LineString", "coordinates": [[126.9634457, 37.4717678], [126.9632971, 37.4718609], [126.963163, 37.4719716], [126.9630289, 37.4720312], [126.9629645, 37.472078], [126.9628733, 37.4720865], [126.9628485, 37.4720881], [126.962821, 37.4720881], [126.9627117, 37.4720785], [126.9626507, 37.4720626], [126.9619064, 37.471681], [126.9618279, 37.4716432], [126.9617495, 37.4716235], [126.9616301, 37.4716129], [126.9614672, 37.4716044], [126.9612432, 37.4716129], [126.961154, 37.4716336], [126.9610709, 37.4716517], [126.9609576, 37.4716826], [126.9608134, 37.4717193], [126.9607745, 37.4717321], [126.9606645, 37.4717566], [126.9605371, 37.4717842], [126.9603614, 37.4718034], [126.9599256, 37.4718247], [126.9596426, 37.4718024], [126.959428, 37.4718289], [126.9592469, 37.4717873]]}, "properties": {"osm_id": 1138533030, "highway": "path", "name": "", "bridge": "", "tunnel": "", "indoor": "", "layer": "", "level": "", "covered": "", "nodes": [10613098803, 10613098802, 10613098801, 10613098800, 10613098799, 10613098798, 10613098797, 10613098796, 10613098795, 10613098794, 10613098793, 10613098792, 10613098791, 10613098790, 10613098789, 10613098788, 10613098787, 10613098786, 10613098785, 10613098784, 10613098783, 10613098782, 10613098781, 10613098780, 10613098779, 10613098778, 10901124728, 10901124727]}}, {"type": "Feature", "geometry": {"type": "LineString", "coordinates": [[126.9642312, 37.465947], [126.9641608, 37.4659385], [126.9639248, 37.4659257], [126.9637316, 37.4659257], [126.9635546, 37.4659683], [126.9634098, 37.4660194], [126.963281, 37.4660535], [126.9631416, 37.4660535], [126.9629967, 37.4660194], [126.9628465, 37.4659768], [126.9626641, 37.465947], [126.9624764, 37.4659215], [126.962353, 37.4659385], [126.9622242, 37.4659726], [126.9621223, 37.4660407], [126.9619238, 37.4661642], [126.9616932, 37.4663259], [126.9615644, 37.4664324], [126.9615, 37.4665516], [126.9613981, 37.4667986], [126.9613284, 37.4670072], [126.9612211, 37.4672073], [126.9611621, 37.4673691], [126.9610494, 37.467467], [126.9608831, 37.4675607], [126.9607866, 37.4676544], [126.9607705, 37.4677821], [126.9608778, 37.4679524], [126.9608603, 37.4681685]]}, "properties": {"osm_id": 1138533031, "highway": "path", "name": "", "bridge": "", "tunnel": "", "indoor": "", "layer": "", "level": "", "covered": "", "nodes": [10577436023, 10613098831, 10613098830, 10613098829, 10613098828, 10613098827, 10613098826, 10613098825, 10613098824, 10613098823, 10613098822, 10613098821, 10613098820, 10613098819, 10613098818, 10613098817, 10613098816, 10613098815, 10613098814, 10613098813, 10613098812, 10613098811, 10613098810, 10613098809, 10613098808, 10613098807, 10613098806, 10613098805, 10613098804]}}, {"type": "Feature", "geometry": {"type": "LineString", "coordinates": [[126.9463458, 37.4581211], [126.9465762, 37.4581292], [126.9467881, 37.4580568], [126.9470778, 37.4579802], [126.9473702, 37.4578226], [126.947477, 37.4577144]]}, "properties": {"osm_id": 1138536992, "highway": "path", "name": "", "bridge": "", "tunnel": "", "indoor": "", "layer": "", "level": "", "covered": "", "nodes": [10613127460, 10613127459, 10613127458, 10613127457, 10613127456, 7633700839]}}, {"type": "Feature", "geometry": {"type": "LineString", "coordinates": [[126.9585335, 37.4590235], [126.958496, 37.4589724], [126.9583726, 37.4589085], [126.9581419, 37.4588446], [126.9580936, 37.4587765], [126.9580454, 37.4586956], [126.9579971, 37.4586189], [126.9579542, 37.4585891], [126.9578952, 37.4585593], [126.9578201, 37.4584444], [126.9577557, 37.458372], [126.9577101, 37.4582932], [126.9576511, 37.4582229], [126.9576296, 37.4581165], [126.9575921, 37.4580845], [126.9575545, 37.4580313], [126.9574606, 37.4579121], [126.9574419, 37.457861], [126.9573641, 37.4578865], [126.9572809, 37.4578439], [126.95723, 37.4577779], [126.957112, 37.4577779], [126.9570583, 37.4577268], [126.9570583, 37.4576864], [126.9569671, 37.4576523], [126.9568115, 37.4575842], [126.9567579, 37.4575352], [126.9567123, 37.457416], [126.9566694, 37.457416], [126.9565997, 37.4574415], [126.9564065, 37.4574671]]}, "properties": {"osm_id": 1138536993, "highway": "path", "name": "", "bridge": "", "tunnel": "", "indoor": "", "layer": "", "level": "", "covered": "", "nodes": [10577432538, 10613127490, 10613127489, 10613127488, 10613127487, 10613127486, 10613127485, 10613127484, 10613127483, 10613127482, 10613127481, 10613127480, 10613127479, 10613127478, 10613127477, 10613127476, 10613127475, 10613127474, 10613127473, 10613127472, 10613127471, 10613127470, 10613127469, 10613127468, 10613127467, 10613127466, 10613127465, 10613127464, 10613127463, 10613127462, 10613127461]}}, {"type": "Feature", "geometry": {"type": "LineString", "coordinates": [[126.9584329, 37.4594536], [126.9582492, 37.459445], [126.9579756, 37.4594791], [126.9577986, 37.4595345], [126.9576269, 37.4596579], [126.9574875, 37.4597176], [126.957374, 37.4597197]]}, "properties": {"osm_id": 1138536994, "highway": "path", "name": "", "bridge": "", "tunnel": "", "indoor": "", "layer": "", "level": "", "covered": "", "nodes": [6086595289, 10613127495, 10613127494, 10613127493, 10613127492, 10613127491, 4752760219]}}, {"type": "Feature", "geometry": {"type": "LineString", "coordinates": [[126.9558579, 37.4660702], [126.9559854, 37.4662238], [126.9561303, 37.4662323], [126.9563234, 37.4663685], [126.9566721, 37.4664622], [126.9571388, 37.4664792], [126.9574928, 37.4664026]]}, "properties": {"osm_id": 1138536996, "highway": "path", "name": "", "bridge": "", "tunnel": "", "indoor": "", "layer": "", "level": "", "covered": "", "nodes": [10613127506, 10613127505, 10613127504, 10613127503, 10613127502, 10613127501, 10613127500]}}, {"type": "Feature", "geometry": {"type": "LineString", "coordinates": [[126.9484207, 37.4668128], [126.9486375, 37.4668486], [126.9489017, 37.4669753], [126.9490626, 37.4670753], [126.9491159, 37.467151]]}, "properties": {"osm_id": 1154919682, "highway": "service", "name": "", "bridge": "", "tunnel": "", "indoor": "", "layer": "", "level": "", "covered": "", "nodes": [5742447726, 10740734447, 10740734446, 10740734445, 1835221243]}}, {"type": "Feature", "geometry": {"type": "LineString", "coordinates": [[126.9481993, 37.4666176], [126.9482, 37.4665823], [126.9482211, 37.4663819], [126.9482312, 37.466311], [126.9484698, 37.4658778], [126.9484986, 37.4658391], [126.9485309, 37.4657948], [126.9485799, 37.4657565], [126.9486777, 37.4657144], [126.9486737, 37.4657501], [126.9486677, 37.4657913], [126.9485845, 37.4664707], [126.9485874, 37.4665749], [126.948593, 37.4666113], [126.9485989, 37.4666498], [126.9485466, 37.4666543], [126.948529, 37.4667023], [126.9485236, 37.4667639], [126.9483076, 37.4667203], [126.9482533, 37.4667038], [126.9482244, 37.4666788], [126.9482044, 37.4666516], [126.9481993, 37.4666176]]}, "properties": {"osm_id": 1154919683, "highway": "pedestrian", "name": "", "bridge": "", "tunnel": "", "indoor": "", "layer": "", "level": "", "covered": "", "nodes": [10740734474, 10740815066, 10740734473, 10740734472, 10740734471, 10740795347, 14047967184, 10740734470, 10740734469, 14047967189, 10740734458, 10740734455, 10740734459, 10740734477, 10740734457, 10740795345, 10740734449, 10740734462, 14047967183, 10740795344, 10740795343, 10740795342, 10740734474]}}, {"type": "Feature", "geometry": {"type": "LineString", "coordinates": [[126.9476894, 37.4670529], [126.9477336, 37.4669221], [126.9477671, 37.4668135], [126.947808, 37.4667448], [126.9478784, 37.4666825]]}, "properties": {"osm_id": 1154924152, "highway": "footway", "name": "", "bridge": "", "tunnel": "", "indoor": "", "layer": "", "level": "", "covered": "", "nodes": [10740795341, 10740795340, 10740795339, 10740795338, 10740734460]}}, {"type": "Feature", "geometry": {"type": "LineString", "coordinates": [[126.9533642, 37.4640841], [126.9534859, 37.4642883]]}, "properties": {"osm_id": 1185265108, "highway": "footway", "name": "", "bridge": "", "tunnel": "building_passage", "indoor": "", "layer": "-1", "level": "", "covered": "", "nodes": [4514838237, 4531517990]}}, {"type": "Feature", "geometry": {"type": "LineString", "coordinates": [[126.9526637, 37.4650991], [126.9528711, 37.4651539]]}, "properties": {"osm_id": 1185328117, "highway": "footway", "name": "", "bridge": "", "tunnel": "", "indoor": "", "layer": "1", "level": "", "covered": "", "nodes": [4531517997, 4531517996]}}, {"type": "Feature", "geometry": {"type": "LineString", "coordinates": [[126.9517035, 37.4587241], [126.9517905, 37.4586724], [126.9520655, 37.4585283]]}, "properties": {"osm_id": 1185902269, "highway": "steps", "name": "", "bridge": "", "tunnel": "building_passage", "indoor": "", "layer": "", "level": "", "covered": "", "nodes": [11015437475, 445310321, 445310310]}}, {"type": "Feature", "geometry": {"type": "LineString", "coordinates": [[126.9495809, 37.4563493], [126.9496093, 37.4562103], [126.949642, 37.4560655]]}, "properties": {"osm_id": 1186165729, "highway": "footway", "name": "", "bridge": "", "tunnel": "", "indoor": "", "layer": "", "level": "", "covered": "", "nodes": [3927939013, 3927939016, 11017487729]}}, {"type": "Feature", "geometry": {"type": "LineString", "coordinates": [[126.9585607, 37.4634021], [126.958538, 37.4635199]]}, "properties": {"osm_id": 1186868801, "highway": "steps", "name": "", "bridge": "", "tunnel": "building_passage", "indoor": "", "layer": "-1", "level": "", "covered": "", "nodes": [11022811365, 11022811364]}}, {"type": "Feature", "geometry": {"type": "LineString", "coordinates": [[126.9530573, 37.4624077], [126.9530381, 37.4623453], [126.9529845, 37.462175]]}, "properties": {"osm_id": 1187859182, "highway": "service", "name": "", "bridge": "", "tunnel": "", "indoor": "", "layer": "", "level": "", "covered": "", "nodes": [11030191468, 1793248033, 1793248036]}}, {"type": "Feature", "geometry": {"type": "LineString", "coordinates": [[126.9530623, 37.4624261], [126.9530573, 37.4624077]]}, "properties": {"osm_id": 1187859183, "highway": "service", "name": "", "bridge": "", "tunnel": "building_passage", "indoor": "", "layer": "-1", "level": "", "covered": "", "nodes": [11030191467, 11030191468]}}, {"type": "Feature", "geometry": {"type": "LineString", "coordinates": [[126.9521027, 37.4610986], [126.9522352, 37.4610255]]}, "properties": {"osm_id": 1214258871, "highway": "steps", "name": "", "bridge": "", "tunnel": "", "indoor": "", "layer": "", "level": "", "covered": "", "nodes": [1793018815, 4527843425]}}, {"type": "Feature", "geometry": {"type": "LineString", "coordinates": [[126.9484578, 37.4722957], [126.9483828, 37.4722553], [126.9482951, 37.4722255], [126.94822, 37.4721872], [126.9479893, 37.472085], [126.9479142, 37.471919], [126.947925, 37.471804], [126.947984, 37.4716763], [126.9479796, 37.4715548], [126.9478982, 37.4714081], [126.9474905, 37.4715613], [126.9471793, 37.4716507], [126.9468414, 37.471655], [126.9465302, 37.4716976], [126.9462888, 37.4717742], [126.9460689, 37.4718551], [126.9458704, 37.4718551], [126.9456424, 37.4718317], [126.9454708, 37.4719041], [126.9452669, 37.4719339], [126.9450966, 37.4720456], [126.9449826, 37.4721201], [126.9445383, 37.4723016], [126.9444739, 37.4723442], [126.9445061, 37.4723995], [126.9447207, 37.4724549], [126.9449943, 37.4724506], [126.945359, 37.472523], [126.9454234, 37.4725656], [126.9456219, 37.4724719], [126.9457345, 37.472374], [126.9459438, 37.4724464], [126.9461422, 37.4724378], [126.9463515, 37.4724655], [126.9465875, 37.472506], [126.9467994, 37.4724378], [126.9469737, 37.4723484], [126.9471534, 37.472342], [126.9473761, 37.4723516], [126.9474565, 37.4723538], [126.947541, 37.4723208], [126.9477364, 37.4722702], [126.9479349, 37.4722489], [126.9484578, 37.4722957]]}, "properties": {"osm_id": 1214458115, "highway": "path", "name": "", "bridge": "", "tunnel": "", "indoor": "", "layer": "", "level": "", "covered": "", "nodes": [7412808980, 7412808938, 7412808939, 7412808940, 7412808941, 7412808942, 7412808943, 7412808944, 7412808945, 7412808946, 7412808947, 7412808948, 7412808949, 7412808950, 7412808951, 7412808952, 7412808953, 7412808954, 7412808955, 7412808956, 7412808957, 7412808958, 7412808959, 7412808960, 7412808961, 7412808962, 7412808963, 7412808964, 7412808965, 7412808966, 7412808967, 7412808968, 7412808969, 7412808970, 7412808971, 7412808972, 7412808973, 7412808974, 7412808975, 7412808976, 7412808977, 7412808978, 7412808979, 7412808980]}}, {"type": "Feature", "geometry": {"type": "LineString", "coordinates": [[126.9520544, 37.4697848], [126.9520086, 37.4697722], [126.9518101, 37.4697296], [126.9517458, 37.4697296], [126.9516868, 37.4697722], [126.9515312, 37.4696402], [126.9515151, 37.4695465], [126.9514615, 37.4692783], [126.9514239, 37.4690994], [126.9512844, 37.4688908], [126.951102, 37.4687461], [126.9508285, 37.4685758], [126.9505227, 37.4684353], [126.9502276, 37.4683416], [126.9499004, 37.4682266], [126.9495464, 37.46815], [126.9493157, 37.4682394], [126.9492406, 37.4683458], [126.9492674, 37.4684395], [126.9493371, 37.4684693], [126.9495088, 37.4685161], [126.9497287, 37.4685928], [126.9499125, 37.4686601], [126.9500761, 37.4687644], [126.9502398, 37.468858], [126.95039, 37.4689251], [126.9505247, 37.469014], [126.9507582, 37.4692537], [126.9508736, 37.4694325], [126.9509111, 37.469556], [126.9508709, 37.4697476], [126.9508521, 37.4697689], [126.9508414, 37.4698647], [126.9508682, 37.4699435], [126.9508065, 37.4699946], [126.9507395, 37.4702202], [126.9508387, 37.4703522], [126.9509782, 37.4704991], [126.9512947, 37.4705927], [126.9514556, 37.470614], [126.9517506, 37.4705949], [126.9518365, 37.4707269], [126.9519044, 37.4708397], [126.9519313, 37.4710951], [126.9518883, 37.4713336], [126.9515558, 37.4714826], [126.9513005, 37.4715162], [126.9509657, 37.4714144], [126.9509013, 37.4713037], [126.9507511, 37.4714613], [126.9505472, 37.4715422], [126.9502629, 37.4716273], [126.9501208, 37.4718253], [126.9500484, 37.4719466], [126.9499116, 37.4720807], [126.9497936, 37.4721304], [126.9496943, 37.4722425], [126.9495575, 37.4722979], [126.9494314, 37.4723277], [126.9492812, 37.4724299], [126.9491337, 37.4725214], [126.9490787, 37.4725427], [126.9490465, 37.4725384], [126.949001, 37.4725395], [126.9489326, 37.472515], [126.9488789, 37.4724916], [126.9488119, 37.4724703], [126.9487569, 37.4724522], [126.9487475, 37.472441], [126.9487186, 37.4724016], [126.9486945, 37.4723926], [126.9486328, 37.4723681], [126.9484578, 37.4722957]]}, "properties": {"osm_id": 1214458116, "highway": "path", "name": "", "bridge": "", "tunnel": "", "indoor": "", "layer": "", "level": "", "covered": "", "nodes": [7412808888, 7412801967, 7412801968, 7412801969, 7412801970, 7412801971, 7412801972, 7412801973, 7412801974, 7412801975, 7412801976, 7412801977, 7412801978, 7412801979, 7412801980, 7412801981, 7412801982, 7412801983, 7412801984, 7412808885, 7412808886, 7412808887, 7412808889, 7412808890, 7412808891, 7412808892, 7412808893, 7412808894, 7412808895, 7412808896, 7412808897, 7412808898, 7412808899, 7412808900, 7412808901, 7412808902, 7412808903, 7412808904, 7412808905, 7412808906, 7412808907, 7412808908, 7412808909, 7412808910, 7412808911, 7412808912, 1837323213, 7412808913, 7412808914, 7412808915, 7412808916, 7412808917, 7412808918, 7412808919, 7412808920, 7412808921, 7412808922, 7412808923, 7412808924, 7412808925, 7412808926, 7412808927, 7412808928, 7412808929, 7412808930, 7412808931, 7412808932, 7412808933, 7412808934, 7412808935, 7412808936, 7412808937, 7412808980]}}, {"type": "Feature", "geometry": {"type": "LineString", "coordinates": [[126.9530148, 37.4629418], [126.9528824, 37.4629053]]}, "properties": {"osm_id": 1214721599, "highway": "pedestrian", "name": "", "bridge": "", "tunnel": "", "indoor": "", "layer": "", "level": "", "covered": "", "nodes": [4527756099, 4527756098]}}, {"type": "Feature", "geometry": {"type": "LineString", "coordinates": [[126.9463161, 37.4663153], [126.9464715, 37.4662587]]}, "properties": {"osm_id": 1265995933, "highway": "path", "name": "", "bridge": "", "tunnel": "", "indoor": "", "layer": "", "level": "", "covered": "", "nodes": [10612109970, 11760028123]}}, {"type": "Feature", "geometry": {"type": "LineString", "coordinates": [[126.945972, 37.4668613], [126.9458629, 37.4670679], [126.9457959, 37.4671408], [126.9456356, 37.4672224], [126.9454239, 37.4671458], [126.9453196, 37.4670259], [126.9452713, 37.466953], [126.9452386, 37.466827], [126.945111, 37.4667603], [126.9450045, 37.4666644]]}, "properties": {"osm_id": 1265995934, "highway": "path", "name": "", "bridge": "", "tunnel": "", "indoor": "", "layer": "", "level": "", "covered": "", "nodes": [10612109965, 11760028124, 11760028125, 11760028126, 11760028127, 11760028128, 11760028129, 11760028130, 11760028131, 10612109961]}}, {"type": "Feature", "geometry": {"type": "LineString", "coordinates": [[126.9463509, 37.4647474], [126.9464759, 37.4646161], [126.9465179, 37.4643343], [126.9469448, 37.4642665], [126.9470382, 37.4643122], [126.9471284, 37.4642974], [126.9471471, 37.4642171], [126.9470584, 37.4640935], [126.9473968, 37.4638524], [126.9474846, 37.4638609], [126.9475385, 37.4637101], [126.9474931, 37.4635978]]}, "properties": {"osm_id": 1266033212, "highway": "path", "name": "", "bridge": "", "tunnel": "", "indoor": "", "layer": "", "level": "", "covered": "", "nodes": [10612109980, 11760451133, 11760451134, 11760451135, 11760451136, 11760451137, 11760451138, 11760451139, 11760451140, 11760451141, 11760451142, 11760451143]}}, {"type": "Feature", "geometry": {"type": "LineString", "coordinates": [[126.9462943, 37.4682688], [126.9463203, 37.4681965], [126.9464472, 37.4681031], [126.9466862, 37.4678971], [126.9468449, 37.4676924]]}, "properties": {"osm_id": 1278208821, "highway": "service", "name": "관악산나들길", "bridge": "", "tunnel": "", "indoor": "", "layer": "", "level": "", "covered": "", "nodes": [5845047163, 5750035891, 5845047164, 10577433761, 4293240616]}}, {"type": "Feature", "geometry": {"type": "LineString", "coordinates": [[126.9476894, 37.4670529], [126.9476552, 37.4670923], [126.9476096, 37.4671152], [126.9475579, 37.4671275], [126.9475164, 37.4671339], [126.9474292, 37.4671072], [126.9472857, 37.4670892], [126.9471475, 37.4671307], [126.9470778, 37.4672084], [126.9469866, 37.4675245], [126.9469558, 37.4676203], [126.9469155, 37.4677438], [126.9468324, 37.4678566], [126.9466902, 37.4680131], [126.9466232, 37.4680961], [126.946536, 37.4681919], [126.9464421, 37.4682579], [126.9462943, 37.4682688]]}, "properties": {"osm_id": 1278208822, "highway": "footway", "name": "", "bridge": "", "tunnel": "", "indoor": "", "layer": "", "level": "", "covered": "", "nodes": [10740795341, 11866584679, 11866584678, 11866584677, 11866584676, 11866584675, 11866584674, 11866584673, 11866584672, 11866584671, 11866584670, 11866584669, 11866580168, 357844502, 11866580166, 11866580165, 11866580164, 5845047163]}}, {"type": "Feature", "geometry": {"type": "LineString", "coordinates": [[126.9478784, 37.4666825], [126.9479294, 37.4666341], [126.9479607, 37.4665805]]}, "properties": {"osm_id": 1278208823, "highway": "footway", "name": "", "bridge": "", "tunnel": "", "indoor": "", "layer": "", "level": "", "covered": "", "nodes": [10740734460, 10740734461, 10740734478]}}, {"type": "Feature", "geometry": {"type": "LineString", "coordinates": [[126.9523552, 37.4699397], [126.9522116, 37.4695245], [126.9520977, 37.4692241], [126.9520184, 37.4690147], [126.9519929, 37.4689802], [126.9516885, 37.4685687], [126.951136, 37.4681568], [126.9510722, 37.4681187], [126.9507998, 37.467943], [126.9495861, 37.4672476], [126.9493265, 37.4670988], [126.9491379, 37.4669776], [126.9490009, 37.4668895], [126.948529, 37.4667023], [126.9484259, 37.4666328], [126.9484157, 37.466594]]}, "properties": {"osm_id": 1278208824, "highway": "footway", "name": "", "bridge": "", "tunnel": "", "indoor": "", "layer": "", "level": "", "covered": "", "nodes": [7413201165, 11866584693, 13234700536, 11866584692, 13816396217, 11866584691, 11866584690, 11866584689, 4526181516, 13231900612, 4526181517, 357964484, 4526201829, 10740734449, 4526181518, 4526181551]}}, {"type": "Feature", "geometry": {"type": "LineString", "coordinates": [[126.9521052, 37.4699417], [126.9523552, 37.4699397]]}, "properties": {"osm_id": 1278208825, "highway": "path", "name": "", "bridge": "", "tunnel": "", "indoor": "", "layer": "", "level": "", "covered": "", "nodes": [7413201170, 7413201165]}}, {"type": "Feature", "geometry": {"type": "LineString", "coordinates": [[126.9627607, 37.4638926], [126.9625595, 37.4639394], [126.9624361, 37.4640075], [126.9623128, 37.4640203], [126.9621143, 37.4640884], [126.9620284, 37.4641459], [126.9619855, 37.4642098], [126.9619104, 37.464246], [126.9618851, 37.4643366]]}, "properties": {"osm_id": 1330540959, "highway": "path", "name": "", "bridge": "", "tunnel": "", "indoor": "", "layer": "", "level": "", "covered": "", "nodes": [10577432552, 12310930213, 12310930212, 12310930211, 12310930210, 12310930209, 12310930208, 12310930207, 12310930206]}}, {"type": "Feature", "geometry": {"type": "LineString", "coordinates": [[126.9538466, 37.4619159], [126.9537832, 37.4621186], [126.9534962, 37.4620801]]}, "properties": {"osm_id": 1363515451, "highway": "steps", "name": "", "bridge": "", "tunnel": "", "indoor": "", "layer": "", "level": "", "covered": "", "nodes": [12625104312, 8146884575, 12625104313]}}, {"type": "Feature", "geometry": {"type": "LineString", "coordinates": [[126.9534962, 37.4620801], [126.9533939, 37.4620664]]}, "properties": {"osm_id": 1363515452, "highway": "steps", "name": "", "bridge": "", "tunnel": "", "indoor": "", "layer": "", "level": "", "covered": "", "nodes": [12625104313, 8146884576]}}, {"type": "Feature", "geometry": {"type": "LineString", "coordinates": [[126.9527789, 37.4616434], [126.9531085, 37.4617813]]}, "properties": {"osm_id": 1364686252, "highway": "steps", "name": "", "bridge": "", "tunnel": "", "indoor": "", "layer": "", "level": "", "covered": "", "nodes": [4564623335, 4564623336]}}, {"type": "Feature", "geometry": {"type": "LineString", "coordinates": [[126.9522859, 37.4601637], [126.9523968, 37.4604135]]}, "properties": {"osm_id": 1429747754, "highway": "pedestrian", "name": "", "bridge": "", "tunnel": "building_passage", "indoor": "", "layer": "", "level": "", "covered": "yes", "nodes": [1793018816, 1793018821]}}, {"type": "Feature", "geometry": {"type": "LineString", "coordinates": [[126.9405827, 37.4709005], [126.9407533, 37.4709166], [126.9409322, 37.4709307], [126.9410866, 37.4709451], [126.9417648, 37.4710086], [126.941897, 37.471021], [126.9423921, 37.4710655], [126.9428283, 37.4710318], [126.9430459, 37.470996], [126.9434574, 37.4708886], [126.9437529, 37.4707488], [126.9444673, 37.4702675], [126.9445293, 37.4702211], [126.9452992, 37.4696452]]}, "properties": {"osm_id": 1436701576, "highway": "footway", "name": "", "bridge": "", "tunnel": "", "indoor": "", "layer": "", "level": "", "covered": "", "nodes": [13204980115, 13204980116, 13204980117, 357900420, 13204980118, 13204980119, 13204980120, 13204980121, 13204980122, 13204980123, 13204980124, 13204980125, 10246984298, 13204980126]}}, {"type": "Feature", "geometry": {"type": "LineString", "coordinates": [[126.9452992, 37.4696452], [126.9453692, 37.4695933], [126.9454165, 37.4695474], [126.9455303, 37.4694736]]}, "properties": {"osm_id": 1436701577, "highway": "footway", "name": "", "bridge": "", "tunnel": "", "indoor": "", "layer": "", "level": "", "covered": "", "nodes": [13204980126, 13816386397, 12730342510, 13204980127]}}, {"type": "Feature", "geometry": {"type": "LineString", "coordinates": [[126.9455303, 37.4694736], [126.9461554, 37.4690348], [126.946295, 37.4689634], [126.9463556, 37.4689323], [126.9465243, 37.4688912], [126.9467713, 37.4688896], [126.9470224, 37.4689501]]}, "properties": {"osm_id": 1436701578, "highway": "footway", "name": "", "bridge": "", "tunnel": "", "indoor": "", "layer": "", "level": "", "covered": "", "nodes": [13204980127, 13204980128, 13204980133, 13204980129, 13204980130, 13204980131, 13204980132]}}, {"type": "Feature", "geometry": {"type": "LineString", "coordinates": [[126.946295, 37.4689634], [126.9462889, 37.4689196], [126.9462824, 37.4688726]]}, "properties": {"osm_id": 1436701579, "highway": "footway", "name": "", "bridge": "", "tunnel": "", "indoor": "", "layer": "", "level": "", "covered": "", "nodes": [13204980133, 13204980135, 13204980134]}}, {"type": "Feature", "geometry": {"type": "LineString", "coordinates": [[126.9462824, 37.4688726], [126.9464782, 37.4687362], [126.946691, 37.4685879], [126.9470244, 37.4683564], [126.9472419, 37.4682289]]}, "properties": {"osm_id": 1436701580, "highway": "footway", "name": "", "bridge": "", "tunnel": "", "indoor": "", "layer": "", "level": "", "covered": "", "nodes": [13204980134, 13204980172, 13204980136, 13204980137, 13204980138]}}, {"type": "Feature", "geometry": {"type": "LineString", "coordinates": [[126.9472419, 37.4682289], [126.9475019, 37.4681263]]}, "properties": {"osm_id": 1436701581, "highway": "footway", "name": "", "bridge": "", "tunnel": "", "indoor": "", "layer": "", "level": "", "covered": "", "nodes": [13204980138, 5742447778]}}, {"type": "Feature", "geometry": {"type": "LineString", "coordinates": [[126.9448002, 37.469226], [126.9449419, 37.4692314], [126.9449827, 37.4692314], [126.9454848, 37.4688459], [126.9458572, 37.4685605], [126.9460054, 37.4684232], [126.9460872, 37.4683474], [126.9461654, 37.4682649], [126.9462943, 37.4682688]]}, "properties": {"osm_id": 1436701589, "highway": "footway", "name": "", "bridge": "", "tunnel": "", "indoor": "", "layer": "", "level": "", "covered": "", "nodes": [13204980165, 13204980166, 13204980167, 13204980168, 13204980169, 13204980176, 13204980170, 13204980171, 5845047163]}}, {"type": "Feature", "geometry": {"type": "LineString", "coordinates": [[126.9464782, 37.4687362], [126.9463965, 37.4686781], [126.9463129, 37.468619], [126.9462015, 37.4685401], [126.9460607, 37.4684558]]}, "properties": {"osm_id": 1436701590, "highway": "footway", "name": "", "bridge": "", "tunnel": "", "indoor": "", "layer": "", "level": "", "covered": "", "nodes": [13204980172, 13204980173, 13204980178, 13204980174, 13204980175]}}, {"type": "Feature", "geometry": {"type": "LineString", "coordinates": [[126.9460607, 37.4684558], [126.9460054, 37.4684232]]}, "properties": {"osm_id": 1436701591, "highway": "footway", "name": "", "bridge": "", "tunnel": "", "indoor": "", "layer": "", "level": "", "covered": "", "nodes": [13204980175, 13204980176]}}, {"type": "Feature", "geometry": {"type": "LineString", "coordinates": [[126.9480373, 37.4670355], [126.9481585, 37.4669071], [126.9484207, 37.4668128]]}, "properties": {"osm_id": 1436701592, "highway": "service", "name": "", "bridge": "", "tunnel": "", "indoor": "", "layer": "", "level": "", "covered": "", "nodes": [1883279803, 13204980177, 5742447726]}}, {"type": "Feature", "geometry": {"type": "LineString", "coordinates": [[126.9466802, 37.4699141], [126.9468894, 37.4697693], [126.9471254, 37.4697076]]}, "properties": {"osm_id": 1437075578, "highway": "service", "name": "", "bridge": "", "tunnel": "", "indoor": "", "layer": "", "level": "", "covered": "", "nodes": [13208294582, 13208294583, 13208294584]}}, {"type": "Feature", "geometry": {"type": "LineString", "coordinates": [[126.9467311, 37.4689721], [126.9469269, 37.4689913], [126.9470664, 37.4690487]]}, "properties": {"osm_id": 1437075579, "highway": "service", "name": "", "bridge": "", "tunnel": "", "indoor": "", "layer": "", "level": "", "covered": "", "nodes": [13208294585, 13208294586, 13208294587]}}, {"type": "Feature", "geometry": {"type": "LineString", "coordinates": [[126.9495861, 37.4672476], [126.9494916, 37.4673519], [126.9493873, 37.4675423], [126.9492888, 37.4677355]]}, "properties": {"osm_id": 1442039156, "highway": "footway", "name": "", "bridge": "", "tunnel": "", "indoor": "", "layer": "", "level": "", "covered": "", "nodes": [13231900612, 13231900613, 13231900614, 4278630577]}}, {"type": "Feature", "geometry": {"type": "LineString", "coordinates": [[126.9564868, 37.4452153], [126.9562959, 37.4452344], [126.9560539, 37.4452688], [126.9557749, 37.4453544], [126.9555385, 37.4453989], [126.9554537, 37.4454316], [126.9553371, 37.4455095], [126.9551365, 37.4455503], [126.9550627, 37.4455961], [126.9549018, 37.4456313], [126.9546027, 37.4456994], [126.9543064, 37.4458091], [126.9540398, 37.4459076], [126.9535281, 37.4458979], [126.9534065, 37.4458889], [126.9532975, 37.4459195], [126.9532677, 37.4459698]]}, "properties": {"osm_id": 1451490177, "highway": "path", "name": "서울대공대계곡길", "bridge": "", "tunnel": "", "indoor": "", "layer": "", "level": "", "covered": "", "nodes": [442812168, 10773496170, 10773496172, 13312391304, 10773496181, 13312391303, 10773496184, 13312389799, 13312389800, 13312391301, 13312391302, 13312389798, 10577434635, 442812182, 13312389794, 10773496210, 13312389797]}}, {"type": "Feature", "geometry": {"type": "LineString", "coordinates": [[126.9565983, 37.4452682], [126.9564868, 37.4452153]]}, "properties": {"osm_id": 1451490178, "highway": "path", "name": "서울대공대계곡길", "bridge": "yes", "tunnel": "", "indoor": "", "layer": "1", "level": "", "covered": "", "nodes": [13312348742, 442812168]}}, {"type": "Feature", "geometry": {"type": "LineString", "coordinates": [[126.9477793, 37.4637234], [126.9476771, 37.463695], [126.947571, 37.4636406], [126.9474931, 37.4635978]]}, "properties": {"osm_id": 1451490179, "highway": "steps", "name": "", "bridge": "", "tunnel": "", "indoor": "", "layer": "", "level": "", "covered": "", "nodes": [7475778440, 7475778439, 7475778441, 11760451143]}}, {"type": "Feature", "geometry": {"type": "LineString", "coordinates": [[126.9479191, 37.4638138], [126.9477793, 37.4637234]]}, "properties": {"osm_id": 1451490180, "highway": "path", "name": "", "bridge": "", "tunnel": "", "indoor": "", "layer": "", "level": "", "covered": "", "nodes": [4721392122, 7475778440]}}, {"type": "Feature", "geometry": {"type": "LineString", "coordinates": [[126.9532086, 37.4460548], [126.9531634, 37.4460663], [126.9530725, 37.4461178], [126.9529373, 37.4461903], [126.9529786, 37.4462695], [126.9530162, 37.4465863], [126.9528875, 37.4468994], [126.9525977, 37.4473969], [126.9524668, 37.4476886], [126.9522423, 37.4479732], [126.9521161, 37.4480015]]}, "properties": {"osm_id": 1451492739, "highway": "path", "name": "서울대공대계곡길", "bridge": "", "tunnel": "", "indoor": "", "layer": "", "level": "", "covered": "", "nodes": [10577434749, 10577434745, 13312389796, 4242706549, 442812184, 10577434750, 10577434994, 10577434990, 442812187, 442812188, 7257076539]}}, {"type": "Feature", "geometry": {"type": "LineString", "coordinates": [[126.9532677, 37.4459698], [126.9532086, 37.4460548]]}, "properties": {"osm_id": 1451492740, "highway": "path", "name": "서울대공대계곡길", "bridge": "yes", "tunnel": "", "indoor": "", "layer": "1", "level": "", "covered": "", "nodes": [13312389797, 10577434749]}}, {"type": "Feature", "geometry": {"type": "LineString", "coordinates": [[126.9524214, 37.4565302], [126.9524296, 37.4564724]]}, "properties": {"osm_id": 1469700083, "highway": "steps", "name": "", "bridge": "", "tunnel": "", "indoor": "", "layer": "", "level": "", "covered": "", "nodes": [13478432943, 13478432942]}}, {"type": "Feature", "geometry": {"type": "LineString", "coordinates": [[126.9524379, 37.4564142], [126.9524296, 37.4564724]]}, "properties": {"osm_id": 1469700084, "highway": "steps", "name": "", "bridge": "", "tunnel": "", "indoor": "", "layer": "", "level": "", "covered": "", "nodes": [13478432944, 13478432942]}}, {"type": "Feature", "geometry": {"type": "LineString", "coordinates": [[126.9523865, 37.4565271], [126.9524214, 37.4565302]]}, "properties": {"osm_id": 1469700085, "highway": "footway", "name": "", "bridge": "", "tunnel": "", "indoor": "", "layer": "", "level": "", "covered": "", "nodes": [13478432939, 13478432943]}}, {"type": "Feature", "geometry": {"type": "LineString", "coordinates": [[126.9524025, 37.456411], [126.9524379, 37.4564142]]}, "properties": {"osm_id": 1469700086, "highway": "footway", "name": "", "bridge": "", "tunnel": "", "indoor": "", "layer": "", "level": "", "covered": "", "nodes": [13478432940, 13478432944]}}, {"type": "Feature", "geometry": {"type": "LineString", "coordinates": [[126.9522847, 37.4560203], [126.9522297, 37.4560416], [126.9519762, 37.4560208], [126.9517873, 37.4560052]]}, "properties": {"osm_id": 1469700087, "highway": "footway", "name": "", "bridge": "", "tunnel": "", "indoor": "", "layer": "", "level": "", "covered": "", "nodes": [1372131611, 13478432954, 4564998576, 1372131622]}}, {"type": "Feature", "geometry": {"type": "LineString", "coordinates": [[126.9514253, 37.4657104], [126.9513968, 37.4656801], [126.9513871, 37.4655728], [126.9514137, 37.4655369]]}, "properties": {"osm_id": 1469947531, "highway": "service", "name": "", "bridge": "", "tunnel": "", "indoor": "", "layer": "", "level": "", "covered": "", "nodes": [13480905092, 13480905095, 13480905094, 13480905093]}}, {"type": "Feature", "geometry": {"type": "LineString", "coordinates": [[126.9514253, 37.4657104], [126.9514313, 37.4658336], [126.9514355, 37.4659643]]}, "properties": {"osm_id": 1469947532, "highway": "service", "name": "", "bridge": "", "tunnel": "", "indoor": "", "layer": "", "level": "", "covered": "", "nodes": [13480905092, 3927957325, 1790446225]}}, {"type": "Feature", "geometry": {"type": "LineString", "coordinates": [[126.9514137, 37.4655369], [126.9514451, 37.465572], [126.9514508, 37.4656782], [126.9514253, 37.4657104]]}, "properties": {"osm_id": 1469947533, "highway": "service", "name": "", "bridge": "", "tunnel": "", "indoor": "", "layer": "", "level": "", "covered": "", "nodes": [13480905093, 13480905090, 13480905091, 13480905092]}}, {"type": "Feature", "geometry": {"type": "LineString", "coordinates": [[126.9490551, 37.464448], [126.949182, 37.4644659]]}, "properties": {"osm_id": 1469947534, "highway": "footway", "name": "", "bridge": "", "tunnel": "", "indoor": "", "layer": "", "level": "", "covered": "", "nodes": [13480993809, 13480993813]}}, {"type": "Feature", "geometry": {"type": "LineString", "coordinates": [[126.9490206, 37.4644431], [126.9490551, 37.464448]]}, "properties": {"osm_id": 1469947535, "highway": "steps", "name": "", "bridge": "", "tunnel": "", "indoor": "", "layer": "", "level": "", "covered": "", "nodes": [13480993810, 13480993809]}}, {"type": "Feature", "geometry": {"type": "LineString", "coordinates": [[126.9489962, 37.4644397], [126.9490206, 37.4644431]]}, "properties": {"osm_id": 1469947536, "highway": "footway", "name": "", "bridge": "", "tunnel": "", "indoor": "", "layer": "", "level": "", "covered": "", "nodes": [13480993811, 13480993810]}}, {"type": "Feature", "geometry": {"type": "LineString", "coordinates": [[126.9489613, 37.4644348], [126.9489962, 37.4644397]]}, "properties": {"osm_id": 1469947537, "highway": "steps", "name": "", "bridge": "", "tunnel": "", "indoor": "", "layer": "", "level": "", "covered": "", "nodes": [13480993812, 13480993811]}}, {"type": "Feature", "geometry": {"type": "LineString", "coordinates": [[126.9489288, 37.4644302], [126.9489613, 37.4644348]]}, "properties": {"osm_id": 1469947538, "highway": "footway", "name": "", "bridge": "", "tunnel": "", "indoor": "", "layer": "", "level": "", "covered": "", "nodes": [13480993808, 13480993812]}}, {"type": "Feature", "geometry": {"type": "LineString", "coordinates": [[126.9488906, 37.4644248], [126.9489288, 37.4644302]]}, "properties": {"osm_id": 1469947539, "highway": "steps", "name": "", "bridge": "", "tunnel": "", "indoor": "", "layer": "", "level": "", "covered": "", "nodes": [13480993807, 13480993808]}}, {"type": "Feature", "geometry": {"type": "LineString", "coordinates": [[126.9488653, 37.4644212], [126.9488906, 37.4644248]]}, "properties": {"osm_id": 1469947540, "highway": "footway", "name": "", "bridge": "", "tunnel": "", "indoor": "", "layer": "", "level": "", "covered": "", "nodes": [13480993814, 13480993807]}}, {"type": "Feature", "geometry": {"type": "LineString", "coordinates": [[126.9499718, 37.4655148], [126.9498355, 37.4656], [126.949759, 37.4656867]]}, "properties": {"osm_id": 1469947541, "highway": "footway", "name": "", "bridge": "", "tunnel": "", "indoor": "", "layer": "", "level": "", "covered": "", "nodes": [13480993825, 13480993824, 13480993843]}}, {"type": "Feature", "geometry": {"type": "LineString", "coordinates": [[126.9507286, 37.465645], [126.9507947, 37.4655867], [126.9509164, 37.4655037], [126.950963, 37.4654675], [126.9510166, 37.4654118], [126.9510683, 37.4653504], [126.9511528, 37.4652381], [126.9512131, 37.4652136], [126.9512802, 37.4651982]]}, "properties": {"osm_id": 1469947542, "highway": "footway", "name": "", "bridge": "", "tunnel": "", "indoor": "", "layer": "", "level": "", "covered": "", "nodes": [13480993855, 13480993845, 13480993846, 13480993847, 13480993848, 13480993849, 13480993850, 13480993851, 13480993852]}}, {"type": "Feature", "geometry": {"type": "LineString", "coordinates": [[126.9504717, 37.4658217], [126.950509, 37.4657972], [126.9505788, 37.4657639], [126.9506183, 37.4657413]]}, "properties": {"osm_id": 1469947543, "highway": "footway", "name": "", "bridge": "", "tunnel": "", "indoor": "", "layer": "", "level": "", "covered": "", "nodes": [13480993839, 13480993854, 13480993853, 13480993857]}}, {"type": "Feature", "geometry": {"type": "LineString", "coordinates": [[126.9506183, 37.4657413], [126.9506736, 37.4656947], [126.9507286, 37.465645]]}, "properties": {"osm_id": 1469947544, "highway": "steps", "name": "", "bridge": "", "tunnel": "", "indoor": "", "layer": "", "level": "", "covered": "", "nodes": [13480993857, 13480993856, 13480993855]}}, {"type": "Feature", "geometry": {"type": "LineString", "coordinates": [[126.9519481, 37.4554617], [126.9522057, 37.4557804], [126.9523791, 37.4557827]]}, "properties": {"osm_id": 1485374568, "highway": "footway", "name": "", "bridge": "", "tunnel": "", "indoor": "", "layer": "", "level": "", "covered": "", "nodes": [13617739688, 13617739690, 13617739689]}}, {"type": "Feature", "geometry": {"type": "LineString", "coordinates": [[126.9510687, 37.4570103], [126.9513747, 37.4570452]]}, "properties": {"osm_id": 1485386283, "highway": "steps", "name": "", "bridge": "", "tunnel": "", "indoor": "", "layer": "", "level": "", "covered": "", "nodes": [13617883875, 445310311]}}, {"type": "Feature", "geometry": {"type": "LineString", "coordinates": [[126.9514797, 37.4557707], [126.9514988, 37.455645]]}, "properties": {"osm_id": 1485386284, "highway": "footway", "name": "", "bridge": "yes", "tunnel": "", "indoor": "", "layer": "2", "level": "", "covered": "", "nodes": [13617795536, 13617795537]}}, {"type": "Feature", "geometry": {"type": "LineString", "coordinates": [[126.9514339, 37.4564299], [126.95145, 37.456329], [126.9514663, 37.4562271]]}, "properties": {"osm_id": 1485386285, "highway": "footway", "name": "", "bridge": "yes", "tunnel": "", "indoor": "", "layer": "3", "level": "", "covered": "", "nodes": [13617883878, 1901811916, 13617883879]}}, {"type": "Feature", "geometry": {"type": "LineString", "coordinates": [[126.951068, 37.4554841], [126.9509339, 37.4554731]]}, "properties": {"osm_id": 1485386286, "highway": "footway", "name": "", "bridge": "yes", "tunnel": "", "indoor": "", "layer": "1", "level": "", "covered": "", "nodes": [13617883881, 13617883880]}}, {"type": "Feature", "geometry": {"type": "LineString", "coordinates": [[126.9455932, 37.4577833], [126.9456469, 37.4578663], [126.9456831, 37.4579419], [126.9457018, 37.4579674], [126.9457796, 37.4580057], [126.9458131, 37.4580324], [126.9458333, 37.4580813], [126.94584, 37.4581186], [126.9458373, 37.4581952], [126.9458762, 37.4582336], [126.9458722, 37.4582942], [126.9458748, 37.4583613], [126.9458641, 37.4584252], [126.9458655, 37.4584539], [126.9459245, 37.4585199], [126.9459526, 37.4585497], [126.9459674, 37.4585753], [126.9460317, 37.4585923], [126.9460237, 37.4586455], [126.9460975, 37.4586817], [126.9461511, 37.458702], [126.946186, 37.4587307], [126.9462182, 37.4588201], [126.9462691, 37.4588553], [126.9463576, 37.4589202], [126.9463871, 37.4589468], [126.9464234, 37.4590756], [126.9464716, 37.4591927], [126.9464703, 37.4592438], [126.9464542, 37.45928], [126.9464529, 37.4592981], [126.9465145, 37.4593652], [126.9465776, 37.4593971], [126.9466218, 37.4594727], [126.94665, 37.4595078], [126.9467787, 37.4595909], [126.9468471, 37.4596271], [126.9468445, 37.4596739], [126.9467922, 37.4597101], [126.9467828, 37.4597484], [126.9468136, 37.4598038], [126.9467962, 37.4598559], [126.9468445, 37.4598943], [126.9468713, 37.4599454], [126.9468847, 37.4600348], [126.9469102, 37.4600742], [126.9469786, 37.4601114], [126.9470295, 37.4601604], [126.9470577, 37.4601891], [126.9471583, 37.4602392], [126.9471945, 37.4602988], [126.9472106, 37.4603201], [126.9473031, 37.4603691], [126.9473407, 37.4604031], [126.9473715, 37.4605], [126.9474024, 37.4605543], [126.9474198, 37.460583], [126.9475029, 37.4606309], [126.9475619, 37.4606873], [126.9476679, 37.4607842]]}, "properties": {"osm_id": 1497541781, "highway": "path", "name": "", "bridge": "", "tunnel": "", "indoor": "", "layer": "", "level": "", "covered": "", "nodes": [13715151341, 13715151340, 13715151339, 13715151338, 13715151337, 13715151336, 13715151335, 13715151334, 13715151333, 13715151332, 13715151331, 13715151330, 13715151329, 13715151328, 13715151327, 13715151326, 13715151325, 13715151324, 13715151323, 13715151322, 13715151321, 13715151320, 13715151319, 13715151318, 13715151317, 13715151316, 13715151315, 13715151314, 13715151313, 13715151312, 13715151311, 13715151310, 13715151309, 13715151308, 13715151307, 13715151306, 13715151305, 13715151304, 13715151303, 13715151302, 13715151301, 13715151300, 13715151299, 13715151298, 13715151297, 13715151296, 13715151295, 13715151294, 13715151293, 13715151292, 13715151291, 13715151290, 13715151289, 13715151288, 13715151287, 13715151286, 13715151285, 13715151284, 13715151283, 10577433772]}}, {"type": "Feature", "geometry": {"type": "LineString", "coordinates": [[126.9455423, 37.4558461], [126.9455316, 37.4558242], [126.9454229, 37.4556189], [126.9452326, 37.455407], [126.9449208, 37.4550495]]}, "properties": {"osm_id": 1497541782, "highway": "path", "name": "관악산나들길", "bridge": "", "tunnel": "", "indoor": "", "layer": "", "level": "", "covered": "", "nodes": [10613066743, 3004047224, 13130260537, 442820739, 10577433878]}}, {"type": "Feature", "geometry": {"type": "LineString", "coordinates": [[126.9456455, 37.4560602], [126.9455999, 37.4559692]]}, "properties": {"osm_id": 1497541783, "highway": "service", "name": "관악산나들길", "bridge": "yes", "tunnel": "", "indoor": "", "layer": "1", "level": "", "covered": "", "nodes": [13715151345, 13715151346]}}, {"type": "Feature", "geometry": {"type": "LineString", "coordinates": [[126.955192, 37.4641232], [126.9554444, 37.4640739], [126.9556354, 37.46436], [126.9558418, 37.4645972], [126.9559681, 37.4646706], [126.9561561, 37.4646021], [126.9563194, 37.4643894], [126.9564703, 37.4641228], [126.9564703, 37.4638], [126.9564365, 37.4637119], [126.9561314, 37.4633109], [126.9560051, 37.4631543], [126.9560513, 37.4628438], [126.9560174, 37.4625625], [126.9558572, 37.4623718], [126.9556385, 37.462362], [126.9555183, 37.4624231]]}, "properties": {"osm_id": 1498416006, "highway": "path", "name": "", "bridge": "", "tunnel": "", "indoor": "", "layer": "", "level": "", "covered": "", "nodes": [13722741895, 13722741896, 13722741897, 13722741898, 13722741899, 13722741900, 13722789701, 13722789702, 13722789703, 13722789704, 13722789705, 13722789706, 13722789707, 13722789708, 13722789709, 13722789710, 13722789711]}}, {"type": "Feature", "geometry": {"type": "LineString", "coordinates": [[126.9466802, 37.4699141], [126.9464893, 37.4699666], [126.9463017, 37.4700181], [126.9461282, 37.470108], [126.9459584, 37.4700799], [126.9453692, 37.4695933], [126.9452819, 37.469526]]}, "properties": {"osm_id": 1511791906, "highway": "service", "name": "", "bridge": "", "tunnel": "", "indoor": "", "layer": "", "level": "", "covered": "", "nodes": [13208294582, 13939145516, 13816386394, 13816386395, 13816386396, 13816386397, 13816386398]}}, {"type": "Feature", "geometry": {"type": "LineString", "coordinates": [[126.9520375, 37.44824], [126.9520292, 37.4485673], [126.9520133, 37.4488548], [126.9520127, 37.4489044]]}, "properties": {"osm_id": 1513607847, "highway": "service", "name": "", "bridge": "", "tunnel": "", "indoor": "", "layer": "", "level": "", "covered": "", "nodes": [4748062192, 4242705564, 4748062190, 4746859861]}}, {"type": "Feature", "geometry": {"type": "LineString", "coordinates": [[126.9502332, 37.4538813], [126.950333, 37.4527408], [126.9503298, 37.4527028]]}, "properties": {"osm_id": 1513607848, "highway": "service", "name": "", "bridge": "", "tunnel": "", "indoor": "", "layer": "", "level": "", "covered": "", "nodes": [1789842952, 1789843013, 9789566049]}}, {"type": "Feature", "geometry": {"type": "LineString", "coordinates": [[126.9464893, 37.4699666], [126.9468092, 37.4696901], [126.9468337, 37.4696729], [126.9470053, 37.4696771], [126.9473842, 37.4694289], [126.9470323, 37.4690905], [126.9465287, 37.4694203], [126.9468092, 37.4696901]]}, "properties": {"osm_id": 1529465159, "highway": "service", "name": "", "bridge": "", "tunnel": "", "indoor": "", "layer": "", "level": "", "covered": "", "nodes": [13939145516, 13939145522, 13939145517, 13939145518, 13939145519, 13939145520, 13939145521, 13939145522]}}, {"type": "Feature", "geometry": {"type": "LineString", "coordinates": [[126.9571669, 37.4621404], [126.9572208, 37.4621932], [126.9573024, 37.4622437]]}, "properties": {"osm_id": 1544364779, "highway": "footway", "name": "", "bridge": "", "tunnel": "", "indoor": "", "layer": "", "level": "", "covered": "", "nodes": [14047950334, 14047950330, 14047950329]}}, {"type": "Feature", "geometry": {"type": "LineString", "coordinates": [[126.9559117, 37.4613074], [126.9559353, 37.4613648], [126.9559641, 37.4614346]]}, "properties": {"osm_id": 1544364780, "highway": "footway", "name": "", "bridge": "", "tunnel": "", "indoor": "", "layer": "", "level": "", "covered": "", "nodes": [14047950369, 1789842880, 14047950324]}}, {"type": "Feature", "geometry": {"type": "LineString", "coordinates": [[126.9569394, 37.4621698], [126.9570171, 37.4621212], [126.9570969, 37.4620713]]}, "properties": {"osm_id": 1544364781, "highway": "footway", "name": "", "bridge": "", "tunnel": "", "indoor": "", "layer": "", "level": "", "covered": "", "nodes": [14047950326, 14047950323, 14047950325]}}, {"type": "Feature", "geometry": {"type": "LineString", "coordinates": [[126.9574908, 37.4627307], [126.9575773, 37.4626765], [126.9576776, 37.4626136]]}, "properties": {"osm_id": 1544364782, "highway": "footway", "name": "", "bridge": "", "tunnel": "", "indoor": "", "layer": "", "level": "", "covered": "", "nodes": [14047966922, 1789843015, 14047950327]}}, {"type": "Feature", "geometry": {"type": "LineString", "coordinates": [[126.9571602, 37.4622664], [126.9572208, 37.4621932], [126.9572598, 37.462146]]}, "properties": {"osm_id": 1544364783, "highway": "service", "name": "", "bridge": "", "tunnel": "", "indoor": "", "layer": "", "level": "", "covered": "", "nodes": [4314460170, 14047950330, 14047950331]}}, {"type": "Feature", "geometry": {"type": "LineString", "coordinates": [[126.9564347, 37.4609623], [126.956518, 37.4609957], [126.956599, 37.4610283]]}, "properties": {"osm_id": 1544364784, "highway": "footway", "name": "", "bridge": "", "tunnel": "", "indoor": "", "layer": "", "level": "", "covered": "", "nodes": [14047950339, 3046614777, 14047950378]}}, {"type": "Feature", "geometry": {"type": "LineString", "coordinates": [[126.9553494, 37.4613851], [126.9554892, 37.4613697], [126.9556991, 37.4613601], [126.955795, 37.4613394], [126.9559117, 37.4613074], [126.9560297, 37.4612707], [126.9561329, 37.4612308], [126.9562302, 37.4611674], [126.9563013, 37.4611158], [126.9563556, 37.4610594], [126.9564072, 37.4609961], [126.9564347, 37.4609623], [126.9564749, 37.4609003], [126.9566198, 37.460648], [126.9567619, 37.4604111], [126.9567733, 37.4603797], [126.9567733, 37.4603387], [126.9567566, 37.4602956], [126.9567331, 37.4602557], [126.9566862, 37.4601993], [126.9564313, 37.4599438], [126.9563428, 37.4598543], [126.956196, 37.459749], [126.9557843, 37.4593689], [126.9555328, 37.4591198], [126.9554456, 37.4590586], [126.9553695, 37.4590088], [126.9553135, 37.4589857], [126.9552451, 37.4589702], [126.9551593, 37.4589708], [126.9551023, 37.4589793], [126.9550292, 37.458991], [126.9549863, 37.4590267], [126.9548971, 37.4591238], [126.9548814, 37.4591557], [126.95488, 37.4591802]]}, "properties": {"osm_id": 1544364785, "highway": "footway", "name": "", "bridge": "", "tunnel": "", "indoor": "", "layer": "", "level": "", "covered": "", "nodes": [14047950372, 1789927065, 14047950371, 14047950370, 14047950369, 14047950368, 14047950367, 14047950366, 14047950365, 14047950364, 14047950363, 14047950339, 14047950373, 14047950362, 14047950361, 14047950360, 14047950359, 14047950358, 14047950357, 14047950356, 14047950355, 14047950354, 14047950353, 14047950352, 14047950351, 14047950350, 14047950349, 14047950348, 14047950347, 14047950346, 14047950345, 14047950344, 14047950343, 14047950342, 14047950341, 14047950340]}}, {"type": "Feature", "geometry": {"type": "LineString", "coordinates": [[126.9564826, 37.461549], [126.9565689, 37.4615282], [126.9566562, 37.4615072]]}, "properties": {"osm_id": 1544364786, "highway": "footway", "name": "", "bridge": "", "tunnel": "", "indoor": "", "layer": "", "level": "", "covered": "", "nodes": [14047950338, 3046608105, 4314460169]}}, {"type": "Feature", "geometry": {"type": "LineString", "coordinates": [[126.9567988, 37.460624], [126.956599, 37.4610283], [126.9565628, 37.461103], [126.9565601, 37.4611658], [126.9565755, 37.4612989], [126.956595, 37.461367], [126.9566562, 37.4615072], [126.9567445, 37.4616688], [126.9568149, 37.4617859], [126.9568759, 37.4618535], [126.9570969, 37.4620713], [126.9571669, 37.4621404]]}, "properties": {"osm_id": 1544364787, "highway": "footway", "name": "", "bridge": "", "tunnel": "", "indoor": "", "layer": "", "level": "", "covered": "", "nodes": [14047950379, 14047950378, 14047950377, 14047950376, 14047950375, 14047950374, 4314460169, 14047950337, 14047950336, 14047950335, 14047950325, 14047950334]}}, {"type": "Feature", "geometry": {"type": "LineString", "coordinates": [[126.9577805, 37.4647505], [126.9577691, 37.4648235]]}, "properties": {"osm_id": 1544364788, "highway": "footway", "name": "", "bridge": "", "tunnel": "", "indoor": "", "layer": "", "level": "", "covered": "", "nodes": [14047966907, 14047966906]}}, {"type": "Feature", "geometry": {"type": "LineString", "coordinates": [[126.9577235, 37.4653227], [126.9577114, 37.4654967], [126.9576947, 37.4657527]]}, "properties": {"osm_id": 1544364789, "highway": "footway", "name": "", "bridge": "", "tunnel": "", "indoor": "", "layer": "", "level": "", "covered": "", "nodes": [14047966903, 14047966902, 14047966901]}}, {"type": "Feature", "geometry": {"type": "LineString", "coordinates": [[126.9577289, 37.465245], [126.9577235, 37.4653227]]}, "properties": {"osm_id": 1544364790, "highway": "footway", "name": "", "bridge": "", "tunnel": "", "indoor": "", "layer": "", "level": "", "covered": "", "nodes": [14047966904, 14047966903]}}, {"type": "Feature", "geometry": {"type": "LineString", "coordinates": [[126.9576866, 37.4658358], [126.9576678, 37.4661365], [126.9576524, 37.4664547], [126.9576498, 37.4665399], [126.9576484, 37.466739]]}, "properties": {"osm_id": 1544364791, "highway": "footway", "name": "", "bridge": "", "tunnel": "", "indoor": "", "layer": "", "level": "", "covered": "", "nodes": [14047950400, 14047950399, 14049248588, 14047950398, 14047950397]}}, {"type": "Feature", "geometry": {"type": "LineString", "coordinates": [[126.9576947, 37.4657527], [126.9576866, 37.4658358]]}, "properties": {"osm_id": 1544364792, "highway": "footway", "name": "", "bridge": "", "tunnel": "", "indoor": "", "layer": "", "level": "", "covered": "", "nodes": [14047966901, 14047950400]}}, {"type": "Feature", "geometry": {"type": "LineString", "coordinates": [[126.9576512, 37.4667853], [126.9576554, 37.4668427], [126.9576625, 37.4669396], [126.9576792, 37.4672957], [126.9576994, 37.467689]]}, "properties": {"osm_id": 1544364793, "highway": "footway", "name": "", "bridge": "", "tunnel": "", "indoor": "", "layer": "", "level": "", "covered": "", "nodes": [14047950396, 14049244776, 14047950395, 14047950394, 14047950393]}}, {"type": "Feature", "geometry": {"type": "LineString", "coordinates": [[126.9576484, 37.466739], [126.9576512, 37.4667853]]}, "properties": {"osm_id": 1544364794, "highway": "footway", "name": "", "bridge": "", "tunnel": "", "indoor": "", "layer": "", "level": "", "covered": "", "nodes": [14047950397, 14047950396]}}, {"type": "Feature", "geometry": {"type": "LineString", "coordinates": [[126.957702, 37.4677454], [126.9577052, 37.4678007], [126.9577175, 37.4680131], [126.9577295, 37.468144], [126.9577698, 37.4681946], [126.9578073, 37.4684442], [126.9578113, 37.4684798], [126.9578207, 37.4685644], [126.9578375, 37.4687113], [126.9578408, 37.4687651]]}, "properties": {"osm_id": 1544364795, "highway": "footway", "name": "", "bridge": "", "tunnel": "", "indoor": "", "layer": "", "level": "", "covered": "", "nodes": [14047950392, 14049244791, 14047950391, 14047950390, 14047950389, 14047950388, 14049248418, 14047950387, 14047950386, 14047950385]}}, {"type": "Feature", "geometry": {"type": "LineString", "coordinates": [[126.9576994, 37.467689], [126.957702, 37.4677454]]}, "properties": {"osm_id": 1544364796, "highway": "footway", "name": "", "bridge": "", "tunnel": "", "indoor": "", "layer": "", "level": "", "covered": "", "nodes": [14047950393, 14047950392]}}, {"type": "Feature", "geometry": {"type": "LineString", "coordinates": [[126.9578408, 37.4688444], [126.9578422, 37.4689444], [126.9579528, 37.4697454]]}, "properties": {"osm_id": 1544364797, "highway": "footway", "name": "", "bridge": "", "tunnel": "", "indoor": "", "layer": "", "level": "", "covered": "", "nodes": [14047950384, 14047950383, 14047950382]}}, {"type": "Feature", "geometry": {"type": "LineString", "coordinates": [[126.9578408, 37.4687651], [126.9578408, 37.4688444]]}, "properties": {"osm_id": 1544364798, "highway": "footway", "name": "", "bridge": "", "tunnel": "", "indoor": "", "layer": "", "level": "", "covered": "", "nodes": [14047950385, 14047950384]}}, {"type": "Feature", "geometry": {"type": "LineString", "coordinates": [[126.9579528, 37.4697454], [126.9579649, 37.4698114]]}, "properties": {"osm_id": 1544364799, "highway": "footway", "name": "", "bridge": "", "tunnel": "", "indoor": "", "layer": "", "level": "", "covered": "", "nodes": [14047950382, 14047950381]}}, {"type": "Feature", "geometry": {"type": "LineString", "coordinates": [[126.9579649, 37.4698114], [126.9579723, 37.4698455]]}, "properties": {"osm_id": 1544364800, "highway": "footway", "name": "", "bridge": "", "tunnel": "", "indoor": "", "layer": "", "level": "", "covered": "", "nodes": [14047950381, 14047950380]}}, {"type": "Feature", "geometry": {"type": "LineString", "coordinates": [[126.9577691, 37.4648235], [126.9577654, 37.4648607], [126.9577456, 37.4650608], [126.9577289, 37.465245]]}, "properties": {"osm_id": 1544364801, "highway": "footway", "name": "", "bridge": "", "tunnel": "", "indoor": "", "layer": "", "level": "", "covered": "", "nodes": [14047966906, 14049244785, 14047966905, 14047966904]}}, {"type": "Feature", "geometry": {"type": "LineString", "coordinates": [[126.9559641, 37.4614346], [126.9561061, 37.4613825], [126.9561792, 37.4613676], [126.956261, 37.4613686], [126.9563261, 37.4613809], [126.9563837, 37.461407], [126.9564293, 37.461449], [126.9564676, 37.4615124], [126.9564826, 37.461549], [126.9565447, 37.4617008], [126.9565903, 37.4617886], [126.9566446, 37.4618684], [126.9566828, 37.4619073], [126.9567143, 37.4619759], [126.9568216, 37.4620797], [126.956886, 37.4621143], [126.9569394, 37.4621698], [126.9571649, 37.4624039], [126.9573601, 37.4626051], [126.9574908, 37.4627307], [126.9575693, 37.4628105], [126.9576142, 37.4628802], [126.9576638, 37.4629755], [126.9576927, 37.4630468], [126.9577235, 37.4631485], [126.9577208, 37.4632305], [126.957751, 37.4633508], [126.9577845, 37.463396], [126.9578107, 37.4634989], [126.9578898, 37.4638095], [126.9579119, 37.4639181], [126.957918, 37.4640118], [126.9579153, 37.4640735], [126.9578978, 37.4641832], [126.9578187, 37.464576], [126.9577805, 37.4647505]]}, "properties": {"osm_id": 1544364802, "highway": "footway", "name": "", "bridge": "", "tunnel": "", "indoor": "", "layer": "", "level": "", "covered": "", "nodes": [14047950324, 14047966938, 14047966937, 14047966936, 14047966935, 14047966934, 14047966933, 14047966932, 14047950338, 14047966931, 14047966930, 14047966929, 14047966928, 14047966927, 14047966926, 14047966925, 14047950326, 14047966924, 14047966923, 14047966922, 14047966921, 14047966920, 14047966919, 14047966918, 14047966917, 14047966916, 14047966915, 14047966914, 14049248380, 14047966913, 14047966912, 14047966911, 14047966910, 14047966909, 14047966908, 14047966907]}}, {"type": "Feature", "geometry": {"type": "LineString", "coordinates": [[126.9550101, 37.465639], [126.9549514, 37.4657437], [126.9548669, 37.4658294]]}, "properties": {"osm_id": 1544364803, "highway": "footway", "name": "", "bridge": "", "tunnel": "", "indoor": "", "layer": "", "level": "", "covered": "", "nodes": [4531518007, 14047966942, 14047967013]}}, {"type": "Feature", "geometry": {"type": "LineString", "coordinates": [[126.9551767, 37.4657197], [126.9551092, 37.4656918], [126.9550366, 37.4656617], [126.9550101, 37.465639]]}, "properties": {"osm_id": 1544364804, "highway": "footway", "name": "", "bridge": "", "tunnel": "", "indoor": "", "layer": "", "level": "", "covered": "", "nodes": [14047966941, 1789842892, 14047966940, 4531518007]}}, {"type": "Feature", "geometry": {"type": "LineString", "coordinates": [[126.951305, 37.4658296], [126.9514313, 37.4658336], [126.9515638, 37.4658379]]}, "properties": {"osm_id": 1544364805, "highway": "footway", "name": "", "bridge": "", "tunnel": "", "indoor": "", "layer": "", "level": "", "covered": "", "nodes": [13480993830, 3927957325, 14047967035]}}, {"type": "Feature", "geometry": {"type": "LineString", "coordinates": [[126.9533461, 37.4661844], [126.9532308, 37.4661668], [126.9531255, 37.4661508]]}, "properties": {"osm_id": 1544364806, "highway": "footway", "name": "", "bridge": "", "tunnel": "", "indoor": "", "layer": "", "level": "", "covered": "", "nodes": [14047966975, 14047966959, 14047966969]}}, {"type": "Feature", "geometry": {"type": "LineString", "coordinates": [[126.9533837, 37.4661844], [126.9533927, 37.4661347], [126.9534037, 37.4660742]]}, "properties": {"osm_id": 1544364807, "highway": "footway", "name": "", "bridge": "", "tunnel": "", "indoor": "", "layer": "", "level": "", "covered": "", "nodes": [14047966974, 14047966960, 14047966961]}}, {"type": "Feature", "geometry": {"type": "LineString", "coordinates": [[126.9546021, 37.4661514], [126.954708, 37.4660891]]}, "properties": {"osm_id": 1544364808, "highway": "footway", "name": "", "bridge": "", "tunnel": "", "indoor": "", "layer": "", "level": "", "covered": "", "nodes": [14047967007, 14047967008]}}, {"type": "Feature", "geometry": {"type": "LineString", "coordinates": [[126.954008, 37.4662754], [126.9541374, 37.4662717], [126.9542259, 37.4662578], [126.9543392, 37.4662328], [126.9543667, 37.4662291], [126.9543935, 37.4662333], [126.9544049, 37.4662498], [126.9544096, 37.4662679], [126.9544076, 37.4662876], [126.9543922, 37.4663063], [126.9543593, 37.466327], [126.954252, 37.4663903], [126.9542239, 37.4664201], [126.9542125, 37.4664452], [126.9542071, 37.4664755], [126.9541937, 37.4665835], [126.9539785, 37.466822], [126.9539416, 37.4668465], [126.9539034, 37.466872]]}, "properties": {"osm_id": 1544364809, "highway": "footway", "name": "", "bridge": "", "tunnel": "", "indoor": "", "layer": "", "level": "", "covered": "", "nodes": [14047967000, 14047966999, 14047966998, 14047966997, 14047966996, 14047966995, 14047966994, 14047966993, 14047966992, 14047966991, 14047966990, 14047966989, 14047966988, 14047966987, 14047966986, 14047966985, 14047966984, 14047966983, 14047966982]}}, {"type": "Feature", "geometry": {"type": "LineString", "coordinates": [[126.9539496, 37.4662733], [126.954008, 37.4662754]]}, "properties": {"osm_id": 1544364810, "highway": "footway", "name": "", "bridge": "", "tunnel": "", "indoor": "", "layer": "", "level": "", "covered": "", "nodes": [14047966980, 14047967000]}}, {"type": "Feature", "geometry": {"type": "LineString", "coordinates": [[126.9527091, 37.4669785], [126.9531148, 37.4662094], [126.9531309, 37.4661716], [126.9531255, 37.4661508], [126.9531007, 37.4661429], [126.9528298, 37.4660987], [126.9526642, 37.4660747], [126.9525502, 37.4660582], [126.9524235, 37.4660524], [126.9523571, 37.4660769], [126.9520065, 37.4660686], [126.9519678, 37.4660679]]}, "properties": {"osm_id": 1544364811, "highway": "footway", "name": "", "bridge": "", "tunnel": "", "indoor": "", "layer": "", "level": "", "covered": "", "nodes": [14047966972, 14047966971, 14047966970, 14047966969, 14047966968, 14047966967, 14047966966, 14047966965, 14047966964, 14047966963, 4527656839, 14047966962]}}, {"type": "Feature", "geometry": {"type": "LineString", "coordinates": [[126.953562, 37.4662126], [126.9536358, 37.4662238]]}, "properties": {"osm_id": 1544364812, "highway": "footway", "name": "", "bridge": "", "tunnel": "", "indoor": "", "layer": "", "level": "", "covered": "", "nodes": [14047966973, 14047966981]}}, {"type": "Feature", "geometry": {"type": "LineString", "coordinates": [[126.9531188, 37.4664952], [126.9532341, 37.4662722], [126.9532596, 37.4662461], [126.9533113, 37.4662051], [126.9533461, 37.4661844], [126.9533837, 37.4661844], [126.953562, 37.4662126]]}, "properties": {"osm_id": 1544364813, "highway": "footway", "name": "", "bridge": "", "tunnel": "", "indoor": "", "layer": "", "level": "", "covered": "", "nodes": [14047966979, 14047966978, 14047966977, 14047966976, 14047966975, 14047966974, 14047966973]}}, {"type": "Feature", "geometry": {"type": "LineString", "coordinates": [[126.9536358, 37.4662238], [126.9539496, 37.4662733]]}, "properties": {"osm_id": 1544364814, "highway": "footway", "name": "", "bridge": "", "tunnel": "", "indoor": "", "layer": "", "level": "", "covered": "", "nodes": [14047966981, 14047966980]}}, {"type": "Feature", "geometry": {"type": "LineString", "coordinates": [[126.9543935, 37.4662333], [126.954485, 37.4661974], [126.9546021, 37.4661514]]}, "properties": {"osm_id": 1544364815, "highway": "footway", "name": "", "bridge": "", "tunnel": "", "indoor": "", "layer": "", "level": "", "covered": "", "nodes": [14047966995, 4243052789, 14047967007]}}, {"type": "Feature", "geometry": {"type": "LineString", "coordinates": [[126.954708, 37.4660891], [126.954662, 37.46604], [126.9546159, 37.4659907]]}, "properties": {"osm_id": 1544364816, "highway": "footway", "name": "", "bridge": "", "tunnel": "", "indoor": "", "layer": "", "level": "", "covered": "", "nodes": [14047967008, 7912611329, 14047967009]}}, {"type": "Feature", "geometry": {"type": "LineString", "coordinates": [[126.9532697, 37.4660529], [126.9534037, 37.4660742], [126.9537044, 37.4661221], [126.9538162, 37.4661365], [126.9539228, 37.4661508], [126.9540341, 37.4661594], [126.954126, 37.466161], [126.9542259, 37.4661514], [126.9543499, 37.4661136], [126.9544633, 37.4660721], [126.9545565, 37.4660258], [126.9546159, 37.4659907], [126.9546423, 37.4659752], [126.9548669, 37.4658294]]}, "properties": {"osm_id": 1544364817, "highway": "footway", "name": "", "bridge": "", "tunnel": "", "indoor": "", "layer": "", "level": "", "covered": "", "nodes": [14047967023, 14047966961, 4531518000, 14047967022, 14047967021, 14047967020, 14047967019, 14047967018, 14047967017, 14047967016, 14047967015, 14047967009, 14047967014, 14047967013]}}, {"type": "Feature", "geometry": {"type": "LineString", "coordinates": [[126.9530866, 37.4660178], [126.9532697, 37.4660529]]}, "properties": {"osm_id": 1544364818, "highway": "footway", "name": "", "bridge": "", "tunnel": "", "indoor": "", "layer": "", "level": "", "covered": "", "nodes": [14047967025, 14047967023]}}, {"type": "Feature", "geometry": {"type": "LineString", "coordinates": [[126.9529036, 37.4659917], [126.9530866, 37.4660178]]}, "properties": {"osm_id": 1544364819, "highway": "footway", "name": "", "bridge": "", "tunnel": "", "indoor": "", "layer": "", "level": "", "covered": "", "nodes": [14047967026, 14047967025]}}, {"type": "Feature", "geometry": {"type": "LineString", "coordinates": [[126.9527849, 37.4659784], [126.9528447, 37.4659851], [126.9529036, 37.4659917]]}, "properties": {"osm_id": 1544364820, "highway": "footway", "name": "", "bridge": "", "tunnel": "", "indoor": "", "layer": "", "level": "", "covered": "", "nodes": [14047967029, 14047967024, 14047967026]}}, {"type": "Feature", "geometry": {"type": "LineString", "coordinates": [[126.9514686, 37.4652913], [126.9515115, 37.4657501], [126.951533, 37.4658012], [126.9515638, 37.4658379], [126.9516107, 37.4658736], [126.9516671, 37.4658948], [126.9517167, 37.4659071], [126.9517566, 37.465913], [126.952011, 37.46592], [126.9523644, 37.4659316], [126.9525442, 37.4659459], [126.9527849, 37.4659784]]}, "properties": {"osm_id": 1544364821, "highway": "footway", "name": "", "bridge": "", "tunnel": "", "indoor": "", "layer": "", "level": "", "covered": "", "nodes": [14047967038, 14047967037, 14047967036, 14047967035, 14047967034, 14047967033, 14047967032, 3927957326, 4527656840, 14047967031, 14047967030, 14047967029]}}, {"type": "Feature", "geometry": {"type": "LineString", "coordinates": [[126.9490167, 37.4606933], [126.9491054, 37.4606691], [126.9491988, 37.4606437]]}, "properties": {"osm_id": 1544364822, "highway": "footway", "name": "", "bridge": "", "tunnel": "", "indoor": "", "layer": "", "level": "", "covered": "", "nodes": [14047967044, 14047967043, 14047967139]}}, {"type": "Feature", "geometry": {"type": "LineString", "coordinates": [[126.9498117, 37.4605197], [126.9497581, 37.460557], [126.9497124, 37.4605889]]}, "properties": {"osm_id": 1544364823, "highway": "footway", "name": "", "bridge": "", "tunnel": "", "indoor": "", "layer": "", "level": "", "covered": "", "nodes": [14047967052, 14047967045, 14047967147]}}, {"type": "Feature", "geometry": {"type": "LineString", "coordinates": [[126.9499511, 37.4606331], [126.9500242, 37.4606911]]}, "properties": {"osm_id": 1544364824, "highway": "footway", "name": "", "bridge": "", "tunnel": "", "indoor": "", "layer": "", "level": "", "covered": "", "nodes": [14047967058, 14047967057]}}, {"type": "Feature", "geometry": {"type": "LineString", "coordinates": [[126.9500242, 37.4606911], [126.9500823, 37.4607359], [126.9503218, 37.4609208], [126.9506448, 37.4611701]]}, "properties": {"osm_id": 1544364825, "highway": "footway", "name": "", "bridge": "", "tunnel": "", "indoor": "", "layer": "", "level": "", "covered": "", "nodes": [14047967057, 14047967056, 14047967055, 14047967062]}}, {"type": "Feature", "geometry": {"type": "LineString", "coordinates": [[126.9506737, 37.4597799], [126.9504775, 37.4599214], [126.9502576, 37.4601207], [126.9501136, 37.4602301], [126.9500665, 37.4602658], [126.9498257, 37.460476], [126.9498137, 37.4604968], [126.9498117, 37.4605197], [126.9498234, 37.4605317], [126.9498489, 37.4605519], [126.9499511, 37.4606331]]}, "properties": {"osm_id": 1544364826, "highway": "footway", "name": "", "bridge": "", "tunnel": "", "indoor": "", "layer": "", "level": "", "covered": "", "nodes": [14047967047, 14047967048, 1789861877, 14050337739, 14047967049, 14047967050, 14047967051, 14047967052, 14047967053, 14047967054, 14047967058]}}, {"type": "Feature", "geometry": {"type": "LineString", "coordinates": [[126.950733, 37.461238], [126.9507551, 37.4612199]]}, "properties": {"osm_id": 1544364827, "highway": "footway", "name": "", "bridge": "", "tunnel": "", "indoor": "", "layer": "", "level": "", "covered": "", "nodes": [14047967063, 14047967060]}}, {"type": "Feature", "geometry": {"type": "LineString", "coordinates": [[126.9508514, 37.4611411], [126.9509359, 37.4610719]]}, "properties": {"osm_id": 1544364828, "highway": "steps", "name": "", "bridge": "", "tunnel": "", "indoor": "", "layer": "", "level": "", "covered": "", "nodes": [14047967059, 1793038600]}}, {"type": "Feature", "geometry": {"type": "LineString", "coordinates": [[126.9507551, 37.4612199], [126.9508514, 37.4611411]]}, "properties": {"osm_id": 1544364829, "highway": "footway", "name": "", "bridge": "", "tunnel": "", "indoor": "", "layer": "", "level": "", "covered": "", "nodes": [14047967060, 14047967059]}}, {"type": "Feature", "geometry": {"type": "LineString", "coordinates": [[126.9507005, 37.4612129], [126.950733, 37.461238]]}, "properties": {"osm_id": 1544364830, "highway": "footway", "name": "", "bridge": "", "tunnel": "", "indoor": "", "layer": "", "level": "", "covered": "", "nodes": [14047967061, 14047967063]}}, {"type": "Feature", "geometry": {"type": "LineString", "coordinates": [[126.9506448, 37.4611701], [126.9507005, 37.4612129]]}, "properties": {"osm_id": 1544364831, "highway": "footway", "name": "", "bridge": "", "tunnel": "", "indoor": "", "layer": "", "level": "", "covered": "", "nodes": [14047967062, 14047967061]}}, {"type": "Feature", "geometry": {"type": "LineString", "coordinates": [[126.9503507, 37.4627454], [126.9503518, 37.4626972], [126.9503528, 37.4626562]]}, "properties": {"osm_id": 1544364832, "highway": "footway", "name": "", "bridge": "", "tunnel": "", "indoor": "", "layer": "", "level": "", "covered": "", "nodes": [4533976922, 1789933622, 14047967084]}}, {"type": "Feature", "geometry": {"type": "LineString", "coordinates": [[126.9499645, 37.4626327], [126.9500135, 37.4626482], [126.9500624, 37.4626572], [126.9501208, 37.4626583], [126.9503528, 37.4626562]]}, "properties": {"osm_id": 1544364833, "highway": "footway", "name": "", "bridge": "", "tunnel": "", "indoor": "", "layer": "", "level": "", "covered": "", "nodes": [14047967088, 14047967087, 14047967086, 14047967085, 14047967084]}}, {"type": "Feature", "geometry": {"type": "LineString", "coordinates": [[126.9492395, 37.4626345], [126.9493443, 37.4626338], [126.9494368, 37.4626327], [126.9495025, 37.4626248], [126.9498968, 37.4626077], [126.949935, 37.4626152], [126.9499645, 37.4626327]]}, "properties": {"osm_id": 1544364834, "highway": "footway", "name": "", "bridge": "", "tunnel": "", "indoor": "", "layer": "", "level": "", "covered": "", "nodes": [14047967094, 14047967093, 14047967092, 14047967091, 14047967090, 14047967089, 14047967088]}}, {"type": "Feature", "geometry": {"type": "LineString", "coordinates": [[126.9498499, 37.461716], [126.9496675, 37.4617258], [126.9495535, 37.4617162], [126.9494411, 37.4616995], [126.9493447, 37.4616851]]}, "properties": {"osm_id": 1544364835, "highway": "service", "name": "", "bridge": "", "tunnel": "", "indoor": "", "layer": "", "level": "", "covered": "", "nodes": [1789861868, 14047967103, 14047967102, 14047967100, 14047967101]}}, {"type": "Feature", "geometry": {"type": "LineString", "coordinates": [[126.9494288, 37.4617503], [126.9494411, 37.4616995], [126.9494556, 37.4616396]]}, "properties": {"osm_id": 1544364836, "highway": "footway", "name": "", "bridge": "", "tunnel": "", "indoor": "", "layer": "", "level": "", "covered": "", "nodes": [14047967113, 14047967100, 14047967146]}}, {"type": "Feature", "geometry": {"type": "LineString", "coordinates": [[126.9491994, 37.461902], [126.9492961, 37.4619304], [126.9493979, 37.4619616]]}, "properties": {"osm_id": 1544364837, "highway": "footway", "name": "", "bridge": "", "tunnel": "", "indoor": "", "layer": "", "level": "", "covered": "", "nodes": [14047967203, 14047967110, 14047967111]}}, {"type": "Feature", "geometry": {"type": "LineString", "coordinates": [[126.9493979, 37.4619616], [126.9494112, 37.461864], [126.9494167, 37.4618232]]}, "properties": {"osm_id": 1544364838, "highway": "footway", "name": "", "bridge": "", "tunnel": "", "indoor": "", "layer": "", "level": "", "covered": "", "nodes": [14047967111, 14047967105, 14047967112]}}, {"type": "Feature", "geometry": {"type": "LineString", "coordinates": [[126.9494288, 37.4617503], [126.9494167, 37.4618232]]}, "properties": {"osm_id": 1544364839, "highway": "footway", "name": "", "bridge": "", "tunnel": "", "indoor": "", "layer": "", "level": "", "covered": "", "nodes": [14047967113, 14047967112]}}, {"type": "Feature", "geometry": {"type": "LineString", "coordinates": [[126.9495361, 37.4565148], [126.9495613, 37.4564215], [126.9495809, 37.4563493]]}, "properties": {"osm_id": 1544364840, "highway": "footway", "name": "", "bridge": "", "tunnel": "", "indoor": "", "layer": "", "level": "", "covered": "", "nodes": [14047967123, 3927939010, 3927939013]}}, {"type": "Feature", "geometry": {"type": "LineString", "coordinates": [[126.9494556, 37.4616396], [126.949465, 37.4615464], [126.949465, 37.4614495], [126.9494536, 37.4613521], [126.9494368, 37.4612931], [126.9493577, 37.4610663], [126.9492879, 37.4608896], [126.949245, 37.4607651], [126.9491988, 37.4606437], [126.9491921, 37.4606267], [126.9491907, 37.4606112], [126.9492061, 37.4606011], [126.949361, 37.4605655], [126.9495039, 37.4605325], [126.9495468, 37.4605282], [126.9495884, 37.4605266], [126.9496266, 37.460533], [126.9496574, 37.4605495], [126.9497124, 37.4605889]]}, "properties": {"osm_id": 1544364841, "highway": "footway", "name": "", "bridge": "", "tunnel": "", "indoor": "", "layer": "", "level": "", "covered": "", "nodes": [14047967146, 14047967145, 14047967144, 14047967143, 14047967142, 14047967149, 14047967141, 14047967140, 14047967139, 14047967138, 14047967137, 14047967136, 14047967135, 14047967134, 14047967133, 14047967132, 14047967131, 14047967130, 14047967147]}}, {"type": "Feature", "geometry": {"type": "LineString", "coordinates": [[126.9493577, 37.4610663], [126.9494824, 37.4607214], [126.9497124, 37.4605889]]}, "properties": {"osm_id": 1544364842, "highway": "footway", "name": "", "bridge": "", "tunnel": "", "indoor": "", "layer": "", "level": "", "covered": "", "nodes": [14047967149, 14047967148, 14047967147]}}, {"type": "Feature", "geometry": {"type": "LineString", "coordinates": [[126.9496411, 37.4658295], [126.9496676, 37.4657492], [126.9496927, 37.4656733]]}, "properties": {"osm_id": 1544364843, "highway": "footway", "name": "", "bridge": "", "tunnel": "", "indoor": "", "layer": "", "level": "", "covered": "", "nodes": [14047967155, 14047967153, 14047967154]}}, {"type": "Feature", "geometry": {"type": "LineString", "coordinates": [[126.9498281, 37.4658665], [126.9498938, 37.4658796], [126.9499437, 37.4658895]]}, "properties": {"osm_id": 1544364844, "highway": "footway", "name": "", "bridge": "", "tunnel": "", "indoor": "", "layer": "", "level": "", "covered": "", "nodes": [5242252844, 14047967190, 14047967181]}}, {"type": "Feature", "geometry": {"type": "LineString", "coordinates": [[126.9484157, 37.466594], [126.9484484, 37.466311], [126.9485905, 37.4658422], [126.9486161, 37.4657857], [126.9486737, 37.4657501], [126.9487332, 37.4657235], [126.9488005, 37.4657011], [126.9488471, 37.4657013], [126.9490837, 37.4657429], [126.9492599, 37.4657727], [126.9493228, 37.4657666], [126.9496411, 37.4658295], [126.9498281, 37.4658665]]}, "properties": {"osm_id": 1544364845, "highway": "footway", "name": "", "bridge": "", "tunnel": "", "indoor": "", "layer": "", "level": "", "covered": "", "nodes": [4526181551, 10740734448, 4526181553, 14047967188, 14047967189, 4526181519, 14047967185, 5242252848, 5242252847, 5242252845, 14047967191, 14047967155, 5242252844]}}, {"type": "Feature", "geometry": {"type": "LineString", "coordinates": [[126.9516637, 37.4670035], [126.951496, 37.4669514], [126.9512903, 37.4668633], [126.9511907, 37.4668181], [126.9511276, 37.4668004], [126.95028, 37.4667165], [126.9502739, 37.4666891], [126.9502825, 37.4665922], [126.9502902, 37.4665068]]}, "properties": {"osm_id": 1544364846, "highway": "service", "name": "", "bridge": "", "tunnel": "", "indoor": "", "layer": "", "level": "", "covered": "", "nodes": [4243052813, 4243052806, 4243052815, 4243052816, 4243052817, 4243052818, 4243052819, 4243052822, 4243052820]}}, {"type": "Feature", "geometry": {"type": "LineString", "coordinates": [[126.9512916, 37.4660316], [126.9512872, 37.4659547], [126.9512815, 37.4658533]]}, "properties": {"osm_id": 1544364847, "highway": "footway", "name": "", "bridge": "", "tunnel": "", "indoor": "", "layer": "", "level": "", "covered": "", "nodes": [14047967177, 3927957324, 13480993831]}}, {"type": "Feature", "geometry": {"type": "LineString", "coordinates": [[126.9504242, 37.4658139], [126.9504006, 37.4658946], [126.9503769, 37.4659757]]}, "properties": {"osm_id": 1544364848, "highway": "footway", "name": "", "bridge": "", "tunnel": "", "indoor": "", "layer": "", "level": "", "covered": "", "nodes": [13480993841, 14047967179, 14047967180]}}, {"type": "Feature", "geometry": {"type": "LineString", "coordinates": [[126.9482, 37.4665823], [126.9484157, 37.466594]]}, "properties": {"osm_id": 1544364849, "highway": "footway", "name": "", "bridge": "", "tunnel": "", "indoor": "", "layer": "", "level": "", "covered": "", "nodes": [10740815066, 4526181551]}}, {"type": "Feature", "geometry": {"type": "LineString", "coordinates": [[126.9479607, 37.4665805], [126.9480219, 37.466581]]}, "properties": {"osm_id": 1544364850, "highway": "footway", "name": "", "bridge": "", "tunnel": "", "indoor": "", "layer": "", "level": "", "covered": "", "nodes": [10740734478, 14047967182]}}, {"type": "Feature", "geometry": {"type": "LineString", "coordinates": [[126.9535783, 37.4538429], [126.9535688, 37.4538282], [126.9535562, 37.4538088]]}, "properties": {"osm_id": 1544574864, "highway": "footway", "name": "", "bridge": "", "tunnel": "", "indoor": "", "layer": "", "level": "", "covered": "", "nodes": [7257052664, 10577432214, 7257052669]}}, {"type": "Feature", "geometry": {"type": "LineString", "coordinates": [[126.954706, 37.4554353], [126.9544529, 37.455083]]}, "properties": {"osm_id": 1544574865, "highway": "footway", "name": "", "bridge": "", "tunnel": "", "indoor": "", "layer": "", "level": "", "covered": "", "nodes": [14049244728, 11560054591]}}, {"type": "Feature", "geometry": {"type": "LineString", "coordinates": [[126.9547469, 37.455488], [126.954706, 37.4554353]]}, "properties": {"osm_id": 1544574866, "highway": "footway", "name": "", "bridge": "", "tunnel": "", "indoor": "", "layer": "", "level": "", "covered": "", "nodes": [14049244736, 14049244728]}}, {"type": "Feature", "geometry": {"type": "LineString", "coordinates": [[126.9544529, 37.455083], [126.9544364, 37.4550588], [126.9544039, 37.4550108]]}, "properties": {"osm_id": 1544574867, "highway": "footway", "name": "", "bridge": "", "tunnel": "", "indoor": "", "layer": "", "level": "", "covered": "", "nodes": [11560054591, 14049244719, 7257052677]}}, {"type": "Feature", "geometry": {"type": "LineString", "coordinates": [[126.9540779, 37.4545477], [126.9540561, 37.4545137], [126.9540397, 37.4544881]]}, "properties": {"osm_id": 1544574868, "highway": "footway", "name": "", "bridge": "", "tunnel": "", "indoor": "", "layer": "", "level": "", "covered": "", "nodes": [7257052662, 14049244715, 7257052665]}}, {"type": "Feature", "geometry": {"type": "LineString", "coordinates": [[126.9550835, 37.4559793], [126.9551328, 37.4560286], [126.9552062, 37.4561012]]}, "properties": {"osm_id": 1544574869, "highway": "footway", "name": "", "bridge": "", "tunnel": "", "indoor": "", "layer": "", "level": "", "covered": "", "nodes": [14049244732, 14049244731, 14049244737]}}, {"type": "Feature", "geometry": {"type": "LineString", "coordinates": [[126.9552062, 37.4561012], [126.9552287, 37.4561273], [126.9552663, 37.4561646], [126.9553766, 37.4563014], [126.9554872, 37.4564467], [126.9555878, 37.4565627], [126.9556327, 37.4566181], [126.9557527, 37.4567549], [126.9559425, 37.4569747], [126.9560129, 37.4570577], [126.9560827, 37.4571552], [126.9561504, 37.4572616], [126.9561966, 37.4573287], [126.9562154, 37.4573622], [126.9562275, 37.457392], [126.9562577, 37.457516], [126.956316, 37.4577455], [126.9563938, 37.458067], [126.9564843, 37.4583948], [126.9565199, 37.4584938], [126.9565406, 37.4585391], [126.9565822, 37.4586115], [126.9566412, 37.4586966], [126.9566815, 37.4587616], [126.9569021, 37.4590554], [126.9569899, 37.459181], [126.9570342, 37.4592486], [126.9570684, 37.4593189], [126.9570999, 37.4593923], [126.9571133, 37.4594429], [126.9571227, 37.4595062], [126.957126, 37.4596074], [126.95712, 37.4596601], [126.9571106, 37.4597293], [126.9570704, 37.4598272], [126.9570067, 37.4599549], [126.9569135, 37.4601508]]}, "properties": {"osm_id": 1544574870, "highway": "footway", "name": "", "bridge": "", "tunnel": "", "indoor": "", "layer": "", "level": "", "covered": "", "nodes": [14049244737, 14049244729, 14049244738, 14049244730, 14049244739, 14049244740, 14049244741, 14049244742, 14049244743, 14049244744, 14049244745, 14049244746, 14049244747, 14049244748, 14049244749, 14049244750, 14049244751, 14049244752, 14049244753, 14049244754, 14049244755, 14049244756, 14049244757, 14049244758, 14049244759, 14049244760, 14049244761, 14049244762, 14049244763, 14049244764, 14049244765, 14049244766, 14049244767, 14049244768, 14049244769, 14049244770, 14049244772]}}, {"type": "Feature", "geometry": {"type": "LineString", "coordinates": [[126.9569135, 37.4601508], [126.9568465, 37.4602406], [126.9567733, 37.4603387]]}, "properties": {"osm_id": 1544574871, "highway": "footway", "name": "", "bridge": "", "tunnel": "", "indoor": "", "layer": "", "level": "", "covered": "", "nodes": [14049244772, 14049244771, 14047950359]}}, {"type": "Feature", "geometry": {"type": "LineString", "coordinates": [[126.9579722, 37.4685731], [126.957982, 37.4687015], [126.9580816, 37.4694468], [126.9581272, 37.4697577], [126.9581394, 37.4698305], [126.9581728, 37.4700291], [126.9582801, 37.4706113], [126.9583176, 37.4707731], [126.9583511, 37.470888], [126.9584329, 37.4710992], [126.9584638, 37.4712308], [126.9584785, 37.4713255], [126.9584785, 37.4714383], [126.9584839, 37.4715118], [126.958504, 37.4715927], [126.9586153, 37.4719269], [126.9588406, 37.4725165], [126.9588276, 37.4726446]]}, "properties": {"osm_id": 1544574872, "highway": "residential", "name": "낙성대로", "bridge": "", "tunnel": "", "indoor": "", "layer": "", "level": "", "covered": "", "nodes": [14049248419, 14049248412, 14049248435, 14049248434, 14049248411, 14049248433, 14049248432, 14049248431, 14049248430, 14049248429, 14049248428, 14049248427, 14049248426, 14049248425, 14049248424, 14049248423, 14049248422, 436830046]}}, {"type": "Feature", "geometry": {"type": "LineString", "coordinates": [[126.9576554, 37.4668427], [126.9577216, 37.4668408], [126.9578116, 37.4668381], [126.9578721, 37.4668363]]}, "properties": {"osm_id": 1544574873, "highway": "footway", "name": "", "bridge": "", "tunnel": "", "indoor": "", "layer": "", "level": "", "covered": "", "nodes": [14049244776, 14049244773, 14049244774, 14049244775]}}, {"type": "Feature", "geometry": {"type": "LineString", "coordinates": [[126.9576498, 37.4665399], [126.9577017, 37.4665396], [126.9577847, 37.4665392], [126.9578512, 37.4665388]]}, "properties": {"osm_id": 1544574874, "highway": "footway", "name": "", "bridge": "", "tunnel": "", "indoor": "", "layer": "", "level": "", "covered": "", "nodes": [14047950398, 14049244777, 14049244778, 14049244779]}}, {"type": "Feature", "geometry": {"type": "LineString", "coordinates": [[126.9584068, 37.464643], [126.9583917, 37.4646966], [126.9583768, 37.4647492]]}, "properties": {"osm_id": 1544574875, "highway": "footway", "name": "", "bridge": "", "tunnel": "", "indoor": "", "layer": "", "level": "", "covered": "", "nodes": [14049248556, 14049244780, 14049244782]}}, {"type": "Feature", "geometry": {"type": "LineString", "coordinates": [[126.9579676, 37.4648767], [126.957913, 37.4648724], [126.9578243, 37.4648654], [126.9577654, 37.4648607]]}, "properties": {"osm_id": 1544574876, "highway": "footway", "name": "", "bridge": "", "tunnel": "", "indoor": "", "layer": "", "level": "", "covered": "", "nodes": [14049248327, 14049244784, 14049244783, 14049244785]}}, {"type": "Feature", "geometry": {"type": "LineString", "coordinates": [[126.9577114, 37.4654967], [126.9577693, 37.4654996], [126.9578634, 37.4655043], [126.9579247, 37.4655074]]}, "properties": {"osm_id": 1544574877, "highway": "footway", "name": "", "bridge": "", "tunnel": "", "indoor": "", "layer": "", "level": "", "covered": "", "nodes": [14047966902, 14049244786, 14049244787, 14049248330]}}, {"type": "Feature", "geometry": {"type": "LineString", "coordinates": [[126.9577052, 37.4678007], [126.9577997, 37.4677937], [126.9578926, 37.4677868], [126.9579571, 37.4677821]]}, "properties": {"osm_id": 1544574878, "highway": "footway", "name": "", "bridge": "", "tunnel": "", "indoor": "", "layer": "", "level": "", "covered": "", "nodes": [14049244791, 14049244788, 14049244789, 14049244790]}}, {"type": "Feature", "geometry": {"type": "LineString", "coordinates": [[126.9579723, 37.4698455], [126.9580775, 37.4704282], [126.9581285, 37.4707199], [126.9581687, 37.4708582], [126.9582358, 37.4710413], [126.958272, 37.4711328], [126.9582982, 37.4712441], [126.9583089, 37.4713228], [126.9583116, 37.4713851], [126.9583136, 37.4715038], [126.958325, 37.4715538], [126.9584249, 37.471821], [126.9584329, 37.4718465], [126.9584296, 37.4718651], [126.9584222, 37.4718806]]}, "properties": {"osm_id": 1544574879, "highway": "footway", "name": "", "bridge": "", "tunnel": "", "indoor": "", "layer": "", "level": "", "covered": "", "nodes": [14047950380, 14049248304, 14049248303, 14049248302, 14049248301, 14049248490, 14049244800, 14049244799, 14049244798, 14049244797, 14049244796, 14049244795, 14049244794, 14049244793, 14049244792]}}, {"type": "Feature", "geometry": {"type": "LineString", "coordinates": [[126.9586487, 37.468432], [126.9586568, 37.4684726], [126.9586654, 37.4685162]]}, "properties": {"osm_id": 1544574880, "highway": "footway", "name": "", "bridge": "", "tunnel": "", "indoor": "", "layer": "", "level": "", "covered": "", "nodes": [14049248307, 14049248305, 14049248306]}}, {"type": "Feature", "geometry": {"type": "LineString", "coordinates": [[126.9579632, 37.4678162], [126.957968, 37.4678732], [126.9579713, 37.4679117]]}, "properties": {"osm_id": 1544574881, "highway": "footway", "name": "", "bridge": "", "tunnel": "", "indoor": "", "layer": "", "level": "", "covered": "", "nodes": [14049248349, 14049248308, 14049248443]}}, {"type": "Feature", "geometry": {"type": "LineString", "coordinates": [[126.9578999, 37.4657772], [126.9579072, 37.4656958]]}, "properties": {"osm_id": 1544574882, "highway": "footway", "name": "", "bridge": "", "tunnel": "", "indoor": "", "layer": "", "level": "", "covered": "", "nodes": [14049248332, 14049248331]}}, {"type": "Feature", "geometry": {"type": "LineString", "coordinates": [[126.958034, 37.4663334], [126.958046, 37.4663786], [126.9580655, 37.4664404], [126.9580695, 37.466483], [126.9580635, 37.4665181], [126.958038, 37.4665436], [126.9579401, 37.4665841], [126.9578811, 37.4665963], [126.9578596, 37.4665873], [126.9578509, 37.4665729], [126.9578512, 37.4665388], [126.9578522, 37.466409], [126.9578999, 37.4657772]]}, "properties": {"osm_id": 1544574883, "highway": "footway", "name": "", "bridge": "", "tunnel": "", "indoor": "", "layer": "", "level": "", "covered": "", "nodes": [14049248372, 14049248371, 14049248370, 14049248369, 14049248368, 14049248367, 14049248366, 14049248365, 14049248364, 14049248363, 14049244779, 14049248362, 14049248332]}}, {"type": "Feature", "geometry": {"type": "LineString", "coordinates": [[126.9578911, 37.4667001], [126.9578864, 37.4666512], [126.9578811, 37.4665963]]}, "properties": {"osm_id": 1544574884, "highway": "footway", "name": "", "bridge": "", "tunnel": "", "indoor": "", "layer": "", "level": "", "covered": "", "nodes": [14049248356, 14049248333, 14049248365]}}, {"type": "Feature", "geometry": {"type": "LineString", "coordinates": [[126.9582385, 37.4666698], [126.9581922, 37.46664], [126.958152, 37.4666261], [126.9581292, 37.4666235], [126.9581037, 37.4666304], [126.9578911, 37.4667001], [126.957875, 37.4667113], [126.9578657, 37.4667453], [126.9578721, 37.4668363], [126.9578744, 37.4668677], [126.9578878, 37.4670498], [126.9579206, 37.467326], [126.9579571, 37.4677821], [126.9579589, 37.4678037], [126.9579632, 37.4678162], [126.957978, 37.4678215], [126.9579998, 37.4678217], [126.9585878, 37.4677592], [126.9586026, 37.4677534], [126.958616, 37.4677395], [126.9586576, 37.4676863], [126.9586717, 37.4676693], [126.9587139, 37.4676459], [126.9587595, 37.467624], [126.9588071, 37.4676033], [126.9588728, 37.4675857], [126.9589245, 37.4675772], [126.9589768, 37.4675767], [126.959023, 37.4675799], [126.9590626, 37.4675868]]}, "properties": {"osm_id": 1544574885, "highway": "footway", "name": "", "bridge": "", "tunnel": "", "indoor": "", "layer": "", "level": "", "covered": "", "nodes": [14049248361, 14049248360, 14049248359, 14049248358, 14049248357, 14049248356, 14049248355, 14049248354, 14049244775, 14049248353, 14049248352, 14049248351, 14049244790, 14049248350, 14049248349, 14049248348, 14049248347, 14049248346, 14049248345, 14049248344, 14049248343, 14049248342, 14049248341, 14049248340, 14049248339, 14049248338, 14049248337, 14049248336, 14049248335, 14049248334]}}, {"type": "Feature", "geometry": {"type": "LineString", "coordinates": [[126.9579072, 37.4656958], [126.9579126, 37.4656756], [126.9579247, 37.4655074], [126.9579508, 37.4650395], [126.9579676, 37.4648767], [126.9579803, 37.4648293], [126.9580024, 37.4647857], [126.958032, 37.4647548], [126.9580708, 37.4647368], [126.9581091, 37.464725], [126.9581614, 37.4647154], [126.958211, 37.4647138], [126.9582626, 37.4647239], [126.9583768, 37.4647492], [126.9585295, 37.464783], [126.9586354, 37.4648118], [126.9587387, 37.4648448], [126.9588748, 37.4649022], [126.9590056, 37.4649661], [126.9590767, 37.4650103], [126.9591182, 37.4650497], [126.9591457, 37.4650997], [126.9591538, 37.4651385], [126.9591484, 37.4651582], [126.9591042, 37.465212]]}, "properties": {"osm_id": 1544574886, "highway": "footway", "name": "", "bridge": "", "tunnel": "", "indoor": "", "layer": "", "level": "", "covered": "", "nodes": [14049248331, 14049248329, 14049248330, 14049248328, 14049248327, 14049248326, 14049248325, 14049248324, 14049248389, 14049248323, 14049248322, 14049248321, 14049248320, 14049244782, 14049248319, 14049248318, 14049248317, 14049248316, 14049248315, 14049248314, 14049248313, 14049248312, 14049248311, 14049248310, 14049248309]}}, {"type": "Feature", "geometry": {"type": "LineString", "coordinates": [[126.9578107, 37.4634989], [126.957916, 37.4634796], [126.9580347, 37.4634578]]}, "properties": {"osm_id": 1544574887, "highway": "footway", "name": "", "bridge": "", "tunnel": "", "indoor": "", "layer": "", "level": "", "covered": "", "nodes": [14049248380, 14049248378, 14049248379]}}, {"type": "Feature", "geometry": {"type": "LineString", "coordinates": [[126.9585536, 37.4637164], [126.9585588, 37.4636669], [126.9585635, 37.4636238]]}, "properties": {"osm_id": 1544574888, "highway": "footway", "name": "", "bridge": "", "tunnel": "", "indoor": "", "layer": "", "level": "", "covered": "", "nodes": [14049248537, 4752760633, 14049248381]}}, {"type": "Feature", "geometry": {"type": "LineString", "coordinates": [[126.9581064, 37.4636752], [126.9580961, 37.4636189], [126.9580834, 37.4635493]]}, "properties": {"osm_id": 1544574889, "highway": "footway", "name": "", "bridge": "", "tunnel": "", "indoor": "", "layer": "", "level": "", "covered": "", "nodes": [14049248541, 14049248382, 14049248387]}}, {"type": "Feature", "geometry": {"type": "LineString", "coordinates": [[126.9578234, 37.4627807], [126.9577378, 37.4626697]]}, "properties": {"osm_id": 1544574890, "highway": "footway", "name": "", "bridge": "", "tunnel": "", "indoor": "", "layer": "", "level": "", "covered": "", "nodes": [14049248568, 4752760182]}}, {"type": "Feature", "geometry": {"type": "LineString", "coordinates": [[126.9585299, 37.4636199], [126.958538, 37.4635199]]}, "properties": {"osm_id": 1544574891, "highway": "footway", "name": "", "bridge": "", "tunnel": "", "indoor": "", "layer": "", "level": "", "covered": "", "nodes": [14049248383, 11022811364]}}, {"type": "Feature", "geometry": {"type": "LineString", "coordinates": [[126.9580849, 37.4645882], [126.9580789, 37.4646515], [126.9580708, 37.4647368]]}, "properties": {"osm_id": 1544574892, "highway": "footway", "name": "", "bridge": "", "tunnel": "", "indoor": "", "layer": "", "level": "", "covered": "", "nodes": [14049248553, 14047950321, 14049248389]}}, {"type": "Feature", "geometry": {"type": "LineString", "coordinates": [[126.9578915, 37.4685849], [126.9578777, 37.4684766], [126.9578071, 37.4678901], [126.9577997, 37.4677937], [126.9577692, 37.4673945], [126.9577376, 37.4670666], [126.9577216, 37.4668408], [126.9577121, 37.4667138], [126.9577089, 37.466672], [126.9577013, 37.4665727], [126.9577017, 37.4665396], [126.957705, 37.4662261], [126.9577693, 37.4654996], [126.9578243, 37.4648654], [126.957915, 37.4646426]]}, "properties": {"osm_id": 1544574893, "highway": "residential", "name": "낙성대로", "bridge": "", "tunnel": "", "indoor": "", "layer": "", "level": "", "covered": "", "nodes": [1789842696, 14049248416, 4747978454, 14049244788, 1789842877, 1789842709, 14049244773, 2567736521, 14191105195, 1789842875, 14049244777, 7265044508, 14049244786, 14049244783, 14049248575]}}, {"type": "Feature", "geometry": {"type": "LineString", "coordinates": [[126.9588276, 37.4726446], [126.9587398, 37.4725419], [126.9585443, 37.4720098], [126.9584429, 37.4716939], [126.9584142, 37.471599], [126.9583994, 37.4715112], [126.9583914, 37.4714426], [126.9583867, 37.4713308], [126.9583739, 37.4712425], [126.9583465, 37.4711173], [126.9582754, 37.4709258], [126.9582278, 37.47078], [126.9581902, 37.4706145], [126.9580872, 37.4700338], [126.9580568, 37.4698843], [126.9580503, 37.4698385], [126.9579609, 37.4692074], [126.9579166, 37.4688923], [126.9579043, 37.4687068], [126.9578915, 37.4685849]]}, "properties": {"osm_id": 1544574894, "highway": "residential", "name": "낙성대로", "bridge": "", "tunnel": "", "indoor": "", "layer": "", "level": "", "covered": "", "nodes": [436830046, 2055467288, 7413201171, 436830044, 14049248488, 14049248487, 14049248486, 14049248485, 14049248484, 436830043, 14049248481, 14049248482, 14049248483, 436830042, 14049248479, 14049248410, 14049248480, 14049248461, 14049248413, 1789842696]}}, {"type": "Feature", "geometry": {"type": "LineString", "coordinates": [[126.9583297, 37.4699716], [126.9583431, 37.4700828], [126.9582794, 37.4701414], [126.9583257, 37.4704027], [126.9583337, 37.4704798], [126.9583813, 37.4707055], [126.9584202, 37.4708401], [126.9585114, 37.4710818], [126.9585396, 37.4712111], [126.9585563, 37.4713122], [126.9585583, 37.4713585], [126.958559, 37.4715032], [126.9585664, 37.4715591], [126.9585805, 37.4716033], [126.9586878, 37.4719168], [126.9587287, 37.4720455], [126.9588111, 37.4722478], [126.9589298, 37.472557]]}, "properties": {"osm_id": 1544574896, "highway": "footway", "name": "", "bridge": "", "tunnel": "", "indoor": "", "layer": "", "level": "", "covered": "", "nodes": [14049248409, 14049248408, 14049248407, 14049248406, 14049248405, 14049248404, 14049248403, 14049248489, 14049248402, 14049248401, 14049248400, 14049248399, 14049248398, 14049248397, 14049248396, 14049248395, 14049248394, 14049248393]}}, {"type": "Feature", "geometry": {"type": "LineString", "coordinates": [[126.9583102, 37.4698487], [126.9583297, 37.4699716]]}, "properties": {"osm_id": 1544574897, "highway": "footway", "name": "", "bridge": "", "tunnel": "", "indoor": "", "layer": "", "level": "", "covered": "", "nodes": [14049248462, 14049248409]}}, {"type": "Feature", "geometry": {"type": "LineString", "coordinates": [[126.9578375, 37.4687113], [126.9579043, 37.4687068], [126.957982, 37.4687015], [126.9580446, 37.4686973]]}, "properties": {"osm_id": 1544574898, "highway": "footway", "name": "", "bridge": "", "tunnel": "", "indoor": "", "layer": "", "level": "", "covered": "", "nodes": [14047950386, 14049248413, 14049248412, 14049248414]}}, {"type": "Feature", "geometry": {"type": "LineString", "coordinates": [[126.9578113, 37.4684798], [126.9578777, 37.4684766], [126.9579662, 37.4684723], [126.9580212, 37.4684697]]}, "properties": {"osm_id": 1544574899, "highway": "footway", "name": "", "bridge": "", "tunnel": "", "indoor": "", "layer": "", "level": "", "covered": "", "nodes": [14049248418, 14049248416, 14049248415, 14049248417]}}, {"type": "Feature", "geometry": {"type": "LineString", "coordinates": [[126.9580635, 37.468515], [126.9580713, 37.4685587], [126.95808, 37.468607]]}, "properties": {"osm_id": 1544574900, "highway": "footway", "name": "", "bridge": "", "tunnel": "", "indoor": "", "layer": "", "level": "", "covered": "", "nodes": [14049248448, 14049248420, 14049248421]}}, {"type": "Feature", "geometry": {"type": "LineString", "coordinates": [[126.9586717, 37.4683228], [126.9586827, 37.4684144], [126.9586787, 37.4684221], [126.9586713, 37.4684287], [126.9586487, 37.468432], [126.9580802, 37.4685134], [126.9580635, 37.468515], [126.958036, 37.4685096], [126.9580239, 37.4684937], [126.9580212, 37.4684697], [126.9579615, 37.4679338], [126.9579636, 37.467921], [126.9579713, 37.4679117]]}, "properties": {"osm_id": 1544574901, "highway": "footway", "name": "", "bridge": "", "tunnel": "", "indoor": "", "layer": "", "level": "", "covered": "", "nodes": [14049248453, 14049248452, 14049248451, 14049248450, 14049248307, 14049248449, 14049248448, 14049248447, 14049248446, 14049248417, 14049248445, 14049248444, 14049248443]}}, {"type": "Feature", "geometry": {"type": "LineString", "coordinates": [[126.9582874, 37.4698173], [126.9581394, 37.4698305], [126.9580503, 37.4698385], [126.9579723, 37.4698455]]}, "properties": {"osm_id": 1544574902, "highway": "footway", "name": "", "bridge": "", "tunnel": "", "indoor": "", "layer": "", "level": "", "covered": "", "nodes": [14049248464, 14049248411, 14049248410, 14047950380]}}, {"type": "Feature", "geometry": {"type": "LineString", "coordinates": [[126.959194, 37.4684378], [126.9586654, 37.4685162], [126.95808, 37.468607], [126.9580561, 37.4686166], [126.9580366, 37.4686326], [126.9580373, 37.4686539], [126.9580446, 37.4686973], [126.9581091, 37.4690844], [126.9581372, 37.4691201], [126.9581533, 37.4692281], [126.9581413, 37.4692611], [126.9581982, 37.469623], [126.9582465, 37.4696741], [126.9582747, 37.4697268], [126.9582874, 37.4698173], [126.9582941, 37.4698391], [126.9583102, 37.4698487]]}, "properties": {"osm_id": 1544574903, "highway": "footway", "name": "", "bridge": "", "tunnel": "", "indoor": "", "layer": "", "level": "", "covered": "", "nodes": [14049248475, 14049248306, 14049248421, 14049248474, 14049248473, 14049248472, 14049248414, 14049248471, 14049248470, 14049248469, 14049248468, 14049248467, 14049248466, 14049248465, 14049248464, 14049248463, 14049248462]}}, {"type": "Feature", "geometry": {"type": "LineString", "coordinates": [[126.958272, 37.4711328], [126.9583465, 37.4711173], [126.9584329, 37.4710992], [126.9585114, 37.4710818]]}, "properties": {"osm_id": 1544574904, "highway": "footway", "name": "", "bridge": "", "tunnel": "", "indoor": "", "layer": "", "level": "", "covered": "", "nodes": [14049248490, 436830043, 14049248429, 14049248489]}}, {"type": "Feature", "geometry": {"type": "LineString", "coordinates": [[126.9589023, 37.4645877], [126.9588071, 37.4646164], [126.9587132, 37.4646281], [126.9585684, 37.4646356], [126.9584068, 37.464643], [126.9582512, 37.4646276], [126.9581097, 37.464601], [126.9580849, 37.4645882], [126.9580675, 37.4645696], [126.9580594, 37.4645494], [126.9580608, 37.4645094], [126.9581097, 37.4642455], [126.9581278, 37.464156], [126.9581466, 37.4640379], [126.9581486, 37.4639905], [126.9581473, 37.4639575], [126.9581272, 37.4638266], [126.9580963, 37.463702], [126.958099, 37.463685], [126.9581064, 37.4636752], [126.9581312, 37.4636701], [126.9581533, 37.4636722], [126.9582606, 37.4636818], [126.9585536, 37.4637164], [126.9586033, 37.463727], [126.9587555, 37.4637569]]}, "properties": {"osm_id": 1544574905, "highway": "footway", "name": "", "bridge": "", "tunnel": "", "indoor": "", "layer": "", "level": "", "covered": "", "nodes": [14049248560, 14049248559, 14049248558, 14049248557, 14049248556, 14049248555, 14049248554, 14049248553, 14049248552, 14049248551, 14049248550, 14049248549, 14049248548, 14049248547, 14049248546, 14049248545, 14049248544, 14049248543, 14049248542, 14049248541, 14049248540, 14049248539, 14049248538, 14049248537, 14049248536, 14049248535]}}, {"type": "Feature", "geometry": {"type": "LineString", "coordinates": [[126.9586509, 37.4636339], [126.9585635, 37.4636238], [126.9585299, 37.4636199], [126.95815, 37.4635759], [126.9581128, 37.4635629], [126.9580834, 37.4635493], [126.9580729, 37.4635386], [126.9580547, 37.4635157], [126.9580434, 37.4634929], [126.9580347, 37.4634578], [126.9579495, 37.4631139], [126.9579415, 37.4630921], [126.9579233, 37.463042], [126.9579092, 37.4629808], [126.9578784, 37.4629031], [126.9578482, 37.4628361], [126.9578234, 37.4627807]]}, "properties": {"osm_id": 1544574906, "highway": "footway", "name": "", "bridge": "", "tunnel": "", "indoor": "", "layer": "", "level": "", "covered": "", "nodes": [14049248384, 14049248381, 14049248383, 14049248385, 14049248386, 14049248387, 14049248388, 14049248561, 14049248562, 14049248379, 14049248563, 14049248377, 14049248564, 14049248565, 14049248566, 14049248567, 14049248568]}}, {"type": "Feature", "geometry": {"type": "LineString", "coordinates": [[126.957915, 37.4646426], [126.957913, 37.4648724], [126.9578634, 37.4655043], [126.9577999, 37.4662333], [126.9577879, 37.4664068], [126.9577847, 37.4665392], [126.9577838, 37.466575], [126.9577939, 37.4666677], [126.9577958, 37.4666855], [126.9578116, 37.4668381], [126.9578522, 37.4673276], [126.9578926, 37.4677868], [126.9579008, 37.4678802], [126.9579072, 37.4679535], [126.9579662, 37.4684723], [126.9579722, 37.4685731]]}, "properties": {"osm_id": 1544574907, "highway": "residential", "name": "낙성대로", "bridge": "", "tunnel": "", "indoor": "", "layer": "", "level": "", "covered": "", "nodes": [14049248575, 14049244784, 14049244787, 14049248440, 14049248439, 14049244778, 14049248438, 14191105196, 14049248390, 14049244774, 14049248437, 14049244789, 14049248391, 14049248436, 14049248415, 14049248419]}}, {"type": "Feature", "geometry": {"type": "LineString", "coordinates": [[126.9498633, 37.4602269], [126.9499481, 37.4601753], [126.9500041, 37.4601412]]}, "properties": {"osm_id": 1544714422, "highway": "footway", "name": "", "bridge": "", "tunnel": "", "indoor": "", "layer": "", "level": "", "covered": "", "nodes": [14050364117, 14050337738, 14050337740]}}, {"type": "Feature", "geometry": {"type": "LineString", "coordinates": [[126.9500041, 37.4601412], [126.9500631, 37.4601891], [126.9501136, 37.4602301]]}, "properties": {"osm_id": 1544714423, "highway": "footway", "name": "", "bridge": "", "tunnel": "", "indoor": "", "layer": "", "level": "", "covered": "", "nodes": [14050337740, 14047967114, 14050337739]}}, {"type": "Feature", "geometry": {"type": "LineString", "coordinates": [[126.9545042, 37.4619504], [126.9545042, 37.4619786], [126.9545102, 37.4620377], [126.9545196, 37.4621723], [126.954533, 37.4623129]]}, "properties": {"osm_id": 1544714424, "highway": "footway", "name": "", "bridge": "", "tunnel": "", "indoor": "", "layer": "", "level": "", "covered": "", "nodes": [14050337745, 14050337746, 14050337747, 14050337748, 14050337764]}}, {"type": "Feature", "geometry": {"type": "LineString", "coordinates": [[126.954533, 37.4623129], [126.9545411, 37.4624161]]}, "properties": {"osm_id": 1544714425, "highway": "footway", "name": "", "bridge": "", "tunnel": "", "indoor": "", "layer": "", "level": "", "covered": "", "nodes": [14050337764, 14050337763]}}, {"type": "Feature", "geometry": {"type": "LineString", "coordinates": [[126.954655, 37.4615656], [126.9545833, 37.4616263], [126.9545397, 37.4617198], [126.9545337, 37.4617503], [126.9545122, 37.4618695], [126.9545042, 37.4619504]]}, "properties": {"osm_id": 1544714426, "highway": "path", "name": "", "bridge": "", "tunnel": "", "indoor": "", "layer": "", "level": "", "covered": "", "nodes": [14050337769, 14050337741, 14050337742, 14050337743, 14050337744, 14050337745]}}, {"type": "Feature", "geometry": {"type": "LineString", "coordinates": [[126.9551385, 37.4641172], [126.9551466, 37.4641491], [126.955158, 37.4642385], [126.9551633, 37.4643141], [126.9551687, 37.4644152], [126.955172, 37.4645781]]}, "properties": {"osm_id": 1544714427, "highway": "footway", "name": "", "bridge": "", "tunnel": "", "indoor": "", "layer": "", "level": "", "covered": "", "nodes": [14050337754, 14050337753, 14050337752, 14050337751, 14050337750, 14050337749]}}, {"type": "Feature", "geometry": {"type": "LineString", "coordinates": [[126.9550963, 37.4640288], [126.9551385, 37.4641172]]}, "properties": {"osm_id": 1544714428, "highway": "footway", "name": "", "bridge": "", "tunnel": "", "indoor": "", "layer": "", "level": "", "covered": "", "nodes": [14050337755, 14050337754]}}, {"type": "Feature", "geometry": {"type": "LineString", "coordinates": [[126.955172, 37.4645781], [126.955166, 37.4646893]]}, "properties": {"osm_id": 1544714429, "highway": "footway", "name": "", "bridge": "", "tunnel": "", "indoor": "", "layer": "", "level": "", "covered": "", "nodes": [14050337749, 14047966943]}}, {"type": "Feature", "geometry": {"type": "LineString", "coordinates": [[126.9545411, 37.4624161], [126.9545934, 37.462991], [126.9546121, 37.4630836], [126.9546819, 37.4632741], [126.9547328, 37.4633795], [126.9548951, 37.4636893], [126.9550762, 37.4639841], [126.9550909, 37.4640139], [126.9550963, 37.4640288]]}, "properties": {"osm_id": 1544714430, "highway": "footway", "name": "", "bridge": "", "tunnel": "", "indoor": "", "layer": "", "level": "", "covered": "", "nodes": [14050337763, 14050337762, 14050337761, 14050337760, 14050337759, 14050337758, 14050337757, 14050337756, 14050337755]}}, {"type": "Feature", "geometry": {"type": "LineString", "coordinates": [[126.9550567, 37.461432], [126.9553494, 37.4613851]]}, "properties": {"osm_id": 1544714431, "highway": "footway", "name": "", "bridge": "", "tunnel": "", "indoor": "", "layer": "", "level": "", "covered": "", "nodes": [14050337765, 14047950372]}}, {"type": "Feature", "geometry": {"type": "LineString", "coordinates": [[126.954655, 37.4615656], [126.9548301, 37.4614953], [126.9549092, 37.4614714], [126.9550064, 37.4614485], [126.9550567, 37.461432]]}, "properties": {"osm_id": 1544714432, "highway": "footway", "name": "", "bridge": "", "tunnel": "", "indoor": "", "layer": "", "level": "", "covered": "", "nodes": [14050337769, 14050337768, 14050337767, 14050337766, 14050337765]}}, {"type": "Feature", "geometry": {"type": "LineString", "coordinates": [[126.9542658, 37.4647917], [126.9548069, 37.4655789]]}, "properties": {"osm_id": 1544714433, "highway": "service", "name": "", "bridge": "", "tunnel": "", "indoor": "", "layer": "", "level": "", "covered": "", "nodes": [4514838232, 14050337770]}}, {"type": "Feature", "geometry": {"type": "LineString", "coordinates": [[126.949036, 37.4576961], [126.9491441, 37.4577121], [126.9492386, 37.4577261]]}, "properties": {"osm_id": 1544714434, "highway": "footway", "name": "", "bridge": "", "tunnel": "", "indoor": "", "layer": "", "level": "", "covered": "", "nodes": [14050337773, 14050337771, 14050337772]}}, {"type": "Feature", "geometry": {"type": "LineString", "coordinates": [[126.9492779, 37.4575474], [126.9493003, 37.4574631], [126.9493208, 37.4573856]]}, "properties": {"osm_id": 1544714435, "highway": "footway", "name": "", "bridge": "", "tunnel": "", "indoor": "", "layer": "", "level": "", "covered": "", "nodes": [14050337783, 14050337774, 14050337778]}}, {"type": "Feature", "geometry": {"type": "LineString", "coordinates": [[126.9493248, 37.4573707], [126.9493208, 37.4573856]]}, "properties": {"osm_id": 1544714436, "highway": "footway", "name": "", "bridge": "", "tunnel": "", "indoor": "", "layer": "", "level": "", "covered": "", "nodes": [14047967121, 14050337778]}}, {"type": "Feature", "geometry": {"type": "LineString", "coordinates": [[126.9491246, 37.45734], [126.9492333, 37.4573567], [126.9493248, 37.4573707]]}, "properties": {"osm_id": 1544714437, "highway": "footway", "name": "", "bridge": "", "tunnel": "", "indoor": "", "layer": "", "level": "", "covered": "", "nodes": [14050337776, 14050337775, 14047967121]}}, {"type": "Feature", "geometry": {"type": "LineString", "coordinates": [[126.9490955, 37.4582815], [126.9491894, 37.4579499], [126.9492386, 37.4577261], [126.9492779, 37.4575474]]}, "properties": {"osm_id": 1544714438, "highway": "footway", "name": "", "bridge": "", "tunnel": "", "indoor": "", "layer": "", "level": "", "covered": "", "nodes": [14050337785, 14050337784, 14050337772, 14050337783]}}, {"type": "Feature", "geometry": {"type": "LineString", "coordinates": [[126.9490757, 37.4584004], [126.9490854, 37.4583423], [126.9490955, 37.4582815]]}, "properties": {"osm_id": 1544714439, "highway": "footway", "name": "", "bridge": "", "tunnel": "", "indoor": "", "layer": "", "level": "", "covered": "", "nodes": [14050337794, 14050337782, 14050337785]}}, {"type": "Feature", "geometry": {"type": "LineString", "coordinates": [[126.9492451, 37.4583528], [126.9490854, 37.4583423], [126.9489892, 37.458336]]}, "properties": {"osm_id": 1544714440, "highway": "service", "name": "", "bridge": "", "tunnel": "", "indoor": "", "layer": "", "level": "", "covered": "", "nodes": [14050337786, 14050337782, 1793042680]}}, {"type": "Feature", "geometry": {"type": "LineString", "coordinates": [[126.9488333, 37.4584571], [126.9489538, 37.4584746], [126.9490466, 37.458488]]}, "properties": {"osm_id": 1544714441, "highway": "footway", "name": "", "bridge": "", "tunnel": "", "indoor": "", "layer": "", "level": "", "covered": "", "nodes": [14050364249, 14050337787, 14050337796]}}, {"type": "Feature", "geometry": {"type": "LineString", "coordinates": [[126.9486167, 37.4594221], [126.9487213, 37.4594257], [126.9488199, 37.4594291]]}, "properties": {"osm_id": 1544714442, "highway": "footway", "name": "", "bridge": "", "tunnel": "", "indoor": "", "layer": "", "level": "", "covered": "", "nodes": [14050364246, 1789842977, 14050364101]}}, {"type": "Feature", "geometry": {"type": "LineString", "coordinates": [[126.9489202, 37.4604489], [126.949016, 37.4604258], [126.9491056, 37.4604042]]}, "properties": {"osm_id": 1544714443, "highway": "footway", "name": "", "bridge": "", "tunnel": "", "indoor": "", "layer": "", "level": "", "covered": "", "nodes": [14050364241, 14050337788, 14050337789]}}, {"type": "Feature", "geometry": {"type": "LineString", "coordinates": [[126.9491907, 37.4606112], [126.9491667, 37.4605494], [126.9491421, 37.4604864]]}, "properties": {"osm_id": 1544714444, "highway": "footway", "name": "", "bridge": "", "tunnel": "", "indoor": "", "layer": "", "level": "", "covered": "", "nodes": [14047967137, 1789861891, 14050364109]}}, {"type": "Feature", "geometry": {"type": "LineString", "coordinates": [[126.9497419, 37.459973], [126.9498546, 37.460179], [126.9498633, 37.4602269], [126.9498586, 37.4602663], [126.9498378, 37.4603116], [126.9498096, 37.4603366], [126.949754, 37.4603664], [126.9497003, 37.4603861], [126.9492132, 37.4605042], [126.9491877, 37.460505], [126.9491649, 37.4604976], [126.9491421, 37.4604864], [126.9491324, 37.4604728], [126.9491183, 37.460442], [126.9491056, 37.4604042], [126.9489835, 37.4600396], [126.9488601, 37.4596846], [126.948838, 37.4596036], [126.9488313, 37.4595345], [126.9488226, 37.4594663], [126.9488199, 37.4594291], [126.9488266, 37.4593694], [126.9488347, 37.4593152], [126.9489165, 37.459008], [126.9489647, 37.4588127], [126.9490466, 37.458488], [126.949062, 37.4584225], [126.9490757, 37.4584004], [126.9491129, 37.4583959], [126.9491679, 37.4583986], [126.9493128, 37.4584066]]}, "properties": {"osm_id": 1544714445, "highway": "footway", "name": "", "bridge": "", "tunnel": "", "indoor": "", "layer": "", "level": "", "covered": "", "nodes": [14050364119, 14050364118, 14050364117, 14050364116, 14050364115, 14050364114, 14050364113, 14050364112, 14050364111, 14050337790, 14050364110, 14050364109, 14050364108, 14050364107, 14050337789, 14050364106, 14050364105, 14050364104, 14050364103, 14050364102, 14050364101, 14050337800, 14050337799, 14050337798, 14050337797, 14050337796, 14050337795, 14050337794, 14050337793, 14050337792, 14050337791]}}, {"type": "Feature", "geometry": {"type": "LineString", "coordinates": [[126.9499065, 37.4552501], [126.9498189, 37.4552295], [126.9497258, 37.4552076]]}, "properties": {"osm_id": 1544714446, "highway": "footway", "name": "", "bridge": "", "tunnel": "", "indoor": "", "layer": "", "level": "", "covered": "", "nodes": [14050364122, 1843397253, 14050364121]}}, {"type": "Feature", "geometry": {"type": "LineString", "coordinates": [[126.9491071, 37.4567054], [126.9490182, 37.456695]]}, "properties": {"osm_id": 1544714447, "highway": "pedestrian", "name": "", "bridge": "", "tunnel": "", "indoor": "", "layer": "", "level": "", "covered": "", "nodes": [14050364123, 3805308068]}}, {"type": "Feature", "geometry": {"type": "LineString", "coordinates": [[126.9489731, 37.4563825], [126.9489718, 37.4564797]]}, "properties": {"osm_id": 1544714448, "highway": "steps", "name": "", "bridge": "", "tunnel": "", "indoor": "", "layer": "", "level": "", "covered": "", "nodes": [14050364125, 14050364126]}}, {"type": "Feature", "geometry": {"type": "LineString", "coordinates": [[126.9489706, 37.4565371], [126.9489718, 37.4564797]]}, "properties": {"osm_id": 1544714449, "highway": "footway", "name": "", "bridge": "", "tunnel": "", "indoor": "", "layer": "", "level": "", "covered": "", "nodes": [14050364124, 14050364126]}}, {"type": "Feature", "geometry": {"type": "LineString", "coordinates": [[126.9495112, 37.4566101], [126.949411, 37.4565952], [126.949318, 37.4565816]]}, "properties": {"osm_id": 1544714450, "highway": "footway", "name": "", "bridge": "", "tunnel": "", "indoor": "", "layer": "", "level": "", "covered": "", "nodes": [3805308057, 3540602543, 3805308058]}}, {"type": "Feature", "geometry": {"type": "LineString", "coordinates": [[126.9487783, 37.4565111], [126.9488321, 37.4565127], [126.9489049, 37.4565149]]}, "properties": {"osm_id": 1544714451, "highway": "footway", "name": "", "bridge": "", "tunnel": "", "indoor": "", "layer": "", "level": "", "covered": "", "nodes": [14050364132, 14050364129, 14050364130]}}, {"type": "Feature", "geometry": {"type": "LineString", "coordinates": [[126.9487783, 37.4565111], [126.9487931, 37.4563876], [126.9488045, 37.4563423]]}, "properties": {"osm_id": 1544714452, "highway": "footway", "name": "", "bridge": "", "tunnel": "", "indoor": "", "layer": "", "level": "", "covered": "", "nodes": [14050364132, 14050364178, 14050364177]}}, {"type": "Feature", "geometry": {"type": "LineString", "coordinates": [[126.9487168, 37.4565098], [126.9487783, 37.4565111]]}, "properties": {"osm_id": 1544714453, "highway": "footway", "name": "", "bridge": "", "tunnel": "", "indoor": "", "layer": "", "level": "", "covered": "", "nodes": [14050364131, 14050364132]}}, {"type": "Feature", "geometry": {"type": "LineString", "coordinates": [[126.9498738, 37.4562521], [126.9499422, 37.4562428]]}, "properties": {"osm_id": 1544714454, "highway": "footway", "name": "", "bridge": "", "tunnel": "", "indoor": "", "layer": "", "level": "", "covered": "", "nodes": [14050364135, 1083241315]}}, {"type": "Feature", "geometry": {"type": "LineString", "coordinates": [[126.9496686, 37.4563081], [126.9497681, 37.4562678], [126.9498738, 37.4562521]]}, "properties": {"osm_id": 1544714455, "highway": "footway", "name": "", "bridge": "", "tunnel": "building_passage", "indoor": "", "layer": "", "level": "", "covered": "", "nodes": [3927939014, 14050364136, 14050364135]}}, {"type": "Feature", "geometry": {"type": "LineString", "coordinates": [[126.9493456, 37.4564126], [126.9493355, 37.4564432], [126.9493262, 37.4564712]]}, "properties": {"osm_id": 1544714456, "highway": "footway", "name": "", "bridge": "", "tunnel": "", "indoor": "", "layer": "", "level": "", "covered": "", "nodes": [14050364179, 14050364193, 14050364211]}}, {"type": "Feature", "geometry": {"type": "LineString", "coordinates": [[126.9494623, 37.4560352], [126.9494756, 37.4559929], [126.9496272, 37.4555093]]}, "properties": {"osm_id": 1544714457, "highway": "footway", "name": "", "bridge": "yes", "tunnel": "", "indoor": "", "layer": "1", "level": "", "covered": "", "nodes": [14050364181, 14050364159, 14050364180]}}, {"type": "Feature", "geometry": {"type": "LineString", "coordinates": [[126.9496272, 37.4555093], [126.9497258, 37.4552076], [126.9497681, 37.4550781], [126.9498284, 37.4548822], [126.9500537, 37.4541796], [126.9500819, 37.4540854], [126.9500966, 37.4540361], [126.9501308, 37.4538895], [126.9501396, 37.453849], [126.9501744, 37.4535664], [126.9502368, 37.4530852], [126.9502763, 37.4527407], [126.9502777, 37.4526944], [126.9502676, 37.452646], [126.9502542, 37.4526119], [126.9500142, 37.4521605], [126.9499679, 37.4520674], [126.9499558, 37.4520333], [126.9499437, 37.4519981], [126.9499256, 37.4519454], [126.9499129, 37.4519066], [126.9499042, 37.4518677], [126.9498251, 37.4514333], [126.9497674, 37.4511102], [126.9497526, 37.451016], [126.9497386, 37.4509042], [126.9497332, 37.4508435], [126.9497292, 37.4507887], [126.9497305, 37.4507434], [126.9497319, 37.4506833], [126.949754, 37.4504842], [126.9497929, 37.4501983], [126.9497982, 37.4501488], [126.9497996, 37.4500812], [126.9497982, 37.4500189], [126.9497922, 37.4498236], [126.9497895, 37.4497661], [126.9497788, 37.4496889], [126.9497111, 37.4494312], [126.9496883, 37.4493503], [126.9496366, 37.4492098], [126.9494663, 37.448835], [126.9493208, 37.4485353], [126.9492142, 37.4483245], [126.9491746, 37.4482308], [126.9491398, 37.4481424], [126.9491069, 37.4480567], [126.9490942, 37.4479981], [126.9490908, 37.4479337], [126.9490881, 37.447873], [126.9490888, 37.4478219], [126.9490995, 37.4477644], [126.949121, 37.447691], [126.9491491, 37.4476271], [126.9491847, 37.4475733], [126.9492276, 37.4475297], [126.9492478, 37.4475134], [126.9493309, 37.4474445], [126.9493926, 37.4473865], [126.9494616, 37.4473433], [126.9495186, 37.4473098], [126.9495803, 37.44728], [126.9496464, 37.4472487], [126.9497178, 37.4472177], [126.9497942, 37.4472007], [126.9503533, 37.4470887], [126.9506686, 37.447025], [126.9507451, 37.4470143], [126.9508148, 37.4470074], [126.9508812, 37.4470048], [126.9509972, 37.4470042], [126.9510917, 37.4470101], [126.9511722, 37.4470218], [126.9512393, 37.4470351], [126.9513077, 37.4470559], [126.9513948, 37.4470835], [126.9514746, 37.4471128], [126.9516322, 37.4471884], [126.9516872, 37.4472262], [126.9517737, 37.4472965], [126.9518474, 37.4473566], [126.9519105, 37.4474227], [126.9519561, 37.447477], [126.9520003, 37.447535], [126.9520352, 37.4476053], [126.9520935, 37.4477383], [126.9521049, 37.4477873], [126.9521116, 37.4478709], [126.9521161, 37.4480015]]}, "properties": {"osm_id": 1544714458, "highway": "footway", "name": "", "bridge": "", "tunnel": "", "indoor": "", "layer": "", "level": "", "covered": "", "nodes": [14050364180, 14050364121, 14050364152, 14050364151, 14050364150, 14051228301, 14050364149, 14050364148, 14050364147, 14050364146, 14050364145, 14056168772, 14056168771, 14056168770, 14056168769, 14056168768, 14056168767, 14056168766, 14056168765, 14056168764, 14056168763, 14056168762, 14056168761, 14056168760, 14056168759, 14056168758, 14056168757, 14056168756, 14056168755, 14056168754, 14056168753, 14056168752, 14056168751, 14056168750, 14056168749, 14056168748, 14056168747, 14056168746, 14056168745, 14056168744, 14056168743, 14056168742, 14056168741, 14056168740, 14056168739, 14056168738, 14056168737, 14056168736, 14056168735, 14056168734, 14056168733, 14056168732, 14056168731, 14056168730, 14056168729, 14056168728, 14056168727, 14056168726, 14056168725, 14056168724, 14056168723, 14056168722, 14056168721, 14056168719, 14056168720, 10773496261, 14056168711, 14056168710, 14056168709, 14056168708, 14056168707, 14056168706, 14056168705, 14056168704, 14056168703, 14056168702, 14056168701, 14056142800, 14056142797, 14056142794, 14056142793, 14056142792, 14056142791, 14056142790, 14056142789, 14056142788, 14056142787, 14056142786, 7257076539]}}, {"type": "Feature", "geometry": {"type": "LineString", "coordinates": [[126.9492858, 37.4559553], [126.9494756, 37.4559929]]}, "properties": {"osm_id": 1544714459, "highway": "footway", "name": "", "bridge": "yes", "tunnel": "", "indoor": "", "layer": "1", "level": "", "covered": "", "nodes": [4564998556, 14050364159]}}, {"type": "Feature", "geometry": {"type": "LineString", "coordinates": [[126.9493604, 37.4559059], [126.9493436, 37.456106], [126.9493161, 37.4563865], [126.9493255, 37.4564036], [126.9493456, 37.4564126], [126.9494623, 37.4560352]]}, "properties": {"osm_id": 1544714460, "highway": "footway", "name": "", "bridge": "", "tunnel": "", "indoor": "", "layer": "", "level": "", "covered": "", "nodes": [14050364163, 14050364162, 14050364161, 14050364160, 14050364179, 14050364181]}}, {"type": "Feature", "geometry": {"type": "LineString", "coordinates": [[126.9488609, 37.4560046], [126.9488557, 37.4561067]]}, "properties": {"osm_id": 1544714461, "highway": "service", "name": "", "bridge": "", "tunnel": "yes", "indoor": "", "layer": "", "level": "", "covered": "", "nodes": [3174179099, 1790427090]}}, {"type": "Feature", "geometry": {"type": "LineString", "coordinates": [[126.9488045, 37.4563423], [126.9488219, 37.4560081], [126.9488333, 37.4558973], [126.948834, 37.4558393], [126.948842, 37.4558159], [126.9488601, 37.4557946], [126.9488883, 37.4557781], [126.9489232, 37.4557701], [126.9489554, 37.4557696], [126.9490425, 37.4557749], [126.9491572, 37.4557935], [126.9492491, 37.4558095], [126.9492772, 37.455817], [126.9493027, 37.4558287]]}, "properties": {"osm_id": 1544714462, "highway": "footway", "name": "", "bridge": "", "tunnel": "", "indoor": "", "layer": "", "level": "", "covered": "", "nodes": [14050364177, 14050364176, 14050364175, 14050364174, 14050364173, 14050364172, 14050364171, 14050364170, 14050364169, 14050364168, 14050364167, 14050364166, 14050364165, 14050364164]}}, {"type": "Feature", "geometry": {"type": "LineString", "coordinates": [[126.9490324, 37.4570957], [126.9490443, 37.4570422], [126.9490519, 37.4570077]]}, "properties": {"osm_id": 1544714463, "highway": "footway", "name": "", "bridge": "", "tunnel": "", "indoor": "", "layer": "", "level": "", "covered": "", "nodes": [14050364212, 2583216310, 14050364219]}}, {"type": "Feature", "geometry": {"type": "LineString", "coordinates": [[126.9489731, 37.4563825], [126.9489735, 37.4563572], [126.9489111, 37.4563567], [126.9489049, 37.4565149], [126.948901, 37.4566143], [126.9488789, 37.4566372], [126.9488777, 37.4566769], [126.9488709, 37.4567676], [126.9488655, 37.4568278], [126.9488668, 37.4568842], [126.9488856, 37.4569311], [126.9489138, 37.4569635], [126.9489487, 37.4569811], [126.9490217, 37.4570019], [126.9490519, 37.4570077], [126.949117, 37.457021], [126.9491559, 37.4570231], [126.949188, 37.4570146], [126.9492155, 37.4569965], [126.9492236, 37.4569774], [126.9492882, 37.4566532], [126.9493028, 37.4565797], [126.9493163, 37.4565169], [126.9493262, 37.4564712]]}, "properties": {"osm_id": 1544714464, "highway": "footway", "name": "", "bridge": "", "tunnel": "", "indoor": "", "layer": "", "level": "", "covered": "", "nodes": [14050364125, 14050364208, 14050364227, 14050364130, 14050364209, 14050364210, 3805308069, 14050364226, 14050364225, 14050364224, 14050364223, 14050364222, 14050364221, 14050364220, 14050364219, 14050364218, 14050364217, 14050364216, 14050364215, 14050364214, 14050337737, 14050364213, 14050337736, 14050364211]}}, {"type": "Feature", "geometry": {"type": "LineString", "coordinates": [[126.9489077, 37.4581532], [126.9488976, 37.4581955], [126.9488883, 37.4582341]]}, "properties": {"osm_id": 1544714465, "highway": "footway", "name": "", "bridge": "", "tunnel": "", "indoor": "", "layer": "", "level": "", "covered": "", "nodes": [14050364229, 14050364228, 14050364250]}}, {"type": "Feature", "geometry": {"type": "LineString", "coordinates": [[126.9487394, 37.4570317], [126.9490324, 37.4570957], [126.9491585, 37.4571232], [126.9491713, 37.4571397], [126.9491706, 37.4571552], [126.9491246, 37.45734], [126.949036, 37.4576961], [126.9490224, 37.4577508], [126.9489755, 37.4579467], [126.9489453, 37.4580041], [126.9489077, 37.4581532]]}, "properties": {"osm_id": 1544714466, "highway": "footway", "name": "", "bridge": "", "tunnel": "", "indoor": "", "layer": "", "level": "", "covered": "", "nodes": [14050364236, 14050364212, 14050364235, 14050364234, 14050364233, 14050337776, 14050337773, 14050364232, 14050364231, 14050364230, 14050364229]}}, {"type": "Feature", "geometry": {"type": "LineString", "coordinates": [[126.9489346, 37.4604963], [126.9489748, 37.460607]]}, "properties": {"osm_id": 1544714467, "highway": "footway", "name": "", "bridge": "", "tunnel": "", "indoor": "", "layer": "", "level": "", "covered": "", "nodes": [14050364239, 14050364238]}}, {"type": "Feature", "geometry": {"type": "LineString", "coordinates": [[126.9488883, 37.4582341], [126.9488333, 37.4584571], [126.9487448, 37.4588233], [126.9486214, 37.4593716], [126.9486167, 37.4594221], [126.9486107, 37.4595259], [126.9486134, 37.4595941], [126.9486228, 37.4596324], [126.9487542, 37.4600209], [126.9489202, 37.4604489], [126.9489305, 37.4604787], [126.9489346, 37.4604963]]}, "properties": {"osm_id": 1544714468, "highway": "footway", "name": "", "bridge": "", "tunnel": "", "indoor": "", "layer": "", "level": "", "covered": "", "nodes": [14050364250, 14050364249, 14050364248, 14050364247, 14050364246, 14050364245, 14050364244, 14050364243, 14050364242, 14050364241, 14050364240, 14050364239]}}, {"type": "Feature", "geometry": {"type": "LineString", "coordinates": [[126.9521582, 37.4535995], [126.9520789, 37.4536676], [126.9519876, 37.453746]]}, "properties": {"osm_id": 1544778665, "highway": "footway", "name": "", "bridge": "", "tunnel": "", "indoor": "", "layer": "", "level": "", "covered": "", "nodes": [7257052678, 14050920890, 14051228323]}}, {"type": "Feature", "geometry": {"type": "LineString", "coordinates": [[126.9500819, 37.4540854], [126.9501653, 37.4540996], [126.9502565, 37.4541152]]}, "properties": {"osm_id": 1544778666, "highway": "footway", "name": "", "bridge": "", "tunnel": "", "indoor": "", "layer": "", "level": "", "covered": "", "nodes": [14051228301, 14050920899, 14050920900]}}, {"type": "Feature", "geometry": {"type": "LineString", "coordinates": [[126.9502931, 37.4539906], [126.9502777, 37.4540449]]}, "properties": {"osm_id": 1544778667, "highway": "footway", "name": "", "bridge": "", "tunnel": "", "indoor": "", "layer": "", "level": "", "covered": "", "nodes": [14051228302, 14051228349]}}, {"type": "Feature", "geometry": {"type": "LineString", "coordinates": [[126.9519782, 37.4540582], [126.952008, 37.4537631], [126.9520003, 37.4537508], [126.9519876, 37.453746], [126.951975, 37.4537464], [126.9519608, 37.4537553], [126.9519108, 37.4537886], [126.9518702, 37.4538102], [126.9518206, 37.4538315], [126.9517549, 37.453857], [126.9516905, 37.4538762], [126.9516094, 37.4538948], [126.9515501, 37.4539084], [126.9514897, 37.453918], [126.9514441, 37.4539214], [126.9513801, 37.4539267], [126.951312, 37.4539291], [126.9510495, 37.4539369], [126.9507196, 37.4539385], [126.9505888, 37.4539416], [126.9504091, 37.4539438], [126.9503588, 37.4539491], [126.9503233, 37.4539603], [126.9503032, 37.4539725], [126.9502931, 37.4539906]]}, "properties": {"osm_id": 1544778668, "highway": "footway", "name": "", "bridge": "", "tunnel": "", "indoor": "", "layer": "", "level": "", "covered": "", "nodes": [14051228326, 14051228325, 14051228324, 14051228323, 14051228322, 14051228321, 14051228320, 14051228319, 14051228318, 14051228317, 14051228316, 14051228315, 14051228314, 14051228313, 14051228312, 14051228311, 14051228310, 14051228309, 14051228308, 14051228307, 14051228306, 14051228305, 14051228304, 14051228303, 14051228302]}}, {"type": "Feature", "geometry": {"type": "LineString", "coordinates": [[126.9504916, 37.4551425], [126.9504865, 37.4551802], [126.9504815, 37.4552176]]}, "properties": {"osm_id": 1544778669, "highway": "footway", "name": "", "bridge": "", "tunnel": "", "indoor": "", "layer": "", "level": "", "covered": "", "nodes": [14051228338, 14051228327, 14051228353]}}, {"type": "Feature", "geometry": {"type": "LineString", "coordinates": [[126.9502079, 37.4542759], [126.9501379, 37.4545081]]}, "properties": {"osm_id": 1544778670, "highway": "footway", "name": "", "bridge": "", "tunnel": "", "indoor": "", "layer": "", "level": "", "covered": "", "nodes": [14051228348, 14051228347]}}, {"type": "Feature", "geometry": {"type": "LineString", "coordinates": [[126.9502777, 37.4540449], [126.9502565, 37.4541152], [126.9502079, 37.4542759]]}, "properties": {"osm_id": 1544778671, "highway": "footway", "name": "", "bridge": "", "tunnel": "", "indoor": "", "layer": "", "level": "", "covered": "", "nodes": [14051228349, 14050920900, 14051228348]}}, {"type": "Feature", "geometry": {"type": "LineString", "coordinates": [[126.9499508, 37.4551843], [126.9499715, 37.4551214], [126.9499945, 37.4550515]]}, "properties": {"osm_id": 1544778672, "highway": "footway", "name": "", "bridge": "", "tunnel": "", "indoor": "", "layer": "", "level": "", "covered": "", "nodes": [14050364134, 14051228328, 14051228332]}}, {"type": "Feature", "geometry": {"type": "LineString", "coordinates": [[126.9501379, 37.4545081], [126.9500021, 37.4549158], [126.9499853, 37.4549717], [126.9499826, 37.4550063], [126.949988, 37.4550403], [126.9499945, 37.4550515], [126.9500054, 37.4550616], [126.9500192, 37.4550731], [126.9500373, 37.455084], [126.9500561, 37.455093], [126.9500809, 37.4551002], [126.9504916, 37.4551425], [126.9508664, 37.4551734], [126.9508986, 37.4551665], [126.950914, 37.4551558], [126.9509207, 37.4551447], [126.9509221, 37.4551338]]}, "properties": {"osm_id": 1544778673, "highway": "footway", "name": "", "bridge": "", "tunnel": "", "indoor": "", "layer": "", "level": "", "covered": "", "nodes": [14051228347, 14051228346, 14051228345, 14051228344, 14051228343, 14051228332, 14051228342, 14051228329, 14051228341, 14051228340, 14051228339, 14051228338, 14051228337, 14051228336, 14051228335, 14051228334, 14051228333]}}, {"type": "Feature", "geometry": {"type": "LineString", "coordinates": [[126.9504634, 37.455365], [126.9504735, 37.455273]]}, "properties": {"osm_id": 1544778674, "highway": "steps", "name": "", "bridge": "", "tunnel": "", "indoor": "", "layer": "", "level": "", "covered": "", "nodes": [14051228355, 14051228356]}}, {"type": "Feature", "geometry": {"type": "LineString", "coordinates": [[126.9504634, 37.455365], [126.950452, 37.4554981]]}, "properties": {"osm_id": 1544778675, "highway": "footway", "name": "", "bridge": "", "tunnel": "", "indoor": "", "layer": "", "level": "", "covered": "", "nodes": [14051228355, 14051228362]}}, {"type": "Feature", "geometry": {"type": "LineString", "coordinates": [[126.9504815, 37.4552176], [126.9504735, 37.455273]]}, "properties": {"osm_id": 1544778676, "highway": "footway", "name": "", "bridge": "", "tunnel": "", "indoor": "", "layer": "", "level": "", "covered": "", "nodes": [14051228353, 14051228356]}}, {"type": "Feature", "geometry": {"type": "LineString", "coordinates": [[126.9499203, 37.4560725], [126.9502582, 37.455974], [126.9503186, 37.4559362], [126.9503622, 37.4558952], [126.9503923, 37.4558643]]}, "properties": {"osm_id": 1544778677, "highway": "footway", "name": "", "bridge": "", "tunnel": "", "indoor": "", "layer": "", "level": "", "covered": "", "nodes": [14051228360, 14051228359, 14051228358, 14051228357, 14051228361]}}, {"type": "Feature", "geometry": {"type": "LineString", "coordinates": [[126.9503923, 37.4558643], [126.950452, 37.4554981]]}, "properties": {"osm_id": 1544778678, "highway": "steps", "name": "", "bridge": "", "tunnel": "", "indoor": "", "layer": "", "level": "", "covered": "", "nodes": [14051228361, 14051228362]}}, {"type": "Feature", "geometry": {"type": "LineString", "coordinates": [[126.9455999, 37.4559692], [126.9455423, 37.4558461]]}, "properties": {"osm_id": 1548495173, "highway": "service", "name": "관악산나들길", "bridge": "", "tunnel": "", "indoor": "", "layer": "", "level": "", "covered": "", "nodes": [13715151346, 10613066743]}}, {"type": "Feature", "geometry": {"type": "LineString", "coordinates": [[126.9577089, 37.466672], [126.9577939, 37.4666677], [126.9578864, 37.4666512], [126.9581092, 37.4665667], [126.9581983, 37.4665565], [126.9587916, 37.466305]]}, "properties": {"osm_id": 1560095918, "highway": "residential", "name": "", "bridge": "", "tunnel": "", "indoor": "", "layer": "", "level": "", "covered": "", "nodes": [14191105195, 14191105196, 14049248333, 4746859855, 4381905312, 2567736520]}}]}