{"type": "FeatureCollection", "features": [{"type": "Feature", "geometry": {"type": "Polygon", "coordinates": [[[126.9501728, 37.4545968], [126.9509837, 37.4546782], [126.9509124, 37.4551259], [126.9508022, 37.4551149], [126.9505453, 37.4550891], [126.9501015, 37.4550446], [126.9501728, 37.4545968]]]}, "properties": {"osm_type": "way", "osm_id": 93549089, "part": 0, "name": "글로벌공학교육센터", "ref": "", "levels": "", "building": "university", "nodes": [1084800595, 1084800597, 1084800601, 4531601928, 4531601930, 1084800604, 1084800595]}}, {"type": "Feature", "geometry": {"type": "Polygon", "coordinates": [[[126.9553263, 37.4600893], [126.9553466, 37.4600793], [126.9555185, 37.4599958], [126.9550838, 37.459433], [126.9548916, 37.4595266], [126.9553263, 37.4600893]]]}, "properties": {"osm_type": "way", "osm_id": 146155734, "part": 0, "name": "사범대학", "ref": "", "levels": "", "building": "university", "nodes": [1594249847, 4564750882, 1594249850, 1594249852, 1594249845, 1594249847]}}, {"type": "Feature", "geometry": {"type": "Polygon", "coordinates": [[[126.9544847, 37.4599413], [126.9547959, 37.4603419], [126.9549581, 37.4605494], [126.9550563, 37.4605012], [126.9551468, 37.4604568], [126.955102, 37.4603992], [126.9546734, 37.4598488], [126.9544847, 37.4599413]]]}, "properties": {"osm_type": "way", "osm_id": 148286666, "part": 0, "name": "사범대학", "ref": "", "levels": "", "building": "university", "nodes": [1613903007, 4564750877, 1613903006, 4564750878, 1613903009, 4564750879, 1613903005, 1613903007]}}, {"type": "Feature", "geometry": {"type": "Polygon", "coordinates": [[[126.9514427, 37.4592051], [126.9516028, 37.4590676], [126.9515462, 37.4590261], [126.9518019, 37.4588066], [126.9518468, 37.4588395], [126.9519754, 37.4587291], [126.9527119, 37.4592693], [126.9525051, 37.4594469], [126.9525862, 37.4595064], [126.9523964, 37.4596695], [126.9523313, 37.4596218], [126.9521829, 37.4597493], [126.9517214, 37.45941], [126.9514427, 37.4592051]]]}, "properties": {"osm_type": "way", "osm_id": 148286730, "part": 0, "name": "중앙도서관", "ref": "", "levels": "8", "building": "yes", "nodes": [1613903364, 1613903375, 1613903373, 1613903369, 1613903371, 1613903368, 1613903381, 1613903377, 1613903360, 1613903366, 1613903358, 1613903362, 4562091897, 1613903364]}}, {"type": "Feature", "geometry": {"type": "Polygon", "coordinates": [[[126.9497268, 37.4577483], [126.9498455, 37.4577045], [126.9499574, 37.4576631], [126.9502112, 37.4581823], [126.9503008, 37.4583657], [126.9500916, 37.4584381], [126.9500582, 37.4583749], [126.9500338, 37.4583287], [126.949833, 37.4579492], [126.9497268, 37.4577483]]]}, "properties": {"osm_type": "way", "osm_id": 161950628, "part": 0, "name": "27동", "ref": "", "levels": "", "building": "university", "nodes": [1739024413, 4562088378, 1739024418, 1790388362, 1739024415, 1739103639, 4514815252, 4562088375, 4562088376, 1739024413]}}, {"type": "Feature", "geometry": {"type": "Polygon", "coordinates": [[[126.9508318, 37.4587659], [126.9507808, 37.4586772], [126.9507298, 37.4585884], [126.9510913, 37.4584575], [126.9512753, 37.4583909], [126.9512994, 37.4584328], [126.9513773, 37.4585685], [126.9508318, 37.4587659]]]}, "properties": {"osm_type": "way", "osm_id": 161957771, "part": 0, "name": "자연과학대학", "ref": "", "levels": "", "building": "university", "nodes": [1739103637, 4562088379, 1739103635, 4562088380, 1739103633, 4562088381, 1739103632, 1739103637]}}, {"type": "Feature", "geometry": {"type": "Polygon", "coordinates": [[[126.9500326, 37.459128], [126.9496624, 37.4584041], [126.9497796, 37.4583686], [126.9498877, 37.4583359], [126.9499226, 37.4584056], [126.9501424, 37.4588444], [126.9502525, 37.4590641], [126.9501377, 37.4590975], [126.9500326, 37.459128]]]}, "properties": {"osm_type": "way", "osm_id": 161957772, "part": 0, "name": "25동", "ref": "", "levels": "", "building": "university", "nodes": [1739103619, 1739103621, 4562088374, 1739103630, 4514815251, 4514815254, 1739103623, 4562088370, 1739103619]}}, {"type": "Feature", "geometry": {"type": "Polygon", "coordinates": [[[126.9512208, 37.4568554], [126.9512468, 37.45668], [126.9512851, 37.456421], [126.9514339, 37.4564299], [126.9515694, 37.4564381], [126.951548, 37.4566638], [126.9514579, 37.4567877], [126.951387, 37.4568852], [126.9512208, 37.4568554]]]}, "properties": {"osm_type": "way", "osm_id": 162045723, "part": 0, "name": "멀티미디어강의동 (이공계)", "ref": "", "levels": "", "building": "university", "nodes": [1739917808, 4564998571, 1739917806, 13617883878, 1739917804, 1739917807, 4564998572, 1739917805, 1739917808]}}, {"type": "Feature", "geometry": {"type": "Polygon", "coordinates": [[[126.9511568, 37.4574338], [126.9513177, 37.457387], [126.9513687, 37.4574934], [126.9514116, 37.4574871], [126.9514328, 37.457532], [126.9515711, 37.4578247], [126.9515886, 37.4578618], [126.9515618, 37.4578746], [126.9516154, 37.4579874], [126.9514599, 37.4580449], [126.9514035, 37.4579342], [126.9513713, 37.4579427], [126.9513625, 37.457925], [126.9512887, 37.4577759], [126.951198, 37.4575928], [126.9511836, 37.4575637], [126.9512131, 37.4575531], [126.9511568, 37.4574338]]]}, "properties": {"osm_type": "way", "osm_id": 167595745, "part": 0, "name": "자연과학대학", "ref": "", "levels": "5", "building": "university", "nodes": [1789861935, 1789861925, 1789861906, 1789861900, 4562091894, 4562091893, 1789861887, 1789861888, 1789861869, 1789861927, 1789861870, 1789861876, 4562091891, 1789916172, 4562091892, 1789861904, 1789861903, 1789861935]}}, {"type": "Feature", "geometry": {"type": "Polygon", "coordinates": [[[126.9519159, 37.45747], [126.9520119, 37.4574389], [126.952137, 37.4573984], [126.9525281, 37.4581588], [126.9524698, 37.4581777], [126.9523609, 37.458213], [126.9523072, 37.4582304], [126.9519159, 37.45747]]]}, "properties": {"osm_type": "way", "osm_id": 167598052, "part": 0, "name": "약학대학", "ref": "", "levels": "", "building": "university", "nodes": [1789881542, 4332551622, 1789881559, 1789881561, 4332551613, 4332551610, 1789881540, 1789881542]}}, {"type": "Feature", "geometry": {"type": "Polygon", "coordinates": [[[126.9523769, 37.4584207], [126.9524465, 37.4583629], [126.9525246, 37.4582946], [126.952537, 37.4582841], [126.9525778, 37.4583142], [126.9527393, 37.4584335], [126.953061, 37.4586711], [126.9533254, 37.4588664], [126.9532352, 37.4589433], [126.9531653, 37.4590029], [126.9525954, 37.4585821], [126.9523769, 37.4584207]]]}, "properties": {"osm_type": "way", "osm_id": 167598095, "part": 0, "name": "약학대학", "ref": "", "levels": "", "building": "university", "nodes": [1789883166, 4332551611, 4332551612, 1789883169, 4332551614, 4564809440, 4564809438, 1789883167, 3046617636, 1789883168, 4564809439, 1789883166]}}, {"type": "Feature", "geometry": {"type": "Polygon", "coordinates": [[[126.9506476, 37.4575631], [126.9507516, 37.4575267], [126.9508533, 37.4574911], [126.9509126, 37.4575993], [126.9510556, 37.45786], [126.9511503, 37.4580326], [126.9512503, 37.458215], [126.951148, 37.4582608], [126.9510411, 37.4583087], [126.9509272, 37.4580929], [126.9506476, 37.4575631]]]}, "properties": {"osm_type": "way", "osm_id": 167605495, "part": 0, "name": "자연과학대학", "ref": "", "levels": "", "building": "university", "nodes": [1789913986, 4562088388, 1789913987, 4562088387, 1789916174, 4562088386, 1789913985, 4562088384, 1789913988, 4562088385, 1789913986]}}, {"type": "Feature", "geometry": {"type": "Polygon", "coordinates": [[[126.9494366, 37.457621], [126.9494547, 37.4576046], [126.9494741, 37.4575869], [126.9495331, 37.4575869], [126.9495975, 37.4575528], [126.9496619, 37.4575315], [126.9497316, 37.457523], [126.949737, 37.4576423], [126.9496351, 37.4576891], [126.9495814, 37.4576593], [126.9495575, 37.4576854], [126.9495385, 37.4577061], [126.9495868, 37.4577274], [126.9495385, 37.4579787], [126.9494473, 37.4579702], [126.9493561, 37.4579702], [126.9493508, 37.4578978], [126.9493829, 37.4576806], [126.9494312, 37.4576763], [126.9494366, 37.457621]]]}, "properties": {"osm_type": "way", "osm_id": 167606938, "part": 0, "name": "상산수리과학관", "ref": "", "levels": "", "building": "university", "nodes": [1789917243, 4562091889, 1789917246, 1789917240, 1789917247, 1789917233, 1789917237, 1789917248, 1789917239, 1789917241, 4562091890, 1789917234, 1789917236, 1789917242, 1789917235, 1789917249, 1789917244, 1789917238, 1789917245, 1789917243]}}, {"type": "Feature", "geometry": {"type": "Polygon", "coordinates": [[[126.9503245, 37.4590768], [126.9506384, 37.4589747], [126.9509456, 37.4588747], [126.9509973, 37.4589748], [126.9510627, 37.459093], [126.9506725, 37.459229], [126.9508256, 37.4595059], [126.950556, 37.4595999], [126.9503324, 37.4596798], [126.9502466, 37.4596415], [126.9500993, 37.459356], [126.9502128, 37.4593216], [126.9504156, 37.4592531], [126.9503804, 37.459185], [126.9503245, 37.4590768]]]}, "properties": {"osm_type": "way", "osm_id": 167607356, "part": 0, "name": "학생회관(63)", "ref": "", "levels": "", "building": "university", "nodes": [1789918022, 4562088367, 1789918009, 2044015745, 1789918018, 4562088366, 4562088365, 4562088364, 1789918019, 1789918012, 1789918016, 4562088368, 1789918025, 4562088369, 1789918022]}}, {"type": "Feature", "geometry": {"type": "Polygon", "coordinates": [[[126.9500642, 37.4576699], [126.9499998, 37.4575464], [126.950115, 37.4575024], [126.9501447, 37.4574911], [126.9502681, 37.4575242], [126.9505094, 37.457589], [126.9505363, 37.4576742], [126.9505041, 37.4577168], [126.9503199, 37.457782], [126.9502841, 37.4577934], [126.9501983, 37.4577764], [126.9501554, 37.457704], [126.9500642, 37.4576699]]]}, "properties": {"osm_type": "way", "osm_id": 167608115, "part": 0, "name": "자연과학대학", "ref": "", "levels": "", "building": "university", "nodes": [1789919722, 1789919731, 1790388374, 1789919721, 4562088383, 1789919732, 1789919724, 1789919717, 13617883876, 1789919719, 1789919726, 1789919718, 1789919722]}}, {"type": "Feature", "geometry": {"type": "Polygon", "coordinates": [[[126.9552645, 37.4606733], [126.9553989, 37.4608521], [126.9548627, 37.4611061], [126.9547283, 37.4609272], [126.9552645, 37.4606733]]]}, "properties": {"osm_type": "way", "osm_id": 167609164, "part": 0, "name": "인문대학", "ref": "", "levels": "", "building": "university", "nodes": [1789927059, 1789927067, 1789927062, 1789927074, 1789927059]}}, {"type": "Feature", "geometry": {"type": "Polygon", "coordinates": [[[126.9508366, 37.4597947], [126.9510082, 37.4596534], [126.9517108, 37.4601907], [126.9515391, 37.4603321], [126.951259, 37.4601179], [126.9510757, 37.4599776], [126.9508366, 37.4597947]]]}, "properties": {"osm_type": "way", "osm_id": 167609409, "part": 0, "name": "행정관", "ref": "", "levels": "", "building": "university", "nodes": [1789930541, 1789930542, 1789930538, 1789930539, 4562091896, 4562091895, 1789930541]}}, {"type": "Feature", "geometry": {"type": "Polygon", "coordinates": [[[126.9490011, 37.4589681], [126.9494429, 37.4588201], [126.9494196, 37.4587381], [126.9494536, 37.4586838], [126.9495376, 37.4586402], [126.9496127, 37.4586529], [126.9496789, 37.4587307], [126.9497272, 37.4587179], [126.9498216, 37.4589084], [126.9496755, 37.4589539], [126.9490942, 37.4591352], [126.9490011, 37.4589681]]]}, "properties": {"osm_type": "way", "osm_id": 167656591, "part": 0, "name": "25-1동", "ref": "", "levels": "", "building": "university", "nodes": [1790366172, 1790366177, 1790366175, 1790366171, 1790366173, 1790366169, 1790366170, 1790366176, 1790366174, 4562088371, 1790366178, 1790366172]}}, {"type": "Feature", "geometry": {"type": "Polygon", "coordinates": [[[126.9535976, 37.4577768], [126.9539866, 37.4574404], [126.9542655, 37.4576299], [126.9538444, 37.4580046], [126.9537666, 37.4579535], [126.9537264, 37.4579769], [126.9537371, 37.4580238], [126.9536727, 37.4580749], [126.9535762, 37.4580749], [126.9535199, 37.4580344], [126.9534957, 37.4579663], [126.9535172, 37.4579088], [126.9535628, 37.4578684], [126.9536218, 37.4578875], [126.9536701, 37.4578407], [126.9535976, 37.4577768]]]}, "properties": {"osm_type": "way", "osm_id": 167659979, "part": 0, "name": "교수회관", "ref": "", "levels": "", "building": "school", "nodes": [1790402728, 1790402722, 1790402709, 1790402707, 1790402730, 1790402726, 1790402758, 1790402764, 1790402718, 1790402712, 1790402724, 1790402762, 1790402766, 1790402756, 1790402773, 1790402728]}}, {"type": "Feature", "geometry": {"type": "Polygon", "coordinates": [[[126.9482723, 37.4566224], [126.9487017, 37.4566551], [126.9487144, 37.4565313], [126.9487168, 37.4565098], [126.948754, 37.4561839], [126.9486224, 37.4561989], [126.9484038, 37.4563262], [126.9482911, 37.4564667], [126.9482723, 37.4566224]]]}, "properties": {"osm_type": "way", "osm_id": 167660634, "part": 0, "name": "제3식당 (전망대)", "ref": "", "levels": "", "building": "yes", "nodes": [1790422012, 1790422000, 2583216312, 14050364131, 1790421987, 1790422016, 1790422002, 1790421998, 1790422012]}}, {"type": "Feature", "geometry": {"type": "Polygon", "coordinates": [[[126.951318, 37.4632326], [126.9514903, 37.4631972], [126.9515431, 37.4633592], [126.9516506, 37.4632216], [126.9517442, 37.4632677], [126.9518301, 37.4633507], [126.9518703, 37.4634508], [126.951867, 37.4635143], [126.9518649, 37.4635551], [126.9518499, 37.4635932], [126.9516101, 37.4635338], [126.9516982, 37.463804], [126.9515166, 37.4638413], [126.9513724, 37.4633993], [126.951318, 37.4632326]]]}, "properties": {"osm_type": "way", "osm_id": 167663455, "part": 0, "name": "멀티미디어강의동 (인문사회계)", "ref": "", "levels": "", "building": "school", "nodes": [1790446232, 1790446272, 1790446270, 1790446224, 1790446194, 1790446203, 1790446245, 4564809463, 1790446286, 1790446210, 1790446228, 1790446231, 1790446255, 4564809462, 1790446232]}}, {"type": "Feature", "geometry": {"type": "Polygon", "coordinates": [[[126.9514888, 37.4651642], [126.9514746, 37.4650253], [126.9514653, 37.4649346], [126.9515508, 37.4649276], [126.9516742, 37.4649175], [126.9520125, 37.4648899], [126.9520312, 37.4649857], [126.9519505, 37.464995], [126.9517737, 37.4650155], [126.9517737, 37.4650858], [126.9516451, 37.4651382], [126.9515753, 37.4651667], [126.9514888, 37.4651642]]]}, "properties": {"osm_type": "way", "osm_id": 167663930, "part": 0, "name": "동원생활관", "ref": "", "levels": "", "building": "university", "nodes": [1790450418, 4563745362, 1790450409, 4563745363, 4563745365, 1790450371, 1790450423, 4563745364, 1790450427, 1790450378, 4563745361, 1790450415, 1790450418]}}, {"type": "Feature", "geometry": {"type": "Polygon", "coordinates": [[[126.9522075, 37.4609821], [126.9526028, 37.460786], [126.952681, 37.4608944], [126.9527466, 37.4609674], [126.9525161, 37.4610838], [126.9524433, 37.4610094], [126.9523253, 37.4610839], [126.9522933, 37.4611033], [126.9522352, 37.4610255], [126.9522075, 37.4609821]]]}, "properties": {"osm_type": "way", "osm_id": 167665986, "part": 0, "name": "자하연식당", "ref": "", "levels": "", "building": "yes", "nodes": [1790463222, 1790463228, 4527843432, 1790463233, 1790463231, 1790463225, 4527756103, 1790463237, 4527843425, 1790463222]}}, {"type": "Feature", "geometry": {"type": "Polygon", "coordinates": [[[126.9530705, 37.4608758], [126.9531635, 37.4607892], [126.9532194, 37.4607821], [126.9533025, 37.4607675], [126.9533549, 37.4607432], [126.9534138, 37.460816], [126.9534769, 37.4608938], [126.9531786, 37.4610432], [126.9530705, 37.4608758]]]}, "properties": {"osm_type": "way", "osm_id": 167666702, "part": 0, "name": "신양학술정보관 Ⅱ", "ref": "", "levels": "", "building": "university", "nodes": [1790468008, 1790468004, 4564750842, 1793022849, 1790468016, 4564750843, 1790468013, 1790468010, 1790468008]}}, {"type": "Feature", "geometry": {"type": "Polygon", "coordinates": [[[126.9525532, 37.4603308], [126.9525923, 37.4603106], [126.9527177, 37.4602798], [126.9527401, 37.4603182], [126.9527453, 37.4603358], [126.9532158, 37.46019], [126.9532535, 37.4602915], [126.9532989, 37.4603589], [126.9532656, 37.4603873], [126.9532354, 37.4603965], [126.9526776, 37.4605414], [126.9526638, 37.4605557], [126.9526412, 37.4604646], [126.9525532, 37.4603308]]]}, "properties": {"osm_type": "way", "osm_id": 167983080, "part": 0, "name": "인문대학", "ref": "", "levels": "", "building": "university", "nodes": [1793022852, 4564750847, 1793022860, 4564750851, 1793022850, 1793022858, 4564750854, 1793022848, 4564750852, 4564750853, 4564750850, 1793022857, 4564750849, 1793022852]}}, {"type": "Feature", "geometry": {"type": "Polygon", "coordinates": [[[126.9534467, 37.4604189], [126.9532485, 37.4605132], [126.9534641, 37.4608044], [126.9536409, 37.4610332], [126.9537421, 37.4609831], [126.9538392, 37.4609389], [126.953696, 37.4607505], [126.9534467, 37.4604189]]]}, "properties": {"osm_type": "way", "osm_id": 167983609, "part": 0, "name": "인문대학", "ref": "", "levels": "", "building": "university", "nodes": [1793027056, 1793027058, 4564750844, 1793027054, 4564750857, 1793027035, 4564750856, 1793027056]}}, {"type": "Feature", "geometry": {"type": "Polygon", "coordinates": [[[126.9536097, 37.4603613], [126.9536484, 37.4603667], [126.9538029, 37.4602655], [126.9539031, 37.4603967], [126.9542558, 37.4608585], [126.9542696, 37.4608765], [126.9541807, 37.4609194], [126.9540711, 37.4609723], [126.9538987, 37.4607325], [126.9537211, 37.4605088], [126.9536097, 37.4603613]]]}, "properties": {"osm_type": "way", "osm_id": 167983611, "part": 0, "name": "인문대학", "ref": "", "levels": "", "building": "university", "nodes": [1793027041, 4564750860, 1793027043, 4564750861, 4564750862, 1793027045, 4564750858, 1793027039, 4564750859, 1793027051, 1793027041]}}, {"type": "Feature", "geometry": {"type": "Polygon", "coordinates": [[[126.9554706, 37.4606997], [126.9555958, 37.460639], [126.9557871, 37.4605464], [126.9558364, 37.4606174], [126.9559052, 37.4607167], [126.9555994, 37.4608785], [126.9554706, 37.4606997]]]}, "properties": {"osm_type": "way", "osm_id": 167983986, "part": 0, "name": "제4식당", "ref": "", "levels": "", "building": "yes", "nodes": [1793031449, 4564809430, 1793031451, 1966229947, 1793031450, 1793031448, 1793031449]}}, {"type": "Feature", "geometry": {"type": "Polygon", "coordinates": [[[126.9519763, 37.4602743], [126.9526052, 37.4600836], [126.952679, 37.4601853], [126.95269, 37.4602598], [126.9520611, 37.4604506], [126.9520184, 37.4603829], [126.9519763, 37.4602743]]]}, "properties": {"osm_type": "way", "osm_id": 167984624, "part": 0, "name": "인문대학", "ref": "", "levels": "", "building": "university", "nodes": [1793038606, 1793038615, 4564750848, 1793038621, 1793038625, 4564750845, 1793038606]}}, {"type": "Feature", "geometry": {"type": "Polygon", "coordinates": [[[126.9488371, 37.4581437], [126.9487935, 37.4581368], [126.9480865, 37.4580256], [126.9481261, 37.4578664], [126.9481591, 37.4577338], [126.948332, 37.4577609], [126.9483975, 37.4574974], [126.9482366, 37.4574722], [126.9482702, 37.4573373], [126.9483052, 37.4571967], [126.948995, 37.4573049], [126.9490438, 37.4573125], [126.9489461, 37.457705], [126.9488371, 37.4581437]]]}, "properties": {"osm_type": "way", "osm_id": 179742149, "part": 0, "name": "농업생명과학대학", "ref": "", "levels": "6", "building": "university", "nodes": [1901811994, 4566528835, 1901811953, 4566528836, 1901812003, 1901811959, 1901811914, 1901811921, 4566528837, 1901811928, 4566528839, 1901811987, 4566528838, 1901811994]}}, {"type": "Feature", "geometry": {"type": "Polygon", "coordinates": [[[126.948309, 37.4597681], [126.9476319, 37.4596872], [126.9476801, 37.4594328], [126.9483572, 37.4595137], [126.948309, 37.4597681]]]}, "properties": {"osm_type": "way", "osm_id": 179742150, "part": 0, "name": "자연과학대학 (502)", "ref": "", "levels": "", "building": "university", "nodes": [1901811996, 1901812000, 1901811934, 1901811932, 1901811996]}}, {"type": "Feature", "geometry": {"type": "Polygon", "coordinates": [[[126.9502342, 37.4589094], [126.9501849, 37.4588151], [126.9501483, 37.4587451], [126.9504406, 37.4586488], [126.9505265, 37.4588131], [126.9502342, 37.4589094]]]}, "properties": {"osm_type": "way", "osm_id": 179742151, "part": 0, "name": "26동", "ref": "", "levels": "", "building": "university", "nodes": [1901811919, 4514815253, 1901811961, 1901811935, 1901811998, 1901811919]}}, {"type": "Feature", "geometry": {"type": "Polygon", "coordinates": [[[126.9484561, 37.4588862], [126.9477907, 37.4588], [126.947838, 37.4585697], [126.9485034, 37.4586559], [126.9484796, 37.4587718], [126.9484561, 37.4588862]]]}, "properties": {"osm_type": "way", "osm_id": 179742153, "part": 0, "name": "자연과학대학", "ref": "", "levels": "", "building": "university", "nodes": [1901811989, 1901811990, 1901811960, 1901811967, 4562091906, 1901811989]}}, {"type": "Feature", "geometry": {"type": "Polygon", "coordinates": [[[126.9511307, 37.4551846], [126.9511417, 37.4551025], [126.9512196, 37.455109], [126.9512248, 37.4550706], [126.9511289, 37.4550626], [126.9511632, 37.4548053], [126.9512651, 37.4548139], [126.9512688, 37.4547855], [126.9511605, 37.4547764], [126.9511924, 37.4545373], [126.9513313, 37.454549], [126.951338, 37.4544984], [126.9512098, 37.4544876], [126.9512297, 37.454338], [126.9514985, 37.4543606], [126.9518876, 37.4543933], [126.9518681, 37.4545396], [126.9516924, 37.4545249], [126.951683, 37.4545954], [126.9518519, 37.4546096], [126.9518297, 37.4547759], [126.9516691, 37.4547624], [126.9516555, 37.4548643], [126.951829, 37.4548789], [126.951807, 37.4550433], [126.9516309, 37.4550285], [126.9516233, 37.4550862], [126.9517856, 37.4550999], [126.9517672, 37.4552381], [126.9511307, 37.4551846]]]}, "properties": {"osm_type": "way", "osm_id": 179742154, "part": 0, "name": "공과대학", "ref": "", "levels": "", "building": "university", "nodes": [1901811970, 1901811966, 1901811965, 1901811968, 1901811983, 1901811963, 1901811962, 1901811958, 1901811971, 1901811906, 1901811915, 1901811969, 1901811917, 1901811923, 4564999901, 1901811927, 1901811925, 1901811937, 1901812001, 1901811922, 1901811985, 1901811981, 1901811979, 1901811955, 1901811964, 1901811957, 1901811956, 1901811930, 1901811920, 1901811970]}}, {"type": "Feature", "geometry": {"type": "Polygon", "coordinates": [[[126.94838, 37.4593397], [126.9476671, 37.459246], [126.9477165, 37.4590089], [126.9484295, 37.4591025], [126.9484402, 37.4591153], [126.94838, 37.4593397]]]}, "properties": {"osm_type": "way", "osm_id": 179742155, "part": 0, "name": "자연과학대학", "ref": "", "levels": "", "building": "university", "nodes": [1901811941, 1901811939, 1901811992, 1901811918, 4562091905, 1901811941]}}, {"type": "Feature", "geometry": {"type": "Polygon", "coordinates": [[[126.9552198, 37.4604591], [126.9551612, 37.4603853], [126.9550971, 37.4603046], [126.955226, 37.4602402], [126.9555273, 37.4600891], [126.955599, 37.4601793], [126.9556501, 37.4602436], [126.9552198, 37.4604591]]]}, "properties": {"osm_type": "way", "osm_id": 180954536, "part": 0, "name": "사범대학", "ref": "", "levels": "", "building": "university", "nodes": [1913998052, 4564750880, 1913998053, 4564750881, 1913998054, 4564750885, 1913998051, 1913998052]}}, {"type": "Feature", "geometry": {"type": "Polygon", "coordinates": [[[126.9514357, 37.4620165], [126.9513027, 37.4621276], [126.9514511, 37.4622388], [126.9519341, 37.46261], [126.9519917, 37.4625626], [126.9520672, 37.4625006], [126.9515344, 37.4620922], [126.9514357, 37.4620165]]]}, "properties": {"osm_type": "way", "osm_id": 185936758, "part": 0, "name": "법과대학", "ref": "", "levels": "", "building": "university", "nodes": [1966227322, 1966227312, 4564809472, 1966227309, 4564809475, 1966227316, 4564809479, 1966227322]}}, {"type": "Feature", "geometry": {"type": "Polygon", "coordinates": [[[126.9517037, 37.465136], [126.95187, 37.4650892], [126.952031, 37.4650892], [126.9520417, 37.4652254], [126.9519237, 37.4653361], [126.951972, 37.4653361], [126.9519771, 37.4653816], [126.9519996, 37.4655828], [126.9520241, 37.4655946], [126.9520701, 37.4655824], [126.9520653, 37.4655182], [126.9526875, 37.4654732], [126.9526786, 37.465551], [126.9526999, 37.4656726], [126.9520659, 37.4657048], [126.9520685, 37.465813], [126.9518647, 37.465796], [126.9518432, 37.4657704], [126.9517735, 37.465779], [126.9517565, 37.465622], [126.9517084, 37.4651791], [126.9517037, 37.465136]]]}, "properties": {"osm_type": "way", "osm_id": 185936759, "part": 0, "name": "경영대학 (SK경영관)", "ref": "", "levels": "", "building": "university", "nodes": [4563745359, 1966227319, 1966227311, 1966227314, 1966227310, 1966227317, 4563745356, 4373702792, 4563745355, 1966227308, 1966227315, 4373702794, 4563745358, 4373702795, 4373702793, 1966227313, 1966227318, 1966227321, 1966227320, 4563745354, 4563745360, 4563745359]}}, {"type": "Feature", "geometry": {"type": "Polygon", "coordinates": [[[126.9552298, 37.4584994], [126.9553613, 37.4585676], [126.9555195, 37.4585804], [126.9556751, 37.4585675], [126.9557851, 37.4584824], [126.9557905, 37.4583312], [126.9557153, 37.458246], [126.9556081, 37.4581992], [126.9555088, 37.4581736], [126.9553855, 37.4581779], [126.9552835, 37.4582119], [126.9551816, 37.4582652], [126.9551629, 37.458346], [126.9551601, 37.4584334], [126.9552298, 37.4584994]]]}, "properties": {"osm_type": "way", "osm_id": 193893586, "part": 0, "name": "버들골 풍산마당", "ref": "", "levels": "", "building": "yes", "nodes": [2044015677, 7127561112, 7127561108, 7127561109, 7127561110, 7127561111, 7127561106, 7127561105, 2583698618, 2583698623, 2583698624, 2583698626, 2583698627, 7127561107, 2044015677]}}, {"type": "Feature", "geometry": {"type": "Polygon", "coordinates": [[[126.9490152, 37.4592659], [126.9493666, 37.4591509], [126.949403, 37.4592377], [126.949439, 37.4593234], [126.9492915, 37.4593787], [126.9494755, 37.459734], [126.9495517, 37.4598812], [126.949434, 37.4599264], [126.9493317, 37.4599642], [126.9490152, 37.459334], [126.9490452, 37.4593257], [126.9490152, 37.4592659]]]}, "properties": {"osm_type": "way", "osm_id": 193893590, "part": 0, "name": "정보화본부(102동)", "ref": "", "levels": "", "building": "university", "nodes": [2044015747, 2044015695, 4562088352, 2044015732, 2044015694, 4562088351, 2044015739, 4562088350, 2044015691, 2044015713, 2044015708, 2044015747]}}, {"type": "Feature", "geometry": {"type": "Polygon", "coordinates": [[[126.9535911, 37.4600728], [126.9539639, 37.4598876], [126.9539746, 37.4598599], [126.9541409, 37.4597662], [126.9540739, 37.4596619], [126.9539317, 37.4596342], [126.953819, 37.4596917], [126.9537654, 37.4597151], [126.9534274, 37.4595831], [126.9533765, 37.4596768], [126.9532906, 37.4597215], [126.9533336, 37.4597492], [126.9535451, 37.460015], [126.9535911, 37.4600728]]]}, "properties": {"osm_type": "way", "osm_id": 193893591, "part": 0, "name": "교수학습개발센터 및 기초교육원", "ref": "", "levels": "", "building": "university", "nodes": [2044015686, 2044015674, 2044015688, 2044015723, 2044015734, 2044015726, 2044015711, 2044015684, 2044015768, 2044015696, 2044015741, 2044015717, 4564750872, 2044015686]}}, {"type": "Feature", "geometry": {"type": "Polygon", "coordinates": [[[126.9522037, 37.4492634], [126.9522493, 37.4492634], [126.9524049, 37.4492618], [126.952657, 37.4492591], [126.9526704, 37.4497595], [126.9525953, 37.4497595], [126.9526301, 37.4504856], [126.9524317, 37.4504835], [126.9522332, 37.4504814], [126.9522241, 37.4501791], [126.9522211, 37.4500777], [126.9522117, 37.4497659], [126.9523673, 37.449768], [126.95237, 37.4496956], [126.9522144, 37.4496935], [126.9522091, 37.4494785], [126.9522073, 37.449335], [126.9522069, 37.4493073], [126.9522037, 37.4492634]]]}, "properties": {"osm_type": "way", "osm_id": 228476658, "part": 0, "name": "제1공학관", "ref": "", "levels": "15", "building": "university", "nodes": [2371536453, 2371536454, 4749980474, 2371536455, 2371536456, 2371536457, 2371536458, 4749980473, 2371536459, 4749980478, 4749980479, 2371536460, 2371536461, 2371536462, 2371536463, 4749980475, 8534923518, 8534923520, 2371536453]}}, {"type": "Feature", "geometry": {"type": "Polygon", "coordinates": [[[126.9594484, 37.4647633], [126.9595128, 37.4646973], [126.9596281, 37.4647676], [126.959722, 37.4646952], [126.9596201, 37.4645909], [126.9595128, 37.4645228], [126.9595771, 37.4645015], [126.9596361, 37.4644376], [126.9597649, 37.4643993], [126.9598159, 37.464461], [126.9600036, 37.4646249], [126.9604945, 37.4648825], [126.9603496, 37.4650678], [126.9600626, 37.4649102], [126.9600278, 37.4649485], [126.9600841, 37.4649847], [126.9600063, 37.4650529], [126.9594484, 37.4647633]]]}, "properties": {"osm_type": "way", "osm_id": 230089557, "part": 0, "name": "국제백신연구소", "ref": "", "levels": "5", "building": "yes", "nodes": [2386177981, 2386177982, 2386177983, 2386177984, 2386177985, 2386177986, 2386177987, 2386177988, 2386177989, 2386177990, 2386177991, 2386177992, 2386177993, 2386177994, 2386177995, 2386177996, 2386177997, 2386177981]}}, {"type": "Feature", "geometry": {"type": "Polygon", "coordinates": [[[126.9510651, 37.464347], [126.95131, 37.4642902], [126.9512908, 37.464238], [126.9512239, 37.4640492], [126.951244, 37.4640434], [126.95132, 37.464024], [126.9510905, 37.4634007], [126.9510957, 37.4633538], [126.9511017, 37.4633003], [126.9514884, 37.4629774], [126.9512727, 37.4628147], [126.9511895, 37.4628842], [126.9508939, 37.4631361], [126.9509386, 37.4631631], [126.9508391, 37.4632472], [126.9508093, 37.4632672], [126.9509418, 37.4634592], [126.9505844, 37.4637799], [126.9508749, 37.4639543], [126.9509158, 37.4639883], [126.9510651, 37.464347]]]}, "properties": {"osm_type": "way", "osm_id": 231167704, "part": 0, "name": "사회과학관 (이희건관)", "ref": "", "levels": "", "building": "university", "nodes": [2395781112, 2395781121, 4564809460, 2395781114, 4564809461, 2395781127, 2395781117, 4564809455, 2395781125, 2395781108, 2395781111, 4564809464, 2395781115, 2395781118, 14007509789, 14007509785, 14007509786, 2395781110, 4564809456, 2395781122, 2395781112]}}, {"type": "Feature", "geometry": {"type": "Polygon", "coordinates": [[[126.9501283, 37.463537], [126.9504083, 37.4632976], [126.9504826, 37.4632363], [126.9502808, 37.4630865], [126.9502006, 37.4631546], [126.9501089, 37.4630865], [126.9500188, 37.4631629], [126.9498348, 37.4633191], [126.9501283, 37.463537]]]}, "properties": {"osm_type": "way", "osm_id": 231168241, "part": 0, "name": "아시아연구소", "ref": "", "levels": "", "building": "university", "nodes": [2395785095, 4564809448, 2395785101, 2395785093, 2395785103, 2395785092, 4564809446, 2395785085, 2395785095]}}, {"type": "Feature", "geometry": {"type": "Polygon", "coordinates": [[[126.9493515, 37.4636495], [126.949435, 37.46352], [126.9494722, 37.4634622], [126.9496304, 37.4633642], [126.9496546, 37.4633621], [126.949737, 37.4634278], [126.9499028, 37.46356], [126.9496734, 37.4637412], [126.9496225, 37.4637006], [126.9496037, 37.4637155], [126.9495848, 37.4637304], [126.9495312, 37.4637219], [126.9494534, 37.4636687], [126.9494078, 37.4636921], [126.9493515, 37.4636495]]]}, "properties": {"osm_type": "way", "osm_id": 231168242, "part": 0, "name": "두레학생문예관", "ref": "", "levels": "", "building": "university", "nodes": [2395785096, 4564809444, 2395785089, 2395785099, 2395785091, 4564809445, 2395785098, 2395785087, 2395785094, 4564809443, 2395785086, 2395785088, 2395785097, 2395785090, 2395785096]}}, {"type": "Feature", "geometry": {"type": "Polygon", "coordinates": [[[126.9510028, 37.4629427], [126.9511223, 37.4628361], [126.9511854, 37.4627793], [126.9509743, 37.4626307], [126.95088, 37.4625643], [126.9508232, 37.4626151], [126.9506974, 37.4627277], [126.9508084, 37.4628058], [126.9510028, 37.4629427]]]}, "properties": {"osm_type": "way", "osm_id": 238935654, "part": 0, "name": "신양학술정보관 Ⅲ", "ref": "", "levels": "", "building": "public", "nodes": [2467457886, 4564809465, 2467457885, 4564809470, 2467457887, 4564809469, 3362809749, 4564809466, 2467457886]}}, {"type": "Feature", "geometry": {"type": "Polygon", "coordinates": [[[126.9519794, 37.4621496], [126.9522974, 37.4618834], [126.9518818, 37.4615706], [126.9515638, 37.4618368], [126.9516228, 37.4618812], [126.9519794, 37.4621496]]]}, "properties": {"osm_type": "way", "osm_id": 238935744, "part": 0, "name": "법학도서관 (국산도서관, 서암관)", "ref": "", "levels": "", "building": "yes", "nodes": [2467458581, 2467458579, 2467458582, 2467458580, 4564809480, 2467458581]}}, {"type": "Feature", "geometry": {"type": "Polygon", "coordinates": [[[126.9520264, 37.462166], [126.9522196, 37.4620127], [126.9522703, 37.462071], [126.9523, 37.4621149], [126.9523293, 37.462186], [126.9523429, 37.4622639], [126.9523185, 37.4623691], [126.9522649, 37.4624457], [126.9521927, 37.4624981], [126.9519835, 37.4623491], [126.952012, 37.4623323], [126.9520372, 37.462315], [126.9520694, 37.462281], [126.9520747, 37.4622426], [126.952064, 37.4622086], [126.9520264, 37.462166]]]}, "properties": {"osm_type": "way", "osm_id": 238935767, "part": 0, "name": "근대법학교육100주년기념관", "ref": "", "levels": "", "building": "university", "nodes": [2467458743, 2467458742, 2467458750, 2467458744, 2467458741, 2467458749, 2467458753, 2467458752, 2467458748, 2467458751, 4564809476, 2467458745, 2467458754, 2467458746, 2467458747, 2467458743]}}, {"type": "Feature", "geometry": {"type": "Polygon", "coordinates": [[[126.9496798, 37.4623445], [126.9498485, 37.4624683], [126.9498753, 37.4624555], [126.9500094, 37.4625535], [126.9500631, 37.4625072], [126.9501593, 37.4625775], [126.9502562, 37.4624939], [126.9502854, 37.4625309], [126.9503532, 37.4624727], [126.9503959, 37.4625041], [126.9507001, 37.4622429], [126.9504109, 37.4620306], [126.9502138, 37.461886], [126.9496798, 37.4623445]]]}, "properties": {"osm_type": "way", "osm_id": 238935852, "part": 0, "name": "규장각한국학연구원", "ref": "", "levels": "", "building": "university", "nodes": [2467461783, 2467461774, 2467461791, 2467461786, 2467461802, 2467461789, 2467461794, 2467461780, 2467461800, 2467461777, 2467461797, 4564809482, 2467461804, 2467461783]}}, {"type": "Feature", "geometry": {"type": "Polygon", "coordinates": [[[126.9514741, 37.4629367], [126.9517315, 37.4627185], [126.9517981, 37.462768], [126.951835, 37.4627367], [126.9519452, 37.4626433], [126.9520087, 37.4626905], [126.9520826, 37.4627454], [126.9518656, 37.4629293], [126.9518062, 37.4628852], [126.9516187, 37.4630442], [126.9514741, 37.4629367]]]}, "properties": {"osm_type": "way", "osm_id": 238935911, "part": 0, "name": "법과대학", "ref": "", "levels": "", "building": "university", "nodes": [2467462403, 2467462405, 2467462404, 4564809467, 2467462406, 4564809468, 2467462402, 2467462408, 2467462401, 2467462407, 2467462403]}}, {"type": "Feature", "geometry": {"type": "Polygon", "coordinates": [[[126.9547644, 37.4598236], [126.9549023, 37.4597043], [126.9549291, 37.4596846], [126.9548242, 37.4595573], [126.9547921, 37.4595064], [126.954795, 37.4594486], [126.9548504, 37.4593583], [126.9548737, 37.4593699], [126.9549116, 37.4594324], [126.9549757, 37.4593953], [126.954932, 37.4593259], [126.9547309, 37.459245], [126.9545997, 37.4594324], [126.9545706, 37.4594948], [126.9545881, 37.4595689], [126.954648, 37.4596555], [126.9547644, 37.4598236]]]}, "properties": {"osm_type": "way", "osm_id": 238936704, "part": 0, "name": "기초사범교육협력센터", "ref": "", "levels": "", "building": "university", "nodes": [2467466136, 4564809433, 2548580418, 2467466135, 3715417145, 3715417144, 3715417143, 3715417142, 3715417141, 3715417140, 4564809432, 3715417138, 3715417137, 3715417136, 2548580417, 4564809431, 2467466136]}}, {"type": "Feature", "geometry": {"type": "Polygon", "coordinates": [[[126.95436, 37.4609354], [126.9543, 37.4608527], [126.9542366, 37.4607651], [126.9543388, 37.4607101], [126.9545068, 37.4606182], [126.9546872, 37.4605224], [126.9547527, 37.4606077], [126.9548213, 37.460697], [126.95436, 37.4609354]]]}, "properties": {"osm_type": "way", "osm_id": 238936948, "part": 0, "name": "인문대학", "ref": "", "levels": "", "building": "university", "nodes": [2467468171, 4564750863, 2467468170, 4564750864, 2467468975, 2467468173, 4564750865, 2467468172, 2467468171]}}, {"type": "Feature", "geometry": {"type": "Polygon", "coordinates": [[[126.9545068, 37.4606182], [126.9544738, 37.4605778], [126.9541744, 37.4601797], [126.9540381, 37.4599986], [126.9541051, 37.4599612], [126.9542366, 37.4598879], [126.954364, 37.4600633], [126.9547044, 37.4605141], [126.9546959, 37.4605183], [126.9546872, 37.4605224], [126.9545068, 37.4606182]]]}, "properties": {"osm_type": "way", "osm_id": 238937021, "part": 0, "name": "인문대학", "ref": "", "levels": "", "building": "university", "nodes": [2467468975, 4564750867, 2467469234, 2467468976, 4564750871, 2467468973, 4564750870, 7912563922, 4564750866, 2467468173, 2467468975]}}, {"type": "Feature", "geometry": {"type": "Polygon", "coordinates": [[[126.953935, 37.4602964], [126.9540973, 37.4602173], [126.9541744, 37.4601797], [126.9540381, 37.4599986], [126.9538036, 37.460126], [126.9539079, 37.4602613], [126.953935, 37.4602964]]]}, "properties": {"osm_type": "way", "osm_id": 238937058, "part": 0, "name": "두산인문관", "ref": "", "levels": "", "building": "public", "nodes": [2467469233, 4564750868, 2467469234, 2467468976, 2548580420, 4564750869, 2467469233]}}, {"type": "Feature", "geometry": {"type": "Polygon", "coordinates": [[[126.9562161, 37.4600199], [126.9557435, 37.4602695], [126.9556396, 37.4601308], [126.9557654, 37.4600668], [126.9557261, 37.4600178], [126.9556689, 37.459939], [126.9556284, 37.4599888], [126.9555133, 37.459922], [126.955626, 37.4598155], [126.9557654, 37.4597559], [126.9559449, 37.4597631], [126.9560337, 37.4598411], [126.9560659, 37.459824], [126.9562161, 37.4600199]]]}, "properties": {"osm_type": "way", "osm_id": 238937145, "part": 0, "name": "교육정보관", "ref": "", "levels": "", "building": "university", "nodes": [2467469659, 2467469655, 2467469660, 2467469654, 4564750884, 2467469666, 2467469663, 2467469658, 2467469665, 2467469656, 2467469662, 2467469657, 2467469661, 2467469659]}}, {"type": "Feature", "geometry": {"type": "Polygon", "coordinates": [[[126.9499665, 37.4598156], [126.9500912, 37.4597736], [126.9502103, 37.4597334], [126.9501529, 37.4596211], [126.9499727, 37.4592687], [126.9498538, 37.4590363], [126.949737, 37.4590795], [126.9496234, 37.4591215], [126.9499665, 37.4598156]]]}, "properties": {"osm_type": "way", "osm_id": 238937635, "part": 0, "name": "24동", "ref": "", "levels": "", "building": "university", "nodes": [2467472311, 4562088355, 2467472305, 4562088356, 4562088357, 2467472309, 4562088362, 2467472308, 2467472311]}}, {"type": "Feature", "geometry": {"type": "Polygon", "coordinates": [[[126.9529884, 37.467616], [126.9531626, 37.4672572], [126.9532632, 37.467288], [126.9533676, 37.467073], [126.9535987, 37.4671437], [126.9535233, 37.4672991], [126.9537792, 37.4673774], [126.9538557, 37.4672199], [126.9538933, 37.4672454], [126.9539318, 37.4671812], [126.9540086, 37.4672103], [126.9539857, 37.4672485], [126.9540692, 37.4672801], [126.9537876, 37.4677491], [126.9537026, 37.467717], [126.9536167, 37.467734], [126.9535768, 37.4676797], [126.9537323, 37.4675094], [126.9535011, 37.4674387], [126.9533598, 37.4677297], [126.9529884, 37.467616]]]}, "properties": {"osm_type": "way", "osm_id": 238937965, "part": 0, "name": "수의과대학", "ref": "", "levels": "", "building": "university", "nodes": [2467474562, 2467474558, 2467474541, 2467474574, 2467474552, 2467474549, 2467474539, 2467474566, 2467474568, 2467474545, 2467474543, 2467474547, 2467474536, 2467474560, 2467474556, 2467474570, 2467474564, 2467474577, 2467474554, 2467474572, 2467474562]}}, {"type": "Feature", "geometry": {"type": "Polygon", "coordinates": [[[126.9543186, 37.459454], [126.9543504, 37.4593929], [126.9543987, 37.4592999], [126.9536918, 37.4590468], [126.953422, 37.4589502], [126.9533728, 37.4590472], [126.9533389, 37.459114], [126.9539779, 37.4593358], [126.9543186, 37.459454]]]}, "properties": {"osm_type": "way", "osm_id": 251646340, "part": 0, "name": "사범대학", "ref": "", "levels": "", "building": "university", "nodes": [2578312849, 4564809434, 2578312850, 4564809437, 2578312851, 3046617635, 2578312852, 4564809435, 2578312849]}}, {"type": "Feature", "geometry": {"type": "Polygon", "coordinates": [[[126.949763, 37.4661502], [126.9494273, 37.4666214], [126.949666, 37.4667285], [126.9500016, 37.4662573], [126.949763, 37.4661502]]]}, "properties": {"osm_type": "way", "osm_id": 252233408, "part": 0, "name": "서울대학교 미술관", "ref": "", "levels": "5", "building": "public", "nodes": [2583219717, 2583219723, 2583219721, 2583219719, 2583219717]}}, {"type": "Feature", "geometry": {"type": "Polygon", "coordinates": [[[126.9625442, 37.4682075], [126.9626649, 37.4680755], [126.9627481, 37.4681224], [126.9626247, 37.4682565], [126.9625442, 37.4682075]]]}, "properties": {"osm_type": "way", "osm_id": 252282916, "part": 0, "name": "", "ref": "", "levels": "", "building": "apartments", "nodes": [2583710677, 2583710678, 2583710679, 2583710680, 2583710677]}}, {"type": "Feature", "geometry": {"type": "Polygon", "coordinates": [[[126.9625121, 37.468231], [126.9622546, 37.4683204], [126.9622975, 37.4683927], [126.9625523, 37.4683012], [126.9625121, 37.468231]]]}, "properties": {"osm_type": "way", "osm_id": 252282917, "part": 0, "name": "", "ref": "", "levels": "", "building": "apartments", "nodes": [2583710681, 2583710682, 2583710683, 2583710684, 2583710681]}}, {"type": "Feature", "geometry": {"type": "Polygon", "coordinates": [[[126.9505528, 37.4560337], [126.9507038, 37.4560478], [126.9508468, 37.4560611], [126.950869, 37.455911], [126.9509339, 37.4554731], [126.9509441, 37.4554042], [126.9509496, 37.4553671], [126.9506555, 37.4553396], [126.9505528, 37.4560337]]]}, "properties": {"osm_type": "way", "osm_id": 262983332, "part": 0, "name": "공과대학", "ref": "", "levels": "5", "building": "university", "nodes": [2686226006, 4564998583, 2686226007, 4564998584, 13617883880, 4564998585, 2686226008, 2686226009, 2686226006]}}, {"type": "Feature", "geometry": {"type": "Polygon", "coordinates": [[[126.9494833, 37.4638413], [126.9494878, 37.4638442], [126.9494933, 37.4638399], [126.9492974, 37.4636906], [126.9492937, 37.4636941], [126.9492976, 37.463697], [126.9491402, 37.4638261], [126.94908, 37.4638755], [126.9492666, 37.4640187], [126.9494833, 37.4638413]]]}, "properties": {"osm_type": "way", "osm_id": 297044753, "part": 0, "name": "IBK 커뮤니케이션센터", "ref": "", "levels": "5", "building": "university", "nodes": [3008829436, 13480994040, 13480994039, 3008829435, 3008829440, 3008829439, 4564809442, 13480993806, 13480993805, 3008829436]}}, {"type": "Feature", "geometry": {"type": "Polygon", "coordinates": [[[126.9537092, 37.4648211], [126.95364, 37.4647248], [126.9535764, 37.4646363], [126.9537732, 37.4645532], [126.9539991, 37.464463], [126.9539523, 37.4643906], [126.9538453, 37.4642254], [126.9536503, 37.4639241], [126.9536127, 37.463866], [126.9540499, 37.4636752], [126.9541532, 37.463818], [126.953927, 37.4639211], [126.9540005, 37.4640225], [126.9540344, 37.4640694], [126.954249, 37.4639716], [126.954349, 37.4641099], [126.9541163, 37.464216], [126.9542361, 37.4643816], [126.9544821, 37.4642695], [126.9547195, 37.4645977], [126.9544709, 37.464711], [126.9543616, 37.4645599], [126.9542523, 37.4646097], [126.9537092, 37.4648211]]]}, "properties": {"osm_type": "way", "osm_id": 297046999, "part": 0, "name": "종합교육연구동", "ref": "", "levels": "5", "building": "university", "nodes": [4531517989, 4531518011, 3008849240, 4514856038, 3008849241, 4563745381, 4531515084, 4531515085, 3008849242, 3008849243, 3008849244, 3008849245, 4563745383, 3008849246, 3008849247, 3008849248, 3008849249, 3008849250, 3008849251, 3008849252, 3008849253, 3008849254, 4514838231, 4531517989]}}, {"type": "Feature", "geometry": {"type": "Polygon", "coordinates": [[[126.9547169, 37.4652385], [126.9544793, 37.4648955], [126.954398, 37.464778], [126.9547835, 37.4646098], [126.9548552, 37.4645785], [126.9549602, 37.4647301], [126.9547074, 37.4648403], [126.9549214, 37.4651493], [126.9547169, 37.4652385]]]}, "properties": {"osm_type": "way", "osm_id": 297047243, "part": 0, "name": "보건대학원", "ref": "", "levels": "5", "building": "university", "nodes": [3008852253, 4563745384, 3008852254, 4563745385, 3008852255, 3008852256, 3008852257, 3008852258, 3008852253]}}, {"type": "Feature", "geometry": {"type": "Polygon", "coordinates": [[[126.9537309, 37.4623748], [126.9542339, 37.462462], [126.9542812, 37.4622902], [126.9543568, 37.4620156], [126.9543655, 37.4619839], [126.9540832, 37.4619349], [126.9540041, 37.4622251], [126.9539981, 37.462244], [126.9537775, 37.4622057], [126.9537309, 37.4623748]]]}, "properties": {"osm_type": "way", "osm_id": 297047483, "part": 0, "name": "환경대학원", "ref": "", "levels": "5", "building": "university", "nodes": [3008856190, 3008856191, 4566528830, 4566528831, 3008856192, 3008856193, 4566528829, 3008856194, 3008856195, 3008856190]}}, {"type": "Feature", "geometry": {"type": "Polygon", "coordinates": [[[126.9484774, 37.4604094], [126.9484204, 37.4602745], [126.948371, 37.4602852], [126.9482446, 37.4599398], [126.9483244, 37.4599231], [126.9485227, 37.4598953], [126.9486026, 37.4598762], [126.9487001, 37.4601815], [126.9486131, 37.4602392], [126.9486474, 37.460348], [126.9486088, 37.4603562], [126.9485521, 37.4603683], [126.9485617, 37.4603925], [126.9484774, 37.4604094]]]}, "properties": {"osm_type": "way", "osm_id": 297047750, "part": 0, "name": "자연과학대학", "ref": "", "levels": "", "building": "university", "nodes": [3008862757, 3008862758, 3008862759, 3008862760, 3362748380, 3008862761, 14050364251, 3008862762, 3008862763, 3008862764, 4562091902, 3008862765, 3008862766, 3008862757]}}, {"type": "Feature", "geometry": {"type": "Polygon", "coordinates": [[[126.9533254, 37.4588664], [126.953422, 37.4589502], [126.9533728, 37.4590472], [126.9532352, 37.4589433], [126.9533254, 37.4588664]]]}, "properties": {"osm_type": "way", "osm_id": 300587512, "part": 0, "name": "", "ref": "", "levels": "", "building": "university", "nodes": [1789883167, 2578312851, 3046617635, 3046617636, 1789883167]}}, {"type": "Feature", "geometry": {"type": "Polygon", "coordinates": [[[126.9583656, 37.4648503], [126.9583642, 37.464886], [126.9581155, 37.46488], [126.9580073, 37.4648777], [126.9580022, 37.4650295], [126.9580469, 37.4650305], [126.9582439, 37.4650358], [126.9582307, 37.4653446], [126.9582253, 37.4654854], [126.9580143, 37.4654803], [126.9580078, 37.4656509], [126.9584385, 37.4656612], [126.9584693, 37.4648528], [126.9583656, 37.4648503]]]}, "properties": {"osm_type": "way", "osm_id": 310022287, "part": 0, "name": "BK국제관", "ref": "", "levels": "4", "building": "apartments", "nodes": [4628165848, 4628165850, 4628165849, 3153783931, 4628165852, 3153783930, 4628165851, 3153783933, 3153783927, 3153783926, 3153783925, 4195859502, 3153783946, 4628165848]}}, {"type": "Feature", "geometry": {"type": "Polygon", "coordinates": [[[126.9603267, 37.4660966], [126.9602657, 37.4660522], [126.9603613, 37.4659696], [126.960976, 37.4664177], [126.96071, 37.4666476], [126.9604538, 37.4664609], [126.9605424, 37.4663843], [126.9602448, 37.4661673], [126.9603267, 37.4660966]]]}, "properties": {"osm_type": "way", "osm_id": 313338192, "part": 0, "name": "SK텔레콤 연구동", "ref": "", "levels": "5", "building": "yes", "nodes": [3192612230, 3192612231, 3192612232, 3192612233, 3192612234, 3192612235, 3192612236, 3192612237, 3192612230]}}, {"type": "Feature", "geometry": {"type": "Polygon", "coordinates": [[[126.9497024, 37.4560368], [126.9496668, 37.4562806], [126.9496553, 37.4562847], [126.9496686, 37.4563081], [126.9496829, 37.4563333], [126.9497965, 37.4562925], [126.949867, 37.456299], [126.9498738, 37.4562521], [126.9498932, 37.4561195], [126.9498375, 37.4561144], [126.9498469, 37.4560501], [126.9497024, 37.4560368]]]}, "properties": {"osm_type": "way", "osm_id": 320669392, "part": 0, "name": "해동학술관", "ref": "", "levels": "", "building": "university", "nodes": [3272938485, 3272938482, 14050364137, 3927939014, 14050364139, 14050364138, 14047967125, 14050364135, 14047967124, 3272938483, 3272938484, 3272938485]}}, {"type": "Feature", "geometry": {"type": "Polygon", "coordinates": [[[126.9567149, 37.4683334], [126.9572622, 37.4685584], [126.9573301, 37.4684544], [126.9567827, 37.4682295], [126.9567149, 37.4683334]]]}, "properties": {"osm_type": "way", "osm_id": 320674219, "part": 0, "name": "I", "ref": "", "levels": "5", "building": "apartments", "nodes": [3273000479, 3273000480, 3273000481, 3273000482, 3273000479]}}, {"type": "Feature", "geometry": {"type": "Polygon", "coordinates": [[[126.9518425, 37.458584], [126.9528919, 37.4593724], [126.9529427, 37.4593299], [126.9529954, 37.4592857], [126.9519808, 37.4585234], [126.951946, 37.4584972], [126.9518425, 37.458584]]]}, "properties": {"osm_type": "way", "osm_id": 329398175, "part": 0, "name": "관정도서관", "ref": "", "levels": "", "building": "yes", "nodes": [3362750257, 3362750258, 4562091901, 3362750259, 4562091900, 3362750260, 3362750257]}}, {"type": "Feature", "geometry": {"type": "Polygon", "coordinates": [[[126.9483244, 37.4599231], [126.948309, 37.4597681], [126.9483572, 37.4595137], [126.94838, 37.4593397], [126.9484402, 37.4591153], [126.9484295, 37.4591025], [126.9484561, 37.4588862], [126.9484796, 37.4587718], [126.9485034, 37.4586559], [126.9487306, 37.4586211], [126.9485318, 37.4594722], [126.9484636, 37.4597507], [126.948493, 37.4598227], [126.9485227, 37.4598953], [126.9483244, 37.4599231]]]}, "properties": {"osm_type": "way", "osm_id": 329398248, "part": 0, "name": "자연과학대학", "ref": "", "levels": "0", "building": "university", "nodes": [3362748380, 1901811996, 1901811932, 1901811941, 4562091905, 1901811918, 1901811989, 4562091906, 1901811967, 3362748382, 4562091904, 3362748384, 4562091903, 3008862761, 3362748380]}}, {"type": "Feature", "geometry": {"type": "Polygon", "coordinates": [[[126.9510505, 37.4563408], [126.9510714, 37.4561713], [126.9504705, 37.4561245], [126.9504632, 37.4561842], [126.9500022, 37.4561484], [126.9499934, 37.4562195], [126.9504416, 37.4562544], [126.9504369, 37.456293], [126.9510505, 37.4563408]]]}, "properties": {"osm_type": "way", "osm_id": 347804717, "part": 0, "name": "공과대학", "ref": "", "levels": "5", "building": "university", "nodes": [3540581364, 3540581365, 4625027974, 4625027975, 3540581367, 4373965742, 4625027976, 4373965743, 3540581364]}}, {"type": "Feature", "geometry": {"type": "Polygon", "coordinates": [[[126.9510516, 37.4556078], [126.951068, 37.4554841], [126.9510776, 37.4554112], [126.9510822, 37.455376], [126.951758, 37.4554322], [126.9517274, 37.455664], [126.9514988, 37.455645], [126.9510516, 37.4556078]]]}, "properties": {"osm_type": "way", "osm_id": 347806719, "part": 0, "name": "공학관7", "ref": "", "levels": "5", "building": "university", "nodes": [3540602521, 13617883881, 13617795535, 3540602522, 3540602523, 3540602526, 13617795537, 3540602521]}}, {"type": "Feature", "geometry": {"type": "Polygon", "coordinates": [[[126.951331, 37.4562137], [126.9514663, 37.4562271], [126.9516281, 37.4562431], [126.951668, 37.4558691], [126.9516767, 37.4557875], [126.9514797, 37.4557707], [126.9513898, 37.455763], [126.9513371, 37.4561672], [126.951331, 37.4562137]]]}, "properties": {"osm_type": "way", "osm_id": 347806720, "part": 0, "name": "공학관5", "ref": "", "levels": "5", "building": "university", "nodes": [3540602528, 13617883879, 3540602529, 13617883883, 3540602530, 13617795536, 3540602531, 13617883882, 3540602528]}}, {"type": "Feature", "geometry": {"type": "Polygon", "coordinates": [[[126.9519383, 37.4554404], [126.9521361, 37.4554458], [126.952156, 37.4549865], [126.9519582, 37.454981], [126.9519527, 37.455135], [126.9519383, 37.4554404]]]}, "properties": {"osm_type": "way", "osm_id": 347806722, "part": 0, "name": "신양학술정보관 I", "ref": "", "levels": "", "building": "university", "nodes": [3540602532, 3540602533, 3540602534, 3540602535, 4564999900, 3540602532]}}, {"type": "Feature", "geometry": {"type": "Polygon", "coordinates": [[[126.9490928, 37.4562652], [126.949117, 37.4562661], [126.9491572, 37.4562678], [126.9491534, 37.4563274], [126.9492614, 37.4563318], [126.9492858, 37.4559553], [126.9492907, 37.4558793], [126.9489098, 37.4558638], [126.9488816, 37.4562988], [126.9490901, 37.4563073], [126.9490928, 37.4562652]]]}, "properties": {"osm_type": "way", "osm_id": 347806723, "part": 0, "name": "대학신문", "ref": "", "levels": "6", "building": "university", "nodes": [14050364158, 4564998555, 14050364155, 14050364154, 14050364153, 4564998556, 3540602541, 3540602542, 14050364156, 14050364157, 14050364158]}}, {"type": "Feature", "geometry": {"type": "Polygon", "coordinates": [[[126.9568517, 37.4668954], [126.9573731, 37.4672481], [126.9574542, 37.4671726], [126.9569328, 37.4668199], [126.9568517, 37.4668954]]]}, "properties": {"osm_type": "way", "osm_id": 347806730, "part": 0, "name": "A", "ref": "", "levels": "10", "building": "apartments", "nodes": [3540602547, 3540602548, 3540602549, 3540602550, 3540602547]}}, {"type": "Feature", "geometry": {"type": "Polygon", "coordinates": [[[126.9574219, 37.4672744], [126.9575292, 37.4671765], [126.9576043, 37.467219], [126.9576364, 37.4674234], [126.9574219, 37.4672744]]]}, "properties": {"osm_type": "way", "osm_id": 347806732, "part": 0, "name": "B", "ref": "", "levels": "", "building": "apartments", "nodes": [3540602551, 3540602552, 3540602553, 3540602554, 3540602551]}}, {"type": "Feature", "geometry": {"type": "Polygon", "coordinates": [[[126.956585, 37.4671424], [126.956644, 37.4670402], [126.9569552, 37.4671467], [126.9572878, 37.4673681], [126.9571805, 37.4674788], [126.9568425, 37.4672701], [126.956585, 37.4671424]]]}, "properties": {"osm_type": "way", "osm_id": 347806733, "part": 0, "name": "C", "ref": "", "levels": "10", "building": "apartments", "nodes": [3540602555, 3540602556, 3540602557, 3540602558, 3540602559, 3540602560, 3540602555]}}, {"type": "Feature", "geometry": {"type": "Polygon", "coordinates": [[[126.9506284, 37.4572856], [126.9506316, 37.4572612], [126.9506354, 37.4572318], [126.950765, 37.457242], [126.9508035, 37.4572346], [126.9508327, 37.457217], [126.9508514, 37.4571976], [126.9509121, 37.4572198], [126.9508911, 37.4572476], [126.9508467, 37.4572745], [126.9507977, 37.4572893], [126.9507416, 37.4572958], [126.9506284, 37.4572856]]]}, "properties": {"osm_type": "way", "osm_id": 377154957, "part": 0, "name": "공대간이식당", "ref": "", "levels": "", "building": "yes", "nodes": [3805308070, 4564998560, 3805308071, 3805308072, 3805308080, 3805308073, 3805308074, 3805308075, 3805308076, 3805308077, 3805308078, 3805308079, 3805308070]}}, {"type": "Feature", "geometry": {"type": "Polygon", "coordinates": [[[126.9546435, 37.464192], [126.9550256, 37.4647477], [126.9550964, 37.4646877], [126.9550582, 37.4644339], [126.9548529, 37.4641], [126.9547584, 37.4639469], [126.9547346, 37.4639084], [126.9544427, 37.4640233], [126.9544007, 37.4639788], [126.9543002, 37.4640214], [126.9544357, 37.4642457], [126.954579, 37.4641829], [126.9547743, 37.4640974], [126.9547929, 37.4641289], [126.9546435, 37.464192]]]}, "properties": {"osm_type": "way", "osm_id": 386889980, "part": 0, "name": "국제대학원", "ref": "", "levels": "5", "building": "university", "nodes": [3902460114, 3902460115, 4828410004, 4828410003, 4563745387, 4563745989, 3902460117, 3902460118, 3902460119, 3902460120, 3902460121, 4563745388, 3902460122, 3902460123, 3902460114]}}, {"type": "Feature", "geometry": {"type": "Polygon", "coordinates": [[[126.9540636, 37.4635954], [126.9542835, 37.463951], [126.9543989, 37.4639063], [126.9542433, 37.4636614], [126.9542996, 37.4636295], [126.9543425, 37.4635912], [126.9543671, 37.4635522], [126.9543935, 37.4635103], [126.9544016, 37.4634272], [126.9543613, 37.4633336], [126.9543291, 37.4633144], [126.9542835, 37.4633485], [126.9543801, 37.4631952], [126.9543157, 37.4631079], [126.9540985, 37.4632122], [126.9539483, 37.4630696], [126.953959, 37.4629865], [126.9539778, 37.4629354], [126.9538544, 37.4628396], [126.9538115, 37.4628907], [126.9538624, 37.462944], [126.9538369, 37.4629836], [126.9538034, 37.4630355], [126.9537793, 37.4631356], [126.9538812, 37.4632527], [126.953967, 37.4633336], [126.954069, 37.4633123], [126.9541253, 37.4632846], [126.9541655, 37.4633357], [126.9542192, 37.463374], [126.9542567, 37.4634145], [126.9542648, 37.4634656], [126.9542594, 37.4635018], [126.9542433, 37.4635294], [126.9541923, 37.4635571], [126.9540636, 37.4635954]]]}, "properties": {"osm_type": "way", "osm_id": 386890380, "part": 0, "name": "예술관", "ref": "", "levels": "5", "building": "university", "nodes": [3902464746, 3902464747, 3902464748, 3902464749, 3902464750, 3902464751, 4752485021, 3902464752, 3902464753, 3902464754, 3902464755, 3902464756, 3902467457, 3902467458, 3902467459, 3902467460, 3902467461, 3902467462, 3902467463, 3902467464, 3902467465, 4564623360, 3902467466, 3902467467, 3902467468, 3902467469, 3902467470, 3902467471, 3902467472, 3902467473, 3902467474, 3902467475, 3902467476, 3902467477, 3902467478, 3902464746]}}, {"type": "Feature", "geometry": {"type": "Polygon", "coordinates": [[[126.9508161, 37.4482865], [126.9510986, 37.4482828], [126.951101, 37.4484904], [126.951136, 37.4484941], [126.951136, 37.4485803], [126.951136, 37.4486665], [126.951094, 37.448661], [126.951108, 37.44885], [126.9508138, 37.4488556], [126.9508114, 37.4487054], [126.9507741, 37.4487073], [126.9507764, 37.448457], [126.9508114, 37.4484533], [126.9508161, 37.4482865]]]}, "properties": {"osm_type": "way", "osm_id": 386890466, "part": 0, "name": "엔지니어하우스", "ref": "", "levels": "", "building": "university", "nodes": [3902463841, 3902463842, 3902463843, 3902463844, 4749960514, 3902463845, 3902463846, 3902463847, 3902463848, 3902463849, 3902463850, 3902463851, 3902463852, 3902463841]}}, {"type": "Feature", "geometry": {"type": "Polygon", "coordinates": [[[126.9529621, 37.4642899], [126.9534153, 37.4640902], [126.9535165, 37.4642349], [126.9532813, 37.4643385], [126.9533448, 37.4644293], [126.9535002, 37.4646515], [126.9533796, 37.4647046], [126.9532822, 37.4647475], [126.9532539, 37.4647082], [126.9531417, 37.4645527], [126.953038, 37.464401], [126.9529621, 37.4642899]]]}, "properties": {"osm_type": "way", "osm_id": 386890828, "part": 0, "name": "생활과학대학", "ref": "", "levels": "5", "building": "university", "nodes": [3902471602, 3902471603, 3902471604, 3902471605, 4531517992, 3902471606, 4563745376, 3902471607, 4563745375, 4531518017, 4563745378, 3902471602]}}, {"type": "Feature", "geometry": {"type": "Polygon", "coordinates": [[[126.9532192, 37.4652301], [126.9535991, 37.4650788], [126.9535762, 37.4650426], [126.9535341, 37.4649759], [126.9533488, 37.4650497], [126.9532839, 37.4649471], [126.9535996, 37.4648213], [126.9536527, 37.4648002], [126.9537176, 37.4649029], [126.9538844, 37.4651668], [126.953321, 37.4653911], [126.9532678, 37.465307], [126.9532192, 37.4652301]]]}, "properties": {"osm_type": "way", "osm_id": 386890861, "part": 0, "name": "행정대학원(57-1동)", "ref": "", "levels": "5", "building": "university", "nodes": [3902472770, 3902472771, 4563745371, 3902472772, 3902472773, 3902472774, 4531518015, 3902472775, 4514838230, 3902472776, 3902472777, 4563745370, 3902472770]}}, {"type": "Feature", "geometry": {"type": "Polygon", "coordinates": [[[126.9514806, 37.4572108], [126.9515367, 37.457321], [126.9515675, 37.4573111], [126.9516125, 37.4572967], [126.951644, 37.4573584], [126.9518185, 37.4573024], [126.9517309, 37.4571305], [126.9514806, 37.4572108]]]}, "properties": {"osm_type": "way", "osm_id": 386890918, "part": 0, "name": "폐기물보관소", "ref": "", "levels": "", "building": "university", "nodes": [3902472779, 3902472780, 4564998573, 3902472781, 3902472782, 3902472783, 3902472784, 3902472779]}}, {"type": "Feature", "geometry": {"type": "Polygon", "coordinates": [[[126.952202, 37.4670127], [126.9521741, 37.4670683], [126.9521147, 37.4670495], [126.9520797, 37.4671191], [126.9520426, 37.4671073], [126.9518671, 37.4674535], [126.9516963, 37.4673989], [126.9517592, 37.4672748], [126.9516952, 37.4672543], [126.9514809, 37.4676758], [126.9515623, 37.4677797], [126.9525024, 37.4680756], [126.9529205, 37.4672389], [126.952202, 37.4670127]]]}, "properties": {"osm_type": "way", "osm_id": 386891006, "part": 0, "name": "종합체육관", "ref": "", "levels": "4", "building": "yes", "nodes": [3902474775, 3902474776, 3902474777, 3902474778, 3902474779, 3902474780, 3902474781, 3902474782, 3902474783, 3902474784, 3902474785, 3902474786, 3902474787, 3902474775]}}, {"type": "Feature", "geometry": {"type": "Polygon", "coordinates": [[[126.9502264, 37.4667933], [126.9502007, 37.4671105], [126.950308, 37.467116], [126.9502941, 37.4672862], [126.9504266, 37.4672929], [126.9504662, 37.4668056], [126.9502264, 37.4667933]]]}, "properties": {"osm_type": "way", "osm_id": 386891016, "part": 0, "name": "입학본부", "ref": "", "levels": "5", "building": "university", "nodes": [3902474927, 3902474928, 3902474929, 3902474930, 3902474931, 3902474932, 3902474927]}}, {"type": "Feature", "geometry": {"type": "Polygon", "coordinates": [[[126.9507859, 37.4565147], [126.9509161, 37.4565241], [126.9510515, 37.4565338], [126.950971, 37.4571406], [126.9506947, 37.4571172], [126.950777, 37.4565738], [126.9507859, 37.4565147]]]}, "properties": {"osm_type": "way", "osm_id": 389628347, "part": 0, "name": "공과대학", "ref": "", "levels": "5", "building": "university", "nodes": [3927949242, 4564998562, 3927949243, 3927949244, 3927949245, 4564998563, 3927949242]}}, {"type": "Feature", "geometry": {"type": "Polygon", "coordinates": [[[126.9502012, 37.4572386], [126.9502146, 37.4571555], [126.9503055, 37.4571641], [126.9503259, 37.4571665], [126.9503514, 37.4569426], [126.950237, 37.4569336], [126.9500179, 37.4569163], [126.9496513, 37.4568873], [126.9496433, 37.4569597], [126.9495655, 37.4569533], [126.9495306, 37.4571768], [126.9502012, 37.4572386]]]}, "properties": {"osm_type": "way", "osm_id": 389628348, "part": 0, "name": "공과대학", "ref": "", "levels": "5", "building": "university", "nodes": [3927949247, 3927949248, 4564998559, 3927949249, 3927949250, 4564998558, 4564998557, 3927949251, 3927949252, 3927949253, 3927949254, 3927949247]}}, {"type": "Feature", "geometry": {"type": "Polygon", "coordinates": [[[126.9583119, 37.4601988], [126.9584225, 37.4601648], [126.9585236, 37.460372], [126.9586171, 37.4604107], [126.9587432, 37.4606915], [126.9589729, 37.4607801], [126.9589222, 37.4608628], [126.9586619, 37.4607624], [126.9585318, 37.4604817], [126.9584342, 37.4604494], [126.9583708, 37.4605425], [126.9582102, 37.460476], [126.9582739, 37.4603641], [126.9584286, 37.4604308], [126.9583119, 37.4601988]]]}, "properties": {"osm_type": "way", "osm_id": 391747018, "part": 0, "name": "918", "ref": "", "levels": "8", "building": "dormitory", "nodes": [3949992901, 3949992902, 3949992903, 3949992904, 3949992905, 3949992906, 3949992907, 3949992908, 3949992909, 3949992910, 4752404084, 4752404085, 4752404086, 4752404087, 3949992901]}}, {"type": "Feature", "geometry": {"type": "Polygon", "coordinates": [[[126.9594011, 37.4673238], [126.9594595, 37.4672035], [126.9596687, 37.4672675], [126.9596808, 37.4672426], [126.9599423, 37.4673225], [126.9598859, 37.4674387], [126.9596391, 37.4673633], [126.959625, 37.4673923], [126.9594011, 37.4673238]]]}, "properties": {"osm_type": "way", "osm_id": 409030550, "part": 0, "name": "935", "ref": "", "levels": "", "building": "residential", "nodes": [4109242791, 4109242792, 4109242793, 4109242794, 4109242795, 4109242796, 4109242797, 4109242798, 4109242791]}}, {"type": "Feature", "geometry": {"type": "Polygon", "coordinates": [[[126.9588298, 37.4676922], [126.9590432, 37.4676809], [126.9590961, 37.468123], [126.9588827, 37.4681375], [126.9588766, 37.4680778], [126.9588176, 37.468081], [126.9588054, 37.4679794], [126.9587302, 37.4679875], [126.9587139, 37.4678632], [126.9587729, 37.4678552], [126.9587648, 37.4677729], [126.9588339, 37.4677664], [126.9588298, 37.4676922]]]}, "properties": {"osm_type": "way", "osm_id": 424324200, "part": 0, "name": "호암교수회관", "ref": "", "levels": "", "building": "university", "nodes": [4237656088, 4237657389, 4237657390, 4237657391, 4237657392, 4237657393, 4237657394, 4237657395, 4237657396, 4237657397, 4237657398, 4237657399, 4237656088]}}, {"type": "Feature", "geometry": {"type": "Polygon", "coordinates": [[[126.9601714, 37.4652453], [126.9604737, 37.4650306], [126.9607402, 37.465267], [126.960438, 37.4654817], [126.9601714, 37.4652453]]]}, "properties": {"osm_type": "way", "osm_id": 424946985, "part": 0, "name": "코웨이 R&D 센터", "ref": "", "levels": "", "building": "yes", "nodes": [4243023995, 4243023996, 4243023997, 4243023998, 4243023995]}}, {"type": "Feature", "geometry": {"type": "Polygon", "coordinates": [[[126.9532612, 37.4541216], [126.9533147, 37.4540959], [126.9535157, 37.4539992], [126.9535962, 37.4541133], [126.9537674, 37.4543559], [126.9538192, 37.4544293], [126.9535624, 37.4545497], [126.9533739, 37.4542817], [126.9532612, 37.4541216]]]}, "properties": {"osm_type": "way", "osm_id": 424949442, "part": 0, "name": "유전공학연구소", "ref": "", "levels": "", "building": "university", "nodes": [4243052888, 4243052887, 4243052989, 4564999930, 4564999929, 4243052990, 4243052991, 4564999931, 4243052888]}}, {"type": "Feature", "geometry": {"type": "Polygon", "coordinates": [[[126.9444424, 37.4707282], [126.9448849, 37.4708144], [126.9449222, 37.4708162], [126.9449619, 37.4707995], [126.9457605, 37.4701824], [126.9458516, 37.4702602], [126.945018, 37.4708996], [126.9449736, 37.4709163], [126.9449082, 37.4709274], [126.9448522, 37.4709237], [126.9444085, 37.4708292], [126.9444424, 37.4707282]]]}, "properties": {"osm_type": "way", "osm_id": 424950825, "part": 0, "name": "", "ref": "", "levels": "", "building": "school", "nodes": [4243068616, 4243068617, 4243068618, 4243068619, 4243068620, 4243068621, 4243068622, 4243068623, 4243068624, 4243068625, 4243068626, 4243068616]}}, {"type": "Feature", "geometry": {"type": "Polygon", "coordinates": [[[126.952777, 37.4544317], [126.9527313, 37.4549336], [126.9528166, 37.4549376], [126.9527883, 37.4552975], [126.9530534, 37.4553063], [126.9531175, 37.454447], [126.9529471, 37.4544393], [126.952777, 37.4544317]]]}, "properties": {"osm_type": "way", "osm_id": 430040354, "part": 0, "name": "반도체공동연구소", "ref": "", "levels": "", "building": "university", "nodes": [4293036227, 4293036228, 4293036229, 4293036230, 4293036231, 4293036232, 4564999917, 4293036227]}}, {"type": "Feature", "geometry": {"type": "Polygon", "coordinates": [[[126.9526414, 37.4542282], [126.9525564, 37.4554099], [126.9528087, 37.4554173], [126.9528021, 37.4555057], [126.952328, 37.4554914], [126.9523469, 37.4551451], [126.9523487, 37.4551112], [126.952438, 37.4551136], [126.952512, 37.4542185], [126.9526414, 37.4542282]]]}, "properties": {"osm_type": "way", "osm_id": 430040355, "part": 0, "name": "선형수조실험공장동", "ref": "", "levels": "", "building": "university", "nodes": [4293036233, 4293036234, 4293036235, 4293036236, 4293036237, 4564999915, 4293036238, 4293036239, 4293036240, 4293036233]}}, {"type": "Feature", "geometry": {"type": "Polygon", "coordinates": [[[126.9524108, 37.4556504], [126.9524161, 37.4555394], [126.9527594, 37.455552], [126.9527523, 37.4556616], [126.9524108, 37.4556504]]]}, "properties": {"osm_type": "way", "osm_id": 430040357, "part": 0, "name": "선박실험공장동", "ref": "", "levels": "", "building": "university", "nodes": [4293036241, 4293036242, 4293036243, 4293036244, 4293036241]}}, {"type": "Feature", "geometry": {"type": "Polygon", "coordinates": [[[126.9536459, 37.4547531], [126.953954, 37.4546064], [126.9540761, 37.4547888], [126.9541881, 37.4549561], [126.9538862, 37.4551004], [126.9537396, 37.4548886], [126.9536459, 37.4547531]]]}, "properties": {"osm_type": "way", "osm_id": 430040359, "part": 0, "name": "뉴미디어통신공동연구소", "ref": "", "levels": "", "building": "university", "nodes": [4293036245, 4293036246, 4564999928, 4293036247, 4293036248, 4564999927, 4293036245]}}, {"type": "Feature", "geometry": {"type": "Polygon", "coordinates": [[[126.9516657, 37.4486063], [126.9518167, 37.4486063], [126.9518059, 37.4488827], [126.9517582, 37.4488839], [126.9517489, 37.4491395], [126.951507, 37.4491407], [126.9515148, 37.4486796], [126.9516642, 37.4486772], [126.9516657, 37.4486063]]]}, "properties": {"osm_type": "way", "osm_id": 430163191, "part": 0, "name": "화학공정신기술연구소", "ref": "", "levels": "", "building": "university", "nodes": [4294303697, 4294303698, 4294303699, 4294303700, 4294303701, 4294303702, 4294303703, 4294303704, 4294303697]}}, {"type": "Feature", "geometry": {"type": "Polygon", "coordinates": [[[126.9514631, 37.4512441], [126.951638, 37.4512065], [126.9516199, 37.4511407], [126.9520418, 37.4510624], [126.9521071, 37.4512988], [126.9515104, 37.4514166], [126.9514631, 37.4512441]]]}, "properties": {"osm_type": "way", "osm_id": 430289140, "part": 0, "name": "정밀기계설계공동연구소", "ref": "", "levels": "", "building": "university", "nodes": [4295677189, 4295677190, 7255753340, 4295677202, 4295677203, 4295677204, 4295677189]}}, {"type": "Feature", "geometry": {"type": "Polygon", "coordinates": [[[126.9519841, 37.4514264], [126.9521627, 37.4513869], [126.9522684, 37.4513635], [126.952309, 37.4514594], [126.9523627, 37.4514465], [126.9526148, 37.45201], [126.9523463, 37.4520915], [126.9522681, 37.4519192], [126.952358, 37.4518914], [126.9522366, 37.4516003], [126.9520661, 37.4516439], [126.9519841, 37.4514264]]]}, "properties": {"osm_type": "way", "osm_id": 430289533, "part": 0, "name": "차세대자동차기술연구센터", "ref": "", "levels": "", "building": "yes", "nodes": [4295682177, 7255706137, 4295682178, 4295682179, 4295682180, 4295682181, 4295682182, 4295682183, 4295682184, 4295682185, 4295682186, 4295682177]}}, {"type": "Feature", "geometry": {"type": "Polygon", "coordinates": [[[126.9523883, 37.4506937], [126.9525856, 37.4506724], [126.9526116, 37.4506502], [126.9526794, 37.450627], [126.9527549, 37.4506466], [126.9527919, 37.4506812], [126.9528163, 37.4507405], [126.952831, 37.4508817], [126.9529378, 37.4508803], [126.9529472, 37.4512094], [126.952782, 37.4512097], [126.9527806, 37.4512679], [126.9526122, 37.4512706], [126.9526093, 37.4512258], [126.9526057, 37.4510592], [126.9526057, 37.4509702], [126.9525254, 37.4508311], [126.9523988, 37.4507523], [126.9523883, 37.4506937]]]}, "properties": {"osm_type": "way", "osm_id": 430289534, "part": 0, "name": "유회진학술정보관 (300동)", "ref": "", "levels": "", "building": "university", "nodes": [4295682187, 7265020448, 7265020447, 7265020446, 7265020445, 7265020444, 4295682188, 4295682589, 4295682590, 3866374248, 4295682591, 4295682599, 4295682598, 4295682592, 4295682593, 4295682594, 7255706127, 4295682597, 4295682187]}}, {"type": "Feature", "geometry": {"type": "Polygon", "coordinates": [[[126.953272, 37.4662807], [126.9535265, 37.4663604], [126.9534588, 37.4664956], [126.9533444, 37.4664604], [126.9532977, 37.4665531], [126.9531529, 37.4665105], [126.953272, 37.4662807]]]}, "properties": {"osm_type": "way", "osm_id": 430291668, "part": 0, "name": "언어교육원 CJ어학관", "ref": "", "levels": "", "building": "university", "nodes": [4295700157, 4295700158, 4295700159, 4295700160, 4295700161, 4295700162, 4295700157]}}, {"type": "Feature", "geometry": {"type": "Polygon", "coordinates": [[[126.9530528, 37.4666407], [126.9533611, 37.4667333], [126.9534124, 37.4666295], [126.9535899, 37.4666796], [126.9534685, 37.4669187], [126.9529828, 37.4667778], [126.9530528, 37.4666407]]]}, "properties": {"osm_type": "way", "osm_id": 430291669, "part": 0, "name": "언어교육원", "ref": "", "levels": "", "building": "university", "nodes": [4295700163, 4295700164, 4295700165, 4295700166, 4295700167, 4295700168, 4295700163]}}, {"type": "Feature", "geometry": {"type": "Polygon", "coordinates": [[[126.9552412, 37.465821], [126.9553527, 37.4659401], [126.9554072, 37.4659983], [126.9554257, 37.4660181], [126.9548676, 37.4663492], [126.9549237, 37.4664073], [126.9544707, 37.4666865], [126.9543272, 37.4665342], [126.9547878, 37.4662432], [126.9547055, 37.4661539], [126.9552412, 37.465821]]]}, "properties": {"osm_type": "way", "osm_id": 430291671, "part": 0, "name": "파워플랜트", "ref": "", "levels": "", "building": "university", "nodes": [4295700173, 4373612957, 4373612958, 4295700174, 4295700175, 4295700176, 4295700177, 4295700178, 4295700179, 4295700180, 4295700173]}}, {"type": "Feature", "geometry": {"type": "Polygon", "coordinates": [[[126.9550343, 37.466427], [126.95519, 37.4665899], [126.9547016, 37.4668891], [126.9546204, 37.4668031], [126.9545477, 37.4667262], [126.9550343, 37.466427]]]}, "properties": {"osm_type": "way", "osm_id": 430291672, "part": 0, "name": "신림변전소", "ref": "", "levels": "", "building": "industrial", "nodes": [4295700181, 4295700182, 4295700183, 10084431421, 4295700184, 4295700181]}}, {"type": "Feature", "geometry": {"type": "Polygon", "coordinates": [[[126.9528679, 37.4582902], [126.952753, 37.4581959], [126.9526825, 37.4580168], [126.9528181, 37.4579583], [126.9528325, 37.4580104], [126.9529059, 37.4581792], [126.9530219, 37.4582604], [126.9530611, 37.4582148], [126.9530814, 37.4581912], [126.9531237, 37.45822], [126.9530633, 37.4582915], [126.9532576, 37.4584254], [126.9533282, 37.458366], [126.9533918, 37.4584199], [126.953251, 37.4585677], [126.9528679, 37.4582902]]]}, "properties": {"osm_type": "way", "osm_id": 434754623, "part": 0, "name": "약학대학 신약개발센터", "ref": "", "levels": "", "building": "university", "nodes": [4326919610, 4332551615, 4326919611, 4326919612, 4332551620, 4326919613, 13617879626, 4631786402, 13617879627, 13617879628, 13617879629, 13617879623, 13617879625, 13617879624, 4326919614, 4326919610]}}, {"type": "Feature", "geometry": {"type": "Polygon", "coordinates": [[[126.9523609, 37.458213], [126.9524465, 37.4583629], [126.9525246, 37.4582946], [126.9524698, 37.4581777], [126.9523609, 37.458213]]]}, "properties": {"osm_type": "way", "osm_id": 435329614, "part": 0, "name": "", "ref": "", "levels": "", "building": "university", "nodes": [4332551610, 4332551611, 4332551612, 4332551613, 4332551610]}}, {"type": "Feature", "geometry": {"type": "Polygon", "coordinates": [[[126.9534529, 37.4566024], [126.9534205, 37.456445], [126.9537879, 37.4563974], [126.9538749, 37.4568207], [126.9536584, 37.4568488], [126.9536037, 37.4565829], [126.9534529, 37.4566024]]]}, "properties": {"osm_type": "way", "osm_id": 435330210, "part": 0, "name": "약학대학", "ref": "", "levels": "", "building": "university", "nodes": [4332555143, 4332555144, 4332555145, 4332555146, 4332555147, 4332555148, 4332555143]}}, {"type": "Feature", "geometry": {"type": "Polygon", "coordinates": [[[126.9536202, 37.455729], [126.9536592, 37.4555885], [126.9538644, 37.4556082], [126.953829, 37.4557515], [126.9536202, 37.455729]]]}, "properties": {"osm_type": "way", "osm_id": 435330211, "part": 0, "name": "약학대학", "ref": "", "levels": "", "building": "university", "nodes": [4332555149, 4332555150, 4332555151, 4332555152, 4332555149]}}, {"type": "Feature", "geometry": {"type": "Polygon", "coordinates": [[[126.9538132, 37.4563829], [126.953979, 37.4563533], [126.9540503, 37.4566364], [126.9543152, 37.4565961], [126.9543279, 37.4566557], [126.9543362, 37.4566942], [126.9543439, 37.4567304], [126.9541377, 37.4567597], [126.9541434, 37.456794], [126.9540695, 37.4568058], [126.9540461, 37.4567059], [126.9539026, 37.45673], [126.9538132, 37.4563829]]]}, "properties": {"osm_type": "way", "osm_id": 436516327, "part": 0, "name": "학생군사교육단", "ref": "", "levels": "", "building": "university", "nodes": [4344097139, 4344097140, 4344097141, 4344097142, 4344097156, 4344097153, 4344097143, 4344097147, 4344097148, 4344097144, 4344097145, 4344097146, 4344097139]}}, {"type": "Feature", "geometry": {"type": "Polygon", "coordinates": [[[126.9544531, 37.4564454], [126.9546053, 37.4564215], [126.9546619, 37.4567235], [126.9545115, 37.4567446], [126.9544968, 37.4566696], [126.9544891, 37.4566301], [126.9544531, 37.4564454]]]}, "properties": {"osm_type": "way", "osm_id": 436516328, "part": 0, "name": "학생군사교육단", "ref": "", "levels": "", "building": "university", "nodes": [4344097149, 4344097150, 4344097151, 4344097152, 4344097154, 4344097155, 4344097149]}}, {"type": "Feature", "geometry": {"type": "Polygon", "coordinates": [[[126.9543362, 37.4566942], [126.9544968, 37.4566696], [126.9544891, 37.4566301], [126.9543279, 37.4566557], [126.9543362, 37.4566942]]]}, "properties": {"osm_type": "way", "osm_id": 436516329, "part": 0, "name": "", "ref": "", "levels": "", "building": "university", "nodes": [4344097153, 4344097154, 4344097155, 4344097156, 4344097153]}}, {"type": "Feature", "geometry": {"type": "Polygon", "coordinates": [[[126.9546448, 37.4560121], [126.954846, 37.455996], [126.9548298, 37.4558023], [126.9547647, 37.4557007], [126.9545371, 37.4555425], [126.9544171, 37.4556571], [126.9545859, 37.455762], [126.9546326, 37.4558508], [126.9546448, 37.4560121]]]}, "properties": {"osm_type": "way", "osm_id": 436516336, "part": 0, "name": "컴퓨터연구소", "ref": "", "levels": "", "building": "university", "nodes": [4344097188, 4344097189, 4344097190, 4344097191, 4344097192, 4344097193, 4344097194, 4344097195, 4344097188]}}, {"type": "Feature", "geometry": {"type": "Polygon", "coordinates": [[[126.9537361, 37.455555], [126.9537503, 37.4554969], [126.9538154, 37.455455], [126.9541569, 37.4554356], [126.9542951, 37.4554501], [126.954413, 37.455484], [126.9543337, 37.4556196], [126.9541772, 37.4555728], [126.9538967, 37.4555728], [126.9539028, 37.4555002], [126.9538357, 37.4555018], [126.9538107, 37.4555236], [126.9538072, 37.4555518], [126.9537361, 37.455555]]]}, "properties": {"osm_type": "way", "osm_id": 436516337, "part": 0, "name": "기초과학공동기기원", "ref": "", "levels": "", "building": "university", "nodes": [4344097196, 4344097197, 4344097198, 4344097199, 4344097200, 4344097201, 4344097202, 4344097203, 4344097204, 4344097205, 4344097206, 4344097208, 4344097207, 4344097196]}}, {"type": "Feature", "geometry": {"type": "Polygon", "coordinates": [[[126.9536463, 37.4558238], [126.9535202, 37.4563465], [126.9537047, 37.4563669], [126.9538238, 37.4558442], [126.9536463, 37.4558238]]]}, "properties": {"osm_type": "way", "osm_id": 436516338, "part": 0, "name": "약학대학", "ref": "", "levels": "", "building": "university", "nodes": [4344097209, 4344097210, 4344097211, 4344097212, 4344097209]}}, {"type": "Feature", "geometry": {"type": "Polygon", "coordinates": [[[126.9526736, 37.4558995], [126.9527642, 37.4559026], [126.9528614, 37.4559059], [126.9527997, 37.4564659], [126.9527707, 37.4564646], [126.9526119, 37.4564574], [126.9526422, 37.4561835], [126.9526736, 37.4558995]]]}, "properties": {"osm_type": "way", "osm_id": 436516339, "part": 0, "name": "자연과학대학", "ref": "", "levels": "", "building": "university", "nodes": [4344097213, 13617795539, 4344097214, 4344097215, 4344097223, 4344097216, 4564998582, 4344097213]}}, {"type": "Feature", "geometry": {"type": "Polygon", "coordinates": [[[126.9527164, 37.456526], [126.9527834, 37.4565282], [126.9528129, 37.4565291], [126.9529095, 37.4565323], [126.9528559, 37.4570348], [126.9526574, 37.4570284], [126.9526873, 37.4567742], [126.9527164, 37.456526]]]}, "properties": {"osm_type": "way", "osm_id": 436516340, "part": 0, "name": "자연과학대학", "ref": "", "levels": "", "building": "university", "nodes": [4344097217, 4344097222, 4344097221, 4344097218, 4344097219, 4344097220, 4564998581, 4344097217]}}, {"type": "Feature", "geometry": {"type": "Polygon", "coordinates": [[[126.9527997, 37.4564659], [126.9528129, 37.4565291], [126.9527834, 37.4565282], [126.9527707, 37.4564646], [126.9527997, 37.4564659]]]}, "properties": {"osm_type": "way", "osm_id": 436516341, "part": 0, "name": "", "ref": "", "levels": "", "building": "university", "nodes": [4344097215, 4344097221, 4344097222, 4344097223, 4344097215]}}, {"type": "Feature", "geometry": {"type": "Polygon", "coordinates": [[[126.9504403, 37.4666769], [126.9504401, 37.4666111], [126.9504925, 37.466611], [126.9504923, 37.4665475], [126.9505915, 37.4665473], [126.9505916, 37.466571], [126.9507708, 37.4665706], [126.9507709, 37.4666103], [126.9508225, 37.4666102], [126.9508226, 37.4666763], [126.9504403, 37.4666769]]]}, "properties": {"osm_type": "way", "osm_id": 439687807, "part": 0, "name": "환경안전원", "ref": "", "levels": "", "building": "university", "nodes": [4373612916, 6582021066, 6582021067, 4373612917, 6582021065, 6582021064, 6582021063, 4373612918, 6582021062, 4373612919, 4373612916]}}, {"type": "Feature", "geometry": {"type": "Polygon", "coordinates": [[[126.9504598, 37.4664351], [126.9504647, 37.4662696], [126.9508767, 37.4662773], [126.9508717, 37.4664429], [126.9504598, 37.4664351]]]}, "properties": {"osm_type": "way", "osm_id": 439687808, "part": 0, "name": "방사선동위원소폐기물보관소", "ref": "", "levels": "", "building": "university", "nodes": [4373612920, 4373612921, 4373612922, 4373612923, 4373612920]}}, {"type": "Feature", "geometry": {"type": "Polygon", "coordinates": [[[126.950939, 37.4666798], [126.9509439, 37.466424], [126.9514461, 37.4664268], [126.9514455, 37.4664897], [126.9514966, 37.46649], [126.9514955, 37.4666114], [126.9514454, 37.4666111], [126.9514449, 37.4666762], [126.950939, 37.4666798]]]}, "properties": {"osm_type": "way", "osm_id": 439687809, "part": 0, "name": "롯데국제교육관", "ref": "", "levels": "6", "building": "university", "nodes": [7912611330, 4373612925, 4373612926, 6582021058, 6582021059, 6582021060, 6582021061, 4373612927, 7912611330]}}, {"type": "Feature", "geometry": {"type": "Polygon", "coordinates": [[[126.9510257, 37.4663194], [126.9510288, 37.4661889], [126.9516335, 37.4661979], [126.9516304, 37.4663284], [126.9510257, 37.4663194]]]}, "properties": {"osm_type": "way", "osm_id": 439687810, "part": 0, "name": "CJ인터내셔널센터", "ref": "", "levels": "", "building": "university", "nodes": [4373612928, 4373612929, 4373612930, 4373612931, 4373612928]}}, {"type": "Feature", "geometry": {"type": "Polygon", "coordinates": [[[126.9511051, 37.4681104], [126.9514092, 37.4678449], [126.9521088, 37.4683276], [126.9518012, 37.4686012], [126.9511051, 37.4681104]]]}, "properties": {"osm_type": "way", "osm_id": 439687811, "part": 0, "name": "포스코스포츠센터", "ref": "", "levels": "", "building": "yes", "nodes": [4373612932, 4373612933, 4373612934, 4373612935, 4373612932]}}, {"type": "Feature", "geometry": {"type": "Polygon", "coordinates": [[[126.9533309, 37.4681953], [126.9534016, 37.467976], [126.9535705, 37.4680104], [126.9535474, 37.4680822], [126.9535048, 37.4680822], [126.9534599, 37.4682215], [126.9533309, 37.4681953]]]}, "properties": {"osm_type": "way", "osm_id": 439687812, "part": 0, "name": "생물공학연구소", "ref": "", "levels": "", "building": "university", "nodes": [4373612936, 4373612937, 4373612938, 4373612939, 4373612940, 4373612941, 4373612936]}}, {"type": "Feature", "geometry": {"type": "Polygon", "coordinates": [[[126.9526622, 37.4691797], [126.9524709, 37.4689783], [126.9531617, 37.4685648], [126.9533531, 37.4687662], [126.9526622, 37.4691797]]]}, "properties": {"osm_type": "way", "osm_id": 439687813, "part": 0, "name": "관악서울대학교치과병원", "ref": "", "levels": "", "building": "yes", "nodes": [4373612942, 4373612943, 4373612944, 4373612945, 4373612942]}}, {"type": "Feature", "geometry": {"type": "Polygon", "coordinates": [[[126.954116, 37.4672423], [126.9539108, 37.4670195], [126.9543834, 37.4667453], [126.9544923, 37.4668635], [126.9544184, 37.4669063], [126.9545621, 37.4670624], [126.9542206, 37.4672605], [126.9541732, 37.4672091], [126.954116, 37.4672423]]]}, "properties": {"osm_type": "way", "osm_id": 439687814, "part": 0, "name": "생명공학연구동", "ref": "", "levels": "", "building": "university", "nodes": [4373612946, 4373612947, 4373612948, 4373612949, 4373612950, 4373612951, 4373612952, 14047967006, 4373612946]}}, {"type": "Feature", "geometry": {"type": "Polygon", "coordinates": [[[126.953487, 37.4665306], [126.953566, 37.4663795], [126.9541946, 37.466412], [126.9541819, 37.4665666], [126.953487, 37.4665306]]]}, "properties": {"osm_type": "way", "osm_id": 439687815, "part": 0, "name": "대림국제관", "ref": "", "levels": "", "building": "university", "nodes": [4373612953, 4373612954, 4373612955, 4373612956, 4373612953]}}, {"type": "Feature", "geometry": {"type": "Polygon", "coordinates": [[[126.9520856, 37.4650024], [126.9520713, 37.4648736], [126.953169, 37.4647969], [126.9531966, 37.4650453], [126.9528335, 37.4650707], [126.9528478, 37.4651995], [126.9528343, 37.4652478], [126.9528005, 37.46528], [126.9527363, 37.4653068], [126.9526586, 37.4653176], [126.9525978, 37.4652854], [126.9525817, 37.4652237], [126.9525183, 37.4652341], [126.9525065, 37.4651888], [126.9525268, 37.4651539], [126.9525226, 37.4651165], [126.9523421, 37.4651292], [126.9523305, 37.4650247], [126.9523262, 37.4649856], [126.9520856, 37.4650024]]]}, "properties": {"osm_type": "way", "osm_id": 439693755, "part": 0, "name": "경영전문대학원 (LG경영관)", "ref": "", "levels": "", "building": "university", "nodes": [4373702796, 4373702797, 4373702798, 4373702799, 4373702800, 4373702801, 4373702802, 4373702803, 4373702804, 4373702805, 4373702806, 4373702807, 4373702808, 4373702809, 4373702810, 4373702811, 4373702812, 4563745366, 4373702813, 4373702796]}}, {"type": "Feature", "geometry": {"type": "Polygon", "coordinates": [[[126.9530402, 37.465759], [126.9529965, 37.465272], [126.9531257, 37.4653162], [126.9531689, 37.465331], [126.9532432, 37.4653819], [126.9532804, 37.4657145], [126.9532601, 37.4657735], [126.9531993, 37.4658031], [126.9531263, 37.4658072], [126.9531215, 37.4657544], [126.9530402, 37.465759]]]}, "properties": {"osm_type": "way", "osm_id": 439693756, "part": 0, "name": "행정대학원(57동)", "ref": "", "levels": "", "building": "university", "nodes": [4373702814, 4373702815, 4563745369, 4373702816, 4373702817, 4373702818, 4373702819, 4373702820, 4373702821, 4373702822, 4373702814]}}, {"type": "Feature", "geometry": {"type": "Polygon", "coordinates": [[[126.9518268, 37.4647608], [126.9518056, 37.4645427], [126.9518, 37.4644847], [126.9517387, 37.4644728], [126.9517072, 37.4644355], [126.9516991, 37.4644094], [126.9517145, 37.4643714], [126.9517444, 37.4643573], [126.9517366, 37.4642813], [126.951947, 37.4642677], [126.9519418, 37.4642173], [126.9524521, 37.4641844], [126.9524593, 37.464255], [126.9525372, 37.46425], [126.9525493, 37.4643712], [126.9525039, 37.4643741], [126.9525196, 37.4645349], [126.952703, 37.4645237], [126.9527207, 37.4647061], [126.9518268, 37.4647608]]]}, "properties": {"osm_type": "way", "osm_id": 439693757, "part": 0, "name": "서울대학교 박물관", "ref": "", "levels": "", "building": "yes", "nodes": [4373702823, 4563745374, 4373702824, 4373702825, 4373702826, 4373702827, 4373702828, 4373702829, 4373702830, 4373702831, 4373702832, 4373702833, 4373702834, 4373702835, 4373702836, 4373702837, 4373702838, 4373702839, 4373702840, 4373702823]}}, {"type": "Feature", "geometry": {"type": "Polygon", "coordinates": [[[126.9529259, 37.4621165], [126.9528064, 37.4620154], [126.9527268, 37.4619482], [126.9525788, 37.461823], [126.9526886, 37.4617217], [126.9527525, 37.4617553], [126.9529524, 37.4618603], [126.9530892, 37.4618545], [126.9533219, 37.4618446], [126.9533782, 37.4620005], [126.9532448, 37.4620347], [126.9529259, 37.4621165]]]}, "properties": {"osm_type": "way", "osm_id": 439693758, "part": 0, "name": "예술계복합교육연구동", "ref": "", "levels": "", "building": "university", "nodes": [4373702841, 4564623363, 4564623362, 4373702842, 4373702843, 4564623365, 4373702844, 4564623366, 4373702846, 4373702847, 4564623364, 4373702841]}}, {"type": "Feature", "geometry": {"type": "Polygon", "coordinates": [[[126.9523447, 37.4627678], [126.9524938, 37.4627036], [126.952556, 37.4627216], [126.952622, 37.4627406], [126.952565, 37.462865], [126.9525321, 37.4629368], [126.9524693, 37.4629587], [126.9525056, 37.4630242], [126.9523942, 37.463063], [126.9524294, 37.4631266], [126.9523269, 37.4631624], [126.9522334, 37.463195], [126.9521698, 37.4630801], [126.9522462, 37.4630534], [126.9521997, 37.4629693], [126.9522845, 37.4629397], [126.9522511, 37.4628793], [126.9523447, 37.4627678]]]}, "properties": {"osm_type": "way", "osm_id": 439693759, "part": 0, "name": "미술대학", "ref": "", "levels": "", "building": "university", "nodes": [4373702848, 4373702849, 4564623339, 4373702850, 4564623340, 4373702851, 4373702852, 4373702853, 4373702854, 4373702855, 4564623341, 4373702856, 4373702857, 4373702858, 4373702859, 4373702860, 4373702861, 4373702848]}}, {"type": "Feature", "geometry": {"type": "Polygon", "coordinates": [[[126.9521013, 37.463281], [126.9524629, 37.4631487], [126.9525097, 37.4632293], [126.9524563, 37.4632488], [126.9525486, 37.4634077], [126.9524244, 37.4634532], [126.9523484, 37.4633223], [126.9521644, 37.4633896], [126.9521013, 37.463281]]]}, "properties": {"osm_type": "way", "osm_id": 439693760, "part": 0, "name": "미술대학", "ref": "", "levels": "", "building": "university", "nodes": [4373702862, 4373702863, 4373702864, 4373702865, 4373702866, 4373702867, 4373702868, 4373702869, 4373702862]}}, {"type": "Feature", "geometry": {"type": "Polygon", "coordinates": [[[126.9523726, 37.4635063], [126.9524395, 37.4635091], [126.9524414, 37.4634805], [126.9524435, 37.4634482], [126.9525217, 37.4634516], [126.9525489, 37.4634503], [126.9527271, 37.4634535], [126.9528067, 37.4634587], [126.9527921, 37.463676], [126.9527448, 37.4636738], [126.9526646, 37.4636702], [126.9526669, 37.4636386], [126.95254, 37.4636329], [126.9525416, 37.4636103], [126.9524229, 37.463605], [126.9523675, 37.4635822], [126.9523726, 37.4635063]]]}, "properties": {"osm_type": "way", "osm_id": 439693761, "part": 0, "name": "미술대학", "ref": "", "levels": "", "building": "university", "nodes": [4373702870, 4373702871, 4564623342, 4373702872, 4373702873, 4373702874, 4527864818, 4373702875, 4373702876, 4527864819, 4373702877, 4373702878, 4373702879, 4373702880, 4373702881, 4373702882, 4373702870]}}, {"type": "Feature", "geometry": {"type": "Polygon", "coordinates": [[[126.9529199, 37.4635813], [126.9529295, 37.4634318], [126.9530551, 37.463354], [126.9531252, 37.4633566], [126.9531211, 37.4634257], [126.9531596, 37.4634271], [126.9533271, 37.4634333], [126.9533296, 37.463391], [126.9534277, 37.4633946], [126.9535256, 37.4634757], [126.953515, 37.463545], [126.9535661, 37.4635822], [126.9535595, 37.4636802], [126.9534296, 37.4636746], [126.9534324, 37.4636332], [126.9534024, 37.4636323], [126.9534028, 37.4636174], [126.9534037, 37.4635785], [126.9532916, 37.4635738], [126.9532875, 37.4636343], [126.9531814, 37.4636299], [126.9531841, 37.4635892], [126.9531473, 37.4635877], [126.9531438, 37.4636405], [126.9530474, 37.4636365], [126.952979, 37.4636337], [126.9529822, 37.4635838], [126.9529199, 37.4635813]]]}, "properties": {"osm_type": "way", "osm_id": 439693762, "part": 0, "name": "미술대학", "ref": "", "levels": "", "building": "university", "nodes": [4373702883, 4373702884, 4373702885, 4373702886, 4373702887, 4564623348, 4373702888, 4373703089, 4373703090, 4373703091, 4373703092, 4373703093, 4373703094, 4373703095, 4373703096, 4373703097, 4564623347, 4373703098, 4373703099, 4373703100, 4373703101, 4373703102, 4373703103, 4373703104, 4564623346, 4373703105, 4373703106, 4373702883]}}, {"type": "Feature", "geometry": {"type": "Polygon", "coordinates": [[[126.9529423, 37.4637156], [126.9529616, 37.4637579], [126.9529447, 37.4638109], [126.9533797, 37.4640168], [126.953502, 37.4638664], [126.9534798, 37.463833], [126.9535232, 37.4637743], [126.9535074, 37.4637075], [126.9534147, 37.4636882], [126.9533014, 37.4638288], [126.9532112, 37.4638116], [126.9531235, 37.4637654], [126.9531207, 37.4637101], [126.9530292, 37.4637129], [126.9529423, 37.4637156]]]}, "properties": {"osm_type": "way", "osm_id": 439693763, "part": 0, "name": "미술대학", "ref": "", "levels": "", "building": "university", "nodes": [4373703107, 4373703115, 4373703114, 4373703113, 4373703112, 4373703111, 4373703110, 4373703109, 4373703108, 4373703119, 4373703118, 4373703117, 4373703116, 4564623345, 4373703107]}}, {"type": "Feature", "geometry": {"type": "Polygon", "coordinates": [[[126.9532679, 37.4629821], [126.9534229, 37.4628845], [126.9534536, 37.4629152], [126.9537452, 37.4632068], [126.9536939, 37.4632391], [126.9537316, 37.4632768], [126.9537283, 37.4633637], [126.9536541, 37.4633619], [126.9536345, 37.4633614], [126.9536337, 37.4633801], [126.9535868, 37.463379], [126.9535376, 37.4633243], [126.953579, 37.4633009], [126.9535559, 37.4632752], [126.9535189, 37.4632962], [126.9534554, 37.4632257], [126.9534795, 37.4631937], [126.9532679, 37.4629821]]]}, "properties": {"osm_type": "way", "osm_id": 439693764, "part": 0, "name": "음악대학", "ref": "", "levels": "", "building": "university", "nodes": [4373703120, 4373703121, 4564623351, 4373703122, 4373703123, 4373703124, 4373703125, 4564623349, 4373703126, 4373703127, 4373703128, 4373703129, 4373703130, 4373703131, 4373703132, 4373703133, 4373703134, 4373703120]}}, {"type": "Feature", "geometry": {"type": "Polygon", "coordinates": [[[126.9530095, 37.4628394], [126.9530415, 37.4628271], [126.9532123, 37.4627612], [126.9532158, 37.4627069], [126.9532275, 37.4625254], [126.9531522, 37.4625223], [126.9531581, 37.4624311], [126.9531605, 37.4623934], [126.9532065, 37.4623952], [126.9533778, 37.4624022], [126.9534617, 37.4624056], [126.9534545, 37.4625186], [126.9534011, 37.4625164], [126.9533868, 37.4627394], [126.9534453, 37.4627417], [126.9534374, 37.462864], [126.9533169, 37.4628591], [126.9530781, 37.4629513], [126.9530095, 37.4628394]]]}, "properties": {"osm_type": "way", "osm_id": 439693765, "part": 0, "name": "음악대학", "ref": "", "levels": "", "building": "university", "nodes": [4373703135, 4564623352, 4373703136, 4564623353, 4373703137, 4373703138, 4373703166, 4373703139, 4373703165, 4564623357, 4373703140, 4373703141, 4373703142, 4373703143, 4373703144, 4373703145, 4373703146, 4373703147, 4373703135]}}, {"type": "Feature", "geometry": {"type": "Polygon", "coordinates": [[[126.9526303, 37.4625717], [126.9526383, 37.4624524], [126.9527081, 37.4624673], [126.9526544, 37.4623758], [126.9527134, 37.4622992], [126.9527751, 37.4623247], [126.9528449, 37.4622225], [126.9529548, 37.4622289], [126.9529978, 37.462329], [126.9529736, 37.4623524], [126.9530004, 37.4623928], [126.9530434, 37.4624065], [126.9530573, 37.4624077], [126.9530742, 37.4624092], [126.9531158, 37.4624077], [126.953156, 37.462197], [126.9532392, 37.4622097], [126.9532606, 37.4622438], [126.9532472, 37.4623439], [126.953207, 37.4623439], [126.9532065, 37.4623952], [126.9531605, 37.4623934], [126.9531581, 37.4624311], [126.9530623, 37.4624261], [126.953038, 37.4624248], [126.9530112, 37.4624439], [126.953046, 37.4624482], [126.9530353, 37.4625333], [126.9529763, 37.4625333], [126.9529146, 37.4624993], [126.9528844, 37.4625213], [126.9528502, 37.4625461], [126.9528797, 37.4626249], [126.9528207, 37.4626632], [126.9526303, 37.4625717]]]}, "properties": {"osm_type": "way", "osm_id": 439693766, "part": 0, "name": "음악대학", "ref": "", "levels": "", "building": "university", "nodes": [4373703148, 4373703149, 4373703150, 4373703151, 4373703152, 4373703153, 4373703154, 4373703155, 4373703156, 4373703157, 4373703158, 4564623355, 11030191468, 4564623354, 4373703159, 4373703160, 4373703161, 4373703162, 4373703163, 4373703164, 4373703165, 4373703139, 4373703166, 11030191467, 4373703167, 4373703168, 4373703169, 4373703170, 4373703171, 4373703172, 4564623356, 4373703173, 4373703174, 4373703175, 4373703148]}}, {"type": "Feature", "geometry": {"type": "Polygon", "coordinates": [[[126.9478498, 37.458418], [126.9479038, 37.458164], [126.9481163, 37.4581925], [126.948706, 37.4582742], [126.9486788, 37.4584023], [126.948652, 37.4585282], [126.9480468, 37.4584444], [126.9478498, 37.458418]]]}, "properties": {"osm_type": "way", "osm_id": 439696422, "part": 0, "name": "SPC 농생명과학 및 기초과학연구동", "ref": "", "levels": "", "building": "university", "nodes": [4373825091, 4373825092, 4566528833, 4373825093, 4566528834, 4373825094, 4566528832, 4373825091]}}, {"type": "Feature", "geometry": {"type": "Polygon", "coordinates": [[[126.9481837, 37.457012], [126.9481974, 37.4567398], [126.9482394, 37.4567411], [126.9482416, 37.4566969], [126.948733, 37.4567125], [126.9487243, 37.4568856], [126.9487173, 37.4570238], [126.948478, 37.4570162], [126.9484766, 37.4570445], [126.948273, 37.457038], [126.9482742, 37.4570149], [126.9481837, 37.457012]]]}, "properties": {"osm_type": "way", "osm_id": 439703618, "part": 0, "name": "농생명과학공동기기원", "ref": "", "levels": "", "building": "university", "nodes": [4373965730, 4373965731, 4373965732, 4373965733, 4373965734, 4564998553, 4373965735, 4373965736, 4373965737, 4373965738, 4373965739, 4373965730]}}, {"type": "Feature", "geometry": {"type": "Polygon", "coordinates": [[[126.9512964, 37.4542506], [126.9513107, 37.4541257], [126.9513153, 37.4540856], [126.9518133, 37.4541215], [126.9517944, 37.4542866], [126.9512964, 37.4542506]]]}, "properties": {"osm_type": "way", "osm_id": 439703621, "part": 0, "name": "공과대학", "ref": "", "levels": "", "building": "university", "nodes": [4373965752, 4564999914, 4373965753, 4373965754, 4373965755, 4373965752]}}, {"type": "Feature", "geometry": {"type": "Polygon", "coordinates": [[[126.9502271, 37.4545124], [126.9502757, 37.4541945], [126.9502962, 37.4540603], [126.9505541, 37.4540851], [126.9505475, 37.4541284], [126.9505186, 37.4543027], [126.9504828, 37.454537], [126.9502271, 37.4545124]]]}, "properties": {"osm_type": "way", "osm_id": 439703622, "part": 0, "name": "신소재공동연구소", "ref": "", "levels": "", "building": "university", "nodes": [4373965756, 4564999919, 4373965757, 4373965758, 4373965759, 4373965760, 4373965761, 4373965756]}}, {"type": "Feature", "geometry": {"type": "Polygon", "coordinates": [[[126.9505186, 37.4543027], [126.9510216, 37.4543511], [126.9510483, 37.4541766], [126.9507743, 37.4541502], [126.9505475, 37.4541284], [126.9505186, 37.4543027]]]}, "properties": {"osm_type": "way", "osm_id": 439703623, "part": 0, "name": "기초전력연구원", "ref": "", "levels": "", "building": "university", "nodes": [4373965760, 4373965763, 4373965762, 4564999920, 4373965759, 4373965760]}}, {"type": "Feature", "geometry": {"type": "Polygon", "coordinates": [[[126.9519573, 37.4548802], [126.9519754, 37.454708], [126.9519862, 37.454605], [126.9521667, 37.454617], [126.9521378, 37.4548922], [126.9519573, 37.4548802]]]}, "properties": {"osm_type": "way", "osm_id": 439703625, "part": 0, "name": "풍동실험동2", "ref": "", "levels": "", "building": "university", "nodes": [4373965764, 4564999911, 4373965765, 4373965766, 4373965767, 4373965764]}}, {"type": "Feature", "geometry": {"type": "Polygon", "coordinates": [[[126.9520041, 37.4545479], [126.952012, 37.454462], [126.9520321, 37.4542452], [126.9520439, 37.4541175], [126.9522604, 37.4541302], [126.9522206, 37.4545606], [126.9520041, 37.4545479]]]}, "properties": {"osm_type": "way", "osm_id": 439703626, "part": 0, "name": "에너지자원신기술연구소", "ref": "", "levels": "", "building": "university", "nodes": [4373965768, 4564999912, 4564999913, 4373965769, 4373965770, 4373965771, 4373965768]}}, {"type": "Feature", "geometry": {"type": "Polygon", "coordinates": [[[126.9504913, 37.453555], [126.9505154, 37.4533494], [126.9506667, 37.4533606], [126.9506599, 37.453418], [126.9506965, 37.4534207], [126.950828, 37.4534304], [126.9508342, 37.4533775], [126.950991, 37.4533891], [126.9509559, 37.4536879], [126.9505827, 37.4536604], [126.9505942, 37.4535626], [126.9505546, 37.4535594], [126.9504913, 37.453555]]]}, "properties": {"osm_type": "way", "osm_id": 439703629, "part": 0, "name": "신소재공동연구소", "ref": "", "levels": "", "building": "university", "nodes": [4373965772, 4373965773, 4373965774, 4373965775, 4566997720, 4373965776, 4373965777, 4373965778, 4373965779, 4373965780, 4373965781, 4564999933, 4373965772]}}, {"type": "Feature", "geometry": {"type": "Polygon", "coordinates": [[[126.9500733, 37.452923], [126.9500939, 37.4527219], [126.9502343, 37.452731], [126.9502137, 37.4529321], [126.9500733, 37.452923]]]}, "properties": {"osm_type": "way", "osm_id": 439703632, "part": 0, "name": "대기환경관측소", "ref": "", "levels": "", "building": "university", "nodes": [4373965782, 4373965783, 4373965784, 4373965785, 4373965782]}}, {"type": "Feature", "geometry": {"type": "Polygon", "coordinates": [[[126.9500397, 37.4499908], [126.9500374, 37.4494177], [126.9501943, 37.4494173], [126.9501946, 37.4494922], [126.9503913, 37.4494917], [126.9503932, 37.44999], [126.9500397, 37.4499908]]]}, "properties": {"osm_type": "way", "osm_id": 439703635, "part": 0, "name": "제2파워플랜트", "ref": "", "levels": "", "building": "university", "nodes": [4373965786, 4373965787, 4373965788, 4373965989, 4373965990, 4373965991, 4373965786]}}, {"type": "Feature", "geometry": {"type": "Polygon", "coordinates": [[[126.9500055, 37.4493633], [126.9500044, 37.449201], [126.9501159, 37.4492006], [126.950117, 37.4493628], [126.9500055, 37.4493633]]]}, "properties": {"osm_type": "way", "osm_id": 439703636, "part": 0, "name": "차량정비고", "ref": "", "levels": "", "building": "yes", "nodes": [4373965992, 4373965993, 4373965994, 4373965995, 4373965992]}}, {"type": "Feature", "geometry": {"type": "Polygon", "coordinates": [[[126.9501658, 37.4475242], [126.9500932, 37.4472891], [126.9504165, 37.4472262], [126.9504054, 37.4471902], [126.9508486, 37.4471041], [126.9508995, 37.4472692], [126.9510583, 37.4472383], [126.9511031, 37.4473835], [126.950493, 37.4475021], [126.9504809, 37.4474629], [126.9501658, 37.4475242]]]}, "properties": {"osm_type": "way", "osm_id": 439703637, "part": 0, "name": "대형구조실험동", "ref": "", "levels": "", "building": "university", "nodes": [4373965996, 4373965997, 4373965998, 6582021070, 6582021071, 6582021072, 6582021075, 6582021074, 6582021073, 4373965999, 4373965996]}}, {"type": "Feature", "geometry": {"type": "Polygon", "coordinates": [[[126.9531502, 37.4549858], [126.9531672, 37.4547965], [126.9531842, 37.4547458], [126.9532183, 37.454712], [126.9532737, 37.4546884], [126.953329, 37.4547019], [126.9533886, 37.4547391], [126.9534099, 37.4547898], [126.9534122, 37.4548256], [126.9534142, 37.4548574], [126.9534099, 37.4549047], [126.9534525, 37.4548844], [126.9537548, 37.4553035], [126.9535632, 37.4553914], [126.9532779, 37.4549926], [126.9531502, 37.4549858]]]}, "properties": {"osm_type": "way", "osm_id": 439704946, "part": 0, "name": "반도체공동연구소 교육관", "ref": "", "levels": "", "building": "university", "nodes": [4374002041, 4374002042, 4374002043, 4374002044, 4374002045, 4374002046, 4374002047, 4374002048, 4564999925, 4374002049, 4374002050, 4374002051, 4374002052, 4374002053, 4374002054, 4374002041]}}, {"type": "Feature", "geometry": {"type": "Polygon", "coordinates": [[[126.9550932, 37.4546858], [126.9551311, 37.4544756], [126.9553577, 37.4545013], [126.9553199, 37.4547115], [126.9550932, 37.4546858]]]}, "properties": {"osm_type": "way", "osm_id": 439704947, "part": 0, "name": "전파천문대", "ref": "", "levels": "1", "building": "university", "nodes": [4374002055, 4374002056, 4374002057, 4374002058, 4374002055]}}, {"type": "Feature", "geometry": {"type": "Polygon", "coordinates": [[[126.9540244, 37.4552799], [126.9543798, 37.4551272], [126.9545171, 37.4553285], [126.9543008, 37.4554215], [126.9542624, 37.4554249], [126.9541049, 37.4553979], [126.9540244, 37.4552799]]]}, "properties": {"osm_type": "way", "osm_id": 439704948, "part": 0, "name": "기초과학공동기기원", "ref": "", "levels": "", "building": "university", "nodes": [4374002059, 4374002060, 4374002061, 4374002062, 4374002063, 4374002064, 4374002059]}}, {"type": "Feature", "geometry": {"type": "Polygon", "coordinates": [[[126.9540741, 37.4540056], [126.9540784, 37.4539482], [126.95404, 37.4539211], [126.9540911, 37.4538941], [126.9541124, 37.4538468], [126.954172, 37.4538806], [126.9542614, 37.4538603], [126.9542444, 37.4539144], [126.95427, 37.4539752], [126.9542104, 37.4539752], [126.9541891, 37.4540124], [126.9541507, 37.4539786], [126.9540741, 37.4540056]]]}, "properties": {"osm_type": "way", "osm_id": 439704949, "part": 0, "name": "지진관측소", "ref": "", "levels": "", "building": "university", "nodes": [4374002065, 4374002066, 4374002067, 4374002068, 4374002069, 4374002070, 4374002071, 4374002072, 4374002073, 4374002074, 4374002075, 4374002076, 4374002065]}}, {"type": "Feature", "geometry": {"type": "Polygon", "coordinates": [[[126.9537613, 37.4538287], [126.9536529, 37.4536542], [126.953582, 37.453682], [126.9536903, 37.4538565], [126.9537613, 37.4538287]]]}, "properties": {"osm_type": "way", "osm_id": 439704950, "part": 0, "name": "위험물저장고", "ref": "", "levels": "", "building": "university", "nodes": [4374002077, 4374002078, 4374002079, 4374002080, 4374002077]}}, {"type": "Feature", "geometry": {"type": "Polygon", "coordinates": [[[126.9542031, 37.4571288], [126.9541947, 37.4570552], [126.9543933, 37.4570414], [126.9544147, 37.4570585], [126.9544228, 37.4570904], [126.9544067, 37.4571138], [126.9542031, 37.4571288]]]}, "properties": {"osm_type": "way", "osm_id": 439704951, "part": 0, "name": "천문대", "ref": "", "levels": "", "building": "university", "nodes": [4374002081, 4374002082, 4374002083, 4374002084, 4374002085, 4374002086, 4374002081]}}, {"type": "Feature", "geometry": {"type": "Polygon", "coordinates": [[[126.9594541, 37.4641462], [126.959701, 37.4638319], [126.959931, 37.4639434], [126.9598245, 37.4640921], [126.9595733, 37.4642374], [126.9594541, 37.4641462]]]}, "properties": {"osm_type": "way", "osm_id": 439707874, "part": 0, "name": "국제백신연구소", "ref": "", "levels": "", "building": "yes", "nodes": [4374089009, 4374089010, 4374089011, 4374089012, 4374089013, 4374089009]}}, {"type": "Feature", "geometry": {"type": "Polygon", "coordinates": [[[126.9590879, 37.4657143], [126.9591146, 37.4653804], [126.9595158, 37.4654006], [126.9594924, 37.465694], [126.9597223, 37.4658934], [126.9599798, 37.4658554], [126.9600308, 37.4660733], [126.9594626, 37.466157], [126.9590879, 37.4657143]]]}, "properties": {"osm_type": "way", "osm_id": 439707875, "part": 0, "name": "연구공원", "ref": "", "levels": "", "building": "university", "nodes": [4374089014, 4374089015, 4374089016, 4374089017, 4374089018, 4374089019, 4374089020, 4374089021, 4374089014]}}, {"type": "Feature", "geometry": {"type": "Polygon", "coordinates": [[[126.9605778, 37.4656581], [126.9605255, 37.4656134], [126.9606221, 37.4655367], [126.9612175, 37.4659796], [126.9609707, 37.4662095], [126.9607133, 37.4660221], [126.9608031, 37.4659455], [126.9605094, 37.4657283], [126.9605778, 37.4656581]]]}, "properties": {"osm_type": "way", "osm_id": 439707876, "part": 0, "name": "LG전자 서울대연구소", "ref": "", "levels": "5", "building": "yes", "nodes": [4374089022, 4374089023, 4374089024, 4374089025, 4374089026, 4374089027, 4374089028, 4374089029, 4374089022]}}, {"type": "Feature", "geometry": {"type": "Polygon", "coordinates": [[[126.9581001, 37.4663394], [126.9580703, 37.4662482], [126.9580831, 37.4661198], [126.9581129, 37.4659812], [126.9581427, 37.4658832], [126.9582917, 37.4658798], [126.9582449, 37.4660252], [126.9582747, 37.4661367], [126.9583939, 37.4661401], [126.9583726, 37.4662583], [126.9583258, 37.4663496], [126.9582406, 37.4664003], [126.9581427, 37.4663868], [126.9581001, 37.4663394]]]}, "properties": {"osm_type": "way", "osm_id": 439707877, "part": 0, "name": "백학어린이집", "ref": "", "levels": "", "building": "yes", "nodes": [4374089030, 4374089031, 4374089032, 4374089033, 4374089034, 4374089035, 4374089036, 4374089037, 4374089038, 4374089039, 4374089040, 4374089041, 4374089042, 4374089030]}}, {"type": "Feature", "geometry": {"type": "Polygon", "coordinates": [[[126.9585314, 37.4662531], [126.9587941, 37.4661908], [126.9588349, 37.4658432], [126.9584444, 37.4658144], [126.9584293, 37.4659434], [126.9586704, 37.4659612], [126.9586484, 37.4661485], [126.9584876, 37.4661367], [126.9585314, 37.4662531]]]}, "properties": {"osm_type": "way", "osm_id": 439707878, "part": 0, "name": "느티나무 어린이집", "ref": "", "levels": "", "building": "yes", "nodes": [4374089043, 4374089044, 4374089045, 4374089046, 4374089047, 4374089048, 4374089049, 4374089050, 4374089043]}}, {"type": "Feature", "geometry": {"type": "Polygon", "coordinates": [[[126.959471, 37.4670203], [126.9595382, 37.4668805], [126.9600645, 37.46704], [126.9599973, 37.4671797], [126.959471, 37.4670203]]]}, "properties": {"osm_type": "way", "osm_id": 439707880, "part": 0, "name": "직원아파트", "ref": "", "levels": "", "building": "apartments", "nodes": [4374089060, 4374089061, 4374089062, 4374089063, 4374089060]}}, {"type": "Feature", "geometry": {"type": "Polygon", "coordinates": [[[126.9599426, 37.4677406], [126.9600885, 37.4674564], [126.9603336, 37.4675357], [126.9601877, 37.4678199], [126.9599426, 37.4677406]]]}, "properties": {"osm_type": "way", "osm_id": 439707881, "part": 0, "name": "게스트하우스", "ref": "", "levels": "", "building": "university", "nodes": [4374089064, 4374089065, 4374089066, 4374089067, 4374089064]}}, {"type": "Feature", "geometry": {"type": "Polygon", "coordinates": [[[126.9594551, 37.4680451], [126.9595301, 37.4679], [126.9596968, 37.4679542], [126.9597989, 37.4677567], [126.9601824, 37.4678815], [126.9599651, 37.4682137], [126.9594551, 37.4680451]]]}, "properties": {"osm_type": "way", "osm_id": 439707882, "part": 0, "name": "호암컨벤션센터", "ref": "", "levels": "", "building": "university", "nodes": [4374089068, 4374089069, 4374089070, 4374089071, 4374089072, 4374089073, 4374089068]}}, {"type": "Feature", "geometry": {"type": "Polygon", "coordinates": [[[126.9584551, 37.4676292], [126.9584134, 37.4674508], [126.9585419, 37.4674319], [126.958896, 37.467236], [126.9591565, 37.4672092], [126.9591782, 37.4673426], [126.959014, 37.4673595], [126.9586385, 37.4676022], [126.9584551, 37.4676292]]]}, "properties": {"osm_type": "way", "osm_id": 439707883, "part": 0, "name": "호암서관", "ref": "", "levels": "", "building": "apartments", "nodes": [4374089074, 4374089075, 4374089076, 4374089077, 4374089078, 4374089079, 4374089080, 4374089081, 4374089074]}}, {"type": "Feature", "geometry": {"type": "Polygon", "coordinates": [[[126.9590864, 37.4675604], [126.9591669, 37.4674137], [126.9597032, 37.4675988], [126.9596228, 37.4677456], [126.9590864, 37.4675604]]]}, "properties": {"osm_type": "way", "osm_id": 439707884, "part": 0, "name": "호암동관", "ref": "", "levels": "", "building": "apartments", "nodes": [4374089082, 4374089083, 4374089084, 4374089085, 4374089082]}}, {"type": "Feature", "geometry": {"type": "Polygon", "coordinates": [[[126.9551346, 37.4592944], [126.9550371, 37.4591755], [126.9551192, 37.459133], [126.9552167, 37.4592519], [126.9551346, 37.4592944]]]}, "properties": {"osm_type": "way", "osm_id": 439707885, "part": 0, "name": "Caffè Pascucci", "ref": "", "levels": "", "building": "yes", "nodes": [4374089086, 4374089087, 4374089088, 4374089189, 4374089086]}}, {"type": "Feature", "geometry": {"type": "Polygon", "coordinates": [[[126.9570731, 37.4667713], [126.9571629, 37.4666346], [126.9576394, 37.4668317], [126.9575496, 37.4669685], [126.9570731, 37.4667713]]]}, "properties": {"osm_type": "way", "osm_id": 439707886, "part": 0, "name": "총장 공관", "ref": "", "levels": "", "building": "house", "nodes": [4374089190, 4374089191, 4374089192, 4374089193, 4374089190]}}, {"type": "Feature", "geometry": {"type": "Polygon", "coordinates": [[[126.9572137, 37.4674888], [126.9573287, 37.467384], [126.9576352, 37.4675817], [126.9576395, 37.467754], [126.9572137, 37.4674888]]]}, "properties": {"osm_type": "way", "osm_id": 439707887, "part": 0, "name": "D", "ref": "", "levels": "", "building": "apartments", "nodes": [4374089194, 4374089195, 4374089196, 4374089197, 4374089194]}}, {"type": "Feature", "geometry": {"type": "Polygon", "coordinates": [[[126.9567517, 37.4677371], [126.9567773, 37.467602], [126.9572158, 37.4678301], [126.9571115, 37.4679348], [126.9567517, 37.4677371]]]}, "properties": {"osm_type": "way", "osm_id": 439707888, "part": 0, "name": "E", "ref": "", "levels": "", "building": "apartments", "nodes": [4374089198, 4374089199, 4374089200, 4374089201, 4374089198]}}, {"type": "Feature", "geometry": {"type": "Polygon", "coordinates": [[[126.9571434, 37.4679551], [126.9572584, 37.467847], [126.9576224, 37.4680379], [126.9576224, 37.4682238], [126.9571434, 37.4679551]]]}, "properties": {"osm_type": "way", "osm_id": 439707889, "part": 0, "name": "F", "ref": "", "levels": "", "building": "apartments", "nodes": [4374089202, 4374089203, 4374089204, 4374089205, 4374089202]}}, {"type": "Feature", "geometry": {"type": "Polygon", "coordinates": [[[126.9567837, 37.4680497], [126.9568305, 37.4678791], [126.9570774, 37.4679973], [126.956988, 37.4681376], [126.9567837, 37.4680497]]]}, "properties": {"osm_type": "way", "osm_id": 439707890, "part": 0, "name": "G", "ref": "", "levels": "", "building": "apartments", "nodes": [4374089206, 4374089207, 4374089208, 4374089209, 4374089206]}}, {"type": "Feature", "geometry": {"type": "Polygon", "coordinates": [[[126.9570455, 37.4681545], [126.9571179, 37.4680295], [126.9576118, 37.4682761], [126.9576075, 37.46844], [126.9570455, 37.4681545]]]}, "properties": {"osm_type": "way", "osm_id": 439707891, "part": 0, "name": "H", "ref": "", "levels": "", "building": "apartments", "nodes": [4374089210, 4374089211, 4374089212, 4374089213, 4374089210]}}, {"type": "Feature", "geometry": {"type": "Polygon", "coordinates": [[[126.9593137, 37.4669372], [126.9592468, 37.4665207], [126.9594366, 37.4665015], [126.9595036, 37.466918], [126.9593137, 37.4669372]]]}, "properties": {"osm_type": "way", "osm_id": 439707892, "part": 0, "name": "934", "ref": "", "levels": "", "building": "dormitory", "nodes": [4374089214, 4374089215, 4374089216, 4374089217, 4374089214]}}, {"type": "Feature", "geometry": {"type": "Polygon", "coordinates": [[[126.9590292, 37.4669618], [126.9589677, 37.4665537], [126.9591598, 37.4665355], [126.9592213, 37.4669435], [126.9590292, 37.4669618]]]}, "properties": {"osm_type": "way", "osm_id": 439707893, "part": 0, "name": "933", "ref": "", "levels": "", "building": "dormitory", "nodes": [4374089218, 4374089219, 4374089220, 4374089221, 4374089218]}}, {"type": "Feature", "geometry": {"type": "Polygon", "coordinates": [[[126.9583429, 37.4668997], [126.9583185, 37.4667236], [126.9588575, 37.4666766], [126.9588818, 37.4668528], [126.9583429, 37.4668997]]]}, "properties": {"osm_type": "way", "osm_id": 439707894, "part": 0, "name": "932", "ref": "", "levels": "", "building": "dormitory", "nodes": [4374089222, 4374089223, 4374089224, 4374089225, 4374089222]}}, {"type": "Feature", "geometry": {"type": "Polygon", "coordinates": [[[126.9583875, 37.4671768], [126.9583544, 37.4670234], [126.9588603, 37.4669545], [126.9588935, 37.467108], [126.9583875, 37.4671768]]]}, "properties": {"osm_type": "way", "osm_id": 439707895, "part": 0, "name": "931", "ref": "", "levels": "", "building": "dormitory", "nodes": [4374089226, 4374089227, 4374089228, 4374089229, 4374089226]}}, {"type": "Feature", "geometry": {"type": "Polygon", "coordinates": [[[126.9534125, 37.4640425], [126.9534779, 37.4640814], [126.9535713, 37.4639906], [126.9535027, 37.463953], [126.9534125, 37.4640425]]]}, "properties": {"osm_type": "way", "osm_id": 455025059, "part": 0, "name": "", "ref": "", "levels": "", "building": "yes", "nodes": [4514872415, 4514872416, 4514872417, 4514872418, 4514872415]}}, {"type": "Feature", "geometry": {"type": "Polygon", "coordinates": [[[126.9581364, 37.4629238], [126.9587067, 37.4629646], [126.9586631, 37.4633485], [126.958533, 37.4633392], [126.958564, 37.4630659], [126.9581238, 37.4630344], [126.9581364, 37.4629238]]]}, "properties": {"osm_type": "way", "osm_id": 456300256, "part": 0, "name": "919B", "ref": "", "levels": "", "building": "dormitory", "nodes": [4525722487, 4525722488, 4525722689, 4525722692, 4525722693, 4525722694, 4525722487]}}, {"type": "Feature", "geometry": {"type": "Polygon", "coordinates": [[[126.9520543, 37.4664079], [126.9519668, 37.4665844], [126.9521419, 37.4666524], [126.9522683, 37.4664043], [126.9522833, 37.4661952], [126.952222, 37.4661413], [126.9521221, 37.4661412], [126.9520576, 37.4661921], [126.9520543, 37.4664079]]]}, "properties": {"osm_type": "way", "osm_id": 456356711, "part": 0, "name": "우정원 글로벌사회공헌센터(153동)", "ref": "", "levels": "", "building": "yes", "nodes": [3248636823, 3248636820, 3248636821, 3248636822, 4526181531, 6582021069, 6582021068, 4526181532, 3248636823]}}, {"type": "Feature", "geometry": {"type": "Polygon", "coordinates": [[[126.9522881, 37.4667147], [126.9527477, 37.4668609], [126.9530243, 37.466313], [126.9525646, 37.4661668], [126.9522881, 37.4667147]]]}, "properties": {"osm_type": "way", "osm_id": 456356713, "part": 0, "name": "체육문화교육연구동(71-1동)", "ref": "", "levels": "", "building": "yes", "nodes": [4526181537, 4526181538, 4526181539, 4526181540, 4526181537]}}, {"type": "Feature", "geometry": {"type": "Polygon", "coordinates": [[[126.9522501, 37.4550331], [126.952359, 37.4550367], [126.9523611, 37.4549979], [126.9523704, 37.4548206], [126.9522615, 37.454817], [126.9522501, 37.4550331]]]}, "properties": {"osm_type": "way", "osm_id": 460919054, "part": 0, "name": "42-1동", "ref": "", "levels": "", "building": "yes", "nodes": [4564999902, 4564999903, 4564999916, 4564999904, 4564999905, 4564999902]}}, {"type": "Feature", "geometry": {"type": "Polygon", "coordinates": [[[126.9525931, 37.4540587], [126.9525972, 37.4539145], [126.9528846, 37.4539197], [126.9528804, 37.4540639], [126.9526571, 37.4540599], [126.9525931, 37.4540587]]]}, "properties": {"osm_type": "way", "osm_id": 460919056, "part": 0, "name": "45동", "ref": "", "levels": "", "building": "university", "nodes": [4564999921, 4564999922, 4564999923, 4564999924, 4564999932, 4564999921]}}, {"type": "Feature", "geometry": {"type": "Polygon", "coordinates": [[[126.9523464, 37.4484721], [126.9523469, 37.448363], [126.9522381, 37.4483641], [126.952234, 37.4481083], [126.9526872, 37.4481037], [126.9526913, 37.4483604], [126.9525478, 37.4483619], [126.9525473, 37.4484727], [126.9526559, 37.4484714], [126.9526619, 37.449027], [126.9524384, 37.4490285], [126.9522059, 37.4490295], [126.9522043, 37.4487903], [126.952201, 37.4484736], [126.9523464, 37.4484721]]]}, "properties": {"osm_type": "way", "osm_id": 482207537, "part": 0, "name": "제2공학관", "ref": "", "levels": "20", "building": "university", "nodes": [4750534646, 4750534647, 4750534642, 4750534643, 4750534644, 4750534645, 4750534648, 4750534649, 2371536452, 2371536449, 4748070027, 2371536443, 4748070026, 2371536444, 4750534646]}}, {"type": "Feature", "geometry": {"type": "Polygon", "coordinates": [[[126.9580096, 37.4612393], [126.957916, 37.4613989], [126.9578608, 37.4613785], [126.9578254, 37.4614388], [126.9580268, 37.4615132], [126.9580084, 37.4615445], [126.9580964, 37.461577], [126.9582251, 37.4613576], [126.9580768, 37.4613028], [126.9580955, 37.461271], [126.9580096, 37.4612393]]]}, "properties": {"osm_type": "way", "osm_id": 482220667, "part": 0, "name": "900", "ref": "", "levels": "", "building": "dormitory", "nodes": [4750647196, 4750647146, 4750647173, 4750647201, 4750648953, 4750647166, 4750647191, 4750647220, 4750647209, 4750648930, 4750647196]}}, {"type": "Feature", "geometry": {"type": "Polygon", "coordinates": [[[126.9591547, 37.4632323], [126.9592989, 37.4632473], [126.9593346, 37.4630306], [126.9592737, 37.4630242], [126.9593023, 37.4628503], [126.9591613, 37.4628357], [126.9591313, 37.4630178], [126.9591891, 37.4630238], [126.9591547, 37.4632323]]]}, "properties": {"osm_type": "way", "osm_id": 482220668, "part": 0, "name": "922", "ref": "", "levels": "", "building": "dormitory", "nodes": [4750647158, 4750648929, 4750647200, 4750648924, 4750648946, 4750647154, 4750647218, 4750648938, 4750647158]}}, {"type": "Feature", "geometry": {"type": "Polygon", "coordinates": [[[126.9592791, 37.4634805], [126.9592643, 37.4635783], [126.9595439, 37.4636051], [126.959551, 37.4635582], [126.9598079, 37.4635828], [126.9598252, 37.4634688], [126.959561, 37.4634435], [126.9595514, 37.4635065], [126.9592791, 37.4634805]]]}, "properties": {"osm_type": "way", "osm_id": 482220670, "part": 0, "name": "924", "ref": "", "levels": "", "building": "dormitory", "nodes": [4750647171, 4750647213, 4750648931, 4750648951, 4750647165, 4750648926, 4750648948, 4750647159, 4750647171]}}, {"type": "Feature", "geometry": {"type": "Polygon", "coordinates": [[[126.9587173, 37.4626648], [126.9587672, 37.4626685], [126.9589252, 37.46268], [126.9589514, 37.4624534], [126.9587436, 37.4624382], [126.9587173, 37.4626648]]]}, "properties": {"osm_type": "way", "osm_id": 482220671, "part": 0, "name": "919D", "ref": "", "levels": "", "building": "dormitory", "nodes": [4750647190, 4752404049, 4750647161, 4750647170, 4750647199, 4750647190]}}, {"type": "Feature", "geometry": {"type": "Polygon", "coordinates": [[[126.9583274, 37.4626504], [126.9584464, 37.4620853], [126.9583764, 37.4620761], [126.9582791, 37.4620631], [126.9581875, 37.4625051], [126.9581301, 37.4624977], [126.9579679, 37.4624769], [126.9579555, 37.4625387], [126.957943, 37.4626004], [126.9583274, 37.4626504]]]}, "properties": {"osm_type": "way", "osm_id": 482220672, "part": 0, "name": "906", "ref": "", "levels": "", "building": "dormitory", "nodes": [4750647172, 4750648943, 4752760186, 4750647150, 4750648936, 4752760187, 4750647142, 4752760188, 4750647195, 4750647172]}}, {"type": "Feature", "geometry": {"type": "Polygon", "coordinates": [[[126.9580385, 37.4605793], [126.9576127, 37.4604286], [126.9575791, 37.4604884], [126.9574357, 37.4607435], [126.957344, 37.460711], [126.9572735, 37.4606861], [126.9575098, 37.4602654], [126.9580978, 37.4604736], [126.9580385, 37.4605793]]]}, "properties": {"osm_type": "way", "osm_id": 482220673, "part": 0, "name": "904", "ref": "", "levels": "8", "building": "dormitory", "nodes": [4750647176, 4750648945, 4752760657, 4750647153, 4750650869, 4750647181, 4750647208, 4750647219, 4750647176]}}, {"type": "Feature", "geometry": {"type": "Polygon", "coordinates": [[[126.9583569, 37.4608123], [126.9582715, 37.4609468], [126.9582178, 37.4609362], [126.9581626, 37.4610238], [126.9586045, 37.4611993], [126.9584857, 37.4613877], [126.958522, 37.4614021], [126.9584654, 37.4614917], [126.9585761, 37.4615358], [126.9588382, 37.4611215], [126.9585346, 37.4610005], [126.9585207, 37.4610223], [126.9584548, 37.4609959], [126.9585279, 37.4608807], [126.9583569, 37.4608123]]]}, "properties": {"osm_type": "way", "osm_id": 482220675, "part": 0, "name": "905", "ref": "", "levels": "8", "building": "dormitory", "nodes": [4750647145, 4750648923, 4750647163, 4750647189, 4750647217, 4750648937, 4750648928, 4750648950, 4750647162, 4750647188, 4750648944, 4750647151, 4750647179, 4750647206, 4750647145]}}, {"type": "Feature", "geometry": {"type": "Polygon", "coordinates": [[[126.9574337, 37.4610288], [126.9575115, 37.4608814], [126.9574705, 37.4608678], [126.9575084, 37.460796], [126.9577275, 37.4608689], [126.9577442, 37.4608373], [126.9578221, 37.4608632], [126.9577458, 37.4610078], [126.9577856, 37.4610211], [126.9577454, 37.4610972], [126.9575323, 37.4610263], [126.9575165, 37.4610563], [126.9574337, 37.4610288]]]}, "properties": {"osm_type": "way", "osm_id": 482220678, "part": 0, "name": "903", "ref": "", "levels": "8", "building": "dormitory", "nodes": [4750647180, 4750647192, 4750648921, 4750648941, 4750647148, 4750647215, 4750648934, 4750647141, 4750647167, 4750647157, 4750647185, 4750647211, 4750647180]}}, {"type": "Feature", "geometry": {"type": "Polygon", "coordinates": [[[126.9593062, 37.4633895], [126.9593303, 37.4632639], [126.9596522, 37.4633065], [126.9596307, 37.46343], [126.9593062, 37.4633895]]]}, "properties": {"osm_type": "way", "osm_id": 482220679, "part": 0, "name": "923", "ref": "", "levels": "", "building": "dormitory", "nodes": [4750647198, 4750647144, 4750647175, 4750647203, 4750647198]}}, {"type": "Feature", "geometry": {"type": "Polygon", "coordinates": [[[126.957102, 37.4615972], [126.9571892, 37.4614543], [126.9571521, 37.46144], [126.9571984, 37.4613641], [126.9574148, 37.4614473], [126.9574316, 37.4614199], [126.9574961, 37.4614447], [126.9574042, 37.4615953], [126.9574435, 37.4616105], [126.9574026, 37.4616775], [126.9571967, 37.4615983], [126.9571793, 37.4616269], [126.957102, 37.4615972]]]}, "properties": {"osm_type": "way", "osm_id": 482220680, "part": 0, "name": "902", "ref": "", "levels": "", "building": "dormitory", "nodes": [4750647197, 4750647187, 4750647214, 4750648933, 4750648954, 4750648947, 4750647156, 4750647184, 4750647210, 4750647147, 4750647174, 4750647202, 4750647197]}}, {"type": "Feature", "geometry": {"type": "Polygon", "coordinates": [[[126.957589, 37.4620346], [126.9575959, 37.4619705], [126.9576589, 37.4619747], [126.9576772, 37.4618037], [126.9577681, 37.4618099], [126.9577635, 37.4618528], [126.9579815, 37.4618674], [126.957971, 37.4619662], [126.9579075, 37.4619619], [126.9578911, 37.4621154], [126.9577688, 37.4621072], [126.9577752, 37.4620472], [126.957589, 37.4620346]]]}, "properties": {"osm_type": "way", "osm_id": 482220682, "part": 0, "name": "901", "ref": "", "levels": "", "building": "dormitory", "nodes": [4750648940, 4750647194, 4750648922, 4750648942, 4750647149, 4750647216, 4750648935, 4750647143, 4750647168, 4750647160, 4750647186, 4750647155, 4750648940]}}, {"type": "Feature", "geometry": {"type": "Polygon", "coordinates": [[[126.9587909, 37.4635706], [126.9589454, 37.4635791], [126.9589652, 37.4633522], [126.959038, 37.4633562], [126.9590534, 37.4631807], [126.9589246, 37.4631736], [126.9589088, 37.4633546], [126.9588102, 37.4633492], [126.9587909, 37.4635706]]]}, "properties": {"osm_type": "way", "osm_id": 482220683, "part": 0, "name": "921", "ref": "", "levels": "", "building": "dormitory", "nodes": [4750648939, 4750647193, 4750647182, 4750647212, 4750648932, 4750648952, 4750647204, 4750648925, 4750648939]}}, {"type": "Feature", "geometry": {"type": "Polygon", "coordinates": [[[126.9580871, 37.4634905], [126.958538, 37.4635199], [126.9586462, 37.463527], [126.9586585, 37.4634074], [126.9585607, 37.4634021], [126.9582924, 37.4633874], [126.9580995, 37.463371], [126.9580871, 37.4634905]]]}, "properties": {"osm_type": "way", "osm_id": 482425583, "part": 0, "name": "919A", "ref": "", "levels": "", "building": "dormitory", "nodes": [4752404042, 11022811364, 4752404043, 4752404044, 11022811365, 4752760628, 4752404045, 4752404042]}}, {"type": "Feature", "geometry": {"type": "Polygon", "coordinates": [[[126.9587404, 37.4629058], [126.9589696, 37.4629221], [126.9589965, 37.4626844], [126.9589252, 37.46268], [126.9587672, 37.4626685], [126.9587575, 37.4627545], [126.9587404, 37.4629058]]]}, "properties": {"osm_type": "way", "osm_id": 482425584, "part": 0, "name": "919C", "ref": "", "levels": "", "building": "dormitory", "nodes": [4752404046, 4752404047, 4752404048, 4750647161, 4752404049, 4752760632, 4752404046]}}, {"type": "Feature", "geometry": {"type": "Polygon", "coordinates": [[[126.9585224, 37.4643287], [126.9586575, 37.4643389], [126.9586834, 37.464122], [126.9586121, 37.4641166], [126.9586388, 37.4638936], [126.9584949, 37.4638828], [126.9584668, 37.464118], [126.9585468, 37.4641241], [126.9585224, 37.4643287]]]}, "properties": {"osm_type": "way", "osm_id": 482425585, "part": 0, "name": "925", "ref": "", "levels": "", "building": "dormitory", "nodes": [4752404050, 4752404051, 4752404052, 4752404053, 4752404054, 4752404055, 4752404056, 4752404057, 4752404050]}}, {"type": "Feature", "geometry": {"type": "Polygon", "coordinates": [[[126.9588045, 37.4642864], [126.958819, 37.4641663], [126.959154, 37.4641916], [126.9591396, 37.4643118], [126.9588045, 37.4642864]]]}, "properties": {"osm_type": "way", "osm_id": 482425586, "part": 0, "name": "926", "ref": "", "levels": "", "building": "dormitory", "nodes": [4752404058, 4752404059, 4752404060, 4752404061, 4752404058]}}, {"type": "Feature", "geometry": {"type": "Polygon", "coordinates": [[[126.9590188, 37.4637639], [126.9588699, 37.463847], [126.9588616, 37.4638821], [126.9588257, 37.4639018], [126.9588175, 37.4639915], [126.9588478, 37.4640243], [126.9589691, 37.4640309], [126.9590133, 37.4640068], [126.9590491, 37.4640068], [126.9590353, 37.464055], [126.9592008, 37.4640681], [126.9592228, 37.4639762], [126.959198, 37.4639718], [126.9592146, 37.4638602], [126.9592063, 37.4637858], [126.9591677, 37.4637442], [126.9590464, 37.4637485], [126.9590188, 37.4637639]]]}, "properties": {"osm_type": "way", "osm_id": 482425587, "part": 0, "name": "920", "ref": "", "levels": "", "building": "dormitory", "nodes": [4752404062, 4752404063, 4752404064, 4752404065, 4752404066, 4752404067, 4752404068, 4752404069, 4752404070, 4752404071, 4752404072, 4752404073, 4752404074, 4752404075, 4752404076, 4752404077, 4752404078, 4752404062]}}, {"type": "Feature", "geometry": {"type": "Polygon", "coordinates": [[[126.9638814, 37.4452296], [126.9637134, 37.4450493], [126.9637959, 37.4450009], [126.9639639, 37.4451811], [126.9638814, 37.4452296]]]}, "properties": {"osm_type": "way", "osm_id": 539770454, "part": 0, "name": "", "ref": "", "levels": "", "building": "yes", "nodes": [5222591900, 5222591901, 5222591902, 5222591903, 5222591900]}}, {"type": "Feature", "geometry": {"type": "Polygon", "coordinates": [[[126.9478074, 37.4673422], [126.9478065, 37.4673031], [126.9478059, 37.4672616], [126.9479942, 37.46726], [126.9479947, 37.4673005], [126.9479956, 37.4673395], [126.9478074, 37.4673422]]]}, "properties": {"osm_type": "way", "osm_id": 605434649, "part": 0, "name": "저류조 입구", "ref": "", "levels": "1", "building": "public", "nodes": [5742447773, 5742447771, 5742447774, 5742447775, 5742447772, 5742447776, 5742447773]}}, {"type": "Feature", "geometry": {"type": "Polygon", "coordinates": [[[126.9461942, 37.4680784], [126.946326, 37.4680488], [126.9466351, 37.467852], [126.9465861, 37.4678036], [126.9467822, 37.4676788], [126.9465383, 37.4674374], [126.9463653, 37.4675476], [126.9463876, 37.4675696], [126.9463309, 37.4676059], [126.9463645, 37.467639], [126.9460556, 37.4678451], [126.9461942, 37.4680784]]]}, "properties": {"osm_type": "way", "osm_id": 605436086, "part": 0, "name": "", "ref": "", "levels": "", "building": "public", "nodes": [3866375401, 5742456570, 3866375399, 5742456577, 5742456578, 5742456571, 5742456572, 5742456573, 5742456574, 5742456575, 5742456576, 3866375401]}}, {"type": "Feature", "geometry": {"type": "Polygon", "coordinates": [[[126.9596494, 37.4665282], [126.9599299, 37.4662838], [126.960807, 37.4669179], [126.9607229, 37.4669912], [126.9609569, 37.4671604], [126.9605929, 37.4674774], [126.9603052, 37.4672693], [126.9604727, 37.4671234], [126.9596494, 37.4665282]]]}, "properties": {"osm_type": "way", "osm_id": 700872151, "part": 0, "name": "삼성전자서울대연구소", "ref": "", "levels": "", "building": "yes", "nodes": [6581982342, 6581982343, 6581982344, 6581982345, 6581982346, 6581982347, 6581982348, 6581982349, 6581982342]}}, {"type": "Feature", "geometry": {"type": "Polygon", "coordinates": [[[126.9518286, 37.4510682], [126.9518057, 37.4509811], [126.9519144, 37.4509631], [126.9520091, 37.4509447], [126.9519788, 37.450834], [126.9519001, 37.4508439], [126.951875, 37.4507474], [126.9517428, 37.4507644], [126.9517302, 37.4507218], [126.9515252, 37.4507563], [126.9516226, 37.4511045], [126.9518286, 37.4510682]]]}, "properties": {"osm_type": "way", "osm_id": 777502176, "part": 0, "name": "312 정밀기계설계 실험동", "ref": "", "levels": "", "building": "yes", "nodes": [7255716105, 7255716101, 7255716097, 7255716104, 7255716103, 7255716102, 7255716098, 7255716106, 7255716107, 7255716096, 7255716099, 7255716105]}}, {"type": "Feature", "geometry": {"type": "Polygon", "coordinates": [[[126.9573292, 37.4659217], [126.9573318, 37.4657748], [126.9573587, 37.4657791], [126.957356, 37.4656109], [126.9576322, 37.4656173], [126.9576376, 37.4659153], [126.9573292, 37.4659217]]]}, "properties": {"osm_type": "way", "osm_id": 778417387, "part": 0, "name": "글로벌학생생활관(917)", "ref": "", "levels": "", "building": "yes", "nodes": [7265044494, 7265044495, 7265044496, 7265044497, 7265044498, 7265044499, 7265044494]}}, {"type": "Feature", "geometry": {"type": "Polygon", "coordinates": [[[126.9569939, 37.4654853], [126.9570127, 37.4652468], [126.9574177, 37.465266], [126.9573989, 37.4654895], [126.9569939, 37.4654853]]]}, "properties": {"osm_type": "way", "osm_id": 778417388, "part": 0, "name": "글로벌학생생활관(916)", "ref": "", "levels": "", "building": "yes", "nodes": [7265044500, 7265044501, 7265044502, 7265044503, 7265044500]}}, {"type": "Feature", "geometry": {"type": "Polygon", "coordinates": [[[126.9573801, 37.465134], [126.9573801, 37.4648253], [126.9576966, 37.4648445], [126.9576778, 37.4651446], [126.9573801, 37.465134]]]}, "properties": {"osm_type": "way", "osm_id": 778417389, "part": 0, "name": "글로벌학생생활관(915)", "ref": "", "levels": "", "building": "yes", "nodes": [7265044504, 7265044505, 7265044506, 7265044507, 7265044504]}}, {"type": "Feature", "geometry": {"type": "Polygon", "coordinates": [[[126.9521327, 37.4568838], [126.9522071, 37.4568914], [126.9522136, 37.4568489], [126.9522203, 37.4568054], [126.9522621, 37.4565321], [126.9522629, 37.456527], [126.9522115, 37.4565211], [126.952217, 37.4564789], [126.9522819, 37.4564113], [126.9522687, 37.4564096], [126.9522283, 37.4564044], [126.9522357, 37.4563833], [126.9522236, 37.4563617], [126.9522576, 37.4561469], [126.9522457, 37.4561457], [126.9520581, 37.4561271], [126.9520575, 37.4561348], [126.9519695, 37.4561271], [126.9519272, 37.4561234], [126.951789, 37.456981], [126.9519216, 37.4569946], [126.951917, 37.4570219], [126.9521076, 37.4570418], [126.9521147, 37.456997], [126.9521327, 37.4568838]]]}, "properties": {"osm_type": "way", "osm_id": 892896238, "part": 0, "name": "공과대학", "ref": "35", "levels": "5", "building": "university", "nodes": [8298753023, 8298752818, 13478432918, 13478432935, 13478432936, 8298752921, 11012377959, 8298752817, 8298752619, 13478432937, 8298752719, 8298752618, 8298752622, 8298752718, 13478432938, 8298752922, 8298752620, 4564998577, 8298752918, 8298753017, 8298753018, 8298752628, 8298752917, 13478432917, 8298753023]}}, {"type": "Feature", "geometry": {"type": "Polygon", "coordinates": [[[126.9526109, 37.4574026], [126.9526715, 37.4574036], [126.9526739, 37.4574821], [126.952884, 37.4574782], [126.9528865, 37.4573193], [126.9528605, 37.4573202], [126.952868, 37.4571044], [126.9526047, 37.4571034], [126.9526109, 37.4574026]]]}, "properties": {"osm_type": "way", "osm_id": 905718842, "part": 0, "name": "실험동물자원관리원", "ref": "", "levels": "", "building": "school", "nodes": [8411015606, 8411015607, 8411015608, 8411015609, 8411015610, 8411015611, 8411015612, 8411015613, 8411015606]}}, {"type": "Feature", "geometry": {"type": "Polygon", "coordinates": [[[126.9474854, 37.4630381], [126.947458, 37.4630406], [126.9474153, 37.4629632], [126.9474305, 37.462939], [126.9473498, 37.4627999], [126.9474336, 37.4627769], [126.9474961, 37.4628833], [126.9475204, 37.4628858], [126.9475296, 37.4628942], [126.9475387, 37.46291], [126.9475296, 37.4629317], [126.947522, 37.462945], [126.947624, 37.46291], [126.9476457, 37.4629408], [126.9476697, 37.4629765], [126.9474854, 37.4630381]]]}, "properties": {"osm_type": "way", "osm_id": 1138173337, "part": 0, "name": "", "ref": "", "levels": "", "building": "yes", "nodes": [10609257431, 10609257432, 10609257433, 10609257434, 10609257435, 10609257436, 10609257437, 10609257438, 10609257439, 10609257440, 10609257441, 10609257442, 10609257443, 13130260527, 10609257444, 10609257431]}}, {"type": "Feature", "geometry": {"type": "Polygon", "coordinates": [[[126.9471208, 37.4668268], [126.9472107, 37.4666176], [126.9473814, 37.4666732], [126.9472899, 37.4668788], [126.9471208, 37.4668268]]]}, "properties": {"osm_type": "way", "osm_id": 1138174384, "part": 0, "name": "", "ref": "", "levels": "", "building": "yes", "nodes": [10609240779, 10609240780, 10609240781, 10609240782, 10609240779]}}, {"type": "Feature", "geometry": {"type": "Polygon", "coordinates": [[[126.9447706, 37.4685453], [126.9447387, 37.4684372], [126.9453238, 37.4683284], [126.9453557, 37.4684367], [126.9447706, 37.4685453]]]}, "properties": {"osm_type": "way", "osm_id": 1437075588, "part": 0, "name": "", "ref": "", "levels": "", "building": "yes", "nodes": [13208298733, 13208298734, 13208298735, 13208298736, 13208298733]}}, {"type": "Feature", "geometry": {"type": "Polygon", "coordinates": [[[126.9507777, 37.464518], [126.9507857, 37.4645135], [126.9506323, 37.4643408], [126.9506245, 37.4643453], [126.9505535, 37.4642654], [126.9504795, 37.4643068], [126.9504587, 37.4643184], [126.9507464, 37.4646425], [126.9507684, 37.4646302], [126.9508412, 37.4645895], [126.9507777, 37.464518]]]}, "properties": {"osm_type": "way", "osm_id": 1469808348, "part": 0, "name": "", "ref": "", "levels": "", "building": "grandstand", "nodes": [13479307533, 13479307684, 13479307697, 13479307534, 13479307535, 13479307529, 13479307538, 13479307537, 13479307528, 13479307536, 13479307533]}}, {"type": "Feature", "geometry": {"type": "Polygon", "coordinates": [[[126.9506323, 37.4643408], [126.9506245, 37.4643453], [126.9505541, 37.4643857], [126.9505607, 37.464403], [126.9505682, 37.4644204], [126.9505759, 37.4644356], [126.9505857, 37.4644524], [126.9505999, 37.4644693], [126.950614, 37.4644848], [126.9506271, 37.4644995], [126.9506411, 37.4645128], [126.9506612, 37.4645281], [126.9506817, 37.4645427], [126.9507067, 37.4645578], [126.9507777, 37.464518], [126.9507857, 37.4645135], [126.9506323, 37.4643408]]]}, "properties": {"osm_type": "way", "osm_id": 1469808353, "part": 0, "name": "", "ref": "", "levels": "", "building": "roof", "nodes": [13479307697, 13479307534, 13479307696, 13479307695, 13479307694, 13479307693, 13479307692, 13479307691, 13479307690, 13479307689, 13479307688, 13479307687, 13479307686, 13479307685, 13479307533, 13479307684, 13479307697]}}, {"type": "Feature", "geometry": {"type": "Polygon", "coordinates": [[[126.9512604, 37.4652865], [126.9512048, 37.465288], [126.95121, 37.4654093], [126.9512655, 37.4654078], [126.9512604, 37.4652865]]]}, "properties": {"osm_type": "way", "osm_id": 1469808354, "part": 0, "name": "", "ref": "", "levels": "", "building": "yes", "nodes": [13479307712, 13479307711, 13479307710, 13479307709, 13479307712]}}, {"type": "Feature", "geometry": {"type": "Polygon", "coordinates": [[[126.9510902, 37.4572783], [126.9511308, 37.4569424], [126.9513463, 37.4569646], [126.9513076, 37.4572977], [126.9510902, 37.4572783]]]}, "properties": {"osm_type": "way", "osm_id": 1485386282, "part": 0, "name": "데이터사이언스대학원", "ref": "", "levels": "4", "building": "yes", "nodes": [13617883871, 13617883872, 13617883873, 13617883874, 13617883871]}}, {"type": "Feature", "geometry": {"type": "Polygon", "coordinates": [[[126.9465935, 37.4692784], [126.9464636, 37.4691626], [126.9466365, 37.4690405], [126.9466615, 37.4690628], [126.9466107, 37.4690987], [126.9467156, 37.4691922], [126.9465935, 37.4692784]]]}, "properties": {"osm_type": "way", "osm_id": 1511791907, "part": 0, "name": "", "ref": "", "levels": "", "building": "yes", "nodes": [13816386399, 13816386400, 13816451701, 13816451702, 13816451703, 13816451704, 13816386399]}}, {"type": "Feature", "geometry": {"type": "Polygon", "coordinates": [[[126.9461396, 37.4693431], [126.9462262, 37.4692818], [126.9462936, 37.4693417], [126.9463629, 37.4692926], [126.9467941, 37.469676], [126.9466381, 37.4697865], [126.9465735, 37.4697291], [126.946548, 37.4697471], [126.946423, 37.469636], [126.9464487, 37.4696178], [126.9461396, 37.4693431]]]}, "properties": {"osm_type": "way", "osm_id": 1530313056, "part": 0, "name": "신림공영차고지관리동", "ref": "", "levels": "", "building": "yes", "nodes": [13947250671, 13947250672, 13947250673, 13947250674, 13947250675, 13947250677, 13947250678, 13947250679, 13947250680, 13947250681, 13947250671]}}, {"type": "Feature", "geometry": {"type": "Polygon", "coordinates": [[[126.9473477, 37.4693043], [126.9472467, 37.4692046], [126.947297, 37.4691725], [126.947398, 37.4692722], [126.9473477, 37.4693043]]]}, "properties": {"osm_type": "way", "osm_id": 1530313057, "part": 0, "name": "", "ref": "", "levels": "", "building": "yes", "nodes": [13947250682, 13947250683, 13947250684, 13947250685, 13947250682]}}, {"type": "Feature", "geometry": {"type": "Polygon", "coordinates": [[[126.9494965, 37.4568401], [126.9495797, 37.4564977], [126.9498945, 37.4562809], [126.9504644, 37.4563172], [126.9503476, 37.4569358], [126.9494965, 37.4568401]]]}, "properties": {"osm_type": "way", "osm_id": 1530459898, "part": 0, "name": "", "ref": "", "levels": "", "building": "construction", "nodes": [13948604644, 13948604645, 13948604646, 13948604647, 13948604648, 13948604644]}}, {"type": "Feature", "geometry": {"type": "Polygon", "coordinates": [[[126.9505242, 37.4638289], [126.9505844, 37.4637799], [126.9509418, 37.4634592], [126.9508093, 37.4632672], [126.9502145, 37.4637774], [126.9505242, 37.4638289]]]}, "properties": {"osm_type": "way", "osm_id": 1537839925, "part": 0, "name": "한국경제혁신센터", "ref": "", "levels": "", "building": "university", "nodes": [14007509787, 2395781110, 14007509786, 14007509785, 14007509788, 14007509787]}}, {"type": "Feature", "geometry": {"type": "Polygon", "coordinates": [[[126.9556766, 37.4657811], [126.955605, 37.4657093], [126.9556232, 37.4656978], [126.9554322, 37.4655063], [126.9554026, 37.4655249], [126.9552865, 37.4654085], [126.9555814, 37.4652231], [126.9557263, 37.4653683], [126.9556888, 37.4653918], [126.9557378, 37.4654409], [126.9557791, 37.465415], [126.9558407, 37.4654767], [126.95579, 37.4655086], [126.9558254, 37.465544], [126.955848, 37.4655297], [126.9559362, 37.4656181], [126.9556766, 37.4657811]]]}, "properties": {"osm_type": "way", "osm_id": 1542788687, "part": 0, "name": "우석경제관", "ref": "", "levels": "", "building": "university", "nodes": [14038453102, 14038453114, 14038453115, 14038453116, 14038453117, 14038453103, 14038453104, 14038453113, 14038453112, 14038453111, 14038453110, 14038453109, 14038453108, 14038453107, 14038453106, 14038453105, 14038453102]}}, {"type": "Feature", "geometry": {"type": "Polygon", "coordinates": [[[126.9513303, 37.4623391], [126.9514511, 37.4622388], [126.9513027, 37.4621276], [126.9509001, 37.4624742], [126.9514088, 37.4628688], [126.9514507, 37.4628415], [126.9514701, 37.462825], [126.9510899, 37.4625445], [126.9513303, 37.4623391]]]}, "properties": {"osm_type": "relation", "osm_id": 6808893, "part": 0, "name": "우천법학관", "ref": "", "levels": "", "building": "university", "nodes": []}}, {"type": "Feature", "geometry": {"type": "Polygon", "coordinates": [[[126.9524939, 37.4684541], [126.9523221, 37.4682889], [126.9527238, 37.4680718], [126.9527916, 37.4678932], [126.9530167, 37.4679796], [126.9529807, 37.4680853], [126.9528763, 37.4682351], [126.9524939, 37.4684541]]]}, "properties": {"osm_type": "relation", "osm_id": 9741477, "part": 0, "name": "수의대부속 동물병원", "ref": "", "levels": "5", "building": "yes", "nodes": []}}, {"type": "Feature", "geometry": {"type": "Polygon", "coordinates": [[[126.9530768, 37.4682832], [126.9531393, 37.4683632], [126.9532557, 37.4683058], [126.9533329, 37.4680057], [126.95323, 37.4678796], [126.9531696, 37.4678689], [126.9531539, 37.4679244], [126.9530173, 37.4679793], [126.9529814, 37.4680851], [126.9530079, 37.468084], [126.952999, 37.4681266], [126.9530765, 37.4681373], [126.9531012, 37.4680541], [126.9531215, 37.4680751], [126.9530768, 37.4682832]]]}, "properties": {"osm_type": "relation", "osm_id": 9741477, "part": 1, "name": "수의대부속 동물병원", "ref": "", "levels": "5", "building": "yes", "nodes": []}}]}