from,to,magicmap_min,route_flat_min,route_slope_min,slope_factor,minutes,route_m,ascent_m,descent_m,net_rise_m,check
1,2,0.29,0.29,0.29,1.000,0.29,19,0.0,0.0,+0.0,
1,3,2.30,2.37,2.69,1.135,2.61,156,6.6,2.6,+4.0,
1,4,1.91,2.02,2.32,1.149,2.19,133,6.5,2.9,+3.7,
1,5,2.08,2.19,2.33,1.064,2.22,144,2.7,0.4,+2.3,
1,6,3.57,3.64,4.26,1.171,4.17,240,11.1,2.1,+8.9,
1,7,2.47,2.94,3.58,1.217,3.01,194,10.4,0.3,+9.8,
1,8,2.15,2.68,3.09,1.153,2.48,177,6.9,0.3,+6.5,
1,9,3.57,3.58,4.47,1.249,4.46,236,14.1,0.1,+14.0,
1,10,5.07,5.42,6.68,1.233,6.25,357,20.9,2.1,+18.7,
1,10-1,5.87,5.95,7.42,1.246,7.31,393,24.0,2.1,+21.8,
1,11,4.30,4.38,5.44,1.243,5.34,289,17.4,1.4,+16.0,
1,12,3.75,3.75,4.89,1.307,4.89,247,17.8,0.0,+17.8,
1,13,2.35,2.57,3.61,1.406,3.30,170,15.7,0.0,+15.7,
1,14,4.04,4.14,5.05,1.221,4.93,273,15.6,2.1,+13.3,
1,15,3.43,3.43,3.26,0.951,3.26,226,0.2,7.7,-7.5,
1,15-1,4.10,5.23,5.13,0.982,4.03,345,3.3,11.3,-7.9,
1,16,5.27,5.37,5.15,0.960,5.06,354,1.6,11.7,-10.1,
1,16-1,4.65,4.65,4.34,0.935,4.34,307,0.2,11.6,-11.4,
1,17,4.89,4.89,4.99,1.020,4.99,323,4.8,4.4,+0.5,
1,18,7.33,7.53,9.42,1.251,9.17,497,28.8,2.9,+25.9,
1,19,8.13,8.16,9.97,1.221,9.92,539,28.8,4.7,+24.1,
1,20,3.04,3.34,4.66,1.393,4.24,221,19.5,0.9,+18.5,
1,21,5.84,5.99,7.34,1.225,7.15,395,21.3,2.3,+19.0,
1,22,4.43,4.43,4.65,1.049,4.65,292,4.4,0.8,+3.6,
1,24,2.97,3.40,3.25,0.955,2.84,224,0.1,3.1,-3.1,
1,25,4.10,4.50,4.48,0.996,4.09,297,2.2,2.9,-0.7,
1,25-1,4.54,4.81,4.79,0.996,4.52,318,2.2,2.9,-0.7,
1,26,4.64,4.74,4.93,1.041,4.83,313,5.4,3.8,+1.6,
1,27,5.40,5.48,5.69,1.038,5.60,362,6.0,4.0,+1.9,
1,28,6.02,6.17,6.56,1.064,6.41,407,9.0,4.0,+5.0,
1,29,10.70,10.83,14.58,1.345,14.39,715,55.9,2.7,+53.2,
1,30,7.35,7.38,7.84,1.062,7.81,487,8.9,1.1,+7.8,
1,31,6.85,6.80,6.99,1.028,7.04,449,6.1,3.2,+2.9,
1,32,10.13,10.40,11.24,1.081,10.95,686,16.8,3.0,+13.8,
1,32-1,9.27,10.34,11.18,1.082,10.02,682,16.8,3.0,+13.8,
1,33,8.66,8.67,9.42,1.086,9.40,572,13.8,1.1,+12.7,
1,34,8.13,8.13,8.88,1.092,8.88,537,13.7,1.1,+12.6,
1,35,6.46,6.46,8.27,1.280,8.27,426,27.3,2.8,+24.5,
1,36,9.06,9.06,10.46,1.154,10.45,598,24.3,5.0,+19.5,
1,37,8.58,8.67,9.42,1.086,9.32,572,13.8,1.1,+12.7,
1,38,10.09,10.09,11.13,1.103,11.14,666,18.5,1.2,+17.4,
1,39,11.61,10.90,12.74,1.169,13.57,719,31.8,3.9,+27.8,
1,40,11.67,11.89,13.39,1.126,13.14,785,26.0,1.2,+24.8,
1,43,6.00,6.00,6.88,1.146,6.88,396,15.4,2.2,+13.2,
1,43-1,6.93,6.93,7.91,1.143,7.91,457,17.4,2.2,+15.1,
1,43-2,6.51,6.51,7.43,1.142,7.43,430,16.5,2.6,+14.0,
1,44-1,9.32,9.36,10.77,1.150,10.72,618,24.8,4.2,+20.6,
1,49,6.06,6.13,7.61,1.242,7.52,405,21.3,10.7,+10.7,
1,50,4.39,4.38,4.64,1.059,4.64,289,6.1,2.0,+4.1,
1,51,5.79,5.79,6.22,1.075,6.22,382,8.7,6.6,+2.1,
1,52,5.87,5.87,6.28,1.069,6.28,387,8.7,2.0,+6.7,
1,52-1,6.56,6.69,7.10,1.062,6.96,441,9.6,4.3,+5.3,
1,52-2,7.08,7.08,7.50,1.060,7.50,467,9.8,4.3,+5.5,
1,53,5.68,5.75,7.21,1.253,7.12,380,21.0,10.8,+10.2,
1,54,4.56,4.71,6.07,1.288,5.88,311,19.0,10.3,+8.6,
1,55,4.61,4.31,4.53,1.052,4.85,284,5.6,2.0,+3.6,
1,56,4.90,4.94,5.83,1.180,5.78,326,14.7,1.2,+13.5,
1,57,9.92,9.93,10.84,1.092,10.82,656,15.9,18.5,-2.6,
1,57-1,8.93,8.93,9.68,1.084,9.68,589,16.1,8.8,+7.3,
1,58,9.33,9.33,9.49,1.018,9.49,616,7.5,16.0,-8.5,
1,59,9.08,9.09,10.07,1.108,10.07,600,15.9,17.0,-0.9,
1,59-1,10.01,10.01,11.02,1.100,11.02,661,15.9,23.4,-7.3,
1,61,1.36,1.63,2.00,1.229,1.68,107,6.0,0.0,+6.0,
1,62,1.57,1.67,1.68,1.007,1.58,110,0.6,0.4,+0.2,
1,64,8.34,8.34,7.93,0.951,7.93,550,0.2,24.6,-24.5,
1,66,15.86,15.95,20.72,1.299,20.61,1053,73.7,8.9,+64.8,
1,71,14.73,14.52,15.03,1.035,15.25,958,15.3,23.3,-8.0,
1,71-1,13.11,14.52,15.03,1.035,13.57,958,15.3,23.3,-8.0,
1,73,3.18,3.18,3.11,0.978,3.11,210,0.1,4.8,-4.6,
1,74,2.92,2.92,3.48,1.191,3.48,193,9.4,0.8,+8.4,
1,75,10.08,10.39,11.12,1.071,10.79,686,15.1,3.0,+12.1,
1,75-1,9.92,10.29,10.73,1.043,10.35,679,11.8,6.3,+5.5,
1,80,19.08,19.08,20.87,1.094,20.87,1259,36.7,24.1,+12.5,
1,81,13.54,13.54,14.29,1.055,14.29,894,18.1,12.3,+5.8,
1,82,4.78,4.86,7.15,1.472,7.04,320,28.9,8.9,+20.0,
1,83,6.01,6.00,6.25,1.041,6.25,396,7.2,6.8,+0.5,
1,84,3.71,3.34,3.49,1.045,3.88,221,3.9,1.5,+2.3,
1,85,14.66,14.69,15.56,1.059,15.53,970,20.3,12.3,+8.0,
1,85-1,19.69,20.00,21.74,1.087,21.41,1320,36.2,24.5,+11.7,
1,86,18.39,18.70,20.41,1.091,20.07,1234,34.4,24.1,+10.3,
1,101,6.06,6.06,5.78,0.954,5.78,400,0.2,14.7,-14.5,
1,103,4.33,4.55,4.24,0.931,4.03,300,0.0,9.5,-9.5,
1,105-2,15.54,15.64,19.05,1.218,18.94,1032,56.7,7.0,+50.0,
1,129,7.86,7.92,8.01,1.011,7.95,523,6.1,5.3,+0.8,
1,132,12.86,12.86,16.64,1.294,16.64,849,57.9,4.7,+53.2,
1,135,11.34,11.04,12.89,1.168,13.24,728,32.0,4.0,+28.1,
1,140,8.21,8.24,9.21,1.117,9.18,544,19.4,4.9,+14.9,
1,140-1,8.21,8.24,9.21,1.117,9.18,544,19.4,4.9,+14.9,
1,140-2,8.21,8.24,9.21,1.117,9.18,544,19.4,4.9,+14.9,
1,142,10.00,10.11,13.67,1.352,13.51,667,53.0,2.7,+50.2,
1,143,4.51,4.44,6.16,1.387,6.25,293,25.3,2.4,+22.9,
1,152-1,12.48,12.24,12.36,1.010,12.60,808,9.7,22.3,-12.5,
1,153,11.88,11.91,12.02,1.009,11.99,786,9.5,20.3,-10.8,
1,200,6.68,7.07,7.11,1.006,6.72,467,3.4,3.0,+0.4,
1,201,9.27,9.54,10.04,1.052,9.75,630,11.7,3.7,+8.0,
1,203,6.77,7.04,7.08,1.006,6.81,465,3.4,3.0,+0.4,
1,207,7.17,7.45,7.88,1.057,7.58,492,9.8,4.3,+5.5,
1,220,6.95,7.01,7.75,1.104,7.67,463,14.8,5.2,+9.7,
1,221,9.05,9.23,10.12,1.096,9.92,609,17.5,7.0,+10.5,
1,222,7.70,7.70,8.51,1.105,8.51,508,16.2,7.1,+9.1,
1,223,11.76,11.79,13.12,1.113,13.09,778,24.8,7.4,+17.3,
1,300,17.77,17.96,23.27,1.295,23.02,1186,83.6,4.0,+79.6,
1,301,18.84,18.79,24.40,1.299,24.46,1240,88.2,3.9,+84.3,
1,302,21.40,21.60,28.64,1.326,28.38,1425,109.9,4.0,+105.8,
1,500,7.56,7.88,8.14,1.033,7.80,520,8.2,13.3,-5.1,
1,900,,10.13,12.69,1.252,12.69,669,40.0,8.7,+31.3,
1,901,,9.94,12.53,1.261,12.53,656,38.8,12.0,+26.9,
1,902,,9.37,11.88,1.268,11.88,618,38.8,7.8,+31.0,
1,903,,9.81,12.51,1.275,12.51,647,41.1,5.7,+35.3,
1,904,,9.48,12.22,1.288,12.22,626,41.2,5.1,+36.1,
1,905,,11.13,13.81,1.241,13.81,735,42.9,9.3,+33.7,
1,906,,10.48,13.22,1.261,13.22,691,40.8,14.2,+26.3,
1,915,,14.24,16.85,1.184,16.85,940,38.2,42.8,-4.2,
1,916,,15.38,18.06,1.175,18.06,1015,40.2,44.1,-3.8,
1,917,,16.20,19.01,1.174,19.01,1069,40.3,50.1,-9.6,
1,918,,11.37,14.69,1.292,14.69,751,50.1,7.3,+42.3,
1,919,11.12,11.19,13.85,1.238,13.76,738,38.2,22.0,+16.3,
1,921,,12.87,15.49,1.204,15.49,849,38.4,31.6,+6.9,
1,922,,13.39,16.17,1.207,16.17,884,40.3,28.9,+11.3,
1,923,,13.88,16.69,1.202,16.69,916,41.5,31.6,+10.0,
1,924,,13.86,16.55,1.195,16.55,914,40.3,32.5,+7.8,
1,925,,13.18,15.77,1.197,15.77,870,38.2,32.0,+6.2,
1,926,,13.63,16.16,1.185,16.16,900,38.3,33.7,+4.6,
1,931,,18.64,21.43,1.150,21.43,1230,43.2,56.9,-13.7,
1,932,,18.48,21.22,1.148,21.22,1220,41.2,54.5,-13.5,
1,933,,19.09,21.88,1.146,21.88,1260,42.1,54.6,-12.4,
1,934,,19.17,22.00,1.147,22.00,1265,42.6,54.6,-11.9,
1,935,,20.45,23.17,1.133,23.17,1350,42.4,57.9,-15.4,
1,942,18.51,18.69,21.79,1.166,21.58,1234,46.7,41.5,+5.2,
1,946,,13.67,16.37,1.197,16.37,902,38.2,42.4,-4.3,
1,GATE,12.42,12.48,11.88,0.952,11.82,824,0.7,29.7,-28.9,
2,1,0.29,0.29,0.29,1.000,0.29,19,0.0,0.0,-0.0,
2,3,0.77,0.79,0.81,1.032,0.79,52,0.6,0.1,+0.5,
2,4,0.57,0.58,0.61,1.044,0.60,38,0.6,0.1,+0.5,
2,5,0.56,0.56,0.56,1.000,0.56,37,0.0,0.0,+0.0,
2,6,2.17,2.20,2.35,1.070,2.32,145,3.5,1.3,+2.2,
2,7,1.29,1.32,1.82,1.381,1.79,87,7.8,0.0,+7.5,
2,8,0.88,1.06,1.33,1.259,1.10,70,4.3,0.0,+4.2,
2,9,1.99,1.99,2.77,1.392,2.77,131,11.8,0.0,+11.8,
2,10,3.49,3.84,4.73,1.229,4.28,254,14.7,1.5,+13.0,
2,10-1,4.53,4.55,5.58,1.228,5.57,300,16.2,0.1,+16.1,
2,11,2.80,2.81,3.70,1.320,3.70,185,13.8,0.0,+13.8,
2,12,2.18,2.37,3.27,1.382,3.02,156,13.9,0.0,+13.8,
2,13,2.41,2.60,3.62,1.393,3.36,172,15.6,0.0,+15.5,
2,14,2.70,2.73,3.22,1.179,3.19,180,7.8,0.1,+7.6,
2,15,3.32,3.32,3.10,0.934,3.11,219,0.0,12.0,-12.0,
2,15-1,4.00,5.12,4.98,0.971,3.88,338,3.2,15.6,-12.4,
2,16,5.17,5.26,5.00,0.949,4.91,347,1.4,16.0,-14.6,
2,16-1,4.54,4.54,4.19,0.923,4.19,300,0.0,15.9,-15.8,
2,17,4.78,4.78,4.83,1.010,4.83,316,4.6,8.5,-4.0,
2,18,7.53,7.78,9.52,1.224,9.21,513,26.5,2.9,+23.6,
2,19,8.32,8.41,10.06,1.197,9.96,555,26.5,4.7,+21.7,
2,20,3.24,3.59,4.76,1.325,4.29,237,17.2,1.0,+16.2,
2,21,6.03,6.24,7.44,1.193,7.20,412,19.0,2.3,+16.7,
2,22,4.63,4.68,4.75,1.016,4.70,309,2.1,0.8,+1.2,
2,24,4.02,4.41,4.27,0.968,3.90,291,1.3,7.4,-6.1,
2,25,4.91,5.51,5.50,0.999,4.91,363,3.5,7.2,-3.7,
2,25-1,5.59,5.83,5.82,0.999,5.59,384,3.5,7.2,-3.7,
2,26,5.49,5.68,5.72,1.007,5.53,375,1.9,10.0,-8.1,
2,27,6.15,6.42,6.48,1.009,6.20,424,2.5,10.3,-7.8,
2,28,6.60,6.72,6.77,1.008,6.65,443,2.3,6.9,-4.5,
2,29,10.89,11.08,14.67,1.324,14.42,731,53.6,2.8,+50.9,
2,30,7.54,7.63,7.94,1.042,7.86,503,6.6,1.1,+5.5,
2,31,7.04,7.04,7.09,1.007,7.09,465,3.8,3.2,+0.6,
2,32,10.69,10.74,11.03,1.026,10.97,709,10.5,6.6,+3.9,
2,32-1,9.46,10.68,10.96,1.027,9.71,705,10.5,6.6,+3.9,
2,33,8.85,8.92,9.52,1.068,9.45,589,11.5,1.1,+10.4,
2,34,8.33,8.38,8.98,1.072,8.93,553,11.4,1.1,+10.3,
2,35,6.66,6.71,8.37,1.248,8.31,443,25.0,2.8,+22.2,
2,36,9.25,9.31,10.56,1.134,10.50,615,22.0,5.0,+17.2,
2,37,8.78,8.92,9.52,1.068,9.37,589,11.5,1.1,+10.4,
2,38,10.29,10.34,11.24,1.087,11.19,682,16.2,1.2,+15.0,
2,39,11.80,11.14,12.83,1.152,13.60,735,29.5,4.0,+25.5,
2,40,11.87,12.14,13.49,1.111,13.19,801,23.7,1.2,+22.5,
2,43,6.20,6.25,6.98,1.117,6.92,412,13.1,2.2,+10.9,
2,43-1,7.12,7.17,8.01,1.117,7.96,473,15.1,2.2,+12.8,
2,43-2,6.71,6.76,7.53,1.115,7.47,446,14.2,2.6,+11.6,
2,44-1,9.51,9.61,10.87,1.131,10.76,634,22.5,4.2,+18.3,
2,49,5.33,5.33,6.65,1.248,6.65,352,17.8,8.6,+9.2,
2,50,4.28,4.28,4.49,1.048,4.49,282,5.8,6.2,-0.3,
2,51,5.68,5.68,6.06,1.067,6.06,375,8.4,10.7,-2.4,
2,52,5.77,5.77,6.12,1.062,6.12,381,8.4,6.2,+2.3,
2,52-1,6.45,6.58,6.95,1.055,6.81,434,9.4,8.5,+0.9,
2,52-2,6.98,6.97,7.35,1.053,7.35,460,9.5,8.5,+1.0,
2,53,4.95,4.95,6.25,1.262,6.25,327,17.5,8.7,+8.8,
2,54,3.84,3.92,5.12,1.306,5.01,258,15.5,8.2,+7.2,
2,55,4.10,4.10,5.30,1.292,5.30,271,15.4,8.2,+7.2,
2,56,5.10,5.19,5.93,1.143,5.83,342,12.4,1.2,+11.2,
2,57,9.81,9.83,10.68,1.087,10.67,649,15.6,22.6,-7.0,
2,57-1,8.82,8.82,9.52,1.079,9.52,582,15.8,13.0,+2.8,
2,58,9.22,9.22,9.33,1.012,9.33,609,7.2,20.2,-13.0,
2,59,8.98,8.99,9.92,1.104,9.91,593,15.6,21.2,-5.3,
2,59-1,9.91,9.91,10.86,1.096,10.86,654,15.6,27.6,-11.7,
2,61,0.69,0.91,1.14,1.253,0.86,60,3.7,0.0,+3.6,
2,62,1.99,2.31,2.39,1.032,2.05,153,1.7,0.4,+1.3,
2,64,8.23,8.23,7.77,0.944,7.77,543,0.0,28.9,-28.9,
2,66,16.06,16.19,20.82,1.286,20.64,1069,71.4,8.9,+62.5,
2,71,14.62,14.41,14.87,1.032,15.09,951,15.0,27.5,-12.4,
2,71-1,13.01,14.41,14.87,1.032,13.42,951,15.0,27.5,-12.4,
2,73,3.07,3.07,2.95,0.960,2.95,203,0.0,9.1,-9.1,
2,74,2.64,2.64,3.14,1.188,3.14,174,8.5,4.3,+4.0,
2,75,10.64,10.73,10.90,1.016,10.81,708,8.8,6.6,+2.1,
2,75-1,10.48,10.63,10.51,0.989,10.37,701,5.5,10.0,-4.5,
2,80,18.97,18.97,20.71,1.092,20.71,1252,36.4,28.3,+8.0,
2,81,13.44,13.43,14.13,1.052,14.13,887,17.8,16.5,+1.4,
2,82,4.06,4.06,6.19,1.526,6.19,268,25.4,6.8,+18.6,
2,83,5.90,5.90,6.09,1.033,6.10,389,7.0,11.0,-4.0,
2,84,3.60,3.24,3.34,1.031,3.72,214,3.6,5.6,-2.1,
2,85,14.56,14.58,15.40,1.056,15.37,963,20.0,16.5,+3.6,
2,85-1,19.59,19.90,21.58,1.085,21.25,1313,35.9,28.7,+7.3,
2,86,18.28,18.60,20.25,1.089,19.91,1227,34.1,28.3,+5.8,
2,101,5.95,5.95,5.62,0.944,5.62,393,0.0,19.0,-19.0,
2,103,4.48,4.55,4.34,0.953,4.27,300,0.0,14.0,-14.0,
2,105-2,15.74,15.88,19.15,1.205,18.98,1048,54.4,7.0,+47.6,
2,129,8.06,8.17,8.11,0.993,8.00,539,3.8,5.3,-1.5,
2,132,13.06,13.11,16.74,1.277,16.67,865,55.6,4.7,+50.9,
2,135,11.54,11.28,12.99,1.151,13.28,745,29.7,4.0,+25.8,
2,140,8.11,8.13,9.05,1.113,9.02,537,19.2,9.1,+10.4,
2,140-1,8.11,8.13,9.05,1.113,9.02,537,19.2,9.1,+10.4,
2,140-2,8.11,8.13,9.05,1.113,9.02,537,19.2,9.1,+10.4,
2,142,10.20,10.36,13.77,1.329,13.55,684,50.6,2.8,+47.9,
2,143,4.70,4.69,6.26,1.335,6.28,309,23.0,2.4,+20.6,
2,152-1,12.37,12.14,12.20,1.005,12.44,801,9.4,26.5,-17.0,
2,153,11.77,11.80,11.86,1.005,11.84,779,9.2,24.5,-15.2,
2,200,7.73,8.08,8.13,1.007,7.78,533,4.6,7.2,-2.6,
2,201,9.83,9.89,9.82,0.994,9.77,652,5.4,7.4,-2.0,
2,203,7.82,8.05,8.11,1.007,7.87,532,4.6,7.2,-2.6,
2,207,7.07,7.35,7.72,1.050,7.42,485,9.5,8.5,+1.0,
2,220,6.84,6.91,7.59,1.098,7.51,456,14.5,9.4,+5.3,
2,221,8.95,9.13,9.96,1.091,9.76,602,17.3,11.2,+6.1,
2,222,7.59,7.59,8.35,1.100,8.35,501,15.9,11.2,+4.7,
2,223,11.66,11.69,12.96,1.109,12.93,771,24.5,11.6,+12.9,
2,300,17.97,18.21,23.37,1.283,23.05,1202,81.2,4.0,+77.3,
2,301,19.03,19.04,24.50,1.287,24.49,1257,85.9,4.0,+82.0,
2,302,21.59,21.84,28.74,1.316,28.41,1442,107.6,4.0,+103.5,
2,500,8.64,8.90,8.98,1.009,8.72,587,10.1,18.1,-8.0,
2,900,,8.72,10.85,1.244,10.85,576,32.2,6.6,+25.5,
2,901,,8.53,10.70,1.254,10.70,563,31.0,9.9,+21.2,
2,902,,7.96,10.04,1.261,10.04,525,31.0,5.7,+25.3,
2,903,,8.40,10.67,1.270,10.67,555,33.3,3.7,+29.6,
2,904,,8.08,10.38,1.285,10.38,533,33.4,3.0,+30.3,
2,905,,9.72,11.98,1.232,11.98,642,35.2,7.2,+27.9,
2,906,,9.07,11.38,1.255,11.38,599,33.1,12.2,+20.5,
2,915,,12.83,15.02,1.171,15.02,847,30.5,40.7,-9.9,
2,916,,13.97,16.23,1.162,16.23,922,32.4,42.1,-9.5,
2,917,,14.79,17.18,1.162,17.18,976,32.5,48.1,-15.4,
2,918,,9.97,12.86,1.290,12.86,658,42.3,5.3,+36.6,
2,919,9.78,9.78,12.01,1.228,12.01,646,30.5,19.9,+10.5,
2,921,,11.46,13.66,1.192,13.66,756,30.6,29.5,+1.1,
2,922,,11.99,14.34,1.196,14.34,791,32.5,26.8,+5.5,
2,923,,12.48,14.86,1.191,14.86,823,33.8,29.5,+4.3,
2,924,,12.45,14.72,1.182,14.72,822,32.6,30.5,+2.1,
2,925,,11.77,13.94,1.184,13.94,777,30.4,29.9,+0.5,
2,926,,12.23,14.33,1.172,14.33,807,30.5,31.7,-1.1,
2,931,,17.23,19.59,1.137,19.59,1137,35.4,54.9,-19.5,
2,932,,17.07,19.39,1.136,19.39,1127,33.4,52.5,-19.2,
2,933,,17.68,20.05,1.134,20.05,1167,34.3,52.6,-18.2,
2,934,,17.77,20.17,1.135,20.17,1173,34.9,52.5,-17.6,
2,935,,19.05,21.34,1.120,21.34,1257,34.6,55.9,-21.2,
2,942,17.18,17.29,19.96,1.155,19.83,1141,38.9,39.5,-0.6,
2,946,,12.27,14.53,1.185,14.53,810,30.4,40.4,-10.0,
2,GATE,12.39,12.38,11.72,0.947,11.73,817,0.6,34.0,-33.4,
3,1,2.30,2.37,2.54,1.074,2.46,156,2.6,6.6,-4.0,
3,2,0.77,0.79,0.77,0.971,0.75,52,0.1,0.6,-0.5,
3,4,0.28,0.28,0.28,1.000,0.28,19,0.0,0.0,+0.0,
3,5,0.46,0.46,0.46,1.000,0.46,30,0.0,0.0,+0.0,
3,6,0.83,0.87,1.04,1.190,0.99,58,2.8,0.0,+2.7,
3,7,1.38,1.38,1.55,1.124,1.55,91,2.9,0.0,+2.9,
3,8,0.90,1.76,2.00,1.140,1.02,116,4.3,0.5,+3.8,
3,9,2.21,2.22,2.71,1.221,2.70,147,7.9,0.1,+7.7,
3,10,2.54,2.65,3.45,1.303,3.31,175,12.6,0.0,+12.5,
3,10-1,3.16,3.19,4.20,1.317,4.15,210,15.7,0.0,+15.6,
3,11,3.20,3.22,3.98,1.236,3.96,213,12.0,0.1,+11.9,
3,12,3.15,3.07,3.94,1.286,4.05,202,13.9,0.5,+13.3,
3,13,3.38,3.30,4.30,1.301,4.40,218,15.6,0.5,+15.1,
3,14,1.32,1.37,1.83,1.336,1.77,91,7.3,0.0,+7.0,
3,15,4.37,4.37,4.26,0.976,4.26,288,0.5,16.3,-15.7,
3,15-1,5.04,6.05,6.80,1.124,5.67,399,9.1,27.5,-18.4,
3,16,5.87,6.05,6.84,1.131,6.64,399,9.1,29.0,-19.9,
3,16-1,5.58,5.58,5.35,0.958,5.35,369,0.5,20.1,-19.6,
3,17,4.42,4.54,5.36,1.181,5.23,300,9.1,19.1,-10.0,
3,18,8.77,8.71,10.43,1.197,10.50,575,26.6,3.4,+23.2,
3,19,9.57,9.34,10.97,1.175,11.24,616,26.6,5.3,+21.3,
3,20,4.49,4.52,5.66,1.253,5.62,298,17.2,1.5,+15.8,
3,21,7.28,7.17,8.35,1.164,8.48,473,19.1,2.9,+16.3,
3,22,5.88,5.61,5.66,1.009,5.93,370,2.2,1.4,+0.8,
3,24,5.82,5.98,5.89,0.985,5.74,394,0.6,11.8,-11.2,
3,25,6.85,6.58,6.58,1.000,6.85,434,2.0,12.7,-10.6,
3,25-1,7.39,7.39,7.44,1.006,7.44,488,2.8,11.6,-8.8,
3,26,6.88,6.61,6.63,1.003,6.90,436,2.0,10.6,-8.5,
3,27,7.54,7.35,7.39,1.005,7.57,485,2.6,10.8,-8.2,
3,28,7.84,7.65,7.68,1.004,7.88,505,2.4,7.5,-4.9,
3,29,12.14,12.01,15.58,1.297,15.75,793,53.7,3.3,+50.5,
3,30,8.79,8.56,8.85,1.034,9.09,565,6.6,1.6,+5.1,
3,31,8.29,7.97,8.00,1.003,8.32,526,3.9,3.8,+0.1,
3,32,11.94,11.67,11.93,1.022,12.20,770,10.6,7.2,+3.5,
3,32-1,10.71,11.61,11.87,1.022,10.95,766,10.6,7.2,+3.5,
3,33,10.10,9.85,10.43,1.059,10.70,650,11.5,1.6,+10.0,
3,34,9.58,9.31,9.89,1.062,10.17,615,11.5,1.6,+9.9,
3,35,7.90,7.64,9.28,1.215,9.60,504,25.1,3.3,+21.8,
3,36,10.50,10.24,11.47,1.120,11.76,676,22.1,5.6,+16.8,
3,37,10.03,9.85,10.43,1.059,10.62,650,11.5,1.6,+10.0,
3,38,11.54,11.27,12.15,1.078,12.43,744,16.3,1.7,+14.6,
3,39,13.05,12.07,13.74,1.138,14.85,797,29.6,4.5,+25.1,
3,40,13.12,13.07,14.40,1.102,14.45,863,23.8,1.7,+22.1,
3,43,7.44,7.18,7.88,1.098,8.18,474,13.1,2.7,+10.5,
3,43-1,8.37,8.10,8.92,1.101,9.21,535,15.1,2.8,+12.3,
3,43-2,7.95,7.69,8.44,1.098,8.73,507,14.3,3.1,+11.2,
3,44-1,10.76,10.54,11.77,1.117,12.02,696,22.6,4.7,+17.9,
3,49,4.19,4.31,5.33,1.237,5.19,284,13.0,8.6,+4.4,
3,50,3.92,4.04,4.94,1.224,4.80,266,9.4,15.8,-6.4,
3,51,5.20,5.33,6.05,1.133,5.90,352,9.5,16.9,-7.2,
3,52,5.13,5.24,5.92,1.129,5.79,346,9.5,13.3,-3.7,
3,52-1,5.73,5.85,6.88,1.176,6.74,386,15.5,15.3,+0.2,
3,52-2,6.34,6.45,7.26,1.125,7.13,426,11.1,16.1,-5.0,
3,53,3.82,3.93,4.93,1.254,4.78,259,12.7,8.7,+4.0,
3,54,2.70,2.90,3.79,1.310,3.54,191,10.7,8.2,+2.4,
3,55,2.96,3.08,3.98,1.291,3.82,203,10.6,8.2,+2.4,
3,56,6.35,6.12,6.83,1.117,7.09,404,12.4,1.7,+10.8,
3,57,8.79,8.92,10.13,1.136,9.98,589,16.5,29.5,-13.0,
3,57-1,7.80,7.92,8.97,1.133,8.84,523,16.7,19.9,-3.2,
3,58,8.86,8.98,9.87,1.099,9.74,593,11.8,30.8,-19.0,
3,59,7.96,8.08,9.36,1.159,9.22,533,16.5,28.1,-11.4,
3,59-1,8.88,9.00,10.31,1.145,10.17,594,16.5,34.5,-17.8,
3,61,1.69,1.61,1.81,1.126,1.90,106,3.7,0.5,+3.1,
3,62,3.94,4.03,4.22,1.046,4.12,266,3.2,7.0,-3.8,
3,64,9.28,9.28,8.93,0.963,8.93,612,0.5,33.2,-32.6,
3,66,15.91,16.02,20.02,1.250,19.88,1057,62.6,0.6,+62.0,
3,71,14.26,14.17,15.41,1.087,15.51,935,19.5,38.0,-18.4,
3,71-1,12.65,14.17,15.41,1.087,13.75,935,19.5,38.0,-18.4,
3,73,4.12,4.12,4.11,0.998,4.11,272,0.5,13.4,-12.8,
3,74,1.90,2.16,2.90,1.346,2.56,142,9.2,3.8,+5.4,
3,75,11.89,11.66,11.81,1.013,12.04,769,8.9,7.2,+1.7,
3,75-1,11.73,11.56,11.42,0.988,11.59,763,5.6,10.5,-4.9,
3,80,18.61,18.73,21.25,1.134,21.11,1236,41.0,38.8,+2.0,
3,81,12.41,12.53,13.58,1.084,13.45,827,18.8,23.4,-4.6,
3,82,2.92,3.04,4.87,1.604,4.68,200,20.6,6.8,+13.8,
3,83,5.54,5.65,6.62,1.172,6.49,373,11.5,21.5,-10.0,
3,84,3.64,3.76,4.63,1.231,4.48,248,9.1,15.1,-6.0,
3,85,13.54,13.68,14.85,1.086,14.70,903,20.9,23.4,-2.4,
3,85-1,19.23,19.65,22.12,1.125,21.64,1297,40.5,39.2,+1.2,
3,86,17.92,18.35,20.79,1.133,20.30,1211,38.7,38.8,-0.2,
3,101,7.00,7.00,6.78,0.969,6.78,462,0.5,23.2,-22.7,
3,103,5.53,5.60,5.50,0.982,5.43,369,0.5,18.2,-17.7,
3,105-2,16.99,16.81,20.06,1.193,20.26,1110,54.5,7.6,+47.2,
3,129,9.31,9.10,9.02,0.991,9.23,600,3.9,5.9,-1.9,
3,132,14.31,14.04,17.64,1.257,17.98,927,55.7,5.2,+50.5,
3,135,12.79,12.21,13.89,1.138,14.54,806,29.8,4.5,+25.4,
3,140,7.09,7.23,8.50,1.176,8.33,477,20.1,16.0,+4.4,
3,140-1,7.09,7.23,8.50,1.176,8.33,477,20.1,16.0,+4.4,
3,140-2,7.09,7.23,8.50,1.176,8.33,477,20.1,16.0,+4.4,
3,142,11.44,11.29,14.67,1.300,14.87,745,50.7,3.3,+47.5,
3,143,5.95,5.62,7.16,1.275,7.59,371,23.0,2.9,+20.2,
3,152-1,12.01,11.89,12.74,1.071,12.86,785,14.0,37.0,-23.0,
3,153,11.42,11.56,12.40,1.072,12.24,763,13.8,35.0,-21.3,
3,200,9.53,9.64,9.75,1.011,9.64,637,3.9,11.6,-7.7,
3,201,11.08,10.82,10.73,0.992,10.99,714,5.5,7.9,-2.4,
3,203,9.62,9.62,9.73,1.011,9.73,635,3.9,11.6,-7.7,
3,207,6.43,6.83,7.63,1.118,7.18,451,11.1,16.1,-5.0,
3,220,5.82,6.00,7.04,1.172,6.82,396,15.5,16.3,-0.8,
3,221,7.92,8.22,9.41,1.144,9.07,543,18.2,18.1,+0.1,
3,222,6.57,6.69,7.80,1.166,7.66,441,16.8,18.1,-1.4,
3,223,10.63,10.78,12.41,1.151,12.24,712,25.5,18.5,+6.9,
3,300,19.21,19.14,24.27,1.268,24.37,1263,81.3,4.5,+76.9,
3,301,20.28,19.97,25.41,1.272,25.80,1318,86.0,4.5,+81.6,
3,302,22.84,22.77,29.65,1.302,29.73,1503,107.7,4.5,+103.1,
3,500,10.28,10.33,10.59,1.025,10.53,682,10.7,23.9,-13.3,
3,900,,7.36,9.46,1.285,9.46,486,31.7,6.6,+25.0,
3,901,,7.17,9.31,1.298,9.31,473,30.5,9.9,+20.7,
3,902,,6.60,8.66,1.311,8.66,436,30.4,5.7,+24.8,
3,903,,7.04,9.28,1.318,9.28,465,32.8,3.6,+29.1,
3,904,,6.72,9.00,1.339,9.00,443,32.8,3.0,+29.8,
3,905,,8.36,10.59,1.266,10.59,552,34.6,7.2,+27.4,
3,906,,7.71,10.00,1.296,10.00,509,32.5,12.1,+20.0,
3,915,,11.47,13.63,1.189,13.63,757,29.9,40.7,-10.4,
3,916,,12.61,14.84,1.177,14.84,832,31.8,42.1,-10.0,
3,917,,13.43,15.79,1.176,15.79,886,32.0,48.0,-15.9,
3,918,,8.61,11.47,1.332,11.47,568,41.8,5.2,+36.0,
3,919,8.40,8.42,10.63,1.262,10.61,556,29.9,19.9,+10.0,
3,921,,10.10,12.27,1.215,12.27,667,30.0,29.5,+0.6,
3,922,,10.63,12.95,1.219,12.95,701,32.0,26.8,+5.0,
3,923,,11.12,13.47,1.212,13.47,734,33.2,29.5,+3.8,
3,924,,11.09,13.33,1.202,13.33,732,32.0,30.5,+1.5,
3,925,,10.41,12.55,1.206,12.55,687,29.9,29.9,-0.0,
3,926,,10.87,12.94,1.191,12.94,717,29.9,31.6,-1.6,
3,931,,15.87,18.21,1.147,18.21,1047,34.9,54.8,-20.0,
3,932,,15.71,18.00,1.146,18.00,1037,32.8,52.5,-19.8,
3,933,,16.32,18.66,1.143,18.66,1077,33.7,52.5,-18.7,
3,934,,16.41,18.78,1.145,18.78,1083,34.3,52.5,-18.1,
3,935,,17.69,19.95,1.128,19.95,1167,34.1,55.9,-21.7,
3,942,15.80,15.93,18.57,1.166,18.42,1051,38.3,39.4,-1.1,
3,946,,10.91,13.15,1.205,13.15,720,29.9,40.3,-10.5,
3,GATE,12.77,12.89,13.55,1.052,13.43,850,12.0,46.2,-34.2,
4,1,1.91,2.02,2.22,1.097,2.09,133,2.9,6.5,-3.7,
4,2,0.57,0.58,0.56,0.961,0.55,38,0.1,0.6,-0.5,
4,3,0.28,0.28,0.28,1.000,0.28,19,0.0,0.0,-0.0,
4,5,0.83,1.26,1.27,1.004,0.83,83,0.1,0.0,+0.1,
4,6,1.60,1.68,1.87,1.111,1.78,111,3.1,0.0,+3.0,
4,7,1.97,2.08,2.70,1.295,2.55,137,10.0,0.5,+9.3,
4,8,1.15,1.82,2.20,1.212,1.39,120,6.5,0.5,+6.0,
4,9,2.66,2.75,3.64,1.324,3.53,182,14.0,0.5,+13.5,
4,10,3.29,3.48,4.29,1.233,4.06,229,12.7,0.0,+12.6,
4,10-1,3.91,4.01,5.03,1.252,4.89,265,15.7,0.0,+15.7,
4,11,3.48,3.57,4.57,1.283,4.46,235,16.0,0.5,+15.5,
4,12,2.86,3.13,4.14,1.325,3.78,206,16.1,0.5,+15.5,
4,13,3.08,3.36,4.50,1.337,4.12,222,17.8,0.5,+17.3,
4,14,2.08,2.20,2.66,1.212,2.51,145,7.3,0.0,+7.1,
4,15,3.98,4.02,3.94,0.979,3.90,265,0.8,16.2,-15.4,
4,15-1,4.65,5.82,5.81,0.998,4.64,384,4.0,19.7,-15.8,
4,16,5.82,5.96,5.83,0.978,5.70,393,2.2,20.2,-18.0,
4,16-1,5.20,5.24,5.02,0.959,4.98,346,0.8,20.0,-19.3,
4,17,4.51,4.51,5.34,1.182,5.34,298,9.1,19.1,-10.0,
4,18,8.48,8.77,10.62,1.211,10.27,579,28.8,3.4,+25.4,
4,19,9.28,9.40,11.16,1.187,11.02,620,28.8,5.2,+23.6,
4,20,4.19,4.58,5.85,1.278,5.36,302,19.5,1.5,+18.0,
4,21,6.99,7.23,8.54,1.181,8.25,477,21.3,2.8,+18.5,
4,22,5.58,5.67,5.85,1.032,5.76,374,4.4,1.3,+3.1,
4,24,5.43,5.63,5.56,0.988,5.37,372,0.9,11.7,-10.9,
4,25,6.48,6.64,6.77,1.020,6.60,438,4.2,12.6,-8.3,
4,25-1,7.00,7.05,7.11,1.009,7.07,465,3.1,11.5,-8.5,
4,26,6.58,6.67,6.82,1.022,6.73,440,4.2,10.5,-6.3,
4,27,7.24,7.41,7.58,1.022,7.40,489,4.8,10.8,-6.0,
4,28,7.55,7.71,7.87,1.021,7.71,509,4.6,7.4,-2.7,
4,29,11.84,12.07,15.77,1.307,15.47,797,55.9,3.3,+52.7,
4,30,8.50,8.62,9.04,1.049,8.92,569,8.9,1.6,+7.3,
4,31,7.99,8.03,8.19,1.020,8.15,530,6.1,3.7,+2.4,
4,32,11.64,11.73,12.12,1.033,12.03,774,12.8,7.1,+5.7,
4,32-1,10.41,11.67,12.06,1.034,10.76,770,12.8,7.1,+5.7,
4,33,9.81,9.91,10.62,1.072,10.51,654,13.8,1.6,+12.2,
4,34,9.28,9.37,10.08,1.076,9.99,619,13.7,1.6,+12.1,
4,35,7.61,7.70,9.47,1.230,9.36,508,27.3,3.3,+24.0,
4,36,10.21,10.30,11.66,1.132,11.55,680,24.3,5.6,+19.0,
4,37,9.73,9.91,10.62,1.072,10.43,654,13.8,1.6,+12.2,
4,38,11.24,11.33,12.34,1.089,12.24,748,18.5,1.7,+16.9,
4,39,12.76,12.13,13.93,1.148,14.65,801,31.8,4.5,+27.3,
4,40,12.82,13.13,14.59,1.111,14.25,867,26.0,1.7,+24.3,
4,43,7.15,7.24,8.07,1.116,7.98,478,15.4,2.7,+12.7,
4,43-1,8.07,8.16,9.11,1.116,9.01,539,17.4,2.7,+14.6,
4,43-2,7.66,7.75,8.63,1.114,8.53,511,16.5,3.1,+13.5,
4,44-1,10.47,10.60,11.97,1.129,11.81,700,24.8,4.7,+20.1,
4,49,4.28,4.28,5.30,1.239,5.30,283,13.0,8.6,+4.4,
4,50,4.01,4.01,4.91,1.226,4.92,265,9.4,15.8,-6.4,
4,51,5.29,5.31,6.02,1.134,6.00,350,9.5,16.9,-7.2,
4,52,5.22,5.22,5.90,1.130,5.90,344,9.5,13.3,-3.7,
4,52-1,5.82,5.82,6.85,1.177,6.85,384,15.5,15.3,+0.2,
4,52-2,6.43,6.42,7.23,1.125,7.23,424,11.1,16.1,-5.0,
4,53,3.90,3.90,4.90,1.256,4.90,258,12.7,8.7,+4.0,
4,54,2.79,2.87,3.77,1.313,3.66,189,10.7,8.2,+2.4,
4,55,3.05,3.05,3.95,1.294,3.95,201,10.6,8.2,+2.4,
4,56,6.05,6.18,7.02,1.137,6.88,408,14.7,1.7,+13.0,
4,57,8.88,8.89,10.11,1.136,10.09,587,16.5,29.5,-13.0,
4,57-1,7.89,7.89,8.94,1.133,8.94,521,16.7,19.9,-3.2,
4,58,8.95,8.95,9.84,1.099,9.84,591,11.8,30.8,-19.0,
4,59,8.05,8.05,9.34,1.160,9.33,531,16.5,28.1,-11.4,
4,59-1,8.97,8.97,10.28,1.146,10.28,592,16.5,34.5,-17.8,
4,61,1.39,1.67,2.01,1.204,1.68,110,5.9,0.5,+5.4,
4,62,3.55,3.69,3.89,1.056,3.75,243,3.4,6.9,-3.5,
4,64,8.89,8.93,8.61,0.964,8.56,589,0.8,33.1,-32.4,
4,66,16.66,16.84,20.85,1.238,20.62,1112,62.7,0.6,+62.1,
4,71,14.35,14.14,15.38,1.087,15.61,933,19.5,38.0,-18.4,
4,71-1,12.74,14.14,15.38,1.087,13.85,933,19.5,38.0,-18.4,
4,73,3.73,3.77,3.79,1.004,3.74,249,0.8,13.3,-12.5,
4,74,1.99,2.13,2.88,1.350,2.69,141,9.2,3.8,+5.4,
4,75,11.59,11.72,12.00,1.024,11.87,773,11.1,7.1,+4.0,
4,75-1,11.44,11.62,11.61,0.999,11.42,767,7.8,10.5,-2.6,
4,80,18.70,18.70,21.22,1.134,21.22,1234,41.0,38.8,+2.0,
4,81,12.50,12.50,13.55,1.084,13.55,825,18.8,23.4,-4.6,
4,82,3.01,3.01,4.84,1.610,4.84,199,20.6,6.8,+13.8,
4,83,5.63,5.63,6.60,1.172,6.60,371,11.5,21.5,-10.0,
4,84,3.73,3.73,4.60,1.234,4.60,246,9.1,15.1,-6.0,
4,85,13.63,13.65,14.82,1.086,14.79,901,20.9,23.4,-2.4,
4,85-1,19.32,19.63,22.09,1.125,21.74,1295,40.5,39.2,+1.2,
4,86,18.01,18.33,20.76,1.133,20.40,1209,38.7,38.8,-0.2,
4,101,6.61,6.65,6.46,0.970,6.41,439,0.8,23.1,-22.4,
4,103,5.14,5.25,5.17,0.985,5.06,347,0.8,18.1,-17.4,
4,105-2,16.69,16.88,20.25,1.200,20.03,1114,56.7,7.5,+49.5,
4,129,9.01,9.16,9.21,1.006,9.06,604,6.1,5.8,+0.3,
4,132,14.01,14.10,17.83,1.265,17.72,931,57.9,5.2,+52.7,
4,135,12.49,12.27,14.08,1.148,14.33,810,32.0,4.5,+27.6,
4,140,7.18,7.20,8.47,1.176,8.44,475,20.1,16.0,+4.4,
4,140-1,7.18,7.20,8.47,1.176,8.44,475,20.1,16.0,+4.4,
4,140-2,7.18,7.20,8.47,1.176,8.44,475,20.1,16.0,+4.4,
4,142,11.15,11.35,14.86,1.310,14.60,749,52.9,3.3,+49.7,
4,143,5.66,5.68,7.35,1.295,7.33,375,25.3,2.9,+22.4,
4,152-1,12.10,11.87,12.71,1.071,12.96,783,14.0,37.0,-23.0,
4,153,11.51,11.53,12.37,1.073,12.34,761,13.8,35.0,-21.3,
4,200,9.14,9.30,9.43,1.014,9.27,614,4.2,11.5,-7.4,
4,201,10.78,10.88,10.92,1.004,10.83,718,7.7,7.9,-0.1,
4,203,9.23,9.27,9.40,1.014,9.36,612,4.2,11.5,-7.4,
4,207,6.52,6.80,7.60,1.118,7.29,449,11.1,16.1,-5.0,
4,220,5.91,5.98,7.01,1.173,6.93,394,15.5,16.3,-0.8,
4,221,8.01,8.19,9.38,1.145,9.17,541,18.2,18.1,+0.1,
4,222,6.66,6.66,7.77,1.167,7.77,440,16.8,18.1,-1.4,
4,223,10.72,10.75,12.38,1.152,12.35,710,25.5,18.5,+6.9,
4,300,18.92,19.20,24.46,1.274,24.11,1267,83.6,4.5,+79.1,
4,301,19.98,20.03,25.60,1.278,25.54,1322,88.2,4.5,+83.8,
4,302,22.54,22.83,29.84,1.307,29.46,1507,109.9,4.5,+105.3,
4,500,9.89,9.99,10.26,1.027,10.16,659,10.9,23.8,-13.0,
4,900,,8.19,10.29,1.257,10.29,541,31.7,6.6,+25.1,
4,901,,8.00,10.14,1.268,10.14,528,30.5,9.9,+20.7,
4,902,,7.43,9.49,1.277,9.49,490,30.5,5.7,+24.9,
4,903,,7.87,10.11,1.285,10.11,519,32.8,3.6,+29.2,
4,904,,7.55,9.83,1.302,9.83,498,32.9,3.0,+29.9,
4,905,,9.19,11.42,1.243,11.42,607,34.7,7.2,+27.5,
4,906,,8.54,10.83,1.268,10.83,563,32.6,12.1,+20.1,
4,915,,12.30,14.46,1.176,14.46,812,30.0,40.7,-10.3,
4,916,,13.44,15.67,1.166,15.67,887,31.9,42.1,-9.9,
4,917,,14.26,16.62,1.166,16.62,941,32.0,48.0,-15.8,
4,918,,9.43,12.30,1.304,12.30,623,41.8,5.2,+36.1,
4,919,9.15,9.25,11.46,1.239,11.34,610,30.0,19.9,+10.1,
4,921,,10.93,13.10,1.199,13.10,721,30.1,29.5,+0.7,
4,922,,11.45,13.78,1.203,13.78,756,32.0,26.8,+5.1,
4,923,,11.94,14.30,1.197,14.30,788,33.3,29.5,+3.9,
4,924,,11.92,14.16,1.189,14.16,786,32.1,30.5,+1.6,
4,925,,11.24,13.38,1.191,13.38,742,30.0,29.9,+0.1,
4,926,,11.69,13.77,1.178,13.77,772,30.0,31.6,-1.5,
4,931,,16.70,19.04,1.140,19.04,1102,34.9,54.8,-19.9,
4,932,,16.54,18.83,1.139,18.83,1092,32.9,52.4,-19.7,
4,933,,17.15,19.49,1.137,19.49,1132,33.8,52.5,-18.6,
4,934,,17.23,19.61,1.138,19.61,1137,34.4,52.5,-18.0,
4,935,,18.51,20.78,1.122,20.78,1222,34.1,55.9,-21.6,
4,942,16.55,16.75,19.40,1.158,19.16,1106,38.4,39.4,-1.0,
4,946,,11.73,13.98,1.191,13.98,774,30.0,40.3,-10.4,
4,GATE,12.86,12.86,13.53,1.052,13.53,849,12.0,46.2,-34.2,
5,1,2.08,2.19,2.15,0.980,2.04,144,0.4,2.7,-2.3,
5,2,0.56,0.56,0.56,1.000,0.56,37,0.0,0.0,-0.0,
5,3,0.46,0.46,0.46,1.000,0.46,30,0.0,0.0,-0.0,
5,4,0.83,1.26,1.26,0.996,0.82,83,0.0,0.1,-0.1,
5,6,0.06,0.06,0.06,0.999,0.06,4,0.0,0.0,-0.0,
5,7,0.56,0.58,0.58,1.000,0.56,38,0.0,0.0,+0.0,
5,8,0.36,0.36,0.36,1.000,0.36,24,0.0,0.0,+0.0,
5,9,1.53,1.59,1.81,1.138,1.74,105,3.7,0.1,+3.5,
5,10,1.93,2.02,2.55,1.263,2.44,133,8.5,0.0,+8.2,
5,10-1,2.48,2.55,3.29,1.288,3.19,169,11.5,0.0,+11.3,
5,11,2.39,2.52,3.13,1.241,2.97,167,9.5,0.0,+9.5,
5,12,1.77,2.08,2.70,1.295,2.30,138,9.6,0.0,+9.5,
5,13,2.00,2.32,3.05,1.316,2.64,153,11.3,0.0,+11.3,
5,14,0.68,0.74,0.93,1.257,0.85,49,3.1,0.0,+2.8,
5,15,4.70,4.70,4.37,0.930,4.37,310,0.0,17.5,-17.5,
5,15-1,5.37,6.50,6.24,0.961,5.16,429,3.2,21.1,-17.9,
5,16,6.46,6.52,7.31,1.121,7.24,430,9.1,29.0,-19.9,
5,16-1,5.91,5.91,5.45,0.922,5.45,390,0.0,21.4,-21.4,
5,17,5.01,5.01,5.83,1.164,5.83,331,9.1,19.1,-10.0,
5,18,7.46,7.66,9.18,1.198,8.94,506,24.0,3.4,+20.6,
5,19,8.26,8.29,9.72,1.173,9.68,547,24.1,5.3,+18.8,
5,20,3.17,3.47,4.41,1.272,4.03,229,14.7,1.5,+13.3,
5,21,5.97,6.12,7.10,1.160,6.92,404,16.6,2.8,+13.7,
5,22,4.96,4.97,5.04,1.015,5.04,328,2.1,0.8,+1.3,
5,24,5.70,5.85,5.71,0.975,5.56,386,0.7,13.7,-13.0,
5,25,5.94,5.94,5.96,1.004,5.96,392,2.0,12.1,-10.1,
5,25-1,6.87,6.87,6.87,1.000,6.87,453,2.0,12.6,-10.6,
5,26,5.97,5.97,6.01,1.007,6.01,394,2.0,10.0,-8.1,
5,27,6.63,6.71,6.77,1.009,6.68,443,2.5,10.3,-7.8,
5,28,6.93,7.00,7.06,1.008,6.99,462,2.4,6.9,-4.5,
5,29,10.82,10.96,14.33,1.307,14.15,724,51.2,3.3,+47.9,
5,30,7.85,7.88,8.58,1.088,8.55,520,11.8,9.3,+2.5,
5,31,7.38,7.33,7.38,1.007,7.43,484,3.8,3.2,+0.6,
5,32,11.03,11.03,11.31,1.026,11.31,728,10.6,6.6,+4.0,
5,32-1,9.80,10.97,11.25,1.026,10.05,724,10.6,6.6,+4.0,
5,33,9.16,9.18,10.15,1.106,10.13,606,16.5,9.0,+7.4,
5,34,8.61,8.64,9.61,1.113,9.57,570,16.5,9.0,+7.4,
5,35,6.59,6.59,8.03,1.219,8.03,435,22.6,3.3,+19.2,
5,36,9.19,9.19,10.22,1.112,10.21,607,19.6,5.6,+14.2,
5,37,9.09,9.18,10.15,1.106,10.05,606,16.5,9.0,+7.4,
5,38,10.60,10.60,11.87,1.120,11.87,699,21.3,9.2,+12.1,
5,39,11.74,11.02,12.49,1.133,13.30,728,27.1,4.5,+22.5,
5,40,11.80,12.40,14.12,1.139,13.44,818,28.7,9.1,+19.5,
5,43,6.13,6.13,6.63,1.082,6.64,404,10.6,2.7,+7.9,
5,43-1,7.05,7.05,7.67,1.087,7.67,466,12.6,2.7,+9.8,
5,43-2,6.64,6.64,7.19,1.083,7.19,438,11.8,3.1,+8.7,
5,44-1,9.45,9.49,10.53,1.109,10.48,626,20.1,4.7,+15.4,
5,49,4.78,4.78,5.80,1.213,5.80,316,13.0,8.6,+4.4,
5,50,4.51,4.51,5.41,1.200,5.41,298,9.4,15.8,-6.4,
5,51,5.79,5.81,6.52,1.122,6.50,383,9.5,16.9,-7.3,
5,52,5.72,5.72,6.39,1.118,6.39,377,9.5,13.3,-3.8,
5,52-1,6.32,6.32,7.35,1.163,7.35,417,15.4,15.3,+0.2,
5,52-2,6.92,6.92,7.73,1.116,7.73,457,11.1,16.1,-5.0,
5,53,4.40,4.40,5.40,1.226,5.40,291,12.6,8.7,+4.0,
5,54,3.29,3.37,4.26,1.266,4.16,222,10.6,8.2,+2.4,
5,55,3.55,3.55,4.44,1.252,4.44,234,10.6,8.2,+2.4,
5,56,5.03,5.07,5.58,1.102,5.54,334,9.9,1.7,+8.2,
5,57,9.38,9.39,10.60,1.129,10.58,620,16.5,29.5,-13.1,
5,57-1,8.39,8.39,9.44,1.125,9.44,554,16.7,19.9,-3.2,
5,58,9.45,9.45,10.34,1.094,10.34,624,11.8,30.8,-19.0,
5,59,8.54,8.55,9.83,1.150,9.83,564,16.5,28.1,-11.4,
5,59-1,9.47,9.47,10.78,1.138,10.78,625,16.5,34.5,-17.8,
5,61,0.62,0.67,0.76,1.131,0.70,44,1.5,0.0,+1.3,
5,62,3.66,3.76,3.73,0.993,3.64,248,0.6,6.1,-5.6,
5,64,9.61,9.61,9.04,0.941,9.04,634,0.0,34.4,-34.4,
5,66,15.24,15.38,19.11,1.242,18.92,1015,58.5,0.6,+57.7,
5,71,14.85,14.64,15.88,1.084,16.10,966,19.5,38.0,-18.5,
5,71-1,13.24,14.64,15.88,1.084,14.35,966,19.5,38.0,-18.5,
5,73,4.45,4.45,4.22,0.948,4.21,294,0.0,14.6,-14.6,
5,74,2.49,2.63,3.37,1.282,3.19,174,9.2,3.8,+5.4,
5,75,10.97,11.01,11.19,1.016,11.15,727,8.8,6.6,+2.2,
5,75-1,10.82,10.92,10.80,0.989,10.70,720,5.6,10.0,-4.4,
5,80,19.20,19.20,21.72,1.131,21.72,1267,41.0,38.8,+2.0,
5,81,13.00,13.00,14.05,1.081,14.05,858,18.7,23.4,-4.6,
5,82,3.51,3.51,5.34,1.522,5.34,232,20.6,6.8,+13.8,
5,83,6.13,6.13,7.09,1.158,7.10,404,11.5,21.5,-10.0,
5,84,4.23,4.23,5.10,1.205,5.09,279,9.1,15.1,-6.0,
5,85,14.12,14.15,15.32,1.083,15.29,934,20.9,23.4,-2.5,
5,85-1,19.82,20.13,22.59,1.122,22.24,1328,40.5,39.3,+1.2,
5,86,18.51,18.82,21.26,1.129,20.90,1242,38.6,38.8,-0.2,
5,101,7.33,7.33,6.89,0.940,6.89,484,0.0,24.5,-24.5,
5,103,5.86,5.93,5.60,0.945,5.54,391,0.0,19.5,-19.5,
5,105-2,15.67,15.77,18.81,1.193,18.70,1041,52.0,7.5,+44.7,
5,129,8.39,8.45,8.40,0.994,8.34,558,3.8,5.3,-1.5,
5,132,12.99,12.99,16.39,1.262,16.39,857,53.2,5.2,+47.9,
5,135,11.47,11.16,12.64,1.133,12.99,737,27.3,4.5,+22.8,
5,140,7.67,7.69,9.43,1.226,9.40,508,27.4,12.2,+15.2,
5,140-1,7.67,7.69,9.43,1.226,9.40,508,27.4,12.2,+15.2,
5,140-2,7.67,7.69,9.43,1.226,9.40,508,27.4,12.2,+15.2,
5,142,10.13,10.24,13.42,1.311,13.28,676,48.2,3.3,+44.9,
5,143,4.64,4.57,5.91,1.295,6.00,301,20.5,2.9,+17.6,
5,152-1,12.60,12.37,13.21,1.068,13.46,816,14.0,37.0,-23.0,
5,153,12.00,12.03,12.87,1.069,12.84,794,13.7,35.0,-21.3,
5,200,9.01,9.12,9.19,1.007,9.07,602,3.1,12.5,-9.5,
5,201,10.17,10.17,10.11,0.994,10.11,671,5.4,7.4,-1.9,
5,203,9.10,9.10,9.16,1.007,9.16,601,3.1,12.5,-9.5,
5,207,7.02,7.30,8.10,1.110,7.79,482,11.1,16.1,-5.0,
5,220,6.41,6.48,7.51,1.159,7.43,427,15.4,16.3,-0.8,
5,221,8.51,8.69,9.88,1.136,9.67,574,18.2,18.1,+0.0,
5,222,7.16,7.16,8.27,1.155,8.27,472,16.8,18.2,-1.4,
5,223,10.56,10.92,12.89,1.180,12.45,721,32.3,29.4,+2.6,
5,300,17.90,18.09,23.02,1.273,22.78,1194,78.8,4.5,+74.3,
5,301,18.97,18.92,24.16,1.277,24.22,1249,83.5,4.5,+79.0,
5,302,21.52,21.73,28.40,1.307,28.14,1434,105.2,4.5,+100.6,
5,500,10.31,10.37,10.64,1.026,10.58,684,8.9,23.9,-15.0,
5,900,,6.73,8.56,1.272,8.56,444,27.5,6.6,+20.8,
5,901,,6.54,8.40,1.285,8.40,432,26.3,9.9,+16.4,
5,902,,5.97,7.75,1.298,7.75,394,26.3,5.7,+20.5,
5,903,,6.41,8.38,1.307,8.38,423,28.6,3.6,+24.8,
5,904,,6.09,8.09,1.330,8.09,402,28.7,3.0,+25.6,
5,905,,7.73,9.69,1.253,9.69,510,30.5,7.2,+23.2,
5,906,,7.08,9.09,1.284,9.09,467,28.4,12.1,+15.8,
5,915,,10.84,12.73,1.174,12.73,715,25.8,40.7,-14.7,
5,916,,11.98,13.94,1.164,13.94,791,27.7,42.1,-14.3,
5,917,,12.80,14.89,1.163,14.89,845,27.8,48.0,-20.1,
5,918,,7.97,10.56,1.325,10.56,526,37.6,5.2,+31.8,
5,919,7.73,7.79,9.72,1.248,9.65,514,25.8,19.9,+5.8,
5,921,,9.47,11.37,1.201,11.37,625,25.9,29.5,-3.6,
5,922,,9.99,12.05,1.205,12.05,660,27.8,26.8,+0.8,
5,923,,10.48,12.57,1.199,12.57,692,29.1,29.5,-0.5,
5,924,,10.46,12.43,1.189,12.43,690,27.9,30.4,-2.7,
5,925,,9.78,11.65,1.191,11.65,645,25.7,29.9,-4.3,
5,926,,10.23,12.04,1.176,12.04,675,25.8,31.6,-5.9,
5,931,,15.24,17.30,1.136,17.30,1006,30.7,54.8,-24.2,
5,932,,15.08,17.10,1.134,17.10,995,28.7,52.4,-24.0,
5,933,,15.69,17.75,1.132,17.75,1035,29.6,52.5,-22.9,
5,934,,15.77,17.88,1.133,17.88,1041,30.2,52.5,-22.4,
5,935,,17.06,19.05,1.117,19.05,1126,29.9,55.9,-25.9,
5,942,15.12,15.29,17.67,1.155,17.47,1009,34.2,39.4,-5.3,
5,946,,10.27,12.24,1.192,12.24,678,25.7,40.3,-14.8,
5,GATE,13.36,13.36,14.03,1.050,14.02,882,11.9,46.2,-34.2,
6,1,3.57,3.64,3.69,1.013,3.61,240,2.1,11.1,-8.9,
6,2,2.17,2.20,2.24,1.020,2.21,145,1.3,3.5,-2.2,
6,3,0.83,0.87,0.80,0.922,0.77,58,0.0,2.8,-2.7,
6,4,1.60,1.68,1.63,0.969,1.55,111,0.0,3.1,-3.0,
6,5,0.06,0.06,0.06,1.001,0.06,4,0.0,0.0,+0.0,
6,7,0.21,0.21,0.21,1.000,0.21,14,0.0,0.0,+0.0,
6,8,1.22,1.24,1.29,1.043,1.28,82,1.2,0.2,+0.9,
6,9,0.45,0.45,0.45,1.000,0.45,30,0.0,0.0,+0.0,
6,10,0.68,0.85,1.06,1.237,0.84,56,3.3,0.0,+3.2,
6,10-1,1.62,1.67,2.10,1.258,2.04,110,6.9,0.0,+6.7,
6,11,1.42,1.42,1.58,1.111,1.58,94,2.7,0.1,+2.6,
6,12,1.96,2.00,2.33,1.166,2.29,132,5.6,0.0,+5.5,
6,13,2.32,2.51,2.95,1.175,2.73,166,7.3,0.0,+7.3,
6,14,0.42,0.51,0.51,1.000,0.42,34,0.0,0.0,+0.0,
6,15,5.51,5.57,6.34,1.139,6.28,368,9.1,25.3,-15.9,
6,15-1,6.31,6.92,7.61,1.099,6.93,457,9.1,30.3,-21.1,
6,16,6.86,6.92,7.65,1.104,7.58,457,9.1,31.8,-22.6,
6,16-1,6.71,6.85,6.49,0.947,6.35,452,0.0,24.7,-24.5,
6,17,5.42,5.42,6.17,1.139,6.17,358,9.1,21.8,-12.7,
6,18,8.86,9.06,10.22,1.129,10.00,598,19.7,4.3,+15.4,
6,19,9.66,9.69,10.77,1.111,10.73,639,19.7,6.2,+13.5,
6,20,4.57,4.87,5.46,1.122,5.13,321,10.4,2.4,+8.0,
6,21,7.36,7.52,8.15,1.084,7.98,496,12.3,3.7,+8.5,
6,22,6.57,6.60,6.72,1.018,6.69,436,3.4,4.2,-0.9,
6,24,7.09,7.25,7.03,0.970,6.88,478,0.1,16.3,-16.1,
6,25,7.55,7.57,7.64,1.009,7.61,500,3.2,15.5,-12.3,
6,25-1,8.48,8.50,8.55,1.005,8.52,561,3.2,16.0,-12.8,
6,26,7.57,7.60,7.69,1.012,7.66,502,3.2,13.5,-10.2,
6,27,8.23,8.34,8.45,1.013,8.34,551,3.8,13.7,-10.0,
6,28,8.54,8.64,8.74,1.012,8.64,570,3.6,10.3,-6.7,
6,29,12.22,12.36,15.38,1.244,15.20,816,46.9,4.2,+42.7,
6,30,9.25,9.28,9.65,1.040,9.62,613,7.5,10.2,-2.7,
6,31,8.98,8.96,9.06,1.011,9.08,592,5.1,6.6,-1.6,
6,32,12.63,12.66,12.99,1.026,12.96,836,11.8,10.0,+1.8,
6,32-1,11.40,12.60,12.93,1.026,11.71,832,11.8,10.0,+1.8,
6,33,10.56,10.57,11.22,1.061,11.21,698,12.2,10.0,+2.2,
6,34,10.00,10.04,10.68,1.064,10.65,662,12.2,10.0,+2.1,
6,35,7.99,7.98,9.07,1.136,9.07,527,18.2,4.2,+14.0,
6,36,10.58,10.59,11.29,1.066,11.28,699,15.3,6.5,+9.0,
6,37,10.48,10.58,11.22,1.061,11.13,698,12.2,10.0,+2.2,
6,38,12.00,12.00,12.94,1.079,12.94,792,17.0,10.1,+6.8,
6,39,13.13,12.42,13.56,1.092,14.34,820,22.8,5.4,+17.3,
6,40,13.20,13.79,15.19,1.101,14.53,910,24.4,10.1,+14.3,
6,43,7.53,7.53,7.70,1.024,7.70,497,6.4,3.7,+2.7,
6,43-1,8.45,8.45,8.74,1.034,8.74,558,8.4,3.7,+4.6,
6,43-2,8.04,8.04,8.26,1.028,8.26,530,7.6,4.1,+3.5,
6,44-1,10.84,10.89,11.60,1.065,11.55,719,15.8,5.7,+10.1,
6,49,5.19,5.19,6.14,1.184,6.14,342,13.0,11.3,+1.7,
6,50,4.91,4.91,5.75,1.170,5.75,324,9.4,18.5,-9.0,
6,51,6.20,6.21,6.85,1.103,6.84,410,9.5,19.7,-9.9,
6,52,6.12,6.12,6.73,1.100,6.73,404,9.5,16.0,-6.4,
6,52-1,6.73,6.73,7.69,1.143,7.69,444,15.4,18.1,-2.4,
6,52-2,7.33,7.33,8.07,1.101,8.07,484,11.1,18.8,-7.7,
6,53,4.81,4.81,5.74,1.193,5.74,317,12.6,11.5,+1.3,
6,54,3.69,3.77,4.60,1.220,4.50,249,10.6,11.0,-0.3,
6,55,3.95,3.95,4.78,1.209,4.78,261,10.6,11.0,-0.3,
6,56,6.43,6.47,6.65,1.029,6.62,427,5.7,2.7,+3.0,
6,57,9.78,9.80,10.94,1.117,10.92,647,16.5,32.3,-15.7,
6,57-1,8.79,8.79,9.78,1.112,9.78,580,16.7,22.7,-5.9,
6,58,9.85,9.85,10.68,1.083,10.67,650,11.8,33.5,-21.7,
6,59,8.95,8.96,10.17,1.136,10.16,591,16.5,30.8,-14.0,
6,59-1,9.87,9.88,11.11,1.125,11.11,652,16.5,37.3,-20.4,
6,61,1.78,1.78,1.90,1.066,1.90,118,2.1,0.0,+2.1,
6,62,5.21,5.30,5.36,1.011,5.27,350,2.6,11.5,-8.7,
6,64,10.55,10.55,10.07,0.955,10.07,696,0.0,37.7,-37.6,
6,66,14.38,14.50,17.92,1.236,17.77,957,53.8,0.6,+53.1,
6,71,14.86,14.75,16.04,1.087,16.15,974,24.7,50.2,-25.5,
6,71-1,13.64,14.75,16.04,1.087,14.83,974,24.7,50.2,-25.5,
6,73,5.39,5.39,5.25,0.975,5.25,356,0.0,17.9,-17.8,
6,74,2.90,3.03,3.71,1.223,3.54,200,9.2,6.5,+2.7,
6,75,12.58,12.65,12.87,1.017,12.80,835,10.1,10.1,+0.0,
6,75-1,12.43,12.55,12.48,0.994,12.35,828,6.8,13.4,-6.6,
6,80,19.61,19.61,22.05,1.125,22.05,1294,40.9,41.6,-0.7,
6,81,12.80,12.90,14.22,1.102,14.11,852,24.7,36.4,-11.7,
6,82,3.81,3.91,5.68,1.452,5.52,258,20.6,9.6,+11.1,
6,83,6.53,6.53,7.43,1.138,7.44,431,11.5,24.2,-12.7,
6,84,4.63,4.63,5.43,1.173,5.43,306,9.1,17.9,-8.7,
6,85,13.93,14.05,15.50,1.103,15.36,928,26.9,36.4,-9.5,
6,85-1,20.22,20.53,22.92,1.117,22.58,1355,40.5,42.0,-1.4,
6,86,18.91,19.23,21.59,1.123,21.24,1269,38.6,41.6,-2.9,
6,101,8.27,8.27,7.93,0.958,7.92,546,0.0,27.8,-27.7,
6,103,6.80,6.87,6.64,0.967,6.57,453,0.0,22.8,-22.7,
6,105-2,16.94,17.05,20.05,1.176,19.92,1125,51.9,13.8,+38.3,
6,129,10.00,10.09,10.08,0.999,9.99,666,5.1,8.7,-3.7,
6,132,14.39,14.39,17.44,1.212,17.44,950,48.8,6.1,+42.7,
6,135,12.87,12.56,13.71,1.092,14.05,829,23.0,5.4,+17.6,
6,140,7.48,7.47,9.00,1.205,9.01,493,24.6,12.2,+12.4,
6,140-1,7.48,7.47,9.00,1.205,9.01,493,24.6,12.2,+12.4,
6,140-2,7.48,7.47,9.00,1.205,9.01,493,24.6,12.2,+12.4,
6,142,11.53,11.64,14.47,1.243,14.33,768,43.9,4.2,+39.7,
6,143,6.03,5.97,6.96,1.167,7.04,394,16.2,3.8,+12.4,
6,152-1,13.01,12.77,13.54,1.061,13.79,843,14.0,39.8,-25.7,
6,153,12.41,12.44,13.20,1.062,13.17,821,13.7,37.8,-24.0,
6,200,10.62,10.76,10.87,1.010,10.72,710,4.3,16.0,-11.7,
6,201,11.78,11.81,11.79,0.999,11.76,779,6.7,10.8,-4.1,
6,203,10.71,10.73,10.84,1.010,10.81,708,4.3,16.0,-11.7,
6,207,7.42,7.70,8.44,1.096,8.13,508,11.1,18.8,-7.7,
6,220,6.81,6.88,7.85,1.140,7.77,454,15.4,19.1,-3.4,
6,221,8.52,9.10,10.22,1.123,9.57,600,18.1,20.9,-2.6,
6,222,7.56,7.56,8.61,1.138,8.61,499,16.8,20.9,-4.0,
6,223,10.29,10.70,12.45,1.164,11.98,706,29.4,29.5,-0.2,
6,300,19.30,19.49,24.09,1.236,23.86,1286,74.6,5.4,+69.1,
6,301,20.36,20.32,25.23,1.242,25.28,1341,79.2,5.4,+73.8,
6,302,22.92,23.12,29.47,1.274,29.21,1526,100.9,5.4,+95.3,
6,500,11.55,11.60,11.73,1.011,11.68,766,10.1,28.5,-18.2,
6,900,,6.50,8.13,1.250,8.13,429,24.6,6.6,+18.0,
6,901,,6.31,7.97,1.263,7.97,417,23.4,9.9,+13.6,
6,902,,5.74,7.32,1.274,7.32,379,23.4,5.7,+17.7,
6,903,,6.18,7.95,1.285,7.95,408,25.7,3.6,+22.0,
6,904,,5.86,7.66,1.307,7.66,387,25.8,3.0,+22.8,
6,905,,7.50,9.26,1.233,9.26,495,27.6,7.2,+20.4,
6,906,,6.85,8.66,1.264,8.66,452,25.5,12.1,+13.0,
6,915,,10.61,12.30,1.159,12.30,700,22.9,40.7,-17.5,
6,916,,11.75,13.50,1.149,13.50,776,24.8,42.1,-17.1,
6,917,,12.57,14.45,1.150,14.45,830,24.9,48.0,-22.9,
6,918,,7.75,10.13,1.308,10.13,511,34.7,5.2,+29.0,
6,919,7.46,7.56,9.29,1.228,9.17,499,22.9,19.9,+3.0,
6,921,,9.24,10.93,1.183,10.93,610,23.0,29.5,-6.4,
6,922,,9.77,11.61,1.189,11.61,645,24.9,26.8,-2.0,
6,923,,10.26,12.13,1.183,12.13,677,26.2,29.5,-3.2,
6,924,,10.23,12.00,1.173,12.00,675,25.0,30.5,-5.5,
6,925,,9.55,11.22,1.174,11.22,630,22.9,29.9,-7.1,
6,926,,10.01,11.60,1.159,11.60,660,22.9,31.6,-8.7,
6,931,,15.01,16.87,1.124,16.87,991,27.8,54.8,-27.0,
6,932,,14.85,16.66,1.122,16.66,980,25.8,52.5,-26.8,
6,933,,15.46,17.32,1.120,17.32,1020,26.7,52.5,-25.7,
6,934,,15.55,17.44,1.122,17.44,1026,27.3,52.5,-25.2,
6,935,,16.83,18.61,1.106,18.61,1111,27.0,55.9,-28.7,
6,942,14.85,15.07,17.23,1.144,16.99,994,31.3,39.4,-8.1,
6,946,,10.05,11.81,1.175,11.81,663,22.9,40.3,-17.5,
6,GATE,13.76,13.76,14.36,1.044,14.36,908,11.9,48.9,-36.9,
7,1,2.47,2.94,2.90,0.986,2.44,194,0.3,10.4,-9.8,
7,2,1.29,1.32,1.32,1.003,1.30,87,0.0,7.8,-7.5,
7,3,1.38,1.38,1.31,0.947,1.31,91,0.0,2.9,-2.9,
7,4,1.97,2.08,2.07,0.995,1.96,137,0.5,10.0,-9.3,
7,5,0.56,0.58,0.58,1.000,0.56,38,0.0,0.0,-0.0,
7,6,0.21,0.21,0.21,1.000,0.21,14,0.0,0.0,-0.0,
7,8,0.63,0.63,0.63,1.000,0.63,41,0.0,0.0,+0.0,
7,9,0.46,0.46,0.46,1.000,0.46,30,0.0,0.0,+0.0,
7,10,0.67,1.03,1.25,1.218,0.81,68,3.6,0.0,+3.5,
7,10-1,1.77,1.84,2.26,1.225,2.16,122,6.7,0.0,+6.6,
7,11,1.06,1.34,1.49,1.117,1.19,88,2.7,0.0,+2.7,
7,12,0.80,0.90,1.06,1.182,0.94,59,2.8,0.0,+2.7,
7,13,1.01,1.32,1.56,1.180,1.19,87,3.8,0.0,+3.8,
7,14,0.84,0.86,0.86,1.000,0.84,57,0.0,0.0,+0.0,
7,15,5.43,5.45,5.18,0.951,5.16,360,0.0,25.3,-25.0,
7,15-1,6.10,7.25,7.06,0.973,5.94,479,3.2,28.8,-25.4,
7,16,7.27,7.39,7.08,0.957,6.96,488,1.4,29.3,-27.6,
7,16-1,6.64,6.67,6.27,0.940,6.24,440,0.0,29.1,-28.9,
7,17,6.00,6.00,6.75,1.125,6.75,396,9.1,21.9,-12.9,
7,18,7.40,7.86,8.83,1.123,8.31,519,16.4,4.5,+11.8,
7,19,8.20,8.50,9.37,1.103,9.05,561,16.4,6.4,+10.0,
7,20,3.12,3.67,4.07,1.106,3.45,243,7.1,2.6,+4.5,
7,21,5.91,6.32,6.75,1.067,6.31,417,8.9,3.9,+4.9,
7,22,5.69,5.72,5.80,1.014,5.77,378,2.1,8.5,-6.2,
7,24,6.43,6.61,6.47,0.979,6.29,436,0.7,21.4,-20.5,
7,25,6.67,6.70,6.72,1.004,6.70,442,1.9,19.8,-17.6,
7,25-1,7.60,7.63,7.63,1.001,7.61,503,1.9,20.3,-18.1,
7,26,6.70,6.72,6.77,1.007,6.74,444,1.9,17.7,-15.6,
7,27,7.36,7.46,7.53,1.009,7.42,493,2.5,18.0,-15.3,
7,28,7.66,7.76,7.82,1.008,7.72,512,2.3,14.6,-12.0,
7,29,10.77,11.17,13.98,1.252,13.48,737,43.5,4.4,+39.1,
7,30,7.80,8.09,8.25,1.021,7.96,534,4.2,10.4,-6.2,
7,31,7.78,8.00,8.09,1.012,7.87,528,3.0,14.2,-11.2,
7,32,11.43,11.69,12.02,1.028,11.75,772,9.8,17.6,-7.8,
7,32-1,10.21,11.63,11.96,1.028,10.49,768,9.8,17.6,-7.8,
7,33,9.11,9.38,9.83,1.047,9.54,619,8.9,10.2,-1.3,
7,34,8.55,8.84,9.29,1.050,8.98,584,8.8,10.2,-1.4,
7,35,6.53,6.79,7.68,1.131,7.38,448,14.9,4.4,+10.5,
7,36,9.13,9.40,9.89,1.053,9.61,620,12.0,6.7,+5.5,
7,37,9.03,9.38,9.83,1.047,9.46,619,8.9,10.2,-1.3,
7,38,10.54,10.80,11.54,1.069,11.26,713,13.6,10.3,+3.3,
7,39,11.68,11.23,12.17,1.084,12.66,741,19.5,5.6,+13.8,
7,40,11.74,12.60,13.79,1.095,12.86,832,21.1,10.3,+10.8,
7,43,6.07,6.33,6.31,0.996,6.05,418,3.0,3.9,-0.8,
7,43-1,7.00,7.26,7.35,1.012,7.08,479,5.0,3.9,+1.0,
7,43-2,6.58,6.84,6.86,1.003,6.60,451,4.2,4.3,-0.1,
7,44-1,9.39,9.70,10.20,1.052,9.88,640,12.5,5.9,+6.6,
7,49,5.77,5.77,6.72,1.164,6.72,381,13.0,11.4,+1.5,
7,50,5.50,5.50,6.33,1.151,6.33,363,9.4,18.6,-9.2,
7,51,6.78,6.79,7.43,1.094,7.42,448,9.5,19.8,-10.1,
7,52,6.70,6.70,7.31,1.090,7.31,442,9.5,16.1,-6.6,
7,52-1,7.31,7.31,8.27,1.131,8.27,482,15.4,18.2,-2.6,
7,52-2,7.91,7.91,8.64,1.093,8.65,522,11.1,18.9,-7.9,
7,53,5.39,5.39,6.31,1.171,6.32,356,12.6,11.6,+1.1,
7,54,4.27,4.35,5.18,1.189,5.08,287,10.6,11.1,-0.5,
7,55,4.54,4.54,5.36,1.181,5.36,300,10.6,11.1,-0.5,
7,56,4.97,5.27,5.26,0.998,4.96,348,2.3,2.9,-0.5,
7,57,10.36,10.38,11.52,1.110,11.50,685,16.5,32.4,-15.9,
7,57-1,9.38,9.38,10.35,1.104,10.36,619,16.7,22.8,-6.1,
7,58,10.44,10.44,11.25,1.078,11.25,689,11.8,33.6,-21.9,
7,59,9.53,9.54,10.75,1.127,10.74,630,16.5,30.9,-14.2,
7,59-1,10.46,10.46,11.69,1.118,11.69,690,16.5,37.4,-20.6,
7,61,0.34,0.34,0.34,1.000,0.34,22,0.0,0.0,+0.0,
7,62,4.39,4.51,4.49,0.995,4.37,298,0.5,13.8,-13.1,
7,64,10.34,10.36,9.85,0.951,9.83,684,0.0,42.2,-41.9,
7,66,14.52,14.67,18.08,1.232,17.89,968,53.6,0.6,+53.0,
7,71,15.68,15.10,16.38,1.085,17.01,997,24.7,50.2,-25.5,
7,71-1,14.22,15.10,16.38,1.085,15.43,997,24.7,50.2,-25.5,
7,73,5.18,5.20,5.03,0.967,5.00,343,0.0,22.4,-22.1,
7,74,3.48,3.62,4.29,1.186,4.13,239,9.2,6.6,+2.5,
7,75,11.38,11.68,11.90,1.018,11.59,771,8.0,17.6,-9.6,
7,75-1,11.23,11.58,11.51,0.993,11.15,764,4.8,21.0,-16.2,
7,80,20.19,20.19,22.63,1.121,22.63,1333,41.0,41.7,-0.9,
7,81,13.62,13.25,14.57,1.100,14.98,874,24.7,36.4,-11.7,
7,82,4.50,4.28,5.91,1.382,6.21,282,22.7,2.3,+20.4,
7,83,7.12,7.11,8.01,1.126,8.02,469,11.5,24.4,-12.9,
7,84,5.22,5.22,6.01,1.153,6.01,344,9.1,18.0,-8.9,
7,85,14.74,14.40,15.84,1.100,16.22,950,26.9,36.4,-9.5,
7,85-1,20.81,21.11,23.50,1.113,23.16,1393,40.5,42.1,-1.6,
7,86,19.50,19.81,22.17,1.119,21.82,1308,38.6,41.7,-3.1,
7,101,8.06,8.08,7.70,0.953,7.68,534,0.0,32.2,-32.0,
7,103,6.59,6.68,6.42,0.960,6.33,441,0.0,27.2,-27.0,
7,105-2,15.62,15.97,18.48,1.157,18.07,1054,44.4,8.7,+35.9,
7,129,8.80,9.12,9.11,0.999,8.79,602,3.1,16.3,-13.2,
7,132,12.93,13.19,16.04,1.216,15.73,871,45.5,6.3,+39.2,
7,135,11.41,11.37,12.32,1.084,12.37,750,19.7,5.6,+14.1,
7,140,8.30,7.81,9.34,1.196,9.92,516,24.5,12.2,+12.4,
7,140-1,8.30,7.81,9.34,1.196,9.92,516,24.5,12.2,+12.4,
7,140-2,8.30,7.81,9.34,1.196,9.92,516,24.5,12.2,+12.4,
7,142,10.07,10.44,13.07,1.252,12.61,689,40.5,4.4,+36.2,
7,143,4.58,4.77,5.57,1.166,5.34,315,12.9,4.0,+8.8,
7,152-1,13.59,13.35,14.12,1.058,14.37,881,14.0,39.9,-25.9,
7,153,12.99,13.02,13.78,1.059,13.75,859,13.7,37.9,-24.2,
7,200,9.47,9.81,9.71,0.990,9.38,648,3.0,18.1,-15.1,
7,201,10.58,10.84,10.82,0.998,10.56,715,4.7,18.3,-13.7,
7,203,9.83,9.86,9.92,1.007,9.90,650,3.0,20.2,-17.0,
7,207,8.00,8.29,9.02,1.088,8.71,547,11.1,18.9,-7.9,
7,220,7.39,7.46,8.42,1.129,8.35,493,15.4,19.2,-3.6,
7,221,9.34,9.68,10.79,1.115,10.41,639,18.2,21.0,-2.8,
7,222,8.15,8.15,9.18,1.128,9.19,538,16.8,21.0,-4.2,
7,223,11.11,11.04,12.80,1.159,12.87,729,29.3,29.4,-0.2,
7,300,17.84,18.30,22.70,1.241,22.14,1207,71.2,5.6,+65.6,
7,301,18.91,19.13,23.84,1.246,23.56,1262,75.9,5.6,+70.2,
7,302,21.47,21.93,28.07,1.280,27.48,1447,97.6,5.6,+91.8,
7,500,11.04,11.12,11.40,1.025,11.32,734,8.8,31.6,-22.5,
7,900,,6.85,8.47,1.237,8.47,452,24.6,6.6,+18.0,
7,901,,6.66,8.32,1.249,8.32,439,23.4,9.9,+13.6,
7,902,,6.09,7.66,1.259,7.66,402,23.4,5.7,+17.7,
7,903,,6.53,8.29,1.270,8.29,431,25.7,3.6,+22.0,
7,904,,6.21,8.00,1.290,8.00,410,25.8,3.0,+22.8,
7,905,,7.85,9.60,1.223,9.60,518,27.6,7.2,+20.4,
7,906,,7.20,9.00,1.251,9.00,475,25.4,12.1,+13.0,
7,915,,10.96,12.64,1.154,12.64,723,22.9,40.7,-17.5,
7,916,,12.10,13.85,1.145,13.85,799,24.8,42.1,-17.1,
7,917,,12.92,14.80,1.146,14.80,853,24.9,48.0,-22.9,
7,918,,8.09,10.48,1.294,10.48,534,34.7,5.2,+29.0,
7,919,8.02,7.91,9.64,1.218,9.77,522,22.8,19.9,+3.0,
7,921,,9.59,11.28,1.177,11.28,633,23.0,29.5,-6.4,
7,922,,10.11,11.96,1.182,11.96,668,24.9,26.8,-2.0,
7,923,,10.60,12.48,1.177,12.48,700,26.2,29.5,-3.2,
7,924,,10.58,12.34,1.167,12.34,698,24.9,30.4,-5.5,
7,925,,9.90,11.56,1.168,11.56,653,22.8,29.9,-7.1,
7,926,,10.35,11.95,1.154,11.95,683,22.9,31.6,-8.7,
7,931,,15.36,17.22,1.121,17.22,1014,27.8,54.8,-27.0,
7,932,,15.20,17.01,1.119,17.01,1003,25.8,52.4,-26.8,
7,933,,15.81,17.67,1.118,17.67,1043,26.7,52.5,-25.7,
7,934,,15.89,17.79,1.119,17.79,1049,27.3,52.5,-25.2,
7,935,,17.17,18.96,1.104,18.96,1134,27.0,55.9,-28.7,
7,942,15.41,15.41,17.58,1.141,17.58,1017,31.3,39.4,-8.1,
7,946,,10.39,12.16,1.170,12.16,686,22.8,40.3,-17.5,
7,GATE,14.34,14.35,14.94,1.042,14.94,947,11.9,49.0,-37.1,
8,1,2.15,2.68,2.62,0.976,2.10,177,0.3,6.9,-6.5,
8,2,0.88,1.06,1.04,0.981,0.86,70,0.0,4.3,-4.2,
8,3,0.90,1.76,1.77,1.008,0.90,116,0.5,4.3,-3.8,
8,4,1.15,1.82,1.78,0.982,1.13,120,0.5,6.5,-6.0,
8,5,0.36,0.36,0.36,1.000,0.36,24,0.0,0.0,-0.0,
8,6,1.22,1.24,1.19,0.961,1.18,82,0.2,1.2,-0.9,
8,7,0.63,0.63,0.63,1.000,0.63,41,0.0,0.0,-0.0,
8,9,0.88,1.11,1.15,1.033,0.91,73,0.7,0.0,+0.6,
8,10,1.72,2.35,2.53,1.073,1.84,155,3.6,1.0,+2.5,
8,10-1,2.88,3.17,3.54,1.114,3.21,209,6.6,1.0,+5.6,
8,11,1.69,1.91,2.11,1.101,1.86,126,3.3,0.0,+3.3,
8,12,1.21,1.47,1.67,1.135,1.38,97,3.4,0.0,+3.3,
8,13,1.51,1.91,2.41,1.265,1.91,126,8.0,0.0,+8.0,
8,14,1.97,1.96,2.25,1.148,2.26,129,5.5,1.2,+4.2,
8,15,5.01,5.19,4.90,0.944,4.73,343,0.0,21.7,-21.7,
8,15-1,5.68,6.99,6.77,0.968,5.50,461,3.2,25.3,-22.1,
8,16,6.85,7.13,6.79,0.952,6.53,470,1.4,25.7,-24.3,
8,16-1,6.23,6.41,5.98,0.934,5.81,423,0.0,25.6,-25.6,
8,17,6.47,6.65,6.62,0.996,6.44,439,4.6,18.3,-13.7,
8,18,7.53,7.96,9.47,1.191,8.96,525,24.0,3.4,+20.6,
8,19,8.32,8.59,10.02,1.166,9.71,567,24.0,5.3,+18.8,
8,20,3.24,3.77,4.71,1.250,4.05,249,14.7,1.5,+13.3,
8,21,6.03,6.42,7.39,1.152,6.95,423,16.6,2.8,+13.7,
8,22,5.28,5.46,5.51,1.010,5.33,360,2.1,5.0,-2.9,
8,24,6.01,6.34,6.18,0.974,5.85,419,0.7,17.9,-17.2,
8,25,6.25,6.43,6.44,1.001,6.26,424,1.9,16.3,-14.4,
8,25-1,7.18,7.36,7.34,0.997,7.16,486,1.9,16.7,-14.8,
8,26,6.28,6.46,6.48,1.004,6.30,426,1.9,14.2,-12.3,
8,27,6.94,7.20,7.24,1.006,6.98,475,2.5,14.5,-12.0,
8,28,7.25,7.49,7.53,1.005,7.28,495,2.3,11.1,-8.7,
8,29,10.89,11.26,14.63,1.299,14.15,743,51.2,3.3,+47.9,
8,30,7.92,8.18,8.87,1.085,8.59,540,11.8,9.3,+2.5,
8,31,7.69,7.82,7.85,1.004,7.72,516,3.8,7.4,-3.6,
8,32,11.34,11.52,11.79,1.023,11.60,760,10.5,10.8,-0.3,
8,32-1,10.11,11.46,11.73,1.023,10.35,756,10.5,10.8,-0.3,
8,33,9.23,9.47,10.45,1.103,10.18,625,16.5,9.0,+7.4,
8,34,8.67,8.93,9.91,1.109,9.62,590,16.4,9.0,+7.4,
8,35,6.66,6.88,8.32,1.209,8.05,454,22.5,3.3,+19.2,
8,36,9.25,9.49,10.51,1.108,10.25,626,19.6,5.6,+14.2,
8,37,9.15,9.47,10.45,1.103,10.09,625,16.5,9.0,+7.4,
8,38,10.67,10.89,12.16,1.116,11.91,719,21.2,9.2,+12.1,
8,39,11.80,11.32,12.79,1.130,13.33,747,27.1,4.5,+22.5,
8,40,11.87,12.69,14.41,1.136,13.48,838,28.7,9.1,+19.5,
8,43,6.20,6.43,6.93,1.078,6.68,424,10.6,2.7,+7.9,
8,43-1,7.12,7.35,7.97,1.084,7.72,485,12.6,2.7,+9.8,
8,43-2,6.71,6.93,7.48,1.079,7.24,458,11.8,3.1,+8.7,
8,44-1,9.51,9.79,10.82,1.105,10.52,646,20.1,4.7,+15.4,
8,49,6.59,6.50,7.43,1.142,7.52,429,13.4,11.9,+1.5,
8,50,5.97,6.15,6.28,1.022,6.09,406,5.8,15.9,-10.1,
8,51,7.37,7.53,8.14,1.081,7.97,497,9.9,20.2,-10.1,
8,52,7.45,7.44,8.02,1.078,8.03,491,9.9,16.6,-6.6,
8,52-1,8.13,8.05,8.98,1.116,9.07,531,15.8,18.6,-2.6,
8,52-2,8.66,8.65,9.35,1.082,9.37,571,11.5,19.4,-7.9,
8,53,6.21,6.13,7.02,1.147,7.12,404,13.0,12.0,+1.1,
8,54,5.09,5.09,5.89,1.157,5.89,336,11.0,11.5,-0.5,
8,55,5.36,5.27,6.07,1.151,6.17,348,11.0,11.5,-0.5,
8,56,5.10,5.36,5.88,1.096,5.59,354,9.9,1.7,+8.2,
8,57,11.18,11.12,12.23,1.100,12.30,734,16.9,32.8,-15.9,
8,57-1,10.20,10.11,11.07,1.094,11.16,667,17.1,23.2,-6.1,
8,58,10.91,11.09,11.13,1.004,10.95,732,7.2,30.0,-22.7,
8,59,10.35,10.27,11.46,1.116,11.55,678,16.9,31.4,-14.3,
8,59-1,11.28,11.19,12.40,1.108,12.50,739,16.9,37.8,-20.6,
8,61,0.63,0.63,0.63,1.000,0.63,41,0.0,0.0,+0.0,
8,62,3.97,4.25,4.20,0.989,3.93,280,0.5,10.3,-9.8,
8,64,9.92,10.10,9.56,0.947,9.39,666,0.0,38.7,-38.7,
8,66,15.63,16.00,19.36,1.209,18.91,1056,53.6,1.6,+52.0,
8,71,16.31,16.20,17.79,1.098,17.91,1069,30.0,51.4,-21.3,
8,71-1,14.69,16.20,17.79,1.098,16.14,1069,30.0,51.4,-21.3,
8,73,4.76,4.94,4.74,0.960,4.57,326,0.0,18.8,-18.8,
8,74,4.30,4.35,5.00,1.149,4.94,287,9.6,7.1,+2.5,
8,75,11.29,11.51,11.66,1.014,11.44,759,8.8,10.8,-2.0,
8,75-1,11.13,11.41,11.27,0.988,11.00,753,5.5,14.2,-8.7,
8,80,20.66,20.84,22.50,1.080,22.31,1375,36.4,38.0,-1.7,
8,81,14.44,14.35,15.98,1.114,16.07,947,30.0,37.5,-7.5,
8,82,5.31,5.23,6.97,1.332,7.08,345,21.0,10.1,+10.9,
8,83,7.59,7.76,7.88,1.016,7.71,512,7.0,20.7,-13.7,
8,84,5.29,5.10,5.13,1.005,5.32,337,3.6,15.4,-11.9,
8,85,15.56,15.50,17.25,1.113,17.32,1023,32.2,37.5,-5.3,
8,85-1,21.28,21.76,23.38,1.074,22.85,1436,36.0,38.5,-2.5,
8,86,19.97,20.46,22.05,1.077,21.52,1350,34.1,38.0,-3.9,
8,101,7.64,7.82,7.42,0.948,7.24,516,0.0,28.7,-28.7,
8,103,6.17,6.42,6.13,0.955,5.89,424,0.0,23.7,-23.7,
8,105-2,15.74,16.06,19.10,1.189,18.72,1060,52.0,7.5,+44.7,
8,129,8.71,8.95,8.87,0.992,8.64,590,3.8,9.5,-5.7,
8,132,13.06,13.29,16.69,1.256,16.40,877,53.2,5.2,+47.9,
8,135,11.54,11.46,12.94,1.129,13.03,756,27.3,4.5,+22.8,
8,140,9.12,8.92,10.75,1.206,10.99,588,29.9,13.3,+16.5,
8,140-1,9.12,8.92,10.75,1.206,10.99,588,29.9,13.3,+16.5,
8,140-2,9.12,8.92,10.75,1.206,10.99,588,29.9,13.3,+16.5,
8,142,10.20,10.54,13.72,1.302,13.27,695,48.2,3.3,+44.9,
8,143,4.70,4.86,6.21,1.276,6.00,321,20.5,2.9,+17.6,
8,152-1,14.06,14.00,14.00,1.000,14.05,924,9.4,36.2,-26.7,
8,153,13.46,13.67,13.66,0.999,13.45,902,9.2,34.2,-25.0,
8,200,9.32,9.62,9.66,1.004,9.36,635,3.0,16.7,-13.7,
8,201,10.48,10.66,10.58,0.992,10.40,704,5.4,11.5,-6.1,
8,203,9.41,9.59,9.63,1.004,9.45,633,3.0,16.7,-13.7,
8,207,8.75,9.02,9.73,1.078,9.44,595,11.5,19.4,-7.9,
8,220,8.21,8.20,9.13,1.114,9.15,541,15.8,19.6,-3.6,
8,221,10.16,10.42,11.51,1.105,11.22,687,18.6,21.4,-2.8,
8,222,8.96,8.88,9.90,1.114,9.99,586,17.2,21.5,-4.3,
8,223,11.92,12.15,14.21,1.170,13.95,802,34.7,30.6,+4.0,
8,300,17.97,18.39,23.32,1.268,22.79,1214,78.8,4.5,+74.3,
8,301,19.03,19.22,24.46,1.273,24.22,1268,83.5,4.5,+79.0,
8,302,21.59,22.02,28.69,1.303,28.13,1453,105.2,4.5,+100.6,
8,500,10.63,10.86,11.11,1.023,10.87,717,8.8,28.1,-19.3,
8,900,,7.95,9.88,1.243,9.88,525,29.9,7.8,+22.1,
8,901,,7.76,9.73,1.253,9.73,512,28.7,11.1,+17.8,
8,902,,7.19,9.07,1.262,9.07,475,28.7,6.9,+21.9,
8,903,,7.63,9.70,1.271,9.70,504,31.0,4.8,+26.2,
8,904,,7.31,9.41,1.288,9.41,482,31.1,4.2,+27.0,
8,905,,8.95,11.01,1.230,11.01,591,32.9,8.4,+24.5,
8,906,,8.30,10.41,1.255,10.41,548,30.8,13.3,+17.1,
8,915,,12.06,14.05,1.165,14.05,796,28.2,41.9,-13.3,
8,916,,13.20,15.26,1.156,15.26,871,30.1,43.2,-12.9,
8,917,,14.02,16.21,1.156,16.21,925,30.2,49.2,-18.8,
8,918,,9.20,11.89,1.293,11.89,607,40.0,6.4,+33.2,
8,919,9.09,9.01,11.05,1.226,11.15,595,28.2,21.1,+7.1,
8,921,,10.69,12.69,1.187,12.69,705,28.3,30.7,-2.3,
8,922,,11.22,13.37,1.192,13.37,740,30.2,28.0,+2.1,
8,923,,11.71,13.89,1.187,13.89,773,31.5,30.7,+0.9,
8,924,,11.68,13.75,1.178,13.75,771,30.3,31.6,-1.3,
8,925,,11.00,12.97,1.179,12.97,726,28.2,31.1,-2.9,
8,926,,11.46,13.36,1.166,13.36,756,28.2,32.8,-4.5,
8,931,,16.46,18.62,1.132,18.62,1086,33.1,56.0,-22.9,
8,932,,16.30,18.42,1.130,18.42,1076,31.1,53.6,-22.6,
8,933,,16.91,19.08,1.128,19.08,1116,32.0,53.7,-21.6,
8,934,,17.00,19.20,1.130,19.20,1122,32.6,53.7,-21.0,
8,935,,18.28,20.37,1.114,20.37,1206,32.3,57.1,-24.6,
8,942,16.49,16.51,18.99,1.150,18.96,1090,36.6,40.6,-4.0,
8,946,,11.49,13.56,1.180,13.56,759,28.2,41.5,-13.4,
8,GATE,14.07,14.24,13.52,0.949,13.36,940,0.6,43.7,-43.1,
9,1,3.57,3.58,3.43,0.960,3.43,236,0.1,14.1,-14.0,
9,2,1.99,1.99,2.05,1.031,2.05,131,0.0,11.8,-11.8,
9,3,2.21,2.22,2.19,0.986,2.18,147,0.1,7.9,-7.7,
9,4,2.66,2.75,2.80,1.018,2.71,182,0.5,14.0,-13.5,
9,5,1.53,1.59,1.53,0.965,1.48,105,0.1,3.7,-3.5,
9,6,0.45,0.45,0.45,1.000,0.45,30,0.0,0.0,-0.0,
9,7,0.46,0.46,0.46,1.000,0.46,30,0.0,0.0,-0.0,
9,8,0.88,1.11,1.07,0.969,0.85,73,0.0,0.7,-0.6,
9,10,0.08,0.08,0.08,1.000,0.08,5,0.0,0.0,+0.0,
9,10-1,1.13,1.15,1.24,1.078,1.22,76,1.6,0.0,+1.5,
9,11,0.66,0.65,0.65,1.000,0.66,43,0.0,0.0,+0.0,
9,12,0.54,0.67,0.71,1.048,0.56,44,0.6,0.0,+0.5,
9,13,0.97,1.24,1.37,1.108,1.07,82,2.3,0.0,+2.3,
9,14,0.48,0.40,0.40,0.996,0.48,27,0.0,0.0,-0.0,
9,15,6.13,6.12,5.91,0.966,5.92,404,0.0,29.3,-29.3,
9,15-1,6.80,7.92,7.79,0.983,6.68,523,3.2,32.8,-29.6,
9,16,7.97,8.06,7.81,0.968,7.71,532,1.4,33.3,-31.9,
9,16-1,7.34,7.34,7.00,0.953,7.00,485,0.0,33.1,-33.1,
9,17,6.77,6.77,7.56,1.117,7.56,447,9.2,26.9,-17.7,
9,18,7.34,7.81,8.50,1.088,7.99,515,13.5,3.1,+10.4,
9,19,8.13,8.44,9.04,1.072,8.72,557,13.5,4.9,+8.6,
9,20,3.23,3.66,4.05,1.107,3.58,241,7.1,2.6,+4.5,
9,21,6.01,6.31,6.73,1.068,6.41,416,8.9,4.0,+4.9,
9,22,5.93,5.95,6.14,1.031,6.11,393,2.4,10.0,-7.6,
9,24,7.08,7.24,7.00,0.966,6.84,478,0.4,25.1,-24.7,
9,25,6.97,6.97,7.02,1.006,7.01,460,0.7,22.6,-21.9,
9,25-1,7.90,7.90,7.93,1.003,7.92,522,0.7,23.1,-22.3,
9,26,7.00,7.00,7.07,1.009,7.06,462,0.7,20.5,-19.8,
9,27,7.65,7.74,7.82,1.010,7.73,511,1.3,20.8,-19.5,
9,28,7.96,8.04,8.03,0.999,7.95,530,1.1,17.4,-16.2,
9,29,10.70,11.11,13.65,1.229,13.15,733,40.6,2.9,+37.7,
9,30,8.03,8.07,8.24,1.021,8.20,533,4.2,10.4,-6.2,
9,31,8.02,7.98,8.07,1.012,8.12,527,3.0,14.2,-11.2,
9,32,11.67,11.68,12.01,1.028,12.00,771,9.8,17.6,-7.8,
9,32-1,10.44,11.62,11.95,1.028,10.74,767,9.8,17.6,-7.8,
9,33,9.34,9.36,9.81,1.048,9.79,618,8.9,10.2,-1.3,
9,34,8.73,8.82,9.27,1.050,9.17,582,8.8,10.2,-1.4,
9,35,6.47,6.73,7.35,1.091,7.05,444,12.0,3.0,+9.0,
9,36,9.32,9.38,9.88,1.053,9.81,619,12.0,6.7,+5.5,
9,37,9.27,9.36,9.81,1.048,9.71,618,8.9,10.2,-1.3,
9,38,10.78,10.78,11.52,1.069,11.52,712,13.6,10.3,+3.3,
9,39,11.72,11.21,12.15,1.084,12.70,740,19.5,5.6,+13.8,
9,40,11.79,12.58,13.77,1.095,12.90,830,21.1,10.3,+10.8,
9,43,6.31,6.32,6.29,0.996,6.29,417,3.0,3.9,-0.8,
9,43-1,7.24,7.24,7.33,1.012,7.32,478,5.0,3.9,+1.0,
9,43-2,6.82,6.82,6.85,1.003,6.84,450,4.2,4.3,-0.1,
9,44-1,9.39,9.66,10.33,1.070,10.05,637,14.9,5.0,+9.9,
9,49,6.54,6.54,7.53,1.152,7.53,431,13.1,16.4,-3.3,
9,50,6.27,6.26,7.14,1.140,7.14,413,9.5,23.6,-14.1,
9,51,7.55,7.56,8.24,1.090,8.23,499,9.6,24.8,-15.0,
9,52,7.48,7.47,8.12,1.087,8.12,493,9.6,21.1,-11.5,
9,52-1,8.08,8.08,9.08,1.124,9.08,533,15.6,23.2,-7.5,
9,52-2,8.68,8.68,9.45,1.089,9.46,573,11.2,23.9,-12.7,
9,53,6.16,6.16,7.12,1.157,7.13,406,12.8,16.5,-3.8,
9,54,5.05,5.12,5.99,1.170,5.90,338,10.8,16.1,-5.4,
9,55,5.31,5.30,6.17,1.163,6.17,350,10.7,16.1,-5.4,
9,56,5.21,5.25,5.24,0.998,5.20,347,2.3,2.9,-0.5,
9,57,11.13,11.15,12.33,1.106,12.32,736,16.6,37.4,-20.8,
9,57-1,10.15,10.14,11.16,1.101,11.17,669,16.8,27.8,-11.0,
9,58,11.21,11.20,12.06,1.077,12.07,739,11.9,38.6,-26.7,
9,59,10.30,10.30,11.56,1.122,11.56,680,16.6,35.9,-19.1,
9,59-1,11.23,11.22,12.50,1.114,12.51,741,16.6,42.4,-25.5,
9,61,0.71,0.78,0.78,1.000,0.71,52,0.0,0.0,+0.0,
9,62,5.04,5.14,5.02,0.976,4.92,339,0.2,17.5,-17.3,
9,64,11.03,11.03,10.58,0.959,10.58,728,0.0,46.2,-46.2,
9,66,13.89,13.98,17.06,1.220,16.95,923,48.5,0.6,+47.9,
9,71,15.77,15.56,16.69,1.072,16.91,1027,23.7,52.1,-28.4,
9,71-1,15.00,15.56,16.69,1.072,16.08,1027,23.7,52.1,-28.4,
9,73,5.87,5.87,5.76,0.981,5.76,388,0.0,26.4,-26.4,
9,74,4.25,4.38,5.10,1.163,4.94,289,9.3,11.6,-2.3,
9,75,11.62,11.66,11.88,1.019,11.84,770,8.0,17.6,-9.6,
9,75-1,11.47,11.56,11.49,0.994,11.39,763,4.8,21.0,-16.2,
9,80,20.96,20.96,23.44,1.119,23.45,1383,41.1,46.7,-5.7,
9,81,13.72,13.71,14.88,1.085,14.88,905,23.7,38.2,-14.6,
9,82,4.72,4.74,6.22,1.311,6.19,313,21.7,4.2,+17.5,
9,83,7.89,7.88,8.82,1.119,8.83,520,11.6,29.3,-17.7,
9,84,5.99,5.98,6.82,1.140,6.83,395,9.2,23.0,-13.8,
9,85,14.84,14.87,16.15,1.086,16.12,981,25.8,38.2,-12.4,
9,85-1,21.58,21.88,24.31,1.111,23.98,1444,40.6,47.1,-6.5,
9,86,20.27,20.58,22.98,1.117,22.64,1358,38.8,46.7,-7.9,
9,101,8.76,8.76,8.43,0.963,8.43,578,0.0,36.2,-36.2,
9,103,7.29,7.35,7.15,0.972,7.08,485,0.0,31.2,-31.2,
9,105-2,15.66,15.95,18.46,1.157,18.13,1053,44.4,8.7,+35.9,
9,129,9.04,9.10,9.09,0.999,9.03,601,3.1,16.3,-13.2,
9,132,12.87,13.14,15.71,1.196,15.39,867,42.6,4.9,+37.7,
9,135,11.40,11.35,12.30,1.084,12.36,749,19.7,5.6,+14.1,
9,140,8.40,8.28,9.65,1.165,9.79,546,23.5,14.0,+9.5,
9,140-1,8.40,8.28,9.65,1.165,9.79,546,23.5,14.0,+9.5,
9,140-2,8.40,8.28,9.65,1.165,9.79,546,23.5,14.0,+9.5,
9,142,10.00,10.39,12.74,1.227,12.28,685,37.6,2.9,+34.7,
9,143,4.51,4.71,5.23,1.110,5.01,311,9.9,2.6,+7.4,
9,152-1,14.36,14.12,14.93,1.058,15.19,932,14.1,44.9,-30.8,
9,153,13.76,13.79,14.59,1.059,14.57,910,13.9,42.9,-29.0,
9,200,9.71,9.79,9.69,0.990,9.61,646,3.0,18.1,-15.1,
9,201,10.81,10.82,10.80,0.998,10.79,714,4.7,18.3,-13.7,
9,203,10.13,10.13,10.22,1.008,10.21,669,1.8,23.0,-21.2,
9,207,8.77,9.05,9.83,1.086,9.53,598,11.2,23.9,-12.7,
9,220,8.17,8.23,9.23,1.122,9.16,543,15.6,24.2,-8.5,
9,221,9.44,10.45,11.60,1.111,10.49,690,18.3,26.0,-7.7,
9,222,8.92,8.91,9.99,1.121,10.00,588,16.9,26.0,-9.1,
9,223,11.20,11.51,13.10,1.139,12.76,760,28.3,31.3,-3.1,
9,300,17.89,18.28,22.68,1.241,22.19,1206,71.2,5.7,+65.6,
9,301,18.95,19.11,23.82,1.247,23.62,1261,75.9,5.6,+70.2,
9,302,21.51,21.91,28.06,1.280,27.54,1446,97.6,5.7,+91.8,
9,500,11.55,11.56,11.44,0.990,11.43,763,1.8,27.7,-25.9,
9,900,,6.32,7.31,1.156,7.31,417,17.9,6.8,+11.0,
9,901,,6.13,7.16,1.167,7.16,405,16.7,10.1,+6.6,
9,902,,5.56,6.50,1.169,6.50,367,16.6,5.9,+10.7,
9,903,,6.00,7.13,1.188,7.13,396,19.0,3.9,+15.0,
9,904,,5.68,6.84,1.205,6.84,375,19.0,3.3,+15.8,
9,905,,7.32,8.44,1.152,8.44,483,20.8,7.4,+13.3,
9,906,,6.67,7.84,1.175,7.84,440,18.7,12.4,+6.0,
9,915,,10.43,11.48,1.101,11.48,689,16.1,41.0,-24.5,
9,916,,11.57,12.69,1.096,12.69,764,18.0,42.3,-24.1,
9,917,,12.39,13.64,1.101,13.64,818,18.2,48.3,-29.9,
9,918,,7.57,9.32,1.231,9.32,500,28.0,5.5,+22.0,
9,919,7.38,7.38,8.47,1.148,8.48,487,16.1,20.1,-4.0,
9,921,,9.06,10.12,1.117,10.12,598,16.2,29.7,-13.4,
9,922,,9.59,10.80,1.126,10.80,633,18.2,27.0,-9.0,
9,923,,10.08,11.32,1.123,11.32,665,19.4,29.7,-10.3,
9,924,,10.05,11.18,1.112,11.18,663,18.2,30.7,-12.5,
9,925,,9.37,10.40,1.110,10.40,619,16.1,30.2,-14.1,
9,926,,9.83,10.79,1.098,10.79,649,16.1,31.9,-15.7,
9,931,,14.83,16.05,1.082,16.05,979,21.1,55.1,-34.0,
9,932,,14.67,15.85,1.080,15.85,968,19.0,52.7,-33.8,
9,933,,15.28,16.50,1.080,16.50,1009,19.9,52.8,-32.8,
9,934,,15.37,16.63,1.082,16.63,1014,20.5,52.8,-32.2,
9,935,,16.65,17.80,1.069,17.80,1099,20.3,56.1,-35.8,
9,942,14.78,14.89,16.42,1.103,16.30,983,24.5,39.7,-15.1,
9,946,,9.87,10.99,1.114,10.99,651,16.1,40.6,-24.6,
9,GATE,15.11,15.11,15.75,1.042,15.76,997,12.1,54.0,-42.0,
10,1,5.07,5.42,5.47,1.010,5.12,357,2.1,20.9,-18.7,
10,2,3.49,3.84,3.97,1.032,3.60,254,1.5,14.7,-13.0,
10,3,2.54,2.65,2.59,0.978,2.49,175,0.0,12.6,-12.5,
10,4,3.29,3.48,3.41,0.982,3.23,229,0.0,12.7,-12.6,
10,5,1.93,2.02,1.93,0.955,1.84,133,0.0,8.5,-8.2,
10,6,0.68,0.85,0.80,0.940,0.64,56,0.0,3.3,-3.2,
10,7,0.67,1.03,0.98,0.954,0.64,68,0.0,3.6,-3.5,
10,8,1.72,2.35,2.36,1.003,1.72,155,1.0,3.6,-2.5,
10,9,0.08,0.08,0.08,1.000,0.08,5,0.0,0.0,-0.0,
10,10-1,0.10,0.10,0.10,1.000,0.10,6,0.0,0.0,+0.0,
10,11,0.50,0.50,0.50,1.000,0.50,33,0.0,0.0,+0.0,
10,12,1.08,1.39,1.35,0.974,1.05,92,0.1,0.8,-0.7,
10,13,2.50,2.55,2.61,1.023,2.56,168,2.4,2.5,-0.1,
10,14,0.51,0.51,0.51,1.000,0.51,34,0.0,0.0,+0.0,
10,15,7.20,7.35,8.13,1.106,7.97,485,9.1,35.1,-25.8,
10,15-1,8.00,8.70,9.39,1.079,8.64,574,9.1,40.1,-30.9,
10,16,8.55,8.70,9.43,1.084,9.27,574,9.1,41.6,-32.4,
10,16-1,8.40,8.63,8.28,0.959,8.05,570,0.0,34.5,-34.4,
10,17,7.11,7.20,7.96,1.106,7.86,475,9.1,31.7,-22.5,
10,18,8.37,8.57,8.96,1.045,8.75,566,10.0,5.5,+4.4,
10,19,9.17,9.20,9.51,1.033,9.47,608,10.0,7.4,+2.6,
10,20,4.44,4.51,4.77,1.059,4.70,297,6.4,3.0,+3.4,
10,21,7.18,7.90,8.05,1.018,7.31,522,6.3,8.8,-2.5,
10,22,7.42,7.81,8.07,1.034,7.68,515,4.4,13.4,-8.9,
10,24,8.58,9.03,8.82,0.977,8.38,596,0.1,26.2,-26.0,
10,25,8.47,8.83,8.95,1.014,8.59,582,2.7,26.0,-23.1,
10,25-1,9.40,9.76,9.86,1.010,9.49,644,2.7,26.4,-23.6,
10,26,8.49,8.85,9.00,1.016,8.63,584,2.7,23.9,-21.1,
10,27,9.15,9.60,9.75,1.017,9.31,633,3.3,24.1,-20.8,
10,28,9.46,9.89,9.96,1.007,9.53,653,3.1,20.8,-17.5,
10,29,11.74,11.88,14.12,1.189,13.95,784,37.1,5.4,+31.7,
10,30,9.53,9.92,10.17,1.025,9.77,655,6.2,13.8,-7.5,
10,31,9.52,9.83,10.00,1.017,9.69,649,5.0,17.6,-12.4,
10,32,13.17,13.53,13.94,1.030,13.57,893,11.8,21.0,-9.1,
10,32-1,11.94,13.47,13.87,1.030,12.30,889,11.8,21.0,-9.1,
10,33,10.84,11.22,11.74,1.047,11.35,740,10.9,13.6,-2.6,
10,34,10.07,10.21,10.88,1.066,10.74,674,14.5,14.9,-0.5,
10,35,7.50,7.50,7.81,1.042,7.81,495,8.5,5.4,+3.1,
10,36,10.66,10.57,10.95,1.036,11.04,697,11.5,7.4,+4.0,
10,37,10.77,11.22,11.74,1.047,11.27,740,10.9,13.6,-2.6,
10,38,12.02,12.02,12.29,1.022,12.29,793,11.3,14.8,-3.5,
10,39,12.76,12.05,12.57,1.044,13.32,795,14.6,8.2,+6.4,
10,40,12.82,13.77,14.45,1.049,13.46,909,18.1,14.7,+3.3,
10,43,7.81,8.09,8.23,1.018,7.95,534,6.4,8.8,-2.4,
10,43-1,8.66,8.66,8.99,1.038,8.99,572,8.5,12.2,-3.7,
10,43-2,8.32,8.68,8.78,1.011,8.41,573,6.2,7.6,-1.3,
10,44-1,10.42,10.42,10.80,1.036,10.80,688,11.4,7.5,+4.0,
10,49,6.88,6.96,7.93,1.138,7.83,460,13.0,21.2,-8.1,
10,50,6.60,6.69,7.54,1.126,7.44,442,9.4,28.4,-18.9,
10,51,7.89,7.99,8.64,1.081,8.53,527,9.5,29.5,-19.8,
10,52,7.81,7.90,8.52,1.078,8.42,521,9.5,25.9,-16.2,
10,52-1,8.42,8.51,9.48,1.114,9.38,561,15.4,27.9,-12.3,
10,52-2,9.02,9.11,9.85,1.082,9.76,601,11.1,28.7,-17.5,
10,53,6.50,6.59,7.52,1.142,7.42,435,12.6,21.3,-8.5,
10,54,5.38,5.55,6.39,1.151,6.19,366,10.6,20.8,-10.1,
10,55,5.64,5.73,6.57,1.146,6.47,378,10.6,20.8,-10.1,
10,56,6.71,7.11,7.17,1.009,6.77,469,4.3,6.2,-1.8,
10,57,11.47,11.58,12.73,1.099,12.61,764,16.5,42.1,-25.5,
10,57-1,10.49,10.57,11.56,1.094,11.47,698,16.7,32.5,-15.7,
10,58,11.54,11.63,12.46,1.071,12.37,768,11.8,43.3,-31.5,
10,59,10.64,10.73,11.96,1.114,11.85,708,16.5,40.7,-23.9,
10,59-1,11.57,11.65,12.90,1.107,12.80,769,16.5,47.1,-30.3,
10,61,2.20,2.63,2.71,1.030,2.27,174,2.2,3.6,-1.2,
10,62,6.54,6.99,6.95,0.993,6.50,462,2.2,20.9,-18.6,
10,64,12.24,12.32,11.86,0.962,11.78,813,0.0,47.5,-47.4,
10,66,13.18,13.27,16.13,1.216,16.03,875,45.3,0.6,+44.7,
10,71,16.20,15.99,17.08,1.068,17.30,1055,23.7,54.7,-30.9,
10,71-1,15.33,15.99,17.08,1.068,16.37,1055,23.7,54.7,-30.9,
10,73,7.08,7.17,7.04,0.983,6.95,473,0.0,27.7,-27.6,
10,74,4.59,4.81,5.50,1.142,5.24,318,9.2,16.4,-7.1,
10,75,13.12,13.52,13.81,1.022,13.40,892,10.0,21.0,-10.8,
10,75-1,12.96,13.42,13.42,1.000,12.97,886,6.8,24.3,-17.4,
10,80,21.30,21.38,23.84,1.115,23.74,1411,40.9,51.4,-10.5,
10,81,14.14,14.14,15.26,1.080,15.27,933,23.7,40.9,-17.1,
10,82,5.14,5.17,6.61,1.278,6.58,341,21.7,6.8,+15.0,
10,83,8.22,8.31,9.22,1.109,9.13,548,11.5,34.1,-22.5,
10,84,6.32,6.41,7.22,1.126,7.12,423,9.1,27.7,-18.5,
10,85,15.26,15.29,16.54,1.082,16.51,1009,25.8,40.9,-15.0,
10,85-1,21.91,22.31,24.71,1.108,24.27,1472,40.5,51.8,-11.3,
10,86,20.61,21.01,23.38,1.113,22.94,1386,38.6,51.4,-12.7,
10,101,9.96,10.05,9.71,0.967,9.63,663,0.0,37.6,-37.5,
10,103,8.49,8.65,8.43,0.975,8.27,571,0.0,32.6,-32.5,
10,105-2,15.75,15.82,18.26,1.155,18.18,1044,43.4,13.8,+29.9,
10,129,10.54,10.95,11.02,1.006,10.60,723,5.1,19.7,-14.5,
10,132,13.68,13.83,16.40,1.186,16.23,913,43.4,7.0,+36.4,
10,135,12.44,12.19,12.72,1.044,12.99,804,14.8,8.2,+6.7,
10,140,8.82,8.70,10.04,1.153,10.17,574,23.5,16.7,+6.9,
10,140-1,8.82,8.70,10.04,1.153,10.17,574,23.5,16.7,+6.9,
10,140-2,8.82,8.70,10.04,1.153,10.17,574,23.5,16.7,+6.9,
10,142,11.04,11.15,13.21,1.184,13.08,736,34.1,5.4,+28.7,
10,143,5.55,5.48,5.70,1.040,5.77,362,6.4,5.0,+1.4,
10,152-1,14.70,14.55,15.33,1.054,15.49,960,14.0,49.6,-35.5,
10,153,14.10,14.21,14.99,1.055,14.87,938,13.7,47.6,-33.8,
10,200,11.21,11.65,11.62,0.998,11.19,769,5.0,21.5,-16.4,
10,201,12.31,12.67,12.73,1.005,12.37,836,6.7,21.7,-14.9,
10,203,11.63,11.99,12.15,1.013,11.78,791,3.8,26.4,-22.5,
10,207,9.11,9.48,10.23,1.079,9.83,626,11.1,28.7,-17.5,
10,220,8.50,8.66,9.63,1.113,9.46,571,15.4,28.9,-13.3,
10,221,9.86,10.88,12.00,1.104,10.89,718,18.2,30.7,-12.4,
10,222,9.25,9.34,10.39,1.113,10.29,617,16.8,30.7,-13.9,
10,223,11.63,11.93,13.49,1.131,13.15,788,28.3,34.0,-5.6,
10,300,18.92,19.11,23.10,1.209,22.87,1262,66.3,8.2,+58.2,
10,301,19.99,19.94,24.24,1.215,24.29,1316,71.0,8.2,+62.8,
10,302,22.55,22.75,28.48,1.252,28.23,1501,92.7,8.2,+84.4,
10,500,13.05,13.38,13.52,1.010,13.18,883,10.1,38.3,-28.0,
10,900,,5.61,6.39,1.138,6.39,370,14.6,6.8,+7.7,
10,901,,5.42,6.23,1.150,6.23,358,13.4,10.1,+3.3,
10,902,,4.85,5.58,1.150,5.58,320,13.4,5.9,+7.5,
10,903,,5.29,6.21,1.173,6.21,349,15.7,3.9,+11.8,
10,904,,4.97,5.92,1.192,5.92,328,15.8,3.3,+12.5,
10,905,,6.61,7.52,1.137,7.52,436,17.5,7.4,+10.1,
10,906,,5.96,6.92,1.161,6.92,393,15.4,12.4,+2.7,
10,915,,9.72,10.56,1.086,10.56,642,12.9,41.0,-27.7,
10,916,,10.86,11.77,1.083,11.77,717,14.8,42.3,-27.4,
10,917,,11.68,12.72,1.089,12.72,771,14.9,48.3,-33.2,
10,918,,6.86,8.39,1.224,8.39,452,24.7,5.5,+18.7,
10,919,6.67,6.67,7.55,1.132,7.55,440,12.8,20.1,-7.3,
10,921,,8.35,9.20,1.102,9.20,551,13.0,29.7,-16.7,
10,922,,8.88,9.88,1.113,9.88,586,14.9,27.1,-12.3,
10,923,,9.37,10.40,1.110,10.40,618,16.1,29.8,-13.5,
10,924,,9.34,10.26,1.099,10.26,616,14.9,30.7,-15.8,
10,925,,8.66,9.48,1.094,9.48,572,12.8,30.2,-17.3,
10,926,,9.12,9.87,1.082,9.87,602,12.9,31.9,-18.9,
10,931,,14.12,15.13,1.072,15.13,932,17.8,55.1,-37.3,
10,932,,13.96,14.92,1.069,14.92,921,15.8,52.7,-37.1,
10,933,,14.57,15.58,1.070,15.58,962,16.7,52.8,-36.0,
10,934,,14.66,15.71,1.072,15.71,967,17.3,52.8,-35.4,
10,935,,15.94,16.88,1.059,16.88,1052,17.0,56.1,-39.0,
10,942,14.06,14.17,15.50,1.093,15.38,936,21.3,39.7,-18.4,
10,946,,9.15,10.07,1.100,10.07,604,12.8,40.6,-27.8,
10,GATE,15.45,15.54,16.15,1.039,16.06,1026,11.9,58.8,-46.7,
10-1,1,5.87,5.95,6.03,1.013,5.94,393,2.1,24.0,-21.8,
10-1,2,4.53,4.55,4.48,0.986,4.47,300,0.1,16.2,-16.1,
10-1,3,3.16,3.19,3.15,0.988,3.12,210,0.0,15.7,-15.6,
10-1,4,3.91,4.01,3.97,0.990,3.87,265,0.0,15.7,-15.7,
10-1,5,2.48,2.55,2.49,0.973,2.41,169,0.0,11.5,-11.3,
10-1,6,1.62,1.67,1.60,0.956,1.55,110,0.0,6.9,-6.7,
10-1,7,1.77,1.84,1.76,0.952,1.68,122,0.0,6.7,-6.6,
10-1,8,2.88,3.17,3.14,0.989,2.85,209,1.0,6.6,-5.6,
10-1,9,1.13,1.15,1.07,0.929,1.05,76,0.0,1.6,-1.5,
10-1,10,0.10,0.10,0.10,1.000,0.10,6,0.0,0.0,-0.0,
10-1,11,0.40,0.40,0.40,1.000,0.40,27,0.0,0.0,+0.0,
10-1,12,1.23,1.54,1.51,0.976,1.20,102,0.1,0.8,-0.7,
10-1,13,2.65,2.70,2.76,1.022,2.71,178,2.4,2.5,-0.1,
10-1,14,0.99,1.00,0.92,0.918,0.91,66,0.0,1.6,-1.5,
10-1,15,7.82,7.89,8.69,1.102,8.61,521,9.1,38.2,-28.8,
10-1,15-1,8.61,9.24,9.95,1.077,9.28,610,9.1,43.2,-34.0,
10-1,16,9.16,9.24,9.99,1.082,9.91,610,9.1,44.7,-35.5,
10-1,16-1,9.01,9.17,8.84,0.964,8.68,605,0.0,37.5,-37.5,
10-1,17,7.72,7.73,8.52,1.101,8.50,510,9.1,34.7,-25.6,
10-1,18,8.53,8.73,9.12,1.045,8.91,576,10.0,5.5,+4.4,
10-1,19,9.32,9.36,9.66,1.032,9.63,618,10.0,7.4,+2.6,
10-1,20,4.59,4.66,4.92,1.057,4.85,308,6.4,3.0,+3.4,
10-1,21,7.33,8.06,8.20,1.018,7.46,532,6.3,8.8,-2.5,
10-1,22,8.36,8.38,9.00,1.074,8.97,553,7.4,22.5,-15.0,
10-1,24,9.39,9.56,9.38,0.981,9.21,631,0.1,29.2,-29.1,
10-1,25,9.40,9.40,9.98,1.062,9.98,620,5.8,35.1,-29.3,
10-1,25-1,10.33,10.33,10.89,1.054,10.89,682,5.8,35.5,-29.8,
10-1,26,9.43,9.43,10.03,1.064,10.03,622,5.8,33.0,-27.2,
10-1,27,10.09,10.17,10.78,1.060,10.70,671,6.3,33.2,-27.0,
10-1,28,10.39,10.46,10.99,1.050,10.92,691,6.2,29.9,-23.6,
10-1,29,11.89,12.03,14.27,1.186,14.11,794,37.1,5.4,+31.7,
10-1,30,10.14,10.17,10.51,1.033,10.47,672,7.0,20.7,-13.6,
10-1,31,10.45,10.41,10.93,1.051,10.98,687,8.1,26.6,-18.6,
10-1,32,14.10,14.10,14.87,1.054,14.86,931,14.8,30.0,-15.2,
10-1,32-1,12.87,14.04,14.80,1.054,13.57,927,14.8,30.0,-15.2,
10-1,33,11.45,11.47,12.08,1.053,12.06,757,11.7,20.5,-8.8,
10-1,34,10.23,10.37,11.04,1.065,10.89,684,14.5,14.9,-0.5,
10-1,35,7.65,7.65,7.97,1.041,7.97,505,8.5,5.4,+3.1,
10-1,36,10.81,10.72,11.10,1.036,11.19,708,11.5,7.4,+4.0,
10-1,37,11.38,11.47,12.08,1.053,11.98,757,11.7,20.5,-8.8,
10-1,38,12.17,12.17,12.44,1.022,12.44,803,11.3,14.8,-3.5,
10-1,39,12.91,12.20,12.73,1.043,13.47,805,14.6,8.2,+6.4,
10-1,40,12.98,13.93,14.61,1.049,13.61,919,18.1,14.7,+3.3,
10-1,43,8.24,8.24,8.39,1.018,8.39,544,6.4,8.8,-2.4,
10-1,43-1,8.82,8.82,9.15,1.037,9.15,582,8.5,12.2,-3.7,
10-1,43-2,8.91,8.93,9.12,1.021,9.10,589,7.1,14.5,-7.5,
10-1,44-1,10.58,10.58,10.95,1.036,10.95,698,11.4,7.5,+4.0,
10-1,49,7.49,7.50,8.49,1.131,8.47,495,13.0,24.2,-11.2,
10-1,50,7.22,7.23,8.10,1.120,8.08,477,9.4,31.4,-22.0,
10-1,51,8.50,8.53,9.20,1.079,9.17,563,9.5,32.6,-22.8,
10-1,52,8.42,8.44,9.08,1.076,9.06,557,9.5,28.9,-19.3,
10-1,52-1,9.03,9.04,10.04,1.110,10.02,597,15.4,31.0,-15.3,
10-1,52-2,9.63,9.64,10.41,1.080,10.40,637,11.1,31.7,-20.6,
10-1,53,7.11,7.12,8.08,1.135,8.07,470,12.6,24.3,-11.6,
10-1,54,5.99,6.09,6.95,1.141,6.84,402,10.6,23.9,-13.2,
10-1,55,6.26,6.27,7.13,1.137,7.11,414,10.6,23.9,-13.2,
10-1,56,7.54,7.68,8.10,1.055,7.96,507,7.4,15.3,-8.0,
10-1,57,12.08,12.11,13.29,1.097,13.25,799,16.5,45.2,-28.6,
10-1,57-1,11.10,11.11,12.12,1.091,12.11,733,16.7,35.6,-18.8,
10-1,58,12.16,12.17,13.02,1.070,13.01,803,11.8,46.4,-34.6,
10-1,59,11.25,11.27,12.52,1.111,12.49,744,16.5,43.7,-27.0,
10-1,59-1,12.18,12.19,13.46,1.104,13.45,805,16.5,50.2,-33.3,
10-1,61,3.36,3.45,3.49,1.011,3.40,228,2.2,6.6,-4.3,
10-1,62,7.51,7.62,7.71,1.012,7.60,503,2.6,24.4,-21.7,
10-1,64,12.85,12.86,12.42,0.966,12.41,849,0.0,50.6,-50.5,
10-1,66,12.95,13.04,15.86,1.216,15.75,861,44.5,0.6,+43.9,
10-1,71,16.34,16.13,16.62,1.031,16.84,1064,17.5,54.0,-36.5,
10-1,71-1,15.88,16.13,16.62,1.031,16.37,1064,17.5,54.0,-36.5,
10-1,73,7.69,7.70,7.60,0.987,7.58,508,0.0,30.8,-30.7,
10-1,74,5.20,5.35,6.06,1.132,5.88,353,9.2,19.4,-10.2,
10-1,75,14.05,14.09,14.74,1.046,14.70,930,13.1,30.1,-17.0,
10-1,75-1,13.90,13.99,14.35,1.026,14.25,923,9.8,33.4,-23.6,
10-1,80,21.91,21.92,24.40,1.113,24.39,1447,41.0,54.5,-13.6,
10-1,81,14.28,14.28,14.81,1.037,14.81,942,17.5,40.1,-22.7,
10-1,82,5.28,5.30,6.15,1.159,6.12,350,15.5,6.1,+9.4,
10-1,83,8.84,8.85,9.78,1.105,9.77,584,11.5,37.1,-25.6,
10-1,84,6.93,6.95,7.78,1.120,7.76,459,9.1,30.8,-21.6,
10-1,85,15.40,15.43,16.08,1.042,16.05,1018,19.6,40.1,-20.6,
10-1,85-1,22.52,22.85,25.27,1.106,24.92,1508,40.5,54.9,-14.4,
10-1,86,21.22,21.54,23.94,1.111,23.58,1422,38.6,54.5,-15.8,
10-1,101,10.57,10.59,10.27,0.970,10.26,699,0.0,40.7,-40.6,
10-1,103,9.10,9.18,8.99,0.979,8.91,606,0.0,35.7,-35.6,
10-1,105-2,15.52,15.59,17.98,1.153,17.90,1029,42.6,13.8,+29.1,
10-1,129,11.47,11.53,11.95,1.037,11.89,761,8.1,28.7,-20.7,
10-1,132,13.46,13.61,16.13,1.185,15.95,898,42.6,7.0,+35.6,
10-1,135,12.59,12.34,12.88,1.044,13.14,815,14.8,8.2,+6.7,
10-1,140,8.96,8.84,9.58,1.083,9.71,583,17.3,15.9,+1.3,
10-1,140-1,8.96,8.84,9.58,1.083,9.71,583,17.3,15.9,+1.3,
10-1,140-2,8.96,8.84,9.58,1.083,9.71,583,17.3,15.9,+1.3,
10-1,142,11.19,11.31,13.36,1.182,13.23,746,34.1,5.4,+28.7,
10-1,143,5.70,5.64,5.85,1.039,5.92,372,6.4,5.0,+1.4,
10-1,152-1,15.31,15.09,15.89,1.053,16.12,996,14.0,52.7,-38.6,
10-1,153,14.71,14.75,15.55,1.054,15.51,974,13.7,50.7,-36.9,
10-1,200,12.14,12.22,12.55,1.027,12.47,807,8.1,30.6,-22.5,
10-1,201,13.25,13.25,13.66,1.031,13.66,874,9.7,30.8,-21.1,
10-1,203,12.56,12.56,13.18,1.049,13.18,829,6.9,35.5,-28.6,
10-1,207,9.72,10.02,10.79,1.077,10.47,661,11.1,31.7,-20.6,
10-1,220,9.11,9.20,10.19,1.108,10.10,607,15.4,32.0,-16.3,
10-1,221,10.00,11.41,12.56,1.101,11.01,753,18.2,33.8,-15.5,
10-1,222,9.87,9.88,10.95,1.109,10.94,652,16.8,33.8,-17.0,
10-1,223,11.76,12.07,13.04,1.080,12.70,797,22.1,33.2,-11.2,
10-1,300,19.08,19.27,23.26,1.207,23.02,1272,66.3,8.2,+58.2,
10-1,301,20.14,20.10,24.40,1.214,24.45,1327,71.0,8.2,+62.8,
10-1,302,22.70,22.90,28.63,1.250,28.38,1512,92.7,8.2,+84.4,
10-1,500,13.85,13.92,14.08,1.011,14.01,919,10.1,41.3,-31.1,
10-1,900,,5.39,6.11,1.134,6.11,356,13.9,6.8,+6.9,
10-1,901,,5.20,5.96,1.146,5.96,343,12.7,10.1,+2.6,
10-1,902,,4.63,5.30,1.146,5.30,305,12.6,5.9,+6.7,
10-1,903,,5.07,5.93,1.171,5.93,334,15.0,3.9,+11.0,
10-1,904,,4.74,5.64,1.190,5.64,313,15.0,3.3,+11.7,
10-1,905,,6.39,7.24,1.134,7.24,422,16.8,7.4,+9.3,
10-1,906,,5.73,6.64,1.158,6.64,378,14.7,12.4,+1.9,
10-1,915,,9.50,10.28,1.083,10.28,627,12.1,41.0,-28.5,
10-1,916,,10.64,11.49,1.080,11.49,702,14.0,42.3,-28.1,
10-1,917,,11.45,12.44,1.086,12.44,756,14.2,48.3,-34.0,
10-1,918,,6.63,8.12,1.224,8.12,438,24.0,5.5,+17.9,
10-1,919,6.45,6.45,7.28,1.129,7.28,425,12.1,20.1,-8.1,
10-1,921,,8.12,8.92,1.098,8.92,536,12.3,29.7,-17.5,
10-1,922,,8.65,9.60,1.109,9.60,571,14.2,27.0,-13.1,
10-1,923,,9.14,10.12,1.107,10.12,603,15.4,29.7,-14.3,
10-1,924,,9.11,9.98,1.095,9.98,601,14.2,30.7,-16.6,
10-1,925,,8.43,9.20,1.091,9.20,557,12.1,30.2,-18.1,
10-1,926,,8.89,9.59,1.078,9.59,587,12.1,31.9,-19.7,
10-1,931,,13.89,14.85,1.069,14.85,917,17.1,55.1,-38.1,
10-1,932,,13.74,14.65,1.066,14.65,907,15.0,52.7,-37.9,
10-1,933,,14.35,15.31,1.067,15.31,947,16.0,52.8,-36.8,
10-1,934,,14.43,15.43,1.069,15.43,952,16.5,52.8,-36.2,
10-1,935,,15.71,16.60,1.056,16.60,1037,16.3,56.1,-39.8,
10-1,942,13.84,13.95,15.22,1.091,15.10,921,20.5,39.7,-19.2,
10-1,946,,8.93,9.79,1.097,9.79,589,12.1,40.6,-28.6,
10-1,GATE,16.06,16.08,16.71,1.039,16.69,1061,11.9,61.8,-49.8,
11,1,4.30,4.38,4.40,1.004,4.31,289,1.4,17.4,-16.0,
11,2,2.80,2.81,2.79,0.996,2.79,185,0.0,13.8,-13.8,
11,3,3.20,3.22,3.17,0.983,3.15,213,0.1,12.0,-11.9,
11,4,3.48,3.57,3.54,0.993,3.45,235,0.5,16.0,-15.5,
11,5,2.39,2.52,2.45,0.971,2.33,167,0.0,9.5,-9.5,
11,6,1.42,1.42,1.38,0.968,1.38,94,0.1,2.7,-2.6,
11,7,1.06,1.34,1.25,0.932,0.99,88,0.0,2.7,-2.7,
11,8,1.69,1.91,1.83,0.953,1.61,126,0.0,3.3,-3.3,
11,9,0.66,0.65,0.65,1.000,0.66,43,0.0,0.0,-0.0,
11,10,0.50,0.50,0.50,1.000,0.50,33,0.0,0.0,-0.0,
11,10-1,0.40,0.40,0.40,1.000,0.40,27,0.0,0.0,-0.0,
11,12,0.68,0.68,0.68,1.000,0.68,45,0.0,0.0,+0.0,
11,13,1.16,1.24,1.34,1.083,1.25,82,1.8,0.0,+1.8,
11,14,1.08,1.08,1.12,1.032,1.12,71,0.7,0.0,+0.6,
11,15,6.94,6.94,6.66,0.959,6.65,458,0.0,31.3,-31.3,
11,15-1,7.61,8.74,8.53,0.976,7.43,577,3.2,34.8,-31.6,
11,16,8.78,8.88,8.55,0.963,8.45,586,1.4,35.3,-33.9,
11,16-1,8.15,8.16,7.74,0.949,7.74,538,0.0,35.1,-35.1,
11,17,7.77,7.77,8.54,1.099,8.54,513,9.2,31.1,-21.9,
11,18,7.52,7.81,8.47,1.084,8.15,516,12.9,3.1,+9.8,
11,19,8.32,8.44,9.02,1.068,8.88,557,12.9,4.9,+8.0,
11,20,3.42,3.74,4.28,1.143,3.91,247,9.4,0.6,+8.8,
11,21,6.19,6.43,6.62,1.029,6.37,425,5.5,2.5,+2.9,
11,22,6.65,6.76,7.42,1.098,7.30,446,6.6,16.2,-9.6,
11,24,7.80,8.04,7.96,0.990,7.72,531,1.7,28.4,-26.7,
11,25,7.69,7.78,8.40,1.080,8.31,513,4.9,28.8,-23.9,
11,25-1,8.62,8.71,9.31,1.069,9.22,575,4.9,29.2,-24.3,
11,26,7.72,7.80,8.45,1.082,8.35,515,4.9,26.7,-21.8,
11,27,8.38,8.55,9.20,1.077,9.02,564,5.4,26.9,-21.5,
11,28,8.69,8.84,9.41,1.064,9.24,583,5.3,23.6,-18.2,
11,29,10.88,11.11,13.63,1.226,13.34,734,40.1,2.9,+37.1,
11,30,8.43,8.55,8.93,1.044,8.81,564,6.2,14.4,-8.2,
11,31,8.75,8.78,9.35,1.065,9.31,580,7.2,20.3,-13.2,
11,32,12.39,12.48,13.28,1.064,13.19,824,13.9,23.7,-9.8,
11,32-1,11.17,12.42,13.22,1.065,11.89,820,13.9,23.7,-9.8,
11,33,9.74,9.84,10.50,1.067,10.39,650,10.8,14.2,-3.3,
11,34,8.92,9.15,9.77,1.068,9.53,604,13.4,8.4,+5.0,
11,35,6.65,6.74,7.32,1.086,7.22,445,11.4,3.0,+8.5,
11,36,9.50,9.59,10.26,1.070,10.17,633,14.3,11.1,+3.5,
11,37,9.67,9.84,10.50,1.067,10.31,650,10.8,14.2,-3.3,
11,38,11.17,11.26,11.80,1.048,11.70,743,14.3,12.4,+1.9,
11,39,11.91,11.28,12.08,1.070,12.74,745,17.5,5.7,+11.8,
11,40,11.97,13.01,13.96,1.073,12.84,859,21.1,12.3,+8.8,
11,43,6.54,6.62,6.81,1.028,6.72,437,5.5,2.5,+3.0,
11,43-1,7.51,7.60,7.88,1.037,7.79,501,7.4,5.7,+1.7,
11,43-2,7.22,7.30,7.54,1.032,7.45,482,6.2,8.2,-2.1,
11,44-1,9.57,9.66,10.31,1.067,10.21,638,14.4,5.0,+9.4,
11,49,7.54,7.54,8.50,1.128,8.50,497,13.1,20.6,-7.5,
11,50,7.26,7.26,8.11,1.117,8.11,479,9.5,27.8,-18.3,
11,51,8.55,8.56,9.22,1.077,9.20,565,9.6,28.9,-19.2,
11,52,8.47,8.47,9.09,1.074,9.10,559,9.6,25.3,-15.6,
11,52-1,9.08,9.08,10.05,1.108,10.05,599,15.6,27.3,-11.7,
11,52-2,9.68,9.68,10.43,1.078,10.43,639,11.2,28.1,-16.9,
11,53,7.16,7.16,8.10,1.132,8.10,472,12.8,20.7,-7.9,
11,54,6.04,6.12,6.97,1.138,6.88,404,10.8,20.2,-9.5,
11,55,6.31,6.31,7.15,1.134,7.15,416,10.7,20.2,-9.5,
11,56,5.84,6.06,6.52,1.077,6.28,400,6.5,9.0,-2.5,
11,57,12.13,12.15,13.31,1.095,13.29,802,16.6,41.5,-24.9,
11,57-1,11.15,11.15,12.14,1.089,12.14,736,16.8,31.9,-15.1,
11,58,12.21,12.20,13.04,1.069,13.04,806,11.9,42.8,-30.9,
11,59,11.30,11.31,12.54,1.109,12.53,746,16.6,40.1,-23.3,
11,59-1,12.23,12.23,13.48,1.103,13.48,807,16.6,46.5,-29.7,
11,61,1.52,1.60,1.53,0.956,1.45,105,0.2,2.2,-2.0,
11,62,5.77,5.95,5.98,1.006,5.80,392,1.6,20.9,-19.3,
11,64,11.85,11.85,11.32,0.956,11.32,782,0.0,48.2,-48.2,
11,66,13.59,13.74,16.62,1.210,16.44,907,45.5,0.6,+44.9,
11,71,16.77,16.56,17.65,1.066,17.88,1093,23.8,54.1,-30.3,
11,71-1,15.99,16.56,17.65,1.066,17.05,1093,23.8,54.1,-30.3,
11,73,6.69,6.69,6.50,0.972,6.50,441,0.0,28.4,-28.4,
11,74,5.25,5.38,6.07,1.128,5.92,355,9.3,15.8,-6.5,
11,75,12.34,12.47,13.16,1.056,13.03,823,12.2,23.8,-11.6,
11,75-1,12.19,12.37,12.77,1.032,12.58,816,8.9,27.1,-18.2,
11,80,21.96,21.96,24.42,1.112,24.42,1449,41.1,50.8,-9.9,
11,81,14.71,14.71,15.84,1.077,15.84,971,23.8,40.3,-16.5,
11,82,5.72,5.74,7.18,1.251,7.15,379,21.8,6.2,+15.6,
11,83,8.89,8.88,9.79,1.103,9.80,586,11.6,33.5,-21.9,
11,84,6.98,6.85,6.89,1.005,7.02,452,3.6,24.9,-21.4,
11,85,15.84,15.86,17.11,1.079,17.09,1047,25.9,40.3,-14.3,
11,85-1,22.57,22.88,25.29,1.105,24.95,1510,40.6,51.2,-10.7,
11,86,21.27,21.58,23.96,1.110,23.61,1424,38.8,50.8,-12.1,
11,101,9.57,9.57,9.17,0.959,9.17,632,0.0,38.2,-38.2,
11,103,8.10,8.17,7.89,0.966,7.82,539,0.0,33.2,-33.2,
11,105-2,15.84,16.03,18.39,1.148,18.18,1058,42.4,8.8,+33.9,
11,129,9.76,9.91,10.37,1.047,10.22,654,7.2,22.5,-15.2,
11,132,13.05,13.14,15.69,1.194,15.58,867,42.0,4.9,+37.2,
11,135,11.59,11.42,12.23,1.071,12.40,754,17.8,5.7,+12.1,
11,140,9.39,9.28,10.61,1.144,10.75,612,23.6,16.1,+7.5,
11,140-1,9.39,9.28,10.61,1.144,10.75,612,23.6,16.1,+7.5,
11,140-2,9.39,9.28,10.61,1.144,10.75,612,23.6,16.1,+7.5,
11,142,10.19,10.39,12.72,1.224,12.47,686,37.1,2.9,+34.2,
11,143,4.70,4.72,5.21,1.104,5.18,311,9.4,2.6,+6.8,
11,152-1,15.36,15.12,15.91,1.052,16.16,998,14.1,49.0,-34.9,
11,153,14.76,14.79,15.57,1.053,15.54,976,13.9,47.0,-33.2,
11,200,10.43,10.60,10.97,1.036,10.81,699,7.2,24.3,-17.1,
11,201,11.54,11.62,12.08,1.039,11.99,767,8.8,24.5,-15.7,
11,203,10.85,10.94,11.60,1.060,11.51,722,6.0,29.2,-23.2,
11,207,9.77,10.05,10.81,1.075,10.50,664,11.2,28.1,-16.9,
11,220,9.16,9.23,10.21,1.106,10.13,609,15.6,28.3,-12.7,
11,221,10.44,11.45,12.58,1.099,11.47,756,18.3,30.1,-11.8,
11,222,9.91,9.91,10.97,1.107,10.97,654,16.9,30.1,-13.3,
11,223,12.20,12.51,14.07,1.125,13.72,825,28.4,33.4,-5.0,
11,300,18.07,18.35,22.61,1.232,22.26,1211,69.3,5.7,+63.6,
11,301,19.13,19.18,23.75,1.238,23.69,1266,74.0,5.7,+68.2,
11,302,21.69,21.99,27.99,1.273,27.61,1451,95.6,5.7,+89.8,
11,500,12.28,12.36,12.82,1.037,12.73,816,6.0,33.8,-27.9,
11,900,,6.08,6.87,1.129,6.87,401,14.8,6.8,+7.9,
11,901,,5.89,6.71,1.140,6.71,389,13.6,10.1,+3.6,
11,902,,5.32,6.06,1.139,6.06,351,13.6,5.9,+7.7,
11,903,,5.76,6.69,1.161,6.69,380,15.9,3.9,+12.0,
11,904,,5.44,6.40,1.177,6.40,359,16.0,3.3,+12.7,
11,905,,7.08,8.00,1.129,8.00,468,17.8,7.4,+10.3,
11,906,,6.43,7.40,1.151,7.40,424,15.7,12.4,+2.9,
11,915,,10.19,11.04,1.083,11.04,673,13.1,41.0,-27.5,
11,916,,11.33,12.25,1.081,12.25,748,15.0,42.3,-27.1,
11,917,,12.15,13.20,1.086,13.20,802,15.1,48.3,-33.0,
11,918,,7.33,8.87,1.211,8.87,484,24.9,5.5,+18.9,
11,919,7.08,7.14,8.03,1.125,7.97,471,13.0,20.1,-7.1,
11,921,,8.82,9.68,1.097,9.68,582,13.2,29.7,-16.5,
11,922,,9.35,10.36,1.108,10.36,617,15.1,27.0,-12.1,
11,923,,9.84,10.88,1.106,10.88,649,16.4,29.7,-13.3,
11,924,,9.81,10.74,1.095,10.74,647,15.2,30.7,-15.6,
11,925,,9.13,9.96,1.091,9.96,603,13.0,30.2,-17.1,
11,926,,9.59,10.35,1.079,10.35,633,13.1,31.9,-18.7,
11,931,,14.59,15.61,1.070,15.61,963,18.0,55.1,-37.1,
11,932,,14.43,15.41,1.067,15.41,953,16.0,52.7,-36.9,
11,933,,15.04,16.06,1.068,16.06,993,16.9,52.8,-35.8,
11,934,,15.13,16.19,1.070,16.19,998,17.5,52.8,-35.2,
11,935,,16.41,17.36,1.058,17.36,1083,17.2,56.1,-38.8,
11,942,14.48,14.65,15.98,1.091,15.79,967,21.5,39.7,-18.2,
11,946,,9.63,10.55,1.096,10.55,635,13.0,40.6,-27.6,
11,GATE,16.00,15.99,15.27,0.955,15.28,1055,0.6,53.2,-52.7,
12,1,3.75,3.75,3.67,0.981,3.67,247,0.0,17.8,-17.8,
12,2,2.18,2.37,2.35,0.994,2.17,156,0.0,13.9,-13.8,
12,3,3.15,3.07,3.09,1.006,3.17,202,0.5,13.9,-13.3,
12,4,2.86,3.13,3.10,0.991,2.83,206,0.5,16.1,-15.5,
12,5,1.77,2.08,2.01,0.964,1.71,138,0.0,9.6,-9.5,
12,6,1.96,2.00,1.79,0.899,1.76,132,0.0,5.6,-5.5,
12,7,0.80,0.90,0.80,0.894,0.71,59,0.0,2.8,-2.7,
12,8,1.21,1.47,1.38,0.937,1.14,97,0.0,3.4,-3.3,
12,9,0.54,0.67,0.64,0.956,0.51,44,0.0,0.6,-0.5,
12,10,1.08,1.39,1.43,1.029,1.11,92,0.8,0.1,+0.7,
12,10-1,1.23,1.54,1.58,1.026,1.26,102,0.8,0.1,+0.7,
12,11,0.68,0.68,0.68,1.000,0.68,45,0.0,0.0,-0.0,
12,13,0.38,0.38,0.38,1.000,0.38,25,0.0,0.0,+0.0,
12,14,2.49,2.53,2.44,0.964,2.40,167,0.9,4.3,-3.3,
12,15,6.32,6.50,6.21,0.956,6.04,429,0.0,31.4,-31.3,
12,15-1,6.99,8.30,8.08,0.974,6.81,548,3.2,34.9,-31.6,
12,16,8.16,8.44,8.10,0.960,7.84,557,1.4,35.4,-33.9,
12,16-1,7.53,7.72,7.30,0.946,7.12,509,0.0,35.2,-35.1,
12,17,7.78,7.96,7.94,0.997,7.76,525,4.6,27.9,-23.2,
12,18,6.37,6.57,6.90,1.051,6.69,434,7.6,3.1,+4.5,
12,19,7.17,7.20,7.45,1.034,7.41,475,7.6,4.9,+2.7,
12,20,2.43,2.50,2.71,1.083,2.63,165,4.1,0.6,+3.5,
12,21,5.18,5.80,5.88,1.014,5.25,383,3.7,2.5,+1.2,
12,22,6.04,6.12,6.68,1.091,6.59,404,4.8,16.2,-11.4,
12,24,7.25,7.41,7.24,0.977,7.09,489,0.3,28.8,-28.5,
12,25,7.08,7.14,7.66,1.073,7.60,471,3.1,28.8,-25.7,
12,25-1,8.02,8.07,8.57,1.061,8.51,533,3.1,29.2,-26.1,
12,26,7.11,7.17,7.71,1.075,7.65,473,3.1,26.7,-23.6,
12,27,7.77,7.91,8.47,1.070,8.32,522,3.7,26.9,-23.3,
12,28,8.08,8.21,8.67,1.057,8.54,542,3.5,23.6,-20.0,
12,29,9.73,9.87,12.06,1.221,11.89,652,34.7,2.9,+31.8,
12,30,7.83,7.92,8.19,1.034,8.10,522,4.4,14.4,-10.0,
12,31,8.14,8.15,8.61,1.057,8.60,538,5.4,20.3,-14.9,
12,32,11.79,11.85,12.55,1.059,12.48,782,12.2,23.7,-11.6,
12,32-1,10.56,11.78,12.49,1.059,11.19,778,12.2,23.7,-11.6,
12,33,9.14,9.21,9.76,1.060,9.68,608,9.1,14.2,-5.1,
12,34,8.07,8.21,8.83,1.075,8.68,542,12.1,12.5,-0.4,
12,35,5.50,5.50,5.75,1.046,5.75,363,6.1,3.0,+3.1,
12,36,8.65,8.56,8.89,1.038,8.98,565,9.1,5.0,+4.1,
12,37,9.06,9.21,9.76,1.060,9.60,608,9.1,14.2,-5.1,
12,38,10.02,10.02,10.23,1.021,10.23,661,9.0,12.4,-3.4,
12,39,10.76,10.05,10.51,1.047,11.26,663,12.2,5.7,+6.4,
12,40,10.82,11.77,12.39,1.053,11.39,777,15.7,12.3,+3.4,
12,43,5.93,5.99,6.07,1.014,6.01,395,3.7,2.5,+1.2,
12,43-1,6.66,6.66,6.93,1.041,6.93,440,6.1,9.8,-3.6,
12,43-2,6.61,6.67,6.80,1.019,6.74,440,4.4,8.2,-3.8,
12,44-1,8.42,8.42,8.74,1.038,8.74,556,9.1,5.0,+4.0,
12,49,7.96,8.14,9.18,1.128,8.97,537,13.5,22.5,-8.8,
12,50,7.27,7.45,7.59,1.018,7.41,492,5.8,25.5,-19.6,
12,51,8.68,8.86,9.17,1.035,8.98,585,8.4,30.1,-21.6,
12,52,8.76,8.94,9.23,1.032,9.04,590,8.4,25.5,-17.0,
12,52-1,9.45,9.68,10.73,1.108,10.47,639,16.0,29.2,-13.0,
12,52-2,9.97,10.15,10.45,1.030,10.27,670,9.5,27.8,-18.2,
12,53,7.58,7.76,8.78,1.131,8.57,512,13.2,22.6,-9.3,
12,54,6.46,6.72,7.64,1.136,7.34,444,11.2,22.1,-10.9,
12,55,6.72,6.91,7.82,1.132,7.62,456,11.2,22.1,-10.9,
12,56,5.23,5.42,5.78,1.067,5.58,358,4.7,9.0,-4.3,
12,57,12.55,12.75,13.98,1.097,13.76,841,17.0,43.4,-26.3,
12,57-1,11.57,11.75,12.82,1.091,12.62,775,17.2,33.8,-16.5,
12,58,12.21,12.40,12.44,1.004,12.26,818,7.2,39.6,-32.2,
12,59,11.72,11.91,13.21,1.109,13.00,786,17.0,42.0,-24.6,
12,59-1,12.65,12.83,14.15,1.103,13.95,847,17.0,48.4,-31.0,
12,61,0.97,1.15,1.14,0.986,0.96,76,0.0,3.9,-3.9,
12,62,5.22,5.31,5.26,0.990,5.17,351,0.2,21.2,-21.1,
12,64,11.23,11.41,10.88,0.954,10.71,753,0.0,48.3,-48.2,
12,66,14.54,14.66,17.29,1.179,17.15,968,43.2,0.7,+42.3,
12,71,17.51,17.34,18.38,1.060,18.56,1144,24.7,56.5,-31.7,
12,71-1,16.00,17.34,18.38,1.060,16.96,1144,24.7,56.5,-31.7,
12,73,6.07,6.25,6.06,0.970,5.88,412,0.0,28.5,-28.4,
12,74,5.64,5.82,6.25,1.073,6.05,384,8.5,23.7,-15.3,
12,75,11.74,11.83,12.42,1.050,12.32,781,10.4,23.8,-13.3,
12,75-1,11.58,11.73,12.03,1.025,11.87,774,7.2,27.1,-19.9,
12,80,21.97,22.15,23.82,1.075,23.62,1462,36.4,47.6,-11.2,
12,81,15.45,15.49,16.57,1.070,16.53,1022,24.7,42.6,-17.9,
12,82,6.46,6.52,7.91,1.214,7.84,430,22.7,8.6,+14.2,
12,83,8.90,9.07,9.20,1.014,9.02,599,7.0,30.3,-23.2,
12,84,6.60,6.41,6.44,1.005,6.63,423,3.6,25.0,-21.4,
12,85,16.58,16.64,17.84,1.072,17.78,1098,26.8,42.6,-15.7,
12,85-1,22.58,23.07,24.69,1.070,24.17,1523,35.9,48.1,-12.0,
12,86,21.28,21.77,23.36,1.073,22.83,1437,34.1,47.6,-13.4,
12,101,8.95,9.13,8.73,0.956,8.56,603,0.0,38.3,-38.2,
12,103,7.48,7.73,7.45,0.963,7.20,510,0.0,33.3,-33.2,
12,105-2,14.69,14.79,16.83,1.138,16.72,976,37.1,8.8,+28.6,
12,129,9.16,9.27,9.63,1.039,9.51,612,5.4,22.5,-17.0,
12,132,11.90,11.90,14.12,1.186,14.12,785,36.7,4.9,+31.8,
12,135,10.44,10.18,10.66,1.047,10.93,672,12.4,5.7,+6.7,
12,140,10.13,10.05,11.34,1.128,11.43,663,24.5,18.4,+6.2,
12,140-1,10.13,10.05,11.34,1.128,11.43,663,24.5,18.4,+6.2,
12,140-2,10.13,10.05,11.34,1.128,11.43,663,24.5,18.4,+6.2,
12,142,9.04,9.15,11.15,1.218,11.01,604,31.8,2.9,+28.8,
12,143,3.55,3.48,3.64,1.046,3.71,230,4.1,2.6,+1.5,
12,152-1,15.37,15.31,15.31,1.000,15.37,1011,9.4,45.8,-36.3,
12,153,14.77,14.98,14.97,1.000,14.76,989,9.2,43.8,-34.5,
12,200,9.83,9.96,10.24,1.028,10.10,658,5.4,24.3,-18.9,
12,201,10.93,10.99,11.34,1.032,11.28,725,7.0,24.5,-17.4,
12,203,10.24,10.30,10.86,1.054,10.80,680,4.2,29.2,-25.0,
12,207,10.06,10.53,10.83,1.029,10.35,695,9.5,27.8,-18.2,
12,220,9.58,9.83,10.88,1.107,10.61,649,16.0,30.2,-14.0,
12,221,11.18,12.05,13.26,1.100,12.30,795,18.7,32.0,-13.2,
12,222,10.33,10.51,11.65,1.108,11.45,694,17.4,32.0,-14.6,
12,223,12.94,13.28,14.79,1.114,14.42,877,29.3,35.7,-6.4,
12,300,16.92,17.11,21.04,1.230,20.81,1129,64.0,5.7,+58.2,
12,301,17.99,17.94,22.18,1.236,22.23,1184,68.6,5.7,+62.9,
12,302,20.55,20.75,26.42,1.273,26.16,1369,90.3,5.7,+84.5,
12,500,11.67,11.73,12.08,1.030,12.02,774,4.2,33.8,-29.6,
12,900,,7.29,8.04,1.103,8.04,481,15.4,8.2,+7.1,
12,901,,7.10,7.88,1.111,7.88,468,14.2,11.5,+2.7,
12,902,,6.53,7.23,1.107,7.23,431,14.2,7.3,+6.9,
12,903,,6.97,7.86,1.127,7.86,460,16.5,5.3,+11.1,
12,904,,6.64,7.57,1.139,7.57,438,16.6,4.6,+11.9,
12,905,,8.29,9.16,1.106,9.16,547,18.3,8.8,+9.5,
12,906,,7.63,8.57,1.122,8.57,504,16.2,13.8,+2.1,
12,915,,11.39,12.21,1.071,12.21,752,13.6,42.4,-28.3,
12,916,,12.54,13.41,1.070,13.41,827,15.6,43.7,-28.0,
12,917,,13.35,14.36,1.075,14.36,881,15.7,49.7,-33.8,
12,918,,8.53,10.04,1.177,10.04,563,25.5,6.9,+18.1,
12,919,8.03,8.35,9.20,1.102,8.86,551,13.6,21.5,-7.9,
12,921,,10.02,10.84,1.082,10.84,662,13.8,31.1,-17.3,
12,922,,10.55,11.52,1.092,11.52,696,15.7,28.4,-12.9,
12,923,,11.04,12.04,1.091,12.04,729,16.9,31.1,-14.1,
12,924,,11.01,11.90,1.081,11.90,727,15.7,32.1,-16.4,
12,925,,10.33,11.12,1.076,11.12,682,13.6,31.5,-17.9,
12,926,,10.79,11.51,1.067,11.51,712,13.7,33.3,-19.5,
12,931,,15.79,16.78,1.062,16.78,1042,18.6,56.5,-37.9,
12,932,,15.64,16.57,1.060,16.57,1032,16.6,54.1,-37.7,
12,933,,16.24,17.23,1.061,17.23,1072,17.5,54.2,-36.6,
12,934,,16.33,17.35,1.062,17.35,1078,18.1,54.2,-36.0,
12,935,,17.61,18.52,1.052,18.52,1162,17.8,57.5,-39.6,
12,942,15.43,15.85,17.14,1.082,16.69,1046,22.1,41.1,-19.0,
12,946,,10.83,11.72,1.082,11.72,715,13.6,42.0,-28.4,
12,GATE,15.38,15.55,14.83,0.954,14.67,1026,0.6,53.3,-52.7,
13,1,2.35,2.57,2.67,1.040,2.44,170,0.0,15.7,-15.7,
13,2,2.41,2.60,2.67,1.027,2.48,172,0.0,15.6,-15.5,
13,3,3.38,3.30,3.41,1.032,3.49,218,0.5,15.6,-15.1,
13,4,3.08,3.36,3.42,1.017,3.14,222,0.5,17.8,-17.3,
13,5,2.00,2.32,2.33,1.004,2.01,153,0.0,11.3,-11.3,
13,6,2.32,2.51,2.33,0.926,2.15,166,0.0,7.3,-7.3,
13,7,1.01,1.32,1.29,0.979,0.99,87,0.0,3.8,-3.8,
13,8,1.51,1.91,1.86,0.978,1.48,126,0.0,8.0,-8.0,
13,9,0.97,1.24,1.14,0.926,0.89,82,0.0,2.3,-2.3,
13,10,2.50,2.55,2.65,1.041,2.60,168,2.5,2.4,+0.1,
13,10-1,2.65,2.70,2.81,1.039,2.76,178,2.5,2.4,+0.1,
13,11,1.16,1.24,1.16,0.937,1.08,82,0.0,1.8,-1.8,
13,12,0.38,0.38,0.38,1.000,0.38,25,0.0,0.0,-0.0,
13,14,2.86,3.05,2.97,0.975,2.79,201,0.9,6.0,-5.1,
13,15,6.55,6.73,6.53,0.970,6.35,444,0.0,33.0,-33.0,
13,15-1,7.22,8.53,8.40,0.985,7.11,563,3.2,36.6,-33.4,
13,16,8.39,8.67,8.42,0.971,8.15,572,1.4,37.0,-35.6,
13,16-1,7.76,7.95,7.62,0.958,7.44,525,0.0,36.9,-36.9,
13,17,8.01,8.19,8.26,1.008,8.07,541,4.6,29.6,-25.0,
13,18,4.77,4.97,5.12,1.031,4.91,328,4.4,2.9,+1.5,
13,19,5.56,5.60,5.67,1.012,5.63,369,4.4,4.7,-0.3,
13,20,0.83,0.90,0.93,1.033,0.86,59,0.9,0.4,+0.5,
13,21,3.57,3.85,3.87,1.005,3.59,254,2.4,2.3,-0.0,
13,22,4.15,4.18,4.67,1.119,4.64,276,3.5,16.0,-12.6,
13,24,5.68,5.75,6.18,1.075,6.10,379,1.8,29.1,-27.3,
13,25,5.19,5.19,5.65,1.087,5.65,343,1.8,28.6,-26.9,
13,25-1,6.12,6.13,6.56,1.070,6.56,404,1.8,29.0,-27.3,
13,26,5.22,5.22,5.70,1.091,5.70,345,1.8,26.5,-24.8,
13,27,5.88,5.96,6.45,1.082,6.36,394,2.3,26.7,-24.5,
13,28,6.19,6.26,6.66,1.064,6.58,413,2.2,23.4,-21.2,
13,29,8.13,8.27,10.28,1.243,10.10,546,31.5,2.7,+28.8,
13,30,5.94,5.97,6.18,1.035,6.14,394,3.1,14.2,-11.2,
13,31,6.25,6.20,6.60,1.065,6.65,409,4.1,20.2,-16.1,
13,32,9.90,9.90,10.54,1.064,10.53,653,10.8,23.6,-12.8,
13,32-1,8.67,9.84,10.47,1.065,9.23,649,10.8,23.6,-12.8,
13,33,7.25,7.26,7.75,1.067,7.73,479,7.7,14.0,-6.3,
13,34,6.43,6.56,7.02,1.069,6.87,433,10.3,8.2,+2.0,
13,35,3.89,3.89,3.97,1.020,3.97,257,2.9,2.8,+0.1,
13,36,7.01,6.96,7.10,1.021,7.15,459,5.9,4.8,+1.1,
13,37,7.17,7.26,7.75,1.067,7.65,479,7.7,14.0,-6.3,
13,38,8.41,8.41,8.45,1.004,8.45,555,5.8,12.2,-6.4,
13,39,9.15,8.44,8.73,1.034,9.47,557,9.0,5.5,+3.4,
13,40,9.22,10.17,10.61,1.044,9.62,671,12.5,12.1,+0.4,
13,43,4.04,4.04,4.06,1.005,4.06,267,2.4,2.3,+0.0,
13,43-1,5.01,5.02,5.13,1.022,5.13,331,4.3,5.5,-1.3,
13,43-2,4.72,4.72,4.79,1.014,4.79,312,3.1,8.1,-5.0,
13,44-1,6.82,6.82,6.96,1.021,6.96,450,5.9,4.9,+1.0,
13,49,8.18,8.37,9.50,1.135,9.29,553,13.5,24.2,-10.6,
13,50,7.50,7.69,7.91,1.029,7.72,508,5.8,27.2,-21.4,
13,51,8.90,9.09,9.49,1.044,9.29,600,8.4,31.7,-23.4,
13,52,8.99,9.18,9.55,1.041,9.35,606,8.4,27.2,-18.8,
13,52-1,9.67,9.91,11.05,1.114,10.78,654,16.0,30.9,-14.8,
13,52-2,10.20,10.38,10.77,1.037,10.58,685,9.5,29.5,-20.0,
13,53,7.81,7.99,9.10,1.138,8.88,528,13.2,24.3,-11.0,
13,54,6.69,6.96,7.96,1.144,7.65,459,11.2,23.8,-12.6,
13,55,6.95,7.14,8.14,1.140,7.93,471,11.2,23.8,-12.6,
13,56,3.34,3.48,3.77,1.085,3.62,229,3.4,8.8,-5.5,
13,57,12.78,12.98,14.30,1.101,14.07,857,17.0,45.1,-28.1,
13,57-1,11.79,11.98,13.14,1.096,12.93,791,17.2,35.5,-18.2,
13,58,12.44,12.63,12.76,1.010,12.57,834,7.2,41.2,-34.0,
13,59,11.95,12.14,13.53,1.114,13.31,801,17.0,43.6,-26.4,
13,59-1,12.87,13.06,14.47,1.108,14.27,862,17.0,50.1,-32.8,
13,61,0.74,1.14,1.13,0.986,0.73,76,0.0,3.9,-3.9,
13,62,3.82,4.14,4.26,1.029,3.93,273,0.2,19.2,-19.0,
13,64,11.41,11.63,11.32,0.974,11.11,768,0.6,49.0,-48.3,
13,66,13.29,13.38,16.43,1.227,16.32,883,49.3,8.9,+40.4,
13,71,17.84,17.82,18.30,1.027,18.32,1176,15.0,48.5,-33.5,
13,71-1,16.23,17.82,18.30,1.027,16.66,1176,15.0,48.5,-33.5,
13,73,6.29,6.48,6.38,0.984,6.19,428,0.0,30.1,-30.1,
13,74,5.87,6.05,6.57,1.085,6.36,400,8.5,25.3,-17.0,
13,75,9.85,9.89,10.41,1.053,10.37,652,9.1,23.6,-14.5,
13,75-1,9.69,9.79,10.02,1.024,9.92,646,5.8,26.9,-21.2,
13,80,22.20,22.38,24.14,1.078,23.94,1477,36.4,49.3,-13.0,
13,81,15.82,16.00,17.10,1.068,16.90,1056,24.7,44.3,-19.6,
13,82,6.82,7.03,8.44,1.200,8.19,464,22.7,10.2,+12.5,
13,83,9.12,9.31,9.52,1.023,9.33,614,7.0,32.0,-25.0,
13,84,6.83,6.65,6.76,1.017,6.95,439,3.6,26.7,-23.1,
13,85,16.94,17.16,18.37,1.071,18.14,1132,26.8,44.3,-17.5,
13,85-1,22.81,23.31,25.01,1.073,24.48,1538,36.0,49.7,-13.8,
13,86,21.50,22.01,23.68,1.076,23.14,1452,34.1,49.3,-15.2,
13,101,9.18,9.37,9.05,0.966,8.87,618,0.0,40.0,-40.0,
13,103,7.33,7.54,7.37,0.977,7.16,498,0.0,32.9,-32.9,
13,105-2,13.09,13.18,15.04,1.141,14.94,870,33.9,8.6,+25.6,
13,129,7.27,7.32,7.62,1.041,7.56,483,4.1,22.3,-18.2,
13,132,10.30,10.30,12.34,1.198,12.34,680,33.5,4.7,+28.8,
13,135,8.83,8.58,8.88,1.035,9.14,566,9.2,5.5,+3.7,
13,140,10.50,10.57,11.87,1.123,11.79,698,24.5,20.1,+4.4,
13,140-1,10.50,10.57,11.87,1.123,11.79,698,24.5,20.1,+4.4,
13,140-2,10.50,10.57,11.87,1.123,11.79,698,24.5,20.1,+4.4,
13,142,7.43,7.55,9.37,1.241,9.23,498,28.5,2.7,+25.8,
13,143,1.94,1.87,1.86,0.992,1.93,124,0.9,2.4,-1.5,
13,152-1,15.60,15.55,15.63,1.005,15.68,1026,9.4,47.5,-38.0,
13,153,15.00,15.21,15.29,1.005,15.07,1004,9.2,45.5,-36.3,
13,200,7.94,8.01,8.22,1.026,8.14,529,4.1,24.1,-20.1,
13,201,9.04,9.04,9.33,1.032,9.33,597,5.7,24.3,-18.6,
13,203,8.35,8.36,8.85,1.059,8.85,551,2.9,29.0,-26.2,
13,207,10.29,10.76,11.15,1.036,10.66,710,9.5,29.5,-20.0,
13,220,9.81,10.07,11.20,1.113,10.92,664,16.0,31.9,-15.8,
13,221,11.54,12.29,13.58,1.105,12.75,811,18.7,33.7,-15.0,
13,222,10.56,10.75,11.97,1.113,11.76,710,17.4,33.7,-16.4,
13,223,13.30,13.80,15.33,1.111,14.78,911,29.3,37.4,-8.2,
13,300,15.31,15.51,19.26,1.242,19.02,1023,60.7,5.5,+55.2,
13,301,16.38,16.34,20.40,1.249,20.45,1078,65.4,5.5,+59.9,
13,302,18.94,19.14,24.64,1.287,24.38,1263,87.1,5.5,+81.4,
13,500,9.78,9.78,10.07,1.029,10.07,646,2.9,33.7,-30.8,
13,900,,8.45,9.26,1.096,9.26,557,17.1,10.6,+6.4,
13,901,,8.25,9.10,1.103,9.10,545,15.9,13.9,+2.1,
13,902,,7.68,8.45,1.100,8.45,507,15.8,9.7,+6.2,
13,903,,8.13,9.08,1.117,9.08,536,18.2,7.6,+10.5,
13,904,,7.80,8.79,1.127,8.79,515,18.2,7.0,+11.2,
13,905,,9.30,11.08,1.192,11.08,613,23.9,15.1,+8.8,
13,906,,8.79,9.79,1.113,9.79,580,17.9,16.1,+1.4,
13,915,,12.55,13.43,1.070,13.43,829,15.3,44.7,-29.0,
13,916,,13.69,14.64,1.069,14.64,904,17.2,46.0,-28.6,
13,917,,14.51,15.58,1.074,15.58,958,17.4,52.0,-34.5,
13,918,,9.54,11.95,1.252,11.95,630,30.5,12.5,+17.5,
13,919,9.46,9.50,10.42,1.096,10.37,627,15.3,23.9,-8.6,
13,921,,11.18,12.07,1.079,12.07,738,15.5,33.5,-18.0,
13,922,,11.71,12.74,1.088,12.74,773,17.4,30.8,-13.6,
13,923,,12.20,13.27,1.087,13.27,805,18.6,33.5,-14.8,
13,924,,12.17,13.13,1.079,13.13,803,17.4,34.4,-17.0,
13,925,,11.49,12.35,1.074,12.35,759,15.3,33.9,-18.6,
13,926,,11.95,12.73,1.066,12.73,789,15.3,35.6,-20.2,
13,931,,16.95,18.00,1.062,18.00,1119,20.3,58.8,-38.6,
13,932,,16.79,17.79,1.060,17.79,1108,18.2,56.4,-38.3,
13,933,,17.40,18.45,1.060,18.45,1149,19.1,56.5,-37.3,
13,934,,17.49,18.57,1.062,18.57,1154,19.7,56.5,-36.7,
13,935,,18.77,19.74,1.052,19.74,1239,19.5,59.9,-40.3,
13,942,16.85,17.01,18.37,1.080,18.20,1123,23.7,43.4,-19.7,
13,946,,11.99,12.94,1.079,12.94,791,15.3,44.3,-29.1,
13,GATE,15.41,15.62,15.14,0.969,14.93,1031,1.2,53.5,-52.4,
14,1,4.04,4.14,4.23,1.022,4.13,273,2.1,15.6,-13.3,
14,2,2.70,2.73,2.68,0.982,2.65,180,0.1,7.8,-7.6,
14,3,1.32,1.37,1.35,0.982,1.30,91,0.0,7.3,-7.0,
14,4,2.08,2.20,2.17,0.988,2.05,145,0.0,7.3,-7.1,
14,5,0.68,0.74,0.69,0.927,0.63,49,0.0,3.1,-2.8,
14,6,0.42,0.51,0.51,1.000,0.42,34,0.0,0.0,-0.0,
14,7,0.84,0.86,0.86,1.000,0.84,57,0.0,0.0,-0.0,
14,8,1.97,1.96,2.00,1.022,2.01,129,1.2,5.5,-4.2,
14,9,0.48,0.40,0.41,1.004,0.48,27,0.0,0.0,+0.0,
14,10,0.51,0.51,0.51,1.000,0.51,34,0.0,0.0,-0.0,
14,10-1,0.99,1.00,1.10,1.091,1.08,66,1.6,0.0,+1.5,
14,11,1.08,1.08,1.05,0.970,1.05,71,0.0,0.7,-0.6,
14,12,2.49,2.53,2.73,1.081,2.70,167,4.3,0.9,+3.3,
14,13,2.86,3.05,3.36,1.104,3.15,201,6.0,0.9,+5.1,
14,15,5.99,6.07,6.89,1.135,6.79,401,9.1,29.8,-20.3,
14,15-1,6.78,7.42,8.15,1.098,7.45,490,9.1,34.7,-25.4,
14,16,7.33,7.42,8.19,1.103,8.09,490,9.1,36.3,-27.0,
14,16-1,7.18,7.35,7.03,0.956,6.87,485,0.0,29.1,-28.9,
14,17,5.89,5.92,6.72,1.135,6.68,391,9.1,26.3,-17.0,
14,18,9.39,9.59,10.63,1.108,10.41,633,18.4,5.2,+13.2,
14,19,10.19,10.22,11.18,1.093,11.14,675,18.4,7.1,+11.3,
14,20,5.10,5.40,5.87,1.086,5.54,357,9.1,3.3,+5.8,
14,21,7.90,8.05,8.55,1.062,8.39,531,10.9,4.7,+6.3,
14,22,7.10,7.13,7.16,1.004,7.13,471,2.2,8.6,-6.3,
14,24,7.56,7.75,7.58,0.978,7.40,511,0.1,20.8,-20.5,
14,25,8.08,8.11,8.08,0.997,8.05,535,2.0,19.9,-17.7,
14,25-1,9.01,9.04,8.99,0.995,8.96,596,2.0,20.4,-18.1,
14,26,8.11,8.14,8.13,0.999,8.10,537,2.0,17.9,-15.6,
14,27,8.76,8.88,8.89,1.001,8.77,586,2.6,18.1,-15.3,
14,28,9.07,9.17,9.18,1.001,9.08,605,2.4,14.7,-12.0,
14,29,12.75,12.89,15.79,1.224,15.62,851,45.5,5.1,+40.5,
14,30,9.78,9.82,10.06,1.025,10.02,648,6.2,11.1,-4.9,
14,31,9.52,9.50,9.50,1.000,9.52,627,3.9,11.0,-7.0,
14,32,13.16,13.20,13.43,1.018,13.40,871,10.6,14.4,-3.6,
14,32-1,11.94,13.13,13.37,1.018,12.15,867,10.6,14.4,-3.6,
14,33,11.09,11.11,11.63,1.047,11.61,733,10.9,10.9,-0.0,
14,34,10.54,10.57,11.09,1.049,11.05,698,10.8,10.9,-0.1,
14,35,8.52,8.52,9.48,1.113,9.48,562,16.9,5.1,+11.8,
14,36,11.12,11.12,11.70,1.051,11.69,734,14.0,7.4,+6.8,
14,37,11.02,11.11,11.63,1.047,11.53,733,10.9,10.9,-0.0,
14,38,12.53,12.53,13.35,1.065,13.35,827,15.6,11.0,+4.6,
14,39,13.67,12.96,13.97,1.078,14.74,855,21.5,6.3,+15.1,
14,40,13.73,14.33,15.60,1.088,14.95,946,23.1,11.0,+12.1,
14,43,8.06,8.06,8.11,1.006,8.11,532,5.0,4.6,+0.5,
14,43-1,8.99,8.99,9.15,1.018,9.15,593,7.0,4.6,+2.3,
14,43-2,8.57,8.57,8.67,1.011,8.67,566,6.2,5.0,+1.2,
14,44-1,11.38,11.42,12.00,1.051,11.96,754,14.5,6.6,+7.9,
14,49,5.66,5.69,6.68,1.175,6.65,375,13.0,15.8,-2.6,
14,50,5.38,5.41,6.29,1.163,6.26,357,9.4,23.0,-13.4,
14,51,6.67,6.71,7.40,1.102,7.35,443,9.5,24.2,-14.3,
14,52,6.59,6.62,7.27,1.099,7.24,437,9.5,20.5,-10.8,
14,52-1,7.20,7.23,8.23,1.139,8.20,477,15.4,22.6,-6.8,
14,52-2,7.80,7.83,8.61,1.100,8.58,517,11.1,23.3,-12.0,
14,53,5.28,5.31,6.28,1.183,6.25,350,12.6,15.9,-3.1,
14,54,4.16,4.27,5.15,1.205,5.01,282,10.6,15.5,-4.7,
14,55,4.43,4.46,5.33,1.195,5.29,294,10.6,15.5,-4.7,
14,56,6.96,7.00,7.06,1.009,7.02,462,4.3,3.6,+0.8,
14,57,10.25,10.30,11.49,1.115,11.43,680,16.5,36.8,-20.1,
14,57-1,9.27,9.30,10.32,1.110,10.29,613,16.7,27.1,-10.2,
14,58,10.33,10.35,11.22,1.084,11.19,683,11.8,38.0,-26.0,
14,59,9.42,9.46,10.72,1.133,10.68,624,16.5,35.3,-18.4,
14,59-1,10.35,10.38,11.66,1.124,11.63,685,16.5,41.8,-24.8,
14,61,2.45,2.51,2.60,1.036,2.54,166,2.0,5.5,-3.3,
14,62,5.68,5.80,5.90,1.017,5.78,383,2.6,16.0,-13.1,
14,64,11.02,11.05,10.62,0.961,10.59,729,0.0,42.2,-42.0,
14,66,13.54,13.63,16.60,1.218,16.49,900,46.9,0.6,+46.3,
14,71,14.22,14.19,15.08,1.063,15.12,936,19.0,50.2,-31.2,
14,71-1,13.77,14.19,15.08,1.063,14.64,936,19.0,50.2,-31.2,
14,73,5.86,5.89,5.80,0.985,5.77,389,0.0,22.4,-22.2,
14,74,3.37,3.53,4.25,1.204,4.05,233,9.2,11.0,-1.6,
14,75,13.11,13.18,13.31,1.010,13.24,870,8.9,14.4,-5.4,
14,75-1,12.96,13.08,12.91,0.987,12.79,863,5.6,17.8,-12.0,
14,80,20.08,20.11,22.60,1.124,22.57,1327,41.0,46.1,-5.0,
14,81,12.17,12.34,13.27,1.075,13.08,814,19.0,36.4,-17.4,
14,82,3.17,3.37,4.61,1.369,4.34,222,17.0,2.3,+14.7,
14,83,7.01,7.03,7.98,1.135,7.95,464,11.5,28.7,-17.0,
14,84,5.10,5.13,5.98,1.165,5.94,339,9.1,22.4,-13.1,
14,85,13.29,13.49,14.54,1.078,14.33,890,21.1,36.4,-15.2,
14,85-1,20.69,21.03,23.47,1.116,23.09,1388,40.5,46.5,-5.8,
14,86,19.39,19.73,22.14,1.122,21.76,1302,38.6,46.1,-7.2,
14,101,8.74,8.77,8.47,0.966,8.44,579,0.0,32.2,-32.0,
14,103,7.27,7.37,7.18,0.975,7.09,486,0.0,27.2,-27.0,
14,105-2,16.11,16.18,18.72,1.157,18.64,1068,45.0,13.8,+31.5,
14,129,10.53,10.62,10.52,0.990,10.43,701,3.9,13.1,-9.0,
14,132,14.05,14.20,16.87,1.188,16.69,937,45.0,7.0,+38.0,
14,135,13.40,13.10,14.12,1.078,14.45,864,21.7,6.4,+15.4,
14,140,6.85,6.90,8.04,1.165,7.98,456,18.8,12.2,+6.6,
14,140-1,6.85,6.90,8.04,1.165,7.98,456,18.8,12.2,+6.6,
14,140-2,6.85,6.90,8.04,1.165,7.98,456,18.8,12.2,+6.6,
14,142,12.06,12.17,14.88,1.222,14.74,803,42.5,5.1,+37.5,
14,143,6.57,6.50,7.37,1.134,7.45,429,14.9,4.7,+10.2,
14,152-1,13.48,13.27,14.09,1.062,14.31,876,14.0,44.2,-30.1,
14,153,12.88,12.94,13.75,1.063,13.69,854,13.8,42.3,-28.3,
14,200,11.15,11.29,11.30,1.001,11.16,745,3.1,20.4,-17.0,
14,201,12.31,12.34,12.23,0.991,12.20,814,5.5,15.2,-9.5,
14,203,11.24,11.27,11.28,1.001,11.25,744,3.1,20.4,-17.0,
14,207,7.89,8.20,8.99,1.095,8.64,541,11.1,23.3,-12.0,
14,220,7.28,7.38,8.39,1.137,8.28,487,15.4,23.6,-7.8,
14,221,7.89,9.60,10.76,1.121,8.84,634,18.2,25.3,-7.0,
14,222,8.03,8.06,9.15,1.135,9.12,532,16.8,25.4,-8.4,
14,223,9.65,10.13,11.50,1.135,10.95,669,23.6,29.5,-5.9,
14,300,19.83,20.02,24.50,1.224,24.27,1322,73.2,6.4,+66.9,
14,301,20.90,20.85,25.64,1.230,25.69,1376,77.9,6.3,+71.6,
14,302,23.46,23.66,29.88,1.263,29.62,1561,99.6,6.3,+93.1,
14,500,12.02,12.10,12.27,1.014,12.19,799,10.1,32.9,-22.6,
14,900,,5.94,7.17,1.208,7.17,392,18.9,6.6,+12.2,
14,901,,5.75,7.02,1.221,7.02,379,17.7,9.9,+7.9,
14,902,,5.18,6.36,1.229,6.36,342,17.7,5.7,+12.0,
14,903,,5.62,6.99,1.244,6.99,371,20.0,3.6,+16.3,
14,904,,5.29,6.70,1.266,6.70,349,20.1,3.0,+17.1,
14,905,,6.94,8.30,1.196,8.30,458,21.8,7.2,+14.6,
14,906,,6.29,7.70,1.225,7.70,415,19.7,12.1,+7.2,
14,915,,10.05,11.34,1.129,11.34,663,17.1,40.7,-23.2,
14,916,,11.19,12.55,1.122,12.55,738,19.1,42.1,-22.8,
14,917,,12.01,13.50,1.124,13.50,792,19.2,48.0,-28.7,
14,918,,7.18,9.18,1.277,9.18,474,29.0,5.2,+23.3,
14,919,6.83,7.00,8.34,1.191,8.13,462,17.1,19.9,-2.8,
14,921,,8.68,9.98,1.150,9.98,573,17.3,29.5,-12.2,
14,922,,9.20,10.66,1.158,10.66,607,19.2,26.8,-7.8,
14,923,,9.69,11.18,1.153,11.18,640,20.4,29.5,-9.0,
14,924,,9.67,11.04,1.142,11.04,638,19.2,30.5,-11.2,
14,925,,8.99,10.26,1.142,10.26,593,17.1,29.9,-12.8,
14,926,,9.44,10.65,1.128,10.65,623,17.2,31.6,-14.4,
14,931,,14.45,15.91,1.102,15.91,953,22.1,54.8,-32.8,
14,932,,14.29,15.71,1.099,15.71,943,20.1,52.5,-32.5,
14,933,,14.90,16.37,1.099,16.37,983,21.0,52.5,-31.5,
14,934,,14.98,16.49,1.100,16.49,989,21.6,52.5,-30.9,
14,935,,16.26,17.66,1.086,17.66,1073,21.3,55.9,-34.5,
14,942,14.22,14.50,16.28,1.123,15.96,957,25.6,39.4,-13.9,
14,946,,9.48,10.85,1.145,10.85,626,17.1,40.3,-23.3,
14,GATE,14.23,14.26,14.91,1.045,14.88,941,11.9,53.4,-41.3,
15,1,3.43,3.43,3.88,1.133,3.89,226,7.7,0.2,+7.5,
15,2,3.32,3.32,4.06,1.221,4.06,219,12.0,0.0,+12.0,
15,3,4.37,4.37,5.37,1.230,5.37,288,16.3,0.5,+15.7,
15,4,3.98,4.02,5.01,1.245,4.96,265,16.2,0.8,+15.4,
15,5,4.70,4.70,5.77,1.229,5.77,310,17.5,0.0,+17.5,
15,6,5.51,5.57,7.50,1.345,7.42,368,25.3,9.1,+15.9,
15,7,5.43,5.45,7.04,1.290,7.00,360,25.3,0.0,+25.0,
15,8,5.01,5.19,6.54,1.261,6.32,343,21.7,0.0,+21.7,
15,9,6.13,6.12,7.99,1.304,7.99,404,29.3,0.0,+29.3,
15,10,7.20,7.35,9.91,1.349,9.72,485,35.1,9.1,+25.8,
15,10-1,7.82,7.89,10.65,1.351,10.56,521,38.2,9.1,+28.8,
15,11,6.94,6.94,8.92,1.285,8.92,458,31.3,0.0,+31.3,
15,12,6.32,6.50,8.48,1.305,8.25,429,31.4,0.0,+31.3,
15,13,6.55,6.73,8.84,1.312,8.59,444,33.0,0.0,+33.0,
15,14,5.99,6.07,8.29,1.365,8.17,401,29.8,9.1,+20.3,
15,15-1,0.88,0.91,0.98,1.082,0.95,60,1.3,0.0,+1.3,
15,16,1.24,1.30,1.24,0.949,1.18,86,0.0,5.0,-4.9,
15,16-1,1.09,1.24,1.16,0.936,1.02,82,0.0,2.4,-2.4,
15,17,0.22,0.22,0.22,1.009,0.22,15,0.0,0.0,+0.0,
15,18,11.64,11.84,14.69,1.240,14.44,782,45.0,3.9,+41.1,
15,19,12.44,12.47,15.23,1.221,15.19,823,45.0,5.7,+39.3,
15,20,7.35,7.65,9.93,1.297,9.54,505,35.7,1.9,+33.8,
15,21,9.95,10.10,12.50,1.238,12.31,666,36.1,1.9,+34.2,
15,22,8.14,8.14,9.35,1.149,9.35,537,20.3,1.5,+18.8,
15,24,5.68,5.84,6.14,1.051,5.98,385,7.0,2.5,+4.5,
15,25,6.81,6.93,7.37,1.063,7.24,458,9.2,2.3,+6.9,
15,25-1,7.25,7.25,7.69,1.060,7.69,479,9.2,2.3,+6.9,
15,26,7.35,7.35,7.78,1.059,7.78,485,9.2,2.3,+6.9,
15,27,8.87,8.56,9.00,1.051,9.32,565,9.3,2.3,+7.0,
15,28,9.49,9.64,10.50,1.090,10.35,636,17.1,4.3,+12.8,
15,29,15.01,15.15,19.84,1.310,19.66,1000,72.1,3.7,+68.4,
15,30,11.06,11.09,12.55,1.131,12.51,732,24.8,1.8,+23.0,
15,31,10.55,10.50,11.69,1.113,11.75,693,22.0,3.9,+18.1,
15,32,12.84,12.84,14.14,1.101,14.14,847,23.7,2.3,+21.5,
15,32-1,12.77,12.78,14.08,1.102,14.06,843,23.8,2.3,+21.5,
15,33,12.37,12.38,14.12,1.141,14.11,817,29.7,1.8,+27.9,
15,34,11.84,11.84,13.59,1.147,13.59,782,29.7,1.8,+27.9,
15,35,10.70,10.70,13.36,1.249,13.36,706,40.4,1.9,+38.4,
15,36,13.08,13.09,15.49,1.183,15.48,864,39.7,5.2,+34.7,
15,37,12.29,12.38,14.13,1.141,14.02,817,29.7,1.8,+27.9,
15,38,13.80,13.80,15.84,1.148,15.84,911,34.5,1.9,+32.6,
15,39,15.63,14.92,17.76,1.191,18.61,985,47.2,4.1,+43.0,
15,40,15.60,15.60,18.09,1.160,18.09,1030,41.9,1.9,+40.0,
15,43,10.02,10.02,11.90,1.188,11.90,661,30.8,2.3,+28.4,
15,43-1,10.83,10.84,12.29,1.134,12.28,715,24.8,1.8,+23.0,
15,43-2,10.47,10.53,12.46,1.183,12.38,695,31.9,2.8,+29.2,
15,44-1,13.34,13.39,15.79,1.180,15.74,883,40.2,4.4,+35.8,
15,49,3.94,4.00,5.50,1.375,5.42,264,23.3,0.0,+22.9,
15,50,0.83,0.87,1.08,1.250,1.04,57,3.5,0.0,+3.3,
15,51,2.31,2.31,2.68,1.158,2.67,153,6.4,1.6,+4.5,
15,52,2.68,2.74,3.34,1.221,3.27,181,9.7,0.0,+9.5,
15,52-1,3.36,3.42,4.01,1.174,3.95,226,10.1,1.6,+8.3,
15,52-2,3.56,3.56,4.14,1.164,4.15,235,10.0,1.6,+8.1,
15,53,2.90,3.04,3.87,1.273,3.70,201,13.4,0.0,+13.2,
15,54,2.01,2.05,2.71,1.322,2.66,135,10.5,0.0,+10.3,
15,55,1.71,1.63,2.04,1.248,2.13,108,6.6,0.0,+6.4,
15,56,8.71,8.72,10.10,1.159,10.09,575,23.2,1.5,+21.6,
15,57,6.63,6.64,7.56,1.137,7.54,438,13.4,13.0,+0.2,
15,57-1,5.64,5.64,6.39,1.133,6.39,372,13.6,3.4,+10.1,
15,58,5.27,5.27,5.48,1.040,5.48,348,5.4,10.9,-5.7,
15,59,5.79,5.80,6.79,1.170,6.78,383,13.4,11.6,+1.9,
15,59-1,6.72,6.22,6.51,1.047,7.03,410,6.7,10.6,-4.1,
15,61,4.86,5.04,6.35,1.260,6.12,333,21.1,0.0,+21.1,
15,62,5.42,5.65,6.40,1.132,6.13,373,13.3,1.3,+11.9,
15,64,5.06,5.06,4.85,0.958,4.84,334,0.0,15.2,-15.2,
15,66,19.17,19.31,24.80,1.284,24.62,1275,79.8,4.4,+75.2,
15,71,10.67,10.46,11.02,1.053,11.24,690,13.2,18.1,-5.2,
15,71-1,9.05,10.46,11.02,1.053,9.54,690,13.2,18.1,-5.2,
15,73,1.14,1.16,1.17,1.003,1.14,77,0.1,0.0,+0.1,
15,74,1.91,1.97,2.67,1.355,2.59,130,11.1,0.0,+10.8,
15,75,12.79,12.83,14.01,1.092,13.97,846,22.0,2.3,+19.7,
15,75-1,12.63,12.73,13.62,1.070,13.52,840,18.8,5.7,+13.1,
15,80,15.02,15.02,16.86,1.122,16.86,991,34.6,19.0,+15.3,
15,81,10.47,10.53,11.47,1.089,11.41,695,19.1,10.3,+8.6,
15,82,3.35,3.41,5.53,1.624,5.44,225,27.3,0.0,+27.0,
15,83,1.95,1.85,1.78,0.964,1.88,122,0.0,5.0,-4.9,
15,84,0.46,0.48,0.48,1.000,0.46,32,0.0,0.0,+0.0,
15,85,11.60,11.68,12.74,1.091,12.65,771,21.3,10.3,+10.8,
15,85-1,15.64,15.94,17.73,1.112,17.39,1052,34.1,19.4,+14.5,
15,86,14.33,14.64,16.40,1.120,16.05,966,32.3,19.0,+13.1,
15,101,2.78,2.78,2.70,0.969,2.70,184,0.0,5.3,-5.3,
15,103,1.44,1.82,1.73,0.953,1.37,120,0.0,4.8,-4.9,
15,105-2,19.57,19.66,24.08,1.225,23.96,1298,72.1,7.2,+65.2,
15,129,10.67,10.74,11.47,1.067,11.39,709,14.2,2.3,+11.9,
15,132,17.17,17.17,21.91,1.276,21.91,1133,74.1,5.7,+68.4,
15,135,15.36,15.06,17.91,1.190,18.28,994,47.4,4.1,+43.3,
15,140,5.14,5.23,6.39,1.222,6.29,345,20.4,2.9,+17.7,
15,140-1,5.14,5.23,6.39,1.222,6.29,345,20.4,2.9,+17.7,
15,140-2,5.14,5.23,6.39,1.222,6.29,345,20.4,2.9,+17.7,
15,142,14.31,14.42,18.94,1.313,18.79,952,69.1,3.7,+65.4,
15,143,8.82,8.75,11.43,1.306,11.52,577,41.5,3.4,+38.1,
15,152-1,8.42,8.18,8.35,1.020,8.59,540,7.6,17.1,-9.8,
15,153,7.82,7.85,8.01,1.020,7.98,518,7.4,15.2,-8.0,
15,200,9.39,9.51,10.00,1.052,9.88,627,10.3,2.3,+8.0,
15,201,11.98,11.98,12.93,1.079,12.93,791,18.6,3.0,+15.6,
15,203,9.48,9.48,9.98,1.052,9.98,626,10.3,2.3,+8.0,
15,207,3.65,3.89,4.48,1.153,4.20,256,10.1,1.6,+8.3,
15,220,3.88,4.00,4.93,1.231,4.77,264,15.8,3.2,+12.5,
15,221,5.98,6.22,7.30,1.174,7.02,411,18.5,5.0,+13.3,
15,222,4.41,4.41,5.22,1.185,5.22,291,13.7,1.6,+11.9,
15,223,8.69,8.78,10.30,1.174,10.20,579,25.8,5.4,+20.1,
15,300,21.79,21.99,28.29,1.287,28.05,1451,99.0,4.1,+94.8,
15,301,22.86,22.82,29.43,1.290,29.49,1506,103.6,4.1,+99.5,
15,302,25.42,25.62,33.67,1.314,33.41,1691,125.3,4.1,+121.1,
15,500,9.74,9.79,10.58,1.081,10.53,646,17.2,13.0,+4.1,
15,900,,10.55,13.97,1.324,13.97,696,48.5,10.0,+38.3,
15,901,,10.36,13.82,1.334,13.82,684,47.3,13.3,+33.9,
15,902,,9.79,13.16,1.345,13.16,646,47.3,9.1,+38.0,
15,903,,10.23,13.79,1.348,13.79,675,49.6,7.0,+42.3,
15,904,,9.91,13.51,1.363,13.51,654,49.7,6.4,+43.1,
15,905,,11.55,15.10,1.307,15.10,762,51.5,10.6,+40.7,
15,906,,10.90,14.50,1.331,14.50,719,49.4,15.5,+33.3,
15,915,,14.66,18.14,1.238,18.14,967,46.8,44.1,+2.8,
15,916,,15.80,19.35,1.225,19.35,1043,48.7,45.5,+3.2,
15,917,,16.62,20.30,1.222,20.30,1097,48.8,51.4,-2.6,
15,918,,11.79,15.98,1.355,15.98,778,58.6,8.6,+49.3,
15,919,11.55,11.61,15.14,1.304,15.06,766,46.8,23.3,+23.3,
15,921,,13.29,16.78,1.263,16.78,877,46.9,32.9,+13.9,
15,922,,13.81,17.46,1.264,17.46,912,48.8,30.2,+18.3,
15,923,,14.30,17.98,1.257,17.98,944,50.1,32.9,+17.1,
15,924,,14.28,17.84,1.250,17.84,942,48.9,33.9,+14.8,
15,925,,13.60,17.06,1.255,17.06,897,46.8,33.3,+13.2,
15,926,,14.05,17.45,1.242,17.45,928,46.8,35.0,+11.7,
15,931,,19.06,22.72,1.192,22.72,1258,51.7,58.3,-6.7,
15,932,,18.90,22.51,1.191,22.51,1247,49.7,55.9,-6.5,
15,933,,19.51,23.17,1.188,23.17,1288,50.6,55.9,-5.4,
15,934,,19.60,23.29,1.189,23.29,1293,51.2,55.9,-4.8,
15,935,,20.88,24.46,1.172,24.46,1378,51.0,59.3,-8.4,
15,942,18.95,19.11,23.08,1.208,22.88,1262,55.2,42.8,+12.2,
15,946,,14.09,17.65,1.253,17.65,930,46.8,43.7,+2.8,
15,GATE,9.17,9.18,9.17,0.999,9.17,606,5.6,26.3,-21.0,
15-1,1,4.10,5.23,5.79,1.107,4.54,345,11.3,3.3,+7.9,
15-1,2,4.00,5.12,5.96,1.163,4.65,338,15.6,3.2,+12.4,
15-1,3,5.04,6.05,8.11,1.341,6.76,399,27.5,9.1,+18.4,
15-1,4,4.65,5.82,6.91,1.187,5.52,384,19.7,4.0,+15.8,
15-1,5,5.37,6.50,7.67,1.181,6.34,429,21.1,3.2,+17.9,
15-1,6,6.31,6.92,9.15,1.322,8.34,457,30.3,9.1,+21.1,
15-1,7,6.10,7.25,8.94,1.232,7.52,479,28.8,3.2,+25.4,
15-1,8,5.68,6.99,8.45,1.208,6.87,461,25.3,3.2,+22.1,
15-1,9,6.80,7.92,9.89,1.248,8.48,523,32.8,3.2,+29.6,
15-1,10,8.00,8.70,11.57,1.329,10.64,574,40.1,9.1,+30.9,
15-1,10-1,8.61,9.24,12.31,1.332,11.47,610,43.2,9.1,+34.0,
15-1,11,7.61,8.74,10.82,1.238,9.42,577,34.8,3.2,+31.6,
15-1,12,6.99,8.30,10.38,1.251,8.75,548,34.9,3.2,+31.6,
15-1,13,7.22,8.53,10.74,1.258,9.08,563,36.6,3.2,+33.4,
15-1,14,6.78,7.42,9.95,1.340,9.09,490,34.7,9.1,+25.4,
15-1,15,0.88,0.91,0.85,0.935,0.82,60,0.0,1.3,-1.3,
15-1,16,0.81,1.45,1.43,0.985,0.80,96,0.8,2.3,-1.5,
15-1,16-1,0.65,1.10,0.97,0.885,0.58,72,0.0,3.7,-3.7,
15-1,17,1.73,1.00,1.06,1.067,1.85,66,1.2,0.0,+1.2,
15-1,18,12.31,13.64,16.59,1.216,14.98,900,48.5,7.0,+41.5,
15-1,19,13.11,14.27,17.14,1.201,15.74,942,48.5,8.9,+39.7,
15-1,20,8.03,9.45,11.83,1.251,10.04,624,39.2,5.1,+34.1,
15-1,21,10.62,11.90,14.40,1.211,12.85,785,39.6,5.0,+34.6,
15-1,22,8.81,9.94,11.25,1.132,9.98,656,23.9,4.7,+19.2,
15-1,24,6.36,7.64,8.04,1.053,6.69,504,10.6,5.6,+4.9,
15-1,25,7.49,8.73,9.27,1.061,7.95,576,12.7,5.4,+7.3,
15-1,25-1,7.92,9.05,9.59,1.059,8.39,597,12.7,5.4,+7.3,
15-1,26,8.02,9.15,9.68,1.059,8.49,604,12.7,5.4,+7.3,
15-1,27,9.54,10.36,10.90,1.052,10.03,684,12.8,5.5,+7.3,
15-1,28,10.16,11.44,12.40,1.085,11.03,755,20.6,7.4,+13.2,
15-1,29,15.68,16.95,21.75,1.283,20.12,1118,75.7,6.9,+68.8,
15-1,30,11.73,12.89,14.45,1.121,13.15,851,28.3,4.9,+23.4,
15-1,31,11.23,12.30,13.60,1.105,12.40,812,25.6,7.1,+18.5,
15-1,32,13.51,14.58,16.45,1.128,15.24,962,36.1,14.3,+21.8,
15-1,32-1,13.44,14.52,16.39,1.129,15.17,958,36.2,14.3,+21.8,
15-1,33,13.04,14.18,16.03,1.130,14.74,936,33.2,4.9,+28.3,
15-1,34,12.52,13.64,15.49,1.135,14.21,900,33.2,4.9,+28.2,
15-1,35,11.37,12.50,15.26,1.221,13.89,825,43.9,5.0,+38.8,
15-1,36,13.75,14.89,17.39,1.168,16.06,982,43.3,8.4,+35.1,
15-1,37,12.96,14.18,16.03,1.130,14.65,936,33.2,4.9,+28.3,
15-1,38,14.48,15.60,17.74,1.137,16.46,1030,38.0,5.1,+33.0,
15-1,39,16.30,16.72,19.66,1.176,19.17,1103,50.7,7.3,+43.4,
15-1,40,16.27,17.40,19.99,1.149,18.70,1148,45.5,5.1,+40.4,
15-1,43,10.70,11.82,13.80,1.168,12.49,780,34.3,5.5,+28.8,
15-1,43-1,11.50,12.64,14.19,1.123,12.92,834,28.3,5.0,+23.3,
15-1,43-2,11.14,12.33,14.36,1.164,12.97,814,35.5,5.9,+29.6,
15-1,44-1,14.01,15.19,17.70,1.165,16.33,1002,43.8,7.5,+36.2,
15-1,49,6.09,5.35,7.16,1.337,8.14,353,28.2,0.0,+28.0,
15-1,50,2.98,2.22,2.74,1.234,3.68,147,8.4,0.0,+8.4,
15-1,51,4.40,3.66,4.33,1.182,5.20,242,11.3,1.6,+9.7,
15-1,52,4.83,4.09,5.00,1.222,5.90,270,14.7,0.0,+14.7,
15-1,52-1,5.48,4.77,5.67,1.188,6.51,315,15.0,1.6,+13.4,
15-1,52-2,5.65,4.91,5.80,1.181,6.67,324,14.9,1.6,+13.3,
15-1,53,5.05,4.39,5.53,1.258,6.35,290,18.3,0.0,+18.3,
15-1,54,4.16,3.40,4.37,1.283,5.34,225,15.5,0.0,+15.5,
15-1,55,3.85,2.98,3.69,1.237,4.77,197,11.5,0.0,+11.5,
15-1,56,9.38,10.52,12.00,1.141,10.70,694,26.8,4.7,+22.0,
15-1,57,8.72,8.00,9.21,1.152,10.04,528,18.4,13.0,+5.4,
15-1,57-1,7.73,6.99,8.05,1.151,8.90,462,18.6,3.4,+15.2,
15-1,58,6.00,6.62,7.14,1.078,6.46,437,10.3,10.9,-0.6,
15-1,59,7.88,7.15,8.44,1.180,9.31,472,18.4,11.6,+7.0,
15-1,59-1,8.81,7.57,8.17,1.078,9.50,500,11.6,10.6,+1.0,
15-1,61,5.53,6.84,8.25,1.206,6.67,452,24.7,3.2,+21.5,
15-1,62,6.09,7.45,8.30,1.114,6.78,492,16.8,4.5,+12.3,
15-1,64,4.63,4.91,4.65,0.947,4.39,324,0.0,16.5,-16.5,
15-1,66,20.84,20.67,26.46,1.280,26.69,1364,84.8,4.4,+80.4,
15-1,71,12.68,11.81,12.67,1.073,13.60,780,18.1,18.1,-0.0,
15-1,71-1,11.06,11.81,12.67,1.073,11.87,780,18.1,18.1,-0.0,
15-1,73,1.42,2.83,2.90,1.025,1.45,187,3.1,3.2,-0.1,경로 다름
15-1,74,4.05,3.32,4.33,1.302,5.27,219,16.0,0.0,+16.0,
15-1,75,13.46,14.57,16.33,1.121,15.09,961,34.4,14.3,+20.1,
15-1,75-1,13.30,14.47,15.94,1.101,14.65,955,31.2,17.7,+13.5,
15-1,80,17.03,16.37,18.51,1.131,19.26,1081,39.5,19.0,+20.4,
15-1,81,12.62,11.88,13.13,1.105,13.94,784,24.1,10.3,+13.8,
15-1,82,5.50,4.76,7.19,1.510,8.30,314,32.2,0.0,+32.2,
15-1,83,4.04,2.00,1.97,0.990,4.00,132,0.8,2.3,-1.5,경로 다름
15-1,84,1.96,1.93,2.32,1.200,2.35,128,6.4,0.0,+6.4,
15-1,85,13.74,13.03,14.40,1.105,15.18,860,26.2,10.3,+15.9,
15-1,85-1,17.65,17.30,19.39,1.121,19.78,1142,39.0,19.4,+19.6,
15-1,86,16.34,16.00,18.06,1.129,18.44,1056,37.2,19.0,+18.2,
15-1,101,2.10,2.64,2.50,0.950,1.99,174,0.0,6.6,-6.6,
15-1,103,1.33,1.67,1.54,0.921,1.22,110,0.0,6.1,-6.1,
15-1,105-2,20.24,21.46,25.98,1.211,24.50,1416,75.7,10.3,+65.6,
15-1,129,11.34,12.49,13.79,1.104,12.52,824,26.6,14.3,+12.3,
15-1,132,17.85,18.97,23.81,1.255,22.39,1252,77.7,8.8,+68.8,
15-1,135,16.04,16.86,19.81,1.175,18.85,1113,51.0,7.3,+43.7,
15-1,140,7.29,6.58,8.05,1.223,8.92,434,25.4,2.9,+22.8,
15-1,140-1,7.29,6.58,8.05,1.223,8.92,434,25.4,2.9,+22.8,
15-1,140-2,7.29,6.58,8.05,1.223,8.92,434,25.4,2.9,+22.8,
15-1,142,14.98,16.22,20.84,1.285,19.24,1071,72.7,6.9,+65.8,
15-1,143,9.49,10.55,13.33,1.263,11.99,696,45.0,6.5,+38.5,
15-1,152-1,10.43,9.54,10.01,1.049,10.94,629,12.5,17.1,-4.6,
15-1,153,9.83,9.20,9.67,1.050,10.32,607,12.3,15.2,-2.9,
15-1,200,10.07,11.25,12.32,1.095,11.02,742,22.7,14.3,+8.4,
15-1,201,12.65,13.73,15.25,1.111,14.06,906,31.0,15.1,+16.0,
15-1,203,10.15,11.00,12.06,1.096,11.13,726,22.5,14.3,+8.2,
15-1,207,5.73,5.24,6.14,1.171,6.72,346,15.0,1.6,+13.4,
15-1,220,6.02,5.36,6.59,1.230,7.41,353,20.8,3.2,+17.6,
15-1,221,8.13,7.57,8.96,1.183,9.61,500,23.5,5.0,+18.5,
15-1,222,6.50,5.76,6.88,1.194,7.76,380,18.7,1.6,+17.0,
15-1,223,10.84,10.13,11.96,1.180,12.79,669,30.8,5.4,+25.3,
15-1,300,22.46,23.79,30.19,1.269,28.52,1570,102.5,7.3,+95.2,
15-1,301,23.53,24.62,31.33,1.273,29.95,1625,107.2,7.3,+99.9,
15-1,302,26.09,27.42,35.57,1.297,33.85,1810,128.8,7.3,+121.4,
15-1,500,9.32,9.65,10.39,1.077,10.03,637,17.2,14.3,+2.8,
15-1,900,,11.90,15.63,1.313,15.63,786,53.5,10.0,+43.4,
15-1,901,,11.71,15.47,1.321,15.47,773,52.3,13.3,+39.1,
15-1,902,,11.14,14.82,1.330,14.82,735,52.3,9.1,+43.2,
15-1,903,,11.58,15.45,1.334,15.45,765,54.6,7.0,+47.5,
15-1,904,,11.26,15.16,1.347,15.16,743,54.6,6.4,+48.2,
15-1,905,,12.90,16.76,1.299,16.76,852,56.4,10.6,+45.8,
15-1,906,,12.25,16.16,1.319,16.16,809,54.3,15.5,+38.4,
15-1,915,,16.01,19.80,1.237,19.80,1057,51.7,44.1,+8.0,
15-1,916,,17.15,21.01,1.225,21.01,1132,53.6,45.5,+8.4,
15-1,917,,17.97,21.96,1.222,21.96,1186,53.8,51.4,+2.5,
15-1,918,,13.15,17.63,1.341,17.63,868,63.6,8.6,+54.4,
15-1,919,13.70,12.96,16.79,1.296,17.75,856,51.7,23.3,+28.4,
15-1,921,,14.64,18.44,1.259,18.44,966,51.9,32.9,+19.0,
15-1,922,,15.17,19.12,1.260,19.12,1001,53.8,30.2,+23.4,
15-1,923,,15.66,19.64,1.254,19.64,1033,55.0,32.9,+22.2,
15-1,924,,15.63,19.50,1.248,19.50,1032,53.8,33.9,+19.9,
15-1,925,,14.95,18.72,1.252,18.72,987,51.7,33.3,+18.4,
15-1,926,,15.41,19.11,1.240,19.11,1017,51.8,35.0,+16.8,
15-1,931,,20.41,24.37,1.194,24.37,1347,56.7,58.3,-1.6,
15-1,932,,20.25,24.17,1.193,24.17,1337,54.7,55.9,-1.4,
15-1,933,,20.86,24.82,1.190,24.82,1377,55.6,55.9,-0.3,
15-1,934,,20.95,24.95,1.191,24.95,1383,56.1,55.9,+0.3,
15-1,935,,22.23,26.12,1.175,26.12,1467,55.9,59.3,-3.3,
15-1,942,21.09,20.47,24.74,1.209,25.50,1351,60.2,42.8,+17.3,
15-1,946,,15.45,19.31,1.250,19.31,1019,51.7,43.8,+7.9,
15-1,GATE,8.79,9.06,8.61,0.950,8.35,598,0.6,21.6,-21.0,
16,1,5.27,5.37,5.98,1.115,5.88,354,11.7,1.6,+10.1,
16,2,5.17,5.26,6.16,1.170,6.05,347,16.0,1.4,+14.6,
16,3,5.87,6.05,8.21,1.358,7.97,399,29.0,9.1,+19.9,
16,4,5.82,5.96,7.11,1.193,6.94,393,20.2,2.2,+18.0,
16,5,6.46,6.52,8.69,1.332,8.60,430,29.0,9.1,+19.9,
16,6,6.86,6.92,9.26,1.337,9.17,457,31.8,9.1,+22.6,
16,7,7.27,7.39,9.14,1.236,8.99,488,29.3,1.4,+27.6,
16,8,6.85,7.13,8.64,1.213,8.31,470,25.7,1.4,+24.3,
16,9,7.97,8.06,10.09,1.251,9.97,532,33.3,1.4,+31.9,
16,10,8.55,8.70,11.67,1.341,11.47,574,41.6,9.1,+32.4,
16,10-1,9.16,9.24,12.41,1.344,12.31,610,44.7,9.1,+35.5,
16,11,8.78,8.88,11.02,1.241,10.90,586,35.3,1.4,+33.9,
16,12,8.16,8.44,10.58,1.254,10.24,557,35.4,1.4,+33.9,
16,13,8.39,8.67,10.94,1.261,10.58,572,37.0,1.4,+35.6,
16,14,7.33,7.42,10.05,1.354,9.93,490,36.3,9.1,+27.0,
16,15,1.24,1.30,1.61,1.236,1.53,86,5.0,0.0,+4.9,
16,15-1,0.81,1.45,1.55,1.067,0.87,96,2.3,0.8,+1.5,
16,16-1,0.20,0.20,0.20,1.000,0.20,13,0.0,0.0,+0.0,
16,17,0.93,1.00,1.16,1.165,1.09,66,2.8,0.0,+2.7,
16,18,13.48,13.78,16.79,1.218,16.43,910,49.0,5.3,+43.7,
16,19,14.28,14.41,17.33,1.203,17.18,951,49.0,7.2,+41.9,
16,20,9.20,9.59,12.03,1.254,11.53,633,39.7,3.4,+36.4,
16,21,11.79,12.04,14.60,1.213,14.30,794,40.1,3.3,+36.8,
16,22,9.98,10.08,11.45,1.136,11.35,665,24.3,3.0,+21.4,
16,24,7.50,7.78,8.24,1.059,7.94,513,11.0,3.9,+7.1,
16,25,8.66,8.87,9.47,1.067,9.24,586,13.2,3.7,+9.5,
16,25-1,9.05,9.19,9.79,1.065,9.64,607,13.2,3.7,+9.5,
16,26,9.19,9.29,9.88,1.064,9.78,613,13.2,3.7,+9.5,
16,27,10.71,10.50,11.10,1.057,11.32,693,13.3,3.7,+9.6,
16,28,11.34,11.57,12.60,1.089,12.34,764,21.0,5.7,+15.4,
16,29,16.85,17.08,21.94,1.285,21.64,1127,76.1,5.2,+71.0,
16,30,12.90,13.03,14.65,1.124,14.50,860,28.8,3.2,+25.6,
16,31,12.40,12.44,13.79,1.109,13.74,821,26.0,5.4,+20.7,
16,32,14.25,14.41,16.40,1.138,16.21,951,36.1,7.9,+28.3,
16,32-1,14.17,14.35,16.34,1.139,16.14,947,36.2,7.9,+28.3,
16,33,14.21,14.32,16.23,1.133,16.10,945,33.7,3.2,+30.5,
16,34,13.69,13.78,15.69,1.138,15.58,910,33.7,3.2,+30.5,
16,35,12.54,12.64,15.46,1.224,15.35,834,44.4,3.3,+41.0,
16,36,14.92,15.02,17.59,1.171,17.47,992,43.7,6.7,+37.3,
16,37,14.14,14.32,16.23,1.133,16.02,945,33.7,3.2,+30.5,
16,38,15.65,15.74,17.94,1.140,17.83,1039,38.5,3.3,+35.2,
16,39,17.47,16.86,19.86,1.178,20.59,1112,51.2,5.6,+45.6,
16,40,17.44,17.54,20.19,1.151,20.08,1158,45.9,3.3,+42.6,
16,43,11.87,11.96,14.00,1.171,13.89,789,34.8,3.8,+31.0,
16,43-1,12.67,12.78,14.39,1.126,14.28,843,28.8,3.3,+25.6,
16,43-2,12.31,12.47,14.56,1.167,14.37,823,35.9,4.2,+31.8,
16,44-1,15.18,15.32,17.89,1.168,17.73,1011,44.2,5.8,+38.4,
16,49,5.29,5.32,6.77,1.273,6.73,351,22.6,0.0,+22.5,
16,50,2.18,2.22,2.84,1.282,2.79,146,10.0,0.0,+9.9,
16,51,2.38,2.29,2.80,1.222,2.91,151,8.0,0.0,+8.0,
16,52,3.22,3.19,3.82,1.200,3.87,210,10.0,0.0,+10.0,
16,52-1,3.16,3.10,3.74,1.205,3.81,205,10.0,0.0,+10.0,
16,52-2,3.33,3.24,3.87,1.193,3.98,214,9.9,0.0,+9.8,
16,53,4.25,4.39,5.63,1.282,5.45,290,19.9,0.0,+19.8,
16,54,3.36,3.40,4.47,1.314,4.41,225,17.0,0.0,+17.0,
16,55,3.05,2.98,3.80,1.272,3.88,197,13.0,0.0,+13.0,
16,56,10.55,10.66,12.20,1.145,12.08,703,27.2,3.0,+24.2,
16,57,4.56,4.57,4.88,1.069,4.87,302,7.2,4.1,+3.2,
16,57-1,4.32,4.32,4.72,1.091,4.71,285,7.5,2.6,+4.8,
16,58,1.78,1.77,1.71,0.967,1.72,117,0.1,2.9,-2.8,
16,59,3.57,2.72,2.74,1.007,3.60,180,1.4,2.6,-1.2,
16,59-1,3.74,2.72,2.74,1.007,3.76,180,1.4,2.6,-1.2,
16,61,6.70,6.98,8.45,1.211,8.11,461,25.1,1.4,+23.7,
16,62,7.26,7.59,8.50,1.120,8.13,501,17.3,2.8,+14.5,
16,64,3.31,2.60,2.64,1.014,3.36,172,0.6,9.0,-8.4,
16,66,20.51,20.67,26.56,1.285,26.37,1364,86.3,4.4,+81.9,
16,71,7.18,6.96,7.25,1.042,7.48,460,7.9,10.1,-2.2,
16,71-1,5.57,6.96,7.25,1.042,5.80,460,7.9,10.1,-2.2,
16,73,2.59,2.97,3.10,1.044,2.70,196,3.5,1.4,+2.1,
16,74,3.26,3.32,4.43,1.334,4.35,219,17.5,0.0,+17.5,
16,75,14.19,14.40,16.28,1.130,16.05,950,34.4,7.9,+26.5,
16,75-1,14.04,14.30,15.88,1.111,15.60,944,31.2,11.2,+19.9,
16,80,11.53,11.52,13.09,1.136,13.10,761,29.3,11.0,+18.2,
16,81,8.58,8.57,9.50,1.109,9.51,566,18.3,6.8,+11.6,
16,82,4.70,4.76,7.29,1.532,7.20,314,33.7,0.0,+33.7,
16,83,1.70,1.12,1.12,1.000,1.70,74,0.0,0.0,+0.0,
16,84,1.48,1.93,2.42,1.254,1.86,128,8.0,0.0,+8.0,
16,85,9.71,9.72,10.78,1.108,10.76,642,20.5,6.8,+13.8,
16,85-1,12.15,12.45,13.96,1.122,13.63,822,28.8,11.4,+17.4,
16,86,10.84,11.15,12.63,1.133,12.29,736,27.0,11.0,+16.0,
16,101,0.58,0.58,0.58,1.000,0.58,39,0.0,0.0,+0.0,
16,103,1.35,1.57,1.49,0.946,1.28,104,0.0,1.9,-1.8,
16,105-2,21.41,21.60,26.18,1.212,25.95,1425,76.1,8.6,+67.8,
16,129,12.07,12.32,13.73,1.115,13.46,813,26.6,7.9,+18.8,
16,132,19.02,19.11,24.01,1.256,23.89,1261,78.1,7.1,+71.0,
16,135,17.21,17.00,20.01,1.178,20.26,1122,51.4,5.6,+45.9,
16,140,5.73,5.96,7.23,1.213,6.95,393,21.0,2.0,+19.4,
16,140-1,5.73,5.96,7.23,1.213,6.95,393,21.0,2.0,+19.4,
16,140-2,5.73,5.96,7.23,1.213,6.95,393,21.0,2.0,+19.4,
16,142,16.15,16.36,21.04,1.286,20.77,1080,73.1,5.2,+68.0,
16,143,10.66,10.69,13.53,1.266,13.49,705,45.5,4.8,+40.7,
16,152-1,4.93,4.69,4.58,0.978,4.82,309,2.3,9.1,-6.8,
16,153,4.33,4.35,4.24,0.975,4.22,287,2.1,7.2,-5.1,
16,200,10.91,11.08,12.27,1.107,12.08,731,22.7,7.9,+14.9,
16,201,13.39,13.56,15.20,1.121,15.01,895,31.0,8.6,+22.4,
16,203,10.89,10.83,12.01,1.108,12.07,715,22.5,7.9,+14.7,
16,207,2.35,3.57,4.21,1.178,2.77,236,10.0,0.0,+10.0,경로 다름
16,220,4.12,4.29,5.37,1.251,5.15,283,16.1,2.6,+13.2,
16,221,5.84,6.02,7.35,1.221,7.13,397,20.9,4.6,+16.3,
16,222,3.66,3.65,4.08,1.117,4.09,241,7.9,2.6,+5.1,
16,223,8.55,8.58,10.35,1.207,10.32,566,28.2,5.0,+23.1,
16,300,23.64,23.92,30.39,1.270,30.03,1579,103.0,5.6,+97.4,
16,301,24.70,24.75,31.53,1.274,31.46,1634,107.6,5.6,+102.1,
16,302,27.26,27.56,35.77,1.298,35.38,1819,129.3,5.6,+123.7,
16,500,9.26,9.48,10.34,1.091,10.10,626,17.2,7.9,+9.3,
16,900,,11.90,15.73,1.322,15.73,786,55.0,10.0,+44.9,
16,901,,11.71,15.58,1.330,15.58,773,53.8,13.3,+40.6,
16,902,,11.14,14.92,1.340,14.92,735,53.8,9.1,+44.7,
16,903,,11.58,15.55,1.343,15.55,764,56.1,7.0,+49.0,
16,904,,11.26,15.27,1.356,15.27,743,56.2,6.4,+49.8,
16,905,,12.90,16.86,1.307,16.86,852,58.0,10.6,+47.3,
16,906,,12.25,16.27,1.328,16.27,809,55.9,15.5,+39.9,
16,915,,16.01,19.90,1.243,19.90,1057,53.3,44.1,+9.5,
16,916,,17.15,21.11,1.231,21.11,1132,55.2,45.5,+9.9,
16,917,,17.97,22.06,1.228,22.06,1186,55.3,51.4,+4.0,
16,918,,13.15,17.74,1.349,17.74,868,65.1,8.6,+56.0,
16,919,12.90,12.96,16.90,1.304,16.82,855,53.2,23.3,+29.9,
16,921,,14.64,18.54,1.267,18.54,966,53.4,32.9,+20.5,
16,922,,15.17,19.22,1.267,19.22,1001,55.3,30.2,+24.9,
16,923,,15.66,19.74,1.261,19.74,1033,56.6,32.9,+23.7,
16,924,,15.63,19.60,1.254,19.60,1032,55.4,33.9,+21.5,
16,925,,14.95,18.82,1.259,18.82,987,53.2,33.3,+19.9,
16,926,,15.41,19.21,1.247,19.21,1017,53.3,35.0,+18.3,
16,931,,20.41,24.48,1.199,24.48,1347,58.2,58.3,-0.1,
16,932,,20.25,24.27,1.198,24.27,1337,56.2,55.9,+0.2,
16,933,,20.86,24.93,1.195,24.93,1377,57.1,55.9,+1.2,
16,934,,20.95,25.05,1.196,25.05,1383,57.7,55.9,+1.8,
16,935,,22.23,26.22,1.180,26.22,1467,57.4,59.3,-1.8,
16,942,20.29,20.47,24.84,1.214,24.63,1351,61.7,42.8,+18.8,
16,946,,15.45,19.42,1.257,19.42,1019,53.2,43.8,+9.4,
16,GATE,5.67,5.67,5.36,0.946,5.36,374,0.0,17.9,-17.9,
16-1,1,4.65,4.65,5.33,1.147,5.33,307,11.6,0.2,+11.4,
16-1,2,4.54,4.54,5.50,1.212,5.50,300,15.9,0.0,+15.8,
16-1,3,5.58,5.58,6.81,1.220,6.82,369,20.1,0.5,+19.6,
16-1,4,5.20,5.24,6.45,1.231,6.40,346,20.0,0.8,+19.3,
16-1,5,5.91,5.91,7.22,1.220,7.22,390,21.4,0.0,+21.4,
16-1,6,6.71,6.85,8.39,1.223,8.21,452,24.7,0.0,+24.5,
16-1,7,6.64,6.67,8.48,1.271,8.45,440,29.1,0.0,+28.9,
16-1,8,6.23,6.41,7.99,1.247,7.76,423,25.6,0.0,+25.6,
16-1,9,7.34,7.34,9.43,1.284,9.43,485,33.1,0.0,+33.1,
16-1,10,8.40,8.63,10.80,1.251,10.51,570,34.5,0.0,+34.4,
16-1,10-1,9.01,9.17,11.54,1.259,11.35,605,37.5,0.0,+37.5,
16-1,11,8.15,8.16,10.36,1.270,10.36,538,35.1,0.0,+35.1,
16-1,12,7.53,7.72,9.93,1.286,9.69,509,35.2,0.0,+35.1,
16-1,13,7.76,7.95,10.28,1.293,10.04,525,36.9,0.0,+36.9,
16-1,14,7.18,7.35,9.18,1.248,8.97,485,29.1,0.0,+28.9,
16-1,15,1.09,1.24,1.39,1.115,1.21,82,2.4,0.0,+2.4,
16-1,15-1,0.65,1.10,1.32,1.201,0.78,72,3.7,0.0,+3.7,
16-1,16,0.20,0.20,0.20,1.000,0.20,13,0.0,0.0,-0.0,
16-1,17,0.82,2.08,2.36,1.137,0.93,137,4.9,0.0,+4.9,경로 다름
16-1,18,12.86,13.06,16.13,1.235,15.88,862,48.9,3.9,+45.0,
16-1,19,13.66,13.69,16.68,1.218,16.64,904,48.9,5.7,+43.1,
16-1,20,8.57,8.87,11.37,1.282,10.99,585,39.5,1.9,+37.6,
16-1,21,11.16,11.31,13.94,1.232,13.76,747,40.0,1.9,+38.1,
16-1,22,9.36,9.36,10.80,1.154,10.80,618,24.2,1.5,+22.7,
16-1,24,6.62,6.50,7.18,1.104,7.31,429,12.2,1.2,+10.9,
16-1,25,8.03,7.90,8.74,1.106,8.88,522,14.9,1.1,+13.8,
16-1,25-1,8.18,7.98,8.75,1.096,8.96,527,14.1,1.7,+12.4,
16-1,26,8.57,8.32,9.15,1.101,9.43,549,14.9,1.1,+13.8,
16-1,27,10.08,9.53,10.37,1.088,10.97,629,15.0,1.1,+13.8,
16-1,28,10.71,10.85,11.95,1.101,11.79,716,20.9,4.3,+16.6,
16-1,29,16.22,16.36,21.29,1.301,21.11,1080,76.0,3.7,+72.3,
16-1,30,12.27,12.31,13.99,1.137,13.95,812,28.7,1.8,+26.9,
16-1,31,11.77,11.72,13.14,1.121,13.19,774,25.9,3.9,+22.0,
16-1,32,13.56,13.32,15.39,1.156,15.67,879,37.1,8.8,+28.3,
16-1,32-1,13.48,13.26,15.33,1.157,15.60,875,37.1,8.8,+28.3,
16-1,33,13.58,13.60,15.57,1.145,15.55,897,33.6,1.8,+31.8,
16-1,34,13.06,13.06,15.03,1.151,15.03,862,33.5,1.8,+31.7,
16-1,35,11.92,11.91,14.80,1.243,14.80,786,44.2,1.9,+42.2,
16-1,36,14.30,14.30,16.93,1.184,16.92,944,43.6,5.2,+38.6,
16-1,37,13.51,13.60,15.57,1.145,15.47,898,33.6,1.8,+31.8,
16-1,38,15.02,15.02,17.28,1.151,17.28,991,38.3,1.9,+36.4,
16-1,39,16.85,16.13,19.20,1.190,20.05,1065,51.1,4.1,+46.9,
16-1,40,16.82,16.82,19.53,1.162,19.53,1110,45.8,1.9,+43.9,
16-1,43,11.24,11.24,13.35,1.187,13.35,742,34.6,2.3,+32.3,
16-1,43-1,12.05,12.06,13.73,1.139,13.73,796,28.7,1.8,+26.8,
16-1,43-2,11.69,11.75,13.90,1.183,13.83,775,35.8,2.8,+33.0,
16-1,44-1,14.56,14.60,17.24,1.180,17.18,964,44.1,4.4,+39.7,
16-1,49,5.14,6.43,8.46,1.314,6.75,425,31.9,0.0,+31.7,
16-1,50,2.03,3.30,4.04,1.224,2.48,218,12.2,0.0,+12.1,경로 다름
16-1,51,3.45,4.75,5.63,1.187,4.09,313,15.0,1.6,+13.4,경로 다름
16-1,52,3.87,5.17,6.30,1.218,4.72,341,18.4,0.0,+18.3,경로 다름
16-1,52-1,4.53,5.85,6.97,1.191,5.39,386,18.8,1.6,+17.1,
16-1,52-2,4.70,5.99,7.10,1.185,5.57,396,18.6,1.6,+17.0,
16-1,53,4.10,5.47,6.83,1.247,5.11,361,22.1,0.0,+22.0,경로 다름
16-1,54,3.21,4.48,5.67,1.264,4.05,296,19.2,0.0,+19.1,경로 다름
16-1,55,2.90,4.07,4.99,1.228,3.57,268,15.2,0.0,+15.2,경로 다름
16-1,56,9.92,9.93,11.54,1.162,11.53,656,27.1,1.5,+25.5,
16-1,57,7.76,9.08,10.51,1.158,8.99,599,22.1,13.0,+9.0,
16-1,57-1,6.78,8.07,9.35,1.158,7.85,533,22.3,3.4,+18.9,
16-1,58,5.06,5.22,5.64,1.080,5.47,345,9.9,6.3,+3.6,
16-1,59,6.93,8.23,9.74,1.183,8.20,543,22.1,11.5,+10.7,
16-1,59-1,7.86,8.65,9.47,1.094,8.60,571,15.3,10.6,+4.7,
16-1,61,6.07,6.26,7.79,1.245,7.56,413,25.0,0.0,+24.9,
16-1,62,6.63,6.87,7.84,1.141,7.57,453,17.2,1.3,+15.8,
16-1,64,3.60,3.53,3.40,0.964,3.47,233,0.0,10.0,-10.0,
16-1,66,20.36,21.47,27.44,1.278,26.02,1417,93.8,9.9,+83.9,
16-1,71,11.75,11.70,12.77,1.092,12.83,772,22.2,15.7,+6.5,
16-1,71-1,10.13,11.70,12.77,1.092,11.07,772,22.2,15.7,+6.5,
16-1,73,1.96,2.25,2.44,1.086,2.13,148,3.4,0.0,+3.4,
16-1,74,3.11,4.40,5.63,1.278,3.97,291,19.7,0.0,+19.7,경로 다름
16-1,75,13.50,13.30,15.27,1.148,15.50,878,35.3,8.8,+26.5,
16-1,75-1,13.35,13.21,14.88,1.127,15.04,872,32.1,12.1,+19.9,
16-1,80,16.10,16.26,18.61,1.145,18.43,1073,43.6,16.5,+27.0,
16-1,81,11.67,12.96,14.42,1.113,12.98,855,27.8,10.3,+17.5,
16-1,82,4.55,5.84,8.49,1.453,6.61,386,35.9,0.0,+35.9,
16-1,83,3.09,1.49,1.43,0.960,2.96,98,0.1,1.3,-1.3,경로 다름
16-1,84,1.33,2.56,2.98,1.165,1.55,169,7.1,0.0,+7.1,경로 다름
16-1,85,12.79,14.11,15.70,1.112,14.23,931,30.0,10.3,+19.6,
16-1,85-1,16.71,17.18,19.49,1.134,18.96,1134,43.2,16.9,+26.2,
16-1,86,15.41,15.88,18.16,1.143,17.62,1048,41.3,16.5,+24.8,
16-1,101,1.03,1.25,1.25,1.000,1.03,83,0.0,0.0,+0.0,
16-1,103,0.75,0.75,0.75,1.000,0.75,49,0.0,0.0,+0.0,
16-1,105-2,20.78,20.88,25.52,1.222,25.41,1378,76.0,7.2,+69.1,
16-1,129,11.38,11.22,12.73,1.134,12.91,741,27.5,8.8,+18.8,
16-1,132,18.39,18.39,23.35,1.270,23.35,1214,78.0,5.7,+72.3,
16-1,135,16.58,16.27,19.36,1.189,19.72,1074,51.3,4.1,+47.2,
16-1,140,6.34,7.66,9.35,1.220,7.73,506,29.1,2.9,+26.5,
16-1,140-1,6.34,7.66,9.35,1.220,7.73,506,29.1,2.9,+26.5,
16-1,140-2,6.34,7.66,9.35,1.220,7.73,506,29.1,2.9,+26.5,
16-1,142,15.53,15.64,20.38,1.303,20.23,1032,73.0,3.7,+69.3,
16-1,143,10.03,9.97,12.87,1.291,12.96,658,45.3,3.4,+42.0,
16-1,152-1,9.50,9.42,10.11,1.073,10.19,622,16.7,14.7,+2.0,
16-1,153,8.90,9.09,9.77,1.075,9.57,600,16.4,12.7,+3.7,
16-1,200,10.22,9.99,11.26,1.128,11.53,659,23.7,8.8,+14.9,
16-1,201,12.70,12.46,14.19,1.139,14.46,823,32.0,9.5,+22.4,
16-1,203,10.20,9.74,11.00,1.130,11.52,643,23.5,8.8,+14.7,
16-1,207,4.78,6.32,7.44,1.177,5.63,417,18.8,1.6,+17.1,경로 다름
16-1,220,5.07,6.44,7.88,1.225,6.21,425,24.5,3.2,+21.3,
16-1,221,7.18,8.65,10.26,1.185,8.51,571,27.2,5.0,+22.2,
16-1,222,5.55,6.84,8.18,1.196,6.63,452,22.4,1.6,+20.7,
16-1,223,9.89,11.21,13.26,1.182,11.69,740,34.5,5.4,+29.0,
16-1,300,23.01,23.20,29.74,1.282,29.49,1531,102.8,4.1,+98.7,
16-1,301,24.08,24.03,30.87,1.285,30.93,1586,107.5,4.1,+103.4,
16-1,302,26.64,26.84,35.11,1.308,34.85,1771,129.2,4.1,+124.9,
16-1,500,8.57,8.38,9.33,1.113,9.54,553,18.1,8.8,+9.3,
16-1,900,,12.98,16.93,1.304,16.93,857,57.2,10.0,+47.1,
16-1,901,,12.79,16.77,1.311,16.77,844,56.0,13.3,+42.8,
16-1,902,,12.22,16.12,1.319,16.12,807,56.0,9.1,+46.9,
16-1,903,,12.66,16.75,1.323,16.75,836,58.3,7.0,+51.2,
16-1,904,,12.34,16.46,1.334,16.46,814,58.4,6.4,+51.9,
16-1,905,,13.98,18.06,1.291,18.06,923,60.2,10.6,+49.5,
16-1,906,,13.33,17.46,1.310,17.46,880,58.0,15.5,+42.1,
16-1,915,,17.09,21.10,1.234,21.10,1128,55.5,44.1,+11.7,
16-1,916,,18.23,22.31,1.223,22.31,1203,57.4,45.5,+12.1,
16-1,917,,19.05,23.26,1.221,23.26,1257,57.5,51.4,+6.2,
16-1,918,,14.23,18.93,1.331,18.93,939,67.3,8.6,+58.1,
16-1,919,12.75,14.04,18.09,1.288,16.43,927,55.4,23.3,+32.1,
16-1,921,,15.72,19.74,1.255,19.74,1038,55.6,32.9,+22.7,
16-1,922,,16.25,20.42,1.256,20.42,1072,57.5,30.2,+27.1,
16-1,923,,16.74,20.94,1.251,20.94,1105,58.8,32.9,+25.9,
16-1,924,,16.71,20.80,1.245,20.80,1103,57.5,33.9,+23.6,
16-1,925,,16.03,20.02,1.249,20.02,1058,55.4,33.3,+22.1,
16-1,926,,16.49,20.41,1.238,20.41,1088,55.5,35.0,+20.5,
16-1,931,,21.49,25.67,1.194,25.67,1418,60.4,58.3,+2.1,
16-1,932,,21.33,25.46,1.194,25.46,1408,58.4,55.9,+2.3,
16-1,933,,21.94,26.12,1.191,26.12,1448,59.3,55.9,+3.4,
16-1,934,,22.03,26.25,1.191,26.25,1454,59.9,55.9,+4.0,
16-1,935,,23.31,27.42,1.176,27.42,1538,59.6,59.3,+0.4,
16-1,942,20.14,21.55,26.04,1.208,24.34,1422,63.9,42.8,+21.0,
16-1,946,,16.53,20.61,1.247,20.61,1091,55.4,43.8,+11.6,
16-1,GATE,7.76,7.68,7.36,0.958,7.43,507,0.6,15.0,-14.4,
17,1,4.89,4.89,4.96,1.015,4.96,323,4.4,4.8,-0.5,
17,2,4.78,4.78,5.14,1.074,5.14,316,8.5,4.6,+4.0,
17,3,4.42,4.54,6.08,1.338,5.92,300,19.1,9.1,+10.0,
17,4,4.51,4.51,6.05,1.340,6.05,298,19.1,9.1,+10.0,
17,5,5.01,5.01,6.55,1.306,6.55,331,19.1,9.1,+10.0,
17,6,5.42,5.42,7.12,1.314,7.12,358,21.8,9.1,+12.7,
17,7,6.00,6.00,7.71,1.284,7.71,396,21.9,9.1,+12.9,
17,8,6.47,6.65,7.62,1.146,7.41,439,18.3,4.6,+13.7,
17,9,6.77,6.77,8.79,1.299,8.80,447,26.9,9.2,+17.7,
17,10,7.11,7.20,9.53,1.325,9.42,475,31.7,9.1,+22.5,
17,10-1,7.72,7.73,10.28,1.329,10.26,510,34.7,9.1,+25.6,
17,11,7.77,7.77,10.06,1.295,10.06,513,31.1,9.2,+21.9,
17,12,7.78,7.96,9.56,1.201,9.34,525,27.9,4.6,+23.2,
17,13,8.01,8.19,9.91,1.210,9.69,541,29.6,4.6,+25.0,
17,14,5.89,5.92,7.91,1.337,7.87,391,26.3,9.1,+17.0,
17,15,0.22,0.22,0.22,0.991,0.21,15,0.0,0.0,-0.0,
17,15-1,1.73,1.00,0.94,0.939,1.63,66,0.0,1.2,-1.2,
17,16,0.93,1.00,0.92,0.925,0.86,66,0.0,2.8,-2.7,
17,16-1,0.82,2.08,1.88,0.907,0.74,137,0.0,4.9,-4.9,경로 다름
17,18,13.10,13.30,15.77,1.185,15.53,878,41.5,8.4,+33.1,
17,19,13.90,13.93,16.31,1.171,16.27,920,41.5,10.3,+31.2,
17,20,8.81,9.11,11.00,1.208,10.64,601,32.2,6.5,+25.7,
17,21,11.40,11.56,13.58,1.175,13.40,763,32.7,6.5,+26.2,
17,22,9.60,9.60,10.43,1.086,10.43,634,17.0,6.2,+10.8,
17,24,7.14,7.30,7.22,0.989,7.06,482,3.7,7.2,-3.5,
17,25,8.27,8.39,8.45,1.006,8.32,554,5.8,7.0,-1.1,
17,25-1,8.71,8.71,8.77,1.006,8.76,575,5.8,6.9,-1.1,
17,26,8.81,8.81,8.86,1.006,8.86,581,5.8,6.9,-1.1,
17,27,10.33,10.03,10.08,1.005,10.38,662,5.9,7.0,-1.1,
17,28,10.95,11.10,11.58,1.044,11.43,732,13.7,8.9,+4.8,
17,29,16.46,16.61,20.92,1.260,20.75,1096,68.7,8.3,+60.4,
17,30,12.52,12.55,13.62,1.086,13.59,828,21.4,6.4,+15.0,
17,31,12.01,11.97,12.77,1.067,12.82,790,18.7,8.6,+10.1,
17,32,14.30,14.30,15.22,1.064,15.21,944,20.4,7.0,+13.4,
17,32-1,14.23,14.24,15.15,1.064,15.14,940,20.4,7.0,+13.4,
17,33,13.83,13.84,15.20,1.098,15.19,914,26.3,6.4,+19.9,
17,34,13.30,13.30,14.66,1.102,14.66,878,26.3,6.4,+19.8,
17,35,12.16,12.16,14.44,1.188,14.44,802,37.0,6.5,+30.4,
17,36,14.54,14.55,16.57,1.139,16.56,960,36.3,9.9,+26.7,
17,37,13.75,13.84,15.20,1.098,15.10,914,26.3,6.4,+19.9,
17,38,15.26,15.26,16.92,1.109,16.92,1007,31.1,6.6,+24.5,
17,39,17.09,16.38,18.84,1.150,19.66,1081,43.8,8.8,+35.0,
17,40,17.06,17.06,19.17,1.124,19.17,1126,38.6,6.6,+32.0,
17,43,11.48,11.48,12.98,1.131,12.98,758,27.4,7.0,+20.4,
17,43-1,12.29,12.30,13.37,1.087,13.36,812,21.4,6.5,+14.9,
17,43-2,11.93,11.99,13.54,1.129,13.46,791,28.6,7.4,+21.2,
17,44-1,14.80,14.85,16.87,1.137,16.82,980,36.9,9.0,+27.8,
17,49,3.84,3.85,5.12,1.331,5.12,254,19.8,0.0,+19.6,
17,50,0.73,0.74,0.74,1.000,0.73,49,0.0,0.0,+0.0,
17,51,1.91,2.10,2.28,1.083,2.07,139,3.7,2.1,+1.5,
17,52,2.58,2.58,2.96,1.147,2.96,170,6.2,0.0,+6.2,
17,52-1,2.99,3.21,3.61,1.126,3.37,212,7.4,2.1,+5.3,
17,52-2,3.16,3.35,3.74,1.118,3.54,221,7.3,2.1,+5.1,
17,53,2.81,2.89,3.49,1.210,3.39,191,9.9,0.0,+9.9,
17,54,1.91,1.90,2.33,1.230,2.35,125,7.1,0.0,+7.0,
17,55,1.61,1.48,1.66,1.122,1.81,98,3.1,0.0,+3.1,
17,56,10.17,10.18,11.18,1.099,11.17,672,19.9,6.2,+13.6,
17,57,6.23,6.43,7.15,1.112,6.93,425,10.7,13.5,-2.8,
17,57-1,5.24,5.43,5.99,1.103,5.79,358,10.9,3.9,+7.0,
17,58,4.87,5.06,5.08,1.004,4.89,334,2.7,11.4,-8.7,
17,59,5.40,5.59,6.39,1.142,6.17,369,10.7,12.1,-1.1,
17,59-1,6.32,6.01,6.11,1.017,6.43,397,4.0,11.1,-7.1,
17,61,6.32,6.50,7.43,1.143,7.22,429,17.7,4.6,+13.0,
17,62,6.88,7.12,7.48,1.051,7.23,470,9.8,5.9,+3.9,
17,64,5.89,5.89,5.57,0.944,5.57,389,0.0,17.7,-17.7,
17,66,19.07,19.16,24.43,1.275,24.31,1264,76.4,4.4,+72.0,
17,71,10.27,10.25,10.62,1.036,10.64,676,10.5,18.7,-8.2,
17,71-1,8.66,10.25,10.62,1.036,8.97,676,10.5,18.7,-8.2,
17,73,2.51,3.81,3.81,1.001,2.52,252,3.1,4.4,-1.3,경로 다름
17,74,1.82,1.82,2.29,1.262,2.29,120,7.6,0.0,+7.5,
17,75,14.25,14.29,15.09,1.056,15.05,943,18.7,7.0,+11.7,
17,75-1,14.09,14.19,14.70,1.036,14.60,936,15.4,10.3,+5.1,
17,80,14.62,14.81,16.46,1.111,16.25,977,31.9,19.5,+12.3,
17,81,10.37,10.37,11.09,1.069,11.09,685,15.7,10.3,+5.4,
17,82,3.25,3.25,5.16,1.584,5.15,215,23.8,0.0,+23.8,
17,83,1.55,1.54,1.47,0.952,1.48,102,0.0,2.8,-2.7,
17,84,0.61,0.68,0.68,1.000,0.61,45,0.0,0.0,+0.0,
17,85,11.50,11.52,12.36,1.073,12.33,761,17.8,10.3,+7.5,
17,85-1,15.24,15.73,17.33,1.101,16.78,1038,31.4,19.9,+11.5,
17,86,13.93,14.43,16.00,1.109,15.44,953,29.6,19.5,+10.1,
17,101,3.62,3.62,3.42,0.945,3.42,239,0.0,7.8,-7.8,
17,103,2.59,2.65,2.45,0.925,2.39,175,0.0,7.3,-7.3,
17,105-2,21.03,21.12,25.15,1.191,25.04,1394,68.8,11.9,+57.2,
17,129,12.13,12.20,12.55,1.028,12.47,806,10.8,7.0,+3.9,
17,132,18.63,18.63,22.98,1.234,22.98,1230,70.6,10.2,+60.4,
17,135,16.82,16.52,18.99,1.150,19.34,1090,44.1,8.8,+35.3,
17,140,5.05,5.07,6.01,1.185,5.98,335,17.0,2.9,+14.4,
17,140-1,5.05,5.07,6.01,1.185,5.98,335,17.0,2.9,+14.4,
17,140-2,5.05,5.07,6.01,1.185,5.98,335,17.0,2.9,+14.4,
17,142,15.77,15.88,20.01,1.260,19.87,1048,65.7,8.3,+57.4,
17,143,10.28,10.21,12.50,1.225,12.59,674,38.0,7.9,+30.1,
17,152-1,8.02,7.97,7.95,0.997,8.00,526,4.9,17.7,-12.8,
17,153,7.42,7.64,7.61,0.996,7.39,504,4.7,15.7,-11.0,
17,200,10.85,10.97,11.08,1.010,10.96,724,7.0,7.0,+0.0,
17,201,13.44,13.44,14.01,1.042,14.01,887,15.3,7.7,+7.6,
17,203,10.94,10.94,11.06,1.010,11.05,722,7.0,7.0,+0.0,
17,207,3.25,3.68,4.08,1.110,3.60,243,7.4,2.1,+5.3,
17,220,3.78,3.85,4.55,1.182,4.47,254,12.3,3.2,+9.2,
17,221,5.88,6.07,6.92,1.141,6.71,400,15.1,5.0,+10.0,
17,222,4.01,4.20,4.82,1.149,4.61,277,11.0,2.1,+8.9,
17,223,8.59,8.63,9.93,1.151,9.89,569,22.4,5.4,+16.8,
17,300,23.25,23.45,29.37,1.253,29.13,1547,95.6,8.8,+86.8,
17,301,24.32,24.28,30.51,1.257,30.56,1602,100.3,8.8,+91.5,
17,302,26.88,27.08,34.75,1.283,34.49,1787,121.9,8.8,+113.0,
17,500,10.57,10.63,11.30,1.064,11.25,701,17.2,15.5,+1.7,
17,900,,10.40,13.59,1.308,13.59,686,45.1,10.0,+35.0,
17,901,,10.21,13.44,1.317,13.44,674,43.9,13.3,+30.7,
17,902,,9.63,12.79,1.327,12.79,636,43.8,9.1,+34.8,
17,903,,10.08,13.42,1.331,13.42,665,46.2,7.0,+39.1,
17,904,,9.75,13.13,1.346,13.13,644,46.2,6.4,+39.8,
17,905,,11.40,14.72,1.292,14.72,752,48.0,10.6,+37.4,
17,906,,10.74,14.13,1.315,14.13,709,45.9,15.5,+30.0,
17,915,,14.50,17.77,1.225,17.77,957,43.3,44.1,-0.4,
17,916,,15.64,18.97,1.213,18.97,1033,45.2,45.5,-0.0,
17,917,,16.46,19.92,1.210,19.92,1087,45.4,51.4,-5.9,
17,918,,11.64,15.60,1.340,15.60,768,55.2,8.6,+46.0,
17,919,11.46,11.46,14.76,1.288,14.76,756,43.3,23.3,+20.0,
17,921,,13.13,16.40,1.249,16.40,867,43.4,32.9,+10.6,
17,922,,13.66,17.08,1.250,17.08,902,45.4,30.2,+15.0,
17,923,,14.15,17.60,1.244,17.60,934,46.6,32.9,+13.8,
17,924,,14.12,17.46,1.237,17.46,932,45.4,33.9,+11.5,
17,925,,13.44,16.68,1.241,16.68,887,43.3,33.3,+10.0,
17,926,,13.90,17.07,1.228,17.07,917,43.3,35.0,+8.4,
17,931,,18.90,22.34,1.182,22.34,1248,48.3,58.3,-10.0,
17,932,,18.75,22.13,1.181,22.13,1237,46.2,55.9,-9.8,
17,933,,19.35,22.79,1.178,22.79,1277,47.1,55.9,-8.7,
17,934,,19.44,22.91,1.179,22.91,1283,47.7,55.9,-8.1,
17,935,,20.72,24.08,1.162,24.08,1368,47.5,59.3,-11.7,
17,942,18.85,18.96,22.70,1.197,22.57,1251,51.7,42.8,+8.9,
17,946,,13.94,17.28,1.240,17.28,920,43.3,43.8,-0.5,
17,GATE,8.78,8.96,8.77,0.978,8.58,592,2.9,26.8,-24.0,
18,1,7.33,7.53,7.93,1.053,7.72,497,2.9,28.8,-25.9,
18,2,7.53,7.78,8.17,1.051,7.91,513,2.9,26.5,-23.6,
18,3,8.77,8.71,9.13,1.048,9.20,575,3.4,26.6,-23.2,
18,4,8.48,8.77,9.10,1.037,8.79,579,3.4,28.8,-25.4,
18,5,7.46,7.66,7.93,1.035,7.72,506,3.4,24.0,-20.6,
18,6,8.86,9.06,9.24,1.019,9.03,598,4.3,19.7,-15.4,
18,7,7.40,7.86,8.21,1.044,7.73,519,4.5,16.4,-11.8,
18,8,7.53,7.96,8.22,1.033,7.78,525,3.4,24.0,-20.6,
18,9,7.34,7.81,7.55,0.967,7.09,515,3.1,13.5,-10.4,
18,10,8.37,8.57,8.52,0.994,8.32,566,5.5,10.0,-4.4,
18,10-1,8.53,8.73,8.68,0.994,8.47,576,5.5,10.0,-4.4,
18,11,7.52,7.81,7.56,0.968,7.28,516,3.1,12.9,-9.8,
18,12,6.37,6.57,6.41,0.976,6.22,434,3.1,7.6,-4.5,
18,13,4.77,4.97,4.92,0.990,4.72,328,2.9,4.4,-1.5,
18,14,9.39,9.59,9.88,1.030,9.67,633,5.2,18.4,-13.2,
18,15,11.64,11.84,12.02,1.015,11.82,782,3.9,45.0,-41.1,
18,15-1,12.31,13.64,13.89,1.018,12.54,900,7.0,48.5,-41.5,
18,16,13.48,13.78,13.91,1.009,13.61,910,5.3,49.0,-43.7,
18,16-1,12.86,13.06,13.10,1.003,12.90,862,3.9,48.9,-45.0,
18,17,13.10,13.30,13.75,1.033,13.54,878,8.4,41.5,-33.1,
18,19,1.15,1.15,1.15,1.000,1.15,76,0.1,0.0,+0.0,
18,20,3.12,3.32,3.21,0.967,3.01,219,0.7,3.0,-2.3,
18,21,1.57,1.99,1.96,0.981,1.54,132,0.2,5.1,-4.9,
18,22,4.09,4.32,4.55,1.054,4.32,285,0.4,19.8,-19.5,
18,24,7.22,7.50,7.86,1.049,7.58,495,0.7,34.9,-34.2,
18,25,6.74,6.94,7.33,1.056,7.12,458,0.7,34.4,-33.7,
18,25-1,7.67,7.87,8.24,1.047,8.03,520,0.7,34.9,-34.2,
18,26,6.77,6.71,6.93,1.032,6.99,443,0.2,31.0,-30.8,
18,27,5.42,5.63,5.68,1.009,5.48,371,0.2,24.7,-24.6,
18,28,4.79,4.93,5.05,1.025,4.91,325,0.2,23.3,-23.2,
18,29,4.53,4.83,6.43,1.332,6.03,319,24.4,1.2,+23.2,
18,30,3.67,3.89,4.04,1.040,3.82,257,0.2,18.3,-18.1,
18,31,4.70,4.85,4.98,1.027,4.83,320,0.2,23.2,-23.0,
18,32,6.95,7.00,6.85,0.978,6.80,462,1.4,22.0,-20.6,
18,32-1,6.49,6.54,6.39,0.977,6.34,432,1.4,22.0,-20.6,
18,33,4.95,5.17,5.51,1.067,5.28,341,4.0,17.2,-13.2,
18,34,2.38,2.43,2.40,0.990,2.36,160,0.3,8.3,-7.9,
18,35,0.82,0.82,0.82,1.000,0.82,54,0.0,0.0,+0.0,
18,36,2.79,2.74,2.74,1.001,2.80,181,1.5,4.5,-3.0,
18,37,4.21,4.26,4.15,0.974,4.10,281,1.4,11.9,-10.5,
18,38,4.14,4.19,4.08,0.974,4.04,277,1.4,11.9,-10.5,
18,39,4.88,4.22,4.37,1.035,5.05,279,4.6,5.2,-0.6,
18,40,4.95,5.95,6.25,1.050,5.20,392,8.1,11.8,-3.6,
18,43,1.82,2.06,2.02,0.982,1.78,136,0.2,5.0,-4.9,
18,43-1,2.16,2.37,2.40,1.014,2.19,156,0.2,8.3,-8.2,
18,43-2,2.26,2.95,2.95,0.999,2.26,195,0.2,11.0,-10.8,
18,44-1,2.55,2.60,2.59,0.999,2.55,171,1.5,4.5,-3.0,
18,49,13.58,13.78,15.22,1.105,15.00,910,16.4,35.1,-18.7,
18,50,12.60,12.80,13.40,1.047,13.19,845,9.7,39.1,-29.5,
18,51,14.00,14.20,14.98,1.055,14.76,937,12.3,43.7,-31.5,
18,52,14.08,14.29,15.04,1.053,14.82,943,12.3,39.1,-26.8,
18,52-1,14.77,15.10,15.86,1.050,15.51,997,13.2,41.4,-28.2,
18,52-2,15.29,15.49,16.26,1.050,16.05,1023,13.4,41.4,-28.1,
18,53,13.20,13.40,14.82,1.106,14.60,885,16.1,35.2,-19.1,
18,54,12.08,12.37,13.69,1.107,13.37,816,14.1,34.8,-20.7,
18,55,12.35,12.55,13.87,1.105,13.64,828,14.1,34.8,-20.7,
18,56,2.32,2.86,2.73,0.955,2.22,189,0.2,9.0,-8.8,
18,57,18.13,18.35,19.60,1.068,19.37,1211,19.4,55.6,-36.1,
18,57-1,17.14,17.34,18.44,1.063,18.22,1145,19.7,46.0,-26.3,
18,58,17.54,17.74,18.25,1.029,18.04,1171,11.1,53.2,-42.1,
18,59,17.30,17.50,18.83,1.076,18.61,1155,19.4,54.1,-34.5,
18,59-1,18.22,18.42,19.77,1.073,19.56,1216,19.4,60.6,-40.9,
18,61,6.19,6.40,6.67,1.042,6.44,422,2.9,18.6,-15.7,
18,62,5.92,7.76,8.59,1.107,6.56,512,5.8,34.8,-29.2,경로 다름
18,64,15.00,15.21,15.02,0.988,14.82,1004,1.3,59.8,-58.5,
18,66,9.69,9.94,12.58,1.265,12.26,656,42.1,7.4,+34.8,
18,71,22.94,22.93,23.79,1.037,23.80,1513,18.9,60.4,-41.5,
18,71-1,21.32,22.93,23.79,1.037,22.12,1513,18.9,60.4,-41.5,
18,73,11.02,11.23,11.50,1.025,11.30,741,0.9,41.8,-40.9,
18,74,10.96,11.16,12.06,1.080,11.84,737,12.3,37.3,-25.1,
18,75,7.42,7.49,7.50,1.001,7.43,494,1.5,22.5,-21.0,
18,75-1,8.14,8.44,8.40,0.996,8.11,557,1.9,29.9,-28.0,
18,80,27.29,27.49,29.63,1.078,29.41,1814,40.3,61.3,-21.1,
18,81,21.75,21.95,23.04,1.050,22.83,1449,21.7,49.4,-27.7,
18,82,12.30,12.51,14.76,1.180,14.52,825,24.1,33.4,-9.3,
18,83,14.22,14.42,15.01,1.041,14.80,951,10.8,43.9,-33.1,
18,84,11.92,11.76,12.25,1.042,12.42,776,7.5,38.6,-31.2,
18,85,22.88,23.10,24.32,1.052,24.08,1525,23.9,49.4,-25.5,
18,85-1,27.91,28.42,30.50,1.073,29.95,1875,39.8,61.7,-21.9,
18,86,26.60,27.12,29.17,1.076,28.61,1790,38.0,61.3,-23.3,
18,101,14.27,14.47,14.54,1.004,14.33,955,3.9,52.0,-48.1,
18,103,11.70,11.90,12.12,1.018,11.91,785,0.8,43.9,-43.1,
18,105-2,8.82,8.96,10.68,1.192,10.51,592,29.5,8.2,+21.5,
18,129,5.72,5.98,6.00,1.005,5.74,394,0.2,25.3,-25.1,
18,132,6.69,6.85,8.49,1.239,8.29,452,26.3,3.1,+23.2,
18,135,4.56,4.36,4.52,1.036,4.73,288,4.8,5.2,-0.3,
18,140,16.43,16.65,17.97,1.079,17.72,1099,23.0,42.1,-18.7,
18,140-1,16.43,16.65,17.97,1.079,17.72,1099,23.0,42.1,-18.7,
18,140-2,16.43,16.65,17.97,1.079,17.72,1099,23.0,42.1,-18.7,
18,142,3.83,4.10,5.52,1.346,5.15,271,21.4,1.2,+20.2,
18,143,2.52,2.76,2.82,1.022,2.57,182,3.1,3.7,-0.5,
18,152-1,20.69,20.66,21.12,1.022,21.15,1363,13.3,59.4,-46.1,
18,153,20.09,20.32,20.78,1.022,20.54,1341,13.1,57.5,-44.4,
18,200,6.39,6.67,6.61,0.991,6.33,440,0.2,27.1,-27.0,
18,201,7.49,7.70,7.71,1.003,7.51,508,1.8,27.3,-25.5,
18,203,7.94,8.14,7.95,0.976,7.75,537,0.2,33.2,-33.1,
18,207,15.38,15.87,16.64,1.048,16.13,1047,13.4,41.4,-28.1,
18,220,15.16,15.43,16.50,1.070,16.22,1018,18.4,42.4,-23.9,
18,221,17.26,17.65,18.88,1.070,18.47,1165,21.1,44.2,-23.0,
18,222,15.91,16.11,17.27,1.072,17.05,1063,19.8,44.2,-24.5,
18,223,19.84,20.21,21.88,1.083,21.48,1334,28.4,44.6,-16.2,
18,300,11.05,11.29,14.90,1.320,14.58,745,56.4,5.2,+51.2,
18,301,12.11,12.12,16.04,1.323,16.03,800,61.0,5.2,+55.8,
18,302,14.67,14.92,20.27,1.359,19.94,985,82.7,5.2,+77.4,
18,500,9.42,9.63,9.23,0.959,9.03,635,0.2,37.9,-37.7,
18,900,,14.47,15.12,1.045,15.12,955,20.1,18.1,+1.9,
18,901,,14.28,14.97,1.048,14.97,942,18.9,21.4,-2.4,
18,902,,13.71,14.32,1.044,14.32,905,18.9,17.2,+1.7,
18,903,,14.15,14.95,1.056,14.95,934,21.2,15.1,+6.0,
18,904,,13.83,14.66,1.060,14.66,913,21.3,14.5,+6.7,
18,905,,15.32,16.94,1.106,16.94,1011,26.9,22.6,+4.3,
18,906,,14.82,15.66,1.057,15.66,978,20.9,23.6,-3.1,
18,915,,18.58,19.30,1.039,19.30,1226,18.3,52.2,-33.5,
18,916,,19.72,20.50,1.040,20.50,1302,20.2,53.6,-33.1,
18,917,,20.54,21.45,1.044,21.45,1356,20.4,59.5,-39.0,
18,918,,15.56,17.81,1.145,17.81,1027,33.5,20.1,+13.0,
18,919,15.33,15.53,16.29,1.049,16.08,1025,18.3,31.4,-13.1,
18,921,,17.21,17.93,1.042,17.93,1136,18.5,41.0,-22.5,
18,922,,17.74,18.61,1.049,18.61,1171,20.4,38.3,-18.1,
18,923,,18.23,19.13,1.050,19.13,1203,21.6,41.0,-19.3,
18,924,,18.20,18.99,1.044,18.99,1201,20.4,42.0,-21.5,
18,925,,17.52,18.21,1.040,18.21,1156,18.3,41.4,-23.1,
18,926,,17.98,18.60,1.035,18.60,1186,18.4,43.1,-24.7,
18,931,,22.98,23.87,1.039,23.87,1517,23.3,66.3,-43.1,
18,932,,22.82,23.66,1.037,23.66,1506,21.3,64.0,-42.9,
18,933,,23.43,24.32,1.038,24.32,1546,22.2,64.0,-41.8,
18,934,,23.52,24.44,1.039,24.44,1552,22.7,64.0,-41.2,
18,935,,24.80,25.61,1.033,25.61,1637,22.5,67.4,-44.8,
18,942,22.72,23.03,24.23,1.052,23.90,1520,26.8,50.9,-24.2,
18,946,,18.01,18.81,1.044,18.81,1189,18.3,51.8,-33.6,
18,GATE,19.01,19.20,18.84,0.981,18.65,1267,1.9,64.4,-62.5,
19,1,8.13,8.16,8.66,1.061,8.63,539,4.7,28.8,-24.1,
19,2,8.32,8.41,8.91,1.059,8.82,555,4.7,26.5,-21.7,
19,3,9.57,9.34,9.87,1.056,10.11,616,5.3,26.6,-21.3,
19,4,9.28,9.40,9.83,1.046,9.70,620,5.2,28.8,-23.6,
19,5,8.26,8.29,8.66,1.045,8.63,547,5.3,24.1,-18.8,
19,6,9.66,9.69,9.97,1.029,9.94,639,6.2,19.7,-13.5,
19,7,8.20,8.50,8.95,1.053,8.64,561,6.4,16.4,-10.0,
19,8,8.32,8.59,8.96,1.043,8.68,567,5.3,24.0,-18.8,
19,9,8.13,8.44,8.28,0.981,7.98,557,4.9,13.5,-8.6,
19,10,9.17,9.20,9.26,1.005,9.22,608,7.4,10.0,-2.6,
19,10-1,9.32,9.36,9.41,1.005,9.38,618,7.4,10.0,-2.6,
19,11,8.32,8.44,8.30,0.983,8.18,557,4.9,12.9,-8.0,
19,12,7.17,7.20,7.15,0.993,7.11,475,4.9,7.6,-2.7,
19,13,5.56,5.60,5.65,1.010,5.62,369,4.7,4.4,+0.3,
19,14,10.19,10.22,10.61,1.038,10.58,675,7.1,18.4,-11.3,
19,15,12.44,12.47,12.76,1.023,12.72,823,5.7,45.0,-39.3,
19,15-1,13.11,14.27,14.63,1.025,13.44,942,8.9,48.5,-39.7,
19,16,14.28,14.41,14.65,1.016,14.52,951,7.2,49.0,-41.9,
19,16-1,13.66,13.69,13.84,1.011,13.81,904,5.7,48.9,-43.1,
19,17,13.90,13.93,14.48,1.039,14.45,920,10.3,41.5,-31.2,
19,18,1.15,1.15,1.15,1.000,1.15,76,0.0,0.1,-0.0,
19,20,3.92,3.95,3.95,0.999,3.91,261,2.6,3.0,-0.4,
19,21,2.37,2.62,2.69,1.026,2.43,173,2.0,5.1,-3.0,
19,22,4.50,4.50,4.59,1.019,4.58,297,0.1,23.6,-23.4,
19,24,8.02,8.13,8.60,1.058,8.49,536,2.5,34.9,-32.4,
19,25,7.54,7.57,8.07,1.065,8.03,500,2.5,34.4,-31.9,
19,25-1,8.47,8.50,8.98,1.056,8.94,561,2.5,34.9,-32.4,
19,26,7.57,7.34,7.66,1.044,7.90,484,2.0,31.0,-29.0,
19,27,5.79,5.79,5.82,1.006,5.82,382,0.1,26.4,-26.2,
19,28,5.15,5.09,5.20,1.020,5.26,336,0.1,24.9,-24.8,
19,29,5.59,5.73,7.42,1.295,7.24,378,25.5,0.8,+24.7,
19,30,4.03,4.05,4.19,1.034,4.17,267,0.1,19.9,-19.8,
19,31,5.06,5.02,5.13,1.022,5.18,331,0.1,24.8,-24.6,
19,32,5.86,5.86,5.77,0.985,5.77,387,0.0,24.6,-24.6,
19,32-1,5.40,5.40,5.31,0.983,5.31,357,0.0,24.7,-24.6,
19,33,4.60,4.61,4.57,0.992,4.57,304,0.1,19.9,-19.7,
19,34,1.47,1.48,1.54,1.041,1.53,98,0.0,7.0,-7.0,
19,35,0.76,0.76,0.76,1.000,0.76,50,0.0,0.0,+0.0,
19,36,1.70,1.64,1.70,1.034,1.76,109,0.0,6.9,-6.8,
19,37,3.12,3.12,3.07,0.985,3.07,206,0.0,14.5,-14.5,
19,38,3.05,3.06,3.01,0.985,3.01,202,0.0,14.5,-14.5,
19,39,3.79,3.08,3.29,1.066,4.05,203,3.2,7.8,-4.6,
19,40,3.86,4.81,5.17,1.076,4.15,317,6.8,14.4,-7.6,
19,43,2.62,2.69,2.76,1.025,2.68,178,2.0,5.0,-3.0,
19,43-1,2.52,2.53,2.50,0.989,2.49,167,0.0,12.6,-12.5,
19,43-2,3.06,3.11,3.09,0.993,3.04,205,0.1,12.6,-12.4,
19,44-1,1.45,1.46,1.51,1.033,1.50,96,0.0,7.0,-7.0,
19,49,14.38,14.41,15.96,1.107,15.92,951,18.3,35.1,-16.9,
19,50,13.40,13.43,14.14,1.053,14.10,886,11.5,39.1,-27.6,
19,51,14.80,14.83,15.71,1.059,15.68,979,14.2,43.7,-29.7,
19,52,14.88,14.92,15.77,1.057,15.74,984,14.1,39.2,-25.0,
19,52-1,15.57,15.73,16.60,1.055,16.42,1038,15.1,41.4,-26.4,
19,52-2,16.09,16.12,17.00,1.054,16.96,1064,15.2,41.4,-26.2,
19,53,14.00,14.03,15.56,1.109,15.52,926,17.9,35.2,-17.3,
19,54,12.88,13.00,14.42,1.110,14.29,858,15.9,34.8,-18.9,
19,55,13.15,13.18,14.60,1.108,14.56,870,15.9,34.8,-18.9,
19,56,3.12,3.49,3.47,0.994,3.10,230,2.0,9.0,-7.0,
19,57,18.93,18.98,20.34,1.072,20.28,1252,21.3,55.6,-34.3,
19,57-1,17.94,17.97,19.17,1.067,19.14,1186,21.5,46.0,-24.5,
19,58,18.34,18.37,18.98,1.033,18.95,1212,12.9,53.2,-40.3,
19,59,18.09,18.14,19.57,1.079,19.52,1197,21.3,54.1,-32.6,
19,59-1,19.02,19.06,20.51,1.076,20.47,1258,21.3,60.6,-39.0,
19,61,6.98,7.03,7.40,1.053,7.35,464,4.7,18.6,-13.9,
19,62,6.72,8.39,9.33,1.112,7.47,554,7.6,34.8,-27.3,
19,64,15.80,15.84,15.76,0.995,15.72,1045,3.1,59.8,-56.7,
19,66,10.76,10.85,13.57,1.251,13.46,716,43.3,6.9,+36.3,
19,71,23.74,23.56,24.52,1.041,24.71,1555,20.7,60.4,-39.7,
19,71-1,22.12,23.56,24.52,1.041,23.03,1555,20.7,60.4,-39.7,
19,73,11.82,11.86,12.24,1.032,12.20,783,2.7,41.8,-39.1,
19,74,11.76,11.79,12.79,1.085,12.75,778,14.2,37.3,-23.3,
19,75,6.33,6.35,6.42,1.011,6.40,419,0.1,25.1,-25.0,
19,75-1,7.38,7.38,7.13,0.966,7.13,487,0.0,29.9,-29.9,
19,80,28.09,28.12,30.36,1.080,30.33,1856,42.1,61.3,-19.2,
19,81,22.55,22.58,23.78,1.053,23.74,1491,23.6,49.4,-25.9,
19,82,13.10,13.14,15.50,1.179,15.45,867,25.9,33.4,-7.5,
19,83,15.02,15.05,15.74,1.046,15.71,993,12.7,43.9,-31.2,
19,84,12.72,12.39,12.99,1.048,13.34,817,9.3,38.6,-29.4,
19,85,23.67,23.73,25.05,1.056,24.99,1566,25.7,49.4,-23.7,
19,85-1,28.70,29.05,31.23,1.075,30.87,1917,41.7,61.7,-20.0,
19,86,27.40,27.75,29.91,1.078,29.53,1831,39.8,61.3,-21.5,
19,101,15.07,15.10,15.27,1.011,15.24,997,5.7,52.0,-46.2,
19,103,12.50,12.53,12.85,1.026,12.82,827,2.6,43.9,-41.2,
19,105-2,7.73,7.80,9.02,1.157,8.94,515,21.9,5.5,+16.7,
19,129,6.08,6.14,6.15,1.001,6.09,405,0.1,26.9,-26.7,
19,132,7.76,7.76,9.48,1.222,9.48,512,27.5,2.7,+24.8,
19,135,3.14,3.22,3.44,1.067,3.35,213,3.5,7.8,-4.3,
19,140,17.22,17.28,18.70,1.082,18.64,1141,24.9,42.1,-16.9,
19,140-1,17.22,17.28,18.70,1.082,18.64,1141,24.9,42.1,-16.9,
19,140-2,17.22,17.28,18.70,1.082,18.64,1141,24.9,42.1,-16.9,
19,142,4.90,5.01,6.51,1.300,6.37,331,22.5,0.8,+21.8,
19,143,3.57,3.61,3.93,1.088,3.89,238,6.2,0.8,+5.5,
19,152-1,21.49,21.29,21.85,1.027,22.06,1405,15.2,59.4,-44.3,
19,153,20.89,20.95,21.51,1.027,21.45,1383,14.9,57.5,-42.5,
19,200,6.75,6.83,6.75,0.988,6.67,451,0.1,28.7,-28.6,
19,201,7.81,7.86,7.86,1.000,7.81,519,1.8,28.9,-27.1,
19,203,8.30,8.31,8.09,0.974,8.09,548,0.1,34.8,-34.7,
19,207,16.18,16.50,17.37,1.053,17.04,1089,15.2,41.4,-26.2,
19,220,15.96,16.06,17.24,1.074,17.13,1060,20.3,42.4,-22.0,
19,221,18.06,18.28,19.61,1.073,19.38,1206,23.0,44.2,-21.2,
19,222,16.71,16.74,18.00,1.075,17.97,1105,21.6,44.2,-22.6,
19,223,20.63,20.84,22.62,1.085,22.40,1375,30.3,44.6,-14.4,
19,300,9.96,10.15,13.82,1.361,13.56,670,55.0,7.8,+47.2,
19,301,11.02,10.98,14.96,1.362,15.01,725,59.7,7.8,+51.8,
19,302,13.58,13.78,19.19,1.392,18.91,910,81.3,7.8,+73.4,
19,500,9.79,9.79,9.37,0.957,9.37,646,0.1,39.5,-39.3,
19,900,,15.10,15.86,1.050,15.86,997,21.9,18.1,+3.8,
19,901,,14.91,15.71,1.053,15.71,984,20.7,21.4,-0.6,
19,902,,14.34,15.05,1.050,15.05,946,20.7,17.2,+3.5,
19,903,,14.78,15.68,1.061,15.68,976,23.0,15.1,+7.8,
19,904,,14.46,15.39,1.065,15.39,954,23.1,14.5,+8.6,
19,905,,15.95,17.68,1.108,17.68,1053,28.8,22.6,+6.1,
19,906,,15.45,16.39,1.061,16.39,1020,22.8,23.6,-1.2,
19,915,,19.21,20.03,1.043,20.03,1268,20.2,52.2,-31.7,
19,916,,20.35,21.24,1.044,21.24,1343,22.1,53.6,-31.3,
19,917,,21.17,22.19,1.048,22.19,1397,22.2,59.5,-37.1,
19,918,,16.19,18.55,1.145,18.55,1069,35.4,20.1,+14.8,
19,919,16.13,16.16,17.02,1.053,16.99,1067,20.1,31.4,-11.2,
19,921,,17.84,18.67,1.046,18.67,1177,20.3,41.0,-20.6,
19,922,,18.37,19.35,1.053,19.35,1212,22.2,38.3,-16.2,
19,923,,18.86,19.87,1.054,19.87,1244,23.5,41.0,-17.5,
19,924,,18.83,19.73,1.048,19.73,1243,22.3,42.0,-19.7,
19,925,,18.15,18.95,1.044,18.95,1198,20.1,41.4,-21.3,
19,926,,18.61,19.34,1.039,19.34,1228,20.2,43.1,-22.9,
19,931,,23.61,24.60,1.042,24.60,1558,25.1,66.3,-41.2,
19,932,,23.45,24.40,1.040,24.40,1548,23.1,64.0,-41.0,
19,933,,24.06,25.06,1.041,25.06,1588,24.0,64.0,-40.0,
19,934,,24.15,25.18,1.043,25.18,1594,24.6,64.0,-39.4,
19,935,,25.43,26.35,1.036,26.35,1678,24.3,67.4,-43.0,
19,942,23.52,23.66,24.97,1.055,24.82,1562,28.6,50.9,-22.3,
19,946,,18.64,19.54,1.048,19.54,1231,20.1,51.8,-31.8,
19,GATE,19.81,19.83,19.57,0.987,19.55,1309,3.7,64.4,-60.7,
20,1,3.04,3.34,3.67,1.099,3.35,221,0.9,19.5,-18.5,
20,2,3.24,3.59,3.92,1.092,3.54,237,1.0,17.2,-16.2,
20,3,4.49,4.52,4.88,1.079,4.84,298,1.5,17.2,-15.8,
20,4,4.19,4.58,4.84,1.057,4.43,302,1.5,19.5,-18.0,
20,5,3.17,3.47,3.67,1.058,3.35,229,1.5,14.7,-13.3,
20,6,4.57,4.87,4.98,1.023,4.68,321,2.4,10.4,-8.0,
20,7,3.12,3.67,3.96,1.077,3.35,243,2.6,7.1,-4.5,
20,8,3.24,3.77,3.97,1.053,3.41,249,1.5,14.7,-13.3,
20,9,3.23,3.66,3.94,1.077,3.48,241,2.6,7.1,-4.5,
20,10,4.44,4.51,4.48,0.994,4.41,297,3.0,6.4,-3.4,
20,10-1,4.59,4.66,4.64,0.995,4.57,308,3.0,6.4,-3.4,
20,11,3.42,3.74,3.53,0.942,3.22,247,0.6,9.4,-8.8,
20,12,2.43,2.50,2.37,0.948,2.31,165,0.6,4.1,-3.5,
20,13,0.83,0.90,0.88,0.978,0.81,59,0.4,0.9,-0.5,
20,14,5.10,5.40,5.62,1.041,5.31,357,3.3,9.1,-5.8,
20,15,7.35,7.65,7.77,1.015,7.46,505,1.9,35.7,-33.8,
20,15-1,8.03,9.45,9.64,1.020,8.18,624,5.1,39.2,-34.1,
20,16,9.20,9.59,9.66,1.007,9.26,633,3.4,39.7,-36.4,
20,16-1,8.57,8.87,8.85,0.998,8.55,585,1.9,39.5,-37.6,
20,17,8.81,9.11,9.49,1.042,9.18,601,6.5,32.2,-25.7,
20,18,3.12,3.32,3.45,1.039,3.24,219,3.0,0.7,+2.3,
20,19,3.92,3.95,3.99,1.011,3.96,261,3.0,2.6,+0.4,
20,21,1.92,2.15,2.14,0.999,1.92,142,0.5,0.6,-0.1,
20,22,2.27,2.44,2.78,1.138,2.58,161,1.7,11.6,-9.9,
20,24,3.95,4.02,4.28,1.066,4.20,265,0.0,24.7,-24.6,
20,25,3.46,3.46,3.75,1.083,3.75,229,0.0,24.2,-24.2,
20,25-1,4.39,4.40,4.66,1.060,4.66,290,0.0,24.6,-24.6,
20,26,3.49,3.49,3.80,1.088,3.80,231,0.0,22.1,-22.1,
20,27,4.15,4.23,4.56,1.076,4.46,279,0.5,22.4,-21.8,
20,28,4.46,4.53,4.76,1.052,4.69,299,0.4,19.0,-18.5,
20,29,4.45,6.62,8.60,1.299,5.79,437,30.1,0.6,+29.6,경로 다름
20,30,4.23,4.26,4.45,1.044,4.42,281,1.2,12.4,-11.3,
20,31,4.36,4.47,4.71,1.055,4.60,295,2.3,15.8,-13.5,
20,32,8.01,8.17,8.65,1.059,8.49,539,9.0,19.2,-10.1,
20,32-1,6.79,8.11,8.59,1.059,7.19,535,9.1,19.2,-10.1,
20,33,5.54,5.55,6.02,1.084,6.00,367,5.9,12.2,-6.4,
20,34,4.72,4.86,5.29,1.089,5.14,321,8.4,6.5,+1.9,
20,35,2.25,2.24,2.30,1.023,2.30,148,1.5,0.6,+0.9,
20,36,5.30,5.31,5.79,1.091,5.78,350,9.4,9.2,+0.4,
20,37,5.46,5.56,6.02,1.084,5.92,367,5.9,12.2,-6.4,
20,38,6.76,6.76,6.77,1.001,6.77,446,4.4,10.0,-5.7,
20,39,7.50,6.79,7.06,1.039,7.80,448,7.6,3.4,+4.2,
20,40,7.57,8.52,8.94,1.049,7.94,562,11.1,9.9,+1.2,
20,43,2.33,2.33,2.33,0.999,2.33,154,0.5,0.6,-0.1,
20,43-1,3.31,3.31,3.40,1.028,3.40,218,2.4,3.7,-1.3,
20,43-2,3.01,3.02,3.06,1.014,3.06,199,1.2,6.3,-5.1,
20,44-1,5.17,5.17,5.28,1.023,5.29,341,4.5,2.7,+1.8,
20,49,9.29,9.59,10.97,1.144,10.63,633,14.5,25.8,-11.3,
20,50,8.31,8.61,9.15,1.062,8.83,568,7.8,29.8,-22.1,
20,51,9.71,10.01,10.72,1.071,10.40,661,10.4,34.4,-24.1,
20,52,9.80,10.10,10.78,1.068,10.46,666,10.4,29.8,-19.5,
20,52-1,10.48,10.91,11.61,1.064,11.15,720,11.3,32.1,-20.9,
20,52-2,11.00,11.30,12.01,1.062,11.69,746,11.4,32.1,-20.7,
20,53,8.91,9.21,10.56,1.147,10.22,608,14.1,25.9,-11.8,
20,54,7.80,8.18,9.43,1.153,8.99,540,12.1,25.5,-13.4,
20,55,8.06,8.36,9.61,1.150,9.27,552,12.1,25.5,-13.4,
20,56,1.56,1.74,1.88,1.080,1.68,115,1.6,4.4,-2.8,
20,57,13.84,14.16,15.35,1.084,15.00,934,17.5,46.3,-28.8,
20,57-1,12.85,13.15,14.18,1.078,13.86,868,17.7,36.7,-18.9,
20,58,13.25,13.55,13.99,1.033,13.69,894,9.2,43.9,-34.7,
20,59,13.01,13.31,14.58,1.095,14.24,879,17.5,44.8,-27.1,
20,59-1,13.94,14.23,15.52,1.090,15.19,939,17.5,51.3,-33.5,
20,61,1.90,2.21,2.41,1.092,2.07,146,0.9,9.3,-8.4,
20,62,2.64,4.28,5.01,1.170,3.09,282,5.1,24.5,-19.6,경로 다름
20,64,11.73,11.73,11.44,0.976,11.44,774,0.6,49.6,-48.9,
20,66,9.62,11.73,14.75,1.257,12.09,774,47.9,6.7,+41.2,
20,71,18.65,18.74,19.53,1.042,19.44,1237,16.9,51.1,-34.2,
20,71-1,17.04,18.74,19.53,1.042,17.76,1237,16.9,51.1,-34.2,
20,73,7.10,7.40,7.61,1.028,7.30,489,1.9,32.8,-30.9,
20,74,6.67,6.97,7.80,1.119,7.47,460,10.4,28.0,-17.8,
20,75,7.96,8.15,8.52,1.045,8.32,538,7.3,19.2,-11.9,
20,75-1,7.81,8.06,8.13,1.010,7.88,532,4.0,22.5,-18.5,
20,80,23.00,23.30,25.37,1.089,25.05,1538,38.3,52.0,-13.7,
20,81,17.47,17.76,18.79,1.058,18.47,1172,19.8,40.1,-20.4,
20,82,8.02,8.32,10.51,1.263,10.13,549,22.1,24.0,-2.0,
20,83,9.93,10.23,10.75,1.051,10.44,675,8.9,34.6,-25.7,
20,84,7.64,7.57,8.00,1.057,8.07,499,5.5,29.3,-23.9,
20,85,18.59,18.91,20.06,1.061,19.72,1248,21.9,40.1,-18.2,
20,85-1,23.62,24.23,26.24,1.083,25.59,1599,37.9,52.4,-14.5,
20,86,22.31,22.92,24.91,1.087,24.25,1513,36.0,52.0,-15.9,
20,101,9.98,10.28,10.28,1.000,9.98,679,1.9,42.7,-40.7,
20,103,8.02,8.32,8.37,1.007,8.07,549,0.9,36.7,-35.7,
20,105-2,9.62,11.53,13.37,1.159,11.16,761,32.5,6.4,+26.3,
20,129,5.38,5.59,5.74,1.025,5.52,369,2.3,17.9,-15.5,
20,132,6.62,8.65,10.66,1.233,8.17,571,32.1,2.5,+29.6,경로 다름
20,135,7.18,6.93,7.21,1.040,7.47,457,7.8,3.4,+4.5,
20,140,12.14,12.46,13.71,1.100,13.35,823,21.1,32.8,-11.3,
20,140-1,12.14,12.46,13.71,1.100,13.35,823,21.1,32.8,-11.3,
20,140-2,12.14,12.46,13.71,1.100,13.35,823,21.1,32.8,-11.3,
20,142,3.76,5.90,7.69,1.305,4.90,389,27.1,0.6,+26.6,경로 다름
20,143,0.31,0.35,0.35,1.008,0.31,23,0.1,0.0,+0.0,
20,152-1,16.40,16.47,16.86,1.024,16.80,1087,11.4,50.1,-38.8,
20,153,15.80,16.13,16.52,1.024,16.19,1065,11.1,48.2,-37.0,
20,200,6.05,6.28,6.34,1.008,6.10,415,2.3,19.7,-17.4,
20,201,7.16,7.31,7.45,1.018,7.29,483,3.9,19.9,-16.0,
20,203,6.62,6.62,6.95,1.049,6.95,437,1.1,24.6,-23.5,
20,207,11.10,11.68,12.38,1.060,11.76,771,11.4,32.1,-20.7,
20,220,10.87,11.24,12.25,1.090,11.85,742,16.5,33.1,-16.5,
20,221,12.98,13.46,14.62,1.087,14.10,888,19.2,34.9,-15.7,
20,222,11.62,11.92,13.01,1.091,12.69,787,17.8,34.9,-17.1,
20,223,15.55,16.02,17.62,1.100,17.11,1057,26.5,35.3,-8.9,
20,300,13.67,13.86,17.59,1.269,17.34,915,59.4,3.4,+56.0,
20,301,14.73,14.69,18.73,1.275,18.78,969,64.0,3.4,+60.7,
20,302,17.29,17.49,22.96,1.313,22.70,1155,85.7,3.4,+82.2,
20,500,8.05,8.05,8.17,1.015,8.17,531,1.1,29.3,-28.2,
20,900,,10.40,11.09,1.066,11.09,687,17.6,14.6,+2.9,
20,901,,10.21,10.93,1.070,10.93,674,16.4,17.9,-1.4,
20,902,,9.64,10.28,1.066,10.28,636,16.4,13.7,+2.7,
20,903,,10.08,10.91,1.082,10.91,665,18.7,11.6,+7.0,
20,904,,9.76,10.62,1.088,10.62,644,18.8,11.0,+7.8,
20,905,,11.25,12.90,1.147,12.90,743,24.4,19.1,+5.3,
20,906,,10.75,11.62,1.081,11.62,710,18.4,20.1,-2.1,
20,915,,14.51,15.26,1.051,15.26,958,15.8,48.7,-32.5,
20,916,,15.65,16.46,1.052,16.46,1033,17.8,50.1,-32.1,
20,917,,16.47,17.41,1.057,17.41,1087,17.9,56.0,-37.9,
20,918,,11.50,13.77,1.198,13.77,759,31.0,16.6,+14.0,
20,919,11.39,11.46,12.25,1.069,12.18,756,15.8,27.9,-12.1,
20,921,,13.14,13.89,1.057,13.89,867,16.0,37.5,-21.4,
20,922,,13.67,14.57,1.066,14.57,902,17.9,34.8,-17.1,
20,923,,14.16,15.09,1.066,15.09,934,19.1,37.5,-18.3,
20,924,,14.13,14.96,1.058,14.96,932,17.9,38.5,-20.5,
20,925,,13.45,14.17,1.054,14.17,888,15.8,37.9,-22.1,
20,926,,13.91,14.56,1.047,14.56,918,15.9,39.6,-23.7,
20,931,,18.91,19.83,1.049,19.83,1248,20.8,62.8,-42.1,
20,932,,18.75,19.62,1.046,19.62,1238,18.8,60.5,-41.8,
20,933,,19.36,20.28,1.048,20.28,1278,19.7,60.5,-40.8,
20,934,,19.45,20.40,1.049,20.40,1283,20.3,60.5,-40.2,
20,935,,20.73,21.57,1.041,21.57,1368,20.0,63.9,-43.8,
20,942,18.79,18.97,20.19,1.065,20.00,1252,24.3,47.4,-23.2,
20,946,,13.95,14.77,1.059,14.77,920,15.8,48.3,-32.6,
20,GATE,15.73,15.72,15.25,0.970,15.26,1037,1.2,54.1,-53.0,
21,1,5.84,5.99,6.31,1.053,6.15,395,2.3,21.3,-19.0,
21,2,6.03,6.24,6.56,1.051,6.34,412,2.3,19.0,-16.7,
21,3,7.28,7.17,7.51,1.048,7.63,473,2.9,19.1,-16.3,
21,4,6.99,7.23,7.48,1.035,7.23,477,2.8,21.3,-18.5,
21,5,5.97,6.12,6.31,1.031,6.15,404,2.8,16.6,-13.7,
21,6,7.36,7.52,7.62,1.013,7.46,496,3.7,12.3,-8.5,
21,7,5.91,6.32,6.59,1.043,6.16,417,3.9,8.9,-4.9,
21,8,6.03,6.42,6.61,1.029,6.21,423,2.8,16.6,-13.7,
21,9,6.01,6.31,6.58,1.043,6.27,416,4.0,8.9,-4.9,
21,10,7.18,7.90,8.21,1.039,7.46,522,8.8,6.3,+2.5,
21,10-1,7.33,8.06,8.37,1.038,7.61,532,8.8,6.3,+2.5,
21,11,6.19,6.43,6.32,0.983,6.09,425,2.5,5.5,-2.9,
21,12,5.18,5.80,5.76,0.993,5.14,383,2.5,3.7,-1.2,
21,13,3.57,3.85,3.87,1.004,3.59,254,2.3,2.4,+0.0,
21,14,7.90,8.05,8.26,1.026,8.10,531,4.7,10.9,-6.3,
21,15,9.95,10.10,10.52,1.042,10.36,666,1.9,36.1,-34.2,
21,15-1,10.62,11.90,12.39,1.042,11.06,785,5.0,39.6,-34.6,
21,16,11.79,12.04,12.41,1.031,12.16,794,3.3,40.1,-36.8,
21,16-1,11.16,11.31,11.60,1.026,11.45,747,1.9,40.0,-38.1,
21,17,11.40,11.56,12.25,1.060,12.08,763,6.5,32.7,-26.2,
21,18,1.57,1.99,2.30,1.154,1.82,132,5.1,0.2,+4.9,
21,19,2.37,2.62,2.85,1.084,2.57,173,5.1,2.0,+3.0,
21,20,1.92,2.15,2.15,1.002,1.93,142,0.6,0.5,+0.1,
21,22,2.38,2.56,2.84,1.111,2.64,169,0.2,12.8,-12.6,
21,24,5.51,5.74,6.15,1.073,5.91,379,0.5,27.8,-27.3,
21,25,5.03,5.18,5.62,1.085,5.46,342,0.5,27.4,-26.8,
21,25-1,5.96,6.11,6.53,1.068,6.37,403,0.5,27.8,-27.3,
21,26,5.05,4.95,5.22,1.054,5.33,327,0.0,23.9,-23.9,
21,27,4.42,4.58,4.71,1.030,4.56,302,1.1,18.8,-17.7,
21,28,3.79,3.88,4.09,1.054,3.99,256,1.1,17.4,-16.3,
21,29,4.61,5.30,7.46,1.409,6.49,350,32.2,0.0,+32.2,
21,30,2.90,2.92,3.03,1.037,3.01,193,0.2,13.5,-13.3,
21,31,3.70,3.80,4.02,1.057,3.91,251,1.1,17.2,-16.1,
21,32,7.35,7.50,7.95,1.060,7.79,495,7.9,20.6,-12.8,
21,32-1,6.12,7.44,7.89,1.061,6.49,491,7.9,20.6,-12.8,
21,33,4.18,4.20,4.50,1.071,4.48,277,4.0,12.3,-8.3,
21,34,2.81,2.94,3.27,1.110,3.12,194,6.2,6.2,-0.0,
21,35,0.70,0.83,0.97,1.161,0.82,55,2.3,0.0,+2.1,
21,36,3.39,3.39,3.77,1.110,3.76,224,7.2,8.9,-1.5,
21,37,4.11,4.20,4.50,1.071,4.40,277,4.0,12.3,-8.3,
21,38,5.20,5.20,5.70,1.097,5.70,343,10.4,13.4,-3.1,
21,39,5.94,5.23,6.04,1.156,6.86,345,14.7,7.8,+6.8,
21,40,6.00,6.95,7.86,1.131,6.79,459,17.2,13.3,+3.8,
21,43,0.67,0.69,0.70,1.003,0.67,46,0.0,0.0,+0.0,
21,43-1,1.40,1.40,1.38,0.988,1.38,92,0.2,3.5,-3.3,
21,43-2,1.49,1.92,1.98,1.032,1.54,127,1.1,6.2,-5.0,
21,44-1,3.62,3.69,4.07,1.103,4.00,244,7.7,8.0,-0.4,
21,49,12.09,12.24,13.61,1.112,13.43,808,15.9,27.6,-11.8,
21,50,10.90,11.05,11.90,1.077,11.74,730,7.8,30.4,-22.6,
21,51,12.30,12.46,13.48,1.082,13.31,822,10.4,34.9,-24.6,
21,52,12.39,12.54,13.54,1.080,13.37,828,10.4,30.4,-19.9,
21,52-1,13.07,13.36,14.36,1.075,14.06,882,11.4,32.7,-21.3,
21,52-2,13.60,13.75,14.76,1.074,14.60,907,11.5,32.7,-21.2,
21,53,11.71,11.86,13.20,1.113,13.03,783,15.5,27.8,-12.2,
21,54,10.59,10.83,12.07,1.115,11.81,715,13.5,27.3,-13.8,
21,55,10.85,10.98,11.79,1.074,11.66,725,7.3,30.4,-23.1,
21,56,0.79,1.10,1.02,0.928,0.74,72,0.0,1.9,-1.9,
21,57,16.43,16.60,18.10,1.090,17.92,1096,17.6,46.8,-29.2,
21,57-1,15.45,15.60,16.94,1.086,16.77,1030,17.8,37.2,-19.4,
21,58,15.84,16.00,16.75,1.047,16.59,1056,9.2,44.4,-35.2,
21,59,15.60,15.76,17.33,1.100,17.16,1040,17.6,45.4,-27.6,
21,59-1,16.53,16.68,18.28,1.096,18.11,1101,17.6,51.8,-34.0,
21,61,4.69,4.86,5.05,1.039,4.88,321,2.3,11.1,-8.8,
21,62,4.21,6.00,6.88,1.147,4.83,396,5.6,27.7,-22.3,경로 다름
21,64,13.29,13.45,13.31,0.990,13.16,887,1.1,52.8,-51.6,
21,66,9.77,10.41,13.61,1.308,12.78,687,50.0,6.2,+43.8,
21,71,21.24,21.19,22.29,1.052,22.35,1398,17.0,51.6,-34.6,
21,71-1,19.63,21.19,22.29,1.052,20.65,1398,17.0,51.6,-34.6,
21,73,9.31,9.47,9.79,1.035,9.63,625,0.7,34.8,-34.0,
21,74,9.44,9.59,10.74,1.120,10.57,633,11.1,29.2,-18.2,
21,75,7.29,7.49,7.83,1.045,7.63,494,6.1,20.6,-14.5,
21,75-1,7.14,7.39,7.44,1.006,7.19,488,2.9,24.0,-21.1,
21,80,25.59,25.75,28.13,1.093,27.96,1699,38.4,52.5,-14.2,
21,81,20.06,20.21,21.55,1.066,21.38,1334,19.8,40.7,-20.8,
21,82,10.81,10.97,13.14,1.198,12.96,724,23.5,25.9,-2.4,
21,83,12.52,12.67,13.51,1.066,13.35,836,9.0,35.1,-26.2,
21,84,10.23,10.01,10.75,1.074,10.98,661,5.6,29.8,-24.3,
21,85,21.18,21.36,22.82,1.068,22.63,1410,22.0,40.7,-18.6,
21,85-1,26.21,26.67,29.00,1.087,28.50,1760,37.9,52.9,-15.0,
21,86,24.90,25.37,27.67,1.091,27.16,1674,36.1,52.5,-16.4,
21,101,12.58,12.73,13.04,1.024,12.88,840,1.9,43.1,-41.2,
21,103,9.98,10.14,10.41,1.026,10.25,669,0.6,36.8,-36.2,
21,105-2,9.78,9.97,12.36,1.240,12.12,658,39.6,10.9,+28.9,
21,129,4.71,4.93,5.04,1.023,4.82,325,1.1,19.3,-18.2,
21,132,6.78,7.32,9.52,1.301,8.81,483,34.2,2.0,+32.2,
21,135,5.64,5.37,6.19,1.154,6.51,354,14.9,7.8,+7.1,
21,140,14.73,14.91,16.47,1.105,16.27,984,21.1,33.3,-11.8,
21,140-1,14.73,14.91,16.47,1.105,16.27,984,21.1,33.3,-11.8,
21,140-2,14.73,14.91,16.47,1.105,16.27,984,21.1,33.3,-11.8,
21,142,3.91,4.57,6.55,1.433,5.61,302,29.2,0.0,+29.2,
21,143,1.80,2.70,3.22,1.194,2.15,178,8.7,0.2,+8.5,
21,152-1,18.99,18.91,19.62,1.038,19.71,1248,11.4,50.6,-39.2,
21,153,18.40,18.58,19.28,1.038,19.09,1226,11.2,48.7,-37.5,
21,200,5.39,5.62,5.64,1.004,5.41,371,1.1,21.2,-20.1,
21,201,6.49,6.65,6.75,1.016,6.59,439,2.7,21.4,-18.6,
21,203,6.94,7.09,6.98,0.984,6.83,468,1.1,27.3,-26.2,
21,207,13.69,14.12,15.14,1.072,14.67,932,11.5,32.7,-21.2,
21,220,13.46,13.68,15.01,1.097,14.76,903,16.5,33.6,-17.0,
21,221,15.57,15.90,17.38,1.093,17.01,1050,19.3,35.4,-16.1,
21,222,14.21,14.37,15.77,1.098,15.60,948,17.9,35.4,-17.6,
21,223,18.28,18.46,20.38,1.104,20.18,1218,26.5,35.8,-9.3,
21,300,12.10,12.29,16.57,1.348,16.31,811,66.4,7.8,+58.6,
21,301,13.17,13.12,17.71,1.350,17.77,866,71.1,7.8,+63.3,
21,302,15.73,15.93,21.95,1.378,21.67,1051,92.8,7.8,+84.8,
21,500,8.42,8.58,8.26,0.963,8.11,566,1.1,31.9,-30.8,
21,900,,13.80,14.82,1.074,14.82,911,23.4,14.5,+8.8,
21,901,,13.61,14.66,1.077,14.66,898,22.2,17.8,+4.5,
21,902,,13.04,14.01,1.074,14.01,861,22.1,13.6,+8.6,
21,903,,13.48,14.64,1.086,14.64,890,24.5,11.5,+12.9,
21,904,,13.16,14.35,1.091,14.35,868,24.5,10.9,+13.6,
21,905,,14.65,16.64,1.136,16.64,967,30.2,19.0,+11.2,
21,906,,14.15,15.35,1.085,15.35,934,24.2,20.0,+3.8,
21,915,,17.91,18.99,1.060,18.99,1182,21.6,48.6,-26.6,
21,916,,19.05,20.20,1.060,20.20,1257,23.5,50.0,-26.2,
21,917,,19.87,21.14,1.064,21.14,1311,23.7,55.9,-32.1,
21,918,,14.89,17.51,1.175,17.51,983,36.8,16.5,+19.9,
21,919,14.13,14.86,15.98,1.076,15.20,981,21.6,27.8,-6.2,
21,921,,16.54,17.62,1.066,17.62,1091,21.7,37.4,-15.6,
21,922,,17.06,18.30,1.073,18.30,1126,23.7,34.7,-11.2,
21,923,,17.55,18.83,1.072,18.83,1159,24.9,37.4,-12.4,
21,924,,17.53,18.69,1.066,18.69,1157,23.7,38.3,-14.6,
21,925,,16.85,17.91,1.063,17.91,1112,21.6,37.8,-16.2,
21,926,,17.30,18.29,1.057,18.29,1142,21.6,39.5,-17.8,
21,931,,22.31,23.56,1.056,23.56,1472,26.6,62.7,-36.2,
21,932,,22.15,23.35,1.054,23.35,1462,24.5,60.4,-36.0,
21,933,,22.76,24.01,1.055,24.01,1502,25.4,60.4,-34.9,
21,934,,22.84,24.13,1.056,24.13,1508,26.0,60.4,-34.3,
21,935,,24.12,25.30,1.049,25.30,1592,25.8,63.8,-37.9,
21,942,21.53,22.36,23.92,1.070,23.03,1476,30.0,47.3,-17.3,
21,946,,17.34,18.50,1.067,18.50,1145,21.6,48.2,-26.7,
21,GATE,17.29,17.44,17.12,0.982,16.98,1151,1.7,57.3,-55.6,
22,1,4.43,4.43,4.33,0.976,4.33,292,0.8,4.4,-3.6,
22,2,4.63,4.68,4.62,0.987,4.57,309,0.8,2.1,-1.2,
22,3,5.88,5.61,5.57,0.994,5.84,370,1.4,2.2,-0.8,
22,4,5.58,5.67,5.54,0.977,5.45,374,1.3,4.4,-3.1,
22,5,4.96,4.97,4.90,0.988,4.90,328,0.8,2.1,-1.3,
22,6,6.57,6.60,6.69,1.014,6.66,436,4.2,3.4,+0.9,
22,7,5.69,5.72,6.16,1.077,6.12,378,8.5,2.1,+6.2,
22,8,5.28,5.46,5.67,1.038,5.48,360,5.0,2.1,+2.9,
22,9,5.93,5.95,6.56,1.101,6.53,393,10.0,2.4,+7.6,
22,10,7.42,7.81,8.52,1.091,8.10,515,13.4,4.4,+8.9,
22,10-1,8.36,8.38,9.71,1.158,9.68,553,22.5,7.4,+15.0,
22,11,6.65,6.76,7.67,1.135,7.54,446,16.2,6.6,+9.6,
22,12,6.04,6.12,7.10,1.160,7.01,404,16.2,4.8,+11.4,
22,13,4.15,4.18,5.21,1.248,5.18,276,16.0,3.5,+12.6,
22,14,7.10,7.13,7.56,1.060,7.53,471,8.6,2.2,+6.3,
22,15,8.14,8.14,8.07,0.991,8.07,537,1.5,20.3,-18.8,
22,15-1,8.81,9.94,9.94,1.000,8.81,656,4.7,23.9,-19.2,
22,16,9.98,10.08,9.96,0.988,9.87,665,3.0,24.3,-21.4,
22,16-1,9.36,9.36,9.15,0.978,9.15,618,1.5,24.2,-22.7,
22,17,9.60,9.60,9.80,1.020,9.79,634,6.2,17.0,-10.8,
22,18,4.09,4.32,5.70,1.319,5.40,285,19.8,0.4,+19.5,
22,19,4.50,4.50,6.07,1.348,6.06,297,23.6,0.1,+23.4,
22,20,2.27,2.44,3.23,1.319,2.99,161,11.6,1.7,+9.9,
22,21,2.38,2.56,3.50,1.370,3.26,169,12.8,0.2,+12.6,
22,24,2.80,2.87,2.67,0.930,2.60,190,0.0,6.5,-6.4,
22,25,2.22,2.22,2.09,0.944,2.09,146,0.0,4.6,-4.6,
22,25-1,3.25,3.25,3.05,0.938,3.05,214,0.0,6.5,-6.4,
22,26,2.35,1.81,1.72,0.953,2.23,119,0.0,3.1,-3.0,
22,27,1.44,1.48,1.48,1.000,1.44,98,0.5,0.5,-0.0,
22,28,0.67,0.67,0.67,1.000,0.67,44,0.0,0.0,+0.0,
22,29,7.46,7.62,10.86,1.425,10.63,503,47.0,0.2,+46.8,
22,30,1.72,1.84,2.19,1.190,2.05,122,5.6,0.0,+5.6,
22,31,0.86,0.86,0.86,1.000,0.86,56,0.0,0.0,+0.0,
22,32,4.40,4.41,4.72,1.071,4.72,291,7.2,2.3,+4.9,
22,32-1,3.15,4.34,4.66,1.072,3.38,287,7.3,2.3,+4.9,경로 다름
22,33,2.90,3.02,3.41,1.128,3.27,200,6.6,0.4,+6.2,
22,34,2.60,2.60,3.12,1.201,3.12,172,8.6,0.0,+8.6,
22,35,3.14,3.16,4.36,1.382,4.33,208,17.1,0.2,+16.8,
22,36,3.98,3.98,5.15,1.294,5.15,263,18.0,2.8,+15.4,
22,37,3.05,3.14,3.66,1.167,3.56,207,8.6,0.0,+8.6,
22,38,4.56,4.56,5.38,1.180,5.38,301,13.4,0.1,+13.3,
22,39,6.52,5.81,7.43,1.278,8.32,384,25.5,1.7,+23.7,
22,40,6.36,6.36,7.63,1.200,7.63,420,20.9,0.1,+20.7,
22,43,1.91,2.07,2.76,1.328,2.54,137,10.3,0.6,+9.8,
22,43-1,1.59,1.60,1.83,1.146,1.82,105,3.7,0.1,+3.7,
22,43-2,1.23,1.37,2.05,1.496,1.84,90,9.4,0.0,+9.2,
22,44-1,4.24,4.28,5.46,1.275,5.40,283,18.5,2.0,+16.5,
22,49,10.68,10.68,11.67,1.092,11.67,705,14.3,10.7,+3.6,
22,50,9.10,9.10,9.45,1.039,9.45,600,7.5,14.6,-7.2,
22,51,10.50,10.50,11.03,1.050,11.03,693,10.1,19.1,-9.2,
22,52,10.58,10.58,11.09,1.048,11.09,698,10.1,14.6,-4.5,
22,52-1,11.27,11.40,11.91,1.045,11.77,752,11.0,16.9,-5.9,
22,52-2,11.79,11.79,12.31,1.044,12.31,778,11.1,16.9,-5.8,
22,53,10.30,10.30,11.27,1.093,11.26,680,14.0,10.8,+3.2,
22,54,9.18,9.27,10.13,1.093,10.04,612,12.0,10.4,+1.6,
22,55,9.32,9.02,9.34,1.036,9.65,595,6.9,14.6,-7.7,
22,56,0.34,0.34,0.34,1.000,0.34,22,0.0,0.0,+0.0,
22,57,14.63,14.64,15.65,1.069,15.63,967,17.2,31.0,-13.8,
22,57-1,13.64,13.64,14.49,1.062,14.49,900,17.4,21.4,-4.0,
22,58,14.04,14.04,14.30,1.019,14.30,927,8.9,28.6,-19.8,
22,59,13.79,13.80,14.88,1.078,14.87,911,17.2,29.6,-12.2,
22,59-1,14.72,14.72,15.82,1.075,15.82,972,17.2,36.0,-18.5,
22,61,4.40,4.40,4.56,1.037,4.56,291,3.9,1.4,+2.4,
22,62,2.40,4.04,4.43,1.096,2.63,267,5.3,11.9,-6.8,경로 다름
22,64,11.49,11.49,10.86,0.945,10.86,758,0.8,37.0,-36.2,
22,66,12.62,12.74,17.01,1.335,16.86,841,64.7,6.4,+58.4,
22,71,19.44,19.23,19.84,1.032,20.05,1269,16.6,35.9,-19.2,
22,71-1,17.82,19.23,19.84,1.032,18.39,1269,16.6,35.9,-19.2,
22,73,7.51,7.51,7.34,0.978,7.34,496,0.4,19.0,-18.6,
22,74,7.63,7.63,8.29,1.086,8.29,504,10.7,13.4,-2.8,
22,75,4.35,4.39,4.59,1.046,4.55,290,5.5,2.4,+3.1,
22,75-1,4.20,4.29,4.20,0.979,4.11,283,2.3,5.7,-3.5,
22,80,23.79,23.79,25.68,1.079,25.68,1570,38.1,36.7,+1.2,
22,81,18.25,18.25,19.09,1.046,19.09,1205,19.5,24.9,-5.4,
22,82,9.41,9.41,11.20,1.191,11.20,621,22.0,9.0,+13.0,
22,83,10.72,10.71,11.06,1.032,11.06,707,8.6,19.4,-10.8,
22,84,8.42,8.05,8.30,1.031,8.68,532,5.2,14.0,-8.9,
22,85,19.38,19.40,20.37,1.050,20.34,1281,21.7,24.9,-3.2,
22,85-1,24.41,24.71,26.55,1.074,26.22,1631,37.6,37.1,+0.5,
22,86,23.10,23.41,25.22,1.077,24.88,1545,35.7,36.7,-1.0,
22,101,10.77,10.77,10.59,0.983,10.59,711,1.5,27.3,-25.8,
22,103,8.18,8.18,7.95,0.972,7.95,540,0.3,21.0,-20.8,
22,105-2,10.46,10.56,13.74,1.302,13.62,697,50.4,4.8,+45.9,
22,129,1.77,1.83,1.81,0.986,1.75,121,0.5,1.1,-0.5,
22,132,9.63,9.65,12.92,1.339,12.89,637,49.0,2.2,+46.8,
22,135,6.26,5.95,7.58,1.273,7.97,393,25.7,1.7,+24.0,
22,140,12.92,12.95,14.02,1.082,13.99,855,20.8,17.5,+3.6,
22,140-1,12.92,12.95,14.02,1.082,13.99,855,20.8,17.5,+3.6,
22,140-2,12.92,12.95,14.02,1.082,13.99,855,20.8,17.5,+3.6,
22,142,6.76,6.90,9.95,1.442,9.75,455,44.0,0.2,+43.8,
22,143,5.00,5.02,6.62,1.317,6.58,331,23.5,0.4,+23.1,
22,152-1,17.19,16.95,17.17,1.013,17.41,1119,11.1,34.9,-23.8,
22,153,16.59,16.62,16.83,1.013,16.80,1097,10.9,32.9,-22.1,
22,200,2.44,2.52,2.41,0.955,2.33,166,0.5,2.9,-2.4,
22,201,3.55,3.55,3.52,0.991,3.51,234,2.1,3.1,-1.0,
22,203,4.00,4.00,3.75,0.938,3.75,264,0.5,9.0,-8.5,
22,207,11.88,12.17,12.69,1.043,12.39,803,11.1,16.9,-5.8,
22,220,11.66,11.73,12.55,1.071,12.48,774,16.2,17.8,-1.5,
22,221,13.76,13.95,14.93,1.070,14.73,920,18.9,19.6,-0.7,
22,222,12.41,12.41,13.32,1.073,13.32,819,17.5,19.7,-2.2,
22,223,16.47,16.50,17.93,1.086,17.90,1089,26.2,20.0,+6.1,
22,300,12.69,12.88,17.96,1.394,17.69,850,77.3,1.7,+75.5,
22,301,13.76,13.71,19.10,1.393,19.16,905,82.0,1.7,+80.2,
22,302,16.32,16.52,23.34,1.413,23.05,1090,103.6,1.7,+101.8,
22,500,5.48,5.48,5.03,0.918,5.03,362,0.5,13.7,-13.2,
22,900,,13.12,15.19,1.157,15.19,866,33.0,8.7,+24.2,
22,901,,12.93,15.03,1.163,15.03,854,31.8,12.0,+19.9,
22,902,,12.36,14.38,1.163,14.38,816,31.8,7.8,+24.0,
22,903,,12.80,15.01,1.172,15.01,845,34.1,5.8,+28.3,
22,904,,12.48,14.72,1.180,14.72,824,34.2,5.1,+29.1,
22,905,,14.12,16.32,1.155,16.32,932,36.0,9.3,+26.6,
22,906,,13.47,15.72,1.167,15.72,889,33.9,14.3,+19.2,
22,915,,17.23,19.36,1.124,19.36,1137,31.3,42.8,-11.2,
22,916,,18.37,20.57,1.120,20.57,1213,33.2,44.2,-10.8,
22,917,,19.19,21.52,1.121,21.52,1267,33.3,50.2,-16.7,
22,918,,14.37,17.19,1.197,17.19,948,43.1,7.4,+35.3,
22,919,14.18,14.18,16.35,1.153,16.35,936,31.3,22.0,+9.2,
22,921,,15.86,18.00,1.135,18.00,1047,31.4,31.6,-0.2,
22,922,,16.39,18.68,1.140,18.68,1082,33.3,28.9,+4.2,
22,923,,16.88,19.20,1.138,19.20,1114,34.6,31.6,+3.0,
22,924,,16.85,19.06,1.131,19.06,1112,33.4,32.6,+0.8,
22,925,,16.17,18.28,1.130,18.28,1067,31.3,32.0,-0.8,
22,926,,16.63,18.67,1.123,18.67,1097,31.3,33.8,-2.4,
22,931,,21.63,23.93,1.106,23.93,1428,36.2,57.0,-20.8,
22,932,,21.47,23.73,1.105,23.73,1417,34.2,54.6,-20.5,
22,933,,22.08,24.38,1.104,24.38,1457,35.1,54.6,-19.5,
22,934,,22.17,24.51,1.105,24.51,1463,35.7,54.6,-18.9,
22,935,,23.45,25.68,1.095,25.68,1548,35.4,58.0,-22.5,
22,942,21.58,21.69,24.30,1.120,24.17,1431,39.7,41.6,-1.9,
22,946,,16.67,18.87,1.132,18.87,1100,31.3,42.5,-11.3,
22,GATE,15.49,15.48,14.67,0.948,14.68,1022,1.4,41.5,-40.2,
24,1,2.97,3.40,3.57,1.051,3.12,224,3.1,0.1,+3.1,
24,2,4.02,4.41,4.79,1.085,4.37,291,7.4,1.3,+6.1,
24,3,5.82,5.98,6.69,1.120,6.52,394,11.8,0.6,+11.2,
24,4,5.43,5.63,6.33,1.124,6.11,372,11.7,0.9,+10.9,
24,5,5.70,5.85,6.66,1.138,6.48,386,13.7,0.7,+13.0,
24,6,7.09,7.25,8.26,1.140,8.09,478,16.3,0.1,+16.1,
24,7,6.43,6.61,7.92,1.198,7.70,436,21.4,0.7,+20.5,
24,8,6.01,6.34,7.42,1.170,7.03,419,17.9,0.7,+17.2,
24,9,7.08,7.24,8.80,1.215,8.60,478,25.1,0.4,+24.7,
24,10,8.58,9.03,10.68,1.183,10.15,596,26.2,0.1,+26.0,
24,10-1,9.39,9.56,11.42,1.194,11.22,631,29.2,0.1,+29.1,
24,11,7.80,8.04,9.78,1.216,9.49,531,28.4,1.7,+26.7,
24,12,7.25,7.41,9.23,1.245,9.03,489,28.8,0.3,+28.5,
24,13,5.68,5.75,7.71,1.342,7.62,379,29.1,1.8,+27.3,
24,14,7.56,7.75,9.06,1.169,8.84,511,20.8,0.1,+20.5,
24,15,5.68,5.84,5.83,0.999,5.68,385,2.5,7.0,-4.5,
24,15-1,6.36,7.64,7.71,1.009,6.41,504,5.6,10.6,-4.9,
24,16,7.50,7.78,7.72,0.993,7.45,513,3.9,11.0,-7.1,
24,16-1,6.62,6.50,6.29,0.967,6.40,429,1.2,12.2,-10.9,
24,17,7.14,7.30,7.56,1.036,7.40,482,7.2,3.7,+3.5,
24,18,7.22,7.50,9.88,1.318,9.52,495,34.9,0.7,+34.2,
24,19,8.02,8.13,10.43,1.283,10.29,536,34.9,2.5,+32.4,
24,20,3.95,4.02,5.71,1.422,5.61,265,24.7,0.0,+24.6,
24,21,5.51,5.74,7.69,1.340,7.39,379,27.8,0.5,+27.3,
24,22,2.80,2.87,3.25,1.132,3.17,190,6.5,0.0,+6.4,
24,25,0.41,0.41,0.41,1.000,0.41,27,0.0,0.0,+0.0,
24,25-1,0.25,0.70,0.70,1.000,0.25,46,0.0,0.0,+0.0,
24,26,0.75,0.82,0.82,1.000,0.75,54,0.0,0.0,+0.0,
24,27,2.38,2.04,2.04,1.001,2.38,134,0.1,0.0,+0.0,
24,28,3.21,3.42,3.77,1.102,3.53,226,6.2,0.3,+5.9,
24,29,10.59,10.80,15.04,1.393,14.75,713,62.0,0.5,+61.5,
24,30,6.10,6.20,7.21,1.162,7.09,409,16.4,0.3,+16.1,
24,31,4.93,5.00,5.61,1.121,5.53,330,10.3,0.0,+10.3,
24,32,6.31,6.14,7.00,1.140,7.19,405,14.5,0.1,+14.4,
24,32-1,6.24,6.08,6.94,1.141,7.12,401,14.5,0.1,+14.4,
24,33,7.06,7.03,7.99,1.136,8.03,464,16.1,0.1,+16.0,
24,34,6.89,6.96,8.25,1.186,8.16,459,21.3,0.3,+20.9,
24,35,6.27,6.34,8.55,1.349,8.45,418,32.1,0.5,+31.5,
24,36,8.26,8.34,10.28,1.233,10.18,550,30.7,3.1,+27.8,
24,37,7.34,7.50,8.79,1.172,8.60,495,21.3,0.3,+21.0,
24,38,8.47,8.32,9.89,1.189,10.07,549,25.3,0.8,+24.5,
24,39,10.80,10.17,12.55,1.234,13.33,671,38.2,2.0,+36.1,
24,40,10.64,10.71,12.75,1.190,12.67,707,33.5,0.4,+33.1,
24,43,5.53,5.60,7.09,1.267,7.01,370,22.6,1.0,+21.5,
24,43-1,5.87,5.95,6.95,1.168,6.86,393,16.4,0.4,+16.0,
24,43-2,5.51,5.72,7.17,1.253,6.90,378,22.0,0.3,+21.6,
24,44-1,8.52,8.64,10.59,1.225,10.44,570,31.2,2.2,+28.9,
24,49,8.66,8.81,10.18,1.155,10.00,582,21.7,3.9,+17.9,
24,50,6.64,6.79,7.22,1.062,7.05,448,8.4,1.3,+7.1,
24,51,8.04,8.20,8.79,1.073,8.63,541,11.0,5.9,+5.1,
24,52,8.13,8.28,8.85,1.069,8.69,547,11.0,1.3,+9.7,
24,52-1,8.81,9.10,9.68,1.064,9.37,600,12.0,3.6,+8.3,
24,52-2,9.34,9.49,10.08,1.062,9.91,626,12.1,3.6,+8.5,
24,53,8.23,8.43,9.77,1.159,9.54,557,21.4,4.0,+17.4,
24,54,7.16,7.40,8.64,1.168,8.36,488,19.4,3.5,+15.8,
24,55,6.87,6.72,7.11,1.058,7.26,443,7.9,1.3,+6.6,
24,56,4.02,3.85,4.71,1.223,4.91,254,13.6,0.0,+13.5,
24,57,12.17,12.34,13.41,1.087,13.23,815,18.2,17.8,+0.4,
24,57-1,11.19,11.34,12.25,1.080,12.08,748,18.4,8.1,+10.3,
24,58,11.58,11.74,12.06,1.028,11.90,775,9.8,15.3,-5.5,
24,59,11.34,11.50,12.65,1.100,12.47,759,18.2,16.3,+2.1,
24,59-1,12.27,12.42,13.59,1.094,13.42,820,18.2,22.7,-4.3,
24,61,5.13,5.29,6.33,1.197,6.14,349,17.0,0.3,+16.7,
24,62,2.64,2.80,3.26,1.165,3.08,185,7.6,0.0,+7.4,
24,64,7.93,8.15,7.58,0.931,7.38,538,0.7,22.2,-21.5,
24,66,15.75,15.91,21.19,1.332,20.98,1050,79.8,6.7,+73.1,
24,71,16.98,16.93,17.60,1.040,17.66,1117,17.6,22.6,-5.0,
24,71-1,15.37,16.93,17.60,1.040,15.98,1117,17.6,22.6,-5.0,
24,73,4.09,4.30,4.18,0.972,3.97,284,1.2,5.1,-3.9,
24,74,5.18,5.33,6.05,1.135,5.88,352,11.7,0.1,+11.4,
24,75,6.26,6.12,6.87,1.122,7.02,404,12.8,0.1,+12.7,
24,75-1,6.10,6.03,6.48,1.075,6.56,398,9.5,3.4,+6.1,
24,80,21.28,21.49,23.44,1.091,23.22,1418,39.0,23.4,+15.5,
24,81,15.80,15.95,16.86,1.057,16.70,1053,20.4,11.6,+8.8,
24,82,7.38,7.54,9.71,1.289,9.51,497,29.4,2.1,+27.2,
24,83,8.26,8.41,8.82,1.049,8.66,555,9.6,6.1,+3.5,
24,84,5.97,5.75,6.07,1.055,6.29,380,6.2,0.8,+5.3,
24,85,16.92,17.10,18.13,1.060,17.94,1129,22.6,11.6,+11.0,
24,85-1,21.90,22.41,24.31,1.085,23.76,1479,38.5,23.8,+14.7,
24,86,20.59,21.11,22.98,1.089,22.42,1393,36.7,23.4,+13.3,
24,101,7.89,8.11,7.89,0.974,7.68,535,1.3,12.4,-11.1,
24,103,4.76,4.98,4.78,0.961,4.57,328,1.1,7.2,-6.1,
24,105-2,14.75,14.91,18.87,1.265,18.66,984,63.1,5.1,+58.3,
24,129,4.14,4.04,4.33,1.071,4.43,267,5.0,0.1,+4.9,
24,132,12.76,12.83,17.10,1.334,17.01,847,64.0,2.5,+61.5,
24,135,10.54,10.31,12.70,1.232,12.99,680,38.4,2.0,+36.4,
24,140,10.47,10.65,11.78,1.106,11.58,703,21.8,4.2,+17.9,
24,140-1,10.47,10.65,11.78,1.106,11.58,703,21.8,4.2,+17.9,
24,140-2,10.47,10.65,11.78,1.106,11.58,703,21.8,4.2,+17.9,
24,142,9.89,10.08,14.13,1.403,13.88,665,59.0,0.5,+58.5,
24,143,7.57,7.57,9.88,1.305,9.87,500,34.8,3.6,+31.2,
24,152-1,14.73,14.65,14.93,1.019,15.02,967,12.0,21.6,-9.5,
24,153,14.14,14.32,14.59,1.019,14.41,945,11.8,19.6,-7.8,
24,200,2.87,2.81,2.86,1.020,2.92,185,1.1,0.1,+1.0,
24,201,5.45,5.28,5.79,1.097,5.98,349,9.4,0.8,+8.6,
24,203,2.95,2.78,2.84,1.020,3.01,184,1.1,0.1,+1.0,
24,207,9.43,9.86,10.45,1.059,9.99,651,12.1,3.6,+8.5,
24,220,9.20,9.42,10.32,1.095,10.07,622,17.1,4.5,+12.7,
24,221,11.31,11.64,12.69,1.090,12.32,768,19.9,6.3,+13.5,
24,222,9.95,10.11,11.08,1.096,10.91,667,18.5,6.4,+12.1,
24,223,14.02,14.20,15.69,1.105,15.49,937,27.1,6.7,+20.3,
24,300,16.97,17.24,23.08,1.339,22.73,1138,89.9,2.0,+87.9,
24,301,18.04,18.07,24.22,1.341,24.18,1192,94.6,2.0,+92.6,
24,302,20.60,20.87,28.46,1.364,28.09,1378,116.3,2.0,+114.1,
24,500,4.38,4.21,4.06,0.965,4.23,278,1.1,4.7,-3.6,
24,900,,13.74,16.69,1.215,16.69,907,45.2,6.7,+38.5,
24,901,,13.55,16.53,1.220,16.53,894,44.0,10.0,+34.1,
24,902,,12.98,15.88,1.224,15.88,856,44.0,5.8,+38.3,
24,903,,13.42,16.51,1.230,16.51,886,46.3,3.7,+42.5,
24,904,,13.09,16.22,1.239,16.22,864,46.4,3.1,+43.3,
24,905,,14.74,17.82,1.209,17.82,973,48.2,7.3,+40.9,
24,906,,14.09,17.22,1.222,17.22,930,46.1,12.2,+33.5,
24,915,,17.85,20.86,1.169,20.86,1178,43.5,40.8,+3.1,
24,916,,18.99,22.07,1.162,22.07,1253,45.4,42.2,+3.4,
24,917,,19.81,23.02,1.162,23.02,1307,45.5,48.1,-2.4,
24,918,,14.98,18.69,1.248,18.69,989,55.3,5.3,+49.5,
24,919,14.64,14.80,17.85,1.206,17.67,977,43.5,20.0,+23.5,
24,921,,16.48,19.50,1.183,19.50,1087,43.6,29.6,+14.1,
24,922,,17.00,20.18,1.187,20.18,1122,45.5,26.9,+18.5,
24,923,,17.49,20.70,1.183,20.70,1155,46.8,29.6,+17.3,
24,924,,17.46,20.56,1.177,20.56,1153,45.6,30.5,+15.0,
24,925,,16.79,19.78,1.178,19.78,1108,43.4,30.0,+13.5,
24,926,,17.24,20.17,1.170,20.17,1138,43.5,31.7,+11.9,
24,931,,22.25,25.43,1.143,25.43,1468,48.4,54.9,-6.5,
24,932,,22.09,25.22,1.142,25.22,1458,46.4,52.5,-6.3,
24,933,,22.70,25.88,1.140,25.88,1498,47.3,52.6,-5.2,
24,934,,22.78,26.00,1.141,26.00,1504,47.9,52.6,-4.6,
24,935,,24.06,27.18,1.129,27.18,1588,47.6,56.0,-8.2,
24,942,22.04,22.30,25.80,1.157,25.49,1472,51.9,39.5,+12.4,
24,946,,17.28,20.37,1.179,20.37,1141,43.4,40.4,+3.0,
24,GATE,11.93,12.14,11.40,0.939,11.20,801,1.3,26.7,-25.5,
25,1,4.10,4.50,4.55,1.013,4.16,297,2.9,2.2,+0.7,
25,2,4.91,5.51,5.77,1.047,5.15,363,7.2,3.5,+3.7,
25,3,6.85,6.58,7.28,1.106,7.58,434,12.7,2.0,+10.6,
25,4,6.48,6.64,7.25,1.091,7.07,438,12.6,4.2,+8.3,
25,5,5.94,5.94,6.61,1.113,6.61,392,12.1,2.0,+10.1,
25,6,7.55,7.57,8.40,1.109,8.37,500,15.5,3.2,+12.3,
25,7,6.67,6.70,7.87,1.175,7.84,442,19.8,1.9,+17.6,
25,8,6.25,6.43,7.38,1.147,7.17,424,16.3,1.9,+14.4,
25,9,6.97,6.97,8.42,1.208,8.42,460,22.6,0.7,+21.9,
25,10,8.47,8.83,10.38,1.177,9.96,582,26.0,2.7,+23.1,
25,10-1,9.40,9.40,11.63,1.237,11.63,620,35.1,5.8,+29.3,
25,11,7.69,7.78,9.59,1.233,9.49,513,28.8,4.9,+23.9,
25,12,7.08,7.14,9.02,1.263,8.95,471,28.8,3.1,+25.7,
25,13,5.19,5.19,7.13,1.373,7.13,343,28.6,1.8,+26.9,
25,14,8.08,8.11,9.27,1.143,9.24,535,19.9,2.0,+17.7,
25,15,6.81,6.93,6.82,0.983,6.70,458,2.3,9.2,-6.9,
25,15-1,7.49,8.73,8.69,0.995,7.45,576,5.4,12.7,-7.3,
25,16,8.66,8.87,8.71,0.981,8.49,586,3.7,13.2,-9.5,
25,16-1,8.03,7.90,7.55,0.956,7.68,522,1.1,14.9,-13.8,
25,17,8.27,8.39,8.54,1.018,8.42,554,7.0,5.8,+1.1,
25,18,6.74,6.94,9.30,1.340,9.03,458,34.4,0.7,+33.7,
25,19,7.54,7.57,9.85,1.300,9.80,500,34.4,2.5,+31.9,
25,20,3.46,3.46,5.13,1.482,5.13,229,24.2,0.0,+24.2,
25,21,5.03,5.18,7.11,1.372,6.90,342,27.4,0.5,+26.8,
25,22,2.22,2.22,2.49,1.123,2.49,146,4.6,0.0,+4.6,
25,24,0.41,0.41,0.41,1.000,0.41,27,0.0,0.0,-0.0,
25,25-1,0.65,0.78,0.78,1.000,0.65,52,0.0,0.0,+0.0,
25,26,0.08,0.50,0.50,1.000,0.08,33,0.0,0.0,+0.0,
25,27,0.20,0.54,0.54,1.000,0.20,36,0.0,0.0,+0.0,
25,28,1.27,1.42,1.60,1.132,1.44,93,3.1,0.0,+3.1,
25,29,10.11,10.25,14.46,1.412,14.27,676,61.6,0.5,+61.0,
25,30,4.49,4.49,5.32,1.187,5.32,296,13.8,0.0,+13.8,
25,31,3.11,3.11,3.56,1.143,3.56,205,7.5,0.0,+7.5,
25,32,4.85,4.89,5.71,1.169,5.67,323,13.9,0.0,+13.9,
25,32-1,4.78,4.83,5.65,1.172,5.60,318,13.9,0.0,+13.9,
25,33,5.60,5.67,6.54,1.154,6.47,374,14.8,0.4,+14.4,
25,34,5.82,5.82,6.93,1.190,6.93,384,18.2,0.0,+18.1,
25,35,5.78,5.78,7.97,1.378,7.97,382,31.6,0.5,+31.0,
25,36,7.20,7.20,8.96,1.243,8.95,475,27.6,2.8,+25.0,
25,37,6.10,6.36,7.47,1.174,7.16,420,18.2,0.0,+18.2,
25,38,7.01,7.07,8.61,1.218,8.53,466,24.7,0.7,+23.9,
25,39,9.74,9.03,11.23,1.243,12.10,596,35.1,1.7,+33.3,
25,40,9.58,9.58,11.43,1.193,11.43,632,30.4,0.1,+30.3,
25,43,5.05,5.05,6.51,1.291,6.52,333,22.1,1.0,+21.1,
25,43-1,4.81,4.82,5.63,1.169,5.62,318,13.3,0.1,+13.2,
25,43-2,4.45,4.59,5.85,1.275,5.67,303,18.9,0.0,+18.8,
25,44-1,7.46,7.50,9.26,1.235,9.21,495,28.1,2.0,+26.1,
25,49,9.79,9.91,11.16,1.126,11.02,654,21.5,6.0,+15.5,
25,50,7.77,7.89,8.20,1.039,8.07,521,8.2,3.5,+4.7,
25,51,9.17,9.29,9.77,1.052,9.65,613,10.8,8.0,+2.7,
25,52,9.26,9.38,9.83,1.049,9.71,619,10.8,3.5,+7.3,
25,52-1,9.94,10.19,10.66,1.046,10.39,673,11.8,5.8,+6.0,
25,52-2,10.46,10.58,11.06,1.045,10.93,699,11.9,5.8,+6.1,
25,53,9.36,9.53,10.75,1.129,10.56,629,21.2,6.1,+15.1,
25,54,8.29,8.49,9.62,1.133,9.39,560,19.2,5.7,+13.5,
25,55,8.00,7.81,8.09,1.035,8.27,516,7.7,3.5,+4.2,
25,56,3.54,3.30,4.13,1.252,4.43,217,13.2,0.0,+13.1,
25,57,13.30,13.44,14.40,1.071,14.25,887,18.0,19.9,-2.0,
25,57-1,12.31,12.44,13.23,1.064,13.10,821,18.2,10.3,+7.9,
25,58,12.71,12.83,13.05,1.017,12.92,847,9.6,17.5,-7.9,
25,59,12.47,12.60,13.63,1.082,13.49,831,18.0,18.5,-0.3,
25,59-1,13.39,13.52,14.57,1.078,14.44,892,18.0,24.9,-6.7,
25,61,5.38,5.38,6.27,1.167,6.27,355,15.2,1.3,+13.9,
25,62,2.20,3.90,4.24,1.089,2.40,257,7.4,2.2,+5.0,경로 다름
25,64,9.43,9.55,8.85,0.927,8.74,630,0.6,24.9,-24.3,
25,66,15.27,15.36,20.61,1.342,20.49,1014,79.3,6.7,+72.6,
25,71,18.11,18.02,18.58,1.031,18.67,1189,17.4,24.8,-7.3,
25,71-1,16.50,18.02,18.58,1.031,17.01,1189,17.4,24.8,-7.3,
25,73,5.58,5.71,5.45,0.955,5.33,377,1.1,7.9,-6.8,
25,74,6.31,6.43,7.03,1.094,6.90,424,11.5,2.3,+9.1,
25,75,4.80,4.87,5.59,1.147,5.50,322,12.2,0.0,+12.1,
25,75-1,4.64,4.77,5.20,1.089,5.05,315,8.9,3.4,+5.5,
25,80,22.46,22.58,24.42,1.081,24.29,1491,38.8,25.6,+13.1,
25,81,16.92,17.04,17.84,1.047,17.71,1125,20.2,13.8,+6.5,
25,82,8.51,8.63,10.70,1.239,10.55,570,29.2,4.3,+24.9,
25,83,9.39,9.51,9.80,1.031,9.68,627,9.4,8.2,+1.1,
25,84,7.09,6.85,7.05,1.029,7.30,452,6.0,2.9,+3.0,
25,85,18.05,18.20,19.11,1.050,18.96,1201,22.4,13.8,+8.6,
25,85-1,23.08,23.51,25.29,1.076,24.83,1551,38.3,26.0,+12.3,
25,86,21.77,22.21,23.97,1.079,23.50,1466,36.5,25.6,+10.9,
25,101,9.39,9.51,9.16,0.963,9.04,628,1.2,15.1,-13.9,
25,103,6.26,6.38,6.05,0.948,5.93,421,1.0,9.9,-8.9,
25,105-2,13.68,13.78,17.55,1.274,17.43,909,60.0,4.8,+55.5,
25,129,2.68,2.79,3.05,1.091,2.92,184,4.4,0.0,+4.3,
25,132,12.27,12.27,16.52,1.346,16.53,810,63.5,2.5,+61.1,
25,135,9.48,9.17,11.38,1.241,11.76,606,35.3,1.7,+33.6,
25,140,11.60,11.75,12.76,1.087,12.60,775,21.5,6.4,+15.5,
25,140-1,11.60,11.75,12.76,1.087,12.60,775,21.5,6.4,+15.5,
25,140-2,11.60,11.75,12.76,1.087,12.60,775,21.5,6.4,+15.5,
25,142,9.41,9.52,13.55,1.423,13.39,628,58.6,0.5,+58.0,
25,143,7.08,7.02,9.30,1.325,9.39,463,34.4,3.6,+30.7,
25,152-1,15.86,15.75,15.92,1.011,16.03,1039,11.8,23.8,-11.9,
25,153,15.26,15.41,15.57,1.010,15.42,1017,11.6,21.8,-10.2,
25,200,1.40,1.55,1.58,1.016,1.43,103,0.5,0.0,+0.5,
25,201,3.99,4.03,4.51,1.119,4.47,266,8.8,0.8,+8.0,
25,203,1.49,1.53,1.55,1.016,1.52,101,0.5,0.0,+0.5,
25,207,10.55,10.96,11.43,1.043,11.01,723,11.9,5.8,+6.1,
25,220,10.33,10.52,11.30,1.074,11.10,694,16.9,6.7,+10.3,
25,221,12.44,12.74,13.67,1.073,13.35,841,19.7,8.5,+11.2,
25,222,11.08,11.20,12.06,1.077,11.93,739,18.3,8.5,+9.7,
25,223,15.15,15.30,16.68,1.090,16.51,1010,26.9,8.9,+18.0,
25,300,15.91,16.10,21.76,1.352,21.50,1063,86.9,1.7,+85.1,
25,301,16.98,16.93,22.90,1.352,22.96,1118,91.5,1.7,+89.8,
25,302,19.54,19.74,27.14,1.375,26.86,1303,113.2,1.7,+111.3,
25,500,2.92,2.96,2.78,0.940,2.74,195,0.5,4.7,-4.2,
25,900,,14.10,16.90,1.199,16.90,930,44.3,8.6,+35.7,
25,901,,13.91,16.74,1.204,16.74,918,43.1,11.9,+31.3,
25,902,,13.34,16.09,1.207,16.09,880,43.1,7.7,+35.4,
25,903,,13.78,16.72,1.213,16.72,909,45.4,5.6,+39.7,
25,904,,13.45,16.43,1.221,16.43,888,45.5,5.0,+40.5,
25,905,,15.10,18.03,1.194,18.03,996,47.3,9.2,+38.0,
25,906,,14.45,17.43,1.207,17.43,953,45.2,14.1,+30.7,
25,915,,18.21,21.07,1.157,21.07,1202,42.6,42.7,+0.2,
25,916,,19.35,22.28,1.151,22.28,1277,44.5,44.1,+0.6,
25,917,,20.16,23.23,1.152,23.23,1331,44.6,50.0,-5.2,
25,918,,15.34,18.90,1.232,18.90,1013,54.4,7.2,+46.7,
25,919,15.16,15.16,18.06,1.192,18.06,1000,42.6,21.9,+20.7,
25,921,,16.83,19.71,1.171,19.71,1111,42.7,31.5,+11.3,
25,922,,17.36,20.39,1.174,20.39,1146,44.6,28.8,+15.7,
25,923,,17.85,20.91,1.171,20.91,1178,45.9,31.5,+14.4,
25,924,,17.82,20.77,1.165,20.77,1176,44.7,32.5,+12.2,
25,925,,17.15,19.99,1.166,19.99,1132,42.5,31.9,+10.6,
25,926,,17.60,20.38,1.158,20.38,1162,42.6,33.6,+9.0,
25,931,,22.61,25.64,1.134,25.64,1492,47.5,56.9,-9.3,
25,932,,22.45,25.44,1.133,25.44,1481,45.5,54.5,-9.1,
25,933,,23.06,26.09,1.132,26.09,1522,46.4,54.5,-8.0,
25,934,,23.14,26.22,1.133,26.22,1527,47.0,54.5,-7.5,
25,935,,24.42,27.39,1.121,27.39,1612,46.7,57.9,-11.0,
25,942,22.55,22.66,26.01,1.148,25.88,1496,51.0,41.4,+9.6,
25,946,,17.64,20.58,1.167,20.58,1164,42.6,42.4,+0.1,
25,GATE,13.43,13.54,12.66,0.935,12.56,894,1.2,29.5,-28.3,
25-1,1,4.54,4.81,4.87,1.012,4.60,318,2.9,2.2,+0.7,
25-1,2,5.59,5.83,6.09,1.045,5.84,384,7.2,3.5,+3.7,
25-1,3,7.39,7.39,7.99,1.081,7.99,488,11.6,2.8,+8.8,
25-1,4,7.00,7.05,7.63,1.083,7.58,465,11.5,3.1,+8.5,
25-1,5,6.87,6.87,7.57,1.102,7.57,453,12.6,2.0,+10.6,
25-1,6,8.48,8.50,9.35,1.100,9.32,561,16.0,3.2,+12.8,
25-1,7,7.60,7.63,8.82,1.157,8.79,503,20.3,1.9,+18.1,
25-1,8,7.18,7.36,8.33,1.131,8.13,486,16.7,1.9,+14.8,
25-1,9,7.90,7.90,9.38,1.187,9.37,522,23.1,0.7,+22.3,
25-1,10,9.40,9.76,11.34,1.162,10.92,644,26.4,2.7,+23.6,
25-1,10-1,10.33,10.33,12.59,1.218,12.59,682,35.5,5.8,+29.8,
25-1,11,8.62,8.71,10.54,1.211,10.44,575,29.2,4.9,+24.3,
25-1,12,8.02,8.07,9.98,1.236,9.91,533,29.2,3.1,+26.1,
25-1,13,6.12,6.13,8.09,1.321,8.09,404,29.0,1.8,+27.3,
25-1,14,9.01,9.04,10.22,1.131,10.19,596,20.4,2.0,+18.1,
25-1,15,7.25,7.25,7.13,0.984,7.13,479,2.3,9.2,-6.9,
25-1,15-1,7.92,9.05,9.01,0.995,7.88,597,5.4,12.7,-7.3,
25-1,16,9.05,9.19,9.02,0.982,8.89,607,3.7,13.2,-9.5,
25-1,16-1,8.18,7.98,7.75,0.971,7.94,527,1.7,14.1,-12.4,
25-1,17,8.71,8.71,8.86,1.017,8.86,575,6.9,5.8,+1.1,
25-1,18,7.67,7.87,10.26,1.303,9.99,520,34.9,0.7,+34.2,
25-1,19,8.47,8.50,10.80,1.270,10.76,561,34.9,2.5,+32.4,
25-1,20,4.39,4.40,6.09,1.386,6.09,290,24.6,0.0,+24.6,
25-1,21,5.96,6.11,8.06,1.319,7.86,403,27.8,0.5,+27.3,
25-1,22,3.25,3.25,3.63,1.117,3.63,214,6.5,0.0,+6.4,
25-1,24,0.25,0.70,0.70,1.000,0.25,46,0.0,0.0,-0.0,
25-1,25,0.65,0.78,0.78,1.000,0.65,52,0.0,0.0,-0.0,
25-1,26,0.73,1.20,1.20,1.000,0.73,79,0.0,0.0,+0.0,
25-1,27,2.76,1.98,2.01,1.017,2.80,131,0.6,0.0,+0.6,
25-1,28,3.65,3.80,4.15,1.092,3.99,251,6.2,0.3,+5.9,
25-1,29,11.04,11.18,15.42,1.380,15.23,738,62.0,0.5,+61.5,
25-1,30,6.55,6.58,7.58,1.153,7.55,434,16.4,0.3,+16.1,
25-1,31,5.38,5.38,5.98,1.112,5.98,355,10.3,0.0,+10.3,
25-1,32,6.69,5.91,6.77,1.146,7.66,390,14.5,0.0,+14.5,
25-1,32-1,6.61,5.85,6.71,1.147,7.59,386,14.5,0.0,+14.5,
25-1,33,7.44,6.80,7.77,1.141,8.49,449,16.1,0.0,+16.1,
25-1,34,7.33,7.33,8.62,1.176,8.62,484,21.3,0.3,+20.9,
25-1,35,6.71,6.71,8.92,1.329,8.92,443,32.1,0.5,+31.5,
25-1,36,8.71,8.72,10.65,1.222,10.65,575,30.7,3.1,+27.8,
25-1,37,7.78,7.87,9.16,1.164,9.06,520,21.3,0.3,+21.0,
25-1,38,8.85,8.09,9.66,1.194,10.57,534,25.3,0.7,+24.6,
25-1,39,11.25,10.55,12.93,1.226,13.79,696,38.2,2.0,+36.1,
25-1,40,11.09,10.84,12.86,1.186,13.16,715,33.1,0.0,+33.1,
25-1,43,5.98,5.98,7.47,1.250,7.47,395,22.5,1.0,+21.5,
25-1,43-1,6.32,6.33,7.33,1.158,7.32,418,16.4,0.4,+16.0,
25-1,43-2,5.96,6.10,7.55,1.237,7.37,403,22.0,0.3,+21.6,
25-1,44-1,8.97,9.02,10.96,1.216,10.91,595,31.2,2.3,+28.9,
25-1,49,10.22,10.22,11.48,1.122,11.48,675,21.5,6.0,+15.5,
25-1,50,8.21,8.21,8.51,1.037,8.51,542,8.2,3.5,+4.7,
25-1,51,9.61,9.61,10.09,1.050,10.09,634,10.8,8.0,+2.7,
25-1,52,9.69,9.69,10.15,1.047,10.15,640,10.8,3.5,+7.3,
25-1,52-1,10.38,10.51,10.98,1.044,10.84,694,11.8,5.8,+6.0,
25-1,52-2,10.90,10.90,11.38,1.043,11.38,720,11.9,5.8,+6.1,
25-1,53,9.80,9.85,11.07,1.125,11.02,650,21.2,6.1,+15.1,
25-1,54,8.73,8.81,9.94,1.128,9.85,581,19.2,5.7,+13.5,
25-1,55,8.43,8.13,8.41,1.034,8.72,537,7.7,3.5,+4.2,
25-1,56,4.47,4.23,5.08,1.203,5.37,279,13.6,0.0,+13.5,
25-1,57,13.74,13.76,14.71,1.070,14.70,908,18.0,19.9,-2.0,
25-1,57-1,12.75,12.75,13.55,1.063,13.55,842,18.2,10.3,+7.9,
25-1,58,13.15,13.15,13.36,1.016,13.36,868,9.6,17.5,-7.9,
25-1,59,12.91,12.91,13.95,1.080,13.94,852,18.0,18.5,-0.3,
25-1,59-1,13.83,13.83,14.89,1.076,14.89,913,18.0,24.9,-6.7,
25-1,61,6.31,6.31,7.23,1.146,7.23,416,15.6,1.3,+14.3,
25-1,62,3.68,4.21,4.56,1.083,3.98,278,7.4,2.2,+5.0,
25-1,64,9.49,9.63,9.04,0.939,8.91,636,1.2,24.1,-22.9,
25-1,66,16.20,16.29,21.57,1.324,21.45,1075,79.8,6.7,+73.1,
25-1,71,18.55,18.34,18.90,1.031,19.12,1210,17.4,24.8,-7.3,
25-1,71-1,16.94,18.34,18.90,1.031,17.45,1210,17.4,24.8,-7.3,
25-1,73,5.64,5.79,5.64,0.975,5.50,382,1.7,7.0,-5.4,
25-1,74,6.74,6.74,7.35,1.090,7.35,445,11.5,2.3,+9.1,
25-1,75,6.64,5.90,6.65,1.127,7.48,389,12.8,0.0,+12.7,
25-1,75-1,6.48,5.80,6.25,1.079,6.99,383,9.5,3.4,+6.1,
25-1,80,22.84,22.90,24.74,1.080,24.67,1511,38.8,25.6,+13.1,
25-1,81,17.36,17.36,18.16,1.046,18.16,1146,20.2,13.8,+6.5,
25-1,82,8.95,8.95,11.01,1.231,11.01,591,29.2,4.3,+24.9,
25-1,83,9.83,9.82,10.12,1.030,10.12,648,9.4,8.2,+1.1,
25-1,84,7.53,7.16,7.36,1.028,7.74,473,6.0,2.9,+3.0,
25-1,85,18.49,18.51,19.43,1.050,19.40,1222,22.4,13.8,+8.6,
25-1,85-1,23.45,23.82,25.61,1.075,25.21,1572,38.3,26.0,+12.3,
25-1,86,22.15,22.52,24.28,1.078,23.88,1487,36.5,25.6,+10.9,
25-1,101,9.45,9.59,9.35,0.975,9.21,633,1.8,14.3,-12.5,
25-1,103,6.32,6.46,6.24,0.966,6.10,426,1.6,9.1,-7.5,
25-1,105-2,15.20,15.29,19.24,1.259,19.12,1009,63.1,5.1,+58.3,
25-1,129,4.52,3.82,4.10,1.076,4.86,252,5.0,0.0,+5.0,
25-1,132,13.20,13.20,17.48,1.324,17.48,871,64.0,2.5,+61.5,
25-1,135,10.99,10.69,13.08,1.224,13.45,705,38.4,2.0,+36.4,
25-1,140,12.04,12.06,13.08,1.084,13.05,796,21.5,6.4,+15.5,
25-1,140-1,12.04,12.06,13.08,1.084,13.05,796,21.5,6.4,+15.5,
25-1,140-2,12.04,12.06,13.08,1.084,13.05,796,21.5,6.4,+15.5,
25-1,142,10.34,10.45,14.51,1.388,14.35,690,59.0,0.5,+58.5,
25-1,143,8.02,7.95,10.25,1.290,10.34,525,34.8,3.6,+31.2,
25-1,152-1,16.30,16.07,16.23,1.010,16.47,1060,11.8,23.7,-11.9,
25-1,153,15.70,15.73,15.89,1.010,15.86,1038,11.6,21.8,-10.2,
25-1,200,3.24,2.58,2.64,1.023,3.32,170,1.1,0.0,+1.1,
25-1,201,5.83,5.05,5.57,1.102,6.42,334,9.4,0.7,+8.6,
25-1,203,3.33,2.55,2.61,1.023,3.41,168,1.1,0.0,+1.1,
25-1,207,10.99,11.28,11.75,1.042,11.45,744,11.9,5.8,+6.1,
25-1,220,10.77,10.84,11.62,1.072,11.54,715,16.9,6.7,+10.3,
25-1,221,12.87,13.06,13.99,1.072,13.80,862,19.7,8.5,+11.2,
25-1,222,11.52,11.52,12.38,1.075,12.38,760,18.3,8.5,+9.7,
25-1,223,15.58,15.62,16.99,1.088,16.96,1031,26.9,8.9,+18.0,
25-1,300,17.42,17.61,23.46,1.332,23.20,1163,89.9,2.0,+87.9,
25-1,301,18.49,18.45,24.60,1.334,24.65,1217,94.6,2.0,+92.6,
25-1,302,21.05,21.25,28.84,1.357,28.56,1402,116.3,2.0,+114.1,
25-1,500,4.76,3.98,3.83,0.964,4.58,263,1.1,4.6,-3.6,
25-1,900,,15.03,17.86,1.188,17.86,992,44.8,8.6,+36.1,
25-1,901,,14.84,17.70,1.193,17.70,979,43.6,11.9,+31.8,
25-1,902,,14.27,17.05,1.195,17.05,942,43.6,7.7,+35.9,
25-1,903,,14.71,17.68,1.202,17.68,971,45.9,5.6,+40.2,
25-1,904,,14.38,17.39,1.209,17.39,949,45.9,5.0,+40.9,
25-1,905,,16.03,18.98,1.184,18.98,1058,47.7,9.2,+38.5,
25-1,906,,15.38,18.39,1.196,18.39,1015,45.6,14.1,+31.1,
25-1,915,,19.14,22.03,1.151,22.03,1263,43.0,42.7,+0.7,
25-1,916,,20.28,23.23,1.146,23.23,1338,44.9,44.1,+1.1,
25-1,917,,21.10,24.18,1.146,24.18,1392,45.1,50.0,-4.8,
25-1,918,,16.27,19.86,1.220,19.86,1074,54.9,7.2,+47.1,
25-1,919,16.09,16.09,19.02,1.182,19.02,1062,43.0,21.9,+21.1,
25-1,921,,17.77,20.66,1.163,20.66,1173,43.2,31.5,+11.7,
25-1,922,,18.29,21.34,1.167,21.34,1207,45.1,28.8,+16.1,
25-1,923,,18.78,21.86,1.164,21.86,1240,46.3,31.5,+14.9,
25-1,924,,18.76,21.73,1.158,21.73,1238,45.1,32.5,+12.6,
25-1,925,,18.08,20.94,1.159,20.94,1193,43.0,31.9,+11.1,
25-1,926,,18.53,21.33,1.151,21.33,1223,43.0,33.6,+9.5,
25-1,931,,23.54,26.60,1.130,26.60,1553,48.0,56.9,-8.9,
25-1,932,,23.38,26.39,1.129,26.39,1543,45.9,54.5,-8.7,
25-1,933,,23.99,27.05,1.128,27.05,1583,46.9,54.5,-7.6,
25-1,934,,24.07,27.17,1.129,27.17,1589,47.4,54.5,-7.0,
25-1,935,,25.35,28.34,1.118,28.34,1673,47.2,57.9,-10.6,
25-1,942,23.48,23.59,26.96,1.143,26.84,1557,51.5,41.4,+10.0,
25-1,946,,18.57,21.54,1.160,21.54,1226,43.0,42.4,+0.6,
25-1,GATE,13.49,13.62,12.86,0.944,12.73,899,1.7,28.7,-26.9,
26,1,4.64,4.74,4.81,1.015,4.71,313,3.8,5.4,-1.6,
26,2,5.49,5.68,6.23,1.096,6.01,375,10.0,1.9,+8.1,
26,3,6.88,6.61,7.18,1.087,7.47,436,10.6,2.0,+8.5,
26,4,6.58,6.67,7.15,1.072,7.05,440,10.5,4.2,+6.3,
26,5,5.97,5.97,6.51,1.091,6.51,394,10.0,2.0,+8.1,
26,6,7.57,7.60,8.30,1.092,8.27,502,13.5,3.2,+10.2,
26,7,6.70,6.72,7.77,1.155,7.74,444,17.7,1.9,+15.6,
26,8,6.28,6.46,7.28,1.126,7.07,426,14.2,1.9,+12.3,
26,9,7.00,7.00,8.32,1.189,8.32,462,20.5,0.7,+19.8,
26,10,8.49,8.85,10.28,1.162,9.87,584,23.9,2.7,+21.1,
26,10-1,9.43,9.43,11.53,1.223,11.53,622,33.0,5.8,+27.2,
26,11,7.72,7.80,9.49,1.216,9.39,515,26.7,4.9,+21.8,
26,12,7.11,7.17,8.92,1.244,8.85,473,26.7,3.1,+23.6,
26,13,5.22,5.22,7.03,1.347,7.03,345,26.5,1.8,+24.8,
26,14,8.11,8.14,9.17,1.127,9.14,537,17.9,2.0,+15.6,
26,15,7.35,7.35,7.23,0.984,7.23,485,2.3,9.2,-6.9,
26,15-1,8.02,9.15,9.10,0.995,7.98,604,5.4,12.7,-7.3,
26,16,9.19,9.29,9.12,0.982,9.03,613,3.7,13.2,-9.5,
26,16-1,8.57,8.32,7.97,0.958,8.21,549,1.1,14.9,-13.8,
26,17,8.81,8.81,8.96,1.017,8.96,581,6.9,5.8,+1.1,
26,18,6.77,6.71,8.82,1.314,8.90,443,31.0,0.2,+30.8,
26,19,7.57,7.34,9.36,1.276,9.65,484,31.0,2.0,+29.0,
26,20,3.49,3.49,5.03,1.441,5.03,231,22.1,0.0,+22.1,
26,21,5.05,4.95,6.63,1.339,6.77,327,23.9,0.0,+23.9,
26,22,2.35,1.81,1.99,1.100,2.58,119,3.1,0.0,+3.0,
26,24,0.75,0.82,0.82,1.000,0.75,54,0.0,0.0,-0.0,
26,25,0.08,0.50,0.50,1.000,0.08,33,0.0,0.0,-0.0,
26,25-1,0.73,1.20,1.20,1.000,0.73,79,0.0,0.0,-0.0,
26,27,1.46,1.54,1.55,1.008,1.47,102,0.5,0.3,+0.2,
26,28,2.08,2.23,2.43,1.090,2.27,147,3.5,0.3,+3.2,
26,29,10.13,10.01,13.98,1.396,14.15,661,58.1,0.0,+58.1,
26,30,5.30,5.14,5.95,1.157,6.13,339,13.0,0.3,+12.7,
26,31,3.93,3.93,4.39,1.117,4.39,259,8.0,0.3,+7.7,
26,32,6.78,6.15,7.01,1.140,7.73,406,14.5,0.0,+14.5,
26,32-1,6.71,6.08,6.95,1.142,7.66,402,14.5,0.0,+14.5,
26,33,6.48,6.43,7.53,1.170,7.58,425,17.9,0.3,+17.6,
26,34,6.43,5.90,6.99,1.185,7.62,389,17.9,0.3,+17.5,
26,35,5.81,5.55,7.48,1.349,7.84,366,28.2,0.0,+28.1,
26,36,7.81,7.28,9.02,1.239,9.67,480,27.3,3.1,+24.4,
26,37,6.88,6.43,7.53,1.170,8.05,425,17.9,0.3,+17.6,
26,38,8.39,7.85,9.24,1.177,9.87,518,22.7,0.4,+22.3,
26,39,10.34,9.11,11.29,1.240,12.82,601,34.8,2.0,+32.7,
26,40,10.19,9.65,11.49,1.191,12.13,637,30.1,0.4,+29.7,
26,43,5.07,4.54,5.83,1.285,6.52,300,19.1,1.0,+18.1,
26,43-1,5.42,4.89,5.69,1.164,6.31,323,13.0,0.3,+12.6,
26,43-2,5.06,4.66,5.91,1.268,6.41,308,18.6,0.3,+18.2,
26,44-1,8.07,7.58,9.32,1.231,9.93,500,27.8,2.2,+25.5,
26,49,10.32,10.32,11.57,1.121,11.57,681,21.5,6.0,+15.5,
26,50,8.31,8.30,8.61,1.037,8.61,548,8.2,3.5,+4.7,
26,51,9.71,9.71,10.19,1.050,10.19,641,10.8,8.0,+2.7,
26,52,9.79,9.79,10.25,1.047,10.25,646,10.8,3.5,+7.3,
26,52-1,10.48,10.61,11.07,1.044,10.94,700,11.8,5.8,+6.0,
26,52-2,11.00,11.00,11.47,1.043,11.47,726,11.9,5.8,+6.1,
26,53,9.89,9.94,11.17,1.123,11.12,656,21.2,6.1,+15.1,
26,54,8.83,8.91,10.03,1.127,9.94,588,19.2,5.7,+13.5,
26,55,8.53,8.23,8.50,1.033,8.82,543,7.7,3.5,+4.2,
26,56,3.56,2.79,3.45,1.236,4.41,184,10.2,0.0,+10.1,
26,57,13.84,13.85,14.81,1.069,14.79,914,18.0,19.9,-2.0,
26,57-1,12.85,12.85,13.65,1.062,13.65,848,18.2,10.3,+7.9,
26,58,13.25,13.25,13.46,1.016,13.46,874,9.6,17.5,-7.9,
26,59,13.00,13.01,14.04,1.079,14.04,859,18.0,18.5,-0.3,
26,59-1,13.93,13.93,14.98,1.076,14.99,919,18.0,24.9,-6.7,
26,61,5.40,5.41,6.17,1.142,6.17,357,13.1,1.3,+11.8,
26,62,2.78,4.11,4.46,1.085,3.01,271,7.8,5.1,+2.5,경로 다름
26,64,9.96,9.96,9.26,0.930,9.26,658,0.6,24.9,-24.3,
26,66,15.30,15.13,20.13,1.331,20.36,998,75.9,6.2,+69.7,
26,71,18.65,18.44,19.00,1.030,19.22,1217,17.4,24.7,-7.3,
26,71-1,17.03,18.44,19.00,1.030,17.55,1217,17.4,24.7,-7.3,
26,73,6.12,6.12,5.86,0.958,5.86,404,1.1,7.9,-6.8,
26,74,6.84,6.84,7.45,1.089,7.45,452,11.5,2.3,+9.1,
26,75,6.73,6.13,6.88,1.122,7.56,405,12.8,0.0,+12.7,
26,75-1,6.58,6.03,6.49,1.076,7.08,398,9.5,3.4,+6.1,
26,80,23.00,23.00,24.84,1.080,24.84,1518,38.8,25.6,+13.1,
26,81,17.46,17.46,18.25,1.046,18.26,1152,20.2,13.8,+6.5,
26,82,9.05,9.05,11.11,1.228,11.11,597,29.2,4.3,+24.9,
26,83,9.93,9.92,10.22,1.030,10.22,655,9.4,8.2,+1.1,
26,84,7.63,7.26,7.46,1.028,7.84,479,6.0,2.9,+3.0,
26,85,18.59,18.61,19.53,1.049,19.50,1228,22.4,13.8,+8.6,
26,85-1,23.62,23.92,25.71,1.075,25.38,1579,38.3,26.0,+12.3,
26,86,22.31,22.62,24.38,1.078,24.04,1493,36.5,25.6,+10.9,
26,101,9.92,9.92,9.57,0.965,9.57,655,1.2,15.1,-13.9,
26,103,6.79,6.79,6.46,0.951,6.46,448,1.0,9.9,-8.9,
26,105-2,14.29,13.85,17.61,1.271,18.17,914,59.7,5.1,+54.9,
26,129,4.60,4.05,4.34,1.071,4.92,267,5.0,0.0,+5.0,
26,132,12.30,12.04,16.04,1.333,16.39,795,60.1,2.0,+58.1,
26,135,10.09,9.25,11.44,1.237,12.48,610,35.0,2.0,+33.0,
26,140,12.13,12.16,13.18,1.084,13.15,803,21.5,6.4,+15.5,
26,140-1,12.13,12.16,13.18,1.084,13.15,803,21.5,6.4,+15.5,
26,140-2,12.13,12.16,13.18,1.084,13.15,803,21.5,6.4,+15.5,
26,142,9.44,9.29,13.07,1.407,13.28,613,55.1,0.0,+55.1,
26,143,7.11,7.05,9.20,1.306,9.28,465,32.3,3.6,+28.7,
26,152-1,16.40,16.16,16.33,1.010,16.57,1067,11.8,23.7,-11.9,
26,153,15.80,15.83,15.99,1.010,15.96,1045,11.6,21.8,-10.2,
26,200,3.34,2.81,2.87,1.021,3.41,186,1.1,0.0,+1.1,
26,201,5.93,5.29,5.81,1.097,6.50,349,9.4,0.7,+8.6,
26,203,3.43,2.79,2.85,1.021,3.50,184,1.1,0.0,+1.1,
26,207,11.09,11.38,11.85,1.041,11.55,751,11.9,5.8,+6.1,
26,220,10.87,10.93,11.72,1.071,11.64,722,16.9,6.7,+10.3,
26,221,12.97,13.15,14.09,1.071,13.89,868,19.7,8.5,+11.2,
26,222,11.62,11.62,12.48,1.074,12.48,767,18.3,8.5,+9.7,
26,223,15.68,15.71,17.09,1.088,17.06,1037,26.9,8.9,+18.0,
26,300,16.52,16.17,21.82,1.349,22.29,1068,86.5,2.0,+84.5,
26,301,17.58,17.01,22.96,1.350,23.74,1122,91.2,2.0,+89.2,
26,302,20.14,19.81,27.20,1.373,27.66,1307,112.9,2.0,+110.7,
26,500,4.85,4.22,4.07,0.966,4.69,278,1.1,4.6,-3.6,
26,900,,14.13,16.80,1.189,16.80,932,42.3,8.6,+33.6,
26,901,,13.94,16.64,1.194,16.64,920,41.0,11.9,+29.2,
26,902,,13.37,15.99,1.196,15.99,882,41.0,7.7,+33.4,
26,903,,13.81,16.62,1.204,16.62,911,43.3,5.6,+37.7,
26,904,,13.48,16.33,1.211,16.33,890,43.4,5.0,+38.4,
26,905,,15.13,17.93,1.185,17.93,998,45.2,9.2,+36.0,
26,906,,14.47,17.33,1.197,17.33,955,43.1,14.1,+28.6,
26,915,,18.23,20.97,1.150,20.97,1203,40.5,42.7,-1.8,
26,916,,19.38,22.18,1.145,22.18,1279,42.4,44.1,-1.5,
26,917,,20.19,23.13,1.145,23.13,1333,42.6,50.0,-7.3,
26,918,,15.37,18.80,1.223,18.80,1014,52.4,7.2,+44.6,
26,919,15.18,15.19,17.96,1.183,17.96,1002,40.5,21.9,+18.6,
26,921,,16.86,19.61,1.163,19.61,1113,40.6,31.5,+9.2,
26,922,,17.39,20.29,1.167,20.29,1148,42.5,28.8,+13.6,
26,923,,17.88,20.81,1.164,20.81,1180,43.8,31.5,+12.4,
26,924,,17.85,20.67,1.158,20.67,1178,42.6,32.5,+10.1,
26,925,,17.17,19.89,1.158,19.89,1133,40.5,31.9,+8.6,
26,926,,17.63,20.28,1.150,20.28,1164,40.5,33.6,+7.0,
26,931,,22.63,25.54,1.129,25.54,1494,45.4,56.9,-11.4,
26,932,,22.48,25.34,1.127,25.34,1483,43.4,54.5,-11.2,
26,933,,23.08,25.99,1.126,25.99,1524,44.3,54.5,-10.1,
26,934,,23.17,26.12,1.127,26.12,1529,44.9,54.5,-9.5,
26,935,,24.45,27.29,1.116,27.29,1614,44.7,57.9,-13.1,
26,942,22.58,22.69,25.91,1.142,25.78,1498,48.9,41.4,+7.5,
26,946,,17.67,20.48,1.159,20.48,1166,40.5,42.4,-1.9,
26,GATE,13.97,13.95,13.08,0.937,13.09,921,1.2,29.5,-28.3,
27,1,5.40,5.48,5.54,1.010,5.45,362,4.0,6.0,-1.9,
27,2,6.15,6.42,6.95,1.083,6.65,424,10.3,2.5,+7.8,
27,3,7.54,7.35,7.91,1.076,8.11,485,10.8,2.6,+8.2,
27,4,7.24,7.41,7.87,1.062,7.69,489,10.8,4.8,+6.0,
27,5,6.63,6.71,7.24,1.079,7.15,443,10.3,2.5,+7.8,
27,6,8.23,8.34,9.02,1.082,8.90,551,13.7,3.8,+10.0,
27,7,7.36,7.46,8.49,1.138,8.37,493,18.0,2.5,+15.3,
27,8,6.94,7.20,8.00,1.111,7.71,475,14.5,2.5,+12.0,
27,9,7.65,7.74,9.05,1.169,8.95,511,20.8,1.3,+19.5,
27,10,9.15,9.60,11.01,1.147,10.50,633,24.1,3.3,+20.8,
27,10-1,10.09,10.17,12.26,1.205,12.16,671,33.2,6.3,+27.0,
27,11,8.38,8.55,10.21,1.195,10.01,564,26.9,5.4,+21.5,
27,12,7.77,7.91,9.65,1.219,9.48,522,26.9,3.7,+23.3,
27,13,5.88,5.96,7.76,1.301,7.65,394,26.7,2.3,+24.5,
27,14,8.76,8.88,9.89,1.115,9.77,586,18.1,2.6,+15.3,
27,15,8.87,8.56,8.44,0.986,8.74,565,2.3,9.3,-7.0,
27,15-1,9.54,10.36,10.32,0.995,9.50,684,5.5,12.8,-7.3,
27,16,10.71,10.50,10.33,0.984,10.54,693,3.7,13.3,-9.6,
27,16-1,10.08,9.53,9.18,0.963,9.71,629,1.1,15.0,-13.8,
27,17,10.33,10.03,10.17,1.015,10.48,662,7.0,5.9,+1.1,
27,18,5.42,5.63,7.26,1.290,7.00,371,24.7,0.2,+24.6,
27,19,5.79,5.79,7.53,1.301,7.53,382,26.4,0.1,+26.2,
27,20,4.15,4.23,5.76,1.361,5.64,279,22.4,0.5,+21.8,
27,21,4.42,4.58,5.79,1.264,5.59,302,18.8,1.1,+17.7,
27,22,1.44,1.48,1.49,1.002,1.44,98,0.5,0.5,+0.0,
27,24,2.38,2.04,2.03,0.999,2.38,134,0.0,0.1,-0.0,
27,25,0.20,0.54,0.54,1.000,0.20,36,0.0,0.0,-0.0,
27,25-1,2.76,1.98,1.95,0.984,2.71,131,0.0,0.6,-0.6,
27,26,1.46,1.54,1.53,0.993,1.45,102,0.3,0.5,-0.2,
27,28,0.50,0.50,0.50,1.001,0.50,33,0.0,0.0,+0.0,
27,29,8.79,8.93,12.42,1.391,12.22,589,51.9,0.0,+51.9,
27,30,2.56,2.55,2.99,1.169,2.99,169,7.0,0.0,+7.0,
27,31,1.18,1.15,1.15,1.000,1.18,76,0.0,0.0,+0.0,
27,32,3.29,3.30,3.64,1.106,3.64,218,6.8,1.1,+5.6,
27,32-1,3.22,3.23,3.58,1.108,3.57,213,6.8,1.1,+5.6,
27,33,3.74,3.74,4.20,1.125,4.20,247,8.0,0.4,+7.6,
27,34,3.89,3.89,4.59,1.179,4.59,257,11.4,0.0,+11.3,
27,35,4.46,4.46,5.92,1.326,5.92,295,22.0,0.0,+21.9,
27,36,5.27,5.27,6.62,1.255,6.61,348,20.8,2.8,+18.2,
27,37,4.17,4.43,5.13,1.158,4.83,292,11.4,0.0,+11.4,
27,38,5.45,5.48,6.54,1.194,6.51,361,17.5,1.8,+15.7,
27,39,7.80,7.10,8.89,1.252,9.77,469,28.3,1.7,+26.5,
27,40,7.65,7.65,9.10,1.189,9.10,505,23.7,0.1,+23.5,
27,43,3.20,3.36,4.22,1.255,4.02,222,13.1,0.6,+12.6,
27,43-1,2.88,2.89,3.30,1.142,3.29,191,6.5,0.1,+6.5,
27,43-2,2.52,2.66,3.51,1.321,3.32,175,12.1,0.0,+12.0,
27,44-1,5.53,5.57,6.93,1.243,6.87,368,21.3,2.0,+19.3,
27,49,11.84,11.54,12.79,1.108,13.12,761,21.6,6.1,+15.5,
27,50,9.82,9.52,9.83,1.032,10.14,628,8.3,3.5,+4.7,
27,51,11.23,10.92,11.40,1.044,11.72,721,10.9,8.1,+2.7,
27,52,11.31,11.01,11.46,1.041,11.78,726,10.9,3.5,+7.3,
27,52-1,12.00,11.82,12.29,1.039,12.46,780,11.8,5.8,+5.9,
27,52-2,12.52,12.22,12.69,1.038,13.00,806,11.9,5.8,+6.1,
27,53,11.41,11.16,12.38,1.110,12.66,736,21.2,6.2,+15.0,
27,54,10.34,10.12,11.25,1.111,11.49,668,19.2,5.7,+13.4,
27,55,10.05,9.44,9.72,1.029,10.34,623,7.7,3.5,+4.2,
27,56,2.51,2.42,2.62,1.079,2.71,160,3.4,0.0,+3.4,
27,57,15.35,15.07,16.02,1.063,16.33,995,18.0,20.0,-2.0,
27,57-1,14.37,14.07,14.86,1.057,15.18,928,18.2,10.3,+7.9,
27,58,14.76,14.46,14.67,1.015,14.98,954,9.6,17.6,-7.9,
27,59,14.52,14.23,15.26,1.072,15.57,939,18.0,18.5,-0.3,
27,59-1,15.45,15.15,16.20,1.069,16.52,1000,18.0,25.0,-6.7,
27,61,6.06,6.15,6.90,1.123,6.80,406,13.3,1.8,+11.5,
27,62,3.43,4.85,5.18,1.069,3.67,320,8.0,5.7,+2.2,경로 다름
27,64,11.10,11.10,10.07,0.907,10.07,733,1.1,26.1,-25.0,
27,66,13.95,14.04,18.57,1.322,18.45,927,69.7,6.2,+63.5,
27,71,20.16,19.65,20.21,1.028,20.74,1297,17.4,24.8,-7.4,
27,71-1,18.55,19.65,20.21,1.028,19.08,1297,17.4,24.8,-7.4,
27,73,7.68,7.34,7.07,0.964,7.40,484,1.1,7.9,-6.8,
27,74,8.36,8.06,8.66,1.075,8.99,532,11.5,2.3,+9.0,
27,75,3.24,3.28,3.52,1.073,3.48,217,5.0,1.1,+3.9,
27,75-1,3.09,3.18,3.13,0.983,3.03,210,1.8,4.5,-2.7,
27,80,24.45,24.21,26.05,1.076,26.31,1598,38.8,25.7,+13.1,
27,81,18.98,18.67,19.47,1.042,19.78,1233,20.3,13.8,+6.4,
27,82,10.56,10.26,12.32,1.201,12.69,677,29.2,4.3,+24.8,
27,83,11.44,11.14,11.43,1.026,11.75,735,9.4,8.3,+1.1,
27,84,9.15,8.48,8.67,1.023,9.36,559,6.0,3.0,+2.9,
27,85,20.10,19.83,20.74,1.046,21.03,1308,22.4,13.8,+8.6,
27,85-1,25.07,25.14,26.92,1.071,26.85,1659,38.4,26.1,+12.3,
27,86,23.76,23.84,25.59,1.074,25.51,1573,36.5,25.7,+10.9,
27,101,11.48,11.14,10.79,0.968,11.12,735,1.3,15.2,-13.9,
27,103,8.35,8.01,7.67,0.958,8.00,529,1.1,10.0,-8.9,
27,105-2,11.75,11.85,15.21,1.284,15.09,782,53.2,4.8,+48.7,
27,129,0.93,0.93,0.93,1.000,0.93,62,0.0,0.0,+0.0,
27,132,10.96,10.96,14.48,1.322,14.48,723,53.9,2.0,+51.9,
27,135,7.55,7.24,9.05,1.249,9.43,478,28.5,1.7,+26.8,
27,140,13.65,13.38,14.39,1.076,14.69,883,21.6,6.5,+15.5,
27,140-1,13.65,13.38,14.39,1.076,14.69,883,21.6,6.5,+15.5,
27,140-2,13.65,13.38,14.39,1.076,14.69,883,21.6,6.5,+15.5,
27,142,8.09,8.21,11.51,1.403,11.35,542,48.9,0.0,+48.9,
27,143,6.33,6.33,8.17,1.292,8.17,418,28.4,0.2,+28.2,
27,152-1,17.92,17.38,17.54,1.009,18.09,1147,11.9,23.8,-12.0,
27,153,17.32,17.04,17.20,1.009,17.48,1125,11.6,21.8,-10.2,
27,200,1.33,1.41,1.33,0.945,1.26,93,0.0,1.7,-1.7,
27,201,2.44,2.44,2.44,1.001,2.44,161,1.6,1.9,-0.2,
27,203,1.85,1.85,1.87,1.014,1.87,122,0.5,0.0,+0.5,
27,207,12.61,12.59,13.06,1.037,13.08,831,11.9,5.8,+6.1,
27,220,12.38,12.15,12.93,1.064,13.18,802,16.9,6.8,+10.3,
27,221,14.49,14.37,15.30,1.065,15.43,948,19.7,8.6,+11.1,
27,222,13.14,12.83,13.69,1.067,14.01,847,18.3,8.6,+9.7,
27,223,17.20,16.93,18.30,1.081,18.60,1117,26.9,9.0,+17.9,
27,300,13.98,14.17,19.43,1.371,19.16,935,80.1,1.7,+78.3,
27,301,15.04,15.00,20.56,1.371,20.62,990,84.7,1.7,+83.0,
27,302,17.60,17.81,24.80,1.393,24.52,1175,106.4,1.7,+104.5,
27,500,3.27,3.28,3.10,0.945,3.09,216,0.5,4.7,-4.2,
27,900,,14.87,17.52,1.179,17.52,981,42.5,9.1,+33.3,
27,901,,14.68,17.37,1.184,17.37,969,41.3,12.4,+29.0,
27,902,,14.11,16.72,1.185,16.72,931,41.3,8.2,+33.1,
27,903,,14.55,17.34,1.192,17.34,960,43.6,6.2,+37.4,
27,904,,14.22,17.06,1.199,17.06,939,43.6,5.6,+38.1,
27,905,,15.87,18.65,1.176,18.65,1047,45.4,9.7,+35.7,
27,906,,15.21,18.06,1.187,18.06,1004,43.3,14.7,+28.3,
27,915,,18.98,21.70,1.143,21.70,1252,40.7,43.3,-2.1,
27,916,,20.12,22.90,1.139,22.90,1328,42.7,44.6,-1.7,
27,917,,20.93,23.85,1.139,23.85,1382,42.8,50.6,-7.6,
27,918,,16.11,19.53,1.212,19.53,1063,52.6,7.8,+44.3,
27,919,15.84,15.93,18.69,1.173,18.59,1051,40.7,22.4,+18.3,
27,921,,17.60,20.33,1.155,20.33,1162,40.9,32.0,+8.9,
27,922,,18.13,21.01,1.159,21.01,1197,42.8,29.4,+13.3,
27,923,,18.62,21.53,1.156,21.53,1229,44.0,32.0,+12.1,
27,924,,18.59,21.39,1.151,21.39,1227,42.8,33.0,+9.8,
27,925,,17.91,20.61,1.151,20.61,1182,40.7,32.5,+8.3,
27,926,,18.37,21.00,1.143,21.00,1212,40.8,34.2,+6.7,
27,931,,23.37,26.27,1.124,26.27,1543,45.7,57.4,-11.7,
27,932,,23.22,26.06,1.123,26.06,1532,43.7,55.0,-11.5,
27,933,,23.83,26.72,1.121,26.72,1572,44.6,55.1,-10.4,
27,934,,23.91,26.84,1.123,26.84,1578,45.1,55.1,-9.8,
27,935,,25.19,28.01,1.112,28.01,1663,44.9,58.4,-13.4,
27,942,23.24,23.43,26.63,1.137,26.41,1546,49.2,42.0,+7.2,
27,946,,18.41,21.21,1.152,21.21,1215,40.7,42.9,-2.2,
27,GATE,15.10,15.09,13.88,0.920,13.89,996,1.7,30.6,-29.0,
28,1,6.02,6.17,6.19,1.004,6.05,407,4.0,9.0,-5.0,
28,2,6.60,6.72,7.04,1.048,6.91,443,6.9,2.3,+4.5,
28,3,7.84,7.65,7.99,1.045,8.20,505,7.5,2.4,+4.9,
28,4,7.55,7.71,7.96,1.032,7.79,509,7.4,4.6,+2.7,
28,5,6.93,7.00,7.32,1.045,7.25,462,6.9,2.4,+4.5,
28,6,8.54,8.64,9.11,1.054,9.00,570,10.3,3.6,+6.7,
28,7,7.66,7.76,8.58,1.105,8.47,512,14.6,2.3,+12.0,
28,8,7.25,7.49,8.08,1.078,7.81,495,11.1,2.3,+8.7,
28,9,7.96,8.04,9.11,1.134,9.03,530,17.4,1.1,+16.2,
28,10,9.46,9.89,11.07,1.120,10.59,653,20.8,3.1,+17.5,
28,10-1,10.39,10.46,12.32,1.178,12.24,691,29.9,6.2,+23.6,
28,11,8.69,8.84,10.28,1.163,10.10,583,23.6,5.3,+18.2,
28,12,8.08,8.21,9.71,1.184,9.56,542,23.6,3.5,+20.0,
28,13,6.19,6.26,7.82,1.250,7.74,413,23.4,2.2,+21.2,
28,14,9.07,9.17,9.98,1.088,9.87,605,14.7,2.4,+12.0,
28,15,9.49,9.64,9.48,0.983,9.34,636,4.3,17.1,-12.8,
28,15-1,10.16,11.44,11.35,0.992,10.09,755,7.4,20.6,-13.2,
28,16,11.34,11.57,11.37,0.982,11.13,764,5.7,21.0,-15.4,
28,16-1,10.71,10.85,10.56,0.973,10.42,716,4.3,20.9,-16.6,
28,17,10.95,11.10,11.20,1.010,11.06,732,8.9,13.7,-4.8,
28,18,4.79,4.93,6.48,1.314,6.30,325,23.3,0.2,+23.2,
28,19,5.15,5.09,6.76,1.326,6.84,336,24.9,0.1,+24.8,
28,20,4.46,4.53,5.82,1.286,5.73,299,19.0,0.4,+18.5,
28,21,3.79,3.88,5.01,1.291,4.89,256,17.4,1.1,+16.3,
28,22,0.67,0.67,0.67,1.000,0.67,44,0.0,0.0,-0.0,
28,24,3.21,3.42,3.25,0.951,3.05,226,0.3,6.2,-5.9,
28,25,1.27,1.42,1.36,0.960,1.22,93,0.0,3.1,-3.1,
28,25-1,3.65,3.80,3.63,0.956,3.49,251,0.3,6.2,-5.9,
28,26,2.08,2.23,2.18,0.980,2.04,147,0.3,3.5,-3.2,
28,27,0.50,0.50,0.50,0.999,0.50,33,0.0,0.0,-0.0,
28,29,8.16,8.23,11.64,1.414,11.53,543,50.5,0.0,+50.5,
28,30,1.87,1.86,2.21,1.188,2.22,123,5.6,0.0,+5.6,
28,31,0.61,0.61,0.61,1.000,0.61,40,0.0,0.0,+0.0,
28,32,3.52,3.54,3.87,1.094,3.85,234,6.8,1.4,+5.3,
28,32-1,3.30,3.48,3.81,1.095,3.62,230,6.8,1.4,+5.3,
28,33,3.05,3.04,3.43,1.127,3.44,201,6.6,0.4,+6.2,
28,34,3.26,3.20,3.81,1.193,3.89,211,10.0,0.0,+9.9,
28,35,3.83,3.77,5.14,1.365,5.23,249,20.6,0.0,+20.5,
28,36,4.63,4.58,5.84,1.277,5.92,302,19.4,2.8,+16.8,
28,37,3.49,3.73,4.35,1.166,4.07,246,10.0,0.0,+10.0,
28,38,5.22,5.15,6.07,1.177,6.14,340,14.8,0.1,+14.6,
28,39,7.17,6.41,8.12,1.267,9.08,423,26.9,1.7,+25.1,
28,40,7.02,6.95,8.32,1.197,8.39,459,22.2,0.1,+22.1,
28,43,2.57,2.67,3.44,1.291,3.32,176,11.7,0.6,+11.2,
28,43-1,2.25,2.19,2.52,1.150,2.58,145,5.1,0.1,+5.0,
28,43-2,1.88,1.96,2.73,1.395,2.63,129,10.7,0.0,+10.6,
28,44-1,4.89,4.88,6.15,1.262,6.17,322,19.9,2.0,+17.9,
28,49,12.46,12.61,13.82,1.096,13.66,832,23.5,13.9,+9.6,
28,50,10.45,10.59,10.86,1.025,10.71,699,10.2,11.3,-1.1,
28,51,11.85,11.99,12.44,1.037,12.29,792,12.8,15.9,-3.2,
28,52,11.94,12.08,12.49,1.034,12.35,797,12.8,11.3,+1.5,
28,52-1,12.62,12.90,13.32,1.033,13.04,851,13.7,13.6,+0.1,
28,52-2,13.14,13.29,13.72,1.033,13.57,877,13.9,13.6,+0.2,
28,53,12.04,12.23,13.42,1.097,13.20,807,23.2,14.0,+9.2,
28,54,10.97,11.19,12.28,1.097,12.04,739,21.2,13.5,+7.6,
28,55,10.67,10.52,10.75,1.022,10.91,694,9.6,11.3,-1.7,
28,56,1.88,1.73,1.84,1.065,2.00,114,2.0,0.0,+2.0,
28,57,15.98,16.14,17.06,1.057,16.89,1065,20.0,27.8,-7.8,
28,57-1,14.99,15.14,15.89,1.050,15.74,999,20.2,18.1,+2.0,
28,58,15.39,15.53,15.71,1.011,15.56,1025,11.6,25.4,-13.8,
28,59,15.15,15.30,16.29,1.065,16.13,1010,20.0,26.3,-6.1,
28,59-1,16.07,16.22,17.23,1.063,17.08,1070,20.0,32.7,-12.5,
28,61,6.37,6.44,6.98,1.084,6.90,425,10.0,1.7,+8.2,
28,62,4.06,5.54,5.84,1.054,4.28,365,8.0,8.7,-0.8,경로 다름
28,64,12.41,12.44,11.15,0.897,11.13,821,0.6,34.2,-33.5,
28,66,13.32,13.35,17.79,1.333,17.76,881,68.2,6.2,+62.1,
28,71,20.79,20.72,21.25,1.025,21.31,1368,19.4,32.6,-13.2,
28,71-1,19.18,20.72,21.25,1.025,19.66,1368,19.4,32.6,-13.2,
28,73,8.57,8.72,8.29,0.951,8.15,575,1.4,14.0,-12.6,
28,74,8.98,9.13,9.70,1.062,9.54,603,13.5,10.1,+3.2,
28,75,3.47,3.53,3.75,1.063,3.69,233,5.0,1.5,+3.6,
28,75-1,3.32,3.43,3.35,0.979,3.25,226,1.8,4.8,-3.0,
28,80,25.14,25.29,27.09,1.071,26.93,1669,40.8,33.5,+7.2,
28,81,19.60,19.75,20.50,1.038,20.35,1303,22.2,21.6,+0.6,
28,82,11.19,11.33,13.36,1.179,13.19,748,31.2,12.1,+19.0,
28,83,12.07,12.21,12.46,1.021,12.32,806,11.3,16.1,-4.8,
28,84,9.77,9.55,9.71,1.017,9.94,630,8.0,10.8,-2.9,
28,85,20.73,20.90,21.77,1.042,21.60,1379,24.4,21.6,+2.8,
28,85-1,25.76,26.21,27.96,1.067,27.48,1730,40.3,33.9,+6.5,
28,86,24.45,24.91,26.63,1.069,26.14,1644,38.5,33.5,+5.0,
28,101,12.12,12.27,12.00,0.978,11.85,810,4.3,24.0,-19.8,
28,103,9.24,9.39,8.89,0.947,8.75,620,1.3,16.1,-14.8,
28,105-2,11.12,11.15,14.43,1.294,14.39,736,51.8,4.8,+47.3,
28,129,0.81,0.97,0.96,0.993,0.80,64,0.0,0.2,-0.1,
28,132,10.32,10.26,13.70,1.336,13.79,677,52.5,2.0,+50.5,
28,135,6.92,6.55,8.27,1.263,8.73,432,27.1,1.7,+25.4,
28,140,14.28,14.45,15.43,1.068,15.24,954,23.5,14.2,+9.6,
28,140-1,14.28,14.45,15.43,1.068,15.24,954,23.5,14.2,+9.6,
28,140-2,14.28,14.45,15.43,1.068,15.24,954,23.5,14.2,+9.6,
28,142,7.46,7.51,10.73,1.429,10.66,496,47.5,0.0,+47.5,
28,143,5.69,5.63,7.40,1.313,7.48,372,27.0,0.2,+26.8,
28,152-1,18.54,18.45,18.58,1.007,18.67,1218,13.8,31.6,-17.8,
28,153,17.94,18.12,18.24,1.007,18.06,1196,13.6,29.7,-16.0,
28,200,1.56,1.66,1.56,0.942,1.47,109,0.0,2.0,-2.0,
28,201,2.67,2.68,2.67,0.994,2.65,177,1.6,2.2,-0.5,
28,203,3.11,3.13,2.90,0.926,2.89,207,0.0,8.1,-8.1,
28,207,13.23,13.66,14.09,1.032,13.65,902,13.9,13.6,+0.2,
28,220,13.01,13.22,13.96,1.056,13.74,873,18.9,14.6,+4.5,
28,221,15.11,15.44,16.33,1.058,15.99,1019,21.6,16.3,+5.3,
28,222,13.76,13.91,14.72,1.059,14.57,918,20.3,16.4,+3.9,
28,223,17.82,18.00,19.34,1.074,19.15,1188,28.9,16.8,+12.1,
28,300,13.35,13.47,18.65,1.384,18.47,889,78.6,1.7,+76.9,
28,301,14.41,14.31,19.79,1.383,19.93,944,83.3,1.7,+81.6,
28,302,16.97,17.11,24.02,1.404,23.83,1129,105.0,1.7,+103.1,
28,500,4.60,4.61,4.18,0.906,4.17,305,0.0,12.8,-12.7,
28,900,,15.16,17.61,1.161,17.61,1001,39.2,9.0,+30.0,
28,901,,14.97,17.45,1.166,17.45,988,37.9,12.3,+25.7,
28,902,,14.40,16.80,1.167,16.80,950,37.9,8.1,+29.8,
28,903,,14.84,17.43,1.174,17.43,980,40.2,6.0,+34.1,
28,904,,14.52,17.14,1.181,17.14,958,40.3,5.4,+34.8,
28,905,,16.16,18.74,1.159,18.74,1067,42.1,9.6,+32.4,
28,906,,15.51,18.14,1.170,18.14,1024,40.0,14.5,+25.0,
28,915,,19.27,21.78,1.130,21.78,1272,37.4,43.1,-5.4,
28,916,,20.41,22.98,1.126,22.98,1347,39.3,44.5,-5.0,
28,917,,21.23,23.93,1.127,23.93,1401,39.4,50.4,-10.9,
28,918,,16.40,19.61,1.195,19.61,1083,49.3,7.6,+41.0,
28,919,16.15,16.22,18.77,1.157,18.69,1071,37.4,22.3,+15.0,
28,921,,17.90,20.41,1.141,20.41,1181,37.5,31.9,+5.6,
28,922,,18.43,21.09,1.145,21.09,1216,39.4,29.2,+10.0,
28,923,,18.91,21.61,1.143,21.61,1248,40.7,31.9,+8.8,
28,924,,18.89,21.48,1.137,21.48,1247,39.5,32.9,+6.5,
28,925,,18.21,20.69,1.137,20.69,1202,37.4,32.3,+5.0,
28,926,,18.66,21.08,1.130,21.08,1232,37.4,34.0,+3.4,
28,931,,23.67,26.35,1.113,26.35,1562,42.3,57.3,-15.0,
28,932,,23.51,26.14,1.112,26.14,1552,40.3,54.9,-14.8,
28,933,,24.12,26.80,1.111,26.80,1592,41.2,54.9,-13.7,
28,934,,24.21,26.92,1.112,26.92,1598,41.8,54.9,-13.1,
28,935,,25.49,28.09,1.102,28.09,1682,41.6,58.3,-16.7,
28,942,23.54,23.72,26.71,1.126,26.51,1566,45.8,41.8,+3.9,
28,946,,18.70,21.29,1.138,21.29,1234,37.4,42.8,-5.5,
28,GATE,16.42,16.43,14.96,0.911,14.95,1084,1.2,38.7,-37.5,
29,1,10.70,10.83,11.47,1.059,11.33,715,2.7,55.9,-53.2,
29,2,10.89,11.08,11.72,1.058,11.52,731,2.8,53.6,-50.9,
29,3,12.14,12.01,12.68,1.055,12.81,793,3.3,53.7,-50.5,
29,4,11.84,12.07,12.64,1.047,12.40,797,3.3,55.9,-52.7,
29,5,10.82,10.96,11.47,1.046,11.32,724,3.3,51.2,-47.9,
29,6,12.22,12.36,12.78,1.034,12.64,816,4.2,46.9,-42.7,
29,7,10.77,11.17,11.76,1.053,11.34,737,4.4,43.5,-39.1,
29,8,10.89,11.26,11.77,1.045,11.38,743,3.3,51.2,-47.9,
29,9,10.70,11.11,11.09,0.998,10.68,733,2.9,40.6,-37.7,
29,10,11.74,11.88,12.06,1.016,11.92,784,5.4,37.1,-31.7,
29,10-1,11.89,12.03,12.22,1.016,12.08,794,5.4,37.1,-31.7,
29,11,10.88,11.11,11.11,1.000,10.88,734,2.9,40.1,-37.1,
29,12,9.73,9.87,9.96,1.008,9.82,652,2.9,34.7,-31.8,
29,13,8.13,8.27,8.46,1.023,8.32,546,2.7,31.5,-28.8,
29,14,12.75,12.89,13.42,1.041,13.28,851,5.1,45.5,-40.5,
29,15,15.01,15.15,15.56,1.028,15.42,1000,3.7,72.1,-68.4,
29,15-1,15.68,16.95,17.44,1.029,16.13,1118,6.9,75.7,-68.8,
29,16,16.85,17.08,17.46,1.022,17.22,1127,5.2,76.1,-71.0,
29,16-1,16.22,16.36,16.65,1.018,16.51,1080,3.7,76.0,-72.3,
29,17,16.46,16.61,17.29,1.041,17.14,1096,8.3,68.7,-60.4,
29,18,4.53,4.83,5.12,1.061,4.80,319,1.2,24.4,-23.2,
29,19,5.59,5.73,5.95,1.038,5.80,378,0.8,25.5,-24.7,
29,20,4.45,6.62,6.75,1.020,4.54,437,0.6,30.1,-29.6,경로 다름
29,21,4.61,5.30,5.52,1.043,4.81,350,0.0,32.2,-32.2,
29,22,7.46,7.62,8.12,1.065,7.95,503,0.2,47.0,-46.8,
29,24,10.59,10.80,11.43,1.059,11.21,713,0.5,62.0,-61.5,
29,25,10.11,10.25,10.90,1.064,10.75,676,0.5,61.6,-61.0,
29,25-1,11.04,11.18,11.81,1.057,11.66,738,0.5,62.0,-61.5,
29,26,10.13,10.01,10.49,1.048,10.62,661,0.0,58.1,-58.1,
29,27,8.79,8.93,9.25,1.036,9.10,589,0.0,51.9,-51.9,
29,28,8.16,8.23,8.62,1.047,8.54,543,0.0,50.5,-50.5,
29,30,7.04,7.19,7.61,1.059,7.45,475,0.0,45.5,-45.4,
29,31,8.06,8.15,8.55,1.049,8.46,538,0.0,50.3,-50.3,
29,32,11.44,11.58,11.66,1.008,11.52,764,2.1,47.5,-45.4,
29,32-1,10.48,11.12,11.20,1.008,10.57,734,2.1,47.5,-45.4,
29,33,8.31,8.47,9.08,1.072,8.92,559,3.8,44.3,-40.5,
29,34,6.86,7.00,7.22,1.031,7.08,462,1.1,33.8,-32.7,
29,35,4.37,4.52,4.71,1.042,4.56,298,0.0,27.3,-27.2,
29,36,7.28,7.32,7.56,1.033,7.52,483,2.2,29.9,-27.7,
29,37,8.24,8.47,9.08,1.072,8.84,559,3.8,44.3,-40.5,
29,38,8.63,8.77,8.90,1.015,8.76,579,2.1,37.4,-35.2,
29,39,9.30,8.80,9.18,1.044,9.71,581,5.4,30.7,-25.4,
29,40,8.99,9.14,9.01,0.986,8.86,603,4.7,23.8,-19.1,
29,43,5.18,5.36,5.59,1.042,5.40,354,0.0,32.2,-32.2,
29,43-1,5.53,5.67,5.97,1.052,5.82,374,0.0,35.5,-35.5,
29,43-2,5.63,6.25,6.51,1.042,5.86,413,0.0,38.1,-38.1,
29,44-1,7.03,7.17,7.41,1.033,7.27,473,2.2,30.0,-27.8,
29,49,16.94,17.08,18.77,1.099,18.61,1128,16.3,62.3,-46.0,
29,50,15.96,16.10,16.95,1.052,16.80,1063,9.6,66.3,-56.8,
29,51,17.36,17.50,18.52,1.058,18.37,1155,12.2,70.9,-58.8,
29,52,17.45,17.59,18.58,1.057,18.43,1161,12.2,66.3,-54.1,
29,52-1,18.13,18.40,19.41,1.054,19.12,1215,13.1,68.6,-55.5,
29,52-2,18.66,18.80,19.81,1.054,19.66,1241,13.2,68.6,-55.4,
29,53,16.57,16.71,18.37,1.099,18.21,1103,16.0,62.4,-46.4,
29,54,15.45,15.67,17.23,1.100,16.99,1034,14.0,61.9,-48.0,
29,55,15.71,15.85,17.41,1.098,17.26,1046,13.9,61.9,-48.0,
29,56,5.69,6.16,6.30,1.022,5.82,407,0.0,36.1,-36.1,
29,57,21.49,21.65,23.15,1.069,22.98,1429,19.3,82.8,-63.4,
29,57-1,20.51,20.65,21.98,1.065,21.83,1363,19.5,73.1,-53.6,
29,58,20.90,21.04,21.79,1.036,21.65,1389,11.0,80.3,-69.4,
29,59,20.66,20.81,22.38,1.075,22.22,1373,19.3,81.3,-61.8,
29,59-1,21.59,21.73,23.32,1.073,23.17,1434,19.3,87.7,-68.2,
29,61,9.55,9.70,10.21,1.053,10.05,640,2.7,45.8,-43.0,
29,62,9.29,11.06,12.16,1.099,10.21,730,5.7,61.9,-56.5,
29,64,18.37,18.51,18.59,1.004,18.45,1222,1.1,87.0,-85.8,
29,66,1.27,6.11,6.79,1.111,1.41,404,12.4,2.0,+10.5,경로 다름
29,71,26.30,26.23,27.33,1.042,27.40,1731,18.7,87.6,-68.8,
29,71-1,24.69,26.23,27.33,1.042,25.72,1731,18.7,87.6,-68.8,
29,73,14.39,14.53,15.07,1.037,14.93,959,0.7,69.0,-68.2,
29,74,14.33,14.47,15.60,1.078,15.45,955,12.2,64.4,-52.4,
29,75,11.66,11.84,12.36,1.044,12.17,781,5.0,53.7,-48.7,
29,75-1,11.51,11.74,11.97,1.019,11.73,775,1.8,57.1,-55.3,
29,80,30.65,30.79,33.17,1.077,33.02,2032,40.2,88.4,-48.4,
29,81,24.69,25.26,26.59,1.053,25.99,1667,21.6,76.6,-55.0,
29,82,15.67,15.81,18.30,1.158,18.14,1043,23.9,60.5,-36.6,
29,83,17.58,17.72,18.55,1.047,18.41,1169,10.7,71.1,-60.4,
29,84,15.29,15.06,15.80,1.049,16.04,994,7.3,65.8,-58.5,
29,85,25.81,26.41,27.86,1.055,27.23,1743,23.7,76.6,-52.8,
29,85-1,31.27,31.72,34.04,1.073,33.56,2093,39.7,88.8,-49.2,
29,86,29.96,30.42,32.71,1.076,32.23,2008,37.8,88.4,-50.6,
29,101,17.64,17.78,18.08,1.017,17.94,1173,3.7,79.1,-75.4,
29,103,15.06,15.20,15.69,1.032,15.54,1003,0.6,71.0,-70.4,
29,105-2,5.30,5.42,5.48,1.012,5.36,358,4.6,9.3,-4.3,
29,129,9.08,9.28,9.57,1.032,9.37,612,0.0,52.4,-52.4,
29,132,2.30,2.35,2.32,0.988,2.27,155,0.8,2.0,-1.1,
29,135,8.64,8.76,8.69,0.992,8.57,578,4.7,25.2,-20.5,
29,140,19.37,19.96,21.51,1.078,20.88,1317,22.9,69.2,-46.0,
29,140-1,19.37,19.96,21.51,1.078,20.88,1317,22.9,69.2,-46.0,
29,140-2,19.37,19.96,21.51,1.078,20.88,1317,22.9,69.2,-46.0,
29,142,1.26,1.64,1.56,0.950,1.19,108,0.0,2.2,-2.2,
29,143,3.51,3.82,4.01,1.050,3.69,252,0.0,23.8,-23.7,
29,152-1,24.05,23.96,24.66,1.029,24.76,1581,13.2,86.6,-73.4,
29,153,23.46,23.62,24.32,1.030,24.15,1559,12.9,84.6,-71.7,
29,200,9.75,9.97,10.17,1.021,9.95,658,0.0,54.3,-54.3,
29,201,10.85,11.00,11.28,1.026,11.14,726,1.6,54.5,-52.8,
29,203,11.30,11.44,11.52,1.006,11.37,755,0.0,60.4,-60.4,
29,207,18.75,19.17,20.18,1.053,19.73,1265,13.2,68.6,-55.4,
29,220,18.52,18.73,20.05,1.070,19.83,1236,18.3,69.5,-51.2,
29,221,20.41,20.95,22.42,1.070,21.84,1383,21.0,71.3,-50.3,
29,222,19.27,19.41,20.81,1.072,20.66,1281,19.6,71.4,-51.8,
29,223,22.17,23.51,25.42,1.081,23.98,1552,28.3,71.7,-43.5,
29,300,10.05,10.28,12.14,1.181,11.87,678,32.5,6.5,+26.0,
29,301,11.11,11.11,13.22,1.190,13.23,733,36.5,6.5,+30.0,
29,302,13.66,13.91,17.46,1.255,17.14,918,58.2,6.5,+51.5,
29,500,12.79,12.93,12.80,0.990,12.66,853,0.0,65.0,-65.0,
29,900,,16.11,16.78,1.041,16.78,1063,11.9,38.3,-26.5,
29,901,,17.08,17.62,1.032,17.62,1127,11.7,42.6,-30.9,
29,902,,15.20,15.81,1.041,15.81,1003,11.1,37.9,-26.7,
29,903,,14.07,14.78,1.050,14.78,928,11.1,33.5,-22.4,
29,904,,13.74,14.49,1.054,14.49,907,11.1,32.8,-21.7,
29,905,,14.39,15.04,1.045,15.04,950,11.2,35.3,-24.1,
29,906,,16.64,17.20,1.033,17.20,1098,11.1,39.7,-28.6,
29,915,,21.49,21.71,1.010,21.71,1418,11.5,73.8,-61.9,
29,916,,22.63,22.92,1.012,22.92,1494,13.4,75.2,-61.5,
29,917,,23.45,23.86,1.018,23.86,1548,13.6,81.2,-67.4,
29,918,,14.63,15.91,1.087,15.91,966,17.8,32.8,-15.5,
29,919,16.86,18.44,18.70,1.014,17.09,1217,11.5,53.0,-41.5,
29,921,,20.12,20.35,1.011,20.35,1328,11.6,62.6,-50.9,
29,922,,20.65,21.02,1.018,21.02,1363,13.6,59.9,-46.5,
29,923,,21.14,21.55,1.019,21.55,1395,14.8,62.6,-47.7,
29,924,,21.11,21.41,1.014,21.41,1393,13.6,63.6,-50.0,
29,925,,20.43,20.63,1.010,20.63,1348,11.5,63.0,-51.5,
29,926,,20.89,21.01,1.006,21.01,1379,11.5,64.7,-53.1,
29,931,,25.89,26.28,1.015,26.28,1709,16.5,88.0,-71.5,
29,932,,25.73,26.07,1.013,26.07,1698,14.4,85.6,-71.3,
29,933,,26.34,26.73,1.015,26.73,1739,15.3,85.6,-70.2,
29,934,,26.43,26.85,1.016,26.85,1744,15.9,85.6,-69.6,
29,935,,27.71,28.02,1.011,28.02,1829,15.7,89.0,-73.2,
29,942,23.44,25.03,28.98,1.158,27.14,1652,40.0,88.9,-48.8,
29,946,,20.93,21.22,1.014,21.22,1381,11.5,73.5,-62.0,
29,GATE,22.37,22.50,22.40,0.996,22.27,1485,1.7,91.5,-89.8,
30,1,7.35,7.38,7.08,0.959,7.05,487,1.1,8.9,-7.8,
30,2,7.54,7.63,7.37,0.966,7.29,503,1.1,6.6,-5.5,
30,3,8.79,8.56,8.33,0.973,8.55,565,1.6,6.6,-5.1,
30,4,8.50,8.62,8.29,0.962,8.18,569,1.6,8.9,-7.3,
30,5,7.85,7.88,8.20,1.041,8.17,520,9.3,11.8,-2.5,
30,6,9.25,9.28,9.60,1.034,9.57,613,10.2,7.5,+2.7,
30,7,7.80,8.09,8.58,1.060,8.27,534,10.4,4.2,+6.2,
30,8,7.92,8.18,8.50,1.039,8.23,540,9.3,11.8,-2.5,
30,9,8.03,8.07,8.56,1.060,8.52,533,10.4,4.2,+6.2,
30,10,9.53,9.92,10.52,1.060,10.11,655,13.8,6.2,+7.5,
30,10-1,10.14,10.17,11.28,1.108,11.24,672,20.7,7.0,+13.6,
30,11,8.43,8.55,9.23,1.080,9.11,564,14.4,6.2,+8.2,
30,12,7.83,7.92,8.67,1.095,8.57,522,14.4,4.4,+10.0,
30,13,5.94,5.97,6.78,1.136,6.74,394,14.2,3.1,+11.2,
30,14,9.78,9.82,10.24,1.043,10.21,648,11.1,6.2,+4.9,
30,15,11.06,11.09,10.82,0.976,10.79,732,1.8,24.8,-23.0,
30,15-1,11.73,12.89,12.69,0.985,11.55,851,4.9,28.3,-23.4,
30,16,12.90,13.03,12.71,0.976,12.59,860,3.2,28.8,-25.6,
30,16-1,12.27,12.31,11.91,0.967,11.87,812,1.8,28.7,-26.9,
30,17,12.52,12.55,12.55,1.000,12.52,828,6.4,21.4,-15.0,
30,18,3.67,3.89,5.13,1.319,4.84,257,18.3,0.2,+18.1,
30,19,4.03,4.05,5.40,1.334,5.38,267,19.9,0.1,+19.8,
30,20,4.23,4.26,5.06,1.187,5.02,281,12.4,1.2,+11.3,
30,21,2.90,2.92,3.83,1.313,3.81,193,13.5,0.2,+13.3,
30,22,1.72,1.84,1.79,0.971,1.67,122,0.0,5.6,-5.6,
30,24,6.10,6.20,5.95,0.960,5.86,409,0.3,16.4,-16.1,
30,25,4.49,4.49,4.20,0.937,4.20,296,0.0,13.8,-13.8,
30,25-1,6.55,6.58,6.33,0.962,6.30,434,0.3,16.4,-16.1,
30,26,5.30,5.14,5.01,0.974,5.16,339,0.3,13.0,-12.7,
30,27,2.56,2.55,2.44,0.955,2.44,169,0.0,7.0,-7.0,
30,28,1.87,1.86,1.80,0.971,1.82,123,0.0,5.6,-5.6,
30,29,7.04,7.19,10.29,1.431,10.07,475,45.5,0.0,+45.4,
30,31,1.06,1.15,1.15,0.996,1.06,76,0.3,0.4,-0.1,
30,32,4.88,4.88,5.16,1.057,5.16,322,5.0,9.9,-4.9,
30,32-1,1.35,4.42,4.70,1.063,1.44,292,5.0,9.9,-4.9,경로 다름
30,33,0.66,0.71,0.71,1.000,0.66,47,0.0,0.0,+0.0,
30,34,0.67,0.87,0.87,0.996,0.67,58,0.0,0.1,-0.1,
30,35,1.77,2.73,3.79,1.390,2.46,180,15.5,0.0,+15.4,
30,36,1.90,1.70,1.93,1.134,2.16,112,3.7,0.1,+3.4,
30,37,0.65,0.71,0.71,1.000,0.65,47,0.0,0.0,+0.0,
30,38,2.13,2.13,2.43,1.139,2.43,141,4.8,0.1,+4.7,
30,39,4.09,4.17,4.96,1.190,4.87,275,13.1,0.1,+12.9,
30,40,3.93,3.93,4.68,1.190,4.68,259,12.2,0.1,+12.1,
30,43,1.76,1.96,2.40,1.227,2.16,129,6.6,0.6,+6.1,
30,43-1,1.10,1.12,1.12,1.000,1.10,74,0.0,0.0,+0.0,
30,43-2,1.10,1.25,1.69,1.353,1.49,82,5.6,0.0,+5.5,
30,44-1,3.26,3.26,3.98,1.220,3.98,215,11.5,0.1,+11.4,
30,49,13.60,13.63,14.42,1.058,14.39,900,14.6,15.2,-0.6,
30,50,12.01,12.05,12.20,1.013,12.17,795,7.7,19.1,-11.4,
30,51,13.42,13.45,13.78,1.025,13.75,888,10.3,23.6,-13.4,
30,52,13.50,13.53,13.84,1.023,13.81,893,10.3,19.1,-8.8,
30,52-1,14.19,14.35,14.66,1.022,14.50,947,11.2,21.4,-10.2,
30,52-2,14.71,14.74,15.06,1.022,15.03,973,11.4,21.4,-10.0,
30,53,13.22,13.25,14.02,1.058,13.98,875,14.3,15.3,-1.0,
30,54,12.10,12.21,12.88,1.055,12.76,806,12.3,14.9,-2.6,
30,55,12.24,11.97,12.09,1.010,12.37,790,7.2,19.1,-11.9,
30,56,1.89,1.93,1.90,0.984,1.86,127,0.7,1.5,-0.8,
30,57,17.54,17.59,18.40,1.046,18.35,1161,17.4,35.5,-18.1,
30,57-1,16.56,16.59,17.24,1.039,17.21,1095,17.7,25.9,-8.2,
30,58,16.95,16.99,17.05,1.004,17.02,1121,9.1,33.1,-24.0,
30,59,16.71,16.75,17.63,1.053,17.59,1106,17.5,34.1,-16.4,
30,59-1,17.64,17.67,18.58,1.051,18.54,1166,17.4,40.5,-22.8,
30,61,6.58,6.62,6.94,1.049,6.90,437,8.7,6.4,+2.4,
30,62,5.32,6.99,7.18,1.027,5.47,461,5.5,16.4,-11.1,경로 다름
30,64,14.27,14.27,12.84,0.900,12.84,942,0.6,41.5,-40.9,
30,66,12.20,12.30,16.44,1.336,16.30,812,63.2,6.2,+57.0,
30,71,22.35,22.18,22.59,1.019,22.77,1464,16.9,40.4,-23.5,
30,71-1,20.74,22.18,22.59,1.019,21.13,1464,16.9,40.4,-23.5,
30,73,10.42,10.46,10.09,0.965,10.06,690,0.6,23.5,-22.9,
30,74,10.55,10.58,11.04,1.043,11.01,698,11.0,17.9,-7.0,
30,75,5.32,5.36,5.43,1.014,5.39,354,5.0,8.9,-3.8,
30,75-1,5.17,5.26,5.04,0.958,4.95,347,1.8,12.2,-10.4,
30,80,26.71,26.74,28.43,1.063,28.40,1765,38.3,41.2,-3.0,
30,81,21.17,21.20,21.85,1.031,21.81,1399,19.7,29.4,-9.6,
30,82,12.32,12.35,13.96,1.130,13.92,815,22.2,13.4,+8.8,
30,83,13.63,13.66,13.81,1.011,13.78,902,8.8,23.8,-15.0,
30,84,11.34,11.00,11.05,1.005,11.39,726,5.5,18.5,-13.1,
30,85,22.29,22.35,23.12,1.034,23.06,1475,21.9,29.4,-7.5,
30,85-1,27.32,27.66,29.30,1.059,28.94,1826,37.8,41.6,-3.8,
30,86,26.02,26.36,27.97,1.061,27.61,1740,36.0,41.2,-5.2,
30,101,13.69,13.72,13.34,0.972,13.31,906,1.8,31.8,-30.0,
30,103,11.10,11.13,10.71,0.962,10.68,734,0.5,25.5,-25.0,
30,105-2,9.02,9.11,11.63,1.276,11.51,601,40.2,3.2,+37.3,
30,129,2.79,2.80,2.64,0.944,2.63,185,0.0,7.5,-7.5,
30,132,9.20,9.22,12.35,1.340,12.33,608,47.4,2.0,+45.5,
30,135,4.81,4.51,5.46,1.212,5.84,298,15.5,0.2,+15.4,
30,140,15.84,15.90,16.77,1.055,16.71,1049,21.0,22.0,-0.6,
30,140-1,15.84,15.90,16.77,1.055,16.71,1049,21.0,22.0,-0.6,
30,140-2,15.84,15.90,16.77,1.055,16.71,1049,21.0,22.0,-0.6,
30,142,6.34,6.47,9.38,1.450,9.19,427,42.5,0.0,+42.5,
30,143,4.57,4.59,6.04,1.317,6.02,303,21.9,0.2,+21.8,
30,152-1,20.11,19.90,19.92,1.001,20.13,1314,11.3,39.4,-28.0,
30,153,19.51,19.57,19.58,1.001,19.52,1292,11.1,37.4,-26.3,
30,200,3.41,3.49,3.25,0.930,3.17,230,0.0,9.4,-9.4,
30,201,4.51,4.52,4.35,0.964,4.35,298,1.6,9.6,-7.9,
30,203,4.96,4.96,4.59,0.924,4.59,328,0.0,15.5,-15.5,
30,207,14.80,15.12,15.44,1.021,15.12,998,11.4,21.4,-10.0,
30,220,14.57,14.68,15.31,1.043,15.20,969,16.4,22.3,-5.8,
30,221,16.68,16.89,17.68,1.046,17.45,1115,19.1,24.1,-5.0,
30,222,15.33,15.36,16.07,1.046,16.04,1014,17.8,24.1,-6.4,
30,223,19.39,19.45,20.68,1.063,20.62,1284,26.4,24.5,+1.8,
30,300,11.24,11.44,15.84,1.386,15.58,755,67.1,0.2,+66.9,
30,301,12.31,12.27,16.98,1.384,17.04,810,71.7,0.2,+71.6,
30,302,14.87,15.07,21.22,1.408,20.94,995,93.4,0.2,+93.1,
30,500,6.45,6.45,5.87,0.910,5.87,425,0.0,20.1,-20.1,
30,900,,15.92,17.73,1.114,17.73,1050,35.2,15.2,+20.0,
30,901,,15.73,17.57,1.117,17.57,1038,34.0,18.5,+15.7,
30,902,,15.16,16.92,1.116,16.92,1000,34.0,14.3,+19.8,
30,903,,15.60,17.55,1.125,17.55,1029,36.3,12.2,+24.1,
30,904,,15.27,17.26,1.130,17.26,1008,36.4,11.6,+24.8,
30,905,,16.77,19.54,1.166,19.54,1107,42.1,19.7,+22.4,
30,906,,16.26,18.26,1.123,18.26,1073,36.1,20.7,+15.0,
30,915,,20.02,21.90,1.093,21.90,1322,33.5,49.3,-15.4,
30,916,,21.17,23.10,1.092,23.10,1397,35.4,50.7,-15.0,
30,917,,21.98,24.05,1.094,24.05,1451,35.6,56.6,-20.9,
30,918,,17.01,20.42,1.200,20.42,1123,48.7,17.2,+31.0,
30,919,16.94,16.98,18.89,1.113,18.86,1120,33.5,28.5,+5.0,
30,921,,18.65,20.53,1.101,20.53,1231,33.6,38.1,-4.4,
30,922,,19.18,21.21,1.106,21.21,1266,35.6,35.4,+0.0,
30,923,,19.67,21.73,1.105,21.73,1298,36.8,38.1,-1.2,
30,924,,19.64,21.60,1.099,21.60,1296,35.6,39.1,-3.5,
30,925,,18.96,20.82,1.098,20.82,1252,33.5,38.5,-5.0,
30,926,,19.42,21.20,1.092,21.20,1282,33.5,40.2,-6.6,
30,931,,24.42,26.47,1.084,26.47,1612,38.4,63.4,-25.0,
30,932,,24.27,26.26,1.082,26.26,1602,36.4,61.1,-24.8,
30,933,,24.87,26.92,1.082,26.92,1642,37.3,61.1,-23.7,
30,934,,24.96,27.04,1.083,27.04,1647,37.9,61.1,-23.1,
30,935,,26.24,28.21,1.075,28.21,1732,37.7,64.5,-26.7,
30,942,24.34,24.48,26.83,1.096,26.68,1616,41.9,48.0,-6.1,
30,946,,19.46,21.41,1.100,21.41,1284,33.5,48.9,-15.5,
30,GATE,18.27,18.26,16.65,0.912,16.66,1205,1.2,46.1,-44.9,
31,1,6.85,6.80,6.74,0.992,6.79,449,3.2,6.1,-2.9,
31,2,7.04,7.04,7.03,0.999,7.03,465,3.2,3.8,-0.6,
31,3,8.29,7.97,7.99,1.002,8.31,526,3.8,3.9,-0.1,
31,4,7.99,8.03,7.96,0.990,7.92,530,3.7,6.1,-2.4,
31,5,7.38,7.33,7.32,0.999,7.37,484,3.2,3.8,-0.6,
31,6,8.98,8.96,9.11,1.016,9.13,592,6.6,5.1,+1.6,
31,7,7.78,8.00,8.82,1.103,8.59,528,14.2,3.0,+11.2,
31,8,7.69,7.82,8.08,1.033,7.95,516,7.4,3.8,+3.6,
31,9,8.02,7.98,8.80,1.103,8.85,527,14.2,3.0,+11.2,
31,10,9.52,9.83,10.76,1.095,10.42,649,17.6,5.0,+12.4,
31,10-1,10.45,10.41,11.95,1.149,12.01,687,26.6,8.1,+18.6,
31,11,8.75,8.78,9.91,1.129,9.87,580,20.3,7.2,+13.2,
31,12,8.14,8.15,9.35,1.147,9.34,538,20.3,5.4,+14.9,
31,13,6.25,6.20,7.46,1.203,7.51,409,20.2,4.1,+16.1,
31,14,9.52,9.50,9.98,1.051,10.00,627,11.0,3.9,+7.0,
31,15,10.55,10.50,10.49,0.998,10.54,693,3.9,22.0,-18.1,
31,15-1,11.23,12.30,12.36,1.004,11.28,812,7.1,25.6,-18.5,
31,16,12.40,12.44,12.38,0.995,12.33,821,5.4,26.0,-20.7,
31,16-1,11.77,11.72,11.57,0.987,11.62,774,3.9,25.9,-22.0,
31,17,12.01,11.97,12.21,1.021,12.26,790,8.6,18.7,-10.1,
31,18,4.70,4.85,6.39,1.317,6.19,320,23.2,0.2,+23.0,
31,19,5.06,5.02,6.67,1.330,6.73,331,24.8,0.1,+24.6,
31,20,4.36,4.47,5.47,1.224,5.34,295,15.8,2.3,+13.5,
31,21,3.70,3.80,4.92,1.294,4.79,251,17.2,1.1,+16.1,
31,22,0.86,0.86,0.86,1.000,0.86,56,0.0,0.0,-0.0,
31,24,4.93,5.00,4.68,0.935,4.61,330,0.0,10.3,-10.3,
31,25,3.11,3.11,2.91,0.936,2.91,205,0.0,7.5,-7.5,
31,25-1,5.38,5.38,5.06,0.940,5.06,355,0.0,10.3,-10.3,
31,26,3.93,3.93,3.74,0.952,3.74,259,0.3,8.0,-7.7,
31,27,1.18,1.15,1.15,1.000,1.18,76,0.0,0.0,-0.0,
31,28,0.61,0.61,0.61,1.000,0.61,40,0.0,0.0,-0.0,
31,29,8.06,8.15,11.55,1.417,11.42,538,50.3,0.0,+50.3,
31,30,1.06,1.15,1.16,1.006,1.07,76,0.4,0.3,+0.1,
31,32,0.99,1.22,1.32,1.078,1.07,81,1.7,0.0,+1.6,
31,32-1,1.34,1.31,1.41,1.070,1.44,87,1.6,0.0,+1.6,
31,33,1.37,1.37,1.42,1.040,1.43,90,1.2,0.3,+0.8,
31,34,3.17,3.12,3.73,1.195,3.78,206,9.8,0.0,+9.8,
31,35,3.74,3.69,5.06,1.370,5.12,244,20.4,0.0,+20.3,
31,36,4.17,4.33,5.03,1.163,4.84,286,11.6,0.4,+11.2,
31,37,1.81,3.66,4.27,1.167,2.11,241,9.8,0.0,+9.8,경로 다름
31,38,3.51,3.62,4.35,1.203,4.22,239,11.7,0.0,+11.6,
31,39,6.06,6.25,7.45,1.191,7.21,413,19.5,0.0,+19.4,
31,40,5.90,6.01,7.16,1.191,7.03,397,18.6,0.0,+18.6,
31,43,2.48,2.59,3.36,1.296,3.21,171,11.5,0.6,+11.0,
31,43-1,2.15,2.11,2.43,1.151,2.48,139,4.9,0.1,+4.9,
31,43-2,1.79,1.88,2.65,1.406,2.52,124,10.6,0.0,+10.4,
31,44-1,4.80,4.80,6.06,1.264,6.07,317,19.7,2.0,+17.7,
31,49,13.09,13.04,14.08,1.080,14.14,861,16.7,12.4,+4.3,
31,50,11.51,11.46,11.87,1.036,11.92,756,9.9,16.3,-6.5,
31,51,12.91,12.86,13.44,1.045,13.50,849,12.5,20.9,-8.5,
31,52,13.00,12.95,13.50,1.043,13.56,855,12.5,16.3,-3.8,
31,52-1,13.68,13.76,14.33,1.041,14.24,908,13.4,18.6,-5.2,
31,52-2,14.21,14.16,14.73,1.040,14.78,934,13.5,18.6,-5.1,
31,53,12.72,12.67,13.68,1.080,13.74,836,16.4,12.6,+3.9,
31,54,11.60,11.63,12.55,1.079,12.51,768,14.4,12.1,+2.3,
31,55,11.74,11.38,11.76,1.033,12.12,751,9.3,16.3,-7.0,
31,56,1.79,1.65,1.75,1.062,1.90,109,1.8,0.0,+1.8,
31,57,17.04,17.01,18.07,1.062,18.10,1123,19.6,32.8,-13.1,
31,57-1,16.05,16.01,16.90,1.056,16.96,1056,19.8,23.1,-3.3,
31,58,16.45,16.40,16.72,1.019,16.77,1083,11.3,30.3,-19.1,
31,59,16.21,16.17,17.30,1.070,17.34,1067,19.6,31.3,-11.5,
31,59-1,17.14,17.09,18.24,1.068,18.29,1128,19.6,37.7,-17.8,
31,61,6.57,6.53,7.19,1.101,7.23,431,12.5,5.2,+7.3,
31,62,4.82,6.40,6.84,1.069,5.15,423,7.7,13.6,-6.1,경로 다름
31,64,12.90,12.81,11.46,0.895,11.54,846,0.6,36.0,-35.4,
31,66,13.23,13.27,17.70,1.334,17.65,876,68.1,6.2,+61.9,
31,71,21.85,21.59,22.25,1.031,22.52,1425,19.0,37.6,-18.5,
31,71-1,20.24,21.59,22.25,1.031,20.86,1425,19.0,37.6,-18.5,
31,73,9.92,9.87,9.76,0.988,9.80,652,2.8,20.7,-17.9,
31,74,10.05,10.00,10.70,1.071,10.76,660,13.1,15.1,-2.1,
31,75,2.63,2.94,2.95,1.004,2.64,194,1.6,3.4,-1.7,
31,75-1,3.09,3.20,3.13,0.978,3.02,211,1.6,5.3,-3.6,
31,80,26.20,26.15,28.09,1.074,28.15,1726,40.5,38.4,+1.9,
31,81,20.67,20.61,21.51,1.043,21.56,1361,21.9,26.6,-4.7,
31,82,11.82,11.77,13.62,1.157,13.68,777,24.4,10.7,+13.7,
31,83,13.13,13.08,13.47,1.030,13.53,863,11.0,21.1,-10.1,
31,84,10.84,10.42,10.72,1.029,11.15,688,7.6,15.8,-8.2,
31,85,21.79,21.77,22.78,1.047,22.81,1437,24.1,26.6,-2.5,
31,85-1,26.82,27.08,28.96,1.070,28.69,1787,40.0,38.8,+1.1,
31,86,25.51,25.78,27.64,1.072,27.35,1701,38.1,38.4,-0.3,
31,101,13.18,13.14,13.00,0.990,13.05,867,3.9,29.0,-25.1,
31,103,10.59,10.54,10.37,0.984,10.42,696,2.7,22.8,-20.1,
31,105-2,11.03,11.07,14.34,1.296,14.29,731,51.6,4.8,+47.1,
31,129,1.42,1.34,1.27,0.946,1.35,88,0.0,2.0,-2.0,
31,132,10.23,10.18,13.61,1.337,13.68,672,52.3,2.0,+50.3,
31,135,6.82,6.47,8.18,1.265,8.63,427,26.9,1.8,+25.2,
31,140,15.34,15.32,16.43,1.073,16.46,1011,23.2,19.2,+4.3,
31,140-1,15.34,15.32,16.43,1.073,16.46,1011,23.2,19.2,+4.3,
31,140-2,15.34,15.32,16.43,1.073,16.46,1011,23.2,19.2,+4.3,
31,142,7.37,7.43,10.64,1.432,10.55,490,47.3,0.0,+47.3,
31,143,5.60,5.55,7.31,1.316,7.37,367,26.8,0.2,+26.6,
31,152-1,19.60,19.32,19.59,1.014,19.87,1275,13.5,36.6,-23.1,
31,153,19.00,18.98,19.25,1.014,19.27,1253,13.3,34.6,-21.4,
31,200,2.04,2.03,1.87,0.922,1.88,134,0.0,3.9,-3.9,
31,201,3.15,3.06,2.98,0.974,3.07,202,1.6,4.1,-2.4,
31,203,3.60,3.51,3.21,0.916,3.30,231,0.0,10.0,-10.0,
31,207,14.30,14.53,15.10,1.039,14.86,959,13.5,18.6,-5.1,
31,220,14.07,14.09,14.97,1.062,14.95,930,18.6,19.5,-0.8,
31,221,16.18,16.31,17.34,1.063,17.20,1076,21.3,21.3,-0.0,
31,222,14.82,14.77,15.73,1.065,15.79,975,19.9,21.4,-1.5,
31,223,18.89,18.87,20.35,1.078,20.37,1245,28.6,21.7,+6.8,
31,300,13.25,13.40,18.56,1.386,18.36,884,78.5,1.8,+76.7,
31,301,14.32,14.23,19.70,1.385,19.83,939,83.2,1.8,+81.4,
31,302,16.88,17.03,23.94,1.405,23.72,1124,104.8,1.8,+103.0,
31,500,5.08,4.99,4.49,0.900,4.57,329,0.0,14.6,-14.6,
31,900,,15.49,17.61,1.137,17.61,1022,35.4,10.4,+24.9,
31,901,,15.30,17.45,1.141,17.45,1010,34.2,13.7,+20.6,
31,902,,14.73,16.80,1.141,16.80,972,34.2,9.5,+24.7,
31,903,,15.17,17.43,1.149,17.43,1001,36.5,7.5,+29.0,
31,904,,14.84,17.14,1.155,17.14,980,36.6,6.8,+29.8,
31,905,,16.49,18.74,1.136,18.74,1088,38.4,11.0,+27.3,
31,906,,15.84,18.14,1.145,18.14,1045,36.3,16.0,+19.9,
31,915,,19.60,21.78,1.111,21.78,1293,33.7,44.5,-10.5,
31,916,,20.74,22.98,1.108,22.98,1369,35.6,45.9,-10.1,
31,917,,21.55,23.93,1.110,23.93,1423,35.7,51.9,-16.0,
31,918,,16.73,19.61,1.172,19.61,1104,45.5,9.1,+36.0,
31,919,16.60,16.55,18.77,1.134,18.83,1092,33.7,23.7,+9.9,
31,921,,18.22,20.41,1.120,20.41,1203,33.8,33.3,+0.5,
31,922,,18.75,21.09,1.125,21.09,1238,35.7,30.6,+4.9,
31,923,,19.24,21.62,1.123,21.62,1270,37.0,33.3,+3.7,
31,924,,19.21,21.48,1.118,21.48,1268,35.8,34.3,+1.5,
31,925,,18.53,20.69,1.117,20.69,1223,33.7,33.7,-0.1,
31,926,,18.99,21.08,1.110,21.08,1253,33.7,35.5,-1.7,
31,931,,23.99,26.35,1.098,26.35,1584,38.6,58.7,-20.1,
31,932,,23.84,26.14,1.097,26.14,1573,36.6,56.3,-19.8,
31,933,,24.45,26.80,1.096,26.80,1613,37.5,56.4,-18.8,
31,934,,24.53,26.92,1.097,26.92,1619,38.1,56.4,-18.2,
31,935,,25.81,28.09,1.088,28.09,1704,37.8,59.7,-21.8,
31,942,23.99,24.05,26.71,1.111,26.65,1587,42.1,43.3,-1.2,
31,946,,19.03,21.29,1.119,21.29,1256,33.7,44.2,-10.6,
31,GATE,16.91,16.80,15.28,0.909,15.37,1109,1.2,40.6,-39.4,
32,1,10.13,10.40,10.06,0.967,9.80,686,3.0,16.8,-13.8,
32,2,10.69,10.74,10.75,1.001,10.70,709,6.6,10.5,-3.9,
32,3,11.94,11.67,11.71,1.003,11.97,770,7.2,10.6,-3.5,
32,4,11.64,11.73,11.67,0.995,11.58,774,7.1,12.8,-5.7,
32,5,11.03,11.03,11.03,1.001,11.03,728,6.6,10.6,-4.0,
32,6,12.63,12.66,12.82,1.013,12.79,836,10.0,11.8,-1.8,
32,7,11.43,11.69,12.53,1.072,12.25,772,17.6,9.8,+7.8,
32,8,11.34,11.52,11.80,1.024,11.61,760,10.8,10.5,+0.3,
32,9,11.67,11.68,12.52,1.072,12.51,771,17.6,9.8,+7.8,
32,10,13.17,13.53,14.48,1.070,14.09,893,21.0,11.8,+9.1,
32,10-1,14.10,14.10,15.67,1.111,15.67,931,30.0,14.8,+15.2,
32,11,12.39,12.48,13.63,1.092,13.53,824,23.7,13.9,+9.8,
32,12,11.79,11.85,13.06,1.103,13.00,782,23.7,12.2,+11.6,
32,13,9.90,9.90,11.17,1.129,11.17,653,23.6,10.8,+12.8,
32,14,13.16,13.20,13.69,1.038,13.66,871,14.4,10.6,+3.6,
32,15,12.84,12.84,12.32,0.960,12.32,847,2.3,23.7,-21.5,
32,15-1,13.51,14.58,14.16,0.971,13.12,962,14.3,36.1,-21.8,
32,16,14.25,14.41,13.59,0.943,13.44,951,7.9,36.1,-28.3,
32,16-1,13.56,13.32,12.82,0.963,13.05,879,8.8,37.1,-28.3,
32,17,14.30,14.30,14.05,0.982,14.05,944,7.0,20.4,-13.4,
32,18,6.95,7.00,8.30,1.186,8.25,462,22.0,1.4,+20.6,
32,19,5.86,5.86,7.45,1.271,7.45,387,24.6,0.0,+24.6,
32,20,8.01,8.17,9.19,1.125,9.01,539,19.2,9.0,+10.1,
32,21,7.35,7.50,8.64,1.151,8.46,495,20.6,7.9,+12.8,
32,22,4.40,4.41,4.34,0.984,4.33,291,2.3,7.2,-4.9,
32,24,6.31,6.14,5.74,0.936,5.91,405,0.1,14.5,-14.4,
32,25,4.85,4.89,4.52,0.925,4.49,323,0.0,13.9,-13.9,
32,25-1,6.69,5.91,5.51,0.933,6.24,390,0.0,14.5,-14.5,
32,26,6.78,6.15,5.75,0.936,6.35,406,0.0,14.5,-14.5,
32,27,3.29,3.30,3.18,0.966,3.18,218,1.1,6.8,-5.6,
32,28,3.52,3.54,3.45,0.973,3.43,234,1.4,6.8,-5.3,
32,29,11.44,11.58,14.57,1.259,14.40,764,47.5,2.1,+45.4,
32,30,4.88,4.88,5.46,1.119,5.46,322,9.9,5.0,+4.9,
32,31,0.99,1.22,1.14,0.933,0.93,81,0.0,1.7,-1.6,
32,32-1,0.40,0.40,0.40,1.000,0.40,27,0.0,0.0,+0.0,
32,33,0.78,0.92,0.92,1.000,0.78,61,0.0,0.0,+0.0,
32,34,5.04,5.04,5.62,1.115,5.62,333,9.9,5.1,+4.8,
32,35,5.66,5.77,6.82,1.182,6.69,381,17.4,4.7,+12.7,
32,36,3.23,3.27,3.89,1.187,3.83,216,9.9,0.4,+9.5,
32,37,1.51,3.10,3.74,1.207,1.82,204,10.1,0.0,+10.1,경로 다름
32,38,2.49,2.56,3.21,1.250,3.12,169,10.1,0.0,+10.0,
32,39,5.12,5.20,6.30,1.212,6.20,343,17.8,0.0,+17.8,
32,40,4.96,4.96,6.02,1.213,6.02,327,17.0,0.0,+17.0,
32,43,6.13,6.29,7.07,1.125,6.89,415,14.9,7.3,+7.7,
32,43-1,5.80,5.81,6.15,1.058,6.14,384,8.3,6.8,+1.5,
32,43-2,5.44,5.58,6.36,1.140,6.20,368,14.0,6.8,+7.1,
32,44-1,4.41,4.41,5.43,1.233,5.43,291,16.3,0.0,+16.3,
32,49,15.81,15.81,16.67,1.054,16.66,1044,21.6,20.6,+1.0,
32,50,13.79,13.80,13.70,0.993,13.70,910,8.2,18.0,-9.8,
32,51,15.20,15.20,15.28,1.005,15.28,1003,10.9,22.6,-11.8,
32,52,15.28,15.28,15.34,1.004,15.34,1009,10.8,18.0,-7.2,
32,52-1,15.97,16.10,16.16,1.004,16.03,1062,11.8,20.3,-8.6,
32,52-2,16.49,16.49,16.56,1.004,16.56,1088,11.9,20.3,-8.4,
32,53,15.38,15.43,16.26,1.054,16.21,1019,21.2,20.7,+0.5,
32,54,14.31,14.40,15.13,1.051,15.04,950,19.2,20.2,-1.1,
32,55,14.02,13.72,13.59,0.991,13.89,905,7.7,18.0,-10.3,
32,56,5.44,5.35,5.47,1.022,5.56,353,5.2,6.8,-1.6,
32,57,19.32,19.34,19.90,1.029,19.88,1277,18.0,34.5,-16.5,
32,57-1,18.34,18.34,18.74,1.022,18.74,1210,18.2,24.8,-6.6,
32,58,18.43,18.43,18.04,0.979,18.04,1216,17.6,42.5,-24.8,
32,59,18.49,18.50,19.13,1.034,19.13,1221,18.0,33.0,-14.8,
32,59-1,19.42,19.42,20.08,1.034,20.07,1282,18.0,39.4,-21.2,
32,61,10.22,10.23,10.90,1.066,10.89,675,15.9,11.9,+4.0,
32,62,8.47,9.80,9.75,0.995,8.42,647,7.4,16.7,-9.5,
32,64,13.32,13.33,11.93,0.895,11.93,880,0.6,39.5,-38.8,
32,66,16.01,16.10,19.63,1.220,19.52,1062,57.1,0.1,+57.0,
32,71,23.53,23.32,23.20,0.995,23.41,1539,23.2,45.1,-21.9,
32,71-1,21.92,23.32,23.20,0.995,21.80,1539,23.2,45.1,-21.9,
32,73,11.12,11.12,10.71,0.963,10.71,734,8.8,30.1,-21.3,
32,74,12.33,12.33,12.54,1.017,12.54,814,11.5,16.8,-5.5,
32,75,0.90,1.28,1.21,0.940,0.85,85,0.0,1.8,-1.8,
32,75-1,1.55,1.55,1.39,0.897,1.39,102,0.0,3.7,-3.7,
32,80,26.68,26.68,27.74,1.040,27.74,1761,45.2,46.5,-1.4,
32,81,22.95,22.95,23.35,1.017,23.35,1515,20.3,28.3,-8.1,
32,82,14.54,14.54,16.20,1.115,16.20,959,29.2,18.8,+10.3,
32,83,15.41,15.33,14.70,0.959,14.78,1012,11.0,36.1,-25.1,
32,84,13.12,12.75,12.55,0.984,12.91,842,6.0,17.5,-11.6,
32,85,24.07,24.10,24.62,1.022,24.59,1591,22.4,28.3,-5.9,
32,85-1,27.29,27.60,28.61,1.036,28.29,1822,44.8,47.0,-2.2,
32,86,25.99,26.30,27.28,1.037,26.95,1736,42.9,46.5,-3.6,
32,101,14.15,14.16,13.33,0.942,13.33,934,7.7,36.1,-28.4,
32,103,11.26,11.79,11.31,0.959,10.80,778,8.7,32.1,-23.4,
32,105-2,10.16,10.25,13.08,1.275,12.96,677,45.0,3.1,+42.2,
32,129,2.69,2.69,2.49,0.925,2.49,178,0.0,7.3,-7.3,
32,132,11.46,11.59,14.50,1.251,14.33,765,46.4,0.2,+46.2,
32,135,5.96,5.65,6.91,1.223,7.29,373,20.3,0.0,+20.3,
32,140,17.62,17.65,18.27,1.035,18.24,1165,21.6,20.9,+1.0,
32,140-1,17.62,17.65,18.27,1.035,18.24,1165,21.6,20.9,+1.0,
32,140-2,17.62,17.65,18.27,1.035,18.24,1165,21.6,20.9,+1.0,
32,142,10.74,10.85,13.66,1.259,13.52,716,44.5,2.1,+42.4,
32,143,9.23,9.23,10.58,1.146,10.58,609,23.8,2.2,+21.7,
32,152-1,21.28,21.05,20.53,0.975,20.76,1389,17.6,44.1,-26.5,
32,153,20.68,20.71,20.19,0.975,20.16,1367,17.4,42.1,-24.7,
32,200,1.98,2.06,1.94,0.940,1.86,136,0.0,4.4,-4.4,
32,201,1.97,2.23,2.07,0.930,1.84,147,0.0,5.9,-5.9,
32,203,4.02,4.02,3.68,0.915,3.68,265,0.0,13.4,-13.4,
32,207,16.58,16.87,16.94,1.004,16.65,1113,11.9,20.3,-8.4,
32,220,16.35,16.42,16.81,1.023,16.74,1084,16.9,21.3,-4.2,
32,221,18.46,18.64,19.18,1.029,18.99,1230,19.7,23.0,-3.4,
32,222,17.11,17.11,17.57,1.027,17.57,1129,18.3,23.1,-4.8,
32,223,21.17,21.20,22.18,1.046,22.15,1399,27.0,23.5,+3.4,
32,300,12.39,12.58,17.29,1.375,17.03,830,71.8,0.0,+71.8,
32,301,13.45,13.41,18.43,1.374,18.49,885,76.5,0.0,+76.5,
32,302,16.01,16.21,22.67,1.398,22.39,1070,98.2,0.0,+98.0,
32,500,5.50,5.50,4.96,0.901,4.96,363,0.0,18.1,-18.1,
32,900,,19.19,21.32,1.111,21.32,1266,38.8,17.2,+21.6,
32,901,,19.00,21.17,1.114,21.17,1254,37.6,20.5,+17.2,
32,902,,18.43,20.51,1.113,20.51,1216,37.6,16.3,+21.3,
32,903,,18.87,21.14,1.121,21.14,1245,39.9,14.2,+25.6,
32,904,,18.54,20.85,1.125,20.85,1224,40.0,13.6,+26.4,
32,905,,20.19,22.45,1.112,22.45,1332,41.8,17.8,+24.0,
32,906,,19.53,21.85,1.119,21.85,1289,39.7,22.7,+16.6,
32,915,,23.29,25.49,1.094,25.49,1537,37.1,51.3,-13.9,
32,916,,24.44,26.70,1.093,26.70,1613,39.0,52.7,-13.5,
32,917,,25.25,27.65,1.095,27.65,1667,39.1,58.6,-19.3,
32,918,,20.43,23.33,1.142,23.33,1348,48.9,15.8,+32.6,
32,919,20.24,20.25,22.49,1.111,22.48,1336,37.1,30.5,+6.6,
32,921,,21.92,24.13,1.101,24.13,1447,37.2,40.1,-2.8,
32,922,,22.45,24.81,1.105,24.81,1482,39.1,37.4,+1.6,
32,923,,22.94,25.33,1.104,25.33,1514,40.4,40.1,+0.4,
32,924,,22.91,25.19,1.099,25.19,1512,39.2,41.1,-1.9,
32,925,,22.23,24.41,1.098,24.41,1467,37.0,40.5,-3.5,
32,926,,22.69,24.80,1.093,24.80,1498,37.1,42.2,-5.0,
32,931,,27.69,30.06,1.086,30.06,1828,42.0,65.4,-23.4,
32,932,,27.54,29.86,1.084,29.86,1817,40.0,63.1,-23.2,
32,933,,28.14,30.52,1.084,30.52,1858,40.9,63.1,-22.1,
32,934,,28.23,30.64,1.085,30.64,1863,41.5,63.1,-21.5,
32,935,,29.51,31.81,1.078,31.81,1948,41.2,66.5,-25.1,
32,942,27.64,27.75,30.43,1.097,30.31,1831,45.5,50.0,-4.5,
32,946,,22.73,25.00,1.100,25.00,1500,37.1,50.9,-13.9,
32,GATE,17.33,17.32,15.74,0.909,15.75,1143,1.2,44.0,-42.9,
32-1,1,9.27,10.34,10.00,0.967,8.96,682,3.0,16.8,-13.8,
32-1,2,9.46,10.68,10.69,1.001,9.47,705,6.6,10.5,-3.9,
32-1,3,10.71,11.61,11.64,1.003,10.74,766,7.2,10.6,-3.5,
32-1,4,10.41,11.67,11.61,0.995,10.36,770,7.1,12.8,-5.7,
32-1,5,9.80,10.97,10.97,1.001,9.80,724,6.6,10.6,-4.0,
32-1,6,11.40,12.60,12.76,1.013,11.55,832,10.0,11.8,-1.8,
32-1,7,10.21,11.63,12.47,1.072,10.94,768,17.6,9.8,+7.8,
32-1,8,10.11,11.46,11.73,1.024,10.35,756,10.8,10.5,+0.3,
32-1,9,10.44,11.62,12.45,1.072,11.20,767,17.6,9.8,+7.8,
32-1,10,11.94,13.47,14.42,1.070,12.78,889,21.0,11.8,+9.1,
32-1,10-1,12.87,14.04,15.61,1.111,14.31,927,30.0,14.8,+15.2,
32-1,11,11.17,12.42,13.57,1.092,12.20,820,23.7,13.9,+9.8,
32-1,12,10.56,11.78,13.00,1.103,11.65,778,23.7,12.2,+11.6,
32-1,13,8.67,9.84,11.11,1.129,9.79,649,23.6,10.8,+12.8,
32-1,14,11.94,13.13,13.63,1.038,12.39,867,14.4,10.6,+3.6,
32-1,15,12.77,12.78,12.26,0.959,12.25,843,2.3,23.8,-21.5,
32-1,15-1,13.44,14.52,14.10,0.971,13.05,958,14.3,36.2,-21.8,
32-1,16,14.17,14.35,13.53,0.943,13.37,947,7.9,36.2,-28.3,
32-1,16-1,13.48,13.26,12.76,0.962,12.97,875,8.8,37.1,-28.3,
32-1,17,14.23,14.24,13.99,0.982,13.97,940,7.0,20.4,-13.4,
32-1,18,6.49,6.54,7.85,1.200,7.79,432,22.0,1.4,+20.6,
32-1,19,5.40,5.40,6.99,1.294,6.99,357,24.7,0.0,+24.6,
32-1,20,6.79,8.11,9.12,1.126,7.64,535,19.2,9.1,+10.1,
32-1,21,6.12,7.44,8.57,1.153,7.05,491,20.6,7.9,+12.8,
32-1,22,3.15,4.34,4.27,0.984,3.10,287,2.3,7.3,-4.9,경로 다름
32-1,24,6.24,6.08,5.68,0.935,5.83,401,0.1,14.5,-14.4,
32-1,25,4.78,4.83,4.46,0.924,4.41,318,0.0,13.9,-13.9,
32-1,25-1,6.61,5.85,5.45,0.932,6.17,386,0.0,14.5,-14.5,
32-1,26,6.71,6.08,5.69,0.935,6.27,402,0.0,14.5,-14.5,
32-1,27,3.22,3.23,3.12,0.965,3.11,213,1.1,6.8,-5.6,
32-1,28,3.30,3.48,3.38,0.972,3.21,230,1.4,6.8,-5.3,
32-1,29,10.48,11.12,14.12,1.270,13.31,734,47.5,2.1,+45.4,
32-1,30,1.35,4.42,5.00,1.132,1.53,292,9.9,5.0,+4.9,경로 다름
32-1,31,1.34,1.31,1.24,0.940,1.26,87,0.0,1.6,-1.6,
32-1,32,0.40,0.40,0.40,1.000,0.40,27,0.0,0.0,-0.0,
32-1,33,0.46,0.46,0.46,1.000,0.46,31,0.0,0.0,+0.0,
32-1,34,4.58,4.58,5.17,1.127,5.16,303,9.9,5.1,+4.8,
32-1,35,5.20,5.31,6.36,1.198,6.23,351,17.4,4.7,+12.7,
32-1,36,2.77,2.82,3.43,1.218,3.37,186,10.0,0.4,+9.5,
32-1,37,1.05,2.64,3.28,1.244,1.31,174,10.1,0.0,+10.1,경로 다름
32-1,38,2.11,2.11,2.75,1.305,2.75,139,10.1,0.0,+10.0,
32-1,39,4.66,4.74,5.84,1.233,5.74,313,17.9,0.0,+17.8,
32-1,40,4.50,4.50,5.56,1.235,5.56,297,17.0,0.0,+17.0,
32-1,43,4.90,6.23,7.01,1.126,5.51,411,14.9,7.3,+7.7,
32-1,43-1,4.57,5.44,5.90,1.084,4.96,359,9.9,7.5,+2.5,
32-1,43-2,4.21,5.52,6.30,1.141,4.81,364,14.0,6.8,+7.1,경로 다름
32-1,44-1,3.95,3.95,4.97,1.260,4.97,261,16.3,0.0,+16.3,
32-1,49,15.51,15.75,16.60,1.054,16.35,1040,21.6,20.6,+1.0,
32-1,50,13.72,13.73,13.64,0.993,13.63,906,8.2,18.0,-9.8,
32-1,51,15.12,15.14,15.22,1.005,15.21,999,10.9,22.6,-11.8,
32-1,52,15.21,15.22,15.28,1.004,15.27,1005,10.8,18.0,-7.2,
32-1,52-1,15.89,16.04,16.10,1.004,15.96,1058,11.8,20.3,-8.6,
32-1,52-2,16.42,16.43,16.50,1.004,16.49,1084,11.9,20.3,-8.4,
32-1,53,15.14,15.37,16.20,1.054,15.95,1014,21.2,20.7,+0.5,
32-1,54,14.02,14.33,15.06,1.051,14.73,946,19.2,20.2,-1.1,
32-1,55,13.95,13.66,13.53,0.991,13.82,901,7.7,18.0,-10.3,
32-1,56,4.21,5.29,5.40,1.022,4.30,349,5.2,6.8,-1.6,
32-1,57,19.25,19.28,19.84,1.029,19.81,1273,18.0,34.5,-16.5,
32-1,57-1,18.27,18.28,18.68,1.022,18.66,1206,18.2,24.9,-6.6,
32-1,58,18.36,18.37,17.98,0.979,17.97,1212,17.6,42.5,-24.8,
32-1,59,18.42,18.44,19.07,1.034,19.05,1217,18.0,33.0,-14.8,
32-1,59-1,19.35,19.36,20.01,1.034,20.00,1278,18.0,39.5,-21.2,
32-1,61,8.99,10.17,10.84,1.066,9.58,671,15.9,12.0,+4.0,
32-1,62,7.24,9.74,9.69,0.995,7.20,643,7.4,16.7,-9.5,경로 다름
32-1,64,13.25,13.26,11.87,0.895,11.86,875,0.6,39.5,-38.8,
32-1,66,15.55,15.64,19.17,1.226,19.06,1032,57.1,0.1,+57.0,
32-1,71,23.46,23.26,23.14,0.995,23.33,1535,23.2,45.1,-21.9,
32-1,71-1,21.84,23.26,23.14,0.995,21.73,1535,23.2,45.1,-21.9,
32-1,73,11.05,11.06,10.65,0.963,10.64,730,8.8,30.1,-21.3,
32-1,74,12.26,12.27,12.48,1.017,12.47,810,11.5,16.8,-5.5,
32-1,75,0.74,0.96,0.89,0.924,0.69,64,0.0,3.5,-3.3,
32-1,75-1,1.47,1.49,1.33,0.892,1.31,98,0.0,3.7,-3.7,
32-1,80,26.60,26.62,27.67,1.040,27.66,1757,45.2,46.5,-1.4,
32-1,81,22.88,22.89,23.28,1.017,23.27,1511,20.3,28.3,-8.1,
32-1,82,14.24,14.48,16.14,1.115,15.88,955,29.2,18.8,+10.3,
32-1,83,15.34,15.27,14.64,0.959,14.71,1008,11.0,36.2,-25.1,
32-1,84,13.05,12.69,12.49,0.984,12.84,838,6.0,17.5,-11.6,
32-1,85,24.00,24.04,24.56,1.022,24.52,1587,22.4,28.3,-5.9,
32-1,85-1,27.22,27.54,28.54,1.036,28.21,1818,44.8,47.0,-2.2,
32-1,86,25.91,26.24,27.22,1.037,26.88,1732,42.9,46.6,-3.6,
32-1,101,14.08,14.09,13.27,0.941,13.26,930,7.7,36.2,-28.4,
32-1,103,11.19,11.73,11.25,0.959,10.73,774,8.7,32.1,-23.4,
32-1,105-2,9.70,9.79,12.62,1.288,12.50,646,45.0,3.1,+42.2,
32-1,129,2.62,2.63,2.43,0.923,2.42,174,0.0,7.3,-7.3,
32-1,132,11.00,11.13,14.04,1.261,13.87,735,46.4,0.2,+46.2,
32-1,135,5.50,5.19,6.46,1.243,6.83,343,20.3,0.0,+20.3,
32-1,140,17.55,17.59,18.21,1.035,18.17,1161,21.6,21.0,+1.0,
32-1,140-1,17.55,17.59,18.21,1.035,18.17,1161,21.6,21.0,+1.0,
32-1,140-2,17.55,17.59,18.21,1.035,18.17,1161,21.6,21.0,+1.0,
32-1,142,9.79,10.39,13.21,1.271,12.44,686,44.5,2.1,+42.4,
32-1,143,8.02,8.77,10.12,1.154,9.26,579,23.9,2.2,+21.7,
32-1,152-1,21.21,20.99,20.47,0.975,20.69,1385,17.6,44.1,-26.5,
32-1,153,20.61,20.65,20.13,0.975,20.09,1363,17.4,42.1,-24.7,
32-1,200,1.96,2.00,1.87,0.938,1.84,132,0.0,4.5,-4.4,
32-1,201,1.90,2.16,2.01,0.928,1.76,143,0.0,5.9,-5.9,
32-1,203,3.95,3.96,3.62,0.914,3.60,261,0.0,13.4,-13.4,
32-1,207,16.51,16.80,16.88,1.004,16.58,1109,11.9,20.3,-8.4,
32-1,220,16.28,16.36,16.74,1.023,16.66,1080,16.9,21.3,-4.2,
32-1,221,18.39,18.58,19.12,1.029,18.92,1226,19.7,23.1,-3.4,
32-1,222,17.03,17.05,17.51,1.027,17.49,1125,18.3,23.1,-4.8,
32-1,223,21.10,21.14,22.12,1.046,22.07,1395,27.0,23.5,+3.4,
32-1,300,11.93,12.12,16.84,1.389,16.57,800,71.9,0.0,+71.8,
32-1,301,12.99,12.95,17.97,1.388,18.03,855,76.5,0.0,+76.5,
32-1,302,15.55,15.75,22.21,1.410,21.93,1040,98.2,0.0,+98.0,
32-1,500,5.43,5.44,4.90,0.900,4.88,359,0.0,18.1,-18.1,
32-1,900,,19.12,21.26,1.112,21.26,1262,38.8,17.2,+21.6,
32-1,901,,18.93,21.10,1.115,21.10,1250,37.6,20.5,+17.2,
32-1,902,,18.36,20.45,1.114,20.45,1212,37.6,16.3,+21.3,
32-1,903,,18.81,21.08,1.121,21.08,1241,39.9,14.2,+25.6,
32-1,904,,18.48,20.79,1.125,20.79,1220,40.0,13.6,+26.4,
32-1,905,,20.13,22.39,1.112,22.39,1328,41.8,17.8,+24.0,
32-1,906,,19.47,21.79,1.119,21.79,1285,39.7,22.7,+16.6,
32-1,915,,23.23,25.43,1.095,25.43,1533,37.1,51.3,-13.9,
32-1,916,,24.37,26.64,1.093,26.64,1609,39.0,52.7,-13.5,
32-1,917,,25.19,27.59,1.095,27.59,1663,39.1,58.6,-19.3,
32-1,918,,20.37,23.26,1.142,23.26,1344,48.9,15.8,+32.6,
32-1,919,19.02,20.18,22.42,1.111,21.13,1332,37.1,30.5,+6.6,
32-1,921,,21.86,24.07,1.101,24.07,1443,37.2,40.1,-2.8,
32-1,922,,22.39,24.75,1.105,24.75,1478,39.1,37.4,+1.6,
32-1,923,,22.88,25.27,1.104,25.27,1510,40.4,40.1,+0.4,
32-1,924,,22.85,25.13,1.100,25.13,1508,39.2,41.1,-1.9,
32-1,925,,22.17,24.35,1.098,24.35,1463,37.0,40.5,-3.5,
32-1,926,,22.63,24.74,1.093,24.74,1494,37.1,42.2,-5.0,
32-1,931,,27.63,30.00,1.086,30.00,1824,42.0,65.5,-23.4,
32-1,932,,27.47,29.79,1.084,29.79,1813,40.0,63.1,-23.2,
32-1,933,,28.08,30.45,1.084,30.45,1853,40.9,63.1,-22.1,
32-1,934,,28.17,30.58,1.085,30.58,1859,41.5,63.1,-21.5,
32-1,935,,29.45,31.75,1.078,31.75,1944,41.2,66.5,-25.1,
32-1,942,26.41,27.69,30.37,1.097,28.97,1827,45.5,50.0,-4.5,
32-1,946,,22.67,24.94,1.100,24.94,1496,37.1,51.0,-13.9,
32-1,GATE,17.25,17.26,15.68,0.909,15.68,1139,1.2,44.0,-42.9,
33,1,8.66,8.67,8.20,0.946,8.19,572,1.1,13.8,-12.7,
33,2,8.85,8.92,8.49,0.952,8.43,589,1.1,11.5,-10.4,
33,3,10.10,9.85,9.45,0.959,9.69,650,1.6,11.5,-10.0,
33,4,9.81,9.91,9.42,0.950,9.32,654,1.6,13.8,-12.2,
33,5,9.16,9.18,9.32,1.016,9.31,606,9.0,16.5,-7.4,
33,6,10.56,10.57,10.72,1.014,10.71,698,10.0,12.2,-2.2,
33,7,9.11,9.38,9.70,1.034,9.41,619,10.2,8.9,+1.3,
33,8,9.23,9.47,9.62,1.016,9.37,625,9.0,16.5,-7.4,
33,9,9.34,9.36,9.68,1.034,9.66,618,10.2,8.9,+1.3,
33,10,10.84,11.22,11.64,1.038,11.25,740,13.6,10.9,+2.6,
33,10-1,11.45,11.47,12.40,1.081,12.38,757,20.5,11.7,+8.8,
33,11,9.74,9.84,10.35,1.052,10.25,650,14.2,10.8,+3.3,
33,12,9.14,9.21,9.79,1.063,9.71,608,14.2,9.1,+5.1,
33,13,7.25,7.26,7.90,1.088,7.88,479,14.0,7.7,+6.3,
33,14,11.09,11.11,11.36,1.023,11.35,733,10.9,10.9,+0.0,
33,15,12.37,12.38,11.95,0.965,11.93,817,1.8,29.7,-27.9,
33,15-1,13.04,14.18,13.82,0.974,12.70,936,4.9,33.2,-28.3,
33,16,14.21,14.32,13.84,0.966,13.73,945,3.2,33.7,-30.5,
33,16-1,13.58,13.60,13.03,0.958,13.01,897,1.8,33.6,-31.8,
33,17,13.83,13.84,13.67,0.988,13.66,914,6.4,26.3,-19.9,
33,18,4.95,5.17,6.18,1.196,5.92,341,17.2,4.0,+13.2,
33,19,4.60,4.61,5.89,1.278,5.89,304,19.9,0.1,+19.7,
33,20,5.54,5.55,6.18,1.112,6.16,367,12.2,5.9,+6.4,
33,21,4.18,4.20,4.88,1.164,4.87,277,12.3,4.0,+8.3,
33,22,2.90,3.02,2.96,0.977,2.84,200,0.4,6.6,-6.2,
33,24,7.06,7.03,6.64,0.944,6.67,464,0.1,16.1,-16.0,
33,25,5.60,5.67,5.37,0.948,5.31,374,0.4,14.8,-14.4,
33,25-1,7.44,6.80,6.41,0.942,7.01,449,0.0,16.1,-16.1,
33,26,6.48,6.43,6.13,0.953,6.18,425,0.3,17.9,-17.6,
33,27,3.74,3.74,3.61,0.965,3.61,247,0.4,8.0,-7.6,
33,28,3.05,3.04,2.97,0.977,2.98,201,0.4,6.6,-6.2,
33,29,8.31,8.47,11.34,1.339,11.13,559,44.3,3.8,+40.5,
33,30,0.66,0.71,0.71,1.000,0.66,47,0.0,0.0,-0.0,
33,31,1.37,1.37,1.33,0.969,1.33,90,0.3,1.2,-0.8,
33,32,0.78,0.92,0.92,1.000,0.78,61,0.0,0.0,-0.0,
33,32-1,0.46,0.46,0.46,1.000,0.46,31,0.0,0.0,-0.0,
33,34,0.86,0.88,0.87,0.996,0.86,58,0.0,0.1,-0.1,
33,35,3.99,4.01,4.84,1.209,4.82,264,14.4,3.8,+10.5,
33,36,1.79,1.59,1.82,1.144,2.05,105,3.7,0.1,+3.4,
33,37,0.40,0.40,0.40,1.000,0.40,26,0.0,0.0,+0.0,
33,38,1.82,1.82,2.42,1.329,2.42,120,9.3,0.0,+9.2,
33,39,3.97,4.06,4.85,1.195,4.75,268,13.1,0.1,+12.9,
33,40,3.82,3.82,4.57,1.196,4.57,252,12.2,0.1,+12.1,
33,43,3.07,3.25,3.52,1.084,3.33,214,6.4,5.2,+1.2,
33,43-1,2.38,1.74,1.61,0.928,2.21,115,0.0,2.5,-2.4,
33,43-2,2.38,2.54,2.77,1.091,2.60,168,5.3,3.8,+1.2,
33,44-1,3.15,3.15,3.87,1.228,3.87,208,11.5,0.1,+11.4,
33,49,14.91,14.92,15.54,1.042,15.53,985,14.6,20.1,-5.5,
33,50,13.32,13.34,13.33,0.999,13.31,880,7.7,24.0,-16.3,
33,51,14.72,14.74,14.90,1.011,14.89,973,10.3,28.5,-18.3,
33,52,14.81,14.82,14.96,1.009,14.95,978,10.3,24.0,-13.7,
33,52-1,15.50,15.64,15.79,1.009,15.64,1032,11.2,26.3,-15.0,
33,52-2,16.02,16.03,16.19,1.010,16.17,1058,11.4,26.3,-14.9,
33,53,14.53,14.54,15.14,1.041,15.13,960,14.3,20.2,-5.9,
33,54,13.41,13.51,14.01,1.037,13.91,891,12.3,19.8,-7.5,
33,55,13.55,13.26,13.22,0.997,13.50,875,7.2,24.0,-16.8,
33,56,3.20,3.22,3.02,0.938,3.00,213,0.7,6.4,-5.7,
33,57,18.85,18.89,19.53,1.034,19.49,1246,17.5,40.4,-23.0,
33,57-1,17.87,17.88,18.36,1.027,18.35,1180,17.7,30.8,-13.1,
33,58,18.26,18.28,18.18,0.994,18.16,1206,9.1,38.0,-28.9,
33,59,18.02,18.04,18.76,1.040,18.73,1191,17.5,39.0,-21.3,
33,59-1,18.95,18.96,19.70,1.039,19.68,1252,17.5,45.4,-27.7,
33,61,7.89,7.91,8.07,1.019,8.04,522,8.5,11.0,-2.5,
33,62,6.63,8.28,8.30,1.003,6.65,547,5.5,21.3,-16.0,
33,64,14.08,14.22,12.82,0.902,12.69,939,0.6,41.0,-40.4,
33,66,13.48,13.58,17.49,1.288,17.36,896,62.1,10.0,+52.1,
33,71,23.66,23.47,23.71,1.010,23.91,1549,16.9,45.2,-28.3,
33,71-1,22.05,23.47,23.71,1.010,22.28,1549,16.9,45.2,-28.3,
33,73,11.73,11.75,11.22,0.955,11.20,775,0.6,28.4,-27.8,
33,74,11.86,11.87,12.16,1.024,12.15,784,11.0,22.8,-11.9,
33,75,1.35,2.18,2.10,0.964,1.30,144,0.0,3.3,-3.3,
33,75-1,2.30,2.44,2.28,0.934,2.15,161,0.0,5.3,-5.2,
33,80,27.43,27.57,28.63,1.038,28.48,1820,45.2,48.1,-3.0,
33,81,22.48,22.49,22.97,1.021,22.96,1484,19.7,34.3,-14.5,
33,82,13.63,13.65,15.08,1.105,15.06,901,22.2,18.3,+3.9,
33,83,14.94,14.95,14.93,0.998,14.92,987,8.8,28.7,-19.9,
33,84,12.65,12.29,12.18,0.990,12.53,811,5.5,23.4,-18.0,
33,85,23.60,23.64,24.24,1.025,24.20,1560,21.9,34.3,-12.4,
33,85-1,28.05,28.50,29.50,1.035,29.03,1881,44.8,48.5,-3.8,
33,86,26.74,27.20,28.17,1.036,27.70,1795,42.9,48.1,-5.2,
33,101,14.91,15.01,14.46,0.963,14.36,991,1.8,36.7,-34.9,
33,103,12.01,12.42,11.83,0.952,11.44,820,0.5,30.4,-29.9,
33,105-2,8.90,9.00,11.51,1.280,11.39,594,40.2,3.2,+37.3,
33,129,3.45,3.59,3.39,0.943,3.25,237,0.0,8.9,-8.9,
33,132,10.21,10.34,12.94,1.251,12.77,682,41.6,0.3,+41.3,
33,135,4.70,4.40,5.35,1.218,5.72,290,15.5,0.2,+15.4,
33,140,17.15,17.19,17.89,1.041,17.85,1135,21.0,26.9,-5.5,
33,140-1,17.15,17.19,17.89,1.041,17.85,1135,21.0,26.9,-5.5,
33,140-2,17.15,17.19,17.89,1.041,17.85,1135,21.0,26.9,-5.5,
33,142,7.62,7.75,10.43,1.347,10.26,511,41.3,3.8,+37.5,
33,143,5.85,5.87,7.10,1.209,7.08,387,20.8,4.0,+16.8,
33,152-1,21.42,21.20,21.05,0.993,21.26,1399,11.3,44.2,-32.9,
33,153,20.82,20.86,20.70,0.993,20.66,1377,11.1,42.3,-31.2,
33,200,2.78,2.95,2.83,0.958,2.67,195,0.0,6.0,-6.0,
33,201,2.73,3.12,2.96,0.950,2.59,206,0.0,7.4,-7.4,
33,203,4.77,4.91,4.57,0.930,4.44,324,0.0,15.0,-15.0,
33,207,16.11,16.41,16.56,1.009,16.26,1083,11.4,26.3,-14.9,
33,220,15.88,15.97,16.43,1.029,16.34,1054,16.4,27.2,-10.7,
33,221,17.99,18.19,18.80,1.034,18.60,1200,19.1,29.0,-9.8,
33,222,16.64,16.65,17.19,1.033,17.18,1099,17.8,29.0,-11.3,
33,223,20.70,20.75,21.81,1.051,21.76,1369,26.4,29.4,-3.0,
33,300,11.13,11.32,15.73,1.389,15.46,747,67.1,0.2,+66.9,
33,301,12.20,12.15,16.87,1.388,16.93,802,71.7,0.2,+71.6,
33,302,14.76,14.96,21.11,1.411,20.82,987,93.4,0.2,+93.1,
33,500,6.25,6.40,5.85,0.915,5.72,422,0.0,19.6,-19.6,
33,900,,17.21,18.85,1.095,18.85,1136,35.0,19.9,+15.1,
33,901,,17.02,18.69,1.098,18.69,1123,33.8,23.2,+10.8,
33,902,,16.45,18.04,1.097,18.04,1086,33.8,18.9,+14.9,
33,903,,16.89,18.67,1.105,18.67,1115,36.1,16.9,+19.2,
33,904,,16.56,18.38,1.110,18.38,1093,36.2,16.3,+19.9,
33,905,,18.06,20.67,1.144,20.67,1192,41.9,24.3,+17.5,
33,906,,17.56,19.38,1.104,19.38,1159,35.9,25.4,+10.1,
33,915,,21.32,23.02,1.080,23.02,1407,33.3,54.0,-20.3,
33,916,,22.46,24.23,1.079,24.23,1482,35.2,55.3,-19.9,
33,917,,23.28,25.17,1.082,25.17,1536,35.3,61.3,-25.8,
33,918,,18.30,21.54,1.177,21.54,1208,48.5,21.8,+26.1,
33,919,18.25,18.27,20.01,1.095,20.00,1206,33.3,33.2,+0.1,
33,921,,19.95,21.65,1.086,21.65,1316,33.4,42.7,-9.3,
33,922,,20.47,22.33,1.091,22.33,1351,35.3,40.1,-4.9,
33,923,,20.96,22.86,1.090,22.86,1384,36.6,42.8,-6.1,
33,924,,20.94,22.72,1.085,22.72,1382,35.4,43.7,-8.4,
33,925,,20.26,21.94,1.083,21.94,1337,33.3,43.2,-9.9,
33,926,,20.71,22.32,1.078,22.32,1367,33.3,44.9,-11.5,
33,931,,25.72,27.59,1.073,27.59,1697,38.2,68.1,-29.9,
33,932,,25.56,27.38,1.071,27.38,1687,36.2,65.7,-29.7,
33,933,,26.17,28.04,1.072,28.04,1727,37.1,65.8,-28.6,
33,934,,26.25,28.16,1.073,28.16,1733,37.7,65.8,-28.0,
33,935,,27.53,29.34,1.065,29.34,1817,37.5,69.2,-31.6,
33,942,25.65,25.77,27.96,1.085,27.82,1701,41.7,52.7,-11.0,
33,946,,20.75,22.53,1.086,22.53,1370,33.3,53.6,-20.4,
33,GATE,18.08,18.21,16.63,0.913,16.51,1202,1.2,45.6,-44.4,
34,1,8.13,8.13,7.66,0.942,7.67,537,1.1,13.7,-12.6,
34,2,8.33,8.38,7.96,0.949,7.91,553,1.1,11.4,-10.3,
34,3,9.58,9.31,8.91,0.957,9.17,615,1.6,11.5,-9.9,
34,4,9.28,9.37,8.88,0.947,8.79,619,1.6,13.7,-12.1,
34,5,8.61,8.64,8.79,1.017,8.75,570,9.0,16.5,-7.4,
34,6,10.00,10.04,10.18,1.015,10.15,662,10.0,12.2,-2.1,
34,7,8.55,8.84,9.16,1.036,8.86,584,10.2,8.8,+1.4,
34,8,8.67,8.93,9.08,1.017,8.82,590,9.0,16.4,-7.4,
34,9,8.73,8.82,9.14,1.036,9.05,582,10.2,8.8,+1.4,
34,10,10.07,10.21,10.75,1.053,10.61,674,14.9,14.5,+0.5,
34,10-1,10.23,10.37,10.91,1.052,10.76,684,14.9,14.5,+0.5,
34,11,8.92,9.15,9.27,1.013,9.04,604,8.4,13.4,-5.0,
34,12,8.07,8.21,8.65,1.053,8.50,542,12.5,12.1,+0.4,
34,13,6.43,6.56,6.81,1.038,6.67,433,8.2,10.3,-2.0,
34,14,10.54,10.57,10.83,1.024,10.79,698,10.9,10.8,+0.1,
34,15,11.84,11.84,11.41,0.963,11.41,782,1.8,29.7,-27.9,
34,15-1,12.52,13.64,13.28,0.973,12.18,900,4.9,33.2,-28.2,
34,16,13.69,13.78,13.30,0.965,13.21,910,3.2,33.7,-30.5,
34,16-1,13.06,13.06,12.49,0.956,12.49,862,1.8,33.5,-31.7,
34,17,13.30,13.30,13.13,0.987,13.13,878,6.4,26.3,-19.8,
34,18,2.38,2.43,2.94,1.211,2.88,160,8.3,0.3,+7.9,
34,19,1.47,1.48,1.96,1.323,1.95,98,7.0,0.0,+7.0,
34,20,4.72,4.86,5.09,1.049,4.95,321,6.5,8.4,-1.9,
34,21,2.81,2.94,3.24,1.099,3.09,194,6.2,6.2,+0.0,
34,22,2.60,2.60,2.42,0.929,2.42,172,0.0,8.6,-8.6,
34,24,6.89,6.96,6.54,0.940,6.47,459,0.3,21.3,-20.9,
34,25,5.82,5.82,5.42,0.931,5.42,384,0.0,18.2,-18.1,
34,25-1,7.33,7.33,6.92,0.943,6.92,484,0.3,21.3,-20.9,
34,26,6.43,5.90,5.59,0.949,6.10,389,0.3,17.9,-17.5,
34,27,3.89,3.89,3.65,0.939,3.65,257,0.0,11.4,-11.3,
34,28,3.26,3.20,3.03,0.948,3.09,211,0.0,10.0,-9.9,
34,29,6.86,7.00,9.21,1.315,9.02,462,33.8,1.1,+32.7,
34,30,0.67,0.87,0.88,1.004,0.67,58,0.1,0.0,+0.1,
34,31,3.17,3.12,2.96,0.949,3.01,206,0.0,9.8,-9.8,
34,32,5.04,5.04,5.33,1.056,5.33,333,5.1,9.9,-4.8,
34,32-1,4.58,4.58,4.87,1.061,4.86,303,5.1,9.9,-4.8,
34,33,0.86,0.88,0.88,1.004,0.87,58,0.1,0.0,+0.1,
34,35,0.59,0.66,0.66,1.000,0.59,44,0.0,0.0,+0.0,
34,36,0.53,0.57,0.57,1.000,0.53,37,0.0,0.0,+0.0,
34,37,0.79,0.88,0.88,1.004,0.79,58,0.1,0.0,+0.1,
34,38,2.30,2.30,2.60,1.130,2.60,152,4.8,0.1,+4.7,
34,39,3.07,2.40,2.91,1.215,3.73,158,8.4,0.1,+8.3,
34,40,3.13,4.10,4.85,1.183,3.71,270,12.3,0.1,+12.2,
34,43,2.52,2.71,2.98,1.100,2.77,179,6.4,5.2,+1.3,
34,43-1,0.95,1.20,1.07,0.897,0.85,79,0.0,2.5,-2.4,
34,43-2,1.86,2.00,2.23,1.115,2.07,132,5.3,3.8,+1.2,
34,44-1,0.82,0.87,0.93,1.074,0.88,57,1.2,0.0,+1.1,
34,49,14.38,14.38,15.01,1.043,15.01,949,14.6,20.1,-5.4,
34,50,12.80,12.80,12.79,0.999,12.79,845,7.7,23.9,-16.2,
34,51,14.20,14.20,14.37,1.012,14.37,937,10.3,28.5,-18.2,
34,52,14.29,14.29,14.43,1.010,14.43,943,10.3,23.9,-13.6,
34,52-1,14.97,15.10,15.25,1.010,15.12,997,11.2,26.2,-15.0,
34,52-2,15.49,15.49,15.65,1.010,15.65,1023,11.4,26.2,-14.8,
34,53,14.00,14.00,14.60,1.043,14.60,924,14.3,20.2,-5.9,
34,54,12.89,12.97,13.47,1.039,13.38,856,12.3,19.7,-7.5,
34,55,13.03,12.72,12.68,0.997,12.98,840,7.2,23.9,-16.8,
34,56,2.68,2.68,2.48,0.926,2.48,177,0.7,6.3,-5.6,
34,57,18.33,18.35,18.99,1.035,18.97,1211,17.5,40.4,-22.9,
34,57-1,17.34,17.34,17.83,1.028,17.83,1145,17.7,30.8,-13.0,
34,58,17.74,17.74,17.64,0.994,17.64,1171,9.1,38.0,-28.8,
34,59,17.50,17.51,18.22,1.041,18.21,1155,17.5,38.9,-21.2,
34,59-1,18.43,18.43,19.16,1.040,19.16,1216,17.5,45.4,-27.6,
34,61,7.33,7.38,7.53,1.021,7.48,487,8.5,11.0,-2.5,
34,62,6.11,7.74,7.77,1.003,6.13,511,5.5,21.3,-15.9,
34,64,15.19,15.19,14.20,0.935,14.20,1003,1.0,46.3,-45.2,
34,66,12.03,12.12,15.36,1.267,15.24,800,51.5,7.2,+44.3,
34,71,23.14,22.93,23.18,1.011,23.39,1514,16.9,45.2,-28.3,
34,71-1,21.53,22.93,23.18,1.011,21.76,1514,16.9,45.2,-28.3,
34,73,11.21,11.21,10.68,0.953,10.68,740,0.6,28.4,-27.7,
34,74,11.34,11.34,11.63,1.026,11.63,748,11.0,22.7,-11.9,
34,75,5.51,5.53,5.98,1.081,5.96,365,5.4,10.5,-5.2,
34,75-1,6.56,6.56,6.68,1.018,6.68,433,5.1,15.2,-10.1,
34,80,27.49,27.49,29.02,1.055,29.02,1815,38.3,46.1,-7.8,
34,81,21.95,21.95,22.43,1.022,22.43,1449,19.7,34.2,-14.5,
34,82,13.11,13.11,14.54,1.109,14.54,865,22.2,18.3,+3.9,
34,83,14.42,14.42,14.39,0.999,14.40,951,8.8,28.7,-19.8,
34,84,12.12,11.76,11.64,0.990,12.00,776,5.5,23.4,-18.0,
34,85,23.08,23.10,23.71,1.026,23.68,1525,21.9,34.2,-12.3,
34,85-1,28.11,28.42,29.89,1.052,29.56,1875,37.8,46.5,-8.6,
34,86,26.80,27.12,28.56,1.053,28.23,1790,36.0,46.1,-10.0,
34,101,14.47,14.48,13.93,0.962,13.93,955,1.8,36.6,-34.8,
34,103,11.88,11.88,11.29,0.950,11.29,784,0.5,30.4,-29.8,
34,105-2,7.01,7.14,9.23,1.293,9.06,471,33.3,3.1,+30.5,
34,129,4.18,4.24,3.98,0.938,3.92,280,0.0,11.9,-11.8,
34,132,8.31,8.48,10.65,1.256,10.43,560,34.7,0.2,+34.5,
34,135,2.80,2.54,3.07,1.208,3.39,168,8.6,0.1,+8.6,
34,140,16.63,16.66,17.36,1.042,17.33,1099,21.0,26.9,-5.4,
34,140-1,16.63,16.66,17.36,1.042,17.33,1099,21.0,26.9,-5.4,
34,140-2,16.63,16.66,17.36,1.042,17.33,1099,21.0,26.9,-5.4,
34,142,6.17,6.28,8.30,1.321,8.15,415,30.8,1.1,+29.7,
34,143,4.48,4.62,5.45,1.181,5.29,305,14.6,6.2,+8.5,
34,152-1,20.89,20.66,20.51,0.993,20.74,1363,11.3,44.2,-32.9,
34,153,20.29,20.32,20.17,0.992,20.14,1341,11.1,42.3,-31.1,
34,200,4.85,4.93,4.58,0.929,4.51,326,0.0,13.8,-13.7,
34,201,5.96,5.96,5.69,0.955,5.69,393,1.6,14.0,-12.3,
34,203,6.41,6.41,5.92,0.924,5.92,423,0.0,19.9,-19.8,
34,207,15.59,15.87,16.02,1.010,15.74,1047,11.4,26.2,-14.8,
34,220,15.36,15.43,15.89,1.030,15.82,1018,16.4,27.2,-10.6,
34,221,17.47,17.65,18.27,1.035,18.08,1165,19.1,29.0,-9.8,
34,222,16.11,16.11,16.66,1.034,16.66,1063,17.8,29.0,-11.2,
34,223,20.18,20.21,21.27,1.053,21.24,1334,26.4,29.4,-3.0,
34,300,9.23,9.47,13.45,1.421,13.11,625,60.2,0.1,+60.1,
34,301,10.30,10.30,14.58,1.416,14.59,680,64.8,0.1,+64.8,
34,302,12.86,13.10,18.82,1.437,18.47,865,86.5,0.1,+86.3,
34,500,7.89,7.89,7.20,0.913,7.20,521,0.0,24.5,-24.5,
34,900,,16.11,17.36,1.078,17.36,1063,29.5,22.6,+6.8,
34,901,,15.92,17.20,1.081,17.20,1051,28.3,25.9,+2.5,
34,902,,15.35,16.55,1.078,16.55,1013,28.2,21.7,+6.6,
34,903,,15.79,17.18,1.088,17.18,1042,30.6,19.7,+10.9,
34,904,,15.46,16.89,1.092,16.89,1021,30.6,19.0,+11.6,
34,905,,16.96,19.18,1.131,19.18,1119,36.3,27.1,+9.2,
34,906,,16.46,17.89,1.087,17.89,1086,30.3,28.2,+1.8,
34,915,,20.22,21.53,1.065,21.53,1334,27.7,56.7,-28.6,
34,916,,21.36,22.74,1.065,22.74,1410,29.6,58.1,-28.2,
34,917,,22.18,23.68,1.068,23.68,1464,29.8,64.1,-34.1,
34,918,,17.20,20.05,1.165,20.05,1135,42.9,24.6,+17.8,
34,919,17.03,17.17,18.52,1.079,18.37,1133,27.7,35.9,-8.2,
34,921,,18.85,20.17,1.070,20.17,1244,27.8,45.5,-17.6,
34,922,,19.37,20.84,1.076,20.84,1279,29.8,42.8,-13.2,
34,923,,19.86,21.37,1.076,21.37,1311,31.0,45.5,-14.4,
34,924,,19.84,21.23,1.070,21.23,1309,29.8,46.5,-16.7,
34,925,,19.16,20.45,1.067,20.45,1264,27.7,45.9,-18.2,
34,926,,19.61,20.83,1.062,20.83,1294,27.7,47.7,-19.8,
34,931,,24.62,26.10,1.060,26.10,1625,32.7,70.9,-38.2,
34,932,,24.46,25.89,1.059,25.89,1614,30.6,68.5,-38.0,
34,933,,25.07,26.55,1.059,26.55,1654,31.5,68.5,-36.9,
34,934,,25.15,26.67,1.060,26.67,1660,32.1,68.5,-36.3,
34,935,,26.43,27.85,1.053,27.85,1745,31.9,71.9,-39.9,
34,942,24.42,24.67,26.47,1.073,26.20,1628,36.1,55.5,-19.3,
34,946,,19.65,21.04,1.071,21.04,1297,27.7,56.4,-28.7,
34,GATE,19.19,19.18,18.01,0.939,18.02,1266,1.6,50.9,-49.3,
35,1,6.46,6.46,6.92,1.072,6.92,426,2.8,27.3,-24.5,
35,2,6.66,6.71,7.17,1.069,7.11,443,2.8,25.0,-22.2,
35,3,7.90,7.64,8.12,1.064,8.41,504,3.3,25.1,-21.8,
35,4,7.61,7.70,8.09,1.051,8.00,508,3.3,27.3,-24.0,
35,5,6.59,6.59,6.92,1.050,6.92,435,3.3,22.6,-19.2,
35,6,7.99,7.98,8.23,1.031,8.23,527,4.2,18.2,-14.0,
35,7,6.53,6.79,7.20,1.061,6.93,448,4.4,14.9,-10.5,
35,8,6.66,6.88,7.22,1.048,6.98,454,3.3,22.5,-19.2,
35,9,6.47,6.73,6.54,0.971,6.28,444,3.0,12.0,-9.0,
35,10,7.50,7.50,7.51,1.002,7.51,495,5.4,8.5,-3.1,
35,10-1,7.65,7.65,7.67,1.002,7.67,505,5.4,8.5,-3.1,
35,11,6.65,6.74,6.56,0.973,6.47,445,3.0,11.4,-8.5,
35,12,5.50,5.50,5.41,0.983,5.41,363,3.0,6.1,-3.1,
35,13,3.89,3.89,3.91,1.005,3.91,257,2.8,2.9,-0.1,
35,14,8.52,8.52,8.87,1.041,8.87,562,5.1,16.9,-11.8,
35,15,10.70,10.70,11.04,1.032,11.04,706,1.9,40.4,-38.4,
35,15-1,11.37,12.50,12.91,1.033,11.75,825,5.0,43.9,-38.8,
35,16,12.54,12.64,12.93,1.024,12.84,834,3.3,44.4,-41.0,
35,16-1,11.92,11.91,12.13,1.018,12.13,786,1.9,44.2,-42.2,
35,17,12.16,12.16,12.77,1.050,12.77,802,6.5,37.0,-30.4,
35,18,0.82,0.82,0.82,1.000,0.82,54,0.0,0.0,-0.0,
35,19,0.76,0.76,0.76,1.000,0.76,50,0.0,0.0,-0.0,
35,20,2.25,2.24,2.20,0.981,2.20,148,0.6,1.5,-0.9,
35,21,0.70,0.83,0.77,0.922,0.65,55,0.0,2.3,-2.1,
35,22,3.14,3.16,3.36,1.065,3.34,208,0.2,17.1,-16.8,
35,24,6.27,6.34,6.67,1.053,6.60,418,0.5,32.1,-31.5,
35,25,5.78,5.78,6.14,1.063,6.14,382,0.5,31.6,-31.0,
35,25-1,6.71,6.71,7.05,1.051,7.05,443,0.5,32.1,-31.5,
35,26,5.81,5.55,5.74,1.034,6.01,366,0.0,28.2,-28.1,
35,27,4.46,4.46,4.49,1.005,4.49,295,0.0,22.0,-21.9,
35,28,3.83,3.77,3.86,1.025,3.93,249,0.0,20.6,-20.5,
35,29,4.37,4.52,6.36,1.408,6.16,298,27.3,0.0,+27.2,
35,30,1.77,2.73,2.85,1.046,1.85,180,0.0,15.5,-15.4,
35,31,3.74,3.69,3.79,1.028,3.84,244,0.0,20.4,-20.3,
35,32,5.66,5.77,5.92,1.027,5.81,381,4.7,17.4,-12.7,
35,32-1,5.20,5.31,5.46,1.029,5.35,351,4.7,17.4,-12.7,
35,33,3.99,4.01,4.32,1.079,4.31,264,3.8,14.4,-10.5,
35,34,0.59,0.66,0.66,1.000,0.59,44,0.0,0.0,-0.0,
35,36,1.04,1.16,1.23,1.056,1.10,77,1.5,2.7,-1.0,
35,37,2.92,3.03,3.23,1.065,3.11,200,4.7,7.2,-2.5,
35,38,2.85,2.96,3.16,1.066,3.04,196,4.7,7.3,-2.5,
35,39,3.59,2.99,3.50,1.170,4.20,198,9.0,1.6,+7.3,
35,40,3.66,4.72,5.32,1.128,4.12,311,11.5,7.1,+4.3,
35,43,0.86,0.90,0.83,0.927,0.79,59,0.0,2.2,-2.2,
35,43-1,1.20,1.20,1.21,1.002,1.21,80,0.0,5.5,-5.4,
35,43-2,1.30,1.79,1.75,0.981,1.28,118,0.0,8.2,-8.1,
35,44-1,1.30,1.46,1.53,1.051,1.37,96,2.0,1.9,+0.1,
35,49,12.71,12.71,14.22,1.119,14.22,839,16.3,33.6,-17.3,
35,50,11.65,11.65,12.42,1.066,12.42,769,7.8,34.6,-26.8,
35,51,13.06,13.06,14.00,1.072,14.00,862,10.4,39.2,-28.8,
35,52,13.14,13.14,14.06,1.070,14.06,867,10.4,34.6,-24.1,
35,52-1,13.83,13.96,14.89,1.066,14.75,921,11.4,36.9,-25.5,
35,52-2,14.35,14.35,15.28,1.065,15.29,947,11.5,36.9,-25.4,
35,53,12.33,12.33,13.81,1.121,13.82,814,16.0,33.8,-17.8,
35,54,11.21,11.29,12.68,1.123,12.59,745,14.0,33.3,-19.3,
35,55,11.48,11.48,12.86,1.121,12.86,757,13.9,33.3,-19.3,
35,56,1.36,1.70,1.54,0.908,1.24,112,0.0,6.2,-6.1,
35,57,17.18,17.20,18.62,1.083,18.61,1135,17.6,51.1,-33.4,
35,57-1,16.20,16.20,17.46,1.078,17.46,1069,17.8,41.5,-23.6,
35,58,16.60,16.60,17.27,1.041,17.27,1095,9.2,48.7,-39.4,
35,59,16.35,16.36,17.86,1.091,17.85,1080,17.6,49.6,-31.8,
35,59-1,17.28,17.28,18.80,1.088,18.80,1140,17.6,56.1,-38.1,
35,61,5.31,5.32,5.66,1.063,5.65,351,2.8,17.1,-14.3,
35,62,4.96,6.60,7.40,1.122,5.57,435,5.6,32.0,-26.4,경로 다름
35,64,14.05,14.05,13.83,0.985,13.83,927,1.1,57.0,-55.8,
35,66,9.54,9.63,12.51,1.299,12.39,636,45.0,6.2,+38.8,
35,71,22.00,21.79,22.81,1.047,23.03,1438,17.0,55.9,-38.8,
35,71-1,20.38,21.79,22.81,1.047,21.34,1438,17.0,55.9,-38.8,
35,73,10.06,10.07,10.31,1.025,10.31,664,0.7,39.1,-38.2,
35,74,10.09,10.09,11.05,1.095,11.05,666,12.2,35.8,-23.8,
35,75,6.13,6.26,6.57,1.050,6.43,413,4.8,17.9,-13.1,
35,75-1,7.17,7.28,7.21,0.991,7.11,480,1.8,27.2,-25.3,
35,80,26.35,26.35,28.65,1.087,28.65,1739,38.4,56.8,-18.4,
35,81,20.81,20.81,22.07,1.061,22.07,1373,19.8,44.9,-25.0,
35,82,11.43,11.43,13.75,1.203,13.75,755,23.9,31.9,-8.0,
35,83,13.28,13.27,14.03,1.057,14.03,876,9.0,39.4,-30.4,
35,84,10.98,10.61,11.27,1.063,11.67,700,5.6,34.1,-28.5,
35,85,21.93,21.96,23.34,1.063,23.31,1449,22.0,44.9,-22.8,
35,85-1,26.96,27.27,29.52,1.083,29.19,1800,38.0,57.2,-19.1,
35,86,25.66,25.97,28.19,1.086,27.85,1714,36.1,56.8,-20.6,
35,101,13.33,13.33,13.56,1.017,13.56,880,1.9,47.3,-45.4,
35,103,10.74,10.74,10.93,1.018,10.93,709,0.6,41.1,-40.4,
35,105-2,7.53,7.73,9.82,1.269,9.55,511,33.9,4.7,+29.5,
35,129,4.76,4.81,4.81,1.000,4.75,318,0.0,22.5,-22.4,
35,132,6.54,6.55,8.42,1.287,8.42,432,29.2,2.0,+27.2,
35,135,3.32,3.13,3.65,1.166,3.88,207,9.2,1.6,+7.6,
35,140,15.48,15.51,16.99,1.095,16.96,1024,21.2,37.6,-16.0,
35,140-1,15.48,15.51,16.99,1.095,16.96,1024,21.2,37.6,-16.0,
35,140-2,15.48,15.51,16.99,1.095,16.96,1024,21.2,37.6,-16.0,
35,142,3.68,3.80,5.45,1.436,5.28,251,24.3,0.0,+24.2,
35,143,1.91,1.92,2.12,1.107,2.12,127,3.7,0.2,+3.5,
35,152-1,19.75,19.51,20.14,1.032,20.39,1288,11.4,54.9,-43.4,
35,153,19.15,19.18,19.80,1.033,19.77,1266,11.2,53.0,-41.7,
35,200,5.43,5.51,5.41,0.984,5.34,363,0.0,24.4,-24.2,
35,201,6.53,6.53,6.52,0.998,6.52,431,1.6,24.5,-22.8,
35,203,6.98,6.98,6.76,0.968,6.75,461,0.0,30.5,-30.4,
35,207,14.44,14.72,15.66,1.063,15.36,972,11.5,36.9,-25.4,
35,220,14.22,14.28,15.53,1.087,15.45,943,16.5,37.9,-21.1,
35,221,16.32,16.50,17.90,1.085,17.70,1089,19.3,39.7,-20.3,
35,222,14.97,14.97,16.29,1.088,16.29,988,17.9,39.7,-21.8,
35,223,18.96,19.06,20.90,1.097,20.80,1258,26.5,40.1,-13.5,
35,300,9.75,10.06,14.03,1.395,13.61,664,60.7,1.6,+59.1,
35,301,10.82,10.89,15.17,1.393,15.07,719,65.4,1.6,+63.8,
35,302,13.38,13.69,19.41,1.417,18.96,904,87.1,1.6,+85.3,
35,500,8.46,8.46,8.04,0.949,8.03,559,0.0,35.1,-35.0,
35,900,,13.40,14.12,1.054,14.12,884,20.0,16.6,+3.3,
35,901,,13.21,13.96,1.057,13.96,872,18.8,19.9,-1.1,
35,902,,12.64,13.31,1.053,13.31,834,18.7,15.7,+3.1,
35,903,,13.08,13.94,1.066,13.94,863,21.1,13.7,+7.4,
35,904,,12.75,13.65,1.070,13.65,842,21.1,13.0,+8.1,
35,905,,14.25,15.94,1.119,15.94,940,26.8,21.1,+5.7,
35,906,,13.74,14.65,1.066,14.65,907,20.8,22.1,-1.7,
35,915,,17.51,18.29,1.045,18.29,1155,18.2,50.7,-32.1,
35,916,,18.65,19.50,1.046,19.50,1231,20.1,52.1,-31.8,
35,917,,19.46,20.45,1.050,20.45,1285,20.3,58.1,-37.6,
35,918,,14.49,16.81,1.160,16.81,956,33.4,18.6,+14.3,
35,919,14.46,14.46,15.28,1.057,15.28,954,18.2,29.9,-11.7,
35,921,,16.13,16.93,1.049,16.93,1065,18.3,39.5,-21.1,
35,922,,16.66,17.61,1.057,17.61,1100,20.3,36.8,-16.7,
35,923,,17.15,18.13,1.057,18.13,1132,21.5,39.5,-17.9,
35,924,,17.12,17.99,1.050,17.99,1130,20.3,40.5,-20.2,
35,925,,16.44,17.21,1.046,17.21,1085,18.2,39.9,-21.7,
35,926,,16.90,17.60,1.041,17.60,1115,18.2,41.6,-23.3,
35,931,,21.90,22.86,1.044,22.86,1446,23.2,64.9,-41.7,
35,932,,21.75,22.65,1.042,22.65,1435,21.1,62.5,-41.5,
35,933,,22.36,23.31,1.043,23.31,1475,22.0,62.5,-40.4,
35,934,,22.44,23.43,1.044,23.43,1481,22.6,62.5,-39.8,
35,935,,23.72,24.61,1.037,24.61,1566,22.4,65.9,-43.4,
35,942,21.85,21.96,23.23,1.058,23.11,1449,26.6,49.4,-22.8,
35,946,,16.94,17.80,1.051,17.80,1118,18.2,50.4,-32.2,
35,GATE,18.05,18.04,17.65,0.978,17.66,1190,1.7,61.6,-59.8,
36,1,9.06,9.06,9.14,1.009,9.14,598,5.0,24.3,-19.5,
36,2,9.25,9.31,9.39,1.008,9.33,615,5.0,22.0,-17.2,
36,3,10.50,10.24,10.34,1.010,10.61,676,5.6,22.1,-16.8,
36,4,10.21,10.30,10.31,1.001,10.21,680,5.6,24.3,-19.0,
36,5,9.19,9.19,9.14,0.994,9.13,607,5.6,19.6,-14.2,
36,6,10.58,10.59,10.53,0.995,10.53,699,6.5,15.3,-9.0,
36,7,9.13,9.40,9.51,1.012,9.24,620,6.7,12.0,-5.5,
36,8,9.25,9.49,9.43,0.994,9.20,626,5.6,19.6,-14.2,
36,9,9.32,9.38,9.49,1.012,9.43,619,6.7,12.0,-5.5,
36,10,10.66,10.57,10.54,0.998,10.63,697,7.4,11.5,-4.0,
36,10-1,10.81,10.72,10.70,0.998,10.79,708,7.4,11.5,-4.0,
36,11,9.50,9.59,9.93,1.035,9.84,633,11.1,14.3,-3.5,
36,12,8.65,8.56,8.44,0.985,8.52,565,5.0,9.1,-4.1,
36,13,7.01,6.96,6.94,0.997,6.99,459,4.8,5.9,-1.1,
36,14,11.12,11.12,11.18,1.005,11.17,734,7.4,14.0,-6.8,
36,15,13.08,13.09,13.18,1.007,13.17,864,5.2,39.7,-34.7,
36,15-1,13.75,14.89,15.05,1.011,13.90,982,8.4,43.3,-35.1,
36,16,14.92,15.02,15.07,1.003,14.97,992,6.7,43.7,-37.3,
36,16-1,14.30,14.30,14.26,0.997,14.25,944,5.2,43.6,-38.6,
36,17,14.54,14.55,14.90,1.024,14.90,960,9.9,36.3,-26.7,
36,18,2.79,2.74,2.94,1.072,2.99,181,4.5,1.5,+3.0,
36,19,1.70,1.64,2.12,1.287,2.19,109,6.9,0.0,+6.8,
36,20,5.30,5.31,5.76,1.084,5.75,350,9.2,9.4,-0.4,
36,21,3.39,3.39,3.90,1.149,3.89,224,8.9,7.2,+1.5,
36,22,3.98,3.98,4.22,1.060,4.22,263,2.8,18.0,-15.4,
36,24,8.26,8.34,8.35,1.001,8.27,550,3.1,30.7,-27.8,
36,25,7.20,7.20,7.22,1.003,7.22,475,2.8,27.6,-25.0,
36,25-1,8.71,8.72,8.72,1.001,8.72,575,3.1,30.7,-27.8,
36,26,7.81,7.28,7.40,1.017,7.94,480,3.1,27.3,-24.4,
36,27,5.27,5.27,5.46,1.036,5.45,348,2.8,20.8,-18.2,
36,28,4.63,4.58,4.83,1.056,4.90,302,2.8,19.4,-16.8,
36,29,7.28,7.32,9.21,1.258,9.16,483,29.9,2.2,+27.7,
36,30,1.90,1.70,1.69,0.992,1.89,112,0.1,3.7,-3.4,
36,31,4.17,4.33,4.23,0.978,4.08,286,0.4,11.6,-11.2,
36,32,3.23,3.27,3.26,0.995,3.21,216,0.4,9.9,-9.5,
36,32-1,2.77,2.82,2.80,0.994,2.75,186,0.4,10.0,-9.5,
36,33,1.79,1.59,1.58,0.992,1.77,105,0.1,3.7,-3.4,
36,34,0.53,0.57,0.57,1.000,0.53,37,0.0,0.0,-0.0,
36,35,1.04,1.16,1.28,1.103,1.15,77,2.7,1.5,+1.0,
36,37,0.32,0.32,0.32,1.000,0.32,21,0.0,0.0,+0.0,
36,38,0.53,0.53,0.53,1.000,0.53,35,0.0,0.0,+0.0,
36,39,2.43,1.83,2.10,1.143,2.78,121,4.5,0.0,+4.4,
36,40,2.28,2.28,2.69,1.181,2.69,150,6.9,0.0,+6.8,
36,43,3.10,3.26,3.33,1.021,3.16,215,2.9,8.3,-5.6,
36,43-1,2.00,2.01,2.13,1.063,2.12,132,2.7,7.0,-4.5,
36,43-2,2.59,2.59,2.73,1.051,2.72,171,2.8,7.0,-4.4,
36,44-1,0.31,0.31,0.31,1.000,0.31,20,0.0,0.0,+0.0,
36,49,15.31,15.31,16.44,1.073,16.43,1011,18.6,30.6,-12.3,
36,50,14.04,14.04,14.56,1.037,14.55,927,11.2,34.0,-23.1,
36,51,15.44,15.44,16.13,1.045,16.13,1019,13.8,38.5,-25.1,
36,52,15.52,15.53,16.19,1.043,16.19,1025,13.8,34.0,-20.5,
36,52-1,16.21,16.35,17.02,1.041,16.88,1079,14.7,36.3,-21.9,
36,52-2,16.73,16.74,17.42,1.041,17.41,1105,14.8,36.3,-21.7,
36,53,14.93,14.93,16.03,1.074,16.03,986,18.3,30.8,-12.8,
36,54,13.81,13.90,14.90,1.072,14.81,917,16.3,30.3,-14.3,
36,55,14.08,13.97,14.45,1.034,14.56,922,10.6,34.0,-23.6,
36,56,3.40,3.41,3.48,1.022,3.48,225,2.9,8.3,-5.6,
36,57,19.57,19.59,20.76,1.060,20.73,1293,20.9,50.4,-29.8,
36,57-1,18.58,18.59,19.59,1.054,19.59,1227,21.1,40.8,-19.9,
36,58,18.98,18.98,19.41,1.022,19.40,1253,12.6,48.0,-35.7,
36,59,18.73,18.75,19.99,1.066,19.97,1237,20.9,49.0,-28.1,
36,59-1,19.66,19.67,20.93,1.064,20.92,1298,20.9,55.4,-34.5,
36,61,7.91,7.93,7.88,0.994,7.86,523,5.0,14.1,-9.3,
36,62,7.34,8.99,9.53,1.061,7.79,593,9.0,31.3,-22.8,
36,64,16.43,16.43,15.97,0.972,15.96,1085,4.5,56.4,-52.1,
36,66,12.33,12.42,14.97,1.205,14.86,820,41.5,0.1,+41.4,
36,71,24.38,24.17,24.94,1.032,25.15,1596,20.3,55.3,-35.2,
36,71-1,22.76,24.17,24.94,1.032,23.49,1596,20.3,55.3,-35.2,
36,73,12.45,12.45,12.45,0.999,12.44,822,4.1,38.4,-34.6,
36,74,12.57,12.58,13.39,1.065,13.39,830,14.4,32.8,-18.7,
36,75,3.70,3.77,3.91,1.040,3.84,248,0.6,10.6,-9.9,
36,75-1,4.74,4.79,4.62,0.963,4.57,316,0.4,15.2,-14.8,
36,80,28.73,28.74,30.78,1.071,30.78,1897,41.8,56.1,-14.7,
36,81,23.19,23.20,24.20,1.043,24.20,1531,23.2,44.3,-21.3,
36,82,14.03,14.04,15.97,1.138,15.97,927,26.2,28.9,-3.0,
36,83,15.66,15.66,16.16,1.032,16.16,1033,12.3,38.8,-26.7,
36,84,13.36,13.00,13.41,1.031,13.78,858,8.9,33.4,-24.8,
36,85,24.32,24.35,25.47,1.046,25.44,1607,25.4,44.3,-19.2,
36,85-1,29.35,29.66,31.65,1.067,31.32,1957,41.3,56.5,-15.5,
36,86,28.04,28.36,30.33,1.069,29.98,1872,39.4,56.1,-16.9,
36,101,15.71,15.72,15.69,0.998,15.69,1037,5.2,46.7,-41.7,
36,103,13.12,13.13,13.06,0.995,13.06,866,4.0,40.4,-36.7,
36,105-2,6.48,6.58,8.41,1.279,8.29,434,29.4,3.1,+26.6,
36,129,5.56,5.62,5.78,1.029,5.72,371,2.9,21.3,-18.7,
36,132,7.78,7.91,9.83,1.242,9.67,522,30.8,0.2,+30.6,
36,135,2.28,1.97,2.25,1.139,2.59,130,4.7,0.0,+4.7,
36,140,17.86,17.90,19.12,1.068,19.09,1181,24.5,36.9,-12.3,
36,140-1,17.86,17.90,19.12,1.068,19.09,1181,24.5,36.9,-12.3,
36,140-2,17.86,17.90,19.12,1.068,19.09,1181,24.5,36.9,-12.3,
36,142,6.58,6.59,8.30,1.258,8.28,435,26.9,2.2,+24.7,
36,143,5.06,4.97,5.21,1.049,5.31,328,6.3,2.3,+4.0,
36,152-1,22.13,21.90,22.28,1.017,22.51,1445,14.8,54.3,-39.7,
36,153,21.53,21.57,21.94,1.017,21.90,1423,14.6,52.3,-38.0,
36,200,5.23,5.30,5.16,0.974,5.09,350,0.4,16.0,-15.6,
36,201,5.17,5.47,5.30,0.969,5.01,361,0.4,17.4,-17.0,
36,203,7.22,7.26,6.91,0.951,6.86,479,0.4,24.9,-24.5,
36,207,16.82,17.11,17.79,1.040,17.49,1129,14.8,36.3,-21.7,
36,220,16.60,16.67,17.66,1.059,17.58,1100,19.9,37.2,-17.5,
36,221,18.70,18.89,20.03,1.060,19.83,1247,22.6,39.0,-16.7,
36,222,17.35,17.36,18.42,1.062,18.42,1145,21.2,39.1,-18.1,
36,223,21.41,21.45,23.04,1.074,23.00,1416,29.9,39.4,-9.9,
36,300,8.71,8.90,12.63,1.419,12.35,587,56.3,0.0,+56.2,
36,301,9.77,9.73,13.77,1.414,13.82,642,61.0,0.0,+60.9,
36,302,12.33,12.54,18.00,1.436,17.71,827,82.6,0.0,+82.4,
36,500,8.70,8.75,8.19,0.936,8.14,577,0.4,29.6,-29.2,
36,900,,16.46,17.15,1.042,17.15,1087,22.0,19.6,+2.3,
36,901,,16.27,16.99,1.044,16.99,1074,20.8,22.9,-2.0,
36,902,,15.70,16.34,1.041,16.34,1036,20.8,18.7,+2.1,
36,903,,16.14,16.97,1.051,16.97,1065,23.1,16.7,+6.4,
36,904,,15.82,16.68,1.054,16.68,1044,23.2,16.0,+7.2,
36,905,,17.31,18.96,1.095,18.96,1143,28.8,24.1,+4.7,
36,906,,16.81,17.68,1.052,17.68,1109,22.8,25.1,-2.7,
36,915,,20.57,21.32,1.036,21.32,1358,20.2,53.7,-33.1,
36,916,,21.71,22.52,1.037,22.52,1433,22.2,55.1,-32.7,
36,917,,22.53,23.47,1.042,23.47,1487,22.3,61.1,-38.6,
36,918,,17.56,19.84,1.130,19.84,1159,35.4,21.6,+13.4,
36,919,17.61,17.52,18.31,1.045,18.41,1156,20.2,32.9,-12.7,
36,921,,19.20,19.95,1.039,19.95,1267,20.4,42.5,-22.1,
36,922,,19.73,20.63,1.046,20.63,1302,22.3,39.8,-17.7,
36,923,,20.22,21.15,1.046,21.15,1334,23.5,42.5,-18.9,
36,924,,20.19,21.02,1.041,21.02,1332,22.3,43.5,-21.1,
36,925,,19.51,20.24,1.037,20.24,1288,20.2,42.9,-22.7,
36,926,,19.97,20.62,1.033,20.62,1318,20.3,44.6,-24.3,
36,931,,24.97,25.89,1.037,25.89,1648,25.2,67.9,-42.7,
36,932,,24.81,25.68,1.035,25.68,1638,23.2,65.5,-42.4,
36,933,,25.42,26.34,1.036,26.34,1678,24.1,65.5,-41.4,
36,934,,25.51,26.46,1.037,26.46,1683,24.7,65.5,-40.8,
36,935,,26.79,27.64,1.032,27.64,1768,24.4,68.9,-44.4,
36,942,25.01,25.03,26.25,1.049,26.23,1652,28.7,52.4,-23.8,
36,946,,20.00,20.83,1.041,20.83,1320,20.2,53.4,-33.2,
36,GATE,20.43,20.43,19.78,0.968,19.78,1348,5.1,60.9,-56.1,
37,1,8.58,8.67,8.20,0.946,8.12,572,1.1,13.8,-12.7,
37,2,8.78,8.92,8.50,0.952,8.36,589,1.1,11.5,-10.4,
37,3,10.03,9.85,9.45,0.959,9.62,650,1.6,11.5,-10.0,
37,4,9.73,9.91,9.42,0.950,9.25,654,1.6,13.8,-12.2,
37,5,9.09,9.18,9.33,1.016,9.23,606,9.0,16.5,-7.4,
37,6,10.48,10.58,10.72,1.014,10.63,698,10.0,12.2,-2.2,
37,7,9.03,9.38,9.70,1.034,9.33,619,10.2,8.9,+1.3,
37,8,9.15,9.47,9.62,1.016,9.30,625,9.0,16.5,-7.4,
37,9,9.27,9.36,9.68,1.034,9.58,618,10.2,8.9,+1.3,
37,10,10.77,11.22,11.64,1.038,11.17,740,13.6,10.9,+2.6,
37,10-1,11.38,11.47,12.40,1.081,12.30,757,20.5,11.7,+8.8,
37,11,9.67,9.84,10.35,1.052,10.17,650,14.2,10.8,+3.3,
37,12,9.06,9.21,9.79,1.063,9.63,608,14.2,9.1,+5.1,
37,13,7.17,7.26,7.90,1.088,7.80,479,14.0,7.7,+6.3,
37,14,11.02,11.11,11.36,1.023,11.27,733,10.9,10.9,+0.0,
37,15,12.29,12.38,11.95,0.965,11.86,817,1.8,29.7,-27.9,
37,15-1,12.96,14.18,13.82,0.974,12.63,936,4.9,33.2,-28.3,
37,16,14.14,14.32,13.84,0.966,13.66,945,3.2,33.7,-30.5,
37,16-1,13.51,13.60,13.03,0.958,12.94,898,1.8,33.6,-31.8,
37,17,13.75,13.84,13.67,0.988,13.58,914,6.4,26.3,-19.9,
37,18,4.21,4.26,4.92,1.155,4.86,281,11.9,1.4,+10.5,
37,19,3.12,3.12,4.06,1.302,4.06,206,14.5,0.0,+14.5,
37,20,5.46,5.56,6.18,1.112,6.08,367,12.2,5.9,+6.4,
37,21,4.11,4.20,4.88,1.164,4.78,277,12.3,4.0,+8.3,
37,22,3.05,3.14,2.95,0.941,2.87,207,0.0,8.6,-8.6,
37,24,7.34,7.50,7.08,0.944,6.93,495,0.3,21.3,-21.0,
37,25,6.10,6.36,5.96,0.936,5.72,420,0.0,18.2,-18.2,
37,25-1,7.78,7.87,7.46,0.947,7.37,520,0.3,21.3,-21.0,
37,26,6.88,6.43,6.13,0.953,6.56,425,0.3,17.9,-17.6,
37,27,4.17,4.43,4.19,0.946,3.95,292,0.0,11.4,-11.4,
37,28,3.49,3.73,3.57,0.955,3.33,246,0.0,10.0,-10.0,
37,29,8.24,8.47,11.34,1.339,11.03,559,44.3,3.8,+40.5,
37,30,0.65,0.71,0.71,1.000,0.65,47,0.0,0.0,-0.0,
37,31,1.81,3.66,3.50,0.957,1.73,241,0.0,9.8,-9.8,경로 다름
37,32,1.51,3.10,3.06,0.987,1.49,204,0.0,10.1,-10.1,경로 다름
37,32-1,1.05,2.64,2.60,0.984,1.04,174,0.0,10.1,-10.1,경로 다름
37,33,0.40,0.40,0.40,1.000,0.40,26,0.0,0.0,-0.0,
37,34,0.79,0.88,0.88,0.996,0.78,58,0.0,0.1,-0.1,
37,35,2.92,3.03,3.43,1.133,3.31,200,7.2,4.7,+2.5,
37,36,0.32,0.32,0.32,1.000,0.32,21,0.0,0.0,-0.0,
37,38,0.52,0.52,0.52,1.000,0.52,34,0.0,0.0,+0.0,
37,39,2.42,2.50,2.96,1.182,2.86,165,7.7,0.0,+7.6,
37,40,2.26,2.26,2.67,1.182,2.67,149,6.9,0.0,+6.8,
37,43,3.00,3.25,3.52,1.083,3.25,214,6.4,5.2,+1.2,
37,43-1,2.31,1.74,1.61,0.929,2.14,115,0.0,2.5,-2.4,
37,43-2,2.31,2.54,2.77,1.091,2.51,168,5.3,3.8,+1.2,
37,44-1,1.67,1.67,2.05,1.228,2.05,110,6.2,0.0,+6.1,
37,49,14.83,14.92,15.55,1.042,15.45,985,14.6,20.1,-5.5,
37,50,13.25,13.34,13.33,0.999,13.24,880,7.7,24.0,-16.3,
37,51,14.65,14.74,14.90,1.011,14.81,973,10.3,28.5,-18.3,
37,52,14.73,14.83,14.96,1.009,14.87,978,10.3,24.0,-13.7,
37,52-1,15.42,15.64,15.79,1.009,15.57,1032,11.2,26.3,-15.0,
37,52-2,15.94,16.03,16.19,1.010,16.10,1058,11.4,26.3,-14.9,
37,53,14.45,14.54,15.14,1.041,15.05,960,14.3,20.2,-5.9,
37,54,13.34,13.51,14.01,1.037,13.83,892,12.3,19.8,-7.5,
37,55,13.47,13.26,13.22,0.997,13.43,875,7.2,24.0,-16.8,
37,56,3.13,3.22,3.02,0.938,2.93,213,0.7,6.4,-5.7,
37,57,18.78,18.89,19.53,1.034,19.42,1246,17.5,40.4,-23.0,
37,57-1,17.79,17.88,18.36,1.027,18.27,1180,17.7,30.8,-13.1,
37,58,18.19,18.28,18.18,0.994,18.09,1206,9.1,38.0,-28.9,
37,59,17.95,18.04,18.76,1.040,18.66,1191,17.5,39.0,-21.3,
37,59-1,18.87,18.96,19.70,1.039,19.61,1252,17.5,45.4,-27.7,
37,61,7.81,7.92,8.07,1.019,7.96,522,8.5,11.0,-2.5,
37,62,6.56,8.28,8.30,1.003,6.57,547,5.5,21.3,-16.0,
37,64,14.81,15.73,14.74,0.937,13.87,1038,1.0,46.4,-45.3,
37,66,13.27,13.36,16.24,1.216,16.14,882,46.9,0.1,+46.8,
37,71,23.59,23.47,23.71,1.010,23.83,1549,16.9,45.2,-28.3,
37,71-1,21.98,23.47,23.71,1.010,22.20,1549,16.9,45.2,-28.3,
37,73,11.66,11.75,11.22,0.955,11.13,775,0.6,28.4,-27.8,
37,74,11.78,11.88,12.16,1.024,12.07,784,11.0,22.8,-11.9,
37,75,2.57,3.59,3.71,1.033,2.66,237,0.1,10.6,-10.4,경로 다름
37,75-1,3.03,4.62,4.42,0.956,2.90,305,0.0,15.4,-15.3,경로 다름
37,80,27.94,28.03,29.55,1.054,29.46,1850,38.3,46.1,-7.9,
37,81,22.40,22.49,22.97,1.021,22.88,1485,19.7,34.3,-14.5,
37,82,13.56,13.65,15.08,1.105,14.98,901,22.2,18.3,+3.9,
37,83,14.87,14.96,14.93,0.998,14.85,987,8.8,28.7,-19.9,
37,84,12.57,12.30,12.18,0.990,12.45,811,5.5,23.4,-18.0,
37,85,23.53,23.64,24.24,1.025,24.12,1560,21.9,34.3,-12.4,
37,85-1,28.56,28.96,30.42,1.051,30.01,1911,37.8,46.5,-8.7,
37,86,27.25,27.65,29.10,1.052,28.67,1825,36.0,46.1,-10.1,
37,101,14.92,15.01,14.46,0.963,14.38,991,1.8,36.7,-34.9,
37,103,12.33,12.42,11.83,0.952,11.74,820,0.5,30.4,-29.9,
37,105-2,7.42,7.51,9.69,1.290,9.57,496,34.8,3.1,+32.0,
37,129,4.18,4.78,4.52,0.945,3.95,316,0.0,11.9,-11.9,
37,132,8.72,8.85,11.11,1.255,10.95,584,36.2,0.2,+36.0,
37,135,3.22,2.91,3.53,1.212,3.90,192,10.2,0.0,+10.1,
37,140,17.08,17.19,17.89,1.041,17.77,1135,21.0,26.9,-5.5,
37,140-1,17.08,17.19,17.89,1.041,17.77,1135,21.0,26.9,-5.5,
37,140-2,17.08,17.19,17.89,1.041,17.77,1135,21.0,26.9,-5.5,
37,142,7.54,7.75,10.43,1.347,10.16,511,41.3,3.8,+37.5,
37,143,5.78,5.87,7.10,1.209,6.99,387,20.8,4.0,+16.8,
37,152-1,21.34,21.20,21.05,0.993,21.19,1399,11.3,44.2,-32.9,
37,153,20.74,20.86,20.71,0.993,20.59,1377,11.1,42.3,-31.2,
37,200,3.51,5.13,4.96,0.968,3.40,338,0.0,16.1,-16.1,경로 다름
37,201,3.46,5.29,5.10,0.963,3.33,349,0.0,17.5,-17.5,경로 다름
37,203,5.50,6.95,6.46,0.930,5.12,458,0.0,19.9,-19.9,
37,207,16.03,16.41,16.56,1.009,16.18,1083,11.4,26.3,-14.9,
37,220,15.81,15.97,16.43,1.029,16.27,1054,16.4,27.2,-10.7,
37,221,17.91,18.19,18.80,1.034,18.52,1200,19.1,29.0,-9.8,
37,222,16.56,16.65,17.19,1.033,17.10,1099,17.8,29.0,-11.3,
37,223,20.62,20.75,21.81,1.051,21.68,1369,26.4,29.4,-3.0,
37,300,9.65,9.84,13.91,1.414,13.63,649,61.7,0.0,+61.7,
37,301,10.71,10.67,15.04,1.410,15.10,704,66.4,0.0,+66.3,
37,302,13.27,13.47,19.28,1.431,18.99,889,88.0,0.0,+87.9,
37,500,6.98,8.43,7.74,0.918,6.41,556,0.0,24.5,-24.5,
37,900,,17.21,18.85,1.095,18.85,1136,35.0,19.9,+15.1,
37,901,,17.02,18.69,1.098,18.69,1123,33.8,23.2,+10.8,
37,902,,16.45,18.04,1.097,18.04,1086,33.8,18.9,+14.9,
37,903,,16.89,18.67,1.105,18.67,1115,36.1,16.9,+19.2,
37,904,,16.57,18.38,1.110,18.38,1093,36.2,16.3,+19.9,
37,905,,18.06,20.67,1.144,20.67,1192,41.9,24.3,+17.5,
37,906,,17.56,19.38,1.104,19.38,1159,35.9,25.4,+10.1,
37,915,,21.32,23.02,1.080,23.02,1407,33.3,54.0,-20.3,
37,916,,22.46,24.23,1.079,24.23,1482,35.2,55.3,-19.9,
37,917,,23.28,25.17,1.082,25.17,1536,35.3,61.3,-25.8,
37,918,,18.30,21.54,1.177,21.54,1208,48.5,21.8,+26.1,
37,919,18.18,18.27,20.01,1.095,19.91,1206,33.3,33.2,+0.1,
37,921,,19.95,21.66,1.086,21.66,1317,33.4,42.7,-9.3,
37,922,,20.47,22.34,1.091,22.34,1351,35.3,40.1,-4.9,
37,923,,20.96,22.86,1.090,22.86,1384,36.6,42.8,-6.1,
37,924,,20.94,22.72,1.085,22.72,1382,35.4,43.7,-8.4,
37,925,,20.26,21.94,1.083,21.94,1337,33.3,43.2,-9.9,
37,926,,20.71,22.32,1.078,22.32,1367,33.3,44.9,-11.5,
37,931,,25.72,27.59,1.073,27.59,1697,38.2,68.1,-29.9,
37,932,,25.56,27.38,1.071,27.38,1687,36.2,65.7,-29.7,
37,933,,26.17,28.04,1.072,28.04,1727,37.1,65.8,-28.6,
37,934,,26.25,28.16,1.073,28.16,1733,37.7,65.8,-28.0,
37,935,,27.53,29.34,1.065,29.34,1817,37.5,69.2,-31.6,
37,942,25.57,25.77,27.96,1.085,27.74,1701,41.7,52.7,-11.0,
37,946,,20.75,22.53,1.086,22.53,1370,33.3,53.6,-20.4,
37,GATE,18.81,19.72,18.55,0.941,17.69,1302,1.6,50.9,-49.3,
38,1,10.09,10.09,9.60,0.951,9.60,666,1.2,18.5,-17.4,
38,2,10.29,10.34,9.89,0.956,9.84,682,1.2,16.2,-15.0,
38,3,11.54,11.27,10.85,0.962,11.10,744,1.7,16.3,-14.6,
38,4,11.24,11.33,10.81,0.954,10.73,748,1.7,18.5,-16.9,
38,5,10.60,10.60,10.72,1.012,10.72,699,9.2,21.3,-12.1,
38,6,12.00,12.00,12.12,1.010,12.12,792,10.1,17.0,-6.8,
38,7,10.54,10.80,11.09,1.027,10.83,713,10.3,13.6,-3.3,
38,8,10.67,10.89,11.02,1.011,10.79,719,9.2,21.2,-12.1,
38,9,10.78,10.78,11.07,1.027,11.07,712,10.3,13.6,-3.3,
38,10,12.02,12.02,12.46,1.037,12.46,793,14.8,11.3,+3.5,
38,10-1,12.17,12.17,12.61,1.036,12.61,803,14.8,11.3,+3.5,
38,11,11.17,11.26,11.50,1.022,11.41,743,12.4,14.3,-1.9,
38,12,10.02,10.02,10.35,1.033,10.35,661,12.4,9.0,+3.4,
38,13,8.41,8.41,8.86,1.053,8.86,555,12.2,5.8,+6.4,
38,14,12.53,12.53,12.76,1.018,12.76,827,11.0,15.6,-4.6,
38,15,13.80,13.80,13.34,0.967,13.34,911,1.9,34.5,-32.6,
38,15-1,14.48,15.60,15.21,0.975,14.11,1030,5.1,38.0,-33.0,
38,16,15.65,15.74,15.23,0.968,15.14,1039,3.3,38.5,-35.2,
38,16-1,15.02,15.02,14.42,0.960,14.43,991,1.9,38.3,-36.4,
38,17,15.26,15.26,15.07,0.987,15.07,1007,6.6,31.1,-24.5,
38,18,4.14,4.19,4.85,1.157,4.80,277,11.9,1.4,+10.5,
38,19,3.05,3.06,4.00,1.308,4.00,202,14.5,0.0,+14.5,
38,20,6.76,6.76,7.15,1.057,7.15,446,10.0,4.4,+5.7,
38,21,5.20,5.20,5.99,1.152,5.99,343,13.4,10.4,+3.1,
38,22,4.56,4.56,4.35,0.954,4.35,301,0.1,13.4,-13.3,
38,24,8.47,8.32,8.09,0.972,8.23,549,0.8,25.3,-24.5,
38,25,7.01,7.07,6.86,0.971,6.81,466,0.7,24.7,-23.9,
38,25-1,8.85,8.09,7.86,0.971,8.59,534,0.7,25.3,-24.6,
38,26,8.39,7.85,7.53,0.958,8.04,518,0.4,22.7,-22.3,
38,27,5.45,5.48,5.52,1.009,5.50,361,1.8,17.5,-15.7,
38,28,5.22,5.15,4.96,0.963,5.02,340,0.1,14.8,-14.6,
38,29,8.63,8.77,11.12,1.268,10.94,579,37.4,2.1,+35.2,
38,30,2.13,2.13,2.11,0.988,2.11,141,0.1,4.8,-4.7,
38,31,3.51,3.62,3.50,0.967,3.39,239,0.0,11.7,-11.6,
38,32,2.49,2.56,2.52,0.985,2.45,169,0.0,10.1,-10.0,
38,32-1,2.11,2.11,2.07,0.981,2.07,139,0.0,10.1,-10.0,
38,33,1.82,1.82,1.82,0.997,1.82,120,0.0,9.3,-9.2,
38,34,2.30,2.30,2.27,0.988,2.27,152,0.1,4.8,-4.7,
38,35,2.85,2.96,3.37,1.136,3.24,196,7.3,4.7,+2.5,
38,36,0.53,0.53,0.53,1.000,0.53,35,0.0,0.0,-0.0,
38,37,0.52,0.52,0.52,1.000,0.52,34,0.0,0.0,-0.0,
38,39,2.32,2.18,2.63,1.205,2.80,144,7.5,0.0,+7.4,
38,40,2.17,1.94,2.35,1.207,2.62,128,6.7,0.0,+6.7,
38,43,4.51,4.67,4.91,1.053,4.75,308,6.5,10.0,-3.4,
38,43-1,3.81,3.16,3.01,0.953,3.63,208,0.1,7.3,-7.1,
38,43-2,3.82,3.96,4.17,1.052,4.01,261,5.4,8.6,-3.5,
38,44-1,1.60,1.60,1.98,1.237,1.98,106,6.2,0.0,+6.1,
38,49,16.34,16.34,16.94,1.037,16.94,1079,14.7,24.9,-10.2,
38,50,14.76,14.76,14.72,0.998,14.72,974,7.8,28.7,-20.9,
38,51,16.16,16.16,16.30,1.009,16.30,1067,10.5,33.3,-22.9,
38,52,16.25,16.24,16.36,1.007,16.36,1072,10.4,28.8,-18.3,
38,52-1,16.93,17.06,17.18,1.007,17.05,1126,11.4,31.0,-19.7,
38,52-2,17.45,17.45,17.58,1.007,17.58,1152,11.5,31.0,-19.5,
38,53,15.96,15.96,16.54,1.036,16.54,1054,14.4,25.0,-10.6,
38,54,14.85,14.93,15.40,1.032,15.32,985,12.4,24.5,-12.2,
38,55,14.98,14.68,14.61,0.995,14.91,969,7.3,28.7,-21.5,
38,56,4.64,4.64,4.42,0.951,4.41,306,0.8,11.1,-10.4,
38,57,20.29,20.31,20.92,1.030,20.91,1340,17.6,45.2,-27.6,
38,57-1,19.30,19.30,19.76,1.024,19.76,1274,17.8,35.6,-17.8,
38,58,19.70,19.70,19.57,0.993,19.57,1300,9.2,42.8,-33.6,
38,59,19.46,19.46,20.15,1.035,20.15,1285,17.6,43.7,-25.9,
38,59-1,20.38,20.38,21.10,1.035,21.10,1345,17.6,50.2,-32.3,
38,61,9.32,9.33,9.46,1.013,9.45,616,8.6,15.8,-7.2,
38,62,8.07,9.70,9.70,1.000,8.06,640,5.7,26.1,-20.6,
38,64,15.49,15.51,14.27,0.920,14.25,1023,1.3,50.2,-48.9,
38,66,13.20,13.29,16.18,1.217,16.07,877,46.9,0.1,+46.8,
38,71,25.10,24.89,25.11,1.009,25.32,1643,17.0,50.0,-33.0,
38,71-1,23.49,24.89,25.11,1.009,23.69,1643,17.0,50.0,-33.0,
38,73,13.17,13.17,12.61,0.958,12.61,869,0.7,33.2,-32.4,
38,74,13.30,13.29,13.56,1.020,13.56,877,11.1,27.5,-16.6,
38,75,2.23,2.31,2.48,1.074,2.39,153,0.1,9.5,-9.5,
38,75-1,3.71,3.73,3.73,1.000,3.71,246,0.7,14.5,-13.7,
38,80,28.84,28.86,30.08,1.042,30.06,1905,45.9,57.3,-11.5,
38,81,23.91,23.91,24.37,1.019,24.37,1578,19.9,39.0,-19.2,
38,82,15.07,15.07,16.48,1.093,16.48,994,22.4,23.1,-0.8,
38,83,16.38,16.37,16.33,0.997,16.33,1081,9.0,33.5,-24.5,
38,84,14.08,13.71,13.57,0.990,13.94,905,5.6,28.2,-22.7,
38,85,25.04,25.06,25.64,1.023,25.61,1654,22.0,39.0,-17.0,
38,85-1,29.45,29.78,30.95,1.039,30.61,1966,45.5,57.7,-12.3,
38,86,28.15,28.48,29.62,1.040,29.27,1880,43.6,57.3,-13.7,
38,101,16.32,16.34,15.67,0.959,15.65,1078,8.4,46.9,-38.5,
38,103,13.42,13.84,13.23,0.956,12.82,914,0.7,35.2,-34.5,
38,105-2,7.35,7.45,9.62,1.292,9.50,492,34.8,3.1,+32.0,
38,129,4.85,4.87,4.83,0.992,4.81,322,0.7,18.1,-17.4,
38,132,8.66,8.79,11.05,1.257,10.88,580,36.2,0.2,+36.0,
38,135,3.15,2.85,3.46,1.217,3.83,188,10.2,0.0,+10.1,
38,140,18.59,18.61,19.29,1.036,19.26,1229,21.2,31.7,-10.2,
38,140-1,18.59,18.61,19.29,1.036,19.26,1229,21.2,31.7,-10.2,
38,140-2,18.59,18.61,19.29,1.036,19.26,1229,21.2,31.7,-10.2,
38,142,7.93,8.05,10.21,1.269,10.07,531,34.4,2.1,+32.2,
38,143,6.42,6.42,7.13,1.110,7.13,424,13.7,2.2,+11.5,
38,152-1,22.85,22.62,22.44,0.992,22.67,1493,11.4,49.0,-37.6,
38,153,22.25,22.28,22.10,0.992,22.07,1471,11.2,47.1,-35.8,
38,200,4.19,4.24,4.28,1.009,4.23,280,0.7,15.2,-14.5,
38,201,4.13,4.41,4.41,1.001,4.14,291,0.7,16.6,-15.9,
38,203,6.18,6.20,6.02,0.971,6.00,409,0.7,24.2,-23.5,
38,207,17.54,17.83,17.96,1.007,17.67,1177,11.5,31.0,-19.5,
38,220,17.32,17.39,17.83,1.025,17.76,1148,16.5,32.0,-15.3,
38,221,19.43,19.61,20.20,1.030,20.01,1294,19.3,33.8,-14.5,
38,222,18.07,18.07,18.59,1.029,18.59,1193,17.9,33.8,-15.9,
38,223,22.14,22.17,23.20,1.047,23.17,1463,26.5,34.2,-7.7,
38,300,9.58,9.77,13.84,1.416,13.57,645,61.7,0.0,+61.7,
38,301,10.65,10.60,14.98,1.413,15.04,700,66.4,0.0,+66.3,
38,302,13.21,13.41,19.22,1.433,18.93,885,88.0,0.0,+87.9,
38,500,7.66,7.68,7.30,0.950,7.28,507,0.7,28.8,-28.1,
38,900,,17.92,19.06,1.064,19.06,1182,29.4,19.5,+9.8,
38,901,,17.72,18.91,1.067,18.91,1170,28.2,22.8,+5.5,
38,902,,17.15,18.25,1.064,18.25,1132,28.2,18.6,+9.6,
38,903,,17.60,18.88,1.073,18.88,1161,30.5,16.5,+13.9,
38,904,,17.27,18.60,1.077,18.60,1140,30.6,15.9,+14.7,
38,905,,18.77,20.88,1.113,20.88,1239,36.2,24.0,+12.2,
38,906,,18.26,19.59,1.073,19.59,1205,30.2,25.0,+4.8,
38,915,,22.02,23.23,1.055,23.23,1454,27.7,53.6,-25.6,
38,916,,23.16,24.44,1.055,24.44,1529,29.6,55.0,-25.2,
38,917,,23.98,25.39,1.059,25.39,1583,29.7,60.9,-31.0,
38,918,,19.01,21.75,1.144,21.75,1255,42.8,21.4,+20.9,
38,919,18.98,18.97,20.23,1.066,20.23,1252,27.6,32.8,-5.2,
38,921,,20.65,21.87,1.059,21.87,1363,27.8,42.4,-14.5,
38,922,,21.18,22.55,1.065,22.55,1398,29.7,39.7,-10.2,
38,923,,21.67,23.07,1.065,23.07,1430,30.9,42.4,-11.4,
38,924,,21.64,22.93,1.060,22.93,1428,29.7,43.3,-13.6,
38,925,,20.96,22.15,1.057,22.15,1384,27.6,42.8,-15.2,
38,926,,21.42,22.54,1.052,22.54,1414,27.7,44.5,-16.8,
38,931,,26.42,27.81,1.052,27.81,1744,32.6,67.7,-35.2,
38,932,,26.26,27.60,1.051,27.60,1733,30.6,65.4,-34.9,
38,933,,26.87,28.26,1.052,28.26,1774,31.5,65.4,-33.9,
38,934,,26.96,28.38,1.053,28.38,1779,32.1,65.4,-33.3,
38,935,,28.24,29.55,1.046,29.55,1864,31.8,68.8,-36.9,
38,942,26.37,26.48,28.17,1.064,28.05,1748,36.1,52.3,-16.2,
38,946,,21.46,22.74,1.060,22.74,1416,27.6,53.2,-25.7,
38,GATE,19.49,19.50,18.08,0.927,18.07,1287,1.9,54.8,-52.9,
39,1,11.61,10.90,10.78,0.990,11.49,719,3.9,31.8,-27.8,
39,2,11.80,11.14,11.03,0.990,11.68,735,4.0,29.5,-25.5,
39,3,13.05,12.07,11.98,0.993,12.95,797,4.5,29.6,-25.1,
39,4,12.76,12.13,11.95,0.985,12.56,801,4.5,31.8,-27.3,
39,5,11.74,11.02,10.78,0.978,11.47,728,4.5,27.1,-22.5,
39,6,13.13,12.42,12.17,0.980,12.87,820,5.4,22.8,-17.3,
39,7,11.68,11.23,11.15,0.993,11.60,741,5.6,19.5,-13.8,
39,8,11.80,11.32,11.08,0.978,11.55,747,4.5,27.1,-22.5,
39,9,11.72,11.21,11.13,0.993,11.64,740,5.6,19.5,-13.8,
39,10,12.76,12.05,11.94,0.991,12.65,795,8.2,14.6,-6.4,
39,10-1,12.91,12.20,12.10,0.991,12.80,805,8.2,14.6,-6.4,
39,11,11.91,11.28,10.99,0.974,11.59,745,5.7,17.5,-11.8,
39,12,10.76,10.05,9.83,0.979,10.53,663,5.7,12.2,-6.4,
39,13,9.15,8.44,8.34,0.988,9.04,557,5.5,9.0,-3.4,
39,14,13.67,12.96,12.82,0.989,13.52,855,6.3,21.5,-15.1,
39,15,15.63,14.92,14.82,0.993,15.52,985,4.1,47.2,-43.0,
39,15-1,16.30,16.72,16.69,0.998,16.27,1103,7.3,50.7,-43.4,
39,16,17.47,16.86,16.71,0.991,17.32,1112,5.6,51.2,-45.6,
39,16-1,16.85,16.13,15.90,0.985,16.60,1065,4.1,51.1,-46.9,
39,17,17.09,16.38,16.54,1.010,17.26,1081,8.8,43.8,-35.0,
39,18,4.88,4.22,4.34,1.027,5.02,279,5.2,4.6,+0.6,
39,19,3.79,3.08,3.48,1.129,4.28,203,7.8,3.2,+4.6,
39,20,7.50,6.79,6.63,0.976,7.33,448,3.4,7.6,-4.2,
39,21,5.94,5.23,5.54,1.060,6.29,345,7.8,14.7,-6.8,
39,22,6.52,5.81,5.86,1.008,6.57,384,1.7,25.5,-23.7,
39,24,10.80,10.17,9.99,0.982,10.61,671,2.0,38.2,-36.1,
39,25,9.74,9.03,8.87,0.981,9.55,596,1.7,35.1,-33.3,
39,25-1,11.25,10.55,10.37,0.983,11.05,696,2.0,38.2,-36.1,
39,26,10.34,9.11,9.04,0.993,10.27,601,2.0,34.8,-32.7,
39,27,7.80,7.10,7.10,1.000,7.80,469,1.7,28.3,-26.5,
39,28,7.17,6.41,6.48,1.011,7.25,423,1.7,26.9,-25.1,
39,29,9.30,8.80,10.61,1.205,11.21,581,30.7,5.4,+25.4,
39,30,4.09,4.17,3.92,0.940,3.84,275,0.1,13.1,-12.9,
39,31,6.06,6.25,5.89,0.942,5.71,413,0.0,19.5,-19.4,
39,32,5.12,5.20,4.92,0.946,4.84,343,0.0,17.8,-17.8,
39,32-1,4.66,4.74,4.46,0.940,4.38,313,0.0,17.9,-17.8,
39,33,3.97,4.06,3.81,0.938,3.73,268,0.1,13.1,-12.9,
39,34,3.07,2.40,2.27,0.948,2.91,158,0.1,8.4,-8.3,
39,35,3.59,2.99,2.92,0.976,3.50,198,1.6,9.0,-7.3,
39,36,2.43,1.83,1.68,0.914,2.22,121,0.0,4.5,-4.4,
39,37,2.42,2.50,2.26,0.904,2.19,165,0.0,7.7,-7.6,
39,38,2.32,2.18,1.95,0.894,2.08,144,0.0,7.5,-7.4,
39,40,0.17,0.23,0.26,1.153,0.19,15,0.6,0.0,+0.6,
39,43,5.65,5.09,4.97,0.976,5.51,336,1.8,15.8,-13.9,
39,43-1,4.55,3.84,3.78,0.983,4.47,253,1.6,14.5,-12.8,
39,43-2,5.14,4.43,4.37,0.987,5.07,292,1.8,14.5,-12.7,
39,44-1,0.95,1.63,1.48,0.911,0.86,107,0.0,3.9,-3.7,
39,49,17.86,17.14,18.08,1.054,18.83,1132,17.5,38.1,-20.6,
39,50,16.59,15.87,16.20,1.020,16.92,1048,10.1,41.5,-31.4,
39,51,17.99,17.28,17.77,1.029,18.51,1140,12.7,46.0,-33.4,
39,52,18.07,17.36,17.83,1.027,18.57,1146,12.7,41.5,-28.8,
39,52-1,18.76,18.18,18.66,1.027,19.26,1200,13.6,43.8,-30.2,
39,52-2,19.28,18.57,19.06,1.026,19.79,1226,13.7,43.8,-30.0,
39,53,17.48,16.77,17.67,1.054,18.42,1107,17.2,38.3,-21.0,
39,54,16.36,15.73,16.54,1.051,17.20,1038,15.2,37.8,-22.6,
39,55,16.62,15.80,16.09,1.018,16.93,1043,9.5,41.5,-31.9,
39,56,5.95,5.24,5.12,0.978,5.82,346,1.8,15.8,-13.9,
39,57,22.12,21.42,22.40,1.046,23.12,1414,19.8,57.9,-38.1,
39,57-1,21.13,20.42,21.23,1.040,21.97,1348,20.0,48.3,-28.2,
39,58,21.53,20.82,21.05,1.011,21.77,1374,11.5,55.5,-44.0,
39,59,21.28,20.58,21.63,1.051,22.37,1358,19.8,56.5,-36.4,
39,59-1,22.21,21.50,22.57,1.050,23.32,1419,19.8,62.9,-42.8,
39,61,10.46,9.76,9.52,0.975,10.20,644,3.9,21.6,-17.6,
39,62,9.89,10.82,11.18,1.033,10.22,714,7.9,38.8,-31.1,
39,64,18.41,18.27,17.61,0.964,17.75,1206,3.4,63.9,-60.4,
39,66,10.69,10.77,13.01,1.207,12.90,711,36.1,0.1,+36.0,
39,71,26.93,26.01,26.58,1.022,27.53,1716,19.2,62.8,-43.5,
39,71-1,25.31,26.01,26.58,1.022,25.88,1716,19.2,62.8,-43.5,
39,73,15.00,14.29,14.09,0.986,14.79,943,3.0,45.9,-42.9,
39,74,15.12,14.41,15.03,1.043,15.78,951,13.3,40.3,-27.0,
39,75,5.47,5.55,5.61,1.012,5.53,366,1.5,19.7,-18.1,
39,75-1,6.63,6.72,6.28,0.934,6.20,443,0.0,23.1,-23.0,
39,80,31.28,30.57,32.42,1.061,33.18,2017,40.7,63.6,-23.0,
39,81,25.74,25.03,25.84,1.033,26.58,1652,22.1,51.8,-29.6,
39,82,16.58,15.87,17.61,1.110,18.40,1047,25.1,36.4,-11.2,
39,83,18.21,17.49,17.80,1.018,18.53,1154,11.2,46.3,-35.0,
39,84,15.91,14.83,15.05,1.015,16.14,979,7.8,40.9,-33.1,
39,85,26.86,26.18,27.11,1.036,27.82,1728,24.3,51.8,-27.5,
39,85-1,31.90,31.49,33.30,1.057,33.72,2078,40.2,64.0,-23.8,
39,86,30.59,30.19,31.97,1.059,32.39,1993,38.3,63.6,-25.2,
39,101,18.26,17.55,17.33,0.988,18.04,1158,4.1,54.2,-50.0,
39,103,15.67,14.96,14.70,0.983,15.40,987,2.9,47.9,-45.0,
39,105-2,4.84,4.93,6.45,1.309,6.33,325,24.0,3.1,+21.2,
39,129,7.78,7.45,7.43,0.996,7.75,492,1.8,28.8,-27.0,
39,132,6.14,6.27,7.87,1.256,7.71,414,25.4,0.2,+25.2,
39,135,0.33,0.63,0.63,1.000,0.33,42,0.0,0.0,+0.0,
39,140,20.41,19.73,20.76,1.052,21.48,1302,23.4,44.4,-20.6,
39,140-1,20.41,19.73,20.76,1.052,21.48,1302,23.4,44.4,-20.6,
39,140-2,20.41,19.73,20.76,1.052,21.48,1302,23.4,44.4,-20.6,
39,142,8.67,8.07,9.70,1.201,10.42,533,27.7,5.4,+22.4,
39,143,7.16,6.45,6.61,1.025,7.34,426,7.0,5.4,+1.7,
39,152-1,24.68,23.73,23.92,1.008,24.87,1566,13.7,61.8,-48.0,
39,153,24.08,23.40,23.58,1.008,24.26,1544,13.5,59.8,-46.3,
39,200,7.12,7.23,6.82,0.944,6.72,477,0.0,23.9,-23.8,
39,201,7.06,7.40,6.96,0.941,6.64,488,0.0,25.3,-25.2,
39,203,9.11,9.19,8.57,0.932,8.49,607,0.0,32.8,-32.8,
39,207,19.37,18.94,19.43,1.026,19.87,1250,13.7,43.8,-30.0,
39,220,19.15,18.50,19.30,1.043,19.97,1221,18.8,44.7,-25.8,
39,221,21.25,20.72,21.67,1.046,22.23,1368,21.5,46.5,-25.0,
39,222,19.90,19.19,20.06,1.046,20.81,1266,20.1,46.5,-26.4,
39,223,23.96,23.28,24.68,1.060,25.40,1537,28.8,46.9,-18.2,
39,300,7.06,7.26,10.67,1.471,10.39,479,50.9,0.0,+50.9,
39,301,8.13,8.09,11.81,1.460,11.87,534,55.6,0.0,+55.5,
39,302,10.69,10.89,16.05,1.473,15.75,719,77.2,0.0,+77.1,
39,500,10.59,10.67,9.85,0.922,9.77,704,0.0,37.5,-37.4,
39,900,,17.94,18.55,1.034,18.55,1184,22.7,22.7,+0.0,
39,901,,17.75,18.39,1.036,18.39,1172,21.5,26.0,-4.3,
39,902,,17.18,17.74,1.032,17.74,1134,21.5,21.8,-0.2,
39,903,,17.62,18.37,1.042,18.37,1163,23.8,19.8,+4.1,
39,904,,17.30,18.08,1.045,18.08,1142,23.9,19.1,+4.8,
39,905,,18.73,20.93,1.118,20.93,1236,34.9,33.4,+1.5,
39,906,,18.29,19.08,1.043,19.08,1207,23.6,28.2,-5.0,
39,915,,22.05,22.72,1.030,22.72,1455,21.0,56.8,-35.4,
39,916,,23.19,23.92,1.032,23.92,1531,22.9,58.2,-35.0,
39,917,,24.01,24.87,1.036,24.87,1585,23.0,64.2,-40.9,
39,918,,18.97,21.80,1.149,21.80,1252,41.5,30.8,+10.1,
39,919,19.72,19.00,19.71,1.037,20.45,1254,21.0,36.0,-15.0,
39,921,,20.68,21.35,1.033,21.35,1365,21.1,45.6,-24.4,
39,922,,21.21,22.03,1.039,22.03,1400,23.0,42.9,-20.0,
39,923,,21.70,22.55,1.039,22.55,1432,24.3,45.6,-21.2,
39,924,,21.67,22.42,1.034,22.42,1430,23.1,46.6,-23.5,
39,925,,20.99,21.64,1.031,21.64,1385,21.0,46.0,-25.0,
39,926,,21.45,22.02,1.027,22.02,1416,21.0,47.7,-26.6,
39,931,,26.45,27.29,1.032,27.29,1746,25.9,71.0,-45.0,
39,932,,26.29,27.08,1.030,27.08,1735,23.9,68.6,-44.8,
39,933,,26.90,27.74,1.031,27.74,1776,24.8,68.6,-43.7,
39,934,,26.99,27.86,1.032,27.86,1781,25.4,68.6,-43.1,
39,935,,28.27,29.03,1.027,29.03,1866,25.1,72.0,-46.7,
39,942,27.11,26.51,27.65,1.043,28.28,1749,29.4,55.6,-26.1,
39,946,,21.49,22.23,1.035,22.23,1418,20.9,56.5,-35.5,
39,GATE,22.42,22.26,21.42,0.962,21.57,1469,4.0,68.4,-64.4,
40,1,11.67,11.89,11.23,0.944,11.02,785,1.2,26.0,-24.8,
40,2,11.87,12.14,11.52,0.949,11.26,801,1.2,23.7,-22.5,
40,3,13.12,13.07,12.47,0.954,12.52,863,1.7,23.8,-22.1,
40,4,12.82,13.13,12.44,0.947,12.15,867,1.7,26.0,-24.3,
40,5,11.80,12.40,12.35,0.996,11.76,818,9.1,28.7,-19.5,
40,6,13.20,13.79,13.74,0.996,13.15,910,10.1,24.4,-14.3,
40,7,11.74,12.60,12.72,1.010,11.86,832,10.3,21.1,-10.8,
40,8,11.87,12.69,12.65,0.996,11.83,838,9.1,28.7,-19.5,
40,9,11.79,12.58,12.70,1.010,11.90,830,10.3,21.1,-10.8,
40,10,12.82,13.77,14.03,1.019,13.06,909,14.7,18.1,-3.3,
40,10-1,12.98,13.93,14.18,1.018,13.22,919,14.7,18.1,-3.3,
40,11,11.97,13.01,13.07,1.005,12.03,859,12.3,21.1,-8.8,
40,12,10.82,11.77,11.92,1.013,10.96,777,12.3,15.7,-3.4,
40,13,9.22,10.17,10.43,1.026,9.45,671,12.1,12.5,-0.4,
40,14,13.73,14.33,14.39,1.004,13.79,946,11.0,23.1,-12.1,
40,15,15.60,15.60,14.97,0.960,14.97,1030,1.9,41.9,-40.0,
40,15-1,16.27,17.40,16.84,0.968,15.75,1148,5.1,45.5,-40.4,
40,16,17.44,17.54,16.86,0.961,16.77,1158,3.3,45.9,-42.6,
40,16-1,16.82,16.82,16.05,0.955,16.05,1110,1.9,45.8,-43.9,
40,17,17.06,17.06,16.70,0.979,16.70,1126,6.6,38.6,-32.0,
40,18,4.95,5.95,6.42,1.080,5.35,392,11.8,8.1,+3.6,
40,19,3.86,4.81,5.57,1.158,4.47,317,14.4,6.8,+7.6,
40,20,7.57,8.52,8.72,1.024,7.75,562,9.9,11.1,-1.2,
40,21,6.00,6.95,7.56,1.088,6.53,459,13.3,17.2,-3.8,
40,22,6.36,6.36,5.98,0.940,5.98,420,0.1,20.9,-20.7,
40,24,10.64,10.71,10.10,0.943,10.04,707,0.4,33.5,-33.1,
40,25,9.58,9.58,8.98,0.937,8.98,632,0.1,30.4,-30.3,
40,25-1,11.09,10.84,10.22,0.943,10.46,715,0.0,33.1,-33.1,
40,26,10.19,9.65,9.16,0.949,9.66,637,0.4,30.1,-29.7,
40,27,7.65,7.65,7.22,0.943,7.22,505,0.1,23.7,-23.5,
40,28,7.02,6.95,6.59,0.948,6.65,459,0.1,22.2,-22.1,
40,29,8.99,9.14,10.55,1.154,10.38,603,23.8,4.7,+19.1,
40,30,3.93,3.93,3.74,0.951,3.74,259,0.1,12.2,-12.1,
40,31,5.90,6.01,5.71,0.950,5.60,397,0.0,18.6,-18.6,
40,32,4.96,4.96,4.73,0.955,4.73,327,0.0,17.0,-17.0,
40,32-1,4.50,4.50,4.28,0.950,4.27,297,0.0,17.0,-17.0,
40,33,3.82,3.82,3.62,0.949,3.62,252,0.1,12.2,-12.1,
40,34,3.13,4.10,3.90,0.952,2.98,270,0.1,12.3,-12.2,
40,35,3.66,4.72,4.94,1.047,3.83,311,7.1,11.5,-4.3,
40,36,2.28,2.28,2.09,0.920,2.09,150,0.0,6.9,-6.8,
40,37,2.26,2.26,2.08,0.920,2.08,149,0.0,6.9,-6.8,
40,38,2.17,1.94,1.77,0.911,1.97,128,0.0,6.7,-6.7,
40,39,0.17,0.23,0.20,0.868,0.15,15,0.0,0.6,-0.6,
40,43,5.71,6.47,6.54,1.012,5.78,427,6.5,17.5,-10.9,
40,43-1,4.61,4.95,4.64,0.936,4.32,327,0.1,14.8,-14.5,
40,43-2,5.20,5.76,5.79,1.006,5.24,380,5.4,16.1,-10.9,
40,44-1,2.41,3.35,3.55,1.059,2.55,221,6.1,6.8,-0.7,
40,49,17.92,18.14,18.57,1.024,18.34,1197,14.7,32.3,-17.6,
40,50,16.56,16.56,16.35,0.988,16.35,1093,7.8,36.2,-28.4,
40,51,17.96,17.96,17.93,0.998,17.93,1185,10.5,40.8,-30.4,
40,52,18.04,18.04,17.99,0.997,17.99,1191,10.4,36.2,-25.8,
40,52-1,18.73,18.86,18.81,0.997,18.68,1245,11.4,38.5,-27.1,
40,52-2,19.25,19.25,19.21,0.998,19.21,1271,11.5,38.5,-27.0,
40,53,17.54,17.76,18.16,1.023,17.94,1172,14.4,32.5,-18.0,
40,54,16.43,16.73,17.03,1.018,16.72,1104,12.4,32.0,-19.6,
40,55,16.69,16.48,16.24,0.986,16.45,1088,7.3,36.2,-28.9,
40,56,6.02,6.44,6.05,0.939,5.65,425,0.8,18.6,-17.8,
40,57,22.09,22.10,22.55,1.020,22.53,1459,17.6,52.7,-35.0,
40,57-1,21.10,21.10,21.39,1.014,21.39,1393,17.8,43.0,-25.2,
40,58,21.50,21.50,21.20,0.986,21.20,1419,9.2,50.3,-41.0,
40,59,21.26,21.26,21.78,1.024,21.77,1403,17.6,51.2,-33.4,
40,59-1,22.18,22.18,22.72,1.024,22.72,1464,17.6,57.6,-39.8,
40,61,10.53,11.13,11.09,0.996,10.49,735,8.6,23.3,-14.6,
40,62,9.86,11.50,11.33,0.985,9.72,759,5.7,33.6,-28.1,
40,64,18.26,18.26,16.63,0.911,16.63,1205,0.6,58.1,-57.4,
40,66,10.37,10.56,12.36,1.170,12.14,697,29.7,0.1,+29.6,
40,71,26.90,26.69,26.74,1.002,26.95,1761,17.0,57.5,-40.4,
40,71-1,25.28,26.69,26.74,1.002,25.33,1761,17.0,57.5,-40.4,
40,73,14.97,14.97,14.24,0.951,14.24,988,0.7,40.6,-39.9,
40,74,15.09,15.09,15.19,1.006,15.19,996,11.1,35.0,-24.0,
40,75,5.31,5.31,5.43,1.023,5.43,350,1.5,18.8,-17.3,
40,75-1,6.48,6.48,6.09,0.940,6.09,428,0.0,22.3,-22.2,
40,80,31.25,31.25,32.58,1.042,32.58,2063,38.4,58.3,-20.0,
40,81,25.71,25.71,25.99,1.011,26.00,1697,19.9,46.5,-26.6,
40,82,16.65,16.87,18.10,1.073,17.87,1113,22.4,30.6,-8.2,
40,83,18.18,18.17,17.96,0.988,17.96,1199,9.0,41.0,-32.0,
40,84,15.88,15.51,15.20,0.980,15.56,1024,5.6,35.7,-30.1,
40,85,26.84,26.86,27.27,1.015,27.24,1773,22.0,46.5,-24.5,
40,85-1,31.87,32.17,33.45,1.040,33.13,2123,38.0,58.8,-20.8,
40,86,30.56,30.87,32.12,1.040,31.79,2038,36.1,58.3,-22.2,
40,101,18.23,18.23,17.49,0.959,17.49,1203,1.9,48.9,-47.0,
40,103,15.64,15.64,14.85,0.950,14.85,1032,0.7,42.7,-42.0,
40,105-2,4.55,4.94,6.03,1.220,5.56,326,17.7,3.2,+14.8,
40,129,7.62,7.63,7.20,0.944,7.20,503,0.0,25.9,-25.9,
40,132,5.86,6.28,7.44,1.185,6.94,415,18.9,0.2,+18.8,
40,135,0.70,2.84,3.17,1.118,0.78,187,3.4,10.1,-6.3,경로 다름
40,140,20.39,20.41,20.92,1.025,20.89,1347,21.2,39.1,-17.6,
40,140-1,20.39,20.41,20.92,1.025,20.89,1347,21.2,39.1,-17.6,
40,140-2,20.39,20.41,20.92,1.025,20.89,1347,21.2,39.1,-17.6,
40,142,8.74,9.80,11.79,1.203,10.51,647,34.3,8.9,+25.4,
40,143,7.23,8.18,8.70,1.064,7.69,540,13.6,8.9,+4.7,
40,152-1,24.65,24.41,24.07,0.986,24.30,1611,11.5,56.5,-45.0,
40,153,24.05,24.08,23.73,0.985,23.70,1589,11.2,54.5,-43.3,
40,200,6.96,6.99,6.64,0.950,6.61,461,0.0,23.0,-23.0,
40,201,6.91,7.16,6.78,0.947,6.54,472,0.0,24.4,-24.4,
40,203,8.95,8.95,8.38,0.937,8.38,591,0.0,32.0,-32.0,
40,207,19.34,19.63,19.59,0.998,19.30,1295,11.5,38.5,-27.0,
40,220,19.12,19.19,19.45,1.014,19.38,1266,16.5,39.4,-22.8,
40,221,21.22,21.41,21.83,1.020,21.64,1413,19.3,41.2,-21.9,
40,222,19.87,19.87,20.22,1.017,20.22,1311,17.9,41.3,-23.4,
40,223,23.93,23.96,24.83,1.036,24.80,1582,26.6,41.6,-15.1,
40,300,6.69,6.99,9.96,1.426,9.54,461,44.4,0.0,+44.4,
40,301,7.76,7.82,11.10,1.420,11.02,516,49.1,0.0,+49.1,
40,302,10.32,10.62,15.34,1.444,14.90,701,70.8,0.0,+70.6,
40,500,10.43,10.43,9.66,0.926,9.66,689,0.0,36.6,-36.6,
40,900,,19.67,20.63,1.049,20.63,1298,29.3,26.2,+3.0,
40,901,,19.48,20.48,1.051,20.48,1286,28.1,29.5,-1.3,
40,902,,18.91,19.83,1.049,19.83,1248,28.1,25.3,+2.8,
40,903,,18.19,20.02,1.100,20.02,1201,28.3,31.6,-3.3,
40,904,,17.87,19.73,1.104,19.73,1179,28.3,30.9,-2.6,
40,905,,18.52,20.28,1.095,20.28,1222,28.4,33.4,-5.0,
40,906,,20.02,21.17,1.057,21.17,1321,30.1,31.8,-2.0,
40,915,,23.78,24.80,1.043,24.80,1569,27.5,60.3,-32.4,
40,916,,24.92,26.01,1.044,26.01,1645,29.5,61.7,-32.0,
40,917,,25.74,26.96,1.048,26.96,1699,29.6,67.7,-37.9,
40,918,,18.76,21.15,1.128,21.15,1238,35.0,30.8,+3.6,
40,919,19.78,20.73,21.80,1.052,20.80,1368,27.5,39.5,-12.0,
40,921,,22.41,23.44,1.046,23.44,1479,27.7,49.1,-21.4,
40,922,,22.93,24.12,1.052,24.12,1514,29.6,46.4,-17.0,
40,923,,23.42,24.64,1.052,24.64,1546,30.8,49.1,-18.2,
40,924,,23.40,24.50,1.047,24.50,1544,29.6,50.1,-20.5,
40,925,,22.72,23.72,1.044,23.72,1499,27.5,49.5,-22.0,
40,926,,23.17,24.11,1.040,24.11,1529,27.6,51.3,-23.6,
40,931,,28.18,29.38,1.043,29.38,1860,32.5,74.5,-42.0,
40,932,,28.02,29.17,1.041,29.17,1849,30.5,72.1,-41.8,
40,933,,28.63,29.83,1.042,29.83,1889,31.4,72.2,-40.7,
40,934,,28.71,29.95,1.043,29.95,1895,32.0,72.2,-40.1,
40,935,,29.99,31.12,1.038,31.12,1980,31.7,75.5,-43.7,
40,942,27.17,28.23,29.74,1.053,28.63,1863,36.0,59.1,-23.1,
40,946,,23.21,24.32,1.048,24.32,1532,27.5,60.0,-32.5,
40,GATE,22.26,22.25,20.45,0.919,20.46,1468,1.2,62.6,-61.4,
43,1,6.00,6.00,6.04,1.006,6.04,396,2.2,15.4,-13.2,
43,2,6.20,6.25,6.28,1.006,6.23,412,2.2,13.1,-10.9,
43,3,7.44,7.18,7.24,1.009,7.51,474,2.7,13.1,-10.5,
43,4,7.15,7.24,7.20,0.995,7.12,478,2.7,15.4,-12.7,
43,5,6.13,6.13,6.03,0.985,6.03,404,2.7,10.6,-7.9,
43,6,7.53,7.53,7.43,0.987,7.43,497,3.7,6.4,-2.7,
43,7,6.07,6.33,6.41,1.012,6.14,418,3.9,3.0,+0.8,
43,8,6.20,6.43,6.33,0.985,6.11,424,2.7,10.6,-7.9,
43,9,6.31,6.32,6.39,1.012,6.38,417,3.9,3.0,+0.8,
43,10,7.81,8.09,8.40,1.038,8.11,534,8.8,6.4,+2.4,
43,10-1,8.24,8.24,8.55,1.037,8.55,544,8.8,6.4,+2.4,
43,11,6.54,6.62,6.51,0.983,6.43,437,2.5,5.5,-3.0,
43,12,5.93,5.99,5.94,0.993,5.89,395,2.5,3.7,-1.2,
43,13,4.04,4.04,4.05,1.004,4.05,267,2.3,2.4,-0.0,
43,14,8.06,8.06,8.07,1.001,8.07,532,4.6,5.0,-0.5,
43,15,10.02,10.02,10.07,1.005,10.07,661,2.3,30.8,-28.4,
43,15-1,10.70,11.82,11.94,1.010,10.81,780,5.5,34.3,-28.8,
43,16,11.87,11.96,11.96,1.000,11.87,789,3.8,34.8,-31.0,
43,16-1,11.24,11.24,11.15,0.993,11.16,742,2.3,34.6,-32.3,
43,17,11.48,11.48,11.80,1.027,11.80,758,7.0,27.4,-20.4,
43,18,1.82,2.06,2.37,1.148,2.09,136,5.0,0.2,+4.9,
43,19,2.62,2.69,2.91,1.082,2.83,178,5.0,2.0,+3.0,
43,20,2.33,2.33,2.34,1.002,2.34,154,0.6,0.5,+0.1,
43,21,0.67,0.69,0.69,0.997,0.67,46,0.0,0.0,-0.0,
43,22,1.91,2.07,2.21,1.066,2.04,137,0.6,10.3,-9.8,
43,24,5.53,5.60,5.75,1.027,5.68,370,1.0,22.6,-21.5,
43,25,5.05,5.05,5.22,1.035,5.22,333,1.0,22.1,-21.1,
43,25-1,5.98,5.98,6.13,1.025,6.13,395,1.0,22.5,-21.5,
43,26,5.07,4.54,4.80,1.059,5.37,300,1.0,19.1,-18.1,
43,27,3.20,3.36,3.45,1.025,3.28,222,0.6,13.1,-12.6,
43,28,2.57,2.67,2.82,1.058,2.72,176,0.6,11.7,-11.2,
43,29,5.18,5.36,7.53,1.404,7.27,354,32.2,0.0,+32.2,
43,30,1.76,1.96,2.11,1.079,1.90,129,0.6,6.6,-6.1,
43,31,2.48,2.59,2.75,1.064,2.63,171,0.6,11.5,-11.0,
43,32,6.13,6.29,6.69,1.063,6.51,415,7.3,14.9,-7.7,
43,32-1,4.90,6.23,6.63,1.064,5.21,411,7.3,14.9,-7.7,
43,33,3.07,3.25,3.68,1.133,3.48,214,5.2,6.4,-1.2,
43,34,2.52,2.71,3.14,1.159,2.91,179,5.2,6.4,-1.3,
43,35,0.86,0.90,1.03,1.148,0.98,59,2.2,0.0,+2.2,
43,36,3.10,3.26,3.75,1.148,3.56,215,8.3,2.9,+5.6,
43,37,3.00,3.25,3.68,1.133,3.39,214,5.2,6.4,-1.2,
43,38,4.51,4.67,5.40,1.156,5.21,308,10.0,6.5,+3.4,
43,39,5.65,5.09,6.02,1.182,6.67,336,15.8,1.8,+13.9,
43,40,5.71,6.47,7.65,1.182,6.75,427,17.5,6.5,+10.9,
43,43-1,0.96,1.13,1.20,1.066,1.03,74,1.4,0.1,+1.2,
43,43-2,0.55,0.71,0.72,1.014,0.55,47,0.6,0.4,+0.1,
43,44-1,3.36,3.56,4.06,1.138,3.82,235,8.9,2.0,+6.7,
43,49,12.25,12.25,13.33,1.088,13.33,808,15.7,21.7,-6.0,
43,50,10.98,10.98,11.45,1.043,11.45,725,8.3,25.1,-16.8,
43,51,12.38,12.38,13.03,1.052,13.03,817,10.9,29.6,-18.8,
43,52,12.47,12.46,13.09,1.050,13.09,823,10.9,25.1,-14.2,
43,52-1,13.15,13.28,13.91,1.048,13.78,877,11.8,27.4,-15.6,
43,52-2,13.67,13.67,14.31,1.047,14.31,902,11.9,27.3,-15.4,
43,53,11.87,11.87,12.93,1.089,12.93,783,15.4,21.8,-6.5,
43,54,10.75,10.83,11.79,1.089,11.71,715,13.4,21.4,-8.0,
43,55,11.02,10.90,11.34,1.040,11.46,720,7.7,25.1,-17.3,
43,56,0.51,0.51,0.51,1.000,0.51,34,0.0,0.0,+0.0,
43,57,16.51,16.53,17.65,1.068,17.64,1091,18.0,41.5,-23.5,
43,57-1,15.52,15.52,16.49,1.062,16.49,1025,18.2,31.9,-13.6,
43,58,15.92,15.92,16.30,1.024,16.30,1051,9.7,39.1,-29.4,
43,59,15.68,15.68,16.88,1.076,16.88,1035,18.0,40.0,-21.8,
43,59-1,16.60,16.60,17.83,1.074,17.83,1096,18.0,46.5,-28.2,
43,61,4.86,4.87,4.77,0.981,4.77,321,2.2,5.2,-3.0,
43,62,4.29,5.92,6.43,1.086,4.65,391,6.1,22.4,-16.5,경로 다름
43,64,13.37,13.37,12.86,0.962,12.86,882,1.6,47.4,-45.8,
43,66,10.35,10.48,13.68,1.305,13.51,691,49.9,6.2,+43.8,
43,71,21.32,21.11,21.84,1.035,22.06,1393,17.5,46.3,-28.9,
43,71-1,19.71,21.11,21.84,1.035,20.39,1393,17.5,46.3,-28.9,
43,73,9.39,9.39,9.34,0.995,9.34,620,1.2,29.5,-28.3,
43,74,9.52,9.52,10.29,1.081,10.29,628,11.6,23.8,-12.4,
43,75,6.07,6.27,6.56,1.046,6.35,414,5.6,14.9,-9.4,
43,75-1,5.92,6.18,6.17,0.999,5.91,408,2.3,18.3,-16.0,
43,80,25.67,25.67,27.68,1.078,27.68,1694,38.9,47.2,-8.4,
43,81,20.13,20.13,21.10,1.048,21.10,1329,20.3,35.3,-15.0,
43,82,10.98,10.97,12.87,1.173,12.87,724,23.3,19.9,+3.3,
43,83,12.60,12.60,13.06,1.037,13.06,831,9.4,29.8,-20.4,
43,84,10.30,9.94,10.30,1.037,10.69,656,6.1,24.5,-18.5,
43,85,21.26,21.28,22.37,1.051,22.34,1405,22.5,35.3,-12.9,
43,85-1,26.29,26.59,28.55,1.074,28.22,1755,38.4,47.6,-9.2,
43,86,24.98,25.29,27.22,1.076,26.88,1669,36.6,47.2,-10.6,
43,101,12.65,12.65,12.59,0.995,12.59,835,2.3,37.7,-35.4,
43,103,10.06,10.06,9.96,0.989,9.96,664,1.1,31.5,-30.4,
43,105-2,9.58,9.84,12.34,1.254,12.02,649,40.7,4.9,+36.1,
43,129,3.49,3.71,3.77,1.016,3.55,245,0.6,13.6,-13.1,
43,132,7.35,7.39,9.59,1.298,9.54,488,34.1,2.0,+32.2,
43,135,5.38,5.23,6.17,1.179,6.34,345,16.1,1.8,+14.2,
43,140,14.81,14.83,16.02,1.080,15.99,979,21.6,28.0,-6.0,
43,140-1,14.81,14.83,16.02,1.080,15.99,979,21.6,28.0,-6.0,
43,140-2,14.81,14.83,16.02,1.080,15.99,979,21.6,28.0,-6.0,
43,142,4.49,4.64,6.62,1.427,6.40,306,29.2,0.0,+29.2,
43,143,2.72,2.76,3.28,1.189,3.23,182,8.6,0.2,+8.5,
43,152-1,19.07,18.84,19.17,1.018,19.41,1243,11.9,45.3,-33.4,
43,153,18.47,18.50,18.83,1.018,18.80,1221,11.7,43.4,-31.7,
43,200,4.17,4.40,4.38,0.994,4.14,291,0.6,15.5,-15.0,
43,201,5.27,5.43,5.48,1.010,5.32,359,2.2,15.7,-13.5,
43,203,5.72,5.88,5.72,0.972,5.56,388,0.6,21.6,-21.1,
43,207,13.76,14.05,14.69,1.045,14.39,927,11.9,27.3,-15.4,
43,220,13.54,13.61,14.56,1.070,14.48,898,17.0,28.3,-11.2,
43,221,15.65,15.83,16.93,1.070,16.73,1045,19.7,30.1,-10.4,
43,222,14.29,14.29,15.32,1.072,15.32,943,18.4,30.1,-11.8,
43,223,18.36,18.39,19.93,1.084,19.90,1213,27.0,30.5,-3.6,
43,300,11.81,12.16,16.55,1.361,16.07,803,67.6,1.8,+65.7,
43,301,12.87,12.99,17.69,1.362,17.53,858,72.3,1.8,+70.4,
43,302,15.43,15.80,21.93,1.388,21.43,1043,93.9,1.8,+91.9,
43,500,7.20,7.36,7.00,0.950,6.84,486,0.6,26.2,-25.7,
43,900,,13.99,15.00,1.073,15.00,923,23.4,14.5,+8.8,
43,901,,13.80,14.85,1.076,14.85,911,22.2,17.8,+4.4,
43,902,,13.23,14.19,1.073,14.19,873,22.1,13.6,+8.6,
43,903,,13.67,14.82,1.085,14.82,902,24.5,11.6,+12.9,
43,904,,13.34,14.54,1.089,14.54,881,24.5,10.9,+13.6,
43,905,,14.84,16.82,1.134,16.82,979,30.2,19.0,+11.2,
43,906,,14.33,15.54,1.084,15.54,946,24.2,20.0,+3.8,
43,915,,18.10,19.17,1.060,19.17,1194,21.6,48.6,-26.6,
43,916,,19.24,20.38,1.060,20.38,1270,23.5,50.0,-26.2,
43,917,,20.05,21.33,1.064,21.33,1324,23.7,56.0,-32.1,
43,918,,15.08,17.69,1.173,17.69,995,36.8,16.5,+19.8,
43,919,15.05,15.05,16.17,1.074,16.17,993,21.6,27.8,-6.2,
43,921,,16.72,17.81,1.065,17.81,1104,21.7,37.4,-15.6,
43,922,,17.25,18.49,1.072,18.49,1139,23.7,34.7,-11.2,
43,923,,17.74,19.01,1.072,19.01,1171,24.9,37.4,-12.4,
43,924,,17.71,18.87,1.065,18.87,1169,23.7,38.4,-14.7,
43,925,,17.03,18.09,1.062,18.09,1124,21.6,37.8,-16.2,
43,926,,17.49,18.48,1.057,18.48,1154,21.6,39.5,-17.8,
43,931,,22.49,23.75,1.056,23.75,1485,26.6,62.8,-36.2,
43,932,,22.34,23.54,1.054,23.54,1474,24.5,60.4,-36.0,
43,933,,22.95,24.20,1.055,24.20,1514,25.4,60.4,-34.9,
43,934,,23.03,24.32,1.056,24.32,1520,26.0,60.4,-34.3,
43,935,,24.31,25.49,1.048,25.49,1605,25.8,63.8,-37.9,
43,942,22.44,22.55,24.11,1.069,23.99,1488,30.0,47.3,-17.3,
43,946,,17.53,18.69,1.066,18.69,1157,21.6,48.3,-26.7,
43,GATE,17.37,17.36,16.67,0.960,16.68,1146,2.2,52.0,-49.8,
43-1,1,6.93,6.93,6.87,0.991,6.87,457,2.2,17.4,-15.1,
43-1,2,7.12,7.17,7.11,0.992,7.06,473,2.2,15.1,-12.8,
43-1,3,8.37,8.10,8.07,0.996,8.33,535,2.8,15.1,-12.3,
43-1,4,8.07,8.16,8.03,0.984,7.95,539,2.7,17.4,-14.6,
43-1,5,7.05,7.05,6.86,0.973,6.86,466,2.7,12.6,-9.8,
43-1,6,8.45,8.45,8.26,0.977,8.26,558,3.7,8.4,-4.6,
43-1,7,7.00,7.26,7.24,0.997,6.98,479,3.9,5.0,-1.0,
43-1,8,7.12,7.35,7.16,0.974,6.94,485,2.7,12.6,-9.8,
43-1,9,7.24,7.24,7.22,0.997,7.21,478,3.9,5.0,-1.0,
43-1,10,8.66,8.66,9.12,1.053,9.12,572,12.2,8.5,+3.7,
43-1,10-1,8.82,8.82,9.27,1.052,9.27,582,12.2,8.5,+3.7,
43-1,11,7.51,7.60,7.63,1.005,7.55,501,5.7,7.4,-1.7,
43-1,12,6.66,6.66,7.01,1.053,7.01,440,9.8,6.1,+3.6,
43-1,13,5.01,5.02,5.18,1.033,5.18,331,5.5,4.3,+1.3,
43-1,14,8.99,8.99,8.90,0.991,8.90,593,4.6,7.0,-2.3,
43-1,15,10.83,10.84,10.58,0.976,10.57,715,1.8,24.8,-23.0,
43-1,15-1,11.50,12.64,12.45,0.985,11.33,834,5.0,28.3,-23.3,
43-1,16,12.67,12.78,12.47,0.976,12.37,843,3.3,28.8,-25.6,
43-1,16-1,12.05,12.06,11.66,0.967,11.65,796,1.8,28.7,-26.8,
43-1,17,12.29,12.30,12.30,1.000,12.29,812,6.5,21.4,-14.9,
43-1,18,2.16,2.37,2.90,1.226,2.65,156,8.3,0.2,+8.2,
43-1,19,2.52,2.53,3.34,1.323,3.33,167,12.6,0.0,+12.5,
43-1,20,3.31,3.31,3.46,1.046,3.46,218,3.7,2.4,+1.3,
43-1,21,1.40,1.40,1.60,1.149,1.60,92,3.5,0.2,+3.3,
43-1,22,1.59,1.60,1.58,0.992,1.58,105,0.1,3.7,-3.7,
43-1,24,5.87,5.95,5.71,0.959,5.63,393,0.4,16.4,-16.0,
43-1,25,4.81,4.82,4.59,0.952,4.58,318,0.1,13.3,-13.2,
43-1,25-1,6.32,6.33,6.09,0.962,6.08,418,0.4,16.4,-16.0,
43-1,26,5.42,4.89,4.76,0.974,5.28,323,0.3,13.0,-12.6,
43-1,27,2.88,2.89,2.82,0.977,2.81,191,0.1,6.5,-6.5,
43-1,28,2.25,2.19,2.20,1.002,2.25,145,0.1,5.1,-5.0,
43-1,29,5.53,5.67,8.06,1.422,7.86,374,35.5,0.0,+35.5,
43-1,30,1.10,1.12,1.12,1.000,1.10,74,0.0,0.0,-0.0,
43-1,31,2.15,2.11,2.13,1.007,2.17,139,0.1,4.9,-4.9,
43-1,32,5.80,5.81,6.06,1.043,6.05,384,6.8,8.3,-1.5,
43-1,32-1,4.57,5.44,5.86,1.077,4.93,359,7.5,9.9,-2.5,
43-1,33,2.38,1.74,1.88,1.082,2.58,115,2.5,0.0,+2.4,
43-1,34,0.95,1.20,1.34,1.118,1.06,79,2.5,0.0,+2.4,
43-1,35,1.20,1.20,1.56,1.298,1.56,80,5.5,0.0,+5.4,
43-1,36,2.00,2.01,2.43,1.209,2.41,132,7.0,2.7,+4.5,
43-1,37,2.31,1.74,1.88,1.082,2.49,115,2.5,0.0,+2.4,
43-1,38,3.81,3.16,3.59,1.139,4.33,208,7.3,0.1,+7.1,
43-1,39,4.55,3.84,4.70,1.225,5.57,253,14.5,1.6,+12.8,
43-1,40,4.61,4.95,5.84,1.179,5.44,327,14.8,0.1,+14.5,
43-1,43,0.96,1.13,1.06,0.940,0.91,74,0.1,1.4,-1.2,
43-1,43-2,0.46,0.46,0.46,1.000,0.46,30,0.0,0.0,+0.0,
43-1,44-1,2.26,2.31,2.73,1.185,2.68,152,7.5,1.8,+5.6,
43-1,49,13.17,13.18,14.16,1.075,14.16,870,15.7,23.7,-7.9,
43-1,50,11.79,11.79,11.96,1.014,11.95,778,7.8,19.1,-11.3,
43-1,51,13.19,13.20,13.53,1.025,13.52,871,10.4,23.6,-13.3,
43-1,52,13.27,13.28,13.59,1.023,13.59,877,10.4,19.1,-8.7,
43-1,52-1,13.96,14.10,14.42,1.023,14.28,930,11.3,21.4,-10.1,
43-1,52-2,14.48,14.49,14.82,1.023,14.81,956,11.4,21.4,-9.9,
43-1,53,12.80,12.80,13.76,1.075,13.76,845,15.4,23.8,-8.3,
43-1,54,11.68,11.76,12.62,1.073,12.54,776,13.4,23.4,-9.9,
43-1,55,11.94,11.72,11.85,1.011,12.07,773,7.2,19.1,-11.9,
43-1,56,1.27,1.27,1.21,0.950,1.21,84,0.1,1.3,-1.2,
43-1,57,17.32,17.34,18.16,1.047,18.13,1145,17.5,35.5,-18.0,
43-1,57-1,16.33,16.34,16.99,1.040,16.98,1078,17.7,25.9,-8.2,
43-1,58,16.73,16.74,16.81,1.004,16.80,1105,9.2,33.1,-23.9,
43-1,59,16.48,16.50,17.39,1.054,17.37,1089,17.5,34.1,-16.3,
43-1,59-1,17.41,17.42,18.33,1.052,18.32,1150,17.5,40.5,-22.7,
43-1,61,5.78,5.79,5.60,0.967,5.59,382,2.2,7.2,-4.9,
43-1,62,5.09,6.74,6.93,1.029,5.24,445,5.6,16.4,-11.0,경로 다름
43-1,64,14.18,14.19,13.37,0.942,13.36,936,1.1,41.5,-40.3,
43-1,66,10.69,10.78,14.21,1.318,14.09,712,53.2,6.2,+47.0,
43-1,71,22.13,21.93,22.34,1.019,22.55,1447,17.0,40.3,-23.4,
43-1,71-1,20.51,21.93,22.34,1.019,20.90,1447,17.0,40.3,-23.4,
43-1,73,10.20,10.21,9.85,0.965,9.84,674,0.7,23.5,-22.8,
43-1,74,10.32,10.33,10.79,1.045,10.78,682,11.1,17.9,-7.0,
43-1,75,5.75,5.80,5.94,1.024,5.89,383,5.1,8.4,-3.3,
43-1,75-1,5.60,5.70,5.54,0.973,5.44,376,1.8,11.7,-9.9,
43-1,80,26.48,26.49,28.18,1.064,28.17,1748,38.4,41.2,-2.9,
43-1,81,20.94,20.95,21.60,1.031,21.59,1383,19.8,29.4,-9.6,
43-1,82,11.90,11.90,13.70,1.151,13.70,785,23.4,21.9,+1.5,
43-1,83,13.41,13.41,13.56,1.011,13.56,885,8.9,23.8,-14.9,
43-1,84,11.11,10.75,10.81,1.005,11.17,710,5.5,18.5,-13.1,
43-1,85,22.07,22.10,22.87,1.035,22.84,1459,22.0,29.4,-7.4,
43-1,85-1,27.10,27.41,29.05,1.060,28.72,1809,37.9,41.6,-3.7,
43-1,86,25.79,26.11,27.73,1.062,27.38,1723,36.1,41.2,-5.1,
43-1,101,13.46,13.47,13.09,0.972,13.08,889,1.8,31.8,-29.9,
43-1,103,10.87,10.88,10.46,0.962,10.45,718,0.6,25.5,-24.9,
43-1,105-2,8.48,8.58,11.01,1.284,10.89,566,39.4,4.7,+35.0,
43-1,129,3.17,3.24,3.15,0.972,3.08,214,0.1,7.1,-7.0,
43-1,132,7.70,7.70,10.12,1.315,10.12,508,37.4,2.0,+35.5,
43-1,135,4.28,3.98,4.85,1.220,5.22,263,14.7,1.6,+13.1,
43-1,140,15.62,15.65,16.52,1.056,16.49,1033,21.1,22.0,-0.5,
43-1,140-1,15.62,15.65,16.52,1.056,16.49,1033,21.1,22.0,-0.5,
43-1,140-2,15.62,15.65,16.52,1.056,16.49,1033,21.1,22.0,-0.5,
43-1,142,4.83,4.95,7.15,1.446,6.99,326,32.5,0.0,+32.5,
43-1,143,3.07,3.07,3.82,1.244,3.82,203,11.9,0.2,+11.8,
43-1,152-1,19.88,19.65,19.68,1.001,19.90,1297,11.4,39.4,-28.0,
43-1,153,19.28,19.32,19.33,1.001,19.30,1275,11.2,37.4,-26.2,
43-1,200,3.84,3.93,3.75,0.955,3.67,259,0.1,8.9,-8.8,
43-1,201,4.94,4.96,4.86,0.980,4.85,327,1.7,9.1,-7.4,
43-1,203,5.39,5.40,5.09,0.942,5.08,357,0.1,15.0,-14.9,
43-1,207,14.57,14.87,15.19,1.022,14.89,981,11.4,21.4,-9.9,
43-1,220,14.35,14.42,15.06,1.044,14.98,952,16.5,22.3,-5.7,
43-1,221,16.45,16.64,17.43,1.047,17.23,1098,19.2,24.1,-4.9,
43-1,222,15.10,15.11,15.82,1.047,15.81,997,17.8,24.1,-6.3,
43-1,223,19.16,19.20,20.44,1.064,20.39,1267,26.5,24.5,+1.9,
43-1,300,10.71,10.91,15.23,1.397,14.96,720,66.3,1.6,+64.6,
43-1,301,11.78,11.74,16.37,1.395,16.42,775,70.9,1.6,+69.3,
43-1,302,14.34,14.54,20.61,1.417,20.32,960,92.6,1.6,+90.9,
43-1,500,6.88,6.89,6.37,0.925,6.36,454,0.1,19.6,-19.6,
43-1,900,,14.56,15.72,1.080,15.72,961,26.8,16.6,+10.1,
43-1,901,,14.37,15.57,1.084,15.57,948,25.6,19.9,+5.7,
43-1,902,,13.80,14.92,1.081,14.92,911,25.5,15.7,+9.8,
43-1,903,,14.24,15.55,1.092,15.55,940,27.8,13.7,+14.1,
43-1,904,,13.92,15.26,1.096,15.26,918,27.9,13.0,+14.9,
43-1,905,,15.41,17.54,1.138,17.54,1017,33.6,21.1,+12.5,
43-1,906,,14.91,16.26,1.090,16.26,984,27.6,22.1,+5.1,
43-1,915,,18.67,19.90,1.066,19.90,1232,25.0,50.7,-25.4,
43-1,916,,19.81,21.10,1.065,21.10,1307,26.9,52.1,-25.0,
43-1,917,,20.63,22.05,1.069,22.05,1361,27.1,58.1,-30.8,
43-1,918,,15.65,18.41,1.176,18.41,1033,40.2,18.6,+21.1,
43-1,919,15.62,15.62,16.89,1.081,16.89,1031,25.0,29.9,-4.9,
43-1,921,,17.30,18.53,1.071,18.53,1142,25.1,39.5,-14.3,
43-1,922,,17.82,19.21,1.078,19.21,1176,27.1,36.8,-9.9,
43-1,923,,18.31,19.73,1.077,19.73,1209,28.3,39.5,-11.1,
43-1,924,,18.29,19.59,1.072,19.59,1207,27.1,40.5,-13.4,
43-1,925,,17.61,18.81,1.068,18.81,1162,25.0,39.9,-15.0,
43-1,926,,18.06,19.20,1.063,19.20,1192,25.0,41.6,-16.5,
43-1,931,,23.07,24.47,1.061,24.47,1522,29.9,64.9,-34.9,
43-1,932,,22.91,24.26,1.059,24.26,1512,27.9,62.5,-34.7,
43-1,933,,23.52,24.92,1.060,24.92,1552,28.8,62.5,-33.6,
43-1,934,,23.60,25.04,1.061,25.04,1558,29.4,62.5,-33.0,
43-1,935,,24.88,26.21,1.053,26.21,1642,29.2,65.9,-36.6,
43-1,942,23.01,23.12,24.83,1.074,24.71,1526,33.4,49.4,-16.0,
43-1,946,,18.10,19.41,1.072,19.41,1195,25.0,50.4,-25.4,
43-1,GATE,18.18,18.18,17.18,0.945,17.18,1200,1.7,46.0,-44.4,
43-2,1,6.51,6.51,6.51,1.001,6.51,430,2.6,16.5,-14.0,
43-2,2,6.71,6.76,6.76,1.000,6.71,446,2.6,14.2,-11.6,
43-2,3,7.95,7.69,7.71,1.004,7.98,507,3.1,14.3,-11.2,
43-2,4,7.66,7.75,7.68,0.991,7.59,511,3.1,16.5,-13.5,
43-2,5,6.64,6.64,6.51,0.981,6.51,438,3.1,11.8,-8.7,
43-2,6,8.04,8.04,7.90,0.984,7.90,530,4.1,7.6,-3.5,
43-2,7,6.58,6.84,6.88,1.006,6.62,451,4.3,4.2,+0.1,
43-2,8,6.71,6.93,6.81,0.982,6.58,458,3.1,11.8,-8.7,
43-2,9,6.82,6.82,6.86,1.006,6.86,450,4.3,4.2,+0.1,
43-2,10,8.32,8.68,8.82,1.017,8.46,573,7.6,6.2,+1.3,
43-2,10-1,8.91,8.93,9.58,1.073,9.57,589,14.5,7.1,+7.5,
43-2,11,7.22,7.30,7.54,1.032,7.45,482,8.2,6.2,+2.1,
43-2,12,6.61,6.67,6.97,1.045,6.91,440,8.2,4.4,+3.8,
43-2,13,4.72,4.72,5.08,1.076,5.08,312,8.1,3.1,+5.0,
43-2,14,8.57,8.57,8.55,0.997,8.55,566,5.0,6.2,-1.2,
43-2,15,10.47,10.53,10.55,1.001,10.48,695,2.8,31.9,-29.2,
43-2,15-1,11.14,12.33,12.42,1.007,11.22,814,5.9,35.5,-29.6,
43-2,16,12.31,12.47,12.44,0.997,12.28,823,4.2,35.9,-31.8,
43-2,16-1,11.69,11.75,11.63,0.990,11.57,775,2.8,35.8,-33.0,
43-2,17,11.93,11.99,12.27,1.023,12.21,791,7.4,28.6,-21.2,
43-2,18,2.26,2.95,3.65,1.237,2.80,195,11.0,0.2,+10.8,
43-2,19,3.06,3.11,3.92,1.261,3.86,205,12.6,0.1,+12.4,
43-2,20,3.01,3.02,3.36,1.116,3.36,199,6.3,1.2,+5.1,
43-2,21,1.49,1.92,2.27,1.181,1.76,127,6.2,1.1,+5.0,
43-2,22,1.23,1.37,1.52,1.110,1.36,90,0.0,9.4,-9.2,
43-2,24,5.51,5.72,5.64,0.986,5.43,378,0.3,22.0,-21.6,
43-2,25,4.45,4.59,4.52,0.985,4.38,303,0.0,18.9,-18.8,
43-2,25-1,5.96,6.10,6.02,0.987,5.88,403,0.3,22.0,-21.6,
43-2,26,5.06,4.66,4.69,1.007,5.09,308,0.3,18.6,-18.2,
43-2,27,2.52,2.66,2.75,1.037,2.61,175,0.0,12.1,-12.0,
43-2,28,1.88,1.96,2.13,1.086,2.04,129,0.0,10.7,-10.6,
43-2,29,5.63,6.25,8.81,1.409,7.93,413,38.1,0.0,+38.1,
43-2,30,1.10,1.25,1.41,1.134,1.25,82,0.0,5.6,-5.5,
43-2,31,1.79,1.88,2.06,1.094,1.96,124,0.0,10.6,-10.4,
43-2,32,5.44,5.58,5.99,1.074,5.84,368,6.8,14.0,-7.1,
43-2,32-1,4.21,5.52,5.93,1.075,4.52,364,6.8,14.0,-7.1,경로 다름
43-2,33,2.38,2.54,2.84,1.119,2.66,168,3.8,5.3,-1.2,
43-2,34,1.86,2.00,2.30,1.151,2.14,132,3.8,5.3,-1.2,
43-2,35,1.30,1.79,2.31,1.292,1.68,118,8.2,0.0,+8.1,
43-2,36,2.59,2.59,3.01,1.160,3.00,171,7.0,2.8,+4.4,
43-2,37,2.31,2.54,2.84,1.119,2.58,168,3.8,5.3,-1.2,
43-2,38,3.82,3.96,4.56,1.151,4.39,261,8.6,5.4,+3.5,
43-2,39,5.14,4.43,5.28,1.194,6.13,292,14.5,1.8,+12.7,
43-2,40,5.20,5.76,6.81,1.182,6.15,380,16.1,5.4,+10.9,
43-2,43,0.55,0.71,0.70,0.994,0.54,47,0.4,0.6,-0.1,
43-2,43-1,0.46,0.46,0.46,1.000,0.46,30,0.0,0.0,-0.0,
43-2,44-1,2.85,2.89,3.32,1.146,3.26,191,7.6,2.0,+5.5,
43-2,49,12.76,12.76,13.81,1.082,13.81,842,16.1,22.9,-6.8,
43-2,50,11.42,11.49,11.93,1.038,11.86,758,8.7,26.2,-17.5,
43-2,51,12.83,12.89,13.50,1.048,13.44,851,11.3,30.8,-19.6,
43-2,52,12.91,12.97,13.56,1.046,13.50,856,11.3,26.2,-14.9,
43-2,52-1,13.60,13.79,14.39,1.043,14.19,910,12.2,28.5,-16.3,
43-2,52-2,14.12,14.18,14.79,1.043,14.72,936,12.4,28.5,-16.2,
43-2,53,12.38,12.38,13.40,1.083,13.40,817,15.8,23.0,-7.2,
43-2,54,11.26,11.34,12.27,1.082,12.18,749,13.8,22.5,-8.8,
43-2,55,11.53,11.41,11.82,1.036,11.94,753,8.1,26.2,-18.1,
43-2,56,0.86,0.85,0.85,0.999,0.85,56,0.4,0.5,-0.1,
43-2,57,16.95,17.03,18.13,1.064,18.04,1124,18.4,42.7,-24.2,
43-2,57-1,15.97,16.03,16.96,1.058,16.90,1058,18.7,33.0,-14.4,
43-2,58,16.37,16.43,16.78,1.021,16.71,1084,10.1,40.3,-30.2,
43-2,59,16.12,16.19,17.36,1.072,17.28,1069,18.4,41.2,-22.5,
43-2,59-1,17.05,17.11,18.30,1.069,18.23,1129,18.4,47.6,-28.9,
43-2,61,5.36,5.37,5.25,0.977,5.24,355,2.6,6.4,-3.8,
43-2,62,4.73,6.43,6.90,1.074,5.08,424,6.5,23.6,-17.2,경로 다름
43-2,64,13.82,13.88,13.34,0.961,13.28,916,2.0,48.6,-46.6,
43-2,66,10.79,11.36,14.96,1.316,14.20,750,55.9,6.2,+49.7,
43-2,71,21.77,21.62,22.31,1.032,22.47,1427,17.9,47.5,-29.6,
43-2,71-1,20.15,21.62,22.31,1.032,20.80,1427,17.9,47.5,-29.6,
43-2,73,9.83,9.90,9.82,0.992,9.75,653,1.6,30.6,-29.0,
43-2,74,9.96,10.02,10.76,1.074,10.70,662,12.0,25.0,-13.2,
43-2,75,5.39,5.57,5.87,1.054,5.68,367,5.0,14.0,-8.8,
43-2,75-1,5.23,5.47,5.48,1.001,5.24,361,1.8,17.3,-15.5,
43-2,80,26.12,26.18,28.15,1.075,28.09,1728,39.3,48.3,-9.2,
43-2,81,20.58,20.64,21.57,1.045,21.51,1362,20.7,36.5,-15.8,
43-2,82,11.48,11.48,13.34,1.162,13.34,758,23.8,21.1,+2.6,
43-2,83,13.05,13.10,13.53,1.033,13.47,865,9.8,31.0,-21.2,
43-2,84,10.75,10.44,10.78,1.032,11.09,689,6.5,25.7,-19.3,
43-2,85,21.70,21.79,22.84,1.048,22.75,1438,22.9,36.5,-13.6,
43-2,85-1,26.73,27.10,29.02,1.071,28.63,1789,38.8,48.8,-9.9,
43-2,86,25.43,25.80,27.70,1.073,27.29,1703,37.0,48.3,-11.4,
43-2,101,13.10,13.16,13.06,0.993,13.00,869,2.8,38.9,-36.2,
43-2,103,10.51,10.57,10.43,0.987,10.37,698,1.5,32.7,-31.2,
43-2,105-2,9.07,9.17,11.60,1.265,11.48,605,39.5,4.8,+34.9,
43-2,129,2.81,3.01,3.08,1.024,2.88,198,0.0,12.7,-12.5,
43-2,132,7.79,8.28,10.87,1.313,10.23,546,40.1,2.0,+38.1,
43-2,135,4.87,4.57,5.44,1.190,5.80,301,14.8,1.8,+13.0,
43-2,140,15.25,15.34,16.49,1.075,16.40,1013,22.0,29.1,-6.8,
43-2,140-1,15.25,15.34,16.49,1.075,16.40,1013,22.0,29.1,-6.8,
43-2,140-2,15.25,15.34,16.49,1.075,16.40,1013,22.0,29.1,-6.8,
43-2,142,4.93,5.53,7.90,1.429,7.04,365,35.1,0.0,+35.1,
43-2,143,3.16,3.65,4.56,1.250,3.96,241,14.6,0.2,+14.4,
43-2,152-1,19.52,19.34,19.65,1.016,19.82,1277,12.3,46.5,-34.2,
43-2,153,18.92,19.01,19.31,1.016,19.21,1255,12.1,44.5,-32.5,
43-2,200,3.48,3.70,3.68,0.996,3.46,244,0.0,14.5,-14.4,
43-2,201,4.58,4.73,4.79,1.014,4.64,312,1.6,14.7,-12.9,
43-2,203,5.03,5.17,5.02,0.971,4.89,341,0.0,20.6,-20.5,
43-2,207,14.21,14.56,15.16,1.042,14.80,961,12.4,28.5,-16.2,
43-2,220,13.99,14.12,15.03,1.065,14.89,932,17.4,29.4,-11.9,
43-2,221,16.09,16.34,17.40,1.065,17.14,1078,20.1,31.2,-11.1,
43-2,222,14.74,14.80,15.79,1.067,15.73,977,18.8,31.3,-12.5,
43-2,223,18.80,18.89,20.41,1.080,20.30,1247,27.4,31.6,-4.3,
43-2,300,11.30,11.49,15.82,1.376,15.55,759,66.3,1.8,+64.5,
43-2,301,12.37,12.32,16.95,1.376,17.01,813,71.0,1.8,+69.2,
43-2,302,14.93,15.13,21.19,1.401,20.91,998,92.7,1.8,+90.8,
43-2,500,6.51,6.66,6.30,0.947,6.17,439,0.0,25.3,-25.1,
43-2,900,,14.67,16.03,1.093,16.03,968,29.1,15.2,+13.8,
43-2,901,,14.48,15.88,1.097,15.88,956,27.9,18.5,+9.5,
43-2,902,,13.91,15.22,1.095,15.22,918,27.9,14.3,+13.6,
43-2,903,,14.35,15.85,1.105,15.85,947,30.2,12.2,+17.9,
43-2,904,,14.02,15.56,1.110,15.56,926,30.3,11.6,+18.7,
43-2,905,,15.52,17.85,1.150,17.85,1024,36.0,19.7,+16.2,
43-2,906,,15.02,16.56,1.103,16.56,991,29.9,20.7,+8.8,
43-2,915,,18.78,20.20,1.076,20.20,1239,27.4,49.3,-21.6,
43-2,916,,19.92,21.41,1.075,21.41,1315,29.3,50.7,-21.2,
43-2,917,,20.74,22.36,1.078,22.36,1369,29.4,56.6,-27.0,
43-2,918,,15.76,18.72,1.188,18.72,1040,42.6,17.2,+24.9,
43-2,919,15.72,15.73,17.19,1.093,17.18,1038,27.3,28.5,-1.2,
43-2,921,,17.41,18.84,1.082,18.84,1149,27.5,38.1,-10.5,
43-2,922,,17.93,19.52,1.088,19.52,1184,29.4,35.4,-6.2,
43-2,923,,18.42,20.04,1.088,20.04,1216,30.7,38.1,-7.4,
43-2,924,,18.40,19.90,1.082,19.90,1214,29.4,39.1,-9.6,
43-2,925,,17.72,19.12,1.079,19.12,1169,27.3,38.5,-11.2,
43-2,926,,18.17,19.51,1.073,19.51,1199,27.4,40.2,-12.8,
43-2,931,,23.18,24.77,1.069,24.77,1530,32.3,63.5,-31.2,
43-2,932,,23.02,24.57,1.067,24.57,1519,30.3,61.1,-30.9,
43-2,933,,23.63,25.23,1.068,25.23,1559,31.2,61.1,-29.9,
43-2,934,,23.71,25.35,1.069,25.35,1565,31.8,61.1,-29.3,
43-2,935,,24.99,26.52,1.061,26.52,1650,31.5,64.5,-32.9,
43-2,942,23.11,23.23,25.14,1.082,25.01,1533,35.8,48.0,-12.3,
43-2,946,,18.21,19.71,1.082,19.71,1202,27.3,48.9,-21.7,
43-2,GATE,17.82,17.87,17.15,0.960,17.10,1179,2.6,53.2,-50.6,
44-1,1,9.32,9.36,9.36,0.999,9.31,618,4.2,24.8,-20.6,
44-1,2,9.51,9.61,9.60,0.999,9.51,634,4.2,22.5,-18.3,
44-1,3,10.76,10.54,10.56,1.002,10.78,696,4.7,22.6,-17.9,
44-1,4,10.47,10.60,10.52,0.993,10.39,700,4.7,24.8,-20.1,
44-1,5,9.45,9.49,9.35,0.985,9.31,626,4.7,20.1,-15.4,
44-1,6,10.84,10.89,10.75,0.987,10.70,719,5.7,15.8,-10.1,
44-1,7,9.39,9.70,9.72,1.003,9.42,640,5.9,12.5,-6.6,
44-1,8,9.51,9.79,9.65,0.986,9.38,646,4.7,20.1,-15.4,
44-1,9,9.39,9.66,9.43,0.977,9.17,637,5.0,14.9,-9.9,
44-1,10,10.42,10.42,10.40,0.998,10.40,688,7.5,11.4,-4.0,
44-1,10-1,10.58,10.58,10.56,0.998,10.56,698,7.5,11.4,-4.0,
44-1,11,9.57,9.66,9.45,0.978,9.36,638,5.0,14.4,-9.4,
44-1,12,8.42,8.42,8.30,0.985,8.30,556,5.0,9.1,-4.0,
44-1,13,6.82,6.82,6.80,0.998,6.80,450,4.9,5.9,-1.0,
44-1,14,11.38,11.42,11.39,0.997,11.34,754,6.6,14.5,-7.9,
44-1,15,13.34,13.39,13.39,1.000,13.34,883,4.4,40.2,-35.8,
44-1,15-1,14.01,15.19,15.26,1.005,14.08,1002,7.5,43.8,-36.2,
44-1,16,15.18,15.32,15.28,0.997,15.14,1011,5.8,44.2,-38.4,
44-1,16-1,14.56,14.60,14.47,0.991,14.43,964,4.4,44.1,-39.7,
44-1,17,14.80,14.85,15.12,1.018,15.07,980,9.0,36.9,-27.8,
44-1,18,2.55,2.60,2.80,1.077,2.75,171,4.5,1.5,+3.0,
44-1,19,1.45,1.46,1.94,1.331,1.93,96,7.0,0.0,+7.0,
44-1,20,5.17,5.17,5.09,0.986,5.09,341,2.7,4.5,-1.8,
44-1,21,3.62,3.69,4.11,1.114,4.04,244,8.0,7.7,+0.4,
44-1,22,4.24,4.28,4.44,1.036,4.39,283,2.0,18.5,-16.5,
44-1,24,8.52,8.64,8.56,0.991,8.45,570,2.2,31.2,-28.9,
44-1,25,7.46,7.50,7.44,0.992,7.39,495,2.0,28.1,-26.1,
44-1,25-1,8.97,9.02,8.94,0.992,8.89,595,2.3,31.2,-28.9,
44-1,26,8.07,7.58,7.62,1.005,8.11,500,2.2,27.8,-25.5,
44-1,27,5.53,5.57,5.67,1.018,5.63,368,2.0,21.3,-19.3,
44-1,28,4.89,4.88,5.05,1.036,5.07,322,2.0,19.9,-17.9,
44-1,29,7.03,7.17,9.07,1.264,8.89,473,30.0,2.2,+27.8,
44-1,30,3.26,3.26,3.19,0.977,3.19,215,0.1,11.5,-11.4,
44-1,31,4.80,4.80,4.98,1.038,4.98,317,2.0,19.7,-17.7,
44-1,32,4.41,4.41,4.28,0.971,4.28,291,0.0,16.3,-16.3,
44-1,32-1,3.95,3.95,3.82,0.967,3.82,261,0.0,16.3,-16.3,
44-1,33,3.15,3.15,3.08,0.976,3.08,208,0.1,11.5,-11.4,
44-1,34,0.82,0.87,0.81,0.935,0.77,57,0.0,1.2,-1.1,
44-1,35,1.30,1.46,1.50,1.023,1.33,96,1.9,2.0,-0.1,
44-1,36,0.31,0.31,0.31,1.000,0.31,20,0.0,0.0,-0.0,
44-1,37,1.67,1.67,1.58,0.949,1.58,110,0.0,6.2,-6.1,
44-1,38,1.60,1.60,1.52,0.947,1.52,106,0.0,6.2,-6.1,
44-1,39,0.95,1.63,1.85,1.137,1.08,107,3.9,0.0,+3.7,
44-1,40,2.41,3.35,3.68,1.097,2.64,221,6.8,6.1,+0.7,
44-1,43,3.36,3.56,3.55,0.996,3.34,235,2.0,8.9,-6.7,
44-1,43-1,2.26,2.31,2.35,1.018,2.30,152,1.8,7.5,-5.6,
44-1,43-2,2.85,2.89,2.94,1.016,2.89,191,2.0,7.6,-5.5,
44-1,49,15.57,15.61,16.65,1.066,16.60,1030,17.7,31.2,-13.4,
44-1,50,14.30,14.34,14.77,1.030,14.72,947,10.3,34.5,-24.2,
44-1,51,15.70,15.74,16.35,1.038,16.30,1039,12.9,39.1,-26.2,
44-1,52,15.78,15.83,16.41,1.037,16.36,1045,12.9,34.5,-21.6,
44-1,52-1,16.47,16.64,17.23,1.035,17.05,1099,13.8,36.8,-23.0,
44-1,52-2,16.99,17.04,17.63,1.035,17.59,1124,14.0,36.8,-22.8,
44-1,53,15.19,15.23,16.25,1.067,16.20,1005,17.4,31.3,-13.9,
44-1,54,14.07,14.20,15.11,1.064,14.98,937,15.4,30.8,-15.5,
44-1,55,14.34,14.27,14.66,1.028,14.73,942,9.7,34.5,-24.7,
44-1,56,3.66,3.71,3.70,0.997,3.65,245,2.0,8.8,-6.7,
44-1,57,19.83,19.89,20.97,1.054,20.90,1313,20.0,51.0,-30.9,
44-1,57-1,18.84,18.89,19.81,1.049,19.76,1247,20.3,41.3,-21.0,
44-1,58,19.24,19.28,19.62,1.017,19.57,1273,11.7,48.6,-36.8,
44-1,59,18.99,19.05,20.20,1.061,20.15,1257,20.0,49.5,-29.2,
44-1,59-1,19.92,19.97,21.14,1.059,21.10,1318,20.0,55.9,-35.6,
44-1,61,8.17,8.23,8.09,0.983,8.04,543,4.2,14.7,-10.4,
44-1,62,7.60,9.29,9.75,1.050,7.98,613,8.1,31.9,-23.9,
44-1,64,16.69,16.73,16.18,0.967,16.14,1104,3.6,56.9,-53.2,
44-1,66,12.13,11.76,14.16,1.204,14.60,776,39.1,0.1,+38.9,
44-1,71,24.64,24.47,25.16,1.028,25.33,1615,19.5,55.8,-36.3,
44-1,71-1,23.02,24.47,25.16,1.028,23.67,1615,19.5,55.8,-36.3,
44-1,73,12.71,12.75,12.66,0.993,12.62,842,3.2,38.9,-35.7,
44-1,74,12.83,12.88,13.61,1.057,13.56,850,13.6,33.3,-19.9,
44-1,75,4.88,4.90,4.93,1.007,4.91,323,0.1,16.8,-16.6,
44-1,75-1,5.92,5.93,5.64,0.951,5.64,391,0.0,21.6,-21.5,
44-1,80,28.99,29.03,31.00,1.068,30.95,1916,40.9,56.6,-15.8,
44-1,81,23.45,23.50,24.41,1.039,24.37,1551,22.3,44.8,-22.5,
44-1,82,14.29,14.34,16.19,1.129,16.14,946,25.3,29.4,-4.1,
44-1,83,15.92,15.96,16.38,1.026,16.33,1053,11.4,39.3,-27.8,
44-1,84,13.62,13.30,13.62,1.024,13.95,878,8.1,34.0,-26.0,
44-1,85,24.58,24.65,25.69,1.042,25.61,1627,24.5,44.8,-20.3,
44-1,85-1,29.61,29.96,31.87,1.064,31.49,1977,40.4,57.0,-16.6,
44-1,86,28.30,28.66,30.54,1.066,30.16,1891,38.6,56.6,-18.0,
44-1,101,15.97,16.02,15.91,0.993,15.86,1057,4.4,47.2,-42.8,
44-1,103,13.38,13.42,13.27,0.989,13.23,886,3.1,41.0,-37.8,
44-1,105-2,6.28,5.91,7.60,1.285,8.07,390,27.0,3.1,+24.1,
44-1,129,5.82,5.92,6.00,1.013,5.89,391,2.0,21.9,-19.8,
44-1,132,7.58,7.25,9.02,1.244,9.43,479,28.3,0.2,+28.1,
44-1,135,1.44,1.62,1.78,1.103,1.59,107,3.0,0.0,+2.9,
44-1,140,18.12,18.20,19.34,1.063,19.26,1201,23.6,37.4,-13.4,
44-1,140-1,18.12,18.20,19.34,1.063,19.26,1201,23.6,37.4,-13.4,
44-1,140-2,18.12,18.20,19.34,1.063,19.26,1201,23.6,37.4,-13.4,
44-1,142,6.34,6.45,8.16,1.265,8.02,426,27.0,2.2,+24.8,
44-1,143,4.83,4.83,5.07,1.051,5.07,319,6.3,2.3,+4.1,
44-1,152-1,22.39,22.20,22.49,1.013,22.68,1465,13.9,54.8,-40.8,
44-1,153,21.79,21.86,22.15,1.013,22.07,1443,13.7,52.8,-39.1,
44-1,200,6.41,6.44,6.18,0.961,6.16,425,0.0,22.3,-22.3,
44-1,201,6.35,6.60,6.32,0.957,6.08,436,0.0,23.7,-23.7,
44-1,203,8.04,8.09,7.94,0.982,7.90,534,2.0,29.8,-27.8,
44-1,207,17.08,17.41,18.01,1.034,17.66,1149,14.0,36.8,-22.8,
44-1,220,16.86,16.97,17.87,1.053,17.75,1120,19.0,37.7,-18.6,
44-1,221,18.96,19.19,20.25,1.055,20.01,1267,21.7,39.5,-17.8,
44-1,222,17.61,17.65,18.64,1.056,18.59,1165,20.4,39.6,-19.2,
44-1,223,21.67,21.75,23.25,1.069,23.17,1435,29.0,39.9,-11.0,
44-1,300,8.50,8.24,11.82,1.435,12.20,544,53.8,0.0,+53.8,
44-1,301,9.57,9.07,12.96,1.429,13.67,599,58.5,0.0,+58.5,
44-1,302,12.13,11.87,17.20,1.448,17.57,784,80.2,0.0,+80.0,
44-1,500,9.52,9.57,9.22,0.964,9.18,632,2.0,34.4,-32.5,
44-1,900,,16.32,17.01,1.042,17.01,1077,22.0,19.6,+2.4,
44-1,901,,16.13,16.85,1.045,16.85,1064,20.8,22.9,-1.9,
44-1,902,,15.56,16.20,1.041,16.20,1027,20.8,18.7,+2.2,
44-1,903,,16.00,16.83,1.052,16.83,1056,23.1,16.6,+6.5,
44-1,904,,15.67,16.54,1.055,16.54,1035,23.2,16.0,+7.2,
44-1,905,,17.17,18.83,1.097,18.83,1133,28.9,24.1,+4.8,
44-1,906,,16.67,17.54,1.052,17.54,1100,22.9,25.1,-2.6,
44-1,915,,20.43,21.18,1.037,21.18,1348,20.3,53.7,-33.0,
44-1,916,,21.57,22.39,1.038,22.39,1423,22.2,55.1,-32.6,
44-1,917,,22.39,23.33,1.042,23.33,1478,22.3,61.0,-38.5,
44-1,918,,17.41,19.70,1.131,19.70,1149,35.5,21.5,+13.4,
44-1,919,17.38,17.38,18.17,1.046,18.17,1147,20.3,32.9,-12.6,
44-1,921,,19.06,19.82,1.040,19.82,1258,20.4,42.5,-22.0,
44-1,922,,19.58,20.50,1.047,20.50,1293,22.3,39.8,-17.6,
44-1,923,,20.07,21.02,1.047,21.02,1325,23.6,42.5,-18.8,
44-1,924,,20.05,20.88,1.042,20.88,1323,22.4,43.4,-21.1,
44-1,925,,19.37,20.10,1.038,20.10,1278,20.3,42.9,-22.6,
44-1,926,,19.82,20.49,1.033,20.49,1308,20.3,44.6,-24.2,
44-1,931,,24.83,25.75,1.037,25.75,1639,25.2,67.8,-42.6,
44-1,932,,24.67,25.54,1.036,25.54,1628,23.2,65.4,-42.4,
44-1,933,,25.28,26.20,1.037,26.20,1668,24.1,65.5,-41.3,
44-1,934,,25.36,26.33,1.038,26.33,1674,24.7,65.5,-40.7,
44-1,935,,26.64,27.50,1.032,27.50,1759,24.4,68.9,-44.3,
44-1,942,24.77,24.88,26.12,1.050,26.00,1642,28.7,52.4,-23.7,
44-1,946,,19.86,20.69,1.042,20.69,1311,20.3,53.3,-33.1,
44-1,GATE,20.69,20.72,19.99,0.965,19.96,1368,4.2,61.5,-57.2,
49,1,6.06,6.13,7.00,1.142,6.92,405,10.7,21.3,-10.7,
49,2,5.33,5.33,6.01,1.127,6.01,352,8.6,17.8,-9.2,
49,3,4.19,4.31,5.05,1.170,4.91,284,8.6,13.0,-4.4,
49,4,4.28,4.28,5.02,1.172,5.02,283,8.6,13.0,-4.4,
49,5,4.78,4.78,5.52,1.154,5.52,316,8.6,13.0,-4.4,
49,6,5.19,5.19,6.09,1.174,6.09,342,11.3,13.0,-1.7,
49,7,5.77,5.77,6.68,1.157,6.68,381,11.4,13.0,-1.5,
49,8,6.59,6.50,7.41,1.139,7.50,429,11.9,13.4,-1.5,
49,9,6.54,6.54,7.76,1.188,7.77,431,16.4,13.1,+3.3,
49,10,6.88,6.96,8.50,1.221,8.39,460,21.2,13.0,+8.1,
49,10-1,7.49,7.50,9.25,1.232,9.23,495,24.2,13.0,+11.2,
49,11,7.54,7.54,9.03,1.198,9.03,497,20.6,13.1,+7.5,
49,12,7.96,8.14,9.75,1.198,9.53,537,22.5,13.5,+8.8,
49,13,8.18,8.37,10.10,1.206,9.87,553,24.2,13.5,+10.6,
49,14,5.66,5.69,6.88,1.210,6.85,375,15.8,13.0,+2.6,
49,15,3.94,4.00,3.95,0.987,3.89,264,0.0,23.3,-22.9,
49,15-1,6.09,5.35,5.21,0.973,5.93,353,0.0,28.2,-28.0,
49,16,5.29,5.32,5.26,0.989,5.23,351,0.0,22.6,-22.5,
49,16-1,5.14,6.43,6.16,0.957,4.92,425,0.0,31.9,-31.7,
49,17,3.84,3.85,3.77,0.982,3.77,254,0.0,19.8,-19.6,
49,18,13.58,13.78,16.23,1.178,15.99,910,35.1,16.4,+18.7,
49,19,14.38,14.41,16.78,1.164,16.74,951,35.1,18.3,+16.9,
49,20,9.29,9.59,11.47,1.196,11.11,633,25.8,14.5,+11.3,
49,21,12.09,12.24,14.15,1.156,13.98,808,27.6,15.9,+11.8,
49,22,10.68,10.68,11.46,1.073,11.46,705,10.7,14.3,-3.6,
49,24,8.66,8.81,8.90,1.010,8.74,582,3.9,21.7,-17.9,
49,25,9.79,9.91,10.13,1.023,10.01,654,6.0,21.5,-15.5,
49,25-1,10.22,10.22,10.45,1.022,10.45,675,6.0,21.5,-15.5,
49,26,10.32,10.32,10.55,1.022,10.55,681,6.0,21.5,-15.5,
49,27,11.84,11.54,11.76,1.020,12.07,761,6.1,21.6,-15.5,
49,28,12.46,12.61,13.27,1.052,13.11,832,13.9,23.5,-9.6,
49,29,16.94,17.08,21.39,1.252,21.21,1128,62.3,16.3,+46.0,
49,30,13.60,13.63,14.66,1.075,14.62,900,15.2,14.6,+0.6,
49,31,13.09,13.04,13.81,1.058,13.86,861,12.4,16.7,-4.3,
49,32,15.81,15.81,16.90,1.069,16.90,1044,20.6,21.6,-1.0,
49,32-1,15.51,15.75,16.84,1.069,16.59,1040,20.6,21.6,-1.0,
49,33,14.91,14.92,16.24,1.088,16.22,985,20.1,14.6,+5.5,
49,34,14.38,14.38,15.70,1.091,15.70,949,20.1,14.6,+5.4,
49,35,12.71,12.71,15.08,1.187,15.08,839,33.6,16.3,+17.3,
49,36,15.31,15.31,17.27,1.128,17.26,1011,30.6,18.6,+12.3,
49,37,14.83,14.92,16.24,1.088,16.14,985,20.1,14.6,+5.5,
49,38,16.34,16.34,17.95,1.099,17.95,1079,24.9,14.7,+10.2,
49,39,17.86,17.14,19.55,1.140,20.36,1132,38.1,17.5,+20.6,
49,40,17.92,18.14,20.20,1.114,19.96,1197,32.3,14.7,+17.6,
49,43,12.25,12.25,13.69,1.117,13.69,808,21.7,15.7,+6.0,
49,43-1,13.17,13.18,14.73,1.118,14.72,870,23.7,15.7,+7.9,
49,43-2,12.76,12.76,14.24,1.116,14.24,842,22.9,16.1,+6.8,
49,44-1,15.57,15.61,17.58,1.126,17.53,1030,31.2,17.7,+13.4,
49,50,2.55,2.55,2.56,1.003,2.56,169,0.0,14.2,-14.0,
49,51,2.26,2.27,2.43,1.068,2.41,150,0.0,17.2,-16.9,
49,52,1.17,1.19,1.21,1.020,1.20,78,0.0,7.5,-7.2,
49,52-1,1.17,1.19,1.21,1.020,1.20,78,0.0,7.5,-7.2,
49,52-2,2.18,2.32,2.33,1.005,2.19,153,0.0,12.6,-12.5,
49,53,0.53,0.53,0.53,1.000,0.53,35,0.0,0.0,+0.0,
49,54,0.95,1.09,1.07,0.983,0.94,72,0.0,0.4,-0.4,
49,55,1.87,1.87,1.81,0.968,1.81,124,0.3,2.4,-2.0,
49,56,11.15,11.19,12.64,1.130,12.60,738,21.0,14.7,+6.3,
49,57,4.23,4.26,4.47,1.050,4.44,281,1.0,21.7,-20.5,
49,57-1,3.24,3.25,3.30,1.016,3.29,215,1.2,12.0,-10.7,
49,58,4.97,5.63,5.93,1.055,5.24,371,1.0,28.4,-27.2,
49,59,3.39,3.41,3.70,1.084,3.68,225,1.0,20.2,-18.9,
49,59-1,4.32,4.33,4.64,1.071,4.63,286,1.0,26.6,-25.2,
49,61,6.49,6.68,7.62,1.140,7.40,441,12.2,13.5,-1.3,
49,62,7.70,7.79,8.67,1.113,8.57,514,11.2,21.7,-10.5,
49,64,10.25,9.96,9.92,0.996,10.21,657,2.3,34.9,-32.5,
49,66,18.84,18.93,23.39,1.236,23.28,1249,65.8,8.2,+57.6,
49,71,9.91,9.71,9.72,1.001,9.91,641,3.3,29.4,-25.9,
49,71-1,9.46,9.71,9.72,1.001,9.46,641,3.3,29.4,-25.9,
49,73,6.23,6.61,6.81,1.031,6.42,436,3.8,23.3,-19.5,
49,74,2.14,2.14,2.06,0.962,2.06,141,0.3,3.4,-3.0,
49,75,15.76,15.80,16.77,1.062,16.73,1043,18.8,21.6,-2.7,
49,75-1,15.60,15.70,16.38,1.044,16.28,1036,15.6,24.9,-9.3,
49,80,15.83,15.84,17.14,1.082,17.13,1045,25.0,30.4,-5.5,
49,81,7.85,7.86,7.91,1.006,7.89,519,3.3,15.5,-12.1,
49,82,1.34,3.02,4.11,1.362,1.82,199,13.2,3.8,+9.4,경로 다름
49,83,3.92,3.93,3.86,0.982,3.85,259,0.0,17.4,-17.3,
49,84,3.41,3.41,3.40,0.995,3.39,225,0.3,10.8,-10.4,
49,85,8.98,9.01,9.18,1.018,9.14,595,5.5,15.5,-9.9,
49,85-1,16.44,16.76,18.01,1.074,17.67,1106,24.5,30.9,-6.3,
49,86,15.13,15.46,16.68,1.079,16.33,1020,22.7,30.5,-7.7,
49,101,7.97,7.97,7.69,0.965,7.69,526,0.0,34.8,-34.6,
49,103,6.94,7.01,6.73,0.960,6.67,463,0.0,34.4,-34.2,
49,105-2,21.41,21.48,25.51,1.188,25.43,1418,63.8,21.3,+42.8,
49,129,13.64,13.72,14.23,1.038,14.15,905,11.0,21.6,-10.5,
49,132,19.11,19.11,23.45,1.227,23.45,1261,64.2,18.2,+46.0,
49,135,17.59,17.28,19.70,1.140,20.05,1141,38.4,17.5,+20.9,
49,140,0.80,0.96,0.96,1.000,0.80,64,0.0,0.0,+0.0,
49,140-1,0.80,0.96,0.96,1.000,0.80,64,0.0,0.0,+0.0,
49,140-2,0.80,0.96,0.96,1.000,0.80,64,0.0,0.0,+0.0,
49,142,16.25,16.36,20.48,1.252,20.34,1080,59.3,16.3,+43.0,
49,143,10.76,10.69,12.97,1.213,13.05,705,31.6,15.9,+15.7,
49,152-1,9.81,9.59,9.65,1.006,9.88,633,3.4,34.0,-30.5,
49,153,9.22,9.26,9.31,1.006,9.27,611,3.2,32.1,-28.8,
49,200,12.37,12.48,12.76,1.023,12.65,824,7.2,21.6,-14.4,
49,201,14.95,14.96,15.70,1.050,15.69,987,15.5,22.3,-6.8,
49,203,12.45,12.45,12.74,1.023,12.74,822,7.2,21.6,-14.4,
49,207,2.17,2.18,2.19,1.006,2.18,144,0.0,10.9,-10.8,
49,220,1.28,1.34,1.37,1.025,1.31,88,0.0,8.5,-8.2,
49,221,3.36,3.56,3.74,1.051,3.53,235,2.7,10.2,-7.4,
49,222,2.01,2.02,2.13,1.056,2.12,133,1.4,10.3,-8.9,
49,223,6.07,6.12,6.74,1.102,6.69,404,10.0,10.6,-0.6,
49,300,24.02,24.21,30.08,1.242,29.84,1598,89.9,17.5,+72.4,
49,301,25.08,25.04,31.22,1.246,31.27,1653,94.6,17.5,+77.1,
49,302,27.64,27.85,35.45,1.273,35.20,1838,116.2,17.5,+98.6,
49,500,13.11,13.17,13.60,1.033,13.55,869,13.9,33.9,-20.0,
49,900,,10.16,12.55,1.235,12.55,671,34.5,13.8,+20.6,
49,901,,9.97,12.40,1.243,12.40,658,33.3,17.1,+16.3,
49,902,,9.40,11.75,1.249,11.75,621,33.2,12.9,+20.4,
49,903,,9.85,12.38,1.257,12.38,650,35.6,10.8,+24.7,
49,904,,9.52,12.09,1.270,12.09,628,35.6,10.2,+25.4,
49,905,,11.17,13.68,1.226,13.68,737,37.4,14.4,+23.0,
49,906,,10.51,13.09,1.245,13.09,694,35.3,19.3,+15.6,
49,915,,14.27,16.72,1.172,16.72,942,32.7,47.9,-14.8,
49,916,,15.41,17.93,1.163,17.93,1017,34.6,49.3,-14.4,
49,917,,16.23,18.88,1.163,18.88,1071,34.8,55.2,-20.3,
49,918,,11.41,14.56,1.276,14.56,753,44.6,12.4,+31.6,
49,919,11.22,11.22,13.72,1.222,13.72,741,32.7,27.1,+5.6,
49,921,,12.90,15.36,1.191,15.36,852,32.8,36.7,-3.8,
49,922,,13.43,16.04,1.194,16.04,886,34.8,34.0,+0.6,
49,923,,13.92,16.56,1.190,16.56,919,36.0,36.7,-0.6,
49,924,,13.89,16.42,1.182,16.42,917,34.8,37.7,-2.9,
49,925,,13.21,15.64,1.184,15.64,872,32.7,37.1,-4.4,
49,926,,13.67,16.03,1.173,16.03,902,32.7,38.8,-6.0,
49,931,,18.67,21.30,1.141,21.30,1232,37.7,62.1,-24.4,
49,932,,18.51,21.09,1.139,21.09,1222,35.6,59.7,-24.2,
49,933,,19.12,21.75,1.137,21.75,1262,36.6,59.7,-23.1,
49,934,,19.21,21.87,1.139,21.87,1268,37.1,59.7,-22.5,
49,935,,20.49,23.04,1.125,23.04,1352,36.9,63.1,-26.1,
49,942,18.62,18.73,21.66,1.157,21.53,1236,41.1,46.6,-5.5,
49,946,,13.71,16.24,1.184,16.24,905,32.7,47.5,-14.9,
49,GATE,11.49,11.50,11.25,0.978,11.23,759,1.2,43.0,-41.7,
50,1,4.39,4.38,4.30,0.980,4.30,289,2.0,6.1,-4.1,
50,2,4.28,4.28,4.47,1.045,4.47,282,6.2,5.8,+0.3,
50,3,3.92,4.04,5.35,1.326,5.20,266,15.8,9.4,+6.4,
50,4,4.01,4.01,5.33,1.328,5.33,265,15.8,9.4,+6.4,
50,5,4.51,4.51,5.83,1.292,5.83,298,15.8,9.4,+6.4,
50,6,4.91,4.91,6.40,1.302,6.39,324,18.5,9.4,+9.0,
50,7,5.50,5.50,6.98,1.271,6.99,363,18.6,9.4,+9.2,
50,8,5.97,6.15,6.96,1.132,6.75,406,15.9,5.8,+10.1,
50,9,6.27,6.26,8.07,1.289,8.08,413,23.6,9.5,+14.1,
50,10,6.60,6.69,8.81,1.317,8.70,442,28.4,9.4,+18.9,
50,10-1,7.22,7.23,9.55,1.322,9.54,477,31.4,9.4,+22.0,
50,11,7.26,7.26,9.34,1.286,9.34,479,27.8,9.5,+18.3,
50,12,7.27,7.45,8.90,1.193,8.68,492,25.5,5.8,+19.6,
50,13,7.50,7.69,9.25,1.203,9.02,508,27.2,5.8,+21.4,
50,14,5.38,5.41,7.19,1.328,7.15,357,23.0,9.4,+13.4,
50,15,0.83,0.87,0.84,0.967,0.80,57,0.0,3.5,-3.3,
50,15-1,2.98,2.22,2.10,0.946,2.82,147,0.0,8.4,-8.4,
50,16,2.18,2.22,2.14,0.965,2.10,146,0.0,10.0,-9.9,
50,16-1,2.03,3.30,3.05,0.924,1.87,218,0.0,12.2,-12.1,경로 다름
50,17,0.73,0.74,0.74,1.000,0.73,49,0.0,0.0,-0.0,
50,18,12.60,12.80,15.10,1.180,14.86,845,39.1,9.7,+29.5,
50,19,13.40,13.43,15.65,1.165,15.61,886,39.1,11.5,+27.6,
50,20,8.31,8.61,10.34,1.201,9.98,568,29.8,7.8,+22.1,
50,21,10.90,11.05,12.92,1.168,12.74,730,30.4,7.8,+22.6,
50,22,9.10,9.10,9.77,1.074,9.77,600,14.6,7.5,+7.2,
50,24,6.64,6.79,6.55,0.964,6.40,448,1.3,8.4,-7.1,
50,25,7.77,7.89,7.78,0.986,7.66,521,3.5,8.2,-4.7,
50,25-1,8.21,8.21,8.10,0.987,8.10,542,3.5,8.2,-4.7,
50,26,8.31,8.30,8.20,0.987,8.20,548,3.5,8.2,-4.7,
50,27,9.82,9.52,9.41,0.989,9.71,628,3.5,8.3,-4.7,
50,28,10.45,10.59,10.92,1.031,10.77,699,11.3,10.2,+1.1,
50,29,15.96,16.10,20.26,1.258,20.08,1063,66.3,9.6,+56.8,
50,30,12.01,12.05,12.96,1.076,12.92,795,19.1,7.7,+11.4,
50,31,11.51,11.46,12.11,1.056,12.16,756,16.3,9.9,+6.5,
50,32,13.79,13.80,14.55,1.055,14.55,910,18.0,8.2,+9.8,
50,32-1,13.72,13.73,14.49,1.055,14.48,906,18.0,8.2,+9.8,
50,33,13.32,13.34,14.54,1.090,14.52,880,24.0,7.7,+16.3,
50,34,12.80,12.80,14.00,1.094,14.00,845,23.9,7.7,+16.2,
50,35,11.65,11.65,13.78,1.182,13.78,769,34.6,7.8,+26.8,
50,36,14.04,14.04,15.90,1.132,15.89,927,34.0,11.2,+23.1,
50,37,13.25,13.34,14.54,1.090,14.44,880,24.0,7.7,+16.3,
50,38,14.76,14.76,16.25,1.101,16.26,974,28.7,7.8,+20.9,
50,39,16.59,15.87,18.17,1.145,18.99,1048,41.5,10.1,+31.4,
50,40,16.56,16.56,18.50,1.118,18.50,1093,36.2,7.8,+28.4,
50,43,10.98,10.98,12.32,1.122,12.32,725,25.1,8.3,+16.8,
50,43-1,11.79,11.79,12.71,1.077,12.70,778,19.1,7.8,+11.3,
50,43-2,11.42,11.49,12.87,1.120,12.80,758,26.2,8.7,+17.5,
50,44-1,14.30,14.34,16.21,1.130,16.16,947,34.5,10.3,+24.2,
50,49,2.55,2.55,3.48,1.364,3.48,169,14.2,0.0,+14.0,
50,51,0.80,0.78,0.78,1.000,0.80,52,0.0,0.0,+0.0,
50,52,1.25,1.25,1.28,1.029,1.28,82,0.7,0.0,+0.6,
50,52-1,1.88,1.88,2.07,1.103,2.07,124,3.3,0.0,+3.3,
50,52-2,2.05,2.02,2.20,1.092,2.24,133,3.2,0.0,+3.2,
50,53,1.59,1.59,1.85,1.163,1.85,105,4.3,0.0,+4.3,
50,54,0.86,0.85,0.91,1.074,0.93,56,1.1,0.0,+1.1,
50,55,0.58,0.58,0.58,1.000,0.58,38,0.0,0.0,+0.0,
50,56,9.66,9.67,10.52,1.087,10.50,638,17.5,7.5,+10.0,
50,57,5.12,5.10,5.62,1.101,5.63,337,6.6,11.4,-4.7,
50,57-1,4.13,4.10,4.45,1.086,4.49,271,6.8,1.7,+5.1,
50,58,4.14,4.11,4.03,0.980,4.06,272,0.3,9.3,-9.0,
50,59,4.28,4.26,4.85,1.138,4.87,281,6.6,9.9,-3.1,
50,59-1,5.21,5.06,5.06,0.999,5.21,334,1.6,9.0,-7.4,
50,61,5.81,6.00,6.76,1.128,6.56,396,15.3,5.8,+9.4,
50,62,6.37,6.61,6.81,1.031,6.57,436,7.5,7.2,+0.3,
50,64,7.14,6.57,6.63,1.010,7.21,434,2.3,17.3,-15.0,
50,66,18.57,18.65,23.70,1.271,23.59,1231,73.1,4.7,+68.4,
50,71,9.55,9.30,9.57,1.029,9.82,614,8.1,16.5,-8.5,
50,71-1,7.93,9.30,9.57,1.029,8.16,614,8.1,16.5,-8.5,
50,73,3.12,4.59,4.44,0.967,3.01,303,1.2,10.0,-8.7,경로 다름
50,74,1.31,1.31,1.57,1.197,1.57,87,4.3,0.3,+3.9,
50,75,13.74,13.78,14.43,1.047,14.38,910,16.3,8.3,+8.0,
50,75-1,13.59,13.68,14.03,1.026,13.94,903,13.0,11.6,+1.4,
50,80,13.90,13.87,15.41,1.111,15.45,915,29.5,17.4,+12.0,
50,81,9.08,9.08,9.45,1.041,9.45,599,10.1,10.3,-0.2,
50,82,2.75,2.75,4.43,1.612,4.43,181,20.5,0.3,+20.1,
50,83,0.90,0.87,0.87,1.000,0.90,57,0.0,0.0,+0.0,
50,84,0.69,0.69,0.69,1.000,0.69,45,0.0,0.0,+0.0,
50,85,10.21,10.23,10.73,1.048,10.70,675,12.2,10.3,+1.9,
50,85-1,14.51,14.79,16.28,1.101,15.98,976,29.0,17.8,+11.2,
50,86,13.21,13.49,14.95,1.109,14.64,890,27.2,17.4,+9.8,
50,101,4.86,4.84,4.58,0.947,4.60,319,0.0,15.0,-15.0,
50,103,3.83,3.88,3.62,0.934,3.58,256,0.0,14.6,-14.6,
50,105-2,20.52,20.62,24.49,1.188,24.38,1361,66.4,13.1,+53.6,
50,129,11.62,11.70,11.88,1.016,11.80,772,8.5,8.2,+0.3,
50,132,18.13,18.13,22.32,1.231,22.32,1196,68.3,11.5,+56.8,
50,135,16.32,16.01,18.33,1.144,18.68,1057,41.7,10.1,+31.7,
50,140,3.75,3.78,4.38,1.157,4.34,250,11.4,2.9,+8.8,
50,140-1,3.75,3.78,4.38,1.157,4.34,250,11.4,2.9,+8.8,
50,140-2,3.75,3.78,4.38,1.157,4.34,250,11.4,2.9,+8.8,
50,142,15.27,15.38,19.35,1.258,19.21,1015,63.3,9.6,+53.8,
50,143,9.77,9.71,11.84,1.220,11.92,641,35.6,9.2,+26.5,
50,152-1,7.30,7.03,6.90,0.982,7.16,464,2.5,15.5,-13.0,
50,153,6.70,6.70,6.56,0.980,6.57,442,2.3,13.5,-11.3,
50,200,10.35,10.46,10.41,0.995,10.30,691,4.6,8.2,-3.6,
50,201,12.94,12.94,13.35,1.032,13.34,854,12.9,9.0,+4.0,
50,203,10.44,10.44,10.39,0.995,10.39,689,4.6,8.2,-3.6,
50,207,2.14,2.35,2.54,1.083,2.31,155,3.3,0.0,+3.3,
50,220,2.49,2.56,2.91,1.140,2.83,169,6.8,3.2,+3.6,
50,221,4.59,4.77,5.29,1.107,5.08,315,9.5,5.0,+4.5,
50,222,2.90,2.87,3.28,1.145,3.32,189,7.0,0.0,+6.9,
50,223,7.30,7.33,8.29,1.130,8.25,484,16.8,5.4,+11.3,
50,300,22.75,22.94,28.71,1.251,28.47,1514,93.2,10.1,+83.2,
50,301,23.81,23.77,29.84,1.255,29.90,1569,97.9,10.1,+87.9,
50,302,26.37,26.58,34.08,1.282,33.82,1754,119.6,10.1,+109.4,
50,500,11.10,11.15,11.25,1.009,11.20,736,11.3,20.6,-9.2,
50,900,,9.89,12.87,1.301,12.87,653,41.8,10.3,+31.4,
50,901,,9.70,12.72,1.311,12.72,640,40.5,13.6,+27.0,
50,902,,9.13,12.06,1.321,12.06,603,40.5,9.4,+31.2,
50,903,,9.57,12.69,1.326,12.69,632,42.8,7.4,+35.5,
50,904,,9.25,12.40,1.341,12.40,610,42.9,6.7,+36.2,
50,905,,10.89,14.00,1.285,14.00,719,44.7,10.9,+33.8,
50,906,,10.24,13.40,1.309,13.40,676,42.6,15.8,+26.4,
50,915,,14.00,17.04,1.217,17.04,924,40.0,44.4,-4.0,
50,916,,15.14,18.25,1.205,18.25,999,41.9,45.8,-3.7,
50,917,,15.96,19.20,1.203,19.20,1053,42.1,51.8,-9.5,
50,918,,11.14,14.88,1.336,14.88,735,51.9,9.0,+42.4,
50,919,10.95,10.95,14.04,1.282,14.04,723,40.0,23.6,+16.4,
50,921,,12.63,15.68,1.242,15.68,834,40.1,33.2,+7.0,
50,922,,13.16,16.36,1.243,16.36,868,42.0,30.5,+11.4,
50,923,,13.65,16.88,1.237,16.88,901,43.3,33.2,+10.2,
50,924,,13.62,16.74,1.229,16.74,899,42.1,34.2,+7.9,
50,925,,12.94,15.96,1.234,15.96,854,40.0,33.6,+6.4,
50,926,,13.40,16.35,1.220,16.35,884,40.0,35.4,+4.8,
50,931,,18.40,21.61,1.175,21.61,1214,44.9,58.6,-13.6,
50,932,,18.24,21.41,1.174,21.41,1204,42.9,56.2,-13.4,
50,933,,18.85,22.07,1.171,22.07,1244,43.8,56.2,-12.3,
50,934,,18.94,22.19,1.172,22.19,1250,44.4,56.2,-11.7,
50,935,,20.22,23.36,1.155,23.36,1334,44.2,59.6,-15.3,
50,942,18.35,18.45,21.98,1.191,21.85,1218,48.4,43.2,+5.3,
50,946,,13.43,16.55,1.232,16.55,887,40.0,44.1,-4.1,
50,GATE,8.13,8.13,7.83,0.963,7.82,536,0.5,24.7,-24.2,
51,1,5.79,5.79,5.90,1.019,5.90,382,6.6,8.7,-2.1,
51,2,5.68,5.68,6.07,1.068,6.07,375,10.7,8.4,+2.4,
51,3,5.20,5.33,6.66,1.249,6.50,352,16.9,9.5,+7.2,
51,4,5.29,5.31,6.64,1.250,6.62,350,16.9,9.5,+7.2,
51,5,5.79,5.81,7.14,1.229,7.12,383,16.9,9.5,+7.3,
51,6,6.20,6.21,7.71,1.241,7.69,410,19.7,9.5,+9.9,
51,7,6.78,6.79,8.29,1.221,8.28,448,19.8,9.5,+10.1,
51,8,7.37,7.53,9.03,1.199,8.84,497,20.2,9.9,+10.1,
51,9,7.55,7.56,9.38,1.241,9.37,499,24.8,9.6,+15.0,
51,10,7.89,7.99,10.12,1.267,9.99,527,29.5,9.5,+19.8,
51,10-1,8.50,8.53,10.86,1.274,10.83,563,32.6,9.5,+22.8,
51,11,8.55,8.56,10.65,1.244,10.63,565,28.9,9.6,+19.2,
51,12,8.68,8.86,10.49,1.185,10.28,585,30.1,8.4,+21.6,
51,13,8.90,9.09,10.85,1.193,10.62,600,31.7,8.4,+23.4,
51,14,6.67,6.71,8.50,1.267,8.45,443,24.2,9.5,+14.3,
51,15,2.31,2.31,2.29,0.992,2.29,153,1.6,6.4,-4.5,
51,15-1,4.40,3.66,3.56,0.970,4.27,242,1.6,11.3,-9.7,
51,16,2.38,2.29,2.25,0.983,2.34,151,0.0,8.0,-8.0,
51,16-1,3.45,4.75,4.50,0.949,3.27,313,1.6,15.0,-13.4,경로 다름
51,17,1.91,2.10,2.13,1.015,1.94,139,2.1,3.7,-1.5,
51,18,14.00,14.20,16.70,1.176,16.46,937,43.7,12.3,+31.5,
51,19,14.80,14.83,17.25,1.163,17.21,979,43.7,14.2,+29.7,
51,20,9.71,10.01,11.94,1.192,11.58,661,34.4,10.4,+24.1,
51,21,12.30,12.46,14.51,1.165,14.33,822,34.9,10.4,+24.6,
51,22,10.50,10.50,11.37,1.082,11.36,693,19.1,10.1,+9.2,
51,24,8.04,8.20,8.15,0.994,8.00,541,5.9,11.0,-5.1,
51,25,9.17,9.29,9.38,1.009,9.26,613,8.0,10.8,-2.7,
51,25-1,9.61,9.61,9.70,1.009,9.70,634,8.0,10.8,-2.7,
51,26,9.71,9.71,9.80,1.009,9.80,641,8.0,10.8,-2.7,
51,27,11.23,10.92,11.01,1.008,11.32,721,8.1,10.9,-2.7,
51,28,11.85,11.99,12.52,1.043,12.36,792,15.9,12.8,+3.2,
51,29,17.36,17.50,21.86,1.249,21.68,1155,70.9,12.2,+58.8,
51,30,13.42,13.45,14.56,1.083,14.52,888,23.6,10.3,+13.4,
51,31,12.91,12.86,13.71,1.066,13.76,849,20.9,12.5,+8.5,
51,32,15.20,15.20,16.15,1.063,16.15,1003,22.6,10.9,+11.8,
51,32-1,15.12,15.14,16.09,1.063,16.07,999,22.6,10.9,+11.8,
51,33,14.72,14.74,16.14,1.095,16.12,973,28.5,10.3,+18.3,
51,34,14.20,14.20,15.60,1.098,15.60,937,28.5,10.3,+18.2,
51,35,13.06,13.06,15.37,1.177,15.37,862,39.2,10.4,+28.8,
51,36,15.44,15.44,17.50,1.133,17.49,1019,38.5,13.8,+25.1,
51,37,14.65,14.74,16.14,1.095,16.04,973,28.5,10.3,+18.3,
51,38,16.16,16.16,17.85,1.105,17.85,1067,33.3,10.5,+22.9,
51,39,17.99,17.28,19.77,1.145,20.59,1140,46.0,12.7,+33.4,
51,40,17.96,17.96,20.10,1.119,20.10,1185,40.8,10.5,+30.4,
51,43,12.38,12.38,13.92,1.124,13.92,817,29.6,10.9,+18.8,
51,43-1,13.19,13.20,14.30,1.084,14.29,871,23.6,10.4,+13.3,
51,43-2,12.83,12.89,14.47,1.123,14.40,851,30.8,11.3,+19.6,
51,44-1,15.70,15.74,17.81,1.131,17.76,1039,39.1,12.9,+26.2,
51,49,2.26,2.27,3.42,1.507,3.40,150,17.2,0.0,+16.9,
51,50,0.80,0.78,0.78,1.000,0.80,52,0.0,0.0,-0.0,
51,52,0.41,0.41,0.41,1.000,0.41,27,0.0,0.0,+0.0,
51,52-1,0.39,0.39,0.39,1.000,0.39,26,0.0,0.0,+0.0,
51,52-2,0.67,0.67,0.67,1.000,0.67,44,0.0,0.0,+0.0,
51,53,1.29,1.31,1.79,1.364,1.76,87,7.3,0.0,+7.2,
51,54,1.26,1.28,1.61,1.263,1.60,84,5.4,0.0,+5.1,
51,55,1.78,1.78,2.02,1.138,2.03,117,4.5,1.1,+3.5,
51,56,11.06,11.08,12.11,1.094,12.10,731,22.1,10.1,+12.0,
51,57,3.72,3.74,4.06,1.085,4.04,247,3.3,11.4,-8.1,
51,57-1,2.74,2.74,2.90,1.058,2.90,181,3.5,1.7,+1.8,
51,58,3.81,3.81,3.68,0.967,3.68,251,0.2,12.2,-12.0,
51,59,2.89,2.90,3.29,1.136,3.28,191,3.3,9.9,-6.4,
51,59-1,3.82,3.82,4.23,1.108,4.23,252,3.3,16.4,-12.8,
51,61,7.21,7.40,8.36,1.130,8.15,488,19.8,8.4,+11.4,
51,62,7.77,8.01,8.41,1.050,8.16,529,12.0,9.8,+2.3,
51,64,8.36,6.64,6.64,1.000,8.36,438,2.3,18.6,-16.3,
51,66,19.85,19.95,25.01,1.254,24.89,1317,74.2,4.8,+69.2,
51,71,9.21,9.00,9.22,1.025,9.44,594,8.0,19.5,-11.4,
51,71-1,7.59,9.00,9.22,1.025,7.78,594,8.0,19.5,-11.4,
51,73,4.54,5.99,6.04,1.008,4.57,395,5.8,12.6,-6.7,경로 다름
51,74,2.71,2.71,3.17,1.167,3.17,179,8.8,2.9,+5.9,
51,75,15.14,15.18,16.02,1.055,15.98,1002,20.8,10.9,+10.1,
51,75-1,14.99,15.08,15.63,1.036,15.53,996,17.6,14.2,+3.5,
51,80,13.56,13.56,15.06,1.111,15.06,895,29.4,20.3,+9.0,
51,81,8.26,8.26,8.55,1.035,8.55,545,8.1,7.7,+0.4,
51,82,4.03,4.05,5.74,1.419,5.72,267,21.6,0.4,+21.0,
51,83,0.84,0.85,0.78,0.925,0.78,56,0.0,1.3,-1.2,
51,84,2.16,2.15,2.36,1.096,2.36,142,4.5,5.0,-0.4,
51,85,9.39,9.41,9.83,1.044,9.80,621,10.2,7.7,+2.5,
51,85-1,14.18,14.48,15.93,1.100,15.59,956,29.0,20.7,+8.2,
51,86,12.87,13.18,14.60,1.108,14.25,870,27.1,20.3,+6.8,
51,101,5.17,5.17,5.01,0.968,5.00,341,1.6,12.6,-11.0,
51,103,5.25,5.32,5.07,0.953,5.01,351,1.6,17.5,-15.8,
51,105-2,21.92,22.02,26.09,1.185,25.98,1453,70.9,15.7,+55.6,
51,129,13.02,13.10,13.48,1.029,13.40,865,13.0,10.9,+2.3,
51,132,19.53,19.53,23.92,1.225,23.92,1289,72.8,14.1,+58.8,
51,135,17.72,17.42,19.93,1.144,20.27,1149,46.3,12.7,+33.7,
51,140,3.06,3.37,4.01,1.188,3.63,223,11.1,2.0,+9.4,
51,140-1,3.06,3.37,4.01,1.188,3.63,223,11.1,2.0,+9.4,
51,140-2,3.06,3.37,4.01,1.188,3.63,223,11.1,2.0,+9.4,
51,142,16.67,16.78,20.95,1.248,20.81,1107,67.9,12.2,+55.8,
51,143,11.18,11.11,13.44,1.210,13.52,733,40.2,11.8,+28.5,
51,152-1,6.96,6.73,6.55,0.974,6.78,444,2.4,18.5,-16.0,
51,153,6.36,6.39,6.21,0.972,6.18,422,2.2,16.5,-14.3,
51,200,11.75,11.86,12.01,1.013,11.90,783,9.2,10.9,-1.6,
51,201,14.34,14.34,14.95,1.042,14.94,947,17.5,11.6,+6.0,
51,203,11.84,11.84,11.99,1.013,11.99,781,9.2,10.9,-1.6,
51,207,0.76,0.98,0.98,1.000,0.76,65,0.0,0.0,+0.0,
51,220,1.57,1.71,1.97,1.147,1.81,113,4.2,0.0,+4.1,
51,221,3.78,3.96,4.39,1.108,4.18,261,7.5,2.4,+5.0,
51,222,1.51,1.51,1.73,1.146,1.73,99,3.6,0.0,+3.6,
51,223,6.49,6.52,7.39,1.134,7.35,430,14.8,2.8,+11.8,
51,300,24.15,24.34,30.31,1.245,30.07,1607,97.8,12.7,+85.2,
51,301,25.22,25.17,31.44,1.249,31.50,1661,102.5,12.7,+89.9,
51,302,27.78,27.98,35.68,1.275,35.42,1847,124.1,12.7,+111.4,
51,500,12.50,12.55,12.85,1.024,12.79,829,15.9,23.2,-7.2,
51,900,,11.19,14.18,1.268,14.18,738,42.9,10.4,+32.3,
51,901,,11.00,14.03,1.275,14.03,726,41.7,13.7,+27.9,
51,902,,10.43,13.37,1.282,13.37,688,41.7,9.5,+32.0,
51,903,,10.87,14.00,1.288,14.00,717,44.0,7.5,+36.3,
51,904,,10.54,13.71,1.301,13.71,696,44.1,6.8,+37.1,
51,905,,12.19,15.31,1.256,15.31,805,45.9,11.0,+34.7,
51,906,,11.54,14.71,1.275,14.71,761,43.8,16.0,+27.3,
51,915,,15.30,18.35,1.200,18.35,1010,41.2,44.5,-3.2,
51,916,,16.44,19.56,1.190,19.56,1085,43.1,45.9,-2.8,
51,917,,17.26,20.51,1.189,20.51,1139,43.2,51.9,-8.6,
51,918,,12.43,16.19,1.302,16.19,821,53.0,9.1,+43.3,
51,919,12.24,12.25,15.35,1.253,15.33,808,41.1,23.7,+17.3,
51,921,,13.93,16.99,1.220,16.99,919,41.3,33.3,+7.9,
51,922,,14.45,17.67,1.223,17.67,954,43.2,30.6,+12.3,
51,923,,14.94,18.19,1.217,18.19,986,44.5,33.3,+11.1,
51,924,,14.92,18.05,1.210,18.05,984,43.3,34.3,+8.8,
51,925,,14.24,17.27,1.213,17.27,940,41.1,33.7,+7.2,
51,926,,14.69,17.66,1.202,17.66,970,41.2,35.5,+5.7,
51,931,,19.70,22.93,1.164,22.93,1300,46.1,58.7,-12.7,
51,932,,19.54,22.72,1.163,22.72,1289,44.1,56.3,-12.5,
51,933,,20.15,23.38,1.160,23.38,1330,45.0,56.3,-11.4,
51,934,,20.23,23.50,1.161,23.50,1335,45.6,56.3,-10.8,
51,935,,21.51,24.67,1.147,24.67,1420,45.3,59.7,-14.4,
51,942,19.63,19.75,23.29,1.179,23.14,1304,49.6,43.3,+6.2,
51,946,,14.73,17.86,1.213,17.86,972,41.1,44.2,-3.2,
51,GATE,8.19,8.19,7.83,0.956,7.82,541,0.4,25.9,-25.5,
52,1,5.87,5.87,5.68,0.967,5.68,387,2.0,8.7,-6.7,
52,2,5.77,5.77,5.85,1.015,5.85,381,6.2,8.4,-2.3,
52,3,5.13,5.24,6.33,1.207,6.19,346,13.3,9.5,+3.7,
52,4,5.22,5.22,6.30,1.208,6.31,344,13.3,9.5,+3.7,
52,5,5.72,5.72,6.80,1.190,6.80,377,13.3,9.5,+3.8,
52,6,6.12,6.12,7.37,1.205,7.37,404,16.0,9.5,+6.4,
52,7,6.70,6.70,7.96,1.188,7.96,442,16.1,9.5,+6.6,
52,8,7.45,7.44,8.70,1.169,8.71,491,16.6,9.9,+6.6,
52,9,7.48,7.47,9.05,1.211,9.06,493,21.1,9.6,+11.5,
52,10,7.81,7.90,9.79,1.239,9.68,521,25.9,9.5,+16.2,
52,10-1,8.42,8.44,10.53,1.249,10.52,557,28.9,9.5,+19.3,
52,11,8.47,8.47,10.32,1.218,10.32,559,25.3,9.6,+15.6,
52,12,8.76,8.94,10.28,1.149,10.07,590,25.5,8.4,+17.0,
52,13,8.99,9.18,10.63,1.158,10.41,606,27.2,8.4,+18.8,
52,14,6.59,6.62,8.17,1.234,8.13,437,20.5,9.5,+10.8,
52,15,2.68,2.74,2.64,0.967,2.59,181,0.0,9.7,-9.5,
52,15-1,4.83,4.09,3.91,0.955,4.61,270,0.0,14.7,-14.7,
52,16,3.22,3.19,3.12,0.978,3.15,210,0.0,10.0,-10.0,
52,16-1,3.87,5.17,4.85,0.939,3.64,341,0.0,18.4,-18.3,경로 다름
52,17,2.58,2.58,2.47,0.957,2.47,170,0.0,6.2,-6.2,
52,18,14.08,14.29,16.48,1.154,16.25,943,39.1,12.3,+26.8,
52,19,14.88,14.92,17.03,1.142,16.99,984,39.2,14.1,+25.0,
52,20,9.80,10.10,11.72,1.161,11.37,666,29.8,10.4,+19.5,
52,21,12.39,12.54,14.30,1.140,14.12,828,30.4,10.4,+19.9,
52,22,10.58,10.58,11.15,1.053,11.15,698,14.6,10.1,+4.5,
52,24,8.13,8.28,7.93,0.958,7.78,547,1.3,11.0,-9.7,
52,25,9.26,9.38,9.16,0.977,9.04,619,3.5,10.8,-7.3,
52,25-1,9.69,9.69,9.48,0.978,9.48,640,3.5,10.8,-7.3,
52,26,9.79,9.79,9.58,0.978,9.58,646,3.5,10.8,-7.3,
52,27,11.31,11.01,10.79,0.981,11.09,726,3.5,10.9,-7.3,
52,28,11.94,12.08,12.30,1.018,12.15,797,11.3,12.8,-1.5,
52,29,17.45,17.59,21.64,1.230,21.47,1161,66.3,12.2,+54.1,
52,30,13.50,13.53,14.34,1.060,14.31,893,19.1,10.3,+8.8,
52,31,13.00,12.95,13.49,1.042,13.54,855,16.3,12.5,+3.8,
52,32,15.28,15.28,15.93,1.042,15.93,1009,18.0,10.8,+7.2,
52,32-1,15.21,15.22,15.87,1.043,15.86,1005,18.0,10.8,+7.2,
52,33,14.81,14.82,15.92,1.074,15.90,978,24.0,10.3,+13.7,
52,34,14.29,14.29,15.38,1.077,15.38,943,23.9,10.3,+13.6,
52,35,13.14,13.14,15.16,1.153,15.16,867,34.6,10.4,+24.1,
52,36,15.52,15.53,17.28,1.113,17.27,1025,34.0,13.8,+20.5,
52,37,14.73,14.83,15.92,1.074,15.82,978,24.0,10.3,+13.7,
52,38,16.25,16.24,17.63,1.086,17.64,1072,28.8,10.4,+18.3,
52,39,18.07,17.36,19.56,1.126,20.36,1146,41.5,12.7,+28.8,
52,40,18.04,18.04,19.89,1.102,19.89,1191,36.2,10.4,+25.8,
52,43,12.47,12.46,13.70,1.099,13.70,823,25.1,10.9,+14.2,
52,43-1,13.27,13.28,14.09,1.061,14.08,877,19.1,10.4,+8.7,
52,43-2,12.91,12.97,14.25,1.099,14.18,856,26.2,11.3,+14.9,
52,44-1,15.78,15.83,17.59,1.111,17.54,1045,34.5,12.9,+21.6,
52,49,1.17,1.19,1.68,1.415,1.66,78,7.5,0.0,+7.2,
52,50,1.25,1.25,1.21,0.973,1.21,82,0.0,0.7,-0.6,
52,51,0.41,0.41,0.41,1.000,0.41,27,0.0,0.0,-0.0,
52,52-1,0.08,0.08,0.08,1.000,0.08,5,0.0,0.0,+0.0,
52,52-2,0.70,0.85,0.85,1.000,0.70,56,0.0,0.0,+0.0,
52,53,0.55,0.55,0.55,1.000,0.55,36,0.0,0.0,+0.0,
52,54,1.19,1.19,1.28,1.079,1.28,78,1.7,0.0,+1.6,
52,55,1.79,1.73,1.84,1.064,1.91,114,2.0,0.0,+2.0,
52,56,11.15,11.16,11.90,1.066,11.88,737,17.5,10.1,+7.4,
52,57,2.92,3.08,3.22,1.046,3.05,204,1.0,13.2,-12.1,
52,57-1,2.06,2.08,2.06,0.990,2.04,137,1.2,3.5,-2.2,
52,58,3.66,4.45,4.69,1.053,3.85,294,1.0,19.9,-18.8,
52,59,2.08,2.24,2.46,1.096,2.28,148,1.0,11.7,-10.4,
52,59-1,3.01,3.16,3.40,1.074,3.23,209,1.0,18.1,-16.8,
52,61,7.30,7.48,8.14,1.088,7.94,494,15.3,8.4,+6.8,
52,62,7.86,8.10,8.19,1.012,7.95,534,7.5,9.8,-2.3,
52,64,8.98,7.83,7.78,0.994,8.93,516,2.3,22.3,-20.0,
52,66,19.77,19.86,24.68,1.243,24.57,1311,70.6,4.8,+65.7,
52,71,8.77,8.56,8.51,0.994,8.71,565,3.1,21.6,-18.5,
52,71-1,8.31,8.56,8.51,0.994,8.27,565,3.1,21.6,-18.5,
52,73,4.96,6.08,5.82,0.958,4.75,401,1.2,12.6,-11.4,
52,74,2.80,2.80,2.95,1.054,2.95,185,4.3,2.9,+1.3,
52,75,15.23,15.27,15.81,1.035,15.77,1008,16.3,10.9,+5.4,
52,75-1,15.07,15.17,15.41,1.016,15.32,1001,13.0,14.2,-1.2,
52,80,14.40,14.45,15.92,1.102,15.86,954,29.4,22.3,+7.0,
52,81,6.71,6.71,6.69,0.998,6.70,443,3.1,7.7,-4.6,
52,82,3.12,3.96,5.41,1.368,4.26,261,18.0,0.4,+17.5,
52,83,1.75,1.80,1.72,0.955,1.67,119,0.0,4.9,-4.8,
52,84,2.24,2.24,2.14,0.957,2.14,148,0.0,5.0,-5.0,
52,85,7.83,7.86,7.97,1.014,7.94,519,5.3,7.7,-2.5,
52,85-1,15.02,15.38,16.79,1.092,16.40,1015,29.0,22.7,+6.2,
52,86,13.71,14.08,15.46,1.099,15.06,929,27.1,22.3,+4.8,
52,101,6.31,6.36,6.15,0.966,6.10,420,1.6,16.3,-14.7,
52,103,5.68,5.74,5.42,0.944,5.36,379,0.0,20.8,-20.8,
52,105-2,22.01,22.10,25.87,1.170,25.76,1459,66.4,15.7,+50.9,
52,129,13.11,13.19,13.26,1.006,13.18,870,8.5,10.8,-2.4,
52,132,19.62,19.61,23.70,1.208,23.70,1295,68.3,14.1,+54.2,
52,135,17.81,17.50,19.71,1.126,20.05,1155,41.7,12.7,+29.1,
52,140,1.50,1.83,2.14,1.170,1.75,121,6.0,2.0,+4.2,
52,140-1,1.50,1.83,2.14,1.170,1.75,121,6.0,2.0,+4.2,
52,140-2,1.50,1.83,2.14,1.170,1.75,121,6.0,2.0,+4.2,
52,142,16.75,16.86,20.73,1.229,20.59,1113,63.3,12.2,+51.1,
52,143,11.26,11.19,13.22,1.181,13.30,739,35.6,11.8,+23.8,
52,152-1,7.80,7.62,7.41,0.973,7.59,503,2.4,20.5,-18.0,
52,153,7.20,7.28,7.07,0.971,7.00,481,2.2,18.5,-16.3,
52,200,11.84,11.95,11.80,0.987,11.68,789,4.6,10.8,-6.2,
52,201,14.42,14.43,14.73,1.021,14.72,952,12.9,11.6,+1.3,
52,203,11.92,11.92,11.77,0.987,11.77,787,4.6,10.8,-6.2,
52,207,0.86,1.01,0.95,0.941,0.81,67,0.0,2.3,-2.3,
52,220,0.20,0.21,0.21,1.000,0.20,14,0.0,0.0,+0.0,
52,221,2.22,2.40,2.53,1.052,2.33,158,2.5,2.4,+0.0,
52,222,0.83,0.85,0.89,1.049,0.87,56,1.4,1.8,-0.4,
52,223,4.93,4.96,5.53,1.115,5.50,327,9.8,2.8,+6.8,
52,300,24.23,24.43,30.09,1.232,29.85,1612,93.2,12.7,+80.6,
52,301,25.30,25.26,31.22,1.236,31.28,1667,97.9,12.7,+85.2,
52,302,27.86,28.06,35.46,1.264,35.21,1852,119.6,12.7,+106.8,
52,500,12.59,12.64,12.63,0.999,12.58,834,11.3,23.2,-11.8,
52,900,,11.10,13.85,1.248,13.85,733,39.3,10.4,+28.8,
52,901,,10.91,13.70,1.256,13.70,720,38.0,13.7,+24.4,
52,902,,10.34,13.04,1.262,13.04,682,38.0,9.5,+28.5,
52,903,,10.78,13.67,1.268,13.67,711,40.3,7.5,+32.8,
52,904,,10.45,13.38,1.280,13.38,690,40.4,6.8,+33.6,
52,905,,12.10,14.98,1.238,14.98,799,42.2,11.0,+31.2,
52,906,,11.45,14.38,1.256,14.38,755,40.1,16.0,+23.8,
52,915,,15.21,18.02,1.185,18.02,1004,37.5,44.5,-6.7,
52,916,,16.35,19.23,1.176,19.23,1079,39.4,45.9,-6.3,
52,917,,17.17,20.18,1.175,20.18,1133,39.6,51.9,-12.1,
52,918,,12.34,15.86,1.285,15.86,815,49.4,9.1,+39.8,
52,919,12.16,12.16,15.01,1.235,15.02,802,37.5,23.7,+13.8,
52,921,,13.84,16.66,1.204,16.66,913,37.6,33.3,+4.4,
52,922,,14.36,17.34,1.207,17.34,948,39.6,30.6,+8.8,
52,923,,14.85,17.86,1.202,17.86,980,40.8,33.3,+7.5,
52,924,,14.83,17.72,1.195,17.72,978,39.6,34.3,+5.3,
52,925,,14.15,16.94,1.197,16.94,934,37.5,33.7,+3.7,
52,926,,14.60,17.33,1.187,17.33,964,37.5,35.5,+2.1,
52,931,,19.61,22.59,1.152,22.59,1294,42.4,58.7,-16.2,
52,932,,19.45,22.39,1.151,22.39,1284,40.4,56.3,-16.0,
52,933,,20.06,23.05,1.149,23.05,1324,41.3,56.3,-14.9,
52,934,,20.14,23.17,1.150,23.17,1329,41.9,56.3,-14.4,
52,935,,21.42,24.34,1.136,24.34,1414,41.7,59.7,-17.9,
52,942,19.55,19.66,22.96,1.168,22.83,1298,45.9,43.3,+2.7,
52,946,,14.64,17.53,1.197,17.53,966,37.5,44.2,-6.8,
52,GATE,9.33,9.38,8.97,0.956,8.92,619,0.4,29.7,-29.2,
52-1,1,6.56,6.69,6.59,0.985,6.46,441,4.3,9.6,-5.3,
52-1,2,6.45,6.58,6.76,1.027,6.63,434,8.5,9.4,-0.9,
52-1,3,5.73,5.85,6.95,1.188,6.81,386,15.3,15.5,-0.2,
52-1,4,5.82,5.82,6.92,1.189,6.92,384,15.3,15.5,-0.2,
52-1,5,6.32,6.32,7.42,1.174,7.42,417,15.3,15.4,-0.2,
52-1,6,6.73,6.73,7.99,1.188,7.99,444,18.1,15.4,+2.4,
52-1,7,7.31,7.31,8.58,1.174,8.58,482,18.2,15.4,+2.6,
52-1,8,8.13,8.05,9.32,1.158,9.41,531,18.6,15.8,+2.6,
52-1,9,8.08,8.08,9.67,1.197,9.67,533,23.2,15.6,+7.5,
52-1,10,8.42,8.51,10.41,1.224,10.30,561,27.9,15.4,+12.3,
52-1,10-1,9.03,9.04,11.15,1.233,11.13,597,31.0,15.4,+15.3,
52-1,11,9.08,9.08,10.94,1.205,10.94,599,27.3,15.6,+11.7,
52-1,12,9.45,9.68,11.65,1.204,11.37,639,29.2,16.0,+13.0,
52-1,13,9.67,9.91,12.01,1.211,11.72,654,30.9,16.0,+14.8,
52-1,14,7.20,7.23,8.79,1.216,8.75,477,22.6,15.4,+6.8,
52-1,15,3.36,3.42,3.35,0.980,3.30,226,1.6,10.1,-8.3,
52-1,15-1,5.48,4.77,4.61,0.967,5.30,315,1.6,15.0,-13.4,
52-1,16,3.16,3.10,3.03,0.978,3.09,205,0.0,10.0,-10.0,
52-1,16-1,4.53,5.85,5.56,0.950,4.30,386,1.6,18.8,-17.1,
52-1,17,2.99,3.21,3.19,0.994,2.97,212,2.1,7.4,-5.3,
52-1,18,14.77,15.10,17.40,1.152,17.01,997,41.4,13.2,+28.2,
52-1,19,15.57,15.73,17.94,1.140,17.75,1038,41.4,15.1,+26.4,
52-1,20,10.48,10.91,12.63,1.158,12.13,720,32.1,11.3,+20.9,
52-1,21,13.07,13.36,15.21,1.138,14.88,882,32.7,11.4,+21.3,
52-1,22,11.27,11.40,12.06,1.058,11.92,752,16.9,11.0,+5.9,
52-1,24,8.81,9.10,8.84,0.972,8.57,600,3.6,12.0,-8.3,
52-1,25,9.94,10.19,10.07,0.988,9.82,673,5.8,11.8,-6.0,
52-1,25-1,10.38,10.51,10.39,0.989,10.26,694,5.8,11.8,-6.0,
52-1,26,10.48,10.61,10.49,0.989,10.36,700,5.8,11.8,-6.0,
52-1,27,12.00,11.82,11.71,0.990,11.88,780,5.8,11.8,-5.9,
52-1,28,12.62,12.90,13.21,1.024,12.93,851,13.6,13.7,-0.1,
52-1,29,18.13,18.40,22.55,1.225,22.22,1215,68.6,13.1,+55.5,
52-1,30,14.19,14.35,15.25,1.063,15.08,947,21.4,11.2,+10.2,
52-1,31,13.68,13.76,14.40,1.046,14.31,908,18.6,13.4,+5.2,
52-1,32,15.97,16.10,16.84,1.046,16.70,1062,20.3,11.8,+8.6,
52-1,32-1,15.89,16.04,16.78,1.046,16.63,1058,20.3,11.8,+8.6,
52-1,33,15.50,15.64,16.83,1.076,16.67,1032,26.3,11.2,+15.0,
52-1,34,14.97,15.10,16.29,1.079,16.15,997,26.2,11.2,+15.0,
52-1,35,13.83,13.96,16.07,1.151,15.92,921,36.9,11.4,+25.5,
52-1,36,16.21,16.35,18.19,1.113,18.04,1079,36.3,14.7,+21.9,
52-1,37,15.42,15.64,16.83,1.076,16.59,1032,26.3,11.2,+15.0,
52-1,38,16.93,17.06,18.55,1.087,18.40,1126,31.0,11.4,+19.7,
52-1,39,18.76,18.18,20.47,1.126,21.12,1200,43.8,13.6,+30.2,
52-1,40,18.73,18.86,20.80,1.103,20.65,1245,38.5,11.4,+27.1,
52-1,43,13.15,13.28,14.61,1.100,14.47,877,27.4,11.8,+15.6,
52-1,43-1,13.96,14.10,15.00,1.064,14.85,930,21.4,11.3,+10.1,
52-1,43-2,13.60,13.79,15.16,1.100,14.95,910,28.5,12.2,+16.3,
52-1,44-1,16.47,16.64,18.50,1.111,18.30,1099,36.8,13.8,+23.0,
52-1,49,1.17,1.19,1.68,1.415,1.66,78,7.5,0.0,+7.2,
52-1,50,1.88,1.88,1.76,0.936,1.76,124,0.0,3.3,-3.3,
52-1,51,0.39,0.39,0.39,1.000,0.39,26,0.0,0.0,-0.0,
52-1,52,0.08,0.08,0.08,1.000,0.08,5,0.0,0.0,-0.0,
52-1,52-2,0.69,0.79,0.79,1.000,0.69,52,0.0,0.0,+0.0,
52-1,53,0.87,0.94,1.07,1.142,0.99,62,2.4,0.2,+2.1,
52-1,54,1.87,2.00,2.22,1.105,2.07,132,4.5,1.5,+3.0,
52-1,55,2.48,2.54,2.77,1.090,2.70,168,4.8,1.4,+3.3,
52-1,56,11.83,11.98,12.81,1.069,12.66,790,19.8,11.0,+8.8,
52-1,57,2.92,3.08,3.22,1.046,3.05,204,1.0,13.2,-12.1,
52-1,57-1,2.06,2.08,2.06,0.990,2.04,137,1.2,3.5,-2.2,
52-1,58,3.66,4.45,4.69,1.053,3.85,294,1.0,19.9,-18.8,
52-1,59,2.08,2.24,2.46,1.096,2.28,148,1.0,11.7,-10.4,
52-1,59-1,3.01,3.16,3.40,1.074,3.23,209,1.0,18.1,-16.8,
52-1,61,7.98,8.22,9.52,1.158,9.25,543,19.0,16.0,+2.8,
52-1,62,8.54,8.91,9.11,1.021,8.73,588,9.8,10.7,-0.9,
52-1,64,9.44,7.74,7.69,0.994,9.38,511,2.3,22.3,-20.0,
52-1,66,20.38,20.47,25.29,1.236,25.18,1351,72.5,10.7,+61.8,
52-1,71,8.77,8.56,8.51,0.994,8.71,565,3.1,21.6,-18.5,
52-1,71-1,8.31,8.56,8.51,0.994,8.27,565,3.1,21.6,-18.5,
52-1,73,5.62,6.89,6.73,0.976,5.48,455,3.5,13.5,-10.0,
52-1,74,3.48,3.61,3.86,1.068,3.72,239,6.6,3.9,+2.7,
52-1,75,15.91,16.08,16.72,1.039,16.54,1062,18.6,11.8,+6.8,
52-1,75-1,15.76,15.99,16.32,1.021,16.09,1055,15.3,15.1,+0.2,
52-1,80,14.34,14.37,15.84,1.102,15.81,948,29.4,22.3,+7.0,
52-1,81,6.71,6.71,6.69,0.998,6.70,443,3.1,7.7,-4.6,
52-1,82,3.51,4.56,6.02,1.319,4.62,301,20.0,6.3,+13.5,경로 다름
52-1,83,1.69,1.71,1.63,0.953,1.61,113,0.0,4.9,-4.8,
52-1,84,2.93,3.06,3.05,1.000,2.92,202,2.3,6.0,-3.6,
52-1,85,7.83,7.86,7.97,1.014,7.94,519,5.3,7.7,-2.5,
52-1,85-1,14.96,15.29,16.71,1.093,16.34,1009,29.0,22.7,+6.2,
52-1,86,13.65,13.99,15.38,1.099,15.01,923,27.1,22.3,+4.8,
52-1,101,6.25,6.28,6.06,0.966,6.04,414,1.6,16.3,-14.7,
52-1,103,6.33,6.43,6.13,0.954,6.04,424,1.6,21.2,-19.6,
52-1,105-2,22.70,22.92,26.78,1.169,26.52,1513,68.7,16.7,+52.3,
52-1,129,13.79,14.00,14.17,1.012,13.96,924,10.8,11.8,-1.0,
52-1,132,20.30,20.43,24.61,1.205,24.45,1348,70.6,15.0,+55.6,
52-1,135,18.49,18.32,20.62,1.126,20.82,1209,44.0,13.6,+30.5,
52-1,140,1.50,1.83,2.14,1.170,1.75,121,6.0,2.0,+4.2,
52-1,140-1,1.50,1.83,2.14,1.170,1.75,121,6.0,2.0,+4.2,
52-1,140-2,1.50,1.83,2.14,1.170,1.75,121,6.0,2.0,+4.2,
52-1,142,17.44,17.68,21.64,1.224,21.34,1167,65.6,13.1,+52.5,
52-1,143,11.95,12.01,14.13,1.177,14.06,793,37.9,12.7,+25.2,
52-1,152-1,7.74,7.53,7.33,0.973,7.53,497,2.4,20.5,-18.0,
52-1,153,7.14,7.20,6.99,0.971,6.94,475,2.2,18.5,-16.3,
52-1,200,12.52,12.77,12.71,0.995,12.46,843,6.9,11.8,-4.8,
52-1,201,15.11,15.24,15.64,1.026,15.50,1006,15.2,12.5,+2.7,
52-1,203,12.61,12.74,12.68,0.995,12.55,841,6.9,11.8,-4.8,
52-1,207,0.74,0.90,0.90,1.000,0.74,60,0.0,0.0,+0.0,
52-1,220,0.20,0.21,0.21,1.000,0.20,14,0.0,0.0,+0.0,
52-1,221,2.22,2.40,2.53,1.052,2.33,158,2.5,2.4,+0.0,
52-1,222,0.83,0.85,0.89,1.049,0.87,56,1.4,1.8,-0.4,
52-1,223,4.93,4.96,5.53,1.115,5.50,327,9.8,2.8,+6.8,
52-1,300,24.92,25.24,31.00,1.228,30.60,1666,95.5,13.6,+82.0,
52-1,301,25.99,26.07,32.14,1.232,32.03,1721,100.2,13.6,+86.6,
52-1,302,28.55,28.88,36.37,1.260,35.96,1906,121.9,13.6,+108.2,
52-1,500,13.27,13.45,13.54,1.007,13.36,888,13.6,24.1,-10.4,
52-1,900,,11.71,14.46,1.235,14.46,773,41.2,16.3,+24.8,
52-1,901,,11.51,14.30,1.242,14.30,760,40.0,19.6,+20.4,
52-1,902,,10.94,13.65,1.247,13.65,722,40.0,15.4,+24.5,
52-1,903,,11.39,14.28,1.254,14.28,752,42.3,13.3,+28.8,
52-1,904,,11.06,13.99,1.265,13.99,730,42.4,12.7,+29.6,
52-1,905,,12.71,15.59,1.227,15.59,839,44.2,16.9,+27.2,
52-1,906,,12.05,14.99,1.244,14.99,796,42.1,21.8,+19.8,
52-1,915,,15.81,18.63,1.178,18.63,1044,39.5,50.4,-10.7,
52-1,916,,16.95,19.84,1.170,19.84,1119,41.4,51.7,-10.3,
52-1,917,,17.77,20.79,1.170,20.79,1173,41.5,57.7,-16.1,
52-1,918,,12.95,16.46,1.271,16.46,855,51.3,14.9,+35.8,
52-1,919,12.77,12.76,15.62,1.224,15.62,842,39.5,29.6,+9.8,
52-1,921,,14.44,17.27,1.196,17.27,953,39.6,39.2,+0.4,
52-1,922,,14.97,17.95,1.199,17.95,988,41.5,36.5,+4.8,
52-1,923,,15.46,18.47,1.195,18.47,1020,42.8,39.2,+3.6,
52-1,924,,15.43,18.33,1.188,18.33,1019,41.6,40.1,+1.3,
52-1,925,,14.75,17.55,1.189,17.55,974,39.5,39.6,-0.2,
52-1,926,,15.21,17.94,1.179,17.94,1004,39.5,41.3,-1.8,
52-1,931,,20.21,23.20,1.148,23.20,1334,44.4,64.5,-20.2,
52-1,932,,20.05,23.00,1.147,23.00,1324,42.4,62.1,-20.0,
52-1,933,,20.66,23.65,1.145,23.65,1364,43.3,62.2,-18.9,
52-1,934,,20.75,23.78,1.146,23.78,1370,43.9,62.2,-18.3,
52-1,935,,22.03,24.95,1.132,24.95,1454,43.6,65.6,-21.9,
52-1,942,20.16,20.27,23.57,1.163,23.44,1338,47.9,49.1,-1.3,
52-1,946,,15.25,18.14,1.190,18.14,1006,39.5,50.0,-10.7,
52-1,GATE,9.27,9.30,8.88,0.956,8.86,614,0.4,29.7,-29.2,
52-2,1,7.08,7.08,6.98,0.985,6.98,467,4.3,9.8,-5.5,
52-2,2,6.98,6.97,7.15,1.025,7.15,460,8.5,9.5,-1.0,
52-2,3,6.34,6.45,7.65,1.186,7.51,426,16.1,11.1,+5.0,
52-2,4,6.43,6.42,7.62,1.187,7.63,424,16.1,11.1,+5.0,
52-2,5,6.92,6.92,8.12,1.173,8.12,457,16.1,11.1,+5.0,
52-2,6,7.33,7.33,8.69,1.186,8.69,484,18.8,11.1,+7.7,
52-2,7,7.91,7.91,9.28,1.173,9.28,522,18.9,11.1,+7.9,
52-2,8,8.66,8.65,10.02,1.158,10.03,571,19.4,11.5,+7.9,
52-2,9,8.68,8.68,10.37,1.195,10.38,573,23.9,11.2,+12.7,
52-2,10,9.02,9.11,11.11,1.220,11.00,601,28.7,11.1,+17.5,
52-2,10-1,9.63,9.64,11.85,1.229,11.84,637,31.7,11.1,+20.6,
52-2,11,9.68,9.68,11.64,1.202,11.64,639,28.1,11.2,+16.9,
52-2,12,9.97,10.15,11.57,1.140,11.37,670,27.8,9.5,+18.2,
52-2,13,10.20,10.38,11.93,1.148,11.71,685,29.5,9.5,+20.0,
52-2,14,7.80,7.83,9.49,1.212,9.45,517,23.3,11.1,+12.0,
52-2,15,3.56,3.56,3.50,0.982,3.50,235,1.6,10.0,-8.1,
52-2,15-1,5.65,4.91,4.76,0.969,5.47,324,1.6,14.9,-13.3,
52-2,16,3.33,3.24,3.18,0.980,3.27,214,0.0,9.9,-9.8,
52-2,16-1,4.70,5.99,5.71,0.952,4.47,396,1.6,18.6,-17.0,
52-2,17,3.16,3.35,3.34,0.996,3.15,221,2.1,7.3,-5.1,
52-2,18,15.29,15.49,17.78,1.148,17.55,1023,41.4,13.4,+28.1,
52-2,19,16.09,16.12,18.32,1.136,18.29,1064,41.4,15.2,+26.2,
52-2,20,11.00,11.30,13.02,1.152,12.67,746,32.1,11.4,+20.7,
52-2,21,13.60,13.75,15.59,1.134,15.42,907,32.7,11.5,+21.2,
52-2,22,11.79,11.79,12.44,1.055,12.44,778,16.9,11.1,+5.8,
52-2,24,9.34,9.49,9.23,0.973,9.08,626,3.6,12.1,-8.5,
52-2,25,10.46,10.58,10.46,0.988,10.34,699,5.8,11.9,-6.1,
52-2,25-1,10.90,10.90,10.78,0.988,10.78,720,5.8,11.9,-6.1,
52-2,26,11.00,11.00,10.87,0.989,10.88,726,5.8,11.9,-6.1,
52-2,27,12.52,12.22,12.09,0.990,12.39,806,5.8,11.9,-6.1,
52-2,28,13.14,13.29,13.59,1.023,13.45,877,13.6,13.9,-0.2,
52-2,29,18.66,18.80,22.93,1.220,22.76,1241,68.6,13.2,+55.4,
52-2,30,14.71,14.74,15.64,1.061,15.60,973,21.4,11.4,+10.0,
52-2,31,14.21,14.16,14.78,1.044,14.84,934,18.6,13.5,+5.1,
52-2,32,16.49,16.49,17.23,1.045,17.23,1088,20.3,11.9,+8.4,
52-2,32-1,16.42,16.43,17.17,1.045,17.15,1084,20.3,11.9,+8.4,
52-2,33,16.02,16.03,17.22,1.074,17.20,1058,26.3,11.4,+14.9,
52-2,34,15.49,15.49,16.68,1.076,16.68,1023,26.2,11.4,+14.8,
52-2,35,14.35,14.35,16.45,1.147,16.45,947,36.9,11.5,+25.4,
52-2,36,16.73,16.74,18.58,1.110,18.57,1105,36.3,14.8,+21.7,
52-2,37,15.94,16.03,17.22,1.074,17.12,1058,26.3,11.4,+14.9,
52-2,38,17.45,17.45,18.93,1.085,18.93,1152,31.0,11.5,+19.5,
52-2,39,19.28,18.57,20.85,1.123,21.65,1226,43.8,13.7,+30.0,
52-2,40,19.25,19.25,21.18,1.100,21.18,1271,38.5,11.5,+27.0,
52-2,43,13.67,13.67,14.99,1.097,15.00,902,27.3,11.9,+15.4,
52-2,43-1,14.48,14.49,15.38,1.062,15.37,956,21.4,11.4,+9.9,
52-2,43-2,14.12,14.18,15.55,1.096,15.48,936,28.5,12.4,+16.2,
52-2,44-1,16.99,17.04,18.89,1.109,18.84,1124,36.8,14.0,+22.8,
52-2,49,2.18,2.32,3.14,1.351,2.95,153,12.6,0.0,+12.5,
52-2,50,2.05,2.02,1.90,0.943,1.93,133,0.0,3.2,-3.2,
52-2,51,0.67,0.67,0.67,1.000,0.67,44,0.0,0.0,-0.0,
52-2,52,0.70,0.85,0.85,1.000,0.70,56,0.0,0.0,-0.0,
52-2,52-1,0.69,0.79,0.79,1.000,0.69,52,0.0,0.0,-0.0,
52-2,53,1.88,2.07,2.53,1.219,2.29,137,7.5,0.2,+7.3,
52-2,54,2.40,2.40,2.60,1.085,2.60,158,4.5,1.6,+2.8,
52-2,55,3.00,2.93,3.16,1.076,3.23,194,4.8,1.6,+3.2,
52-2,56,12.36,12.37,13.19,1.067,13.18,816,19.8,11.1,+8.6,
52-2,57,2.25,2.27,2.14,0.944,2.12,150,0.0,5.3,-5.3,
52-2,57-1,2.01,2.02,1.97,0.975,1.96,133,0.0,3.6,-3.6,
52-2,58,3.00,3.64,3.60,0.991,2.97,240,0.0,12.0,-12.0,
52-2,59,1.41,1.42,1.39,0.975,1.38,94,0.2,3.5,-3.3,
52-2,59-1,2.34,2.34,2.31,0.986,2.31,155,0.0,10.3,-10.0,
52-2,61,8.51,8.69,9.44,1.086,9.24,574,17.6,9.5,+8.0,
52-2,62,9.07,9.31,9.49,1.020,9.25,614,9.8,10.8,-1.1,
52-2,64,9.61,7.88,7.84,0.994,9.56,520,2.3,22.1,-19.9,
52-2,66,20.98,21.07,26.00,1.234,25.89,1391,73.4,6.4,+67.0,
52-2,71,9.79,9.60,9.74,1.014,9.93,633,8.0,18.7,-10.7,
52-2,71-1,8.19,9.60,9.74,1.014,8.31,633,8.0,18.7,-10.7,
52-2,73,5.79,7.28,7.12,0.977,5.65,481,3.5,13.6,-10.1,
52-2,74,4.01,4.01,4.25,1.060,4.25,264,6.6,4.0,+2.5,
52-2,75,16.44,16.48,17.10,1.038,17.06,1087,18.6,11.9,+6.7,
52-2,75-1,16.28,16.38,16.71,1.020,16.61,1081,15.3,15.3,+0.1,
52-2,80,14.16,14.16,15.58,1.100,15.58,935,29.4,19.5,+9.8,
52-2,81,7.73,7.86,8.15,1.037,8.02,519,8.1,7.7,+0.4,
52-2,82,4.51,5.16,6.73,1.303,5.88,341,20.8,2.0,+18.8,
52-2,83,1.86,1.86,1.78,0.960,1.79,122,0.0,4.7,-4.7,
52-2,84,3.45,3.45,3.44,0.998,3.44,227,2.3,6.1,-3.8,
52-2,85,8.85,9.01,9.42,1.046,9.26,594,10.2,7.7,+2.5,
52-2,85-1,14.78,15.08,16.45,1.090,16.11,995,28.9,19.9,+9.0,
52-2,86,13.47,13.78,15.12,1.097,14.78,910,27.1,19.5,+7.6,
52-2,101,6.42,6.42,6.21,0.967,6.21,424,1.6,16.1,-14.5,
52-2,103,6.50,6.57,6.28,0.956,6.21,434,1.6,21.0,-19.4,
52-2,105-2,23.22,23.31,27.17,1.165,27.06,1538,68.7,16.8,+52.2,
52-2,129,14.32,14.39,14.56,1.011,14.48,950,10.8,11.9,-1.1,
52-2,132,20.82,20.82,25.00,1.200,25.00,1374,70.6,15.2,+55.4,
52-2,135,19.01,18.71,21.00,1.123,21.35,1235,44.0,13.7,+30.3,
52-2,140,2.52,2.97,3.60,1.214,3.06,196,11.0,2.0,+9.4,
52-2,140-1,2.52,2.97,3.60,1.214,3.06,196,11.0,2.0,+9.4,
52-2,140-2,2.52,2.97,3.60,1.214,3.06,196,11.0,2.0,+9.4,
52-2,142,17.96,18.07,22.03,1.219,21.89,1193,65.6,13.2,+52.4,
52-2,143,12.47,12.40,14.52,1.171,14.60,818,37.9,12.8,+25.1,
52-2,152-1,7.56,7.32,7.07,0.965,7.30,483,2.4,17.7,-15.2,
52-2,153,6.96,6.99,6.73,0.963,6.70,461,2.2,15.7,-13.5,
52-2,200,13.04,13.16,13.09,0.995,12.98,868,6.9,11.9,-5.0,
52-2,201,15.63,15.63,16.02,1.025,16.02,1032,15.2,12.6,+2.6,
52-2,203,13.13,13.13,13.07,0.995,13.07,867,6.9,11.9,-5.0,
52-2,207,0.63,0.63,0.63,1.000,0.63,41,0.0,0.0,+0.0,
52-2,220,1.04,1.31,1.56,1.193,1.24,86,4.2,0.0,+4.1,
52-2,221,3.24,3.55,3.98,1.121,3.63,234,7.5,2.4,+5.0,
52-2,222,0.66,0.68,0.71,1.045,0.69,45,0.6,0.0,+0.5,
52-2,223,5.95,6.11,6.98,1.143,6.80,403,14.8,2.8,+11.8,
52-2,300,25.44,25.64,31.38,1.224,31.15,1692,95.5,13.7,+81.8,
52-2,301,26.51,26.47,32.52,1.229,32.57,1747,100.2,13.7,+86.5,
52-2,302,29.07,29.27,36.76,1.256,36.51,1932,121.9,13.7,+108.0,
52-2,500,13.79,13.85,13.93,1.006,13.88,914,13.6,24.2,-10.6,
52-2,900,,12.31,15.17,1.233,15.17,812,42.1,12.0,+30.0,
52-2,901,,12.12,15.02,1.239,15.02,800,40.8,15.3,+25.7,
52-2,902,,11.55,14.36,1.244,14.36,762,40.8,11.1,+29.8,
52-2,903,,11.99,14.99,1.251,14.99,791,43.1,9.0,+34.1,
52-2,904,,11.66,14.70,1.261,14.70,770,43.2,8.4,+34.8,
52-2,905,,13.31,16.30,1.225,16.30,878,45.0,12.6,+32.4,
52-2,906,,12.65,15.70,1.241,15.70,835,42.9,17.5,+25.0,
52-2,915,,16.42,19.34,1.178,19.34,1083,40.3,46.1,-5.4,
52-2,916,,17.56,20.55,1.170,20.55,1159,42.2,47.5,-5.0,
52-2,917,,18.37,21.50,1.170,21.50,1213,42.4,53.4,-10.9,
52-2,918,,13.55,17.17,1.267,17.17,894,52.2,10.6,+41.0,
52-2,919,13.37,13.37,16.33,1.222,16.34,882,40.3,25.3,+15.0,
52-2,921,,15.04,17.98,1.195,17.98,993,40.4,34.9,+5.6,
52-2,922,,15.57,18.66,1.198,18.66,1028,42.3,32.2,+10.0,
52-2,923,,16.06,19.18,1.194,19.18,1060,43.6,34.9,+8.8,
52-2,924,,16.03,19.04,1.187,19.04,1058,42.4,35.9,+6.5,
52-2,925,,15.35,18.26,1.189,18.26,1013,40.3,35.3,+5.0,
52-2,926,,15.81,18.65,1.179,18.65,1044,40.3,37.0,+3.4,
52-2,931,,20.81,23.91,1.149,23.91,1374,45.2,60.2,-15.0,
52-2,932,,20.66,23.71,1.148,23.71,1363,43.2,57.9,-14.8,
52-2,933,,21.27,24.37,1.146,24.37,1404,44.1,57.9,-13.7,
52-2,934,,21.35,24.49,1.147,24.49,1409,44.7,57.9,-13.1,
52-2,935,,22.63,25.66,1.134,25.66,1494,44.5,61.3,-16.7,
52-2,942,20.76,20.87,24.28,1.163,24.15,1377,48.7,44.8,+3.9,
52-2,946,,15.85,18.85,1.189,18.85,1046,40.3,45.7,-5.5,
52-2,GATE,9.23,9.23,8.66,0.938,8.66,609,0.2,26.7,-26.5,
53,1,5.68,5.75,6.64,1.155,6.56,380,10.8,21.0,-10.2,
53,2,4.95,4.95,5.65,1.142,5.66,327,8.7,17.5,-8.8,
53,3,3.82,3.93,4.69,1.193,4.55,259,8.7,12.7,-4.0,
53,4,3.90,3.90,4.66,1.194,4.66,258,8.7,12.7,-4.0,
53,5,4.40,4.40,5.16,1.172,5.16,291,8.7,12.6,-4.0,
53,6,4.81,4.81,5.73,1.192,5.73,317,11.5,12.6,-1.3,
53,7,5.39,5.39,6.32,1.172,6.32,356,11.6,12.6,-1.1,
53,8,6.21,6.13,7.05,1.152,7.15,404,12.0,13.0,-1.1,
53,9,6.16,6.16,7.41,1.203,7.41,406,16.5,12.8,+3.8,
53,10,6.50,6.59,8.15,1.237,8.04,435,21.3,12.6,+8.5,
53,10-1,7.11,7.12,8.89,1.248,8.87,470,24.3,12.6,+11.6,
53,11,7.16,7.16,8.67,1.212,8.68,472,20.7,12.8,+7.9,
53,12,7.58,7.76,9.39,1.210,9.17,512,22.6,13.2,+9.3,
53,13,7.81,7.99,9.75,1.219,9.52,528,24.3,13.2,+11.0,
53,14,5.28,5.31,6.53,1.230,6.49,350,15.9,12.6,+3.1,
53,15,2.90,3.04,2.88,0.949,2.75,201,0.0,13.4,-13.2,
53,15-1,5.05,4.39,4.15,0.944,4.77,290,0.0,18.3,-18.3,
53,16,4.25,4.39,4.19,0.953,4.05,290,0.0,19.9,-19.8,
53,16-1,4.10,5.47,5.09,0.931,3.82,361,0.0,22.1,-22.0,경로 다름
53,17,2.81,2.89,2.71,0.939,2.64,191,0.0,9.9,-9.9,
53,18,13.20,13.40,15.88,1.185,15.64,885,35.2,16.1,+19.1,
53,19,14.00,14.03,16.42,1.170,16.38,926,35.2,17.9,+17.3,
53,20,8.91,9.21,11.11,1.206,10.75,608,25.9,14.1,+11.8,
53,21,11.71,11.86,13.80,1.163,13.62,783,27.8,15.5,+12.2,
53,22,10.30,10.30,11.11,1.078,11.11,680,10.8,14.0,-3.2,
53,24,8.23,8.43,8.54,1.013,8.34,557,4.0,21.4,-17.4,
53,25,9.36,9.53,9.77,1.026,9.60,629,6.1,21.2,-15.1,
53,25-1,9.80,9.85,10.09,1.025,10.04,650,6.1,21.2,-15.1,
53,26,9.89,9.94,10.19,1.025,10.14,656,6.1,21.2,-15.1,
53,27,11.41,11.16,11.40,1.022,11.66,736,6.2,21.2,-15.0,
53,28,12.04,12.23,12.91,1.055,12.70,807,14.0,23.2,-9.2,
53,29,16.57,16.71,21.03,1.259,20.86,1103,62.4,16.0,+46.4,
53,30,13.22,13.25,14.30,1.079,14.27,875,15.3,14.3,+1.0,
53,31,12.72,12.67,13.45,1.062,13.50,836,12.6,16.4,-3.9,
53,32,15.38,15.43,16.54,1.072,16.49,1019,20.7,21.2,-0.5,
53,32-1,15.14,15.37,16.48,1.072,16.23,1014,20.7,21.2,-0.5,
53,33,14.53,14.54,15.88,1.092,15.86,960,20.2,14.3,+5.9,
53,34,14.00,14.00,15.34,1.095,15.34,924,20.2,14.3,+5.9,
53,35,12.33,12.33,14.73,1.194,14.73,814,33.8,16.0,+17.8,
53,36,14.93,14.93,16.92,1.133,16.91,986,30.8,18.3,+12.8,
53,37,14.45,14.54,15.88,1.092,15.78,960,20.2,14.3,+5.9,
53,38,15.96,15.96,17.60,1.102,17.60,1054,25.0,14.4,+10.6,
53,39,17.48,16.77,19.19,1.145,20.01,1107,38.3,17.2,+21.0,
53,40,17.54,17.76,19.85,1.117,19.60,1172,32.5,14.4,+18.0,
53,43,11.87,11.87,13.33,1.123,13.33,783,21.8,15.4,+6.5,
53,43-1,12.80,12.80,14.37,1.123,14.37,845,23.8,15.4,+8.3,
53,43-2,12.38,12.38,13.89,1.122,13.89,817,23.0,15.8,+7.2,
53,44-1,15.19,15.23,17.22,1.131,17.17,1005,31.3,17.4,+13.9,
53,49,0.53,0.53,0.53,1.000,0.53,35,0.0,0.0,-0.0,
53,50,1.59,1.59,1.50,0.939,1.50,105,0.0,4.3,-4.3,
53,51,1.29,1.31,1.32,1.009,1.30,87,0.0,7.3,-7.2,
53,52,0.55,0.55,0.55,1.000,0.55,36,0.0,0.0,-0.0,
53,52-1,0.87,0.94,0.88,0.944,0.82,62,0.2,2.4,-2.1,
53,52-2,1.88,2.07,2.00,0.965,1.81,137,0.2,7.5,-7.3,
53,54,0.56,0.56,0.56,1.000,0.56,37,0.0,0.0,+0.0,
53,55,1.12,1.49,1.46,0.975,1.09,99,0.5,2.1,-1.6,
53,56,10.77,10.81,12.28,1.136,12.24,713,21.1,14.4,+6.7,
53,57,3.92,4.01,4.13,1.032,4.05,264,1.2,16.6,-15.4,
53,57-1,2.93,3.00,2.97,0.989,2.90,198,1.4,7.0,-5.6,
53,58,4.67,5.37,5.60,1.042,4.86,355,1.2,23.3,-22.1,
53,59,3.09,3.16,3.37,1.064,3.29,209,1.2,15.1,-13.7,
53,59-1,4.01,4.08,4.31,1.055,4.24,270,1.2,21.6,-20.1,
53,61,6.12,6.30,7.26,1.152,7.05,416,12.4,13.2,-0.9,
53,62,7.32,7.42,8.32,1.122,8.21,489,11.3,21.3,-10.0,
53,64,9.21,9.26,9.26,1.001,9.22,611,3.5,28.4,-24.9,
53,66,18.46,18.55,23.03,1.242,22.92,1224,65.9,7.9,+58.0,
53,71,9.60,9.46,9.39,0.992,9.53,624,3.5,24.3,-20.8,
53,71-1,9.15,9.46,9.39,0.992,9.08,624,3.5,24.3,-20.8,
53,73,5.19,6.23,6.46,1.037,5.38,411,3.9,22.9,-19.1,
53,74,1.76,1.76,1.70,0.968,1.70,116,0.5,3.1,-2.6,
53,75,15.33,15.42,16.42,1.065,16.32,1018,18.9,21.2,-2.3,
53,75-1,15.18,15.32,16.02,1.046,15.87,1011,15.7,24.6,-8.9,
53,80,15.52,15.59,16.81,1.078,16.74,1029,25.2,25.4,-0.3,
53,81,7.54,7.61,7.58,0.996,7.51,502,3.5,10.5,-7.0,
53,82,1.59,2.64,3.76,1.422,2.27,174,13.3,3.5,+9.8,경로 다름
53,83,3.38,3.38,3.41,1.007,3.41,223,1.4,11.2,-9.7,
53,84,2.47,2.54,2.38,0.937,2.31,168,0.0,8.7,-8.7,
53,85,8.67,8.76,8.85,1.010,8.76,578,5.7,10.5,-4.8,
53,85-1,16.14,16.51,17.68,1.071,17.28,1090,24.7,25.8,-1.1,
53,86,14.83,15.21,16.35,1.075,15.94,1004,22.9,25.4,-2.6,
53,101,6.93,7.01,6.63,0.945,6.55,463,0.0,24.9,-24.9,
53,103,5.91,6.05,5.67,0.936,5.53,399,0.0,24.5,-24.5,
53,105-2,21.03,21.10,25.16,1.192,25.07,1393,64.0,21.0,+43.2,
53,129,13.21,13.34,13.87,1.040,13.74,880,11.1,21.2,-10.1,
53,132,18.73,18.73,23.09,1.233,23.09,1236,64.4,17.9,+46.5,
53,135,17.21,16.91,19.34,1.144,19.69,1116,38.5,17.2,+21.3,
53,140,1.90,2.31,2.50,1.081,2.05,153,4.8,3.1,+2.0,
53,140-1,1.90,2.31,2.50,1.081,2.05,153,4.8,3.1,+2.0,
53,140-2,1.90,2.31,2.50,1.081,2.05,153,4.8,3.1,+2.0,
53,142,15.87,15.98,20.12,1.259,19.98,1055,59.4,16.0,+43.4,
53,143,10.38,10.31,12.61,1.223,12.70,680,31.7,15.6,+16.1,
53,152-1,9.43,9.20,9.10,0.989,9.33,607,3.9,26.8,-22.9,
53,153,8.83,8.87,8.76,0.988,8.73,585,3.7,24.9,-21.2,
53,200,11.94,12.10,12.40,1.025,12.24,799,7.3,21.2,-14.0,
53,201,14.52,14.58,15.34,1.052,15.28,962,15.6,22.0,-6.4,
53,203,12.03,12.08,12.38,1.025,12.33,797,7.3,21.2,-14.0,
53,207,1.86,1.93,1.86,0.963,1.79,127,0.2,5.8,-5.6,
53,220,0.95,1.09,1.04,0.954,0.91,72,0.2,3.4,-3.1,
53,221,3.06,3.31,3.41,1.031,3.15,218,2.9,5.2,-2.3,
53,222,1.70,1.77,1.80,1.017,1.73,117,1.5,5.2,-3.7,
53,223,5.77,5.87,6.41,1.093,6.30,387,10.2,5.6,+4.5,
53,300,23.64,23.83,29.72,1.247,29.48,1573,90.0,17.2,+72.9,
53,301,24.71,24.66,30.86,1.251,30.91,1628,94.7,17.2,+77.5,
53,302,27.27,27.47,35.10,1.278,34.84,1813,116.4,17.2,+99.1,
53,500,12.69,12.79,13.24,1.035,13.13,844,14.0,33.5,-19.5,
53,900,,9.79,12.20,1.247,12.20,646,34.6,13.5,+21.0,
53,901,,9.60,12.04,1.255,12.04,633,33.4,16.8,+16.7,
53,902,,9.02,11.39,1.262,11.39,596,33.4,12.6,+20.8,
53,903,,9.47,12.02,1.270,12.02,625,35.7,10.5,+25.1,
53,904,,9.14,11.73,1.283,11.73,603,35.8,9.9,+25.9,
53,905,,10.79,13.33,1.236,13.33,712,37.5,14.1,+23.4,
53,906,,10.13,12.73,1.256,12.73,669,35.4,19.0,+16.0,
53,915,,13.89,16.37,1.178,16.37,917,32.8,47.6,-14.4,
53,916,,15.03,17.58,1.169,17.58,992,34.8,49.0,-14.0,
53,917,,15.85,18.53,1.169,18.53,1046,34.9,54.9,-19.8,
53,918,,11.03,14.20,1.288,14.20,728,44.7,12.1,+32.1,
53,919,10.85,10.85,13.36,1.232,13.36,716,32.8,26.8,+6.0,
53,921,,12.52,15.01,1.198,15.01,827,33.0,36.4,-3.3,
53,922,,13.05,15.69,1.202,15.69,861,34.9,33.7,+1.0,
53,923,,13.54,16.21,1.197,16.21,894,36.1,36.4,-0.2,
53,924,,13.51,16.07,1.189,16.07,892,34.9,37.4,-2.4,
53,925,,12.83,15.29,1.191,15.29,847,32.8,36.8,-4.0,
53,926,,13.29,15.68,1.179,15.68,877,32.9,38.5,-5.6,
53,931,,18.29,20.94,1.145,20.94,1207,37.8,61.7,-24.0,
53,932,,18.14,20.74,1.143,20.74,1197,35.8,59.4,-23.7,
53,933,,18.74,21.39,1.141,21.39,1237,36.7,59.4,-22.7,
53,934,,18.83,21.52,1.143,21.52,1243,37.3,59.4,-22.1,
53,935,,20.11,22.69,1.128,22.69,1327,37.0,62.8,-25.7,
53,942,18.24,18.35,21.31,1.161,21.18,1211,41.3,46.3,-5.0,
53,946,,13.33,15.88,1.192,15.88,880,32.8,47.2,-14.5,
53,GATE,10.81,10.81,10.46,0.967,10.45,714,1.6,35.8,-34.1,
54,1,4.56,4.71,5.60,1.188,5.42,311,10.3,19.0,-8.6,
54,2,3.84,3.92,4.61,1.178,4.52,258,8.2,15.5,-7.2,
54,3,2.70,2.90,3.65,1.260,3.40,191,8.2,10.7,-2.4,
54,4,2.79,2.87,3.62,1.263,3.52,189,8.2,10.7,-2.4,
54,5,3.29,3.37,4.12,1.224,4.02,222,8.2,10.6,-2.4,
54,6,3.69,3.77,4.69,1.244,4.59,249,11.0,10.6,+0.3,
54,7,4.27,4.35,5.28,1.212,5.18,287,11.1,10.6,+0.5,
54,8,5.09,5.09,6.01,1.182,6.02,336,11.5,11.0,+0.5,
54,9,5.05,5.12,6.36,1.243,6.27,338,16.1,10.8,+5.4,
54,10,5.38,5.55,7.11,1.281,6.89,366,20.8,10.6,+10.1,
54,10-1,5.99,6.09,7.85,1.290,7.73,402,23.9,10.6,+13.2,
54,11,6.04,6.12,7.64,1.247,7.54,404,20.2,10.8,+9.5,
54,12,6.46,6.72,8.35,1.242,8.03,444,22.1,11.2,+10.9,
54,13,6.69,6.96,8.71,1.251,8.37,459,23.8,11.2,+12.6,
54,14,4.16,4.27,5.49,1.284,5.35,282,15.5,10.6,+4.7,
54,15,2.01,2.05,1.99,0.969,1.95,135,0.0,10.5,-10.3,
54,15-1,4.16,3.40,3.25,0.955,3.97,225,0.0,15.5,-15.5,
54,16,3.36,3.40,3.29,0.967,3.25,225,0.0,17.0,-17.0,
54,16-1,3.21,4.48,4.20,0.936,3.00,296,0.0,19.2,-19.1,경로 다름
54,17,1.91,1.90,1.81,0.956,1.83,125,0.0,7.1,-7.0,
54,18,12.08,12.37,14.84,1.200,14.50,816,34.8,14.1,+20.7,
54,19,12.88,13.00,15.38,1.183,15.24,858,34.8,15.9,+18.9,
54,20,7.80,8.18,10.07,1.232,9.60,540,25.5,12.1,+13.4,
54,21,10.59,10.83,12.76,1.178,12.48,715,27.3,13.5,+13.8,
54,22,9.18,9.27,10.07,1.087,9.98,612,10.4,12.0,-1.6,
54,24,7.16,7.40,7.50,1.014,7.26,488,3.5,19.4,-15.8,
54,25,8.29,8.49,8.73,1.028,8.53,560,5.7,19.2,-13.5,
54,25-1,8.73,8.81,9.05,1.027,8.97,581,5.7,19.2,-13.5,
54,26,8.83,8.91,9.15,1.027,9.07,588,5.7,19.2,-13.5,
54,27,10.34,10.12,10.37,1.024,10.59,668,5.7,19.2,-13.4,
54,28,10.97,11.19,11.87,1.060,11.63,739,13.5,21.2,-7.6,
54,29,15.45,15.67,19.99,1.276,19.71,1034,61.9,14.0,+48.0,
54,30,12.10,12.21,13.26,1.086,13.14,806,14.9,12.3,+2.6,
54,31,11.60,11.63,12.41,1.067,12.37,768,12.1,14.4,-2.3,
54,32,14.31,14.40,15.50,1.077,15.41,950,20.2,19.2,+1.1,
54,32-1,14.02,14.33,15.44,1.077,15.10,946,20.2,19.2,+1.1,
54,33,13.41,13.51,14.84,1.099,14.73,891,19.8,12.3,+7.5,
54,34,12.89,12.97,14.30,1.103,14.21,856,19.7,12.3,+7.5,
54,35,11.21,11.29,13.68,1.212,13.59,745,33.3,14.0,+19.3,
54,36,13.81,13.90,15.88,1.142,15.78,917,30.3,16.3,+14.3,
54,37,13.34,13.51,14.84,1.099,14.65,892,19.8,12.3,+7.5,
54,38,14.85,14.93,16.56,1.109,16.47,985,24.5,12.4,+12.2,
54,39,16.36,15.73,18.15,1.154,18.88,1038,37.8,15.2,+22.6,
54,40,16.43,16.73,18.81,1.124,18.47,1104,32.0,12.4,+19.6,
54,43,10.75,10.83,12.29,1.135,12.20,715,21.4,13.4,+8.0,
54,43-1,11.68,11.76,13.33,1.133,13.24,776,23.4,13.4,+9.9,
54,43-2,11.26,11.34,12.85,1.133,12.75,749,22.5,13.8,+8.8,
54,44-1,14.07,14.20,16.18,1.140,16.04,937,30.8,15.4,+15.5,
54,49,0.95,1.09,1.11,1.018,0.97,72,0.4,0.0,+0.4,
54,50,0.86,0.85,0.79,0.933,0.81,56,0.0,1.1,-1.1,
54,51,1.26,1.28,1.23,0.966,1.22,84,0.0,5.4,-5.1,
54,52,1.19,1.19,1.11,0.936,1.11,78,0.0,1.7,-1.6,
54,52-1,1.87,2.00,2.05,1.022,1.91,132,1.5,4.5,-3.0,
54,52-2,2.40,2.40,2.45,1.021,2.45,158,1.6,4.5,-2.8,
54,53,0.56,0.56,0.56,1.000,0.56,37,0.0,0.0,-0.0,
54,55,0.45,0.46,0.46,1.000,0.45,30,0.0,0.0,+0.0,
54,56,9.66,9.77,11.24,1.150,11.11,645,20.7,12.4,+8.3,
54,57,5.20,5.22,5.61,1.076,5.59,344,5.8,16.8,-10.9,
54,57-1,4.21,4.21,4.45,1.055,4.45,278,6.0,7.1,-1.0,
54,58,5.91,5.91,5.82,0.985,5.82,390,1.9,18.9,-16.8,
54,59,4.37,4.37,4.84,1.107,4.83,289,5.8,15.3,-9.2,
54,59-1,5.29,5.29,5.78,1.092,5.78,349,5.8,21.7,-15.6,
54,61,5.00,5.27,6.22,1.181,5.91,347,11.9,11.2,+0.7,
54,62,6.21,6.38,7.28,1.141,7.08,421,10.9,19.3,-8.4,
54,64,8.32,8.30,7.88,0.949,7.90,548,0.0,32.0,-32.0,
54,66,17.34,17.51,21.99,1.256,21.78,1156,65.4,5.9,+59.6,
54,71,10.88,10.67,10.87,1.018,11.08,704,8.1,24.4,-16.3,
54,71-1,9.70,10.67,10.87,1.018,9.87,704,8.1,24.4,-16.3,
54,73,4.30,5.19,5.42,1.043,4.48,343,3.4,20.9,-17.5,
54,74,0.65,0.72,0.67,0.927,0.60,48,0.0,1.0,-1.0,
54,75,14.26,14.38,15.38,1.069,15.25,949,18.5,19.2,-0.7,
54,75-1,14.11,14.28,14.98,1.049,14.80,943,15.2,22.6,-7.3,
54,80,15.66,15.66,17.20,1.098,17.20,1034,31.2,26.9,+4.2,
54,81,8.82,8.82,9.05,1.026,9.05,582,8.1,10.6,-2.5,
54,82,1.53,1.61,2.72,1.692,2.58,106,12.9,1.5,+11.4,
54,83,2.91,2.91,2.86,0.982,2.86,192,1.2,9.1,-7.8,
54,84,1.57,1.56,1.49,0.956,1.50,103,0.0,5.9,-5.8,
54,85,9.95,9.97,10.33,1.035,10.30,658,10.2,10.6,-0.3,
54,85-1,16.28,16.59,18.07,1.089,17.73,1095,30.7,27.4,+3.4,
54,86,14.97,15.29,16.74,1.095,16.40,1009,28.8,26.9,+2.0,
54,101,6.04,6.02,5.73,0.951,5.75,398,0.0,22.1,-22.0,
54,103,5.01,5.06,4.77,0.942,4.72,334,0.0,21.6,-21.6,
54,105-2,19.91,20.06,24.12,1.202,23.93,1324,63.5,19.0,+44.8,
54,129,12.14,12.30,12.83,1.043,12.67,812,10.7,19.2,-8.5,
54,132,17.62,17.70,22.05,1.246,21.95,1168,63.9,15.9,+48.0,
54,135,16.09,15.87,18.30,1.153,18.56,1047,38.0,15.2,+22.9,
54,140,3.50,3.52,3.98,1.129,3.95,233,9.4,3.2,+6.6,
54,140-1,3.50,3.52,3.98,1.129,3.95,233,9.4,3.2,+6.6,
54,140-2,3.50,3.52,3.98,1.129,3.95,233,9.4,3.2,+6.6,
54,142,14.75,14.95,19.08,1.277,18.83,986,58.9,14.0,+45.0,
54,143,9.26,9.27,11.57,1.248,11.56,612,31.3,13.6,+17.7,
54,152-1,9.06,8.83,8.69,0.984,8.92,583,4.2,25.1,-20.8,
54,153,8.47,8.49,8.35,0.983,8.32,561,3.9,23.1,-19.1,
54,200,10.87,11.06,11.37,1.027,11.17,730,6.8,19.2,-12.4,
54,201,13.46,13.54,14.30,1.056,14.21,894,15.1,20.0,-4.8,
54,203,10.96,11.04,11.34,1.027,11.26,729,6.8,19.2,-12.4,
54,207,2.49,2.77,2.82,1.018,2.53,183,1.6,4.5,-2.8,
54,220,2.23,2.30,2.51,1.094,2.44,152,4.8,3.5,+1.4,
54,221,4.33,4.52,4.89,1.082,4.69,298,7.5,5.3,+2.2,
54,222,2.98,2.98,3.28,1.099,3.28,197,6.1,5.4,+0.8,
54,223,7.04,7.08,7.89,1.115,7.85,467,14.8,5.7,+9.0,
54,300,22.52,22.80,28.68,1.258,28.34,1505,89.6,15.2,+74.4,
54,301,23.59,23.63,29.82,1.262,29.77,1559,94.2,15.2,+79.1,
54,302,26.15,26.43,34.06,1.289,33.69,1744,115.9,15.2,+100.7,
54,500,11.62,11.75,12.20,1.038,12.06,776,13.5,31.5,-17.9,
54,900,,8.75,11.16,1.275,11.16,577,34.1,11.5,+22.6,
54,901,,8.56,11.00,1.286,11.00,565,32.9,14.8,+18.3,
54,902,,7.99,10.35,1.296,10.35,527,32.9,10.6,+22.4,
54,903,,8.43,10.98,1.302,10.98,556,35.2,8.5,+26.7,
54,904,,8.11,10.69,1.319,10.69,535,35.3,7.9,+27.5,
54,905,,9.75,12.29,1.260,12.29,644,37.1,12.0,+25.0,
54,906,,9.10,11.69,1.285,11.69,600,35.0,17.0,+17.6,
54,915,,12.86,15.33,1.192,15.33,849,32.4,45.6,-12.8,
54,916,,14.00,16.54,1.181,16.54,924,34.3,46.9,-12.4,
54,917,,14.82,17.48,1.180,17.48,978,34.4,52.9,-18.2,
54,918,,9.99,13.16,1.317,13.16,660,44.2,10.1,+33.7,
54,919,9.73,9.81,12.32,1.256,12.22,647,32.4,24.8,+7.6,
54,921,,11.49,13.97,1.216,13.97,758,32.5,34.4,-1.8,
54,922,,12.01,14.65,1.219,14.65,793,34.4,31.7,+2.6,
54,923,,12.50,15.17,1.213,15.17,825,35.7,34.4,+1.4,
54,924,,12.48,15.03,1.205,15.03,823,34.5,35.3,-0.8,
54,925,,11.80,14.25,1.208,14.25,779,32.4,34.8,-2.4,
54,926,,12.25,14.64,1.194,14.64,809,32.4,36.5,-4.0,
54,931,,17.26,19.90,1.153,19.90,1139,37.3,59.7,-22.4,
54,932,,17.10,19.69,1.152,19.69,1129,35.3,57.3,-22.1,
54,933,,17.71,20.35,1.149,20.35,1169,36.2,57.4,-21.1,
54,934,,17.79,20.48,1.151,20.48,1174,36.8,57.4,-20.5,
54,935,,19.07,21.65,1.135,21.65,1259,36.5,60.8,-24.1,
54,942,17.12,17.31,20.27,1.171,20.04,1143,40.8,44.3,-3.5,
54,946,,12.29,14.84,1.207,14.84,811,32.4,45.2,-12.9,
54,GATE,10.26,10.24,10.01,0.977,10.02,676,2.9,34.1,-31.3,
55,1,4.61,4.31,4.24,0.983,4.53,284,2.0,5.6,-3.6,
55,2,4.10,4.10,4.80,1.171,4.80,271,8.2,15.4,-7.2,
55,3,2.96,3.08,3.84,1.246,3.69,203,8.2,10.6,-2.4,
55,4,3.05,3.05,3.81,1.248,3.81,201,8.2,10.6,-2.4,
55,5,3.55,3.55,4.31,1.213,4.31,234,8.2,10.6,-2.4,
55,6,3.95,3.95,4.88,1.233,4.88,261,11.0,10.6,+0.3,
55,7,4.54,4.54,5.47,1.204,5.47,300,11.1,10.6,+0.5,
55,8,5.36,5.27,6.20,1.176,6.30,348,11.5,11.0,+0.5,
55,9,5.31,5.30,6.55,1.235,6.56,350,16.1,10.7,+5.4,
55,10,5.64,5.73,7.29,1.272,7.18,378,20.8,10.6,+10.1,
55,10-1,6.26,6.27,8.03,1.281,8.02,414,23.9,10.6,+13.2,
55,11,6.31,6.31,7.82,1.240,7.82,416,20.2,10.7,+9.5,
55,12,6.72,6.91,8.54,1.236,8.31,456,22.1,11.2,+10.9,
55,13,6.95,7.14,8.89,1.245,8.66,471,23.8,11.2,+12.6,
55,14,4.43,4.46,5.67,1.273,5.63,294,15.5,10.6,+4.7,
55,15,1.71,1.63,1.54,0.945,1.61,108,0.0,6.6,-6.4,
55,15-1,3.85,2.98,2.80,0.939,3.62,197,0.0,11.5,-11.5,
55,16,3.05,2.98,2.84,0.953,2.91,197,0.0,13.0,-13.0,
55,16-1,2.90,4.07,3.75,0.923,2.68,268,0.0,15.2,-15.2,경로 다름
55,17,1.61,1.48,1.37,0.926,1.49,98,0.0,3.1,-3.1,
55,18,12.35,12.55,15.02,1.197,14.78,828,34.8,14.1,+20.7,
55,19,13.15,13.18,15.57,1.181,15.52,870,34.8,15.9,+18.9,
55,20,8.06,8.36,10.26,1.227,9.89,552,25.5,12.1,+13.4,
55,21,10.85,10.98,12.85,1.171,12.71,725,30.4,7.3,+23.1,
55,22,9.32,9.02,9.70,1.076,10.03,595,14.6,6.9,+7.7,
55,24,6.87,6.72,6.49,0.966,6.63,443,1.3,7.9,-6.6,
55,25,8.00,7.81,7.72,0.988,7.90,516,3.5,7.7,-4.2,
55,25-1,8.43,8.13,8.04,0.988,8.34,537,3.5,7.7,-4.2,
55,26,8.53,8.23,8.13,0.988,8.43,543,3.5,7.7,-4.2,
55,27,10.05,9.44,9.35,0.990,9.95,623,3.5,7.7,-4.2,
55,28,10.67,10.52,10.85,1.032,11.02,694,11.3,9.6,+1.7,
55,29,15.71,15.85,20.18,1.273,20.00,1046,61.9,13.9,+48.0,
55,30,12.24,11.97,12.90,1.077,13.19,790,19.1,7.2,+11.9,
55,31,11.74,11.38,12.04,1.058,12.42,751,16.3,9.3,+7.0,
55,32,14.02,13.72,14.49,1.056,14.80,905,18.0,7.7,+10.3,
55,32-1,13.95,13.66,14.43,1.056,14.73,901,18.0,7.7,+10.3,
55,33,13.55,13.26,14.48,1.092,14.79,875,24.0,7.2,+16.8,
55,34,13.03,12.72,13.94,1.095,14.27,840,23.9,7.2,+16.8,
55,35,11.48,11.48,13.87,1.209,13.87,757,33.3,13.9,+19.3,
55,36,14.08,13.97,15.84,1.134,15.96,922,34.0,10.6,+23.6,
55,37,13.47,13.26,14.48,1.092,14.71,875,24.0,7.2,+16.8,
55,38,14.98,14.68,16.19,1.103,16.53,969,28.7,7.3,+21.5,
55,39,16.62,15.80,18.11,1.146,19.06,1043,41.5,9.5,+31.9,
55,40,16.69,16.48,18.44,1.119,18.68,1088,36.2,7.3,+28.9,
55,43,11.02,10.90,12.25,1.124,12.38,720,25.1,7.7,+17.3,
55,43-1,11.94,11.72,12.64,1.079,12.88,773,19.1,7.2,+11.9,
55,43-2,11.53,11.41,12.81,1.122,12.94,753,26.2,8.1,+18.1,
55,44-1,14.34,14.27,16.15,1.132,16.22,942,34.5,9.7,+24.7,
55,49,1.87,1.87,1.99,1.065,1.99,124,2.4,0.3,+2.0,
55,50,0.58,0.58,0.58,1.000,0.58,38,0.0,0.0,-0.0,
55,51,1.78,1.78,1.86,1.047,1.87,117,1.1,4.5,-3.5,
55,52,1.79,1.73,1.63,0.947,1.70,114,0.0,2.0,-2.0,
55,52-1,2.48,2.54,2.57,1.011,2.51,168,1.4,4.8,-3.3,
55,52-2,3.00,2.93,2.97,1.013,3.04,194,1.6,4.8,-3.2,
55,53,1.12,1.49,1.59,1.066,1.19,99,2.1,0.5,+1.6,
55,54,0.45,0.46,0.46,1.000,0.45,30,0.0,0.0,-0.0,
55,56,9.89,9.60,10.45,1.089,10.77,633,17.5,6.9,+10.5,
55,57,5.80,5.75,6.13,1.066,6.18,380,5.8,17.0,-11.2,
55,57-1,4.82,4.75,4.97,1.046,5.04,313,6.0,7.4,-1.4,
55,58,5.77,5.77,5.76,1.000,5.77,381,2.0,16.2,-14.2,
55,59,4.97,4.91,5.36,1.092,5.43,324,5.8,15.6,-9.6,
55,59-1,5.90,5.83,6.30,1.081,6.38,385,5.8,22.0,-16.0,
55,61,5.26,5.45,6.41,1.176,6.19,360,11.9,11.2,+0.7,
55,62,6.47,6.47,7.11,1.100,7.11,427,11.4,11.5,-0.0,
55,64,8.01,7.88,7.43,0.943,7.56,520,0.0,28.0,-28.0,
55,66,17.61,17.70,22.18,1.253,22.06,1168,65.4,5.8,+59.6,
55,71,11.17,10.96,11.30,1.031,11.52,723,9.8,23.4,-13.6,
55,71-1,9.56,10.96,11.30,1.031,9.86,723,9.8,23.4,-13.6,
55,73,3.99,4.51,4.38,0.970,3.87,298,1.2,9.4,-8.2,
55,74,0.78,0.78,0.78,1.000,0.78,52,0.0,0.0,+0.0,
55,75,13.97,13.71,14.36,1.048,14.64,905,16.3,7.7,+8.6,
55,75-1,13.81,13.61,13.97,1.027,14.18,898,13.0,11.1,+2.0,
55,80,15.52,15.52,17.14,1.105,17.15,1024,31.2,24.3,+6.9,
55,81,9.43,9.36,9.57,1.023,9.64,618,8.0,10.9,-2.8,
55,82,1.79,1.79,2.90,1.622,2.90,118,12.9,1.4,+11.4,
55,83,2.73,2.59,2.63,1.015,2.77,171,2.4,5.5,-3.1,
55,84,1.10,0.80,0.80,1.000,1.10,53,0.0,0.0,+0.0,
55,85,10.55,10.51,10.85,1.032,10.89,694,10.2,10.9,-0.7,
55,85-1,16.14,16.44,18.01,1.096,17.68,1085,30.8,24.7,+6.1,
55,86,14.83,15.14,16.68,1.102,16.34,999,28.9,24.3,+4.6,
55,101,5.74,5.60,5.28,0.943,5.41,370,0.0,18.1,-18.1,
55,103,4.71,4.64,4.32,0.931,4.39,306,0.0,17.6,-17.6,
55,105-2,20.18,20.25,24.30,1.200,24.22,1336,63.5,19.0,+44.8,
55,129,11.85,11.62,11.82,1.017,12.05,767,8.5,7.7,+0.8,
55,132,17.88,17.88,22.24,1.244,22.24,1180,63.9,15.9,+48.0,
55,135,16.36,15.94,18.26,1.146,18.75,1052,41.7,9.5,+32.2,
55,140,4.10,4.06,4.50,1.108,4.54,268,9.3,3.5,+6.2,
55,140-1,4.10,4.06,4.50,1.108,4.54,268,9.3,3.5,+6.2,
55,140-2,4.10,4.06,4.50,1.108,4.54,268,9.3,3.5,+6.2,
55,142,15.02,15.13,19.27,1.274,19.12,999,58.9,13.9,+45.0,
55,143,9.52,9.46,11.76,1.243,11.84,624,31.3,13.5,+17.7,
55,152-1,8.92,8.68,8.63,0.994,8.87,573,4.3,22.4,-18.2,
55,153,8.33,8.35,8.29,0.993,8.27,551,4.0,20.5,-16.4,
55,200,10.58,10.39,10.35,0.997,10.54,685,4.6,7.7,-3.1,
55,201,13.16,12.86,13.28,1.033,13.59,849,12.9,8.4,+4.5,
55,203,10.66,10.36,10.33,0.997,10.63,684,4.6,7.7,-3.1,
55,207,3.09,3.31,3.35,1.011,3.13,218,1.6,4.8,-3.2,
55,220,2.83,2.83,3.03,1.071,3.03,187,4.7,3.8,+1.0,
55,221,4.94,5.05,5.41,1.070,5.28,334,7.4,5.6,+1.9,
55,222,3.58,3.52,3.80,1.079,3.87,232,6.1,5.6,+0.4,
55,223,7.65,7.61,8.41,1.105,8.45,502,14.7,6.0,+8.7,
55,300,22.79,22.86,28.64,1.253,28.55,1509,93.2,9.5,+83.7,
55,301,23.85,23.70,29.78,1.257,29.98,1564,97.9,9.5,+88.4,
55,302,26.41,26.50,34.02,1.284,33.91,1749,119.6,9.5,+109.9,
55,500,11.32,11.07,11.19,1.010,11.44,731,11.3,20.0,-8.6,
55,900,,8.93,11.34,1.270,11.34,590,34.1,11.4,+22.6,
55,901,,8.74,11.19,1.280,11.19,577,32.9,14.7,+18.3,
55,902,,8.17,10.54,1.289,10.54,539,32.9,10.5,+22.4,
55,903,,8.61,11.17,1.296,11.17,569,35.2,8.5,+26.7,
55,904,,8.29,10.88,1.312,10.88,547,35.3,7.8,+27.5,
55,905,,9.93,12.47,1.256,12.47,656,37.1,12.0,+25.0,
55,906,,9.28,11.88,1.280,11.88,613,35.0,16.9,+17.6,
55,915,,13.04,15.52,1.190,15.52,861,32.4,45.5,-12.8,
55,916,,14.18,16.72,1.179,16.72,936,34.3,46.9,-12.4,
55,917,,15.00,17.67,1.178,17.67,990,34.4,52.9,-18.2,
55,918,,10.18,13.35,1.312,13.35,672,44.2,10.1,+33.7,
55,919,9.99,9.99,12.51,1.252,12.51,660,32.4,24.7,+7.6,
55,921,,11.67,14.15,1.213,14.15,770,32.5,34.3,-1.8,
55,922,,12.20,14.83,1.216,14.83,805,34.4,31.6,+2.6,
55,923,,12.69,15.35,1.210,15.35,837,35.7,34.3,+1.4,
55,924,,12.66,15.21,1.202,15.21,836,34.5,35.3,-0.8,
55,925,,11.98,14.43,1.205,14.43,791,32.4,34.7,-2.4,
55,926,,12.44,14.82,1.192,14.82,821,32.4,36.5,-4.0,
55,931,,17.44,20.09,1.152,20.09,1151,37.3,59.7,-22.4,
55,932,,17.28,19.88,1.150,19.88,1141,35.3,57.3,-22.1,
55,933,,17.89,20.54,1.148,20.54,1181,36.2,57.3,-21.1,
55,934,,17.98,20.66,1.149,20.66,1187,36.8,57.3,-20.5,
55,935,,19.26,21.83,1.134,21.83,1271,36.5,60.7,-24.1,
55,942,17.39,17.50,20.45,1.169,20.32,1155,40.8,44.3,-3.5,
55,946,,12.48,15.03,1.204,15.03,823,32.4,45.2,-12.9,
55,GATE,9.95,9.82,9.56,0.973,9.69,648,2.9,30.2,-27.3,
56,1,4.90,4.94,4.96,1.004,4.92,326,1.2,14.7,-13.5,
56,2,5.10,5.19,5.20,1.003,5.11,342,1.2,12.4,-11.2,
56,3,6.35,6.12,6.16,1.007,6.39,404,1.7,12.4,-10.8,
56,4,6.05,6.18,6.12,0.991,6.00,408,1.7,14.7,-13.0,
56,5,5.03,5.07,4.95,0.977,4.92,334,1.7,9.9,-8.2,
56,6,6.43,6.47,6.35,0.982,6.31,427,2.7,5.7,-3.0,
56,7,4.97,5.27,5.32,1.010,5.03,348,2.9,2.3,+0.5,
56,8,5.10,5.36,5.25,0.979,4.99,354,1.7,9.9,-8.2,
56,9,5.21,5.25,5.31,1.010,5.27,347,2.9,2.3,+0.5,
56,10,6.71,7.11,7.27,1.023,6.86,469,6.2,4.3,+1.8,
56,10-1,7.54,7.68,8.46,1.101,8.31,507,15.3,7.4,+8.0,
56,11,5.84,6.06,6.42,1.060,6.18,400,9.0,6.5,+2.5,
56,12,5.23,5.42,5.85,1.079,5.64,358,9.0,4.7,+4.3,
56,13,3.34,3.48,3.96,1.140,3.81,229,8.8,3.4,+5.5,
56,14,6.96,7.00,6.99,0.999,6.95,462,3.6,4.3,-0.8,
56,15,8.71,8.72,8.56,0.982,8.55,575,1.5,23.2,-21.6,
56,15-1,9.38,10.52,10.43,0.992,9.30,694,4.7,26.8,-22.0,
56,16,10.55,10.66,10.45,0.981,10.35,703,3.0,27.2,-24.2,
56,16-1,9.92,9.93,9.64,0.971,9.63,656,1.5,27.1,-25.5,
56,17,10.17,10.18,10.29,1.011,10.28,672,6.2,19.9,-13.6,
56,18,2.32,2.86,3.40,1.190,2.77,189,9.0,0.2,+8.8,
56,19,3.12,3.49,3.95,1.131,3.53,230,9.0,2.0,+7.0,
56,20,1.56,1.74,1.98,1.133,1.76,115,4.4,1.6,+2.8,
56,21,0.79,1.10,1.21,1.101,0.87,72,1.9,0.0,+1.9,
56,22,0.34,0.34,0.34,1.000,0.34,22,0.0,0.0,-0.0,
56,24,4.02,3.85,3.71,0.965,3.88,254,0.0,13.6,-13.5,
56,25,3.54,3.30,3.18,0.966,3.42,217,0.0,13.2,-13.1,
56,25-1,4.47,4.23,4.09,0.968,4.32,279,0.0,13.6,-13.5,
56,26,3.56,2.79,2.77,0.993,3.54,184,0.0,10.2,-10.1,
56,27,2.51,2.42,2.25,0.930,2.34,160,0.0,3.4,-3.4,
56,28,1.88,1.73,1.63,0.942,1.77,114,0.0,2.0,-2.0,
56,29,5.69,6.16,8.56,1.390,7.91,407,36.1,0.0,+36.1,
56,30,1.89,1.93,1.98,1.026,1.94,127,1.5,0.7,+0.8,
56,31,1.79,1.65,1.56,0.945,1.69,109,0.0,1.8,-1.8,
56,32,5.44,5.35,5.49,1.027,5.58,353,6.8,5.2,+1.6,
56,32-1,4.21,5.29,5.43,1.027,4.32,349,6.8,5.2,+1.6,
56,33,3.20,3.22,3.56,1.105,3.53,213,6.4,0.7,+5.7,
56,34,2.68,2.68,3.02,1.125,3.01,177,6.3,0.7,+5.6,
56,35,1.36,1.70,2.07,1.219,1.66,112,6.2,0.0,+6.1,
56,36,3.40,3.41,3.89,1.140,3.88,225,8.3,2.9,+5.6,
56,37,3.13,3.22,3.56,1.104,3.45,213,6.4,0.7,+5.7,
56,38,4.64,4.64,5.28,1.136,5.27,306,11.1,0.8,+10.4,
56,39,5.95,5.24,6.16,1.176,7.00,346,15.8,1.8,+13.9,
56,40,6.02,6.44,7.53,1.168,7.03,425,18.6,0.8,+17.8,
56,43,0.51,0.51,0.51,1.000,0.51,34,0.0,0.0,-0.0,
56,43-1,1.27,1.27,1.34,1.055,1.34,84,1.3,0.1,+1.2,
56,43-2,0.86,0.85,0.86,1.006,0.86,56,0.5,0.4,+0.1,
56,44-1,3.66,3.71,4.20,1.131,4.15,245,8.8,2.0,+6.7,
56,49,11.15,11.19,12.25,1.095,12.21,738,14.7,21.0,-6.3,
56,50,9.66,9.67,9.94,1.028,9.93,638,7.5,17.5,-10.0,
56,51,11.06,11.08,11.52,1.040,11.51,731,10.1,22.1,-12.0,
56,52,11.15,11.16,11.58,1.038,11.57,737,10.1,17.5,-7.4,
56,52-1,11.83,11.98,12.40,1.036,12.26,790,11.0,19.8,-8.8,
56,52-2,12.36,12.37,12.80,1.035,12.79,816,11.1,19.8,-8.6,
56,53,10.77,10.81,11.85,1.096,11.81,713,14.4,21.1,-6.7,
56,54,9.66,9.77,10.71,1.096,10.59,645,12.4,20.7,-8.3,
56,55,9.89,9.60,9.83,1.025,10.13,633,6.9,17.5,-10.5,
56,57,15.19,15.22,16.14,1.061,16.11,1005,17.2,34.0,-16.7,
56,57-1,14.21,14.22,14.98,1.053,14.97,938,17.4,24.3,-6.8,
56,58,14.60,14.61,14.79,1.012,14.78,965,8.9,31.6,-22.6,
56,59,14.36,14.38,15.37,1.069,15.35,949,17.2,32.5,-15.0,
56,59-1,15.29,15.30,16.32,1.066,16.30,1010,17.2,38.9,-21.4,
56,61,3.76,3.81,3.69,0.971,3.65,251,1.2,4.5,-3.3,
56,62,2.97,4.62,4.92,1.066,3.16,305,5.3,14.9,-9.7,경로 다름
56,64,12.05,12.06,11.35,0.941,11.34,796,0.8,39.9,-39.0,
56,66,10.85,11.27,14.71,1.305,14.16,744,53.9,6.2,+47.7,
56,71,20.00,19.81,20.33,1.026,20.53,1307,16.6,38.8,-22.1,
56,71-1,18.39,19.81,20.33,1.026,18.88,1307,16.6,38.8,-22.1,
56,73,8.07,8.08,7.83,0.969,7.82,534,0.4,21.9,-21.5,
56,74,8.20,8.21,8.78,1.069,8.77,542,10.7,16.3,-5.7,
56,75,5.39,5.33,5.37,1.006,5.42,352,5.0,5.2,-0.2,
56,75-1,5.23,5.24,4.97,0.950,4.97,346,1.8,8.6,-6.8,
56,80,24.36,24.37,26.17,1.074,26.16,1608,38.1,39.6,-1.6,
56,81,18.82,18.83,19.59,1.040,19.58,1243,19.5,27.8,-8.2,
56,82,9.88,9.91,11.79,1.189,11.74,654,22.3,19.2,+3.1,
56,83,11.28,11.29,11.55,1.023,11.54,745,8.6,22.3,-13.6,
56,84,8.99,8.63,8.79,1.019,9.16,570,5.2,17.0,-11.8,
56,85,19.94,19.98,20.86,1.044,20.82,1319,21.7,27.8,-6.1,
56,85-1,24.97,25.29,27.04,1.069,26.70,1669,37.6,40.0,-2.4,
56,86,23.66,23.99,25.71,1.072,25.36,1583,35.7,39.6,-3.8,
56,101,11.34,11.35,11.08,0.976,11.07,749,1.5,30.2,-28.6,
56,103,8.75,8.76,8.45,0.964,8.44,578,0.3,24.0,-23.6,
56,105-2,9.89,9.98,12.48,1.250,12.36,659,40.7,4.9,+36.1,
56,129,2.81,2.77,2.58,0.930,2.61,183,0.0,3.9,-3.9,
56,132,7.86,8.19,10.62,1.298,10.19,540,38.1,2.0,+36.1,
56,135,5.69,5.38,6.32,1.174,6.67,355,16.0,1.8,+14.2,
56,140,13.49,13.53,14.51,1.072,14.47,893,20.8,20.4,+0.8,
56,140-1,13.49,13.53,14.51,1.072,14.47,893,20.8,20.4,+0.8,
56,140-2,13.49,13.53,14.51,1.072,14.47,893,20.8,20.4,+0.8,
56,142,4.99,5.44,7.65,1.408,7.03,359,33.1,0.0,+33.1,
56,143,3.23,3.56,4.32,1.213,3.92,235,12.6,0.2,+12.4,
56,152-1,17.76,17.53,17.66,1.007,17.89,1157,11.1,37.8,-26.6,
56,153,17.16,17.20,17.32,1.007,17.28,1135,10.8,35.8,-24.9,
56,200,3.48,3.46,3.18,0.918,3.19,229,0.0,5.8,-5.7,
56,201,4.58,4.49,4.29,0.955,4.37,297,1.6,6.0,-4.3,
56,203,5.03,4.94,4.52,0.915,4.60,326,0.0,11.9,-11.9,
56,207,12.45,12.74,13.18,1.034,12.87,841,11.1,19.8,-8.6,
56,220,12.22,12.30,13.05,1.060,12.96,812,16.2,20.7,-4.4,
56,221,14.33,14.52,15.42,1.062,15.21,958,18.9,22.5,-3.6,
56,222,12.98,12.99,13.81,1.063,13.80,857,17.5,22.6,-5.0,
56,223,17.04,17.08,18.42,1.078,18.38,1127,26.2,22.9,+3.2,
56,300,12.12,12.31,16.70,1.356,16.43,812,67.5,1.8,+65.7,
56,301,13.18,13.14,17.83,1.357,17.89,867,72.2,1.8,+70.4,
56,302,15.74,15.94,22.07,1.384,21.79,1052,93.9,1.8,+91.9,
56,500,6.51,6.42,5.80,0.903,5.88,424,0.0,16.5,-16.5,
56,900,,13.10,14.35,1.095,14.35,865,25.6,11.2,+14.3,
56,901,,12.91,14.20,1.100,14.20,852,24.4,14.5,+10.0,
56,902,,12.34,13.54,1.098,13.54,814,24.3,10.3,+14.1,
56,903,,12.78,14.17,1.109,14.17,844,26.7,8.2,+18.4,
56,904,,12.46,13.88,1.115,13.88,822,26.7,7.6,+19.1,
56,905,,14.10,15.48,1.098,15.48,931,28.5,11.8,+16.7,
56,906,,13.45,14.88,1.107,14.88,888,26.4,16.7,+9.3,
56,915,,17.21,18.52,1.076,18.52,1136,23.8,45.3,-21.1,
56,916,,18.35,19.73,1.075,19.73,1211,25.7,46.7,-20.7,
56,917,,19.17,20.68,1.079,20.68,1265,25.9,52.6,-26.6,
56,918,,14.35,16.36,1.140,16.36,947,35.7,9.8,+25.3,
56,919,14.13,14.16,15.52,1.096,15.48,935,23.8,24.5,-0.7,
56,921,,15.84,17.16,1.083,17.16,1045,23.9,34.1,-10.1,
56,922,,16.37,17.84,1.090,17.84,1080,25.9,31.4,-5.7,
56,923,,16.86,18.36,1.089,18.36,1112,27.1,34.1,-6.9,
56,924,,16.83,18.22,1.083,18.22,1111,25.9,35.1,-9.2,
56,925,,16.15,17.44,1.080,17.44,1066,23.8,34.5,-10.7,
56,926,,16.61,17.83,1.074,17.83,1096,23.8,36.2,-12.3,
56,931,,21.61,23.09,1.069,23.09,1426,28.7,59.4,-30.7,
56,932,,21.45,22.89,1.067,22.89,1416,26.7,57.1,-30.5,
56,933,,22.06,23.55,1.067,23.55,1456,27.6,57.1,-29.4,
56,934,,22.15,23.67,1.069,23.67,1462,28.2,57.1,-28.8,
56,935,,23.43,24.84,1.060,24.84,1546,28.0,60.5,-32.4,
56,942,21.52,21.66,23.46,1.083,23.30,1430,32.2,44.0,-11.8,
56,946,,16.64,18.03,1.084,18.03,1099,23.8,44.9,-21.2,
56,GATE,16.06,16.06,15.16,0.944,15.16,1060,1.3,44.5,-43.0,
57,1,9.92,9.93,10.73,1.081,10.71,656,18.5,15.9,+2.6,
57,2,9.81,9.83,10.91,1.110,10.89,649,22.6,15.6,+7.0,
57,3,8.79,8.92,10.96,1.228,10.79,589,29.5,16.5,+13.0,
57,4,8.88,8.89,10.93,1.229,10.91,587,29.5,16.5,+13.0,
57,5,9.38,9.39,11.43,1.217,11.41,620,29.5,16.5,+13.1,
57,6,9.78,9.80,12.00,1.225,11.98,647,32.3,16.5,+15.7,
57,7,10.36,10.38,12.59,1.212,12.57,685,32.4,16.5,+15.9,
57,8,11.18,11.12,13.32,1.198,13.40,734,32.8,16.9,+15.9,
57,9,11.13,11.15,13.67,1.227,13.66,736,37.4,16.6,+20.8,
57,10,11.47,11.58,14.42,1.245,14.28,764,42.1,16.5,+25.5,
57,10-1,12.08,12.11,15.16,1.251,15.12,799,45.2,16.5,+28.6,
57,11,12.13,12.15,14.94,1.230,14.92,802,41.5,16.6,+24.9,
57,12,12.55,12.75,15.66,1.228,15.41,841,43.4,17.0,+26.3,
57,13,12.78,12.98,16.01,1.233,15.76,857,45.1,17.0,+28.1,
57,14,10.25,10.30,12.79,1.242,12.74,680,36.8,16.5,+20.1,
57,15,6.63,6.64,7.30,1.099,7.28,438,13.0,13.4,-0.2,
57,15-1,8.72,8.00,8.57,1.071,9.34,528,13.0,18.4,-5.4,
57,16,4.56,4.57,4.67,1.022,4.66,302,4.1,7.2,-3.2,
57,16-1,7.76,9.08,9.51,1.048,8.14,599,13.0,22.1,-9.0,
57,17,6.23,6.43,7.14,1.111,6.92,425,13.5,10.7,+2.8,
57,18,18.13,18.35,21.54,1.174,21.28,1211,55.6,19.4,+36.1,
57,19,18.93,18.98,22.08,1.164,22.02,1252,55.6,21.3,+34.3,
57,20,13.84,14.16,16.77,1.185,16.40,934,46.3,17.5,+28.8,
57,21,16.43,16.60,19.35,1.166,19.15,1096,46.8,17.6,+29.2,
57,22,14.63,14.64,16.20,1.106,16.18,967,31.0,17.2,+13.8,
57,24,12.17,12.34,12.99,1.052,12.81,815,17.8,18.2,-0.4,
57,25,13.30,13.44,14.22,1.058,14.07,887,19.9,18.0,+2.0,
57,25-1,13.74,13.76,14.53,1.057,14.52,908,19.9,18.0,+2.0,
57,26,13.84,13.85,14.63,1.056,14.61,914,19.9,18.0,+2.0,
57,27,15.35,15.07,15.85,1.052,16.15,995,20.0,18.0,+2.0,
57,28,15.98,16.14,17.35,1.075,17.18,1065,27.8,20.0,+7.8,
57,29,21.49,21.65,26.69,1.233,26.50,1429,82.8,19.3,+63.4,
57,30,17.54,17.59,19.39,1.102,19.34,1161,35.5,17.4,+18.1,
57,31,17.04,17.01,18.54,1.090,18.58,1123,32.8,19.6,+13.1,
57,32,19.32,19.34,20.98,1.085,20.96,1277,34.5,18.0,+16.5,
57,32-1,19.25,19.28,20.92,1.085,20.89,1273,34.5,18.0,+16.5,
57,33,18.85,18.89,20.97,1.111,20.94,1246,40.4,17.5,+23.0,
57,34,18.33,18.35,20.43,1.114,20.41,1211,40.4,17.5,+22.9,
57,35,17.18,17.20,20.21,1.175,20.19,1135,51.1,17.6,+33.4,
57,36,19.57,19.59,22.33,1.140,22.31,1293,50.4,20.9,+29.8,
57,37,18.78,18.89,20.97,1.111,20.85,1246,40.4,17.5,+23.0,
57,38,20.29,20.31,22.69,1.117,22.67,1340,45.2,17.6,+27.6,
57,39,22.12,21.42,24.61,1.149,25.41,1414,57.9,19.8,+38.1,
57,40,22.09,22.10,24.94,1.128,24.92,1459,52.7,17.6,+35.0,
57,43,16.51,16.53,18.75,1.135,18.73,1091,41.5,18.0,+23.5,
57,43-1,17.32,17.34,19.14,1.104,19.11,1145,35.5,17.5,+18.0,
57,43-2,16.95,17.03,19.31,1.133,19.21,1124,42.7,18.4,+24.2,
57,44-1,19.83,19.89,22.64,1.138,22.57,1313,51.0,20.0,+30.9,
57,49,4.23,4.26,5.69,1.337,5.65,281,21.7,1.0,+20.5,
57,50,5.12,5.10,5.71,1.119,5.73,337,11.4,6.6,+4.7,
57,51,3.72,3.74,4.47,1.195,4.45,247,11.4,3.3,+8.1,
57,52,2.92,3.08,3.95,1.280,3.73,204,13.2,1.0,+12.1,
57,52-1,2.92,3.08,3.95,1.280,3.73,204,13.2,1.0,+12.1,
57,52-2,2.25,2.27,2.58,1.141,2.57,150,5.3,0.0,+5.3,
57,53,3.92,4.01,5.08,1.267,4.97,264,16.6,1.2,+15.4,
57,54,5.20,5.22,6.17,1.184,6.15,344,16.8,5.8,+10.9,
57,55,5.80,5.75,6.73,1.170,6.79,380,17.0,5.8,+11.2,
57,56,15.19,15.22,16.95,1.114,16.92,1005,34.0,17.2,+16.7,
57,57-1,0.13,0.14,0.15,1.066,0.14,9,0.2,0.0,+0.2,
57,58,0.78,1.81,1.73,0.955,0.74,119,0.0,2.0,-2.0,경로 다름
57,59,0.42,0.42,0.42,1.000,0.42,28,0.0,0.0,+0.0,
57,59-1,0.47,0.52,0.52,1.000,0.47,34,0.0,0.0,+0.0,
57,61,11.09,11.29,13.53,1.198,13.28,745,33.2,17.0,+16.1,
57,62,11.90,12.16,13.25,1.090,12.97,802,23.9,16.9,+7.0,
57,64,9.52,10.97,11.65,1.062,10.11,724,13.6,25.6,-12.0,
57,66,23.43,23.54,29.30,1.245,29.17,1554,86.7,11.7,+75.0,
57,71,4.05,9.35,10.21,1.092,4.42,617,15.8,21.2,-5.4,경로 다름
57,71-1,2.43,9.35,10.21,1.092,2.66,617,15.8,21.2,-5.4,경로 다름
57,73,8.85,10.14,10.87,1.073,9.50,669,17.7,19.7,-2.1,
57,74,6.73,6.75,7.97,1.181,7.95,446,21.3,6.9,+14.5,
57,75,19.27,19.33,20.86,1.079,20.80,1276,32.7,18.0,+14.7,
57,75-1,19.12,19.23,20.47,1.064,20.35,1269,29.5,21.4,+8.1,
57,80,9.96,13.91,15.47,1.112,11.08,918,30.9,15.7,+15.1,경로 다름
57,81,5.45,7.50,8.40,1.120,6.10,495,15.7,7.3,+8.4,경로 다름
57,82,6.56,7.63,10.03,1.313,8.61,504,34.2,7.3,+26.8,
57,83,4.93,4.94,5.59,1.132,5.58,326,11.4,8.2,+3.2,
57,84,6.41,6.42,7.30,1.136,7.28,424,16.5,12.2,+4.3,
57,85,6.57,8.65,9.67,1.118,7.35,571,17.9,7.3,+10.6,경로 다름
57,85-1,10.58,14.84,16.34,1.101,11.65,979,30.4,16.1,+14.3,경로 다름
57,86,9.27,13.54,15.01,1.109,10.28,893,28.6,15.7,+12.8,경로 다름
57,101,9.49,9.50,10.02,1.054,10.00,627,13.0,19.6,-6.6,
57,103,9.57,9.65,10.08,1.045,10.00,637,13.0,24.5,-11.5,
57,105-2,26.00,26.09,31.42,1.204,31.32,1722,84.8,24.8,+60.2,
57,129,17.15,17.25,18.32,1.062,18.22,1138,24.9,18.0,+6.9,
57,132,23.66,23.68,28.75,1.214,28.73,1563,84.7,21.2,+63.5,
57,135,21.85,21.56,24.76,1.148,25.09,1423,58.2,19.8,+38.4,
57,140,3.37,4.09,5.54,1.354,4.56,270,20.9,2.0,+18.9,
57,140-1,3.37,4.09,5.54,1.354,4.56,270,20.9,2.0,+18.9,
57,140-2,4.07,4.30,5.75,1.337,5.43,284,20.9,2.0,+18.9,
57,142,20.80,20.93,25.78,1.232,25.62,1381,79.8,19.3,+60.4,
57,143,15.30,15.25,18.27,1.198,18.33,1007,52.1,18.9,+33.1,
57,152-1,4.67,7.08,6.96,0.984,4.60,467,3.9,13.8,-10.0,경로 다름
57,153,3.75,6.74,6.62,0.982,3.68,445,3.7,11.9,-8.2,경로 다름
57,200,15.88,16.01,16.85,1.052,16.71,1057,21.1,18.0,+3.1,
57,201,18.47,18.49,19.78,1.070,19.76,1220,29.4,18.7,+10.6,
57,203,15.97,15.99,16.82,1.053,16.81,1055,21.1,18.0,+3.1,
57,207,2.16,2.18,2.50,1.147,2.48,144,5.3,0.0,+5.3,
57,220,1.44,1.46,2.25,1.539,2.22,96,10.3,0.0,+10.0,
57,221,2.99,3.19,4.23,1.326,3.96,211,15.2,2.0,+13.1,
57,222,1.06,1.07,1.17,1.093,1.15,71,1.8,0.0,+1.7,
57,223,5.70,5.75,7.23,1.258,7.17,379,22.4,2.4,+19.9,
57,300,28.28,28.49,35.14,1.234,34.88,1880,109.7,19.8,+89.9,
57,301,29.35,29.32,36.28,1.237,36.31,1935,114.4,19.8,+94.5,
57,302,31.90,32.12,40.52,1.261,40.24,2120,136.0,19.8,+116.1,
57,500,16.63,16.70,17.68,1.059,17.61,1102,27.8,30.3,-2.5,
57,900,,14.78,18.47,1.250,18.47,975,55.4,17.3,+38.1,
57,901,,14.58,18.31,1.255,18.31,963,54.2,20.6,+33.7,
57,902,,14.01,17.66,1.260,17.66,925,54.2,16.4,+37.8,
57,903,,14.46,18.29,1.265,18.29,954,56.5,14.3,+42.1,
57,904,,14.13,18.00,1.274,18.00,933,56.6,13.7,+42.9,
57,905,,15.78,19.59,1.242,19.59,1041,58.4,17.9,+40.5,
57,906,,15.12,19.00,1.256,19.00,998,56.3,22.8,+33.1,
57,915,,18.88,22.64,1.199,22.64,1246,53.7,51.4,+2.6,
57,916,,20.02,23.84,1.191,23.84,1322,55.6,52.8,+3.0,
57,917,,20.84,24.79,1.189,24.79,1376,55.7,58.7,-2.8,
57,918,,16.02,20.47,1.278,20.47,1057,65.5,15.9,+49.1,
57,919,15.82,15.84,19.63,1.240,19.61,1045,53.7,30.6,+23.1,
57,921,,17.51,21.27,1.215,21.27,1156,53.8,40.2,+13.7,
57,922,,18.04,21.95,1.217,21.95,1191,55.7,37.5,+18.1,
57,923,,18.53,22.47,1.213,22.47,1223,57.0,40.2,+16.8,
57,924,,18.50,22.34,1.207,22.34,1221,55.8,41.2,+14.6,
57,925,,17.82,21.55,1.209,21.55,1176,53.7,40.6,+13.0,
57,926,,18.28,21.94,1.200,21.94,1206,53.7,42.3,+11.4,
57,931,,23.28,27.21,1.169,27.21,1537,58.6,65.5,-6.9,
57,932,,23.12,27.00,1.168,27.00,1526,56.6,63.2,-6.7,
57,933,,23.73,27.66,1.165,27.66,1566,57.5,63.2,-5.6,
57,934,,23.82,27.78,1.166,27.78,1572,58.1,63.2,-5.1,
57,935,,25.10,28.95,1.153,28.95,1657,57.8,66.6,-8.6,
57,942,23.21,23.34,27.57,1.181,27.42,1540,62.1,50.1,+12.0,
57,946,,18.32,22.15,1.209,22.15,1209,53.7,51.0,+2.5,
57,GATE,7.01,8.99,8.55,0.952,6.68,593,1.7,22.8,-21.2,
57-1,1,8.93,8.93,9.01,1.009,9.01,589,8.8,16.1,-7.3,
57-1,2,8.82,8.82,9.19,1.041,9.19,582,13.0,15.8,-2.8,
57-1,3,7.80,7.92,9.24,1.166,9.10,523,19.9,16.7,+3.2,
57-1,4,7.89,7.89,9.21,1.167,9.21,521,19.9,16.7,+3.2,
57-1,5,8.39,8.39,9.71,1.157,9.71,554,19.9,16.7,+3.2,
57-1,6,8.79,8.79,10.28,1.169,10.28,580,22.7,16.7,+5.9,
57-1,7,9.38,9.38,10.87,1.159,10.87,619,22.8,16.7,+6.1,
57-1,8,10.20,10.11,11.60,1.147,11.70,667,23.2,17.1,+6.1,
57-1,9,10.15,10.14,11.95,1.178,11.96,669,27.8,16.8,+11.0,
57-1,10,10.49,10.57,12.70,1.201,12.59,698,32.5,16.7,+15.7,
57-1,10-1,11.10,11.11,13.44,1.209,13.42,733,35.6,16.7,+18.8,
57-1,11,11.15,11.15,13.22,1.186,13.22,736,31.9,16.8,+15.1,
57-1,12,11.57,11.75,13.94,1.187,13.72,775,33.8,17.2,+16.5,
57-1,13,11.79,11.98,14.29,1.193,14.07,791,35.5,17.2,+18.2,
57-1,14,9.27,9.30,11.07,1.191,11.04,613,27.1,16.7,+10.2,
57-1,15,5.64,5.64,5.58,0.990,5.58,372,3.4,13.6,-10.1,
57-1,15-1,7.73,6.99,6.85,0.979,7.57,462,3.4,18.6,-15.2,
57-1,16,4.32,4.32,4.34,1.003,4.33,285,2.6,7.5,-4.8,
57-1,16-1,6.78,8.07,7.79,0.965,6.54,533,3.4,22.3,-18.9,
57-1,17,5.24,5.43,5.42,0.999,5.24,358,3.9,10.9,-7.0,
57-1,18,17.14,17.34,19.82,1.143,19.59,1145,46.0,19.7,+26.3,
57-1,19,17.94,17.97,20.36,1.133,20.32,1186,46.0,21.5,+24.5,
57-1,20,12.85,13.15,15.05,1.144,14.71,868,36.7,17.7,+18.9,
57-1,21,15.45,15.60,17.63,1.130,17.46,1030,37.2,17.8,+19.4,
57-1,22,13.64,13.64,14.48,1.062,14.48,900,21.4,17.4,+4.0,
57-1,24,11.19,11.34,11.27,0.994,11.11,748,8.1,18.4,-10.3,
57-1,25,12.31,12.44,12.50,1.005,12.37,821,10.3,18.2,-7.9,
57-1,25-1,12.75,12.75,12.81,1.005,12.81,842,10.3,18.2,-7.9,
57-1,26,12.85,12.85,12.91,1.005,12.91,848,10.3,18.2,-7.9,
57-1,27,14.37,14.07,14.13,1.004,14.43,928,10.3,18.2,-7.9,
57-1,28,14.99,15.14,15.63,1.033,15.48,999,18.1,20.2,-2.0,
57-1,29,20.51,20.65,24.97,1.210,24.80,1363,73.1,19.5,+53.6,
57-1,30,16.56,16.59,17.67,1.065,17.64,1095,25.9,17.7,+8.2,
57-1,31,16.05,16.01,16.82,1.051,16.87,1056,23.1,19.8,+3.3,
57-1,32,18.34,18.34,19.26,1.050,19.26,1210,24.8,18.2,+6.6,
57-1,32-1,18.27,18.28,19.20,1.051,19.19,1206,24.9,18.2,+6.6,
57-1,33,17.87,17.88,19.25,1.077,19.24,1180,30.8,17.7,+13.1,
57-1,34,17.34,17.34,18.71,1.079,18.71,1145,30.8,17.7,+13.0,
57-1,35,16.20,16.20,18.49,1.141,18.49,1069,41.5,17.8,+23.6,
57-1,36,18.58,18.59,20.61,1.109,20.61,1227,40.8,21.1,+19.9,
57-1,37,17.79,17.88,19.25,1.077,19.16,1180,30.8,17.7,+13.1,
57-1,38,19.30,19.30,20.97,1.086,20.97,1274,35.6,17.8,+17.8,
57-1,39,21.13,20.42,22.89,1.121,23.69,1348,48.3,20.0,+28.2,
57-1,40,21.10,21.10,23.22,1.100,23.22,1393,43.0,17.8,+25.2,
57-1,43,15.52,15.52,17.03,1.097,17.03,1025,31.9,18.2,+13.6,
57-1,43-1,16.33,16.34,17.42,1.066,17.41,1078,25.9,17.7,+8.2,
57-1,43-2,15.97,16.03,17.59,1.097,17.52,1058,33.0,18.7,+14.4,
57-1,44-1,18.84,18.89,20.92,1.108,20.87,1247,41.3,20.3,+21.0,
57-1,49,3.24,3.25,3.97,1.220,3.95,215,12.0,1.2,+10.7,
57-1,50,4.13,4.10,3.99,0.974,4.02,271,1.7,6.8,-5.1,
57-1,51,2.74,2.74,2.75,1.004,2.75,181,1.7,3.5,-1.8,
57-1,52,2.06,2.08,2.23,1.070,2.20,137,3.5,1.2,+2.2,
57-1,52-1,2.06,2.08,2.23,1.070,2.20,137,3.5,1.2,+2.2,
57-1,52-2,2.01,2.02,2.24,1.110,2.23,133,3.6,0.0,+3.6,
57-1,53,2.93,3.00,3.36,1.118,3.28,198,7.0,1.4,+5.6,
57-1,54,4.21,4.21,4.45,1.057,4.45,278,7.1,6.0,+1.0,
57-1,55,4.82,4.75,5.01,1.054,5.08,313,7.4,6.0,+1.4,
57-1,56,14.21,14.22,15.23,1.071,15.22,938,24.3,17.4,+6.8,
57-1,57,0.13,0.14,0.13,0.938,0.12,9,0.0,0.2,-0.2,
57-1,58,0.96,1.95,2.00,1.026,0.98,129,0.0,6.9,-6.7,
57-1,59,0.55,0.56,0.64,1.139,0.63,37,0.0,5.0,-4.7,
57-1,59-1,0.63,0.66,0.71,1.078,0.68,44,0.0,5.2,-4.7,
57-1,61,10.10,10.29,11.81,1.148,11.59,679,23.6,17.2,+6.3,
57-1,62,10.92,11.16,11.53,1.033,11.28,736,14.3,17.1,-2.9,
57-1,64,9.70,9.96,9.93,0.996,9.67,658,4.0,25.8,-21.8,
57-1,66,22.45,22.54,27.58,1.224,27.47,1487,77.1,11.9,+65.2,
57-1,71,4.23,7.55,7.74,1.025,4.34,498,6.3,19.8,-13.4,경로 다름
57-1,71-1,2.62,7.55,7.74,1.025,2.68,498,6.3,19.8,-13.4,경로 다름
57-1,73,7.87,9.13,9.15,1.002,7.88,603,8.0,19.9,-11.9,
57-1,74,5.75,5.75,6.25,1.087,6.25,379,11.7,7.1,+4.6,
57-1,75,18.29,18.33,19.14,1.044,19.10,1210,23.1,18.2,+4.9,
57-1,75-1,18.13,18.23,18.75,1.029,18.65,1203,19.8,21.6,-1.7,
57-1,80,10.15,13.67,15.13,1.107,11.24,902,29.5,16.0,+13.4,경로 다름
57-1,81,5.63,5.70,5.93,1.040,5.86,376,6.3,6.0,+0.4,
57-1,82,5.57,6.63,8.31,1.253,6.98,438,24.5,7.5,+17.0,
57-1,83,3.94,3.94,3.87,0.983,3.88,260,1.7,8.4,-6.6,
57-1,84,5.42,5.42,5.58,1.029,5.58,358,6.8,12.4,-5.6,
57-1,85,6.76,6.85,7.20,1.051,7.10,452,8.5,6.0,+2.6,
57-1,85-1,10.77,14.59,16.00,1.097,11.81,963,29.0,16.4,+12.6,경로 다름
57-1,86,9.46,13.29,14.68,1.104,10.45,877,27.2,16.0,+11.2,경로 다름
57-1,101,8.50,8.50,8.30,0.976,8.30,561,3.3,19.8,-16.5,
57-1,103,8.58,8.65,8.36,0.967,8.30,571,3.4,24.7,-21.3,
57-1,105-2,25.02,25.09,29.70,1.184,29.62,1656,75.2,25.0,+50.4,
57-1,129,16.17,16.25,16.60,1.022,16.52,1072,15.3,18.2,-2.9,
57-1,132,22.67,22.67,27.03,1.192,27.03,1496,75.1,21.5,+53.6,
57-1,135,20.86,20.56,23.04,1.121,23.38,1357,48.5,20.0,+28.5,
57-1,140,1.57,2.30,3.07,1.337,2.10,152,11.5,0.7,+10.9,
57-1,140-1,1.57,2.30,3.07,1.337,2.10,152,11.5,0.7,+10.9,
57-1,140-2,2.27,2.51,3.29,1.309,2.96,166,11.5,0.7,+10.9,
57-1,142,19.81,19.92,24.06,1.208,23.93,1315,70.1,19.5,+50.6,
57-1,143,14.32,14.25,16.55,1.162,16.63,941,42.4,19.1,+23.3,
57-1,152-1,4.86,6.83,6.63,0.970,4.71,451,2.5,14.1,-11.6,경로 다름
57-1,153,3.93,6.50,6.29,0.968,3.81,429,2.3,12.2,-9.9,경로 다름
57-1,200,14.89,15.01,15.13,1.008,15.02,990,11.4,18.2,-6.8,
57-1,201,17.48,17.48,18.06,1.033,18.06,1154,19.7,18.9,+0.8,
57-1,203,14.98,14.98,15.10,1.008,15.10,989,11.4,18.2,-6.8,
57-1,207,1.92,1.93,2.15,1.115,2.14,127,3.6,0.0,+3.6,
57-1,220,0.32,0.32,0.45,1.408,0.45,21,2.1,0.0,+2.0,
57-1,221,1.19,1.40,1.76,1.261,1.50,92,5.7,0.7,+5.1,
57-1,222,0.64,0.64,0.64,1.000,0.64,42,0.0,0.0,+0.0,
57-1,223,3.90,3.96,4.77,1.205,4.70,261,13.0,1.1,+11.9,
57-1,300,27.29,27.49,33.42,1.216,33.19,1814,100.1,20.0,+80.0,
57-1,301,28.36,28.32,34.56,1.220,34.61,1869,104.7,20.0,+84.7,
57-1,302,30.92,31.12,38.80,1.247,38.55,2054,126.4,20.0,+106.2,
57-1,500,15.64,15.70,15.97,1.017,15.91,1036,18.2,30.5,-12.3,
57-1,900,,13.77,16.75,1.216,16.75,909,45.8,17.5,+28.2,
57-1,901,,13.58,16.59,1.221,16.59,896,44.6,20.8,+23.9,
57-1,902,,13.01,15.94,1.225,15.94,859,44.6,16.6,+28.0,
57-1,903,,13.45,16.57,1.231,16.57,888,46.9,14.5,+32.3,
57-1,904,,13.13,16.28,1.240,16.28,867,47.0,13.9,+33.0,
57-1,905,,14.77,17.87,1.210,17.87,975,48.7,18.1,+30.6,
57-1,906,,14.12,17.28,1.223,17.28,932,46.6,23.0,+23.2,
57-1,915,,17.88,20.92,1.170,20.92,1180,44.0,51.6,-7.2,
57-1,916,,19.02,22.12,1.163,22.12,1255,46.0,53.0,-6.8,
57-1,917,,19.84,23.07,1.163,23.07,1309,46.1,58.9,-12.7,
57-1,918,,15.02,18.75,1.249,18.75,991,55.9,16.1,+39.2,
57-1,919,14.83,14.83,17.91,1.207,17.91,979,44.0,30.8,+13.2,
57-1,921,,16.51,19.55,1.184,19.55,1090,44.2,40.4,+3.8,
57-1,922,,17.04,20.23,1.187,20.23,1125,46.1,37.7,+8.2,
57-1,923,,17.53,20.75,1.184,20.75,1157,47.3,40.4,+7.0,
57-1,924,,17.50,20.62,1.178,20.62,1155,46.1,41.4,+4.8,
57-1,925,,16.82,19.83,1.179,19.83,1110,44.0,40.8,+3.2,
57-1,926,,17.28,20.22,1.170,20.22,1140,44.1,42.5,+1.6,
57-1,931,,22.28,25.49,1.144,25.49,1471,49.0,65.8,-16.8,
57-1,932,,22.12,25.28,1.143,25.28,1460,47.0,63.4,-16.6,
57-1,933,,22.73,25.94,1.141,25.94,1500,47.9,63.4,-15.5,
57-1,934,,22.82,26.06,1.142,26.06,1506,48.4,63.4,-14.9,
57-1,935,,24.10,27.23,1.130,27.23,1590,48.2,66.8,-18.5,
57-1,942,22.23,22.34,25.85,1.157,25.73,1474,52.5,50.3,+2.1,
57-1,946,,17.32,20.43,1.180,20.43,1143,44.0,51.3,-7.3,
57-1,GATE,7.20,8.74,8.22,0.941,6.77,577,0.3,23.1,-22.8,
58,1,9.33,9.33,10.09,1.081,10.09,616,16.0,7.5,+8.5,
58,2,9.22,9.22,10.26,1.113,10.26,609,20.2,7.2,+13.0,
58,3,8.86,8.98,11.20,1.247,11.05,593,30.8,11.8,+19.0,
58,4,8.95,8.95,11.17,1.248,11.17,591,30.8,11.8,+19.0,
58,5,9.45,9.45,11.67,1.235,11.67,624,30.8,11.8,+19.0,
58,6,9.85,9.85,12.24,1.242,12.24,650,33.5,11.8,+21.7,
58,7,10.44,10.44,12.83,1.229,12.83,689,33.6,11.8,+21.9,
58,8,10.91,11.09,12.74,1.149,12.54,732,30.0,7.2,+22.7,
58,9,11.21,11.20,13.91,1.242,13.92,739,38.6,11.9,+26.7,
58,10,11.54,11.63,14.66,1.260,14.55,768,43.3,11.8,+31.5,
58,10-1,12.16,12.17,15.40,1.265,15.38,803,46.4,11.8,+34.6,
58,11,12.21,12.20,15.18,1.244,15.18,806,42.8,11.9,+30.9,
58,12,12.21,12.40,14.68,1.185,14.47,818,39.6,7.2,+32.2,
58,13,12.44,12.63,15.04,1.190,14.81,834,41.2,7.2,+34.0,
58,14,10.33,10.35,13.03,1.259,13.00,683,38.0,11.8,+26.0,
58,15,5.27,5.27,5.88,1.116,5.88,348,10.9,5.4,+5.7,
58,15-1,6.00,6.62,7.14,1.079,6.47,437,10.9,10.3,+0.6,
58,16,1.78,1.77,1.94,1.095,1.95,117,2.9,0.1,+2.8,
58,16-1,5.06,5.22,5.34,1.023,5.18,345,6.3,9.9,-3.6,
58,17,4.87,5.06,5.72,1.131,5.51,334,11.4,2.7,+8.7,
58,18,17.54,17.74,20.89,1.178,20.65,1171,53.2,11.1,+42.1,
58,19,18.34,18.37,21.44,1.167,21.39,1212,53.2,12.9,+40.3,
58,20,13.25,13.55,16.13,1.190,15.77,894,43.9,9.2,+34.7,
58,21,15.84,16.00,18.70,1.169,18.52,1056,44.4,9.2,+35.2,
58,22,14.04,14.04,15.55,1.108,15.55,927,28.6,8.9,+19.8,
58,24,11.58,11.74,12.34,1.051,12.18,775,15.3,9.8,+5.5,
58,25,12.71,12.83,13.57,1.058,13.44,847,17.5,9.6,+7.9,
58,25-1,13.15,13.15,13.89,1.056,13.89,868,17.5,9.6,+7.9,
58,26,13.25,13.25,13.98,1.056,13.99,874,17.5,9.6,+7.9,
58,27,14.76,14.46,15.20,1.051,15.52,954,17.6,9.6,+7.9,
58,28,15.39,15.53,16.70,1.075,16.55,1025,25.4,11.6,+13.8,
58,29,20.90,21.04,26.05,1.238,25.87,1389,80.3,11.0,+69.4,
58,30,16.95,16.99,18.75,1.104,18.71,1121,33.1,9.1,+24.0,
58,31,16.45,16.40,17.89,1.091,17.95,1083,30.3,11.3,+19.1,
58,32,18.43,18.43,20.65,1.121,20.65,1216,42.5,17.6,+24.8,
58,32-1,18.36,18.37,20.59,1.121,20.58,1212,42.5,17.6,+24.8,
58,33,18.26,18.28,20.33,1.112,20.31,1206,38.0,9.1,+28.9,
58,34,17.74,17.74,19.79,1.115,19.79,1171,38.0,9.1,+28.8,
58,35,16.60,16.60,19.56,1.179,19.56,1095,48.7,9.2,+39.4,
58,36,18.98,18.98,21.69,1.142,21.68,1253,48.0,12.6,+35.7,
58,37,18.19,18.28,20.33,1.112,20.23,1206,38.0,9.1,+28.9,
58,38,19.70,19.70,22.04,1.119,22.04,1300,42.8,9.2,+33.6,
58,39,21.53,20.82,23.96,1.151,24.78,1374,55.5,11.5,+44.0,
58,40,21.50,21.50,24.29,1.130,24.29,1419,50.3,9.2,+41.0,
58,43,15.92,15.92,18.10,1.137,18.11,1051,39.1,9.7,+29.4,
58,43-1,16.73,16.74,18.49,1.105,18.48,1105,33.1,9.2,+23.9,
58,43-2,16.37,16.43,18.66,1.136,18.59,1084,40.3,10.1,+30.2,
58,44-1,19.24,19.28,22.00,1.141,21.94,1273,48.6,11.7,+36.8,
58,49,4.97,5.63,7.52,1.336,6.64,371,28.4,1.0,+27.2,
58,50,4.14,4.11,4.68,1.138,4.72,272,9.3,0.3,+9.0,
58,51,3.81,3.81,4.56,1.197,4.56,251,12.2,0.2,+12.0,
58,52,3.66,4.45,5.78,1.297,4.75,294,19.9,1.0,+18.8,
58,52-1,3.66,4.45,5.78,1.297,4.75,294,19.9,1.0,+18.8,
58,52-2,3.00,3.64,4.41,1.214,3.64,240,12.0,0.0,+12.0,
58,53,4.67,5.37,6.90,1.284,5.99,355,23.3,1.2,+22.1,
58,54,5.91,5.91,7.00,1.184,7.00,390,18.9,1.9,+16.8,
58,55,5.77,5.77,6.69,1.161,6.70,381,16.2,2.0,+14.2,
58,56,14.60,14.61,16.30,1.116,16.29,965,31.6,8.9,+22.6,
58,57,0.78,1.81,1.93,1.064,0.82,119,2.0,0.0,+2.0,경로 다름
58,57-1,0.96,1.95,2.42,1.238,1.19,129,6.9,0.0,+6.7,
58,59,0.70,1.08,1.08,0.997,0.70,71,0.0,0.1,-0.1,
58,59-1,0.70,1.08,1.08,0.997,0.70,71,0.0,0.1,-0.1,
58,61,10.75,10.94,12.55,1.147,12.34,722,29.3,7.2,+22.1,
58,62,11.31,11.55,12.60,1.091,12.34,762,21.5,8.6,+12.9,
58,64,6.89,5.13,5.50,1.072,7.38,338,6.9,10.6,-3.6,
58,66,23.51,23.60,29.55,1.252,29.44,1557,88.0,7.1,+81.0,
58,71,3.35,3.15,3.48,1.105,3.70,208,5.2,3.7,+1.5,
58,71-1,1.74,3.15,3.48,1.105,1.92,208,5.2,3.7,+1.5,경로 다름
58,73,7.42,7.71,8.22,1.067,7.91,509,12.8,9.9,+2.9,
58,74,6.25,6.25,7.41,1.186,7.42,413,19.3,2.7,+16.6,
58,75,18.38,18.42,20.53,1.115,20.48,1215,40.7,17.7,+23.0,
58,75-1,18.22,18.32,20.13,1.099,20.03,1209,37.5,21.0,+16.4,
58,80,8.76,8.75,10.30,1.176,10.30,578,26.5,3.4,+22.9,
58,81,4.75,4.76,5.73,1.204,5.72,314,15.7,0.3,+15.4,
58,82,7.31,7.69,10.28,1.336,9.76,508,35.5,2.7,+32.8,
58,83,3.39,3.39,3.96,1.168,3.96,223,9.2,0.2,+9.0,
58,84,5.45,5.45,6.20,1.138,6.20,360,12.9,2.7,+10.2,
58,85,5.88,5.91,7.01,1.185,6.96,390,17.9,0.3,+17.5,
58,85-1,9.37,9.68,11.17,1.154,10.82,639,26.0,3.9,+22.1,
58,86,8.07,8.38,9.84,1.174,9.47,553,24.2,3.5,+20.7,
58,101,4.15,4.15,4.35,1.049,4.35,274,6.3,4.6,+1.7,
58,103,5.65,5.65,5.87,1.040,5.87,373,6.3,9.9,-3.6,
58,105-2,25.46,25.56,30.28,1.185,30.17,1687,80.4,14.5,+66.2,
58,129,16.26,16.34,17.98,1.101,17.90,1078,32.9,17.6,+15.3,
58,132,23.07,23.07,28.11,1.218,28.11,1523,82.3,12.9,+69.4,
58,135,21.26,20.96,24.11,1.151,24.47,1383,55.8,11.5,+44.3,
58,140,4.12,5.46,7.37,1.349,5.55,360,27.6,2.0,+25.6,경로 다름
58,140-1,4.12,5.46,7.37,1.349,5.55,360,27.6,2.0,+25.6,경로 다름
58,140-2,4.81,5.67,7.58,1.336,6.43,374,27.6,2.0,+25.6,
58,142,20.21,20.32,25.14,1.237,25.00,1341,77.4,11.0,+66.4,
58,143,14.71,14.65,17.63,1.203,17.71,967,49.7,10.6,+39.1,
58,152-1,2.25,2.02,2.02,1.000,2.26,133,0.9,2.8,-1.9,
58,153,1.51,1.54,1.52,0.990,1.50,101,0.5,0.9,-0.4,
58,200,15.10,15.10,16.52,1.094,16.52,996,29.0,17.6,+11.4,
58,201,17.57,17.57,19.45,1.107,19.44,1160,37.3,18.4,+19.0,
58,203,15.07,14.85,16.26,1.095,16.50,980,28.8,17.6,+11.2,
58,207,2.91,3.55,4.32,1.219,3.54,234,12.0,0.0,+12.0,
58,220,2.19,2.83,4.08,1.440,3.15,187,17.0,0.0,+16.7,
58,221,3.74,4.56,6.06,1.328,4.96,301,21.9,2.0,+19.8,
58,222,1.80,2.44,3.00,1.228,2.21,161,8.5,0.0,+8.4,
58,223,5.24,5.28,6.98,1.321,6.93,349,26.9,0.0,+26.8,
58,300,27.69,27.88,34.49,1.237,34.26,1840,107.3,11.5,+95.8,
58,301,28.76,28.71,35.63,1.241,35.68,1895,112.0,11.5,+100.5,
58,302,31.32,31.52,39.87,1.265,39.62,2080,133.6,11.5,+122.0,
58,500,13.44,13.50,14.59,1.081,14.53,891,23.5,17.6,+5.8,
58,900,,14.83,18.72,1.262,18.72,979,56.7,12.7,+44.0,
58,901,,14.64,18.56,1.268,18.56,966,55.5,16.0,+39.7,
58,902,,14.07,17.91,1.273,17.91,929,55.5,11.8,+43.8,
58,903,,14.51,18.54,1.277,18.54,958,57.8,9.7,+48.1,
58,904,,14.19,18.25,1.286,18.25,936,57.9,9.1,+48.8,
58,905,,15.83,19.85,1.253,19.85,1045,59.7,13.3,+46.4,
58,906,,15.18,19.25,1.268,19.25,1002,57.6,18.2,+39.0,
58,915,,18.94,22.89,1.208,22.89,1250,55.0,46.8,+8.6,
58,916,,20.08,24.10,1.200,24.10,1325,56.9,48.1,+9.0,
58,917,,20.90,25.04,1.198,25.04,1379,57.0,54.1,+3.1,
58,918,,16.08,20.72,1.289,20.72,1061,66.8,11.3,+55.0,
58,919,15.89,15.89,19.88,1.251,19.88,1049,55.0,26.0,+29.0,
58,921,,17.57,21.53,1.225,21.53,1160,55.1,35.5,+19.6,
58,922,,18.10,22.20,1.227,22.20,1194,57.0,32.9,+24.0,
58,923,,18.59,22.72,1.223,22.72,1227,58.3,35.6,+22.8,
58,924,,18.56,22.59,1.217,22.59,1225,57.1,36.5,+20.5,
58,925,,17.88,21.81,1.220,21.81,1180,55.0,36.0,+19.0,
58,926,,18.34,22.19,1.210,22.19,1210,55.0,37.7,+17.4,
58,931,,23.34,27.46,1.176,27.46,1540,59.9,60.9,-1.0,
58,932,,23.18,27.25,1.176,27.25,1530,57.9,58.5,-0.8,
58,933,,23.79,27.91,1.173,27.91,1570,58.8,58.6,+0.3,
58,934,,23.88,28.03,1.174,28.03,1576,59.4,58.6,+0.9,
58,935,,25.16,29.20,1.161,29.20,1660,59.2,62.0,-2.7,
58,942,23.29,23.40,27.82,1.189,27.69,1544,63.4,45.5,+17.9,
58,946,,18.38,22.40,1.219,22.40,1213,55.0,46.4,+8.5,
58,GATE,4.56,4.35,4.09,0.940,4.28,287,0.0,11.2,-11.2,
59,1,9.08,9.09,9.82,1.080,9.81,600,17.0,15.9,+0.9,
59,2,8.98,8.99,9.99,1.112,9.98,593,21.2,15.6,+5.3,
59,3,7.96,8.08,10.04,1.243,9.89,533,28.1,16.5,+11.4,
59,4,8.05,8.05,10.01,1.243,10.00,531,28.1,16.5,+11.4,
59,5,8.54,8.55,10.51,1.229,10.50,564,28.1,16.5,+11.4,
59,6,8.95,8.96,11.08,1.237,11.07,591,30.8,16.5,+14.0,
59,7,9.53,9.54,11.67,1.223,11.66,630,30.9,16.5,+14.2,
59,8,10.35,10.27,12.41,1.208,12.50,678,31.4,16.9,+14.3,
59,9,10.30,10.30,12.76,1.238,12.76,680,35.9,16.6,+19.1,
59,10,10.64,10.73,13.50,1.258,13.38,708,40.7,16.5,+23.9,
59,10-1,11.25,11.27,14.24,1.263,14.21,744,43.7,16.5,+27.0,
59,11,11.30,11.31,14.03,1.241,14.02,746,40.1,16.6,+23.3,
59,12,11.72,11.91,14.74,1.238,14.51,786,42.0,17.0,+24.6,
59,13,11.95,12.14,15.10,1.243,14.85,801,43.6,17.0,+26.4,
59,14,9.42,9.46,11.88,1.256,11.83,624,35.3,16.5,+18.4,
59,15,5.79,5.80,6.39,1.101,6.38,383,11.6,13.4,-1.9,
59,15-1,7.88,7.15,7.65,1.069,8.43,472,11.6,18.4,-7.0,
59,16,3.57,2.72,2.81,1.031,3.69,180,2.6,1.4,+1.2,
59,16-1,6.93,8.23,8.60,1.044,7.24,543,11.5,22.1,-10.7,
59,17,5.40,5.59,6.23,1.114,6.01,369,12.1,10.7,+1.1,
59,18,17.30,17.50,20.62,1.178,20.37,1155,54.1,19.4,+34.5,
59,19,18.09,18.14,21.17,1.167,21.12,1197,54.1,21.3,+32.6,
59,20,13.01,13.31,15.86,1.191,15.49,879,44.8,17.5,+27.1,
59,21,15.60,15.76,18.43,1.170,18.25,1040,45.4,17.6,+27.6,
59,22,13.79,13.80,15.28,1.107,15.28,911,29.6,17.2,+12.2,
59,24,11.34,11.50,12.07,1.050,11.90,759,16.3,18.2,-2.1,
59,25,12.47,12.60,13.30,1.056,13.16,831,18.5,18.0,+0.3,
59,25-1,12.91,12.91,13.62,1.055,13.61,852,18.5,18.0,+0.3,
59,26,13.00,13.01,13.71,1.054,13.71,859,18.5,18.0,+0.3,
59,27,14.52,14.23,14.93,1.050,15.24,939,18.5,18.0,+0.3,
59,28,15.15,15.30,16.43,1.074,16.27,1010,26.3,20.0,+6.1,
59,29,20.66,20.81,25.78,1.239,25.59,1373,81.3,19.3,+61.8,
59,30,16.71,16.75,18.48,1.103,18.43,1106,34.1,17.5,+16.4,
59,31,16.21,16.17,17.63,1.090,17.67,1067,31.3,19.6,+11.5,
59,32,18.49,18.50,20.07,1.085,20.06,1221,33.0,18.0,+14.8,
59,32-1,18.42,18.44,20.01,1.085,19.99,1217,33.0,18.0,+14.8,
59,33,18.02,18.04,20.06,1.112,20.03,1191,39.0,17.5,+21.3,
59,34,17.50,17.51,19.52,1.115,19.51,1155,38.9,17.5,+21.2,
59,35,16.35,16.36,19.29,1.179,19.28,1080,49.6,17.6,+31.8,
59,36,18.73,18.75,21.42,1.142,21.40,1237,49.0,20.9,+28.1,
59,37,17.95,18.04,20.06,1.112,19.95,1191,39.0,17.5,+21.3,
59,38,19.46,19.46,21.77,1.119,21.76,1285,43.7,17.6,+25.9,
59,39,21.28,20.58,23.69,1.151,24.50,1358,56.5,19.8,+36.4,
59,40,21.26,21.26,24.02,1.130,24.01,1403,51.2,17.6,+33.4,
59,43,15.68,15.68,17.83,1.137,17.83,1035,40.0,18.0,+21.8,
59,43-1,16.48,16.50,18.22,1.104,18.21,1089,34.1,17.5,+16.3,
59,43-2,16.12,16.19,18.39,1.136,18.31,1069,41.2,18.4,+22.5,
59,44-1,18.99,19.05,21.73,1.141,21.67,1257,49.5,20.0,+29.2,
59,49,3.39,3.41,4.77,1.398,4.74,225,20.2,1.0,+18.9,
59,50,4.28,4.26,4.79,1.125,4.82,281,9.9,6.6,+3.1,
59,51,2.89,2.90,3.55,1.226,3.54,191,9.9,3.3,+6.4,
59,52,2.08,2.24,3.03,1.352,2.81,148,11.7,1.0,+10.4,
59,52-1,2.08,2.24,3.03,1.352,2.81,148,11.7,1.0,+10.4,
59,52-2,1.41,1.42,1.63,1.145,1.62,94,3.5,0.2,+3.3,
59,53,3.09,3.16,4.16,1.315,4.06,209,15.1,1.2,+13.7,
59,54,4.37,4.37,5.26,1.202,5.25,289,15.3,5.8,+9.2,
59,55,4.97,4.91,5.81,1.183,5.88,324,15.6,5.8,+9.6,
59,56,14.36,14.38,16.03,1.115,16.01,949,32.5,17.2,+15.0,
59,57,0.42,0.42,0.42,1.000,0.42,28,0.0,0.0,-0.0,
59,57-1,0.55,0.56,0.91,1.617,0.89,37,5.0,0.0,+4.7,
59,58,0.70,1.08,1.09,1.003,0.70,71,0.1,0.0,+0.1,
59,59-1,0.08,0.08,0.08,1.000,0.08,5,0.0,0.0,+0.0,
59,61,10.26,10.45,12.61,1.207,12.38,690,31.7,17.0,+14.4,
59,62,11.07,11.32,12.33,1.090,12.06,747,22.5,16.9,+5.3,
59,64,9.44,9.64,9.18,0.951,8.99,636,1.3,20.0,-18.8,
59,66,22.60,22.70,28.38,1.250,28.26,1498,85.3,11.7,+73.4,
59,71,3.97,4.15,4.48,1.081,4.29,274,5.3,3.7,+1.6,
59,71-1,2.36,4.15,4.48,1.081,2.55,274,5.3,3.7,+1.6,경로 다름
59,73,8.02,9.30,9.96,1.071,8.59,614,16.2,19.7,-3.7,
59,74,5.90,5.91,7.06,1.194,7.05,390,19.9,6.9,+12.8,
59,75,18.44,18.49,19.94,1.079,19.89,1220,31.3,18.0,+13.0,
59,75-1,18.29,18.39,19.55,1.063,19.44,1214,28.0,21.4,+6.4,
59,80,9.89,10.27,11.90,1.159,11.46,678,27.0,4.8,+22.1,
59,81,5.37,5.76,6.73,1.170,6.29,380,15.8,0.3,+15.4,
59,82,5.73,6.79,9.11,1.342,7.68,448,32.7,7.3,+25.1,
59,83,4.10,4.10,4.67,1.140,4.67,270,9.9,8.2,+1.6,
59,84,5.58,5.58,6.38,1.143,6.37,368,15.0,12.2,+2.6,
59,85,6.50,6.91,8.00,1.159,7.53,456,17.9,0.3,+17.6,
59,85-1,10.51,11.20,12.77,1.141,11.99,739,26.5,5.2,+21.3,
59,86,9.20,9.90,11.44,1.156,10.64,653,24.7,4.8,+19.8,
59,101,8.66,8.66,9.10,1.051,9.09,572,11.5,19.6,-8.3,
59,103,8.74,8.81,9.17,1.040,9.09,582,11.5,24.5,-13.2,
59,105-2,25.17,25.25,30.51,1.208,30.41,1666,83.4,24.8,+58.6,
59,129,16.32,16.41,17.40,1.061,17.31,1083,23.5,18.0,+5.3,
59,132,22.83,22.83,27.84,1.219,27.83,1507,83.3,21.3,+61.8,
59,135,21.02,20.72,23.84,1.151,24.19,1367,56.7,19.8,+36.7,
59,140,2.44,3.25,4.62,1.423,3.47,214,19.5,2.0,+17.2,
59,140-1,2.44,3.25,4.62,1.423,3.47,214,19.5,2.0,+17.2,
59,140-2,3.13,3.46,4.83,1.397,4.38,228,19.5,2.0,+17.2,
59,142,19.96,20.08,24.87,1.238,24.72,1326,78.3,19.3,+58.8,
59,143,14.47,14.41,17.36,1.204,17.43,951,50.6,18.9,+31.5,
59,152-1,4.60,4.75,4.70,0.989,4.55,313,1.4,4.4,-3.0,
59,153,3.67,4.08,4.02,0.985,3.62,270,0.5,1.7,-1.2,
59,200,15.05,15.17,15.93,1.050,15.81,1001,19.6,18.0,+1.4,
59,201,17.63,17.64,18.86,1.069,18.85,1165,27.9,18.7,+9.0,
59,203,15.14,15.14,15.91,1.050,15.90,999,19.6,18.0,+1.4,
59,207,1.32,1.33,1.54,1.156,1.53,88,3.5,0.2,+3.3,
59,220,0.61,0.62,1.33,2.152,1.32,41,8.9,0.0,+8.3,
59,221,2.06,2.35,3.31,1.411,2.90,155,13.7,2.0,+11.4,
59,222,0.23,0.23,0.23,1.000,0.23,15,0.0,0.0,+0.0,
59,223,4.77,4.91,6.31,1.287,6.14,324,21.0,2.4,+18.2,
59,300,27.45,27.65,34.22,1.238,33.98,1825,108.2,19.8,+88.2,
59,301,28.51,28.48,35.36,1.242,35.41,1880,112.9,19.8,+92.9,
59,302,31.07,31.28,39.60,1.266,39.34,2065,134.6,19.8,+114.4,
59,500,15.80,15.86,16.77,1.057,16.70,1047,26.3,30.3,-4.2,
59,900,,13.93,17.55,1.259,17.55,920,54.0,17.3,+36.4,
59,901,,13.74,17.39,1.266,17.39,907,52.8,20.6,+32.0,
59,902,,13.17,16.74,1.271,16.74,869,52.7,16.4,+36.2,
59,903,,13.61,17.37,1.276,17.37,899,55.1,14.3,+40.5,
59,904,,13.29,17.08,1.285,17.08,877,55.1,13.7,+41.2,
59,905,,14.94,18.68,1.251,18.68,986,56.9,17.9,+38.8,
59,906,,14.28,18.08,1.266,18.08,943,54.8,22.8,+31.4,
59,915,,18.04,21.72,1.204,21.72,1191,52.2,51.4,+1.0,
59,916,,19.18,22.93,1.195,22.93,1266,54.1,52.8,+1.3,
59,917,,20.00,23.88,1.194,23.88,1320,54.3,58.7,-4.5,
59,918,,15.18,19.55,1.288,19.55,1002,64.1,15.9,+47.4,
59,919,14.99,14.99,18.71,1.248,18.70,990,52.2,30.6,+21.4,
59,921,,16.67,20.36,1.221,20.36,1100,52.4,40.2,+12.0,
59,922,,17.20,21.04,1.223,21.04,1135,54.3,37.5,+16.4,
59,923,,17.69,21.56,1.219,21.56,1167,55.5,40.2,+15.2,
59,924,,17.66,21.42,1.213,21.42,1166,54.3,41.2,+12.9,
59,925,,16.98,20.64,1.215,20.64,1121,52.2,40.6,+11.4,
59,926,,17.44,21.03,1.206,21.03,1151,52.2,42.3,+9.8,
59,931,,22.44,26.29,1.172,26.29,1481,57.2,65.6,-8.6,
59,932,,22.28,26.09,1.171,26.09,1471,55.1,63.2,-8.4,
59,933,,22.89,26.74,1.168,26.74,1511,56.1,63.2,-7.3,
59,934,,22.98,26.87,1.169,26.87,1517,56.6,63.2,-6.7,
59,935,,24.26,28.04,1.156,28.04,1601,56.4,66.6,-10.3,
59,942,22.38,22.50,26.66,1.185,26.52,1485,60.7,50.1,+10.3,
59,946,,17.48,21.23,1.215,21.23,1153,52.2,51.0,+0.9,
59,GATE,6.94,7.14,6.69,0.937,6.51,471,0.2,17.0,-16.8,
59-1,1,10.01,10.01,11.15,1.114,11.15,661,23.4,15.9,+7.3,
59-1,2,9.91,9.91,11.32,1.143,11.32,654,27.6,15.6,+11.7,
59-1,3,8.88,9.00,11.38,1.264,11.23,594,34.5,16.5,+17.8,
59-1,4,8.97,8.97,11.35,1.265,11.35,592,34.5,16.5,+17.8,
59-1,5,9.47,9.47,11.85,1.251,11.85,625,34.5,16.5,+17.8,
59-1,6,9.87,9.88,12.42,1.257,12.42,652,37.3,16.5,+20.4,
59-1,7,10.46,10.46,13.01,1.243,13.01,690,37.4,16.5,+20.6,
59-1,8,11.28,11.19,13.74,1.228,13.84,739,37.8,16.9,+20.6,
59-1,9,11.23,11.22,14.09,1.255,14.10,741,42.4,16.6,+25.5,
59-1,10,11.57,11.65,14.83,1.273,14.72,769,47.1,16.5,+30.3,
59-1,10-1,12.18,12.19,15.58,1.278,15.56,805,50.2,16.5,+33.3,
59-1,11,12.23,12.23,15.36,1.256,15.36,807,46.5,16.6,+29.7,
59-1,12,12.65,12.83,16.08,1.253,15.85,847,48.4,17.0,+31.0,
59-1,13,12.87,13.06,16.43,1.258,16.19,862,50.1,17.0,+32.8,
59-1,14,10.35,10.38,13.21,1.273,13.18,685,41.8,16.5,+24.8,
59-1,15,6.72,6.22,6.75,1.085,7.29,410,10.6,6.7,+4.1,
59-1,15-1,8.81,7.57,8.01,1.058,9.32,500,10.6,11.6,-1.0,
59-1,16,3.74,2.72,2.81,1.031,3.85,180,2.6,1.4,+1.2,
59-1,16-1,7.86,8.65,8.96,1.035,8.14,571,10.6,15.3,-4.7,
59-1,17,6.32,6.01,6.59,1.097,6.93,397,11.1,4.0,+7.1,
59-1,18,18.22,18.42,21.96,1.192,21.71,1216,60.6,19.4,+40.9,
59-1,19,19.02,19.06,22.50,1.181,22.46,1258,60.6,21.3,+39.0,
59-1,20,13.94,14.23,17.19,1.208,16.83,939,51.3,17.5,+33.5,
59-1,21,16.53,16.68,19.77,1.185,19.59,1101,51.8,17.6,+34.0,
59-1,22,14.72,14.72,16.62,1.129,16.62,972,36.0,17.2,+18.5,
59-1,24,12.27,12.42,13.41,1.079,13.24,820,22.7,18.2,+4.3,
59-1,25,13.39,13.52,14.63,1.083,14.50,892,24.9,18.0,+6.7,
59-1,25-1,13.83,13.83,14.95,1.081,14.95,913,24.9,18.0,+6.7,
59-1,26,13.93,13.93,15.05,1.080,15.05,919,24.9,18.0,+6.7,
59-1,27,15.45,15.15,16.27,1.074,16.59,1000,25.0,18.0,+6.7,
59-1,28,16.07,16.22,17.77,1.096,17.61,1070,32.7,20.0,+12.5,
59-1,29,21.59,21.73,27.11,1.248,26.94,1434,87.7,19.3,+68.2,
59-1,30,17.64,17.67,19.81,1.121,19.78,1166,40.5,17.4,+22.8,
59-1,31,17.14,17.09,18.96,1.110,19.01,1128,37.7,19.6,+17.8,
59-1,32,19.42,19.42,21.40,1.102,21.40,1282,39.4,18.0,+21.2,
59-1,32-1,19.35,19.36,21.34,1.102,21.33,1278,39.5,18.0,+21.2,
59-1,33,18.95,18.96,21.39,1.128,21.37,1252,45.4,17.5,+27.7,
59-1,34,18.43,18.43,20.85,1.132,20.85,1216,45.4,17.5,+27.6,
59-1,35,17.28,17.28,20.63,1.194,20.63,1140,56.1,17.6,+38.1,
59-1,36,19.66,19.67,22.75,1.157,22.75,1298,55.4,20.9,+34.5,
59-1,37,18.87,18.96,21.39,1.128,21.29,1252,45.4,17.5,+27.7,
59-1,38,20.38,20.38,23.11,1.134,23.11,1345,50.2,17.6,+32.3,
59-1,39,22.21,21.50,25.03,1.164,25.86,1419,62.9,19.8,+42.8,
59-1,40,22.18,22.18,25.36,1.143,25.36,1464,57.6,17.6,+39.8,
59-1,43,16.60,16.60,19.17,1.155,19.17,1096,46.5,18.0,+28.2,
59-1,43-1,17.41,17.42,19.56,1.123,19.55,1150,40.5,17.5,+22.7,
59-1,43-2,17.05,17.11,19.72,1.153,19.65,1129,47.6,18.4,+28.9,
59-1,44-1,19.92,19.97,23.06,1.155,23.01,1318,55.9,20.0,+35.6,
59-1,49,4.32,4.33,6.11,1.409,6.09,286,26.6,1.0,+25.2,
59-1,50,5.21,5.06,5.55,1.096,5.71,334,9.0,1.6,+7.4,
59-1,51,3.82,3.82,4.89,1.280,4.89,252,16.4,3.3,+12.8,
59-1,52,3.01,3.16,4.37,1.381,4.16,209,18.1,1.0,+16.8,
59-1,52-1,3.01,3.16,4.37,1.381,4.16,209,18.1,1.0,+16.8,
59-1,52-2,2.34,2.34,3.00,1.281,3.00,155,10.3,0.0,+10.0,
59-1,53,4.01,4.08,5.49,1.345,5.40,270,21.6,1.2,+20.1,
59-1,54,5.29,5.29,6.59,1.245,6.59,349,21.7,5.8,+15.6,
59-1,55,5.90,5.83,7.15,1.225,7.23,385,22.0,5.8,+16.0,
59-1,56,15.29,15.30,17.37,1.135,17.36,1010,38.9,17.2,+21.4,
59-1,57,0.47,0.52,0.52,1.000,0.47,34,0.0,0.0,-0.0,
59-1,57-1,0.63,0.66,1.01,1.529,0.96,44,5.2,0.0,+4.7,
59-1,58,0.70,1.08,1.09,1.003,0.70,71,0.1,0.0,+0.1,
59-1,59,0.08,0.08,0.08,1.000,0.08,5,0.0,0.0,-0.0,
59-1,61,11.18,11.37,13.95,1.227,13.72,750,38.2,17.0,+20.8,
59-1,62,12.00,12.24,13.67,1.117,13.40,808,28.9,16.9,+11.7,
59-1,64,9.44,9.64,9.18,0.951,8.99,636,1.3,20.0,-18.8,
59-1,66,23.53,23.62,29.72,1.258,29.61,1559,91.7,11.7,+79.8,
59-1,71,3.97,4.15,4.48,1.081,4.29,274,5.3,3.7,+1.6,
59-1,71-1,2.36,4.15,4.48,1.081,2.55,274,5.3,3.7,+1.6,경로 다름
59-1,73,8.95,10.22,11.29,1.105,9.89,674,22.6,19.7,+2.7,
59-1,74,6.83,6.83,8.39,1.228,8.39,451,26.3,6.9,+19.2,
59-1,75,19.37,19.41,21.28,1.096,21.24,1281,37.7,18.0,+19.4,
59-1,75-1,19.21,19.31,20.89,1.082,20.78,1274,34.4,21.4,+12.8,
59-1,80,9.89,10.27,11.90,1.159,11.46,678,27.0,4.8,+22.1,
59-1,81,5.37,5.76,6.73,1.170,6.29,380,15.8,0.3,+15.4,
59-1,82,6.65,7.71,10.44,1.354,9.01,509,39.1,7.3,+31.5,
59-1,83,5.02,4.34,4.82,1.112,5.59,286,8.9,1.5,+7.4,
59-1,84,6.50,6.40,7.07,1.105,7.18,422,12.6,4.0,+8.6,
59-1,85,6.50,6.91,8.00,1.159,7.53,456,17.9,0.3,+17.6,
59-1,85-1,10.51,11.20,12.77,1.141,11.99,739,26.5,5.2,+21.3,
59-1,86,9.20,9.90,11.44,1.156,10.64,653,24.7,4.8,+19.8,
59-1,101,9.58,9.08,9.46,1.042,9.99,599,10.6,12.9,-2.3,
59-1,103,9.66,9.23,9.53,1.033,9.98,609,10.6,17.7,-7.2,
59-1,105-2,26.10,26.17,31.84,1.217,31.76,1727,89.8,24.9,+64.9,
59-1,129,17.25,17.33,18.74,1.081,18.65,1144,29.9,18.0,+11.7,
59-1,132,23.75,23.75,29.17,1.228,29.17,1568,89.7,21.3,+68.2,
59-1,135,21.94,21.64,25.18,1.164,25.54,1428,63.1,19.8,+43.1,
59-1,140,3.46,4.17,5.96,1.429,4.95,275,25.9,2.0,+23.6,
59-1,140-1,3.46,4.17,5.96,1.429,4.95,275,25.9,2.0,+23.6,
59-1,140-2,4.16,4.38,6.17,1.408,5.86,289,25.9,2.0,+23.6,
59-1,142,20.89,21.00,26.20,1.248,26.06,1386,84.7,19.3,+65.2,
59-1,143,15.40,15.33,18.69,1.219,18.78,1012,57.0,18.9,+37.9,
59-1,152-1,4.60,4.75,4.70,0.989,4.55,313,1.4,4.4,-3.0,
59-1,153,3.67,4.08,4.02,0.985,3.62,270,0.5,1.7,-1.2,
59-1,200,15.97,16.09,17.27,1.073,17.15,1062,26.0,18.0,+7.8,
59-1,201,18.56,18.56,20.20,1.088,20.20,1225,34.3,18.7,+15.3,
59-1,203,16.06,16.06,17.24,1.073,17.24,1060,26.0,18.0,+7.8,
59-1,207,2.26,2.26,2.91,1.292,2.91,149,10.3,0.0,+10.0,
59-1,220,1.54,1.54,2.67,1.732,2.67,102,15.3,0.0,+14.7,
59-1,221,3.09,3.27,4.65,1.422,4.39,216,20.1,2.0,+17.8,
59-1,222,1.15,1.15,1.59,1.381,1.59,76,6.7,0.0,+6.4,
59-1,223,5.80,5.83,7.65,1.313,7.61,385,27.4,2.4,+24.6,
59-1,300,28.37,28.57,35.56,1.245,35.32,1885,114.6,19.8,+94.6,
59-1,301,29.44,29.40,36.70,1.248,36.75,1940,119.3,19.8,+99.3,
59-1,302,32.00,32.20,40.94,1.271,40.68,2125,141.0,19.8,+120.8,
59-1,500,16.72,16.78,18.10,1.079,18.05,1107,32.8,30.3,+2.2,
59-1,900,,14.85,18.88,1.271,18.88,980,60.4,17.3,+42.8,
59-1,901,,14.66,18.73,1.277,18.73,968,59.2,20.6,+38.4,
59-1,902,,14.09,18.08,1.283,18.08,930,59.2,16.4,+42.5,
59-1,903,,14.54,18.71,1.287,18.71,959,61.5,14.4,+46.8,
59-1,904,,14.21,18.42,1.296,18.42,938,61.6,13.7,+47.6,
59-1,905,,15.86,20.01,1.262,20.01,1046,63.3,17.9,+45.2,
59-1,906,,15.20,19.42,1.277,19.42,1003,61.2,22.8,+37.8,
59-1,915,,18.96,23.06,1.216,23.06,1252,58.7,51.4,+7.3,
59-1,916,,20.10,24.26,1.207,24.26,1327,60.6,52.8,+7.7,
59-1,917,,20.92,25.21,1.205,25.21,1381,60.7,58.7,+1.9,
59-1,918,,16.10,20.89,1.298,20.89,1063,70.5,15.9,+53.8,
59-1,919,15.91,15.91,20.05,1.260,20.05,1050,58.6,30.6,+27.8,
59-1,921,,17.59,21.69,1.233,21.69,1161,58.8,40.2,+18.4,
59-1,922,,18.12,22.37,1.235,22.37,1196,60.7,37.5,+22.8,
59-1,923,,18.61,22.89,1.230,22.89,1228,61.9,40.2,+21.6,
59-1,924,,18.58,22.75,1.225,22.75,1226,60.7,41.2,+19.3,
59-1,925,,17.90,21.97,1.227,21.97,1182,58.6,40.6,+17.8,
59-1,926,,18.36,22.36,1.218,22.36,1212,58.7,42.3,+16.2,
59-1,931,,23.36,27.63,1.183,27.63,1542,63.6,65.6,-2.2,
59-1,932,,23.20,27.42,1.182,27.42,1531,61.6,63.2,-2.0,
59-1,933,,23.81,28.08,1.179,28.08,1572,62.5,63.2,-0.9,
59-1,934,,23.90,28.20,1.180,28.20,1577,63.1,63.2,-0.3,
59-1,935,,25.18,29.37,1.167,29.37,1662,62.8,66.6,-3.9,
59-1,942,23.31,23.42,27.99,1.195,27.86,1546,67.1,50.1,+16.7,
59-1,946,,18.40,22.57,1.227,22.57,1214,58.6,51.1,+7.3,
59-1,GATE,6.94,7.14,6.69,0.937,6.51,471,0.2,17.0,-16.8,
61,1,1.36,1.63,1.56,0.960,1.31,107,0.0,6.0,-6.0,
61,2,0.69,0.91,0.87,0.964,0.67,60,0.0,3.7,-3.6,
61,3,1.69,1.61,1.61,1.000,1.69,106,0.5,3.7,-3.1,
61,4,1.39,1.67,1.62,0.972,1.36,110,0.5,5.9,-5.4,
61,5,0.62,0.67,0.60,0.892,0.55,44,0.0,1.5,-1.3,
61,6,1.78,1.78,1.67,0.940,1.68,118,0.0,2.1,-2.1,
61,7,0.34,0.34,0.34,1.000,0.34,22,0.0,0.0,-0.0,
61,8,0.63,0.63,0.63,1.000,0.63,41,0.0,0.0,-0.0,
61,9,0.71,0.78,0.78,1.000,0.71,52,0.0,0.0,-0.0,
61,10,2.20,2.63,2.74,1.041,2.29,174,3.6,2.2,+1.2,
61,10-1,3.36,3.45,3.75,1.087,3.66,228,6.6,2.2,+4.3,
61,11,1.52,1.60,1.71,1.074,1.63,105,2.2,0.2,+2.0,
61,12,0.97,1.15,1.40,1.214,1.18,76,3.9,0.0,+3.9,
61,13,0.74,1.14,1.39,1.216,0.90,76,3.9,0.0,+3.9,
61,14,2.45,2.51,2.76,1.099,2.69,166,5.5,2.0,+3.3,
61,15,4.86,5.04,4.73,0.939,4.56,333,0.0,21.1,-21.1,
61,15-1,5.53,6.84,6.61,0.966,5.34,452,3.2,24.7,-21.5,
61,16,6.70,6.98,6.63,0.949,6.36,461,1.4,25.1,-23.7,
61,16-1,6.07,6.26,5.82,0.930,5.65,413,0.0,25.0,-24.9,
61,17,6.32,6.50,6.46,0.994,6.28,429,4.6,17.7,-13.0,
61,18,6.19,6.40,7.60,1.188,7.35,422,18.6,2.9,+15.7,
61,19,6.98,7.03,8.14,1.159,8.09,464,18.6,4.7,+13.9,
61,20,1.90,2.21,2.83,1.284,2.44,146,9.3,0.9,+8.4,
61,21,4.69,4.86,5.52,1.136,5.33,321,11.1,2.3,+8.8,
61,22,4.40,4.40,4.40,1.000,4.40,291,1.4,3.9,-2.4,
61,24,5.13,5.29,5.12,0.969,4.97,349,0.3,17.0,-16.7,
61,25,5.38,5.38,5.32,0.990,5.32,355,1.3,15.2,-13.9,
61,25-1,6.31,6.31,6.23,0.988,6.23,416,1.3,15.6,-14.3,
61,26,5.40,5.41,5.37,0.994,5.37,357,1.3,13.1,-11.8,
61,27,6.06,6.15,6.13,0.997,6.05,406,1.8,13.3,-11.5,
61,28,6.37,6.44,6.42,0.997,6.35,425,1.7,10.0,-8.2,
61,29,9.55,9.70,12.75,1.315,12.56,640,45.8,2.7,+43.0,
61,30,6.58,6.62,7.00,1.057,6.96,437,6.4,8.7,-2.4,
61,31,6.57,6.53,6.84,1.047,6.88,431,5.2,12.5,-7.3,
61,32,10.22,10.23,10.77,1.053,10.76,675,11.9,15.9,-4.0,
61,32-1,8.99,10.17,10.71,1.053,9.47,671,12.0,15.9,-4.0,
61,33,7.89,7.91,8.57,1.083,8.54,522,11.0,8.5,+2.5,
61,34,7.33,7.38,8.03,1.089,7.98,487,11.0,8.5,+2.5,
61,35,5.31,5.32,6.45,1.211,6.44,351,17.1,2.8,+14.3,
61,36,7.91,7.93,8.64,1.089,8.62,523,14.1,5.0,+9.3,
61,37,7.81,7.92,8.57,1.083,8.46,522,11.0,8.5,+2.5,
61,38,9.32,9.33,10.29,1.102,10.28,616,15.8,8.6,+7.2,
61,39,10.46,9.76,10.91,1.118,11.70,644,21.6,3.9,+17.6,
61,40,10.53,11.13,12.54,1.126,11.86,735,23.3,8.6,+14.6,
61,43,4.86,4.87,5.06,1.039,5.05,321,5.2,2.2,+3.0,
61,43-1,5.78,5.79,6.09,1.052,6.08,382,7.2,2.2,+4.9,
61,43-2,5.36,5.37,5.61,1.044,5.60,355,6.4,2.6,+3.8,
61,44-1,8.17,8.23,8.95,1.087,8.89,543,14.7,4.2,+10.4,
61,49,6.49,6.68,7.70,1.153,7.49,441,13.5,12.2,+1.3,
61,50,5.81,6.00,6.12,1.020,5.93,396,5.8,15.3,-9.4,
61,51,7.21,7.40,7.69,1.040,7.50,488,8.4,19.8,-11.4,
61,52,7.30,7.48,7.75,1.036,7.56,494,8.4,15.3,-6.8,
61,52-1,7.98,8.22,9.25,1.125,8.99,543,16.0,19.0,-2.8,
61,52-2,8.51,8.69,8.98,1.033,8.79,574,9.5,17.6,-8.0,
61,53,6.12,6.30,7.30,1.158,7.09,416,13.2,12.4,+0.9,
61,54,5.00,5.27,6.16,1.171,5.85,347,11.2,11.9,-0.7,
61,55,5.26,5.45,6.34,1.164,6.13,360,11.2,11.9,-0.7,
61,56,3.76,3.81,4.00,1.052,3.96,251,4.5,1.2,+3.3,
61,57,11.09,11.29,12.50,1.107,12.28,745,17.0,33.2,-16.1,
61,57-1,10.10,10.29,11.34,1.102,11.14,679,17.2,23.6,-6.3,
61,58,10.75,10.94,10.96,1.002,10.78,722,7.2,29.3,-22.1,
61,59,10.26,10.45,11.73,1.123,11.52,690,17.0,31.7,-14.4,
61,59-1,11.18,11.37,12.68,1.115,12.47,750,17.0,38.2,-20.8,
61,62,3.10,3.19,3.15,0.986,3.05,211,0.2,9.4,-9.3,
61,64,9.76,9.95,9.40,0.945,9.23,657,0.0,38.1,-38.0,
61,66,14.72,14.81,18.90,1.276,18.78,978,63.5,8.9,+54.6,
61,71,16.15,16.13,16.50,1.023,16.53,1065,15.0,36.6,-21.5,
61,71-1,14.54,16.13,16.50,1.023,14.88,1065,15.0,36.6,-21.5,
61,73,4.60,4.79,4.58,0.956,4.40,316,0.0,18.2,-18.2,
61,74,4.18,4.36,4.77,1.094,4.57,288,8.5,13.4,-5.1,
61,75,10.17,10.21,10.64,1.042,10.59,674,10.2,15.9,-5.7,
61,75-1,10.01,10.12,10.25,1.014,10.15,668,7.0,19.3,-12.3,
61,80,20.51,20.69,22.34,1.080,22.14,1366,36.4,37.4,-1.0,
61,81,14.71,14.90,15.95,1.070,15.75,983,19.3,27.0,-7.7,
61,82,5.22,5.41,7.24,1.339,6.99,357,21.2,10.5,+10.7,
61,83,7.43,7.61,7.72,1.014,7.54,503,7.0,20.1,-13.0,
61,84,5.14,4.95,4.97,1.002,5.15,327,3.6,14.7,-11.2,
61,85,15.84,16.05,17.22,1.073,16.99,1059,21.5,27.0,-5.5,
61,85-1,21.12,21.61,23.21,1.074,22.69,1426,36.0,37.8,-1.8,
61,86,19.81,20.31,21.89,1.077,21.35,1341,34.1,37.4,-3.3,
61,101,7.49,7.67,7.25,0.945,7.08,506,0.0,28.1,-28.0,
61,103,6.02,6.27,5.97,0.952,5.73,414,0.0,23.1,-23.0,
61,105-2,14.40,14.50,17.23,1.188,17.10,957,46.5,7.0,+39.8,
61,129,7.59,7.65,7.86,1.026,7.79,505,5.2,14.6,-9.4,
61,132,11.72,11.73,14.82,1.263,14.80,774,47.7,4.7,+43.0,
61,135,10.20,9.90,11.07,1.118,11.39,654,21.9,4.0,+17.9,
61,140,9.39,9.46,11.26,1.189,11.17,625,29.9,14.2,+15.7,
61,140-1,9.39,9.46,11.26,1.189,11.17,625,29.9,14.2,+15.7,
61,140-2,9.39,9.46,11.26,1.189,11.17,625,29.9,14.2,+15.7,
61,142,8.85,8.98,11.85,1.319,11.68,593,42.8,2.7,+40.0,
61,143,3.36,3.31,4.34,1.311,4.41,218,15.1,2.4,+12.7,
61,152-1,13.91,13.85,13.83,0.999,13.88,914,9.4,35.6,-26.1,
61,153,13.31,13.52,13.49,0.998,13.28,892,9.2,33.6,-24.3,
61,200,8.26,8.34,8.46,1.014,8.37,551,5.2,16.4,-11.2,
61,201,9.36,9.37,9.57,1.021,9.55,619,6.8,16.6,-9.8,
61,203,8.54,8.54,8.52,0.998,8.52,563,2.4,15.6,-13.2,
61,207,8.60,9.07,9.35,1.031,8.87,598,9.5,17.6,-8.0,
61,220,8.12,8.37,9.41,1.124,9.12,553,16.0,20.0,-3.8,
61,221,10.22,10.59,11.78,1.112,11.37,699,18.7,21.8,-3.0,
61,222,8.87,9.06,10.17,1.123,9.96,598,17.4,21.8,-4.4,
61,223,12.38,12.69,14.71,1.159,14.35,838,34.7,31.5,+3.1,
61,300,16.63,16.83,21.45,1.274,21.19,1111,73.4,4.0,+69.4,
61,301,17.69,17.66,22.58,1.279,22.62,1166,78.1,4.0,+74.1,
61,302,20.25,20.46,26.82,1.311,26.54,1351,99.7,4.0,+95.7,
61,500,9.75,9.80,10.05,1.025,10.00,647,8.5,27.2,-18.8,
61,900,,8.50,10.39,1.222,10.39,561,29.9,8.6,+21.3,
61,901,,8.31,10.23,1.231,10.23,548,28.7,11.9,+16.9,
61,902,,7.74,9.58,1.238,9.58,511,28.7,7.7,+21.1,
61,903,,8.18,10.21,1.248,10.21,540,31.0,5.7,+25.4,
61,904,,7.86,9.92,1.263,9.92,518,31.1,5.0,+26.1,
61,905,,9.50,11.52,1.212,11.52,627,32.9,9.2,+23.7,
61,906,,8.85,10.92,1.234,10.92,584,30.8,14.1,+16.3,
61,915,,12.61,14.56,1.155,14.56,832,28.2,42.7,-14.1,
61,916,,13.75,15.77,1.147,15.77,907,30.1,44.1,-13.8,
61,917,,14.57,16.71,1.147,16.71,961,30.2,50.1,-19.6,
61,918,,9.74,12.39,1.272,12.39,643,40.0,7.3,+32.3,
61,919,9.56,9.56,11.55,1.208,11.55,631,28.2,21.9,+6.3,
61,921,,11.24,13.20,1.174,13.20,742,28.3,31.5,-3.1,
61,922,,11.76,13.87,1.179,13.87,776,30.2,28.8,+1.3,
61,923,,12.25,14.40,1.175,14.40,809,31.5,31.5,+0.1,
61,924,,12.23,14.26,1.166,14.26,807,30.3,32.5,-2.2,
61,925,,11.55,13.48,1.167,13.48,762,28.2,31.9,-3.7,
61,926,,12.00,13.86,1.155,13.86,792,28.2,33.7,-5.3,
61,931,,17.01,19.13,1.125,19.13,1123,33.1,56.9,-23.7,
61,932,,16.85,18.92,1.123,18.92,1112,31.1,54.5,-23.5,
61,933,,17.46,19.58,1.122,19.58,1152,32.0,54.5,-22.4,
61,934,,17.54,19.70,1.123,19.70,1158,32.6,54.5,-21.8,
61,935,,18.83,20.87,1.109,20.87,1242,32.3,57.9,-25.4,
61,942,16.95,17.06,19.50,1.142,19.36,1126,36.6,41.5,-4.8,
61,946,,12.04,14.07,1.168,14.07,795,28.2,42.4,-14.2,
61,GATE,13.92,14.09,13.35,0.947,13.19,930,0.6,43.1,-42.5,
62,1,1.57,1.67,1.66,0.994,1.56,110,0.4,0.6,-0.2,
62,2,1.99,2.31,2.25,0.972,1.93,153,0.4,1.7,-1.3,
62,3,3.94,4.03,4.34,1.077,4.24,266,7.0,3.2,+3.8,
62,4,3.55,3.69,3.98,1.079,3.83,243,6.9,3.4,+3.5,
62,5,3.66,3.76,4.11,1.094,4.00,248,6.1,0.6,+5.6,
62,6,5.21,5.30,5.91,1.115,5.81,350,11.5,2.6,+8.7,
62,7,4.39,4.51,5.36,1.189,5.22,298,13.8,0.5,+13.1,
62,8,3.97,4.25,4.87,1.146,4.56,280,10.3,0.5,+9.8,
62,9,5.04,5.14,6.24,1.214,6.13,339,17.5,0.2,+17.3,
62,10,6.54,6.99,8.21,1.173,7.68,462,20.9,2.2,+18.6,
62,10-1,7.51,7.62,9.07,1.191,8.95,503,24.4,2.6,+21.7,
62,11,5.77,5.95,7.22,1.215,7.01,392,20.9,1.6,+19.3,
62,12,5.22,5.31,6.67,1.256,6.55,351,21.2,0.2,+21.1,
62,13,3.82,4.14,5.39,1.303,4.98,273,19.2,0.2,+19.0,
62,14,5.68,5.80,6.71,1.156,6.57,383,16.0,2.6,+13.1,
62,15,5.42,5.65,5.41,0.956,5.18,373,1.3,13.3,-11.9,
62,15-1,6.09,7.45,7.28,0.977,5.95,492,4.5,16.8,-12.3,
62,16,7.26,7.59,7.30,0.961,6.98,501,2.8,17.3,-14.5,
62,16-1,6.63,6.87,6.49,0.945,6.27,453,1.3,17.2,-15.8,
62,17,6.88,7.12,7.13,1.003,6.89,470,5.9,9.8,-3.9,
62,18,5.92,7.76,10.13,1.306,7.73,512,34.8,5.8,+29.2,경로 다름
62,19,6.72,8.39,10.68,1.273,8.55,554,34.8,7.6,+27.3,
62,20,2.64,4.28,5.97,1.394,3.68,282,24.5,5.1,+19.6,경로 다름
62,21,4.21,6.00,7.94,1.324,5.57,396,27.7,5.6,+22.3,경로 다름
62,22,2.40,4.04,4.79,1.186,2.85,267,11.9,5.3,+6.8,경로 다름
62,24,2.64,2.80,2.65,0.945,2.50,185,0.0,7.6,-7.4,
62,25,2.20,3.90,3.88,0.995,2.19,257,2.2,7.4,-5.0,경로 다름
62,25-1,3.68,4.21,4.19,0.995,3.66,278,2.2,7.4,-5.0,
62,26,2.78,4.11,4.31,1.049,2.91,271,5.1,7.8,-2.5,경로 다름
62,27,3.43,4.85,5.07,1.045,3.59,320,5.7,8.0,-2.2,경로 다름
62,28,4.06,5.54,5.94,1.073,4.36,365,8.7,8.0,+0.8,경로 다름
62,29,9.29,11.06,15.30,1.383,12.84,730,61.9,5.7,+56.5,
62,30,5.32,6.99,7.98,1.142,6.08,461,16.4,5.5,+11.1,경로 다름
62,31,4.82,6.40,7.13,1.114,5.36,423,13.6,7.7,+6.1,경로 다름
62,32,8.47,9.80,10.64,1.086,9.19,647,16.7,7.4,+9.5,
62,32-1,7.24,9.74,10.58,1.087,7.86,643,16.7,7.4,+9.5,경로 다름
62,33,6.63,8.28,9.56,1.155,7.66,547,21.3,5.5,+16.0,
62,34,6.11,7.74,9.02,1.165,7.12,511,21.3,5.5,+15.9,
62,35,4.96,6.60,8.80,1.334,6.62,435,32.0,5.6,+26.4,경로 다름
62,36,7.34,8.99,10.92,1.216,8.93,593,31.3,9.0,+22.8,
62,37,6.56,8.28,9.56,1.155,7.57,547,21.3,5.5,+16.0,
62,38,8.07,9.70,11.28,1.163,9.38,640,26.1,5.7,+20.6,
62,39,9.89,10.82,13.20,1.220,12.07,714,38.8,7.9,+31.1,
62,40,9.86,11.50,13.53,1.176,11.60,759,33.6,5.7,+28.1,
62,43,4.29,5.92,7.34,1.240,5.31,391,22.4,6.1,+16.5,경로 다름
62,43-1,5.09,6.74,7.73,1.147,5.84,445,16.4,5.6,+11.0,경로 다름
62,43-2,4.73,6.43,7.90,1.228,5.81,424,23.6,6.5,+17.2,경로 다름
62,44-1,7.60,9.29,11.23,1.210,9.20,613,31.9,8.1,+23.9,
62,49,7.70,7.79,9.27,1.189,9.15,514,21.7,11.2,+10.5,
62,50,6.37,6.61,6.79,1.027,6.54,436,7.2,7.5,-0.3,
62,51,7.77,8.01,8.37,1.044,8.12,529,9.8,12.0,-2.3,
62,52,7.86,8.10,8.43,1.041,8.18,534,9.8,7.5,+2.3,
62,52-1,8.54,8.91,9.25,1.038,8.87,588,10.7,9.8,+0.9,
62,52-2,9.07,9.31,9.65,1.037,9.40,614,10.8,9.8,+1.1,
62,53,7.32,7.42,8.86,1.195,8.75,489,21.3,11.3,+10.0,
62,54,6.21,6.38,7.73,1.211,7.52,421,19.3,10.9,+8.4,
62,55,6.47,6.47,7.12,1.101,7.12,427,11.5,11.4,+0.0,
62,56,2.97,4.62,5.54,1.200,3.56,305,14.9,5.3,+9.7,경로 다름
62,57,11.90,12.16,12.99,1.068,12.71,802,16.9,23.9,-7.0,
62,57-1,10.92,11.16,11.82,1.060,11.57,736,17.1,14.3,+2.9,
62,58,11.31,11.55,11.64,1.007,11.40,762,8.6,21.5,-12.9,
62,59,11.07,11.32,12.22,1.080,11.95,747,16.9,22.5,-5.3,
62,59-1,12.00,12.24,13.16,1.076,12.90,808,16.9,28.9,-11.7,
62,61,3.10,3.19,3.78,1.183,3.67,211,9.4,0.2,+9.3,
62,64,9.55,9.82,9.37,0.954,9.11,648,0.6,30.0,-29.3,
62,66,14.45,16.17,21.44,1.326,19.16,1068,79.7,11.8,+68.0,
62,71,16.71,16.74,17.18,1.026,17.15,1105,16.3,28.7,-12.4,
62,71-1,15.10,16.74,17.18,1.026,15.49,1105,16.3,28.7,-12.4,
62,73,4.79,5.07,4.81,0.950,4.55,334,0.1,11.9,-11.8,
62,74,4.88,4.97,5.44,1.094,5.34,328,9.8,5.6,+4.0,
62,75,8.41,9.79,10.52,1.075,9.04,646,15.0,7.4,+7.7,
62,75-1,8.26,9.69,10.13,1.045,8.64,639,11.7,10.8,+1.1,
62,80,21.06,21.30,23.02,1.080,22.76,1406,37.8,29.6,+8.1,
62,81,15.53,15.76,16.43,1.042,16.18,1040,19.2,17.8,+1.4,
62,82,6.43,6.52,8.80,1.350,8.68,430,29.3,9.4,+19.8,
62,83,7.99,8.23,8.39,1.020,8.16,543,8.3,12.2,-3.9,
62,84,5.70,5.57,5.64,1.013,5.77,367,4.9,6.9,-2.1,
62,85,16.65,16.92,17.70,1.047,17.43,1116,21.4,17.8,+3.6,
62,85-1,21.68,22.23,23.89,1.075,23.30,1467,37.3,30.0,+7.3,
62,86,20.37,20.93,22.56,1.078,21.96,1381,35.5,29.6,+5.9,
62,101,8.05,8.29,7.93,0.957,7.70,547,1.4,20.3,-18.9,
62,103,5.46,5.74,5.42,0.945,5.16,379,0.0,13.9,-13.9,
62,105-2,13.83,15.56,19.51,1.254,17.34,1027,63.7,11.0,+53.2,
62,129,5.83,7.53,8.15,1.083,6.32,497,13.7,9.8,+4.1,
62,132,11.45,13.09,17.36,1.326,15.19,864,63.9,7.6,+56.5,
62,135,9.63,10.96,13.35,1.218,11.73,723,39.1,7.9,+31.4,
62,140,10.20,10.47,11.36,1.085,11.07,691,20.5,10.4,+10.5,
62,140-1,10.20,10.47,11.36,1.085,11.07,691,20.5,10.4,+10.5,
62,140-2,10.20,10.47,11.36,1.085,11.07,691,20.5,10.4,+10.5,
62,142,8.59,10.34,14.39,1.392,11.95,682,58.9,5.7,+53.5,
62,143,5.98,6.01,7.94,1.321,7.90,396,28.7,2.5,+26.2,
62,152-1,14.46,14.47,14.51,1.003,14.50,955,10.8,27.7,-16.9,
62,153,13.87,14.13,14.17,1.002,13.90,933,10.6,25.8,-15.2,
62,200,5.82,6.47,6.51,1.006,5.86,427,3.3,7.4,-3.9,
62,201,7.61,8.94,9.44,1.056,8.03,590,11.6,8.2,+3.6,
62,203,5.91,6.44,6.48,1.006,5.95,425,3.3,7.4,-3.9,
62,207,9.16,9.68,10.02,1.035,9.48,639,10.8,9.8,+1.1,
62,220,8.93,9.24,9.89,1.071,9.56,610,15.9,10.7,+5.3,
62,221,11.04,11.46,12.26,1.070,11.81,756,18.6,12.5,+6.1,
62,222,9.68,9.92,10.66,1.074,10.40,655,17.2,12.5,+4.7,
62,223,13.75,14.02,15.27,1.089,14.97,925,25.9,12.9,+12.9,
62,300,16.06,17.88,23.73,1.327,21.30,1180,90.6,7.9,+82.9,
62,301,17.12,18.72,24.87,1.329,22.75,1235,95.3,7.9,+87.6,
62,302,19.68,21.52,29.11,1.353,26.62,1420,116.9,7.9,+109.1,
62,500,7.26,7.31,7.58,1.036,7.52,483,8.2,17.8,-9.5,
62,900,,11.79,14.34,1.216,14.34,778,40.4,9.2,+31.1,
62,901,,11.60,14.19,1.223,14.19,766,39.1,12.5,+26.7,
62,902,,11.03,13.53,1.226,13.53,728,39.1,8.3,+30.9,
62,903,,11.47,14.16,1.234,14.16,757,41.4,6.3,+35.1,
62,904,,11.15,13.87,1.244,13.87,736,41.5,5.6,+35.9,
62,905,,12.80,15.47,1.209,15.47,844,43.3,9.8,+33.5,
62,906,,12.14,14.87,1.225,14.87,801,41.2,14.7,+26.1,
62,915,,15.90,18.51,1.164,18.51,1050,38.6,43.3,-4.3,
62,916,,17.04,19.72,1.157,19.72,1125,40.5,44.7,-4.0,
62,917,,17.86,20.67,1.157,20.67,1179,40.7,50.7,-9.8,
62,918,,13.04,16.35,1.254,16.35,861,50.5,7.8,+42.1,
62,919,12.76,12.85,15.50,1.206,15.39,848,38.6,22.5,+16.1,
62,921,,14.53,17.15,1.180,17.15,959,38.7,32.1,+6.7,
62,922,,15.06,17.83,1.184,17.83,994,40.7,29.4,+11.1,
62,923,,15.55,18.35,1.180,18.35,1026,41.9,32.1,+9.9,
62,924,,15.52,18.21,1.173,18.21,1024,40.7,33.1,+7.6,
62,925,,14.84,17.43,1.174,17.43,980,38.6,32.5,+6.1,
62,926,,15.30,17.82,1.165,17.82,1010,38.6,34.2,+4.5,
62,931,,20.30,23.08,1.137,23.08,1340,43.5,57.5,-13.9,
62,932,,20.14,22.88,1.136,22.88,1329,41.5,55.1,-13.7,
62,933,,20.75,23.53,1.134,23.53,1370,42.4,55.1,-12.6,
62,934,,20.84,23.66,1.135,23.66,1375,43.0,55.1,-12.0,
62,935,,22.12,24.83,1.122,24.83,1460,42.8,58.5,-15.6,
62,942,20.15,20.36,23.45,1.152,23.21,1344,47.0,42.1,+5.0,
62,946,,15.34,18.02,1.175,18.02,1012,38.6,43.0,-4.4,
62,GATE,13.55,13.82,13.19,0.954,12.93,912,1.2,34.5,-33.3,
64,1,8.34,8.34,9.84,1.180,9.84,550,24.6,0.2,+24.5,
64,2,8.23,8.23,10.01,1.216,10.01,543,28.9,0.0,+28.9,
64,3,9.28,9.28,11.32,1.221,11.32,612,33.2,0.5,+32.6,
64,4,8.89,8.93,10.96,1.227,10.91,589,33.1,0.8,+32.4,
64,5,9.61,9.61,11.72,1.221,11.72,634,34.4,0.0,+34.4,
64,6,10.55,10.55,12.89,1.223,12.89,696,37.7,0.0,+37.6,
64,7,10.34,10.36,12.99,1.254,12.96,684,42.2,0.0,+41.9,
64,8,9.92,10.10,12.50,1.237,12.27,666,38.7,0.0,+38.7,
64,9,11.03,11.03,13.94,1.263,13.94,728,46.2,0.0,+46.2,
64,10,12.24,12.32,15.31,1.242,15.20,813,47.5,0.0,+47.4,
64,10-1,12.85,12.86,16.05,1.248,16.04,849,50.6,0.0,+50.5,
64,11,11.85,11.85,14.87,1.255,14.87,782,48.2,0.0,+48.2,
64,12,11.23,11.41,14.43,1.265,14.21,753,48.3,0.0,+48.2,
64,13,11.41,11.63,14.72,1.265,14.44,768,49.0,0.6,+48.3,
64,14,11.02,11.05,13.69,1.239,13.65,729,42.2,0.0,+42.0,
64,15,5.06,5.06,6.00,1.186,6.00,334,15.2,0.0,+15.2,
64,15-1,4.63,4.91,5.93,1.207,5.59,324,16.5,0.0,+16.5,
64,16,3.31,2.60,3.17,1.216,4.03,172,9.0,0.6,+8.4,
64,16-1,3.60,3.53,4.15,1.175,4.23,233,10.0,0.0,+10.0,
64,17,5.89,5.89,6.97,1.184,6.97,389,17.7,0.0,+17.7,
64,18,15.00,15.21,19.08,1.255,18.83,1004,59.8,1.3,+58.5,
64,19,15.80,15.84,19.63,1.239,19.58,1045,59.8,3.1,+56.7,
64,20,11.73,11.73,14.92,1.272,14.91,774,49.6,0.6,+48.9,
64,21,13.29,13.45,16.89,1.256,16.69,887,52.8,1.1,+51.6,
64,22,11.49,11.49,13.74,1.196,13.74,758,37.0,0.8,+36.2,
64,24,7.93,8.15,9.45,1.160,9.20,538,22.2,0.7,+21.5,
64,25,9.43,9.55,11.01,1.153,10.87,630,24.9,0.6,+24.3,
64,25-1,9.49,9.63,11.02,1.144,10.86,636,24.1,1.2,+22.9,
64,26,9.96,9.96,11.43,1.147,11.43,658,24.9,0.6,+24.3,
64,27,11.10,11.10,12.55,1.131,12.55,733,26.1,1.1,+25.0,
64,28,12.41,12.44,14.40,1.157,14.37,821,34.2,0.6,+33.5,
64,29,18.37,18.51,24.24,1.310,24.06,1222,87.0,1.1,+85.8,
64,30,14.27,14.27,16.68,1.169,16.68,942,41.5,0.6,+40.9,
64,31,12.90,12.81,14.88,1.161,14.99,846,36.0,0.6,+35.4,
64,32,13.32,13.33,15.61,1.171,15.60,880,39.5,0.6,+38.8,
64,32-1,13.25,13.26,15.54,1.172,15.53,875,39.5,0.6,+38.8,
64,33,14.08,14.22,16.60,1.167,16.43,939,41.0,0.6,+40.4,
64,34,15.19,15.19,17.97,1.183,17.97,1003,46.3,1.0,+45.2,
64,35,14.05,14.05,17.75,1.264,17.75,927,57.0,1.1,+55.8,
64,36,16.43,16.43,19.87,1.209,19.87,1085,56.4,4.5,+52.1,
64,37,14.81,15.73,18.51,1.177,17.43,1038,46.4,1.0,+45.3,
64,38,15.49,15.51,18.50,1.193,18.47,1023,50.2,1.3,+48.9,
64,39,18.41,18.27,22.15,1.213,22.33,1206,63.9,3.4,+60.4,
64,40,18.26,18.26,21.69,1.188,21.69,1205,58.1,0.6,+57.4,
64,43,13.37,13.37,16.29,1.218,16.29,882,47.4,1.6,+45.8,
64,43-1,14.18,14.19,16.68,1.176,16.67,936,41.5,1.1,+40.3,
64,43-2,13.82,13.88,16.84,1.214,16.77,916,48.6,2.0,+46.6,
64,44-1,16.69,16.73,20.18,1.206,20.13,1104,56.9,3.6,+53.2,
64,49,10.25,9.96,12.08,1.213,12.44,657,34.9,2.3,+32.5,
64,50,7.14,6.57,7.58,1.153,8.23,434,17.3,2.3,+15.0,
64,51,8.36,6.64,7.72,1.163,9.72,438,18.6,2.3,+16.3,
64,52,8.98,7.83,9.13,1.167,10.49,516,22.3,2.3,+20.0,
64,52-1,9.44,7.74,9.05,1.169,11.04,511,22.3,2.3,+20.0,
64,52-2,9.61,7.88,9.18,1.165,11.19,520,22.1,2.3,+19.9,
64,53,9.21,9.26,10.90,1.178,10.85,611,28.4,3.5,+24.9,
64,54,8.32,8.30,10.28,1.239,10.30,548,32.0,0.0,+32.0,
64,55,8.01,7.88,9.60,1.219,9.77,520,28.0,0.0,+28.0,
64,56,12.05,12.06,14.49,1.201,14.48,796,39.9,0.8,+39.0,
64,57,9.52,10.97,12.60,1.149,10.93,724,25.6,13.6,+12.0,
64,57-1,9.70,9.96,11.43,1.147,11.13,658,25.8,4.0,+21.8,
64,58,6.89,5.13,5.61,1.095,7.54,338,10.6,6.9,+3.6,
64,59,9.44,9.64,10.77,1.117,10.55,636,20.0,1.3,+18.8,
64,59-1,9.44,9.64,10.77,1.117,10.55,636,20.0,1.3,+18.8,
64,61,9.76,9.95,12.30,1.237,12.07,657,38.1,0.0,+38.0,
64,62,9.55,9.82,11.65,1.186,11.32,648,30.0,0.6,+29.3,
64,66,23.53,23.62,30.39,1.287,30.28,1559,104.7,7.3,+97.4,
64,71,10.50,10.29,11.60,1.127,11.84,679,22.6,4.9,+17.7,
64,71-1,8.88,10.29,11.60,1.127,10.02,679,22.6,4.9,+17.7,
64,73,5.65,5.94,6.95,1.170,6.62,392,16.4,0.0,+16.4,
64,74,8.22,8.22,10.24,1.246,10.24,542,32.5,0.0,+32.5,
64,75,13.27,13.31,15.48,1.163,15.44,879,37.7,0.6,+37.1,
64,75-1,13.12,13.21,15.09,1.142,14.98,872,34.5,4.0,+30.5,
64,80,13.65,13.65,16.14,1.183,16.14,901,44.7,6.4,+38.2,
64,81,11.90,11.90,13.85,1.164,13.85,785,33.1,1.5,+31.5,
64,82,9.66,9.66,13.10,1.357,13.10,637,48.7,0.0,+48.7,
64,83,7.40,5.07,5.97,1.177,8.72,335,15.1,0.9,+14.2,경로 다름
64,84,6.37,6.37,7.59,1.191,7.59,421,20.0,0.0,+20.0,
64,85,13.02,13.05,15.12,1.159,15.09,861,35.2,1.5,+33.7,
64,85-1,14.26,14.57,17.01,1.167,16.65,962,44.2,6.8,+37.4,
64,86,12.95,13.27,15.68,1.182,15.31,876,42.3,6.4,+35.9,
64,101,1.98,2.17,2.55,1.175,2.32,143,6.2,0.0,+6.2,
64,103,3.65,3.65,4.27,1.169,4.27,241,10.0,0.0,+10.0,
64,105-2,22.91,23.01,28.46,1.237,28.35,1518,88.8,6.5,+82.6,
64,129,11.15,11.23,12.94,1.152,12.85,741,29.9,0.6,+29.3,
64,132,20.54,20.54,26.31,1.281,26.31,1355,88.9,3.1,+85.8,
64,135,18.71,18.41,22.30,1.212,22.67,1215,64.1,3.4,+60.7,
64,140,11.45,10.60,12.54,1.183,13.55,700,33.3,4.3,+29.4,
64,140-1,11.45,10.60,12.54,1.183,13.55,700,33.3,4.3,+29.4,
64,140-2,11.45,10.60,12.54,1.183,13.55,700,33.3,4.3,+29.4,
64,142,17.67,17.79,23.34,1.312,23.19,1174,84.0,1.1,+82.8,
64,143,13.57,13.50,17.26,1.278,17.35,891,58.5,3.0,+55.5,
64,152-1,8.25,8.01,8.93,1.114,9.19,529,17.0,3.9,+13.1,
64,153,7.65,7.68,8.59,1.119,8.56,507,16.8,1.9,+14.9,
64,200,9.99,9.99,11.47,1.148,11.47,660,26.0,0.6,+25.4,
64,201,12.47,12.47,14.40,1.155,14.40,823,34.4,1.4,+33.0,
64,203,9.97,9.75,11.21,1.150,11.47,643,25.9,0.6,+25.2,
64,207,9.69,8.21,9.52,1.159,11.24,542,22.3,2.3,+20.0,
64,220,10.18,8.94,10.50,1.175,11.96,590,26.5,2.3,+24.1,
64,221,12.29,11.18,12.92,1.155,14.20,738,29.8,4.7,+25.1,
64,222,10.46,8.73,10.26,1.175,12.29,576,25.9,2.3,+23.6,
64,223,12.39,12.42,15.10,1.216,15.06,820,44.3,1.2,+43.0,
64,300,25.14,25.33,32.68,1.290,32.43,1672,115.6,3.4,+112.2,
64,301,26.21,26.16,33.82,1.293,33.87,1727,120.3,3.4,+116.9,
64,302,28.77,28.97,38.05,1.314,37.79,1912,142.0,3.4,+138.4,
64,500,8.34,8.39,9.54,1.137,9.48,554,20.5,0.6,+19.8,
64,900,,16.80,21.54,1.282,21.54,1109,70.0,10.0,+60.0,
64,901,,16.61,21.39,1.288,21.39,1096,68.8,13.3,+55.6,
64,902,,16.04,20.73,1.293,20.73,1058,68.8,9.1,+59.7,
64,903,,16.48,21.36,1.296,21.36,1088,71.1,7.0,+64.0,
64,904,,16.15,21.07,1.304,21.07,1066,71.2,6.4,+64.8,
64,905,,17.80,22.67,1.274,22.67,1175,73.0,10.6,+62.3,
64,906,,17.15,22.07,1.287,22.07,1132,70.8,15.5,+55.0,
64,915,,20.91,25.71,1.230,25.71,1380,68.3,44.1,+24.5,
64,916,,22.05,26.92,1.221,26.92,1455,70.2,45.5,+24.9,
64,917,,22.87,27.87,1.219,27.87,1509,70.3,51.4,+19.1,
64,918,,18.04,23.54,1.305,23.54,1191,80.1,8.6,+71.0,
64,919,17.86,17.86,22.70,1.271,22.71,1179,68.2,23.3,+45.0,
64,921,,19.54,24.35,1.246,24.35,1289,68.4,32.9,+35.6,
64,922,,20.06,25.03,1.247,25.03,1324,70.3,30.2,+40.0,
64,923,,20.55,25.55,1.243,25.55,1357,71.6,32.9,+38.7,
64,924,,20.53,25.41,1.238,25.41,1355,70.4,33.9,+36.5,
64,925,,19.85,24.63,1.241,24.63,1310,68.2,33.3,+34.9,
64,926,,20.30,25.02,1.232,25.02,1340,68.3,35.0,+33.3,
64,931,,25.31,30.28,1.197,30.28,1670,73.2,58.3,+15.0,
64,932,,25.15,30.08,1.196,30.08,1660,71.2,55.9,+15.2,
64,933,,25.76,30.74,1.193,30.74,1700,72.1,55.9,+16.2,
64,934,,25.84,30.86,1.194,30.86,1706,72.7,55.9,+16.8,
64,935,,27.12,32.03,1.181,32.03,1790,72.4,59.3,+13.2,
64,942,25.25,25.36,30.65,1.208,30.52,1674,76.7,42.8,+33.9,
64,946,,20.34,25.22,1.240,25.22,1343,68.2,43.8,+24.4,
64,GATE,4.30,4.29,4.14,0.967,4.15,283,0.6,3.9,-3.3,
66,1,15.86,15.95,17.04,1.068,16.94,1053,8.9,73.7,-64.8,
66,2,16.06,16.19,17.28,1.067,17.13,1069,8.9,71.4,-62.5,
66,3,15.91,16.02,15.79,0.986,15.68,1057,0.6,62.6,-62.0,
66,4,16.66,16.84,16.61,0.986,16.43,1112,0.6,62.7,-62.1,
66,5,15.24,15.38,15.12,0.983,14.98,1015,0.6,58.5,-57.7,
66,6,14.38,14.50,14.24,0.982,14.11,957,0.6,53.8,-53.1,
66,7,14.52,14.67,14.39,0.981,14.24,968,0.6,53.6,-53.0,
66,8,15.63,16.00,15.78,0.986,15.41,1056,1.6,53.6,-52.0,
66,9,13.89,13.98,13.70,0.980,13.62,923,0.6,48.5,-47.9,
66,10,13.18,13.27,13.00,0.980,12.92,875,0.6,45.3,-44.7,
66,10-1,12.95,13.04,12.76,0.978,12.67,861,0.6,44.5,-43.9,
66,11,13.59,13.74,13.45,0.979,13.30,907,0.6,45.5,-44.9,
66,12,14.54,14.66,13.97,0.953,13.86,968,0.7,43.2,-42.3,
66,13,13.29,13.38,14.02,1.048,13.93,883,8.9,49.3,-40.4,
66,14,13.54,13.63,13.33,0.978,13.24,900,0.6,46.9,-46.3,
66,15,19.17,19.31,19.97,1.034,19.82,1275,4.4,79.8,-75.2,
66,15-1,20.84,20.67,21.24,1.028,21.42,1364,4.4,84.8,-80.4,
66,16,20.51,20.67,21.28,1.030,21.12,1364,4.4,86.3,-81.9,
66,16-1,20.36,21.47,22.21,1.034,21.06,1417,9.9,93.8,-83.9,
66,17,19.07,19.16,19.80,1.033,19.71,1264,4.4,76.4,-72.0,
66,18,9.69,9.94,10.68,1.075,10.42,656,7.4,42.1,-34.8,
66,19,10.76,10.85,11.51,1.061,11.42,716,6.9,43.3,-36.3,
66,20,9.62,11.73,12.32,1.050,10.10,774,6.7,47.9,-41.2,
66,21,9.77,10.41,11.09,1.065,10.41,687,6.2,50.0,-43.8,
66,22,12.62,12.74,13.68,1.074,13.56,841,6.4,64.7,-58.4,
66,24,15.75,15.91,16.99,1.068,16.82,1050,6.7,79.8,-73.1,
66,25,15.27,15.36,16.46,1.072,16.37,1014,6.7,79.3,-72.6,
66,25-1,16.20,16.29,17.37,1.066,17.28,1075,6.7,79.8,-73.1,
66,26,15.30,15.13,16.06,1.062,16.24,998,6.2,75.9,-69.7,
66,27,13.95,14.04,14.81,1.055,14.72,927,6.2,69.7,-63.5,
66,28,13.32,13.35,14.18,1.063,14.16,881,6.2,68.2,-62.1,
66,29,1.27,6.11,5.94,0.972,1.24,404,2.0,12.4,-10.5,경로 다름
66,30,12.20,12.30,13.17,1.071,13.06,812,6.2,63.2,-57.0,
66,31,13.23,13.27,14.11,1.064,14.07,876,6.2,68.1,-61.9,
66,32,16.01,16.10,15.36,0.954,15.27,1062,0.1,57.1,-57.0,
66,32-1,15.55,15.64,14.90,0.953,14.81,1032,0.1,57.1,-57.0,
66,33,13.48,13.58,14.64,1.078,14.53,896,10.0,62.1,-52.1,
66,34,12.03,12.12,12.78,1.055,12.69,800,7.2,51.5,-44.3,
66,35,9.54,9.63,10.27,1.066,10.17,636,6.2,45.0,-38.8,
66,36,12.33,12.42,11.74,0.945,11.65,820,0.1,41.5,-41.4,
66,37,13.27,13.36,12.66,0.948,12.58,882,0.1,46.9,-46.8,
66,38,13.20,13.29,12.59,0.948,12.51,877,0.1,46.9,-46.8,
66,39,10.69,10.77,10.29,0.955,10.21,711,0.1,36.1,-36.0,
66,40,10.37,10.56,9.95,0.942,9.77,697,0.1,29.7,-29.6,
66,43,10.35,10.48,11.15,1.065,11.01,691,6.2,49.9,-43.8,
66,43-1,10.69,10.78,11.53,1.069,11.43,712,6.2,53.2,-47.0,
66,43-2,10.79,11.36,12.07,1.062,11.46,750,6.2,55.9,-49.7,
66,44-1,12.13,11.76,11.14,0.948,11.49,776,0.1,39.1,-38.9,
66,49,18.84,18.93,19.74,1.043,19.65,1249,8.2,65.8,-57.6,
66,50,18.57,18.65,19.38,1.039,19.29,1231,4.7,73.1,-68.4,
66,51,19.85,19.95,20.48,1.027,20.38,1317,4.8,74.2,-69.2,
66,52,19.77,19.86,20.36,1.025,20.27,1311,4.8,70.6,-65.7,
66,52-1,20.38,20.47,21.29,1.040,21.20,1351,10.7,72.5,-61.8,
66,52-2,20.98,21.07,21.69,1.030,21.60,1391,6.4,73.4,-67.0,
66,53,18.46,18.55,19.34,1.043,19.25,1224,7.9,65.9,-58.0,
66,54,17.34,17.51,18.20,1.039,18.03,1156,5.9,65.4,-59.6,
66,55,17.61,17.70,18.38,1.039,18.29,1168,5.8,65.4,-59.6,
66,56,10.85,11.27,11.86,1.052,11.42,744,6.2,53.9,-47.7,
66,57,23.43,23.54,24.54,1.043,24.43,1554,11.7,86.7,-75.0,
66,57-1,22.45,22.54,23.38,1.037,23.29,1487,11.9,77.1,-65.2,
66,58,23.51,23.60,24.30,1.030,24.21,1557,7.1,88.0,-81.0,
66,59,22.60,22.70,23.77,1.047,23.67,1498,11.7,85.3,-73.4,
66,59-1,23.53,23.62,24.71,1.046,24.62,1559,11.7,91.7,-79.8,
66,61,14.72,14.81,15.77,1.065,15.67,978,8.9,63.5,-54.6,
66,62,14.45,16.17,17.72,1.096,15.83,1068,11.8,79.7,-68.0,
66,64,23.53,23.62,24.15,1.022,24.06,1559,7.3,104.7,-97.4,
66,71,26.10,25.98,25.23,0.971,25.35,1715,6.4,86.8,-80.4,
66,71-1,25.65,25.98,25.23,0.971,24.91,1715,6.4,86.8,-80.4,
66,73,19.55,19.64,20.63,1.050,20.54,1296,6.9,86.7,-79.8,
66,74,16.90,16.99,17.39,1.024,17.30,1121,4.4,62.7,-58.2,
66,75,15.64,15.73,15.04,0.956,14.96,1038,0.1,57.4,-57.3,
66,75-1,16.67,16.85,17.53,1.040,17.34,1112,7.9,74.8,-66.9,
66,80,32.02,32.11,32.65,1.017,32.56,2119,28.1,87.9,-60.0,
66,81,24.04,24.13,23.42,0.971,23.34,1593,6.4,73.0,-66.6,
66,82,15.05,15.16,14.76,0.974,14.65,1000,4.4,38.9,-34.5,
66,83,20.19,20.27,21.06,1.039,20.97,1338,6.8,78.8,-72.0,
66,84,18.29,18.37,19.06,1.038,18.97,1213,4.4,72.4,-68.0,
66,85,25.17,25.28,24.69,0.977,24.58,1668,8.5,73.0,-64.4,
66,85-1,32.63,33.03,33.52,1.015,33.12,2180,27.6,88.3,-60.8,
66,86,31.33,31.73,32.19,1.015,31.79,2094,25.7,87.9,-62.2,
66,101,22.80,22.89,23.64,1.033,23.55,1511,9.9,96.9,-87.0,
66,103,20.23,20.31,21.25,1.046,21.16,1341,6.8,88.8,-82.0,
66,105-2,6.69,6.85,6.42,0.938,6.27,452,0.1,15.1,-14.8,
66,129,14.25,14.39,15.13,1.051,14.98,950,6.2,70.2,-64.0,
66,132,4.30,4.86,4.57,0.939,4.04,321,0.1,8.4,-8.3,
66,135,10.02,10.19,9.63,0.946,9.48,672,0.1,31.1,-30.9,
66,140,18.72,18.69,18.19,0.973,18.22,1234,6.2,48.8,-42.6,
66,140-1,18.72,18.69,18.19,0.973,18.22,1234,6.2,48.8,-42.6,
66,140-2,18.72,18.69,18.19,0.973,18.22,1234,6.2,48.8,-42.6,
66,142,0.85,0.85,0.85,1.000,0.85,56,0.0,0.0,+0.0,
66,143,8.68,8.93,9.57,1.072,9.30,589,6.2,41.5,-35.3,
66,152-1,26.66,26.51,27.17,1.025,27.33,1750,9.3,94.3,-85.0,
66,153,26.06,26.18,26.83,1.025,26.72,1728,9.1,92.3,-83.3,
66,200,14.92,15.08,15.74,1.043,15.56,995,6.2,72.0,-65.8,
66,201,16.02,16.11,16.84,1.045,16.75,1063,7.8,72.2,-64.4,
66,203,16.47,16.56,17.08,1.031,16.98,1093,6.2,78.1,-72.0,
66,207,21.07,21.45,22.07,1.029,21.69,1415,6.4,73.4,-67.0,
66,220,20.46,20.62,21.44,1.040,21.28,1361,10.7,73.5,-62.8,
66,221,19.77,22.84,23.82,1.043,20.61,1507,13.4,75.3,-61.9,
66,222,21.22,21.30,22.21,1.042,22.12,1406,12.0,75.4,-63.4,
66,223,21.53,21.92,21.65,0.987,21.26,1447,11.0,66.1,-55.1,
66,300,11.43,11.70,13.07,1.118,12.77,772,27.9,12.4,+15.5,
66,301,12.50,12.53,14.16,1.130,14.12,827,31.9,12.4,+19.5,
66,302,15.04,15.33,18.39,1.200,18.05,1012,53.6,12.4,+41.1,
66,500,17.95,18.04,18.36,1.017,18.27,1191,6.2,82.8,-76.6,
66,900,,13.97,13.96,1.000,13.96,922,1.4,38.3,-37.0,
66,901,,14.94,14.81,0.991,14.81,986,1.2,42.6,-41.3,
66,902,,13.05,13.00,0.996,13.00,862,0.6,37.9,-37.2,
66,903,,11.92,11.96,1.003,11.96,787,0.6,33.5,-32.9,
66,904,,11.60,11.67,1.007,11.67,766,0.6,32.8,-32.2,
66,905,,12.25,12.23,0.998,12.23,808,0.7,35.3,-34.6,
66,906,,14.50,14.39,0.992,14.39,957,0.6,39.7,-39.0,
66,915,,19.35,18.89,0.977,18.89,1277,1.0,73.8,-72.4,
66,916,,20.49,20.10,0.981,20.10,1352,3.0,75.2,-72.0,
66,917,,21.31,21.05,0.988,21.05,1406,3.1,81.2,-77.9,
66,918,,12.49,13.10,1.049,13.10,824,7.3,32.8,-25.9,
66,919,16.21,16.30,15.89,0.975,15.80,1076,1.0,53.0,-52.0,
66,921,,17.98,17.53,0.975,17.53,1187,1.2,62.6,-61.4,
66,922,,18.50,18.21,0.984,18.21,1221,3.1,59.9,-57.0,
66,923,,18.99,18.73,0.986,18.73,1254,4.3,62.6,-58.2,
66,924,,18.97,18.59,0.980,18.59,1252,3.1,63.6,-60.4,
66,925,,18.29,17.81,0.974,17.81,1207,1.0,63.0,-62.0,
66,926,,18.74,18.20,0.971,18.20,1237,1.1,64.7,-63.6,
66,931,,23.75,23.47,0.988,23.47,1567,6.0,88.0,-82.0,
66,932,,23.59,23.26,0.986,23.26,1557,4.0,85.6,-81.8,
66,933,,24.20,23.92,0.988,23.92,1597,4.9,85.6,-80.7,
66,934,,24.28,24.04,0.990,24.04,1603,5.5,85.6,-80.1,
66,935,,25.56,25.21,0.986,25.21,1687,5.2,89.0,-83.7,
66,942,22.80,22.88,26.16,1.143,26.06,1510,29.6,88.9,-59.3,
66,946,,18.78,18.41,0.980,18.41,1240,1.0,73.5,-72.5,
66,GATE,27.41,27.50,27.99,1.018,27.90,1815,7.2,103.5,-96.2,
71,1,14.73,14.52,15.57,1.073,15.80,958,23.3,15.3,+8.0,
71,2,14.62,14.41,15.75,1.093,15.97,951,27.5,15.0,+12.4,
71,3,14.26,14.17,16.69,1.178,16.80,935,38.0,19.5,+18.4,
71,4,14.35,14.14,16.66,1.178,16.91,933,38.0,19.5,+18.4,
71,5,14.85,14.64,17.16,1.172,17.40,966,38.0,19.5,+18.5,
71,6,14.86,14.75,18.22,1.235,18.35,974,50.2,24.7,+25.5,
71,7,15.68,15.10,18.57,1.230,19.27,997,50.2,24.7,+25.5,
71,8,16.31,16.20,19.81,1.223,19.94,1069,51.4,30.0,+21.3,
71,9,15.77,15.56,19.12,1.228,19.38,1027,52.1,23.7,+28.4,
71,10,16.20,15.99,19.71,1.232,19.96,1055,54.7,23.7,+30.9,
71,10-1,16.34,16.13,19.38,1.202,19.64,1064,54.0,17.5,+36.5,
71,11,16.77,16.56,20.23,1.222,20.49,1093,54.1,23.8,+30.3,
71,12,17.51,17.34,21.10,1.217,21.31,1144,56.5,24.7,+31.7,
71,13,17.84,17.82,20.52,1.152,20.55,1176,48.5,15.0,+33.5,
71,14,14.22,14.19,17.59,1.240,17.63,936,50.2,19.0,+31.2,
71,15,10.67,10.46,11.37,1.087,11.60,690,18.1,13.2,+5.2,
71,15-1,12.68,11.81,12.63,1.069,13.56,780,18.1,18.1,+0.0,
71,16,7.18,6.96,7.43,1.067,7.66,460,10.1,7.9,+2.2,
71,16-1,11.75,11.70,12.08,1.033,12.13,772,15.7,22.2,-6.5,
71,17,10.27,10.25,11.21,1.094,11.23,676,18.7,10.5,+8.2,
71,18,22.94,22.93,26.38,1.150,26.39,1513,60.4,18.9,+41.5,
71,19,23.74,23.56,26.92,1.143,27.12,1555,60.4,20.7,+39.7,
71,20,18.65,18.74,21.61,1.153,21.51,1237,51.1,16.9,+34.2,
71,21,21.24,21.19,24.19,1.142,24.25,1398,51.6,17.0,+34.6,
71,22,19.44,19.23,21.04,1.094,21.27,1269,35.9,16.6,+19.2,
71,24,16.98,16.93,17.83,1.053,17.88,1117,22.6,17.6,+5.0,
71,25,18.11,18.02,19.06,1.057,19.15,1189,24.8,17.4,+7.3,
71,25-1,18.55,18.34,19.37,1.056,19.60,1210,24.8,17.4,+7.3,
71,26,18.65,18.44,19.47,1.056,19.69,1217,24.7,17.4,+7.3,
71,27,20.16,19.65,20.69,1.053,21.23,1297,24.8,17.4,+7.4,
71,28,20.79,20.72,22.19,1.071,22.26,1368,32.6,19.4,+13.2,
71,29,26.30,26.23,31.53,1.202,31.62,1731,87.6,18.7,+68.8,
71,30,22.35,22.18,24.23,1.093,24.43,1464,40.4,16.9,+23.5,
71,31,21.85,21.59,23.38,1.083,23.66,1425,37.6,19.0,+18.5,
71,32,23.53,23.32,25.48,1.093,25.71,1539,45.1,23.2,+21.9,
71,32-1,23.46,23.26,25.42,1.093,25.64,1535,45.1,23.2,+21.9,
71,33,23.66,23.47,25.81,1.100,26.03,1549,45.2,16.9,+28.3,
71,34,23.14,22.93,25.27,1.102,25.50,1514,45.2,16.9,+28.3,
71,35,22.00,21.79,25.05,1.150,25.29,1438,55.9,17.0,+38.8,
71,36,24.38,24.17,27.17,1.124,27.40,1596,55.3,20.3,+35.2,
71,37,23.59,23.47,25.81,1.100,25.94,1549,45.2,16.9,+28.3,
71,38,25.10,24.89,27.53,1.106,27.76,1643,50.0,17.0,+33.0,
71,39,26.93,26.01,29.45,1.132,30.49,1716,62.8,19.2,+43.5,
71,40,26.90,26.69,29.78,1.116,30.01,1761,57.5,17.0,+40.4,
71,43,21.32,21.11,23.59,1.118,23.83,1393,46.3,17.5,+28.9,
71,43-1,22.13,21.93,23.98,1.094,24.20,1447,40.3,17.0,+23.4,
71,43-2,21.77,21.62,24.15,1.117,24.31,1427,47.5,17.9,+29.6,
71,44-1,24.64,24.47,27.48,1.123,27.67,1615,55.8,19.5,+36.3,
71,49,9.91,9.71,11.49,1.183,11.72,641,29.4,3.3,+25.9,
71,50,9.55,9.30,10.17,1.093,10.43,614,16.5,8.1,+8.5,
71,51,9.21,9.00,10.05,1.116,10.28,594,19.5,8.0,+11.4,
71,52,8.77,8.56,9.83,1.149,10.07,565,21.6,3.1,+18.5,
71,52-1,8.77,8.56,9.83,1.149,10.07,565,21.6,3.1,+18.5,
71,52-2,9.79,9.60,10.58,1.102,10.79,633,18.7,8.0,+10.7,
71,53,9.60,9.46,10.88,1.150,11.04,624,24.3,3.5,+20.8,
71,54,10.88,10.67,11.98,1.122,12.21,704,24.4,8.1,+16.3,
71,55,11.17,10.96,12.18,1.112,12.42,723,23.4,9.8,+13.6,
71,56,20.00,19.81,21.79,1.100,22.01,1307,38.8,16.6,+22.1,
71,57,4.05,9.35,10.88,1.165,4.71,617,21.2,15.8,+5.4,경로 다름
71,57-1,4.23,7.55,8.84,1.170,4.95,498,19.8,6.3,+13.4,경로 다름
71,58,3.35,3.15,3.36,1.067,3.58,208,3.7,5.2,-1.5,
71,59,3.97,4.15,4.35,1.050,4.17,274,3.7,5.3,-1.6,
71,59-1,3.97,4.15,4.35,1.050,4.17,274,3.7,5.3,-1.6,
71,61,16.15,16.13,18.04,1.118,18.07,1065,36.6,15.0,+21.5,
71,62,16.71,16.74,18.09,1.080,18.06,1105,28.7,16.3,+12.4,
71,64,10.50,10.29,10.13,0.985,10.34,679,4.9,22.6,-17.7,
71,66,26.10,25.98,31.14,1.199,31.29,1715,86.8,6.4,+80.4,
71,71-1,1.05,0.31,0.31,1.000,1.05,21,0.0,0.0,+0.0,
71,73,12.90,14.18,14.96,1.055,13.60,936,22.2,22.2,-0.1,
71,74,11.65,11.44,12.90,1.127,13.14,755,26.5,10.4,+16.0,
71,75,23.48,23.31,25.36,1.088,25.55,1538,43.3,23.2,+20.1,
71,75-1,23.32,23.21,24.97,1.076,25.09,1532,40.1,26.5,+13.5,
71,80,6.18,6.20,7.38,1.190,7.35,409,19.8,1.1,+18.5,
71,81,5.27,5.06,5.93,1.174,6.18,334,14.3,0.5,+13.8,
71,82,10.88,10.75,13.58,1.263,13.75,709,46.4,2.1,+44.2,
71,83,8.79,8.58,9.44,1.101,9.68,566,16.5,8.0,+8.5,
71,84,10.85,10.64,11.69,1.099,11.92,702,20.1,10.5,+9.7,
71,85,6.39,6.21,7.21,1.161,7.42,410,16.5,0.5,+16.0,
71,85-1,6.80,7.13,8.25,1.158,7.87,470,19.3,1.6,+17.7,
71,86,5.49,5.83,6.92,1.188,6.52,384,17.5,1.2,+16.3,
71,101,10.83,10.62,11.09,1.044,11.31,701,15.7,16.9,-1.2,
71,103,12.33,12.12,12.61,1.041,12.83,800,15.7,22.2,-6.5,
71,105-2,28.67,28.53,33.27,1.166,33.43,1883,84.9,19.5,+65.6,
71,129,21.36,21.23,22.82,1.075,22.96,1401,35.5,23.2,+12.3,
71,132,26.61,26.54,31.41,1.183,31.49,1752,84.9,12.8,+72.1,
71,135,26.66,26.15,29.60,1.132,30.18,1726,63.0,19.3,+43.8,
71,140,7.58,7.44,9.56,1.284,9.73,491,33.6,0.2,+33.5,
71,140-1,7.58,7.44,9.56,1.284,9.73,491,33.6,0.2,+33.5,
71,140-2,7.77,7.44,9.56,1.284,9.98,491,33.6,0.2,+33.5,
71,142,25.61,25.51,30.62,1.200,30.74,1684,84.6,18.7,+65.8,
71,143,20.12,19.84,23.11,1.165,23.44,1309,56.9,18.4,+38.5,
71,152-1,5.65,5.21,5.37,1.031,5.83,344,4.9,9.4,-4.6,
71,153,4.73,4.55,4.70,1.033,4.89,300,3.9,6.8,-2.8,
71,200,20.20,19.99,21.35,1.068,21.57,1319,31.6,23.2,+8.5,
71,201,22.67,22.47,24.28,1.081,24.51,1483,39.9,23.9,+16.0,
71,203,20.17,19.74,21.09,1.068,21.55,1303,31.4,23.2,+8.3,
71,207,9.18,9.51,10.49,1.103,10.12,628,18.7,8.0,+10.7,
71,220,6.80,6.73,7.89,1.173,7.98,444,19.2,0.6,+18.6,
71,221,6.83,6.19,7.28,1.177,8.04,409,17.9,3.4,+14.5,
71,222,8.33,8.12,9.53,1.173,9.77,536,21.8,6.3,+15.5,
71,223,5.76,5.58,7.18,1.287,7.41,368,25.6,0.2,+25.3,
71,300,33.09,33.07,39.98,1.209,40.00,2183,114.5,19.2,+95.3,
71,301,34.16,33.90,41.12,1.213,41.42,2238,119.2,19.3,+99.9,
71,302,36.72,36.71,45.36,1.236,45.37,2423,140.9,19.2,+121.5,
71,500,18.54,18.39,19.42,1.056,19.59,1214,26.1,23.2,+2.9,
71,900,,17.22,20.31,1.180,20.31,1136,55.5,12.0,+43.5,
71,901,,17.02,20.16,1.184,20.16,1124,54.3,15.3,+39.1,
71,902,,16.45,19.50,1.185,19.50,1086,54.3,11.1,+43.2,
71,903,,16.90,20.13,1.191,20.13,1115,56.6,9.0,+47.5,
71,904,,16.57,19.84,1.197,19.84,1094,56.7,8.4,+48.3,
71,905,,18.22,21.44,1.177,21.44,1202,58.5,12.6,+45.8,
71,906,,17.56,20.84,1.187,20.84,1159,56.4,17.5,+38.5,
71,915,,21.32,24.48,1.148,24.48,1407,53.8,46.1,+8.0,
71,916,,22.46,25.69,1.144,25.69,1483,55.7,47.5,+8.4,
71,917,,23.28,26.64,1.144,26.64,1537,55.8,53.4,+2.6,
71,918,,18.46,22.32,1.209,22.32,1218,65.6,10.6,+54.5,
71,919,18.49,18.28,21.47,1.175,21.72,1206,53.8,25.3,+28.5,
71,921,,19.95,23.12,1.159,23.12,1317,53.9,34.9,+19.1,
71,922,,20.48,23.80,1.162,23.80,1352,55.8,32.2,+23.5,
71,923,,20.97,24.32,1.160,24.32,1384,57.1,34.9,+22.2,
71,924,,20.94,24.18,1.155,24.18,1382,55.9,35.9,+20.0,
71,925,,20.26,23.40,1.155,23.40,1337,53.8,35.3,+18.4,
71,926,,20.72,23.79,1.148,23.79,1368,53.8,37.0,+16.8,
71,931,,25.72,29.05,1.129,29.05,1698,58.7,60.3,-1.5,
71,932,,25.56,28.85,1.128,28.85,1687,56.7,57.9,-1.3,
71,933,,26.17,29.51,1.127,29.51,1727,57.6,57.9,-0.2,
71,934,,26.26,29.63,1.128,29.63,1733,58.2,57.9,+0.3,
71,935,,27.54,30.80,1.118,30.80,1818,57.9,61.3,-3.2,
71,942,25.88,25.78,29.42,1.141,29.53,1701,62.2,44.8,+17.4,
71,946,,20.76,23.99,1.156,23.99,1370,53.8,45.7,+7.9,
71,GATE,8.00,7.79,7.65,0.982,7.85,514,3.8,19.6,-15.8,
71-1,1,13.11,14.52,15.57,1.073,14.07,958,23.3,15.3,+8.0,
71-1,2,13.01,14.41,15.75,1.093,14.21,951,27.5,15.0,+12.4,
71-1,3,12.65,14.17,16.69,1.178,14.89,935,38.0,19.5,+18.4,
71-1,4,12.74,14.14,16.66,1.178,15.00,933,38.0,19.5,+18.4,
71-1,5,13.24,14.64,17.16,1.172,15.51,966,38.0,19.5,+18.5,
71-1,6,13.64,14.75,18.22,1.235,16.84,974,50.2,24.7,+25.5,
71-1,7,14.22,15.10,18.57,1.230,17.49,997,50.2,24.7,+25.5,
71-1,8,14.69,16.20,19.81,1.223,17.97,1069,51.4,30.0,+21.3,
71-1,9,15.00,15.56,19.12,1.228,18.42,1027,52.1,23.7,+28.4,
71-1,10,15.33,15.99,19.71,1.232,18.89,1055,54.7,23.7,+30.9,
71-1,10-1,15.88,16.13,19.38,1.202,19.09,1064,54.0,17.5,+36.5,
71-1,11,15.99,16.56,20.23,1.222,19.54,1093,54.1,23.8,+30.3,
71-1,12,16.00,17.34,21.10,1.217,19.47,1144,56.5,24.7,+31.7,
71-1,13,16.23,17.82,20.52,1.152,18.69,1176,48.5,15.0,+33.5,
71-1,14,13.77,14.19,17.59,1.240,17.07,936,50.2,19.0,+31.2,
71-1,15,9.05,10.46,11.37,1.087,9.84,690,18.1,13.2,+5.2,
71-1,15-1,11.06,11.81,12.63,1.069,11.83,780,18.1,18.1,+0.0,
71-1,16,5.57,6.96,7.43,1.067,5.94,460,10.1,7.9,+2.2,
71-1,16-1,10.13,11.70,12.08,1.033,10.46,772,15.7,22.2,-6.5,
71-1,17,8.66,10.25,11.21,1.094,9.47,676,18.7,10.5,+8.2,
71-1,18,21.32,22.93,26.38,1.150,24.53,1513,60.4,18.9,+41.5,
71-1,19,22.12,23.56,26.92,1.143,25.28,1555,60.4,20.7,+39.7,
71-1,20,17.04,18.74,21.61,1.153,19.65,1237,51.1,16.9,+34.2,
71-1,21,19.63,21.19,24.19,1.142,22.41,1398,51.6,17.0,+34.6,
71-1,22,17.82,19.23,21.04,1.094,19.50,1269,35.9,16.6,+19.2,
71-1,24,15.37,16.93,17.83,1.053,16.18,1117,22.6,17.6,+5.0,
71-1,25,16.50,18.02,19.06,1.057,17.44,1189,24.8,17.4,+7.3,
71-1,25-1,16.94,18.34,19.37,1.056,17.89,1210,24.8,17.4,+7.3,
71-1,26,17.03,18.44,19.47,1.056,17.99,1217,24.7,17.4,+7.3,
71-1,27,18.55,19.65,20.69,1.053,19.53,1297,24.8,17.4,+7.4,
71-1,28,19.18,20.72,22.19,1.071,20.53,1368,32.6,19.4,+13.2,
71-1,29,24.69,26.23,31.53,1.202,29.68,1731,87.6,18.7,+68.8,
71-1,30,20.74,22.18,24.23,1.093,22.66,1464,40.4,16.9,+23.5,
71-1,31,20.24,21.59,23.38,1.083,21.91,1425,37.6,19.0,+18.5,
71-1,32,21.92,23.32,25.48,1.093,23.95,1539,45.1,23.2,+21.9,
71-1,32-1,21.84,23.26,25.42,1.093,23.88,1535,45.1,23.2,+21.9,
71-1,33,22.05,23.47,25.81,1.100,24.25,1549,45.2,16.9,+28.3,
71-1,34,21.53,22.93,25.27,1.102,23.73,1514,45.2,16.9,+28.3,
71-1,35,20.38,21.79,25.05,1.150,23.43,1438,55.9,17.0,+38.8,
71-1,36,22.76,24.17,27.17,1.124,25.59,1596,55.3,20.3,+35.2,
71-1,37,21.98,23.47,25.81,1.100,24.17,1549,45.2,16.9,+28.3,
71-1,38,23.49,24.89,27.53,1.106,25.98,1643,50.0,17.0,+33.0,
71-1,39,25.31,26.01,29.45,1.132,28.66,1716,62.8,19.2,+43.5,
71-1,40,25.28,26.69,29.78,1.116,28.21,1761,57.5,17.0,+40.4,
71-1,43,19.71,21.11,23.59,1.118,22.02,1393,46.3,17.5,+28.9,
71-1,43-1,20.51,21.93,23.98,1.094,22.43,1447,40.3,17.0,+23.4,
71-1,43-2,20.15,21.62,24.15,1.117,22.51,1427,47.5,17.9,+29.6,
71-1,44-1,23.02,24.47,27.48,1.123,25.85,1615,55.8,19.5,+36.3,
71-1,49,9.46,9.71,11.49,1.183,11.19,641,29.4,3.3,+25.9,
71-1,50,7.93,9.30,10.17,1.093,8.67,614,16.5,8.1,+8.5,
71-1,51,7.59,9.00,10.05,1.116,8.48,594,19.5,8.0,+11.4,
71-1,52,8.31,8.56,9.83,1.149,9.55,565,21.6,3.1,+18.5,
71-1,52-1,8.31,8.56,9.83,1.149,9.55,565,21.6,3.1,+18.5,
71-1,52-2,8.19,9.60,10.58,1.102,9.03,633,18.7,8.0,+10.7,
71-1,53,9.15,9.46,10.88,1.150,10.52,624,24.3,3.5,+20.8,
71-1,54,9.70,10.67,11.98,1.122,10.88,704,24.4,8.1,+16.3,
71-1,55,9.56,10.96,12.18,1.112,10.63,723,23.4,9.8,+13.6,
71-1,56,18.39,19.81,21.79,1.100,20.23,1307,38.8,16.6,+22.1,
71-1,57,2.43,9.35,10.88,1.165,2.83,617,21.2,15.8,+5.4,경로 다름
71-1,57-1,2.62,7.55,8.84,1.170,3.06,498,19.8,6.3,+13.4,경로 다름
71-1,58,1.74,3.15,3.36,1.067,1.85,208,3.7,5.2,-1.5,경로 다름
71-1,59,2.36,4.15,4.35,1.050,2.48,274,3.7,5.3,-1.6,경로 다름
71-1,59-1,2.36,4.15,4.35,1.050,2.48,274,3.7,5.3,-1.6,경로 다름
71-1,61,14.54,16.13,18.04,1.118,16.26,1065,36.6,15.0,+21.5,
71-1,62,15.10,16.74,18.09,1.080,16.31,1105,28.7,16.3,+12.4,
71-1,64,8.88,10.29,10.13,0.985,8.75,679,4.9,22.6,-17.7,
71-1,66,25.65,25.98,31.14,1.199,30.75,1715,86.8,6.4,+80.4,
71-1,71,1.05,0.31,0.31,1.000,1.05,21,0.0,0.0,-0.0,
71-1,73,11.28,14.18,14.96,1.055,11.90,936,22.2,22.2,-0.1,
71-1,74,10.04,11.44,12.90,1.127,11.32,755,26.5,10.4,+16.0,
71-1,75,21.86,23.31,25.36,1.088,23.79,1538,43.3,23.2,+20.1,
71-1,75-1,21.71,23.21,24.97,1.076,23.35,1532,40.1,26.5,+13.5,
71-1,80,6.97,6.20,7.38,1.190,8.29,409,19.8,1.1,+18.5,
71-1,81,4.81,5.06,5.93,1.174,5.65,334,14.3,0.5,+13.8,
71-1,82,10.43,10.75,13.58,1.263,13.18,709,46.4,2.1,+44.2,
71-1,83,7.17,8.58,9.44,1.101,7.90,566,16.5,8.0,+8.5,
71-1,84,9.23,10.64,11.69,1.099,10.15,702,20.1,10.5,+9.7,
71-1,85,5.94,6.21,7.21,1.161,6.90,410,16.5,0.5,+16.0,
71-1,85-1,7.59,7.13,8.25,1.158,8.78,470,19.3,1.6,+17.7,
71-1,86,6.28,5.83,6.92,1.188,7.46,384,17.5,1.2,+16.3,
71-1,101,9.22,10.62,11.09,1.044,9.62,701,15.7,16.9,-1.2,
71-1,103,10.71,12.12,12.61,1.041,11.15,800,15.7,22.2,-6.5,
71-1,105-2,28.22,28.53,33.27,1.166,32.90,1883,84.9,19.5,+65.6,
71-1,129,19.74,21.23,22.82,1.075,21.22,1401,35.5,23.2,+12.3,
71-1,132,26.15,26.54,31.41,1.183,30.95,1752,84.9,12.8,+72.1,
71-1,135,25.05,26.15,29.60,1.132,28.36,1726,63.0,19.3,+43.8,
71-1,140,7.13,7.44,9.56,1.284,9.15,491,33.6,0.2,+33.5,
71-1,140-1,7.13,7.44,9.56,1.284,9.15,491,33.6,0.2,+33.5,
71-1,140-2,7.32,7.44,9.56,1.284,9.40,491,33.6,0.2,+33.5,
71-1,142,23.99,25.51,30.62,1.200,28.80,1684,84.6,18.7,+65.8,
71-1,143,18.50,19.84,23.11,1.165,21.56,1309,56.9,18.4,+38.5,
71-1,152-1,4.04,5.21,5.37,1.031,4.17,344,4.9,9.4,-4.6,
71-1,153,3.11,4.55,4.70,1.033,3.22,300,3.9,6.8,-2.8,경로 다름
71-1,200,18.58,19.99,21.35,1.068,19.85,1319,31.6,23.2,+8.5,
71-1,201,21.06,22.47,24.28,1.081,22.76,1483,39.9,23.9,+16.0,
71-1,203,18.56,19.74,21.09,1.068,19.83,1303,31.4,23.2,+8.3,
71-1,207,7.56,9.51,10.49,1.103,8.34,628,18.7,8.0,+10.7,
71-1,220,6.35,6.73,7.89,1.173,7.45,444,19.2,0.6,+18.6,
71-1,221,6.38,6.19,7.28,1.177,7.51,409,17.9,3.4,+14.5,
71-1,222,7.03,8.12,9.53,1.173,8.25,536,21.8,6.3,+15.5,
71-1,223,5.30,5.58,7.18,1.287,6.83,368,25.6,0.2,+25.3,
71-1,300,31.48,33.07,39.98,1.209,38.05,2183,114.5,19.2,+95.3,
71-1,301,32.54,33.90,41.12,1.213,39.47,2238,119.2,19.3,+99.9,
71-1,302,35.10,36.71,45.36,1.236,43.37,2423,140.9,19.2,+121.5,
71-1,500,16.93,18.39,19.42,1.056,17.88,1214,26.1,23.2,+2.9,
71-1,900,,17.22,20.31,1.180,20.31,1136,55.5,12.0,+43.5,
71-1,901,,17.02,20.16,1.184,20.16,1124,54.3,15.3,+39.1,
71-1,902,,16.45,19.50,1.185,19.50,1086,54.3,11.1,+43.2,
71-1,903,,16.90,20.13,1.191,20.13,1115,56.6,9.0,+47.5,
71-1,904,,16.57,19.84,1.197,19.84,1094,56.7,8.4,+48.3,
71-1,905,,18.22,21.44,1.177,21.44,1202,58.5,12.6,+45.8,
71-1,906,,17.56,20.84,1.187,20.84,1159,56.4,17.5,+38.5,
71-1,915,,21.32,24.48,1.148,24.48,1407,53.8,46.1,+8.0,
71-1,916,,22.46,25.69,1.144,25.69,1483,55.7,47.5,+8.4,
71-1,917,,23.28,26.64,1.144,26.64,1537,55.8,53.4,+2.6,
71-1,918,,18.46,22.32,1.209,22.32,1218,65.6,10.6,+54.5,
71-1,919,18.03,18.28,21.47,1.175,21.19,1206,53.8,25.3,+28.5,
71-1,921,,19.95,23.12,1.159,23.12,1317,53.9,34.9,+19.1,
71-1,922,,20.48,23.80,1.162,23.80,1352,55.8,32.2,+23.5,
71-1,923,,20.97,24.32,1.160,24.32,1384,57.1,34.9,+22.2,
71-1,924,,20.94,24.18,1.155,24.18,1382,55.9,35.9,+20.0,
71-1,925,,20.26,23.40,1.155,23.40,1337,53.8,35.3,+18.4,
71-1,926,,20.72,23.79,1.148,23.79,1368,53.8,37.0,+16.8,
71-1,931,,25.72,29.05,1.129,29.05,1698,58.7,60.3,-1.5,
71-1,932,,25.56,28.85,1.128,28.85,1687,56.7,57.9,-1.3,
71-1,933,,26.17,29.51,1.127,29.51,1727,57.6,57.9,-0.2,
71-1,934,,26.26,29.63,1.128,29.63,1733,58.2,57.9,+0.3,
71-1,935,,27.54,30.80,1.118,30.80,1818,57.9,61.3,-3.2,
71-1,942,25.43,25.78,29.42,1.141,29.02,1701,62.2,44.8,+17.4,
71-1,946,,20.76,23.99,1.156,23.99,1370,53.8,45.7,+7.9,
71-1,GATE,6.38,7.79,7.65,0.982,6.27,514,3.8,19.6,-15.8,
73,1,3.18,3.18,3.46,1.090,3.46,210,4.8,0.1,+4.6,
73,2,3.07,3.07,3.64,1.184,3.64,203,9.1,0.0,+9.1,
73,3,4.12,4.12,4.95,1.203,4.95,272,13.4,0.5,+12.8,
73,4,3.73,3.77,4.59,1.217,4.53,249,13.3,0.8,+12.5,
73,5,4.45,4.45,5.35,1.204,5.35,294,14.6,0.0,+14.6,
73,6,5.39,5.39,6.52,1.211,6.52,356,17.9,0.0,+17.8,
73,7,5.18,5.20,6.62,1.272,6.58,343,22.4,0.0,+22.1,
73,8,4.76,4.94,6.12,1.240,5.90,326,18.8,0.0,+18.8,
73,9,5.87,5.87,7.57,1.288,7.56,388,26.4,0.0,+26.4,
73,10,7.08,7.17,8.94,1.248,8.83,473,27.7,0.0,+27.6,
73,10-1,7.69,7.70,9.68,1.257,9.66,508,30.8,0.0,+30.7,
73,11,6.69,6.69,8.50,1.270,8.49,441,28.4,0.0,+28.4,
73,12,6.07,6.25,8.06,1.290,7.83,412,28.5,0.0,+28.4,
73,13,6.29,6.48,8.42,1.298,8.17,428,30.1,0.0,+30.1,
73,14,5.86,5.89,7.32,1.243,7.28,389,22.4,0.0,+22.2,
73,15,1.14,1.16,1.16,0.997,1.13,77,0.0,0.1,-0.1,
73,15-1,1.42,2.83,2.90,1.023,1.45,187,3.2,3.1,+0.1,경로 다름
73,16,2.59,2.97,2.92,0.982,2.54,196,1.4,3.5,-2.1,
73,16-1,1.96,2.25,2.11,0.937,1.84,148,0.0,3.4,-3.4,
73,17,2.51,3.81,3.94,1.034,2.60,252,4.4,3.1,+1.3,경로 다름
73,18,11.02,11.23,14.03,1.250,13.78,741,41.8,0.9,+40.9,
73,19,11.82,11.86,14.58,1.230,14.54,783,41.8,2.7,+39.1,
73,20,7.10,7.40,9.51,1.284,9.12,489,32.8,1.9,+30.9,
73,21,9.31,9.47,11.84,1.251,11.65,625,34.8,0.7,+34.0,
73,22,7.51,7.51,8.69,1.158,8.69,496,19.0,0.4,+18.6,
73,24,4.09,4.30,4.54,1.056,4.31,284,5.1,1.2,+3.9,
73,25,5.58,5.71,6.10,1.070,5.97,377,7.9,1.1,+6.8,
73,25-1,5.64,5.79,6.11,1.057,5.96,382,7.0,1.7,+5.4,
73,26,6.12,6.12,6.52,1.065,6.52,404,7.9,1.1,+6.8,
73,27,7.68,7.34,7.74,1.055,8.10,484,7.9,1.1,+6.8,
73,28,8.57,8.72,9.46,1.086,9.31,575,14.0,1.4,+12.6,
73,29,14.39,14.53,19.20,1.321,19.01,959,69.0,0.7,+68.2,
73,30,10.42,10.46,11.88,1.136,11.85,690,23.5,0.6,+22.9,
73,31,9.92,9.87,11.03,1.117,11.09,652,20.7,2.8,+17.9,
73,32,11.12,11.12,12.76,1.147,12.76,734,30.1,8.8,+21.3,
73,32-1,11.05,11.06,12.70,1.148,12.69,730,30.1,8.8,+21.3,
73,33,11.73,11.75,13.46,1.146,13.44,775,28.4,0.6,+27.8,
73,34,11.21,11.21,12.92,1.153,12.92,740,28.4,0.6,+27.7,
73,35,10.06,10.07,12.70,1.262,12.70,664,39.1,0.7,+38.2,
73,36,12.45,12.45,14.82,1.190,14.82,822,38.4,4.1,+34.6,
73,37,11.66,11.75,13.46,1.146,13.36,775,28.4,0.6,+27.8,
73,38,13.17,13.17,15.18,1.153,15.18,869,33.2,0.7,+32.4,
73,39,15.00,14.29,17.10,1.197,17.95,943,45.9,3.0,+42.9,
73,40,14.97,14.97,17.43,1.164,17.43,988,40.6,0.7,+39.9,
73,43,9.39,9.39,11.24,1.197,11.24,620,29.5,1.2,+28.3,
73,43-1,10.20,10.21,11.63,1.139,11.62,674,23.5,0.7,+22.8,
73,43-2,9.83,9.90,11.80,1.192,11.72,653,30.6,1.6,+29.0,
73,44-1,12.71,12.75,15.13,1.187,15.08,842,38.9,3.2,+35.7,
73,49,6.23,6.61,8.10,1.226,7.63,436,23.3,3.8,+19.5,
73,50,3.12,4.59,5.13,1.118,3.48,303,10.0,1.2,+8.7,경로 다름
73,51,4.54,5.99,6.71,1.120,5.08,395,12.6,5.8,+6.7,경로 다름
73,52,4.96,6.08,6.77,1.114,5.53,401,12.6,1.2,+11.4,
73,52-1,5.62,6.89,7.59,1.102,6.19,455,13.5,3.5,+10.0,
73,52-2,5.79,7.28,7.99,1.097,6.35,481,13.6,3.5,+10.1,
73,53,5.19,6.23,7.69,1.235,6.41,411,22.9,3.9,+19.1,
73,54,4.30,5.19,6.56,1.263,5.43,343,20.9,3.4,+17.5,
73,55,3.99,4.51,5.02,1.113,4.44,298,9.4,1.2,+8.2,
73,56,8.07,8.08,9.44,1.168,9.43,534,21.9,0.4,+21.5,
73,57,8.85,10.14,11.33,1.118,9.90,669,19.7,17.7,+2.1,
73,57-1,7.87,9.13,10.17,1.113,8.76,603,19.9,8.0,+11.9,
73,58,7.42,7.71,8.00,1.038,7.71,509,9.9,12.8,-2.9,
73,59,8.02,9.30,10.56,1.136,9.11,614,19.7,16.2,+3.7,
73,59-1,8.95,10.22,11.50,1.126,10.08,674,19.7,22.6,-2.7,
73,61,4.60,4.79,5.93,1.238,5.70,316,18.2,0.0,+18.2,
73,62,4.79,5.07,5.78,1.141,5.46,334,11.9,0.1,+11.8,
73,64,5.65,5.94,5.69,0.958,5.42,392,0.0,16.4,-16.4,
73,66,19.55,19.64,25.34,1.290,25.23,1296,86.7,6.9,+79.8,
73,71,12.90,14.18,15.14,1.068,13.77,936,22.2,22.2,+0.1,
73,71-1,11.28,14.18,15.14,1.068,12.04,936,22.2,22.2,+0.1,
73,74,3.12,3.13,3.97,1.271,3.97,206,13.3,0.0,+13.1,
73,75,11.07,11.11,12.64,1.138,12.59,733,28.3,8.8,+19.5,
73,75-1,10.91,11.01,12.24,1.112,12.14,727,25.1,12.1,+12.9,
73,80,17.25,18.74,20.98,1.119,19.31,1237,43.6,23.0,+20.5,
73,81,12.75,13.74,14.78,1.075,13.71,907,22.0,11.5,+10.5,
73,82,5.33,5.33,7.63,1.432,7.63,352,30.9,2.0,+28.9,
73,83,4.17,4.26,4.13,0.971,4.06,281,1.1,4.5,-3.4,
73,84,1.81,3.55,3.98,1.123,2.03,234,7.7,0.7,+7.0,경로 다름
73,85,13.88,14.89,16.05,1.077,14.95,983,24.2,11.5,+12.7,
73,85-1,17.86,19.66,21.85,1.111,19.85,1298,43.1,23.4,+19.7,
73,86,16.56,18.36,20.52,1.117,18.50,1212,41.3,23.0,+18.3,
73,101,3.38,3.66,3.54,0.967,3.26,242,0.0,6.5,-6.5,
73,103,1.24,2.01,1.94,0.965,1.20,133,0.0,2.0,-2.0,
73,105-2,18.93,19.03,23.41,1.231,23.30,1256,70.8,6.0,+65.0,
73,129,8.95,9.03,10.09,1.118,10.01,596,20.5,8.8,+11.8,
73,132,16.56,16.56,21.26,1.284,21.26,1093,70.9,2.7,+68.3,
73,135,14.73,14.43,17.25,1.196,17.62,952,46.1,3.0,+43.2,
73,140,7.43,8.45,9.70,1.148,8.53,557,23.3,4.1,+19.5,
73,140-1,7.43,8.45,9.70,1.148,8.53,557,23.3,4.1,+19.5,
73,140-2,7.43,8.45,9.70,1.148,8.53,557,23.3,4.1,+19.5,
73,142,13.69,13.81,18.29,1.325,18.14,911,66.0,0.7,+65.3,
73,143,8.57,8.50,11.01,1.295,11.09,561,38.6,3.4,+35.2,
73,152-1,10.65,11.90,12.47,1.047,11.15,786,16.6,21.2,-4.5,
73,153,10.05,11.57,12.13,1.048,10.53,764,16.4,19.2,-2.8,
73,200,7.79,7.79,8.62,1.107,8.62,514,16.6,8.8,+7.9,
73,201,10.26,10.27,11.56,1.126,11.55,678,24.9,9.5,+15.4,
73,203,7.76,7.54,8.37,1.109,8.61,498,16.4,8.8,+7.7,
73,207,5.87,7.66,8.37,1.092,6.41,506,13.6,3.5,+10.1,경로 다름
73,220,6.16,7.22,8.24,1.141,7.03,476,18.7,4.4,+14.3,
73,221,8.27,9.44,10.61,1.124,9.29,623,21.4,6.2,+15.2,
73,222,6.64,7.90,9.00,1.139,7.55,522,20.0,6.3,+13.7,
73,223,10.98,12.00,13.61,1.134,12.45,792,28.7,6.6,+22.0,
73,300,21.16,21.35,27.63,1.294,27.38,1409,97.6,3.0,+94.7,
73,301,22.23,22.18,28.77,1.297,28.82,1464,102.3,3.0,+99.3,
73,302,24.79,24.99,33.01,1.321,32.74,1649,124.0,3.0,+120.9,
73,500,6.13,6.19,6.70,1.083,6.64,408,11.1,8.8,+2.3,
73,900,,11.88,14.95,1.258,14.95,784,46.8,6.6,+40.1,
73,901,,11.69,14.79,1.266,14.79,771,45.6,9.9,+35.8,
73,902,,11.12,14.14,1.272,14.14,734,45.5,5.7,+39.9,
73,903,,11.56,14.77,1.278,14.77,763,47.9,3.6,+44.2,
73,904,,11.23,14.48,1.289,14.48,741,47.9,3.0,+44.9,
73,905,,12.88,16.08,1.248,16.08,850,49.7,7.2,+42.5,
73,906,,12.23,15.48,1.266,15.48,807,47.6,12.1,+35.1,
73,915,,15.99,19.12,1.196,19.12,1055,45.0,40.7,+4.7,
73,916,,17.13,20.33,1.187,20.33,1130,46.9,42.1,+5.1,
73,917,,17.95,21.28,1.186,21.28,1184,47.1,48.0,-0.8,
73,918,,13.12,16.95,1.292,16.95,866,56.9,5.2,+51.2,
73,919,12.94,12.94,16.11,1.245,16.11,854,45.0,19.9,+25.1,
73,921,,14.62,17.76,1.215,17.76,965,45.2,29.5,+15.7,
73,922,,15.14,18.44,1.217,18.44,999,47.1,26.8,+20.1,
73,923,,15.63,18.96,1.213,18.96,1032,48.3,29.5,+18.9,
73,924,,15.61,18.82,1.206,18.82,1030,47.1,30.5,+16.7,
73,925,,14.93,18.04,1.208,18.04,985,45.0,29.9,+15.1,
73,926,,15.38,18.43,1.198,18.43,1015,45.0,31.6,+13.5,
73,931,,20.39,23.69,1.162,23.69,1345,50.0,54.8,-4.9,
73,932,,20.23,23.49,1.161,23.49,1335,47.9,52.4,-4.7,
73,933,,20.84,24.14,1.159,24.14,1375,48.9,52.5,-3.6,
73,934,,20.92,24.27,1.160,24.27,1381,49.4,52.5,-3.0,
73,935,,22.20,25.44,1.146,25.44,1465,49.2,55.9,-6.6,
73,942,20.33,20.44,24.06,1.177,23.93,1349,53.5,39.4,+14.0,
73,946,,15.42,18.63,1.208,18.63,1018,45.0,40.3,+4.6,
73,GATE,9.81,10.08,9.55,0.947,9.29,665,0.6,21.2,-20.6,
74,1,2.92,2.92,2.93,1.003,2.93,193,0.8,9.4,-8.4,
74,2,2.64,2.64,2.90,1.097,2.90,174,4.3,8.5,-4.0,
74,3,1.90,2.16,2.66,1.231,2.34,142,3.8,9.2,-5.4,
74,4,1.99,2.13,2.63,1.234,2.46,141,3.8,9.2,-5.4,
74,5,2.49,2.63,3.13,1.190,2.97,174,3.8,9.2,-5.4,
74,6,2.90,3.03,3.70,1.219,3.53,200,6.5,9.2,-2.7,
74,7,3.48,3.62,4.29,1.186,4.13,239,6.6,9.2,-2.5,
74,8,4.30,4.35,5.02,1.154,4.96,287,7.1,9.6,-2.5,
74,9,4.25,4.38,5.37,1.226,5.21,289,11.6,9.3,+2.3,
74,10,4.59,4.81,6.12,1.271,5.83,318,16.4,9.2,+7.1,
74,10-1,5.20,5.35,6.86,1.282,6.66,353,19.4,9.2,+10.2,
74,11,5.25,5.38,6.64,1.234,6.47,355,15.8,9.3,+6.5,
74,12,5.64,5.82,7.33,1.259,7.10,384,23.7,8.5,+15.3,
74,13,5.87,6.05,7.68,1.268,7.44,400,25.3,8.5,+17.0,
74,14,3.37,3.53,4.49,1.272,4.28,233,11.0,9.2,+1.6,
74,15,1.91,1.97,1.92,0.975,1.87,130,0.0,11.1,-10.8,
74,15-1,4.05,3.32,3.18,0.958,3.88,219,0.0,16.0,-16.0,
74,16,3.26,3.32,3.22,0.970,3.16,219,0.0,17.5,-17.5,
74,16-1,3.11,4.40,4.13,0.938,2.92,291,0.0,19.7,-19.7,경로 다름
74,17,1.82,1.82,1.75,0.963,1.75,120,0.0,7.6,-7.5,
74,18,10.96,11.16,13.53,1.212,13.29,737,37.3,12.3,+25.1,
74,19,11.76,11.79,14.08,1.194,14.04,778,37.3,14.2,+23.3,
74,20,6.67,6.97,8.77,1.257,8.39,460,28.0,10.4,+17.8,
74,21,9.44,9.59,11.55,1.204,11.36,633,29.2,11.1,+18.2,
74,22,7.63,7.63,8.40,1.100,8.40,504,13.4,10.7,+2.8,
74,24,5.18,5.33,5.18,0.972,5.03,352,0.1,11.7,-11.4,
74,25,6.31,6.43,6.41,0.998,6.29,424,2.3,11.5,-9.1,
74,25-1,6.74,6.74,6.73,0.998,6.73,445,2.3,11.5,-9.1,
74,26,6.84,6.84,6.83,0.998,6.83,452,2.3,11.5,-9.1,
74,27,8.36,8.06,8.05,0.999,8.35,532,2.3,11.5,-9.0,
74,28,8.98,9.13,9.55,1.046,9.40,603,10.1,13.5,-3.2,
74,29,14.33,14.47,18.69,1.292,18.51,955,64.4,12.2,+52.4,
74,30,10.55,10.58,11.59,1.095,11.56,698,17.9,11.0,+7.0,
74,31,10.05,10.00,10.74,1.074,10.79,660,15.1,13.1,+2.1,
74,32,12.33,12.33,13.18,1.069,13.18,814,16.8,11.5,+5.5,
74,32-1,12.26,12.27,13.12,1.069,13.11,810,16.8,11.5,+5.5,
74,33,11.86,11.87,13.17,1.109,13.15,784,22.8,11.0,+11.9,
74,34,11.34,11.34,12.63,1.114,12.63,748,22.7,11.0,+11.9,
74,35,10.09,10.09,12.38,1.227,12.38,666,35.8,12.2,+23.8,
74,36,12.57,12.58,14.53,1.155,14.53,830,32.8,14.4,+18.7,
74,37,11.78,11.88,13.17,1.109,13.07,784,22.8,11.0,+11.9,
74,38,13.30,13.29,14.89,1.120,14.89,877,27.5,11.1,+16.6,
74,39,15.12,14.41,16.81,1.166,17.64,951,40.3,13.3,+27.0,
74,40,15.09,15.09,17.14,1.135,17.14,996,35.0,11.1,+24.0,
74,43,9.52,9.52,10.95,1.151,10.95,628,23.8,11.6,+12.4,
74,43-1,10.32,10.33,11.34,1.097,11.33,682,17.9,11.1,+7.0,
74,43-2,9.96,10.02,11.50,1.148,11.43,662,25.0,12.0,+13.2,
74,44-1,12.83,12.88,14.84,1.152,14.79,850,33.3,13.6,+19.9,
74,49,2.14,2.14,2.32,1.084,2.32,141,3.4,0.3,+3.0,
74,50,1.31,1.31,1.32,1.010,1.33,87,0.3,4.3,-3.9,
74,51,2.71,2.71,2.90,1.069,2.90,179,2.9,8.8,-5.9,
74,52,2.80,2.80,2.96,1.058,2.96,185,2.9,4.3,-1.3,
74,52-1,3.48,3.61,3.78,1.047,3.65,239,3.9,6.6,-2.7,
74,52-2,4.01,4.01,4.18,1.045,4.19,264,4.0,6.6,-2.5,
74,53,1.76,1.76,1.92,1.089,1.92,116,3.1,0.5,+2.6,
74,54,0.65,0.72,0.78,1.080,0.70,48,1.0,0.0,+1.0,
74,55,0.78,0.78,0.78,1.000,0.78,52,0.0,0.0,-0.0,
74,56,8.20,8.21,9.15,1.114,9.14,542,16.3,10.7,+5.7,
74,57,6.73,6.75,7.12,1.055,7.10,446,6.9,21.3,-14.5,
74,57-1,5.75,5.75,5.96,1.036,5.96,379,7.1,11.7,-4.6,
74,58,6.25,6.25,6.25,1.000,6.25,413,2.7,19.3,-16.6,
74,59,5.90,5.91,6.35,1.075,6.35,390,6.9,19.9,-12.8,
74,59-1,6.83,6.83,7.30,1.068,7.30,451,6.9,26.3,-19.2,
74,61,4.18,4.36,5.19,1.191,4.97,288,13.4,8.5,+5.1,
74,62,4.88,4.97,5.24,1.054,5.14,328,5.6,9.8,-4.0,
74,64,8.22,8.22,7.81,0.951,7.81,542,0.0,32.5,-32.5,
74,66,16.90,16.99,21.20,1.248,21.09,1121,62.7,4.4,+58.2,
74,71,11.65,11.44,11.79,1.030,12.01,755,10.4,26.5,-16.0,
74,71-1,10.04,11.44,11.79,1.030,10.34,755,10.4,26.5,-16.0,
74,73,3.12,3.13,3.10,0.991,3.10,206,0.0,13.3,-13.1,
74,75,12.28,12.32,13.06,1.060,13.02,813,15.1,11.5,+3.7,
74,75-1,12.12,12.22,12.66,1.036,12.57,806,11.8,14.9,-2.9,
74,80,16.00,16.00,17.63,1.102,17.63,1056,31.9,27.3,+4.5,
74,81,10.36,10.36,10.57,1.020,10.57,684,9.1,15.1,-6.0,
74,82,1.08,1.08,1.93,1.784,1.92,71,10.1,0.0,+10.0,
74,83,2.93,2.93,3.01,1.027,3.01,193,2.4,10.0,-7.5,
74,84,0.64,1.03,1.01,0.982,0.63,68,0.0,3.6,-3.6,
74,85,11.48,11.51,11.84,1.029,11.81,760,11.3,15.1,-3.9,
74,85-1,16.62,16.93,18.50,1.093,18.17,1117,31.4,27.7,+3.7,
74,86,15.31,15.63,17.17,1.099,16.83,1031,29.5,27.3,+2.2,
74,101,5.94,5.94,5.66,0.953,5.66,392,0.0,22.6,-22.5,
74,103,4.54,4.61,4.48,0.974,4.42,304,0.0,18.1,-18.0,
74,105-2,19.06,19.15,23.12,1.207,23.01,1264,65.2,16.4,+49.2,
74,129,10.16,10.24,10.51,1.027,10.43,676,7.3,11.5,-4.1,
74,132,16.49,16.49,20.75,1.258,20.75,1088,66.4,14.1,+52.4,
74,135,14.86,14.55,16.96,1.166,17.31,960,40.5,13.4,+27.3,
74,140,5.03,5.06,5.49,1.085,5.46,334,10.4,7.8,+3.0,
74,140-1,5.03,5.06,5.49,1.085,5.46,334,10.4,7.8,+3.0,
74,140-2,5.03,5.06,5.49,1.085,5.46,334,10.4,7.8,+3.0,
74,142,13.63,13.74,17.78,1.294,17.63,907,61.5,12.2,+49.4,
74,143,8.14,8.07,10.27,1.272,10.35,533,33.8,11.8,+22.1,
74,152-1,9.40,9.17,9.12,0.995,9.36,605,4.9,25.5,-20.6,
74,153,8.81,8.83,8.78,0.994,8.75,583,4.7,23.5,-18.8,
74,200,8.89,9.00,9.05,1.005,8.93,594,3.4,11.5,-8.0,
74,201,11.47,11.48,11.98,1.044,11.98,757,11.7,12.3,-0.4,
74,203,8.97,8.97,9.02,1.005,9.02,592,3.4,11.5,-8.0,
74,207,4.10,4.38,4.56,1.041,4.26,289,4.0,6.6,-2.5,
74,220,3.77,3.83,4.03,1.050,3.95,253,5.8,8.1,-2.2,
74,221,5.87,6.05,6.40,1.057,6.21,399,8.6,9.9,-1.3,
74,222,4.52,4.52,4.79,1.060,4.79,298,7.2,9.9,-2.8,
74,223,8.58,8.61,9.40,1.092,9.37,568,15.8,10.3,+5.5,
74,300,21.28,21.48,27.34,1.273,27.09,1418,92.0,13.3,+78.8,
74,301,22.35,22.31,28.48,1.276,28.53,1472,96.7,13.4,+83.5,
74,302,24.91,25.11,32.71,1.303,32.45,1657,118.4,13.3,+105.1,
74,500,9.63,9.69,9.88,1.020,9.83,639,10.1,23.8,-13.5,
74,900,,8.22,10.37,1.261,10.37,543,31.4,10.0,+21.3,
74,901,,8.03,10.21,1.271,10.21,530,30.1,13.3,+16.9,
74,902,,7.46,9.56,1.281,9.56,492,30.1,9.1,+21.0,
74,903,,7.90,10.19,1.289,10.19,522,32.4,7.0,+25.3,
74,904,,7.58,9.90,1.306,9.90,500,32.5,6.4,+26.1,
74,905,,9.22,11.50,1.246,11.50,609,34.3,10.6,+23.7,
74,906,,8.57,10.90,1.272,10.90,566,32.2,15.5,+16.3,
74,915,,12.33,14.54,1.179,14.54,814,29.6,44.1,-14.2,
74,916,,13.47,15.74,1.169,15.74,889,31.5,45.5,-13.8,
74,917,,14.29,16.69,1.168,16.69,943,31.7,51.4,-19.6,
74,918,,9.47,12.37,1.307,12.37,625,41.5,8.6,+32.3,
74,919,9.28,9.28,11.53,1.242,11.53,613,29.6,23.3,+6.3,
74,921,,10.96,13.17,1.202,13.17,723,29.7,32.9,-3.1,
74,922,,11.49,13.85,1.206,13.85,758,31.6,30.2,+1.3,
74,923,,11.98,14.37,1.200,14.37,790,32.9,32.9,+0.0,
74,924,,11.95,14.24,1.191,14.24,789,31.7,33.9,-2.2,
74,925,,11.27,13.46,1.194,13.46,744,29.6,33.3,-3.8,
74,926,,11.73,13.84,1.180,13.84,774,29.6,35.0,-5.4,
74,931,,16.73,19.11,1.142,19.11,1104,34.5,58.2,-23.7,
74,932,,16.57,18.90,1.141,18.90,1094,32.5,55.9,-23.5,
74,933,,17.18,19.56,1.139,19.56,1134,33.4,55.9,-22.4,
74,934,,17.27,19.68,1.140,19.68,1140,34.0,55.9,-21.9,
74,935,,18.55,20.85,1.124,20.85,1224,33.8,59.3,-25.4,
74,942,16.68,16.79,19.47,1.160,19.35,1108,38.0,42.8,-4.8,
74,946,,11.77,14.05,1.194,14.05,777,29.6,43.7,-14.2,
74,GATE,10.16,10.16,9.94,0.978,9.94,671,2.9,34.7,-31.8,
75,1,10.08,10.39,10.05,0.967,9.75,686,3.0,15.1,-12.1,
75,2,10.64,10.73,10.74,1.001,10.65,708,6.6,8.8,-2.1,
75,3,11.89,11.66,11.69,1.003,11.92,769,7.2,8.9,-1.7,
75,4,11.59,11.72,11.66,0.995,11.53,773,7.1,11.1,-4.0,
75,5,10.97,11.01,11.02,1.001,10.98,727,6.6,8.8,-2.2,
75,6,12.58,12.65,12.81,1.012,12.74,835,10.1,10.1,-0.0,
75,7,11.38,11.68,12.52,1.072,12.20,771,17.6,8.0,+9.6,
75,8,11.29,11.51,11.78,1.024,11.56,759,10.8,8.8,+2.0,
75,9,11.62,11.66,12.50,1.072,12.46,770,17.6,8.0,+9.6,
75,10,13.12,13.52,14.46,1.070,14.04,892,21.0,10.0,+10.8,
75,10-1,14.05,14.09,15.66,1.111,15.61,930,30.1,13.1,+17.0,
75,11,12.34,12.47,13.61,1.092,13.48,823,23.8,12.2,+11.6,
75,12,11.74,11.83,13.05,1.103,12.94,781,23.8,10.4,+13.3,
75,13,9.85,9.89,11.16,1.129,11.11,652,23.6,9.1,+14.5,
75,14,13.11,13.18,13.68,1.038,13.61,870,14.4,8.9,+5.4,
75,15,12.79,12.83,12.31,0.960,12.27,846,2.3,22.0,-19.7,
75,15-1,13.46,14.57,14.14,0.971,13.07,961,14.3,34.4,-20.1,
75,16,14.19,14.40,13.58,0.943,13.39,950,7.9,34.4,-26.5,
75,16-1,13.50,13.30,12.80,0.962,13.00,878,8.8,35.3,-26.5,
75,17,14.25,14.29,14.03,0.982,14.00,943,7.0,18.7,-11.7,
75,18,7.42,7.49,8.88,1.186,8.80,494,22.5,1.5,+21.0,
75,19,6.33,6.35,8.03,1.264,8.00,419,25.1,0.1,+25.0,
75,20,7.96,8.15,9.17,1.125,8.96,538,19.2,7.3,+11.9,
75,21,7.29,7.49,8.62,1.152,8.40,494,20.6,6.1,+14.5,
75,22,4.35,4.39,4.32,0.984,4.28,290,2.4,5.5,-3.1,
75,24,6.26,6.12,5.73,0.936,5.86,404,0.1,12.8,-12.7,
75,25,4.80,4.87,4.51,0.925,4.44,322,0.0,12.2,-12.1,
75,25-1,6.64,5.90,5.50,0.933,6.19,389,0.0,12.8,-12.7,
75,26,6.73,6.13,5.74,0.935,6.30,405,0.0,12.8,-12.7,
75,27,3.24,3.28,3.17,0.966,3.13,217,1.1,5.0,-3.9,
75,28,3.47,3.53,3.43,0.973,3.38,233,1.5,5.0,-3.6,
75,29,11.66,11.84,15.25,1.288,15.02,781,53.7,5.0,+48.7,
75,30,5.32,5.36,5.71,1.066,5.67,354,8.9,5.0,+3.8,
75,31,2.63,2.94,3.06,1.041,2.74,194,3.4,1.6,+1.7,
75,32,0.90,1.28,1.39,1.079,0.98,85,1.8,0.0,+1.8,
75,32-1,0.74,0.96,1.17,1.217,0.90,64,3.5,0.0,+3.3,
75,33,1.35,2.18,2.38,1.092,1.47,144,3.3,0.0,+3.3,
75,34,5.51,5.53,6.20,1.121,6.18,365,10.5,5.4,+5.2,
75,35,6.13,6.26,7.40,1.181,7.24,413,17.9,4.8,+13.1,
75,36,3.70,3.77,4.47,1.187,4.39,248,10.6,0.6,+9.9,
75,37,2.57,3.59,4.32,1.203,3.10,237,10.6,0.1,+10.4,경로 다름
75,38,2.23,2.31,2.99,1.292,2.87,153,9.5,0.1,+9.5,
75,39,5.47,5.55,6.77,1.220,6.67,366,19.7,1.5,+18.1,
75,40,5.31,5.31,6.48,1.222,6.49,350,18.8,1.5,+17.3,
75,43,6.07,6.27,7.06,1.125,6.83,414,14.9,5.6,+9.4,
75,43-1,5.75,5.80,6.13,1.058,6.08,383,8.4,5.1,+3.3,
75,43-2,5.39,5.57,6.35,1.140,6.14,367,14.0,5.0,+8.8,
75,44-1,4.88,4.90,6.01,1.227,5.98,323,16.8,0.1,+16.6,
75,49,15.76,15.80,16.65,1.054,16.61,1043,21.6,18.8,+2.7,
75,50,13.74,13.78,13.69,0.993,13.65,910,8.3,16.3,-8.0,
75,51,15.14,15.18,15.27,1.005,15.23,1002,10.9,20.8,-10.1,
75,52,15.23,15.27,15.33,1.004,15.29,1008,10.9,16.3,-5.4,
75,52-1,15.91,16.08,16.15,1.004,15.98,1062,11.8,18.6,-6.8,
75,52-2,16.44,16.48,16.55,1.004,16.51,1087,11.9,18.6,-6.7,
75,53,15.33,15.42,16.25,1.054,16.15,1018,21.2,18.9,+2.3,
75,54,14.26,14.38,15.11,1.051,14.99,949,19.2,18.5,+0.7,
75,55,13.97,13.71,13.58,0.991,13.84,905,7.7,16.3,-8.6,
75,56,5.39,5.33,5.45,1.022,5.51,352,5.2,5.0,+0.2,
75,57,19.27,19.33,19.89,1.029,19.83,1276,18.0,32.7,-14.7,
75,57-1,18.29,18.33,18.73,1.022,18.69,1210,18.2,23.1,-4.9,
75,58,18.38,18.42,18.03,0.979,17.99,1215,17.7,40.7,-23.0,
75,59,18.44,18.49,19.12,1.034,19.07,1220,18.0,31.3,-13.0,
75,59-1,19.37,19.41,20.06,1.034,20.02,1281,18.0,37.7,-19.4,
75,61,10.17,10.21,10.89,1.066,10.84,674,15.9,10.2,+5.7,
75,62,8.41,9.79,9.74,0.995,8.37,646,7.4,15.0,-7.7,
75,64,13.27,13.31,11.91,0.895,11.88,879,0.6,37.7,-37.1,
75,66,15.64,15.73,19.33,1.229,19.22,1038,57.4,0.1,+57.3,
75,71,23.48,23.31,23.19,0.995,23.35,1538,23.2,43.3,-20.1,
75,71-1,21.86,23.31,23.19,0.995,21.75,1538,23.2,43.3,-20.1,
75,73,11.07,11.11,10.70,0.963,10.66,733,8.8,28.3,-19.5,
75,74,12.28,12.32,12.53,1.017,12.49,813,11.5,15.1,-3.7,
75,75-1,0.78,0.78,0.78,1.000,0.78,51,0.0,0.0,+0.0,
75,80,26.63,26.66,27.72,1.040,27.68,1760,45.2,44.8,+0.3,
75,81,22.90,22.94,23.33,1.017,23.29,1514,20.3,26.6,-6.3,
75,82,14.48,14.52,16.19,1.115,16.14,959,29.2,17.1,+12.1,
75,83,15.36,15.32,14.69,0.959,14.73,1011,11.0,34.4,-23.4,
75,84,13.07,12.74,12.54,0.984,12.86,841,6.0,15.7,-9.8,
75,85,24.02,24.09,24.60,1.022,24.54,1590,22.5,26.6,-4.1,
75,85-1,27.24,27.59,28.59,1.036,28.23,1821,44.8,45.2,-0.4,
75,86,25.93,26.29,27.26,1.037,26.90,1735,42.9,44.8,-1.9,
75,101,14.10,14.14,13.32,0.942,13.28,933,7.7,34.4,-26.7,
75,103,11.21,11.78,11.30,0.959,10.75,777,8.7,30.4,-21.7,
75,105-2,9.90,10.11,13.00,1.286,12.74,667,45.4,3.2,+42.5,
75,129,2.64,2.68,2.48,0.925,2.44,177,0.0,5.6,-5.5,
75,132,11.32,11.45,14.41,1.259,14.26,755,46.7,0.2,+46.5,
75,135,6.43,6.14,7.49,1.220,7.84,405,20.8,0.2,+20.7,
75,140,17.57,17.64,18.26,1.035,18.19,1164,21.6,19.2,+2.7,
75,140-1,17.57,17.64,18.26,1.035,18.19,1164,21.6,19.2,+2.7,
75,140-2,17.57,17.64,18.26,1.035,18.19,1164,21.6,19.2,+2.7,
75,142,10.96,11.12,14.35,1.290,14.15,734,50.7,5.0,+45.7,
75,143,9.20,9.24,11.01,1.192,10.96,610,30.2,5.2,+25.0,
75,152-1,21.23,21.03,20.52,0.975,20.71,1388,17.6,42.3,-24.7,
75,153,20.63,20.70,20.18,0.975,20.11,1366,17.4,40.4,-23.0,
75,200,1.76,1.76,1.65,0.939,1.65,116,0.0,3.4,-3.4,
75,201,1.37,1.50,1.46,0.977,1.33,99,0.6,1.4,-0.8,
75,203,3.97,4.01,3.66,0.915,3.63,264,0.0,11.7,-11.7,
75,207,16.53,16.85,16.92,1.004,16.60,1112,11.9,18.6,-6.7,
75,220,16.30,16.41,16.79,1.023,16.68,1083,17.0,19.5,-2.4,
75,221,18.41,18.63,19.17,1.029,18.94,1230,19.7,21.3,-1.6,
75,222,17.06,17.09,17.56,1.027,17.51,1128,18.3,21.4,-3.0,
75,223,21.12,21.19,22.17,1.046,22.09,1398,27.0,21.7,+5.2,
75,300,11.96,12.15,16.93,1.393,16.67,802,72.2,0.0,+72.2,
75,301,13.03,12.98,18.07,1.392,18.13,857,76.9,0.0,+76.8,
75,302,15.59,15.79,22.31,1.413,22.03,1042,98.5,0.0,+98.4,
75,500,5.45,5.49,4.94,0.901,4.91,362,0.0,16.3,-16.3,
75,900,,19.17,21.31,1.111,21.31,1265,38.9,15.4,+23.3,
75,901,,18.98,21.15,1.114,21.15,1253,37.6,18.7,+19.0,
75,902,,18.41,20.50,1.113,20.50,1215,37.6,14.5,+23.1,
75,903,,18.85,21.13,1.121,21.13,1244,39.9,12.5,+27.4,
75,904,,18.53,20.84,1.125,20.84,1223,40.0,11.9,+28.2,
75,905,,20.17,22.44,1.112,22.44,1331,41.8,16.0,+25.7,
75,906,,19.52,21.84,1.119,21.84,1288,39.7,21.0,+18.3,
75,915,,23.28,25.48,1.094,25.48,1537,37.1,49.6,-12.1,
75,916,,24.42,26.68,1.093,26.68,1612,39.0,50.9,-11.7,
75,917,,25.24,27.63,1.095,27.63,1666,39.2,56.9,-17.5,
75,918,,20.42,23.31,1.142,23.31,1348,49.0,14.1,+34.4,
75,919,20.19,20.23,22.47,1.111,22.43,1335,37.1,28.7,+8.3,
75,921,,21.91,24.11,1.101,24.11,1446,37.2,38.3,-1.0,
75,922,,22.44,24.79,1.105,24.79,1481,39.1,35.7,+3.3,
75,923,,22.93,25.32,1.104,25.32,1513,40.4,38.4,+2.1,
75,924,,22.90,25.18,1.099,25.18,1511,39.2,39.3,-0.1,
75,925,,22.22,24.40,1.098,24.40,1467,37.1,38.8,-1.7,
75,926,,22.68,24.78,1.093,24.78,1497,37.1,40.5,-3.3,
75,931,,27.68,30.05,1.086,30.05,1827,42.0,63.7,-21.7,
75,932,,27.52,29.84,1.084,29.84,1816,40.0,61.3,-21.4,
75,933,,28.13,30.50,1.084,30.50,1857,40.9,61.4,-20.4,
75,934,,28.22,30.62,1.085,30.62,1862,41.5,61.4,-19.8,
75,935,,29.50,31.79,1.078,31.79,1947,41.3,64.7,-23.4,
75,942,27.59,27.74,30.42,1.097,30.25,1831,45.5,48.3,-2.8,
75,946,,22.72,24.99,1.100,24.99,1499,37.1,49.2,-12.2,
75,GATE,17.28,17.30,15.73,0.909,15.70,1142,1.2,42.3,-41.1,
75-1,1,9.92,10.29,10.24,0.996,9.88,679,6.3,11.8,-5.5,
75-1,2,10.48,10.63,10.93,1.029,10.78,701,10.0,5.5,+4.5,
75-1,3,11.73,11.56,11.89,1.028,12.07,763,10.5,5.6,+4.9,
75-1,4,11.44,11.62,11.85,1.020,11.67,767,10.5,7.8,+2.6,
75-1,5,10.82,10.92,11.22,1.028,11.12,720,10.0,5.6,+4.4,
75-1,6,12.43,12.55,13.00,1.036,12.88,828,13.4,6.8,+6.6,
75-1,7,11.23,11.58,12.72,1.098,12.33,764,21.0,4.8,+16.2,
75-1,8,11.13,11.41,11.98,1.050,11.69,753,14.2,5.5,+8.7,
75-1,9,11.47,11.56,12.70,1.098,12.59,763,21.0,4.8,+16.2,
75-1,10,12.96,13.42,14.66,1.093,14.17,886,24.3,6.8,+17.4,
75-1,10-1,13.90,13.99,15.85,1.133,15.74,923,33.4,9.8,+23.6,
75-1,11,12.19,12.37,13.81,1.117,13.61,816,27.1,8.9,+18.2,
75-1,12,11.58,11.73,13.24,1.129,13.07,774,27.1,7.2,+19.9,
75-1,13,9.69,9.79,11.35,1.160,11.24,646,26.9,5.8,+21.2,
75-1,14,12.96,13.08,13.87,1.060,13.74,863,17.8,5.6,+12.0,
75-1,15,12.63,12.73,12.50,0.983,12.41,840,5.7,18.8,-13.1,
75-1,15-1,13.30,14.47,14.34,0.991,13.19,955,17.7,31.2,-13.5,
75-1,16,14.04,14.30,13.78,0.963,13.53,944,11.2,31.2,-19.9,
75-1,16-1,13.35,13.21,13.00,0.985,13.14,872,12.1,32.1,-19.9,
75-1,17,14.09,14.19,14.23,1.003,14.14,936,10.3,15.4,-5.1,
75-1,18,8.14,8.44,10.29,1.219,9.93,557,29.9,1.9,+28.0,
75-1,19,7.38,7.38,9.28,1.257,9.28,487,29.9,0.0,+29.9,
75-1,20,7.81,8.06,9.37,1.163,9.08,532,22.5,4.0,+18.5,
75-1,21,7.14,7.39,8.82,1.194,8.52,488,24.0,2.9,+21.1,
75-1,22,4.20,4.29,4.52,1.052,4.42,283,5.7,2.3,+3.5,
75-1,24,6.10,6.03,5.93,0.984,6.00,398,3.4,9.5,-6.1,
75-1,25,4.64,4.77,4.70,0.985,4.57,315,3.4,8.9,-5.5,
75-1,25-1,6.48,5.80,5.70,0.982,6.37,383,3.4,9.5,-6.1,
75-1,26,6.58,6.03,5.93,0.983,6.47,398,3.4,9.5,-6.1,
75-1,27,3.09,3.18,3.36,1.057,3.26,210,4.5,1.8,+2.7,
75-1,28,3.32,3.43,3.63,1.058,3.51,226,4.8,1.8,+3.0,
75-1,29,11.51,11.74,15.45,1.316,15.14,775,57.1,1.8,+55.3,
75-1,30,5.17,5.26,5.91,1.123,5.80,347,12.2,1.8,+10.4,
75-1,31,3.09,3.20,3.44,1.073,3.31,211,5.3,1.6,+3.6,
75-1,32,1.55,1.55,1.76,1.137,1.76,102,3.7,0.0,+3.7,
75-1,32-1,1.47,1.49,1.70,1.144,1.68,98,3.7,0.0,+3.7,
75-1,33,2.30,2.44,2.76,1.128,2.59,161,5.3,0.0,+5.2,
75-1,34,6.56,6.56,7.45,1.136,7.45,433,15.2,5.1,+10.1,
75-1,35,7.17,7.28,8.95,1.230,8.83,480,27.2,1.8,+25.3,
75-1,36,4.74,4.79,5.72,1.193,5.66,316,15.2,0.4,+14.8,
75-1,37,3.03,4.62,5.57,1.207,3.66,305,15.4,0.0,+15.3,경로 다름
75-1,38,3.71,3.73,4.65,1.247,4.62,246,14.5,0.7,+13.7,
75-1,39,6.63,6.72,8.13,1.210,8.03,443,23.1,0.0,+23.0,
75-1,40,6.48,6.48,7.85,1.211,7.84,428,22.3,0.0,+22.2,
75-1,43,5.92,6.18,7.25,1.175,6.95,408,18.3,2.3,+16.0,
75-1,43-1,5.60,5.70,6.33,1.111,6.21,376,11.7,1.8,+9.9,
75-1,43-2,5.23,5.47,6.54,1.197,6.26,361,17.3,1.8,+15.5,
75-1,44-1,5.92,5.93,7.26,1.226,7.26,391,21.6,0.0,+21.5,
75-1,49,15.60,15.70,16.85,1.073,16.75,1036,24.9,15.6,+9.3,
75-1,50,13.59,13.68,13.89,1.015,13.79,903,11.6,13.0,-1.4,
75-1,51,14.99,15.08,15.46,1.025,15.37,996,14.2,17.6,-3.5,
75-1,52,15.07,15.17,15.52,1.023,15.43,1001,14.2,13.0,+1.2,
75-1,52-1,15.76,15.99,16.35,1.023,16.12,1055,15.1,15.3,-0.2,
75-1,52-2,16.28,16.38,16.75,1.023,16.65,1081,15.3,15.3,-0.1,
75-1,53,15.18,15.32,16.44,1.073,16.29,1011,24.6,15.7,+8.9,
75-1,54,14.11,14.28,15.31,1.072,15.12,943,22.6,15.2,+7.3,
75-1,55,13.81,13.61,13.78,1.012,13.99,898,11.1,13.0,-2.0,
75-1,56,5.23,5.24,5.65,1.079,5.64,346,8.6,1.8,+6.8,
75-1,57,19.12,19.23,20.09,1.044,19.97,1269,21.4,29.5,-8.1,
75-1,57-1,18.13,18.23,18.92,1.038,18.82,1203,21.6,19.8,+1.7,
75-1,58,18.22,18.32,18.23,0.995,18.13,1209,21.0,37.5,-16.4,
75-1,59,18.29,18.39,19.32,1.051,19.21,1214,21.4,28.0,-6.4,
75-1,59-1,19.21,19.31,20.26,1.049,20.16,1274,21.4,34.4,-12.8,
75-1,61,10.01,10.12,11.09,1.096,10.97,668,19.3,7.0,+12.3,
75-1,62,8.26,9.69,9.93,1.025,8.47,639,10.8,11.7,-1.1,
75-1,64,13.12,13.21,12.11,0.917,12.02,872,4.0,34.5,-30.5,
75-1,66,16.67,16.85,21.60,1.282,21.37,1112,74.8,7.9,+66.9,
75-1,71,23.32,23.21,23.38,1.007,23.50,1532,26.5,40.1,-13.5,
75-1,71-1,21.71,23.21,23.38,1.007,21.87,1532,26.5,40.1,-13.5,
75-1,73,10.91,11.01,10.89,0.990,10.80,727,12.1,25.1,-12.9,
75-1,74,12.12,12.22,12.72,1.041,12.62,806,14.9,11.8,+2.9,
75-1,75,0.78,0.78,0.78,1.000,0.78,51,0.0,0.0,-0.0,
75-1,80,26.47,26.57,27.92,1.051,27.82,1753,48.6,41.5,+6.9,
75-1,81,22.74,22.84,23.53,1.030,23.43,1507,23.6,23.3,+0.3,
75-1,82,14.33,14.42,16.38,1.136,16.28,952,32.6,13.8,+18.7,
75-1,83,15.21,15.22,14.89,0.978,14.88,1004,14.4,31.2,-16.8,
75-1,84,12.91,12.64,12.74,1.008,13.01,834,9.4,12.5,-3.2,
75-1,85,23.87,23.99,24.80,1.034,24.68,1583,25.8,23.3,+2.5,
75-1,85-1,27.09,27.49,28.79,1.047,28.37,1814,48.1,42.0,+6.2,
75-1,86,25.78,26.19,27.46,1.049,27.03,1728,46.3,41.6,+4.7,
75-1,101,13.95,14.04,13.51,0.962,13.42,927,11.1,31.2,-20.1,
75-1,103,11.05,11.68,11.49,0.984,10.88,771,12.0,27.1,-15.1,
75-1,105-2,11.38,11.59,14.79,1.275,14.52,765,50.8,3.7,+47.4,
75-1,129,2.49,2.58,2.67,1.036,2.58,170,3.4,2.3,+1.1,
75-1,132,12.80,12.93,16.20,1.253,16.03,854,52.1,0.7,+51.4,
75-1,135,7.47,7.17,8.75,1.219,9.11,473,25.6,0.0,+25.5,
75-1,140,17.42,17.54,18.45,1.052,18.32,1158,24.9,15.9,+9.3,
75-1,140-1,17.42,17.54,18.45,1.052,18.32,1158,24.9,15.9,+9.3,
75-1,140-2,17.42,17.54,18.45,1.052,18.32,1158,24.9,15.9,+9.3,
75-1,142,10.81,11.02,14.54,1.320,14.27,727,54.1,1.8,+52.3,
75-1,143,9.04,9.14,11.21,1.226,11.09,603,33.6,2.0,+31.6,
75-1,152-1,21.08,20.93,20.71,0.989,20.85,1382,21.0,39.1,-18.1,
75-1,153,20.48,20.60,20.37,0.989,20.25,1360,20.8,37.1,-16.3,
75-1,200,1.36,1.52,1.65,1.086,1.48,101,2.4,0.2,+2.2,
75-1,201,0.62,0.72,0.75,1.041,0.65,47,0.6,0.1,+0.5,
75-1,203,3.81,3.91,3.86,0.988,3.77,258,3.4,8.4,-5.1,
75-1,207,16.37,16.75,17.12,1.022,16.73,1106,15.3,15.3,-0.1,
75-1,220,16.15,16.31,16.99,1.042,16.82,1077,20.3,16.3,+4.2,
75-1,221,18.25,18.53,19.36,1.045,19.07,1223,23.0,18.0,+5.0,
75-1,222,16.90,17.00,17.75,1.045,17.65,1122,21.7,18.1,+3.6,
75-1,223,20.96,21.09,22.36,1.060,22.23,1392,30.3,18.5,+11.8,
75-1,300,13.44,13.64,18.72,1.372,18.45,900,77.6,0.5,+77.0,
75-1,301,14.51,14.47,19.85,1.372,19.91,955,82.2,0.5,+81.7,
75-1,302,17.07,17.27,24.09,1.395,23.81,1140,103.9,0.5,+103.3,
75-1,500,5.29,5.39,5.14,0.954,5.05,356,3.4,13.1,-9.7,
75-1,900,,19.07,21.50,1.127,21.50,1259,42.2,12.2,+29.9,
75-1,901,,18.88,21.35,1.131,21.35,1246,41.0,15.5,+25.6,
75-1,902,,18.31,20.69,1.130,20.69,1209,41.0,11.3,+29.7,
75-1,903,,18.75,21.32,1.137,21.32,1238,43.3,9.2,+34.0,
75-1,904,,18.43,21.04,1.141,21.04,1216,43.4,8.6,+34.8,
75-1,905,,20.07,22.63,1.127,22.63,1325,45.2,12.8,+32.3,
75-1,906,,19.42,22.03,1.135,22.03,1282,43.0,17.7,+24.9,
75-1,915,,23.18,25.67,1.108,25.67,1530,40.5,46.3,-5.5,
75-1,916,,24.32,26.88,1.105,26.88,1605,42.4,47.7,-5.1,
75-1,917,,25.14,27.83,1.107,27.83,1659,42.5,53.6,-10.9,
75-1,918,,20.32,23.51,1.157,23.51,1341,52.3,10.8,+41.0,
75-1,919,20.04,20.13,22.67,1.126,22.56,1329,40.4,25.5,+14.9,
75-1,921,,21.81,24.31,1.115,24.31,1440,40.6,35.1,+5.6,
75-1,922,,22.34,24.99,1.119,24.99,1474,42.5,32.4,+9.9,
75-1,923,,22.83,25.51,1.118,25.51,1507,43.7,35.1,+8.7,
75-1,924,,22.80,25.37,1.113,25.37,1505,42.5,36.1,+6.5,
75-1,925,,22.12,24.59,1.112,24.59,1460,40.4,35.5,+4.9,
75-1,926,,22.58,24.98,1.106,24.98,1490,40.5,37.2,+3.3,
75-1,931,,27.58,30.25,1.097,30.25,1820,45.4,60.5,-15.1,
75-1,932,,27.42,30.04,1.095,30.04,1810,43.4,58.1,-14.8,
75-1,933,,28.03,30.70,1.095,30.70,1850,44.3,58.1,-13.8,
75-1,934,,28.12,30.82,1.096,30.82,1856,44.9,58.1,-13.2,
75-1,935,,29.40,31.99,1.088,31.99,1940,44.6,61.5,-16.8,
75-1,942,27.43,27.64,30.61,1.108,30.39,1824,48.9,45.0,+3.8,
75-1,946,,22.62,25.19,1.114,25.19,1493,40.4,45.9,-5.6,
75-1,GATE,17.12,17.21,15.92,0.926,15.85,1136,4.6,39.0,-34.5,
80,1,19.08,19.08,19.79,1.037,19.79,1259,24.1,36.7,-12.5,
80,2,18.97,18.97,19.97,1.052,19.97,1252,28.3,36.4,-8.0,
80,3,18.61,18.73,20.91,1.116,20.78,1236,38.8,41.0,-2.0,
80,4,18.70,18.70,20.88,1.116,20.88,1234,38.8,41.0,-2.0,
80,5,19.20,19.20,21.38,1.113,21.38,1267,38.8,41.0,-2.0,
80,6,19.61,19.61,21.95,1.119,21.95,1294,41.6,40.9,+0.7,
80,7,20.19,20.19,22.54,1.116,22.54,1333,41.7,41.0,+0.9,
80,8,20.66,20.84,22.45,1.077,22.26,1375,38.0,36.4,+1.7,
80,9,20.96,20.96,23.62,1.127,23.63,1383,46.7,41.1,+5.7,
80,10,21.30,21.38,24.36,1.139,24.26,1411,51.4,40.9,+10.5,
80,10-1,21.91,21.92,25.11,1.145,25.09,1447,54.5,41.0,+13.6,
80,11,21.96,21.96,24.89,1.134,24.89,1449,50.8,41.1,+9.9,
80,12,21.97,22.15,24.39,1.101,24.19,1462,47.6,36.4,+11.2,
80,13,22.20,22.38,24.74,1.105,24.54,1477,49.3,36.4,+13.0,
80,14,20.08,20.11,22.74,1.131,22.71,1327,46.1,41.0,+5.0,
80,15,15.02,15.02,15.59,1.038,15.59,991,19.0,34.6,-15.3,
80,15-1,17.03,16.37,16.85,1.029,17.53,1081,19.0,39.5,-20.4,
80,16,11.53,11.52,11.65,1.011,11.65,761,11.0,29.3,-18.2,
80,16-1,16.10,16.26,16.30,1.003,16.14,1073,16.5,43.6,-27.0,
80,17,14.62,14.81,15.43,1.042,15.23,977,19.5,31.9,-12.3,
80,18,27.29,27.49,30.60,1.113,30.37,1814,61.3,40.3,+21.1,
80,19,28.09,28.12,31.14,1.107,31.10,1856,61.3,42.1,+19.2,
80,20,23.00,23.30,25.83,1.109,25.50,1538,52.0,38.3,+13.7,
80,21,25.59,25.75,28.41,1.103,28.24,1699,52.5,38.4,+14.2,
80,22,23.79,23.79,25.26,1.062,25.26,1570,36.7,38.1,-1.2,
80,24,21.28,21.49,22.05,1.026,21.84,1418,23.4,39.0,-15.5,
80,25,22.46,22.58,23.28,1.031,23.15,1491,25.6,38.8,-13.1,
80,25-1,22.84,22.90,23.59,1.030,23.53,1511,25.6,38.8,-13.1,
80,26,23.00,23.00,23.69,1.030,23.69,1518,25.6,38.8,-13.1,
80,27,24.45,24.21,24.91,1.029,25.15,1598,25.7,38.8,-13.1,
80,28,25.14,25.29,26.41,1.044,26.26,1669,33.5,40.8,-7.2,
80,29,30.65,30.79,35.75,1.161,35.59,2032,88.4,40.2,+48.4,
80,30,26.71,26.74,28.45,1.064,28.42,1765,41.2,38.3,+3.0,
80,31,26.20,26.15,27.60,1.055,27.65,1726,38.4,40.5,-1.9,
80,32,26.68,26.68,28.90,1.083,28.89,1761,46.5,45.2,+1.4,
80,32-1,26.60,26.62,28.83,1.083,28.82,1757,46.5,45.2,+1.4,
80,33,27.43,27.57,29.89,1.084,29.74,1820,48.1,45.2,+3.0,
80,34,27.49,27.49,29.49,1.073,29.49,1815,46.1,38.3,+7.8,
80,35,26.35,26.35,29.27,1.111,29.27,1739,56.8,38.4,+18.4,
80,36,28.73,28.74,31.39,1.093,31.39,1897,56.1,41.8,+14.7,
80,37,27.94,28.03,30.03,1.071,29.94,1850,46.1,38.3,+7.9,
80,38,28.84,28.86,31.79,1.102,31.76,1905,57.3,45.9,+11.5,
80,39,31.28,30.57,33.67,1.101,34.45,2017,63.6,40.7,+23.0,
80,40,31.25,31.25,34.00,1.088,34.00,2063,58.3,38.4,+20.0,
80,43,25.67,25.67,27.81,1.083,27.81,1694,47.2,38.9,+8.4,
80,43-1,26.48,26.49,28.20,1.065,28.19,1748,41.2,38.4,+2.9,
80,43-2,26.12,26.18,28.37,1.083,28.30,1728,48.3,39.3,+9.2,
80,44-1,28.99,29.03,31.70,1.092,31.65,1916,56.6,40.9,+15.8,
80,49,15.83,15.84,17.45,1.101,17.43,1045,30.4,25.0,+5.5,
80,50,13.90,13.87,14.39,1.038,14.42,915,17.4,29.5,-12.0,
80,51,13.56,13.56,14.27,1.052,14.27,895,20.3,29.4,-9.0,
80,52,14.40,14.45,15.29,1.058,15.23,954,22.3,29.4,-7.0,
80,52-1,14.34,14.37,15.20,1.058,15.17,948,22.3,29.4,-7.0,
80,52-2,14.16,14.16,14.80,1.045,14.80,935,19.5,29.4,-9.8,
80,53,15.52,15.59,16.83,1.080,16.76,1029,25.4,25.2,+0.3,
80,54,15.66,15.66,16.71,1.067,16.71,1034,26.9,31.2,-4.2,
80,55,15.52,15.52,16.40,1.057,16.41,1024,24.3,31.2,-6.9,
80,56,24.36,24.37,26.01,1.067,26.00,1608,39.6,38.1,+1.6,
80,57,9.96,13.91,14.25,1.024,10.21,918,15.7,30.9,-15.1,경로 다름
80,57-1,10.15,13.67,14.09,1.031,10.46,902,16.0,29.5,-13.4,경로 다름
80,58,8.76,8.75,8.53,0.974,8.53,578,3.4,26.5,-22.9,
80,59,9.89,10.27,10.31,1.004,9.93,678,4.8,27.0,-22.1,
80,59-1,9.89,10.27,10.31,1.004,9.93,678,4.8,27.0,-22.1,
80,61,20.51,20.69,22.26,1.076,22.06,1366,37.4,36.4,+1.0,
80,62,21.06,21.30,22.31,1.047,22.06,1406,29.6,37.8,-8.1,
80,64,13.65,13.65,13.54,0.992,13.54,901,6.4,44.7,-38.2,
80,66,32.02,32.11,37.10,1.155,37.00,2119,87.9,28.1,+60.0,
80,71,6.18,6.20,6.05,0.976,6.03,409,1.1,19.8,-18.5,
80,71-1,6.97,6.20,6.05,0.976,6.81,409,1.1,19.8,-18.5,
80,73,17.25,18.74,19.18,1.023,17.65,1237,23.0,43.6,-20.5,
80,74,16.00,16.00,17.12,1.070,17.12,1056,27.3,31.9,-4.5,
80,75,26.63,26.66,28.77,1.079,28.73,1760,44.8,45.2,-0.3,
80,75-1,26.47,26.57,28.38,1.068,28.28,1753,41.5,48.6,-6.9,
80,81,3.17,2.95,3.10,1.051,3.33,194,3.5,4.8,-1.3,
80,82,16.80,16.88,19.54,1.158,19.45,1114,47.4,23.8,+23.8,
80,83,13.14,13.14,13.66,1.040,13.67,867,17.3,29.4,-12.0,
80,84,15.20,15.20,15.91,1.047,15.91,1003,21.0,31.9,-10.8,
80,85,1.74,1.52,1.50,0.985,1.71,100,0.4,0.9,-0.5,
80,85-1,0.96,1.27,1.22,0.966,0.93,84,0.0,0.9,-0.8,
80,86,2.16,3.04,3.40,1.119,2.41,200,6.4,8.8,-2.2,
80,101,15.18,15.18,15.31,1.008,15.31,1002,16.5,38.3,-21.7,
80,103,16.68,16.68,16.83,1.009,16.83,1101,16.5,43.6,-27.0,
80,105-2,34.59,34.66,39.22,1.132,39.14,2287,86.0,41.2,+45.2,
80,129,24.51,24.58,26.23,1.067,26.14,1622,37.0,45.2,-8.1,
80,132,32.52,32.67,37.37,1.144,37.20,2156,86.0,34.5,+51.7,
80,135,31.01,30.71,33.82,1.101,34.16,2027,63.8,40.7,+23.3,
80,140,13.50,13.57,15.51,1.143,15.43,896,34.7,21.8,+13.0,
80,140-1,13.50,13.57,15.51,1.143,15.43,896,34.7,21.8,+13.0,
80,140-2,13.69,13.57,15.51,1.143,15.65,896,34.7,21.8,+13.0,
80,142,29.96,30.07,34.84,1.159,34.71,1985,85.4,40.2,+45.4,
80,143,24.47,24.40,27.33,1.120,27.41,1610,57.7,39.8,+18.1,
80,152-1,7.28,7.22,6.80,0.942,6.86,477,0.2,26.9,-26.6,
80,153,7.63,7.71,7.34,0.952,7.27,509,0.8,26.0,-25.1,
80,200,23.35,23.35,24.76,1.061,24.76,1541,33.1,45.2,-12.0,
80,201,25.82,25.82,27.69,1.072,27.69,1704,41.4,46.0,-4.4,
80,203,23.32,23.10,24.50,1.061,24.74,1525,32.9,45.2,-12.2,
80,207,13.53,14.07,14.71,1.046,14.14,929,19.5,29.4,-9.8,
80,220,12.72,12.85,13.84,1.077,13.70,848,20.3,22.3,-1.9,
80,221,12.75,12.32,13.24,1.075,13.70,813,19.0,25.1,-6.0,
80,222,13.00,13.00,13.45,1.035,13.45,858,16.4,29.4,-13.1,
80,223,11.67,11.70,13.14,1.122,13.10,772,26.6,21.8,+4.8,
80,300,37.44,37.63,44.20,1.174,43.97,2484,115.3,40.7,+74.8,
80,301,38.51,38.46,45.34,1.179,45.39,2539,120.0,40.7,+79.5,
80,302,41.07,41.27,49.58,1.201,49.33,2724,141.7,40.7,+101.0,
80,500,21.69,21.74,22.84,1.050,22.78,1435,27.5,45.2,-17.6,
80,900,,23.34,26.27,1.125,26.27,1541,56.6,33.7,+23.0,
80,901,,23.15,26.11,1.128,26.11,1528,55.4,37.0,+18.7,
80,902,,22.58,25.46,1.127,25.46,1490,55.4,32.7,+22.8,
80,903,,23.02,26.09,1.133,26.09,1520,57.7,30.7,+27.1,
80,904,,22.70,25.80,1.137,25.80,1498,57.8,30.1,+27.8,
80,905,,24.34,27.39,1.125,27.39,1607,59.6,34.2,+25.4,
80,906,,23.69,26.80,1.131,26.80,1564,57.4,39.2,+18.0,
80,915,,27.45,30.44,1.109,30.44,1812,54.9,67.8,-12.4,
80,916,,28.59,31.64,1.107,31.64,1887,56.8,69.1,-12.0,
80,917,,29.41,32.59,1.108,32.59,1941,56.9,75.1,-17.9,
80,918,,24.59,28.27,1.150,28.27,1623,66.7,32.3,+34.0,
80,919,24.40,24.40,27.43,1.124,27.43,1611,54.8,47.0,+8.0,
80,921,,26.08,29.07,1.115,29.07,1721,55.0,56.5,-1.4,
80,922,,26.61,29.75,1.118,29.75,1756,56.9,53.9,+3.0,
80,923,,27.10,30.27,1.117,30.27,1788,58.2,56.6,+1.8,
80,924,,27.07,30.14,1.113,30.14,1787,56.9,57.5,-0.5,
80,925,,26.39,29.36,1.112,29.36,1742,54.8,57.0,-2.0,
80,926,,26.85,29.74,1.108,29.74,1772,54.9,58.7,-3.6,
80,931,,27.41,35.17,1.283,35.17,1809,75.0,97.1,-22.0,
80,932,,27.77,35.62,1.283,35.62,1833,77.5,99.2,-21.8,
80,933,,28.38,36.28,1.278,36.28,1873,78.4,99.3,-20.7,
80,934,,28.47,36.40,1.279,36.40,1879,79.0,99.3,-20.1,
80,935,,26.60,34.30,1.289,34.30,1756,73.5,97.1,-23.7,
80,942,29.53,29.70,41.43,1.395,41.19,1960,111.7,107.2,+4.6,
80,946,,26.89,29.95,1.114,29.95,1774,54.8,67.4,-12.5,
80,GATE,9.12,9.12,8.89,0.974,8.89,602,2.1,40.9,-38.6,
81,1,13.54,13.54,13.81,1.020,13.81,894,12.3,18.1,-5.8,
81,2,13.44,13.43,13.98,1.041,13.98,887,16.5,17.8,-1.4,
81,3,12.41,12.53,14.03,1.120,13.90,827,23.4,18.8,+4.6,
81,4,12.50,12.50,14.00,1.120,14.00,825,23.4,18.8,+4.6,
81,5,13.00,13.00,14.50,1.116,14.50,858,23.4,18.7,+4.6,
81,6,12.80,12.90,15.49,1.200,15.37,852,36.4,24.7,+11.7,
81,7,13.62,13.25,15.84,1.195,16.28,874,36.4,24.7,+11.7,
81,8,14.44,14.35,17.08,1.190,17.18,947,37.5,30.0,+7.5,
81,9,13.72,13.71,16.39,1.195,16.39,905,38.2,23.7,+14.6,
81,10,14.14,14.14,16.98,1.201,16.98,933,40.9,23.7,+17.1,
81,10-1,14.28,14.28,16.65,1.167,16.66,942,40.1,17.5,+22.7,
81,11,14.71,14.71,17.50,1.190,17.50,971,40.3,23.8,+16.5,
81,12,15.45,15.49,18.37,1.186,18.33,1022,42.6,24.7,+17.9,
81,13,15.82,16.00,19.00,1.187,18.78,1056,44.3,24.7,+19.6,
81,14,12.17,12.34,14.86,1.204,14.65,814,36.4,19.0,+17.4,
81,15,10.47,10.53,10.87,1.033,10.81,695,10.3,19.1,-8.6,
81,15-1,12.62,11.88,12.14,1.022,12.89,784,10.3,24.1,-13.8,
81,16,8.58,8.57,8.77,1.023,8.78,566,6.8,18.3,-11.6,
81,16-1,11.67,12.96,13.08,1.009,11.78,855,10.3,27.8,-17.5,
81,17,10.37,10.37,10.70,1.032,10.70,685,10.3,15.7,-5.4,
81,18,21.75,21.95,24.61,1.121,24.39,1449,49.4,21.7,+27.7,
81,19,22.55,22.58,25.16,1.114,25.12,1491,49.4,23.6,+25.9,
81,20,17.47,17.76,19.85,1.117,19.51,1172,40.1,19.8,+20.4,
81,21,20.06,20.21,22.42,1.110,22.25,1334,40.7,19.8,+20.8,
81,22,18.25,18.25,19.27,1.056,19.28,1205,24.9,19.5,+5.4,
81,24,15.80,15.95,16.06,1.007,15.91,1053,11.6,20.4,-8.8,
81,25,16.92,17.04,17.29,1.014,17.17,1125,13.8,20.2,-6.5,
81,25-1,17.36,17.36,17.61,1.014,17.61,1146,13.8,20.2,-6.5,
81,26,17.46,17.46,17.70,1.014,17.71,1152,13.8,20.2,-6.5,
81,27,18.98,18.67,18.92,1.013,19.23,1233,13.8,20.3,-6.4,
81,28,19.60,19.75,20.42,1.034,20.28,1303,21.6,22.2,-0.6,
81,29,24.69,25.26,29.76,1.179,29.09,1667,76.6,21.6,+55.0,
81,30,21.17,21.20,22.47,1.060,22.43,1399,29.4,19.7,+9.6,
81,31,20.67,20.61,21.61,1.049,21.67,1361,26.6,21.9,+4.7,
81,32,22.95,22.95,24.06,1.048,24.06,1515,28.3,20.3,+8.1,
81,32-1,22.88,22.89,24.00,1.048,23.99,1511,28.3,20.3,+8.1,
81,33,22.48,22.49,24.05,1.069,24.03,1484,34.3,19.7,+14.5,
81,34,21.95,21.95,23.51,1.071,23.51,1449,34.2,19.7,+14.5,
81,35,20.81,20.81,23.28,1.119,23.28,1373,44.9,19.8,+25.0,
81,36,23.19,23.20,25.41,1.095,25.40,1531,44.3,23.2,+21.3,
81,37,22.40,22.49,24.05,1.069,23.95,1485,34.3,19.7,+14.5,
81,38,23.91,23.91,25.76,1.077,25.76,1578,39.0,19.9,+19.2,
81,39,25.74,25.03,27.68,1.106,28.47,1652,51.8,22.1,+29.6,
81,40,25.71,25.71,28.01,1.089,28.01,1697,46.5,19.9,+26.6,
81,43,20.13,20.13,21.82,1.084,21.83,1329,35.3,20.3,+15.0,
81,43-1,20.94,20.95,22.21,1.060,22.21,1383,29.4,19.8,+9.6,
81,43-2,20.58,20.64,22.38,1.084,22.31,1362,36.5,20.7,+15.8,
81,44-1,23.45,23.50,25.72,1.094,25.67,1551,44.8,22.3,+22.5,
81,49,7.85,7.86,8.76,1.114,8.75,519,15.5,3.3,+12.1,
81,50,9.08,9.08,9.49,1.045,9.49,599,10.3,10.1,+0.2,
81,51,8.26,8.26,8.56,1.036,8.56,545,7.7,8.1,-0.4,
81,52,6.71,6.71,7.10,1.058,7.10,443,7.7,3.1,+4.6,
81,52-1,6.71,6.71,7.10,1.058,7.10,443,7.7,3.1,+4.6,
81,52-2,7.73,7.86,8.16,1.038,8.03,519,7.7,8.1,-0.4,
81,53,7.54,7.61,8.15,1.071,8.08,502,10.5,3.5,+7.0,
81,54,8.82,8.82,9.25,1.048,9.25,582,10.6,8.1,+2.5,
81,55,9.43,9.36,9.80,1.047,9.87,618,10.9,8.0,+2.8,
81,56,18.82,18.83,20.02,1.064,20.01,1243,27.8,19.5,+8.2,
81,57,5.45,7.50,8.15,1.088,5.93,495,7.3,15.7,-8.4,경로 다름
81,57-1,5.63,5.70,6.11,1.071,6.03,376,6.0,6.3,-0.4,
81,58,4.75,4.76,4.71,0.988,4.70,314,0.3,15.7,-15.4,
81,59,5.37,5.76,5.70,0.990,5.32,380,0.3,15.8,-15.4,
81,59-1,5.37,5.76,5.70,0.990,5.32,380,0.3,15.8,-15.4,
81,61,14.71,14.90,16.60,1.114,16.39,983,27.0,19.3,+7.7,
81,62,15.53,15.76,16.32,1.035,16.07,1040,17.8,19.2,-1.4,
81,64,11.90,11.90,11.47,0.964,11.47,785,1.5,33.1,-31.5,
81,66,24.04,24.13,28.41,1.178,28.31,1593,73.0,6.4,+66.6,
81,71,5.27,5.06,5.00,0.990,5.21,334,0.5,14.3,-13.8,
81,71-1,4.81,5.06,5.00,0.990,4.77,334,0.5,14.3,-13.8,
81,73,12.75,13.74,13.95,1.015,12.94,907,11.5,22.0,-10.5,
81,74,10.36,10.36,11.04,1.066,11.04,684,15.1,9.1,+6.0,
81,75,22.90,22.94,23.93,1.043,23.89,1514,26.6,20.3,+6.3,
81,75-1,22.74,22.84,23.54,1.031,23.44,1507,23.3,23.6,-0.3,
81,80,3.17,2.95,3.15,1.069,3.38,194,4.8,3.5,+1.3,
81,82,8.82,8.90,10.85,1.219,10.76,587,32.5,2.1,+30.4,
81,83,9.47,9.46,9.68,1.023,9.69,624,7.7,12.9,-5.2,
81,84,10.03,10.03,10.37,1.034,10.37,662,10.3,14.5,-4.2,
81,85,1.19,1.47,1.73,1.176,1.39,97,4.1,0.0,+4.1,
81,85-1,1.85,1.85,2.11,1.139,2.11,122,4.2,0.1,+4.1,
81,86,5.55,5.86,6.43,1.098,6.09,387,11.2,11.4,-0.2,
81,101,12.23,12.23,12.43,1.016,12.43,807,12.3,27.4,-15.1,
81,103,13.47,13.54,13.65,1.009,13.59,893,10.3,30.2,-19.9,
81,105-2,26.61,26.68,30.54,1.145,30.46,1761,71.1,19.5,+51.8,
81,129,20.78,20.85,21.39,1.026,21.31,1376,18.8,20.3,-1.5,
81,132,24.55,24.69,28.68,1.161,28.51,1630,71.1,12.8,+58.3,
81,135,25.47,25.17,27.83,1.106,28.17,1661,52.0,22.1,+29.9,
81,140,5.52,5.60,6.83,1.220,6.74,369,19.8,0.2,+19.6,
81,140-1,5.52,5.60,6.83,1.220,6.74,369,19.8,0.2,+19.6,
81,140-2,5.71,5.60,6.83,1.220,6.97,369,19.8,0.2,+19.6,
81,142,24.42,24.53,28.86,1.176,28.72,1619,73.6,21.6,+52.0,
81,143,18.93,18.86,21.35,1.132,21.42,1245,45.9,21.2,+24.7,
81,152-1,7.06,6.82,6.71,0.985,6.95,450,1.5,19.9,-18.4,
81,153,6.13,6.16,6.04,0.981,6.01,406,0.6,17.2,-16.7,
81,200,19.50,19.62,19.92,1.016,19.81,1295,14.9,20.3,-5.4,
81,201,22.09,22.09,22.85,1.034,22.85,1458,23.2,21.0,+2.2,
81,203,19.59,19.59,19.90,1.016,19.90,1293,14.9,20.3,-5.4,
81,207,7.71,7.71,8.01,1.039,8.02,509,7.7,6.4,+1.3,
81,220,4.75,4.88,5.16,1.058,5.02,322,5.3,0.6,+4.8,
81,221,4.77,4.34,4.55,1.049,5.01,286,4.1,3.4,+0.7,
81,222,6.27,6.27,6.80,1.084,6.80,414,8.0,6.3,+1.6,
81,223,3.63,3.73,4.45,1.194,4.33,246,11.7,0.2,+11.5,
81,300,31.35,31.53,37.19,1.179,36.98,2081,99.0,16.8,+82.1,
81,301,32.42,32.36,38.27,1.183,38.34,2136,102.9,16.8,+86.1,
81,302,34.97,35.17,42.51,1.209,42.27,2321,124.6,16.8,+107.7,
81,500,19.95,20.00,20.77,1.038,20.71,1320,22.7,33.6,-10.9,
81,900,,15.37,17.58,1.144,17.58,1014,41.7,12.0,+29.6,
81,901,,15.18,17.43,1.148,17.43,1002,40.5,15.3,+25.3,
81,902,,14.61,16.77,1.148,16.77,964,40.5,11.1,+29.4,
81,903,,15.05,17.40,1.156,17.40,993,42.8,9.0,+33.7,
81,904,,14.72,17.11,1.162,17.11,972,42.9,8.4,+34.5,
81,905,,16.37,18.71,1.143,18.71,1080,44.6,12.6,+32.0,
81,906,,15.71,18.11,1.153,18.11,1037,42.5,17.5,+24.6,
81,915,,19.47,21.75,1.117,21.75,1285,39.9,46.1,-5.8,
81,916,,20.62,22.96,1.114,22.96,1361,41.8,47.5,-5.4,
81,917,,21.43,23.91,1.115,23.91,1415,42.0,53.4,-11.2,
81,918,,16.61,19.59,1.179,19.59,1096,51.8,10.6,+40.7,
81,919,16.43,16.43,18.74,1.141,18.75,1084,39.9,25.3,+14.6,
81,921,,18.10,20.39,1.126,20.39,1195,40.1,34.9,+5.2,
81,922,,18.63,21.07,1.131,21.07,1230,42.0,32.2,+9.6,
81,923,,19.12,21.59,1.129,21.59,1262,43.2,34.9,+8.4,
81,924,,19.09,21.45,1.123,21.45,1260,42.0,35.8,+6.2,
81,925,,18.41,20.67,1.123,20.67,1215,39.9,35.3,+4.6,
81,926,,18.87,21.06,1.116,21.06,1245,40.0,37.0,+3.0,
81,931,,23.87,26.32,1.103,26.32,1576,44.9,60.2,-15.4,
81,932,,23.72,26.12,1.101,26.12,1565,42.9,57.9,-15.1,
81,933,,24.32,26.78,1.101,26.78,1605,43.8,57.9,-14.1,
81,934,,24.41,26.90,1.102,26.90,1611,44.3,57.9,-13.5,
81,935,,25.69,28.07,1.093,28.07,1696,44.1,61.3,-17.1,
81,942,23.82,23.93,26.69,1.115,26.57,1579,48.4,44.8,+3.5,
81,946,,18.91,21.26,1.124,21.26,1248,39.9,45.7,-5.9,
81,GATE,9.40,9.40,8.99,0.957,8.99,620,0.5,30.1,-29.6,
82,1,4.78,4.86,6.21,1.279,6.12,320,8.9,28.9,-20.0,
82,2,4.06,4.06,5.22,1.287,5.22,268,6.8,25.4,-18.6,
82,3,2.92,3.04,4.26,1.402,4.09,200,6.8,20.6,-13.8,
82,4,3.01,3.01,4.23,1.406,4.23,199,6.8,20.6,-13.8,
82,5,3.51,3.51,4.73,1.348,4.73,232,6.8,20.6,-13.8,
82,6,3.81,3.91,5.30,1.354,5.15,258,9.6,20.6,-11.1,
82,7,4.50,4.28,4.84,1.131,5.08,282,2.3,22.7,-20.4,
82,8,5.31,5.23,6.62,1.266,6.73,345,10.1,21.0,-10.9,
82,9,4.72,4.74,5.39,1.137,5.37,313,4.2,21.7,-17.5,
82,10,5.14,5.17,5.98,1.157,5.95,341,6.8,21.7,-15.0,
82,10-1,5.28,5.30,5.66,1.067,5.63,350,6.1,15.5,-9.4,
82,11,5.72,5.74,6.51,1.134,6.48,379,6.2,21.8,-15.6,
82,12,6.46,6.52,7.37,1.132,7.31,430,8.6,22.7,-14.2,
82,13,6.82,7.03,8.00,1.138,7.76,464,10.2,22.7,-12.5,
82,14,3.17,3.37,3.86,1.147,3.64,222,2.3,17.0,-14.7,
82,15,3.35,3.41,4.03,1.182,3.96,225,0.0,27.3,-27.0,
82,15-1,5.50,4.76,5.29,1.111,6.11,314,0.0,32.2,-32.2,
82,16,4.70,4.76,5.33,1.120,5.26,314,0.0,33.7,-33.7,
82,16-1,4.55,5.84,6.24,1.068,4.86,386,0.0,35.9,-35.9,
82,17,3.25,3.25,3.86,1.185,3.85,215,0.0,23.8,-23.8,
82,18,12.30,12.51,15.44,1.235,15.19,825,33.4,24.1,+9.3,
82,19,13.10,13.14,15.99,1.217,15.94,867,33.4,25.9,+7.5,
82,20,8.02,8.32,10.68,1.284,10.29,549,24.0,22.1,+2.0,
82,21,10.81,10.97,13.36,1.219,13.18,724,25.9,23.5,+2.4,
82,22,9.41,9.41,10.67,1.135,10.67,621,9.0,22.0,-13.0,
82,24,7.38,7.54,8.11,1.076,7.95,497,2.1,29.4,-27.2,
82,25,8.51,8.63,9.34,1.082,9.21,570,4.3,29.2,-24.9,
82,25-1,8.95,8.95,9.66,1.079,9.66,591,4.3,29.2,-24.9,
82,26,9.05,9.05,9.76,1.078,9.76,597,4.3,29.2,-24.9,
82,27,10.56,10.26,10.97,1.069,11.30,677,4.3,29.2,-24.8,
82,28,11.19,11.33,12.48,1.101,12.32,748,12.1,31.2,-19.0,
82,29,15.67,15.81,20.60,1.303,20.41,1043,60.5,23.9,+36.6,
82,30,12.32,12.35,13.87,1.122,13.83,815,13.4,22.2,-8.8,
82,31,11.82,11.77,13.02,1.106,13.07,777,10.7,24.4,-13.7,
82,32,14.54,14.54,16.11,1.108,16.11,959,18.8,29.2,-10.3,
82,32-1,14.24,14.48,16.05,1.109,15.79,955,18.8,29.2,-10.3,
82,33,13.63,13.65,15.45,1.132,15.43,901,18.3,22.2,-3.9,
82,34,13.11,13.11,14.91,1.137,14.91,865,18.3,22.2,-3.9,
82,35,11.43,11.43,14.29,1.250,14.29,755,31.9,23.9,+8.0,
82,36,14.03,14.04,16.48,1.174,16.47,927,28.9,26.2,+3.0,
82,37,13.56,13.65,15.45,1.132,15.34,901,18.3,22.2,-3.9,
82,38,15.07,15.07,17.16,1.139,17.16,994,23.1,22.4,+0.8,
82,39,16.58,15.87,18.76,1.182,19.60,1047,36.4,25.1,+11.2,
82,40,16.65,16.87,19.41,1.151,19.16,1113,30.6,22.4,+8.2,
82,43,10.98,10.97,12.90,1.175,12.90,724,19.9,23.3,-3.3,
82,43-1,11.90,11.90,13.94,1.171,13.93,785,21.9,23.4,-1.5,
82,43-2,11.48,11.48,13.45,1.172,13.45,758,21.1,23.8,-2.6,
82,44-1,14.29,14.34,16.79,1.171,16.74,946,29.4,25.3,+4.1,
82,49,1.34,3.02,3.79,1.255,1.68,199,3.8,13.2,-9.4,경로 다름
82,50,2.75,2.75,3.43,1.249,3.43,181,0.3,20.5,-20.1,
82,51,4.03,4.05,4.54,1.121,4.52,267,0.4,21.6,-21.0,
82,52,3.12,3.96,4.41,1.116,3.48,261,0.4,18.0,-17.5,
82,52-1,3.51,4.56,5.34,1.171,4.10,301,6.3,20.0,-13.5,경로 다름
82,52-2,4.51,5.16,5.75,1.113,5.03,341,2.0,20.8,-18.8,
82,53,1.59,2.64,3.39,1.283,2.04,174,3.5,13.3,-9.8,경로 다름
82,54,1.53,1.61,2.26,1.403,2.14,106,1.5,12.9,-11.4,
82,55,1.79,1.79,2.44,1.361,2.43,118,1.4,12.9,-11.4,
82,56,9.88,9.91,11.85,1.195,11.80,654,19.2,22.3,-3.1,
82,57,6.56,7.63,8.59,1.126,7.38,504,7.3,34.2,-26.8,
82,57-1,5.57,6.63,7.43,1.121,6.25,438,7.5,24.5,-17.0,
82,58,7.31,7.69,8.36,1.087,7.94,508,2.7,35.5,-32.8,
82,59,5.73,6.79,7.83,1.153,6.60,448,7.3,32.7,-25.1,
82,59-1,6.65,7.71,8.77,1.137,7.57,509,7.3,39.1,-31.5,
82,61,5.22,5.41,6.83,1.263,6.59,357,10.5,21.2,-10.7,
82,62,6.43,6.52,7.88,1.209,7.77,430,9.4,29.3,-19.8,
82,64,9.66,9.66,9.92,1.027,9.92,637,0.0,48.7,-48.7,
82,66,15.05,15.16,17.42,1.149,17.29,1000,38.9,4.4,+34.5,
82,71,10.88,10.75,10.45,0.972,10.58,709,2.1,46.4,-44.2,
82,71-1,10.43,10.75,10.45,0.972,10.14,709,2.1,46.4,-44.2,
82,73,5.33,5.33,6.02,1.130,6.02,352,2.0,30.9,-28.9,
82,74,1.08,1.08,1.44,1.334,1.44,71,0.0,10.1,-10.0,
82,75,14.48,14.52,15.99,1.101,15.94,959,17.1,29.2,-12.1,
82,75-1,14.33,14.42,15.59,1.081,15.49,952,13.8,32.6,-18.7,
82,80,16.80,16.88,17.87,1.059,17.79,1114,23.8,47.4,-23.8,
82,81,8.82,8.90,8.64,0.971,8.56,587,2.1,32.5,-30.4,
82,83,4.37,4.37,5.12,1.172,5.12,288,2.4,26.2,-23.8,
82,84,2.47,2.47,3.12,1.263,3.12,163,0.0,19.8,-19.8,
82,85,9.95,10.05,9.91,0.986,9.81,663,4.3,32.5,-28.2,
82,85-1,17.41,17.80,18.74,1.053,18.34,1175,23.3,47.9,-24.6,
82,86,16.11,16.50,17.41,1.055,17.00,1089,21.5,47.5,-26.0,
82,101,7.38,7.38,7.77,1.053,7.77,487,0.0,38.8,-38.8,
82,103,6.35,6.42,6.81,1.061,6.74,424,0.0,38.3,-38.3,
82,105-2,17.62,17.71,19.54,1.104,19.44,1169,37.0,17.6,+19.7,
82,129,12.36,12.44,13.44,1.080,13.36,821,9.3,29.2,-19.9,
82,132,15.55,15.72,17.69,1.125,17.49,1038,37.0,10.8,+26.2,
82,135,16.32,16.01,18.91,1.181,19.27,1057,36.6,25.1,+11.5,
82,140,3.31,3.46,3.41,0.984,3.26,229,2.0,8.3,-6.4,
82,140-1,3.31,3.46,3.41,0.984,3.26,229,2.0,8.3,-6.4,
82,140-2,3.31,3.46,3.41,0.984,3.26,229,2.0,8.3,-6.4,
82,142,14.97,15.09,19.69,1.305,19.54,996,57.5,23.9,+33.6,
82,143,9.48,9.41,12.18,1.294,12.27,621,29.8,23.5,+6.3,
82,152-1,10.84,10.61,11.23,1.059,11.48,700,4.9,41.7,-36.8,
82,153,10.24,10.27,10.89,1.060,10.86,678,4.7,39.7,-35.0,
82,200,11.09,11.20,11.97,1.069,11.85,739,5.4,29.2,-23.8,
82,201,13.68,13.68,14.91,1.090,14.90,903,13.7,29.9,-16.2,
82,203,11.18,11.18,11.95,1.069,11.95,738,5.4,29.2,-23.8,
82,207,4.50,5.54,6.12,1.105,4.97,366,2.0,20.8,-18.8,
82,220,3.59,4.72,5.50,1.166,4.19,311,6.3,20.9,-14.5,경로 다름
82,221,4.55,6.93,7.87,1.135,5.16,458,9.0,22.7,-13.7,경로 다름
82,222,4.34,5.40,6.26,1.160,5.04,356,7.6,22.8,-15.1,
82,223,6.31,6.69,6.87,1.026,6.47,442,6.8,25.6,-18.9,
82,300,22.36,22.56,26.19,1.161,25.96,1489,64.9,14.8,+50.0,
82,301,23.43,23.39,27.28,1.166,27.31,1544,68.9,14.8,+54.0,
82,302,25.97,26.20,31.51,1.203,31.24,1729,90.5,14.8,+75.6,
82,500,11.84,11.89,12.81,1.077,12.75,785,12.1,41.5,-29.3,
82,900,,6.40,6.59,1.030,6.59,422,7.6,10.0,-2.5,
82,901,,6.20,6.43,1.036,6.43,409,6.4,13.3,-6.8,
82,902,,5.63,5.78,1.025,5.78,372,6.4,9.1,-2.7,
82,903,,6.08,6.41,1.054,6.41,401,8.7,7.0,+1.6,
82,904,,5.75,6.12,1.064,6.12,380,8.8,6.4,+2.4,
82,905,,7.40,7.71,1.043,7.71,488,10.6,10.6,-0.1,
82,906,,6.74,7.12,1.055,7.12,445,8.5,15.5,-7.5,
82,915,,10.50,10.76,1.024,10.76,693,5.9,44.1,-37.9,
82,916,,11.64,11.96,1.027,11.96,769,7.8,45.5,-37.5,
82,917,,12.46,12.91,1.036,12.91,823,7.9,51.4,-43.3,
82,918,,7.64,8.59,1.124,8.59,504,17.7,8.6,+8.6,
82,919,7.43,7.45,7.75,1.039,7.72,492,5.8,23.3,-17.5,
82,921,,9.13,9.39,1.028,9.39,603,6.0,32.9,-26.8,
82,922,,9.66,10.07,1.043,10.07,638,7.9,30.2,-22.5,
82,923,,10.15,10.59,1.044,10.59,670,9.2,32.9,-23.7,
82,924,,10.12,10.45,1.033,10.45,668,8.0,33.9,-25.9,
82,925,,9.44,9.67,1.024,9.67,623,5.8,33.3,-27.5,
82,926,,9.90,10.06,1.016,10.06,653,5.9,35.0,-29.1,
82,931,,14.90,15.33,1.029,15.33,984,10.8,58.3,-47.5,
82,932,,14.74,15.12,1.026,15.12,973,8.8,55.9,-47.2,
82,933,,15.35,15.78,1.028,15.78,1013,9.7,55.9,-46.2,
82,934,,15.44,15.90,1.030,15.90,1019,10.3,55.9,-45.6,
82,935,,16.72,17.07,1.021,17.07,1104,10.0,59.3,-49.2,
82,942,14.82,14.96,15.69,1.049,15.55,987,14.3,42.8,-28.5,
82,946,,9.94,10.27,1.033,10.27,656,5.8,43.8,-38.0,
82,GATE,11.60,11.60,12.05,1.039,12.04,765,2.9,50.9,-48.0,
83,1,6.01,6.00,6.19,1.032,6.20,396,6.8,7.2,-0.5,
83,2,5.90,5.90,6.36,1.080,6.37,389,11.0,7.0,+4.0,
83,3,5.54,5.65,7.30,1.292,7.16,373,21.5,11.5,+10.0,
83,4,5.63,5.63,7.28,1.293,7.28,371,21.5,11.5,+10.0,
83,5,6.13,6.13,7.78,1.270,7.78,404,21.5,11.5,+10.0,
83,6,6.53,6.53,8.35,1.278,8.35,431,24.2,11.5,+12.7,
83,7,7.12,7.11,8.94,1.256,8.94,469,24.4,11.5,+12.9,
83,8,7.59,7.76,8.85,1.140,8.65,512,20.7,7.0,+13.7,
83,9,7.89,7.88,10.02,1.272,10.03,520,29.3,11.6,+17.7,
83,10,8.22,8.31,10.76,1.295,10.65,548,34.1,11.5,+22.5,
83,10-1,8.84,8.85,11.50,1.301,11.49,584,37.1,11.5,+25.6,
83,11,8.89,8.88,11.29,1.271,11.30,586,33.5,11.6,+21.9,
83,12,8.90,9.07,10.79,1.189,10.58,599,30.3,7.0,+23.2,
83,13,9.12,9.31,11.14,1.197,10.92,614,32.0,7.0,+25.0,
83,14,7.01,7.03,9.14,1.300,9.11,464,28.7,11.5,+17.0,
83,15,1.95,1.85,2.16,1.166,2.27,122,5.0,0.0,+4.9,
83,15-1,4.04,2.00,2.09,1.049,4.23,132,2.3,0.8,+1.5,경로 다름
83,16,1.70,1.12,1.12,1.000,1.70,74,0.0,0.0,-0.0,
83,16-1,3.09,1.49,1.56,1.047,3.23,98,1.3,0.1,+1.3,경로 다름
83,17,1.55,1.54,1.71,1.106,1.72,102,2.8,0.0,+2.7,
83,18,14.22,14.42,17.00,1.179,16.76,951,43.9,10.8,+33.1,
83,19,15.02,15.05,17.54,1.166,17.51,993,43.9,12.7,+31.2,
83,20,9.93,10.23,12.23,1.196,11.88,675,34.6,8.9,+25.7,
83,21,12.52,12.67,14.81,1.169,14.64,836,35.1,9.0,+26.2,
83,22,10.72,10.71,11.66,1.088,11.67,707,19.4,8.6,+10.8,
83,24,8.26,8.41,8.45,1.004,8.30,555,6.1,9.6,-3.5,
83,25,9.39,9.51,9.68,1.018,9.56,627,8.2,9.4,-1.1,
83,25-1,9.83,9.82,9.99,1.017,10.00,648,8.2,9.4,-1.1,
83,26,9.93,9.92,10.09,1.017,10.10,655,8.2,9.4,-1.1,
83,27,11.44,11.14,11.31,1.015,11.62,735,8.3,9.4,-1.1,
83,28,12.07,12.21,12.81,1.049,12.66,806,16.1,11.3,+4.8,
83,29,17.58,17.72,22.15,1.250,21.98,1169,71.1,10.7,+60.4,
83,30,13.63,13.66,14.85,1.087,14.82,902,23.8,8.8,+15.0,
83,31,13.13,13.08,14.00,1.071,14.06,863,21.1,11.0,+10.1,
83,32,15.41,15.33,17.25,1.125,17.34,1012,36.1,11.0,+25.1,
83,32-1,15.34,15.27,17.19,1.126,17.27,1008,36.2,11.0,+25.1,
83,33,14.94,14.95,16.43,1.099,16.42,987,28.7,8.8,+19.9,
83,34,14.42,14.42,15.89,1.102,15.90,951,28.7,8.8,+19.8,
83,35,13.28,13.27,15.67,1.181,15.67,876,39.4,9.0,+30.4,
83,36,15.66,15.66,17.79,1.136,17.79,1033,38.8,12.3,+26.7,
83,37,14.87,14.96,16.43,1.099,16.34,987,28.7,8.8,+19.9,
83,38,16.38,16.37,18.15,1.108,18.15,1081,33.5,9.0,+24.5,
83,39,18.21,17.49,20.07,1.147,20.89,1154,46.3,11.2,+35.0,
83,40,18.18,18.17,20.40,1.122,20.40,1199,41.0,9.0,+32.0,
83,43,12.60,12.60,14.21,1.128,14.22,831,29.8,9.4,+20.4,
83,43-1,13.41,13.41,14.60,1.089,14.60,885,23.8,8.9,+14.9,
83,43-2,13.05,13.10,14.76,1.127,14.70,865,31.0,9.8,+21.2,
83,44-1,15.92,15.96,18.10,1.134,18.06,1053,39.3,11.4,+27.8,
83,49,3.92,3.93,5.04,1.283,5.03,259,17.4,0.0,+17.3,
83,50,0.90,0.87,0.87,1.000,0.90,57,0.0,0.0,-0.0,
83,51,0.84,0.85,0.92,1.085,0.92,56,1.3,0.0,+1.2,
83,52,1.75,1.80,2.10,1.166,2.04,119,4.9,0.0,+4.8,
83,52-1,1.69,1.71,2.01,1.174,1.99,113,4.9,0.0,+4.8,
83,52-2,1.86,1.86,2.15,1.156,2.15,122,4.7,0.0,+4.7,
83,53,3.38,3.38,4.03,1.191,4.03,223,11.2,1.4,+9.7,
83,54,2.91,2.91,3.42,1.176,3.43,192,9.1,1.2,+7.8,
83,55,2.73,2.59,2.89,1.115,3.04,171,5.5,2.4,+3.1,
83,56,11.28,11.29,12.41,1.099,12.40,745,22.3,8.6,+13.6,
83,57,4.93,4.94,5.56,1.125,5.55,326,8.2,11.4,-3.2,
83,57-1,3.94,3.94,4.39,1.116,4.40,260,8.4,1.7,+6.6,
83,58,3.39,3.39,3.31,0.976,3.31,223,0.2,9.2,-9.0,
83,59,4.10,4.10,4.79,1.169,4.79,270,8.2,9.9,-1.6,
83,59-1,5.02,4.34,4.33,0.999,5.02,286,1.5,8.9,-7.4,
83,61,7.43,7.61,8.66,1.137,8.45,503,20.1,7.0,+13.0,
83,62,7.99,8.23,8.71,1.058,8.46,543,12.2,8.3,+3.9,
83,64,7.40,5.07,4.98,0.981,7.26,335,0.9,15.1,-14.2,경로 다름
83,66,20.19,20.27,25.65,1.266,25.55,1338,78.8,6.8,+72.0,
83,71,8.79,8.58,8.84,1.031,9.06,566,8.0,16.5,-8.5,
83,71-1,7.17,8.58,8.84,1.031,7.40,566,8.0,16.5,-8.5,
83,73,4.17,4.26,4.46,1.047,4.37,281,4.5,1.1,+3.4,
83,74,2.93,2.93,3.52,1.202,3.53,193,10.0,2.4,+7.5,
83,75,15.36,15.32,17.12,1.118,17.17,1011,34.4,11.0,+23.4,
83,75-1,15.21,15.22,16.73,1.099,16.72,1004,31.2,14.4,+16.8,
83,80,13.14,13.14,14.68,1.118,14.69,867,29.4,17.3,+12.0,
83,81,9.47,9.46,10.05,1.062,10.06,624,12.9,7.7,+5.2,
83,82,4.37,4.37,6.38,1.462,6.39,288,26.2,2.4,+23.8,
83,84,2.13,2.12,2.31,1.087,2.31,140,3.6,2.4,+1.2,
83,85,10.59,10.61,11.32,1.067,11.30,700,15.1,7.7,+7.3,
83,85-1,13.76,14.06,15.55,1.106,15.22,928,29.0,17.7,+11.2,
83,86,12.45,12.76,14.23,1.115,13.88,842,27.1,17.3,+9.8,
83,101,4.22,1.33,1.32,0.991,4.18,88,0.0,0.2,-0.2,경로 다름
83,103,4.89,2.43,2.35,0.967,4.73,161,0.0,3.3,-3.3,경로 다름
83,105-2,22.14,22.23,26.38,1.187,26.28,1467,71.2,14.3,+57.2,
83,129,13.24,13.24,14.58,1.101,14.59,874,26.6,11.0,+15.6,
83,132,19.75,19.74,24.21,1.226,24.22,1303,73.0,12.6,+60.4,
83,135,17.94,17.63,20.22,1.147,20.58,1164,46.5,11.2,+35.3,
83,140,4.26,4.57,5.50,1.204,5.13,302,15.9,2.0,+14.2,
83,140-1,4.26,4.57,5.50,1.204,5.13,302,15.9,2.0,+14.2,
83,140-2,4.26,4.57,5.50,1.204,5.13,302,15.9,2.0,+14.2,
83,142,16.89,16.99,21.24,1.250,21.11,1122,68.1,10.7,+57.4,
83,143,11.40,11.32,13.73,1.213,13.82,747,40.4,10.3,+30.1,
83,152-1,6.54,6.30,6.17,0.980,6.41,416,2.4,15.5,-13.0,
83,153,5.94,5.97,5.83,0.978,5.81,394,2.2,13.5,-11.3,
83,200,11.97,12.00,13.11,1.093,13.08,792,22.7,11.0,+11.7,
83,201,14.56,14.47,16.04,1.108,16.14,955,31.0,11.8,+19.3,
83,203,12.06,11.75,12.85,1.094,13.19,776,22.5,11.0,+11.5,
83,207,1.95,2.18,2.48,1.137,2.21,144,4.9,0.0,+4.8,
83,220,2.78,2.91,3.46,1.189,3.31,192,9.0,0.0,+8.9,
83,221,4.98,5.16,5.88,1.141,5.68,340,12.3,2.4,+9.9,
83,222,2.71,2.70,3.22,1.192,3.23,179,8.5,0.0,+8.4,
83,223,7.69,7.72,8.89,1.152,8.86,509,19.6,2.8,+16.7,
83,300,24.37,24.56,30.60,1.246,30.37,1621,98.0,11.2,+86.8,
83,301,25.44,25.39,31.74,1.250,31.80,1676,102.7,11.2,+91.5,
83,302,28.00,28.19,35.98,1.276,35.73,1861,124.4,11.2,+113.0,
83,500,12.72,10.40,11.19,1.076,13.68,686,17.2,11.0,+6.1,
83,900,,11.51,14.82,1.288,14.82,760,47.5,12.4,+35.0,
83,901,,11.32,14.67,1.296,14.67,747,46.3,15.7,+30.7,
83,902,,10.75,14.01,1.304,14.01,709,46.2,11.5,+34.8,
83,903,,11.19,14.64,1.309,14.64,738,48.6,9.4,+39.1,
83,904,,10.86,14.36,1.321,14.36,717,48.6,8.8,+39.8,
83,905,,12.51,15.95,1.275,15.95,826,50.4,13.0,+37.4,
83,906,,11.86,15.36,1.295,15.36,783,48.3,17.9,+30.0,
83,915,,15.62,18.99,1.216,18.99,1031,45.7,46.5,-0.4,
83,916,,16.76,20.20,1.206,20.20,1106,47.6,47.9,-0.0,
83,917,,17.58,21.15,1.203,21.15,1160,47.8,53.8,-5.9,
83,918,,12.75,16.83,1.320,16.83,842,57.6,11.0,+46.0,
83,919,12.57,12.57,15.99,1.272,15.99,829,45.7,25.7,+20.0,
83,921,,14.25,17.63,1.238,17.63,940,45.8,35.3,+10.6,
83,922,,14.77,18.31,1.239,18.31,975,47.8,32.6,+15.0,
83,923,,15.26,18.83,1.234,18.83,1007,49.0,35.3,+13.8,
83,924,,15.23,18.69,1.227,18.69,1005,47.8,36.3,+11.5,
83,925,,14.56,17.91,1.231,17.91,961,45.7,35.7,+10.0,
83,926,,15.01,18.30,1.219,18.30,991,45.7,37.4,+8.4,
83,931,,20.02,23.57,1.177,23.57,1321,50.7,60.7,-10.0,
83,932,,19.86,23.36,1.176,23.36,1311,48.6,58.3,-9.8,
83,933,,20.47,24.02,1.174,24.02,1351,49.6,58.3,-8.7,
83,934,,20.55,24.14,1.175,24.14,1356,50.1,58.3,-8.1,
83,935,,21.83,25.31,1.159,25.31,1441,49.9,61.7,-11.7,
83,942,19.97,20.07,23.93,1.192,23.81,1325,54.1,45.2,+8.9,
83,946,,15.05,18.51,1.230,18.51,993,45.7,46.2,-0.5,
83,GATE,7.23,7.23,6.92,0.957,6.92,477,0.2,24.6,-24.4,
84,1,3.71,3.34,3.28,0.981,3.64,221,1.5,3.9,-2.3,
84,2,3.60,3.24,3.45,1.066,3.84,214,5.6,3.6,+2.1,
84,3,3.64,3.76,5.04,1.342,4.88,248,15.1,9.1,+6.0,
84,4,3.73,3.73,5.01,1.344,5.01,246,15.1,9.1,+6.0,
84,5,4.23,4.23,5.51,1.304,5.51,279,15.1,9.1,+6.0,
84,6,4.63,4.63,6.08,1.313,6.08,306,17.9,9.1,+8.7,
84,7,5.22,5.22,6.67,1.279,6.67,344,18.0,9.1,+8.9,
84,8,5.29,5.10,5.94,1.163,6.16,337,15.4,3.6,+11.9,
84,9,5.99,5.98,7.76,1.297,7.76,395,23.0,9.2,+13.8,
84,10,6.32,6.41,8.50,1.326,8.38,423,27.7,9.1,+18.5,
84,10-1,6.93,6.95,9.24,1.330,9.22,459,30.8,9.1,+21.6,
84,11,6.98,6.85,8.31,1.213,8.47,452,24.9,3.6,+21.4,
84,12,6.60,6.41,7.88,1.228,8.11,423,25.0,3.6,+21.4,
84,13,6.83,6.65,8.23,1.238,8.45,439,26.7,3.6,+23.1,
84,14,5.10,5.13,6.88,1.340,6.84,339,22.4,9.1,+13.1,
84,15,0.46,0.48,0.48,1.000,0.46,32,0.0,0.0,-0.0,
84,15-1,1.96,1.93,1.79,0.925,1.81,128,0.0,6.4,-6.4,
84,16,1.48,1.93,1.83,0.946,1.40,128,0.0,8.0,-8.0,
84,16-1,1.33,2.56,2.35,0.918,1.22,169,0.0,7.1,-7.1,경로 다름
84,17,0.61,0.68,0.68,1.000,0.61,45,0.0,0.0,-0.0,
84,18,11.92,11.76,14.08,1.198,14.28,776,38.6,7.5,+31.2,
84,19,12.72,12.39,14.63,1.181,15.02,817,38.6,9.3,+29.4,
84,20,7.64,7.57,9.32,1.232,9.41,499,29.3,5.5,+23.9,
84,21,10.23,10.01,11.90,1.188,12.15,661,29.8,5.6,+24.3,
84,22,8.42,8.05,8.75,1.086,9.15,532,14.0,5.2,+8.9,
84,24,5.97,5.75,5.53,0.962,5.74,380,0.8,6.2,-5.3,
84,25,7.09,6.85,6.76,0.988,7.01,452,2.9,6.0,-3.0,
84,25-1,7.53,7.16,7.08,0.988,7.44,473,2.9,6.0,-3.0,
84,26,7.63,7.26,7.18,0.988,7.54,479,2.9,6.0,-3.0,
84,27,9.15,8.48,8.39,0.990,9.06,559,3.0,6.0,-2.9,
84,28,9.77,9.55,9.90,1.036,10.13,630,10.8,8.0,+2.9,
84,29,15.29,15.06,19.24,1.278,19.53,994,65.8,7.3,+58.5,
84,30,11.34,11.00,11.94,1.085,12.30,726,18.5,5.5,+13.1,
84,31,10.84,10.42,11.09,1.064,11.53,688,15.8,7.6,+8.2,
84,32,13.12,12.75,13.53,1.061,13.92,842,17.5,6.0,+11.6,
84,32-1,13.05,12.69,13.47,1.061,13.85,838,17.5,6.0,+11.6,
84,33,12.65,12.29,13.52,1.100,13.91,811,23.4,5.5,+18.0,
84,34,12.12,11.76,12.98,1.104,13.39,776,23.4,5.5,+18.0,
84,35,10.98,10.61,12.76,1.202,13.20,700,34.1,5.6,+28.5,
84,36,13.36,13.00,14.88,1.145,15.30,858,33.4,8.9,+24.8,
84,37,12.57,12.30,13.52,1.100,13.82,811,23.4,5.5,+18.0,
84,38,14.08,13.71,15.23,1.111,15.64,905,28.2,5.6,+22.7,
84,39,15.91,14.83,17.15,1.157,18.40,979,40.9,7.8,+33.1,
84,40,15.88,15.51,17.48,1.127,17.90,1024,35.7,5.6,+30.1,
84,43,10.30,9.94,11.30,1.137,11.72,656,24.5,6.1,+18.5,
84,43-1,11.11,10.75,11.69,1.087,12.08,710,18.5,5.5,+13.1,
84,43-2,10.75,10.44,11.85,1.135,12.20,689,25.7,6.5,+19.3,
84,44-1,13.62,13.30,15.19,1.142,15.56,878,34.0,8.1,+26.0,
84,49,3.41,3.41,4.10,1.201,4.10,225,10.8,0.3,+10.4,
84,50,0.69,0.69,0.69,1.000,0.69,45,0.0,0.0,-0.0,
84,51,2.16,2.15,2.48,1.153,2.49,142,5.0,4.5,+0.4,
84,52,2.24,2.24,2.55,1.137,2.55,148,5.0,0.0,+5.0,
84,52-1,2.93,3.06,3.37,1.103,3.23,202,6.0,2.3,+3.6,
84,52-2,3.45,3.45,3.77,1.094,3.77,227,6.1,2.3,+3.8,
84,53,2.47,2.54,3.08,1.209,2.98,168,8.7,0.0,+8.7,
84,54,1.57,1.56,1.92,1.233,1.94,103,5.9,0.0,+5.8,
84,55,1.10,0.80,0.80,1.000,1.10,53,0.0,0.0,-0.0,
84,56,8.99,8.63,9.50,1.100,9.89,570,17.0,5.2,+11.8,
84,57,6.41,6.42,7.23,1.126,7.21,424,12.2,16.5,-4.3,
84,57-1,5.42,5.42,6.07,1.119,6.07,358,12.4,6.8,+5.6,
84,58,5.45,5.45,5.45,1.001,5.45,360,2.7,12.9,-10.2,
84,59,5.58,5.58,6.46,1.158,6.45,368,12.2,15.0,-2.6,
84,59-1,6.50,6.40,6.48,1.013,6.59,422,4.0,12.6,-8.6,
84,61,5.14,4.95,5.74,1.160,5.96,327,14.7,3.6,+11.2,
84,62,5.70,5.57,5.79,1.041,5.93,367,6.9,4.9,+2.1,
84,64,6.37,6.37,6.03,0.946,6.03,421,0.0,20.0,-20.0,
84,66,18.29,18.37,23.39,1.273,23.28,1213,72.4,4.4,+68.0,
84,71,10.85,10.64,10.99,1.033,11.21,702,10.5,20.1,-9.7,
84,71-1,9.23,10.64,10.99,1.033,9.54,702,10.5,20.1,-9.7,
84,73,1.81,3.55,3.42,0.964,1.74,234,0.7,7.7,-7.0,경로 다름
84,74,0.64,1.03,1.26,1.222,0.78,68,3.6,0.0,+3.6,
84,75,13.07,12.74,13.41,1.052,13.75,841,15.7,6.0,+9.8,
84,75-1,12.91,12.64,13.01,1.030,13.29,834,12.5,9.4,+3.2,
84,80,15.20,15.20,16.83,1.107,16.83,1003,31.9,21.0,+10.8,
84,81,10.03,10.03,10.67,1.064,10.68,662,14.5,10.3,+4.2,
84,82,2.47,2.47,4.12,1.669,4.12,163,19.8,0.0,+19.8,
84,83,2.13,2.12,2.21,1.041,2.21,140,2.4,3.6,-1.2,
84,85,11.16,11.18,11.95,1.068,11.92,738,16.6,10.3,+6.3,
84,85-1,15.82,16.12,17.70,1.098,17.36,1064,31.4,21.4,+10.0,
84,86,14.51,14.82,16.37,1.105,16.03,978,29.6,21.0,+8.6,
84,101,4.10,4.10,3.88,0.947,3.88,270,0.0,10.0,-10.0,
84,103,3.07,3.13,2.92,0.931,2.86,207,0.0,9.6,-9.6,
84,105-2,19.85,19.57,23.47,1.199,23.80,1292,65.8,10.9,+55.3,
84,129,10.95,10.66,10.86,1.019,11.16,703,7.9,6.0,+2.0,
84,132,17.45,17.08,21.30,1.247,21.76,1128,67.7,9.3,+58.5,
84,135,15.64,14.97,17.31,1.156,18.09,988,41.2,7.8,+33.4,
84,140,4.71,4.73,5.60,1.183,5.57,312,15.8,2.9,+13.2,
84,140-1,4.71,4.73,5.60,1.183,5.57,312,15.8,2.9,+13.2,
84,140-2,4.71,4.73,5.60,1.183,5.57,312,15.8,2.9,+13.2,
84,142,14.59,14.33,18.33,1.279,18.66,946,62.8,7.3,+55.5,
84,143,9.10,8.66,10.82,1.249,11.36,572,35.1,7.0,+28.2,
84,152-1,8.60,8.36,8.32,0.995,8.56,552,4.9,19.1,-14.2,
84,153,8.00,8.03,7.98,0.994,7.95,530,4.7,17.2,-12.5,
84,200,9.67,9.42,9.39,0.997,9.65,622,4.1,6.0,-1.9,
84,201,12.26,11.90,12.33,1.036,12.71,785,12.4,6.8,+5.7,
84,203,9.76,9.39,9.37,0.997,9.74,620,4.1,6.0,-1.9,
84,207,3.54,3.82,4.14,1.084,3.84,252,6.1,2.3,+3.8,
84,220,3.44,3.51,4.13,1.179,4.05,231,11.1,3.2,+8.0,
84,221,5.54,5.72,6.51,1.137,6.30,378,13.9,5.0,+8.8,
84,222,4.19,4.19,4.90,1.169,4.90,277,12.5,5.1,+7.4,
84,223,8.25,8.28,9.51,1.148,9.47,547,21.1,5.4,+15.6,
84,300,22.07,21.90,27.69,1.264,27.91,1445,92.7,7.8,+84.9,
84,301,23.14,22.73,28.82,1.268,29.35,1500,97.4,7.8,+89.6,
84,302,25.70,25.53,33.06,1.295,33.28,1685,119.0,7.8,+111.2,
84,500,10.42,10.11,10.23,1.012,10.55,667,10.8,18.3,-7.4,
84,900,,9.61,12.56,1.307,12.56,634,41.1,10.0,+31.0,
84,901,,9.42,12.40,1.317,12.40,622,39.9,13.3,+26.7,
84,902,,8.85,11.75,1.328,11.75,584,39.9,9.1,+30.8,
84,903,,9.29,12.38,1.332,12.38,613,42.2,7.0,+35.1,
84,904,,8.97,12.09,1.349,12.09,592,42.3,6.4,+35.9,
84,905,,10.61,13.69,1.290,13.69,700,44.0,10.6,+33.4,
84,906,,9.96,13.09,1.315,13.09,657,41.9,15.5,+26.0,
84,915,,13.72,16.73,1.219,16.73,905,39.3,44.1,-4.4,
84,916,,14.86,17.94,1.207,17.94,981,41.3,45.5,-4.0,
84,917,,15.68,18.89,1.205,18.89,1035,41.4,51.4,-9.8,
84,918,,10.86,14.56,1.342,14.56,716,51.2,8.6,+42.1,
84,919,10.67,10.67,13.72,1.286,13.72,704,39.3,23.3,+16.0,
84,921,,12.35,15.37,1.245,15.37,815,39.5,32.9,+6.7,
84,922,,12.88,16.05,1.246,16.05,850,41.4,30.2,+11.0,
84,923,,13.37,16.57,1.240,16.57,882,42.6,32.9,+9.8,
84,924,,13.34,16.43,1.232,16.43,880,41.4,33.9,+7.6,
84,925,,12.66,15.65,1.236,15.65,835,39.3,33.3,+6.0,
84,926,,13.12,16.04,1.223,16.04,866,39.4,35.0,+4.4,
84,931,,18.12,21.30,1.176,21.30,1196,44.3,58.3,-14.0,
84,932,,17.96,21.10,1.175,21.10,1185,42.3,55.9,-13.7,
84,933,,18.57,21.75,1.172,21.75,1226,43.2,55.9,-12.7,
84,934,,18.66,21.88,1.173,21.88,1231,43.8,55.9,-12.1,
84,935,,19.94,23.05,1.156,23.05,1316,43.5,59.3,-15.7,
84,942,18.06,18.17,21.67,1.192,21.54,1199,47.8,42.8,+4.9,
84,946,,13.15,16.24,1.235,16.24,868,39.3,43.7,-4.5,
84,GATE,9.35,9.36,9.14,0.977,9.14,617,2.9,28.3,-25.4,
85,1,14.66,14.69,14.85,1.011,14.82,970,12.3,20.3,-8.0,
85,2,14.56,14.58,15.02,1.030,15.00,963,16.5,20.0,-3.6,
85,3,13.54,13.68,15.07,1.102,14.92,903,23.4,20.9,+2.4,
85,4,13.63,13.65,15.04,1.102,15.02,901,23.4,20.9,+2.4,
85,5,14.12,14.15,15.54,1.098,15.51,934,23.4,20.9,+2.5,
85,6,13.93,14.05,16.53,1.176,16.38,928,36.4,26.9,+9.5,
85,7,14.74,14.40,16.88,1.172,17.28,950,36.4,26.9,+9.5,
85,8,15.56,15.50,18.13,1.169,18.19,1023,37.5,32.2,+5.3,
85,9,14.84,14.87,17.43,1.173,17.40,981,38.2,25.8,+12.4,
85,10,15.26,15.29,18.02,1.178,17.99,1009,40.9,25.8,+15.0,
85,10-1,15.40,15.43,17.70,1.147,17.67,1018,40.1,19.6,+20.6,
85,11,15.84,15.86,18.54,1.169,18.52,1047,40.3,25.9,+14.3,
85,12,16.58,16.64,19.41,1.167,19.34,1098,42.6,26.8,+15.7,
85,13,16.94,17.16,20.04,1.168,19.79,1132,44.3,26.8,+17.5,
85,14,13.29,13.49,15.90,1.179,15.67,890,36.4,21.1,+15.2,
85,15,11.60,11.68,11.91,1.020,11.83,771,10.3,21.3,-10.8,
85,15-1,13.74,13.03,13.18,1.011,13.90,860,10.3,26.2,-15.9,
85,16,9.71,9.72,9.81,1.009,9.79,642,6.8,20.5,-13.8,
85,16-1,12.79,14.11,14.12,1.001,12.80,931,10.3,30.0,-19.6,
85,17,11.50,11.52,11.74,1.019,11.71,761,10.3,17.8,-7.5,
85,18,22.88,23.10,25.65,1.110,25.40,1525,49.4,23.9,+25.5,
85,19,23.67,23.73,26.20,1.104,26.13,1566,49.4,25.7,+23.7,
85,20,18.59,18.91,20.89,1.104,20.53,1248,40.1,21.9,+18.2,
85,21,21.18,21.36,23.46,1.099,23.27,1410,40.7,22.0,+18.6,
85,22,19.38,19.40,20.32,1.047,20.29,1281,24.9,21.7,+3.2,
85,24,16.92,17.10,17.10,1.000,16.92,1129,11.6,22.6,-11.0,
85,25,18.05,18.20,18.33,1.007,18.18,1201,13.8,22.4,-8.6,
85,25-1,18.49,18.51,18.65,1.007,18.62,1222,13.8,22.4,-8.6,
85,26,18.59,18.61,18.75,1.007,18.72,1228,13.8,22.4,-8.6,
85,27,20.10,19.83,19.96,1.007,20.24,1308,13.8,22.4,-8.6,
85,28,20.73,20.90,21.47,1.027,21.29,1379,21.6,24.4,-2.8,
85,29,25.81,26.41,30.81,1.167,30.11,1743,76.6,23.7,+52.8,
85,30,22.29,22.35,23.51,1.052,23.45,1475,29.4,21.9,+7.5,
85,31,21.79,21.77,22.66,1.041,22.68,1437,26.6,24.1,+2.5,
85,32,24.07,24.10,25.10,1.041,25.07,1591,28.3,22.4,+5.9,
85,32-1,24.00,24.04,25.04,1.042,25.00,1587,28.3,22.4,+5.9,
85,33,23.60,23.64,25.09,1.061,25.04,1560,34.3,21.9,+12.4,
85,34,23.08,23.10,24.55,1.062,24.52,1525,34.2,21.9,+12.3,
85,35,21.93,21.96,24.32,1.108,24.30,1449,44.9,22.0,+22.8,
85,36,24.32,24.35,26.45,1.086,26.42,1607,44.3,25.4,+19.2,
85,37,23.53,23.64,25.09,1.061,24.97,1560,34.3,21.9,+12.4,
85,38,25.04,25.06,26.80,1.069,26.78,1654,39.0,22.0,+17.0,
85,39,26.86,26.18,28.72,1.097,29.48,1728,51.8,24.3,+27.5,
85,40,26.84,26.86,29.05,1.082,29.03,1773,46.5,22.0,+24.5,
85,43,21.26,21.28,22.87,1.074,22.84,1405,35.3,22.5,+12.9,
85,43-1,22.07,22.10,23.25,1.052,23.22,1459,29.4,22.0,+7.4,
85,43-2,21.70,21.79,23.42,1.075,23.33,1438,36.5,22.9,+13.6,
85,44-1,24.58,24.65,26.76,1.086,26.68,1627,44.8,24.5,+20.3,
85,49,8.98,9.01,9.80,1.087,9.76,595,15.5,5.5,+9.9,
85,50,10.21,10.23,10.53,1.029,10.50,675,10.3,12.2,-1.9,
85,51,9.39,9.41,9.60,1.020,9.58,621,7.7,10.2,-2.5,
85,52,7.83,7.86,8.14,1.036,8.11,519,7.7,5.3,+2.5,
85,52-1,7.83,7.86,8.14,1.036,8.11,519,7.7,5.3,+2.5,
85,52-2,8.85,9.01,9.20,1.021,9.04,594,7.7,10.2,-2.5,
85,53,8.67,8.76,9.19,1.049,9.09,578,10.5,5.7,+4.8,
85,54,9.95,9.97,10.29,1.032,10.26,658,10.6,10.2,+0.3,
85,55,10.55,10.51,10.84,1.032,10.88,694,10.9,10.2,+0.7,
85,56,19.94,19.98,21.07,1.054,21.03,1319,27.8,21.7,+6.1,
85,57,6.57,8.65,9.19,1.063,6.99,571,7.3,17.9,-10.6,경로 다름
85,57-1,6.76,6.85,7.15,1.043,7.05,452,6.0,8.5,-2.6,
85,58,5.88,5.91,5.75,0.972,5.71,390,0.3,17.9,-17.5,
85,59,6.50,6.91,6.74,0.976,6.34,456,0.3,17.9,-17.6,
85,59-1,6.50,6.91,6.74,0.976,6.34,456,0.3,17.9,-17.6,
85,61,15.84,16.05,17.64,1.099,17.41,1059,27.0,21.5,+5.5,
85,62,16.65,16.92,17.36,1.026,17.09,1116,17.8,21.4,-3.6,
85,64,13.02,13.05,12.51,0.959,12.49,861,1.5,35.2,-33.7,
85,66,25.17,25.28,29.45,1.165,29.32,1668,73.0,8.5,+64.4,
85,71,6.39,6.21,6.05,0.974,6.22,410,0.5,16.5,-16.0,
85,71-1,5.94,6.21,6.05,0.974,5.78,410,0.5,16.5,-16.0,
85,73,13.88,14.89,14.99,1.006,13.97,983,11.5,24.2,-12.7,
85,74,11.48,11.51,12.08,1.050,12.06,760,15.1,11.3,+3.9,
85,75,24.02,24.09,24.97,1.037,24.91,1590,26.6,22.5,+4.1,
85,75-1,23.87,23.99,24.58,1.025,24.46,1583,23.3,25.8,-2.5,
85,80,1.74,1.52,1.55,1.019,1.77,100,0.9,0.4,+0.5,
85,81,1.19,1.47,1.44,0.979,1.16,97,0.0,4.1,-4.1,
85,82,9.95,10.05,11.89,1.183,11.77,663,32.5,4.3,+28.2,
85,83,10.59,10.61,10.72,1.011,10.71,700,7.7,15.1,-7.3,
85,84,11.16,11.18,11.41,1.021,11.39,738,10.3,16.6,-6.3,
85,85-1,0.93,0.98,0.96,0.984,0.92,65,0.0,0.3,-0.3,
85,86,4.12,4.43,4.83,1.090,4.49,293,7.4,8.3,-0.9,
85,101,13.36,13.38,13.47,1.007,13.45,883,12.3,29.5,-17.2,
85,103,14.60,14.69,14.69,1.000,14.60,969,10.3,32.4,-22.1,
85,105-2,27.74,27.83,31.58,1.135,31.47,1837,71.1,21.7,+49.6,
85,129,21.90,22.01,22.43,1.019,22.33,1452,18.8,22.4,-3.7,
85,132,25.67,25.85,29.72,1.150,29.53,1706,71.1,14.9,+56.2,
85,135,26.60,26.32,28.88,1.097,29.18,1737,52.0,24.3,+27.8,
85,140,6.65,6.75,7.87,1.166,7.75,445,19.8,2.3,+17.5,
85,140-1,6.65,6.75,7.87,1.166,7.75,445,19.8,2.3,+17.5,
85,140-2,6.84,6.75,7.87,1.166,7.98,445,19.8,2.3,+17.5,
85,142,25.54,25.68,29.90,1.164,29.74,1695,73.6,23.7,+49.9,
85,143,20.05,20.01,22.39,1.119,22.44,1321,45.9,23.4,+22.5,
85,152-1,8.18,7.97,7.76,0.973,7.96,526,1.5,22.1,-20.6,
85,153,7.25,7.31,7.08,0.969,7.03,482,0.6,19.4,-18.8,
85,200,20.63,20.77,20.96,1.009,20.82,1371,14.9,22.4,-7.5,
85,201,23.22,23.24,23.90,1.028,23.87,1534,23.2,23.2,+0.0,
85,203,20.72,20.74,20.94,1.009,20.91,1369,14.9,22.4,-7.5,
85,207,8.84,8.86,9.06,1.022,9.03,585,7.7,8.5,-0.8,
85,220,5.87,6.03,6.20,1.029,6.04,398,5.3,2.8,+2.6,
85,221,5.90,5.49,5.60,1.019,6.01,362,4.1,5.6,-1.5,
85,222,7.40,7.42,7.84,1.056,7.81,490,8.0,8.5,-0.5,
85,223,4.82,4.88,5.49,1.126,5.43,322,11.7,2.3,+9.3,
85,300,32.48,32.68,38.23,1.170,37.99,2157,99.0,19.0,+80.0,
85,301,33.55,33.51,39.31,1.173,39.35,2212,102.9,19.0,+83.9,
85,302,36.09,36.32,43.55,1.199,43.28,2397,124.6,19.0,+105.5,
85,500,21.07,21.15,21.81,1.031,21.73,1396,22.7,35.8,-13.1,
85,900,,16.52,18.62,1.127,18.62,1090,41.7,14.1,+27.5,
85,901,,16.33,18.47,1.131,18.47,1078,40.5,17.4,+23.1,
85,902,,15.76,17.81,1.131,17.81,1040,40.5,13.2,+27.2,
85,903,,16.20,18.44,1.139,18.44,1069,42.8,11.2,+31.5,
85,904,,15.87,18.15,1.144,18.15,1048,42.9,10.6,+32.3,
85,905,,17.52,19.75,1.128,19.75,1156,44.6,14.7,+29.9,
85,906,,16.86,19.15,1.136,19.15,1113,42.5,19.7,+22.5,
85,915,,20.63,22.79,1.105,22.79,1361,39.9,48.3,-8.0,
85,916,,21.77,24.00,1.103,24.00,1437,41.8,49.6,-7.6,
85,917,,22.58,24.95,1.105,24.95,1491,42.0,55.6,-13.4,
85,918,,17.76,20.63,1.161,20.63,1172,51.8,12.8,+38.5,
85,919,17.55,17.58,19.79,1.126,19.76,1160,39.9,27.4,+12.5,
85,921,,19.25,21.43,1.113,21.43,1271,40.1,37.0,+3.1,
85,922,,19.78,22.11,1.118,22.11,1306,42.0,34.4,+7.5,
85,923,,20.27,22.63,1.116,22.63,1338,43.2,37.1,+6.2,
85,924,,20.24,22.49,1.111,22.49,1336,42.0,38.0,+4.0,
85,925,,19.56,21.71,1.110,21.71,1291,39.9,37.5,+2.4,
85,926,,20.02,22.10,1.104,22.10,1321,40.0,39.2,+0.8,
85,931,,25.02,27.37,1.094,27.37,1652,44.9,62.4,-17.5,
85,932,,24.87,27.16,1.092,27.16,1641,42.9,60.0,-17.3,
85,933,,25.48,27.82,1.092,27.82,1681,43.8,60.1,-16.2,
85,934,,25.56,27.94,1.093,27.94,1687,44.3,60.1,-15.7,
85,935,,26.84,29.11,1.085,29.11,1772,44.1,63.4,-19.2,
85,942,24.94,25.08,27.73,1.106,27.58,1655,48.4,47.0,+1.4,
85,946,,20.06,22.31,1.112,22.31,1324,39.9,47.9,-8.0,
85,GATE,10.52,10.52,10.32,0.981,10.32,694,3.0,40.4,-37.4,
85-1,1,19.69,20.00,20.72,1.036,20.41,1320,24.5,36.2,-11.7,
85-1,2,19.59,19.90,20.90,1.050,20.58,1313,28.7,35.9,-7.3,
85-1,3,19.23,19.65,21.84,1.111,21.37,1297,39.2,40.5,-1.2,
85-1,4,19.32,19.63,21.81,1.111,21.47,1295,39.2,40.5,-1.2,
85-1,5,19.82,20.13,22.31,1.109,21.97,1328,39.3,40.5,-1.2,
85-1,6,20.22,20.53,22.88,1.114,22.54,1355,42.0,40.5,+1.4,
85-1,7,20.81,21.11,23.47,1.112,23.13,1393,42.1,40.5,+1.6,
85-1,8,21.28,21.76,23.38,1.074,22.86,1436,38.5,36.0,+2.5,
85-1,9,21.58,21.88,24.55,1.122,24.22,1444,47.1,40.6,+6.5,
85-1,10,21.91,22.31,25.30,1.134,24.85,1472,51.8,40.5,+11.3,
85-1,10-1,22.52,22.85,26.04,1.140,25.67,1508,54.9,40.5,+14.4,
85-1,11,22.57,22.88,25.82,1.129,25.48,1510,51.2,40.6,+10.7,
85-1,12,22.58,23.07,25.32,1.098,24.79,1523,48.1,35.9,+12.0,
85-1,13,22.81,23.31,25.68,1.102,25.13,1538,49.7,36.0,+13.8,
85-1,14,20.69,21.03,23.67,1.126,23.30,1388,46.5,40.5,+5.8,
85-1,15,15.64,15.94,16.52,1.036,16.20,1052,19.4,34.1,-14.5,
85-1,15-1,17.65,17.30,17.78,1.028,18.14,1142,19.4,39.0,-19.6,
85-1,16,12.15,12.45,12.58,1.011,12.28,822,11.4,28.8,-17.4,
85-1,16-1,16.71,17.18,17.23,1.003,16.76,1134,16.9,43.2,-26.2,
85-1,17,15.24,15.73,16.36,1.040,15.85,1038,19.9,31.4,-11.5,
85-1,18,27.91,28.42,31.53,1.110,30.97,1875,61.7,39.8,+21.9,
85-1,19,28.70,29.05,32.07,1.104,31.70,1917,61.7,41.7,+20.0,
85-1,20,23.62,24.23,26.77,1.105,26.10,1599,52.4,37.9,+14.5,
85-1,21,26.21,26.67,29.34,1.100,28.84,1760,52.9,37.9,+15.0,
85-1,22,24.41,24.71,26.19,1.060,25.87,1631,37.1,37.6,-0.5,
85-1,24,21.90,22.41,22.98,1.025,22.45,1479,23.8,38.5,-14.7,
85-1,25,23.08,23.51,24.21,1.030,23.77,1551,26.0,38.3,-12.3,
85-1,25-1,23.45,23.82,24.53,1.029,24.15,1572,26.0,38.3,-12.3,
85-1,26,23.62,23.92,24.62,1.029,24.31,1579,26.0,38.3,-12.3,
85-1,27,25.07,25.14,25.84,1.028,25.77,1659,26.1,38.4,-12.3,
85-1,28,25.76,26.21,27.34,1.043,26.87,1730,33.9,40.3,-6.5,
85-1,29,31.27,31.72,36.68,1.157,36.17,2093,88.8,39.7,+49.2,
85-1,30,27.32,27.66,29.39,1.062,29.03,1826,41.6,37.8,+3.8,
85-1,31,26.82,27.08,28.53,1.054,28.26,1787,38.8,40.0,-1.1,
85-1,32,27.29,27.60,29.83,1.081,29.49,1822,47.0,44.8,+2.2,
85-1,32-1,27.22,27.54,29.77,1.081,29.42,1818,47.0,44.8,+2.2,
85-1,33,28.05,28.50,30.82,1.082,30.34,1881,48.5,44.8,+3.8,
85-1,34,28.11,28.42,30.43,1.071,30.10,1875,46.5,37.8,+8.6,
85-1,35,26.96,27.27,30.20,1.107,29.86,1800,57.2,38.0,+19.1,
85-1,36,29.35,29.66,32.33,1.090,31.99,1957,56.5,41.3,+15.5,
85-1,37,28.56,28.96,30.97,1.069,30.54,1911,46.5,37.8,+8.7,
85-1,38,29.45,29.78,32.72,1.099,32.36,1966,57.7,45.5,+12.3,
85-1,39,31.90,31.49,34.60,1.099,35.05,2078,64.0,40.2,+23.8,
85-1,40,31.87,32.17,34.93,1.086,34.60,2123,58.8,38.0,+20.8,
85-1,43,26.29,26.59,28.74,1.081,28.41,1755,47.6,38.4,+9.2,
85-1,43-1,27.10,27.41,29.13,1.063,28.80,1809,41.6,37.9,+3.7,
85-1,43-2,26.73,27.10,29.30,1.081,28.90,1789,48.8,38.8,+9.9,
85-1,44-1,29.61,29.96,32.63,1.089,32.25,1977,57.0,40.4,+16.6,
85-1,49,16.44,16.76,18.38,1.096,18.03,1106,30.9,24.5,+6.3,
85-1,50,14.51,14.79,15.32,1.036,15.04,976,17.8,29.0,-11.2,
85-1,51,14.18,14.48,15.20,1.049,14.88,956,20.7,29.0,-8.2,
85-1,52,15.02,15.38,16.22,1.055,15.84,1015,22.7,29.0,-6.2,
85-1,52-1,14.96,15.29,16.13,1.055,15.78,1009,22.7,29.0,-6.2,
85-1,52-2,14.78,15.08,15.73,1.043,15.41,995,19.9,28.9,-9.0,
85-1,53,16.14,16.51,17.77,1.076,17.36,1090,25.8,24.7,+1.1,
85-1,54,16.28,16.59,17.64,1.064,17.31,1095,27.4,30.7,-3.4,
85-1,55,16.14,16.44,17.33,1.054,17.02,1085,24.7,30.8,-6.1,
85-1,56,24.97,25.29,26.94,1.065,26.60,1669,40.0,37.6,+2.4,
85-1,57,10.58,14.84,15.18,1.023,10.83,979,16.1,30.4,-14.3,경로 다름
85-1,57-1,10.77,14.59,15.02,1.029,11.08,963,16.4,29.0,-12.6,경로 다름
85-1,58,9.37,9.68,9.46,0.977,9.16,639,3.9,26.0,-22.1,
85-1,59,10.51,11.20,11.24,1.004,10.55,739,5.2,26.5,-21.3,
85-1,59-1,10.51,11.20,11.24,1.004,10.55,739,5.2,26.5,-21.3,
85-1,61,21.12,21.61,23.19,1.073,22.66,1426,37.8,36.0,+1.8,
85-1,62,21.68,22.23,23.24,1.046,22.67,1467,30.0,37.3,-7.3,
85-1,64,14.26,14.57,14.47,0.993,14.17,962,6.8,44.2,-37.4,
85-1,66,32.63,33.03,38.03,1.151,37.58,2180,88.3,27.6,+60.8,
85-1,71,6.80,7.13,6.99,0.981,6.67,470,1.6,19.3,-17.7,
85-1,71-1,7.59,7.13,6.99,0.981,7.44,470,1.6,19.3,-17.7,
85-1,73,17.86,19.66,20.11,1.023,18.27,1298,23.4,43.1,-19.7,
85-1,74,16.62,16.93,18.05,1.066,17.73,1117,27.7,31.4,-3.7,
85-1,75,27.24,27.59,29.70,1.077,29.33,1821,45.2,44.8,+0.4,
85-1,75-1,27.09,27.49,29.31,1.066,28.88,1814,42.0,48.1,-6.2,
85-1,80,0.96,1.27,1.31,1.038,1.00,84,0.9,0.0,+0.8,
85-1,81,1.85,1.85,1.82,0.985,1.82,122,0.1,4.2,-4.1,
85-1,82,17.41,17.80,20.47,1.150,20.03,1175,47.9,23.3,+24.6,
85-1,83,13.76,14.06,14.59,1.038,14.28,928,17.7,29.0,-11.2,
85-1,84,15.82,16.12,16.84,1.044,16.52,1064,21.4,31.4,-10.0,
85-1,85,0.93,0.98,0.99,1.017,0.95,65,0.3,0.0,+0.3,
85-1,86,3.34,3.96,4.33,1.094,3.65,261,6.9,8.3,-1.4,
85-1,101,15.80,16.11,16.24,1.008,15.93,1063,16.9,37.9,-20.9,
85-1,103,17.30,17.60,17.76,1.009,17.45,1162,16.9,43.2,-26.2,
85-1,105-2,35.20,35.58,40.16,1.129,39.73,2348,86.4,40.7,+45.9,
85-1,129,25.12,25.51,27.16,1.065,26.75,1683,37.4,44.8,-7.3,
85-1,132,33.14,33.59,38.30,1.140,37.78,2217,86.4,34.0,+52.5,
85-1,135,31.63,31.63,34.75,1.099,34.75,2088,64.3,40.2,+24.1,
85-1,140,14.12,14.49,16.44,1.135,16.01,957,35.2,21.4,+13.8,
85-1,140-1,14.12,14.49,16.44,1.135,16.01,957,35.2,21.4,+13.8,
85-1,140-2,14.31,14.49,16.44,1.135,16.23,957,35.2,21.4,+13.8,
85-1,142,30.57,30.99,35.78,1.154,35.29,2046,85.9,39.7,+46.2,
85-1,143,25.08,25.32,28.27,1.116,28.00,1671,58.2,39.3,+18.9,
85-1,152-1,7.90,8.15,7.74,0.950,7.50,538,0.6,26.4,-25.8,
85-1,153,8.25,8.63,8.27,0.958,7.90,570,1.2,25.5,-24.3,
85-1,200,23.96,24.27,25.69,1.059,25.37,1602,33.5,44.8,-11.2,
85-1,201,26.44,26.75,28.62,1.070,28.29,1765,41.8,45.5,-3.7,
85-1,203,23.94,24.02,25.43,1.059,25.34,1585,33.3,44.8,-11.4,
85-1,207,14.14,14.99,15.65,1.043,14.76,990,19.9,28.9,-9.0,
85-1,220,13.34,13.77,14.77,1.073,14.31,909,20.7,21.8,-1.1,
85-1,221,13.37,13.24,14.17,1.070,14.31,874,19.5,24.6,-5.2,
85-1,222,13.61,13.92,14.38,1.033,14.06,919,16.8,28.9,-12.3,
85-1,223,12.29,12.63,14.07,1.114,13.69,833,27.1,21.4,+5.6,
85-1,300,38.06,38.56,45.13,1.171,44.55,2545,115.8,40.2,+75.6,
85-1,301,39.12,39.39,46.27,1.175,45.96,2600,120.5,40.2,+80.3,
85-1,302,41.68,42.19,50.51,1.197,49.90,2785,142.1,40.2,+101.8,
85-1,500,22.31,22.67,23.77,1.048,23.39,1496,28.0,44.8,-16.8,
85-1,900,,24.27,27.20,1.121,27.20,1602,57.0,33.2,+23.8,
85-1,901,,24.07,27.04,1.123,27.04,1589,55.8,36.5,+19.4,
85-1,902,,23.50,26.39,1.123,26.39,1551,55.8,32.3,+23.6,
85-1,903,,23.95,27.02,1.128,27.02,1580,58.1,30.2,+27.8,
85-1,904,,23.62,26.73,1.132,26.73,1559,58.2,29.6,+28.6,
85-1,905,,25.27,28.33,1.121,28.33,1668,60.0,33.8,+26.2,
85-1,906,,24.61,27.73,1.127,27.73,1624,57.9,38.7,+18.8,
85-1,915,,28.37,31.37,1.106,31.37,1873,55.3,67.3,-11.6,
85-1,916,,29.51,32.58,1.104,32.58,1948,57.2,68.7,-11.3,
85-1,917,,30.33,33.52,1.105,33.52,2002,57.3,74.6,-17.1,
85-1,918,,25.51,29.20,1.145,29.20,1684,67.1,31.8,+34.8,
85-1,919,25.02,25.32,28.36,1.120,28.02,1671,55.3,46.5,+8.8,
85-1,921,,27.00,30.01,1.111,30.01,1782,55.4,56.1,-0.6,
85-1,922,,27.53,30.69,1.115,30.69,1817,57.3,53.4,+3.8,
85-1,923,,28.02,31.21,1.114,31.21,1849,58.6,56.1,+2.6,
85-1,924,,27.99,31.07,1.110,31.07,1847,57.4,57.1,+0.3,
85-1,925,,27.31,30.29,1.109,30.29,1803,55.3,56.5,-1.2,
85-1,926,,27.77,30.68,1.105,30.68,1833,55.3,58.2,-2.8,
85-1,931,,28.34,36.10,1.274,36.10,1870,75.4,96.6,-21.2,
85-1,932,,28.69,36.55,1.274,36.55,1894,77.9,98.7,-21.0,
85-1,933,,29.30,37.21,1.270,37.21,1934,78.8,98.8,-19.9,
85-1,934,,29.39,37.33,1.270,37.33,1940,79.4,98.8,-19.3,
85-1,935,,27.53,35.24,1.280,35.24,1817,73.9,96.7,-22.9,
85-1,942,30.15,30.63,42.37,1.383,41.71,2021,112.2,106.8,+5.4,
85-1,946,,27.81,30.88,1.110,30.88,1835,55.3,66.9,-11.7,
85-1,GATE,9.74,10.04,9.82,0.977,9.52,663,2.5,40.4,-37.9,
86,1,18.39,18.70,19.60,1.048,19.27,1234,24.1,34.4,-10.3,
86,2,18.28,18.60,19.77,1.063,19.44,1227,28.3,34.1,-5.8,
86,3,17.92,18.35,20.71,1.128,20.22,1211,38.8,38.7,+0.2,
86,4,18.01,18.33,20.68,1.129,20.33,1209,38.8,38.7,+0.2,
86,5,18.51,18.82,21.18,1.125,20.83,1242,38.8,38.6,+0.2,
86,6,18.91,19.23,21.75,1.131,21.40,1269,41.6,38.6,+2.9,
86,7,19.50,19.81,22.34,1.128,21.99,1308,41.7,38.6,+3.1,
86,8,19.97,20.46,22.26,1.088,21.72,1350,38.0,34.1,+3.9,
86,9,20.27,20.58,23.43,1.138,23.07,1358,46.7,38.8,+7.9,
86,10,20.61,21.01,24.17,1.150,23.71,1386,51.4,38.6,+12.7,
86,10-1,21.22,21.54,24.91,1.156,24.53,1422,54.5,38.6,+15.8,
86,11,21.27,21.58,24.70,1.144,24.34,1424,50.8,38.8,+12.1,
86,12,21.28,21.77,24.19,1.111,23.64,1437,47.6,34.1,+13.4,
86,13,21.50,22.01,24.55,1.116,23.99,1452,49.3,34.1,+15.2,
86,14,19.39,19.73,22.55,1.143,22.15,1302,46.1,38.6,+7.2,
86,15,14.33,14.64,15.39,1.051,15.06,966,19.0,32.3,-13.1,
86,15-1,16.34,16.00,16.66,1.041,17.01,1056,19.0,37.2,-18.2,
86,16,10.84,11.15,11.45,1.027,11.14,736,11.0,27.0,-16.0,
86,16-1,15.41,15.88,16.10,1.014,15.62,1048,16.5,41.3,-24.8,
86,17,13.93,14.43,15.23,1.055,14.70,953,19.5,29.6,-10.1,
86,18,26.60,27.12,30.40,1.121,29.82,1790,61.3,38.0,+23.3,
86,19,27.40,27.75,30.95,1.115,30.56,1831,61.3,39.8,+21.5,
86,20,22.31,22.92,25.64,1.118,24.95,1513,52.0,36.0,+15.9,
86,21,24.90,25.37,28.21,1.112,27.69,1674,52.5,36.1,+16.4,
86,22,23.10,23.41,25.07,1.071,24.73,1545,36.7,35.7,+1.0,
86,24,20.59,21.11,21.85,1.035,21.31,1393,23.4,36.7,-13.3,
86,25,21.77,22.21,23.08,1.039,22.63,1466,25.6,36.5,-10.9,
86,25-1,22.15,22.52,23.40,1.039,23.01,1487,25.6,36.5,-10.9,
86,26,22.31,22.62,23.50,1.039,23.17,1493,25.6,36.5,-10.9,
86,27,23.76,23.84,24.71,1.037,24.63,1573,25.7,36.5,-10.9,
86,28,24.45,24.91,26.22,1.052,25.73,1644,33.5,38.5,-5.0,
86,29,29.96,30.42,35.56,1.169,35.03,2008,88.4,37.8,+50.6,
86,30,26.02,26.36,28.26,1.072,27.89,1740,41.2,36.0,+5.2,
86,31,25.51,25.78,27.41,1.063,27.12,1701,38.4,38.1,+0.3,
86,32,25.99,26.30,28.70,1.091,28.36,1736,46.5,42.9,+3.6,
86,32-1,25.91,26.24,28.64,1.091,28.28,1732,46.6,42.9,+3.6,
86,33,26.74,27.20,29.69,1.092,29.20,1795,48.1,42.9,+5.2,
86,34,26.80,27.12,29.30,1.080,28.96,1790,46.1,36.0,+10.0,
86,35,25.66,25.97,29.07,1.119,28.72,1714,56.8,36.1,+20.6,
86,36,28.04,28.36,31.20,1.100,30.85,1872,56.1,39.4,+16.9,
86,37,27.25,27.65,29.84,1.079,29.40,1825,46.1,36.0,+10.1,
86,38,28.15,28.48,31.59,1.109,31.22,1880,57.3,43.6,+13.7,
86,39,30.59,30.19,33.47,1.109,33.91,1993,63.6,38.3,+25.2,
86,40,30.56,30.87,33.80,1.095,33.46,2038,58.3,36.1,+22.2,
86,43,24.98,25.29,27.62,1.092,27.27,1669,47.2,36.6,+10.6,
86,43-1,25.79,26.11,28.00,1.072,27.66,1723,41.2,36.1,+5.1,
86,43-2,25.43,25.80,28.17,1.092,27.76,1703,48.3,37.0,+11.4,
86,44-1,28.30,28.66,31.51,1.099,31.11,1891,56.6,38.6,+18.0,
86,49,15.13,15.46,17.25,1.116,16.89,1020,30.5,22.7,+7.7,
86,50,13.21,13.49,14.19,1.052,13.90,890,17.4,27.2,-9.8,
86,51,12.87,13.18,14.07,1.067,13.74,870,20.3,27.1,-6.8,
86,52,13.71,14.08,15.09,1.072,14.70,929,22.3,27.1,-4.8,
86,52-1,13.65,13.99,15.01,1.073,14.64,923,22.3,27.1,-4.8,
86,52-2,13.47,13.78,14.61,1.060,14.27,910,19.5,27.1,-7.6,
86,53,14.83,15.21,16.64,1.094,16.22,1004,25.4,22.9,+2.6,
86,54,14.97,15.29,16.51,1.080,16.17,1009,26.9,28.8,-2.0,
86,55,14.83,15.14,16.20,1.070,15.87,999,24.3,28.9,-4.6,
86,56,23.66,23.99,25.81,1.076,25.46,1583,39.6,35.7,+3.8,
86,57,9.27,13.54,14.06,1.038,9.63,893,15.7,28.6,-12.8,경로 다름
86,57-1,9.46,13.29,13.89,1.045,9.89,877,16.0,27.2,-11.2,경로 다름
86,58,8.07,8.38,8.33,0.994,8.02,553,3.5,24.2,-20.7,
86,59,9.20,9.90,10.12,1.022,9.40,653,4.8,24.7,-19.8,
86,59-1,9.20,9.90,10.12,1.022,9.40,653,4.8,24.7,-19.8,
86,61,19.81,20.31,22.06,1.086,21.52,1341,37.4,34.1,+3.3,
86,62,20.37,20.93,22.11,1.057,21.53,1381,29.6,35.5,-5.9,
86,64,12.95,13.27,13.35,1.006,13.03,876,6.4,42.3,-35.9,
86,66,31.33,31.73,36.90,1.163,36.44,2094,87.9,25.7,+62.2,
86,71,5.49,5.83,5.86,1.006,5.52,384,1.2,17.5,-16.3,
86,71-1,6.28,5.83,5.86,1.006,6.32,384,1.2,17.5,-16.3,
86,73,16.56,18.36,18.98,1.034,17.11,1212,23.0,41.3,-18.3,
86,74,15.31,15.63,16.93,1.083,16.59,1031,27.3,29.5,-2.2,
86,75,25.93,26.29,28.57,1.087,28.19,1735,44.8,42.9,+1.9,
86,75-1,25.78,26.19,28.18,1.076,27.74,1728,41.6,46.3,-4.7,
86,80,2.16,3.04,3.70,1.220,2.63,200,8.8,6.4,+2.2,
86,81,5.55,5.86,6.62,1.130,6.27,387,11.4,11.2,+0.2,
86,82,16.11,16.50,19.34,1.172,18.88,1089,47.5,21.5,+26.0,
86,83,12.45,12.76,13.47,1.055,13.14,842,17.3,27.1,-9.8,
86,84,14.51,14.82,15.71,1.060,15.38,978,21.0,29.6,-8.6,
86,85,4.12,4.43,5.02,1.133,4.67,293,8.3,7.4,+0.9,
86,85-1,3.34,3.96,4.57,1.155,3.86,261,8.3,6.9,+1.4,
86,101,14.49,14.81,15.11,1.021,14.79,977,16.5,36.0,-19.5,
86,103,15.99,16.30,16.63,1.020,16.31,1076,16.5,41.3,-24.8,
86,105-2,33.90,34.28,39.03,1.139,38.59,2262,86.0,38.9,+47.4,
86,129,23.81,24.21,26.03,1.075,25.61,1598,37.0,42.9,-5.9,
86,132,31.83,32.29,37.17,1.151,36.64,2131,86.0,32.1,+53.9,
86,135,30.32,30.33,33.63,1.109,33.62,2002,63.8,38.4,+25.5,
86,140,12.81,13.19,15.32,1.161,14.87,871,34.7,19.5,+15.2,
86,140-1,12.81,13.19,15.32,1.161,14.87,871,34.7,19.5,+15.2,
86,140-2,13.00,13.19,15.32,1.161,15.09,871,34.7,19.5,+15.2,
86,142,29.27,29.69,34.65,1.167,34.15,1960,85.4,37.8,+47.6,
86,143,23.78,24.02,27.14,1.130,26.86,1585,57.8,37.5,+20.3,
86,152-1,6.59,6.85,6.61,0.965,6.36,452,0.2,24.6,-24.4,
86,153,6.94,7.33,7.15,0.975,6.76,484,0.8,23.7,-22.9,
86,200,22.65,22.97,24.56,1.069,24.23,1516,33.1,42.9,-9.8,
86,201,25.13,25.44,27.50,1.081,27.15,1679,41.4,43.7,-2.2,
86,203,22.63,22.72,24.31,1.070,24.21,1500,32.9,42.9,-10.0,
86,207,12.84,13.69,14.52,1.060,13.61,904,19.5,27.1,-7.6,
86,220,12.03,12.47,13.65,1.094,13.16,823,20.3,20.0,+0.3,
86,221,12.06,11.94,13.04,1.093,13.17,788,19.0,22.7,-3.7,
86,222,12.30,12.62,13.25,1.050,12.92,833,16.4,27.1,-10.9,
86,223,10.98,11.33,12.94,1.143,12.55,748,26.7,19.5,+7.1,
86,300,36.75,37.26,44.01,1.181,43.41,2459,115.4,38.3,+77.0,
86,301,37.82,38.09,45.14,1.185,44.82,2514,120.1,38.4,+81.7,
86,302,40.38,40.89,49.38,1.208,48.76,2699,141.7,38.3,+103.2,
86,500,21.00,21.37,22.64,1.060,22.25,1410,27.6,42.9,-15.4,
86,900,,22.97,26.07,1.135,26.07,1516,56.6,31.4,+25.2,
86,901,,22.77,25.92,1.138,25.92,1503,55.4,34.6,+20.9,
86,902,,22.20,25.26,1.138,25.26,1465,55.4,30.4,+25.0,
86,903,,22.65,25.89,1.143,25.89,1495,57.7,28.4,+29.3,
86,904,,22.32,25.60,1.147,25.60,1473,57.8,27.8,+30.0,
86,905,,23.97,27.20,1.135,27.20,1582,59.6,31.9,+27.6,
86,906,,23.31,26.60,1.141,26.60,1539,57.5,36.9,+20.2,
86,915,,27.07,30.24,1.117,30.24,1787,54.9,65.5,-10.2,
86,916,,28.21,31.45,1.115,31.45,1862,56.8,66.8,-9.8,
86,917,,29.03,32.40,1.116,32.40,1916,56.9,72.8,-15.7,
86,918,,24.21,28.08,1.160,28.08,1598,66.7,30.0,+36.2,
86,919,23.71,24.02,27.24,1.134,26.88,1586,54.9,44.6,+10.2,
86,921,,25.70,28.88,1.124,28.88,1696,55.0,54.2,+0.8,
86,922,,26.23,29.56,1.127,29.56,1731,56.9,51.6,+5.2,
86,923,,26.72,30.08,1.126,30.08,1763,58.2,54.3,+4.0,
86,924,,26.69,29.94,1.122,29.94,1762,57.0,55.2,+1.7,
86,925,,26.01,29.16,1.121,29.16,1717,54.9,54.7,+0.2,
86,926,,26.47,29.55,1.116,29.55,1747,54.9,56.4,-1.4,
86,931,,27.03,34.97,1.294,34.97,1784,75.0,94.8,-19.8,
86,932,,27.39,35.43,1.293,35.43,1808,77.5,96.9,-19.6,
86,933,,28.00,36.08,1.289,36.08,1848,78.4,96.9,-18.5,
86,934,,28.09,36.21,1.289,36.21,1854,79.0,96.9,-17.9,
86,935,,26.23,34.11,1.301,34.11,1731,73.5,94.8,-21.5,
86,942,28.84,29.32,41.24,1.406,40.56,1935,111.7,104.9,+6.8,
86,946,,26.51,29.75,1.122,29.75,1750,54.9,65.1,-10.3,
86,GATE,8.43,8.74,8.69,0.994,8.38,577,2.1,38.6,-36.4,
101,1,6.06,6.06,6.94,1.146,6.94,400,14.7,0.2,+14.5,
101,2,5.95,5.95,7.12,1.195,7.12,393,19.0,0.0,+19.0,
101,3,7.00,7.00,8.43,1.205,8.43,462,23.2,0.5,+22.7,
101,4,6.61,6.65,8.07,1.212,8.01,439,23.1,0.8,+22.4,
101,5,7.33,7.33,8.83,1.205,8.83,484,24.5,0.0,+24.5,
101,6,8.27,8.27,10.00,1.209,10.00,546,27.8,0.0,+27.7,
101,7,8.06,8.08,10.10,1.249,10.06,534,32.2,0.0,+32.0,
101,8,7.64,7.82,9.60,1.228,9.38,516,28.7,0.0,+28.7,
101,9,8.76,8.76,11.04,1.261,11.04,578,36.2,0.0,+36.2,
101,10,9.96,10.05,12.42,1.236,12.31,663,37.6,0.0,+37.5,
101,10-1,10.57,10.59,13.16,1.243,13.14,699,40.7,0.0,+40.6,
101,11,9.57,9.57,11.97,1.251,11.97,632,38.2,0.0,+38.2,
101,12,8.95,9.13,11.54,1.264,11.31,603,38.3,0.0,+38.2,
101,13,9.18,9.37,11.90,1.270,11.66,618,40.0,0.0,+40.0,
101,14,8.74,8.77,10.80,1.231,10.76,579,32.2,0.0,+32.0,
101,15,2.78,2.78,3.11,1.116,3.10,184,5.3,0.0,+5.3,
101,15-1,2.10,2.64,3.04,1.151,2.41,174,6.6,0.0,+6.6,
101,16,0.58,0.58,0.58,1.000,0.58,39,0.0,0.0,-0.0,
101,16-1,1.03,1.25,1.25,1.000,1.03,83,0.0,0.0,-0.0,
101,17,3.62,3.62,4.08,1.128,4.08,239,7.8,0.0,+7.8,
101,18,14.27,14.47,17.75,1.226,17.50,955,52.0,3.9,+48.1,
101,19,15.07,15.10,18.29,1.211,18.25,997,52.0,5.7,+46.2,
101,20,9.98,10.28,12.98,1.263,12.61,679,42.7,1.9,+40.7,
101,21,12.58,12.73,15.56,1.222,15.37,840,43.1,1.9,+41.2,
101,22,10.77,10.77,12.41,1.152,12.41,711,27.3,1.5,+25.8,
101,24,7.89,8.11,8.79,1.084,8.56,535,12.4,1.3,+11.1,
101,25,9.39,9.51,10.35,1.089,10.22,628,15.1,1.2,+13.9,
101,25-1,9.45,9.59,10.36,1.081,10.21,633,14.3,1.8,+12.5,
101,26,9.92,9.92,10.77,1.085,10.77,655,15.1,1.2,+13.9,
101,27,11.48,11.14,11.99,1.076,12.35,735,15.2,1.3,+13.9,
101,28,12.12,12.27,13.56,1.105,13.40,810,24.0,4.3,+19.8,
101,29,17.64,17.78,22.90,1.288,22.72,1173,79.1,3.7,+75.4,
101,30,13.69,13.72,15.60,1.137,15.57,906,31.8,1.8,+30.0,
101,31,13.18,13.14,14.75,1.123,14.81,867,29.0,3.9,+25.1,
101,32,14.15,14.16,16.15,1.141,16.15,934,36.1,7.7,+28.4,
101,32-1,14.08,14.09,16.09,1.142,16.08,930,36.2,7.7,+28.4,
101,33,14.91,15.01,17.18,1.145,17.06,991,36.7,1.8,+34.9,
101,34,14.47,14.48,16.64,1.150,16.64,955,36.6,1.8,+34.8,
101,35,13.33,13.33,16.42,1.232,16.42,880,47.3,1.9,+45.4,
101,36,15.71,15.72,18.55,1.180,18.54,1037,46.7,5.2,+41.7,
101,37,14.92,15.01,17.18,1.145,17.08,991,36.7,1.8,+34.9,
101,38,16.32,16.34,19.04,1.166,19.02,1078,46.9,8.4,+38.5,
101,39,18.26,17.55,20.82,1.186,21.66,1158,54.2,4.1,+50.0,
101,40,18.23,18.23,21.15,1.160,21.15,1203,48.9,1.9,+47.0,
101,43,12.65,12.65,14.96,1.182,14.96,835,37.7,2.3,+35.4,
101,43-1,13.46,13.47,15.35,1.140,15.34,889,31.8,1.8,+29.9,
101,43-2,13.10,13.16,15.52,1.179,15.44,869,38.9,2.8,+36.2,
101,44-1,15.97,16.02,18.85,1.177,18.80,1057,47.2,4.4,+42.8,
101,49,7.97,7.97,10.17,1.276,10.17,526,34.8,0.0,+34.6,
101,50,4.86,4.84,5.76,1.190,5.78,319,15.0,0.0,+15.0,
101,51,5.17,5.17,5.87,1.134,5.86,341,12.6,1.6,+11.0,
101,52,6.31,6.36,7.28,1.145,7.22,420,16.3,1.6,+14.7,
101,52-1,6.25,6.28,7.20,1.147,7.17,414,16.3,1.6,+14.7,
101,52-2,6.42,6.42,7.33,1.142,7.34,424,16.1,1.6,+14.5,
101,53,6.93,7.01,8.55,1.218,8.45,463,24.9,0.0,+24.9,
101,54,6.04,6.02,7.39,1.226,7.41,398,22.1,0.0,+22.0,
101,55,5.74,5.60,6.71,1.197,6.87,370,18.1,0.0,+18.1,
101,56,11.34,11.35,13.16,1.160,13.15,749,30.2,1.5,+28.6,
101,57,9.49,9.50,10.75,1.131,10.73,627,19.6,13.0,+6.6,
101,57-1,8.50,8.50,9.58,1.127,9.58,561,19.8,3.3,+16.5,
101,58,4.15,4.15,4.24,1.022,4.24,274,4.6,6.3,-1.7,
101,59,8.66,8.66,9.98,1.152,9.97,572,19.6,11.5,+8.3,
101,59-1,9.58,9.08,9.70,1.068,10.24,599,12.9,10.6,+2.3,
101,61,7.49,7.67,9.41,1.226,9.18,506,28.1,0.0,+28.0,
101,62,8.05,8.29,9.46,1.142,9.19,547,20.3,1.4,+18.9,
101,64,1.98,2.17,2.05,0.947,1.87,143,0.0,6.2,-6.2,
101,66,22.80,22.89,29.05,1.269,28.94,1511,96.9,9.9,+87.0,
101,71,10.83,10.62,11.38,1.071,11.60,701,16.9,15.7,+1.2,
101,71-1,9.22,10.62,11.38,1.071,9.87,701,16.9,15.7,+1.2,
101,73,3.38,3.66,4.06,1.108,3.74,242,6.5,0.0,+6.5,
101,74,5.94,5.94,7.34,1.236,7.34,392,22.6,0.0,+22.5,
101,75,14.10,14.14,16.03,1.133,15.98,933,34.4,7.7,+26.7,
101,75-1,13.95,14.04,15.64,1.113,15.53,927,31.2,11.1,+20.1,
101,80,15.18,15.18,17.22,1.134,17.22,1002,38.3,16.5,+21.7,
101,81,12.23,12.23,13.63,1.114,13.63,807,27.4,12.3,+15.1,
101,82,7.38,7.38,10.21,1.383,10.21,487,38.8,0.0,+38.8,
101,83,4.22,1.33,1.34,1.009,4.25,88,0.2,0.0,+0.2,경로 다름
101,84,4.10,4.10,4.70,1.147,4.70,270,10.0,0.0,+10.0,
101,85,13.36,13.38,14.90,1.113,14.87,883,29.5,12.3,+17.2,
101,85-1,15.80,16.11,18.09,1.123,17.74,1063,37.9,16.9,+20.9,
101,86,14.49,14.81,16.76,1.132,16.40,977,36.0,16.5,+19.5,
101,103,1.37,1.38,1.38,1.000,1.37,91,0.0,0.0,+0.0,
101,105-2,22.20,22.29,27.13,1.217,27.02,1471,79.1,7.2,+72.2,
101,129,11.98,12.06,13.48,1.118,13.40,796,26.6,7.7,+18.9,
101,132,19.80,19.80,24.96,1.261,24.96,1307,81.1,5.7,+75.4,
101,135,17.99,17.69,20.97,1.186,21.33,1168,54.4,4.1,+50.3,
101,140,8.82,9.14,10.69,1.170,10.32,603,27.3,3.6,+24.1,
101,140-1,8.82,9.14,10.69,1.170,10.32,603,27.3,3.6,+24.1,
101,140-2,8.82,9.14,10.69,1.170,10.32,603,27.3,3.6,+24.1,
101,142,16.94,17.05,21.99,1.290,21.85,1126,76.1,3.7,+72.4,
101,143,11.45,11.38,14.48,1.273,14.57,751,48.4,3.4,+45.1,
101,152-1,8.58,8.35,8.71,1.043,8.95,551,11.3,14.7,-3.3,
101,153,7.99,8.01,8.37,1.044,8.34,529,11.1,12.7,-1.6,
101,200,10.82,10.82,12.02,1.110,12.02,714,22.7,7.7,+15.0,
101,201,13.30,13.30,14.95,1.124,14.95,878,31.0,8.5,+22.6,
101,203,10.80,10.58,11.76,1.112,12.00,698,22.5,7.7,+14.8,
101,207,6.51,6.75,7.67,1.137,7.40,445,16.3,1.6,+14.7,
101,220,7.34,7.48,8.65,1.157,8.49,494,20.5,1.6,+18.8,
101,221,9.54,9.72,11.07,1.139,10.86,642,23.8,4.0,+19.8,
101,222,7.27,7.27,8.41,1.157,8.41,480,19.9,1.6,+18.3,
101,223,12.25,12.28,14.07,1.146,14.04,810,31.1,4.4,+26.5,
101,300,24.42,24.62,31.35,1.274,31.11,1625,105.9,4.1,+101.8,
101,301,25.49,25.45,32.49,1.277,32.54,1680,110.6,4.1,+106.5,
101,302,28.05,28.25,36.73,1.300,36.47,1865,132.3,4.1,+128.0,
101,500,9.17,9.22,10.09,1.094,10.03,609,17.2,7.7,+9.4,
101,900,,14.52,18.65,1.284,18.65,959,60.1,10.0,+50.0,
101,901,,14.33,18.49,1.290,18.49,946,58.9,13.3,+45.7,
101,902,,13.76,17.84,1.296,17.84,908,58.8,9.1,+49.8,
101,903,,14.20,18.47,1.300,18.47,937,61.1,7.0,+54.1,
101,904,,13.88,18.18,1.310,18.18,916,61.2,6.4,+54.8,
101,905,,15.52,19.78,1.274,19.78,1025,63.0,10.6,+52.4,
101,906,,14.87,19.18,1.290,19.18,981,60.9,15.5,+45.0,
101,915,,18.63,22.82,1.225,22.82,1230,58.3,44.1,+14.6,
101,916,,19.77,24.03,1.215,24.03,1305,60.2,45.5,+15.0,
101,917,,20.59,24.97,1.213,24.97,1359,60.4,51.4,+9.1,
101,918,,15.77,20.65,1.310,20.65,1041,70.2,8.6,+61.0,
101,919,15.58,15.58,19.81,1.271,19.81,1028,58.3,23.3,+35.0,
101,921,,17.26,21.46,1.243,21.46,1139,58.4,32.9,+25.6,
101,922,,17.79,22.13,1.244,22.13,1174,60.4,30.2,+30.0,
101,923,,18.28,22.66,1.240,22.66,1206,61.6,32.9,+28.8,
101,924,,18.25,22.52,1.234,22.52,1204,60.4,33.9,+26.5,
101,925,,17.57,21.74,1.237,21.74,1160,58.3,33.3,+25.0,
101,926,,18.03,22.12,1.227,22.12,1190,58.3,35.0,+23.4,
101,931,,23.03,27.39,1.189,27.39,1520,63.3,58.3,+5.0,
101,932,,22.87,27.18,1.189,27.18,1510,61.2,55.9,+5.2,
101,933,,23.48,27.84,1.186,27.84,1550,62.1,55.9,+6.3,
101,934,,23.57,27.96,1.187,27.96,1555,62.7,55.9,+6.9,
101,935,,24.85,29.14,1.173,29.14,1640,62.5,59.3,+3.3,
101,942,22.98,23.09,27.76,1.202,27.62,1524,66.7,42.8,+23.9,
101,946,,18.07,22.33,1.236,22.33,1192,58.3,43.8,+14.5,
101,GATE,6.13,6.31,6.01,0.951,5.83,417,0.6,11.2,-10.7,
103,1,4.33,4.55,5.11,1.123,4.86,300,9.5,0.0,+9.5,
103,2,4.48,4.55,5.41,1.189,5.33,300,14.0,0.0,+14.0,
103,3,5.53,5.60,6.73,1.202,6.64,369,18.2,0.5,+17.7,
103,4,5.14,5.25,6.36,1.212,6.23,347,18.1,0.8,+17.4,
103,5,5.86,5.93,7.13,1.203,7.04,391,19.5,0.0,+19.5,
103,6,6.80,6.87,8.30,1.208,8.21,453,22.8,0.0,+22.7,
103,7,6.59,6.68,8.39,1.256,8.27,441,27.2,0.0,+27.0,
103,8,6.17,6.42,7.90,1.230,7.59,424,23.7,0.0,+23.7,
103,9,7.29,7.35,9.34,1.270,9.25,485,31.2,0.0,+31.2,
103,10,8.49,8.65,10.71,1.239,10.52,571,32.6,0.0,+32.5,
103,10-1,9.10,9.18,11.46,1.248,11.35,606,35.7,0.0,+35.6,
103,11,8.10,8.17,10.27,1.257,10.18,539,33.2,0.0,+33.2,
103,12,7.48,7.73,9.84,1.273,9.52,510,33.3,0.0,+33.2,
103,13,7.33,7.54,9.64,1.278,9.36,498,32.9,0.0,+32.9,
103,14,7.27,7.37,9.09,1.234,8.97,486,27.2,0.0,+27.0,
103,15,1.44,1.82,2.11,1.162,1.67,120,4.8,0.0,+4.9,
103,15-1,1.33,1.67,2.05,1.222,1.62,110,6.1,0.0,+6.1,
103,16,1.35,1.57,1.68,1.068,1.44,104,1.9,0.0,+1.8,
103,16-1,0.75,0.75,0.75,1.000,0.75,49,0.0,0.0,-0.0,
103,17,2.59,2.65,3.09,1.165,3.01,175,7.3,0.0,+7.3,
103,18,11.70,11.90,14.83,1.247,14.58,785,43.9,0.8,+43.1,
103,19,12.50,12.53,15.38,1.227,15.34,827,43.9,2.6,+41.2,
103,20,8.02,8.32,10.69,1.285,10.31,549,36.7,0.9,+35.7,
103,21,9.98,10.14,12.64,1.247,12.45,669,36.8,0.6,+36.2,
103,22,8.18,8.18,9.49,1.160,9.49,540,21.0,0.3,+20.8,
103,24,4.76,4.98,5.34,1.073,5.11,328,7.2,1.1,+6.1,
103,25,6.26,6.38,6.90,1.082,6.77,421,9.9,1.0,+8.9,
103,25-1,6.32,6.46,6.91,1.070,6.76,426,9.1,1.6,+7.5,
103,26,6.79,6.79,7.32,1.077,7.32,448,9.9,1.0,+8.9,
103,27,8.35,8.01,8.53,1.066,8.90,529,10.0,1.1,+8.9,
103,28,9.24,9.39,10.26,1.093,10.10,620,16.1,1.3,+14.8,
103,29,15.06,15.20,19.99,1.315,19.81,1003,71.0,0.6,+70.4,
103,30,11.10,11.13,12.68,1.140,12.65,734,25.5,0.5,+25.0,
103,31,10.59,10.54,11.83,1.122,11.89,696,22.8,2.7,+20.1,
103,32,11.26,11.79,13.56,1.149,12.94,778,32.1,8.7,+23.4,
103,32-1,11.19,11.73,13.50,1.150,12.87,774,32.1,8.7,+23.4,
103,33,12.01,12.42,14.26,1.148,13.79,820,30.4,0.5,+29.9,
103,34,11.88,11.88,13.72,1.155,13.72,784,30.4,0.5,+29.8,
103,35,10.74,10.74,13.50,1.257,13.50,709,41.1,0.6,+40.4,
103,36,13.12,13.13,15.62,1.190,15.62,866,40.4,4.0,+36.7,
103,37,12.33,12.42,14.26,1.148,14.16,820,30.4,0.5,+29.9,
103,38,13.42,13.84,15.98,1.154,15.49,914,35.2,0.7,+34.5,
103,39,15.67,14.96,17.90,1.197,18.75,987,47.9,2.9,+45.0,
103,40,15.64,15.64,18.23,1.165,18.23,1032,42.7,0.7,+42.0,
103,43,10.06,10.06,12.04,1.197,12.04,664,31.5,1.1,+30.4,
103,43-1,10.87,10.88,12.43,1.142,12.42,718,25.5,0.6,+24.9,
103,43-2,10.51,10.57,12.59,1.191,12.52,698,32.7,1.5,+31.2,
103,44-1,13.38,13.42,15.93,1.187,15.88,886,41.0,3.1,+37.8,
103,49,6.94,7.01,9.18,1.310,9.10,463,34.4,0.0,+34.2,
103,50,3.83,3.88,4.77,1.230,4.71,256,14.6,0.0,+14.6,
103,51,5.25,5.32,6.36,1.195,6.28,351,17.5,1.6,+15.8,
103,52,5.68,5.74,7.02,1.223,6.94,379,20.8,0.0,+20.8,
103,52-1,6.33,6.43,7.69,1.197,7.58,424,21.2,1.6,+19.6,
103,52-2,6.50,6.57,7.83,1.192,7.75,434,21.0,1.6,+19.4,
103,53,5.91,6.05,7.55,1.249,7.37,399,24.5,0.0,+24.5,
103,54,5.01,5.06,6.40,1.264,6.34,334,21.6,0.0,+21.6,
103,55,4.71,4.64,5.72,1.232,5.80,306,17.6,0.0,+17.6,
103,56,8.75,8.76,10.24,1.169,10.23,578,24.0,0.3,+23.6,
103,57,9.57,9.65,11.24,1.164,11.14,637,24.5,13.0,+11.5,
103,57-1,8.58,8.65,10.08,1.165,10.00,571,24.7,3.4,+21.3,
103,58,5.65,5.65,6.09,1.077,6.08,373,9.9,6.3,+3.6,
103,59,8.74,8.81,10.47,1.189,10.39,582,24.5,11.5,+13.2,
103,59-1,9.66,9.23,10.19,1.104,10.67,609,17.7,10.6,+7.2,
103,61,6.02,6.27,7.71,1.229,7.39,414,23.1,0.0,+23.0,
103,62,5.46,5.74,6.58,1.146,6.26,379,13.9,0.0,+13.9,
103,64,3.65,3.65,3.52,0.965,3.52,241,0.0,10.0,-10.0,
103,66,20.23,20.31,26.14,1.287,26.03,1341,88.8,6.8,+82.0,
103,71,12.33,12.12,13.22,1.091,13.45,800,22.2,15.7,+6.5,
103,71-1,10.71,12.12,13.22,1.091,11.69,800,22.2,15.7,+6.5,
103,73,1.24,2.01,2.13,1.058,1.32,133,2.0,0.0,+2.0,
103,74,4.54,4.61,5.75,1.248,5.66,304,18.1,0.0,+18.0,
103,75,11.21,11.78,13.43,1.140,12.78,777,30.4,8.7,+21.7,
103,75-1,11.05,11.68,13.04,1.116,12.34,771,27.1,12.0,+15.1,
103,80,16.68,16.68,19.06,1.143,19.06,1101,43.6,16.5,+27.0,
103,81,13.47,13.54,15.15,1.119,15.08,893,30.2,10.3,+19.9,
103,82,6.35,6.42,9.22,1.436,9.12,424,38.3,0.0,+38.3,
103,83,4.89,2.43,2.63,1.081,5.29,161,3.3,0.0,+3.3,경로 다름
103,84,3.07,3.13,3.71,1.183,3.63,207,9.6,0.0,+9.6,
103,85,14.60,14.69,16.42,1.118,16.32,969,32.4,10.3,+22.1,
103,85-1,17.30,17.60,19.93,1.132,19.58,1162,43.2,16.9,+26.2,
103,86,15.99,16.30,18.60,1.141,18.24,1076,41.3,16.5,+24.8,
103,101,1.37,1.38,1.38,1.000,1.37,91,0.0,0.0,-0.0,
103,105-2,19.61,19.70,24.21,1.229,24.10,1300,72.8,5.9,+67.2,
103,129,9.09,9.70,10.89,1.123,10.20,640,22.6,8.7,+13.9,
103,132,17.23,17.23,22.06,1.280,22.06,1137,73.0,2.6,+70.4,
103,135,15.40,15.10,18.05,1.196,18.42,996,48.2,2.9,+45.3,
103,140,8.15,8.24,10.08,1.223,9.96,544,31.5,2.9,+28.9,
103,140-1,8.15,8.24,10.08,1.223,9.96,544,31.5,2.9,+28.9,
103,140-2,8.15,8.24,10.08,1.223,9.96,544,31.5,2.9,+28.9,
103,142,14.37,14.48,19.08,1.318,18.94,956,68.0,0.6,+67.4,
103,143,9.48,9.41,12.19,1.295,12.28,621,42.5,2.4,+40.1,
103,152-1,10.08,9.84,10.55,1.072,10.80,650,16.7,14.7,+2.0,
103,153,9.48,9.51,10.21,1.074,10.18,628,16.4,12.7,+3.7,
103,200,7.93,8.46,9.42,1.114,8.83,558,18.7,8.7,+10.0,
103,201,10.40,10.94,12.35,1.129,11.75,722,27.0,9.4,+17.6,
103,203,7.90,8.21,9.16,1.116,8.82,542,18.5,8.7,+9.8,
103,207,6.59,6.90,8.16,1.184,7.80,455,21.2,1.6,+19.6,
103,220,6.88,7.01,8.61,1.228,8.45,463,26.9,3.2,+23.8,
103,221,8.98,9.23,10.98,1.190,10.69,609,29.6,5.0,+24.6,
103,222,7.35,7.42,8.91,1.201,8.83,490,24.8,1.6,+23.2,
103,223,11.69,11.79,13.99,1.186,13.87,778,36.9,5.4,+31.4,
103,300,21.83,22.02,28.43,1.291,28.18,1454,99.7,2.9,+96.8,
103,301,22.90,22.85,29.57,1.294,29.62,1508,104.4,2.9,+101.5,
103,302,25.46,25.66,33.80,1.317,33.54,1693,126.0,2.9,+123.0,
103,500,6.28,6.86,7.50,1.093,6.86,453,13.1,8.7,+4.4,
103,900,,13.36,16.72,1.252,16.72,882,51.7,6.6,+45.0,
103,901,,13.17,16.57,1.258,16.57,869,50.4,9.9,+40.7,
103,902,,12.60,15.92,1.263,15.92,831,50.4,5.7,+44.8,
103,903,,13.04,16.54,1.269,16.54,861,52.7,3.6,+49.1,
103,904,,12.71,16.26,1.279,16.26,839,52.8,3.0,+49.8,
103,905,,14.36,17.85,1.243,17.85,948,54.6,7.2,+47.4,
103,906,,13.71,17.26,1.259,17.26,905,52.5,12.1,+40.0,
103,915,,17.47,20.89,1.196,20.89,1153,49.9,40.7,+9.6,
103,916,,18.61,22.10,1.188,22.10,1228,51.8,42.1,+10.0,
103,917,,19.43,23.05,1.187,23.05,1282,51.9,48.0,+4.1,
103,918,,14.60,18.73,1.283,18.73,964,61.8,5.2,+56.0,
103,919,14.35,14.42,17.89,1.241,17.80,952,49.9,19.9,+30.0,
103,921,,16.10,19.53,1.213,19.53,1062,50.0,29.5,+20.6,
103,922,,16.62,20.21,1.216,20.21,1097,51.9,26.8,+25.0,
103,923,,17.11,20.73,1.212,20.73,1129,53.2,29.5,+23.8,
103,924,,17.09,20.59,1.205,20.59,1128,52.0,30.5,+21.5,
103,925,,16.41,19.81,1.208,19.81,1083,49.9,29.9,+20.0,
103,926,,16.86,20.20,1.198,20.20,1113,49.9,31.6,+18.4,
103,931,,21.87,25.47,1.165,25.47,1443,54.8,54.8,+0.0,
103,932,,21.71,25.26,1.164,25.26,1433,52.8,52.5,+0.2,
103,933,,22.32,25.92,1.161,25.92,1473,53.7,52.5,+1.3,
103,934,,22.40,26.04,1.162,26.04,1479,54.3,52.5,+1.9,
103,935,,23.68,27.21,1.149,27.21,1563,54.1,55.9,-1.7,
103,942,21.74,21.92,25.83,1.178,25.62,1447,58.3,39.4,+18.9,
103,946,,16.90,20.41,1.207,20.41,1116,49.9,40.3,+9.5,
103,GATE,7.66,7.65,7.21,0.942,7.22,505,0.6,13.0,-12.4,
105-2,1,15.54,15.64,15.63,0.999,15.53,1032,7.0,56.7,-50.0,
105-2,2,15.74,15.88,15.87,0.999,15.73,1048,7.0,54.4,-47.6,
105-2,3,16.99,16.81,16.83,1.001,17.00,1110,7.6,54.5,-47.2,
105-2,4,16.69,16.88,16.80,0.995,16.61,1114,7.5,56.7,-49.5,
105-2,5,15.67,15.77,15.62,0.991,15.53,1041,7.5,52.0,-44.7,
105-2,6,16.94,17.05,17.67,1.036,17.56,1125,13.8,51.9,-38.3,
105-2,7,15.62,15.97,16.00,1.002,15.64,1054,8.7,44.4,-35.9,
105-2,8,15.74,16.06,15.92,0.991,15.60,1060,7.5,52.0,-44.7,
105-2,9,15.66,15.95,15.98,1.002,15.69,1053,8.7,44.4,-35.9,
105-2,10,15.75,15.82,16.44,1.039,16.37,1044,13.8,43.4,-29.9,
105-2,10-1,15.52,15.59,16.20,1.039,16.12,1029,13.8,42.6,-29.1,
105-2,11,15.84,16.03,15.83,0.988,15.65,1058,8.8,42.4,-33.9,
105-2,12,14.69,14.79,14.68,0.993,14.59,976,8.8,37.1,-28.6,
105-2,13,13.09,13.18,13.18,1.000,13.09,870,8.6,33.9,-25.6,
105-2,14,16.11,16.18,16.76,1.036,16.69,1068,13.8,45.0,-31.5,
105-2,15,19.57,19.66,19.66,1.000,19.57,1298,7.2,72.1,-65.2,
105-2,15-1,20.24,21.46,21.53,1.003,20.31,1416,10.3,75.7,-65.6,
105-2,16,21.41,21.60,21.55,0.998,21.37,1425,8.6,76.1,-67.8,
105-2,16-1,20.78,20.88,20.75,0.994,20.65,1378,7.2,76.0,-69.1,
105-2,17,21.03,21.12,21.39,1.013,21.29,1394,11.9,68.8,-57.2,
105-2,18,8.82,8.96,9.18,1.024,9.03,592,8.2,29.5,-21.5,
105-2,19,7.73,7.80,7.88,1.011,7.81,515,5.5,21.9,-16.7,
105-2,20,9.62,11.53,11.47,0.995,9.58,761,6.4,32.5,-26.3,
105-2,21,9.78,9.97,10.39,1.042,10.19,658,10.9,39.6,-28.9,
105-2,22,10.46,10.56,10.71,1.014,10.61,697,4.8,50.4,-45.9,
105-2,24,14.75,14.91,14.83,0.995,14.67,984,5.1,63.1,-58.3,
105-2,25,13.68,13.78,13.71,0.995,13.62,909,4.8,60.0,-55.5,
105-2,25-1,15.20,15.29,15.21,0.995,15.12,1009,5.1,63.1,-58.3,
105-2,26,14.29,13.85,13.89,1.003,14.33,914,5.1,59.7,-54.9,
105-2,27,11.75,11.85,11.95,1.009,11.85,782,4.8,53.2,-48.7,
105-2,28,11.12,11.15,11.32,1.015,11.29,736,4.8,51.8,-47.3,
105-2,29,5.30,5.42,5.93,1.094,5.80,358,9.3,4.6,+4.3,
105-2,30,9.02,9.11,9.05,0.993,8.96,601,3.2,40.2,-37.3,
105-2,31,11.03,11.07,11.25,1.016,11.21,731,4.8,51.6,-47.1,
105-2,32,10.16,10.25,10.14,0.989,10.05,677,3.1,45.0,-42.2,
105-2,32-1,9.70,9.79,9.68,0.988,9.59,646,3.1,45.0,-42.2,
105-2,33,8.90,9.00,8.94,0.993,8.84,594,3.2,40.2,-37.3,
105-2,34,7.01,7.14,7.12,0.997,6.98,471,3.1,33.3,-30.5,
105-2,35,7.53,7.73,7.77,1.004,7.56,511,4.7,33.9,-29.5,
105-2,36,6.48,6.58,6.52,0.992,6.43,434,3.1,29.4,-26.6,
105-2,37,7.42,7.51,7.44,0.990,7.35,496,3.1,34.8,-32.0,
105-2,38,7.35,7.45,7.37,0.990,7.28,492,3.1,34.8,-32.0,
105-2,39,4.84,4.93,5.07,1.028,4.97,325,3.1,24.0,-21.2,
105-2,40,4.55,4.94,4.95,1.001,4.56,326,3.2,17.7,-14.8,
105-2,43,9.58,9.84,9.82,0.998,9.57,649,4.9,40.7,-36.1,
105-2,43-1,8.48,8.58,8.62,1.005,8.52,566,4.7,39.4,-35.0,
105-2,43-2,9.07,9.17,9.21,1.005,9.12,605,4.8,39.5,-34.9,
105-2,44-1,6.28,5.91,5.92,1.001,6.29,390,3.1,27.0,-24.1,
105-2,49,21.41,21.48,23.18,1.079,23.10,1418,21.3,63.8,-42.8,
105-2,50,20.52,20.62,21.04,1.021,20.95,1361,13.1,66.4,-53.6,
105-2,51,21.92,22.02,22.62,1.027,22.52,1453,15.7,70.9,-55.6,
105-2,52,22.01,22.10,22.68,1.026,22.58,1459,15.7,66.4,-50.9,
105-2,52-1,22.70,22.92,23.50,1.026,23.27,1513,16.7,68.7,-52.3,
105-2,52-2,23.22,23.31,23.90,1.025,23.81,1538,16.8,68.7,-52.2,
105-2,53,21.03,21.10,22.77,1.079,22.70,1393,21.0,64.0,-43.2,
105-2,54,19.91,20.06,21.64,1.078,21.48,1324,19.0,63.5,-44.8,
105-2,55,20.18,20.25,21.82,1.078,21.74,1336,19.0,63.5,-44.8,
105-2,56,9.89,9.98,9.97,0.999,9.88,659,4.9,40.7,-36.1,
105-2,57,26.00,26.09,27.98,1.072,27.88,1722,24.8,84.8,-60.2,
105-2,57-1,25.02,25.09,26.81,1.069,26.74,1656,25.0,75.2,-50.4,
105-2,58,25.46,25.56,25.89,1.013,25.80,1687,14.5,80.4,-66.2,
105-2,59,25.17,25.25,27.21,1.078,27.13,1666,24.8,83.4,-58.6,
105-2,59-1,26.10,26.17,28.15,1.076,28.08,1727,24.9,89.8,-64.9,
105-2,61,14.40,14.50,14.36,0.990,14.26,957,7.0,46.5,-39.8,
105-2,62,13.83,15.56,16.02,1.030,14.24,1027,11.0,63.7,-53.2,
105-2,64,22.91,23.01,22.45,0.976,22.36,1518,6.5,88.8,-82.6,
105-2,66,6.69,6.85,7.74,1.131,7.56,452,15.1,0.1,+14.8,
105-2,71,28.67,28.53,28.67,1.005,28.81,1883,19.5,84.9,-65.6,
105-2,71-1,28.22,28.53,28.67,1.005,28.35,1883,19.5,84.9,-65.6,
105-2,73,18.93,19.03,18.93,0.995,18.84,1256,6.0,70.8,-65.0,
105-2,74,19.06,19.15,19.88,1.038,19.78,1264,16.4,65.2,-49.2,
105-2,75,9.90,10.11,10.04,0.994,9.84,667,3.2,45.4,-42.5,
105-2,75-1,11.38,11.59,11.41,0.984,11.20,765,3.7,50.8,-47.4,
105-2,80,34.59,34.66,36.09,1.041,36.02,2287,41.2,86.0,-45.2,
105-2,81,26.61,26.68,26.86,1.007,26.79,1761,19.5,71.1,-51.8,
105-2,82,17.62,17.71,18.20,1.028,18.10,1169,17.6,37.0,-19.7,
105-2,83,22.14,22.23,22.65,1.019,22.56,1467,14.3,71.2,-57.2,
105-2,84,19.85,19.57,19.89,1.016,20.17,1292,10.9,65.8,-55.3,
105-2,85,27.74,27.83,28.13,1.011,28.03,1837,21.7,71.1,-49.6,
105-2,85-1,35.20,35.58,36.96,1.039,36.57,2348,40.7,86.4,-45.9,
105-2,86,33.90,34.28,35.63,1.039,35.23,2262,38.9,86.0,-47.4,
105-2,101,22.20,22.29,22.18,0.995,22.09,1471,7.2,79.1,-72.2,
105-2,103,19.61,19.70,19.55,0.992,19.45,1300,5.9,72.8,-67.2,
105-2,129,12.04,12.20,12.27,1.006,12.12,805,4.8,53.7,-49.2,
105-2,132,2.03,2.34,2.60,1.113,2.26,154,4.4,0.2,+4.0,
105-2,135,4.17,4.34,4.41,1.016,4.24,287,3.1,19.0,-16.1,
105-2,140,21.29,21.24,21.63,1.018,21.68,1402,19.4,46.9,-27.8,
105-2,140-1,21.29,21.24,21.63,1.018,21.68,1402,19.4,46.9,-27.8,
105-2,140-2,21.29,21.24,21.63,1.018,21.68,1402,19.4,46.9,-27.8,
105-2,142,6.43,6.74,7.11,1.055,6.78,445,9.2,8.0,+1.0,
105-2,143,8.68,8.92,9.56,1.072,9.31,589,9.2,29.5,-20.5,
105-2,152-1,28.62,28.47,28.76,1.010,28.91,1879,16.7,86.7,-70.2,
105-2,153,28.02,28.14,28.42,1.010,28.30,1857,16.5,84.7,-68.5,
105-2,200,11.89,12.10,11.96,0.988,11.75,799,3.7,51.6,-48.2,
105-2,201,11.81,12.27,12.10,0.986,11.64,810,3.7,53.0,-49.6,
105-2,203,13.86,14.06,13.70,0.974,13.50,928,3.7,60.6,-57.2,
105-2,207,23.31,23.69,24.28,1.025,23.89,1563,16.8,68.7,-52.2,
105-2,220,23.03,23.17,24.88,1.074,24.73,1529,23.8,71.6,-47.9,
105-2,221,22.33,25.39,27.25,1.073,23.97,1676,26.5,73.4,-47.1,
105-2,222,23.79,23.86,25.64,1.075,25.57,1574,25.2,73.4,-48.6,
105-2,223,24.10,24.47,25.08,1.025,24.70,1615,24.2,64.2,-40.3,
105-2,300,5.69,6.08,8.08,1.329,7.56,401,31.0,0.4,+30.3,
105-2,301,6.75,6.91,9.16,1.326,8.96,456,35.0,0.4,+34.3,
105-2,302,9.30,9.71,13.40,1.379,12.83,641,56.7,0.4,+55.9,
105-2,500,15.34,15.55,14.98,0.964,14.78,1026,3.7,65.2,-61.8,
105-2,900,,16.52,17.40,1.053,17.40,1090,14.5,36.4,-22.2,
105-2,901,,17.49,18.24,1.043,18.24,1154,14.4,40.7,-26.5,
105-2,902,,15.60,16.44,1.053,16.44,1030,13.8,35.9,-22.4,
105-2,903,,14.47,15.40,1.064,15.40,955,13.8,31.6,-18.1,
105-2,904,,14.15,15.11,1.068,15.11,934,13.8,30.9,-17.3,
105-2,905,,14.80,15.66,1.059,15.66,977,13.9,33.3,-19.8,
105-2,906,,17.05,17.82,1.045,17.82,1125,13.8,37.7,-24.2,
105-2,915,,21.90,22.33,1.020,22.33,1445,14.2,71.9,-57.6,
105-2,916,,23.04,23.54,1.022,23.54,1521,16.1,73.3,-57.2,
105-2,917,,23.86,24.49,1.026,24.49,1575,16.2,79.2,-63.1,
105-2,918,,15.04,16.53,1.099,16.53,993,20.5,30.8,-11.1,
105-2,919,18.78,18.85,19.33,1.025,19.25,1244,14.2,51.1,-37.2,
105-2,921,,20.53,20.97,1.021,20.97,1355,14.3,60.7,-46.6,
105-2,922,,21.06,21.65,1.028,21.65,1390,16.2,58.0,-42.2,
105-2,923,,21.55,22.17,1.029,22.17,1422,17.5,60.7,-43.4,
105-2,924,,21.52,22.03,1.024,22.03,1420,16.3,61.6,-45.6,
105-2,925,,20.84,21.25,1.020,21.25,1375,14.2,61.1,-47.2,
105-2,926,,21.30,21.64,1.016,21.64,1405,14.2,62.8,-48.8,
105-2,931,,26.30,26.90,1.023,26.90,1736,19.1,86.0,-67.2,
105-2,932,,26.14,26.70,1.021,26.70,1725,17.1,83.6,-66.9,
105-2,933,,26.75,27.36,1.023,27.36,1765,18.0,83.7,-65.9,
105-2,934,,26.84,27.48,1.024,27.48,1771,18.6,83.7,-65.3,
105-2,935,,28.12,28.65,1.019,28.65,1856,18.4,87.1,-68.9,
105-2,942,25.37,25.44,29.60,1.164,29.52,1679,42.7,86.9,-44.5,
105-2,946,,21.33,21.84,1.024,21.84,1408,14.2,71.5,-57.7,
105-2,GATE,26.92,27.00,26.26,0.973,26.18,1782,7.0,93.3,-86.6,
129,1,7.86,7.92,7.99,1.008,7.93,523,5.3,6.1,-0.8,
129,2,8.06,8.17,8.28,1.014,8.17,539,5.3,3.8,+1.5,
129,3,9.31,9.10,9.23,1.015,9.44,600,5.9,3.9,+1.9,
129,4,9.01,9.16,9.20,1.005,9.05,604,5.8,6.1,-0.3,
129,5,8.39,8.45,8.56,1.013,8.50,558,5.3,3.8,+1.5,
129,6,10.00,10.09,10.35,1.026,10.26,666,8.7,5.1,+3.7,
129,7,8.80,9.12,10.06,1.103,9.71,602,16.3,3.1,+13.2,
129,8,8.71,8.95,9.32,1.042,9.08,590,9.5,3.8,+5.7,
129,9,9.04,9.10,10.04,1.103,9.97,601,16.3,3.1,+13.2,
129,10,10.54,10.95,12.01,1.096,11.55,723,19.7,5.1,+14.5,
129,10-1,11.47,11.53,13.20,1.145,13.13,761,28.7,8.1,+20.7,
129,11,9.76,9.91,11.15,1.126,10.99,654,22.5,7.2,+15.2,
129,12,9.16,9.27,10.59,1.142,10.46,612,22.5,5.4,+17.0,
129,13,7.27,7.32,8.70,1.188,8.63,483,22.3,4.1,+18.2,
129,14,10.53,10.62,11.22,1.056,11.13,701,13.1,3.9,+9.0,
129,15,10.67,10.74,10.45,0.973,10.38,709,2.3,14.2,-11.9,
129,15-1,11.34,12.49,12.29,0.984,11.16,824,14.3,26.6,-12.3,
129,16,12.07,12.32,11.73,0.952,11.50,813,7.9,26.6,-18.8,
129,16-1,11.38,11.22,10.95,0.976,11.11,741,8.8,27.5,-18.8,
129,17,12.13,12.20,12.18,0.998,12.10,806,7.0,10.8,-3.9,
129,18,5.72,5.98,7.63,1.278,7.30,394,25.3,0.2,+25.1,
129,19,6.08,6.14,7.91,1.289,7.83,405,26.9,0.1,+26.7,
129,20,5.38,5.59,6.71,1.200,6.46,369,17.9,2.3,+15.5,
129,21,4.71,4.93,6.16,1.251,5.90,325,19.3,1.1,+18.2,
129,22,1.77,1.83,1.86,1.018,1.80,121,1.1,0.5,+0.5,
129,24,4.14,4.04,3.88,0.959,3.97,267,0.1,5.0,-4.9,
129,25,2.68,2.79,2.65,0.951,2.55,184,0.0,4.4,-4.3,
129,25-1,4.52,3.82,3.65,0.956,4.32,252,0.0,5.0,-5.0,
129,26,4.60,4.05,3.88,0.958,4.41,267,0.0,5.0,-5.0,
129,27,0.93,0.93,0.93,1.000,0.93,62,0.0,0.0,-0.0,
129,28,0.81,0.97,0.97,1.007,0.81,64,0.2,0.0,+0.1,
129,29,9.08,9.28,12.80,1.379,12.52,612,52.4,0.0,+52.4,
129,30,2.79,2.80,3.25,1.163,3.25,185,7.5,0.0,+7.5,
129,31,1.42,1.34,1.46,1.088,1.55,88,2.0,0.0,+2.0,
129,32,2.69,2.69,3.13,1.161,3.13,178,7.3,0.0,+7.3,
129,32-1,2.62,2.63,3.07,1.165,3.05,174,7.3,0.0,+7.3,
129,33,3.45,3.59,4.12,1.149,3.96,237,8.9,0.0,+8.9,
129,34,4.18,4.24,4.97,1.171,4.90,280,11.9,0.0,+11.8,
129,35,4.76,4.81,6.30,1.308,6.22,318,22.5,0.0,+22.4,
129,36,5.56,5.62,7.00,1.245,6.92,371,21.3,2.9,+18.7,
129,37,4.18,4.78,5.51,1.152,4.81,316,11.9,0.0,+11.9,
129,38,4.85,4.87,6.02,1.235,5.99,322,18.1,0.7,+17.4,
129,39,7.78,7.45,9.27,1.244,9.68,492,28.8,1.8,+27.0,
129,40,7.62,7.63,9.22,1.209,9.22,503,25.9,0.0,+25.9,
129,43,3.49,3.71,4.60,1.238,4.33,245,13.6,0.6,+13.1,
129,43-1,3.17,3.24,3.67,1.135,3.60,214,7.1,0.1,+7.0,
129,43-2,2.81,3.01,3.89,1.294,3.63,198,12.7,0.0,+12.5,
129,44-1,5.82,5.92,7.31,1.234,7.18,391,21.9,2.0,+19.8,
129,49,13.64,13.72,14.80,1.079,14.71,905,21.6,11.0,+10.5,
129,50,11.62,11.70,11.84,1.012,11.76,772,8.2,8.5,-0.3,
129,51,13.02,13.10,13.41,1.024,13.33,865,10.9,13.0,-2.3,
129,52,13.11,13.19,13.47,1.022,13.39,870,10.8,8.5,+2.4,
129,52-1,13.79,14.00,14.30,1.021,14.08,924,11.8,10.8,+1.0,
129,52-2,14.32,14.39,14.70,1.021,14.62,950,11.9,10.8,+1.1,
129,53,13.21,13.34,14.39,1.079,14.26,880,21.2,11.1,+10.1,
129,54,12.14,12.30,13.26,1.078,13.09,812,19.2,10.7,+8.5,
129,55,11.85,11.62,11.73,1.009,11.95,767,7.7,8.5,-0.8,
129,56,2.81,2.77,2.99,1.079,3.03,183,3.9,0.0,+3.9,
129,57,17.15,17.25,18.04,1.046,17.94,1138,18.0,24.9,-6.9,
129,57-1,16.17,16.25,16.87,1.039,16.79,1072,18.2,15.3,+2.9,
129,58,16.26,16.34,16.18,0.990,16.10,1078,17.6,32.9,-15.3,
129,59,16.32,16.41,17.27,1.052,17.18,1083,18.0,23.5,-5.3,
129,59-1,17.25,17.33,18.21,1.051,18.13,1144,18.0,29.9,-11.7,
129,61,7.59,7.65,8.43,1.102,8.36,505,14.6,5.2,+9.4,
129,62,5.83,7.53,8.09,1.074,6.27,497,9.8,13.7,-4.1,
129,64,11.15,11.23,10.06,0.896,9.99,741,0.6,29.9,-29.3,
129,66,14.25,14.39,18.94,1.316,18.75,950,70.2,6.2,+64.0,
129,71,21.36,21.23,21.33,1.005,21.46,1401,23.2,35.5,-12.3,
129,71-1,19.74,21.23,21.33,1.005,19.84,1401,23.2,35.5,-12.3,
129,73,8.95,9.03,8.84,0.980,8.77,596,8.8,20.5,-11.8,
129,74,10.16,10.24,10.67,1.043,10.59,676,11.5,7.3,+4.1,
129,75,2.64,2.68,3.00,1.121,2.96,177,5.6,0.0,+5.5,
129,75-1,2.49,2.58,2.61,1.012,2.52,170,2.3,3.4,-1.1,
129,80,24.51,24.58,25.87,1.052,25.79,1622,45.2,37.0,+8.1,
129,81,20.78,20.85,21.48,1.030,21.40,1376,20.3,18.8,+1.5,
129,82,12.36,12.44,14.34,1.152,14.24,821,29.2,9.3,+19.9,
129,83,13.24,13.24,12.84,0.970,12.84,874,11.0,26.6,-15.6,
129,84,10.95,10.66,10.69,1.003,10.98,703,6.0,7.9,-2.0,
129,85,21.90,22.01,22.75,1.034,22.64,1452,22.4,18.8,+3.7,
129,85-1,25.12,25.51,26.74,1.048,26.34,1683,44.8,37.4,+7.3,
129,86,23.81,24.21,25.41,1.050,25.00,1598,42.9,37.0,+5.9,
129,101,11.98,12.06,11.46,0.950,11.39,796,7.7,26.6,-18.9,
129,103,9.09,9.70,9.44,0.974,8.85,640,8.7,22.6,-13.9,
129,105-2,12.04,12.20,15.59,1.278,15.39,805,53.7,4.8,+49.2,
129,132,11.25,11.31,14.86,1.314,14.78,746,54.4,2.0,+52.4,
129,135,7.84,7.59,9.42,1.241,9.73,501,29.1,1.8,+27.3,
129,140,15.45,15.56,16.40,1.054,16.29,1027,21.6,11.4,+10.5,
129,140-1,15.45,15.56,16.40,1.054,16.29,1027,21.6,11.4,+10.5,
129,140-2,15.45,15.56,16.40,1.054,16.29,1027,21.6,11.4,+10.5,
129,142,8.38,8.56,11.89,1.389,11.65,565,49.4,0.0,+49.4,
129,143,6.62,6.68,8.55,1.281,8.48,441,28.9,0.2,+28.7,
129,152-1,19.11,18.95,18.66,0.985,18.82,1251,17.6,34.5,-16.9,
129,153,18.51,18.62,18.32,0.984,18.22,1229,17.4,32.6,-15.2,
129,200,0.80,0.81,0.81,1.000,0.80,53,0.0,0.0,+0.0,
129,201,1.84,1.84,1.93,1.048,1.92,121,2.2,0.7,+1.4,
129,203,1.85,1.92,1.81,0.941,1.74,127,0.0,3.9,-3.9,
129,207,14.41,14.77,15.07,1.020,14.70,975,11.9,10.8,+1.1,
129,220,14.18,14.33,14.94,1.043,14.79,946,16.9,11.7,+5.3,
129,221,16.29,16.55,17.31,1.046,17.04,1092,19.7,13.5,+6.2,
129,222,14.94,15.01,15.70,1.046,15.62,991,18.3,13.6,+4.7,
129,223,19.00,19.11,20.31,1.063,20.20,1261,26.9,13.9,+13.0,
129,300,14.27,14.52,19.80,1.364,19.46,958,80.6,1.8,+78.8,
129,301,15.34,15.35,20.94,1.364,20.92,1013,85.3,1.8,+83.5,
129,302,17.90,18.16,25.18,1.387,24.82,1198,106.9,1.8,+105.0,
129,500,3.33,3.41,3.09,0.907,3.02,225,0.0,8.5,-8.5,
129,900,,16.61,18.85,1.135,18.85,1096,37.6,10.5,+27.0,
129,901,,16.42,18.69,1.138,18.69,1084,36.3,13.7,+22.7,
129,902,,15.85,18.04,1.138,18.04,1046,36.3,9.5,+26.8,
129,903,,16.29,18.67,1.146,18.67,1075,38.6,7.5,+31.1,
129,904,,15.97,18.38,1.151,18.38,1054,38.7,6.9,+31.8,
129,905,,17.61,19.98,1.134,19.98,1162,40.5,11.0,+29.4,
129,906,,16.96,19.38,1.143,19.38,1119,38.4,16.0,+22.0,
129,915,,20.72,23.02,1.111,23.02,1368,35.8,44.6,-8.4,
129,916,,21.86,24.23,1.108,24.23,1443,37.7,45.9,-8.0,
129,917,,22.68,25.18,1.110,25.18,1497,37.8,51.9,-13.9,
129,918,,17.86,20.85,1.168,20.85,1178,47.7,9.1,+38.0,
129,919,17.61,17.67,20.01,1.133,19.95,1166,35.8,23.8,+12.0,
129,921,,19.35,21.66,1.119,21.66,1277,35.9,33.3,+2.6,
129,922,,19.88,22.34,1.124,22.34,1312,37.8,30.7,+7.0,
129,923,,20.37,22.86,1.122,22.86,1344,39.1,33.4,+5.8,
129,924,,20.34,22.72,1.117,22.72,1342,37.9,34.3,+3.5,
129,925,,19.66,21.94,1.116,21.94,1297,35.8,33.8,+2.0,
129,926,,20.12,22.33,1.110,22.33,1328,35.8,35.5,+0.4,
129,931,,25.12,27.59,1.098,27.59,1658,40.7,58.7,-18.0,
129,932,,24.96,27.38,1.097,27.38,1647,38.7,56.3,-17.8,
129,933,,25.57,28.04,1.097,28.04,1688,39.6,56.4,-16.7,
129,934,,25.66,28.16,1.098,28.16,1693,40.2,56.4,-16.1,
129,935,,26.94,29.34,1.089,29.34,1778,40.0,59.7,-19.7,
129,942,25.01,25.17,27.96,1.111,27.77,1662,44.2,43.3,+0.9,
129,946,,20.15,22.53,1.118,22.53,1330,35.8,44.2,-8.5,
129,GATE,15.16,15.22,13.87,0.911,13.81,1005,1.2,34.5,-33.3,
132,1,12.86,12.86,13.51,1.051,13.52,849,4.7,57.9,-53.2,
132,2,13.06,13.11,13.76,1.050,13.71,865,4.7,55.6,-50.9,
132,3,14.31,14.04,14.72,1.048,15.00,927,5.2,55.7,-50.5,
132,4,14.01,14.10,14.68,1.041,14.59,931,5.2,57.9,-52.7,
132,5,12.99,12.99,13.51,1.040,13.51,857,5.2,53.2,-47.9,
132,6,14.39,14.39,14.82,1.030,14.82,950,6.1,48.8,-42.7,
132,7,12.93,13.19,13.80,1.046,13.53,871,6.3,45.5,-39.2,
132,8,13.06,13.29,13.81,1.039,13.57,877,5.2,53.2,-47.9,
132,9,12.87,13.14,13.13,1.000,12.86,867,4.9,42.6,-37.7,
132,10,13.68,13.83,14.04,1.015,13.89,913,7.0,43.4,-36.4,
132,10-1,13.46,13.61,13.80,1.014,13.65,898,7.0,42.6,-35.6,
132,11,13.05,13.14,13.15,1.001,13.06,867,4.9,42.0,-37.2,
132,12,11.90,11.90,12.00,1.008,12.00,785,4.9,36.7,-31.8,
132,13,10.30,10.30,10.50,1.020,10.50,680,4.7,33.5,-28.8,
132,14,14.05,14.20,14.37,1.012,14.22,937,7.0,45.0,-38.0,
132,15,17.17,17.17,17.61,1.025,17.61,1133,5.7,74.1,-68.4,
132,15-1,17.85,18.97,19.48,1.027,18.32,1252,8.8,77.7,-68.8,
132,16,19.02,19.11,19.50,1.020,19.40,1261,7.1,78.1,-71.0,
132,16-1,18.39,18.39,18.69,1.016,18.69,1214,5.7,78.0,-72.3,
132,17,18.63,18.63,19.33,1.038,19.33,1230,10.2,70.6,-60.4,
132,18,6.69,6.85,7.16,1.045,7.00,452,3.1,26.3,-23.2,
132,19,7.76,7.76,7.99,1.030,7.99,512,2.7,27.5,-24.8,
132,20,6.62,8.65,8.79,1.017,6.73,571,2.5,32.1,-29.6,경로 다름
132,21,6.78,7.32,7.57,1.033,7.00,483,2.0,34.2,-32.2,
132,22,9.63,9.65,10.16,1.053,10.14,637,2.2,49.0,-46.8,
132,24,12.76,12.83,13.47,1.050,13.40,847,2.5,64.0,-61.5,
132,25,12.27,12.27,12.94,1.055,12.94,810,2.5,63.5,-61.1,
132,25-1,13.20,13.20,13.85,1.049,13.85,871,2.5,64.0,-61.5,
132,26,12.30,12.04,12.53,1.041,12.81,795,2.0,60.1,-58.1,
132,27,10.96,10.96,11.29,1.030,11.29,723,2.0,53.9,-51.9,
132,28,10.32,10.26,10.66,1.039,10.73,677,2.0,52.5,-50.5,
132,29,2.30,2.35,2.42,1.030,2.37,155,2.0,0.8,+1.1,
132,30,9.20,9.22,9.65,1.047,9.64,608,2.0,47.4,-45.5,
132,31,10.23,10.18,10.59,1.040,10.64,672,2.0,52.3,-50.3,
132,32,11.46,11.59,11.23,0.969,11.10,765,0.2,46.4,-46.2,
132,32-1,11.00,11.13,10.77,0.967,10.64,735,0.2,46.4,-46.2,
132,33,10.21,10.34,10.03,0.970,9.90,682,0.3,41.6,-41.3,
132,34,8.31,8.48,8.21,0.968,8.04,560,0.2,34.7,-34.5,
132,35,6.54,6.55,6.75,1.031,6.74,432,2.0,29.2,-27.2,
132,36,7.78,7.91,7.61,0.962,7.48,522,0.2,30.8,-30.6,
132,37,8.72,8.85,8.53,0.964,8.41,584,0.2,36.2,-36.0,
132,38,8.66,8.79,8.47,0.964,8.34,580,0.2,36.2,-36.0,
132,39,6.14,6.27,6.16,0.983,6.03,414,0.2,25.4,-25.2,
132,40,5.86,6.28,6.03,0.960,5.62,415,0.2,18.9,-18.8,
132,43,7.35,7.39,7.63,1.033,7.59,488,2.0,34.1,-32.2,
132,43-1,7.70,7.70,8.01,1.040,8.01,508,2.0,37.4,-35.5,
132,43-2,7.79,8.28,8.55,1.033,8.05,546,2.0,40.1,-38.1,
132,44-1,7.58,7.25,7.01,0.967,7.33,479,0.2,28.3,-28.1,
132,49,19.11,19.11,20.81,1.089,20.81,1261,18.2,64.2,-46.0,
132,50,18.13,18.13,18.99,1.047,18.99,1196,11.5,68.3,-56.8,
132,51,19.53,19.53,20.56,1.053,20.56,1289,14.1,72.8,-58.8,
132,52,19.62,19.61,20.62,1.051,20.62,1295,14.1,68.3,-54.2,
132,52-1,20.30,20.43,21.45,1.050,21.31,1348,15.0,70.6,-55.6,
132,52-2,20.82,20.82,21.85,1.049,21.85,1374,15.2,70.6,-55.4,
132,53,18.73,18.73,20.41,1.089,20.41,1236,17.9,64.4,-46.5,
132,54,17.62,17.70,19.27,1.089,19.18,1168,15.9,63.9,-48.0,
132,55,17.88,17.88,19.45,1.088,19.45,1180,15.9,63.9,-48.0,
132,56,7.86,8.19,8.34,1.018,8.00,540,2.0,38.1,-36.1,
132,57,23.66,23.68,25.19,1.064,25.17,1563,21.2,84.7,-63.5,
132,57-1,22.67,22.67,24.02,1.060,24.02,1496,21.5,75.1,-53.6,
132,58,23.07,23.07,23.83,1.033,23.84,1523,12.9,82.3,-69.4,
132,59,22.83,22.83,24.42,1.069,24.41,1507,21.3,83.3,-61.8,
132,59-1,23.75,23.75,25.36,1.068,25.36,1568,21.3,89.7,-68.2,
132,61,11.72,11.73,12.25,1.045,12.24,774,4.7,47.7,-43.0,
132,62,11.45,13.09,14.20,1.085,12.43,864,7.6,63.9,-56.5,
132,64,20.54,20.54,20.63,1.005,20.63,1355,3.1,88.9,-85.8,
132,66,4.30,4.86,5.34,1.099,4.73,321,8.4,0.1,+8.3,
132,71,26.61,26.54,26.27,0.990,26.33,1752,12.8,84.9,-72.1,
132,71-1,26.15,26.54,26.27,0.990,25.89,1752,12.8,84.9,-72.1,
132,73,16.56,16.56,17.11,1.034,17.11,1093,2.7,70.9,-68.3,
132,74,16.49,16.49,17.64,1.070,17.64,1088,14.1,66.4,-52.4,
132,75,11.32,11.45,11.13,0.972,11.00,755,0.2,46.7,-46.5,
132,75-1,12.80,12.93,12.50,0.966,12.37,854,0.7,52.1,-51.4,
132,80,32.52,32.67,33.69,1.031,33.54,2156,34.5,86.0,-51.7,
132,81,24.55,24.69,24.46,0.991,24.32,1630,12.8,71.1,-58.3,
132,82,15.55,15.72,15.80,1.005,15.63,1038,10.8,37.0,-26.2,
132,83,19.75,19.74,20.59,1.043,20.60,1303,12.6,73.0,-60.4,
132,84,17.45,17.08,17.84,1.044,18.22,1128,9.3,67.7,-58.5,
132,85,25.67,25.85,25.73,0.996,25.56,1706,14.9,71.1,-56.2,
132,85-1,33.14,33.59,34.56,1.029,34.10,2217,34.0,86.4,-52.5,
132,86,31.83,32.29,33.24,1.029,32.76,2131,32.1,86.0,-53.9,
132,101,19.80,19.80,20.12,1.016,20.12,1307,5.7,81.1,-75.4,
132,103,17.23,17.23,17.73,1.029,17.73,1137,2.6,73.0,-70.4,
132,105-2,2.03,2.34,2.29,0.979,1.98,154,0.2,4.4,-4.0,
132,129,11.25,11.31,11.61,1.027,11.55,746,2.0,54.4,-52.4,
132,135,5.48,5.68,5.50,0.969,5.31,375,0.2,20.3,-20.1,
132,140,19.23,19.26,19.23,0.999,19.20,1271,12.6,46.9,-34.3,
132,140-1,19.23,19.26,19.23,0.999,19.20,1271,12.6,46.9,-34.3,
132,140-2,19.23,19.26,19.23,0.999,19.20,1271,12.6,46.9,-34.3,
132,142,3.42,3.67,3.60,0.981,3.36,242,2.0,4.2,-2.2,
132,143,5.68,5.84,6.05,1.035,5.88,386,2.0,25.7,-23.7,
132,152-1,26.22,25.99,26.70,1.028,26.95,1715,15.1,88.6,-73.4,
132,153,25.62,25.65,26.36,1.028,26.34,1693,14.9,86.6,-71.7,
132,200,11.92,12.00,12.21,1.018,12.14,792,2.0,56.2,-54.3,
132,201,13.02,13.02,13.32,1.023,13.32,860,3.6,56.4,-52.8,
132,203,13.47,13.47,13.56,1.006,13.56,889,2.0,62.4,-60.4,
132,207,20.91,21.20,22.22,1.048,21.92,1399,15.2,70.6,-55.4,
132,220,20.69,20.76,22.09,1.064,22.02,1370,20.2,71.5,-51.2,
132,221,20.27,22.98,24.46,1.065,21.58,1516,22.9,73.3,-50.4,
132,222,21.44,21.44,22.85,1.066,22.85,1415,21.6,73.3,-51.8,
132,223,22.04,22.49,22.69,1.009,22.23,1484,17.4,64.2,-46.8,
132,300,7.11,7.42,9.16,1.235,8.78,489,28.0,1.7,+26.3,
132,301,8.17,8.25,10.24,1.242,10.15,544,32.0,1.7,+30.3,
132,302,10.72,11.05,14.48,1.310,14.05,729,53.7,1.7,+51.9,
132,500,14.95,14.95,14.84,0.992,14.84,987,2.0,67.0,-65.0,
132,900,,14.53,15.01,1.032,15.01,959,7.8,36.4,-28.7,
132,901,,15.50,15.85,1.022,15.85,1023,7.6,40.7,-33.0,
132,902,,13.62,14.04,1.031,14.04,899,7.0,36.0,-28.9,
132,903,,12.49,13.00,1.041,13.00,824,7.0,31.6,-24.6,
132,904,,12.16,12.71,1.045,12.71,803,7.0,30.9,-23.9,
132,905,,12.81,13.27,1.036,13.27,846,7.1,33.4,-26.3,
132,906,,15.06,15.43,1.024,15.43,994,7.0,37.7,-30.8,
132,915,,19.91,19.93,1.001,19.93,1314,7.4,71.9,-64.1,
132,916,,21.05,21.14,1.004,21.14,1390,9.3,73.3,-63.7,
132,917,,21.87,22.09,1.010,22.09,1444,9.5,79.2,-69.6,
132,918,,13.05,14.14,1.083,14.14,862,13.7,30.9,-17.7,
132,919,16.72,16.87,16.93,1.004,16.78,1113,7.4,51.1,-43.7,
132,921,,18.54,18.57,1.002,18.57,1224,7.6,60.7,-53.1,
132,922,,19.07,19.25,1.009,19.25,1259,9.5,58.0,-48.7,
132,923,,19.56,19.77,1.011,19.77,1291,10.7,60.7,-49.9,
132,924,,19.53,19.63,1.005,19.63,1289,9.5,61.7,-52.2,
132,925,,18.85,18.85,1.000,18.85,1244,7.4,61.1,-53.7,
132,926,,19.31,19.24,0.996,19.24,1274,7.5,62.8,-55.3,
132,931,,24.31,24.51,1.008,24.51,1605,12.4,86.1,-73.7,
132,932,,24.15,24.30,1.006,24.30,1594,10.4,83.7,-73.5,
132,933,,24.76,24.96,1.008,24.96,1634,11.3,83.7,-72.4,
132,934,,24.85,25.08,1.009,25.08,1640,11.8,83.7,-71.8,
132,935,,26.13,26.25,1.005,26.25,1725,11.6,87.1,-75.4,
132,942,23.30,23.45,27.21,1.160,27.04,1548,35.9,87.0,-51.0,
132,946,,19.35,19.45,1.005,19.45,1277,7.4,71.6,-64.2,
132,GATE,24.54,24.53,24.44,0.997,24.46,1619,3.7,93.5,-89.8,
135,1,11.34,11.04,10.91,0.989,11.21,728,4.0,32.0,-28.1,
135,2,11.54,11.28,11.16,0.989,11.41,745,4.0,29.7,-25.8,
135,3,12.79,12.21,12.11,0.992,12.68,806,4.5,29.8,-25.4,
135,4,12.49,12.27,12.08,0.984,12.29,810,4.5,32.0,-27.6,
135,5,11.47,11.16,10.91,0.977,11.21,737,4.5,27.3,-22.8,
135,6,12.87,12.56,12.30,0.979,12.60,829,5.4,23.0,-17.6,
135,7,11.41,11.37,11.28,0.992,11.33,750,5.6,19.7,-14.1,
135,8,11.54,11.46,11.21,0.978,11.28,756,4.5,27.3,-22.8,
135,9,11.40,11.35,11.26,0.992,11.32,749,5.6,19.7,-14.1,
135,10,12.44,12.19,12.07,0.990,12.32,804,8.2,14.8,-6.7,
135,10-1,12.59,12.34,12.22,0.991,12.47,815,8.2,14.8,-6.7,
135,11,11.59,11.42,11.11,0.973,11.27,754,5.7,17.8,-12.1,
135,12,10.44,10.18,9.96,0.978,10.21,672,5.7,12.4,-6.7,
135,13,8.83,8.58,8.47,0.987,8.72,566,5.5,9.2,-3.7,
135,14,13.40,13.10,12.95,0.989,13.25,864,6.4,21.7,-15.4,
135,15,15.36,15.06,14.95,0.993,15.25,994,4.1,47.4,-43.3,
135,15-1,16.04,16.86,16.82,0.998,16.00,1113,7.3,51.0,-43.7,
135,16,17.21,17.00,16.84,0.991,17.05,1122,5.6,51.4,-45.9,
135,16-1,16.58,16.27,16.03,0.985,16.33,1074,4.1,51.3,-47.2,
135,17,16.82,16.52,16.67,1.009,16.98,1090,8.8,44.1,-35.3,
135,18,4.56,4.36,4.46,1.024,4.67,288,5.2,4.8,+0.3,
135,19,3.14,3.22,3.61,1.120,3.52,213,7.8,3.5,+4.3,
135,20,7.18,6.93,6.76,0.975,7.01,457,3.4,7.8,-4.5,
135,21,5.64,5.37,5.67,1.057,5.96,354,7.8,14.9,-7.1,
135,22,6.26,5.95,5.99,1.006,6.30,393,1.7,25.7,-24.0,
135,24,10.54,10.31,10.12,0.981,10.35,680,2.0,38.4,-36.4,
135,25,9.48,9.17,8.99,0.980,9.29,606,1.7,35.3,-33.6,
135,25-1,10.99,10.69,10.49,0.982,10.79,705,2.0,38.4,-36.4,
135,26,10.09,9.25,9.17,0.992,10.00,610,2.0,35.0,-33.0,
135,27,7.55,7.24,7.23,0.998,7.54,478,1.7,28.5,-26.8,
135,28,6.92,6.55,6.61,1.009,6.98,432,1.7,27.1,-25.4,
135,29,8.64,8.76,10.27,1.172,10.12,578,25.2,4.7,+20.5,
135,30,4.81,4.51,4.33,0.961,4.63,298,0.2,15.5,-15.4,
135,31,6.82,6.47,6.54,1.010,6.89,427,1.8,26.9,-25.2,
135,32,5.96,5.65,5.42,0.960,5.72,373,0.0,20.3,-20.3,
135,32-1,5.50,5.19,4.96,0.956,5.25,343,0.0,20.3,-20.3,
135,33,4.70,4.40,4.22,0.960,4.51,290,0.2,15.5,-15.4,
135,34,2.80,2.54,2.40,0.947,2.65,168,0.1,8.6,-8.6,
135,35,3.32,3.13,3.05,0.974,3.24,207,1.6,9.2,-7.6,
135,36,2.28,1.97,1.81,0.915,2.08,130,0.0,4.7,-4.7,
135,37,3.22,2.91,2.73,0.936,3.01,192,0.0,10.2,-10.1,
135,38,3.15,2.85,2.66,0.935,2.94,188,0.0,10.2,-10.1,
135,39,0.33,0.63,0.63,1.000,0.33,42,0.0,0.0,-0.0,
135,40,0.70,2.84,3.49,1.229,0.86,187,10.1,3.4,+6.3,경로 다름
135,43,5.38,5.23,5.10,0.975,5.24,345,1.8,16.1,-14.2,
135,43-1,4.28,3.98,3.90,0.981,4.20,263,1.6,14.7,-13.1,
135,43-2,4.87,4.57,4.50,0.985,4.80,301,1.8,14.8,-13.0,
135,44-1,1.44,1.62,1.48,0.913,1.32,107,0.0,3.0,-2.9,
135,49,17.59,17.28,18.21,1.053,18.53,1141,17.5,38.4,-20.9,
135,50,16.32,16.01,16.33,1.020,16.64,1057,10.1,41.7,-31.7,
135,51,17.72,17.42,17.90,1.028,18.22,1149,12.7,46.3,-33.7,
135,52,17.81,17.50,17.96,1.027,18.28,1155,12.7,41.7,-29.1,
135,52-1,18.49,18.32,18.79,1.026,18.97,1209,13.6,44.0,-30.5,
135,52-2,19.01,18.71,19.19,1.026,19.50,1235,13.7,44.0,-30.3,
135,53,17.21,16.91,17.80,1.053,18.13,1116,17.2,38.5,-21.3,
135,54,16.09,15.87,16.67,1.050,16.91,1047,15.2,38.0,-22.9,
135,55,16.36,15.94,16.22,1.018,16.65,1052,9.5,41.7,-32.2,
135,56,5.69,5.38,5.25,0.976,5.55,355,1.8,16.0,-14.2,
135,57,21.85,21.56,22.53,1.045,22.83,1423,19.8,58.2,-38.4,
135,57-1,20.86,20.56,21.36,1.039,21.68,1357,20.0,48.5,-28.5,
135,58,21.26,20.96,21.18,1.011,21.49,1383,11.5,55.8,-44.3,
135,59,21.02,20.72,21.76,1.050,22.07,1367,19.8,56.7,-36.7,
135,59-1,21.94,21.64,22.70,1.049,23.02,1428,19.8,63.1,-43.1,
135,61,10.20,9.90,9.65,0.975,9.94,654,4.0,21.9,-17.9,
135,62,9.63,10.96,11.30,1.032,9.93,723,7.9,39.1,-31.4,
135,64,18.71,18.41,17.74,0.964,18.03,1215,3.4,64.1,-60.7,
135,66,10.02,10.19,12.07,1.185,11.88,672,31.1,0.1,+30.9,
135,71,26.66,26.15,26.71,1.022,27.24,1726,19.3,63.0,-43.8,
135,71-1,25.05,26.15,26.71,1.022,25.59,1726,19.3,63.0,-43.8,
135,73,14.73,14.43,14.22,0.986,14.52,952,3.0,46.1,-43.2,
135,74,14.86,14.55,15.16,1.042,15.48,960,13.4,40.5,-27.3,
135,75,6.43,6.14,6.07,0.989,6.35,405,0.2,20.8,-20.7,
135,75-1,7.47,7.17,6.78,0.946,7.07,473,0.0,25.6,-25.5,
135,80,31.01,30.71,32.55,1.060,32.88,2027,40.7,63.8,-23.3,
135,81,25.47,25.17,25.97,1.032,26.29,1661,22.1,52.0,-29.9,
135,82,16.32,16.01,17.74,1.108,18.08,1057,25.1,36.6,-11.5,
135,83,17.94,17.63,17.93,1.017,18.25,1164,11.2,46.5,-35.3,
135,84,15.64,14.97,15.18,1.014,15.86,988,7.8,41.2,-33.4,
135,85,26.60,26.32,27.24,1.035,27.53,1737,24.3,52.0,-27.8,
135,85-1,31.63,31.63,33.43,1.057,33.42,2088,40.2,64.3,-24.1,
135,86,30.32,30.33,32.10,1.058,32.09,2002,38.4,63.8,-25.5,
135,101,17.99,17.69,17.46,0.987,17.77,1168,4.1,54.4,-50.3,
135,103,15.40,15.10,14.83,0.982,15.13,996,2.9,48.2,-45.3,
135,105-2,4.17,4.34,5.52,1.271,5.31,287,19.0,3.1,+16.1,
135,129,7.84,7.59,7.56,0.995,7.80,501,1.8,29.1,-27.3,
135,132,5.48,5.68,6.94,1.221,6.69,375,20.3,0.2,+20.1,
135,140,20.15,19.87,20.89,1.052,21.19,1311,23.4,44.6,-20.9,
135,140-1,20.15,19.87,20.89,1.052,21.19,1311,23.4,44.6,-20.9,
135,140-2,20.15,19.87,20.89,1.052,21.19,1311,23.4,44.6,-20.9,
135,142,8.35,8.21,9.83,1.196,9.99,542,27.7,5.6,+22.1,
135,143,6.84,6.59,6.74,1.023,7.00,435,7.0,5.6,+1.4,
135,152-1,24.41,23.87,24.05,1.007,24.59,1576,13.7,62.0,-48.3,
135,153,23.81,23.54,23.71,1.007,23.99,1553,13.5,60.0,-46.6,
135,200,7.96,7.68,7.33,0.954,7.59,507,0.0,26.3,-26.3,
135,201,7.90,7.85,7.46,0.951,7.52,518,0.0,27.7,-27.7,
135,203,9.95,9.64,9.07,0.941,9.36,636,0.0,35.3,-35.3,
135,207,19.11,19.08,19.56,1.025,19.58,1260,13.7,44.0,-30.3,
135,220,18.88,18.64,19.43,1.042,19.68,1230,18.8,44.9,-26.1,
135,221,20.99,20.86,21.80,1.045,21.93,1377,21.5,46.7,-25.2,
135,222,19.63,19.33,20.19,1.045,20.51,1276,20.1,46.8,-26.7,
135,223,23.70,23.42,24.81,1.059,25.10,1546,28.8,47.1,-18.5,
135,300,6.45,6.71,10.15,1.513,9.76,443,51.1,0.0,+50.7,
135,301,7.52,7.54,11.28,1.497,11.25,497,55.7,0.0,+55.4,
135,302,10.08,10.34,15.52,1.501,15.12,683,77.4,0.0,+77.0,
135,500,11.43,11.12,10.35,0.930,10.63,734,0.0,39.9,-39.9,
135,900,,18.08,18.68,1.033,18.68,1194,22.7,22.9,-0.3,
135,901,,17.89,18.52,1.035,18.52,1181,21.5,26.2,-4.6,
135,902,,17.32,17.87,1.031,17.87,1143,21.5,22.0,-0.5,
135,903,,17.76,18.50,1.041,18.50,1172,23.8,20.0,+3.8,
135,904,,17.44,18.21,1.044,18.21,1151,23.9,19.3,+4.5,
135,905,,18.14,20.00,1.102,20.00,1197,29.8,33.4,-3.6,
135,906,,18.43,19.21,1.042,19.21,1216,23.6,28.5,-5.3,
135,915,,22.19,22.85,1.029,22.85,1465,21.0,57.0,-35.7,
135,916,,23.33,24.05,1.031,24.05,1540,22.9,58.4,-35.3,
135,917,,24.15,25.00,1.035,25.00,1594,23.0,64.4,-41.2,
135,918,,18.38,20.87,1.135,20.87,1213,36.4,30.9,+5.0,
135,919,19.40,19.14,19.84,1.036,20.10,1263,21.0,36.2,-15.3,
135,921,,20.82,21.48,1.032,21.48,1374,21.1,45.8,-24.7,
135,922,,21.35,22.16,1.038,22.16,1409,23.0,43.1,-20.3,
135,923,,21.84,22.68,1.039,22.68,1441,24.3,45.8,-21.5,
135,924,,21.81,22.55,1.034,22.55,1439,23.1,46.8,-23.8,
135,925,,21.13,21.76,1.030,21.76,1395,21.0,46.2,-25.3,
135,926,,21.59,22.15,1.026,22.15,1425,21.0,48.0,-26.9,
135,931,,26.59,27.42,1.031,27.42,1755,25.9,71.2,-45.3,
135,932,,26.43,27.21,1.029,27.21,1745,23.9,68.8,-45.1,
135,933,,27.04,27.87,1.031,27.87,1785,24.8,68.8,-44.0,
135,934,,27.13,27.99,1.032,27.99,1790,25.4,68.8,-43.4,
135,935,,28.41,29.16,1.027,29.16,1875,25.1,72.2,-47.0,
135,942,26.79,26.65,27.78,1.043,27.93,1759,29.4,55.8,-26.4,
135,946,,21.63,22.36,1.034,22.36,1427,20.9,56.7,-35.8,
135,GATE,22.71,22.40,21.55,0.962,21.85,1478,4.0,68.7,-64.7,
140,1,8.21,8.24,8.15,0.989,8.12,544,4.9,19.4,-14.9,
140,2,8.11,8.13,8.32,1.023,8.29,537,9.1,19.2,-10.4,
140,3,7.09,7.23,8.37,1.158,8.20,477,16.0,20.1,-4.4,
140,4,7.18,7.20,8.34,1.158,8.31,475,16.0,20.1,-4.4,
140,5,7.67,7.69,8.83,1.147,8.80,508,12.2,27.4,-15.2,
140,6,7.48,7.47,8.55,1.145,8.57,493,12.2,24.6,-12.4,
140,7,8.30,7.81,8.90,1.139,9.45,516,12.2,24.5,-12.4,
140,8,9.12,8.92,10.15,1.138,10.38,588,13.3,29.9,-16.5,
140,9,8.40,8.28,9.45,1.142,9.59,546,14.0,23.5,-9.5,
140,10,8.82,8.70,10.04,1.154,10.18,574,16.7,23.5,-6.9,
140,10-1,8.96,8.84,9.72,1.099,9.85,583,15.9,17.3,-1.3,
140,11,9.39,9.28,10.57,1.139,10.70,612,16.1,23.6,-7.5,
140,12,10.13,10.05,11.43,1.138,11.53,663,18.4,24.5,-6.2,
140,13,10.50,10.57,12.06,1.141,11.98,698,20.1,24.5,-4.4,
140,14,6.85,6.90,7.92,1.148,7.86,456,12.2,18.8,-6.6,
140,15,5.14,5.23,5.21,0.997,5.13,345,2.9,20.4,-17.7,
140,15-1,7.29,6.58,6.47,0.984,7.17,434,2.9,25.4,-22.8,
140,16,5.73,5.96,6.01,1.009,5.78,393,2.0,21.0,-19.4,
140,16-1,6.34,7.66,7.42,0.969,6.14,506,2.9,29.1,-26.5,
140,17,5.05,5.07,5.04,0.993,5.01,335,2.9,17.0,-14.4,
140,18,16.43,16.65,18.95,1.138,18.69,1099,42.1,23.0,+18.7,
140,19,17.22,17.28,19.50,1.128,19.43,1141,42.1,24.9,+16.9,
140,20,12.14,12.46,14.19,1.138,13.82,823,32.8,21.1,+11.3,
140,21,14.73,14.91,16.76,1.124,16.56,984,33.3,21.1,+11.8,
140,22,12.92,12.95,13.61,1.051,13.59,855,17.5,20.8,-3.6,
140,24,10.47,10.65,10.40,0.976,10.22,703,4.2,21.8,-17.9,
140,25,11.60,11.75,11.63,0.990,11.48,775,6.4,21.5,-15.5,
140,25-1,12.04,12.06,11.95,0.990,11.92,796,6.4,21.5,-15.5,
140,26,12.13,12.16,12.04,0.990,12.02,803,6.4,21.5,-15.5,
140,27,13.65,13.38,13.26,0.991,13.53,883,6.5,21.6,-15.5,
140,28,14.28,14.45,14.76,1.022,14.59,954,14.2,23.5,-9.6,
140,29,19.37,19.96,24.11,1.208,23.39,1317,69.2,22.9,+46.0,
140,30,15.84,15.90,16.81,1.057,16.74,1049,22.0,21.0,+0.6,
140,31,15.34,15.32,15.95,1.042,15.98,1011,19.2,23.2,-4.3,
140,32,17.62,17.65,18.40,1.042,18.37,1165,20.9,21.6,-1.0,
140,32-1,17.55,17.59,18.34,1.042,18.30,1161,21.0,21.6,-1.0,
140,33,17.15,17.19,18.39,1.069,18.34,1135,26.9,21.0,+5.5,
140,34,16.63,16.66,17.85,1.072,17.82,1099,26.9,21.0,+5.4,
140,35,15.48,15.51,17.62,1.136,17.59,1024,37.6,21.2,+16.0,
140,36,17.86,17.90,19.75,1.103,19.71,1181,36.9,24.5,+12.3,
140,37,17.08,17.19,18.39,1.069,18.26,1135,26.9,21.0,+5.5,
140,38,18.59,18.61,20.10,1.080,20.07,1229,31.7,21.2,+10.2,
140,39,20.41,19.73,22.02,1.116,22.79,1302,44.4,23.4,+20.6,
140,40,20.39,20.41,22.35,1.095,22.32,1347,39.1,21.2,+17.6,
140,43,14.81,14.83,16.16,1.090,16.14,979,28.0,21.6,+6.0,
140,43-1,15.62,15.65,16.55,1.058,16.52,1033,22.0,21.1,+0.5,
140,43-2,15.25,15.34,16.72,1.090,16.62,1013,29.1,22.0,+6.8,
140,44-1,18.12,18.20,20.06,1.102,19.98,1201,37.4,23.6,+13.4,
140,49,0.80,0.96,0.96,1.000,0.80,64,0.0,0.0,-0.0,
140,50,3.75,3.78,3.83,1.011,3.80,250,2.9,11.4,-8.8,
140,51,3.06,3.37,3.49,1.036,3.17,223,2.0,11.1,-9.4,
140,52,1.50,1.83,1.96,1.073,1.61,121,2.0,6.0,-4.2,
140,52-1,1.50,1.83,1.96,1.073,1.61,121,2.0,6.0,-4.2,
140,52-2,2.52,2.97,3.09,1.041,2.62,196,2.0,11.0,-9.4,
140,53,1.90,2.31,2.49,1.076,2.04,153,3.1,4.8,-2.0,
140,54,3.50,3.52,3.59,1.018,3.56,233,3.2,9.4,-6.6,
140,55,4.10,4.06,4.14,1.020,4.18,268,3.5,9.3,-6.2,
140,56,13.49,13.53,14.36,1.062,14.32,893,20.4,20.8,-0.8,
140,57,3.37,4.09,4.57,1.117,3.76,270,2.0,20.9,-18.9,
140,57-1,1.57,2.30,2.52,1.098,1.72,152,0.7,11.5,-10.9,
140,58,4.12,5.46,6.03,1.105,4.55,360,2.0,27.6,-25.6,경로 다름
140,59,2.44,3.25,3.80,1.169,2.85,214,2.0,19.5,-17.2,
140,59-1,3.46,4.17,4.74,1.137,3.94,275,2.0,25.9,-23.6,
140,61,9.39,9.46,10.75,1.135,10.66,625,14.2,29.9,-15.7,
140,62,10.20,10.47,10.66,1.019,10.39,691,10.4,20.5,-10.5,
140,64,11.45,10.60,10.67,1.007,11.53,700,4.3,33.3,-29.4,
140,66,18.72,18.69,21.48,1.149,21.51,1234,48.8,6.2,+42.6,
140,71,7.58,7.44,7.27,0.976,7.40,491,0.2,33.6,-33.5,
140,71-1,7.13,7.44,7.27,0.976,6.96,491,0.2,33.6,-33.5,
140,73,7.43,8.45,8.29,0.981,7.29,557,4.1,23.3,-19.5,
140,74,5.03,5.06,5.38,1.064,5.35,334,7.8,10.4,-3.0,
140,75,17.57,17.64,18.27,1.036,18.20,1164,19.2,21.6,-2.7,
140,75-1,17.42,17.54,17.88,1.020,17.76,1158,15.9,24.9,-9.3,
140,80,13.50,13.57,14.69,1.082,14.61,896,21.8,34.7,-13.0,
140,81,5.52,5.60,5.45,0.975,5.38,369,0.2,19.8,-19.6,
140,82,3.31,3.46,3.91,1.130,3.74,229,8.3,2.0,+6.4,
140,83,4.26,4.57,4.61,1.009,4.30,302,2.0,15.9,-14.2,
140,84,4.71,4.73,4.71,0.996,4.69,312,2.9,15.8,-13.2,
140,85,6.65,6.75,6.73,0.997,6.63,445,2.3,19.8,-17.5,
140,85-1,14.12,14.49,15.56,1.073,15.15,957,21.4,35.2,-13.8,
140,86,12.81,13.19,14.23,1.078,13.81,871,19.5,34.7,-15.2,
140,101,8.82,9.14,9.04,0.990,8.73,603,3.6,27.3,-24.1,
140,103,8.15,8.24,7.99,0.970,7.90,544,2.9,31.5,-28.9,
140,105-2,21.29,21.24,23.60,1.111,23.65,1402,46.9,19.4,+27.8,
140,129,15.45,15.56,15.73,1.011,15.62,1027,11.4,21.6,-10.5,
140,132,19.23,19.26,21.75,1.129,21.71,1271,46.9,12.6,+34.3,
140,135,20.15,19.87,22.17,1.116,22.48,1311,44.6,23.4,+20.9,
140,140-1,0.78,0.00,0.00,1.000,0.78,0,0.0,0.0,+0.0,
140,140-2,0.75,0.00,0.00,1.000,0.75,0,0.0,0.0,+0.0,
140,142,19.09,19.23,23.20,1.206,23.03,1269,66.2,22.9,+43.0,
140,143,13.60,13.56,15.69,1.157,15.73,895,38.5,22.5,+15.7,
140,152-1,8.96,9.21,8.98,0.975,8.73,608,1.2,39.2,-38.0,
140,153,8.36,8.55,8.30,0.972,8.12,564,0.2,36.5,-36.3,
140,200,14.18,14.32,14.26,0.996,14.12,945,7.5,21.6,-14.4,
140,201,16.76,16.79,17.19,1.024,17.16,1108,15.8,22.3,-6.8,
140,203,14.27,14.29,14.24,0.996,14.21,943,7.5,21.6,-14.4,
140,207,2.50,2.82,2.94,1.043,2.61,186,2.0,9.3,-7.7,
140,220,0.40,0.54,0.50,0.930,0.37,36,0.0,0.9,-1.1,
140,221,0.56,0.56,0.56,1.000,0.56,37,0.0,0.0,+0.0,
140,222,1.19,2.66,2.89,1.084,1.29,176,3.4,8.8,-5.8,경로 다름
140,223,3.20,3.39,3.68,1.086,3.48,224,4.8,12.9,-8.2,
140,300,26.04,26.10,30.25,1.159,30.18,1722,74.8,16.7,+58.1,
140,301,27.10,26.93,31.34,1.164,31.54,1777,78.7,16.7,+62.1,
140,302,29.65,29.73,35.57,1.197,35.47,1962,100.4,16.7,+83.6,
140,500,14.93,15.01,15.10,1.006,15.02,990,14.2,33.9,-20.0,
140,900,,9.93,10.64,1.072,10.64,655,17.5,11.8,+5.6,
140,901,,9.74,10.49,1.077,10.49,643,16.3,15.1,+1.2,
140,902,,9.17,9.84,1.073,9.84,605,16.3,10.9,+5.4,
140,903,,9.61,10.47,1.089,10.47,634,18.6,8.9,+9.7,
140,904,,9.29,10.18,1.096,10.18,613,18.7,8.2,+10.4,
140,905,,10.93,11.77,1.077,11.77,721,20.4,12.4,+8.0,
140,906,,10.28,11.18,1.087,11.18,678,18.3,17.4,+0.6,
140,915,,14.04,14.82,1.055,14.82,927,15.7,45.9,-29.8,
140,916,,15.18,16.02,1.056,16.02,1002,17.7,47.3,-29.4,
140,917,,16.00,16.97,1.061,16.97,1056,17.8,53.3,-35.3,
140,918,,11.18,12.65,1.132,12.65,738,27.6,10.5,+16.6,
140,919,11.11,10.99,11.81,1.074,11.94,725,15.7,25.1,-9.4,
140,921,,12.67,13.45,1.062,13.45,836,15.9,34.7,-18.8,
140,922,,13.20,14.13,1.071,14.13,871,17.8,32.0,-14.4,
140,923,,13.68,14.65,1.071,14.65,903,19.0,34.7,-15.6,
140,924,,13.66,14.51,1.063,14.51,901,17.8,35.7,-17.9,
140,925,,12.98,13.73,1.058,13.73,857,15.7,35.1,-19.4,
140,926,,13.43,14.12,1.051,14.12,887,15.8,36.9,-21.0,
140,931,,18.44,19.39,1.051,19.39,1217,20.7,60.1,-39.4,
140,932,,18.28,19.18,1.049,19.18,1206,18.7,57.7,-39.2,
140,933,,18.89,19.84,1.050,19.84,1247,19.6,57.7,-38.1,
140,934,,18.98,19.96,1.052,19.96,1252,20.2,57.7,-37.5,
140,935,,20.26,21.13,1.043,21.13,1337,19.9,61.1,-41.1,
140,942,18.50,18.49,19.75,1.068,19.76,1221,24.2,44.7,-20.5,
140,946,,13.47,14.33,1.063,14.33,889,15.7,45.6,-29.9,
140,GATE,10.63,11.34,11.34,1.001,10.64,748,2.2,42.3,-40.1,
140-1,1,8.21,8.24,8.15,0.989,8.12,544,4.9,19.4,-14.9,
140-1,2,8.11,8.13,8.32,1.023,8.29,537,9.1,19.2,-10.4,
140-1,3,7.09,7.23,8.37,1.158,8.20,477,16.0,20.1,-4.4,
140-1,4,7.18,7.20,8.34,1.158,8.31,475,16.0,20.1,-4.4,
140-1,5,7.67,7.69,8.83,1.147,8.80,508,12.2,27.4,-15.2,
140-1,6,7.48,7.47,8.55,1.145,8.57,493,12.2,24.6,-12.4,
140-1,7,8.30,7.81,8.90,1.139,9.45,516,12.2,24.5,-12.4,
140-1,8,9.12,8.92,10.15,1.138,10.38,588,13.3,29.9,-16.5,
140-1,9,8.40,8.28,9.45,1.142,9.59,546,14.0,23.5,-9.5,
140-1,10,8.82,8.70,10.04,1.154,10.18,574,16.7,23.5,-6.9,
140-1,10-1,8.96,8.84,9.72,1.099,9.85,583,15.9,17.3,-1.3,
140-1,11,9.39,9.28,10.57,1.139,10.70,612,16.1,23.6,-7.5,
140-1,12,10.13,10.05,11.43,1.138,11.53,663,18.4,24.5,-6.2,
140-1,13,10.50,10.57,12.06,1.141,11.98,698,20.1,24.5,-4.4,
140-1,14,6.85,6.90,7.92,1.148,7.86,456,12.2,18.8,-6.6,
140-1,15,5.14,5.23,5.21,0.997,5.13,345,2.9,20.4,-17.7,
140-1,15-1,7.29,6.58,6.47,0.984,7.17,434,2.9,25.4,-22.8,
140-1,16,5.73,5.96,6.01,1.009,5.78,393,2.0,21.0,-19.4,
140-1,16-1,6.34,7.66,7.42,0.969,6.14,506,2.9,29.1,-26.5,
140-1,17,5.05,5.07,5.04,0.993,5.01,335,2.9,17.0,-14.4,
140-1,18,16.43,16.65,18.95,1.138,18.69,1099,42.1,23.0,+18.7,
140-1,19,17.22,17.28,19.50,1.128,19.43,1141,42.1,24.9,+16.9,
140-1,20,12.14,12.46,14.19,1.138,13.82,823,32.8,21.1,+11.3,
140-1,21,14.73,14.91,16.76,1.124,16.56,984,33.3,21.1,+11.8,
140-1,22,12.92,12.95,13.61,1.051,13.59,855,17.5,20.8,-3.6,
140-1,24,10.47,10.65,10.40,0.976,10.22,703,4.2,21.8,-17.9,
140-1,25,11.60,11.75,11.63,0.990,11.48,775,6.4,21.5,-15.5,
140-1,25-1,12.04,12.06,11.95,0.990,11.92,796,6.4,21.5,-15.5,
140-1,26,12.13,12.16,12.04,0.990,12.02,803,6.4,21.5,-15.5,
140-1,27,13.65,13.38,13.26,0.991,13.53,883,6.5,21.6,-15.5,
140-1,28,14.28,14.45,14.76,1.022,14.59,954,14.2,23.5,-9.6,
140-1,29,19.37,19.96,24.11,1.208,23.39,1317,69.2,22.9,+46.0,
140-1,30,15.84,15.90,16.81,1.057,16.74,1049,22.0,21.0,+0.6,
140-1,31,15.34,15.32,15.95,1.042,15.98,1011,19.2,23.2,-4.3,
140-1,32,17.62,17.65,18.40,1.042,18.37,1165,20.9,21.6,-1.0,
140-1,32-1,17.55,17.59,18.34,1.042,18.30,1161,21.0,21.6,-1.0,
140-1,33,17.15,17.19,18.39,1.069,18.34,1135,26.9,21.0,+5.5,
140-1,34,16.63,16.66,17.85,1.072,17.82,1099,26.9,21.0,+5.4,
140-1,35,15.48,15.51,17.62,1.136,17.59,1024,37.6,21.2,+16.0,
140-1,36,17.86,17.90,19.75,1.103,19.71,1181,36.9,24.5,+12.3,
140-1,37,17.08,17.19,18.39,1.069,18.26,1135,26.9,21.0,+5.5,
140-1,38,18.59,18.61,20.10,1.080,20.07,1229,31.7,21.2,+10.2,
140-1,39,20.41,19.73,22.02,1.116,22.79,1302,44.4,23.4,+20.6,
140-1,40,20.39,20.41,22.35,1.095,22.32,1347,39.1,21.2,+17.6,
140-1,43,14.81,14.83,16.16,1.090,16.14,979,28.0,21.6,+6.0,
140-1,43-1,15.62,15.65,16.55,1.058,16.52,1033,22.0,21.1,+0.5,
140-1,43-2,15.25,15.34,16.72,1.090,16.62,1013,29.1,22.0,+6.8,
140-1,44-1,18.12,18.20,20.06,1.102,19.98,1201,37.4,23.6,+13.4,
140-1,49,0.80,0.96,0.96,1.000,0.80,64,0.0,0.0,-0.0,
140-1,50,3.75,3.78,3.83,1.011,3.80,250,2.9,11.4,-8.8,
140-1,51,3.06,3.37,3.49,1.036,3.17,223,2.0,11.1,-9.4,
140-1,52,1.50,1.83,1.96,1.073,1.61,121,2.0,6.0,-4.2,
140-1,52-1,1.50,1.83,1.96,1.073,1.61,121,2.0,6.0,-4.2,
140-1,52-2,2.52,2.97,3.09,1.041,2.62,196,2.0,11.0,-9.4,
140-1,53,1.90,2.31,2.49,1.076,2.04,153,3.1,4.8,-2.0,
140-1,54,3.50,3.52,3.59,1.018,3.56,233,3.2,9.4,-6.6,
140-1,55,4.10,4.06,4.14,1.020,4.18,268,3.5,9.3,-6.2,
140-1,56,13.49,13.53,14.36,1.062,14.32,893,20.4,20.8,-0.8,
140-1,57,3.37,4.09,4.57,1.117,3.76,270,2.0,20.9,-18.9,
140-1,57-1,1.57,2.30,2.52,1.098,1.72,152,0.7,11.5,-10.9,
140-1,58,4.12,5.46,6.03,1.105,4.55,360,2.0,27.6,-25.6,경로 다름
140-1,59,2.44,3.25,3.80,1.169,2.85,214,2.0,19.5,-17.2,
140-1,59-1,3.46,4.17,4.74,1.137,3.94,275,2.0,25.9,-23.6,
140-1,61,9.39,9.46,10.75,1.135,10.66,625,14.2,29.9,-15.7,
140-1,62,10.20,10.47,10.66,1.019,10.39,691,10.4,20.5,-10.5,
140-1,64,11.45,10.60,10.67,1.007,11.53,700,4.3,33.3,-29.4,
140-1,66,18.72,18.69,21.48,1.149,21.51,1234,48.8,6.2,+42.6,
140-1,71,7.58,7.44,7.27,0.976,7.40,491,0.2,33.6,-33.5,
140-1,71-1,7.13,7.44,7.27,0.976,6.96,491,0.2,33.6,-33.5,
140-1,73,7.43,8.45,8.29,0.981,7.29,557,4.1,23.3,-19.5,
140-1,74,5.03,5.06,5.38,1.064,5.35,334,7.8,10.4,-3.0,
140-1,75,17.57,17.64,18.27,1.036,18.20,1164,19.2,21.6,-2.7,
140-1,75-1,17.42,17.54,17.88,1.020,17.76,1158,15.9,24.9,-9.3,
140-1,80,13.50,13.57,14.69,1.082,14.61,896,21.8,34.7,-13.0,
140-1,81,5.52,5.60,5.45,0.975,5.38,369,0.2,19.8,-19.6,
140-1,82,3.31,3.46,3.91,1.130,3.74,229,8.3,2.0,+6.4,
140-1,83,4.26,4.57,4.61,1.009,4.30,302,2.0,15.9,-14.2,
140-1,84,4.71,4.73,4.71,0.996,4.69,312,2.9,15.8,-13.2,
140-1,85,6.65,6.75,6.73,0.997,6.63,445,2.3,19.8,-17.5,
140-1,85-1,14.12,14.49,15.56,1.073,15.15,957,21.4,35.2,-13.8,
140-1,86,12.81,13.19,14.23,1.078,13.81,871,19.5,34.7,-15.2,
140-1,101,8.82,9.14,9.04,0.990,8.73,603,3.6,27.3,-24.1,
140-1,103,8.15,8.24,7.99,0.970,7.90,544,2.9,31.5,-28.9,
140-1,105-2,21.29,21.24,23.60,1.111,23.65,1402,46.9,19.4,+27.8,
140-1,129,15.45,15.56,15.73,1.011,15.62,1027,11.4,21.6,-10.5,
140-1,132,19.23,19.26,21.75,1.129,21.71,1271,46.9,12.6,+34.3,
140-1,135,20.15,19.87,22.17,1.116,22.48,1311,44.6,23.4,+20.9,
140-1,140,0.78,0.00,0.00,1.000,0.78,0,0.0,0.0,-0.0,
140-1,140-2,0.99,0.00,0.00,1.000,0.99,0,0.0,0.0,+0.0,
140-1,142,19.09,19.23,23.20,1.206,23.03,1269,66.2,22.9,+43.0,
140-1,143,13.60,13.56,15.69,1.157,15.73,895,38.5,22.5,+15.7,
140-1,152-1,8.96,9.21,8.98,0.975,8.73,608,1.2,39.2,-38.0,
140-1,153,8.36,8.55,8.30,0.972,8.12,564,0.2,36.5,-36.3,
140-1,200,14.18,14.32,14.26,0.996,14.12,945,7.5,21.6,-14.4,
140-1,201,16.76,16.79,17.19,1.024,17.16,1108,15.8,22.3,-6.8,
140-1,203,14.27,14.29,14.24,0.996,14.21,943,7.5,21.6,-14.4,
140-1,207,2.50,2.82,2.94,1.043,2.61,186,2.0,9.3,-7.7,
140-1,220,0.40,0.54,0.50,0.930,0.37,36,0.0,0.9,-1.1,
140-1,221,0.56,0.56,0.56,1.000,0.56,37,0.0,0.0,+0.0,
140-1,222,1.19,2.66,2.89,1.084,1.29,176,3.4,8.8,-5.8,경로 다름
140-1,223,3.20,3.39,3.68,1.086,3.48,224,4.8,12.9,-8.2,
140-1,300,26.04,26.10,30.25,1.159,30.18,1722,74.8,16.7,+58.1,
140-1,301,27.10,26.93,31.34,1.164,31.54,1777,78.7,16.7,+62.1,
140-1,302,29.65,29.73,35.57,1.197,35.47,1962,100.4,16.7,+83.6,
140-1,500,14.93,15.01,15.10,1.006,15.02,990,14.2,33.9,-20.0,
140-1,900,,9.93,10.64,1.072,10.64,655,17.5,11.8,+5.6,
140-1,901,,9.74,10.49,1.077,10.49,643,16.3,15.1,+1.2,
140-1,902,,9.17,9.84,1.073,9.84,605,16.3,10.9,+5.4,
140-1,903,,9.61,10.47,1.089,10.47,634,18.6,8.9,+9.7,
140-1,904,,9.29,10.18,1.096,10.18,613,18.7,8.2,+10.4,
140-1,905,,10.93,11.77,1.077,11.77,721,20.4,12.4,+8.0,
140-1,906,,10.28,11.18,1.087,11.18,678,18.3,17.4,+0.6,
140-1,915,,14.04,14.82,1.055,14.82,927,15.7,45.9,-29.8,
140-1,916,,15.18,16.02,1.056,16.02,1002,17.7,47.3,-29.4,
140-1,917,,16.00,16.97,1.061,16.97,1056,17.8,53.3,-35.3,
140-1,918,,11.18,12.65,1.132,12.65,738,27.6,10.5,+16.6,
140-1,919,11.11,10.99,11.81,1.074,11.94,725,15.7,25.1,-9.4,
140-1,921,,12.67,13.45,1.062,13.45,836,15.9,34.7,-18.8,
140-1,922,,13.20,14.13,1.071,14.13,871,17.8,32.0,-14.4,
140-1,923,,13.68,14.65,1.071,14.65,903,19.0,34.7,-15.6,
140-1,924,,13.66,14.51,1.063,14.51,901,17.8,35.7,-17.9,
140-1,925,,12.98,13.73,1.058,13.73,857,15.7,35.1,-19.4,
140-1,926,,13.43,14.12,1.051,14.12,887,15.8,36.9,-21.0,
140-1,931,,18.44,19.39,1.051,19.39,1217,20.7,60.1,-39.4,
140-1,932,,18.28,19.18,1.049,19.18,1206,18.7,57.7,-39.2,
140-1,933,,18.89,19.84,1.050,19.84,1247,19.6,57.7,-38.1,
140-1,934,,18.98,19.96,1.052,19.96,1252,20.2,57.7,-37.5,
140-1,935,,20.26,21.13,1.043,21.13,1337,19.9,61.1,-41.1,
140-1,942,18.50,18.49,19.75,1.068,19.76,1221,24.2,44.7,-20.5,
140-1,946,,13.47,14.33,1.063,14.33,889,15.7,45.6,-29.9,
140-1,GATE,10.63,11.34,11.34,1.001,10.64,748,2.2,42.3,-40.1,
140-2,1,8.21,8.24,8.15,0.989,8.12,544,4.9,19.4,-14.9,
140-2,2,8.11,8.13,8.32,1.023,8.29,537,9.1,19.2,-10.4,
140-2,3,7.09,7.23,8.37,1.158,8.20,477,16.0,20.1,-4.4,
140-2,4,7.18,7.20,8.34,1.158,8.31,475,16.0,20.1,-4.4,
140-2,5,7.67,7.69,8.83,1.147,8.80,508,12.2,27.4,-15.2,
140-2,6,7.48,7.47,8.55,1.145,8.57,493,12.2,24.6,-12.4,
140-2,7,8.30,7.81,8.90,1.139,9.45,516,12.2,24.5,-12.4,
140-2,8,9.12,8.92,10.15,1.138,10.38,588,13.3,29.9,-16.5,
140-2,9,8.40,8.28,9.45,1.142,9.59,546,14.0,23.5,-9.5,
140-2,10,8.82,8.70,10.04,1.154,10.18,574,16.7,23.5,-6.9,
140-2,10-1,8.96,8.84,9.72,1.099,9.85,583,15.9,17.3,-1.3,
140-2,11,9.39,9.28,10.57,1.139,10.70,612,16.1,23.6,-7.5,
140-2,12,10.13,10.05,11.43,1.138,11.53,663,18.4,24.5,-6.2,
140-2,13,10.50,10.57,12.06,1.141,11.98,698,20.1,24.5,-4.4,
140-2,14,6.85,6.90,7.92,1.148,7.86,456,12.2,18.8,-6.6,
140-2,15,5.14,5.23,5.21,0.997,5.13,345,2.9,20.4,-17.7,
140-2,15-1,7.29,6.58,6.47,0.984,7.17,434,2.9,25.4,-22.8,
140-2,16,5.73,5.96,6.01,1.009,5.78,393,2.0,21.0,-19.4,
140-2,16-1,6.34,7.66,7.42,0.969,6.14,506,2.9,29.1,-26.5,
140-2,17,5.05,5.07,5.04,0.993,5.01,335,2.9,17.0,-14.4,
140-2,18,16.43,16.65,18.95,1.138,18.69,1099,42.1,23.0,+18.7,
140-2,19,17.22,17.28,19.50,1.128,19.43,1141,42.1,24.9,+16.9,
140-2,20,12.14,12.46,14.19,1.138,13.82,823,32.8,21.1,+11.3,
140-2,21,14.73,14.91,16.76,1.124,16.56,984,33.3,21.1,+11.8,
140-2,22,12.92,12.95,13.61,1.051,13.59,855,17.5,20.8,-3.6,
140-2,24,10.47,10.65,10.40,0.976,10.22,703,4.2,21.8,-17.9,
140-2,25,11.60,11.75,11.63,0.990,11.48,775,6.4,21.5,-15.5,
140-2,25-1,12.04,12.06,11.95,0.990,11.92,796,6.4,21.5,-15.5,
140-2,26,12.13,12.16,12.04,0.990,12.02,803,6.4,21.5,-15.5,
140-2,27,13.65,13.38,13.26,0.991,13.53,883,6.5,21.6,-15.5,
140-2,28,14.28,14.45,14.76,1.022,14.59,954,14.2,23.5,-9.6,
140-2,29,19.37,19.96,24.11,1.208,23.39,1317,69.2,22.9,+46.0,
140-2,30,15.84,15.90,16.81,1.057,16.74,1049,22.0,21.0,+0.6,
140-2,31,15.34,15.32,15.95,1.042,15.98,1011,19.2,23.2,-4.3,
140-2,32,17.62,17.65,18.40,1.042,18.37,1165,20.9,21.6,-1.0,
140-2,32-1,17.55,17.59,18.34,1.042,18.30,1161,21.0,21.6,-1.0,
140-2,33,17.15,17.19,18.39,1.069,18.34,1135,26.9,21.0,+5.5,
140-2,34,16.63,16.66,17.85,1.072,17.82,1099,26.9,21.0,+5.4,
140-2,35,15.48,15.51,17.62,1.136,17.59,1024,37.6,21.2,+16.0,
140-2,36,17.86,17.90,19.75,1.103,19.71,1181,36.9,24.5,+12.3,
140-2,37,17.08,17.19,18.39,1.069,18.26,1135,26.9,21.0,+5.5,
140-2,38,18.59,18.61,20.10,1.080,20.07,1229,31.7,21.2,+10.2,
140-2,39,20.41,19.73,22.02,1.116,22.79,1302,44.4,23.4,+20.6,
140-2,40,20.39,20.41,22.35,1.095,22.32,1347,39.1,21.2,+17.6,
140-2,43,14.81,14.83,16.16,1.090,16.14,979,28.0,21.6,+6.0,
140-2,43-1,15.62,15.65,16.55,1.058,16.52,1033,22.0,21.1,+0.5,
140-2,43-2,15.25,15.34,16.72,1.090,16.62,1013,29.1,22.0,+6.8,
140-2,44-1,18.12,18.20,20.06,1.102,19.98,1201,37.4,23.6,+13.4,
140-2,49,0.80,0.96,0.96,1.000,0.80,64,0.0,0.0,-0.0,
140-2,50,3.75,3.78,3.83,1.011,3.80,250,2.9,11.4,-8.8,
140-2,51,3.06,3.37,3.49,1.036,3.17,223,2.0,11.1,-9.4,
140-2,52,1.50,1.83,1.96,1.073,1.61,121,2.0,6.0,-4.2,
140-2,52-1,1.50,1.83,1.96,1.073,1.61,121,2.0,6.0,-4.2,
140-2,52-2,2.52,2.97,3.09,1.041,2.62,196,2.0,11.0,-9.4,
140-2,53,1.90,2.31,2.49,1.076,2.04,153,3.1,4.8,-2.0,
140-2,54,3.50,3.52,3.59,1.018,3.56,233,3.2,9.4,-6.6,
140-2,55,4.10,4.06,4.14,1.020,4.18,268,3.5,9.3,-6.2,
140-2,56,13.49,13.53,14.36,1.062,14.32,893,20.4,20.8,-0.8,
140-2,57,4.07,4.30,4.78,1.111,4.52,284,2.0,20.9,-18.9,
140-2,57-1,2.27,2.51,2.74,1.090,2.47,166,0.7,11.5,-10.9,
140-2,58,4.81,5.67,6.24,1.101,5.30,374,2.0,27.6,-25.6,
140-2,59,3.13,3.46,4.01,1.159,3.63,228,2.0,19.5,-17.2,
140-2,59-1,4.16,4.38,4.95,1.130,4.70,289,2.0,25.9,-23.6,
140-2,61,9.39,9.46,10.75,1.135,10.66,625,14.2,29.9,-15.7,
140-2,62,10.20,10.47,10.66,1.019,10.39,691,10.4,20.5,-10.5,
140-2,64,11.45,10.60,10.67,1.007,11.53,700,4.3,33.3,-29.4,
140-2,66,18.72,18.69,21.48,1.149,21.51,1234,48.8,6.2,+42.6,
140-2,71,7.77,7.44,7.27,0.976,7.59,491,0.2,33.6,-33.5,
140-2,71-1,7.32,7.44,7.27,0.976,7.14,491,0.2,33.6,-33.5,
140-2,73,7.43,8.45,8.29,0.981,7.29,557,4.1,23.3,-19.5,
140-2,74,5.03,5.06,5.38,1.064,5.35,334,7.8,10.4,-3.0,
140-2,75,17.57,17.64,18.27,1.036,18.20,1164,19.2,21.6,-2.7,
140-2,75-1,17.42,17.54,17.88,1.020,17.76,1158,15.9,24.9,-9.3,
140-2,80,13.69,13.57,14.69,1.082,14.81,896,21.8,34.7,-13.0,
140-2,81,5.71,5.60,5.45,0.975,5.57,369,0.2,19.8,-19.6,
140-2,82,3.31,3.46,3.91,1.130,3.74,229,8.3,2.0,+6.4,
140-2,83,4.26,4.57,4.61,1.009,4.30,302,2.0,15.9,-14.2,
140-2,84,4.71,4.73,4.71,0.996,4.69,312,2.9,15.8,-13.2,
140-2,85,6.84,6.75,6.73,0.997,6.82,445,2.3,19.8,-17.5,
140-2,85-1,14.31,14.49,15.56,1.073,15.36,957,21.4,35.2,-13.8,
140-2,86,13.00,13.19,14.23,1.078,14.02,871,19.5,34.7,-15.2,
140-2,101,8.82,9.14,9.04,0.990,8.73,603,3.6,27.3,-24.1,
140-2,103,8.15,8.24,7.99,0.970,7.90,544,2.9,31.5,-28.9,
140-2,105-2,21.29,21.24,23.60,1.111,23.65,1402,46.9,19.4,+27.8,
140-2,129,15.45,15.56,15.73,1.011,15.62,1027,11.4,21.6,-10.5,
140-2,132,19.23,19.26,21.75,1.129,21.71,1271,46.9,12.6,+34.3,
140-2,135,20.15,19.87,22.17,1.116,22.48,1311,44.6,23.4,+20.9,
140-2,140,0.75,0.00,0.00,1.000,0.75,0,0.0,0.0,-0.0,
140-2,140-1,0.99,0.00,0.00,1.000,0.99,0,0.0,0.0,-0.0,
140-2,142,19.09,19.23,23.20,1.206,23.03,1269,66.2,22.9,+43.0,
140-2,143,13.60,13.56,15.69,1.157,15.73,895,38.5,22.5,+15.7,
140-2,152-1,9.56,9.21,8.98,0.975,9.32,608,1.2,39.2,-38.0,
140-2,153,8.64,8.55,8.30,0.972,8.39,564,0.2,36.5,-36.3,
140-2,200,14.18,14.32,14.26,0.996,14.12,945,7.5,21.6,-14.4,
140-2,201,16.76,16.79,17.19,1.024,17.16,1108,15.8,22.3,-6.8,
140-2,203,14.27,14.29,14.24,0.996,14.21,943,7.5,21.6,-14.4,
140-2,207,2.50,2.82,2.94,1.043,2.61,186,2.0,9.3,-7.7,
140-2,220,0.40,0.54,0.50,0.930,0.37,36,0.0,0.9,-1.1,
140-2,221,0.77,0.77,0.77,1.000,0.77,51,0.0,0.0,+0.0,
140-2,222,1.19,2.66,2.89,1.084,1.29,176,3.4,8.8,-5.8,경로 다름
140-2,223,3.20,3.39,3.68,1.086,3.48,224,4.8,12.9,-8.2,
140-2,300,26.04,26.10,30.25,1.159,30.18,1722,74.8,16.7,+58.1,
140-2,301,27.10,26.93,31.34,1.164,31.54,1777,78.7,16.7,+62.1,
140-2,302,29.65,29.73,35.57,1.197,35.47,1962,100.4,16.7,+83.6,
140-2,500,14.93,15.01,15.10,1.006,15.02,990,14.2,33.9,-20.0,
140-2,900,,9.93,10.64,1.072,10.64,655,17.5,11.8,+5.6,
140-2,901,,9.74,10.49,1.077,10.49,643,16.3,15.1,+1.2,
140-2,902,,9.17,9.84,1.073,9.84,605,16.3,10.9,+5.4,
140-2,903,,9.61,10.47,1.089,10.47,634,18.6,8.9,+9.7,
140-2,904,,9.29,10.18,1.096,10.18,613,18.7,8.2,+10.4,
140-2,905,,10.93,11.77,1.077,11.77,721,20.4,12.4,+8.0,
140-2,906,,10.28,11.18,1.087,11.18,678,18.3,17.4,+0.6,
140-2,915,,14.04,14.82,1.055,14.82,927,15.7,45.9,-29.8,
140-2,916,,15.18,16.02,1.056,16.02,1002,17.7,47.3,-29.4,
140-2,917,,16.00,16.97,1.061,16.97,1056,17.8,53.3,-35.3,
140-2,918,,11.18,12.65,1.132,12.65,738,27.6,10.5,+16.6,
140-2,919,11.11,10.99,11.81,1.074,11.94,725,15.7,25.1,-9.4,
140-2,921,,12.67,13.45,1.062,13.45,836,15.9,34.7,-18.8,
140-2,922,,13.20,14.13,1.071,14.13,871,17.8,32.0,-14.4,
140-2,923,,13.68,14.65,1.071,14.65,903,19.0,34.7,-15.6,
140-2,924,,13.66,14.51,1.063,14.51,901,17.8,35.7,-17.9,
140-2,925,,12.98,13.73,1.058,13.73,857,15.7,35.1,-19.4,
140-2,926,,13.43,14.12,1.051,14.12,887,15.8,36.9,-21.0,
140-2,931,,18.44,19.39,1.051,19.39,1217,20.7,60.1,-39.4,
140-2,932,,18.28,19.18,1.049,19.18,1206,18.7,57.7,-39.2,
140-2,933,,18.89,19.84,1.050,19.84,1247,19.6,57.7,-38.1,
140-2,934,,18.98,19.96,1.052,19.96,1252,20.2,57.7,-37.5,
140-2,935,,20.26,21.13,1.043,21.13,1337,19.9,61.1,-41.1,
140-2,942,18.50,18.49,19.75,1.068,19.76,1221,24.2,44.7,-20.5,
140-2,946,,13.47,14.33,1.063,14.33,889,15.7,45.6,-29.9,
140-2,GATE,11.33,11.55,11.56,1.001,11.33,762,2.2,42.3,-40.1,
142,1,10.00,10.11,10.80,1.068,10.68,667,2.7,53.0,-50.2,
142,2,10.20,10.36,11.05,1.067,10.88,684,2.8,50.6,-47.9,
142,3,11.44,11.29,12.01,1.063,12.17,745,3.3,50.7,-47.5,
142,4,11.15,11.35,11.97,1.055,11.76,749,3.3,52.9,-49.7,
142,5,10.13,10.24,10.80,1.055,10.68,676,3.3,48.2,-44.9,
142,6,11.53,11.64,12.11,1.041,11.99,768,4.2,43.9,-39.7,
142,7,10.07,10.44,11.09,1.062,10.69,689,4.4,40.5,-36.2,
142,8,10.20,10.54,11.10,1.053,10.74,695,3.3,48.2,-44.9,
142,9,10.00,10.39,10.42,1.003,10.04,685,2.9,37.6,-34.7,
142,10,11.04,11.15,11.39,1.022,11.28,736,5.4,34.1,-28.7,
142,10-1,11.19,11.31,11.55,1.021,11.43,746,5.4,34.1,-28.7,
142,11,10.19,10.39,10.44,1.005,10.23,686,2.9,37.1,-34.2,
142,12,9.04,9.15,9.29,1.015,9.17,604,2.9,31.8,-28.8,
142,13,7.43,7.55,7.79,1.033,7.68,498,2.7,28.5,-25.8,
142,14,12.06,12.17,12.75,1.048,12.63,803,5.1,42.5,-37.5,
142,15,14.31,14.42,14.89,1.033,14.78,952,3.7,69.1,-65.4,
142,15-1,14.98,16.22,16.77,1.034,15.49,1071,6.9,72.7,-65.8,
142,16,16.15,16.36,16.79,1.026,16.57,1080,5.2,73.1,-68.0,
142,16-1,15.53,15.64,15.98,1.022,15.86,1032,3.7,73.0,-69.3,
142,17,15.77,15.88,16.62,1.047,16.50,1048,8.3,65.7,-57.4,
142,18,3.83,4.10,4.45,1.085,4.16,271,1.2,21.4,-20.2,
142,19,4.90,5.01,5.28,1.054,5.16,331,0.8,22.5,-21.8,
142,20,3.76,5.90,6.08,1.032,3.88,389,0.6,27.1,-26.6,경로 다름
142,21,3.91,4.57,4.85,1.062,4.15,302,0.0,29.2,-29.2,
142,22,6.76,6.90,7.45,1.080,7.30,455,0.2,44.0,-43.8,
142,24,9.89,10.08,10.76,1.068,10.57,665,0.5,59.0,-58.5,
142,25,9.41,9.52,10.23,1.074,10.11,628,0.5,58.6,-58.0,
142,25-1,10.34,10.45,11.14,1.066,11.02,690,0.5,59.0,-58.5,
142,26,9.44,9.29,9.82,1.058,9.98,613,0.0,55.1,-55.1,
142,27,8.09,8.21,8.58,1.045,8.46,542,0.0,48.9,-48.9,
142,28,7.46,7.51,7.95,1.059,7.90,496,0.0,47.5,-47.5,
142,29,1.26,1.64,1.77,1.078,1.36,108,2.2,0.0,+2.2,
142,30,6.34,6.47,6.94,1.073,6.80,427,0.0,42.5,-42.5,
142,31,7.37,7.43,7.88,1.061,7.81,490,0.0,47.3,-47.3,
142,32,10.74,10.85,10.99,1.013,10.88,716,2.1,44.5,-42.4,
142,32-1,9.79,10.39,10.53,1.013,9.92,686,2.1,44.5,-42.4,
142,33,7.62,7.75,8.41,1.086,8.27,511,3.8,41.3,-37.5,
142,34,6.17,6.28,6.55,1.043,6.43,415,1.1,30.8,-29.7,
142,35,3.68,3.80,4.04,1.064,3.91,251,0.0,24.3,-24.2,
142,36,6.58,6.59,6.89,1.045,6.88,435,2.2,26.9,-24.7,
142,37,7.54,7.75,8.41,1.086,8.19,511,3.8,41.3,-37.5,
142,38,7.93,8.05,8.23,1.023,8.11,531,2.1,34.4,-32.2,
142,39,8.67,8.07,8.51,1.054,9.15,533,5.4,27.7,-22.4,
142,40,8.74,9.80,10.39,1.061,9.27,647,8.9,34.3,-25.4,
142,43,4.49,4.64,4.92,1.060,4.76,306,0.0,29.2,-29.2,
142,43-1,4.83,4.95,5.30,1.071,5.17,326,0.0,32.5,-32.5,
142,43-2,4.93,5.53,5.84,1.057,5.21,365,0.0,35.1,-35.1,
142,44-1,6.34,6.45,6.74,1.045,6.62,426,2.2,27.0,-24.8,
142,49,16.25,16.36,18.10,1.106,17.97,1080,16.3,59.3,-43.0,
142,50,15.27,15.38,16.28,1.058,16.16,1015,9.6,63.3,-53.8,
142,51,16.67,16.78,17.85,1.064,17.73,1107,12.2,67.9,-55.8,
142,52,16.75,16.86,17.91,1.062,17.79,1113,12.2,63.3,-51.1,
142,52-1,17.44,17.68,18.74,1.060,18.48,1167,13.1,65.6,-52.5,
142,52-2,17.96,18.07,19.14,1.059,19.02,1193,13.2,65.6,-52.4,
142,53,15.87,15.98,17.70,1.107,17.57,1055,16.0,59.4,-43.4,
142,54,14.75,14.95,16.56,1.108,16.35,986,14.0,58.9,-45.0,
142,55,15.02,15.13,16.74,1.107,16.62,999,13.9,58.9,-45.0,
142,56,4.99,5.44,5.63,1.035,5.17,359,0.0,33.1,-33.1,
142,57,20.80,20.93,22.48,1.074,22.34,1381,19.3,79.8,-60.4,
142,57-1,19.81,19.92,21.31,1.070,21.19,1315,19.5,70.1,-50.6,
142,58,20.21,20.32,21.12,1.040,21.01,1341,11.0,77.4,-66.4,
142,59,19.96,20.08,21.71,1.081,21.58,1326,19.3,78.3,-58.8,
142,59-1,20.89,21.00,22.65,1.078,22.53,1386,19.3,84.7,-65.2,
142,61,8.85,8.98,9.54,1.063,9.41,593,2.7,42.8,-40.0,
142,62,8.59,10.34,11.49,1.111,9.54,682,5.7,58.9,-53.5,
142,64,17.67,17.79,17.92,1.008,17.81,1174,1.1,84.0,-82.8,
142,66,0.85,0.85,0.85,1.000,0.85,56,0.0,0.0,-0.0,
142,71,25.61,25.51,26.66,1.045,26.76,1684,18.7,84.6,-65.8,
142,71-1,23.99,25.51,26.66,1.045,25.08,1684,18.7,84.6,-65.8,
142,73,13.69,13.81,14.40,1.043,14.28,911,0.7,66.0,-65.3,
142,74,13.63,13.74,14.93,1.086,14.81,907,12.2,61.5,-49.4,
142,75,10.96,11.12,11.69,1.052,11.53,734,5.0,50.7,-45.7,
142,75-1,10.81,11.02,11.30,1.025,11.09,727,1.8,54.1,-52.3,
142,80,29.96,30.07,32.50,1.081,32.38,1985,40.2,85.4,-45.4,
142,81,24.42,24.53,25.92,1.057,25.80,1619,21.6,73.6,-52.0,
142,82,14.97,15.09,17.63,1.169,17.50,996,23.9,57.5,-33.6,
142,83,16.89,16.99,17.88,1.052,17.77,1122,10.7,68.1,-57.4,
142,84,14.59,14.33,15.13,1.055,15.40,946,7.3,62.8,-55.5,
142,85,25.54,25.68,27.19,1.059,27.04,1695,23.7,73.6,-49.9,
142,85-1,30.57,30.99,33.37,1.077,32.92,2046,39.7,85.9,-46.2,
142,86,29.27,29.69,32.04,1.079,31.58,1960,37.8,85.4,-47.6,
142,101,16.94,17.05,17.41,1.021,17.30,1126,3.7,76.1,-72.4,
142,103,14.37,14.48,15.01,1.037,14.90,956,0.6,68.0,-67.4,
142,105-2,6.43,6.74,7.00,1.038,6.67,445,8.0,9.2,-1.0,
142,129,8.38,8.56,8.90,1.040,8.72,565,0.0,49.4,-49.4,
142,132,3.42,3.67,3.83,1.045,3.58,242,4.2,2.0,+2.2,
142,135,8.35,8.21,8.67,1.055,8.81,542,5.6,27.7,-22.1,
142,140,19.09,19.23,20.84,1.084,20.69,1269,22.9,66.2,-43.0,
142,140-1,19.09,19.23,20.84,1.084,20.69,1269,22.9,66.2,-43.0,
142,140-2,19.09,19.23,20.84,1.084,20.69,1269,22.9,66.2,-43.0,
142,143,2.81,3.09,3.34,1.079,3.04,204,0.0,20.8,-20.7,
142,152-1,23.36,23.24,23.99,1.033,24.12,1534,13.2,83.6,-70.4,
142,153,22.76,22.90,23.65,1.033,23.51,1511,12.9,81.6,-68.7,
142,200,9.06,9.25,9.50,1.028,9.31,610,0.0,51.3,-51.3,
142,201,10.16,10.27,10.61,1.033,10.49,678,1.6,51.5,-49.8,
142,203,10.61,10.72,10.84,1.012,10.73,708,0.0,57.4,-57.4,
142,207,18.05,18.45,19.51,1.058,19.09,1218,13.2,65.6,-52.4,
142,220,17.83,18.01,19.38,1.076,19.18,1188,18.3,66.5,-48.2,
142,221,19.93,20.23,21.75,1.075,21.43,1335,21.0,68.3,-47.3,
142,222,18.58,18.69,20.14,1.078,20.02,1234,19.6,68.4,-48.8,
142,223,22.00,22.48,22.21,0.988,21.74,1484,11.1,66.0,-55.0,
142,300,11.17,11.60,13.65,1.177,13.15,765,35.9,6.5,+29.3,
142,301,12.24,12.43,14.73,1.186,14.51,820,39.9,6.5,+33.3,
142,302,14.78,15.23,18.97,1.246,18.41,1005,61.5,6.5,+54.9,
142,500,12.09,12.20,12.12,0.993,12.01,805,0.0,62.0,-62.0,
142,900,,14.53,14.53,1.000,14.53,959,1.4,38.2,-36.9,
142,901,,15.50,15.37,0.992,15.37,1023,1.2,42.6,-41.2,
142,902,,13.61,13.57,0.996,13.57,899,0.7,37.8,-37.1,
142,903,,12.48,12.53,1.004,12.53,824,0.7,33.4,-32.8,
142,904,,12.16,12.24,1.007,12.24,802,0.7,32.7,-32.1,
142,905,,12.81,12.79,0.999,12.79,845,0.8,35.2,-34.5,
142,906,,15.06,14.95,0.993,14.95,994,0.7,39.6,-39.0,
142,915,,19.91,19.46,0.977,19.46,1314,1.1,73.7,-72.3,
142,916,,21.05,20.67,0.982,20.67,1389,3.0,75.1,-71.9,
142,917,,21.87,21.62,0.989,21.62,1443,3.1,81.1,-77.8,
142,918,,13.05,13.66,1.047,13.66,861,7.4,32.7,-25.8,
142,919,16.69,16.86,16.45,0.976,16.29,1113,1.1,52.9,-51.9,
142,921,,18.54,18.10,0.976,18.10,1223,1.2,62.5,-61.3,
142,922,,19.06,18.78,0.985,18.78,1258,3.1,59.8,-56.9,
142,923,,19.55,19.30,0.987,19.30,1291,4.4,62.5,-58.1,
142,924,,19.53,19.16,0.981,19.16,1289,3.2,63.5,-60.3,
142,925,,18.85,18.38,0.975,18.38,1244,1.1,62.9,-61.9,
142,926,,19.30,18.77,0.972,18.77,1274,1.1,64.7,-63.5,
142,931,,24.31,24.03,0.989,24.03,1604,6.0,87.9,-81.9,
142,932,,24.15,23.83,0.987,23.83,1594,4.0,85.5,-81.7,
142,933,,24.76,24.48,0.989,24.48,1634,4.9,85.5,-80.6,
142,934,,24.84,24.61,0.990,24.61,1640,5.5,85.6,-80.0,
142,935,,26.12,25.78,0.987,25.78,1724,5.2,88.9,-83.6,
142,942,23.27,23.44,26.73,1.140,26.53,1547,29.6,88.8,-59.2,
142,946,,19.34,18.97,0.981,18.97,1277,1.1,73.4,-72.4,
142,GATE,21.68,21.78,21.73,0.998,21.63,1437,1.7,88.5,-86.8,
143,1,4.51,4.44,4.98,1.123,5.06,293,2.4,25.3,-22.9,
143,2,4.70,4.69,5.23,1.116,5.25,309,2.4,23.0,-20.6,
143,3,5.95,5.62,6.18,1.101,6.55,371,2.9,23.0,-20.2,
143,4,5.66,5.68,6.15,1.083,6.13,375,2.9,25.3,-22.4,
143,5,4.64,4.57,4.98,1.090,5.05,301,2.9,20.5,-17.6,
143,6,6.03,5.97,6.29,1.054,6.36,394,3.8,16.2,-12.4,
143,7,4.58,4.77,5.27,1.104,5.05,315,4.0,12.9,-8.8,
143,8,4.70,4.86,5.28,1.085,5.10,321,2.9,20.5,-17.6,
143,9,4.51,4.71,4.60,0.976,4.40,311,2.6,9.9,-7.4,
143,10,5.55,5.48,5.57,1.017,5.64,362,5.0,6.4,-1.4,
143,10-1,5.70,5.64,5.73,1.017,5.80,372,5.0,6.4,-1.4,
143,11,4.70,4.72,4.62,0.979,4.60,311,2.6,9.4,-6.8,
143,12,3.55,3.48,3.47,0.997,3.54,230,2.6,4.1,-1.5,
143,13,1.94,1.87,1.97,1.053,2.04,124,2.4,0.9,+1.5,
143,14,6.57,6.50,6.93,1.067,7.00,429,4.7,14.9,-10.2,
143,15,8.82,8.75,9.07,1.037,9.15,577,3.4,41.5,-38.1,
143,15-1,9.49,10.55,10.95,1.038,9.85,696,6.5,45.0,-38.5,
143,16,10.66,10.69,10.97,1.026,10.94,705,4.8,45.5,-40.7,
143,16-1,10.03,9.97,10.16,1.019,10.23,658,3.4,45.3,-42.0,
143,17,10.28,10.21,10.80,1.058,10.87,674,7.9,38.0,-30.1,
143,18,2.52,2.76,2.86,1.033,2.60,182,3.7,3.1,+0.5,
143,19,3.57,3.61,3.38,0.937,3.35,238,0.8,6.2,-5.5,
143,20,0.31,0.35,0.34,0.992,0.30,23,0.0,0.1,-0.0,
143,21,1.80,2.70,2.55,0.946,1.70,178,0.2,8.7,-8.5,
143,22,5.00,5.02,5.15,1.025,5.12,331,0.4,23.5,-23.1,
143,24,7.57,7.57,8.12,1.073,8.12,500,3.6,34.8,-31.2,
143,25,7.08,7.02,7.59,1.082,7.66,463,3.6,34.4,-30.7,
143,25-1,8.02,7.95,8.50,1.069,8.57,525,3.6,34.8,-31.2,
143,26,7.11,7.05,7.64,1.084,7.71,465,3.6,32.3,-28.7,
143,27,6.33,6.33,6.27,0.991,6.27,418,0.2,28.4,-28.2,
143,28,5.69,5.63,5.65,1.003,5.71,372,0.2,27.0,-26.8,
143,29,3.51,3.82,5.42,1.419,4.98,252,23.8,0.0,+23.7,
143,30,4.57,4.59,4.64,1.010,4.62,303,0.2,21.9,-21.8,
143,31,5.60,5.55,5.58,1.004,5.62,367,0.2,26.8,-26.6,
143,32,9.23,9.23,8.93,0.967,8.92,609,2.2,23.8,-21.7,
143,32-1,8.02,8.77,8.47,0.965,7.74,579,2.2,23.9,-21.7,
143,33,5.85,5.87,6.11,1.041,6.09,387,4.0,20.8,-16.8,
143,34,4.48,4.62,4.88,1.057,4.73,305,6.2,14.6,-8.5,
143,35,1.91,1.92,1.77,0.925,1.77,127,0.2,3.7,-3.5,
143,36,5.06,4.97,4.82,0.970,4.91,328,2.3,6.3,-4.0,
143,37,5.78,5.87,6.11,1.041,6.01,387,4.0,20.8,-16.8,
143,38,6.42,6.42,6.16,0.959,6.16,424,2.2,13.7,-11.5,
143,39,7.16,6.45,6.45,0.999,7.16,426,5.4,7.0,-1.7,
143,40,7.23,8.18,8.33,1.018,7.36,540,8.9,13.6,-4.7,
143,43,2.72,2.76,2.62,0.947,2.57,182,0.2,8.6,-8.5,
143,43-1,3.07,3.07,2.99,0.975,2.99,203,0.2,11.9,-11.8,
143,43-2,3.16,3.65,3.54,0.969,3.07,241,0.2,14.6,-14.4,
143,44-1,4.83,4.83,4.67,0.968,4.67,319,2.3,6.3,-4.1,
143,49,10.76,10.69,12.28,1.149,12.35,705,15.9,31.6,-15.7,
143,50,9.77,9.71,10.46,1.077,10.53,641,9.2,35.6,-26.5,
143,51,11.18,11.11,12.03,1.083,12.11,733,11.8,40.2,-28.5,
143,52,11.26,11.19,12.09,1.080,12.16,739,11.8,35.6,-23.8,
143,52-1,11.95,12.01,12.92,1.076,12.85,793,12.7,37.9,-25.2,
143,52-2,12.47,12.40,13.32,1.074,13.39,818,12.8,37.9,-25.1,
143,53,10.38,10.31,11.87,1.152,11.95,680,15.6,31.7,-16.1,
143,54,9.26,9.27,10.74,1.158,10.73,612,13.6,31.3,-17.7,
143,55,9.52,9.46,10.92,1.155,11.00,624,13.5,31.3,-17.7,
143,56,3.23,3.56,3.32,0.933,3.01,235,0.2,12.6,-12.4,
143,57,15.30,15.25,16.65,1.092,16.71,1007,18.9,52.1,-33.1,
143,57-1,14.32,14.25,15.49,1.087,15.56,941,19.1,42.4,-23.3,
143,58,14.71,14.65,15.30,1.045,15.37,967,10.6,49.7,-39.1,
143,59,14.47,14.41,15.89,1.102,15.95,951,18.9,50.6,-31.5,
143,59-1,15.40,15.33,16.83,1.098,16.90,1012,18.9,57.0,-37.9,
143,61,3.36,3.31,3.72,1.126,3.79,218,2.4,15.1,-12.7,
143,62,5.98,6.01,6.57,1.094,6.54,396,2.5,28.7,-26.2,
143,64,13.57,13.50,13.63,1.010,13.70,891,3.0,58.5,-55.5,
143,66,8.68,8.93,11.57,1.295,11.23,589,41.5,6.2,+35.3,
143,71,20.12,19.84,20.84,1.051,21.13,1309,18.4,56.9,-38.5,
143,71-1,18.50,19.84,20.84,1.051,19.44,1309,18.4,56.9,-38.5,
143,73,8.57,8.50,8.92,1.050,8.99,561,3.4,38.6,-35.2,
143,74,8.14,8.07,9.11,1.129,9.19,533,11.8,33.8,-22.1,
143,75,9.20,9.24,9.39,1.016,9.34,610,5.2,30.2,-25.0,
143,75-1,9.04,9.14,8.99,0.984,8.90,603,2.0,33.6,-31.6,
143,80,24.47,24.40,26.68,1.094,26.76,1610,39.8,57.7,-18.1,
143,81,18.93,18.86,20.10,1.066,20.17,1245,21.2,45.9,-24.7,
143,82,9.48,9.41,11.81,1.255,11.90,621,23.5,29.8,-6.3,
143,83,11.40,11.32,12.06,1.065,12.14,747,10.3,40.4,-30.1,
143,84,9.10,8.66,9.31,1.074,9.77,572,7.0,35.1,-28.2,
143,85,20.05,20.01,21.37,1.068,21.42,1321,23.4,45.9,-22.5,
143,85-1,25.08,25.32,27.55,1.088,27.29,1671,39.3,58.2,-18.9,
143,86,23.78,24.02,26.22,1.092,25.96,1585,37.5,57.8,-20.3,
143,101,11.45,11.38,11.59,1.019,11.66,751,3.4,48.4,-45.1,
143,103,9.48,9.41,9.68,1.029,9.75,621,2.4,42.5,-40.1,
143,105-2,8.68,8.92,10.64,1.193,10.36,589,29.5,9.2,+20.5,
143,129,6.62,6.68,6.60,0.988,6.54,441,0.2,28.9,-28.7,
143,132,5.68,5.84,7.48,1.280,7.27,386,25.7,2.0,+23.7,
143,135,6.84,6.59,6.60,1.001,6.85,435,5.6,7.0,-1.4,
143,140,13.60,13.56,15.02,1.108,15.07,895,22.5,38.5,-15.7,
143,140-1,13.60,13.56,15.02,1.108,15.07,895,22.5,38.5,-15.7,
143,140-2,13.60,13.56,15.02,1.108,15.07,895,22.5,38.5,-15.7,
143,142,2.81,3.09,4.51,1.457,4.10,204,20.8,0.0,+20.7,
143,152-1,17.87,17.56,18.17,1.035,18.49,1159,12.8,55.9,-43.1,
143,153,17.27,17.23,17.83,1.035,17.87,1137,12.6,53.9,-41.4,
143,200,7.29,7.37,7.20,0.977,7.12,486,0.2,30.7,-30.6,
143,201,8.39,8.40,8.31,0.989,8.30,554,1.8,30.9,-29.1,
143,203,8.84,8.84,8.54,0.966,8.54,584,0.2,36.9,-36.7,
143,207,12.56,12.78,13.69,1.072,13.46,843,12.8,37.9,-25.1,
143,220,12.33,12.34,13.56,1.099,13.56,814,17.9,38.9,-20.9,
143,221,14.44,14.55,15.93,1.095,15.81,961,20.6,40.6,-20.0,
143,222,13.09,13.02,14.32,1.100,14.40,859,19.3,40.7,-21.5,
143,223,17.01,17.11,18.93,1.106,18.82,1129,27.9,41.1,-13.2,
143,300,13.32,13.52,16.98,1.256,16.73,892,57.2,7.0,+50.1,
143,301,14.39,14.35,18.12,1.262,18.17,947,61.9,7.0,+54.8,
143,302,16.95,17.15,22.35,1.303,22.09,1132,83.5,7.0,+76.3,
143,500,10.32,10.33,9.82,0.951,9.82,682,0.2,41.5,-41.3,
143,900,,11.38,12.18,1.070,12.18,751,19.6,14.6,+4.9,
143,901,,11.19,12.02,1.075,12.02,738,18.3,17.9,+0.6,
143,902,,10.62,11.37,1.071,11.37,701,18.3,13.6,+4.7,
143,903,,11.06,12.00,1.085,12.00,730,20.7,11.6,+9.0,
143,904,,10.73,11.71,1.091,11.71,708,20.7,11.0,+9.7,
143,905,,12.23,14.00,1.145,14.00,807,26.4,19.1,+7.3,
143,906,,11.73,12.71,1.084,12.71,774,20.4,20.1,-0.1,
143,915,,15.49,16.35,1.056,16.35,1022,17.8,48.7,-30.5,
143,916,,16.63,17.56,1.056,17.56,1097,19.7,50.0,-30.1,
143,917,,17.45,18.51,1.061,18.51,1151,19.9,56.0,-36.0,
143,918,,12.47,14.87,1.192,14.87,823,33.0,16.5,+16.0,
143,919,12.51,12.44,13.34,1.073,13.42,821,17.8,27.9,-10.1,
143,921,,14.12,14.99,1.062,14.99,932,17.9,37.5,-19.5,
143,922,,14.64,15.67,1.070,15.67,966,19.8,34.8,-15.1,
143,923,,15.13,16.19,1.070,16.19,999,21.1,37.5,-16.3,
143,924,,15.10,16.05,1.063,16.05,997,19.9,38.4,-18.5,
143,925,,14.43,15.27,1.058,15.27,952,17.8,37.9,-20.1,
143,926,,14.88,15.66,1.052,15.66,982,17.8,39.6,-21.7,
143,931,,19.89,20.92,1.052,20.92,1312,22.7,62.8,-40.1,
143,932,,19.73,20.72,1.050,20.72,1302,20.7,60.4,-39.9,
143,933,,20.34,21.37,1.051,21.37,1342,21.6,60.5,-38.8,
143,934,,20.42,21.50,1.053,21.50,1348,22.2,60.5,-38.2,
143,935,,21.70,22.67,1.044,22.67,1432,22.0,63.9,-41.8,
143,942,19.90,19.94,21.29,1.067,21.24,1316,26.2,47.4,-21.2,
143,946,,14.92,15.86,1.063,15.86,985,17.8,48.3,-30.6,
143,GATE,17.57,17.49,17.45,0.997,17.52,1155,3.6,63.1,-59.5,
152-1,1,12.48,12.24,13.28,1.084,13.53,808,22.3,9.7,+12.5,
152-1,2,12.37,12.14,13.45,1.108,13.71,801,26.5,9.4,+17.0,
152-1,3,12.01,11.89,14.39,1.210,14.53,785,37.0,14.0,+23.0,
152-1,4,12.10,11.87,14.36,1.210,14.65,783,37.0,14.0,+23.0,
152-1,5,12.60,12.37,14.86,1.202,15.14,816,37.0,14.0,+23.0,
152-1,6,13.01,12.77,15.43,1.208,15.71,843,39.8,14.0,+25.7,
152-1,7,13.59,13.35,16.02,1.200,16.30,881,39.9,14.0,+25.9,
152-1,8,14.06,14.00,15.93,1.138,16.00,924,36.2,9.4,+26.7,
152-1,9,14.36,14.12,17.10,1.211,17.40,932,44.9,14.1,+30.8,
152-1,10,14.70,14.55,17.85,1.227,18.03,960,49.6,14.0,+35.5,
152-1,10-1,15.31,15.09,18.59,1.232,18.86,996,52.7,14.0,+38.6,
152-1,11,15.36,15.12,18.37,1.215,18.66,998,49.0,14.1,+34.9,
152-1,12,15.37,15.31,17.87,1.167,17.94,1011,45.8,9.4,+36.3,
152-1,13,15.60,15.55,18.23,1.172,18.28,1026,47.5,9.4,+38.0,
152-1,14,13.48,13.27,16.22,1.223,16.48,876,44.2,14.0,+30.1,
152-1,15,8.42,8.18,9.07,1.108,9.33,540,17.1,7.6,+9.8,
152-1,15-1,10.43,9.54,10.33,1.084,11.30,629,17.1,12.5,+4.6,
152-1,16,4.93,4.69,5.13,1.094,5.40,309,9.1,2.3,+6.8,
152-1,16-1,9.50,9.42,9.78,1.038,9.86,622,14.7,16.7,-2.0,
152-1,17,8.02,7.97,8.91,1.118,8.97,526,17.7,4.9,+12.8,
152-1,18,20.69,20.66,24.08,1.166,24.12,1363,59.4,13.3,+46.1,
152-1,19,21.49,21.29,24.63,1.157,24.86,1405,59.4,15.2,+44.3,
152-1,20,16.40,16.47,19.32,1.173,19.24,1087,50.1,11.4,+38.8,
152-1,21,18.99,18.91,21.89,1.158,21.99,1248,50.6,11.4,+39.2,
152-1,22,17.19,16.95,18.74,1.106,19.00,1119,34.9,11.1,+23.8,
152-1,24,14.73,14.65,15.53,1.060,15.62,967,21.6,12.0,+9.5,
152-1,25,15.86,15.75,16.76,1.064,16.88,1039,23.8,11.8,+11.9,
152-1,25-1,16.30,16.07,17.08,1.063,17.33,1060,23.7,11.8,+11.9,
152-1,26,16.40,16.16,17.17,1.063,17.43,1067,23.7,11.8,+11.9,
152-1,27,17.92,17.38,18.39,1.058,18.96,1147,23.8,11.9,+12.0,
152-1,28,18.54,18.45,19.89,1.078,19.99,1218,31.6,13.8,+17.8,
152-1,29,24.05,23.96,29.24,1.220,29.35,1581,86.6,13.2,+73.4,
152-1,30,20.11,19.90,21.94,1.102,22.16,1314,39.4,11.3,+28.0,
152-1,31,19.60,19.32,21.08,1.091,21.40,1275,36.6,13.5,+23.1,
152-1,32,21.28,21.05,23.19,1.102,23.45,1389,44.1,17.6,+26.5,
152-1,32-1,21.21,20.99,23.13,1.102,23.37,1385,44.1,17.6,+26.5,
152-1,33,21.42,21.20,23.52,1.109,23.76,1399,44.2,11.3,+32.9,
152-1,34,20.89,20.66,22.98,1.112,23.24,1363,44.2,11.3,+32.9,
152-1,35,19.75,19.51,22.75,1.166,23.03,1288,54.9,11.4,+43.4,
152-1,36,22.13,21.90,24.88,1.136,25.14,1445,54.3,14.8,+39.7,
152-1,37,21.34,21.20,23.52,1.109,23.68,1399,44.2,11.3,+32.9,
152-1,38,22.85,22.62,25.23,1.116,25.50,1493,49.0,11.4,+37.6,
152-1,39,24.68,23.73,27.15,1.144,28.24,1566,61.8,13.7,+48.0,
152-1,40,24.65,24.41,27.48,1.126,27.75,1611,56.5,11.5,+45.0,
152-1,43,19.07,18.84,21.29,1.131,21.56,1243,45.3,11.9,+33.4,
152-1,43-1,19.88,19.65,21.68,1.103,21.93,1297,39.4,11.4,+28.0,
152-1,43-2,19.52,19.34,21.85,1.129,22.04,1277,46.5,12.3,+34.2,
152-1,44-1,22.39,22.20,25.19,1.135,25.40,1465,54.8,13.9,+40.8,
152-1,49,9.81,9.59,11.66,1.215,11.93,633,34.0,3.4,+30.5,
152-1,50,7.30,7.03,7.87,1.120,8.17,464,15.5,2.5,+13.0,
152-1,51,6.96,6.73,7.75,1.152,8.02,444,18.5,2.4,+16.0,
152-1,52,7.80,7.62,8.77,1.151,8.98,503,20.5,2.4,+18.0,
152-1,52-1,7.74,7.53,8.69,1.153,8.92,497,20.5,2.4,+18.0,
152-1,52-2,7.56,7.32,8.28,1.131,8.55,483,17.7,2.4,+15.2,
152-1,53,9.43,9.20,10.70,1.163,10.97,607,26.8,3.9,+22.9,
152-1,54,9.06,8.83,10.19,1.154,10.46,583,25.1,4.2,+20.8,
152-1,55,8.92,8.68,9.88,1.138,10.16,573,22.4,4.3,+18.2,
152-1,56,17.76,17.53,19.49,1.112,19.74,1157,37.8,11.1,+26.6,
152-1,57,4.67,7.08,7.74,1.093,5.11,467,13.8,3.9,+10.0,경로 다름
152-1,57-1,4.86,6.83,7.57,1.108,5.38,451,14.1,2.5,+11.6,경로 다름
152-1,58,2.25,2.02,2.14,1.062,2.39,133,2.8,0.9,+1.9,
152-1,59,4.60,4.75,4.94,1.040,4.78,313,4.4,1.4,+3.0,
152-1,59-1,4.60,4.75,4.94,1.040,4.78,313,4.4,1.4,+3.0,
152-1,61,13.91,13.85,15.74,1.136,15.80,914,35.6,9.4,+26.1,
152-1,62,14.46,14.47,15.79,1.091,15.79,955,27.7,10.8,+16.9,
152-1,64,8.25,8.01,7.83,0.977,8.06,529,3.9,17.0,-13.1,
152-1,66,26.66,26.51,32.74,1.235,32.92,1750,94.3,9.3,+85.0,
152-1,71,5.65,5.21,5.73,1.101,6.22,344,9.4,4.9,+4.6,
152-1,71-1,4.04,5.21,5.73,1.101,4.45,344,9.4,4.9,+4.6,
152-1,73,10.65,11.90,12.66,1.064,11.32,786,21.2,16.6,+4.5,
152-1,74,9.40,9.17,10.60,1.157,10.88,605,25.5,4.9,+20.6,
152-1,75,21.23,21.03,23.06,1.096,23.28,1388,42.3,17.6,+24.7,
152-1,75-1,21.08,20.93,22.67,1.083,22.82,1382,39.1,21.0,+18.1,
152-1,80,7.28,7.22,8.87,1.228,8.94,477,26.9,0.2,+26.6,
152-1,81,7.06,6.82,7.99,1.171,8.26,450,19.9,1.5,+18.4,
152-1,82,10.84,10.61,13.47,1.270,13.77,700,41.7,4.9,+36.8,
152-1,83,6.54,6.30,7.15,1.134,7.42,416,15.5,2.4,+13.0,
152-1,84,8.60,8.36,9.39,1.123,9.66,552,19.1,4.9,+14.2,
152-1,85,8.18,7.97,9.26,1.162,9.50,526,22.1,1.5,+20.6,
152-1,85-1,7.90,8.15,9.74,1.196,9.44,538,26.4,0.6,+25.8,
152-1,86,6.59,6.85,8.41,1.229,8.10,452,24.6,0.2,+24.4,
152-1,101,8.58,8.35,8.79,1.053,9.04,551,14.7,11.3,+3.3,
152-1,103,10.08,9.84,10.31,1.048,10.56,650,14.7,16.7,-2.0,
152-1,105-2,28.62,28.47,33.47,1.175,33.63,1879,86.7,16.7,+70.2,
152-1,129,19.11,18.95,20.52,1.083,20.69,1251,34.5,17.6,+16.9,
152-1,132,26.22,25.99,31.30,1.204,31.58,1715,88.6,15.1,+73.4,
152-1,135,24.41,23.87,27.30,1.144,27.92,1576,62.0,13.7,+48.3,
152-1,140,8.96,9.21,11.61,1.261,11.29,608,39.2,1.2,+38.0,
152-1,140-1,8.96,9.21,11.61,1.261,11.29,608,39.2,1.2,+38.0,
152-1,140-2,9.56,9.21,11.61,1.261,12.05,608,39.2,1.2,+38.0,
152-1,142,23.36,23.24,28.33,1.219,28.48,1534,83.6,13.2,+70.4,
152-1,143,17.87,17.56,20.82,1.185,21.18,1159,55.9,12.8,+43.1,
152-1,153,1.58,1.50,1.58,1.050,1.66,99,1.4,0.0,+1.3,
152-1,200,17.95,17.71,19.05,1.076,19.31,1169,30.6,17.6,+13.0,
152-1,201,20.42,20.19,21.98,1.089,22.24,1333,38.9,18.4,+20.6,
152-1,203,17.92,17.47,18.79,1.076,19.29,1153,30.4,17.6,+12.8,
152-1,207,6.93,7.24,8.20,1.133,7.85,478,17.7,2.4,+15.2,
152-1,220,6.85,6.80,8.22,1.209,8.28,449,22.7,2.4,+20.0,
152-1,221,8.58,7.95,9.33,1.174,10.07,525,23.5,4.4,+19.1,
152-1,222,6.40,6.16,6.93,1.125,7.20,407,14.5,2.4,+11.9,
152-1,223,7.54,7.34,9.23,1.258,9.49,484,31.1,1.2,+29.9,
152-1,300,30.84,30.80,37.68,1.224,37.74,2033,113.5,13.7,+99.8,
152-1,301,31.91,31.63,38.82,1.227,39.16,2088,118.2,13.7,+104.5,
152-1,302,34.47,34.43,43.06,1.251,43.10,2273,139.9,13.7,+126.1,
152-1,500,16.30,16.11,17.13,1.063,17.32,1063,25.1,17.6,+7.5,
152-1,900,,17.75,21.91,1.234,21.91,1171,63.0,14.9,+48.0,
152-1,901,,17.56,21.75,1.239,21.75,1159,61.8,18.2,+43.7,
152-1,902,,16.99,21.10,1.242,21.10,1121,61.8,14.0,+47.8,
152-1,903,,17.43,21.73,1.247,21.73,1150,64.1,11.9,+52.1,
152-1,904,,17.10,21.44,1.253,21.44,1129,64.1,11.3,+52.8,
152-1,905,,18.75,23.04,1.229,23.04,1237,65.9,15.5,+50.4,
152-1,906,,18.10,22.44,1.240,22.44,1194,63.8,20.4,+43.0,
152-1,915,,21.86,26.08,1.193,26.08,1443,61.2,49.0,+12.6,
152-1,916,,23.00,27.28,1.186,27.28,1518,63.1,50.4,+13.0,
152-1,917,,23.82,28.23,1.185,28.23,1572,63.3,56.3,+7.1,
152-1,918,,18.99,23.91,1.259,23.91,1254,73.1,13.5,+59.1,
152-1,919,19.04,18.81,23.07,1.227,23.36,1241,61.2,28.2,+33.0,
152-1,921,,20.49,24.72,1.206,24.72,1352,61.3,37.8,+23.6,
152-1,922,,21.01,25.39,1.208,25.39,1387,63.3,35.1,+28.0,
152-1,923,,21.50,25.92,1.205,25.92,1419,64.5,37.8,+26.8,
152-1,924,,21.48,25.78,1.200,25.78,1417,63.3,38.8,+24.6,
152-1,925,,20.80,25.00,1.202,25.00,1373,61.2,38.2,+23.0,
152-1,926,,21.25,25.38,1.194,25.38,1403,61.2,39.9,+21.4,
152-1,931,,26.26,30.65,1.167,30.65,1733,66.2,63.1,+3.0,
152-1,932,,26.10,30.44,1.167,30.44,1722,64.2,60.8,+3.2,
152-1,933,,26.71,31.10,1.165,31.10,1763,65.1,60.8,+4.3,
152-1,934,,26.79,31.22,1.165,31.22,1768,65.6,60.8,+4.9,
152-1,935,,28.07,32.39,1.154,32.39,1853,65.4,64.2,+1.3,
152-1,942,26.44,26.31,31.02,1.179,31.16,1737,69.7,47.7,+21.9,
152-1,946,,21.29,25.59,1.202,25.59,1405,61.2,48.6,+12.5,
152-1,GATE,5.50,5.26,5.20,0.988,5.43,347,2.8,14.0,-11.2,
153,1,11.88,11.91,12.82,1.076,12.79,786,20.3,9.5,+10.8,
153,2,11.77,11.80,12.99,1.101,12.96,779,24.5,9.2,+15.2,
153,3,11.42,11.56,13.93,1.205,13.76,763,35.0,13.8,+21.3,
153,4,11.51,11.53,13.90,1.205,13.87,761,35.0,13.8,+21.3,
153,5,12.00,12.03,14.40,1.197,14.37,794,35.0,13.7,+21.3,
153,6,12.41,12.44,14.97,1.204,14.94,821,37.8,13.7,+24.0,
153,7,12.99,13.02,15.56,1.195,15.53,859,37.9,13.7,+24.2,
153,8,13.46,13.67,15.47,1.132,15.24,902,34.2,9.2,+25.0,
153,9,13.76,13.79,16.64,1.207,16.62,910,42.9,13.9,+29.0,
153,10,14.10,14.21,17.39,1.223,17.25,938,47.6,13.7,+33.8,
153,10-1,14.71,14.75,18.13,1.229,18.08,974,50.7,13.7,+36.9,
153,11,14.76,14.79,17.91,1.211,17.88,976,47.0,13.9,+33.2,
153,12,14.77,14.98,17.41,1.163,17.17,989,43.8,9.2,+34.5,
153,13,15.00,15.21,17.77,1.168,17.51,1004,45.5,9.2,+36.3,
153,14,12.88,12.94,15.76,1.219,15.70,854,42.3,13.8,+28.3,
153,15,7.82,7.85,8.61,1.097,8.58,518,15.2,7.4,+8.0,
153,15-1,9.83,9.20,9.87,1.073,10.55,607,15.2,12.3,+2.9,
153,16,4.33,4.35,4.67,1.073,4.65,287,7.2,2.1,+5.1,
153,16-1,8.90,9.09,9.32,1.026,9.13,600,12.7,16.4,-3.7,
153,17,7.42,7.64,8.45,1.106,8.21,504,15.7,4.7,+11.0,
153,18,20.09,20.32,23.62,1.162,23.35,1341,57.5,13.1,+44.4,
153,19,20.89,20.95,24.17,1.153,24.09,1383,57.5,14.9,+42.5,
153,20,15.80,16.13,18.86,1.169,18.47,1065,48.2,11.1,+37.0,
153,21,18.40,18.58,21.43,1.154,21.22,1226,48.7,11.2,+37.5,
153,22,16.59,16.62,18.28,1.100,18.25,1097,32.9,10.9,+22.1,
153,24,14.14,14.32,15.07,1.053,14.88,945,19.6,11.8,+7.8,
153,25,15.26,15.41,16.30,1.058,16.14,1017,21.8,11.6,+10.2,
153,25-1,15.70,15.73,16.62,1.056,16.59,1038,21.8,11.6,+10.2,
153,26,15.80,15.83,16.71,1.056,16.69,1045,21.8,11.6,+10.2,
153,27,17.32,17.04,17.93,1.052,18.22,1125,21.8,11.6,+10.2,
153,28,17.94,18.12,19.43,1.073,19.25,1196,29.7,13.6,+16.0,
153,29,23.46,23.62,28.78,1.218,28.57,1559,84.6,12.9,+71.7,
153,30,19.51,19.57,21.48,1.098,21.41,1292,37.4,11.1,+26.3,
153,31,19.00,18.98,20.63,1.086,20.65,1253,34.6,13.3,+21.4,
153,32,20.68,20.71,22.73,1.097,22.70,1367,42.1,17.4,+24.7,
153,32-1,20.61,20.65,22.67,1.098,22.62,1363,42.1,17.4,+24.7,
153,33,20.82,20.86,23.06,1.105,23.01,1377,42.3,11.1,+31.2,
153,34,20.29,20.32,22.52,1.108,22.49,1341,42.3,11.1,+31.1,
153,35,19.15,19.18,22.29,1.162,22.26,1266,53.0,11.2,+41.7,
153,36,21.53,21.57,24.42,1.132,24.38,1423,52.3,14.6,+38.0,
153,37,20.74,20.86,23.06,1.105,22.93,1377,42.3,11.1,+31.2,
153,38,22.25,22.28,24.77,1.112,24.74,1471,47.1,11.2,+35.8,
153,39,24.08,23.40,26.69,1.141,27.47,1544,59.8,13.5,+46.3,
153,40,24.05,24.08,27.02,1.122,26.99,1589,54.5,11.2,+43.3,
153,43,18.47,18.50,20.83,1.126,20.80,1221,43.4,11.7,+31.7,
153,43-1,19.28,19.32,21.22,1.099,21.18,1275,37.4,11.2,+26.2,
153,43-2,18.92,19.01,21.39,1.125,21.29,1255,44.5,12.1,+32.5,
153,44-1,21.79,21.86,24.73,1.131,24.64,1443,52.8,13.7,+39.1,
153,49,9.22,9.26,11.20,1.210,11.15,611,32.1,3.2,+28.8,
153,50,6.70,6.70,7.41,1.107,7.42,442,13.5,2.3,+11.3,
153,51,6.36,6.39,7.29,1.141,7.26,422,16.5,2.2,+14.3,
153,52,7.20,7.28,8.31,1.141,8.22,481,18.5,2.2,+16.3,
153,52-1,7.14,7.20,8.23,1.143,8.16,475,18.5,2.2,+16.3,
153,52-2,6.96,6.99,7.82,1.119,7.79,461,15.7,2.2,+13.5,
153,53,8.83,8.87,10.24,1.155,10.20,585,24.9,3.7,+21.2,
153,54,8.47,8.49,9.73,1.146,9.70,561,23.1,3.9,+19.1,
153,55,8.33,8.35,9.42,1.129,9.40,551,20.5,4.0,+16.4,
153,56,17.16,17.20,19.03,1.107,18.99,1135,35.8,10.8,+24.9,
153,57,3.75,6.74,7.28,1.079,4.04,445,11.9,3.7,+8.2,경로 다름
153,57-1,3.93,6.50,7.11,1.094,4.30,429,12.2,2.3,+9.9,경로 다름
153,58,1.51,1.54,1.56,1.015,1.54,101,0.9,0.5,+0.4,
153,59,3.67,4.08,4.15,1.017,3.74,270,1.7,0.5,+1.2,
153,59-1,3.67,4.08,4.15,1.017,3.74,270,1.7,0.5,+1.2,
153,61,13.31,13.52,15.28,1.130,15.04,892,33.6,9.2,+24.3,
153,62,13.87,14.13,15.33,1.085,15.04,933,25.8,10.6,+15.2,
153,64,7.65,7.68,7.37,0.960,7.35,507,1.9,16.8,-14.9,
153,66,26.06,26.18,32.28,1.233,32.14,1728,92.3,9.1,+83.3,
153,71,4.73,4.55,4.95,1.089,5.15,300,6.8,3.9,+2.8,
153,71-1,3.11,4.55,4.95,1.089,3.39,300,6.8,3.9,+2.8,경로 다름
153,73,10.05,11.57,12.20,1.055,10.60,764,19.2,16.4,+2.8,
153,74,8.81,8.83,10.14,1.148,10.11,583,23.5,4.7,+18.8,
153,75,20.63,20.70,22.60,1.092,22.53,1366,40.4,17.4,+23.0,
153,75-1,20.48,20.60,22.21,1.078,22.08,1360,37.1,20.8,+16.3,
153,80,7.63,7.71,9.27,1.202,9.18,509,26.0,0.8,+25.1,
153,81,6.13,6.16,7.20,1.170,7.17,406,17.2,0.6,+16.7,
153,82,10.24,10.27,13.01,1.266,12.97,678,39.7,4.7,+35.0,
153,83,5.94,5.97,6.69,1.120,6.66,394,13.5,2.2,+11.3,
153,84,8.00,8.03,8.93,1.112,8.90,530,17.2,4.7,+12.5,
153,85,7.25,7.31,8.48,1.160,8.41,482,19.4,0.6,+18.8,
153,85-1,8.25,8.63,10.14,1.175,9.69,570,25.5,1.2,+24.3,
153,86,6.94,7.33,8.81,1.202,8.34,484,23.7,0.8,+22.9,
153,101,7.99,8.01,8.33,1.040,8.30,529,12.7,11.1,+1.6,
153,103,9.48,9.51,9.85,1.036,9.83,628,12.7,16.4,-3.7,
153,105-2,28.02,28.14,33.01,1.173,32.86,1857,84.7,16.5,+68.5,
153,129,18.51,18.62,20.06,1.078,19.95,1229,32.6,17.4,+15.2,
153,132,25.62,25.65,30.84,1.202,30.80,1693,86.6,14.9,+71.7,
153,135,23.81,23.54,26.84,1.141,27.16,1553,60.0,13.5,+46.6,
153,140,8.36,8.55,10.83,1.267,10.59,564,36.5,0.2,+36.3,
153,140-1,8.36,8.55,10.83,1.267,10.59,564,36.5,0.2,+36.3,
153,140-2,8.64,8.55,10.83,1.267,10.94,564,36.5,0.2,+36.3,
153,142,22.76,22.90,27.87,1.217,27.70,1511,81.6,12.9,+68.7,
153,143,17.27,17.23,20.36,1.182,20.40,1137,53.9,12.6,+41.4,
153,152-1,1.58,1.50,1.43,0.955,1.51,99,0.0,1.4,-1.3,
153,200,17.35,17.38,18.59,1.070,18.56,1147,28.7,17.4,+11.3,
153,201,19.83,19.86,21.53,1.084,21.49,1311,37.0,18.1,+18.9,
153,203,17.33,17.13,18.33,1.070,18.54,1131,28.5,17.4,+11.1,
153,207,6.33,6.90,7.74,1.121,7.09,455,15.7,2.2,+13.5,
153,220,6.25,6.46,7.76,1.200,7.51,427,20.7,2.2,+18.2,
153,221,7.70,7.29,8.55,1.173,9.03,481,20.8,3.5,+17.3,
153,222,5.80,5.83,6.47,1.111,6.44,384,12.5,2.2,+10.2,
153,223,6.62,6.68,8.45,1.265,8.38,441,28.4,0.2,+28.1,
153,300,30.24,30.46,37.22,1.222,36.95,2011,111.6,13.5,+98.1,
153,301,31.31,31.29,38.36,1.226,38.38,2065,116.2,13.5,+102.8,
153,302,33.87,34.10,42.60,1.249,42.31,2251,137.9,13.5,+124.3,
153,500,15.70,15.78,16.67,1.056,16.58,1041,23.1,17.4,+5.7,
153,900,,17.41,21.45,1.232,21.45,1149,61.0,14.7,+46.3,
153,901,,17.22,21.29,1.236,21.29,1137,59.8,17.9,+41.9,
153,902,,16.65,20.64,1.239,20.64,1099,59.8,13.7,+46.1,
153,903,,17.10,21.27,1.244,21.27,1128,62.1,11.7,+50.4,
153,904,,16.77,20.98,1.251,20.98,1107,62.2,11.1,+51.1,
153,905,,18.42,22.58,1.226,22.58,1215,64.0,15.2,+48.7,
153,906,,17.76,21.98,1.237,21.98,1172,61.8,20.2,+41.3,
153,915,,21.52,25.62,1.190,25.62,1421,59.3,48.8,+10.9,
153,916,,22.66,26.82,1.184,26.82,1496,61.2,50.1,+11.2,
153,917,,23.48,27.77,1.183,27.77,1550,61.3,56.1,+5.4,
153,918,,18.66,23.45,1.257,23.45,1231,71.1,13.3,+57.3,
153,919,18.45,18.47,22.61,1.224,22.58,1219,59.2,28.0,+31.3,
153,921,,20.15,24.26,1.204,24.26,1330,59.4,37.5,+21.9,
153,922,,20.68,24.93,1.206,24.93,1365,61.3,34.9,+26.3,
153,923,,21.17,25.46,1.203,25.46,1397,62.6,37.6,+25.1,
153,924,,21.14,25.32,1.198,25.32,1395,61.4,38.5,+22.8,
153,925,,20.46,24.54,1.199,24.54,1351,59.2,38.0,+21.3,
153,926,,20.92,24.92,1.191,24.92,1381,59.3,39.7,+19.7,
153,931,,25.92,30.19,1.165,30.19,1711,64.2,62.9,+1.3,
153,932,,25.76,29.98,1.164,29.98,1700,62.2,60.5,+1.5,
153,933,,26.37,30.64,1.162,30.64,1741,63.1,60.6,+2.6,
153,934,,26.46,30.76,1.163,30.76,1746,63.7,60.6,+3.2,
153,935,,27.74,31.93,1.151,31.93,1831,63.4,63.9,-0.4,
153,942,25.84,25.98,30.56,1.176,30.39,1715,67.7,47.5,+20.2,
153,946,,20.96,25.13,1.199,25.13,1383,59.2,48.4,+10.8,
153,GATE,4.98,5.01,4.83,0.965,4.81,331,0.9,13.8,-12.9,
200,1,6.68,7.07,7.07,1.000,6.68,467,3.0,3.4,-0.4,
200,2,7.73,8.08,8.28,1.025,7.93,533,7.2,4.6,+2.6,
200,3,9.53,9.64,10.19,1.056,10.07,637,11.6,3.9,+7.7,
200,4,9.14,9.30,9.83,1.057,9.66,614,11.5,4.2,+7.4,
200,5,9.01,9.12,9.77,1.070,9.64,602,12.5,3.1,+9.5,
200,6,10.62,10.76,11.55,1.074,11.40,710,16.0,4.3,+11.7,
200,7,9.47,9.81,10.86,1.107,10.49,648,18.1,3.0,+15.1,
200,8,9.32,9.62,10.53,1.095,10.21,635,16.7,3.0,+13.7,
200,9,9.71,9.79,10.84,1.107,10.75,646,18.1,3.0,+15.1,
200,10,11.21,11.65,12.80,1.099,12.32,769,21.5,5.0,+16.4,
200,10-1,12.14,12.22,13.99,1.145,13.90,807,30.6,8.1,+22.5,
200,11,10.43,10.60,11.95,1.128,11.77,699,24.3,7.2,+17.1,
200,12,9.83,9.96,11.39,1.143,11.23,658,24.3,5.4,+18.9,
200,13,7.94,8.01,9.50,1.185,9.40,529,24.1,4.1,+20.1,
200,14,11.15,11.29,12.42,1.100,12.26,745,20.4,3.1,+17.0,
200,15,9.39,9.51,9.33,0.981,9.22,627,2.3,10.3,-8.0,
200,15-1,10.07,11.25,11.17,0.993,9.99,742,14.3,22.7,-8.4,
200,16,10.91,11.08,10.60,0.957,10.45,731,7.9,22.7,-14.9,
200,16-1,10.22,9.99,9.83,0.984,10.06,659,8.8,23.7,-14.9,
200,17,10.85,10.97,11.06,1.008,10.94,724,7.0,7.0,-0.0,
200,18,6.39,6.67,8.43,1.265,8.08,440,27.1,0.2,+27.0,
200,19,6.75,6.83,8.71,1.275,8.61,451,28.7,0.1,+28.6,
200,20,6.05,6.28,7.51,1.195,7.23,415,19.7,2.3,+17.4,
200,21,5.39,5.62,6.96,1.239,6.67,371,21.2,1.1,+20.1,
200,22,2.44,2.52,2.66,1.055,2.58,166,2.9,0.5,+2.4,
200,24,2.87,2.81,2.75,0.981,2.81,185,0.1,1.1,-1.0,
200,25,1.40,1.55,1.53,0.985,1.38,103,0.0,0.5,-0.5,
200,25-1,3.24,2.58,2.52,0.979,3.17,170,0.0,1.1,-1.1,
200,26,3.34,2.81,2.76,0.980,3.27,186,0.0,1.1,-1.1,
200,27,1.33,1.41,1.51,1.067,1.42,93,1.7,0.0,+1.7,
200,28,1.56,1.66,1.77,1.068,1.67,109,2.0,0.0,+2.0,
200,29,9.75,9.97,13.59,1.363,13.30,658,54.3,0.0,+54.3,
200,30,3.41,3.49,4.05,1.161,3.96,230,9.4,0.0,+9.4,
200,31,2.04,2.03,2.26,1.111,2.27,134,3.9,0.0,+3.9,
200,32,1.98,2.06,2.32,1.128,2.24,136,4.4,0.0,+4.4,
200,32-1,1.96,2.00,2.26,1.132,2.22,132,4.5,0.0,+4.4,
200,33,2.78,2.95,3.32,1.123,3.13,195,6.0,0.0,+6.0,
200,34,4.85,4.93,5.77,1.169,5.67,326,13.8,0.0,+13.7,
200,35,5.43,5.51,7.09,1.289,6.99,363,24.4,0.0,+24.2,
200,36,5.23,5.30,6.28,1.184,6.19,350,16.0,0.4,+15.6,
200,37,3.51,5.13,6.13,1.196,4.20,338,16.1,0.0,+16.1,경로 다름
200,38,4.19,4.24,5.21,1.230,5.16,280,15.2,0.7,+14.5,
200,39,7.12,7.23,8.69,1.203,8.56,477,23.9,0.0,+23.8,
200,40,6.96,6.99,8.41,1.203,8.38,461,23.0,0.0,+23.0,
200,43,4.17,4.40,5.40,1.225,5.10,291,15.5,0.6,+15.0,
200,43-1,3.84,3.93,4.47,1.138,4.37,259,8.9,0.1,+8.8,
200,43-2,3.48,3.70,4.69,1.267,4.41,244,14.5,0.0,+14.4,
200,44-1,6.41,6.44,7.82,1.216,7.79,425,22.3,0.0,+22.3,
200,49,12.37,12.48,13.67,1.096,13.55,824,21.6,7.2,+14.4,
200,50,10.35,10.46,10.71,1.024,10.60,691,8.2,4.6,+3.6,
200,51,11.75,11.86,12.29,1.036,12.17,783,10.9,9.2,+1.6,
200,52,11.84,11.95,12.35,1.033,12.23,789,10.8,4.6,+6.2,
200,52-1,12.52,12.77,13.17,1.032,12.92,843,11.8,6.9,+4.8,
200,52-2,13.04,13.16,13.57,1.032,13.46,868,11.9,6.9,+5.0,
200,53,11.94,12.10,13.27,1.097,13.09,799,21.2,7.3,+14.0,
200,54,10.87,11.06,12.13,1.097,11.92,730,19.2,6.8,+12.4,
200,55,10.58,10.39,10.60,1.021,10.80,685,7.7,4.6,+3.1,
200,56,3.48,3.46,3.79,1.094,3.80,229,5.8,0.0,+5.7,
200,57,15.88,16.01,16.91,1.056,16.77,1057,18.0,21.1,-3.1,
200,57-1,14.89,15.01,15.75,1.049,15.63,990,18.2,11.4,+6.8,
200,58,15.10,15.10,15.05,0.997,15.05,996,17.6,29.0,-11.4,
200,59,15.05,15.17,16.14,1.064,16.01,1001,18.0,19.6,-1.4,
200,59-1,15.97,16.09,17.09,1.062,16.96,1062,18.0,26.0,-7.8,
200,61,8.26,8.34,9.23,1.106,9.13,551,16.4,5.2,+11.2,
200,62,5.82,6.47,6.76,1.045,6.08,427,7.4,3.3,+3.9,
200,64,9.99,9.99,8.94,0.894,8.94,660,0.6,26.0,-25.4,
200,66,14.92,15.08,19.74,1.309,19.52,995,72.0,6.2,+65.8,
200,71,20.20,19.99,20.21,1.011,20.42,1319,23.2,31.6,-8.5,
200,71-1,18.58,19.99,20.21,1.011,18.79,1319,23.2,31.6,-8.5,
200,73,7.79,7.79,7.72,0.991,7.72,514,8.8,16.6,-7.9,
200,74,8.89,9.00,9.55,1.061,9.43,594,11.5,3.4,+8.0,
200,75,1.76,1.76,1.96,1.115,1.96,116,3.4,0.0,+3.4,
200,75-1,1.36,1.52,1.48,0.968,1.32,101,0.2,2.4,-2.2,
200,80,23.35,23.35,24.74,1.060,24.75,1541,45.2,33.1,+12.0,
200,81,19.50,19.62,20.36,1.038,20.24,1295,20.3,14.9,+5.4,
200,82,11.09,11.20,13.21,1.179,13.08,739,29.2,5.4,+23.8,
200,83,11.97,12.00,11.71,0.976,11.68,792,11.0,22.7,-11.7,
200,84,9.67,9.42,9.56,1.015,9.82,622,6.0,4.1,+1.9,
200,85,20.63,20.77,21.63,1.041,21.48,1371,22.4,14.9,+7.5,
200,85-1,23.96,24.27,25.61,1.055,25.29,1602,44.8,33.5,+11.2,
200,86,22.65,22.97,24.29,1.057,23.96,1516,42.9,33.1,+9.8,
200,101,10.82,10.82,10.34,0.955,10.34,714,7.7,22.7,-15.0,
200,103,7.93,8.46,8.32,0.983,7.80,558,8.7,18.7,-10.0,
200,105-2,11.89,12.10,15.35,1.268,15.08,799,51.6,3.7,+48.2,
200,129,0.80,0.81,0.81,1.000,0.80,53,0.0,0.0,-0.0,
200,132,11.92,12.00,15.65,1.305,15.55,792,56.2,2.0,+54.3,
200,135,7.96,7.68,9.31,1.212,9.64,507,26.3,0.0,+26.3,
200,140,14.18,14.32,15.28,1.067,15.13,945,21.6,7.5,+14.4,
200,140-1,14.18,14.32,15.28,1.067,15.13,945,21.6,7.5,+14.4,
200,140-2,14.18,14.32,15.28,1.067,15.13,945,21.6,7.5,+14.4,
200,142,9.06,9.25,12.68,1.372,12.42,610,51.3,0.0,+51.3,
200,143,7.29,7.37,9.35,1.269,9.25,486,30.7,0.2,+30.6,
200,152-1,17.95,17.71,17.54,0.990,17.77,1169,17.6,30.6,-13.0,
200,153,17.35,17.38,17.20,0.990,17.17,1147,17.4,28.7,-11.3,
200,201,0.75,0.78,0.78,1.000,0.75,52,0.0,0.0,+0.0,
200,203,0.60,0.65,0.64,0.985,0.59,43,0.0,0.2,-0.2,
200,207,13.13,13.53,13.95,1.031,13.54,893,11.9,6.9,+5.0,
200,220,12.91,13.09,13.82,1.055,13.62,864,17.0,7.8,+9.2,
200,221,15.02,15.31,16.19,1.057,15.88,1011,19.7,9.6,+10.0,
200,222,13.66,13.78,14.58,1.058,14.46,909,18.3,9.7,+8.6,
200,223,17.73,17.87,19.19,1.074,19.04,1179,27.0,10.0,+16.8,
200,300,13.95,14.15,19.28,1.363,19.02,934,78.3,0.5,+77.8,
200,301,15.02,14.98,20.42,1.363,20.47,989,83.0,0.5,+82.5,
200,302,17.58,17.78,24.65,1.386,24.38,1174,104.7,0.5,+104.0,
200,500,2.17,2.17,1.97,0.906,1.97,143,0.0,4.6,-4.6,
200,900,,17.28,20.05,1.160,20.05,1141,44.8,9.7,+35.0,
200,901,,17.09,19.90,1.164,19.90,1128,43.5,13.0,+30.7,
200,902,,16.52,19.24,1.165,19.24,1090,43.5,8.8,+34.8,
200,903,,16.96,19.87,1.171,19.87,1120,45.8,6.7,+39.1,
200,904,,16.64,19.58,1.177,19.58,1098,45.9,6.1,+39.8,
200,905,,18.28,21.18,1.159,21.18,1207,47.7,10.3,+37.4,
200,906,,17.63,20.58,1.167,20.58,1164,45.6,15.2,+30.0,
200,915,,21.39,24.22,1.132,24.22,1412,43.0,43.8,-0.4,
200,916,,22.53,25.43,1.129,25.43,1487,44.9,45.2,-0.0,
200,917,,23.35,26.38,1.130,26.38,1541,45.1,51.1,-5.9,
200,918,,18.53,22.06,1.191,22.06,1223,54.9,8.3,+46.0,
200,919,18.23,18.34,21.22,1.157,21.09,1211,43.0,23.0,+20.0,
200,921,,20.02,22.86,1.142,22.86,1321,43.1,32.6,+10.6,
200,922,,20.55,23.54,1.146,23.54,1356,45.1,29.9,+15.0,
200,923,,21.04,24.06,1.144,24.06,1388,46.3,32.6,+13.8,
200,924,,21.01,23.92,1.139,23.92,1387,45.1,33.6,+11.5,
200,925,,20.33,23.14,1.138,23.14,1342,43.0,33.0,+10.0,
200,926,,20.79,23.53,1.132,23.53,1372,43.0,34.7,+8.4,
200,931,,25.79,28.79,1.116,28.79,1702,48.0,58.0,-10.0,
200,932,,25.63,28.59,1.115,28.59,1692,45.9,55.6,-9.8,
200,933,,26.24,29.25,1.115,29.25,1732,46.8,55.6,-8.7,
200,934,,26.33,29.37,1.115,29.37,1738,47.4,55.6,-8.1,
200,935,,27.61,30.54,1.106,30.54,1822,47.2,59.0,-11.7,
200,942,25.62,25.85,29.16,1.128,28.91,1706,51.4,42.5,+8.9,
200,946,,20.83,23.73,1.140,23.73,1374,43.0,43.4,-0.5,
200,GATE,14.00,13.99,12.75,0.912,12.76,923,1.2,30.6,-29.4,
201,1,9.27,9.54,9.35,0.979,9.08,630,3.7,11.7,-8.0,
201,2,9.83,9.89,10.04,1.015,9.98,652,7.4,5.4,+2.0,
201,3,11.08,10.82,10.99,1.016,11.26,714,7.9,5.5,+2.4,
201,4,10.78,10.88,10.96,1.008,10.87,718,7.9,7.7,+0.1,
201,5,10.17,10.17,10.32,1.015,10.32,671,7.4,5.4,+1.9,
201,6,11.78,11.81,12.11,1.026,12.08,779,10.8,6.7,+4.1,
201,7,10.58,10.84,11.82,1.091,11.54,715,18.3,4.7,+13.7,
201,8,10.48,10.66,11.08,1.039,10.89,704,11.5,5.4,+6.1,
201,9,10.81,10.82,11.80,1.091,11.80,714,18.3,4.7,+13.7,
201,10,12.31,12.67,13.77,1.086,13.37,836,21.7,6.7,+14.9,
201,10-1,13.25,13.25,14.96,1.129,14.95,874,30.8,9.7,+21.1,
201,11,11.54,11.62,12.92,1.111,12.82,767,24.5,8.8,+15.7,
201,12,10.93,10.99,12.35,1.124,12.28,725,24.5,7.0,+17.4,
201,13,9.04,9.04,10.46,1.157,10.46,597,24.3,5.7,+18.6,
201,14,12.31,12.34,12.98,1.052,12.95,814,15.2,5.5,+9.5,
201,15,11.98,11.98,11.61,0.969,11.61,791,3.0,18.6,-15.6,
201,15-1,12.65,13.73,13.44,0.980,12.39,906,15.1,31.0,-16.0,
201,16,13.39,13.56,12.88,0.950,12.72,895,8.6,31.0,-22.4,
201,16-1,12.70,12.46,12.11,0.971,12.34,823,9.5,32.0,-22.4,
201,17,13.44,13.44,13.34,0.992,13.33,887,7.7,15.3,-7.6,
201,18,7.49,7.70,9.39,1.221,9.14,508,27.3,1.8,+25.5,
201,19,7.81,7.86,9.67,1.231,9.61,519,28.9,1.8,+27.1,
201,20,7.16,7.31,8.47,1.159,8.29,483,19.9,3.9,+16.0,
201,21,6.49,6.65,7.92,1.192,7.74,439,21.4,2.7,+18.6,
201,22,3.55,3.55,3.62,1.021,3.62,234,3.1,2.1,+1.0,
201,24,5.45,5.28,5.03,0.953,5.19,349,0.8,9.4,-8.6,
201,25,3.99,4.03,3.81,0.945,3.77,266,0.8,8.8,-8.0,
201,25-1,5.83,5.05,4.80,0.950,5.54,334,0.7,9.4,-8.6,
201,26,5.93,5.29,5.04,0.952,5.64,349,0.7,9.4,-8.6,
201,27,2.44,2.44,2.47,1.013,2.47,161,1.9,1.6,+0.2,
201,28,2.67,2.68,2.73,1.018,2.71,177,2.2,1.6,+0.5,
201,29,10.85,11.00,14.56,1.324,14.37,726,54.5,1.6,+52.8,
201,30,4.51,4.52,5.01,1.110,5.01,298,9.6,1.6,+7.9,
201,31,3.15,3.06,3.22,1.052,3.31,202,4.1,1.6,+2.4,
201,32,1.97,2.23,2.58,1.157,2.28,147,5.9,0.0,+5.9,
201,32-1,1.90,2.16,2.51,1.162,2.21,143,5.9,0.0,+5.9,
201,33,2.73,3.12,3.57,1.144,3.12,206,7.4,0.0,+7.4,
201,34,5.96,5.96,6.73,1.129,6.73,393,14.0,1.6,+12.3,
201,35,6.53,6.53,8.06,1.233,8.05,431,24.5,1.6,+22.8,
201,36,5.17,5.47,6.53,1.194,6.18,361,17.4,0.4,+17.0,
201,37,3.46,5.29,6.39,1.206,4.17,349,17.5,0.0,+17.5,경로 다름
201,38,4.13,4.41,5.47,1.241,5.13,291,16.6,0.7,+15.9,
201,39,7.06,7.40,8.95,1.210,8.54,488,25.3,0.0,+25.2,
201,40,6.91,7.16,8.66,1.210,8.36,472,24.4,0.0,+24.4,
201,43,5.27,5.43,6.36,1.171,6.17,359,15.7,2.2,+13.5,
201,43-1,4.94,4.96,5.43,1.097,5.42,327,9.1,1.7,+7.4,
201,43-2,4.58,4.73,5.65,1.196,5.48,312,14.7,1.6,+12.9,
201,44-1,6.35,6.60,8.08,1.223,7.77,436,23.7,0.0,+23.7,
201,49,14.95,14.96,15.95,1.067,15.95,987,22.3,15.5,+6.8,
201,50,12.94,12.94,12.99,1.004,12.99,854,9.0,12.9,-4.0,
201,51,14.34,14.34,14.57,1.016,14.56,947,11.6,17.5,-6.0,
201,52,14.42,14.43,14.63,1.014,14.62,952,11.6,12.9,-1.3,
201,52-1,15.11,15.24,15.45,1.014,15.32,1006,12.5,15.2,-2.7,
201,52-2,15.63,15.63,15.85,1.014,15.85,1032,12.6,15.2,-2.6,
201,53,14.52,14.58,15.55,1.067,15.49,962,22.0,15.6,+6.4,
201,54,13.46,13.54,14.41,1.064,14.32,894,20.0,15.1,+4.8,
201,55,13.16,12.86,12.88,1.001,13.18,849,8.4,12.9,-4.5,
201,56,4.58,4.49,4.75,1.058,4.85,297,6.0,1.6,+4.3,
201,57,18.47,18.49,19.19,1.038,19.17,1220,18.7,29.4,-10.6,
201,57-1,17.48,17.48,18.03,1.031,18.02,1154,18.9,19.7,-0.8,
201,58,17.57,17.57,17.33,0.986,17.33,1160,18.4,37.3,-19.0,
201,59,17.63,17.64,18.42,1.044,18.41,1165,18.7,27.9,-9.0,
201,59-1,18.56,18.56,19.36,1.043,19.36,1225,18.7,34.3,-15.3,
201,61,9.36,9.37,10.19,1.087,10.18,619,16.6,6.8,+9.8,
201,62,7.61,8.94,9.04,1.010,7.69,590,8.2,11.6,-3.6,
201,64,12.47,12.47,11.22,0.899,11.21,823,1.4,34.4,-33.0,
201,66,16.02,16.11,20.70,1.285,20.59,1063,72.2,7.8,+64.4,
201,71,22.67,22.47,22.49,1.001,22.69,1483,23.9,39.9,-16.0,
201,71-1,21.06,22.47,22.49,1.001,21.08,1483,23.9,39.9,-16.0,
201,73,10.26,10.27,10.00,0.974,10.00,678,9.5,24.9,-15.4,
201,74,11.47,11.48,11.83,1.031,11.82,757,12.3,11.7,+0.4,
201,75,1.37,1.50,1.55,1.032,1.41,99,1.4,0.6,+0.8,
201,75-1,0.62,0.72,0.70,0.967,0.60,47,0.1,0.6,-0.5,
201,80,25.82,25.82,27.02,1.047,27.02,1704,46.0,41.4,+4.4,
201,81,22.09,22.09,22.63,1.024,22.63,1458,21.0,23.2,-2.2,
201,82,13.68,13.68,15.49,1.132,15.49,903,29.9,13.7,+16.2,
201,83,14.56,14.47,13.99,0.967,14.07,955,11.8,31.0,-19.3,
201,84,12.26,11.90,11.84,0.995,12.20,785,6.8,12.4,-5.7,
201,85,23.22,23.24,23.91,1.028,23.88,1534,23.2,23.2,-0.0,
201,85-1,26.44,26.75,27.89,1.043,27.57,1765,45.5,41.8,+3.7,
201,86,25.13,25.44,26.57,1.044,26.24,1679,43.7,41.4,+2.2,
201,101,13.30,13.30,12.62,0.949,12.62,878,8.5,31.0,-22.6,
201,103,10.40,10.94,10.60,0.969,10.08,722,9.4,27.0,-17.6,
201,105-2,11.81,12.27,15.60,1.272,15.02,810,53.0,3.7,+49.6,
201,129,1.84,1.84,1.78,0.968,1.78,121,0.7,2.2,-1.4,
201,132,13.02,13.02,16.62,1.276,16.61,860,56.4,3.6,+52.8,
201,135,7.90,7.85,9.56,1.218,9.63,518,27.7,0.0,+27.7,
201,140,16.76,16.79,17.56,1.045,17.53,1108,22.3,15.8,+6.8,
201,140-1,16.76,16.79,17.56,1.045,17.53,1108,22.3,15.8,+6.8,
201,140-2,16.76,16.79,17.56,1.045,17.53,1108,22.3,15.8,+6.8,
201,142,10.16,10.27,13.65,1.328,13.49,678,51.5,1.6,+49.8,
201,143,8.39,8.40,10.31,1.228,10.31,554,30.9,1.8,+29.1,
201,152-1,20.42,20.19,19.82,0.982,20.05,1333,18.4,38.9,-20.6,
201,153,19.83,19.86,19.48,0.981,19.45,1311,18.1,37.0,-18.9,
201,200,0.75,0.78,0.78,1.000,0.75,52,0.0,0.0,-0.0,
201,203,3.16,3.16,2.97,0.938,2.96,209,0.7,8.3,-7.6,
201,207,15.72,16.01,16.23,1.014,15.93,1057,12.6,15.2,-2.6,
201,220,15.50,15.57,16.09,1.034,16.02,1028,17.7,16.1,+1.7,
201,221,17.60,17.79,18.47,1.038,18.27,1174,20.4,17.9,+2.5,
201,222,16.25,16.25,16.86,1.037,16.85,1073,19.1,18.0,+1.0,
201,223,20.31,20.35,21.47,1.055,21.43,1343,27.7,18.3,+9.3,
201,300,13.87,14.32,19.53,1.364,18.93,945,79.7,0.5,+79.2,
201,301,14.94,15.15,20.67,1.365,20.39,1000,84.4,0.5,+83.9,
201,302,17.50,17.95,24.91,1.388,24.28,1185,106.1,0.5,+105.5,
201,500,4.64,4.65,4.25,0.914,4.24,307,0.7,12.9,-12.2,
201,900,,18.33,20.61,1.124,20.61,1210,39.6,12.1,+27.4,
201,901,,18.14,20.45,1.128,20.45,1197,38.4,15.4,+23.1,
201,902,,17.57,19.80,1.127,19.80,1160,38.3,11.2,+27.2,
201,903,,18.01,20.43,1.134,20.43,1189,40.7,9.1,+31.5,
201,904,,17.69,20.14,1.139,20.14,1167,40.7,8.5,+32.3,
201,905,,19.33,21.74,1.125,21.74,1276,42.5,12.7,+29.8,
201,906,,18.68,21.14,1.132,21.14,1233,40.4,17.6,+22.4,
201,915,,22.44,24.78,1.104,24.78,1481,37.8,46.2,-8.0,
201,916,,23.58,25.99,1.102,25.99,1556,39.7,47.5,-7.6,
201,917,,24.40,26.94,1.104,26.94,1610,39.9,53.5,-13.5,
201,918,,19.57,22.61,1.155,22.61,1292,49.7,10.7,+38.5,
201,919,19.39,19.39,21.77,1.123,21.77,1280,37.8,25.4,+12.4,
201,921,,21.07,23.42,1.111,23.42,1390,37.9,35.0,+3.0,
201,922,,21.59,24.10,1.116,24.10,1425,39.9,32.3,+7.4,
201,923,,22.08,24.62,1.115,24.62,1458,41.1,35.0,+6.2,
201,924,,22.06,24.48,1.110,24.48,1456,39.9,35.9,+4.0,
201,925,,21.38,23.70,1.108,23.70,1411,37.8,35.4,+2.4,
201,926,,21.83,24.09,1.103,24.09,1441,37.8,37.1,+0.8,
201,931,,26.84,29.35,1.094,29.35,1771,42.8,60.3,-17.6,
201,932,,26.68,29.14,1.092,29.14,1761,40.7,57.9,-17.3,
201,933,,27.29,29.80,1.092,29.80,1801,41.7,58.0,-16.3,
201,934,,27.37,29.93,1.093,29.93,1807,42.2,58.0,-15.7,
201,935,,28.65,31.10,1.085,31.10,1891,42.0,61.4,-19.3,
201,942,26.78,26.89,29.72,1.105,29.59,1775,46.3,44.9,+1.3,
201,946,,21.87,24.29,1.111,24.29,1444,37.8,45.8,-8.1,
201,GATE,16.47,16.46,15.03,0.913,15.04,1086,1.9,38.9,-37.0,
203,1,6.77,7.04,7.04,1.000,6.77,465,3.0,3.4,-0.4,
203,2,7.82,8.05,8.26,1.025,8.02,532,7.2,4.6,+2.6,
203,3,9.62,9.62,10.16,1.057,10.16,635,11.6,3.9,+7.7,
203,4,9.23,9.27,9.80,1.057,9.75,612,11.5,4.2,+7.4,
203,5,9.10,9.10,9.74,1.070,9.74,601,12.5,3.1,+9.5,
203,6,10.71,10.73,11.53,1.074,11.50,708,16.0,4.3,+11.7,
203,7,9.83,9.86,11.00,1.116,10.97,650,20.2,3.0,+17.0,
203,8,9.41,9.59,10.50,1.095,10.31,633,16.7,3.0,+13.7,
203,9,10.13,10.13,11.55,1.140,11.54,669,23.0,1.8,+21.2,
203,10,11.63,11.99,13.51,1.127,13.11,791,26.4,3.8,+22.5,
203,10-1,12.56,12.56,14.76,1.175,14.76,829,35.5,6.9,+28.6,
203,11,10.85,10.94,12.72,1.163,12.62,722,29.2,6.0,+23.2,
203,12,10.24,10.30,12.15,1.179,12.08,680,29.2,4.2,+25.0,
203,13,8.35,8.36,10.26,1.228,10.26,551,29.0,2.9,+26.2,
203,14,11.24,11.27,12.40,1.100,12.36,744,20.4,3.1,+17.0,
203,15,9.48,9.48,9.31,0.981,9.31,626,2.3,10.3,-8.0,
203,15-1,10.15,11.00,10.92,0.993,10.08,726,14.3,22.5,-8.2,
203,16,10.89,10.83,10.36,0.956,10.41,715,7.9,22.5,-14.7,
203,16-1,10.20,9.74,9.58,0.984,10.04,643,8.8,23.5,-14.7,
203,17,10.94,10.94,11.03,1.008,11.03,722,7.0,7.0,-0.0,
203,18,7.94,8.14,10.27,1.262,10.02,537,33.2,0.2,+33.1,
203,19,8.30,8.31,10.55,1.270,10.55,548,34.8,0.1,+34.7,
203,20,6.62,6.62,8.26,1.247,8.26,437,24.6,1.1,+23.5,
203,21,6.94,7.09,8.80,1.241,8.61,468,27.3,1.1,+26.2,
203,22,4.00,4.00,4.50,1.126,4.50,264,9.0,0.5,+8.5,
203,24,2.95,2.78,2.73,0.981,2.90,184,0.1,1.1,-1.0,
203,25,1.49,1.53,1.51,0.985,1.47,101,0.0,0.5,-0.5,
203,25-1,3.33,2.55,2.50,0.978,3.26,168,0.0,1.1,-1.1,
203,26,3.43,2.79,2.73,0.980,3.36,184,0.0,1.1,-1.1,
203,27,1.85,1.85,1.83,0.987,1.82,122,0.0,0.5,-0.5,
203,28,3.11,3.13,3.61,1.153,3.59,207,8.1,0.0,+8.1,
203,29,11.30,11.44,15.44,1.349,15.25,755,60.4,0.0,+60.4,
203,30,4.96,4.96,5.89,1.187,5.89,328,15.5,0.0,+15.5,
203,31,3.60,3.51,4.10,1.169,4.20,231,10.0,0.0,+10.0,
203,32,4.02,4.02,4.82,1.200,4.82,265,13.4,0.0,+13.4,
203,32-1,3.95,3.96,4.76,1.203,4.75,261,13.4,0.0,+13.4,
203,33,4.77,4.91,5.82,1.184,5.65,324,15.0,0.0,+15.0,
203,34,6.41,6.41,7.61,1.187,7.61,423,19.9,0.0,+19.8,
203,35,6.98,6.98,8.94,1.280,8.94,461,30.5,0.0,+30.4,
203,36,7.22,7.26,8.78,1.209,8.72,479,24.9,0.4,+24.5,
203,37,5.50,6.95,8.15,1.173,6.45,458,19.9,0.0,+19.9,
203,38,6.18,6.20,7.71,1.244,7.69,409,24.2,0.7,+23.5,
203,39,9.11,9.19,11.19,1.218,11.09,607,32.8,0.0,+32.8,
203,40,8.95,8.95,10.91,1.219,10.91,591,32.0,0.0,+32.0,
203,43,5.72,5.88,7.24,1.231,7.04,388,21.6,0.6,+21.1,
203,43-1,5.39,5.40,6.31,1.169,6.30,357,15.0,0.1,+14.9,
203,43-2,5.03,5.17,6.53,1.262,6.35,341,20.6,0.0,+20.5,
203,44-1,8.04,8.09,9.95,1.230,9.89,534,29.8,2.0,+27.8,
203,49,12.45,12.45,13.65,1.096,13.65,822,21.6,7.2,+14.4,
203,50,10.44,10.44,10.69,1.024,10.69,689,8.2,4.6,+3.6,
203,51,11.84,11.84,12.26,1.036,12.26,781,10.9,9.2,+1.6,
203,52,11.92,11.92,12.32,1.033,12.32,787,10.8,4.6,+6.2,
203,52-1,12.61,12.74,13.15,1.032,13.01,841,11.8,6.9,+4.8,
203,52-2,13.13,13.13,13.55,1.032,13.55,867,11.9,6.9,+5.0,
203,53,12.03,12.08,13.25,1.097,13.19,797,21.2,7.3,+14.0,
203,54,10.96,11.04,12.11,1.097,12.02,729,19.2,6.8,+12.4,
203,55,10.66,10.36,10.58,1.021,10.89,684,7.7,4.6,+3.1,
203,56,5.03,4.94,5.63,1.140,5.74,326,11.9,0.0,+11.9,
203,57,15.97,15.99,16.89,1.056,16.87,1055,18.0,21.1,-3.1,
203,57-1,14.98,14.98,15.72,1.049,15.72,989,18.2,11.4,+6.8,
203,58,15.07,14.85,14.81,0.997,15.03,980,17.6,28.8,-11.2,
203,59,15.14,15.14,16.12,1.064,16.11,999,18.0,19.6,-1.4,
203,59-1,16.06,16.06,17.06,1.062,17.06,1060,18.0,26.0,-7.8,
203,61,8.54,8.54,9.40,1.101,9.40,563,15.6,2.4,+13.2,
203,62,5.91,6.44,6.73,1.045,6.17,425,7.4,3.3,+3.9,
203,64,9.97,9.75,8.69,0.892,8.89,643,0.6,25.9,-25.2,
203,66,16.47,16.56,21.58,1.304,21.47,1093,78.1,6.2,+72.0,
203,71,20.17,19.74,19.96,1.011,20.40,1303,23.2,31.4,-8.3,
203,71-1,18.56,19.74,19.96,1.011,18.77,1303,23.2,31.4,-8.3,
203,73,7.76,7.54,7.48,0.991,7.70,498,8.8,16.4,-7.7,
203,74,8.97,8.97,9.52,1.061,9.52,592,11.5,3.4,+8.0,
203,75,3.97,4.01,4.70,1.173,4.65,264,11.7,0.0,+11.7,
203,75-1,3.81,3.91,4.30,1.102,4.20,258,8.4,3.4,+5.1,
203,80,23.32,23.10,24.50,1.061,24.74,1525,45.2,32.9,+12.2,
203,81,19.59,19.59,20.33,1.038,20.33,1293,20.3,14.9,+5.4,
203,82,11.18,11.18,13.19,1.179,13.18,738,29.2,5.4,+23.8,
203,83,12.06,11.75,11.47,0.976,11.77,776,11.0,22.5,-11.5,
203,84,9.76,9.39,9.54,1.015,9.91,620,6.0,4.1,+1.9,
203,85,20.72,20.74,21.60,1.041,21.58,1369,22.4,14.9,+7.5,
203,85-1,23.94,24.02,25.37,1.056,25.28,1585,44.8,33.3,+11.4,
203,86,22.63,22.72,24.04,1.058,23.94,1500,42.9,32.9,+10.0,
203,101,10.80,10.58,10.10,0.955,10.31,698,7.7,22.5,-14.8,
203,103,7.90,8.21,8.07,0.983,7.77,542,8.7,18.5,-9.8,
203,105-2,13.86,14.06,17.85,1.269,17.58,928,60.6,3.7,+57.2,
203,129,1.85,1.92,2.15,1.119,2.07,127,3.9,0.0,+3.9,
203,132,13.47,13.47,17.50,1.299,17.50,889,62.4,2.0,+60.4,
203,135,9.95,9.64,11.81,1.224,12.18,636,35.3,0.0,+35.3,
203,140,14.27,14.29,15.25,1.067,15.22,943,21.6,7.5,+14.4,
203,140-1,14.27,14.29,15.25,1.067,15.22,943,21.6,7.5,+14.4,
203,140-2,14.27,14.29,15.25,1.067,15.22,943,21.6,7.5,+14.4,
203,142,10.61,10.72,14.53,1.355,14.37,708,57.4,0.0,+57.4,
203,143,8.84,8.84,11.19,1.265,11.19,584,36.9,0.2,+36.7,
203,152-1,17.92,17.47,17.30,0.990,17.75,1153,17.6,30.4,-12.8,
203,153,17.33,17.13,16.96,0.990,17.15,1131,17.4,28.5,-11.1,
203,200,0.60,0.65,0.66,1.015,0.61,43,0.2,0.0,+0.2,
203,201,3.16,3.16,3.62,1.144,3.62,209,8.3,0.7,+7.6,
203,207,13.22,13.51,13.92,1.031,13.63,892,11.9,6.9,+5.0,
203,220,13.00,13.07,13.79,1.055,13.72,862,16.9,7.8,+9.2,
203,221,15.10,15.29,16.16,1.057,15.97,1009,19.7,9.6,+10.0,
203,222,13.75,13.75,14.55,1.058,14.55,908,18.3,9.7,+8.6,
203,223,17.81,17.84,19.17,1.074,19.13,1178,27.0,10.0,+16.8,
203,300,15.92,16.11,21.78,1.352,21.52,1063,87.3,0.5,+86.8,
203,301,16.98,16.94,22.92,1.353,22.97,1118,92.0,0.5,+91.5,
203,302,19.54,19.74,27.15,1.375,26.88,1303,113.7,0.5,+113.0,
203,500,2.14,1.92,1.72,0.896,1.92,127,0.0,4.4,-4.4,
203,900,,17.26,20.03,1.160,20.03,1139,44.8,9.7,+35.0,
203,901,,17.07,19.87,1.164,19.87,1126,43.5,13.0,+30.7,
203,902,,16.50,19.22,1.165,19.22,1089,43.5,8.8,+34.8,
203,903,,16.94,19.85,1.172,19.85,1118,45.9,6.7,+39.1,
203,904,,16.61,19.56,1.177,19.56,1096,45.9,6.1,+39.8,
203,905,,18.26,21.16,1.159,21.16,1205,47.7,10.3,+37.4,
203,906,,17.61,20.56,1.168,20.56,1162,45.6,15.2,+30.0,
203,915,,21.37,24.20,1.133,24.20,1410,43.0,43.8,-0.4,
203,916,,22.51,25.41,1.129,25.41,1485,44.9,45.2,-0.0,
203,917,,23.33,26.35,1.130,26.35,1539,45.1,51.1,-5.9,
203,918,,18.50,22.03,1.191,22.03,1221,54.9,8.3,+46.0,
203,919,18.32,18.32,21.19,1.157,21.19,1209,43.0,23.0,+20.0,
203,921,,20.00,22.83,1.142,22.83,1320,43.1,32.6,+10.6,
203,922,,20.52,23.51,1.146,23.51,1354,45.1,29.9,+15.0,
203,923,,21.01,24.04,1.144,24.04,1387,46.3,32.6,+13.8,
203,924,,20.98,23.90,1.139,23.90,1385,45.1,33.6,+11.5,
203,925,,20.31,23.12,1.138,23.12,1340,43.0,33.0,+10.0,
203,926,,20.76,23.50,1.132,23.50,1370,43.0,34.7,+8.4,
203,931,,25.77,28.77,1.117,28.77,1701,48.0,58.0,-10.0,
203,932,,25.61,28.56,1.115,28.56,1690,45.9,55.6,-9.8,
203,933,,26.22,29.22,1.115,29.22,1730,46.8,55.6,-8.7,
203,934,,26.30,29.34,1.116,29.34,1736,47.4,55.6,-8.1,
203,935,,27.58,30.51,1.106,30.51,1820,47.2,59.0,-11.7,
203,942,25.71,25.82,29.14,1.128,29.01,1704,51.4,42.5,+8.9,
203,946,,20.80,23.71,1.140,23.71,1373,43.0,43.4,-0.5,
203,GATE,13.97,13.74,12.51,0.910,12.72,907,1.2,30.4,-29.2,
207,1,7.17,7.45,7.35,0.986,7.07,492,4.3,9.8,-5.5,
207,2,7.07,7.35,7.52,1.024,7.23,485,8.5,9.5,-1.0,
207,3,6.43,6.83,8.03,1.176,7.56,451,16.1,11.1,+5.0,
207,4,6.52,6.80,8.00,1.176,7.67,449,16.1,11.1,+5.0,
207,5,7.02,7.30,8.50,1.164,8.17,482,16.1,11.1,+5.0,
207,6,7.42,7.70,9.07,1.177,8.73,508,18.8,11.1,+7.7,
207,7,8.00,8.29,9.66,1.165,9.33,547,18.9,11.1,+7.9,
207,8,8.75,9.02,10.39,1.152,10.08,595,19.4,11.5,+7.9,
207,9,8.77,9.05,10.74,1.187,10.41,598,23.9,11.2,+12.7,
207,10,9.11,9.48,11.48,1.211,11.03,626,28.7,11.1,+17.5,
207,10-1,9.72,10.02,12.23,1.220,11.86,661,31.7,11.1,+20.6,
207,11,9.77,10.05,12.01,1.195,11.67,664,28.1,11.2,+16.9,
207,12,10.06,10.53,11.95,1.135,11.42,695,27.8,9.5,+18.2,
207,13,10.29,10.76,12.30,1.143,11.76,710,29.5,9.5,+20.0,
207,14,7.89,8.20,9.86,1.202,9.49,541,23.3,11.1,+12.0,
207,15,3.65,3.89,3.82,0.982,3.58,256,1.6,10.1,-8.3,
207,15-1,5.73,5.24,5.08,0.970,5.56,346,1.6,15.0,-13.4,
207,16,2.35,3.57,3.50,0.981,2.30,236,0.0,10.0,-10.0,경로 다름
207,16-1,4.78,6.32,6.03,0.954,4.56,417,1.6,18.8,-17.1,경로 다름
207,17,3.25,3.68,3.66,0.995,3.23,243,2.1,7.4,-5.3,
207,18,15.38,15.87,18.16,1.144,17.60,1047,41.4,13.4,+28.1,
207,19,16.18,16.50,18.70,1.133,18.34,1089,41.4,15.2,+26.2,
207,20,11.10,11.68,13.39,1.147,12.72,771,32.1,11.4,+20.7,
207,21,13.69,14.12,15.97,1.130,15.47,932,32.7,11.5,+21.2,
207,22,11.88,12.17,12.82,1.054,12.52,803,16.9,11.1,+5.8,
207,24,9.43,9.86,9.60,0.974,9.18,651,3.6,12.1,-8.5,
207,25,10.55,10.96,10.83,0.988,10.43,723,5.8,11.9,-6.1,
207,25-1,10.99,11.28,11.15,0.989,10.87,744,5.8,11.9,-6.1,
207,26,11.09,11.38,11.25,0.989,10.97,751,5.8,11.9,-6.1,
207,27,12.61,12.59,12.47,0.990,12.48,831,5.8,11.9,-6.1,
207,28,13.23,13.66,13.97,1.022,13.53,902,13.6,13.9,-0.2,
207,29,18.75,19.17,23.31,1.216,22.79,1265,68.6,13.2,+55.4,
207,30,14.80,15.12,16.01,1.059,15.68,998,21.4,11.4,+10.0,
207,31,14.30,14.53,15.16,1.043,14.91,959,18.6,13.5,+5.1,
207,32,16.58,16.87,17.60,1.044,17.30,1113,20.3,11.9,+8.4,
207,32-1,16.51,16.80,17.54,1.044,17.23,1109,20.3,11.9,+8.4,
207,33,16.11,16.41,17.59,1.072,17.27,1083,26.3,11.4,+14.9,
207,34,15.59,15.87,17.05,1.074,16.75,1047,26.2,11.4,+14.8,
207,35,14.44,14.72,16.83,1.143,16.50,972,36.9,11.5,+25.4,
207,36,16.82,17.11,18.95,1.108,18.63,1129,36.3,14.8,+21.7,
207,37,16.03,16.41,17.59,1.072,17.19,1083,26.3,11.4,+14.9,
207,38,17.54,17.83,19.31,1.083,19.00,1177,31.0,11.5,+19.5,
207,39,19.37,18.94,21.23,1.120,21.71,1250,43.8,13.7,+30.0,
207,40,19.34,19.63,21.56,1.098,21.24,1295,38.5,11.5,+27.0,
207,43,13.76,14.05,15.37,1.094,15.06,927,27.3,11.9,+15.4,
207,43-1,14.57,14.87,15.76,1.060,15.45,981,21.4,11.4,+9.9,
207,43-2,14.21,14.56,15.92,1.094,15.54,961,28.5,12.4,+16.2,
207,44-1,17.08,17.41,19.26,1.106,18.90,1149,36.8,14.0,+22.8,
207,49,2.17,2.18,2.89,1.325,2.87,144,10.9,0.0,+10.8,
207,50,2.14,2.35,2.22,0.949,2.03,155,0.0,3.3,-3.3,
207,51,0.76,0.98,0.98,1.000,0.76,65,0.0,0.0,-0.0,
207,52,0.86,1.01,1.15,1.139,0.98,67,2.3,0.0,+2.3,
207,52-1,0.74,0.90,0.90,1.000,0.74,60,0.0,0.0,-0.0,
207,52-2,0.63,0.63,0.63,1.000,0.63,41,0.0,0.0,-0.0,
207,53,1.86,1.93,2.27,1.179,2.19,127,5.8,0.2,+5.6,
207,54,2.49,2.77,2.98,1.074,2.67,183,4.5,1.6,+2.8,
207,55,3.09,3.31,3.53,1.067,3.30,218,4.8,1.6,+3.2,
207,56,12.45,12.74,13.57,1.065,13.25,841,19.8,11.1,+8.6,
207,57,2.16,2.18,2.05,0.941,2.03,144,0.0,5.3,-5.3,
207,57-1,1.92,1.93,1.88,0.973,1.87,127,0.0,3.6,-3.6,
207,58,2.91,3.55,3.51,0.990,2.88,234,0.0,12.0,-12.0,
207,59,1.32,1.33,1.30,0.973,1.29,88,0.2,3.5,-3.3,
207,59-1,2.26,2.26,2.22,0.985,2.22,149,0.0,10.3,-10.0,
207,61,8.60,9.07,9.82,1.083,9.31,598,17.6,9.5,+8.0,
207,62,9.16,9.68,9.87,1.019,9.33,639,9.8,10.8,-1.1,
207,64,9.69,8.21,8.16,0.994,9.63,542,2.3,22.3,-20.0,
207,66,21.07,21.45,26.38,1.230,25.92,1415,73.4,6.4,+67.0,
207,71,9.18,9.51,9.65,1.015,9.31,628,8.0,18.7,-10.7,
207,71-1,7.56,9.51,9.65,1.015,7.67,628,8.0,18.7,-10.7,
207,73,5.87,7.66,7.49,0.978,5.74,506,3.5,13.6,-10.1,경로 다름
207,74,4.10,4.38,4.62,1.055,4.32,289,6.6,4.0,+2.5,
207,75,16.53,16.85,17.48,1.037,17.14,1112,18.6,11.9,+6.7,
207,75-1,16.37,16.75,17.08,1.020,16.70,1106,15.3,15.3,+0.1,
207,80,13.53,14.07,15.49,1.101,14.89,929,29.4,19.5,+9.8,
207,81,7.71,7.71,7.90,1.024,7.90,509,6.4,7.7,-1.3,
207,82,4.50,5.54,7.11,1.283,5.77,366,20.8,2.0,+18.8,
207,83,1.95,2.18,2.10,0.963,1.88,144,0.0,4.9,-4.8,
207,84,3.54,3.82,3.82,0.998,3.53,252,2.3,6.1,-3.8,
207,85,8.84,8.86,9.17,1.034,9.14,585,8.5,7.7,+0.8,
207,85-1,14.14,14.99,16.36,1.091,15.43,990,28.9,19.9,+9.0,
207,86,12.84,13.69,15.03,1.098,14.09,904,27.1,19.5,+7.6,
207,101,6.51,6.75,6.53,0.968,6.30,445,1.6,16.3,-14.7,
207,103,6.59,6.90,6.60,0.957,6.30,455,1.6,21.2,-19.6,
207,105-2,23.31,23.69,27.54,1.163,27.10,1563,68.7,16.8,+52.2,
207,129,14.41,14.77,14.93,1.011,14.57,975,10.8,11.9,-1.1,
207,132,20.91,21.20,25.37,1.197,25.03,1399,70.6,15.2,+55.4,
207,135,19.11,19.08,21.38,1.120,21.40,1260,44.0,13.7,+30.3,
207,140,2.50,2.82,3.35,1.187,2.97,186,9.3,2.0,+7.7,
207,140-1,2.50,2.82,3.35,1.187,2.97,186,9.3,2.0,+7.7,
207,140-2,2.50,2.82,3.35,1.187,2.97,186,9.3,2.0,+7.7,
207,142,18.05,18.45,22.40,1.214,21.92,1218,65.6,13.2,+52.4,
207,143,12.56,12.78,14.89,1.166,14.64,843,37.9,12.8,+25.1,
207,152-1,6.93,7.24,6.98,0.965,6.68,478,2.4,17.7,-15.2,
207,153,6.33,6.90,6.64,0.962,6.09,455,2.2,15.7,-13.5,
207,200,13.13,13.53,13.47,0.995,13.07,893,6.9,11.9,-5.0,
207,201,15.72,16.01,16.40,1.024,16.10,1057,15.2,12.6,+2.6,
207,203,13.22,13.51,13.44,0.995,13.16,892,6.9,11.9,-5.0,
207,220,1.02,1.16,1.31,1.125,1.15,77,2.5,0.0,+2.4,
207,221,3.22,3.41,3.73,1.094,3.53,225,5.8,2.4,+3.3,
207,222,0.57,0.59,0.63,1.054,0.60,39,0.6,0.0,+0.5,
207,223,5.93,5.97,6.73,1.128,6.70,394,13.1,2.8,+10.1,
207,300,25.53,26.01,31.76,1.221,31.18,1717,95.5,13.7,+81.8,
207,301,26.60,26.84,32.90,1.226,32.60,1772,100.2,13.7,+86.5,
207,302,29.16,29.65,37.13,1.253,36.53,1957,121.9,13.7,+108.0,
207,500,13.88,14.22,14.30,1.006,13.96,939,13.6,24.2,-10.6,
207,900,,12.68,15.54,1.226,15.54,837,42.1,12.0,+30.0,
207,901,,12.49,15.39,1.232,15.39,824,40.8,15.3,+25.7,
207,902,,11.92,14.74,1.236,14.74,787,40.8,11.1,+29.8,
207,903,,12.36,15.37,1.243,15.37,816,43.1,9.0,+34.1,
207,904,,12.04,15.08,1.252,15.08,795,43.2,8.4,+34.8,
207,905,,13.68,16.67,1.219,16.67,903,45.0,12.6,+32.4,
207,906,,13.03,16.08,1.234,16.08,860,42.9,17.5,+25.0,
207,915,,16.79,19.72,1.174,19.72,1108,40.3,46.1,-5.4,
207,916,,17.93,20.92,1.167,20.92,1183,42.2,47.5,-5.0,
207,917,,18.75,21.87,1.166,21.87,1238,42.3,53.4,-10.9,
207,918,,13.93,17.55,1.260,17.55,919,52.2,10.6,+41.0,
207,919,13.46,13.74,16.71,1.216,16.36,907,40.3,25.3,+15.0,
207,921,,15.42,18.35,1.190,18.35,1018,40.4,34.9,+5.6,
207,922,,15.95,19.03,1.193,19.03,1053,42.3,32.2,+10.0,
207,923,,16.44,19.55,1.190,19.55,1085,43.6,34.9,+8.8,
207,924,,16.41,19.41,1.183,19.41,1083,42.4,35.9,+6.5,
207,925,,15.73,18.63,1.185,18.63,1038,40.3,35.3,+5.0,
207,926,,16.19,19.02,1.175,19.02,1068,40.3,37.0,+3.4,
207,931,,21.19,24.29,1.146,24.29,1399,45.2,60.2,-15.0,
207,932,,21.03,24.08,1.145,24.08,1388,43.2,57.9,-14.8,
207,933,,21.64,24.74,1.143,24.74,1428,44.1,57.9,-13.7,
207,934,,21.73,24.86,1.144,24.86,1434,44.7,57.9,-13.1,
207,935,,23.01,26.03,1.131,26.03,1518,44.5,61.3,-16.7,
207,942,20.85,21.25,24.65,1.160,24.19,1402,48.7,44.8,+3.9,
207,946,,16.23,19.23,1.185,19.23,1071,40.3,45.7,-5.5,
207,GATE,8.60,9.15,8.57,0.938,8.06,604,0.2,26.7,-26.5,
220,1,6.95,7.01,6.94,0.990,6.87,463,5.2,14.8,-9.7,
220,2,6.84,6.91,7.11,1.030,7.04,456,9.4,14.5,-5.3,
220,3,5.82,6.00,7.16,1.193,6.94,396,16.3,15.5,+0.8,
220,4,5.91,5.98,7.14,1.194,7.06,394,16.3,15.5,+0.8,
220,5,6.41,6.48,7.64,1.180,7.56,427,16.3,15.4,+0.8,
220,6,6.81,6.88,8.21,1.193,8.12,454,19.1,15.4,+3.4,
220,7,7.39,7.46,8.80,1.179,8.72,493,19.2,15.4,+3.6,
220,8,8.21,8.20,9.53,1.163,9.55,541,19.6,15.8,+3.6,
220,9,8.17,8.23,9.88,1.201,9.81,543,24.2,15.6,+8.5,
220,10,8.50,8.66,10.62,1.227,10.43,571,28.9,15.4,+13.3,
220,10-1,9.11,9.20,11.37,1.236,11.26,607,32.0,15.4,+16.3,
220,11,9.16,9.23,11.15,1.208,11.07,609,28.3,15.6,+12.7,
220,12,9.58,9.83,11.87,1.207,11.57,649,30.2,16.0,+14.0,
220,13,9.81,10.07,12.22,1.214,11.91,664,31.9,16.0,+15.8,
220,14,7.28,7.38,9.00,1.220,8.88,487,23.6,15.4,+7.8,
220,15,3.88,4.00,4.01,1.001,3.88,264,3.2,15.8,-12.5,
220,15-1,6.02,5.36,5.27,0.984,5.93,353,3.2,20.8,-17.6,
220,16,4.12,4.29,4.60,1.072,4.41,283,2.6,16.1,-13.2,
220,16-1,5.07,6.44,6.22,0.966,4.90,425,3.2,24.5,-21.3,
220,17,3.78,3.85,3.83,0.996,3.76,254,3.2,12.3,-9.2,
220,18,15.16,15.43,17.75,1.150,17.43,1018,42.4,18.4,+23.9,
220,19,15.96,16.06,18.29,1.139,18.17,1060,42.4,20.3,+22.0,
220,20,10.87,11.24,12.98,1.155,12.56,742,33.1,16.5,+16.5,
220,21,13.46,13.68,15.56,1.137,15.31,903,33.6,16.5,+17.0,
220,22,11.66,11.73,12.41,1.058,12.34,774,17.8,16.2,+1.5,
220,24,9.20,9.42,9.19,0.976,8.98,622,4.5,17.1,-12.7,
220,25,10.33,10.52,10.42,0.991,10.24,694,6.7,16.9,-10.3,
220,25-1,10.77,10.84,10.74,0.991,10.67,715,6.7,16.9,-10.3,
220,26,10.87,10.93,10.84,0.991,10.77,722,6.7,16.9,-10.3,
220,27,12.38,12.15,12.06,0.992,12.29,802,6.8,16.9,-10.3,
220,28,13.01,13.22,13.56,1.026,13.34,873,14.6,18.9,-4.5,
220,29,18.52,18.73,22.90,1.223,22.65,1236,69.5,18.3,+51.2,
220,30,14.57,14.68,15.60,1.063,15.50,969,22.3,16.4,+5.8,
220,31,14.07,14.09,14.75,1.047,14.73,930,19.5,18.6,+0.8,
220,32,16.35,16.42,17.19,1.047,17.12,1084,21.3,16.9,+4.2,
220,32-1,16.28,16.36,17.13,1.047,17.05,1080,21.3,16.9,+4.2,
220,33,15.88,15.97,17.18,1.076,17.09,1054,27.2,16.4,+10.7,
220,34,15.36,15.43,16.64,1.079,16.57,1018,27.2,16.4,+10.6,
220,35,14.22,14.28,16.42,1.149,16.34,943,37.9,16.5,+21.1,
220,36,16.60,16.67,18.54,1.112,18.46,1100,37.2,19.9,+17.5,
220,37,15.81,15.97,17.18,1.076,17.01,1054,27.2,16.4,+10.7,
220,38,17.32,17.39,18.90,1.087,18.82,1148,32.0,16.5,+15.3,
220,39,19.15,18.50,20.82,1.125,21.54,1221,44.7,18.8,+25.8,
220,40,19.12,19.19,21.15,1.102,21.07,1266,39.4,16.5,+22.8,
220,43,13.54,13.61,14.96,1.099,14.89,898,28.3,17.0,+11.2,
220,43-1,14.35,14.42,15.35,1.064,15.27,952,22.3,16.5,+5.7,
220,43-2,13.99,14.12,15.51,1.099,15.37,932,29.4,17.4,+11.9,
220,44-1,16.86,16.97,18.85,1.111,18.72,1120,37.7,19.0,+18.6,
220,49,1.28,1.34,1.90,1.417,1.81,88,8.5,0.0,+8.2,
220,50,2.49,2.56,2.62,1.025,2.55,169,3.2,6.8,-3.6,
220,51,1.57,1.71,1.62,0.947,1.49,113,0.0,4.2,-4.1,
220,52,0.20,0.21,0.21,1.000,0.20,14,0.0,0.0,-0.0,
220,52-1,0.20,0.21,0.21,1.000,0.20,14,0.0,0.0,-0.0,
220,52-2,1.04,1.31,1.22,0.930,0.97,86,0.0,4.2,-4.1,
220,53,0.95,1.09,1.28,1.180,1.12,72,3.4,0.2,+3.1,
220,54,2.23,2.30,2.38,1.037,2.31,152,3.5,4.8,-1.4,
220,55,2.83,2.83,2.94,1.036,2.93,187,3.8,4.7,-1.0,
220,56,12.22,12.30,13.16,1.070,13.07,812,20.7,16.2,+4.4,
220,57,1.44,1.46,1.71,1.169,1.69,96,0.0,10.3,-10.0,
220,57-1,0.32,0.32,0.32,0.992,0.32,21,0.0,2.1,-2.0,
220,58,2.19,2.83,3.17,1.120,2.45,187,0.0,17.0,-16.7,
220,59,0.61,0.62,0.94,1.516,0.93,41,0.0,8.9,-8.3,
220,59-1,1.54,1.54,1.88,1.221,1.88,102,0.0,15.3,-14.7,
220,61,8.12,8.37,9.74,1.163,9.44,553,20.0,16.0,+3.8,
220,62,8.93,9.24,9.46,1.023,9.14,610,10.7,15.9,-5.3,
220,64,10.18,8.94,8.80,0.984,10.02,590,2.3,26.5,-24.1,
220,66,20.46,20.62,25.51,1.237,25.31,1361,73.5,10.7,+62.8,
220,71,6.80,6.73,6.55,0.973,6.62,444,0.6,19.2,-18.6,
220,71-1,6.35,6.73,6.55,0.973,6.18,444,0.6,19.2,-18.6,
220,73,6.16,7.22,7.08,0.981,6.04,476,4.4,18.7,-14.3,
220,74,3.77,3.83,4.18,1.090,4.11,253,8.1,5.8,+2.2,
220,75,16.30,16.41,17.07,1.040,16.96,1083,19.5,17.0,+2.4,
220,75-1,16.15,16.31,16.68,1.022,16.51,1077,16.3,20.3,-4.2,
220,80,12.72,12.85,13.97,1.087,13.83,848,22.3,20.3,+1.9,
220,81,4.75,4.88,4.73,0.971,4.61,322,0.6,5.3,-4.8,
220,82,3.59,4.72,6.23,1.322,4.75,311,20.9,6.3,+14.5,경로 다름
220,83,2.78,2.91,2.74,0.941,2.62,192,0.0,9.0,-8.9,
220,84,3.44,3.51,3.51,1.000,3.44,231,3.2,11.1,-8.0,
220,85,5.87,6.03,6.01,0.997,5.85,398,2.8,5.3,-2.6,
220,85-1,13.34,13.77,14.84,1.077,14.37,909,21.8,20.7,+1.1,
220,86,12.03,12.47,13.51,1.083,13.03,823,20.0,20.3,-0.3,
220,101,7.34,7.48,7.17,0.959,7.04,494,1.6,20.5,-18.8,
220,103,6.88,7.01,6.79,0.968,6.66,463,3.2,26.9,-23.8,
220,105-2,23.03,23.17,27.63,1.193,27.47,1529,71.6,23.8,+47.9,
220,129,14.18,14.33,14.53,1.014,14.38,946,11.7,16.9,-5.3,
220,132,20.69,20.76,24.96,1.203,24.88,1370,71.5,20.2,+51.2,
220,135,18.88,18.64,20.97,1.125,21.24,1230,44.9,18.8,+26.1,
220,140,0.40,0.54,0.59,1.099,0.44,36,0.9,0.0,+1.1,
220,140-1,0.40,0.54,0.59,1.099,0.44,36,0.9,0.0,+1.1,
220,140-2,0.40,0.54,0.59,1.099,0.44,36,0.9,0.0,+1.1,
220,142,17.83,18.01,21.99,1.221,21.77,1188,66.5,18.3,+48.2,
220,143,12.33,12.34,14.48,1.174,14.48,814,38.9,17.9,+20.9,
220,152-1,6.85,6.80,6.89,1.013,6.94,449,2.4,22.7,-20.0,
220,153,6.25,6.46,6.55,1.013,6.34,427,2.2,20.7,-18.2,
220,200,12.91,13.09,13.06,0.997,12.88,864,7.8,17.0,-9.2,
220,201,15.50,15.57,15.99,1.027,15.92,1028,16.1,17.7,-1.7,
220,203,13.00,13.07,13.03,0.997,12.96,862,7.8,16.9,-9.2,
220,207,1.02,1.16,1.07,0.923,0.94,77,0.0,2.5,-2.4,
220,221,0.57,0.57,0.57,0.995,0.57,38,0.0,0.1,-0.1,
220,222,0.30,0.30,0.30,1.000,0.30,20,0.0,0.0,+0.0,
220,223,3.10,3.13,3.57,1.141,3.53,206,7.3,0.5,+6.7,
220,300,25.31,25.57,31.35,1.226,31.03,1688,96.5,18.8,+77.6,
220,301,26.38,26.40,32.49,1.231,32.46,1742,101.1,18.8,+82.3,
220,302,28.94,29.20,36.72,1.257,36.39,1928,122.8,18.8,+103.8,
220,500,13.66,13.78,13.89,1.008,13.77,910,14.6,29.3,-14.8,
220,900,,11.86,14.67,1.238,14.67,783,42.2,16.3,+25.8,
220,901,,11.67,14.52,1.244,14.52,770,41.0,19.6,+21.4,
220,902,,11.10,13.87,1.249,13.87,732,41.0,15.4,+25.5,
220,903,,11.54,14.50,1.256,14.50,762,43.3,13.3,+29.8,
220,904,,11.21,14.21,1.267,14.21,740,43.4,12.7,+30.6,
220,905,,12.86,15.80,1.229,15.80,849,45.2,16.9,+28.2,
220,906,,12.21,15.21,1.246,15.21,806,43.0,21.8,+20.8,
220,915,,15.97,18.85,1.180,18.85,1054,40.5,50.4,-9.7,
220,916,,17.11,20.05,1.172,20.05,1129,42.4,51.7,-9.3,
220,917,,17.93,21.00,1.172,21.00,1183,42.5,57.7,-15.1,
220,918,,13.10,16.68,1.273,16.68,865,52.3,14.9,+36.8,
220,919,12.85,12.92,15.84,1.226,15.76,853,40.4,29.6,+10.8,
220,921,,14.60,17.48,1.198,17.48,963,40.6,39.2,+1.4,
220,922,,15.12,18.16,1.201,18.16,998,42.5,36.5,+5.8,
220,923,,15.61,18.68,1.197,18.68,1030,43.8,39.2,+4.6,
220,924,,15.58,18.54,1.190,18.54,1029,42.5,40.1,+2.3,
220,925,,14.91,17.76,1.192,17.76,984,40.4,39.6,+0.8,
220,926,,15.36,18.15,1.182,18.15,1014,40.5,41.3,-0.8,
220,931,,20.37,23.42,1.150,23.42,1344,45.4,64.5,-19.2,
220,932,,20.21,23.21,1.149,23.21,1334,43.4,62.1,-19.0,
220,933,,20.82,23.87,1.147,23.87,1374,44.3,62.2,-17.9,
220,934,,20.90,23.99,1.148,23.99,1380,44.9,62.2,-17.3,
220,935,,22.18,25.16,1.134,25.16,1464,44.6,65.6,-20.9,
220,942,20.24,20.42,23.78,1.165,23.58,1348,48.9,49.1,-0.3,
220,946,,15.40,18.36,1.192,18.36,1016,40.4,50.0,-9.7,
220,GATE,8.52,8.71,8.48,0.974,8.31,575,0.2,31.7,-31.2,
221,1,9.05,9.23,9.22,0.999,9.04,609,7.0,17.5,-10.5,
221,2,8.95,9.13,9.39,1.029,9.21,602,11.2,17.3,-6.1,
221,3,7.92,8.22,9.44,1.149,9.10,543,18.1,18.2,-0.1,
221,4,8.01,8.19,9.42,1.149,9.21,541,18.1,18.2,-0.1,
221,5,8.51,8.69,9.92,1.141,9.71,574,18.1,18.2,-0.0,
221,6,8.52,9.10,10.49,1.152,9.82,600,20.9,18.1,+2.6,
221,7,9.34,9.68,11.07,1.144,10.68,639,21.0,18.2,+2.8,
221,8,10.16,10.42,11.81,1.134,11.52,687,21.4,18.6,+2.8,
221,9,9.44,10.45,12.16,1.164,10.99,690,26.0,18.3,+7.7,
221,10,9.86,10.88,12.90,1.186,11.70,718,30.7,18.2,+12.4,
221,10-1,10.00,11.41,13.64,1.195,11.95,753,33.8,18.2,+15.5,
221,11,10.44,11.45,13.43,1.173,12.24,756,30.1,18.3,+11.8,
221,12,11.18,12.05,14.15,1.174,13.12,795,32.0,18.7,+13.2,
221,13,11.54,12.29,14.50,1.180,13.62,811,33.7,18.7,+15.0,
221,14,7.89,9.60,11.28,1.175,9.27,634,25.3,18.2,+7.0,
221,15,5.98,6.22,6.29,1.011,6.05,411,5.0,18.5,-13.3,
221,15-1,8.13,7.57,7.55,0.997,8.10,500,5.0,23.5,-18.5,
221,16,5.84,6.02,6.46,1.074,6.27,397,4.6,20.9,-16.3,
221,16-1,7.18,8.65,8.50,0.982,7.05,571,5.0,27.2,-22.2,
221,17,5.88,6.07,6.11,1.008,5.93,400,5.0,15.1,-10.0,
221,18,17.26,17.65,20.03,1.135,19.59,1165,44.2,21.1,+23.0,
221,19,18.06,18.28,20.57,1.125,20.33,1206,44.2,23.0,+21.2,
221,20,12.98,13.46,15.26,1.134,14.72,888,34.9,19.2,+15.7,
221,21,15.57,15.90,17.84,1.122,17.46,1050,35.4,19.3,+16.1,
221,22,13.76,13.95,14.69,1.053,14.50,920,19.6,18.9,+0.7,
221,24,11.31,11.64,11.47,0.986,11.14,768,6.3,19.9,-13.5,
221,25,12.44,12.74,12.70,0.997,12.40,841,8.5,19.7,-11.2,
221,25-1,12.87,13.06,13.02,0.997,12.84,862,8.5,19.7,-11.2,
221,26,12.97,13.15,13.12,0.997,12.94,868,8.5,19.7,-11.2,
221,27,14.49,14.37,14.34,0.998,14.46,948,8.6,19.7,-11.1,
221,28,15.11,15.44,15.84,1.026,15.50,1019,16.3,21.6,-5.3,
221,29,20.41,20.95,25.18,1.202,24.53,1383,71.3,21.0,+50.3,
221,30,16.68,16.89,17.88,1.058,17.66,1115,24.1,19.1,+5.0,
221,31,16.18,16.31,17.03,1.044,16.89,1076,21.3,21.3,+0.0,
221,32,18.46,18.64,19.47,1.044,19.28,1230,23.0,19.7,+3.4,
221,32-1,18.39,18.58,19.41,1.045,19.21,1226,23.1,19.7,+3.4,
221,33,17.99,18.19,19.46,1.070,19.25,1200,29.0,19.1,+9.8,
221,34,17.47,17.65,18.92,1.072,18.73,1165,29.0,19.1,+9.8,
221,35,16.32,16.50,18.70,1.133,18.49,1089,39.7,19.3,+20.3,
221,36,18.70,18.89,20.82,1.102,20.62,1247,39.0,22.6,+16.7,
221,37,17.91,18.19,19.46,1.070,19.17,1200,29.0,19.1,+9.8,
221,38,19.43,19.61,21.18,1.080,20.98,1294,33.8,19.3,+14.5,
221,39,21.25,20.72,23.10,1.115,23.69,1368,46.5,21.5,+25.0,
221,40,21.22,21.41,23.43,1.094,23.23,1413,41.2,19.3,+21.9,
221,43,15.65,15.83,17.24,1.089,17.04,1045,30.1,19.7,+10.4,
221,43-1,16.45,16.64,17.63,1.059,17.43,1098,24.1,19.2,+4.9,
221,43-2,16.09,16.34,17.79,1.089,17.53,1078,31.2,20.1,+11.1,
221,44-1,18.96,19.19,21.13,1.101,20.88,1267,39.5,21.7,+17.8,
221,49,3.36,3.56,4.17,1.174,3.95,235,10.2,2.7,+7.4,
221,50,4.59,4.77,4.90,1.026,4.71,315,5.0,9.5,-4.5,
221,51,3.78,3.96,3.98,1.005,3.80,261,2.4,7.5,-5.0,
221,52,2.22,2.40,2.51,1.047,2.32,158,2.4,2.5,-0.0,
221,52-1,2.22,2.40,2.51,1.047,2.32,158,2.4,2.5,-0.0,
221,52-2,3.24,3.55,3.57,1.006,3.26,234,2.4,7.5,-5.0,
221,53,3.06,3.31,3.56,1.078,3.29,218,5.2,2.9,+2.3,
221,54,4.33,4.52,4.66,1.033,4.47,298,5.3,7.5,-2.2,
221,55,4.94,5.05,5.22,1.032,5.10,334,5.6,7.4,-1.9,
221,56,14.33,14.52,15.44,1.063,15.23,958,22.5,18.9,+3.6,
221,57,2.99,3.19,3.57,1.119,3.35,211,2.0,15.2,-13.1,
221,57-1,1.19,1.40,1.53,1.092,1.30,92,0.7,5.7,-5.1,
221,58,3.74,4.56,5.03,1.104,4.13,301,2.0,21.9,-19.8,
221,59,2.06,2.35,2.80,1.193,2.46,155,2.0,13.7,-11.4,
221,59-1,3.09,3.27,3.74,1.145,3.53,216,2.0,20.1,-17.8,
221,61,10.22,10.59,12.01,1.134,11.60,699,21.8,18.7,+3.0,
221,62,11.04,11.46,11.74,1.024,11.30,756,12.5,18.6,-6.1,
221,64,12.29,11.18,11.16,0.997,12.26,738,4.7,29.8,-25.1,
221,66,19.77,22.84,27.79,1.217,24.05,1507,75.3,13.4,+61.9,
221,71,6.83,6.19,6.21,1.003,6.85,409,3.4,17.9,-14.5,
221,71-1,6.38,6.19,6.21,1.003,6.40,409,3.4,17.9,-14.5,
221,73,8.27,9.44,9.36,0.992,8.20,623,6.2,21.4,-15.2,
221,74,5.87,6.05,6.46,1.067,6.27,399,9.9,8.6,+1.3,
221,75,18.41,18.63,19.35,1.039,19.12,1230,21.3,19.7,+1.6,
221,75-1,18.25,18.53,18.96,1.023,18.67,1223,18.0,23.0,-5.0,
221,80,12.75,12.32,13.63,1.107,14.11,813,25.1,19.0,+6.0,
221,81,4.77,4.34,4.40,1.013,4.84,286,3.4,4.1,-0.7,
221,82,4.55,6.93,8.51,1.228,5.58,458,22.7,9.0,+13.7,경로 다름
221,83,4.98,5.16,5.10,0.989,4.92,340,2.4,12.3,-9.9,
221,84,5.54,5.72,5.79,1.011,5.60,378,5.0,13.9,-8.8,
221,85,5.90,5.49,5.67,1.032,6.09,362,5.6,4.1,+1.5,
221,85-1,13.37,13.24,14.50,1.095,14.64,874,24.6,19.5,+5.2,
221,86,12.06,11.94,13.17,1.103,13.30,788,22.7,19.0,+3.7,
221,101,9.54,9.72,9.53,0.980,9.35,642,4.0,23.8,-19.8,
221,103,8.98,9.23,9.07,0.982,8.82,609,5.0,29.6,-24.6,
221,105-2,22.33,25.39,29.91,1.178,26.31,1676,73.4,26.5,+47.1,
221,129,16.29,16.55,16.80,1.015,16.54,1092,13.5,19.7,-6.2,
221,132,20.27,22.98,27.24,1.186,24.03,1516,73.3,22.9,+50.4,
221,135,20.99,20.86,23.25,1.114,23.39,1377,46.7,21.5,+25.2,
221,140,0.56,0.56,0.56,1.000,0.56,37,0.0,0.0,-0.0,
221,140-1,0.56,0.56,0.56,1.000,0.56,37,0.0,0.0,-0.0,
221,140-2,0.77,0.77,0.77,1.000,0.77,51,0.0,0.0,-0.0,
221,142,19.93,20.23,24.27,1.200,23.92,1335,68.3,21.0,+47.3,
221,143,14.44,14.55,16.76,1.152,16.63,961,40.6,20.6,+20.0,
221,152-1,8.58,7.95,7.92,0.996,8.54,525,4.4,23.5,-19.1,
221,153,7.70,7.29,7.25,0.994,7.65,481,3.5,20.8,-17.3,
221,200,15.02,15.31,15.34,1.002,15.04,1011,9.6,19.7,-10.0,
221,201,17.60,17.79,18.27,1.027,18.08,1174,17.9,20.4,-2.5,
221,203,15.10,15.29,15.31,1.002,15.13,1009,9.6,19.7,-10.0,
221,207,3.22,3.41,3.43,1.007,3.25,225,2.4,5.8,-3.3,
221,220,0.57,0.57,0.57,1.005,0.57,38,0.1,0.0,+0.1,
221,222,1.78,1.97,2.21,1.125,2.01,130,2.7,5.7,-3.0,
221,223,3.05,2.61,3.03,1.164,3.55,172,7.0,0.4,+6.5,
221,300,27.08,27.79,33.63,1.210,32.77,1834,98.3,21.5,+76.8,
221,301,28.14,28.62,34.77,1.215,34.19,1889,102.9,21.5,+81.4,
221,302,30.69,31.42,39.00,1.241,38.09,2074,124.6,21.5,+103.0,
221,500,15.76,16.00,16.17,1.011,15.94,1056,16.4,32.0,-15.6,
221,900,,14.08,16.95,1.204,16.95,929,44.0,19.0,+25.0,
221,901,,13.89,16.80,1.210,16.80,916,42.8,22.3,+20.6,
221,902,,13.32,16.14,1.212,16.14,879,42.8,18.1,+24.7,
221,903,,13.76,16.77,1.219,16.77,908,45.1,16.0,+29.0,
221,904,,13.43,16.49,1.227,16.49,887,45.2,15.4,+29.8,
221,905,,15.08,18.08,1.199,18.08,995,46.9,19.6,+27.3,
221,906,,14.42,17.49,1.212,17.49,952,44.8,24.5,+20.0,
221,915,,18.19,21.12,1.162,21.12,1200,42.2,53.1,-10.5,
221,916,,19.33,22.33,1.156,22.33,1275,44.2,54.5,-10.1,
221,917,,20.14,23.28,1.156,23.28,1330,44.3,60.4,-15.9,
221,918,,15.32,18.96,1.237,18.96,1011,54.1,17.6,+36.0,
221,919,12.15,15.14,18.12,1.197,14.54,999,42.2,32.3,+10.0,
221,921,,16.81,19.76,1.175,19.76,1110,42.4,41.9,+0.6,
221,922,,17.34,20.44,1.179,20.44,1145,44.3,39.2,+5.0,
221,923,,17.83,20.96,1.176,20.96,1177,45.5,41.9,+3.7,
221,924,,17.80,20.82,1.170,20.82,1175,44.3,42.9,+1.5,
221,925,,17.12,20.04,1.170,20.04,1130,42.2,42.3,-0.1,
221,926,,17.58,20.43,1.162,20.43,1160,42.3,44.0,-1.7,
221,931,,22.58,25.70,1.138,25.70,1491,47.2,67.2,-20.0,
221,932,,22.43,25.49,1.137,25.49,1480,45.2,64.9,-19.8,
221,933,,23.04,26.15,1.135,26.15,1520,46.1,64.9,-18.8,
221,934,,23.12,26.27,1.136,26.27,1526,46.7,64.9,-18.2,
221,935,,24.40,27.44,1.125,27.44,1611,46.4,68.3,-21.8,
221,942,19.54,22.64,26.06,1.151,22.50,1494,50.7,51.8,-1.1,
221,946,,17.62,20.64,1.171,20.64,1163,42.2,52.7,-10.6,
221,GATE,10.25,10.44,10.35,0.992,10.16,689,2.2,36.5,-34.3,
222,1,7.70,7.70,7.70,1.001,7.70,508,7.1,16.2,-9.1,
222,2,7.59,7.59,7.87,1.037,7.88,501,11.2,15.9,-4.7,
222,3,6.57,6.69,7.93,1.185,7.79,441,18.1,16.8,+1.4,
222,4,6.66,6.66,7.90,1.186,7.90,440,18.1,16.8,+1.4,
222,5,7.16,7.16,8.40,1.173,8.40,472,18.2,16.8,+1.4,
222,6,7.56,7.56,8.97,1.186,8.97,499,20.9,16.8,+4.0,
222,7,8.15,8.15,9.56,1.173,9.56,538,21.0,16.8,+4.2,
222,8,8.96,8.88,10.29,1.159,10.39,586,21.5,17.2,+4.3,
222,9,8.92,8.91,10.64,1.194,10.65,588,26.0,16.9,+9.1,
222,10,9.25,9.34,11.38,1.219,11.28,617,30.7,16.8,+13.9,
222,10-1,9.87,9.88,12.12,1.227,12.11,652,33.8,16.8,+17.0,
222,11,9.91,9.91,11.91,1.202,11.91,654,30.1,16.9,+13.3,
222,12,10.33,10.51,12.63,1.201,12.41,694,32.0,17.4,+14.6,
222,13,10.56,10.75,12.98,1.208,12.75,710,33.7,17.4,+16.4,
222,14,8.03,8.06,9.76,1.211,9.73,532,25.4,16.8,+8.4,
222,15,4.41,4.41,4.28,0.970,4.28,291,1.6,13.7,-11.9,
222,15-1,6.50,5.76,5.54,0.961,6.25,380,1.6,18.7,-17.0,
222,16,3.66,3.65,3.69,1.011,3.70,241,2.6,7.9,-5.1,
222,16-1,5.55,6.84,6.49,0.948,5.26,452,1.6,22.4,-20.7,
222,17,4.01,4.20,4.11,0.980,3.93,277,2.1,11.0,-8.9,
222,18,15.91,16.11,18.51,1.149,18.27,1063,44.2,19.8,+24.5,
222,19,16.71,16.74,19.05,1.138,19.01,1105,44.2,21.6,+22.6,
222,20,11.62,11.92,13.74,1.153,13.40,787,34.9,17.8,+17.1,
222,21,14.21,14.37,16.32,1.136,16.14,948,35.4,17.9,+17.6,
222,22,12.41,12.41,13.17,1.061,13.17,819,19.7,17.5,+2.2,
222,24,9.95,10.11,9.96,0.985,9.80,667,6.4,18.5,-12.1,
222,25,11.08,11.20,11.19,0.998,11.06,739,8.5,18.3,-9.7,
222,25-1,11.52,11.52,11.50,0.998,11.50,760,8.5,18.3,-9.7,
222,26,11.62,11.62,11.60,0.998,11.60,767,8.5,18.3,-9.7,
222,27,13.14,12.83,12.82,0.999,13.12,847,8.6,18.3,-9.7,
222,28,13.76,13.91,14.32,1.030,14.17,918,16.4,20.3,-3.9,
222,29,19.27,19.41,23.66,1.219,23.49,1281,71.4,19.6,+51.8,
222,30,15.33,15.36,16.36,1.065,16.33,1014,24.1,17.8,+6.4,
222,31,14.82,14.77,15.51,1.050,15.56,975,21.4,19.9,+1.5,
222,32,17.11,17.11,17.95,1.049,17.95,1129,23.1,18.3,+4.8,
222,32-1,17.03,17.05,17.89,1.050,17.88,1125,23.1,18.3,+4.8,
222,33,16.64,16.65,17.94,1.078,17.93,1099,29.0,17.8,+11.3,
222,34,16.11,16.11,17.40,1.080,17.40,1063,29.0,17.8,+11.2,
222,35,14.97,14.97,17.18,1.148,17.18,988,39.7,17.9,+21.8,
222,36,17.35,17.36,19.30,1.112,19.30,1145,39.1,21.2,+18.1,
222,37,16.56,16.65,17.94,1.078,17.85,1099,29.0,17.8,+11.3,
222,38,18.07,18.07,19.66,1.088,19.66,1193,33.8,17.9,+15.9,
222,39,19.90,19.19,21.58,1.125,22.38,1266,46.5,20.1,+26.4,
222,40,19.87,19.87,21.91,1.103,21.91,1311,41.3,17.9,+23.4,
222,43,14.29,14.29,15.72,1.100,15.72,943,30.1,18.4,+11.8,
222,43-1,15.10,15.11,16.11,1.066,16.10,997,24.1,17.8,+6.3,
222,43-2,14.74,14.80,16.27,1.100,16.21,977,31.3,18.8,+12.5,
222,44-1,17.61,17.65,19.61,1.111,19.56,1165,39.6,20.4,+19.2,
222,49,2.01,2.02,2.66,1.315,2.64,133,10.3,1.4,+8.9,
222,50,2.90,2.87,2.68,0.936,2.71,189,0.0,7.0,-6.9,
222,51,1.51,1.51,1.44,0.957,1.44,99,0.0,3.6,-3.6,
222,52,0.83,0.85,0.92,1.079,0.89,56,1.8,1.4,+0.4,
222,52-1,0.83,0.85,0.92,1.079,0.89,56,1.8,1.4,+0.4,
222,52-2,0.66,0.68,0.65,0.957,0.63,45,0.0,0.6,-0.5,
222,53,1.70,1.77,2.04,1.155,1.97,117,5.2,1.5,+3.7,
222,54,2.98,2.98,3.14,1.055,3.14,197,5.4,6.1,-0.8,
222,55,3.58,3.52,3.70,1.051,3.77,232,5.6,6.1,-0.4,
222,56,12.98,12.99,13.92,1.072,13.91,857,22.6,17.5,+5.0,
222,57,1.06,1.07,0.99,0.920,0.97,71,0.0,1.8,-1.7,
222,57-1,0.64,0.64,0.64,1.000,0.64,42,0.0,0.0,-0.0,
222,58,1.80,2.44,2.45,1.003,1.81,161,0.0,8.5,-8.4,
222,59,0.23,0.23,0.23,1.000,0.23,15,0.0,0.0,-0.0,
222,59-1,1.15,1.15,1.16,1.007,1.16,76,0.0,6.7,-6.4,
222,61,8.87,9.06,10.50,1.159,10.28,598,21.8,17.4,+4.4,
222,62,9.68,9.92,10.22,1.030,9.97,655,12.5,17.2,-4.7,
222,64,10.46,8.73,8.62,0.987,10.32,576,2.3,25.9,-23.6,
222,66,21.22,21.30,26.27,1.233,26.16,1406,75.4,12.0,+63.4,
222,71,8.33,8.12,8.27,1.019,8.49,536,6.3,21.8,-15.5,
222,71-1,7.03,8.12,8.27,1.019,7.16,536,6.3,21.8,-15.5,
222,73,6.64,7.90,7.84,0.992,6.58,522,6.3,20.0,-13.7,
222,74,4.52,4.52,4.94,1.094,4.94,298,9.9,7.2,+2.8,
222,75,17.06,17.09,17.83,1.043,17.79,1128,21.4,18.3,+3.0,
222,75-1,16.90,17.00,17.44,1.026,17.34,1122,18.1,21.7,-3.6,
222,80,13.00,13.00,14.49,1.115,14.49,858,29.4,16.4,+13.1,
222,81,6.27,6.27,6.46,1.030,6.46,414,6.3,8.0,-1.6,
222,82,4.34,5.40,7.00,1.296,5.63,356,22.8,7.6,+15.1,
222,83,2.71,2.70,2.56,0.947,2.57,179,0.0,8.5,-8.4,
222,84,4.19,4.19,4.27,1.019,4.27,277,5.1,12.5,-7.4,
222,85,7.40,7.42,7.73,1.042,7.71,490,8.5,8.0,+0.5,
222,85-1,13.61,13.92,15.36,1.104,15.02,919,28.9,16.8,+12.3,
222,86,12.30,12.62,14.03,1.112,13.68,833,27.1,16.4,+10.9,
222,101,7.27,7.27,6.99,0.961,6.99,480,1.6,19.9,-18.3,
222,103,7.35,7.42,7.06,0.951,6.99,490,1.6,24.8,-23.2,
222,105-2,23.79,23.86,28.39,1.190,28.31,1574,73.4,25.2,+48.6,
222,129,14.94,15.01,15.29,1.018,15.21,991,13.6,18.3,-4.7,
222,132,21.44,21.44,25.72,1.200,25.72,1415,73.3,21.6,+51.8,
222,135,19.63,19.33,21.73,1.124,22.07,1276,46.8,20.1,+26.7,
222,140,1.19,2.66,3.12,1.171,1.39,176,8.8,3.4,+5.8,경로 다름
222,140-1,1.19,2.66,3.12,1.171,1.39,176,8.8,3.4,+5.8,경로 다름
222,140-2,1.19,2.66,3.12,1.171,1.39,176,8.8,3.4,+5.8,경로 다름
222,142,18.58,18.69,22.75,1.217,22.61,1234,68.4,19.6,+48.8,
222,143,13.09,13.02,15.24,1.171,15.32,859,40.7,19.3,+21.5,
222,152-1,6.40,6.16,5.98,0.971,6.21,407,2.4,14.5,-11.9,
222,153,5.80,5.83,5.64,0.969,5.61,384,2.2,12.5,-10.2,
222,200,13.66,13.78,13.82,1.003,13.70,909,9.7,18.3,-8.6,
222,201,16.25,16.25,16.75,1.031,16.75,1073,18.0,19.1,-1.0,
222,203,13.75,13.75,13.79,1.003,13.79,908,9.7,18.3,-8.6,
222,207,0.57,0.59,0.56,0.950,0.54,39,0.0,0.6,-0.5,
222,220,0.30,0.30,0.30,1.000,0.30,20,0.0,0.0,-0.0,
222,221,1.78,1.97,2.29,1.167,2.08,130,5.7,2.7,+3.0,
222,223,4.49,4.53,5.30,1.171,5.26,299,13.0,3.1,+9.8,
222,300,26.06,26.25,32.11,1.223,31.87,1733,98.3,20.1,+78.2,
222,301,27.13,27.08,33.25,1.228,33.30,1788,103.0,20.1,+82.9,
222,302,29.69,29.89,37.49,1.254,37.23,1973,124.7,20.1,+104.4,
222,500,14.41,14.46,14.65,1.013,14.60,955,16.4,30.6,-14.2,
222,900,,12.54,15.43,1.231,15.43,828,44.1,17.6,+26.4,
222,901,,12.35,15.28,1.237,15.28,815,42.8,20.9,+22.0,
222,902,,11.78,14.63,1.242,14.63,778,42.8,16.7,+26.2,
222,903,,12.22,15.26,1.248,15.26,807,45.1,14.7,+30.5,
222,904,,11.90,14.97,1.258,14.97,785,45.2,14.0,+31.2,
222,905,,13.54,16.56,1.223,16.56,894,47.0,18.2,+28.8,
222,906,,12.89,15.97,1.239,15.97,851,44.9,23.1,+21.4,
222,915,,16.65,19.61,1.177,19.61,1099,42.3,51.7,-9.0,
222,916,,17.79,20.81,1.170,20.81,1174,44.2,53.1,-8.7,
222,917,,18.61,21.76,1.169,21.76,1228,44.4,59.1,-14.5,
222,918,,13.79,17.44,1.265,17.44,910,54.2,16.2,+37.4,
222,919,13.60,13.60,16.60,1.220,16.60,898,42.3,30.9,+11.4,
222,921,,15.28,18.24,1.194,18.24,1008,42.4,40.5,+2.0,
222,922,,15.81,18.92,1.197,18.92,1043,44.3,37.8,+6.4,
222,923,,16.30,19.44,1.193,19.44,1076,45.6,40.5,+5.2,
222,924,,16.27,19.30,1.187,19.30,1074,44.4,41.5,+2.9,
222,925,,15.59,18.52,1.188,18.52,1029,42.3,40.9,+1.4,
222,926,,16.05,18.91,1.179,18.91,1059,42.3,42.6,-0.2,
222,931,,21.05,24.18,1.149,24.18,1389,47.2,65.9,-18.6,
222,932,,20.89,23.97,1.147,23.97,1379,45.2,63.5,-18.4,
222,933,,21.50,24.63,1.146,24.63,1419,46.1,63.5,-17.3,
222,934,,21.59,24.75,1.147,24.75,1425,46.7,63.5,-16.7,
222,935,,22.87,25.92,1.134,25.92,1509,46.5,66.9,-20.3,
222,942,20.99,21.10,24.54,1.163,24.42,1393,50.7,50.5,+0.3,
222,946,,16.08,19.12,1.189,19.12,1062,42.3,51.4,-9.1,
222,GATE,8.07,8.07,7.58,0.939,7.58,533,0.2,23.5,-23.1,
223,1,11.76,11.79,11.78,0.999,11.74,778,7.4,24.8,-17.3,
223,2,11.66,11.69,11.95,1.022,11.92,771,11.6,24.5,-12.9,
223,3,10.63,10.78,12.00,1.113,11.84,712,18.5,25.5,-6.9,
223,4,10.72,10.75,11.97,1.113,11.94,710,18.5,25.5,-6.9,
223,5,10.56,10.92,13.18,1.207,12.74,721,29.4,32.3,-2.6,
223,6,10.29,10.70,12.91,1.206,12.41,706,29.5,29.4,+0.2,
223,7,11.11,11.04,13.25,1.200,13.33,729,29.4,29.3,+0.2,
223,8,11.92,12.15,14.50,1.194,14.23,802,30.6,34.7,-4.0,
223,9,11.20,11.51,13.81,1.199,13.44,760,31.3,28.3,+3.1,
223,10,11.63,11.93,14.39,1.206,14.02,788,34.0,28.3,+5.6,
223,10-1,11.76,12.07,14.07,1.166,13.71,797,33.2,22.1,+11.2,
223,11,12.20,12.51,14.92,1.193,14.55,825,33.4,28.4,+5.0,
223,12,12.94,13.28,15.79,1.189,15.38,877,35.7,29.3,+6.4,
223,13,13.30,13.80,16.41,1.190,15.83,911,37.4,29.3,+8.2,
223,14,9.65,10.13,12.28,1.211,11.69,669,29.5,23.6,+5.9,
223,15,8.69,8.78,8.84,1.007,8.75,579,5.4,25.8,-20.1,
223,15-1,10.84,10.13,10.10,0.997,10.81,669,5.4,30.8,-25.3,
223,16,8.55,8.58,9.01,1.051,8.99,566,5.0,28.2,-23.1,
223,16-1,9.89,11.21,11.05,0.986,9.74,740,5.4,34.5,-29.0,
223,17,8.59,8.63,8.67,1.005,8.64,569,5.4,22.4,-16.8,
223,18,19.84,20.21,22.58,1.118,22.17,1334,44.6,28.4,+16.2,
223,19,20.63,20.84,23.13,1.110,22.90,1375,44.6,30.3,+14.4,
223,20,15.55,16.02,17.82,1.112,17.30,1057,35.3,26.5,+8.9,
223,21,18.28,18.46,20.39,1.105,20.19,1218,35.8,26.5,+9.3,
223,22,16.47,16.50,17.24,1.045,17.21,1089,20.0,26.2,-6.1,
223,24,14.02,14.20,14.03,0.988,13.85,937,6.7,27.1,-20.3,
223,25,15.15,15.30,15.26,0.997,15.11,1010,8.9,26.9,-18.0,
223,25-1,15.58,15.62,15.58,0.998,15.55,1031,8.9,26.9,-18.0,
223,26,15.68,15.71,15.67,0.998,15.64,1037,8.9,26.9,-18.0,
223,27,17.20,16.93,16.89,0.998,17.16,1117,9.0,26.9,-17.9,
223,28,17.82,18.00,18.39,1.022,18.21,1188,16.8,28.9,-12.1,
223,29,22.17,23.51,27.73,1.180,26.16,1552,71.7,28.3,+43.5,
223,30,19.39,19.45,20.44,1.051,20.37,1284,24.5,26.4,-1.8,
223,31,18.89,18.87,19.58,1.038,19.60,1245,21.7,28.6,-6.8,
223,32,21.17,21.20,22.03,1.039,21.99,1399,23.5,27.0,-3.4,
223,32-1,21.10,21.14,21.97,1.039,21.92,1395,23.5,27.0,-3.4,
223,33,20.70,20.75,22.02,1.061,21.97,1369,29.4,26.4,+3.0,
223,34,20.18,20.21,21.48,1.063,21.44,1334,29.4,26.4,+3.0,
223,35,18.96,19.06,21.25,1.115,21.15,1258,40.1,26.5,+13.5,
223,36,21.41,21.45,23.38,1.090,23.34,1416,39.4,29.9,+9.9,
223,37,20.62,20.75,22.02,1.061,21.89,1369,29.4,26.4,+3.0,
223,38,22.14,22.17,23.73,1.071,23.70,1463,34.2,26.5,+7.7,
223,39,23.96,23.28,25.65,1.102,26.40,1537,46.9,28.8,+18.2,
223,40,23.93,23.96,25.98,1.084,25.95,1582,41.6,26.6,+15.1,
223,43,18.36,18.39,19.79,1.077,19.76,1213,30.5,27.0,+3.6,
223,43-1,19.16,19.20,20.18,1.051,20.14,1267,24.5,26.5,-1.9,
223,43-2,18.80,18.89,20.35,1.077,20.25,1247,31.6,27.4,+4.3,
223,44-1,21.67,21.75,23.69,1.089,23.60,1435,39.9,29.0,+11.0,
223,49,6.07,6.12,6.73,1.100,6.68,404,10.6,10.0,+0.6,
223,50,7.30,7.33,7.45,1.016,7.42,484,5.4,16.8,-11.3,
223,51,6.49,6.52,6.53,1.002,6.50,430,2.8,14.8,-11.8,
223,52,4.93,4.96,5.07,1.022,5.04,327,2.8,9.8,-6.8,
223,52-1,4.93,4.96,5.07,1.022,5.04,327,2.8,9.8,-6.8,
223,52-2,5.95,6.11,6.13,1.003,5.97,403,2.8,14.8,-11.8,
223,53,5.77,5.87,6.12,1.043,6.01,387,5.6,10.2,-4.5,
223,54,7.04,7.08,7.22,1.020,7.18,467,5.7,14.8,-9.0,
223,55,7.65,7.61,7.77,1.021,7.81,502,6.0,14.7,-8.7,
223,56,17.04,17.08,17.99,1.053,17.95,1127,22.9,26.2,-3.2,
223,57,5.70,5.75,6.12,1.065,6.07,379,2.4,22.4,-19.9,
223,57-1,3.90,3.96,4.08,1.031,4.02,261,1.1,13.0,-11.9,
223,58,5.24,5.28,5.12,0.969,5.08,349,0.0,26.9,-26.8,
223,59,4.77,4.91,5.35,1.091,5.20,324,2.4,21.0,-18.2,
223,59-1,5.80,5.83,6.29,1.080,6.26,385,2.4,27.4,-24.6,
223,61,12.38,12.69,15.10,1.189,14.73,838,31.5,34.7,-3.1,
223,62,13.75,14.02,14.29,1.019,14.02,925,12.9,25.9,-12.9,
223,64,12.39,12.42,11.88,0.957,11.85,820,1.2,44.3,-43.0,
223,66,21.53,21.92,25.83,1.178,25.36,1447,66.1,11.0,+55.1,
223,71,5.76,5.58,5.41,0.971,5.59,368,0.2,25.6,-25.3,
223,71-1,5.30,5.58,5.41,0.971,5.15,368,0.2,25.6,-25.3,
223,73,10.98,12.00,11.92,0.993,10.90,792,6.6,28.7,-22.0,
223,74,8.58,8.61,9.01,1.047,8.98,568,10.3,15.8,-5.5,
223,75,21.12,21.19,21.90,1.034,21.83,1398,21.7,27.0,-5.2,
223,75-1,20.96,21.09,21.51,1.020,21.38,1392,18.5,30.3,-11.8,
223,80,11.67,11.70,12.84,1.097,12.80,772,21.8,26.6,-4.8,
223,81,3.63,3.73,3.60,0.967,3.51,246,0.2,11.7,-11.5,
223,82,6.31,6.69,8.27,1.235,7.79,442,25.6,6.8,+18.9,
223,83,7.69,7.72,7.65,0.992,7.63,509,2.8,19.6,-16.7,
223,84,8.25,8.28,8.34,1.007,8.31,547,5.4,21.1,-15.6,
223,85,4.82,4.88,4.88,1.000,4.82,322,2.3,11.7,-9.3,
223,85-1,12.29,12.63,13.71,1.085,13.34,833,21.4,27.1,-5.6,
223,86,10.98,11.33,12.38,1.093,12.00,748,19.5,26.7,-7.1,
223,101,12.25,12.28,12.08,0.984,12.05,810,4.4,31.1,-26.5,
223,103,11.69,11.79,11.62,0.986,11.53,778,5.4,36.9,-31.4,
223,105-2,24.10,24.47,27.96,1.142,27.53,1615,64.2,24.2,+40.3,
223,129,19.00,19.11,19.36,1.013,19.25,1261,13.9,26.9,-13.0,
223,132,22.04,22.49,26.10,1.161,25.57,1484,64.2,17.4,+46.8,
223,135,23.70,23.42,25.80,1.102,26.11,1546,47.1,28.8,+18.5,
223,140,3.20,3.39,4.24,1.252,4.01,224,12.9,4.8,+8.2,
223,140-1,3.20,3.39,4.24,1.252,4.01,224,12.9,4.8,+8.2,
223,140-2,3.20,3.39,4.24,1.252,4.01,224,12.9,4.8,+8.2,
223,142,22.00,22.48,26.38,1.173,25.82,1484,66.0,11.1,+55.0,
223,143,17.01,17.11,19.32,1.129,19.20,1129,41.1,27.9,+13.2,
223,152-1,7.54,7.34,7.13,0.971,7.32,484,1.2,31.1,-29.9,
223,153,6.62,6.68,6.45,0.966,6.40,441,0.2,28.4,-28.1,
223,200,17.73,17.87,17.89,1.001,17.75,1179,10.0,27.0,-16.8,
223,201,20.31,20.35,20.82,1.023,20.79,1343,18.3,27.7,-9.3,
223,203,17.81,17.84,17.87,1.001,17.84,1178,10.0,27.0,-16.8,
223,207,5.93,5.97,5.98,1.003,5.95,394,2.8,13.1,-10.1,
223,220,3.10,3.13,3.13,0.999,3.09,206,0.5,7.3,-6.7,
223,221,3.05,2.61,2.62,1.004,3.06,172,0.4,7.0,-6.5,
223,222,4.49,4.53,4.77,1.053,4.73,299,3.1,13.0,-9.8,
223,300,28.84,29.33,34.61,1.180,34.03,1936,92.0,21.5,+70.6,
223,301,29.91,30.16,35.69,1.183,35.39,1990,96.0,21.5,+74.6,
223,302,32.45,32.96,39.93,1.211,39.31,2175,117.7,21.5,+96.2,
223,500,18.47,18.56,18.73,1.009,18.64,1225,16.8,39.3,-22.4,
223,900,,13.16,15.00,1.140,15.00,869,34.8,16.6,+18.2,
223,901,,12.97,14.84,1.144,14.84,856,33.6,19.9,+13.8,
223,902,,12.40,14.19,1.144,14.19,818,33.6,15.7,+17.9,
223,903,,12.84,14.82,1.154,14.82,848,35.9,13.7,+22.2,
223,904,,12.52,14.53,1.161,14.53,826,36.0,13.1,+23.0,
223,905,,14.16,16.13,1.139,16.13,935,37.7,17.2,+20.5,
223,906,,13.51,15.53,1.150,15.53,892,35.6,22.2,+13.2,
223,915,,17.27,19.17,1.110,19.17,1140,33.0,50.7,-17.3,
223,916,,18.41,20.38,1.107,20.38,1215,34.9,52.1,-16.9,
223,917,,19.23,21.32,1.109,21.32,1269,35.1,58.1,-22.7,
223,918,,14.41,17.00,1.180,17.00,951,44.9,15.3,+29.2,
223,919,13.91,14.22,16.16,1.136,15.81,939,33.0,29.9,+3.2,
223,921,,15.90,17.81,1.120,17.81,1049,33.2,39.5,-6.2,
223,922,,16.43,18.48,1.125,18.48,1084,35.1,36.8,-1.8,
223,923,,16.92,19.01,1.124,19.01,1116,36.3,39.5,-3.1,
223,924,,16.89,18.87,1.117,18.87,1115,35.1,40.5,-5.3,
223,925,,16.21,18.09,1.116,18.09,1070,33.0,39.9,-6.9,
223,926,,16.67,18.47,1.109,18.47,1100,33.0,41.7,-8.5,
223,931,,21.67,23.74,1.096,23.74,1430,38.0,64.9,-26.8,
223,932,,21.51,23.53,1.094,23.53,1420,35.9,62.5,-26.6,
223,933,,22.12,24.19,1.094,24.19,1460,36.9,62.6,-25.5,
223,934,,22.21,24.31,1.095,24.31,1466,37.4,62.5,-25.0,
223,935,,23.49,25.48,1.085,25.48,1550,37.2,65.9,-28.5,
223,942,21.31,21.72,24.11,1.110,23.64,1434,41.5,49.5,-7.9,
223,946,,16.70,18.68,1.118,18.68,1102,33.0,50.4,-17.4,
223,GATE,9.89,9.92,9.40,0.948,9.37,655,0.1,41.3,-41.1,
300,1,17.77,17.96,18.31,1.019,18.11,1186,4.0,83.6,-79.6,
300,2,17.97,18.21,18.55,1.019,18.30,1202,4.0,81.2,-77.3,
300,3,19.21,19.14,19.51,1.019,19.58,1263,4.5,81.3,-76.9,
300,4,18.92,19.20,19.48,1.014,19.19,1267,4.5,83.6,-79.1,
300,5,17.90,18.09,18.30,1.012,18.11,1194,4.5,78.8,-74.3,
300,6,19.30,19.49,19.70,1.011,19.51,1286,5.4,74.6,-69.1,
300,7,17.84,18.30,18.68,1.021,18.21,1207,5.6,71.2,-65.6,
300,8,17.97,18.39,18.60,1.012,18.17,1214,4.5,78.8,-74.3,
300,9,17.89,18.28,18.66,1.021,18.26,1206,5.7,71.2,-65.6,
300,10,18.92,19.11,19.46,1.018,19.27,1262,8.2,66.3,-58.2,
300,10-1,19.08,19.27,19.62,1.018,19.42,1272,8.2,66.3,-58.2,
300,11,18.07,18.35,18.51,1.009,18.22,1211,5.7,69.3,-63.6,
300,12,16.92,17.11,17.36,1.014,17.16,1129,5.7,64.0,-58.2,
300,13,15.31,15.51,15.86,1.023,15.67,1023,5.5,60.7,-55.2,
300,14,19.83,20.02,20.34,1.016,20.15,1322,6.4,73.2,-66.9,
300,15,21.79,21.99,22.34,1.016,22.15,1451,4.1,99.0,-94.8,
300,15-1,22.46,23.79,24.21,1.018,22.87,1570,7.3,102.5,-95.2,
300,16,23.64,23.92,24.23,1.013,23.94,1579,5.6,103.0,-97.4,
300,16-1,23.01,23.20,23.43,1.010,23.23,1531,4.1,102.8,-98.7,
300,17,23.25,23.45,24.07,1.027,23.87,1547,8.8,95.6,-86.8,
300,18,11.05,11.29,11.86,1.051,11.61,745,5.2,56.4,-51.2,
300,19,9.96,10.15,11.00,1.084,10.79,670,7.8,55.0,-47.2,
300,20,13.67,13.86,14.16,1.021,13.96,915,3.4,59.4,-56.0,
300,21,12.10,12.29,13.07,1.063,12.86,811,7.8,66.4,-58.6,
300,22,12.69,12.88,13.39,1.039,13.19,850,1.7,77.3,-75.5,
300,24,16.97,17.24,17.51,1.016,17.25,1138,2.0,89.9,-87.9,
300,25,15.91,16.10,16.39,1.018,16.19,1063,1.7,86.9,-85.1,
300,25-1,17.42,17.61,17.89,1.016,17.69,1163,2.0,89.9,-87.9,
300,26,16.52,16.17,16.57,1.024,16.92,1068,2.0,86.5,-84.5,
300,27,13.98,14.17,14.63,1.032,14.43,935,1.7,80.1,-78.3,
300,28,13.35,13.47,14.00,1.039,13.87,889,1.7,78.6,-76.9,
300,29,10.05,10.28,10.69,1.041,10.45,678,6.5,32.5,-26.0,
300,30,11.24,11.44,11.73,1.026,11.53,755,0.2,67.1,-66.9,
300,31,13.25,13.40,13.93,1.040,13.78,884,1.8,78.5,-76.7,
300,32,12.39,12.58,12.82,1.019,12.62,830,0.0,71.8,-71.8,
300,32-1,11.93,12.12,12.36,1.020,12.16,800,0.0,71.9,-71.8,
300,33,11.13,11.32,11.62,1.026,11.42,747,0.2,67.1,-66.9,
300,34,9.23,9.47,9.80,1.035,9.56,625,0.1,60.2,-60.1,
300,35,9.75,10.06,10.45,1.038,10.13,664,1.6,60.7,-59.1,
300,36,8.71,8.90,9.20,1.034,9.00,587,0.0,56.3,-56.2,
300,37,9.65,9.84,10.12,1.029,9.92,649,0.0,61.7,-61.7,
300,38,9.58,9.77,10.05,1.029,9.86,645,0.0,61.7,-61.7,
300,39,7.06,7.26,7.75,1.068,7.55,479,0.0,50.9,-50.9,
300,40,6.69,6.99,7.38,1.056,7.07,461,0.0,44.4,-44.4,
300,43,11.81,12.16,12.50,1.028,12.14,803,1.8,67.6,-65.7,
300,43-1,10.71,10.91,11.30,1.036,11.10,720,1.6,66.3,-64.6,
300,43-2,11.30,11.49,11.89,1.035,11.69,759,1.8,66.3,-64.5,
300,44-1,8.50,8.24,8.60,1.044,8.88,544,0.0,53.8,-53.8,
300,49,24.02,24.21,25.60,1.057,25.40,1598,17.5,89.9,-72.4,
300,50,22.75,22.94,23.72,1.034,23.52,1514,10.1,93.2,-83.2,
300,51,24.15,24.34,25.30,1.039,25.10,1607,12.7,97.8,-85.2,
300,52,24.23,24.43,25.36,1.038,25.16,1612,12.7,93.2,-80.6,
300,52-1,24.92,25.24,26.18,1.037,25.85,1666,13.6,95.5,-82.0,
300,52-2,25.44,25.64,26.58,1.037,26.38,1692,13.7,95.5,-81.8,
300,53,23.64,23.83,25.20,1.057,25.00,1573,17.2,90.0,-72.9,
300,54,22.52,22.80,24.06,1.056,23.78,1505,15.2,89.6,-74.4,
300,55,22.79,22.86,23.61,1.033,23.53,1509,9.5,93.2,-83.7,
300,56,12.12,12.31,12.65,1.028,12.45,812,1.8,67.5,-65.7,
300,57,28.28,28.49,29.92,1.050,29.70,1880,19.8,109.7,-89.9,
300,57-1,27.29,27.49,28.76,1.046,28.56,1814,20.0,100.1,-80.0,
300,58,27.69,27.88,28.57,1.025,28.37,1840,11.5,107.3,-95.8,
300,59,27.45,27.65,29.15,1.055,28.94,1825,19.8,108.2,-88.2,
300,59-1,28.37,28.57,30.10,1.054,29.89,1885,19.8,114.6,-94.6,
300,61,16.63,16.83,17.05,1.013,16.84,1111,4.0,73.4,-69.4,
300,62,16.06,17.88,18.70,1.046,16.79,1180,7.9,90.6,-82.9,
300,64,25.14,25.33,25.13,0.992,24.94,1672,3.4,115.6,-112.2,
300,66,11.43,11.70,12.50,1.069,12.21,772,12.4,27.9,-15.5,
300,71,33.09,33.07,34.11,1.031,34.13,2183,19.2,114.5,-95.3,
300,71-1,31.48,33.07,34.11,1.031,32.46,2183,19.2,114.5,-95.3,
300,73,21.16,21.35,21.61,1.012,21.42,1409,3.0,97.6,-94.7,
300,74,21.28,21.48,22.56,1.050,22.36,1418,13.3,92.0,-78.8,
300,75,11.96,12.15,12.47,1.026,12.28,802,0.0,72.2,-72.2,
300,75-1,13.44,13.64,13.84,1.015,13.64,900,0.5,77.6,-77.0,
300,80,37.44,37.63,39.95,1.062,39.75,2484,40.7,115.3,-74.8,
300,81,31.35,31.53,31.62,1.003,31.44,2081,16.8,99.0,-82.1,
300,82,22.36,22.56,22.96,1.018,22.75,1489,14.8,64.9,-50.0,
300,83,24.37,24.56,25.33,1.031,25.13,1621,11.2,98.0,-86.8,
300,84,22.07,21.90,22.57,1.031,22.75,1445,7.8,92.7,-84.9,
300,85,32.48,32.68,32.89,1.006,32.68,2157,19.0,99.0,-80.0,
300,85-1,38.06,38.56,40.82,1.059,40.29,2545,40.2,115.8,-75.6,
300,86,36.75,37.26,39.49,1.060,38.96,2459,38.3,115.4,-77.0,
300,101,24.42,24.62,24.86,1.010,24.67,1625,4.1,105.9,-101.8,
300,103,21.83,22.02,22.23,1.009,22.03,1454,2.9,99.7,-96.8,
300,105-2,5.69,6.08,6.17,1.016,5.78,401,0.4,31.0,-30.3,
300,129,14.27,14.52,14.95,1.030,14.69,958,1.8,80.6,-78.8,
300,132,7.11,7.42,7.59,1.023,7.27,489,1.7,28.0,-26.3,
300,135,6.45,6.71,7.25,1.081,6.97,443,0.0,51.1,-50.7,
300,140,26.04,26.10,26.39,1.011,26.33,1722,16.7,74.8,-58.1,
300,140-1,26.04,26.10,26.39,1.011,26.33,1722,16.7,74.8,-58.1,
300,140-2,26.04,26.10,26.39,1.011,26.33,1722,16.7,74.8,-58.1,
300,142,11.17,11.60,11.88,1.024,11.44,765,6.5,35.9,-29.3,
300,143,13.32,13.52,14.14,1.046,13.93,892,7.0,57.2,-50.1,
300,152-1,30.84,30.80,31.44,1.021,31.49,2033,13.7,113.5,-99.8,
300,153,30.24,30.46,31.10,1.021,30.88,2011,13.5,111.6,-98.1,
300,200,13.95,14.15,14.39,1.017,14.19,934,0.5,78.3,-77.8,
300,201,13.87,14.32,14.52,1.015,14.07,945,0.5,79.7,-79.2,
300,203,15.92,16.11,16.13,1.001,15.94,1063,0.5,87.3,-86.8,
300,207,25.53,26.01,26.96,1.036,26.46,1717,13.7,95.5,-81.8,
300,220,25.31,25.57,26.83,1.049,26.55,1688,18.8,96.5,-77.6,
300,221,27.08,27.79,29.20,1.051,28.45,1834,21.5,98.3,-76.8,
300,222,26.06,26.25,27.59,1.051,27.39,1733,20.1,98.3,-78.2,
300,223,28.84,29.33,29.85,1.018,29.35,1936,21.5,92.0,-70.6,
300,301,1.55,1.27,1.38,1.092,1.70,84,0.6,4.9,-4.3,
300,302,4.26,4.46,6.14,1.375,5.86,294,25.5,0.0,+25.4,
300,500,17.40,17.59,17.41,0.990,17.22,1161,0.5,91.9,-91.4,
300,900,,21.37,22.16,1.037,22.16,1411,11.8,64.2,-52.5,
300,901,,22.34,23.00,1.030,23.00,1474,11.6,68.6,-56.8,
300,902,,20.46,21.20,1.036,21.20,1350,11.1,63.8,-52.7,
300,903,,19.33,20.16,1.043,20.16,1276,11.1,59.5,-48.4,
300,904,,19.00,19.87,1.046,19.87,1254,11.1,58.8,-47.7,
300,905,,19.65,20.42,1.039,20.42,1297,11.2,61.2,-50.1,
300,906,,21.90,22.58,1.031,22.58,1446,11.1,65.6,-54.6,
300,915,,26.75,27.09,1.013,27.09,1766,11.5,99.8,-87.9,
300,916,,27.89,28.30,1.015,28.30,1841,13.4,101.1,-87.5,
300,917,,28.71,29.25,1.019,29.25,1895,13.5,107.1,-93.4,
300,918,,19.89,21.30,1.070,21.30,1313,17.8,58.7,-41.5,
300,919,23.52,23.70,24.09,1.016,23.90,1564,11.5,78.9,-67.5,
300,921,,25.38,25.73,1.014,25.73,1675,11.6,88.5,-76.9,
300,922,,25.91,26.41,1.019,26.41,1710,13.5,85.9,-72.5,
300,923,,26.40,26.93,1.020,26.93,1742,14.8,88.6,-73.7,
300,924,,26.37,26.79,1.016,26.79,1740,13.6,89.5,-76.0,
300,925,,25.69,26.01,1.012,26.01,1696,11.5,89.0,-77.5,
300,926,,26.15,26.40,1.010,26.40,1726,11.5,90.7,-79.1,
300,931,,31.15,31.67,1.016,31.67,2056,16.4,113.9,-97.5,
300,932,,30.99,31.46,1.015,31.46,2046,14.4,111.5,-97.3,
300,933,,31.60,32.12,1.016,32.12,2086,15.3,111.6,-96.2,
300,934,,31.69,32.24,1.017,32.24,2091,15.9,111.6,-95.6,
300,935,,32.97,33.41,1.013,33.41,2176,15.6,114.9,-99.2,
300,942,30.11,30.29,34.36,1.135,34.16,1999,40.0,114.8,-74.8,
300,946,,26.19,26.61,1.016,26.61,1728,11.5,99.4,-88.0,
300,GATE,29.14,29.32,28.94,0.987,28.76,1935,4.0,120.2,-116.2,
301,1,18.84,18.79,19.13,1.018,19.18,1240,3.9,88.2,-84.3,
301,2,19.03,19.04,19.38,1.018,19.37,1257,4.0,85.9,-82.0,
301,3,20.28,19.97,20.33,1.018,20.65,1318,4.5,86.0,-81.6,
301,4,19.98,20.03,20.30,1.013,20.25,1322,4.5,88.2,-83.8,
301,5,18.97,18.92,19.13,1.011,19.17,1249,4.5,83.5,-79.0,
301,6,20.36,20.32,20.52,1.010,20.57,1341,5.4,79.2,-73.8,
301,7,18.91,19.13,19.50,1.020,19.28,1262,5.6,75.9,-70.2,
301,8,19.03,19.22,19.42,1.011,19.24,1268,4.5,83.5,-79.0,
301,9,18.95,19.11,19.48,1.020,19.32,1261,5.6,75.9,-70.2,
301,10,19.99,19.94,20.29,1.017,20.33,1316,8.2,71.0,-62.8,
301,10-1,20.14,20.10,20.44,1.017,20.49,1327,8.2,71.0,-62.8,
301,11,19.13,19.18,19.33,1.008,19.29,1266,5.7,74.0,-68.2,
301,12,17.99,17.94,18.18,1.013,18.23,1184,5.7,68.6,-62.9,
301,13,16.38,16.34,16.69,1.021,16.73,1078,5.5,65.4,-59.9,
301,14,20.90,20.85,21.17,1.015,21.21,1376,6.3,77.9,-71.6,
301,15,22.86,22.82,23.17,1.015,23.21,1506,4.1,103.6,-99.5,
301,15-1,23.53,24.62,25.04,1.017,23.94,1625,7.3,107.2,-99.9,
301,16,24.70,24.75,25.06,1.012,25.01,1634,5.6,107.6,-102.1,
301,16-1,24.08,24.03,24.25,1.009,24.29,1586,4.1,107.5,-103.4,
301,17,24.32,24.28,24.89,1.025,24.94,1602,8.8,100.3,-91.5,
301,18,12.11,12.12,12.68,1.047,12.68,800,5.2,61.0,-55.8,
301,19,11.02,10.98,11.83,1.077,11.87,725,7.8,59.7,-51.8,
301,20,14.73,14.69,14.98,1.020,15.02,969,3.4,64.0,-60.7,
301,21,13.17,13.12,13.89,1.058,13.94,866,7.8,71.1,-63.3,
301,22,13.76,13.71,14.21,1.036,14.26,905,1.7,82.0,-80.2,
301,24,18.04,18.07,18.34,1.015,18.31,1192,2.0,94.6,-92.6,
301,25,16.98,16.93,17.21,1.017,17.26,1118,1.7,91.5,-89.8,
301,25-1,18.49,18.45,18.72,1.015,18.76,1217,2.0,94.6,-92.6,
301,26,17.58,17.01,17.39,1.023,17.98,1122,2.0,91.2,-89.2,
301,27,15.04,15.00,15.45,1.030,15.50,990,1.7,84.7,-83.0,
301,28,14.41,14.31,14.83,1.036,14.94,944,1.7,83.3,-81.6,
301,29,11.11,11.11,11.49,1.035,11.50,733,6.5,36.5,-30.0,
301,30,12.31,12.27,12.55,1.023,12.60,810,0.2,71.7,-71.6,
301,31,14.32,14.23,14.76,1.037,14.85,939,1.8,83.2,-81.4,
301,32,13.45,13.41,13.64,1.017,13.69,885,0.0,76.5,-76.5,
301,32-1,12.99,12.95,13.18,1.018,13.23,855,0.0,76.5,-76.5,
301,33,12.20,12.15,12.44,1.024,12.48,802,0.2,71.7,-71.6,
301,34,10.30,10.30,10.62,1.032,10.63,680,0.1,64.8,-64.8,
301,35,10.82,10.89,11.27,1.035,11.20,719,1.6,65.4,-63.8,
301,36,9.77,9.73,10.03,1.030,10.07,642,0.0,61.0,-60.9,
301,37,10.71,10.67,10.94,1.026,10.99,704,0.0,66.4,-66.3,
301,38,10.65,10.60,10.88,1.026,10.92,700,0.0,66.4,-66.3,
301,39,8.13,8.09,8.58,1.060,8.62,534,0.0,55.6,-55.5,
301,40,7.76,7.82,8.20,1.049,8.14,516,0.0,49.1,-49.1,
301,43,12.87,12.99,13.32,1.025,13.20,858,1.8,72.3,-70.4,
301,43-1,11.78,11.74,12.12,1.033,12.16,775,1.6,70.9,-69.3,
301,43-2,12.37,12.32,12.72,1.032,12.76,813,1.8,71.0,-69.2,
301,44-1,9.57,9.07,9.43,1.039,9.95,599,0.0,58.5,-58.5,
301,49,25.08,25.04,26.43,1.055,26.47,1653,17.5,94.6,-77.1,
301,50,23.81,23.77,24.55,1.033,24.59,1569,10.1,97.9,-87.9,
301,51,25.22,25.17,26.12,1.038,26.17,1661,12.7,102.5,-89.9,
301,52,25.30,25.26,26.18,1.037,26.23,1667,12.7,97.9,-85.2,
301,52-1,25.99,26.07,27.01,1.036,26.92,1721,13.6,100.2,-86.6,
301,52-2,26.51,26.47,27.41,1.036,27.45,1747,13.7,100.2,-86.5,
301,53,24.71,24.66,26.02,1.055,26.07,1628,17.2,94.7,-77.5,
301,54,23.59,23.63,24.89,1.053,24.85,1559,15.2,94.2,-79.1,
301,55,23.85,23.70,24.44,1.031,24.60,1564,9.5,97.9,-88.4,
301,56,13.18,13.14,13.47,1.025,13.52,867,1.8,72.2,-70.4,
301,57,29.35,29.32,30.75,1.049,30.77,1935,19.8,114.4,-94.5,
301,57-1,28.36,28.32,29.58,1.045,29.63,1869,20.0,104.7,-84.7,
301,58,28.76,28.71,29.40,1.024,29.44,1895,11.5,112.0,-100.5,
301,59,28.51,28.48,29.98,1.053,30.02,1880,19.8,112.9,-92.9,
301,59-1,29.44,29.40,30.92,1.052,30.97,1940,19.8,119.3,-99.3,
301,61,17.69,17.66,17.87,1.012,17.90,1166,4.0,78.1,-74.1,
301,62,17.12,18.72,19.52,1.043,17.86,1235,7.9,95.3,-87.6,
301,64,26.21,26.16,25.96,0.992,26.00,1727,3.4,120.3,-116.9,
301,66,12.50,12.53,13.30,1.062,13.27,827,12.4,31.9,-19.5,
301,71,34.16,33.90,34.93,1.030,35.19,2238,19.3,119.2,-99.9,
301,71-1,32.54,33.90,34.93,1.030,33.53,2238,19.3,119.2,-99.9,
301,73,22.23,22.18,22.44,1.011,22.48,1464,3.0,102.3,-99.3,
301,74,22.35,22.31,23.38,1.048,23.43,1472,13.4,96.7,-83.5,
301,75,13.03,12.98,13.30,1.024,13.34,857,0.0,76.9,-76.8,
301,75-1,14.51,14.47,14.67,1.014,14.71,955,0.5,82.2,-81.7,
301,80,38.51,38.46,40.77,1.060,40.82,2539,40.7,120.0,-79.5,
301,81,32.42,32.36,32.42,1.002,32.48,2136,16.8,102.9,-86.1,
301,82,23.43,23.39,23.76,1.016,23.79,1544,14.8,68.9,-54.0,
301,83,25.44,25.39,26.15,1.030,26.20,1676,11.2,102.7,-91.5,
301,84,23.14,22.73,23.40,1.029,23.82,1500,7.8,97.4,-89.6,
301,85,33.55,33.51,33.69,1.005,33.72,2212,19.0,102.9,-83.9,
301,85-1,39.12,39.39,41.65,1.057,41.37,2600,40.2,120.5,-80.3,
301,86,37.82,38.09,40.32,1.059,40.03,2514,38.4,120.1,-81.7,
301,101,25.49,25.45,25.69,1.009,25.73,1680,4.1,110.6,-106.5,
301,103,22.90,22.85,23.05,1.009,23.09,1508,2.9,104.4,-101.5,
301,105-2,6.75,6.91,6.97,1.010,6.82,456,0.4,35.0,-34.3,
301,129,15.34,15.35,15.78,1.028,15.76,1013,1.8,85.3,-83.5,
301,132,8.17,8.25,8.39,1.017,8.31,544,1.7,32.0,-30.3,
301,135,7.52,7.54,8.07,1.071,8.05,497,0.0,55.7,-55.4,
301,140,27.10,26.93,27.19,1.010,27.36,1777,16.7,78.7,-62.1,
301,140-1,27.10,26.93,27.19,1.010,27.36,1777,16.7,78.7,-62.1,
301,140-2,27.10,26.93,27.19,1.010,27.36,1777,16.7,78.7,-62.1,
301,142,12.24,12.43,12.68,1.020,12.48,820,6.5,39.9,-33.3,
301,143,14.39,14.35,14.96,1.043,15.00,947,7.0,61.9,-54.8,
301,152-1,31.91,31.63,32.27,1.020,32.55,2088,13.7,118.2,-104.5,
301,153,31.31,31.29,31.93,1.020,31.94,2065,13.5,116.2,-102.8,
301,200,15.02,14.98,15.21,1.016,15.26,989,0.5,83.0,-82.5,
301,201,14.94,15.15,15.35,1.013,15.14,1000,0.5,84.4,-83.9,
301,203,16.98,16.94,16.96,1.001,17.00,1118,0.5,92.0,-91.5,
301,207,26.60,26.84,27.78,1.035,27.53,1772,13.7,100.2,-86.5,
301,220,26.38,26.40,27.65,1.047,27.62,1742,18.8,101.1,-82.3,
301,221,28.14,28.62,30.02,1.049,29.52,1889,21.5,102.9,-81.4,
301,222,27.13,27.08,28.41,1.049,28.46,1788,20.1,103.0,-82.9,
301,223,29.91,30.16,30.65,1.016,30.39,1990,21.5,96.0,-74.6,
301,300,1.55,1.27,1.58,1.249,1.94,84,4.9,0.6,+4.3,
301,302,0.40,0.45,0.46,1.020,0.40,30,0.2,0.0,+0.2,
301,500,18.46,18.42,18.24,0.990,18.28,1216,0.5,96.6,-96.1,
301,900,,22.20,22.96,1.034,22.96,1465,11.8,68.2,-56.5,
301,901,,23.17,23.80,1.027,23.80,1529,11.6,72.6,-60.8,
301,902,,21.29,22.00,1.033,22.00,1405,11.1,67.8,-56.7,
301,903,,20.16,20.96,1.040,20.96,1330,11.1,63.5,-52.4,
301,904,,19.83,20.67,1.042,20.67,1309,11.1,62.7,-51.7,
301,905,,20.48,21.22,1.036,21.22,1352,11.2,65.2,-54.1,
301,906,,22.73,23.38,1.029,23.38,1500,11.1,69.6,-58.6,
301,915,,27.58,27.89,1.011,27.89,1820,11.5,103.8,-91.9,
301,916,,28.72,29.10,1.013,29.10,1896,13.4,105.1,-91.5,
301,917,,29.54,30.05,1.017,30.05,1950,13.5,111.1,-97.4,
301,918,,20.72,22.09,1.066,22.09,1368,17.8,62.7,-45.4,
301,919,24.59,24.53,24.88,1.014,24.94,1619,11.5,82.9,-71.5,
301,921,,26.21,26.53,1.012,26.53,1730,11.6,92.5,-80.9,
301,922,,26.74,27.21,1.018,27.21,1765,13.5,89.9,-76.5,
301,923,,27.23,27.73,1.018,27.73,1797,14.8,92.5,-77.7,
301,924,,27.20,27.59,1.014,27.59,1795,13.6,93.5,-79.9,
301,925,,26.52,26.81,1.011,26.81,1750,11.5,93.0,-81.5,
301,926,,26.98,27.20,1.008,27.20,1781,11.5,94.7,-83.1,
301,931,,31.98,32.46,1.015,32.46,2111,16.4,117.9,-101.5,
301,932,,31.82,32.26,1.014,32.26,2100,14.4,115.5,-101.3,
301,933,,32.43,32.92,1.015,32.92,2141,15.3,115.6,-100.2,
301,934,,32.52,33.04,1.016,33.04,2146,15.9,115.6,-99.6,
301,935,,33.80,34.21,1.012,34.21,2231,15.6,118.9,-103.2,
301,942,31.18,31.12,35.16,1.130,35.23,2054,40.0,118.8,-78.8,
301,946,,27.02,27.40,1.014,27.40,1783,11.5,103.4,-92.0,
301,GATE,30.21,30.15,29.77,0.987,29.82,1990,4.0,124.9,-120.9,
302,1,21.40,21.60,22.04,1.021,21.84,1425,4.0,109.9,-105.8,
302,2,21.59,21.84,22.29,1.020,22.03,1442,4.0,107.6,-103.5,
302,3,22.84,22.77,23.24,1.021,23.31,1503,4.5,107.7,-103.1,
302,4,22.54,22.83,23.21,1.016,22.91,1507,4.5,109.9,-105.3,
302,5,21.52,21.73,22.04,1.014,21.83,1434,4.5,105.2,-100.6,
302,6,22.92,23.12,23.43,1.013,23.23,1526,5.4,100.9,-95.3,
302,7,21.47,21.93,22.41,1.022,21.94,1447,5.6,97.6,-91.8,
302,8,21.59,22.02,22.34,1.014,21.90,1453,4.5,105.2,-100.6,
302,9,21.51,21.91,22.39,1.022,21.98,1446,5.7,97.6,-91.8,
302,10,22.55,22.75,23.20,1.020,22.99,1501,8.2,92.7,-84.4,
302,10-1,22.70,22.90,23.35,1.020,23.15,1512,8.2,92.7,-84.4,
302,11,21.69,21.99,22.24,1.012,21.95,1451,5.7,95.6,-89.8,
302,12,20.55,20.75,21.09,1.017,20.89,1369,5.7,90.3,-84.5,
302,13,18.94,19.14,19.60,1.024,19.39,1263,5.5,87.1,-81.4,
302,14,23.46,23.66,24.08,1.018,23.87,1561,6.3,99.6,-93.1,
302,15,25.42,25.62,26.08,1.018,25.87,1691,4.1,125.3,-121.1,
302,15-1,26.09,27.42,27.95,1.019,26.59,1810,7.3,128.8,-121.4,
302,16,27.26,27.56,27.97,1.015,27.67,1819,5.6,129.3,-123.7,
302,16-1,26.64,26.84,27.16,1.012,26.96,1771,4.1,129.2,-124.9,
302,17,26.88,27.08,27.80,1.027,27.60,1787,8.8,121.9,-113.0,
302,18,14.67,14.92,15.59,1.045,15.33,985,5.2,82.7,-77.4,
302,19,13.58,13.78,14.74,1.069,14.52,910,7.8,81.3,-73.4,
302,20,17.29,17.49,17.89,1.023,17.68,1155,3.4,85.7,-82.2,
302,21,15.73,15.93,16.80,1.055,16.59,1051,7.8,92.8,-84.8,
302,22,16.32,16.52,17.12,1.037,16.92,1090,1.7,103.6,-101.8,
302,24,20.60,20.87,21.25,1.018,20.97,1378,2.0,116.3,-114.1,
302,25,19.54,19.74,20.13,1.020,19.92,1303,1.7,113.2,-111.3,
302,25-1,21.05,21.25,21.63,1.018,21.42,1402,2.0,116.3,-114.1,
302,26,20.14,19.81,20.30,1.025,20.65,1307,2.0,112.9,-110.7,
302,27,17.60,17.81,18.36,1.031,18.15,1175,1.7,106.4,-104.5,
302,28,16.97,17.11,17.74,1.037,17.59,1129,1.7,105.0,-103.1,
302,29,13.66,13.91,14.40,1.036,14.14,918,6.5,58.2,-51.5,
302,30,14.87,15.07,15.46,1.026,15.26,995,0.2,93.4,-93.1,
302,31,16.88,17.03,17.67,1.037,17.51,1124,1.8,104.8,-103.0,
302,32,16.01,16.21,16.55,1.021,16.35,1070,0.0,98.2,-98.0,
302,32-1,15.55,15.75,16.09,1.021,15.89,1040,0.0,98.2,-98.0,
302,33,14.76,14.96,15.35,1.026,15.14,987,0.2,93.4,-93.1,
302,34,12.86,13.10,13.53,1.033,13.28,865,0.1,86.5,-86.3,
302,35,13.38,13.69,14.18,1.035,13.85,904,1.6,87.1,-85.3,
302,36,12.33,12.54,12.94,1.032,12.72,827,0.0,82.6,-82.4,
302,37,13.27,13.47,13.86,1.028,13.65,889,0.0,88.0,-87.9,
302,38,13.21,13.41,13.79,1.029,13.58,885,0.0,88.0,-87.9,
302,39,10.69,10.89,11.49,1.055,11.27,719,0.0,77.2,-77.1,
302,40,10.32,10.62,11.11,1.046,10.79,701,0.0,70.8,-70.6,
302,43,15.43,15.80,16.23,1.028,15.86,1043,1.8,93.9,-91.9,
302,43-1,14.34,14.54,15.03,1.034,14.82,960,1.6,92.6,-90.9,
302,43-2,14.93,15.13,15.63,1.033,15.42,998,1.8,92.7,-90.8,
302,44-1,12.13,11.87,12.34,1.039,12.60,784,0.0,80.2,-80.0,
302,49,27.64,27.85,29.34,1.053,29.12,1838,17.5,116.2,-98.6,
302,50,26.37,26.58,27.46,1.033,27.25,1754,10.1,119.6,-109.4,
302,51,27.78,27.98,29.03,1.038,28.83,1847,12.7,124.1,-111.4,
302,52,27.86,28.06,29.09,1.037,28.89,1852,12.7,119.6,-106.8,
302,52-1,28.55,28.88,29.92,1.036,29.57,1906,13.6,121.9,-108.2,
302,52-2,29.07,29.27,30.32,1.036,30.11,1932,13.7,121.9,-108.0,
302,53,27.27,27.47,28.93,1.053,28.72,1813,17.2,116.4,-99.1,
302,54,26.15,26.43,27.80,1.052,27.50,1744,15.2,115.9,-100.7,
302,55,26.41,26.50,27.35,1.032,27.26,1749,9.5,119.6,-109.9,
302,56,15.74,15.94,16.38,1.028,16.18,1052,1.8,93.9,-91.9,
302,57,31.90,32.12,33.66,1.048,33.43,2120,19.8,136.0,-116.1,
302,57-1,30.92,31.12,32.49,1.044,32.28,2054,20.0,126.4,-106.2,
302,58,31.32,31.52,32.31,1.025,32.10,2080,11.5,133.6,-122.0,
302,59,31.07,31.28,32.89,1.051,32.67,2065,19.8,134.6,-114.4,
302,59-1,32.00,32.20,33.83,1.051,33.62,2125,19.8,141.0,-120.8,
302,61,20.25,20.46,20.78,1.015,20.57,1351,4.0,99.7,-95.7,
302,62,19.68,21.52,22.43,1.043,20.52,1420,7.9,116.9,-109.1,
302,64,28.77,28.97,28.87,0.997,28.67,1912,3.4,142.0,-138.4,
302,66,15.04,15.33,16.21,1.057,15.90,1012,12.4,53.6,-41.1,
302,71,36.72,36.71,37.84,1.031,37.85,2423,19.2,140.9,-121.5,
302,71-1,35.10,36.71,37.84,1.031,36.19,2423,19.2,140.9,-121.5,
302,73,24.79,24.99,25.35,1.014,25.14,1649,3.0,124.0,-120.9,
302,74,24.91,25.11,26.29,1.047,26.08,1657,13.3,118.4,-105.1,
302,75,15.59,15.79,16.21,1.027,16.00,1042,0.0,98.5,-98.4,
302,75-1,17.07,17.27,17.58,1.018,17.37,1140,0.5,103.9,-103.3,
302,80,41.07,41.27,43.68,1.059,43.47,2724,40.7,141.7,-101.0,
302,81,34.97,35.17,35.33,1.005,35.13,2321,16.8,124.6,-107.7,
302,82,25.97,26.20,26.67,1.018,26.44,1729,14.8,90.5,-75.6,
302,83,28.00,28.19,29.06,1.031,28.86,1861,11.2,124.4,-113.0,
302,84,25.70,25.53,26.31,1.030,26.48,1685,7.8,119.0,-111.2,
302,85,36.09,36.32,36.60,1.008,36.37,2397,19.0,124.6,-105.5,
302,85-1,41.68,42.19,44.55,1.056,44.02,2785,40.2,142.1,-101.8,
302,86,40.38,40.89,43.23,1.057,42.68,2699,38.3,141.7,-103.2,
302,101,28.05,28.25,28.59,1.012,28.39,1865,4.1,132.3,-128.0,
302,103,25.46,25.66,25.96,1.012,25.76,1693,2.9,126.0,-123.0,
302,105-2,9.30,9.71,9.88,1.018,9.47,641,0.4,56.7,-55.9,
302,129,17.90,18.16,18.69,1.029,18.42,1198,1.8,106.9,-105.0,
302,132,10.72,11.05,11.30,1.022,10.96,729,1.7,53.7,-51.9,
302,135,10.08,10.34,10.98,1.062,10.70,683,0.0,77.4,-77.0,
302,140,29.65,29.73,30.10,1.012,30.01,1962,16.7,100.4,-83.6,
302,140-1,29.65,29.73,30.10,1.012,30.01,1962,16.7,100.4,-83.6,
302,140-2,29.65,29.73,30.10,1.012,30.01,1962,16.7,100.4,-83.6,
302,142,14.78,15.23,15.58,1.023,15.13,1005,6.5,61.5,-54.9,
302,143,16.95,17.15,17.87,1.042,17.66,1132,7.0,83.5,-76.3,
302,152-1,34.47,34.43,35.18,1.022,35.21,2273,13.7,139.9,-126.1,
302,153,33.87,34.10,34.84,1.022,34.60,2251,13.5,137.9,-124.3,
302,200,17.58,17.78,18.12,1.019,17.92,1174,0.5,104.7,-104.0,
302,201,17.50,17.95,18.26,1.017,17.80,1185,0.5,106.1,-105.5,
302,203,19.54,19.74,19.87,1.006,19.66,1303,0.5,113.7,-113.0,
302,207,29.16,29.65,30.69,1.035,30.19,1957,13.7,121.9,-108.0,
302,220,28.94,29.20,30.56,1.046,30.28,1928,18.8,122.8,-103.8,
302,221,30.69,31.42,32.93,1.048,32.16,2074,21.5,124.6,-103.0,
302,222,29.69,29.89,31.32,1.048,31.11,1973,20.1,124.7,-104.4,
302,223,32.45,32.96,33.55,1.018,33.04,2175,21.5,117.7,-96.2,
302,300,4.26,4.46,4.53,1.016,4.33,294,0.0,25.5,-25.4,
302,301,0.40,0.45,0.44,0.980,0.39,30,0.0,0.2,-0.2,
302,500,21.02,21.23,21.15,0.996,20.94,1401,0.5,118.3,-117.7,
302,900,,25.01,25.87,1.035,25.87,1650,11.8,89.9,-78.0,
302,901,,25.97,26.71,1.028,26.71,1714,11.6,94.2,-82.4,
302,902,,24.09,24.91,1.034,24.91,1590,11.1,89.5,-78.3,
302,903,,22.96,23.87,1.040,23.87,1515,11.1,85.1,-74.0,
302,904,,22.64,23.58,1.042,23.58,1494,11.1,84.4,-73.2,
302,905,,23.28,24.13,1.036,24.13,1537,11.2,86.9,-75.6,
302,906,,25.54,26.29,1.030,26.29,1685,11.1,91.3,-80.1,
302,915,,30.39,30.80,1.014,30.80,2005,11.5,125.4,-113.5,
302,916,,31.53,32.01,1.015,32.01,2081,13.4,126.8,-113.1,
302,917,,32.34,32.96,1.019,32.96,2135,13.5,132.8,-118.9,
302,918,,23.53,25.00,1.063,25.00,1553,17.8,84.4,-67.0,
302,919,27.14,27.34,27.79,1.017,27.59,1804,11.5,104.6,-93.0,
302,921,,29.01,29.44,1.015,29.44,1915,11.6,114.2,-102.4,
302,922,,29.54,30.12,1.019,30.12,1950,13.5,111.5,-98.0,
302,923,,30.03,30.64,1.020,30.64,1982,14.8,114.2,-99.2,
302,924,,30.00,30.50,1.017,30.50,1980,13.6,115.2,-101.5,
302,925,,29.33,29.72,1.013,29.72,1935,11.5,114.6,-103.1,
302,926,,29.78,30.11,1.011,30.11,1966,11.5,116.3,-104.7,
302,931,,34.78,35.37,1.017,35.37,2296,16.4,139.6,-123.0,
302,932,,34.63,35.17,1.016,35.17,2285,14.4,137.2,-122.8,
302,933,,35.24,35.83,1.017,35.83,2326,15.3,137.2,-121.7,
302,934,,35.32,35.95,1.018,35.95,2331,15.9,137.2,-121.2,
302,935,,36.60,37.12,1.014,37.12,2416,15.6,140.6,-124.7,
302,942,33.72,33.92,38.07,1.122,37.85,2239,40.0,140.5,-100.4,
302,946,,29.82,30.31,1.017,30.31,1968,11.5,125.1,-113.5,
302,GATE,32.77,32.96,32.68,0.992,32.49,2175,4.0,146.5,-142.5,
500,1,7.56,7.88,8.41,1.067,8.06,520,13.3,8.2,+5.1,
500,2,8.64,8.90,9.64,1.083,9.36,587,18.1,10.1,+8.0,
500,3,10.28,10.33,11.45,1.108,11.39,682,23.9,10.7,+13.3,
500,4,9.89,9.99,11.08,1.110,10.98,659,23.8,10.9,+13.0,
500,5,10.31,10.37,11.54,1.113,11.48,684,23.9,8.9,+15.0,
500,6,11.55,11.60,13.02,1.122,12.96,766,28.5,10.1,+18.2,
500,7,11.04,11.12,12.79,1.150,12.70,734,31.6,8.8,+22.5,
500,8,10.63,10.86,12.30,1.133,12.04,717,28.1,8.8,+19.3,
500,9,11.55,11.56,13.25,1.146,13.24,763,27.7,1.8,+25.9,
500,10,13.05,13.38,15.44,1.154,15.06,883,38.3,10.1,+28.0,
500,10-1,13.85,13.92,16.18,1.162,16.10,919,41.3,10.1,+31.1,
500,11,12.28,12.36,14.41,1.166,14.31,816,33.8,6.0,+27.9,
500,12,11.67,11.73,13.84,1.180,13.78,774,33.8,4.2,+29.6,
500,13,9.78,9.78,11.96,1.222,11.95,646,33.7,2.9,+30.8,
500,14,12.02,12.10,13.81,1.141,13.72,799,32.9,10.1,+22.6,
500,15,9.74,9.79,9.87,1.008,9.81,646,13.0,17.2,-4.1,
500,15-1,9.32,9.65,9.80,1.016,9.46,637,14.3,17.2,-2.8,
500,16,9.26,9.48,9.24,0.975,9.03,626,7.9,17.2,-9.3,
500,16-1,8.57,8.38,8.46,1.009,8.65,553,8.8,18.1,-9.3,
500,17,10.57,10.63,10.85,1.021,10.79,701,15.5,17.2,-1.7,
500,18,9.42,9.63,12.03,1.249,11.77,635,37.9,0.2,+37.7,
500,19,9.79,9.79,12.30,1.257,12.30,646,39.5,0.1,+39.3,
500,20,8.05,8.05,9.96,1.237,9.95,531,29.3,1.1,+28.2,
500,21,8.42,8.58,10.56,1.231,10.36,566,31.9,1.1,+30.8,
500,22,5.48,5.48,6.25,1.141,6.25,362,13.7,0.5,+13.2,
500,24,4.38,4.21,4.42,1.051,4.60,278,4.7,1.1,+3.6,
500,25,2.92,2.96,3.20,1.083,3.16,195,4.7,0.5,+4.2,
500,25-1,4.76,3.98,4.19,1.054,5.01,263,4.6,1.1,+3.6,
500,26,4.85,4.22,4.43,1.051,5.10,278,4.6,1.1,+3.6,
500,27,3.27,3.28,3.52,1.075,3.52,216,4.7,0.5,+4.2,
500,28,4.60,4.61,5.36,1.162,5.34,305,12.8,0.0,+12.7,
500,29,12.79,12.93,17.19,1.329,17.00,853,65.0,0.0,+65.0,
500,30,6.45,6.45,7.64,1.186,7.64,425,20.1,0.0,+20.1,
500,31,5.08,4.99,5.85,1.172,5.95,329,14.6,0.0,+14.6,
500,32,5.50,5.50,6.57,1.195,6.57,363,18.1,0.0,+18.1,
500,32-1,5.43,5.44,6.51,1.197,6.50,359,18.1,0.0,+18.1,
500,33,6.25,6.40,7.57,1.183,7.40,422,19.6,0.0,+19.6,
500,34,7.89,7.89,9.36,1.186,9.36,521,24.5,0.0,+24.5,
500,35,8.46,8.46,10.69,1.263,10.69,559,35.1,0.0,+35.0,
500,36,8.70,8.75,10.53,1.204,10.47,577,29.6,0.4,+29.2,
500,37,6.98,8.43,9.90,1.174,8.20,556,24.5,0.0,+24.5,
500,38,7.66,7.68,9.46,1.232,9.44,507,28.8,0.7,+28.1,
500,39,10.59,10.67,12.95,1.213,12.84,704,37.5,0.0,+37.4,
500,40,10.43,10.43,12.66,1.213,12.66,689,36.6,0.0,+36.6,
500,43,7.20,7.36,8.99,1.221,8.79,486,26.2,0.6,+25.7,
500,43-1,6.88,6.89,8.07,1.171,8.05,454,19.6,0.1,+19.6,
500,43-2,6.51,6.66,8.28,1.244,8.10,439,25.3,0.0,+25.1,
500,44-1,9.52,9.57,11.70,1.222,11.64,632,34.4,2.0,+32.5,
500,49,13.11,13.17,14.93,1.134,14.87,869,33.9,13.9,+20.0,
500,50,11.10,11.15,11.97,1.074,11.92,736,20.6,11.3,+9.2,
500,51,12.50,12.55,13.55,1.079,13.49,829,23.2,15.9,+7.2,
500,52,12.59,12.64,13.61,1.077,13.55,834,23.2,11.3,+11.8,
500,52-1,13.27,13.45,14.43,1.073,14.24,888,24.1,13.6,+10.4,
500,52-2,13.79,13.85,14.83,1.071,14.78,914,24.2,13.6,+10.6,
500,53,12.69,12.79,14.53,1.136,14.41,844,33.5,14.0,+19.5,
500,54,11.62,11.75,13.39,1.140,13.24,776,31.5,13.5,+17.9,
500,55,11.32,11.07,11.86,1.071,12.13,731,20.0,11.3,+8.6,
500,56,6.51,6.42,7.39,1.150,7.49,424,16.5,0.0,+16.5,
500,57,16.63,16.70,18.17,1.088,18.09,1102,30.3,27.8,+2.5,
500,57-1,15.64,15.70,17.01,1.084,16.95,1036,30.5,18.2,+12.3,
500,58,13.44,13.50,13.69,1.014,13.63,891,17.6,23.5,-5.8,
500,59,15.80,15.86,17.40,1.097,17.34,1047,30.3,26.3,+4.2,
500,59-1,16.72,16.78,18.34,1.093,18.29,1107,30.3,32.8,-2.2,
500,61,9.75,9.80,11.21,1.143,11.15,647,27.2,8.5,+18.8,
500,62,7.26,7.31,8.14,1.113,8.08,483,17.8,8.2,+9.5,
500,64,8.34,8.39,7.57,0.902,7.52,554,0.6,20.5,-19.8,
500,66,17.95,18.04,23.34,1.293,23.22,1191,82.8,6.2,+76.6,
500,71,18.54,18.39,18.84,1.025,19.00,1214,23.2,26.1,-2.9,
500,71-1,16.93,18.39,18.84,1.025,17.35,1214,23.2,26.1,-2.9,
500,73,6.13,6.19,6.35,1.027,6.30,408,8.8,11.1,-2.3,
500,74,9.63,9.69,10.81,1.116,10.75,639,23.8,10.1,+13.5,
500,75,5.45,5.49,6.45,1.175,6.40,362,16.3,0.0,+16.3,
500,75-1,5.29,5.39,6.06,1.124,5.95,356,13.1,3.4,+9.7,
500,80,21.69,21.74,23.38,1.075,23.32,1435,45.2,27.5,+17.6,
500,81,19.95,20.00,21.09,1.055,21.04,1320,33.6,22.7,+10.9,
500,82,11.84,11.89,14.47,1.217,14.41,785,41.5,12.1,+29.3,
500,83,12.72,10.40,10.35,0.995,12.66,686,11.0,17.2,-6.1,
500,84,10.42,10.11,10.82,1.071,11.16,667,18.3,10.8,+7.4,
500,85,21.07,21.15,22.37,1.058,22.28,1396,35.8,22.7,+13.1,
500,85-1,22.31,22.67,24.25,1.070,23.87,1496,44.8,28.0,+16.8,
500,86,21.00,21.37,22.92,1.073,22.53,1410,42.9,27.6,+15.4,
500,101,9.17,9.22,8.97,0.973,8.92,609,7.7,17.2,-9.4,
500,103,6.28,6.86,6.95,1.014,6.36,453,8.7,13.1,-4.4,
500,105-2,15.34,15.55,19.60,1.261,19.34,1026,65.2,3.7,+61.8,
500,129,3.33,3.41,3.91,1.146,3.82,225,8.5,0.0,+8.5,
500,132,14.95,14.95,19.25,1.287,19.25,987,67.0,2.0,+65.0,
500,135,11.43,11.12,13.56,1.219,13.93,734,39.9,0.0,+39.9,
500,140,14.93,15.01,16.54,1.102,16.45,990,33.9,14.2,+20.0,
500,140-1,14.93,15.01,16.54,1.102,16.45,990,33.9,14.2,+20.0,
500,140-2,14.93,15.01,16.54,1.102,16.45,990,33.9,14.2,+20.0,
500,142,12.09,12.20,16.28,1.334,16.13,805,62.0,0.0,+62.0,
500,143,10.32,10.33,12.94,1.253,12.94,682,41.5,0.2,+41.3,
500,152-1,16.30,16.11,16.17,1.004,16.36,1063,17.6,25.1,-7.5,
500,153,15.70,15.78,15.83,1.003,15.75,1041,17.4,23.1,-5.7,
500,200,2.17,2.17,2.44,1.124,2.44,143,4.6,0.0,+4.6,
500,201,4.64,4.65,5.37,1.156,5.37,307,12.9,0.7,+12.2,
500,203,2.14,1.92,2.18,1.133,2.43,127,4.4,0.0,+4.4,
500,207,13.88,14.22,15.21,1.069,14.85,939,24.2,13.6,+10.6,
500,220,13.66,13.78,15.07,1.094,14.94,910,29.3,14.6,+14.8,
500,221,15.76,16.00,17.45,1.091,17.19,1056,32.0,16.4,+15.6,
500,222,14.41,14.46,15.84,1.095,15.78,955,30.6,16.4,+14.2,
500,223,18.47,18.56,20.45,1.102,20.36,1225,39.3,16.8,+22.4,
500,300,17.40,17.59,23.53,1.338,23.27,1161,91.9,0.5,+91.4,
500,301,18.46,18.42,24.67,1.339,24.72,1216,96.6,0.5,+96.1,
500,302,21.02,21.23,28.91,1.362,28.63,1401,118.3,0.5,+117.7,
500,900,,18.09,21.45,1.185,21.45,1194,57.3,16.7,+40.6,
500,901,,17.90,21.29,1.189,21.29,1182,56.1,20.0,+36.2,
500,902,,17.33,20.64,1.191,20.64,1144,56.1,15.8,+40.3,
500,903,,17.78,21.27,1.196,21.27,1173,58.4,13.8,+44.6,
500,904,,17.45,20.98,1.202,20.98,1152,58.5,13.1,+45.4,
500,905,,19.10,22.57,1.182,22.57,1260,60.3,17.3,+43.0,
500,906,,18.44,21.98,1.192,21.98,1217,58.2,22.2,+35.6,
500,915,,22.20,25.62,1.154,25.62,1465,55.6,50.8,+5.1,
500,916,,23.34,26.82,1.149,26.82,1541,57.5,52.2,+5.5,
500,917,,24.16,27.77,1.149,27.77,1595,57.6,58.2,-0.3,
500,918,,19.34,23.45,1.213,23.45,1276,67.4,15.3,+51.6,
500,919,19.10,19.15,22.61,1.180,22.55,1264,55.6,30.0,+25.6,
500,921,,20.83,24.25,1.164,24.25,1375,55.7,39.6,+16.2,
500,922,,21.36,24.93,1.167,24.93,1410,57.6,36.9,+20.6,
500,923,,21.85,25.45,1.165,25.45,1442,58.9,39.6,+19.3,
500,924,,21.82,25.31,1.160,25.31,1440,57.7,40.6,+17.1,
500,925,,21.14,24.53,1.160,24.53,1395,55.6,40.0,+15.5,
500,926,,21.60,24.92,1.154,24.92,1426,55.6,41.7,+13.9,
500,931,,26.60,30.19,1.135,30.19,1756,60.5,65.0,-4.4,
500,932,,26.44,29.98,1.134,29.98,1745,58.5,62.6,-4.2,
500,933,,27.05,30.64,1.133,30.64,1785,59.4,62.6,-3.1,
500,934,,27.14,30.76,1.133,30.76,1791,60.0,62.6,-2.6,
500,935,,28.42,31.93,1.124,31.93,1876,59.8,66.0,-6.1,
500,942,26.50,26.66,30.55,1.146,30.37,1759,64.0,49.5,+14.5,
500,946,,21.64,25.13,1.161,25.13,1428,55.6,50.5,+5.0,
500,GATE,12.34,12.38,11.38,0.919,11.35,817,1.2,25.0,-23.9,
900,1,,10.13,11.05,1.091,11.05,669,8.7,40.0,-31.3,
900,2,,8.72,9.51,1.090,9.51,576,6.6,32.2,-25.5,
900,3,,7.36,8.17,1.110,8.17,486,6.6,31.7,-25.0,
900,4,,8.19,9.00,1.098,9.00,541,6.6,31.7,-25.1,
900,5,,6.73,7.51,1.116,7.51,444,6.6,27.5,-20.8,
900,6,,6.50,7.23,1.112,7.23,429,6.6,24.6,-18.0,
900,7,,6.85,7.58,1.107,7.58,452,6.6,24.6,-18.0,
900,8,,7.95,8.83,1.110,8.83,525,7.8,29.9,-22.1,
900,9,,6.32,6.73,1.065,6.73,417,6.8,17.9,-11.0,
900,10,,5.61,6.03,1.075,6.03,370,6.8,14.6,-7.7,
900,10-1,,5.39,5.79,1.074,5.79,356,6.8,13.9,-6.9,
900,11,,6.08,6.48,1.065,6.48,401,6.8,14.8,-7.9,
900,12,,7.29,7.73,1.061,7.73,481,8.2,15.4,-7.1,
900,13,,8.45,8.99,1.064,8.99,557,10.6,17.1,-6.4,
900,14,,5.94,6.60,1.112,6.60,392,6.6,18.9,-12.2,
900,15,,10.55,12.02,1.139,12.02,696,10.0,48.5,-38.3,
900,15-1,,11.90,13.28,1.116,13.28,786,10.0,53.5,-43.4,
900,16,,11.90,13.32,1.119,13.32,786,10.0,55.0,-44.9,
900,16-1,,12.98,14.23,1.096,14.23,857,10.0,57.2,-47.1,
900,17,,10.40,11.84,1.139,11.84,686,10.0,45.1,-35.0,
900,18,,14.47,15.34,1.060,15.34,955,18.1,20.1,-1.9,
900,19,,15.10,15.89,1.052,15.89,997,18.1,21.9,-3.8,
900,20,,10.40,11.15,1.072,11.15,687,14.6,17.6,-2.9,
900,21,,13.80,14.43,1.045,14.43,911,14.5,23.4,-8.8,
900,22,,13.12,13.98,1.066,13.98,866,8.7,33.0,-24.2,
900,24,,13.74,14.40,1.048,14.40,907,6.7,45.2,-38.5,
900,25,,14.10,14.91,1.057,14.91,930,8.6,44.3,-35.7,
900,25-1,,15.03,15.81,1.052,15.81,992,8.6,44.8,-36.1,
900,26,,14.13,14.96,1.059,14.96,932,8.6,42.3,-33.6,
900,27,,14.87,15.71,1.057,15.71,981,9.1,42.5,-33.3,
900,28,,15.16,16.00,1.056,16.00,1001,9.0,39.2,-30.0,
900,29,,16.11,18.48,1.147,18.48,1063,38.3,11.9,+26.5,
900,30,,15.92,16.73,1.051,16.73,1050,15.2,35.2,-20.0,
900,31,,15.49,16.32,1.054,16.32,1022,10.4,35.4,-24.9,
900,32,,19.19,20.26,1.056,20.26,1266,17.2,38.8,-21.6,
900,32-1,,19.12,20.20,1.056,20.20,1262,17.2,38.8,-21.6,
900,33,,17.21,18.30,1.064,18.30,1136,19.9,35.0,-15.1,
900,34,,16.11,17.26,1.072,17.26,1063,22.6,29.5,-6.8,
900,35,,13.40,14.19,1.059,14.19,884,16.6,20.0,-3.3,
900,36,,16.46,17.33,1.052,17.33,1087,19.6,22.0,-2.3,
900,37,,17.21,18.31,1.064,18.31,1136,19.9,35.0,-15.1,
900,38,,17.92,18.67,1.042,18.67,1182,19.5,29.4,-9.8,
900,39,,17.94,18.95,1.056,18.95,1184,22.7,22.7,-0.0,
900,40,,19.67,20.83,1.059,20.83,1298,26.2,29.3,-3.0,
900,43,,13.99,14.61,1.045,14.61,923,14.5,23.4,-8.8,
900,43-1,,14.56,15.37,1.056,15.37,961,16.6,26.8,-10.1,
900,43-2,,14.67,15.34,1.046,15.34,968,15.2,29.1,-13.8,
900,44-1,,16.32,17.18,1.053,17.18,1077,19.6,22.0,-2.4,
900,49,,10.16,11.78,1.159,11.78,671,13.8,34.5,-20.6,
900,50,,9.89,11.42,1.155,11.42,653,10.3,41.8,-31.4,
900,51,,11.19,12.52,1.119,12.52,738,10.4,42.9,-32.3,
900,52,,11.10,12.40,1.117,12.40,733,10.4,39.3,-28.8,
900,52-1,,11.71,13.33,1.139,13.33,773,16.3,41.2,-24.8,
900,52-2,,12.31,13.74,1.116,13.74,812,12.0,42.1,-30.0,
900,53,,9.79,11.38,1.163,11.38,646,13.5,34.6,-21.0,
900,54,,8.75,10.24,1.171,10.24,577,11.5,34.1,-22.6,
900,55,,8.93,10.42,1.167,10.42,590,11.4,34.1,-22.6,
900,56,,13.10,13.62,1.039,13.62,865,11.2,25.6,-14.3,
900,57,,14.78,16.58,1.122,16.58,975,17.3,55.4,-38.1,
900,57-1,,13.77,15.42,1.119,15.42,909,17.5,45.8,-28.2,
900,58,,14.83,16.35,1.102,16.35,979,12.7,56.7,-44.0,
900,59,,13.93,15.81,1.135,15.81,920,17.3,54.0,-36.4,
900,59-1,,14.85,16.76,1.128,16.76,980,17.3,60.4,-42.8,
900,61,,8.50,9.43,1.109,9.43,561,8.6,29.9,-21.3,
900,62,,11.79,12.73,1.079,12.73,778,9.2,40.4,-31.1,
900,64,,16.80,17.91,1.066,17.91,1109,10.0,70.0,-60.0,
900,66,,13.97,16.50,1.181,16.50,922,38.3,1.4,+37.0,
900,71,,17.22,17.27,1.003,17.27,1136,12.0,55.5,-43.5,
900,71-1,,17.22,17.27,1.003,17.27,1136,12.0,55.5,-43.5,
900,73,,11.88,12.62,1.063,12.62,784,6.6,46.8,-40.1,
900,74,,8.22,9.43,1.147,9.43,543,10.0,31.4,-21.3,
900,75,,19.17,20.13,1.050,20.13,1265,15.4,38.9,-23.3,
900,75-1,,19.07,19.74,1.035,19.74,1259,12.2,42.2,-29.9,
900,80,,23.34,24.69,1.058,24.69,1541,33.7,56.6,-23.0,
900,81,,15.37,15.46,1.006,15.46,1014,12.0,41.7,-29.6,
900,82,,6.40,6.80,1.064,6.80,422,10.0,7.6,+2.5,
900,83,,11.51,13.10,1.139,13.10,760,12.4,47.5,-35.0,
900,84,,9.61,11.10,1.155,11.10,634,10.0,41.1,-31.0,
900,85,,16.52,16.73,1.013,16.73,1090,14.1,41.7,-27.5,
900,85-1,,24.27,25.56,1.054,25.56,1602,33.2,57.0,-23.8,
900,86,,22.97,24.24,1.055,24.24,1516,31.4,56.6,-25.2,
900,101,,14.52,15.76,1.085,15.76,959,10.0,60.1,-50.0,
900,103,,13.36,14.01,1.049,14.01,882,6.6,51.7,-45.0,
900,105-2,,16.52,18.62,1.127,18.62,1090,36.4,14.5,+22.2,
900,129,,16.61,17.34,1.044,17.34,1096,10.5,37.6,-27.0,
900,132,,14.53,16.77,1.154,16.77,959,36.4,7.8,+28.7,
900,135,,18.08,19.10,1.056,19.10,1194,22.9,22.7,+0.3,
900,140,,9.93,10.23,1.030,10.23,655,11.8,17.5,-5.6,
900,140-1,,9.93,10.23,1.030,10.23,655,11.8,17.5,-5.6,
900,140-2,,9.93,10.23,1.030,10.23,655,11.8,17.5,-5.6,
900,142,,14.53,17.05,1.173,17.05,959,38.2,1.4,+36.9,
900,143,,11.38,12.08,1.062,12.08,751,14.6,19.6,-4.9,
900,152-1,,17.75,19.22,1.083,19.22,1171,14.9,63.0,-48.0,
900,153,,17.41,18.88,1.084,18.88,1149,14.7,61.0,-46.3,
900,200,,17.28,18.13,1.049,18.13,1141,9.7,44.8,-35.0,
900,201,,18.33,19.05,1.040,19.05,1210,12.1,39.6,-27.4,
900,203,,17.26,18.10,1.049,18.10,1139,9.7,44.8,-35.0,
900,207,,12.68,14.11,1.113,14.11,837,12.0,42.1,-30.0,
900,220,,11.86,13.49,1.137,13.49,783,16.3,42.2,-25.8,
900,221,,14.08,15.86,1.127,15.86,929,19.0,44.0,-25.0,
900,222,,12.54,14.25,1.136,14.25,828,17.6,44.1,-26.4,
900,223,,13.16,13.69,1.040,13.69,869,16.6,34.8,-18.2,
900,300,,21.37,25.27,1.182,25.27,1411,64.2,11.8,+52.5,
900,301,,22.20,26.35,1.187,26.35,1465,68.2,11.8,+56.5,
900,302,,25.01,30.59,1.223,30.59,1650,89.9,11.8,+78.0,
900,500,,18.09,19.10,1.055,19.10,1194,16.7,57.3,-40.6,
900,901,,2.88,2.75,0.954,2.75,190,0.7,5.2,-4.3,
900,902,,1.32,1.31,0.990,1.31,87,0.5,0.7,-0.2,
900,903,,3.07,3.31,1.078,3.31,203,4.9,0.8,+4.1,
900,904,,2.82,3.11,1.104,3.11,186,5.5,0.8,+4.8,
900,905,,1.80,1.99,1.105,1.99,119,4.0,1.9,+2.4,
900,906,,1.21,1.11,0.912,1.11,80,0.0,2.1,-2.1,
900,915,,7.49,7.38,0.986,7.38,494,0.1,36.0,-35.4,
900,916,,8.63,8.59,0.996,8.59,569,2.1,37.4,-35.0,
900,917,,9.45,9.54,1.010,9.54,623,2.2,43.3,-40.9,
900,918,,3.34,4.20,1.256,4.20,221,13.0,1.5,+11.0,
900,919,,4.44,4.38,0.986,4.38,293,0.1,15.2,-15.0,
900,921,,6.12,6.02,0.984,6.02,404,0.3,24.8,-24.4,
900,922,,6.64,6.70,1.008,6.70,439,2.2,22.1,-20.0,
900,923,,7.13,7.22,1.012,7.22,471,3.4,24.8,-21.2,
900,924,,7.11,7.08,0.997,7.08,469,2.2,25.8,-23.5,
900,925,,6.43,6.30,0.980,6.30,424,0.1,25.2,-25.0,
900,926,,6.88,6.69,0.971,6.69,454,0.2,26.9,-26.6,
900,931,,11.89,11.95,1.006,11.95,785,5.1,50.2,-45.0,
900,932,,11.73,11.75,1.002,11.75,774,3.1,47.8,-44.8,
900,933,,12.34,12.41,1.005,12.41,814,4.0,47.8,-43.7,
900,934,,12.42,12.53,1.008,12.53,820,4.6,47.8,-43.1,
900,935,,13.70,13.70,1.000,13.70,904,4.3,51.2,-46.7,
900,942,,11.94,12.32,1.031,12.32,788,8.6,34.7,-26.1,
900,946,,6.92,6.89,0.996,6.89,457,0.1,35.7,-35.5,
900,GATE,,18.74,20.03,1.069,20.03,1237,12.9,72.2,-59.2,
901,1,,9.94,11.15,1.122,11.15,656,12.0,38.8,-26.9,
901,2,,8.53,9.61,1.126,9.61,563,9.9,31.0,-21.2,
901,3,,7.17,8.27,1.153,8.27,473,9.9,30.5,-20.7,
901,4,,8.00,9.09,1.137,9.09,528,9.9,30.5,-20.7,
901,5,,6.54,7.61,1.163,7.61,432,9.9,26.3,-16.4,
901,6,,6.31,7.33,1.161,7.33,417,9.9,23.4,-13.6,
901,7,,6.66,7.68,1.153,7.68,439,9.9,23.4,-13.6,
901,8,,7.76,8.93,1.150,8.93,512,11.1,28.7,-17.8,
901,9,,6.13,6.83,1.114,6.83,405,10.1,16.7,-6.6,
901,10,,5.42,6.13,1.131,6.13,358,10.1,13.4,-3.3,
901,10-1,,5.20,5.89,1.133,5.89,343,10.1,12.7,-2.6,
901,11,,5.89,6.58,1.116,6.58,389,10.1,13.6,-3.6,
901,12,,7.10,7.83,1.104,7.83,468,11.5,14.2,-2.7,
901,13,,8.25,9.08,1.101,9.08,545,13.9,15.9,-2.1,
901,14,,5.75,6.70,1.166,6.70,379,9.9,17.7,-7.9,
901,15,,10.36,12.11,1.169,12.11,684,13.3,47.3,-33.9,
901,15-1,,11.71,13.38,1.142,13.38,773,13.3,52.3,-39.1,
901,16,,11.71,13.42,1.146,13.42,773,13.3,53.8,-40.6,
901,16-1,,12.79,14.33,1.120,14.33,844,13.3,56.0,-42.8,
901,17,,10.21,11.94,1.170,11.94,674,13.3,43.9,-30.7,
901,18,,14.28,15.44,1.081,15.44,942,21.4,18.9,+2.4,
901,19,,14.91,15.99,1.072,15.99,984,21.4,20.7,+0.6,
901,20,,10.21,11.25,1.101,11.25,674,17.9,16.4,+1.4,
901,21,,13.61,14.52,1.067,14.52,898,17.8,22.2,-4.5,
901,22,,12.93,14.08,1.089,14.08,854,12.0,31.8,-19.9,
901,24,,13.55,14.50,1.070,14.50,894,10.0,44.0,-34.1,
901,25,,13.91,15.00,1.079,15.00,918,11.9,43.1,-31.3,
901,25-1,,14.84,15.91,1.072,15.91,979,11.9,43.6,-31.8,
901,26,,13.94,15.05,1.080,15.05,920,11.9,41.0,-29.2,
901,27,,14.68,15.81,1.077,15.81,969,12.4,41.3,-29.0,
901,28,,14.97,16.10,1.076,16.10,988,12.3,37.9,-25.7,
901,29,,17.08,19.71,1.154,19.71,1127,42.6,11.7,+30.9,
901,30,,15.73,16.83,1.070,16.83,1038,18.5,34.0,-15.7,
901,31,,15.30,16.42,1.074,16.42,1010,13.7,34.2,-20.6,
901,32,,19.00,20.35,1.072,20.35,1254,20.5,37.6,-17.2,
901,32-1,,18.93,20.29,1.072,20.29,1250,20.5,37.6,-17.2,
901,33,,17.02,18.40,1.081,18.40,1123,23.2,33.8,-10.8,
901,34,,15.92,17.36,1.091,17.36,1051,25.9,28.3,-2.5,
901,35,,13.21,14.29,1.082,14.29,872,19.9,18.8,+1.1,
901,36,,16.27,17.42,1.071,17.42,1074,22.9,20.8,+2.0,
901,37,,17.02,18.40,1.081,18.40,1123,23.2,33.8,-10.8,
901,38,,17.72,18.77,1.059,18.77,1170,22.8,28.2,-5.5,
901,39,,17.75,19.05,1.073,19.05,1172,26.0,21.5,+4.3,
901,40,,19.48,20.93,1.074,20.93,1286,29.5,28.1,+1.3,
901,43,,13.80,14.71,1.066,14.71,911,17.8,22.2,-4.4,
901,43-1,,14.37,15.47,1.077,15.47,948,19.9,25.6,-5.7,
901,43-2,,14.48,15.44,1.066,15.44,956,18.5,27.9,-9.5,
901,44-1,,16.13,17.28,1.071,17.28,1064,22.9,20.8,+1.9,
901,49,,9.97,11.88,1.191,11.88,658,17.1,33.3,-16.3,
901,50,,9.70,11.52,1.187,11.52,640,13.6,40.5,-27.0,
901,51,,11.00,12.62,1.148,12.62,726,13.7,41.7,-27.9,
901,52,,10.91,12.50,1.146,12.50,720,13.7,38.0,-24.4,
901,52-1,,11.51,13.43,1.166,13.43,760,19.6,40.0,-20.4,
901,52-2,,12.12,13.83,1.142,13.83,800,15.3,40.8,-25.7,
901,53,,9.60,11.48,1.196,11.48,633,16.8,33.4,-16.7,
901,54,,8.56,10.34,1.208,10.34,565,14.8,32.9,-18.3,
901,55,,8.74,10.52,1.204,10.52,577,14.7,32.9,-18.3,
901,56,,12.91,13.72,1.062,13.72,852,14.5,24.4,-10.0,
901,57,,14.58,16.68,1.144,16.68,963,20.6,54.2,-33.7,
901,57-1,,13.58,15.52,1.142,15.52,896,20.8,44.6,-23.9,
901,58,,14.64,16.45,1.123,16.45,966,16.0,55.5,-39.7,
901,59,,13.74,15.91,1.158,15.91,907,20.6,52.8,-32.0,
901,59-1,,14.66,16.86,1.149,16.86,968,20.6,59.2,-38.4,
901,61,,8.31,9.52,1.146,9.52,548,11.9,28.7,-16.9,
901,62,,11.60,12.83,1.105,12.83,766,12.5,39.1,-26.7,
901,64,,16.61,18.01,1.084,18.01,1096,13.3,68.8,-55.6,
901,66,,14.94,17.73,1.187,17.73,986,42.6,1.2,+41.3,
901,71,,17.02,17.37,1.020,17.37,1124,15.3,54.3,-39.1,
901,71-1,,17.02,17.37,1.020,17.37,1124,15.3,54.3,-39.1,
901,73,,11.69,12.72,1.088,12.72,771,9.9,45.6,-35.8,
901,74,,8.03,9.53,1.186,9.53,530,13.3,30.1,-16.9,
901,75,,18.98,20.23,1.066,20.23,1253,18.7,37.6,-19.0,
901,75-1,,18.88,19.84,1.051,19.84,1246,15.5,41.0,-25.6,
901,80,,23.15,24.79,1.071,24.79,1528,37.0,55.4,-18.7,
901,81,,15.18,15.56,1.025,15.56,1002,15.3,40.5,-25.3,
901,82,,6.20,6.90,1.112,6.90,409,13.3,6.4,+6.8,
901,83,,11.32,13.20,1.166,13.20,747,15.7,46.3,-30.7,
901,84,,9.42,11.20,1.189,11.20,622,13.3,39.9,-26.7,
901,85,,16.33,16.83,1.031,16.83,1078,17.4,40.5,-23.1,
901,85-1,,24.07,25.66,1.066,25.66,1589,36.5,55.8,-19.4,
901,86,,22.77,24.34,1.069,24.34,1503,34.6,55.4,-20.9,
901,101,,14.33,15.86,1.106,15.86,946,13.3,58.9,-45.7,
901,103,,13.17,14.11,1.071,14.11,869,9.9,50.4,-40.7,
901,105-2,,17.49,19.86,1.135,19.86,1154,40.7,14.4,+26.5,
901,129,,16.42,17.44,1.062,17.44,1084,13.7,36.3,-22.7,
901,132,,15.50,18.00,1.161,18.00,1023,40.7,7.6,+33.0,
901,135,,17.89,19.20,1.073,19.20,1181,26.2,21.5,+4.6,
901,140,,9.74,10.33,1.061,10.33,643,15.1,16.3,-1.2,
901,140-1,,9.74,10.33,1.061,10.33,643,15.1,16.3,-1.2,
901,140-2,,9.74,10.33,1.061,10.33,643,15.1,16.3,-1.2,
901,142,,15.50,18.28,1.180,18.28,1023,42.6,1.2,+41.2,
901,143,,11.19,12.18,1.089,12.18,738,17.9,18.3,-0.6,
901,152-1,,17.56,19.31,1.100,19.31,1159,18.2,61.8,-43.7,
901,153,,17.22,18.97,1.102,18.97,1137,17.9,59.8,-41.9,
901,200,,17.09,18.23,1.066,18.23,1128,13.0,43.5,-30.7,
901,201,,18.14,19.15,1.056,19.15,1197,15.4,38.4,-23.1,
901,203,,17.07,18.20,1.067,18.20,1126,13.0,43.5,-30.7,
901,207,,12.49,14.21,1.138,14.21,824,15.3,40.8,-25.7,
901,220,,11.67,13.58,1.164,13.58,770,19.6,41.0,-21.4,
901,221,,13.89,15.96,1.149,15.96,916,22.3,42.8,-20.6,
901,222,,12.35,14.35,1.162,14.35,815,20.9,42.8,-22.0,
901,223,,12.97,13.79,1.063,13.79,856,19.9,33.6,-13.8,
901,300,,22.34,26.51,1.187,26.51,1474,68.6,11.6,+56.8,
901,301,,23.17,27.59,1.191,27.59,1529,72.6,11.6,+60.8,
901,302,,25.97,31.83,1.225,31.83,1714,94.2,11.6,+82.4,
901,500,,17.90,19.20,1.072,19.20,1182,20.0,56.1,-36.2,
901,900,,2.88,3.15,1.093,3.15,190,5.2,0.7,+4.3,
901,902,,2.29,2.54,1.111,2.54,151,4.8,0.6,+4.1,
901,903,,4.04,4.55,1.126,4.55,267,9.2,0.6,+8.4,
901,904,,3.79,4.35,1.148,4.35,250,9.8,0.6,+9.2,
901,905,,4.35,4.80,1.104,4.80,287,9.4,2.5,+6.7,
901,906,,1.15,1.12,0.975,1.12,76,0.0,0.6,-0.6,
901,915,,5.78,5.85,1.011,5.85,382,0.0,31.4,-31.1,
901,916,,6.92,7.06,1.019,7.06,457,2.0,32.8,-30.7,
901,917,,7.74,8.01,1.034,8.01,511,2.1,38.7,-36.5,
901,918,,4.59,5.68,1.236,5.68,303,16.5,0.6,+15.4,
901,919,,2.73,2.84,1.039,2.84,180,0.0,10.6,-10.7,
901,921,,4.41,4.49,1.017,4.49,291,0.2,20.2,-20.0,
901,922,,4.94,5.17,1.046,5.17,326,2.1,17.5,-15.7,
901,923,,5.43,5.69,1.047,5.69,358,3.3,20.2,-16.9,
901,924,,5.40,5.55,1.027,5.55,357,2.1,21.2,-19.1,
901,925,,4.72,4.77,1.009,4.77,312,0.0,20.6,-20.7,
901,926,,5.18,5.16,0.995,5.16,342,0.1,22.3,-22.3,
901,931,,10.18,10.42,1.023,10.42,672,5.0,45.5,-40.7,
901,932,,10.02,10.21,1.019,10.21,662,3.0,43.2,-40.4,
901,933,,10.63,10.87,1.023,10.87,702,3.9,43.2,-39.4,
901,934,,10.72,11.00,1.026,11.00,708,4.5,43.2,-38.8,
901,935,,12.00,12.17,1.014,12.17,792,4.2,46.6,-42.4,
901,942,,10.24,10.79,1.054,10.79,676,8.5,30.1,-21.8,
901,946,,5.22,5.36,1.027,5.36,344,0.0,31.0,-31.2,
901,GATE,,18.55,20.13,1.085,20.13,1224,16.1,70.9,-54.9,
902,1,,9.37,10.30,1.099,10.30,618,7.8,38.8,-31.0,
902,2,,7.96,8.75,1.099,8.75,525,5.7,31.0,-25.3,
902,3,,6.60,7.42,1.123,7.42,436,5.7,30.4,-24.8,
902,4,,7.43,8.24,1.109,8.24,490,5.7,30.5,-24.9,
902,5,,5.97,6.75,1.131,6.75,394,5.7,26.3,-20.5,
902,6,,5.74,6.48,1.128,6.48,379,5.7,23.4,-17.7,
902,7,,6.09,6.82,1.121,6.82,402,5.7,23.4,-17.7,
902,8,,7.19,8.07,1.123,8.07,475,6.9,28.7,-21.9,
902,9,,5.56,5.98,1.074,5.98,367,5.9,16.6,-10.7,
902,10,,4.85,5.27,1.087,5.27,320,5.9,13.4,-7.5,
902,10-1,,4.63,5.03,1.088,5.03,305,5.9,12.6,-6.7,
902,11,,5.32,5.72,1.075,5.72,351,5.9,13.6,-7.7,
902,12,,6.53,6.97,1.069,6.97,431,7.3,14.2,-6.9,
902,13,,7.68,8.23,1.071,8.23,507,9.7,15.8,-6.2,
902,14,,5.18,5.85,1.129,5.85,342,5.7,17.7,-12.0,
902,15,,9.79,11.26,1.150,11.26,646,9.1,47.3,-38.0,
902,15-1,,11.14,12.52,1.124,12.52,735,9.1,52.3,-43.2,
902,16,,11.14,12.56,1.127,12.56,735,9.1,53.8,-44.7,
902,16-1,,12.22,13.47,1.102,13.47,807,9.1,56.0,-46.9,
902,17,,9.63,11.09,1.151,11.09,636,9.1,43.8,-34.8,
902,18,,13.71,14.59,1.064,14.59,905,17.2,18.9,-1.7,
902,19,,14.34,15.13,1.055,15.13,946,17.2,20.7,-3.5,
902,20,,9.64,10.39,1.078,10.39,636,13.7,16.4,-2.7,
902,21,,13.04,13.67,1.048,13.67,861,13.6,22.1,-8.6,
902,22,,12.36,13.23,1.070,13.23,816,7.8,31.8,-24.0,
902,24,,12.98,13.64,1.051,13.64,856,5.8,44.0,-38.3,
902,25,,13.34,14.15,1.061,14.15,880,7.7,43.1,-35.4,
902,25-1,,14.27,15.06,1.055,15.06,942,7.7,43.6,-35.9,
902,26,,13.37,14.20,1.062,14.20,882,7.7,41.0,-33.4,
902,27,,14.11,14.95,1.060,14.95,931,8.2,41.3,-33.1,
902,28,,14.40,15.25,1.059,15.25,950,8.1,37.9,-29.8,
902,29,,15.20,17.57,1.156,17.57,1003,37.9,11.1,+26.7,
902,30,,15.16,15.98,1.054,15.98,1000,14.3,34.0,-19.8,
902,31,,14.73,15.57,1.057,15.57,972,9.5,34.2,-24.7,
902,32,,18.43,19.50,1.058,19.50,1216,16.3,37.6,-21.3,
902,32-1,,18.36,19.44,1.059,19.44,1212,16.3,37.6,-21.3,
902,33,,16.45,17.55,1.067,17.55,1086,18.9,33.8,-14.9,
902,34,,15.35,16.51,1.076,16.51,1013,21.7,28.2,-6.6,
902,35,,12.64,13.43,1.063,13.43,834,15.7,18.7,-3.1,
902,36,,15.70,16.57,1.055,16.57,1036,18.7,20.8,-2.1,
902,37,,16.45,17.55,1.067,17.55,1086,18.9,33.8,-14.9,
902,38,,17.15,17.91,1.044,17.91,1132,18.6,28.2,-9.6,
902,39,,17.18,18.19,1.059,18.19,1134,21.8,21.5,+0.2,
902,40,,18.91,20.07,1.062,20.07,1248,25.3,28.1,-2.8,
902,43,,13.23,13.86,1.048,13.86,873,13.6,22.1,-8.6,
902,43-1,,13.80,14.62,1.059,14.62,911,15.7,25.5,-9.8,
902,43-2,,13.91,14.58,1.049,14.58,918,14.3,27.9,-13.6,
902,44-1,,15.56,16.42,1.056,16.42,1027,18.7,20.8,-2.2,
902,49,,9.40,11.02,1.172,11.02,621,12.9,33.2,-20.4,
902,50,,9.13,10.66,1.168,10.66,603,9.4,40.5,-31.2,
902,51,,10.43,11.77,1.128,11.77,688,9.5,41.7,-32.0,
902,52,,10.34,11.64,1.126,11.64,682,9.5,38.0,-28.5,
902,52-1,,10.94,12.57,1.149,12.57,722,15.4,40.0,-24.5,
902,52-2,,11.55,12.98,1.124,12.98,762,11.1,40.8,-29.8,
902,53,,9.02,10.62,1.177,10.62,596,12.6,33.4,-20.8,
902,54,,7.99,9.49,1.187,9.49,527,10.6,32.9,-22.4,
902,55,,8.17,9.67,1.183,9.67,539,10.5,32.9,-22.4,
902,56,,12.34,12.86,1.042,12.86,814,10.3,24.3,-14.1,
902,57,,14.01,15.83,1.129,15.83,925,16.4,54.2,-37.8,
902,57-1,,13.01,14.66,1.127,14.66,859,16.6,44.6,-28.0,
902,58,,14.07,15.59,1.108,15.59,929,11.8,55.5,-43.8,
902,59,,13.17,15.06,1.143,15.06,869,16.4,52.7,-36.2,
902,59-1,,14.09,16.00,1.135,16.00,930,16.4,59.2,-42.5,
902,61,,7.74,8.67,1.120,8.67,511,7.7,28.7,-21.1,
902,62,,11.03,11.97,1.085,11.97,728,8.3,39.1,-30.9,
902,64,,16.04,17.15,1.069,17.15,1058,9.1,68.8,-59.7,
902,66,,13.05,15.59,1.194,15.59,862,37.9,0.6,+37.2,
902,71,,16.45,16.52,1.004,16.52,1086,11.1,54.3,-43.2,
902,71-1,,16.45,16.52,1.004,16.52,1086,11.1,54.3,-43.2,
902,73,,11.12,11.86,1.067,11.86,734,5.7,45.5,-39.9,
902,74,,7.46,8.67,1.162,8.67,492,9.1,30.1,-21.0,
902,75,,18.41,19.38,1.052,19.38,1215,14.5,37.6,-23.1,
902,75-1,,18.31,18.98,1.037,18.98,1209,11.3,41.0,-29.7,
902,80,,22.58,23.94,1.060,23.94,1490,32.7,55.4,-22.8,
902,81,,14.61,14.71,1.007,14.71,964,11.1,40.5,-29.4,
902,82,,5.63,6.05,1.073,6.05,372,9.1,6.4,+2.7,
902,83,,10.75,12.35,1.149,12.35,709,11.5,46.2,-34.8,
902,84,,8.85,10.35,1.169,10.35,584,9.1,39.9,-30.8,
902,85,,15.76,15.98,1.014,15.98,1040,13.2,40.5,-27.2,
902,85-1,,23.50,24.81,1.055,24.81,1551,32.3,55.8,-23.6,
902,86,,22.20,23.48,1.057,23.48,1465,30.4,55.4,-25.0,
902,101,,13.76,15.00,1.090,15.00,908,9.1,58.8,-49.8,
902,103,,12.60,13.25,1.052,13.25,831,5.7,50.4,-44.8,
902,105-2,,15.60,17.72,1.135,17.72,1030,35.9,13.8,+22.4,
902,129,,15.85,16.59,1.046,16.59,1046,9.5,36.3,-26.8,
902,132,,13.62,15.86,1.165,15.86,899,36.0,7.0,+28.9,
902,135,,17.32,18.35,1.059,18.35,1143,22.0,21.5,+0.5,
902,140,,9.17,9.48,1.033,9.48,605,10.9,16.3,-5.4,
902,140-1,,9.17,9.48,1.033,9.48,605,10.9,16.3,-5.4,
902,140-2,,9.17,9.48,1.033,9.48,605,10.9,16.3,-5.4,
902,142,,13.61,16.15,1.186,16.15,899,37.8,0.7,+37.1,
902,143,,10.62,11.32,1.066,11.32,701,13.6,18.3,-4.7,
902,152-1,,16.99,18.46,1.087,18.46,1121,14.0,61.8,-47.8,
902,153,,16.65,18.12,1.088,18.12,1099,13.7,59.8,-46.1,
902,200,,16.52,17.37,1.051,17.37,1090,8.8,43.5,-34.8,
902,201,,17.57,18.30,1.041,18.30,1160,11.2,38.3,-27.2,
902,203,,16.50,17.35,1.052,17.35,1089,8.8,43.5,-34.8,
902,207,,11.92,13.35,1.120,13.35,787,11.1,40.8,-29.8,
902,220,,11.10,12.73,1.147,12.73,732,15.4,41.0,-25.5,
902,221,,13.32,15.10,1.134,15.10,879,18.1,42.8,-24.7,
902,222,,11.78,13.49,1.145,13.49,778,16.7,42.8,-26.2,
902,223,,12.40,12.93,1.043,12.93,818,15.7,33.6,-17.9,
902,300,,20.46,24.37,1.191,24.37,1350,63.8,11.1,+52.7,
902,301,,21.29,25.45,1.196,25.45,1405,67.8,11.1,+56.7,
902,302,,24.09,29.69,1.232,29.69,1590,89.5,11.1,+78.3,
902,500,,17.33,18.34,1.058,18.34,1144,15.8,56.1,-40.3,
902,900,,1.32,1.34,1.013,1.34,87,0.7,0.5,+0.2,
902,901,,2.29,2.18,0.952,2.18,151,0.6,4.8,-4.1,
902,903,,2.20,2.46,1.115,2.46,145,4.5,0.1,+4.3,
902,904,,1.90,2.21,1.159,2.21,126,5.1,0.0,+5.0,
902,905,,2.66,2.86,1.073,2.86,176,4.6,2.0,+2.6,
902,906,,1.85,1.76,0.950,1.76,122,0.0,1.8,-1.8,
902,915,,6.86,6.77,0.987,6.77,453,0.0,35.6,-35.2,
902,916,,8.00,7.98,0.998,7.98,528,2.0,37.0,-34.8,
902,917,,8.82,8.93,1.013,8.93,582,2.1,43.0,-40.7,
902,918,,2.91,3.73,1.284,3.73,192,11.8,0.0,+11.3,
902,919,,3.81,3.77,0.989,3.77,252,0.0,14.8,-14.8,
902,921,,5.49,5.41,0.986,5.41,362,0.2,24.4,-24.2,
902,922,,6.02,6.09,1.012,6.09,397,2.1,21.7,-19.8,
902,923,,6.51,6.61,1.016,6.61,429,3.3,24.4,-21.0,
902,924,,6.48,6.47,0.999,6.47,428,2.1,25.4,-23.2,
902,925,,5.80,5.69,0.982,5.69,383,0.0,24.8,-24.8,
902,926,,6.26,6.08,0.972,6.08,413,0.1,26.6,-26.4,
902,931,,11.26,11.35,1.008,11.35,743,5.0,49.8,-44.8,
902,932,,11.10,11.14,1.003,11.14,733,3.0,47.4,-44.5,
902,933,,11.71,11.80,1.008,11.80,773,3.9,47.4,-43.5,
902,934,,11.80,11.92,1.010,11.92,779,4.4,47.4,-42.9,
902,935,,13.08,13.09,1.001,13.09,863,4.2,50.8,-46.5,
902,942,,11.31,11.71,1.035,11.71,747,8.5,34.4,-25.9,
902,946,,6.29,6.29,0.999,6.29,415,0.0,35.3,-35.3,
902,GATE,,17.98,19.28,1.072,19.28,1187,11.9,70.9,-59.0,
903,1,,9.81,10.51,1.072,10.51,647,5.7,41.1,-35.3,
903,2,,8.40,8.97,1.067,8.97,555,3.7,33.3,-29.6,
903,3,,7.04,7.63,1.084,7.63,465,3.6,32.8,-29.1,
903,4,,7.87,8.46,1.075,8.46,519,3.6,32.8,-29.2,
903,5,,6.41,6.97,1.087,6.97,423,3.6,28.6,-24.8,
903,6,,6.18,6.69,1.083,6.69,408,3.6,25.7,-22.0,
903,7,,6.53,7.04,1.078,7.04,431,3.6,25.7,-22.0,
903,8,,7.63,8.29,1.086,8.29,504,4.8,31.0,-26.2,
903,9,,6.00,6.20,1.032,6.20,396,3.9,19.0,-15.0,
903,10,,5.29,5.49,1.038,5.49,349,3.9,15.7,-11.8,
903,10-1,,5.07,5.25,1.036,5.25,334,3.9,15.0,-11.0,
903,11,,5.76,5.94,1.031,5.94,380,3.9,15.9,-12.0,
903,12,,6.97,7.19,1.032,7.19,460,5.3,16.5,-11.1,
903,13,,8.13,8.45,1.039,8.45,536,7.6,18.2,-10.5,
903,14,,5.62,6.07,1.079,6.07,371,3.6,20.0,-16.3,
903,15,,10.23,11.48,1.122,11.48,675,7.0,49.6,-42.3,
903,15-1,,11.58,12.74,1.100,12.74,765,7.0,54.6,-47.5,
903,16,,11.58,12.78,1.103,12.78,764,7.0,56.1,-49.0,
903,16-1,,12.66,13.69,1.081,13.69,836,7.0,58.3,-51.2,
903,17,,10.08,11.30,1.122,11.30,665,7.0,46.2,-39.1,
903,18,,14.15,14.80,1.046,14.80,934,15.1,21.2,-6.0,
903,19,,14.78,15.35,1.038,15.35,976,15.1,23.0,-7.8,
903,20,,10.08,10.61,1.052,10.61,665,11.6,18.7,-7.0,
903,21,,13.48,13.89,1.030,13.89,890,11.5,24.5,-12.9,
903,22,,12.80,13.44,1.050,13.44,845,5.8,34.1,-28.3,
903,24,,13.42,13.86,1.033,13.86,886,3.7,46.3,-42.5,
903,25,,13.78,14.37,1.043,14.37,909,5.6,45.4,-39.7,
903,25-1,,14.71,15.27,1.038,15.27,971,5.6,45.9,-40.2,
903,26,,13.81,14.42,1.044,14.42,911,5.6,43.3,-37.7,
903,27,,14.55,15.17,1.043,15.17,960,6.2,43.6,-37.4,
903,28,,14.84,15.46,1.042,15.46,980,6.0,40.2,-34.1,
903,29,,14.07,16.18,1.150,16.18,928,33.5,11.1,+22.4,
903,30,,15.60,16.19,1.038,16.19,1029,12.2,36.3,-24.1,
903,31,,15.17,15.78,1.041,15.78,1001,7.5,36.5,-29.0,
903,32,,18.87,19.72,1.045,19.72,1245,14.2,39.9,-25.6,
903,32-1,,18.81,19.66,1.045,19.66,1241,14.2,39.9,-25.6,
903,33,,16.89,17.76,1.052,17.76,1115,16.9,36.1,-19.2,
903,34,,15.79,16.72,1.059,16.72,1042,19.7,30.6,-10.9,
903,35,,13.08,13.65,1.044,13.65,863,13.7,21.1,-7.4,
903,36,,16.14,16.79,1.040,16.79,1065,16.7,23.1,-6.4,
903,37,,16.89,17.77,1.052,17.77,1115,16.9,36.1,-19.2,
903,38,,17.60,18.13,1.030,18.13,1161,16.5,30.5,-13.9,
903,39,,17.62,18.41,1.045,18.41,1163,19.8,23.8,-4.1,
903,40,,18.19,19.85,1.091,19.85,1201,31.6,28.3,+3.3,
903,43,,13.67,14.07,1.030,14.07,902,11.6,24.5,-12.9,
903,43-1,,14.24,14.83,1.042,14.83,940,13.7,27.8,-14.1,
903,43-2,,14.35,14.80,1.031,14.80,947,12.2,30.2,-17.9,
903,44-1,,16.00,16.64,1.040,16.64,1056,16.6,23.1,-6.5,
903,49,,9.85,11.24,1.142,11.24,650,10.8,35.6,-24.7,
903,50,,9.57,10.88,1.137,10.88,632,7.4,42.8,-35.5,
903,51,,10.87,11.98,1.103,11.98,717,7.5,44.0,-36.3,
903,52,,10.78,11.86,1.100,11.86,711,7.5,40.3,-32.8,
903,52-1,,11.39,12.79,1.123,12.79,752,13.3,42.3,-28.8,
903,52-2,,11.99,13.20,1.101,13.20,791,9.0,43.1,-34.1,
903,53,,9.47,10.84,1.145,10.84,625,10.5,35.7,-25.1,
903,54,,8.43,9.70,1.151,9.70,556,8.5,35.2,-26.7,
903,55,,8.61,9.89,1.148,9.89,569,8.5,35.2,-26.7,
903,56,,12.78,13.08,1.023,13.08,844,8.2,26.7,-18.4,
903,57,,14.46,16.04,1.110,16.04,954,14.3,56.5,-42.1,
903,57-1,,13.45,14.88,1.106,14.88,888,14.5,46.9,-32.3,
903,58,,14.51,15.81,1.089,15.81,958,9.7,57.8,-48.1,
903,59,,13.61,15.28,1.122,15.28,899,14.3,55.1,-40.5,
903,59-1,,14.54,16.22,1.116,16.22,959,14.4,61.5,-46.8,
903,61,,8.18,8.89,1.086,8.89,540,5.7,31.0,-25.4,
903,62,,11.47,12.19,1.062,12.19,757,6.3,41.4,-35.1,
903,64,,16.48,17.37,1.054,17.37,1088,7.0,71.1,-64.0,
903,66,,11.92,14.20,1.191,14.20,787,33.5,0.6,+32.9,
903,71,,16.90,16.73,0.990,16.73,1115,9.0,56.6,-47.5,
903,71-1,,16.90,16.73,0.990,16.73,1115,9.0,56.6,-47.5,
903,73,,11.56,12.08,1.045,12.08,763,3.6,47.9,-44.2,
903,74,,7.90,8.89,1.125,8.89,522,7.0,32.4,-25.3,
903,75,,18.85,19.59,1.039,19.59,1244,12.5,39.9,-27.4,
903,75-1,,18.75,19.20,1.024,19.20,1238,9.2,43.3,-34.0,
903,80,,23.02,24.16,1.049,24.16,1520,30.7,57.7,-27.1,
903,81,,15.05,14.92,0.992,14.92,993,9.0,42.8,-33.7,
903,82,,6.08,6.26,1.031,6.26,401,7.0,8.7,-1.6,
903,83,,11.19,12.56,1.123,12.56,738,9.4,48.6,-39.1,
903,84,,9.29,10.57,1.137,10.57,613,7.0,42.2,-35.1,
903,85,,16.20,16.20,1.000,16.20,1069,11.2,42.8,-31.5,
903,85-1,,23.95,25.03,1.045,25.03,1580,30.2,58.1,-27.8,
903,86,,22.65,23.70,1.046,23.70,1495,28.4,57.7,-29.3,
903,101,,14.20,15.22,1.072,15.22,937,7.0,61.1,-54.1,
903,103,,13.04,13.47,1.033,13.47,861,3.6,52.7,-49.1,
903,105-2,,14.47,16.32,1.128,16.32,955,31.6,13.8,+18.1,
903,129,,16.29,16.80,1.031,16.80,1075,7.5,38.6,-31.1,
903,132,,12.49,14.47,1.158,14.47,824,31.6,7.0,+24.6,
903,135,,17.76,18.56,1.045,18.56,1172,20.0,23.8,-3.8,
903,140,,9.61,9.69,1.009,9.69,634,8.9,18.6,-9.7,
903,140-1,,9.61,9.69,1.009,9.69,634,8.9,18.6,-9.7,
903,140-2,,9.61,9.69,1.009,9.69,634,8.9,18.6,-9.7,
903,142,,12.48,14.75,1.182,14.75,824,33.4,0.7,+32.8,
903,143,,11.06,11.54,1.044,11.54,730,11.6,20.7,-9.0,
903,152-1,,17.43,18.68,1.072,18.68,1150,11.9,64.1,-52.1,
903,153,,17.10,18.34,1.073,18.34,1128,11.7,62.1,-50.4,
903,200,,16.96,17.59,1.037,17.59,1120,6.7,45.8,-39.1,
903,201,,18.01,18.51,1.028,18.51,1189,9.1,40.7,-31.5,
903,203,,16.94,17.57,1.037,17.57,1118,6.7,45.9,-39.1,
903,207,,12.36,13.57,1.098,13.57,816,9.0,43.1,-34.1,
903,220,,11.54,12.95,1.122,12.95,762,13.3,43.3,-29.8,
903,221,,13.76,15.32,1.114,15.32,908,16.0,45.1,-29.0,
903,222,,12.22,13.71,1.122,13.71,807,14.7,45.1,-30.5,
903,223,,12.84,13.15,1.024,13.15,848,13.7,35.9,-22.2,
903,300,,19.33,22.98,1.189,22.98,1276,59.5,11.1,+48.4,
903,301,,20.16,24.06,1.193,24.06,1330,63.5,11.1,+52.4,
903,302,,22.96,28.29,1.232,28.29,1515,85.1,11.1,+74.0,
903,500,,17.78,18.56,1.044,18.56,1173,13.8,58.4,-44.6,
903,900,,3.07,2.91,0.946,2.91,203,0.8,4.9,-4.1,
903,901,,4.04,3.75,0.928,3.75,267,0.6,9.2,-8.4,
903,902,,2.20,2.01,0.912,2.01,145,0.1,4.5,-4.3,
903,904,,0.77,0.81,1.052,0.81,51,0.7,0.0,+0.8,
903,905,,2.11,2.05,0.975,2.05,139,1.5,3.3,-1.7,
903,906,,3.60,3.33,0.923,3.33,238,0.1,6.3,-6.1,
903,915,,8.62,8.34,0.968,8.34,569,0.1,40.1,-39.5,
903,916,,9.76,9.55,0.979,9.55,644,2.0,41.4,-39.1,
903,917,,10.58,10.50,0.993,10.50,698,2.2,47.4,-45.0,
903,918,,2.35,2.92,1.245,2.92,155,8.2,0.8,+7.0,
903,919,,5.57,5.34,0.958,5.34,368,0.1,19.2,-19.1,
903,921,,7.25,6.98,0.963,6.98,478,0.2,28.8,-28.5,
903,922,,7.78,7.66,0.985,7.66,513,2.1,26.2,-24.1,
903,923,,8.26,8.18,0.990,8.18,545,3.4,28.9,-25.3,
903,924,,8.24,8.04,0.976,8.04,544,2.2,29.8,-27.5,
903,925,,7.56,7.26,0.961,7.26,499,0.1,29.3,-29.1,
903,926,,8.01,7.65,0.955,7.65,529,0.1,31.0,-30.7,
903,931,,13.02,12.92,0.992,12.92,859,5.0,54.2,-49.1,
903,932,,12.86,12.71,0.988,12.71,849,3.0,51.8,-48.8,
903,933,,13.47,13.37,0.992,13.37,889,3.9,51.9,-47.8,
903,934,,13.56,13.49,0.995,13.49,895,4.5,51.9,-47.2,
903,935,,14.84,14.66,0.988,14.66,979,4.3,55.2,-50.8,
903,942,,12.96,15.25,1.176,15.25,855,22.5,49.0,-26.4,
903,946,,8.05,7.86,0.975,7.86,532,0.1,39.7,-39.6,
903,GATE,,18.42,19.50,1.058,19.50,1216,9.9,73.2,-63.3,
904,1,,9.48,10.15,1.070,10.15,626,5.1,41.2,-36.1,
904,2,,8.08,8.60,1.065,8.60,533,3.0,33.4,-30.3,
904,3,,6.72,7.27,1.082,7.27,443,3.0,32.8,-29.8,
904,4,,7.55,8.09,1.073,8.09,498,3.0,32.9,-29.9,
904,5,,6.09,6.61,1.086,6.61,402,3.0,28.7,-25.6,
904,6,,5.86,6.33,1.080,6.33,387,3.0,25.8,-22.8,
904,7,,6.21,6.68,1.076,6.68,410,3.0,25.8,-22.8,
904,8,,7.31,7.93,1.085,7.93,482,4.2,31.1,-27.0,
904,9,,5.68,5.83,1.027,5.83,375,3.3,19.0,-15.8,
904,10,,4.97,5.13,1.033,5.13,328,3.3,15.8,-12.5,
904,10-1,,4.74,4.89,1.030,4.89,313,3.3,15.0,-11.7,
904,11,,5.44,5.58,1.026,5.58,359,3.3,16.0,-12.7,
904,12,,6.64,6.83,1.028,6.83,438,4.6,16.6,-11.9,
904,13,,7.80,8.08,1.036,8.08,515,7.0,18.2,-11.2,
904,14,,5.29,5.70,1.077,5.70,349,3.0,20.1,-17.1,
904,15,,9.91,11.11,1.122,11.11,654,6.4,49.7,-43.1,
904,15-1,,11.26,12.38,1.099,12.38,743,6.4,54.6,-48.2,
904,16,,11.26,12.42,1.103,12.42,743,6.4,56.2,-49.8,
904,16-1,,12.34,13.32,1.080,13.32,814,6.4,58.4,-51.9,
904,17,,9.75,10.94,1.122,10.94,644,6.4,46.2,-39.8,
904,18,,13.83,14.44,1.044,14.44,913,14.5,21.3,-6.7,
904,19,,14.46,14.98,1.037,14.98,954,14.5,23.1,-8.6,
904,20,,9.76,10.25,1.050,10.25,644,11.0,18.8,-7.8,
904,21,,13.16,13.52,1.028,13.52,868,10.9,24.5,-13.6,
904,22,,12.48,13.08,1.048,13.08,824,5.1,34.2,-29.1,
904,24,,13.09,13.50,1.031,13.50,864,3.1,46.4,-43.3,
904,25,,13.45,14.00,1.041,14.00,888,5.0,45.5,-40.5,
904,25-1,,14.38,14.91,1.037,14.91,949,5.0,45.9,-40.9,
904,26,,13.48,14.05,1.042,14.05,890,5.0,43.4,-38.4,
904,27,,14.22,14.81,1.041,14.81,939,5.6,43.6,-38.1,
904,28,,14.52,15.10,1.040,15.10,958,5.4,40.3,-34.8,
904,29,,13.74,15.81,1.151,15.81,907,32.8,11.1,+21.7,
904,30,,15.27,15.83,1.036,15.83,1008,11.6,36.4,-24.8,
904,31,,14.84,15.42,1.039,15.42,980,6.8,36.6,-29.8,
904,32,,18.54,19.35,1.044,19.35,1224,13.6,40.0,-26.4,
904,32-1,,18.48,19.29,1.044,19.29,1220,13.6,40.0,-26.4,
904,33,,16.56,17.40,1.050,17.40,1093,16.3,36.2,-19.9,
904,34,,15.46,16.36,1.058,16.36,1021,19.0,30.6,-11.6,
904,35,,12.75,13.29,1.042,13.29,842,13.0,21.1,-8.1,
904,36,,15.82,16.42,1.038,16.42,1044,16.0,23.2,-7.2,
904,37,,16.57,17.40,1.050,17.40,1093,16.3,36.2,-19.9,
904,38,,17.27,17.76,1.029,17.76,1140,15.9,30.6,-14.7,
904,39,,17.30,18.05,1.043,18.05,1142,19.1,23.9,-4.8,
904,40,,17.87,19.49,1.091,19.49,1179,30.9,28.3,+2.6,
904,43,,13.34,13.71,1.028,13.71,881,10.9,24.5,-13.6,
904,43-1,,13.92,14.47,1.040,14.47,918,13.0,27.9,-14.9,
904,43-2,,14.02,14.44,1.029,14.44,926,11.6,30.3,-18.7,
904,44-1,,15.67,16.28,1.038,16.28,1035,16.0,23.2,-7.2,
904,49,,9.52,10.88,1.143,10.88,628,10.2,35.6,-25.4,
904,50,,9.25,10.52,1.137,10.52,610,6.7,42.9,-36.2,
904,51,,10.54,11.62,1.102,11.62,696,6.8,44.1,-37.1,
904,52,,10.45,11.50,1.100,11.50,690,6.8,40.4,-33.6,
904,52-1,,11.06,12.43,1.124,12.43,730,12.7,42.4,-29.6,
904,52-2,,11.66,12.83,1.100,12.83,770,8.4,43.2,-34.8,
904,53,,9.14,10.48,1.146,10.48,603,9.9,35.8,-25.9,
904,54,,8.11,9.34,1.152,9.34,535,7.9,35.3,-27.5,
904,55,,8.29,9.52,1.149,9.52,547,7.8,35.3,-27.5,
904,56,,12.46,12.71,1.021,12.71,822,7.6,26.7,-19.1,
904,57,,14.13,15.68,1.110,15.68,933,13.7,56.6,-42.9,
904,57-1,,13.13,14.52,1.106,14.52,867,13.9,47.0,-33.0,
904,58,,14.19,15.44,1.089,15.44,936,9.1,57.9,-48.8,
904,59,,13.29,14.91,1.122,14.91,877,13.7,55.1,-41.2,
904,59-1,,14.21,15.85,1.116,15.85,938,13.7,61.6,-47.6,
904,61,,7.86,8.52,1.085,8.52,518,5.0,31.1,-26.1,
904,62,,11.15,11.83,1.061,11.83,736,5.6,41.5,-35.9,
904,64,,16.15,17.01,1.053,17.01,1066,6.4,71.2,-64.8,
904,66,,11.60,13.83,1.193,13.83,766,32.8,0.6,+32.2,
904,71,,16.57,16.37,0.988,16.37,1094,8.4,56.7,-48.3,
904,71-1,,16.57,16.37,0.988,16.37,1094,8.4,56.7,-48.3,
904,73,,11.23,11.72,1.043,11.72,741,3.0,47.9,-44.9,
904,74,,7.58,8.53,1.125,8.53,500,6.4,32.5,-26.1,
904,75,,18.53,19.23,1.038,19.23,1223,11.9,40.0,-28.2,
904,75-1,,18.43,18.84,1.022,18.84,1216,8.6,43.4,-34.8,
904,80,,22.70,23.79,1.048,23.79,1498,30.1,57.8,-27.8,
904,81,,14.72,14.56,0.989,14.56,972,8.4,42.9,-34.5,
904,82,,5.75,5.90,1.026,5.90,380,6.4,8.8,-2.4,
904,83,,10.86,12.20,1.123,12.20,717,8.8,48.6,-39.8,
904,84,,8.97,10.20,1.138,10.20,592,6.4,42.3,-35.9,
904,85,,15.87,15.83,0.997,15.83,1048,10.6,42.9,-32.3,
904,85-1,,23.62,24.66,1.044,24.66,1559,29.6,58.2,-28.6,
904,86,,22.32,23.33,1.045,23.33,1473,27.8,57.8,-30.0,
904,101,,13.88,14.86,1.070,14.86,916,6.4,61.2,-54.8,
904,103,,12.71,13.11,1.031,13.11,839,3.0,52.8,-49.8,
904,105-2,,14.15,15.96,1.128,15.96,934,30.9,13.8,+17.3,
904,129,,15.97,16.44,1.030,16.44,1054,6.9,38.7,-31.8,
904,132,,12.16,14.10,1.159,14.10,803,30.9,7.0,+23.9,
904,135,,17.44,18.20,1.044,18.20,1151,19.3,23.9,-4.5,
904,140,,9.29,9.33,1.005,9.33,613,8.2,18.7,-10.4,
904,140-1,,9.29,9.33,1.005,9.33,613,8.2,18.7,-10.4,
904,140-2,,9.29,9.33,1.005,9.33,613,8.2,18.7,-10.4,
904,142,,12.16,14.39,1.183,14.39,802,32.7,0.7,+32.1,
904,143,,10.73,11.18,1.041,11.18,708,11.0,20.7,-9.7,
904,152-1,,17.10,18.31,1.071,18.31,1129,11.3,64.1,-52.8,
904,153,,16.77,17.97,1.072,17.97,1107,11.1,62.2,-51.1,
904,200,,16.64,17.23,1.035,17.23,1098,6.1,45.9,-39.8,
904,201,,17.69,18.15,1.026,18.15,1167,8.5,40.7,-32.3,
904,203,,16.61,17.20,1.035,17.20,1096,6.1,45.9,-39.8,
904,207,,12.04,13.21,1.097,13.21,795,8.4,43.2,-34.8,
904,220,,11.21,12.58,1.122,12.58,740,12.7,43.4,-30.6,
904,221,,13.43,14.96,1.113,14.96,887,15.4,45.2,-29.8,
904,222,,11.90,13.35,1.122,13.35,785,14.0,45.2,-31.2,
904,223,,12.52,12.79,1.022,12.79,826,13.1,36.0,-23.0,
904,300,,19.00,22.61,1.190,22.61,1254,58.8,11.1,+47.7,
904,301,,19.83,23.69,1.195,23.69,1309,62.7,11.1,+51.7,
904,302,,22.64,27.93,1.234,27.93,1494,84.4,11.1,+73.2,
904,500,,17.45,18.20,1.043,18.20,1152,13.1,58.5,-45.4,
904,900,,2.82,2.74,0.972,2.74,186,0.8,5.5,-4.8,
904,901,,3.79,3.58,0.946,3.58,250,0.6,9.8,-9.2,
904,902,,1.90,1.77,0.932,1.77,126,0.0,5.1,-5.0,
904,903,,0.77,0.74,0.952,0.74,51,0.0,0.7,-0.8,
904,905,,1.82,1.73,0.951,1.73,120,0.3,2.6,-2.3,
904,906,,3.35,3.16,0.943,3.16,221,0.0,6.9,-6.9,
904,915,,8.36,8.18,0.979,8.18,552,0.0,40.7,-40.2,
904,916,,9.50,9.39,0.988,9.39,627,2.0,42.0,-39.9,
904,917,,10.32,10.34,1.002,10.34,681,2.1,48.0,-45.7,
904,918,,2.06,2.60,1.261,2.60,136,6.9,0.1,+6.4,
904,919,,5.31,5.17,0.974,5.17,350,0.0,19.9,-19.8,
904,921,,6.99,6.82,0.976,6.82,461,0.2,29.4,-29.2,
904,922,,7.51,7.50,0.997,7.50,496,2.1,26.8,-24.8,
904,923,,8.00,8.02,1.002,8.02,528,3.3,29.5,-26.0,
904,924,,7.98,7.88,0.988,7.88,526,2.1,30.4,-28.3,
904,925,,7.30,7.10,0.973,7.10,482,0.0,29.9,-29.8,
904,926,,7.75,7.49,0.965,7.49,512,0.1,31.6,-31.4,
904,931,,12.76,12.75,1.000,12.75,842,5.0,54.8,-49.8,
904,932,,12.60,12.54,0.996,12.54,832,3.0,52.4,-49.6,
904,933,,13.21,13.20,1.000,13.20,872,3.9,52.5,-48.5,
904,934,,13.29,13.33,1.002,13.33,877,4.5,52.5,-47.9,
904,935,,14.57,14.50,0.995,14.50,962,4.2,55.8,-51.5,
904,942,,12.67,14.93,1.178,14.93,837,21.3,48.3,-27.0,
904,946,,7.79,7.69,0.987,7.69,514,0.0,40.3,-40.3,
904,GATE,,18.10,19.13,1.057,19.13,1194,9.3,73.3,-64.1,
905,1,,11.13,12.01,1.079,12.01,735,9.3,42.9,-33.7,
905,2,,9.72,10.46,1.076,10.46,642,7.2,35.2,-27.9,
905,3,,8.36,9.12,1.091,9.12,552,7.2,34.6,-27.4,
905,4,,9.19,9.95,1.082,9.95,607,7.2,34.7,-27.5,
905,5,,7.73,8.46,1.094,8.46,510,7.2,30.5,-23.2,
905,6,,7.50,8.19,1.091,8.19,495,7.2,27.6,-20.4,
905,7,,7.85,8.53,1.087,8.53,518,7.2,27.6,-20.4,
905,8,,8.95,9.78,1.093,9.78,591,8.4,32.9,-24.5,
905,9,,7.32,7.69,1.049,7.69,483,7.4,20.8,-13.3,
905,10,,6.61,6.98,1.056,6.98,436,7.4,17.5,-10.1,
905,10-1,,6.39,6.74,1.055,6.74,422,7.4,16.8,-9.3,
905,11,,7.08,7.43,1.049,7.43,468,7.4,17.8,-10.3,
905,12,,8.29,8.68,1.048,8.68,547,8.8,18.3,-9.5,
905,13,,9.30,10.08,1.085,10.08,613,15.1,23.9,-8.8,
905,14,,6.94,7.56,1.089,7.56,458,7.2,21.8,-14.6,
905,15,,11.55,12.97,1.123,12.97,762,10.6,51.5,-40.7,
905,15-1,,12.90,14.23,1.103,14.23,852,10.6,56.4,-45.8,
905,16,,12.90,14.27,1.106,14.27,852,10.6,58.0,-47.3,
905,16-1,,13.98,15.18,1.085,15.18,923,10.6,60.2,-49.5,
905,17,,11.40,12.79,1.123,12.79,752,10.6,48.0,-37.4,
905,18,,15.32,16.44,1.073,16.44,1011,22.6,26.9,-4.3,
905,19,,15.95,16.98,1.065,16.98,1053,22.6,28.8,-6.1,
905,20,,11.25,12.25,1.088,12.25,743,19.1,24.4,-5.3,
905,21,,14.65,15.52,1.060,15.52,967,19.0,30.2,-11.2,
905,22,,14.12,14.94,1.057,14.94,932,9.3,36.0,-26.6,
905,24,,14.74,15.35,1.042,15.35,973,7.3,48.2,-40.9,
905,25,,15.10,15.86,1.050,15.86,996,9.2,47.3,-38.0,
905,25-1,,16.03,16.77,1.046,16.77,1058,9.2,47.7,-38.5,
905,26,,15.13,15.91,1.052,15.91,998,9.2,45.2,-36.0,
905,27,,15.87,16.66,1.050,16.66,1047,9.7,45.4,-35.7,
905,28,,16.16,16.96,1.049,16.96,1067,9.6,42.1,-32.4,
905,29,,14.39,16.60,1.154,16.60,950,35.3,11.2,+24.1,
905,30,,16.77,17.83,1.063,17.83,1107,19.7,42.1,-22.4,
905,31,,16.49,17.28,1.048,17.28,1088,11.0,38.4,-27.3,
905,32,,20.19,21.21,1.051,21.21,1332,17.8,41.8,-24.0,
905,32-1,,20.13,21.15,1.051,21.15,1328,17.8,41.8,-24.0,
905,33,,18.06,19.40,1.074,19.40,1192,24.3,41.9,-17.5,
905,34,,16.96,18.36,1.083,18.36,1119,27.1,36.3,-9.2,
905,35,,14.25,15.29,1.073,15.29,940,21.1,26.8,-5.7,
905,36,,17.31,18.42,1.064,18.42,1143,24.1,28.8,-4.7,
905,37,,18.06,19.40,1.074,19.40,1192,24.3,41.9,-17.5,
905,38,,18.77,19.76,1.053,19.76,1239,24.0,36.2,-12.2,
905,39,,18.73,20.61,1.101,20.61,1236,33.4,34.9,-1.5,
905,40,,18.52,20.27,1.095,20.27,1222,33.4,28.4,+5.0,
905,43,,14.84,15.71,1.059,15.71,979,19.0,30.2,-11.2,
905,43-1,,15.41,16.47,1.069,16.47,1017,21.1,33.6,-12.5,
905,43-2,,15.52,16.44,1.059,16.44,1024,19.7,36.0,-16.2,
905,44-1,,17.17,18.28,1.064,18.28,1133,24.1,28.9,-4.8,
905,49,,11.17,12.73,1.140,12.73,737,14.4,37.4,-23.0,
905,50,,10.89,12.37,1.136,12.37,719,10.9,44.7,-33.8,
905,51,,12.19,13.48,1.106,13.48,805,11.0,45.9,-34.7,
905,52,,12.10,13.35,1.104,13.35,799,11.0,42.2,-31.2,
905,52-1,,12.71,14.28,1.124,14.28,839,16.9,44.2,-27.2,
905,52-2,,13.31,14.69,1.104,14.69,878,12.6,45.0,-32.4,
905,53,,10.79,12.33,1.143,12.33,712,14.1,37.5,-23.4,
905,54,,9.75,11.19,1.148,11.19,644,12.0,37.1,-25.0,
905,55,,9.93,11.38,1.145,11.38,656,12.0,37.1,-25.0,
905,56,,14.10,14.57,1.033,14.57,931,11.8,28.5,-16.7,
905,57,,15.78,17.53,1.111,17.53,1041,17.9,58.4,-40.5,
905,57-1,,14.77,16.37,1.108,16.37,975,18.1,48.7,-30.6,
905,58,,15.83,17.30,1.093,17.30,1045,13.3,59.7,-46.4,
905,59,,14.94,16.77,1.123,16.77,986,17.9,56.9,-38.8,
905,59-1,,15.86,17.71,1.117,17.71,1046,17.9,63.3,-45.2,
905,61,,9.50,10.38,1.092,10.38,627,9.2,32.9,-23.7,
905,62,,12.80,13.68,1.069,13.68,844,9.8,43.3,-33.5,
905,64,,17.80,18.86,1.060,18.86,1175,10.6,73.0,-62.3,
905,66,,12.25,14.62,1.194,14.62,808,35.3,0.7,+34.6,
905,71,,18.22,18.23,1.001,18.23,1202,12.6,58.5,-45.8,
905,71-1,,18.22,18.23,1.001,18.23,1202,12.6,58.5,-45.8,
905,73,,12.88,13.57,1.054,13.57,850,7.2,49.7,-42.5,
905,74,,9.22,10.38,1.125,10.38,609,10.6,34.3,-23.7,
905,75,,20.17,21.08,1.045,21.08,1331,16.0,41.8,-25.7,
905,75-1,,20.07,20.69,1.031,20.69,1325,12.8,45.2,-32.3,
905,80,,24.34,25.65,1.054,25.65,1607,34.2,59.6,-25.4,
905,81,,16.37,16.41,1.003,16.41,1080,12.6,44.6,-32.0,
905,82,,7.40,7.76,1.049,7.76,488,10.6,10.6,+0.1,
905,83,,12.51,14.06,1.124,14.06,826,13.0,50.4,-37.4,
905,84,,10.61,12.06,1.136,12.06,700,10.6,44.0,-33.4,
905,85,,17.52,17.69,1.010,17.69,1156,14.7,44.6,-29.9,
905,85-1,,25.27,26.52,1.049,26.52,1668,33.8,60.0,-26.2,
905,86,,23.97,25.19,1.051,25.19,1582,31.9,59.6,-27.6,
905,101,,15.52,16.71,1.077,16.71,1025,10.6,63.0,-52.4,
905,103,,14.36,14.96,1.042,14.96,948,7.2,54.6,-47.4,
905,105-2,,14.80,16.75,1.132,16.75,977,33.3,13.9,+19.8,
905,129,,17.61,18.30,1.039,18.30,1162,11.0,40.5,-29.4,
905,132,,12.81,14.89,1.162,14.89,846,33.4,7.1,+26.3,
905,135,,18.14,19.96,1.100,19.96,1197,33.4,29.8,+3.6,
905,140,,10.93,11.19,1.023,11.19,721,12.4,20.4,-8.0,
905,140-1,,10.93,11.19,1.023,11.19,721,12.4,20.4,-8.0,
905,140-2,,10.93,11.19,1.023,11.19,721,12.4,20.4,-8.0,
905,142,,12.81,15.17,1.185,15.17,845,35.2,0.8,+34.5,
905,143,,12.23,13.18,1.078,13.18,807,19.1,26.4,-7.3,
905,152-1,,18.75,20.17,1.076,20.17,1237,15.5,65.9,-50.4,
905,153,,18.42,19.83,1.077,19.83,1215,15.2,64.0,-48.7,
905,200,,18.28,19.08,1.044,19.08,1207,10.3,47.7,-37.4,
905,201,,19.33,20.01,1.035,20.01,1276,12.7,42.5,-29.8,
905,203,,18.26,19.06,1.044,19.06,1205,10.3,47.7,-37.4,
905,207,,13.68,15.06,1.101,15.06,903,12.6,45.0,-32.4,
905,220,,12.86,14.44,1.123,14.44,849,16.9,45.2,-28.2,
905,221,,15.08,16.81,1.115,16.81,995,19.6,46.9,-27.3,
905,222,,13.54,15.20,1.123,15.20,894,18.2,47.0,-28.8,
905,223,,14.16,14.64,1.034,14.64,935,17.2,37.7,-20.5,
905,300,,19.65,23.40,1.191,23.40,1297,61.2,11.2,+50.1,
905,301,,20.48,24.48,1.195,24.48,1352,65.2,11.2,+54.1,
905,302,,23.28,28.72,1.233,28.72,1537,86.9,11.2,+75.6,
905,500,,19.10,20.05,1.050,20.05,1260,17.3,60.3,-43.0,
905,900,,1.80,1.75,0.976,1.75,119,1.9,4.0,-2.4,
905,901,,4.35,4.21,0.968,4.21,287,2.5,9.4,-6.7,
905,902,,2.66,2.61,0.982,2.61,176,2.0,4.6,-2.6,
905,903,,2.11,2.23,1.057,2.23,139,3.3,1.5,+1.7,
905,904,,1.82,1.95,1.073,1.95,120,2.6,0.3,+2.3,
905,906,,2.98,2.83,0.951,2.83,197,1.9,6.1,-4.5,
905,915,,8.95,8.84,0.988,8.84,591,2.0,40.2,-37.8,
905,916,,10.09,10.05,0.996,10.05,666,3.9,41.6,-37.4,
905,917,,10.91,11.00,1.008,11.00,720,4.0,47.5,-43.3,
905,918,,1.57,2.25,1.426,2.25,104,9.1,0.0,+8.6,
905,919,,5.90,5.83,0.988,5.83,390,2.0,19.4,-17.4,
905,921,,7.58,7.48,0.986,7.48,500,2.1,29.0,-26.8,
905,922,,8.11,8.16,1.006,8.16,535,4.0,26.3,-22.4,
905,923,,8.60,8.68,1.009,8.68,568,5.3,29.0,-23.6,
905,924,,8.57,8.54,0.996,8.54,566,4.1,30.0,-25.9,
905,925,,7.89,7.76,0.983,7.76,521,2.0,29.4,-27.4,
905,926,,8.35,8.15,0.976,8.15,551,2.0,31.1,-29.0,
905,931,,13.35,13.41,1.005,13.41,881,6.9,54.3,-47.4,
905,932,,13.19,13.21,1.001,13.21,871,4.9,52.0,-47.2,
905,933,,13.80,13.87,1.005,13.87,911,5.8,52.0,-46.1,
905,934,,13.89,13.99,1.007,13.99,917,6.4,52.0,-45.5,
905,935,,15.17,15.16,0.999,15.16,1001,6.1,55.4,-49.1,
905,942,,12.19,14.57,1.196,14.57,804,23.5,48.2,-24.7,
905,946,,8.39,8.35,0.996,8.35,554,2.0,39.8,-37.9,
905,GATE,,19.74,20.99,1.063,20.99,1303,13.4,75.1,-61.6,
906,1,,10.48,11.91,1.137,11.91,691,14.2,40.8,-26.3,
906,2,,9.07,10.37,1.143,10.37,599,12.2,33.1,-20.5,
906,3,,7.71,9.03,1.171,9.03,509,12.1,32.5,-20.0,
906,4,,8.54,9.86,1.154,9.86,563,12.1,32.6,-20.1,
906,5,,7.08,8.37,1.182,8.37,467,12.1,28.4,-15.8,
906,6,,6.85,8.09,1.181,8.09,452,12.1,25.5,-13.0,
906,7,,7.20,8.44,1.173,8.44,475,12.1,25.4,-13.0,
906,8,,8.30,9.69,1.167,9.69,548,13.3,30.8,-17.1,
906,9,,6.67,7.60,1.138,7.60,440,12.4,18.7,-6.0,
906,10,,5.96,6.89,1.156,6.89,393,12.4,15.4,-2.7,
906,10-1,,5.73,6.65,1.159,6.65,378,12.4,14.7,-1.9,
906,11,,6.43,7.34,1.141,7.34,424,12.4,15.7,-2.9,
906,12,,7.63,8.59,1.126,8.59,504,13.8,16.2,-2.1,
906,13,,8.79,9.85,1.120,9.85,580,16.1,17.9,-1.4,
906,14,,6.29,7.46,1.187,7.46,415,12.1,19.7,-7.2,
906,15,,10.90,12.88,1.182,12.88,719,15.5,49.4,-33.3,
906,15-1,,12.25,14.14,1.154,14.14,809,15.5,54.3,-38.4,
906,16,,12.25,14.18,1.157,14.18,809,15.5,55.9,-39.9,
906,16-1,,13.33,15.09,1.132,15.09,880,15.5,58.0,-42.1,
906,17,,10.74,12.70,1.182,12.70,709,15.5,45.9,-30.0,
906,18,,14.82,16.20,1.093,16.20,978,23.6,20.9,+3.1,
906,19,,15.45,16.75,1.084,16.75,1020,23.6,22.8,+1.2,
906,20,,10.75,12.01,1.117,12.01,710,20.1,18.4,+2.1,
906,21,,14.15,15.28,1.080,15.28,934,20.0,24.2,-3.8,
906,22,,13.47,14.84,1.102,14.84,889,14.3,33.9,-19.2,
906,24,,14.09,15.26,1.083,15.26,930,12.2,46.1,-33.5,
906,25,,14.45,15.77,1.091,15.77,953,14.1,45.2,-30.7,
906,25-1,,15.38,16.67,1.084,16.67,1015,14.1,45.6,-31.1,
906,26,,14.47,15.81,1.093,15.81,955,14.1,43.1,-28.6,
906,27,,15.21,16.57,1.089,16.57,1004,14.7,43.3,-28.3,
906,28,,15.51,16.86,1.087,16.86,1024,14.5,40.0,-25.0,
906,29,,16.64,19.12,1.149,19.12,1098,39.7,11.1,+28.6,
906,30,,16.26,17.59,1.082,17.59,1073,20.7,36.1,-15.0,
906,31,,15.84,17.18,1.085,17.18,1045,16.0,36.3,-19.9,
906,32,,19.53,21.12,1.081,21.12,1289,22.7,39.7,-16.6,
906,32-1,,19.47,21.06,1.081,21.06,1285,22.7,39.7,-16.6,
906,33,,17.56,19.16,1.092,19.16,1159,25.4,35.9,-10.1,
906,34,,16.46,18.12,1.101,18.12,1086,28.2,30.3,-1.8,
906,35,,13.74,15.05,1.095,15.05,907,22.1,20.8,+1.7,
906,36,,16.81,18.19,1.082,18.19,1109,25.1,22.8,+2.7,
906,37,,17.56,19.16,1.092,19.16,1159,25.4,35.9,-10.1,
906,38,,18.26,19.53,1.069,19.53,1205,25.0,30.2,-4.8,
906,39,,18.29,19.81,1.083,19.81,1207,28.2,23.6,+5.0,
906,40,,20.02,21.69,1.084,21.69,1321,31.8,30.1,+2.0,
906,43,,14.33,15.47,1.080,15.47,946,20.0,24.2,-3.8,
906,43-1,,14.91,16.23,1.089,16.23,984,22.1,27.6,-5.1,
906,43-2,,15.02,16.20,1.079,16.20,991,20.7,29.9,-8.8,
906,44-1,,16.67,18.04,1.082,18.04,1100,25.1,22.9,+2.6,
906,49,,10.51,12.64,1.203,12.64,694,19.3,35.3,-15.6,
906,50,,10.24,12.28,1.199,12.28,676,15.8,42.6,-26.4,
906,51,,11.54,13.38,1.160,13.38,761,16.0,43.8,-27.3,
906,52,,11.45,13.26,1.159,13.26,755,16.0,40.1,-23.8,
906,52-1,,12.05,14.19,1.177,14.19,796,21.8,42.1,-19.8,
906,52-2,,12.65,14.60,1.153,14.60,835,17.5,42.9,-25.0,
906,53,,10.13,12.24,1.208,12.24,669,19.0,35.4,-16.0,
906,54,,9.10,11.10,1.221,11.10,600,17.0,35.0,-17.6,
906,55,,9.28,11.29,1.216,11.29,613,16.9,35.0,-17.6,
906,56,,13.45,14.48,1.076,14.48,888,16.7,26.4,-9.3,
906,57,,15.12,17.44,1.153,17.44,998,22.8,56.3,-33.1,
906,57-1,,14.12,16.28,1.153,16.28,932,23.0,46.6,-23.2,
906,58,,15.18,17.21,1.133,17.21,1002,18.2,57.6,-39.0,
906,59,,14.28,16.68,1.168,16.68,943,22.8,54.8,-31.4,
906,59-1,,15.20,17.62,1.159,17.62,1003,22.8,61.2,-37.8,
906,61,,8.85,10.29,1.162,10.29,584,14.1,30.8,-16.3,
906,62,,12.14,13.59,1.119,13.59,801,14.7,41.2,-26.1,
906,64,,17.15,18.77,1.095,18.77,1132,15.5,70.8,-55.0,
906,66,,14.50,17.14,1.182,17.14,957,39.7,0.6,+39.0,
906,71,,17.56,18.13,1.032,18.13,1159,17.5,56.4,-38.5,
906,71-1,,17.56,18.13,1.032,18.13,1159,17.5,56.4,-38.5,
906,73,,12.23,13.48,1.103,13.48,807,12.1,47.6,-35.1,
906,74,,8.57,10.29,1.201,10.29,566,15.5,32.2,-16.3,
906,75,,19.52,20.99,1.075,20.99,1288,21.0,39.7,-18.3,
906,75-1,,19.42,20.60,1.061,20.60,1282,17.7,43.0,-24.9,
906,80,,23.69,25.56,1.079,25.56,1564,39.2,57.4,-18.0,
906,81,,15.71,16.32,1.039,16.32,1037,17.5,42.5,-24.6,
906,82,,6.74,7.66,1.137,7.66,445,15.5,8.5,+7.5,
906,83,,11.86,13.96,1.178,13.96,783,17.9,48.3,-30.0,
906,84,,9.96,11.97,1.202,11.97,657,15.5,41.9,-26.0,
906,85,,16.86,17.60,1.043,17.60,1113,19.7,42.5,-22.5,
906,85-1,,24.61,26.43,1.074,26.43,1624,38.7,57.9,-18.8,
906,86,,23.31,25.10,1.077,25.10,1539,36.9,57.5,-20.2,
906,101,,14.87,16.62,1.118,16.62,981,15.5,60.9,-45.0,
906,103,,13.71,14.87,1.085,14.87,905,12.1,52.5,-40.0,
906,105-2,,17.05,19.26,1.130,19.26,1125,37.7,13.8,+24.2,
906,129,,16.96,18.20,1.073,18.20,1119,16.0,38.4,-22.0,
906,132,,15.06,17.41,1.156,17.41,994,37.7,7.0,+30.8,
906,135,,18.43,19.96,1.083,19.96,1216,28.5,23.6,+5.3,
906,140,,10.28,11.09,1.079,11.09,678,17.4,18.3,-0.6,
906,140-1,,10.28,11.09,1.079,11.09,678,17.4,18.3,-0.6,
906,140-2,,10.28,11.09,1.079,11.09,678,17.4,18.3,-0.6,
906,142,,15.06,17.69,1.175,17.69,994,39.6,0.7,+39.0,
906,143,,11.73,12.94,1.103,12.94,774,20.1,20.4,+0.1,
906,152-1,,18.10,20.08,1.109,20.08,1194,20.4,63.8,-43.0,
906,153,,17.76,19.74,1.111,19.74,1172,20.2,61.8,-41.3,
906,200,,17.63,18.99,1.077,18.99,1164,15.2,45.6,-30.0,
906,201,,18.68,19.91,1.066,19.91,1233,17.6,40.4,-22.4,
906,203,,17.61,18.96,1.077,18.96,1162,15.2,45.6,-30.0,
906,207,,13.03,14.97,1.149,14.97,860,17.5,42.9,-25.0,
906,220,,12.21,14.35,1.175,14.35,806,21.8,43.0,-20.8,
906,221,,14.42,16.72,1.159,16.72,952,24.5,44.8,-20.0,
906,222,,12.89,15.11,1.172,15.11,851,23.1,44.9,-21.4,
906,223,,13.51,14.55,1.077,14.55,892,22.2,35.6,-13.2,
906,300,,21.90,25.92,1.183,25.92,1446,65.6,11.1,+54.6,
906,301,,22.73,27.00,1.188,27.00,1500,69.6,11.1,+58.6,
906,302,,25.54,31.24,1.223,31.24,1685,91.3,11.1,+80.1,
906,500,,18.44,19.96,1.082,19.96,1217,22.2,58.2,-35.6,
906,900,,1.21,1.33,1.097,1.33,80,2.1,0.0,+2.1,
906,901,,1.15,1.18,1.026,1.18,76,0.6,0.0,+0.6,
906,902,,1.85,1.95,1.054,1.95,122,1.8,0.0,+1.8,
906,903,,3.60,3.96,1.098,3.96,238,6.3,0.1,+6.1,
906,904,,3.35,3.75,1.121,3.75,221,6.9,0.0,+6.9,
906,905,,2.98,3.28,1.102,3.28,197,6.1,1.9,+4.5,
906,915,,4.79,4.94,1.032,4.94,316,0.0,31.3,-30.4,
906,916,,5.93,6.15,1.037,6.15,391,1.9,32.6,-30.0,
906,917,,6.75,7.10,1.052,7.10,445,2.1,38.6,-35.9,
906,918,,4.16,5.08,1.223,5.08,274,13.6,0.0,+13.1,
906,919,,1.74,1.93,1.112,1.93,115,0.0,10.4,-10.0,
906,921,,3.42,3.58,1.047,3.58,226,0.2,20.0,-19.4,
906,922,,3.94,4.26,1.080,4.26,260,2.1,17.3,-15.0,
906,923,,4.43,4.78,1.078,4.78,293,3.3,20.0,-16.2,
906,924,,4.41,4.64,1.053,4.64,291,2.1,21.0,-18.5,
906,925,,3.73,3.86,1.035,3.86,246,0.0,20.5,-20.0,
906,926,,4.18,4.25,1.015,4.25,276,0.0,22.2,-21.6,
906,931,,9.19,9.51,1.035,9.51,606,5.0,45.4,-40.0,
906,932,,9.03,9.31,1.031,9.31,596,2.9,43.0,-39.8,
906,933,,9.64,9.96,1.034,9.96,636,3.9,43.1,-38.7,
906,934,,9.72,10.09,1.037,10.09,642,4.4,43.1,-38.1,
906,935,,11.00,11.26,1.023,11.26,726,4.2,46.4,-41.7,
906,942,,9.24,9.88,1.069,9.88,610,8.5,30.0,-21.1,
906,946,,4.22,4.45,1.055,4.45,279,0.0,30.9,-30.5,
906,GATE,,19.09,20.90,1.095,20.90,1260,18.4,73.0,-54.2,
915,1,,14.24,17.51,1.230,17.51,940,42.8,38.2,+4.2,
915,2,,12.83,15.96,1.244,15.96,847,40.7,30.5,+9.9,
915,3,,11.47,14.63,1.275,14.63,757,40.7,29.9,+10.4,
915,4,,12.30,15.45,1.256,15.45,812,40.7,30.0,+10.3,
915,5,,10.84,13.96,1.288,13.96,715,40.7,25.8,+14.7,
915,6,,10.61,13.69,1.290,13.69,700,40.7,22.9,+17.5,
915,7,,10.96,14.04,1.281,14.04,723,40.7,22.9,+17.5,
915,8,,12.06,15.28,1.267,15.28,796,41.9,28.2,+13.3,
915,9,,10.43,13.19,1.264,13.19,689,41.0,16.1,+24.5,
915,10,,9.72,12.49,1.285,12.49,642,41.0,12.9,+27.7,
915,10-1,,9.50,12.24,1.289,12.24,627,41.0,12.1,+28.5,
915,11,,10.19,12.93,1.269,12.93,673,41.0,13.1,+27.5,
915,12,,11.39,14.19,1.245,14.19,752,42.4,13.6,+28.3,
915,13,,12.55,15.44,1.230,15.44,829,44.7,15.3,+29.0,
915,14,,10.05,13.06,1.300,13.06,663,40.7,17.1,+23.2,
915,15,,14.66,18.47,1.260,18.47,967,44.1,46.8,-2.8,
915,15-1,,16.01,19.73,1.232,19.73,1057,44.1,51.7,-8.0,
915,16,,16.01,19.77,1.235,19.77,1057,44.1,53.3,-9.5,
915,16-1,,17.09,20.68,1.210,20.68,1128,44.1,55.5,-11.7,
915,17,,14.50,18.30,1.262,18.30,957,44.1,43.3,+0.4,
915,18,,18.58,21.80,1.173,21.80,1226,52.2,18.3,+33.5,
915,19,,19.21,22.34,1.163,22.34,1268,52.2,20.2,+31.7,
915,20,,14.51,17.60,1.213,17.60,958,48.7,15.8,+32.5,
915,21,,17.91,20.88,1.166,20.88,1182,48.6,21.6,+26.6,
915,22,,17.23,20.44,1.186,20.44,1137,42.8,31.3,+11.2,
915,24,,17.85,20.85,1.169,20.85,1178,40.8,43.5,-3.1,
915,25,,18.21,21.36,1.173,21.36,1202,42.7,42.6,-0.2,
915,25-1,,19.14,22.27,1.164,22.27,1263,42.7,43.0,-0.7,
915,26,,18.23,21.41,1.174,21.41,1203,42.7,40.5,+1.8,
915,27,,18.98,22.17,1.168,22.17,1252,43.3,40.7,+2.1,
915,28,,19.27,22.46,1.165,22.46,1272,43.1,37.4,+5.4,
915,29,,21.49,25.98,1.209,25.98,1418,73.8,11.5,+61.9,
915,30,,20.02,23.19,1.158,23.19,1322,49.3,33.5,+15.4,
915,31,,19.60,22.78,1.162,22.78,1293,44.5,33.7,+10.5,
915,32,,23.29,26.71,1.147,26.71,1537,51.3,37.1,+13.9,
915,32-1,,23.23,26.65,1.147,26.65,1533,51.3,37.1,+13.9,
915,33,,21.32,24.76,1.161,24.76,1407,54.0,33.3,+20.3,
915,34,,20.22,23.72,1.173,23.72,1334,56.7,27.7,+28.6,
915,35,,17.51,20.65,1.179,20.65,1155,50.7,18.2,+32.1,
915,36,,20.57,23.78,1.156,23.78,1358,53.7,20.2,+33.1,
915,37,,21.32,24.76,1.161,24.76,1407,54.0,33.3,+20.3,
915,38,,22.02,25.12,1.141,25.12,1454,53.6,27.7,+25.6,
915,39,,22.05,25.41,1.152,25.41,1455,56.8,21.0,+35.4,
915,40,,23.78,27.28,1.148,27.28,1569,60.3,27.5,+32.4,
915,43,,18.10,21.07,1.164,21.07,1194,48.6,21.6,+26.6,
915,43-1,,18.67,21.83,1.169,21.83,1232,50.7,25.0,+25.4,
915,43-2,,18.78,21.80,1.161,21.80,1239,49.3,27.4,+21.6,
915,44-1,,20.43,23.63,1.157,23.63,1348,53.7,20.3,+33.0,
915,49,,14.27,18.24,1.278,18.24,942,47.9,32.7,+14.8,
915,50,,14.00,17.87,1.277,17.87,924,44.4,40.0,+4.0,
915,51,,15.30,18.98,1.241,18.98,1010,44.5,41.2,+3.2,
915,52,,15.21,18.86,1.240,18.86,1004,44.5,37.5,+6.7,
915,52-1,,15.81,19.79,1.251,19.79,1044,50.4,39.5,+10.7,
915,52-2,,16.42,20.19,1.230,20.19,1083,46.1,40.3,+5.4,
915,53,,13.89,17.83,1.284,17.83,917,47.6,32.8,+14.4,
915,54,,12.86,16.70,1.299,16.70,849,45.6,32.4,+12.8,
915,55,,13.04,16.88,1.294,16.88,861,45.5,32.4,+12.8,
915,56,,17.21,20.07,1.166,20.07,1136,45.3,23.8,+21.1,
915,57,,18.88,23.04,1.220,23.04,1246,51.4,53.7,-2.6,
915,57-1,,17.88,21.87,1.223,21.87,1180,51.6,44.0,+7.2,
915,58,,18.94,22.80,1.204,22.80,1250,46.8,55.0,-8.6,
915,59,,18.04,22.27,1.234,22.27,1191,51.4,52.2,-1.0,
915,59-1,,18.96,23.21,1.224,23.21,1252,51.4,58.7,-7.3,
915,61,,12.61,15.88,1.259,15.88,832,42.7,28.2,+14.1,
915,62,,15.90,19.18,1.206,19.18,1050,43.3,38.6,+4.3,
915,64,,20.91,24.36,1.165,24.36,1380,44.1,68.3,-24.5,
915,66,,19.35,24.00,1.240,24.00,1277,73.8,1.0,+72.4,
915,71,,21.32,23.73,1.113,23.73,1407,46.1,53.8,-8.0,
915,71-1,,21.32,23.73,1.113,23.73,1407,46.1,53.8,-8.0,
915,73,,15.99,19.08,1.193,19.08,1055,40.7,45.0,-4.7,
915,74,,12.33,15.88,1.288,15.88,814,44.1,29.6,+14.2,
915,75,,23.28,26.59,1.142,26.59,1537,49.6,37.1,+12.1,
915,75-1,,23.18,26.19,1.130,26.19,1530,46.3,40.5,+5.5,
915,80,,27.45,31.15,1.135,31.15,1812,67.8,54.9,+12.4,
915,81,,19.47,21.92,1.125,21.92,1285,46.1,39.9,+5.8,
915,82,,10.50,13.26,1.262,13.26,693,44.1,5.9,+37.9,
915,83,,15.62,19.56,1.252,19.56,1031,46.5,45.7,+0.4,
915,84,,13.72,17.56,1.280,17.56,905,44.1,39.3,+4.4,
915,85,,20.63,23.19,1.124,23.19,1361,48.3,39.9,+8.0,
915,85-1,,28.37,32.02,1.128,32.02,1873,67.3,55.3,+11.6,
915,86,,27.07,30.69,1.134,30.69,1787,65.5,54.9,+10.2,
915,101,,18.63,22.21,1.192,22.21,1230,44.1,58.3,-14.6,
915,103,,17.47,20.46,1.172,20.46,1153,40.7,49.9,-9.6,
915,105-2,,21.90,26.13,1.193,26.13,1445,71.9,14.2,+57.6,
915,129,,20.72,23.80,1.149,23.80,1368,44.6,35.8,+8.4,
915,132,,19.91,24.27,1.219,24.27,1314,71.9,7.4,+64.1,
915,135,,22.19,25.56,1.152,25.56,1465,57.0,21.0,+35.7,
915,140,,14.04,16.69,1.189,16.69,927,45.9,15.7,+29.8,
915,140-1,,14.04,16.69,1.189,16.69,927,45.9,15.7,+29.8,
915,140-2,,14.04,16.69,1.189,16.69,927,45.9,15.7,+29.8,
915,142,,19.91,24.55,1.233,24.55,1314,73.7,1.1,+72.3,
915,143,,15.49,18.53,1.197,18.53,1022,48.7,17.8,+30.5,
915,152-1,,21.86,25.67,1.174,25.67,1443,49.0,61.2,-12.6,
915,153,,21.52,25.33,1.177,25.33,1421,48.8,59.3,-10.9,
915,200,,21.39,24.58,1.149,24.58,1412,43.8,43.0,+0.4,
915,201,,22.44,25.51,1.137,25.51,1481,46.2,37.8,+8.0,
915,203,,21.37,24.56,1.149,24.56,1410,43.8,43.0,+0.4,
915,207,,16.79,20.57,1.225,20.57,1108,46.1,40.3,+5.4,
915,220,,15.97,19.94,1.249,19.94,1054,50.4,40.5,+9.7,
915,221,,18.19,22.31,1.227,22.31,1200,53.1,42.2,+10.5,
915,222,,16.65,20.70,1.244,20.70,1099,51.7,42.3,+9.0,
915,223,,17.27,20.14,1.166,20.14,1140,50.7,33.0,+17.3,
915,300,,26.75,32.78,1.225,32.78,1766,99.8,11.5,+87.9,
915,301,,27.58,33.86,1.228,33.86,1820,103.8,11.5,+91.9,
915,302,,30.39,38.10,1.254,38.10,2005,125.4,11.5,+113.5,
915,500,,22.20,25.55,1.151,25.55,1465,50.8,55.6,-5.1,
915,900,,7.49,9.81,1.311,9.81,494,36.0,0.1,+35.4,
915,901,,5.78,7.85,1.358,7.85,382,31.4,0.0,+31.1,
915,902,,6.86,9.17,1.337,9.17,453,35.6,0.0,+35.2,
915,903,,8.62,11.18,1.298,11.18,569,40.1,0.1,+39.5,
915,904,,8.36,10.98,1.313,10.98,552,40.7,0.0,+40.2,
915,905,,8.95,11.46,1.280,11.46,591,40.2,2.0,+37.8,
915,906,,4.79,6.88,1.437,6.88,316,31.3,0.0,+30.4,
915,916,,1.27,1.33,1.047,1.33,84,1.8,0.9,+0.4,
915,917,,2.09,2.28,1.091,2.28,138,2.0,6.9,-5.5,
915,918,,9.20,12.34,1.341,12.34,607,47.4,0.0,+46.5,
915,919,,4.58,5.92,1.294,5.92,302,20.8,0.0,+20.4,
915,921,,4.35,5.10,1.172,5.10,287,14.1,2.7,+11.0,
915,922,,5.34,6.30,1.180,6.30,352,17.6,2.7,+14.6,
915,923,,5.37,6.30,1.174,6.30,354,17.2,2.7,+14.2,
915,924,,5.34,6.16,1.154,6.16,352,16.0,3.7,+12.0,
915,925,,4.66,5.38,1.154,5.38,308,13.9,3.1,+10.4,
915,926,,5.12,5.77,1.127,5.77,338,13.9,4.8,+8.8,
915,931,,7.04,7.34,1.042,7.34,465,9.2,18.4,-9.6,
915,932,,6.88,7.13,1.036,7.13,454,7.2,16.0,-9.3,
915,933,,7.49,7.79,1.040,7.79,494,8.1,16.0,-8.3,
915,934,,7.58,7.91,1.044,7.91,500,8.6,16.0,-7.7,
915,935,,8.86,9.09,1.026,9.09,585,8.4,19.4,-11.3,
915,942,,7.10,7.71,1.086,7.71,468,12.7,3.0,+9.3,
915,946,,2.08,2.28,1.098,2.28,137,4.2,3.9,-0.1,
915,GATE,,22.85,26.49,1.159,26.49,1508,47.0,70.4,-23.8,
916,1,,15.38,18.67,1.214,18.67,1015,44.1,40.2,+3.8,
916,2,,13.97,17.12,1.226,17.12,922,42.1,32.4,+9.5,
916,3,,12.61,15.79,1.252,15.79,832,42.1,31.8,+10.0,
916,4,,13.44,16.61,1.236,16.61,887,42.1,31.9,+9.9,
916,5,,11.98,15.13,1.263,15.13,791,42.1,27.7,+14.3,
916,6,,11.75,14.85,1.263,14.85,776,42.1,24.8,+17.1,
916,7,,12.10,15.20,1.256,15.20,799,42.1,24.8,+17.1,
916,8,,13.20,16.44,1.246,16.44,871,43.2,30.1,+12.9,
916,9,,11.57,14.35,1.240,14.35,764,42.3,18.0,+24.1,
916,10,,10.86,13.65,1.257,13.65,717,42.3,14.8,+27.4,
916,10-1,,10.64,13.40,1.260,13.40,702,42.3,14.0,+28.1,
916,11,,11.33,14.10,1.244,14.10,748,42.3,15.0,+27.1,
916,12,,12.54,15.35,1.224,15.35,827,43.7,15.6,+28.0,
916,13,,13.69,16.60,1.212,16.60,904,46.0,17.2,+28.6,
916,14,,11.19,14.22,1.271,14.22,738,42.1,19.1,+22.8,
916,15,,15.80,19.63,1.243,19.63,1043,45.5,48.7,-3.2,
916,15-1,,17.15,20.90,1.218,20.90,1132,45.5,53.6,-8.4,
916,16,,17.15,20.93,1.221,20.93,1132,45.5,55.2,-9.9,
916,16-1,,18.23,21.84,1.198,21.84,1203,45.5,57.4,-12.1,
916,17,,15.64,19.46,1.244,19.46,1033,45.5,45.2,+0.0,
916,18,,19.72,22.96,1.164,22.96,1302,53.6,20.2,+33.1,
916,19,,20.35,23.50,1.155,23.50,1343,53.6,22.1,+31.3,
916,20,,15.65,18.76,1.199,18.76,1033,50.1,17.8,+32.1,
916,21,,19.05,22.04,1.157,22.04,1257,50.0,23.5,+26.2,
916,22,,18.37,21.60,1.176,21.60,1213,44.2,33.2,+10.8,
916,24,,18.99,22.02,1.160,22.02,1253,42.2,45.4,-3.4,
916,25,,19.35,22.52,1.164,22.52,1277,44.1,44.5,-0.6,
916,25-1,,20.28,23.43,1.155,23.43,1338,44.1,44.9,-1.1,
916,26,,19.38,22.57,1.165,22.57,1279,44.1,42.4,+1.5,
916,27,,20.12,23.33,1.160,23.33,1328,44.6,42.7,+1.7,
916,28,,20.41,23.62,1.157,23.62,1347,44.5,39.3,+5.0,
916,29,,22.63,27.14,1.199,27.14,1494,75.2,13.4,+61.5,
916,30,,21.17,24.35,1.150,24.35,1397,50.7,35.4,+15.0,
916,31,,20.74,23.94,1.154,23.94,1369,45.9,35.6,+10.1,
916,32,,24.44,27.87,1.141,27.87,1613,52.7,39.0,+13.5,
916,32-1,,24.37,27.81,1.141,27.81,1609,52.7,39.0,+13.5,
916,33,,22.46,25.92,1.154,25.92,1482,55.3,35.2,+19.9,
916,34,,21.36,24.88,1.165,24.88,1410,58.1,29.6,+28.2,
916,35,,18.65,21.81,1.170,21.81,1231,52.1,20.1,+31.8,
916,36,,21.71,24.94,1.149,24.94,1433,55.1,22.2,+32.7,
916,37,,22.46,25.92,1.154,25.92,1482,55.3,35.2,+19.9,
916,38,,23.16,26.28,1.135,26.28,1529,55.0,29.6,+25.2,
916,39,,23.19,26.57,1.146,26.57,1531,58.2,22.9,+35.0,
916,40,,24.92,28.45,1.142,28.45,1645,61.7,29.5,+32.0,
916,43,,19.24,22.23,1.156,22.23,1270,50.0,23.5,+26.2,
916,43-1,,19.81,22.99,1.161,22.99,1307,52.1,26.9,+25.0,
916,43-2,,19.92,22.96,1.153,22.96,1315,50.7,29.3,+21.2,
916,44-1,,21.57,24.79,1.150,24.79,1423,55.1,22.2,+32.6,
916,49,,15.41,19.40,1.258,19.40,1017,49.3,34.6,+14.4,
916,50,,15.14,19.04,1.257,19.04,999,45.8,41.9,+3.7,
916,51,,16.44,20.14,1.225,20.14,1085,45.9,43.1,+2.8,
916,52,,16.35,20.02,1.224,20.02,1079,45.9,39.4,+6.3,
916,52-1,,16.95,20.95,1.235,20.95,1119,51.7,41.4,+10.3,
916,52-2,,17.56,21.35,1.216,21.35,1159,47.5,42.2,+5.0,
916,53,,15.03,19.00,1.263,19.00,992,49.0,34.8,+14.0,
916,54,,14.00,17.86,1.276,17.86,924,46.9,34.3,+12.4,
916,55,,14.18,18.04,1.272,18.04,936,46.9,34.3,+12.4,
916,56,,18.35,21.23,1.157,21.23,1211,46.7,25.7,+20.7,
916,57,,20.02,24.20,1.208,24.20,1322,52.8,55.6,-3.0,
916,57-1,,19.02,23.03,1.211,23.03,1255,53.0,46.0,+6.8,
916,58,,20.08,23.96,1.193,23.96,1325,48.1,56.9,-9.0,
916,59,,19.18,23.43,1.221,23.43,1266,52.8,54.1,-1.3,
916,59-1,,20.10,24.37,1.212,24.37,1327,52.8,60.6,-7.7,
916,61,,13.75,17.04,1.239,17.04,907,44.1,30.1,+13.8,
916,62,,17.04,20.34,1.194,20.34,1125,44.7,40.5,+4.0,
916,64,,22.05,25.52,1.158,25.52,1455,45.5,70.2,-24.9,
916,66,,20.49,25.16,1.228,25.16,1352,75.2,3.0,+72.0,
916,71,,22.46,24.89,1.108,24.89,1483,47.5,55.7,-8.4,
916,71-1,,22.46,24.89,1.108,24.89,1483,47.5,55.7,-8.4,
916,73,,17.13,20.24,1.182,20.24,1130,42.1,46.9,-5.1,
916,74,,13.47,17.04,1.265,17.04,889,45.5,31.5,+13.8,
916,75,,24.42,27.75,1.136,27.75,1612,50.9,39.0,+11.7,
916,75-1,,24.32,27.36,1.125,27.36,1605,47.7,42.4,+5.1,
916,80,,28.59,32.31,1.130,32.31,1887,69.1,56.8,+12.0,
916,81,,20.62,23.08,1.119,23.08,1361,47.5,41.8,+5.4,
916,82,,11.64,14.42,1.238,14.42,769,45.5,7.8,+37.5,
916,83,,16.76,20.72,1.236,20.72,1106,47.9,47.6,+0.0,
916,84,,14.86,18.72,1.260,18.72,981,45.5,41.3,+4.0,
916,85,,21.77,24.35,1.119,24.35,1437,49.6,41.8,+7.6,
916,85-1,,29.51,33.18,1.124,33.18,1948,68.7,57.2,+11.3,
916,86,,28.21,31.85,1.129,31.85,1862,66.8,56.8,+9.8,
916,101,,19.77,23.37,1.182,23.37,1305,45.5,60.2,-15.0,
916,103,,18.61,21.63,1.162,21.63,1228,42.1,51.8,-10.0,
916,105-2,,23.04,27.29,1.184,27.29,1521,73.3,16.1,+57.2,
916,129,,21.86,24.96,1.142,24.96,1443,45.9,37.7,+8.0,
916,132,,21.05,25.43,1.208,25.43,1390,73.3,9.3,+63.7,
916,135,,23.33,26.72,1.145,26.72,1540,58.4,22.9,+35.3,
916,140,,15.18,17.85,1.176,17.85,1002,47.3,17.7,+29.4,
916,140-1,,15.18,17.85,1.176,17.85,1002,47.3,17.7,+29.4,
916,140-2,,15.18,17.85,1.176,17.85,1002,47.3,17.7,+29.4,
916,142,,21.05,25.72,1.222,25.72,1389,75.1,3.0,+71.9,
916,143,,16.63,19.69,1.185,19.69,1097,50.0,19.7,+30.1,
916,152-1,,23.00,26.83,1.167,26.83,1518,50.4,63.1,-13.0,
916,153,,22.66,26.49,1.169,26.49,1496,50.1,61.2,-11.2,
916,200,,22.53,25.74,1.143,25.74,1487,45.2,44.9,+0.0,
916,201,,23.58,26.67,1.131,26.67,1556,47.5,39.7,+7.6,
916,203,,22.51,25.72,1.143,25.72,1485,45.2,44.9,+0.0,
916,207,,17.93,21.73,1.212,21.73,1183,47.5,42.2,+5.0,
916,220,,17.11,21.10,1.234,21.10,1129,51.7,42.4,+9.3,
916,221,,19.33,23.47,1.215,23.47,1275,54.5,44.2,+10.1,
916,222,,17.79,21.87,1.229,21.87,1174,53.1,44.2,+8.7,
916,223,,18.41,21.31,1.157,21.31,1215,52.1,34.9,+16.9,
916,300,,27.89,33.94,1.217,33.94,1841,101.1,13.4,+87.5,
916,301,,28.72,35.02,1.219,35.02,1896,105.1,13.4,+91.5,
916,302,,31.53,39.26,1.245,39.26,2081,126.8,13.4,+113.1,
916,500,,23.34,26.71,1.144,26.71,1541,52.2,57.5,-5.5,
916,900,,8.63,10.98,1.272,10.98,569,37.4,2.1,+35.0,
916,901,,6.92,9.01,1.302,9.01,457,32.8,2.0,+30.7,
916,902,,8.00,10.34,1.292,10.34,528,37.0,2.0,+34.8,
916,903,,9.76,12.35,1.265,12.35,644,41.4,2.0,+39.1,
916,904,,9.50,12.14,1.278,12.14,627,42.0,2.0,+39.9,
916,905,,10.09,12.62,1.251,12.62,666,41.6,3.9,+37.4,
916,906,,5.93,8.04,1.356,8.04,391,32.6,1.9,+30.0,
916,915,,1.27,1.27,0.998,1.27,84,0.9,1.8,-0.4,
916,917,,0.94,1.07,1.141,1.07,62,0.1,5.8,-5.8,
916,918,,10.34,13.50,1.306,13.50,682,48.7,1.9,+46.1,
916,919,,5.72,7.08,1.239,7.08,377,22.2,1.9,+20.0,
916,921,,5.49,6.26,1.140,6.26,362,15.4,4.6,+10.7,
916,922,,6.48,7.46,1.151,7.46,427,19.0,4.6,+14.2,
916,923,,6.51,7.46,1.146,7.46,429,18.6,4.6,+13.8,
916,924,,6.48,7.32,1.130,7.32,428,17.4,5.6,+11.6,
916,925,,5.80,6.54,1.127,6.54,383,15.3,5.0,+10.0,
916,926,,6.26,6.93,1.107,6.93,413,15.3,6.8,+8.4,
916,931,,8.18,8.50,1.039,8.50,540,10.6,20.3,-10.0,
916,932,,8.02,8.30,1.034,8.30,530,8.5,17.9,-9.7,
916,933,,8.63,8.95,1.037,8.95,570,9.4,18.0,-8.7,
916,934,,8.72,9.08,1.041,9.08,575,10.0,18.0,-8.1,
916,935,,10.00,10.25,1.025,10.25,660,9.8,21.3,-11.7,
916,942,,8.24,8.87,1.076,8.87,544,14.0,4.9,+8.9,
916,946,,3.22,3.44,1.070,3.44,212,5.6,5.8,-0.5,
916,GATE,,23.99,27.65,1.153,27.65,1583,48.3,72.3,-24.2,
917,1,,16.20,19.91,1.229,19.91,1069,50.1,40.3,+9.6,
917,2,,14.79,18.36,1.242,18.36,976,48.1,32.5,+15.4,
917,3,,13.43,17.03,1.268,17.03,886,48.0,32.0,+15.9,
917,4,,14.26,17.85,1.252,17.85,941,48.0,32.0,+15.8,
917,5,,12.80,16.36,1.279,16.36,845,48.0,27.8,+20.1,
917,6,,12.57,16.09,1.280,16.09,830,48.0,24.9,+22.9,
917,7,,12.92,16.44,1.272,16.44,853,48.0,24.9,+22.9,
917,8,,14.02,17.68,1.261,17.68,925,49.2,30.2,+18.8,
917,9,,12.39,15.59,1.258,15.59,818,48.3,18.2,+29.9,
917,10,,11.68,14.89,1.275,14.89,771,48.3,14.9,+33.2,
917,10-1,,11.45,14.64,1.278,14.64,756,48.3,14.2,+34.0,
917,11,,12.15,15.33,1.262,15.33,802,48.3,15.1,+33.0,
917,12,,13.35,16.59,1.242,16.59,881,49.7,15.7,+33.8,
917,13,,14.51,17.84,1.229,17.84,958,52.0,17.4,+34.5,
917,14,,12.01,15.46,1.288,15.46,792,48.0,19.2,+28.7,
917,15,,16.62,20.87,1.256,20.87,1097,51.4,48.8,+2.6,
917,15-1,,17.97,22.13,1.232,22.13,1186,51.4,53.8,-2.5,
917,16,,17.97,22.17,1.234,22.17,1186,51.4,55.3,-4.0,
917,16-1,,19.05,23.08,1.212,23.08,1257,51.4,57.5,-6.2,
917,17,,16.46,20.70,1.257,20.70,1087,51.4,45.4,+5.9,
917,18,,20.54,24.20,1.178,24.20,1356,59.5,20.4,+39.0,
917,19,,21.17,24.74,1.169,24.74,1397,59.5,22.2,+37.1,
917,20,,16.47,20.00,1.215,20.00,1087,56.0,17.9,+37.9,
917,21,,19.87,23.28,1.172,23.28,1311,55.9,23.7,+32.1,
917,22,,19.19,22.84,1.190,22.84,1267,50.2,33.3,+16.7,
917,24,,19.81,23.25,1.174,23.25,1307,48.1,45.5,+2.4,
917,25,,20.16,23.76,1.178,23.76,1331,50.0,44.6,+5.2,
917,25-1,,21.10,24.67,1.169,24.67,1392,50.0,45.1,+4.8,
917,26,,20.19,23.81,1.179,23.81,1333,50.0,42.6,+7.3,
917,27,,20.93,24.57,1.173,24.57,1382,50.6,42.8,+7.6,
917,28,,21.23,24.86,1.171,24.86,1401,50.4,39.4,+10.9,
917,29,,23.45,28.38,1.210,28.38,1548,81.2,13.6,+67.4,
917,30,,21.98,25.59,1.164,25.59,1451,56.6,35.6,+20.9,
917,31,,21.55,25.18,1.168,25.18,1423,51.9,35.7,+16.0,
917,32,,25.25,29.11,1.153,29.11,1667,58.6,39.1,+19.3,
917,32-1,,25.19,29.05,1.153,29.05,1663,58.6,39.1,+19.3,
917,33,,23.28,27.16,1.167,27.16,1536,61.3,35.3,+25.8,
917,34,,22.18,26.12,1.178,26.12,1464,64.1,29.8,+34.1,
917,35,,19.46,23.05,1.184,23.05,1285,58.1,20.3,+37.6,
917,36,,22.53,26.18,1.162,26.18,1487,61.1,22.3,+38.6,
917,37,,23.28,27.16,1.167,27.16,1536,61.3,35.3,+25.8,
917,38,,23.98,27.52,1.148,27.52,1583,60.9,29.7,+31.0,
917,39,,24.01,27.81,1.158,27.81,1585,64.2,23.0,+40.9,
917,40,,25.74,29.69,1.153,29.69,1699,67.7,29.6,+37.9,
917,43,,20.05,23.47,1.170,23.47,1324,56.0,23.7,+32.1,
917,43-1,,20.63,24.23,1.175,24.23,1361,58.1,27.1,+30.8,
917,43-2,,20.74,24.20,1.167,24.20,1369,56.6,29.4,+27.0,
917,44-1,,22.39,26.03,1.163,26.03,1478,61.0,22.3,+38.5,
917,49,,16.23,20.64,1.271,20.64,1071,55.2,34.8,+20.3,
917,50,,15.96,20.27,1.270,20.27,1053,51.8,42.1,+9.5,
917,51,,17.26,21.38,1.239,21.38,1139,51.9,43.2,+8.6,
917,52,,17.17,21.26,1.238,21.26,1133,51.9,39.6,+12.1,
917,52-1,,17.77,22.19,1.248,22.19,1173,57.7,41.5,+16.1,
917,52-2,,18.37,22.59,1.230,22.59,1213,53.4,42.4,+10.9,
917,53,,15.85,20.24,1.276,20.24,1046,54.9,34.9,+19.8,
917,54,,14.82,19.10,1.289,19.10,978,52.9,34.4,+18.2,
917,55,,15.00,19.28,1.285,19.28,990,52.9,34.4,+18.2,
917,56,,19.17,22.47,1.172,22.47,1265,52.6,25.9,+26.6,
917,57,,20.84,25.44,1.220,25.44,1376,58.7,55.7,+2.8,
917,57-1,,19.84,24.27,1.223,24.27,1309,58.9,46.1,+12.7,
917,58,,20.90,25.20,1.206,25.20,1379,54.1,57.0,-3.1,
917,59,,20.00,24.67,1.233,24.67,1320,58.7,54.3,+4.5,
917,59-1,,20.92,25.61,1.224,25.61,1381,58.7,60.7,-1.9,
917,61,,14.57,18.28,1.255,18.28,961,50.1,30.2,+19.6,
917,62,,17.86,21.58,1.208,21.58,1179,50.7,40.7,+9.8,
917,64,,22.87,26.76,1.170,26.76,1509,51.4,70.3,-19.1,
917,66,,21.31,26.40,1.239,26.40,1406,81.2,3.1,+77.9,
917,71,,23.28,26.13,1.122,26.13,1537,53.4,55.8,-2.6,
917,71-1,,23.28,26.13,1.122,26.13,1537,53.4,55.8,-2.6,
917,73,,17.95,21.48,1.197,21.48,1184,48.0,47.1,+0.8,
917,74,,14.29,18.28,1.279,18.28,943,51.4,31.7,+19.6,
917,75,,25.24,28.99,1.148,28.99,1666,56.9,39.2,+17.5,
917,75-1,,25.14,28.59,1.137,28.59,1659,53.6,42.5,+10.9,
917,80,,29.41,33.55,1.141,33.55,1941,75.1,56.9,+17.9,
917,81,,21.43,24.32,1.135,24.32,1415,53.4,42.0,+11.2,
917,82,,12.46,15.66,1.256,15.66,823,51.4,7.9,+43.3,
917,83,,17.58,21.96,1.249,21.96,1160,53.8,47.8,+5.9,
917,84,,15.68,19.96,1.273,19.96,1035,51.4,41.4,+9.8,
917,85,,22.58,25.59,1.133,25.59,1491,55.6,42.0,+13.4,
917,85-1,,30.33,34.42,1.135,34.42,2002,74.6,57.3,+17.1,
917,86,,29.03,33.09,1.140,33.09,1916,72.8,56.9,+15.7,
917,101,,20.59,24.61,1.195,24.61,1359,51.4,60.4,-9.1,
917,103,,19.43,22.86,1.177,22.86,1282,48.0,51.9,-4.1,
917,105-2,,23.86,28.53,1.196,28.53,1575,79.2,16.2,+63.1,
917,129,,22.68,26.20,1.155,26.20,1497,51.9,37.8,+13.9,
917,132,,21.87,26.67,1.219,26.67,1444,79.2,9.5,+69.6,
917,135,,24.15,27.96,1.158,27.96,1594,64.4,23.0,+41.2,
917,140,,16.00,19.09,1.193,19.09,1056,53.3,17.8,+35.3,
917,140-1,,16.00,19.09,1.193,19.09,1056,53.3,17.8,+35.3,
917,140-2,,16.00,19.09,1.193,19.09,1056,53.3,17.8,+35.3,
917,142,,21.87,26.95,1.233,26.95,1443,81.1,3.1,+77.8,
917,143,,17.45,20.93,1.200,20.93,1151,56.0,19.9,+36.0,
917,152-1,,23.82,28.07,1.179,28.07,1572,56.3,63.3,-7.1,
917,153,,23.48,27.73,1.181,27.73,1550,56.1,61.3,-5.4,
917,200,,23.35,26.98,1.156,26.98,1541,51.1,45.1,+5.9,
917,201,,24.40,27.91,1.144,27.91,1610,53.5,39.9,+13.5,
917,203,,23.33,26.96,1.156,26.96,1539,51.1,45.1,+5.9,
917,207,,18.75,22.97,1.225,22.97,1238,53.4,42.3,+10.9,
917,220,,17.93,22.34,1.246,22.34,1183,57.7,42.5,+15.1,
917,221,,20.14,24.71,1.227,24.71,1330,60.4,44.3,+15.9,
917,222,,18.61,23.11,1.242,23.11,1228,59.1,44.4,+14.5,
917,223,,19.23,22.55,1.172,22.55,1269,58.1,35.1,+22.7,
917,300,,28.71,35.18,1.225,35.18,1895,107.1,13.5,+93.4,
917,301,,29.54,36.26,1.227,36.26,1950,111.1,13.5,+97.4,
917,302,,32.34,40.50,1.252,40.50,2135,132.8,13.5,+118.9,
917,500,,24.16,27.95,1.157,27.95,1595,58.2,57.6,+0.3,
917,900,,9.45,12.21,1.293,12.21,623,43.3,2.2,+40.9,
917,901,,7.74,10.25,1.324,10.25,511,38.7,2.1,+36.5,
917,902,,8.82,11.57,1.312,11.57,582,43.0,2.1,+40.7,
917,903,,10.58,13.59,1.284,13.59,698,47.4,2.2,+45.0,
917,904,,10.32,13.38,1.297,13.38,681,48.0,2.1,+45.7,
917,905,,10.91,13.86,1.270,13.86,720,47.5,4.0,+43.3,
917,906,,6.75,9.28,1.375,9.28,445,38.6,2.1,+35.9,
917,915,,2.09,2.51,1.200,2.51,138,6.9,2.0,+5.5,
917,916,,0.94,1.36,1.446,1.36,62,5.8,0.1,+5.8,
917,918,,11.16,14.74,1.321,14.74,736,54.7,2.1,+51.9,
917,919,,6.54,8.32,1.273,8.32,431,28.2,2.1,+25.9,
917,921,,6.31,7.50,1.189,7.50,416,21.4,4.8,+16.5,
917,922,,7.30,8.70,1.192,8.70,481,25.0,4.8,+20.1,
917,923,,7.33,8.70,1.187,8.70,484,24.6,4.8,+19.7,
917,924,,7.30,8.56,1.173,8.56,482,23.4,5.7,+17.4,
917,925,,6.62,7.78,1.175,7.78,437,21.2,5.2,+15.9,
917,926,,7.08,8.17,1.154,8.17,467,21.3,6.9,+14.3,
917,931,,9.00,9.74,1.082,9.74,594,16.5,20.4,-4.1,
917,932,,8.84,9.53,1.078,9.53,584,14.5,18.1,-3.9,
917,933,,9.45,10.19,1.078,10.19,624,15.4,18.1,-2.8,
917,934,,9.54,10.32,1.082,10.32,629,16.0,18.1,-2.2,
917,935,,10.82,11.49,1.062,11.49,714,15.7,21.5,-5.8,
917,942,,9.06,10.11,1.116,10.11,598,20.0,5.0,+14.8,
917,946,,4.04,4.68,1.160,4.68,266,11.6,6.0,+5.4,
917,GATE,,24.81,28.89,1.165,28.89,1637,54.3,72.5,-18.3,
918,1,,11.37,12.33,1.084,12.33,751,7.3,50.1,-42.3,
918,2,,9.97,10.78,1.082,10.78,658,5.3,42.3,-36.6,
918,3,,8.61,9.44,1.097,9.44,568,5.2,41.8,-36.0,
918,4,,9.43,10.27,1.088,10.27,623,5.2,41.8,-36.1,
918,5,,7.97,8.78,1.101,8.78,526,5.2,37.6,-31.8,
918,6,,7.75,8.50,1.098,8.50,511,5.2,34.7,-29.0,
918,7,,8.09,8.85,1.094,8.85,534,5.2,34.7,-29.0,
918,8,,9.20,10.10,1.098,10.10,607,6.4,40.0,-33.2,
918,9,,7.57,8.01,1.058,8.01,500,5.5,28.0,-22.0,
918,10,,6.86,7.30,1.065,7.30,452,5.5,24.7,-18.7,
918,10-1,,6.63,7.06,1.065,7.06,438,5.5,24.0,-17.9,
918,11,,7.33,7.75,1.058,7.75,484,5.5,24.9,-18.9,
918,12,,8.53,9.00,1.055,9.00,563,6.9,25.5,-18.1,
918,13,,9.54,10.39,1.090,10.39,630,12.5,30.5,-17.5,
918,14,,7.18,7.88,1.096,7.88,474,5.2,29.0,-23.3,
918,15,,11.79,13.29,1.127,13.29,778,8.6,58.6,-49.3,
918,15-1,,13.15,14.55,1.107,14.55,868,8.6,63.6,-54.4,
918,16,,13.15,14.59,1.110,14.59,868,8.6,65.1,-56.0,
918,16-1,,14.23,15.50,1.089,15.50,939,8.6,67.3,-58.1,
918,17,,11.64,13.11,1.127,13.11,768,8.6,55.2,-46.0,
918,18,,15.56,16.75,1.076,16.75,1027,20.1,33.5,-13.0,
918,19,,16.19,17.30,1.068,17.30,1069,20.1,35.4,-14.8,
918,20,,11.50,12.56,1.092,12.56,759,16.6,31.0,-14.0,
918,21,,14.89,15.83,1.063,15.83,983,16.5,36.8,-19.9,
918,22,,14.37,15.25,1.062,15.25,948,7.4,43.1,-35.3,
918,24,,14.98,15.67,1.046,15.67,989,5.3,55.3,-49.5,
918,25,,15.34,16.18,1.055,16.18,1013,7.2,54.4,-46.7,
918,25-1,,16.27,17.09,1.050,17.09,1074,7.2,54.9,-47.1,
918,26,,15.37,16.23,1.056,16.23,1014,7.2,52.4,-44.6,
918,27,,16.11,16.98,1.054,16.98,1063,7.8,52.6,-44.3,
918,28,,16.40,17.28,1.053,17.28,1083,7.6,49.3,-41.0,
918,29,,14.63,16.91,1.156,16.91,966,32.8,17.8,+15.5,
918,30,,17.01,18.14,1.066,18.14,1123,17.2,48.7,-31.0,
918,31,,16.73,17.60,1.052,17.60,1104,9.1,45.5,-36.0,
918,32,,20.43,21.53,1.054,21.53,1348,15.8,48.9,-32.6,
918,32-1,,20.37,21.47,1.054,21.47,1344,15.8,48.9,-32.6,
918,33,,18.30,19.71,1.077,19.71,1208,21.8,48.5,-26.1,
918,34,,17.20,18.67,1.085,18.67,1135,24.6,42.9,-17.8,
918,35,,14.49,15.60,1.077,15.60,956,18.6,33.4,-14.3,
918,36,,17.56,18.73,1.067,18.73,1159,21.6,35.4,-13.4,
918,37,,18.30,19.71,1.077,19.71,1208,21.8,48.5,-26.1,
918,38,,19.01,20.08,1.056,20.08,1255,21.4,42.8,-20.9,
918,39,,18.97,20.93,1.103,20.93,1252,30.8,41.5,-10.1,
918,40,,18.76,20.59,1.097,20.59,1238,30.8,35.0,-3.6,
918,43,,15.08,16.02,1.062,16.02,995,16.5,36.8,-19.8,
918,43-1,,15.65,16.78,1.072,16.78,1033,18.6,40.2,-21.1,
918,43-2,,15.76,16.75,1.063,16.75,1040,17.2,42.6,-24.9,
918,44-1,,17.41,18.59,1.067,18.59,1149,21.5,35.5,-13.4,
918,49,,11.41,13.05,1.144,13.05,753,12.4,44.6,-31.6,
918,50,,11.14,12.69,1.140,12.69,735,9.0,51.9,-42.4,
918,51,,12.43,13.80,1.110,13.80,821,9.1,53.0,-43.3,
918,52,,12.34,13.67,1.108,13.67,815,9.1,49.4,-39.8,
918,52-1,,12.95,14.60,1.128,14.60,855,14.9,51.3,-35.8,
918,52-2,,13.55,15.01,1.107,15.01,894,10.6,52.2,-41.0,
918,53,,11.03,12.65,1.147,12.65,728,12.1,44.7,-32.1,
918,54,,9.99,11.51,1.152,11.51,660,10.1,44.2,-33.7,
918,55,,10.18,11.70,1.149,11.70,672,10.1,44.2,-33.7,
918,56,,14.35,14.89,1.038,14.89,947,9.8,35.7,-25.3,
918,57,,16.02,17.85,1.114,17.85,1057,15.9,65.5,-49.1,
918,57-1,,15.02,16.69,1.111,16.69,991,16.1,55.9,-39.2,
918,58,,16.08,17.62,1.096,17.62,1061,11.3,66.8,-55.0,
918,59,,15.18,17.09,1.126,17.09,1002,15.9,64.1,-47.4,
918,59-1,,16.10,18.03,1.120,18.03,1063,15.9,70.5,-53.8,
918,61,,9.74,10.70,1.098,10.70,643,7.3,40.0,-32.3,
918,62,,13.04,14.00,1.074,14.00,861,7.8,50.5,-42.1,
918,64,,18.04,19.18,1.063,19.18,1191,8.6,80.1,-71.0,
918,66,,12.49,14.93,1.196,14.93,824,32.8,7.3,+25.9,
918,71,,18.46,18.55,1.005,18.55,1218,10.6,65.6,-54.5,
918,71-1,,18.46,18.55,1.005,18.55,1218,10.6,65.6,-54.5,
918,73,,13.12,13.89,1.059,13.89,866,5.2,56.9,-51.2,
918,74,,9.47,10.70,1.130,10.70,625,8.6,41.5,-32.3,
918,75,,20.42,21.40,1.048,21.40,1348,14.1,49.0,-34.4,
918,75-1,,20.32,21.01,1.034,21.01,1341,10.8,52.3,-41.0,
918,80,,24.59,25.97,1.056,25.97,1623,32.3,66.7,-34.0,
918,81,,16.61,16.73,1.007,16.73,1096,10.6,51.8,-40.7,
918,82,,7.64,8.08,1.057,8.08,504,8.6,17.7,-8.6,
918,83,,12.75,14.37,1.127,14.37,842,11.0,57.6,-46.0,
918,84,,10.86,12.38,1.140,12.38,716,8.6,51.2,-42.1,
918,85,,17.76,18.01,1.014,18.01,1172,12.8,51.8,-38.5,
918,85-1,,25.51,26.84,1.052,26.84,1684,31.8,67.1,-34.8,
918,86,,24.21,25.51,1.054,25.51,1598,30.0,66.7,-36.2,
918,101,,15.77,17.03,1.080,17.03,1041,8.6,70.2,-61.0,
918,103,,14.60,15.28,1.046,15.28,964,5.2,61.8,-56.0,
918,105-2,,15.04,17.06,1.134,17.06,993,30.8,20.5,+11.1,
918,129,,17.86,18.62,1.043,18.62,1178,9.1,47.7,-38.0,
918,132,,13.05,15.20,1.164,15.20,862,30.9,13.7,+17.7,
918,135,,18.38,20.27,1.103,20.27,1213,30.9,36.4,-5.0,
918,140,,11.18,11.51,1.030,11.51,738,10.5,27.6,-16.6,
918,140-1,,11.18,11.51,1.030,11.51,738,10.5,27.6,-16.6,
918,140-2,,11.18,11.51,1.030,11.51,738,10.5,27.6,-16.6,
918,142,,13.05,15.49,1.187,15.49,861,32.7,7.4,+25.8,
918,143,,12.47,13.49,1.081,13.49,823,16.5,33.0,-16.0,
918,152-1,,18.99,20.49,1.079,20.49,1254,13.5,73.1,-59.1,
918,153,,18.66,20.15,1.080,20.15,1231,13.3,71.1,-57.3,
918,200,,18.53,19.40,1.047,19.40,1223,8.3,54.9,-46.0,
918,201,,19.57,20.33,1.038,20.33,1292,10.7,49.7,-38.5,
918,203,,18.50,19.38,1.047,19.38,1221,8.3,54.9,-46.0,
918,207,,13.93,15.38,1.105,15.38,919,10.6,52.2,-41.0,
918,220,,13.10,14.76,1.126,14.76,865,14.9,52.3,-36.8,
918,221,,15.32,17.13,1.118,17.13,1011,17.6,54.1,-36.0,
918,222,,13.79,15.52,1.126,15.52,910,16.2,54.2,-37.4,
918,223,,14.41,14.96,1.039,14.96,951,15.3,44.9,-29.2,
918,300,,19.89,23.71,1.192,23.71,1313,58.7,17.8,+41.5,
918,301,,20.72,24.79,1.196,24.79,1368,62.7,17.8,+45.4,
918,302,,23.53,29.03,1.234,29.03,1553,84.4,17.8,+67.0,
918,500,,19.34,20.37,1.053,20.37,1276,15.3,67.4,-51.6,
918,900,,3.34,3.38,1.011,3.38,221,1.5,13.0,-11.0,
918,901,,4.59,4.53,0.987,4.53,303,0.6,16.5,-15.4,
918,902,,2.91,2.93,1.009,2.93,192,0.0,11.8,-11.3,
918,903,,2.35,2.54,1.080,2.54,155,0.8,8.2,-7.0,
918,904,,2.06,2.26,1.098,2.26,136,0.1,6.9,-6.4,
918,905,,1.57,1.69,1.071,1.69,104,0.0,9.1,-8.6,
918,906,,4.16,4.11,0.988,4.11,274,0.0,13.6,-13.1,
918,915,,9.20,9.16,0.996,9.16,607,0.0,47.4,-46.5,
918,916,,10.34,10.37,1.003,10.37,682,1.9,48.7,-46.1,
918,917,,11.16,11.32,1.015,11.32,736,2.1,54.7,-51.9,
918,919,,6.15,6.15,1.001,6.15,406,0.0,26.5,-26.0,
918,921,,7.83,7.80,0.997,7.80,516,0.2,36.1,-35.4,
918,922,,8.35,8.48,1.015,8.48,551,2.1,33.5,-31.0,
918,923,,8.84,9.00,1.018,9.00,584,3.3,36.2,-32.2,
918,924,,8.81,8.86,1.005,8.86,582,2.1,37.1,-34.5,
918,925,,8.14,8.08,0.993,8.08,537,0.0,36.6,-36.1,
918,926,,8.59,8.47,0.985,8.47,567,0.0,38.3,-37.7,
918,931,,13.60,13.73,1.010,13.73,897,5.0,61.5,-56.0,
918,932,,13.44,13.53,1.007,13.53,887,2.9,59.1,-55.8,
918,933,,14.05,14.18,1.010,14.18,927,3.9,59.2,-54.7,
918,934,,14.13,14.31,1.012,14.31,933,4.4,59.2,-54.2,
918,935,,15.41,15.48,1.004,15.48,1017,4.2,62.5,-57.7,
918,942,,10.86,12.77,1.177,12.77,716,16.5,49.7,-33.4,
918,946,,8.63,8.67,1.005,8.67,570,0.0,47.0,-46.5,
918,GATE,,19.98,21.31,1.066,21.31,1319,11.5,82.3,-70.3,
919,1,11.12,11.19,13.12,1.172,13.03,738,22.0,38.2,-16.3,
919,2,9.78,9.78,11.57,1.183,11.57,646,19.9,30.5,-10.5,
919,3,8.40,8.42,10.23,1.215,10.21,556,19.9,29.9,-10.0,
919,4,9.15,9.25,11.06,1.196,10.94,610,19.9,30.0,-10.1,
919,5,7.73,7.79,9.57,1.229,9.50,514,19.9,25.8,-5.8,
919,6,7.46,7.56,9.29,1.229,9.17,499,19.9,22.9,-3.0,
919,7,8.02,7.91,9.64,1.219,9.77,522,19.9,22.8,-3.0,
919,8,9.09,9.01,10.89,1.209,10.99,595,21.1,28.2,-7.1,
919,9,7.38,7.38,8.80,1.191,8.80,487,20.1,16.1,+4.0,
919,10,6.67,6.67,8.09,1.213,8.09,440,20.1,12.8,+7.3,
919,10-1,6.45,6.45,7.85,1.218,7.85,425,20.1,12.1,+8.1,
919,11,7.08,7.14,8.54,1.196,8.47,471,20.1,13.0,+7.1,
919,12,8.03,8.35,9.79,1.173,9.43,551,21.5,13.6,+7.9,
919,13,9.46,9.50,11.05,1.162,10.99,627,23.9,15.3,+8.6,
919,14,6.83,7.00,8.67,1.238,8.45,462,19.9,17.1,+2.8,
919,15,11.55,11.61,14.08,1.212,14.01,766,23.3,46.8,-23.3,
919,15-1,13.70,12.96,15.34,1.183,16.21,856,23.3,51.7,-28.4,
919,16,12.90,12.96,15.38,1.187,15.31,855,23.3,53.2,-29.9,
919,16-1,12.75,14.04,16.29,1.160,14.79,927,23.3,55.4,-32.1,
919,17,11.46,11.46,13.90,1.214,13.90,756,23.3,43.3,-20.0,
919,18,15.33,15.53,17.41,1.121,17.18,1025,31.4,18.3,+13.1,
919,19,16.13,16.16,17.95,1.111,17.91,1067,31.4,20.1,+11.2,
919,20,11.39,11.46,13.21,1.153,13.13,756,27.9,15.8,+12.1,
919,21,14.13,14.86,16.49,1.110,15.68,981,27.8,21.6,+6.2,
919,22,14.18,14.18,16.04,1.131,16.05,936,22.0,31.3,-9.2,
919,24,14.64,14.80,16.46,1.112,16.29,977,20.0,43.5,-23.5,
919,25,15.16,15.16,16.97,1.119,16.97,1000,21.9,42.6,-20.7,
919,25-1,16.09,16.09,17.88,1.111,17.88,1062,21.9,43.0,-21.1,
919,26,15.18,15.19,17.02,1.121,17.02,1002,21.9,40.5,-18.6,
919,27,15.84,15.93,17.77,1.116,17.68,1051,22.4,40.7,-18.3,
919,28,16.15,16.22,18.07,1.114,17.99,1071,22.3,37.4,-15.0,
919,29,16.86,18.44,21.59,1.171,19.73,1217,53.0,11.5,+41.5,
919,30,16.94,16.98,18.79,1.107,18.76,1120,28.5,33.5,-5.0,
919,31,16.60,16.55,18.39,1.111,18.44,1092,23.7,33.7,-9.9,
919,32,20.24,20.25,22.32,1.102,22.32,1336,30.5,37.1,-6.6,
919,32-1,19.02,20.18,22.26,1.103,20.97,1332,30.5,37.1,-6.6,
919,33,18.25,18.27,20.37,1.115,20.35,1206,33.2,33.3,-0.1,
919,34,17.03,17.17,19.33,1.126,19.17,1133,35.9,27.7,+8.2,
919,35,14.46,14.46,16.25,1.124,16.25,954,29.9,18.2,+11.7,
919,36,17.61,17.52,19.39,1.107,19.49,1156,32.9,20.2,+12.7,
919,37,18.18,18.27,20.37,1.115,20.27,1206,33.2,33.3,-0.1,
919,38,18.98,18.97,20.73,1.092,20.73,1252,32.8,27.6,+5.2,
919,39,19.72,19.00,21.01,1.106,21.80,1254,36.0,21.0,+15.0,
919,40,19.78,20.73,22.89,1.104,21.85,1368,39.5,27.5,+12.0,
919,43,15.05,15.05,16.68,1.108,16.68,993,27.8,21.6,+6.2,
919,43-1,15.62,15.62,17.43,1.116,17.44,1031,29.9,25.0,+4.9,
919,43-2,15.72,15.73,17.40,1.106,17.39,1038,28.5,27.3,+1.2,
919,44-1,17.38,17.38,19.24,1.107,19.24,1147,32.9,20.3,+12.6,
919,49,11.22,11.22,13.84,1.233,13.84,741,27.1,32.7,-5.6,
919,50,10.95,10.95,13.48,1.231,13.48,723,23.6,40.0,-16.4,
919,51,12.24,12.25,14.58,1.191,14.57,808,23.7,41.1,-17.3,
919,52,12.16,12.16,14.46,1.189,14.46,802,23.7,37.5,-13.8,
919,52-1,12.77,12.76,15.39,1.206,15.39,842,29.6,39.5,-9.8,
919,52-2,13.37,13.37,15.80,1.182,15.80,882,25.3,40.3,-15.0,
919,53,10.85,10.85,13.44,1.239,13.44,716,26.8,32.8,-6.0,
919,54,9.73,9.81,12.30,1.254,12.20,647,24.8,32.4,-7.6,
919,55,9.99,9.99,12.49,1.249,12.49,660,24.7,32.4,-7.6,
919,56,14.13,14.16,15.68,1.107,15.64,935,24.5,23.8,+0.7,
919,57,15.82,15.84,18.64,1.177,18.62,1045,30.6,53.7,-23.1,
919,57-1,14.83,14.83,17.48,1.178,17.48,979,30.8,44.0,-13.2,
919,58,15.89,15.89,18.41,1.158,18.41,1049,26.0,55.0,-29.0,
919,59,14.99,14.99,17.88,1.192,17.87,990,30.6,52.2,-21.4,
919,59-1,15.91,15.91,18.82,1.182,18.82,1050,30.6,58.6,-27.8,
919,61,9.56,9.56,11.49,1.202,11.48,631,21.9,28.2,-6.3,
919,62,12.76,12.85,14.79,1.151,14.68,848,22.5,38.6,-16.1,
919,64,17.86,17.86,19.97,1.118,19.97,1179,23.3,68.2,-45.0,
919,66,16.21,16.30,19.61,1.203,19.50,1076,53.0,1.0,+52.0,
919,71,18.49,18.28,19.33,1.058,19.56,1206,25.3,53.8,-28.5,
919,71-1,18.03,18.28,19.33,1.058,19.08,1206,25.3,53.8,-28.5,
919,73,12.94,12.94,14.68,1.135,14.68,854,19.9,45.0,-25.1,
919,74,9.28,9.28,11.49,1.238,11.49,613,23.3,29.6,-6.3,
919,75,20.19,20.23,22.19,1.097,22.15,1335,28.7,37.1,-8.3,
919,75-1,20.04,20.13,21.80,1.083,21.70,1329,25.5,40.4,-14.9,
919,80,24.40,24.40,26.76,1.096,26.76,1611,47.0,54.8,-8.0,
919,81,16.43,16.43,17.52,1.067,17.53,1084,25.3,39.9,-14.6,
919,82,7.43,7.45,8.86,1.189,8.84,492,23.3,5.8,+17.5,
919,83,12.57,12.57,15.16,1.207,15.17,829,25.7,45.7,-20.0,
919,84,10.67,10.67,13.17,1.234,13.17,704,23.3,39.3,-16.0,
919,85,17.55,17.58,18.80,1.069,18.77,1160,27.4,39.9,-12.5,
919,85-1,25.02,25.32,27.63,1.091,27.29,1671,46.5,55.3,-8.8,
919,86,23.71,24.02,26.30,1.095,25.96,1586,44.6,54.9,-10.2,
919,101,15.58,15.58,17.82,1.144,17.82,1028,23.3,58.3,-35.0,
919,103,14.35,14.42,16.07,1.115,15.99,952,19.9,49.9,-30.0,
919,105-2,18.78,18.85,21.73,1.153,21.65,1244,51.1,14.2,+37.2,
919,129,17.61,17.67,19.41,1.098,19.34,1166,23.8,35.8,-12.0,
919,132,16.72,16.87,19.88,1.179,19.71,1113,51.1,7.4,+43.7,
919,135,19.40,19.14,21.16,1.106,21.44,1263,36.2,21.0,+15.3,
919,140,11.11,10.99,12.29,1.119,12.43,725,25.1,15.7,+9.4,
919,140-1,11.11,10.99,12.29,1.119,12.43,725,25.1,15.7,+9.4,
919,140-2,11.11,10.99,12.29,1.119,12.43,725,25.1,15.7,+9.4,
919,142,16.69,16.86,20.16,1.196,19.96,1113,52.9,1.1,+51.9,
919,143,12.51,12.44,14.14,1.137,14.22,821,27.9,17.8,+10.1,
919,152-1,19.04,18.81,21.28,1.131,21.55,1241,28.2,61.2,-33.0,
919,153,18.45,18.47,20.94,1.133,20.91,1219,28.0,59.2,-31.3,
919,200,18.23,18.34,20.19,1.101,20.07,1211,23.0,43.0,-20.0,
919,201,19.39,19.39,21.12,1.089,21.11,1280,25.4,37.8,-12.4,
919,203,18.32,18.32,20.17,1.101,20.17,1209,23.0,43.0,-20.0,
919,207,13.46,13.74,16.17,1.177,15.84,907,25.3,40.3,-15.0,
919,220,12.85,12.92,15.55,1.204,15.47,853,29.6,40.4,-10.8,
919,221,12.15,15.14,17.92,1.184,14.38,999,32.3,42.2,-10.0,
919,222,13.60,13.60,16.31,1.199,16.31,898,30.9,42.3,-11.4,
919,223,13.91,14.22,15.75,1.108,15.41,939,29.9,33.0,-3.2,
919,300,23.52,23.70,28.39,1.198,28.17,1564,78.9,11.5,+67.5,
919,301,24.59,24.53,29.47,1.201,29.54,1619,82.9,11.5,+71.5,
919,302,27.14,27.34,33.70,1.233,33.46,1804,104.6,11.5,+93.0,
919,500,19.10,19.15,21.16,1.105,21.10,1264,30.0,55.6,-25.6,
919,900,,4.44,5.42,1.221,5.42,293,15.2,0.1,+15.0,
919,901,,2.73,3.46,1.265,3.46,180,10.6,0.0,+10.7,
919,902,,3.81,4.78,1.254,4.78,252,14.8,0.0,+14.8,
919,903,,5.57,6.79,1.219,6.79,368,19.2,0.1,+19.1,
919,904,,5.31,6.58,1.240,6.58,350,19.9,0.0,+19.8,
919,905,,5.90,7.07,1.197,7.07,390,19.4,2.0,+17.4,
919,906,,1.74,2.49,1.429,2.49,115,10.4,0.0,+10.0,
919,915,,4.58,4.53,0.990,4.53,302,0.0,20.8,-20.4,
919,916,,5.72,5.74,1.004,5.74,377,1.9,22.2,-20.0,
919,917,,6.54,6.69,1.024,6.69,431,2.1,28.2,-25.9,
919,918,,6.15,7.94,1.292,7.94,406,26.5,0.0,+26.0,
919,921,,0.78,0.91,1.168,0.91,51,2.3,0.2,+1.9,
919,922,,0.93,1.07,1.150,1.07,61,2.5,0.2,+2.2,
919,923,,1.89,2.00,1.057,2.00,125,3.1,2.3,+0.9,
919,924,,1.87,1.86,0.999,1.86,123,2.1,3.4,-1.3,
919,925,,1.84,1.91,1.042,1.91,121,0.0,9.6,-8.8,
919,926,,2.29,2.30,1.004,2.30,151,0.0,11.3,-10.4,
919,931,,8.98,9.11,1.014,9.11,592,5.0,35.0,-30.0,
919,932,,8.82,8.90,1.009,8.90,582,3.0,32.6,-29.8,
919,933,,9.43,9.56,1.014,9.56,622,3.9,32.6,-28.7,
919,934,,9.51,9.68,1.017,9.68,628,4.4,32.6,-28.1,
919,935,,10.79,10.85,1.005,10.85,712,4.2,36.0,-31.7,
919,942,8.92,9.03,9.47,1.049,9.36,596,8.5,19.6,-11.1,
919,946,,4.01,4.05,1.009,4.05,265,0.0,20.5,-20.5,
919,GATE,19.80,19.80,22.10,1.116,22.09,1307,26.1,70.4,-44.2,
921,1,,12.87,15.41,1.198,15.41,849,31.6,38.4,-6.9,
921,2,,11.46,13.87,1.210,13.87,756,29.5,30.6,-1.1,
921,3,,10.10,12.53,1.241,12.53,667,29.5,30.0,-0.6,
921,4,,10.93,13.35,1.222,13.35,721,29.5,30.1,-0.7,
921,5,,9.47,11.87,1.254,11.87,625,29.5,25.9,+3.6,
921,6,,9.24,11.59,1.254,11.59,610,29.5,23.0,+6.4,
921,7,,9.59,11.94,1.245,11.94,633,29.5,23.0,+6.4,
921,8,,10.69,13.19,1.234,13.19,705,30.7,28.3,+2.3,
921,9,,9.06,11.09,1.224,11.09,598,29.7,16.2,+13.4,
921,10,,8.35,10.39,1.244,10.39,551,29.7,13.0,+16.7,
921,10-1,,8.12,10.15,1.249,10.15,536,29.7,12.3,+17.5,
921,11,,8.82,10.84,1.229,10.84,582,29.7,13.2,+16.5,
921,12,,10.02,12.09,1.206,12.09,662,31.1,13.8,+17.3,
921,13,,11.18,13.34,1.193,13.34,738,33.5,15.5,+18.0,
921,14,,8.68,10.96,1.264,10.96,573,29.5,17.3,+12.2,
921,15,,13.29,16.37,1.232,16.37,877,32.9,46.9,-13.9,
921,15-1,,14.64,17.64,1.205,17.64,966,32.9,51.9,-19.0,
921,16,,14.64,17.68,1.207,17.68,966,32.9,53.4,-20.5,
921,16-1,,15.72,18.59,1.182,18.59,1038,32.9,55.6,-22.7,
921,17,,13.13,16.20,1.234,16.20,867,32.9,43.4,-10.6,
921,18,,17.21,19.70,1.145,19.70,1136,41.0,18.5,+22.5,
921,19,,17.84,20.25,1.135,20.25,1177,41.0,20.3,+20.6,
921,20,,13.14,15.51,1.180,15.51,867,37.5,16.0,+21.4,
921,21,,16.54,18.78,1.136,18.78,1091,37.4,21.7,+15.6,
921,22,,15.86,18.34,1.156,18.34,1047,31.6,31.4,+0.2,
921,24,,16.48,18.76,1.139,18.76,1087,29.6,43.6,-14.1,
921,25,,16.83,19.26,1.144,19.26,1111,31.5,42.7,-11.3,
921,25-1,,17.77,20.17,1.135,20.17,1173,31.5,43.2,-11.7,
921,26,,16.86,19.31,1.145,19.31,1113,31.5,40.6,-9.2,
921,27,,17.60,20.07,1.140,20.07,1162,32.0,40.9,-8.9,
921,28,,17.90,20.36,1.138,20.36,1181,31.9,37.5,-5.6,
921,29,,20.12,23.88,1.187,23.88,1328,62.6,11.6,+50.9,
921,30,,18.65,21.09,1.131,21.09,1231,38.1,33.6,+4.4,
921,31,,18.22,20.68,1.135,20.68,1203,33.3,33.8,-0.5,
921,32,,21.92,24.62,1.123,24.62,1447,40.1,37.2,+2.8,
921,32-1,,21.86,24.55,1.123,24.55,1443,40.1,37.2,+2.8,
921,33,,19.95,22.66,1.136,22.66,1316,42.7,33.4,+9.3,
921,34,,18.85,21.62,1.147,21.62,1244,45.5,27.8,+17.6,
921,35,,16.13,18.55,1.150,18.55,1065,39.5,18.3,+21.1,
921,36,,19.20,21.68,1.129,21.68,1267,42.5,20.4,+22.1,
921,37,,19.95,22.66,1.136,22.66,1317,42.7,33.4,+9.3,
921,38,,20.65,23.03,1.115,23.03,1363,42.4,27.8,+14.5,
921,39,,20.68,23.31,1.127,23.31,1365,45.6,21.1,+24.4,
921,40,,22.41,25.19,1.124,25.19,1479,49.1,27.7,+21.4,
921,43,,16.72,18.97,1.134,18.97,1104,37.4,21.7,+15.6,
921,43-1,,17.30,19.73,1.141,19.73,1142,39.5,25.1,+14.3,
921,43-2,,17.41,19.70,1.132,19.70,1149,38.1,27.5,+10.5,
921,44-1,,19.06,21.54,1.130,21.54,1258,42.5,20.4,+22.0,
921,49,,12.90,16.14,1.251,16.14,852,36.7,32.8,+3.8,
921,50,,12.63,15.78,1.249,15.78,834,33.2,40.1,-7.0,
921,51,,13.93,16.88,1.212,16.88,919,33.3,41.3,-7.9,
921,52,,13.84,16.76,1.211,16.76,913,33.3,37.6,-4.4,
921,52-1,,14.44,17.69,1.225,17.69,953,39.2,39.6,-0.4,
921,52-2,,15.04,18.09,1.203,18.09,993,34.9,40.4,-5.6,
921,53,,12.52,15.74,1.257,15.74,827,36.4,33.0,+3.3,
921,54,,11.49,14.60,1.271,14.60,758,34.4,32.5,+1.8,
921,55,,11.67,14.78,1.267,14.78,770,34.3,32.5,+1.8,
921,56,,15.84,17.98,1.135,17.98,1045,34.1,23.9,+10.1,
921,57,,17.51,20.94,1.196,20.94,1156,40.2,53.8,-13.7,
921,57-1,,16.51,19.78,1.198,19.78,1090,40.4,44.2,-3.8,
921,58,,17.57,20.71,1.178,20.71,1160,35.5,55.1,-19.6,
921,59,,16.67,20.17,1.210,20.17,1100,40.2,52.4,-12.0,
921,59-1,,17.59,21.12,1.200,21.12,1161,40.2,58.8,-18.4,
921,61,,11.24,13.78,1.227,13.78,742,31.5,28.3,+3.1,
921,62,,14.53,17.09,1.176,17.09,959,32.1,38.7,-6.7,
921,64,,19.54,22.27,1.140,22.27,1289,32.9,68.4,-35.6,
921,66,,17.98,21.90,1.218,21.90,1187,62.6,1.2,+61.4,
921,71,,19.95,21.63,1.084,21.63,1317,34.9,53.9,-19.1,
921,71-1,,19.95,21.63,1.084,21.63,1317,34.9,53.9,-19.1,
921,73,,14.62,16.98,1.162,16.98,965,29.5,45.2,-15.7,
921,74,,10.96,13.79,1.258,13.79,723,32.9,29.7,+3.1,
921,75,,21.91,24.49,1.118,24.49,1446,38.3,37.2,+1.0,
921,75-1,,21.81,24.10,1.105,24.10,1440,35.1,40.6,-5.6,
921,80,,26.08,29.05,1.114,29.05,1721,56.5,55.0,+1.4,
921,81,,18.10,19.82,1.095,19.82,1195,34.9,40.1,-5.2,
921,82,,9.13,11.16,1.222,11.16,603,32.9,6.0,+26.8,
921,83,,14.25,17.46,1.226,17.46,940,35.3,45.8,-10.6,
921,84,,12.35,15.46,1.252,15.46,815,32.9,39.5,-6.7,
921,85,,19.25,21.09,1.095,21.09,1271,37.0,40.1,-3.1,
921,85-1,,27.00,29.92,1.108,29.92,1782,56.1,55.4,+0.6,
921,86,,25.70,28.60,1.113,28.60,1696,54.2,55.0,-0.8,
921,101,,17.26,20.12,1.166,20.12,1139,32.9,58.4,-25.6,
921,103,,16.10,18.37,1.141,18.37,1062,29.5,50.0,-20.6,
921,105-2,,20.53,24.03,1.171,24.03,1355,60.7,14.3,+46.6,
921,129,,19.35,21.70,1.122,21.70,1277,33.3,35.9,-2.6,
921,132,,18.54,22.17,1.196,22.17,1224,60.7,7.6,+53.1,
921,135,,20.82,23.46,1.127,23.46,1374,45.8,21.1,+24.7,
921,140,,12.67,14.59,1.152,14.59,836,34.7,15.9,+18.8,
921,140-1,,12.67,14.59,1.152,14.59,836,34.7,15.9,+18.8,
921,140-2,,12.67,14.59,1.152,14.59,836,34.7,15.9,+18.8,
921,142,,18.54,22.46,1.212,22.46,1223,62.5,1.2,+61.3,
921,143,,14.12,16.44,1.165,16.44,932,37.5,17.9,+19.5,
921,152-1,,20.49,23.57,1.151,23.57,1352,37.8,61.3,-23.6,
921,153,,20.15,23.23,1.153,23.23,1330,37.5,59.4,-21.9,
921,200,,20.02,22.49,1.123,22.49,1321,32.6,43.1,-10.6,
921,201,,21.07,23.41,1.111,23.41,1390,35.0,37.9,-3.0,
921,203,,20.00,22.46,1.123,22.46,1320,32.6,43.1,-10.6,
921,207,,15.42,18.47,1.198,18.47,1018,34.9,40.4,-5.6,
921,220,,14.60,17.84,1.223,17.84,963,39.2,40.6,-1.4,
921,221,,16.81,20.22,1.202,20.22,1110,41.9,42.4,-0.6,
921,222,,15.28,18.61,1.218,18.61,1008,40.5,42.4,-2.0,
921,223,,15.90,18.05,1.135,18.05,1049,39.5,33.2,+6.2,
921,300,,25.38,30.68,1.209,30.68,1675,88.5,11.6,+76.9,
921,301,,26.21,31.76,1.212,31.76,1730,92.5,11.6,+80.9,
921,302,,29.01,36.00,1.241,36.00,1915,114.2,11.6,+102.4,
921,500,,20.83,23.46,1.126,23.46,1375,39.6,55.7,-16.2,
921,900,,6.12,7.72,1.262,7.72,404,24.8,0.3,+24.4,
921,901,,4.41,5.76,1.304,5.76,291,20.2,0.2,+20.0,
921,902,,5.49,7.08,1.289,7.08,362,24.4,0.2,+24.2,
921,903,,7.25,9.09,1.254,9.09,478,28.8,0.2,+28.5,
921,904,,6.99,8.88,1.271,8.88,461,29.4,0.2,+29.2,
921,905,,7.58,9.37,1.235,9.37,500,29.0,2.1,+26.8,
921,906,,3.42,4.78,1.400,4.78,226,20.0,0.2,+19.4,
921,915,,4.35,4.39,1.009,4.39,287,2.7,14.1,-11.0,
921,916,,5.49,5.60,1.020,5.60,362,4.6,15.4,-10.7,
921,917,,6.31,6.55,1.038,6.55,416,4.8,21.4,-16.5,
921,918,,7.83,10.24,1.309,10.24,516,36.1,0.2,+35.4,
921,919,,0.78,0.76,0.980,0.76,51,0.2,2.3,-1.9,
921,922,,0.48,0.50,1.059,0.50,31,0.5,0.0,+0.2,
921,923,,0.63,0.70,1.119,0.70,41,1.3,0.0,+1.4,
921,924,,0.60,0.56,0.940,0.56,40,0.1,1.0,-0.8,
921,925,,0.80,0.77,0.961,0.77,53,0.0,0.6,-0.6,
921,926,,1.26,1.16,0.920,1.16,83,0.0,2.3,-2.2,
921,931,,8.75,8.96,1.024,8.96,577,7.6,28.2,-20.6,
921,932,,8.59,8.76,1.019,8.76,567,5.6,25.8,-20.4,
921,933,,9.20,9.41,1.023,9.41,607,6.5,25.9,-19.3,
921,934,,9.29,9.54,1.027,9.54,613,7.1,25.9,-18.7,
921,935,,10.57,10.71,1.013,10.71,697,6.9,29.2,-22.3,
921,942,,8.81,9.33,1.059,9.33,581,11.1,12.8,-1.7,
921,946,,3.78,3.90,1.031,3.90,250,2.7,13.7,-11.1,
921,GATE,,21.48,24.39,1.136,24.39,1418,35.7,70.5,-34.8,
922,1,,13.39,15.73,1.175,15.73,884,28.9,40.3,-11.3,
922,2,,11.99,14.19,1.184,14.19,791,26.8,32.5,-5.5,
922,3,,10.63,12.85,1.209,12.85,701,26.8,32.0,-5.0,
922,4,,11.45,13.68,1.194,13.68,756,26.8,32.0,-5.1,
922,5,,9.99,12.19,1.220,12.19,660,26.8,27.8,-0.8,
922,6,,9.77,11.91,1.220,11.91,645,26.8,24.9,+2.0,
922,7,,10.11,12.26,1.212,12.26,668,26.8,24.9,+2.0,
922,8,,11.22,13.51,1.204,13.51,740,28.0,30.2,-2.1,
922,9,,9.59,11.42,1.191,11.42,633,27.0,18.2,+9.0,
922,10,,8.88,10.71,1.207,10.71,586,27.1,14.9,+12.3,
922,10-1,,8.65,10.47,1.210,10.47,571,27.0,14.2,+13.1,
922,11,,9.35,11.16,1.194,11.16,617,27.0,15.1,+12.1,
922,12,,10.55,12.41,1.176,12.41,696,28.4,15.7,+12.9,
922,13,,11.71,13.67,1.167,13.67,773,30.8,17.4,+13.6,
922,14,,9.20,11.28,1.226,11.28,607,26.8,19.2,+7.8,
922,15,,13.81,16.70,1.209,16.70,912,30.2,48.8,-18.3,
922,15-1,,15.17,17.96,1.184,17.96,1001,30.2,53.8,-23.4,
922,16,,15.17,18.00,1.187,18.00,1001,30.2,55.3,-24.9,
922,16-1,,16.25,18.91,1.164,18.91,1072,30.2,57.5,-27.1,
922,17,,13.66,16.52,1.210,16.52,902,30.2,45.4,-15.0,
922,18,,17.74,20.02,1.129,20.02,1171,38.3,20.4,+18.1,
922,19,,18.37,20.57,1.120,20.57,1212,38.3,22.2,+16.2,
922,20,,13.67,15.83,1.158,15.83,902,34.8,17.9,+17.1,
922,21,,17.06,19.11,1.120,19.11,1126,34.7,23.7,+11.2,
922,22,,16.39,18.66,1.139,18.66,1082,28.9,33.3,-4.2,
922,24,,17.00,19.08,1.122,19.08,1122,26.9,45.5,-18.5,
922,25,,17.36,19.59,1.128,19.59,1146,28.8,44.6,-15.7,
922,25-1,,18.29,20.50,1.120,20.50,1207,28.8,45.1,-16.1,
922,26,,17.39,19.64,1.129,19.64,1148,28.8,42.5,-13.6,
922,27,,18.13,20.39,1.125,20.39,1197,29.4,42.8,-13.3,
922,28,,18.43,20.68,1.123,20.68,1216,29.2,39.4,-10.0,
922,29,,20.65,24.21,1.172,24.21,1363,59.9,13.6,+46.5,
922,30,,19.18,21.41,1.116,21.41,1266,35.4,35.6,-0.0,
922,31,,18.75,21.00,1.120,21.00,1238,30.6,35.7,-4.9,
922,32,,22.45,24.94,1.111,24.94,1482,37.4,39.1,-1.6,
922,32-1,,22.39,24.88,1.111,24.88,1478,37.4,39.1,-1.6,
922,33,,20.47,22.99,1.123,22.99,1351,40.1,35.3,+4.9,
922,34,,19.37,21.94,1.133,21.94,1279,42.8,29.8,+13.2,
922,35,,16.66,18.87,1.133,18.87,1100,36.8,20.3,+16.7,
922,36,,19.73,22.01,1.116,22.01,1302,39.8,22.3,+17.7,
922,37,,20.47,22.99,1.123,22.99,1351,40.1,35.3,+4.9,
922,38,,21.18,23.35,1.102,23.35,1398,39.7,29.7,+10.2,
922,39,,21.21,23.63,1.114,23.63,1400,42.9,23.0,+20.0,
922,40,,22.93,25.51,1.112,25.51,1514,46.4,29.6,+17.0,
922,43,,17.25,19.30,1.118,19.30,1139,34.7,23.7,+11.2,
922,43-1,,17.82,20.05,1.125,20.05,1176,36.8,27.1,+9.9,
922,43-2,,17.93,20.02,1.116,20.02,1184,35.4,29.4,+6.2,
922,44-1,,19.58,21.86,1.116,21.86,1293,39.8,22.3,+17.6,
922,49,,13.43,16.46,1.226,16.46,886,34.0,34.8,-0.6,
922,50,,13.16,16.10,1.224,16.10,868,30.5,42.0,-11.4,
922,51,,14.45,17.20,1.190,17.20,954,30.6,43.2,-12.3,
922,52,,14.36,17.08,1.189,17.08,948,30.6,39.6,-8.8,
922,52-1,,14.97,18.01,1.203,18.01,988,36.5,41.5,-4.8,
922,52-2,,15.57,18.42,1.183,18.42,1028,32.2,42.3,-10.0,
922,53,,13.05,16.06,1.231,16.06,861,33.7,34.9,-1.0,
922,54,,12.01,14.92,1.242,14.92,793,31.7,34.4,-2.6,
922,55,,12.20,15.11,1.238,15.11,805,31.6,34.4,-2.6,
922,56,,16.37,18.30,1.118,18.30,1080,31.4,25.9,+5.7,
922,57,,18.04,21.26,1.179,21.26,1191,37.5,55.7,-18.1,
922,57-1,,17.04,20.10,1.180,20.10,1125,37.7,46.1,-8.2,
922,58,,18.10,21.03,1.162,21.03,1194,32.9,57.0,-24.0,
922,59,,17.20,20.50,1.192,20.50,1135,37.5,54.3,-16.4,
922,59-1,,18.12,21.44,1.183,21.44,1196,37.5,60.7,-22.8,
922,61,,11.76,14.11,1.199,14.11,776,28.8,30.2,-1.3,
922,62,,15.06,17.41,1.156,17.41,994,29.4,40.7,-11.1,
922,64,,20.06,22.59,1.126,22.59,1324,30.2,70.3,-40.0,
922,66,,18.50,22.23,1.201,22.23,1221,59.9,3.1,+57.0,
922,71,,20.48,21.95,1.072,21.95,1352,32.2,55.8,-23.5,
922,71-1,,20.48,21.95,1.072,21.95,1352,32.2,55.8,-23.5,
922,73,,15.14,17.30,1.143,17.30,999,26.8,47.1,-20.1,
922,74,,11.49,14.11,1.228,14.11,758,30.2,31.6,-1.3,
922,75,,22.44,24.81,1.106,24.81,1481,35.7,39.1,-3.3,
922,75-1,,22.34,24.42,1.093,24.42,1474,32.4,42.5,-9.9,
922,80,,26.61,29.38,1.104,29.38,1756,53.9,56.9,-3.0,
922,81,,18.63,20.14,1.081,20.14,1230,32.2,42.0,-9.6,
922,82,,9.66,11.48,1.189,11.48,638,30.2,7.9,+22.5,
922,83,,14.77,17.78,1.204,17.78,975,32.6,47.8,-15.0,
922,84,,12.88,15.79,1.226,15.79,850,30.2,41.4,-11.0,
922,85,,19.78,21.42,1.083,21.42,1306,34.4,42.0,-7.5,
922,85-1,,27.53,30.25,1.099,30.25,1817,53.4,57.3,-3.8,
922,86,,26.23,28.92,1.102,28.92,1731,51.6,56.9,-5.2,
922,101,,17.79,20.44,1.149,20.44,1174,30.2,60.4,-30.0,
922,103,,16.62,18.69,1.124,18.69,1097,26.8,51.9,-25.0,
922,105-2,,21.06,24.35,1.157,24.35,1390,58.0,16.2,+42.2,
922,129,,19.88,22.02,1.108,22.02,1312,30.7,37.8,-7.0,
922,132,,19.07,22.50,1.180,22.50,1259,58.0,9.5,+48.7,
922,135,,21.35,23.78,1.114,23.78,1409,43.1,23.0,+20.3,
922,140,,13.20,14.91,1.130,14.91,871,32.0,17.8,+14.4,
922,140-1,,13.20,14.91,1.130,14.91,871,32.0,17.8,+14.4,
922,140-2,,13.20,14.91,1.130,14.91,871,32.0,17.8,+14.4,
922,142,,19.06,22.78,1.195,22.78,1258,59.8,3.1,+56.9,
922,143,,14.64,16.76,1.145,16.76,966,34.8,19.8,+15.1,
922,152-1,,21.01,23.90,1.137,23.90,1387,35.1,63.3,-28.0,
922,153,,20.68,23.56,1.139,23.56,1365,34.9,61.3,-26.3,
922,200,,20.55,22.81,1.110,22.81,1356,29.9,45.1,-15.0,
922,201,,21.59,23.74,1.099,23.74,1425,32.3,39.9,-7.4,
922,203,,20.52,22.79,1.110,22.79,1354,29.9,45.1,-15.0,
922,207,,15.95,18.79,1.178,18.79,1053,32.2,42.3,-10.0,
922,220,,15.12,18.17,1.201,18.17,998,36.5,42.5,-5.8,
922,221,,17.34,20.54,1.184,20.54,1145,39.2,44.3,-5.0,
922,222,,15.81,18.93,1.198,18.93,1043,37.8,44.3,-6.4,
922,223,,16.43,18.37,1.118,18.37,1084,36.8,35.1,+1.8,
922,300,,25.91,31.00,1.197,31.00,1710,85.9,13.5,+72.5,
922,301,,26.74,32.09,1.200,32.09,1765,89.9,13.5,+76.5,
922,302,,29.54,36.32,1.230,36.32,1950,111.5,13.5,+98.0,
922,500,,21.36,23.78,1.113,23.78,1410,36.9,57.6,-20.6,
922,900,,6.64,8.04,1.210,8.04,439,22.1,2.2,+20.0,
922,901,,4.94,6.08,1.230,6.08,326,17.5,2.1,+15.7,
922,902,,6.02,7.40,1.230,7.40,397,21.7,2.1,+19.8,
922,903,,7.78,9.41,1.210,9.41,513,26.2,2.1,+24.1,
922,904,,7.51,9.20,1.225,9.20,496,26.8,2.1,+24.8,
922,905,,8.11,9.69,1.195,9.69,535,26.3,4.0,+22.4,
922,906,,3.94,5.10,1.294,5.10,260,17.3,2.1,+15.0,
922,915,,5.34,5.27,0.987,5.27,352,2.7,17.6,-14.6,
922,916,,6.48,6.48,1.000,6.48,427,4.6,19.0,-14.2,
922,917,,7.30,7.43,1.018,7.43,481,4.8,25.0,-20.1,
922,918,,8.35,10.56,1.265,10.56,551,33.5,2.1,+31.0,
922,919,,0.93,0.88,0.951,0.88,61,0.2,2.5,-2.2,
922,921,,0.48,0.45,0.946,0.45,31,0.0,0.5,-0.2,
922,923,,1.03,1.01,0.987,1.01,68,1.0,1.4,-0.4,
922,924,,1.00,0.88,0.878,0.88,66,0.0,2.6,-2.7,
922,925,,1.79,1.65,0.923,1.65,118,0.0,4.1,-4.2,
922,926,,2.24,2.04,0.908,2.04,148,0.0,5.9,-5.8,
922,931,,9.74,9.84,1.011,9.84,643,7.7,31.8,-24.2,
922,932,,9.58,9.63,1.006,9.63,632,5.6,29.4,-24.0,
922,933,,10.19,10.29,1.011,10.29,672,6.6,29.4,-22.9,
922,934,,10.27,10.42,1.014,10.42,678,7.1,29.4,-22.3,
922,935,,11.55,11.59,1.003,11.59,762,6.9,32.8,-25.9,
922,942,,9.79,10.21,1.042,10.21,646,11.2,16.4,-5.3,
922,946,,4.77,4.78,1.002,4.78,315,2.7,17.3,-14.7,
922,GATE,,22.00,24.72,1.123,24.72,1452,33.1,72.5,-39.2,
923,1,,13.88,16.31,1.175,16.31,916,31.6,41.5,-10.0,
923,2,,12.48,14.76,1.183,14.76,823,29.5,33.8,-4.3,
923,3,,11.12,13.43,1.208,13.43,734,29.5,33.2,-3.8,
923,4,,11.94,14.25,1.193,14.25,788,29.5,33.3,-3.9,
923,5,,10.48,12.76,1.217,12.76,692,29.5,29.1,+0.5,
923,6,,10.26,12.49,1.217,12.49,677,29.5,26.2,+3.2,
923,7,,10.60,12.84,1.210,12.84,700,29.5,26.2,+3.2,
923,8,,11.71,14.08,1.203,14.08,773,30.7,31.5,-0.9,
923,9,,10.08,11.99,1.190,11.99,665,29.7,19.4,+10.3,
923,10,,9.37,11.29,1.205,11.29,618,29.8,16.1,+13.5,
923,10-1,,9.14,11.04,1.208,11.04,603,29.7,15.4,+14.3,
923,11,,9.84,11.73,1.193,11.73,649,29.7,16.4,+13.3,
923,12,,11.04,12.99,1.176,12.99,729,31.1,16.9,+14.1,
923,13,,12.20,14.24,1.167,14.24,805,33.5,18.6,+14.8,
923,14,,9.69,11.86,1.223,11.86,640,29.5,20.4,+9.0,
923,15,,14.30,17.27,1.207,17.27,944,32.9,50.1,-17.1,
923,15-1,,15.66,18.53,1.184,18.53,1033,32.9,55.0,-22.2,
923,16,,15.66,18.57,1.186,18.57,1033,32.9,56.6,-23.7,
923,16-1,,16.74,19.48,1.164,19.48,1105,32.9,58.8,-25.9,
923,17,,14.15,17.10,1.208,17.10,934,32.9,46.6,-13.8,
923,18,,18.23,20.60,1.130,20.60,1203,41.0,21.6,+19.3,
923,19,,18.86,21.14,1.121,21.14,1244,41.0,23.5,+17.5,
923,20,,14.16,16.40,1.159,16.40,934,37.5,19.1,+18.3,
923,21,,17.55,19.68,1.121,19.68,1159,37.4,24.9,+12.4,
923,22,,16.88,19.24,1.140,19.24,1114,31.6,34.6,-3.0,
923,24,,17.49,19.66,1.124,19.66,1155,29.6,46.8,-17.3,
923,25,,17.85,20.16,1.129,20.16,1178,31.5,45.9,-14.4,
923,25-1,,18.78,21.07,1.122,21.07,1240,31.5,46.3,-14.9,
923,26,,17.88,20.21,1.130,20.21,1180,31.5,43.8,-12.4,
923,27,,18.62,20.97,1.126,20.97,1229,32.0,44.0,-12.1,
923,28,,18.91,21.26,1.124,21.26,1248,31.9,40.7,-8.8,
923,29,,21.14,24.78,1.172,24.78,1395,62.6,14.8,+47.7,
923,30,,19.67,21.99,1.118,21.99,1298,38.1,36.8,+1.2,
923,31,,19.24,21.58,1.121,21.58,1270,33.3,37.0,-3.7,
923,32,,22.94,25.51,1.112,25.51,1514,40.1,40.4,-0.4,
923,32-1,,22.88,25.45,1.112,25.45,1510,40.1,40.4,-0.4,
923,33,,20.96,23.56,1.124,23.56,1384,42.8,36.6,+6.1,
923,34,,19.86,22.52,1.134,22.52,1311,45.5,31.0,+14.4,
923,35,,17.15,19.45,1.134,19.45,1132,39.5,21.5,+17.9,
923,36,,20.22,22.58,1.117,22.58,1334,42.5,23.5,+18.9,
923,37,,20.96,23.56,1.124,23.56,1384,42.8,36.6,+6.1,
923,38,,21.67,23.92,1.104,23.92,1430,42.4,30.9,+11.4,
923,39,,21.70,24.21,1.116,24.21,1432,45.6,24.3,+21.2,
923,40,,23.42,26.09,1.114,26.09,1546,49.1,30.8,+18.2,
923,43,,17.74,19.87,1.120,19.87,1171,37.4,24.9,+12.4,
923,43-1,,18.31,20.63,1.126,20.63,1209,39.5,28.3,+11.1,
923,43-2,,18.42,20.60,1.118,20.60,1216,38.1,30.7,+7.4,
923,44-1,,20.07,22.43,1.118,22.43,1325,42.5,23.6,+18.8,
923,49,,13.92,17.04,1.224,17.04,919,36.7,36.0,+0.6,
923,50,,13.65,16.67,1.222,16.67,901,33.2,43.3,-10.2,
923,51,,14.94,17.78,1.190,17.78,986,33.3,44.5,-11.1,
923,52,,14.85,17.66,1.189,17.66,980,33.3,40.8,-7.5,
923,52-1,,15.46,18.59,1.202,18.59,1020,39.2,42.8,-3.6,
923,52-2,,16.06,18.99,1.182,18.99,1060,34.9,43.6,-8.8,
923,53,,13.54,16.63,1.229,16.63,894,36.4,36.1,+0.2,
923,54,,12.50,15.50,1.239,15.50,825,34.4,35.7,-1.4,
923,55,,12.69,15.68,1.236,15.68,837,34.3,35.7,-1.4,
923,56,,16.86,18.87,1.120,18.87,1112,34.1,27.1,+6.9,
923,57,,18.53,21.84,1.178,21.84,1223,40.2,57.0,-16.8,
923,57-1,,17.53,20.67,1.179,20.67,1157,40.4,47.3,-7.0,
923,58,,18.59,21.60,1.162,21.60,1227,35.6,58.3,-22.8,
923,59,,17.69,21.07,1.191,21.07,1167,40.2,55.5,-15.2,
923,59-1,,18.61,22.01,1.183,22.01,1228,40.2,61.9,-21.6,
923,61,,12.25,14.68,1.198,14.68,809,31.5,31.5,-0.1,
923,62,,15.55,17.98,1.157,17.98,1026,32.1,41.9,-9.9,
923,64,,20.55,23.16,1.127,23.16,1357,32.9,71.6,-38.7,
923,66,,18.99,22.80,1.200,22.80,1254,62.6,4.3,+58.2,
923,71,,20.97,22.53,1.074,22.53,1384,34.9,57.1,-22.2,
923,71-1,,20.97,22.53,1.074,22.53,1384,34.9,57.1,-22.2,
923,73,,15.63,17.88,1.144,17.88,1032,29.5,48.3,-18.9,
923,74,,11.98,14.68,1.226,14.68,790,32.9,32.9,-0.0,
923,75,,22.93,25.39,1.107,25.39,1513,38.4,40.4,-2.1,
923,75-1,,22.83,24.99,1.095,24.99,1507,35.1,43.7,-8.7,
923,80,,27.10,29.95,1.105,29.95,1788,56.6,58.2,-1.8,
923,81,,19.12,20.72,1.084,20.72,1262,34.9,43.2,-8.4,
923,82,,10.15,12.06,1.188,12.06,670,32.9,9.2,+23.7,
923,83,,15.26,18.36,1.203,18.36,1007,35.3,49.0,-13.8,
923,84,,13.37,16.36,1.224,16.36,882,32.9,42.6,-9.8,
923,85,,20.27,21.99,1.085,21.99,1338,37.1,43.2,-6.2,
923,85-1,,28.02,30.82,1.100,30.82,1849,56.1,58.6,-2.6,
923,86,,26.72,29.49,1.104,29.49,1763,54.3,58.2,-4.0,
923,101,,18.28,21.01,1.150,21.01,1206,32.9,61.6,-28.8,
923,103,,17.11,19.26,1.126,19.26,1129,29.5,53.2,-23.8,
923,105-2,,21.55,24.93,1.157,24.93,1422,60.7,17.5,+43.4,
923,129,,20.37,22.60,1.110,22.60,1344,33.4,39.1,-5.8,
923,132,,19.56,23.07,1.180,23.07,1291,60.7,10.7,+49.9,
923,135,,21.84,24.36,1.115,24.36,1441,45.8,24.3,+21.5,
923,140,,13.68,15.49,1.132,15.49,903,34.7,19.0,+15.6,
923,140-1,,13.68,15.49,1.132,15.49,903,34.7,19.0,+15.6,
923,140-2,,13.68,15.49,1.132,15.49,903,34.7,19.0,+15.6,
923,142,,19.55,23.35,1.194,23.35,1291,62.5,4.4,+58.1,
923,143,,15.13,17.33,1.146,17.33,999,37.5,21.1,+16.3,
923,152-1,,21.50,24.47,1.138,24.47,1419,37.8,64.5,-26.8,
923,153,,21.17,24.13,1.140,24.13,1397,37.6,62.6,-25.1,
923,200,,21.04,23.38,1.112,23.38,1388,32.6,46.3,-13.8,
923,201,,22.08,24.31,1.101,24.31,1458,35.0,41.1,-6.2,
923,203,,21.01,23.36,1.112,23.36,1387,32.6,46.3,-13.8,
923,207,,16.44,19.37,1.178,19.37,1085,34.9,43.6,-8.8,
923,220,,15.61,18.74,1.200,18.74,1030,39.2,43.8,-4.6,
923,221,,17.83,21.11,1.184,21.11,1177,41.9,45.5,-3.7,
923,222,,16.30,19.50,1.197,19.50,1076,40.5,45.6,-5.2,
923,223,,16.92,18.94,1.120,18.94,1116,39.5,36.3,+3.1,
923,300,,26.40,31.58,1.196,31.58,1742,88.6,14.8,+73.7,
923,301,,27.23,32.66,1.200,32.66,1797,92.5,14.8,+77.7,
923,302,,30.03,36.90,1.229,36.90,1982,114.2,14.8,+99.2,
923,500,,21.85,24.35,1.115,24.35,1442,39.6,58.9,-19.3,
923,900,,7.13,8.61,1.208,8.61,471,24.8,3.4,+21.2,
923,901,,5.43,6.65,1.225,6.65,358,20.2,3.3,+16.9,
923,902,,6.51,7.97,1.226,7.97,429,24.4,3.3,+21.0,
923,903,,8.26,9.98,1.208,9.98,545,28.9,3.4,+25.3,
923,904,,8.00,9.78,1.221,9.78,528,29.5,3.3,+26.0,
923,905,,8.60,10.26,1.193,10.26,568,29.0,5.3,+23.6,
923,906,,4.43,5.68,1.281,5.68,293,20.0,3.3,+16.2,
923,915,,5.37,5.29,0.985,5.29,354,2.7,17.2,-14.2,
923,916,,6.51,6.49,0.998,6.49,429,4.6,18.6,-13.8,
923,917,,7.33,7.44,1.016,7.44,484,4.8,24.6,-19.7,
923,918,,8.84,11.14,1.259,11.14,584,36.2,3.3,+32.2,
923,919,,1.89,1.94,1.023,1.94,125,2.3,3.1,-0.9,
923,921,,0.63,0.57,0.909,0.57,41,0.0,1.3,-1.4,
923,922,,1.03,1.07,1.038,1.07,68,1.4,1.0,+0.4,
923,924,,0.22,0.20,0.872,0.20,15,0.0,0.6,-0.6,
923,925,,1.82,1.67,0.917,1.67,120,0.0,3.7,-3.8,
923,926,,2.27,2.05,0.903,2.05,150,0.0,5.4,-5.4,
923,931,,9.77,9.86,1.009,9.86,645,7.7,31.4,-23.8,
923,932,,9.61,9.65,1.005,9.65,634,5.6,29.0,-23.6,
923,933,,10.22,10.31,1.009,10.31,674,6.6,29.0,-22.5,
923,934,,10.30,10.43,1.012,10.43,680,7.1,29.0,-21.9,
923,935,,11.58,11.60,1.002,11.60,765,6.9,32.4,-25.5,
923,942,,9.82,10.22,1.041,10.22,648,11.2,15.9,-4.9,
923,946,,4.80,4.80,0.999,4.80,317,2.7,16.9,-14.3,
923,GATE,,22.49,25.29,1.124,25.29,1485,35.8,73.7,-38.0,
924,1,,13.86,16.39,1.183,16.39,914,32.5,40.3,-7.8,
924,2,,12.45,14.84,1.192,14.84,822,30.5,32.6,-2.1,
924,3,,11.09,13.51,1.218,13.51,732,30.5,32.0,-1.5,
924,4,,11.92,14.33,1.203,14.33,786,30.5,32.1,-1.6,
924,5,,10.46,12.84,1.228,12.84,690,30.4,27.9,+2.7,
924,6,,10.23,12.57,1.228,12.57,675,30.5,25.0,+5.5,
924,7,,10.58,12.91,1.221,12.91,698,30.4,24.9,+5.5,
924,8,,11.68,14.16,1.213,14.16,771,31.6,30.3,+1.3,
924,9,,10.05,12.07,1.201,12.07,663,30.7,18.2,+12.5,
924,10,,9.34,11.37,1.217,11.37,616,30.7,14.9,+15.8,
924,10-1,,9.11,11.12,1.220,11.12,601,30.7,14.2,+16.6,
924,11,,9.81,11.81,1.204,11.81,647,30.7,15.2,+15.6,
924,12,,11.01,13.07,1.186,13.07,727,32.1,15.7,+16.4,
924,13,,12.17,14.32,1.177,14.32,803,34.4,17.4,+17.0,
924,14,,9.67,11.94,1.235,11.94,638,30.5,19.2,+11.2,
924,15,,14.28,17.35,1.215,17.35,942,33.9,48.9,-14.8,
924,15-1,,15.63,18.61,1.191,18.61,1032,33.9,53.8,-19.9,
924,16,,15.63,18.65,1.193,18.65,1032,33.9,55.4,-21.5,
924,16-1,,16.71,19.56,1.171,19.56,1103,33.9,57.5,-23.6,
924,17,,14.12,17.18,1.216,17.18,932,33.9,45.4,-11.5,
924,18,,18.20,20.68,1.136,20.68,1201,42.0,20.4,+21.5,
924,19,,18.83,21.22,1.127,21.22,1243,42.0,22.3,+19.7,
924,20,,14.13,16.48,1.167,16.48,932,38.5,17.9,+20.5,
924,21,,17.53,19.76,1.127,19.76,1157,38.3,23.7,+14.6,
924,22,,16.85,19.32,1.146,19.32,1112,32.6,33.4,-0.8,
924,24,,17.46,19.73,1.130,19.73,1153,30.5,45.6,-15.0,
924,25,,17.82,20.24,1.136,20.24,1176,32.5,44.7,-12.2,
924,25-1,,18.76,21.15,1.128,21.15,1238,32.5,45.1,-12.6,
924,26,,17.85,20.29,1.136,20.29,1178,32.5,42.6,-10.1,
924,27,,18.59,21.05,1.132,21.05,1227,33.0,42.8,-9.8,
924,28,,18.89,21.34,1.130,21.34,1247,32.9,39.5,-6.5,
924,29,,21.11,24.86,1.178,24.86,1393,63.6,13.6,+50.0,
924,30,,19.64,22.07,1.123,22.07,1296,39.1,35.6,+3.5,
924,31,,19.21,21.66,1.127,21.66,1268,34.3,35.8,-1.5,
924,32,,22.91,25.59,1.117,25.59,1512,41.1,39.2,+1.9,
924,32-1,,22.85,25.53,1.117,25.53,1508,41.1,39.2,+1.9,
924,33,,20.94,23.64,1.129,23.64,1382,43.7,35.4,+8.4,
924,34,,19.84,22.60,1.139,22.60,1309,46.5,29.8,+16.7,
924,35,,17.12,19.53,1.140,19.53,1130,40.5,20.3,+20.2,
924,36,,20.19,22.66,1.122,22.66,1332,43.5,22.3,+21.1,
924,37,,20.94,23.64,1.129,23.64,1382,43.7,35.4,+8.4,
924,38,,21.64,24.00,1.109,24.00,1428,43.3,29.7,+13.6,
924,39,,21.67,24.29,1.121,24.29,1430,46.6,23.1,+23.5,
924,40,,23.40,26.16,1.118,26.16,1544,50.1,29.6,+20.5,
924,43,,17.71,19.95,1.126,19.95,1169,38.4,23.7,+14.7,
924,43-1,,18.29,20.71,1.132,20.71,1207,40.5,27.1,+13.4,
924,43-2,,18.40,20.68,1.124,20.68,1214,39.1,29.4,+9.6,
924,44-1,,20.05,22.51,1.123,22.51,1323,43.4,22.4,+21.1,
924,49,,13.89,17.12,1.232,17.12,917,37.7,34.8,+2.9,
924,50,,13.62,16.75,1.230,16.75,899,34.2,42.1,-7.9,
924,51,,14.92,17.86,1.197,17.86,984,34.3,43.3,-8.8,
924,52,,14.83,17.74,1.196,17.74,978,34.3,39.6,-5.3,
924,52-1,,15.43,18.67,1.210,18.67,1019,40.1,41.6,-1.3,
924,52-2,,16.03,19.07,1.189,19.07,1058,35.9,42.4,-6.5,
924,53,,13.51,16.71,1.237,16.71,892,37.4,34.9,+2.4,
924,54,,12.48,15.58,1.249,15.58,823,35.3,34.5,+0.8,
924,55,,12.66,15.76,1.245,15.76,836,35.3,34.5,+0.8,
924,56,,16.83,18.95,1.126,18.95,1111,35.1,25.9,+9.2,
924,57,,18.50,21.92,1.185,21.92,1221,41.2,55.8,-14.6,
924,57-1,,17.50,20.75,1.186,20.75,1155,41.4,46.1,-4.8,
924,58,,18.56,21.68,1.168,21.68,1225,36.5,57.1,-20.5,
924,59,,17.66,21.15,1.198,21.15,1166,41.2,54.3,-12.9,
924,59-1,,18.58,22.09,1.189,22.09,1226,41.2,60.7,-19.3,
924,61,,12.23,14.76,1.207,14.76,807,32.5,30.3,+2.2,
924,62,,15.52,18.06,1.164,18.06,1024,33.1,40.7,-7.6,
924,64,,20.53,23.24,1.132,23.24,1355,33.9,70.4,-36.5,
924,66,,18.97,22.88,1.206,22.88,1252,63.6,3.1,+60.4,
924,71,,20.94,22.61,1.080,22.61,1382,35.9,55.9,-20.0,
924,71-1,,20.94,22.61,1.080,22.61,1382,35.9,55.9,-20.0,
924,73,,15.61,17.96,1.151,17.96,1030,30.5,47.1,-16.7,
924,74,,11.95,14.76,1.235,14.76,789,33.9,31.7,+2.2,
924,75,,22.90,25.47,1.112,25.47,1511,39.3,39.2,+0.1,
924,75-1,,22.80,25.07,1.100,25.07,1505,36.1,42.5,-6.5,
924,80,,27.07,30.03,1.109,30.03,1787,57.5,56.9,+0.5,
924,81,,19.09,20.80,1.089,20.80,1260,35.8,42.0,-6.2,
924,82,,10.12,12.14,1.199,12.14,668,33.9,8.0,+25.9,
924,83,,15.23,18.44,1.210,18.44,1005,36.3,47.8,-11.5,
924,84,,13.34,16.44,1.233,16.44,880,33.9,41.4,-7.6,
924,85,,20.24,22.07,1.090,22.07,1336,38.0,42.0,-4.0,
924,85-1,,27.99,30.90,1.104,30.90,1847,57.1,57.4,-0.3,
924,86,,26.69,29.57,1.108,29.57,1762,55.2,57.0,-1.7,
924,101,,18.25,21.09,1.156,21.09,1204,33.9,60.4,-26.5,
924,103,,17.09,19.34,1.132,19.34,1128,30.5,52.0,-21.5,
924,105-2,,21.52,25.01,1.162,25.01,1420,61.6,16.3,+45.6,
924,129,,20.34,22.68,1.115,22.68,1342,34.3,37.9,-3.5,
924,132,,19.53,23.15,1.185,23.15,1289,61.7,9.5,+52.2,
924,135,,21.81,24.44,1.120,24.44,1439,46.8,23.1,+23.8,
924,140,,13.66,15.57,1.140,15.57,901,35.7,17.8,+17.9,
924,140-1,,13.66,15.57,1.140,15.57,901,35.7,17.8,+17.9,
924,140-2,,13.66,15.57,1.140,15.57,901,35.7,17.8,+17.9,
924,142,,19.53,23.43,1.200,23.43,1289,63.5,3.2,+60.3,
924,143,,15.10,17.41,1.153,17.41,997,38.4,19.9,+18.5,
924,152-1,,21.48,24.55,1.143,24.55,1417,38.8,63.3,-24.6,
924,153,,21.14,24.21,1.145,24.21,1395,38.5,61.4,-22.8,
924,200,,21.01,23.46,1.117,23.46,1387,33.6,45.1,-11.5,
924,201,,22.06,24.39,1.106,24.39,1456,35.9,39.9,-4.0,
924,203,,20.98,23.44,1.117,23.44,1385,33.6,45.1,-11.5,
924,207,,16.41,19.45,1.185,19.45,1083,35.9,42.4,-6.5,
924,220,,15.58,18.82,1.208,18.82,1029,40.1,42.5,-2.3,
924,221,,17.80,21.19,1.190,21.19,1175,42.9,44.3,-1.5,
924,222,,16.27,19.58,1.204,19.58,1074,41.5,44.4,-2.9,
924,223,,16.89,19.02,1.127,19.02,1115,40.5,35.1,+5.3,
924,300,,26.37,31.66,1.201,31.66,1740,89.5,13.6,+76.0,
924,301,,27.20,32.74,1.204,32.74,1795,93.5,13.6,+79.9,
924,302,,30.00,36.98,1.232,36.98,1980,115.2,13.6,+101.5,
924,500,,21.82,24.43,1.120,24.43,1440,40.6,57.7,-17.1,
924,900,,7.11,8.69,1.224,8.69,469,25.8,2.2,+23.5,
924,901,,5.40,6.73,1.246,6.73,357,21.2,2.1,+19.1,
924,902,,6.48,8.05,1.243,8.05,428,25.4,2.1,+23.2,
924,903,,8.24,10.06,1.222,10.06,544,29.8,2.2,+27.5,
924,904,,7.98,9.86,1.236,9.86,526,30.4,2.1,+28.3,
924,905,,8.57,10.34,1.207,10.34,566,30.0,4.1,+25.9,
924,906,,4.41,5.76,1.307,5.76,291,21.0,2.1,+18.5,
924,915,,5.34,5.37,1.005,5.37,352,3.7,16.0,-12.0,
924,916,,6.48,6.57,1.015,6.57,428,5.6,17.4,-11.6,
924,917,,7.30,7.52,1.031,7.52,482,5.7,23.4,-17.4,
924,918,,8.81,11.22,1.273,11.22,582,37.1,2.1,+34.5,
924,919,,1.87,2.02,1.082,2.02,123,3.4,2.1,+1.3,
924,921,,0.60,0.65,1.085,0.65,40,1.0,0.1,+0.8,
924,922,,1.00,1.15,1.148,1.15,66,2.6,0.0,+2.7,
924,923,,0.22,0.26,1.147,0.26,15,0.6,0.0,+0.6,
924,925,,1.79,1.75,0.976,1.75,118,1.0,2.5,-1.6,
924,926,,2.25,2.13,0.950,2.13,148,1.0,4.2,-3.2,
924,931,,9.74,9.94,1.021,9.94,643,8.6,30.2,-21.5,
924,932,,9.58,9.73,1.016,9.73,632,6.6,27.8,-21.3,
924,933,,10.19,10.39,1.020,10.39,672,7.5,27.8,-20.2,
924,934,,10.28,10.51,1.023,10.51,678,8.1,27.8,-19.7,
924,935,,11.56,11.68,1.011,11.68,763,7.8,31.2,-23.2,
924,942,,9.79,10.30,1.052,10.30,646,12.1,14.7,-2.6,
924,946,,4.77,4.88,1.022,4.88,315,3.7,15.7,-12.0,
924,GATE,,22.47,25.37,1.129,25.37,1483,36.7,72.5,-35.8,
925,1,,13.18,15.75,1.196,15.75,870,32.0,38.2,-6.2,
925,2,,11.77,14.21,1.207,14.21,777,29.9,30.4,-0.5,
925,3,,10.41,12.87,1.237,12.87,687,29.9,29.9,+0.0,
925,4,,11.24,13.70,1.219,13.70,742,29.9,30.0,-0.1,
925,5,,9.78,12.21,1.249,12.21,645,29.9,25.7,+4.3,
925,6,,9.55,11.93,1.249,11.93,630,29.9,22.9,+7.1,
925,7,,9.90,12.28,1.241,12.28,653,29.9,22.8,+7.1,
925,8,,11.00,13.53,1.230,13.53,726,31.1,28.2,+2.9,
925,9,,9.37,11.43,1.220,11.43,619,30.2,16.1,+14.1,
925,10,,8.66,10.73,1.239,10.73,572,30.2,12.8,+17.3,
925,10-1,,8.43,10.49,1.244,10.49,557,30.2,12.1,+18.1,
925,11,,9.13,11.18,1.224,11.18,603,30.2,13.0,+17.1,
925,12,,10.33,12.43,1.203,12.43,682,31.5,13.6,+17.9,
925,13,,11.49,13.69,1.191,13.69,759,33.9,15.3,+18.6,
925,14,,8.99,11.30,1.258,11.30,593,29.9,17.1,+12.8,
925,15,,13.60,16.72,1.229,16.72,897,33.3,46.8,-13.2,
925,15-1,,14.95,17.98,1.203,17.98,987,33.3,51.7,-18.4,
925,16,,14.95,18.02,1.205,18.02,987,33.3,53.2,-19.9,
925,16-1,,16.03,18.93,1.181,18.93,1058,33.3,55.4,-22.1,
925,17,,13.44,16.54,1.231,16.54,887,33.3,43.3,-10.0,
925,18,,17.52,20.04,1.144,20.04,1156,41.4,18.3,+23.1,
925,19,,18.15,20.59,1.134,20.59,1198,41.4,20.1,+21.3,
925,20,,13.45,15.85,1.178,15.85,888,37.9,15.8,+22.1,
925,21,,16.85,19.12,1.135,19.12,1112,37.8,21.6,+16.2,
925,22,,16.17,18.68,1.155,18.68,1067,32.0,31.3,+0.8,
925,24,,16.79,19.10,1.138,19.10,1108,30.0,43.4,-13.5,
925,25,,17.15,19.61,1.144,19.61,1132,31.9,42.5,-10.6,
925,25-1,,18.08,20.51,1.135,20.51,1193,31.9,43.0,-11.1,
925,26,,17.17,19.65,1.144,19.65,1133,31.9,40.5,-8.6,
925,27,,17.91,20.41,1.139,20.41,1182,32.5,40.7,-8.3,
925,28,,18.21,20.70,1.137,20.70,1202,32.3,37.4,-5.0,
925,29,,20.43,24.23,1.186,24.23,1348,63.0,11.5,+51.5,
925,30,,18.96,21.43,1.130,21.43,1252,38.5,33.5,+5.0,
925,31,,18.53,21.02,1.134,21.02,1223,33.7,33.7,+0.1,
925,32,,22.23,24.96,1.122,24.96,1467,40.5,37.0,+3.5,
925,32-1,,22.17,24.90,1.123,24.90,1463,40.5,37.0,+3.5,
925,33,,20.26,23.00,1.136,23.00,1337,43.2,33.3,+9.9,
925,34,,19.16,21.96,1.147,21.96,1264,45.9,27.7,+18.2,
925,35,,16.44,18.89,1.149,18.89,1085,39.9,18.2,+21.7,
925,36,,19.51,22.03,1.129,22.03,1288,42.9,20.2,+22.7,
925,37,,20.26,23.00,1.136,23.00,1337,43.2,33.3,+9.9,
925,38,,20.96,23.37,1.115,23.37,1384,42.8,27.6,+15.2,
925,39,,20.99,23.65,1.127,23.65,1385,46.0,21.0,+25.0,
925,40,,22.72,25.53,1.124,25.53,1499,49.5,27.5,+22.0,
925,43,,17.03,19.31,1.134,19.31,1124,37.8,21.6,+16.2,
925,43-1,,17.61,20.07,1.140,20.07,1162,39.9,25.0,+15.0,
925,43-2,,17.72,20.04,1.131,20.04,1169,38.5,27.3,+11.2,
925,44-1,,19.37,21.88,1.130,21.88,1278,42.9,20.3,+22.6,
925,49,,13.21,16.48,1.247,16.48,872,37.1,32.7,+4.4,
925,50,,12.94,16.12,1.246,16.12,854,33.6,40.0,-6.4,
925,51,,14.24,17.22,1.210,17.22,940,33.7,41.1,-7.2,
925,52,,14.15,17.10,1.209,17.10,934,33.7,37.5,-3.7,
925,52-1,,14.75,18.03,1.222,18.03,974,39.6,39.5,+0.2,
925,52-2,,15.35,18.44,1.201,18.44,1013,35.3,40.3,-5.0,
925,53,,12.83,16.08,1.253,16.08,847,36.8,32.8,+4.0,
925,54,,11.80,14.94,1.267,14.94,779,34.8,32.4,+2.4,
925,55,,11.98,15.13,1.262,15.13,791,34.7,32.4,+2.4,
925,56,,16.15,18.32,1.134,18.32,1066,34.5,23.8,+10.7,
925,57,,17.82,21.28,1.194,21.28,1176,40.6,53.7,-13.0,
925,57-1,,16.82,20.12,1.196,20.12,1110,40.8,44.0,-3.2,
925,58,,17.88,21.05,1.177,21.05,1180,36.0,55.0,-19.0,
925,59,,16.98,20.52,1.208,20.52,1121,40.6,52.2,-11.4,
925,59-1,,17.90,21.46,1.199,21.46,1182,40.6,58.6,-17.8,
925,61,,11.55,14.13,1.223,14.13,762,31.9,28.2,+3.7,
925,62,,14.84,17.43,1.174,17.43,980,32.5,38.6,-6.1,
925,64,,19.85,22.61,1.139,22.61,1310,33.3,68.2,-34.9,
925,66,,18.29,22.25,1.216,22.25,1207,63.0,1.0,+62.0,
925,71,,20.26,21.97,1.084,21.97,1337,35.3,53.8,-18.4,
925,71-1,,20.26,21.97,1.084,21.97,1337,35.3,53.8,-18.4,
925,73,,14.93,17.32,1.161,17.32,985,29.9,45.0,-15.1,
925,74,,11.27,14.13,1.254,14.13,744,33.3,29.6,+3.8,
925,75,,22.22,24.83,1.118,24.83,1467,38.8,37.1,+1.7,
925,75-1,,22.12,24.44,1.105,24.44,1460,35.5,40.4,-4.9,
925,80,,26.39,29.40,1.114,29.40,1742,57.0,54.8,+2.0,
925,81,,18.41,20.16,1.095,20.16,1215,35.3,39.9,-4.6,
925,82,,9.44,11.50,1.218,11.50,623,33.3,5.8,+27.5,
925,83,,14.56,17.80,1.223,17.80,961,35.7,45.7,-10.0,
925,84,,12.66,15.81,1.249,15.81,835,33.3,39.3,-6.0,
925,85,,19.56,21.44,1.096,21.44,1291,37.5,39.9,-2.4,
925,85-1,,27.31,30.27,1.108,30.27,1803,56.5,55.3,+1.2,
925,86,,26.01,28.94,1.112,28.94,1717,54.7,54.9,-0.2,
925,101,,17.57,20.46,1.164,20.46,1160,33.3,58.3,-25.0,
925,103,,16.41,18.71,1.140,18.71,1083,29.9,49.9,-20.0,
925,105-2,,20.84,24.37,1.170,24.37,1375,61.1,14.2,+47.2,
925,129,,19.66,22.04,1.121,22.04,1297,33.8,35.8,-2.0,
925,132,,18.85,22.52,1.194,22.52,1244,61.1,7.4,+53.7,
925,135,,21.13,23.80,1.126,23.80,1395,46.2,21.0,+25.3,
925,140,,12.98,14.93,1.151,14.93,857,35.1,15.7,+19.4,
925,140-1,,12.98,14.93,1.151,14.93,857,35.1,15.7,+19.4,
925,140-2,,12.98,14.93,1.151,14.93,857,35.1,15.7,+19.4,
925,142,,18.85,22.80,1.210,22.80,1244,62.9,1.1,+61.9,
925,143,,14.43,16.78,1.163,16.78,952,37.9,17.8,+20.1,
925,152-1,,20.80,23.92,1.150,23.92,1373,38.2,61.2,-23.0,
925,153,,20.46,23.58,1.152,23.58,1351,38.0,59.2,-21.3,
925,200,,20.33,22.83,1.123,22.83,1342,33.0,43.0,-10.0,
925,201,,21.38,23.75,1.111,23.75,1411,35.4,37.8,-2.4,
925,203,,20.31,22.81,1.123,22.81,1340,33.0,43.0,-10.0,
925,207,,15.73,18.81,1.196,18.81,1038,35.3,40.3,-5.0,
925,220,,14.91,18.19,1.220,18.19,984,39.6,40.4,-0.8,
925,221,,17.12,20.56,1.201,20.56,1130,42.3,42.2,+0.1,
925,222,,15.59,18.95,1.216,18.95,1029,40.9,42.3,-1.4,
925,223,,16.21,18.39,1.135,18.39,1070,39.9,33.0,+6.9,
925,300,,25.69,31.02,1.208,31.02,1696,89.0,11.5,+77.5,
925,301,,26.52,32.11,1.211,32.11,1750,93.0,11.5,+81.5,
925,302,,29.33,36.34,1.239,36.34,1935,114.6,11.5,+103.1,
925,500,,21.14,23.80,1.126,23.80,1395,40.0,55.6,-15.5,
925,900,,6.43,8.06,1.254,8.06,424,25.2,0.1,+25.0,
925,901,,4.72,6.10,1.291,6.10,312,20.6,0.0,+20.7,
925,902,,5.80,7.42,1.279,7.42,383,24.8,0.0,+24.8,
925,903,,7.56,9.43,1.248,9.43,499,29.3,0.1,+29.1,
925,904,,7.30,9.22,1.264,9.22,482,29.9,0.0,+29.8,
925,905,,7.89,9.71,1.230,9.71,521,29.4,2.0,+27.4,
925,906,,3.73,5.12,1.375,5.12,246,20.5,0.0,+20.0,
925,915,,4.66,4.73,1.015,4.73,308,3.1,13.9,-10.4,
925,916,,5.80,5.94,1.024,5.94,383,5.0,15.3,-10.0,
925,917,,6.62,6.89,1.041,6.89,437,5.2,21.2,-15.9,
925,918,,8.14,10.58,1.301,10.58,537,36.6,0.0,+36.1,
925,919,,1.84,2.48,1.353,2.48,121,9.6,0.0,+8.8,
925,921,,0.80,0.83,1.042,0.83,53,0.6,0.0,+0.6,
925,922,,1.79,2.03,1.136,2.03,118,4.1,0.0,+4.2,
925,923,,1.82,2.03,1.118,2.03,120,3.7,0.0,+3.8,
925,924,,1.79,1.89,1.058,1.89,118,2.5,1.0,+1.6,
925,926,,0.51,0.49,0.960,0.49,33,0.0,0.4,-0.3,
925,931,,9.06,9.30,1.027,9.30,598,8.1,28.0,-20.0,
925,932,,8.90,9.10,1.022,9.10,587,6.0,25.7,-19.8,
925,933,,9.51,9.76,1.026,9.76,628,7.0,25.7,-18.7,
925,934,,9.60,9.88,1.029,9.88,633,7.5,25.7,-18.1,
925,935,,10.88,11.05,1.016,11.05,718,7.3,29.1,-21.7,
925,942,,9.12,9.67,1.061,9.67,602,11.6,12.6,-1.1,
925,946,,4.10,4.24,1.036,4.24,270,3.1,13.5,-10.5,
925,GATE,,21.79,24.74,1.135,24.74,1438,36.2,70.4,-34.2,
926,1,,13.63,16.31,1.196,16.31,900,33.7,38.3,-4.6,
926,2,,12.23,14.76,1.207,14.76,807,31.7,30.5,+1.1,
926,3,,10.87,13.43,1.235,13.43,717,31.6,29.9,+1.6,
926,4,,11.69,14.25,1.219,14.25,772,31.6,30.0,+1.5,
926,5,,10.23,12.76,1.247,12.76,675,31.6,25.8,+5.9,
926,6,,10.01,12.49,1.248,12.49,660,31.6,22.9,+8.7,
926,7,,10.35,12.83,1.240,12.83,683,31.6,22.9,+8.7,
926,8,,11.46,14.08,1.229,14.08,756,32.8,28.2,+4.5,
926,9,,9.83,11.99,1.220,11.99,649,31.9,16.1,+15.7,
926,10,,9.12,11.29,1.238,11.29,602,31.9,12.9,+18.9,
926,10-1,,8.89,11.04,1.242,11.04,587,31.9,12.1,+19.7,
926,11,,9.59,11.73,1.224,11.73,633,31.9,13.1,+18.7,
926,12,,10.79,12.99,1.203,12.99,712,33.3,13.7,+19.5,
926,13,,11.95,14.24,1.192,14.24,789,35.6,15.3,+20.2,
926,14,,9.44,11.86,1.256,11.86,623,31.6,17.2,+14.4,
926,15,,14.05,17.27,1.229,17.27,928,35.0,46.8,-11.7,
926,15-1,,15.41,18.53,1.203,18.53,1017,35.0,51.8,-16.8,
926,16,,15.41,18.57,1.205,18.57,1017,35.0,53.3,-18.3,
926,16-1,,16.49,19.48,1.181,19.48,1088,35.0,55.5,-20.5,
926,17,,13.90,17.10,1.230,17.10,917,35.0,43.3,-8.4,
926,18,,17.98,20.60,1.146,20.60,1186,43.1,18.4,+24.7,
926,19,,18.61,21.14,1.136,21.14,1228,43.1,20.2,+22.9,
926,20,,13.91,16.40,1.179,16.40,918,39.6,15.9,+23.7,
926,21,,17.30,19.68,1.137,19.68,1142,39.5,21.6,+17.8,
926,22,,16.63,19.24,1.157,19.24,1097,33.8,31.3,+2.4,
926,24,,17.24,19.65,1.140,19.65,1138,31.7,43.5,-11.9,
926,25,,17.60,20.16,1.145,20.16,1162,33.6,42.6,-9.0,
926,25-1,,18.53,21.07,1.137,21.07,1223,33.6,43.0,-9.5,
926,26,,17.63,20.21,1.146,20.21,1164,33.6,40.5,-7.0,
926,27,,18.37,20.97,1.141,20.97,1212,34.2,40.8,-6.7,
926,28,,18.66,21.26,1.139,21.26,1232,34.0,37.4,-3.4,
926,29,,20.89,24.78,1.186,24.78,1379,64.7,11.5,+53.1,
926,30,,19.42,21.99,1.132,21.99,1282,40.2,33.5,+6.6,
926,31,,18.99,21.58,1.136,21.58,1253,35.5,33.7,+1.7,
926,32,,22.69,25.51,1.124,25.51,1498,42.2,37.1,+5.0,
926,32-1,,22.63,25.45,1.125,25.45,1494,42.2,37.1,+5.0,
926,33,,20.71,23.56,1.137,23.56,1367,44.9,33.3,+11.5,
926,34,,19.61,22.52,1.148,22.52,1294,47.7,27.7,+19.8,
926,35,,16.90,19.44,1.151,19.44,1115,41.6,18.2,+23.3,
926,36,,19.97,22.58,1.131,22.58,1318,44.6,20.3,+24.3,
926,37,,20.71,23.56,1.137,23.56,1367,44.9,33.3,+11.5,
926,38,,21.42,23.92,1.117,23.92,1414,44.5,27.7,+16.8,
926,39,,21.45,24.20,1.129,24.20,1416,47.7,21.0,+26.6,
926,40,,23.17,26.08,1.126,26.08,1529,51.3,27.6,+23.6,
926,43,,17.49,19.87,1.136,19.87,1154,39.5,21.6,+17.8,
926,43-1,,18.06,20.63,1.142,20.63,1192,41.6,25.0,+16.5,
926,43-2,,18.17,20.59,1.133,20.59,1199,40.2,27.4,+12.8,
926,44-1,,19.82,22.43,1.132,22.43,1308,44.6,20.3,+24.2,
926,49,,13.67,17.03,1.246,17.03,902,38.8,32.7,+6.0,
926,50,,13.40,16.67,1.245,16.67,884,35.4,40.0,-4.8,
926,51,,14.69,17.78,1.210,17.78,970,35.5,41.2,-5.7,
926,52,,14.60,17.65,1.209,17.65,964,35.5,37.5,-2.1,
926,52-1,,15.21,18.59,1.222,18.59,1004,41.3,39.5,+1.8,
926,52-2,,15.81,18.99,1.201,18.99,1044,37.0,40.3,-3.4,
926,53,,13.29,16.63,1.252,16.63,877,38.5,32.9,+5.6,
926,54,,12.25,15.50,1.265,15.50,809,36.5,32.4,+4.0,
926,55,,12.44,15.68,1.261,15.68,821,36.5,32.4,+4.0,
926,56,,16.61,18.87,1.136,18.87,1096,36.2,23.8,+12.3,
926,57,,18.28,21.84,1.195,21.84,1206,42.3,53.7,-11.4,
926,57-1,,17.28,20.67,1.196,20.67,1140,42.5,44.1,-1.6,
926,58,,18.34,21.60,1.178,21.60,1210,37.7,55.0,-17.4,
926,59,,17.44,21.07,1.208,21.07,1151,42.3,52.2,-9.8,
926,59-1,,18.36,22.01,1.199,22.01,1212,42.3,58.7,-16.2,
926,61,,12.00,14.68,1.223,14.68,792,33.7,28.2,+5.3,
926,62,,15.30,17.98,1.175,17.98,1010,34.2,38.6,-4.5,
926,64,,20.30,23.16,1.141,23.16,1340,35.0,68.3,-33.3,
926,66,,18.74,22.80,1.216,22.80,1237,64.7,1.1,+63.6,
926,71,,20.72,22.53,1.087,22.53,1368,37.0,53.8,-16.8,
926,71-1,,20.72,22.53,1.087,22.53,1368,37.0,53.8,-16.8,
926,73,,15.38,17.88,1.162,17.88,1015,31.6,45.0,-13.5,
926,74,,11.73,14.68,1.252,14.68,774,35.0,29.6,+5.4,
926,75,,22.68,25.39,1.119,25.39,1497,40.5,37.1,+3.3,
926,75-1,,22.58,24.99,1.107,24.99,1490,37.2,40.5,-3.3,
926,80,,26.85,29.95,1.116,29.95,1772,58.7,54.9,+3.6,
926,81,,18.87,20.72,1.098,20.72,1245,37.0,40.0,-3.0,
926,82,,9.90,12.06,1.218,12.06,653,35.0,5.9,+29.1,
926,83,,15.01,18.36,1.223,18.36,991,37.4,45.7,-8.4,
926,84,,13.12,16.36,1.247,16.36,866,35.0,39.4,-4.4,
926,85,,20.02,21.99,1.098,21.99,1321,39.2,40.0,-0.8,
926,85-1,,27.77,30.82,1.110,30.82,1833,58.2,55.3,+2.8,
926,86,,26.47,29.49,1.114,29.49,1747,56.4,54.9,+1.4,
926,101,,18.03,21.01,1.166,21.01,1190,35.0,58.3,-23.4,
926,103,,16.86,19.26,1.142,19.26,1113,31.6,49.9,-18.4,
926,105-2,,21.30,24.93,1.170,24.93,1405,62.8,14.2,+48.8,
926,129,,20.12,22.60,1.123,22.60,1328,35.5,35.8,-0.4,
926,132,,19.31,23.07,1.195,23.07,1274,62.8,7.5,+55.3,
926,135,,21.59,24.36,1.128,24.36,1425,48.0,21.0,+26.9,
926,140,,13.43,15.49,1.153,15.49,887,36.9,15.8,+21.0,
926,140-1,,13.43,15.49,1.153,15.49,887,36.9,15.8,+21.0,
926,140-2,,13.43,15.49,1.153,15.49,887,36.9,15.8,+21.0,
926,142,,19.30,23.35,1.210,23.35,1274,64.7,1.1,+63.5,
926,143,,14.88,17.33,1.165,17.33,982,39.6,17.8,+21.7,
926,152-1,,21.25,24.47,1.151,24.47,1403,39.9,61.2,-21.4,
926,153,,20.92,24.13,1.153,24.13,1381,39.7,59.3,-19.7,
926,200,,20.79,23.38,1.125,23.38,1372,34.7,43.0,-8.4,
926,201,,21.83,24.31,1.113,24.31,1441,37.1,37.8,-0.8,
926,203,,20.76,23.36,1.125,23.36,1370,34.7,43.0,-8.4,
926,207,,16.19,19.37,1.196,19.37,1068,37.0,40.3,-3.4,
926,220,,15.36,18.74,1.220,18.74,1014,41.3,40.5,+0.8,
926,221,,17.58,21.11,1.201,21.11,1160,44.0,42.3,+1.7,
926,222,,16.05,19.50,1.216,19.50,1059,42.6,42.3,+0.2,
926,223,,16.67,18.94,1.137,18.94,1100,41.7,33.0,+8.5,
926,300,,26.15,31.58,1.208,31.58,1726,90.7,11.5,+79.1,
926,301,,26.98,32.66,1.211,32.66,1781,94.7,11.5,+83.1,
926,302,,29.78,36.90,1.239,36.90,1966,116.3,11.5,+104.7,
926,500,,21.60,24.35,1.127,24.35,1426,41.7,55.6,-13.9,
926,900,,6.88,8.61,1.251,8.61,454,26.9,0.2,+26.6,
926,901,,5.18,6.65,1.284,6.65,342,22.3,0.1,+22.3,
926,902,,6.26,7.97,1.274,7.97,413,26.6,0.1,+26.4,
926,903,,8.01,9.98,1.246,9.98,529,31.0,0.1,+30.7,
926,904,,7.75,9.77,1.261,9.77,512,31.6,0.1,+31.4,
926,905,,8.35,10.26,1.229,10.26,551,31.1,2.0,+29.0,
926,906,,4.18,5.68,1.357,5.68,276,22.2,0.0,+21.6,
926,915,,5.12,5.29,1.033,5.29,338,4.8,13.9,-8.8,
926,916,,6.26,6.49,1.038,6.49,413,6.8,15.3,-8.4,
926,917,,7.08,7.44,1.052,7.44,467,6.9,21.3,-14.3,
926,918,,8.59,11.14,1.296,11.14,567,38.3,0.0,+37.7,
926,919,,2.29,3.04,1.325,3.04,151,11.3,0.0,+10.4,
926,921,,1.26,1.39,1.103,1.39,83,2.3,0.0,+2.2,
926,922,,2.24,2.58,1.151,2.58,148,5.9,0.0,+5.8,
926,923,,2.27,2.59,1.137,2.59,150,5.4,0.0,+5.4,
926,924,,2.25,2.45,1.089,2.45,148,4.2,1.0,+3.2,
926,925,,0.51,0.53,1.043,0.53,33,0.4,0.0,+0.3,
926,931,,9.52,9.86,1.036,9.86,628,9.8,28.1,-18.4,
926,932,,9.36,9.65,1.031,9.65,618,7.8,25.7,-18.2,
926,933,,9.97,10.31,1.034,10.31,658,8.7,25.8,-17.1,
926,934,,10.05,10.43,1.038,10.43,664,9.3,25.8,-16.5,
926,935,,11.33,11.60,1.024,11.60,748,9.0,29.1,-20.1,
926,942,,9.57,10.22,1.068,10.22,632,13.3,12.7,+0.5,
926,946,,4.55,4.80,1.054,4.80,300,4.8,13.6,-8.9,
926,GATE,,22.24,25.29,1.137,25.29,1468,37.9,70.4,-32.6,
931,1,,18.64,22.66,1.216,22.66,1230,56.9,43.2,+13.7,
931,2,,17.23,21.11,1.225,21.11,1137,54.9,35.4,+19.5,
931,3,,15.87,19.78,1.246,19.78,1047,54.8,34.9,+20.0,
931,4,,16.70,20.60,1.234,20.60,1102,54.8,34.9,+19.9,
931,5,,15.24,19.11,1.254,19.11,1006,54.8,30.7,+24.2,
931,6,,15.01,18.84,1.255,18.84,991,54.8,27.8,+27.0,
931,7,,15.36,19.19,1.249,19.19,1014,54.8,27.8,+27.0,
931,8,,16.46,20.43,1.241,20.43,1086,56.0,33.1,+22.9,
931,9,,14.83,18.34,1.236,18.34,979,55.1,21.1,+34.0,
931,10,,14.12,17.64,1.249,17.64,932,55.1,17.8,+37.3,
931,10-1,,13.89,17.39,1.252,17.39,917,55.1,17.1,+38.1,
931,11,,14.59,18.08,1.239,18.08,963,55.1,18.0,+37.1,
931,12,,15.79,19.34,1.224,19.34,1042,56.5,18.6,+37.9,
931,13,,16.95,20.59,1.215,20.59,1119,58.8,20.3,+38.6,
931,14,,14.45,18.21,1.260,18.21,953,54.8,22.1,+32.8,
931,15,,19.06,23.62,1.239,23.62,1258,58.3,51.7,+6.7,
931,15-1,,20.41,24.88,1.219,24.88,1347,58.3,56.7,+1.6,
931,16,,20.41,24.92,1.221,24.92,1347,58.3,58.2,+0.1,
931,16-1,,21.49,25.83,1.202,25.83,1418,58.3,60.4,-2.1,
931,17,,18.90,23.45,1.240,23.45,1248,58.3,48.3,+10.0,
931,18,,22.98,26.95,1.173,26.95,1517,66.3,23.3,+43.1,
931,19,,23.61,27.49,1.164,27.49,1558,66.3,25.1,+41.2,
931,20,,18.91,22.75,1.203,22.75,1248,62.8,20.8,+42.1,
931,21,,22.31,26.03,1.167,26.03,1472,62.7,26.6,+36.2,
931,22,,21.63,25.59,1.183,25.59,1428,57.0,36.2,+20.8,
931,24,,22.25,26.01,1.169,26.01,1468,54.9,48.4,+6.5,
931,25,,22.61,26.51,1.173,26.51,1492,56.9,47.5,+9.3,
931,25-1,,23.54,27.42,1.165,27.42,1553,56.9,48.0,+8.9,
931,26,,22.63,26.56,1.173,26.56,1494,56.9,45.4,+11.4,
931,27,,23.37,27.32,1.169,27.32,1543,57.4,45.7,+11.7,
931,28,,23.67,27.61,1.166,27.61,1562,57.3,42.3,+15.0,
931,29,,25.89,31.13,1.202,31.13,1709,88.0,16.5,+71.5,
931,30,,24.42,28.34,1.160,28.34,1612,63.4,38.4,+25.0,
931,31,,23.99,27.93,1.164,27.93,1584,58.7,38.6,+20.1,
931,32,,27.69,31.86,1.151,31.86,1828,65.4,42.0,+23.4,
931,32-1,,27.63,31.80,1.151,31.80,1824,65.5,42.0,+23.4,
931,33,,25.72,29.91,1.163,29.91,1697,68.1,38.2,+29.9,
931,34,,24.62,28.87,1.173,28.87,1625,70.9,32.7,+38.2,
931,35,,21.90,25.80,1.178,25.80,1446,64.9,23.2,+41.7,
931,36,,24.97,28.93,1.159,28.93,1648,67.9,25.2,+42.7,
931,37,,25.72,29.91,1.163,29.91,1697,68.1,38.2,+29.9,
931,38,,26.42,30.27,1.146,30.27,1744,67.7,32.6,+35.2,
931,39,,26.45,30.56,1.155,30.56,1746,71.0,25.9,+45.0,
931,40,,28.18,32.44,1.151,32.44,1860,74.5,32.5,+42.0,
931,43,,22.49,26.22,1.166,26.22,1485,62.8,26.6,+36.2,
931,43-1,,23.07,26.98,1.170,26.98,1522,64.9,29.9,+34.9,
931,43-2,,23.18,26.95,1.163,26.95,1530,63.5,32.3,+31.2,
931,44-1,,24.83,28.78,1.159,28.78,1639,67.8,25.2,+42.6,
931,49,,18.67,23.39,1.252,23.39,1232,62.1,37.7,+24.4,
931,50,,18.40,23.02,1.251,23.02,1214,58.6,44.9,+13.6,
931,51,,19.70,24.13,1.225,24.13,1300,58.7,46.1,+12.7,
931,52,,19.61,24.01,1.224,24.01,1294,58.7,42.4,+16.2,
931,52-1,,20.21,24.94,1.234,24.94,1334,64.5,44.4,+20.2,
931,52-2,,20.81,25.34,1.218,25.34,1374,60.2,45.2,+15.0,
931,53,,18.29,22.99,1.256,22.99,1207,61.7,37.8,+24.0,
931,54,,17.26,21.85,1.266,21.85,1139,59.7,37.3,+22.4,
931,55,,17.44,22.03,1.263,22.03,1151,59.7,37.3,+22.4,
931,56,,21.61,25.22,1.167,25.22,1426,59.4,28.7,+30.7,
931,57,,23.28,28.19,1.211,28.19,1537,65.5,58.6,+6.9,
931,57-1,,22.28,27.02,1.213,27.02,1471,65.8,49.0,+16.8,
931,58,,23.34,27.95,1.198,27.95,1540,60.9,59.9,+1.0,
931,59,,22.44,27.42,1.222,27.42,1481,65.6,57.2,+8.6,
931,59-1,,23.36,28.36,1.214,28.36,1542,65.6,63.6,+2.2,
931,61,,17.01,21.03,1.237,21.03,1123,56.9,33.1,+23.7,
931,62,,20.30,24.33,1.199,24.33,1340,57.5,43.5,+13.9,
931,64,,25.31,29.51,1.166,29.51,1670,58.3,73.2,-15.0,
931,66,,23.75,29.15,1.228,29.15,1567,88.0,6.0,+82.0,
931,71,,25.72,28.88,1.123,28.88,1698,60.3,58.7,+1.5,
931,71-1,,25.72,28.88,1.123,28.88,1698,60.3,58.7,+1.5,
931,73,,20.39,24.23,1.188,24.23,1345,54.8,50.0,+4.9,
931,74,,16.73,21.03,1.257,21.03,1104,58.2,34.5,+23.7,
931,75,,27.68,31.74,1.147,31.74,1827,63.7,42.0,+21.7,
931,75-1,,27.58,31.35,1.136,31.35,1820,60.5,45.4,+15.1,
931,80,,27.41,35.53,1.296,35.53,1809,97.1,75.0,+22.0,
931,81,,23.87,27.07,1.134,27.07,1576,60.2,44.9,+15.4,
931,82,,14.90,18.41,1.235,18.41,984,58.3,10.8,+47.5,
931,83,,20.02,24.71,1.234,24.71,1321,60.7,50.7,+10.0,
931,84,,18.12,22.71,1.253,22.71,1196,58.3,44.3,+14.0,
931,85,,25.02,28.34,1.132,28.34,1652,62.4,44.9,+17.5,
931,85-1,,28.34,36.41,1.285,36.41,1870,96.6,75.4,+21.2,
931,86,,27.03,35.08,1.298,35.08,1784,94.8,75.0,+19.8,
931,101,,23.03,27.36,1.188,27.36,1520,58.3,63.3,-5.0,
931,103,,21.87,25.61,1.171,25.61,1443,54.8,54.8,-0.0,
931,105-2,,26.30,31.28,1.189,31.28,1736,86.0,19.1,+67.2,
931,129,,25.12,28.95,1.152,28.95,1658,58.7,40.7,+18.0,
931,132,,24.31,29.42,1.210,29.42,1605,86.1,12.4,+73.7,
931,135,,26.59,30.71,1.155,30.71,1755,71.2,25.9,+45.3,
931,140,,18.44,21.84,1.184,21.84,1217,60.1,20.7,+39.4,
931,140-1,,18.44,21.84,1.184,21.84,1217,60.1,20.7,+39.4,
931,140-2,,18.44,21.84,1.184,21.84,1217,60.1,20.7,+39.4,
931,142,,24.31,29.70,1.222,29.70,1604,87.9,6.0,+81.9,
931,143,,19.89,23.68,1.191,23.68,1312,62.8,22.7,+40.1,
931,152-1,,26.26,30.82,1.174,30.82,1733,63.1,66.2,-3.0,
931,153,,25.92,30.48,1.176,30.48,1711,62.9,64.2,-1.3,
931,200,,25.79,29.73,1.153,29.73,1702,58.0,48.0,+10.0,
931,201,,26.84,30.66,1.142,30.66,1771,60.3,42.8,+17.6,
931,203,,25.77,29.71,1.153,29.71,1701,58.0,48.0,+10.0,
931,207,,21.19,25.72,1.214,25.72,1399,60.2,45.2,+15.0,
931,220,,20.37,25.09,1.232,25.09,1344,64.5,45.4,+19.2,
931,221,,22.58,27.46,1.216,27.46,1491,67.2,47.2,+20.0,
931,222,,21.05,25.86,1.228,25.86,1389,65.9,47.2,+18.6,
931,223,,21.67,25.29,1.167,25.29,1430,64.9,38.0,+26.8,
931,300,,31.15,37.93,1.218,37.93,2056,113.9,16.4,+97.5,
931,301,,31.98,39.01,1.220,39.01,2111,117.9,16.4,+101.5,
931,302,,34.78,43.25,1.243,43.25,2296,139.6,16.4,+123.0,
931,500,,26.60,30.70,1.154,30.70,1756,65.0,60.5,+4.4,
931,900,,11.89,14.96,1.259,14.96,785,50.2,5.1,+45.0,
931,901,,10.18,13.00,1.277,13.00,672,45.5,5.0,+40.7,
931,902,,11.26,14.32,1.272,14.32,743,49.8,5.0,+44.8,
931,903,,13.02,16.33,1.255,16.33,859,54.2,5.0,+49.1,
931,904,,12.76,16.13,1.264,16.13,842,54.8,5.0,+49.8,
931,905,,13.35,16.61,1.244,16.61,881,54.3,6.9,+47.4,
931,906,,9.19,12.03,1.309,12.03,606,45.4,5.0,+40.0,
931,915,,7.04,7.95,1.129,7.95,465,18.4,9.2,+9.6,
931,916,,8.18,9.16,1.120,9.16,540,20.3,10.6,+10.0,
931,917,,9.00,10.11,1.123,10.11,594,20.4,16.5,+4.1,
931,918,,13.60,17.49,1.286,17.49,897,61.5,5.0,+56.0,
931,919,,8.98,11.07,1.233,11.07,592,35.0,5.0,+30.0,
931,921,,8.75,10.25,1.171,10.25,577,28.2,7.6,+20.6,
931,922,,9.74,11.45,1.176,11.45,643,31.8,7.7,+24.2,
931,923,,9.77,11.45,1.172,11.45,645,31.4,7.7,+23.8,
931,924,,9.74,11.31,1.161,11.31,643,30.2,8.6,+21.5,
931,925,,9.06,10.53,1.162,10.53,598,28.0,8.1,+20.0,
931,926,,9.52,10.92,1.147,10.92,628,28.1,9.8,+18.4,
931,932,,3.62,3.71,1.025,3.71,239,4.3,3.9,+0.2,
931,933,,4.23,4.37,1.033,4.37,279,5.2,4.0,+1.3,
931,934,,4.31,4.49,1.041,4.49,285,5.8,4.0,+1.9,
931,935,,5.59,5.68,1.016,5.68,369,5.6,7.4,-1.7,
931,942,,8.35,9.57,1.147,9.57,551,22.4,3.5,+18.9,
931,946,,3.80,4.04,1.063,4.04,251,6.3,5.0,+1.1,
931,GATE,,27.25,31.64,1.161,31.64,1798,61.1,75.4,-14.2,
932,1,,18.48,22.41,1.213,22.41,1220,54.5,41.2,+13.5,
932,2,,17.07,20.86,1.222,20.86,1127,52.5,33.4,+19.2,
932,3,,15.71,19.53,1.243,19.53,1037,52.5,32.8,+19.8,
932,4,,16.54,20.35,1.231,20.35,1092,52.4,32.9,+19.7,
932,5,,15.08,18.87,1.251,18.87,995,52.4,28.7,+24.0,
932,6,,14.85,18.59,1.252,18.59,980,52.5,25.8,+26.8,
932,7,,15.20,18.94,1.246,18.94,1003,52.4,25.8,+26.8,
932,8,,16.30,20.18,1.238,20.18,1076,53.6,31.1,+22.6,
932,9,,14.67,18.09,1.233,18.09,968,52.7,19.0,+33.8,
932,10,,13.96,17.39,1.245,17.39,921,52.7,15.8,+37.1,
932,10-1,,13.74,17.14,1.248,17.14,907,52.7,15.0,+37.9,
932,11,,14.43,17.84,1.236,17.84,953,52.7,16.0,+36.9,
932,12,,15.64,19.09,1.221,19.09,1032,54.1,16.6,+37.7,
932,13,,16.79,20.34,1.211,20.34,1108,56.4,18.2,+38.3,
932,14,,14.29,17.96,1.257,17.96,943,52.5,20.1,+32.5,
932,15,,18.90,23.37,1.237,23.37,1247,55.9,49.7,+6.5,
932,15-1,,20.25,24.63,1.216,24.63,1337,55.9,54.7,+1.4,
932,16,,20.25,24.67,1.218,24.67,1337,55.9,56.2,-0.2,
932,16-1,,21.33,25.58,1.199,25.58,1408,55.9,58.4,-2.3,
932,17,,18.75,23.20,1.238,23.20,1237,55.9,46.2,+9.8,
932,18,,22.82,26.70,1.170,26.70,1506,64.0,21.3,+42.9,
932,19,,23.45,27.24,1.162,27.24,1548,64.0,23.1,+41.0,
932,20,,18.75,22.50,1.200,22.50,1238,60.5,18.8,+41.8,
932,21,,22.15,25.78,1.164,25.78,1462,60.4,24.5,+36.0,
932,22,,21.47,25.34,1.180,25.34,1417,54.6,34.2,+20.5,
932,24,,22.09,25.76,1.166,25.76,1458,52.5,46.4,+6.3,
932,25,,22.45,26.26,1.170,26.26,1481,54.5,45.5,+9.1,
932,25-1,,23.38,27.17,1.162,27.17,1543,54.5,45.9,+8.7,
932,26,,22.48,26.31,1.171,26.31,1483,54.5,43.4,+11.2,
932,27,,23.22,27.07,1.166,27.07,1532,55.0,43.7,+11.5,
932,28,,23.51,27.36,1.164,27.36,1552,54.9,40.3,+14.8,
932,29,,25.73,30.88,1.200,30.88,1698,85.6,14.4,+71.3,
932,30,,24.27,28.09,1.158,28.09,1602,61.1,36.4,+24.8,
932,31,,23.84,27.68,1.161,27.68,1573,56.3,36.6,+19.8,
932,32,,27.54,31.61,1.148,31.61,1817,63.1,40.0,+23.2,
932,32-1,,27.47,31.55,1.148,31.55,1813,63.1,40.0,+23.2,
932,33,,25.56,29.66,1.160,29.66,1687,65.7,36.2,+29.7,
932,34,,24.46,28.62,1.170,28.62,1614,68.5,30.6,+38.0,
932,35,,21.75,25.55,1.175,25.55,1435,62.5,21.1,+41.5,
932,36,,24.81,28.68,1.156,28.68,1638,65.5,23.2,+42.4,
932,37,,25.56,29.66,1.160,29.66,1687,65.7,36.2,+29.7,
932,38,,26.26,30.02,1.143,30.02,1733,65.4,30.6,+34.9,
932,39,,26.29,30.31,1.153,30.31,1735,68.6,23.9,+44.8,
932,40,,28.02,32.19,1.149,32.19,1849,72.1,30.5,+41.8,
932,43,,22.34,25.97,1.163,25.97,1474,60.4,24.5,+36.0,
932,43-1,,22.91,26.73,1.167,26.73,1512,62.5,27.9,+34.7,
932,43-2,,23.02,26.70,1.160,26.70,1519,61.1,30.3,+30.9,
932,44-1,,24.67,28.54,1.157,28.54,1628,65.4,23.2,+42.4,
932,49,,18.51,23.14,1.250,23.14,1222,59.7,35.6,+24.2,
932,50,,18.24,22.78,1.249,22.78,1204,56.2,42.9,+13.4,
932,51,,19.54,23.88,1.222,23.88,1289,56.3,44.1,+12.5,
932,52,,19.45,23.76,1.222,23.76,1284,56.3,40.4,+16.0,
932,52-1,,20.05,24.69,1.231,24.69,1324,62.1,42.4,+20.0,
932,52-2,,20.66,25.09,1.215,25.09,1363,57.9,43.2,+14.8,
932,53,,18.14,22.74,1.254,22.74,1197,59.4,35.8,+23.7,
932,54,,17.10,21.60,1.263,21.60,1129,57.3,35.3,+22.1,
932,55,,17.28,21.78,1.260,21.78,1141,57.3,35.3,+22.1,
932,56,,21.45,24.97,1.164,24.97,1416,57.1,26.7,+30.5,
932,57,,23.12,27.94,1.208,27.94,1526,63.2,56.6,+6.7,
932,57-1,,22.12,26.77,1.210,26.77,1460,63.4,47.0,+16.6,
932,58,,23.18,27.70,1.195,27.70,1530,58.5,57.9,+0.8,
932,59,,22.28,27.17,1.219,27.17,1471,63.2,55.1,+8.4,
932,59-1,,23.20,28.11,1.212,28.11,1531,63.2,61.6,+2.0,
932,61,,16.85,20.78,1.233,20.78,1112,54.5,31.1,+23.5,
932,62,,20.14,24.08,1.196,24.08,1329,55.1,41.5,+13.7,
932,64,,25.15,29.26,1.164,29.26,1660,55.9,71.2,-15.2,
932,66,,23.59,28.90,1.225,28.90,1557,85.6,4.0,+81.8,
932,71,,25.56,28.63,1.120,28.63,1687,57.9,56.7,+1.3,
932,71-1,,25.56,28.63,1.120,28.63,1687,57.9,56.7,+1.3,
932,73,,20.23,23.98,1.185,23.98,1335,52.4,47.9,+4.7,
932,74,,16.57,20.78,1.254,20.78,1094,55.9,32.5,+23.5,
932,75,,27.52,31.49,1.144,31.49,1816,61.3,40.0,+21.4,
932,75-1,,27.42,31.10,1.134,31.10,1810,58.1,43.4,+14.8,
932,80,,27.77,36.08,1.299,36.08,1833,99.2,77.5,+21.8,
932,81,,23.72,26.82,1.131,26.82,1565,57.9,42.9,+15.1,
932,82,,14.74,18.16,1.232,18.16,973,55.9,8.8,+47.2,
932,83,,19.86,24.46,1.232,24.46,1311,58.3,48.6,+9.8,
932,84,,17.96,22.46,1.251,22.46,1185,55.9,42.3,+13.7,
932,85,,24.87,28.09,1.130,28.09,1641,60.0,42.9,+17.3,
932,85-1,,28.69,36.95,1.288,36.95,1894,98.7,77.9,+21.0,
932,86,,27.39,35.62,1.300,35.62,1808,96.9,77.5,+19.6,
932,101,,22.87,27.11,1.186,27.11,1510,55.9,61.2,-5.2,
932,103,,21.71,25.37,1.168,25.37,1433,52.5,52.8,-0.2,
932,105-2,,26.14,31.03,1.187,31.03,1725,83.6,17.1,+66.9,
932,129,,24.96,28.70,1.150,28.70,1647,56.3,38.7,+17.8,
932,132,,24.15,29.17,1.208,29.17,1594,83.7,10.4,+73.5,
932,135,,26.43,30.46,1.152,30.46,1745,68.8,23.9,+45.1,
932,140,,18.28,21.59,1.181,21.59,1206,57.7,18.7,+39.2,
932,140-1,,18.28,21.59,1.181,21.59,1206,57.7,18.7,+39.2,
932,140-2,,18.28,21.59,1.181,21.59,1206,57.7,18.7,+39.2,
932,142,,24.15,29.46,1.220,29.46,1594,85.5,4.0,+81.7,
932,143,,19.73,23.43,1.188,23.43,1302,60.4,20.7,+39.9,
932,152-1,,26.10,30.57,1.171,30.57,1722,60.8,64.2,-3.2,
932,153,,25.76,30.23,1.173,30.23,1700,60.5,62.2,-1.5,
932,200,,25.63,29.48,1.150,29.48,1692,55.6,45.9,+9.8,
932,201,,26.68,30.41,1.140,30.41,1761,57.9,40.7,+17.3,
932,203,,25.61,29.46,1.150,29.46,1690,55.6,45.9,+9.8,
932,207,,21.03,25.47,1.211,25.47,1388,57.9,43.2,+14.8,
932,220,,20.21,24.84,1.229,24.84,1334,62.1,43.4,+19.0,
932,221,,22.43,27.21,1.214,27.21,1480,64.9,45.2,+19.8,
932,222,,20.89,25.61,1.226,25.61,1379,63.5,45.2,+18.4,
932,223,,21.51,25.05,1.164,25.05,1420,62.5,35.9,+26.6,
932,300,,30.99,37.68,1.216,37.68,2046,111.5,14.4,+97.3,
932,301,,31.82,38.76,1.218,38.76,2100,115.5,14.4,+101.3,
932,302,,34.63,43.00,1.242,43.00,2285,137.2,14.4,+122.8,
932,500,,26.44,30.45,1.152,30.45,1745,62.6,58.5,+4.2,
932,900,,11.73,14.72,1.255,14.72,774,47.8,3.1,+44.8,
932,901,,10.02,12.75,1.272,12.75,662,43.2,3.0,+40.4,
932,902,,11.10,14.07,1.268,14.07,733,47.4,3.0,+44.5,
932,903,,12.86,16.09,1.251,16.09,849,51.8,3.0,+48.8,
932,904,,12.60,15.88,1.260,15.88,832,52.4,3.0,+49.6,
932,905,,13.19,16.36,1.240,16.36,871,52.0,4.9,+47.2,
932,906,,9.03,11.78,1.305,11.78,596,43.0,2.9,+39.8,
932,915,,6.88,7.70,1.119,7.70,454,16.0,7.2,+9.3,
932,916,,8.02,8.91,1.111,8.91,530,17.9,8.5,+9.7,
932,917,,8.84,9.86,1.115,9.86,584,18.1,14.5,+3.9,
932,918,,13.44,17.24,1.283,17.24,887,59.1,2.9,+55.8,
932,919,,8.82,10.82,1.227,10.82,582,32.6,3.0,+29.8,
932,921,,8.59,10.00,1.164,10.00,567,25.8,5.6,+20.4,
932,922,,9.58,11.20,1.169,11.20,632,29.4,5.6,+24.0,
932,923,,9.61,11.20,1.166,11.20,634,29.0,5.6,+23.6,
932,924,,9.58,11.06,1.155,11.06,632,27.8,6.6,+21.3,
932,925,,8.90,10.28,1.155,10.28,587,25.7,6.0,+19.8,
932,926,,9.36,10.67,1.140,10.67,618,25.7,7.8,+18.2,
932,931,,3.62,3.73,1.031,3.73,239,3.9,4.3,-0.2,
932,933,,0.76,0.81,1.064,0.81,50,0.9,0.1,+1.1,
932,934,,0.85,0.93,1.099,0.93,56,1.5,0.1,+1.7,
932,935,,3.73,3.77,1.011,3.77,246,3.2,5.4,-1.9,
932,942,,6.81,7.99,1.173,7.99,450,20.3,1.8,+18.7,
932,946,,4.16,4.58,1.101,4.58,275,8.4,7.4,+0.9,
932,GATE,,27.09,31.39,1.159,31.39,1788,58.7,73.3,-14.5,
933,1,,19.09,22.98,1.204,22.98,1260,54.6,42.1,+12.4,
933,2,,17.68,21.43,1.212,21.43,1167,52.6,34.3,+18.2,
933,3,,16.32,20.10,1.231,20.10,1077,52.5,33.7,+18.7,
933,4,,17.15,20.92,1.220,20.92,1132,52.5,33.8,+18.6,
933,5,,15.69,19.43,1.239,19.43,1035,52.5,29.6,+22.9,
933,6,,15.46,19.15,1.239,19.15,1020,52.5,26.7,+25.7,
933,7,,15.81,19.50,1.234,19.50,1043,52.5,26.7,+25.7,
933,8,,16.91,20.75,1.227,20.75,1116,53.7,32.0,+21.6,
933,9,,15.28,18.66,1.221,18.66,1009,52.8,19.9,+32.8,
933,10,,14.57,17.95,1.232,17.95,962,52.8,16.7,+36.0,
933,10-1,,14.35,17.71,1.235,17.71,947,52.8,16.0,+36.8,
933,11,,15.04,18.40,1.223,18.40,993,52.8,16.9,+35.8,
933,12,,16.24,19.65,1.210,19.65,1072,54.2,17.5,+36.6,
933,13,,17.40,20.91,1.201,20.91,1149,56.5,19.1,+37.3,
933,14,,14.90,18.53,1.244,18.53,983,52.5,21.0,+31.5,
933,15,,19.51,23.94,1.227,23.94,1288,55.9,50.6,+5.4,
933,15-1,,20.86,25.20,1.208,25.20,1377,55.9,55.6,+0.3,
933,16,,20.86,25.24,1.210,25.24,1377,55.9,57.1,-1.2,
933,16-1,,21.94,26.15,1.192,26.15,1448,55.9,59.3,-3.4,
933,17,,19.35,23.77,1.228,23.77,1277,55.9,47.1,+8.7,
933,18,,23.43,27.27,1.164,27.27,1546,64.0,22.2,+41.8,
933,19,,24.06,27.81,1.156,27.81,1588,64.0,24.0,+40.0,
933,20,,19.36,23.07,1.192,23.07,1278,60.5,19.7,+40.8,
933,21,,22.76,26.35,1.158,26.35,1502,60.4,25.4,+34.9,
933,22,,22.08,25.91,1.173,25.91,1457,54.6,35.1,+19.5,
933,24,,22.70,26.32,1.160,26.32,1498,52.6,47.3,+5.2,
933,25,,23.06,26.83,1.164,26.83,1522,54.5,46.4,+8.0,
933,25-1,,23.99,27.74,1.156,27.74,1583,54.5,46.9,+7.6,
933,26,,23.08,26.88,1.164,26.88,1524,54.5,44.3,+10.1,
933,27,,23.83,27.63,1.160,27.63,1572,55.1,44.6,+10.4,
933,28,,24.12,27.93,1.158,27.93,1592,54.9,41.2,+13.7,
933,29,,26.34,31.45,1.194,31.45,1739,85.6,15.3,+70.2,
933,30,,24.87,28.65,1.152,28.65,1642,61.1,37.3,+23.7,
933,31,,24.45,28.25,1.155,28.25,1613,56.4,37.5,+18.8,
933,32,,28.14,32.18,1.143,32.18,1858,63.1,40.9,+22.1,
933,32-1,,28.08,32.12,1.144,32.12,1853,63.1,40.9,+22.1,
933,33,,26.17,30.23,1.155,30.23,1727,65.8,37.1,+28.6,
933,34,,25.07,29.19,1.164,29.19,1654,68.5,31.5,+36.9,
933,35,,22.36,26.11,1.168,26.11,1475,62.5,22.0,+40.4,
933,36,,25.42,29.25,1.151,29.25,1678,65.5,24.1,+41.4,
933,37,,26.17,30.23,1.155,30.23,1727,65.8,37.1,+28.6,
933,38,,26.87,30.59,1.138,30.59,1774,65.4,31.5,+33.9,
933,39,,26.90,30.87,1.148,30.87,1776,68.6,24.8,+43.7,
933,40,,28.63,32.75,1.144,32.75,1889,72.2,31.4,+40.7,
933,43,,22.95,26.54,1.157,26.54,1514,60.4,25.4,+34.9,
933,43-1,,23.52,27.30,1.161,27.30,1552,62.5,28.8,+33.6,
933,43-2,,23.63,27.26,1.154,27.26,1559,61.1,31.2,+29.9,
933,44-1,,25.28,29.10,1.151,29.10,1668,65.5,24.1,+41.3,
933,49,,19.12,23.70,1.240,23.70,1262,59.7,36.6,+23.1,
933,50,,18.85,23.34,1.238,23.34,1244,56.2,43.8,+12.3,
933,51,,20.15,24.45,1.213,24.45,1330,56.3,45.0,+11.4,
933,52,,20.06,24.32,1.213,24.32,1324,56.3,41.3,+14.9,
933,52-1,,20.66,25.25,1.222,25.25,1364,62.2,43.3,+18.9,
933,52-2,,21.27,25.66,1.207,25.66,1404,57.9,44.1,+13.7,
933,53,,18.74,23.30,1.243,23.30,1237,59.4,36.7,+22.7,
933,54,,17.71,22.17,1.252,22.17,1169,57.4,36.2,+21.1,
933,55,,17.89,22.35,1.249,22.35,1181,57.3,36.2,+21.1,
933,56,,22.06,25.54,1.158,25.54,1456,57.1,27.6,+29.4,
933,57,,23.73,28.50,1.201,28.50,1566,63.2,57.5,+5.6,
933,57-1,,22.73,27.34,1.203,27.34,1500,63.4,47.9,+15.5,
933,58,,23.79,28.27,1.188,28.27,1570,58.6,58.8,-0.3,
933,59,,22.89,27.74,1.212,27.74,1511,63.2,56.1,+7.3,
933,59-1,,23.81,28.68,1.204,28.68,1572,63.2,62.5,+0.9,
933,61,,17.46,21.35,1.223,21.35,1152,54.5,32.0,+22.4,
933,62,,20.75,24.65,1.188,24.65,1370,55.1,42.4,+12.6,
933,64,,25.76,29.83,1.158,29.83,1700,55.9,72.1,-16.2,
933,66,,24.20,29.47,1.218,29.47,1597,85.6,4.9,+80.7,
933,71,,26.17,29.20,1.115,29.20,1727,57.9,57.6,+0.2,
933,71-1,,26.17,29.20,1.115,29.20,1727,57.9,57.6,+0.2,
933,73,,20.84,24.54,1.178,24.54,1375,52.5,48.9,+3.6,
933,74,,17.18,21.35,1.243,21.35,1134,55.9,33.4,+22.4,
933,75,,28.13,32.06,1.140,32.06,1857,61.4,40.9,+20.4,
933,75-1,,28.03,31.66,1.130,31.66,1850,58.1,44.3,+13.8,
933,80,,28.38,36.64,1.291,36.64,1873,99.3,78.4,+20.7,
933,81,,24.32,27.38,1.126,27.38,1605,57.9,43.8,+14.1,
933,82,,15.35,18.73,1.220,18.73,1013,55.9,9.7,+46.2,
933,83,,20.47,25.03,1.223,25.03,1351,58.3,49.6,+8.7,
933,84,,18.57,23.03,1.240,23.03,1226,55.9,43.2,+12.7,
933,85,,25.48,28.66,1.125,28.66,1681,60.1,43.8,+16.2,
933,85-1,,29.30,37.51,1.280,37.51,1934,98.8,78.8,+19.9,
933,86,,28.00,36.19,1.292,36.19,1848,96.9,78.4,+18.5,
933,101,,23.48,27.68,1.179,27.68,1550,55.9,62.1,-6.3,
933,103,,22.32,25.93,1.162,25.93,1473,52.5,53.7,-1.3,
933,105-2,,26.75,31.59,1.181,31.59,1765,83.7,18.0,+65.9,
933,129,,25.57,29.27,1.145,29.27,1688,56.4,39.6,+16.7,
933,132,,24.76,29.74,1.201,29.74,1634,83.7,11.3,+72.4,
933,135,,27.04,31.03,1.147,31.03,1785,68.8,24.8,+44.0,
933,140,,18.89,22.16,1.173,22.16,1247,57.7,19.6,+38.1,
933,140-1,,18.89,22.16,1.173,22.16,1247,57.7,19.6,+38.1,
933,140-2,,18.89,22.16,1.173,22.16,1247,57.7,19.6,+38.1,
933,142,,24.76,30.02,1.213,30.02,1634,85.5,4.9,+80.6,
933,143,,20.34,24.00,1.180,24.00,1342,60.5,21.6,+38.8,
933,152-1,,26.71,31.14,1.166,31.14,1763,60.8,65.1,-4.3,
933,153,,26.37,30.80,1.168,30.80,1741,60.6,63.1,-2.6,
933,200,,26.24,30.05,1.145,30.05,1732,55.6,46.8,+8.7,
933,201,,27.29,30.98,1.135,30.98,1801,58.0,41.7,+16.3,
933,203,,26.22,30.03,1.145,30.03,1730,55.6,46.8,+8.7,
933,207,,21.64,26.03,1.203,26.03,1428,57.9,44.1,+13.7,
933,220,,20.82,25.41,1.221,25.41,1374,62.2,44.3,+17.9,
933,221,,23.04,27.78,1.206,27.78,1520,64.9,46.1,+18.8,
933,222,,21.50,26.17,1.217,26.17,1419,63.5,46.1,+17.3,
933,223,,22.12,25.61,1.158,25.61,1460,62.6,36.9,+25.5,
933,300,,31.60,38.25,1.210,38.25,2086,111.6,15.3,+96.2,
933,301,,32.43,39.33,1.213,39.33,2141,115.6,15.3,+100.2,
933,302,,35.24,43.57,1.236,43.57,2326,137.2,15.3,+121.7,
933,500,,27.05,31.02,1.147,31.02,1785,62.6,59.4,+3.1,
933,900,,12.34,15.28,1.239,15.28,814,47.8,4.0,+43.7,
933,901,,10.63,13.32,1.253,13.32,702,43.2,3.9,+39.4,
933,902,,11.71,14.64,1.250,14.64,773,47.4,3.9,+43.5,
933,903,,13.47,16.65,1.236,16.65,889,51.9,3.9,+47.8,
933,904,,13.21,16.44,1.245,16.44,872,52.5,3.9,+48.5,
933,905,,13.80,16.93,1.226,16.93,911,52.0,5.8,+46.1,
933,906,,9.64,12.35,1.281,12.35,636,43.1,3.9,+38.7,
933,915,,7.49,8.27,1.104,8.27,494,16.0,8.1,+8.3,
933,916,,8.63,9.48,1.098,9.48,570,18.0,9.4,+8.7,
933,917,,9.45,10.43,1.103,10.43,624,18.1,15.4,+2.8,
933,918,,14.05,17.80,1.268,17.80,927,59.2,3.9,+54.7,
933,919,,9.43,11.39,1.208,11.39,622,32.6,3.9,+28.7,
933,921,,9.20,10.57,1.148,10.57,607,25.9,6.5,+19.3,
933,922,,10.19,11.76,1.155,11.76,672,29.4,6.6,+22.9,
933,923,,10.22,11.77,1.152,11.77,674,29.0,6.6,+22.5,
933,924,,10.19,11.63,1.141,11.63,672,27.8,7.5,+20.2,
933,925,,9.51,10.85,1.140,10.85,628,25.7,7.0,+18.7,
933,926,,9.97,11.23,1.127,11.23,658,25.8,8.7,+17.1,
933,931,,4.23,4.30,1.016,4.30,279,4.0,5.2,-1.3,
933,932,,0.76,0.72,0.946,0.72,50,0.1,0.9,-1.1,
933,934,,0.18,0.21,1.182,0.21,12,0.6,0.0,+0.6,
933,935,,4.34,4.34,1.000,4.34,287,3.3,6.3,-3.0,
933,942,,7.42,8.56,1.153,8.56,490,20.4,2.7,+17.6,
933,946,,4.77,5.15,1.080,5.15,315,8.4,8.4,-0.2,
933,GATE,,27.70,31.96,1.154,31.96,1828,58.8,74.2,-15.5,
934,1,,19.17,23.06,1.203,23.06,1265,54.6,42.6,+11.9,
934,2,,17.77,21.51,1.211,21.51,1173,52.5,34.9,+17.6,
934,3,,16.41,20.18,1.230,20.18,1083,52.5,34.3,+18.1,
934,4,,17.23,21.00,1.219,21.00,1137,52.5,34.4,+18.0,
934,5,,15.77,19.51,1.237,19.51,1041,52.5,30.2,+22.4,
934,6,,15.55,19.24,1.237,19.24,1026,52.5,27.3,+25.2,
934,7,,15.89,19.59,1.232,19.59,1049,52.5,27.3,+25.2,
934,8,,17.00,20.83,1.226,20.83,1122,53.7,32.6,+21.0,
934,9,,15.37,18.74,1.219,18.74,1014,52.8,20.5,+32.2,
934,10,,14.66,18.04,1.231,18.04,967,52.8,17.3,+35.4,
934,10-1,,14.43,17.79,1.233,17.79,952,52.8,16.5,+36.2,
934,11,,15.13,18.48,1.222,18.48,998,52.8,17.5,+35.2,
934,12,,16.33,19.74,1.209,19.74,1078,54.2,18.1,+36.0,
934,13,,17.49,20.99,1.200,20.99,1154,56.5,19.7,+36.7,
934,14,,14.98,18.61,1.242,18.61,989,52.5,21.6,+30.9,
934,15,,19.60,24.02,1.226,24.02,1293,55.9,51.2,+4.8,
934,15-1,,20.95,25.28,1.207,25.28,1383,55.9,56.1,-0.3,
934,16,,20.95,25.32,1.209,25.32,1383,55.9,57.7,-1.8,
934,16-1,,22.03,26.23,1.191,26.23,1454,55.9,59.9,-4.0,
934,17,,19.44,23.85,1.227,23.85,1283,55.9,47.7,+8.1,
934,18,,23.52,27.35,1.163,27.35,1552,64.0,22.7,+41.2,
934,19,,24.15,27.89,1.155,27.89,1594,64.0,24.6,+39.4,
934,20,,19.45,23.15,1.191,23.15,1283,60.5,20.3,+40.2,
934,21,,22.84,26.43,1.157,26.43,1508,60.4,26.0,+34.3,
934,22,,22.17,25.99,1.172,25.99,1463,54.6,35.7,+18.9,
934,24,,22.78,26.40,1.159,26.40,1504,52.6,47.9,+4.6,
934,25,,23.14,26.91,1.163,26.91,1527,54.5,47.0,+7.5,
934,25-1,,24.07,27.82,1.156,27.82,1589,54.5,47.4,+7.0,
934,26,,23.17,26.96,1.164,26.96,1529,54.5,44.9,+9.5,
934,27,,23.91,27.72,1.159,27.72,1578,55.1,45.1,+9.8,
934,28,,24.21,28.01,1.157,28.01,1598,54.9,41.8,+13.1,
934,29,,26.43,31.53,1.193,31.53,1744,85.6,15.9,+69.6,
934,30,,24.96,28.74,1.151,28.74,1647,61.1,37.9,+23.1,
934,31,,24.53,28.33,1.155,28.33,1619,56.4,38.1,+18.2,
934,32,,28.23,32.26,1.143,32.26,1863,63.1,41.5,+21.5,
934,32-1,,28.17,32.20,1.143,32.20,1859,63.1,41.5,+21.5,
934,33,,26.25,30.31,1.154,30.31,1733,65.8,37.7,+28.0,
934,34,,25.15,29.27,1.164,29.27,1660,68.5,32.1,+36.3,
934,35,,22.44,26.20,1.167,26.20,1481,62.5,22.6,+39.8,
934,36,,25.51,29.33,1.150,29.33,1683,65.5,24.7,+40.8,
934,37,,26.25,30.31,1.154,30.31,1733,65.8,37.7,+28.0,
934,38,,26.96,30.67,1.138,30.67,1779,65.4,32.1,+33.3,
934,39,,26.99,30.96,1.147,30.96,1781,68.6,25.4,+43.1,
934,40,,28.71,32.84,1.144,32.84,1895,72.2,32.0,+40.1,
934,43,,23.03,26.62,1.156,26.62,1520,60.4,26.0,+34.3,
934,43-1,,23.60,27.38,1.160,27.38,1558,62.5,29.4,+33.0,
934,43-2,,23.71,27.35,1.153,27.35,1565,61.1,31.8,+29.3,
934,44-1,,25.36,29.18,1.151,29.18,1674,65.5,24.7,+40.7,
934,49,,19.21,23.79,1.238,23.79,1268,59.7,37.1,+22.5,
934,50,,18.94,23.42,1.237,23.42,1250,56.2,44.4,+11.7,
934,51,,20.23,24.53,1.212,24.53,1335,56.3,45.6,+10.8,
934,52,,20.14,24.41,1.212,24.41,1329,56.3,41.9,+14.4,
934,52-1,,20.75,25.34,1.221,25.34,1370,62.2,43.9,+18.3,
934,52-2,,21.35,25.74,1.206,25.74,1409,57.9,44.7,+13.1,
934,53,,18.83,23.39,1.242,23.39,1243,59.4,37.3,+22.1,
934,54,,17.79,22.25,1.250,22.25,1174,57.4,36.8,+20.5,
934,55,,17.98,22.43,1.248,22.43,1187,57.3,36.8,+20.5,
934,56,,22.15,25.62,1.157,25.62,1462,57.1,28.2,+28.8,
934,57,,23.82,28.59,1.200,28.59,1572,63.2,58.1,+5.1,
934,57-1,,22.82,27.42,1.202,27.42,1506,63.4,48.4,+14.9,
934,58,,23.88,28.35,1.187,28.35,1576,58.6,59.4,-0.9,
934,59,,22.98,27.82,1.211,27.82,1517,63.2,56.6,+6.7,
934,59-1,,23.90,28.76,1.204,28.76,1577,63.2,63.1,+0.3,
934,61,,17.54,21.43,1.221,21.43,1158,54.5,32.6,+21.8,
934,62,,20.84,24.73,1.187,24.73,1375,55.1,43.0,+12.0,
934,64,,25.84,29.91,1.157,29.91,1706,55.9,72.7,-16.8,
934,66,,24.28,29.55,1.217,29.55,1603,85.6,5.5,+80.1,
934,71,,26.26,29.28,1.115,29.28,1733,57.9,58.2,-0.3,
934,71-1,,26.26,29.28,1.115,29.28,1733,57.9,58.2,-0.3,
934,73,,20.92,24.63,1.177,24.63,1381,52.5,49.4,+3.0,
934,74,,17.27,21.43,1.241,21.43,1140,55.9,34.0,+21.9,
934,75,,28.22,32.14,1.139,32.14,1862,61.4,41.5,+19.8,
934,75-1,,28.12,31.74,1.129,31.74,1856,58.1,44.9,+13.2,
934,80,,28.47,36.72,1.290,36.72,1879,99.3,79.0,+20.1,
934,81,,24.41,27.47,1.125,27.47,1611,57.9,44.3,+13.5,
934,82,,15.44,18.81,1.218,18.81,1019,55.9,10.3,+45.6,
934,83,,20.55,25.11,1.222,25.11,1356,58.3,50.1,+8.1,
934,84,,18.66,23.11,1.239,23.11,1231,55.9,43.8,+12.1,
934,85,,25.56,28.74,1.124,28.74,1687,60.1,44.3,+15.7,
934,85-1,,29.39,37.59,1.279,37.59,1940,98.8,79.4,+19.3,
934,86,,28.09,36.27,1.291,36.27,1854,96.9,79.0,+17.9,
934,101,,23.57,27.76,1.178,27.76,1555,55.9,62.7,-6.9,
934,103,,22.40,26.01,1.161,26.01,1479,52.5,54.3,-1.9,
934,105-2,,26.84,31.68,1.180,31.68,1771,83.7,18.6,+65.3,
934,129,,25.66,29.35,1.144,29.35,1693,56.4,40.2,+16.1,
934,132,,24.85,29.82,1.200,29.82,1640,83.7,11.8,+71.8,
934,135,,27.13,31.11,1.147,31.11,1790,68.8,25.4,+43.4,
934,140,,18.98,22.24,1.172,22.24,1252,57.7,20.2,+37.5,
934,140-1,,18.98,22.24,1.172,22.24,1252,57.7,20.2,+37.5,
934,140-2,,18.98,22.24,1.172,22.24,1252,57.7,20.2,+37.5,
934,142,,24.84,30.10,1.212,30.10,1640,85.6,5.5,+80.0,
934,143,,20.42,24.08,1.179,24.08,1348,60.5,22.2,+38.2,
934,152-1,,26.79,31.22,1.165,31.22,1768,60.8,65.6,-4.9,
934,153,,26.46,30.88,1.167,30.88,1746,60.6,63.7,-3.2,
934,200,,26.33,30.13,1.145,30.13,1738,55.6,47.4,+8.1,
934,201,,27.37,31.06,1.135,31.06,1807,58.0,42.2,+15.7,
934,203,,26.30,30.11,1.145,30.11,1736,55.6,47.4,+8.1,
934,207,,21.73,26.12,1.202,26.12,1434,57.9,44.7,+13.1,
934,220,,20.90,25.49,1.220,25.49,1380,62.2,44.9,+17.3,
934,221,,23.12,27.86,1.205,27.86,1526,64.9,46.7,+18.2,
934,222,,21.59,26.26,1.216,26.26,1425,63.5,46.7,+16.7,
934,223,,22.21,25.69,1.157,25.69,1466,62.5,37.4,+25.0,
934,300,,31.69,38.33,1.210,38.33,2091,111.6,15.9,+95.6,
934,301,,32.52,39.41,1.212,39.41,2146,115.6,15.9,+99.6,
934,302,,35.32,43.65,1.236,43.65,2331,137.2,15.9,+121.2,
934,500,,27.14,31.10,1.146,31.10,1791,62.6,60.0,+2.6,
934,900,,12.42,15.36,1.237,15.36,820,47.8,4.6,+43.1,
934,901,,10.72,13.40,1.250,13.40,708,43.2,4.5,+38.8,
934,902,,11.80,14.72,1.248,14.72,779,47.4,4.4,+42.9,
934,903,,13.56,16.73,1.235,16.73,895,51.9,4.5,+47.2,
934,904,,13.29,16.53,1.243,16.53,877,52.5,4.5,+47.9,
934,905,,13.89,17.01,1.225,17.01,917,52.0,6.4,+45.5,
934,906,,9.72,12.43,1.278,12.43,642,43.1,4.4,+38.1,
934,915,,7.58,8.35,1.102,8.35,500,16.0,8.6,+7.7,
934,916,,8.72,9.56,1.097,9.56,575,18.0,10.0,+8.1,
934,917,,9.54,10.51,1.102,10.51,629,18.1,16.0,+2.2,
934,918,,14.13,17.89,1.266,17.89,933,59.2,4.4,+54.2,
934,919,,9.51,11.47,1.206,11.47,628,32.6,4.4,+28.1,
934,921,,9.29,10.65,1.147,10.65,613,25.9,7.1,+18.7,
934,922,,10.27,11.85,1.153,11.85,678,29.4,7.1,+22.3,
934,923,,10.30,11.85,1.150,11.85,680,29.0,7.1,+21.9,
934,924,,10.28,11.71,1.140,11.71,678,27.8,8.1,+19.7,
934,925,,9.60,10.93,1.139,10.93,633,25.7,7.5,+18.1,
934,926,,10.05,11.32,1.126,11.32,664,25.8,9.3,+16.5,
934,931,,4.31,4.38,1.015,4.38,285,4.0,5.8,-1.9,
934,932,,0.85,0.80,0.947,0.80,56,0.1,1.5,-1.7,
934,933,,0.18,0.15,0.846,0.15,12,0.0,0.6,-0.6,
934,935,,4.43,4.42,0.999,4.42,292,3.3,6.9,-3.6,
934,942,,7.51,8.64,1.151,8.64,496,20.4,3.3,+17.0,
934,946,,4.86,5.23,1.077,5.23,320,8.4,8.9,-0.7,
934,GATE,,27.79,32.04,1.153,32.04,1834,58.8,74.8,-16.1,
935,1,,20.45,24.53,1.199,24.53,1350,57.9,42.4,+15.4,
935,2,,19.05,22.98,1.207,22.98,1257,55.9,34.6,+21.2,
935,3,,17.69,21.65,1.224,21.65,1167,55.9,34.1,+21.7,
935,4,,18.51,22.47,1.214,22.47,1222,55.9,34.1,+21.6,
935,5,,17.06,20.99,1.230,20.99,1126,55.9,29.9,+25.9,
935,6,,16.83,20.71,1.231,20.71,1111,55.9,27.0,+28.7,
935,7,,17.17,21.06,1.226,21.06,1134,55.9,27.0,+28.7,
935,8,,18.28,22.30,1.220,22.30,1206,57.1,32.3,+24.6,
935,9,,16.65,20.21,1.214,20.21,1099,56.1,20.3,+35.8,
935,10,,15.94,19.51,1.224,19.51,1052,56.1,17.0,+39.0,
935,10-1,,15.71,19.26,1.226,19.26,1037,56.1,16.3,+39.8,
935,11,,16.41,19.96,1.216,19.96,1083,56.1,17.2,+38.8,
935,12,,17.61,21.21,1.204,21.21,1162,57.5,17.8,+39.6,
935,13,,18.77,22.46,1.197,22.46,1239,59.9,19.5,+40.3,
935,14,,16.26,20.08,1.235,20.08,1073,55.9,21.3,+34.5,
935,15,,20.88,25.49,1.221,25.49,1378,59.3,51.0,+8.4,
935,15-1,,22.23,26.75,1.204,26.75,1467,59.3,55.9,+3.3,
935,16,,22.23,26.79,1.205,26.79,1467,59.3,57.4,+1.8,
935,16-1,,23.31,27.70,1.188,27.70,1538,59.3,59.6,-0.4,
935,17,,20.72,25.32,1.222,25.32,1368,59.3,47.5,+11.7,
935,18,,24.80,28.82,1.162,28.82,1637,67.4,22.5,+44.8,
935,19,,25.43,29.36,1.155,29.36,1678,67.4,24.3,+43.0,
935,20,,20.73,24.62,1.188,24.62,1368,63.9,20.0,+43.8,
935,21,,24.12,27.90,1.157,27.90,1592,63.8,25.8,+37.9,
935,22,,23.45,27.46,1.171,27.46,1548,58.0,35.4,+22.5,
935,24,,24.06,27.88,1.158,27.88,1588,56.0,47.6,+8.2,
935,25,,24.42,28.38,1.162,28.38,1612,57.9,46.7,+11.0,
935,25-1,,25.35,29.29,1.155,29.29,1673,57.9,47.2,+10.6,
935,26,,24.45,28.43,1.163,28.43,1614,57.9,44.7,+13.1,
935,27,,25.19,29.19,1.159,29.19,1663,58.4,44.9,+13.4,
935,28,,25.49,29.48,1.157,29.48,1682,58.3,41.6,+16.7,
935,29,,27.71,33.00,1.191,33.00,1829,89.0,15.7,+73.2,
935,30,,26.24,30.21,1.151,30.21,1732,64.5,37.7,+26.7,
935,31,,25.81,29.80,1.154,29.80,1704,59.7,37.8,+21.8,
935,32,,29.51,33.73,1.143,33.73,1948,66.5,41.2,+25.1,
935,32-1,,29.45,33.67,1.143,33.67,1944,66.5,41.2,+25.1,
935,33,,27.53,31.78,1.154,31.78,1817,69.2,37.5,+31.6,
935,34,,26.43,30.74,1.163,30.74,1745,71.9,31.9,+39.9,
935,35,,23.72,27.67,1.166,27.67,1566,65.9,22.4,+43.4,
935,36,,26.79,30.80,1.150,30.80,1768,68.9,24.4,+44.4,
935,37,,27.53,31.78,1.154,31.78,1817,69.2,37.5,+31.6,
935,38,,28.24,32.14,1.138,32.14,1864,68.8,31.8,+36.9,
935,39,,28.27,32.43,1.147,32.43,1866,72.0,25.1,+46.7,
935,40,,29.99,34.31,1.144,34.31,1980,75.5,31.7,+43.7,
935,43,,24.31,28.09,1.155,28.09,1605,63.8,25.8,+37.9,
935,43-1,,24.88,28.85,1.159,28.85,1642,65.9,29.2,+36.6,
935,43-2,,24.99,28.82,1.153,28.82,1650,64.5,31.5,+32.9,
935,44-1,,26.64,30.65,1.151,30.65,1759,68.9,24.4,+44.3,
935,49,,20.49,25.26,1.233,25.26,1352,63.1,36.9,+26.1,
935,50,,20.22,24.89,1.231,24.89,1334,59.6,44.2,+15.3,
935,51,,21.51,26.00,1.209,26.00,1420,59.7,45.3,+14.4,
935,52,,21.42,25.88,1.208,25.88,1414,59.7,41.7,+17.9,
935,52-1,,22.03,26.81,1.217,26.81,1454,65.6,43.6,+21.9,
935,52-2,,22.63,27.21,1.202,27.21,1494,61.3,44.5,+16.7,
935,53,,20.11,24.86,1.236,24.86,1327,62.8,37.0,+25.7,
935,54,,19.07,23.72,1.243,23.72,1259,60.8,36.5,+24.1,
935,55,,19.26,23.90,1.241,23.90,1271,60.7,36.5,+24.1,
935,56,,23.43,27.09,1.156,27.09,1546,60.5,28.0,+32.4,
935,57,,25.10,30.06,1.197,30.06,1657,66.6,57.8,+8.6,
935,57-1,,24.10,28.89,1.199,28.89,1590,66.8,48.2,+18.5,
935,58,,25.16,29.82,1.185,29.82,1660,62.0,59.2,+2.7,
935,59,,24.26,29.29,1.207,29.29,1601,66.6,56.4,+10.3,
935,59-1,,25.18,30.23,1.201,30.23,1662,66.6,62.8,+3.9,
935,61,,18.83,22.90,1.217,22.90,1242,57.9,32.3,+25.4,
935,62,,22.12,26.20,1.185,26.20,1460,58.5,42.8,+15.6,
935,64,,27.12,31.38,1.157,31.38,1790,59.3,72.4,-13.2,
935,66,,25.56,31.02,1.213,31.02,1687,89.0,5.2,+83.7,
935,71,,27.54,30.75,1.117,30.75,1818,61.3,57.9,+3.2,
935,71-1,,27.54,30.75,1.117,30.75,1818,61.3,57.9,+3.2,
935,73,,22.20,26.10,1.175,26.10,1465,55.9,49.2,+6.6,
935,74,,18.55,22.90,1.235,22.90,1224,59.3,33.8,+25.4,
935,75,,29.50,33.61,1.139,33.61,1947,64.7,41.3,+23.4,
935,75-1,,29.40,33.22,1.130,33.22,1940,61.5,44.6,+16.8,
935,80,,26.60,34.92,1.313,34.92,1756,97.1,73.5,+23.7,
935,81,,25.69,28.94,1.126,28.94,1696,61.3,44.1,+17.1,
935,82,,16.72,20.28,1.213,20.28,1104,59.3,10.0,+49.2,
935,83,,21.83,26.58,1.217,26.58,1441,61.7,49.9,+11.7,
935,84,,19.94,24.58,1.233,24.58,1316,59.3,43.5,+15.7,
935,85,,26.84,30.21,1.126,30.21,1772,63.4,44.1,+19.2,
935,85-1,,27.53,35.79,1.300,35.79,1817,96.7,73.9,+22.9,
935,86,,26.23,34.47,1.314,34.47,1731,94.8,73.5,+21.5,
935,101,,24.85,29.23,1.177,29.23,1640,59.3,62.5,-3.3,
935,103,,23.68,27.49,1.161,27.49,1563,55.9,54.1,+1.7,
935,105-2,,28.12,33.15,1.179,33.15,1856,87.1,18.4,+68.9,
935,129,,26.94,30.82,1.144,30.82,1778,59.7,40.0,+19.7,
935,132,,26.13,31.29,1.198,31.29,1725,87.1,11.6,+75.4,
935,135,,28.41,32.58,1.147,32.58,1875,72.2,25.1,+47.0,
935,140,,20.26,23.71,1.170,23.71,1337,61.1,19.9,+41.1,
935,140-1,,20.26,23.71,1.170,23.71,1337,61.1,19.9,+41.1,
935,140-2,,20.26,23.71,1.170,23.71,1337,61.1,19.9,+41.1,
935,142,,26.12,31.58,1.209,31.58,1724,88.9,5.2,+83.6,
935,143,,21.70,25.55,1.177,25.55,1432,63.9,22.0,+41.8,
935,152-1,,28.07,32.69,1.165,32.69,1853,64.2,65.4,-1.3,
935,153,,27.74,32.35,1.166,32.35,1831,63.9,63.4,+0.4,
935,200,,27.61,31.60,1.145,31.60,1822,59.0,47.2,+11.7,
935,201,,28.65,32.53,1.135,32.53,1891,61.4,42.0,+19.3,
935,203,,27.58,31.58,1.145,31.58,1820,59.0,47.2,+11.7,
935,207,,23.01,27.59,1.199,27.59,1518,61.3,44.5,+16.7,
935,220,,22.18,26.96,1.215,26.96,1464,65.6,44.6,+20.9,
935,221,,24.40,29.33,1.202,29.33,1611,68.3,46.4,+21.8,
935,222,,22.87,27.73,1.213,27.73,1509,66.9,46.5,+20.3,
935,223,,23.49,27.17,1.157,27.17,1550,65.9,37.2,+28.5,
935,300,,32.97,39.80,1.207,39.80,2176,114.9,15.6,+99.2,
935,301,,33.80,40.88,1.210,40.88,2231,118.9,15.6,+103.2,
935,302,,36.60,45.12,1.233,45.12,2416,140.6,15.6,+124.7,
935,500,,28.42,32.57,1.146,32.57,1876,66.0,59.8,+6.1,
935,900,,13.70,16.84,1.228,16.84,904,51.2,4.3,+46.7,
935,901,,12.00,14.87,1.239,14.87,792,46.6,4.2,+42.4,
935,902,,13.08,16.19,1.238,16.19,863,50.8,4.2,+46.5,
935,903,,14.84,18.20,1.227,18.20,979,55.2,4.3,+50.8,
935,904,,14.57,18.00,1.235,18.00,962,55.8,4.2,+51.5,
935,905,,15.17,18.48,1.218,18.48,1001,55.4,6.1,+49.1,
935,906,,11.00,13.90,1.263,13.90,726,46.4,4.2,+41.7,
935,915,,8.86,9.82,1.109,9.82,585,19.4,8.4,+11.3,
935,916,,10.00,11.03,1.103,11.03,660,21.3,9.8,+11.7,
935,917,,10.82,11.98,1.108,11.98,714,21.5,15.7,+5.8,
935,918,,15.41,19.36,1.256,19.36,1017,62.5,4.2,+57.7,
935,919,,10.79,12.94,1.199,12.94,712,36.0,4.2,+31.7,
935,921,,10.57,12.12,1.147,12.12,697,29.2,6.9,+22.3,
935,922,,11.55,13.32,1.153,13.32,762,32.8,6.9,+25.9,
935,923,,11.58,13.32,1.150,13.32,765,32.4,6.9,+25.5,
935,924,,11.56,13.18,1.141,13.18,763,31.2,7.8,+23.2,
935,925,,10.88,12.40,1.140,12.40,718,29.1,7.3,+21.7,
935,926,,11.33,12.79,1.128,12.79,748,29.1,9.0,+20.1,
935,931,,5.59,5.85,1.046,5.85,369,7.4,5.6,+1.7,
935,932,,3.73,3.90,1.045,3.90,246,5.4,3.2,+1.9,
935,933,,4.34,4.56,1.050,4.56,287,6.3,3.3,+3.0,
935,934,,4.43,4.68,1.057,4.68,292,6.9,3.3,+3.6,
935,942,,8.79,10.11,1.151,10.11,580,23.7,3.0,+20.6,
935,946,,6.14,6.70,1.093,6.70,405,11.8,8.7,+2.8,
935,GATE,,29.07,33.51,1.153,33.51,1918,62.1,74.6,-12.5,
942,1,18.51,18.69,21.58,1.154,21.37,1234,41.5,46.7,-5.2,
942,2,17.18,17.29,20.03,1.159,19.90,1141,39.5,38.9,+0.6,
942,3,15.80,15.93,18.70,1.174,18.55,1051,39.4,38.3,+1.1,
942,4,16.55,16.75,19.52,1.165,19.28,1106,39.4,38.4,+1.0,
942,5,15.12,15.29,18.03,1.179,17.83,1009,39.4,34.2,+5.3,
942,6,14.85,15.07,17.76,1.179,17.51,994,39.4,31.3,+8.1,
942,7,15.41,15.41,18.11,1.175,18.10,1017,39.4,31.3,+8.1,
942,8,16.49,16.51,19.35,1.172,19.32,1090,40.6,36.6,+4.0,
942,9,14.78,14.89,17.26,1.159,17.13,983,39.7,24.5,+15.1,
942,10,14.06,14.17,16.56,1.168,16.43,936,39.7,21.3,+18.4,
942,10-1,13.84,13.95,16.31,1.169,16.18,921,39.7,20.5,+19.2,
942,11,14.48,14.65,17.00,1.161,16.81,967,39.7,21.5,+18.2,
942,12,15.43,15.85,18.26,1.152,17.77,1046,41.1,22.1,+19.0,
942,13,16.85,17.01,19.51,1.147,19.33,1123,43.4,23.7,+19.7,
942,14,14.22,14.50,17.13,1.181,16.79,957,39.4,25.6,+13.9,
942,15,18.95,19.11,22.54,1.179,22.34,1262,42.8,55.2,-12.2,
942,15-1,21.09,20.47,23.80,1.163,24.53,1351,42.8,60.2,-17.3,
942,16,20.29,20.47,23.84,1.165,23.64,1351,42.8,61.7,-18.8,
942,16-1,20.14,21.55,24.75,1.149,23.14,1422,42.8,63.9,-21.0,
942,17,18.85,18.96,22.37,1.180,22.24,1251,42.8,51.7,-8.9,
942,18,22.72,23.03,25.87,1.123,25.52,1520,50.9,26.8,+24.2,
942,19,23.52,23.66,26.41,1.116,26.25,1562,50.9,28.6,+22.3,
942,20,18.79,18.97,21.67,1.143,21.47,1252,47.4,24.3,+23.2,
942,21,21.53,22.36,24.95,1.116,24.02,1476,47.3,30.0,+17.3,
942,22,21.58,21.69,24.51,1.130,24.38,1431,41.6,39.7,+1.9,
942,24,22.04,22.30,24.92,1.118,24.63,1472,39.5,51.9,-12.4,
942,25,22.55,22.66,25.43,1.122,25.31,1496,41.4,51.0,-9.6,
942,25-1,23.48,23.59,26.34,1.116,26.22,1557,41.4,51.5,-10.0,
942,26,22.58,22.69,25.48,1.123,25.35,1498,41.4,48.9,-7.5,
942,27,23.24,23.43,26.24,1.120,26.02,1546,42.0,49.2,-7.2,
942,28,23.54,23.72,26.53,1.118,26.33,1566,41.8,45.8,-3.9,
942,29,23.44,25.03,31.71,1.267,29.70,1652,88.9,40.0,+48.8,
942,30,24.34,24.48,27.26,1.113,27.10,1616,48.0,41.9,+6.1,
942,31,23.99,24.05,26.85,1.116,26.78,1587,43.3,42.1,+1.2,
942,32,27.64,27.75,30.78,1.109,30.66,1831,50.0,45.5,+4.5,
942,32-1,26.41,27.69,30.72,1.110,29.30,1827,50.0,45.5,+4.5,
942,33,25.65,25.77,28.83,1.119,28.69,1701,52.7,41.7,+11.0,
942,34,24.42,24.67,27.79,1.126,27.51,1628,55.5,36.1,+19.3,
942,35,21.85,21.96,24.72,1.125,24.59,1449,49.4,26.6,+22.8,
942,36,25.01,25.03,27.85,1.113,27.83,1652,52.4,28.7,+23.8,
942,37,25.57,25.77,28.83,1.119,28.60,1701,52.7,41.7,+11.0,
942,38,26.37,26.48,29.19,1.102,29.07,1748,52.3,36.1,+16.2,
942,39,27.11,26.51,29.48,1.112,30.14,1749,55.6,29.4,+26.1,
942,40,27.17,28.23,31.35,1.111,30.18,1863,59.1,36.0,+23.1,
942,43,22.44,22.55,25.14,1.115,25.02,1488,47.3,30.0,+17.3,
942,43-1,23.01,23.12,25.90,1.120,25.78,1526,49.4,33.4,+16.0,
942,43-2,23.11,23.23,25.87,1.113,25.73,1533,48.0,35.8,+12.3,
942,44-1,24.77,24.88,27.70,1.113,27.58,1642,52.4,28.7,+23.7,
942,49,18.62,18.73,22.31,1.191,22.17,1236,46.6,41.1,+5.5,
942,50,18.35,18.45,21.94,1.189,21.81,1218,43.2,48.4,-5.3,
942,51,19.63,19.75,23.05,1.167,22.90,1304,43.3,49.6,-6.2,
942,52,19.55,19.66,22.93,1.166,22.80,1298,43.3,45.9,-2.7,
942,52-1,20.16,20.27,23.86,1.177,23.73,1338,49.1,47.9,+1.3,
942,52-2,20.76,20.87,24.26,1.162,24.13,1377,44.8,48.7,-3.9,
942,53,18.24,18.35,21.90,1.194,21.77,1211,46.3,41.3,+5.0,
942,54,17.12,17.31,20.77,1.200,20.54,1143,44.3,40.8,+3.5,
942,55,17.39,17.50,20.95,1.197,20.82,1155,44.3,40.8,+3.5,
942,56,21.52,21.66,24.14,1.114,23.98,1430,44.0,32.2,+11.8,
942,57,23.21,23.34,27.11,1.161,26.96,1540,50.1,62.1,-12.0,
942,57-1,22.23,22.34,25.94,1.161,25.82,1474,50.3,52.5,-2.1,
942,58,23.29,23.40,26.87,1.149,26.74,1544,45.5,63.4,-17.9,
942,59,22.38,22.50,26.34,1.171,26.20,1485,50.1,60.7,-10.3,
942,59-1,23.31,23.42,27.28,1.165,27.15,1546,50.1,67.1,-16.7,
942,61,16.95,17.06,19.95,1.169,19.82,1126,41.5,36.6,+4.8,
942,62,20.15,20.36,23.25,1.142,23.02,1344,42.1,47.0,-5.0,
942,64,25.25,25.36,28.43,1.121,28.31,1674,42.8,76.7,-33.9,
942,66,22.80,22.88,29.73,1.299,29.62,1510,88.9,29.6,+59.3,
942,71,25.88,25.78,27.80,1.078,27.91,1701,44.8,62.2,-17.4,
942,71-1,25.43,25.78,27.80,1.078,27.42,1701,44.8,62.2,-17.4,
942,73,20.33,20.44,23.15,1.132,23.02,1349,39.4,53.5,-14.0,
942,74,16.68,16.79,19.95,1.189,19.82,1108,42.8,38.0,+4.8,
942,75,27.59,27.74,30.66,1.105,30.49,1831,48.3,45.5,+2.8,
942,75-1,27.43,27.64,30.26,1.095,30.04,1824,45.0,48.9,-3.8,
942,80,29.53,29.70,40.86,1.376,40.62,1960,107.2,111.7,-4.6,
942,81,23.82,23.93,25.99,1.086,25.87,1579,44.8,48.4,-3.5,
942,82,14.82,14.96,17.33,1.158,17.17,987,42.8,14.3,+28.5,
942,83,19.97,20.07,23.63,1.177,23.50,1325,45.2,54.1,-8.9,
942,84,18.06,18.17,21.63,1.190,21.50,1199,42.8,47.8,-4.9,
942,85,24.94,25.08,27.26,1.087,27.11,1655,47.0,48.4,-1.4,
942,85-1,30.15,30.63,41.73,1.363,41.08,2021,106.8,112.2,-5.4,
942,86,28.84,29.32,40.40,1.378,39.73,1935,104.9,111.7,-6.8,
942,101,22.98,23.09,26.28,1.139,26.16,1524,42.8,66.7,-23.9,
942,103,21.74,21.92,24.53,1.119,24.33,1447,39.4,58.3,-18.9,
942,105-2,25.37,25.44,31.86,1.253,31.77,1679,86.9,42.7,+44.5,
942,129,25.01,25.17,27.87,1.107,27.68,1662,43.3,44.2,-0.9,
942,132,23.30,23.45,30.00,1.279,29.82,1548,87.0,35.9,+51.0,
942,135,26.79,26.65,29.63,1.112,29.79,1759,55.8,29.4,+26.4,
942,140,18.50,18.49,20.76,1.122,20.77,1221,44.7,24.2,+20.5,
942,140-1,18.50,18.49,20.76,1.122,20.77,1221,44.7,24.2,+20.5,
942,140-2,18.50,18.49,20.76,1.122,20.77,1221,44.7,24.2,+20.5,
942,142,23.27,23.44,30.29,1.292,30.06,1547,88.8,29.6,+59.2,
942,143,19.90,19.94,22.60,1.134,22.56,1316,47.4,26.2,+21.2,
942,152-1,26.44,26.31,29.74,1.130,29.88,1737,47.7,69.7,-21.9,
942,153,25.84,25.98,29.40,1.132,29.24,1715,47.5,67.7,-20.2,
942,200,25.62,25.85,28.65,1.109,28.41,1706,42.5,51.4,-8.9,
942,201,26.78,26.89,29.58,1.100,29.45,1775,44.9,46.3,-1.3,
942,203,25.71,25.82,28.63,1.109,28.51,1704,42.5,51.4,-8.9,
942,207,20.85,21.25,24.64,1.160,24.18,1402,44.8,48.7,-3.9,
942,220,20.24,20.42,24.01,1.176,23.80,1348,49.1,48.9,+0.3,
942,221,19.54,22.64,26.38,1.165,22.77,1494,51.8,50.7,+1.1,
942,222,20.99,21.10,24.77,1.174,24.65,1393,50.5,50.7,-0.3,
942,223,21.31,21.72,24.21,1.115,23.75,1434,49.5,41.5,+7.9,
942,300,30.11,30.29,38.51,1.271,38.28,1999,114.8,40.0,+74.8,
942,301,31.18,31.12,39.59,1.272,39.67,2054,118.8,40.0,+78.8,
942,302,33.72,33.92,43.83,1.292,43.57,2239,140.5,40.0,+100.4,
942,500,26.50,26.66,29.62,1.111,29.44,1759,49.5,64.0,-14.5,
942,900,,11.94,13.88,1.163,13.88,788,34.7,8.6,+26.1,
942,901,,10.24,11.92,1.164,11.92,676,30.1,8.5,+21.8,
942,902,,11.31,13.24,1.170,13.24,747,34.4,8.5,+25.9,
942,903,,12.96,16.75,1.292,16.75,855,49.0,22.5,+26.4,
942,904,,12.67,16.48,1.300,16.48,837,48.3,21.3,+27.0,
942,905,,12.19,15.90,1.305,15.90,804,48.2,23.5,+24.7,
942,906,,9.24,10.95,1.185,10.95,610,30.0,8.5,+21.1,
942,915,,7.10,6.87,0.968,6.87,468,3.0,12.7,-9.3,
942,916,,8.24,8.08,0.981,8.08,544,4.9,14.0,-8.9,
942,917,,9.06,9.03,0.997,9.03,598,5.0,20.0,-14.8,
942,918,,10.86,14.69,1.353,14.69,716,49.7,16.5,+33.4,
942,919,8.92,9.03,9.99,1.106,9.87,596,19.6,8.5,+11.1,
942,921,,8.81,9.17,1.041,9.17,581,12.8,11.1,+1.7,
942,922,,9.79,10.37,1.059,10.37,646,16.4,11.2,+5.3,
942,923,,9.82,10.37,1.056,10.37,648,15.9,11.2,+4.9,
942,924,,9.79,10.23,1.045,10.23,646,14.7,12.1,+2.6,
942,925,,9.12,9.45,1.037,9.45,602,12.6,11.6,+1.1,
942,926,,9.57,9.84,1.028,9.84,632,12.7,13.3,-0.5,
942,931,,8.35,8.20,0.983,8.20,551,3.5,22.4,-18.9,
942,932,,6.81,6.59,0.967,6.59,450,1.8,20.3,-18.7,
942,933,,7.42,7.25,0.977,7.25,490,2.7,20.4,-17.6,
942,934,,7.51,7.37,0.982,7.37,496,3.3,20.4,-17.0,
942,935,,8.79,8.54,0.972,8.54,580,3.0,23.7,-20.6,
942,946,,5.64,5.38,0.954,5.38,372,1.7,11.1,-9.4,
942,GATE,27.19,27.30,30.56,1.119,30.43,1802,45.7,78.8,-33.1,
946,1,,13.67,16.93,1.239,16.93,902,42.4,38.2,+4.3,
946,2,,12.27,15.39,1.255,15.39,810,40.4,30.4,+10.0,
946,3,,10.91,14.05,1.289,14.05,720,40.3,29.9,+10.5,
946,4,,11.73,14.88,1.268,14.88,774,40.3,30.0,+10.4,
946,5,,10.27,13.39,1.303,13.39,678,40.3,25.7,+14.8,
946,6,,10.05,13.11,1.305,13.11,663,40.3,22.9,+17.5,
946,7,,10.39,13.46,1.295,13.46,686,40.3,22.8,+17.5,
946,8,,11.49,14.71,1.280,14.71,759,41.5,28.2,+13.4,
946,9,,9.87,12.61,1.278,12.61,651,40.6,16.1,+24.6,
946,10,,9.15,11.91,1.301,11.91,604,40.6,12.8,+27.8,
946,10-1,,8.93,11.67,1.307,11.67,589,40.6,12.1,+28.6,
946,11,,9.63,12.36,1.284,12.36,635,40.6,13.0,+27.6,
946,12,,10.83,13.61,1.257,13.61,715,42.0,13.6,+28.4,
946,13,,11.99,14.87,1.240,14.87,791,44.3,15.3,+29.1,
946,14,,9.48,12.48,1.317,12.48,626,40.3,17.1,+23.3,
946,15,,14.09,17.89,1.270,17.89,930,43.7,46.8,-2.8,
946,15-1,,15.45,19.16,1.240,19.16,1019,43.8,51.7,-7.9,
946,16,,15.45,19.20,1.243,19.20,1019,43.8,53.2,-9.4,
946,16-1,,16.53,20.11,1.217,20.11,1091,43.8,55.4,-11.6,
946,17,,13.94,17.72,1.272,17.72,920,43.8,43.3,+0.5,
946,18,,18.01,21.22,1.178,21.22,1189,51.8,18.3,+33.6,
946,19,,18.64,21.77,1.168,21.77,1231,51.8,20.1,+31.8,
946,20,,13.95,17.03,1.221,17.03,920,48.3,15.8,+32.6,
946,21,,17.34,20.30,1.171,20.30,1145,48.2,21.6,+26.7,
946,22,,16.67,19.86,1.192,19.86,1100,42.5,31.3,+11.3,
946,24,,17.28,20.28,1.174,20.28,1141,40.4,43.4,-3.0,
946,25,,17.64,20.79,1.178,20.79,1164,42.4,42.6,-0.1,
946,25-1,,18.57,21.69,1.168,21.69,1226,42.4,43.0,-0.6,
946,26,,17.67,20.83,1.179,20.83,1166,42.4,40.5,+1.9,
946,27,,18.41,21.59,1.173,21.59,1215,42.9,40.7,+2.2,
946,28,,18.70,21.88,1.170,21.88,1234,42.8,37.4,+5.5,
946,29,,20.93,25.41,1.214,25.41,1381,73.5,11.5,+62.0,
946,30,,19.46,22.61,1.162,22.61,1284,48.9,33.5,+15.5,
946,31,,19.03,22.20,1.167,22.20,1256,44.2,33.7,+10.6,
946,32,,22.73,26.14,1.150,26.14,1500,50.9,37.1,+13.9,
946,32-1,,22.67,26.08,1.150,26.08,1496,51.0,37.1,+13.9,
946,33,,20.75,24.18,1.165,24.18,1370,53.6,33.3,+20.4,
946,34,,19.65,23.14,1.178,23.14,1297,56.4,27.7,+28.7,
946,35,,16.94,20.07,1.185,20.07,1118,50.4,18.2,+32.2,
946,36,,20.00,23.21,1.160,23.21,1320,53.4,20.2,+33.2,
946,37,,20.75,24.19,1.165,24.19,1370,53.6,33.3,+20.4,
946,38,,21.46,24.55,1.144,24.55,1416,53.2,27.6,+25.7,
946,39,,21.49,24.83,1.156,24.83,1418,56.5,20.9,+35.5,
946,40,,23.21,26.71,1.151,26.71,1532,60.0,27.5,+32.5,
946,43,,17.53,20.49,1.169,20.49,1157,48.3,21.6,+26.7,
946,43-1,,18.10,21.25,1.174,21.25,1195,50.4,25.0,+25.4,
946,43-2,,18.21,21.22,1.165,21.22,1202,48.9,27.3,+21.7,
946,44-1,,19.86,23.06,1.161,23.06,1311,53.3,20.3,+33.1,
946,49,,13.71,17.66,1.288,17.66,905,47.5,32.7,+14.9,
946,50,,13.43,17.30,1.288,17.30,887,44.1,40.0,+4.1,
946,51,,14.73,18.40,1.249,18.40,972,44.2,41.1,+3.2,
946,52,,14.64,18.28,1.249,18.28,966,44.2,37.5,+6.8,
946,52-1,,15.25,19.21,1.260,19.21,1006,50.0,39.5,+10.7,
946,52-2,,15.85,19.62,1.238,19.62,1046,45.7,40.3,+5.5,
946,53,,13.33,17.26,1.295,17.26,880,47.2,32.8,+14.5,
946,54,,12.29,16.12,1.312,16.12,811,45.2,32.4,+12.9,
946,55,,12.48,16.30,1.307,16.30,823,45.2,32.4,+12.9,
946,56,,16.64,19.50,1.171,19.50,1099,44.9,23.8,+21.2,
946,57,,18.32,22.46,1.226,22.46,1209,51.0,53.7,-2.5,
946,57-1,,17.32,21.30,1.230,21.30,1143,51.3,44.0,+7.3,
946,58,,18.38,22.23,1.210,22.23,1213,46.4,55.0,-8.5,
946,59,,17.48,21.69,1.241,21.69,1153,51.0,52.2,-0.9,
946,59-1,,18.40,22.64,1.230,22.64,1214,51.1,58.6,-7.3,
946,61,,12.04,15.31,1.271,15.31,795,42.4,28.2,+14.2,
946,62,,15.34,18.61,1.213,18.61,1012,43.0,38.6,+4.4,
946,64,,20.34,23.79,1.169,23.79,1343,43.8,68.2,-24.4,
946,66,,18.78,23.43,1.247,23.43,1240,73.5,1.0,+72.5,
946,71,,20.76,23.15,1.115,23.15,1370,45.7,53.8,-7.9,
946,71-1,,20.76,23.15,1.115,23.15,1370,45.7,53.8,-7.9,
946,73,,15.42,18.50,1.200,18.50,1018,40.3,45.0,-4.6,
946,74,,11.77,15.31,1.301,15.31,777,43.7,29.6,+14.2,
946,75,,22.72,26.01,1.145,26.01,1499,49.2,37.1,+12.2,
946,75-1,,22.62,25.62,1.133,25.62,1493,45.9,40.4,+5.6,
946,80,,26.89,30.57,1.137,30.57,1774,67.4,54.8,+12.5,
946,81,,18.91,21.34,1.129,21.34,1248,45.7,39.9,+5.9,
946,82,,9.94,12.68,1.276,12.68,656,43.8,5.8,+38.0,
946,83,,15.05,18.98,1.261,18.98,993,46.2,45.7,+0.5,
946,84,,13.15,16.98,1.291,16.98,868,43.7,39.3,+4.5,
946,85,,20.06,22.62,1.127,22.62,1324,47.9,39.9,+8.0,
946,85-1,,27.81,31.44,1.131,31.44,1835,66.9,55.3,+11.7,
946,86,,26.51,30.12,1.136,30.12,1750,65.1,54.9,+10.3,
946,101,,18.07,21.64,1.198,21.64,1192,43.8,58.3,-14.5,
946,103,,16.90,19.89,1.177,19.89,1116,40.3,49.9,-9.5,
946,105-2,,21.33,25.55,1.198,25.55,1408,71.5,14.2,+57.7,
946,129,,20.15,23.22,1.152,23.22,1330,44.2,35.8,+8.5,
946,132,,19.35,23.70,1.225,23.70,1277,71.6,7.4,+64.2,
946,135,,21.63,24.98,1.155,24.98,1427,56.7,20.9,+35.8,
946,140,,13.47,16.11,1.196,16.11,889,45.6,15.7,+29.9,
946,140-1,,13.47,16.11,1.196,16.11,889,45.6,15.7,+29.9,
946,140-2,,13.47,16.11,1.196,16.11,889,45.6,15.7,+29.9,
946,142,,19.34,23.98,1.240,23.98,1277,73.4,1.1,+72.4,
946,143,,14.92,17.96,1.204,17.96,985,48.3,17.8,+30.6,
946,152-1,,21.29,25.10,1.179,25.10,1405,48.6,61.2,-12.5,
946,153,,20.96,24.76,1.181,24.76,1383,48.4,59.2,-10.8,
946,200,,20.83,24.01,1.153,24.01,1374,43.4,43.0,+0.5,
946,201,,21.87,24.93,1.140,24.93,1444,45.8,37.8,+8.1,
946,203,,20.80,23.98,1.153,23.98,1373,43.4,43.0,+0.5,
946,207,,16.23,19.99,1.232,19.99,1071,45.7,40.3,+5.5,
946,220,,15.40,19.37,1.257,19.37,1016,50.0,40.4,+9.7,
946,221,,17.62,21.74,1.234,21.74,1163,52.7,42.2,+10.6,
946,222,,16.08,20.13,1.252,20.13,1062,51.4,42.3,+9.1,
946,223,,16.70,19.57,1.172,19.57,1102,50.4,33.0,+17.4,
946,300,,26.19,32.20,1.230,32.20,1728,99.4,11.5,+88.0,
946,301,,27.02,33.29,1.232,33.29,1783,103.4,11.5,+92.0,
946,302,,29.82,37.52,1.258,37.52,1968,125.1,11.5,+113.5,
946,500,,21.64,24.98,1.154,24.98,1428,50.5,55.6,-5.0,
946,900,,6.92,9.24,1.335,9.24,457,35.7,0.1,+35.5,
946,901,,5.22,7.28,1.395,7.28,344,31.0,0.0,+31.2,
946,902,,6.29,8.60,1.366,8.60,415,35.3,0.0,+35.3,
946,903,,8.05,10.61,1.317,10.61,532,39.7,0.1,+39.6,
946,904,,7.79,10.40,1.335,10.40,514,40.3,0.0,+40.3,
946,905,,8.39,10.89,1.298,10.89,554,39.8,2.0,+37.9,
946,906,,4.22,6.30,1.493,6.30,279,30.9,0.0,+30.5,
946,915,,2.08,2.23,1.073,2.23,137,3.9,4.2,+0.1,
946,916,,3.22,3.44,1.068,3.44,212,5.8,5.6,+0.5,
946,917,,4.04,4.39,1.087,4.39,266,6.0,11.6,-5.4,
946,918,,8.63,11.76,1.363,11.76,570,47.0,0.0,+46.5,
946,919,,4.01,5.35,1.333,5.35,265,20.5,0.0,+20.5,
946,921,,3.78,4.52,1.195,4.52,250,13.7,2.7,+11.1,
946,922,,4.77,5.72,1.199,5.72,315,17.3,2.7,+14.7,
946,923,,4.80,5.72,1.192,5.72,317,16.9,2.7,+14.3,
946,924,,4.77,5.59,1.170,5.59,315,15.7,3.7,+12.0,
946,925,,4.10,4.80,1.173,4.80,270,13.5,3.1,+10.5,
946,926,,4.55,5.19,1.141,5.19,300,13.6,4.8,+8.9,
946,931,,3.80,3.91,1.029,3.91,251,5.0,6.3,-1.1,
946,932,,4.16,4.36,1.049,4.36,275,7.4,8.4,-0.9,
946,933,,4.77,5.02,1.053,5.02,315,8.4,8.4,+0.2,
946,934,,4.86,5.14,1.059,5.14,320,8.9,8.4,+0.7,
946,935,,6.14,6.34,1.033,6.34,405,8.7,11.8,-2.8,
946,942,,5.64,6.21,1.102,6.21,372,11.1,1.7,+9.4,
946,GATE,,22.28,25.91,1.163,25.91,1471,46.6,70.4,-23.7,
GATE,1,12.42,12.48,14.24,1.141,14.17,824,29.7,0.7,+28.9,
GATE,2,12.39,12.38,14.41,1.165,14.43,817,34.0,0.6,+33.4,
GATE,3,12.77,12.89,16.05,1.245,15.90,850,46.2,12.0,+34.2,
GATE,4,12.86,12.86,16.02,1.246,16.02,849,46.2,12.0,+34.2,
GATE,5,13.36,13.36,16.52,1.237,16.52,882,46.2,11.9,+34.2,
GATE,6,13.76,13.76,17.09,1.242,17.08,908,48.9,11.9,+36.9,
GATE,7,14.34,14.35,17.68,1.232,17.68,947,49.0,11.9,+37.1,
GATE,8,14.07,14.24,16.90,1.187,16.70,940,43.7,0.6,+43.1,
GATE,9,15.11,15.11,18.76,1.242,18.77,997,54.0,12.1,+42.0,
GATE,10,15.45,15.54,19.50,1.255,19.39,1026,58.8,11.9,+46.7,
GATE,10-1,16.06,16.08,20.25,1.259,20.23,1061,61.8,11.9,+49.8,
GATE,11,16.00,15.99,19.27,1.205,19.28,1055,53.2,0.6,+52.7,
GATE,12,15.38,15.55,18.84,1.211,18.63,1026,53.3,0.6,+52.7,
GATE,13,15.41,15.62,18.94,1.212,18.69,1031,53.5,1.2,+52.4,
GATE,14,14.23,14.26,17.88,1.254,17.84,941,53.4,11.9,+41.3,
GATE,15,9.17,9.18,10.73,1.169,10.73,606,26.3,5.6,+21.0,
GATE,15-1,8.79,9.06,10.33,1.141,10.03,598,21.6,0.6,+21.0,
GATE,16,5.67,5.67,6.76,1.193,6.76,374,17.9,0.0,+17.9,
GATE,16-1,7.76,7.68,8.55,1.114,8.64,507,15.0,0.6,+14.4,
GATE,17,8.78,8.96,10.57,1.179,10.35,592,26.8,2.9,+24.0,
GATE,18,19.01,19.20,23.31,1.214,23.07,1267,64.4,1.9,+62.5,
GATE,19,19.81,19.83,23.85,1.203,23.82,1309,64.4,3.7,+60.7,
GATE,20,15.73,15.72,19.14,1.218,19.15,1037,54.1,1.2,+53.0,
GATE,21,17.29,17.44,21.11,1.211,20.94,1151,57.3,1.7,+55.6,
GATE,22,15.49,15.48,17.96,1.160,17.97,1022,41.5,1.4,+40.2,
GATE,24,11.93,12.14,13.67,1.126,13.44,801,26.7,1.3,+25.5,
GATE,25,13.43,13.54,15.23,1.125,15.11,894,29.5,1.2,+28.3,
GATE,25-1,13.49,13.62,15.24,1.119,15.09,899,28.7,1.7,+26.9,
GATE,26,13.97,13.95,15.65,1.121,15.66,921,29.5,1.2,+28.3,
GATE,27,15.10,15.09,16.78,1.112,16.79,996,30.6,1.7,+29.0,
GATE,28,16.42,16.43,18.62,1.133,18.60,1084,38.7,1.2,+37.5,
GATE,29,22.37,22.50,28.47,1.265,28.30,1485,91.5,1.7,+89.8,
GATE,30,18.27,18.26,20.90,1.144,20.91,1205,46.1,1.2,+44.9,
GATE,31,16.91,16.80,19.11,1.137,19.22,1109,40.6,1.2,+39.4,
GATE,32,17.33,17.32,19.83,1.145,19.84,1143,44.0,1.2,+42.9,
GATE,32-1,17.25,17.26,19.77,1.146,19.77,1139,44.0,1.2,+42.9,
GATE,33,18.08,18.21,20.82,1.143,20.67,1202,45.6,1.2,+44.4,
GATE,34,19.19,19.18,22.20,1.157,22.21,1266,50.9,1.6,+49.3,
GATE,35,18.05,18.04,21.97,1.218,21.98,1190,61.6,1.7,+59.8,
GATE,36,20.43,20.43,24.10,1.180,24.10,1348,60.9,5.1,+56.1,
GATE,37,18.81,19.72,22.74,1.153,21.69,1302,50.9,1.6,+49.3,
GATE,38,19.49,19.50,22.72,1.165,22.71,1287,54.8,1.9,+52.9,
GATE,39,22.42,22.26,26.37,1.185,26.56,1469,68.4,4.0,+64.4,
GATE,40,22.26,22.25,25.92,1.165,25.93,1468,62.6,1.2,+61.4,
GATE,43,17.37,17.36,20.51,1.182,20.53,1146,52.0,2.2,+49.8,
GATE,43-1,18.18,18.18,20.90,1.150,20.90,1200,46.0,1.7,+44.4,
GATE,43-2,17.82,17.87,21.07,1.179,21.01,1179,53.2,2.6,+50.6,
GATE,44-1,20.69,20.72,24.40,1.178,24.36,1368,61.5,4.2,+57.2,
GATE,49,11.49,11.50,14.21,1.236,14.20,759,43.0,1.2,+41.7,
GATE,50,8.13,8.13,9.64,1.186,9.63,536,24.7,0.5,+24.2,
GATE,51,8.19,8.19,9.77,1.193,9.77,541,25.9,0.4,+25.5,
GATE,52,9.33,9.38,11.19,1.193,11.13,619,29.7,0.4,+29.2,
GATE,52-1,9.27,9.30,11.11,1.195,11.07,614,29.7,0.4,+29.2,
GATE,52-2,9.23,9.23,10.84,1.174,10.84,609,26.7,0.2,+26.5,
GATE,53,10.81,10.81,12.96,1.199,12.96,714,35.8,1.6,+34.1,
GATE,54,10.26,10.24,12.30,1.201,12.32,676,34.1,2.9,+31.3,
GATE,55,9.95,9.82,11.63,1.184,11.78,648,30.2,2.9,+27.3,
GATE,56,16.06,16.06,18.71,1.165,18.71,1060,44.5,1.3,+43.0,
GATE,57,7.01,8.99,10.29,1.145,8.03,593,22.8,1.7,+21.2,
GATE,57-1,7.20,8.74,10.13,1.158,8.34,577,23.1,0.3,+22.8,
GATE,58,4.56,4.35,5.02,1.155,5.26,287,11.2,0.0,+11.2,
GATE,59,6.94,7.14,8.15,1.141,7.92,471,17.0,0.2,+16.8,
GATE,59-1,6.94,7.14,8.15,1.141,7.92,471,17.0,0.2,+16.8,
GATE,61,13.92,14.09,16.71,1.185,16.50,930,43.1,0.6,+42.5,
GATE,62,13.55,13.82,15.87,1.149,15.57,912,34.5,1.2,+33.3,
GATE,64,4.30,4.29,4.47,1.044,4.48,283,3.9,0.6,+3.3,
GATE,66,27.41,27.50,34.40,1.251,34.28,1815,103.5,7.2,+96.2,
GATE,71,8.00,7.79,8.98,1.153,9.22,514,19.6,3.8,+15.8,
GATE,71-1,6.38,7.79,8.98,1.153,7.36,514,19.6,3.8,+15.8,
GATE,73,9.81,10.08,11.32,1.123,11.02,665,21.2,0.6,+20.6,
GATE,74,10.16,10.16,12.26,1.207,12.26,671,34.7,2.9,+31.8,
GATE,75,17.28,17.30,19.70,1.139,19.67,1142,42.3,1.2,+41.1,
GATE,75-1,17.12,17.21,19.31,1.122,19.22,1136,39.0,4.6,+34.5,
GATE,80,9.12,9.12,11.60,1.272,11.60,602,40.9,2.1,+38.6,
GATE,81,9.40,9.40,11.23,1.195,11.23,620,30.1,0.5,+29.6,
GATE,82,11.60,11.60,15.12,1.304,15.12,765,50.9,2.9,+48.0,
GATE,83,7.23,7.23,8.75,1.210,8.75,477,24.6,0.2,+24.4,
GATE,84,9.35,9.36,11.05,1.181,11.05,617,28.3,2.9,+25.4,
GATE,85,10.52,10.52,12.92,1.228,12.92,694,40.4,3.0,+37.4,
GATE,85-1,9.74,10.04,12.47,1.242,12.09,663,40.4,2.5,+37.9,
GATE,86,8.43,8.74,11.14,1.275,10.75,577,38.6,2.1,+36.4,
GATE,101,6.13,6.31,6.95,1.101,6.75,417,11.2,0.6,+10.7,
GATE,103,7.66,7.65,8.37,1.095,8.39,505,13.0,0.6,+12.4,
GATE,105-2,26.92,27.00,32.69,1.211,32.59,1782,93.3,7.0,+86.6,
GATE,129,15.16,15.22,17.16,1.127,17.08,1005,34.5,1.2,+33.3,
GATE,132,24.54,24.53,30.53,1.245,30.54,1619,93.5,3.7,+89.8,
GATE,135,22.71,22.40,26.52,1.184,26.90,1478,68.7,4.0,+64.7,
GATE,140,10.63,11.34,14.06,1.241,13.19,748,42.3,2.2,+40.1,
GATE,140-1,10.63,11.34,14.06,1.241,13.19,748,42.3,2.2,+40.1,
GATE,140-2,11.33,11.55,14.28,1.236,14.00,762,42.3,2.2,+40.1,
GATE,142,21.68,21.78,27.56,1.265,27.43,1437,88.5,1.7,+86.8,
GATE,143,17.57,17.49,21.48,1.228,21.58,1155,63.1,3.6,+59.5,
GATE,152-1,5.50,5.26,6.07,1.154,6.34,347,14.0,2.8,+11.2,
GATE,153,4.98,5.01,5.82,1.161,5.78,331,13.8,0.9,+12.9,
GATE,200,14.00,13.99,15.69,1.122,15.71,923,30.6,1.2,+29.4,
GATE,201,16.47,16.46,18.63,1.131,18.63,1086,38.9,1.9,+37.0,
GATE,203,13.97,13.74,15.44,1.123,15.70,907,30.4,1.2,+29.2,
GATE,207,8.60,9.15,10.75,1.176,10.11,604,26.7,0.2,+26.5,
GATE,220,8.52,8.71,10.77,1.237,10.55,575,31.7,0.2,+31.2,
GATE,221,10.25,10.44,12.75,1.222,12.53,689,36.5,2.2,+34.3,
GATE,222,8.07,8.07,9.49,1.176,9.49,533,23.5,0.2,+23.1,
GATE,223,9.89,9.92,12.48,1.258,12.44,655,41.3,0.1,+41.1,
GATE,300,29.14,29.32,36.90,1.258,36.67,1935,120.2,4.0,+116.2,
GATE,301,30.21,30.15,38.04,1.261,38.11,1990,124.9,4.0,+120.9,
GATE,302,32.77,32.96,42.28,1.283,42.03,2175,146.5,4.0,+142.5,
GATE,500,12.34,12.38,13.77,1.112,13.72,817,25.0,1.2,+23.9,
GATE,900,,18.74,23.56,1.257,23.56,1237,72.2,12.9,+59.2,
GATE,901,,18.55,23.41,1.262,23.41,1224,70.9,16.1,+54.9,
GATE,902,,17.98,22.76,1.266,22.76,1187,70.9,11.9,+59.0,
GATE,903,,18.42,23.39,1.270,23.39,1216,73.2,9.9,+63.3,
GATE,904,,18.10,23.10,1.276,23.10,1194,73.3,9.3,+64.1,
GATE,905,,19.74,24.69,1.251,24.69,1303,75.1,13.4,+61.6,
GATE,906,,19.09,24.10,1.262,24.10,1260,73.0,18.4,+54.2,
GATE,915,,22.85,27.74,1.214,27.74,1508,70.4,47.0,+23.8,
GATE,916,,23.99,28.94,1.206,28.94,1583,72.3,48.3,+24.2,
GATE,917,,24.81,29.89,1.205,29.89,1637,72.5,54.3,+18.3,
GATE,918,,19.98,25.57,1.279,25.57,1319,82.3,11.5,+70.3,
GATE,919,19.80,19.80,24.73,1.249,24.73,1307,70.4,26.1,+44.2,
GATE,921,,21.48,26.37,1.228,26.37,1418,70.5,35.7,+34.8,
GATE,922,,22.00,27.05,1.229,27.05,1452,72.5,33.1,+39.2,
GATE,923,,22.49,27.57,1.226,27.57,1485,73.7,35.8,+38.0,
GATE,924,,22.47,27.43,1.221,27.43,1483,72.5,36.7,+35.8,
GATE,925,,21.79,26.65,1.223,26.65,1438,70.4,36.2,+34.2,
GATE,926,,22.24,27.04,1.216,27.04,1468,70.4,37.9,+32.6,
GATE,931,,27.25,32.31,1.186,32.31,1798,75.4,61.1,+14.2,
GATE,932,,27.09,32.10,1.185,32.10,1788,73.3,58.7,+14.5,
GATE,933,,27.70,32.76,1.183,32.76,1828,74.2,58.8,+15.5,
GATE,934,,27.79,32.88,1.183,32.88,1834,74.8,58.8,+16.1,
GATE,935,,29.07,34.05,1.172,34.05,1918,74.6,62.1,+12.5,
GATE,942,27.19,27.30,32.67,1.197,32.54,1802,78.8,45.7,+33.1,
GATE,946,,22.28,27.25,1.223,27.25,1471,70.4,46.6,+23.7,
