from,to,minutes,source
1,10,5.07,magicmap
1,10-1,5.87,magicmap
1,101,6.06,magicmap
1,103,4.33,magicmap
1,105-2,15.54,magicmap
1,11,4.30,magicmap
1,12,3.75,magicmap
1,129,7.86,magicmap
1,13,2.35,magicmap
1,132,12.86,magicmap
1,135,11.34,magicmap
1,14,4.04,magicmap
1,140,8.21,magicmap
1,140-1,8.21,magicmap
1,140-2,8.21,magicmap
1,142,10.00,magicmap
1,143,4.51,magicmap
1,15,3.43,magicmap
1,15-1,4.10,magicmap
1,152-1,12.48,magicmap
1,153,11.88,magicmap
1,16,5.27,magicmap
1,16-1,4.65,magicmap
1,17,4.89,magicmap
1,18,7.33,magicmap
1,19,8.13,magicmap
1,2,0.29,magicmap
1,20,3.04,magicmap
1,200,6.68,magicmap
1,201,9.27,magicmap
1,203,6.77,magicmap
1,207,7.17,magicmap
1,21,5.84,magicmap
1,22,4.43,magicmap
1,220,6.95,magicmap
1,221,9.05,magicmap
1,222,7.70,magicmap
1,223,11.76,magicmap
1,24,2.97,magicmap
1,25,4.10,magicmap
1,25-1,4.54,magicmap
1,26,4.64,magicmap
1,27,5.40,magicmap
1,28,6.02,magicmap
1,29,10.70,magicmap
1,3,2.30,magicmap
1,30,7.35,magicmap
1,300,17.77,magicmap
1,301,18.84,magicmap
1,302,21.40,magicmap
1,31,6.85,magicmap
1,32,10.13,magicmap
1,32-1,9.27,magicmap
1,33,8.66,magicmap
1,34,8.13,magicmap
1,35,6.46,magicmap
1,36,9.06,magicmap
1,37,8.58,magicmap
1,38,10.09,magicmap
1,39,11.61,magicmap
1,4,1.91,magicmap
1,40,11.67,magicmap
1,43,6.00,magicmap
1,43-1,6.93,magicmap
1,43-2,6.51,magicmap
1,44-1,9.32,magicmap
1,49,6.06,magicmap
1,5,2.08,magicmap
1,50,4.39,magicmap
1,500,7.56,magicmap
1,51,5.79,magicmap
1,52,5.87,magicmap
1,52-1,6.56,magicmap
1,52-2,7.08,magicmap
1,53,5.68,magicmap
1,54,4.56,magicmap
1,55,4.61,magicmap
1,56,4.90,magicmap
1,57,9.92,magicmap
1,57-1,8.93,magicmap
1,58,9.33,magicmap
1,59,9.08,magicmap
1,59-1,10.01,magicmap
1,6,3.57,magicmap
1,61,1.36,magicmap
1,62,1.57,magicmap
1,64,8.34,magicmap
1,66,15.86,magicmap
1,7,2.47,magicmap
1,71,14.73,magicmap
1,71-1,13.11,magicmap
1,73,3.18,magicmap
1,74,2.92,magicmap
1,75,10.08,magicmap
1,75-1,9.92,magicmap
1,8,2.15,magicmap
1,80,19.08,magicmap
1,81,13.54,magicmap
1,82,4.78,magicmap
1,83,6.01,magicmap
1,84,3.71,magicmap
1,85,14.66,magicmap
1,85-1,19.69,magicmap
1,86,18.39,magicmap
1,9,3.57,magicmap
1,919,11.12,magicmap
1,942,18.51,magicmap
1,GATE,12.42,magicmap
10,1,5.07,magicmap
10,10-1,0.10,magicmap
10,101,9.96,magicmap
10,103,8.49,magicmap
10,105-2,15.75,magicmap
10,11,0.50,magicmap
10,12,1.08,magicmap
10,129,10.54,magicmap
10,13,2.50,magicmap
10,132,13.68,magicmap
10,135,12.44,magicmap
10,14,0.51,magicmap
10,140,8.82,magicmap
10,140-1,8.82,magicmap
10,140-2,8.82,magicmap
10,142,11.04,magicmap
10,143,5.55,magicmap
10,15,7.20,magicmap
10,15-1,8.00,magicmap
10,152-1,14.70,magicmap
10,153,14.10,magicmap
10,16,8.55,magicmap
10,16-1,8.40,magicmap
10,17,7.11,magicmap
10,18,8.37,magicmap
10,19,9.17,magicmap
10,2,3.49,magicmap
10,20,4.44,magicmap
10,200,11.21,magicmap
10,201,12.31,magicmap
10,203,11.63,magicmap
10,207,9.11,magicmap
10,21,7.18,magicmap
10,22,7.42,magicmap
10,220,8.50,magicmap
10,221,9.86,magicmap
10,222,9.25,magicmap
10,223,11.63,magicmap
10,24,8.58,magicmap
10,25,8.47,magicmap
10,25-1,9.40,magicmap
10,26,8.49,magicmap
10,27,9.15,magicmap
10,28,9.46,magicmap
10,29,11.74,magicmap
10,3,2.54,magicmap
10,30,9.53,magicmap
10,300,18.92,magicmap
10,301,19.99,magicmap
10,302,22.55,magicmap
10,31,9.52,magicmap
10,32,13.17,magicmap
10,32-1,11.94,magicmap
10,33,10.84,magicmap
10,34,10.07,magicmap
10,35,7.50,magicmap
10,36,10.66,magicmap
10,37,10.77,magicmap
10,38,12.02,magicmap
10,39,12.76,magicmap
10,4,3.29,magicmap
10,40,12.82,magicmap
10,43,7.81,magicmap
10,43-1,8.66,magicmap
10,43-2,8.32,magicmap
10,44-1,10.42,magicmap
10,49,6.88,magicmap
10,5,1.93,magicmap
10,50,6.60,magicmap
10,500,13.05,magicmap
10,51,7.89,magicmap
10,52,7.81,magicmap
10,52-1,8.42,magicmap
10,52-2,9.02,magicmap
10,53,6.50,magicmap
10,54,5.38,magicmap
10,55,5.64,magicmap
10,56,6.71,magicmap
10,57,11.47,magicmap
10,57-1,10.49,magicmap
10,58,11.54,magicmap
10,59,10.64,magicmap
10,59-1,11.57,magicmap
10,6,0.68,magicmap
10,61,2.20,magicmap
10,62,6.54,magicmap
10,64,12.24,magicmap
10,66,13.18,magicmap
10,7,0.67,magicmap
10,71,16.20,magicmap
10,71-1,15.33,magicmap
10,73,7.08,magicmap
10,74,4.59,magicmap
10,75,13.12,magicmap
10,75-1,12.96,magicmap
10,8,1.72,magicmap
10,80,21.30,magicmap
10,81,14.14,magicmap
10,82,5.14,magicmap
10,83,8.22,magicmap
10,84,6.32,magicmap
10,85,15.26,magicmap
10,85-1,21.91,magicmap
10,86,20.61,magicmap
10,9,0.08,magicmap
10,919,6.67,magicmap
10,942,14.06,magicmap
10,GATE,15.45,magicmap
10-1,1,5.87,magicmap
10-1,10,0.10,magicmap
10-1,101,10.57,magicmap
10-1,103,9.10,magicmap
10-1,105-2,15.52,magicmap
10-1,11,0.40,magicmap
10-1,12,1.23,magicmap
10-1,129,11.47,magicmap
10-1,13,2.65,magicmap
10-1,132,13.46,magicmap
10-1,135,12.59,magicmap
10-1,14,0.99,magicmap
10-1,140,8.96,magicmap
10-1,140-1,8.96,magicmap
10-1,140-2,8.96,magicmap
10-1,142,11.19,magicmap
10-1,143,5.70,magicmap
10-1,15,7.82,magicmap
10-1,15-1,8.61,magicmap
10-1,152-1,15.31,magicmap
10-1,153,14.71,magicmap
10-1,16,9.16,magicmap
10-1,16-1,9.01,magicmap
10-1,17,7.72,magicmap
10-1,18,8.53,magicmap
10-1,19,9.32,magicmap
10-1,2,4.53,magicmap
10-1,20,4.59,magicmap
10-1,200,12.14,magicmap
10-1,201,13.25,magicmap
10-1,203,12.56,magicmap
10-1,207,9.72,magicmap
10-1,21,7.33,magicmap
10-1,22,8.36,magicmap
10-1,220,9.11,magicmap
10-1,221,10.00,magicmap
10-1,222,9.87,magicmap
10-1,223,11.76,magicmap
10-1,24,9.39,magicmap
10-1,25,9.40,magicmap
10-1,25-1,10.33,magicmap
10-1,26,9.43,magicmap
10-1,27,10.09,magicmap
10-1,28,10.39,magicmap
10-1,29,11.89,magicmap
10-1,3,3.16,magicmap
10-1,30,10.14,magicmap
10-1,300,19.08,magicmap
10-1,301,20.14,magicmap
10-1,302,22.70,magicmap
10-1,31,10.45,magicmap
10-1,32,14.10,magicmap
10-1,32-1,12.87,magicmap
10-1,33,11.45,magicmap
10-1,34,10.23,magicmap
10-1,35,7.65,magicmap
10-1,36,10.81,magicmap
10-1,37,11.38,magicmap
10-1,38,12.17,magicmap
10-1,39,12.91,magicmap
10-1,4,3.91,magicmap
10-1,40,12.98,magicmap
10-1,43,8.24,magicmap
10-1,43-1,8.82,magicmap
10-1,43-2,8.91,magicmap
10-1,44-1,10.58,magicmap
10-1,49,7.49,magicmap
10-1,5,2.48,magicmap
10-1,50,7.22,magicmap
10-1,500,13.85,magicmap
10-1,51,8.50,magicmap
10-1,52,8.42,magicmap
10-1,52-1,9.03,magicmap
10-1,52-2,9.63,magicmap
10-1,53,7.11,magicmap
10-1,54,5.99,magicmap
10-1,55,6.26,magicmap
10-1,56,7.54,magicmap
10-1,57,12.08,magicmap
10-1,57-1,11.10,magicmap
10-1,58,12.16,magicmap
10-1,59,11.25,magicmap
10-1,59-1,12.18,magicmap
10-1,6,1.62,magicmap
10-1,61,3.36,magicmap
10-1,62,7.51,magicmap
10-1,64,12.85,magicmap
10-1,66,12.95,magicmap
10-1,7,1.77,magicmap
10-1,71,16.34,magicmap
10-1,71-1,15.88,magicmap
10-1,73,7.69,magicmap
10-1,74,5.20,magicmap
10-1,75,14.05,magicmap
10-1,75-1,13.90,magicmap
10-1,8,2.88,magicmap
10-1,80,21.91,magicmap
10-1,81,14.28,magicmap
10-1,82,5.28,magicmap
10-1,83,8.84,magicmap
10-1,84,6.93,magicmap
10-1,85,15.40,magicmap
10-1,85-1,22.52,magicmap
10-1,86,21.22,magicmap
10-1,9,1.13,magicmap
10-1,919,6.45,magicmap
10-1,942,13.84,magicmap
10-1,GATE,16.06,magicmap
101,1,6.06,magicmap
101,10,9.96,magicmap
101,10-1,10.57,magicmap
101,103,1.37,magicmap
101,105-2,22.20,magicmap
101,11,9.57,magicmap
101,12,8.95,magicmap
101,129,11.98,magicmap
101,13,9.18,magicmap
101,132,19.80,magicmap
101,135,17.99,magicmap
101,14,8.74,magicmap
101,140,8.82,magicmap
101,140-1,8.82,magicmap
101,140-2,8.82,magicmap
101,142,16.94,magicmap
101,143,11.45,magicmap
101,15,2.78,magicmap
101,15-1,2.10,magicmap
101,152-1,8.58,magicmap
101,153,7.99,magicmap
101,16,0.58,magicmap
101,16-1,1.03,magicmap
101,17,3.62,magicmap
101,18,14.27,magicmap
101,19,15.07,magicmap
101,2,5.95,magicmap
101,20,9.98,magicmap
101,200,10.82,magicmap
101,201,13.30,magicmap
101,203,10.80,magicmap
101,207,6.51,magicmap
101,21,12.58,magicmap
101,22,10.77,magicmap
101,220,7.34,magicmap
101,221,9.54,magicmap
101,222,7.27,magicmap
101,223,12.25,magicmap
101,24,7.89,magicmap
101,25,9.39,magicmap
101,25-1,9.45,magicmap
101,26,9.92,magicmap
101,27,11.48,magicmap
101,28,12.12,magicmap
101,29,17.64,magicmap
101,3,7.00,magicmap
101,30,13.69,magicmap
101,300,24.42,magicmap
101,301,25.49,magicmap
101,302,28.05,magicmap
101,31,13.18,magicmap
101,32,14.15,magicmap
101,32-1,14.08,magicmap
101,33,14.91,magicmap
101,34,14.47,magicmap
101,35,13.33,magicmap
101,36,15.71,magicmap
101,37,14.92,magicmap
101,38,16.32,magicmap
101,39,18.26,magicmap
101,4,6.61,magicmap
101,40,18.23,magicmap
101,43,12.65,magicmap
101,43-1,13.46,magicmap
101,43-2,13.10,magicmap
101,44-1,15.97,magicmap
101,49,7.97,magicmap
101,5,7.33,magicmap
101,50,4.86,magicmap
101,500,9.17,magicmap
101,51,5.17,magicmap
101,52,6.31,magicmap
101,52-1,6.25,magicmap
101,52-2,6.42,magicmap
101,53,6.93,magicmap
101,54,6.04,magicmap
101,55,5.74,magicmap
101,56,11.34,magicmap
101,57,9.49,magicmap
101,57-1,8.50,magicmap
101,58,4.15,magicmap
101,59,8.66,magicmap
101,59-1,9.58,magicmap
101,6,8.27,magicmap
101,61,7.49,magicmap
101,62,8.05,magicmap
101,64,1.98,magicmap
101,66,22.80,magicmap
101,7,8.06,magicmap
101,71,10.83,magicmap
101,71-1,9.22,magicmap
101,73,3.38,magicmap
101,74,5.94,magicmap
101,75,14.10,magicmap
101,75-1,13.95,magicmap
101,8,7.64,magicmap
101,80,15.18,magicmap
101,81,12.23,magicmap
101,82,7.38,magicmap
101,83,4.22,magicmap
101,84,4.10,magicmap
101,85,13.36,magicmap
101,85-1,15.80,magicmap
101,86,14.49,magicmap
101,9,8.76,magicmap
101,919,15.58,magicmap
101,942,22.98,magicmap
101,GATE,6.13,magicmap
103,1,4.33,magicmap
103,10,8.49,magicmap
103,10-1,9.10,magicmap
103,101,1.37,magicmap
103,105-2,19.61,magicmap
103,11,8.10,magicmap
103,12,7.48,magicmap
103,129,9.09,magicmap
103,13,7.33,magicmap
103,132,17.23,magicmap
103,135,15.40,magicmap
103,14,7.27,magicmap
103,140,8.15,magicmap
103,140-1,8.15,magicmap
103,140-2,8.15,magicmap
103,142,14.37,magicmap
103,143,9.48,magicmap
103,15,1.44,magicmap
103,15-1,1.33,magicmap
103,152-1,10.08,magicmap
103,153,9.48,magicmap
103,16,1.35,magicmap
103,16-1,0.75,magicmap
103,17,2.59,magicmap
103,18,11.70,magicmap
103,19,12.50,magicmap
103,2,4.48,magicmap
103,20,8.02,magicmap
103,200,7.93,magicmap
103,201,10.40,magicmap
103,203,7.90,magicmap
103,207,6.59,magicmap
103,21,9.98,magicmap
103,22,8.18,magicmap
103,220,6.88,magicmap
103,221,8.98,magicmap
103,222,7.35,magicmap
103,223,11.69,magicmap
103,24,4.76,magicmap
103,25,6.26,magicmap
103,25-1,6.32,magicmap
103,26,6.79,magicmap
103,27,8.35,magicmap
103,28,9.24,magicmap
103,29,15.06,magicmap
103,3,5.53,magicmap
103,30,11.10,magicmap
103,300,21.83,magicmap
103,301,22.90,magicmap
103,302,25.46,magicmap
103,31,10.59,magicmap
103,32,11.26,magicmap
103,32-1,11.19,magicmap
103,33,12.01,magicmap
103,34,11.88,magicmap
103,35,10.74,magicmap
103,36,13.12,magicmap
103,37,12.33,magicmap
103,38,13.42,magicmap
103,39,15.67,magicmap
103,4,5.14,magicmap
103,40,15.64,magicmap
103,43,10.06,magicmap
103,43-1,10.87,magicmap
103,43-2,10.51,magicmap
103,44-1,13.38,magicmap
103,49,6.94,magicmap
103,5,5.86,magicmap
103,50,3.83,magicmap
103,500,6.28,magicmap
103,51,5.25,magicmap
103,52,5.68,magicmap
103,52-1,6.33,magicmap
103,52-2,6.50,magicmap
103,53,5.91,magicmap
103,54,5.01,magicmap
103,55,4.71,magicmap
103,56,8.75,magicmap
103,57,9.57,magicmap
103,57-1,8.58,magicmap
103,58,5.65,magicmap
103,59,8.74,magicmap
103,59-1,9.66,magicmap
103,6,6.80,magicmap
103,61,6.02,magicmap
103,62,5.46,magicmap
103,64,3.65,magicmap
103,66,20.23,magicmap
103,7,6.59,magicmap
103,71,12.33,magicmap
103,71-1,10.71,magicmap
103,73,1.24,magicmap
103,74,4.54,magicmap
103,75,11.21,magicmap
103,75-1,11.05,magicmap
103,8,6.17,magicmap
103,80,16.68,magicmap
103,81,13.47,magicmap
103,82,6.35,magicmap
103,83,4.89,magicmap
103,84,3.07,magicmap
103,85,14.60,magicmap
103,85-1,17.30,magicmap
103,86,15.99,magicmap
103,9,7.29,magicmap
103,919,14.35,magicmap
103,942,21.74,magicmap
103,GATE,7.66,magicmap
105-2,1,15.54,magicmap
105-2,10,15.75,magicmap
105-2,10-1,15.52,magicmap
105-2,101,22.20,magicmap
105-2,103,19.61,magicmap
105-2,11,15.84,magicmap
105-2,12,14.69,magicmap
105-2,129,12.04,magicmap
105-2,13,13.09,magicmap
105-2,132,2.03,magicmap
105-2,135,4.17,magicmap
105-2,14,16.11,magicmap
105-2,140,21.29,magicmap
105-2,140-1,21.29,magicmap
105-2,140-2,21.29,magicmap
105-2,142,6.43,magicmap
105-2,143,8.68,magicmap
105-2,15,19.57,magicmap
105-2,15-1,20.24,magicmap
105-2,152-1,28.62,magicmap
105-2,153,28.02,magicmap
105-2,16,21.41,magicmap
105-2,16-1,20.78,magicmap
105-2,17,21.03,magicmap
105-2,18,8.82,magicmap
105-2,19,7.73,magicmap
105-2,2,15.74,magicmap
105-2,20,9.62,magicmap
105-2,200,11.89,magicmap
105-2,201,11.81,magicmap
105-2,203,13.86,magicmap
105-2,207,23.31,magicmap
105-2,21,9.78,magicmap
105-2,22,10.46,magicmap
105-2,220,23.03,magicmap
105-2,221,22.33,magicmap
105-2,222,23.79,magicmap
105-2,223,24.10,magicmap
105-2,24,14.75,magicmap
105-2,25,13.68,magicmap
105-2,25-1,15.20,magicmap
105-2,26,14.29,magicmap
105-2,27,11.75,magicmap
105-2,28,11.12,magicmap
105-2,29,5.30,magicmap
105-2,3,16.99,magicmap
105-2,30,9.02,magicmap
105-2,300,5.69,magicmap
105-2,301,6.75,magicmap
105-2,302,9.30,magicmap
105-2,31,11.03,magicmap
105-2,32,10.16,magicmap
105-2,32-1,9.70,magicmap
105-2,33,8.90,magicmap
105-2,34,7.01,magicmap
105-2,35,7.53,magicmap
105-2,36,6.48,magicmap
105-2,37,7.42,magicmap
105-2,38,7.35,magicmap
105-2,39,4.84,magicmap
105-2,4,16.69,magicmap
105-2,40,4.55,magicmap
105-2,43,9.58,magicmap
105-2,43-1,8.48,magicmap
105-2,43-2,9.07,magicmap
105-2,44-1,6.28,magicmap
105-2,49,21.41,magicmap
105-2,5,15.67,magicmap
105-2,50,20.52,magicmap
105-2,500,15.34,magicmap
105-2,51,21.92,magicmap
105-2,52,22.01,magicmap
105-2,52-1,22.70,magicmap
105-2,52-2,23.22,magicmap
105-2,53,21.03,magicmap
105-2,54,19.91,magicmap
105-2,55,20.18,magicmap
105-2,56,9.89,magicmap
105-2,57,26.00,magicmap
105-2,57-1,25.02,magicmap
105-2,58,25.46,magicmap
105-2,59,25.17,magicmap
105-2,59-1,26.10,magicmap
105-2,6,16.94,magicmap
105-2,61,14.40,magicmap
105-2,62,13.83,magicmap
105-2,64,22.91,magicmap
105-2,66,6.69,magicmap
105-2,7,15.62,magicmap
105-2,71,28.67,magicmap
105-2,71-1,28.22,magicmap
105-2,73,18.93,magicmap
105-2,74,19.06,magicmap
105-2,75,9.90,magicmap
105-2,75-1,11.38,magicmap
105-2,8,15.74,magicmap
105-2,80,34.59,magicmap
105-2,81,26.61,magicmap
105-2,82,17.62,magicmap
105-2,83,22.14,magicmap
105-2,84,19.85,magicmap
105-2,85,27.74,magicmap
105-2,85-1,35.20,magicmap
105-2,86,33.90,magicmap
105-2,9,15.66,magicmap
105-2,919,18.78,magicmap
105-2,942,25.37,magicmap
105-2,GATE,26.92,magicmap
11,1,4.30,magicmap
11,10,0.50,magicmap
11,10-1,0.40,magicmap
11,101,9.57,magicmap
11,103,8.10,magicmap
11,105-2,15.84,magicmap
11,12,0.68,magicmap
11,129,9.76,magicmap
11,13,1.16,magicmap
11,132,13.05,magicmap
11,135,11.59,magicmap
11,14,1.08,magicmap
11,140,9.39,magicmap
11,140-1,9.39,magicmap
11,140-2,9.39,magicmap
11,142,10.19,magicmap
11,143,4.70,magicmap
11,15,6.94,magicmap
11,15-1,7.61,magicmap
11,152-1,15.36,magicmap
11,153,14.76,magicmap
11,16,8.78,magicmap
11,16-1,8.15,magicmap
11,17,7.77,magicmap
11,18,7.52,magicmap
11,19,8.32,magicmap
11,2,2.80,magicmap
11,20,3.42,magicmap
11,200,10.43,magicmap
11,201,11.54,magicmap
11,203,10.85,magicmap
11,207,9.77,magicmap
11,21,6.19,magicmap
11,22,6.65,magicmap
11,220,9.16,magicmap
11,221,10.44,magicmap
11,222,9.91,magicmap
11,223,12.20,magicmap
11,24,7.80,magicmap
11,25,7.69,magicmap
11,25-1,8.62,magicmap
11,26,7.72,magicmap
11,27,8.38,magicmap
11,28,8.69,magicmap
11,29,10.88,magicmap
11,3,3.20,magicmap
11,30,8.43,magicmap
11,300,18.07,magicmap
11,301,19.13,magicmap
11,302,21.69,magicmap
11,31,8.75,magicmap
11,32,12.39,magicmap
11,32-1,11.17,magicmap
11,33,9.74,magicmap
11,34,8.92,magicmap
11,35,6.65,magicmap
11,36,9.50,magicmap
11,37,9.67,magicmap
11,38,11.17,magicmap
11,39,11.91,magicmap
11,4,3.48,magicmap
11,40,11.97,magicmap
11,43,6.54,magicmap
11,43-1,7.51,magicmap
11,43-2,7.22,magicmap
11,44-1,9.57,magicmap
11,49,7.54,magicmap
11,5,2.39,magicmap
11,50,7.26,magicmap
11,500,12.28,magicmap
11,51,8.55,magicmap
11,52,8.47,magicmap
11,52-1,9.08,magicmap
11,52-2,9.68,magicmap
11,53,7.16,magicmap
11,54,6.04,magicmap
11,55,6.31,magicmap
11,56,5.84,magicmap
11,57,12.13,magicmap
11,57-1,11.15,magicmap
11,58,12.21,magicmap
11,59,11.30,magicmap
11,59-1,12.23,magicmap
11,6,1.42,magicmap
11,61,1.52,magicmap
11,62,5.77,magicmap
11,64,11.85,magicmap
11,66,13.59,magicmap
11,7,1.06,magicmap
11,71,16.77,magicmap
11,71-1,15.99,magicmap
11,73,6.69,magicmap
11,74,5.25,magicmap
11,75,12.34,magicmap
11,75-1,12.19,magicmap
11,8,1.69,magicmap
11,80,21.96,magicmap
11,81,14.71,magicmap
11,82,5.72,magicmap
11,83,8.89,magicmap
11,84,6.98,magicmap
11,85,15.84,magicmap
11,85-1,22.57,magicmap
11,86,21.27,magicmap
11,9,0.66,magicmap
11,919,7.08,magicmap
11,942,14.48,magicmap
11,GATE,16.00,magicmap
12,1,3.75,magicmap
12,10,1.08,magicmap
12,10-1,1.23,magicmap
12,101,8.95,magicmap
12,103,7.48,magicmap
12,105-2,14.69,magicmap
12,11,0.68,magicmap
12,129,9.16,magicmap
12,13,0.38,magicmap
12,132,11.90,magicmap
12,135,10.44,magicmap
12,14,2.49,magicmap
12,140,10.13,magicmap
12,140-1,10.13,magicmap
12,140-2,10.13,magicmap
12,142,9.04,magicmap
12,143,3.55,magicmap
12,15,6.32,magicmap
12,15-1,6.99,magicmap
12,152-1,15.37,magicmap
12,153,14.77,magicmap
12,16,8.16,magicmap
12,16-1,7.53,magicmap
12,17,7.78,magicmap
12,18,6.37,magicmap
12,19,7.17,magicmap
12,2,2.18,magicmap
12,20,2.43,magicmap
12,200,9.83,magicmap
12,201,10.93,magicmap
12,203,10.24,magicmap
12,207,10.06,magicmap
12,21,5.18,magicmap
12,22,6.04,magicmap
12,220,9.58,magicmap
12,221,11.18,magicmap
12,222,10.33,magicmap
12,223,12.94,magicmap
12,24,7.25,magicmap
12,25,7.08,magicmap
12,25-1,8.02,magicmap
12,26,7.11,magicmap
12,27,7.77,magicmap
12,28,8.08,magicmap
12,29,9.73,magicmap
12,3,3.15,magicmap
12,30,7.83,magicmap
12,300,16.92,magicmap
12,301,17.99,magicmap
12,302,20.55,magicmap
12,31,8.14,magicmap
12,32,11.79,magicmap
12,32-1,10.56,magicmap
12,33,9.14,magicmap
12,34,8.07,magicmap
12,35,5.50,magicmap
12,36,8.65,magicmap
12,37,9.06,magicmap
12,38,10.02,magicmap
12,39,10.76,magicmap
12,4,2.86,magicmap
12,40,10.82,magicmap
12,43,5.93,magicmap
12,43-1,6.66,magicmap
12,43-2,6.61,magicmap
12,44-1,8.42,magicmap
12,49,7.96,magicmap
12,5,1.77,magicmap
12,50,7.27,magicmap
12,500,11.67,magicmap
12,51,8.68,magicmap
12,52,8.76,magicmap
12,52-1,9.45,magicmap
12,52-2,9.97,magicmap
12,53,7.58,magicmap
12,54,6.46,magicmap
12,55,6.72,magicmap
12,56,5.23,magicmap
12,57,12.55,magicmap
12,57-1,11.57,magicmap
12,58,12.21,magicmap
12,59,11.72,magicmap
12,59-1,12.65,magicmap
12,6,1.96,magicmap
12,61,0.97,magicmap
12,62,5.22,magicmap
12,64,11.23,magicmap
12,66,14.54,magicmap
12,7,0.80,magicmap
12,71,17.51,magicmap
12,71-1,16.00,magicmap
12,73,6.07,magicmap
12,74,5.64,magicmap
12,75,11.74,magicmap
12,75-1,11.58,magicmap
12,8,1.21,magicmap
12,80,21.97,magicmap
12,81,15.45,magicmap
12,82,6.46,magicmap
12,83,8.90,magicmap
12,84,6.60,magicmap
12,85,16.58,magicmap
12,85-1,22.58,magicmap
12,86,21.28,magicmap
12,9,0.54,magicmap
12,919,8.03,magicmap
12,942,15.43,magicmap
12,GATE,15.38,magicmap
129,1,7.86,magicmap
129,10,10.54,magicmap
129,10-1,11.47,magicmap
129,101,11.98,magicmap
129,103,9.09,magicmap
129,105-2,12.04,magicmap
129,11,9.76,magicmap
129,12,9.16,magicmap
129,13,7.27,magicmap
129,132,11.25,magicmap
129,135,7.84,magicmap
129,14,10.53,magicmap
129,140,15.45,magicmap
129,140-1,15.45,magicmap
129,140-2,15.45,magicmap
129,142,8.38,magicmap
129,143,6.62,magicmap
129,15,10.67,magicmap
129,15-1,11.34,magicmap
129,152-1,19.11,magicmap
129,153,18.51,magicmap
129,16,12.07,magicmap
129,16-1,11.38,magicmap
129,17,12.13,magicmap
129,18,5.72,magicmap
129,19,6.08,magicmap
129,2,8.06,magicmap
129,20,5.38,magicmap
129,200,0.80,magicmap
129,201,1.84,magicmap
129,203,1.85,magicmap
129,207,14.41,magicmap
129,21,4.71,magicmap
129,22,1.77,magicmap
129,220,14.18,magicmap
129,221,16.29,magicmap
129,222,14.94,magicmap
129,223,19.00,magicmap
129,24,4.14,magicmap
129,25,2.68,magicmap
129,25-1,4.52,magicmap
129,26,4.60,magicmap
129,27,0.93,magicmap
129,28,0.81,magicmap
129,29,9.08,magicmap
129,3,9.31,magicmap
129,30,2.79,magicmap
129,300,14.27,magicmap
129,301,15.34,magicmap
129,302,17.90,magicmap
129,31,1.42,magicmap
129,32,2.69,magicmap
129,32-1,2.62,magicmap
129,33,3.45,magicmap
129,34,4.18,magicmap
129,35,4.76,magicmap
129,36,5.56,magicmap
129,37,4.18,magicmap
129,38,4.85,magicmap
129,39,7.78,magicmap
129,4,9.01,magicmap
129,40,7.62,magicmap
129,43,3.49,magicmap
129,43-1,3.17,magicmap
129,43-2,2.81,magicmap
129,44-1,5.82,magicmap
129,49,13.64,magicmap
129,5,8.39,magicmap
129,50,11.62,magicmap
129,500,3.33,magicmap
129,51,13.02,magicmap
129,52,13.11,magicmap
129,52-1,13.79,magicmap
129,52-2,14.32,magicmap
129,53,13.21,magicmap
129,54,12.14,magicmap
129,55,11.85,magicmap
129,56,2.81,magicmap
129,57,17.15,magicmap
129,57-1,16.17,magicmap
129,58,16.26,magicmap
129,59,16.32,magicmap
129,59-1,17.25,magicmap
129,6,10.00,magicmap
129,61,7.59,magicmap
129,62,5.83,magicmap
129,64,11.15,magicmap
129,66,14.25,magicmap
129,7,8.80,magicmap
129,71,21.36,magicmap
129,71-1,19.74,magicmap
129,73,8.95,magicmap
129,74,10.16,magicmap
129,75,2.64,magicmap
129,75-1,2.49,magicmap
129,8,8.71,magicmap
129,80,24.51,magicmap
129,81,20.78,magicmap
129,82,12.36,magicmap
129,83,13.24,magicmap
129,84,10.95,magicmap
129,85,21.90,magicmap
129,85-1,25.12,magicmap
129,86,23.81,magicmap
129,9,9.04,magicmap
129,919,17.61,magicmap
129,942,25.01,magicmap
129,GATE,15.16,magicmap
13,1,2.35,magicmap
13,10,2.50,magicmap
13,10-1,2.65,magicmap
13,101,9.18,magicmap
13,103,7.33,magicmap
13,105-2,13.09,magicmap
13,11,1.16,magicmap
13,12,0.38,magicmap
13,129,7.27,magicmap
13,132,10.30,magicmap
13,135,8.83,magicmap
13,14,2.86,magicmap
13,140,10.50,magicmap
13,140-1,10.50,magicmap
13,140-2,10.50,magicmap
13,142,7.43,magicmap
13,143,1.94,magicmap
13,15,6.55,magicmap
13,15-1,7.22,magicmap
13,152-1,15.60,magicmap
13,153,15.00,magicmap
13,16,8.39,magicmap
13,16-1,7.76,magicmap
13,17,8.01,magicmap
13,18,4.77,magicmap
13,19,5.56,magicmap
13,2,2.41,magicmap
13,20,0.83,magicmap
13,200,7.94,magicmap
13,201,9.04,magicmap
13,203,8.35,magicmap
13,207,10.29,magicmap
13,21,3.57,magicmap
13,22,4.15,magicmap
13,220,9.81,magicmap
13,221,11.54,magicmap
13,222,10.56,magicmap
13,223,13.30,magicmap
13,24,5.68,magicmap
13,25,5.19,magicmap
13,25-1,6.12,magicmap
13,26,5.22,magicmap
13,27,5.88,magicmap
13,28,6.19,magicmap
13,29,8.13,magicmap
13,3,3.38,magicmap
13,30,5.94,magicmap
13,300,15.31,magicmap
13,301,16.38,magicmap
13,302,18.94,magicmap
13,31,6.25,magicmap
13,32,9.90,magicmap
13,32-1,8.67,magicmap
13,33,7.25,magicmap
13,34,6.43,magicmap
13,35,3.89,magicmap
13,36,7.01,magicmap
13,37,7.17,magicmap
13,38,8.41,magicmap
13,39,9.15,magicmap
13,4,3.08,magicmap
13,40,9.22,magicmap
13,43,4.04,magicmap
13,43-1,5.01,magicmap
13,43-2,4.72,magicmap
13,44-1,6.82,magicmap
13,49,8.18,magicmap
13,5,2.00,magicmap
13,50,7.50,magicmap
13,500,9.78,magicmap
13,51,8.90,magicmap
13,52,8.99,magicmap
13,52-1,9.67,magicmap
13,52-2,10.20,magicmap
13,53,7.81,magicmap
13,54,6.69,magicmap
13,55,6.95,magicmap
13,56,3.34,magicmap
13,57,12.78,magicmap
13,57-1,11.79,magicmap
13,58,12.44,magicmap
13,59,11.95,magicmap
13,59-1,12.87,magicmap
13,6,2.32,magicmap
13,61,0.74,magicmap
13,62,3.82,magicmap
13,64,11.41,magicmap
13,66,13.29,magicmap
13,7,1.01,magicmap
13,71,17.84,magicmap
13,71-1,16.23,magicmap
13,73,6.29,magicmap
13,74,5.87,magicmap
13,75,9.85,magicmap
13,75-1,9.69,magicmap
13,8,1.51,magicmap
13,80,22.20,magicmap
13,81,15.82,magicmap
13,82,6.82,magicmap
13,83,9.12,magicmap
13,84,6.83,magicmap
13,85,16.94,magicmap
13,85-1,22.81,magicmap
13,86,21.50,magicmap
13,9,0.97,magicmap
13,919,9.46,magicmap
13,942,16.85,magicmap
13,GATE,15.41,magicmap
132,1,12.86,magicmap
132,10,13.68,magicmap
132,10-1,13.46,magicmap
132,101,19.80,magicmap
132,103,17.23,magicmap
132,105-2,2.03,magicmap
132,11,13.05,magicmap
132,12,11.90,magicmap
132,129,11.25,magicmap
132,13,10.30,magicmap
132,135,5.48,magicmap
132,14,14.05,magicmap
132,140,19.23,magicmap
132,140-1,19.23,magicmap
132,140-2,19.23,magicmap
132,142,3.42,magicmap
132,143,5.68,magicmap
132,15,17.17,magicmap
132,15-1,17.85,magicmap
132,152-1,26.22,magicmap
132,153,25.62,magicmap
132,16,19.02,magicmap
132,16-1,18.39,magicmap
132,17,18.63,magicmap
132,18,6.69,magicmap
132,19,7.76,magicmap
132,2,13.06,magicmap
132,20,6.62,magicmap
132,200,11.92,magicmap
132,201,13.02,magicmap
132,203,13.47,magicmap
132,207,20.91,magicmap
132,21,6.78,magicmap
132,22,9.63,magicmap
132,220,20.69,magicmap
132,221,20.27,magicmap
132,222,21.44,magicmap
132,223,22.04,magicmap
132,24,12.76,magicmap
132,25,12.27,magicmap
132,25-1,13.20,magicmap
132,26,12.30,magicmap
132,27,10.96,magicmap
132,28,10.32,magicmap
132,29,2.30,magicmap
132,3,14.31,magicmap
132,30,9.20,magicmap
132,300,7.11,magicmap
132,301,8.17,magicmap
132,302,10.72,magicmap
132,31,10.23,magicmap
132,32,11.46,magicmap
132,32-1,11.00,magicmap
132,33,10.21,magicmap
132,34,8.31,magicmap
132,35,6.54,magicmap
132,36,7.78,magicmap
132,37,8.72,magicmap
132,38,8.66,magicmap
132,39,6.14,magicmap
132,4,14.01,magicmap
132,40,5.86,magicmap
132,43,7.35,magicmap
132,43-1,7.70,magicmap
132,43-2,7.79,magicmap
132,44-1,7.58,magicmap
132,49,19.11,magicmap
132,5,12.99,magicmap
132,50,18.13,magicmap
132,500,14.95,magicmap
132,51,19.53,magicmap
132,52,19.62,magicmap
132,52-1,20.30,magicmap
132,52-2,20.82,magicmap
132,53,18.73,magicmap
132,54,17.62,magicmap
132,55,17.88,magicmap
132,56,7.86,magicmap
132,57,23.66,magicmap
132,57-1,22.67,magicmap
132,58,23.07,magicmap
132,59,22.83,magicmap
132,59-1,23.75,magicmap
132,6,14.39,magicmap
132,61,11.72,magicmap
132,62,11.45,magicmap
132,64,20.54,magicmap
132,66,4.30,magicmap
132,7,12.93,magicmap
132,71,26.61,magicmap
132,71-1,26.15,magicmap
132,73,16.56,magicmap
132,74,16.49,magicmap
132,75,11.32,magicmap
132,75-1,12.80,magicmap
132,8,13.06,magicmap
132,80,32.52,magicmap
132,81,24.55,magicmap
132,82,15.55,magicmap
132,83,19.75,magicmap
132,84,17.45,magicmap
132,85,25.67,magicmap
132,85-1,33.14,magicmap
132,86,31.83,magicmap
132,9,12.87,magicmap
132,919,16.72,magicmap
132,942,23.30,magicmap
132,GATE,24.54,magicmap
135,1,11.34,magicmap
135,10,12.44,magicmap
135,10-1,12.59,magicmap
135,101,17.99,magicmap
135,103,15.40,magicmap
135,105-2,4.17,magicmap
135,11,11.59,magicmap
135,12,10.44,magicmap
135,129,7.84,magicmap
135,13,8.83,magicmap
135,132,5.48,magicmap
135,14,13.40,magicmap
135,140,20.15,magicmap
135,140-1,20.15,magicmap
135,140-2,20.15,magicmap
135,142,8.35,magicmap
135,143,6.84,magicmap
135,15,15.36,magicmap
135,15-1,16.04,magicmap
135,152-1,24.41,magicmap
135,153,23.81,magicmap
135,16,17.21,magicmap
135,16-1,16.58,magicmap
135,17,16.82,magicmap
135,18,4.56,magicmap
135,19,3.14,magicmap
135,2,11.54,magicmap
135,20,7.18,magicmap
135,200,7.96,magicmap
135,201,7.90,magicmap
135,203,9.95,magicmap
135,207,19.11,magicmap
135,21,5.64,magicmap
135,22,6.26,magicmap
135,220,18.88,magicmap
135,221,20.99,magicmap
135,222,19.63,magicmap
135,223,23.70,magicmap
135,24,10.54,magicmap
135,25,9.48,magicmap
135,25-1,10.99,magicmap
135,26,10.09,magicmap
135,27,7.55,magicmap
135,28,6.92,magicmap
135,29,8.64,magicmap
135,3,12.79,magicmap
135,30,4.81,magicmap
135,300,6.45,magicmap
135,301,7.52,magicmap
135,302,10.08,magicmap
135,31,6.82,magicmap
135,32,5.96,magicmap
135,32-1,5.50,magicmap
135,33,4.70,magicmap
135,34,2.80,magicmap
135,35,3.32,magicmap
135,36,2.28,magicmap
135,37,3.22,magicmap
135,38,3.15,magicmap
135,39,0.33,magicmap
135,4,12.49,magicmap
135,40,0.70,magicmap
135,43,5.38,magicmap
135,43-1,4.28,magicmap
135,43-2,4.87,magicmap
135,44-1,1.44,magicmap
135,49,17.59,magicmap
135,5,11.47,magicmap
135,50,16.32,magicmap
135,500,11.43,magicmap
135,51,17.72,magicmap
135,52,17.81,magicmap
135,52-1,18.49,magicmap
135,52-2,19.01,magicmap
135,53,17.21,magicmap
135,54,16.09,magicmap
135,55,16.36,magicmap
135,56,5.69,magicmap
135,57,21.85,magicmap
135,57-1,20.86,magicmap
135,58,21.26,magicmap
135,59,21.02,magicmap
135,59-1,21.94,magicmap
135,6,12.87,magicmap
135,61,10.20,magicmap
135,62,9.63,magicmap
135,64,18.71,magicmap
135,66,10.02,magicmap
135,7,11.41,magicmap
135,71,26.66,magicmap
135,71-1,25.05,magicmap
135,73,14.73,magicmap
135,74,14.86,magicmap
135,75,6.43,magicmap
135,75-1,7.47,magicmap
135,8,11.54,magicmap
135,80,31.01,magicmap
135,81,25.47,magicmap
135,82,16.32,magicmap
135,83,17.94,magicmap
135,84,15.64,magicmap
135,85,26.60,magicmap
135,85-1,31.63,magicmap
135,86,30.32,magicmap
135,9,11.40,magicmap
135,919,19.40,magicmap
135,942,26.79,magicmap
135,GATE,22.71,magicmap
14,1,4.04,magicmap
14,10,0.51,magicmap
14,10-1,0.99,magicmap
14,101,8.74,magicmap
14,103,7.27,magicmap
14,105-2,16.11,magicmap
14,11,1.08,magicmap
14,12,2.49,magicmap
14,129,10.53,magicmap
14,13,2.86,magicmap
14,132,14.05,magicmap
14,135,13.40,magicmap
14,140,6.85,magicmap
14,140-1,6.85,magicmap
14,140-2,6.85,magicmap
14,142,12.06,magicmap
14,143,6.57,magicmap
14,15,5.99,magicmap
14,15-1,6.78,magicmap
14,152-1,13.48,magicmap
14,153,12.88,magicmap
14,16,7.33,magicmap
14,16-1,7.18,magicmap
14,17,5.89,magicmap
14,18,9.39,magicmap
14,19,10.19,magicmap
14,2,2.70,magicmap
14,20,5.10,magicmap
14,200,11.15,magicmap
14,201,12.31,magicmap
14,203,11.24,magicmap
14,207,7.89,magicmap
14,21,7.90,magicmap
14,22,7.10,magicmap
14,220,7.28,magicmap
14,221,7.89,magicmap
14,222,8.03,magicmap
14,223,9.65,magicmap
14,24,7.56,magicmap
14,25,8.08,magicmap
14,25-1,9.01,magicmap
14,26,8.11,magicmap
14,27,8.76,magicmap
14,28,9.07,magicmap
14,29,12.75,magicmap
14,3,1.32,magicmap
14,30,9.78,magicmap
14,300,19.83,magicmap
14,301,20.90,magicmap
14,302,23.46,magicmap
14,31,9.52,magicmap
14,32,13.16,magicmap
14,32-1,11.94,magicmap
14,33,11.09,magicmap
14,34,10.54,magicmap
14,35,8.52,magicmap
14,36,11.12,magicmap
14,37,11.02,magicmap
14,38,12.53,magicmap
14,39,13.67,magicmap
14,4,2.08,magicmap
14,40,13.73,magicmap
14,43,8.06,magicmap
14,43-1,8.99,magicmap
14,43-2,8.57,magicmap
14,44-1,11.38,magicmap
14,49,5.66,magicmap
14,5,0.68,magicmap
14,50,5.38,magicmap
14,500,12.02,magicmap
14,51,6.67,magicmap
14,52,6.59,magicmap
14,52-1,7.20,magicmap
14,52-2,7.80,magicmap
14,53,5.28,magicmap
14,54,4.16,magicmap
14,55,4.43,magicmap
14,56,6.96,magicmap
14,57,10.25,magicmap
14,57-1,9.27,magicmap
14,58,10.33,magicmap
14,59,9.42,magicmap
14,59-1,10.35,magicmap
14,6,0.42,magicmap
14,61,2.45,magicmap
14,62,5.68,magicmap
14,64,11.02,magicmap
14,66,13.54,magicmap
14,7,0.84,magicmap
14,71,14.22,magicmap
14,71-1,13.77,magicmap
14,73,5.86,magicmap
14,74,3.37,magicmap
14,75,13.11,magicmap
14,75-1,12.96,magicmap
14,8,1.97,magicmap
14,80,20.08,magicmap
14,81,12.17,magicmap
14,82,3.17,magicmap
14,83,7.01,magicmap
14,84,5.10,magicmap
14,85,13.29,magicmap
14,85-1,20.69,magicmap
14,86,19.39,magicmap
14,9,0.48,magicmap
14,919,6.83,magicmap
14,942,14.22,magicmap
14,GATE,14.23,magicmap
140,1,8.21,magicmap
140,10,8.82,magicmap
140,10-1,8.96,magicmap
140,101,8.82,magicmap
140,103,8.15,magicmap
140,105-2,21.29,magicmap
140,11,9.39,magicmap
140,12,10.13,magicmap
140,129,15.45,magicmap
140,13,10.50,magicmap
140,132,19.23,magicmap
140,135,20.15,magicmap
140,14,6.85,magicmap
140,140-1,0.78,magicmap
140,140-2,0.75,magicmap
140,142,19.09,magicmap
140,143,13.60,magicmap
140,15,5.14,magicmap
140,15-1,7.29,magicmap
140,152-1,8.96,magicmap
140,153,8.36,magicmap
140,16,5.73,magicmap
140,16-1,6.34,magicmap
140,17,5.05,magicmap
140,18,16.43,magicmap
140,19,17.22,magicmap
140,2,8.11,magicmap
140,20,12.14,magicmap
140,200,14.18,magicmap
140,201,16.76,magicmap
140,203,14.27,magicmap
140,207,2.50,magicmap
140,21,14.73,magicmap
140,22,12.92,magicmap
140,220,0.40,magicmap
140,221,0.56,magicmap
140,222,1.19,magicmap
140,223,3.20,magicmap
140,24,10.47,magicmap
140,25,11.60,magicmap
140,25-1,12.04,magicmap
140,26,12.13,magicmap
140,27,13.65,magicmap
140,28,14.28,magicmap
140,29,19.37,magicmap
140,3,7.09,magicmap
140,30,15.84,magicmap
140,300,26.04,magicmap
140,301,27.10,magicmap
140,302,29.65,magicmap
140,31,15.34,magicmap
140,32,17.62,magicmap
140,32-1,17.55,magicmap
140,33,17.15,magicmap
140,34,16.63,magicmap
140,35,15.48,magicmap
140,36,17.86,magicmap
140,37,17.08,magicmap
140,38,18.59,magicmap
140,39,20.41,magicmap
140,4,7.18,magicmap
140,40,20.39,magicmap
140,43,14.81,magicmap
140,43-1,15.62,magicmap
140,43-2,15.25,magicmap
140,44-1,18.12,magicmap
140,49,0.80,magicmap
140,5,7.67,magicmap
140,50,3.75,magicmap
140,500,14.93,magicmap
140,51,3.06,magicmap
140,52,1.50,magicmap
140,52-1,1.50,magicmap
140,52-2,2.52,magicmap
140,53,1.90,magicmap
140,54,3.50,magicmap
140,55,4.10,magicmap
140,56,13.49,magicmap
140,57,3.37,magicmap
140,57-1,1.57,magicmap
140,58,4.12,magicmap
140,59,2.44,magicmap
140,59-1,3.46,magicmap
140,6,7.48,magicmap
140,61,9.39,magicmap
140,62,10.20,magicmap
140,64,11.45,magicmap
140,66,18.72,magicmap
140,7,8.30,magicmap
140,71,7.58,magicmap
140,71-1,7.13,magicmap
140,73,7.43,magicmap
140,74,5.03,magicmap
140,75,17.57,magicmap
140,75-1,17.42,magicmap
140,8,9.12,magicmap
140,80,13.50,magicmap
140,81,5.52,magicmap
140,82,3.31,magicmap
140,83,4.26,magicmap
140,84,4.71,magicmap
140,85,6.65,magicmap
140,85-1,14.12,magicmap
140,86,12.81,magicmap
140,9,8.40,magicmap
140,919,11.11,magicmap
140,942,18.50,magicmap
140,GATE,10.63,magicmap
140-1,1,8.21,magicmap
140-1,10,8.82,magicmap
140-1,10-1,8.96,magicmap
140-1,101,8.82,magicmap
140-1,103,8.15,magicmap
140-1,105-2,21.29,magicmap
140-1,11,9.39,magicmap
140-1,12,10.13,magicmap
140-1,129,15.45,magicmap
140-1,13,10.50,magicmap
140-1,132,19.23,magicmap
140-1,135,20.15,magicmap
140-1,14,6.85,magicmap
140-1,140,0.78,magicmap
140-1,140-2,0.99,magicmap
140-1,142,19.09,magicmap
140-1,143,13.60,magicmap
140-1,15,5.14,magicmap
140-1,15-1,7.29,magicmap
140-1,152-1,8.96,magicmap
140-1,153,8.36,magicmap
140-1,16,5.73,magicmap
140-1,16-1,6.34,magicmap
140-1,17,5.05,magicmap
140-1,18,16.43,magicmap
140-1,19,17.22,magicmap
140-1,2,8.11,magicmap
140-1,20,12.14,magicmap
140-1,200,14.18,magicmap
140-1,201,16.76,magicmap
140-1,203,14.27,magicmap
140-1,207,2.50,magicmap
140-1,21,14.73,magicmap
140-1,22,12.92,magicmap
140-1,220,0.40,magicmap
140-1,221,0.56,magicmap
140-1,222,1.19,magicmap
140-1,223,3.20,magicmap
140-1,24,10.47,magicmap
140-1,25,11.60,magicmap
140-1,25-1,12.04,magicmap
140-1,26,12.13,magicmap
140-1,27,13.65,magicmap
140-1,28,14.28,magicmap
140-1,29,19.37,magicmap
140-1,3,7.09,magicmap
140-1,30,15.84,magicmap
140-1,300,26.04,magicmap
140-1,301,27.10,magicmap
140-1,302,29.65,magicmap
140-1,31,15.34,magicmap
140-1,32,17.62,magicmap
140-1,32-1,17.55,magicmap
140-1,33,17.15,magicmap
140-1,34,16.63,magicmap
140-1,35,15.48,magicmap
140-1,36,17.86,magicmap
140-1,37,17.08,magicmap
140-1,38,18.59,magicmap
140-1,39,20.41,magicmap
140-1,4,7.18,magicmap
140-1,40,20.39,magicmap
140-1,43,14.81,magicmap
140-1,43-1,15.62,magicmap
140-1,43-2,15.25,magicmap
140-1,44-1,18.12,magicmap
140-1,49,0.80,magicmap
140-1,5,7.67,magicmap
140-1,50,3.75,magicmap
140-1,500,14.93,magicmap
140-1,51,3.06,magicmap
140-1,52,1.50,magicmap
140-1,52-1,1.50,magicmap
140-1,52-2,2.52,magicmap
140-1,53,1.90,magicmap
140-1,54,3.50,magicmap
140-1,55,4.10,magicmap
140-1,56,13.49,magicmap
140-1,57,3.37,magicmap
140-1,57-1,1.57,magicmap
140-1,58,4.12,magicmap
140-1,59,2.44,magicmap
140-1,59-1,3.46,magicmap
140-1,6,7.48,magicmap
140-1,61,9.39,magicmap
140-1,62,10.20,magicmap
140-1,64,11.45,magicmap
140-1,66,18.72,magicmap
140-1,7,8.30,magicmap
140-1,71,7.58,magicmap
140-1,71-1,7.13,magicmap
140-1,73,7.43,magicmap
140-1,74,5.03,magicmap
140-1,75,17.57,magicmap
140-1,75-1,17.42,magicmap
140-1,8,9.12,magicmap
140-1,80,13.50,magicmap
140-1,81,5.52,magicmap
140-1,82,3.31,magicmap
140-1,83,4.26,magicmap
140-1,84,4.71,magicmap
140-1,85,6.65,magicmap
140-1,85-1,14.12,magicmap
140-1,86,12.81,magicmap
140-1,9,8.40,magicmap
140-1,919,11.11,magicmap
140-1,942,18.50,magicmap
140-1,GATE,10.63,magicmap
140-2,1,8.21,magicmap
140-2,10,8.82,magicmap
140-2,10-1,8.96,magicmap
140-2,101,8.82,magicmap
140-2,103,8.15,magicmap
140-2,105-2,21.29,magicmap
140-2,11,9.39,magicmap
140-2,12,10.13,magicmap
140-2,129,15.45,magicmap
140-2,13,10.50,magicmap
140-2,132,19.23,magicmap
140-2,135,20.15,magicmap
140-2,14,6.85,magicmap
140-2,140,0.75,magicmap
140-2,140-1,0.99,magicmap
140-2,142,19.09,magicmap
140-2,143,13.60,magicmap
140-2,15,5.14,magicmap
140-2,15-1,7.29,magicmap
140-2,152-1,9.56,magicmap
140-2,153,8.64,magicmap
140-2,16,5.73,magicmap
140-2,16-1,6.34,magicmap
140-2,17,5.05,magicmap
140-2,18,16.43,magicmap
140-2,19,17.22,magicmap
140-2,2,8.11,magicmap
140-2,20,12.14,magicmap
140-2,200,14.18,magicmap
140-2,201,16.76,magicmap
140-2,203,14.27,magicmap
140-2,207,2.50,magicmap
140-2,21,14.73,magicmap
140-2,22,12.92,magicmap
140-2,220,0.40,magicmap
140-2,221,0.77,magicmap
140-2,222,1.19,magicmap
140-2,223,3.20,magicmap
140-2,24,10.47,magicmap
140-2,25,11.60,magicmap
140-2,25-1,12.04,magicmap
140-2,26,12.13,magicmap
140-2,27,13.65,magicmap
140-2,28,14.28,magicmap
140-2,29,19.37,magicmap
140-2,3,7.09,magicmap
140-2,30,15.84,magicmap
140-2,300,26.04,magicmap
140-2,301,27.10,magicmap
140-2,302,29.65,magicmap
140-2,31,15.34,magicmap
140-2,32,17.62,magicmap
140-2,32-1,17.55,magicmap
140-2,33,17.15,magicmap
140-2,34,16.63,magicmap
140-2,35,15.48,magicmap
140-2,36,17.86,magicmap
140-2,37,17.08,magicmap
140-2,38,18.59,magicmap
140-2,39,20.41,magicmap
140-2,4,7.18,magicmap
140-2,40,20.39,magicmap
140-2,43,14.81,magicmap
140-2,43-1,15.62,magicmap
140-2,43-2,15.25,magicmap
140-2,44-1,18.12,magicmap
140-2,49,0.80,magicmap
140-2,5,7.67,magicmap
140-2,50,3.75,magicmap
140-2,500,14.93,magicmap
140-2,51,3.06,magicmap
140-2,52,1.50,magicmap
140-2,52-1,1.50,magicmap
140-2,52-2,2.52,magicmap
140-2,53,1.90,magicmap
140-2,54,3.50,magicmap
140-2,55,4.10,magicmap
140-2,56,13.49,magicmap
140-2,57,4.07,magicmap
140-2,57-1,2.27,magicmap
140-2,58,4.81,magicmap
140-2,59,3.13,magicmap
140-2,59-1,4.16,magicmap
140-2,6,7.48,magicmap
140-2,61,9.39,magicmap
140-2,62,10.20,magicmap
140-2,64,11.45,magicmap
140-2,66,18.72,magicmap
140-2,7,8.30,magicmap
140-2,71,7.77,magicmap
140-2,71-1,7.32,magicmap
140-2,73,7.43,magicmap
140-2,74,5.03,magicmap
140-2,75,17.57,magicmap
140-2,75-1,17.42,magicmap
140-2,8,9.12,magicmap
140-2,80,13.69,magicmap
140-2,81,5.71,magicmap
140-2,82,3.31,magicmap
140-2,83,4.26,magicmap
140-2,84,4.71,magicmap
140-2,85,6.84,magicmap
140-2,85-1,14.31,magicmap
140-2,86,13.00,magicmap
140-2,9,8.40,magicmap
140-2,919,11.11,magicmap
140-2,942,18.50,magicmap
140-2,GATE,11.33,magicmap
142,1,10.00,magicmap
142,10,11.04,magicmap
142,10-1,11.19,magicmap
142,101,16.94,magicmap
142,103,14.37,magicmap
142,105-2,6.43,magicmap
142,11,10.19,magicmap
142,12,9.04,magicmap
142,129,8.38,magicmap
142,13,7.43,magicmap
142,132,3.42,magicmap
142,135,8.35,magicmap
142,14,12.06,magicmap
142,140,19.09,magicmap
142,140-1,19.09,magicmap
142,140-2,19.09,magicmap
142,143,2.81,magicmap
142,15,14.31,magicmap
142,15-1,14.98,magicmap
142,152-1,23.36,magicmap
142,153,22.76,magicmap
142,16,16.15,magicmap
142,16-1,15.53,magicmap
142,17,15.77,magicmap
142,18,3.83,magicmap
142,19,4.90,magicmap
142,2,10.20,magicmap
142,20,3.76,magicmap
142,200,9.06,magicmap
142,201,10.16,magicmap
142,203,10.61,magicmap
142,207,18.05,magicmap
142,21,3.91,magicmap
142,22,6.76,magicmap
142,220,17.83,magicmap
142,221,19.93,magicmap
142,222,18.58,magicmap
142,223,22.00,magicmap
142,24,9.89,magicmap
142,25,9.41,magicmap
142,25-1,10.34,magicmap
142,26,9.44,magicmap
142,27,8.09,magicmap
142,28,7.46,magicmap
142,29,1.26,magicmap
142,3,11.44,magicmap
142,30,6.34,magicmap
142,300,11.17,magicmap
142,301,12.24,magicmap
142,302,14.78,magicmap
142,31,7.37,magicmap
142,32,10.74,magicmap
142,32-1,9.79,magicmap
142,33,7.62,magicmap
142,34,6.17,magicmap
142,35,3.68,magicmap
142,36,6.58,magicmap
142,37,7.54,magicmap
142,38,7.93,magicmap
142,39,8.67,magicmap
142,4,11.15,magicmap
142,40,8.74,magicmap
142,43,4.49,magicmap
142,43-1,4.83,magicmap
142,43-2,4.93,magicmap
142,44-1,6.34,magicmap
142,49,16.25,magicmap
142,5,10.13,magicmap
142,50,15.27,magicmap
142,500,12.09,magicmap
142,51,16.67,magicmap
142,52,16.75,magicmap
142,52-1,17.44,magicmap
142,52-2,17.96,magicmap
142,53,15.87,magicmap
142,54,14.75,magicmap
142,55,15.02,magicmap
142,56,4.99,magicmap
142,57,20.80,magicmap
142,57-1,19.81,magicmap
142,58,20.21,magicmap
142,59,19.96,magicmap
142,59-1,20.89,magicmap
142,6,11.53,magicmap
142,61,8.85,magicmap
142,62,8.59,magicmap
142,64,17.67,magicmap
142,66,0.85,magicmap
142,7,10.07,magicmap
142,71,25.61,magicmap
142,71-1,23.99,magicmap
142,73,13.69,magicmap
142,74,13.63,magicmap
142,75,10.96,magicmap
142,75-1,10.81,magicmap
142,8,10.20,magicmap
142,80,29.96,magicmap
142,81,24.42,magicmap
142,82,14.97,magicmap
142,83,16.89,magicmap
142,84,14.59,magicmap
142,85,25.54,magicmap
142,85-1,30.57,magicmap
142,86,29.27,magicmap
142,9,10.00,magicmap
142,919,16.69,magicmap
142,942,23.27,magicmap
142,GATE,21.68,magicmap
143,1,4.51,magicmap
143,10,5.55,magicmap
143,10-1,5.70,magicmap
143,101,11.45,magicmap
143,103,9.48,magicmap
143,105-2,8.68,magicmap
143,11,4.70,magicmap
143,12,3.55,magicmap
143,129,6.62,magicmap
143,13,1.94,magicmap
143,132,5.68,magicmap
143,135,6.84,magicmap
143,14,6.57,magicmap
143,140,13.60,magicmap
143,140-1,13.60,magicmap
143,140-2,13.60,magicmap
143,142,2.81,magicmap
143,15,8.82,magicmap
143,15-1,9.49,magicmap
143,152-1,17.87,magicmap
143,153,17.27,magicmap
143,16,10.66,magicmap
143,16-1,10.03,magicmap
143,17,10.28,magicmap
143,18,2.52,magicmap
143,19,3.57,magicmap
143,2,4.70,magicmap
143,20,0.31,magicmap
143,200,7.29,magicmap
143,201,8.39,magicmap
143,203,8.84,magicmap
143,207,12.56,magicmap
143,21,1.80,magicmap
143,22,5.00,magicmap
143,220,12.33,magicmap
143,221,14.44,magicmap
143,222,13.09,magicmap
143,223,17.01,magicmap
143,24,7.57,magicmap
143,25,7.08,magicmap
143,25-1,8.02,magicmap
143,26,7.11,magicmap
143,27,6.33,magicmap
143,28,5.69,magicmap
143,29,3.51,magicmap
143,3,5.95,magicmap
143,30,4.57,magicmap
143,300,13.32,magicmap
143,301,14.39,magicmap
143,302,16.95,magicmap
143,31,5.60,magicmap
143,32,9.23,magicmap
143,32-1,8.02,magicmap
143,33,5.85,magicmap
143,34,4.48,magicmap
143,35,1.91,magicmap
143,36,5.06,magicmap
143,37,5.78,magicmap
143,38,6.42,magicmap
143,39,7.16,magicmap
143,4,5.66,magicmap
143,40,7.23,magicmap
143,43,2.72,magicmap
143,43-1,3.07,magicmap
143,43-2,3.16,magicmap
143,44-1,4.83,magicmap
143,49,10.76,magicmap
143,5,4.64,magicmap
143,50,9.77,magicmap
143,500,10.32,magicmap
143,51,11.18,magicmap
143,52,11.26,magicmap
143,52-1,11.95,magicmap
143,52-2,12.47,magicmap
143,53,10.38,magicmap
143,54,9.26,magicmap
143,55,9.52,magicmap
143,56,3.23,magicmap
143,57,15.30,magicmap
143,57-1,14.32,magicmap
143,58,14.71,magicmap
143,59,14.47,magicmap
143,59-1,15.40,magicmap
143,6,6.03,magicmap
143,61,3.36,magicmap
143,62,5.98,magicmap
143,64,13.57,magicmap
143,66,8.68,magicmap
143,7,4.58,magicmap
143,71,20.12,magicmap
143,71-1,18.50,magicmap
143,73,8.57,magicmap
143,74,8.14,magicmap
143,75,9.20,magicmap
143,75-1,9.04,magicmap
143,8,4.70,magicmap
143,80,24.47,magicmap
143,81,18.93,magicmap
143,82,9.48,magicmap
143,83,11.40,magicmap
143,84,9.10,magicmap
143,85,20.05,magicmap
143,85-1,25.08,magicmap
143,86,23.78,magicmap
143,9,4.51,magicmap
143,919,12.51,magicmap
143,942,19.90,magicmap
143,GATE,17.57,magicmap
15,1,3.43,magicmap
15,10,7.20,magicmap
15,10-1,7.82,magicmap
15,101,2.78,magicmap
15,103,1.44,magicmap
15,105-2,19.57,magicmap
15,11,6.94,magicmap
15,12,6.32,magicmap
15,129,10.67,magicmap
15,13,6.55,magicmap
15,132,17.17,magicmap
15,135,15.36,magicmap
15,14,5.99,magicmap
15,140,5.14,magicmap
15,140-1,5.14,magicmap
15,140-2,5.14,magicmap
15,142,14.31,magicmap
15,143,8.82,magicmap
15,15-1,0.88,magicmap
15,152-1,8.42,magicmap
15,153,7.82,magicmap
15,16,1.24,magicmap
15,16-1,1.09,magicmap
15,17,0.22,magicmap
15,18,11.64,magicmap
15,19,12.44,magicmap
15,2,3.32,magicmap
15,20,7.35,magicmap
15,200,9.39,magicmap
15,201,11.98,magicmap
15,203,9.48,magicmap
15,207,3.65,magicmap
15,21,9.95,magicmap
15,22,8.14,magicmap
15,220,3.88,magicmap
15,221,5.98,magicmap
15,222,4.41,magicmap
15,223,8.69,magicmap
15,24,5.68,magicmap
15,25,6.81,magicmap
15,25-1,7.25,magicmap
15,26,7.35,magicmap
15,27,8.87,magicmap
15,28,9.49,magicmap
15,29,15.01,magicmap
15,3,4.37,magicmap
15,30,11.06,magicmap
15,300,21.79,magicmap
15,301,22.86,magicmap
15,302,25.42,magicmap
15,31,10.55,magicmap
15,32,12.84,magicmap
15,32-1,12.77,magicmap
15,33,12.37,magicmap
15,34,11.84,magicmap
15,35,10.70,magicmap
15,36,13.08,magicmap
15,37,12.29,magicmap
15,38,13.80,magicmap
15,39,15.63,magicmap
15,4,3.98,magicmap
15,40,15.60,magicmap
15,43,10.02,magicmap
15,43-1,10.83,magicmap
15,43-2,10.47,magicmap
15,44-1,13.34,magicmap
15,49,3.94,magicmap
15,5,4.70,magicmap
15,50,0.83,magicmap
15,500,9.74,magicmap
15,51,2.31,magicmap
15,52,2.68,magicmap
15,52-1,3.36,magicmap
15,52-2,3.56,magicmap
15,53,2.90,magicmap
15,54,2.01,magicmap
15,55,1.71,magicmap
15,56,8.71,magicmap
15,57,6.63,magicmap
15,57-1,5.64,magicmap
15,58,5.27,magicmap
15,59,5.79,magicmap
15,59-1,6.72,magicmap
15,6,5.51,magicmap
15,61,4.86,magicmap
15,62,5.42,magicmap
15,64,5.06,magicmap
15,66,19.17,magicmap
15,7,5.43,magicmap
15,71,10.67,magicmap
15,71-1,9.05,magicmap
15,73,1.14,magicmap
15,74,1.91,magicmap
15,75,12.79,magicmap
15,75-1,12.63,magicmap
15,8,5.01,magicmap
15,80,15.02,magicmap
15,81,10.47,magicmap
15,82,3.35,magicmap
15,83,1.95,magicmap
15,84,0.46,magicmap
15,85,11.60,magicmap
15,85-1,15.64,magicmap
15,86,14.33,magicmap
15,9,6.13,magicmap
15,919,11.55,magicmap
15,942,18.95,magicmap
15,GATE,9.17,magicmap
15-1,1,4.10,magicmap
15-1,10,8.00,magicmap
15-1,10-1,8.61,magicmap
15-1,101,2.10,magicmap
15-1,103,1.33,magicmap
15-1,105-2,20.24,magicmap
15-1,11,7.61,magicmap
15-1,12,6.99,magicmap
15-1,129,11.34,magicmap
15-1,13,7.22,magicmap
15-1,132,17.85,magicmap
15-1,135,16.04,magicmap
15-1,14,6.78,magicmap
15-1,140,7.29,magicmap
15-1,140-1,7.29,magicmap
15-1,140-2,7.29,magicmap
15-1,142,14.98,magicmap
15-1,143,9.49,magicmap
15-1,15,0.88,magicmap
15-1,152-1,10.43,magicmap
15-1,153,9.83,magicmap
15-1,16,0.81,magicmap
15-1,16-1,0.65,magicmap
15-1,17,1.73,magicmap
15-1,18,12.31,magicmap
15-1,19,13.11,magicmap
15-1,2,4.00,magicmap
15-1,20,8.03,magicmap
15-1,200,10.07,magicmap
15-1,201,12.65,magicmap
15-1,203,10.15,magicmap
15-1,207,5.73,magicmap
15-1,21,10.62,magicmap
15-1,22,8.81,magicmap
15-1,220,6.02,magicmap
15-1,221,8.13,magicmap
15-1,222,6.50,magicmap
15-1,223,10.84,magicmap
15-1,24,6.36,magicmap
15-1,25,7.49,magicmap
15-1,25-1,7.92,magicmap
15-1,26,8.02,magicmap
15-1,27,9.54,magicmap
15-1,28,10.16,magicmap
15-1,29,15.68,magicmap
15-1,3,5.04,magicmap
15-1,30,11.73,magicmap
15-1,300,22.46,magicmap
15-1,301,23.53,magicmap
15-1,302,26.09,magicmap
15-1,31,11.23,magicmap
15-1,32,13.51,magicmap
15-1,32-1,13.44,magicmap
15-1,33,13.04,magicmap
15-1,34,12.52,magicmap
15-1,35,11.37,magicmap
15-1,36,13.75,magicmap
15-1,37,12.96,magicmap
15-1,38,14.48,magicmap
15-1,39,16.30,magicmap
15-1,4,4.65,magicmap
15-1,40,16.27,magicmap
15-1,43,10.70,magicmap
15-1,43-1,11.50,magicmap
15-1,43-2,11.14,magicmap
15-1,44-1,14.01,magicmap
15-1,49,6.09,magicmap
15-1,5,5.37,magicmap
15-1,50,2.98,magicmap
15-1,500,9.32,magicmap
15-1,51,4.40,magicmap
15-1,52,4.83,magicmap
15-1,52-1,5.48,magicmap
15-1,52-2,5.65,magicmap
15-1,53,5.05,magicmap
15-1,54,4.16,magicmap
15-1,55,3.85,magicmap
15-1,56,9.38,magicmap
15-1,57,8.72,magicmap
15-1,57-1,7.73,magicmap
15-1,58,6.00,magicmap
15-1,59,7.88,magicmap
15-1,59-1,8.81,magicmap
15-1,6,6.31,magicmap
15-1,61,5.53,magicmap
15-1,62,6.09,magicmap
15-1,64,4.63,magicmap
15-1,66,20.84,magicmap
15-1,7,6.10,magicmap
15-1,71,12.68,magicmap
15-1,71-1,11.06,magicmap
15-1,73,1.42,magicmap
15-1,74,4.05,magicmap
15-1,75,13.46,magicmap
15-1,75-1,13.30,magicmap
15-1,8,5.68,magicmap
15-1,80,17.03,magicmap
15-1,81,12.62,magicmap
15-1,82,5.50,magicmap
15-1,83,4.04,magicmap
15-1,84,1.96,magicmap
15-1,85,13.74,magicmap
15-1,85-1,17.65,magicmap
15-1,86,16.34,magicmap
15-1,9,6.80,magicmap
15-1,919,13.70,magicmap
15-1,942,21.09,magicmap
15-1,GATE,8.79,magicmap
152-1,1,12.48,magicmap
152-1,10,14.70,magicmap
152-1,10-1,15.31,magicmap
152-1,101,8.58,magicmap
152-1,103,10.08,magicmap
152-1,105-2,28.62,magicmap
152-1,11,15.36,magicmap
152-1,12,15.37,magicmap
152-1,129,19.11,magicmap
152-1,13,15.60,magicmap
152-1,132,26.22,magicmap
152-1,135,24.41,magicmap
152-1,14,13.48,magicmap
152-1,140,8.96,magicmap
152-1,140-1,8.96,magicmap
152-1,140-2,9.56,magicmap
152-1,142,23.36,magicmap
152-1,143,17.87,magicmap
152-1,15,8.42,magicmap
152-1,15-1,10.43,magicmap
152-1,153,1.58,magicmap
152-1,16,4.93,magicmap
152-1,16-1,9.50,magicmap
152-1,17,8.02,magicmap
152-1,18,20.69,magicmap
152-1,19,21.49,magicmap
152-1,2,12.37,magicmap
152-1,20,16.40,magicmap
152-1,200,17.95,magicmap
152-1,201,20.42,magicmap
152-1,203,17.92,magicmap
152-1,207,6.93,magicmap
152-1,21,18.99,magicmap
152-1,22,17.19,magicmap
152-1,220,6.85,magicmap
152-1,221,8.58,magicmap
152-1,222,6.40,magicmap
152-1,223,7.54,magicmap
152-1,24,14.73,magicmap
152-1,25,15.86,magicmap
152-1,25-1,16.30,magicmap
152-1,26,16.40,magicmap
152-1,27,17.92,magicmap
152-1,28,18.54,magicmap
152-1,29,24.05,magicmap
152-1,3,12.01,magicmap
152-1,30,20.11,magicmap
152-1,300,30.84,magicmap
152-1,301,31.91,magicmap
152-1,302,34.47,magicmap
152-1,31,19.60,magicmap
152-1,32,21.28,magicmap
152-1,32-1,21.21,magicmap
152-1,33,21.42,magicmap
152-1,34,20.89,magicmap
152-1,35,19.75,magicmap
152-1,36,22.13,magicmap
152-1,37,21.34,magicmap
152-1,38,22.85,magicmap
152-1,39,24.68,magicmap
152-1,4,12.10,magicmap
152-1,40,24.65,magicmap
152-1,43,19.07,magicmap
152-1,43-1,19.88,magicmap
152-1,43-2,19.52,magicmap
152-1,44-1,22.39,magicmap
152-1,49,9.81,magicmap
152-1,5,12.60,magicmap
152-1,50,7.30,magicmap
152-1,500,16.30,magicmap
152-1,51,6.96,magicmap
152-1,52,7.80,magicmap
152-1,52-1,7.74,magicmap
152-1,52-2,7.56,magicmap
152-1,53,9.43,magicmap
152-1,54,9.06,magicmap
152-1,55,8.92,magicmap
152-1,56,17.76,magicmap
152-1,57,4.67,magicmap
152-1,57-1,4.86,magicmap
152-1,58,2.25,magicmap
152-1,59,4.60,magicmap
152-1,59-1,4.60,magicmap
152-1,6,13.01,magicmap
152-1,61,13.91,magicmap
152-1,62,14.46,magicmap
152-1,64,8.25,magicmap
152-1,66,26.66,magicmap
152-1,7,13.59,magicmap
152-1,71,5.65,magicmap
152-1,71-1,4.04,magicmap
152-1,73,10.65,magicmap
152-1,74,9.40,magicmap
152-1,75,21.23,magicmap
152-1,75-1,21.08,magicmap
152-1,8,14.06,magicmap
152-1,80,7.28,magicmap
152-1,81,7.06,magicmap
152-1,82,10.84,magicmap
152-1,83,6.54,magicmap
152-1,84,8.60,magicmap
152-1,85,8.18,magicmap
152-1,85-1,7.90,magicmap
152-1,86,6.59,magicmap
152-1,9,14.36,magicmap
152-1,919,19.04,magicmap
152-1,942,26.44,magicmap
152-1,GATE,5.50,magicmap
153,1,11.88,magicmap
153,10,14.10,magicmap
153,10-1,14.71,magicmap
153,101,7.99,magicmap
153,103,9.48,magicmap
153,105-2,28.02,magicmap
153,11,14.76,magicmap
153,12,14.77,magicmap
153,129,18.51,magicmap
153,13,15.00,magicmap
153,132,25.62,magicmap
153,135,23.81,magicmap
153,14,12.88,magicmap
153,140,8.36,magicmap
153,140-1,8.36,magicmap
153,140-2,8.64,magicmap
153,142,22.76,magicmap
153,143,17.27,magicmap
153,15,7.82,magicmap
153,15-1,9.83,magicmap
153,152-1,1.58,magicmap
153,16,4.33,magicmap
153,16-1,8.90,magicmap
153,17,7.42,magicmap
153,18,20.09,magicmap
153,19,20.89,magicmap
153,2,11.77,magicmap
153,20,15.80,magicmap
153,200,17.35,magicmap
153,201,19.83,magicmap
153,203,17.33,magicmap
153,207,6.33,magicmap
153,21,18.40,magicmap
153,22,16.59,magicmap
153,220,6.25,magicmap
153,221,7.70,magicmap
153,222,5.80,magicmap
153,223,6.62,magicmap
153,24,14.14,magicmap
153,25,15.26,magicmap
153,25-1,15.70,magicmap
153,26,15.80,magicmap
153,27,17.32,magicmap
153,28,17.94,magicmap
153,29,23.46,magicmap
153,3,11.42,magicmap
153,30,19.51,magicmap
153,300,30.24,magicmap
153,301,31.31,magicmap
153,302,33.87,magicmap
153,31,19.00,magicmap
153,32,20.68,magicmap
153,32-1,20.61,magicmap
153,33,20.82,magicmap
153,34,20.29,magicmap
153,35,19.15,magicmap
153,36,21.53,magicmap
153,37,20.74,magicmap
153,38,22.25,magicmap
153,39,24.08,magicmap
153,4,11.51,magicmap
153,40,24.05,magicmap
153,43,18.47,magicmap
153,43-1,19.28,magicmap
153,43-2,18.92,magicmap
153,44-1,21.79,magicmap
153,49,9.22,magicmap
153,5,12.00,magicmap
153,50,6.70,magicmap
153,500,15.70,magicmap
153,51,6.36,magicmap
153,52,7.20,magicmap
153,52-1,7.14,magicmap
153,52-2,6.96,magicmap
153,53,8.83,magicmap
153,54,8.47,magicmap
153,55,8.33,magicmap
153,56,17.16,magicmap
153,57,3.75,magicmap
153,57-1,3.93,magicmap
153,58,1.51,magicmap
153,59,3.67,magicmap
153,59-1,3.67,magicmap
153,6,12.41,magicmap
153,61,13.31,magicmap
153,62,13.87,magicmap
153,64,7.65,magicmap
153,66,26.06,magicmap
153,7,12.99,magicmap
153,71,4.73,magicmap
153,71-1,3.11,magicmap
153,73,10.05,magicmap
153,74,8.81,magicmap
153,75,20.63,magicmap
153,75-1,20.48,magicmap
153,8,13.46,magicmap
153,80,7.63,magicmap
153,81,6.13,magicmap
153,82,10.24,magicmap
153,83,5.94,magicmap
153,84,8.00,magicmap
153,85,7.25,magicmap
153,85-1,8.25,magicmap
153,86,6.94,magicmap
153,9,13.76,magicmap
153,919,18.45,magicmap
153,942,25.84,magicmap
153,GATE,4.98,magicmap
16,1,5.27,magicmap
16,10,8.55,magicmap
16,10-1,9.16,magicmap
16,101,0.58,magicmap
16,103,1.35,magicmap
16,105-2,21.41,magicmap
16,11,8.78,magicmap
16,12,8.16,magicmap
16,129,12.07,magicmap
16,13,8.39,magicmap
16,132,19.02,magicmap
16,135,17.21,magicmap
16,14,7.33,magicmap
16,140,5.73,magicmap
16,140-1,5.73,magicmap
16,140-2,5.73,magicmap
16,142,16.15,magicmap
16,143,10.66,magicmap
16,15,1.24,magicmap
16,15-1,0.81,magicmap
16,152-1,4.93,magicmap
16,153,4.33,magicmap
16,16-1,0.20,magicmap
16,17,0.93,magicmap
16,18,13.48,magicmap
16,19,14.28,magicmap
16,2,5.17,magicmap
16,20,9.20,magicmap
16,200,10.91,magicmap
16,201,13.39,magicmap
16,203,10.89,magicmap
16,207,2.35,magicmap
16,21,11.79,magicmap
16,22,9.98,magicmap
16,220,4.12,magicmap
16,221,5.84,magicmap
16,222,3.66,magicmap
16,223,8.55,magicmap
16,24,7.50,magicmap
16,25,8.66,magicmap
16,25-1,9.05,magicmap
16,26,9.19,magicmap
16,27,10.71,magicmap
16,28,11.34,magicmap
16,29,16.85,magicmap
16,3,5.87,magicmap
16,30,12.90,magicmap
16,300,23.64,magicmap
16,301,24.70,magicmap
16,302,27.26,magicmap
16,31,12.40,magicmap
16,32,14.25,magicmap
16,32-1,14.17,magicmap
16,33,14.21,magicmap
16,34,13.69,magicmap
16,35,12.54,magicmap
16,36,14.92,magicmap
16,37,14.14,magicmap
16,38,15.65,magicmap
16,39,17.47,magicmap
16,4,5.82,magicmap
16,40,17.44,magicmap
16,43,11.87,magicmap
16,43-1,12.67,magicmap
16,43-2,12.31,magicmap
16,44-1,15.18,magicmap
16,49,5.29,magicmap
16,5,6.46,magicmap
16,50,2.18,magicmap
16,500,9.26,magicmap
16,51,2.38,magicmap
16,52,3.22,magicmap
16,52-1,3.16,magicmap
16,52-2,3.33,magicmap
16,53,4.25,magicmap
16,54,3.36,magicmap
16,55,3.05,magicmap
16,56,10.55,magicmap
16,57,4.56,magicmap
16,57-1,4.32,magicmap
16,58,1.78,magicmap
16,59,3.57,magicmap
16,59-1,3.74,magicmap
16,6,6.86,magicmap
16,61,6.70,magicmap
16,62,7.26,magicmap
16,64,3.31,magicmap
16,66,20.51,magicmap
16,7,7.27,magicmap
16,71,7.18,magicmap
16,71-1,5.57,magicmap
16,73,2.59,magicmap
16,74,3.26,magicmap
16,75,14.19,magicmap
16,75-1,14.04,magicmap
16,8,6.85,magicmap
16,80,11.53,magicmap
16,81,8.58,magicmap
16,82,4.70,magicmap
16,83,1.70,magicmap
16,84,1.48,magicmap
16,85,9.71,magicmap
16,85-1,12.15,magicmap
16,86,10.84,magicmap
16,9,7.97,magicmap
16,919,12.90,magicmap
16,942,20.29,magicmap
16,GATE,5.67,magicmap
16-1,1,4.65,magicmap
16-1,10,8.40,magicmap
16-1,10-1,9.01,magicmap
16-1,101,1.03,magicmap
16-1,103,0.75,magicmap
16-1,105-2,20.78,magicmap
16-1,11,8.15,magicmap
16-1,12,7.53,magicmap
16-1,129,11.38,magicmap
16-1,13,7.76,magicmap
16-1,132,18.39,magicmap
16-1,135,16.58,magicmap
16-1,14,7.18,magicmap
16-1,140,6.34,magicmap
16-1,140-1,6.34,magicmap
16-1,140-2,6.34,magicmap
16-1,142,15.53,magicmap
16-1,143,10.03,magicmap
16-1,15,1.09,magicmap
16-1,15-1,0.65,magicmap
16-1,152-1,9.50,magicmap
16-1,153,8.90,magicmap
16-1,16,0.20,magicmap
16-1,17,0.82,magicmap
16-1,18,12.86,magicmap
16-1,19,13.66,magicmap
16-1,2,4.54,magicmap
16-1,20,8.57,magicmap
16-1,200,10.22,magicmap
16-1,201,12.70,magicmap
16-1,203,10.20,magicmap
16-1,207,4.78,magicmap
16-1,21,11.16,magicmap
16-1,22,9.36,magicmap
16-1,220,5.07,magicmap
16-1,221,7.18,magicmap
16-1,222,5.55,magicmap
16-1,223,9.89,magicmap
16-1,24,6.62,magicmap
16-1,25,8.03,magicmap
16-1,25-1,8.18,magicmap
16-1,26,8.57,magicmap
16-1,27,10.08,magicmap
16-1,28,10.71,magicmap
16-1,29,16.22,magicmap
16-1,3,5.58,magicmap
16-1,30,12.27,magicmap
16-1,300,23.01,magicmap
16-1,301,24.08,magicmap
16-1,302,26.64,magicmap
16-1,31,11.77,magicmap
16-1,32,13.56,magicmap
16-1,32-1,13.48,magicmap
16-1,33,13.58,magicmap
16-1,34,13.06,magicmap
16-1,35,11.92,magicmap
16-1,36,14.30,magicmap
16-1,37,13.51,magicmap
16-1,38,15.02,magicmap
16-1,39,16.85,magicmap
16-1,4,5.20,magicmap
16-1,40,16.82,magicmap
16-1,43,11.24,magicmap
16-1,43-1,12.05,magicmap
16-1,43-2,11.69,magicmap
16-1,44-1,14.56,magicmap
16-1,49,5.14,magicmap
16-1,5,5.91,magicmap
16-1,50,2.03,magicmap
16-1,500,8.57,magicmap
16-1,51,3.45,magicmap
16-1,52,3.87,magicmap
16-1,52-1,4.53,magicmap
16-1,52-2,4.70,magicmap
16-1,53,4.10,magicmap
16-1,54,3.21,magicmap
16-1,55,2.90,magicmap
16-1,56,9.92,magicmap
16-1,57,7.76,magicmap
16-1,57-1,6.78,magicmap
16-1,58,5.06,magicmap
16-1,59,6.93,magicmap
16-1,59-1,7.86,magicmap
16-1,6,6.71,magicmap
16-1,61,6.07,magicmap
16-1,62,6.63,magicmap
16-1,64,3.60,magicmap
16-1,66,20.36,magicmap
16-1,7,6.64,magicmap
16-1,71,11.75,magicmap
16-1,71-1,10.13,magicmap
16-1,73,1.96,magicmap
16-1,74,3.11,magicmap
16-1,75,13.50,magicmap
16-1,75-1,13.35,magicmap
16-1,8,6.23,magicmap
16-1,80,16.10,magicmap
16-1,81,11.67,magicmap
16-1,82,4.55,magicmap
16-1,83,3.09,magicmap
16-1,84,1.33,magicmap
16-1,85,12.79,magicmap
16-1,85-1,16.71,magicmap
16-1,86,15.41,magicmap
16-1,9,7.34,magicmap
16-1,919,12.75,magicmap
16-1,942,20.14,magicmap
16-1,GATE,7.76,magicmap
17,1,4.89,magicmap
17,10,7.11,magicmap
17,10-1,7.72,magicmap
17,101,3.62,magicmap
17,103,2.59,magicmap
17,105-2,21.03,magicmap
17,11,7.77,magicmap
17,12,7.78,magicmap
17,129,12.13,magicmap
17,13,8.01,magicmap
17,132,18.63,magicmap
17,135,16.82,magicmap
17,14,5.89,magicmap
17,140,5.05,magicmap
17,140-1,5.05,magicmap
17,140-2,5.05,magicmap
17,142,15.77,magicmap
17,143,10.28,magicmap
17,15,0.22,magicmap
17,15-1,1.73,magicmap
17,152-1,8.02,magicmap
17,153,7.42,magicmap
17,16,0.93,magicmap
17,16-1,0.82,magicmap
17,18,13.10,magicmap
17,19,13.90,magicmap
17,2,4.78,magicmap
17,20,8.81,magicmap
17,200,10.85,magicmap
17,201,13.44,magicmap
17,203,10.94,magicmap
17,207,3.25,magicmap
17,21,11.40,magicmap
17,22,9.60,magicmap
17,220,3.78,magicmap
17,221,5.88,magicmap
17,222,4.01,magicmap
17,223,8.59,magicmap
17,24,7.14,magicmap
17,25,8.27,magicmap
17,25-1,8.71,magicmap
17,26,8.81,magicmap
17,27,10.33,magicmap
17,28,10.95,magicmap
17,29,16.46,magicmap
17,3,4.42,magicmap
17,30,12.52,magicmap
17,300,23.25,magicmap
17,301,24.32,magicmap
17,302,26.88,magicmap
17,31,12.01,magicmap
17,32,14.30,magicmap
17,32-1,14.23,magicmap
17,33,13.83,magicmap
17,34,13.30,magicmap
17,35,12.16,magicmap
17,36,14.54,magicmap
17,37,13.75,magicmap
17,38,15.26,magicmap
17,39,17.09,magicmap
17,4,4.51,magicmap
17,40,17.06,magicmap
17,43,11.48,magicmap
17,43-1,12.29,magicmap
17,43-2,11.93,magicmap
17,44-1,14.80,magicmap
17,49,3.84,magicmap
17,5,5.01,magicmap
17,50,0.73,magicmap
17,500,10.57,magicmap
17,51,1.91,magicmap
17,52,2.58,magicmap
17,52-1,2.99,magicmap
17,52-2,3.16,magicmap
17,53,2.81,magicmap
17,54,1.91,magicmap
17,55,1.61,magicmap
17,56,10.17,magicmap
17,57,6.23,magicmap
17,57-1,5.24,magicmap
17,58,4.87,magicmap
17,59,5.40,magicmap
17,59-1,6.32,magicmap
17,6,5.42,magicmap
17,61,6.32,magicmap
17,62,6.88,magicmap
17,64,5.89,magicmap
17,66,19.07,magicmap
17,7,6.00,magicmap
17,71,10.27,magicmap
17,71-1,8.66,magicmap
17,73,2.51,magicmap
17,74,1.82,magicmap
17,75,14.25,magicmap
17,75-1,14.09,magicmap
17,8,6.47,magicmap
17,80,14.62,magicmap
17,81,10.37,magicmap
17,82,3.25,magicmap
17,83,1.55,magicmap
17,84,0.61,magicmap
17,85,11.50,magicmap
17,85-1,15.24,magicmap
17,86,13.93,magicmap
17,9,6.77,magicmap
17,919,11.46,magicmap
17,942,18.85,magicmap
17,GATE,8.78,magicmap
18,1,7.33,magicmap
18,10,8.37,magicmap
18,10-1,8.53,magicmap
18,101,14.27,magicmap
18,103,11.70,magicmap
18,105-2,8.82,magicmap
18,11,7.52,magicmap
18,12,6.37,magicmap
18,129,5.72,magicmap
18,13,4.77,magicmap
18,132,6.69,magicmap
18,135,4.56,magicmap
18,14,9.39,magicmap
18,140,16.43,magicmap
18,140-1,16.43,magicmap
18,140-2,16.43,magicmap
18,142,3.83,magicmap
18,143,2.52,magicmap
18,15,11.64,magicmap
18,15-1,12.31,magicmap
18,152-1,20.69,magicmap
18,153,20.09,magicmap
18,16,13.48,magicmap
18,16-1,12.86,magicmap
18,17,13.10,magicmap
18,19,1.15,magicmap
18,2,7.53,magicmap
18,20,3.12,magicmap
18,200,6.39,magicmap
18,201,7.49,magicmap
18,203,7.94,magicmap
18,207,15.38,magicmap
18,21,1.57,magicmap
18,22,4.09,magicmap
18,220,15.16,magicmap
18,221,17.26,magicmap
18,222,15.91,magicmap
18,223,19.84,magicmap
18,24,7.22,magicmap
18,25,6.74,magicmap
18,25-1,7.67,magicmap
18,26,6.77,magicmap
18,27,5.42,magicmap
18,28,4.79,magicmap
18,29,4.53,magicmap
18,3,8.77,magicmap
18,30,3.67,magicmap
18,300,11.05,magicmap
18,301,12.11,magicmap
18,302,14.67,magicmap
18,31,4.70,magicmap
18,32,6.95,magicmap
18,32-1,6.49,magicmap
18,33,4.95,magicmap
18,34,2.38,magicmap
18,35,0.82,magicmap
18,36,2.79,magicmap
18,37,4.21,magicmap
18,38,4.14,magicmap
18,39,4.88,magicmap
18,4,8.48,magicmap
18,40,4.95,magicmap
18,43,1.82,magicmap
18,43-1,2.16,magicmap
18,43-2,2.26,magicmap
18,44-1,2.55,magicmap
18,49,13.58,magicmap
18,5,7.46,magicmap
18,50,12.60,magicmap
18,500,9.42,magicmap
18,51,14.00,magicmap
18,52,14.08,magicmap
18,52-1,14.77,magicmap
18,52-2,15.29,magicmap
18,53,13.20,magicmap
18,54,12.08,magicmap
18,55,12.35,magicmap
18,56,2.32,magicmap
18,57,18.13,magicmap
18,57-1,17.14,magicmap
18,58,17.54,magicmap
18,59,17.30,magicmap
18,59-1,18.22,magicmap
18,6,8.86,magicmap
18,61,6.19,magicmap
18,62,5.92,magicmap
18,64,15.00,magicmap
18,66,9.69,magicmap
18,7,7.40,magicmap
18,71,22.94,magicmap
18,71-1,21.32,magicmap
18,73,11.02,magicmap
18,74,10.96,magicmap
18,75,7.42,magicmap
18,75-1,8.14,magicmap
18,8,7.53,magicmap
18,80,27.29,magicmap
18,81,21.75,magicmap
18,82,12.30,magicmap
18,83,14.22,magicmap
18,84,11.92,magicmap
18,85,22.88,magicmap
18,85-1,27.91,magicmap
18,86,26.60,magicmap
18,9,7.34,magicmap
18,919,15.33,magicmap
18,942,22.72,magicmap
18,GATE,19.01,magicmap
19,1,8.13,magicmap
19,10,9.17,magicmap
19,10-1,9.32,magicmap
19,101,15.07,magicmap
19,103,12.50,magicmap
19,105-2,7.73,magicmap
19,11,8.32,magicmap
19,12,7.17,magicmap
19,129,6.08,magicmap
19,13,5.56,magicmap
19,132,7.76,magicmap
19,135,3.14,magicmap
19,14,10.19,magicmap
19,140,17.22,magicmap
19,140-1,17.22,magicmap
19,140-2,17.22,magicmap
19,142,4.90,magicmap
19,143,3.57,magicmap
19,15,12.44,magicmap
19,15-1,13.11,magicmap
19,152-1,21.49,magicmap
19,153,20.89,magicmap
19,16,14.28,magicmap
19,16-1,13.66,magicmap
19,17,13.90,magicmap
19,18,1.15,magicmap
19,2,8.32,magicmap
19,20,3.92,magicmap
19,200,6.75,magicmap
19,201,7.81,magicmap
19,203,8.30,magicmap
19,207,16.18,magicmap
19,21,2.37,magicmap
19,22,4.50,magicmap
19,220,15.96,magicmap
19,221,18.06,magicmap
19,222,16.71,magicmap
19,223,20.63,magicmap
19,24,8.02,magicmap
19,25,7.54,magicmap
19,25-1,8.47,magicmap
19,26,7.57,magicmap
19,27,5.79,magicmap
19,28,5.15,magicmap
19,29,5.59,magicmap
19,3,9.57,magicmap
19,30,4.03,magicmap
19,300,9.96,magicmap
19,301,11.02,magicmap
19,302,13.58,magicmap
19,31,5.06,magicmap
19,32,5.86,magicmap
19,32-1,5.40,magicmap
19,33,4.60,magicmap
19,34,1.47,magicmap
19,35,0.76,magicmap
19,36,1.70,magicmap
19,37,3.12,magicmap
19,38,3.05,magicmap
19,39,3.79,magicmap
19,4,9.28,magicmap
19,40,3.86,magicmap
19,43,2.62,magicmap
19,43-1,2.52,magicmap
19,43-2,3.06,magicmap
19,44-1,1.45,magicmap
19,49,14.38,magicmap
19,5,8.26,magicmap
19,50,13.40,magicmap
19,500,9.79,magicmap
19,51,14.80,magicmap
19,52,14.88,magicmap
19,52-1,15.57,magicmap
19,52-2,16.09,magicmap
19,53,14.00,magicmap
19,54,12.88,magicmap
19,55,13.15,magicmap
19,56,3.12,magicmap
19,57,18.93,magicmap
19,57-1,17.94,magicmap
19,58,18.34,magicmap
19,59,18.09,magicmap
19,59-1,19.02,magicmap
19,6,9.66,magicmap
19,61,6.98,magicmap
19,62,6.72,magicmap
19,64,15.80,magicmap
19,66,10.76,magicmap
19,7,8.20,magicmap
19,71,23.74,magicmap
19,71-1,22.12,magicmap
19,73,11.82,magicmap
19,74,11.76,magicmap
19,75,6.33,magicmap
19,75-1,7.38,magicmap
19,8,8.32,magicmap
19,80,28.09,magicmap
19,81,22.55,magicmap
19,82,13.10,magicmap
19,83,15.02,magicmap
19,84,12.72,magicmap
19,85,23.67,magicmap
19,85-1,28.70,magicmap
19,86,27.40,magicmap
19,9,8.13,magicmap
19,919,16.13,magicmap
19,942,23.52,magicmap
19,GATE,19.81,magicmap
2,1,0.29,magicmap
2,10,3.49,magicmap
2,10-1,4.53,magicmap
2,101,5.95,magicmap
2,103,4.48,magicmap
2,105-2,15.74,magicmap
2,11,2.80,magicmap
2,12,2.18,magicmap
2,129,8.06,magicmap
2,13,2.41,magicmap
2,132,13.06,magicmap
2,135,11.54,magicmap
2,14,2.70,magicmap
2,140,8.11,magicmap
2,140-1,8.11,magicmap
2,140-2,8.11,magicmap
2,142,10.20,magicmap
2,143,4.70,magicmap
2,15,3.32,magicmap
2,15-1,4.00,magicmap
2,152-1,12.37,magicmap
2,153,11.77,magicmap
2,16,5.17,magicmap
2,16-1,4.54,magicmap
2,17,4.78,magicmap
2,18,7.53,magicmap
2,19,8.32,magicmap
2,20,3.24,magicmap
2,200,7.73,magicmap
2,201,9.83,magicmap
2,203,7.82,magicmap
2,207,7.07,magicmap
2,21,6.03,magicmap
2,22,4.63,magicmap
2,220,6.84,magicmap
2,221,8.95,magicmap
2,222,7.59,magicmap
2,223,11.66,magicmap
2,24,4.02,magicmap
2,25,4.91,magicmap
2,25-1,5.59,magicmap
2,26,5.49,magicmap
2,27,6.15,magicmap
2,28,6.60,magicmap
2,29,10.89,magicmap
2,3,0.77,magicmap
2,30,7.54,magicmap
2,300,17.97,magicmap
2,301,19.03,magicmap
2,302,21.59,magicmap
2,31,7.04,magicmap
2,32,10.69,magicmap
2,32-1,9.46,magicmap
2,33,8.85,magicmap
2,34,8.33,magicmap
2,35,6.66,magicmap
2,36,9.25,magicmap
2,37,8.78,magicmap
2,38,10.29,magicmap
2,39,11.80,magicmap
2,4,0.57,magicmap
2,40,11.87,magicmap
2,43,6.20,magicmap
2,43-1,7.12,magicmap
2,43-2,6.71,magicmap
2,44-1,9.51,magicmap
2,49,5.33,magicmap
2,5,0.56,magicmap
2,50,4.28,magicmap
2,500,8.64,magicmap
2,51,5.68,magicmap
2,52,5.77,magicmap
2,52-1,6.45,magicmap
2,52-2,6.98,magicmap
2,53,4.95,magicmap
2,54,3.84,magicmap
2,55,4.10,magicmap
2,56,5.10,magicmap
2,57,9.81,magicmap
2,57-1,8.82,magicmap
2,58,9.22,magicmap
2,59,8.98,magicmap
2,59-1,9.91,magicmap
2,6,2.17,magicmap
2,61,0.69,magicmap
2,62,1.99,magicmap
2,64,8.23,magicmap
2,66,16.06,magicmap
2,7,1.29,magicmap
2,71,14.62,magicmap
2,71-1,13.01,magicmap
2,73,3.07,magicmap
2,74,2.64,magicmap
2,75,10.64,magicmap
2,75-1,10.48,magicmap
2,8,0.88,magicmap
2,80,18.97,magicmap
2,81,13.44,magicmap
2,82,4.06,magicmap
2,83,5.90,magicmap
2,84,3.60,magicmap
2,85,14.56,magicmap
2,85-1,19.59,magicmap
2,86,18.28,magicmap
2,9,1.99,magicmap
2,919,9.78,magicmap
2,942,17.18,magicmap
2,GATE,12.39,magicmap
20,1,3.04,magicmap
20,10,4.44,magicmap
20,10-1,4.59,magicmap
20,101,9.98,magicmap
20,103,8.02,magicmap
20,105-2,9.62,magicmap
20,11,3.42,magicmap
20,12,2.43,magicmap
20,129,5.38,magicmap
20,13,0.83,magicmap
20,132,6.62,magicmap
20,135,7.18,magicmap
20,14,5.10,magicmap
20,140,12.14,magicmap
20,140-1,12.14,magicmap
20,140-2,12.14,magicmap
20,142,3.76,magicmap
20,143,0.31,magicmap
20,15,7.35,magicmap
20,15-1,8.03,magicmap
20,152-1,16.40,magicmap
20,153,15.80,magicmap
20,16,9.20,magicmap
20,16-1,8.57,magicmap
20,17,8.81,magicmap
20,18,3.12,magicmap
20,19,3.92,magicmap
20,2,3.24,magicmap
20,200,6.05,magicmap
20,201,7.16,magicmap
20,203,6.62,magicmap
20,207,11.10,magicmap
20,21,1.92,magicmap
20,22,2.27,magicmap
20,220,10.87,magicmap
20,221,12.98,magicmap
20,222,11.62,magicmap
20,223,15.55,magicmap
20,24,3.95,magicmap
20,25,3.46,magicmap
20,25-1,4.39,magicmap
20,26,3.49,magicmap
20,27,4.15,magicmap
20,28,4.46,magicmap
20,29,4.45,magicmap
20,3,4.49,magicmap
20,30,4.23,magicmap
20,300,13.67,magicmap
20,301,14.73,magicmap
20,302,17.29,magicmap
20,31,4.36,magicmap
20,32,8.01,magicmap
20,32-1,6.79,magicmap
20,33,5.54,magicmap
20,34,4.72,magicmap
20,35,2.25,magicmap
20,36,5.30,magicmap
20,37,5.46,magicmap
20,38,6.76,magicmap
20,39,7.50,magicmap
20,4,4.19,magicmap
20,40,7.57,magicmap
20,43,2.33,magicmap
20,43-1,3.31,magicmap
20,43-2,3.01,magicmap
20,44-1,5.17,magicmap
20,49,9.29,magicmap
20,5,3.17,magicmap
20,50,8.31,magicmap
20,500,8.05,magicmap
20,51,9.71,magicmap
20,52,9.80,magicmap
20,52-1,10.48,magicmap
20,52-2,11.00,magicmap
20,53,8.91,magicmap
20,54,7.80,magicmap
20,55,8.06,magicmap
20,56,1.56,magicmap
20,57,13.84,magicmap
20,57-1,12.85,magicmap
20,58,13.25,magicmap
20,59,13.01,magicmap
20,59-1,13.94,magicmap
20,6,4.57,magicmap
20,61,1.90,magicmap
20,62,2.64,magicmap
20,64,11.73,magicmap
20,66,9.62,magicmap
20,7,3.12,magicmap
20,71,18.65,magicmap
20,71-1,17.04,magicmap
20,73,7.10,magicmap
20,74,6.67,magicmap
20,75,7.96,magicmap
20,75-1,7.81,magicmap
20,8,3.24,magicmap
20,80,23.00,magicmap
20,81,17.47,magicmap
20,82,8.02,magicmap
20,83,9.93,magicmap
20,84,7.64,magicmap
20,85,18.59,magicmap
20,85-1,23.62,magicmap
20,86,22.31,magicmap
20,9,3.23,magicmap
20,919,11.39,magicmap
20,942,18.79,magicmap
20,GATE,15.73,magicmap
200,1,6.68,magicmap
200,10,11.21,magicmap
200,10-1,12.14,magicmap
200,101,10.82,magicmap
200,103,7.93,magicmap
200,105-2,11.89,magicmap
200,11,10.43,magicmap
200,12,9.83,magicmap
200,129,0.80,magicmap
200,13,7.94,magicmap
200,132,11.92,magicmap
200,135,7.96,magicmap
200,14,11.15,magicmap
200,140,14.18,magicmap
200,140-1,14.18,magicmap
200,140-2,14.18,magicmap
200,142,9.06,magicmap
200,143,7.29,magicmap
200,15,9.39,magicmap
200,15-1,10.07,magicmap
200,152-1,17.95,magicmap
200,153,17.35,magicmap
200,16,10.91,magicmap
200,16-1,10.22,magicmap
200,17,10.85,magicmap
200,18,6.39,magicmap
200,19,6.75,magicmap
200,2,7.73,magicmap
200,20,6.05,magicmap
200,201,0.75,magicmap
200,203,0.60,magicmap
200,207,13.13,magicmap
200,21,5.39,magicmap
200,22,2.44,magicmap
200,220,12.91,magicmap
200,221,15.02,magicmap
200,222,13.66,magicmap
200,223,17.73,magicmap
200,24,2.87,magicmap
200,25,1.40,magicmap
200,25-1,3.24,magicmap
200,26,3.34,magicmap
200,27,1.33,magicmap
200,28,1.56,magicmap
200,29,9.75,magicmap
200,3,9.53,magicmap
200,30,3.41,magicmap
200,300,13.95,magicmap
200,301,15.02,magicmap
200,302,17.58,magicmap
200,31,2.04,magicmap
200,32,1.98,magicmap
200,32-1,1.96,magicmap
200,33,2.78,magicmap
200,34,4.85,magicmap
200,35,5.43,magicmap
200,36,5.23,magicmap
200,37,3.51,magicmap
200,38,4.19,magicmap
200,39,7.12,magicmap
200,4,9.14,magicmap
200,40,6.96,magicmap
200,43,4.17,magicmap
200,43-1,3.84,magicmap
200,43-2,3.48,magicmap
200,44-1,6.41,magicmap
200,49,12.37,magicmap
200,5,9.01,magicmap
200,50,10.35,magicmap
200,500,2.17,magicmap
200,51,11.75,magicmap
200,52,11.84,magicmap
200,52-1,12.52,magicmap
200,52-2,13.04,magicmap
200,53,11.94,magicmap
200,54,10.87,magicmap
200,55,10.58,magicmap
200,56,3.48,magicmap
200,57,15.88,magicmap
200,57-1,14.89,magicmap
200,58,15.10,magicmap
200,59,15.05,magicmap
200,59-1,15.97,magicmap
200,6,10.62,magicmap
200,61,8.26,magicmap
200,62,5.82,magicmap
200,64,9.99,magicmap
200,66,14.92,magicmap
200,7,9.47,magicmap
200,71,20.20,magicmap
200,71-1,18.58,magicmap
200,73,7.79,magicmap
200,74,8.89,magicmap
200,75,1.76,magicmap
200,75-1,1.36,magicmap
200,8,9.32,magicmap
200,80,23.35,magicmap
200,81,19.50,magicmap
200,82,11.09,magicmap
200,83,11.97,magicmap
200,84,9.67,magicmap
200,85,20.63,magicmap
200,85-1,23.96,magicmap
200,86,22.65,magicmap
200,9,9.71,magicmap
200,919,18.23,magicmap
200,942,25.62,magicmap
200,GATE,14.00,magicmap
201,1,9.27,magicmap
201,10,12.31,magicmap
201,10-1,13.25,magicmap
201,101,13.30,magicmap
201,103,10.40,magicmap
201,105-2,11.81,magicmap
201,11,11.54,magicmap
201,12,10.93,magicmap
201,129,1.84,magicmap
201,13,9.04,magicmap
201,132,13.02,magicmap
201,135,7.90,magicmap
201,14,12.31,magicmap
201,140,16.76,magicmap
201,140-1,16.76,magicmap
201,140-2,16.76,magicmap
201,142,10.16,magicmap
201,143,8.39,magicmap
201,15,11.98,magicmap
201,15-1,12.65,magicmap
201,152-1,20.42,magicmap
201,153,19.83,magicmap
201,16,13.39,magicmap
201,16-1,12.70,magicmap
201,17,13.44,magicmap
201,18,7.49,magicmap
201,19,7.81,magicmap
201,2,9.83,magicmap
201,20,7.16,magicmap
201,200,0.75,magicmap
201,203,3.16,magicmap
201,207,15.72,magicmap
201,21,6.49,magicmap
201,22,3.55,magicmap
201,220,15.50,magicmap
201,221,17.60,magicmap
201,222,16.25,magicmap
201,223,20.31,magicmap
201,24,5.45,magicmap
201,25,3.99,magicmap
201,25-1,5.83,magicmap
201,26,5.93,magicmap
201,27,2.44,magicmap
201,28,2.67,magicmap
201,29,10.85,magicmap
201,3,11.08,magicmap
201,30,4.51,magicmap
201,300,13.87,magicmap
201,301,14.94,magicmap
201,302,17.50,magicmap
201,31,3.15,magicmap
201,32,1.97,magicmap
201,32-1,1.90,magicmap
201,33,2.73,magicmap
201,34,5.96,magicmap
201,35,6.53,magicmap
201,36,5.17,magicmap
201,37,3.46,magicmap
201,38,4.13,magicmap
201,39,7.06,magicmap
201,4,10.78,magicmap
201,40,6.91,magicmap
201,43,5.27,magicmap
201,43-1,4.94,magicmap
201,43-2,4.58,magicmap
201,44-1,6.35,magicmap
201,49,14.95,magicmap
201,5,10.17,magicmap
201,50,12.94,magicmap
201,500,4.64,magicmap
201,51,14.34,magicmap
201,52,14.42,magicmap
201,52-1,15.11,magicmap
201,52-2,15.63,magicmap
201,53,14.52,magicmap
201,54,13.46,magicmap
201,55,13.16,magicmap
201,56,4.58,magicmap
201,57,18.47,magicmap
201,57-1,17.48,magicmap
201,58,17.57,magicmap
201,59,17.63,magicmap
201,59-1,18.56,magicmap
201,6,11.78,magicmap
201,61,9.36,magicmap
201,62,7.61,magicmap
201,64,12.47,magicmap
201,66,16.02,magicmap
201,7,10.58,magicmap
201,71,22.67,magicmap
201,71-1,21.06,magicmap
201,73,10.26,magicmap
201,74,11.47,magicmap
201,75,1.37,magicmap
201,75-1,0.62,magicmap
201,8,10.48,magicmap
201,80,25.82,magicmap
201,81,22.09,magicmap
201,82,13.68,magicmap
201,83,14.56,magicmap
201,84,12.26,magicmap
201,85,23.22,magicmap
201,85-1,26.44,magicmap
201,86,25.13,magicmap
201,9,10.81,magicmap
201,919,19.39,magicmap
201,942,26.78,magicmap
201,GATE,16.47,magicmap
203,1,6.77,magicmap
203,10,11.63,magicmap
203,10-1,12.56,magicmap
203,101,10.80,magicmap
203,103,7.90,magicmap
203,105-2,13.86,magicmap
203,11,10.85,magicmap
203,12,10.24,magicmap
203,129,1.85,magicmap
203,13,8.35,magicmap
203,132,13.47,magicmap
203,135,9.95,magicmap
203,14,11.24,magicmap
203,140,14.27,magicmap
203,140-1,14.27,magicmap
203,140-2,14.27,magicmap
203,142,10.61,magicmap
203,143,8.84,magicmap
203,15,9.48,magicmap
203,15-1,10.15,magicmap
203,152-1,17.92,magicmap
203,153,17.33,magicmap
203,16,10.89,magicmap
203,16-1,10.20,magicmap
203,17,10.94,magicmap
203,18,7.94,magicmap
203,19,8.30,magicmap
203,2,7.82,magicmap
203,20,6.62,magicmap
203,200,0.60,magicmap
203,201,3.16,magicmap
203,207,13.22,magicmap
203,21,6.94,magicmap
203,22,4.00,magicmap
203,220,13.00,magicmap
203,221,15.10,magicmap
203,222,13.75,magicmap
203,223,17.81,magicmap
203,24,2.95,magicmap
203,25,1.49,magicmap
203,25-1,3.33,magicmap
203,26,3.43,magicmap
203,27,1.85,magicmap
203,28,3.11,magicmap
203,29,11.30,magicmap
203,3,9.62,magicmap
203,30,4.96,magicmap
203,300,15.92,magicmap
203,301,16.98,magicmap
203,302,19.54,magicmap
203,31,3.60,magicmap
203,32,4.02,magicmap
203,32-1,3.95,magicmap
203,33,4.77,magicmap
203,34,6.41,magicmap
203,35,6.98,magicmap
203,36,7.22,magicmap
203,37,5.50,magicmap
203,38,6.18,magicmap
203,39,9.11,magicmap
203,4,9.23,magicmap
203,40,8.95,magicmap
203,43,5.72,magicmap
203,43-1,5.39,magicmap
203,43-2,5.03,magicmap
203,44-1,8.04,magicmap
203,49,12.45,magicmap
203,5,9.10,magicmap
203,50,10.44,magicmap
203,500,2.14,magicmap
203,51,11.84,magicmap
203,52,11.92,magicmap
203,52-1,12.61,magicmap
203,52-2,13.13,magicmap
203,53,12.03,magicmap
203,54,10.96,magicmap
203,55,10.66,magicmap
203,56,5.03,magicmap
203,57,15.97,magicmap
203,57-1,14.98,magicmap
203,58,15.07,magicmap
203,59,15.14,magicmap
203,59-1,16.06,magicmap
203,6,10.71,magicmap
203,61,8.54,magicmap
203,62,5.91,magicmap
203,64,9.97,magicmap
203,66,16.47,magicmap
203,7,9.83,magicmap
203,71,20.17,magicmap
203,71-1,18.56,magicmap
203,73,7.76,magicmap
203,74,8.97,magicmap
203,75,3.97,magicmap
203,75-1,3.81,magicmap
203,8,9.41,magicmap
203,80,23.32,magicmap
203,81,19.59,magicmap
203,82,11.18,magicmap
203,83,12.06,magicmap
203,84,9.76,magicmap
203,85,20.72,magicmap
203,85-1,23.94,magicmap
203,86,22.63,magicmap
203,9,10.13,magicmap
203,919,18.32,magicmap
203,942,25.71,magicmap
203,GATE,13.97,magicmap
207,1,7.17,magicmap
207,10,9.11,magicmap
207,10-1,9.72,magicmap
207,101,6.51,magicmap
207,103,6.59,magicmap
207,105-2,23.31,magicmap
207,11,9.77,magicmap
207,12,10.06,magicmap
207,129,14.41,magicmap
207,13,10.29,magicmap
207,132,20.91,magicmap
207,135,19.11,magicmap
207,14,7.89,magicmap
207,140,2.50,magicmap
207,140-1,2.50,magicmap
207,140-2,2.50,magicmap
207,142,18.05,magicmap
207,143,12.56,magicmap
207,15,3.65,magicmap
207,15-1,5.73,magicmap
207,152-1,6.93,magicmap
207,153,6.33,magicmap
207,16,2.35,magicmap
207,16-1,4.78,magicmap
207,17,3.25,magicmap
207,18,15.38,magicmap
207,19,16.18,magicmap
207,2,7.07,magicmap
207,20,11.10,magicmap
207,200,13.13,magicmap
207,201,15.72,magicmap
207,203,13.22,magicmap
207,21,13.69,magicmap
207,22,11.88,magicmap
207,220,1.02,magicmap
207,221,3.22,magicmap
207,222,0.57,magicmap
207,223,5.93,magicmap
207,24,9.43,magicmap
207,25,10.55,magicmap
207,25-1,10.99,magicmap
207,26,11.09,magicmap
207,27,12.61,magicmap
207,28,13.23,magicmap
207,29,18.75,magicmap
207,3,6.43,magicmap
207,30,14.80,magicmap
207,300,25.53,magicmap
207,301,26.60,magicmap
207,302,29.16,magicmap
207,31,14.30,magicmap
207,32,16.58,magicmap
207,32-1,16.51,magicmap
207,33,16.11,magicmap
207,34,15.59,magicmap
207,35,14.44,magicmap
207,36,16.82,magicmap
207,37,16.03,magicmap
207,38,17.54,magicmap
207,39,19.37,magicmap
207,4,6.52,magicmap
207,40,19.34,magicmap
207,43,13.76,magicmap
207,43-1,14.57,magicmap
207,43-2,14.21,magicmap
207,44-1,17.08,magicmap
207,49,2.17,magicmap
207,5,7.02,magicmap
207,50,2.14,magicmap
207,500,13.88,magicmap
207,51,0.76,magicmap
207,52,0.86,magicmap
207,52-1,0.74,magicmap
207,52-2,0.63,magicmap
207,53,1.86,magicmap
207,54,2.49,magicmap
207,55,3.09,magicmap
207,56,12.45,magicmap
207,57,2.16,magicmap
207,57-1,1.92,magicmap
207,58,2.91,magicmap
207,59,1.32,magicmap
207,59-1,2.26,magicmap
207,6,7.42,magicmap
207,61,8.60,magicmap
207,62,9.16,magicmap
207,64,9.69,magicmap
207,66,21.07,magicmap
207,7,8.00,magicmap
207,71,9.18,magicmap
207,71-1,7.56,magicmap
207,73,5.87,magicmap
207,74,4.10,magicmap
207,75,16.53,magicmap
207,75-1,16.37,magicmap
207,8,8.75,magicmap
207,80,13.53,magicmap
207,81,7.71,magicmap
207,82,4.50,magicmap
207,83,1.95,magicmap
207,84,3.54,magicmap
207,85,8.84,magicmap
207,85-1,14.14,magicmap
207,86,12.84,magicmap
207,9,8.77,magicmap
207,919,13.46,magicmap
207,942,20.85,magicmap
207,GATE,8.60,magicmap
21,1,5.84,magicmap
21,10,7.18,magicmap
21,10-1,7.33,magicmap
21,101,12.58,magicmap
21,103,9.98,magicmap
21,105-2,9.78,magicmap
21,11,6.19,magicmap
21,12,5.18,magicmap
21,129,4.71,magicmap
21,13,3.57,magicmap
21,132,6.78,magicmap
21,135,5.64,magicmap
21,14,7.90,magicmap
21,140,14.73,magicmap
21,140-1,14.73,magicmap
21,140-2,14.73,magicmap
21,142,3.91,magicmap
21,143,1.80,magicmap
21,15,9.95,magicmap
21,15-1,10.62,magicmap
21,152-1,18.99,magicmap
21,153,18.40,magicmap
21,16,11.79,magicmap
21,16-1,11.16,magicmap
21,17,11.40,magicmap
21,18,1.57,magicmap
21,19,2.37,magicmap
21,2,6.03,magicmap
21,20,1.92,magicmap
21,200,5.39,magicmap
21,201,6.49,magicmap
21,203,6.94,magicmap
21,207,13.69,magicmap
21,22,2.38,magicmap
21,220,13.46,magicmap
21,221,15.57,magicmap
21,222,14.21,magicmap
21,223,18.28,magicmap
21,24,5.51,magicmap
21,25,5.03,magicmap
21,25-1,5.96,magicmap
21,26,5.05,magicmap
21,27,4.42,magicmap
21,28,3.79,magicmap
21,29,4.61,magicmap
21,3,7.28,magicmap
21,30,2.90,magicmap
21,300,12.10,magicmap
21,301,13.17,magicmap
21,302,15.73,magicmap
21,31,3.70,magicmap
21,32,7.35,magicmap
21,32-1,6.12,magicmap
21,33,4.18,magicmap
21,34,2.81,magicmap
21,35,0.70,magicmap
21,36,3.39,magicmap
21,37,4.11,magicmap
21,38,5.20,magicmap
21,39,5.94,magicmap
21,4,6.99,magicmap
21,40,6.00,magicmap
21,43,0.67,magicmap
21,43-1,1.40,magicmap
21,43-2,1.49,magicmap
21,44-1,3.62,magicmap
21,49,12.09,magicmap
21,5,5.97,magicmap
21,50,10.90,magicmap
21,500,8.42,magicmap
21,51,12.30,magicmap
21,52,12.39,magicmap
21,52-1,13.07,magicmap
21,52-2,13.60,magicmap
21,53,11.71,magicmap
21,54,10.59,magicmap
21,55,10.85,magicmap
21,56,0.79,magicmap
21,57,16.43,magicmap
21,57-1,15.45,magicmap
21,58,15.84,magicmap
21,59,15.60,magicmap
21,59-1,16.53,magicmap
21,6,7.36,magicmap
21,61,4.69,magicmap
21,62,4.21,magicmap
21,64,13.29,magicmap
21,66,9.77,magicmap
21,7,5.91,magicmap
21,71,21.24,magicmap
21,71-1,19.63,magicmap
21,73,9.31,magicmap
21,74,9.44,magicmap
21,75,7.29,magicmap
21,75-1,7.14,magicmap
21,8,6.03,magicmap
21,80,25.59,magicmap
21,81,20.06,magicmap
21,82,10.81,magicmap
21,83,12.52,magicmap
21,84,10.23,magicmap
21,85,21.18,magicmap
21,85-1,26.21,magicmap
21,86,24.90,magicmap
21,9,6.01,magicmap
21,919,14.13,magicmap
21,942,21.53,magicmap
21,GATE,17.29,magicmap
22,1,4.43,magicmap
22,10,7.42,magicmap
22,10-1,8.36,magicmap
22,101,10.77,magicmap
22,103,8.18,magicmap
22,105-2,10.46,magicmap
22,11,6.65,magicmap
22,12,6.04,magicmap
22,129,1.77,magicmap
22,13,4.15,magicmap
22,132,9.63,magicmap
22,135,6.26,magicmap
22,14,7.10,magicmap
22,140,12.92,magicmap
22,140-1,12.92,magicmap
22,140-2,12.92,magicmap
22,142,6.76,magicmap
22,143,5.00,magicmap
22,15,8.14,magicmap
22,15-1,8.81,magicmap
22,152-1,17.19,magicmap
22,153,16.59,magicmap
22,16,9.98,magicmap
22,16-1,9.36,magicmap
22,17,9.60,magicmap
22,18,4.09,magicmap
22,19,4.50,magicmap
22,2,4.63,magicmap
22,20,2.27,magicmap
22,200,2.44,magicmap
22,201,3.55,magicmap
22,203,4.00,magicmap
22,207,11.88,magicmap
22,21,2.38,magicmap
22,220,11.66,magicmap
22,221,13.76,magicmap
22,222,12.41,magicmap
22,223,16.47,magicmap
22,24,2.80,magicmap
22,25,2.22,magicmap
22,25-1,3.25,magicmap
22,26,2.35,magicmap
22,27,1.44,magicmap
22,28,0.67,magicmap
22,29,7.46,magicmap
22,3,5.88,magicmap
22,30,1.72,magicmap
22,300,12.69,magicmap
22,301,13.76,magicmap
22,302,16.32,magicmap
22,31,0.86,magicmap
22,32,4.40,magicmap
22,32-1,3.15,magicmap
22,33,2.90,magicmap
22,34,2.60,magicmap
22,35,3.14,magicmap
22,36,3.98,magicmap
22,37,3.05,magicmap
22,38,4.56,magicmap
22,39,6.52,magicmap
22,4,5.58,magicmap
22,40,6.36,magicmap
22,43,1.91,magicmap
22,43-1,1.59,magicmap
22,43-2,1.23,magicmap
22,44-1,4.24,magicmap
22,49,10.68,magicmap
22,5,4.96,magicmap
22,50,9.10,magicmap
22,500,5.48,magicmap
22,51,10.50,magicmap
22,52,10.58,magicmap
22,52-1,11.27,magicmap
22,52-2,11.79,magicmap
22,53,10.30,magicmap
22,54,9.18,magicmap
22,55,9.32,magicmap
22,56,0.34,magicmap
22,57,14.63,magicmap
22,57-1,13.64,magicmap
22,58,14.04,magicmap
22,59,13.79,magicmap
22,59-1,14.72,magicmap
22,6,6.57,magicmap
22,61,4.40,magicmap
22,62,2.40,magicmap
22,64,11.49,magicmap
22,66,12.62,magicmap
22,7,5.69,magicmap
22,71,19.44,magicmap
22,71-1,17.82,magicmap
22,73,7.51,magicmap
22,74,7.63,magicmap
22,75,4.35,magicmap
22,75-1,4.20,magicmap
22,8,5.28,magicmap
22,80,23.79,magicmap
22,81,18.25,magicmap
22,82,9.41,magicmap
22,83,10.72,magicmap
22,84,8.42,magicmap
22,85,19.38,magicmap
22,85-1,24.41,magicmap
22,86,23.10,magicmap
22,9,5.93,magicmap
22,919,14.18,magicmap
22,942,21.58,magicmap
22,GATE,15.49,magicmap
220,1,6.95,magicmap
220,10,8.50,magicmap
220,10-1,9.11,magicmap
220,101,7.34,magicmap
220,103,6.88,magicmap
220,105-2,23.03,magicmap
220,11,9.16,magicmap
220,12,9.58,magicmap
220,129,14.18,magicmap
220,13,9.81,magicmap
220,132,20.69,magicmap
220,135,18.88,magicmap
220,14,7.28,magicmap
220,140,0.40,magicmap
220,140-1,0.40,magicmap
220,140-2,0.40,magicmap
220,142,17.83,magicmap
220,143,12.33,magicmap
220,15,3.88,magicmap
220,15-1,6.02,magicmap
220,152-1,6.85,magicmap
220,153,6.25,magicmap
220,16,4.12,magicmap
220,16-1,5.07,magicmap
220,17,3.78,magicmap
220,18,15.16,magicmap
220,19,15.96,magicmap
220,2,6.84,magicmap
220,20,10.87,magicmap
220,200,12.91,magicmap
220,201,15.50,magicmap
220,203,13.00,magicmap
220,207,1.02,magicmap
220,21,13.46,magicmap
220,22,11.66,magicmap
220,221,0.57,magicmap
220,222,0.30,magicmap
220,223,3.10,magicmap
220,24,9.20,magicmap
220,25,10.33,magicmap
220,25-1,10.77,magicmap
220,26,10.87,magicmap
220,27,12.38,magicmap
220,28,13.01,magicmap
220,29,18.52,magicmap
220,3,5.82,magicmap
220,30,14.57,magicmap
220,300,25.31,magicmap
220,301,26.38,magicmap
220,302,28.94,magicmap
220,31,14.07,magicmap
220,32,16.35,magicmap
220,32-1,16.28,magicmap
220,33,15.88,magicmap
220,34,15.36,magicmap
220,35,14.22,magicmap
220,36,16.60,magicmap
220,37,15.81,magicmap
220,38,17.32,magicmap
220,39,19.15,magicmap
220,4,5.91,magicmap
220,40,19.12,magicmap
220,43,13.54,magicmap
220,43-1,14.35,magicmap
220,43-2,13.99,magicmap
220,44-1,16.86,magicmap
220,49,1.28,magicmap
220,5,6.41,magicmap
220,50,2.49,magicmap
220,500,13.66,magicmap
220,51,1.57,magicmap
220,52,0.20,magicmap
220,52-1,0.20,magicmap
220,52-2,1.04,magicmap
220,53,0.95,magicmap
220,54,2.23,magicmap
220,55,2.83,magicmap
220,56,12.22,magicmap
220,57,1.44,magicmap
220,57-1,0.32,magicmap
220,58,2.19,magicmap
220,59,0.61,magicmap
220,59-1,1.54,magicmap
220,6,6.81,magicmap
220,61,8.12,magicmap
220,62,8.93,magicmap
220,64,10.18,magicmap
220,66,20.46,magicmap
220,7,7.39,magicmap
220,71,6.80,magicmap
220,71-1,6.35,magicmap
220,73,6.16,magicmap
220,74,3.77,magicmap
220,75,16.30,magicmap
220,75-1,16.15,magicmap
220,8,8.21,magicmap
220,80,12.72,magicmap
220,81,4.75,magicmap
220,82,3.59,magicmap
220,83,2.78,magicmap
220,84,3.44,magicmap
220,85,5.87,magicmap
220,85-1,13.34,magicmap
220,86,12.03,magicmap
220,9,8.17,magicmap
220,919,12.85,magicmap
220,942,20.24,magicmap
220,GATE,8.52,magicmap
221,1,9.05,magicmap
221,10,9.86,magicmap
221,10-1,10.00,magicmap
221,101,9.54,magicmap
221,103,8.98,magicmap
221,105-2,22.33,magicmap
221,11,10.44,magicmap
221,12,11.18,magicmap
221,129,16.29,magicmap
221,13,11.54,magicmap
221,132,20.27,magicmap
221,135,20.99,magicmap
221,14,7.89,magicmap
221,140,0.56,magicmap
221,140-1,0.56,magicmap
221,140-2,0.77,magicmap
221,142,19.93,magicmap
221,143,14.44,magicmap
221,15,5.98,magicmap
221,15-1,8.13,magicmap
221,152-1,8.58,magicmap
221,153,7.70,magicmap
221,16,5.84,magicmap
221,16-1,7.18,magicmap
221,17,5.88,magicmap
221,18,17.26,magicmap
221,19,18.06,magicmap
221,2,8.95,magicmap
221,20,12.98,magicmap
221,200,15.02,magicmap
221,201,17.60,magicmap
221,203,15.10,magicmap
221,207,3.22,magicmap
221,21,15.57,magicmap
221,22,13.76,magicmap
221,220,0.57,magicmap
221,222,1.78,magicmap
221,223,3.05,magicmap
221,24,11.31,magicmap
221,25,12.44,magicmap
221,25-1,12.87,magicmap
221,26,12.97,magicmap
221,27,14.49,magicmap
221,28,15.11,magicmap
221,29,20.41,magicmap
221,3,7.92,magicmap
221,30,16.68,magicmap
221,300,27.08,magicmap
221,301,28.14,magicmap
221,302,30.69,magicmap
221,31,16.18,magicmap
221,32,18.46,magicmap
221,32-1,18.39,magicmap
221,33,17.99,magicmap
221,34,17.47,magicmap
221,35,16.32,magicmap
221,36,18.70,magicmap
221,37,17.91,magicmap
221,38,19.43,magicmap
221,39,21.25,magicmap
221,4,8.01,magicmap
221,40,21.22,magicmap
221,43,15.65,magicmap
221,43-1,16.45,magicmap
221,43-2,16.09,magicmap
221,44-1,18.96,magicmap
221,49,3.36,magicmap
221,5,8.51,magicmap
221,50,4.59,magicmap
221,500,15.76,magicmap
221,51,3.78,magicmap
221,52,2.22,magicmap
221,52-1,2.22,magicmap
221,52-2,3.24,magicmap
221,53,3.06,magicmap
221,54,4.33,magicmap
221,55,4.94,magicmap
221,56,14.33,magicmap
221,57,2.99,magicmap
221,57-1,1.19,magicmap
221,58,3.74,magicmap
221,59,2.06,magicmap
221,59-1,3.09,magicmap
221,6,8.52,magicmap
221,61,10.22,magicmap
221,62,11.04,magicmap
221,64,12.29,magicmap
221,66,19.77,magicmap
221,7,9.34,magicmap
221,71,6.83,magicmap
221,71-1,6.38,magicmap
221,73,8.27,magicmap
221,74,5.87,magicmap
221,75,18.41,magicmap
221,75-1,18.25,magicmap
221,8,10.16,magicmap
221,80,12.75,magicmap
221,81,4.77,magicmap
221,82,4.55,magicmap
221,83,4.98,magicmap
221,84,5.54,magicmap
221,85,5.90,magicmap
221,85-1,13.37,magicmap
221,86,12.06,magicmap
221,9,9.44,magicmap
221,919,12.15,magicmap
221,942,19.54,magicmap
221,GATE,10.25,magicmap
222,1,7.70,magicmap
222,10,9.25,magicmap
222,10-1,9.87,magicmap
222,101,7.27,magicmap
222,103,7.35,magicmap
222,105-2,23.79,magicmap
222,11,9.91,magicmap
222,12,10.33,magicmap
222,129,14.94,magicmap
222,13,10.56,magicmap
222,132,21.44,magicmap
222,135,19.63,magicmap
222,14,8.03,magicmap
222,140,1.19,magicmap
222,140-1,1.19,magicmap
222,140-2,1.19,magicmap
222,142,18.58,magicmap
222,143,13.09,magicmap
222,15,4.41,magicmap
222,15-1,6.50,magicmap
222,152-1,6.40,magicmap
222,153,5.80,magicmap
222,16,3.66,magicmap
222,16-1,5.55,magicmap
222,17,4.01,magicmap
222,18,15.91,magicmap
222,19,16.71,magicmap
222,2,7.59,magicmap
222,20,11.62,magicmap
222,200,13.66,magicmap
222,201,16.25,magicmap
222,203,13.75,magicmap
222,207,0.57,magicmap
222,21,14.21,magicmap
222,22,12.41,magicmap
222,220,0.30,magicmap
222,221,1.78,magicmap
222,223,4.49,magicmap
222,24,9.95,magicmap
222,25,11.08,magicmap
222,25-1,11.52,magicmap
222,26,11.62,magicmap
222,27,13.14,magicmap
222,28,13.76,magicmap
222,29,19.27,magicmap
222,3,6.57,magicmap
222,30,15.33,magicmap
222,300,26.06,magicmap
222,301,27.13,magicmap
222,302,29.69,magicmap
222,31,14.82,magicmap
222,32,17.11,magicmap
222,32-1,17.03,magicmap
222,33,16.64,magicmap
222,34,16.11,magicmap
222,35,14.97,magicmap
222,36,17.35,magicmap
222,37,16.56,magicmap
222,38,18.07,magicmap
222,39,19.90,magicmap
222,4,6.66,magicmap
222,40,19.87,magicmap
222,43,14.29,magicmap
222,43-1,15.10,magicmap
222,43-2,14.74,magicmap
222,44-1,17.61,magicmap
222,49,2.01,magicmap
222,5,7.16,magicmap
222,50,2.90,magicmap
222,500,14.41,magicmap
222,51,1.51,magicmap
222,52,0.83,magicmap
222,52-1,0.83,magicmap
222,52-2,0.66,magicmap
222,53,1.70,magicmap
222,54,2.98,magicmap
222,55,3.58,magicmap
222,56,12.98,magicmap
222,57,1.06,magicmap
222,57-1,0.64,magicmap
222,58,1.80,magicmap
222,59,0.23,magicmap
222,59-1,1.15,magicmap
222,6,7.56,magicmap
222,61,8.87,magicmap
222,62,9.68,magicmap
222,64,10.46,magicmap
222,66,21.22,magicmap
222,7,8.15,magicmap
222,71,8.33,magicmap
222,71-1,7.03,magicmap
222,73,6.64,magicmap
222,74,4.52,magicmap
222,75,17.06,magicmap
222,75-1,16.90,magicmap
222,8,8.96,magicmap
222,80,13.00,magicmap
222,81,6.27,magicmap
222,82,4.34,magicmap
222,83,2.71,magicmap
222,84,4.19,magicmap
222,85,7.40,magicmap
222,85-1,13.61,magicmap
222,86,12.30,magicmap
222,9,8.92,magicmap
222,919,13.60,magicmap
222,942,20.99,magicmap
222,GATE,8.07,magicmap
223,1,11.76,magicmap
223,10,11.63,magicmap
223,10-1,11.76,magicmap
223,101,12.25,magicmap
223,103,11.69,magicmap
223,105-2,24.10,magicmap
223,11,12.20,magicmap
223,12,12.94,magicmap
223,129,19.00,magicmap
223,13,13.30,magicmap
223,132,22.04,magicmap
223,135,23.70,magicmap
223,14,9.65,magicmap
223,140,3.20,magicmap
223,140-1,3.20,magicmap
223,140-2,3.20,magicmap
223,142,22.00,magicmap
223,143,17.01,magicmap
223,15,8.69,magicmap
223,15-1,10.84,magicmap
223,152-1,7.54,magicmap
223,153,6.62,magicmap
223,16,8.55,magicmap
223,16-1,9.89,magicmap
223,17,8.59,magicmap
223,18,19.84,magicmap
223,19,20.63,magicmap
223,2,11.66,magicmap
223,20,15.55,magicmap
223,200,17.73,magicmap
223,201,20.31,magicmap
223,203,17.81,magicmap
223,207,5.93,magicmap
223,21,18.28,magicmap
223,22,16.47,magicmap
223,220,3.10,magicmap
223,221,3.05,magicmap
223,222,4.49,magicmap
223,24,14.02,magicmap
223,25,15.15,magicmap
223,25-1,15.58,magicmap
223,26,15.68,magicmap
223,27,17.20,magicmap
223,28,17.82,magicmap
223,29,22.17,magicmap
223,3,10.63,magicmap
223,30,19.39,magicmap
223,300,28.84,magicmap
223,301,29.91,magicmap
223,302,32.45,magicmap
223,31,18.89,magicmap
223,32,21.17,magicmap
223,32-1,21.10,magicmap
223,33,20.70,magicmap
223,34,20.18,magicmap
223,35,18.96,magicmap
223,36,21.41,magicmap
223,37,20.62,magicmap
223,38,22.14,magicmap
223,39,23.96,magicmap
223,4,10.72,magicmap
223,40,23.93,magicmap
223,43,18.36,magicmap
223,43-1,19.16,magicmap
223,43-2,18.80,magicmap
223,44-1,21.67,magicmap
223,49,6.07,magicmap
223,5,10.56,magicmap
223,50,7.30,magicmap
223,500,18.47,magicmap
223,51,6.49,magicmap
223,52,4.93,magicmap
223,52-1,4.93,magicmap
223,52-2,5.95,magicmap
223,53,5.77,magicmap
223,54,7.04,magicmap
223,55,7.65,magicmap
223,56,17.04,magicmap
223,57,5.70,magicmap
223,57-1,3.90,magicmap
223,58,5.24,magicmap
223,59,4.77,magicmap
223,59-1,5.80,magicmap
223,6,10.29,magicmap
223,61,12.38,magicmap
223,62,13.75,magicmap
223,64,12.39,magicmap
223,66,21.53,magicmap
223,7,11.11,magicmap
223,71,5.76,magicmap
223,71-1,5.30,magicmap
223,73,10.98,magicmap
223,74,8.58,magicmap
223,75,21.12,magicmap
223,75-1,20.96,magicmap
223,8,11.92,magicmap
223,80,11.67,magicmap
223,81,3.63,magicmap
223,82,6.31,magicmap
223,83,7.69,magicmap
223,84,8.25,magicmap
223,85,4.82,magicmap
223,85-1,12.29,magicmap
223,86,10.98,magicmap
223,9,11.20,magicmap
223,919,13.91,magicmap
223,942,21.31,magicmap
223,GATE,9.89,magicmap
24,1,2.97,magicmap
24,10,8.58,magicmap
24,10-1,9.39,magicmap
24,101,7.89,magicmap
24,103,4.76,magicmap
24,105-2,14.75,magicmap
24,11,7.80,magicmap
24,12,7.25,magicmap
24,129,4.14,magicmap
24,13,5.68,magicmap
24,132,12.76,magicmap
24,135,10.54,magicmap
24,14,7.56,magicmap
24,140,10.47,magicmap
24,140-1,10.47,magicmap
24,140-2,10.47,magicmap
24,142,9.89,magicmap
24,143,7.57,magicmap
24,15,5.68,magicmap
24,15-1,6.36,magicmap
24,152-1,14.73,magicmap
24,153,14.14,magicmap
24,16,7.50,magicmap
24,16-1,6.62,magicmap
24,17,7.14,magicmap
24,18,7.22,magicmap
24,19,8.02,magicmap
24,2,4.02,magicmap
24,20,3.95,magicmap
24,200,2.87,magicmap
24,201,5.45,magicmap
24,203,2.95,magicmap
24,207,9.43,magicmap
24,21,5.51,magicmap
24,22,2.80,magicmap
24,220,9.20,magicmap
24,221,11.31,magicmap
24,222,9.95,magicmap
24,223,14.02,magicmap
24,25,0.41,magicmap
24,25-1,0.25,magicmap
24,26,0.75,magicmap
24,27,2.38,magicmap
24,28,3.21,magicmap
24,29,10.59,magicmap
24,3,5.82,magicmap
24,30,6.10,magicmap
24,300,16.97,magicmap
24,301,18.04,magicmap
24,302,20.60,magicmap
24,31,4.93,magicmap
24,32,6.31,magicmap
24,32-1,6.24,magicmap
24,33,7.06,magicmap
24,34,6.89,magicmap
24,35,6.27,magicmap
24,36,8.26,magicmap
24,37,7.34,magicmap
24,38,8.47,magicmap
24,39,10.80,magicmap
24,4,5.43,magicmap
24,40,10.64,magicmap
24,43,5.53,magicmap
24,43-1,5.87,magicmap
24,43-2,5.51,magicmap
24,44-1,8.52,magicmap
24,49,8.66,magicmap
24,5,5.70,magicmap
24,50,6.64,magicmap
24,500,4.38,magicmap
24,51,8.04,magicmap
24,52,8.13,magicmap
24,52-1,8.81,magicmap
24,52-2,9.34,magicmap
24,53,8.23,magicmap
24,54,7.16,magicmap
24,55,6.87,magicmap
24,56,4.02,magicmap
24,57,12.17,magicmap
24,57-1,11.19,magicmap
24,58,11.58,magicmap
24,59,11.34,magicmap
24,59-1,12.27,magicmap
24,6,7.09,magicmap
24,61,5.13,magicmap
24,62,2.64,magicmap
24,64,7.93,magicmap
24,66,15.75,magicmap
24,7,6.43,magicmap
24,71,16.98,magicmap
24,71-1,15.37,magicmap
24,73,4.09,magicmap
24,74,5.18,magicmap
24,75,6.26,magicmap
24,75-1,6.10,magicmap
24,8,6.01,magicmap
24,80,21.28,magicmap
24,81,15.80,magicmap
24,82,7.38,magicmap
24,83,8.26,magicmap
24,84,5.97,magicmap
24,85,16.92,magicmap
24,85-1,21.90,magicmap
24,86,20.59,magicmap
24,9,7.08,magicmap
24,919,14.64,magicmap
24,942,22.04,magicmap
24,GATE,11.93,magicmap
25,1,4.10,magicmap
25,10,8.47,magicmap
25,10-1,9.40,magicmap
25,101,9.39,magicmap
25,103,6.26,magicmap
25,105-2,13.68,magicmap
25,11,7.69,magicmap
25,12,7.08,magicmap
25,129,2.68,magicmap
25,13,5.19,magicmap
25,132,12.27,magicmap
25,135,9.48,magicmap
25,14,8.08,magicmap
25,140,11.60,magicmap
25,140-1,11.60,magicmap
25,140-2,11.60,magicmap
25,142,9.41,magicmap
25,143,7.08,magicmap
25,15,6.81,magicmap
25,15-1,7.49,magicmap
25,152-1,15.86,magicmap
25,153,15.26,magicmap
25,16,8.66,magicmap
25,16-1,8.03,magicmap
25,17,8.27,magicmap
25,18,6.74,magicmap
25,19,7.54,magicmap
25,2,4.91,magicmap
25,20,3.46,magicmap
25,200,1.40,magicmap
25,201,3.99,magicmap
25,203,1.49,magicmap
25,207,10.55,magicmap
25,21,5.03,magicmap
25,22,2.22,magicmap
25,220,10.33,magicmap
25,221,12.44,magicmap
25,222,11.08,magicmap
25,223,15.15,magicmap
25,24,0.41,magicmap
25,25-1,0.65,magicmap
25,26,0.08,magicmap
25,27,0.20,magicmap
25,28,1.27,magicmap
25,29,10.11,magicmap
25,3,6.85,magicmap
25,30,4.49,magicmap
25,300,15.91,magicmap
25,301,16.98,magicmap
25,302,19.54,magicmap
25,31,3.11,magicmap
25,32,4.85,magicmap
25,32-1,4.78,magicmap
25,33,5.60,magicmap
25,34,5.82,magicmap
25,35,5.78,magicmap
25,36,7.20,magicmap
25,37,6.10,magicmap
25,38,7.01,magicmap
25,39,9.74,magicmap
25,4,6.48,magicmap
25,40,9.58,magicmap
25,43,5.05,magicmap
25,43-1,4.81,magicmap
25,43-2,4.45,magicmap
25,44-1,7.46,magicmap
25,49,9.79,magicmap
25,5,5.94,magicmap
25,50,7.77,magicmap
25,500,2.92,magicmap
25,51,9.17,magicmap
25,52,9.26,magicmap
25,52-1,9.94,magicmap
25,52-2,10.46,magicmap
25,53,9.36,magicmap
25,54,8.29,magicmap
25,55,8.00,magicmap
25,56,3.54,magicmap
25,57,13.30,magicmap
25,57-1,12.31,magicmap
25,58,12.71,magicmap
25,59,12.47,magicmap
25,59-1,13.39,magicmap
25,6,7.55,magicmap
25,61,5.38,magicmap
25,62,2.20,magicmap
25,64,9.43,magicmap
25,66,15.27,magicmap
25,7,6.67,magicmap
25,71,18.11,magicmap
25,71-1,16.50,magicmap
25,73,5.58,magicmap
25,74,6.31,magicmap
25,75,4.80,magicmap
25,75-1,4.64,magicmap
25,8,6.25,magicmap
25,80,22.46,magicmap
25,81,16.92,magicmap
25,82,8.51,magicmap
25,83,9.39,magicmap
25,84,7.09,magicmap
25,85,18.05,magicmap
25,85-1,23.08,magicmap
25,86,21.77,magicmap
25,9,6.97,magicmap
25,919,15.16,magicmap
25,942,22.55,magicmap
25,GATE,13.43,magicmap
25-1,1,4.54,magicmap
25-1,10,9.40,magicmap
25-1,10-1,10.33,magicmap
25-1,101,9.45,magicmap
25-1,103,6.32,magicmap
25-1,105-2,15.20,magicmap
25-1,11,8.62,magicmap
25-1,12,8.02,magicmap
25-1,129,4.52,magicmap
25-1,13,6.12,magicmap
25-1,132,13.20,magicmap
25-1,135,10.99,magicmap
25-1,14,9.01,magicmap
25-1,140,12.04,magicmap
25-1,140-1,12.04,magicmap
25-1,140-2,12.04,magicmap
25-1,142,10.34,magicmap
25-1,143,8.02,magicmap
25-1,15,7.25,magicmap
25-1,15-1,7.92,magicmap
25-1,152-1,16.30,magicmap
25-1,153,15.70,magicmap
25-1,16,9.05,magicmap
25-1,16-1,8.18,magicmap
25-1,17,8.71,magicmap
25-1,18,7.67,magicmap
25-1,19,8.47,magicmap
25-1,2,5.59,magicmap
25-1,20,4.39,magicmap
25-1,200,3.24,magicmap
25-1,201,5.83,magicmap
25-1,203,3.33,magicmap
25-1,207,10.99,magicmap
25-1,21,5.96,magicmap
25-1,22,3.25,magicmap
25-1,220,10.77,magicmap
25-1,221,12.87,magicmap
25-1,222,11.52,magicmap
25-1,223,15.58,magicmap
25-1,24,0.25,magicmap
25-1,25,0.65,magicmap
25-1,26,0.73,magicmap
25-1,27,2.76,magicmap
25-1,28,3.65,magicmap
25-1,29,11.04,magicmap
25-1,3,7.39,magicmap
25-1,30,6.55,magicmap
25-1,300,17.42,magicmap
25-1,301,18.49,magicmap
25-1,302,21.05,magicmap
25-1,31,5.38,magicmap
25-1,32,6.69,magicmap
25-1,32-1,6.61,magicmap
25-1,33,7.44,magicmap
25-1,34,7.33,magicmap
25-1,35,6.71,magicmap
25-1,36,8.71,magicmap
25-1,37,7.78,magicmap
25-1,38,8.85,magicmap
25-1,39,11.25,magicmap
25-1,4,7.00,magicmap
25-1,40,11.09,magicmap
25-1,43,5.98,magicmap
25-1,43-1,6.32,magicmap
25-1,43-2,5.96,magicmap
25-1,44-1,8.97,magicmap
25-1,49,10.22,magicmap
25-1,5,6.87,magicmap
25-1,50,8.21,magicmap
25-1,500,4.76,magicmap
25-1,51,9.61,magicmap
25-1,52,9.69,magicmap
25-1,52-1,10.38,magicmap
25-1,52-2,10.90,magicmap
25-1,53,9.80,magicmap
25-1,54,8.73,magicmap
25-1,55,8.43,magicmap
25-1,56,4.47,magicmap
25-1,57,13.74,magicmap
25-1,57-1,12.75,magicmap
25-1,58,13.15,magicmap
25-1,59,12.91,magicmap
25-1,59-1,13.83,magicmap
25-1,6,8.48,magicmap
25-1,61,6.31,magicmap
25-1,62,3.68,magicmap
25-1,64,9.49,magicmap
25-1,66,16.20,magicmap
25-1,7,7.60,magicmap
25-1,71,18.55,magicmap
25-1,71-1,16.94,magicmap
25-1,73,5.64,magicmap
25-1,74,6.74,magicmap
25-1,75,6.64,magicmap
25-1,75-1,6.48,magicmap
25-1,8,7.18,magicmap
25-1,80,22.84,magicmap
25-1,81,17.36,magicmap
25-1,82,8.95,magicmap
25-1,83,9.83,magicmap
25-1,84,7.53,magicmap
25-1,85,18.49,magicmap
25-1,85-1,23.45,magicmap
25-1,86,22.15,magicmap
25-1,9,7.90,magicmap
25-1,919,16.09,magicmap
25-1,942,23.48,magicmap
25-1,GATE,13.49,magicmap
26,1,4.64,magicmap
26,10,8.49,magicmap
26,10-1,9.43,magicmap
26,101,9.92,magicmap
26,103,6.79,magicmap
26,105-2,14.29,magicmap
26,11,7.72,magicmap
26,12,7.11,magicmap
26,129,4.60,magicmap
26,13,5.22,magicmap
26,132,12.30,magicmap
26,135,10.09,magicmap
26,14,8.11,magicmap
26,140,12.13,magicmap
26,140-1,12.13,magicmap
26,140-2,12.13,magicmap
26,142,9.44,magicmap
26,143,7.11,magicmap
26,15,7.35,magicmap
26,15-1,8.02,magicmap
26,152-1,16.40,magicmap
26,153,15.80,magicmap
26,16,9.19,magicmap
26,16-1,8.57,magicmap
26,17,8.81,magicmap
26,18,6.77,magicmap
26,19,7.57,magicmap
26,2,5.49,magicmap
26,20,3.49,magicmap
26,200,3.34,magicmap
26,201,5.93,magicmap
26,203,3.43,magicmap
26,207,11.09,magicmap
26,21,5.05,magicmap
26,22,2.35,magicmap
26,220,10.87,magicmap
26,221,12.97,magicmap
26,222,11.62,magicmap
26,223,15.68,magicmap
26,24,0.75,magicmap
26,25,0.08,magicmap
26,25-1,0.73,magicmap
26,27,1.46,magicmap
26,28,2.08,magicmap
26,29,10.13,magicmap
26,3,6.88,magicmap
26,30,5.30,magicmap
26,300,16.52,magicmap
26,301,17.58,magicmap
26,302,20.14,magicmap
26,31,3.93,magicmap
26,32,6.78,magicmap
26,32-1,6.71,magicmap
26,33,6.48,magicmap
26,34,6.43,magicmap
26,35,5.81,magicmap
26,36,7.81,magicmap
26,37,6.88,magicmap
26,38,8.39,magicmap
26,39,10.34,magicmap
26,4,6.58,magicmap
26,40,10.19,magicmap
26,43,5.07,magicmap
26,43-1,5.42,magicmap
26,43-2,5.06,magicmap
26,44-1,8.07,magicmap
26,49,10.32,magicmap
26,5,5.97,magicmap
26,50,8.31,magicmap
26,500,4.85,magicmap
26,51,9.71,magicmap
26,52,9.79,magicmap
26,52-1,10.48,magicmap
26,52-2,11.00,magicmap
26,53,9.89,magicmap
26,54,8.83,magicmap
26,55,8.53,magicmap
26,56,3.56,magicmap
26,57,13.84,magicmap
26,57-1,12.85,magicmap
26,58,13.25,magicmap
26,59,13.00,magicmap
26,59-1,13.93,magicmap
26,6,7.57,magicmap
26,61,5.40,magicmap
26,62,2.78,magicmap
26,64,9.96,magicmap
26,66,15.30,magicmap
26,7,6.70,magicmap
26,71,18.65,magicmap
26,71-1,17.03,magicmap
26,73,6.12,magicmap
26,74,6.84,magicmap
26,75,6.73,magicmap
26,75-1,6.58,magicmap
26,8,6.28,magicmap
26,80,23.00,magicmap
26,81,17.46,magicmap
26,82,9.05,magicmap
26,83,9.93,magicmap
26,84,7.63,magicmap
26,85,18.59,magicmap
26,85-1,23.62,magicmap
26,86,22.31,magicmap
26,9,7.00,magicmap
26,919,15.18,magicmap
26,942,22.58,magicmap
26,GATE,13.97,magicmap
27,1,5.40,magicmap
27,10,9.15,magicmap
27,10-1,10.09,magicmap
27,101,11.48,magicmap
27,103,8.35,magicmap
27,105-2,11.75,magicmap
27,11,8.38,magicmap
27,12,7.77,magicmap
27,129,0.93,magicmap
27,13,5.88,magicmap
27,132,10.96,magicmap
27,135,7.55,magicmap
27,14,8.76,magicmap
27,140,13.65,magicmap
27,140-1,13.65,magicmap
27,140-2,13.65,magicmap
27,142,8.09,magicmap
27,143,6.33,magicmap
27,15,8.87,magicmap
27,15-1,9.54,magicmap
27,152-1,17.92,magicmap
27,153,17.32,magicmap
27,16,10.71,magicmap
27,16-1,10.08,magicmap
27,17,10.33,magicmap
27,18,5.42,magicmap
27,19,5.79,magicmap
27,2,6.15,magicmap
27,20,4.15,magicmap
27,200,1.33,magicmap
27,201,2.44,magicmap
27,203,1.85,magicmap
27,207,12.61,magicmap
27,21,4.42,magicmap
27,22,1.44,magicmap
27,220,12.38,magicmap
27,221,14.49,magicmap
27,222,13.14,magicmap
27,223,17.20,magicmap
27,24,2.38,magicmap
27,25,0.20,magicmap
27,25-1,2.76,magicmap
27,26,1.46,magicmap
27,28,0.50,magicmap
27,29,8.79,magicmap
27,3,7.54,magicmap
27,30,2.56,magicmap
27,300,13.98,magicmap
27,301,15.04,magicmap
27,302,17.60,magicmap
27,31,1.18,magicmap
27,32,3.29,magicmap
27,32-1,3.22,magicmap
27,33,3.74,magicmap
27,34,3.89,magicmap
27,35,4.46,magicmap
27,36,5.27,magicmap
27,37,4.17,magicmap
27,38,5.45,magicmap
27,39,7.80,magicmap
27,4,7.24,magicmap
27,40,7.65,magicmap
27,43,3.20,magicmap
27,43-1,2.88,magicmap
27,43-2,2.52,magicmap
27,44-1,5.53,magicmap
27,49,11.84,magicmap
27,5,6.63,magicmap
27,50,9.82,magicmap
27,500,3.27,magicmap
27,51,11.23,magicmap
27,52,11.31,magicmap
27,52-1,12.00,magicmap
27,52-2,12.52,magicmap
27,53,11.41,magicmap
27,54,10.34,magicmap
27,55,10.05,magicmap
27,56,2.51,magicmap
27,57,15.35,magicmap
27,57-1,14.37,magicmap
27,58,14.76,magicmap
27,59,14.52,magicmap
27,59-1,15.45,magicmap
27,6,8.23,magicmap
27,61,6.06,magicmap
27,62,3.43,magicmap
27,64,11.10,magicmap
27,66,13.95,magicmap
27,7,7.36,magicmap
27,71,20.16,magicmap
27,71-1,18.55,magicmap
27,73,7.68,magicmap
27,74,8.36,magicmap
27,75,3.24,magicmap
27,75-1,3.09,magicmap
27,8,6.94,magicmap
27,80,24.45,magicmap
27,81,18.98,magicmap
27,82,10.56,magicmap
27,83,11.44,magicmap
27,84,9.15,magicmap
27,85,20.10,magicmap
27,85-1,25.07,magicmap
27,86,23.76,magicmap
27,9,7.65,magicmap
27,919,15.84,magicmap
27,942,23.24,magicmap
27,GATE,15.10,magicmap
28,1,6.02,magicmap
28,10,9.46,magicmap
28,10-1,10.39,magicmap
28,101,12.12,magicmap
28,103,9.24,magicmap
28,105-2,11.12,magicmap
28,11,8.69,magicmap
28,12,8.08,magicmap
28,129,0.81,magicmap
28,13,6.19,magicmap
28,132,10.32,magicmap
28,135,6.92,magicmap
28,14,9.07,magicmap
28,140,14.28,magicmap
28,140-1,14.28,magicmap
28,140-2,14.28,magicmap
28,142,7.46,magicmap
28,143,5.69,magicmap
28,15,9.49,magicmap
28,15-1,10.16,magicmap
28,152-1,18.54,magicmap
28,153,17.94,magicmap
28,16,11.34,magicmap
28,16-1,10.71,magicmap
28,17,10.95,magicmap
28,18,4.79,magicmap
28,19,5.15,magicmap
28,2,6.60,magicmap
28,20,4.46,magicmap
28,200,1.56,magicmap
28,201,2.67,magicmap
28,203,3.11,magicmap
28,207,13.23,magicmap
28,21,3.79,magicmap
28,22,0.67,magicmap
28,220,13.01,magicmap
28,221,15.11,magicmap
28,222,13.76,magicmap
28,223,17.82,magicmap
28,24,3.21,magicmap
28,25,1.27,magicmap
28,25-1,3.65,magicmap
28,26,2.08,magicmap
28,27,0.50,magicmap
28,29,8.16,magicmap
28,3,7.84,magicmap
28,30,1.87,magicmap
28,300,13.35,magicmap
28,301,14.41,magicmap
28,302,16.97,magicmap
28,31,0.61,magicmap
28,32,3.52,magicmap
28,32-1,3.30,magicmap
28,33,3.05,magicmap
28,34,3.26,magicmap
28,35,3.83,magicmap
28,36,4.63,magicmap
28,37,3.49,magicmap
28,38,5.22,magicmap
28,39,7.17,magicmap
28,4,7.55,magicmap
28,40,7.02,magicmap
28,43,2.57,magicmap
28,43-1,2.25,magicmap
28,43-2,1.88,magicmap
28,44-1,4.89,magicmap
28,49,12.46,magicmap
28,5,6.93,magicmap
28,50,10.45,magicmap
28,500,4.60,magicmap
28,51,11.85,magicmap
28,52,11.94,magicmap
28,52-1,12.62,magicmap
28,52-2,13.14,magicmap
28,53,12.04,magicmap
28,54,10.97,magicmap
28,55,10.67,magicmap
28,56,1.88,magicmap
28,57,15.98,magicmap
28,57-1,14.99,magicmap
28,58,15.39,magicmap
28,59,15.15,magicmap
28,59-1,16.07,magicmap
28,6,8.54,magicmap
28,61,6.37,magicmap
28,62,4.06,magicmap
28,64,12.41,magicmap
28,66,13.32,magicmap
28,7,7.66,magicmap
28,71,20.79,magicmap
28,71-1,19.18,magicmap
28,73,8.57,magicmap
28,74,8.98,magicmap
28,75,3.47,magicmap
28,75-1,3.32,magicmap
28,8,7.25,magicmap
28,80,25.14,magicmap
28,81,19.60,magicmap
28,82,11.19,magicmap
28,83,12.07,magicmap
28,84,9.77,magicmap
28,85,20.73,magicmap
28,85-1,25.76,magicmap
28,86,24.45,magicmap
28,9,7.96,magicmap
28,919,16.15,magicmap
28,942,23.54,magicmap
28,GATE,16.42,magicmap
29,1,10.70,magicmap
29,10,11.74,magicmap
29,10-1,11.89,magicmap
29,101,17.64,magicmap
29,103,15.06,magicmap
29,105-2,5.30,magicmap
29,11,10.88,magicmap
29,12,9.73,magicmap
29,129,9.08,magicmap
29,13,8.13,magicmap
29,132,2.30,magicmap
29,135,8.64,magicmap
29,14,12.75,magicmap
29,140,19.37,magicmap
29,140-1,19.37,magicmap
29,140-2,19.37,magicmap
29,142,1.26,magicmap
29,143,3.51,magicmap
29,15,15.01,magicmap
29,15-1,15.68,magicmap
29,152-1,24.05,magicmap
29,153,23.46,magicmap
29,16,16.85,magicmap
29,16-1,16.22,magicmap
29,17,16.46,magicmap
29,18,4.53,magicmap
29,19,5.59,magicmap
29,2,10.89,magicmap
29,20,4.45,magicmap
29,200,9.75,magicmap
29,201,10.85,magicmap
29,203,11.30,magicmap
29,207,18.75,magicmap
29,21,4.61,magicmap
29,22,7.46,magicmap
29,220,18.52,magicmap
29,221,20.41,magicmap
29,222,19.27,magicmap
29,223,22.17,magicmap
29,24,10.59,magicmap
29,25,10.11,magicmap
29,25-1,11.04,magicmap
29,26,10.13,magicmap
29,27,8.79,magicmap
29,28,8.16,magicmap
29,3,12.14,magicmap
29,30,7.04,magicmap
29,300,10.05,magicmap
29,301,11.11,magicmap
29,302,13.66,magicmap
29,31,8.06,magicmap
29,32,11.44,magicmap
29,32-1,10.48,magicmap
29,33,8.31,magicmap
29,34,6.86,magicmap
29,35,4.37,magicmap
29,36,7.28,magicmap
29,37,8.24,magicmap
29,38,8.63,magicmap
29,39,9.30,magicmap
29,4,11.84,magicmap
29,40,8.99,magicmap
29,43,5.18,magicmap
29,43-1,5.53,magicmap
29,43-2,5.63,magicmap
29,44-1,7.03,magicmap
29,49,16.94,magicmap
29,5,10.82,magicmap
29,50,15.96,magicmap
29,500,12.79,magicmap
29,51,17.36,magicmap
29,52,17.45,magicmap
29,52-1,18.13,magicmap
29,52-2,18.66,magicmap
29,53,16.57,magicmap
29,54,15.45,magicmap
29,55,15.71,magicmap
29,56,5.69,magicmap
29,57,21.49,magicmap
29,57-1,20.51,magicmap
29,58,20.90,magicmap
29,59,20.66,magicmap
29,59-1,21.59,magicmap
29,6,12.22,magicmap
29,61,9.55,magicmap
29,62,9.29,magicmap
29,64,18.37,magicmap
29,66,1.27,magicmap
29,7,10.77,magicmap
29,71,26.30,magicmap
29,71-1,24.69,magicmap
29,73,14.39,magicmap
29,74,14.33,magicmap
29,75,11.66,magicmap
29,75-1,11.51,magicmap
29,8,10.89,magicmap
29,80,30.65,magicmap
29,81,24.69,magicmap
29,82,15.67,magicmap
29,83,17.58,magicmap
29,84,15.29,magicmap
29,85,25.81,magicmap
29,85-1,31.27,magicmap
29,86,29.96,magicmap
29,9,10.70,magicmap
29,919,16.86,magicmap
29,942,23.44,magicmap
29,GATE,22.37,magicmap
3,1,2.30,magicmap
3,10,2.54,magicmap
3,10-1,3.16,magicmap
3,101,7.00,magicmap
3,103,5.53,magicmap
3,105-2,16.99,magicmap
3,11,3.20,magicmap
3,12,3.15,magicmap
3,129,9.31,magicmap
3,13,3.38,magicmap
3,132,14.31,magicmap
3,135,12.79,magicmap
3,14,1.32,magicmap
3,140,7.09,magicmap
3,140-1,7.09,magicmap
3,140-2,7.09,magicmap
3,142,11.44,magicmap
3,143,5.95,magicmap
3,15,4.37,magicmap
3,15-1,5.04,magicmap
3,152-1,12.01,magicmap
3,153,11.42,magicmap
3,16,5.87,magicmap
3,16-1,5.58,magicmap
3,17,4.42,magicmap
3,18,8.77,magicmap
3,19,9.57,magicmap
3,2,0.77,magicmap
3,20,4.49,magicmap
3,200,9.53,magicmap
3,201,11.08,magicmap
3,203,9.62,magicmap
3,207,6.43,magicmap
3,21,7.28,magicmap
3,22,5.88,magicmap
3,220,5.82,magicmap
3,221,7.92,magicmap
3,222,6.57,magicmap
3,223,10.63,magicmap
3,24,5.82,magicmap
3,25,6.85,magicmap
3,25-1,7.39,magicmap
3,26,6.88,magicmap
3,27,7.54,magicmap
3,28,7.84,magicmap
3,29,12.14,magicmap
3,30,8.79,magicmap
3,300,19.21,magicmap
3,301,20.28,magicmap
3,302,22.84,magicmap
3,31,8.29,magicmap
3,32,11.94,magicmap
3,32-1,10.71,magicmap
3,33,10.10,magicmap
3,34,9.58,magicmap
3,35,7.90,magicmap
3,36,10.50,magicmap
3,37,10.03,magicmap
3,38,11.54,magicmap
3,39,13.05,magicmap
3,4,0.28,magicmap
3,40,13.12,magicmap
3,43,7.44,magicmap
3,43-1,8.37,magicmap
3,43-2,7.95,magicmap
3,44-1,10.76,magicmap
3,49,4.19,magicmap
3,5,0.46,magicmap
3,50,3.92,magicmap
3,500,10.28,magicmap
3,51,5.20,magicmap
3,52,5.13,magicmap
3,52-1,5.73,magicmap
3,52-2,6.34,magicmap
3,53,3.82,magicmap
3,54,2.70,magicmap
3,55,2.96,magicmap
3,56,6.35,magicmap
3,57,8.79,magicmap
3,57-1,7.80,magicmap
3,58,8.86,magicmap
3,59,7.96,magicmap
3,59-1,8.88,magicmap
3,6,0.83,magicmap
3,61,1.69,magicmap
3,62,3.94,magicmap
3,64,9.28,magicmap
3,66,15.91,magicmap
3,7,1.38,magicmap
3,71,14.26,magicmap
3,71-1,12.65,magicmap
3,73,4.12,magicmap
3,74,1.90,magicmap
3,75,11.89,magicmap
3,75-1,11.73,magicmap
3,8,0.90,magicmap
3,80,18.61,magicmap
3,81,12.41,magicmap
3,82,2.92,magicmap
3,83,5.54,magicmap
3,84,3.64,magicmap
3,85,13.54,magicmap
3,85-1,19.23,magicmap
3,86,17.92,magicmap
3,9,2.21,magicmap
3,919,8.40,magicmap
3,942,15.80,magicmap
3,GATE,12.77,magicmap
30,1,7.35,magicmap
30,10,9.53,magicmap
30,10-1,10.14,magicmap
30,101,13.69,magicmap
30,103,11.10,magicmap
30,105-2,9.02,magicmap
30,11,8.43,magicmap
30,12,7.83,magicmap
30,129,2.79,magicmap
30,13,5.94,magicmap
30,132,9.20,magicmap
30,135,4.81,magicmap
30,14,9.78,magicmap
30,140,15.84,magicmap
30,140-1,15.84,magicmap
30,140-2,15.84,magicmap
30,142,6.34,magicmap
30,143,4.57,magicmap
30,15,11.06,magicmap
30,15-1,11.73,magicmap
30,152-1,20.11,magicmap
30,153,19.51,magicmap
30,16,12.90,magicmap
30,16-1,12.27,magicmap
30,17,12.52,magicmap
30,18,3.67,magicmap
30,19,4.03,magicmap
30,2,7.54,magicmap
30,20,4.23,magicmap
30,200,3.41,magicmap
30,201,4.51,magicmap
30,203,4.96,magicmap
30,207,14.80,magicmap
30,21,2.90,magicmap
30,22,1.72,magicmap
30,220,14.57,magicmap
30,221,16.68,magicmap
30,222,15.33,magicmap
30,223,19.39,magicmap
30,24,6.10,magicmap
30,25,4.49,magicmap
30,25-1,6.55,magicmap
30,26,5.30,magicmap
30,27,2.56,magicmap
30,28,1.87,magicmap
30,29,7.04,magicmap
30,3,8.79,magicmap
30,300,11.24,magicmap
30,301,12.31,magicmap
30,302,14.87,magicmap
30,31,1.06,magicmap
30,32,4.88,magicmap
30,32-1,1.35,magicmap
30,33,0.66,magicmap
30,34,0.67,magicmap
30,35,1.77,magicmap
30,36,1.90,magicmap
30,37,0.65,magicmap
30,38,2.13,magicmap
30,39,4.09,magicmap
30,4,8.50,magicmap
30,40,3.93,magicmap
30,43,1.76,magicmap
30,43-1,1.10,magicmap
30,43-2,1.10,magicmap
30,44-1,3.26,magicmap
30,49,13.60,magicmap
30,5,7.85,magicmap
30,50,12.01,magicmap
30,500,6.45,magicmap
30,51,13.42,magicmap
30,52,13.50,magicmap
30,52-1,14.19,magicmap
30,52-2,14.71,magicmap
30,53,13.22,magicmap
30,54,12.10,magicmap
30,55,12.24,magicmap
30,56,1.89,magicmap
30,57,17.54,magicmap
30,57-1,16.56,magicmap
30,58,16.95,magicmap
30,59,16.71,magicmap
30,59-1,17.64,magicmap
30,6,9.25,magicmap
30,61,6.58,magicmap
30,62,5.32,magicmap
30,64,14.27,magicmap
30,66,12.20,magicmap
30,7,7.80,magicmap
30,71,22.35,magicmap
30,71-1,20.74,magicmap
30,73,10.42,magicmap
30,74,10.55,magicmap
30,75,5.32,magicmap
30,75-1,5.17,magicmap
30,8,7.92,magicmap
30,80,26.71,magicmap
30,81,21.17,magicmap
30,82,12.32,magicmap
30,83,13.63,magicmap
30,84,11.34,magicmap
30,85,22.29,magicmap
30,85-1,27.32,magicmap
30,86,26.02,magicmap
30,9,8.03,magicmap
30,919,16.94,magicmap
30,942,24.34,magicmap
30,GATE,18.27,magicmap
300,1,17.77,magicmap
300,10,18.92,magicmap
300,10-1,19.08,magicmap
300,101,24.42,magicmap
300,103,21.83,magicmap
300,105-2,5.69,magicmap
300,11,18.07,magicmap
300,12,16.92,magicmap
300,129,14.27,magicmap
300,13,15.31,magicmap
300,132,7.11,magicmap
300,135,6.45,magicmap
300,14,19.83,magicmap
300,140,26.04,magicmap
300,140-1,26.04,magicmap
300,140-2,26.04,magicmap
300,142,11.17,magicmap
300,143,13.32,magicmap
300,15,21.79,magicmap
300,15-1,22.46,magicmap
300,152-1,30.84,magicmap
300,153,30.24,magicmap
300,16,23.64,magicmap
300,16-1,23.01,magicmap
300,17,23.25,magicmap
300,18,11.05,magicmap
300,19,9.96,magicmap
300,2,17.97,magicmap
300,20,13.67,magicmap
300,200,13.95,magicmap
300,201,13.87,magicmap
300,203,15.92,magicmap
300,207,25.53,magicmap
300,21,12.10,magicmap
300,22,12.69,magicmap
300,220,25.31,magicmap
300,221,27.08,magicmap
300,222,26.06,magicmap
300,223,28.84,magicmap
300,24,16.97,magicmap
300,25,15.91,magicmap
300,25-1,17.42,magicmap
300,26,16.52,magicmap
300,27,13.98,magicmap
300,28,13.35,magicmap
300,29,10.05,magicmap
300,3,19.21,magicmap
300,30,11.24,magicmap
300,301,1.55,magicmap
300,302,4.26,magicmap
300,31,13.25,magicmap
300,32,12.39,magicmap
300,32-1,11.93,magicmap
300,33,11.13,magicmap
300,34,9.23,magicmap
300,35,9.75,magicmap
300,36,8.71,magicmap
300,37,9.65,magicmap
300,38,9.58,magicmap
300,39,7.06,magicmap
300,4,18.92,magicmap
300,40,6.69,magicmap
300,43,11.81,magicmap
300,43-1,10.71,magicmap
300,43-2,11.30,magicmap
300,44-1,8.50,magicmap
300,49,24.02,magicmap
300,5,17.90,magicmap
300,50,22.75,magicmap
300,500,17.40,magicmap
300,51,24.15,magicmap
300,52,24.23,magicmap
300,52-1,24.92,magicmap
300,52-2,25.44,magicmap
300,53,23.64,magicmap
300,54,22.52,magicmap
300,55,22.79,magicmap
300,56,12.12,magicmap
300,57,28.28,magicmap
300,57-1,27.29,magicmap
300,58,27.69,magicmap
300,59,27.45,magicmap
300,59-1,28.37,magicmap
300,6,19.30,magicmap
300,61,16.63,magicmap
300,62,16.06,magicmap
300,64,25.14,magicmap
300,66,11.43,magicmap
300,7,17.84,magicmap
300,71,33.09,magicmap
300,71-1,31.48,magicmap
300,73,21.16,magicmap
300,74,21.28,magicmap
300,75,11.96,magicmap
300,75-1,13.44,magicmap
300,8,17.97,magicmap
300,80,37.44,magicmap
300,81,31.35,magicmap
300,82,22.36,magicmap
300,83,24.37,magicmap
300,84,22.07,magicmap
300,85,32.48,magicmap
300,85-1,38.06,magicmap
300,86,36.75,magicmap
300,9,17.89,magicmap
300,919,23.52,magicmap
300,942,30.11,magicmap
300,GATE,29.14,magicmap
301,1,18.84,magicmap
301,10,19.99,magicmap
301,10-1,20.14,magicmap
301,101,25.49,magicmap
301,103,22.90,magicmap
301,105-2,6.75,magicmap
301,11,19.13,magicmap
301,12,17.99,magicmap
301,129,15.34,magicmap
301,13,16.38,magicmap
301,132,8.17,magicmap
301,135,7.52,magicmap
301,14,20.90,magicmap
301,140,27.10,magicmap
301,140-1,27.10,magicmap
301,140-2,27.10,magicmap
301,142,12.24,magicmap
301,143,14.39,magicmap
301,15,22.86,magicmap
301,15-1,23.53,magicmap
301,152-1,31.91,magicmap
301,153,31.31,magicmap
301,16,24.70,magicmap
301,16-1,24.08,magicmap
301,17,24.32,magicmap
301,18,12.11,magicmap
301,19,11.02,magicmap
301,2,19.03,magicmap
301,20,14.73,magicmap
301,200,15.02,magicmap
301,201,14.94,magicmap
301,203,16.98,magicmap
301,207,26.60,magicmap
301,21,13.17,magicmap
301,22,13.76,magicmap
301,220,26.38,magicmap
301,221,28.14,magicmap
301,222,27.13,magicmap
301,223,29.91,magicmap
301,24,18.04,magicmap
301,25,16.98,magicmap
301,25-1,18.49,magicmap
301,26,17.58,magicmap
301,27,15.04,magicmap
301,28,14.41,magicmap
301,29,11.11,magicmap
301,3,20.28,magicmap
301,30,12.31,magicmap
301,300,1.55,magicmap
301,302,0.40,magicmap
301,31,14.32,magicmap
301,32,13.45,magicmap
301,32-1,12.99,magicmap
301,33,12.20,magicmap
301,34,10.30,magicmap
301,35,10.82,magicmap
301,36,9.77,magicmap
301,37,10.71,magicmap
301,38,10.65,magicmap
301,39,8.13,magicmap
301,4,19.98,magicmap
301,40,7.76,magicmap
301,43,12.87,magicmap
301,43-1,11.78,magicmap
301,43-2,12.37,magicmap
301,44-1,9.57,magicmap
301,49,25.08,magicmap
301,5,18.97,magicmap
301,50,23.81,magicmap
301,500,18.46,magicmap
301,51,25.22,magicmap
301,52,25.30,magicmap
301,52-1,25.99,magicmap
301,52-2,26.51,magicmap
301,53,24.71,magicmap
301,54,23.59,magicmap
301,55,23.85,magicmap
301,56,13.18,magicmap
301,57,29.35,magicmap
301,57-1,28.36,magicmap
301,58,28.76,magicmap
301,59,28.51,magicmap
301,59-1,29.44,magicmap
301,6,20.36,magicmap
301,61,17.69,magicmap
301,62,17.12,magicmap
301,64,26.21,magicmap
301,66,12.50,magicmap
301,7,18.91,magicmap
301,71,34.16,magicmap
301,71-1,32.54,magicmap
301,73,22.23,magicmap
301,74,22.35,magicmap
301,75,13.03,magicmap
301,75-1,14.51,magicmap
301,8,19.03,magicmap
301,80,38.51,magicmap
301,81,32.42,magicmap
301,82,23.43,magicmap
301,83,25.44,magicmap
301,84,23.14,magicmap
301,85,33.55,magicmap
301,85-1,39.12,magicmap
301,86,37.82,magicmap
301,9,18.95,magicmap
301,919,24.59,magicmap
301,942,31.18,magicmap
301,GATE,30.21,magicmap
302,1,21.40,magicmap
302,10,22.55,magicmap
302,10-1,22.70,magicmap
302,101,28.05,magicmap
302,103,25.46,magicmap
302,105-2,9.30,magicmap
302,11,21.69,magicmap
302,12,20.55,magicmap
302,129,17.90,magicmap
302,13,18.94,magicmap
302,132,10.72,magicmap
302,135,10.08,magicmap
302,14,23.46,magicmap
302,140,29.65,magicmap
302,140-1,29.65,magicmap
302,140-2,29.65,magicmap
302,142,14.78,magicmap
302,143,16.95,magicmap
302,15,25.42,magicmap
302,15-1,26.09,magicmap
302,152-1,34.47,magicmap
302,153,33.87,magicmap
302,16,27.26,magicmap
302,16-1,26.64,magicmap
302,17,26.88,magicmap
302,18,14.67,magicmap
302,19,13.58,magicmap
302,2,21.59,magicmap
302,20,17.29,magicmap
302,200,17.58,magicmap
302,201,17.50,magicmap
302,203,19.54,magicmap
302,207,29.16,magicmap
302,21,15.73,magicmap
302,22,16.32,magicmap
302,220,28.94,magicmap
302,221,30.69,magicmap
302,222,29.69,magicmap
302,223,32.45,magicmap
302,24,20.60,magicmap
302,25,19.54,magicmap
302,25-1,21.05,magicmap
302,26,20.14,magicmap
302,27,17.60,magicmap
302,28,16.97,magicmap
302,29,13.66,magicmap
302,3,22.84,magicmap
302,30,14.87,magicmap
302,300,4.26,magicmap
302,301,0.40,magicmap
302,31,16.88,magicmap
302,32,16.01,magicmap
302,32-1,15.55,magicmap
302,33,14.76,magicmap
302,34,12.86,magicmap
302,35,13.38,magicmap
302,36,12.33,magicmap
302,37,13.27,magicmap
302,38,13.21,magicmap
302,39,10.69,magicmap
302,4,22.54,magicmap
302,40,10.32,magicmap
302,43,15.43,magicmap
302,43-1,14.34,magicmap
302,43-2,14.93,magicmap
302,44-1,12.13,magicmap
302,49,27.64,magicmap
302,5,21.52,magicmap
302,50,26.37,magicmap
302,500,21.02,magicmap
302,51,27.78,magicmap
302,52,27.86,magicmap
302,52-1,28.55,magicmap
302,52-2,29.07,magicmap
302,53,27.27,magicmap
302,54,26.15,magicmap
302,55,26.41,magicmap
302,56,15.74,magicmap
302,57,31.90,magicmap
302,57-1,30.92,magicmap
302,58,31.32,magicmap
302,59,31.07,magicmap
302,59-1,32.00,magicmap
302,6,22.92,magicmap
302,61,20.25,magicmap
302,62,19.68,magicmap
302,64,28.77,magicmap
302,66,15.04,magicmap
302,7,21.47,magicmap
302,71,36.72,magicmap
302,71-1,35.10,magicmap
302,73,24.79,magicmap
302,74,24.91,magicmap
302,75,15.59,magicmap
302,75-1,17.07,magicmap
302,8,21.59,magicmap
302,80,41.07,magicmap
302,81,34.97,magicmap
302,82,25.97,magicmap
302,83,28.00,magicmap
302,84,25.70,magicmap
302,85,36.09,magicmap
302,85-1,41.68,magicmap
302,86,40.38,magicmap
302,9,21.51,magicmap
302,919,27.14,magicmap
302,942,33.72,magicmap
302,GATE,32.77,magicmap
31,1,6.85,magicmap
31,10,9.52,magicmap
31,10-1,10.45,magicmap
31,101,13.18,magicmap
31,103,10.59,magicmap
31,105-2,11.03,magicmap
31,11,8.75,magicmap
31,12,8.14,magicmap
31,129,1.42,magicmap
31,13,6.25,magicmap
31,132,10.23,magicmap
31,135,6.82,magicmap
31,14,9.52,magicmap
31,140,15.34,magicmap
31,140-1,15.34,magicmap
31,140-2,15.34,magicmap
31,142,7.37,magicmap
31,143,5.60,magicmap
31,15,10.55,magicmap
31,15-1,11.23,magicmap
31,152-1,19.60,magicmap
31,153,19.00,magicmap
31,16,12.40,magicmap
31,16-1,11.77,magicmap
31,17,12.01,magicmap
31,18,4.70,magicmap
31,19,5.06,magicmap
31,2,7.04,magicmap
31,20,4.36,magicmap
31,200,2.04,magicmap
31,201,3.15,magicmap
31,203,3.60,magicmap
31,207,14.30,magicmap
31,21,3.70,magicmap
31,22,0.86,magicmap
31,220,14.07,magicmap
31,221,16.18,magicmap
31,222,14.82,magicmap
31,223,18.89,magicmap
31,24,4.93,magicmap
31,25,3.11,magicmap
31,25-1,5.38,magicmap
31,26,3.93,magicmap
31,27,1.18,magicmap
31,28,0.61,magicmap
31,29,8.06,magicmap
31,3,8.29,magicmap
31,30,1.06,magicmap
31,300,13.25,magicmap
31,301,14.32,magicmap
31,302,16.88,magicmap
31,32,0.99,magicmap
31,32-1,1.34,magicmap
31,33,1.37,magicmap
31,34,3.17,magicmap
31,35,3.74,magicmap
31,36,4.17,magicmap
31,37,1.81,magicmap
31,38,3.51,magicmap
31,39,6.06,magicmap
31,4,7.99,magicmap
31,40,5.90,magicmap
31,43,2.48,magicmap
31,43-1,2.15,magicmap
31,43-2,1.79,magicmap
31,44-1,4.80,magicmap
31,49,13.09,magicmap
31,5,7.38,magicmap
31,50,11.51,magicmap
31,500,5.08,magicmap
31,51,12.91,magicmap
31,52,13.00,magicmap
31,52-1,13.68,magicmap
31,52-2,14.21,magicmap
31,53,12.72,magicmap
31,54,11.60,magicmap
31,55,11.74,magicmap
31,56,1.79,magicmap
31,57,17.04,magicmap
31,57-1,16.05,magicmap
31,58,16.45,magicmap
31,59,16.21,magicmap
31,59-1,17.14,magicmap
31,6,8.98,magicmap
31,61,6.57,magicmap
31,62,4.82,magicmap
31,64,12.90,magicmap
31,66,13.23,magicmap
31,7,7.78,magicmap
31,71,21.85,magicmap
31,71-1,20.24,magicmap
31,73,9.92,magicmap
31,74,10.05,magicmap
31,75,2.63,magicmap
31,75-1,3.09,magicmap
31,8,7.69,magicmap
31,80,26.20,magicmap
31,81,20.67,magicmap
31,82,11.82,magicmap
31,83,13.13,magicmap
31,84,10.84,magicmap
31,85,21.79,magicmap
31,85-1,26.82,magicmap
31,86,25.51,magicmap
31,9,8.02,magicmap
31,919,16.60,magicmap
31,942,23.99,magicmap
31,GATE,16.91,magicmap
32,1,10.13,magicmap
32,10,13.17,magicmap
32,10-1,14.10,magicmap
32,101,14.15,magicmap
32,103,11.26,magicmap
32,105-2,10.16,magicmap
32,11,12.39,magicmap
32,12,11.79,magicmap
32,129,2.69,magicmap
32,13,9.90,magicmap
32,132,11.46,magicmap
32,135,5.96,magicmap
32,14,13.16,magicmap
32,140,17.62,magicmap
32,140-1,17.62,magicmap
32,140-2,17.62,magicmap
32,142,10.74,magicmap
32,143,9.23,magicmap
32,15,12.84,magicmap
32,15-1,13.51,magicmap
32,152-1,21.28,magicmap
32,153,20.68,magicmap
32,16,14.25,magicmap
32,16-1,13.56,magicmap
32,17,14.30,magicmap
32,18,6.95,magicmap
32,19,5.86,magicmap
32,2,10.69,magicmap
32,20,8.01,magicmap
32,200,1.98,magicmap
32,201,1.97,magicmap
32,203,4.02,magicmap
32,207,16.58,magicmap
32,21,7.35,magicmap
32,22,4.40,magicmap
32,220,16.35,magicmap
32,221,18.46,magicmap
32,222,17.11,magicmap
32,223,21.17,magicmap
32,24,6.31,magicmap
32,25,4.85,magicmap
32,25-1,6.69,magicmap
32,26,6.78,magicmap
32,27,3.29,magicmap
32,28,3.52,magicmap
32,29,11.44,magicmap
32,3,11.94,magicmap
32,30,4.88,magicmap
32,300,12.39,magicmap
32,301,13.45,magicmap
32,302,16.01,magicmap
32,31,0.99,magicmap
32,32-1,0.40,magicmap
32,33,0.78,magicmap
32,34,5.04,magicmap
32,35,5.66,magicmap
32,36,3.23,magicmap
32,37,1.51,magicmap
32,38,2.49,magicmap
32,39,5.12,magicmap
32,4,11.64,magicmap
32,40,4.96,magicmap
32,43,6.13,magicmap
32,43-1,5.80,magicmap
32,43-2,5.44,magicmap
32,44-1,4.41,magicmap
32,49,15.81,magicmap
32,5,11.03,magicmap
32,50,13.79,magicmap
32,500,5.50,magicmap
32,51,15.20,magicmap
32,52,15.28,magicmap
32,52-1,15.97,magicmap
32,52-2,16.49,magicmap
32,53,15.38,magicmap
32,54,14.31,magicmap
32,55,14.02,magicmap
32,56,5.44,magicmap
32,57,19.32,magicmap
32,57-1,18.34,magicmap
32,58,18.43,magicmap
32,59,18.49,magicmap
32,59-1,19.42,magicmap
32,6,12.63,magicmap
32,61,10.22,magicmap
32,62,8.47,magicmap
32,64,13.32,magicmap
32,66,16.01,magicmap
32,7,11.43,magicmap
32,71,23.53,magicmap
32,71-1,21.92,magicmap
32,73,11.12,magicmap
32,74,12.33,magicmap
32,75,0.90,magicmap
32,75-1,1.55,magicmap
32,8,11.34,magicmap
32,80,26.68,magicmap
32,81,22.95,magicmap
32,82,14.54,magicmap
32,83,15.41,magicmap
32,84,13.12,magicmap
32,85,24.07,magicmap
32,85-1,27.29,magicmap
32,86,25.99,magicmap
32,9,11.67,magicmap
32,919,20.24,magicmap
32,942,27.64,magicmap
32,GATE,17.33,magicmap
32-1,1,9.27,magicmap
32-1,10,11.94,magicmap
32-1,10-1,12.87,magicmap
32-1,101,14.08,magicmap
32-1,103,11.19,magicmap
32-1,105-2,9.70,magicmap
32-1,11,11.17,magicmap
32-1,12,10.56,magicmap
32-1,129,2.62,magicmap
32-1,13,8.67,magicmap
32-1,132,11.00,magicmap
32-1,135,5.50,magicmap
32-1,14,11.94,magicmap
32-1,140,17.55,magicmap
32-1,140-1,17.55,magicmap
32-1,140-2,17.55,magicmap
32-1,142,9.79,magicmap
32-1,143,8.02,magicmap
32-1,15,12.77,magicmap
32-1,15-1,13.44,magicmap
32-1,152-1,21.21,magicmap
32-1,153,20.61,magicmap
32-1,16,14.17,magicmap
32-1,16-1,13.48,magicmap
32-1,17,14.23,magicmap
32-1,18,6.49,magicmap
32-1,19,5.40,magicmap
32-1,2,9.46,magicmap
32-1,20,6.79,magicmap
32-1,200,1.96,magicmap
32-1,201,1.90,magicmap
32-1,203,3.95,magicmap
32-1,207,16.51,magicmap
32-1,21,6.12,magicmap
32-1,22,3.15,magicmap
32-1,220,16.28,magicmap
32-1,221,18.39,magicmap
32-1,222,17.03,magicmap
32-1,223,21.10,magicmap
32-1,24,6.24,magicmap
32-1,25,4.78,magicmap
32-1,25-1,6.61,magicmap
32-1,26,6.71,magicmap
32-1,27,3.22,magicmap
32-1,28,3.30,magicmap
32-1,29,10.48,magicmap
32-1,3,10.71,magicmap
32-1,30,1.35,magicmap
32-1,300,11.93,magicmap
32-1,301,12.99,magicmap
32-1,302,15.55,magicmap
32-1,31,1.34,magicmap
32-1,32,0.40,magicmap
32-1,33,0.46,magicmap
32-1,34,4.58,magicmap
32-1,35,5.20,magicmap
32-1,36,2.77,magicmap
32-1,37,1.05,magicmap
32-1,38,2.11,magicmap
32-1,39,4.66,magicmap
32-1,4,10.41,magicmap
32-1,40,4.50,magicmap
32-1,43,4.90,magicmap
32-1,43-1,4.57,magicmap
32-1,43-2,4.21,magicmap
32-1,44-1,3.95,magicmap
32-1,49,15.51,magicmap
32-1,5,9.80,magicmap
32-1,50,13.72,magicmap
32-1,500,5.43,magicmap
32-1,51,15.12,magicmap
32-1,52,15.21,magicmap
32-1,52-1,15.89,magicmap
32-1,52-2,16.42,magicmap
32-1,53,15.14,magicmap
32-1,54,14.02,magicmap
32-1,55,13.95,magicmap
32-1,56,4.21,magicmap
32-1,57,19.25,magicmap
32-1,57-1,18.27,magicmap
32-1,58,18.36,magicmap
32-1,59,18.42,magicmap
32-1,59-1,19.35,magicmap
32-1,6,11.40,magicmap
32-1,61,8.99,magicmap
32-1,62,7.24,magicmap
32-1,64,13.25,magicmap
32-1,66,15.55,magicmap
32-1,7,10.21,magicmap
32-1,71,23.46,magicmap
32-1,71-1,21.84,magicmap
32-1,73,11.05,magicmap
32-1,74,12.26,magicmap
32-1,75,0.74,magicmap
32-1,75-1,1.47,magicmap
32-1,8,10.11,magicmap
32-1,80,26.60,magicmap
32-1,81,22.88,magicmap
32-1,82,14.24,magicmap
32-1,83,15.34,magicmap
32-1,84,13.05,magicmap
32-1,85,24.00,magicmap
32-1,85-1,27.22,magicmap
32-1,86,25.91,magicmap
32-1,9,10.44,magicmap
32-1,919,19.02,magicmap
32-1,942,26.41,magicmap
32-1,GATE,17.25,magicmap
33,1,8.66,magicmap
33,10,10.84,magicmap
33,10-1,11.45,magicmap
33,101,14.91,magicmap
33,103,12.01,magicmap
33,105-2,8.90,magicmap
33,11,9.74,magicmap
33,12,9.14,magicmap
33,129,3.45,magicmap
33,13,7.25,magicmap
33,132,10.21,magicmap
33,135,4.70,magicmap
33,14,11.09,magicmap
33,140,17.15,magicmap
33,140-1,17.15,magicmap
33,140-2,17.15,magicmap
33,142,7.62,magicmap
33,143,5.85,magicmap
33,15,12.37,magicmap
33,15-1,13.04,magicmap
33,152-1,21.42,magicmap
33,153,20.82,magicmap
33,16,14.21,magicmap
33,16-1,13.58,magicmap
33,17,13.83,magicmap
33,18,4.95,magicmap
33,19,4.60,magicmap
33,2,8.85,magicmap
33,20,5.54,magicmap
33,200,2.78,magicmap
33,201,2.73,magicmap
33,203,4.77,magicmap
33,207,16.11,magicmap
33,21,4.18,magicmap
33,22,2.90,magicmap
33,220,15.88,magicmap
33,221,17.99,magicmap
33,222,16.64,magicmap
33,223,20.70,magicmap
33,24,7.06,magicmap
33,25,5.60,magicmap
33,25-1,7.44,magicmap
33,26,6.48,magicmap
33,27,3.74,magicmap
33,28,3.05,magicmap
33,29,8.31,magicmap
33,3,10.10,magicmap
33,30,0.66,magicmap
33,300,11.13,magicmap
33,301,12.20,magicmap
33,302,14.76,magicmap
33,31,1.37,magicmap
33,32,0.78,magicmap
33,32-1,0.46,magicmap
33,34,0.86,magicmap
33,35,3.99,magicmap
33,36,1.79,magicmap
33,37,0.40,magicmap
33,38,1.82,magicmap
33,39,3.97,magicmap
33,4,9.81,magicmap
33,40,3.82,magicmap
33,43,3.07,magicmap
33,43-1,2.38,magicmap
33,43-2,2.38,magicmap
33,44-1,3.15,magicmap
33,49,14.91,magicmap
33,5,9.16,magicmap
33,50,13.32,magicmap
33,500,6.25,magicmap
33,51,14.72,magicmap
33,52,14.81,magicmap
33,52-1,15.50,magicmap
33,52-2,16.02,magicmap
33,53,14.53,magicmap
33,54,13.41,magicmap
33,55,13.55,magicmap
33,56,3.20,magicmap
33,57,18.85,magicmap
33,57-1,17.87,magicmap
33,58,18.26,magicmap
33,59,18.02,magicmap
33,59-1,18.95,magicmap
33,6,10.56,magicmap
33,61,7.89,magicmap
33,62,6.63,magicmap
33,64,14.08,magicmap
33,66,13.48,magicmap
33,7,9.11,magicmap
33,71,23.66,magicmap
33,71-1,22.05,magicmap
33,73,11.73,magicmap
33,74,11.86,magicmap
33,75,1.35,magicmap
33,75-1,2.30,magicmap
33,8,9.23,magicmap
33,80,27.43,magicmap
33,81,22.48,magicmap
33,82,13.63,magicmap
33,83,14.94,magicmap
33,84,12.65,magicmap
33,85,23.60,magicmap
33,85-1,28.05,magicmap
33,86,26.74,magicmap
33,9,9.34,magicmap
33,919,18.25,magicmap
33,942,25.65,magicmap
33,GATE,18.08,magicmap
34,1,8.13,magicmap
34,10,10.07,magicmap
34,10-1,10.23,magicmap
34,101,14.47,magicmap
34,103,11.88,magicmap
34,105-2,7.01,magicmap
34,11,8.92,magicmap
34,12,8.07,magicmap
34,129,4.18,magicmap
34,13,6.43,magicmap
34,132,8.31,magicmap
34,135,2.80,magicmap
34,14,10.54,magicmap
34,140,16.63,magicmap
34,140-1,16.63,magicmap
34,140-2,16.63,magicmap
34,142,6.17,magicmap
34,143,4.48,magicmap
34,15,11.84,magicmap
34,15-1,12.52,magicmap
34,152-1,20.89,magicmap
34,153,20.29,magicmap
34,16,13.69,magicmap
34,16-1,13.06,magicmap
34,17,13.30,magicmap
34,18,2.38,magicmap
34,19,1.47,magicmap
34,2,8.33,magicmap
34,20,4.72,magicmap
34,200,4.85,magicmap
34,201,5.96,magicmap
34,203,6.41,magicmap
34,207,15.59,magicmap
34,21,2.81,magicmap
34,22,2.60,magicmap
34,220,15.36,magicmap
34,221,17.47,magicmap
34,222,16.11,magicmap
34,223,20.18,magicmap
34,24,6.89,magicmap
34,25,5.82,magicmap
34,25-1,7.33,magicmap
34,26,6.43,magicmap
34,27,3.89,magicmap
34,28,3.26,magicmap
34,29,6.86,magicmap
34,3,9.58,magicmap
34,30,0.67,magicmap
34,300,9.23,magicmap
34,301,10.30,magicmap
34,302,12.86,magicmap
34,31,3.17,magicmap
34,32,5.04,magicmap
34,32-1,4.58,magicmap
34,33,0.86,magicmap
34,35,0.59,magicmap
34,36,0.53,magicmap
34,37,0.79,magicmap
34,38,2.30,magicmap
34,39,3.07,magicmap
34,4,9.28,magicmap
34,40,3.13,magicmap
34,43,2.52,magicmap
34,43-1,0.95,magicmap
34,43-2,1.86,magicmap
34,44-1,0.82,magicmap
34,49,14.38,magicmap
34,5,8.61,magicmap
34,50,12.80,magicmap
34,500,7.89,magicmap
34,51,14.20,magicmap
34,52,14.29,magicmap
34,52-1,14.97,magicmap
34,52-2,15.49,magicmap
34,53,14.00,magicmap
34,54,12.89,magicmap
34,55,13.03,magicmap
34,56,2.68,magicmap
34,57,18.33,magicmap
34,57-1,17.34,magicmap
34,58,17.74,magicmap
34,59,17.50,magicmap
34,59-1,18.43,magicmap
34,6,10.00,magicmap
34,61,7.33,magicmap
34,62,6.11,magicmap
34,64,15.19,magicmap
34,66,12.03,magicmap
34,7,8.55,magicmap
34,71,23.14,magicmap
34,71-1,21.53,magicmap
34,73,11.21,magicmap
34,74,11.34,magicmap
34,75,5.51,magicmap
34,75-1,6.56,magicmap
34,8,8.67,magicmap
34,80,27.49,magicmap
34,81,21.95,magicmap
34,82,13.11,magicmap
34,83,14.42,magicmap
34,84,12.12,magicmap
34,85,23.08,magicmap
34,85-1,28.11,magicmap
34,86,26.80,magicmap
34,9,8.73,magicmap
34,919,17.03,magicmap
34,942,24.42,magicmap
34,GATE,19.19,magicmap
35,1,6.46,magicmap
35,10,7.50,magicmap
35,10-1,7.65,magicmap
35,101,13.33,magicmap
35,103,10.74,magicmap
35,105-2,7.53,magicmap
35,11,6.65,magicmap
35,12,5.50,magicmap
35,129,4.76,magicmap
35,13,3.89,magicmap
35,132,6.54,magicmap
35,135,3.32,magicmap
35,14,8.52,magicmap
35,140,15.48,magicmap
35,140-1,15.48,magicmap
35,140-2,15.48,magicmap
35,142,3.68,magicmap
35,143,1.91,magicmap
35,15,10.70,magicmap
35,15-1,11.37,magicmap
35,152-1,19.75,magicmap
35,153,19.15,magicmap
35,16,12.54,magicmap
35,16-1,11.92,magicmap
35,17,12.16,magicmap
35,18,0.82,magicmap
35,19,0.76,magicmap
35,2,6.66,magicmap
35,20,2.25,magicmap
35,200,5.43,magicmap
35,201,6.53,magicmap
35,203,6.98,magicmap
35,207,14.44,magicmap
35,21,0.70,magicmap
35,22,3.14,magicmap
35,220,14.22,magicmap
35,221,16.32,magicmap
35,222,14.97,magicmap
35,223,18.96,magicmap
35,24,6.27,magicmap
35,25,5.78,magicmap
35,25-1,6.71,magicmap
35,26,5.81,magicmap
35,27,4.46,magicmap
35,28,3.83,magicmap
35,29,4.37,magicmap
35,3,7.90,magicmap
35,30,1.77,magicmap
35,300,9.75,magicmap
35,301,10.82,magicmap
35,302,13.38,magicmap
35,31,3.74,magicmap
35,32,5.66,magicmap
35,32-1,5.20,magicmap
35,33,3.99,magicmap
35,34,0.59,magicmap
35,36,1.04,magicmap
35,37,2.92,magicmap
35,38,2.85,magicmap
35,39,3.59,magicmap
35,4,7.61,magicmap
35,40,3.66,magicmap
35,43,0.86,magicmap
35,43-1,1.20,magicmap
35,43-2,1.30,magicmap
35,44-1,1.30,magicmap
35,49,12.71,magicmap
35,5,6.59,magicmap
35,50,11.65,magicmap
35,500,8.46,magicmap
35,51,13.06,magicmap
35,52,13.14,magicmap
35,52-1,13.83,magicmap
35,52-2,14.35,magicmap
35,53,12.33,magicmap
35,54,11.21,magicmap
35,55,11.48,magicmap
35,56,1.36,magicmap
35,57,17.18,magicmap
35,57-1,16.20,magicmap
35,58,16.60,magicmap
35,59,16.35,magicmap
35,59-1,17.28,magicmap
35,6,7.99,magicmap
35,61,5.31,magicmap
35,62,4.96,magicmap
35,64,14.05,magicmap
35,66,9.54,magicmap
35,7,6.53,magicmap
35,71,22.00,magicmap
35,71-1,20.38,magicmap
35,73,10.06,magicmap
35,74,10.09,magicmap
35,75,6.13,magicmap
35,75-1,7.17,magicmap
35,8,6.66,magicmap
35,80,26.35,magicmap
35,81,20.81,magicmap
35,82,11.43,magicmap
35,83,13.28,magicmap
35,84,10.98,magicmap
35,85,21.93,magicmap
35,85-1,26.96,magicmap
35,86,25.66,magicmap
35,9,6.47,magicmap
35,919,14.46,magicmap
35,942,21.85,magicmap
35,GATE,18.05,magicmap
36,1,9.06,magicmap
36,10,10.66,magicmap
36,10-1,10.81,magicmap
36,101,15.71,magicmap
36,103,13.12,magicmap
36,105-2,6.48,magicmap
36,11,9.50,magicmap
36,12,8.65,magicmap
36,129,5.56,magicmap
36,13,7.01,magicmap
36,132,7.78,magicmap
36,135,2.28,magicmap
36,14,11.12,magicmap
36,140,17.86,magicmap
36,140-1,17.86,magicmap
36,140-2,17.86,magicmap
36,142,6.58,magicmap
36,143,5.06,magicmap
36,15,13.08,magicmap
36,15-1,13.75,magicmap
36,152-1,22.13,magicmap
36,153,21.53,magicmap
36,16,14.92,magicmap
36,16-1,14.30,magicmap
36,17,14.54,magicmap
36,18,2.79,magicmap
36,19,1.70,magicmap
36,2,9.25,magicmap
36,20,5.30,magicmap
36,200,5.23,magicmap
36,201,5.17,magicmap
36,203,7.22,magicmap
36,207,16.82,magicmap
36,21,3.39,magicmap
36,22,3.98,magicmap
36,220,16.60,magicmap
36,221,18.70,magicmap
36,222,17.35,magicmap
36,223,21.41,magicmap
36,24,8.26,magicmap
36,25,7.20,magicmap
36,25-1,8.71,magicmap
36,26,7.81,magicmap
36,27,5.27,magicmap
36,28,4.63,magicmap
36,29,7.28,magicmap
36,3,10.50,magicmap
36,30,1.90,magicmap
36,300,8.71,magicmap
36,301,9.77,magicmap
36,302,12.33,magicmap
36,31,4.17,magicmap
36,32,3.23,magicmap
36,32-1,2.77,magicmap
36,33,1.79,magicmap
36,34,0.53,magicmap
36,35,1.04,magicmap
36,37,0.32,magicmap
36,38,0.53,magicmap
36,39,2.43,magicmap
36,4,10.21,magicmap
36,40,2.28,magicmap
36,43,3.10,magicmap
36,43-1,2.00,magicmap
36,43-2,2.59,magicmap
36,44-1,0.31,magicmap
36,49,15.31,magicmap
36,5,9.19,magicmap
36,50,14.04,magicmap
36,500,8.70,magicmap
36,51,15.44,magicmap
36,52,15.52,magicmap
36,52-1,16.21,magicmap
36,52-2,16.73,magicmap
36,53,14.93,magicmap
36,54,13.81,magicmap
36,55,14.08,magicmap
36,56,3.40,magicmap
36,57,19.57,magicmap
36,57-1,18.58,magicmap
36,58,18.98,magicmap
36,59,18.73,magicmap
36,59-1,19.66,magicmap
36,6,10.58,magicmap
36,61,7.91,magicmap
36,62,7.34,magicmap
36,64,16.43,magicmap
36,66,12.33,magicmap
36,7,9.13,magicmap
36,71,24.38,magicmap
36,71-1,22.76,magicmap
36,73,12.45,magicmap
36,74,12.57,magicmap
36,75,3.70,magicmap
36,75-1,4.74,magicmap
36,8,9.25,magicmap
36,80,28.73,magicmap
36,81,23.19,magicmap
36,82,14.03,magicmap
36,83,15.66,magicmap
36,84,13.36,magicmap
36,85,24.32,magicmap
36,85-1,29.35,magicmap
36,86,28.04,magicmap
36,9,9.32,magicmap
36,919,17.61,magicmap
36,942,25.01,magicmap
36,GATE,20.43,magicmap
37,1,8.58,magicmap
37,10,10.77,magicmap
37,10-1,11.38,magicmap
37,101,14.92,magicmap
37,103,12.33,magicmap
37,105-2,7.42,magicmap
37,11,9.67,magicmap
37,12,9.06,magicmap
37,129,4.18,magicmap
37,13,7.17,magicmap
37,132,8.72,magicmap
37,135,3.22,magicmap
37,14,11.02,magicmap
37,140,17.08,magicmap
37,140-1,17.08,magicmap
37,140-2,17.08,magicmap
37,142,7.54,magicmap
37,143,5.78,magicmap
37,15,12.29,magicmap
37,15-1,12.96,magicmap
37,152-1,21.34,magicmap
37,153,20.74,magicmap
37,16,14.14,magicmap
37,16-1,13.51,magicmap
37,17,13.75,magicmap
37,18,4.21,magicmap
37,19,3.12,magicmap
37,2,8.78,magicmap
37,20,5.46,magicmap
37,200,3.51,magicmap
37,201,3.46,magicmap
37,203,5.50,magicmap
37,207,16.03,magicmap
37,21,4.11,magicmap
37,22,3.05,magicmap
37,220,15.81,magicmap
37,221,17.91,magicmap
37,222,16.56,magicmap
37,223,20.62,magicmap
37,24,7.34,magicmap
37,25,6.10,magicmap
37,25-1,7.78,magicmap
37,26,6.88,magicmap
37,27,4.17,magicmap
37,28,3.49,magicmap
37,29,8.24,magicmap
37,3,10.03,magicmap
37,30,0.65,magicmap
37,300,9.65,magicmap
37,301,10.71,magicmap
37,302,13.27,magicmap
37,31,1.81,magicmap
37,32,1.51,magicmap
37,32-1,1.05,magicmap
37,33,0.40,magicmap
37,34,0.79,magicmap
37,35,2.92,magicmap
37,36,0.32,magicmap
37,38,0.52,magicmap
37,39,2.42,magicmap
37,4,9.73,magicmap
37,40,2.26,magicmap
37,43,3.00,magicmap
37,43-1,2.31,magicmap
37,43-2,2.31,magicmap
37,44-1,1.67,magicmap
37,49,14.83,magicmap
37,5,9.09,magicmap
37,50,13.25,magicmap
37,500,6.98,magicmap
37,51,14.65,magicmap
37,52,14.73,magicmap
37,52-1,15.42,magicmap
37,52-2,15.94,magicmap
37,53,14.45,magicmap
37,54,13.34,magicmap
37,55,13.47,magicmap
37,56,3.13,magicmap
37,57,18.78,magicmap
37,57-1,17.79,magicmap
37,58,18.19,magicmap
37,59,17.95,magicmap
37,59-1,18.87,magicmap
37,6,10.48,magicmap
37,61,7.81,magicmap
37,62,6.56,magicmap
37,64,14.81,magicmap
37,66,13.27,magicmap
37,7,9.03,magicmap
37,71,23.59,magicmap
37,71-1,21.98,magicmap
37,73,11.66,magicmap
37,74,11.78,magicmap
37,75,2.57,magicmap
37,75-1,3.03,magicmap
37,8,9.15,magicmap
37,80,27.94,magicmap
37,81,22.40,magicmap
37,82,13.56,magicmap
37,83,14.87,magicmap
37,84,12.57,magicmap
37,85,23.53,magicmap
37,85-1,28.56,magicmap
37,86,27.25,magicmap
37,9,9.27,magicmap
37,919,18.18,magicmap
37,942,25.57,magicmap
37,GATE,18.81,magicmap
38,1,10.09,magicmap
38,10,12.02,magicmap
38,10-1,12.17,magicmap
38,101,16.32,magicmap
38,103,13.42,magicmap
38,105-2,7.35,magicmap
38,11,11.17,magicmap
38,12,10.02,magicmap
38,129,4.85,magicmap
38,13,8.41,magicmap
38,132,8.66,magicmap
38,135,3.15,magicmap
38,14,12.53,magicmap
38,140,18.59,magicmap
38,140-1,18.59,magicmap
38,140-2,18.59,magicmap
38,142,7.93,magicmap
38,143,6.42,magicmap
38,15,13.80,magicmap
38,15-1,14.48,magicmap
38,152-1,22.85,magicmap
38,153,22.25,magicmap
38,16,15.65,magicmap
38,16-1,15.02,magicmap
38,17,15.26,magicmap
38,18,4.14,magicmap
38,19,3.05,magicmap
38,2,10.29,magicmap
38,20,6.76,magicmap
38,200,4.19,magicmap
38,201,4.13,magicmap
38,203,6.18,magicmap
38,207,17.54,magicmap
38,21,5.20,magicmap
38,22,4.56,magicmap
38,220,17.32,magicmap
38,221,19.43,magicmap
38,222,18.07,magicmap
38,223,22.14,magicmap
38,24,8.47,magicmap
38,25,7.01,magicmap
38,25-1,8.85,magicmap
38,26,8.39,magicmap
38,27,5.45,magicmap
38,28,5.22,magicmap
38,29,8.63,magicmap
38,3,11.54,magicmap
38,30,2.13,magicmap
38,300,9.58,magicmap
38,301,10.65,magicmap
38,302,13.21,magicmap
38,31,3.51,magicmap
38,32,2.49,magicmap
38,32-1,2.11,magicmap
38,33,1.82,magicmap
38,34,2.30,magicmap
38,35,2.85,magicmap
38,36,0.53,magicmap
38,37,0.52,magicmap
38,39,2.32,magicmap
38,4,11.24,magicmap
38,40,2.17,magicmap
38,43,4.51,magicmap
38,43-1,3.81,magicmap
38,43-2,3.82,magicmap
38,44-1,1.60,magicmap
38,49,16.34,magicmap
38,5,10.60,magicmap
38,50,14.76,magicmap
38,500,7.66,magicmap
38,51,16.16,magicmap
38,52,16.25,magicmap
38,52-1,16.93,magicmap
38,52-2,17.45,magicmap
38,53,15.96,magicmap
38,54,14.85,magicmap
38,55,14.98,magicmap
38,56,4.64,magicmap
38,57,20.29,magicmap
38,57-1,19.30,magicmap
38,58,19.70,magicmap
38,59,19.46,magicmap
38,59-1,20.38,magicmap
38,6,12.00,magicmap
38,61,9.32,magicmap
38,62,8.07,magicmap
38,64,15.49,magicmap
38,66,13.20,magicmap
38,7,10.54,magicmap
38,71,25.10,magicmap
38,71-1,23.49,magicmap
38,73,13.17,magicmap
38,74,13.30,magicmap
38,75,2.23,magicmap
38,75-1,3.71,magicmap
38,8,10.67,magicmap
38,80,28.84,magicmap
38,81,23.91,magicmap
38,82,15.07,magicmap
38,83,16.38,magicmap
38,84,14.08,magicmap
38,85,25.04,magicmap
38,85-1,29.45,magicmap
38,86,28.15,magicmap
38,9,10.78,magicmap
38,919,18.98,magicmap
38,942,26.37,magicmap
38,GATE,19.49,magicmap
39,1,11.61,magicmap
39,10,12.76,magicmap
39,10-1,12.91,magicmap
39,101,18.26,magicmap
39,103,15.67,magicmap
39,105-2,4.84,magicmap
39,11,11.91,magicmap
39,12,10.76,magicmap
39,129,7.78,magicmap
39,13,9.15,magicmap
39,132,6.14,magicmap
39,135,0.33,magicmap
39,14,13.67,magicmap
39,140,20.41,magicmap
39,140-1,20.41,magicmap
39,140-2,20.41,magicmap
39,142,8.67,magicmap
39,143,7.16,magicmap
39,15,15.63,magicmap
39,15-1,16.30,magicmap
39,152-1,24.68,magicmap
39,153,24.08,magicmap
39,16,17.47,magicmap
39,16-1,16.85,magicmap
39,17,17.09,magicmap
39,18,4.88,magicmap
39,19,3.79,magicmap
39,2,11.80,magicmap
39,20,7.50,magicmap
39,200,7.12,magicmap
39,201,7.06,magicmap
39,203,9.11,magicmap
39,207,19.37,magicmap
39,21,5.94,magicmap
39,22,6.52,magicmap
39,220,19.15,magicmap
39,221,21.25,magicmap
39,222,19.90,magicmap
39,223,23.96,magicmap
39,24,10.80,magicmap
39,25,9.74,magicmap
39,25-1,11.25,magicmap
39,26,10.34,magicmap
39,27,7.80,magicmap
39,28,7.17,magicmap
39,29,9.30,magicmap
39,3,13.05,magicmap
39,30,4.09,magicmap
39,300,7.06,magicmap
39,301,8.13,magicmap
39,302,10.69,magicmap
39,31,6.06,magicmap
39,32,5.12,magicmap
39,32-1,4.66,magicmap
39,33,3.97,magicmap
39,34,3.07,magicmap
39,35,3.59,magicmap
39,36,2.43,magicmap
39,37,2.42,magicmap
39,38,2.32,magicmap
39,4,12.76,magicmap
39,40,0.17,magicmap
39,43,5.65,magicmap
39,43-1,4.55,magicmap
39,43-2,5.14,magicmap
39,44-1,0.95,magicmap
39,49,17.86,magicmap
39,5,11.74,magicmap
39,50,16.59,magicmap
39,500,10.59,magicmap
39,51,17.99,magicmap
39,52,18.07,magicmap
39,52-1,18.76,magicmap
39,52-2,19.28,magicmap
39,53,17.48,magicmap
39,54,16.36,magicmap
39,55,16.62,magicmap
39,56,5.95,magicmap
39,57,22.12,magicmap
39,57-1,21.13,magicmap
39,58,21.53,magicmap
39,59,21.28,magicmap
39,59-1,22.21,magicmap
39,6,13.13,magicmap
39,61,10.46,magicmap
39,62,9.89,magicmap
39,64,18.41,magicmap
39,66,10.69,magicmap
39,7,11.68,magicmap
39,71,26.93,magicmap
39,71-1,25.31,magicmap
39,73,15.00,magicmap
39,74,15.12,magicmap
39,75,5.47,magicmap
39,75-1,6.63,magicmap
39,8,11.80,magicmap
39,80,31.28,magicmap
39,81,25.74,magicmap
39,82,16.58,magicmap
39,83,18.21,magicmap
39,84,15.91,magicmap
39,85,26.86,magicmap
39,85-1,31.90,magicmap
39,86,30.59,magicmap
39,9,11.72,magicmap
39,919,19.72,magicmap
39,942,27.11,magicmap
39,GATE,22.42,magicmap
4,1,1.91,magicmap
4,10,3.29,magicmap
4,10-1,3.91,magicmap
4,101,6.61,magicmap
4,103,5.14,magicmap
4,105-2,16.69,magicmap
4,11,3.48,magicmap
4,12,2.86,magicmap
4,129,9.01,magicmap
4,13,3.08,magicmap
4,132,14.01,magicmap
4,135,12.49,magicmap
4,14,2.08,magicmap
4,140,7.18,magicmap
4,140-1,7.18,magicmap
4,140-2,7.18,magicmap
4,142,11.15,magicmap
4,143,5.66,magicmap
4,15,3.98,magicmap
4,15-1,4.65,magicmap
4,152-1,12.10,magicmap
4,153,11.51,magicmap
4,16,5.82,magicmap
4,16-1,5.20,magicmap
4,17,4.51,magicmap
4,18,8.48,magicmap
4,19,9.28,magicmap
4,2,0.57,magicmap
4,20,4.19,magicmap
4,200,9.14,magicmap
4,201,10.78,magicmap
4,203,9.23,magicmap
4,207,6.52,magicmap
4,21,6.99,magicmap
4,22,5.58,magicmap
4,220,5.91,magicmap
4,221,8.01,magicmap
4,222,6.66,magicmap
4,223,10.72,magicmap
4,24,5.43,magicmap
4,25,6.48,magicmap
4,25-1,7.00,magicmap
4,26,6.58,magicmap
4,27,7.24,magicmap
4,28,7.55,magicmap
4,29,11.84,magicmap
4,3,0.28,magicmap
4,30,8.50,magicmap
4,300,18.92,magicmap
4,301,19.98,magicmap
4,302,22.54,magicmap
4,31,7.99,magicmap
4,32,11.64,magicmap
4,32-1,10.41,magicmap
4,33,9.81,magicmap
4,34,9.28,magicmap
4,35,7.61,magicmap
4,36,10.21,magicmap
4,37,9.73,magicmap
4,38,11.24,magicmap
4,39,12.76,magicmap
4,40,12.82,magicmap
4,43,7.15,magicmap
4,43-1,8.07,magicmap
4,43-2,7.66,magicmap
4,44-1,10.47,magicmap
4,49,4.28,magicmap
4,5,0.83,magicmap
4,50,4.01,magicmap
4,500,9.89,magicmap
4,51,5.29,magicmap
4,52,5.22,magicmap
4,52-1,5.82,magicmap
4,52-2,6.43,magicmap
4,53,3.90,magicmap
4,54,2.79,magicmap
4,55,3.05,magicmap
4,56,6.05,magicmap
4,57,8.88,magicmap
4,57-1,7.89,magicmap
4,58,8.95,magicmap
4,59,8.05,magicmap
4,59-1,8.97,magicmap
4,6,1.60,magicmap
4,61,1.39,magicmap
4,62,3.55,magicmap
4,64,8.89,magicmap
4,66,16.66,magicmap
4,7,1.97,magicmap
4,71,14.35,magicmap
4,71-1,12.74,magicmap
4,73,3.73,magicmap
4,74,1.99,magicmap
4,75,11.59,magicmap
4,75-1,11.44,magicmap
4,8,1.15,magicmap
4,80,18.70,magicmap
4,81,12.50,magicmap
4,82,3.01,magicmap
4,83,5.63,magicmap
4,84,3.73,magicmap
4,85,13.63,magicmap
4,85-1,19.32,magicmap
4,86,18.01,magicmap
4,9,2.66,magicmap
4,919,9.15,magicmap
4,942,16.55,magicmap
4,GATE,12.86,magicmap
40,1,11.67,magicmap
40,10,12.82,magicmap
40,10-1,12.98,magicmap
40,101,18.23,magicmap
40,103,15.64,magicmap
40,105-2,4.55,magicmap
40,11,11.97,magicmap
40,12,10.82,magicmap
40,129,7.62,magicmap
40,13,9.22,magicmap
40,132,5.86,magicmap
40,135,0.70,magicmap
40,14,13.73,magicmap
40,140,20.39,magicmap
40,140-1,20.39,magicmap
40,140-2,20.39,magicmap
40,142,8.74,magicmap
40,143,7.23,magicmap
40,15,15.60,magicmap
40,15-1,16.27,magicmap
40,152-1,24.65,magicmap
40,153,24.05,magicmap
40,16,17.44,magicmap
40,16-1,16.82,magicmap
40,17,17.06,magicmap
40,18,4.95,magicmap
40,19,3.86,magicmap
40,2,11.87,magicmap
40,20,7.57,magicmap
40,200,6.96,magicmap
40,201,6.91,magicmap
40,203,8.95,magicmap
40,207,19.34,magicmap
40,21,6.00,magicmap
40,22,6.36,magicmap
40,220,19.12,magicmap
40,221,21.22,magicmap
40,222,19.87,magicmap
40,223,23.93,magicmap
40,24,10.64,magicmap
40,25,9.58,magicmap
40,25-1,11.09,magicmap
40,26,10.19,magicmap
40,27,7.65,magicmap
40,28,7.02,magicmap
40,29,8.99,magicmap
40,3,13.12,magicmap
40,30,3.93,magicmap
40,300,6.69,magicmap
40,301,7.76,magicmap
40,302,10.32,magicmap
40,31,5.90,magicmap
40,32,4.96,magicmap
40,32-1,4.50,magicmap
40,33,3.82,magicmap
40,34,3.13,magicmap
40,35,3.66,magicmap
40,36,2.28,magicmap
40,37,2.26,magicmap
40,38,2.17,magicmap
40,39,0.17,magicmap
40,4,12.82,magicmap
40,43,5.71,magicmap
40,43-1,4.61,magicmap
40,43-2,5.20,magicmap
40,44-1,2.41,magicmap
40,49,17.92,magicmap
40,5,11.80,magicmap
40,50,16.56,magicmap
40,500,10.43,magicmap
40,51,17.96,magicmap
40,52,18.04,magicmap
40,52-1,18.73,magicmap
40,52-2,19.25,magicmap
40,53,17.54,magicmap
40,54,16.43,magicmap
40,55,16.69,magicmap
40,56,6.02,magicmap
40,57,22.09,magicmap
40,57-1,21.10,magicmap
40,58,21.50,magicmap
40,59,21.26,magicmap
40,59-1,22.18,magicmap
40,6,13.20,magicmap
40,61,10.53,magicmap
40,62,9.86,magicmap
40,64,18.26,magicmap
40,66,10.37,magicmap
40,7,11.74,magicmap
40,71,26.90,magicmap
40,71-1,25.28,magicmap
40,73,14.97,magicmap
40,74,15.09,magicmap
40,75,5.31,magicmap
40,75-1,6.48,magicmap
40,8,11.87,magicmap
40,80,31.25,magicmap
40,81,25.71,magicmap
40,82,16.65,magicmap
40,83,18.18,magicmap
40,84,15.88,magicmap
40,85,26.84,magicmap
40,85-1,31.87,magicmap
40,86,30.56,magicmap
40,9,11.79,magicmap
40,919,19.78,magicmap
40,942,27.17,magicmap
40,GATE,22.26,magicmap
43,1,6.00,magicmap
43,10,7.81,magicmap
43,10-1,8.24,magicmap
43,101,12.65,magicmap
43,103,10.06,magicmap
43,105-2,9.58,magicmap
43,11,6.54,magicmap
43,12,5.93,magicmap
43,129,3.49,magicmap
43,13,4.04,magicmap
43,132,7.35,magicmap
43,135,5.38,magicmap
43,14,8.06,magicmap
43,140,14.81,magicmap
43,140-1,14.81,magicmap
43,140-2,14.81,magicmap
43,142,4.49,magicmap
43,143,2.72,magicmap
43,15,10.02,magicmap
43,15-1,10.70,magicmap
43,152-1,19.07,magicmap
43,153,18.47,magicmap
43,16,11.87,magicmap
43,16-1,11.24,magicmap
43,17,11.48,magicmap
43,18,1.82,magicmap
43,19,2.62,magicmap
43,2,6.20,magicmap
43,20,2.33,magicmap
43,200,4.17,magicmap
43,201,5.27,magicmap
43,203,5.72,magicmap
43,207,13.76,magicmap
43,21,0.67,magicmap
43,22,1.91,magicmap
43,220,13.54,magicmap
43,221,15.65,magicmap
43,222,14.29,magicmap
43,223,18.36,magicmap
43,24,5.53,magicmap
43,25,5.05,magicmap
43,25-1,5.98,magicmap
43,26,5.07,magicmap
43,27,3.20,magicmap
43,28,2.57,magicmap
43,29,5.18,magicmap
43,3,7.44,magicmap
43,30,1.76,magicmap
43,300,11.81,magicmap
43,301,12.87,magicmap
43,302,15.43,magicmap
43,31,2.48,magicmap
43,32,6.13,magicmap
43,32-1,4.90,magicmap
43,33,3.07,magicmap
43,34,2.52,magicmap
43,35,0.86,magicmap
43,36,3.10,magicmap
43,37,3.00,magicmap
43,38,4.51,magicmap
43,39,5.65,magicmap
43,4,7.15,magicmap
43,40,5.71,magicmap
43,43-1,0.96,magicmap
43,43-2,0.55,magicmap
43,44-1,3.36,magicmap
43,49,12.25,magicmap
43,5,6.13,magicmap
43,50,10.98,magicmap
43,500,7.20,magicmap
43,51,12.38,magicmap
43,52,12.47,magicmap
43,52-1,13.15,magicmap
43,52-2,13.67,magicmap
43,53,11.87,magicmap
43,54,10.75,magicmap
43,55,11.02,magicmap
43,56,0.51,magicmap
43,57,16.51,magicmap
43,57-1,15.52,magicmap
43,58,15.92,magicmap
43,59,15.68,magicmap
43,59-1,16.60,magicmap
43,6,7.53,magicmap
43,61,4.86,magicmap
43,62,4.29,magicmap
43,64,13.37,magicmap
43,66,10.35,magicmap
43,7,6.07,magicmap
43,71,21.32,magicmap
43,71-1,19.71,magicmap
43,73,9.39,magicmap
43,74,9.52,magicmap
43,75,6.07,magicmap
43,75-1,5.92,magicmap
43,8,6.20,magicmap
43,80,25.67,magicmap
43,81,20.13,magicmap
43,82,10.98,magicmap
43,83,12.60,magicmap
43,84,10.30,magicmap
43,85,21.26,magicmap
43,85-1,26.29,magicmap
43,86,24.98,magicmap
43,9,6.31,magicmap
43,919,15.05,magicmap
43,942,22.44,magicmap
43,GATE,17.37,magicmap
43-1,1,6.93,magicmap
43-1,10,8.66,magicmap
43-1,10-1,8.82,magicmap
43-1,101,13.46,magicmap
43-1,103,10.87,magicmap
43-1,105-2,8.48,magicmap
43-1,11,7.51,magicmap
43-1,12,6.66,magicmap
43-1,129,3.17,magicmap
43-1,13,5.01,magicmap
43-1,132,7.70,magicmap
43-1,135,4.28,magicmap
43-1,14,8.99,magicmap
43-1,140,15.62,magicmap
43-1,140-1,15.62,magicmap
43-1,140-2,15.62,magicmap
43-1,142,4.83,magicmap
43-1,143,3.07,magicmap
43-1,15,10.83,magicmap
43-1,15-1,11.50,magicmap
43-1,152-1,19.88,magicmap
43-1,153,19.28,magicmap
43-1,16,12.67,magicmap
43-1,16-1,12.05,magicmap
43-1,17,12.29,magicmap
43-1,18,2.16,magicmap
43-1,19,2.52,magicmap
43-1,2,7.12,magicmap
43-1,20,3.31,magicmap
43-1,200,3.84,magicmap
43-1,201,4.94,magicmap
43-1,203,5.39,magicmap
43-1,207,14.57,magicmap
43-1,21,1.40,magicmap
43-1,22,1.59,magicmap
43-1,220,14.35,magicmap
43-1,221,16.45,magicmap
43-1,222,15.10,magicmap
43-1,223,19.16,magicmap
43-1,24,5.87,magicmap
43-1,25,4.81,magicmap
43-1,25-1,6.32,magicmap
43-1,26,5.42,magicmap
43-1,27,2.88,magicmap
43-1,28,2.25,magicmap
43-1,29,5.53,magicmap
43-1,3,8.37,magicmap
43-1,30,1.10,magicmap
43-1,300,10.71,magicmap
43-1,301,11.78,magicmap
43-1,302,14.34,magicmap
43-1,31,2.15,magicmap
43-1,32,5.80,magicmap
43-1,32-1,4.57,magicmap
43-1,33,2.38,magicmap
43-1,34,0.95,magicmap
43-1,35,1.20,magicmap
43-1,36,2.00,magicmap
43-1,37,2.31,magicmap
43-1,38,3.81,magicmap
43-1,39,4.55,magicmap
43-1,4,8.07,magicmap
43-1,40,4.61,magicmap
43-1,43,0.96,magicmap
43-1,43-2,0.46,magicmap
43-1,44-1,2.26,magicmap
43-1,49,13.17,magicmap
43-1,5,7.05,magicmap
43-1,50,11.79,magicmap
43-1,500,6.88,magicmap
43-1,51,13.19,magicmap
43-1,52,13.27,magicmap
43-1,52-1,13.96,magicmap
43-1,52-2,14.48,magicmap
43-1,53,12.80,magicmap
43-1,54,11.68,magicmap
43-1,55,11.94,magicmap
43-1,56,1.27,magicmap
43-1,57,17.32,magicmap
43-1,57-1,16.33,magicmap
43-1,58,16.73,magicmap
43-1,59,16.48,magicmap
43-1,59-1,17.41,magicmap
43-1,6,8.45,magicmap
43-1,61,5.78,magicmap
43-1,62,5.09,magicmap
43-1,64,14.18,magicmap
43-1,66,10.69,magicmap
43-1,7,7.00,magicmap
43-1,71,22.13,magicmap
43-1,71-1,20.51,magicmap
43-1,73,10.20,magicmap
43-1,74,10.32,magicmap
43-1,75,5.75,magicmap
43-1,75-1,5.60,magicmap
43-1,8,7.12,magicmap
43-1,80,26.48,magicmap
43-1,81,20.94,magicmap
43-1,82,11.90,magicmap
43-1,83,13.41,magicmap
43-1,84,11.11,magicmap
43-1,85,22.07,magicmap
43-1,85-1,27.10,magicmap
43-1,86,25.79,magicmap
43-1,9,7.24,magicmap
43-1,919,15.62,magicmap
43-1,942,23.01,magicmap
43-1,GATE,18.18,magicmap
43-2,1,6.51,magicmap
43-2,10,8.32,magicmap
43-2,10-1,8.91,magicmap
43-2,101,13.10,magicmap
43-2,103,10.51,magicmap
43-2,105-2,9.07,magicmap
43-2,11,7.22,magicmap
43-2,12,6.61,magicmap
43-2,129,2.81,magicmap
43-2,13,4.72,magicmap
43-2,132,7.79,magicmap
43-2,135,4.87,magicmap
43-2,14,8.57,magicmap
43-2,140,15.25,magicmap
43-2,140-1,15.25,magicmap
43-2,140-2,15.25,magicmap
43-2,142,4.93,magicmap
43-2,143,3.16,magicmap
43-2,15,10.47,magicmap
43-2,15-1,11.14,magicmap
43-2,152-1,19.52,magicmap
43-2,153,18.92,magicmap
43-2,16,12.31,magicmap
43-2,16-1,11.69,magicmap
43-2,17,11.93,magicmap
43-2,18,2.26,magicmap
43-2,19,3.06,magicmap
43-2,2,6.71,magicmap
43-2,20,3.01,magicmap
43-2,200,3.48,magicmap
43-2,201,4.58,magicmap
43-2,203,5.03,magicmap
43-2,207,14.21,magicmap
43-2,21,1.49,magicmap
43-2,22,1.23,magicmap
43-2,220,13.99,magicmap
43-2,221,16.09,magicmap
43-2,222,14.74,magicmap
43-2,223,18.80,magicmap
43-2,24,5.51,magicmap
43-2,25,4.45,magicmap
43-2,25-1,5.96,magicmap
43-2,26,5.06,magicmap
43-2,27,2.52,magicmap
43-2,28,1.88,magicmap
43-2,29,5.63,magicmap
43-2,3,7.95,magicmap
43-2,30,1.10,magicmap
43-2,300,11.30,magicmap
43-2,301,12.37,magicmap
43-2,302,14.93,magicmap
43-2,31,1.79,magicmap
43-2,32,5.44,magicmap
43-2,32-1,4.21,magicmap
43-2,33,2.38,magicmap
43-2,34,1.86,magicmap
43-2,35,1.30,magicmap
43-2,36,2.59,magicmap
43-2,37,2.31,magicmap
43-2,38,3.82,magicmap
43-2,39,5.14,magicmap
43-2,4,7.66,magicmap
43-2,40,5.20,magicmap
43-2,43,0.55,magicmap
43-2,43-1,0.46,magicmap
43-2,44-1,2.85,magicmap
43-2,49,12.76,magicmap
43-2,5,6.64,magicmap
43-2,50,11.42,magicmap
43-2,500,6.51,magicmap
43-2,51,12.83,magicmap
43-2,52,12.91,magicmap
43-2,52-1,13.60,magicmap
43-2,52-2,14.12,magicmap
43-2,53,12.38,magicmap
43-2,54,11.26,magicmap
43-2,55,11.53,magicmap
43-2,56,0.86,magicmap
43-2,57,16.95,magicmap
43-2,57-1,15.97,magicmap
43-2,58,16.37,magicmap
43-2,59,16.12,magicmap
43-2,59-1,17.05,magicmap
43-2,6,8.04,magicmap
43-2,61,5.36,magicmap
43-2,62,4.73,magicmap
43-2,64,13.82,magicmap
43-2,66,10.79,magicmap
43-2,7,6.58,magicmap
43-2,71,21.77,magicmap
43-2,71-1,20.15,magicmap
43-2,73,9.83,magicmap
43-2,74,9.96,magicmap
43-2,75,5.39,magicmap
43-2,75-1,5.23,magicmap
43-2,8,6.71,magicmap
43-2,80,26.12,magicmap
43-2,81,20.58,magicmap
43-2,82,11.48,magicmap
43-2,83,13.05,magicmap
43-2,84,10.75,magicmap
43-2,85,21.70,magicmap
43-2,85-1,26.73,magicmap
43-2,86,25.43,magicmap
43-2,9,6.82,magicmap
43-2,919,15.72,magicmap
43-2,942,23.11,magicmap
43-2,GATE,17.82,magicmap
44-1,1,9.32,magicmap
44-1,10,10.42,magicmap
44-1,10-1,10.58,magicmap
44-1,101,15.97,magicmap
44-1,103,13.38,magicmap
44-1,105-2,6.28,magicmap
44-1,11,9.57,magicmap
44-1,12,8.42,magicmap
44-1,129,5.82,magicmap
44-1,13,6.82,magicmap
44-1,132,7.58,magicmap
44-1,135,1.44,magicmap
44-1,14,11.38,magicmap
44-1,140,18.12,magicmap
44-1,140-1,18.12,magicmap
44-1,140-2,18.12,magicmap
44-1,142,6.34,magicmap
44-1,143,4.83,magicmap
44-1,15,13.34,magicmap
44-1,15-1,14.01,magicmap
44-1,152-1,22.39,magicmap
44-1,153,21.79,magicmap
44-1,16,15.18,magicmap
44-1,16-1,14.56,magicmap
44-1,17,14.80,magicmap
44-1,18,2.55,magicmap
44-1,19,1.45,magicmap
44-1,2,9.51,magicmap
44-1,20,5.17,magicmap
44-1,200,6.41,magicmap
44-1,201,6.35,magicmap
44-1,203,8.04,magicmap
44-1,207,17.08,magicmap
44-1,21,3.62,magicmap
44-1,22,4.24,magicmap
44-1,220,16.86,magicmap
44-1,221,18.96,magicmap
44-1,222,17.61,magicmap
44-1,223,21.67,magicmap
44-1,24,8.52,magicmap
44-1,25,7.46,magicmap
44-1,25-1,8.97,magicmap
44-1,26,8.07,magicmap
44-1,27,5.53,magicmap
44-1,28,4.89,magicmap
44-1,29,7.03,magicmap
44-1,3,10.76,magicmap
44-1,30,3.26,magicmap
44-1,300,8.50,magicmap
44-1,301,9.57,magicmap
44-1,302,12.13,magicmap
44-1,31,4.80,magicmap
44-1,32,4.41,magicmap
44-1,32-1,3.95,magicmap
44-1,33,3.15,magicmap
44-1,34,0.82,magicmap
44-1,35,1.30,magicmap
44-1,36,0.31,magicmap
44-1,37,1.67,magicmap
44-1,38,1.60,magicmap
44-1,39,0.95,magicmap
44-1,4,10.47,magicmap
44-1,40,2.41,magicmap
44-1,43,3.36,magicmap
44-1,43-1,2.26,magicmap
44-1,43-2,2.85,magicmap
44-1,49,15.57,magicmap
44-1,5,9.45,magicmap
44-1,50,14.30,magicmap
44-1,500,9.52,magicmap
44-1,51,15.70,magicmap
44-1,52,15.78,magicmap
44-1,52-1,16.47,magicmap
44-1,52-2,16.99,magicmap
44-1,53,15.19,magicmap
44-1,54,14.07,magicmap
44-1,55,14.34,magicmap
44-1,56,3.66,magicmap
44-1,57,19.83,magicmap
44-1,57-1,18.84,magicmap
44-1,58,19.24,magicmap
44-1,59,18.99,magicmap
44-1,59-1,19.92,magicmap
44-1,6,10.84,magicmap
44-1,61,8.17,magicmap
44-1,62,7.60,magicmap
44-1,64,16.69,magicmap
44-1,66,12.13,magicmap
44-1,7,9.39,magicmap
44-1,71,24.64,magicmap
44-1,71-1,23.02,magicmap
44-1,73,12.71,magicmap
44-1,74,12.83,magicmap
44-1,75,4.88,magicmap
44-1,75-1,5.92,magicmap
44-1,8,9.51,magicmap
44-1,80,28.99,magicmap
44-1,81,23.45,magicmap
44-1,82,14.29,magicmap
44-1,83,15.92,magicmap
44-1,84,13.62,magicmap
44-1,85,24.58,magicmap
44-1,85-1,29.61,magicmap
44-1,86,28.30,magicmap
44-1,9,9.39,magicmap
44-1,919,17.38,magicmap
44-1,942,24.77,magicmap
44-1,GATE,20.69,magicmap
49,1,6.06,magicmap
49,10,6.88,magicmap
49,10-1,7.49,magicmap
49,101,7.97,magicmap
49,103,6.94,magicmap
49,105-2,21.41,magicmap
49,11,7.54,magicmap
49,12,7.96,magicmap
49,129,13.64,magicmap
49,13,8.18,magicmap
49,132,19.11,magicmap
49,135,17.59,magicmap
49,14,5.66,magicmap
49,140,0.80,magicmap
49,140-1,0.80,magicmap
49,140-2,0.80,magicmap
49,142,16.25,magicmap
49,143,10.76,magicmap
49,15,3.94,magicmap
49,15-1,6.09,magicmap
49,152-1,9.81,magicmap
49,153,9.22,magicmap
49,16,5.29,magicmap
49,16-1,5.14,magicmap
49,17,3.84,magicmap
49,18,13.58,magicmap
49,19,14.38,magicmap
49,2,5.33,magicmap
49,20,9.29,magicmap
49,200,12.37,magicmap
49,201,14.95,magicmap
49,203,12.45,magicmap
49,207,2.17,magicmap
49,21,12.09,magicmap
49,22,10.68,magicmap
49,220,1.28,magicmap
49,221,3.36,magicmap
49,222,2.01,magicmap
49,223,6.07,magicmap
49,24,8.66,magicmap
49,25,9.79,magicmap
49,25-1,10.22,magicmap
49,26,10.32,magicmap
49,27,11.84,magicmap
49,28,12.46,magicmap
49,29,16.94,magicmap
49,3,4.19,magicmap
49,30,13.60,magicmap
49,300,24.02,magicmap
49,301,25.08,magicmap
49,302,27.64,magicmap
49,31,13.09,magicmap
49,32,15.81,magicmap
49,32-1,15.51,magicmap
49,33,14.91,magicmap
49,34,14.38,magicmap
49,35,12.71,magicmap
49,36,15.31,magicmap
49,37,14.83,magicmap
49,38,16.34,magicmap
49,39,17.86,magicmap
49,4,4.28,magicmap
49,40,17.92,magicmap
49,43,12.25,magicmap
49,43-1,13.17,magicmap
49,43-2,12.76,magicmap
49,44-1,15.57,magicmap
49,5,4.78,magicmap
49,50,2.55,magicmap
49,500,13.11,magicmap
49,51,2.26,magicmap
49,52,1.17,magicmap
49,52-1,1.17,magicmap
49,52-2,2.18,magicmap
49,53,0.53,magicmap
49,54,0.95,magicmap
49,55,1.87,magicmap
49,56,11.15,magicmap
49,57,4.23,magicmap
49,57-1,3.24,magicmap
49,58,4.97,magicmap
49,59,3.39,magicmap
49,59-1,4.32,magicmap
49,6,5.19,magicmap
49,61,6.49,magicmap
49,62,7.70,magicmap
49,64,10.25,magicmap
49,66,18.84,magicmap
49,7,5.77,magicmap
49,71,9.91,magicmap
49,71-1,9.46,magicmap
49,73,6.23,magicmap
49,74,2.14,magicmap
49,75,15.76,magicmap
49,75-1,15.60,magicmap
49,8,6.59,magicmap
49,80,15.83,magicmap
49,81,7.85,magicmap
49,82,1.34,magicmap
49,83,3.92,magicmap
49,84,3.41,magicmap
49,85,8.98,magicmap
49,85-1,16.44,magicmap
49,86,15.13,magicmap
49,9,6.54,magicmap
49,919,11.22,magicmap
49,942,18.62,magicmap
49,GATE,11.49,magicmap
5,1,2.08,magicmap
5,10,1.93,magicmap
5,10-1,2.48,magicmap
5,101,7.33,magicmap
5,103,5.86,magicmap
5,105-2,15.67,magicmap
5,11,2.39,magicmap
5,12,1.77,magicmap
5,129,8.39,magicmap
5,13,2.00,magicmap
5,132,12.99,magicmap
5,135,11.47,magicmap
5,14,0.68,magicmap
5,140,7.67,magicmap
5,140-1,7.67,magicmap
5,140-2,7.67,magicmap
5,142,10.13,magicmap
5,143,4.64,magicmap
5,15,4.70,magicmap
5,15-1,5.37,magicmap
5,152-1,12.60,magicmap
5,153,12.00,magicmap
5,16,6.46,magicmap
5,16-1,5.91,magicmap
5,17,5.01,magicmap
5,18,7.46,magicmap
5,19,8.26,magicmap
5,2,0.56,magicmap
5,20,3.17,magicmap
5,200,9.01,magicmap
5,201,10.17,magicmap
5,203,9.10,magicmap
5,207,7.02,magicmap
5,21,5.97,magicmap
5,22,4.96,magicmap
5,220,6.41,magicmap
5,221,8.51,magicmap
5,222,7.16,magicmap
5,223,10.56,magicmap
5,24,5.70,magicmap
5,25,5.94,magicmap
5,25-1,6.87,magicmap
5,26,5.97,magicmap
5,27,6.63,magicmap
5,28,6.93,magicmap
5,29,10.82,magicmap
5,3,0.46,magicmap
5,30,7.85,magicmap
5,300,17.90,magicmap
5,301,18.97,magicmap
5,302,21.52,magicmap
5,31,7.38,magicmap
5,32,11.03,magicmap
5,32-1,9.80,magicmap
5,33,9.16,magicmap
5,34,8.61,magicmap
5,35,6.59,magicmap
5,36,9.19,magicmap
5,37,9.09,magicmap
5,38,10.60,magicmap
5,39,11.74,magicmap
5,4,0.83,magicmap
5,40,11.80,magicmap
5,43,6.13,magicmap
5,43-1,7.05,magicmap
5,43-2,6.64,magicmap
5,44-1,9.45,magicmap
5,49,4.78,magicmap
5,50,4.51,magicmap
5,500,10.31,magicmap
5,51,5.79,magicmap
5,52,5.72,magicmap
5,52-1,6.32,magicmap
5,52-2,6.92,magicmap
5,53,4.40,magicmap
5,54,3.29,magicmap
5,55,3.55,magicmap
5,56,5.03,magicmap
5,57,9.38,magicmap
5,57-1,8.39,magicmap
5,58,9.45,magicmap
5,59,8.54,magicmap
5,59-1,9.47,magicmap
5,6,0.06,magicmap
5,61,0.62,magicmap
5,62,3.66,magicmap
5,64,9.61,magicmap
5,66,15.24,magicmap
5,7,0.56,magicmap
5,71,14.85,magicmap
5,71-1,13.24,magicmap
5,73,4.45,magicmap
5,74,2.49,magicmap
5,75,10.97,magicmap
5,75-1,10.82,magicmap
5,8,0.36,magicmap
5,80,19.20,magicmap
5,81,13.00,magicmap
5,82,3.51,magicmap
5,83,6.13,magicmap
5,84,4.23,magicmap
5,85,14.12,magicmap
5,85-1,19.82,magicmap
5,86,18.51,magicmap
5,9,1.53,magicmap
5,919,7.73,magicmap
5,942,15.12,magicmap
5,GATE,13.36,magicmap
50,1,4.39,magicmap
50,10,6.60,magicmap
50,10-1,7.22,magicmap
50,101,4.86,magicmap
50,103,3.83,magicmap
50,105-2,20.52,magicmap
50,11,7.26,magicmap
50,12,7.27,magicmap
50,129,11.62,magicmap
50,13,7.50,magicmap
50,132,18.13,magicmap
50,135,16.32,magicmap
50,14,5.38,magicmap
50,140,3.75,magicmap
50,140-1,3.75,magicmap
50,140-2,3.75,magicmap
50,142,15.27,magicmap
50,143,9.77,magicmap
50,15,0.83,magicmap
50,15-1,2.98,magicmap
50,152-1,7.30,magicmap
50,153,6.70,magicmap
50,16,2.18,magicmap
50,16-1,2.03,magicmap
50,17,0.73,magicmap
50,18,12.60,magicmap
50,19,13.40,magicmap
50,2,4.28,magicmap
50,20,8.31,magicmap
50,200,10.35,magicmap
50,201,12.94,magicmap
50,203,10.44,magicmap
50,207,2.14,magicmap
50,21,10.90,magicmap
50,22,9.10,magicmap
50,220,2.49,magicmap
50,221,4.59,magicmap
50,222,2.90,magicmap
50,223,7.30,magicmap
50,24,6.64,magicmap
50,25,7.77,magicmap
50,25-1,8.21,magicmap
50,26,8.31,magicmap
50,27,9.82,magicmap
50,28,10.45,magicmap
50,29,15.96,magicmap
50,3,3.92,magicmap
50,30,12.01,magicmap
50,300,22.75,magicmap
50,301,23.81,magicmap
50,302,26.37,magicmap
50,31,11.51,magicmap
50,32,13.79,magicmap
50,32-1,13.72,magicmap
50,33,13.32,magicmap
50,34,12.80,magicmap
50,35,11.65,magicmap
50,36,14.04,magicmap
50,37,13.25,magicmap
50,38,14.76,magicmap
50,39,16.59,magicmap
50,4,4.01,magicmap
50,40,16.56,magicmap
50,43,10.98,magicmap
50,43-1,11.79,magicmap
50,43-2,11.42,magicmap
50,44-1,14.30,magicmap
50,49,2.55,magicmap
50,5,4.51,magicmap
50,500,11.10,magicmap
50,51,0.80,magicmap
50,52,1.25,magicmap
50,52-1,1.88,magicmap
50,52-2,2.05,magicmap
50,53,1.59,magicmap
50,54,0.86,magicmap
50,55,0.58,magicmap
50,56,9.66,magicmap
50,57,5.12,magicmap
50,57-1,4.13,magicmap
50,58,4.14,magicmap
50,59,4.28,magicmap
50,59-1,5.21,magicmap
50,6,4.91,magicmap
50,61,5.81,magicmap
50,62,6.37,magicmap
50,64,7.14,magicmap
50,66,18.57,magicmap
50,7,5.50,magicmap
50,71,9.55,magicmap
50,71-1,7.93,magicmap
50,73,3.12,magicmap
50,74,1.31,magicmap
50,75,13.74,magicmap
50,75-1,13.59,magicmap
50,8,5.97,magicmap
50,80,13.90,magicmap
50,81,9.08,magicmap
50,82,2.75,magicmap
50,83,0.90,magicmap
50,84,0.69,magicmap
50,85,10.21,magicmap
50,85-1,14.51,magicmap
50,86,13.21,magicmap
50,9,6.27,magicmap
50,919,10.95,magicmap
50,942,18.35,magicmap
50,GATE,8.13,magicmap
500,1,7.56,magicmap
500,10,13.05,magicmap
500,10-1,13.85,magicmap
500,101,9.17,magicmap
500,103,6.28,magicmap
500,105-2,15.34,magicmap
500,11,12.28,magicmap
500,12,11.67,magicmap
500,129,3.33,magicmap
500,13,9.78,magicmap
500,132,14.95,magicmap
500,135,11.43,magicmap
500,14,12.02,magicmap
500,140,14.93,magicmap
500,140-1,14.93,magicmap
500,140-2,14.93,magicmap
500,142,12.09,magicmap
500,143,10.32,magicmap
500,15,9.74,magicmap
500,15-1,9.32,magicmap
500,152-1,16.30,magicmap
500,153,15.70,magicmap
500,16,9.26,magicmap
500,16-1,8.57,magicmap
500,17,10.57,magicmap
500,18,9.42,magicmap
500,19,9.79,magicmap
500,2,8.64,magicmap
500,20,8.05,magicmap
500,200,2.17,magicmap
500,201,4.64,magicmap
500,203,2.14,magicmap
500,207,13.88,magicmap
500,21,8.42,magicmap
500,22,5.48,magicmap
500,220,13.66,magicmap
500,221,15.76,magicmap
500,222,14.41,magicmap
500,223,18.47,magicmap
500,24,4.38,magicmap
500,25,2.92,magicmap
500,25-1,4.76,magicmap
500,26,4.85,magicmap
500,27,3.27,magicmap
500,28,4.60,magicmap
500,29,12.79,magicmap
500,3,10.28,magicmap
500,30,6.45,magicmap
500,300,17.40,magicmap
500,301,18.46,magicmap
500,302,21.02,magicmap
500,31,5.08,magicmap
500,32,5.50,magicmap
500,32-1,5.43,magicmap
500,33,6.25,magicmap
500,34,7.89,magicmap
500,35,8.46,magicmap
500,36,8.70,magicmap
500,37,6.98,magicmap
500,38,7.66,magicmap
500,39,10.59,magicmap
500,4,9.89,magicmap
500,40,10.43,magicmap
500,43,7.20,magicmap
500,43-1,6.88,magicmap
500,43-2,6.51,magicmap
500,44-1,9.52,magicmap
500,49,13.11,magicmap
500,5,10.31,magicmap
500,50,11.10,magicmap
500,51,12.50,magicmap
500,52,12.59,magicmap
500,52-1,13.27,magicmap
500,52-2,13.79,magicmap
500,53,12.69,magicmap
500,54,11.62,magicmap
500,55,11.32,magicmap
500,56,6.51,magicmap
500,57,16.63,magicmap
500,57-1,15.64,magicmap
500,58,13.44,magicmap
500,59,15.80,magicmap
500,59-1,16.72,magicmap
500,6,11.55,magicmap
500,61,9.75,magicmap
500,62,7.26,magicmap
500,64,8.34,magicmap
500,66,17.95,magicmap
500,7,11.04,magicmap
500,71,18.54,magicmap
500,71-1,16.93,magicmap
500,73,6.13,magicmap
500,74,9.63,magicmap
500,75,5.45,magicmap
500,75-1,5.29,magicmap
500,8,10.63,magicmap
500,80,21.69,magicmap
500,81,19.95,magicmap
500,82,11.84,magicmap
500,83,12.72,magicmap
500,84,10.42,magicmap
500,85,21.07,magicmap
500,85-1,22.31,magicmap
500,86,21.00,magicmap
500,9,11.55,magicmap
500,919,19.10,magicmap
500,942,26.50,magicmap
500,GATE,12.34,magicmap
51,1,5.79,magicmap
51,10,7.89,magicmap
51,10-1,8.50,magicmap
51,101,5.17,magicmap
51,103,5.25,magicmap
51,105-2,21.92,magicmap
51,11,8.55,magicmap
51,12,8.68,magicmap
51,129,13.02,magicmap
51,13,8.90,magicmap
51,132,19.53,magicmap
51,135,17.72,magicmap
51,14,6.67,magicmap
51,140,3.06,magicmap
51,140-1,3.06,magicmap
51,140-2,3.06,magicmap
51,142,16.67,magicmap
51,143,11.18,magicmap
51,15,2.31,magicmap
51,15-1,4.40,magicmap
51,152-1,6.96,magicmap
51,153,6.36,magicmap
51,16,2.38,magicmap
51,16-1,3.45,magicmap
51,17,1.91,magicmap
51,18,14.00,magicmap
51,19,14.80,magicmap
51,2,5.68,magicmap
51,20,9.71,magicmap
51,200,11.75,magicmap
51,201,14.34,magicmap
51,203,11.84,magicmap
51,207,0.76,magicmap
51,21,12.30,magicmap
51,22,10.50,magicmap
51,220,1.57,magicmap
51,221,3.78,magicmap
51,222,1.51,magicmap
51,223,6.49,magicmap
51,24,8.04,magicmap
51,25,9.17,magicmap
51,25-1,9.61,magicmap
51,26,9.71,magicmap
51,27,11.23,magicmap
51,28,11.85,magicmap
51,29,17.36,magicmap
51,3,5.20,magicmap
51,30,13.42,magicmap
51,300,24.15,magicmap
51,301,25.22,magicmap
51,302,27.78,magicmap
51,31,12.91,magicmap
51,32,15.20,magicmap
51,32-1,15.12,magicmap
51,33,14.72,magicmap
51,34,14.20,magicmap
51,35,13.06,magicmap
51,36,15.44,magicmap
51,37,14.65,magicmap
51,38,16.16,magicmap
51,39,17.99,magicmap
51,4,5.29,magicmap
51,40,17.96,magicmap
51,43,12.38,magicmap
51,43-1,13.19,magicmap
51,43-2,12.83,magicmap
51,44-1,15.70,magicmap
51,49,2.26,magicmap
51,5,5.79,magicmap
51,50,0.80,magicmap
51,500,12.50,magicmap
51,52,0.41,magicmap
51,52-1,0.39,magicmap
51,52-2,0.67,magicmap
51,53,1.29,magicmap
51,54,1.26,magicmap
51,55,1.78,magicmap
51,56,11.06,magicmap
51,57,3.72,magicmap
51,57-1,2.74,magicmap
51,58,3.81,magicmap
51,59,2.89,magicmap
51,59-1,3.82,magicmap
51,6,6.20,magicmap
51,61,7.21,magicmap
51,62,7.77,magicmap
51,64,8.36,magicmap
51,66,19.85,magicmap
51,7,6.78,magicmap
51,71,9.21,magicmap
51,71-1,7.59,magicmap
51,73,4.54,magicmap
51,74,2.71,magicmap
51,75,15.14,magicmap
51,75-1,14.99,magicmap
51,8,7.37,magicmap
51,80,13.56,magicmap
51,81,8.26,magicmap
51,82,4.03,magicmap
51,83,0.84,magicmap
51,84,2.16,magicmap
51,85,9.39,magicmap
51,85-1,14.18,magicmap
51,86,12.87,magicmap
51,9,7.55,magicmap
51,919,12.24,magicmap
51,942,19.63,magicmap
51,GATE,8.19,magicmap
52,1,5.87,magicmap
52,10,7.81,magicmap
52,10-1,8.42,magicmap
52,101,6.31,magicmap
52,103,5.68,magicmap
52,105-2,22.01,magicmap
52,11,8.47,magicmap
52,12,8.76,magicmap
52,129,13.11,magicmap
52,13,8.99,magicmap
52,132,19.62,magicmap
52,135,17.81,magicmap
52,14,6.59,magicmap
52,140,1.50,magicmap
52,140-1,1.50,magicmap
52,140-2,1.50,magicmap
52,142,16.75,magicmap
52,143,11.26,magicmap
52,15,2.68,magicmap
52,15-1,4.83,magicmap
52,152-1,7.80,magicmap
52,153,7.20,magicmap
52,16,3.22,magicmap
52,16-1,3.87,magicmap
52,17,2.58,magicmap
52,18,14.08,magicmap
52,19,14.88,magicmap
52,2,5.77,magicmap
52,20,9.80,magicmap
52,200,11.84,magicmap
52,201,14.42,magicmap
52,203,11.92,magicmap
52,207,0.86,magicmap
52,21,12.39,magicmap
52,22,10.58,magicmap
52,220,0.20,magicmap
52,221,2.22,magicmap
52,222,0.83,magicmap
52,223,4.93,magicmap
52,24,8.13,magicmap
52,25,9.26,magicmap
52,25-1,9.69,magicmap
52,26,9.79,magicmap
52,27,11.31,magicmap
52,28,11.94,magicmap
52,29,17.45,magicmap
52,3,5.13,magicmap
52,30,13.50,magicmap
52,300,24.23,magicmap
52,301,25.30,magicmap
52,302,27.86,magicmap
52,31,13.00,magicmap
52,32,15.28,magicmap
52,32-1,15.21,magicmap
52,33,14.81,magicmap
52,34,14.29,magicmap
52,35,13.14,magicmap
52,36,15.52,magicmap
52,37,14.73,magicmap
52,38,16.25,magicmap
52,39,18.07,magicmap
52,4,5.22,magicmap
52,40,18.04,magicmap
52,43,12.47,magicmap
52,43-1,13.27,magicmap
52,43-2,12.91,magicmap
52,44-1,15.78,magicmap
52,49,1.17,magicmap
52,5,5.72,magicmap
52,50,1.25,magicmap
52,500,12.59,magicmap
52,51,0.41,magicmap
52,52-1,0.08,magicmap
52,52-2,0.70,magicmap
52,53,0.55,magicmap
52,54,1.19,magicmap
52,55,1.79,magicmap
52,56,11.15,magicmap
52,57,2.92,magicmap
52,57-1,2.06,magicmap
52,58,3.66,magicmap
52,59,2.08,magicmap
52,59-1,3.01,magicmap
52,6,6.12,magicmap
52,61,7.30,magicmap
52,62,7.86,magicmap
52,64,8.98,magicmap
52,66,19.77,magicmap
52,7,6.70,magicmap
52,71,8.77,magicmap
52,71-1,8.31,magicmap
52,73,4.96,magicmap
52,74,2.80,magicmap
52,75,15.23,magicmap
52,75-1,15.07,magicmap
52,8,7.45,magicmap
52,80,14.40,magicmap
52,81,6.71,magicmap
52,82,3.12,magicmap
52,83,1.75,magicmap
52,84,2.24,magicmap
52,85,7.83,magicmap
52,85-1,15.02,magicmap
52,86,13.71,magicmap
52,9,7.48,magicmap
52,919,12.16,magicmap
52,942,19.55,magicmap
52,GATE,9.33,magicmap
52-1,1,6.56,magicmap
52-1,10,8.42,magicmap
52-1,10-1,9.03,magicmap
52-1,101,6.25,magicmap
52-1,103,6.33,magicmap
52-1,105-2,22.70,magicmap
52-1,11,9.08,magicmap
52-1,12,9.45,magicmap
52-1,129,13.79,magicmap
52-1,13,9.67,magicmap
52-1,132,20.30,magicmap
52-1,135,18.49,magicmap
52-1,14,7.20,magicmap
52-1,140,1.50,magicmap
52-1,140-1,1.50,magicmap
52-1,140-2,1.50,magicmap
52-1,142,17.44,magicmap
52-1,143,11.95,magicmap
52-1,15,3.36,magicmap
52-1,15-1,5.48,magicmap
52-1,152-1,7.74,magicmap
52-1,153,7.14,magicmap
52-1,16,3.16,magicmap
52-1,16-1,4.53,magicmap
52-1,17,2.99,magicmap
52-1,18,14.77,magicmap
52-1,19,15.57,magicmap
52-1,2,6.45,magicmap
52-1,20,10.48,magicmap
52-1,200,12.52,magicmap
52-1,201,15.11,magicmap
52-1,203,12.61,magicmap
52-1,207,0.74,magicmap
52-1,21,13.07,magicmap
52-1,22,11.27,magicmap
52-1,220,0.20,magicmap
52-1,221,2.22,magicmap
52-1,222,0.83,magicmap
52-1,223,4.93,magicmap
52-1,24,8.81,magicmap
52-1,25,9.94,magicmap
52-1,25-1,10.38,magicmap
52-1,26,10.48,magicmap
52-1,27,12.00,magicmap
52-1,28,12.62,magicmap
52-1,29,18.13,magicmap
52-1,3,5.73,magicmap
52-1,30,14.19,magicmap
52-1,300,24.92,magicmap
52-1,301,25.99,magicmap
52-1,302,28.55,magicmap
52-1,31,13.68,magicmap
52-1,32,15.97,magicmap
52-1,32-1,15.89,magicmap
52-1,33,15.50,magicmap
52-1,34,14.97,magicmap
52-1,35,13.83,magicmap
52-1,36,16.21,magicmap
52-1,37,15.42,magicmap
52-1,38,16.93,magicmap
52-1,39,18.76,magicmap
52-1,4,5.82,magicmap
52-1,40,18.73,magicmap
52-1,43,13.15,magicmap
52-1,43-1,13.96,magicmap
52-1,43-2,13.60,magicmap
52-1,44-1,16.47,magicmap
52-1,49,1.17,magicmap
52-1,5,6.32,magicmap
52-1,50,1.88,magicmap
52-1,500,13.27,magicmap
52-1,51,0.39,magicmap
52-1,52,0.08,magicmap
52-1,52-2,0.69,magicmap
52-1,53,0.87,magicmap
52-1,54,1.87,magicmap
52-1,55,2.48,magicmap
52-1,56,11.83,magicmap
52-1,57,2.92,magicmap
52-1,57-1,2.06,magicmap
52-1,58,3.66,magicmap
52-1,59,2.08,magicmap
52-1,59-1,3.01,magicmap
52-1,6,6.73,magicmap
52-1,61,7.98,magicmap
52-1,62,8.54,magicmap
52-1,64,9.44,magicmap
52-1,66,20.38,magicmap
52-1,7,7.31,magicmap
52-1,71,8.77,magicmap
52-1,71-1,8.31,magicmap
52-1,73,5.62,magicmap
52-1,74,3.48,magicmap
52-1,75,15.91,magicmap
52-1,75-1,15.76,magicmap
52-1,8,8.13,magicmap
52-1,80,14.34,magicmap
52-1,81,6.71,magicmap
52-1,82,3.51,magicmap
52-1,83,1.69,magicmap
52-1,84,2.93,magicmap
52-1,85,7.83,magicmap
52-1,85-1,14.96,magicmap
52-1,86,13.65,magicmap
52-1,9,8.08,magicmap
52-1,919,12.77,magicmap
52-1,942,20.16,magicmap
52-1,GATE,9.27,magicmap
52-2,1,7.08,magicmap
52-2,10,9.02,magicmap
52-2,10-1,9.63,magicmap
52-2,101,6.42,magicmap
52-2,103,6.50,magicmap
52-2,105-2,23.22,magicmap
52-2,11,9.68,magicmap
52-2,12,9.97,magicmap
52-2,129,14.32,magicmap
52-2,13,10.20,magicmap
52-2,132,20.82,magicmap
52-2,135,19.01,magicmap
52-2,14,7.80,magicmap
52-2,140,2.52,magicmap
52-2,140-1,2.52,magicmap
52-2,140-2,2.52,magicmap
52-2,142,17.96,magicmap
52-2,143,12.47,magicmap
52-2,15,3.56,magicmap
52-2,15-1,5.65,magicmap
52-2,152-1,7.56,magicmap
52-2,153,6.96,magicmap
52-2,16,3.33,magicmap
52-2,16-1,4.70,magicmap
52-2,17,3.16,magicmap
52-2,18,15.29,magicmap
52-2,19,16.09,magicmap
52-2,2,6.98,magicmap
52-2,20,11.00,magicmap
52-2,200,13.04,magicmap
52-2,201,15.63,magicmap
52-2,203,13.13,magicmap
52-2,207,0.63,magicmap
52-2,21,13.60,magicmap
52-2,22,11.79,magicmap
52-2,220,1.04,magicmap
52-2,221,3.24,magicmap
52-2,222,0.66,magicmap
52-2,223,5.95,magicmap
52-2,24,9.34,magicmap
52-2,25,10.46,magicmap
52-2,25-1,10.90,magicmap
52-2,26,11.00,magicmap
52-2,27,12.52,magicmap
52-2,28,13.14,magicmap
52-2,29,18.66,magicmap
52-2,3,6.34,magicmap
52-2,30,14.71,magicmap
52-2,300,25.44,magicmap
52-2,301,26.51,magicmap
52-2,302,29.07,magicmap
52-2,31,14.21,magicmap
52-2,32,16.49,magicmap
52-2,32-1,16.42,magicmap
52-2,33,16.02,magicmap
52-2,34,15.49,magicmap
52-2,35,14.35,magicmap
52-2,36,16.73,magicmap
52-2,37,15.94,magicmap
52-2,38,17.45,magicmap
52-2,39,19.28,magicmap
52-2,4,6.43,magicmap
52-2,40,19.25,magicmap
52-2,43,13.67,magicmap
52-2,43-1,14.48,magicmap
52-2,43-2,14.12,magicmap
52-2,44-1,16.99,magicmap
52-2,49,2.18,magicmap
52-2,5,6.92,magicmap
52-2,50,2.05,magicmap
52-2,500,13.79,magicmap
52-2,51,0.67,magicmap
52-2,52,0.70,magicmap
52-2,52-1,0.69,magicmap
52-2,53,1.88,magicmap
52-2,54,2.40,magicmap
52-2,55,3.00,magicmap
52-2,56,12.36,magicmap
52-2,57,2.25,magicmap
52-2,57-1,2.01,magicmap
52-2,58,3.00,magicmap
52-2,59,1.41,magicmap
52-2,59-1,2.34,magicmap
52-2,6,7.33,magicmap
52-2,61,8.51,magicmap
52-2,62,9.07,magicmap
52-2,64,9.61,magicmap
52-2,66,20.98,magicmap
52-2,7,7.91,magicmap
52-2,71,9.79,magicmap
52-2,71-1,8.19,magicmap
52-2,73,5.79,magicmap
52-2,74,4.01,magicmap
52-2,75,16.44,magicmap
52-2,75-1,16.28,magicmap
52-2,8,8.66,magicmap
52-2,80,14.16,magicmap
52-2,81,7.73,magicmap
52-2,82,4.51,magicmap
52-2,83,1.86,magicmap
52-2,84,3.45,magicmap
52-2,85,8.85,magicmap
52-2,85-1,14.78,magicmap
52-2,86,13.47,magicmap
52-2,9,8.68,magicmap
52-2,919,13.37,magicmap
52-2,942,20.76,magicmap
52-2,GATE,9.23,magicmap
53,1,5.68,magicmap
53,10,6.50,magicmap
53,10-1,7.11,magicmap
53,101,6.93,magicmap
53,103,5.91,magicmap
53,105-2,21.03,magicmap
53,11,7.16,magicmap
53,12,7.58,magicmap
53,129,13.21,magicmap
53,13,7.81,magicmap
53,132,18.73,magicmap
53,135,17.21,magicmap
53,14,5.28,magicmap
53,140,1.90,magicmap
53,140-1,1.90,magicmap
53,140-2,1.90,magicmap
53,142,15.87,magicmap
53,143,10.38,magicmap
53,15,2.90,magicmap
53,15-1,5.05,magicmap
53,152-1,9.43,magicmap
53,153,8.83,magicmap
53,16,4.25,magicmap
53,16-1,4.10,magicmap
53,17,2.81,magicmap
53,18,13.20,magicmap
53,19,14.00,magicmap
53,2,4.95,magicmap
53,20,8.91,magicmap
53,200,11.94,magicmap
53,201,14.52,magicmap
53,203,12.03,magicmap
53,207,1.86,magicmap
53,21,11.71,magicmap
53,22,10.30,magicmap
53,220,0.95,magicmap
53,221,3.06,magicmap
53,222,1.70,magicmap
53,223,5.77,magicmap
53,24,8.23,magicmap
53,25,9.36,magicmap
53,25-1,9.80,magicmap
53,26,9.89,magicmap
53,27,11.41,magicmap
53,28,12.04,magicmap
53,29,16.57,magicmap
53,3,3.82,magicmap
53,30,13.22,magicmap
53,300,23.64,magicmap
53,301,24.71,magicmap
53,302,27.27,magicmap
53,31,12.72,magicmap
53,32,15.38,magicmap
53,32-1,15.14,magicmap
53,33,14.53,magicmap
53,34,14.00,magicmap
53,35,12.33,magicmap
53,36,14.93,magicmap
53,37,14.45,magicmap
53,38,15.96,magicmap
53,39,17.48,magicmap
53,4,3.90,magicmap
53,40,17.54,magicmap
53,43,11.87,magicmap
53,43-1,12.80,magicmap
53,43-2,12.38,magicmap
53,44-1,15.19,magicmap
53,49,0.53,magicmap
53,5,4.40,magicmap
53,50,1.59,magicmap
53,500,12.69,magicmap
53,51,1.29,magicmap
53,52,0.55,magicmap
53,52-1,0.87,magicmap
53,52-2,1.88,magicmap
53,54,0.56,magicmap
53,55,1.12,magicmap
53,56,10.77,magicmap
53,57,3.92,magicmap
53,57-1,2.93,magicmap
53,58,4.67,magicmap
53,59,3.09,magicmap
53,59-1,4.01,magicmap
53,6,4.81,magicmap
53,61,6.12,magicmap
53,62,7.32,magicmap
53,64,9.21,magicmap
53,66,18.46,magicmap
53,7,5.39,magicmap
53,71,9.60,magicmap
53,71-1,9.15,magicmap
53,73,5.19,magicmap
53,74,1.76,magicmap
53,75,15.33,magicmap
53,75-1,15.18,magicmap
53,8,6.21,magicmap
53,80,15.52,magicmap
53,81,7.54,magicmap
53,82,1.59,magicmap
53,83,3.38,magicmap
53,84,2.47,magicmap
53,85,8.67,magicmap
53,85-1,16.14,magicmap
53,86,14.83,magicmap
53,9,6.16,magicmap
53,919,10.85,magicmap
53,942,18.24,magicmap
53,GATE,10.81,magicmap
54,1,4.56,magicmap
54,10,5.38,magicmap
54,10-1,5.99,magicmap
54,101,6.04,magicmap
54,103,5.01,magicmap
54,105-2,19.91,magicmap
54,11,6.04,magicmap
54,12,6.46,magicmap
54,129,12.14,magicmap
54,13,6.69,magicmap
54,132,17.62,magicmap
54,135,16.09,magicmap
54,14,4.16,magicmap
54,140,3.50,magicmap
54,140-1,3.50,magicmap
54,140-2,3.50,magicmap
54,142,14.75,magicmap
54,143,9.26,magicmap
54,15,2.01,magicmap
54,15-1,4.16,magicmap
54,152-1,9.06,magicmap
54,153,8.47,magicmap
54,16,3.36,magicmap
54,16-1,3.21,magicmap
54,17,1.91,magicmap
54,18,12.08,magicmap
54,19,12.88,magicmap
54,2,3.84,magicmap
54,20,7.80,magicmap
54,200,10.87,magicmap
54,201,13.46,magicmap
54,203,10.96,magicmap
54,207,2.49,magicmap
54,21,10.59,magicmap
54,22,9.18,magicmap
54,220,2.23,magicmap
54,221,4.33,magicmap
54,222,2.98,magicmap
54,223,7.04,magicmap
54,24,7.16,magicmap
54,25,8.29,magicmap
54,25-1,8.73,magicmap
54,26,8.83,magicmap
54,27,10.34,magicmap
54,28,10.97,magicmap
54,29,15.45,magicmap
54,3,2.70,magicmap
54,30,12.10,magicmap
54,300,22.52,magicmap
54,301,23.59,magicmap
54,302,26.15,magicmap
54,31,11.60,magicmap
54,32,14.31,magicmap
54,32-1,14.02,magicmap
54,33,13.41,magicmap
54,34,12.89,magicmap
54,35,11.21,magicmap
54,36,13.81,magicmap
54,37,13.34,magicmap
54,38,14.85,magicmap
54,39,16.36,magicmap
54,4,2.79,magicmap
54,40,16.43,magicmap
54,43,10.75,magicmap
54,43-1,11.68,magicmap
54,43-2,11.26,magicmap
54,44-1,14.07,magicmap
54,49,0.95,magicmap
54,5,3.29,magicmap
54,50,0.86,magicmap
54,500,11.62,magicmap
54,51,1.26,magicmap
54,52,1.19,magicmap
54,52-1,1.87,magicmap
54,52-2,2.40,magicmap
54,53,0.56,magicmap
54,55,0.45,magicmap
54,56,9.66,magicmap
54,57,5.20,magicmap
54,57-1,4.21,magicmap
54,58,5.91,magicmap
54,59,4.37,magicmap
54,59-1,5.29,magicmap
54,6,3.69,magicmap
54,61,5.00,magicmap
54,62,6.21,magicmap
54,64,8.32,magicmap
54,66,17.34,magicmap
54,7,4.27,magicmap
54,71,10.88,magicmap
54,71-1,9.70,magicmap
54,73,4.30,magicmap
54,74,0.65,magicmap
54,75,14.26,magicmap
54,75-1,14.11,magicmap
54,8,5.09,magicmap
54,80,15.66,magicmap
54,81,8.82,magicmap
54,82,1.53,magicmap
54,83,2.91,magicmap
54,84,1.57,magicmap
54,85,9.95,magicmap
54,85-1,16.28,magicmap
54,86,14.97,magicmap
54,9,5.05,magicmap
54,919,9.73,magicmap
54,942,17.12,magicmap
54,GATE,10.26,magicmap
55,1,4.61,magicmap
55,10,5.64,magicmap
55,10-1,6.26,magicmap
55,101,5.74,magicmap
55,103,4.71,magicmap
55,105-2,20.18,magicmap
55,11,6.31,magicmap
55,12,6.72,magicmap
55,129,11.85,magicmap
55,13,6.95,magicmap
55,132,17.88,magicmap
55,135,16.36,magicmap
55,14,4.43,magicmap
55,140,4.10,magicmap
55,140-1,4.10,magicmap
55,140-2,4.10,magicmap
55,142,15.02,magicmap
55,143,9.52,magicmap
55,15,1.71,magicmap
55,15-1,3.85,magicmap
55,152-1,8.92,magicmap
55,153,8.33,magicmap
55,16,3.05,magicmap
55,16-1,2.90,magicmap
55,17,1.61,magicmap
55,18,12.35,magicmap
55,19,13.15,magicmap
55,2,4.10,magicmap
55,20,8.06,magicmap
55,200,10.58,magicmap
55,201,13.16,magicmap
55,203,10.66,magicmap
55,207,3.09,magicmap
55,21,10.85,magicmap
55,22,9.32,magicmap
55,220,2.83,magicmap
55,221,4.94,magicmap
55,222,3.58,magicmap
55,223,7.65,magicmap
55,24,6.87,magicmap
55,25,8.00,magicmap
55,25-1,8.43,magicmap
55,26,8.53,magicmap
55,27,10.05,magicmap
55,28,10.67,magicmap
55,29,15.71,magicmap
55,3,2.96,magicmap
55,30,12.24,magicmap
55,300,22.79,magicmap
55,301,23.85,magicmap
55,302,26.41,magicmap
55,31,11.74,magicmap
55,32,14.02,magicmap
55,32-1,13.95,magicmap
55,33,13.55,magicmap
55,34,13.03,magicmap
55,35,11.48,magicmap
55,36,14.08,magicmap
55,37,13.47,magicmap
55,38,14.98,magicmap
55,39,16.62,magicmap
55,4,3.05,magicmap
55,40,16.69,magicmap
55,43,11.02,magicmap
55,43-1,11.94,magicmap
55,43-2,11.53,magicmap
55,44-1,14.34,magicmap
55,49,1.87,magicmap
55,5,3.55,magicmap
55,50,0.58,magicmap
55,500,11.32,magicmap
55,51,1.78,magicmap
55,52,1.79,magicmap
55,52-1,2.48,magicmap
55,52-2,3.00,magicmap
55,53,1.12,magicmap
55,54,0.45,magicmap
55,56,9.89,magicmap
55,57,5.80,magicmap
55,57-1,4.82,magicmap
55,58,5.77,magicmap
55,59,4.97,magicmap
55,59-1,5.90,magicmap
55,6,3.95,magicmap
55,61,5.26,magicmap
55,62,6.47,magicmap
55,64,8.01,magicmap
55,66,17.61,magicmap
55,7,4.54,magicmap
55,71,11.17,magicmap
55,71-1,9.56,magicmap
55,73,3.99,magicmap
55,74,0.78,magicmap
55,75,13.97,magicmap
55,75-1,13.81,magicmap
55,8,5.36,magicmap
55,80,15.52,magicmap
55,81,9.43,magicmap
55,82,1.79,magicmap
55,83,2.73,magicmap
55,84,1.10,magicmap
55,85,10.55,magicmap
55,85-1,16.14,magicmap
55,86,14.83,magicmap
55,9,5.31,magicmap
55,919,9.99,magicmap
55,942,17.39,magicmap
55,GATE,9.95,magicmap
56,1,4.90,magicmap
56,10,6.71,magicmap
56,10-1,7.54,magicmap
56,101,11.34,magicmap
56,103,8.75,magicmap
56,105-2,9.89,magicmap
56,11,5.84,magicmap
56,12,5.23,magicmap
56,129,2.81,magicmap
56,13,3.34,magicmap
56,132,7.86,magicmap
56,135,5.69,magicmap
56,14,6.96,magicmap
56,140,13.49,magicmap
56,140-1,13.49,magicmap
56,140-2,13.49,magicmap
56,142,4.99,magicmap
56,143,3.23,magicmap
56,15,8.71,magicmap
56,15-1,9.38,magicmap
56,152-1,17.76,magicmap
56,153,17.16,magicmap
56,16,10.55,magicmap
56,16-1,9.92,magicmap
56,17,10.17,magicmap
56,18,2.32,magicmap
56,19,3.12,magicmap
56,2,5.10,magicmap
56,20,1.56,magicmap
56,200,3.48,magicmap
56,201,4.58,magicmap
56,203,5.03,magicmap
56,207,12.45,magicmap
56,21,0.79,magicmap
56,22,0.34,magicmap
56,220,12.22,magicmap
56,221,14.33,magicmap
56,222,12.98,magicmap
56,223,17.04,magicmap
56,24,4.02,magicmap
56,25,3.54,magicmap
56,25-1,4.47,magicmap
56,26,3.56,magicmap
56,27,2.51,magicmap
56,28,1.88,magicmap
56,29,5.69,magicmap
56,3,6.35,magicmap
56,30,1.89,magicmap
56,300,12.12,magicmap
56,301,13.18,magicmap
56,302,15.74,magicmap
56,31,1.79,magicmap
56,32,5.44,magicmap
56,32-1,4.21,magicmap
56,33,3.20,magicmap
56,34,2.68,magicmap
56,35,1.36,magicmap
56,36,3.40,magicmap
56,37,3.13,magicmap
56,38,4.64,magicmap
56,39,5.95,magicmap
56,4,6.05,magicmap
56,40,6.02,magicmap
56,43,0.51,magicmap
56,43-1,1.27,magicmap
56,43-2,0.86,magicmap
56,44-1,3.66,magicmap
56,49,11.15,magicmap
56,5,5.03,magicmap
56,50,9.66,magicmap
56,500,6.51,magicmap
56,51,11.06,magicmap
56,52,11.15,magicmap
56,52-1,11.83,magicmap
56,52-2,12.36,magicmap
56,53,10.77,magicmap
56,54,9.66,magicmap
56,55,9.89,magicmap
56,57,15.19,magicmap
56,57-1,14.21,magicmap
56,58,14.60,magicmap
56,59,14.36,magicmap
56,59-1,15.29,magicmap
56,6,6.43,magicmap
56,61,3.76,magicmap
56,62,2.97,magicmap
56,64,12.05,magicmap
56,66,10.85,magicmap
56,7,4.97,magicmap
56,71,20.00,magicmap
56,71-1,18.39,magicmap
56,73,8.07,magicmap
56,74,8.20,magicmap
56,75,5.39,magicmap
56,75-1,5.23,magicmap
56,8,5.10,magicmap
56,80,24.36,magicmap
56,81,18.82,magicmap
56,82,9.88,magicmap
56,83,11.28,magicmap
56,84,8.99,magicmap
56,85,19.94,magicmap
56,85-1,24.97,magicmap
56,86,23.66,magicmap
56,9,5.21,magicmap
56,919,14.13,magicmap
56,942,21.52,magicmap
56,GATE,16.06,magicmap
57,1,9.92,magicmap
57,10,11.47,magicmap
57,10-1,12.08,magicmap
57,101,9.49,magicmap
57,103,9.57,magicmap
57,105-2,26.00,magicmap
57,11,12.13,magicmap
57,12,12.55,magicmap
57,129,17.15,magicmap
57,13,12.78,magicmap
57,132,23.66,magicmap
57,135,21.85,magicmap
57,14,10.25,magicmap
57,140,3.37,magicmap
57,140-1,3.37,magicmap
57,140-2,4.07,magicmap
57,142,20.80,magicmap
57,143,15.30,magicmap
57,15,6.63,magicmap
57,15-1,8.72,magicmap
57,152-1,4.67,magicmap
57,153,3.75,magicmap
57,16,4.56,magicmap
57,16-1,7.76,magicmap
57,17,6.23,magicmap
57,18,18.13,magicmap
57,19,18.93,magicmap
57,2,9.81,magicmap
57,20,13.84,magicmap
57,200,15.88,magicmap
57,201,18.47,magicmap
57,203,15.97,magicmap
57,207,2.16,magicmap
57,21,16.43,magicmap
57,22,14.63,magicmap
57,220,1.44,magicmap
57,221,2.99,magicmap
57,222,1.06,magicmap
57,223,5.70,magicmap
57,24,12.17,magicmap
57,25,13.30,magicmap
57,25-1,13.74,magicmap
57,26,13.84,magicmap
57,27,15.35,magicmap
57,28,15.98,magicmap
57,29,21.49,magicmap
57,3,8.79,magicmap
57,30,17.54,magicmap
57,300,28.28,magicmap
57,301,29.35,magicmap
57,302,31.90,magicmap
57,31,17.04,magicmap
57,32,19.32,magicmap
57,32-1,19.25,magicmap
57,33,18.85,magicmap
57,34,18.33,magicmap
57,35,17.18,magicmap
57,36,19.57,magicmap
57,37,18.78,magicmap
57,38,20.29,magicmap
57,39,22.12,magicmap
57,4,8.88,magicmap
57,40,22.09,magicmap
57,43,16.51,magicmap
57,43-1,17.32,magicmap
57,43-2,16.95,magicmap
57,44-1,19.83,magicmap
57,49,4.23,magicmap
57,5,9.38,magicmap
57,50,5.12,magicmap
57,500,16.63,magicmap
57,51,3.72,magicmap
57,52,2.92,magicmap
57,52-1,2.92,magicmap
57,52-2,2.25,magicmap
57,53,3.92,magicmap
57,54,5.20,magicmap
57,55,5.80,magicmap
57,56,15.19,magicmap
57,57-1,0.13,magicmap
57,58,0.78,magicmap
57,59,0.42,magicmap
57,59-1,0.47,magicmap
57,6,9.78,magicmap
57,61,11.09,magicmap
57,62,11.90,magicmap
57,64,9.52,magicmap
57,66,23.43,magicmap
57,7,10.36,magicmap
57,71,4.05,magicmap
57,71-1,2.43,magicmap
57,73,8.85,magicmap
57,74,6.73,magicmap
57,75,19.27,magicmap
57,75-1,19.12,magicmap
57,8,11.18,magicmap
57,80,9.96,magicmap
57,81,5.45,magicmap
57,82,6.56,magicmap
57,83,4.93,magicmap
57,84,6.41,magicmap
57,85,6.57,magicmap
57,85-1,10.58,magicmap
57,86,9.27,magicmap
57,9,11.13,magicmap
57,919,15.82,magicmap
57,942,23.21,magicmap
57,GATE,7.01,magicmap
57-1,1,8.93,magicmap
57-1,10,10.49,magicmap
57-1,10-1,11.10,magicmap
57-1,101,8.50,magicmap
57-1,103,8.58,magicmap
57-1,105-2,25.02,magicmap
57-1,11,11.15,magicmap
57-1,12,11.57,magicmap
57-1,129,16.17,magicmap
57-1,13,11.79,magicmap
57-1,132,22.67,magicmap
57-1,135,20.86,magicmap
57-1,14,9.27,magicmap
57-1,140,1.57,magicmap
57-1,140-1,1.57,magicmap
57-1,140-2,2.27,magicmap
57-1,142,19.81,magicmap
57-1,143,14.32,magicmap
57-1,15,5.64,magicmap
57-1,15-1,7.73,magicmap
57-1,152-1,4.86,magicmap
57-1,153,3.93,magicmap
57-1,16,4.32,magicmap
57-1,16-1,6.78,magicmap
57-1,17,5.24,magicmap
57-1,18,17.14,magicmap
57-1,19,17.94,magicmap
57-1,2,8.82,magicmap
57-1,20,12.85,magicmap
57-1,200,14.89,magicmap
57-1,201,17.48,magicmap
57-1,203,14.98,magicmap
57-1,207,1.92,magicmap
57-1,21,15.45,magicmap
57-1,22,13.64,magicmap
57-1,220,0.32,magicmap
57-1,221,1.19,magicmap
57-1,222,0.64,magicmap
57-1,223,3.90,magicmap
57-1,24,11.19,magicmap
57-1,25,12.31,magicmap
57-1,25-1,12.75,magicmap
57-1,26,12.85,magicmap
57-1,27,14.37,magicmap
57-1,28,14.99,magicmap
57-1,29,20.51,magicmap
57-1,3,7.80,magicmap
57-1,30,16.56,magicmap
57-1,300,27.29,magicmap
57-1,301,28.36,magicmap
57-1,302,30.92,magicmap
57-1,31,16.05,magicmap
57-1,32,18.34,magicmap
57-1,32-1,18.27,magicmap
57-1,33,17.87,magicmap
57-1,34,17.34,magicmap
57-1,35,16.20,magicmap
57-1,36,18.58,magicmap
57-1,37,17.79,magicmap
57-1,38,19.30,magicmap
57-1,39,21.13,magicmap
57-1,4,7.89,magicmap
57-1,40,21.10,magicmap
57-1,43,15.52,magicmap
57-1,43-1,16.33,magicmap
57-1,43-2,15.97,magicmap
57-1,44-1,18.84,magicmap
57-1,49,3.24,magicmap
57-1,5,8.39,magicmap
57-1,50,4.13,magicmap
57-1,500,15.64,magicmap
57-1,51,2.74,magicmap
57-1,52,2.06,magicmap
57-1,52-1,2.06,magicmap
57-1,52-2,2.01,magicmap
57-1,53,2.93,magicmap
57-1,54,4.21,magicmap
57-1,55,4.82,magicmap
57-1,56,14.21,magicmap
57-1,57,0.13,magicmap
57-1,58,0.96,magicmap
57-1,59,0.55,magicmap
57-1,59-1,0.63,magicmap
57-1,6,8.79,magicmap
57-1,61,10.10,magicmap
57-1,62,10.92,magicmap
57-1,64,9.70,magicmap
57-1,66,22.45,magicmap
57-1,7,9.38,magicmap
57-1,71,4.23,magicmap
57-1,71-1,2.62,magicmap
57-1,73,7.87,magicmap
57-1,74,5.75,magicmap
57-1,75,18.29,magicmap
57-1,75-1,18.13,magicmap
57-1,8,10.20,magicmap
57-1,80,10.15,magicmap
57-1,81,5.63,magicmap
57-1,82,5.57,magicmap
57-1,83,3.94,magicmap
57-1,84,5.42,magicmap
57-1,85,6.76,magicmap
57-1,85-1,10.77,magicmap
57-1,86,9.46,magicmap
57-1,9,10.15,magicmap
57-1,919,14.83,magicmap
57-1,942,22.23,magicmap
57-1,GATE,7.20,magicmap
58,1,9.33,magicmap
58,10,11.54,magicmap
58,10-1,12.16,magicmap
58,101,4.15,magicmap
58,103,5.65,magicmap
58,105-2,25.46,magicmap
58,11,12.21,magicmap
58,12,12.21,magicmap
58,129,16.26,magicmap
58,13,12.44,magicmap
58,132,23.07,magicmap
58,135,21.26,magicmap
58,14,10.33,magicmap
58,140,4.12,magicmap
58,140-1,4.12,magicmap
58,140-2,4.81,magicmap
58,142,20.21,magicmap
58,143,14.71,magicmap
58,15,5.27,magicmap
58,15-1,6.00,magicmap
58,152-1,2.25,magicmap
58,153,1.51,magicmap
58,16,1.78,magicmap
58,16-1,5.06,magicmap
58,17,4.87,magicmap
58,18,17.54,magicmap
58,19,18.34,magicmap
58,2,9.22,magicmap
58,20,13.25,magicmap
58,200,15.10,magicmap
58,201,17.57,magicmap
58,203,15.07,magicmap
58,207,2.91,magicmap
58,21,15.84,magicmap
58,22,14.04,magicmap
58,220,2.19,magicmap
58,221,3.74,magicmap
58,222,1.80,magicmap
58,223,5.24,magicmap
58,24,11.58,magicmap
58,25,12.71,magicmap
58,25-1,13.15,magicmap
58,26,13.25,magicmap
58,27,14.76,magicmap
58,28,15.39,magicmap
58,29,20.90,magicmap
58,3,8.86,magicmap
58,30,16.95,magicmap
58,300,27.69,magicmap
58,301,28.76,magicmap
58,302,31.32,magicmap
58,31,16.45,magicmap
58,32,18.43,magicmap
58,32-1,18.36,magicmap
58,33,18.26,magicmap
58,34,17.74,magicmap
58,35,16.60,magicmap
58,36,18.98,magicmap
58,37,18.19,magicmap
58,38,19.70,magicmap
58,39,21.53,magicmap
58,4,8.95,magicmap
58,40,21.50,magicmap
58,43,15.92,magicmap
58,43-1,16.73,magicmap
58,43-2,16.37,magicmap
58,44-1,19.24,magicmap
58,49,4.97,magicmap
58,5,9.45,magicmap
58,50,4.14,magicmap
58,500,13.44,magicmap
58,51,3.81,magicmap
58,52,3.66,magicmap
58,52-1,3.66,magicmap
58,52-2,3.00,magicmap
58,53,4.67,magicmap
58,54,5.91,magicmap
58,55,5.77,magicmap
58,56,14.60,magicmap
58,57,0.78,magicmap
58,57-1,0.96,magicmap
58,59,0.70,magicmap
58,59-1,0.70,magicmap
58,6,9.85,magicmap
58,61,10.75,magicmap
58,62,11.31,magicmap
58,64,6.89,magicmap
58,66,23.51,magicmap
58,7,10.44,magicmap
58,71,3.35,magicmap
58,71-1,1.74,magicmap
58,73,7.42,magicmap
58,74,6.25,magicmap
58,75,18.38,magicmap
58,75-1,18.22,magicmap
58,8,10.91,magicmap
58,80,8.76,magicmap
58,81,4.75,magicmap
58,82,7.31,magicmap
58,83,3.39,magicmap
58,84,5.45,magicmap
58,85,5.88,magicmap
58,85-1,9.37,magicmap
58,86,8.07,magicmap
58,9,11.21,magicmap
58,919,15.89,magicmap
58,942,23.29,magicmap
58,GATE,4.56,magicmap
59,1,9.08,magicmap
59,10,10.64,magicmap
59,10-1,11.25,magicmap
59,101,8.66,magicmap
59,103,8.74,magicmap
59,105-2,25.17,magicmap
59,11,11.30,magicmap
59,12,11.72,magicmap
59,129,16.32,magicmap
59,13,11.95,magicmap
59,132,22.83,magicmap
59,135,21.02,magicmap
59,14,9.42,magicmap
59,140,2.44,magicmap
59,140-1,2.44,magicmap
59,140-2,3.13,magicmap
59,142,19.96,magicmap
59,143,14.47,magicmap
59,15,5.79,magicmap
59,15-1,7.88,magicmap
59,152-1,4.60,magicmap
59,153,3.67,magicmap
59,16,3.57,magicmap
59,16-1,6.93,magicmap
59,17,5.40,magicmap
59,18,17.30,magicmap
59,19,18.09,magicmap
59,2,8.98,magicmap
59,20,13.01,magicmap
59,200,15.05,magicmap
59,201,17.63,magicmap
59,203,15.14,magicmap
59,207,1.32,magicmap
59,21,15.60,magicmap
59,22,13.79,magicmap
59,220,0.61,magicmap
59,221,2.06,magicmap
59,222,0.23,magicmap
59,223,4.77,magicmap
59,24,11.34,magicmap
59,25,12.47,magicmap
59,25-1,12.91,magicmap
59,26,13.00,magicmap
59,27,14.52,magicmap
59,28,15.15,magicmap
59,29,20.66,magicmap
59,3,7.96,magicmap
59,30,16.71,magicmap
59,300,27.45,magicmap
59,301,28.51,magicmap
59,302,31.07,magicmap
59,31,16.21,magicmap
59,32,18.49,magicmap
59,32-1,18.42,magicmap
59,33,18.02,magicmap
59,34,17.50,magicmap
59,35,16.35,magicmap
59,36,18.73,magicmap
59,37,17.95,magicmap
59,38,19.46,magicmap
59,39,21.28,magicmap
59,4,8.05,magicmap
59,40,21.26,magicmap
59,43,15.68,magicmap
59,43-1,16.48,magicmap
59,43-2,16.12,magicmap
59,44-1,18.99,magicmap
59,49,3.39,magicmap
59,5,8.54,magicmap
59,50,4.28,magicmap
59,500,15.80,magicmap
59,51,2.89,magicmap
59,52,2.08,magicmap
59,52-1,2.08,magicmap
59,52-2,1.41,magicmap
59,53,3.09,magicmap
59,54,4.37,magicmap
59,55,4.97,magicmap
59,56,14.36,magicmap
59,57,0.42,magicmap
59,57-1,0.55,magicmap
59,58,0.70,magicmap
59,59-1,0.08,magicmap
59,6,8.95,magicmap
59,61,10.26,magicmap
59,62,11.07,magicmap
59,64,9.44,magicmap
59,66,22.60,magicmap
59,7,9.53,magicmap
59,71,3.97,magicmap
59,71-1,2.36,magicmap
59,73,8.02,magicmap
59,74,5.90,magicmap
59,75,18.44,magicmap
59,75-1,18.29,magicmap
59,8,10.35,magicmap
59,80,9.89,magicmap
59,81,5.37,magicmap
59,82,5.73,magicmap
59,83,4.10,magicmap
59,84,5.58,magicmap
59,85,6.50,magicmap
59,85-1,10.51,magicmap
59,86,9.20,magicmap
59,9,10.30,magicmap
59,919,14.99,magicmap
59,942,22.38,magicmap
59,GATE,6.94,magicmap
59-1,1,10.01,magicmap
59-1,10,11.57,magicmap
59-1,10-1,12.18,magicmap
59-1,101,9.58,magicmap
59-1,103,9.66,magicmap
59-1,105-2,26.10,magicmap
59-1,11,12.23,magicmap
59-1,12,12.65,magicmap
59-1,129,17.25,magicmap
59-1,13,12.87,magicmap
59-1,132,23.75,magicmap
59-1,135,21.94,magicmap
59-1,14,10.35,magicmap
59-1,140,3.46,magicmap
59-1,140-1,3.46,magicmap
59-1,140-2,4.16,magicmap
59-1,142,20.89,magicmap
59-1,143,15.40,magicmap
59-1,15,6.72,magicmap
59-1,15-1,8.81,magicmap
59-1,152-1,4.60,magicmap
59-1,153,3.67,magicmap
59-1,16,3.74,magicmap
59-1,16-1,7.86,magicmap
59-1,17,6.32,magicmap
59-1,18,18.22,magicmap
59-1,19,19.02,magicmap
59-1,2,9.91,magicmap
59-1,20,13.94,magicmap
59-1,200,15.97,magicmap
59-1,201,18.56,magicmap
59-1,203,16.06,magicmap
59-1,207,2.26,magicmap
59-1,21,16.53,magicmap
59-1,22,14.72,magicmap
59-1,220,1.54,magicmap
59-1,221,3.09,magicmap
59-1,222,1.15,magicmap
59-1,223,5.80,magicmap
59-1,24,12.27,magicmap
59-1,25,13.39,magicmap
59-1,25-1,13.83,magicmap
59-1,26,13.93,magicmap
59-1,27,15.45,magicmap
59-1,28,16.07,magicmap
59-1,29,21.59,magicmap
59-1,3,8.88,magicmap
59-1,30,17.64,magicmap
59-1,300,28.37,magicmap
59-1,301,29.44,magicmap
59-1,302,32.00,magicmap
59-1,31,17.14,magicmap
59-1,32,19.42,magicmap
59-1,32-1,19.35,magicmap
59-1,33,18.95,magicmap
59-1,34,18.43,magicmap
59-1,35,17.28,magicmap
59-1,36,19.66,magicmap
59-1,37,18.87,magicmap
59-1,38,20.38,magicmap
59-1,39,22.21,magicmap
59-1,4,8.97,magicmap
59-1,40,22.18,magicmap
59-1,43,16.60,magicmap
59-1,43-1,17.41,magicmap
59-1,43-2,17.05,magicmap
59-1,44-1,19.92,magicmap
59-1,49,4.32,magicmap
59-1,5,9.47,magicmap
59-1,50,5.21,magicmap
59-1,500,16.72,magicmap
59-1,51,3.82,magicmap
59-1,52,3.01,magicmap
59-1,52-1,3.01,magicmap
59-1,52-2,2.34,magicmap
59-1,53,4.01,magicmap
59-1,54,5.29,magicmap
59-1,55,5.90,magicmap
59-1,56,15.29,magicmap
59-1,57,0.47,magicmap
59-1,57-1,0.63,magicmap
59-1,58,0.70,magicmap
59-1,59,0.08,magicmap
59-1,6,9.87,magicmap
59-1,61,11.18,magicmap
59-1,62,12.00,magicmap
59-1,64,9.44,magicmap
59-1,66,23.53,magicmap
59-1,7,10.46,magicmap
59-1,71,3.97,magicmap
59-1,71-1,2.36,magicmap
59-1,73,8.95,magicmap
59-1,74,6.83,magicmap
59-1,75,19.37,magicmap
59-1,75-1,19.21,magicmap
59-1,8,11.28,magicmap
59-1,80,9.89,magicmap
59-1,81,5.37,magicmap
59-1,82,6.65,magicmap
59-1,83,5.02,magicmap
59-1,84,6.50,magicmap
59-1,85,6.50,magicmap
59-1,85-1,10.51,magicmap
59-1,86,9.20,magicmap
59-1,9,11.23,magicmap
59-1,919,15.91,magicmap
59-1,942,23.31,magicmap
59-1,GATE,6.94,magicmap
6,1,3.57,magicmap
6,10,0.68,magicmap
6,10-1,1.62,magicmap
6,101,8.27,magicmap
6,103,6.80,magicmap
6,105-2,16.94,magicmap
6,11,1.42,magicmap
6,12,1.96,magicmap
6,129,10.00,magicmap
6,13,2.32,magicmap
6,132,14.39,magicmap
6,135,12.87,magicmap
6,14,0.42,magicmap
6,140,7.48,magicmap
6,140-1,7.48,magicmap
6,140-2,7.48,magicmap
6,142,11.53,magicmap
6,143,6.03,magicmap
6,15,5.51,magicmap
6,15-1,6.31,magicmap
6,152-1,13.01,magicmap
6,153,12.41,magicmap
6,16,6.86,magicmap
6,16-1,6.71,magicmap
6,17,5.42,magicmap
6,18,8.86,magicmap
6,19,9.66,magicmap
6,2,2.17,magicmap
6,20,4.57,magicmap
6,200,10.62,magicmap
6,201,11.78,magicmap
6,203,10.71,magicmap
6,207,7.42,magicmap
6,21,7.36,magicmap
6,22,6.57,magicmap
6,220,6.81,magicmap
6,221,8.52,magicmap
6,222,7.56,magicmap
6,223,10.29,magicmap
6,24,7.09,magicmap
6,25,7.55,magicmap
6,25-1,8.48,magicmap
6,26,7.57,magicmap
6,27,8.23,magicmap
6,28,8.54,magicmap
6,29,12.22,magicmap
6,3,0.83,magicmap
6,30,9.25,magicmap
6,300,19.30,magicmap
6,301,20.36,magicmap
6,302,22.92,magicmap
6,31,8.98,magicmap
6,32,12.63,magicmap
6,32-1,11.40,magicmap
6,33,10.56,magicmap
6,34,10.00,magicmap
6,35,7.99,magicmap
6,36,10.58,magicmap
6,37,10.48,magicmap
6,38,12.00,magicmap
6,39,13.13,magicmap
6,4,1.60,magicmap
6,40,13.20,magicmap
6,43,7.53,magicmap
6,43-1,8.45,magicmap
6,43-2,8.04,magicmap
6,44-1,10.84,magicmap
6,49,5.19,magicmap
6,5,0.06,magicmap
6,50,4.91,magicmap
6,500,11.55,magicmap
6,51,6.20,magicmap
6,52,6.12,magicmap
6,52-1,6.73,magicmap
6,52-2,7.33,magicmap
6,53,4.81,magicmap
6,54,3.69,magicmap
6,55,3.95,magicmap
6,56,6.43,magicmap
6,57,9.78,magicmap
6,57-1,8.79,magicmap
6,58,9.85,magicmap
6,59,8.95,magicmap
6,59-1,9.87,magicmap
6,61,1.78,magicmap
6,62,5.21,magicmap
6,64,10.55,magicmap
6,66,14.38,magicmap
6,7,0.21,magicmap
6,71,14.86,magicmap
6,71-1,13.64,magicmap
6,73,5.39,magicmap
6,74,2.90,magicmap
6,75,12.58,magicmap
6,75-1,12.43,magicmap
6,8,1.22,magicmap
6,80,19.61,magicmap
6,81,12.80,magicmap
6,82,3.81,magicmap
6,83,6.53,magicmap
6,84,4.63,magicmap
6,85,13.93,magicmap
6,85-1,20.22,magicmap
6,86,18.91,magicmap
6,9,0.45,magicmap
6,919,7.46,magicmap
6,942,14.85,magicmap
6,GATE,13.76,magicmap
61,1,1.36,magicmap
61,10,2.20,magicmap
61,10-1,3.36,magicmap
61,101,7.49,magicmap
61,103,6.02,magicmap
61,105-2,14.40,magicmap
61,11,1.52,magicmap
61,12,0.97,magicmap
61,129,7.59,magicmap
61,13,0.74,magicmap
61,132,11.72,magicmap
61,135,10.20,magicmap
61,14,2.45,magicmap
61,140,9.39,magicmap
61,140-1,9.39,magicmap
61,140-2,9.39,magicmap
61,142,8.85,magicmap
61,143,3.36,magicmap
61,15,4.86,magicmap
61,15-1,5.53,magicmap
61,152-1,13.91,magicmap
61,153,13.31,magicmap
61,16,6.70,magicmap
61,16-1,6.07,magicmap
61,17,6.32,magicmap
61,18,6.19,magicmap
61,19,6.98,magicmap
61,2,0.69,magicmap
61,20,1.90,magicmap
61,200,8.26,magicmap
61,201,9.36,magicmap
61,203,8.54,magicmap
61,207,8.60,magicmap
61,21,4.69,magicmap
61,22,4.40,magicmap
61,220,8.12,magicmap
61,221,10.22,magicmap
61,222,8.87,magicmap
61,223,12.38,magicmap
61,24,5.13,magicmap
61,25,5.38,magicmap
61,25-1,6.31,magicmap
61,26,5.40,magicmap
61,27,6.06,magicmap
61,28,6.37,magicmap
61,29,9.55,magicmap
61,3,1.69,magicmap
61,30,6.58,magicmap
61,300,16.63,magicmap
61,301,17.69,magicmap
61,302,20.25,magicmap
61,31,6.57,magicmap
61,32,10.22,magicmap
61,32-1,8.99,magicmap
61,33,7.89,magicmap
61,34,7.33,magicmap
61,35,5.31,magicmap
61,36,7.91,magicmap
61,37,7.81,magicmap
61,38,9.32,magicmap
61,39,10.46,magicmap
61,4,1.39,magicmap
61,40,10.53,magicmap
61,43,4.86,magicmap
61,43-1,5.78,magicmap
61,43-2,5.36,magicmap
61,44-1,8.17,magicmap
61,49,6.49,magicmap
61,5,0.62,magicmap
61,50,5.81,magicmap
61,500,9.75,magicmap
61,51,7.21,magicmap
61,52,7.30,magicmap
61,52-1,7.98,magicmap
61,52-2,8.51,magicmap
61,53,6.12,magicmap
61,54,5.00,magicmap
61,55,5.26,magicmap
61,56,3.76,magicmap
61,57,11.09,magicmap
61,57-1,10.10,magicmap
61,58,10.75,magicmap
61,59,10.26,magicmap
61,59-1,11.18,magicmap
61,6,1.78,magicmap
61,62,3.10,magicmap
61,64,9.76,magicmap
61,66,14.72,magicmap
61,7,0.34,magicmap
61,71,16.15,magicmap
61,71-1,14.54,magicmap
61,73,4.60,magicmap
61,74,4.18,magicmap
61,75,10.17,magicmap
61,75-1,10.01,magicmap
61,8,0.63,magicmap
61,80,20.51,magicmap
61,81,14.71,magicmap
61,82,5.22,magicmap
61,83,7.43,magicmap
61,84,5.14,magicmap
61,85,15.84,magicmap
61,85-1,21.12,magicmap
61,86,19.81,magicmap
61,9,0.71,magicmap
61,919,9.56,magicmap
61,942,16.95,magicmap
61,GATE,13.92,magicmap
62,1,1.57,magicmap
62,10,6.54,magicmap
62,10-1,7.51,magicmap
62,101,8.05,magicmap
62,103,5.46,magicmap
62,105-2,13.83,magicmap
62,11,5.77,magicmap
62,12,5.22,magicmap
62,129,5.83,magicmap
62,13,3.82,magicmap
62,132,11.45,magicmap
62,135,9.63,magicmap
62,14,5.68,magicmap
62,140,10.20,magicmap
62,140-1,10.20,magicmap
62,140-2,10.20,magicmap
62,142,8.59,magicmap
62,143,5.98,magicmap
62,15,5.42,magicmap
62,15-1,6.09,magicmap
62,152-1,14.46,magicmap
62,153,13.87,magicmap
62,16,7.26,magicmap
62,16-1,6.63,magicmap
62,17,6.88,magicmap
62,18,5.92,magicmap
62,19,6.72,magicmap
62,2,1.99,magicmap
62,20,2.64,magicmap
62,200,5.82,magicmap
62,201,7.61,magicmap
62,203,5.91,magicmap
62,207,9.16,magicmap
62,21,4.21,magicmap
62,22,2.40,magicmap
62,220,8.93,magicmap
62,221,11.04,magicmap
62,222,9.68,magicmap
62,223,13.75,magicmap
62,24,2.64,magicmap
62,25,2.20,magicmap
62,25-1,3.68,magicmap
62,26,2.78,magicmap
62,27,3.43,magicmap
62,28,4.06,magicmap
62,29,9.29,magicmap
62,3,3.94,magicmap
62,30,5.32,magicmap
62,300,16.06,magicmap
62,301,17.12,magicmap
62,302,19.68,magicmap
62,31,4.82,magicmap
62,32,8.47,magicmap
62,32-1,7.24,magicmap
62,33,6.63,magicmap
62,34,6.11,magicmap
62,35,4.96,magicmap
62,36,7.34,magicmap
62,37,6.56,magicmap
62,38,8.07,magicmap
62,39,9.89,magicmap
62,4,3.55,magicmap
62,40,9.86,magicmap
62,43,4.29,magicmap
62,43-1,5.09,magicmap
62,43-2,4.73,magicmap
62,44-1,7.60,magicmap
62,49,7.70,magicmap
62,5,3.66,magicmap
62,50,6.37,magicmap
62,500,7.26,magicmap
62,51,7.77,magicmap
62,52,7.86,magicmap
62,52-1,8.54,magicmap
62,52-2,9.07,magicmap
62,53,7.32,magicmap
62,54,6.21,magicmap
62,55,6.47,magicmap
62,56,2.97,magicmap
62,57,11.90,magicmap
62,57-1,10.92,magicmap
62,58,11.31,magicmap
62,59,11.07,magicmap
62,59-1,12.00,magicmap
62,6,5.21,magicmap
62,61,3.10,magicmap
62,64,9.55,magicmap
62,66,14.45,magicmap
62,7,4.39,magicmap
62,71,16.71,magicmap
62,71-1,15.10,magicmap
62,73,4.79,magicmap
62,74,4.88,magicmap
62,75,8.41,magicmap
62,75-1,8.26,magicmap
62,8,3.97,magicmap
62,80,21.06,magicmap
62,81,15.53,magicmap
62,82,6.43,magicmap
62,83,7.99,magicmap
62,84,5.70,magicmap
62,85,16.65,magicmap
62,85-1,21.68,magicmap
62,86,20.37,magicmap
62,9,5.04,magicmap
62,919,12.76,magicmap
62,942,20.15,magicmap
62,GATE,13.55,magicmap
64,1,8.34,magicmap
64,10,12.24,magicmap
64,10-1,12.85,magicmap
64,101,1.98,magicmap
64,103,3.65,magicmap
64,105-2,22.91,magicmap
64,11,11.85,magicmap
64,12,11.23,magicmap
64,129,11.15,magicmap
64,13,11.41,magicmap
64,132,20.54,magicmap
64,135,18.71,magicmap
64,14,11.02,magicmap
64,140,11.45,magicmap
64,140-1,11.45,magicmap
64,140-2,11.45,magicmap
64,142,17.67,magicmap
64,143,13.57,magicmap
64,15,5.06,magicmap
64,15-1,4.63,magicmap
64,152-1,8.25,magicmap
64,153,7.65,magicmap
64,16,3.31,magicmap
64,16-1,3.60,magicmap
64,17,5.89,magicmap
64,18,15.00,magicmap
64,19,15.80,magicmap
64,2,8.23,magicmap
64,20,11.73,magicmap
64,200,9.99,magicmap
64,201,12.47,magicmap
64,203,9.97,magicmap
64,207,9.69,magicmap
64,21,13.29,magicmap
64,22,11.49,magicmap
64,220,10.18,magicmap
64,221,12.29,magicmap
64,222,10.46,magicmap
64,223,12.39,magicmap
64,24,7.93,magicmap
64,25,9.43,magicmap
64,25-1,9.49,magicmap
64,26,9.96,magicmap
64,27,11.10,magicmap
64,28,12.41,magicmap
64,29,18.37,magicmap
64,3,9.28,magicmap
64,30,14.27,magicmap
64,300,25.14,magicmap
64,301,26.21,magicmap
64,302,28.77,magicmap
64,31,12.90,magicmap
64,32,13.32,magicmap
64,32-1,13.25,magicmap
64,33,14.08,magicmap
64,34,15.19,magicmap
64,35,14.05,magicmap
64,36,16.43,magicmap
64,37,14.81,magicmap
64,38,15.49,magicmap
64,39,18.41,magicmap
64,4,8.89,magicmap
64,40,18.26,magicmap
64,43,13.37,magicmap
64,43-1,14.18,magicmap
64,43-2,13.82,magicmap
64,44-1,16.69,magicmap
64,49,10.25,magicmap
64,5,9.61,magicmap
64,50,7.14,magicmap
64,500,8.34,magicmap
64,51,8.36,magicmap
64,52,8.98,magicmap
64,52-1,9.44,magicmap
64,52-2,9.61,magicmap
64,53,9.21,magicmap
64,54,8.32,magicmap
64,55,8.01,magicmap
64,56,12.05,magicmap
64,57,9.52,magicmap
64,57-1,9.70,magicmap
64,58,6.89,magicmap
64,59,9.44,magicmap
64,59-1,9.44,magicmap
64,6,10.55,magicmap
64,61,9.76,magicmap
64,62,9.55,magicmap
64,66,23.53,magicmap
64,7,10.34,magicmap
64,71,10.50,magicmap
64,71-1,8.88,magicmap
64,73,5.65,magicmap
64,74,8.22,magicmap
64,75,13.27,magicmap
64,75-1,13.12,magicmap
64,8,9.92,magicmap
64,80,13.65,magicmap
64,81,11.90,magicmap
64,82,9.66,magicmap
64,83,7.40,magicmap
64,84,6.37,magicmap
64,85,13.02,magicmap
64,85-1,14.26,magicmap
64,86,12.95,magicmap
64,9,11.03,magicmap
64,919,17.86,magicmap
64,942,25.25,magicmap
64,GATE,4.30,magicmap
66,1,15.86,magicmap
66,10,13.18,magicmap
66,10-1,12.95,magicmap
66,101,22.80,magicmap
66,103,20.23,magicmap
66,105-2,6.69,magicmap
66,11,13.59,magicmap
66,12,14.54,magicmap
66,129,14.25,magicmap
66,13,13.29,magicmap
66,132,4.30,magicmap
66,135,10.02,magicmap
66,14,13.54,magicmap
66,140,18.72,magicmap
66,140-1,18.72,magicmap
66,140-2,18.72,magicmap
66,142,0.85,magicmap
66,143,8.68,magicmap
66,15,19.17,magicmap
66,15-1,20.84,magicmap
66,152-1,26.66,magicmap
66,153,26.06,magicmap
66,16,20.51,magicmap
66,16-1,20.36,magicmap
66,17,19.07,magicmap
66,18,9.69,magicmap
66,19,10.76,magicmap
66,2,16.06,magicmap
66,20,9.62,magicmap
66,200,14.92,magicmap
66,201,16.02,magicmap
66,203,16.47,magicmap
66,207,21.07,magicmap
66,21,9.77,magicmap
66,22,12.62,magicmap
66,220,20.46,magicmap
66,221,19.77,magicmap
66,222,21.22,magicmap
66,223,21.53,magicmap
66,24,15.75,magicmap
66,25,15.27,magicmap
66,25-1,16.20,magicmap
66,26,15.30,magicmap
66,27,13.95,magicmap
66,28,13.32,magicmap
66,29,1.27,magicmap
66,3,15.91,magicmap
66,30,12.20,magicmap
66,300,11.43,magicmap
66,301,12.50,magicmap
66,302,15.04,magicmap
66,31,13.23,magicmap
66,32,16.01,magicmap
66,32-1,15.55,magicmap
66,33,13.48,magicmap
66,34,12.03,magicmap
66,35,9.54,magicmap
66,36,12.33,magicmap
66,37,13.27,magicmap
66,38,13.20,magicmap
66,39,10.69,magicmap
66,4,16.66,magicmap
66,40,10.37,magicmap
66,43,10.35,magicmap
66,43-1,10.69,magicmap
66,43-2,10.79,magicmap
66,44-1,12.13,magicmap
66,49,18.84,magicmap
66,5,15.24,magicmap
66,50,18.57,magicmap
66,500,17.95,magicmap
66,51,19.85,magicmap
66,52,19.77,magicmap
66,52-1,20.38,magicmap
66,52-2,20.98,magicmap
66,53,18.46,magicmap
66,54,17.34,magicmap
66,55,17.61,magicmap
66,56,10.85,magicmap
66,57,23.43,magicmap
66,57-1,22.45,magicmap
66,58,23.51,magicmap
66,59,22.60,magicmap
66,59-1,23.53,magicmap
66,6,14.38,magicmap
66,61,14.72,magicmap
66,62,14.45,magicmap
66,64,23.53,magicmap
66,7,14.52,magicmap
66,71,26.10,magicmap
66,71-1,25.65,magicmap
66,73,19.55,magicmap
66,74,16.90,magicmap
66,75,15.64,magicmap
66,75-1,16.67,magicmap
66,8,15.63,magicmap
66,80,32.02,magicmap
66,81,24.04,magicmap
66,82,15.05,magicmap
66,83,20.19,magicmap
66,84,18.29,magicmap
66,85,25.17,magicmap
66,85-1,32.63,magicmap
66,86,31.33,magicmap
66,9,13.89,magicmap
66,919,16.21,magicmap
66,942,22.80,magicmap
66,GATE,27.41,magicmap
7,1,2.47,magicmap
7,10,0.67,magicmap
7,10-1,1.77,magicmap
7,101,8.06,magicmap
7,103,6.59,magicmap
7,105-2,15.62,magicmap
7,11,1.06,magicmap
7,12,0.80,magicmap
7,129,8.80,magicmap
7,13,1.01,magicmap
7,132,12.93,magicmap
7,135,11.41,magicmap
7,14,0.84,magicmap
7,140,8.30,magicmap
7,140-1,8.30,magicmap
7,140-2,8.30,magicmap
7,142,10.07,magicmap
7,143,4.58,magicmap
7,15,5.43,magicmap
7,15-1,6.10,magicmap
7,152-1,13.59,magicmap
7,153,12.99,magicmap
7,16,7.27,magicmap
7,16-1,6.64,magicmap
7,17,6.00,magicmap
7,18,7.40,magicmap
7,19,8.20,magicmap
7,2,1.29,magicmap
7,20,3.12,magicmap
7,200,9.47,magicmap
7,201,10.58,magicmap
7,203,9.83,magicmap
7,207,8.00,magicmap
7,21,5.91,magicmap
7,22,5.69,magicmap
7,220,7.39,magicmap
7,221,9.34,magicmap
7,222,8.15,magicmap
7,223,11.11,magicmap
7,24,6.43,magicmap
7,25,6.67,magicmap
7,25-1,7.60,magicmap
7,26,6.70,magicmap
7,27,7.36,magicmap
7,28,7.66,magicmap
7,29,10.77,magicmap
7,3,1.38,magicmap
7,30,7.80,magicmap
7,300,17.84,magicmap
7,301,18.91,magicmap
7,302,21.47,magicmap
7,31,7.78,magicmap
7,32,11.43,magicmap
7,32-1,10.21,magicmap
7,33,9.11,magicmap
7,34,8.55,magicmap
7,35,6.53,magicmap
7,36,9.13,magicmap
7,37,9.03,magicmap
7,38,10.54,magicmap
7,39,11.68,magicmap
7,4,1.97,magicmap
7,40,11.74,magicmap
7,43,6.07,magicmap
7,43-1,7.00,magicmap
7,43-2,6.58,magicmap
7,44-1,9.39,magicmap
7,49,5.77,magicmap
7,5,0.56,magicmap
7,50,5.50,magicmap
7,500,11.04,magicmap
7,51,6.78,magicmap
7,52,6.70,magicmap
7,52-1,7.31,magicmap
7,52-2,7.91,magicmap
7,53,5.39,magicmap
7,54,4.27,magicmap
7,55,4.54,magicmap
7,56,4.97,magicmap
7,57,10.36,magicmap
7,57-1,9.38,magicmap
7,58,10.44,magicmap
7,59,9.53,magicmap
7,59-1,10.46,magicmap
7,6,0.21,magicmap
7,61,0.34,magicmap
7,62,4.39,magicmap
7,64,10.34,magicmap
7,66,14.52,magicmap
7,71,15.68,magicmap
7,71-1,14.22,magicmap
7,73,5.18,magicmap
7,74,3.48,magicmap
7,75,11.38,magicmap
7,75-1,11.23,magicmap
7,8,0.63,magicmap
7,80,20.19,magicmap
7,81,13.62,magicmap
7,82,4.50,magicmap
7,83,7.12,magicmap
7,84,5.22,magicmap
7,85,14.74,magicmap
7,85-1,20.81,magicmap
7,86,19.50,magicmap
7,9,0.46,magicmap
7,919,8.02,magicmap
7,942,15.41,magicmap
7,GATE,14.34,magicmap
71,1,14.73,magicmap
71,10,16.20,magicmap
71,10-1,16.34,magicmap
71,101,10.83,magicmap
71,103,12.33,magicmap
71,105-2,28.67,magicmap
71,11,16.77,magicmap
71,12,17.51,magicmap
71,129,21.36,magicmap
71,13,17.84,magicmap
71,132,26.61,magicmap
71,135,26.66,magicmap
71,14,14.22,magicmap
71,140,7.58,magicmap
71,140-1,7.58,magicmap
71,140-2,7.77,magicmap
71,142,25.61,magicmap
71,143,20.12,magicmap
71,15,10.67,magicmap
71,15-1,12.68,magicmap
71,152-1,5.65,magicmap
71,153,4.73,magicmap
71,16,7.18,magicmap
71,16-1,11.75,magicmap
71,17,10.27,magicmap
71,18,22.94,magicmap
71,19,23.74,magicmap
71,2,14.62,magicmap
71,20,18.65,magicmap
71,200,20.20,magicmap
71,201,22.67,magicmap
71,203,20.17,magicmap
71,207,9.18,magicmap
71,21,21.24,magicmap
71,22,19.44,magicmap
71,220,6.80,magicmap
71,221,6.83,magicmap
71,222,8.33,magicmap
71,223,5.76,magicmap
71,24,16.98,magicmap
71,25,18.11,magicmap
71,25-1,18.55,magicmap
71,26,18.65,magicmap
71,27,20.16,magicmap
71,28,20.79,magicmap
71,29,26.30,magicmap
71,3,14.26,magicmap
71,30,22.35,magicmap
71,300,33.09,magicmap
71,301,34.16,magicmap
71,302,36.72,magicmap
71,31,21.85,magicmap
71,32,23.53,magicmap
71,32-1,23.46,magicmap
71,33,23.66,magicmap
71,34,23.14,magicmap
71,35,22.00,magicmap
71,36,24.38,magicmap
71,37,23.59,magicmap
71,38,25.10,magicmap
71,39,26.93,magicmap
71,4,14.35,magicmap
71,40,26.90,magicmap
71,43,21.32,magicmap
71,43-1,22.13,magicmap
71,43-2,21.77,magicmap
71,44-1,24.64,magicmap
71,49,9.91,magicmap
71,5,14.85,magicmap
71,50,9.55,magicmap
71,500,18.54,magicmap
71,51,9.21,magicmap
71,52,8.77,magicmap
71,52-1,8.77,magicmap
71,52-2,9.79,magicmap
71,53,9.60,magicmap
71,54,10.88,magicmap
71,55,11.17,magicmap
71,56,20.00,magicmap
71,57,4.05,magicmap
71,57-1,4.23,magicmap
71,58,3.35,magicmap
71,59,3.97,magicmap
71,59-1,3.97,magicmap
71,6,14.86,magicmap
71,61,16.15,magicmap
71,62,16.71,magicmap
71,64,10.50,magicmap
71,66,26.10,magicmap
71,7,15.68,magicmap
71,71-1,1.05,magicmap
71,73,12.90,magicmap
71,74,11.65,magicmap
71,75,23.48,magicmap
71,75-1,23.32,magicmap
71,8,16.31,magicmap
71,80,6.18,magicmap
71,81,5.27,magicmap
71,82,10.88,magicmap
71,83,8.79,magicmap
71,84,10.85,magicmap
71,85,6.39,magicmap
71,85-1,6.80,magicmap
71,86,5.49,magicmap
71,9,15.77,magicmap
71,919,18.49,magicmap
71,942,25.88,magicmap
71,GATE,8.00,magicmap
71-1,1,13.11,magicmap
71-1,10,15.33,magicmap
71-1,10-1,15.88,magicmap
71-1,101,9.22,magicmap
71-1,103,10.71,magicmap
71-1,105-2,28.22,magicmap
71-1,11,15.99,magicmap
71-1,12,16.00,magicmap
71-1,129,19.74,magicmap
71-1,13,16.23,magicmap
71-1,132,26.15,magicmap
71-1,135,25.05,magicmap
71-1,14,13.77,magicmap
71-1,140,7.13,magicmap
71-1,140-1,7.13,magicmap
71-1,140-2,7.32,magicmap
71-1,142,23.99,magicmap
71-1,143,18.50,magicmap
71-1,15,9.05,magicmap
71-1,15-1,11.06,magicmap
71-1,152-1,4.04,magicmap
71-1,153,3.11,magicmap
71-1,16,5.57,magicmap
71-1,16-1,10.13,magicmap
71-1,17,8.66,magicmap
71-1,18,21.32,magicmap
71-1,19,22.12,magicmap
71-1,2,13.01,magicmap
71-1,20,17.04,magicmap
71-1,200,18.58,magicmap
71-1,201,21.06,magicmap
71-1,203,18.56,magicmap
71-1,207,7.56,magicmap
71-1,21,19.63,magicmap
71-1,22,17.82,magicmap
71-1,220,6.35,magicmap
71-1,221,6.38,magicmap
71-1,222,7.03,magicmap
71-1,223,5.30,magicmap
71-1,24,15.37,magicmap
71-1,25,16.50,magicmap
71-1,25-1,16.94,magicmap
71-1,26,17.03,magicmap
71-1,27,18.55,magicmap
71-1,28,19.18,magicmap
71-1,29,24.69,magicmap
71-1,3,12.65,magicmap
71-1,30,20.74,magicmap
71-1,300,31.48,magicmap
71-1,301,32.54,magicmap
71-1,302,35.10,magicmap
71-1,31,20.24,magicmap
71-1,32,21.92,magicmap
71-1,32-1,21.84,magicmap
71-1,33,22.05,magicmap
71-1,34,21.53,magicmap
71-1,35,20.38,magicmap
71-1,36,22.76,magicmap
71-1,37,21.98,magicmap
71-1,38,23.49,magicmap
71-1,39,25.31,magicmap
71-1,4,12.74,magicmap
71-1,40,25.28,magicmap
71-1,43,19.71,magicmap
71-1,43-1,20.51,magicmap
71-1,43-2,20.15,magicmap
71-1,44-1,23.02,magicmap
71-1,49,9.46,magicmap
71-1,5,13.24,magicmap
71-1,50,7.93,magicmap
71-1,500,16.93,magicmap
71-1,51,7.59,magicmap
71-1,52,8.31,magicmap
71-1,52-1,8.31,magicmap
71-1,52-2,8.19,magicmap
71-1,53,9.15,magicmap
71-1,54,9.70,magicmap
71-1,55,9.56,magicmap
71-1,56,18.39,magicmap
71-1,57,2.43,magicmap
71-1,57-1,2.62,magicmap
71-1,58,1.74,magicmap
71-1,59,2.36,magicmap
71-1,59-1,2.36,magicmap
71-1,6,13.64,magicmap
71-1,61,14.54,magicmap
71-1,62,15.10,magicmap
71-1,64,8.88,magicmap
71-1,66,25.65,magicmap
71-1,7,14.22,magicmap
71-1,71,1.05,magicmap
71-1,73,11.28,magicmap
71-1,74,10.04,magicmap
71-1,75,21.86,magicmap
71-1,75-1,21.71,magicmap
71-1,8,14.69,magicmap
71-1,80,6.97,magicmap
71-1,81,4.81,magicmap
71-1,82,10.43,magicmap
71-1,83,7.17,magicmap
71-1,84,9.23,magicmap
71-1,85,5.94,magicmap
71-1,85-1,7.59,magicmap
71-1,86,6.28,magicmap
71-1,9,15.00,magicmap
71-1,919,18.03,magicmap
71-1,942,25.43,magicmap
71-1,GATE,6.38,magicmap
73,1,3.18,magicmap
73,10,7.08,magicmap
73,10-1,7.69,magicmap
73,101,3.38,magicmap
73,103,1.24,magicmap
73,105-2,18.93,magicmap
73,11,6.69,magicmap
73,12,6.07,magicmap
73,129,8.95,magicmap
73,13,6.29,magicmap
73,132,16.56,magicmap
73,135,14.73,magicmap
73,14,5.86,magicmap
73,140,7.43,magicmap
73,140-1,7.43,magicmap
73,140-2,7.43,magicmap
73,142,13.69,magicmap
73,143,8.57,magicmap
73,15,1.14,magicmap
73,15-1,1.42,magicmap
73,152-1,10.65,magicmap
73,153,10.05,magicmap
73,16,2.59,magicmap
73,16-1,1.96,magicmap
73,17,2.51,magicmap
73,18,11.02,magicmap
73,19,11.82,magicmap
73,2,3.07,magicmap
73,20,7.10,magicmap
73,200,7.79,magicmap
73,201,10.26,magicmap
73,203,7.76,magicmap
73,207,5.87,magicmap
73,21,9.31,magicmap
73,22,7.51,magicmap
73,220,6.16,magicmap
73,221,8.27,magicmap
73,222,6.64,magicmap
73,223,10.98,magicmap
73,24,4.09,magicmap
73,25,5.58,magicmap
73,25-1,5.64,magicmap
73,26,6.12,magicmap
73,27,7.68,magicmap
73,28,8.57,magicmap
73,29,14.39,magicmap
73,3,4.12,magicmap
73,30,10.42,magicmap
73,300,21.16,magicmap
73,301,22.23,magicmap
73,302,24.79,magicmap
73,31,9.92,magicmap
73,32,11.12,magicmap
73,32-1,11.05,magicmap
73,33,11.73,magicmap
73,34,11.21,magicmap
73,35,10.06,magicmap
73,36,12.45,magicmap
73,37,11.66,magicmap
73,38,13.17,magicmap
73,39,15.00,magicmap
73,4,3.73,magicmap
73,40,14.97,magicmap
73,43,9.39,magicmap
73,43-1,10.20,magicmap
73,43-2,9.83,magicmap
73,44-1,12.71,magicmap
73,49,6.23,magicmap
73,5,4.45,magicmap
73,50,3.12,magicmap
73,500,6.13,magicmap
73,51,4.54,magicmap
73,52,4.96,magicmap
73,52-1,5.62,magicmap
73,52-2,5.79,magicmap
73,53,5.19,magicmap
73,54,4.30,magicmap
73,55,3.99,magicmap
73,56,8.07,magicmap
73,57,8.85,magicmap
73,57-1,7.87,magicmap
73,58,7.42,magicmap
73,59,8.02,magicmap
73,59-1,8.95,magicmap
73,6,5.39,magicmap
73,61,4.60,magicmap
73,62,4.79,magicmap
73,64,5.65,magicmap
73,66,19.55,magicmap
73,7,5.18,magicmap
73,71,12.90,magicmap
73,71-1,11.28,magicmap
73,74,3.12,magicmap
73,75,11.07,magicmap
73,75-1,10.91,magicmap
73,8,4.76,magicmap
73,80,17.25,magicmap
73,81,12.75,magicmap
73,82,5.33,magicmap
73,83,4.17,magicmap
73,84,1.81,magicmap
73,85,13.88,magicmap
73,85-1,17.86,magicmap
73,86,16.56,magicmap
73,9,5.87,magicmap
73,919,12.94,magicmap
73,942,20.33,magicmap
73,GATE,9.81,magicmap
74,1,2.92,magicmap
74,10,4.59,magicmap
74,10-1,5.20,magicmap
74,101,5.94,magicmap
74,103,4.54,magicmap
74,105-2,19.06,magicmap
74,11,5.25,magicmap
74,12,5.64,magicmap
74,129,10.16,magicmap
74,13,5.87,magicmap
74,132,16.49,magicmap
74,135,14.86,magicmap
74,14,3.37,magicmap
74,140,5.03,magicmap
74,140-1,5.03,magicmap
74,140-2,5.03,magicmap
74,142,13.63,magicmap
74,143,8.14,magicmap
74,15,1.91,magicmap
74,15-1,4.05,magicmap
74,152-1,9.40,magicmap
74,153,8.81,magicmap
74,16,3.26,magicmap
74,16-1,3.11,magicmap
74,17,1.82,magicmap
74,18,10.96,magicmap
74,19,11.76,magicmap
74,2,2.64,magicmap
74,20,6.67,magicmap
74,200,8.89,magicmap
74,201,11.47,magicmap
74,203,8.97,magicmap
74,207,4.10,magicmap
74,21,9.44,magicmap
74,22,7.63,magicmap
74,220,3.77,magicmap
74,221,5.87,magicmap
74,222,4.52,magicmap
74,223,8.58,magicmap
74,24,5.18,magicmap
74,25,6.31,magicmap
74,25-1,6.74,magicmap
74,26,6.84,magicmap
74,27,8.36,magicmap
74,28,8.98,magicmap
74,29,14.33,magicmap
74,3,1.90,magicmap
74,30,10.55,magicmap
74,300,21.28,magicmap
74,301,22.35,magicmap
74,302,24.91,magicmap
74,31,10.05,magicmap
74,32,12.33,magicmap
74,32-1,12.26,magicmap
74,33,11.86,magicmap
74,34,11.34,magicmap
74,35,10.09,magicmap
74,36,12.57,magicmap
74,37,11.78,magicmap
74,38,13.30,magicmap
74,39,15.12,magicmap
74,4,1.99,magicmap
74,40,15.09,magicmap
74,43,9.52,magicmap
74,43-1,10.32,magicmap
74,43-2,9.96,magicmap
74,44-1,12.83,magicmap
74,49,2.14,magicmap
74,5,2.49,magicmap
74,50,1.31,magicmap
74,500,9.63,magicmap
74,51,2.71,magicmap
74,52,2.80,magicmap
74,52-1,3.48,magicmap
74,52-2,4.01,magicmap
74,53,1.76,magicmap
74,54,0.65,magicmap
74,55,0.78,magicmap
74,56,8.20,magicmap
74,57,6.73,magicmap
74,57-1,5.75,magicmap
74,58,6.25,magicmap
74,59,5.90,magicmap
74,59-1,6.83,magicmap
74,6,2.90,magicmap
74,61,4.18,magicmap
74,62,4.88,magicmap
74,64,8.22,magicmap
74,66,16.90,magicmap
74,7,3.48,magicmap
74,71,11.65,magicmap
74,71-1,10.04,magicmap
74,73,3.12,magicmap
74,75,12.28,magicmap
74,75-1,12.12,magicmap
74,8,4.30,magicmap
74,80,16.00,magicmap
74,81,10.36,magicmap
74,82,1.08,magicmap
74,83,2.93,magicmap
74,84,0.64,magicmap
74,85,11.48,magicmap
74,85-1,16.62,magicmap
74,86,15.31,magicmap
74,9,4.25,magicmap
74,919,9.28,magicmap
74,942,16.68,magicmap
74,GATE,10.16,magicmap
75,1,10.08,magicmap
75,10,13.12,magicmap
75,10-1,14.05,magicmap
75,101,14.10,magicmap
75,103,11.21,magicmap
75,105-2,9.90,magicmap
75,11,12.34,magicmap
75,12,11.74,magicmap
75,129,2.64,magicmap
75,13,9.85,magicmap
75,132,11.32,magicmap
75,135,6.43,magicmap
75,14,13.11,magicmap
75,140,17.57,magicmap
75,140-1,17.57,magicmap
75,140-2,17.57,magicmap
75,142,10.96,magicmap
75,143,9.20,magicmap
75,15,12.79,magicmap
75,15-1,13.46,magicmap
75,152-1,21.23,magicmap
75,153,20.63,magicmap
75,16,14.19,magicmap
75,16-1,13.50,magicmap
75,17,14.25,magicmap
75,18,7.42,magicmap
75,19,6.33,magicmap
75,2,10.64,magicmap
75,20,7.96,magicmap
75,200,1.76,magicmap
75,201,1.37,magicmap
75,203,3.97,magicmap
75,207,16.53,magicmap
75,21,7.29,magicmap
75,22,4.35,magicmap
75,220,16.30,magicmap
75,221,18.41,magicmap
75,222,17.06,magicmap
75,223,21.12,magicmap
75,24,6.26,magicmap
75,25,4.80,magicmap
75,25-1,6.64,magicmap
75,26,6.73,magicmap
75,27,3.24,magicmap
75,28,3.47,magicmap
75,29,11.66,magicmap
75,3,11.89,magicmap
75,30,5.32,magicmap
75,300,11.96,magicmap
75,301,13.03,magicmap
75,302,15.59,magicmap
75,31,2.63,magicmap
75,32,0.90,magicmap
75,32-1,0.74,magicmap
75,33,1.35,magicmap
75,34,5.51,magicmap
75,35,6.13,magicmap
75,36,3.70,magicmap
75,37,2.57,magicmap
75,38,2.23,magicmap
75,39,5.47,magicmap
75,4,11.59,magicmap
75,40,5.31,magicmap
75,43,6.07,magicmap
75,43-1,5.75,magicmap
75,43-2,5.39,magicmap
75,44-1,4.88,magicmap
75,49,15.76,magicmap
75,5,10.97,magicmap
75,50,13.74,magicmap
75,500,5.45,magicmap
75,51,15.14,magicmap
75,52,15.23,magicmap
75,52-1,15.91,magicmap
75,52-2,16.44,magicmap
75,53,15.33,magicmap
75,54,14.26,magicmap
75,55,13.97,magicmap
75,56,5.39,magicmap
75,57,19.27,magicmap
75,57-1,18.29,magicmap
75,58,18.38,magicmap
75,59,18.44,magicmap
75,59-1,19.37,magicmap
75,6,12.58,magicmap
75,61,10.17,magicmap
75,62,8.41,magicmap
75,64,13.27,magicmap
75,66,15.64,magicmap
75,7,11.38,magicmap
75,71,23.48,magicmap
75,71-1,21.86,magicmap
75,73,11.07,magicmap
75,74,12.28,magicmap
75,75-1,0.78,magicmap
75,8,11.29,magicmap
75,80,26.63,magicmap
75,81,22.90,magicmap
75,82,14.48,magicmap
75,83,15.36,magicmap
75,84,13.07,magicmap
75,85,24.02,magicmap
75,85-1,27.24,magicmap
75,86,25.93,magicmap
75,9,11.62,magicmap
75,919,20.19,magicmap
75,942,27.59,magicmap
75,GATE,17.28,magicmap
75-1,1,9.92,magicmap
75-1,10,12.96,magicmap
75-1,10-1,13.90,magicmap
75-1,101,13.95,magicmap
75-1,103,11.05,magicmap
75-1,105-2,11.38,magicmap
75-1,11,12.19,magicmap
75-1,12,11.58,magicmap
75-1,129,2.49,magicmap
75-1,13,9.69,magicmap
75-1,132,12.80,magicmap
75-1,135,7.47,magicmap
75-1,14,12.96,magicmap
75-1,140,17.42,magicmap
75-1,140-1,17.42,magicmap
75-1,140-2,17.42,magicmap
75-1,142,10.81,magicmap
75-1,143,9.04,magicmap
75-1,15,12.63,magicmap
75-1,15-1,13.30,magicmap
75-1,152-1,21.08,magicmap
75-1,153,20.48,magicmap
75-1,16,14.04,magicmap
75-1,16-1,13.35,magicmap
75-1,17,14.09,magicmap
75-1,18,8.14,magicmap
75-1,19,7.38,magicmap
75-1,2,10.48,magicmap
75-1,20,7.81,magicmap
75-1,200,1.36,magicmap
75-1,201,0.62,magicmap
75-1,203,3.81,magicmap
75-1,207,16.37,magicmap
75-1,21,7.14,magicmap
75-1,22,4.20,magicmap
75-1,220,16.15,magicmap
75-1,221,18.25,magicmap
75-1,222,16.90,magicmap
75-1,223,20.96,magicmap
75-1,24,6.10,magicmap
75-1,25,4.64,magicmap
75-1,25-1,6.48,magicmap
75-1,26,6.58,magicmap
75-1,27,3.09,magicmap
75-1,28,3.32,magicmap
75-1,29,11.51,magicmap
75-1,3,11.73,magicmap
75-1,30,5.17,magicmap
75-1,300,13.44,magicmap
75-1,301,14.51,magicmap
75-1,302,17.07,magicmap
75-1,31,3.09,magicmap
75-1,32,1.55,magicmap
75-1,32-1,1.47,magicmap
75-1,33,2.30,magicmap
75-1,34,6.56,magicmap
75-1,35,7.17,magicmap
75-1,36,4.74,magicmap
75-1,37,3.03,magicmap
75-1,38,3.71,magicmap
75-1,39,6.63,magicmap
75-1,4,11.44,magicmap
75-1,40,6.48,magicmap
75-1,43,5.92,magicmap
75-1,43-1,5.60,magicmap
75-1,43-2,5.23,magicmap
75-1,44-1,5.92,magicmap
75-1,49,15.60,magicmap
75-1,5,10.82,magicmap
75-1,50,13.59,magicmap
75-1,500,5.29,magicmap
75-1,51,14.99,magicmap
75-1,52,15.07,magicmap
75-1,52-1,15.76,magicmap
75-1,52-2,16.28,magicmap
75-1,53,15.18,magicmap
75-1,54,14.11,magicmap
75-1,55,13.81,magicmap
75-1,56,5.23,magicmap
75-1,57,19.12,magicmap
75-1,57-1,18.13,magicmap
75-1,58,18.22,magicmap
75-1,59,18.29,magicmap
75-1,59-1,19.21,magicmap
75-1,6,12.43,magicmap
75-1,61,10.01,magicmap
75-1,62,8.26,magicmap
75-1,64,13.12,magicmap
75-1,66,16.67,magicmap
75-1,7,11.23,magicmap
75-1,71,23.32,magicmap
75-1,71-1,21.71,magicmap
75-1,73,10.91,magicmap
75-1,74,12.12,magicmap
75-1,75,0.78,magicmap
75-1,8,11.13,magicmap
75-1,80,26.47,magicmap
75-1,81,22.74,magicmap
75-1,82,14.33,magicmap
75-1,83,15.21,magicmap
75-1,84,12.91,magicmap
75-1,85,23.87,magicmap
75-1,85-1,27.09,magicmap
75-1,86,25.78,magicmap
75-1,9,11.47,magicmap
75-1,919,20.04,magicmap
75-1,942,27.43,magicmap
75-1,GATE,17.12,magicmap
8,1,2.15,magicmap
8,10,1.72,magicmap
8,10-1,2.88,magicmap
8,101,7.64,magicmap
8,103,6.17,magicmap
8,105-2,15.74,magicmap
8,11,1.69,magicmap
8,12,1.21,magicmap
8,129,8.71,magicmap
8,13,1.51,magicmap
8,132,13.06,magicmap
8,135,11.54,magicmap
8,14,1.97,magicmap
8,140,9.12,magicmap
8,140-1,9.12,magicmap
8,140-2,9.12,magicmap
8,142,10.20,magicmap
8,143,4.70,magicmap
8,15,5.01,magicmap
8,15-1,5.68,magicmap
8,152-1,14.06,magicmap
8,153,13.46,magicmap
8,16,6.85,magicmap
8,16-1,6.23,magicmap
8,17,6.47,magicmap
8,18,7.53,magicmap
8,19,8.32,magicmap
8,2,0.88,magicmap
8,20,3.24,magicmap
8,200,9.32,magicmap
8,201,10.48,magicmap
8,203,9.41,magicmap
8,207,8.75,magicmap
8,21,6.03,magicmap
8,22,5.28,magicmap
8,220,8.21,magicmap
8,221,10.16,magicmap
8,222,8.96,magicmap
8,223,11.92,magicmap
8,24,6.01,magicmap
8,25,6.25,magicmap
8,25-1,7.18,magicmap
8,26,6.28,magicmap
8,27,6.94,magicmap
8,28,7.25,magicmap
8,29,10.89,magicmap
8,3,0.90,magicmap
8,30,7.92,magicmap
8,300,17.97,magicmap
8,301,19.03,magicmap
8,302,21.59,magicmap
8,31,7.69,magicmap
8,32,11.34,magicmap
8,32-1,10.11,magicmap
8,33,9.23,magicmap
8,34,8.67,magicmap
8,35,6.66,magicmap
8,36,9.25,magicmap
8,37,9.15,magicmap
8,38,10.67,magicmap
8,39,11.80,magicmap
8,4,1.15,magicmap
8,40,11.87,magicmap
8,43,6.20,magicmap
8,43-1,7.12,magicmap
8,43-2,6.71,magicmap
8,44-1,9.51,magicmap
8,49,6.59,magicmap
8,5,0.36,magicmap
8,50,5.97,magicmap
8,500,10.63,magicmap
8,51,7.37,magicmap
8,52,7.45,magicmap
8,52-1,8.13,magicmap
8,52-2,8.66,magicmap
8,53,6.21,magicmap
8,54,5.09,magicmap
8,55,5.36,magicmap
8,56,5.10,magicmap
8,57,11.18,magicmap
8,57-1,10.20,magicmap
8,58,10.91,magicmap
8,59,10.35,magicmap
8,59-1,11.28,magicmap
8,6,1.22,magicmap
8,61,0.63,magicmap
8,62,3.97,magicmap
8,64,9.92,magicmap
8,66,15.63,magicmap
8,7,0.63,magicmap
8,71,16.31,magicmap
8,71-1,14.69,magicmap
8,73,4.76,magicmap
8,74,4.30,magicmap
8,75,11.29,magicmap
8,75-1,11.13,magicmap
8,80,20.66,magicmap
8,81,14.44,magicmap
8,82,5.31,magicmap
8,83,7.59,magicmap
8,84,5.29,magicmap
8,85,15.56,magicmap
8,85-1,21.28,magicmap
8,86,19.97,magicmap
8,9,0.88,magicmap
8,919,9.09,magicmap
8,942,16.49,magicmap
8,GATE,14.07,magicmap
80,1,19.08,magicmap
80,10,21.30,magicmap
80,10-1,21.91,magicmap
80,101,15.18,magicmap
80,103,16.68,magicmap
80,105-2,34.59,magicmap
80,11,21.96,magicmap
80,12,21.97,magicmap
80,129,24.51,magicmap
80,13,22.20,magicmap
80,132,32.52,magicmap
80,135,31.01,magicmap
80,14,20.08,magicmap
80,140,13.50,magicmap
80,140-1,13.50,magicmap
80,140-2,13.69,magicmap
80,142,29.96,magicmap
80,143,24.47,magicmap
80,15,15.02,magicmap
80,15-1,17.03,magicmap
80,152-1,7.28,magicmap
80,153,7.63,magicmap
80,16,11.53,magicmap
80,16-1,16.10,magicmap
80,17,14.62,magicmap
80,18,27.29,magicmap
80,19,28.09,magicmap
80,2,18.97,magicmap
80,20,23.00,magicmap
80,200,23.35,magicmap
80,201,25.82,magicmap
80,203,23.32,magicmap
80,207,13.53,magicmap
80,21,25.59,magicmap
80,22,23.79,magicmap
80,220,12.72,magicmap
80,221,12.75,magicmap
80,222,13.00,magicmap
80,223,11.67,magicmap
80,24,21.28,magicmap
80,25,22.46,magicmap
80,25-1,22.84,magicmap
80,26,23.00,magicmap
80,27,24.45,magicmap
80,28,25.14,magicmap
80,29,30.65,magicmap
80,3,18.61,magicmap
80,30,26.71,magicmap
80,300,37.44,magicmap
80,301,38.51,magicmap
80,302,41.07,magicmap
80,31,26.20,magicmap
80,32,26.68,magicmap
80,32-1,26.60,magicmap
80,33,27.43,magicmap
80,34,27.49,magicmap
80,35,26.35,magicmap
80,36,28.73,magicmap
80,37,27.94,magicmap
80,38,28.84,magicmap
80,39,31.28,magicmap
80,4,18.70,magicmap
80,40,31.25,magicmap
80,43,25.67,magicmap
80,43-1,26.48,magicmap
80,43-2,26.12,magicmap
80,44-1,28.99,magicmap
80,49,15.83,magicmap
80,5,19.20,magicmap
80,50,13.90,magicmap
80,500,21.69,magicmap
80,51,13.56,magicmap
80,52,14.40,magicmap
80,52-1,14.34,magicmap
80,52-2,14.16,magicmap
80,53,15.52,magicmap
80,54,15.66,magicmap
80,55,15.52,magicmap
80,56,24.36,magicmap
80,57,9.96,magicmap
80,57-1,10.15,magicmap
80,58,8.76,magicmap
80,59,9.89,magicmap
80,59-1,9.89,magicmap
80,6,19.61,magicmap
80,61,20.51,magicmap
80,62,21.06,magicmap
80,64,13.65,magicmap
80,66,32.02,magicmap
80,7,20.19,magicmap
80,71,6.18,magicmap
80,71-1,6.97,magicmap
80,73,17.25,magicmap
80,74,16.00,magicmap
80,75,26.63,magicmap
80,75-1,26.47,magicmap
80,8,20.66,magicmap
80,81,3.17,magicmap
80,82,16.80,magicmap
80,83,13.14,magicmap
80,84,15.20,magicmap
80,85,1.74,magicmap
80,85-1,0.96,magicmap
80,86,2.16,magicmap
80,9,20.96,magicmap
80,919,24.40,magicmap
80,942,29.53,magicmap
80,GATE,9.12,magicmap
81,1,13.54,magicmap
81,10,14.14,magicmap
81,10-1,14.28,magicmap
81,101,12.23,magicmap
81,103,13.47,magicmap
81,105-2,26.61,magicmap
81,11,14.71,magicmap
81,12,15.45,magicmap
81,129,20.78,magicmap
81,13,15.82,magicmap
81,132,24.55,magicmap
81,135,25.47,magicmap
81,14,12.17,magicmap
81,140,5.52,magicmap
81,140-1,5.52,magicmap
81,140-2,5.71,magicmap
81,142,24.42,magicmap
81,143,18.93,magicmap
81,15,10.47,magicmap
81,15-1,12.62,magicmap
81,152-1,7.06,magicmap
81,153,6.13,magicmap
81,16,8.58,magicmap
81,16-1,11.67,magicmap
81,17,10.37,magicmap
81,18,21.75,magicmap
81,19,22.55,magicmap
81,2,13.44,magicmap
81,20,17.47,magicmap
81,200,19.50,magicmap
81,201,22.09,magicmap
81,203,19.59,magicmap
81,207,7.71,magicmap
81,21,20.06,magicmap
81,22,18.25,magicmap
81,220,4.75,magicmap
81,221,4.77,magicmap
81,222,6.27,magicmap
81,223,3.63,magicmap
81,24,15.80,magicmap
81,25,16.92,magicmap
81,25-1,17.36,magicmap
81,26,17.46,magicmap
81,27,18.98,magicmap
81,28,19.60,magicmap
81,29,24.69,magicmap
81,3,12.41,magicmap
81,30,21.17,magicmap
81,300,31.35,magicmap
81,301,32.42,magicmap
81,302,34.97,magicmap
81,31,20.67,magicmap
81,32,22.95,magicmap
81,32-1,22.88,magicmap
81,33,22.48,magicmap
81,34,21.95,magicmap
81,35,20.81,magicmap
81,36,23.19,magicmap
81,37,22.40,magicmap
81,38,23.91,magicmap
81,39,25.74,magicmap
81,4,12.50,magicmap
81,40,25.71,magicmap
81,43,20.13,magicmap
81,43-1,20.94,magicmap
81,43-2,20.58,magicmap
81,44-1,23.45,magicmap
81,49,7.85,magicmap
81,5,13.00,magicmap
81,50,9.08,magicmap
81,500,19.95,magicmap
81,51,8.26,magicmap
81,52,6.71,magicmap
81,52-1,6.71,magicmap
81,52-2,7.73,magicmap
81,53,7.54,magicmap
81,54,8.82,magicmap
81,55,9.43,magicmap
81,56,18.82,magicmap
81,57,5.45,magicmap
81,57-1,5.63,magicmap
81,58,4.75,magicmap
81,59,5.37,magicmap
81,59-1,5.37,magicmap
81,6,12.80,magicmap
81,61,14.71,magicmap
81,62,15.53,magicmap
81,64,11.90,magicmap
81,66,24.04,magicmap
81,7,13.62,magicmap
81,71,5.27,magicmap
81,71-1,4.81,magicmap
81,73,12.75,magicmap
81,74,10.36,magicmap
81,75,22.90,magicmap
81,75-1,22.74,magicmap
81,8,14.44,magicmap
81,80,3.17,magicmap
81,82,8.82,magicmap
81,83,9.47,magicmap
81,84,10.03,magicmap
81,85,1.19,magicmap
81,85-1,1.85,magicmap
81,86,5.55,magicmap
81,9,13.72,magicmap
81,919,16.43,magicmap
81,942,23.82,magicmap
81,GATE,9.40,magicmap
82,1,4.78,magicmap
82,10,5.14,magicmap
82,10-1,5.28,magicmap
82,101,7.38,magicmap
82,103,6.35,magicmap
82,105-2,17.62,magicmap
82,11,5.72,magicmap
82,12,6.46,magicmap
82,129,12.36,magicmap
82,13,6.82,magicmap
82,132,15.55,magicmap
82,135,16.32,magicmap
82,14,3.17,magicmap
82,140,3.31,magicmap
82,140-1,3.31,magicmap
82,140-2,3.31,magicmap
82,142,14.97,magicmap
82,143,9.48,magicmap
82,15,3.35,magicmap
82,15-1,5.50,magicmap
82,152-1,10.84,magicmap
82,153,10.24,magicmap
82,16,4.70,magicmap
82,16-1,4.55,magicmap
82,17,3.25,magicmap
82,18,12.30,magicmap
82,19,13.10,magicmap
82,2,4.06,magicmap
82,20,8.02,magicmap
82,200,11.09,magicmap
82,201,13.68,magicmap
82,203,11.18,magicmap
82,207,4.50,magicmap
82,21,10.81,magicmap
82,22,9.41,magicmap
82,220,3.59,magicmap
82,221,4.55,magicmap
82,222,4.34,magicmap
82,223,6.31,magicmap
82,24,7.38,magicmap
82,25,8.51,magicmap
82,25-1,8.95,magicmap
82,26,9.05,magicmap
82,27,10.56,magicmap
82,28,11.19,magicmap
82,29,15.67,magicmap
82,3,2.92,magicmap
82,30,12.32,magicmap
82,300,22.36,magicmap
82,301,23.43,magicmap
82,302,25.97,magicmap
82,31,11.82,magicmap
82,32,14.54,magicmap
82,32-1,14.24,magicmap
82,33,13.63,magicmap
82,34,13.11,magicmap
82,35,11.43,magicmap
82,36,14.03,magicmap
82,37,13.56,magicmap
82,38,15.07,magicmap
82,39,16.58,magicmap
82,4,3.01,magicmap
82,40,16.65,magicmap
82,43,10.98,magicmap
82,43-1,11.90,magicmap
82,43-2,11.48,magicmap
82,44-1,14.29,magicmap
82,49,1.34,magicmap
82,5,3.51,magicmap
82,50,2.75,magicmap
82,500,11.84,magicmap
82,51,4.03,magicmap
82,52,3.12,magicmap
82,52-1,3.51,magicmap
82,52-2,4.51,magicmap
82,53,1.59,magicmap
82,54,1.53,magicmap
82,55,1.79,magicmap
82,56,9.88,magicmap
82,57,6.56,magicmap
82,57-1,5.57,magicmap
82,58,7.31,magicmap
82,59,5.73,magicmap
82,59-1,6.65,magicmap
82,6,3.81,magicmap
82,61,5.22,magicmap
82,62,6.43,magicmap
82,64,9.66,magicmap
82,66,15.05,magicmap
82,7,4.50,magicmap
82,71,10.88,magicmap
82,71-1,10.43,magicmap
82,73,5.33,magicmap
82,74,1.08,magicmap
82,75,14.48,magicmap
82,75-1,14.33,magicmap
82,8,5.31,magicmap
82,80,16.80,magicmap
82,81,8.82,magicmap
82,83,4.37,magicmap
82,84,2.47,magicmap
82,85,9.95,magicmap
82,85-1,17.41,magicmap
82,86,16.11,magicmap
82,9,4.72,magicmap
82,919,7.43,magicmap
82,942,14.82,magicmap
82,GATE,11.60,magicmap
83,1,6.01,magicmap
83,10,8.22,magicmap
83,10-1,8.84,magicmap
83,101,4.22,magicmap
83,103,4.89,magicmap
83,105-2,22.14,magicmap
83,11,8.89,magicmap
83,12,8.90,magicmap
83,129,13.24,magicmap
83,13,9.12,magicmap
83,132,19.75,magicmap
83,135,17.94,magicmap
83,14,7.01,magicmap
83,140,4.26,magicmap
83,140-1,4.26,magicmap
83,140-2,4.26,magicmap
83,142,16.89,magicmap
83,143,11.40,magicmap
83,15,1.95,magicmap
83,15-1,4.04,magicmap
83,152-1,6.54,magicmap
83,153,5.94,magicmap
83,16,1.70,magicmap
83,16-1,3.09,magicmap
83,17,1.55,magicmap
83,18,14.22,magicmap
83,19,15.02,magicmap
83,2,5.90,magicmap
83,20,9.93,magicmap
83,200,11.97,magicmap
83,201,14.56,magicmap
83,203,12.06,magicmap
83,207,1.95,magicmap
83,21,12.52,magicmap
83,22,10.72,magicmap
83,220,2.78,magicmap
83,221,4.98,magicmap
83,222,2.71,magicmap
83,223,7.69,magicmap
83,24,8.26,magicmap
83,25,9.39,magicmap
83,25-1,9.83,magicmap
83,26,9.93,magicmap
83,27,11.44,magicmap
83,28,12.07,magicmap
83,29,17.58,magicmap
83,3,5.54,magicmap
83,30,13.63,magicmap
83,300,24.37,magicmap
83,301,25.44,magicmap
83,302,28.00,magicmap
83,31,13.13,magicmap
83,32,15.41,magicmap
83,32-1,15.34,magicmap
83,33,14.94,magicmap
83,34,14.42,magicmap
83,35,13.28,magicmap
83,36,15.66,magicmap
83,37,14.87,magicmap
83,38,16.38,magicmap
83,39,18.21,magicmap
83,4,5.63,magicmap
83,40,18.18,magicmap
83,43,12.60,magicmap
83,43-1,13.41,magicmap
83,43-2,13.05,magicmap
83,44-1,15.92,magicmap
83,49,3.92,magicmap
83,5,6.13,magicmap
83,50,0.90,magicmap
83,500,12.72,magicmap
83,51,0.84,magicmap
83,52,1.75,magicmap
83,52-1,1.69,magicmap
83,52-2,1.86,magicmap
83,53,3.38,magicmap
83,54,2.91,magicmap
83,55,2.73,magicmap
83,56,11.28,magicmap
83,57,4.93,magicmap
83,57-1,3.94,magicmap
83,58,3.39,magicmap
83,59,4.10,magicmap
83,59-1,5.02,magicmap
83,6,6.53,magicmap
83,61,7.43,magicmap
83,62,7.99,magicmap
83,64,7.40,magicmap
83,66,20.19,magicmap
83,7,7.12,magicmap
83,71,8.79,magicmap
83,71-1,7.17,magicmap
83,73,4.17,magicmap
83,74,2.93,magicmap
83,75,15.36,magicmap
83,75-1,15.21,magicmap
83,8,7.59,magicmap
83,80,13.14,magicmap
83,81,9.47,magicmap
83,82,4.37,magicmap
83,84,2.13,magicmap
83,85,10.59,magicmap
83,85-1,13.76,magicmap
83,86,12.45,magicmap
83,9,7.89,magicmap
83,919,12.57,magicmap
83,942,19.97,magicmap
83,GATE,7.23,magicmap
84,1,3.71,magicmap
84,10,6.32,magicmap
84,10-1,6.93,magicmap
84,101,4.10,magicmap
84,103,3.07,magicmap
84,105-2,19.85,magicmap
84,11,6.98,magicmap
84,12,6.60,magicmap
84,129,10.95,magicmap
84,13,6.83,magicmap
84,132,17.45,magicmap
84,135,15.64,magicmap
84,14,5.10,magicmap
84,140,4.71,magicmap
84,140-1,4.71,magicmap
84,140-2,4.71,magicmap
84,142,14.59,magicmap
84,143,9.10,magicmap
84,15,0.46,magicmap
84,15-1,1.96,magicmap
84,152-1,8.60,magicmap
84,153,8.00,magicmap
84,16,1.48,magicmap
84,16-1,1.33,magicmap
84,17,0.61,magicmap
84,18,11.92,magicmap
84,19,12.72,magicmap
84,2,3.60,magicmap
84,20,7.64,magicmap
84,200,9.67,magicmap
84,201,12.26,magicmap
84,203,9.76,magicmap
84,207,3.54,magicmap
84,21,10.23,magicmap
84,22,8.42,magicmap
84,220,3.44,magicmap
84,221,5.54,magicmap
84,222,4.19,magicmap
84,223,8.25,magicmap
84,24,5.97,magicmap
84,25,7.09,magicmap
84,25-1,7.53,magicmap
84,26,7.63,magicmap
84,27,9.15,magicmap
84,28,9.77,magicmap
84,29,15.29,magicmap
84,3,3.64,magicmap
84,30,11.34,magicmap
84,300,22.07,magicmap
84,301,23.14,magicmap
84,302,25.70,magicmap
84,31,10.84,magicmap
84,32,13.12,magicmap
84,32-1,13.05,magicmap
84,33,12.65,magicmap
84,34,12.12,magicmap
84,35,10.98,magicmap
84,36,13.36,magicmap
84,37,12.57,magicmap
84,38,14.08,magicmap
84,39,15.91,magicmap
84,4,3.73,magicmap
84,40,15.88,magicmap
84,43,10.30,magicmap
84,43-1,11.11,magicmap
84,43-2,10.75,magicmap
84,44-1,13.62,magicmap
84,49,3.41,magicmap
84,5,4.23,magicmap
84,50,0.69,magicmap
84,500,10.42,magicmap
84,51,2.16,magicmap
84,52,2.24,magicmap
84,52-1,2.93,magicmap
84,52-2,3.45,magicmap
84,53,2.47,magicmap
84,54,1.57,magicmap
84,55,1.10,magicmap
84,56,8.99,magicmap
84,57,6.41,magicmap
84,57-1,5.42,magicmap
84,58,5.45,magicmap
84,59,5.58,magicmap
84,59-1,6.50,magicmap
84,6,4.63,magicmap
84,61,5.14,magicmap
84,62,5.70,magicmap
84,64,6.37,magicmap
84,66,18.29,magicmap
84,7,5.22,magicmap
84,71,10.85,magicmap
84,71-1,9.23,magicmap
84,73,1.81,magicmap
84,74,0.64,magicmap
84,75,13.07,magicmap
84,75-1,12.91,magicmap
84,8,5.29,magicmap
84,80,15.20,magicmap
84,81,10.03,magicmap
84,82,2.47,magicmap
84,83,2.13,magicmap
84,85,11.16,magicmap
84,85-1,15.82,magicmap
84,86,14.51,magicmap
84,9,5.99,magicmap
84,919,10.67,magicmap
84,942,18.06,magicmap
84,GATE,9.35,magicmap
85,1,14.66,magicmap
85,10,15.26,magicmap
85,10-1,15.40,magicmap
85,101,13.36,magicmap
85,103,14.60,magicmap
85,105-2,27.74,magicmap
85,11,15.84,magicmap
85,12,16.58,magicmap
85,129,21.90,magicmap
85,13,16.94,magicmap
85,132,25.67,magicmap
85,135,26.60,magicmap
85,14,13.29,magicmap
85,140,6.65,magicmap
85,140-1,6.65,magicmap
85,140-2,6.84,magicmap
85,142,25.54,magicmap
85,143,20.05,magicmap
85,15,11.60,magicmap
85,15-1,13.74,magicmap
85,152-1,8.18,magicmap
85,153,7.25,magicmap
85,16,9.71,magicmap
85,16-1,12.79,magicmap
85,17,11.50,magicmap
85,18,22.88,magicmap
85,19,23.67,magicmap
85,2,14.56,magicmap
85,20,18.59,magicmap
85,200,20.63,magicmap
85,201,23.22,magicmap
85,203,20.72,magicmap
85,207,8.84,magicmap
85,21,21.18,magicmap
85,22,19.38,magicmap
85,220,5.87,magicmap
85,221,5.90,magicmap
85,222,7.40,magicmap
85,223,4.82,magicmap
85,24,16.92,magicmap
85,25,18.05,magicmap
85,25-1,18.49,magicmap
85,26,18.59,magicmap
85,27,20.10,magicmap
85,28,20.73,magicmap
85,29,25.81,magicmap
85,3,13.54,magicmap
85,30,22.29,magicmap
85,300,32.48,magicmap
85,301,33.55,magicmap
85,302,36.09,magicmap
85,31,21.79,magicmap
85,32,24.07,magicmap
85,32-1,24.00,magicmap
85,33,23.60,magicmap
85,34,23.08,magicmap
85,35,21.93,magicmap
85,36,24.32,magicmap
85,37,23.53,magicmap
85,38,25.04,magicmap
85,39,26.86,magicmap
85,4,13.63,magicmap
85,40,26.84,magicmap
85,43,21.26,magicmap
85,43-1,22.07,magicmap
85,43-2,21.70,magicmap
85,44-1,24.58,magicmap
85,49,8.98,magicmap
85,5,14.12,magicmap
85,50,10.21,magicmap
85,500,21.07,magicmap
85,51,9.39,magicmap
85,52,7.83,magicmap
85,52-1,7.83,magicmap
85,52-2,8.85,magicmap
85,53,8.67,magicmap
85,54,9.95,magicmap
85,55,10.55,magicmap
85,56,19.94,magicmap
85,57,6.57,magicmap
85,57-1,6.76,magicmap
85,58,5.88,magicmap
85,59,6.50,magicmap
85,59-1,6.50,magicmap
85,6,13.93,magicmap
85,61,15.84,magicmap
85,62,16.65,magicmap
85,64,13.02,magicmap
85,66,25.17,magicmap
85,7,14.74,magicmap
85,71,6.39,magicmap
85,71-1,5.94,magicmap
85,73,13.88,magicmap
85,74,11.48,magicmap
85,75,24.02,magicmap
85,75-1,23.87,magicmap
85,8,15.56,magicmap
85,80,1.74,magicmap
85,81,1.19,magicmap
85,82,9.95,magicmap
85,83,10.59,magicmap
85,84,11.16,magicmap
85,85-1,0.93,magicmap
85,86,4.12,magicmap
85,9,14.84,magicmap
85,919,17.55,magicmap
85,942,24.94,magicmap
85,GATE,10.52,magicmap
85-1,1,19.69,magicmap
85-1,10,21.91,magicmap
85-1,10-1,22.52,magicmap
85-1,101,15.80,magicmap
85-1,103,17.30,magicmap
85-1,105-2,35.20,magicmap
85-1,11,22.57,magicmap
85-1,12,22.58,magicmap
85-1,129,25.12,magicmap
85-1,13,22.81,magicmap
85-1,132,33.14,magicmap
85-1,135,31.63,magicmap
85-1,14,20.69,magicmap
85-1,140,14.12,magicmap
85-1,140-1,14.12,magicmap
85-1,140-2,14.31,magicmap
85-1,142,30.57,magicmap
85-1,143,25.08,magicmap
85-1,15,15.64,magicmap
85-1,15-1,17.65,magicmap
85-1,152-1,7.90,magicmap
85-1,153,8.25,magicmap
85-1,16,12.15,magicmap
85-1,16-1,16.71,magicmap
85-1,17,15.24,magicmap
85-1,18,27.91,magicmap
85-1,19,28.70,magicmap
85-1,2,19.59,magicmap
85-1,20,23.62,magicmap
85-1,200,23.96,magicmap
85-1,201,26.44,magicmap
85-1,203,23.94,magicmap
85-1,207,14.14,magicmap
85-1,21,26.21,magicmap
85-1,22,24.41,magicmap
85-1,220,13.34,magicmap
85-1,221,13.37,magicmap
85-1,222,13.61,magicmap
85-1,223,12.29,magicmap
85-1,24,21.90,magicmap
85-1,25,23.08,magicmap
85-1,25-1,23.45,magicmap
85-1,26,23.62,magicmap
85-1,27,25.07,magicmap
85-1,28,25.76,magicmap
85-1,29,31.27,magicmap
85-1,3,19.23,magicmap
85-1,30,27.32,magicmap
85-1,300,38.06,magicmap
85-1,301,39.12,magicmap
85-1,302,41.68,magicmap
85-1,31,26.82,magicmap
85-1,32,27.29,magicmap
85-1,32-1,27.22,magicmap
85-1,33,28.05,magicmap
85-1,34,28.11,magicmap
85-1,35,26.96,magicmap
85-1,36,29.35,magicmap
85-1,37,28.56,magicmap
85-1,38,29.45,magicmap
85-1,39,31.90,magicmap
85-1,4,19.32,magicmap
85-1,40,31.87,magicmap
85-1,43,26.29,magicmap
85-1,43-1,27.10,magicmap
85-1,43-2,26.73,magicmap
85-1,44-1,29.61,magicmap
85-1,49,16.44,magicmap
85-1,5,19.82,magicmap
85-1,50,14.51,magicmap
85-1,500,22.31,magicmap
85-1,51,14.18,magicmap
85-1,52,15.02,magicmap
85-1,52-1,14.96,magicmap
85-1,52-2,14.78,magicmap
85-1,53,16.14,magicmap
85-1,54,16.28,magicmap
85-1,55,16.14,magicmap
85-1,56,24.97,magicmap
85-1,57,10.58,magicmap
85-1,57-1,10.77,magicmap
85-1,58,9.37,magicmap
85-1,59,10.51,magicmap
85-1,59-1,10.51,magicmap
85-1,6,20.22,magicmap
85-1,61,21.12,magicmap
85-1,62,21.68,magicmap
85-1,64,14.26,magicmap
85-1,66,32.63,magicmap
85-1,7,20.81,magicmap
85-1,71,6.80,magicmap
85-1,71-1,7.59,magicmap
85-1,73,17.86,magicmap
85-1,74,16.62,magicmap
85-1,75,27.24,magicmap
85-1,75-1,27.09,magicmap
85-1,8,21.28,magicmap
85-1,80,0.96,magicmap
85-1,81,1.85,magicmap
85-1,82,17.41,magicmap
85-1,83,13.76,magicmap
85-1,84,15.82,magicmap
85-1,85,0.93,magicmap
85-1,86,3.34,magicmap
85-1,9,21.58,magicmap
85-1,919,25.02,magicmap
85-1,942,30.15,magicmap
85-1,GATE,9.74,magicmap
86,1,18.39,magicmap
86,10,20.61,magicmap
86,10-1,21.22,magicmap
86,101,14.49,magicmap
86,103,15.99,magicmap
86,105-2,33.90,magicmap
86,11,21.27,magicmap
86,12,21.28,magicmap
86,129,23.81,magicmap
86,13,21.50,magicmap
86,132,31.83,magicmap
86,135,30.32,magicmap
86,14,19.39,magicmap
86,140,12.81,magicmap
86,140-1,12.81,magicmap
86,140-2,13.00,magicmap
86,142,29.27,magicmap
86,143,23.78,magicmap
86,15,14.33,magicmap
86,15-1,16.34,magicmap
86,152-1,6.59,magicmap
86,153,6.94,magicmap
86,16,10.84,magicmap
86,16-1,15.41,magicmap
86,17,13.93,magicmap
86,18,26.60,magicmap
86,19,27.40,magicmap
86,2,18.28,magicmap
86,20,22.31,magicmap
86,200,22.65,magicmap
86,201,25.13,magicmap
86,203,22.63,magicmap
86,207,12.84,magicmap
86,21,24.90,magicmap
86,22,23.10,magicmap
86,220,12.03,magicmap
86,221,12.06,magicmap
86,222,12.30,magicmap
86,223,10.98,magicmap
86,24,20.59,magicmap
86,25,21.77,magicmap
86,25-1,22.15,magicmap
86,26,22.31,magicmap
86,27,23.76,magicmap
86,28,24.45,magicmap
86,29,29.96,magicmap
86,3,17.92,magicmap
86,30,26.02,magicmap
86,300,36.75,magicmap
86,301,37.82,magicmap
86,302,40.38,magicmap
86,31,25.51,magicmap
86,32,25.99,magicmap
86,32-1,25.91,magicmap
86,33,26.74,magicmap
86,34,26.80,magicmap
86,35,25.66,magicmap
86,36,28.04,magicmap
86,37,27.25,magicmap
86,38,28.15,magicmap
86,39,30.59,magicmap
86,4,18.01,magicmap
86,40,30.56,magicmap
86,43,24.98,magicmap
86,43-1,25.79,magicmap
86,43-2,25.43,magicmap
86,44-1,28.30,magicmap
86,49,15.13,magicmap
86,5,18.51,magicmap
86,50,13.21,magicmap
86,500,21.00,magicmap
86,51,12.87,magicmap
86,52,13.71,magicmap
86,52-1,13.65,magicmap
86,52-2,13.47,magicmap
86,53,14.83,magicmap
86,54,14.97,magicmap
86,55,14.83,magicmap
86,56,23.66,magicmap
86,57,9.27,magicmap
86,57-1,9.46,magicmap
86,58,8.07,magicmap
86,59,9.20,magicmap
86,59-1,9.20,magicmap
86,6,18.91,magicmap
86,61,19.81,magicmap
86,62,20.37,magicmap
86,64,12.95,magicmap
86,66,31.33,magicmap
86,7,19.50,magicmap
86,71,5.49,magicmap
86,71-1,6.28,magicmap
86,73,16.56,magicmap
86,74,15.31,magicmap
86,75,25.93,magicmap
86,75-1,25.78,magicmap
86,8,19.97,magicmap
86,80,2.16,magicmap
86,81,5.55,magicmap
86,82,16.11,magicmap
86,83,12.45,magicmap
86,84,14.51,magicmap
86,85,4.12,magicmap
86,85-1,3.34,magicmap
86,9,20.27,magicmap
86,919,23.71,magicmap
86,942,28.84,magicmap
86,GATE,8.43,magicmap
9,1,3.57,magicmap
9,10,0.08,magicmap
9,10-1,1.13,magicmap
9,101,8.76,magicmap
9,103,7.29,magicmap
9,105-2,15.66,magicmap
9,11,0.66,magicmap
9,12,0.54,magicmap
9,129,9.04,magicmap
9,13,0.97,magicmap
9,132,12.87,magicmap
9,135,11.40,magicmap
9,14,0.48,magicmap
9,140,8.40,magicmap
9,140-1,8.40,magicmap
9,140-2,8.40,magicmap
9,142,10.00,magicmap
9,143,4.51,magicmap
9,15,6.13,magicmap
9,15-1,6.80,magicmap
9,152-1,14.36,magicmap
9,153,13.76,magicmap
9,16,7.97,magicmap
9,16-1,7.34,magicmap
9,17,6.77,magicmap
9,18,7.34,magicmap
9,19,8.13,magicmap
9,2,1.99,magicmap
9,20,3.23,magicmap
9,200,9.71,magicmap
9,201,10.81,magicmap
9,203,10.13,magicmap
9,207,8.77,magicmap
9,21,6.01,magicmap
9,22,5.93,magicmap
9,220,8.17,magicmap
9,221,9.44,magicmap
9,222,8.92,magicmap
9,223,11.20,magicmap
9,24,7.08,magicmap
9,25,6.97,magicmap
9,25-1,7.90,magicmap
9,26,7.00,magicmap
9,27,7.65,magicmap
9,28,7.96,magicmap
9,29,10.70,magicmap
9,3,2.21,magicmap
9,30,8.03,magicmap
9,300,17.89,magicmap
9,301,18.95,magicmap
9,302,21.51,magicmap
9,31,8.02,magicmap
9,32,11.67,magicmap
9,32-1,10.44,magicmap
9,33,9.34,magicmap
9,34,8.73,magicmap
9,35,6.47,magicmap
9,36,9.32,magicmap
9,37,9.27,magicmap
9,38,10.78,magicmap
9,39,11.72,magicmap
9,4,2.66,magicmap
9,40,11.79,magicmap
9,43,6.31,magicmap
9,43-1,7.24,magicmap
9,43-2,6.82,magicmap
9,44-1,9.39,magicmap
9,49,6.54,magicmap
9,5,1.53,magicmap
9,50,6.27,magicmap
9,500,11.55,magicmap
9,51,7.55,magicmap
9,52,7.48,magicmap
9,52-1,8.08,magicmap
9,52-2,8.68,magicmap
9,53,6.16,magicmap
9,54,5.05,magicmap
9,55,5.31,magicmap
9,56,5.21,magicmap
9,57,11.13,magicmap
9,57-1,10.15,magicmap
9,58,11.21,magicmap
9,59,10.30,magicmap
9,59-1,11.23,magicmap
9,6,0.45,magicmap
9,61,0.71,magicmap
9,62,5.04,magicmap
9,64,11.03,magicmap
9,66,13.89,magicmap
9,7,0.46,magicmap
9,71,15.77,magicmap
9,71-1,15.00,magicmap
9,73,5.87,magicmap
9,74,4.25,magicmap
9,75,11.62,magicmap
9,75-1,11.47,magicmap
9,8,0.88,magicmap
9,80,20.96,magicmap
9,81,13.72,magicmap
9,82,4.72,magicmap
9,83,7.89,magicmap
9,84,5.99,magicmap
9,85,14.84,magicmap
9,85-1,21.58,magicmap
9,86,20.27,magicmap
9,919,7.38,magicmap
9,942,14.78,magicmap
9,GATE,15.11,magicmap
919,1,11.12,magicmap
919,10,6.67,magicmap
919,10-1,6.45,magicmap
919,101,15.58,magicmap
919,103,14.35,magicmap
919,105-2,18.78,magicmap
919,11,7.08,magicmap
919,12,8.03,magicmap
919,129,17.61,magicmap
919,13,9.46,magicmap
919,132,16.72,magicmap
919,135,19.40,magicmap
919,14,6.83,magicmap
919,140,11.11,magicmap
919,140-1,11.11,magicmap
919,140-2,11.11,magicmap
919,142,16.69,magicmap
919,143,12.51,magicmap
919,15,11.55,magicmap
919,15-1,13.70,magicmap
919,152-1,19.04,magicmap
919,153,18.45,magicmap
919,16,12.90,magicmap
919,16-1,12.75,magicmap
919,17,11.46,magicmap
919,18,15.33,magicmap
919,19,16.13,magicmap
919,2,9.78,magicmap
919,20,11.39,magicmap
919,200,18.23,magicmap
919,201,19.39,magicmap
919,203,18.32,magicmap
919,207,13.46,magicmap
919,21,14.13,magicmap
919,22,14.18,magicmap
919,220,12.85,magicmap
919,221,12.15,magicmap
919,222,13.60,magicmap
919,223,13.91,magicmap
919,24,14.64,magicmap
919,25,15.16,magicmap
919,25-1,16.09,magicmap
919,26,15.18,magicmap
919,27,15.84,magicmap
919,28,16.15,magicmap
919,29,16.86,magicmap
919,3,8.40,magicmap
919,30,16.94,magicmap
919,300,23.52,magicmap
919,301,24.59,magicmap
919,302,27.14,magicmap
919,31,16.60,magicmap
919,32,20.24,magicmap
919,32-1,19.02,magicmap
919,33,18.25,magicmap
919,34,17.03,magicmap
919,35,14.46,magicmap
919,36,17.61,magicmap
919,37,18.18,magicmap
919,38,18.98,magicmap
919,39,19.72,magicmap
919,4,9.15,magicmap
919,40,19.78,magicmap
919,43,15.05,magicmap
919,43-1,15.62,magicmap
919,43-2,15.72,magicmap
919,44-1,17.38,magicmap
919,49,11.22,magicmap
919,5,7.73,magicmap
919,50,10.95,magicmap
919,500,19.10,magicmap
919,51,12.24,magicmap
919,52,12.16,magicmap
919,52-1,12.77,magicmap
919,52-2,13.37,magicmap
919,53,10.85,magicmap
919,54,9.73,magicmap
919,55,9.99,magicmap
919,56,14.13,magicmap
919,57,15.82,magicmap
919,57-1,14.83,magicmap
919,58,15.89,magicmap
919,59,14.99,magicmap
919,59-1,15.91,magicmap
919,6,7.46,magicmap
919,61,9.56,magicmap
919,62,12.76,magicmap
919,64,17.86,magicmap
919,66,16.21,magicmap
919,7,8.02,magicmap
919,71,18.49,magicmap
919,71-1,18.03,magicmap
919,73,12.94,magicmap
919,74,9.28,magicmap
919,75,20.19,magicmap
919,75-1,20.04,magicmap
919,8,9.09,magicmap
919,80,24.40,magicmap
919,81,16.43,magicmap
919,82,7.43,magicmap
919,83,12.57,magicmap
919,84,10.67,magicmap
919,85,17.55,magicmap
919,85-1,25.02,magicmap
919,86,23.71,magicmap
919,9,7.38,magicmap
919,942,8.92,magicmap
919,GATE,19.80,magicmap
942,1,18.51,magicmap
942,10,14.06,magicmap
942,10-1,13.84,magicmap
942,101,22.98,magicmap
942,103,21.74,magicmap
942,105-2,25.37,magicmap
942,11,14.48,magicmap
942,12,15.43,magicmap
942,129,25.01,magicmap
942,13,16.85,magicmap
942,132,23.30,magicmap
942,135,26.79,magicmap
942,14,14.22,magicmap
942,140,18.50,magicmap
942,140-1,18.50,magicmap
942,140-2,18.50,magicmap
942,142,23.27,magicmap
942,143,19.90,magicmap
942,15,18.95,magicmap
942,15-1,21.09,magicmap
942,152-1,26.44,magicmap
942,153,25.84,magicmap
942,16,20.29,magicmap
942,16-1,20.14,magicmap
942,17,18.85,magicmap
942,18,22.72,magicmap
942,19,23.52,magicmap
942,2,17.18,magicmap
942,20,18.79,magicmap
942,200,25.62,magicmap
942,201,26.78,magicmap
942,203,25.71,magicmap
942,207,20.85,magicmap
942,21,21.53,magicmap
942,22,21.58,magicmap
942,220,20.24,magicmap
942,221,19.54,magicmap
942,222,20.99,magicmap
942,223,21.31,magicmap
942,24,22.04,magicmap
942,25,22.55,magicmap
942,25-1,23.48,magicmap
942,26,22.58,magicmap
942,27,23.24,magicmap
942,28,23.54,magicmap
942,29,23.44,magicmap
942,3,15.80,magicmap
942,30,24.34,magicmap
942,300,30.11,magicmap
942,301,31.18,magicmap
942,302,33.72,magicmap
942,31,23.99,magicmap
942,32,27.64,magicmap
942,32-1,26.41,magicmap
942,33,25.65,magicmap
942,34,24.42,magicmap
942,35,21.85,magicmap
942,36,25.01,magicmap
942,37,25.57,magicmap
942,38,26.37,magicmap
942,39,27.11,magicmap
942,4,16.55,magicmap
942,40,27.17,magicmap
942,43,22.44,magicmap
942,43-1,23.01,magicmap
942,43-2,23.11,magicmap
942,44-1,24.77,magicmap
942,49,18.62,magicmap
942,5,15.12,magicmap
942,50,18.35,magicmap
942,500,26.50,magicmap
942,51,19.63,magicmap
942,52,19.55,magicmap
942,52-1,20.16,magicmap
942,52-2,20.76,magicmap
942,53,18.24,magicmap
942,54,17.12,magicmap
942,55,17.39,magicmap
942,56,21.52,magicmap
942,57,23.21,magicmap
942,57-1,22.23,magicmap
942,58,23.29,magicmap
942,59,22.38,magicmap
942,59-1,23.31,magicmap
942,6,14.85,magicmap
942,61,16.95,magicmap
942,62,20.15,magicmap
942,64,25.25,magicmap
942,66,22.80,magicmap
942,7,15.41,magicmap
942,71,25.88,magicmap
942,71-1,25.43,magicmap
942,73,20.33,magicmap
942,74,16.68,magicmap
942,75,27.59,magicmap
942,75-1,27.43,magicmap
942,8,16.49,magicmap
942,80,29.53,magicmap
942,81,23.82,magicmap
942,82,14.82,magicmap
942,83,19.97,magicmap
942,84,18.06,magicmap
942,85,24.94,magicmap
942,85-1,30.15,magicmap
942,86,28.84,magicmap
942,9,14.78,magicmap
942,919,8.92,magicmap
942,GATE,27.19,magicmap
GATE,1,12.42,magicmap
GATE,10,15.45,magicmap
GATE,10-1,16.06,magicmap
GATE,101,6.13,magicmap
GATE,103,7.66,magicmap
GATE,105-2,26.92,magicmap
GATE,11,16.00,magicmap
GATE,12,15.38,magicmap
GATE,129,15.16,magicmap
GATE,13,15.41,magicmap
GATE,132,24.54,magicmap
GATE,135,22.71,magicmap
GATE,14,14.23,magicmap
GATE,140,10.63,magicmap
GATE,140-1,10.63,magicmap
GATE,140-2,11.33,magicmap
GATE,142,21.68,magicmap
GATE,143,17.57,magicmap
GATE,15,9.17,magicmap
GATE,15-1,8.79,magicmap
GATE,152-1,5.50,magicmap
GATE,153,4.98,magicmap
GATE,16,5.67,magicmap
GATE,16-1,7.76,magicmap
GATE,17,8.78,magicmap
GATE,18,19.01,magicmap
GATE,19,19.81,magicmap
GATE,2,12.39,magicmap
GATE,20,15.73,magicmap
GATE,200,14.00,magicmap
GATE,201,16.47,magicmap
GATE,203,13.97,magicmap
GATE,207,8.60,magicmap
GATE,21,17.29,magicmap
GATE,22,15.49,magicmap
GATE,220,8.52,magicmap
GATE,221,10.25,magicmap
GATE,222,8.07,magicmap
GATE,223,9.89,magicmap
GATE,24,11.93,magicmap
GATE,25,13.43,magicmap
GATE,25-1,13.49,magicmap
GATE,26,13.97,magicmap
GATE,27,15.10,magicmap
GATE,28,16.42,magicmap
GATE,29,22.37,magicmap
GATE,3,12.77,magicmap
GATE,30,18.27,magicmap
GATE,300,29.14,magicmap
GATE,301,30.21,magicmap
GATE,302,32.77,magicmap
GATE,31,16.91,magicmap
GATE,32,17.33,magicmap
GATE,32-1,17.25,magicmap
GATE,33,18.08,magicmap
GATE,34,19.19,magicmap
GATE,35,18.05,magicmap
GATE,36,20.43,magicmap
GATE,37,18.81,magicmap
GATE,38,19.49,magicmap
GATE,39,22.42,magicmap
GATE,4,12.86,magicmap
GATE,40,22.26,magicmap
GATE,43,17.37,magicmap
GATE,43-1,18.18,magicmap
GATE,43-2,17.82,magicmap
GATE,44-1,20.69,magicmap
GATE,49,11.49,magicmap
GATE,5,13.36,magicmap
GATE,50,8.13,magicmap
GATE,500,12.34,magicmap
GATE,51,8.19,magicmap
GATE,52,9.33,magicmap
GATE,52-1,9.27,magicmap
GATE,52-2,9.23,magicmap
GATE,53,10.81,magicmap
GATE,54,10.26,magicmap
GATE,55,9.95,magicmap
GATE,56,16.06,magicmap
GATE,57,7.01,magicmap
GATE,57-1,7.20,magicmap
GATE,58,4.56,magicmap
GATE,59,6.94,magicmap
GATE,59-1,6.94,magicmap
GATE,6,13.76,magicmap
GATE,61,13.92,magicmap
GATE,62,13.55,magicmap
GATE,64,4.30,magicmap
GATE,66,27.41,magicmap
GATE,7,14.34,magicmap
GATE,71,8.00,magicmap
GATE,71-1,6.38,magicmap
GATE,73,9.81,magicmap
GATE,74,10.16,magicmap
GATE,75,17.28,magicmap
GATE,75-1,17.12,magicmap
GATE,8,14.07,magicmap
GATE,80,9.12,magicmap
GATE,81,9.40,magicmap
GATE,82,11.60,magicmap
GATE,83,7.23,magicmap
GATE,84,9.35,magicmap
GATE,85,10.52,magicmap
GATE,85-1,9.74,magicmap
GATE,86,8.43,magicmap
GATE,9,15.11,magicmap
GATE,919,19.80,magicmap
GATE,942,27.19,magicmap
