from,to,minutes,source
1,2,0.28,slope
1,3,2.46,slope
1,4,2.18,slope
1,5,2.36,slope
1,6,3.98,slope
1,7,3.26,slope
1,8,2.56,slope
1,9,4.63,slope
1,10,6.15,slope
1,10-1,7.16,slope
1,11,5.62,slope
1,12,4.96,slope
1,13,3.63,slope
1,14,5.00,slope
1,15,3.33,slope
1,15-1,3.88,slope
1,16,5.02,slope
1,16-1,4.35,slope
1,17,5.06,slope
1,18,9.42,slope
1,19,10.20,slope
1,20,4.19,slope
1,21,7.82,slope
1,22,4.87,slope
1,24,2.86,slope
1,25,4.04,slope
1,25-1,4.52,slope
1,26,4.56,slope
1,27,5.34,slope
1,28,6.20,slope
1,29,14.69,slope
1,30,8.05,slope
1,31,7.50,slope
1,32,11.09,slope
1,32-1,10.05,slope
1,33,9.62,slope
1,34,9.21,slope
1,35,8.27,slope
1,36,10.68,slope
1,37,9.54,slope
1,38,11.44,slope
1,39,13.78,slope
1,40,13.59,slope
1,43,7.30,slope
1,43-1,7.90,slope
1,43-2,7.25,slope
1,44-1,11.22,slope
1,49,7.86,slope
1,50,4.64,slope
1,51,6.18,slope
1,52,6.33,slope
1,52-1,6.94,slope
1,52-2,7.46,slope
1,53,7.07,slope
1,54,5.91,slope
1,55,5.28,slope
1,56,5.69,slope
1,57,10.74,slope
1,57-1,9.59,slope
1,58,9.40,slope
1,59,10.02,slope
1,59-1,10.09,slope
1,61,1.71,slope
1,62,1.63,slope
1,64,8.02,slope
1,66,23.95,slope
1,71,15.00,slope
1,71-1,13.25,slope
1,73,3.08,slope
1,74,3.59,slope
1,75,10.62,slope
1,75-1,10.18,slope
1,80,20.54,slope
1,81,14.29,slope
1,82,7.47,slope
1,83,6.21,slope
1,84,3.79,slope
1,85,15.65,slope
1,85-1,21.22,slope
1,86,19.65,slope
1,101,5.78,slope
1,103,4.05,slope
1,105-2,20.35,slope
1,129,8.20,slope
1,132,17.31,slope
1,135,13.52,slope
1,140,9.22,slope
1,140-1,9.22,slope
1,140-2,9.22,slope
1,142,14.85,slope
1,143,6.46,slope
1,152-1,12.61,slope
1,153,12.02,slope
1,200,6.72,slope
1,201,9.61,slope
1,203,6.81,slope
1,207,7.56,slope
1,220,7.64,slope
1,221,9.89,slope
1,222,8.46,slope
1,223,12.87,slope
1,300,23.62,slope
1,301,24.72,slope
1,302,28.57,slope
1,500,7.68,slope
1,900,12.25,slope
1,901,12.14,slope
1,902,11.37,slope
1,903,12.08,slope
1,904,11.80,slope
1,905,12.59,slope
1,906,12.79,slope
1,915,16.43,slope
1,916,17.41,slope
1,917,18.37,slope
1,918,14.26,slope
1,919,13.41,slope
1,921,15.76,slope
1,922,15.66,slope
1,923,16.33,slope
1,924,16.34,slope
1,925,15.54,slope
1,926,15.86,slope
1,931,20.44,slope
1,932,19.90,slope
1,933,20.41,slope
1,934,20.69,slope
1,935,21.55,slope
1,942,21.20,slope
1,946,16.11,slope
1,GATE,11.61,slope
2,1,0.30,slope
2,3,0.79,slope
2,4,0.61,slope
2,5,0.62,slope
2,6,2.39,slope
2,7,1.84,slope
2,8,1.06,slope
2,9,2.71,slope
2,10,4.28,slope
2,10-1,5.59,slope
2,11,3.80,slope
2,12,3.03,slope
2,13,3.42,slope
2,14,3.43,slope
2,15,3.23,slope
2,15-1,3.78,slope
2,16,4.92,slope
2,16-1,4.25,slope
2,17,4.96,slope
2,18,9.50,slope
2,19,10.26,slope
2,20,4.28,slope
2,21,7.81,slope
2,22,4.72,slope
2,24,3.91,slope
2,25,4.89,slope
2,25-1,5.56,slope
2,26,5.46,slope
2,27,6.14,slope
2,28,6.81,slope
2,29,16.11,slope
2,30,7.85,slope
2,31,7.33,slope
2,32,11.25,slope
2,32-1,10.25,slope
2,33,9.45,slope
2,34,9.03,slope
2,35,8.33,slope
2,36,10.53,slope
2,37,9.37,slope
2,38,11.27,slope
2,39,13.56,slope
2,40,13.41,slope
2,43,7.16,slope
2,43-1,7.95,slope
2,43-2,7.05,slope
2,44-1,11.27,slope
2,49,6.99,slope
2,50,4.53,slope
2,51,6.08,slope
2,52,6.22,slope
2,52-1,6.84,slope
2,52-2,7.36,slope
2,53,6.20,slope
2,54,5.05,slope
2,55,4.72,slope
2,56,5.52,slope
2,57,11.25,slope
2,57-1,10.10,slope
2,58,9.30,slope
2,59,10.53,slope
2,59-1,9.99,slope
2,61,0.93,slope
2,62,2.08,slope
2,64,7.92,slope
2,66,24.89,slope
2,71,14.90,slope
2,71-1,13.15,slope
2,73,2.98,slope
2,74,3.29,slope
2,75,11.23,slope
2,75-1,10.79,slope
2,80,20.44,slope
2,81,14.81,slope
2,82,6.61,slope
2,83,6.11,slope
2,84,3.69,slope
2,85,16.18,slope
2,85-1,21.89,slope
2,86,19.55,slope
2,101,5.68,slope
2,103,4.19,slope
2,105-2,20.78,slope
2,129,8.42,slope
2,132,17.78,slope
2,135,13.36,slope
2,140,9.73,slope
2,140-1,9.73,slope
2,140-2,9.73,slope
2,142,15.53,slope
2,143,6.53,slope
2,152-1,12.51,slope
2,153,11.92,slope
2,200,7.77,slope
2,201,10.21,slope
2,203,7.86,slope
2,207,7.46,slope
2,220,8.14,slope
2,221,10.39,slope
2,222,8.98,slope
2,223,13.40,slope
2,300,23.48,slope
2,301,24.59,slope
2,302,28.44,slope
2,500,8.65,slope
2,900,11.12,slope
2,901,11.01,slope
2,902,10.24,slope
2,903,10.96,slope
2,904,10.67,slope
2,905,11.47,slope
2,906,11.67,slope
2,915,15.30,slope
2,916,16.28,slope
2,917,17.24,slope
2,918,13.13,slope
2,919,11.85,slope
2,921,14.63,slope
2,922,14.53,slope
2,923,15.20,slope
2,924,15.21,slope
2,925,14.42,slope
2,926,14.73,slope
2,931,19.31,slope
2,932,18.77,slope
2,933,19.28,slope
2,934,19.56,slope
2,935,20.42,slope
2,942,19.66,slope
2,946,14.98,slope
2,GATE,11.65,slope
3,1,2.27,slope
3,2,0.75,slope
3,4,0.27,slope
3,5,0.47,slope
3,6,0.97,slope
3,7,1.97,slope
3,8,1.10,slope
3,9,3.01,slope
3,10,3.24,slope
3,10-1,4.11,slope
3,11,4.36,slope
3,12,4.39,slope
3,13,4.79,slope
3,14,1.93,slope
3,15,4.16,slope
3,15-1,4.70,slope
3,16,5.52,slope
3,16-1,5.16,slope
3,17,5.30,slope
3,18,10.99,slope
3,19,11.72,slope
3,20,5.82,slope
3,21,9.29,slope
3,22,6.02,slope
3,24,5.57,slope
3,25,6.96,slope
3,25-1,7.46,slope
3,26,6.98,slope
3,27,7.67,slope
3,28,7.99,slope
3,29,17.95,slope
3,30,9.17,slope
3,31,8.64,slope
3,32,12.57,slope
3,32-1,11.16,slope
3,33,10.78,slope
3,34,10.37,slope
3,35,9.81,slope
3,36,11.92,slope
3,37,10.71,slope
3,38,12.63,slope
3,39,14.95,slope
3,40,14.80,slope
3,43,8.55,slope
3,43-1,9.32,slope
3,43-2,8.38,slope
3,44-1,12.69,slope
3,49,5.56,slope
3,50,4.87,slope
3,51,6.26,slope
3,52,6.10,slope
3,52-1,6.81,slope
3,52-2,7.47,slope
3,53,4.78,slope
3,54,3.62,slope
3,55,3.72,slope
3,56,7.40,slope
3,57,9.98,slope
3,57-1,8.83,slope
3,58,9.74,slope
3,59,9.26,slope
3,59-1,9.96,slope
3,61,2.29,slope
3,62,3.85,slope
3,64,8.85,slope
3,66,24.65,slope
3,71,15.74,slope
3,71-1,13.68,slope
3,73,3.91,slope
3,74,2.65,slope
3,75,12.09,slope
3,75-1,11.65,slope
3,80,20.32,slope
3,81,13.54,slope
3,82,5.11,slope
3,83,6.54,slope
3,84,4.53,slope
3,85,14.90,slope
3,85-1,21.32,slope
3,86,20.03,slope
3,101,6.61,slope
3,103,5.11,slope
3,105-2,22.44,slope
3,129,9.29,slope
3,132,19.48,slope
3,135,14.76,slope
3,140,8.45,slope
3,140-1,8.45,slope
3,140-2,8.45,slope
3,142,17.42,slope
3,143,8.12,slope
3,152-1,13.02,slope
3,153,12.40,slope
3,200,9.43,slope
3,201,11.07,slope
3,203,9.76,slope
3,207,7.58,slope
3,220,6.87,slope
3,221,9.12,slope
3,222,7.70,slope
3,223,12.12,slope
3,300,25.01,slope
3,301,26.11,slope
3,302,29.98,slope
3,500,10.13,slope
3,900,9.72,slope
3,901,9.61,slope
3,902,8.84,slope
3,903,9.56,slope
3,904,9.27,slope
3,905,10.07,slope
3,906,10.27,slope
3,915,13.90,slope
3,916,14.88,slope
3,917,15.84,slope
3,918,11.73,slope
3,919,10.39,slope
3,921,13.23,slope
3,922,13.13,slope
3,923,13.80,slope
3,924,13.81,slope
3,925,13.02,slope
3,926,13.34,slope
3,931,17.91,slope
3,932,17.37,slope
3,933,17.88,slope
3,934,18.16,slope
3,935,19.02,slope
3,942,18.22,slope
3,946,13.58,slope
3,GATE,11.95,slope
4,1,2.09,slope
4,2,0.55,slope
4,3,0.29,slope
4,5,0.91,slope
4,6,1.90,slope
4,7,2.61,slope
4,8,1.35,slope
4,9,3.46,slope
4,10,4.07,slope
4,10-1,4.95,slope
4,11,4.56,slope
4,12,3.80,slope
4,13,4.19,slope
4,14,2.78,slope
4,15,3.98,slope
4,15-1,4.53,slope
4,16,5.67,slope
4,16-1,4.99,slope
4,17,5.41,slope
4,18,10.51,slope
4,19,11.26,slope
4,20,5.31,slope
4,21,8.75,slope
4,22,5.73,slope
4,24,5.38,slope
4,25,6.60,slope
4,25-1,7.05,slope
4,26,6.70,slope
4,27,7.38,slope
4,28,7.70,slope
4,29,17.24,slope
4,30,8.86,slope
4,31,8.33,slope
4,32,12.25,slope
4,32-1,11.31,slope
4,33,10.45,slope
4,34,10.03,slope
4,35,9.34,slope
4,36,11.53,slope
4,37,10.37,slope
4,38,12.27,slope
4,39,14.55,slope
4,40,14.41,slope
4,43,8.16,slope
4,43-1,8.95,slope
4,43-2,8.06,slope
4,44-1,12.27,slope
4,49,5.68,slope
4,50,4.99,slope
4,51,6.38,slope
4,52,6.22,slope
4,52-1,6.92,slope
4,52-2,7.58,slope
4,53,4.90,slope
4,54,3.74,slope
4,55,3.83,slope
4,56,6.99,slope
4,57,10.09,slope
4,57-1,8.94,slope
4,58,9.84,slope
4,59,9.37,slope
4,59-1,10.07,slope
4,61,1.75,slope
4,62,3.80,slope
4,64,8.68,slope
4,66,25.31,slope
4,71,15.85,slope
4,71-1,13.79,slope
4,73,3.73,slope
4,74,2.78,slope
4,75,12.30,slope
4,75-1,11.87,slope
4,80,20.43,slope
4,81,13.65,slope
4,82,5.25,slope
4,83,6.65,slope
4,84,3.90,slope
4,85,15.01,slope
4,85-1,21.43,slope
4,86,20.15,slope
4,101,6.43,slope
4,103,4.93,slope
4,105-2,21.88,slope
4,129,9.50,slope
4,132,18.89,slope
4,135,14.36,slope
4,140,8.57,slope
4,140-1,8.57,slope
4,140-2,8.57,slope
4,142,16.65,slope
4,143,7.53,slope
4,152-1,13.13,slope
4,153,12.51,slope
4,200,9.26,slope
4,201,11.29,slope
4,203,9.35,slope
4,207,7.69,slope
4,220,6.98,slope
4,221,9.23,slope
4,222,7.82,slope
4,223,12.24,slope
4,300,24.48,slope
4,301,25.59,slope
4,302,29.44,slope
4,500,9.96,slope
4,900,10.48,slope
4,901,10.38,slope
4,902,9.61,slope
4,903,10.32,slope
4,904,10.03,slope
4,905,10.83,slope
4,906,11.03,slope
4,915,14.67,slope
4,916,15.65,slope
4,917,16.61,slope
4,918,12.49,slope
4,919,11.21,slope
4,921,14.00,slope
4,922,13.90,slope
4,923,14.57,slope
4,924,14.58,slope
4,925,13.78,slope
4,926,14.10,slope
4,931,18.68,slope
4,932,18.13,slope
4,933,18.65,slope
4,934,18.93,slope
4,935,19.79,slope
4,942,19.03,slope
4,946,14.35,slope
4,GATE,12.22,slope
5,1,1.91,slope
5,2,0.51,slope
5,3,0.45,slope
5,4,0.78,slope
5,6,0.10,slope
5,7,0.71,slope
5,8,0.43,slope
5,9,2.02,slope
5,10,2.54,slope
5,10-1,3.32,slope
5,11,3.17,slope
5,12,2.50,slope
5,13,2.88,slope
5,14,1.17,slope
5,15,4.44,slope
5,15-1,4.99,slope
5,16,7.17,slope
5,16-1,5.45,slope
5,17,5.85,slope
5,18,9.32,slope
5,19,10.08,slope
5,20,4.11,slope
5,21,7.59,slope
5,22,4.98,slope
5,24,5.54,slope
5,25,5.92,slope
5,25-1,6.82,slope
5,26,5.94,slope
5,27,6.63,slope
5,28,6.95,slope
5,29,16.09,slope
5,30,8.07,slope
5,31,7.58,slope
5,32,11.48,slope
5,32-1,10.11,slope
5,33,10.23,slope
5,34,9.78,slope
5,35,8.15,slope
5,36,10.35,slope
5,37,10.15,slope
5,38,12.05,slope
5,39,13.36,slope
5,40,13.75,slope
5,43,6.98,slope
5,43-1,7.77,slope
5,43-2,7.34,slope
5,44-1,11.09,slope
5,49,6.13,slope
5,50,5.43,slope
5,51,6.81,slope
5,52,6.65,slope
5,52-1,7.35,slope
5,52-2,8.01,slope
5,53,5.33,slope
5,54,4.18,slope
5,55,4.28,slope
5,56,5.81,slope
5,57,10.52,slope
5,57-1,9.37,slope
5,58,10.27,slope
5,59,9.80,slope
5,59-1,10.51,slope
5,61,0.86,slope
5,62,3.65,slope
5,64,9.13,slope
5,66,23.80,slope
5,71,16.27,slope
5,71-1,14.21,slope
5,73,4.19,slope
5,74,3.24,slope
5,75,11.05,slope
5,75-1,10.62,slope
5,80,20.84,slope
5,81,14.07,slope
5,82,5.72,slope
5,83,7.08,slope
5,84,5.09,slope
5,85,15.43,slope
5,85-1,21.82,slope
5,86,20.56,slope
5,101,6.89,slope
5,103,5.40,slope
5,105-2,20.72,slope
5,129,8.26,slope
5,132,17.72,slope
5,135,13.18,slope
5,140,8.99,slope
5,140-1,8.99,slope
5,140-2,8.99,slope
5,142,15.54,slope
5,143,6.35,slope
5,152-1,13.55,slope
5,153,12.93,slope
5,200,8.80,slope
5,201,10.04,slope
5,203,9.12,slope
5,207,8.12,slope
5,220,7.42,slope
5,221,9.67,slope
5,222,8.25,slope
5,223,11.91,slope
5,300,23.30,slope
5,301,24.40,slope
5,302,28.25,slope
5,500,10.23,slope
5,900,8.88,slope
5,901,8.78,slope
5,902,8.01,slope
5,903,8.72,slope
5,904,8.43,slope
5,905,9.23,slope
5,906,9.43,slope
5,915,13.07,slope
5,916,14.05,slope
5,917,15.01,slope
5,918,10.89,slope
5,919,9.61,slope
5,921,12.40,slope
5,922,12.30,slope
5,923,12.97,slope
5,924,12.98,slope
5,925,12.18,slope
5,926,12.50,slope
5,931,17.08,slope
5,932,16.53,slope
5,933,17.05,slope
5,934,17.33,slope
5,935,18.19,slope
5,942,17.43,slope
5,946,12.75,slope
5,GATE,12.48,slope
6,1,3.47,slope
6,2,2.16,slope
6,3,0.78,slope
6,4,1.53,slope
6,5,0.07,slope
6,7,0.21,slope
6,8,1.28,slope
6,9,0.51,slope
6,10,0.83,slope
6,10-1,2.10,slope
6,11,1.81,slope
6,12,2.27,slope
6,13,2.76,slope
6,14,0.72,slope
6,15,6.33,slope
6,15-1,6.08,slope
6,16,7.57,slope
6,16-1,6.41,slope
6,17,6.25,slope
6,18,10.62,slope
6,19,11.36,slope
6,20,5.43,slope
6,21,8.73,slope
6,22,6.58,slope
6,24,6.94,slope
6,25,7.51,slope
6,25-1,8.42,slope
6,26,7.54,slope
6,27,8.22,slope
6,28,8.54,slope
6,29,17.25,slope
6,30,9.45,slope
6,31,9.17,slope
6,32,13.06,slope
6,32-1,11.71,slope
6,33,11.49,slope
6,34,11.04,slope
6,35,9.43,slope
6,36,11.62,slope
6,37,11.42,slope
6,38,13.32,slope
6,39,14.58,slope
6,40,15.04,slope
6,43,8.24,slope
6,43-1,9.03,slope
6,43-2,8.59,slope
6,44-1,12.36,slope
6,49,6.54,slope
6,50,5.83,slope
6,51,7.21,slope
6,52,7.05,slope
6,52-1,7.75,slope
6,52-2,8.41,slope
6,53,5.74,slope
6,54,4.59,slope
6,55,4.68,slope
6,56,7.09,slope
6,57,10.92,slope
6,57-1,9.76,slope
6,58,10.66,slope
6,59,10.20,slope
6,59-1,10.90,slope
6,61,1.89,slope
6,62,5.19,slope
6,64,10.23,slope
6,66,21.16,slope
6,71,16.22,slope
6,71-1,14.59,slope
6,73,5.29,slope
6,74,3.66,slope
6,75,12.64,slope
6,75-1,12.21,slope
6,80,21.23,slope
6,81,13.81,slope
6,82,5.99,slope
6,83,7.48,slope
6,84,5.49,slope
6,85,15.17,slope
6,85-1,22.20,slope
6,86,20.95,slope
6,101,7.98,slope
6,103,6.48,slope
6,105-2,21.58,slope
6,129,9.85,slope
6,132,18.82,slope
6,135,14.43,slope
6,140,8.69,slope
6,140-1,8.69,slope
6,140-2,8.69,slope
6,142,16.63,slope
6,143,7.62,slope
6,152-1,13.93,slope
6,153,13.32,slope
6,200,10.39,slope
6,201,11.63,slope
6,203,10.71,slope
6,207,8.52,slope
6,220,7.81,slope
6,221,9.62,slope
6,222,8.64,slope
6,223,11.82,slope
6,300,24.58,slope
6,301,25.70,slope
6,302,29.55,slope
6,500,11.50,slope
6,900,8.54,slope
6,901,8.43,slope
6,902,7.66,slope
6,903,8.38,slope
6,904,8.09,slope
6,905,8.89,slope
6,906,9.09,slope
6,915,12.72,slope
6,916,13.70,slope
6,917,14.66,slope
6,918,10.55,slope
6,919,9.19,slope
6,921,12.05,slope
6,922,11.95,slope
6,923,12.62,slope
6,924,12.63,slope
6,925,11.84,slope
6,926,12.15,slope
6,931,16.73,slope
6,932,16.19,slope
6,933,16.70,slope
6,934,16.98,slope
6,935,17.84,slope
6,942,17.01,slope
6,946,12.40,slope
6,GATE,13.06,slope
7,1,2.43,slope
7,2,1.32,slope
7,3,1.39,slope
7,4,2.02,slope
7,5,0.52,slope
7,6,0.22,slope
7,8,0.64,slope
7,9,0.53,slope
7,10,0.84,slope
7,10-1,2.24,slope
7,11,1.40,slope
7,12,1.09,slope
7,13,1.40,slope
7,14,1.14,slope
7,15,5.30,slope
7,15-1,5.85,slope
7,16,6.99,slope
7,16-1,6.32,slope
7,17,6.77,slope
7,18,8.73,slope
7,19,9.46,slope
7,20,3.58,slope
7,21,6.81,slope
7,22,5.64,slope
7,24,6.20,slope
7,25,6.58,slope
7,25-1,7.48,slope
7,26,6.60,slope
7,27,7.28,slope
7,28,7.61,slope
7,29,15.97,slope
7,30,8.22,slope
7,31,8.21,slope
7,32,12.14,slope
7,32-1,10.72,slope
7,33,9.67,slope
7,34,9.62,slope
7,35,7.53,slope
7,36,10.18,slope
7,37,9.60,slope
7,38,11.49,slope
7,39,13.17,slope
7,40,13.20,slope
7,43,6.72,slope
7,43-1,7.22,slope
7,43-2,6.78,slope
7,44-1,10.47,slope
7,49,7.06,slope
7,50,6.36,slope
7,51,7.73,slope
7,52,7.57,slope
7,52-1,8.27,slope
7,52-2,8.94,slope
7,53,6.26,slope
7,54,5.11,slope
7,55,5.20,slope
7,56,5.27,slope
7,57,11.44,slope
7,57-1,10.29,slope
7,58,11.19,slope
7,59,10.72,slope
7,59-1,11.44,slope
7,61,0.34,slope
7,62,4.31,slope
7,64,10.00,slope
7,66,22.80,slope
7,71,16.98,slope
7,71-1,15.11,slope
7,73,5.05,slope
7,74,4.19,slope
7,75,11.68,slope
7,75-1,11.26,slope
7,80,21.75,slope
7,81,14.59,slope
7,82,6.66,slope
7,83,8.00,slope
7,84,5.26,slope
7,85,15.94,slope
7,85-1,22.68,slope
7,86,21.47,slope
7,101,7.75,slope
7,103,6.25,slope
7,105-2,20.39,slope
7,129,8.89,slope
7,132,17.46,slope
7,135,13.00,slope
7,140,9.48,slope
7,140-1,9.48,slope
7,140-2,9.48,slope
7,142,15.49,slope
7,143,5.71,slope
7,152-1,14.45,slope
7,153,13.84,slope
7,200,9.49,slope
7,201,10.68,slope
7,203,9.77,slope
7,207,9.04,slope
7,220,8.34,slope
7,221,10.41,slope
7,222,9.16,slope
7,223,12.74,slope
7,300,23.74,slope
7,301,24.83,slope
7,302,28.68,slope
7,500,10.88,slope
7,900,8.51,slope
7,901,8.41,slope
7,902,7.64,slope
7,903,8.35,slope
7,904,8.06,slope
7,905,8.86,slope
7,906,9.06,slope
7,915,12.70,slope
7,916,13.68,slope
7,917,14.64,slope
7,918,10.52,slope
7,919,9.51,slope
7,921,12.03,slope
7,922,11.93,slope
7,923,12.60,slope
7,924,12.61,slope
7,925,11.81,slope
7,926,12.13,slope
7,931,16.71,slope
7,932,16.16,slope
7,933,16.68,slope
7,934,16.96,slope
7,935,17.82,slope
7,942,17.29,slope
7,946,12.38,slope
7,GATE,13.58,slope
8,1,2.01,slope
8,2,0.83,slope
8,3,0.84,slope
8,4,1.12,slope
8,5,0.30,slope
8,6,1.18,slope
8,7,0.81,slope
8,9,1.12,slope
8,10,2.02,slope
8,10-1,3.52,slope
8,11,2.18,slope
8,12,1.60,slope
8,13,2.04,slope
8,14,2.48,slope
8,15,4.80,slope
8,15-1,5.35,slope
8,16,6.49,slope
8,16-1,5.82,slope
8,17,6.51,slope
8,18,9.16,slope
8,19,9.92,slope
8,20,3.97,slope
8,21,7.33,slope
8,22,5.23,slope
8,24,5.80,slope
8,25,6.17,slope
8,25-1,7.07,slope
8,26,6.19,slope
8,27,6.87,slope
8,28,7.20,slope
8,29,15.95,slope
8,30,8.06,slope
8,31,7.82,slope
8,32,11.70,slope
8,32-1,10.35,slope
8,33,10.08,slope
8,34,9.62,slope
8,35,7.98,slope
8,36,10.20,slope
8,37,10.00,slope
8,38,11.90,slope
8,39,13.17,slope
8,40,13.60,slope
8,43,6.82,slope
8,43-1,7.63,slope
8,43-2,7.19,slope
8,44-1,10.93,slope
8,49,7.90,slope
8,50,6.09,slope
8,51,8.29,slope
8,52,8.32,slope
8,52-1,9.09,slope
8,52-2,9.68,slope
8,53,7.08,slope
8,54,5.94,slope
8,55,6.02,slope
8,56,5.67,slope
8,57,12.25,slope
8,57-1,11.10,slope
8,58,10.86,slope
8,59,11.53,slope
8,59-1,12.25,slope
8,61,0.67,slope
8,62,3.90,slope
8,64,9.49,slope
8,66,24.03,slope
8,71,17.58,slope
8,71-1,14.70,slope
8,73,4.55,slope
8,74,5.03,slope
8,75,11.29,slope
8,75-1,10.87,slope
8,80,22.18,slope
8,81,15.39,slope
8,82,7.55,slope
8,83,7.66,slope
8,84,5.24,slope
8,85,16.75,slope
8,85-1,23.09,slope
8,86,21.08,slope
8,101,7.25,slope
8,103,5.76,slope
8,105-2,20.56,slope
8,129,8.51,slope
8,132,17.59,slope
8,135,13.01,slope
8,140,10.29,slope
8,140-1,10.29,slope
8,140-2,10.29,slope
8,142,15.38,slope
8,143,6.15,slope
8,152-1,14.06,slope
8,153,13.47,slope
8,200,9.05,slope
8,201,10.29,slope
8,203,9.36,slope
8,207,9.78,slope
8,220,9.15,slope
8,221,11.23,slope
8,222,9.98,slope
8,223,13.57,slope
8,300,23.11,slope
8,301,24.23,slope
8,302,28.07,slope
8,500,10.47,slope
8,900,9.97,slope
8,901,9.86,slope
8,902,9.09,slope
8,903,9.81,slope
8,904,9.52,slope
8,905,10.32,slope
8,906,10.52,slope
8,915,14.15,slope
8,916,15.13,slope
8,917,16.09,slope
8,918,11.98,slope
8,919,10.95,slope
8,921,13.48,slope
8,922,13.38,slope
8,923,14.05,slope
8,924,14.06,slope
8,925,13.27,slope
8,926,13.58,slope
8,931,18.16,slope
8,932,17.62,slope
8,933,18.13,slope
8,934,18.41,slope
8,935,19.27,slope
8,942,18.74,slope
8,946,13.83,slope
8,GATE,13.22,slope
9,1,3.56,slope
9,2,2.05,slope
9,3,2.26,slope
9,4,2.75,slope
9,5,1.54,slope
9,6,0.41,slope
9,7,0.40,slope
9,8,0.91,slope
9,10,0.09,slope
9,10-1,1.40,slope
9,11,0.92,slope
9,12,0.69,slope
9,13,1.24,slope
9,14,0.58,slope
9,15,6.03,slope
9,15-1,6.58,slope
9,16,7.72,slope
9,16-1,7.05,slope
9,17,7.60,slope
9,18,8.51,slope
9,19,9.24,slope
9,20,3.58,slope
9,21,6.71,slope
9,22,5.96,slope
9,24,6.89,slope
9,25,7.05,slope
9,25-1,7.95,slope
9,26,7.07,slope
9,27,7.76,slope
9,28,8.00,slope
9,29,15.71,slope
9,30,8.32,slope
9,31,8.31,slope
9,32,12.22,slope
9,32-1,10.83,slope
9,33,9.77,slope
9,34,9.68,slope
9,35,7.30,slope
9,36,10.23,slope
9,37,9.70,slope
9,38,11.59,slope
9,39,13.04,slope
9,40,13.11,slope
9,43,6.83,slope
9,43-1,7.31,slope
9,43-2,6.88,slope
9,44-1,10.31,slope
9,49,7.89,slope
9,50,7.19,slope
9,51,8.55,slope
9,52,8.40,slope
9,52-1,9.09,slope
9,52-2,9.76,slope
9,53,7.08,slope
9,54,5.94,slope
9,55,6.03,slope
9,56,5.37,slope
9,57,12.26,slope
9,57-1,11.11,slope
9,58,12.01,slope
9,59,11.54,slope
9,59-1,12.26,slope
9,61,0.73,slope
9,62,5.00,slope
9,64,10.73,slope
9,66,21.55,slope
9,71,17.08,slope
9,71-1,15.93,slope
9,73,5.79,slope
9,74,5.02,slope
9,75,11.77,slope
9,75-1,11.35,slope
9,80,22.62,slope
9,81,14.73,slope
9,82,6.72,slope
9,83,8.83,slope
9,84,6.07,slope
9,85,16.09,slope
9,85-1,23.57,slope
9,86,22.29,slope
9,101,8.48,slope
9,103,6.98,slope
9,105-2,20.27,slope
9,129,8.99,slope
9,132,17.21,slope
9,135,12.83,slope
9,140,9.55,slope
9,140-1,9.55,slope
9,140-2,9.55,slope
9,142,15.20,slope
9,143,5.47,slope
9,152-1,15.27,slope
9,153,14.66,slope
9,200,9.58,slope
9,201,10.77,slope
9,203,10.25,slope
9,207,9.86,slope
9,220,9.16,slope
9,221,10.49,slope
9,222,9.98,slope
9,223,12.39,slope
9,300,23.65,slope
9,301,24.74,slope
9,302,28.60,slope
9,500,11.58,slope
9,900,7.54,slope
9,901,7.44,slope
9,902,6.67,slope
9,903,7.38,slope
9,904,7.09,slope
9,905,7.89,slope
9,906,8.09,slope
9,915,11.73,slope
9,916,12.71,slope
9,917,13.66,slope
9,918,9.55,slope
9,919,8.64,slope
9,921,11.05,slope
9,922,10.96,slope
9,923,11.63,slope
9,924,11.64,slope
9,925,10.84,slope
9,926,11.16,slope
9,931,15.74,slope
9,932,15.19,slope
9,933,15.71,slope
9,934,15.98,slope
9,935,16.85,slope
9,942,16.41,slope
9,946,11.41,slope
9,GATE,14.38,slope
10,1,5.02,slope
10,2,3.51,slope
10,3,2.49,slope
10,4,3.20,slope
10,5,1.92,slope
10,6,0.62,slope
10,7,0.62,slope
10,8,1.73,slope
10,9,0.08,slope
10,10-1,0.13,slope
10,11,0.50,slope
10,12,1.20,slope
10,13,2.83,slope
10,14,0.60,slope
10,15,8.00,slope
10,15-1,7.75,slope
10,16,9.24,slope
10,16-1,8.08,slope
10,17,7.92,slope
10,18,9.12,slope
10,19,9.81,slope
10,20,4.63,slope
10,21,7.61,slope
10,22,8.03,slope
10,24,8.36,slope
10,25,9.15,slope
10,25-1,10.05,slope
10,26,9.16,slope
10,27,9.85,slope
10,28,10.09,slope
10,29,16.61,slope
10,30,10.31,slope
10,31,10.30,slope
10,32,14.28,slope
10,32-1,12.80,slope
10,33,11.53,slope
10,34,10.86,slope
10,35,7.87,slope
10,36,11.41,slope
10,37,11.45,slope
10,38,12.36,slope
10,39,13.20,slope
10,40,13.69,slope
10,43,8.16,slope
10,43-1,8.99,slope
10,43-2,8.63,slope
10,44-1,10.87,slope
10,49,8.21,slope
10,50,7.51,slope
10,51,8.87,slope
10,52,8.72,slope
10,52-1,9.41,slope
10,52-2,10.08,slope
10,53,7.40,slope
10,54,6.26,slope
10,55,6.35,slope
10,56,7.36,slope
10,57,12.58,slope
10,57-1,11.43,slope
10,58,12.33,slope
10,59,11.86,slope
10,59-1,12.58,slope
10,61,2.18,slope
10,62,6.47,slope
10,64,11.90,slope
10,66,19.61,slope
10,71,17.49,slope
10,71-1,16.25,slope
10,73,6.95,slope
10,74,5.35,slope
10,75,13.78,slope
10,75-1,13.36,slope
10,80,22.56,slope
10,81,14.81,slope
10,82,6.13,slope
10,83,9.15,slope
10,84,7.16,slope
10,85,16.16,slope
10,85-1,23.43,slope
10,86,22.61,slope
10,101,9.65,slope
10,103,8.15,slope
10,105-2,19.85,slope
10,129,10.98,slope
10,132,17.76,slope
10,135,13.09,slope
10,140,9.66,slope
10,140-1,9.66,slope
10,140-2,9.66,slope
10,142,16.06,slope
10,143,6.03,slope
10,152-1,15.59,slope
10,153,14.98,slope
10,200,11.58,slope
10,201,12.78,slope
10,203,12.35,slope
10,207,10.18,slope
10,220,9.48,slope
10,221,10.91,slope
10,222,10.30,slope
10,223,12.49,slope
10,300,24.56,slope
10,301,25.65,slope
10,302,29.52,slope
10,500,13.72,slope
10,900,6.48,slope
10,901,6.38,slope
10,902,5.61,slope
10,903,6.32,slope
10,904,6.03,slope
10,905,6.83,slope
10,906,7.03,slope
10,915,10.67,slope
10,916,11.65,slope
10,917,12.61,slope
10,918,8.49,slope
10,919,7.60,slope
10,921,10.00,slope
10,922,9.90,slope
10,923,10.57,slope
10,924,10.58,slope
10,925,9.78,slope
10,926,10.10,slope
10,931,14.68,slope
10,932,14.13,slope
10,933,14.65,slope
10,934,14.93,slope
10,935,15.79,slope
10,942,15.35,slope
10,946,10.35,slope
10,GATE,14.72,slope
10-1,1,5.72,slope
10-1,2,4.46,slope
10-1,3,3.14,slope
10-1,4,3.84,slope
10-1,5,2.50,slope
10-1,6,1.59,slope
10-1,7,1.68,slope
10-1,8,2.93,slope
10-1,9,1.08,slope
10-1,10,0.09,slope
10-1,11,0.42,slope
10-1,12,1.15,slope
10-1,13,2.59,slope
10-1,14,0.92,slope
10-1,15,8.62,slope
10-1,15-1,8.40,slope
10-1,16,9.86,slope
10-1,16-1,8.73,slope
10-1,17,8.54,slope
10-1,18,9.14,slope
10-1,19,9.83,slope
10-1,20,4.73,slope
10-1,21,7.50,slope
10-1,22,8.79,slope
10-1,24,9.25,slope
10-1,25,9.91,slope
10-1,25-1,10.80,slope
10-1,26,9.92,slope
10-1,27,10.61,slope
10-1,28,10.85,slope
10-1,29,16.56,slope
10-1,30,10.73,slope
10-1,31,11.06,slope
10-1,32,15.00,slope
10-1,32-1,13.57,slope
10-1,33,11.94,slope
10-1,34,10.90,slope
10-1,35,7.88,slope
10-1,36,11.45,slope
10-1,37,11.86,slope
10-1,38,12.38,slope
10-1,39,13.19,slope
10-1,40,13.71,slope
10-1,43,8.38,slope
10-1,43-1,9.07,slope
10-1,43-2,9.03,slope
10-1,44-1,10.88,slope
10-1,49,8.82,slope
10-1,50,8.13,slope
10-1,51,9.49,slope
10-1,52,9.34,slope
10-1,52-1,10.03,slope
10-1,52-2,10.70,slope
10-1,53,8.02,slope
10-1,54,6.87,slope
10-1,55,6.97,slope
10-1,56,8.02,slope
10-1,57,13.20,slope
10-1,57-1,12.05,slope
10-1,58,12.96,slope
10-1,59,12.48,slope
10-1,59-1,13.21,slope
10-1,61,3.38,slope
10-1,62,7.51,slope
10-1,64,12.55,slope
10-1,66,18.92,slope
10-1,71,17.60,slope
10-1,71-1,16.82,slope
10-1,73,7.60,slope
10-1,74,5.96,slope
10-1,75,14.53,slope
10-1,75-1,14.10,slope
10-1,80,23.16,slope
10-1,81,14.91,slope
10-1,82,6.24,slope
10-1,83,9.77,slope
10-1,84,7.78,slope
10-1,85,16.26,slope
10-1,85-1,24.02,slope
10-1,86,22.26,slope
10-1,101,10.30,slope
10-1,103,8.80,slope
10-1,105-2,19.35,slope
10-1,129,11.74,slope
10-1,132,17.25,slope
10-1,135,13.10,slope
10-1,140,9.76,slope
10-1,140-1,9.76,slope
10-1,140-2,9.76,slope
10-1,142,15.96,slope
10-1,143,6.05,slope
10-1,152-1,16.22,slope
10-1,153,15.61,slope
10-1,200,12.33,slope
10-1,201,13.52,slope
10-1,203,13.11,slope
10-1,207,10.80,slope
10-1,220,10.10,slope
10-1,221,11.01,slope
10-1,222,10.92,slope
10-1,223,12.59,slope
10-1,300,24.57,slope
10-1,301,25.66,slope
10-1,302,29.53,slope
10-1,500,14.32,slope
10-1,900,6.45,slope
10-1,901,6.35,slope
10-1,902,5.58,slope
10-1,903,6.29,slope
10-1,904,6.00,slope
10-1,905,6.80,slope
10-1,906,7.00,slope
10-1,915,10.64,slope
10-1,916,11.62,slope
10-1,917,12.57,slope
10-1,918,8.46,slope
10-1,919,7.30,slope
10-1,921,9.96,slope
10-1,922,9.87,slope
10-1,923,10.54,slope
10-1,924,10.55,slope
10-1,925,9.75,slope
10-1,926,10.07,slope
10-1,931,14.65,slope
10-1,932,14.10,slope
10-1,933,14.62,slope
10-1,934,14.89,slope
10-1,935,15.76,slope
10-1,942,15.05,slope
10-1,946,10.32,slope
10-1,GATE,15.37,slope
11,1,4.17,slope
11,2,2.76,slope
11,3,3.15,slope
11,4,3.46,slope
11,5,2.38,slope
11,6,1.34,slope
11,7,1.03,slope
11,8,1.65,slope
11,9,0.65,slope
11,10,0.50,slope
11,10-1,0.38,slope
11,12,0.72,slope
11,13,1.32,slope
11,14,1.15,slope
11,15,6.75,slope
11,15-1,7.30,slope
11,16,8.44,slope
11,16-1,7.76,slope
11,17,8.57,slope
11,18,8.41,slope
11,19,9.13,slope
11,20,3.53,slope
11,21,6.52,slope
11,22,7.17,slope
11,24,7.52,slope
11,25,8.29,slope
11,25-1,9.19,slope
11,26,8.30,slope
11,27,8.99,slope
11,28,9.23,slope
11,29,15.40,slope
11,30,9.10,slope
11,31,9.44,slope
11,32,13.41,slope
11,32-1,11.94,slope
11,33,10.33,slope
11,34,9.59,slope
11,35,7.19,slope
11,36,10.14,slope
11,37,10.25,slope
11,38,11.70,slope
11,39,12.57,slope
11,40,12.99,slope
11,43,6.78,slope
11,43-1,7.75,slope
11,43-2,7.44,slope
11,44-1,10.20,slope
11,49,8.87,slope
11,50,8.16,slope
11,51,9.52,slope
11,52,9.37,slope
11,52-1,10.06,slope
11,52-2,10.73,slope
11,53,8.06,slope
11,54,6.91,slope
11,55,7.00,slope
11,56,6.39,slope
11,57,13.23,slope
11,57-1,12.08,slope
11,58,12.99,slope
11,59,12.51,slope
11,59-1,13.24,slope
11,61,1.44,slope
11,62,5.62,slope
11,64,11.44,slope
11,66,20.22,slope
11,71,18.05,slope
11,71-1,16.90,slope
11,73,6.50,slope
11,74,6.00,slope
11,75,12.92,slope
11,75-1,12.50,slope
11,80,23.17,slope
11,81,15.33,slope
11,82,6.69,slope
11,83,9.80,slope
11,84,6.96,slope
11,85,16.68,slope
11,85-1,24.02,slope
11,86,22.28,slope
11,101,9.20,slope
11,103,7.70,slope
11,105-2,19.97,slope
11,129,10.13,slope
11,132,16.94,slope
11,135,12.42,slope
11,140,10.19,slope
11,140-1,10.19,slope
11,140-2,10.19,slope
11,142,14.81,slope
11,143,5.35,slope
11,152-1,16.24,slope
11,153,15.63,slope
11,200,10.72,slope
11,201,11.92,slope
11,203,11.50,slope
11,207,10.83,slope
11,220,10.13,slope
11,221,11.47,slope
11,222,10.96,slope
11,223,13.02,slope
11,300,23.46,slope
11,301,24.55,slope
11,302,28.40,slope
11,500,12.86,slope
11,900,6.69,slope
11,901,6.59,slope
11,902,5.82,slope
11,903,6.53,slope
11,904,6.24,slope
11,905,7.04,slope
11,906,7.24,slope
11,915,10.88,slope
11,916,11.86,slope
11,917,12.81,slope
11,918,8.70,slope
11,919,7.96,slope
11,921,10.20,slope
11,922,10.11,slope
11,923,10.78,slope
11,924,10.79,slope
11,925,9.99,slope
11,926,10.31,slope
11,931,14.89,slope
11,932,14.34,slope
11,933,14.86,slope
11,934,15.14,slope
11,935,16.00,slope
11,942,15.70,slope
11,946,10.56,slope
11,GATE,15.17,slope
12,1,3.64,slope
12,2,2.16,slope
12,3,3.10,slope
12,4,2.86,slope
12,5,1.77,slope
12,6,1.81,slope
12,7,0.77,slope
12,8,1.19,slope
12,9,0.49,slope
12,10,1.00,slope
12,10-1,1.36,slope
12,11,0.75,slope
12,13,0.47,slope
12,14,2.47,slope
12,15,6.14,slope
12,15-1,6.69,slope
12,16,7.84,slope
12,16-1,7.16,slope
12,17,7.87,slope
12,18,7.07,slope
12,19,7.78,slope
12,20,2.65,slope
12,21,5.45,slope
12,22,6.53,slope
12,24,7.16,slope
12,25,7.66,slope
12,25-1,8.55,slope
12,26,7.66,slope
12,27,8.36,slope
12,28,8.59,slope
12,29,14.62,slope
12,30,8.47,slope
12,31,8.81,slope
12,32,12.78,slope
12,32-1,11.30,slope
12,33,9.69,slope
12,34,8.85,slope
12,35,5.84,slope
12,36,9.40,slope
12,37,9.61,slope
12,38,10.35,slope
12,39,11.20,slope
12,40,11.65,slope
12,43,6.14,slope
12,43-1,6.85,slope
12,43-2,6.79,slope
12,44-1,8.85,slope
12,49,9.36,slope
12,50,7.44,slope
12,51,8.99,slope
12,52,9.14,slope
12,52-1,10.51,slope
12,52-2,10.27,slope
12,53,8.56,slope
12,54,7.41,slope
12,55,7.51,slope
12,56,5.75,slope
12,57,13.74,slope
12,57-1,12.59,slope
12,58,12.21,slope
12,59,13.02,slope
12,59-1,12.65,slope
12,61,1.03,slope
12,62,5.27,slope
12,64,10.84,slope
12,66,23.46,slope
12,71,17.69,slope
12,71-1,16.05,slope
12,73,5.90,slope
12,74,6.21,slope
12,75,12.28,slope
12,75-1,11.86,slope
12,80,23.51,slope
12,81,16.43,slope
12,82,8.65,slope
12,83,9.01,slope
12,84,6.59,slope
12,85,17.78,slope
12,85-1,24.41,slope
12,86,22.43,slope
12,101,8.60,slope
12,103,7.10,slope
12,105-2,19.03,slope
12,129,9.48,slope
12,132,16.00,slope
12,135,11.07,slope
12,140,11.38,slope
12,140-1,11.38,slope
12,140-2,11.38,slope
12,142,14.24,slope
12,143,4.00,slope
12,152-1,15.41,slope
12,153,14.82,slope
12,200,10.08,slope
12,201,11.28,slope
12,203,10.86,slope
12,207,10.37,slope
12,220,10.64,slope
12,221,12.33,slope
12,222,11.46,slope
12,223,14.09,slope
12,300,22.42,slope
12,301,23.50,slope
12,302,27.36,slope
12,500,12.22,slope
12,900,8.17,slope
12,901,8.06,slope
12,902,7.30,slope
12,903,8.01,slope
12,904,7.72,slope
12,905,8.52,slope
12,906,8.72,slope
12,915,12.36,slope
12,916,13.34,slope
12,917,14.29,slope
12,918,10.18,slope
12,919,8.90,slope
12,921,11.68,slope
12,922,11.59,slope
12,923,12.26,slope
12,924,12.27,slope
12,925,11.47,slope
12,926,11.79,slope
12,931,16.36,slope
12,932,15.82,slope
12,933,16.33,slope
12,934,16.61,slope
12,935,17.47,slope
12,942,16.65,slope
12,946,12.03,slope
12,GATE,14.57,slope
13,1,2.59,slope
13,2,2.43,slope
13,3,3.38,slope
13,4,3.12,slope
13,5,2.03,slope
13,6,2.15,slope
13,7,0.99,slope
13,8,1.51,slope
13,9,0.87,slope
13,10,2.33,slope
13,10-1,2.93,slope
13,11,1.23,slope
13,12,0.34,slope
13,14,2.79,slope
13,15,6.41,slope
13,15-1,6.97,slope
13,16,8.11,slope
13,16-1,7.43,slope
13,17,8.14,slope
13,18,5.41,slope
13,19,6.13,slope
13,20,0.76,slope
13,21,3.57,slope
13,22,4.43,slope
13,24,6.01,slope
13,25,5.55,slope
13,25-1,6.45,slope
13,26,5.56,slope
13,27,6.25,slope
13,28,6.49,slope
13,29,11.97,slope
13,30,6.36,slope
13,31,6.70,slope
13,32,10.66,slope
13,32-1,9.20,slope
13,33,7.58,slope
13,34,6.85,slope
13,35,4.19,slope
13,36,7.40,slope
13,37,7.51,slope
13,38,8.70,slope
13,39,9.55,slope
13,40,10.00,slope
13,43,4.03,slope
13,43-1,5.01,slope
13,43-2,4.69,slope
13,44-1,7.20,slope
13,49,9.63,slope
13,50,7.71,slope
13,51,9.25,slope
13,52,9.41,slope
13,52-1,10.77,slope
13,52-2,10.54,slope
13,53,8.82,slope
13,54,7.67,slope
13,55,7.77,slope
13,56,3.65,slope
13,57,14.00,slope
13,57-1,12.85,slope
13,58,12.48,slope
13,59,13.28,slope
13,59-1,12.92,slope
13,61,0.82,slope
13,62,4.17,slope
13,64,11.46,slope
13,66,20.86,slope
13,71,18.07,slope
13,71-1,16.32,slope
13,73,6.41,slope
13,74,6.48,slope
13,75,10.17,slope
13,75-1,9.75,slope
13,80,23.59,slope
13,81,16.92,slope
13,82,9.09,slope
13,83,9.28,slope
13,84,6.86,slope
13,85,18.28,slope
13,85-1,24.79,slope
13,86,22.70,slope
13,101,8.87,slope
13,103,7.00,slope
13,105-2,16.80,slope
13,129,7.38,slope
13,132,13.68,slope
13,135,9.42,slope
13,140,11.79,slope
13,140-1,11.79,slope
13,140-2,11.79,slope
13,142,11.39,slope
13,143,2.36,slope
13,152-1,15.68,slope
13,153,15.09,slope
13,200,7.98,slope
13,201,9.17,slope
13,203,8.75,slope
13,207,10.63,slope
13,220,10.90,slope
13,221,12.74,slope
13,222,11.72,slope
13,223,14.41,slope
13,300,19.60,slope
13,301,20.72,slope
13,302,24.56,slope
13,500,10.10,slope
13,900,9.41,slope
13,901,9.30,slope
13,902,8.54,slope
13,903,9.25,slope
13,904,8.96,slope
13,905,9.76,slope
13,906,9.96,slope
13,915,13.60,slope
13,916,14.57,slope
13,917,15.53,slope
13,918,12.12,slope
13,919,10.47,slope
13,921,12.92,slope
13,922,12.83,slope
13,923,13.50,slope
13,924,13.51,slope
13,925,12.71,slope
13,926,13.03,slope
13,931,17.60,slope
13,932,17.06,slope
13,933,17.57,slope
13,934,17.85,slope
13,935,18.71,slope
13,942,18.21,slope
13,946,13.27,slope
13,GATE,14.97,slope
14,1,4.04,slope
14,2,2.77,slope
14,3,1.44,slope
14,4,2.15,slope
14,5,0.82,slope
14,6,0.51,slope
14,7,0.80,slope
14,8,2.19,slope
14,9,0.47,slope
14,10,0.50,slope
14,10-1,1.16,slope
14,11,1.26,slope
14,12,2.66,slope
14,13,3.12,slope
14,15,6.96,slope
14,15-1,6.72,slope
14,16,8.20,slope
14,16-1,7.04,slope
14,17,6.88,slope
14,18,10.41,slope
14,19,11.10,slope
14,20,5.56,slope
14,21,8.68,slope
14,22,7.26,slope
14,24,7.57,slope
14,25,8.21,slope
14,25-1,9.11,slope
14,26,8.22,slope
14,27,8.91,slope
14,28,9.23,slope
14,29,17.71,slope
14,30,10.14,slope
14,31,9.86,slope
14,32,13.77,slope
14,32-1,12.39,slope
14,33,11.62,slope
14,34,11.58,slope
14,35,9.15,slope
14,36,12.13,slope
14,37,11.54,slope
14,38,13.44,slope
14,39,14.40,slope
14,40,15.17,slope
14,43,8.67,slope
14,43-1,9.16,slope
14,43-2,8.72,slope
14,44-1,12.09,slope
14,49,7.16,slope
14,50,6.46,slope
14,51,7.84,slope
14,52,7.68,slope
14,52-1,8.38,slope
14,52-2,9.04,slope
14,53,6.36,slope
14,54,5.22,slope
14,55,5.31,slope
14,56,7.21,slope
14,57,11.55,slope
14,57-1,10.39,slope
14,58,11.29,slope
14,59,10.83,slope
14,59-1,11.53,slope
14,61,2.71,slope
14,62,5.99,slope
14,64,10.87,slope
14,66,19.59,slope
14,71,15.64,slope
14,71-1,14.87,slope
14,73,5.92,slope
14,74,4.28,slope
14,75,13.33,slope
14,75-1,12.91,slope
14,80,21.77,slope
14,81,13.14,slope
14,82,4.27,slope
14,83,8.11,slope
14,84,6.12,slope
14,85,14.50,slope
14,85-1,22.75,slope
14,86,20.85,slope
14,101,8.62,slope
14,103,7.10,slope
14,105-2,20.23,slope
14,129,10.54,slope
14,132,18.10,slope
14,135,14.32,slope
14,140,7.94,slope
14,140-1,7.94,slope
14,140-2,7.94,slope
14,142,17.08,slope
14,143,7.34,slope
14,152-1,14.58,slope
14,153,13.95,slope
14,200,11.08,slope
14,201,12.33,slope
14,203,11.40,slope
14,207,9.15,slope
14,220,8.44,slope
14,221,8.98,slope
14,222,9.27,slope
14,223,10.79,slope
14,300,25.62,slope
14,301,26.71,slope
14,302,30.58,slope
14,500,12.14,slope
14,900,7.25,slope
14,901,7.14,slope
14,902,6.37,slope
14,903,7.09,slope
14,904,6.80,slope
14,905,7.60,slope
14,906,7.80,slope
14,915,11.43,slope
14,916,12.41,slope
14,917,13.37,slope
14,918,9.26,slope
14,919,7.90,slope
14,921,10.76,slope
14,922,10.66,slope
14,923,11.33,slope
14,924,11.34,slope
14,925,10.55,slope
14,926,10.87,slope
14,931,15.44,slope
14,932,14.90,slope
14,933,15.41,slope
14,934,15.69,slope
14,935,16.55,slope
14,942,15.68,slope
14,946,11.11,slope
14,GATE,13.68,slope
15,1,4.02,slope
15,2,4.06,slope
15,3,5.33,slope
15,4,4.90,slope
15,5,5.74,slope
15,6,7.54,slope
15,7,7.01,slope
15,8,6.20,slope
15,9,7.86,slope
15,10,9.72,slope
15,10-1,10.58,slope
15,11,8.97,slope
15,12,8.21,slope
15,13,8.60,slope
15,14,8.44,slope
15,15-1,0.80,slope
15,16,1.13,slope
15,16-1,1.00,slope
15,17,0.21,slope
15,18,14.61,slope
15,19,15.38,slope
15,20,9.41,slope
15,21,12.85,slope
15,22,9.24,slope
15,24,5.96,slope
15,25,7.21,slope
15,25-1,7.63,slope
15,26,7.75,slope
15,27,9.32,slope
15,28,10.31,slope
15,29,21.15,slope
15,30,12.45,slope
15,31,11.89,slope
15,32,14.40,slope
15,32-1,14.12,slope
15,33,14.01,slope
15,34,13.59,slope
15,35,13.36,slope
15,36,15.41,slope
15,37,13.92,slope
15,38,15.82,slope
15,39,18.51,slope
15,40,18.22,slope
15,43,12.04,slope
15,43-1,12.50,slope
15,43-2,11.93,slope
15,44-1,16.05,slope
15,49,5.66,slope
15,50,1.32,slope
15,51,2.82,slope
15,52,3.35,slope
15,52-1,3.99,slope
15,52-2,4.18,slope
15,53,4.01,slope
15,54,2.68,slope
15,55,2.37,slope
15,56,10.17,slope
15,57,7.55,slope
15,57-1,6.40,slope
15,58,5.50,slope
15,59,6.83,slope
15,59-1,6.98,slope
15,61,6.14,slope
15,62,6.14,slope
15,64,4.91,slope
15,66,27.81,slope
15,71,11.14,slope
15,71-1,9.39,slope
15,73,1.11,slope
15,74,2.82,slope
15,75,13.87,slope
15,75-1,13.45,slope
15,80,16.66,slope
15,81,11.50,slope
15,82,5.91,slope
15,83,2.31,slope
15,84,0.50,slope
15,85,12.91,slope
15,85-1,17.48,slope
15,86,15.78,slope
15,101,2.67,slope
15,103,1.31,slope
15,105-2,25.49,slope
15,129,11.50,slope
15,132,22.87,slope
15,135,18.25,slope
15,140,6.48,slope
15,140-1,6.48,slope
15,140-2,6.48,slope
15,142,20.48,slope
15,143,11.64,slope
15,152-1,8.74,slope
15,153,8.13,slope
15,200,9.84,slope
15,201,12.87,slope
15,203,9.94,slope
15,207,4.28,slope
15,220,4.82,slope
15,221,7.08,slope
15,222,5.28,slope
15,223,10.09,slope
15,300,28.35,slope
15,301,29.46,slope
15,302,33.31,slope
15,500,10.37,slope
15,900,14.04,slope
15,901,13.94,slope
15,902,13.17,slope
15,903,13.88,slope
15,904,13.59,slope
15,905,14.39,slope
15,906,14.59,slope
15,915,18.23,slope
15,916,19.21,slope
15,917,20.16,slope
15,918,16.05,slope
15,919,15.11,slope
15,921,17.55,slope
15,922,17.46,slope
15,923,18.13,slope
15,924,18.14,slope
15,925,17.34,slope
15,926,17.66,slope
15,931,22.24,slope
15,932,21.69,slope
15,933,22.21,slope
15,934,22.48,slope
15,935,23.34,slope
15,942,22.96,slope
15,946,17.91,slope
15,GATE,8.89,slope
15-1,1,4.82,slope
15-1,2,4.87,slope
15-1,3,6.14,slope
15-1,4,5.71,slope
15-1,5,6.55,slope
15-1,6,7.78,slope
15-1,7,7.83,slope
15-1,8,7.01,slope
15-1,9,8.68,slope
15-1,10,9.96,slope
15-1,10-1,10.84,slope
15-1,11,9.79,slope
15-1,12,9.03,slope
15-1,13,9.42,slope
15-1,14,8.69,slope
15-1,15,1.14,slope
15-1,16,0.69,slope
15-1,16-1,0.55,slope
15-1,17,2.38,slope
15-1,18,15.43,slope
15-1,19,16.19,slope
15-1,20,10.23,slope
15-1,21,13.66,slope
15-1,22,10.04,slope
15-1,24,6.74,slope
15-1,25,8.00,slope
15-1,25-1,8.42,slope
15-1,26,8.54,slope
15-1,27,10.11,slope
15-1,28,11.10,slope
15-1,29,21.98,slope
15-1,30,13.25,slope
15-1,31,12.68,slope
15-1,32,15.20,slope
15-1,32-1,14.92,slope
15-1,33,14.80,slope
15-1,34,14.39,slope
15-1,35,14.17,slope
15-1,36,16.22,slope
15-1,37,14.72,slope
15-1,38,16.62,slope
15-1,39,19.31,slope
15-1,40,19.02,slope
15-1,43,12.84,slope
15-1,43-1,13.30,slope
15-1,43-2,12.73,slope
15-1,44-1,16.85,slope
15-1,49,8.64,slope
15-1,50,4.37,slope
15-1,51,5.53,slope
15-1,52,6.15,slope
15-1,52-1,6.69,slope
15-1,52-2,6.84,slope
15-1,53,6.94,slope
15-1,54,5.56,slope
15-1,55,5.30,slope
15-1,56,10.97,slope
15-1,57,10.16,slope
15-1,57-1,9.01,slope
15-1,58,6.16,slope
15-1,59,9.49,slope
15-1,59-1,9.50,slope
15-1,61,6.96,slope
15-1,62,6.94,slope
15-1,64,4.53,slope
15-1,66,30.02,slope
15-1,71,13.10,slope
15-1,71-1,11.34,slope
15-1,73,1.45,slope
15-1,74,5.81,slope
15-1,75,14.67,slope
15-1,75-1,14.24,slope
15-1,80,18.71,slope
15-1,81,14.13,slope
15-1,82,9.22,slope
15-1,83,5.00,slope
15-1,84,2.45,slope
15-1,85,15.12,slope
15-1,85-1,20.01,slope
15-1,86,17.82,slope
15-1,101,1.96,slope
15-1,103,1.21,slope
15-1,105-2,26.30,slope
15-1,129,12.29,slope
15-1,132,23.69,slope
15-1,135,19.06,slope
15-1,140,9.29,slope
15-1,140-1,9.29,slope
15-1,140-2,9.29,slope
15-1,142,21.29,slope
15-1,143,12.46,slope
15-1,152-1,10.70,slope
15-1,153,10.10,slope
15-1,200,10.63,slope
15-1,201,13.66,slope
15-1,203,10.73,slope
15-1,207,6.95,slope
15-1,220,7.62,slope
15-1,221,9.80,slope
15-1,222,7.96,slope
15-1,223,12.79,slope
15-1,300,29.17,slope
15-1,301,30.28,slope
15-1,302,34.13,slope
15-1,500,10.00,slope
15-1,900,15.34,slope
15-1,901,15.23,slope
15-1,902,14.46,slope
15-1,903,15.17,slope
15-1,904,14.89,slope
15-1,905,15.68,slope
15-1,906,15.88,slope
15-1,915,19.52,slope
15-1,916,20.50,slope
15-1,917,21.46,slope
15-1,918,17.34,slope
15-1,919,17.96,slope
15-1,921,18.85,slope
15-1,922,18.75,slope
15-1,923,19.42,slope
15-1,924,19.43,slope
15-1,925,18.63,slope
15-1,926,18.95,slope
15-1,931,23.53,slope
15-1,932,22.99,slope
15-1,933,23.50,slope
15-1,934,23.78,slope
15-1,935,24.64,slope
15-1,942,25.71,slope
15-1,946,19.20,slope
15-1,GATE,8.56,slope
16,1,6.08,slope
16,2,6.13,slope
16,3,6.98,slope
16,4,6.97,slope
16,5,8.62,slope
16,6,9.29,slope
16,7,9.08,slope
16,8,8.27,slope
16,9,9.93,slope
16,10,11.47,slope
16,10-1,12.33,slope
16,11,11.04,slope
16,12,10.28,slope
16,13,10.68,slope
16,14,10.19,slope
16,15,1.59,slope
16,15-1,0.97,slope
16,16-1,0.19,slope
16,17,1.22,slope
16,18,16.69,slope
16,19,17.44,slope
16,20,11.49,slope
16,21,14.87,slope
16,22,11.30,slope
16,24,7.98,slope
16,25,9.26,slope
16,25-1,9.64,slope
16,26,9.80,slope
16,27,11.38,slope
16,28,12.37,slope
16,29,23.19,slope
16,30,14.51,slope
16,31,13.94,slope
16,32,15.97,slope
16,32-1,16.22,slope
16,33,16.06,slope
16,34,15.64,slope
16,35,15.42,slope
16,36,17.47,slope
16,37,15.98,slope
16,38,17.88,slope
16,39,20.55,slope
16,40,20.28,slope
16,43,14.10,slope
16,43-1,14.56,slope
16,43-2,13.99,slope
16,44-1,18.11,slope
16,49,7.40,slope
16,50,3.08,slope
16,51,2.91,slope
16,52,3.89,slope
16,52-1,3.82,slope
16,52-2,3.98,slope
16,53,5.76,slope
16,54,4.43,slope
16,55,4.12,slope
16,56,12.23,slope
16,57,4.90,slope
16,57-1,4.74,slope
16,58,1.69,slope
16,59,3.52,slope
16,59-1,3.63,slope
16,61,8.21,slope
16,62,8.20,slope
16,64,3.53,slope
16,66,28.91,slope
16,71,7.25,slope
16,71-1,5.49,slope
16,73,2.72,slope
16,74,4.58,slope
16,75,15.97,slope
16,75-1,15.54,slope
16,80,12.79,slope
16,81,9.52,slope
16,82,7.68,slope
16,83,2.41,slope
16,84,1.83,slope
16,85,10.83,slope
16,85-1,13.73,slope
16,86,11.91,slope
16,101,0.58,slope
16,103,1.29,slope
16,105-2,27.53,slope
16,129,13.08,slope
16,132,24.92,slope
16,135,20.31,slope
16,140,6.97,slope
16,140-1,6.97,slope
16,140-2,6.97,slope
16,142,22.47,slope
16,143,13.70,slope
16,152-1,4.85,slope
16,153,4.27,slope
16,200,12.05,slope
16,201,14.97,slope
16,203,12.04,slope
16,207,2.81,slope
16,220,5.10,slope
16,221,7.07,slope
16,222,4.08,slope
16,223,10.09,slope
16,300,30.41,slope
16,301,31.53,slope
16,302,35.37,slope
16,500,10.00,slope
16,900,15.82,slope
16,901,15.71,slope
16,902,14.95,slope
16,903,15.66,slope
16,904,15.37,slope
16,905,16.17,slope
16,906,16.37,slope
16,915,20.01,slope
16,916,20.98,slope
16,917,21.94,slope
16,918,17.83,slope
16,919,16.86,slope
16,921,19.33,slope
16,922,19.24,slope
16,923,19.91,slope
16,924,19.92,slope
16,925,19.12,slope
16,926,19.44,slope
16,931,24.01,slope
16,932,23.47,slope
16,933,23.98,slope
16,934,24.26,slope
16,935,25.12,slope
16,942,24.71,slope
16,946,19.68,slope
16,GATE,5.26,slope
16-1,1,5.62,slope
16-1,2,5.67,slope
16-1,3,6.95,slope
16-1,4,6.51,slope
16-1,5,7.35,slope
16-1,6,8.40,slope
16-1,7,8.63,slope
16-1,8,7.81,slope
16-1,9,9.48,slope
16-1,10,10.58,slope
16-1,10-1,11.46,slope
16-1,11,10.59,slope
16-1,12,9.83,slope
16-1,13,10.22,slope
16-1,14,9.30,slope
16-1,15,1.39,slope
16-1,15-1,0.78,slope
16-1,16,0.27,slope
16-1,17,1.06,slope
16-1,18,16.23,slope
16-1,19,16.99,slope
16-1,20,11.03,slope
16-1,21,14.48,slope
16-1,22,10.83,slope
16-1,24,7.23,slope
16-1,25,8.79,slope
16-1,25-1,8.90,slope
16-1,26,9.33,slope
16-1,27,10.91,slope
16-1,28,11.90,slope
16-1,29,22.78,slope
16-1,30,14.06,slope
16-1,31,13.48,slope
16-1,32,15.43,slope
16-1,32-1,15.52,slope
16-1,33,15.60,slope
16-1,34,15.19,slope
16-1,35,14.97,slope
16-1,36,17.02,slope
16-1,37,15.52,slope
16-1,38,17.42,slope
16-1,39,20.13,slope
16-1,40,19.82,slope
16-1,43,13.65,slope
16-1,43-1,14.10,slope
16-1,43-2,13.55,slope
16-1,44-1,17.65,slope
16-1,49,7.18,slope
16-1,50,2.86,slope
16-1,51,4.29,slope
16-1,52,4.89,slope
16-1,52-1,5.50,slope
16-1,52-2,5.67,slope
16-1,53,5.55,slope
16-1,54,4.22,slope
16-1,55,3.91,slope
16-1,56,11.77,slope
16-1,57,9.05,slope
16-1,57-1,7.90,slope
16-1,58,5.44,slope
16-1,59,7.41,slope
16-1,59-1,8.31,slope
16-1,61,7.75,slope
16-1,62,7.73,slope
16-1,64,3.56,slope
16-1,66,29.36,slope
16-1,71,12.47,slope
16-1,71-1,10.72,slope
16-1,73,2.22,slope
16-1,74,4.36,slope
16-1,75,15.27,slope
16-1,75-1,14.84,slope
16-1,80,18.02,slope
16-1,81,13.07,slope
16-1,82,7.43,slope
16-1,83,3.79,slope
16-1,84,1.64,slope
16-1,85,14.42,slope
16-1,85-1,18.95,slope
16-1,86,17.14,slope
16-1,101,1.03,slope
16-1,103,0.65,slope
16-1,105-2,27.11,slope
16-1,129,12.54,slope
16-1,132,24.50,slope
16-1,135,19.86,slope
16-1,140,8.03,slope
16-1,140-1,8.03,slope
16-1,140-2,8.03,slope
16-1,142,22.10,slope
16-1,143,13.26,slope
16-1,152-1,10.07,slope
16-1,153,9.46,slope
16-1,200,11.35,slope
16-1,201,14.27,slope
16-1,203,11.34,slope
16-1,207,5.77,slope
16-1,220,6.37,slope
16-1,221,8.63,slope
16-1,222,6.76,slope
16-1,223,11.65,slope
16-1,300,29.97,slope
16-1,301,31.08,slope
16-1,302,34.93,slope
16-1,500,9.31,slope
16-1,900,15.78,slope
16-1,901,15.67,slope
16-1,902,14.90,slope
16-1,903,15.62,slope
16-1,904,15.33,slope
16-1,905,16.13,slope
16-1,906,16.33,slope
16-1,915,19.96,slope
16-1,916,20.94,slope
16-1,917,21.90,slope
16-1,918,17.79,slope
16-1,919,16.65,slope
16-1,921,19.29,slope
16-1,922,19.19,slope
16-1,923,19.86,slope
16-1,924,19.87,slope
16-1,925,19.08,slope
16-1,926,19.39,slope
16-1,931,23.97,slope
16-1,932,23.43,slope
16-1,933,23.94,slope
16-1,934,24.22,slope
16-1,935,25.08,slope
16-1,942,24.52,slope
16-1,946,19.64,slope
16-1,GATE,7.79,slope
17,1,5.54,slope
17,2,5.61,slope
17,3,6.10,slope
17,4,6.20,slope
17,5,6.78,slope
17,6,7.44,slope
17,7,8.03,slope
17,8,7.75,slope
17,9,9.18,slope
17,10,9.62,slope
17,10-1,10.48,slope
17,11,10.51,slope
17,12,9.78,slope
17,13,10.18,slope
17,14,8.34,slope
17,15,0.23,slope
17,15-1,1.68,slope
17,16,0.86,slope
17,16-1,0.76,slope
17,18,16.18,slope
17,19,16.93,slope
17,20,10.99,slope
17,21,14.36,slope
17,22,10.76,slope
17,24,7.44,slope
17,25,8.70,slope
17,25-1,9.12,slope
17,26,9.24,slope
17,27,10.81,slope
17,28,11.81,slope
17,29,22.73,slope
17,30,13.96,slope
17,31,13.40,slope
17,32,15.90,slope
17,32-1,15.63,slope
17,33,15.52,slope
17,34,15.10,slope
17,35,14.91,slope
17,36,16.94,slope
17,37,15.44,slope
17,38,17.34,slope
17,39,20.02,slope
17,40,19.74,slope
17,43,13.57,slope
17,43-1,14.02,slope
17,43-2,13.44,slope
17,44-1,17.59,slope
17,49,5.56,slope
17,50,1.20,slope
17,51,2.35,slope
17,52,3.25,slope
17,52-1,3.56,slope
17,52-2,3.72,slope
17,53,3.91,slope
17,54,2.58,slope
17,55,2.26,slope
17,56,11.70,slope
17,57,7.10,slope
17,57-1,5.95,slope
17,58,5.06,slope
17,59,6.37,slope
17,59-1,6.54,slope
17,61,7.70,slope
17,62,7.65,slope
17,64,6.09,slope
17,66,27.00,slope
17,71,10.69,slope
17,71-1,8.94,slope
17,73,2.47,slope
17,74,2.71,slope
17,75,15.37,slope
17,75-1,14.94,slope
17,80,16.20,slope
17,81,11.84,slope
17,82,5.79,slope
17,83,1.84,slope
17,84,0.68,slope
17,85,12.79,slope
17,85-1,17.57,slope
17,86,15.32,slope
17,101,3.39,slope
17,103,2.35,slope
17,105-2,27.03,slope
17,129,12.99,slope
17,132,24.44,slope
17,135,19.78,slope
17,140,6.39,slope
17,140-1,6.39,slope
17,140-2,6.39,slope
17,142,22.03,slope
17,143,13.21,slope
17,152-1,8.29,slope
17,153,7.69,slope
17,200,11.32,slope
17,201,14.37,slope
17,203,11.42,slope
17,207,3.82,slope
17,220,4.73,slope
17,221,6.99,slope
17,222,4.82,slope
17,223,10.01,slope
17,300,29.92,slope
17,301,31.03,slope
17,302,34.89,slope
17,500,11.15,slope
17,900,14.04,slope
17,901,13.93,slope
17,902,13.16,slope
17,903,13.88,slope
17,904,13.59,slope
17,905,14.39,slope
17,906,14.59,slope
17,915,18.22,slope
17,916,19.20,slope
17,917,20.16,slope
17,918,16.05,slope
17,919,15.01,slope
17,921,17.55,slope
17,922,17.45,slope
17,923,18.12,slope
17,924,18.13,slope
17,925,17.34,slope
17,926,17.65,slope
17,931,22.23,slope
17,932,21.69,slope
17,933,22.20,slope
17,934,22.48,slope
17,935,23.34,slope
17,942,22.87,slope
17,946,17.90,slope
17,GATE,8.53,slope
18,1,7.64,slope
18,2,7.82,slope
18,3,9.02,slope
18,4,8.74,slope
18,5,7.71,slope
18,6,9.07,slope
18,7,7.55,slope
18,8,7.77,slope
18,9,7.45,slope
18,10,8.24,slope
18,10-1,8.51,slope
18,11,7.44,slope
18,12,6.17,slope
18,13,4.73,slope
18,14,9.14,slope
18,15,11.86,slope
18,15-1,12.42,slope
18,16,13.56,slope
18,16-1,12.89,slope
18,17,13.59,slope
18,19,1.19,slope
18,20,2.96,slope
18,21,1.54,slope
18,22,4.14,slope
18,24,7.55,slope
18,25,7.09,slope
18,25-1,7.99,slope
18,26,7.10,slope
18,27,5.45,slope
18,28,4.85,slope
18,29,6.32,slope
18,30,3.80,slope
18,31,4.98,slope
18,32,6.84,slope
18,32-1,6.37,slope
18,33,5.11,slope
18,34,2.47,slope
18,35,0.89,slope
18,36,2.84,slope
18,37,4.11,slope
18,38,4.07,slope
18,39,4.82,slope
18,40,5.37,slope
18,43,1.80,slope
18,43-1,2.17,slope
18,43-2,2.23,slope
18,44-1,2.57,slope
18,49,15.26,slope
18,50,13.16,slope
18,51,14.70,slope
18,52,14.85,slope
18,52-1,15.46,slope
18,52-2,15.99,slope
18,53,14.45,slope
18,54,13.30,slope
18,55,13.40,slope
18,56,2.31,slope
18,57,19.57,slope
18,57-1,18.42,slope
18,58,17.94,slope
18,59,18.85,slope
18,59-1,18.62,slope
18,61,6.41,slope
18,62,6.37,slope
18,64,15.13,slope
18,66,13.05,slope
18,71,23.54,slope
18,71-1,21.80,slope
18,73,11.31,slope
18,74,11.92,slope
18,75,7.46,slope
18,75-1,8.19,slope
18,80,29.04,slope
18,81,23.12,slope
18,82,14.85,slope
18,83,14.74,slope
18,84,12.32,slope
18,85,24.48,slope
18,85-1,30.04,slope
18,86,28.15,slope
18,101,14.32,slope
18,103,11.69,slope
18,105-2,10.59,slope
18,129,5.69,slope
18,132,8.18,slope
18,135,4.79,slope
18,140,18.00,slope
18,140-1,18.00,slope
18,140-2,18.00,slope
18,142,5.55,slope
18,143,2.61,slope
18,152-1,21.15,slope
18,153,20.56,slope
18,200,6.29,slope
18,201,7.47,slope
18,203,7.75,slope
18,207,16.08,slope
18,220,16.48,slope
18,221,18.73,slope
18,222,17.29,slope
18,223,21.56,slope
18,300,14.99,slope
18,301,16.08,slope
18,302,19.93,slope
18,500,9.10,slope
18,900,15.46,slope
18,901,15.35,slope
18,902,14.58,slope
18,903,15.29,slope
18,904,15.01,slope
18,905,15.80,slope
18,906,16.01,slope
18,915,19.64,slope
18,916,20.62,slope
18,917,21.58,slope
18,918,18.16,slope
18,919,16.02,slope
18,921,18.97,slope
18,922,18.87,slope
18,923,19.54,slope
18,924,19.55,slope
18,925,18.75,slope
18,926,19.07,slope
18,931,23.65,slope
18,932,23.11,slope
18,933,23.62,slope
18,934,23.90,slope
18,935,24.76,slope
18,942,23.73,slope
18,946,19.32,slope
18,GATE,18.64,slope
19,1,8.41,slope
19,2,8.60,slope
19,3,9.78,slope
19,4,9.51,slope
19,5,8.47,slope
19,6,9.84,slope
19,7,8.31,slope
19,8,8.54,slope
19,9,8.21,slope
19,10,8.99,slope
19,10-1,9.27,slope
19,11,8.19,slope
19,12,6.92,slope
19,13,5.49,slope
19,14,9.88,slope
19,15,12.62,slope
19,15-1,13.18,slope
19,16,14.31,slope
19,16-1,13.64,slope
19,17,14.36,slope
19,18,1.31,slope
19,20,3.69,slope
19,21,2.27,slope
19,22,4.57,slope
19,24,8.30,slope
19,25,7.84,slope
19,25-1,8.74,slope
19,26,7.86,slope
19,27,5.84,slope
19,28,5.24,slope
19,29,7.48,slope
19,30,4.30,slope
19,31,5.39,slope
19,32,5.67,slope
19,32-1,5.21,slope
19,33,4.89,slope
19,34,1.64,slope
19,35,0.90,slope
19,36,1.81,slope
19,37,2.96,slope
19,38,2.92,slope
19,39,3.60,slope
19,40,4.19,slope
19,43,2.53,slope
19,43-1,2.49,slope
19,43-2,3.03,slope
19,44-1,1.41,slope
19,49,16.07,slope
19,50,13.93,slope
19,51,15.48,slope
19,52,15.63,slope
19,52-1,16.24,slope
19,52-2,16.76,slope
19,53,15.24,slope
19,54,14.10,slope
19,55,14.19,slope
19,56,3.05,slope
19,57,20.36,slope
19,57-1,19.21,slope
19,58,18.70,slope
19,59,19.64,slope
19,59-1,19.39,slope
19,61,7.18,slope
19,62,7.14,slope
19,64,15.86,slope
19,66,14.12,slope
19,71,24.30,slope
19,71-1,22.56,slope
19,73,12.06,slope
19,74,12.72,slope
19,75,6.30,slope
19,75-1,7.36,slope
19,80,29.82,slope
19,81,23.90,slope
19,82,15.68,slope
19,83,15.51,slope
19,84,13.09,slope
19,85,25.26,slope
19,85-1,30.82,slope
19,86,28.93,slope
19,101,15.07,slope
19,103,12.45,slope
19,105-2,9.40,slope
19,129,6.07,slope
19,132,9.33,slope
19,135,3.27,slope
19,140,18.79,slope
19,140-1,18.79,slope
19,140-2,18.79,slope
19,142,6.74,slope
19,143,3.71,slope
19,152-1,21.92,slope
19,153,21.32,slope
19,200,6.66,slope
19,201,7.80,slope
19,203,8.11,slope
19,207,16.86,slope
19,220,17.27,slope
19,221,19.52,slope
19,222,18.08,slope
19,223,22.35,slope
19,300,13.77,slope
19,301,14.86,slope
19,302,18.70,slope
19,500,9.46,slope
19,900,15.81,slope
19,901,15.70,slope
19,902,14.93,slope
19,903,15.65,slope
19,904,15.36,slope
19,905,16.16,slope
19,906,16.36,slope
19,915,19.99,slope
19,916,20.97,slope
19,917,21.93,slope
19,918,18.52,slope
19,919,16.80,slope
19,921,19.32,slope
19,922,19.22,slope
19,923,19.89,slope
19,924,19.90,slope
19,925,19.11,slope
19,926,19.43,slope
19,931,24.00,slope
19,932,23.46,slope
19,933,23.97,slope
19,934,24.25,slope
19,935,25.11,slope
19,942,24.50,slope
19,946,19.67,slope
19,GATE,19.36,slope
20,1,3.33,slope
20,2,3.52,slope
20,3,4.75,slope
20,4,4.45,slope
20,5,3.40,slope
20,6,4.78,slope
20,7,3.32,slope
20,8,3.47,slope
20,9,3.41,slope
20,10,4.32,slope
20,10-1,4.78,slope
20,11,3.53,slope
20,12,2.43,slope
20,13,0.93,slope
20,14,5.47,slope
20,15,7.57,slope
20,15-1,8.13,slope
20,16,9.27,slope
20,16-1,8.60,slope
20,17,9.31,slope
20,18,3.53,slope
20,19,4.26,slope
20,21,1.91,slope
20,22,2.60,slope
20,24,4.38,slope
20,25,3.93,slope
20,25-1,4.82,slope
20,26,3.93,slope
20,27,4.63,slope
20,28,4.87,slope
20,29,5.93,slope
20,30,4.75,slope
20,31,4.91,slope
20,32,8.94,slope
20,32-1,7.39,slope
20,33,5.90,slope
20,34,5.17,slope
20,35,2.34,slope
20,36,5.72,slope
20,37,5.83,slope
20,38,7.49,slope
20,39,8.29,slope
20,40,8.73,slope
20,43,2.35,slope
20,43-1,3.32,slope
20,43-2,3.00,slope
20,44-1,5.34,slope
20,49,10.96,slope
20,50,8.87,slope
20,51,10.41,slope
20,52,10.56,slope
20,52-1,11.17,slope
20,52-2,11.70,slope
20,53,10.16,slope
20,54,9.01,slope
20,55,9.10,slope
20,56,1.93,slope
20,57,15.29,slope
20,57-1,14.14,slope
20,58,13.65,slope
20,59,14.56,slope
20,59-1,14.33,slope
20,61,2.09,slope
20,62,3.18,slope
20,64,11.96,slope
20,66,13.52,slope
20,71,19.27,slope
20,71-1,17.52,slope
20,73,7.27,slope
20,74,7.62,slope
20,75,8.39,slope
20,75-1,7.98,slope
20,80,24.77,slope
20,81,18.84,slope
20,82,10.54,slope
20,83,10.45,slope
20,84,8.04,slope
20,85,20.20,slope
20,85-1,25.83,slope
20,86,23.88,slope
20,101,10.03,slope
20,103,8.02,slope
20,105-2,11.41,slope
20,129,5.60,slope
20,132,8.05,slope
20,135,8.09,slope
20,140,13.73,slope
20,140-1,13.73,slope
20,140-2,13.73,slope
20,142,5.11,slope
20,143,0.41,slope
20,152-1,16.88,slope
20,153,16.27,slope
20,200,6.20,slope
20,201,7.39,slope
20,203,7.13,slope
20,207,11.79,slope
20,220,12.18,slope
20,221,14.44,slope
20,222,13.01,slope
20,223,17.27,slope
20,300,18.22,slope
20,301,19.32,slope
20,302,23.17,slope
20,500,8.50,slope
20,900,11.68,slope
20,901,11.57,slope
20,902,10.80,slope
20,903,11.52,slope
20,904,11.23,slope
20,905,12.03,slope
20,906,12.23,slope
20,915,15.86,slope
20,916,16.84,slope
20,917,17.80,slope
20,918,14.39,slope
20,919,12.30,slope
20,921,15.19,slope
20,922,15.09,slope
20,923,15.76,slope
20,924,15.77,slope
20,925,14.98,slope
20,926,15.30,slope
20,931,19.87,slope
20,932,19.33,slope
20,933,19.84,slope
20,934,20.12,slope
20,935,20.98,slope
20,942,20.03,slope
20,946,15.54,slope
20,GATE,15.44,slope
21,1,6.17,slope
21,2,6.35,slope
21,3,7.51,slope
21,4,7.24,slope
21,5,6.21,slope
21,6,7.55,slope
21,7,6.11,slope
21,8,6.27,slope
21,9,6.16,slope
21,10,6.91,slope
21,10-1,7.72,slope
21,11,6.24,slope
21,12,5.00,slope
21,13,3.71,slope
21,14,8.29,slope
21,15,10.61,slope
21,15-1,11.14,slope
21,16,12.26,slope
21,16-1,11.58,slope
21,17,12.40,slope
21,18,2.01,slope
21,19,2.80,slope
21,20,2.03,slope
21,22,2.75,slope
21,24,6.15,slope
21,25,5.74,slope
21,25-1,6.57,slope
21,26,5.72,slope
21,27,4.96,slope
21,28,3.82,slope
21,29,6.76,slope
21,30,3.12,slope
21,31,3.96,slope
21,32,7.92,slope
21,32-1,6.47,slope
21,33,4.43,slope
21,34,3.19,slope
21,35,0.87,slope
21,36,3.75,slope
21,37,4.35,slope
21,38,5.70,slope
21,39,6.76,slope
21,40,6.94,slope
21,43,0.62,slope
21,43-1,1.38,slope
21,43-2,1.43,slope
21,44-1,3.90,slope
21,49,14.00,slope
21,50,11.98,slope
21,51,13.52,slope
21,52,13.67,slope
21,52-1,14.27,slope
21,52-2,14.78,slope
21,53,13.11,slope
21,54,11.99,slope
21,55,12.23,slope
21,56,0.78,slope
21,57,17.96,slope
21,57-1,16.81,slope
21,58,16.67,slope
21,59,17.27,slope
21,59-1,17.34,slope
21,61,4.92,slope
21,62,5.11,slope
21,64,13.57,slope
21,66,13.61,slope
21,71,22.31,slope
21,71-1,20.56,slope
21,73,9.82,slope
21,74,10.91,slope
21,75,7.44,slope
21,75-1,7.02,slope
21,80,27.88,slope
21,81,21.48,slope
21,82,13.83,slope
21,83,13.53,slope
21,84,11.15,slope
21,85,22.85,slope
21,85-1,28.46,slope
21,86,26.99,slope
21,101,13.01,slope
21,103,10.31,slope
21,105-2,12.04,slope
21,129,4.66,slope
21,132,8.65,slope
21,135,6.54,slope
21,140,16.45,slope
21,140-1,16.45,slope
21,140-2,16.45,slope
21,142,5.94,slope
21,143,2.03,slope
21,152-1,19.91,slope
21,153,19.30,slope
21,200,5.25,slope
21,201,6.43,slope
21,203,7.49,slope
21,207,14.88,slope
21,220,14.89,slope
21,221,17.13,slope
21,222,15.71,slope
21,223,20.11,slope
21,300,16.71,slope
21,301,17.79,slope
21,302,21.64,slope
21,500,8.92,slope
21,900,12.81,slope
21,901,12.70,slope
21,902,11.94,slope
21,903,12.65,slope
21,904,12.36,slope
21,905,13.16,slope
21,906,13.36,slope
21,915,17.00,slope
21,916,17.97,slope
21,917,18.93,slope
21,918,14.82,slope
21,919,15.24,slope
21,921,16.32,slope
21,922,16.23,slope
21,923,16.90,slope
21,924,16.91,slope
21,925,16.11,slope
21,926,16.43,slope
21,931,21.00,slope
21,932,20.46,slope
21,933,20.97,slope
21,934,21.25,slope
21,935,22.11,slope
21,942,22.95,slope
21,946,16.67,slope
21,GATE,17.00,slope
22,1,4.63,slope
22,2,4.70,slope
22,3,5.93,slope
22,4,5.63,slope
22,5,5.11,slope
22,6,6.85,slope
22,7,6.31,slope
22,8,5.58,slope
22,9,6.69,slope
22,10,8.52,slope
22,10-1,10.00,slope
22,11,7.94,slope
22,12,7.20,slope
22,13,5.46,slope
22,14,7.90,slope
22,15,8.32,slope
22,15-1,8.88,slope
22,16,10.02,slope
22,16-1,9.35,slope
22,17,10.06,slope
22,18,5.63,slope
22,19,6.14,slope
22,20,3.41,slope
22,21,3.61,slope
22,24,2.70,slope
22,25,2.14,slope
22,25-1,3.14,slope
22,26,2.26,slope
22,27,1.42,slope
22,28,0.63,slope
22,29,10.94,slope
22,30,1.93,slope
22,31,0.96,slope
22,32,4.88,slope
22,32-1,3.46,slope
22,33,3.35,slope
22,34,3.18,slope
22,35,4.42,slope
22,36,5.13,slope
22,37,3.53,slope
22,38,5.42,slope
22,39,7.85,slope
22,40,7.81,slope
22,43,2.64,slope
22,43-1,2.06,slope
22,43-2,1.55,slope
22,44-1,5.55,slope
22,49,12.75,slope
22,50,9.63,slope
22,51,11.17,slope
22,52,11.32,slope
22,52-1,11.93,slope
22,52-2,12.45,slope
22,53,11.94,slope
22,54,10.80,slope
22,55,10.11,slope
22,56,0.51,slope
22,57,15.73,slope
22,57-1,14.58,slope
22,58,14.40,slope
22,59,15.00,slope
22,59-1,15.09,slope
22,61,5.04,slope
22,62,2.61,slope
22,64,11.36,slope
22,66,17.82,slope
22,71,20.01,slope
22,71-1,18.27,slope
22,73,7.55,slope
22,74,8.45,slope
22,75,4.48,slope
22,75-1,4.06,slope
22,80,25.52,slope
22,81,19.28,slope
22,82,12.39,slope
22,83,11.21,slope
22,84,8.79,slope
22,85,20.63,slope
22,85-1,26.19,slope
22,86,24.63,slope
22,101,10.78,slope
22,103,8.14,slope
22,105-2,13.69,slope
22,129,1.70,slope
22,132,12.73,slope
22,135,8.00,slope
22,140,14.19,slope
22,140-1,14.19,slope
22,140-2,14.19,slope
22,142,10.15,slope
22,143,6.62,slope
22,152-1,17.62,slope
22,153,17.02,slope
22,200,2.29,slope
22,201,3.47,slope
22,203,3.74,slope
22,207,12.55,slope
22,220,12.63,slope
22,221,14.88,slope
22,222,13.45,slope
22,223,17.86,slope
22,300,18.07,slope
22,301,19.13,slope
22,302,22.99,slope
22,500,5.05,slope
22,900,15.83,slope
22,901,15.73,slope
22,902,14.96,slope
22,903,15.67,slope
22,904,15.38,slope
22,905,16.18,slope
22,906,16.38,slope
22,915,20.02,slope
22,916,21.00,slope
22,917,21.96,slope
22,918,17.84,slope
22,919,16.31,slope
22,921,19.35,slope
22,922,19.25,slope
22,923,19.92,slope
22,924,19.93,slope
22,925,19.13,slope
22,926,19.45,slope
22,931,24.03,slope
22,932,23.48,slope
22,933,24.00,slope
22,934,24.28,slope
22,935,25.14,slope
22,942,24.10,slope
22,946,19.70,slope
22,GATE,14.87,slope
24,1,3.28,slope
24,2,4.51,slope
24,3,6.49,slope
24,4,6.08,slope
24,5,6.48,slope
24,6,8.13,slope
24,7,7.71,slope
24,8,6.95,slope
24,9,8.51,slope
24,10,10.08,slope
24,10-1,11.47,slope
24,11,9.51,slope
24,12,8.93,slope
24,13,7.70,slope
24,14,9.03,slope
24,15,5.74,slope
24,15-1,6.30,slope
24,16,7.41,slope
24,16-1,6.49,slope
24,17,7.48,slope
24,18,9.73,slope
24,19,10.53,slope
24,20,5.95,slope
24,21,8.35,slope
24,22,3.39,slope
24,25,0.42,slope
24,25-1,0.25,slope
24,26,0.77,slope
24,27,2.47,slope
24,28,3.54,slope
24,29,15.04,slope
24,30,7.12,slope
24,31,5.75,slope
24,32,7.23,slope
24,32-1,7.26,slope
24,33,8.10,slope
24,34,8.22,slope
24,35,8.51,slope
24,36,10.17,slope
24,37,8.55,slope
24,38,10.20,slope
24,39,12.85,slope
24,40,12.85,slope
24,43,7.20,slope
24,43-1,7.12,slope
24,43-2,6.60,slope
24,44-1,10.63,slope
24,49,10.09,slope
24,50,7.05,slope
24,51,8.59,slope
24,52,8.73,slope
24,52-1,9.35,slope
24,52-2,9.87,slope
24,53,9.23,slope
24,54,7.97,slope
24,55,7.67,slope
24,56,5.07,slope
24,57,13.15,slope
24,57-1,12.00,slope
24,58,11.82,slope
24,59,12.42,slope
24,59-1,12.51,slope
24,61,6.09,slope
24,62,3.11,slope
24,64,7.66,slope
24,66,22.19,slope
24,71,17.43,slope
24,71-1,15.68,slope
24,73,3.98,slope
24,74,5.99,slope
24,75,7.00,slope
24,75-1,6.56,slope
24,80,22.89,slope
24,81,16.70,slope
24,82,9.93,slope
24,83,8.62,slope
24,84,6.21,slope
24,85,18.05,slope
24,85-1,23.56,slope
24,86,22.00,slope
24,101,7.78,slope
24,103,4.65,slope
24,105-2,18.73,slope
24,129,4.62,slope
24,132,16.81,slope
24,135,13.03,slope
24,140,11.61,slope
24,140-1,11.61,slope
24,140-2,11.61,slope
24,142,14.27,slope
24,143,10.07,slope
24,152-1,15.04,slope
24,153,14.44,slope
24,200,2.95,slope
24,201,5.99,slope
24,203,3.04,slope
24,207,9.97,slope
24,220,10.05,slope
24,221,12.30,slope
24,222,10.87,slope
24,223,15.28,slope
24,300,23.12,slope
24,301,24.21,slope
24,302,28.06,slope
24,500,4.35,slope
24,900,16.90,slope
24,901,16.79,slope
24,902,16.03,slope
24,903,16.74,slope
24,904,16.45,slope
24,905,17.25,slope
24,906,17.45,slope
24,915,21.09,slope
24,916,22.06,slope
24,917,23.02,slope
24,918,18.91,slope
24,919,17.45,slope
24,921,20.41,slope
24,922,20.32,slope
24,923,20.99,slope
24,924,21.00,slope
24,925,20.20,slope
24,926,20.52,slope
24,931,25.09,slope
24,932,24.55,slope
24,933,25.06,slope
24,934,25.34,slope
24,935,26.20,slope
24,942,25.26,slope
24,946,20.76,slope
24,GATE,11.17,slope
25,1,4.37,slope
25,2,5.33,slope
25,3,7.54,slope
25,4,7.08,slope
25,5,6.65,slope
25,6,8.41,slope
25,7,7.90,slope
25,8,7.12,slope
25,9,8.37,slope
25,10,10.19,slope
25,10-1,11.70,slope
25,11,9.63,slope
25,12,8.89,slope
25,13,7.21,slope
25,14,9.47,slope
25,15,6.78,slope
25,15-1,7.33,slope
25,16,8.47,slope
25,16-1,7.79,slope
25,17,8.51,slope
25,18,9.23,slope
25,19,10.03,slope
25,20,5.46,slope
25,21,7.98,slope
25,22,2.76,slope
25,24,0.39,slope
25,25-1,0.64,slope
25,26,0.07,slope
25,27,0.21,slope
25,28,1.42,slope
25,29,14.55,slope
25,30,5.29,slope
25,31,3.70,slope
25,32,5.66,slope
25,32-1,5.70,slope
25,33,6.54,slope
25,34,7.02,slope
25,35,8.02,slope
25,36,8.95,slope
25,37,7.21,slope
25,38,8.63,slope
25,39,11.71,slope
25,40,11.69,slope
25,43,6.71,slope
25,43-1,5.91,slope
25,43-2,5.41,slope
25,44-1,9.39,slope
25,49,11.15,slope
25,50,8.08,slope
25,51,9.63,slope
25,52,9.78,slope
25,52-1,10.39,slope
25,52-2,10.91,slope
25,53,10.27,slope
25,54,9.02,slope
25,55,8.71,slope
25,56,4.58,slope
25,57,14.19,slope
25,57-1,13.04,slope
25,58,12.85,slope
25,59,13.46,slope
25,59-1,13.54,slope
25,61,6.62,slope
25,62,2.47,slope
25,64,9.04,slope
25,66,21.87,slope
25,71,18.45,slope
25,71-1,16.70,slope
25,73,5.36,slope
25,74,7.04,slope
25,75,5.45,slope
25,75-1,5.03,slope
25,80,23.97,slope
25,81,17.73,slope
25,82,11.00,slope
25,83,9.65,slope
25,84,7.24,slope
25,85,19.09,slope
25,85-1,24.62,slope
25,86,23.08,slope
25,101,9.17,slope
25,103,6.06,slope
25,105-2,17.50,slope
25,129,3.07,slope
25,132,16.31,slope
25,135,11.81,slope
25,140,12.65,slope
25,140-1,12.65,slope
25,140-2,12.65,slope
25,142,13.78,slope
25,143,9.58,slope
25,152-1,16.06,slope
25,153,15.46,slope
25,200,1.43,slope
25,201,4.45,slope
25,203,1.53,slope
25,207,11.00,slope
25,220,11.09,slope
25,221,13.34,slope
25,222,11.91,slope
25,223,16.32,slope
25,300,21.84,slope
25,301,22.93,slope
25,302,26.78,slope
25,500,2.83,slope
25,900,17.03,slope
25,901,16.93,slope
25,902,16.16,slope
25,903,16.87,slope
25,904,16.58,slope
25,905,17.38,slope
25,906,17.58,slope
25,915,21.22,slope
25,916,22.20,slope
25,917,23.16,slope
25,918,19.04,slope
25,919,17.89,slope
25,921,20.55,slope
25,922,20.45,slope
25,923,21.12,slope
25,924,21.13,slope
25,925,20.33,slope
25,926,20.65,slope
25,931,25.23,slope
25,932,24.68,slope
25,933,25.20,slope
25,934,25.48,slope
25,935,26.34,slope
25,942,25.68,slope
25,946,20.90,slope
25,GATE,12.55,slope
25-1,1,4.79,slope
25-1,2,6.03,slope
25-1,3,8.06,slope
25-1,4,7.58,slope
25-1,5,7.60,slope
25-1,6,9.36,slope
25-1,7,8.84,slope
25-1,8,8.07,slope
25-1,9,9.31,slope
25-1,10,11.13,slope
25-1,10-1,12.63,slope
25-1,11,10.57,slope
25-1,12,9.83,slope
25-1,13,8.14,slope
25-1,14,10.42,slope
25-1,15,7.23,slope
25-1,15-1,7.78,slope
25-1,16,8.88,slope
25-1,16-1,7.96,slope
25-1,17,8.97,slope
25-1,18,10.17,slope
25-1,19,10.96,slope
25-1,20,6.38,slope
25-1,21,8.69,slope
25-1,22,3.83,slope
25-1,24,0.24,slope
25-1,25,0.67,slope
25-1,26,0.74,slope
25-1,27,2.84,slope
25-1,28,3.99,slope
25-1,29,15.47,slope
25-1,30,7.54,slope
25-1,31,6.23,slope
25-1,32,7.66,slope
25-1,32-1,7.70,slope
25-1,33,8.53,slope
25-1,34,8.66,slope
25-1,35,8.94,slope
25-1,36,10.61,slope
25-1,37,9.03,slope
25-1,38,10.67,slope
25-1,39,13.31,slope
25-1,40,13.34,slope
25-1,43,7.64,slope
25-1,43-1,7.56,slope
25-1,43-2,7.03,slope
25-1,44-1,11.07,slope
25-1,49,11.61,slope
25-1,50,8.54,slope
25-1,51,10.09,slope
25-1,52,10.24,slope
25-1,52-1,10.85,slope
25-1,52-2,11.37,slope
25-1,53,10.73,slope
25-1,54,9.48,slope
25-1,55,9.17,slope
25-1,56,5.51,slope
25-1,57,14.65,slope
25-1,57-1,13.50,slope
25-1,58,13.31,slope
25-1,59,13.92,slope
25-1,59-1,14.00,slope
25-1,61,7.57,slope
25-1,62,4.03,slope
25-1,64,9.17,slope
25-1,66,22.72,slope
25-1,71,18.91,slope
25-1,71-1,17.16,slope
25-1,73,5.48,slope
25-1,74,7.50,slope
25-1,75,7.42,slope
25-1,75-1,6.96,slope
25-1,80,24.37,slope
25-1,81,18.19,slope
25-1,82,11.47,slope
25-1,83,10.11,slope
25-1,84,7.69,slope
25-1,85,19.55,slope
25-1,85-1,25.01,slope
25-1,86,23.47,slope
25-1,101,9.25,slope
25-1,103,6.14,slope
25-1,105-2,19.17,slope
25-1,129,5.04,slope
25-1,132,17.25,slope
25-1,135,13.46,slope
25-1,140,13.11,slope
25-1,140-1,13.11,slope
25-1,140-2,13.11,slope
25-1,142,14.70,slope
25-1,143,10.50,slope
25-1,152-1,16.52,slope
25-1,153,15.92,slope
25-1,200,3.32,slope
25-1,201,6.40,slope
25-1,203,3.41,slope
25-1,207,11.46,slope
25-1,220,11.55,slope
25-1,221,13.80,slope
25-1,222,12.37,slope
25-1,223,16.78,slope
25-1,300,23.55,slope
25-1,301,24.64,slope
25-1,302,28.50,slope
25-1,500,4.70,slope
25-1,900,18.11,slope
25-1,901,18.01,slope
25-1,902,17.24,slope
25-1,903,17.95,slope
25-1,904,17.66,slope
25-1,905,18.46,slope
25-1,906,18.66,slope
25-1,915,22.30,slope
25-1,916,23.28,slope
25-1,917,24.24,slope
25-1,918,20.12,slope
25-1,919,18.84,slope
25-1,921,21.63,slope
25-1,922,21.53,slope
25-1,923,22.20,slope
25-1,924,22.21,slope
25-1,925,21.41,slope
25-1,926,21.73,slope
25-1,931,26.31,slope
25-1,932,25.76,slope
25-1,933,26.28,slope
25-1,934,26.56,slope
25-1,935,27.42,slope
25-1,942,26.63,slope
25-1,946,21.98,slope
25-1,GATE,12.67,slope
26,1,4.94,slope
26,2,5.93,slope
26,3,7.56,slope
26,4,7.18,slope
26,5,6.66,slope
26,6,8.42,slope
26,7,7.90,slope
26,8,7.13,slope
26,9,8.36,slope
26,10,10.19,slope
26,10-1,11.69,slope
26,11,9.62,slope
26,12,8.88,slope
26,13,7.17,slope
26,14,9.47,slope
26,15,7.31,slope
26,15-1,7.86,slope
26,16,9.00,slope
26,16-1,8.32,slope
26,17,9.03,slope
26,18,9.20,slope
26,19,10.01,slope
26,20,5.40,slope
26,21,7.87,slope
26,22,2.88,slope
26,24,0.73,slope
26,25,0.08,slope
26,25-1,0.72,slope
26,27,1.53,slope
26,28,2.31,slope
26,29,14.51,slope
26,30,6.23,slope
26,31,4.61,slope
26,32,7.82,slope
26,32-1,7.70,slope
26,33,7.47,slope
26,34,7.72,slope
26,35,7.98,slope
26,36,9.67,slope
26,37,8.05,slope
26,38,9.95,slope
26,39,12.36,slope
26,40,12.35,slope
26,43,6.69,slope
26,43-1,6.61,slope
26,43-2,6.10,slope
26,44-1,10.11,slope
26,49,11.67,slope
26,50,8.61,slope
26,51,10.15,slope
26,52,10.30,slope
26,52-1,10.92,slope
26,52-2,11.44,slope
26,53,10.80,slope
26,54,9.54,slope
26,55,9.23,slope
26,56,4.56,slope
26,57,14.71,slope
26,57-1,13.57,slope
26,58,13.38,slope
26,59,13.99,slope
26,59-1,14.07,slope
26,61,6.61,slope
26,62,3.09,slope
26,64,9.57,slope
26,66,21.82,slope
26,71,18.97,slope
26,71-1,17.23,slope
26,73,5.89,slope
26,74,7.57,slope
26,75,7.42,slope
26,75-1,6.99,slope
26,80,24.50,slope
26,81,18.26,slope
26,82,11.52,slope
26,83,10.18,slope
26,84,7.76,slope
26,85,19.62,slope
26,85-1,25.14,slope
26,86,23.61,slope
26,101,9.70,slope
26,103,6.59,slope
26,105-2,18.22,slope
26,129,5.10,slope
26,132,16.29,slope
26,135,12.52,slope
26,140,13.17,slope
26,140-1,13.17,slope
26,140-2,13.17,slope
26,142,13.73,slope
26,143,9.55,slope
26,152-1,16.59,slope
26,153,15.99,slope
26,200,3.38,slope
26,201,6.42,slope
26,203,3.47,slope
26,207,11.53,slope
26,220,11.62,slope
26,221,13.87,slope
26,222,12.44,slope
26,223,16.84,slope
26,300,22.60,slope
26,301,23.69,slope
26,302,27.54,slope
26,500,4.78,slope
26,900,17.24,slope
26,901,17.13,slope
26,902,16.37,slope
26,903,17.08,slope
26,904,16.79,slope
26,905,17.59,slope
26,906,17.79,slope
26,915,21.43,slope
26,916,22.41,slope
26,917,23.36,slope
26,918,19.25,slope
26,919,17.89,slope
26,921,20.75,slope
26,922,20.66,slope
26,923,21.33,slope
26,924,21.34,slope
26,925,20.54,slope
26,926,20.86,slope
26,931,25.44,slope
26,932,24.89,slope
26,933,25.40,slope
26,934,25.68,slope
26,935,26.54,slope
26,942,25.69,slope
26,946,21.10,slope
26,GATE,13.08,slope
27,1,5.56,slope
27,2,6.46,slope
27,3,8.07,slope
27,4,7.71,slope
27,5,7.20,slope
27,6,8.96,slope
27,7,8.44,slope
27,8,7.68,slope
27,9,8.91,slope
27,10,10.74,slope
27,10-1,12.24,slope
27,11,10.18,slope
27,12,9.44,slope
27,13,7.75,slope
27,14,10.02,slope
27,15,8.79,slope
27,15-1,9.33,slope
27,16,10.47,slope
27,16-1,9.80,slope
27,17,10.52,slope
27,18,7.41,slope
27,19,7.87,slope
27,20,6.00,slope
27,21,6.42,slope
27,22,1.70,slope
27,24,2.30,slope
27,25,0.19,slope
27,25-1,2.67,slope
27,26,1.40,slope
27,28,0.62,slope
27,29,12.73,slope
27,30,3.39,slope
27,31,1.65,slope
27,32,3.97,slope
27,32-1,3.89,slope
27,33,4.50,slope
27,34,4.88,slope
27,35,6.20,slope
27,36,6.84,slope
27,37,5.02,slope
27,38,6.82,slope
27,39,9.59,slope
27,40,9.52,slope
27,43,4.36,slope
27,43-1,3.77,slope
27,43-2,3.27,slope
27,44-1,7.26,slope
27,49,13.97,slope
27,50,10.10,slope
27,51,11.65,slope
27,52,11.80,slope
27,52-1,12.41,slope
27,52-2,12.93,slope
27,53,13.08,slope
27,54,12.00,slope
27,55,10.73,slope
27,56,3.12,slope
27,57,16.21,slope
27,57-1,15.06,slope
27,58,14.86,slope
27,59,15.49,slope
27,59-1,15.55,slope
27,61,7.17,slope
27,62,3.64,slope
27,64,10.30,slope
27,66,19.58,slope
27,71,20.46,slope
27,71-1,18.71,slope
27,73,7.40,slope
27,74,9.08,slope
27,75,3.62,slope
27,75-1,3.21,slope
27,80,25.92,slope
27,81,19.76,slope
27,82,13.67,slope
27,83,11.67,slope
27,84,9.25,slope
27,85,21.11,slope
27,85-1,26.54,slope
27,86,25.03,slope
27,101,11.22,slope
27,103,8.10,slope
27,105-2,15.40,slope
27,129,1.10,slope
27,132,14.50,slope
27,135,9.71,slope
27,140,14.67,slope
27,140-1,14.67,slope
27,140-2,14.67,slope
27,142,11.95,slope
27,143,8.39,slope
27,152-1,18.07,slope
27,153,17.47,slope
27,200,1.43,slope
27,201,2.63,slope
27,203,1.85,slope
27,207,13.02,slope
27,220,13.12,slope
27,221,15.37,slope
27,222,13.94,slope
27,223,18.34,slope
27,300,19.79,slope
27,301,20.86,slope
27,302,24.72,slope
27,500,3.14,slope
27,900,17.67,slope
27,901,17.56,slope
27,902,16.79,slope
27,903,17.50,slope
27,904,17.22,slope
27,905,18.01,slope
27,906,18.22,slope
27,915,21.85,slope
27,916,22.83,slope
27,917,23.79,slope
27,918,19.68,slope
27,919,18.44,slope
27,921,21.18,slope
27,922,21.08,slope
27,923,21.75,slope
27,924,21.76,slope
27,925,20.96,slope
27,926,21.28,slope
27,931,25.86,slope
27,932,25.32,slope
27,933,25.83,slope
27,934,26.11,slope
27,935,26.97,slope
27,942,26.23,slope
27,946,21.53,slope
27,GATE,13.81,slope
28,1,6.13,slope
28,2,6.84,slope
28,3,8.13,slope
28,4,7.81,slope
28,5,7.29,slope
28,6,9.04,slope
28,7,8.53,slope
28,8,7.77,slope
28,9,8.98,slope
28,10,10.81,slope
28,10-1,12.31,slope
28,11,10.25,slope
28,12,9.51,slope
28,13,7.82,slope
28,14,10.11,slope
28,15,9.42,slope
28,15-1,9.97,slope
28,16,11.11,slope
28,16-1,10.44,slope
28,17,11.15,slope
28,18,6.58,slope
28,19,7.04,slope
28,20,6.08,slope
28,21,5.06,slope
28,22,0.85,slope
28,24,3.05,slope
28,25,1.21,slope
28,25-1,3.49,slope
28,26,1.98,slope
28,27,0.48,slope
28,29,11.90,slope
28,30,2.50,slope
28,31,0.82,slope
28,32,4.17,slope
28,32-1,3.75,slope
28,33,3.61,slope
28,34,4.06,slope
28,35,5.37,slope
28,36,6.01,slope
28,37,4.14,slope
28,38,6.29,slope
28,39,8.75,slope
28,40,8.69,slope
28,43,3.53,slope
28,43-1,2.94,slope
28,43-2,2.44,slope
28,44-1,6.43,slope
28,49,14.52,slope
28,50,10.73,slope
28,51,12.27,slope
28,52,12.43,slope
28,52-1,13.04,slope
28,52-2,13.56,slope
28,53,13.62,slope
28,54,12.54,slope
28,55,11.36,slope
28,56,2.30,slope
28,57,16.83,slope
28,57-1,15.69,slope
28,58,15.50,slope
28,59,16.11,slope
28,59-1,16.19,slope
28,61,7.25,slope
28,62,4.21,slope
28,64,11.87,slope
28,66,18.76,slope
28,71,21.09,slope
28,71-1,19.34,slope
28,73,8.19,slope
28,74,9.70,slope
28,75,3.67,slope
28,75-1,3.26,slope
28,80,26.61,slope
28,81,20.38,slope
28,82,14.19,slope
28,83,12.30,slope
28,84,9.88,slope
28,85,21.73,slope
28,85-1,27.23,slope
28,86,25.72,slope
28,101,11.87,slope
28,103,8.99,slope
28,105-2,14.58,slope
28,129,0.81,slope
28,132,13.67,slope
28,135,8.88,slope
28,140,15.29,slope
28,140-1,15.29,slope
28,140-2,15.29,slope
28,142,11.11,slope
28,143,7.56,slope
28,152-1,18.70,slope
28,153,18.11,slope
28,200,1.50,slope
28,201,2.67,slope
28,203,2.95,slope
28,207,13.65,slope
28,220,13.74,slope
28,221,15.99,slope
28,222,14.56,slope
28,223,18.96,slope
28,300,18.96,slope
28,301,20.03,slope
28,302,23.89,slope
28,500,4.28,slope
28,900,17.73,slope
28,901,17.62,slope
28,902,16.85,slope
28,903,17.57,slope
28,904,17.28,slope
28,905,18.08,slope
28,906,18.28,slope
28,915,21.91,slope
28,916,22.89,slope
28,917,23.85,slope
28,918,19.74,slope
28,919,18.53,slope
28,921,21.24,slope
28,922,21.15,slope
28,923,21.81,slope
28,924,21.83,slope
28,925,21.03,slope
28,926,21.35,slope
28,931,25.92,slope
28,932,25.38,slope
28,933,25.89,slope
28,934,26.17,slope
28,935,27.03,slope
28,942,26.30,slope
28,946,21.59,slope
28,GATE,15.38,slope
29,1,11.35,slope
29,2,12.80,slope
29,3,14.23,slope
29,4,13.82,slope
29,5,12.81,slope
29,6,14.05,slope
29,7,12.90,slope
29,8,12.86,slope
29,9,12.71,slope
29,10,14.03,slope
29,10-1,14.36,slope
29,11,13.01,slope
29,12,12.08,slope
29,13,9.85,slope
29,14,14.89,slope
29,15,16.70,slope
29,15-1,17.25,slope
29,16,18.37,slope
29,16-1,17.70,slope
29,17,18.48,slope
29,18,4.94,slope
29,19,5.90,slope
29,20,4.53,slope
29,21,4.85,slope
29,22,7.83,slope
29,24,11.26,slope
29,25,10.81,slope
29,25-1,11.70,slope
29,26,10.82,slope
29,27,9.14,slope
29,28,8.54,slope
29,30,7.60,slope
29,31,8.70,slope
29,32,12.37,slope
29,32-1,10.61,slope
29,33,8.92,slope
29,34,7.21,slope
29,35,4.63,slope
29,36,7.58,slope
29,37,8.84,slope
29,38,8.81,slope
29,39,10.01,slope
29,40,9.62,slope
29,43,5.50,slope
29,43-1,5.85,slope
29,43-2,5.88,slope
29,44-1,7.32,slope
29,49,20.43,slope
29,50,18.04,slope
29,51,19.58,slope
29,52,19.72,slope
29,52-1,21.16,slope
29,52-2,20.85,slope
29,53,19.58,slope
29,54,18.46,slope
29,55,18.52,slope
29,56,5.97,slope
29,57,24.66,slope
29,57-1,23.50,slope
29,58,22.76,slope
29,59,23.96,slope
29,59-1,23.42,slope
29,61,11.50,slope
29,62,10.10,slope
29,64,18.82,slope
29,66,1.50,slope
29,71,28.44,slope
29,71-1,26.70,slope
29,73,16.06,slope
29,74,16.88,slope
29,75,12.17,slope
29,75-1,11.74,slope
29,80,33.66,slope
29,81,27.13,slope
29,82,20.17,slope
29,83,19.62,slope
29,84,17.24,slope
29,85,28.51,slope
29,85-1,34.67,slope
29,86,33.07,slope
29,101,19.12,slope
29,103,16.36,slope
29,105-2,5.16,slope
29,129,9.37,slope
29,132,2.21,slope
29,135,9.36,slope
29,140,22.04,slope
29,140-1,22.04,slope
29,140-2,22.04,slope
29,142,1.41,slope
29,143,3.72,slope
29,152-1,26.04,slope
29,153,25.42,slope
29,200,9.96,slope
29,201,11.16,slope
29,203,11.42,slope
29,207,20.95,slope
29,220,21.58,slope
29,221,23.56,slope
29,222,22.41,slope
29,223,24.84,slope
29,300,11.99,slope
29,301,13.13,slope
29,302,16.95,slope
29,500,12.80,slope
29,900,16.96,slope
29,901,16.85,slope
29,902,16.08,slope
29,903,13.73,slope
29,904,13.44,slope
29,905,13.89,slope
29,906,17.51,slope
29,915,21.14,slope
29,916,22.12,slope
29,917,23.08,slope
29,918,14.86,slope
29,919,19.64,slope
29,921,20.47,slope
29,922,20.37,slope
29,923,21.04,slope
29,924,21.05,slope
29,925,20.26,slope
29,926,20.57,slope
29,931,25.15,slope
29,932,24.61,slope
29,933,25.12,slope
29,934,25.40,slope
29,935,26.26,slope
29,942,26.45,slope
29,946,20.82,slope
29,GATE,22.31,slope
30,1,7.42,slope
30,2,7.47,slope
30,3,8.69,slope
30,4,8.41,slope
30,5,7.86,slope
30,6,9.41,slope
30,7,8.54,slope
30,8,8.12,slope
30,9,8.76,slope
30,10,10.54,slope
30,10-1,11.66,slope
30,11,9.62,slope
30,12,8.87,slope
30,13,7.16,slope
30,14,10.50,slope
30,15,11.11,slope
30,15-1,11.65,slope
30,16,12.79,slope
30,16-1,12.11,slope
30,17,12.86,slope
30,18,4.73,slope
30,19,5.36,slope
30,20,5.43,slope
30,21,3.52,slope
30,22,1.74,slope
30,24,5.75,slope
30,25,4.13,slope
30,25-1,6.09,slope
30,26,5.00,slope
30,27,2.41,slope
30,28,1.77,slope
30,29,9.97,slope
30,31,1.06,slope
30,32,4.40,slope
30,32-1,1.45,slope
30,33,0.59,slope
30,34,0.74,slope
30,35,2.20,slope
30,36,2.12,slope
30,37,0.65,slope
30,38,2.41,slope
30,39,4.73,slope
30,40,4.75,slope
30,43,2.08,slope
30,43-1,1.12,slope
30,43-2,1.32,slope
30,44-1,4.27,slope
30,49,15.66,slope
30,50,12.44,slope
30,51,13.99,slope
30,52,14.14,slope
30,52-1,14.75,slope
30,52-2,15.27,slope
30,53,14.81,slope
30,54,13.68,slope
30,55,12.94,slope
30,56,2.15,slope
30,57,18.56,slope
30,57-1,17.41,slope
30,58,17.19,slope
30,59,17.84,slope
30,59-1,17.88,slope
30,61,7.19,slope
30,62,5.45,slope
30,64,13.03,slope
30,66,16.77,slope
30,71,22.79,slope
30,71-1,21.05,slope
30,73,10.32,slope
30,74,11.29,slope
30,75,5.37,slope
30,75-1,4.88,slope
30,80,28.34,slope
30,81,22.10,slope
30,82,15.37,slope
30,83,14.01,slope
30,84,11.58,slope
30,85,23.46,slope
30,85-1,28.97,slope
30,86,27.44,slope
30,101,13.55,slope
30,103,10.93,slope
30,105-2,11.80,slope
30,129,2.54,slope
30,132,11.83,slope
30,135,6.09,slope
30,140,17.03,slope
30,140-1,17.03,slope
30,140-2,17.03,slope
30,142,9.19,slope
30,143,5.71,slope
30,152-1,20.40,slope
30,153,19.81,slope
30,200,3.07,slope
30,201,4.30,slope
30,203,4.53,slope
30,207,15.36,slope
30,220,15.47,slope
30,221,17.72,slope
30,222,16.29,slope
30,223,20.69,slope
30,300,16.20,slope
30,301,17.26,slope
30,302,21.12,slope
30,500,5.81,slope
30,900,17.79,slope
30,901,17.68,slope
30,902,16.91,slope
30,903,17.62,slope
30,904,17.33,slope
30,905,18.13,slope
30,906,18.33,slope
30,915,21.97,slope
30,916,22.95,slope
30,917,23.91,slope
30,918,19.79,slope
30,919,19.03,slope
30,921,21.30,slope
30,922,21.20,slope
30,923,21.87,slope
30,924,21.88,slope
30,925,21.08,slope
30,926,21.40,slope
30,931,25.98,slope
30,932,25.43,slope
30,933,25.95,slope
30,934,26.23,slope
30,935,27.09,slope
30,942,26.78,slope
30,946,21.65,slope
30,GATE,16.54,slope
31,1,6.91,slope
31,2,6.97,slope
31,3,8.19,slope
31,4,7.91,slope
31,5,7.39,slope
31,6,9.14,slope
31,7,8.52,slope
31,8,7.88,slope
31,9,8.75,slope
31,10,10.53,slope
31,10-1,12.02,slope
31,11,9.97,slope
31,12,9.22,slope
31,13,7.54,slope
31,14,10.21,slope
31,15,10.60,slope
31,15-1,11.15,slope
31,16,12.29,slope
31,16-1,11.62,slope
31,17,12.34,slope
31,18,6.35,slope
31,19,6.79,slope
31,20,5.60,slope
31,21,4.81,slope
31,22,0.86,slope
31,24,4.66,slope
31,25,2.87,slope
31,25-1,5.01,slope
31,26,3.71,slope
31,27,1.16,slope
31,28,0.58,slope
31,29,11.66,slope
31,30,1.06,slope
31,32,1.05,slope
31,32-1,1.47,slope
31,33,1.45,slope
31,34,3.80,slope
31,35,5.13,slope
31,36,5.28,slope
31,37,2.07,slope
31,38,4.12,slope
31,39,7.22,slope
31,40,7.18,slope
31,43,3.29,slope
31,43-1,2.70,slope
31,43-2,2.14,slope
31,44-1,6.19,slope
31,49,15.08,slope
31,50,11.92,slope
31,51,13.46,slope
31,52,13.62,slope
31,52-1,14.22,slope
31,52-2,14.75,slope
31,53,14.25,slope
31,54,13.11,slope
31,55,12.40,slope
31,56,2.04,slope
31,57,18.03,slope
31,57-1,16.88,slope
31,58,16.68,slope
31,59,17.31,slope
31,59-1,17.37,slope
31,61,7.18,slope
31,62,4.93,slope
31,64,11.78,slope
31,66,18.49,slope
31,71,22.28,slope
31,71-1,20.54,slope
31,73,9.82,slope
31,74,10.75,slope
31,75,2.68,slope
31,75-1,2.93,slope
31,80,27.81,slope
31,81,21.57,slope
31,82,14.74,slope
31,83,13.49,slope
31,84,11.07,slope
31,85,22.93,slope
31,85-1,28.43,slope
31,86,26.91,slope
31,101,13.05,slope
31,103,10.43,slope
31,105-2,14.32,slope
31,129,1.29,slope
31,132,13.43,slope
31,135,8.62,slope
31,140,16.49,slope
31,140-1,16.49,slope
31,140-2,16.49,slope
31,142,10.88,slope
31,143,7.31,slope
31,152-1,19.89,slope
31,153,19.30,slope
31,200,1.83,slope
31,201,3.01,slope
31,203,3.28,slope
31,207,14.84,slope
31,220,14.93,slope
31,221,17.19,slope
31,222,15.75,slope
31,223,20.16,slope
31,300,18.72,slope
31,301,19.78,slope
31,302,23.64,slope
31,500,4.57,slope
31,900,17.79,slope
31,901,17.68,slope
31,902,16.91,slope
31,903,17.62,slope
31,904,17.33,slope
31,905,18.13,slope
31,906,18.33,slope
31,915,21.97,slope
31,916,22.95,slope
31,917,23.91,slope
31,918,19.79,slope
31,919,18.64,slope
31,921,21.30,slope
31,922,21.20,slope
31,923,21.87,slope
31,924,21.88,slope
31,925,21.08,slope
31,926,21.40,slope
31,931,25.98,slope
31,932,25.43,slope
31,933,25.95,slope
31,934,26.23,slope
31,935,27.09,slope
31,942,26.39,slope
31,946,21.65,slope
31,GATE,15.30,slope
32,1,10.16,slope
32,2,10.56,slope
32,3,11.78,slope
32,4,11.50,slope
32,5,10.99,slope
32,6,12.76,slope
32,7,12.27,slope
32,8,11.52,slope
32,9,12.48,slope
32,10,14.29,slope
32,10-1,15.85,slope
32,11,13.79,slope
32,12,13.02,slope
32,13,11.43,slope
32,14,13.92,slope
32,15,12.85,slope
32,15-1,13.39,slope
32,16,14.10,slope
32,16-1,13.36,slope
32,17,14.59,slope
32,18,8.58,slope
32,19,7.30,slope
32,20,9.57,slope
32,21,8.79,slope
32,22,4.37,slope
32,24,5.92,slope
32,25,4.53,slope
32,25-1,6.28,slope
32,26,6.47,slope
32,27,3.17,slope
32,28,3.40,slope
32,29,15.52,slope
32,30,5.72,slope
32,31,0.95,slope
32,32-1,0.38,slope
32,33,0.78,slope
32,34,5.74,slope
32,35,6.86,slope
32,36,3.90,slope
32,37,1.88,slope
32,38,3.31,slope
32,39,6.48,slope
32,40,6.37,slope
32,43,7.25,slope
32,43-1,6.55,slope
32,43-2,5.82,slope
32,44-1,5.69,slope
32,49,17.87,slope
32,50,14.17,slope
32,51,15.72,slope
32,52,15.88,slope
32,52-1,16.48,slope
32,52-2,17.00,slope
32,53,16.95,slope
32,54,15.87,slope
32,55,14.66,slope
32,56,5.75,slope
32,57,20.29,slope
32,57-1,19.14,slope
32,58,18.62,slope
32,59,19.58,slope
32,59-1,19.62,slope
32,61,10.91,slope
32,62,8.57,slope
32,64,12.23,slope
32,66,21.39,slope
32,71,23.91,slope
32,71-1,22.17,slope
32,73,10.99,slope
32,74,13.02,slope
32,75,0.84,slope
32,75-1,1.64,slope
32,80,27.46,slope
32,81,23.83,slope
32,82,17.58,slope
32,83,15.74,slope
32,84,13.32,slope
32,85,25.19,slope
32,85-1,28.77,slope
32,86,26.56,slope
32,101,13.99,slope
32,103,10.59,slope
32,105-2,13.22,slope
32,129,2.54,slope
32,132,14.43,slope
32,135,7.49,slope
32,140,18.75,slope
32,140-1,18.75,slope
32,140-2,18.75,slope
32,142,14.81,slope
32,143,11.30,slope
32,152-1,21.52,slope
32,153,20.93,slope
32,200,1.88,slope
32,201,1.93,slope
32,203,3.72,slope
32,207,17.10,slope
32,220,17.20,slope
32,221,19.46,slope
32,222,18.02,slope
32,223,22.42,slope
32,300,17.72,slope
32,301,18.75,slope
32,302,22.63,slope
32,500,5.03,slope
32,900,19.64,slope
32,901,19.53,slope
32,902,18.77,slope
32,903,19.48,slope
32,904,19.19,slope
32,905,19.99,slope
32,906,20.19,slope
32,915,23.82,slope
32,916,24.80,slope
32,917,25.76,slope
32,918,21.65,slope
32,919,22.44,slope
32,921,23.15,slope
32,922,23.06,slope
32,923,23.73,slope
32,924,23.74,slope
32,925,22.94,slope
32,926,23.26,slope
32,931,27.83,slope
32,932,27.29,slope
32,933,27.80,slope
32,934,28.08,slope
32,935,28.94,slope
32,942,30.16,slope
32,946,23.50,slope
32,GATE,15.75,slope
32-1,1,9.16,slope
32-1,2,9.49,slope
32-1,3,10.60,slope
32-1,4,10.59,slope
32-1,5,9.79,slope
32-1,6,11.53,slope
32-1,7,10.88,slope
32-1,8,10.27,slope
32-1,9,11.10,slope
32-1,10,12.87,slope
32-1,10-1,14.33,slope
32-1,11,12.30,slope
32-1,12,11.55,slope
32-1,13,9.84,slope
32-1,14,12.57,slope
32-1,15,12.36,slope
32-1,15-1,12.91,slope
32-1,16,13.77,slope
32-1,16-1,12.79,slope
32-1,17,14.08,slope
32-1,18,7.98,slope
32-1,19,6.70,slope
32-1,20,7.89,slope
32-1,21,7.11,slope
32-1,22,3.07,slope
32-1,24,5.83,slope
32-1,25,4.43,slope
32-1,25-1,6.18,slope
32-1,26,6.34,slope
32-1,27,3.05,slope
32-1,28,3.12,slope
32-1,29,13.57,slope
32-1,30,1.40,slope
32-1,31,1.38,slope
32-1,32,0.43,slope
32-1,33,0.50,slope
32-1,34,5.21,slope
32-1,35,6.28,slope
32-1,36,3.32,slope
32-1,37,1.28,slope
32-1,38,2.75,slope
32-1,39,5.83,slope
32-1,40,5.74,slope
32-1,43,5.60,slope
32-1,43-1,5.04,slope
32-1,43-2,4.44,slope
32-1,44-1,5.05,slope
32-1,49,17.31,slope
32-1,50,13.67,slope
32-1,51,15.22,slope
32-1,52,15.38,slope
32-1,52-1,15.98,slope
32-1,52-2,16.50,slope
32-1,53,16.47,slope
32-1,54,15.33,slope
32-1,55,14.29,slope
32-1,56,4.40,slope
32-1,57,19.79,slope
32-1,57-1,18.64,slope
32-1,58,18.13,slope
32-1,59,19.07,slope
32-1,59-1,19.13,slope
32-1,61,9.53,slope
32-1,62,7.20,slope
32-1,64,12.11,slope
32-1,66,20.03,slope
32-1,71,22.95,slope
32-1,71-1,21.47,slope
32-1,73,10.61,slope
32-1,74,12.65,slope
32-1,75,0.66,slope
32-1,75-1,1.64,slope
32-1,80,27.43,slope
32-1,81,23.33,slope
32-1,82,16.94,slope
32-1,83,15.23,slope
32-1,84,12.80,slope
32-1,85,24.68,slope
32-1,85-1,28.22,slope
32-1,86,26.53,slope
32-1,101,13.38,slope
32-1,103,10.49,slope
32-1,105-2,12.58,slope
32-1,129,2.45,slope
32-1,132,13.82,slope
32-1,135,6.87,slope
32-1,140,18.23,slope
32-1,140-1,18.23,slope
32-1,140-2,18.23,slope
32-1,142,12.84,slope
32-1,143,9.27,slope
32-1,152-1,20.83,slope
32-1,153,20.25,slope
32-1,200,1.83,slope
32-1,201,1.87,slope
32-1,203,3.61,slope
32-1,207,16.60,slope
32-1,220,16.70,slope
32-1,221,18.95,slope
32-1,222,17.51,slope
32-1,223,21.91,slope
32-1,300,16.98,slope
32-1,301,18.04,slope
32-1,302,21.90,slope
32-1,500,4.90,slope
32-1,900,21.07,slope
32-1,901,20.96,slope
32-1,902,20.19,slope
32-1,903,20.90,slope
32-1,904,20.61,slope
32-1,905,21.41,slope
32-1,906,21.61,slope
32-1,915,25.25,slope
32-1,916,26.23,slope
32-1,917,27.19,slope
32-1,918,23.07,slope
32-1,919,20.96,slope
32-1,921,24.58,slope
32-1,922,24.48,slope
32-1,923,25.15,slope
32-1,924,25.16,slope
32-1,925,24.36,slope
32-1,926,24.68,slope
32-1,931,29.26,slope
32-1,932,28.72,slope
32-1,933,29.23,slope
32-1,934,29.51,slope
32-1,935,30.37,slope
32-1,942,28.71,slope
32-1,946,24.93,slope
32-1,GATE,15.63,slope
33,1,8.39,slope
33,2,8.47,slope
33,3,9.66,slope
33,4,9.41,slope
33,5,9.42,slope
33,6,10.78,slope
33,7,9.48,slope
33,8,9.49,slope
33,9,9.69,slope
33,10,11.38,slope
33,10-1,12.53,slope
33,11,10.50,slope
33,12,9.73,slope
33,13,8.06,slope
33,14,11.63,slope
33,15,12.10,slope
33,15-1,12.65,slope
33,16,13.79,slope
33,16-1,13.11,slope
33,17,13.83,slope
33,18,6.41,slope
33,19,6.17,slope
33,20,6.32,slope
33,21,4.94,slope
33,22,2.78,slope
33,24,6.63,slope
33,25,5.23,slope
33,25-1,6.99,slope
33,26,6.18,slope
33,27,3.60,slope
33,28,2.95,slope
33,29,11.48,slope
33,30,0.77,slope
33,31,1.31,slope
33,32,0.78,slope
33,32-1,0.43,slope
33,34,0.97,slope
33,35,5.00,slope
33,36,2.14,slope
33,37,0.40,slope
33,38,2.41,slope
33,39,4.89,slope
33,40,4.81,slope
33,43,3.52,slope
33,43-1,2.45,slope
33,43-2,2.70,slope
33,44-1,4.02,slope
33,49,16.57,slope
33,50,13.41,slope
33,51,14.96,slope
33,52,15.12,slope
33,52-1,15.72,slope
33,52-2,16.24,slope
33,53,15.73,slope
33,54,14.59,slope
33,55,13.89,slope
33,56,3.10,slope
33,57,19.52,slope
33,57-1,18.37,slope
33,58,18.17,slope
33,59,18.80,slope
33,59-1,18.87,slope
33,61,8.12,slope
33,62,6.45,slope
33,64,12.91,slope
33,66,18.21,slope
33,71,23.75,slope
33,71-1,22.01,slope
33,73,11.31,slope
33,74,12.24,slope
33,75,1.24,slope
33,75-1,2.43,slope
33,80,28.22,slope
33,81,23.07,slope
33,82,16.22,slope
33,83,14.98,slope
33,84,12.55,slope
33,85,24.42,slope
33,85-1,29.25,slope
33,86,27.32,slope
33,101,14.46,slope
33,103,11.58,slope
33,105-2,11.54,slope
33,129,3.25,slope
33,132,12.79,slope
33,135,5.84,slope
33,140,17.97,slope
33,140-1,17.97,slope
33,140-2,17.97,slope
33,142,10.73,slope
33,143,7.15,slope
33,152-1,21.37,slope
33,153,20.78,slope
33,200,2.63,slope
33,201,2.67,slope
33,203,4.41,slope
33,207,16.33,slope
33,220,16.44,slope
33,221,18.69,slope
33,222,17.25,slope
33,223,21.65,slope
33,300,15.94,slope
33,301,17.00,slope
33,302,20.86,slope
33,500,5.71,slope
33,900,18.70,slope
33,901,18.59,slope
33,902,17.82,slope
33,903,18.54,slope
33,904,18.25,slope
33,905,19.05,slope
33,906,19.25,slope
33,915,22.88,slope
33,916,23.86,slope
33,917,24.82,slope
33,918,20.71,slope
33,919,20.02,slope
33,921,22.21,slope
33,922,22.11,slope
33,923,22.78,slope
33,924,22.79,slope
33,925,22.00,slope
33,926,22.31,slope
33,931,26.89,slope
33,932,26.35,slope
33,933,26.86,slope
33,934,27.14,slope
33,935,28.00,slope
33,942,27.75,slope
33,946,22.56,slope
33,GATE,16.43,slope
34,1,7.78,slope
34,2,7.85,slope
34,3,9.04,slope
34,4,8.79,slope
34,5,8.78,slope
34,6,10.14,slope
34,7,8.98,slope
34,8,8.85,slope
34,9,9.14,slope
34,10,10.16,slope
34,10-1,10.85,slope
34,11,9.24,slope
34,12,8.47,slope
34,13,6.80,slope
34,14,11.13,slope
34,15,11.49,slope
34,15-1,12.03,slope
34,16,13.17,slope
34,16-1,12.50,slope
34,17,13.21,slope
34,18,2.98,slope
34,19,1.97,slope
34,20,5.05,slope
34,21,3.10,slope
34,22,2.38,slope
34,24,6.46,slope
34,25,5.45,slope
34,25-1,6.90,slope
34,26,6.03,slope
34,27,3.64,slope
34,28,3.04,slope
34,29,9.21,slope
34,30,0.63,slope
34,31,3.19,slope
34,32,5.36,slope
34,32-1,4.83,slope
34,33,0.78,slope
34,35,0.57,slope
34,36,0.52,slope
34,37,0.72,slope
34,38,2.59,slope
34,39,3.50,slope
34,40,3.81,slope
34,43,2.88,slope
34,43-1,0.92,slope
34,43-2,2.09,slope
34,44-1,0.99,slope
34,49,15.96,slope
34,50,12.80,slope
34,51,14.34,slope
34,52,14.50,slope
34,52-1,15.11,slope
34,52-2,15.63,slope
34,53,15.12,slope
34,54,13.98,slope
34,55,13.27,slope
34,56,2.49,slope
34,57,18.91,slope
34,57-1,17.76,slope
34,58,17.56,slope
34,59,18.19,slope
34,59-1,18.26,slope
34,61,7.48,slope
34,62,5.84,slope
34,64,14.50,slope
34,66,15.87,slope
34,71,23.13,slope
34,71-1,21.39,slope
34,73,10.69,slope
34,74,11.63,slope
34,75,5.93,slope
34,75-1,6.98,slope
34,80,28.67,slope
34,81,22.45,slope
34,82,15.62,slope
34,83,14.36,slope
34,84,11.93,slope
34,85,23.80,slope
34,85-1,29.24,slope
34,86,27.77,slope
34,101,13.93,slope
34,103,11.36,slope
34,105-2,9.02,slope
34,129,3.87,slope
34,132,10.28,slope
34,135,3.32,slope
34,140,17.36,slope
34,140-1,17.36,slope
34,140-2,17.36,slope
34,142,8.47,slope
34,143,5.31,slope
34,152-1,20.75,slope
34,153,20.16,slope
34,200,4.46,slope
34,201,5.64,slope
34,203,5.91,slope
34,207,15.72,slope
34,220,15.82,slope
34,221,18.08,slope
34,222,16.64,slope
34,223,21.04,slope
34,300,13.40,slope
34,301,14.47,slope
34,302,18.32,slope
34,500,7.21,slope
34,900,17.36,slope
34,901,17.26,slope
34,902,16.49,slope
34,903,17.20,slope
34,904,16.91,slope
34,905,17.71,slope
34,906,17.91,slope
34,915,21.55,slope
34,916,22.53,slope
34,917,23.48,slope
34,918,20.07,slope
34,919,18.39,slope
34,921,20.87,slope
34,922,20.78,slope
34,923,21.45,slope
34,924,21.46,slope
34,925,20.66,slope
34,926,20.98,slope
34,931,25.56,slope
34,932,25.01,slope
34,933,25.53,slope
34,934,25.81,slope
34,935,26.67,slope
34,942,26.12,slope
34,946,21.23,slope
34,GATE,18.00,slope
35,1,6.91,slope
35,2,7.09,slope
35,3,8.30,slope
35,4,8.01,slope
35,5,6.97,slope
35,6,8.33,slope
35,7,6.80,slope
35,8,7.03,slope
35,9,6.70,slope
35,10,7.47,slope
35,10-1,7.76,slope
35,11,6.68,slope
35,12,5.40,slope
35,13,3.97,slope
35,14,8.38,slope
35,15,11.16,slope
35,15-1,11.72,slope
35,16,12.86,slope
35,16-1,12.18,slope
35,17,12.91,slope
35,18,1.26,slope
35,19,1.28,slope
35,20,2.17,slope
35,21,0.68,slope
35,22,3.21,slope
35,24,6.63,slope
35,25,6.18,slope
35,25-1,7.07,slope
35,26,6.19,slope
35,27,4.52,slope
35,28,3.92,slope
35,29,6.55,slope
35,30,1.98,slope
35,31,4.07,slope
35,32,6.04,slope
35,32-1,5.51,slope
35,33,4.44,slope
35,34,0.81,slope
35,36,1.24,slope
35,37,3.25,slope
35,38,3.20,slope
35,39,4.42,slope
35,40,4.39,slope
35,43,0.86,slope
35,43-1,1.23,slope
35,43-2,1.29,slope
35,44-1,1.72,slope
35,49,14.57,slope
35,50,12.48,slope
35,51,14.03,slope
35,52,14.17,slope
35,52-1,14.79,slope
35,52-2,15.31,slope
35,53,13.75,slope
35,54,12.61,slope
35,55,12.69,slope
35,56,1.36,slope
35,57,18.79,slope
35,57-1,17.63,slope
35,58,17.25,slope
35,59,18.07,slope
35,59-1,17.93,slope
35,61,5.67,slope
35,62,5.47,slope
35,64,14.20,slope
35,66,13.40,slope
35,71,22.88,slope
35,71-1,21.13,slope
35,73,10.39,slope
35,74,11.21,slope
35,75,6.61,slope
35,75-1,7.11,slope
35,80,28.39,slope
35,81,22.33,slope
35,82,14.20,slope
35,83,14.06,slope
35,84,11.65,slope
35,85,23.69,slope
35,85-1,29.29,slope
35,86,27.50,slope
35,101,13.61,slope
35,103,10.94,slope
35,105-2,9.80,slope
35,129,4.75,slope
35,132,8.35,slope
35,135,4.09,slope
35,140,17.23,slope
35,140-1,17.23,slope
35,140-2,17.23,slope
35,142,5.74,slope
35,143,2.23,slope
35,152-1,20.48,slope
35,153,19.88,slope
35,200,5.34,slope
35,201,6.53,slope
35,203,6.80,slope
35,207,15.40,slope
35,220,15.69,slope
35,221,17.94,slope
35,222,16.51,slope
35,223,20.85,slope
35,300,14.18,slope
35,301,15.24,slope
35,302,19.10,slope
35,500,8.14,slope
35,900,14.16,slope
35,901,14.06,slope
35,902,13.29,slope
35,903,14.00,slope
35,904,13.71,slope
35,905,14.51,slope
35,906,14.71,slope
35,915,18.35,slope
35,916,19.33,slope
35,917,20.28,slope
35,918,16.87,slope
35,919,15.30,slope
35,921,17.67,slope
35,922,17.58,slope
35,923,18.25,slope
35,924,18.26,slope
35,925,17.46,slope
35,926,17.78,slope
35,931,22.36,slope
35,932,21.81,slope
35,933,22.33,slope
35,934,22.61,slope
35,935,23.46,slope
35,942,23.01,slope
35,946,18.03,slope
35,GATE,17.69,slope
36,1,9.19,slope
36,2,9.23,slope
36,3,10.39,slope
36,4,10.15,slope
36,5,9.11,slope
36,6,10.47,slope
36,7,9.70,slope
36,8,9.19,slope
36,9,9.86,slope
36,10,10.88,slope
36,10-1,11.58,slope
36,11,9.96,slope
36,12,9.19,slope
36,13,7.52,slope
36,14,11.86,slope
36,15,13.20,slope
36,15-1,13.75,slope
36,16,14.89,slope
36,16-1,14.22,slope
36,17,14.94,slope
36,18,3.52,slope
36,19,2.26,slope
36,20,5.78,slope
36,21,3.83,slope
36,22,4.12,slope
36,24,8.21,slope
36,25,7.17,slope
36,25-1,8.65,slope
36,26,7.77,slope
36,27,5.38,slope
36,28,4.78,slope
36,29,9.74,slope
36,30,1.86,slope
36,31,4.53,slope
36,32,3.30,slope
36,32-1,2.80,slope
36,33,1.73,slope
36,34,0.63,slope
36,35,1.14,slope
36,37,0.29,slope
36,38,0.60,slope
36,39,3.14,slope
36,40,2.93,slope
36,43,3.52,slope
36,43-1,2.03,slope
36,43-2,2.63,slope
36,44-1,0.43,slope
36,49,16.73,slope
36,50,14.52,slope
36,51,16.06,slope
36,52,16.22,slope
36,52-1,16.82,slope
36,52-2,17.35,slope
36,53,15.89,slope
36,54,14.75,slope
36,55,14.81,slope
36,56,3.37,slope
36,57,20.63,slope
36,57-1,19.48,slope
36,58,19.28,slope
36,59,19.91,slope
36,59-1,19.97,slope
36,61,7.82,slope
36,62,7.53,slope
36,64,16.23,slope
36,66,16.25,slope
36,71,24.88,slope
36,71-1,23.14,slope
36,73,12.42,slope
36,74,13.35,slope
36,75,3.90,slope
36,75-1,4.95,slope
36,80,30.40,slope
36,81,24.17,slope
36,82,16.35,slope
36,83,16.09,slope
36,84,13.67,slope
36,85,25.52,slope
36,85-1,31.02,slope
36,86,29.51,slope
36,101,15.65,slope
36,103,13.02,slope
36,105-2,8.54,slope
36,129,5.62,slope
36,132,9.78,slope
36,135,2.84,slope
36,140,19.09,slope
36,140-1,19.09,slope
36,140-2,19.09,slope
36,142,9.00,slope
36,143,6.05,slope
36,152-1,22.49,slope
36,153,21.90,slope
36,200,5.13,slope
36,201,5.17,slope
36,203,6.91,slope
36,207,17.44,slope
36,220,17.54,slope
36,221,19.79,slope
36,222,18.35,slope
36,223,22.76,slope
36,300,12.95,slope
36,301,13.99,slope
36,302,17.86,slope
36,500,8.25,slope
36,900,17.94,slope
36,901,17.84,slope
36,902,17.07,slope
36,903,17.78,slope
36,904,17.49,slope
36,905,18.29,slope
36,906,18.49,slope
36,915,22.13,slope
36,916,23.11,slope
36,917,24.06,slope
36,918,20.65,slope
36,919,19.12,slope
36,921,21.45,slope
36,922,21.36,slope
36,923,22.03,slope
36,924,22.04,slope
36,925,21.24,slope
36,926,21.56,slope
36,931,26.14,slope
36,932,25.59,slope
36,933,26.11,slope
36,934,26.39,slope
36,935,27.25,slope
36,942,26.85,slope
36,946,21.81,slope
36,GATE,19.72,slope
37,1,8.33,slope
37,2,8.40,slope
37,3,9.59,slope
37,4,9.34,slope
37,5,9.35,slope
37,6,10.71,slope
37,7,9.40,slope
37,8,9.42,slope
37,9,9.62,slope
37,10,11.31,slope
37,10-1,12.45,slope
37,11,10.42,slope
37,12,9.66,slope
37,13,7.98,slope
37,14,11.56,slope
37,15,12.03,slope
37,15-1,12.58,slope
37,16,13.72,slope
37,16-1,13.04,slope
37,17,13.76,slope
37,18,5.16,slope
37,19,3.88,slope
37,20,6.24,slope
37,21,4.86,slope
37,22,2.92,slope
37,24,7.00,slope
37,25,5.71,slope
37,25-1,7.32,slope
37,26,6.57,slope
37,27,4.02,slope
37,28,3.37,slope
37,29,11.39,slope
37,30,0.67,slope
37,31,1.86,slope
37,32,1.43,slope
37,32-1,1.00,slope
37,33,0.40,slope
37,34,0.89,slope
37,35,3.66,slope
37,36,0.35,slope
37,38,0.62,slope
37,39,3.10,slope
37,40,2.93,slope
37,43,3.44,slope
37,43-1,2.38,slope
37,43-2,2.62,slope
37,44-1,2.23,slope
37,49,16.50,slope
37,50,13.34,slope
37,51,14.89,slope
37,52,15.05,slope
37,52-1,15.65,slope
37,52-2,16.17,slope
37,53,15.66,slope
37,54,14.52,slope
37,55,13.82,slope
37,56,3.03,slope
37,57,19.45,slope
37,57-1,18.30,slope
37,58,18.10,slope
37,59,18.73,slope
37,59-1,18.80,slope
37,61,8.05,slope
37,62,6.38,slope
37,64,13.61,slope
37,66,17.94,slope
37,71,23.68,slope
37,71-1,21.94,slope
37,73,11.24,slope
37,74,12.17,slope
37,75,2.39,slope
37,75-1,3.15,slope
37,80,29.21,slope
37,81,22.99,slope
37,82,16.14,slope
37,83,14.91,slope
37,84,12.48,slope
37,85,24.34,slope
37,85-1,29.79,slope
37,86,28.32,slope
37,101,14.48,slope
37,103,11.89,slope
37,105-2,9.76,slope
37,129,3.95,slope
37,132,11.00,slope
37,135,4.05,slope
37,140,17.90,slope
37,140-1,17.90,slope
37,140-2,17.90,slope
37,142,10.63,slope
37,143,7.06,slope
37,152-1,21.30,slope
37,153,20.71,slope
37,200,3.33,slope
37,201,3.37,slope
37,203,5.11,slope
37,207,16.26,slope
37,220,16.36,slope
37,221,18.62,slope
37,222,17.18,slope
37,223,21.58,slope
37,300,14.15,slope
37,301,15.20,slope
37,302,19.06,slope
37,500,6.41,slope
37,900,18.69,slope
37,901,18.59,slope
37,902,17.82,slope
37,903,18.53,slope
37,904,18.24,slope
37,905,19.04,slope
37,906,19.24,slope
37,915,22.88,slope
37,916,23.86,slope
37,917,24.82,slope
37,918,20.70,slope
37,919,19.95,slope
37,921,22.21,slope
37,922,22.11,slope
37,923,22.78,slope
37,924,22.79,slope
37,925,21.99,slope
37,926,22.31,slope
37,931,26.89,slope
37,932,26.34,slope
37,933,26.86,slope
37,934,27.14,slope
37,935,28.00,slope
37,942,27.68,slope
37,946,22.56,slope
37,GATE,17.12,slope
38,1,9.74,slope
38,2,9.81,slope
38,3,11.00,slope
38,4,10.75,slope
38,5,10.76,slope
38,6,12.12,slope
38,7,10.82,slope
38,8,10.83,slope
38,9,11.03,slope
38,10,12.39,slope
38,10-1,12.68,slope
38,11,11.59,slope
38,12,10.30,slope
38,13,8.88,slope
38,14,12.97,slope
38,15,13.44,slope
38,15-1,13.99,slope
38,16,15.13,slope
38,16-1,14.45,slope
38,17,15.16,slope
38,18,4.96,slope
38,19,3.68,slope
38,20,7.42,slope
38,21,5.97,slope
38,22,4.33,slope
38,24,8.22,slope
38,25,6.81,slope
38,25-1,8.60,slope
38,26,7.98,slope
38,27,5.44,slope
38,28,5.00,slope
38,29,11.18,slope
38,30,2.09,slope
38,31,3.51,slope
38,32,2.46,slope
38,32-1,2.06,slope
38,33,1.81,slope
38,34,2.32,slope
38,35,3.27,slope
38,36,0.49,slope
38,37,0.49,slope
38,39,2.75,slope
38,40,2.82,slope
38,43,4.86,slope
38,43-1,3.75,slope
38,43-2,4.04,slope
38,44-1,2.03,slope
38,49,17.90,slope
38,50,14.75,slope
38,51,16.29,slope
38,52,16.46,slope
38,52-1,17.06,slope
38,52-2,17.58,slope
38,53,17.06,slope
38,54,15.92,slope
38,55,15.22,slope
38,56,4.44,slope
38,57,20.86,slope
38,57-1,19.71,slope
38,58,19.51,slope
38,59,20.14,slope
38,59-1,20.21,slope
38,61,9.46,slope
38,62,7.79,slope
38,64,14.50,slope
38,66,17.00,slope
38,71,25.08,slope
38,71-1,23.34,slope
38,73,12.65,slope
38,74,13.58,slope
38,75,2.38,slope
38,75-1,4.02,slope
38,80,29.82,slope
38,81,24.40,slope
38,82,17.54,slope
38,83,16.31,slope
38,84,13.89,slope
38,85,25.75,slope
38,85-1,30.54,slope
38,86,28.92,slope
38,101,15.77,slope
38,103,12.84,slope
38,105-2,9.55,slope
38,129,4.84,slope
38,132,10.80,slope
38,135,3.84,slope
38,140,19.31,slope
38,140-1,19.31,slope
38,140-2,19.31,slope
38,142,10.45,slope
38,143,7.13,slope
38,152-1,22.70,slope
38,153,22.11,slope
38,200,4.21,slope
38,201,4.24,slope
38,203,6.00,slope
38,207,17.67,slope
38,220,17.77,slope
38,221,20.03,slope
38,222,18.59,slope
38,223,22.99,slope
38,300,13.97,slope
38,301,15.02,slope
38,302,18.88,slope
38,500,7.34,slope
38,900,19.12,slope
38,901,19.02,slope
38,902,18.25,slope
38,903,18.96,slope
38,904,18.67,slope
38,905,19.47,slope
38,906,19.67,slope
38,915,23.31,slope
38,916,24.29,slope
38,917,25.24,slope
38,918,21.83,slope
38,919,20.22,slope
38,921,22.63,slope
38,922,22.54,slope
38,923,23.21,slope
38,924,23.22,slope
38,925,22.42,slope
38,926,22.74,slope
38,931,27.32,slope
38,932,26.77,slope
38,933,27.29,slope
38,934,27.57,slope
38,935,28.43,slope
38,942,27.93,slope
38,946,22.99,slope
38,GATE,18.01,slope
39,1,11.74,slope
39,2,11.76,slope
39,3,12.90,slope
39,4,12.66,slope
39,5,11.63,slope
39,6,12.98,slope
39,7,12.33,slope
39,8,11.70,slope
39,9,12.34,slope
39,10,12.78,slope
39,10-1,13.09,slope
39,11,11.99,slope
39,12,10.69,slope
39,13,9.31,slope
39,14,13.56,slope
39,15,15.74,slope
39,15-1,16.28,slope
39,16,17.41,slope
39,16-1,16.73,slope
39,17,17.51,slope
39,18,5.64,slope
39,19,4.36,slope
39,20,8.07,slope
39,21,6.55,slope
39,22,6.17,slope
39,24,10.25,slope
39,25,9.22,slope
39,25-1,10.68,slope
39,26,9.82,slope
39,27,7.43,slope
39,28,6.84,slope
39,29,12.30,slope
39,30,3.97,slope
39,31,6.05,slope
39,32,5.00,slope
39,32-1,4.53,slope
39,33,3.80,slope
39,34,3.30,slope
39,35,3.77,slope
39,36,2.21,slope
39,37,2.19,slope
39,38,2.11,slope
39,40,0.21,slope
39,43,6.23,slope
39,43-1,4.57,slope
39,43-2,5.18,slope
39,44-1,1.31,slope
39,49,19.41,slope
39,50,17.10,slope
39,51,18.66,slope
39,52,18.82,slope
39,52-1,19.42,slope
39,52-2,19.94,slope
39,53,18.53,slope
39,54,17.39,slope
39,55,17.42,slope
39,56,5.88,slope
39,57,23.25,slope
39,57-1,22.09,slope
39,58,21.84,slope
39,59,22.54,slope
39,59-1,22.52,slope
39,61,10.32,slope
39,62,10.10,slope
39,64,17.06,slope
39,66,14.07,slope
39,71,27.44,slope
39,71-1,25.69,slope
39,73,14.94,slope
39,74,15.98,slope
39,75,5.59,slope
39,75-1,6.76,slope
39,80,33.03,slope
39,81,26.77,slope
39,82,19.16,slope
39,83,18.66,slope
39,84,16.23,slope
39,85,28.14,slope
39,85-1,33.64,slope
39,86,32.13,slope
39,101,18.17,slope
39,103,15.53,slope
39,105-2,6.65,slope
39,129,7.46,slope
39,132,7.89,slope
39,135,0.54,slope
39,140,21.73,slope
39,140-1,21.73,slope
39,140-2,21.73,slope
39,142,11.43,slope
39,143,7.65,slope
39,152-1,25.05,slope
39,153,24.45,slope
39,200,6.84,slope
39,201,6.91,slope
39,203,8.59,slope
39,207,20.03,slope
39,220,20.16,slope
39,221,22.42,slope
39,222,20.98,slope
39,223,25.39,slope
39,300,11.03,slope
39,301,12.06,slope
39,302,15.93,slope
39,500,9.89,slope
39,900,17.62,slope
39,901,17.52,slope
39,902,16.75,slope
39,903,17.46,slope
39,904,17.17,slope
39,905,17.97,slope
39,906,18.17,slope
39,915,21.81,slope
39,916,22.79,slope
39,917,23.74,slope
39,918,20.33,slope
39,919,20.69,slope
39,921,21.13,slope
39,922,21.04,slope
39,923,21.71,slope
39,924,21.72,slope
39,925,20.92,slope
39,926,21.24,slope
39,931,25.82,slope
39,932,25.27,slope
39,933,25.79,slope
39,934,26.07,slope
39,935,26.93,slope
39,942,28.39,slope
39,946,21.49,slope
39,GATE,20.56,slope
40,1,11.22,slope
40,2,11.30,slope
40,3,12.49,slope
40,4,12.24,slope
40,5,11.86,slope
40,6,13.23,slope
40,7,11.92,slope
40,8,11.94,slope
40,9,11.93,slope
40,10,13.08,slope
40,10-1,13.36,slope
40,11,12.27,slope
40,12,11.00,slope
40,13,9.56,slope
40,14,14.06,slope
40,15,15.14,slope
40,15-1,15.69,slope
40,16,16.83,slope
40,16-1,16.15,slope
40,17,16.86,slope
40,18,5.57,slope
40,19,4.31,slope
40,20,8.08,slope
40,21,6.59,slope
40,22,6.03,slope
40,24,10.11,slope
40,25,9.09,slope
40,25-1,10.55,slope
40,26,9.68,slope
40,27,7.29,slope
40,28,6.69,slope
40,29,11.23,slope
40,30,3.80,slope
40,31,5.83,slope
40,32,4.81,slope
40,32-1,4.35,slope
40,33,3.65,slope
40,34,3.07,slope
40,35,3.92,slope
40,36,2.13,slope
40,37,2.12,slope
40,38,2.06,slope
40,39,0.17,slope
40,43,5.96,slope
40,43-1,4.48,slope
40,43-2,5.34,slope
40,44-1,2.66,slope
40,49,19.38,slope
40,50,16.45,slope
40,51,18.00,slope
40,52,18.16,slope
40,52-1,18.76,slope
40,52-2,19.29,slope
40,53,18.54,slope
40,54,17.40,slope
40,55,16.83,slope
40,56,5.74,slope
40,57,22.57,slope
40,57-1,21.42,slope
40,58,21.21,slope
40,59,21.85,slope
40,59-1,21.91,slope
40,61,10.57,slope
40,62,9.49,slope
40,64,16.96,slope
40,66,12.55,slope
40,71,26.78,slope
40,71-1,25.04,slope
40,73,14.34,slope
40,74,15.28,slope
40,75,5.51,slope
40,75-1,6.50,slope
40,80,32.32,slope
40,81,26.11,slope
40,82,19.00,slope
40,83,18.01,slope
40,84,15.58,slope
40,85,27.46,slope
40,85-1,32.86,slope
40,86,31.42,slope
40,101,17.59,slope
40,103,15.01,slope
40,105-2,5.79,slope
40,129,7.30,slope
40,132,7.13,slope
40,135,0.84,slope
40,140,21.01,slope
40,140-1,21.01,slope
40,140-2,21.01,slope
40,142,10.96,slope
40,143,7.77,slope
40,152-1,24.40,slope
40,153,23.81,slope
40,200,6.68,slope
40,201,6.72,slope
40,203,8.46,slope
40,207,19.38,slope
40,220,19.48,slope
40,221,21.74,slope
40,222,20.29,slope
40,223,24.69,slope
40,300,9.80,slope
40,301,10.94,slope
40,302,14.77,slope
40,500,9.78,slope
40,900,20.70,slope
40,901,20.59,slope
40,902,19.83,slope
40,903,20.54,slope
40,904,20.25,slope
40,905,21.05,slope
40,906,21.25,slope
40,915,24.88,slope
40,916,25.86,slope
40,917,26.82,slope
40,918,23.23,slope
40,919,20.87,slope
40,921,24.21,slope
40,922,24.12,slope
40,923,24.79,slope
40,924,24.80,slope
40,925,24.00,slope
40,926,24.32,slope
40,931,28.89,slope
40,932,28.35,slope
40,933,28.86,slope
40,934,29.14,slope
40,935,30.00,slope
40,942,28.59,slope
40,946,24.56,slope
40,GATE,20.47,slope
43,1,6.15,slope
43,2,6.19,slope
43,3,7.35,slope
43,4,7.10,slope
43,5,6.07,slope
43,6,7.43,slope
43,7,6.21,slope
43,8,6.15,slope
43,9,6.42,slope
43,10,7.58,slope
43,10-1,8.58,slope
43,11,6.57,slope
43,12,5.79,slope
43,13,4.12,slope
43,14,8.37,slope
43,15,10.16,slope
43,15-1,10.71,slope
43,16,11.85,slope
43,16-1,11.17,slope
43,17,11.90,slope
43,18,2.43,slope
43,19,3.20,slope
43,20,2.37,slope
43,21,0.72,slope
43,22,1.95,slope
43,24,5.68,slope
43,25,5.22,slope
43,25-1,6.12,slope
43,26,5.24,slope
43,27,3.22,slope
43,28,2.62,slope
43,29,7.78,slope
43,30,2.00,slope
43,31,2.76,slope
43,32,6.77,slope
43,32-1,5.26,slope
43,33,3.38,slope
43,34,2.91,slope
43,35,1.22,slope
43,36,3.49,slope
43,37,3.30,slope
43,38,5.18,slope
43,39,6.54,slope
43,40,6.86,slope
43,43-1,0.94,slope
43,43-2,0.51,slope
43,44-1,3.69,slope
43,49,13.68,slope
43,50,11.48,slope
43,51,13.02,slope
43,52,13.17,slope
43,52-1,13.78,slope
43,52-2,14.30,slope
43,53,12.85,slope
43,54,11.71,slope
43,55,11.77,slope
43,56,0.53,slope
43,57,17.58,slope
43,57-1,16.43,slope
43,58,16.24,slope
43,59,16.86,slope
43,59-1,16.92,slope
43,61,4.78,slope
43,62,4.48,slope
43,64,13.18,slope
43,66,14.62,slope
43,71,21.84,slope
43,71-1,20.10,slope
43,73,9.38,slope
43,74,10.31,slope
43,75,6.24,slope
43,75-1,5.82,slope
43,80,27.37,slope
43,81,21.13,slope
43,82,13.31,slope
43,83,13.05,slope
43,84,10.63,slope
43,85,22.48,slope
43,85-1,28.01,slope
43,86,26.48,slope
43,101,12.61,slope
43,103,9.98,slope
43,105-2,11.92,slope
43,129,3.46,slope
43,132,9.50,slope
43,135,6.33,slope
43,140,16.05,slope
43,140-1,16.05,slope
43,140-2,16.05,slope
43,142,6.99,slope
43,143,3.37,slope
43,152-1,19.45,slope
43,153,18.86,slope
43,200,4.05,slope
43,201,5.24,slope
43,203,5.51,slope
43,207,14.40,slope
43,220,14.49,slope
43,221,16.74,slope
43,222,15.31,slope
43,223,19.72,slope
43,300,16.44,slope
43,301,17.52,slope
43,302,21.37,slope
43,500,6.84,slope
43,900,14.59,slope
43,901,14.48,slope
43,902,13.71,slope
43,903,14.43,slope
43,904,14.14,slope
43,905,14.94,slope
43,906,15.14,slope
43,915,18.77,slope
43,916,19.75,slope
43,917,20.71,slope
43,918,16.60,slope
43,919,16.07,slope
43,921,18.10,slope
43,922,18.00,slope
43,923,18.67,slope
43,924,18.68,slope
43,925,17.89,slope
43,926,18.21,slope
43,931,22.78,slope
43,932,22.24,slope
43,933,22.75,slope
43,934,23.03,slope
43,935,23.89,slope
43,942,23.79,slope
43,946,18.45,slope
43,GATE,16.68,slope
43-1,1,6.76,slope
43-1,2,7.07,slope
43-1,3,8.22,slope
43-1,4,7.99,slope
43-1,5,6.95,slope
43-1,6,8.31,slope
43-1,7,7.02,slope
43-1,8,7.03,slope
43-1,9,7.22,slope
43-1,10,8.83,slope
43-1,10-1,9.56,slope
43-1,11,7.91,slope
43-1,12,6.89,slope
43-1,13,5.46,slope
43-1,14,9.16,slope
43-1,15,10.65,slope
43-1,15-1,11.20,slope
43-1,16,12.34,slope
43-1,16-1,11.67,slope
43-1,17,12.38,slope
43-1,18,2.98,slope
43-1,19,3.40,slope
43-1,20,3.71,slope
43-1,21,1.78,slope
43-1,22,1.54,slope
43-1,24,5.63,slope
43-1,25,4.61,slope
43-1,25-1,6.07,slope
43-1,26,5.19,slope
43-1,27,2.80,slope
43-1,28,2.20,slope
43-1,29,8.28,slope
43-1,30,1.14,slope
43-1,31,2.34,slope
43-1,32,6.32,slope
43-1,32-1,4.87,slope
43-1,33,2.42,slope
43-1,34,1.05,slope
43-1,35,1.75,slope
43-1,36,2.40,slope
43-1,37,2.35,slope
43-1,38,4.30,slope
43-1,39,5.56,slope
43-1,40,5.55,slope
43-1,43,1.06,slope
43-1,43-2,0.46,slope
43-1,44-1,2.84,slope
43-1,49,14.56,slope
43-1,50,11.96,slope
43-1,51,13.51,slope
43-1,52,13.66,slope
43-1,52-1,14.27,slope
43-1,52-2,14.79,slope
43-1,53,13.73,slope
43-1,54,12.59,slope
43-1,55,12.37,slope
43-1,56,1.22,slope
43-1,57,18.07,slope
43-1,57-1,16.92,slope
43-1,58,16.73,slope
43-1,59,17.35,slope
43-1,59-1,17.42,slope
43-1,61,5.66,slope
43-1,62,5.00,slope
43-1,64,13.67,slope
43-1,66,15.18,slope
43-1,71,22.31,slope
43-1,71-1,20.56,slope
43-1,73,9.86,slope
43-1,74,10.79,slope
43-1,75,5.81,slope
43-1,75-1,5.40,slope
43-1,80,27.84,slope
43-1,81,21.61,slope
43-1,82,14.19,slope
43-1,83,13.53,slope
43-1,84,11.11,slope
43-1,85,22.97,slope
43-1,85-1,28.43,slope
43-1,86,26.94,slope
43-1,101,13.10,slope
43-1,103,10.51,slope
43-1,105-2,10.95,slope
43-1,129,3.04,slope
43-1,132,10.09,slope
43-1,135,5.25,slope
43-1,140,16.52,slope
43-1,140-1,16.52,slope
43-1,140-2,16.52,slope
43-1,142,7.47,slope
43-1,143,3.97,slope
43-1,152-1,19.92,slope
43-1,153,19.33,slope
43-1,200,3.63,slope
43-1,201,4.81,slope
43-1,203,5.08,slope
43-1,207,14.88,slope
43-1,220,14.98,slope
43-1,221,17.24,slope
43-1,222,15.80,slope
43-1,223,20.20,slope
43-1,300,15.32,slope
43-1,301,16.39,slope
43-1,302,20.24,slope
43-1,500,6.40,slope
43-1,900,16.13,slope
43-1,901,16.03,slope
43-1,902,15.26,slope
43-1,903,15.97,slope
43-1,904,15.68,slope
43-1,905,16.48,slope
43-1,906,16.68,slope
43-1,915,20.32,slope
43-1,916,21.30,slope
43-1,917,22.26,slope
43-1,918,18.84,slope
43-1,919,17.10,slope
43-1,921,19.65,slope
43-1,922,19.55,slope
43-1,923,20.22,slope
43-1,924,20.23,slope
43-1,925,19.43,slope
43-1,926,19.75,slope
43-1,931,24.33,slope
43-1,932,23.79,slope
43-1,933,24.30,slope
43-1,934,24.58,slope
43-1,935,25.44,slope
43-1,942,24.84,slope
43-1,946,20.00,slope
43-1,GATE,17.17,slope
43-2,1,6.37,slope
43-2,2,6.43,slope
43-2,3,7.63,slope
43-2,4,7.37,slope
43-2,5,6.58,slope
43-2,6,7.94,slope
43-2,7,6.64,slope
43-2,8,6.65,slope
43-2,9,6.85,slope
43-2,10,8.53,slope
43-2,10-1,9.67,slope
43-2,11,7.66,slope
43-2,12,6.89,slope
43-2,13,5.22,slope
43-2,14,8.79,slope
43-2,15,10.32,slope
43-2,15-1,10.86,slope
43-2,16,12.00,slope
43-2,16-1,11.32,slope
43-2,17,12.07,slope
43-2,18,3.03,slope
43-2,19,4.05,slope
43-2,20,3.48,slope
43-2,21,1.85,slope
43-2,22,1.16,slope
43-2,24,5.27,slope
43-2,25,4.25,slope
43-2,25-1,5.72,slope
43-2,26,4.84,slope
43-2,27,2.42,slope
43-2,28,1.83,slope
43-2,29,8.28,slope
43-2,30,1.26,slope
43-2,31,2.05,slope
43-2,32,6.07,slope
43-2,32-1,4.51,slope
43-2,33,2.75,slope
43-2,34,2.32,slope
43-2,35,1.79,slope
43-2,36,3.09,slope
43-2,37,2.66,slope
43-2,38,4.55,slope
43-2,39,6.23,slope
43-2,40,6.44,slope
43-2,43,0.67,slope
43-2,43-1,0.51,slope
43-2,44-1,3.54,slope
43-2,49,14.62,slope
43-2,50,11.66,slope
43-2,51,13.21,slope
43-2,52,13.37,slope
43-2,52-1,13.97,slope
43-2,52-2,14.49,slope
43-2,53,13.77,slope
43-2,54,12.64,slope
43-2,55,12.02,slope
43-2,56,0.89,slope
43-2,57,17.79,slope
43-2,57-1,16.63,slope
43-2,58,16.41,slope
43-2,59,17.07,slope
43-2,59-1,17.10,slope
43-2,61,5.28,slope
43-2,62,4.66,slope
43-2,64,13.32,slope
43-2,66,15.16,slope
43-2,71,22.00,slope
43-2,71-1,20.25,slope
43-2,73,9.52,slope
43-2,74,10.51,slope
43-2,75,5.46,slope
43-2,75-1,5.01,slope
43-2,80,27.56,slope
43-2,81,21.32,slope
43-2,82,14.32,slope
43-2,83,13.22,slope
43-2,84,10.79,slope
43-2,85,22.68,slope
43-2,85-1,28.17,slope
43-2,86,26.66,slope
43-2,101,12.76,slope
43-2,103,10.16,slope
43-2,105-2,11.65,slope
43-2,129,2.65,slope
43-2,132,10.14,slope
43-2,135,5.94,slope
43-2,140,16.25,slope
43-2,140-1,16.25,slope
43-2,140-2,16.25,slope
43-2,142,7.46,slope
43-2,143,4.03,slope
43-2,152-1,19.61,slope
43-2,153,19.02,slope
43-2,200,3.23,slope
43-2,201,4.43,slope
43-2,203,4.68,slope
43-2,207,14.58,slope
43-2,220,14.70,slope
43-2,221,16.95,slope
43-2,222,15.51,slope
43-2,223,19.92,slope
43-2,300,16.05,slope
43-2,301,17.11,slope
43-2,302,20.97,slope
43-2,500,5.98,slope
43-2,900,15.83,slope
43-2,901,15.73,slope
43-2,902,14.96,slope
43-2,903,15.67,slope
43-2,904,15.38,slope
43-2,905,16.18,slope
43-2,906,16.38,slope
43-2,915,20.02,slope
43-2,916,21.00,slope
43-2,917,21.95,slope
43-2,918,17.84,slope
43-2,919,17.16,slope
43-2,921,19.34,slope
43-2,922,19.25,slope
43-2,923,19.92,slope
43-2,924,19.93,slope
43-2,925,19.13,slope
43-2,926,19.45,slope
43-2,931,24.03,slope
43-2,932,23.48,slope
43-2,933,24.00,slope
43-2,934,24.27,slope
43-2,935,25.13,slope
43-2,942,24.90,slope
43-2,946,19.70,slope
43-2,GATE,16.81,slope
44-1,1,9.72,slope
44-1,2,9.90,slope
44-1,3,11.10,slope
44-1,4,10.82,slope
44-1,5,9.78,slope
44-1,6,11.14,slope
44-1,7,9.62,slope
44-1,8,9.85,slope
44-1,9,9.58,slope
44-1,10,10.35,slope
44-1,10-1,10.64,slope
44-1,11,9.55,slope
44-1,12,8.27,slope
44-1,13,6.85,slope
44-1,14,11.19,slope
44-1,15,13.63,slope
44-1,15-1,14.19,slope
44-1,16,15.33,slope
44-1,16-1,14.66,slope
44-1,17,15.37,slope
44-1,18,2.93,slope
44-1,19,1.66,slope
44-1,20,5.04,slope
44-1,21,3.62,slope
44-1,22,4.33,slope
44-1,24,8.44,slope
44-1,25,7.40,slope
44-1,25-1,8.88,slope
44-1,26,8.00,slope
44-1,27,5.60,slope
44-1,28,5.00,slope
44-1,29,9.15,slope
44-1,30,3.41,slope
44-1,31,5.13,slope
44-1,32,4.28,slope
44-1,32-1,3.82,slope
44-1,33,3.03,slope
44-1,34,0.87,slope
44-1,35,1.42,slope
44-1,36,0.30,slope
44-1,37,1.57,slope
44-1,38,1.53,slope
44-1,39,0.92,slope
44-1,40,2.77,slope
44-1,43,3.38,slope
44-1,43-1,2.25,slope
44-1,43-2,2.85,slope
44-1,49,17.39,slope
44-1,50,14.94,slope
44-1,51,16.48,slope
44-1,52,16.63,slope
44-1,52-1,17.25,slope
44-1,52-2,17.77,slope
44-1,53,16.56,slope
44-1,54,15.42,slope
44-1,55,15.50,slope
44-1,56,3.60,slope
44-1,57,21.36,slope
44-1,57-1,20.21,slope
44-1,58,19.71,slope
44-1,59,20.64,slope
44-1,59-1,20.40,slope
44-1,61,8.48,slope
44-1,62,8.13,slope
44-1,64,16.86,slope
44-1,66,15.65,slope
44-1,71,25.32,slope
44-1,71-1,23.58,slope
44-1,73,13.05,slope
44-1,74,13.90,slope
44-1,75,4.92,slope
44-1,75-1,5.98,slope
44-1,80,30.83,slope
44-1,81,24.91,slope
44-1,82,17.01,slope
44-1,83,16.52,slope
44-1,84,14.10,slope
44-1,85,26.27,slope
44-1,85-1,31.83,slope
44-1,86,29.94,slope
44-1,101,16.09,slope
44-1,103,13.44,slope
44-1,105-2,8.12,slope
44-1,129,5.84,slope
44-1,132,9.33,slope
44-1,135,1.58,slope
44-1,140,19.79,slope
44-1,140-1,19.79,slope
44-1,140-2,19.79,slope
44-1,142,8.43,slope
44-1,143,5.10,slope
44-1,152-1,22.93,slope
44-1,153,22.33,slope
44-1,200,6.15,slope
44-1,201,6.19,slope
44-1,203,7.60,slope
44-1,207,17.86,slope
44-1,220,18.27,slope
44-1,221,20.52,slope
44-1,222,19.09,slope
44-1,223,23.50,slope
44-1,300,12.61,slope
44-1,301,13.63,slope
44-1,302,17.50,slope
44-1,500,8.92,slope
44-1,900,17.00,slope
44-1,901,16.89,slope
44-1,902,16.13,slope
44-1,903,16.84,slope
44-1,904,16.55,slope
44-1,905,17.35,slope
44-1,906,17.55,slope
44-1,915,21.18,slope
44-1,916,22.16,slope
44-1,917,23.12,slope
44-1,918,19.71,slope
44-1,919,18.17,slope
44-1,921,20.51,slope
44-1,922,20.42,slope
44-1,923,21.09,slope
44-1,924,21.10,slope
44-1,925,20.30,slope
44-1,926,20.62,slope
44-1,931,25.19,slope
44-1,932,24.65,slope
44-1,933,25.16,slope
44-1,934,25.44,slope
44-1,935,26.30,slope
44-1,942,25.88,slope
44-1,946,20.86,slope
44-1,GATE,20.36,slope
49,1,6.97,slope
49,2,6.07,slope
49,3,4.91,slope
49,4,5.00,slope
49,5,5.57,slope
49,6,6.22,slope
49,7,6.81,slope
49,8,7.59,slope
49,9,7.96,slope
49,10,8.39,slope
49,10-1,9.27,slope
49,11,9.28,slope
49,12,9.60,slope
49,13,10.00,slope
49,14,7.11,slope
49,15,4.09,slope
49,15-1,6.21,slope
49,16,5.32,slope
49,16-1,5.17,slope
49,17,4.01,slope
49,18,16.29,slope
49,19,17.04,slope
49,20,11.10,slope
49,21,14.41,slope
49,22,12.06,slope
49,24,8.50,slope
49,25,9.75,slope
49,25-1,10.17,slope
49,26,10.29,slope
49,27,12.78,slope
49,28,13.62,slope
49,29,22.85,slope
49,30,15.26,slope
49,31,14.70,slope
49,32,17.69,slope
49,32-1,17.25,slope
49,33,16.82,slope
49,34,16.40,slope
49,35,15.10,slope
49,36,17.30,slope
49,37,16.74,slope
49,38,18.64,slope
49,39,20.31,slope
49,40,20.79,slope
49,43,13.93,slope
49,43-1,14.73,slope
49,43-2,14.46,slope
49,44-1,18.04,slope
49,50,2.70,slope
49,51,2.49,slope
49,52,1.27,slope
49,52-1,1.27,slope
49,52-2,2.22,slope
49,53,0.60,slope
49,54,1.04,slope
49,55,2.05,slope
49,56,12.88,slope
49,57,4.43,slope
49,57-1,3.28,slope
49,58,5.12,slope
49,59,3.71,slope
49,59-1,4.47,slope
49,61,7.54,slope
49,62,8.69,slope
49,64,10.56,slope
49,66,25.98,slope
49,71,10.29,slope
49,71-1,9.93,slope
49,73,6.16,slope
49,74,2.14,slope
49,75,17.23,slope
49,75-1,16.80,slope
49,80,16.66,slope
49,81,8.02,slope
49,82,2.00,slope
49,83,3.90,slope
49,84,3.52,slope
49,85,9.40,slope
49,85-1,17.56,slope
49,86,15.74,slope
49,101,7.89,slope
49,103,6.80,slope
49,105-2,27.04,slope
49,129,14.92,slope
49,132,24.58,slope
49,135,20.13,slope
49,140,1.01,slope
49,140-1,1.01,slope
49,140-2,1.01,slope
49,142,22.10,slope
49,143,13.28,slope
49,152-1,9.96,slope
49,153,9.44,slope
49,200,12.38,slope
49,201,16.23,slope
49,203,12.46,slope
49,207,2.20,slope
49,220,1.35,slope
49,221,3.58,slope
49,222,2.15,slope
49,223,6.55,slope
49,300,30.23,slope
49,301,31.36,slope
49,302,35.20,slope
49,500,13.06,slope
49,900,10.61,slope
49,901,10.51,slope
49,902,9.74,slope
49,903,10.45,slope
49,904,10.16,slope
49,905,10.96,slope
49,906,11.16,slope
49,915,14.80,slope
49,916,15.78,slope
49,917,16.73,slope
49,918,12.62,slope
49,919,12.93,slope
49,921,14.12,slope
49,922,14.03,slope
49,923,14.70,slope
49,924,14.71,slope
49,925,13.91,slope
49,926,14.23,slope
49,931,18.81,slope
49,932,18.26,slope
49,933,18.78,slope
49,934,19.06,slope
49,935,19.92,slope
49,942,20.64,slope
49,946,14.48,slope
49,GATE,11.19,slope
50,1,4.54,slope
50,2,4.60,slope
50,3,5.18,slope
50,4,5.28,slope
50,5,5.85,slope
50,6,6.51,slope
50,7,7.11,slope
50,8,6.75,slope
50,9,8.26,slope
50,10,8.69,slope
50,10-1,9.56,slope
50,11,9.58,slope
50,12,8.76,slope
50,13,9.16,slope
50,14,7.41,slope
50,15,0.93,slope
50,15-1,3.08,slope
50,16,2.17,slope
50,16-1,2.03,slope
50,17,0.85,slope
50,18,15.17,slope
50,19,15.91,slope
50,20,9.98,slope
50,21,13.26,slope
50,22,9.77,slope
50,24,6.48,slope
50,25,7.72,slope
50,25-1,8.14,slope
50,26,8.27,slope
50,27,9.82,slope
50,28,10.83,slope
50,29,21.64,slope
50,30,12.94,slope
50,31,12.40,slope
50,32,14.89,slope
50,32-1,14.63,slope
50,33,14.52,slope
50,34,14.10,slope
50,35,13.88,slope
50,36,15.93,slope
50,37,14.44,slope
50,38,16.34,slope
50,39,18.95,slope
50,40,18.73,slope
50,43,12.56,slope
50,43-1,13.02,slope
50,43-2,12.41,slope
50,44-1,16.58,slope
50,49,3.72,slope
50,51,0.90,slope
50,52,1.38,slope
50,52-1,1.96,slope
50,52-2,2.12,slope
50,53,2.18,slope
50,54,1.06,slope
50,55,0.75,slope
50,56,10.69,slope
50,57,5.62,slope
50,57-1,4.47,slope
50,58,4.05,slope
50,59,4.88,slope
50,59-1,5.12,slope
50,61,6.69,slope
50,62,6.67,slope
50,64,7.41,slope
50,66,25.79,slope
50,71,9.62,slope
50,71-1,7.87,slope
50,73,3.02,slope
50,74,1.80,slope
50,75,14.38,slope
50,75-1,13.95,slope
50,80,15.16,slope
50,81,9.54,slope
50,82,4.82,slope
50,83,0.92,slope
50,84,0.65,slope
50,85,10.89,slope
50,85-1,15.70,slope
50,86,14.28,slope
50,101,4.74,slope
50,103,3.67,slope
50,105-2,25.96,slope
50,129,12.00,slope
50,132,23.37,slope
50,135,18.76,slope
50,140,4.50,slope
50,140-1,4.50,slope
50,140-2,4.50,slope
50,142,20.90,slope
50,143,12.17,slope
50,152-1,7.23,slope
50,153,6.64,slope
50,200,10.35,slope
50,201,13.38,slope
50,203,10.44,slope
50,207,2.21,slope
50,220,2.88,slope
50,221,5.14,slope
50,222,3.32,slope
50,223,8.13,slope
50,300,28.88,slope
50,301,30.00,slope
50,302,33.85,slope
50,500,11.04,slope
50,900,13.19,slope
50,901,13.08,slope
50,902,12.31,slope
50,903,13.02,slope
50,904,12.74,slope
50,905,13.53,slope
50,906,13.73,slope
50,915,17.37,slope
50,916,18.35,slope
50,917,19.31,slope
50,918,15.20,slope
50,919,14.08,slope
50,921,16.70,slope
50,922,16.60,slope
50,923,17.27,slope
50,924,17.28,slope
50,925,16.49,slope
50,926,16.80,slope
50,931,21.38,slope
50,932,20.84,slope
50,933,21.35,slope
50,934,21.63,slope
50,935,22.49,slope
50,942,21.93,slope
50,946,17.05,slope
50,GATE,7.71,slope
51,1,6.09,slope
51,2,6.15,slope
51,3,6.61,slope
51,4,6.71,slope
51,5,7.28,slope
51,6,7.94,slope
51,7,8.53,slope
51,8,9.03,slope
51,9,9.68,slope
51,10,10.12,slope
51,10-1,10.99,slope
51,11,11.01,slope
51,12,10.31,slope
51,13,10.71,slope
51,14,8.85,slope
51,15,2.31,slope
51,15-1,4.35,slope
51,16,2.32,slope
51,16-1,3.35,slope
51,17,1.89,slope
51,18,16.72,slope
51,19,17.46,slope
51,20,11.53,slope
51,21,14.79,slope
51,22,11.33,slope
51,24,8.02,slope
51,25,9.27,slope
51,25-1,9.69,slope
51,26,9.82,slope
51,27,11.38,slope
51,28,12.38,slope
51,29,23.17,slope
51,30,14.49,slope
51,31,13.95,slope
51,32,16.44,slope
51,32-1,16.19,slope
51,33,16.07,slope
51,34,15.65,slope
51,35,15.44,slope
51,36,17.48,slope
51,37,15.99,slope
51,38,17.89,slope
51,39,20.50,slope
51,40,20.28,slope
51,43,14.11,slope
51,43-1,14.57,slope
51,43-2,13.96,slope
51,44-1,18.13,slope
51,49,3.49,slope
51,50,0.72,slope
51,52,0.44,slope
51,52-1,0.41,slope
51,52-2,0.70,slope
51,53,1.92,slope
51,54,1.62,slope
51,55,2.14,slope
51,56,12.24,slope
51,57,4.04,slope
51,57-1,2.89,slope
51,58,3.64,slope
51,59,3.32,slope
51,59-1,4.06,slope
51,61,8.24,slope
51,62,8.22,slope
51,64,8.63,slope
51,66,27.04,slope
51,71,9.73,slope
51,71-1,7.44,slope
51,73,4.34,slope
51,74,3.38,slope
51,75,15.93,slope
51,75-1,15.51,slope
51,80,15.02,slope
51,81,9.22,slope
51,82,6.80,slope
51,83,0.80,slope
51,84,2.36,slope
51,85,10.60,slope
51,85-1,16.11,slope
51,86,13.87,slope
51,101,4.98,slope
51,103,4.99,slope
51,105-2,27.49,slope
51,129,13.56,slope
51,132,24.91,slope
51,135,20.31,slope
51,140,3.91,slope
51,140-1,3.91,slope
51,140-2,3.91,slope
51,142,22.40,slope
51,143,13.71,slope
51,152-1,6.81,slope
51,153,6.23,slope
51,200,11.90,slope
51,201,14.93,slope
51,203,11.99,slope
51,207,0.79,slope
51,220,1.88,slope
51,221,4.24,slope
51,222,1.77,slope
51,223,7.23,slope
51,300,30.42,slope
51,301,31.55,slope
51,302,35.40,slope
51,500,12.60,slope
51,900,13.33,slope
51,901,13.22,slope
51,902,12.45,slope
51,903,13.17,slope
51,904,12.88,slope
51,905,13.68,slope
51,906,13.88,slope
51,915,17.51,slope
51,916,18.49,slope
51,917,19.45,slope
51,918,15.34,slope
51,919,15.31,slope
51,921,16.84,slope
51,922,16.74,slope
51,923,17.41,slope
51,924,17.42,slope
51,925,16.63,slope
51,926,16.95,slope
51,931,21.52,slope
51,932,20.98,slope
51,933,21.49,slope
51,934,21.77,slope
51,935,22.63,slope
51,942,23.07,slope
51,946,17.19,slope
51,GATE,7.67,slope
52,1,5.87,slope
52,2,5.93,slope
52,3,6.18,slope
52,4,6.27,slope
52,5,6.84,slope
52,6,7.50,slope
52,7,8.09,slope
52,8,8.79,slope
52,9,9.24,slope
52,10,9.67,slope
52,10-1,10.56,slope
52,11,10.56,slope
52,12,10.06,slope
52,13,10.46,slope
52,14,8.40,slope
52,15,2.62,slope
52,15-1,4.69,slope
52,16,3.14,slope
52,16-1,3.72,slope
52,17,2.55,slope
52,18,16.47,slope
52,19,17.21,slope
52,20,11.29,slope
52,21,14.47,slope
52,22,11.10,slope
52,24,7.82,slope
52,25,9.06,slope
52,25-1,9.48,slope
52,26,9.61,slope
52,27,11.15,slope
52,28,12.16,slope
52,29,22.84,slope
52,30,14.24,slope
52,31,13.71,slope
52,32,16.20,slope
52,32-1,15.95,slope
52,33,15.83,slope
52,34,15.41,slope
52,35,15.17,slope
52,36,17.23,slope
52,37,15.75,slope
52,38,17.65,slope
52,39,20.20,slope
52,40,20.03,slope
52,43,13.86,slope
52,43-1,14.33,slope
52,43-2,13.71,slope
52,44-1,17.88,slope
52,49,1.80,slope
52,50,1.19,slope
52,51,0.39,slope
52,52-1,0.08,slope
52,52-2,0.70,slope
52,53,0.82,slope
52,54,1.27,slope
52,55,1.86,slope
52,56,12.00,slope
52,57,3.01,slope
52,57-1,2.00,slope
52,58,3.72,slope
52,59,2.27,slope
52,59-1,3.06,slope
52,61,8.00,slope
52,62,8.00,slope
52,64,9.22,slope
52,66,26.39,slope
52,71,9.03,slope
52,71-1,8.67,slope
52,73,4.71,slope
52,74,3.13,slope
52,75,15.70,slope
52,75-1,15.28,slope
52,80,15.09,slope
52,81,6.79,slope
52,82,4.93,slope
52,83,1.69,slope
52,84,2.15,slope
52,85,8.15,slope
52,85-1,15.96,slope
52,86,14.87,slope
52,101,6.03,slope
52,103,5.36,slope
52,105-2,27.18,slope
52,129,13.33,slope
52,132,24.61,slope
52,135,20.05,slope
52,140,1.82,slope
52,140-1,1.82,slope
52,140-2,1.82,slope
52,142,22.05,slope
52,143,13.44,slope
52,152-1,7.62,slope
52,153,7.30,slope
52,200,11.69,slope
52,201,14.70,slope
52,203,11.77,slope
52,207,0.86,slope
52,220,0.24,slope
52,221,2.41,slope
52,222,0.87,slope
52,223,5.39,slope
52,300,30.14,slope
52,301,31.27,slope
52,302,35.11,slope
52,500,12.37,slope
52,900,13.05,slope
52,901,12.94,slope
52,902,12.17,slope
52,903,12.89,slope
52,904,12.60,slope
52,905,13.40,slope
52,906,13.60,slope
52,915,17.23,slope
52,916,18.21,slope
52,917,19.17,slope
52,918,15.06,slope
52,919,14.84,slope
52,921,16.56,slope
52,922,16.46,slope
52,923,17.13,slope
52,924,17.14,slope
52,925,16.35,slope
52,926,16.67,slope
52,931,21.24,slope
52,932,20.70,slope
52,933,21.21,slope
52,934,21.49,slope
52,935,22.35,slope
52,942,22.61,slope
52,946,16.91,slope
52,GATE,8.77,slope
52-1,1,6.65,slope
52-1,2,6.70,slope
52-1,3,6.84,slope
52-1,4,6.93,slope
52-1,5,7.50,slope
52-1,6,8.16,slope
52-1,7,8.75,slope
52-1,8,9.52,slope
52-1,9,9.90,slope
52-1,10,10.34,slope
52-1,10-1,11.22,slope
52-1,11,11.23,slope
52-1,12,11.48,slope
52-1,13,11.88,slope
52-1,14,9.06,slope
52-1,15,3.33,slope
52-1,15-1,5.37,slope
52-1,16,3.09,slope
52-1,16-1,4.39,slope
52-1,17,2.92,slope
52-1,18,17.27,slope
52-1,19,18.00,slope
52-1,20,12.08,slope
52-1,21,15.26,slope
52-1,22,11.88,slope
52-1,24,8.59,slope
52-1,25,9.83,slope
52-1,25-1,10.25,slope
52-1,26,10.37,slope
52-1,27,11.93,slope
52-1,28,12.93,slope
52-1,29,24.34,slope
52-1,30,15.03,slope
52-1,31,14.49,slope
52-1,32,16.98,slope
52-1,32-1,16.73,slope
52-1,33,16.61,slope
52-1,34,16.19,slope
52-1,35,15.97,slope
52-1,36,18.02,slope
52-1,37,16.53,slope
52-1,38,18.43,slope
52-1,39,20.99,slope
52-1,40,20.82,slope
52-1,43,14.64,slope
52-1,43-1,15.11,slope
52-1,43-2,14.49,slope
52-1,44-1,18.67,slope
52-1,49,1.80,slope
52-1,50,1.90,slope
52-1,51,0.36,slope
52-1,52,0.08,slope
52-1,52-2,0.69,slope
52-1,53,1.11,slope
52-1,54,2.09,slope
52-1,55,2.63,slope
52-1,56,12.78,slope
52-1,57,3.01,slope
52-1,57-1,2.00,slope
52-1,58,3.72,slope
52-1,59,2.27,slope
52-1,59-1,3.06,slope
52-1,61,9.41,slope
52-1,62,8.77,slope
52-1,64,9.69,slope
52-1,66,27.92,slope
52-1,71,9.03,slope
52-1,71-1,8.67,slope
52-1,73,5.38,slope
52-1,74,3.92,slope
52-1,75,16.48,slope
52-1,75-1,16.06,slope
52-1,80,15.03,slope
52-1,81,6.79,slope
52-1,82,5.22,slope
52-1,83,1.63,slope
52-1,84,2.92,slope
52-1,85,8.15,slope
52-1,85-1,15.89,slope
52-1,86,14.80,slope
52-1,101,6.01,slope
52-1,103,6.02,slope
52-1,105-2,28.68,slope
52-1,129,14.10,slope
52-1,132,26.09,slope
52-1,135,20.83,slope
52-1,140,1.82,slope
52-1,140-1,1.82,slope
52-1,140-2,1.82,slope
52-1,142,23.59,slope
52-1,143,14.24,slope
52-1,152-1,7.57,slope
52-1,153,7.24,slope
52-1,200,12.46,slope
52-1,201,15.48,slope
52-1,203,12.54,slope
52-1,207,0.74,slope
52-1,220,0.24,slope
52-1,221,2.41,slope
52-1,222,0.87,slope
52-1,223,5.39,slope
52-1,300,30.94,slope
52-1,301,32.07,slope
52-1,302,35.91,slope
52-1,500,13.14,slope
52-1,900,13.04,slope
52-1,901,12.94,slope
52-1,902,12.17,slope
52-1,903,12.88,slope
52-1,904,12.59,slope
52-1,905,13.39,slope
52-1,906,13.59,slope
52-1,915,17.23,slope
52-1,916,18.21,slope
52-1,917,19.16,slope
52-1,918,15.05,slope
52-1,919,15.29,slope
52-1,921,16.55,slope
52-1,922,16.46,slope
52-1,923,17.13,slope
52-1,924,17.14,slope
52-1,925,16.34,slope
52-1,926,16.66,slope
52-1,931,21.24,slope
52-1,932,20.69,slope
52-1,933,21.21,slope
52-1,934,21.48,slope
52-1,935,22.34,slope
52-1,942,23.02,slope
52-1,946,16.91,slope
52-1,GATE,8.72,slope
52-2,1,7.17,slope
52-2,2,7.23,slope
52-2,3,7.60,slope
52-2,4,7.70,slope
52-2,5,8.26,slope
52-2,6,8.92,slope
52-2,7,9.51,slope
52-2,8,10.21,slope
52-2,9,10.66,slope
52-2,10,11.10,slope
52-2,10-1,11.98,slope
52-2,11,11.99,slope
52-2,12,11.38,slope
52-2,13,11.78,slope
52-2,14,9.82,slope
52-2,15,3.52,slope
52-2,15-1,5.55,slope
52-2,16,3.26,slope
52-2,16-1,4.56,slope
52-2,17,3.10,slope
52-2,18,17.80,slope
52-2,19,18.52,slope
52-2,20,12.61,slope
52-2,21,15.78,slope
52-2,22,12.40,slope
52-2,24,9.11,slope
52-2,25,10.35,slope
52-2,25-1,10.77,slope
52-2,26,10.90,slope
52-2,27,12.45,slope
52-2,28,13.46,slope
52-2,29,24.16,slope
52-2,30,15.55,slope
52-2,31,15.02,slope
52-2,32,17.50,slope
52-2,32-1,17.26,slope
52-2,33,17.14,slope
52-2,34,16.71,slope
52-2,35,16.49,slope
52-2,36,18.54,slope
52-2,37,17.06,slope
52-2,38,18.96,slope
52-2,39,21.51,slope
52-2,40,21.34,slope
52-2,43,15.17,slope
52-2,43-1,15.64,slope
52-2,43-2,15.01,slope
52-2,44-1,19.20,slope
52-2,49,3.06,slope
52-2,50,2.07,slope
52-2,51,0.64,slope
52-2,52,0.70,slope
52-2,52-1,0.69,slope
52-2,53,2.37,slope
52-2,54,2.62,slope
52-2,55,3.16,slope
52-2,56,13.31,slope
52-2,57,2.45,slope
52-2,57-1,2.12,slope
52-2,58,3.16,slope
52-2,59,1.65,slope
52-2,59-1,2.49,slope
52-2,61,9.31,slope
52-2,62,9.30,slope
52-2,64,9.86,slope
52-2,66,27.65,slope
52-2,71,10.34,slope
52-2,71-1,8.78,slope
52-2,73,5.55,slope
52-2,74,4.45,slope
52-2,75,17.00,slope
52-2,75-1,16.58,slope
52-2,80,15.71,slope
52-2,81,8.66,slope
52-2,82,6.50,slope
52-2,83,1.80,slope
52-2,84,3.44,slope
52-2,85,10.04,slope
52-2,85-1,16.86,slope
52-2,86,14.81,slope
52-2,101,6.19,slope
52-2,103,6.19,slope
52-2,105-2,28.49,slope
52-2,129,14.63,slope
52-2,132,25.93,slope
52-2,135,21.36,slope
52-2,140,3.09,slope
52-2,140-1,3.09,slope
52-2,140-2,3.09,slope
52-2,142,23.35,slope
52-2,143,14.76,slope
52-2,152-1,7.40,slope
52-2,153,7.24,slope
52-2,200,12.98,slope
52-2,201,16.00,slope
52-2,203,13.07,slope
52-2,207,0.63,slope
52-2,220,1.30,slope
52-2,221,3.67,slope
52-2,222,0.81,slope
52-2,223,6.66,slope
52-2,300,31.46,slope
52-2,301,32.60,slope
52-2,302,36.44,slope
52-2,500,13.67,slope
52-2,900,14.25,slope
52-2,901,14.14,slope
52-2,902,13.37,slope
52-2,903,14.09,slope
52-2,904,13.80,slope
52-2,905,14.60,slope
52-2,906,14.80,slope
52-2,915,18.43,slope
52-2,916,19.41,slope
52-2,917,20.37,slope
52-2,918,16.26,slope
52-2,919,16.06,slope
52-2,921,17.76,slope
52-2,922,17.66,slope
52-2,923,18.33,slope
52-2,924,18.34,slope
52-2,925,17.55,slope
52-2,926,17.87,slope
52-2,931,22.44,slope
52-2,932,21.90,slope
52-2,933,22.41,slope
52-2,934,22.69,slope
52-2,935,23.55,slope
52-2,942,23.82,slope
52-2,946,18.11,slope
52-2,GATE,8.69,slope
53,1,6.56,slope
53,2,5.65,slope
53,3,4.50,slope
53,4,4.59,slope
53,5,5.16,slope
53,6,5.81,slope
53,7,6.40,slope
53,8,7.18,slope
53,9,7.56,slope
53,10,7.99,slope
53,10-1,8.87,slope
53,11,8.88,slope
53,12,9.20,slope
53,13,9.59,slope
53,14,6.71,slope
53,15,2.90,slope
53,15-1,4.98,slope
53,16,4.13,slope
53,16-1,3.99,slope
53,17,2.82,slope
53,18,15.89,slope
53,19,16.63,slope
53,20,10.70,slope
53,21,14.02,slope
53,22,11.64,slope
53,24,8.02,slope
53,25,9.26,slope
53,25-1,9.68,slope
53,26,9.81,slope
53,27,12.30,slope
53,28,13.14,slope
53,29,22.48,slope
53,30,14.85,slope
53,31,14.28,slope
53,32,17.22,slope
53,32-1,16.83,slope
53,33,16.41,slope
53,34,15.99,slope
53,35,14.69,slope
53,36,16.89,slope
53,37,16.32,slope
53,38,18.23,slope
53,39,19.90,slope
53,40,20.37,slope
53,43,13.51,slope
53,43-1,14.31,slope
53,43-2,14.05,slope
53,44-1,17.63,slope
53,49,0.85,slope
53,50,1.58,slope
53,51,1.36,slope
53,52,0.58,slope
53,52-1,0.80,slope
53,52-2,1.75,slope
53,54,0.56,slope
53,55,1.19,slope
53,56,12.47,slope
53,57,3.96,slope
53,57-1,2.81,slope
53,58,4.68,slope
53,59,3.23,slope
53,59-1,4.02,slope
53,61,7.13,slope
53,62,8.27,slope
53,64,9.35,slope
53,66,25.65,slope
53,71,9.78,slope
53,71-1,9.40,slope
53,73,4.98,slope
53,74,1.71,slope
53,75,16.75,slope
53,75-1,16.32,slope
53,80,16.05,slope
53,81,7.49,slope
53,82,2.80,slope
53,83,3.46,slope
53,84,2.42,slope
53,85,8.84,slope
53,85-1,16.83,slope
53,86,15.91,slope
53,101,6.69,slope
53,103,5.62,slope
53,105-2,26.66,slope
53,129,14.45,slope
53,132,24.19,slope
53,135,19.71,slope
53,140,2.05,slope
53,140-1,2.05,slope
53,140-2,2.05,slope
53,142,21.74,slope
53,143,12.89,slope
53,152-1,9.44,slope
53,153,8.86,slope
53,200,11.89,slope
53,201,15.75,slope
53,203,11.98,slope
53,207,1.74,slope
53,220,0.89,slope
53,221,3.12,slope
53,222,1.68,slope
53,223,6.08,slope
53,300,29.84,slope
53,301,30.96,slope
53,302,34.81,slope
53,500,12.57,slope
53,900,11.27,slope
53,901,11.17,slope
53,902,10.40,slope
53,903,11.11,slope
53,904,10.82,slope
53,905,11.62,slope
53,906,11.82,slope
53,915,15.46,slope
53,916,16.44,slope
53,917,17.40,slope
53,918,13.28,slope
53,919,13.15,slope
53,921,14.79,slope
53,922,14.69,slope
53,923,15.36,slope
53,924,15.37,slope
53,925,14.57,slope
53,926,14.89,slope
53,931,19.47,slope
53,932,18.92,slope
53,933,19.44,slope
53,934,19.72,slope
53,935,20.58,slope
53,942,20.90,slope
53,946,15.14,slope
53,GATE,10.41,slope
54,1,5.42,slope
54,2,4.51,slope
54,3,3.34,slope
54,4,3.44,slope
54,5,4.01,slope
54,6,4.67,slope
54,7,5.26,slope
54,8,6.04,slope
54,9,6.41,slope
54,10,6.84,slope
54,10-1,7.72,slope
54,11,7.74,slope
54,12,8.05,slope
54,13,8.45,slope
54,14,5.56,slope
54,15,1.94,slope
54,15-1,4.00,slope
54,16,3.18,slope
54,16-1,3.05,slope
54,17,1.87,slope
54,18,14.74,slope
54,19,15.49,slope
54,20,9.55,slope
54,21,12.92,slope
54,22,10.51,slope
54,24,6.98,slope
54,25,8.22,slope
54,25-1,8.65,slope
54,26,8.77,slope
54,27,11.23,slope
54,28,12.06,slope
54,29,21.37,slope
54,30,13.72,slope
54,31,13.15,slope
54,32,16.15,slope
54,32-1,15.69,slope
54,33,15.27,slope
54,34,14.86,slope
54,35,13.56,slope
54,36,15.75,slope
54,37,15.19,slope
54,38,17.09,slope
54,39,18.78,slope
54,40,19.24,slope
54,43,12.38,slope
54,43-1,13.17,slope
54,43-2,12.92,slope
54,44-1,16.49,slope
54,49,1.45,slope
54,50,0.78,slope
54,51,1.20,slope
54,52,1.25,slope
54,52-1,1.90,slope
54,52-2,2.42,slope
54,53,0.79,slope
54,55,0.42,slope
54,56,11.34,slope
54,57,5.54,slope
54,57-1,4.39,slope
54,58,5.82,slope
54,59,4.82,slope
54,59-1,5.56,slope
54,61,5.98,slope
54,62,7.13,slope
54,64,8.38,slope
54,66,24.66,slope
54,71,11.42,slope
54,71-1,10.29,slope
54,73,4.03,slope
54,74,0.58,slope
54,75,15.67,slope
54,75-1,15.24,slope
54,80,16.49,slope
54,81,9.08,slope
54,82,2.98,slope
54,83,2.91,slope
54,84,1.48,slope
54,85,10.43,slope
54,85-1,17.35,slope
54,86,16.30,slope
54,101,5.72,slope
54,103,4.68,slope
54,105-2,25.55,slope
54,129,13.37,slope
54,132,23.08,slope
54,135,18.58,slope
54,140,4.03,slope
54,140-1,4.03,slope
54,140-2,4.03,slope
54,142,20.67,slope
54,143,11.75,slope
54,152-1,9.00,slope
54,153,8.42,slope
54,200,10.86,slope
54,201,14.67,slope
54,203,10.94,slope
54,207,2.52,slope
54,220,2.44,slope
54,221,4.69,slope
54,222,3.26,slope
54,223,7.67,slope
54,300,28.70,slope
54,301,29.82,slope
54,302,33.67,slope
54,500,11.54,slope
54,900,11.16,slope
54,901,11.05,slope
54,902,10.28,slope
54,903,10.99,slope
54,904,10.71,slope
54,905,11.50,slope
54,906,11.71,slope
54,915,15.34,slope
54,916,16.32,slope
54,917,17.28,slope
54,918,13.17,slope
54,919,12.21,slope
54,921,14.67,slope
54,922,14.57,slope
54,923,15.24,slope
54,924,15.25,slope
54,925,14.45,slope
54,926,14.77,slope
54,931,19.35,slope
54,932,18.81,slope
54,933,19.32,slope
54,934,19.60,slope
54,935,20.46,slope
54,942,20.03,slope
54,946,15.02,slope
54,GATE,9.80,slope
55,1,4.79,slope
55,2,4.40,slope
55,3,3.71,slope
55,4,3.80,slope
55,5,4.38,slope
55,6,5.03,slope
55,7,5.62,slope
55,8,6.41,slope
55,9,6.78,slope
55,10,7.21,slope
55,10-1,8.08,slope
55,11,8.10,slope
55,12,8.42,slope
55,13,8.81,slope
55,14,5.93,slope
55,15,1.68,slope
55,15-1,3.75,slope
55,16,2.92,slope
55,16-1,2.78,slope
55,17,1.60,slope
55,18,15.11,slope
55,19,15.86,slope
55,20,9.91,slope
55,21,13.19,slope
55,22,9.99,slope
55,24,6.71,slope
55,25,7.96,slope
55,25-1,8.38,slope
55,26,8.50,slope
55,27,10.06,slope
55,28,11.07,slope
55,29,21.74,slope
55,30,13.16,slope
55,31,12.61,slope
55,32,15.11,slope
55,32-1,14.88,slope
55,33,14.74,slope
55,34,14.32,slope
55,35,13.93,slope
55,36,15.96,slope
55,37,14.66,slope
55,38,16.56,slope
55,39,18.97,slope
55,40,18.86,slope
55,43,12.58,slope
55,43-1,13.17,slope
55,43-2,12.49,slope
55,44-1,16.86,slope
55,49,2.47,slope
55,50,0.53,slope
55,51,1.79,slope
55,52,1.86,slope
55,52-1,2.48,slope
55,52-2,3.00,slope
55,53,1.36,slope
55,54,0.48,slope
55,56,10.92,slope
55,57,6.22,slope
55,57-1,5.08,slope
55,58,5.66,slope
55,59,5.49,slope
55,59-1,6.25,slope
55,61,6.35,slope
55,62,6.76,slope
55,64,8.13,slope
55,66,25.01,slope
55,71,11.79,slope
55,71-1,9.48,slope
55,73,3.77,slope
55,74,0.78,slope
55,75,14.63,slope
55,75-1,14.20,slope
55,80,16.40,slope
55,81,9.77,slope
55,82,3.35,slope
55,83,2.81,slope
55,84,1.05,slope
55,85,11.12,slope
55,85-1,17.26,slope
55,86,15.87,slope
55,101,5.46,slope
55,103,4.41,slope
55,105-2,25.92,slope
55,129,12.25,slope
55,132,23.44,slope
55,135,18.78,slope
55,140,4.68,slope
55,140-1,4.68,slope
55,140-2,4.68,slope
55,142,21.03,slope
55,143,12.12,slope
55,152-1,8.84,slope
55,153,8.25,slope
55,200,10.59,slope
55,201,13.62,slope
55,203,10.67,slope
55,207,3.09,slope
55,220,3.11,slope
55,221,5.37,slope
55,222,3.93,slope
55,223,8.35,slope
55,300,28.92,slope
55,301,30.04,slope
55,302,33.89,slope
55,500,11.27,slope
55,900,11.58,slope
55,901,11.47,slope
55,902,10.70,slope
55,903,11.41,slope
55,904,11.13,slope
55,905,11.92,slope
55,906,12.12,slope
55,915,15.76,slope
55,916,16.74,slope
55,917,17.70,slope
55,918,13.58,slope
55,919,12.59,slope
55,921,15.09,slope
55,922,14.99,slope
55,923,15.66,slope
55,924,15.67,slope
55,925,14.87,slope
55,926,15.19,slope
55,931,19.77,slope
55,932,19.23,slope
55,933,19.74,slope
55,934,20.02,slope
55,935,20.88,slope
55,942,20.41,slope
55,946,15.44,slope
55,GATE,9.49,slope
56,1,4.87,slope
56,2,4.93,slope
56,3,6.63,slope
56,4,6.34,slope
56,5,5.31,slope
56,6,6.67,slope
56,7,5.35,slope
56,8,5.37,slope
56,9,5.57,slope
56,10,7.35,slope
56,10-1,8.72,slope
56,11,6.68,slope
56,12,5.93,slope
56,13,4.21,slope
56,14,7.51,slope
56,15,8.66,slope
56,15-1,9.21,slope
56,16,10.35,slope
56,16-1,9.67,slope
56,17,10.39,slope
56,18,3.16,slope
56,19,4.00,slope
56,20,2.33,slope
56,21,1.04,slope
56,22,0.36,slope
56,24,3.90,slope
56,25,3.44,slope
56,25-1,4.34,slope
56,26,3.47,slope
56,27,2.36,slope
56,28,1.76,slope
56,29,8.43,slope
56,30,2.01,slope
56,31,1.90,slope
56,32,5.87,slope
56,32-1,4.41,slope
56,33,3.47,slope
56,34,3.05,slope
56,35,1.92,slope
56,36,3.92,slope
56,37,3.39,slope
56,38,5.28,slope
56,39,6.99,slope
56,40,7.19,slope
56,43,0.71,slope
56,43-1,1.34,slope
56,43-2,0.86,slope
56,44-1,4.39,slope
56,49,13.02,slope
56,50,9.97,slope
56,51,11.51,slope
56,52,11.67,slope
56,52-1,12.28,slope
56,52-2,12.80,slope
56,53,12.20,slope
56,54,11.06,slope
56,55,10.46,slope
56,57,16.08,slope
56,57-1,14.93,slope
56,58,14.73,slope
56,59,15.36,slope
56,59-1,15.42,slope
56,61,4.00,slope
56,62,2.99,slope
56,64,11.68,slope
56,66,15.32,slope
56,71,20.33,slope
56,71-1,18.58,slope
56,73,7.87,slope
56,74,8.80,slope
56,75,5.37,slope
56,75-1,4.95,slope
56,80,25.86,slope
56,81,19.62,slope
56,82,12.68,slope
56,83,11.54,slope
56,84,9.12,slope
56,85,20.98,slope
56,85-1,26.49,slope
56,86,24.97,slope
56,101,11.10,slope
56,103,8.50,slope
56,105-2,12.47,slope
56,129,2.59,slope
56,132,10.27,slope
56,135,6.75,slope
56,140,14.54,slope
56,140-1,14.54,slope
56,140-2,14.54,slope
56,142,7.61,slope
56,143,4.16,slope
56,152-1,17.94,slope
56,153,17.34,slope
56,200,3.18,slope
56,201,4.36,slope
56,203,4.63,slope
56,207,12.89,slope
56,220,12.99,slope
56,221,15.24,slope
56,222,13.80,slope
56,223,18.21,slope
56,300,16.86,slope
56,301,17.94,slope
56,302,21.79,slope
56,500,5.93,slope
56,900,14.79,slope
56,901,14.69,slope
56,902,13.92,slope
56,903,14.63,slope
56,904,14.34,slope
56,905,15.14,slope
56,906,15.34,slope
56,915,18.98,slope
56,916,19.96,slope
56,917,20.92,slope
56,918,16.80,slope
56,919,15.82,slope
56,921,18.30,slope
56,922,18.21,slope
56,923,18.88,slope
56,924,18.89,slope
56,925,18.09,slope
56,926,18.41,slope
56,931,22.99,slope
56,932,22.44,slope
56,933,22.96,slope
56,934,23.24,slope
56,935,24.10,slope
56,942,23.57,slope
56,946,18.66,slope
56,GATE,15.17,slope
57,1,10.91,slope
57,2,11.80,slope
57,3,10.78,slope
57,4,10.88,slope
57,5,11.44,slope
57,6,12.11,slope
57,7,12.70,slope
57,8,13.47,slope
57,9,13.85,slope
57,10,14.29,slope
57,10-1,15.17,slope
57,11,15.18,slope
57,12,15.49,slope
57,13,15.89,slope
57,14,13.01,slope
57,15,7.35,slope
57,15-1,9.50,slope
57,16,4.83,slope
57,16-1,8.37,slope
57,17,6.91,slope
57,18,22.12,slope
57,19,22.87,slope
57,20,16.93,slope
57,21,20.05,slope
57,22,16.14,slope
57,24,12.84,slope
57,25,14.09,slope
57,25-1,14.52,slope
57,26,14.64,slope
57,27,16.21,slope
57,28,17.20,slope
57,29,28.69,slope
57,30,19.32,slope
57,31,18.77,slope
57,32,21.27,slope
57,32-1,21.01,slope
57,33,20.89,slope
57,34,20.47,slope
57,35,20.85,slope
57,36,22.30,slope
57,37,20.81,slope
57,38,22.71,slope
57,39,25.32,slope
57,40,25.10,slope
57,43,18.92,slope
57,43-1,19.38,slope
57,43-2,18.80,slope
57,44-1,23.53,slope
57,49,5.75,slope
57,50,5.99,slope
57,51,4.46,slope
57,52,3.76,slope
57,52-1,3.76,slope
57,52-2,2.79,slope
57,53,5.06,slope
57,54,6.23,slope
57,55,6.83,slope
57,56,17.06,slope
57,57-1,0.14,slope
57,58,0.75,slope
57,59,0.48,slope
57,59-1,0.49,slope
57,61,13.42,slope
57,62,13.03,slope
57,64,10.18,slope
57,66,31.81,slope
57,71,3.91,slope
57,71-1,2.38,slope
57,73,9.38,slope
57,74,7.97,slope
57,75,20.76,slope
57,75-1,20.33,slope
57,80,11.13,slope
57,81,6.42,slope
57,82,9.20,slope
57,83,5.63,slope
57,84,7.32,slope
57,85,7.88,slope
57,85-1,12.57,slope
57,86,10.22,slope
57,101,9.69,slope
57,103,9.61,slope
57,105-2,32.96,slope
57,129,18.38,slope
57,132,30.43,slope
57,135,25.12,slope
57,140,4.60,slope
57,140-1,4.60,slope
57,140-2,5.51,slope
57,142,27.93,slope
57,143,19.13,slope
57,152-1,4.60,slope
57,153,3.64,slope
57,200,16.72,slope
57,201,19.76,slope
57,203,16.82,slope
57,207,2.68,slope
57,220,2.28,slope
57,221,4.01,slope
57,222,1.26,slope
57,223,7.29,slope
57,300,35.22,slope
57,301,36.35,slope
57,302,40.19,slope
57,500,18.46,slope
57,900,17.00,slope
57,901,16.89,slope
57,902,16.12,slope
57,903,16.83,slope
57,904,16.55,slope
57,905,17.35,slope
57,906,17.55,slope
57,915,21.18,slope
57,916,22.16,slope
57,917,23.12,slope
57,918,19.01,slope
57,919,19.26,slope
57,921,20.51,slope
57,922,20.41,slope
57,923,21.08,slope
57,924,21.09,slope
57,925,20.30,slope
57,926,20.61,slope
57,931,25.19,slope
57,932,24.65,slope
57,933,25.16,slope
57,934,25.44,slope
57,935,26.30,slope
57,942,27.01,slope
57,946,20.86,slope
57,GATE,6.47,slope
57-1,1,9.30,slope
57-1,2,10.19,slope
57-1,3,9.17,slope
57-1,4,9.26,slope
57-1,5,9.82,slope
57-1,6,10.48,slope
57-1,7,11.07,slope
57-1,8,11.84,slope
57-1,9,12.23,slope
57-1,10,12.67,slope
57-1,10-1,13.56,slope
57-1,11,13.56,slope
57-1,12,13.87,slope
57-1,13,14.27,slope
57-1,14,11.39,slope
57-1,15,5.74,slope
57-1,15-1,7.79,slope
57-1,16,4.61,slope
57-1,16-1,6.77,slope
57-1,17,5.30,slope
57-1,18,20.51,slope
57-1,19,21.24,slope
57-1,20,15.32,slope
57-1,21,18.38,slope
57-1,22,14.53,slope
57-1,24,11.24,slope
57-1,25,12.49,slope
57-1,25-1,12.91,slope
57-1,26,13.03,slope
57-1,27,14.59,slope
57-1,28,15.59,slope
57-1,29,27.05,slope
57-1,30,17.69,slope
57-1,31,17.15,slope
57-1,32,19.64,slope
57-1,32-1,19.39,slope
57-1,33,19.27,slope
57-1,34,18.85,slope
57-1,35,19.23,slope
57-1,36,20.68,slope
57-1,37,19.19,slope
57-1,38,21.09,slope
57-1,39,23.65,slope
57-1,40,23.48,slope
57-1,43,17.30,slope
57-1,43-1,17.77,slope
57-1,43-2,17.16,slope
57-1,44-1,21.91,slope
57-1,49,4.13,slope
57-1,50,4.41,slope
57-1,51,2.84,slope
57-1,52,2.32,slope
57-1,52-1,2.32,slope
57-1,52-2,2.13,slope
57-1,53,3.45,slope
57-1,54,4.61,slope
57-1,55,5.24,slope
57-1,56,15.44,slope
57-1,57,0.12,slope
57-1,58,0.98,slope
57-1,59,0.65,slope
57-1,59-1,0.66,slope
57-1,61,11.80,slope
57-1,62,11.43,slope
57-1,64,10.42,slope
57-1,66,30.12,slope
57-1,71,4.26,slope
57-1,71-1,2.68,slope
57-1,73,7.76,slope
57-1,74,6.35,slope
57-1,75,19.14,slope
57-1,75-1,18.72,slope
57-1,80,11.23,slope
57-1,81,6.33,slope
57-1,82,7.60,slope
57-1,83,4.01,slope
57-1,84,5.70,slope
57-1,85,7.74,slope
57-1,85-1,12.41,slope
57-1,86,10.34,slope
57-1,101,8.73,slope
57-1,103,8.66,slope
57-1,105-2,31.30,slope
57-1,129,16.77,slope
57-1,132,28.79,slope
57-1,135,23.50,slope
57-1,140,2.10,slope
57-1,140-1,2.10,slope
57-1,140-2,3.01,slope
57-1,142,26.27,slope
57-1,143,17.50,slope
57-1,152-1,4.91,slope
57-1,153,3.99,slope
57-1,200,15.12,slope
57-1,201,18.14,slope
57-1,203,15.20,slope
57-1,207,2.03,slope
57-1,220,0.45,slope
57-1,221,1.52,slope
57-1,222,0.77,slope
57-1,223,4.55,slope
57-1,300,33.60,slope
57-1,301,34.73,slope
57-1,302,38.57,slope
57-1,500,15.81,slope
57-1,900,15.37,slope
57-1,901,15.27,slope
57-1,902,14.50,slope
57-1,903,15.21,slope
57-1,904,14.92,slope
57-1,905,15.72,slope
57-1,906,15.92,slope
57-1,915,19.56,slope
57-1,916,20.54,slope
57-1,917,21.50,slope
57-1,918,17.38,slope
57-1,919,17.60,slope
57-1,921,18.89,slope
57-1,922,18.79,slope
57-1,923,19.46,slope
57-1,924,19.47,slope
57-1,925,18.67,slope
57-1,926,18.99,slope
57-1,931,23.57,slope
57-1,932,23.02,slope
57-1,933,23.54,slope
57-1,934,23.82,slope
57-1,935,24.68,slope
57-1,942,25.35,slope
57-1,946,19.24,slope
57-1,GATE,6.95,slope
58,1,10.36,slope
58,2,10.42,slope
58,3,11.06,slope
58,4,11.15,slope
58,5,11.72,slope
58,6,12.38,slope
58,7,12.97,slope
58,8,12.57,slope
58,9,14.13,slope
58,10,14.56,slope
58,10-1,15.44,slope
58,11,15.45,slope
58,12,14.59,slope
58,13,14.99,slope
58,14,13.28,slope
58,15,5.99,slope
58,15-1,6.30,slope
58,16,2.01,slope
58,16-1,5.23,slope
58,17,5.54,slope
58,18,21.00,slope
58,19,21.74,slope
58,20,15.81,slope
58,21,19.07,slope
58,22,15.59,slope
58,24,12.28,slope
58,25,13.54,slope
58,25-1,13.96,slope
58,26,14.08,slope
58,27,15.65,slope
58,28,16.65,slope
58,29,27.42,slope
58,30,18.78,slope
58,31,18.22,slope
58,32,20.39,slope
58,32-1,20.12,slope
58,33,20.35,slope
58,34,19.93,slope
58,35,19.71,slope
58,36,21.76,slope
58,37,20.27,slope
58,38,22.16,slope
58,39,24.79,slope
58,40,24.56,slope
58,43,18.38,slope
58,43-1,18.84,slope
58,43-2,18.26,slope
58,44-1,22.41,slope
58,49,6.62,slope
58,50,4.78,slope
58,51,4.60,slope
58,52,4.68,slope
58,52-1,4.68,slope
58,52-2,3.73,slope
58,53,5.97,slope
58,54,7.13,slope
58,55,6.87,slope
58,56,16.52,slope
58,57,0.94,slope
58,57-1,1.18,slope
58,59,0.77,slope
58,59-1,0.74,slope
58,61,12.51,slope
58,62,12.48,slope
58,64,7.61,slope
58,66,31.34,slope
58,71,3.67,slope
58,71-1,1.74,slope
58,73,7.96,slope
58,74,7.69,slope
58,75,19.88,slope
58,75-1,19.45,slope
58,80,10.11,slope
58,81,5.80,slope
58,82,10.24,slope
58,83,4.06,slope
58,84,6.24,slope
58,85,7.29,slope
58,85-1,11.38,slope
58,86,9.25,slope
58,101,4.31,slope
58,103,5.72,slope
58,105-2,31.76,slope
58,129,17.50,slope
58,132,29.18,slope
58,135,24.59,slope
58,140,5.49,slope
58,140-1,5.49,slope
58,140-2,6.39,slope
58,142,26.63,slope
58,143,17.99,slope
58,152-1,2.30,slope
58,153,1.55,slope
58,200,15.96,slope
58,201,18.87,slope
58,203,15.94,slope
58,207,3.62,slope
58,220,3.09,slope
58,221,4.91,slope
58,222,2.29,slope
58,223,6.78,slope
58,300,34.70,slope
58,301,35.83,slope
58,302,39.68,slope
58,500,15.21,slope
58,900,19.05,slope
58,901,18.94,slope
58,902,18.17,slope
58,903,18.88,slope
58,904,18.60,slope
58,905,19.39,slope
58,906,19.59,slope
58,915,23.23,slope
58,916,24.21,slope
58,917,25.17,slope
58,918,21.05,slope
58,919,19.94,slope
58,921,22.56,slope
58,922,22.46,slope
58,923,23.13,slope
58,924,23.14,slope
58,925,22.34,slope
58,926,22.66,slope
58,931,27.24,slope
58,932,26.70,slope
58,933,27.21,slope
58,934,27.49,slope
58,935,28.35,slope
58,942,27.78,slope
58,946,22.91,slope
58,GATE,4.13,slope
59,1,9.97,slope
59,2,10.86,slope
59,3,9.84,slope
59,4,9.94,slope
59,5,10.51,slope
59,6,11.17,slope
59,7,11.76,slope
59,8,12.54,slope
59,9,12.91,slope
59,10,13.35,slope
59,10-1,14.23,slope
59,11,14.24,slope
59,12,14.55,slope
59,13,14.95,slope
59,14,12.08,slope
59,15,6.42,slope
59,15-1,8.56,slope
59,16,3.71,slope
59,16-1,6.94,slope
59,17,5.97,slope
59,18,21.18,slope
59,19,21.93,slope
59,20,15.99,slope
59,21,19.12,slope
59,22,15.20,slope
59,24,11.90,slope
59,25,13.16,slope
59,25-1,13.58,slope
59,26,13.70,slope
59,27,15.27,slope
59,28,16.26,slope
59,29,27.77,slope
59,30,18.39,slope
59,31,17.83,slope
59,32,20.33,slope
59,32-1,20.07,slope
59,33,19.95,slope
59,34,19.53,slope
59,35,19.91,slope
59,36,21.36,slope
59,37,19.87,slope
59,38,21.77,slope
59,39,24.38,slope
59,40,24.16,slope
59,43,17.98,slope
59,43-1,18.45,slope
59,43-2,17.86,slope
59,44-1,22.59,slope
59,49,4.81,slope
59,50,5.05,slope
59,51,3.52,slope
59,52,2.81,slope
59,52-1,2.81,slope
59,52-2,1.81,slope
59,53,4.12,slope
59,54,5.29,slope
59,55,5.89,slope
59,56,16.12,slope
59,57,0.66,slope
59,57-1,0.92,slope
59,58,0.66,slope
59,59-1,0.07,slope
59,61,12.48,slope
59,62,12.10,slope
59,64,10.01,slope
59,66,30.93,slope
59,71,4.35,slope
59,71-1,2.30,slope
59,73,8.45,slope
59,74,7.03,slope
59,75,19.82,slope
59,75-1,19.39,slope
59,80,11.29,slope
59,81,6.42,slope
59,82,8.25,slope
59,83,4.62,slope
59,84,6.38,slope
59,85,7.84,slope
59,85-1,12.58,slope
59,86,10.41,slope
59,101,8.68,slope
59,103,8.62,slope
59,105-2,32.03,slope
59,129,17.44,slope
59,132,29.50,slope
59,135,24.18,slope
59,140,3.48,slope
59,140-1,3.48,slope
59,140-2,4.42,slope
59,142,27.02,slope
59,143,18.19,slope
59,152-1,4.54,slope
59,153,3.60,slope
59,200,15.79,slope
59,201,18.82,slope
59,203,15.88,slope
59,207,1.69,slope
59,220,1.34,slope
59,221,2.92,slope
59,222,0.31,slope
59,223,6.01,slope
59,300,34.28,slope
59,301,35.41,slope
59,302,39.26,slope
59,500,17.51,slope
59,900,16.05,slope
59,901,15.94,slope
59,902,15.17,slope
59,903,15.89,slope
59,904,15.60,slope
59,905,16.40,slope
59,906,16.60,slope
59,915,20.23,slope
59,916,21.21,slope
59,917,22.17,slope
59,918,18.06,slope
59,919,18.32,slope
59,921,19.56,slope
59,922,19.46,slope
59,923,20.13,slope
59,924,20.14,slope
59,925,19.35,slope
59,926,19.66,slope
59,931,24.24,slope
59,932,23.70,slope
59,933,24.21,slope
59,934,24.49,slope
59,935,25.35,slope
59,942,26.07,slope
59,946,19.91,slope
59,GATE,6.52,slope
59-1,1,10.93,slope
59-1,2,10.98,slope
59-1,3,11.04,slope
59-1,4,11.13,slope
59-1,5,11.71,slope
59-1,6,12.36,slope
59-1,7,12.96,slope
59-1,8,13.75,slope
59-1,9,14.10,slope
59-1,10,14.54,slope
59-1,10-1,15.41,slope
59-1,11,15.42,slope
59-1,12,14.83,slope
59-1,13,15.23,slope
59-1,14,13.25,slope
59-1,15,7.40,slope
59-1,15-1,9.54,slope
59-1,16,3.94,slope
59-1,16-1,7.95,slope
59-1,17,6.96,slope
59-1,18,21.54,slope
59-1,19,22.28,slope
59-1,20,16.35,slope
59-1,21,19.57,slope
59-1,22,16.15,slope
59-1,24,12.86,slope
59-1,25,14.11,slope
59-1,25-1,14.54,slope
59-1,26,14.66,slope
59-1,27,16.22,slope
59-1,28,17.22,slope
59-1,29,27.90,slope
59-1,30,19.33,slope
59-1,31,18.78,slope
59-1,32,21.28,slope
59-1,32-1,21.02,slope
59-1,33,20.90,slope
59-1,34,20.48,slope
59-1,35,20.25,slope
59-1,36,22.30,slope
59-1,37,20.82,slope
59-1,38,22.72,slope
59-1,39,25.32,slope
59-1,40,25.11,slope
59-1,43,18.93,slope
59-1,43-1,19.40,slope
59-1,43-2,18.81,slope
59-1,44-1,22.95,slope
59-1,49,5.92,slope
59-1,50,5.77,slope
59-1,51,4.72,slope
59-1,52,3.97,slope
59-1,52-1,3.97,slope
59-1,52-2,2.99,slope
59-1,53,5.27,slope
59-1,54,6.50,slope
59-1,55,7.10,slope
59-1,56,17.07,slope
59-1,57,0.60,slope
59-1,57-1,0.82,slope
59-1,58,0.67,slope
59-1,59,0.08,slope
59-1,61,12.77,slope
59-1,62,13.05,slope
59-1,64,10.08,slope
59-1,66,30.85,slope
59-1,71,4.20,slope
59-1,71-1,2.32,slope
59-1,73,9.42,slope
59-1,74,8.10,slope
59-1,75,20.77,slope
59-1,75-1,20.35,slope
59-1,80,11.09,slope
59-1,81,6.32,slope
59-1,82,9.35,slope
59-1,83,5.69,slope
59-1,84,7.21,slope
59-1,85,7.61,slope
59-1,85-1,12.44,slope
59-1,86,10.23,slope
59-1,101,9.72,slope
59-1,103,9.64,slope
59-1,105-2,32.19,slope
59-1,129,18.40,slope
59-1,132,29.68,slope
59-1,135,25.13,slope
59-1,140,4.76,slope
59-1,140-1,4.76,slope
59-1,140-2,5.68,slope
59-1,142,27.09,slope
59-1,143,18.51,slope
59-1,152-1,4.56,slope
59-1,153,3.63,slope
59-1,200,16.74,slope
59-1,201,19.77,slope
59-1,203,16.84,slope
59-1,207,2.88,slope
59-1,220,2.35,slope
59-1,221,4.19,slope
59-1,222,1.56,slope
59-1,223,7.20,slope
59-1,300,35.21,slope
59-1,301,36.34,slope
59-1,302,40.18,slope
59-1,500,18.58,slope
59-1,900,18.13,slope
59-1,901,18.02,slope
59-1,902,17.25,slope
59-1,903,17.97,slope
59-1,904,17.68,slope
59-1,905,18.48,slope
59-1,906,18.68,slope
59-1,915,22.31,slope
59-1,916,23.29,slope
59-1,917,24.25,slope
59-1,918,20.14,slope
59-1,919,19.54,slope
59-1,921,21.64,slope
59-1,922,21.54,slope
59-1,923,22.21,slope
59-1,924,22.22,slope
59-1,925,21.43,slope
59-1,926,21.75,slope
59-1,931,26.32,slope
59-1,932,25.78,slope
59-1,933,26.29,slope
59-1,934,26.57,slope
59-1,935,27.43,slope
59-1,942,27.34,slope
59-1,946,21.99,slope
59-1,GATE,6.61,slope
61,1,1.29,slope
61,2,0.67,slope
61,3,1.62,slope
61,4,1.39,slope
61,5,0.60,slope
61,6,1.70,slope
61,7,0.34,slope
61,8,0.60,slope
61,9,0.82,slope
61,10,2.39,slope
61,10-1,4.14,slope
61,11,1.89,slope
61,12,1.27,slope
61,13,1.14,slope
61,14,2.89,slope
61,15,4.68,slope
61,15-1,5.23,slope
61,16,6.37,slope
61,16-1,5.70,slope
61,17,6.40,slope
61,18,7.72,slope
61,19,8.48,slope
61,20,2.49,slope
61,21,6.00,slope
61,22,4.72,slope
61,24,4.89,slope
61,25,5.77,slope
61,25-1,6.67,slope
61,26,5.78,slope
61,27,6.47,slope
61,28,6.71,slope
61,29,14.23,slope
61,30,7.18,slope
61,31,7.17,slope
61,32,11.16,slope
61,32-1,9.66,slope
61,33,8.64,slope
61,34,8.18,slope
61,35,6.55,slope
61,36,8.76,slope
61,37,8.56,slope
61,38,10.45,slope
61,39,11.74,slope
61,40,12.16,slope
61,43,5.38,slope
61,43-1,6.18,slope
61,43-2,5.74,slope
61,44-1,9.49,slope
61,49,7.90,slope
61,50,5.98,slope
61,51,7.52,slope
61,52,7.67,slope
61,52-1,9.05,slope
61,52-2,8.81,slope
61,53,7.09,slope
61,54,5.95,slope
61,55,6.04,slope
61,56,4.22,slope
61,57,12.28,slope
61,57-1,11.13,slope
61,58,10.75,slope
61,59,11.56,slope
61,59-1,11.19,slope
61,62,3.00,slope
61,64,9.37,slope
61,66,23.23,slope
61,71,16.33,slope
61,71-1,14.59,slope
61,73,4.43,slope
61,74,4.75,slope
61,75,10.64,slope
61,75-1,10.22,slope
61,80,21.87,slope
61,81,15.83,slope
61,82,7.49,slope
61,83,7.55,slope
61,84,5.13,slope
61,85,17.19,slope
61,85-1,23.09,slope
61,86,20.98,slope
61,101,7.13,slope
61,103,5.64,slope
61,105-2,18.84,slope
61,129,7.85,slope
61,132,15.86,slope
61,135,11.58,slope
61,140,10.73,slope
61,140-1,10.73,slope
61,140-2,10.73,slope
61,142,13.69,slope
61,143,4.74,slope
61,152-1,13.95,slope
61,153,13.36,slope
61,200,8.44,slope
61,201,9.64,slope
61,203,8.98,slope
61,207,8.90,slope
61,220,9.17,slope
61,221,11.43,slope
61,222,10.00,slope
61,223,13.80,slope
61,300,21.69,slope
61,301,22.80,slope
61,302,26.65,slope
61,500,10.11,slope
61,900,10.12,slope
61,901,10.01,slope
61,902,9.25,slope
61,903,9.96,slope
61,904,9.67,slope
61,905,10.47,slope
61,906,10.67,slope
61,915,14.31,slope
61,916,15.29,slope
61,917,16.24,slope
61,918,12.13,slope
61,919,10.99,slope
61,921,13.63,slope
61,922,13.54,slope
61,923,14.21,slope
61,924,14.22,slope
61,925,13.42,slope
61,926,13.74,slope
61,931,18.31,slope
61,932,17.77,slope
61,933,18.28,slope
61,934,18.56,slope
61,935,19.42,slope
61,942,18.76,slope
61,946,13.98,slope
61,GATE,13.10,slope
62,1,1.54,slope
62,2,2.08,slope
62,3,4.16,slope
62,4,3.81,slope
62,5,4.01,slope
62,6,5.70,slope
62,7,5.25,slope
62,8,4.48,slope
62,9,6.05,slope
62,10,7.62,slope
62,10-1,9.20,slope
62,11,7.05,slope
62,12,6.47,slope
62,13,5.31,slope
62,14,6.77,slope
62,15,5.24,slope
62,15-1,5.79,slope
62,16,6.93,slope
62,16-1,6.26,slope
62,17,6.96,slope
62,18,7.98,slope
62,19,8.79,slope
62,20,4.13,slope
62,21,6.63,slope
62,22,2.72,slope
62,24,2.57,slope
62,25,2.12,slope
62,25-1,3.55,slope
62,26,2.67,slope
62,27,3.35,slope
62,28,4.18,slope
62,29,13.27,slope
62,30,5.92,slope
62,31,5.36,slope
62,32,9.38,slope
62,32-1,7.92,slope
62,33,7.48,slope
62,34,7.05,slope
62,35,6.76,slope
62,36,8.87,slope
62,37,7.40,slope
62,38,9.29,slope
62,39,12.01,slope
62,40,11.68,slope
62,43,5.47,slope
62,43-1,5.96,slope
62,43-2,5.40,slope
62,44-1,9.46,slope
62,49,9.50,slope
62,50,6.54,slope
62,51,8.08,slope
62,52,8.23,slope
62,52-1,8.84,slope
62,52-2,9.37,slope
62,53,8.70,slope
62,54,7.55,slope
62,55,7.02,slope
62,56,3.62,slope
62,57,12.64,slope
62,57-1,11.49,slope
62,58,11.31,slope
62,59,11.91,slope
62,59-1,12.00,slope
62,61,3.63,slope
62,64,9.23,slope
62,66,20.92,slope
62,71,16.89,slope
62,71-1,15.14,slope
62,73,4.54,slope
62,74,5.47,slope
62,75,8.91,slope
62,75-1,8.47,slope
62,80,22.42,slope
62,81,16.19,slope
62,82,9.12,slope
62,83,8.11,slope
62,84,5.68,slope
62,85,17.54,slope
62,85-1,23.06,slope
62,86,21.53,slope
62,101,7.69,slope
62,103,5.15,slope
62,105-2,17.41,slope
62,129,6.10,slope
62,132,15.07,slope
62,135,11.71,slope
62,140,11.10,slope
62,140-1,11.10,slope
62,140-2,11.10,slope
62,142,12.49,slope
62,143,8.07,slope
62,152-1,14.50,slope
62,153,13.91,slope
62,200,5.75,slope
62,201,7.90,slope
62,203,5.83,slope
62,207,9.46,slope
62,220,9.54,slope
62,221,11.80,slope
62,222,10.36,slope
62,223,14.77,slope
62,300,21.77,slope
62,301,22.86,slope
62,302,26.71,slope
62,500,7.06,slope
62,900,14.42,slope
62,901,14.32,slope
62,902,13.55,slope
62,903,14.26,slope
62,904,13.97,slope
62,905,14.77,slope
62,906,14.97,slope
62,915,18.61,slope
62,916,19.59,slope
62,917,20.55,slope
62,918,16.43,slope
62,919,15.19,slope
62,921,17.93,slope
62,922,17.84,slope
62,923,18.51,slope
62,924,18.52,slope
62,925,17.72,slope
62,926,18.04,slope
62,931,22.62,slope
62,932,22.07,slope
62,933,22.59,slope
62,934,22.87,slope
62,935,23.73,slope
62,942,22.99,slope
62,946,18.29,slope
62,GATE,12.76,slope
64,1,10.01,slope
64,2,10.07,slope
64,3,11.34,slope
64,4,10.91,slope
64,5,11.75,slope
64,6,12.97,slope
64,7,13.03,slope
64,8,12.21,slope
64,9,13.88,slope
64,10,15.16,slope
64,10-1,16.04,slope
64,11,14.99,slope
64,12,14.23,slope
64,13,14.93,slope
64,14,13.89,slope
64,15,6.14,slope
64,15-1,5.58,slope
64,16,4.30,slope
64,16-1,4.20,slope
64,17,7.33,slope
64,18,19.15,slope
64,19,19.92,slope
64,20,15.36,slope
64,21,17.43,slope
64,22,13.73,slope
64,24,9.32,slope
64,25,10.95,slope
64,25-1,10.99,slope
64,26,11.48,slope
64,27,12.59,slope
64,28,14.28,slope
64,29,24.43,slope
64,30,16.72,slope
64,31,15.15,slope
64,32,15.61,slope
64,32-1,15.65,slope
64,33,16.49,slope
64,34,18.10,slope
64,35,17.90,slope
64,36,19.94,slope
64,37,17.43,slope
64,38,18.58,slope
64,39,21.88,slope
64,40,21.89,slope
64,43,16.57,slope
64,43-1,17.01,slope
64,43-2,16.48,slope
64,44-1,20.55,slope
64,49,13.55,slope
64,50,9.24,slope
64,51,10.67,slope
64,52,11.35,slope
64,52-1,11.93,slope
64,52-2,12.08,slope
64,53,11.92,slope
64,54,10.58,slope
64,55,10.28,slope
64,56,14.69,slope
64,57,11.50,slope
64,57-1,11.83,slope
64,58,8.38,slope
64,59,11.20,slope
64,59-1,11.03,slope
64,61,12.16,slope
64,62,11.41,slope
64,66,32.72,slope
64,71,11.65,slope
64,71-1,10.12,slope
64,73,6.60,slope
64,74,10.75,slope
64,75,15.40,slope
64,75-1,14.97,slope
64,80,16.01,slope
64,81,14.06,slope
64,82,13.96,slope
64,83,9.48,slope
64,84,7.85,slope
64,85,15.46,slope
64,85-1,16.90,slope
64,86,15.15,slope
64,101,2.35,slope
64,103,4.17,slope
64,105-2,28.50,slope
64,129,12.96,slope
64,132,26.22,slope
64,135,22.79,slope
64,140,14.35,slope
64,140-1,14.35,slope
64,140-2,14.35,slope
64,142,24.30,slope
64,143,17.65,slope
64,152-1,9.45,slope
64,153,8.79,slope
64,200,11.48,slope
64,201,14.40,slope
64,203,11.47,slope
64,207,12.18,slope
64,220,13.30,slope
64,221,15.67,slope
64,222,13.05,slope
64,223,15.38,slope
64,300,32.90,slope
64,301,34.00,slope
64,302,37.86,slope
64,500,9.46,slope
64,900,21.07,slope
64,901,20.96,slope
64,902,20.19,slope
64,903,20.91,slope
64,904,20.62,slope
64,905,21.42,slope
64,906,21.62,slope
64,915,25.26,slope
64,916,26.23,slope
64,917,27.19,slope
64,918,23.08,slope
64,919,23.00,slope
64,921,24.58,slope
64,922,24.49,slope
64,923,25.16,slope
64,924,25.17,slope
64,925,24.37,slope
64,926,24.69,slope
64,931,29.26,slope
64,932,28.72,slope
64,933,29.23,slope
64,934,29.51,slope
64,935,30.37,slope
64,942,30.81,slope
64,946,24.93,slope
64,GATE,4.16,slope
66,1,17.84,slope
66,2,18.43,slope
66,3,18.21,slope
66,4,19.00,slope
66,5,17.61,slope
66,6,16.08,slope
66,7,16.97,slope
66,8,18.02,slope
66,9,16.06,slope
66,10,15.38,slope
66,10-1,15.31,slope
66,11,15.85,slope
66,12,17.66,slope
66,13,15.71,slope
66,14,15.42,slope
66,15,20.84,slope
66,15-1,22.40,slope
66,16,21.87,slope
66,16-1,21.71,slope
66,17,20.98,slope
66,18,10.68,slope
66,19,11.58,slope
66,20,11.13,slope
66,21,10.53,slope
66,22,13.49,slope
66,24,17.02,slope
66,25,17.29,slope
66,25-1,18.15,slope
66,26,17.29,slope
66,27,14.78,slope
66,28,14.20,slope
66,29,1.30,slope
66,30,13.32,slope
66,31,14.41,slope
66,32,17.45,slope
66,32-1,16.09,slope
66,33,14.62,slope
66,34,12.88,slope
66,35,10.33,slope
66,36,13.11,slope
66,37,14.40,slope
66,38,13.80,slope
66,39,11.51,slope
66,40,9.92,slope
66,43,11.21,slope
66,43-1,11.54,slope
66,43-2,11.54,slope
66,44-1,12.90,slope
66,49,22.46,slope
66,50,20.58,slope
66,51,21.99,slope
66,52,21.96,slope
66,52-1,23.46,slope
66,52-2,23.04,slope
66,53,21.52,slope
66,54,20.44,slope
66,55,20.44,slope
66,56,11.63,slope
66,57,26.54,slope
66,57-1,25.38,slope
66,58,25.15,slope
66,59,25.88,slope
66,59-1,25.10,slope
66,61,17.30,slope
66,62,16.04,slope
66,64,24.76,slope
66,71,27.80,slope
66,71-1,27.29,slope
66,73,21.32,slope
66,74,19.57,slope
66,75,16.56,slope
66,75-1,17.34,slope
66,80,34.75,slope
66,81,26.05,slope
66,82,19.27,slope
66,83,22.09,slope
66,84,20.18,slope
66,85,27.43,slope
66,85-1,35.74,slope
66,86,34.18,slope
66,101,24.18,slope
66,103,21.46,slope
66,105-2,6.37,slope
66,129,15.00,slope
66,132,4.01,slope
66,135,10.85,slope
66,140,20.99,slope
66,140-1,20.99,slope
66,140-2,20.99,slope
66,142,0.89,slope
66,143,9.42,slope
66,152-1,28.39,slope
66,153,27.78,slope
66,200,15.57,slope
66,201,16.78,slope
66,203,17.00,slope
66,207,23.14,slope
66,220,23.52,slope
66,221,22.53,slope
66,222,24.34,slope
66,223,23.77,slope
66,300,13.32,slope
66,301,14.46,slope
66,302,18.31,slope
66,500,18.38,slope
66,900,15.13,slope
66,901,15.02,slope
66,902,14.25,slope
66,903,11.41,slope
66,904,11.12,slope
66,905,11.58,slope
66,906,15.68,slope
66,915,19.31,slope
66,916,20.29,slope
66,917,21.25,slope
66,918,12.55,slope
66,919,18.60,slope
66,921,18.64,slope
66,922,18.54,slope
66,923,19.21,slope
66,924,19.22,slope
66,925,18.43,slope
66,926,18.74,slope
66,931,23.32,slope
66,932,22.78,slope
66,933,23.29,slope
66,934,23.57,slope
66,935,24.43,slope
66,942,25.39,slope
66,946,18.99,slope
66,GATE,27.98,slope
71,1,16.05,slope
71,2,16.13,slope
71,3,16.95,slope
71,4,17.04,slope
71,5,17.61,slope
71,6,17.81,slope
71,7,18.67,slope
71,8,19.21,slope
71,9,19.04,slope
71,10,19.58,slope
71,10-1,19.91,slope
71,11,20.38,slope
71,12,20.25,slope
71,13,20.79,slope
71,14,17.40,slope
71,15,11.69,slope
71,15-1,13.26,slope
71,16,7.69,slope
71,16-1,12.15,slope
71,17,11.25,slope
71,18,26.81,slope
71,19,27.52,slope
71,20,21.60,slope
71,21,24.80,slope
71,22,21.28,slope
71,24,17.91,slope
71,25,19.18,slope
71,25-1,19.60,slope
71,26,19.72,slope
71,27,21.28,slope
71,28,22.31,slope
71,29,33.31,slope
71,30,24.46,slope
71,31,23.91,slope
71,32,25.75,slope
71,32-1,25.68,slope
71,33,26.04,slope
71,34,25.63,slope
71,35,25.49,slope
71,36,27.49,slope
71,37,25.96,slope
71,38,27.88,slope
71,39,30.50,slope
71,40,30.29,slope
71,43,24.12,slope
71,43-1,24.55,slope
71,43-2,23.94,slope
71,44-1,28.17,slope
71,49,12.26,slope
71,50,10.49,slope
71,51,10.57,slope
71,52,10.39,slope
71,52-1,10.39,slope
71,52-2,11.39,slope
71,53,11.50,slope
71,54,12.58,slope
71,55,12.82,slope
71,56,22.23,slope
71,57,4.66,slope
71,57-1,4.75,slope
71,58,3.61,slope
71,59,4.47,slope
71,59-1,4.23,slope
71,61,18.26,slope
71,62,18.16,slope
71,64,10.36,slope
71,66,33.44,slope
71,71-1,1.10,slope
71,73,13.68,slope
71,74,13.49,slope
71,75,25.41,slope
71,75-1,24.96,slope
71,80,7.48,slope
71,81,6.30,slope
71,82,13.83,slope
71,83,9.79,slope
71,84,11.94,slope
71,85,10.94,slope
71,85-1,8.47,slope
71,86,6.63,slope
71,101,11.25,slope
71,103,12.61,slope
71,105-2,34.90,slope
71,129,22.99,slope
71,132,32.74,slope
71,135,30.33,slope
71,140,9.20,slope
71,140-1,9.20,slope
71,140-2,10.05,slope
71,142,32.47,slope
71,143,23.80,slope
71,152-1,5.45,slope
71,153,4.95,slope
71,200,21.46,slope
71,201,24.40,slope
71,203,21.44,slope
71,207,10.68,slope
71,220,8.39,slope
71,221,8.19,slope
71,222,9.33,slope
71,223,7.31,slope
71,300,40.57,slope
71,301,41.70,slope
71,302,45.57,slope
71,500,19.35,slope
71,900,20.32,slope
71,901,20.21,slope
71,902,19.44,slope
71,903,20.16,slope
71,904,19.87,slope
71,905,20.66,slope
71,906,20.87,slope
71,915,24.50,slope
71,916,25.48,slope
71,917,26.44,slope
71,918,22.33,slope
71,919,21.76,slope
71,921,23.83,slope
71,922,23.73,slope
71,923,24.40,slope
71,924,24.41,slope
71,925,23.61,slope
71,926,23.93,slope
71,931,28.51,slope
71,932,27.97,slope
71,933,28.48,slope
71,934,28.76,slope
71,935,29.62,slope
71,942,29.54,slope
71,946,24.18,slope
71,GATE,7.86,slope
71-1,1,14.23,slope
71-1,2,14.31,slope
71-1,3,15.09,slope
71-1,4,15.18,slope
71-1,5,15.74,slope
71-1,6,16.42,slope
71-1,7,17.00,slope
71-1,8,16.50,slope
71-1,9,18.18,slope
71-1,10,18.61,slope
71-1,10-1,19.44,slope
71-1,11,19.51,slope
71-1,12,18.56,slope
71-1,13,18.98,slope
71-1,14,16.94,slope
71-1,15,9.88,slope
71-1,15-1,11.43,slope
71-1,16,5.87,slope
71-1,16-1,10.32,slope
71-1,17,9.43,slope
71-1,18,25.00,slope
71-1,19,25.71,slope
71-1,20,19.79,slope
71-1,21,23.00,slope
71-1,22,19.47,slope
71-1,24,16.10,slope
71-1,25,17.36,slope
71-1,25-1,17.78,slope
71-1,26,17.90,slope
71-1,27,19.47,slope
71-1,28,20.49,slope
71-1,29,31.51,slope
71-1,30,22.65,slope
71-1,31,22.10,slope
71-1,32,23.94,slope
71-1,32-1,23.99,slope
71-1,33,24.23,slope
71-1,34,23.82,slope
71-1,35,23.68,slope
71-1,36,25.68,slope
71-1,37,24.15,slope
71-1,38,26.06,slope
71-1,39,28.69,slope
71-1,40,28.48,slope
71-1,43,22.31,slope
71-1,43-1,22.74,slope
71-1,43-2,22.13,slope
71-1,44-1,26.36,slope
71-1,49,11.92,slope
71-1,50,8.67,slope
71-1,51,8.54,slope
71-1,52,10.02,slope
71-1,52-1,10.02,slope
71-1,52-2,9.67,slope
71-1,53,11.14,slope
71-1,54,11.33,slope
71-1,55,10.83,slope
71-1,56,20.42,slope
71-1,57,2.99,slope
71-1,57-1,3.00,slope
71-1,58,1.74,slope
71-1,59,2.46,slope
71-1,59-1,2.40,slope
71-1,61,16.44,slope
71-1,62,16.35,slope
71-1,64,8.73,slope
71-1,66,33.16,slope
71-1,71,1.02,slope
71-1,73,11.86,slope
71-1,74,11.68,slope
71-1,75,23.73,slope
71-1,75-1,23.29,slope
71-1,80,7.95,slope
71-1,81,5.93,slope
71-1,82,13.48,slope
71-1,83,7.98,slope
71-1,84,10.13,slope
71-1,85,7.91,slope
71-1,85-1,9.26,slope
71-1,86,7.08,slope
71-1,101,9.41,slope
71-1,103,10.77,slope
71-1,105-2,34.51,slope
71-1,129,21.02,slope
71-1,132,32.36,slope
71-1,135,28.52,slope
71-1,140,8.81,slope
71-1,140-1,8.81,slope
71-1,140-2,9.75,slope
71-1,142,30.68,slope
71-1,143,21.99,slope
71-1,152-1,4.04,slope
71-1,153,3.12,slope
71-1,200,19.79,slope
71-1,201,22.72,slope
71-1,203,19.77,slope
71-1,207,8.93,slope
71-1,220,8.08,slope
71-1,221,7.81,slope
71-1,222,8.17,slope
71-1,223,6.98,slope
71-1,300,38.76,slope
71-1,301,39.89,slope
71-1,302,43.76,slope
71-1,500,17.69,slope
71-1,900,19.33,slope
71-1,901,19.23,slope
71-1,902,18.46,slope
71-1,903,19.17,slope
71-1,904,18.88,slope
71-1,905,19.68,slope
71-1,906,19.88,slope
71-1,915,23.52,slope
71-1,916,24.50,slope
71-1,917,25.46,slope
71-1,918,21.34,slope
71-1,919,21.35,slope
71-1,921,22.85,slope
71-1,922,22.75,slope
71-1,923,23.42,slope
71-1,924,23.43,slope
71-1,925,22.63,slope
71-1,926,22.95,slope
71-1,931,27.53,slope
71-1,932,26.98,slope
71-1,933,27.50,slope
71-1,934,27.78,slope
71-1,935,28.64,slope
71-1,942,29.11,slope
71-1,946,23.20,slope
71-1,GATE,5.99,slope
73,1,3.65,slope
73,2,3.70,slope
73,3,4.97,slope
73,4,4.54,slope
73,5,5.38,slope
73,6,6.61,slope
73,7,6.66,slope
73,8,5.84,slope
73,9,7.51,slope
73,10,8.79,slope
73,10-1,9.67,slope
73,11,8.61,slope
73,12,7.86,slope
73,13,8.45,slope
73,14,7.51,slope
73,15,1.22,slope
73,15-1,1.39,slope
73,16,2.53,slope
73,16-1,1.86,slope
73,17,2.78,slope
73,18,13.91,slope
73,19,14.67,slope
73,20,9.10,slope
73,21,12.18,slope
73,22,8.49,slope
73,24,4.23,slope
73,25,5.85,slope
73,25-1,5.89,slope
73,26,6.39,slope
73,27,8.00,slope
73,28,9.18,slope
73,29,20.30,slope
73,30,11.69,slope
73,31,11.13,slope
73,32,12.43,slope
73,32-1,12.78,slope
73,33,13.25,slope
73,34,12.84,slope
73,35,12.64,slope
73,36,14.68,slope
73,37,13.17,slope
73,38,15.07,slope
73,39,17.77,slope
73,40,17.48,slope
73,43,11.31,slope
73,43-1,11.75,slope
73,43-2,11.18,slope
73,44-1,15.30,slope
73,49,8.16,slope
73,50,3.86,slope
73,51,5.26,slope
73,52,5.88,slope
73,52-1,6.46,slope
73,52-2,6.63,slope
73,53,6.54,slope
73,54,5.23,slope
73,55,4.91,slope
73,56,9.43,slope
73,57,9.99,slope
73,57-1,8.84,slope
73,58,7.86,slope
73,59,9.27,slope
73,59-1,9.42,slope
73,61,5.79,slope
73,62,5.39,slope
73,64,5.53,slope
73,66,28.42,slope
73,71,13.58,slope
73,71-1,11.84,slope
73,74,4.12,slope
73,75,12.53,slope
73,75-1,12.10,slope
73,80,19.09,slope
73,81,14.00,slope
73,82,8.27,slope
73,83,4.75,slope
73,84,1.98,slope
73,85,15.41,slope
73,85-1,19.91,slope
73,86,18.21,slope
73,101,3.29,slope
73,103,1.17,slope
73,105-2,24.64,slope
73,129,9.61,slope
73,132,22.04,slope
73,135,17.52,slope
73,140,8.97,slope
73,140-1,8.97,slope
73,140-2,8.97,slope
73,142,19.62,slope
73,143,11.34,slope
73,152-1,11.18,slope
73,153,10.57,slope
73,200,8.61,slope
73,201,11.53,slope
73,203,8.60,slope
73,207,6.72,slope
73,220,7.34,slope
73,221,9.59,slope
73,222,7.72,slope
73,223,12.60,slope
73,300,27.65,slope
73,301,28.76,slope
73,302,32.61,slope
73,500,6.55,slope
73,900,15.07,slope
73,901,14.97,slope
73,902,14.20,slope
73,903,14.91,slope
73,904,14.62,slope
73,905,15.42,slope
73,906,15.62,slope
73,915,19.26,slope
73,916,20.24,slope
73,917,21.20,slope
73,918,17.08,slope
73,919,15.93,slope
73,921,18.59,slope
73,922,18.49,slope
73,923,19.16,slope
73,924,19.17,slope
73,925,18.37,slope
73,926,18.69,slope
73,931,23.27,slope
73,932,22.73,slope
73,933,23.24,slope
73,934,23.52,slope
73,935,24.38,slope
73,942,23.75,slope
73,946,18.94,slope
73,GATE,9.24,slope
74,1,3.21,slope
74,2,3.06,slope
74,3,2.62,slope
74,4,2.73,slope
74,5,3.31,slope
74,6,3.97,slope
74,7,4.57,slope
74,8,5.38,slope
74,9,5.72,slope
74,10,6.15,slope
74,10-1,7.01,slope
74,11,7.04,slope
74,12,7.20,slope
74,13,7.59,slope
74,14,4.85,slope
74,15,1.99,slope
74,15-1,4.10,slope
74,16,3.23,slope
74,16-1,3.09,slope
74,17,1.91,slope
74,18,13.61,slope
74,19,14.37,slope
74,20,8.41,slope
74,21,12.00,slope
74,22,8.41,slope
74,24,5.15,slope
74,25,6.40,slope
74,25-1,6.82,slope
74,26,6.94,slope
74,27,8.50,slope
74,28,9.49,slope
74,29,20.15,slope
74,30,11.59,slope
74,31,11.04,slope
74,32,13.54,slope
74,32-1,13.31,slope
74,33,13.16,slope
74,34,12.74,slope
74,35,12.41,slope
74,36,14.58,slope
74,37,13.08,slope
74,38,14.98,slope
74,39,17.64,slope
74,40,17.38,slope
74,43,11.20,slope
74,43-1,11.66,slope
74,43-2,11.07,slope
74,44-1,15.24,slope
74,49,2.76,slope
74,50,1.49,slope
74,51,2.99,slope
74,52,3.13,slope
74,52-1,3.75,slope
74,52-2,4.28,slope
74,53,1.98,slope
74,54,0.82,slope
74,55,0.78,slope
74,56,9.33,slope
74,57,7.16,slope
74,57-1,6.01,slope
74,58,6.33,slope
74,59,6.44,slope
74,59-1,6.91,slope
74,61,5.14,slope
74,62,5.29,slope
74,64,8.46,slope
74,66,24.50,slope
74,71,11.93,slope
74,71-1,10.18,slope
74,73,3.19,slope
74,75,13.05,slope
74,75-1,12.63,slope
74,80,17.46,slope
74,81,10.70,slope
74,82,2.73,slope
74,83,3.13,slope
74,84,0.73,slope
74,85,12.06,slope
74,85-1,17.70,slope
74,86,16.57,slope
74,101,5.79,slope
74,103,4.50,slope
74,105-2,24.69,slope
74,129,10.68,slope
74,132,21.86,slope
74,135,17.41,slope
74,140,5.60,slope
74,140-1,5.60,slope
74,140-2,5.60,slope
74,142,19.47,slope
74,143,10.63,slope
74,152-1,9.53,slope
74,153,8.94,slope
74,200,9.03,slope
74,201,12.05,slope
74,203,9.11,slope
74,207,4.37,slope
74,220,4.06,slope
74,221,6.32,slope
74,222,4.89,slope
74,223,9.29,slope
74,300,27.54,slope
74,301,28.64,slope
74,302,32.50,slope
74,500,9.72,slope
74,900,10.79,slope
74,901,10.68,slope
74,902,9.91,slope
74,903,10.63,slope
74,904,10.34,slope
74,905,11.14,slope
74,906,11.34,slope
74,915,14.97,slope
74,916,15.95,slope
74,917,16.91,slope
74,918,12.80,slope
74,919,11.96,slope
74,921,14.30,slope
74,922,14.20,slope
74,923,14.87,slope
74,924,14.88,slope
74,925,14.09,slope
74,926,14.41,slope
74,931,18.98,slope
74,932,18.44,slope
74,933,18.95,slope
74,934,19.23,slope
74,935,20.09,slope
74,942,19.78,slope
74,946,14.65,slope
74,GATE,9.88,slope
75,1,10.10,slope
75,2,10.81,slope
75,3,11.92,slope
75,4,11.92,slope
75,5,11.10,slope
75,6,12.85,slope
75,7,12.25,slope
75,8,11.60,slope
75,9,12.47,slope
75,10,14.25,slope
75,10-1,15.75,slope
75,11,13.71,slope
75,12,12.95,slope
75,13,11.28,slope
75,14,13.93,slope
75,15,12.47,slope
75,15-1,13.01,slope
75,16,13.88,slope
75,16-1,12.90,slope
75,17,14.19,slope
75,18,9.23,slope
75,19,7.94,slope
75,20,9.36,slope
75,21,8.57,slope
75,22,4.38,slope
75,24,5.94,slope
75,25,4.53,slope
75,25-1,6.30,slope
75,26,6.50,slope
75,27,3.21,slope
75,28,3.41,slope
75,29,15.41,slope
75,30,5.67,slope
75,31,2.80,slope
75,32,1.03,slope
75,32-1,0.91,slope
75,33,1.53,slope
75,34,6.46,slope
75,35,7.52,slope
75,36,4.57,slope
75,37,3.03,slope
75,38,3.16,slope
75,39,6.97,slope
75,40,6.91,slope
75,43,7.05,slope
75,43-1,6.44,slope
75,43-2,5.81,slope
75,44-1,6.30,slope
75,49,17.69,slope
75,50,13.78,slope
75,51,15.33,slope
75,52,15.49,slope
75,52-1,16.09,slope
75,52-2,16.61,slope
75,53,16.80,slope
75,54,15.72,slope
75,55,14.40,slope
75,56,5.76,slope
75,57,19.89,slope
75,57-1,18.74,slope
75,58,18.24,slope
75,59,19.17,slope
75,59-1,19.24,slope
75,61,10.90,slope
75,62,8.51,slope
75,64,12.22,slope
75,66,20.49,slope
75,71,23.06,slope
75,71-1,21.58,slope
75,73,10.71,slope
75,74,12.75,slope
75,75-1,0.85,slope
75,80,27.54,slope
75,81,23.43,slope
75,82,17.32,slope
75,83,15.34,slope
75,84,12.92,slope
75,85,24.78,slope
75,85-1,28.34,slope
75,86,26.64,slope
75,101,13.49,slope
75,103,10.59,slope
75,105-2,13.11,slope
75,129,2.59,slope
75,132,14.48,slope
75,135,8.13,slope
75,140,18.34,slope
75,140-1,18.34,slope
75,140-2,18.34,slope
75,142,14.67,slope
75,143,11.06,slope
75,152-1,20.94,slope
75,153,20.36,slope
75,200,1.66,slope
75,201,1.45,slope
75,203,3.72,slope
75,207,16.70,slope
75,220,16.81,slope
75,221,19.06,slope
75,222,17.62,slope
75,223,22.02,slope
75,300,17.33,slope
75,301,18.38,slope
75,302,22.24,slope
75,500,5.03,slope
75,900,21.41,slope
75,901,21.30,slope
75,902,20.53,slope
75,903,21.25,slope
75,904,20.96,slope
75,905,21.76,slope
75,906,21.96,slope
75,915,25.59,slope
75,916,26.57,slope
75,917,27.53,slope
75,918,23.42,slope
75,919,22.37,slope
75,921,24.92,slope
75,922,24.82,slope
75,923,25.49,slope
75,924,25.50,slope
75,925,24.71,slope
75,926,25.02,slope
75,931,29.60,slope
75,932,29.06,slope
75,933,29.57,slope
75,934,29.85,slope
75,935,30.71,slope
75,942,30.11,slope
75,946,25.27,slope
75,GATE,15.73,slope
75-1,1,10.24,slope
75-1,2,10.95,slope
75-1,3,12.06,slope
75-1,4,12.05,slope
75-1,5,11.22,slope
75-1,6,12.97,slope
75-1,7,12.36,slope
75-1,8,11.71,slope
75-1,9,12.59,slope
75-1,10,14.37,slope
75-1,10-1,15.86,slope
75-1,11,13.82,slope
75-1,12,13.06,slope
75-1,13,11.39,slope
75-1,14,14.05,slope
75-1,15,12.59,slope
75-1,15-1,13.14,slope
75-1,16,13.99,slope
75-1,16-1,13.02,slope
75-1,17,14.32,slope
75-1,18,10.40,slope
75-1,19,9.53,slope
75-1,20,9.46,slope
75-1,21,8.67,slope
75-1,22,4.50,slope
75-1,24,6.07,slope
75-1,25,4.65,slope
75-1,25-1,6.46,slope
75-1,26,6.63,slope
75-1,27,3.31,slope
75-1,28,3.51,slope
75-1,29,15.50,slope
75-1,30,5.85,slope
75-1,31,3.51,slope
75-1,32,2.12,slope
75-1,32-1,2.30,slope
75-1,33,3.15,slope
75-1,34,8.06,slope
75-1,35,8.96,slope
75-1,36,6.16,slope
75-1,37,4.13,slope
75-1,38,5.24,slope
75-1,39,8.81,slope
75-1,40,8.58,slope
75-1,43,7.15,slope
75-1,43-1,6.55,slope
75-1,43-2,5.96,slope
75-1,44-1,7.90,slope
75-1,49,17.80,slope
75-1,50,13.90,slope
75-1,51,15.44,slope
75-1,52,15.60,slope
75-1,52-1,16.21,slope
75-1,52-2,16.73,slope
75-1,53,16.92,slope
75-1,54,15.83,slope
75-1,55,14.52,slope
75-1,56,5.88,slope
75-1,57,20.01,slope
75-1,57-1,18.86,slope
75-1,58,18.36,slope
75-1,59,19.29,slope
75-1,59-1,19.35,slope
75-1,61,11.02,slope
75-1,62,8.64,slope
75-1,64,12.35,slope
75-1,66,22.18,slope
75-1,71,23.20,slope
75-1,71-1,21.71,slope
75-1,73,10.84,slope
75-1,74,12.87,slope
75-1,75,1.20,slope
75-1,80,27.66,slope
75-1,81,23.55,slope
75-1,82,17.43,slope
75-1,83,15.47,slope
75-1,84,13.05,slope
75-1,85,24.91,slope
75-1,85-1,28.48,slope
75-1,86,26.77,slope
75-1,101,13.61,slope
75-1,103,10.67,slope
75-1,105-2,15.20,slope
75-1,129,2.71,slope
75-1,132,16.58,slope
75-1,135,9.73,slope
75-1,140,18.46,slope
75-1,140-1,18.46,slope
75-1,140-2,18.46,slope
75-1,142,14.76,slope
75-1,143,11.16,slope
75-1,152-1,21.07,slope
75-1,153,20.48,slope
75-1,200,1.49,slope
75-1,201,0.70,slope
75-1,203,3.83,slope
75-1,207,16.82,slope
75-1,220,16.92,slope
75-1,221,19.17,slope
75-1,222,17.73,slope
75-1,223,22.14,slope
75-1,300,19.42,slope
75-1,301,20.47,slope
75-1,302,24.33,slope
75-1,500,5.20,slope
75-1,900,21.61,slope
75-1,901,21.50,slope
75-1,902,20.74,slope
75-1,903,21.45,slope
75-1,904,21.16,slope
75-1,905,21.96,slope
75-1,906,22.16,slope
75-1,915,25.80,slope
75-1,916,26.78,slope
75-1,917,27.73,slope
75-1,918,23.62,slope
75-1,919,22.48,slope
75-1,921,25.12,slope
75-1,922,25.03,slope
75-1,923,25.70,slope
75-1,924,25.71,slope
75-1,925,24.91,slope
75-1,926,25.23,slope
75-1,931,29.81,slope
75-1,932,29.26,slope
75-1,933,29.78,slope
75-1,934,30.05,slope
75-1,935,30.91,slope
75-1,942,30.23,slope
75-1,946,25.48,slope
75-1,GATE,15.86,slope
80,1,19.97,slope
80,2,20.04,slope
80,3,20.55,slope
80,4,20.64,slope
80,5,21.21,slope
80,6,21.87,slope
80,7,22.47,slope
80,8,22.83,slope
80,9,24.04,slope
80,10,24.31,slope
80,10-1,24.98,slope
80,11,25.02,slope
80,12,25.17,slope
80,13,24.68,slope
80,14,23.09,slope
80,15,15.61,slope
80,15-1,17.17,slope
80,16,11.63,slope
80,16-1,16.09,slope
80,17,15.17,slope
80,18,30.71,slope
80,19,31.42,slope
80,20,25.50,slope
80,21,28.60,slope
80,22,25.22,slope
80,24,21.82,slope
80,25,23.13,slope
80,25-1,23.49,slope
80,26,23.67,slope
80,27,25.17,slope
80,28,26.25,slope
80,29,37.51,slope
80,30,28.38,slope
80,31,27.84,slope
80,32,28.97,slope
80,32-1,28.95,slope
80,33,29.80,slope
80,34,29.55,slope
80,35,29.38,slope
80,36,31.40,slope
80,37,29.89,slope
80,38,31.90,slope
80,39,34.34,slope
80,40,34.20,slope
80,43,28.02,slope
80,43-1,28.47,slope
80,43-2,27.84,slope
80,44-1,32.08,slope
80,49,18.17,slope
80,50,14.41,slope
80,51,14.48,slope
80,52,15.29,slope
80,52-1,15.23,slope
80,52-2,15.20,slope
80,53,16.72,slope
80,54,16.61,slope
80,55,16.47,slope
80,56,26.14,slope
80,57,10.09,slope
80,57-1,10.40,slope
80,58,8.57,slope
80,59,10.20,slope
80,59-1,9.95,slope
80,61,22.16,slope
80,62,22.10,slope
80,64,13.75,slope
80,66,39.50,slope
80,71,5.95,slope
80,71-1,6.78,slope
80,73,17.63,slope
80,74,17.37,slope
80,75,28.69,slope
80,75-1,28.26,slope
80,81,3.55,slope
80,82,19.65,slope
80,83,13.68,slope
80,84,15.86,slope
80,85,1.97,slope
80,85-1,1.14,slope
80,86,1.97,slope
80,101,15.18,slope
80,103,16.55,slope
80,105-2,39.41,slope
80,129,26.29,slope
80,132,37.30,slope
80,135,34.22,slope
80,140,14.84,slope
80,140-1,14.84,slope
80,140-2,15.64,slope
80,142,36.63,slope
80,143,27.66,slope
80,152-1,6.84,slope
80,153,7.44,slope
80,200,24.77,slope
80,201,27.69,slope
80,203,24.75,slope
80,207,14.52,slope
80,220,13.58,slope
80,221,13.68,slope
80,222,13.44,slope
80,223,12.92,slope
80,300,43.91,slope
80,301,45.06,slope
80,302,48.92,slope
80,500,22.68,slope
80,900,23.05,slope
80,901,22.95,slope
80,902,22.18,slope
80,903,22.89,slope
80,904,22.60,slope
80,905,23.40,slope
80,906,23.60,slope
80,915,27.24,slope
80,916,28.22,slope
80,917,29.18,slope
80,918,25.06,slope
80,919,27.47,slope
80,921,26.57,slope
80,922,26.47,slope
80,923,27.14,slope
80,924,27.15,slope
80,925,26.35,slope
80,926,26.67,slope
80,931,33.70,slope
80,932,33.16,slope
80,933,34.15,slope
80,934,34.97,slope
80,935,34.01,slope
80,942,32.66,slope
80,946,26.92,slope
80,GATE,8.61,slope
81,1,13.94,slope
81,2,14.84,slope
81,3,13.82,slope
81,4,13.91,slope
81,5,14.48,slope
81,6,14.45,slope
81,7,15.31,slope
81,8,16.07,slope
81,9,16.06,slope
81,10,16.44,slope
81,10-1,16.58,slope
81,11,17.06,slope
81,12,18.03,slope
81,13,18.26,slope
81,14,14.32,slope
81,15,10.81,slope
81,15-1,12.94,slope
81,16,8.65,slope
81,16-1,11.90,slope
81,17,10.79,slope
81,18,25.18,slope
81,19,25.90,slope
81,20,19.98,slope
81,21,22.96,slope
81,22,19.18,slope
81,24,15.87,slope
81,25,17.12,slope
81,25-1,17.54,slope
81,26,17.66,slope
81,27,19.22,slope
81,28,20.23,slope
81,29,30.99,slope
81,30,22.32,slope
81,31,21.79,slope
81,32,24.28,slope
81,32-1,24.03,slope
81,33,23.91,slope
81,34,23.49,slope
81,35,23.88,slope
81,36,25.32,slope
81,37,23.84,slope
81,38,25.74,slope
81,39,28.26,slope
81,40,28.13,slope
81,43,21.95,slope
81,43-1,22.41,slope
81,43-2,21.79,slope
81,44-1,26.56,slope
81,49,9.40,slope
81,50,9.41,slope
81,51,8.75,slope
81,52,7.02,slope
81,52-1,7.02,slope
81,52-2,8.25,slope
81,53,8.11,slope
81,54,9.25,slope
81,55,9.90,slope
81,56,20.09,slope
81,57,5.16,slope
81,57-1,5.36,slope
81,58,4.62,slope
81,59,5.24,slope
81,59-1,5.25,slope
81,61,16.45,slope
81,62,16.07,slope
81,64,11.63,slope
81,66,30.52,slope
81,71,5.10,slope
81,71-1,4.68,slope
81,73,12.89,slope
81,74,10.99,slope
81,75,23.78,slope
81,75-1,23.35,slope
81,80,3.36,slope
81,82,10.78,slope
81,83,9.92,slope
81,84,10.34,slope
81,85,1.17,slope
81,85-1,2.18,slope
81,86,5.69,slope
81,101,12.27,slope
81,103,13.39,slope
81,105-2,30.63,slope
81,129,21.40,slope
81,132,28.49,slope
81,135,28.13,slope
81,140,6.16,slope
81,140-1,6.16,slope
81,140-2,6.91,slope
81,142,30.68,slope
81,143,22.14,slope
81,152-1,6.92,slope
81,153,5.98,slope
81,200,19.75,slope
81,201,22.77,slope
81,203,19.84,slope
81,207,8.23,slope
81,220,5.00,slope
81,221,5.08,slope
81,222,6.18,slope
81,223,4.15,slope
81,300,37.25,slope
81,301,38.39,slope
81,302,42.22,slope
81,500,20.55,slope
81,900,17.46,slope
81,901,17.35,slope
81,902,16.58,slope
81,903,17.30,slope
81,904,17.01,slope
81,905,17.81,slope
81,906,18.01,slope
81,915,21.64,slope
81,916,22.62,slope
81,917,23.58,slope
81,918,19.47,slope
81,919,18.72,slope
81,921,20.97,slope
81,922,20.87,slope
81,923,21.54,slope
81,924,21.55,slope
81,925,20.76,slope
81,926,21.08,slope
81,931,25.65,slope
81,932,25.11,slope
81,933,25.62,slope
81,934,25.90,slope
81,935,26.76,slope
81,942,26.48,slope
81,946,21.32,slope
81,GATE,8.80,slope
82,1,6.38,slope
82,2,5.48,slope
82,3,4.28,slope
82,4,4.38,slope
82,5,4.96,slope
82,6,5.49,slope
82,7,6.22,slope
82,8,7.03,slope
82,9,6.61,slope
82,10,5.78,slope
82,10-1,5.91,slope
82,11,6.38,slope
82,12,8.71,slope
82,13,9.28,slope
82,14,3.65,slope
82,15,4.25,slope
82,15-1,6.60,slope
82,16,5.50,slope
82,16-1,5.33,slope
82,17,4.16,slope
82,18,15.70,slope
82,19,16.47,slope
82,20,10.50,slope
82,21,14.03,slope
82,22,11.49,slope
82,24,8.23,slope
82,25,9.50,slope
82,25-1,9.92,slope
82,26,10.04,slope
82,27,12.25,slope
82,28,13.08,slope
82,29,22.42,slope
82,30,14.76,slope
82,31,14.15,slope
82,32,17.20,slope
82,32-1,16.68,slope
82,33,16.27,slope
82,34,15.86,slope
82,35,14.55,slope
82,36,16.74,slope
82,37,16.19,slope
82,38,18.09,slope
82,39,19.86,slope
82,40,20.23,slope
82,43,13.37,slope
82,43-1,14.16,slope
82,43-2,13.95,slope
82,44-1,17.48,slope
82,49,1.67,slope
82,50,3.72,slope
82,51,5.13,slope
82,52,3.90,slope
82,52-1,4.06,slope
82,52-2,5.03,slope
82,53,2.19,slope
82,54,2.43,slope
82,55,2.56,slope
82,56,12.34,slope
82,57,7.24,slope
82,57-1,6.10,slope
82,58,8.17,slope
82,59,6.51,slope
82,59-1,7.25,slope
82,61,6.94,slope
82,62,8.10,slope
82,64,10.80,slope
82,66,22.17,slope
82,71,10.71,slope
82,71-1,10.29,slope
82,73,6.24,slope
82,74,1.92,slope
82,75,16.66,slope
82,75-1,16.23,slope
82,80,17.31,slope
82,81,8.76,slope
82,83,5.41,slope
82,84,3.38,slope
82,85,10.11,slope
82,85-1,18.07,slope
82,86,16.42,slope
82,101,8.18,slope
82,103,7.00,slope
82,105-2,19.94,slope
82,129,14.37,slope
82,132,17.81,slope
82,135,19.59,slope
82,140,3.43,slope
82,140-1,3.43,slope
82,140-2,3.43,slope
82,142,21.78,slope
82,143,12.75,slope
82,152-1,11.90,slope
82,153,11.27,slope
82,200,12.13,slope
82,201,15.66,slope
82,203,12.24,slope
82,207,5.01,slope
82,220,4.13,slope
82,221,5.10,slope
82,222,4.96,slope
82,223,6.46,slope
82,300,26.56,slope
82,301,27.70,slope
82,302,31.52,slope
82,500,12.88,slope
82,900,6.96,slope
82,901,6.85,slope
82,902,6.08,slope
82,903,6.80,slope
82,904,6.51,slope
82,905,7.31,slope
82,906,7.51,slope
82,915,11.14,slope
82,916,12.12,slope
82,917,13.08,slope
82,918,8.97,slope
82,919,8.04,slope
82,921,10.47,slope
82,922,10.37,slope
82,923,11.04,slope
82,924,11.05,slope
82,925,10.26,slope
82,926,10.58,slope
82,931,15.15,slope
82,932,14.61,slope
82,933,15.12,slope
82,934,15.40,slope
82,935,16.26,slope
82,942,15.76,slope
82,946,10.82,slope
82,GATE,12.09,slope
83,1,6.36,slope
83,2,6.43,slope
83,3,7.08,slope
83,4,7.18,slope
83,5,7.75,slope
83,6,8.41,slope
83,7,9.00,slope
83,8,8.59,slope
83,9,10.16,slope
83,10,10.59,slope
83,10-1,11.47,slope
83,11,11.48,slope
83,12,10.61,slope
83,13,11.01,slope
83,14,9.32,slope
83,15,2.00,slope
83,15-1,4.05,slope
83,16,1.70,slope
83,16-1,3.04,slope
83,17,1.57,slope
83,18,17.02,slope
83,19,17.76,slope
83,20,11.83,slope
83,21,15.09,slope
83,22,11.60,slope
83,24,8.28,slope
83,25,9.53,slope
83,25-1,9.95,slope
83,26,10.07,slope
83,27,11.63,slope
83,28,12.64,slope
83,29,23.50,slope
83,30,14.77,slope
83,31,14.22,slope
83,32,16.72,slope
83,32-1,16.46,slope
83,33,16.34,slope
83,34,15.93,slope
83,35,15.73,slope
83,36,17.77,slope
83,37,16.27,slope
83,38,18.17,slope
83,39,20.78,slope
83,40,20.57,slope
83,43,14.39,slope
83,43-1,14.84,slope
83,43-2,14.24,slope
83,44-1,18.42,slope
83,49,5.07,slope
83,50,0.88,slope
83,51,0.99,slope
83,52,2.03,slope
83,52-1,1.96,slope
83,52-2,2.13,slope
83,53,4.26,slope
83,54,3.47,slope
83,55,3.27,slope
83,56,12.52,slope
83,57,5.50,slope
83,57-1,4.34,slope
83,58,3.27,slope
83,59,4.03,slope
83,59-1,4.90,slope
83,61,8.52,slope
83,62,8.49,slope
83,64,7.75,slope
83,66,27.55,slope
83,71,8.84,slope
83,71-1,7.08,slope
83,73,4.03,slope
83,74,3.71,slope
83,75,16.20,slope
83,75-1,15.77,slope
83,80,14.40,slope
83,81,10.69,slope
83,82,6.83,slope
83,84,2.25,slope
83,85,11.62,slope
83,85-1,15.74,slope
83,86,13.52,slope
83,101,4.09,slope
83,103,4.67,slope
83,105-2,27.80,slope
83,129,13.82,slope
83,132,25.23,slope
83,135,20.59,slope
83,140,5.11,slope
83,140-1,5.11,slope
83,140-2,5.11,slope
83,142,22.74,slope
83,143,14.02,slope
83,152-1,6.44,slope
83,153,5.86,slope
83,200,12.16,slope
83,201,15.19,slope
83,203,12.25,slope
83,207,2.23,slope
83,220,3.33,slope
83,221,5.69,slope
83,222,3.22,slope
83,223,8.69,slope
83,300,30.74,slope
83,301,31.86,slope
83,302,35.71,slope
83,500,12.85,slope
83,900,14.81,slope
83,901,14.70,slope
83,902,13.93,slope
83,903,14.65,slope
83,904,14.36,slope
83,905,15.16,slope
83,906,15.36,slope
83,915,19.00,slope
83,916,19.97,slope
83,917,20.93,slope
83,918,16.82,slope
83,919,15.97,slope
83,921,18.32,slope
83,922,18.23,slope
83,923,18.90,slope
83,924,18.91,slope
83,925,18.11,slope
83,926,18.43,slope
83,931,23.00,slope
83,932,22.46,slope
83,933,22.97,slope
83,934,23.25,slope
83,935,24.11,slope
83,942,23.80,slope
83,946,18.67,slope
83,GATE,6.80,slope
84,1,3.92,slope
84,2,4.00,slope
84,3,5.03,slope
84,4,4.24,slope
84,5,5.72,slope
84,6,6.38,slope
84,7,6.39,slope
84,8,6.17,slope
84,9,7.33,slope
84,10,8.56,slope
84,10-1,9.42,slope
84,11,8.67,slope
84,12,8.21,slope
84,13,8.62,slope
84,14,7.28,slope
84,15,0.55,slope
84,15-1,2.05,slope
84,16,1.49,slope
84,16-1,1.34,slope
84,17,0.70,slope
84,18,14.61,slope
84,19,15.35,slope
84,20,9.42,slope
84,21,12.78,slope
84,22,9.16,slope
84,24,5.82,slope
84,25,7.07,slope
84,25-1,7.49,slope
84,26,7.62,slope
84,27,9.18,slope
84,28,10.20,slope
84,29,21.20,slope
84,30,12.34,slope
84,31,11.79,slope
84,32,14.29,slope
84,32-1,14.02,slope
84,33,13.92,slope
84,34,13.50,slope
84,35,13.33,slope
84,36,15.35,slope
84,37,13.84,slope
84,38,15.74,slope
84,39,18.40,slope
84,40,18.15,slope
84,43,11.98,slope
84,43-1,12.42,slope
84,43-2,11.82,slope
84,44-1,16.01,slope
84,49,4.86,slope
84,50,0.92,slope
84,51,2.56,slope
84,52,2.68,slope
84,52-1,3.31,slope
84,52-2,3.84,slope
84,53,3.34,slope
84,54,2.02,slope
84,55,1.48,slope
84,56,10.10,slope
84,57,7.26,slope
84,57-1,6.10,slope
84,58,5.50,slope
84,59,6.53,slope
84,59-1,6.57,slope
84,61,6.12,slope
84,62,6.05,slope
84,64,6.64,slope
84,66,26.08,slope
84,71,11.11,slope
84,71-1,9.36,slope
84,73,1.71,slope
84,74,1.03,slope
84,75,13.76,slope
84,75-1,13.32,slope
84,80,16.64,slope
84,81,10.80,slope
84,82,4.69,slope
84,83,2.31,slope
84,85,12.17,slope
84,85-1,17.41,slope
84,86,15.76,slope
84,101,3.99,slope
84,103,2.83,slope
84,105-2,25.47,slope
84,129,11.37,slope
84,132,22.88,slope
84,135,18.19,slope
84,140,5.78,slope
84,140-1,5.78,slope
84,140-2,5.78,slope
84,142,20.51,slope
84,143,11.65,slope
84,152-1,8.71,slope
84,153,8.12,slope
84,200,9.71,slope
84,201,12.75,slope
84,203,9.79,slope
84,207,3.94,slope
84,220,4.14,slope
84,221,6.40,slope
84,222,4.98,slope
84,223,9.40,slope
84,300,28.36,slope
84,301,29.47,slope
84,302,33.33,slope
84,500,10.39,slope
84,900,13.00,slope
84,901,12.90,slope
84,902,12.13,slope
84,903,12.84,slope
84,904,12.55,slope
84,905,13.35,slope
84,906,13.55,slope
84,915,17.19,slope
84,916,18.17,slope
84,917,19.12,slope
84,918,15.01,slope
84,919,13.96,slope
84,921,16.51,slope
84,922,16.42,slope
84,923,17.09,slope
84,924,17.10,slope
84,925,16.30,slope
84,926,16.62,slope
84,931,21.20,slope
84,932,20.65,slope
84,933,21.17,slope
84,934,21.44,slope
84,935,22.31,slope
84,942,21.81,slope
84,946,16.87,slope
84,GATE,9.19,slope
85,1,14.97,slope
85,2,15.88,slope
85,3,14.87,slope
85,4,14.95,slope
85,5,15.52,slope
85,6,15.50,slope
85,7,16.36,slope
85,8,17.12,slope
85,9,17.12,slope
85,10,17.50,slope
85,10-1,17.63,slope
85,11,18.11,slope
85,12,19.09,slope
85,13,19.32,slope
85,14,15.39,slope
85,15,12.76,slope
85,15-1,14.52,slope
85,16,10.51,slope
85,16-1,13.40,slope
85,17,12.64,slope
85,18,26.23,slope
85,19,26.95,slope
85,20,21.03,slope
85,21,23.99,slope
85,22,20.21,slope
85,24,16.89,slope
85,25,18.15,slope
85,25-1,18.57,slope
85,26,18.69,slope
85,27,20.25,slope
85,28,21.26,slope
85,29,32.04,slope
85,30,23.35,slope
85,31,22.83,slope
85,32,25.31,slope
85,32-1,25.06,slope
85,33,24.95,slope
85,34,24.53,slope
85,35,24.93,slope
85,36,26.36,slope
85,37,24.87,slope
85,38,26.77,slope
85,39,29.29,slope
85,40,29.17,slope
85,43,22.99,slope
85,43-1,23.45,slope
85,43-2,22.82,slope
85,44-1,27.61,slope
85,49,10.42,slope
85,50,10.44,slope
85,51,10.80,slope
85,52,8.05,slope
85,52-1,8.05,slope
85,52-2,10.31,slope
85,53,9.14,slope
85,54,10.27,slope
85,55,10.93,slope
85,56,21.12,slope
85,57,7.60,slope
85,57-1,7.64,slope
85,58,6.44,slope
85,59,7.35,slope
85,59-1,7.02,slope
85,61,17.50,slope
85,62,17.10,slope
85,64,13.31,slope
85,66,31.57,slope
85,71,7.71,slope
85,71-1,6.50,slope
85,73,14.83,slope
85,74,12.03,slope
85,75,24.81,slope
85,75-1,24.38,slope
85,80,1.85,slope
85,81,1.20,slope
85,82,11.84,slope
85,83,11.82,slope
85,84,11.36,slope
85,85-1,1.11,slope
85,86,4.24,slope
85,101,14.05,slope
85,103,15.13,slope
85,105-2,31.67,slope
85,129,22.43,slope
85,132,29.55,slope
85,135,29.17,slope
85,140,7.21,slope
85,140-1,7.21,slope
85,140-2,7.91,slope
85,142,31.70,slope
85,143,23.19,slope
85,152-1,8.74,slope
85,153,7.93,slope
85,200,20.78,slope
85,201,23.80,slope
85,203,20.86,slope
85,207,10.29,slope
85,220,6.03,slope
85,221,6.09,slope
85,222,8.33,slope
85,223,5.26,slope
85,300,38.31,slope
85,301,39.45,slope
85,302,43.28,slope
85,500,22.30,slope
85,900,18.29,slope
85,901,18.18,slope
85,902,17.41,slope
85,903,18.13,slope
85,904,17.84,slope
85,905,18.64,slope
85,906,18.84,slope
85,915,22.47,slope
85,916,23.45,slope
85,917,24.41,slope
85,918,20.30,slope
85,919,19.76,slope
85,921,21.80,slope
85,922,21.70,slope
85,923,22.37,slope
85,924,22.38,slope
85,925,21.59,slope
85,926,21.90,slope
85,931,26.48,slope
85,932,25.94,slope
85,933,26.45,slope
85,934,26.73,slope
85,935,27.59,slope
85,942,27.51,slope
85,946,22.15,slope
85,GATE,10.23,slope
85-1,1,20.10,slope
85-1,2,21.24,slope
85-1,3,20.97,slope
85-1,4,21.06,slope
85-1,5,21.63,slope
85-1,6,22.34,slope
85-1,7,22.92,slope
85-1,8,23.26,slope
85-1,9,24.64,slope
85-1,10,24.88,slope
85-1,10-1,25.54,slope
85-1,11,25.58,slope
85-1,12,25.77,slope
85-1,13,25.81,slope
85-1,14,23.69,slope
85-1,15,15.96,slope
85-1,15-1,17.93,slope
85-1,16,12.14,slope
85-1,16-1,16.90,slope
85-1,17,15.65,slope
85-1,18,31.79,slope
85-1,19,32.47,slope
85-1,20,26.53,slope
85-1,21,29.48,slope
85-1,22,25.42,slope
85-1,24,21.90,slope
85-1,25,23.23,slope
85-1,25-1,23.58,slope
85-1,26,23.77,slope
85-1,27,25.27,slope
85-1,28,26.41,slope
85-1,29,38.42,slope
85-1,30,28.58,slope
85-1,31,28.05,slope
85-1,32,28.65,slope
85-1,32-1,28.39,slope
85-1,33,29.58,slope
85-1,34,29.80,slope
85-1,35,30.44,slope
85-1,36,31.71,slope
85-1,37,30.13,slope
85-1,38,31.41,slope
85-1,39,34.65,slope
85-1,40,34.52,slope
85-1,43,28.32,slope
85-1,43-1,28.72,slope
85-1,43-2,28.05,slope
85-1,44-1,33.09,slope
85-1,49,18.73,slope
85-1,50,14.84,slope
85-1,51,14.71,slope
85-1,52,15.41,slope
85-1,52-1,15.35,slope
85-1,52-2,15.41,slope
85-1,53,16.94,slope
85-1,54,16.79,slope
85-1,55,16.69,slope
85-1,56,26.38,slope
85-1,57,10.12,slope
85-1,57-1,10.32,slope
85-1,58,9.11,slope
85-1,59,10.22,slope
85-1,59-1,10.24,slope
85-1,61,23.18,slope
85-1,62,22.25,slope
85-1,64,13.92,slope
85-1,66,40.47,slope
85-1,71,6.57,slope
85-1,71-1,7.37,slope
85-1,73,17.94,slope
85-1,74,17.35,slope
85-1,75,28.11,slope
85-1,75-1,27.67,slope
85-1,80,0.95,slope
85-1,81,1.88,slope
85-1,82,20.34,slope
85-1,83,14.18,slope
85-1,84,16.11,slope
85-1,85,0.96,slope
85-1,86,3.15,slope
85-1,101,15.75,slope
85-1,103,17.12,slope
85-1,105-2,39.98,slope
85-1,129,25.72,slope
85-1,132,37.91,slope
85-1,135,34.56,slope
85-1,140,15.14,slope
85-1,140-1,15.14,slope
85-1,140-2,16.15,slope
85-1,142,37.54,slope
85-1,143,28.77,slope
85-1,152-1,7.47,slope
85-1,153,8.03,slope
85-1,200,24.15,slope
85-1,201,27.09,slope
85-1,203,24.13,slope
85-1,207,14.75,slope
85-1,220,13.67,slope
85-1,221,13.76,slope
85-1,222,13.35,slope
85-1,223,13.20,slope
85-1,300,44.62,slope
85-1,301,45.76,slope
85-1,302,49.70,slope
85-1,500,22.83,slope
85-1,900,19.78,slope
85-1,901,19.67,slope
85-1,902,18.90,slope
85-1,903,19.61,slope
85-1,904,19.32,slope
85-1,905,20.12,slope
85-1,906,20.32,slope
85-1,915,23.96,slope
85-1,916,24.94,slope
85-1,917,25.90,slope
85-1,918,21.78,slope
85-1,919,27.97,slope
85-1,921,23.29,slope
85-1,922,23.19,slope
85-1,923,23.86,slope
85-1,924,23.87,slope
85-1,925,23.07,slope
85-1,926,23.39,slope
85-1,931,27.97,slope
85-1,932,27.43,slope
85-1,933,27.94,slope
85-1,934,28.22,slope
85-1,935,29.08,slope
85-1,942,33.10,slope
85-1,946,23.64,slope
85-1,GATE,9.24,slope
86,1,19.37,slope
86,2,19.44,slope
86,3,20.19,slope
86,4,20.28,slope
86,5,20.85,slope
86,6,21.51,slope
86,7,22.10,slope
86,8,21.63,slope
86,9,23.27,slope
86,10,23.71,slope
86,10-1,24.34,slope
86,11,24.37,slope
86,12,23.68,slope
86,13,24.09,slope
86,14,22.44,slope
86,15,15.01,slope
86,15-1,16.56,slope
86,16,11.02,slope
86,16-1,15.47,slope
86,17,14.57,slope
86,18,30.13,slope
86,19,30.83,slope
86,20,24.92,slope
86,21,28.03,slope
86,22,24.62,slope
86,24,21.21,slope
86,25,22.52,slope
86,25-1,22.88,slope
86,26,23.06,slope
86,27,24.56,slope
86,28,25.65,slope
86,29,36.52,slope
86,30,27.78,slope
86,31,27.24,slope
86,32,28.37,slope
86,32-1,28.36,slope
86,33,29.20,slope
86,34,28.96,slope
86,35,28.80,slope
86,36,30.81,slope
86,37,29.29,slope
86,38,31.31,slope
86,39,33.77,slope
86,40,33.61,slope
86,43,27.44,slope
86,43-1,27.88,slope
86,43-2,27.25,slope
86,44-1,31.49,slope
86,49,17.54,slope
86,50,13.80,slope
86,51,13.65,slope
86,52,15.03,slope
86,52-1,14.97,slope
86,52-2,14.61,slope
86,53,16.48,slope
86,54,16.34,slope
86,55,15.95,slope
86,56,25.55,slope
86,57,9.50,slope
86,57-1,9.80,slope
86,58,7.94,slope
86,59,9.59,slope
86,59-1,9.33,slope
86,61,21.57,slope
86,62,21.50,slope
86,64,13.14,slope
86,66,38.50,slope
86,71,5.35,slope
86,71-1,6.15,slope
86,73,17.01,slope
86,74,16.78,slope
86,75,28.10,slope
86,75-1,27.66,slope
86,80,2.45,slope
86,81,6.40,slope
86,82,18.99,slope
86,83,13.08,slope
86,84,15.25,slope
86,85,4.79,slope
86,85-1,4.12,slope
86,101,14.56,slope
86,103,15.94,slope
86,105-2,38.77,slope
86,129,25.69,slope
86,132,36.66,slope
86,135,33.64,slope
86,140,14.25,slope
86,140-1,14.25,slope
86,140-2,15.03,slope
86,142,35.63,slope
86,143,27.09,slope
86,152-1,6.20,slope
86,153,6.81,slope
86,200,24.17,slope
86,201,27.09,slope
86,203,24.15,slope
86,207,13.92,slope
86,220,13.33,slope
86,221,13.13,slope
86,222,12.86,slope
86,223,12.33,slope
86,300,43.86,slope
86,301,45.00,slope
86,302,48.87,slope
86,500,22.08,slope
86,900,23.38,slope
86,901,23.27,slope
86,902,22.50,slope
86,903,23.22,slope
86,904,22.93,slope
86,905,23.72,slope
86,906,23.93,slope
86,915,27.56,slope
86,916,28.54,slope
86,917,29.50,slope
86,918,25.39,slope
86,919,26.84,slope
86,921,26.89,slope
86,922,26.79,slope
86,923,27.46,slope
86,924,27.47,slope
86,925,26.68,slope
86,926,26.99,slope
86,931,32.79,slope
86,932,32.25,slope
86,933,33.24,slope
86,934,34.06,slope
86,935,33.10,slope
86,942,32.04,slope
86,946,27.24,slope
86,GATE,7.98,slope
101,1,7.10,slope
101,2,7.15,slope
101,3,8.42,slope
101,4,7.99,slope
101,5,8.83,slope
101,6,10.05,slope
101,7,10.10,slope
101,8,9.29,slope
101,9,10.95,slope
101,10,12.23,slope
101,10-1,13.12,slope
101,11,12.06,slope
101,12,11.30,slope
101,13,11.70,slope
101,14,10.96,slope
101,15,3.24,slope
101,15-1,2.40,slope
101,16,0.76,slope
101,16-1,1.05,slope
101,17,4.31,slope
101,18,17.71,slope
101,19,18.47,slope
101,20,12.51,slope
101,21,15.89,slope
101,22,12.32,slope
101,24,8.56,slope
101,25,10.22,slope
101,25-1,10.24,slope
101,26,10.76,slope
101,27,12.38,slope
101,28,13.39,slope
101,29,24.21,slope
101,30,15.54,slope
101,31,14.97,slope
101,32,16.00,slope
101,32-1,16.12,slope
101,33,16.99,slope
101,34,16.67,slope
101,35,16.44,slope
101,36,18.50,slope
101,37,17.01,slope
101,38,18.77,slope
101,39,21.59,slope
101,40,21.30,slope
101,43,15.12,slope
101,43-1,15.58,slope
101,43-2,15.02,slope
101,44-1,19.13,slope
101,49,10.59,slope
101,50,6.26,slope
101,51,6.25,slope
101,52,7.73,slope
101,52-1,7.46,slope
101,52-2,7.62,slope
101,53,8.93,slope
101,54,7.59,slope
101,55,7.29,slope
101,56,13.26,slope
101,57,10.68,slope
101,57-1,9.68,slope
101,58,4.56,slope
101,59,9.40,slope
101,59-1,10.28,slope
101,61,9.23,slope
101,62,9.22,slope
101,64,1.96,slope
101,66,32.00,slope
101,71,11.62,slope
101,71-1,9.87,slope
101,73,3.72,slope
101,74,7.77,slope
101,75,15.88,slope
101,75-1,15.45,slope
101,80,17.17,slope
101,81,13.94,slope
101,82,11.04,slope
101,83,5.03,slope
101,84,4.85,slope
101,85,15.26,slope
101,85-1,18.18,slope
101,86,16.29,slope
101,103,1.32,slope
101,105-2,28.55,slope
101,129,13.45,slope
101,132,25.94,slope
101,135,21.34,slope
101,140,10.90,slope
101,140-1,10.90,slope
101,140-2,10.90,slope
101,142,23.48,slope
101,143,14.73,slope
101,152-1,9.22,slope
101,153,8.60,slope
101,200,11.96,slope
101,201,14.88,slope
101,203,11.95,slope
101,207,7.72,slope
101,220,9.05,slope
101,221,11.59,slope
101,222,8.45,slope
101,223,14.59,slope
101,300,31.44,slope
101,301,32.55,slope
101,302,36.40,slope
101,500,9.91,slope
101,900,17.87,slope
101,901,17.77,slope
101,902,17.00,slope
101,903,17.71,slope
101,904,17.42,slope
101,905,18.22,slope
101,906,18.42,slope
101,915,22.06,slope
101,916,23.04,slope
101,917,24.00,slope
101,918,19.88,slope
101,919,20.02,slope
101,921,21.39,slope
101,922,21.29,slope
101,923,21.96,slope
101,924,21.97,slope
101,925,21.17,slope
101,926,21.49,slope
101,931,26.07,slope
101,932,25.52,slope
101,933,26.04,slope
101,934,26.32,slope
101,935,27.18,slope
101,942,27.80,slope
101,946,21.74,slope
101,GATE,5.70,slope
103,1,5.30,slope
103,2,5.65,slope
103,3,6.93,slope
103,4,6.49,slope
103,5,7.33,slope
103,6,8.56,slope
103,7,8.58,slope
103,8,7.78,slope
103,9,9.44,slope
103,10,10.73,slope
103,10-1,11.61,slope
103,11,10.54,slope
103,12,9.78,slope
103,13,9.66,slope
103,14,9.44,slope
103,15,1.86,slope
103,15-1,1.71,slope
103,16,1.67,slope
103,16-1,0.90,slope
103,17,3.21,slope
103,18,14.80,slope
103,19,15.60,slope
103,20,10.35,slope
103,21,12.98,slope
103,22,9.55,slope
103,24,5.28,slope
103,25,6.95,slope
103,25-1,6.97,slope
103,26,7.50,slope
103,27,9.15,slope
103,28,10.37,slope
103,29,21.13,slope
103,30,12.81,slope
103,31,12.23,slope
103,32,12.96,slope
103,32-1,12.98,slope
103,33,13.89,slope
103,34,13.91,slope
103,35,13.54,slope
103,36,15.69,slope
103,37,14.26,slope
103,38,15.87,slope
103,39,18.81,slope
103,40,18.52,slope
103,43,12.28,slope
103,43-1,12.80,slope
103,43-2,12.27,slope
103,44-1,16.29,slope
103,49,9.39,slope
103,50,5.08,slope
103,51,6.48,slope
103,52,7.09,slope
103,52-1,7.69,slope
103,52-2,7.85,slope
103,53,7.76,slope
103,54,6.44,slope
103,55,6.13,slope
103,56,10.45,slope
103,57,10.66,slope
103,57-1,9.66,slope
103,58,6.14,slope
103,59,9.44,slope
103,59-1,10.33,slope
103,61,7.72,slope
103,62,6.44,slope
103,64,3.73,slope
103,66,29.11,slope
103,71,13.19,slope
103,71-1,11.44,slope
103,73,1.46,slope
103,74,6.19,slope
103,75,12.77,slope
103,75-1,12.37,slope
103,80,18.74,slope
103,81,15.22,slope
103,82,9.69,slope
103,83,5.97,slope
103,84,3.72,slope
103,85,16.53,slope
103,85-1,19.75,slope
103,86,17.86,slope
103,101,1.46,slope
103,105-2,25.61,slope
103,129,10.34,slope
103,132,22.96,slope
103,135,18.53,slope
103,140,10.21,slope
103,140-1,10.21,slope
103,140-2,10.21,slope
103,142,20.42,slope
103,143,12.55,slope
103,152-1,10.79,slope
103,153,10.17,slope
103,200,8.88,slope
103,201,11.78,slope
103,203,8.87,slope
103,207,7.95,slope
103,220,8.56,slope
103,221,10.81,slope
103,222,8.95,slope
103,223,13.83,slope
103,300,28.47,slope
103,301,29.59,slope
103,302,33.41,slope
103,500,6.88,slope
103,900,17.78,slope
103,901,17.67,slope
103,902,16.90,slope
103,903,17.62,slope
103,904,17.33,slope
103,905,18.13,slope
103,906,18.33,slope
103,915,21.97,slope
103,916,22.94,slope
103,917,23.90,slope
103,918,19.79,slope
103,919,18.58,slope
103,921,21.29,slope
103,922,21.20,slope
103,923,21.87,slope
103,924,21.88,slope
103,925,21.08,slope
103,926,21.40,slope
103,931,25.98,slope
103,932,25.43,slope
103,933,25.94,slope
103,934,26.22,slope
103,935,27.08,slope
103,942,26.45,slope
103,946,21.64,slope
103,GATE,7.31,slope
105-2,1,17.60,slope
105-2,2,18.05,slope
105-2,3,19.44,slope
105-2,4,19.06,slope
105-2,5,18.05,slope
105-2,6,19.12,slope
105-2,7,18.10,slope
105-2,8,18.10,slope
105-2,9,18.03,slope
105-2,10,18.23,slope
105-2,10-1,18.11,slope
105-2,11,18.34,slope
105-2,12,17.36,slope
105-2,13,15.25,slope
105-2,14,18.39,slope
105-2,15,21.61,slope
105-2,15-1,22.16,slope
105-2,16,23.28,slope
105-2,16-1,22.61,slope
105-2,17,23.39,slope
105-2,18,9.04,slope
105-2,19,7.80,slope
105-2,20,9.77,slope
105-2,21,10.13,slope
105-2,22,10.39,slope
105-2,24,14.48,slope
105-2,25,13.44,slope
105-2,25-1,14.92,slope
105-2,26,14.04,slope
105-2,27,11.65,slope
105-2,28,11.06,slope
105-2,29,5.64,slope
105-2,30,8.98,slope
105-2,31,11.21,slope
105-2,32,9.85,slope
105-2,32-1,9.39,slope
105-2,33,8.60,slope
105-2,34,6.91,slope
105-2,35,7.42,slope
105-2,36,6.29,slope
105-2,37,7.14,slope
105-2,38,7.10,slope
105-2,39,4.83,slope
105-2,40,4.38,slope
105-2,43,9.96,slope
105-2,43-1,8.30,slope
105-2,43-2,8.90,slope
105-2,44-1,6.11,slope
105-2,49,25.25,slope
105-2,50,22.96,slope
105-2,51,24.50,slope
105-2,52,24.64,slope
105-2,52-1,26.09,slope
105-2,52-2,25.76,slope
105-2,53,24.40,slope
105-2,54,23.27,slope
105-2,55,23.33,slope
105-2,56,9.64,slope
105-2,57,29.52,slope
105-2,57-1,28.37,slope
105-2,58,27.67,slope
105-2,59,28.82,slope
105-2,59-1,28.28,slope
105-2,61,16.74,slope
105-2,62,13.81,slope
105-2,64,22.49,slope
105-2,66,7.56,slope
105-2,71,30.97,slope
105-2,71-1,30.49,slope
105-2,73,20.96,slope
105-2,74,22.00,slope
105-2,75,9.64,slope
105-2,75-1,11.35,slope
105-2,80,35.18,slope
105-2,81,26.67,slope
105-2,82,18.07,slope
105-2,83,24.53,slope
105-2,84,22.15,slope
105-2,85,28.02,slope
105-2,85-1,35.86,slope
105-2,86,34.32,slope
105-2,101,24.02,slope
105-2,103,21.25,slope
105-2,129,11.88,slope
105-2,132,2.06,slope
105-2,135,4.14,slope
105-2,140,21.54,slope
105-2,140-1,21.54,slope
105-2,140-2,21.54,slope
105-2,142,6.75,slope
105-2,143,8.99,slope
105-2,152-1,30.94,slope
105-2,153,30.32,slope
105-2,200,11.55,slope
105-2,201,11.56,slope
105-2,203,13.30,slope
105-2,207,25.86,slope
105-2,220,26.45,slope
105-2,221,25.48,slope
105-2,222,27.27,slope
105-2,223,24.37,slope
105-2,300,7.78,slope
105-2,301,8.86,slope
105-2,302,12.69,slope
105-2,500,14.64,slope
105-2,900,16.79,slope
105-2,901,16.68,slope
105-2,902,15.76,slope
105-2,903,14.81,slope
105-2,904,14.52,slope
105-2,905,14.97,slope
105-2,906,17.27,slope
105-2,915,21.73,slope
105-2,916,22.71,slope
105-2,917,23.67,slope
105-2,918,15.94,slope
105-2,919,19.10,slope
105-2,921,21.06,slope
105-2,922,20.97,slope
105-2,923,21.63,slope
105-2,924,21.65,slope
105-2,925,20.85,slope
105-2,926,21.17,slope
105-2,931,25.74,slope
105-2,932,25.20,slope
105-2,933,25.71,slope
105-2,934,25.99,slope
105-2,935,26.85,slope
105-2,942,25.96,slope
105-2,946,21.41,slope
105-2,GATE,25.98,slope
129,1,8.04,slope
129,2,8.37,slope
129,3,9.48,slope
129,4,9.47,slope
129,5,8.65,slope
129,6,10.40,slope
129,7,9.78,slope
129,8,9.14,slope
129,9,10.00,slope
129,10,11.78,slope
129,10-1,13.27,slope
129,11,11.22,slope
129,12,10.47,slope
129,13,8.79,slope
129,14,11.47,slope
129,15,10.44,slope
129,15-1,10.99,slope
129,16,11.71,slope
129,16-1,10.97,slope
129,17,12.17,slope
129,18,7.59,slope
129,19,8.02,slope
129,20,6.84,slope
129,21,6.05,slope
129,22,1.92,slope
129,24,3.91,slope
129,25,2.51,slope
129,25-1,4.28,slope
129,26,4.50,slope
129,27,1.01,slope
129,28,0.85,slope
129,29,12.88,slope
129,30,3.40,slope
129,31,1.79,slope
129,32,3.15,slope
129,32-1,3.21,slope
129,33,4.04,slope
129,34,5.04,slope
129,35,6.36,slope
129,36,6.99,slope
129,37,4.98,slope
129,38,6.15,slope
129,39,9.49,slope
129,40,9.45,slope
129,43,4.53,slope
129,43-1,3.94,slope
129,43-2,3.39,slope
129,44-1,7.43,slope
129,49,15.74,slope
129,50,11.76,slope
129,51,13.30,slope
129,52,13.46,slope
129,52-1,14.07,slope
129,52-2,14.59,slope
129,53,14.85,slope
129,54,13.77,slope
129,55,12.38,slope
129,56,3.28,slope
129,57,17.87,slope
129,57-1,16.72,slope
129,58,16.21,slope
129,59,17.15,slope
129,59-1,17.21,slope
129,61,8.43,slope
129,62,6.06,slope
129,64,10.25,slope
129,66,19.68,slope
129,71,21.06,slope
129,71-1,19.75,slope
129,73,8.55,slope
129,74,10.73,slope
129,75,2.92,slope
129,75-1,2.50,slope
129,80,25.52,slope
129,81,21.41,slope
129,82,15.41,slope
129,83,13.32,slope
129,84,10.90,slope
129,85,22.76,slope
129,85-1,26.33,slope
129,86,24.63,slope
129,101,11.50,slope
129,103,8.60,slope
129,105-2,15.55,slope
129,132,14.67,slope
129,135,9.86,slope
129,140,16.32,slope
129,140-1,16.32,slope
129,140-2,16.32,slope
129,142,12.11,slope
129,143,8.55,slope
129,152-1,19.11,slope
129,153,18.52,slope
129,200,0.78,slope
129,201,1.92,slope
129,203,1.73,slope
129,207,14.68,slope
129,220,14.78,slope
129,221,17.03,slope
129,222,15.59,slope
129,223,20.00,slope
129,300,19.94,slope
129,301,21.01,slope
129,302,24.87,slope
129,500,3.05,slope
129,900,19.17,slope
129,901,19.07,slope
129,902,18.30,slope
129,903,19.01,slope
129,904,18.72,slope
129,905,19.52,slope
129,906,19.72,slope
129,915,23.36,slope
129,916,24.34,slope
129,917,25.30,slope
129,918,21.18,slope
129,919,19.89,slope
129,921,22.68,slope
129,922,22.59,slope
129,923,23.26,slope
129,924,23.27,slope
129,925,22.47,slope
129,926,22.79,slope
129,931,27.37,slope
129,932,26.82,slope
129,933,27.34,slope
129,934,27.62,slope
129,935,28.48,slope
129,942,27.65,slope
129,946,23.04,slope
129,GATE,13.76,slope
132,1,14.75,slope
132,2,15.21,slope
132,3,16.63,slope
132,4,16.23,slope
132,5,15.21,slope
132,6,16.46,slope
132,7,15.27,slope
132,8,15.26,slope
132,9,15.09,slope
132,10,16.14,slope
132,10-1,16.01,slope
132,11,15.39,slope
132,12,14.41,slope
132,13,12.25,slope
132,14,16.28,slope
132,15,19.13,slope
132,15-1,19.68,slope
132,16,20.81,slope
132,16-1,20.14,slope
132,17,20.91,slope
132,18,7.12,slope
132,19,8.09,slope
132,20,6.74,slope
132,21,7.06,slope
132,22,10.03,slope
132,24,13.45,slope
132,25,12.99,slope
132,25-1,13.89,slope
132,26,13.00,slope
132,27,11.34,slope
132,28,10.74,slope
132,29,2.51,slope
132,30,9.79,slope
132,31,10.88,slope
132,32,11.18,slope
132,32-1,10.71,slope
132,33,9.92,slope
132,34,8.23,slope
132,35,6.83,slope
132,36,7.61,slope
132,37,8.46,slope
132,38,8.42,slope
132,39,6.14,slope
132,40,5.69,slope
132,43,7.69,slope
132,43-1,8.05,slope
132,43-2,8.08,slope
132,44-1,7.44,slope
132,49,22.83,slope
132,50,20.47,slope
132,51,22.01,slope
132,52,22.15,slope
132,52-1,23.58,slope
132,52-2,23.28,slope
132,53,21.99,slope
132,54,20.86,slope
132,55,20.93,slope
132,56,8.17,slope
132,57,27.08,slope
132,57-1,25.92,slope
132,58,25.20,slope
132,59,26.37,slope
132,59-1,25.86,slope
132,61,13.89,slope
132,62,12.28,slope
132,64,21.03,slope
132,66,5.08,slope
132,71,28.87,slope
132,71-1,28.38,slope
132,73,18.49,slope
132,74,19.28,slope
132,75,11.08,slope
132,75-1,12.79,slope
132,80,33.10,slope
132,81,24.59,slope
132,82,15.99,slope
132,83,22.05,slope
132,84,19.66,slope
132,85,25.94,slope
132,85-1,33.79,slope
132,86,32.24,slope
132,101,21.56,slope
132,103,18.79,slope
132,105-2,2.04,slope
132,129,11.57,slope
132,135,5.46,slope
132,140,19.46,slope
132,140-1,19.46,slope
132,140-2,19.46,slope
132,142,3.66,slope
132,143,5.92,slope
132,152-1,28.48,slope
132,153,27.86,slope
132,200,12.17,slope
132,201,12.80,slope
132,203,13.64,slope
132,207,23.38,slope
132,220,23.99,slope
132,221,23.33,slope
132,222,24.82,slope
132,223,22.29,slope
132,300,9.14,slope
132,301,10.26,slope
132,302,14.07,slope
132,500,15.02,slope
132,900,15.21,slope
132,901,15.10,slope
132,902,14.17,slope
132,903,13.22,slope
132,904,12.93,slope
132,905,13.38,slope
132,906,15.68,slope
132,915,20.15,slope
132,916,21.13,slope
132,917,22.08,slope
132,918,14.35,slope
132,919,17.02,slope
132,921,19.47,slope
132,922,19.38,slope
132,923,20.05,slope
132,924,20.06,slope
132,925,19.26,slope
132,926,19.58,slope
132,931,24.16,slope
132,932,23.61,slope
132,933,24.13,slope
132,934,24.41,slope
132,935,25.27,slope
132,942,23.88,slope
132,946,19.83,slope
132,GATE,24.54,slope
135,1,11.31,slope
135,2,11.35,slope
135,3,12.49,slope
135,4,12.26,slope
135,5,11.22,slope
135,6,12.58,slope
135,7,11.83,slope
135,8,11.30,slope
135,9,11.79,slope
135,10,12.24,slope
135,10-1,12.53,slope
135,11,11.45,slope
135,12,10.16,slope
135,13,8.74,slope
135,14,13.08,slope
135,15,15.32,slope
135,15-1,15.87,slope
135,16,17.01,slope
135,16-1,16.33,slope
135,17,17.06,slope
135,18,4.85,slope
135,19,3.25,slope
135,20,7.49,slope
135,21,5.94,slope
135,22,6.24,slope
135,24,10.32,slope
135,25,9.29,slope
135,25-1,10.77,slope
135,26,9.89,slope
135,27,7.50,slope
135,28,6.91,slope
135,29,11.34,slope
135,30,4.84,slope
135,31,7.07,slope
135,32,5.68,slope
135,32-1,5.23,slope
135,33,4.44,slope
135,34,2.76,slope
135,35,3.27,slope
135,36,2.12,slope
135,37,2.97,slope
135,38,2.93,slope
135,39,0.38,slope
135,40,0.79,slope
135,43,5.65,slope
135,43-1,4.15,slope
135,43-2,4.75,slope
135,44-1,1.34,slope
135,49,18.87,slope
135,50,16.64,slope
135,51,18.19,slope
135,52,18.35,slope
135,52-1,18.95,slope
135,52-2,19.47,slope
135,53,18.02,slope
135,54,16.88,slope
135,55,16.93,slope
135,56,5.48,slope
135,57,22.76,slope
135,57-1,21.61,slope
135,58,21.40,slope
135,59,22.04,slope
135,59-1,22.09,slope
135,61,9.93,slope
135,62,9.66,slope
135,64,18.33,slope
135,66,13.11,slope
135,71,26.99,slope
135,71-1,25.25,slope
135,73,14.53,slope
135,74,15.48,slope
135,75,6.34,slope
135,75-1,7.40,slope
135,80,32.53,slope
135,81,26.30,slope
135,82,18.51,slope
135,83,18.21,slope
135,84,15.78,slope
135,85,27.65,slope
135,85-1,33.12,slope
135,86,31.63,slope
135,101,17.76,slope
135,103,15.15,slope
135,105-2,5.70,slope
135,129,7.73,slope
135,132,6.93,slope
135,140,21.22,slope
135,140-1,21.22,slope
135,140-2,21.22,slope
135,142,10.61,slope
135,143,7.01,slope
135,152-1,24.60,slope
135,153,24.01,slope
135,200,7.56,slope
135,201,7.61,slope
135,203,9.34,slope
135,207,19.57,slope
135,220,19.67,slope
135,221,21.93,slope
135,222,20.49,slope
135,223,24.89,slope
135,300,10.14,slope
135,301,11.16,slope
135,302,15.03,slope
135,500,10.65,slope
135,900,18.62,slope
135,901,18.51,slope
135,902,17.74,slope
135,903,18.46,slope
135,904,18.17,slope
135,905,20.13,slope
135,906,19.17,slope
135,915,22.80,slope
135,916,23.78,slope
135,917,24.74,slope
135,918,21.10,slope
135,919,20.08,slope
135,921,22.13,slope
135,922,22.03,slope
135,923,22.70,slope
135,924,22.71,slope
135,925,21.92,slope
135,926,22.24,slope
135,931,26.81,slope
135,932,26.27,slope
135,933,26.78,slope
135,934,27.06,slope
135,935,27.92,slope
135,942,27.78,slope
135,946,22.48,slope
135,GATE,21.82,slope
140,1,8.35,slope
140,2,9.18,slope
140,3,8.17,slope
140,4,8.26,slope
140,5,8.82,slope
140,6,8.79,slope
140,7,9.65,slope
140,8,10.42,slope
140,9,9.50,slope
140,10,9.87,slope
140,10-1,10.01,slope
140,11,10.48,slope
140,12,12.04,slope
140,13,12.60,slope
140,14,7.77,slope
140,15,5.22,slope
140,15-1,7.32,slope
140,16,5.77,slope
140,16-1,6.30,slope
140,17,5.14,slope
140,18,19.52,slope
140,19,20.25,slope
140,20,14.33,slope
140,21,17.37,slope
140,22,13.60,slope
140,24,10.27,slope
140,25,11.52,slope
140,25-1,11.94,slope
140,26,12.07,slope
140,27,13.62,slope
140,28,14.64,slope
140,29,24.40,slope
140,30,16.75,slope
140,31,16.21,slope
140,32,18.70,slope
140,32-1,18.45,slope
140,33,18.34,slope
140,34,17.92,slope
140,35,18.23,slope
140,36,19.76,slope
140,37,18.26,slope
140,38,20.16,slope
140,39,22.73,slope
140,40,22.56,slope
140,43,16.39,slope
140,43-1,16.84,slope
140,43-2,16.21,slope
140,44-1,20.91,slope
140,49,0.86,slope
140,50,3.82,slope
140,51,3.30,slope
140,52,1.64,slope
140,52-1,1.64,slope
140,52-2,2.63,slope
140,53,2.09,slope
140,54,3.67,slope
140,55,4.32,slope
140,56,14.51,slope
140,57,3.73,slope
140,57-1,1.72,slope
140,58,4.42,slope
140,59,2.85,slope
140,59-1,3.76,slope
140,61,10.79,slope
140,62,10.48,slope
140,64,11.80,slope
140,66,23.95,slope
140,71,7.47,slope
140,71-1,7.06,slope
140,73,7.29,slope
140,74,5.31,slope
140,75,18.19,slope
140,75-1,17.76,slope
140,80,14.10,slope
140,81,5.52,slope
140,82,3.96,slope
140,83,4.31,slope
140,84,4.74,slope
140,85,6.87,slope
140,85-1,14.96,slope
140,86,13.20,slope
140,101,8.66,slope
140,103,7.93,slope
140,105-2,24.04,slope
140,129,15.81,slope
140,132,21.91,slope
140,135,22.58,slope
140,140-1,0.78,slope
140,140-2,0.75,slope
140,142,24.09,slope
140,143,16.52,slope
140,152-1,9.33,slope
140,153,8.27,slope
140,200,14.16,slope
140,201,17.18,slope
140,203,14.24,slope
140,207,2.61,slope
140,220,0.41,slope
140,221,0.52,slope
140,222,1.29,slope
140,223,3.36,slope
140,300,30.66,slope
140,301,31.81,slope
140,302,35.63,slope
140,500,14.84,slope
140,900,10.94,slope
140,901,10.83,slope
140,902,10.07,slope
140,903,10.78,slope
140,904,10.49,slope
140,905,11.29,slope
140,906,11.49,slope
140,915,15.13,slope
140,916,16.11,slope
140,917,17.06,slope
140,918,12.95,slope
140,919,12.14,slope
140,921,14.45,slope
140,922,14.36,slope
140,923,15.03,slope
140,924,15.04,slope
140,925,14.24,slope
140,926,14.56,slope
140,931,19.14,slope
140,932,18.59,slope
140,933,19.10,slope
140,934,19.38,slope
140,935,20.24,slope
140,942,19.87,slope
140,946,14.80,slope
140,GATE,10.57,slope
140-1,1,8.35,slope
140-1,2,9.18,slope
140-1,3,8.17,slope
140-1,4,8.26,slope
140-1,5,8.82,slope
140-1,6,8.79,slope
140-1,7,9.65,slope
140-1,8,10.42,slope
140-1,9,9.50,slope
140-1,10,9.87,slope
140-1,10-1,10.01,slope
140-1,11,10.48,slope
140-1,12,12.04,slope
140-1,13,12.60,slope
140-1,14,7.77,slope
140-1,15,5.22,slope
140-1,15-1,7.32,slope
140-1,16,5.77,slope
140-1,16-1,6.30,slope
140-1,17,5.14,slope
140-1,18,19.52,slope
140-1,19,20.25,slope
140-1,20,14.33,slope
140-1,21,17.37,slope
140-1,22,13.60,slope
140-1,24,10.27,slope
140-1,25,11.52,slope
140-1,25-1,11.94,slope
140-1,26,12.07,slope
140-1,27,13.62,slope
140-1,28,14.64,slope
140-1,29,24.40,slope
140-1,30,16.75,slope
140-1,31,16.21,slope
140-1,32,18.70,slope
140-1,32-1,18.45,slope
140-1,33,18.34,slope
140-1,34,17.92,slope
140-1,35,18.23,slope
140-1,36,19.76,slope
140-1,37,18.26,slope
140-1,38,20.16,slope
140-1,39,22.73,slope
140-1,40,22.56,slope
140-1,43,16.39,slope
140-1,43-1,16.84,slope
140-1,43-2,16.21,slope
140-1,44-1,20.91,slope
140-1,49,0.86,slope
140-1,50,3.82,slope
140-1,51,3.30,slope
140-1,52,1.64,slope
140-1,52-1,1.64,slope
140-1,52-2,2.63,slope
140-1,53,2.09,slope
140-1,54,3.67,slope
140-1,55,4.32,slope
140-1,56,14.51,slope
140-1,57,3.73,slope
140-1,57-1,1.72,slope
140-1,58,4.42,slope
140-1,59,2.85,slope
140-1,59-1,3.76,slope
140-1,61,10.79,slope
140-1,62,10.48,slope
140-1,64,11.80,slope
140-1,66,23.95,slope
140-1,71,7.47,slope
140-1,71-1,7.06,slope
140-1,73,7.29,slope
140-1,74,5.31,slope
140-1,75,18.19,slope
140-1,75-1,17.76,slope
140-1,80,14.10,slope
140-1,81,5.52,slope
140-1,82,3.96,slope
140-1,83,4.31,slope
140-1,84,4.74,slope
140-1,85,6.87,slope
140-1,85-1,14.96,slope
140-1,86,13.20,slope
140-1,101,8.66,slope
140-1,103,7.93,slope
140-1,105-2,24.04,slope
140-1,129,15.81,slope
140-1,132,21.91,slope
140-1,135,22.58,slope
140-1,140,0.78,slope
140-1,140-2,0.99,slope
140-1,142,24.09,slope
140-1,143,16.52,slope
140-1,152-1,9.33,slope
140-1,153,8.27,slope
140-1,200,14.16,slope
140-1,201,17.18,slope
140-1,203,14.24,slope
140-1,207,2.61,slope
140-1,220,0.41,slope
140-1,221,0.52,slope
140-1,222,1.29,slope
140-1,223,3.36,slope
140-1,300,30.66,slope
140-1,301,31.81,slope
140-1,302,35.63,slope
140-1,500,14.84,slope
140-1,900,10.94,slope
140-1,901,10.83,slope
140-1,902,10.07,slope
140-1,903,10.78,slope
140-1,904,10.49,slope
140-1,905,11.29,slope
140-1,906,11.49,slope
140-1,915,15.13,slope
140-1,916,16.11,slope
140-1,917,17.06,slope
140-1,918,12.95,slope
140-1,919,12.14,slope
140-1,921,14.45,slope
140-1,922,14.36,slope
140-1,923,15.03,slope
140-1,924,15.04,slope
140-1,925,14.24,slope
140-1,926,14.56,slope
140-1,931,19.14,slope
140-1,932,18.59,slope
140-1,933,19.10,slope
140-1,934,19.38,slope
140-1,935,20.24,slope
140-1,942,19.87,slope
140-1,946,14.80,slope
140-1,GATE,10.57,slope
140-2,1,8.35,slope
140-2,2,9.18,slope
140-2,3,8.17,slope
140-2,4,8.26,slope
140-2,5,8.82,slope
140-2,6,8.79,slope
140-2,7,9.65,slope
140-2,8,10.42,slope
140-2,9,9.50,slope
140-2,10,9.87,slope
140-2,10-1,10.01,slope
140-2,11,10.48,slope
140-2,12,12.04,slope
140-2,13,12.60,slope
140-2,14,7.77,slope
140-2,15,5.22,slope
140-2,15-1,7.32,slope
140-2,16,5.77,slope
140-2,16-1,6.30,slope
140-2,17,5.14,slope
140-2,18,19.52,slope
140-2,19,20.25,slope
140-2,20,14.33,slope
140-2,21,17.37,slope
140-2,22,13.60,slope
140-2,24,10.27,slope
140-2,25,11.52,slope
140-2,25-1,11.94,slope
140-2,26,12.07,slope
140-2,27,13.62,slope
140-2,28,14.64,slope
140-2,29,24.40,slope
140-2,30,16.75,slope
140-2,31,16.21,slope
140-2,32,18.70,slope
140-2,32-1,18.45,slope
140-2,33,18.34,slope
140-2,34,17.92,slope
140-2,35,18.23,slope
140-2,36,19.76,slope
140-2,37,18.26,slope
140-2,38,20.16,slope
140-2,39,22.73,slope
140-2,40,22.56,slope
140-2,43,16.39,slope
140-2,43-1,16.84,slope
140-2,43-2,16.21,slope
140-2,44-1,20.91,slope
140-2,49,0.86,slope
140-2,50,3.82,slope
140-2,51,3.30,slope
140-2,52,1.64,slope
140-2,52-1,1.64,slope
140-2,52-2,2.63,slope
140-2,53,2.09,slope
140-2,54,3.67,slope
140-2,55,4.32,slope
140-2,56,14.51,slope
140-2,57,4.46,slope
140-2,57-1,2.44,slope
140-2,58,5.13,slope
140-2,59,3.61,slope
140-2,59-1,4.47,slope
140-2,61,10.79,slope
140-2,62,10.48,slope
140-2,64,11.80,slope
140-2,66,23.95,slope
140-2,71,7.54,slope
140-2,71-1,7.12,slope
140-2,73,7.29,slope
140-2,74,5.31,slope
140-2,75,18.19,slope
140-2,75-1,17.76,slope
140-2,80,14.23,slope
140-2,81,5.61,slope
140-2,82,3.96,slope
140-2,83,4.31,slope
140-2,84,4.74,slope
140-2,85,7.00,slope
140-2,85-1,15.09,slope
140-2,86,13.32,slope
140-2,101,8.66,slope
140-2,103,7.93,slope
140-2,105-2,24.04,slope
140-2,129,15.81,slope
140-2,132,21.91,slope
140-2,135,22.58,slope
140-2,140,0.75,slope
140-2,140-1,0.99,slope
140-2,142,24.09,slope
140-2,143,16.52,slope
140-2,152-1,9.36,slope
140-2,153,8.41,slope
140-2,200,14.16,slope
140-2,201,17.18,slope
140-2,203,14.24,slope
140-2,207,2.61,slope
140-2,220,0.41,slope
140-2,221,0.71,slope
140-2,222,1.29,slope
140-2,223,3.36,slope
140-2,300,30.66,slope
140-2,301,31.81,slope
140-2,302,35.63,slope
140-2,500,14.84,slope
140-2,900,10.94,slope
140-2,901,10.83,slope
140-2,902,10.07,slope
140-2,903,10.78,slope
140-2,904,10.49,slope
140-2,905,11.29,slope
140-2,906,11.49,slope
140-2,915,15.13,slope
140-2,916,16.11,slope
140-2,917,17.06,slope
140-2,918,12.95,slope
140-2,919,12.14,slope
140-2,921,14.45,slope
140-2,922,14.36,slope
140-2,923,15.03,slope
140-2,924,15.04,slope
140-2,925,14.24,slope
140-2,926,14.56,slope
140-2,931,19.14,slope
140-2,932,18.59,slope
140-2,933,19.10,slope
140-2,934,19.38,slope
140-2,935,20.24,slope
140-2,942,19.87,slope
140-2,946,14.80,slope
140-2,GATE,11.24,slope
142,1,11.45,slope
142,2,11.94,slope
142,3,13.36,slope
142,4,12.95,slope
142,5,11.95,slope
142,6,13.15,slope
142,7,12.06,slope
142,8,12.00,slope
142,9,11.85,slope
142,10,13.19,slope
142,10-1,13.54,slope
142,11,12.17,slope
142,12,11.32,slope
142,13,9.03,slope
142,14,14.01,slope
142,15,15.77,slope
142,15-1,16.30,slope
142,16,17.41,slope
142,16-1,16.75,slope
142,17,17.56,slope
142,18,4.37,slope
142,19,5.35,slope
142,20,3.92,slope
142,21,4.28,slope
142,22,7.27,slope
142,24,10.71,slope
142,25,10.25,slope
142,25-1,11.15,slope
142,26,10.26,slope
142,27,8.59,slope
142,28,7.99,slope
142,29,1.49,slope
142,30,7.03,slope
142,31,8.14,slope
142,32,11.84,slope
142,32-1,10.07,slope
142,33,8.36,slope
142,34,6.66,slope
142,35,4.07,slope
142,36,7.03,slope
142,37,8.28,slope
142,38,8.27,slope
142,39,9.14,slope
142,40,9.56,slope
142,43,4.96,slope
142,43-1,5.29,slope
142,43-2,5.32,slope
142,44-1,6.77,slope
142,49,19.60,slope
142,50,17.13,slope
142,51,18.67,slope
142,52,18.81,slope
142,52-1,20.29,slope
142,52-2,19.92,slope
142,53,18.73,slope
142,54,17.62,slope
142,55,17.66,slope
142,56,5.40,slope
142,57,23.77,slope
142,57-1,22.61,slope
142,58,21.81,slope
142,59,23.08,slope
142,59-1,22.47,slope
142,61,10.67,slope
142,62,9.54,slope
142,64,18.77,slope
142,66,1.02,slope
142,71,27.47,slope
142,71-1,25.73,slope
142,73,15.14,slope
142,74,16.02,slope
142,75,11.63,slope
142,75-1,11.20,slope
142,80,32.72,slope
142,81,26.66,slope
142,82,19.44,slope
142,83,18.69,slope
142,84,16.32,slope
142,85,28.04,slope
142,85-1,33.72,slope
142,86,32.13,slope
142,101,18.16,slope
142,103,15.42,slope
142,105-2,6.50,slope
142,129,8.83,slope
142,132,3.48,slope
142,135,9.16,slope
142,140,21.62,slope
142,140-1,21.62,slope
142,140-2,21.62,slope
142,143,3.14,slope
142,152-1,25.07,slope
142,153,24.45,slope
142,200,9.43,slope
142,201,10.62,slope
142,203,10.89,slope
142,207,20.02,slope
142,220,20.71,slope
142,221,22.93,slope
142,222,21.53,slope
142,223,24.51,slope
142,300,13.33,slope
142,301,14.46,slope
142,302,18.29,slope
142,500,12.28,slope
142,900,15.05,slope
142,901,14.94,slope
142,902,14.17,slope
142,903,14.44,slope
142,904,14.15,slope
142,905,14.61,slope
142,906,15.60,slope
142,915,19.23,slope
142,916,20.21,slope
142,917,21.17,slope
142,918,15.58,slope
142,919,19.37,slope
142,921,18.56,slope
142,922,18.46,slope
142,923,19.13,slope
142,924,19.14,slope
142,925,18.35,slope
142,926,18.66,slope
142,931,23.24,slope
142,932,22.70,slope
142,933,23.21,slope
142,934,23.49,slope
142,935,24.35,slope
142,942,26.13,slope
142,946,18.91,slope
142,GATE,22.28,slope
143,1,5.05,slope
143,2,5.24,slope
143,3,6.49,slope
143,4,6.16,slope
143,5,5.12,slope
143,6,6.48,slope
143,7,4.95,slope
143,8,5.17,slope
143,9,4.85,slope
143,10,5.61,slope
143,10-1,5.90,slope
143,11,4.81,slope
143,12,3.53,slope
143,13,2.11,slope
143,14,6.52,slope
143,15,9.26,slope
143,15-1,9.81,slope
143,16,10.95,slope
143,16-1,10.28,slope
143,17,11.01,slope
143,18,2.65,slope
143,19,3.60,slope
143,20,0.31,slope
143,21,1.87,slope
143,22,4.93,slope
143,24,8.14,slope
143,25,7.69,slope
143,25-1,8.58,slope
143,26,7.70,slope
143,27,6.24,slope
143,28,5.64,slope
143,29,5.15,slope
143,30,4.71,slope
143,31,5.78,slope
143,32,9.67,slope
143,32-1,7.72,slope
143,33,6.00,slope
143,34,4.77,slope
143,35,1.74,slope
143,36,5.32,slope
143,37,5.93,slope
143,38,6.15,slope
143,39,6.84,slope
143,40,7.48,slope
143,43,2.57,slope
143,43-1,2.97,slope
143,43-2,3.02,slope
143,44-1,4.65,slope
143,49,12.73,slope
143,50,10.58,slope
143,51,12.13,slope
143,52,12.27,slope
143,52-1,12.88,slope
143,52-2,13.40,slope
143,53,11.90,slope
143,54,10.76,slope
143,55,10.85,slope
143,56,3.10,slope
143,57,17.02,slope
143,57-1,15.86,slope
143,58,15.34,slope
143,59,16.30,slope
143,59-1,16.02,slope
143,61,3.82,slope
143,62,6.63,slope
143,64,13.88,slope
143,66,11.97,slope
143,71,20.97,slope
143,71-1,19.23,slope
143,73,8.96,slope
143,74,9.37,slope
143,75,9.25,slope
143,75-1,8.83,slope
143,80,26.49,slope
143,81,20.56,slope
143,82,12.38,slope
143,83,12.16,slope
143,84,9.75,slope
143,85,21.92,slope
143,85-1,27.57,slope
143,86,25.60,slope
143,101,11.71,slope
143,103,9.67,slope
143,105-2,10.37,slope
143,129,6.47,slope
143,132,7.04,slope
143,135,6.85,slope
143,140,15.48,slope
143,140-1,15.48,slope
143,140-2,15.48,slope
143,142,4.33,slope
143,152-1,18.58,slope
143,153,17.97,slope
143,200,7.06,slope
143,201,8.25,slope
143,203,8.51,slope
143,207,13.50,slope
143,220,13.92,slope
143,221,16.17,slope
143,222,14.75,slope
143,223,19.00,slope
143,300,17.02,slope
143,301,18.14,slope
143,302,21.98,slope
143,500,9.85,slope
143,900,12.18,slope
143,901,12.08,slope
143,902,11.31,slope
143,903,12.02,slope
143,904,11.73,slope
143,905,12.53,slope
143,906,12.73,slope
143,915,16.37,slope
143,916,17.35,slope
143,917,18.31,slope
143,918,14.89,slope
143,919,13.44,slope
143,921,15.70,slope
143,922,15.60,slope
143,923,16.27,slope
143,924,16.28,slope
143,925,15.48,slope
143,926,15.80,slope
143,931,20.38,slope
143,932,19.83,slope
143,933,20.35,slope
143,934,20.63,slope
143,935,21.49,slope
143,942,21.16,slope
143,946,16.05,slope
143,GATE,17.38,slope
152-1,1,13.87,slope
152-1,2,13.95,slope
152-1,3,14.69,slope
152-1,4,14.78,slope
152-1,5,15.35,slope
152-1,6,16.02,slope
152-1,7,16.60,slope
152-1,8,16.12,slope
152-1,9,17.77,slope
152-1,10,18.20,slope
152-1,10-1,19.10,slope
152-1,11,19.10,slope
152-1,12,18.17,slope
152-1,13,18.58,slope
152-1,14,16.95,slope
152-1,15,9.52,slope
152-1,15-1,11.12,slope
152-1,16,5.53,slope
152-1,16-1,10.00,slope
152-1,17,9.07,slope
152-1,18,24.59,slope
152-1,19,25.31,slope
152-1,20,19.39,slope
152-1,21,22.64,slope
152-1,22,19.09,slope
152-1,24,15.74,slope
152-1,25,17.00,slope
152-1,25-1,17.42,slope
152-1,26,17.54,slope
152-1,27,19.11,slope
152-1,28,20.12,slope
152-1,29,31.10,slope
152-1,30,22.28,slope
152-1,31,21.73,slope
152-1,32,23.56,slope
152-1,32-1,23.66,slope
152-1,33,23.85,slope
152-1,34,23.44,slope
152-1,35,23.29,slope
152-1,36,25.30,slope
152-1,37,23.77,slope
152-1,38,25.68,slope
152-1,39,28.33,slope
152-1,40,28.09,slope
152-1,43,21.93,slope
152-1,43-1,22.36,slope
152-1,43-2,21.77,slope
152-1,44-1,25.96,slope
152-1,49,12.20,slope
152-1,50,8.31,slope
152-1,51,8.18,slope
152-1,52,9.15,slope
152-1,52-1,9.09,slope
152-1,52-2,8.83,slope
152-1,53,11.32,slope
152-1,54,10.71,slope
152-1,55,10.45,slope
152-1,56,20.04,slope
152-1,57,5.57,slope
152-1,57-1,5.61,slope
152-1,58,2.57,slope
152-1,59,4.98,slope
152-1,59-1,4.92,slope
152-1,61,16.06,slope
152-1,62,15.98,slope
152-1,64,8.44,slope
152-1,66,34.94,slope
152-1,71,6.02,slope
152-1,71-1,4.51,slope
152-1,73,11.51,slope
152-1,74,11.29,slope
152-1,75,23.40,slope
152-1,75-1,22.96,slope
152-1,80,8.63,slope
152-1,81,8.51,slope
152-1,82,14.54,slope
152-1,83,7.62,slope
152-1,84,9.77,slope
152-1,85,9.98,slope
152-1,85-1,9.57,slope
152-1,86,7.78,slope
152-1,101,9.11,slope
152-1,103,10.46,slope
152-1,105-2,35.37,slope
152-1,129,20.65,slope
152-1,132,32.82,slope
152-1,135,28.13,slope
152-1,140,11.13,slope
152-1,140-1,11.13,slope
152-1,140-2,12.27,slope
152-1,142,30.29,slope
152-1,143,21.60,slope
152-1,153,1.82,slope
152-1,200,19.47,slope
152-1,201,22.40,slope
152-1,203,19.46,slope
152-1,207,8.09,slope
152-1,220,8.51,slope
152-1,221,10.35,slope
152-1,222,7.43,slope
152-1,223,9.54,slope
152-1,300,38.34,slope
152-1,301,39.46,slope
152-1,302,43.33,slope
152-1,500,17.40,slope
152-1,900,21.40,slope
152-1,901,21.29,slope
152-1,902,20.52,slope
152-1,903,21.24,slope
152-1,904,20.95,slope
152-1,905,21.75,slope
152-1,906,21.95,slope
152-1,915,25.58,slope
152-1,916,26.56,slope
152-1,917,27.52,slope
152-1,918,23.41,slope
152-1,919,23.58,slope
152-1,921,24.91,slope
152-1,922,24.81,slope
152-1,923,25.48,slope
152-1,924,25.49,slope
152-1,925,24.70,slope
152-1,926,25.02,slope
152-1,931,29.59,slope
152-1,932,29.05,slope
152-1,933,29.56,slope
152-1,934,29.84,slope
152-1,935,30.70,slope
152-1,942,31.36,slope
152-1,946,25.26,slope
152-1,GATE,5.37,slope
153,1,12.94,slope
153,2,13.01,slope
153,3,13.72,slope
153,4,13.81,slope
153,5,14.38,slope
153,6,15.04,slope
153,7,15.63,slope
153,8,15.18,slope
153,9,16.79,slope
153,10,17.23,slope
153,10-1,18.12,slope
153,11,18.13,slope
153,12,17.22,slope
153,13,17.62,slope
153,14,15.96,slope
153,15,8.58,slope
153,15-1,10.17,slope
153,16,4.60,slope
153,16-1,9.07,slope
153,17,8.14,slope
153,18,23.64,slope
153,19,24.36,slope
153,20,18.44,slope
153,21,21.65,slope
153,22,18.17,slope
153,24,14.83,slope
153,25,16.09,slope
153,25-1,16.51,slope
153,26,16.63,slope
153,27,18.20,slope
153,28,19.21,slope
153,29,30.09,slope
153,30,21.35,slope
153,31,20.80,slope
153,32,22.64,slope
153,32-1,22.69,slope
153,33,22.93,slope
153,34,22.51,slope
153,35,22.33,slope
153,36,24.36,slope
153,37,22.85,slope
153,38,24.75,slope
153,39,27.37,slope
153,40,27.16,slope
153,43,20.99,slope
153,43-1,21.43,slope
153,43-2,20.83,slope
153,44-1,25.02,slope
153,49,11.47,slope
153,50,7.37,slope
153,51,7.22,slope
153,52,8.58,slope
153,52-1,8.51,slope
153,52-2,8.15,slope
153,53,10.64,slope
153,54,9.75,slope
153,55,9.50,slope
153,56,19.10,slope
153,57,4.48,slope
153,57-1,4.48,slope
153,58,1.48,slope
153,59,3.81,slope
153,59-1,3.73,slope
153,61,15.12,slope
153,62,15.06,slope
153,64,7.50,slope
153,66,33.88,slope
153,71,4.56,slope
153,71-1,3.11,slope
153,73,10.59,slope
153,74,10.33,slope
153,75,22.43,slope
153,75-1,22.00,slope
153,80,8.70,slope
153,81,7.43,slope
153,82,13.52,slope
153,83,6.67,slope
153,84,8.83,slope
153,85,8.93,slope
153,85-1,9.97,slope
153,86,7.84,slope
153,101,8.16,slope
153,103,9.53,slope
153,105-2,34.39,slope
153,129,19.74,slope
153,132,31.83,slope
153,135,27.19,slope
153,140,10.22,slope
153,140-1,10.22,slope
153,140-2,11.27,slope
153,142,29.27,slope
153,143,20.63,slope
153,152-1,1.57,slope
153,200,18.51,slope
153,201,21.43,slope
153,203,18.49,slope
153,207,7.41,slope
153,220,7.79,slope
153,221,9.32,slope
153,222,6.63,slope
153,223,8.50,slope
153,300,37.36,slope
153,301,38.49,slope
153,302,42.35,slope
153,500,16.43,slope
153,900,20.93,slope
153,901,20.82,slope
153,902,20.06,slope
153,903,20.77,slope
153,904,20.48,slope
153,905,21.28,slope
153,906,21.48,slope
153,915,25.11,slope
153,916,26.09,slope
153,917,27.05,slope
153,918,22.94,slope
153,919,22.60,slope
153,921,24.44,slope
153,922,24.35,slope
153,923,25.02,slope
153,924,25.03,slope
153,925,24.23,slope
153,926,24.55,slope
153,931,29.12,slope
153,932,28.58,slope
153,933,29.09,slope
153,934,29.37,slope
153,935,30.23,slope
153,942,30.40,slope
153,946,24.79,slope
153,GATE,4.64,slope
200,1,6.88,slope
200,2,8.11,slope
200,3,9.75,slope
200,4,9.66,slope
200,5,9.32,slope
200,6,11.07,slope
200,7,10.51,slope
200,8,9.81,slope
200,9,10.74,slope
200,10,12.51,slope
200,10-1,14.00,slope
200,11,11.96,slope
200,12,11.21,slope
200,13,9.53,slope
200,14,12.14,slope
200,15,9.31,slope
200,15-1,9.86,slope
200,16,10.84,slope
200,16-1,9.87,slope
200,17,11.04,slope
200,18,8.35,slope
200,19,8.77,slope
200,20,7.59,slope
200,21,6.80,slope
200,22,2.65,slope
200,24,2.79,slope
200,25,1.37,slope
200,25-1,3.17,slope
200,26,3.31,slope
200,27,1.45,slope
200,28,1.66,slope
200,29,13.63,slope
200,30,4.05,slope
200,31,2.47,slope
200,32,2.39,slope
200,32-1,2.50,slope
200,33,3.35,slope
200,34,5.78,slope
200,35,7.11,slope
200,36,6.35,slope
200,37,4.30,slope
200,38,5.43,slope
200,39,8.83,slope
200,40,8.75,slope
200,43,5.28,slope
200,43-1,4.68,slope
200,43-2,4.12,slope
200,44-1,8.07,slope
200,49,13.68,slope
200,50,10.61,slope
200,51,12.16,slope
200,52,12.31,slope
200,52-1,12.92,slope
200,52-2,13.44,slope
200,53,12.80,slope
200,54,11.55,slope
200,55,11.23,slope
200,56,4.02,slope
200,57,16.72,slope
200,57-1,15.57,slope
200,58,15.19,slope
200,59,16.00,slope
200,59-1,16.07,slope
200,61,9.16,slope
200,62,6.11,slope
200,64,9.20,slope
200,66,20.40,slope
200,71,20.05,slope
200,71-1,18.56,slope
200,73,7.69,slope
200,74,9.57,slope
200,75,2.05,slope
200,75-1,1.40,slope
200,80,24.51,slope
200,81,20.26,slope
200,82,13.53,slope
200,83,12.18,slope
200,84,9.76,slope
200,85,21.62,slope
200,85-1,25.32,slope
200,86,23.62,slope
200,101,10.46,slope
200,103,7.55,slope
200,105-2,15.39,slope
200,129,0.88,slope
200,132,15.42,slope
200,135,9.89,slope
200,140,15.17,slope
200,140-1,15.17,slope
200,140-2,15.17,slope
200,142,12.87,slope
200,143,9.30,slope
200,152-1,17.92,slope
200,153,17.33,slope
200,201,0.81,slope
200,203,0.59,slope
200,207,13.54,slope
200,220,13.63,slope
200,221,15.88,slope
200,222,14.44,slope
200,223,18.85,slope
200,300,19.60,slope
200,301,20.67,slope
200,302,24.53,slope
200,500,2.01,slope
200,900,19.82,slope
200,901,19.72,slope
200,902,18.95,slope
200,903,19.66,slope
200,904,19.37,slope
200,905,20.17,slope
200,906,20.37,slope
200,915,24.01,slope
200,916,24.99,slope
200,917,25.95,slope
200,918,21.83,slope
200,919,20.56,slope
200,921,23.34,slope
200,922,23.24,slope
200,923,23.91,slope
200,924,23.92,slope
200,925,23.12,slope
200,926,23.44,slope
200,931,28.02,slope
200,932,27.47,slope
200,933,27.99,slope
200,934,28.27,slope
200,935,29.13,slope
200,942,28.32,slope
200,946,23.69,slope
200,GATE,12.71,slope
201,1,9.49,slope
201,2,10.19,slope
201,3,11.30,slope
201,4,11.30,slope
201,5,10.47,slope
201,6,12.22,slope
201,7,11.62,slope
201,8,10.96,slope
201,9,11.84,slope
201,10,13.62,slope
201,10-1,15.12,slope
201,11,13.08,slope
201,12,12.32,slope
201,13,10.65,slope
201,14,13.30,slope
201,15,11.83,slope
201,15-1,12.38,slope
201,16,13.24,slope
201,16-1,12.26,slope
201,17,13.56,slope
201,18,9.52,slope
201,19,9.85,slope
201,20,8.73,slope
201,21,7.94,slope
201,22,3.76,slope
201,24,5.31,slope
201,25,3.89,slope
201,25-1,5.68,slope
201,26,5.87,slope
201,27,2.56,slope
201,28,2.77,slope
201,29,14.80,slope
201,30,5.12,slope
201,31,3.59,slope
201,32,2.39,slope
201,32-1,2.45,slope
201,33,3.30,slope
201,34,6.90,slope
201,35,8.25,slope
201,36,6.30,slope
201,37,4.25,slope
201,38,5.38,slope
201,39,8.79,slope
201,40,8.70,slope
201,43,6.42,slope
201,43-1,5.81,slope
201,43-2,5.22,slope
201,44-1,8.02,slope
201,49,17.06,slope
201,50,13.15,slope
201,51,14.69,slope
201,52,14.85,slope
201,52-1,15.46,slope
201,52-2,15.98,slope
201,53,16.18,slope
201,54,15.09,slope
201,55,13.77,slope
201,56,5.14,slope
201,57,19.26,slope
201,57-1,18.11,slope
201,58,17.60,slope
201,59,18.54,slope
201,59-1,18.60,slope
201,61,10.27,slope
201,62,7.89,slope
201,64,11.58,slope
201,66,21.50,slope
201,71,22.44,slope
201,71-1,20.95,slope
201,73,10.08,slope
201,74,12.12,slope
201,75,1.69,slope
201,75-1,0.58,slope
201,80,26.91,slope
201,81,22.80,slope
201,82,16.71,slope
201,83,14.71,slope
201,84,12.29,slope
201,85,24.15,slope
201,85-1,27.72,slope
201,86,26.02,slope
201,101,12.85,slope
201,103,9.93,slope
201,105-2,15.31,slope
201,129,1.96,slope
201,132,16.44,slope
201,135,9.84,slope
201,140,17.72,slope
201,140-1,17.72,slope
201,140-2,17.72,slope
201,142,14.05,slope
201,143,10.44,slope
201,152-1,20.31,slope
201,153,19.72,slope
201,200,0.79,slope
201,203,3.08,slope
201,207,16.07,slope
201,220,16.17,slope
201,221,18.43,slope
201,222,16.98,slope
201,223,21.39,slope
201,300,19.52,slope
201,301,20.59,slope
201,302,24.44,slope
201,500,4.42,slope
201,900,20.72,slope
201,901,20.61,slope
201,902,19.85,slope
201,903,20.56,slope
201,904,20.27,slope
201,905,21.07,slope
201,906,21.27,slope
201,915,24.90,slope
201,916,25.88,slope
201,917,26.84,slope
201,918,22.73,slope
201,919,21.74,slope
201,921,24.23,slope
201,922,24.14,slope
201,923,24.81,slope
201,924,24.82,slope
201,925,24.02,slope
201,926,24.34,slope
201,931,28.91,slope
201,932,28.37,slope
201,933,28.88,slope
201,934,29.16,slope
201,935,30.02,slope
201,942,29.49,slope
201,946,24.58,slope
201,GATE,15.09,slope
203,1,6.97,slope
203,2,8.21,slope
203,3,10.23,slope
203,4,9.76,slope
203,5,9.78,slope
203,6,11.54,slope
203,7,11.03,slope
203,8,10.26,slope
203,9,11.50,slope
203,10,13.33,slope
203,10-1,14.83,slope
203,11,12.78,slope
203,12,12.03,slope
203,13,10.36,slope
203,14,12.61,slope
203,15,9.40,slope
203,15-1,9.95,slope
203,16,10.82,slope
203,16-1,9.85,slope
203,17,11.13,slope
203,18,10.24,slope
203,19,10.64,slope
203,20,8.62,slope
203,21,9.05,slope
203,22,4.51,slope
203,24,2.87,slope
203,25,1.46,slope
203,25-1,3.25,slope
203,26,3.39,slope
203,27,1.85,slope
203,28,3.51,slope
203,29,15.51,slope
203,30,5.92,slope
203,31,4.34,slope
203,32,4.78,slope
203,32-1,4.83,slope
203,33,5.67,slope
203,34,7.65,slope
203,35,8.98,slope
203,36,8.67,slope
203,37,6.62,slope
203,38,7.76,slope
203,39,11.12,slope
203,40,11.08,slope
203,43,7.16,slope
203,43-1,6.55,slope
203,43-2,5.99,slope
203,44-1,9.96,slope
203,49,13.80,slope
203,50,10.71,slope
203,51,12.26,slope
203,52,12.41,slope
203,52-1,13.02,slope
203,52-2,13.54,slope
203,53,12.92,slope
203,54,11.66,slope
203,55,11.34,slope
203,56,5.89,slope
203,57,16.82,slope
203,57-1,15.67,slope
203,58,15.17,slope
203,59,16.10,slope
203,59-1,16.16,slope
203,61,9.77,slope
203,62,6.22,slope
203,64,9.16,slope
203,66,22.24,slope
203,71,20.02,slope
203,71-1,18.54,slope
203,73,7.66,slope
203,74,9.69,slope
203,75,4.59,slope
203,75-1,4.16,slope
203,80,24.50,slope
203,81,20.37,slope
203,82,13.68,slope
203,83,12.28,slope
203,84,9.86,slope
203,85,21.72,slope
203,85-1,25.30,slope
203,86,23.61,slope
203,101,10.43,slope
203,103,7.52,slope
203,105-2,17.69,slope
203,129,2.15,slope
203,132,17.30,slope
203,135,12.21,slope
203,140,15.28,slope
203,140-1,15.28,slope
203,140-2,15.28,slope
203,142,14.76,slope
203,143,11.17,slope
203,152-1,17.90,slope
203,153,17.31,slope
203,200,0.60,slope
203,201,3.59,slope
203,207,13.64,slope
203,220,13.73,slope
203,221,15.99,slope
203,222,14.55,slope
203,223,18.95,slope
203,300,21.90,slope
203,301,22.98,slope
203,302,26.84,slope
203,500,1.96,slope
203,900,20.13,slope
203,901,20.03,slope
203,902,19.26,slope
203,903,19.97,slope
203,904,19.68,slope
203,905,20.48,slope
203,906,20.68,slope
203,915,24.32,slope
203,916,25.30,slope
203,917,26.26,slope
203,918,22.14,slope
203,919,21.03,slope
203,921,23.65,slope
203,922,23.55,slope
203,923,24.22,slope
203,924,24.23,slope
203,925,23.43,slope
203,926,23.75,slope
203,931,28.33,slope
203,932,27.78,slope
203,933,28.30,slope
203,934,28.58,slope
203,935,29.44,slope
203,942,28.81,slope
203,946,24.00,slope
203,GATE,12.67,slope
207,1,7.26,slope
207,2,7.32,slope
207,3,7.71,slope
207,4,7.80,slope
207,5,8.37,slope
207,6,9.03,slope
207,7,9.62,slope
207,8,10.31,slope
207,9,10.77,slope
207,10,11.21,slope
207,10-1,12.09,slope
207,11,12.10,slope
207,12,11.48,slope
207,13,11.88,slope
207,14,9.93,slope
207,15,3.61,slope
207,15-1,5.63,slope
207,16,2.29,slope
207,16-1,4.65,slope
207,17,3.18,slope
207,18,17.90,slope
207,19,18.63,slope
207,20,12.71,slope
207,21,15.88,slope
207,22,12.50,slope
207,24,9.20,slope
207,25,10.44,slope
207,25-1,10.86,slope
207,26,10.99,slope
207,27,12.54,slope
207,28,13.55,slope
207,29,24.28,slope
207,30,15.65,slope
207,31,15.11,slope
207,32,17.60,slope
207,32-1,17.35,slope
207,33,17.23,slope
207,34,16.81,slope
207,35,16.60,slope
207,36,18.64,slope
207,37,17.16,slope
207,38,19.05,slope
207,39,21.61,slope
207,40,21.44,slope
207,43,15.27,slope
207,43-1,15.73,slope
207,43-2,15.11,slope
207,44-1,19.30,slope
207,49,3.04,slope
207,50,2.15,slope
207,51,0.73,slope
207,52,0.86,slope
207,52-1,0.74,slope
207,52-2,0.63,slope
207,53,2.35,slope
207,54,2.72,slope
207,55,3.25,slope
207,56,13.40,slope
207,57,2.35,slope
207,57-1,2.02,slope
207,58,3.06,slope
207,59,1.54,slope
207,59-1,2.40,slope
207,61,9.41,slope
207,62,9.39,slope
207,64,9.95,slope
207,66,27.77,slope
207,71,9.69,slope
207,71-1,8.11,slope
207,73,5.63,slope
207,74,4.55,slope
207,75,17.10,slope
207,75-1,16.67,slope
207,80,15.01,slope
207,81,8.64,slope
207,82,6.48,slope
207,83,1.89,slope
207,84,3.53,slope
207,85,10.02,slope
207,85-1,16.14,slope
207,86,14.11,slope
207,101,6.27,slope
207,103,6.28,slope
207,105-2,28.60,slope
207,129,14.72,slope
207,132,26.04,slope
207,135,21.46,slope
207,140,3.07,slope
207,140-1,3.07,slope
207,140-2,3.07,slope
207,142,23.47,slope
207,143,14.87,slope
207,152-1,6.78,slope
207,153,6.58,slope
207,200,13.07,slope
207,201,16.09,slope
207,203,13.16,slope
207,220,1.28,slope
207,221,3.65,slope
207,222,0.70,slope
207,223,6.64,slope
207,300,31.58,slope
207,301,32.71,slope
207,302,36.55,slope
207,500,13.76,slope
207,900,14.25,slope
207,901,14.14,slope
207,902,13.37,slope
207,903,14.09,slope
207,904,13.80,slope
207,905,14.60,slope
207,906,14.80,slope
207,915,18.43,slope
207,916,19.41,slope
207,917,20.37,slope
207,918,16.26,slope
207,919,16.16,slope
207,921,17.76,slope
207,922,17.66,slope
207,923,18.33,slope
207,924,18.34,slope
207,925,17.55,slope
207,926,17.87,slope
207,931,22.44,slope
207,932,21.90,slope
207,933,22.41,slope
207,934,22.69,slope
207,935,23.55,slope
207,942,23.92,slope
207,946,18.11,slope
207,GATE,8.10,slope
220,1,7.00,slope
220,2,7.86,slope
220,3,6.84,slope
220,4,6.93,slope
220,5,7.50,slope
220,6,8.15,slope
220,7,8.74,slope
220,8,9.52,slope
220,9,9.90,slope
220,10,10.33,slope
220,10-1,11.22,slope
220,11,11.22,slope
220,12,11.54,slope
220,13,11.94,slope
220,14,9.05,slope
220,15,3.86,slope
220,15-1,5.95,slope
220,16,4.43,slope
220,16-1,4.96,slope
220,17,3.79,slope
220,18,18.17,slope
220,19,18.91,slope
220,20,12.98,slope
220,21,16.05,slope
220,22,12.22,slope
220,24,8.94,slope
220,25,10.18,slope
220,25-1,10.60,slope
220,26,10.73,slope
220,27,12.28,slope
220,28,13.28,slope
220,29,24.72,slope
220,30,15.37,slope
220,31,14.84,slope
220,32,17.32,slope
220,32-1,17.07,slope
220,33,16.95,slope
220,34,16.53,slope
220,35,16.90,slope
220,36,18.35,slope
220,37,16.88,slope
220,38,18.77,slope
220,39,21.32,slope
220,40,21.16,slope
220,43,14.98,slope
220,43-1,15.45,slope
220,43-2,14.83,slope
220,44-1,19.58,slope
220,49,1.79,slope
220,50,2.47,slope
220,51,1.47,slope
220,52,0.17,slope
220,52-1,0.17,slope
220,52-2,0.97,slope
220,53,1.12,slope
220,54,2.29,slope
220,55,2.95,slope
220,56,13.12,slope
220,57,1.67,slope
220,57-1,0.32,slope
220,58,2.34,slope
220,59,0.94,slope
220,59-1,1.67,slope
220,61,9.47,slope
220,62,9.12,slope
220,64,11.00,slope
220,66,27.86,slope
220,71,7.24,slope
220,71-1,6.91,slope
220,73,5.95,slope
220,74,4.03,slope
220,75,16.83,slope
220,75-1,16.40,slope
220,80,13.20,slope
220,81,4.64,slope
220,82,5.20,slope
220,83,2.64,slope
220,84,3.39,slope
220,85,5.98,slope
220,85-1,14.03,slope
220,86,13.37,slope
220,101,7.58,slope
220,103,6.59,slope
220,105-2,28.98,slope
220,129,14.45,slope
220,132,26.46,slope
220,135,21.17,slope
220,140,0.57,slope
220,140-1,0.57,slope
220,140-2,0.57,slope
220,142,23.96,slope
220,143,15.16,slope
220,152-1,7.02,slope
220,153,6.52,slope
220,200,12.81,slope
220,201,15.82,slope
220,203,12.89,slope
220,207,0.95,slope
220,221,0.58,slope
220,222,0.42,slope
220,223,3.36,slope
220,300,31.26,slope
220,301,32.39,slope
220,302,36.23,slope
220,500,13.49,slope
220,900,13.16,slope
220,901,13.05,slope
220,902,12.28,slope
220,903,12.99,slope
220,904,12.71,slope
220,905,13.50,slope
220,906,13.71,slope
220,915,17.34,slope
220,916,18.32,slope
220,917,19.28,slope
220,918,15.17,slope
220,919,15.27,slope
220,921,16.67,slope
220,922,16.57,slope
220,923,17.24,slope
220,924,17.25,slope
220,925,16.46,slope
220,926,16.77,slope
220,931,21.35,slope
220,932,20.81,slope
220,933,21.32,slope
220,934,21.60,slope
220,935,22.46,slope
220,942,23.01,slope
220,946,17.02,slope
220,GATE,8.26,slope
221,1,9.18,slope
221,2,10.04,slope
221,3,9.02,slope
221,4,9.11,slope
221,5,9.68,slope
221,6,9.87,slope
221,7,10.74,slope
221,8,11.51,slope
221,9,11.10,slope
221,10,11.63,slope
221,10-1,11.95,slope
221,11,12.41,slope
221,12,13.12,slope
221,13,13.68,slope
221,14,9.44,slope
221,15,6.05,slope
221,15-1,8.16,slope
221,16,6.24,slope
221,16-1,7.14,slope
221,17,5.97,slope
221,18,20.36,slope
221,19,21.09,slope
221,20,15.17,slope
221,21,18.19,slope
221,22,14.41,slope
221,24,11.12,slope
221,25,12.37,slope
221,25-1,12.79,slope
221,26,12.91,slope
221,27,14.47,slope
221,28,15.47,slope
221,29,26.56,slope
221,30,17.55,slope
221,31,17.02,slope
221,32,19.51,slope
221,32-1,19.26,slope
221,33,19.14,slope
221,34,18.71,slope
221,35,19.07,slope
221,36,20.54,slope
221,37,19.06,slope
221,38,20.95,slope
221,39,23.49,slope
221,40,23.34,slope
221,43,17.16,slope
221,43-1,17.64,slope
221,43-2,17.01,slope
221,44-1,21.76,slope
221,49,3.97,slope
221,50,4.65,slope
221,51,3.74,slope
221,52,2.26,slope
221,52-1,2.26,slope
221,52-2,3.23,slope
221,53,3.33,slope
221,54,4.48,slope
221,55,5.13,slope
221,56,15.31,slope
221,57,3.28,slope
221,57-1,1.27,slope
221,58,3.96,slope
221,59,2.43,slope
221,59-1,3.30,slope
221,61,11.65,slope
221,62,11.31,slope
221,64,13.20,slope
221,66,26.13,slope
221,71,6.57,slope
221,71-1,6.14,slope
221,73,8.14,slope
221,74,6.22,slope
221,75,19.01,slope
221,75-1,18.59,slope
221,80,13.23,slope
221,81,4.63,slope
221,82,5.93,slope
221,83,4.91,slope
221,84,5.58,slope
221,85,6.01,slope
221,85-1,14.08,slope
221,86,12.32,slope
221,101,9.89,slope
221,103,8.78,slope
221,105-2,27.64,slope
221,129,16.64,slope
221,132,25.43,slope
221,135,23.35,slope
221,140,0.61,slope
221,140-1,0.61,slope
221,140-2,0.86,slope
221,142,26.04,slope
221,143,17.33,slope
221,152-1,8.35,slope
221,153,7.44,slope
221,200,15.00,slope
221,201,18.01,slope
221,203,15.08,slope
221,207,3.22,slope
221,220,0.56,slope
221,222,1.98,slope
221,223,3.34,slope
221,300,33.02,slope
221,301,34.16,slope
221,302,37.97,slope
221,500,15.68,slope
221,900,15.45,slope
221,901,15.35,slope
221,902,14.58,slope
221,903,15.29,slope
221,904,15.00,slope
221,905,15.80,slope
221,906,16.00,slope
221,915,19.64,slope
221,916,20.62,slope
221,917,21.57,slope
221,918,17.46,slope
221,919,14.16,slope
221,921,18.96,slope
221,922,18.87,slope
221,923,19.54,slope
221,924,19.55,slope
221,925,18.75,slope
221,926,19.07,slope
221,931,23.65,slope
221,932,23.10,slope
221,933,23.62,slope
221,934,23.90,slope
221,935,24.76,slope
221,942,22.01,slope
221,946,19.32,slope
221,GATE,10.07,slope
222,1,7.88,slope
222,2,8.76,slope
222,3,7.74,slope
222,4,7.84,slope
222,5,8.40,slope
222,6,9.06,slope
222,7,9.65,slope
222,8,10.42,slope
222,9,10.81,slope
222,10,11.24,slope
222,10-1,12.13,slope
222,11,12.13,slope
222,12,12.45,slope
222,13,12.85,slope
222,14,9.97,slope
222,15,4.31,slope
222,15-1,6.32,slope
222,16,3.74,slope
222,16-1,5.35,slope
222,17,3.88,slope
222,18,19.08,slope
222,19,19.82,slope
222,20,13.89,slope
222,21,16.96,slope
222,22,13.11,slope
222,24,9.81,slope
222,25,11.06,slope
222,25-1,11.48,slope
222,26,11.61,slope
222,27,13.16,slope
222,28,14.16,slope
222,29,25.64,slope
222,30,16.26,slope
222,31,15.73,slope
222,32,18.21,slope
222,32-1,17.96,slope
222,33,17.85,slope
222,34,17.42,slope
222,35,17.80,slope
222,36,19.25,slope
222,37,17.77,slope
222,38,19.66,slope
222,39,22.22,slope
222,40,22.05,slope
222,43,15.88,slope
222,43-1,16.34,slope
222,43-2,15.73,slope
222,44-1,20.48,slope
222,49,2.71,slope
222,50,3.00,slope
222,51,1.42,slope
222,52,0.89,slope
222,52-1,0.89,slope
222,52-2,0.62,slope
222,53,2.03,slope
222,54,3.18,slope
222,55,3.82,slope
222,56,14.02,slope
222,57,0.94,slope
222,57-1,0.82,slope
222,58,1.77,slope
222,59,0.22,slope
222,59-1,1.12,slope
222,61,10.37,slope
222,62,10.01,slope
222,64,11.02,slope
222,66,28.76,slope
222,71,8.31,slope
222,71-1,6.99,slope
222,73,6.34,slope
222,74,4.93,slope
222,75,17.71,slope
222,75-1,17.29,slope
222,80,14.19,slope
222,81,6.84,slope
222,82,6.16,slope
222,83,2.59,slope
222,84,4.27,slope
222,85,8.23,slope
222,85-1,15.32,slope
222,86,13.27,slope
222,101,7.26,slope
222,103,6.98,slope
222,105-2,29.89,slope
222,129,15.34,slope
222,132,27.37,slope
222,135,22.07,slope
222,140,1.39,slope
222,140-1,1.39,slope
222,140-2,1.39,slope
222,142,24.88,slope
222,143,16.08,slope
222,152-1,6.30,slope
222,153,5.77,slope
222,200,13.69,slope
222,201,16.71,slope
222,203,13.78,slope
222,207,0.53,slope
222,220,0.59,slope
222,221,2.30,slope
222,223,5.35,slope
222,300,32.17,slope
222,301,33.31,slope
222,302,37.15,slope
222,500,14.38,slope
222,900,13.91,slope
222,901,13.81,slope
222,902,13.04,slope
222,903,13.75,slope
222,904,13.46,slope
222,905,14.26,slope
222,906,14.46,slope
222,915,18.10,slope
222,916,19.08,slope
222,917,20.03,slope
222,918,15.92,slope
222,919,16.18,slope
222,921,17.42,slope
222,922,17.33,slope
222,923,18.00,slope
222,924,18.01,slope
222,925,17.21,slope
222,926,17.53,slope
222,931,22.11,slope
222,932,21.56,slope
222,933,22.07,slope
222,934,22.35,slope
222,935,23.21,slope
222,942,23.92,slope
222,946,17.78,slope
222,GATE,7.57,slope
223,1,11.84,slope
223,2,12.74,slope
223,3,11.72,slope
223,4,11.81,slope
223,5,11.64,slope
223,6,12.13,slope
223,7,13.10,slope
223,8,13.91,slope
223,9,13.10,slope
223,10,13.48,slope
223,10-1,13.62,slope
223,11,14.10,slope
223,12,15.07,slope
223,13,15.57,slope
223,14,11.36,slope
223,15,8.70,slope
223,15-1,10.80,slope
223,16,8.91,slope
223,16-1,9.79,slope
223,17,8.63,slope
223,18,22.92,slope
223,19,23.64,slope
223,20,17.73,slope
223,21,20.86,slope
223,22,17.08,slope
223,24,13.77,slope
223,25,15.02,slope
223,25-1,15.44,slope
223,26,15.56,slope
223,27,17.12,slope
223,28,18.13,slope
223,29,28.01,slope
223,30,20.22,slope
223,31,19.69,slope
223,32,22.17,slope
223,32-1,21.93,slope
223,33,21.81,slope
223,34,21.39,slope
223,35,21.70,slope
223,36,23.22,slope
223,37,21.74,slope
223,38,23.63,slope
223,39,26.15,slope
223,40,26.02,slope
223,43,19.85,slope
223,43-1,20.31,slope
223,43-2,19.68,slope
223,44-1,24.47,slope
223,49,7.33,slope
223,50,7.31,slope
223,51,6.39,slope
223,52,4.91,slope
223,52-1,4.91,slope
223,52-2,5.88,slope
223,53,6.01,slope
223,54,7.14,slope
223,55,7.80,slope
223,56,17.98,slope
223,57,5.27,slope
223,57-1,3.94,slope
223,58,4.99,slope
223,59,5.14,slope
223,59-1,5.55,slope
223,61,13.74,slope
223,62,13.97,slope
223,64,13.07,slope
223,66,27.56,slope
223,71,5.46,slope
223,71-1,5.03,slope
223,73,10.78,slope
223,74,8.89,slope
223,75,21.67,slope
223,75-1,21.25,slope
223,80,12.10,slope
223,81,3.46,slope
223,82,7.80,slope
223,83,7.56,slope
223,84,8.23,slope
223,85,4.88,slope
223,85-1,12.95,slope
223,86,11.20,slope
223,101,12.54,slope
223,103,11.43,slope
223,105-2,27.67,slope
223,129,19.30,slope
223,132,25.53,slope
223,135,26.03,slope
223,140,3.96,slope
223,140-1,3.96,slope
223,140-2,3.95,slope
223,142,27.84,slope
223,143,19.88,slope
223,152-1,7.28,slope
223,153,6.32,slope
223,200,17.65,slope
223,201,20.67,slope
223,203,17.73,slope
223,207,5.87,slope
223,220,3.02,slope
223,221,2.98,slope
223,222,4.67,slope
223,300,34.28,slope
223,301,35.42,slope
223,302,39.25,slope
223,500,18.33,slope
223,900,14.76,slope
223,901,14.65,slope
223,902,13.89,slope
223,903,14.60,slope
223,904,14.31,slope
223,905,15.11,slope
223,906,15.31,slope
223,915,18.95,slope
223,916,19.93,slope
223,917,20.88,slope
223,918,16.77,slope
223,919,15.76,slope
223,921,18.27,slope
223,922,18.18,slope
223,923,18.85,slope
223,924,18.86,slope
223,925,18.06,slope
223,926,18.38,slope
223,931,22.95,slope
223,932,22.41,slope
223,933,22.92,slope
223,934,23.20,slope
223,935,24.06,slope
223,942,23.52,slope
223,946,18.62,slope
223,GATE,9.18,slope
300,1,18.43,slope
300,2,18.47,slope
300,3,19.65,slope
300,4,19.38,slope
300,5,18.35,slope
300,6,19.71,slope
300,7,20.12,slope
300,8,18.42,slope
300,9,20.07,slope
300,10,21.32,slope
300,10-1,21.62,slope
300,11,20.36,slope
300,12,19.29,slope
300,13,15.91,slope
300,14,22.15,slope
300,15,22.43,slope
300,15-1,22.99,slope
300,16,24.12,slope
300,16-1,23.45,slope
300,17,24.18,slope
300,18,12.01,slope
300,19,10.76,slope
300,20,14.65,slope
300,21,13.08,slope
300,22,13.35,slope
300,24,17.44,slope
300,25,16.39,slope
300,25-1,17.89,slope
300,26,17.00,slope
300,27,14.62,slope
300,28,14.02,slope
300,29,10.63,slope
300,30,11.96,slope
300,31,14.18,slope
300,32,12.88,slope
300,32-1,12.36,slope
300,33,11.57,slope
300,34,9.88,slope
300,35,10.38,slope
300,36,9.26,slope
300,37,10.11,slope
300,38,10.01,slope
300,39,7.80,slope
300,40,7.14,slope
300,43,12.76,slope
300,43-1,11.26,slope
300,43-2,11.87,slope
300,44-1,9.13,slope
300,49,25.97,slope
300,50,23.76,slope
300,51,25.30,slope
300,52,25.45,slope
300,52-1,26.06,slope
300,52-2,26.58,slope
300,53,25.13,slope
300,54,23.99,slope
300,55,24.05,slope
300,56,12.61,slope
300,57,29.87,slope
300,57-1,28.72,slope
300,58,28.52,slope
300,59,29.15,slope
300,59-1,29.20,slope
300,61,17.05,slope
300,62,16.76,slope
300,64,25.46,slope
300,66,12.49,slope
300,71,34.13,slope
300,71-1,32.39,slope
300,73,21.66,slope
300,74,22.59,slope
300,75,12.49,slope
300,75-1,14.19,slope
300,80,38.26,slope
300,81,31.66,slope
300,82,23.06,slope
300,83,25.33,slope
300,84,22.91,slope
300,85,33.01,slope
300,85-1,38.95,slope
300,86,38.75,slope
300,101,24.88,slope
300,103,22.21,slope
300,105-2,5.98,slope
300,129,14.85,slope
300,132,7.41,slope
300,135,7.15,slope
300,140,26.53,slope
300,140-1,26.53,slope
300,140-2,26.53,slope
300,142,11.74,slope
300,143,14.17,slope
300,152-1,31.74,slope
300,153,31.14,slope
300,200,14.38,slope
300,201,14.40,slope
300,203,16.14,slope
300,207,26.68,slope
300,220,26.78,slope
300,221,28.67,slope
300,222,27.59,slope
300,223,29.36,slope
300,301,1.89,slope
300,302,5.73,slope
300,500,17.53,slope
300,900,21.99,slope
300,901,21.89,slope
300,902,20.96,slope
300,903,20.01,slope
300,904,19.72,slope
300,905,20.17,slope
300,906,22.47,slope
300,915,26.94,slope
300,916,27.92,slope
300,917,28.87,slope
300,918,21.14,slope
300,919,24.09,slope
300,921,26.26,slope
300,922,26.17,slope
300,923,26.84,slope
300,924,26.85,slope
300,925,26.05,slope
300,926,26.37,slope
300,931,30.95,slope
300,932,30.40,slope
300,933,30.92,slope
300,934,31.19,slope
300,935,32.06,slope
300,942,30.95,slope
300,946,26.62,slope
300,GATE,28.95,slope
301,1,19.28,slope
301,2,19.33,slope
301,3,20.50,slope
301,4,20.24,slope
301,5,19.20,slope
301,6,20.57,slope
301,7,20.93,slope
301,8,19.28,slope
301,9,20.88,slope
301,10,22.11,slope
301,10-1,22.41,slope
301,11,21.17,slope
301,12,20.09,slope
301,13,16.77,slope
301,14,22.95,slope
301,15,23.29,slope
301,15-1,23.84,slope
301,16,24.98,slope
301,16-1,24.31,slope
301,17,25.03,slope
301,18,12.85,slope
301,19,11.60,slope
301,20,15.49,slope
301,21,13.91,slope
301,22,14.20,slope
301,24,18.30,slope
301,25,17.25,slope
301,25-1,18.74,slope
301,26,17.86,slope
301,27,15.47,slope
301,28,14.87,slope
301,29,11.46,slope
301,30,12.81,slope
301,31,15.02,slope
301,32,13.71,slope
301,32-1,13.22,slope
301,33,12.43,slope
301,34,10.72,slope
301,35,11.23,slope
301,36,10.11,slope
301,37,10.96,slope
301,38,10.86,slope
301,39,8.63,slope
301,40,8.03,slope
301,43,13.60,slope
301,43-1,12.11,slope
301,43-2,12.72,slope
301,44-1,9.96,slope
301,49,26.81,slope
301,50,24.60,slope
301,51,26.15,slope
301,52,26.30,slope
301,52-1,26.91,slope
301,52-2,27.43,slope
301,53,25.97,slope
301,54,24.83,slope
301,55,24.89,slope
301,56,13.46,slope
301,57,30.71,slope
301,57-1,29.56,slope
301,58,29.37,slope
301,59,29.99,slope
301,59-1,30.06,slope
301,61,17.91,slope
301,62,17.62,slope
301,64,26.32,slope
301,66,13.30,slope
301,71,34.97,slope
301,71-1,33.23,slope
301,73,22.51,slope
301,74,23.43,slope
301,75,13.34,slope
301,75-1,15.04,slope
301,80,39.10,slope
301,81,32.51,slope
301,82,23.91,slope
301,83,26.18,slope
301,84,23.76,slope
301,85,33.86,slope
301,85-1,39.77,slope
301,86,39.59,slope
301,101,25.74,slope
301,103,23.08,slope
301,105-2,6.82,slope
301,129,15.70,slope
301,132,8.26,slope
301,135,7.98,slope
301,140,27.38,slope
301,140-1,27.38,slope
301,140-2,27.38,slope
301,142,12.58,slope
301,143,15.02,slope
301,152-1,32.59,slope
301,153,31.99,slope
301,200,15.24,slope
301,201,15.25,slope
301,203,17.00,slope
301,207,27.53,slope
301,220,27.62,slope
301,221,29.52,slope
301,222,28.44,slope
301,223,30.21,slope
301,300,1.54,slope
301,302,0.71,slope
301,500,18.38,slope
301,900,23.27,slope
301,901,23.17,slope
301,902,22.24,slope
301,903,21.29,slope
301,904,21.00,slope
301,905,21.45,slope
301,906,23.75,slope
301,915,28.22,slope
301,916,29.20,slope
301,917,30.15,slope
301,918,22.42,slope
301,919,24.94,slope
301,921,27.54,slope
301,922,27.45,slope
301,923,28.12,slope
301,924,28.13,slope
301,925,27.33,slope
301,926,27.65,slope
301,931,32.23,slope
301,932,31.68,slope
301,933,32.19,slope
301,934,32.47,slope
301,935,33.33,slope
301,942,31.80,slope
301,946,27.89,slope
301,GATE,29.82,slope
302,1,21.92,slope
302,2,21.96,slope
302,3,23.14,slope
302,4,22.87,slope
302,5,21.84,slope
302,6,23.20,slope
302,7,23.57,slope
302,8,21.91,slope
302,9,23.53,slope
302,10,24.75,slope
302,10-1,25.04,slope
302,11,23.81,slope
302,12,22.73,slope
302,13,19.40,slope
302,14,25.59,slope
302,15,25.92,slope
302,15-1,26.48,slope
302,16,27.62,slope
302,16-1,26.94,slope
302,17,27.66,slope
302,18,15.49,slope
302,19,14.24,slope
302,20,18.13,slope
302,21,16.55,slope
302,22,16.84,slope
302,24,20.93,slope
302,25,19.88,slope
302,25-1,21.38,slope
302,26,20.50,slope
302,27,18.11,slope
302,28,17.51,slope
302,29,14.09,slope
302,30,15.44,slope
302,31,17.66,slope
302,32,16.35,slope
302,32-1,15.85,slope
302,33,15.06,slope
302,34,13.36,slope
302,35,13.87,slope
302,36,12.74,slope
302,37,13.59,slope
302,38,13.49,slope
302,39,11.27,slope
302,40,10.67,slope
302,43,16.24,slope
302,43-1,14.75,slope
302,43-2,15.36,slope
302,44-1,12.60,slope
302,49,29.45,slope
302,50,27.24,slope
302,51,28.78,slope
302,52,28.94,slope
302,52-1,29.55,slope
302,52-2,30.07,slope
302,53,28.61,slope
302,54,27.47,slope
302,55,27.52,slope
302,56,16.10,slope
302,57,33.35,slope
302,57-1,32.20,slope
302,58,32.00,slope
302,59,32.63,slope
302,59-1,32.69,slope
302,61,20.54,slope
302,62,20.25,slope
302,64,28.95,slope
302,66,15.92,slope
302,71,37.61,slope
302,71-1,35.87,slope
302,73,25.15,slope
302,74,26.07,slope
302,75,15.98,slope
302,75-1,17.68,slope
302,80,41.73,slope
302,81,35.13,slope
302,82,26.53,slope
302,83,28.81,slope
302,84,26.40,slope
302,85,36.48,slope
302,85-1,42.41,slope
302,86,42.22,slope
302,101,28.37,slope
302,103,25.72,slope
302,105-2,9.44,slope
302,129,18.34,slope
302,132,10.88,slope
302,135,10.62,slope
302,140,30.00,slope
302,140-1,30.00,slope
302,140-2,30.00,slope
302,142,15.20,slope
302,143,17.65,slope
302,152-1,35.22,slope
302,153,34.62,slope
302,200,17.87,slope
302,201,17.89,slope
302,203,19.64,slope
302,207,30.16,slope
302,220,30.26,slope
302,221,32.15,slope
302,222,31.07,slope
302,223,32.83,slope
302,300,4.23,slope
302,301,0.50,slope
302,500,21.02,slope
302,900,25.83,slope
302,901,25.72,slope
302,902,24.79,slope
302,903,23.84,slope
302,904,23.55,slope
302,905,24.01,slope
302,906,26.30,slope
302,915,30.77,slope
302,916,31.75,slope
302,917,32.71,slope
302,918,24.97,slope
302,919,27.56,slope
302,921,30.10,slope
302,922,30.00,slope
302,923,30.67,slope
302,924,30.68,slope
302,925,29.88,slope
302,926,30.20,slope
302,931,34.78,slope
302,932,34.23,slope
302,933,34.75,slope
302,934,35.03,slope
302,935,35.89,slope
302,942,34.42,slope
302,946,30.45,slope
302,GATE,32.45,slope
500,1,8.36,slope
500,2,9.63,slope
500,3,11.42,slope
500,4,11.02,slope
500,5,11.27,slope
500,6,13.09,slope
500,7,12.55,slope
500,8,11.76,slope
500,9,13.27,slope
500,10,15.11,slope
500,10-1,16.48,slope
500,11,14.58,slope
500,12,13.83,slope
500,13,12.21,slope
500,14,14.02,slope
500,15,10.20,slope
500,15-1,9.61,slope
500,16,9.51,slope
500,16-1,8.52,slope
500,17,11.08,slope
500,18,12.20,slope
500,19,12.61,slope
500,20,10.53,slope
500,21,11.03,slope
500,22,6.36,slope
500,24,4.57,slope
500,25,3.17,slope
500,25-1,4.99,slope
500,26,5.06,slope
500,27,3.56,slope
500,28,5.34,slope
500,29,17.55,slope
500,30,7.84,slope
500,31,6.25,slope
500,32,6.65,slope
500,32-1,6.76,slope
500,33,7.56,slope
500,34,9.54,slope
500,35,10.95,slope
500,36,10.56,slope
500,37,8.52,slope
500,38,9.71,slope
500,39,13.05,slope
500,40,13.00,slope
500,43,9.10,slope
500,43-1,8.46,slope
500,43-2,7.90,slope
500,44-1,11.88,slope
500,49,15.06,slope
500,50,11.95,slope
500,51,13.50,slope
500,52,13.65,slope
500,52-1,14.25,slope
500,52-2,14.77,slope
500,53,14.17,slope
500,54,12.91,slope
500,55,12.61,slope
500,56,7.76,slope
500,57,17.88,slope
500,57-1,16.91,slope
500,58,14.20,slope
500,59,16.66,slope
500,59-1,17.56,slope
500,61,11.30,slope
500,62,7.85,slope
500,64,7.81,slope
500,66,24.26,slope
500,71,18.74,slope
500,71-1,17.25,slope
500,73,6.36,slope
500,74,10.95,slope
500,75,6.45,slope
500,75-1,5.97,slope
500,80,23.23,slope
500,81,21.30,slope
500,82,15.00,slope
500,83,13.53,slope
500,84,11.12,slope
500,85,22.49,slope
500,85-1,24.15,slope
500,86,22.33,slope
500,101,9.11,slope
500,103,6.14,slope
500,105-2,19.65,slope
500,129,4.01,slope
500,132,19.26,slope
500,135,14.12,slope
500,140,16.55,slope
500,140-1,16.55,slope
500,140-2,16.55,slope
500,142,16.82,slope
500,143,13.12,slope
500,152-1,16.61,slope
500,153,16.00,slope
500,200,2.50,slope
500,201,5.45,slope
500,203,2.52,slope
500,207,14.87,slope
500,220,14.97,slope
500,221,17.22,slope
500,222,15.79,slope
500,223,20.20,slope
500,300,23.95,slope
500,301,25.01,slope
500,302,28.88,slope
500,900,21.05,slope
500,901,20.95,slope
500,902,20.18,slope
500,903,20.89,slope
500,904,20.60,slope
500,905,21.40,slope
500,906,21.60,slope
500,915,25.24,slope
500,916,26.22,slope
500,917,27.18,slope
500,918,23.06,slope
500,919,22.44,slope
500,921,24.57,slope
500,922,24.47,slope
500,923,25.14,slope
500,924,25.15,slope
500,925,24.35,slope
500,926,24.67,slope
500,931,29.25,slope
500,932,28.70,slope
500,933,29.22,slope
500,934,29.50,slope
500,935,30.36,slope
500,942,30.22,slope
500,946,24.92,slope
500,GATE,11.31,slope
900,1,10.54,slope
900,2,9.63,slope
900,3,8.35,slope
900,4,9.01,slope
900,5,7.68,slope
900,6,7.43,slope
900,7,7.46,slope
900,8,8.88,slope
900,9,6.78,slope
900,10,6.06,slope
900,10-1,6.06,slope
900,11,6.34,slope
900,12,7.80,slope
900,13,8.97,slope
900,14,6.58,slope
900,15,12.06,slope
900,15-1,12.97,slope
900,16,13.32,slope
900,16-1,13.30,slope
900,17,12.06,slope
900,18,16.05,slope
900,19,16.31,slope
900,20,11.54,slope
900,21,12.61,slope
900,22,14.37,slope
900,24,14.58,slope
900,25,14.96,slope
900,25-1,15.99,slope
900,26,15.16,slope
900,27,15.75,slope
900,28,16.05,slope
900,29,18.51,slope
900,30,16.65,slope
900,31,16.65,slope
900,32,18.72,slope
900,32-1,20.08,slope
900,33,18.10,slope
900,34,17.33,slope
900,35,14.21,slope
900,36,17.73,slope
900,37,18.10,slope
900,38,18.74,slope
900,39,17.63,slope
900,40,21.00,slope
900,43,14.39,slope
900,43-1,15.55,slope
900,43-2,15.18,slope
900,44-1,17.17,slope
900,49,9.95,slope
900,50,11.73,slope
900,51,11.73,slope
900,52,11.73,slope
900,52-1,11.64,slope
900,52-2,12.55,slope
900,53,10.28,slope
900,54,10.31,slope
900,55,10.46,slope
900,56,13.84,slope
900,57,14.81,slope
900,57-1,13.66,slope
900,58,16.53,slope
900,59,14.08,slope
900,59-1,15.57,slope
900,61,9.25,slope
900,62,12.83,slope
900,64,17.84,slope
900,66,17.13,slope
900,71,17.21,slope
900,71-1,16.32,slope
900,73,12.67,slope
900,74,9.68,slope
900,75,20.02,slope
900,75-1,19.67,slope
900,80,21.08,slope
900,81,15.42,slope
900,82,6.98,slope
900,83,13.12,slope
900,84,11.33,slope
900,85,16.57,slope
900,85-1,18.29,slope
900,86,21.09,slope
900,101,15.04,slope
900,103,14.78,slope
900,105-2,18.31,slope
900,129,17.44,slope
900,132,16.73,slope
900,135,19.10,slope
900,140,10.34,slope
900,140-1,10.34,slope
900,140-2,10.34,slope
900,142,16.53,slope
900,143,12.25,slope
900,152-1,18.69,slope
900,153,18.51,slope
900,200,17.96,slope
900,201,18.96,slope
900,203,18.14,slope
900,207,12.55,slope
900,220,11.82,slope
900,221,14.19,slope
900,222,12.50,slope
900,223,13.35,slope
900,300,25.16,slope
900,301,26.80,slope
900,302,30.55,slope
900,500,18.45,slope
900,901,0.57,slope
900,902,1.23,slope
900,903,3.24,slope
900,904,3.09,slope
900,905,2.09,slope
900,906,1.11,slope
900,915,7.36,slope
900,916,8.34,slope
900,917,9.30,slope
900,918,4.20,slope
900,919,4.28,slope
900,921,6.61,slope
900,922,6.51,slope
900,923,7.18,slope
900,924,7.19,slope
900,925,6.40,slope
900,926,6.71,slope
900,931,11.37,slope
900,932,10.83,slope
900,933,11.26,slope
900,934,11.54,slope
900,935,12.40,slope
900,942,11.15,slope
900,946,7.00,slope
900,GATE,21.14,slope
901,1,10.66,slope
901,2,9.75,slope
901,3,8.47,slope
901,4,9.13,slope
901,5,7.79,slope
901,6,7.55,slope
901,7,7.58,slope
901,8,9.00,slope
901,9,6.90,slope
901,10,6.18,slope
901,10-1,6.18,slope
901,11,6.46,slope
901,12,7.92,slope
901,13,9.09,slope
901,14,6.70,slope
901,15,12.18,slope
901,15-1,13.09,slope
901,16,13.43,slope
901,16-1,13.41,slope
901,17,12.17,slope
901,18,16.17,slope
901,19,16.42,slope
901,20,11.65,slope
901,21,12.73,slope
901,22,14.48,slope
901,24,14.70,slope
901,25,15.08,slope
901,25-1,16.10,slope
901,26,15.28,slope
901,27,15.86,slope
901,28,16.17,slope
901,29,18.63,slope
901,30,16.76,slope
901,31,16.76,slope
901,32,18.84,slope
901,32-1,20.20,slope
901,33,18.22,slope
901,34,17.44,slope
901,35,14.32,slope
901,36,17.85,slope
901,37,18.21,slope
901,38,18.86,slope
901,39,17.75,slope
901,40,21.12,slope
901,43,14.50,slope
901,43-1,15.67,slope
901,43-2,15.30,slope
901,44-1,17.29,slope
901,49,10.06,slope
901,50,11.84,slope
901,51,11.85,slope
901,52,11.85,slope
901,52-1,11.76,slope
901,52-2,12.67,slope
901,53,10.39,slope
901,54,10.43,slope
901,55,10.58,slope
901,56,13.95,slope
901,57,14.93,slope
901,57-1,13.78,slope
901,58,16.65,slope
901,59,14.20,slope
901,59-1,15.69,slope
901,61,9.37,slope
901,62,12.94,slope
901,64,17.96,slope
901,66,17.24,slope
901,71,17.33,slope
901,71-1,16.44,slope
901,73,12.79,slope
901,74,9.80,slope
901,75,20.13,slope
901,75-1,19.79,slope
901,80,21.20,slope
901,81,15.54,slope
901,82,7.09,slope
901,83,13.24,slope
901,84,11.44,slope
901,85,16.69,slope
901,85-1,18.41,slope
901,86,21.21,slope
901,101,15.16,slope
901,103,14.90,slope
901,105-2,18.42,slope
901,129,17.56,slope
901,132,16.85,slope
901,135,19.21,slope
901,140,10.46,slope
901,140-1,10.46,slope
901,140-2,10.46,slope
901,142,16.65,slope
901,143,12.37,slope
901,152-1,18.81,slope
901,153,18.63,slope
901,200,18.08,slope
901,201,19.07,slope
901,203,18.25,slope
901,207,12.67,slope
901,220,11.94,slope
901,221,14.31,slope
901,222,12.62,slope
901,223,13.47,slope
901,300,25.28,slope
901,301,26.92,slope
901,302,30.67,slope
901,500,18.57,slope
901,900,0.77,slope
901,902,1.34,slope
901,903,3.41,slope
901,904,3.21,slope
901,905,2.82,slope
901,906,1.17,slope
901,915,7.48,slope
901,916,8.46,slope
901,917,9.41,slope
901,918,4.54,slope
901,919,4.34,slope
901,921,6.67,slope
901,922,6.57,slope
901,923,7.24,slope
901,924,7.25,slope
901,925,6.45,slope
901,926,6.77,slope
901,931,11.49,slope
901,932,10.94,slope
901,933,11.32,slope
901,934,11.60,slope
901,935,12.46,slope
901,942,11.20,slope
901,946,7.06,slope
901,GATE,21.26,slope
902,1,9.71,slope
902,2,8.80,slope
902,3,7.52,slope
902,4,8.18,slope
902,5,6.84,slope
902,6,6.60,slope
902,7,6.63,slope
902,8,8.05,slope
902,9,5.95,slope
902,10,5.23,slope
902,10-1,5.23,slope
902,11,5.51,slope
902,12,6.97,slope
902,13,8.14,slope
902,14,5.75,slope
902,15,11.23,slope
902,15-1,12.14,slope
902,16,12.48,slope
902,16-1,12.47,slope
902,17,11.22,slope
902,18,15.22,slope
902,19,15.48,slope
902,20,10.71,slope
902,21,11.78,slope
902,22,13.53,slope
902,24,13.75,slope
902,25,14.13,slope
902,25-1,15.15,slope
902,26,14.33,slope
902,27,14.91,slope
902,28,15.22,slope
902,29,17.68,slope
902,30,15.81,slope
902,31,15.81,slope
902,32,17.89,slope
902,32-1,19.25,slope
902,33,17.27,slope
902,34,16.50,slope
902,35,13.38,slope
902,36,16.90,slope
902,37,17.27,slope
902,38,17.91,slope
902,39,16.80,slope
902,40,20.17,slope
902,43,13.55,slope
902,43-1,14.72,slope
902,43-2,14.35,slope
902,44-1,16.34,slope
902,49,9.12,slope
902,50,10.89,slope
902,51,10.90,slope
902,52,10.90,slope
902,52-1,10.81,slope
902,52-2,11.72,slope
902,53,9.45,slope
902,54,9.48,slope
902,55,9.63,slope
902,56,13.00,slope
902,57,13.98,slope
902,57-1,12.83,slope
902,58,15.70,slope
902,59,13.25,slope
902,59-1,14.74,slope
902,61,8.42,slope
902,62,11.99,slope
902,64,17.01,slope
902,66,16.30,slope
902,71,16.38,slope
902,71-1,15.49,slope
902,73,11.84,slope
902,74,8.85,slope
902,75,19.19,slope
902,75-1,18.84,slope
902,80,20.25,slope
902,81,14.59,slope
902,82,6.14,slope
902,83,12.29,slope
902,84,10.49,slope
902,85,15.74,slope
902,85-1,17.46,slope
902,86,20.26,slope
902,101,14.21,slope
902,103,13.95,slope
902,105-2,17.33,slope
902,129,16.61,slope
902,132,15.75,slope
902,135,18.27,slope
902,140,9.51,slope
902,140-1,9.51,slope
902,140-2,9.51,slope
902,142,15.70,slope
902,143,11.42,slope
902,152-1,17.86,slope
902,153,17.68,slope
902,200,17.13,slope
902,201,18.12,slope
902,203,17.30,slope
902,207,11.72,slope
902,220,10.99,slope
902,221,13.36,slope
902,222,11.67,slope
902,223,12.52,slope
902,300,24.18,slope
902,301,25.82,slope
902,302,29.58,slope
902,500,17.62,slope
902,900,1.25,slope
902,901,1.14,slope
902,903,2.39,slope
902,904,2.11,slope
902,905,1.99,slope
902,906,1.73,slope
902,915,6.70,slope
902,916,7.68,slope
902,917,8.64,slope
902,918,3.65,slope
902,919,3.70,slope
902,921,6.03,slope
902,922,5.93,slope
902,923,6.60,slope
902,924,6.61,slope
902,925,5.81,slope
902,926,6.13,slope
902,931,10.71,slope
902,932,10.17,slope
902,933,10.68,slope
902,934,10.96,slope
902,935,11.82,slope
902,942,10.57,slope
902,946,6.38,slope
902,GATE,20.31,slope
903,1,10.02,slope
903,2,9.11,slope
903,3,7.83,slope
903,4,8.49,slope
903,5,7.16,slope
903,6,6.91,slope
903,7,6.94,slope
903,8,8.36,slope
903,9,6.26,slope
903,10,5.54,slope
903,10-1,5.54,slope
903,11,5.82,slope
903,12,7.28,slope
903,13,8.45,slope
903,14,6.06,slope
903,15,11.54,slope
903,15-1,12.45,slope
903,16,12.79,slope
903,16-1,12.78,slope
903,17,11.54,slope
903,18,15.53,slope
903,19,15.79,slope
903,20,11.02,slope
903,21,12.09,slope
903,22,13.84,slope
903,24,14.06,slope
903,25,14.44,slope
903,25-1,15.47,slope
903,26,14.64,slope
903,27,15.23,slope
903,28,15.53,slope
903,29,15.45,slope
903,30,16.12,slope
903,31,16.12,slope
903,32,18.20,slope
903,32-1,19.56,slope
903,33,17.58,slope
903,34,16.81,slope
903,35,13.69,slope
903,36,17.21,slope
903,37,17.58,slope
903,38,18.22,slope
903,39,17.11,slope
903,40,20.48,slope
903,43,13.87,slope
903,43-1,15.03,slope
903,43-2,14.66,slope
903,44-1,16.65,slope
903,49,9.43,slope
903,50,11.21,slope
903,51,11.21,slope
903,52,11.21,slope
903,52-1,11.12,slope
903,52-2,12.03,slope
903,53,9.76,slope
903,54,9.79,slope
903,55,9.94,slope
903,56,13.31,slope
903,57,14.29,slope
903,57-1,13.14,slope
903,58,16.01,slope
903,59,13.56,slope
903,59-1,15.05,slope
903,61,8.73,slope
903,62,12.31,slope
903,64,17.32,slope
903,66,13.60,slope
903,71,16.69,slope
903,71-1,15.80,slope
903,73,12.15,slope
903,74,9.16,slope
903,75,19.50,slope
903,75-1,19.15,slope
903,80,20.56,slope
903,81,14.90,slope
903,82,6.46,slope
903,83,12.60,slope
903,84,10.81,slope
903,85,16.05,slope
903,85-1,17.77,slope
903,86,20.57,slope
903,101,14.52,slope
903,103,14.26,slope
903,105-2,16.03,slope
903,129,16.92,slope
903,132,14.45,slope
903,135,18.58,slope
903,140,9.82,slope
903,140-1,9.82,slope
903,140-2,9.82,slope
903,142,15.12,slope
903,143,11.73,slope
903,152-1,18.17,slope
903,153,17.99,slope
903,200,17.44,slope
903,201,18.43,slope
903,203,17.61,slope
903,207,12.03,slope
903,220,11.30,slope
903,221,13.67,slope
903,222,11.98,slope
903,223,12.83,slope
903,300,22.88,slope
903,301,24.52,slope
903,302,28.28,slope
903,500,17.93,slope
903,900,2.81,slope
903,901,2.78,slope
903,902,1.95,slope
903,904,0.81,slope
903,905,1.02,slope
903,906,3.37,slope
903,915,8.34,slope
903,916,9.32,slope
903,917,10.28,slope
903,918,2.67,slope
903,919,5.34,slope
903,921,7.67,slope
903,922,7.57,slope
903,923,8.24,slope
903,924,8.25,slope
903,925,7.46,slope
903,926,7.77,slope
903,931,12.35,slope
903,932,11.81,slope
903,933,12.32,slope
903,934,12.60,slope
903,935,13.46,slope
903,942,12.21,slope
903,946,8.02,slope
903,GATE,20.62,slope
904,1,9.66,slope
904,2,8.75,slope
904,3,7.47,slope
904,4,8.13,slope
904,5,6.79,slope
904,6,6.55,slope
904,7,6.58,slope
904,8,8.00,slope
904,9,5.90,slope
904,10,5.18,slope
904,10-1,5.17,slope
904,11,5.46,slope
904,12,6.92,slope
904,13,8.09,slope
904,14,5.70,slope
904,15,11.17,slope
904,15-1,12.09,slope
904,16,12.43,slope
904,16-1,12.41,slope
904,17,11.17,slope
904,18,15.17,slope
904,19,15.42,slope
904,20,10.65,slope
904,21,11.73,slope
904,22,13.48,slope
904,24,13.70,slope
904,25,14.08,slope
904,25-1,15.10,slope
904,26,14.28,slope
904,27,14.86,slope
904,28,15.17,slope
904,29,15.08,slope
904,30,15.76,slope
904,31,15.76,slope
904,32,17.84,slope
904,32-1,19.19,slope
904,33,17.22,slope
904,34,16.44,slope
904,35,13.32,slope
904,36,16.85,slope
904,37,17.21,slope
904,38,17.86,slope
904,39,16.75,slope
904,40,20.12,slope
904,43,13.50,slope
904,43-1,14.67,slope
904,43-2,14.30,slope
904,44-1,16.29,slope
904,49,9.06,slope
904,50,10.84,slope
904,51,10.85,slope
904,52,10.85,slope
904,52-1,10.76,slope
904,52-2,11.67,slope
904,53,9.39,slope
904,54,9.43,slope
904,55,9.58,slope
904,56,12.95,slope
904,57,13.92,slope
904,57-1,12.78,slope
904,58,15.65,slope
904,59,13.20,slope
904,59-1,14.69,slope
904,61,8.37,slope
904,62,11.94,slope
904,64,16.96,slope
904,66,13.24,slope
904,71,16.33,slope
904,71-1,15.44,slope
904,73,11.79,slope
904,74,8.79,slope
904,75,19.13,slope
904,75-1,18.79,slope
904,80,20.19,slope
904,81,14.53,slope
904,82,6.09,slope
904,83,12.24,slope
904,84,10.44,slope
904,85,15.69,slope
904,85-1,17.41,slope
904,86,20.21,slope
904,101,14.15,slope
904,103,13.90,slope
904,105-2,15.66,slope
904,129,16.55,slope
904,132,14.09,slope
904,135,18.21,slope
904,140,9.46,slope
904,140-1,9.46,slope
904,140-2,9.46,slope
904,142,14.75,slope
904,143,11.37,slope
904,152-1,17.81,slope
904,153,17.63,slope
904,200,17.07,slope
904,201,18.07,slope
904,203,17.25,slope
904,207,11.67,slope
904,220,10.94,slope
904,221,13.31,slope
904,222,11.62,slope
904,223,12.47,slope
904,300,22.52,slope
904,301,24.16,slope
904,302,27.91,slope
904,500,17.57,slope
904,900,2.72,slope
904,901,2.61,slope
904,902,1.69,slope
904,903,0.74,slope
904,905,1.35,slope
904,906,3.20,slope
904,915,8.18,slope
904,916,9.16,slope
904,917,10.11,slope
904,918,2.49,slope
904,919,5.17,slope
904,921,7.50,slope
904,922,7.41,slope
904,923,8.08,slope
904,924,8.09,slope
904,925,7.29,slope
904,926,7.61,slope
904,931,12.19,slope
904,932,11.64,slope
904,933,12.15,slope
904,934,12.43,slope
904,935,13.29,slope
904,942,12.04,slope
904,946,7.85,slope
904,GATE,20.26,slope
905,1,10.63,slope
905,2,9.72,slope
905,3,8.44,slope
905,4,9.10,slope
905,5,7.77,slope
905,6,7.53,slope
905,7,7.56,slope
905,8,8.98,slope
905,9,6.87,slope
905,10,6.16,slope
905,10-1,6.15,slope
905,11,6.43,slope
905,12,7.89,slope
905,13,9.07,slope
905,14,6.67,slope
905,15,12.15,slope
905,15-1,13.06,slope
905,16,13.41,slope
905,16-1,13.39,slope
905,17,12.15,slope
905,18,16.14,slope
905,19,16.40,slope
905,20,11.63,slope
905,21,12.70,slope
905,22,14.46,slope
905,24,14.68,slope
905,25,15.06,slope
905,25-1,16.08,slope
905,26,15.26,slope
905,27,15.84,slope
905,28,16.14,slope
905,29,15.72,slope
905,30,16.74,slope
905,31,16.74,slope
905,32,18.81,slope
905,32-1,20.17,slope
905,33,18.20,slope
905,34,17.42,slope
905,35,14.30,slope
905,36,17.82,slope
905,37,18.19,slope
905,38,18.83,slope
905,39,17.73,slope
905,40,21.09,slope
905,43,14.48,slope
905,43-1,15.64,slope
905,43-2,15.27,slope
905,44-1,17.26,slope
905,49,10.04,slope
905,50,11.82,slope
905,51,11.82,slope
905,52,11.83,slope
905,52-1,11.73,slope
905,52-2,12.65,slope
905,53,10.37,slope
905,54,10.40,slope
905,55,10.56,slope
905,56,13.93,slope
905,57,14.90,slope
905,57-1,13.75,slope
905,58,16.63,slope
905,59,14.17,slope
905,59-1,15.67,slope
905,61,9.34,slope
905,62,12.92,slope
905,64,17.93,slope
905,66,13.88,slope
905,71,17.30,slope
905,71-1,16.41,slope
905,73,12.77,slope
905,74,9.77,slope
905,75,20.11,slope
905,75-1,19.77,slope
905,80,21.17,slope
905,81,15.51,slope
905,82,7.07,slope
905,83,13.22,slope
905,84,11.42,slope
905,85,16.66,slope
905,85-1,18.38,slope
905,86,21.19,slope
905,101,15.13,slope
905,103,14.87,slope
905,105-2,16.31,slope
905,129,17.53,slope
905,132,14.73,slope
905,135,19.84,slope
905,140,10.43,slope
905,140-1,10.43,slope
905,140-2,10.43,slope
905,142,15.40,slope
905,143,12.34,slope
905,152-1,18.79,slope
905,153,18.60,slope
905,200,18.05,slope
905,201,19.05,slope
905,203,18.23,slope
905,207,12.65,slope
905,220,11.92,slope
905,221,14.28,slope
905,222,12.59,slope
905,223,13.44,slope
905,300,23.16,slope
905,301,24.80,slope
905,302,28.56,slope
905,500,18.54,slope
905,900,1.81,slope
905,901,2.34,slope
905,902,1.68,slope
905,903,1.16,slope
905,904,1.56,slope
905,906,2.71,slope
905,915,7.97,slope
905,916,8.94,slope
905,917,9.90,slope
905,918,2.10,slope
905,919,4.96,slope
905,921,7.29,slope
905,922,7.20,slope
905,923,7.87,slope
905,924,7.88,slope
905,925,7.08,slope
905,926,7.40,slope
905,931,11.97,slope
905,932,11.43,slope
905,933,11.94,slope
905,934,12.22,slope
905,935,13.08,slope
905,942,11.83,slope
905,946,7.64,slope
905,GATE,21.23,slope
906,1,11.42,slope
906,2,10.51,slope
906,3,9.23,slope
906,4,9.89,slope
906,5,8.56,slope
906,6,8.31,slope
906,7,8.34,slope
906,8,9.76,slope
906,9,7.66,slope
906,10,6.94,slope
906,10-1,6.94,slope
906,11,7.22,slope
906,12,8.68,slope
906,13,9.85,slope
906,14,7.46,slope
906,15,12.94,slope
906,15-1,13.85,slope
906,16,14.19,slope
906,16-1,14.18,slope
906,17,12.93,slope
906,18,16.93,slope
906,19,17.19,slope
906,20,12.42,slope
906,21,13.49,slope
906,22,15.24,slope
906,24,15.46,slope
906,25,15.84,slope
906,25-1,16.86,slope
906,26,16.04,slope
906,27,16.63,slope
906,28,16.93,slope
906,29,19.39,slope
906,30,17.52,slope
906,31,17.52,slope
906,32,19.60,slope
906,32-1,20.96,slope
906,33,18.98,slope
906,34,18.21,slope
906,35,15.09,slope
906,36,18.61,slope
906,37,18.98,slope
906,38,19.62,slope
906,39,18.51,slope
906,40,21.88,slope
906,43,15.27,slope
906,43-1,16.43,slope
906,43-2,16.06,slope
906,44-1,18.05,slope
906,49,10.83,slope
906,50,12.61,slope
906,51,12.61,slope
906,52,12.61,slope
906,52-1,12.52,slope
906,52-2,13.43,slope
906,53,11.16,slope
906,54,11.19,slope
906,55,11.34,slope
906,56,14.71,slope
906,57,15.69,slope
906,57-1,14.54,slope
906,58,17.41,slope
906,59,14.96,slope
906,59-1,16.45,slope
906,61,10.13,slope
906,62,13.71,slope
906,64,18.72,slope
906,66,18.01,slope
906,71,18.09,slope
906,71-1,17.20,slope
906,73,13.55,slope
906,74,10.56,slope
906,75,20.90,slope
906,75-1,20.55,slope
906,80,21.96,slope
906,81,16.30,slope
906,82,7.86,slope
906,83,14.00,slope
906,84,12.21,slope
906,85,17.45,slope
906,85-1,19.17,slope
906,86,21.97,slope
906,101,15.92,slope
906,103,15.66,slope
906,105-2,19.00,slope
906,129,18.32,slope
906,132,17.42,slope
906,135,19.98,slope
906,140,11.22,slope
906,140-1,11.22,slope
906,140-2,11.22,slope
906,142,17.41,slope
906,143,13.13,slope
906,152-1,19.57,slope
906,153,19.39,slope
906,200,18.84,slope
906,201,19.83,slope
906,203,19.01,slope
906,207,13.43,slope
906,220,12.70,slope
906,221,15.07,slope
906,222,13.38,slope
906,223,14.23,slope
906,300,25.85,slope
906,301,27.50,slope
906,302,31.25,slope
906,500,19.33,slope
906,900,1.32,slope
906,901,1.16,slope
906,902,1.92,slope
906,903,3.99,slope
906,904,3.79,slope
906,905,3.21,slope
906,915,4.94,slope
906,916,5.92,slope
906,917,6.88,slope
906,918,5.11,slope
906,919,1.71,slope
906,921,4.04,slope
906,922,3.95,slope
906,923,4.62,slope
906,924,4.63,slope
906,925,3.83,slope
906,926,4.15,slope
906,931,8.89,slope
906,932,8.34,slope
906,933,8.70,slope
906,934,8.97,slope
906,935,9.84,slope
906,942,8.58,slope
906,946,4.43,slope
906,GATE,22.02,slope
915,1,17.01,slope
915,2,16.10,slope
915,3,14.82,slope
915,4,15.48,slope
915,5,14.15,slope
915,6,13.90,slope
915,7,13.94,slope
915,8,15.35,slope
915,9,13.25,slope
915,10,12.53,slope
915,10-1,12.53,slope
915,11,12.81,slope
915,12,14.27,slope
915,13,15.45,slope
915,14,13.05,slope
915,15,18.53,slope
915,15-1,19.44,slope
915,16,19.79,slope
915,16-1,19.77,slope
915,17,18.53,slope
915,18,22.52,slope
915,19,22.78,slope
915,20,18.01,slope
915,21,19.08,slope
915,22,20.83,slope
915,24,21.05,slope
915,25,21.43,slope
915,25-1,22.46,slope
915,26,21.63,slope
915,27,22.22,slope
915,28,22.52,slope
915,29,24.98,slope
915,30,23.12,slope
915,31,23.12,slope
915,32,25.19,slope
915,32-1,26.55,slope
915,33,24.57,slope
915,34,23.80,slope
915,35,20.68,slope
915,36,24.20,slope
915,37,24.57,slope
915,38,25.21,slope
915,39,24.10,slope
915,40,27.47,slope
915,43,20.86,slope
915,43-1,22.02,slope
915,43-2,21.65,slope
915,44-1,23.64,slope
915,49,16.42,slope
915,50,18.20,slope
915,51,18.20,slope
915,52,18.20,slope
915,52-1,18.11,slope
915,52-2,19.02,slope
915,53,16.75,slope
915,54,16.78,slope
915,55,16.93,slope
915,56,20.31,slope
915,57,21.28,slope
915,57-1,20.13,slope
915,58,23.00,slope
915,59,20.55,slope
915,59-1,22.04,slope
915,61,15.72,slope
915,62,19.30,slope
915,64,24.31,slope
915,66,23.60,slope
915,71,23.68,slope
915,71-1,22.79,slope
915,73,19.14,slope
915,74,16.15,slope
915,75,26.49,slope
915,75-1,26.14,slope
915,80,27.55,slope
915,81,21.89,slope
915,82,13.45,slope
915,83,19.59,slope
915,84,17.80,slope
915,85,23.04,slope
915,85-1,24.76,slope
915,86,27.56,slope
915,101,21.51,slope
915,103,21.25,slope
915,105-2,25.83,slope
915,129,23.91,slope
915,132,24.25,slope
915,135,25.57,slope
915,140,16.81,slope
915,140-1,16.81,slope
915,140-2,16.81,slope
915,142,23.00,slope
915,143,18.72,slope
915,152-1,25.16,slope
915,153,24.98,slope
915,200,24.43,slope
915,201,25.43,slope
915,203,24.61,slope
915,207,19.02,slope
915,220,18.29,slope
915,221,20.66,slope
915,222,18.97,slope
915,223,19.82,slope
915,300,32.68,slope
915,301,34.32,slope
915,302,38.08,slope
915,500,24.92,slope
915,900,9.79,slope
915,901,9.69,slope
915,902,9.11,slope
915,903,11.18,slope
915,904,10.97,slope
915,905,10.67,slope
915,906,6.88,slope
915,916,0.95,slope
915,917,1.90,slope
915,918,12.33,slope
915,919,5.85,slope
915,921,5.60,slope
915,922,6.32,slope
915,923,6.17,slope
915,924,6.18,slope
915,925,5.38,slope
915,926,5.70,slope
915,931,4.44,slope
915,932,3.89,slope
915,933,4.89,slope
915,934,5.52,slope
915,935,6.15,slope
915,942,6.23,slope
915,946,1.09,slope
915,GATE,27.61,slope
916,1,17.90,slope
916,2,16.99,slope
916,3,15.72,slope
916,4,16.37,slope
916,5,15.04,slope
916,6,14.80,slope
916,7,14.83,slope
916,8,16.25,slope
916,9,14.14,slope
916,10,13.43,slope
916,10-1,13.42,slope
916,11,13.70,slope
916,12,15.16,slope
916,13,16.34,slope
916,14,13.94,slope
916,15,19.42,slope
916,15-1,20.33,slope
916,16,20.68,slope
916,16-1,20.66,slope
916,17,19.42,slope
916,18,23.41,slope
916,19,23.67,slope
916,20,18.90,slope
916,21,19.97,slope
916,22,21.73,slope
916,24,21.95,slope
916,25,22.33,slope
916,25-1,23.35,slope
916,26,22.53,slope
916,27,23.11,slope
916,28,23.42,slope
916,29,25.87,slope
916,30,24.01,slope
916,31,24.01,slope
916,32,26.08,slope
916,32-1,27.44,slope
916,33,25.47,slope
916,34,24.69,slope
916,35,21.57,slope
916,36,25.09,slope
916,37,25.46,slope
916,38,26.11,slope
916,39,25.00,slope
916,40,28.36,slope
916,43,21.75,slope
916,43-1,22.91,slope
916,43-2,22.54,slope
916,44-1,24.54,slope
916,49,17.31,slope
916,50,19.09,slope
916,51,19.09,slope
916,52,19.10,slope
916,52-1,19.00,slope
916,52-2,19.92,slope
916,53,17.64,slope
916,54,17.67,slope
916,55,17.83,slope
916,56,21.20,slope
916,57,22.17,slope
916,57-1,21.02,slope
916,58,23.90,slope
916,59,21.44,slope
916,59-1,22.94,slope
916,61,16.61,slope
916,62,20.19,slope
916,64,25.20,slope
916,66,24.49,slope
916,71,24.57,slope
916,71-1,23.68,slope
916,73,20.04,slope
916,74,17.04,slope
916,75,27.38,slope
916,75-1,27.04,slope
916,80,28.44,slope
916,81,22.78,slope
916,82,14.34,slope
916,83,20.49,slope
916,84,18.69,slope
916,85,23.93,slope
916,85-1,25.65,slope
916,86,28.46,slope
916,101,22.40,slope
916,103,22.14,slope
916,105-2,26.72,slope
916,129,24.80,slope
916,132,25.14,slope
916,135,26.46,slope
916,140,17.71,slope
916,140-1,17.71,slope
916,140-2,17.71,slope
916,142,23.89,slope
916,143,19.61,slope
916,152-1,26.06,slope
916,153,25.87,slope
916,200,25.32,slope
916,201,26.32,slope
916,203,25.50,slope
916,207,19.92,slope
916,220,19.19,slope
916,221,21.55,slope
916,222,19.87,slope
916,223,20.71,slope
916,300,33.57,slope
916,301,35.22,slope
916,302,38.97,slope
916,500,25.81,slope
916,900,10.69,slope
916,901,10.58,slope
916,902,10.00,slope
916,903,12.07,slope
916,904,11.87,slope
916,905,11.56,slope
916,906,7.77,slope
916,915,0.88,slope
916,917,0.95,slope
916,918,13.23,slope
916,919,6.87,slope
916,921,6.61,slope
916,922,7.33,slope
916,923,7.19,slope
916,924,7.20,slope
916,925,6.40,slope
916,926,6.72,slope
916,931,4.32,slope
916,932,3.78,slope
916,933,4.77,slope
916,934,5.40,slope
916,935,6.04,slope
916,942,7.24,slope
916,946,1.65,slope
916,GATE,28.50,slope
917,1,19.18,slope
917,2,18.27,slope
917,3,17.00,slope
917,4,17.66,slope
917,5,16.32,slope
917,6,16.08,slope
917,7,16.11,slope
917,8,17.53,slope
917,9,15.42,slope
917,10,14.71,slope
917,10-1,14.70,slope
917,11,14.98,slope
917,12,16.44,slope
917,13,17.62,slope
917,14,15.23,slope
917,15,20.70,slope
917,15-1,21.61,slope
917,16,21.96,slope
917,16-1,21.94,slope
917,17,20.70,slope
917,18,24.69,slope
917,19,24.95,slope
917,20,20.18,slope
917,21,21.25,slope
917,22,23.01,slope
917,24,23.23,slope
917,25,23.61,slope
917,25-1,24.63,slope
917,26,23.81,slope
917,27,24.39,slope
917,28,24.70,slope
917,29,27.15,slope
917,30,25.29,slope
917,31,25.29,slope
917,32,27.36,slope
917,32-1,28.72,slope
917,33,26.75,slope
917,34,25.97,slope
917,35,22.85,slope
917,36,26.38,slope
917,37,26.74,slope
917,38,27.39,slope
917,39,26.28,slope
917,40,29.65,slope
917,43,23.03,slope
917,43-1,24.19,slope
917,43-2,23.82,slope
917,44-1,25.82,slope
917,49,18.59,slope
917,50,20.37,slope
917,51,20.37,slope
917,52,20.38,slope
917,52-1,20.28,slope
917,52-2,21.20,slope
917,53,18.92,slope
917,54,18.95,slope
917,55,19.11,slope
917,56,22.48,slope
917,57,23.45,slope
917,57-1,22.30,slope
917,58,25.18,slope
917,59,22.72,slope
917,59-1,24.22,slope
917,61,17.89,slope
917,62,21.47,slope
917,64,26.48,slope
917,66,25.77,slope
917,71,25.85,slope
917,71-1,24.96,slope
917,73,21.32,slope
917,74,18.32,slope
917,75,28.66,slope
917,75-1,28.32,slope
917,80,29.72,slope
917,81,24.06,slope
917,82,15.62,slope
917,83,21.77,slope
917,84,19.97,slope
917,85,25.21,slope
917,85-1,26.94,slope
917,86,29.74,slope
917,101,23.68,slope
917,103,23.42,slope
917,105-2,28.00,slope
917,129,26.08,slope
917,132,26.43,slope
917,135,27.74,slope
917,140,18.99,slope
917,140-1,18.99,slope
917,140-2,18.99,slope
917,142,25.17,slope
917,143,20.89,slope
917,152-1,27.34,slope
917,153,27.15,slope
917,200,26.60,slope
917,201,27.60,slope
917,203,26.78,slope
917,207,21.20,slope
917,220,20.47,slope
917,221,22.83,slope
917,222,21.15,slope
917,223,21.99,slope
917,300,34.86,slope
917,301,36.50,slope
917,302,40.25,slope
917,500,27.09,slope
917,900,11.97,slope
917,901,11.86,slope
917,902,11.28,slope
917,903,13.35,slope
917,904,13.15,slope
917,905,12.84,slope
917,906,9.05,slope
917,915,2.17,slope
917,916,1.27,slope
917,918,14.51,slope
917,919,8.47,slope
917,921,8.21,slope
917,922,8.94,slope
917,923,8.79,slope
917,924,8.80,slope
917,925,8.00,slope
917,926,8.32,slope
917,931,5.30,slope
917,932,4.76,slope
917,933,5.75,slope
917,934,6.38,slope
917,935,7.02,slope
917,942,8.84,slope
917,946,2.63,slope
917,GATE,29.78,slope
918,1,11.78,slope
918,2,10.87,slope
918,3,9.59,slope
918,4,10.25,slope
918,5,8.92,slope
918,6,8.68,slope
918,7,8.71,slope
918,8,10.13,slope
918,9,8.02,slope
918,10,7.31,slope
918,10-1,7.30,slope
918,11,7.58,slope
918,12,9.04,slope
918,13,10.40,slope
918,14,7.82,slope
918,15,13.30,slope
918,15-1,14.21,slope
918,16,14.56,slope
918,16-1,14.54,slope
918,17,13.30,slope
918,18,17.48,slope
918,19,17.73,slope
918,20,12.97,slope
918,21,13.85,slope
918,22,15.61,slope
918,24,15.83,slope
918,25,16.21,slope
918,25-1,17.23,slope
918,26,16.40,slope
918,27,16.99,slope
918,28,17.29,slope
918,29,16.18,slope
918,30,17.89,slope
918,31,17.89,slope
918,32,19.96,slope
918,32-1,21.32,slope
918,33,19.35,slope
918,34,18.75,slope
918,35,15.63,slope
918,36,19.16,slope
918,37,19.34,slope
918,38,20.17,slope
918,39,19.06,slope
918,40,22.07,slope
918,43,15.63,slope
918,43-1,16.98,slope
918,43-2,16.42,slope
918,44-1,18.60,slope
918,49,11.19,slope
918,50,12.97,slope
918,51,12.97,slope
918,52,12.98,slope
918,52-1,12.88,slope
918,52-2,13.80,slope
918,53,11.52,slope
918,54,11.55,slope
918,55,11.71,slope
918,56,15.08,slope
918,57,16.05,slope
918,57-1,14.90,slope
918,58,17.78,slope
918,59,15.32,slope
918,59-1,16.82,slope
918,61,10.49,slope
918,62,14.07,slope
918,64,19.08,slope
918,66,14.33,slope
918,71,18.45,slope
918,71-1,17.56,slope
918,73,13.92,slope
918,74,10.92,slope
918,75,21.26,slope
918,75-1,20.92,slope
918,80,22.32,slope
918,81,16.66,slope
918,82,8.22,slope
918,83,14.37,slope
918,84,12.57,slope
918,85,17.81,slope
918,85-1,19.53,slope
918,86,22.34,slope
918,101,16.28,slope
918,103,16.02,slope
918,105-2,16.76,slope
918,129,18.68,slope
918,132,15.19,slope
918,135,20.30,slope
918,140,11.58,slope
918,140-1,11.58,slope
918,140-2,11.58,slope
918,142,15.85,slope
918,143,13.68,slope
918,152-1,19.94,slope
918,153,19.75,slope
918,200,19.20,slope
918,201,20.20,slope
918,203,19.38,slope
918,207,13.80,slope
918,220,13.07,slope
918,221,15.43,slope
918,222,13.74,slope
918,223,14.59,slope
918,300,23.62,slope
918,301,25.26,slope
918,302,29.01,slope
918,500,19.69,slope
918,900,3.38,slope
918,901,3.56,slope
918,902,2.82,slope
918,903,2.29,slope
918,904,2.15,slope
918,905,1.59,slope
918,906,4.14,slope
918,915,9.16,slope
918,916,10.14,slope
918,917,11.09,slope
918,919,6.15,slope
918,921,8.48,slope
918,922,8.39,slope
918,923,9.06,slope
918,924,9.07,slope
918,925,8.27,slope
918,926,8.59,slope
918,931,13.17,slope
918,932,12.62,slope
918,933,13.14,slope
918,934,13.42,slope
918,935,14.28,slope
918,942,13.02,slope
918,946,8.84,slope
918,GATE,22.38,slope
919,1,12.61,slope
919,2,11.28,slope
919,3,9.94,slope
919,4,10.66,slope
919,5,9.31,slope
919,6,8.99,slope
919,7,9.36,slope
919,8,10.77,slope
919,9,8.78,slope
919,10,8.08,slope
919,10-1,7.78,slope
919,11,8.52,slope
919,12,9.41,slope
919,13,10.93,slope
919,14,8.12,slope
919,15,14.03,slope
919,15-1,16.37,slope
919,16,15.26,slope
919,16-1,15.10,slope
919,17,13.94,slope
919,18,17.46,slope
919,19,18.18,slope
919,20,13.02,slope
919,21,16.00,slope
919,22,15.77,slope
919,24,16.08,slope
919,25,16.74,slope
919,25-1,17.64,slope
919,26,16.75,slope
919,27,17.44,slope
919,28,17.77,slope
919,29,22.29,slope
919,30,18.79,slope
919,31,18.40,slope
919,32,22.42,slope
919,32-1,20.87,slope
919,33,20.33,slope
919,34,19.25,slope
919,35,16.24,slope
919,36,19.81,slope
919,37,20.25,slope
919,38,20.73,slope
919,39,21.69,slope
919,40,22.02,slope
919,43,16.78,slope
919,43-1,17.41,slope
919,43-2,17.41,slope
919,44-1,19.24,slope
919,49,13.19,slope
919,50,13.53,slope
919,51,14.57,slope
919,52,14.41,slope
919,52-1,14.75,slope
919,52-2,15.23,slope
919,53,13.04,slope
919,54,12.27,slope
919,55,12.38,slope
919,56,15.76,slope
919,57,17.89,slope
919,57-1,16.74,slope
919,58,18.35,slope
919,59,17.19,slope
919,59-1,17.86,slope
919,61,11.02,slope
919,62,14.51,slope
919,64,20.59,slope
919,66,21.90,slope
919,71,19.53,slope
919,71-1,19.15,slope
919,73,14.45,slope
919,74,11.74,slope
919,75,21.88,slope
919,75-1,21.45,slope
919,80,26.24,slope
919,81,17.57,slope
919,82,8.95,slope
919,83,15.18,slope
919,84,13.19,slope
919,85,18.93,slope
919,85-1,27.19,slope
919,86,25.33,slope
919,101,17.98,slope
919,103,16.52,slope
919,105-2,21.85,slope
919,129,19.07,slope
919,132,19.71,slope
919,135,21.48,slope
919,140,12.44,slope
919,140-1,12.44,slope
919,140-2,12.44,slope
919,142,22.22,slope
919,143,14.41,slope
919,152-1,21.69,slope
919,153,21.05,slope
919,200,19.61,slope
919,201,20.88,slope
919,203,19.95,slope
919,207,15.33,slope
919,220,14.81,slope
919,221,13.85,slope
919,222,15.63,slope
919,223,15.26,slope
919,300,28.47,slope
919,301,29.60,slope
919,302,33.43,slope
919,500,20.72,slope
919,900,5.33,slope
919,901,5.17,slope
919,902,4.72,slope
919,903,6.79,slope
919,904,6.58,slope
919,905,6.28,slope
919,906,2.23,slope
919,915,4.41,slope
919,916,5.53,slope
919,917,6.78,slope
919,918,7.94,slope
919,921,2.33,slope
919,922,1.83,slope
919,923,2.91,slope
919,924,2.92,slope
919,925,2.12,slope
919,926,2.44,slope
919,931,8.16,slope
919,932,7.61,slope
919,933,7.97,slope
919,934,8.25,slope
919,935,9.11,slope
919,942,9.21,slope
919,946,3.70,slope
919,GATE,21.77,slope
921,1,15.39,slope
921,2,14.48,slope
921,3,13.20,slope
921,4,13.86,slope
921,5,12.52,slope
921,6,12.28,slope
921,7,12.31,slope
921,8,13.73,slope
921,9,11.63,slope
921,10,10.91,slope
921,10-1,10.91,slope
921,11,11.19,slope
921,12,12.65,slope
921,13,13.82,slope
921,14,11.43,slope
921,15,16.91,slope
921,15-1,17.82,slope
921,16,18.16,slope
921,16-1,18.14,slope
921,17,16.90,slope
921,18,20.90,slope
921,19,21.15,slope
921,20,16.38,slope
921,21,17.46,slope
921,22,19.21,slope
921,24,19.43,slope
921,25,19.81,slope
921,25-1,20.83,slope
921,26,20.01,slope
921,27,20.59,slope
921,28,20.90,slope
921,29,23.36,slope
921,30,21.49,slope
921,31,21.49,slope
921,32,23.57,slope
921,32-1,24.93,slope
921,33,22.95,slope
921,34,22.17,slope
921,35,19.05,slope
921,36,22.58,slope
921,37,22.95,slope
921,38,23.59,slope
921,39,22.48,slope
921,40,25.85,slope
921,43,19.23,slope
921,43-1,20.40,slope
921,43-2,20.03,slope
921,44-1,22.02,slope
921,49,14.80,slope
921,50,16.57,slope
921,51,16.58,slope
921,52,16.58,slope
921,52-1,16.49,slope
921,52-2,17.40,slope
921,53,15.13,slope
921,54,15.16,slope
921,55,15.31,slope
921,56,18.68,slope
921,57,19.66,slope
921,57-1,18.51,slope
921,58,21.38,slope
921,59,18.93,slope
921,59-1,20.42,slope
921,61,14.10,slope
921,62,17.67,slope
921,64,22.69,slope
921,66,21.97,slope
921,71,22.06,slope
921,71-1,21.17,slope
921,73,17.52,slope
921,74,14.53,slope
921,75,24.86,slope
921,75-1,24.52,slope
921,80,25.93,slope
921,81,20.27,slope
921,82,11.83,slope
921,83,17.97,slope
921,84,16.17,slope
921,85,21.42,slope
921,85-1,23.14,slope
921,86,25.94,slope
921,101,19.89,slope
921,103,19.63,slope
921,105-2,24.20,slope
921,129,22.29,slope
921,132,22.63,slope
921,135,23.95,slope
921,140,15.19,slope
921,140-1,15.19,slope
921,140-2,15.19,slope
921,142,21.38,slope
921,143,17.10,slope
921,152-1,23.54,slope
921,153,23.36,slope
921,200,22.81,slope
921,201,23.80,slope
921,203,22.98,slope
921,207,17.40,slope
921,220,16.67,slope
921,221,19.04,slope
921,222,17.35,slope
921,223,18.20,slope
921,300,31.06,slope
921,301,32.70,slope
921,302,36.45,slope
921,500,23.30,slope
921,900,8.09,slope
921,901,7.93,slope
921,902,7.49,slope
921,903,9.56,slope
921,904,9.35,slope
921,905,9.05,slope
921,906,5.00,slope
921,915,4.52,slope
921,916,5.63,slope
921,917,6.88,slope
921,918,10.71,slope
921,919,2.65,slope
921,922,0.96,slope
921,923,0.78,slope
921,924,0.79,slope
921,925,1.49,slope
921,926,1.81,slope
921,931,8.26,slope
921,932,7.72,slope
921,933,8.07,slope
921,934,8.35,slope
921,935,9.21,slope
921,942,7.96,slope
921,946,3.81,slope
921,GATE,25.99,slope
922,1,15.14,slope
922,2,14.23,slope
922,3,12.95,slope
922,4,13.61,slope
922,5,12.28,slope
922,6,12.03,slope
922,7,12.06,slope
922,8,13.48,slope
922,9,11.38,slope
922,10,10.66,slope
922,10-1,10.66,slope
922,11,10.94,slope
922,12,12.40,slope
922,13,13.57,slope
922,14,11.18,slope
922,15,16.66,slope
922,15-1,17.57,slope
922,16,17.91,slope
922,16-1,17.90,slope
922,17,16.65,slope
922,18,20.65,slope
922,19,20.90,slope
922,20,16.14,slope
922,21,17.21,slope
922,22,18.96,slope
922,24,19.18,slope
922,25,19.56,slope
922,25-1,20.58,slope
922,26,19.76,slope
922,27,20.35,slope
922,28,20.65,slope
922,29,23.11,slope
922,30,21.24,slope
922,31,21.24,slope
922,32,23.32,slope
922,32-1,24.68,slope
922,33,22.70,slope
922,34,21.93,slope
922,35,18.81,slope
922,36,22.33,slope
922,37,22.70,slope
922,38,23.34,slope
922,39,22.23,slope
922,40,25.60,slope
922,43,18.99,slope
922,43-1,20.15,slope
922,43-2,19.78,slope
922,44-1,21.77,slope
922,49,14.55,slope
922,50,16.32,slope
922,51,16.33,slope
922,52,16.33,slope
922,52-1,16.24,slope
922,52-2,17.15,slope
922,53,14.88,slope
922,54,14.91,slope
922,55,15.06,slope
922,56,18.43,slope
922,57,19.41,slope
922,57-1,18.26,slope
922,58,21.13,slope
922,59,18.68,slope
922,59-1,20.17,slope
922,61,13.85,slope
922,62,17.42,slope
922,64,22.44,slope
922,66,21.73,slope
922,71,21.81,slope
922,71-1,20.92,slope
922,73,17.27,slope
922,74,14.28,slope
922,75,24.62,slope
922,75-1,24.27,slope
922,80,25.68,slope
922,81,20.02,slope
922,82,11.58,slope
922,83,17.72,slope
922,84,15.92,slope
922,85,21.17,slope
922,85-1,22.89,slope
922,86,25.69,slope
922,101,19.64,slope
922,103,19.38,slope
922,105-2,23.95,slope
922,129,22.04,slope
922,132,22.38,slope
922,135,23.70,slope
922,140,14.94,slope
922,140-1,14.94,slope
922,140-2,14.94,slope
922,142,21.13,slope
922,143,16.85,slope
922,152-1,23.29,slope
922,153,23.11,slope
922,200,22.56,slope
922,201,23.55,slope
922,203,22.73,slope
922,207,17.15,slope
922,220,16.42,slope
922,221,18.79,slope
922,222,17.10,slope
922,223,17.95,slope
922,300,30.81,slope
922,301,32.45,slope
922,302,36.20,slope
922,500,23.05,slope
922,900,7.84,slope
922,901,7.68,slope
922,902,7.24,slope
922,903,9.31,slope
922,904,9.10,slope
922,905,8.80,slope
922,906,4.75,slope
922,915,5.07,slope
922,916,6.18,slope
922,917,7.43,slope
922,918,10.46,slope
922,919,2.07,slope
922,921,0.72,slope
922,923,1.28,slope
922,924,1.29,slope
922,925,2.06,slope
922,926,2.38,slope
922,931,8.81,slope
922,932,8.27,slope
922,933,8.62,slope
922,934,8.90,slope
922,935,9.76,slope
922,942,8.51,slope
922,946,4.36,slope
922,GATE,25.74,slope
923,1,15.90,slope
923,2,14.99,slope
923,3,13.71,slope
923,4,14.37,slope
923,5,13.04,slope
923,6,12.80,slope
923,7,12.83,slope
923,8,14.25,slope
923,9,12.14,slope
923,10,11.43,slope
923,10-1,11.42,slope
923,11,11.70,slope
923,12,13.16,slope
923,13,14.34,slope
923,14,11.94,slope
923,15,17.42,slope
923,15-1,18.33,slope
923,16,18.68,slope
923,16-1,18.66,slope
923,17,17.42,slope
923,18,21.41,slope
923,19,21.67,slope
923,20,16.90,slope
923,21,17.97,slope
923,22,19.73,slope
923,24,19.95,slope
923,25,20.33,slope
923,25-1,21.35,slope
923,26,20.52,slope
923,27,21.11,slope
923,28,21.41,slope
923,29,23.87,slope
923,30,22.01,slope
923,31,22.01,slope
923,32,24.08,slope
923,32-1,25.44,slope
923,33,23.46,slope
923,34,22.69,slope
923,35,19.57,slope
923,36,23.09,slope
923,37,23.46,slope
923,38,24.10,slope
923,39,23.00,slope
923,40,26.36,slope
923,43,19.75,slope
923,43-1,20.91,slope
923,43-2,20.54,slope
923,44-1,22.53,slope
923,49,15.31,slope
923,50,17.09,slope
923,51,17.09,slope
923,52,17.09,slope
923,52-1,17.00,slope
923,52-2,17.92,slope
923,53,15.64,slope
923,54,15.67,slope
923,55,15.82,slope
923,56,19.20,slope
923,57,20.17,slope
923,57-1,19.02,slope
923,58,21.90,slope
923,59,19.44,slope
923,59-1,20.94,slope
923,61,14.61,slope
923,62,18.19,slope
923,64,23.20,slope
923,66,22.49,slope
923,71,22.57,slope
923,71-1,21.68,slope
923,73,18.03,slope
923,74,15.04,slope
923,75,25.38,slope
923,75-1,25.04,slope
923,80,26.44,slope
923,81,20.78,slope
923,82,12.34,slope
923,83,18.49,slope
923,84,16.69,slope
923,85,21.93,slope
923,85-1,23.65,slope
923,86,26.46,slope
923,101,20.40,slope
923,103,20.14,slope
923,105-2,24.72,slope
923,129,22.80,slope
923,132,23.14,slope
923,135,24.46,slope
923,140,15.70,slope
923,140-1,15.70,slope
923,140-2,15.70,slope
923,142,21.89,slope
923,143,17.61,slope
923,152-1,24.06,slope
923,153,23.87,slope
923,200,23.32,slope
923,201,24.32,slope
923,203,23.50,slope
923,207,17.92,slope
923,220,17.19,slope
923,221,19.55,slope
923,222,17.86,slope
923,223,18.71,slope
923,300,31.57,slope
923,301,33.22,slope
923,302,36.97,slope
923,500,23.81,slope
923,900,8.61,slope
923,901,8.45,slope
923,902,8.00,slope
923,903,10.07,slope
923,904,9.86,slope
923,905,9.56,slope
923,906,5.51,slope
923,915,5.03,slope
923,916,6.14,slope
923,917,7.39,slope
923,918,11.22,slope
923,919,3.17,slope
923,921,0.70,slope
923,922,1.45,slope
923,924,0.15,slope
923,925,2.01,slope
923,926,2.32,slope
923,931,8.77,slope
923,932,8.23,slope
923,933,8.58,slope
923,934,8.86,slope
923,935,9.72,slope
923,942,8.47,slope
923,946,4.32,slope
923,GATE,26.50,slope
924,1,15.94,slope
924,2,15.03,slope
924,3,13.75,slope
924,4,14.41,slope
924,5,13.08,slope
924,6,12.84,slope
924,7,12.87,slope
924,8,14.29,slope
924,9,12.18,slope
924,10,11.47,slope
924,10-1,11.46,slope
924,11,11.74,slope
924,12,13.20,slope
924,13,14.38,slope
924,14,11.98,slope
924,15,17.46,slope
924,15-1,18.37,slope
924,16,18.72,slope
924,16-1,18.70,slope
924,17,17.46,slope
924,18,21.45,slope
924,19,21.71,slope
924,20,16.94,slope
924,21,18.01,slope
924,22,19.77,slope
924,24,19.99,slope
924,25,20.37,slope
924,25-1,21.39,slope
924,26,20.57,slope
924,27,21.15,slope
924,28,21.46,slope
924,29,23.91,slope
924,30,22.05,slope
924,31,22.05,slope
924,32,24.12,slope
924,32-1,25.48,slope
924,33,23.51,slope
924,34,22.73,slope
924,35,19.61,slope
924,36,23.14,slope
924,37,23.50,slope
924,38,24.15,slope
924,39,23.04,slope
924,40,26.41,slope
924,43,19.79,slope
924,43-1,20.95,slope
924,43-2,20.58,slope
924,44-1,22.58,slope
924,49,15.35,slope
924,50,17.13,slope
924,51,17.13,slope
924,52,17.14,slope
924,52-1,17.04,slope
924,52-2,17.96,slope
924,53,15.68,slope
924,54,15.71,slope
924,55,15.87,slope
924,56,19.24,slope
924,57,20.21,slope
924,57-1,19.06,slope
924,58,21.94,slope
924,59,19.48,slope
924,59-1,20.98,slope
924,61,14.65,slope
924,62,18.23,slope
924,64,23.24,slope
924,66,22.53,slope
924,71,22.61,slope
924,71-1,21.72,slope
924,73,18.08,slope
924,74,15.08,slope
924,75,25.42,slope
924,75-1,25.08,slope
924,80,26.48,slope
924,81,20.82,slope
924,82,12.38,slope
924,83,18.53,slope
924,84,16.73,slope
924,85,21.97,slope
924,85-1,23.70,slope
924,86,26.50,slope
924,101,20.44,slope
924,103,20.18,slope
924,105-2,24.76,slope
924,129,22.84,slope
924,132,23.18,slope
924,135,24.50,slope
924,140,15.75,slope
924,140-1,15.75,slope
924,140-2,15.75,slope
924,142,21.93,slope
924,143,17.65,slope
924,152-1,24.10,slope
924,153,23.91,slope
924,200,23.36,slope
924,201,24.36,slope
924,203,23.54,slope
924,207,17.96,slope
924,220,17.23,slope
924,221,19.59,slope
924,222,17.91,slope
924,223,18.75,slope
924,300,31.61,slope
924,301,33.26,slope
924,302,37.01,slope
924,500,23.85,slope
924,900,8.65,slope
924,901,8.49,slope
924,902,8.04,slope
924,903,10.11,slope
924,904,9.91,slope
924,905,9.60,slope
924,906,5.55,slope
924,915,5.07,slope
924,916,6.18,slope
924,917,7.44,slope
924,918,11.27,slope
924,919,3.21,slope
924,921,0.74,slope
924,922,1.49,slope
924,923,0.19,slope
924,925,2.05,slope
924,926,2.37,slope
924,931,8.82,slope
924,932,8.27,slope
924,933,8.63,slope
924,934,8.90,slope
924,935,9.77,slope
924,942,8.51,slope
924,946,4.36,slope
924,GATE,26.54,slope
925,1,15.60,slope
925,2,14.69,slope
925,3,13.41,slope
925,4,14.07,slope
925,5,12.74,slope
925,6,12.49,slope
925,7,12.53,slope
925,8,13.94,slope
925,9,11.84,slope
925,10,11.12,slope
925,10-1,11.12,slope
925,11,11.40,slope
925,12,12.86,slope
925,13,14.04,slope
925,14,11.64,slope
925,15,17.12,slope
925,15-1,18.03,slope
925,16,18.38,slope
925,16-1,18.36,slope
925,17,17.12,slope
925,18,21.11,slope
925,19,21.37,slope
925,20,16.60,slope
925,21,17.67,slope
925,22,19.43,slope
925,24,19.64,slope
925,25,20.03,slope
925,25-1,21.05,slope
925,26,20.22,slope
925,27,20.81,slope
925,28,21.11,slope
925,29,23.57,slope
925,30,21.71,slope
925,31,21.71,slope
925,32,23.78,slope
925,32-1,25.14,slope
925,33,23.16,slope
925,34,22.39,slope
925,35,19.27,slope
925,36,22.79,slope
925,37,23.16,slope
925,38,23.80,slope
925,39,22.69,slope
925,40,26.06,slope
925,43,19.45,slope
925,43-1,20.61,slope
925,43-2,20.24,slope
925,44-1,22.23,slope
925,49,15.01,slope
925,50,16.79,slope
925,51,16.79,slope
925,52,16.79,slope
925,52-1,16.70,slope
925,52-2,17.61,slope
925,53,15.34,slope
925,54,15.37,slope
925,55,15.52,slope
925,56,18.90,slope
925,57,19.87,slope
925,57-1,18.72,slope
925,58,21.60,slope
925,59,19.14,slope
925,59-1,20.64,slope
925,61,14.31,slope
925,62,17.89,slope
925,64,22.90,slope
925,66,22.19,slope
925,71,22.27,slope
925,71-1,21.38,slope
925,73,17.73,slope
925,74,14.74,slope
925,75,25.08,slope
925,75-1,24.74,slope
925,80,26.14,slope
925,81,20.48,slope
925,82,12.04,slope
925,83,18.19,slope
925,84,16.39,slope
925,85,21.63,slope
925,85-1,23.35,slope
925,86,26.16,slope
925,101,20.10,slope
925,103,19.84,slope
925,105-2,24.42,slope
925,129,22.50,slope
925,132,22.84,slope
925,135,24.16,slope
925,140,15.40,slope
925,140-1,15.40,slope
925,140-2,15.40,slope
925,142,21.59,slope
925,143,17.31,slope
925,152-1,23.76,slope
925,153,23.57,slope
925,200,23.02,slope
925,201,24.02,slope
925,203,23.20,slope
925,207,17.61,slope
925,220,16.88,slope
925,221,19.25,slope
925,222,17.56,slope
925,223,18.41,slope
925,300,31.27,slope
925,301,32.91,slope
925,302,36.67,slope
925,500,23.51,slope
925,900,8.31,slope
925,901,8.15,slope
925,902,7.70,slope
925,903,9.77,slope
925,904,9.56,slope
925,905,9.26,slope
925,906,5.21,slope
925,915,4.73,slope
925,916,5.84,slope
925,917,7.09,slope
925,918,10.92,slope
925,919,2.87,slope
925,921,1.92,slope
925,922,2.67,slope
925,923,2.49,slope
925,924,2.50,slope
925,926,0.57,slope
925,931,8.47,slope
925,932,7.93,slope
925,933,8.28,slope
925,934,8.56,slope
925,935,9.42,slope
925,942,8.17,slope
925,946,4.02,slope
925,GATE,26.20,slope
926,1,15.94,slope
926,2,15.03,slope
926,3,13.76,slope
926,4,14.42,slope
926,5,13.08,slope
926,6,12.84,slope
926,7,12.87,slope
926,8,14.29,slope
926,9,12.18,slope
926,10,11.47,slope
926,10-1,11.46,slope
926,11,11.74,slope
926,12,13.21,slope
926,13,14.38,slope
926,14,11.99,slope
926,15,17.46,slope
926,15-1,18.38,slope
926,16,18.72,slope
926,16-1,18.70,slope
926,17,17.46,slope
926,18,21.46,slope
926,19,21.71,slope
926,20,16.94,slope
926,21,18.02,slope
926,22,19.77,slope
926,24,19.99,slope
926,25,20.37,slope
926,25-1,21.39,slope
926,26,20.57,slope
926,27,21.15,slope
926,28,21.46,slope
926,29,23.91,slope
926,30,22.05,slope
926,31,22.05,slope
926,32,24.12,slope
926,32-1,25.48,slope
926,33,23.51,slope
926,34,22.73,slope
926,35,19.61,slope
926,36,23.14,slope
926,37,23.50,slope
926,38,24.15,slope
926,39,23.04,slope
926,40,26.41,slope
926,43,19.79,slope
926,43-1,20.95,slope
926,43-2,20.58,slope
926,44-1,22.58,slope
926,49,15.35,slope
926,50,17.13,slope
926,51,17.14,slope
926,52,17.14,slope
926,52-1,17.05,slope
926,52-2,17.96,slope
926,53,15.68,slope
926,54,15.72,slope
926,55,15.87,slope
926,56,19.24,slope
926,57,20.21,slope
926,57-1,19.06,slope
926,58,21.94,slope
926,59,19.49,slope
926,59-1,20.98,slope
926,61,14.65,slope
926,62,18.23,slope
926,64,23.24,slope
926,66,22.53,slope
926,71,22.61,slope
926,71-1,21.72,slope
926,73,18.08,slope
926,74,15.08,slope
926,75,25.42,slope
926,75-1,25.08,slope
926,80,26.48,slope
926,81,20.82,slope
926,82,12.38,slope
926,83,18.53,slope
926,84,16.73,slope
926,85,21.98,slope
926,85-1,23.70,slope
926,86,26.50,slope
926,101,20.44,slope
926,103,20.18,slope
926,105-2,24.76,slope
926,129,22.84,slope
926,132,23.19,slope
926,135,24.50,slope
926,140,15.75,slope
926,140-1,15.75,slope
926,140-2,15.75,slope
926,142,21.93,slope
926,143,17.65,slope
926,152-1,24.10,slope
926,153,23.91,slope
926,200,23.36,slope
926,201,24.36,slope
926,203,23.54,slope
926,207,17.96,slope
926,220,17.23,slope
926,221,19.59,slope
926,222,17.91,slope
926,223,18.75,slope
926,300,31.62,slope
926,301,33.26,slope
926,302,37.01,slope
926,500,23.86,slope
926,900,8.65,slope
926,901,8.49,slope
926,902,8.05,slope
926,903,10.12,slope
926,904,9.91,slope
926,905,9.60,slope
926,906,5.55,slope
926,915,5.07,slope
926,916,6.18,slope
926,917,7.44,slope
926,918,11.27,slope
926,919,3.21,slope
926,921,2.26,slope
926,922,3.01,slope
926,923,2.84,slope
926,924,2.85,slope
926,925,0.58,slope
926,931,8.82,slope
926,932,8.27,slope
926,933,8.63,slope
926,934,8.90,slope
926,935,9.77,slope
926,942,8.51,slope
926,946,4.36,slope
926,GATE,26.54,slope
931,1,21.61,slope
931,2,20.70,slope
931,3,19.42,slope
931,4,20.08,slope
931,5,18.75,slope
931,6,18.50,slope
931,7,18.53,slope
931,8,19.95,slope
931,9,17.85,slope
931,10,17.13,slope
931,10-1,17.13,slope
931,11,17.41,slope
931,12,18.87,slope
931,13,20.04,slope
931,14,17.65,slope
931,15,23.13,slope
931,15-1,24.04,slope
931,16,24.38,slope
931,16-1,24.37,slope
931,17,23.12,slope
931,18,27.12,slope
931,19,27.38,slope
931,20,22.61,slope
931,21,23.68,slope
931,22,25.43,slope
931,24,25.65,slope
931,25,26.03,slope
931,25-1,27.05,slope
931,26,26.23,slope
931,27,26.82,slope
931,28,27.12,slope
931,29,29.58,slope
931,30,27.71,slope
931,31,27.71,slope
931,32,29.79,slope
931,32-1,31.15,slope
931,33,29.17,slope
931,34,28.40,slope
931,35,25.28,slope
931,36,28.80,slope
931,37,29.17,slope
931,38,29.81,slope
931,39,28.70,slope
931,40,32.07,slope
931,43,25.46,slope
931,43-1,26.62,slope
931,43-2,26.25,slope
931,44-1,28.24,slope
931,49,21.02,slope
931,50,22.79,slope
931,51,22.80,slope
931,52,22.80,slope
931,52-1,22.71,slope
931,52-2,23.62,slope
931,53,21.35,slope
931,54,21.38,slope
931,55,21.53,slope
931,56,24.90,slope
931,57,25.88,slope
931,57-1,24.73,slope
931,58,27.60,slope
931,59,25.15,slope
931,59-1,26.64,slope
931,61,20.32,slope
931,62,23.89,slope
931,64,28.91,slope
931,66,28.20,slope
931,71,28.28,slope
931,71-1,27.39,slope
931,73,23.74,slope
931,74,20.75,slope
931,75,31.09,slope
931,75-1,30.74,slope
931,80,33.82,slope
931,81,26.49,slope
931,82,18.05,slope
931,83,24.19,slope
931,84,22.39,slope
931,85,27.64,slope
931,85-1,29.36,slope
931,86,32.62,slope
931,101,26.11,slope
931,103,25.85,slope
931,105-2,30.42,slope
931,129,28.51,slope
931,132,28.85,slope
931,135,30.17,slope
931,140,21.41,slope
931,140-1,21.41,slope
931,140-2,21.41,slope
931,142,27.60,slope
931,143,23.32,slope
931,152-1,29.76,slope
931,153,29.58,slope
931,200,29.03,slope
931,201,30.02,slope
931,203,29.20,slope
931,207,23.62,slope
931,220,22.89,slope
931,221,25.26,slope
931,222,23.57,slope
931,223,24.42,slope
931,300,37.28,slope
931,301,38.92,slope
931,302,42.67,slope
931,500,29.52,slope
931,900,14.39,slope
931,901,14.29,slope
931,902,13.71,slope
931,903,15.78,slope
931,904,15.57,slope
931,905,15.27,slope
931,906,11.39,slope
931,915,5.08,slope
931,916,4.91,slope
931,917,5.59,slope
931,918,16.93,slope
931,919,10.15,slope
931,921,9.90,slope
931,922,10.62,slope
931,923,10.47,slope
931,924,10.48,slope
931,925,9.68,slope
931,926,10.00,slope
931,932,0.69,slope
931,933,0.50,slope
931,934,1.02,slope
931,935,1.24,slope
931,942,5.97,slope
931,946,4.06,slope
931,GATE,32.21,slope
932,1,21.12,slope
932,2,20.21,slope
932,3,18.93,slope
932,4,19.59,slope
932,5,18.25,slope
932,6,18.01,slope
932,7,18.04,slope
932,8,19.46,slope
932,9,17.36,slope
932,10,16.64,slope
932,10-1,16.64,slope
932,11,16.92,slope
932,12,18.38,slope
932,13,19.55,slope
932,14,17.16,slope
932,15,22.64,slope
932,15-1,23.55,slope
932,16,23.89,slope
932,16-1,23.87,slope
932,17,22.63,slope
932,18,26.63,slope
932,19,26.88,slope
932,20,22.11,slope
932,21,23.19,slope
932,22,24.94,slope
932,24,25.16,slope
932,25,25.54,slope
932,25-1,26.56,slope
932,26,25.74,slope
932,27,26.32,slope
932,28,26.63,slope
932,29,29.09,slope
932,30,27.22,slope
932,31,27.22,slope
932,32,29.30,slope
932,32-1,30.66,slope
932,33,28.68,slope
932,34,27.90,slope
932,35,24.78,slope
932,36,28.31,slope
932,37,28.68,slope
932,38,29.32,slope
932,39,28.21,slope
932,40,31.58,slope
932,43,24.96,slope
932,43-1,26.13,slope
932,43-2,25.76,slope
932,44-1,27.75,slope
932,49,20.53,slope
932,50,22.30,slope
932,51,22.31,slope
932,52,22.31,slope
932,52-1,22.22,slope
932,52-2,23.13,slope
932,53,20.86,slope
932,54,20.89,slope
932,55,21.04,slope
932,56,24.41,slope
932,57,25.39,slope
932,57-1,24.24,slope
932,58,27.11,slope
932,59,24.66,slope
932,59-1,26.15,slope
932,61,19.83,slope
932,62,23.40,slope
932,64,28.42,slope
932,66,27.70,slope
932,71,27.79,slope
932,71-1,26.90,slope
932,73,23.25,slope
932,74,20.26,slope
932,75,30.59,slope
932,75-1,30.25,slope
932,80,33.35,slope
932,81,26.00,slope
932,82,17.55,slope
932,83,23.70,slope
932,84,21.90,slope
932,85,27.15,slope
932,85-1,28.87,slope
932,86,32.16,slope
932,101,25.61,slope
932,103,25.36,slope
932,105-2,29.93,slope
932,129,28.02,slope
932,132,28.36,slope
932,135,29.68,slope
932,140,20.92,slope
932,140-1,20.92,slope
932,140-2,20.92,slope
932,142,27.11,slope
932,143,22.83,slope
932,152-1,29.27,slope
932,153,29.09,slope
932,200,28.54,slope
932,201,29.53,slope
932,203,28.71,slope
932,207,23.13,slope
932,220,22.40,slope
932,221,24.77,slope
932,222,23.08,slope
932,223,23.93,slope
932,300,36.79,slope
932,301,38.43,slope
932,302,42.18,slope
932,500,29.03,slope
932,900,13.90,slope
932,901,13.79,slope
932,902,13.22,slope
932,903,15.29,slope
932,904,15.08,slope
932,905,14.78,slope
932,906,10.90,slope
932,915,4.59,slope
932,916,4.42,slope
932,917,5.10,slope
932,918,16.44,slope
932,919,9.66,slope
932,921,9.41,slope
932,922,10.13,slope
932,923,9.98,slope
932,924,9.99,slope
932,925,9.19,slope
932,926,9.51,slope
932,931,0.73,slope
932,933,0.50,slope
932,934,1.54,slope
932,935,1.76,slope
932,942,5.49,slope
932,946,3.57,slope
932,GATE,31.72,slope
933,1,21.57,slope
933,2,20.66,slope
933,3,19.38,slope
933,4,20.04,slope
933,5,18.71,slope
933,6,18.46,slope
933,7,18.50,slope
933,8,19.91,slope
933,9,17.81,slope
933,10,17.09,slope
933,10-1,17.09,slope
933,11,17.37,slope
933,12,18.83,slope
933,13,20.01,slope
933,14,17.61,slope
933,15,23.09,slope
933,15-1,24.00,slope
933,16,24.35,slope
933,16-1,24.33,slope
933,17,23.09,slope
933,18,27.08,slope
933,19,27.34,slope
933,20,22.57,slope
933,21,23.64,slope
933,22,25.40,slope
933,24,25.61,slope
933,25,26.00,slope
933,25-1,27.02,slope
933,26,26.19,slope
933,27,26.78,slope
933,28,27.08,slope
933,29,29.54,slope
933,30,27.68,slope
933,31,27.68,slope
933,32,29.75,slope
933,32-1,31.11,slope
933,33,29.13,slope
933,34,28.36,slope
933,35,25.24,slope
933,36,28.76,slope
933,37,29.13,slope
933,38,29.77,slope
933,39,28.67,slope
933,40,32.03,slope
933,43,25.42,slope
933,43-1,26.58,slope
933,43-2,26.21,slope
933,44-1,28.20,slope
933,49,20.98,slope
933,50,22.76,slope
933,51,22.76,slope
933,52,22.76,slope
933,52-1,22.67,slope
933,52-2,23.58,slope
933,53,21.31,slope
933,54,21.34,slope
933,55,21.49,slope
933,56,24.87,slope
933,57,25.84,slope
933,57-1,24.69,slope
933,58,27.57,slope
933,59,25.11,slope
933,59-1,26.61,slope
933,61,20.28,slope
933,62,23.86,slope
933,64,28.87,slope
933,66,28.16,slope
933,71,28.24,slope
933,71-1,27.35,slope
933,73,23.70,slope
933,74,20.71,slope
933,75,31.05,slope
933,75-1,30.71,slope
933,80,34.18,slope
933,81,26.45,slope
933,82,18.01,slope
933,83,24.16,slope
933,84,22.36,slope
933,85,27.60,slope
933,85-1,29.32,slope
933,86,32.98,slope
933,101,26.07,slope
933,103,25.81,slope
933,105-2,30.39,slope
933,129,28.47,slope
933,132,28.81,slope
933,135,30.13,slope
933,140,21.37,slope
933,140-1,21.37,slope
933,140-2,21.37,slope
933,142,27.56,slope
933,143,23.28,slope
933,152-1,29.73,slope
933,153,29.54,slope
933,200,28.99,slope
933,201,29.99,slope
933,203,29.17,slope
933,207,23.58,slope
933,220,22.85,slope
933,221,25.22,slope
933,222,23.53,slope
933,223,24.38,slope
933,300,37.24,slope
933,301,38.88,slope
933,302,42.64,slope
933,500,29.48,slope
933,900,14.27,slope
933,901,14.12,slope
933,902,13.67,slope
933,903,15.74,slope
933,904,15.53,slope
933,905,15.23,slope
933,906,11.18,slope
933,915,5.41,slope
933,916,5.25,slope
933,917,5.92,slope
933,918,16.89,slope
933,919,9.94,slope
933,921,9.69,slope
933,922,10.41,slope
933,923,10.26,slope
933,924,10.27,slope
933,925,9.47,slope
933,926,9.79,slope
933,931,0.41,slope
933,932,0.36,slope
933,934,0.67,slope
933,935,0.90,slope
933,942,5.27,slope
933,946,4.40,slope
933,GATE,32.17,slope
934,1,21.64,slope
934,2,20.73,slope
934,3,19.46,slope
934,4,20.11,slope
934,5,18.78,slope
934,6,18.54,slope
934,7,18.57,slope
934,8,19.99,slope
934,9,17.88,slope
934,10,17.17,slope
934,10-1,17.16,slope
934,11,17.44,slope
934,12,18.90,slope
934,13,20.08,slope
934,14,17.68,slope
934,15,23.16,slope
934,15-1,24.07,slope
934,16,24.42,slope
934,16-1,24.40,slope
934,17,23.16,slope
934,18,27.15,slope
934,19,27.41,slope
934,20,22.64,slope
934,21,23.71,slope
934,22,25.47,slope
934,24,25.69,slope
934,25,26.07,slope
934,25-1,27.09,slope
934,26,26.27,slope
934,27,26.85,slope
934,28,27.15,slope
934,29,29.61,slope
934,30,27.75,slope
934,31,27.75,slope
934,32,29.82,slope
934,32-1,31.18,slope
934,33,29.21,slope
934,34,28.43,slope
934,35,25.31,slope
934,36,28.83,slope
934,37,29.20,slope
934,38,29.84,slope
934,39,28.74,slope
934,40,32.10,slope
934,43,25.49,slope
934,43-1,26.65,slope
934,43-2,26.28,slope
934,44-1,28.27,slope
934,49,21.05,slope
934,50,22.83,slope
934,51,22.83,slope
934,52,22.84,slope
934,52-1,22.74,slope
934,52-2,23.66,slope
934,53,21.38,slope
934,54,21.41,slope
934,55,21.57,slope
934,56,24.94,slope
934,57,25.91,slope
934,57-1,24.76,slope
934,58,27.64,slope
934,59,25.18,slope
934,59-1,26.68,slope
934,61,20.35,slope
934,62,23.93,slope
934,64,28.94,slope
934,66,28.23,slope
934,71,28.31,slope
934,71-1,27.42,slope
934,73,23.78,slope
934,74,20.78,slope
934,75,31.12,slope
934,75-1,30.78,slope
934,80,34.78,slope
934,81,26.52,slope
934,82,18.08,slope
934,83,24.23,slope
934,84,22.43,slope
934,85,27.67,slope
934,85-1,29.40,slope
934,86,33.58,slope
934,101,26.14,slope
934,103,25.88,slope
934,105-2,30.46,slope
934,129,28.54,slope
934,132,28.88,slope
934,135,30.20,slope
934,140,21.45,slope
934,140-1,21.45,slope
934,140-2,21.45,slope
934,142,27.63,slope
934,143,23.35,slope
934,152-1,29.80,slope
934,153,29.61,slope
934,200,29.06,slope
934,201,30.06,slope
934,203,29.24,slope
934,207,23.66,slope
934,220,22.93,slope
934,221,25.29,slope
934,222,23.60,slope
934,223,24.45,slope
934,300,37.31,slope
934,301,38.96,slope
934,302,42.71,slope
934,500,29.55,slope
934,900,14.35,slope
934,901,14.19,slope
934,902,13.74,slope
934,903,15.81,slope
934,904,15.61,slope
934,905,15.30,slope
934,906,11.25,slope
934,915,5.91,slope
934,916,5.74,slope
934,917,6.41,slope
934,918,16.97,slope
934,919,10.01,slope
934,921,9.76,slope
934,922,10.48,slope
934,923,10.33,slope
934,924,10.34,slope
934,925,9.54,slope
934,926,9.86,slope
934,931,0.80,slope
934,932,1.31,slope
934,933,0.50,slope
934,935,0.65,slope
934,942,5.34,slope
934,946,4.89,slope
934,GATE,32.24,slope
935,1,22.88,slope
935,2,21.97,slope
935,3,20.69,slope
935,4,21.35,slope
935,5,20.02,slope
935,6,19.77,slope
935,7,19.81,slope
935,8,21.22,slope
935,9,19.12,slope
935,10,18.41,slope
935,10-1,18.40,slope
935,11,18.68,slope
935,12,20.14,slope
935,13,21.32,slope
935,14,18.92,slope
935,15,24.40,slope
935,15-1,25.31,slope
935,16,25.66,slope
935,16-1,25.64,slope
935,17,24.40,slope
935,18,28.39,slope
935,19,28.65,slope
935,20,23.88,slope
935,21,24.95,slope
935,22,26.71,slope
935,24,26.92,slope
935,25,27.31,slope
935,25-1,28.33,slope
935,26,27.50,slope
935,27,28.09,slope
935,28,28.39,slope
935,29,30.85,slope
935,30,28.99,slope
935,31,28.99,slope
935,32,31.06,slope
935,32-1,32.42,slope
935,33,30.44,slope
935,34,29.67,slope
935,35,26.55,slope
935,36,30.07,slope
935,37,30.44,slope
935,38,31.08,slope
935,39,29.97,slope
935,40,33.34,slope
935,43,26.73,slope
935,43-1,27.89,slope
935,43-2,27.52,slope
935,44-1,29.51,slope
935,49,22.29,slope
935,50,24.07,slope
935,51,24.07,slope
935,52,24.08,slope
935,52-1,23.98,slope
935,52-2,24.89,slope
935,53,22.62,slope
935,54,22.65,slope
935,55,22.80,slope
935,56,26.18,slope
935,57,27.15,slope
935,57-1,26.00,slope
935,58,28.88,slope
935,59,26.42,slope
935,59-1,27.92,slope
935,61,21.59,slope
935,62,25.17,slope
935,64,30.18,slope
935,66,29.47,slope
935,71,29.55,slope
935,71-1,28.66,slope
935,73,25.01,slope
935,74,22.02,slope
935,75,32.36,slope
935,75-1,32.01,slope
935,80,34.19,slope
935,81,27.76,slope
935,82,19.32,slope
935,83,25.47,slope
935,84,23.67,slope
935,85,28.91,slope
935,85-1,30.63,slope
935,86,33.00,slope
935,101,27.38,slope
935,103,27.12,slope
935,105-2,31.70,slope
935,129,29.78,slope
935,132,30.12,slope
935,135,31.44,slope
935,140,22.68,slope
935,140-1,22.68,slope
935,140-2,22.68,slope
935,142,28.87,slope
935,143,24.59,slope
935,152-1,31.04,slope
935,153,30.85,slope
935,200,30.30,slope
935,201,31.30,slope
935,203,30.48,slope
935,207,24.89,slope
935,220,24.16,slope
935,221,26.53,slope
935,222,24.84,slope
935,223,25.69,slope
935,300,38.55,slope
935,301,40.19,slope
935,302,43.95,slope
935,500,30.79,slope
935,900,15.59,slope
935,901,15.43,slope
935,902,14.98,slope
935,903,17.05,slope
935,904,16.84,slope
935,905,16.54,slope
935,906,12.49,slope
935,915,6.82,slope
935,916,6.66,slope
935,917,7.33,slope
935,918,18.20,slope
935,919,11.25,slope
935,921,11.00,slope
935,922,11.72,slope
935,923,11.57,slope
935,924,11.58,slope
935,925,10.78,slope
935,926,11.10,slope
935,931,1.25,slope
935,932,1.77,slope
935,933,0.97,slope
935,934,0.87,slope
935,942,6.58,slope
935,946,5.81,slope
935,GATE,33.48,slope
942,1,20.97,slope
942,2,19.66,slope
942,3,18.34,slope
942,4,19.05,slope
942,5,17.72,slope
942,6,17.40,slope
942,7,17.74,slope
942,8,19.16,slope
942,9,17.17,slope
942,10,16.48,slope
942,10-1,16.19,slope
942,11,16.91,slope
942,12,17.80,slope
942,13,19.31,slope
942,14,16.52,slope
942,15,22.44,slope
942,15-1,24.74,slope
942,16,23.66,slope
942,16-1,23.49,slope
942,17,22.36,slope
942,18,25.83,slope
942,19,26.54,slope
942,20,21.40,slope
942,21,24.36,slope
942,22,24.12,slope
942,24,24.42,slope
942,25,25.09,slope
942,25-1,25.98,slope
942,26,25.09,slope
942,27,25.79,slope
942,28,26.11,slope
942,29,29.66,slope
942,30,27.14,slope
942,31,26.75,slope
942,32,30.78,slope
942,32-1,29.21,slope
942,33,28.68,slope
942,34,27.61,slope
942,35,24.60,slope
942,36,28.17,slope
942,37,28.60,slope
942,38,29.07,slope
942,39,30.05,slope
942,40,30.37,slope
942,43,25.14,slope
942,43-1,25.76,slope
942,43-2,25.77,slope
942,44-1,27.59,slope
942,49,21.56,slope
942,50,21.96,slope
942,51,22.96,slope
942,52,22.79,slope
942,52-1,23.12,slope
942,52-2,23.59,slope
942,53,21.43,slope
942,54,20.70,slope
942,55,20.80,slope
942,56,24.12,slope
942,57,26.26,slope
942,57-1,25.10,slope
942,58,26.73,slope
942,59,25.56,slope
942,59-1,26.22,slope
942,61,19.40,slope
942,62,22.88,slope
942,64,28.96,slope
942,66,29.21,slope
942,71,27.85,slope
942,71-1,27.49,slope
942,73,22.81,slope
942,74,20.17,slope
942,75,30.21,slope
942,75-1,29.78,slope
942,80,32.15,slope
942,81,25.90,slope
942,82,17.35,slope
942,83,23.59,slope
942,84,21.62,slope
942,85,27.27,slope
942,85-1,33.11,slope
942,86,31.23,slope
942,101,26.35,slope
942,103,24.90,slope
942,105-2,29.30,slope
942,129,27.40,slope
942,132,27.17,slope
942,135,29.83,slope
942,140,20.80,slope
942,140-1,20.80,slope
942,140-2,20.80,slope
942,142,29.49,slope
942,143,22.79,slope
942,152-1,30.06,slope
942,153,29.42,slope
942,200,27.94,slope
942,201,29.21,slope
942,203,28.28,slope
942,207,23.70,slope
942,220,23.18,slope
942,221,22.22,slope
942,222,24.00,slope
942,223,23.60,slope
942,300,35.92,slope
942,301,37.06,slope
942,302,40.89,slope
942,500,29.06,slope
942,900,12.78,slope
942,901,12.62,slope
942,902,12.18,slope
942,903,14.25,slope
942,904,14.04,slope
942,905,13.74,slope
942,906,9.69,slope
942,915,5.33,slope
942,916,6.41,slope
942,917,7.66,slope
942,918,15.40,slope
942,919,9.91,slope
942,921,8.19,slope
942,922,8.91,slope
942,923,8.77,slope
942,924,8.78,slope
942,925,7.98,slope
942,926,8.30,slope
942,931,4.58,slope
942,932,4.11,slope
942,933,4.03,slope
942,934,4.31,slope
942,935,5.18,slope
942,946,4.48,slope
942,GATE,30.11,slope
946,1,16.67,slope
946,2,15.76,slope
946,3,14.48,slope
946,4,15.14,slope
946,5,13.80,slope
946,6,13.56,slope
946,7,13.59,slope
946,8,15.01,slope
946,9,12.91,slope
946,10,12.19,slope
946,10-1,12.19,slope
946,11,12.47,slope
946,12,13.93,slope
946,13,15.10,slope
946,14,12.71,slope
946,15,18.19,slope
946,15-1,19.10,slope
946,16,19.44,slope
946,16-1,19.42,slope
946,17,18.18,slope
946,18,22.18,slope
946,19,22.43,slope
946,20,17.66,slope
946,21,18.74,slope
946,22,20.49,slope
946,24,20.71,slope
946,25,21.09,slope
946,25-1,22.11,slope
946,26,21.29,slope
946,27,21.87,slope
946,28,22.18,slope
946,29,24.64,slope
946,30,22.77,slope
946,31,22.77,slope
946,32,24.85,slope
946,32-1,26.21,slope
946,33,24.23,slope
946,34,23.46,slope
946,35,20.34,slope
946,36,23.86,slope
946,37,24.23,slope
946,38,24.87,slope
946,39,23.76,slope
946,40,27.13,slope
946,43,20.51,slope
946,43-1,21.68,slope
946,43-2,21.31,slope
946,44-1,23.30,slope
946,49,16.08,slope
946,50,17.85,slope
946,51,17.86,slope
946,52,17.86,slope
946,52-1,17.77,slope
946,52-2,18.68,slope
946,53,16.41,slope
946,54,16.44,slope
946,55,16.59,slope
946,56,19.96,slope
946,57,20.94,slope
946,57-1,19.79,slope
946,58,22.66,slope
946,59,20.21,slope
946,59-1,21.70,slope
946,61,15.38,slope
946,62,18.95,slope
946,64,23.97,slope
946,66,23.25,slope
946,71,23.34,slope
946,71-1,22.45,slope
946,73,18.80,slope
946,74,15.81,slope
946,75,26.14,slope
946,75-1,25.80,slope
946,80,27.21,slope
946,81,21.55,slope
946,82,13.10,slope
946,83,19.25,slope
946,84,17.45,slope
946,85,22.70,slope
946,85-1,24.42,slope
946,86,27.22,slope
946,101,21.17,slope
946,103,20.91,slope
946,105-2,25.48,slope
946,129,23.57,slope
946,132,23.91,slope
946,135,25.23,slope
946,140,16.47,slope
946,140-1,16.47,slope
946,140-2,16.47,slope
946,142,22.66,slope
946,143,18.38,slope
946,152-1,24.82,slope
946,153,24.64,slope
946,200,24.09,slope
946,201,25.08,slope
946,203,24.26,slope
946,207,18.68,slope
946,220,17.95,slope
946,221,20.32,slope
946,222,18.63,slope
946,223,19.48,slope
946,300,32.34,slope
946,301,33.98,slope
946,302,37.73,slope
946,500,24.58,slope
946,900,9.38,slope
946,901,9.23,slope
946,902,8.77,slope
946,903,10.84,slope
946,904,10.63,slope
946,905,10.33,slope
946,906,6.29,slope
946,915,1.54,slope
946,916,1.99,slope
946,917,2.67,slope
946,918,11.99,slope
946,919,5.05,slope
946,921,4.79,slope
946,922,5.52,slope
946,923,5.37,slope
946,924,5.38,slope
946,925,4.58,slope
946,926,4.90,slope
946,931,3.73,slope
946,932,3.18,slope
946,933,4.18,slope
946,934,4.81,slope
946,935,5.44,slope
946,942,5.30,slope
946,GATE,27.27,slope
GATE,1,14.50,slope
GATE,2,14.61,slope
GATE,3,15.08,slope
GATE,4,15.22,slope
GATE,5,15.80,slope
GATE,6,16.38,slope
GATE,7,17.37,slope
GATE,8,16.75,slope
GATE,9,18.31,slope
GATE,10,18.55,slope
GATE,10-1,19.44,slope
GATE,11,19.51,slope
GATE,12,18.76,slope
GATE,13,19.22,slope
GATE,14,17.27,slope
GATE,15,10.87,slope
GATE,15-1,10.29,slope
GATE,16,6.94,slope
GATE,16-1,9.02,slope
GATE,17,10.39,slope
GATE,18,23.50,slope
GATE,19,24.25,slope
GATE,20,19.68,slope
GATE,21,21.65,slope
GATE,22,18.08,slope
GATE,24,13.67,slope
GATE,25,15.30,slope
GATE,25-1,15.34,slope
GATE,26,15.84,slope
GATE,27,16.95,slope
GATE,28,18.63,slope
GATE,29,28.74,slope
GATE,30,21.05,slope
GATE,31,19.50,slope
GATE,32,19.97,slope
GATE,32-1,20.00,slope
GATE,33,20.84,slope
GATE,34,22.44,slope
GATE,35,22.22,slope
GATE,36,24.27,slope
GATE,37,21.78,slope
GATE,38,22.93,slope
GATE,39,26.19,slope
GATE,40,26.23,slope
GATE,43,20.89,slope
GATE,43-1,21.35,slope
GATE,43-2,20.80,slope
GATE,44-1,24.89,slope
GATE,49,14.62,slope
GATE,50,9.84,slope
GATE,51,10.12,slope
GATE,52,11.47,slope
GATE,52-1,11.40,slope
GATE,52-2,11.31,slope
GATE,53,13.43,slope
GATE,54,12.62,slope
GATE,55,12.16,slope
GATE,56,19.02,slope
GATE,57,8.59,slope
GATE,57-1,8.75,slope
GATE,58,5.57,slope
GATE,59,8.24,slope
GATE,59-1,8.13,slope
GATE,61,16.69,slope
GATE,62,15.74,slope
GATE,64,4.83,slope
GATE,66,36.45,slope
GATE,71,9.45,slope
GATE,71-1,7.69,slope
GATE,73,11.12,slope
GATE,74,12.64,slope
GATE,75,19.75,slope
GATE,75-1,19.32,slope
GATE,80,11.69,slope
GATE,81,11.51,slope
GATE,82,15.64,slope
GATE,83,8.94,slope
GATE,84,11.05,slope
GATE,85,12.88,slope
GATE,85-1,12.57,slope
GATE,86,10.87,slope
GATE,101,6.93,slope
GATE,103,8.58,slope
GATE,105-2,32.82,slope
GATE,129,17.32,slope
GATE,132,30.56,slope
GATE,135,27.11,slope
GATE,140,13.53,slope
GATE,140-1,13.53,slope
GATE,140-2,14.40,slope
GATE,142,28.54,slope
GATE,143,21.92,slope
GATE,152-1,6.70,slope
GATE,153,6.09,slope
GATE,200,15.83,slope
GATE,201,18.75,slope
GATE,203,15.83,slope
GATE,207,10.54,slope
GATE,220,10.93,slope
GATE,221,12.91,slope
GATE,222,9.94,slope
GATE,223,12.45,slope
GATE,300,37.21,slope
GATE,301,38.32,slope
GATE,302,42.17,slope
GATE,500,13.80,slope
GATE,900,25.35,slope
GATE,901,25.25,slope
GATE,902,24.48,slope
GATE,903,25.19,slope
GATE,904,24.90,slope
GATE,905,25.70,slope
GATE,906,25.90,slope
GATE,915,29.54,slope
GATE,916,30.52,slope
GATE,917,31.47,slope
GATE,918,27.36,slope
GATE,919,24.88,slope
GATE,921,28.86,slope
GATE,922,28.77,slope
GATE,923,29.44,slope
GATE,924,29.45,slope
GATE,925,28.65,slope
GATE,926,28.97,slope
GATE,931,33.55,slope
GATE,932,33.00,slope
GATE,933,33.52,slope
GATE,934,33.79,slope
GATE,935,34.66,slope
GATE,942,32.78,slope
GATE,946,29.22,slope
