{
 "type": "FeatureCollection",
 "meta": {
  "source": "출입구 접속선: 국토지리정보원 1:1,000 수치지형도(2025) 건물·담장·옹벽 등을 피해 출입구에서 가장 가까운 길까지 걷는 가장 짧은 선(tt-wizard scripts/entrance_links.py)",
  "cell_m": 0.5,
  "max_dist_m": 80.0,
  "slack_m": 20.0,
  "spacing_m": 8.0,
  "barriers": [
   "B0020000",
   "C0050000",
   "C0530000",
   "F0030000",
   "F0040000",
   "G0030000"
  ],
  "skipped": {
   "reported": [
    "10",
    "10-1",
    "103",
    "105-2",
    "11",
    "12",
    "129",
    "14",
    "140-2",
    "142",
    "15-1",
    "152-1",
    "153",
    "16",
    "20",
    "203",
    "207",
    "21",
    "223",
    "28",
    "29",
    "3",
    "30",
    "300",
    "31",
    "32",
    "33",
    "34",
    "37",
    "39",
    "43",
    "43-1",
    "43-2",
    "49",
    "500",
    "51",
    "52",
    "52-2",
    "57",
    "58",
    "59",
    "59-1",
    "66",
    "71",
    "71-1",
    "74",
    "80",
    "81",
    "82",
    "85",
    "85-1",
    "86",
    "900",
    "901",
    "902",
    "903",
    "904",
    "905",
    "906",
    "918",
    "921",
    "922",
    "923",
    "924",
    "925",
    "926",
    "931",
    "932",
    "933",
    "934",
    "935",
    "942",
    "946",
    "GATE"
   ],
   "curated": [
    "30#3",
    "59-1#2",
    "82#2",
    "85#a1",
    "129#2",
    "140-2#a1",
    "153#a1",
    "300#a2",
    "900#p2",
    "904#p1",
    "906#p1",
    "906#p2",
    "921#p2",
    "922#p1",
    "923#p2",
    "903#r1",
    "918#r1",
    "24#1",
    "57-1#3",
    "75#2",
    "75-1#1"
   ]
  },
  "note": "role = entrance_link 의 첫 점이 출입구 노드(graph_patch.apply_patch), slope_travel.py 가 거기서 출발한다",
  "stats": {
   "doors": 387,
   "links": 712,
   "unlinked": 3,
   "barrier_lines": 2174,
   "patch_barriers": 1,
   "buildings": 745,
   "long": 137,
   "steep": 8,
   "deep": 45
  }
 },
 "features": [
  {
   "type": "Feature",
   "geometry": {
    "type": "LineString",
    "coordinates": [
     [
      126.953464,
      37.460804
     ],
     [
      126.953396,
      37.4607349
     ],
     [
      126.9532944,
      37.4607468
     ]
    ]
   },
   "properties": {
    "type": "path",
    "role": "entrance_link",
    "building": "3",
    "entrances": [
     "3#1"
    ],
    "source": "자동 접속선(scripts/entrance_links.py, 수치지형도 1:1,000 건물·장애물 회피)",
    "kind": "footway",
    "costFactor": 1,
    "snap": 0.5,
    "link": 1.0,
    "length_m": 18.8,
    "straight_m": 16.3,
    "detour": true,
    "max_grade": 7
   }
  },
  {
   "type": "Feature",
   "geometry": {
    "type": "LineString",
    "coordinates": [
     [
      126.953464,
      37.460804
     ],
     [
      126.9535204,
      37.4609241
     ],
     [
      126.9535202,
      37.4610844
     ]
    ]
   },
   "properties": {
    "type": "path",
    "role": "entrance_link",
    "building": "3",
    "entrances": [
     "3#1"
    ],
    "source": "자동 접속선(scripts/entrance_links.py, 수치지형도 1:1,000 건물·장애물 회피)",
    "kind": "footway",
    "costFactor": 1,
    "snap": 0.5,
    "link": 1.0,
    "length_m": 32.0,
    "straight_m": 31.5,
    "detour": true,
    "max_grade": 6,
    "check": [
     "long"
    ]
   }
  },
  {
   "type": "Feature",
   "geometry": {
    "type": "LineString",
    "coordinates": [
     [
      126.953464,
      37.460804
     ],
     [
      126.9535204,
      37.4609241
     ],
     [
      126.9533903,
      37.4610789
     ]
    ]
   },
   "properties": {
    "type": "path",
    "role": "entrance_link",
    "building": "3",
    "entrances": [
     "3#1"
    ],
    "source": "자동 접속선(scripts/entrance_links.py, 수치지형도 1:1,000 건물·장애물 회피)",
    "kind": "footway",
    "costFactor": 1,
    "snap": 0.5,
    "link": 1.0,
    "length_m": 34.9,
    "straight_m": 31.2,
    "detour": true,
    "max_grade": 6,
    "check": [
     "long"
    ]
   }
  },
  {
   "type": "Feature",
   "geometry": {
    "type": "LineString",
    "coordinates": [
     [
      126.953696,
      37.460751
     ],
     [
      126.9536956,
      37.4607484
     ],
     [
      126.9537069,
      37.4607394
     ],
     [
      126.953752,
      37.4607098
     ]
    ]
   },
   "properties": {
    "type": "path",
    "role": "entrance_link",
    "building": "3",
    "entrances": [
     "3#2"
    ],
    "source": "자동 접속선(scripts/entrance_links.py, 수치지형도 1:1,000 건물·장애물 회피)",
    "kind": "footway",
    "costFactor": 1,
    "snap": 0.5,
    "link": 1.0,
    "length_m": 6.9,
    "straight_m": 6.7,
    "detour": true,
    "max_grade": 0,
    "door_depth_m": 0.7
   }
  },
  {
   "type": "Feature",
   "geometry": {
    "type": "LineString",
    "coordinates": [
     [
      126.953742,
      37.460983
     ],
     [
      126.9537423,
      37.4610548
     ]
    ]
   },
   "properties": {
    "type": "path",
    "role": "entrance_link",
    "building": "3",
    "entrances": [
     "3#3"
    ],
    "source": "자동 접속선(scripts/entrance_links.py, 수치지형도 1:1,000 건물·장애물 회피)",
    "kind": "footway",
    "costFactor": 1,
    "snap": 0.5,
    "link": 1.0,
    "length_m": 8.0,
    "straight_m": 8.0,
    "max_grade": 0,
    "door_depth_m": 2.3
   }
  },
  {
   "type": "Feature",
   "geometry": {
    "type": "LineString",
    "coordinates": [
     [
      126.953742,
      37.460983
     ],
     [
      126.9537521,
      37.4610097
     ],
     [
      126.9537577,
      37.4610142
     ],
     [
      126.9538256,
      37.4609917
     ],
     [
      126.9539086,
      37.4609268
     ]
    ]
   },
   "properties": {
    "type": "path",
    "role": "entrance_link",
    "building": "3",
    "entrances": [
     "3#3"
    ],
    "source": "자동 접속선(scripts/entrance_links.py, 수치지형도 1:1,000 건물·장애물 회피)",
    "kind": "footway",
    "costFactor": 1,
    "snap": 0.5,
    "link": 1.0,
    "length_m": 20.6,
    "straight_m": 16.0,
    "detour": true,
    "max_grade": 0,
    "door_depth_m": 2.3
   }
  },
  {
   "type": "Feature",
   "geometry": {
    "type": "LineString",
    "coordinates": [
     [
      126.9533443,
      37.4604888
     ],
     [
      126.9533252,
      37.4604632
     ]
    ]
   },
   "properties": {
    "type": "path",
    "role": "entrance_link",
    "building": "3",
    "entrances": [
     "3#a1"
    ],
    "source": "자동 접속선(scripts/entrance_links.py, 수치지형도 1:1,000 건물·장애물 회피)",
    "kind": "footway",
    "costFactor": 1,
    "snap": 0.5,
    "link": 1.0,
    "length_m": 3.3,
    "straight_m": 3.3
   }
  },
  {
   "type": "Feature",
   "geometry": {
    "type": "LineString",
    "coordinates": [
     [
      126.9533443,
      37.4604888
     ],
     [
      126.9532435,
      37.4605277
     ],
     [
      126.953192,
      37.4605658
     ]
    ]
   },
   "properties": {
    "type": "path",
    "role": "entrance_link",
    "building": "3",
    "entrances": [
     "3#a1"
    ],
    "source": "자동 접속선(scripts/entrance_links.py, 수치지형도 1:1,000 건물·장애물 회피)",
    "kind": "steps",
    "costFactor": 1.2,
    "snap": 0.5,
    "link": 1.0,
    "length_m": 16.1,
    "straight_m": 16.0,
    "detour": true,
    "max_grade": 7
   }
  },
  {
   "type": "Feature",
   "geometry": {
    "type": "LineString",
    "coordinates": [
     [
      126.9533443,
      37.4604888
     ],
     [
      126.9535022,
      37.4603635
     ]
    ]
   },
   "properties": {
    "type": "path",
    "role": "entrance_link",
    "building": "3",
    "entrances": [
     "3#a1"
    ],
    "source": "자동 접속선(scripts/entrance_links.py, 수치지형도 1:1,000 건물·장애물 회피)",
    "kind": "footway",
    "costFactor": 1,
    "snap": 0.5,
    "link": 1.0,
    "length_m": 19.7,
    "straight_m": 19.7,
    "max_grade": 7
   }
  },
  {
   "type": "Feature",
   "geometry": {
    "type": "LineString",
    "coordinates": [
     [
      126.955161,
      37.460385
     ],
     [
      126.9551593,
      37.4603835
     ]
    ]
   },
   "properties": {
    "type": "path",
    "role": "entrance_link",
    "building": "10",
    "entrances": [
     "10#1",
     "252#1"
    ],
    "source": "자동 접속선(scripts/entrance_links.py, 수치지형도 1:1,000 건물·장애물 회피)",
    "kind": "footway",
    "costFactor": 1,
    "snap": 0.5,
    "link": 1.0,
    "length_m": 0.2,
    "straight_m": 0.2,
    "door_depth_m": 1.9
   }
  },
  {
   "type": "Feature",
   "geometry": {
    "type": "LineString",
    "coordinates": [
     [
      126.955226,
      37.46024
     ],
     [
      126.9551932,
      37.4602394
     ],
     [
      126.9550748,
      37.4603014
     ]
    ]
   },
   "properties": {
    "type": "path",
    "role": "entrance_link",
    "building": "10",
    "entrances": [
     "10#2",
     "252#2"
    ],
    "source": "자동 접속선(scripts/entrance_links.py, 수치지형도 1:1,000 건물·장애물 회피)",
    "kind": "footway",
    "costFactor": 1,
    "snap": 0.5,
    "link": 1.0,
    "length_m": 15.4,
    "straight_m": 15.0,
    "detour": true,
    "max_grade": 10,
    "door_depth_m": 0.8
   }
  },
  {
   "type": "Feature",
   "geometry": {
    "type": "LineString",
    "coordinates": [
     [
      126.955599,
      37.460179
     ],
     [
      126.955617,
      37.4601222
     ],
     [
      126.9556279,
      37.4601152
     ]
    ]
   },
   "properties": {
    "type": "path",
    "role": "entrance_link",
    "building": "10",
    "entrances": [
     "10#3",
     "252#3"
    ],
    "source": "자동 접속선(scripts/entrance_links.py, 수치지형도 1:1,000 건물·장애물 회피)",
    "kind": "footway",
    "costFactor": 1,
    "snap": 0.5,
    "link": 1.0,
    "length_m": 7.7,
    "straight_m": 7.5,
    "detour": true,
    "max_grade": 11,
    "door_depth_m": 1.1
   }
  },
  {
   "type": "Feature",
   "geometry": {
    "type": "LineString",
    "coordinates": [
     [
      126.955599,
      37.460179
     ],
     [
      126.9556227,
      37.4601898
     ],
     [
      126.955634,
      37.4601988
     ],
     [
      126.9556623,
      37.4602394
     ],
     [
      126.9556623,
      37.4603024
     ],
     [
      126.9557277,
      37.4603569
     ]
    ]
   },
   "properties": {
    "type": "path",
    "role": "entrance_link",
    "building": "10",
    "entrances": [
     "10#3",
     "252#3"
    ],
    "source": "자동 접속선(scripts/entrance_links.py, 수치지형도 1:1,000 건물·장애물 회피)",
    "kind": "footway",
    "costFactor": 1,
    "snap": 0.5,
    "link": 1.0,
    "length_m": 24.3,
    "straight_m": 22.8,
    "detour": true,
    "max_grade": 8,
    "door_depth_m": 1.1
   }
  },
  {
   "type": "Feature",
   "geometry": {
    "type": "LineString",
    "coordinates": [
     [
      126.955599,
      37.460179
     ],
     [
      126.9556227,
      37.4601898
     ],
     [
      126.955634,
      37.4601988
     ],
     [
      126.9556623,
      37.4602394
     ],
     [
      126.9556478,
      37.4603911
     ]
    ]
   },
   "properties": {
    "type": "path",
    "role": "entrance_link",
    "building": "10",
    "entrances": [
     "10#3",
     "252#3"
    ],
    "source": "자동 접속선(scripts/entrance_links.py, 수치지형도 1:1,000 건물·장애물 회피)",
    "kind": "footway",
    "costFactor": 1,
    "snap": 0.5,
    "link": 1.0,
    "length_m": 25.9,
    "straight_m": 23.9,
    "detour": true,
    "max_grade": 7,
    "door_depth_m": 1.1,
    "check": [
     "long"
    ]
   }
  },
  {
   "type": "Feature",
   "geometry": {
    "type": "LineString",
    "coordinates": [
     [
      126.9555276,
      37.4600443
     ],
     [
      126.9555604,
      37.460025
     ]
    ]
   },
   "properties": {
    "type": "path",
    "role": "entrance_link",
    "building": "10",
    "entrances": [
     "10#4",
     "11#a1"
    ],
    "source": "자동 접속선(scripts/entrance_links.py, 수치지형도 1:1,000 건물·장애물 회피)",
    "kind": "footway",
    "costFactor": 1,
    "snap": 0.5,
    "link": 1.0,
    "length_m": 3.6,
    "straight_m": 3.6
   }
  },
  {
   "type": "Feature",
   "geometry": {
    "type": "LineString",
    "coordinates": [
     [
      126.95564,
      37.460131
     ],
     [
      126.9556399,
      37.4601311
     ]
    ]
   },
   "properties": {
    "type": "path",
    "role": "entrance_link",
    "building": "10-1",
    "entrances": [
     "10-1#1"
    ],
    "source": "자동 접속선(scripts/entrance_links.py, 수치지형도 1:1,000 건물·장애물 회피)",
    "kind": "footway",
    "costFactor": 1,
    "snap": 0.5,
    "link": 1.0,
    "length_m": 0.0,
    "straight_m": 0.0,
    "door_depth_m": 1.0
   }
  },
  {
   "type": "Feature",
   "geometry": {
    "type": "LineString",
    "coordinates": [
     [
      126.9557819,
      37.4599956
     ],
     [
      126.9556284,
      37.4601159
     ]
    ]
   },
   "properties": {
    "type": "path",
    "role": "entrance_link",
    "building": "10-1",
    "entrances": [
     "10-1#3"
    ],
    "source": "자동 접속선(scripts/entrance_links.py, 수치지형도 1:1,000 건물·장애물 회피)",
    "kind": "footway",
    "costFactor": 1,
    "snap": 0.5,
    "link": 1.0,
    "length_m": 19.0,
    "straight_m": 19.0,
    "max_grade": 16
   }
  },
  {
   "type": "Feature",
   "geometry": {
    "type": "LineString",
    "coordinates": [
     [
      126.9557819,
      37.4599956
     ],
     [
      126.9554322,
      37.4598538
     ]
    ]
   },
   "properties": {
    "type": "path",
    "role": "entrance_link",
    "building": "10-1",
    "entrances": [
     "10-1#3"
    ],
    "source": "자동 접속선(scripts/entrance_links.py, 수치지형도 1:1,000 건물·장애물 회피)",
    "kind": "footway",
    "costFactor": 1,
    "snap": 0.5,
    "link": 1.0,
    "length_m": 34.7,
    "straight_m": 34.7,
    "max_grade": 18,
    "check": [
     "long"
    ]
   }
  },
  {
   "type": "Feature",
   "geometry": {
    "type": "LineString",
    "coordinates": [
     [
      126.955347,
      37.460079
     ],
     [
      126.9553345,
      37.4600952
     ],
     [
      126.9550748,
      37.4603014
     ]
    ]
   },
   "properties": {
    "type": "path",
    "role": "entrance_link",
    "building": "11",
    "entrances": [
     "11#1"
    ],
    "source": "자동 접속선(scripts/entrance_links.py, 수치지형도 1:1,000 건물·장애물 회피)",
    "kind": "footway",
    "costFactor": 1,
    "snap": 0.5,
    "link": 1.0,
    "length_m": 34.5,
    "straight_m": 34.5,
    "detour": true,
    "max_grade": 12,
    "door_depth_m": 0.9,
    "check": [
     "long"
    ]
   }
  },
  {
   "type": "Feature",
   "geometry": {
    "type": "LineString",
    "coordinates": [
     [
      126.955053,
      37.459747
     ],
     [
      126.9547748,
      37.4598815
     ]
    ]
   },
   "properties": {
    "type": "path",
    "role": "entrance_link",
    "building": "11",
    "entrances": [
     "11#2"
    ],
    "source": "자동 접속선(scripts/entrance_links.py, 수치지형도 1:1,000 건물·장애물 회피)",
    "kind": "footway",
    "costFactor": 1,
    "snap": 0.5,
    "link": 1.0,
    "length_m": 28.8,
    "straight_m": 28.8,
    "max_grade": 11,
    "check": [
     "long"
    ]
   }
  },
  {
   "type": "Feature",
   "geometry": {
    "type": "LineString",
    "coordinates": [
     [
      126.955053,
      37.459747
     ],
     [
      126.9547826,
      37.4599619
     ]
    ]
   },
   "properties": {
    "type": "path",
    "role": "entrance_link",
    "building": "11",
    "entrances": [
     "11#2"
    ],
    "source": "자동 접속선(scripts/entrance_links.py, 수치지형도 1:1,000 건물·장애물 회피)",
    "kind": "footway",
    "costFactor": 1,
    "snap": 0.5,
    "link": 1.0,
    "length_m": 33.8,
    "straight_m": 33.8,
    "max_grade": 11,
    "check": [
     "long"
    ]
   }
  },
  {
   "type": "Feature",
   "geometry": {
    "type": "LineString",
    "coordinates": [
     [
      126.954648,
      37.459655
     ],
     [
      126.9546001,
      37.4596838
     ]
    ]
   },
   "properties": {
    "type": "path",
    "role": "entrance_link",
    "building": "12",
    "entrances": [
     "12#1"
    ],
    "source": "자동 접속선(scripts/entrance_links.py, 수치지형도 1:1,000 건물·장애물 회피)",
    "kind": "footway",
    "costFactor": 1,
    "snap": 0.5,
    "link": 1.0,
    "length_m": 5.3,
    "straight_m": 5.3,
    "door_depth_m": 1.4
   }
  },
  {
   "type": "Feature",
   "geometry": {
    "type": "LineString",
    "coordinates": [
     [
      126.954648,
      37.459655
     ],
     [
      126.9545885,
      37.4596222
     ],
     [
      126.9544753,
      37.4595335
     ]
    ]
   },
   "properties": {
    "type": "path",
    "role": "entrance_link",
    "building": "12",
    "entrances": [
     "12#1"
    ],
    "source": "자동 접속선(scripts/entrance_links.py, 수치지형도 1:1,000 건물·장애물 회피)",
    "kind": "footway",
    "costFactor": 1,
    "snap": 0.5,
    "link": 1.0,
    "length_m": 20.4,
    "straight_m": 20.4,
    "detour": true,
    "max_grade": 9,
    "door_depth_m": 1.4
   }
  },
  {
   "type": "Feature",
   "geometry": {
    "type": "LineString",
    "coordinates": [
     [
      126.954902,
      37.459704
     ],
     [
      126.9549389,
      37.4597078
     ],
     [
      126.9549502,
      37.4597168
     ],
     [
      126.9549445,
      37.4597483
     ],
     [
      126.9547748,
      37.4598815
     ]
    ]
   },
   "properties": {
    "type": "path",
    "role": "entrance_link",
    "building": "12",
    "entrances": [
     "12#2"
    ],
    "source": "자동 접속선(scripts/entrance_links.py, 수치지형도 1:1,000 건물·장애물 회피)",
    "kind": "footway",
    "costFactor": 1,
    "snap": 0.5,
    "link": 1.0,
    "length_m": 29.3,
    "straight_m": 22.7,
    "detour": true,
    "max_grade": 9,
    "door_depth_m": 2.6,
    "check": [
     "long"
    ]
   }
  },
  {
   "type": "Feature",
   "geometry": {
    "type": "LineString",
    "coordinates": [
     [
      126.954902,
      37.459704
     ],
     [
      126.9549163,
      37.4596177
     ],
     [
      126.9548824,
      37.4595276
     ],
     [
      126.954888,
      37.4595231
     ],
     [
      126.9550519,
      37.4594284
     ],
     [
      126.9550914,
      37.4593988
     ]
    ]
   },
   "properties": {
    "type": "path",
    "role": "entrance_link",
    "building": "12",
    "entrances": [
     "12#2"
    ],
    "source": "자동 접속선(scripts/entrance_links.py, 수치지형도 1:1,000 건물·장애물 회피)",
    "kind": "footway",
    "costFactor": 1,
    "snap": 0.5,
    "link": 1.0,
    "length_m": 43.5,
    "straight_m": 37.8,
    "detour": true,
    "max_grade": 12,
    "door_depth_m": 2.6,
    "check": [
     "long"
    ]
   }
  },
  {
   "type": "Feature",
   "geometry": {
    "type": "LineString",
    "coordinates": [
     [
      126.954632,
      37.459386
     ],
     [
      126.9546077,
      37.4593751
     ]
    ]
   },
   "properties": {
    "type": "path",
    "role": "entrance_link",
    "building": "12",
    "entrances": [
     "12#3"
    ],
    "source": "자동 접속선(scripts/entrance_links.py, 수치지형도 1:1,000 건물·장애물 회피)",
    "kind": "footway",
    "costFactor": 1,
    "snap": 0.5,
    "link": 1.0,
    "length_m": 2.5,
    "straight_m": 2.5
   }
  },
  {
   "type": "Feature",
   "geometry": {
    "type": "LineString",
    "coordinates": [
     [
      126.954932,
      37.459326
     ],
     [
      126.9550005,
      37.4592773
     ]
    ]
   },
   "properties": {
    "type": "path",
    "role": "entrance_link",
    "building": "12",
    "entrances": [
     "12#4"
    ],
    "source": "자동 접속선(scripts/entrance_links.py, 수치지형도 1:1,000 건물·장애물 회피)",
    "kind": "footway",
    "costFactor": 1,
    "snap": 0.5,
    "link": 1.0,
    "length_m": 8.1,
    "straight_m": 8.1,
    "max_grade": 18,
    "door_depth_m": 1.6
   }
  },
  {
   "type": "Feature",
   "geometry": {
    "type": "LineString",
    "coordinates": [
     [
      126.954932,
      37.459326
     ],
     [
      126.9549728,
      37.4593203
     ],
     [
      126.9550349,
      37.4593519
     ],
     [
      126.9550785,
      37.4593815
     ]
    ]
   },
   "properties": {
    "type": "path",
    "role": "entrance_link",
    "building": "12",
    "entrances": [
     "12#4"
    ],
    "source": "자동 접속선(scripts/entrance_links.py, 수치지형도 1:1,000 건물·장애물 회피)",
    "kind": "footway",
    "costFactor": 1,
    "snap": 0.5,
    "link": 1.0,
    "length_m": 15.2,
    "straight_m": 14.3,
    "detour": true,
    "max_grade": 7,
    "door_depth_m": 1.6
   }
  },
  {
   "type": "Feature",
   "geometry": {
    "type": "LineString",
    "coordinates": [
     [
      126.954932,
      37.459326
     ],
     [
      126.9549163,
      37.4593023
     ],
     [
      126.9547655,
      37.4591872
     ]
    ]
   },
   "properties": {
    "type": "path",
    "role": "entrance_link",
    "building": "12",
    "entrances": [
     "12#4"
    ],
    "source": "자동 접속선(scripts/entrance_links.py, 수치지형도 1:1,000 건물·장애물 회피)",
    "kind": "footway",
    "costFactor": 1,
    "snap": 0.5,
    "link": 1.0,
    "length_m": 21.4,
    "straight_m": 21.3,
    "detour": true,
    "max_grade": 14,
    "door_depth_m": 1.6
   }
  },
  {
   "type": "Feature",
   "geometry": {
    "type": "LineString",
    "coordinates": [
     [
      126.954932,
      37.459326
     ],
     [
      126.9549163,
      37.4593023
     ],
     [
      126.9549106,
      37.4592978
     ],
     [
      126.9548258,
      37.4592618
     ],
     [
      126.9546956,
      37.4592589
     ]
    ]
   },
   "properties": {
    "type": "path",
    "role": "entrance_link",
    "building": "12",
    "entrances": [
     "12#4"
    ],
    "source": "자동 접속선(scripts/entrance_links.py, 수치지형도 1:1,000 건물·장애물 회피)",
    "kind": "footway",
    "costFactor": 1,
    "snap": 0.5,
    "link": 1.0,
    "length_m": 23.7,
    "straight_m": 22.2,
    "detour": true,
    "max_grade": 12,
    "door_depth_m": 1.6
   }
  },
  {
   "type": "Feature",
   "geometry": {
    "type": "LineString",
    "coordinates": [
     [
      126.95472,
      37.461014
     ],
     [
      126.9547031,
      37.4610251
     ]
    ]
   },
   "properties": {
    "type": "path",
    "role": "entrance_link",
    "building": "14",
    "entrances": [
     "14#1"
    ],
    "source": "자동 접속선(scripts/entrance_links.py, 수치지형도 1:1,000 건물·장애물 회피)",
    "kind": "footway",
    "costFactor": 1,
    "snap": 0.5,
    "link": 1.0,
    "length_m": 1.9,
    "straight_m": 1.9
   }
  },
  {
   "type": "Feature",
   "geometry": {
    "type": "LineString",
    "coordinates": [
     [
      126.95472,
      37.461014
     ],
     [
      126.9546507,
      37.4609557
     ],
     [
      126.9546088,
      37.4609212
     ]
    ]
   },
   "properties": {
    "type": "path",
    "role": "entrance_link",
    "building": "14",
    "entrances": [
     "14#1"
    ],
    "source": "자동 접속선(scripts/entrance_links.py, 수치지형도 1:1,000 건물·장애물 회피)",
    "kind": "footway",
    "costFactor": 1,
    "snap": 0.5,
    "link": 1.0,
    "length_m": 14.2,
    "straight_m": 14.2,
    "detour": true,
    "max_grade": 18
   }
  },
  {
   "type": "Feature",
   "geometry": {
    "type": "LineString",
    "coordinates": [
     [
      126.955255,
      37.460678
     ],
     [
      126.9552407,
      37.4606669
     ]
    ]
   },
   "properties": {
    "type": "path",
    "role": "entrance_link",
    "building": "14",
    "entrances": [
     "14#2"
    ],
    "source": "자동 접속선(scripts/entrance_links.py, 수치지형도 1:1,000 건물·장애물 회피)",
    "kind": "footway",
    "costFactor": 1,
    "snap": 0.5,
    "link": 1.0,
    "length_m": 1.8,
    "straight_m": 1.8
   }
  },
  {
   "type": "Feature",
   "geometry": {
    "type": "LineString",
    "coordinates": [
     [
      126.9511534,
      37.4623247
     ],
     [
      126.9511482,
      37.4623286
     ]
    ]
   },
   "properties": {
    "type": "path",
    "role": "entrance_link",
    "building": "15-1",
    "entrances": [
     "15-1#a1"
    ],
    "source": "자동 접속선(scripts/entrance_links.py, 수치지형도 1:1,000 건물·장애물 회피)",
    "kind": "footway",
    "costFactor": 1,
    "snap": 0.5,
    "link": 1.0,
    "length_m": 0.6,
    "straight_m": 0.6
   }
  },
  {
   "type": "Feature",
   "geometry": {
    "type": "LineString",
    "coordinates": [
     [
      126.951428,
      37.4628247
     ],
     [
      126.9514622,
      37.4628558
     ]
    ]
   },
   "properties": {
    "type": "path",
    "role": "entrance_link",
    "building": "15-1",
    "entrances": [
     "15-1#a2"
    ],
    "source": "자동 접속선(scripts/entrance_links.py, 수치지형도 1:1,000 건물·장애물 회피)",
    "kind": "footway",
    "costFactor": 1,
    "snap": 0.5,
    "link": 1.0,
    "length_m": 4.6,
    "straight_m": 4.6
   }
  },
  {
   "type": "Feature",
   "geometry": {
    "type": "LineString",
    "coordinates": [
     [
      126.951428,
      37.4628247
     ],
     [
      126.9514011,
      37.4628433
     ],
     [
      126.9513841,
      37.4628388
     ],
     [
      126.9513367,
      37.462816
     ]
    ]
   },
   "properties": {
    "type": "path",
    "role": "entrance_link",
    "building": "15-1",
    "entrances": [
     "15-1#a2"
    ],
    "source": "자동 접속선(scripts/entrance_links.py, 수치지형도 1:1,000 건물·장애물 회피)",
    "kind": "steps",
    "costFactor": 1.2,
    "snap": 0.5,
    "link": 1.0,
    "length_m": 9.6,
    "straight_m": 8.1,
    "detour": true,
    "max_grade": 6
   }
  },
  {
   "type": "Feature",
   "geometry": {
    "type": "LineString",
    "coordinates": [
     [
      126.951428,
      37.4628247
     ],
     [
      126.9515198,
      37.4627802
     ],
     [
      126.9516183,
      37.4627017
     ]
    ]
   },
   "properties": {
    "type": "path",
    "role": "entrance_link",
    "building": "15-1",
    "entrances": [
     "15-1#a2"
    ],
    "source": "자동 접속선(scripts/entrance_links.py, 수치지형도 1:1,000 건물·장애물 회피)",
    "kind": "footway",
    "costFactor": 1,
    "snap": 0.5,
    "link": 1.0,
    "length_m": 21.8,
    "straight_m": 21.7,
    "detour": true,
    "max_grade": 11
   }
  },
  {
   "type": "Feature",
   "geometry": {
    "type": "LineString",
    "coordinates": [
     [
      126.951189,
      37.462884
     ],
     [
      126.9511551,
      37.462859
     ]
    ]
   },
   "properties": {
    "type": "path",
    "role": "entrance_link",
    "building": "16",
    "entrances": [
     "16#1"
    ],
    "source": "자동 접속선(scripts/entrance_links.py, 수치지형도 1:1,000 건물·장애물 회피)",
    "kind": "footway",
    "costFactor": 1,
    "snap": 0.5,
    "link": 1.0,
    "length_m": 4.1,
    "straight_m": 4.1
   }
  },
  {
   "type": "Feature",
   "geometry": {
    "type": "LineString",
    "coordinates": [
     [
      126.951189,
      37.462884
     ],
     [
      126.9512681,
      37.4627932
     ]
    ]
   },
   "properties": {
    "type": "path",
    "role": "entrance_link",
    "building": "16",
    "entrances": [
     "16#1"
    ],
    "source": "자동 접속선(scripts/entrance_links.py, 수치지형도 1:1,000 건물·장애물 회피)",
    "kind": "footway",
    "costFactor": 1,
    "snap": 0.5,
    "link": 1.0,
    "length_m": 12.3,
    "straight_m": 12.3,
    "max_grade": 6
   }
  },
  {
   "type": "Feature",
   "geometry": {
    "type": "LineString",
    "coordinates": [
     [
      126.951189,
      37.462884
     ],
     [
      126.9513333,
      37.4628523
     ],
     [
      126.9513871,
      37.4628509
     ]
    ]
   },
   "properties": {
    "type": "path",
    "role": "entrance_link",
    "building": "16",
    "entrances": [
     "16#1"
    ],
    "source": "자동 접속선(scripts/entrance_links.py, 수치지형도 1:1,000 건물·장애물 회피)",
    "kind": "steps",
    "costFactor": 1.2,
    "snap": 0.5,
    "link": 1.0,
    "length_m": 18.0,
    "straight_m": 17.9,
    "detour": true,
    "max_grade": 8
   }
  },
  {
   "type": "Feature",
   "geometry": {
    "type": "LineString",
    "coordinates": [
     [
      126.950839,
      37.463247
     ],
     [
      126.9507644,
      37.4631919
     ]
    ]
   },
   "properties": {
    "type": "path",
    "role": "entrance_link",
    "building": "16",
    "entrances": [
     "16#2"
    ],
    "source": "자동 접속선(scripts/entrance_links.py, 수치지형도 1:1,000 건물·장애물 회피)",
    "kind": "footway",
    "costFactor": 1,
    "snap": 0.5,
    "link": 1.0,
    "length_m": 9.0,
    "straight_m": 9.0,
    "max_grade": 17
   }
  },
  {
   "type": "Feature",
   "geometry": {
    "type": "LineString",
    "coordinates": [
     [
      126.950839,
      37.463247
     ],
     [
      126.9506984,
      37.4632578
     ]
    ]
   },
   "properties": {
    "type": "path",
    "role": "entrance_link",
    "building": "16",
    "entrances": [
     "16#2"
    ],
    "source": "자동 접속선(scripts/entrance_links.py, 수치지형도 1:1,000 건물·장애물 회피)",
    "kind": "footway",
    "costFactor": 1,
    "snap": 0.5,
    "link": 1.0,
    "length_m": 12.5,
    "straight_m": 12.5,
    "max_grade": 15
   }
  },
  {
   "type": "Feature",
   "geometry": {
    "type": "LineString",
    "coordinates": [
     [
      126.951096,
      37.463354
     ],
     [
      126.9513275,
      37.4634465
     ]
    ]
   },
   "properties": {
    "type": "path",
    "role": "entrance_link",
    "building": "16",
    "entrances": [
     "16#3"
    ],
    "source": "자동 접속선(scripts/entrance_links.py, 수치지형도 1:1,000 건물·장애물 회피)",
    "kind": "footway",
    "costFactor": 1,
    "snap": 0.5,
    "link": 1.0,
    "length_m": 22.9,
    "straight_m": 22.9,
    "max_grade": 10
   }
  },
  {
   "type": "Feature",
   "geometry": {
    "type": "LineString",
    "coordinates": [
     [
      126.950875,
      37.463954
     ],
     [
      126.9508087,
      37.4640075
     ]
    ]
   },
   "properties": {
    "type": "path",
    "role": "entrance_link",
    "building": "16",
    "entrances": [
     "16#4"
    ],
    "source": "자동 접속선(scripts/entrance_links.py, 수치지형도 1:1,000 건물·장애물 회피)",
    "kind": "footway",
    "costFactor": 1,
    "snap": 0.5,
    "link": 1.0,
    "length_m": 8.3,
    "straight_m": 8.3,
    "max_grade": 2
   }
  },
  {
   "type": "Feature",
   "geometry": {
    "type": "LineString",
    "coordinates": [
     [
      126.950875,
      37.463954
     ],
     [
      126.9507121,
      37.4638566
     ]
    ]
   },
   "properties": {
    "type": "path",
    "role": "entrance_link",
    "building": "16",
    "entrances": [
     "16#4"
    ],
    "source": "자동 접속선(scripts/entrance_links.py, 수치지형도 1:1,000 건물·장애물 회피)",
    "kind": "footway",
    "costFactor": 1,
    "snap": 0.5,
    "link": 1.0,
    "length_m": 18.0,
    "straight_m": 18.0,
    "max_grade": 5
   }
  },
  {
   "type": "Feature",
   "geometry": {
    "type": "LineString",
    "coordinates": [
     [
      126.9512823,
      37.4642826
     ],
     [
      126.9513333,
      37.4642444
     ],
     [
      126.9513389,
      37.4642444
     ],
     [
      126.9513446,
      37.4642489
     ],
     [
      126.9513389,
      37.4643029
     ],
     [
      126.9513486,
      37.4643115
     ]
    ]
   },
   "properties": {
    "type": "path",
    "role": "entrance_link",
    "building": "16",
    "entrances": [
     "16#5"
    ],
    "source": "자동 접속선(scripts/entrance_links.py, 수치지형도 1:1,000 건물·장애물 회피)",
    "kind": "steps",
    "costFactor": 1.2,
    "snap": 0.5,
    "link": 1.0,
    "length_m": 14.7,
    "straight_m": 6.7,
    "detour": true,
    "max_grade": 3
   }
  },
  {
   "type": "Feature",
   "geometry": {
    "type": "LineString",
    "coordinates": [
     [
      126.9512823,
      37.4642826
     ],
     [
      126.9512711,
      37.4642894
     ],
     [
      126.9511072,
      37.4643435
     ],
     [
      126.9510677,
      37.4643741
     ]
    ]
   },
   "properties": {
    "type": "path",
    "role": "entrance_link",
    "building": "16",
    "entrances": [
     "16#5"
    ],
    "source": "자동 접속선(scripts/entrance_links.py, 수치지형도 1:1,000 건물·장애물 회피)",
    "kind": "footway",
    "costFactor": 1,
    "snap": 0.5,
    "link": 1.0,
    "length_m": 21.8,
    "straight_m": 21.5,
    "detour": true,
    "max_grade": 4
   }
  },
  {
   "type": "Feature",
   "geometry": {
    "type": "LineString",
    "coordinates": [
     [
      126.9512823,
      37.4642826
     ],
     [
      126.9513333,
      37.4642444
     ],
     [
      126.9513389,
      37.4642444
     ],
     [
      126.9513446,
      37.4642489
     ],
     [
      126.9513389,
      37.4642939
     ],
     [
      126.9513502,
      37.4643029
     ],
     [
      126.9514749,
      37.4642498
     ]
    ]
   },
   "properties": {
    "type": "path",
    "role": "entrance_link",
    "building": "16",
    "entrances": [
     "16#5"
    ],
    "source": "자동 접속선(scripts/entrance_links.py, 수치지형도 1:1,000 건물·장애물 회피)",
    "kind": "steps",
    "costFactor": 1.2,
    "snap": 0.5,
    "link": 1.0,
    "length_m": 26.3,
    "straight_m": 17.4,
    "detour": true,
    "max_grade": 4,
    "check": [
     "long"
    ]
   }
  },
  {
   "type": "Feature",
   "geometry": {
    "type": "LineString",
    "coordinates": [
     [
      126.9512823,
      37.4642826
     ],
     [
      126.9512711,
      37.4642894
     ],
     [
      126.9510959,
      37.46433
     ],
     [
      126.9510032,
      37.4643084
     ]
    ]
   },
   "properties": {
    "type": "path",
    "role": "entrance_link",
    "building": "16",
    "entrances": [
     "16#5"
    ],
    "source": "자동 접속선(scripts/entrance_links.py, 수치지형도 1:1,000 건물·장애물 회피)",
    "kind": "footway",
    "costFactor": 1,
    "snap": 0.5,
    "link": 1.0,
    "length_m": 25.9,
    "straight_m": 24.9,
    "detour": true,
    "max_grade": 4,
    "check": [
     "long"
    ]
   }
  },
  {
   "type": "Feature",
   "geometry": {
    "type": "LineString",
    "coordinates": [
     [
      126.951244,
      37.464043
     ],
     [
      126.9515376,
      37.4640351
     ]
    ]
   },
   "properties": {
    "type": "path",
    "role": "entrance_link",
    "building": "16",
    "entrances": [
     "16#6"
    ],
    "source": "자동 접속선(scripts/entrance_links.py, 수치지형도 1:1,000 건물·장애물 회피)",
    "kind": "footway",
    "costFactor": 1,
    "snap": 0.5,
    "link": 1.0,
    "length_m": 26.0,
    "straight_m": 26.0,
    "max_grade": 3,
    "check": [
     "long"
    ]
   }
  },
  {
   "type": "Feature",
   "geometry": {
    "type": "LineString",
    "coordinates": [
     [
      126.951244,
      37.464043
     ],
     [
      126.9514463,
      37.46392
     ],
     [
      126.9514743,
      37.4639007
     ]
    ]
   },
   "properties": {
    "type": "path",
    "role": "entrance_link",
    "building": "16",
    "entrances": [
     "16#6"
    ],
    "source": "자동 접속선(scripts/entrance_links.py, 수치지형도 1:1,000 건물·장애물 회피)",
    "kind": "footway",
    "costFactor": 1,
    "snap": 0.5,
    "link": 1.0,
    "length_m": 25.8,
    "straight_m": 25.8,
    "detour": true,
    "max_grade": 1,
    "check": [
     "long"
    ]
   }
  },
  {
   "type": "Feature",
   "geometry": {
    "type": "LineString",
    "coordinates": [
     [
      126.951244,
      37.464043
     ],
     [
      126.9515367,
      37.4640867
     ],
     [
      126.951548,
      37.4640957
     ],
     [
      126.9515625,
      37.4641158
     ]
    ]
   },
   "properties": {
    "type": "path",
    "role": "entrance_link",
    "building": "16",
    "entrances": [
     "16#6"
    ],
    "source": "자동 접속선(scripts/entrance_links.py, 수치지형도 1:1,000 건물·장애물 회피)",
    "kind": "footway",
    "costFactor": 1,
    "snap": 0.5,
    "link": 1.0,
    "length_m": 30.3,
    "straight_m": 29.3,
    "detour": true,
    "max_grade": 4,
    "check": [
     "long"
    ]
   }
  },
  {
   "type": "Feature",
   "geometry": {
    "type": "LineString",
    "coordinates": [
     [
      126.951244,
      37.464043
     ],
     [
      126.9512937,
      37.4642083
     ],
     [
      126.9513446,
      37.4642489
     ],
     [
      126.9513389,
      37.4643029
     ],
     [
      126.9513486,
      37.4643115
     ]
    ]
   },
   "properties": {
    "type": "path",
    "role": "entrance_link",
    "building": "16",
    "entrances": [
     "16#6"
    ],
    "source": "자동 접속선(scripts/entrance_links.py, 수치지형도 1:1,000 건물·장애물 회피)",
    "kind": "steps",
    "costFactor": 1.2,
    "snap": 0.5,
    "link": 1.0,
    "length_m": 32.5,
    "straight_m": 31.2,
    "detour": true,
    "max_grade": 6,
    "check": [
     "long"
    ]
   }
  },
  {
   "type": "Feature",
   "geometry": {
    "type": "LineString",
    "coordinates": [
     [
      126.9526691,
      37.4586135
     ],
     [
      126.9526338,
      37.4586487
     ]
    ]
   },
   "properties": {
    "type": "path",
    "role": "entrance_link",
    "building": "20",
    "entrances": [
     "20#1"
    ],
    "source": "자동 접속선(scripts/entrance_links.py, 수치지형도 1:1,000 건물·장애물 회피)",
    "kind": "footway",
    "costFactor": 1,
    "snap": 0.5,
    "link": 1.0,
    "length_m": 5.0,
    "straight_m": 5.0
   }
  },
  {
   "type": "Feature",
   "geometry": {
    "type": "LineString",
    "coordinates": [
     [
      126.952446,
      37.458363
     ],
     [
      126.9523577,
      37.4584408
     ]
    ]
   },
   "properties": {
    "type": "path",
    "role": "entrance_link",
    "building": "20",
    "entrances": [
     "20#2"
    ],
    "source": "자동 접속선(scripts/entrance_links.py, 수치지형도 1:1,000 건물·장애물 회피)",
    "kind": "footway",
    "costFactor": 1,
    "snap": 0.5,
    "link": 1.0,
    "length_m": 11.6,
    "straight_m": 11.6,
    "max_grade": 12
   }
  },
  {
   "type": "Feature",
   "geometry": {
    "type": "LineString",
    "coordinates": [
     [
      126.952446,
      37.458363
     ],
     [
      126.9522709,
      37.4583675
     ]
    ]
   },
   "properties": {
    "type": "path",
    "role": "entrance_link",
    "building": "20",
    "entrances": [
     "20#2"
    ],
    "source": "자동 접속선(scripts/entrance_links.py, 수치지형도 1:1,000 건물·장애물 회피)",
    "kind": "footway",
    "costFactor": 1,
    "snap": 0.5,
    "link": 1.0,
    "length_m": 15.5,
    "straight_m": 15.5,
    "max_grade": 10
   }
  },
  {
   "type": "Feature",
   "geometry": {
    "type": "LineString",
    "coordinates": [
     [
      126.9528228,
      37.4584765
     ],
     [
      126.9528629,
      37.4584479
     ]
    ]
   },
   "properties": {
    "type": "path",
    "role": "entrance_link",
    "building": "20",
    "entrances": [
     "20#4"
    ],
    "source": "자동 접속선(scripts/entrance_links.py, 수치지형도 1:1,000 건물·장애물 회피)",
    "kind": "footway",
    "costFactor": 1,
    "snap": 0.5,
    "link": 1.0,
    "length_m": 4.8,
    "straight_m": 4.8
   }
  },
  {
   "type": "Feature",
   "geometry": {
    "type": "LineString",
    "coordinates": [
     [
      126.952012,
      37.457439
     ],
     [
      126.952011,
      37.4574374
     ]
    ]
   },
   "properties": {
    "type": "path",
    "role": "entrance_link",
    "building": "21",
    "entrances": [
     "21#1"
    ],
    "source": "자동 접속선(scripts/entrance_links.py, 수치지형도 1:1,000 건물·장애물 회피)",
    "kind": "footway",
    "costFactor": 1,
    "snap": 0.5,
    "link": 1.0,
    "length_m": 0.2,
    "straight_m": 0.2,
    "door_depth_m": 1.0
   }
  },
  {
   "type": "Feature",
   "geometry": {
    "type": "LineString",
    "coordinates": [
     [
      126.9523493,
      37.4582981
     ],
     [
      126.9522656,
      37.4583584
     ]
    ]
   },
   "properties": {
    "type": "path",
    "role": "entrance_link",
    "building": "21",
    "entrances": [
     "21#a1"
    ],
    "source": "자동 접속선(scripts/entrance_links.py, 수치지형도 1:1,000 건물·장애물 회피)",
    "kind": "footway",
    "costFactor": 1,
    "snap": 0.5,
    "link": 1.0,
    "length_m": 10.0,
    "straight_m": 10.0,
    "max_grade": 13
   }
  },
  {
   "type": "Feature",
   "geometry": {
    "type": "LineString",
    "coordinates": [
     [
      126.952234,
      37.4575782
     ],
     [
      126.9523281,
      37.4575708
     ]
    ]
   },
   "properties": {
    "type": "path",
    "role": "entrance_link",
    "building": "21",
    "entrances": [
     "21#a2"
    ],
    "source": "자동 접속선(scripts/entrance_links.py, 수치지형도 1:1,000 건물·장애물 회피)",
    "kind": "footway",
    "costFactor": 1,
    "snap": 0.5,
    "link": 1.0,
    "length_m": 8.4,
    "straight_m": 8.4,
    "max_grade": 34,
    "check": [
     "steep"
    ]
   }
  },
  {
   "type": "Feature",
   "geometry": {
    "type": "LineString",
    "coordinates": [
     [
      126.952234,
      37.4575782
     ],
     [
      126.9522432,
      37.4575543
     ],
     [
      126.9522612,
      37.4574117
     ]
    ]
   },
   "properties": {
    "type": "path",
    "role": "entrance_link",
    "building": "21",
    "entrances": [
     "21#a2"
    ],
    "source": "자동 접속선(scripts/entrance_links.py, 수치지형도 1:1,000 건물·장애물 회피)",
    "kind": "footway",
    "costFactor": 1,
    "snap": 0.5,
    "link": 1.0,
    "length_m": 18.7,
    "straight_m": 18.6,
    "detour": true,
    "max_grade": 12
   }
  },
  {
   "type": "Feature",
   "geometry": {
    "type": "LineString",
    "coordinates": [
     [
      126.95032,
      37.457782
     ],
     [
      126.9503213,
      37.4577843
     ]
    ]
   },
   "properties": {
    "type": "path",
    "role": "entrance_link",
    "building": "28",
    "entrances": [
     "28#1"
    ],
    "source": "자동 접속선(scripts/entrance_links.py, 수치지형도 1:1,000 건물·장애물 회피)",
    "kind": "footway",
    "costFactor": 1,
    "snap": 0.5,
    "link": 1.0,
    "length_m": 0.3,
    "straight_m": 0.3,
    "door_depth_m": 4.5,
    "check": [
     "deep"
    ]
   }
  },
  {
   "type": "Feature",
   "geometry": {
    "type": "LineString",
    "coordinates": [
     [
      126.9502616,
      37.4575638
     ],
     [
      126.9501691,
      37.4574823
     ],
     [
      126.9501239,
      37.4574823
     ],
     [
      126.9501124,
      37.4574874
     ]
    ]
   },
   "properties": {
    "type": "path",
    "role": "entrance_link",
    "building": "28",
    "entrances": [
     "28#3"
    ],
    "source": "자동 접속선(scripts/entrance_links.py, 수치지형도 1:1,000 건물·장애물 회피)",
    "kind": "footway",
    "costFactor": 1,
    "snap": 0.5,
    "link": 1.0,
    "length_m": 17.4,
    "straight_m": 15.7,
    "detour": true,
    "max_grade": 4,
    "door_depth_m": 6.0,
    "door_clear_m": 9.0,
    "check": [
     "deep"
    ]
   }
  },
  {
   "type": "Feature",
   "geometry": {
    "type": "LineString",
    "coordinates": [
     [
      126.9502616,
      37.4575638
     ],
     [
      126.9502616,
      37.457401
     ]
    ]
   },
   "properties": {
    "type": "path",
    "role": "entrance_link",
    "building": "28",
    "entrances": [
     "28#3"
    ],
    "source": "자동 접속선(scripts/entrance_links.py, 수치지형도 1:1,000 건물·장애물 회피)",
    "kind": "footway",
    "costFactor": 1,
    "snap": 0.5,
    "link": 1.0,
    "length_m": 18.1,
    "straight_m": 18.1,
    "max_grade": 12,
    "door_depth_m": 6.0,
    "door_clear_m": 9.0,
    "check": [
     "deep"
    ]
   }
  },
  {
   "type": "Feature",
   "geometry": {
    "type": "LineString",
    "coordinates": [
     [
      126.9535779,
      37.4560888
     ],
     [
      126.9536221,
      37.4558559
     ],
     [
      126.9536164,
      37.4558514
     ],
     [
      126.9535483,
      37.4558504
     ]
    ]
   },
   "properties": {
    "type": "path",
    "role": "entrance_link",
    "building": "29",
    "entrances": [
     "29#a1"
    ],
    "source": "자동 접속선(scripts/entrance_links.py, 수치지형도 1:1,000 건물·장애물 회피)",
    "kind": "footway",
    "costFactor": 1,
    "snap": 0.5,
    "link": 1.0,
    "length_m": 32.9,
    "straight_m": 26.6,
    "detour": true,
    "max_grade": 25,
    "check": [
     "long"
    ]
   }
  },
  {
   "type": "Feature",
   "geometry": {
    "type": "LineString",
    "coordinates": [
     [
      126.9535779,
      37.4560888
     ],
     [
      126.9536221,
      37.4558559
     ],
     [
      126.9536227,
      37.4557813
     ]
    ]
   },
   "properties": {
    "type": "path",
    "role": "entrance_link",
    "building": "29",
    "entrances": [
     "29#a1"
    ],
    "source": "자동 접속선(scripts/entrance_links.py, 수치지형도 1:1,000 건물·장애물 회피)",
    "kind": "footway",
    "costFactor": 1,
    "snap": 0.5,
    "link": 1.0,
    "length_m": 34.4,
    "straight_m": 34.4,
    "detour": true,
    "max_grade": 5,
    "check": [
     "long"
    ]
   }
  },
  {
   "type": "Feature",
   "geometry": {
    "type": "LineString",
    "coordinates": [
     [
      126.9535779,
      37.4560888
     ],
     [
      126.9534413,
      37.4563425
     ],
     [
      126.9534356,
      37.456347
     ],
     [
      126.9533631,
      37.4563462
     ]
    ]
   },
   "properties": {
    "type": "path",
    "role": "entrance_link",
    "building": "29",
    "entrances": [
     "29#a1"
    ],
    "source": "자동 접속선(scripts/entrance_links.py, 수치지형도 1:1,000 건물·장애물 회피)",
    "kind": "steps",
    "costFactor": 1.2,
    "snap": 0.5,
    "link": 1.0,
    "length_m": 37.8,
    "straight_m": 34.3,
    "detour": true,
    "max_grade": 23,
    "check": [
     "long"
    ]
   }
  },
  {
   "type": "Feature",
   "geometry": {
    "type": "LineString",
    "coordinates": [
     [
      126.950777,
      37.456574
     ],
     [
      126.9507568,
      37.4565903
     ],
     [
      126.9506608,
      37.4568245
     ],
     [
      126.9505813,
      37.4568923
     ]
    ]
   },
   "properties": {
    "type": "path",
    "role": "entrance_link",
    "building": "30",
    "entrances": [
     "30#1"
    ],
    "source": "자동 접속선(scripts/entrance_links.py, 수치지형도 1:1,000 건물·장애물 회피)",
    "kind": "footway",
    "costFactor": 1,
    "snap": 0.5,
    "link": 1.0,
    "length_m": 40.2,
    "straight_m": 39.3,
    "detour": true,
    "max_grade": 9,
    "door_depth_m": 1.4,
    "check": [
     "long"
    ]
   }
  },
  {
   "type": "Feature",
   "geometry": {
    "type": "LineString",
    "coordinates": [
     [
      126.950777,
      37.456574
     ],
     [
      126.9507568,
      37.4565903
     ],
     [
      126.9507342,
      37.4566488
     ],
     [
      126.9507286,
      37.4566533
     ],
     [
      126.9502205,
      37.4566529
     ]
    ]
   },
   "properties": {
    "type": "path",
    "role": "entrance_link",
    "building": "30",
    "entrances": [
     "30#1"
    ],
    "source": "자동 접속선(scripts/entrance_links.py, 수치지형도 1:1,000 건물·장애물 회피)",
    "kind": "footway",
    "costFactor": 1,
    "snap": 0.5,
    "link": 1.0,
    "length_m": 55.0,
    "straight_m": 50.0,
    "detour": true,
    "max_grade": 8,
    "door_depth_m": 1.4,
    "check": [
     "long"
    ]
   }
  },
  {
   "type": "Feature",
   "geometry": {
    "type": "LineString",
    "coordinates": [
     [
      126.950916,
      37.456524
     ],
     [
      126.9507908,
      37.4565137
     ],
     [
      126.9507738,
      37.4565092
     ],
     [
      126.9507681,
      37.4565137
     ],
     [
      126.9507003,
      37.456793
     ],
     [
      126.9505813,
      37.4568923
     ]
    ]
   },
   "properties": {
    "type": "path",
    "role": "entrance_link",
    "building": "30",
    "entrances": [
     "30#2"
    ],
    "source": "자동 접속선(scripts/entrance_links.py, 수치지형도 1:1,000 건물·장애물 회피)",
    "kind": "footway",
    "costFactor": 1,
    "snap": 0.5,
    "link": 1.0,
    "length_m": 60.3,
    "straight_m": 50.5,
    "detour": true,
    "max_grade": 9,
    "door_depth_m": 7.6,
    "check": [
     "long",
     "deep"
    ]
   }
  },
  {
   "type": "Feature",
   "geometry": {
    "type": "LineString",
    "coordinates": [
     [
      126.950916,
      37.456524
     ],
     [
      126.9507908,
      37.4565137
     ],
     [
      126.9507738,
      37.4565092
     ],
     [
      126.9507681,
      37.4565137
     ],
     [
      126.9507342,
      37.4566488
     ],
     [
      126.9507286,
      37.4566533
     ],
     [
      126.9502205,
      37.4566529
     ]
    ]
   },
   "properties": {
    "type": "path",
    "role": "entrance_link",
    "building": "30",
    "entrances": [
     "30#2"
    ],
    "source": "자동 접속선(scripts/entrance_links.py, 수치지형도 1:1,000 건물·장애물 회피)",
    "kind": "footway",
    "costFactor": 1,
    "snap": 0.5,
    "link": 1.0,
    "length_m": 74.4,
    "straight_m": 63.2,
    "detour": true,
    "max_grade": 7,
    "door_depth_m": 7.6,
    "check": [
     "long",
     "deep"
    ]
   }
  },
  {
   "type": "Feature",
   "geometry": {
    "type": "LineString",
    "coordinates": [
     [
      126.9505747,
      37.4571097
     ],
     [
      126.9505762,
      37.4571083
     ]
    ]
   },
   "properties": {
    "type": "path",
    "role": "entrance_link",
    "building": "30",
    "entrances": [
     "30#a1",
     "31#a1"
    ],
    "source": "자동 접속선(scripts/entrance_links.py, 수치지형도 1:1,000 건물·장애물 회피)",
    "kind": "footway",
    "costFactor": 1,
    "snap": 0.5,
    "link": 1.0,
    "length_m": 0.2,
    "straight_m": 0.2
   }
  },
  {
   "type": "Feature",
   "geometry": {
    "type": "LineString",
    "coordinates": [
     [
      126.950305,
      37.457164
     ],
     [
      126.9502652,
      37.4572885
     ],
     [
      126.9502604,
      37.4572962
     ]
    ]
   },
   "properties": {
    "type": "path",
    "role": "entrance_link",
    "building": "31",
    "entrances": [
     "31#1"
    ],
    "source": "자동 접속선(scripts/entrance_links.py, 수치지형도 1:1,000 건물·장애물 회피)",
    "kind": "footway",
    "costFactor": 1,
    "snap": 0.5,
    "link": 1.0,
    "length_m": 15.2,
    "straight_m": 15.2,
    "detour": true,
    "max_grade": 12,
    "door_depth_m": 1.4
   }
  },
  {
   "type": "Feature",
   "geometry": {
    "type": "LineString",
    "coordinates": [
     [
      126.950305,
      37.457164
     ],
     [
      126.9503782,
      37.4572795
     ],
     [
      126.9503852,
      37.4572883
     ]
    ]
   },
   "properties": {
    "type": "path",
    "role": "entrance_link",
    "building": "31",
    "entrances": [
     "31#1"
    ],
    "source": "자동 접속선(scripts/entrance_links.py, 수치지형도 1:1,000 건물·장애물 회피)",
    "kind": "footway",
    "costFactor": 1,
    "snap": 0.5,
    "link": 1.0,
    "length_m": 15.5,
    "straight_m": 15.5,
    "detour": true,
    "max_grade": 12,
    "door_depth_m": 1.4
   }
  },
  {
   "type": "Feature",
   "geometry": {
    "type": "LineString",
    "coordinates": [
     [
      126.950305,
      37.457164
     ],
     [
      126.950463,
      37.4572255
     ],
     [
      126.9505101,
      37.4572639
     ]
    ]
   },
   "properties": {
    "type": "path",
    "role": "entrance_link",
    "building": "31",
    "entrances": [
     "31#1"
    ],
    "source": "자동 접속선(scripts/entrance_links.py, 수치지형도 1:1,000 건물·장애물 회피)",
    "kind": "footway",
    "costFactor": 1,
    "snap": 0.5,
    "link": 1.0,
    "length_m": 21.5,
    "straight_m": 21.3,
    "detour": true,
    "max_grade": 10,
    "door_depth_m": 1.4
   }
  },
  {
   "type": "Feature",
   "geometry": {
    "type": "LineString",
    "coordinates": [
     [
      126.950305,
      37.457164
     ],
     [
      126.9504573,
      37.4571984
     ],
     [
      126.9505736,
      37.4571985
     ]
    ]
   },
   "properties": {
    "type": "path",
    "role": "entrance_link",
    "building": "31",
    "entrances": [
     "31#1"
    ],
    "source": "자동 접속선(scripts/entrance_links.py, 수치지형도 1:1,000 건물·장애물 회피)",
    "kind": "footway",
    "costFactor": 1,
    "snap": 0.5,
    "link": 1.0,
    "length_m": 24.3,
    "straight_m": 24.1,
    "detour": true,
    "max_grade": 4,
    "door_depth_m": 1.4
   }
  },
  {
   "type": "Feature",
   "geometry": {
    "type": "LineString",
    "coordinates": [
     [
      126.950018,
      37.456916
     ],
     [
      126.9501882,
      37.4568732
     ]
    ]
   },
   "properties": {
    "type": "path",
    "role": "entrance_link",
    "building": "31",
    "entrances": [
     "31#2"
    ],
    "source": "자동 접속선(scripts/entrance_links.py, 수치지형도 1:1,000 건물·장애물 회피)",
    "kind": "footway",
    "costFactor": 1,
    "snap": 0.5,
    "link": 1.0,
    "length_m": 15.8,
    "straight_m": 15.8,
    "max_grade": 2,
    "door_depth_m": 0.2
   }
  },
  {
   "type": "Feature",
   "geometry": {
    "type": "LineString",
    "coordinates": [
     [
      126.950237,
      37.456934
     ],
     [
      126.9502371,
      37.4568756
     ]
    ]
   },
   "properties": {
    "type": "path",
    "role": "entrance_link",
    "building": "31",
    "entrances": [
     "31#3"
    ],
    "source": "자동 접속선(scripts/entrance_links.py, 수치지형도 1:1,000 건물·장애물 회피)",
    "kind": "footway",
    "costFactor": 1,
    "snap": 0.5,
    "link": 1.0,
    "length_m": 6.5,
    "straight_m": 6.5,
    "max_grade": 6
   }
  },
  {
   "type": "Feature",
   "geometry": {
    "type": "LineString",
    "coordinates": [
     [
      126.9502074,
      37.456133
     ],
     [
      126.9503231,
      37.4561247
     ]
    ]
   },
   "properties": {
    "type": "path",
    "role": "entrance_link",
    "building": "32",
    "entrances": [
     "32#a1"
    ],
    "source": "자동 접속선(scripts/entrance_links.py, 수치지형도 1:1,000 건물·장애물 회피)",
    "kind": "footway",
    "costFactor": 1,
    "snap": 0.5,
    "link": 1.0,
    "length_m": 10.3,
    "straight_m": 10.3,
    "max_grade": 5
   }
  },
  {
   "type": "Feature",
   "geometry": {
    "type": "LineString",
    "coordinates": [
     [
      126.9502074,
      37.456133
     ],
     [
      126.9501952,
      37.4560133
     ]
    ]
   },
   "properties": {
    "type": "path",
    "role": "entrance_link",
    "building": "32",
    "entrances": [
     "32#a1"
    ],
    "source": "자동 접속선(scripts/entrance_links.py, 수치지형도 1:1,000 건물·장애물 회피)",
    "kind": "footway",
    "costFactor": 1,
    "snap": 0.5,
    "link": 1.0,
    "length_m": 13.3,
    "straight_m": 13.3,
    "max_grade": 1
   }
  },
  {
   "type": "Feature",
   "geometry": {
    "type": "LineString",
    "coordinates": [
     [
      126.9502074,
      37.456133
     ],
     [
      126.9500349,
      37.4560608
     ]
    ]
   },
   "properties": {
    "type": "path",
    "role": "entrance_link",
    "building": "32",
    "entrances": [
     "32#a1"
    ],
    "source": "자동 접속선(scripts/entrance_links.py, 수치지형도 1:1,000 건물·장애물 회피)",
    "kind": "footway",
    "costFactor": 1,
    "snap": 0.5,
    "link": 1.0,
    "length_m": 17.2,
    "straight_m": 17.2,
    "max_grade": 4
   }
  },
  {
   "type": "Feature",
   "geometry": {
    "type": "LineString",
    "coordinates": [
     [
      126.9502074,
      37.456133
     ],
     [
      126.950336,
      37.4559729
     ]
    ]
   },
   "properties": {
    "type": "path",
    "role": "entrance_link",
    "building": "32",
    "entrances": [
     "32#a1"
    ],
    "source": "자동 접속선(scripts/entrance_links.py, 수치지형도 1:1,000 건물·장애물 회피)",
    "kind": "footway",
    "costFactor": 1,
    "snap": 0.5,
    "link": 1.0,
    "length_m": 21.1,
    "straight_m": 21.1,
    "max_grade": 2
   }
  },
  {
   "type": "Feature",
   "geometry": {
    "type": "LineString",
    "coordinates": [
     [
      126.9502763,
      37.4562789
     ],
     [
      126.9502713,
      37.4563068
     ]
    ]
   },
   "properties": {
    "type": "path",
    "role": "entrance_link",
    "building": "32",
    "entrances": [
     "32#a2",
     "33#a1"
    ],
    "source": "자동 접속선(scripts/entrance_links.py, 수치지형도 1:1,000 건물·장애물 회피)",
    "kind": "footway",
    "costFactor": 1,
    "snap": 0.5,
    "link": 1.0,
    "length_m": 3.1,
    "straight_m": 3.1
   }
  },
  {
   "type": "Feature",
   "geometry": {
    "type": "LineString",
    "coordinates": [
     [
      126.950242,
      37.456137
     ],
     [
      126.9503231,
      37.4561247
     ]
    ]
   },
   "properties": {
    "type": "path",
    "role": "entrance_link",
    "building": "33",
    "entrances": [
     "33#1"
    ],
    "source": "자동 접속선(scripts/entrance_links.py, 수치지형도 1:1,000 건물·장애물 회피)",
    "kind": "footway",
    "costFactor": 1,
    "snap": 0.5,
    "link": 1.0,
    "length_m": 7.3,
    "straight_m": 7.3,
    "max_grade": 5
   }
  },
  {
   "type": "Feature",
   "geometry": {
    "type": "LineString",
    "coordinates": [
     [
      126.950242,
      37.456137
     ],
     [
      126.9502406,
      37.4560003
     ]
    ]
   },
   "properties": {
    "type": "path",
    "role": "entrance_link",
    "building": "33",
    "entrances": [
     "33#1"
    ],
    "source": "자동 접속선(scripts/entrance_links.py, 수치지형도 1:1,000 건물·장애물 회피)",
    "kind": "footway",
    "costFactor": 1,
    "snap": 0.5,
    "link": 1.0,
    "length_m": 15.2,
    "straight_m": 15.2,
    "max_grade": 1
   }
  },
  {
   "type": "Feature",
   "geometry": {
    "type": "LineString",
    "coordinates": [
     [
      126.950242,
      37.456137
     ],
     [
      126.9500349,
      37.4560608
     ]
    ]
   },
   "properties": {
    "type": "path",
    "role": "entrance_link",
    "building": "33",
    "entrances": [
     "33#1"
    ],
    "source": "자동 접속선(scripts/entrance_links.py, 수치지형도 1:1,000 건물·장애물 회피)",
    "kind": "footway",
    "costFactor": 1,
    "snap": 0.5,
    "link": 1.0,
    "length_m": 20.2,
    "straight_m": 20.2,
    "max_grade": 5
   }
  },
  {
   "type": "Feature",
   "geometry": {
    "type": "LineString",
    "coordinates": [
     [
      126.950693,
      37.456165
     ],
     [
      126.9507173,
      37.4561488
     ],
     [
      126.9508279,
      37.4561096
     ]
    ]
   },
   "properties": {
    "type": "path",
    "role": "entrance_link",
    "building": "33",
    "entrances": [
     "33#2"
    ],
    "source": "자동 접속선(scripts/entrance_links.py, 수치지형도 1:1,000 건물·장애물 회피)",
    "kind": "footway",
    "costFactor": 1,
    "snap": 0.5,
    "link": 1.0,
    "length_m": 13.5,
    "straight_m": 13.4,
    "detour": true,
    "max_grade": 7,
    "door_depth_m": 0.1
   }
  },
  {
   "type": "Feature",
   "geometry": {
    "type": "LineString",
    "coordinates": [
     [
      126.951337,
      37.456167
     ],
     [
      126.9512094,
      37.4561662
     ]
    ]
   },
   "properties": {
    "type": "path",
    "role": "entrance_link",
    "building": "34",
    "entrances": [
     "34#1"
    ],
    "source": "자동 접속선(scripts/entrance_links.py, 수치지형도 1:1,000 건물·장애물 회피)",
    "kind": "footway",
    "costFactor": 1,
    "snap": 0.5,
    "link": 1.0,
    "length_m": 11.3,
    "straight_m": 11.3,
    "max_grade": 18
   }
  },
  {
   "type": "Feature",
   "geometry": {
    "type": "LineString",
    "coordinates": [
     [
      126.951337,
      37.456167
     ],
     [
      126.9512937,
      37.4561172
     ],
     [
      126.9512314,
      37.4560406
     ]
    ]
   },
   "properties": {
    "type": "path",
    "role": "entrance_link",
    "building": "34",
    "entrances": [
     "34#1"
    ],
    "source": "자동 접속선(scripts/entrance_links.py, 수치지형도 1:1,000 건물·장애물 회피)",
    "kind": "steps",
    "costFactor": 1.2,
    "snap": 0.5,
    "link": 1.0,
    "length_m": 16.9,
    "straight_m": 16.9,
    "detour": true,
    "max_grade": 15
   }
  },
  {
   "type": "Feature",
   "geometry": {
    "type": "LineString",
    "coordinates": [
     [
      126.951668,
      37.455869
     ],
     [
      126.9516792,
      37.455775
     ]
    ]
   },
   "properties": {
    "type": "path",
    "role": "entrance_link",
    "building": "34",
    "entrances": [
     "34#2"
    ],
    "source": "자동 접속선(scripts/entrance_links.py, 수치지형도 1:1,000 건물·장애물 회피)",
    "kind": "footway",
    "costFactor": 1,
    "snap": 0.5,
    "link": 1.0,
    "length_m": 10.5,
    "straight_m": 10.5,
    "max_grade": 12,
    "door_depth_m": 3.1,
    "door_clear_m": 9.0,
    "check": [
     "deep"
    ]
   }
  },
  {
   "type": "Feature",
   "geometry": {
    "type": "LineString",
    "coordinates": [
     [
      126.951668,
      37.455869
     ],
     [
      126.9518053,
      37.4558697
     ]
    ]
   },
   "properties": {
    "type": "path",
    "role": "entrance_link",
    "building": "34",
    "entrances": [
     "34#2"
    ],
    "source": "자동 접속선(scripts/entrance_links.py, 수치지형도 1:1,000 건물·장애물 회피)",
    "kind": "footway",
    "costFactor": 1,
    "snap": 0.5,
    "link": 1.0,
    "length_m": 12.1,
    "straight_m": 12.1,
    "max_grade": 6,
    "door_depth_m": 3.1,
    "door_clear_m": 9.0,
    "check": [
     "deep"
    ]
   }
  },
  {
   "type": "Feature",
   "geometry": {
    "type": "LineString",
    "coordinates": [
     [
      126.951668,
      37.455869
     ],
     [
      126.9515989,
      37.4558019
     ],
     [
      126.951548,
      37.4557748
     ],
     [
      126.9515424,
      37.4557703
     ],
     [
      126.9515479,
      37.4557564
     ]
    ]
   },
   "properties": {
    "type": "path",
    "role": "entrance_link",
    "building": "34",
    "entrances": [
     "34#2"
    ],
    "source": "자동 접속선(scripts/entrance_links.py, 수치지형도 1:1,000 건물·장애물 회피)",
    "kind": "footway",
    "costFactor": 1,
    "snap": 0.5,
    "link": 1.0,
    "length_m": 17.4,
    "straight_m": 16.4,
    "detour": true,
    "max_grade": 37,
    "door_depth_m": 3.1,
    "door_clear_m": 9.0,
    "check": [
     "steep",
     "deep"
    ]
   }
  },
  {
   "type": "Feature",
   "geometry": {
    "type": "LineString",
    "coordinates": [
     [
      126.951668,
      37.455869
     ],
     [
      126.9517232,
      37.455901
     ],
     [
      126.9517289,
      37.4559055
     ],
     [
      126.9517873,
      37.4560052
     ]
    ]
   },
   "properties": {
    "type": "path",
    "role": "entrance_link",
    "building": "34",
    "entrances": [
     "34#2"
    ],
    "source": "자동 접속선(scripts/entrance_links.py, 수치지형도 1:1,000 건물·장애물 회피)",
    "kind": "footway",
    "costFactor": 1,
    "snap": 0.5,
    "link": 1.0,
    "length_m": 19.0,
    "straight_m": 18.4,
    "detour": true,
    "max_grade": 10,
    "door_depth_m": 3.1,
    "door_clear_m": 9.0,
    "check": [
     "deep"
    ]
   }
  },
  {
   "type": "Feature",
   "geometry": {
    "type": "LineString",
    "coordinates": [
     [
      126.950704,
      37.456048
     ],
     [
      126.9508279,
      37.4561096
     ]
    ]
   },
   "properties": {
    "type": "path",
    "role": "entrance_link",
    "building": "37",
    "entrances": [
     "37#1"
    ],
    "source": "자동 접속선(scripts/entrance_links.py, 수치지형도 1:1,000 건물·장애물 회피)",
    "kind": "footway",
    "costFactor": 1,
    "snap": 0.5,
    "link": 1.0,
    "length_m": 12.9,
    "straight_m": 12.9,
    "max_grade": 8
   }
  },
  {
   "type": "Feature",
   "geometry": {
    "type": "LineString",
    "coordinates": [
     [
      126.950704,
      37.456048
     ],
     [
      126.9509204,
      37.4560502
     ]
    ]
   },
   "properties": {
    "type": "path",
    "role": "entrance_link",
    "building": "37",
    "entrances": [
     "37#1"
    ],
    "source": "자동 접속선(scripts/entrance_links.py, 수치지형도 1:1,000 건물·장애물 회피)",
    "kind": "footway",
    "costFactor": 1,
    "snap": 0.5,
    "link": 1.0,
    "length_m": 19.1,
    "straight_m": 19.1,
    "max_grade": 10
   }
  },
  {
   "type": "Feature",
   "geometry": {
    "type": "LineString",
    "coordinates": [
     [
      126.950869,
      37.455911
     ],
     [
      126.9509422,
      37.4559104
     ]
    ]
   },
   "properties": {
    "type": "path",
    "role": "entrance_link",
    "building": "37",
    "entrances": [
     "37#2"
    ],
    "source": "자동 접속선(scripts/entrance_links.py, 수치지형도 1:1,000 건물·장애물 회피)",
    "kind": "footway",
    "costFactor": 1,
    "snap": 0.5,
    "link": 1.0,
    "length_m": 6.5,
    "straight_m": 6.5,
    "max_grade": 0
   }
  },
  {
   "type": "Feature",
   "geometry": {
    "type": "LineString",
    "coordinates": [
     [
      126.950869,
      37.455911
     ],
     [
      126.9508576,
      37.4561133
     ]
    ]
   },
   "properties": {
    "type": "path",
    "role": "entrance_link",
    "building": "37",
    "entrances": [
     "37#2"
    ],
    "source": "자동 접속선(scripts/entrance_links.py, 수치지형도 1:1,000 건물·장애물 회피)",
    "kind": "footway",
    "costFactor": 1,
    "snap": 0.5,
    "link": 1.0,
    "length_m": 22.5,
    "straight_m": 22.5,
    "max_grade": 5
   }
  },
  {
   "type": "Feature",
   "geometry": {
    "type": "LineString",
    "coordinates": [
     [
      126.950944,
      37.455404
     ],
     [
      126.9510211,
      37.4554058
     ]
    ]
   },
   "properties": {
    "type": "path",
    "role": "entrance_link",
    "building": "37",
    "entrances": [
     "37#3"
    ],
    "source": "자동 접속선(scripts/entrance_links.py, 수치지형도 1:1,000 건물·장애물 회피)",
    "kind": "footway",
    "costFactor": 1,
    "snap": 0.5,
    "link": 1.0,
    "length_m": 6.8,
    "straight_m": 6.8,
    "max_grade": 2,
    "door_depth_m": 1.1
   }
  },
  {
   "type": "Feature",
   "geometry": {
    "type": "LineString",
    "coordinates": [
     [
      126.950944,
      37.455404
     ],
     [
      126.9509151,
      37.4553604
     ],
     [
      126.9509207,
      37.4553288
     ],
     [
      126.9509272,
      37.4553192
     ]
    ]
   },
   "properties": {
    "type": "path",
    "role": "entrance_link",
    "building": "37",
    "entrances": [
     "37#3"
    ],
    "source": "자동 접속선(scripts/entrance_links.py, 수치지형도 1:1,000 건물·장애물 회피)",
    "kind": "footway",
    "costFactor": 1,
    "snap": 0.5,
    "link": 1.0,
    "length_m": 10.2,
    "straight_m": 9.5,
    "detour": true,
    "max_grade": 13,
    "door_depth_m": 1.1
   }
  },
  {
   "type": "Feature",
   "geometry": {
    "type": "LineString",
    "coordinates": [
     [
      126.9506177,
      37.4559501
     ],
     [
      126.9503439,
      37.4559449
     ]
    ]
   },
   "properties": {
    "type": "path",
    "role": "entrance_link",
    "building": "37",
    "entrances": [
     "37#a1"
    ],
    "source": "자동 접속선(scripts/entrance_links.py, 수치지형도 1:1,000 건물·장애물 회피)",
    "kind": "footway",
    "costFactor": 1,
    "snap": 0.5,
    "link": 1.0,
    "length_m": 24.2,
    "straight_m": 24.2,
    "max_grade": 16
   }
  },
  {
   "type": "Feature",
   "geometry": {
    "type": "LineString",
    "coordinates": [
     [
      126.951823,
      37.454583
     ],
     [
      126.9518255,
      37.4545671
     ]
    ]
   },
   "properties": {
    "type": "path",
    "role": "entrance_link",
    "building": "39",
    "entrances": [
     "39#1"
    ],
    "source": "자동 접속선(scripts/entrance_links.py, 수치지형도 1:1,000 건물·장애물 회피)",
    "kind": "footway",
    "costFactor": 1,
    "snap": 0.5,
    "link": 1.0,
    "length_m": 1.8,
    "straight_m": 1.8
   }
  },
  {
   "type": "Feature",
   "geometry": {
    "type": "Point",
    "coordinates": [
     126.951498,
     37.454361
    ]
   },
   "properties": {
    "type": "entrance_unlinked",
    "building": "39",
    "entrances": [
     "39#2"
    ],
    "source": "자동 접속선(scripts/entrance_links.py, 수치지형도 1:1,000 건물·장애물 회피)",
    "note": "80 m 안에 막히지 않고 닿는 길이 없다(손으로 그릴 것)"
   }
  },
  {
   "type": "Feature",
   "geometry": {
    "type": "LineString",
    "coordinates": [
     [
      126.9512145,
      37.4550986
     ],
     [
      126.9512197,
      37.4552473
     ]
    ]
   },
   "properties": {
    "type": "path",
    "role": "entrance_link",
    "building": "39",
    "entrances": [
     "39#a1"
    ],
    "source": "자동 접속선(scripts/entrance_links.py, 수치지형도 1:1,000 건물·장애물 회피)",
    "kind": "footway",
    "costFactor": 1,
    "snap": 0.5,
    "link": 1.0,
    "length_m": 16.5,
    "straight_m": 16.5,
    "max_grade": 4,
    "door_depth_m": 4.5,
    "door_clear_m": 12.0,
    "check": [
     "deep"
    ]
   }
  },
  {
   "type": "Feature",
   "geometry": {
    "type": "LineString",
    "coordinates": [
     [
      126.9512145,
      37.4550986
     ],
     [
      126.9510274,
      37.4550895
     ]
    ]
   },
   "properties": {
    "type": "path",
    "role": "entrance_link",
    "building": "39",
    "entrances": [
     "39#a1"
    ],
    "source": "자동 접속선(scripts/entrance_links.py, 수치지형도 1:1,000 건물·장애물 회피)",
    "kind": "steps",
    "costFactor": 1.2,
    "snap": 0.5,
    "link": 1.0,
    "length_m": 16.6,
    "straight_m": 16.6,
    "max_grade": 12,
    "door_depth_m": 4.5,
    "door_clear_m": 12.0,
    "check": [
     "deep"
    ]
   }
  },
  {
   "type": "Feature",
   "geometry": {
    "type": "LineString",
    "coordinates": [
     [
      126.9512145,
      37.4550986
     ],
     [
      126.9510394,
      37.4551847
     ],
     [
      126.9510338,
      37.4551892
     ],
     [
      126.951033,
      37.4552303
     ]
    ]
   },
   "properties": {
    "type": "path",
    "role": "entrance_link",
    "building": "39",
    "entrances": [
     "39#a1"
    ],
    "source": "자동 접속선(scripts/entrance_links.py, 수치지형도 1:1,000 건물·장애물 회피)",
    "kind": "steps",
    "costFactor": 1.2,
    "snap": 0.5,
    "link": 1.0,
    "length_m": 23.5,
    "straight_m": 21.7,
    "detour": true,
    "max_grade": 13,
    "door_depth_m": 4.5,
    "door_clear_m": 12.0,
    "check": [
     "deep"
    ]
   }
  },
  {
   "type": "Feature",
   "geometry": {
    "type": "LineString",
    "coordinates": [
     [
      126.95174,
      37.4552157
     ],
     [
      126.9517399,
      37.4552948
     ]
    ]
   },
   "properties": {
    "type": "path",
    "role": "entrance_link",
    "building": "39",
    "entrances": [
     "39#a2"
    ],
    "source": "자동 접속선(scripts/entrance_links.py, 수치지형도 1:1,000 건물·장애물 회피)",
    "kind": "footway",
    "costFactor": 1,
    "snap": 0.5,
    "link": 1.0,
    "length_m": 8.8,
    "straight_m": 8.8,
    "max_grade": 9,
    "door_depth_m": 1.6
   }
  },
  {
   "type": "Feature",
   "geometry": {
    "type": "LineString",
    "coordinates": [
     [
      126.95174,
      37.4552157
     ],
     [
      126.9518647,
      37.4552167
     ]
    ]
   },
   "properties": {
    "type": "path",
    "role": "entrance_link",
    "building": "39",
    "entrances": [
     "39#a2"
    ],
    "source": "자동 접속선(scripts/entrance_links.py, 수치지형도 1:1,000 건물·장애물 회피)",
    "kind": "footway",
    "costFactor": 1,
    "snap": 0.5,
    "link": 1.0,
    "length_m": 11.0,
    "straight_m": 11.0,
    "max_grade": 8,
    "door_depth_m": 1.6
   }
  },
  {
   "type": "Feature",
   "geometry": {
    "type": "LineString",
    "coordinates": [
     [
      126.951567,
      37.457311
     ],
     [
      126.9514346,
      37.4573852
     ]
    ]
   },
   "properties": {
    "type": "path",
    "role": "entrance_link",
    "building": "43",
    "entrances": [
     "43#1"
    ],
    "source": "자동 접속선(scripts/entrance_links.py, 수치지형도 1:1,000 건물·장애물 회피)",
    "kind": "footway",
    "costFactor": 1,
    "snap": 0.5,
    "link": 1.0,
    "length_m": 14.3,
    "straight_m": 14.3,
    "max_grade": 29,
    "door_depth_m": 2.7
   }
  },
  {
   "type": "Feature",
   "geometry": {
    "type": "LineString",
    "coordinates": [
     [
      126.951567,
      37.457311
     ],
     [
      126.9513937,
      37.4573066
     ]
    ]
   },
   "properties": {
    "type": "path",
    "role": "entrance_link",
    "building": "43",
    "entrances": [
     "43#1"
    ],
    "source": "자동 접속선(scripts/entrance_links.py, 수치지형도 1:1,000 건물·장애물 회피)",
    "kind": "footway",
    "costFactor": 1,
    "snap": 0.5,
    "link": 1.0,
    "length_m": 15.3,
    "straight_m": 15.3,
    "max_grade": 21,
    "door_depth_m": 2.7
   }
  },
  {
   "type": "Feature",
   "geometry": {
    "type": "LineString",
    "coordinates": [
     [
      126.951567,
      37.457311
     ],
     [
      126.951548,
      37.4573516
     ],
     [
      126.9515233,
      37.4575442
     ]
    ]
   },
   "properties": {
    "type": "path",
    "role": "entrance_link",
    "building": "43",
    "entrances": [
     "43#1"
    ],
    "source": "자동 접속선(scripts/entrance_links.py, 수치지형도 1:1,000 건물·장애물 회피)",
    "kind": "footway",
    "costFactor": 1,
    "snap": 0.5,
    "link": 1.0,
    "length_m": 26.3,
    "straight_m": 26.2,
    "detour": true,
    "max_grade": 22,
    "door_depth_m": 2.7,
    "check": [
     "long"
    ]
   }
  },
  {
   "type": "Feature",
   "geometry": {
    "type": "LineString",
    "coordinates": [
     [
      126.9518384,
      37.4572998
     ],
     [
      126.9518535,
      37.4572983
     ]
    ]
   },
   "properties": {
    "type": "path",
    "role": "entrance_link",
    "building": "43",
    "entrances": [
     "43#a1"
    ],
    "source": "자동 접속선(scripts/entrance_links.py, 수치지형도 1:1,000 건물·장애물 회피)",
    "kind": "footway",
    "costFactor": 1,
    "snap": 0.5,
    "link": 1.0,
    "length_m": 1.3,
    "straight_m": 1.3,
    "door_depth_m": 0.1
   }
  },
  {
   "type": "Feature",
   "geometry": {
    "type": "LineString",
    "coordinates": [
     [
      126.951247,
      37.45668
     ],
     [
      126.9511254,
      37.4566799
     ]
    ]
   },
   "properties": {
    "type": "path",
    "role": "entrance_link",
    "building": "43-1",
    "entrances": [
     "43-1#1"
    ],
    "source": "자동 접속선(scripts/entrance_links.py, 수치지형도 1:1,000 건물·장애물 회피)",
    "kind": "steps",
    "costFactor": 1.2,
    "snap": 0.5,
    "link": 1.0,
    "length_m": 10.8,
    "straight_m": 10.8,
    "max_grade": 21
   }
  },
  {
   "type": "Feature",
   "geometry": {
    "type": "LineString",
    "coordinates": [
     [
      126.951247,
      37.45668
     ],
     [
      126.9512424,
      37.4569172
     ]
    ]
   },
   "properties": {
    "type": "path",
    "role": "entrance_link",
    "building": "43-1",
    "entrances": [
     "43-1#1"
    ],
    "source": "자동 접속선(scripts/entrance_links.py, 수치지형도 1:1,000 건물·장애물 회피)",
    "kind": "steps",
    "costFactor": 1.2,
    "snap": 0.5,
    "link": 1.0,
    "length_m": 26.3,
    "straight_m": 26.3,
    "max_grade": 13,
    "check": [
     "long"
    ]
   }
  },
  {
   "type": "Feature",
   "geometry": {
    "type": "LineString",
    "coordinates": [
     [
      126.951458,
      37.456788
     ],
     [
      126.9515258,
      37.4567997
     ]
    ]
   },
   "properties": {
    "type": "path",
    "role": "entrance_link",
    "building": "43-1",
    "entrances": [
     "43-1#2"
    ],
    "source": "자동 접속선(scripts/entrance_links.py, 수치지형도 1:1,000 건물·장애물 회피)",
    "kind": "footway",
    "costFactor": 1,
    "snap": 0.5,
    "link": 1.0,
    "length_m": 6.1,
    "straight_m": 6.1,
    "max_grade": 18,
    "door_depth_m": 3.1,
    "check": [
     "deep"
    ]
   }
  },
  {
   "type": "Feature",
   "geometry": {
    "type": "LineString",
    "coordinates": [
     [
      126.951458,
      37.456788
     ],
     [
      126.9514746,
      37.456829
     ],
     [
      126.9514174,
      37.4569365
     ]
    ]
   },
   "properties": {
    "type": "path",
    "role": "entrance_link",
    "building": "43-1",
    "entrances": [
     "43-1#2"
    ],
    "source": "자동 접속선(scripts/entrance_links.py, 수치지형도 1:1,000 건물·장애물 회피)",
    "kind": "footway",
    "costFactor": 1,
    "snap": 0.5,
    "link": 1.0,
    "length_m": 17.7,
    "straight_m": 16.9,
    "detour": true,
    "max_grade": 11,
    "door_depth_m": 3.1,
    "check": [
     "deep"
    ]
   }
  },
  {
   "type": "Feature",
   "geometry": {
    "type": "LineString",
    "coordinates": [
     [
      126.951352,
      37.457043
     ],
     [
      126.95135,
      37.4570424
     ]
    ]
   },
   "properties": {
    "type": "path",
    "role": "entrance_link",
    "building": "43-2",
    "entrances": [
     "43-2#1"
    ],
    "source": "자동 접속선(scripts/entrance_links.py, 수치지형도 1:1,000 건물·장애물 회피)",
    "kind": "footway",
    "costFactor": 1,
    "snap": 0.5,
    "link": 1.0,
    "length_m": 0.2,
    "straight_m": 0.2
   }
  },
  {
   "type": "Feature",
   "geometry": {
    "type": "LineString",
    "coordinates": [
     [
      126.9510833,
      37.4572592
     ],
     [
      126.9510228,
      37.4572995
     ]
    ]
   },
   "properties": {
    "type": "path",
    "role": "entrance_link",
    "building": "43-2",
    "entrances": [
     "43-2#a1"
    ],
    "source": "자동 접속선(scripts/entrance_links.py, 수치지형도 1:1,000 건물·장애물 회피)",
    "kind": "footway",
    "costFactor": 1,
    "snap": 0.5,
    "link": 1.0,
    "length_m": 7.0,
    "straight_m": 7.0,
    "max_grade": 20
   }
  },
  {
   "type": "Feature",
   "geometry": {
    "type": "LineString",
    "coordinates": [
     [
      126.9510833,
      37.4572592
     ],
     [
      126.9510474,
      37.4571179
     ]
    ]
   },
   "properties": {
    "type": "path",
    "role": "entrance_link",
    "building": "43-2",
    "entrances": [
     "43-2#a1"
    ],
    "source": "자동 접속선(scripts/entrance_links.py, 수치지형도 1:1,000 건물·장애물 회피)",
    "kind": "footway",
    "costFactor": 1,
    "snap": 0.5,
    "link": 1.0,
    "length_m": 16.0,
    "straight_m": 16.0,
    "max_grade": 5
   }
  },
  {
   "type": "Feature",
   "geometry": {
    "type": "LineString",
    "coordinates": [
     [
      126.954192,
      37.463557
     ],
     [
      126.9541914,
      37.4635565
     ]
    ]
   },
   "properties": {
    "type": "path",
    "role": "entrance_link",
    "building": "49",
    "entrances": [
     "49#1"
    ],
    "source": "자동 접속선(scripts/entrance_links.py, 수치지형도 1:1,000 건물·장애물 회피)",
    "kind": "footway",
    "costFactor": 1,
    "snap": 0.5,
    "link": 1.0,
    "length_m": 0.1,
    "straight_m": 0.1
   }
  },
  {
   "type": "Feature",
   "geometry": {
    "type": "LineString",
    "coordinates": [
     [
      126.954166,
      37.463336
     ],
     [
      126.9541633,
      37.4633334
     ]
    ]
   },
   "properties": {
    "type": "path",
    "role": "entrance_link",
    "building": "49",
    "entrances": [
     "49#2"
    ],
    "source": "자동 접속선(scripts/entrance_links.py, 수치지형도 1:1,000 건물·장애물 회피)",
    "kind": "footway",
    "costFactor": 1,
    "snap": 0.5,
    "link": 1.0,
    "length_m": 0.4,
    "straight_m": 0.4,
    "door_depth_m": 0.5
   }
  },
  {
   "type": "Feature",
   "geometry": {
    "type": "LineString",
    "coordinates": [
     [
      126.953837,
      37.462984
     ],
     [
      126.9537965,
      37.4630033
     ]
    ]
   },
   "properties": {
    "type": "path",
    "role": "entrance_link",
    "building": "49",
    "entrances": [
     "49#3"
    ],
    "source": "자동 접속선(scripts/entrance_links.py, 수치지형도 1:1,000 건물·장애물 회피)",
    "kind": "footway",
    "costFactor": 1,
    "snap": 0.5,
    "link": 1.0,
    "length_m": 4.2,
    "straight_m": 4.2
   }
  },
  {
   "type": "Feature",
   "geometry": {
    "type": "LineString",
    "coordinates": [
     [
      126.954367,
      37.463552
     ],
     [
      126.9544246,
      37.4635371
     ],
     [
      126.9544816,
      37.4634943
     ]
    ]
   },
   "properties": {
    "type": "path",
    "role": "entrance_link",
    "building": "49",
    "entrances": [
     "49#4"
    ],
    "source": "자동 접속선(scripts/entrance_links.py, 수치지형도 1:1,000 건물·장애물 회피)",
    "kind": "footway",
    "costFactor": 1,
    "snap": 0.5,
    "link": 1.0,
    "length_m": 12.3,
    "straight_m": 12.0,
    "detour": true,
    "max_grade": 25,
    "door_depth_m": 4.4,
    "check": [
     "deep"
    ]
   }
  },
  {
   "type": "Feature",
   "geometry": {
    "type": "LineString",
    "coordinates": [
     [
      126.954367,
      37.463552
     ],
     [
      126.9545604,
      37.4636356
     ]
    ]
   },
   "properties": {
    "type": "path",
    "role": "entrance_link",
    "building": "49",
    "entrances": [
     "49#4"
    ],
    "source": "자동 접속선(scripts/entrance_links.py, 수치지형도 1:1,000 건물·장애물 회피)",
    "kind": "footway",
    "costFactor": 1,
    "snap": 0.5,
    "link": 1.0,
    "length_m": 19.5,
    "straight_m": 19.5,
    "max_grade": 14,
    "door_depth_m": 4.4,
    "check": [
     "deep"
    ]
   }
  },
  {
   "type": "Feature",
   "geometry": {
    "type": "LineString",
    "coordinates": [
     [
      126.952522,
      37.463452
     ],
     [
      126.9525178,
      37.4634197
     ]
    ]
   },
   "properties": {
    "type": "path",
    "role": "entrance_link",
    "building": "51",
    "entrances": [
     "51#1"
    ],
    "source": "자동 접속선(scripts/entrance_links.py, 수치지형도 1:1,000 건물·장애물 회피)",
    "kind": "footway",
    "costFactor": 1,
    "snap": 0.5,
    "link": 1.0,
    "length_m": 3.6,
    "straight_m": 3.6
   }
  },
  {
   "type": "Feature",
   "geometry": {
    "type": "LineString",
    "coordinates": [
     [
      126.952522,
      37.463452
     ],
     [
      126.9525822,
      37.4634425
     ],
     [
      126.9527294,
      37.4634433
     ]
    ]
   },
   "properties": {
    "type": "path",
    "role": "entrance_link",
    "building": "51",
    "entrances": [
     "51#1"
    ],
    "source": "자동 접속선(scripts/entrance_links.py, 수치지형도 1:1,000 건물·장애물 회피)",
    "kind": "footway",
    "costFactor": 1,
    "snap": 0.5,
    "link": 1.0,
    "length_m": 18.5,
    "straight_m": 18.4,
    "detour": true,
    "max_grade": 7
   }
  },
  {
   "type": "Feature",
   "geometry": {
    "type": "LineString",
    "coordinates": [
     [
      126.9524363,
      37.4635204
     ],
     [
      126.9524274,
      37.4634467
     ]
    ]
   },
   "properties": {
    "type": "path",
    "role": "entrance_link",
    "building": "51",
    "entrances": [
     "51#2"
    ],
    "source": "자동 접속선(scripts/entrance_links.py, 수치지형도 1:1,000 건물·장애물 회피)",
    "kind": "footway",
    "costFactor": 1,
    "snap": 0.5,
    "link": 1.0,
    "length_m": 8.2,
    "straight_m": 8.2,
    "max_grade": 9
   }
  },
  {
   "type": "Feature",
   "geometry": {
    "type": "LineString",
    "coordinates": [
     [
      126.9524363,
      37.4635204
     ],
     [
      126.9522663,
      37.4635194
     ]
    ]
   },
   "properties": {
    "type": "path",
    "role": "entrance_link",
    "building": "51",
    "entrances": [
     "51#2"
    ],
    "source": "자동 접속선(scripts/entrance_links.py, 수치지형도 1:1,000 건물·장애물 회피)",
    "kind": "footway",
    "costFactor": 1,
    "snap": 0.5,
    "link": 1.0,
    "length_m": 15.0,
    "straight_m": 15.0,
    "max_grade": 5
   }
  },
  {
   "type": "Feature",
   "geometry": {
    "type": "LineString",
    "coordinates": [
     [
      126.9524363,
      37.4635204
     ],
     [
      126.9524127,
      37.4635281
     ],
     [
      126.9524014,
      37.4635371
     ],
     [
      126.9523877,
      37.4636365
     ]
    ]
   },
   "properties": {
    "type": "path",
    "role": "entrance_link",
    "building": "51",
    "entrances": [
     "51#2"
    ],
    "source": "자동 접속선(scripts/entrance_links.py, 수치지형도 1:1,000 건물·장애물 회피)",
    "kind": "footway",
    "costFactor": 1,
    "snap": 0.5,
    "link": 1.0,
    "length_m": 14.8,
    "straight_m": 13.6,
    "detour": true,
    "max_grade": 10
   }
  },
  {
   "type": "Feature",
   "geometry": {
    "type": "LineString",
    "coordinates": [
     [
      126.952727,
      37.463453
     ],
     [
      126.9527276,
      37.4634512
     ]
    ]
   },
   "properties": {
    "type": "path",
    "role": "entrance_link",
    "building": "51",
    "entrances": [
     "51#3"
    ],
    "source": "자동 접속선(scripts/entrance_links.py, 수치지형도 1:1,000 건물·장애물 회피)",
    "kind": "footway",
    "costFactor": 1,
    "snap": 0.5,
    "link": 1.0,
    "length_m": 0.2,
    "straight_m": 0.2
   }
  },
  {
   "type": "Feature",
   "geometry": {
    "type": "LineString",
    "coordinates": [
     [
      126.952745,
      37.463674
     ],
     [
      126.9527448,
      37.4636738
     ]
    ]
   },
   "properties": {
    "type": "path",
    "role": "entrance_link",
    "building": "51",
    "entrances": [
     "51#4"
    ],
    "source": "자동 접속선(scripts/entrance_links.py, 수치지형도 1:1,000 건물·장애물 회피)",
    "kind": "footway",
    "costFactor": 1,
    "snap": 0.5,
    "link": 1.0,
    "length_m": 0.0,
    "straight_m": 0.0,
    "door_depth_m": 0.6
   }
  },
  {
   "type": "Feature",
   "geometry": {
    "type": "LineString",
    "coordinates": [
     [
      126.953047,
      37.463636
     ],
     [
      126.9530191,
      37.4636751
     ]
    ]
   },
   "properties": {
    "type": "path",
    "role": "entrance_link",
    "building": "52",
    "entrances": [
     "52#1"
    ],
    "source": "자동 접속선(scripts/entrance_links.py, 수치지형도 1:1,000 건물·장애물 회피)",
    "kind": "footway",
    "costFactor": 1,
    "snap": 0.5,
    "link": 1.0,
    "length_m": 5.0,
    "straight_m": 5.0,
    "door_depth_m": 1.6
   }
  },
  {
   "type": "Feature",
   "geometry": {
    "type": "LineString",
    "coordinates": [
     [
      126.953047,
      37.463636
     ],
     [
      126.9528495,
      37.4637234
     ]
    ]
   },
   "properties": {
    "type": "path",
    "role": "entrance_link",
    "building": "52",
    "entrances": [
     "52#1"
    ],
    "source": "자동 접속선(scripts/entrance_links.py, 수치지형도 1:1,000 건물·장애물 회피)",
    "kind": "footway",
    "costFactor": 1,
    "snap": 0.5,
    "link": 1.0,
    "length_m": 20.0,
    "straight_m": 20.0,
    "max_grade": 2,
    "door_depth_m": 1.6
   }
  },
  {
   "type": "Feature",
   "geometry": {
    "type": "LineString",
    "coordinates": [
     [
      126.95316,
      37.463427
     ],
     [
      126.953159,
      37.4632871
     ]
    ]
   },
   "properties": {
    "type": "path",
    "role": "entrance_link",
    "building": "52",
    "entrances": [
     "52#2"
    ],
    "source": "자동 접속선(scripts/entrance_links.py, 수치지형도 1:1,000 건물·장애물 회피)",
    "kind": "steps",
    "costFactor": 1.2,
    "snap": 0.5,
    "link": 1.0,
    "length_m": 15.5,
    "straight_m": 15.5,
    "max_grade": 8
   }
  },
  {
   "type": "Feature",
   "geometry": {
    "type": "LineString",
    "coordinates": [
     [
      126.95316,
      37.463427
     ],
     [
      126.9533318,
      37.4633042
     ]
    ]
   },
   "properties": {
    "type": "path",
    "role": "entrance_link",
    "building": "52",
    "entrances": [
     "52#2"
    ],
    "source": "자동 접속선(scripts/entrance_links.py, 수치지형도 1:1,000 건물·장애물 회피)",
    "kind": "steps",
    "costFactor": 1.2,
    "snap": 0.5,
    "link": 1.0,
    "length_m": 20.4,
    "straight_m": 20.4,
    "max_grade": 19
   }
  },
  {
   "type": "Feature",
   "geometry": {
    "type": "LineString",
    "coordinates": [
     [
      126.95316,
      37.463427
     ],
     [
      126.953455,
      37.4633951
     ]
    ]
   },
   "properties": {
    "type": "path",
    "role": "entrance_link",
    "building": "52",
    "entrances": [
     "52#2"
    ],
    "source": "자동 접속선(scripts/entrance_links.py, 수치지형도 1:1,000 건물·장애물 회피)",
    "kind": "steps",
    "costFactor": 1.2,
    "snap": 0.5,
    "link": 1.0,
    "length_m": 26.3,
    "straight_m": 26.3,
    "max_grade": 19,
    "check": [
     "long"
    ]
   }
  },
  {
   "type": "Feature",
   "geometry": {
    "type": "LineString",
    "coordinates": [
     [
      126.953525,
      37.463864
     ],
     [
      126.9535422,
      37.4638685
     ]
    ]
   },
   "properties": {
    "type": "path",
    "role": "entrance_link",
    "building": "52",
    "entrances": [
     "52#3",
     "52-1#2"
    ],
    "source": "자동 접속선(scripts/entrance_links.py, 수치지형도 1:1,000 건물·장애물 회피)",
    "kind": "footway",
    "costFactor": 1,
    "snap": 0.5,
    "link": 1.0,
    "length_m": 1.6,
    "straight_m": 1.6
   }
  },
  {
   "type": "Feature",
   "geometry": {
    "type": "LineString",
    "coordinates": [
     [
      126.953403,
      37.463617
     ],
     [
      126.9532435,
      37.4636902
     ],
     [
      126.9530287,
      37.4636812
     ],
     [
      126.9530191,
      37.4636751
     ]
    ]
   },
   "properties": {
    "type": "path",
    "role": "entrance_link",
    "building": "52",
    "entrances": [
     "52#4"
    ],
    "source": "자동 접속선(scripts/entrance_links.py, 수치지형도 1:1,000 건물·장애물 회피)",
    "kind": "footway",
    "costFactor": 1,
    "snap": 0.5,
    "link": 1.0,
    "length_m": 36.4,
    "straight_m": 34.6,
    "detour": true,
    "max_grade": 14,
    "check": [
     "long"
    ]
   }
  },
  {
   "type": "Feature",
   "geometry": {
    "type": "LineString",
    "coordinates": [
     [
      126.953403,
      37.463617
     ],
     [
      126.9532435,
      37.4636902
     ],
     [
      126.9528495,
      37.4637234
     ]
    ]
   },
   "properties": {
    "type": "path",
    "role": "entrance_link",
    "building": "52",
    "entrances": [
     "52#4"
    ],
    "source": "자동 접속선(scripts/entrance_links.py, 수치지형도 1:1,000 건물·장애물 회피)",
    "kind": "footway",
    "costFactor": 1,
    "snap": 0.5,
    "link": 1.0,
    "length_m": 51.3,
    "straight_m": 50.4,
    "detour": true,
    "max_grade": 14,
    "check": [
     "long"
    ]
   }
  },
  {
   "type": "Feature",
   "geometry": {
    "type": "LineString",
    "coordinates": [
     [
      126.953403,
      37.463617
     ],
     [
      126.9532435,
      37.4636902
     ],
     [
      126.9530118,
      37.4637128
     ],
     [
      126.9528794,
      37.4638193
     ]
    ]
   },
   "properties": {
    "type": "path",
    "role": "entrance_link",
    "building": "52",
    "entrances": [
     "52#4"
    ],
    "source": "자동 접속선(scripts/entrance_links.py, 수치지형도 1:1,000 건물·장애물 회피)",
    "kind": "footway",
    "costFactor": 1,
    "snap": 0.5,
    "link": 1.0,
    "length_m": 53.6,
    "straight_m": 51.5,
    "detour": true,
    "max_grade": 14,
    "check": [
     "long"
    ]
   }
  },
  {
   "type": "Feature",
   "geometry": {
    "type": "LineString",
    "coordinates": [
     [
      126.9530399,
      37.4639826
     ],
     [
      126.953094,
      37.4639297
     ]
    ]
   },
   "properties": {
    "type": "path",
    "role": "entrance_link",
    "building": "52-2",
    "entrances": [
     "52-2#a1",
     "207#a1"
    ],
    "source": "자동 접속선(scripts/entrance_links.py, 수치지형도 1:1,000 건물·장애물 회피)",
    "kind": "footway",
    "costFactor": 1,
    "snap": 0.5,
    "link": 1.0,
    "length_m": 7.6,
    "straight_m": 7.6
   }
  },
  {
   "type": "Feature",
   "geometry": {
    "type": "LineString",
    "coordinates": [
     [
      126.953126,
      37.465316
     ],
     [
      126.9532198,
      37.4653155
     ]
    ]
   },
   "properties": {
    "type": "path",
    "role": "entrance_link",
    "building": "57",
    "entrances": [
     "57#1"
    ],
    "source": "자동 접속선(scripts/entrance_links.py, 수치지형도 1:1,000 건물·장애물 회피)",
    "kind": "footway",
    "costFactor": 1,
    "snap": 0.5,
    "link": 1.0,
    "length_m": 8.3,
    "straight_m": 8.3,
    "max_grade": 14
   }
  },
  {
   "type": "Feature",
   "geometry": {
    "type": "LineString",
    "coordinates": [
     [
      126.953126,
      37.465316
     ],
     [
      126.9531844,
      37.4652442
     ]
    ]
   },
   "properties": {
    "type": "path",
    "role": "entrance_link",
    "building": "57",
    "entrances": [
     "57#1"
    ],
    "source": "자동 접속선(scripts/entrance_links.py, 수치지형도 1:1,000 건물·장애물 회피)",
    "kind": "footway",
    "costFactor": 1,
    "snap": 0.5,
    "link": 1.0,
    "length_m": 9.5,
    "straight_m": 9.5,
    "max_grade": 8
   }
  },
  {
   "type": "Feature",
   "geometry": {
    "type": "LineString",
    "coordinates": [
     [
      126.953243,
      37.465382
     ],
     [
      126.9532432,
      37.4653819
     ]
    ]
   },
   "properties": {
    "type": "path",
    "role": "entrance_link",
    "building": "57",
    "entrances": [
     "57#2"
    ],
    "source": "자동 접속선(scripts/entrance_links.py, 수치지형도 1:1,000 건물·장애물 회피)",
    "kind": "footway",
    "costFactor": 1,
    "snap": 0.5,
    "link": 1.0,
    "length_m": 0.0,
    "straight_m": 0.0,
    "door_depth_m": 1.6
   }
  },
  {
   "type": "Feature",
   "geometry": {
    "type": "LineString",
    "coordinates": [
     [
      126.953165,
      37.4658393
     ],
     [
      126.9531518,
      37.4660736
     ]
    ]
   },
   "properties": {
    "type": "path",
    "role": "entrance_link",
    "building": "57",
    "entrances": [
     "57#a1"
    ],
    "source": "자동 접속선(scripts/entrance_links.py, 수치지형도 1:1,000 건물·장애물 회피)",
    "kind": "footway",
    "costFactor": 1,
    "snap": 0.5,
    "link": 1.0,
    "length_m": 26.0,
    "straight_m": 26.0,
    "max_grade": 7,
    "check": [
     "long"
    ]
   }
  },
  {
   "type": "Feature",
   "geometry": {
    "type": "LineString",
    "coordinates": [
     [
      126.953165,
      37.4658393
     ],
     [
      126.9531643,
      37.4658527
     ],
     [
      126.95317,
      37.4658572
     ],
     [
      126.9535656,
      37.4659743
     ],
     [
      126.9535761,
      37.4659773
     ]
    ]
   },
   "properties": {
    "type": "path",
    "role": "entrance_link",
    "building": "57",
    "entrances": [
     "57#a1"
    ],
    "source": "자동 접속선(scripts/entrance_links.py, 수치지형도 1:1,000 건물·장애물 회피)",
    "kind": "footway",
    "costFactor": 1,
    "snap": 0.5,
    "link": 1.0,
    "length_m": 40.5,
    "straight_m": 39.5,
    "detour": true,
    "max_grade": 11,
    "check": [
     "long"
    ]
   }
  },
  {
   "type": "Feature",
   "geometry": {
    "type": "LineString",
    "coordinates": [
     [
      126.9517366,
      37.4652503
     ],
     [
      126.9513864,
      37.4652492
     ]
    ]
   },
   "properties": {
    "type": "path",
    "role": "entrance_link",
    "building": "58",
    "entrances": [
     "58#1"
    ],
    "source": "자동 접속선(scripts/entrance_links.py, 수치지형도 1:1,000 건물·장애물 회피)",
    "kind": "footway",
    "costFactor": 1,
    "snap": 0.5,
    "link": 1.0,
    "length_m": 31.0,
    "straight_m": 31.0,
    "max_grade": 2,
    "check": [
     "long"
    ]
   }
  },
  {
   "type": "Feature",
   "geometry": {
    "type": "LineString",
    "coordinates": [
     [
      126.9517366,
      37.4652503
     ],
     [
      126.9513941,
      37.465324
     ]
    ]
   },
   "properties": {
    "type": "path",
    "role": "entrance_link",
    "building": "58",
    "entrances": [
     "58#1"
    ],
    "source": "자동 접속선(scripts/entrance_links.py, 수치지형도 1:1,000 건물·장애물 회피)",
    "kind": "footway",
    "costFactor": 1,
    "snap": 0.5,
    "link": 1.0,
    "length_m": 31.4,
    "straight_m": 31.4,
    "max_grade": 2,
    "check": [
     "long"
    ]
   }
  },
  {
   "type": "Feature",
   "geometry": {
    "type": "LineString",
    "coordinates": [
     [
      126.9517366,
      37.4652503
     ],
     [
      126.9513841,
      37.4651499
     ],
     [
      126.9513754,
      37.4651433
     ]
    ]
   },
   "properties": {
    "type": "path",
    "role": "entrance_link",
    "building": "58",
    "entrances": [
     "58#1"
    ],
    "source": "자동 접속선(scripts/entrance_links.py, 수치지형도 1:1,000 건물·장애물 회피)",
    "kind": "footway",
    "costFactor": 1,
    "snap": 0.5,
    "link": 1.0,
    "length_m": 34.2,
    "straight_m": 34.1,
    "detour": true,
    "max_grade": 2,
    "check": [
     "long"
    ]
   }
  },
  {
   "type": "Feature",
   "geometry": {
    "type": "LineString",
    "coordinates": [
     [
      126.9517366,
      37.4652503
     ],
     [
      126.9514137,
      37.4655369
     ]
    ]
   },
   "properties": {
    "type": "path",
    "role": "entrance_link",
    "building": "58",
    "entrances": [
     "58#1"
    ],
    "source": "자동 접속선(scripts/entrance_links.py, 수치지형도 1:1,000 건물·장애물 회피)",
    "kind": "footway",
    "costFactor": 1,
    "snap": 0.5,
    "link": 1.0,
    "length_m": 42.8,
    "straight_m": 42.8,
    "max_grade": 4,
    "check": [
     "long"
    ]
   }
  },
  {
   "type": "Feature",
   "geometry": {
    "type": "LineString",
    "coordinates": [
     [
      126.951757,
      37.465622
     ],
     [
      126.9515072,
      37.4657044
     ]
    ]
   },
   "properties": {
    "type": "path",
    "role": "entrance_link",
    "building": "58",
    "entrances": [
     "58#2"
    ],
    "source": "자동 접속선(scripts/entrance_links.py, 수치지형도 1:1,000 건물·장애물 회피)",
    "kind": "footway",
    "costFactor": 1,
    "snap": 0.5,
    "link": 1.0,
    "length_m": 23.9,
    "straight_m": 23.9,
    "max_grade": 4
   }
  },
  {
   "type": "Feature",
   "geometry": {
    "type": "LineString",
    "coordinates": [
     [
      126.951757,
      37.465622
     ],
     [
      126.9514478,
      37.465623
     ]
    ]
   },
   "properties": {
    "type": "path",
    "role": "entrance_link",
    "building": "58",
    "entrances": [
     "58#2"
    ],
    "source": "자동 접속선(scripts/entrance_links.py, 수치지형도 1:1,000 건물·장애물 회피)",
    "kind": "footway",
    "costFactor": 1,
    "snap": 0.5,
    "link": 1.0,
    "length_m": 27.4,
    "straight_m": 27.4,
    "max_grade": 4,
    "check": [
     "long"
    ]
   }
  },
  {
   "type": "Feature",
   "geometry": {
    "type": "LineString",
    "coordinates": [
     [
      126.951757,
      37.465622
     ],
     [
      126.9515332,
      37.4658008
     ]
    ]
   },
   "properties": {
    "type": "path",
    "role": "entrance_link",
    "building": "58",
    "entrances": [
     "58#2"
    ],
    "source": "자동 접속선(scripts/entrance_links.py, 수치지형도 1:1,000 건물·장애물 회피)",
    "kind": "footway",
    "costFactor": 1,
    "snap": 0.5,
    "link": 1.0,
    "length_m": 28.0,
    "straight_m": 28.0,
    "max_grade": 5,
    "check": [
     "long"
    ]
   }
  },
  {
   "type": "Feature",
   "geometry": {
    "type": "LineString",
    "coordinates": [
     [
      126.951757,
      37.465622
     ],
     [
      126.9516412,
      37.4658848
     ]
    ]
   },
   "properties": {
    "type": "path",
    "role": "entrance_link",
    "building": "58",
    "entrances": [
     "58#2"
    ],
    "source": "자동 접속선(scripts/entrance_links.py, 수치지형도 1:1,000 건물·장애물 회피)",
    "kind": "footway",
    "costFactor": 1,
    "snap": 0.5,
    "link": 1.0,
    "length_m": 30.9,
    "straight_m": 30.9,
    "max_grade": 3,
    "check": [
     "long"
    ]
   }
  },
  {
   "type": "Feature",
   "geometry": {
    "type": "LineString",
    "coordinates": [
     [
      126.951977,
      37.465382
     ],
     [
      126.9524865,
      37.4653748
     ]
    ]
   },
   "properties": {
    "type": "path",
    "role": "entrance_link",
    "building": "58",
    "entrances": [
     "58#3"
    ],
    "source": "자동 접속선(scripts/entrance_links.py, 수치지형도 1:1,000 건물·장애물 회피)",
    "kind": "footway",
    "costFactor": 1,
    "snap": 0.5,
    "link": 1.0,
    "length_m": 45.1,
    "straight_m": 45.1,
    "max_grade": 2,
    "door_depth_m": 1.6,
    "check": [
     "long"
    ]
   }
  },
  {
   "type": "Feature",
   "geometry": {
    "type": "LineString",
    "coordinates": [
     [
      126.951977,
      37.465382
     ],
     [
      126.9525041,
      37.4654909
     ]
    ]
   },
   "properties": {
    "type": "path",
    "role": "entrance_link",
    "building": "58",
    "entrances": [
     "58#3"
    ],
    "source": "자동 접속선(scripts/entrance_links.py, 수치지형도 1:1,000 건물·장애물 회피)",
    "kind": "footway",
    "costFactor": 1,
    "snap": 0.5,
    "link": 1.0,
    "length_m": 48.2,
    "straight_m": 48.2,
    "max_grade": 2,
    "door_depth_m": 1.6,
    "check": [
     "long"
    ]
   }
  },
  {
   "type": "Feature",
   "geometry": {
    "type": "LineString",
    "coordinates": [
     [
      126.951977,
      37.465382
     ],
     [
      126.9524762,
      37.4651746
     ]
    ]
   },
   "properties": {
    "type": "path",
    "role": "entrance_link",
    "building": "58",
    "entrances": [
     "58#3"
    ],
    "source": "자동 접속선(scripts/entrance_links.py, 수치지형도 1:1,000 건물·장애물 회피)",
    "kind": "footway",
    "costFactor": 1,
    "snap": 0.5,
    "link": 1.0,
    "length_m": 49.8,
    "straight_m": 49.8,
    "max_grade": 2,
    "door_depth_m": 1.6,
    "check": [
     "long"
    ]
   }
  },
  {
   "type": "Feature",
   "geometry": {
    "type": "LineString",
    "coordinates": [
     [
      126.952024,
      37.465595
     ],
     [
      126.9521132,
      37.4655508
     ],
     [
      126.9525034,
      37.465487
     ]
    ]
   },
   "properties": {
    "type": "path",
    "role": "entrance_link",
    "building": "58",
    "entrances": [
     "58#4"
    ],
    "source": "자동 접속선(scripts/entrance_links.py, 수치지형도 1:1,000 건물·장애물 회피)",
    "kind": "footway",
    "costFactor": 1,
    "snap": 0.5,
    "link": 1.0,
    "length_m": 44.5,
    "straight_m": 44.1,
    "detour": true,
    "max_grade": 2,
    "door_depth_m": 7.0,
    "check": [
     "long",
     "deep"
    ]
   }
  },
  {
   "type": "Feature",
   "geometry": {
    "type": "LineString",
    "coordinates": [
     [
      126.952024,
      37.465595
     ],
     [
      126.9521132,
      37.4655508
     ],
     [
      126.9524897,
      37.465411
     ]
    ]
   },
   "properties": {
    "type": "path",
    "role": "entrance_link",
    "building": "58",
    "entrances": [
     "58#4"
    ],
    "source": "자동 접속선(scripts/entrance_links.py, 수치지형도 1:1,000 건물·장애물 회피)",
    "kind": "footway",
    "costFactor": 1,
    "snap": 0.5,
    "link": 1.0,
    "length_m": 46.0,
    "straight_m": 46.0,
    "detour": true,
    "max_grade": 2,
    "door_depth_m": 7.0,
    "check": [
     "long",
     "deep"
    ]
   }
  },
  {
   "type": "Feature",
   "geometry": {
    "type": "LineString",
    "coordinates": [
     [
      126.952024,
      37.465595
     ],
     [
      126.9520906,
      37.4655418
     ],
     [
      126.9524762,
      37.4651746
     ]
    ]
   },
   "properties": {
    "type": "path",
    "role": "entrance_link",
    "building": "58",
    "entrances": [
     "58#4"
    ],
    "source": "자동 접속선(scripts/entrance_links.py, 수치지형도 1:1,000 건물·장애물 회피)",
    "kind": "footway",
    "costFactor": 1,
    "snap": 0.5,
    "link": 1.0,
    "length_m": 61.5,
    "straight_m": 61.5,
    "detour": true,
    "max_grade": 1,
    "door_depth_m": 7.0,
    "check": [
     "long",
     "deep"
    ]
   }
  },
  {
   "type": "Feature",
   "geometry": {
    "type": "LineString",
    "coordinates": [
     [
      126.952679,
      37.465551
     ],
     [
      126.9527122,
      37.4655328
     ],
     [
      126.952734,
      37.4655326
     ]
    ]
   },
   "properties": {
    "type": "path",
    "role": "entrance_link",
    "building": "58",
    "entrances": [
     "58#5"
    ],
    "source": "자동 접속선(scripts/entrance_links.py, 수치지형도 1:1,000 건물·장애물 회피)",
    "kind": "footway",
    "costFactor": 1,
    "snap": 0.5,
    "link": 1.0,
    "length_m": 5.5,
    "straight_m": 5.3,
    "detour": true,
    "door_depth_m": 2.2
   }
  },
  {
   "type": "Feature",
   "geometry": {
    "type": "LineString",
    "coordinates": [
     [
      126.952679,
      37.465551
     ],
     [
      126.952667,
      37.4655238
     ],
     [
      126.9526614,
      37.4655193
     ],
     [
      126.9525034,
      37.465487
     ]
    ]
   },
   "properties": {
    "type": "path",
    "role": "entrance_link",
    "building": "58",
    "entrances": [
     "58#5"
    ],
    "source": "자동 접속선(scripts/entrance_links.py, 수치지형도 1:1,000 건물·장애물 회피)",
    "kind": "footway",
    "costFactor": 1,
    "snap": 0.5,
    "link": 1.0,
    "length_m": 18.3,
    "straight_m": 17.1,
    "detour": true,
    "max_grade": 0,
    "door_depth_m": 2.2
   }
  },
  {
   "type": "Feature",
   "geometry": {
    "type": "LineString",
    "coordinates": [
     [
      126.952843,
      37.465156
     ],
     [
      126.9528436,
      37.4651466
     ]
    ]
   },
   "properties": {
    "type": "path",
    "role": "entrance_link",
    "building": "59",
    "entrances": [
     "59#1"
    ],
    "source": "자동 접속선(scripts/entrance_links.py, 수치지형도 1:1,000 건물·장애물 회피)",
    "kind": "footway",
    "costFactor": 1,
    "snap": 0.5,
    "link": 1.0,
    "length_m": 1.0,
    "straight_m": 1.0
   }
  },
  {
   "type": "Feature",
   "geometry": {
    "type": "LineString",
    "coordinates": [
     [
      126.952929,
      37.465123
     ],
     [
      126.9529303,
      37.4651382
     ]
    ]
   },
   "properties": {
    "type": "path",
    "role": "entrance_link",
    "building": "59",
    "entrances": [
     "59#3"
    ],
    "source": "자동 접속선(scripts/entrance_links.py, 수치지형도 1:1,000 건물·장애물 회피)",
    "kind": "footway",
    "costFactor": 1,
    "snap": 0.5,
    "link": 1.0,
    "length_m": 1.7,
    "straight_m": 1.7
   }
  },
  {
   "type": "Feature",
   "geometry": {
    "type": "LineString",
    "coordinates": [
     [
      126.953195,
      37.464837
     ],
     [
      126.9532037,
      37.4648388
     ]
    ]
   },
   "properties": {
    "type": "path",
    "role": "entrance_link",
    "building": "59",
    "entrances": [
     "59#4"
    ],
    "source": "자동 접속선(scripts/entrance_links.py, 수치지형도 1:1,000 건물·장애물 회피)",
    "kind": "footway",
    "costFactor": 1,
    "snap": 0.5,
    "link": 1.0,
    "length_m": 0.8,
    "straight_m": 0.8
   }
  },
  {
   "type": "Feature",
   "geometry": {
    "type": "LineString",
    "coordinates": [
     [
      126.952746,
      37.4649935
     ],
     [
      126.9526497,
      37.4649923
     ]
    ]
   },
   "properties": {
    "type": "path",
    "role": "entrance_link",
    "building": "59",
    "entrances": [
     "59#a1"
    ],
    "source": "자동 접속선(scripts/entrance_links.py, 수치지형도 1:1,000 건물·장애물 회피)",
    "kind": "footway",
    "costFactor": 1,
    "snap": 0.5,
    "link": 1.0,
    "length_m": 8.5,
    "straight_m": 8.5,
    "max_grade": 2
   }
  },
  {
   "type": "Feature",
   "geometry": {
    "type": "LineString",
    "coordinates": [
     [
      126.952746,
      37.4649935
     ],
     [
      126.9527066,
      37.4649922
     ],
     [
      126.9527009,
      37.4649967
     ],
     [
      126.9526875,
      37.4651054
     ]
    ]
   },
   "properties": {
    "type": "path",
    "role": "entrance_link",
    "building": "59",
    "entrances": [
     "59#a1"
    ],
    "source": "자동 접속선(scripts/entrance_links.py, 수치지형도 1:1,000 건물·장애물 회피)",
    "kind": "footway",
    "costFactor": 1,
    "snap": 0.5,
    "link": 1.0,
    "length_m": 16.3,
    "straight_m": 13.5,
    "detour": true,
    "max_grade": 14
   }
  },
  {
   "type": "Feature",
   "geometry": {
    "type": "LineString",
    "coordinates": [
     [
      126.952746,
      37.4649935
     ],
     [
      126.952646,
      37.4648347
     ]
    ]
   },
   "properties": {
    "type": "path",
    "role": "entrance_link",
    "building": "59",
    "entrances": [
     "59#a1"
    ],
    "source": "자동 접속선(scripts/entrance_links.py, 수치지형도 1:1,000 건물·장애물 회피)",
    "kind": "footway",
    "costFactor": 1,
    "snap": 0.5,
    "link": 1.0,
    "length_m": 19.7,
    "straight_m": 19.7,
    "max_grade": 11
   }
  },
  {
   "type": "Feature",
   "geometry": {
    "type": "LineString",
    "coordinates": [
     [
      126.952746,
      37.4649935
     ],
     [
      126.9527456,
      37.4647758
     ]
    ]
   },
   "properties": {
    "type": "path",
    "role": "entrance_link",
    "building": "59",
    "entrances": [
     "59#a1"
    ],
    "source": "자동 접속선(scripts/entrance_links.py, 수치지형도 1:1,000 건물·장애물 회피)",
    "kind": "footway",
    "costFactor": 1,
    "snap": 0.5,
    "link": 1.0,
    "length_m": 24.2,
    "straight_m": 24.2,
    "max_grade": 14
   }
  },
  {
   "type": "Feature",
   "geometry": {
    "type": "LineString",
    "coordinates": [
     [
      126.9541362,
      37.4566339
     ],
     [
      126.9541295,
      37.4565585
     ]
    ]
   },
   "properties": {
    "type": "path",
    "role": "entrance_link",
    "building": "66",
    "entrances": [
     "66#a1"
    ],
    "source": "자동 접속선(scripts/entrance_links.py, 수치지형도 1:1,000 건물·장애물 회피)",
    "kind": "footway",
    "costFactor": 1,
    "snap": 0.5,
    "link": 1.0,
    "length_m": 8.4,
    "straight_m": 8.4,
    "max_grade": 7,
    "door_depth_m": 0.1
   }
  },
  {
   "type": "Feature",
   "geometry": {
    "type": "LineString",
    "coordinates": [
     [
      126.9541362,
      37.4566339
     ],
     [
      126.954385,
      37.45663
     ]
    ]
   },
   "properties": {
    "type": "path",
    "role": "entrance_link",
    "building": "66",
    "entrances": [
     "66#a1"
    ],
    "source": "자동 접속선(scripts/entrance_links.py, 수치지형도 1:1,000 건물·장애물 회피)",
    "kind": "footway",
    "costFactor": 1,
    "snap": 0.5,
    "link": 1.0,
    "length_m": 22.0,
    "straight_m": 22.0,
    "max_grade": 2,
    "door_depth_m": 0.1
   }
  },
  {
   "type": "Feature",
   "geometry": {
    "type": "LineString",
    "coordinates": [
     [
      126.9545024,
      37.4566826
     ],
     [
      126.9543967,
      37.4566811
     ]
    ]
   },
   "properties": {
    "type": "path",
    "role": "entrance_link",
    "building": "66",
    "entrances": [
     "66#a2"
    ],
    "source": "자동 접속선(scripts/entrance_links.py, 수치지형도 1:1,000 건물·장애물 회피)",
    "kind": "footway",
    "costFactor": 1,
    "snap": 0.5,
    "link": 1.0,
    "length_m": 9.4,
    "straight_m": 9.4,
    "max_grade": 0
   }
  },
  {
   "type": "Feature",
   "geometry": {
    "type": "LineString",
    "coordinates": [
     [
      126.9545024,
      37.4566826
     ],
     [
      126.9544206,
      37.456751
     ]
    ]
   },
   "properties": {
    "type": "path",
    "role": "entrance_link",
    "building": "66",
    "entrances": [
     "66#a2"
    ],
    "source": "자동 접속선(scripts/entrance_links.py, 수치지형도 1:1,000 건물·장애물 회피)",
    "kind": "footway",
    "costFactor": 1,
    "snap": 0.5,
    "link": 1.0,
    "length_m": 10.5,
    "straight_m": 10.5,
    "max_grade": 5
   }
  },
  {
   "type": "Feature",
   "geometry": {
    "type": "LineString",
    "coordinates": [
     [
      126.9545024,
      37.4566826
     ],
     [
      126.954515,
      37.45682
     ],
     [
      126.954539,
      37.4568473
     ]
    ]
   },
   "properties": {
    "type": "path",
    "role": "entrance_link",
    "building": "66",
    "entrances": [
     "66#a2"
    ],
    "source": "자동 접속선(scripts/entrance_links.py, 수치지형도 1:1,000 건물·장애물 회피)",
    "kind": "footway",
    "costFactor": 1,
    "snap": 0.5,
    "link": 1.0,
    "length_m": 19.0,
    "straight_m": 18.6,
    "detour": true,
    "max_grade": 7
   }
  },
  {
   "type": "Feature",
   "geometry": {
    "type": "LineString",
    "coordinates": [
     [
      126.9545024,
      37.4566826
     ],
     [
      126.9543596,
      37.4565199
     ]
    ]
   },
   "properties": {
    "type": "path",
    "role": "entrance_link",
    "building": "66",
    "entrances": [
     "66#a2"
    ],
    "source": "자동 접속선(scripts/entrance_links.py, 수치지형도 1:1,000 건물·장애물 회피)",
    "kind": "footway",
    "costFactor": 1,
    "snap": 0.5,
    "link": 1.0,
    "length_m": 22.0,
    "straight_m": 22.0,
    "max_grade": 7
   }
  },
  {
   "type": "Feature",
   "geometry": {
    "type": "LineString",
    "coordinates": [
     [
      126.9545443,
      37.4564546
     ],
     [
      126.954422,
      37.4563521
     ]
    ]
   },
   "properties": {
    "type": "path",
    "role": "entrance_link",
    "building": "66",
    "entrances": [
     "66#a3"
    ],
    "source": "자동 접속선(scripts/entrance_links.py, 수치지형도 1:1,000 건물·장애물 회피)",
    "kind": "footway",
    "costFactor": 1,
    "snap": 0.5,
    "link": 1.0,
    "length_m": 15.7,
    "straight_m": 15.7,
    "max_grade": 7
   }
  },
  {
   "type": "Feature",
   "geometry": {
    "type": "LineString",
    "coordinates": [
     [
      126.9545443,
      37.4564546
     ],
     [
      126.9543448,
      37.456456
     ]
    ]
   },
   "properties": {
    "type": "path",
    "role": "entrance_link",
    "building": "66",
    "entrances": [
     "66#a3"
    ],
    "source": "자동 접속선(scripts/entrance_links.py, 수치지형도 1:1,000 건물·장애물 회피)",
    "kind": "footway",
    "costFactor": 1,
    "snap": 0.5,
    "link": 1.0,
    "length_m": 17.7,
    "straight_m": 17.7,
    "max_grade": 2
   }
  },
  {
   "type": "Feature",
   "geometry": {
    "type": "LineString",
    "coordinates": [
     [
      126.9545443,
      37.4564546
     ],
     [
      126.9544585,
      37.4564596
     ],
     [
      126.9543625,
      37.4565325
     ]
    ]
   },
   "properties": {
    "type": "path",
    "role": "entrance_link",
    "building": "66",
    "entrances": [
     "66#a3"
    ],
    "source": "자동 접속선(scripts/entrance_links.py, 수치지형도 1:1,000 건물·장애물 회피)",
    "kind": "footway",
    "costFactor": 1,
    "snap": 0.5,
    "link": 1.0,
    "length_m": 19.3,
    "straight_m": 18.3,
    "detour": true,
    "max_grade": 3
   }
  },
  {
   "type": "Feature",
   "geometry": {
    "type": "LineString",
    "coordinates": [
     [
      126.9545443,
      37.4564546
     ],
     [
      126.9546394,
      37.4564416
     ],
     [
      126.9548718,
      37.456417
     ]
    ]
   },
   "properties": {
    "type": "path",
    "role": "entrance_link",
    "building": "66",
    "entrances": [
     "66#a3"
    ],
    "source": "자동 접속선(scripts/entrance_links.py, 수치지형도 1:1,000 건물·장애물 회피)",
    "kind": "footway",
    "costFactor": 1,
    "snap": 0.5,
    "link": 1.0,
    "length_m": 29.3,
    "straight_m": 29.3,
    "detour": true,
    "max_grade": 2,
    "check": [
     "long"
    ]
   }
  },
  {
   "type": "Feature",
   "geometry": {
    "type": "LineString",
    "coordinates": [
     [
      126.952705,
      37.466977
     ],
     [
      126.952764,
      37.4669899
     ]
    ]
   },
   "properties": {
    "type": "path",
    "role": "entrance_link",
    "building": "71",
    "entrances": [
     "71#1"
    ],
    "source": "자동 접속선(scripts/entrance_links.py, 수치지형도 1:1,000 건물·장애물 회피)",
    "kind": "footway",
    "costFactor": 1,
    "snap": 0.5,
    "link": 1.0,
    "length_m": 5.4,
    "straight_m": 5.4
   }
  },
  {
   "type": "Feature",
   "geometry": {
    "type": "LineString",
    "coordinates": [
     [
      126.9519933,
      37.4672686
     ],
     [
      126.9519203,
      37.4672474
     ]
    ]
   },
   "properties": {
    "type": "path",
    "role": "entrance_link",
    "building": "71",
    "entrances": [
     "71#a1"
    ],
    "source": "자동 접속선(scripts/entrance_links.py, 수치지형도 1:1,000 건물·장애물 회피)",
    "kind": "footway",
    "costFactor": 1,
    "snap": 0.5,
    "link": 1.0,
    "length_m": 6.9,
    "straight_m": 6.9,
    "max_grade": 10
   }
  },
  {
   "type": "Feature",
   "geometry": {
    "type": "LineString",
    "coordinates": [
     [
      126.9519933,
      37.4672686
     ],
     [
      126.9518366,
      37.4672886
     ]
    ]
   },
   "properties": {
    "type": "path",
    "role": "entrance_link",
    "building": "71",
    "entrances": [
     "71#a1"
    ],
    "source": "자동 접속선(scripts/entrance_links.py, 수치지형도 1:1,000 건물·장애물 회피)",
    "kind": "footway",
    "costFactor": 1,
    "snap": 0.5,
    "link": 1.0,
    "length_m": 14.0,
    "straight_m": 14.0,
    "max_grade": 4
   }
  },
  {
   "type": "Feature",
   "geometry": {
    "type": "LineString",
    "coordinates": [
     [
      126.9524317,
      37.4680013
     ],
     [
      126.952424,
      37.4680241
     ],
     [
      126.9524214,
      37.4680788
     ]
    ]
   },
   "properties": {
    "type": "path",
    "role": "entrance_link",
    "building": "71",
    "entrances": [
     "71#a2"
    ],
    "source": "자동 접속선(scripts/entrance_links.py, 수치지형도 1:1,000 건물·장애물 회피)",
    "kind": "footway",
    "costFactor": 1,
    "snap": 0.5,
    "link": 1.0,
    "length_m": 8.7,
    "straight_m": 8.7,
    "detour": true,
    "max_grade": 4
   }
  },
  {
   "type": "Feature",
   "geometry": {
    "type": "LineString",
    "coordinates": [
     [
      126.9524317,
      37.4680013
     ],
     [
      126.952262,
      37.4680287
     ]
    ]
   },
   "properties": {
    "type": "path",
    "role": "entrance_link",
    "building": "71",
    "entrances": [
     "71#a2"
    ],
    "source": "자동 접속선(scripts/entrance_links.py, 수치지형도 1:1,000 건물·장애물 회피)",
    "kind": "footway",
    "costFactor": 1,
    "snap": 0.5,
    "link": 1.0,
    "length_m": 15.3,
    "straight_m": 15.3,
    "max_grade": 4
   }
  },
  {
   "type": "Feature",
   "geometry": {
    "type": "LineString",
    "coordinates": [
     [
      126.9529494,
      37.4664766
     ],
     [
      126.9530009,
      37.4664762
     ]
    ]
   },
   "properties": {
    "type": "path",
    "role": "entrance_link",
    "building": "71-1",
    "entrances": [
     "71-1#a1"
    ],
    "source": "자동 접속선(scripts/entrance_links.py, 수치지형도 1:1,000 건물·장애물 회피)",
    "kind": "footway",
    "costFactor": 1,
    "snap": 0.5,
    "link": 1.0,
    "length_m": 4.6,
    "straight_m": 4.6
   }
  },
  {
   "type": "Feature",
   "geometry": {
    "type": "LineString",
    "coordinates": [
     [
      126.9525403,
      37.4662351
     ],
     [
      126.9523785,
      37.4662294
     ]
    ]
   },
   "properties": {
    "type": "path",
    "role": "entrance_link",
    "building": "71-1",
    "entrances": [
     "71-1#a2"
    ],
    "source": "자동 접속선(scripts/entrance_links.py, 수치지형도 1:1,000 건물·장애물 회피)",
    "kind": "footway",
    "costFactor": 1,
    "snap": 0.5,
    "link": 1.0,
    "length_m": 14.3,
    "straight_m": 14.3,
    "max_grade": 5
   }
  },
  {
   "type": "Feature",
   "geometry": {
    "type": "LineString",
    "coordinates": [
     [
      126.9525403,
      37.4662351
     ],
     [
      126.952445,
      37.4660818
     ]
    ]
   },
   "properties": {
    "type": "path",
    "role": "entrance_link",
    "building": "71-1",
    "entrances": [
     "71-1#a2"
    ],
    "source": "자동 접속선(scripts/entrance_links.py, 수치지형도 1:1,000 건물·장애물 회피)",
    "kind": "footway",
    "costFactor": 1,
    "snap": 0.5,
    "link": 1.0,
    "length_m": 19.0,
    "straight_m": 19.0,
    "max_grade": 6
   }
  },
  {
   "type": "Feature",
   "geometry": {
    "type": "LineString",
    "coordinates": [
     [
      126.9525403,
      37.4662351
     ],
     [
      126.9525432,
      37.4659802
     ]
    ]
   },
   "properties": {
    "type": "path",
    "role": "entrance_link",
    "building": "71-1",
    "entrances": [
     "71-1#a2"
    ],
    "source": "자동 접속선(scripts/entrance_links.py, 수치지형도 1:1,000 건물·장애물 회피)",
    "kind": "footway",
    "costFactor": 1,
    "snap": 0.5,
    "link": 1.0,
    "length_m": 28.3,
    "straight_m": 28.3,
    "max_grade": 2,
    "check": [
     "long"
    ]
   }
  },
  {
   "type": "Feature",
   "geometry": {
    "type": "LineString",
    "coordinates": [
     [
      126.9525403,
      37.4662351
     ],
     [
      126.9525766,
      37.4661185
     ],
     [
      126.9527193,
      37.4660006
     ]
    ]
   },
   "properties": {
    "type": "path",
    "role": "entrance_link",
    "building": "71-1",
    "entrances": [
     "71-1#a2"
    ],
    "source": "자동 접속선(scripts/entrance_links.py, 수치지형도 1:1,000 건물·장애물 회피)",
    "kind": "footway",
    "costFactor": 1,
    "snap": 0.5,
    "link": 1.0,
    "length_m": 31.5,
    "straight_m": 30.5,
    "detour": true,
    "max_grade": 0,
    "check": [
     "long"
    ]
   }
  },
  {
   "type": "Feature",
   "geometry": {
    "type": "LineString",
    "coordinates": [
     [
      126.9524612,
      37.4664892
     ],
     [
      126.9524297,
      37.4664744
     ],
     [
      126.9522711,
      37.4664681
     ]
    ]
   },
   "properties": {
    "type": "path",
    "role": "entrance_link",
    "building": "71-1",
    "entrances": [
     "71-1#a3"
    ],
    "source": "자동 접속선(scripts/entrance_links.py, 수치지형도 1:1,000 건물·장애물 회피)",
    "kind": "footway",
    "costFactor": 1,
    "snap": 0.5,
    "link": 1.0,
    "length_m": 17.3,
    "straight_m": 17.0,
    "detour": true,
    "max_grade": 5
   }
  },
  {
   "type": "Feature",
   "geometry": {
    "type": "LineString",
    "coordinates": [
     [
      126.952727,
      37.461948
     ],
     [
      126.9527167,
      37.4619831
     ]
    ]
   },
   "properties": {
    "type": "path",
    "role": "entrance_link",
    "building": "74",
    "entrances": [
     "74#1"
    ],
    "source": "자동 접속선(scripts/entrance_links.py, 수치지형도 1:1,000 건물·장애물 회피)",
    "kind": "footway",
    "costFactor": 1,
    "snap": 0.5,
    "link": 1.0,
    "length_m": 4.0,
    "straight_m": 4.0
   }
  },
  {
   "type": "Feature",
   "geometry": {
    "type": "LineString",
    "coordinates": [
     [
      126.952753,
      37.461755
     ],
     [
      126.9527774,
      37.4617305
     ]
    ]
   },
   "properties": {
    "type": "path",
    "role": "entrance_link",
    "building": "74",
    "entrances": [
     "74#2"
    ],
    "source": "자동 접속선(scripts/entrance_links.py, 수치지형도 1:1,000 건물·장애물 회피)",
    "kind": "footway",
    "costFactor": 1,
    "snap": 0.5,
    "link": 1.0,
    "length_m": 3.5,
    "straight_m": 3.5,
    "door_depth_m": 2.4
   }
  },
  {
   "type": "Feature",
   "geometry": {
    "type": "LineString",
    "coordinates": [
     [
      126.952806,
      37.462015
     ],
     [
      126.9527757,
      37.4620395
     ]
    ]
   },
   "properties": {
    "type": "path",
    "role": "entrance_link",
    "building": "74",
    "entrances": [
     "74#3"
    ],
    "source": "자동 접속선(scripts/entrance_links.py, 수치지형도 1:1,000 건물·장애물 회피)",
    "kind": "footway",
    "costFactor": 1,
    "snap": 0.5,
    "link": 1.0,
    "length_m": 3.8,
    "straight_m": 3.8
   }
  },
  {
   "type": "Feature",
   "geometry": {
    "type": "LineString",
    "coordinates": [
     [
      126.952964,
      37.461803
     ],
     [
      126.9529634,
      37.4618074
     ]
    ]
   },
   "properties": {
    "type": "path",
    "role": "entrance_link",
    "building": "74",
    "entrances": [
     "74#4"
    ],
    "source": "자동 접속선(scripts/entrance_links.py, 수치지형도 1:1,000 건물·장애물 회피)",
    "kind": "footway",
    "costFactor": 1,
    "snap": 0.5,
    "link": 1.0,
    "length_m": 0.5,
    "straight_m": 0.5
   }
  },
  {
   "type": "Feature",
   "geometry": {
    "type": "LineString",
    "coordinates": [
     [
      126.953089,
      37.461855
     ],
     [
      126.9531052,
      37.4617799
     ]
    ]
   },
   "properties": {
    "type": "path",
    "role": "entrance_link",
    "building": "74",
    "entrances": [
     "74#5"
    ],
    "source": "자동 접속선(scripts/entrance_links.py, 수치지형도 1:1,000 건물·장애물 회피)",
    "kind": "footway",
    "costFactor": 1,
    "snap": 0.5,
    "link": 1.0,
    "length_m": 8.5,
    "straight_m": 8.5,
    "door_depth_m": 10.7,
    "check": [
     "deep"
    ]
   }
  },
  {
   "type": "Feature",
   "geometry": {
    "type": "LineString",
    "coordinates": [
     [
      126.953089,
      37.461855
     ],
     [
      126.9529778,
      37.4618161
     ],
     [
      126.9529693,
      37.4618098
     ]
    ]
   },
   "properties": {
    "type": "path",
    "role": "entrance_link",
    "building": "74",
    "entrances": [
     "74#5"
    ],
    "source": "자동 접속선(scripts/entrance_links.py, 수치지형도 1:1,000 건물·장애물 회피)",
    "kind": "footway",
    "costFactor": 1,
    "snap": 0.5,
    "link": 1.0,
    "length_m": 11.8,
    "straight_m": 11.7,
    "detour": true,
    "door_depth_m": 10.7,
    "check": [
     "deep"
    ]
   }
  },
  {
   "type": "Feature",
   "geometry": {
    "type": "LineString",
    "coordinates": [
     [
      126.953245,
      37.462035
     ],
     [
      126.9532445,
      37.4621406
     ]
    ]
   },
   "properties": {
    "type": "path",
    "role": "entrance_link",
    "building": "74",
    "entrances": [
     "74#6"
    ],
    "source": "자동 접속선(scripts/entrance_links.py, 수치지형도 1:1,000 건물·장애물 회피)",
    "kind": "footway",
    "costFactor": 1,
    "snap": 0.5,
    "link": 1.0,
    "length_m": 11.7,
    "straight_m": 11.7,
    "max_grade": 0
   }
  },
  {
   "type": "Feature",
   "geometry": {
    "type": "LineString",
    "coordinates": [
     [
      126.953245,
      37.462035
     ],
     [
      126.953335,
      37.4621275
     ]
    ]
   },
   "properties": {
    "type": "path",
    "role": "entrance_link",
    "building": "74",
    "entrances": [
     "74#6"
    ],
    "source": "자동 접속선(scripts/entrance_links.py, 수치지형도 1:1,000 건물·장애물 회피)",
    "kind": "footway",
    "costFactor": 1,
    "snap": 0.5,
    "link": 1.0,
    "length_m": 13.0,
    "straight_m": 13.0,
    "max_grade": 1
   }
  },
  {
   "type": "Feature",
   "geometry": {
    "type": "LineString",
    "coordinates": [
     [
      126.953245,
      37.462035
     ],
     [
      126.9533966,
      37.4620617
     ]
    ]
   },
   "properties": {
    "type": "path",
    "role": "entrance_link",
    "building": "74",
    "entrances": [
     "74#6"
    ],
    "source": "자동 접속선(scripts/entrance_links.py, 수치지형도 1:1,000 건물·장애물 회피)",
    "kind": "footway",
    "costFactor": 1,
    "snap": 0.5,
    "link": 1.0,
    "length_m": 13.7,
    "straight_m": 13.7,
    "max_grade": 3
   }
  },
  {
   "type": "Feature",
   "geometry": {
    "type": "LineString",
    "coordinates": [
     [
      126.953245,
      37.462035
     ],
     [
      126.9530006,
      37.4621516
     ]
    ]
   },
   "properties": {
    "type": "path",
    "role": "entrance_link",
    "building": "74",
    "entrances": [
     "74#6"
    ],
    "source": "자동 접속선(scripts/entrance_links.py, 수치지형도 1:1,000 건물·장애물 회피)",
    "kind": "footway",
    "costFactor": 1,
    "snap": 0.5,
    "link": 1.0,
    "length_m": 25.2,
    "straight_m": 25.2,
    "check": [
     "long"
    ]
   }
  },
  {
   "type": "Feature",
   "geometry": {
    "type": "LineString",
    "coordinates": [
     [
      126.9526759,
      37.4683471
     ],
     [
      126.9527039,
      37.4683698
     ]
    ]
   },
   "properties": {
    "type": "path",
    "role": "entrance_link",
    "building": "80",
    "entrances": [
     "80#a1"
    ],
    "source": "자동 접속선(scripts/entrance_links.py, 수치지형도 1:1,000 건물·장애물 회피)",
    "kind": "footway",
    "costFactor": 1,
    "snap": 0.5,
    "link": 1.0,
    "length_m": 3.5,
    "straight_m": 3.5
   }
  },
  {
   "type": "Feature",
   "geometry": {
    "type": "LineString",
    "coordinates": [
     [
      126.9530206,
      37.4681345
     ],
     [
      126.9530061,
      37.4681367
     ],
     [
      126.9529962,
      37.4681301
     ]
    ]
   },
   "properties": {
    "type": "path",
    "role": "entrance_link",
    "building": "80",
    "entrances": [
     "80#a2"
    ],
    "source": "자동 접속선(scripts/entrance_links.py, 수치지형도 1:1,000 건물·장애물 회피)",
    "kind": "footway",
    "costFactor": 1,
    "snap": 0.5,
    "link": 1.0,
    "length_m": 2.4,
    "straight_m": 2.2,
    "detour": true
   }
  },
  {
   "type": "Feature",
   "geometry": {
    "type": "LineString",
    "coordinates": [
     [
      126.9544301,
      37.4668798
     ],
     [
      126.9545416,
      37.4667963
     ]
    ]
   },
   "properties": {
    "type": "path",
    "role": "entrance_link",
    "building": "81",
    "entrances": [
     "81#a1"
    ],
    "source": "자동 접속선(scripts/entrance_links.py, 수치지형도 1:1,000 건물·장애물 회피)",
    "kind": "footway",
    "costFactor": 1,
    "snap": 0.5,
    "link": 1.0,
    "length_m": 13.5,
    "straight_m": 13.5,
    "max_grade": 3
   }
  },
  {
   "type": "Feature",
   "geometry": {
    "type": "LineString",
    "coordinates": [
     [
      126.9544301,
      37.4668798
     ],
     [
      126.9544416,
      37.4667627
     ],
     [
      126.9544392,
      37.4666886
     ]
    ]
   },
   "properties": {
    "type": "path",
    "role": "entrance_link",
    "building": "81",
    "entrances": [
     "81#a1"
    ],
    "source": "자동 접속선(scripts/entrance_links.py, 수치지형도 1:1,000 건물·장애물 회피)",
    "kind": "footway",
    "costFactor": 1,
    "snap": 0.5,
    "link": 1.0,
    "length_m": 21.3,
    "straight_m": 21.2,
    "detour": true,
    "max_grade": 4
   }
  },
  {
   "type": "Feature",
   "geometry": {
    "type": "LineString",
    "coordinates": [
     [
      126.9541051,
      37.4672063
     ],
     [
      126.9541001,
      37.4672268
     ]
    ]
   },
   "properties": {
    "type": "path",
    "role": "entrance_link",
    "building": "81",
    "entrances": [
     "81#a2"
    ],
    "source": "자동 접속선(scripts/entrance_links.py, 수치지형도 1:1,000 건물·장애물 회피)",
    "kind": "footway",
    "costFactor": 1,
    "snap": 0.5,
    "link": 1.0,
    "length_m": 2.3,
    "straight_m": 2.3
   }
  },
  {
   "type": "Feature",
   "geometry": {
    "type": "LineString",
    "coordinates": [
     [
      126.9541051,
      37.4672063
     ],
     [
      126.9538982,
      37.467121
     ]
    ]
   },
   "properties": {
    "type": "path",
    "role": "entrance_link",
    "building": "81",
    "entrances": [
     "81#a2"
    ],
    "source": "자동 접속선(scripts/entrance_links.py, 수치지형도 1:1,000 건물·장애물 회피)",
    "kind": "footway",
    "costFactor": 1,
    "snap": 0.5,
    "link": 1.0,
    "length_m": 20.6,
    "straight_m": 20.6,
    "max_grade": 10
   }
  },
  {
   "type": "Feature",
   "geometry": {
    "type": "LineString",
    "coordinates": [
     [
      126.954004,
      37.462225
     ],
     [
      126.9540133,
      37.4621633
     ]
    ]
   },
   "properties": {
    "type": "path",
    "role": "entrance_link",
    "building": "82",
    "entrances": [
     "82#1"
    ],
    "source": "자동 접속선(scripts/entrance_links.py, 수치지형도 1:1,000 건물·장애물 회피)",
    "kind": "footway",
    "costFactor": 1,
    "snap": 0.5,
    "link": 1.0,
    "length_m": 6.9,
    "straight_m": 6.9,
    "max_grade": 1,
    "door_depth_m": 0.1
   }
  },
  {
   "type": "Feature",
   "geometry": {
    "type": "LineString",
    "coordinates": [
     [
      126.954281,
      37.46229
     ],
     [
      126.954283,
      37.4622905
     ]
    ]
   },
   "properties": {
    "type": "path",
    "role": "entrance_link",
    "building": "82",
    "entrances": [
     "82#3"
    ],
    "source": "자동 접속선(scripts/entrance_links.py, 수치지형도 1:1,000 건물·장애물 회피)",
    "kind": "footway",
    "costFactor": 1,
    "snap": 0.5,
    "link": 1.0,
    "length_m": 0.2,
    "straight_m": 0.2,
    "door_depth_m": 2.3
   }
  },
  {
   "type": "Feature",
   "geometry": {
    "type": "LineString",
    "coordinates": [
     [
      126.9536909,
      37.4673461
     ],
     [
      126.9536421,
      37.4671715
     ]
    ]
   },
   "properties": {
    "type": "path",
    "role": "entrance_link",
    "building": "85",
    "entrances": [
     "85#a2"
    ],
    "source": "자동 접속선(scripts/entrance_links.py, 수치지형도 1:1,000 건물·장애물 회피)",
    "kind": "footway",
    "costFactor": 1,
    "snap": 0.5,
    "link": 1.0,
    "length_m": 19.9,
    "straight_m": 19.9,
    "max_grade": 12
   }
  },
  {
   "type": "Feature",
   "geometry": {
    "type": "LineString",
    "coordinates": [
     [
      126.9536909,
      37.4673461
     ],
     [
      126.9537378,
      37.4671089
     ]
    ]
   },
   "properties": {
    "type": "path",
    "role": "entrance_link",
    "building": "85",
    "entrances": [
     "85#a2"
    ],
    "source": "자동 접속선(scripts/entrance_links.py, 수치지형도 1:1,000 건물·장애물 회피)",
    "kind": "steps",
    "costFactor": 1.2,
    "snap": 0.5,
    "link": 1.0,
    "length_m": 26.6,
    "straight_m": 26.6,
    "max_grade": 20,
    "check": [
     "long"
    ]
   }
  },
  {
   "type": "Feature",
   "geometry": {
    "type": "LineString",
    "coordinates": [
     [
      126.9540575,
      37.4672577
     ],
     [
      126.9541083,
      37.467265
     ]
    ]
   },
   "properties": {
    "type": "path",
    "role": "entrance_link",
    "building": "85",
    "entrances": [
     "85#a3"
    ],
    "source": "자동 접속선(scripts/entrance_links.py, 수치지형도 1:1,000 건물·장애물 회피)",
    "kind": "footway",
    "costFactor": 1,
    "snap": 0.5,
    "link": 1.0,
    "length_m": 4.6,
    "straight_m": 4.6
   }
  },
  {
   "type": "Feature",
   "geometry": {
    "type": "LineString",
    "coordinates": [
     [
      126.9540575,
      37.4672577
     ],
     [
      126.9539838,
      37.4672132
     ],
     [
      126.9538806,
      37.4671554
     ]
    ]
   },
   "properties": {
    "type": "path",
    "role": "entrance_link",
    "building": "85",
    "entrances": [
     "85#a3"
    ],
    "source": "자동 접속선(scripts/entrance_links.py, 수치지형도 1:1,000 건물·장애물 회피)",
    "kind": "footway",
    "costFactor": 1,
    "snap": 0.5,
    "link": 1.0,
    "length_m": 19.3,
    "straight_m": 19.3,
    "detour": true,
    "max_grade": 10
   }
  },
  {
   "type": "Feature",
   "geometry": {
    "type": "LineString",
    "coordinates": [
     [
      126.9536705,
      37.4679819
     ],
     [
      126.9536864,
      37.4677717
     ]
    ]
   },
   "properties": {
    "type": "path",
    "role": "entrance_link",
    "building": "85-1",
    "entrances": [
     "85-1#a1"
    ],
    "source": "자동 접속선(scripts/entrance_links.py, 수치지형도 1:1,000 건물·장애물 회피)",
    "kind": "footway",
    "costFactor": 1,
    "snap": 0.5,
    "link": 1.0,
    "length_m": 23.4,
    "straight_m": 23.4,
    "max_grade": 3
   }
  },
  {
   "type": "Feature",
   "geometry": {
    "type": "LineString",
    "coordinates": [
     [
      126.9536705,
      37.4679819
     ],
     [
      126.9533787,
      37.467978
     ]
    ]
   },
   "properties": {
    "type": "path",
    "role": "entrance_link",
    "building": "85-1",
    "entrances": [
     "85-1#a1"
    ],
    "source": "자동 접속선(scripts/entrance_links.py, 수치지형도 1:1,000 건물·장애물 회피)",
    "kind": "footway",
    "costFactor": 1,
    "snap": 0.5,
    "link": 1.0,
    "length_m": 25.8,
    "straight_m": 25.8,
    "max_grade": 10,
    "check": [
     "long"
    ]
   }
  },
  {
   "type": "Feature",
   "geometry": {
    "type": "LineString",
    "coordinates": [
     [
      126.9536705,
      37.4679819
     ],
     [
      126.9538074,
      37.4677603
     ]
    ]
   },
   "properties": {
    "type": "path",
    "role": "entrance_link",
    "building": "85-1",
    "entrances": [
     "85-1#a1"
    ],
    "source": "자동 접속선(scripts/entrance_links.py, 수치지형도 1:1,000 건물·장애물 회피)",
    "kind": "footway",
    "costFactor": 1,
    "snap": 0.5,
    "link": 1.0,
    "length_m": 27.4,
    "straight_m": 27.4,
    "max_grade": 5,
    "check": [
     "long"
    ]
   }
  },
  {
   "type": "Feature",
   "geometry": {
    "type": "LineString",
    "coordinates": [
     [
      126.952486,
      37.4689544
     ],
     [
      126.9524782,
      37.4689474
     ]
    ]
   },
   "properties": {
    "type": "path",
    "role": "entrance_link",
    "building": "86",
    "entrances": [
     "86#a1"
    ],
    "source": "자동 접속선(scripts/entrance_links.py, 수치지형도 1:1,000 건물·장애물 회피)",
    "kind": "footway",
    "costFactor": 1,
    "snap": 0.5,
    "link": 1.0,
    "length_m": 1.0,
    "straight_m": 1.0
   }
  },
  {
   "type": "Feature",
   "geometry": {
    "type": "LineString",
    "coordinates": [
     [
      126.9528308,
      37.4687616
     ],
     [
      126.9528318,
      37.4687624
     ]
    ]
   },
   "properties": {
    "type": "path",
    "role": "entrance_link",
    "building": "86",
    "entrances": [
     "86#a2"
    ],
    "source": "자동 접속선(scripts/entrance_links.py, 수치지형도 1:1,000 건물·장애물 회피)",
    "kind": "footway",
    "costFactor": 1,
    "snap": 0.5,
    "link": 1.0,
    "length_m": 0.1,
    "straight_m": 0.1,
    "door_depth_m": 0.1
   }
  },
  {
   "type": "Feature",
   "geometry": {
    "type": "LineString",
    "coordinates": [
     [
      126.9503882,
      37.4625022
     ],
     [
      126.9503897,
      37.4626573
     ]
    ]
   },
   "properties": {
    "type": "path",
    "role": "entrance_link",
    "building": "103",
    "entrances": [
     "103#1"
    ],
    "source": "자동 접속선(scripts/entrance_links.py, 수치지형도 1:1,000 건물·장애물 회피)",
    "kind": "footway",
    "costFactor": 1,
    "snap": 0.5,
    "link": 1.0,
    "length_m": 17.2,
    "straight_m": 17.2,
    "max_grade": 7
   }
  },
  {
   "type": "Feature",
   "geometry": {
    "type": "LineString",
    "coordinates": [
     [
      126.9503882,
      37.4625022
     ],
     [
      126.9505366,
      37.4626115
     ]
    ]
   },
   "properties": {
    "type": "path",
    "role": "entrance_link",
    "building": "103",
    "entrances": [
     "103#1"
    ],
    "source": "자동 접속선(scripts/entrance_links.py, 수치지형도 1:1,000 건물·장애물 회피)",
    "kind": "footway",
    "costFactor": 1,
    "snap": 0.5,
    "link": 1.0,
    "length_m": 17.9,
    "straight_m": 17.9,
    "max_grade": 11
   }
  },
  {
   "type": "Feature",
   "geometry": {
    "type": "LineString",
    "coordinates": [
     [
      126.953533,
      37.4539983
     ],
     [
      126.9536216,
      37.45393
     ]
    ]
   },
   "properties": {
    "type": "path",
    "role": "entrance_link",
    "building": "105-2",
    "entrances": [
     "105-2#a1"
    ],
    "source": "자동 접속선(scripts/entrance_links.py, 수치지형도 1:1,000 건물·장애물 회피)",
    "kind": "footway",
    "costFactor": 1,
    "snap": 0.5,
    "link": 1.0,
    "length_m": 10.9,
    "straight_m": 10.9,
    "max_grade": 6
   }
  },
  {
   "type": "Feature",
   "geometry": {
    "type": "LineString",
    "coordinates": [
     [
      126.953533,
      37.4539983
     ],
     [
      126.9535091,
      37.4539233
     ],
     [
      126.9534954,
      37.4539115
     ]
    ]
   },
   "properties": {
    "type": "path",
    "role": "entrance_link",
    "building": "105-2",
    "entrances": [
     "105-2#a1"
    ],
    "source": "자동 접속선(scripts/entrance_links.py, 수치지형도 1:1,000 건물·장애물 회피)",
    "kind": "footway",
    "costFactor": 1,
    "snap": 0.5,
    "link": 1.0,
    "length_m": 10.4,
    "straight_m": 10.2,
    "detour": true,
    "max_grade": 2
   }
  },
  {
   "type": "Feature",
   "geometry": {
    "type": "LineString",
    "coordinates": [
     [
      126.9543,
      37.464021
     ],
     [
      126.954299,
      37.4640196
     ]
    ]
   },
   "properties": {
    "type": "path",
    "role": "entrance_link",
    "building": "140-2",
    "entrances": [
     "140-2#1",
     "140#1",
     "140-1#1"
    ],
    "source": "자동 접속선(scripts/entrance_links.py, 수치지형도 1:1,000 건물·장애물 회피)",
    "kind": "footway",
    "costFactor": 1,
    "snap": 0.5,
    "link": 1.0,
    "length_m": 0.2,
    "straight_m": 0.2
   }
  },
  {
   "type": "Feature",
   "geometry": {
    "type": "LineString",
    "coordinates": [
     [
      126.954579,
      37.464183
     ],
     [
      126.9545489,
      37.4642534
     ],
     [
      126.9545998,
      37.4643164
     ],
     [
      126.9546107,
      37.4643188
     ]
    ]
   },
   "properties": {
    "type": "path",
    "role": "entrance_link",
    "building": "140-2",
    "entrances": [
     "140-2#2",
     "140#3",
     "140-1#3"
    ],
    "source": "자동 접속선(scripts/entrance_links.py, 수치지형도 1:1,000 건물·장애물 회피)",
    "kind": "footway",
    "costFactor": 1,
    "snap": 0.5,
    "link": 1.0,
    "length_m": 17.6,
    "straight_m": 15.3,
    "detour": true,
    "max_grade": 27,
    "door_depth_m": 4.8,
    "check": [
     "deep"
    ]
   }
  },
  {
   "type": "Feature",
   "geometry": {
    "type": "LineString",
    "coordinates": [
     [
      126.954853,
      37.4641
     ],
     [
      126.9549211,
      37.4640522
     ]
    ]
   },
   "properties": {
    "type": "path",
    "role": "entrance_link",
    "building": "140-2",
    "entrances": [
     "140-2#3",
     "140#4",
     "140-1#4"
    ],
    "source": "자동 접속선(scripts/entrance_links.py, 수치지형도 1:1,000 건물·장애물 회피)",
    "kind": "footway",
    "costFactor": 1,
    "snap": 0.5,
    "link": 1.0,
    "length_m": 8.0,
    "straight_m": 8.0,
    "max_grade": 13
   }
  },
  {
   "type": "Feature",
   "geometry": {
    "type": "LineString",
    "coordinates": [
     [
      126.954758,
      37.463947
     ],
     [
      126.9548097,
      37.4639086
     ]
    ]
   },
   "properties": {
    "type": "path",
    "role": "entrance_link",
    "building": "140-2",
    "entrances": [
     "140-2#4",
     "140#5",
     "140-1#5"
    ],
    "source": "자동 접속선(scripts/entrance_links.py, 수치지형도 1:1,000 건물·장애물 회피)",
    "kind": "footway",
    "costFactor": 1,
    "snap": 0.5,
    "link": 1.0,
    "length_m": 6.3,
    "straight_m": 6.3,
    "max_grade": 17
   }
  },
  {
   "type": "Feature",
   "geometry": {
    "type": "LineString",
    "coordinates": [
     [
      126.954758,
      37.463947
     ],
     [
      126.9548524,
      37.4639813
     ]
    ]
   },
   "properties": {
    "type": "path",
    "role": "entrance_link",
    "building": "140-2",
    "entrances": [
     "140-2#4",
     "140#5",
     "140-1#5"
    ],
    "source": "자동 접속선(scripts/entrance_links.py, 수치지형도 1:1,000 건물·장애물 회피)",
    "kind": "footway",
    "costFactor": 1,
    "snap": 0.5,
    "link": 1.0,
    "length_m": 9.2,
    "straight_m": 9.2,
    "max_grade": 3
   }
  },
  {
   "type": "Feature",
   "geometry": {
    "type": "LineString",
    "coordinates": [
     [
      126.9535892,
      37.4565763
     ],
     [
      126.9535995,
      37.4567795
     ],
     [
      126.9536051,
      37.456784
     ],
     [
      126.9536051,
      37.4567885
     ],
     [
      126.9535842,
      37.456804
     ]
    ]
   },
   "properties": {
    "type": "path",
    "role": "entrance_link",
    "building": "142",
    "entrances": [
     "142#a1"
    ],
    "source": "자동 접속선(scripts/entrance_links.py, 수치지형도 1:1,000 건물·장애물 회피)",
    "kind": "steps",
    "costFactor": 1.2,
    "snap": 0.5,
    "link": 1.0,
    "length_m": 26.3,
    "straight_m": 25.3,
    "detour": true,
    "max_grade": 25,
    "check": [
     "long"
    ]
   }
  },
  {
   "type": "Feature",
   "geometry": {
    "type": "LineString",
    "coordinates": [
     [
      126.9535892,
      37.4565763
     ],
     [
      126.9535204,
      37.4565903
     ],
     [
      126.9535034,
      37.4565903
     ],
     [
      126.9534921,
      37.4565812
     ],
     [
      126.953413,
      37.4564911
     ],
     [
      126.9534017,
      37.4564821
     ],
     [
      126.9533283,
      37.4564767
     ]
    ]
   },
   "properties": {
    "type": "path",
    "role": "entrance_link",
    "building": "142",
    "entrances": [
     "142#a1"
    ],
    "source": "자동 접속선(scripts/entrance_links.py, 수치지형도 1:1,000 건물·장애물 회피)",
    "kind": "steps",
    "costFactor": 1.2,
    "snap": 0.5,
    "link": 1.0,
    "length_m": 29.3,
    "straight_m": 25.6,
    "detour": true,
    "max_grade": 23,
    "check": [
     "long"
    ]
   }
  },
  {
   "type": "Feature",
   "geometry": {
    "type": "LineString",
    "coordinates": [
     [
      126.9535892,
      37.4565763
     ],
     [
      126.9535204,
      37.4565903
     ],
     [
      126.9535034,
      37.4565903
     ],
     [
      126.9534921,
      37.4565812
     ],
     [
      126.9533607,
      37.4563558
     ]
    ]
   },
   "properties": {
    "type": "path",
    "role": "entrance_link",
    "building": "142",
    "entrances": [
     "142#a1"
    ],
    "source": "자동 접속선(scripts/entrance_links.py, 수치지형도 1:1,000 건물·장애물 회피)",
    "kind": "steps",
    "costFactor": 1.2,
    "snap": 0.5,
    "link": 1.0,
    "length_m": 36.8,
    "straight_m": 31.7,
    "detour": true,
    "max_grade": 23,
    "check": [
     "long"
    ]
   }
  },
  {
   "type": "Feature",
   "geometry": {
    "type": "LineString",
    "coordinates": [
     [
      126.9537225,
      37.4567979
     ],
     [
      126.9536346,
      37.4568673
     ]
    ]
   },
   "properties": {
    "type": "path",
    "role": "entrance_link",
    "building": "142",
    "entrances": [
     "142#a2"
    ],
    "source": "자동 접속선(scripts/entrance_links.py, 수치지형도 1:1,000 건물·장애물 회피)",
    "kind": "footway",
    "costFactor": 1,
    "snap": 0.5,
    "link": 1.0,
    "length_m": 11.0,
    "straight_m": 11.0,
    "max_grade": 43,
    "check": [
     "steep"
    ]
   }
  },
  {
   "type": "Feature",
   "geometry": {
    "type": "LineString",
    "coordinates": [
     [
      126.951462,
      37.4665009
     ],
     [
      126.9514972,
      37.4664969
     ],
     [
      126.9515706,
      37.4664982
     ]
    ]
   },
   "properties": {
    "type": "path",
    "role": "entrance_link",
    "building": "152-1",
    "entrances": [
     "152-1#a1"
    ],
    "source": "자동 접속선(scripts/entrance_links.py, 수치지형도 1:1,000 건물·장애물 회피)",
    "kind": "footway",
    "costFactor": 1,
    "snap": 0.5,
    "link": 1.0,
    "length_m": 9.6,
    "straight_m": 9.6,
    "detour": true,
    "max_grade": 18
   }
  },
  {
   "type": "Feature",
   "geometry": {
    "type": "LineString",
    "coordinates": [
     [
      126.951462,
      37.4665009
     ],
     [
      126.9514633,
      37.4663774
     ]
    ]
   },
   "properties": {
    "type": "path",
    "role": "entrance_link",
    "building": "152-1",
    "entrances": [
     "152-1#a1"
    ],
    "source": "자동 접속선(scripts/entrance_links.py, 수치지형도 1:1,000 건물·장애물 회피)",
    "kind": "footway",
    "costFactor": 1,
    "snap": 0.5,
    "link": 1.0,
    "length_m": 13.7,
    "straight_m": 13.7,
    "max_grade": 8
   }
  },
  {
   "type": "Feature",
   "geometry": {
    "type": "LineString",
    "coordinates": [
     [
      126.951462,
      37.4665009
     ],
     [
      126.9514915,
      37.4664969
     ],
     [
      126.9514972,
      37.4665014
     ],
     [
      126.9515,
      37.4666674
     ]
    ]
   },
   "properties": {
    "type": "path",
    "role": "entrance_link",
    "building": "152-1",
    "entrances": [
     "152-1#a1"
    ],
    "source": "자동 접속선(scripts/entrance_links.py, 수치지형도 1:1,000 건물·장애물 회피)",
    "kind": "footway",
    "costFactor": 1,
    "snap": 0.5,
    "link": 1.0,
    "length_m": 21.8,
    "straight_m": 18.8,
    "detour": true,
    "max_grade": 9
   }
  },
  {
   "type": "Feature",
   "geometry": {
    "type": "LineString",
    "coordinates": [
     [
      126.948116,
      37.458193
     ],
     [
      126.9481304,
      37.4581261
     ]
    ]
   },
   "properties": {
    "type": "path",
    "role": "entrance_link",
    "building": "203",
    "entrances": [
     "203#1"
    ],
    "source": "자동 접속선(scripts/entrance_links.py, 수치지형도 1:1,000 건물·장애물 회피)",
    "kind": "footway",
    "costFactor": 1,
    "snap": 0.5,
    "link": 1.0,
    "length_m": 7.5,
    "straight_m": 7.5,
    "max_grade": 1,
    "door_depth_m": 0.1
   }
  },
  {
   "type": "Feature",
   "geometry": {
    "type": "LineString",
    "coordinates": [
     [
      126.948047,
      37.458444
     ],
     [
      126.9487223,
      37.4585049
     ],
     [
      126.9488918,
      37.4585058
     ]
    ]
   },
   "properties": {
    "type": "path",
    "role": "entrance_link",
    "building": "203",
    "entrances": [
     "203#2"
    ],
    "source": "자동 접속선(scripts/entrance_links.py, 수치지형도 1:1,000 건물·장애물 회피)",
    "kind": "steps",
    "costFactor": 1.2,
    "snap": 0.5,
    "link": 1.0,
    "length_m": 75.1,
    "straight_m": 75.1,
    "detour": true,
    "max_grade": 18,
    "check": [
     "long"
    ]
   }
  },
  {
   "type": "Feature",
   "geometry": {
    "type": "LineString",
    "coordinates": [
     [
      126.948686,
      37.4583396
     ],
     [
      126.9486941,
      37.4583202
     ],
     [
      126.9486949,
      37.458213
     ]
    ]
   },
   "properties": {
    "type": "path",
    "role": "entrance_link",
    "building": "203",
    "entrances": [
     "203#3"
    ],
    "source": "자동 접속선(scripts/entrance_links.py, 수치지형도 1:1,000 건물·장애물 회피)",
    "kind": "footway",
    "costFactor": 1,
    "snap": 0.5,
    "link": 1.0,
    "length_m": 14.2,
    "straight_m": 14.1,
    "detour": true,
    "max_grade": 0
   }
  },
  {
   "type": "Feature",
   "geometry": {
    "type": "LineString",
    "coordinates": [
     [
      126.948686,
      37.4583396
     ],
     [
      126.9489323,
      37.4583438
     ]
    ]
   },
   "properties": {
    "type": "path",
    "role": "entrance_link",
    "building": "203",
    "entrances": [
     "203#3"
    ],
    "source": "자동 접속선(scripts/entrance_links.py, 수치지형도 1:1,000 건물·장애물 회피)",
    "kind": "footway",
    "costFactor": 1,
    "snap": 0.5,
    "link": 1.0,
    "length_m": 21.8,
    "straight_m": 21.8
   }
  },
  {
   "type": "Feature",
   "geometry": {
    "type": "LineString",
    "coordinates": [
     [
      126.9555197,
      37.4655053
     ],
     [
      126.9554314,
      37.4655766
     ]
    ]
   },
   "properties": {
    "type": "path",
    "role": "entrance_link",
    "building": "223",
    "entrances": [
     "223#a1"
    ],
    "source": "자동 접속선(scripts/entrance_links.py, 수치지형도 1:1,000 건물·장애물 회피)",
    "kind": "footway",
    "costFactor": 1,
    "snap": 0.5,
    "link": 1.0,
    "length_m": 11.1,
    "straight_m": 11.1,
    "max_grade": 19
   }
  },
  {
   "type": "Feature",
   "geometry": {
    "type": "LineString",
    "coordinates": [
     [
      126.9526556,
      37.4510666
     ],
     [
      126.9525992,
      37.4507517
     ],
     [
      126.9525935,
      37.4506301
     ],
     [
      126.9525933,
      37.4505768
     ]
    ]
   },
   "properties": {
    "type": "path",
    "role": "entrance_link",
    "building": "300",
    "entrances": [
     "300#a1"
    ],
    "source": "자동 접속선(scripts/entrance_links.py, 수치지형도 1:1,000 건물·장애물 회피)",
    "kind": "footway",
    "costFactor": 1,
    "snap": 0.5,
    "link": 1.0,
    "length_m": 54.7,
    "straight_m": 54.6,
    "detour": true,
    "max_grade": 20,
    "check": [
     "long"
    ]
   }
  },
  {
   "type": "Feature",
   "geometry": {
    "type": "LineString",
    "coordinates": [
     [
      126.9526556,
      37.4510666
     ],
     [
      126.9525992,
      37.4507517
     ],
     [
      126.9525935,
      37.4506841
     ],
     [
      126.9527111,
      37.4505947
     ]
    ]
   },
   "properties": {
    "type": "path",
    "role": "entrance_link",
    "building": "300",
    "entrances": [
     "300#a1"
    ],
    "source": "자동 접속선(scripts/entrance_links.py, 수치지형도 1:1,000 건물·장애물 회피)",
    "kind": "footway",
    "costFactor": 1,
    "snap": 0.5,
    "link": 1.0,
    "length_m": 57.2,
    "straight_m": 52.6,
    "detour": true,
    "max_grade": 14,
    "check": [
     "long"
    ]
   }
  },
  {
   "type": "Feature",
   "geometry": {
    "type": "LineString",
    "coordinates": [
     [
      126.9526556,
      37.4510666
     ],
     [
      126.9524521,
      37.4505821
     ]
    ]
   },
   "properties": {
    "type": "path",
    "role": "entrance_link",
    "building": "300",
    "entrances": [
     "300#a1"
    ],
    "source": "자동 접속선(scripts/entrance_links.py, 수치지형도 1:1,000 건물·장애물 회피)",
    "kind": "footway",
    "costFactor": 1,
    "snap": 0.5,
    "link": 1.0,
    "length_m": 56.7,
    "straight_m": 56.7,
    "max_grade": 19,
    "check": [
     "long"
    ]
   }
  },
  {
   "type": "Feature",
   "geometry": {
    "type": "Point",
    "coordinates": [
     126.94844,
     37.459115
    ]
   },
   "properties": {
    "type": "entrance_unlinked",
    "building": "500",
    "entrances": [
     "500#1"
    ],
    "source": "자동 접속선(scripts/entrance_links.py, 수치지형도 1:1,000 건물·장애물 회피)",
    "note": "80 m 안에 막히지 않고 닿는 길이 없다(손으로 그릴 것)"
   }
  },
  {
   "type": "Feature",
   "geometry": {
    "type": "LineString",
    "coordinates": [
     [
      126.9485323,
      37.4594721
     ],
     [
      126.948691,
      37.4594735
     ]
    ]
   },
   "properties": {
    "type": "path",
    "role": "entrance_link",
    "building": "500",
    "entrances": [
     "500#a1"
    ],
    "source": "자동 접속선(scripts/entrance_links.py, 수치지형도 1:1,000 건물·장애물 회피)",
    "kind": "footway",
    "costFactor": 1,
    "snap": 0.5,
    "link": 1.0,
    "length_m": 14.0,
    "straight_m": 14.0,
    "max_grade": 12
   }
  },
  {
   "type": "Feature",
   "geometry": {
    "type": "LineString",
    "coordinates": [
     [
      126.9485323,
      37.4594721
     ],
     [
      126.9486694,
      37.4595903
     ]
    ]
   },
   "properties": {
    "type": "path",
    "role": "entrance_link",
    "building": "500",
    "entrances": [
     "500#a1"
    ],
    "source": "자동 접속선(scripts/entrance_links.py, 수치지형도 1:1,000 건물·장애물 회피)",
    "kind": "footway",
    "costFactor": 1,
    "snap": 0.5,
    "link": 1.0,
    "length_m": 17.9,
    "straight_m": 17.9,
    "max_grade": 3
   }
  },
  {
   "type": "Feature",
   "geometry": {
    "type": "LineString",
    "coordinates": [
     [
      126.9485323,
      37.4594721
     ],
     [
      126.9486945,
      37.45935
     ]
    ]
   },
   "properties": {
    "type": "path",
    "role": "entrance_link",
    "building": "500",
    "entrances": [
     "500#a1"
    ],
    "source": "자동 접속선(scripts/entrance_links.py, 수치지형도 1:1,000 건물·장애물 회피)",
    "kind": "footway",
    "costFactor": 1,
    "snap": 0.5,
    "link": 1.0,
    "length_m": 19.7,
    "straight_m": 19.7,
    "max_grade": 14
   }
  },
  {
   "type": "Feature",
   "geometry": {
    "type": "LineString",
    "coordinates": [
     [
      126.9487041,
      37.458772
     ],
     [
      126.9487223,
      37.4587662
     ],
     [
      126.9488243,
      37.4587762
     ]
    ]
   },
   "properties": {
    "type": "path",
    "role": "entrance_link",
    "building": "500",
    "entrances": [
     "500#a2"
    ],
    "source": "자동 접속선(scripts/entrance_links.py, 수치지형도 1:1,000 건물·장애물 회피)",
    "kind": "footway",
    "costFactor": 1,
    "snap": 0.5,
    "link": 1.0,
    "length_m": 10.8,
    "straight_m": 10.6,
    "detour": true,
    "max_grade": 13,
    "door_depth_m": 0.1
   }
  },
  {
   "type": "Feature",
   "geometry": {
    "type": "LineString",
    "coordinates": [
     [
      126.9580922,
      37.4616165
     ],
     [
      126.9581093,
      37.4616269
     ],
     [
      126.9581836,
      37.4616473
     ]
    ]
   },
   "properties": {
    "type": "path",
    "role": "entrance_link",
    "building": "900",
    "entrances": [
     "900#p1"
    ],
    "source": "자동 접속선(scripts/entrance_links.py, 수치지형도 1:1,000 건물·장애물 회피)",
    "kind": "steps",
    "costFactor": 1.2,
    "snap": 0.5,
    "link": 1.0,
    "length_m": 8.9,
    "straight_m": 8.8,
    "detour": true
   }
  },
  {
   "type": "Feature",
   "geometry": {
    "type": "LineString",
    "coordinates": [
     [
      126.9580922,
      37.4616165
     ],
     [
      126.9580358,
      37.461717
     ],
     [
      126.9580302,
      37.4617215
     ],
     [
      126.958004,
      37.4617215
     ]
    ]
   },
   "properties": {
    "type": "path",
    "role": "entrance_link",
    "building": "900",
    "entrances": [
     "900#p1"
    ],
    "source": "자동 접속선(scripts/entrance_links.py, 수치지형도 1:1,000 건물·장애물 회피)",
    "kind": "footway",
    "costFactor": 1,
    "snap": 0.5,
    "link": 1.0,
    "length_m": 15.2,
    "straight_m": 14.0,
    "detour": true,
    "max_grade": 2
   }
  },
  {
   "type": "Feature",
   "geometry": {
    "type": "LineString",
    "coordinates": [
     [
      126.9579102,
      37.461913
     ],
     [
      126.9580132,
      37.4617981
     ],
     [
      126.9580271,
      37.4617848
     ]
    ]
   },
   "properties": {
    "type": "path",
    "role": "entrance_link",
    "building": "901",
    "entrances": [
     "901#p1"
    ],
    "source": "자동 접속선(scripts/entrance_links.py, 수치지형도 1:1,000 건물·장애물 회피)",
    "kind": "footway",
    "costFactor": 1,
    "snap": 0.5,
    "link": 1.0,
    "length_m": 17.6,
    "straight_m": 17.6,
    "detour": true,
    "max_grade": 10,
    "door_depth_m": 0.1
   }
  },
  {
   "type": "Feature",
   "geometry": {
    "type": "LineString",
    "coordinates": [
     [
      126.9574559,
      37.4615382
     ],
     [
      126.9575107,
      37.4615437
     ]
    ]
   },
   "properties": {
    "type": "path",
    "role": "entrance_link",
    "building": "902",
    "entrances": [
     "902#p1"
    ],
    "source": "자동 접속선(scripts/entrance_links.py, 수치지형도 1:1,000 건물·장애물 회피)",
    "kind": "footway",
    "costFactor": 1,
    "snap": 0.5,
    "link": 1.0,
    "length_m": 4.9,
    "straight_m": 4.9
   }
  },
  {
   "type": "Feature",
   "geometry": {
    "type": "LineString",
    "coordinates": [
     [
      126.9576582,
      37.4604668
     ],
     [
      126.9576546,
      37.4605145
     ]
    ]
   },
   "properties": {
    "type": "path",
    "role": "entrance_link",
    "building": "904",
    "entrances": [
     "904#p2"
    ],
    "source": "자동 접속선(scripts/entrance_links.py, 수치지형도 1:1,000 건물·장애물 회피)",
    "kind": "footway",
    "costFactor": 1,
    "snap": 0.5,
    "link": 1.0,
    "length_m": 5.3,
    "straight_m": 5.3,
    "door_depth_m": 0.1
   }
  },
  {
   "type": "Feature",
   "geometry": {
    "type": "LineString",
    "coordinates": [
     [
      126.9582154,
      37.4609624
     ],
     [
      126.9582168,
      37.4609599
     ]
    ]
   },
   "properties": {
    "type": "path",
    "role": "entrance_link",
    "building": "905",
    "entrances": [
     "905#p1"
    ],
    "source": "자동 접속선(scripts/entrance_links.py, 수치지형도 1:1,000 건물·장애물 회피)",
    "kind": "footway",
    "costFactor": 1,
    "snap": 0.5,
    "link": 1.0,
    "length_m": 0.3,
    "straight_m": 0.3
   }
  },
  {
   "type": "Feature",
   "geometry": {
    "type": "LineString",
    "coordinates": [
     [
      126.9584053,
      37.4620833
     ],
     [
      126.9583764,
      37.4620761
     ]
    ]
   },
   "properties": {
    "type": "path",
    "role": "entrance_link",
    "building": "906",
    "entrances": [
     "906#p3"
    ],
    "source": "자동 접속선(scripts/entrance_links.py, 수치지형도 1:1,000 건물·장애물 회피)",
    "kind": "footway",
    "costFactor": 1,
    "snap": 0.5,
    "link": 1.0,
    "length_m": 2.7,
    "straight_m": 2.7
   }
  },
  {
   "type": "Feature",
   "geometry": {
    "type": "LineString",
    "coordinates": [
     [
      126.9595322,
      37.4635222
     ],
     [
      126.9595344,
      37.4634881
     ]
    ]
   },
   "properties": {
    "type": "path",
    "role": "entrance_link",
    "building": "924",
    "entrances": [
     "924#p1"
    ],
    "source": "자동 접속선(scripts/entrance_links.py, 수치지형도 1:1,000 건물·장애물 회피)",
    "kind": "footway",
    "costFactor": 1,
    "snap": 0.5,
    "link": 1.0,
    "length_m": 3.8,
    "straight_m": 3.8
   }
  },
  {
   "type": "Feature",
   "geometry": {
    "type": "LineString",
    "coordinates": [
     [
      126.9586935,
      37.4641538
     ],
     [
      126.9587027,
      37.4641317
     ],
     [
      126.9587029,
      37.4640982
     ]
    ]
   },
   "properties": {
    "type": "path",
    "role": "entrance_link",
    "building": "925",
    "entrances": [
     "925#p1"
    ],
    "source": "자동 접속선(scripts/entrance_links.py, 수치지형도 1:1,000 건물·장애물 회피)",
    "kind": "footway",
    "costFactor": 1,
    "snap": 0.5,
    "link": 1.0,
    "length_m": 6.3,
    "straight_m": 6.2,
    "detour": true,
    "max_grade": 9,
    "door_depth_m": 0.1
   }
  },
  {
   "type": "Feature",
   "geometry": {
    "type": "LineString",
    "coordinates": [
     [
      126.9586935,
      37.4641538
     ],
     [
      126.9587818,
      37.4641444
     ]
    ]
   },
   "properties": {
    "type": "path",
    "role": "entrance_link",
    "building": "925",
    "entrances": [
     "925#p1"
    ],
    "source": "자동 접속선(scripts/entrance_links.py, 수치지형도 1:1,000 건물·장애물 회피)",
    "kind": "footway",
    "costFactor": 1,
    "snap": 0.5,
    "link": 1.0,
    "length_m": 7.9,
    "straight_m": 7.9,
    "max_grade": 3,
    "door_depth_m": 0.1
   }
  },
  {
   "type": "Feature",
   "geometry": {
    "type": "LineString",
    "coordinates": [
     [
      126.9590507,
      37.4642133
     ],
     [
      126.9590545,
      37.4641778
     ]
    ]
   },
   "properties": {
    "type": "path",
    "role": "entrance_link",
    "building": "926",
    "entrances": [
     "926#a1"
    ],
    "source": "자동 접속선(scripts/entrance_links.py, 수치지형도 1:1,000 건물·장애물 회피)",
    "kind": "footway",
    "costFactor": 1,
    "snap": 0.5,
    "link": 1.0,
    "length_m": 4.0,
    "straight_m": 4.0
   }
  },
  {
   "type": "Feature",
   "geometry": {
    "type": "LineString",
    "coordinates": [
     [
      126.9584618,
      37.467056
     ],
     [
      126.9584589,
      37.4669799
     ]
    ]
   },
   "properties": {
    "type": "path",
    "role": "entrance_link",
    "building": "931",
    "entrances": [
     "931#a1"
    ],
    "source": "자동 접속선(scripts/entrance_links.py, 수치지형도 1:1,000 건물·장애물 회피)",
    "kind": "footway",
    "costFactor": 1,
    "snap": 0.5,
    "link": 1.0,
    "length_m": 8.5,
    "straight_m": 8.5
   }
  },
  {
   "type": "Feature",
   "geometry": {
    "type": "LineString",
    "coordinates": [
     [
      126.9584618,
      37.467056
     ],
     [
      126.9582718,
      37.4670012
     ]
    ]
   },
   "properties": {
    "type": "path",
    "role": "entrance_link",
    "building": "931",
    "entrances": [
     "931#a1"
    ],
    "source": "자동 접속선(scripts/entrance_links.py, 수치지형도 1:1,000 건물·장애물 회피)",
    "kind": "footway",
    "costFactor": 1,
    "snap": 0.5,
    "link": 1.0,
    "length_m": 17.9,
    "straight_m": 17.9,
    "max_grade": 14
   }
  },
  {
   "type": "Feature",
   "geometry": {
    "type": "LineString",
    "coordinates": [
     [
      126.9585827,
      37.4670469
     ],
     [
      126.9585833,
      37.4669622
     ]
    ]
   },
   "properties": {
    "type": "path",
    "role": "entrance_link",
    "building": "931",
    "entrances": [
     "931#a2"
    ],
    "source": "자동 접속선(scripts/entrance_links.py, 수치지형도 1:1,000 건물·장애물 회피)",
    "kind": "footway",
    "costFactor": 1,
    "snap": 0.5,
    "link": 1.0,
    "length_m": 9.4,
    "straight_m": 9.4
   }
  },
  {
   "type": "Feature",
   "geometry": {
    "type": "LineString",
    "coordinates": [
     [
      126.9585827,
      37.4670469
     ],
     [
      126.9585953,
      37.4670375
     ],
     [
      126.9586405,
      37.4670105
     ],
     [
      126.958798,
      37.4669318
     ]
    ]
   },
   "properties": {
    "type": "path",
    "role": "entrance_link",
    "building": "931",
    "entrances": [
     "931#a2"
    ],
    "source": "자동 접속선(scripts/entrance_links.py, 수치지형도 1:1,000 건물·장애물 회피)",
    "kind": "footway",
    "costFactor": 1,
    "snap": 0.5,
    "link": 1.0,
    "length_m": 23.0,
    "straight_m": 22.9,
    "detour": true,
    "max_grade": 0
   }
  },
  {
   "type": "Feature",
   "geometry": {
    "type": "LineString",
    "coordinates": [
     [
      126.9587014,
      37.4670109
     ],
     [
      126.9586903,
      37.4669471
     ]
    ]
   },
   "properties": {
    "type": "path",
    "role": "entrance_link",
    "building": "931",
    "entrances": [
     "931#a3"
    ],
    "source": "자동 접속선(scripts/entrance_links.py, 수치지형도 1:1,000 건물·장애물 회피)",
    "kind": "footway",
    "costFactor": 1,
    "snap": 0.5,
    "link": 1.0,
    "length_m": 7.2,
    "straight_m": 7.2
   }
  },
  {
   "type": "Feature",
   "geometry": {
    "type": "LineString",
    "coordinates": [
     [
      126.9587014,
      37.4670109
     ],
     [
      126.9587197,
      37.4670015
     ],
     [
      126.9589546,
      37.4669787
     ]
    ]
   },
   "properties": {
    "type": "path",
    "role": "entrance_link",
    "building": "931",
    "entrances": [
     "931#a3"
    ],
    "source": "자동 접속선(scripts/entrance_links.py, 수치지형도 1:1,000 건물·장애물 회피)",
    "kind": "footway",
    "costFactor": 1,
    "snap": 0.5,
    "link": 1.0,
    "length_m": 22.9,
    "straight_m": 22.7,
    "detour": true,
    "max_grade": 2
   }
  },
  {
   "type": "Feature",
   "geometry": {
    "type": "LineString",
    "coordinates": [
     [
      126.9588224,
      37.467001
     ],
     [
      126.9588212,
      37.466931
     ]
    ]
   },
   "properties": {
    "type": "path",
    "role": "entrance_link",
    "building": "931",
    "entrances": [
     "931#a4"
    ],
    "source": "자동 접속선(scripts/entrance_links.py, 수치지형도 1:1,000 건물·장애물 회피)",
    "kind": "footway",
    "costFactor": 1,
    "snap": 0.5,
    "link": 1.0,
    "length_m": 7.8,
    "straight_m": 7.8
   }
  },
  {
   "type": "Feature",
   "geometry": {
    "type": "LineString",
    "coordinates": [
     [
      126.9588224,
      37.467001
     ],
     [
      126.9588383,
      37.4669924
     ],
     [
      126.9589457,
      37.4669789
     ],
     [
      126.9589546,
      37.4669787
     ]
    ]
   },
   "properties": {
    "type": "path",
    "role": "entrance_link",
    "building": "931",
    "entrances": [
     "931#a4"
    ],
    "source": "자동 접속선(scripts/entrance_links.py, 수치지형도 1:1,000 건물·장애물 회피)",
    "kind": "footway",
    "costFactor": 1,
    "snap": 0.5,
    "link": 1.0,
    "length_m": 12.1,
    "straight_m": 12.0,
    "detour": true,
    "max_grade": 3
   }
  },
  {
   "type": "Feature",
   "geometry": {
    "type": "LineString",
    "coordinates": [
     [
      126.9584279,
      37.4667721
     ],
     [
      126.9584195,
      37.4666495
     ]
    ]
   },
   "properties": {
    "type": "path",
    "role": "entrance_link",
    "building": "932",
    "entrances": [
     "932#a1"
    ],
    "source": "자동 접속선(scripts/entrance_links.py, 수치지형도 1:1,000 건물·장애물 회피)",
    "kind": "footway",
    "costFactor": 1,
    "snap": 0.5,
    "link": 1.0,
    "length_m": 13.6,
    "straight_m": 13.6,
    "max_grade": 2
   }
  },
  {
   "type": "Feature",
   "geometry": {
    "type": "LineString",
    "coordinates": [
     [
      126.9584279,
      37.4667721
     ],
     [
      126.9584032,
      37.4667672
     ],
     [
      126.958248,
      37.4667674
     ]
    ]
   },
   "properties": {
    "type": "path",
    "role": "entrance_link",
    "building": "932",
    "entrances": [
     "932#a1"
    ],
    "source": "자동 접속선(scripts/entrance_links.py, 수치지형도 1:1,000 건물·장애물 회피)",
    "kind": "footway",
    "costFactor": 1,
    "snap": 0.5,
    "link": 1.0,
    "length_m": 16.0,
    "straight_m": 15.9,
    "detour": true,
    "max_grade": 8
   }
  },
  {
   "type": "Feature",
   "geometry": {
    "type": "LineString",
    "coordinates": [
     [
      126.9584279,
      37.4667721
     ],
     [
      126.9582374,
      37.4666635
     ]
    ]
   },
   "properties": {
    "type": "path",
    "role": "entrance_link",
    "building": "932",
    "entrances": [
     "932#a1"
    ],
    "source": "자동 접속선(scripts/entrance_links.py, 수치지형도 1:1,000 건물·장애물 회피)",
    "kind": "footway",
    "costFactor": 1,
    "snap": 0.5,
    "link": 1.0,
    "length_m": 20.7,
    "straight_m": 20.7,
    "max_grade": 7
   }
  },
  {
   "type": "Feature",
   "geometry": {
    "type": "LineString",
    "coordinates": [
     [
      126.9584279,
      37.4667721
     ],
     [
      126.9584032,
      37.4667672
     ],
     [
      126.9583749,
      37.4667672
     ],
     [
      126.9583636,
      37.4667762
     ],
     [
      126.9583703,
      37.4669924
     ]
    ]
   },
   "properties": {
    "type": "path",
    "role": "entrance_link",
    "building": "932",
    "entrances": [
     "932#a1"
    ],
    "source": "자동 접속선(scripts/entrance_links.py, 수치지형도 1:1,000 건물·장애물 회피)",
    "kind": "footway",
    "costFactor": 1,
    "snap": 0.5,
    "link": 1.0,
    "length_m": 30.2,
    "straight_m": 25.0,
    "detour": true,
    "max_grade": 7,
    "check": [
     "long"
    ]
   }
  },
  {
   "type": "Feature",
   "geometry": {
    "type": "LineString",
    "coordinates": [
     [
      126.9585488,
      37.4667631
     ],
     [
      126.9585499,
      37.4666395
     ]
    ]
   },
   "properties": {
    "type": "path",
    "role": "entrance_link",
    "building": "932",
    "entrances": [
     "932#a2"
    ],
    "source": "자동 접속선(scripts/entrance_links.py, 수치지형도 1:1,000 건물·장애물 회피)",
    "kind": "footway",
    "costFactor": 1,
    "snap": 0.5,
    "link": 1.0,
    "length_m": 13.7,
    "straight_m": 13.7
   }
  },
  {
   "type": "Feature",
   "geometry": {
    "type": "LineString",
    "coordinates": [
     [
      126.9585488,
      37.4667631
     ],
     [
      126.9586066,
      37.4667266
     ],
     [
      126.9586236,
      37.4667221
     ],
     [
      126.958793,
      37.4666964
     ]
    ]
   },
   "properties": {
    "type": "path",
    "role": "entrance_link",
    "building": "932",
    "entrances": [
     "932#a2"
    ],
    "source": "자동 접속선(scripts/entrance_links.py, 수치지형도 1:1,000 건물·장애물 회피)",
    "kind": "footway",
    "costFactor": 1,
    "snap": 0.5,
    "link": 1.0,
    "length_m": 23.4,
    "straight_m": 22.8,
    "detour": true
   }
  },
  {
   "type": "Feature",
   "geometry": {
    "type": "LineString",
    "coordinates": [
     [
      126.9585488,
      37.4667631
     ],
     [
      126.9585275,
      37.4667582
     ],
     [
      126.9582471,
      37.4667584
     ]
    ]
   },
   "properties": {
    "type": "path",
    "role": "entrance_link",
    "building": "932",
    "entrances": [
     "932#a2"
    ],
    "source": "자동 접속선(scripts/entrance_links.py, 수치지형도 1:1,000 건물·장애물 회피)",
    "kind": "footway",
    "costFactor": 1,
    "snap": 0.5,
    "link": 1.0,
    "length_m": 26.8,
    "straight_m": 26.7,
    "detour": true,
    "max_grade": 8,
    "check": [
     "long"
    ]
   }
  },
  {
   "type": "Feature",
   "geometry": {
    "type": "LineString",
    "coordinates": [
     [
      126.9585488,
      37.4667631
     ],
     [
      126.9582374,
      37.4666635
     ]
    ]
   },
   "properties": {
    "type": "path",
    "role": "entrance_link",
    "building": "932",
    "entrances": [
     "932#a2"
    ],
    "source": "자동 접속선(scripts/entrance_links.py, 수치지형도 1:1,000 건물·장애물 회피)",
    "kind": "footway",
    "costFactor": 1,
    "snap": 0.5,
    "link": 1.0,
    "length_m": 29.7,
    "straight_m": 29.7,
    "max_grade": 8,
    "check": [
     "long"
    ]
   }
  },
  {
   "type": "Feature",
   "geometry": {
    "type": "LineString",
    "coordinates": [
     [
      126.9586675,
      37.4667271
     ],
     [
      126.9586686,
      37.4666304
     ]
    ]
   },
   "properties": {
    "type": "path",
    "role": "entrance_link",
    "building": "932",
    "entrances": [
     "932#a3"
    ],
    "source": "자동 접속선(scripts/entrance_links.py, 수치지형도 1:1,000 건물·장애물 회피)",
    "kind": "footway",
    "costFactor": 1,
    "snap": 0.5,
    "link": 1.0,
    "length_m": 10.7,
    "straight_m": 10.7
   }
  },
  {
   "type": "Feature",
   "geometry": {
    "type": "LineString",
    "coordinates": [
     [
      126.9586675,
      37.4667271
     ],
     [
      126.9586858,
      37.4667176
     ],
     [
      126.958793,
      37.4666964
     ]
    ]
   },
   "properties": {
    "type": "path",
    "role": "entrance_link",
    "building": "932",
    "entrances": [
     "932#a3"
    ],
    "source": "자동 접속선(scripts/entrance_links.py, 수치지형도 1:1,000 건물·장애물 회피)",
    "kind": "footway",
    "costFactor": 1,
    "snap": 0.5,
    "link": 1.0,
    "length_m": 11.7,
    "straight_m": 11.6,
    "detour": true
   }
  },
  {
   "type": "Feature",
   "geometry": {
    "type": "LineString",
    "coordinates": [
     [
      126.9587896,
      37.4667172
     ],
     [
      126.958793,
      37.4666964
     ]
    ]
   },
   "properties": {
    "type": "path",
    "role": "entrance_link",
    "building": "932",
    "entrances": [
     "932#a4"
    ],
    "source": "자동 접속선(scripts/entrance_links.py, 수치지형도 1:1,000 건물·장애물 회피)",
    "kind": "footway",
    "costFactor": 1,
    "snap": 0.5,
    "link": 1.0,
    "length_m": 2.3,
    "straight_m": 2.3
   }
  },
  {
   "type": "Feature",
   "geometry": {
    "type": "LineString",
    "coordinates": [
     [
      126.9590778,
      37.4669199
     ],
     [
      126.9590767,
      37.4669924
     ]
    ]
   },
   "properties": {
    "type": "path",
    "role": "entrance_link",
    "building": "933",
    "entrances": [
     "933#a1"
    ],
    "source": "자동 접속선(scripts/entrance_links.py, 수치지형도 1:1,000 건물·장애물 회피)",
    "kind": "footway",
    "costFactor": 1,
    "snap": 0.5,
    "link": 1.0,
    "length_m": 8.0,
    "straight_m": 8.0,
    "max_grade": 3
   }
  },
  {
   "type": "Feature",
   "geometry": {
    "type": "LineString",
    "coordinates": [
     [
      126.9590778,
      37.4669199
     ],
     [
      126.9589472,
      37.4669207
     ]
    ]
   },
   "properties": {
    "type": "path",
    "role": "entrance_link",
    "building": "933",
    "entrances": [
     "933#a1"
    ],
    "source": "자동 접속선(scripts/entrance_links.py, 수치지형도 1:1,000 건물·장애물 회피)",
    "kind": "footway",
    "costFactor": 1,
    "snap": 0.5,
    "link": 1.0,
    "length_m": 11.6,
    "straight_m": 11.6,
    "max_grade": 3
   }
  },
  {
   "type": "Feature",
   "geometry": {
    "type": "LineString",
    "coordinates": [
     [
      126.9590778,
      37.4669199
     ],
     [
      126.9590757,
      37.4669519
     ],
     [
      126.959087,
      37.4669609
     ],
     [
      126.9592739,
      37.4669466
     ]
    ]
   },
   "properties": {
    "type": "path",
    "role": "entrance_link",
    "building": "933",
    "entrances": [
     "933#a1"
    ],
    "source": "자동 접속선(scripts/entrance_links.py, 수치지형도 1:1,000 건물·장애물 회피)",
    "kind": "footway",
    "costFactor": 1,
    "snap": 0.5,
    "link": 1.0,
    "length_m": 21.6,
    "straight_m": 17.6,
    "detour": true,
    "max_grade": 7
   }
  },
  {
   "type": "Feature",
   "geometry": {
    "type": "LineString",
    "coordinates": [
     [
      126.9590654,
      37.4668262
     ],
     [
      126.9589353,
      37.4668261
     ]
    ]
   },
   "properties": {
    "type": "path",
    "role": "entrance_link",
    "building": "933",
    "entrances": [
     "933#a2"
    ],
    "source": "자동 접속선(scripts/entrance_links.py, 수치지형도 1:1,000 건물·장애물 회피)",
    "kind": "footway",
    "costFactor": 1,
    "snap": 0.5,
    "link": 1.0,
    "length_m": 11.5,
    "straight_m": 11.5,
    "max_grade": 6
   }
  },
  {
   "type": "Feature",
   "geometry": {
    "type": "LineString",
    "coordinates": [
     [
      126.9590654,
      37.4668262
     ],
     [
      126.9589489,
      37.4669341
     ]
    ]
   },
   "properties": {
    "type": "path",
    "role": "entrance_link",
    "building": "933",
    "entrances": [
     "933#a2"
    ],
    "source": "자동 접속선(scripts/entrance_links.py, 수치지형도 1:1,000 건물·장애물 회피)",
    "kind": "footway",
    "costFactor": 1,
    "snap": 0.5,
    "link": 1.0,
    "length_m": 15.8,
    "straight_m": 15.8,
    "max_grade": 9
   }
  },
  {
   "type": "Feature",
   "geometry": {
    "type": "LineString",
    "coordinates": [
     [
      126.9590654,
      37.4668262
     ],
     [
      126.9590712,
      37.4669932
     ]
    ]
   },
   "properties": {
    "type": "path",
    "role": "entrance_link",
    "building": "933",
    "entrances": [
     "933#a2"
    ],
    "source": "자동 접속선(scripts/entrance_links.py, 수치지형도 1:1,000 건물·장애물 회피)",
    "kind": "footway",
    "costFactor": 1,
    "snap": 0.5,
    "link": 1.0,
    "length_m": 18.5,
    "straight_m": 18.5,
    "max_grade": 8
   }
  },
  {
   "type": "Feature",
   "geometry": {
    "type": "LineString",
    "coordinates": [
     [
      126.9590654,
      37.4668262
     ],
     [
      126.9589177,
      37.4666864
     ]
    ]
   },
   "properties": {
    "type": "path",
    "role": "entrance_link",
    "building": "933",
    "entrances": [
     "933#a2"
    ],
    "source": "자동 접속선(scripts/entrance_links.py, 수치지형도 1:1,000 건물·장애물 회피)",
    "kind": "footway",
    "costFactor": 1,
    "snap": 0.5,
    "link": 1.0,
    "length_m": 20.3,
    "straight_m": 20.3,
    "max_grade": 7
   }
  },
  {
   "type": "Feature",
   "geometry": {
    "type": "LineString",
    "coordinates": [
     [
      126.959019,
      37.4667361
     ],
     [
      126.958924,
      37.466736
     ]
    ]
   },
   "properties": {
    "type": "path",
    "role": "entrance_link",
    "building": "933",
    "entrances": [
     "933#a3"
    ],
    "source": "자동 접속선(scripts/entrance_links.py, 수치지형도 1:1,000 건물·장애물 회피)",
    "kind": "footway",
    "costFactor": 1,
    "snap": 0.5,
    "link": 1.0,
    "length_m": 8.4,
    "straight_m": 8.4,
    "max_grade": 11
   }
  },
  {
   "type": "Feature",
   "geometry": {
    "type": "LineString",
    "coordinates": [
     [
      126.959019,
      37.4667361
     ],
     [
      126.9589489,
      37.4669341
     ]
    ]
   },
   "properties": {
    "type": "path",
    "role": "entrance_link",
    "building": "933",
    "entrances": [
     "933#a3"
    ],
    "source": "자동 접속선(scripts/entrance_links.py, 수치지형도 1:1,000 건물·장애물 회피)",
    "kind": "footway",
    "costFactor": 1,
    "snap": 0.5,
    "link": 1.0,
    "length_m": 22.8,
    "straight_m": 22.8,
    "max_grade": 8
   }
  },
  {
   "type": "Feature",
   "geometry": {
    "type": "LineString",
    "coordinates": [
     [
      126.9590077,
      37.4666433
     ],
     [
      126.9589121,
      37.4666415
     ]
    ]
   },
   "properties": {
    "type": "path",
    "role": "entrance_link",
    "building": "933",
    "entrances": [
     "933#a4"
    ],
    "source": "자동 접속선(scripts/entrance_links.py, 수치지형도 1:1,000 건물·장애물 회피)",
    "kind": "footway",
    "costFactor": 1,
    "snap": 0.5,
    "link": 1.0,
    "length_m": 8.5,
    "straight_m": 8.5,
    "max_grade": 11
   }
  },
  {
   "type": "Feature",
   "geometry": {
    "type": "LineString",
    "coordinates": [
     [
      126.9590077,
      37.4666433
     ],
     [
      126.9589966,
      37.4665825
     ],
     [
      126.9591125,
      37.4664886
     ]
    ]
   },
   "properties": {
    "type": "path",
    "role": "entrance_link",
    "building": "933",
    "entrances": [
     "933#a4"
    ],
    "source": "자동 접속선(scripts/entrance_links.py, 수치지형도 1:1,000 건물·장애물 회피)",
    "kind": "footway",
    "costFactor": 1,
    "snap": 0.5,
    "link": 1.0,
    "length_m": 21.4,
    "straight_m": 19.5,
    "detour": true,
    "max_grade": 8
   }
  },
  {
   "type": "Feature",
   "geometry": {
    "type": "LineString",
    "coordinates": [
     [
      126.9590077,
      37.4666433
     ],
     [
      126.9589966,
      37.466587
     ],
     [
      126.9590135,
      37.4665735
     ],
     [
      126.9592002,
      37.4665638
     ]
    ]
   },
   "properties": {
    "type": "path",
    "role": "entrance_link",
    "building": "933",
    "entrances": [
     "933#a4"
    ],
    "source": "자동 접속선(scripts/entrance_links.py, 수치지형도 1:1,000 건물·장애물 회피)",
    "kind": "footway",
    "costFactor": 1,
    "snap": 0.5,
    "link": 1.0,
    "length_m": 25.0,
    "straight_m": 19.2,
    "detour": true,
    "max_grade": 11
   }
  },
  {
   "type": "Feature",
   "geometry": {
    "type": "LineString",
    "coordinates": [
     [
      126.9593819,
      37.4668938
     ],
     [
      126.9592638,
      37.4668938
     ]
    ]
   },
   "properties": {
    "type": "path",
    "role": "entrance_link",
    "building": "934",
    "entrances": [
     "934#a1"
    ],
    "source": "자동 접속선(scripts/entrance_links.py, 수치지형도 1:1,000 건물·장애물 회피)",
    "kind": "footway",
    "costFactor": 1,
    "snap": 0.5,
    "link": 1.0,
    "length_m": 10.5,
    "straight_m": 10.5,
    "max_grade": 6
   }
  },
  {
   "type": "Feature",
   "geometry": {
    "type": "LineString",
    "coordinates": [
     [
      126.9593819,
      37.4668938
     ],
     [
      126.9592786,
      37.4669707
     ]
    ]
   },
   "properties": {
    "type": "path",
    "role": "entrance_link",
    "building": "934",
    "entrances": [
     "934#a1"
    ],
    "source": "자동 접속선(scripts/entrance_links.py, 수치지형도 1:1,000 건물·장애물 회피)",
    "kind": "footway",
    "costFactor": 1,
    "snap": 0.5,
    "link": 1.0,
    "length_m": 12.5,
    "straight_m": 12.5,
    "max_grade": 10
   }
  },
  {
   "type": "Feature",
   "geometry": {
    "type": "LineString",
    "coordinates": [
     [
      126.9593819,
      37.4668938
     ],
     [
      126.9593729,
      37.4670917
     ]
    ]
   },
   "properties": {
    "type": "path",
    "role": "entrance_link",
    "building": "934",
    "entrances": [
     "934#a1"
    ],
    "source": "자동 접속선(scripts/entrance_links.py, 수치지형도 1:1,000 건물·장애물 회피)",
    "kind": "footway",
    "costFactor": 1,
    "snap": 0.5,
    "link": 1.0,
    "length_m": 22.0,
    "straight_m": 22.0,
    "max_grade": 13
   }
  },
  {
   "type": "Feature",
   "geometry": {
    "type": "LineString",
    "coordinates": [
     [
      126.9593705,
      37.466801
     ],
     [
      126.9592464,
      37.4668038
     ]
    ]
   },
   "properties": {
    "type": "path",
    "role": "entrance_link",
    "building": "934",
    "entrances": [
     "934#a2"
    ],
    "source": "자동 접속선(scripts/entrance_links.py, 수치지형도 1:1,000 건물·장애물 회피)",
    "kind": "footway",
    "costFactor": 1,
    "snap": 0.5,
    "link": 1.0,
    "length_m": 11.0,
    "straight_m": 11.0,
    "max_grade": 7
   }
  },
  {
   "type": "Feature",
   "geometry": {
    "type": "LineString",
    "coordinates": [
     [
      126.9593705,
      37.466801
     ],
     [
      126.9592773,
      37.4669639
     ]
    ]
   },
   "properties": {
    "type": "path",
    "role": "entrance_link",
    "building": "934",
    "entrances": [
     "934#a2"
    ],
    "source": "자동 접속선(scripts/entrance_links.py, 수치지형도 1:1,000 건물·장애물 회피)",
    "kind": "footway",
    "costFactor": 1,
    "snap": 0.5,
    "link": 1.0,
    "length_m": 19.9,
    "straight_m": 19.9,
    "max_grade": 10
   }
  },
  {
   "type": "Feature",
   "geometry": {
    "type": "LineString",
    "coordinates": [
     [
      126.9593253,
      37.4667109
     ],
     [
      126.9592291,
      37.4667137
     ]
    ]
   },
   "properties": {
    "type": "path",
    "role": "entrance_link",
    "building": "934",
    "entrances": [
     "934#a3"
    ],
    "source": "자동 접속선(scripts/entrance_links.py, 수치지형도 1:1,000 건물·장애물 회피)",
    "kind": "footway",
    "costFactor": 1,
    "snap": 0.5,
    "link": 1.0,
    "length_m": 8.5,
    "straight_m": 8.5,
    "max_grade": 7
   }
  },
  {
   "type": "Feature",
   "geometry": {
    "type": "LineString",
    "coordinates": [
     [
      126.9593253,
      37.4667109
     ],
     [
      126.959185,
      37.4665243
     ]
    ]
   },
   "properties": {
    "type": "path",
    "role": "entrance_link",
    "building": "934",
    "entrances": [
     "934#a3"
    ],
    "source": "자동 접속선(scripts/entrance_links.py, 수치지형도 1:1,000 건물·장애물 회피)",
    "kind": "footway",
    "costFactor": 1,
    "snap": 0.5,
    "link": 1.0,
    "length_m": 24.2,
    "straight_m": 24.2,
    "max_grade": 6
   }
  },
  {
   "type": "Feature",
   "geometry": {
    "type": "LineString",
    "coordinates": [
     [
      126.959314,
      37.4666163
     ],
     [
      126.9592109,
      37.4666193
     ]
    ]
   },
   "properties": {
    "type": "path",
    "role": "entrance_link",
    "building": "934",
    "entrances": [
     "934#a4"
    ],
    "source": "자동 접속선(scripts/entrance_links.py, 수치지형도 1:1,000 건물·장애물 회피)",
    "kind": "footway",
    "costFactor": 1,
    "snap": 0.5,
    "link": 1.0,
    "length_m": 9.1,
    "straight_m": 9.1,
    "max_grade": 6
   }
  },
  {
   "type": "Feature",
   "geometry": {
    "type": "LineString",
    "coordinates": [
     [
      126.9595084,
      37.4672344
     ],
     [
      126.9595134,
      37.467136
     ]
    ]
   },
   "properties": {
    "type": "path",
    "role": "entrance_link",
    "building": "935",
    "entrances": [
     "935#a1"
    ],
    "source": "자동 접속선(scripts/entrance_links.py, 수치지형도 1:1,000 건물·장애물 회피)",
    "kind": "footway",
    "costFactor": 1,
    "snap": 0.5,
    "link": 1.0,
    "length_m": 10.9,
    "straight_m": 10.9,
    "max_grade": 3
   }
  },
  {
   "type": "Feature",
   "geometry": {
    "type": "LineString",
    "coordinates": [
     [
      126.9595084,
      37.4672344
     ],
     [
      126.9592973,
      37.4670679
     ]
    ]
   },
   "properties": {
    "type": "path",
    "role": "entrance_link",
    "building": "935",
    "entrances": [
     "935#a1"
    ],
    "source": "자동 접속선(scripts/entrance_links.py, 수치지형도 1:1,000 건물·장애물 회피)",
    "kind": "footway",
    "costFactor": 1,
    "snap": 0.5,
    "link": 1.0,
    "length_m": 26.3,
    "straight_m": 26.3,
    "max_grade": 10,
    "check": [
     "long"
    ]
   }
  },
  {
   "type": "Feature",
   "geometry": {
    "type": "LineString",
    "coordinates": [
     [
      126.9596215,
      37.4672713
     ],
     [
      126.9596432,
      37.4671768
     ]
    ]
   },
   "properties": {
    "type": "path",
    "role": "entrance_link",
    "building": "935",
    "entrances": [
     "935#a2"
    ],
    "source": "자동 접속선(scripts/entrance_links.py, 수치지형도 1:1,000 건물·장애물 회피)",
    "kind": "footway",
    "costFactor": 1,
    "snap": 0.5,
    "link": 1.0,
    "length_m": 10.7,
    "straight_m": 10.7,
    "max_grade": 4
   }
  },
  {
   "type": "Feature",
   "geometry": {
    "type": "LineString",
    "coordinates": [
     [
      126.9597458,
      37.4672821
     ],
     [
      126.9597564,
      37.4672125
     ]
    ]
   },
   "properties": {
    "type": "path",
    "role": "entrance_link",
    "building": "935",
    "entrances": [
     "935#a3"
    ],
    "source": "자동 접속선(scripts/entrance_links.py, 수치지형도 1:1,000 건물·장애물 회피)",
    "kind": "footway",
    "costFactor": 1,
    "snap": 0.5,
    "link": 1.0,
    "length_m": 7.8,
    "straight_m": 7.8,
    "max_grade": 1
   }
  },
  {
   "type": "Feature",
   "geometry": {
    "type": "LineString",
    "coordinates": [
     [
      126.9597458,
      37.4672821
     ],
     [
      126.9597821,
      37.4672808
     ],
     [
      126.9599291,
      37.4673348
     ],
     [
      126.9599857,
      37.4673782
     ]
    ]
   },
   "properties": {
    "type": "path",
    "role": "entrance_link",
    "building": "935",
    "entrances": [
     "935#a3"
    ],
    "source": "자동 접속선(scripts/entrance_links.py, 수치지형도 1:1,000 건물·장애물 회피)",
    "kind": "footway",
    "costFactor": 1,
    "snap": 0.5,
    "link": 1.0,
    "length_m": 24.5,
    "straight_m": 23.8,
    "detour": true,
    "max_grade": 3
   }
  },
  {
   "type": "Feature",
   "geometry": {
    "type": "LineString",
    "coordinates": [
     [
      126.95986,
      37.467319
     ],
     [
      126.9598863,
      37.4672534
     ]
    ]
   },
   "properties": {
    "type": "path",
    "role": "entrance_link",
    "building": "935",
    "entrances": [
     "935#a4"
    ],
    "source": "자동 접속선(scripts/entrance_links.py, 수치지형도 1:1,000 건물·장애물 회피)",
    "kind": "footway",
    "costFactor": 1,
    "snap": 0.5,
    "link": 1.0,
    "length_m": 7.6,
    "straight_m": 7.6,
    "max_grade": 2
   }
  },
  {
   "type": "Feature",
   "geometry": {
    "type": "LineString",
    "coordinates": [
     [
      126.95986,
      37.467319
     ],
     [
      126.9598951,
      37.4673168
     ],
     [
      126.9599517,
      37.4673529
     ],
     [
      126.9599857,
      37.4673782
     ]
    ]
   },
   "properties": {
    "type": "path",
    "role": "entrance_link",
    "building": "935",
    "entrances": [
     "935#a4"
    ],
    "source": "자동 접속선(scripts/entrance_links.py, 수치지형도 1:1,000 건물·장애물 회피)",
    "kind": "footway",
    "costFactor": 1,
    "snap": 0.5,
    "link": 1.0,
    "length_m": 13.6,
    "straight_m": 12.9,
    "detour": true,
    "max_grade": 3
   }
  },
  {
   "type": "Feature",
   "geometry": {
    "type": "LineString",
    "coordinates": [
     [
      126.9607676,
      37.4661311
     ],
     [
      126.9607623,
      37.4661346
     ]
    ]
   },
   "properties": {
    "type": "path",
    "role": "entrance_link",
    "building": "942",
    "entrances": [
     "942#a1"
    ],
    "source": "자동 접속선(scripts/entrance_links.py, 수치지형도 1:1,000 건물·장애물 회피)",
    "kind": "footway",
    "costFactor": 1,
    "snap": 0.5,
    "link": 1.0,
    "length_m": 0.6,
    "straight_m": 0.6
   }
  },
  {
   "type": "Feature",
   "geometry": {
    "type": "LineString",
    "coordinates": [
     [
      126.9609767,
      37.4658269
     ],
     [
      126.9609859,
      37.4658166
     ],
     [
      126.9610418,
      37.4657734
     ]
    ]
   },
   "properties": {
    "type": "path",
    "role": "entrance_link",
    "building": "942",
    "entrances": [
     "942#a2"
    ],
    "source": "자동 접속선(scripts/entrance_links.py, 수치지형도 1:1,000 건물·장애물 회피)",
    "kind": "footway",
    "costFactor": 1,
    "snap": 0.5,
    "link": 1.0,
    "length_m": 8.3,
    "straight_m": 8.3,
    "detour": true,
    "max_grade": 1
   }
  },
  {
   "type": "Feature",
   "geometry": {
    "type": "LineString",
    "coordinates": [
     [
      126.9606161,
      37.4658035
     ],
     [
      126.96048,
      37.4659182
     ]
    ]
   },
   "properties": {
    "type": "path",
    "role": "entrance_link",
    "building": "942",
    "entrances": [
     "942#a3"
    ],
    "source": "자동 접속선(scripts/entrance_links.py, 수치지형도 1:1,000 건물·장애물 회피)",
    "kind": "footway",
    "costFactor": 1,
    "snap": 0.5,
    "link": 1.0,
    "length_m": 17.5,
    "straight_m": 17.5,
    "max_grade": 1
   }
  },
  {
   "type": "Feature",
   "geometry": {
    "type": "LineString",
    "coordinates": [
     [
      126.9606161,
      37.4658035
     ],
     [
      126.9603589,
      37.4658254
     ]
    ]
   },
   "properties": {
    "type": "path",
    "role": "entrance_link",
    "building": "942",
    "entrances": [
     "942#a3"
    ],
    "source": "자동 접속선(scripts/entrance_links.py, 수치지형도 1:1,000 건물·장애물 회피)",
    "kind": "footway",
    "costFactor": 1,
    "snap": 0.5,
    "link": 1.0,
    "length_m": 22.9,
    "straight_m": 22.9,
    "max_grade": 3
   }
  },
  {
   "type": "Feature",
   "geometry": {
    "type": "LineString",
    "coordinates": [
     [
      126.9582911,
      37.4654918
     ],
     [
      126.9579208,
      37.4654922
     ]
    ]
   },
   "properties": {
    "type": "path",
    "role": "entrance_link",
    "building": "946",
    "entrances": [
     "946#a1"
    ],
    "source": "자동 접속선(scripts/entrance_links.py, 수치지형도 1:1,000 건물·장애물 회피)",
    "kind": "footway",
    "costFactor": 1,
    "snap": 0.5,
    "link": 1.0,
    "length_m": 32.8,
    "straight_m": 32.8,
    "max_grade": 7,
    "check": [
     "long"
    ]
   }
  },
  {
   "type": "Feature",
   "geometry": {
    "type": "LineString",
    "coordinates": [
     [
      126.9582911,
      37.4654918
     ],
     [
      126.9579383,
      37.4652328
     ]
    ]
   },
   "properties": {
    "type": "path",
    "role": "entrance_link",
    "building": "946",
    "entrances": [
     "946#a1"
    ],
    "source": "자동 접속선(scripts/entrance_links.py, 수치지형도 1:1,000 건물·장애물 회피)",
    "kind": "steps",
    "costFactor": 1.2,
    "snap": 0.5,
    "link": 1.0,
    "length_m": 42.4,
    "straight_m": 42.4,
    "max_grade": 7,
    "check": [
     "long"
    ]
   }
  },
  {
   "type": "Feature",
   "geometry": {
    "type": "LineString",
    "coordinates": [
     [
      126.9582911,
      37.4654918
     ],
     [
      126.9580471,
      37.4655238
     ],
     [
      126.9580302,
      37.4655373
     ],
     [
      126.9579059,
      37.4657034
     ]
    ]
   },
   "properties": {
    "type": "path",
    "role": "entrance_link",
    "building": "946",
    "entrances": [
     "946#a1"
    ],
    "source": "자동 접속선(scripts/entrance_links.py, 수치지형도 1:1,000 건물·장애물 회피)",
    "kind": "steps",
    "costFactor": 1.2,
    "snap": 0.5,
    "link": 1.0,
    "length_m": 45.5,
    "straight_m": 41.4,
    "detour": true,
    "max_grade": 10,
    "check": [
     "long"
    ]
   }
  },
  {
   "type": "Feature",
   "geometry": {
    "type": "LineString",
    "coordinates": [
     [
      126.9580854,
      37.4649188
     ],
     [
      126.9580641,
      37.4647534
     ],
     [
      126.958055,
      37.4647441
     ]
    ]
   },
   "properties": {
    "type": "path",
    "role": "entrance_link",
    "building": "946",
    "entrances": [
     "946#a2"
    ],
    "source": "자동 접속선(scripts/entrance_links.py, 수치지형도 1:1,000 건물·장애물 회피)",
    "kind": "steps",
    "costFactor": 1.2,
    "snap": 0.5,
    "link": 1.0,
    "length_m": 19.8,
    "straight_m": 19.6,
    "detour": true,
    "max_grade": 9
   }
  },
  {
   "type": "Feature",
   "geometry": {
    "type": "LineString",
    "coordinates": [
     [
      126.9580854,
      37.4649188
     ],
     [
      126.9581715,
      37.4647399
     ],
     [
      126.9582024,
      37.4647141
     ]
    ]
   },
   "properties": {
    "type": "path",
    "role": "entrance_link",
    "building": "946",
    "entrances": [
     "946#a2"
    ],
    "source": "자동 접속선(scripts/entrance_links.py, 수치지형도 1:1,000 건물·장애물 회피)",
    "kind": "steps",
    "costFactor": 1.2,
    "snap": 0.5,
    "link": 1.0,
    "length_m": 25.2,
    "straight_m": 25.0,
    "detour": true,
    "max_grade": 15,
    "check": [
     "long"
    ]
   }
  },
  {
   "type": "Feature",
   "geometry": {
    "type": "LineString",
    "coordinates": [
     [
      126.9580854,
      37.4649188
     ],
     [
      126.9581314,
      37.4646494
     ]
    ]
   },
   "properties": {
    "type": "path",
    "role": "entrance_link",
    "building": "946",
    "entrances": [
     "946#a2"
    ],
    "source": "자동 접속선(scripts/entrance_links.py, 수치지형도 1:1,000 건물·장애물 회피)",
    "kind": "steps",
    "costFactor": 1.2,
    "snap": 0.5,
    "link": 1.0,
    "length_m": 30.2,
    "straight_m": 30.2,
    "max_grade": 17,
    "check": [
     "long"
    ]
   }
  },
  {
   "type": "Feature",
   "geometry": {
    "type": "LineString",
    "coordinates": [
     [
      126.9483153,
      37.4663523
     ],
     [
      126.9484435,
      37.466353
     ]
    ]
   },
   "properties": {
    "type": "path",
    "role": "entrance_link",
    "building": "GATE",
    "entrances": [
     "GATE#1"
    ],
    "source": "자동 접속선(scripts/entrance_links.py, 수치지형도 1:1,000 건물·장애물 회피)",
    "kind": "footway",
    "costFactor": 1,
    "snap": 0.5,
    "link": 1.0,
    "length_m": 11.3,
    "straight_m": 11.3,
    "max_grade": 9
   }
  },
  {
   "type": "Feature",
   "geometry": {
    "type": "LineString",
    "coordinates": [
     [
      126.9483153,
      37.4663523
     ],
     [
      126.9481495,
      37.4663526
     ]
    ]
   },
   "properties": {
    "type": "path",
    "role": "entrance_link",
    "building": "GATE",
    "entrances": [
     "GATE#1"
    ],
    "source": "자동 접속선(scripts/entrance_links.py, 수치지형도 1:1,000 건물·장애물 회피)",
    "kind": "footway",
    "costFactor": 1,
    "snap": 0.5,
    "link": 1.0,
    "length_m": 14.7,
    "straight_m": 14.7,
    "max_grade": 9
   }
  },
  {
   "type": "Feature",
   "geometry": {
    "type": "LineString",
    "coordinates": [
     [
      126.9483153,
      37.4663523
     ],
     [
      126.9481796,
      37.4662561
     ]
    ]
   },
   "properties": {
    "type": "path",
    "role": "entrance_link",
    "building": "GATE",
    "entrances": [
     "GATE#1"
    ],
    "source": "자동 접속선(scripts/entrance_links.py, 수치지형도 1:1,000 건물·장애물 회피)",
    "kind": "footway",
    "costFactor": 1,
    "snap": 0.5,
    "link": 1.0,
    "length_m": 16.1,
    "straight_m": 16.1,
    "max_grade": 6
   }
  },
  {
   "type": "Feature",
   "geometry": {
    "type": "LineString",
    "coordinates": [
     [
      126.9483153,
      37.4663523
     ],
     [
      126.9483146,
      37.4665829
     ]
    ]
   },
   "properties": {
    "type": "path",
    "role": "entrance_link",
    "building": "GATE",
    "entrances": [
     "GATE#1"
    ],
    "source": "자동 접속선(scripts/entrance_links.py, 수치지형도 1:1,000 건물·장애물 회피)",
    "kind": "footway",
    "costFactor": 1,
    "snap": 0.5,
    "link": 1.0,
    "length_m": 25.6,
    "straight_m": 25.6,
    "max_grade": 2,
    "check": [
     "long"
    ]
   }
  },
  {
   "type": "Feature",
   "geometry": {
    "type": "LineString",
    "coordinates": [
     [
      126.952018,
      37.460383
     ],
     [
      126.9520246,
      37.4605141
     ]
    ]
   },
   "properties": {
    "type": "path",
    "role": "entrance_link",
    "building": "1",
    "entrances": [
     "1#1"
    ],
    "source": "자동 접속선(scripts/entrance_links.py, 수치지형도 1:1,000 건물·장애물 회피)",
    "kind": "steps",
    "costFactor": 1.2,
    "snap": 0.5,
    "link": 1.0,
    "length_m": 14.6,
    "straight_m": 14.6,
    "max_grade": 15
   }
  },
  {
   "type": "Feature",
   "geometry": {
    "type": "LineString",
    "coordinates": [
     [
      126.952018,
      37.460383
     ],
     [
      126.9517704,
      37.4601918
     ]
    ]
   },
   "properties": {
    "type": "path",
    "role": "entrance_link",
    "building": "1",
    "entrances": [
     "1#1"
    ],
    "source": "자동 접속선(scripts/entrance_links.py, 수치지형도 1:1,000 건물·장애물 회피)",
    "kind": "footway",
    "costFactor": 1,
    "snap": 0.5,
    "link": 1.0,
    "length_m": 30.5,
    "straight_m": 30.5,
    "max_grade": 15,
    "check": [
     "long"
    ]
   }
  },
  {
   "type": "Feature",
   "geometry": {
    "type": "LineString",
    "coordinates": [
     [
      126.952018,
      37.460383
     ],
     [
      126.9519888,
      37.4603024
     ],
     [
      126.9519873,
      37.460113
     ]
    ]
   },
   "properties": {
    "type": "path",
    "role": "entrance_link",
    "building": "1",
    "entrances": [
     "1#1"
    ],
    "source": "자동 접속선(scripts/entrance_links.py, 수치지형도 1:1,000 건물·장애물 회피)",
    "kind": "footway",
    "costFactor": 1,
    "snap": 0.5,
    "link": 1.0,
    "length_m": 30.3,
    "straight_m": 30.1,
    "detour": true,
    "max_grade": 13,
    "check": [
     "long"
    ]
   }
  },
  {
   "type": "Feature",
   "geometry": {
    "type": "LineString",
    "coordinates": [
     [
      126.952293,
      37.460178
     ],
     [
      126.9522859,
      37.4601637
     ]
    ]
   },
   "properties": {
    "type": "path",
    "role": "entrance_link",
    "building": "1",
    "entrances": [
     "1#2"
    ],
    "source": "자동 접속선(scripts/entrance_links.py, 수치지형도 1:1,000 건물·장애물 회피)",
    "kind": "footway",
    "costFactor": 1,
    "snap": 0.5,
    "link": 1.0,
    "length_m": 1.7,
    "straight_m": 1.7
   }
  },
  {
   "type": "Feature",
   "geometry": {
    "type": "LineString",
    "coordinates": [
     [
      126.952679,
      37.460185
     ],
     [
      126.9527353,
      37.460175
     ]
    ]
   },
   "properties": {
    "type": "path",
    "role": "entrance_link",
    "building": "1",
    "entrances": [
     "1#3"
    ],
    "source": "자동 접속선(scripts/entrance_links.py, 수치지형도 1:1,000 건물·장애물 회피)",
    "kind": "footway",
    "costFactor": 1,
    "snap": 0.5,
    "link": 1.0,
    "length_m": 5.1,
    "straight_m": 5.1
   }
  },
  {
   "type": "Feature",
   "geometry": {
    "type": "LineString",
    "coordinates": [
     [
      126.952641,
      37.460465
     ],
     [
      126.9525774,
      37.4605025
     ]
    ]
   },
   "properties": {
    "type": "path",
    "role": "entrance_link",
    "building": "2",
    "entrances": [
     "2#1",
     "250#1"
    ],
    "source": "자동 접속선(scripts/entrance_links.py, 수치지형도 1:1,000 건물·장애물 회피)",
    "kind": "footway",
    "costFactor": 1,
    "snap": 0.5,
    "link": 1.0,
    "length_m": 7.0,
    "straight_m": 7.0,
    "max_grade": 4,
    "door_depth_m": 1.6
   }
  },
  {
   "type": "Feature",
   "geometry": {
    "type": "LineString",
    "coordinates": [
     [
      126.952641,
      37.460465
     ],
     [
      126.9525483,
      37.4604106
     ],
     [
      126.9525051,
      37.4603821
     ]
    ]
   },
   "properties": {
    "type": "path",
    "role": "entrance_link",
    "building": "2",
    "entrances": [
     "2#1",
     "250#1"
    ],
    "source": "자동 접속선(scripts/entrance_links.py, 수치지형도 1:1,000 건물·장애물 회피)",
    "kind": "steps",
    "costFactor": 1.2,
    "snap": 0.5,
    "link": 1.0,
    "length_m": 15.1,
    "straight_m": 15.1,
    "detour": true,
    "max_grade": 4,
    "door_depth_m": 1.6
   }
  },
  {
   "type": "Feature",
   "geometry": {
    "type": "LineString",
    "coordinates": [
     [
      126.952641,
      37.460465
     ],
     [
      126.9526331,
      37.4605007
     ],
     [
      126.952667,
      37.4605727
     ],
     [
      126.95276,
      37.4606495
     ]
    ]
   },
   "properties": {
    "type": "path",
    "role": "entrance_link",
    "building": "2",
    "entrances": [
     "2#1",
     "250#1"
    ],
    "source": "자동 접속선(scripts/entrance_links.py, 수치지형도 1:1,000 건물·장애물 회피)",
    "kind": "footway",
    "costFactor": 1,
    "snap": 0.5,
    "link": 1.0,
    "length_m": 24.4,
    "straight_m": 23.0,
    "detour": true,
    "max_grade": 2,
    "door_depth_m": 1.6
   }
  },
  {
   "type": "Feature",
   "geometry": {
    "type": "LineString",
    "coordinates": [
     [
      126.952678,
      37.460541
     ],
     [
      126.9526211,
      37.4605752
     ]
    ]
   },
   "properties": {
    "type": "path",
    "role": "entrance_link",
    "building": "2",
    "entrances": [
     "2#2",
     "250#2"
    ],
    "source": "자동 접속선(scripts/entrance_links.py, 수치지형도 1:1,000 건물·장애물 회피)",
    "kind": "footway",
    "costFactor": 1,
    "snap": 0.5,
    "link": 1.0,
    "length_m": 6.3,
    "straight_m": 6.3,
    "max_grade": 3,
    "door_depth_m": 1.8
   }
  },
  {
   "type": "Feature",
   "geometry": {
    "type": "LineString",
    "coordinates": [
     [
      126.952678,
      37.460541
     ],
     [
      126.952667,
      37.4605727
     ],
     [
      126.95276,
      37.4606495
     ]
    ]
   },
   "properties": {
    "type": "path",
    "role": "entrance_link",
    "building": "2",
    "entrances": [
     "2#2",
     "250#2"
    ],
    "source": "자동 접속선(scripts/entrance_links.py, 수치지형도 1:1,000 건물·장애물 회피)",
    "kind": "footway",
    "costFactor": 1,
    "snap": 0.5,
    "link": 1.0,
    "length_m": 15.5,
    "straight_m": 14.1,
    "detour": true,
    "max_grade": 1,
    "door_depth_m": 1.8
   }
  },
  {
   "type": "Feature",
   "geometry": {
    "type": "LineString",
    "coordinates": [
     [
      126.952678,
      37.460541
     ],
     [
      126.9526501,
      37.4605277
     ],
     [
      126.9526444,
      37.4605232
     ],
     [
      126.9525051,
      37.4603821
     ]
    ]
   },
   "properties": {
    "type": "path",
    "role": "entrance_link",
    "building": "2",
    "entrances": [
     "2#2",
     "250#2"
    ],
    "source": "자동 접속선(scripts/entrance_links.py, 수치지형도 1:1,000 건물·장애물 회피)",
    "kind": "steps",
    "costFactor": 1.2,
    "snap": 0.5,
    "link": 1.0,
    "length_m": 23.5,
    "straight_m": 23.3,
    "detour": true,
    "max_grade": 3,
    "door_depth_m": 1.8
   }
  },
  {
   "type": "Feature",
   "geometry": {
    "type": "LineString",
    "coordinates": [
     [
      126.952592,
      37.460311
     ],
     [
      126.9525653,
      37.460334
     ],
     [
      126.9525051,
      37.4603821
     ]
    ]
   },
   "properties": {
    "type": "path",
    "role": "entrance_link",
    "building": "2",
    "entrances": [
     "2#3",
     "250#3"
    ],
    "source": "자동 접속선(scripts/entrance_links.py, 수치지형도 1:1,000 건물·장애물 회피)",
    "kind": "steps",
    "costFactor": 1.2,
    "snap": 0.5,
    "link": 1.0,
    "length_m": 11.0,
    "straight_m": 11.0,
    "detour": true,
    "max_grade": 6,
    "door_depth_m": 0.7
   }
  },
  {
   "type": "Feature",
   "geometry": {
    "type": "LineString",
    "coordinates": [
     [
      126.95274,
      37.460318
     ],
     [
      126.9527751,
      37.4602966
     ]
    ]
   },
   "properties": {
    "type": "path",
    "role": "entrance_link",
    "building": "2",
    "entrances": [
     "2#4",
     "250#4"
    ],
    "source": "자동 접속선(scripts/entrance_links.py, 수치지형도 1:1,000 건물·장애물 회피)",
    "kind": "footway",
    "costFactor": 1,
    "snap": 0.5,
    "link": 1.0,
    "length_m": 3.9,
    "straight_m": 3.9
   }
  },
  {
   "type": "Feature",
   "geometry": {
    "type": "LineString",
    "coordinates": [
     [
      126.953137,
      37.460448
     ],
     [
      126.9531362,
      37.4604466
     ]
    ]
   },
   "properties": {
    "type": "path",
    "role": "entrance_link",
    "building": "2",
    "entrances": [
     "2#5"
    ],
    "source": "자동 접속선(scripts/entrance_links.py, 수치지형도 1:1,000 건물·장애물 회피)",
    "kind": "footway",
    "costFactor": 1,
    "snap": 0.5,
    "link": 1.0,
    "length_m": 0.2,
    "straight_m": 0.2
   }
  },
  {
   "type": "Feature",
   "geometry": {
    "type": "LineString",
    "coordinates": [
     [
      126.953235,
      37.460397
     ],
     [
      126.9532616,
      37.4604106
     ]
    ]
   },
   "properties": {
    "type": "path",
    "role": "entrance_link",
    "building": "2",
    "entrances": [
     "2#6",
     "250#5"
    ],
    "source": "자동 접속선(scripts/entrance_links.py, 수치지형도 1:1,000 건물·장애물 회피)",
    "kind": "footway",
    "costFactor": 1,
    "snap": 0.5,
    "link": 1.0,
    "length_m": 2.8,
    "straight_m": 2.8,
    "door_depth_m": 2.4
   }
  },
  {
   "type": "Feature",
   "geometry": {
    "type": "LineString",
    "coordinates": [
     [
      126.953235,
      37.460397
     ],
     [
      126.9532209,
      37.4604241
     ],
     [
      126.9532152,
      37.4604286
     ],
     [
      126.9531474,
      37.4604466
     ],
     [
      126.9531367,
      37.4604479
     ]
    ]
   },
   "properties": {
    "type": "path",
    "role": "entrance_link",
    "building": "2",
    "entrances": [
     "2#6",
     "250#5"
    ],
    "source": "자동 접속선(scripts/entrance_links.py, 수치지형도 1:1,000 건물·장애물 회피)",
    "kind": "footway",
    "costFactor": 1,
    "snap": 0.5,
    "link": 1.0,
    "length_m": 11.2,
    "straight_m": 10.4,
    "detour": true,
    "max_grade": 6,
    "door_depth_m": 2.4
   }
  },
  {
   "type": "Feature",
   "geometry": {
    "type": "LineString",
    "coordinates": [
     [
      126.953254,
      37.460291
     ],
     [
      126.9532774,
      37.4603024
     ],
     [
      126.9533481,
      37.4603632
     ]
    ]
   },
   "properties": {
    "type": "path",
    "role": "entrance_link",
    "building": "2",
    "entrances": [
     "2#7",
     "250#6"
    ],
    "source": "자동 접속선(scripts/entrance_links.py, 수치지형도 1:1,000 건물·장애물 회피)",
    "kind": "footway",
    "costFactor": 1,
    "snap": 0.5,
    "link": 1.0,
    "length_m": 11.6,
    "straight_m": 11.6,
    "detour": true,
    "max_grade": 1,
    "door_depth_m": 1.8
   }
  },
  {
   "type": "Feature",
   "geometry": {
    "type": "LineString",
    "coordinates": [
     [
      126.953254,
      37.460291
     ],
     [
      126.9533537,
      37.46021
     ]
    ]
   },
   "properties": {
    "type": "path",
    "role": "entrance_link",
    "building": "2",
    "entrances": [
     "2#7",
     "250#6"
    ],
    "source": "자동 접속선(scripts/entrance_links.py, 수치지형도 1:1,000 건물·장애물 회피)",
    "kind": "footway",
    "costFactor": 1,
    "snap": 0.5,
    "link": 1.0,
    "length_m": 12.6,
    "straight_m": 12.6,
    "max_grade": 6,
    "door_depth_m": 1.8
   }
  },
  {
   "type": "Feature",
   "geometry": {
    "type": "LineString",
    "coordinates": [
     [
      126.953254,
      37.460291
     ],
     [
      126.9532661,
      37.4602574
     ],
     [
      126.9532125,
      37.4601531
     ]
    ]
   },
   "properties": {
    "type": "path",
    "role": "entrance_link",
    "building": "2",
    "entrances": [
     "2#7",
     "250#6"
    ],
    "source": "자동 접속선(scripts/entrance_links.py, 수치지형도 1:1,000 건물·장애물 회피)",
    "kind": "steps",
    "costFactor": 1.2,
    "snap": 0.5,
    "link": 1.0,
    "length_m": 16.4,
    "straight_m": 15.7,
    "detour": true,
    "max_grade": 5,
    "door_depth_m": 1.8
   }
  },
  {
   "type": "Feature",
   "geometry": {
    "type": "LineString",
    "coordinates": [
     [
      126.953219,
      37.460782
     ],
     [
      126.9532064,
      37.4607569
     ]
    ]
   },
   "properties": {
    "type": "path",
    "role": "entrance_link",
    "building": "4",
    "entrances": [
     "4#1"
    ],
    "source": "자동 접속선(scripts/entrance_links.py, 수치지형도 1:1,000 건물·장애물 회피)",
    "kind": "footway",
    "costFactor": 1,
    "snap": 0.5,
    "link": 1.0,
    "length_m": 3.0,
    "straight_m": 3.0
   }
  },
  {
   "type": "Feature",
   "geometry": {
    "type": "LineString",
    "coordinates": [
     [
      126.953308,
      37.460765
     ],
     [
      126.9532944,
      37.4607468
     ]
    ]
   },
   "properties": {
    "type": "path",
    "role": "entrance_link",
    "building": "4",
    "entrances": [
     "4#2"
    ],
    "source": "자동 접속선(scripts/entrance_links.py, 수치지형도 1:1,000 건물·장애물 회피)",
    "kind": "footway",
    "costFactor": 1,
    "snap": 0.5,
    "link": 1.0,
    "length_m": 2.4,
    "straight_m": 2.4
   }
  },
  {
   "type": "Feature",
   "geometry": {
    "type": "LineString",
    "coordinates": [
     [
      126.953414,
      37.460816
     ],
     [
      126.95343,
      37.460771
     ],
     [
      126.9534017,
      37.4607394
     ],
     [
      126.953396,
      37.4607349
     ],
     [
      126.9532944,
      37.4607468
     ]
    ]
   },
   "properties": {
    "type": "path",
    "role": "entrance_link",
    "building": "4",
    "entrances": [
     "4#3"
    ],
    "source": "자동 접속선(scripts/entrance_links.py, 수치지형도 1:1,000 건물·장애물 회피)",
    "kind": "footway",
    "costFactor": 1,
    "snap": 0.5,
    "link": 1.0,
    "length_m": 19.3,
    "straight_m": 13.1,
    "detour": true,
    "max_grade": 7,
    "door_depth_m": 3.2,
    "check": [
     "deep"
    ]
   }
  },
  {
   "type": "Feature",
   "geometry": {
    "type": "LineString",
    "coordinates": [
     [
      126.953414,
      37.460816
     ],
     [
      126.9534639,
      37.460825
     ],
     [
      126.9534752,
      37.460834
     ],
     [
      126.9535204,
      37.4609241
     ],
     [
      126.9535202,
      37.4610844
     ]
    ]
   },
   "properties": {
    "type": "path",
    "role": "entrance_link",
    "building": "4",
    "entrances": [
     "4#3"
    ],
    "source": "자동 접속선(scripts/entrance_links.py, 수치지형도 1:1,000 건물·장애물 회피)",
    "kind": "footway",
    "costFactor": 1,
    "snap": 0.5,
    "link": 1.0,
    "length_m": 34.5,
    "straight_m": 31.2,
    "detour": true,
    "max_grade": 7,
    "door_depth_m": 3.2,
    "check": [
     "long",
     "deep"
    ]
   }
  },
  {
   "type": "Feature",
   "geometry": {
    "type": "LineString",
    "coordinates": [
     [
      126.953414,
      37.460816
     ],
     [
      126.9534639,
      37.460825
     ],
     [
      126.9534752,
      37.460834
     ],
     [
      126.9535204,
      37.4609241
     ],
     [
      126.9533903,
      37.4610789
     ]
    ]
   },
   "properties": {
    "type": "path",
    "role": "entrance_link",
    "building": "4",
    "entrances": [
     "4#3"
    ],
    "source": "자동 접속선(scripts/entrance_links.py, 수치지형도 1:1,000 건물·장애물 회피)",
    "kind": "footway",
    "costFactor": 1,
    "snap": 0.5,
    "link": 1.0,
    "length_m": 37.4,
    "straight_m": 29.3,
    "detour": true,
    "max_grade": 7,
    "door_depth_m": 3.2,
    "check": [
     "long",
     "deep"
    ]
   }
  },
  {
   "type": "Feature",
   "geometry": {
    "type": "LineString",
    "coordinates": [
     [
      126.953899,
      37.460732
     ],
     [
      126.9538142,
      37.4607961
     ]
    ]
   },
   "properties": {
    "type": "path",
    "role": "entrance_link",
    "building": "5",
    "entrances": [
     "5#1"
    ],
    "source": "자동 접속선(scripts/entrance_links.py, 수치지형도 1:1,000 건물·장애물 회피)",
    "kind": "steps",
    "costFactor": 1.2,
    "snap": 0.5,
    "link": 1.0,
    "length_m": 10.3,
    "straight_m": 10.3,
    "max_grade": 4,
    "door_depth_m": 0.4
   }
  },
  {
   "type": "Feature",
   "geometry": {
    "type": "LineString",
    "coordinates": [
     [
      126.953899,
      37.460732
     ],
     [
      126.953955,
      37.4609824
     ]
    ]
   },
   "properties": {
    "type": "path",
    "role": "entrance_link",
    "building": "5",
    "entrances": [
     "5#1"
    ],
    "source": "자동 접속선(scripts/entrance_links.py, 수치지형도 1:1,000 건물·장애물 회피)",
    "kind": "steps",
    "costFactor": 1.2,
    "snap": 0.5,
    "link": 1.0,
    "length_m": 28.2,
    "straight_m": 28.2,
    "max_grade": 3,
    "door_depth_m": 0.4,
    "check": [
     "long"
    ]
   }
  },
  {
   "type": "Feature",
   "geometry": {
    "type": "LineString",
    "coordinates": [
     [
      126.953648,
      37.460367
     ],
     [
      126.9535543,
      37.4604357
     ]
    ]
   },
   "properties": {
    "type": "path",
    "role": "entrance_link",
    "building": "5",
    "entrances": [
     "5#2"
    ],
    "source": "자동 접속선(scripts/entrance_links.py, 수치지형도 1:1,000 건물·장애물 회피)",
    "kind": "footway",
    "costFactor": 1,
    "snap": 0.5,
    "link": 1.0,
    "length_m": 11.3,
    "straight_m": 11.3,
    "max_grade": 9,
    "door_depth_m": 2.4
   }
  },
  {
   "type": "Feature",
   "geometry": {
    "type": "LineString",
    "coordinates": [
     [
      126.953648,
      37.460367
     ],
     [
      126.9535051,
      37.4602441
     ]
    ]
   },
   "properties": {
    "type": "path",
    "role": "entrance_link",
    "building": "5",
    "entrances": [
     "5#2"
    ],
    "source": "자동 접속선(scripts/entrance_links.py, 수치지형도 1:1,000 건물·장애물 회피)",
    "kind": "footway",
    "costFactor": 1,
    "snap": 0.5,
    "link": 1.0,
    "length_m": 18.6,
    "straight_m": 18.6,
    "max_grade": 3,
    "door_depth_m": 2.4
   }
  },
  {
   "type": "Feature",
   "geometry": {
    "type": "LineString",
    "coordinates": [
     [
      126.953648,
      37.460367
     ],
     [
      126.9536051,
      37.4603159
     ],
     [
      126.9536371,
      37.4601652
     ]
    ]
   },
   "properties": {
    "type": "path",
    "role": "entrance_link",
    "building": "5",
    "entrances": [
     "5#2"
    ],
    "source": "자동 접속선(scripts/entrance_links.py, 수치지형도 1:1,000 건물·장애물 회피)",
    "kind": "steps",
    "costFactor": 1.2,
    "snap": 0.5,
    "link": 1.0,
    "length_m": 23.8,
    "straight_m": 22.4,
    "detour": true,
    "max_grade": 20,
    "door_depth_m": 2.4
   }
  },
  {
   "type": "Feature",
   "geometry": {
    "type": "LineString",
    "coordinates": [
     [
      126.953648,
      37.460367
     ],
     [
      126.9536051,
      37.4603159
     ],
     [
      126.9536051,
      37.4603114
     ],
     [
      126.9537634,
      37.4601898
     ],
     [
      126.9537725,
      37.4601831
     ]
    ]
   },
   "properties": {
    "type": "path",
    "role": "entrance_link",
    "building": "5",
    "entrances": [
     "5#2"
    ],
    "source": "자동 접속선(scripts/entrance_links.py, 수치지형도 1:1,000 건물·장애물 회피)",
    "kind": "steps",
    "costFactor": 1.2,
    "snap": 0.5,
    "link": 1.0,
    "length_m": 27.9,
    "straight_m": 23.2,
    "detour": true,
    "max_grade": 12,
    "door_depth_m": 2.4,
    "check": [
     "long"
    ]
   }
  },
  {
   "type": "Feature",
   "geometry": {
    "type": "LineString",
    "coordinates": [
     [
      126.954085,
      37.460982
     ],
     [
      126.9540937,
      37.4609908
     ]
    ]
   },
   "properties": {
    "type": "path",
    "role": "entrance_link",
    "building": "5",
    "entrances": [
     "5#3"
    ],
    "source": "자동 접속선(scripts/entrance_links.py, 수치지형도 1:1,000 건물·장애물 회피)",
    "kind": "footway",
    "costFactor": 1,
    "snap": 0.5,
    "link": 1.0,
    "length_m": 1.2,
    "straight_m": 1.2
   }
  },
  {
   "type": "Feature",
   "geometry": {
    "type": "LineString",
    "coordinates": [
     [
      126.954181,
      37.460919
     ],
     [
      126.9542018,
      37.4609422
     ]
    ]
   },
   "properties": {
    "type": "path",
    "role": "entrance_link",
    "building": "5",
    "entrances": [
     "5#4"
    ],
    "source": "자동 접속선(scripts/entrance_links.py, 수치지형도 1:1,000 건물·장애물 회피)",
    "kind": "footway",
    "costFactor": 1,
    "snap": 0.5,
    "link": 1.0,
    "length_m": 3.2,
    "straight_m": 3.2,
    "door_depth_m": 1.6
   }
  },
  {
   "type": "Feature",
   "geometry": {
    "type": "LineString",
    "coordinates": [
     [
      126.954181,
      37.460919
     ],
     [
      126.9542325,
      37.4609196
     ],
     [
      126.9542777,
      37.4608926
     ],
     [
      126.9542833,
      37.4608881
     ],
     [
      126.9542711,
      37.4608565
     ]
    ]
   },
   "properties": {
    "type": "path",
    "role": "entrance_link",
    "building": "5",
    "entrances": [
     "5#4"
    ],
    "source": "자동 접속선(scripts/entrance_links.py, 수치지형도 1:1,000 건물·장애물 회피)",
    "kind": "footway",
    "costFactor": 1,
    "snap": 0.5,
    "link": 1.0,
    "length_m": 13.9,
    "straight_m": 10.6,
    "detour": true,
    "max_grade": 14,
    "door_depth_m": 1.6
   }
  },
  {
   "type": "Feature",
   "geometry": {
    "type": "LineString",
    "coordinates": [
     [
      126.954256,
      37.460859
     ],
     [
      126.9542558,
      37.4608585
     ]
    ]
   },
   "properties": {
    "type": "path",
    "role": "entrance_link",
    "building": "5",
    "entrances": [
     "5#5"
    ],
    "source": "자동 접속선(scripts/entrance_links.py, 수치지형도 1:1,000 건물·장애물 회피)",
    "kind": "footway",
    "costFactor": 1,
    "snap": 0.5,
    "link": 1.0,
    "length_m": 0.1,
    "straight_m": 0.1,
    "door_depth_m": 0.4
   }
  },
  {
   "type": "Feature",
   "geometry": {
    "type": "LineString",
    "coordinates": [
     [
      126.953903,
      37.460397
     ],
     [
      126.9539279,
      37.4603808
     ]
    ]
   },
   "properties": {
    "type": "path",
    "role": "entrance_link",
    "building": "5",
    "entrances": [
     "5#6"
    ],
    "source": "자동 접속선(scripts/entrance_links.py, 수치지형도 1:1,000 건물·장애물 회피)",
    "kind": "footway",
    "costFactor": 1,
    "snap": 0.5,
    "link": 1.0,
    "length_m": 2.8,
    "straight_m": 2.8,
    "door_depth_m": 0.3
   }
  },
  {
   "type": "Feature",
   "geometry": {
    "type": "LineString",
    "coordinates": [
     [
      126.9543,
      37.460853
     ],
     [
      126.9543,
      37.4608527
     ]
    ]
   },
   "properties": {
    "type": "path",
    "role": "entrance_link",
    "building": "6",
    "entrances": [
     "6#1",
     "251#1"
    ],
    "source": "자동 접속선(scripts/entrance_links.py, 수치지형도 1:1,000 건물·장애물 회피)",
    "kind": "footway",
    "costFactor": 1,
    "snap": 0.5,
    "link": 1.0,
    "length_m": 0.0,
    "straight_m": 0.0,
    "door_depth_m": 0.1
   }
  },
  {
   "type": "Feature",
   "geometry": {
    "type": "LineString",
    "coordinates": [
     [
      126.954339,
      37.46071
     ],
     [
      126.9542381,
      37.4607845
     ],
     [
      126.9542268,
      37.4607935
     ],
     [
      126.9542158,
      37.4608003
     ]
    ]
   },
   "properties": {
    "type": "path",
    "role": "entrance_link",
    "building": "6",
    "entrances": [
     "6#2",
     "251#2"
    ],
    "source": "자동 접속선(scripts/entrance_links.py, 수치지형도 1:1,000 건물·장애물 회피)",
    "kind": "footway",
    "costFactor": 1,
    "snap": 0.5,
    "link": 1.0,
    "length_m": 14.8,
    "straight_m": 14.8,
    "detour": true,
    "max_grade": 8
   }
  },
  {
   "type": "Feature",
   "geometry": {
    "type": "LineString",
    "coordinates": [
     [
      126.954364,
      37.460939
     ],
     [
      126.9543463,
      37.4609444
     ]
    ]
   },
   "properties": {
    "type": "path",
    "role": "entrance_link",
    "building": "6",
    "entrances": [
     "6#3"
    ],
    "source": "자동 접속선(scripts/entrance_links.py, 수치지형도 1:1,000 건물·장애물 회피)",
    "kind": "footway",
    "costFactor": 1,
    "snap": 0.5,
    "link": 1.0,
    "length_m": 1.7,
    "straight_m": 1.7
   }
  },
  {
   "type": "Feature",
   "geometry": {
    "type": "LineString",
    "coordinates": [
     [
      126.954753,
      37.460608
     ],
     [
      126.9548258,
      37.4607124
     ],
     [
      126.9548292,
      37.4607257
     ]
    ]
   },
   "properties": {
    "type": "path",
    "role": "entrance_link",
    "building": "6",
    "entrances": [
     "6#4",
     "251#3"
    ],
    "source": "자동 접속선(scripts/entrance_links.py, 수치지형도 1:1,000 건물·장애물 회피)",
    "kind": "footway",
    "costFactor": 1,
    "snap": 0.5,
    "link": 1.0,
    "length_m": 14.8,
    "straight_m": 14.7,
    "detour": true,
    "max_grade": 5
   }
  },
  {
   "type": "Feature",
   "geometry": {
    "type": "LineString",
    "coordinates": [
     [
      126.954714,
      37.460768
     ],
     [
      126.9547224,
      37.4607787
     ]
    ]
   },
   "properties": {
    "type": "path",
    "role": "entrance_link",
    "building": "6",
    "entrances": [
     "6#5"
    ],
    "source": "자동 접속선(scripts/entrance_links.py, 수치지형도 1:1,000 건물·장애물 회피)",
    "kind": "footway",
    "costFactor": 1,
    "snap": 0.5,
    "link": 1.0,
    "length_m": 1.4,
    "straight_m": 1.4
   }
  },
  {
   "type": "Feature",
   "geometry": {
    "type": "LineString",
    "coordinates": [
     [
      126.954795,
      37.460729
     ],
     [
      126.9548026,
      37.4607389
     ]
    ]
   },
   "properties": {
    "type": "path",
    "role": "entrance_link",
    "building": "6",
    "entrances": [
     "6#6"
    ],
    "source": "자동 접속선(scripts/entrance_links.py, 수치지형도 1:1,000 건물·장애물 회피)",
    "kind": "footway",
    "costFactor": 1,
    "snap": 0.5,
    "link": 1.0,
    "length_m": 1.3,
    "straight_m": 1.3
   }
  },
  {
   "type": "Feature",
   "geometry": {
    "type": "LineString",
    "coordinates": [
     [
      126.954474,
      37.460578
     ],
     [
      126.9542155,
      37.4607755
     ],
     [
      126.9542037,
      37.4607826
     ]
    ]
   },
   "properties": {
    "type": "path",
    "role": "entrance_link",
    "building": "7",
    "entrances": [
     "7#1"
    ],
    "source": "자동 접속선(scripts/entrance_links.py, 수치지형도 1:1,000 건물·장애물 회피)",
    "kind": "footway",
    "costFactor": 1,
    "snap": 0.5,
    "link": 1.0,
    "length_m": 33.0,
    "straight_m": 33.0,
    "detour": true,
    "max_grade": 13,
    "check": [
     "long"
    ]
   }
  },
  {
   "type": "Feature",
   "geometry": {
    "type": "LineString",
    "coordinates": [
     [
      126.954474,
      37.460578
     ],
     [
      126.9542438,
      37.46078
     ],
     [
      126.9542494,
      37.460816
     ],
     [
      126.954289,
      37.4608475
     ],
     [
      126.9543,
      37.4608527
     ]
    ]
   },
   "properties": {
    "type": "path",
    "role": "entrance_link",
    "building": "7",
    "entrances": [
     "7#1"
    ],
    "source": "자동 접속선(scripts/entrance_links.py, 수치지형도 1:1,000 건물·장애물 회피)",
    "kind": "footway",
    "costFactor": 1,
    "snap": 0.5,
    "link": 1.0,
    "length_m": 40.4,
    "straight_m": 34.2,
    "detour": true,
    "max_grade": 13,
    "check": [
     "long"
    ]
   }
  },
  {
   "type": "Feature",
   "geometry": {
    "type": "LineString",
    "coordinates": [
     [
      126.954696,
      37.460518
     ],
     [
      126.9547301,
      37.4604934
     ]
    ]
   },
   "properties": {
    "type": "path",
    "role": "entrance_link",
    "building": "7",
    "entrances": [
     "7#2"
    ],
    "source": "자동 접속선(scripts/entrance_links.py, 수치지형도 1:1,000 건물·장애물 회피)",
    "kind": "footway",
    "costFactor": 1,
    "snap": 0.5,
    "link": 1.0,
    "length_m": 4.1,
    "straight_m": 4.1
   }
  },
  {
   "type": "Feature",
   "geometry": {
    "type": "LineString",
    "coordinates": [
     [
      126.954105,
      37.459961
     ],
     [
      126.9540537,
      37.459924
     ]
    ]
   },
   "properties": {
    "type": "path",
    "role": "entrance_link",
    "building": "7",
    "entrances": [
     "7#3"
    ],
    "source": "자동 접속선(scripts/entrance_links.py, 수치지형도 1:1,000 건물·장애물 회피)",
    "kind": "footway",
    "costFactor": 1,
    "snap": 0.5,
    "link": 1.0,
    "length_m": 6.1,
    "straight_m": 6.1,
    "max_grade": 7
   }
  },
  {
   "type": "Feature",
   "geometry": {
    "type": "LineString",
    "coordinates": [
     [
      126.954105,
      37.459961
     ],
     [
      126.954295,
      37.4598083
     ]
    ]
   },
   "properties": {
    "type": "path",
    "role": "entrance_link",
    "building": "7",
    "entrances": [
     "7#3"
    ],
    "source": "자동 접속선(scripts/entrance_links.py, 수치지형도 1:1,000 건물·장애물 회피)",
    "kind": "steps",
    "costFactor": 1.2,
    "snap": 0.5,
    "link": 1.0,
    "length_m": 23.9,
    "straight_m": 23.9,
    "max_grade": 18
   }
  },
  {
   "type": "Feature",
   "geometry": {
    "type": "LineString",
    "coordinates": [
     [
      126.954105,
      37.459961
     ],
     [
      126.9542607,
      37.459888
     ],
     [
      126.9543491,
      37.4598748
     ]
    ]
   },
   "properties": {
    "type": "path",
    "role": "entrance_link",
    "building": "7",
    "entrances": [
     "7#3"
    ],
    "source": "자동 접속선(scripts/entrance_links.py, 수치지형도 1:1,000 건물·장애물 회피)",
    "kind": "steps",
    "costFactor": 1.2,
    "snap": 0.5,
    "link": 1.0,
    "length_m": 23.9,
    "straight_m": 23.6,
    "detour": true,
    "max_grade": 15
   }
  },
  {
   "type": "Feature",
   "geometry": {
    "type": "LineString",
    "coordinates": [
     [
      126.954364,
      37.460063
     ],
     [
      126.9544133,
      37.4600547
     ],
     [
      126.9544638,
      37.4600159
     ]
    ]
   },
   "properties": {
    "type": "path",
    "role": "entrance_link",
    "building": "7",
    "entrances": [
     "7#4"
    ],
    "source": "자동 접속선(scripts/entrance_links.py, 수치지형도 1:1,000 건물·장애물 회피)",
    "kind": "steps",
    "costFactor": 1.2,
    "snap": 0.5,
    "link": 1.0,
    "length_m": 10.7,
    "straight_m": 10.3,
    "detour": true,
    "max_grade": 10,
    "door_depth_m": 0.6
   }
  },
  {
   "type": "Feature",
   "geometry": {
    "type": "LineString",
    "coordinates": [
     [
      126.954364,
      37.460063
     ],
     [
      126.9543963,
      37.4600592
     ],
     [
      126.954402,
      37.4600547
     ],
     [
      126.9543491,
      37.4598748
     ]
    ]
   },
   "properties": {
    "type": "path",
    "role": "entrance_link",
    "building": "7",
    "entrances": [
     "7#4"
    ],
    "source": "자동 접속선(scripts/entrance_links.py, 수치지형도 1:1,000 건물·장애물 회피)",
    "kind": "footway",
    "costFactor": 1,
    "snap": 0.5,
    "link": 1.0,
    "length_m": 24.1,
    "straight_m": 20.9,
    "detour": true,
    "max_grade": 10,
    "door_depth_m": 0.6
   }
  },
  {
   "type": "Feature",
   "geometry": {
    "type": "LineString",
    "coordinates": [
     [
      126.953908,
      37.460261
     ],
     [
      126.9539047,
      37.4602934
     ],
     [
      126.953899,
      37.4602979
     ],
     [
      126.9538877,
      37.4603024
     ],
     [
      126.9538759,
      37.4603051
     ]
    ]
   },
   "properties": {
    "type": "path",
    "role": "entrance_link",
    "building": "8",
    "entrances": [
     "8#1"
    ],
    "source": "자동 접속선(scripts/entrance_links.py, 수치지형도 1:1,000 건물·장애물 회피)",
    "kind": "footway",
    "costFactor": 1,
    "snap": 0.5,
    "link": 1.0,
    "length_m": 6.5,
    "straight_m": 5.7,
    "detour": true,
    "max_grade": 8,
    "door_depth_m": 2.6
   }
  },
  {
   "type": "Feature",
   "geometry": {
    "type": "LineString",
    "coordinates": [
     [
      126.954097,
      37.460217
     ],
     [
      126.954142,
      37.4602799
     ],
     [
      126.954142,
      37.4602844
     ],
     [
      126.953956,
      37.4604218
     ]
    ]
   },
   "properties": {
    "type": "path",
    "role": "entrance_link",
    "building": "8",
    "entrances": [
     "8#2"
    ],
    "source": "자동 접속선(scripts/entrance_links.py, 수치지형도 1:1,000 건물·장애물 회피)",
    "kind": "footway",
    "costFactor": 1,
    "snap": 0.5,
    "link": 1.0,
    "length_m": 31.0,
    "straight_m": 25.9,
    "detour": true,
    "max_grade": 11,
    "check": [
     "long"
    ]
   }
  },
  {
   "type": "Feature",
   "geometry": {
    "type": "LineString",
    "coordinates": [
     [
      126.954796,
      37.460342
     ],
     [
      126.954775,
      37.4603655
     ],
     [
      126.9547578,
      37.4603775
     ]
    ]
   },
   "properties": {
    "type": "path",
    "role": "entrance_link",
    "building": "9",
    "entrances": [
     "9#1"
    ],
    "source": "자동 접속선(scripts/entrance_links.py, 수치지형도 1:1,000 건물·장애물 회피)",
    "kind": "footway",
    "costFactor": 1,
    "snap": 0.5,
    "link": 1.0,
    "length_m": 5.2,
    "straight_m": 5.2,
    "detour": true,
    "door_depth_m": 0.5
   }
  },
  {
   "type": "Feature",
   "geometry": {
    "type": "LineString",
    "coordinates": [
     [
      126.954485,
      37.459941
     ],
     [
      126.9544356,
      37.4599812
     ]
    ]
   },
   "properties": {
    "type": "path",
    "role": "entrance_link",
    "building": "9",
    "entrances": [
     "9#2"
    ],
    "source": "자동 접속선(scripts/entrance_links.py, 수치지형도 1:1,000 건물·장애물 회피)",
    "kind": "footway",
    "costFactor": 1,
    "snap": 0.5,
    "link": 1.0,
    "length_m": 6.2,
    "straight_m": 6.2,
    "max_grade": 6,
    "door_depth_m": 0.2
   }
  },
  {
   "type": "Feature",
   "geometry": {
    "type": "LineString",
    "coordinates": [
     [
      126.954485,
      37.459941
     ],
     [
      126.9543823,
      37.4598575
     ]
    ]
   },
   "properties": {
    "type": "path",
    "role": "entrance_link",
    "building": "9",
    "entrances": [
     "9#2"
    ],
    "source": "자동 접속선(scripts/entrance_links.py, 수치지형도 1:1,000 건물·장애물 회피)",
    "kind": "footway",
    "costFactor": 1,
    "snap": 0.5,
    "link": 1.0,
    "length_m": 13.0,
    "straight_m": 13.0,
    "max_grade": 5,
    "door_depth_m": 0.2
   }
  },
  {
   "type": "Feature",
   "geometry": {
    "type": "LineString",
    "coordinates": [
     [
      126.955056,
      37.460501
     ],
     [
      126.9551008,
      37.4605414
     ]
    ]
   },
   "properties": {
    "type": "path",
    "role": "entrance_link",
    "building": "9",
    "entrances": [
     "9#3"
    ],
    "source": "자동 접속선(scripts/entrance_links.py, 수치지형도 1:1,000 건물·장애물 회피)",
    "kind": "steps",
    "costFactor": 1.2,
    "snap": 0.5,
    "link": 1.0,
    "length_m": 6.0,
    "straight_m": 6.0,
    "door_depth_m": 0.7
   }
  },
  {
   "type": "Feature",
   "geometry": {
    "type": "LineString",
    "coordinates": [
     [
      126.955056,
      37.460501
     ],
     [
      126.9550915,
      37.4605007
     ],
     [
      126.9551993,
      37.4604673
     ]
    ]
   },
   "properties": {
    "type": "path",
    "role": "entrance_link",
    "building": "9",
    "entrances": [
     "9#3"
    ],
    "source": "자동 접속선(scripts/entrance_links.py, 수치지형도 1:1,000 건물·장애물 회피)",
    "kind": "footway",
    "costFactor": 1,
    "snap": 0.5,
    "link": 1.0,
    "length_m": 13.4,
    "straight_m": 13.2,
    "detour": true,
    "max_grade": 12,
    "door_depth_m": 0.7
   }
  },
  {
   "type": "Feature",
   "geometry": {
    "type": "LineString",
    "coordinates": [
     [
      126.955056,
      37.460501
     ],
     [
      126.9550293,
      37.4605322
     ],
     [
      126.9549784,
      37.4605727
     ],
     [
      126.9549448,
      37.4605896
     ]
    ]
   },
   "properties": {
    "type": "path",
    "role": "entrance_link",
    "building": "9",
    "entrances": [
     "9#3"
    ],
    "source": "자동 접속선(scripts/entrance_links.py, 수치지형도 1:1,000 건물·장애물 회피)",
    "kind": "footway",
    "costFactor": 1,
    "snap": 0.5,
    "link": 1.0,
    "length_m": 14.1,
    "straight_m": 13.9,
    "detour": true,
    "max_grade": 13,
    "door_depth_m": 0.7
   }
  },
  {
   "type": "Feature",
   "geometry": {
    "type": "LineString",
    "coordinates": [
     [
      126.955102,
      37.460399
     ],
     [
      126.9550858,
      37.460325
     ],
     [
      126.9550909,
      37.4603171
     ]
    ]
   },
   "properties": {
    "type": "path",
    "role": "entrance_link",
    "building": "9",
    "entrances": [
     "9#4"
    ],
    "source": "자동 접속선(scripts/entrance_links.py, 수치지형도 1:1,000 건물·장애물 회피)",
    "kind": "footway",
    "costFactor": 1,
    "snap": 0.5,
    "link": 1.0,
    "length_m": 9.3,
    "straight_m": 9.1,
    "detour": true,
    "max_grade": 4,
    "door_depth_m": 0.4
   }
  },
  {
   "type": "Feature",
   "geometry": {
    "type": "LineString",
    "coordinates": [
     [
      126.955102,
      37.460399
     ],
     [
      126.9551819,
      37.4604511
     ],
     [
      126.9551931,
      37.460454
     ]
    ]
   },
   "properties": {
    "type": "path",
    "role": "entrance_link",
    "building": "9",
    "entrances": [
     "9#4"
    ],
    "source": "자동 접속선(scripts/entrance_links.py, 수치지형도 1:1,000 건물·장애물 회피)",
    "kind": "footway",
    "costFactor": 1,
    "snap": 0.5,
    "link": 1.0,
    "length_m": 10.2,
    "straight_m": 10.1,
    "detour": true,
    "max_grade": 5,
    "door_depth_m": 0.4
   }
  },
  {
   "type": "Feature",
   "geometry": {
    "type": "LineString",
    "coordinates": [
     [
      126.953978,
      37.459336
     ],
     [
      126.9539529,
      37.4593657
     ]
    ]
   },
   "properties": {
    "type": "path",
    "role": "entrance_link",
    "building": "13",
    "entrances": [
     "13#1"
    ],
    "source": "자동 접속선(scripts/entrance_links.py, 수치지형도 1:1,000 건물·장애물 회피)",
    "kind": "footway",
    "costFactor": 1,
    "snap": 0.5,
    "link": 1.0,
    "length_m": 4.0,
    "straight_m": 4.0,
    "door_depth_m": 1.5
   }
  },
  {
   "type": "Feature",
   "geometry": {
    "type": "LineString",
    "coordinates": [
     [
      126.95435,
      37.459393
     ],
     [
      126.9543681,
      37.4594059
     ],
     [
      126.95438,
      37.4594125
     ]
    ]
   },
   "properties": {
    "type": "path",
    "role": "entrance_link",
    "building": "13",
    "entrances": [
     "13#2"
    ],
    "source": "자동 접속선(scripts/entrance_links.py, 수치지형도 1:1,000 건물·장애물 회피)",
    "kind": "footway",
    "costFactor": 1,
    "snap": 0.5,
    "link": 1.0,
    "length_m": 3.4,
    "straight_m": 3.4,
    "detour": true,
    "door_depth_m": 2.0
   }
  },
  {
   "type": "Feature",
   "geometry": {
    "type": "LineString",
    "coordinates": [
     [
      126.953373,
      37.459047
     ],
     [
      126.9532947,
      37.4589834
     ]
    ]
   },
   "properties": {
    "type": "path",
    "role": "entrance_link",
    "building": "13",
    "entrances": [
     "13#3"
    ],
    "source": "자동 접속선(scripts/entrance_links.py, 수치지형도 1:1,000 건물·장애물 회피)",
    "kind": "footway",
    "costFactor": 1,
    "snap": 0.5,
    "link": 1.0,
    "length_m": 9.9,
    "straight_m": 9.9,
    "max_grade": 3
   }
  },
  {
   "type": "Feature",
   "geometry": {
    "type": "LineString",
    "coordinates": [
     [
      126.953373,
      37.459047
     ],
     [
      126.9532971,
      37.4591363
     ]
    ]
   },
   "properties": {
    "type": "path",
    "role": "entrance_link",
    "building": "13",
    "entrances": [
     "13#3"
    ],
    "source": "자동 접속선(scripts/entrance_links.py, 수치지형도 1:1,000 건물·장애물 회피)",
    "kind": "footway",
    "costFactor": 1,
    "snap": 0.5,
    "link": 1.0,
    "length_m": 12.0,
    "straight_m": 12.0,
    "max_grade": 16
   }
  },
  {
   "type": "Feature",
   "geometry": {
    "type": "LineString",
    "coordinates": [
     [
      126.953373,
      37.459047
     ],
     [
      126.9534639,
      37.4589239
     ],
     [
      126.9534837,
      37.4589056
     ]
    ]
   },
   "properties": {
    "type": "path",
    "role": "entrance_link",
    "building": "13",
    "entrances": [
     "13#3"
    ],
    "source": "자동 접속선(scripts/entrance_links.py, 수치지형도 1:1,000 건물·장애물 회피)",
    "kind": "footway",
    "costFactor": 1,
    "snap": 0.5,
    "link": 1.0,
    "length_m": 18.5,
    "straight_m": 18.5,
    "detour": true,
    "max_grade": 16
   }
  },
  {
   "type": "Feature",
   "geometry": {
    "type": "LineString",
    "coordinates": [
     [
      126.953692,
      37.459047
     ],
     [
      126.9536956,
      37.4590275
     ],
     [
      126.9537209,
      37.4589959
     ]
    ]
   },
   "properties": {
    "type": "path",
    "role": "entrance_link",
    "building": "13",
    "entrances": [
     "13#4"
    ],
    "source": "자동 접속선(scripts/entrance_links.py, 수치지형도 1:1,000 건물·장애물 회피)",
    "kind": "footway",
    "costFactor": 1,
    "snap": 0.5,
    "link": 1.0,
    "length_m": 6.4,
    "straight_m": 6.2,
    "detour": true,
    "max_grade": 11,
    "door_depth_m": 1.8
   }
  },
  {
   "type": "Feature",
   "geometry": {
    "type": "LineString",
    "coordinates": [
     [
      126.951451,
      37.462239
     ],
     [
      126.9514294,
      37.4622351
     ],
     [
      126.9512608,
      37.462105
     ]
    ]
   },
   "properties": {
    "type": "path",
    "role": "entrance_link",
    "building": "15",
    "entrances": [
     "15#1"
    ],
    "source": "자동 접속선(scripts/entrance_links.py, 수치지형도 1:1,000 건물·장애물 회피)",
    "kind": "footway",
    "costFactor": 1,
    "snap": 0.5,
    "link": 1.0,
    "length_m": 22.7,
    "straight_m": 22.5,
    "detour": true,
    "max_grade": 7,
    "door_depth_m": 0.8
   }
  },
  {
   "type": "Feature",
   "geometry": {
    "type": "LineString",
    "coordinates": [
     [
      126.951451,
      37.462239
     ],
     [
      126.9514294,
      37.4622351
     ],
     [
      126.9513446,
      37.462181
     ],
     [
      126.9513276,
      37.4621765
     ],
     [
      126.9511425,
      37.4623241
     ]
    ]
   },
   "properties": {
    "type": "path",
    "role": "entrance_link",
    "building": "15",
    "entrances": [
     "15#1"
    ],
    "source": "자동 접속선(scripts/entrance_links.py, 수치지형도 1:1,000 건물·장애물 회피)",
    "kind": "footway",
    "costFactor": 1,
    "snap": 0.5,
    "link": 1.0,
    "length_m": 36.3,
    "straight_m": 28.9,
    "detour": true,
    "max_grade": 8,
    "door_depth_m": 0.8,
    "check": [
     "long"
    ]
   }
  },
  {
   "type": "Feature",
   "geometry": {
    "type": "LineString",
    "coordinates": [
     [
      126.951534,
      37.462092
     ],
     [
      126.9516368,
      37.4620159
     ]
    ]
   },
   "properties": {
    "type": "path",
    "role": "entrance_link",
    "building": "15",
    "entrances": [
     "15#2"
    ],
    "source": "자동 접속선(scripts/entrance_links.py, 수치지형도 1:1,000 건물·장애물 회피)",
    "kind": "footway",
    "costFactor": 1,
    "snap": 0.5,
    "link": 1.0,
    "length_m": 12.4,
    "straight_m": 12.4,
    "max_grade": 2,
    "door_depth_m": 0.7
   }
  },
  {
   "type": "Feature",
   "geometry": {
    "type": "LineString",
    "coordinates": [
     [
      126.951534,
      37.462092
     ],
     [
      126.9515311,
      37.4620774
     ],
     [
      126.951408,
      37.4619841
     ]
    ]
   },
   "properties": {
    "type": "path",
    "role": "entrance_link",
    "building": "15",
    "entrances": [
     "15#2"
    ],
    "source": "자동 접속선(scripts/entrance_links.py, 수치지형도 1:1,000 건물·장애물 회피)",
    "kind": "footway",
    "costFactor": 1,
    "snap": 0.5,
    "link": 1.0,
    "length_m": 16.7,
    "straight_m": 16.4,
    "detour": true,
    "max_grade": 13,
    "door_depth_m": 0.7
   }
  },
  {
   "type": "Feature",
   "geometry": {
    "type": "LineString",
    "coordinates": [
     [
      126.951534,
      37.462092
     ],
     [
      126.9515311,
      37.4620774
     ],
     [
      126.9514915,
      37.4620504
     ],
     [
      126.9513015,
      37.4620745
     ]
    ]
   },
   "properties": {
    "type": "path",
    "role": "entrance_link",
    "building": "15",
    "entrances": [
     "15#2"
    ],
    "source": "자동 접속선(scripts/entrance_links.py, 수치지형도 1:1,000 건물·장애물 회피)",
    "kind": "footway",
    "costFactor": 1,
    "snap": 0.5,
    "link": 1.0,
    "length_m": 23.3,
    "straight_m": 20.7,
    "detour": true,
    "max_grade": 10,
    "door_depth_m": 0.7
   }
  },
  {
   "type": "Feature",
   "geometry": {
    "type": "LineString",
    "coordinates": [
     [
      126.951992,
      37.462563
     ],
     [
      126.9520366,
      37.4625976
     ]
    ]
   },
   "properties": {
    "type": "path",
    "role": "entrance_link",
    "building": "15",
    "entrances": [
     "15#3"
    ],
    "source": "자동 접속선(scripts/entrance_links.py, 수치지형도 1:1,000 건물·장애물 회피)",
    "kind": "footway",
    "costFactor": 1,
    "snap": 0.5,
    "link": 1.0,
    "length_m": 5.5,
    "straight_m": 5.5,
    "door_depth_m": 0.4
   }
  },
  {
   "type": "Feature",
   "geometry": {
    "type": "LineString",
    "coordinates": [
     [
      126.951992,
      37.462563
     ],
     [
      126.9519832,
      37.462582
     ],
     [
      126.9519294,
      37.4626272
     ]
    ]
   },
   "properties": {
    "type": "path",
    "role": "entrance_link",
    "building": "15",
    "entrances": [
     "15#3"
    ],
    "source": "자동 접속선(scripts/entrance_links.py, 수치지형도 1:1,000 건물·장애물 회피)",
    "kind": "footway",
    "costFactor": 1,
    "snap": 0.5,
    "link": 1.0,
    "length_m": 9.2,
    "straight_m": 9.0,
    "detour": true,
    "max_grade": 12,
    "door_depth_m": 0.4
   }
  },
  {
   "type": "Feature",
   "geometry": {
    "type": "LineString",
    "coordinates": [
     [
      126.950808,
      37.462806
     ],
     [
      126.9506635,
      37.4628074
     ]
    ]
   },
   "properties": {
    "type": "path",
    "role": "entrance_link",
    "building": "16-1",
    "entrances": [
     "16-1#1"
    ],
    "source": "자동 접속선(scripts/entrance_links.py, 수치지형도 1:1,000 건물·장애물 회피)",
    "kind": "footway",
    "costFactor": 1,
    "snap": 0.5,
    "link": 1.0,
    "length_m": 12.8,
    "straight_m": 12.8,
    "max_grade": 10
   }
  },
  {
   "type": "Feature",
   "geometry": {
    "type": "LineString",
    "coordinates": [
     [
      126.950808,
      37.462806
     ],
     [
      126.9506547,
      37.4627039
     ]
    ]
   },
   "properties": {
    "type": "path",
    "role": "entrance_link",
    "building": "16-1",
    "entrances": [
     "16-1#1"
    ],
    "source": "자동 접속선(scripts/entrance_links.py, 수치지형도 1:1,000 건물·장애물 회피)",
    "kind": "footway",
    "costFactor": 1,
    "snap": 0.5,
    "link": 1.0,
    "length_m": 17.7,
    "straight_m": 17.7,
    "max_grade": 8
   }
  },
  {
   "type": "Feature",
   "geometry": {
    "type": "LineString",
    "coordinates": [
     [
      126.950808,
      37.462806
     ],
     [
      126.9509546,
      37.4628163
     ],
     [
      126.9510843,
      37.4629193
     ]
    ]
   },
   "properties": {
    "type": "path",
    "role": "entrance_link",
    "building": "16-1",
    "entrances": [
     "16-1#1"
    ],
    "source": "자동 접속선(scripts/entrance_links.py, 수치지형도 1:1,000 건물·장애물 회피)",
    "kind": "footway",
    "costFactor": 1,
    "snap": 0.5,
    "link": 1.0,
    "length_m": 29.2,
    "straight_m": 27.5,
    "detour": true,
    "max_grade": 9,
    "check": [
     "long"
    ]
   }
  },
  {
   "type": "Feature",
   "geometry": {
    "type": "LineString",
    "coordinates": [
     [
      126.950823,
      37.462615
     ],
     [
      126.9508247,
      37.4625865
     ],
     [
      126.9509085,
      37.4625107
     ]
    ]
   },
   "properties": {
    "type": "path",
    "role": "entrance_link",
    "building": "16-1",
    "entrances": [
     "16-1#2"
    ],
    "source": "자동 접속선(scripts/entrance_links.py, 수치지형도 1:1,000 건물·장애물 회피)",
    "kind": "steps",
    "costFactor": 1.2,
    "snap": 0.5,
    "link": 1.0,
    "length_m": 14.4,
    "straight_m": 13.8,
    "detour": true,
    "max_grade": 11,
    "door_depth_m": 2.0
   }
  },
  {
   "type": "Feature",
   "geometry": {
    "type": "LineString",
    "coordinates": [
     [
      126.950823,
      37.462615
     ],
     [
      126.9506471,
      37.4626137
     ]
    ]
   },
   "properties": {
    "type": "path",
    "role": "entrance_link",
    "building": "16-1",
    "entrances": [
     "16-1#2"
    ],
    "source": "자동 접속선(scripts/entrance_links.py, 수치지형도 1:1,000 건물·장애물 회피)",
    "kind": "footway",
    "costFactor": 1,
    "snap": 0.5,
    "link": 1.0,
    "length_m": 15.6,
    "straight_m": 15.6,
    "max_grade": 9,
    "door_depth_m": 2.0
   }
  },
  {
   "type": "Feature",
   "geometry": {
    "type": "LineString",
    "coordinates": [
     [
      126.950823,
      37.462615
     ],
     [
      126.9506865,
      37.4625075
     ]
    ]
   },
   "properties": {
    "type": "path",
    "role": "entrance_link",
    "building": "16-1",
    "entrances": [
     "16-1#2"
    ],
    "source": "자동 접속선(scripts/entrance_links.py, 수치지형도 1:1,000 건물·장애물 회피)",
    "kind": "footway",
    "costFactor": 1,
    "snap": 0.5,
    "link": 1.0,
    "length_m": 17.0,
    "straight_m": 17.0,
    "max_grade": 3,
    "door_depth_m": 2.0
   }
  },
  {
   "type": "Feature",
   "geometry": {
    "type": "LineString",
    "coordinates": [
     [
      126.950823,
      37.462615
     ],
     [
      126.950837,
      37.462452
     ]
    ]
   },
   "properties": {
    "type": "path",
    "role": "entrance_link",
    "building": "16-1",
    "entrances": [
     "16-1#2"
    ],
    "source": "자동 접속선(scripts/entrance_links.py, 수치지형도 1:1,000 건물·장애물 회피)",
    "kind": "steps",
    "costFactor": 1.2,
    "snap": 0.5,
    "link": 1.0,
    "length_m": 18.1,
    "straight_m": 18.1,
    "max_grade": 8,
    "door_depth_m": 2.0
   }
  },
  {
   "type": "Feature",
   "geometry": {
    "type": "LineString",
    "coordinates": [
     [
      126.950974,
      37.462631
     ],
     [
      126.9510143,
      37.4625976
     ]
    ]
   },
   "properties": {
    "type": "path",
    "role": "entrance_link",
    "building": "16-1",
    "entrances": [
     "16-1#3"
    ],
    "source": "자동 접속선(scripts/entrance_links.py, 수치지형도 1:1,000 건물·장애물 회피)",
    "kind": "footway",
    "costFactor": 1,
    "snap": 0.5,
    "link": 1.0,
    "length_m": 5.1,
    "straight_m": 5.1,
    "door_depth_m": 5.4,
    "check": [
     "deep"
    ]
   }
  },
  {
   "type": "Feature",
   "geometry": {
    "type": "LineString",
    "coordinates": [
     [
      126.951122,
      37.462836
     ],
     [
      126.9511552,
      37.4628589
     ]
    ]
   },
   "properties": {
    "type": "path",
    "role": "entrance_link",
    "building": "16-1",
    "entrances": [
     "16-1#4"
    ],
    "source": "자동 접속선(scripts/entrance_links.py, 수치지형도 1:1,000 건물·장애물 회피)",
    "kind": "footway",
    "costFactor": 1,
    "snap": 0.5,
    "link": 1.0,
    "length_m": 3.9,
    "straight_m": 3.9,
    "door_depth_m": 1.7
   }
  },
  {
   "type": "Feature",
   "geometry": {
    "type": "LineString",
    "coordinates": [
     [
      126.951232,
      37.462777
     ],
     [
      126.9512315,
      37.4627758
     ]
    ]
   },
   "properties": {
    "type": "path",
    "role": "entrance_link",
    "building": "16-1",
    "entrances": [
     "16-1#5"
    ],
    "source": "자동 접속선(scripts/entrance_links.py, 수치지형도 1:1,000 건물·장애물 회피)",
    "kind": "footway",
    "costFactor": 1,
    "snap": 0.5,
    "link": 1.0,
    "length_m": 0.1,
    "straight_m": 0.1
   }
  },
  {
   "type": "Feature",
   "geometry": {
    "type": "LineString",
    "coordinates": [
     [
      126.951835,
      37.462737
     ],
     [
      126.9517203,
      37.4626428
     ]
    ]
   },
   "properties": {
    "type": "path",
    "role": "entrance_link",
    "building": "17",
    "entrances": [
     "17#1"
    ],
    "source": "자동 접속선(scripts/entrance_links.py, 수치지형도 1:1,000 건물·장애물 회피)",
    "kind": "steps",
    "costFactor": 1.2,
    "snap": 0.5,
    "link": 1.0,
    "length_m": 14.6,
    "straight_m": 14.6,
    "max_grade": 3
   }
  },
  {
   "type": "Feature",
   "geometry": {
    "type": "LineString",
    "coordinates": [
     [
      126.951835,
      37.462737
     ],
     [
      126.9519294,
      37.4626272
     ]
    ]
   },
   "properties": {
    "type": "path",
    "role": "entrance_link",
    "building": "17",
    "entrances": [
     "17#1"
    ],
    "source": "자동 접속선(scripts/entrance_links.py, 수치지형도 1:1,000 건물·장애물 회피)",
    "kind": "steps",
    "costFactor": 1.2,
    "snap": 0.5,
    "link": 1.0,
    "length_m": 14.8,
    "straight_m": 14.8,
    "max_grade": 10
   }
  },
  {
   "type": "Feature",
   "geometry": {
    "type": "LineString",
    "coordinates": [
     [
      126.951835,
      37.462737
     ],
     [
      126.9516286,
      37.4627184
     ]
    ]
   },
   "properties": {
    "type": "path",
    "role": "entrance_link",
    "building": "17",
    "entrances": [
     "17#1"
    ],
    "source": "자동 접속선(scripts/entrance_links.py, 수치지형도 1:1,000 건물·장애물 회피)",
    "kind": "steps",
    "costFactor": 1.2,
    "snap": 0.5,
    "link": 1.0,
    "length_m": 18.4,
    "straight_m": 18.4,
    "max_grade": 9
   }
  },
  {
   "type": "Feature",
   "geometry": {
    "type": "LineString",
    "coordinates": [
     [
      126.952009,
      37.462691
     ],
     [
      126.9519992,
      37.4626273
     ]
    ]
   },
   "properties": {
    "type": "path",
    "role": "entrance_link",
    "building": "17",
    "entrances": [
     "17#2"
    ],
    "source": "자동 접속선(scripts/entrance_links.py, 수치지형도 1:1,000 건물·장애물 회피)",
    "kind": "footway",
    "costFactor": 1,
    "snap": 0.5,
    "link": 1.0,
    "length_m": 7.1,
    "straight_m": 7.1,
    "max_grade": 2,
    "door_depth_m": 1.9
   }
  },
  {
   "type": "Feature",
   "geometry": {
    "type": "LineString",
    "coordinates": [
     [
      126.952009,
      37.462691
     ],
     [
      126.9521055,
      37.4626149
     ]
    ]
   },
   "properties": {
    "type": "path",
    "role": "entrance_link",
    "building": "17",
    "entrances": [
     "17#2"
    ],
    "source": "자동 접속선(scripts/entrance_links.py, 수치지형도 1:1,000 건물·장애물 회피)",
    "kind": "footway",
    "costFactor": 1,
    "snap": 0.5,
    "link": 1.0,
    "length_m": 12.0,
    "straight_m": 12.0,
    "max_grade": 16,
    "door_depth_m": 1.9
   }
  },
  {
   "type": "Feature",
   "geometry": {
    "type": "LineString",
    "coordinates": [
     [
      126.952009,
      37.462691
     ],
     [
      126.9520849,
      37.4626901
     ],
     [
      126.9522368,
      37.4628091
     ]
    ]
   },
   "properties": {
    "type": "path",
    "role": "entrance_link",
    "building": "17",
    "entrances": [
     "17#2"
    ],
    "source": "자동 접속선(scripts/entrance_links.py, 수치지형도 1:1,000 건물·장애물 회피)",
    "kind": "footway",
    "costFactor": 1,
    "snap": 0.5,
    "link": 1.0,
    "length_m": 25.6,
    "straight_m": 24.0,
    "detour": true,
    "max_grade": 18,
    "door_depth_m": 1.9,
    "check": [
     "long"
    ]
   }
  },
  {
   "type": "Feature",
   "geometry": {
    "type": "LineString",
    "coordinates": [
     [
      126.952687,
      37.456774
     ],
     [
      126.9525439,
      37.4567746
     ]
    ]
   },
   "properties": {
    "type": "path",
    "role": "entrance_link",
    "building": "18",
    "entrances": [
     "18#1"
    ],
    "source": "자동 접속선(scripts/entrance_links.py, 수치지형도 1:1,000 건물·장애물 회피)",
    "kind": "steps",
    "costFactor": 1.2,
    "snap": 0.5,
    "link": 1.0,
    "length_m": 12.7,
    "straight_m": 12.7,
    "max_grade": 12,
    "door_depth_m": 0.7
   }
  },
  {
   "type": "Feature",
   "geometry": {
    "type": "LineString",
    "coordinates": [
     [
      126.952687,
      37.456774
     ],
     [
      126.9525622,
      37.4566394
     ]
    ]
   },
   "properties": {
    "type": "path",
    "role": "entrance_link",
    "building": "18",
    "entrances": [
     "18#1"
    ],
    "source": "자동 접속선(scripts/entrance_links.py, 수치지형도 1:1,000 건물·장애물 회피)",
    "kind": "footway",
    "costFactor": 1,
    "snap": 0.5,
    "link": 1.0,
    "length_m": 18.6,
    "straight_m": 18.6,
    "max_grade": 16,
    "door_depth_m": 0.7
   }
  },
  {
   "type": "Feature",
   "geometry": {
    "type": "LineString",
    "coordinates": [
     [
      126.952642,
      37.456184
     ],
     [
      126.9525586,
      37.4561848
     ]
    ]
   },
   "properties": {
    "type": "path",
    "role": "entrance_link",
    "building": "19",
    "entrances": [
     "19#1"
    ],
    "source": "자동 접속선(scripts/entrance_links.py, 수치지형도 1:1,000 건물·장애물 회피)",
    "kind": "steps",
    "costFactor": 1.2,
    "snap": 0.5,
    "link": 1.0,
    "length_m": 7.4,
    "straight_m": 7.4,
    "max_grade": 12
   }
  },
  {
   "type": "Feature",
   "geometry": {
    "type": "LineString",
    "coordinates": [
     [
      126.952764,
      37.455903
     ],
     [
      126.9528874,
      37.4558019
     ],
     [
      126.9528479,
      37.4557253
     ],
     [
      126.9528366,
      37.4557163
     ],
     [
      126.9527727,
      37.4556959
     ]
    ]
   },
   "properties": {
    "type": "path",
    "role": "entrance_link",
    "building": "19",
    "entrances": [
     "19#2"
    ],
    "source": "자동 접속선(scripts/entrance_links.py, 수치지형도 1:1,000 건물·장애물 회피)",
    "kind": "footway",
    "costFactor": 1,
    "snap": 0.5,
    "link": 1.0,
    "length_m": 32.3,
    "straight_m": 23.0,
    "detour": true,
    "max_grade": 21,
    "check": [
     "long"
    ]
   }
  },
  {
   "type": "Feature",
   "geometry": {
    "type": "LineString",
    "coordinates": [
     [
      126.952764,
      37.455903
     ],
     [
      126.9527066,
      37.4559235
     ],
     [
      126.9524932,
      37.456125
     ]
    ]
   },
   "properties": {
    "type": "path",
    "role": "entrance_link",
    "building": "19",
    "entrances": [
     "19#2"
    ],
    "source": "자동 접속선(scripts/entrance_links.py, 수치지형도 1:1,000 건물·장애물 회피)",
    "kind": "footway",
    "costFactor": 1,
    "snap": 0.5,
    "link": 1.0,
    "length_m": 34.8,
    "straight_m": 34.4,
    "detour": true,
    "max_grade": 14,
    "check": [
     "long"
    ]
   }
  },
  {
   "type": "Feature",
   "geometry": {
    "type": "LineString",
    "coordinates": [
     [
      126.952764,
      37.455903
     ],
     [
      126.9527066,
      37.4559235
     ],
     [
      126.9527009,
      37.455928
     ],
     [
      126.9525589,
      37.45618
     ]
    ]
   },
   "properties": {
    "type": "path",
    "role": "entrance_link",
    "building": "19",
    "entrances": [
     "19#2"
    ],
    "source": "자동 접속선(scripts/entrance_links.py, 수치지형도 1:1,000 건물·장애물 회피)",
    "kind": "footway",
    "costFactor": 1,
    "snap": 0.5,
    "link": 1.0,
    "length_m": 36.9,
    "straight_m": 35.7,
    "detour": true,
    "max_grade": 14,
    "check": [
     "long"
    ]
   }
  },
  {
   "type": "Feature",
   "geometry": {
    "type": "LineString",
    "coordinates": [
     [
      126.950927,
      37.458093
     ],
     [
      126.9508465,
      37.458106
     ]
    ]
   },
   "properties": {
    "type": "path",
    "role": "entrance_link",
    "building": "22",
    "entrances": [
     "22#1"
    ],
    "source": "자동 접속선(scripts/entrance_links.py, 수치지형도 1:1,000 건물·장애물 회피)",
    "kind": "steps",
    "costFactor": 1.2,
    "snap": 0.5,
    "link": 1.0,
    "length_m": 7.3,
    "straight_m": 7.3,
    "max_grade": 16,
    "door_depth_m": 0.4
   }
  },
  {
   "type": "Feature",
   "geometry": {
    "type": "LineString",
    "coordinates": [
     [
      126.951148,
      37.458261
     ],
     [
      126.9510959,
      37.4583157
     ],
     [
      126.9510846,
      37.4583247
     ],
     [
      126.9510866,
      37.4583423
     ]
    ]
   },
   "properties": {
    "type": "path",
    "role": "entrance_link",
    "building": "22",
    "entrances": [
     "22#2"
    ],
    "source": "자동 접속선(scripts/entrance_links.py, 수치지형도 1:1,000 건물·장애물 회피)",
    "kind": "footway",
    "costFactor": 1,
    "snap": 0.5,
    "link": 1.0,
    "length_m": 11.0,
    "straight_m": 10.5,
    "detour": true,
    "max_grade": 17,
    "door_depth_m": 0.9
   }
  },
  {
   "type": "Feature",
   "geometry": {
    "type": "LineString",
    "coordinates": [
     [
      126.950752,
      37.457527
     ],
     [
      126.9505639,
      37.4575293
     ]
    ]
   },
   "properties": {
    "type": "path",
    "role": "entrance_link",
    "building": "22",
    "entrances": [
     "22#3"
    ],
    "source": "자동 접속선(scripts/entrance_links.py, 수치지형도 1:1,000 건물·장애물 회피)",
    "kind": "footway",
    "costFactor": 1,
    "snap": 0.5,
    "link": 1.0,
    "length_m": 16.6,
    "straight_m": 16.6,
    "max_grade": 10
   }
  },
  {
   "type": "Feature",
   "geometry": {
    "type": "LineString",
    "coordinates": [
     [
      126.950752,
      37.457527
     ],
     [
      126.9506664,
      37.4575679
     ],
     [
      126.9506608,
      37.4575724
     ],
     [
      126.9506579,
      37.4577278
     ]
    ]
   },
   "properties": {
    "type": "path",
    "role": "entrance_link",
    "building": "22",
    "entrances": [
     "22#3"
    ],
    "source": "자동 접속선(scripts/entrance_links.py, 수치지형도 1:1,000 건물·장애물 회피)",
    "kind": "footway",
    "costFactor": 1,
    "snap": 0.5,
    "link": 1.0,
    "length_m": 26.8,
    "straight_m": 23.8,
    "detour": true,
    "max_grade": 13,
    "check": [
     "long"
    ]
   }
  },
  {
   "type": "Feature",
   "geometry": {
    "type": "LineString",
    "coordinates": [
     [
      126.950913,
      37.457599
     ],
     [
      126.9510062,
      37.4575885
     ]
    ]
   },
   "properties": {
    "type": "path",
    "role": "entrance_link",
    "building": "22",
    "entrances": [
     "22#4"
    ],
    "source": "자동 접속선(scripts/entrance_links.py, 수치지형도 1:1,000 건물·장애물 회피)",
    "kind": "footway",
    "costFactor": 1,
    "snap": 0.5,
    "link": 1.0,
    "length_m": 8.3,
    "straight_m": 8.3,
    "max_grade": 19,
    "door_depth_m": 2.0
   }
  },
  {
   "type": "Feature",
   "geometry": {
    "type": "LineString",
    "coordinates": [
     [
      126.95115,
      37.458033
     ],
     [
      126.9512092,
      37.4580165
     ]
    ]
   },
   "properties": {
    "type": "path",
    "role": "entrance_link",
    "building": "22",
    "entrances": [
     "22#5"
    ],
    "source": "자동 접속선(scripts/entrance_links.py, 수치지형도 1:1,000 건물·장애물 회피)",
    "kind": "footway",
    "costFactor": 1,
    "snap": 0.5,
    "link": 1.0,
    "length_m": 5.6,
    "straight_m": 5.6,
    "door_depth_m": 0.5
   }
  },
  {
   "type": "Feature",
   "geometry": {
    "type": "LineString",
    "coordinates": [
     [
      126.95115,
      37.458033
     ],
     [
      126.9511524,
      37.4579193
     ],
     [
      126.951143,
      37.4578791
     ]
    ]
   },
   "properties": {
    "type": "path",
    "role": "entrance_link",
    "building": "22",
    "entrances": [
     "22#5"
    ],
    "source": "자동 접속선(scripts/entrance_links.py, 수치지형도 1:1,000 건물·장애물 회피)",
    "kind": "footway",
    "costFactor": 1,
    "snap": 0.5,
    "link": 1.0,
    "length_m": 17.2,
    "straight_m": 17.1,
    "detour": true,
    "max_grade": 12,
    "door_depth_m": 0.5
   }
  },
  {
   "type": "Feature",
   "geometry": {
    "type": "LineString",
    "coordinates": [
     [
      126.950781,
      37.458677
     ],
     [
      126.9507111,
      37.4586873
     ]
    ]
   },
   "properties": {
    "type": "path",
    "role": "entrance_link",
    "building": "23",
    "entrances": [
     "23#1"
    ],
    "source": "자동 접속선(scripts/entrance_links.py, 수치지형도 1:1,000 건물·장애물 회피)",
    "kind": "footway",
    "costFactor": 1,
    "snap": 0.5,
    "link": 1.0,
    "length_m": 6.3,
    "straight_m": 6.3,
    "max_grade": 9,
    "door_depth_m": 0.4
   }
  },
  {
   "type": "Feature",
   "geometry": {
    "type": "LineString",
    "coordinates": [
     [
      126.950781,
      37.458677
     ],
     [
      126.9507908,
      37.4588158
     ],
     [
      126.9508156,
      37.4588565
     ]
    ]
   },
   "properties": {
    "type": "path",
    "role": "entrance_link",
    "building": "23",
    "entrances": [
     "23#1"
    ],
    "source": "자동 접속선(scripts/entrance_links.py, 수치지형도 1:1,000 건물·장애물 회피)",
    "kind": "footway",
    "costFactor": 1,
    "snap": 0.5,
    "link": 1.0,
    "length_m": 20.5,
    "straight_m": 20.2,
    "detour": true,
    "max_grade": 3,
    "door_depth_m": 0.4
   }
  },
  {
   "type": "Feature",
   "geometry": {
    "type": "LineString",
    "coordinates": [
     [
      126.951091,
      37.458458
     ],
     [
      126.9510711,
      37.4583472
     ]
    ]
   },
   "properties": {
    "type": "path",
    "role": "entrance_link",
    "building": "23",
    "entrances": [
     "23#2"
    ],
    "source": "자동 접속선(scripts/entrance_links.py, 수치지형도 1:1,000 건물·장애물 회피)",
    "kind": "footway",
    "costFactor": 1,
    "snap": 0.5,
    "link": 1.0,
    "length_m": 12.4,
    "straight_m": 12.4,
    "max_grade": 9
   }
  },
  {
   "type": "Feature",
   "geometry": {
    "type": "LineString",
    "coordinates": [
     [
      126.951091,
      37.458458
     ],
     [
      126.9509797,
      37.4583756
     ]
    ]
   },
   "properties": {
    "type": "path",
    "role": "entrance_link",
    "building": "23",
    "entrances": [
     "23#2"
    ],
    "source": "자동 접속선(scripts/entrance_links.py, 수치지형도 1:1,000 건물·장애물 회피)",
    "kind": "footway",
    "costFactor": 1,
    "snap": 0.5,
    "link": 1.0,
    "length_m": 13.4,
    "straight_m": 13.4,
    "max_grade": 4
   }
  },
  {
   "type": "Feature",
   "geometry": {
    "type": "LineString",
    "coordinates": [
     [
      126.951299,
      37.458433
     ],
     [
      126.9514069,
      37.4584266
     ]
    ]
   },
   "properties": {
    "type": "path",
    "role": "entrance_link",
    "building": "23",
    "entrances": [
     "23#3"
    ],
    "source": "자동 접속선(scripts/entrance_links.py, 수치지형도 1:1,000 건물·장애물 회피)",
    "kind": "footway",
    "costFactor": 1,
    "snap": 0.5,
    "link": 1.0,
    "length_m": 9.6,
    "straight_m": 9.6,
    "max_grade": 19,
    "door_depth_m": 1.5
   }
  },
  {
   "type": "Feature",
   "geometry": {
    "type": "LineString",
    "coordinates": [
     [
      126.951299,
      37.458433
     ],
     [
      126.9513333,
      37.4584238
     ],
     [
      126.9513446,
      37.4584148
     ],
     [
      126.9513028,
      37.4582751
     ]
    ]
   },
   "properties": {
    "type": "path",
    "role": "entrance_link",
    "building": "23",
    "entrances": [
     "23#3"
    ],
    "source": "자동 접속선(scripts/entrance_links.py, 수치지형도 1:1,000 건물·장애물 회피)",
    "kind": "footway",
    "costFactor": 1,
    "snap": 0.5,
    "link": 1.0,
    "length_m": 20.6,
    "straight_m": 17.5,
    "detour": true,
    "max_grade": 17,
    "door_depth_m": 1.5
   }
  },
  {
   "type": "Feature",
   "geometry": {
    "type": "LineString",
    "coordinates": [
     [
      126.950153,
      37.459621
     ],
     [
      126.9501867,
      37.4596068
     ]
    ]
   },
   "properties": {
    "type": "path",
    "role": "entrance_link",
    "building": "24",
    "entrances": [
     "24#2"
    ],
    "source": "자동 접속선(scripts/entrance_links.py, 수치지형도 1:1,000 건물·장애물 회피)",
    "kind": "footway",
    "costFactor": 1,
    "snap": 0.5,
    "link": 1.0,
    "length_m": 3.4,
    "straight_m": 3.4
   }
  },
  {
   "type": "Feature",
   "geometry": {
    "type": "LineString",
    "coordinates": [
     [
      126.949737,
      37.45908
     ],
     [
      126.9497321,
      37.4590142
     ]
    ]
   },
   "properties": {
    "type": "path",
    "role": "entrance_link",
    "building": "24",
    "entrances": [
     "24#3"
    ],
    "source": "자동 접속선(scripts/entrance_links.py, 수치지형도 1:1,000 건물·장애물 회피)",
    "kind": "footway",
    "costFactor": 1,
    "snap": 0.5,
    "link": 1.0,
    "length_m": 7.3,
    "straight_m": 7.3,
    "max_grade": 0
   }
  },
  {
   "type": "Feature",
   "geometry": {
    "type": "LineString",
    "coordinates": [
     [
      126.949737,
      37.45908
     ],
     [
      126.949847,
      37.45905
     ],
     [
      126.9499269,
      37.4590435
     ]
    ]
   },
   "properties": {
    "type": "path",
    "role": "entrance_link",
    "building": "24",
    "entrances": [
     "24#3"
    ],
    "source": "자동 접속선(scripts/entrance_links.py, 수치지형도 1:1,000 건물·장애물 회피)",
    "kind": "footway",
    "costFactor": 1,
    "snap": 0.5,
    "link": 1.0,
    "length_m": 17.4,
    "straight_m": 17.3,
    "detour": true,
    "max_grade": 4
   }
  },
  {
   "type": "Feature",
   "geometry": {
    "type": "LineString",
    "coordinates": [
     [
      126.949737,
      37.45908
     ],
     [
      126.9495022,
      37.4590816
     ],
     [
      126.9494794,
      37.4590969
     ]
    ]
   },
   "properties": {
    "type": "path",
    "role": "entrance_link",
    "building": "24",
    "entrances": [
     "24#3"
    ],
    "source": "자동 접속선(scripts/entrance_links.py, 수치지형도 1:1,000 건물·장애물 회피)",
    "kind": "steps",
    "costFactor": 1.2,
    "snap": 0.5,
    "link": 1.0,
    "length_m": 23.4,
    "straight_m": 22.9,
    "detour": true,
    "max_grade": 5
   }
  },
  {
   "type": "Feature",
   "geometry": {
    "type": "LineString",
    "coordinates": [
     [
      126.949973,
      37.459269
     ],
     [
      126.950034,
      37.459269
     ]
    ]
   },
   "properties": {
    "type": "path",
    "role": "entrance_link",
    "building": "24",
    "entrances": [
     "24#4"
    ],
    "source": "자동 접속선(scripts/entrance_links.py, 수치지형도 1:1,000 건물·장애물 회피)",
    "kind": "footway",
    "costFactor": 1,
    "snap": 0.5,
    "link": 1.0,
    "length_m": 5.4,
    "straight_m": 5.4
   }
  },
  {
   "type": "Feature",
   "geometry": {
    "type": "LineString",
    "coordinates": [
     [
      126.949973,
      37.459269
     ],
     [
      126.9499873,
      37.4591657
     ]
    ]
   },
   "properties": {
    "type": "path",
    "role": "entrance_link",
    "building": "24",
    "entrances": [
     "24#4"
    ],
    "source": "자동 접속선(scripts/entrance_links.py, 수치지형도 1:1,000 건물·장애물 회피)",
    "kind": "footway",
    "costFactor": 1,
    "snap": 0.5,
    "link": 1.0,
    "length_m": 11.5,
    "straight_m": 11.5,
    "max_grade": 0
   }
  },
  {
   "type": "Feature",
   "geometry": {
    "type": "LineString",
    "coordinates": [
     [
      126.950138,
      37.459097
     ],
     [
      126.9501488,
      37.459118
     ]
    ]
   },
   "properties": {
    "type": "path",
    "role": "entrance_link",
    "building": "25",
    "entrances": [
     "25#1"
    ],
    "source": "자동 접속선(scripts/entrance_links.py, 수치지형도 1:1,000 건물·장애물 회피)",
    "kind": "footway",
    "costFactor": 1,
    "snap": 0.5,
    "link": 1.0,
    "length_m": 2.5,
    "straight_m": 2.5,
    "door_depth_m": 0.8
   }
  },
  {
   "type": "Feature",
   "geometry": {
    "type": "LineString",
    "coordinates": [
     [
      126.950142,
      37.458844
     ],
     [
      126.9503811,
      37.4590365
     ]
    ]
   },
   "properties": {
    "type": "path",
    "role": "entrance_link",
    "building": "25",
    "entrances": [
     "25#2"
    ],
    "source": "자동 접속선(scripts/entrance_links.py, 수치지형도 1:1,000 건물·장애물 회피)",
    "kind": "footway",
    "costFactor": 1,
    "snap": 0.5,
    "link": 1.0,
    "length_m": 30.1,
    "straight_m": 30.1,
    "max_grade": 2,
    "door_depth_m": 0.2,
    "check": [
     "long"
    ]
   }
  },
  {
   "type": "Feature",
   "geometry": {
    "type": "LineString",
    "coordinates": [
     [
      126.950142,
      37.458844
     ],
     [
      126.9501578,
      37.4588608
     ],
     [
      126.9502676,
      37.4590822
     ]
    ]
   },
   "properties": {
    "type": "path",
    "role": "entrance_link",
    "building": "25",
    "entrances": [
     "25#2"
    ],
    "source": "자동 접속선(scripts/entrance_links.py, 수치지형도 1:1,000 건물·장애물 회피)",
    "kind": "footway",
    "costFactor": 1,
    "snap": 0.5,
    "link": 1.0,
    "length_m": 28.7,
    "straight_m": 28.7,
    "detour": true,
    "max_grade": 2,
    "door_depth_m": 0.2,
    "check": [
     "long"
    ]
   }
  },
  {
   "type": "Feature",
   "geometry": {
    "type": "LineString",
    "coordinates": [
     [
      126.94978,
      37.458369
     ],
     [
      126.949669,
      37.4582611
     ]
    ]
   },
   "properties": {
    "type": "path",
    "role": "entrance_link",
    "building": "25",
    "entrances": [
     "25#3"
    ],
    "source": "자동 접속선(scripts/entrance_links.py, 수치지형도 1:1,000 건물·장애물 회피)",
    "kind": "footway",
    "costFactor": 1,
    "snap": 0.5,
    "link": 1.0,
    "length_m": 15.5,
    "straight_m": 15.5,
    "max_grade": 5
   }
  },
  {
   "type": "Feature",
   "geometry": {
    "type": "LineString",
    "coordinates": [
     [
      126.94978,
      37.458369
     ],
     [
      126.9496037,
      37.4583896
     ]
    ]
   },
   "properties": {
    "type": "path",
    "role": "entrance_link",
    "building": "25",
    "entrances": [
     "25#3"
    ],
    "source": "자동 접속선(scripts/entrance_links.py, 수치지형도 1:1,000 건물·장애물 회피)",
    "kind": "footway",
    "costFactor": 1,
    "snap": 0.5,
    "link": 1.0,
    "length_m": 15.8,
    "straight_m": 15.8,
    "max_grade": 2
   }
  },
  {
   "type": "Feature",
   "geometry": {
    "type": "LineString",
    "coordinates": [
     [
      126.950257,
      37.459067
     ],
     [
      126.9502676,
      37.4590822
     ]
    ]
   },
   "properties": {
    "type": "path",
    "role": "entrance_link",
    "building": "25",
    "entrances": [
     "25#4"
    ],
    "source": "자동 접속선(scripts/entrance_links.py, 수치지형도 1:1,000 건물·장애물 회피)",
    "kind": "footway",
    "costFactor": 1,
    "snap": 0.5,
    "link": 1.0,
    "length_m": 1.9,
    "straight_m": 1.9
   }
  },
  {
   "type": "Feature",
   "geometry": {
    "type": "LineString",
    "coordinates": [
     [
      126.949923,
      37.458406
     ],
     [
      126.9498978,
      37.4583292
     ],
     [
      126.9497708,
      37.4582252
     ]
    ]
   },
   "properties": {
    "type": "path",
    "role": "entrance_link",
    "building": "25",
    "entrances": [
     "25#5"
    ],
    "source": "자동 접속선(scripts/entrance_links.py, 수치지형도 1:1,000 건물·장애물 회피)",
    "kind": "footway",
    "costFactor": 1,
    "snap": 0.5,
    "link": 1.0,
    "length_m": 24.9,
    "straight_m": 24.2,
    "detour": true,
    "max_grade": 3
   }
  },
  {
   "type": "Feature",
   "geometry": {
    "type": "LineString",
    "coordinates": [
     [
      126.949923,
      37.458406
     ],
     [
      126.9499035,
      37.4583472
     ],
     [
      126.9498865,
      37.4583337
     ],
     [
      126.9495814,
      37.4583445
     ]
    ]
   },
   "properties": {
    "type": "path",
    "role": "entrance_link",
    "building": "25",
    "entrances": [
     "25#5"
    ],
    "source": "자동 접속선(scripts/entrance_links.py, 수치지형도 1:1,000 건물·장애물 회피)",
    "kind": "footway",
    "costFactor": 1,
    "snap": 0.5,
    "link": 1.0,
    "length_m": 35.9,
    "straight_m": 31.0,
    "detour": true,
    "max_grade": 3,
    "check": [
     "long"
    ]
   }
  },
  {
   "type": "Feature",
   "geometry": {
    "type": "LineString",
    "coordinates": [
     [
      126.949675,
      37.458954
     ],
     [
      126.9496849,
      37.4590273
     ]
    ]
   },
   "properties": {
    "type": "path",
    "role": "entrance_link",
    "building": "25-1",
    "entrances": [
     "25-1#1"
    ],
    "source": "자동 접속선(scripts/entrance_links.py, 수치지형도 1:1,000 건물·장애물 회피)",
    "kind": "footway",
    "costFactor": 1,
    "snap": 0.5,
    "link": 1.0,
    "length_m": 8.2,
    "straight_m": 8.2,
    "max_grade": 4
   }
  },
  {
   "type": "Feature",
   "geometry": {
    "type": "LineString",
    "coordinates": [
     [
      126.949675,
      37.458954
     ],
     [
      126.9498757,
      37.45894
     ]
    ]
   },
   "properties": {
    "type": "path",
    "role": "entrance_link",
    "building": "25-1",
    "entrances": [
     "25-1#1"
    ],
    "source": "자동 접속선(scripts/entrance_links.py, 수치지형도 1:1,000 건물·장애물 회피)",
    "kind": "footway",
    "costFactor": 1,
    "snap": 0.5,
    "link": 1.0,
    "length_m": 17.8,
    "straight_m": 17.8,
    "max_grade": 4
   }
  },
  {
   "type": "Feature",
   "geometry": {
    "type": "LineString",
    "coordinates": [
     [
      126.949675,
      37.458954
     ],
     [
      126.9496661,
      37.4589644
     ],
     [
      126.9496605,
      37.4589689
     ],
     [
      126.9494624,
      37.4590608
     ]
    ]
   },
   "properties": {
    "type": "path",
    "role": "entrance_link",
    "building": "25-1",
    "entrances": [
     "25-1#1"
    ],
    "source": "자동 접속선(scripts/entrance_links.py, 수치지형도 1:1,000 건물·장애물 회피)",
    "kind": "footway",
    "costFactor": 1,
    "snap": 0.5,
    "link": 1.0,
    "length_m": 22.4,
    "straight_m": 22.2,
    "detour": true,
    "max_grade": 5
   }
  },
  {
   "type": "Feature",
   "geometry": {
    "type": "LineString",
    "coordinates": [
     [
      126.950185,
      37.458815
     ],
     [
      126.9504261,
      37.4590181
     ]
    ]
   },
   "properties": {
    "type": "path",
    "role": "entrance_link",
    "building": "26",
    "entrances": [
     "26#1"
    ],
    "source": "자동 접속선(scripts/entrance_links.py, 수치지형도 1:1,000 건물·장애물 회피)",
    "kind": "footway",
    "costFactor": 1,
    "snap": 0.5,
    "link": 1.0,
    "length_m": 31.0,
    "straight_m": 31.0,
    "max_grade": 2,
    "check": [
     "long"
    ]
   }
  },
  {
   "type": "Feature",
   "geometry": {
    "type": "LineString",
    "coordinates": [
     [
      126.950185,
      37.458815
     ],
     [
      126.9502676,
      37.4590822
     ]
    ]
   },
   "properties": {
    "type": "path",
    "role": "entrance_link",
    "building": "26",
    "entrances": [
     "26#1"
    ],
    "source": "자동 접속선(scripts/entrance_links.py, 수치지형도 1:1,000 건물·장애물 회피)",
    "kind": "footway",
    "costFactor": 1,
    "snap": 0.5,
    "link": 1.0,
    "length_m": 30.5,
    "straight_m": 30.5,
    "max_grade": 1,
    "check": [
     "long"
    ]
   }
  },
  {
   "type": "Feature",
   "geometry": {
    "type": "LineString",
    "coordinates": [
     [
      126.950034,
      37.458329
     ],
     [
      126.9498054,
      37.458213
     ]
    ]
   },
   "properties": {
    "type": "path",
    "role": "entrance_link",
    "building": "27",
    "entrances": [
     "27#1"
    ],
    "source": "자동 접속선(scripts/entrance_links.py, 수치지형도 1:1,000 건물·장애물 회피)",
    "kind": "steps",
    "costFactor": 1.2,
    "snap": 0.5,
    "link": 1.0,
    "length_m": 24.0,
    "straight_m": 24.0,
    "max_grade": 1,
    "door_depth_m": 1.0
   }
  },
  {
   "type": "Feature",
   "geometry": {
    "type": "LineString",
    "coordinates": [
     [
      126.950034,
      37.458329
     ],
     [
      126.9495749,
      37.4583312
     ]
    ]
   },
   "properties": {
    "type": "path",
    "role": "entrance_link",
    "building": "27",
    "entrances": [
     "27#1"
    ],
    "source": "자동 접속선(scripts/entrance_links.py, 수치지형도 1:1,000 건물·장애물 회피)",
    "kind": "footway",
    "costFactor": 1,
    "snap": 0.5,
    "link": 1.0,
    "length_m": 40.6,
    "straight_m": 40.6,
    "max_grade": 3,
    "door_depth_m": 1.0,
    "check": [
     "long"
    ]
   }
  },
  {
   "type": "Feature",
   "geometry": {
    "type": "LineString",
    "coordinates": [
     [
      126.950211,
      37.458182
     ],
     [
      126.9502112,
      37.4581823
     ]
    ]
   },
   "properties": {
    "type": "path",
    "role": "entrance_link",
    "building": "27",
    "entrances": [
     "27#2"
    ],
    "source": "자동 접속선(scripts/entrance_links.py, 수치지형도 1:1,000 건물·장애물 회피)",
    "kind": "footway",
    "costFactor": 1,
    "snap": 0.5,
    "link": 1.0,
    "length_m": 0.0,
    "straight_m": 0.0,
    "door_depth_m": 0.2
   }
  },
  {
   "type": "Feature",
   "geometry": {
    "type": "LineString",
    "coordinates": [
     [
      126.949833,
      37.457949
     ],
     [
      126.9498058,
      37.4582129
     ]
    ]
   },
   "properties": {
    "type": "path",
    "role": "entrance_link",
    "building": "27",
    "entrances": [
     "27#3"
    ],
    "source": "자동 접속선(scripts/entrance_links.py, 수치지형도 1:1,000 건물·장애물 회피)",
    "kind": "steps",
    "costFactor": 1.2,
    "snap": 0.5,
    "link": 1.0,
    "length_m": 29.4,
    "straight_m": 29.4,
    "max_grade": 10,
    "door_depth_m": 0.2,
    "check": [
     "long"
    ]
   }
  },
  {
   "type": "Feature",
   "geometry": {
    "type": "LineString",
    "coordinates": [
     [
      126.949833,
      37.457949
     ],
     [
      126.9495593,
      37.4582997
     ]
    ]
   },
   "properties": {
    "type": "path",
    "role": "entrance_link",
    "building": "27",
    "entrances": [
     "27#3"
    ],
    "source": "자동 접속선(scripts/entrance_links.py, 수치지형도 1:1,000 건물·장애물 회피)",
    "kind": "steps",
    "costFactor": 1.2,
    "snap": 0.5,
    "link": 1.0,
    "length_m": 45.8,
    "straight_m": 45.8,
    "max_grade": 10,
    "door_depth_m": 0.2,
    "check": [
     "long"
    ]
   }
  },
  {
   "type": "Feature",
   "geometry": {
    "type": "LineString",
    "coordinates": [
     [
      126.949845,
      37.457704
     ],
     [
      126.9500173,
      37.4576243
     ]
    ]
   },
   "properties": {
    "type": "path",
    "role": "entrance_link",
    "building": "27",
    "entrances": [
     "27#4"
    ],
    "source": "자동 접속선(scripts/entrance_links.py, 수치지형도 1:1,000 건물·장애물 회피)",
    "kind": "footway",
    "costFactor": 1,
    "snap": 0.5,
    "link": 1.0,
    "length_m": 17.6,
    "straight_m": 17.6,
    "max_grade": 6
   }
  },
  {
   "type": "Feature",
   "geometry": {
    "type": "LineString",
    "coordinates": [
     [
      126.949845,
      37.457704
     ],
     [
      126.9499543,
      37.4576715
     ],
     [
      126.9500109,
      37.457667
     ],
     [
      126.9500531,
      37.4576934
     ]
    ]
   },
   "properties": {
    "type": "path",
    "role": "entrance_link",
    "building": "27",
    "entrances": [
     "27#4"
    ],
    "source": "자동 접속선(scripts/entrance_links.py, 수치지형도 1:1,000 건물·장애물 회피)",
    "kind": "footway",
    "costFactor": 1,
    "snap": 0.5,
    "link": 1.0,
    "length_m": 20.1,
    "straight_m": 18.4,
    "detour": true,
    "max_grade": 5
   }
  },
  {
   "type": "Feature",
   "geometry": {
    "type": "LineString",
    "coordinates": [
     [
      126.949845,
      37.457704
     ],
     [
      126.949847,
      37.4574401
     ]
    ]
   },
   "properties": {
    "type": "path",
    "role": "entrance_link",
    "building": "27",
    "entrances": [
     "27#4"
    ],
    "source": "자동 접속선(scripts/entrance_links.py, 수치지형도 1:1,000 건물·장애물 회피)",
    "kind": "footway",
    "costFactor": 1,
    "snap": 0.5,
    "link": 1.0,
    "length_m": 29.3,
    "straight_m": 29.3,
    "max_grade": 18,
    "check": [
     "long"
    ]
   }
  },
  {
   "type": "Feature",
   "geometry": {
    "type": "LineString",
    "coordinates": [
     [
      126.949845,
      37.457704
     ],
     [
      126.949944,
      37.4574732
     ]
    ]
   },
   "properties": {
    "type": "path",
    "role": "entrance_link",
    "building": "27",
    "entrances": [
     "27#4"
    ],
    "source": "자동 접속선(scripts/entrance_links.py, 수치지형도 1:1,000 건물·장애물 회피)",
    "kind": "steps",
    "costFactor": 1.2,
    "snap": 0.5,
    "link": 1.0,
    "length_m": 27.1,
    "straight_m": 27.1,
    "max_grade": 19,
    "check": [
     "long"
    ]
   }
  },
  {
   "type": "Feature",
   "geometry": {
    "type": "LineString",
    "coordinates": [
     [
      126.949669,
      37.456308
     ],
     [
      126.949698,
      37.4563371
     ]
    ]
   },
   "properties": {
    "type": "path",
    "role": "entrance_link",
    "building": "32-1",
    "entrances": [
     "32-1#1"
    ],
    "source": "자동 접속선(scripts/entrance_links.py, 수치지형도 1:1,000 건물·장애물 회피)",
    "kind": "footway",
    "costFactor": 1,
    "snap": 0.5,
    "link": 1.0,
    "length_m": 4.1,
    "straight_m": 4.1
   }
  },
  {
   "type": "Feature",
   "geometry": {
    "type": "LineString",
    "coordinates": [
     [
      126.949669,
      37.456308
     ],
     [
      126.9496106,
      37.4562575
     ]
    ]
   },
   "properties": {
    "type": "path",
    "role": "entrance_link",
    "building": "32-1",
    "entrances": [
     "32-1#1"
    ],
    "source": "자동 접속선(scripts/entrance_links.py, 수치지형도 1:1,000 건물·장애물 회피)",
    "kind": "footway",
    "costFactor": 1,
    "snap": 0.5,
    "link": 1.0,
    "length_m": 7.6,
    "straight_m": 7.6
   }
  },
  {
   "type": "Feature",
   "geometry": {
    "type": "LineString",
    "coordinates": [
     [
      126.949669,
      37.456308
     ],
     [
      126.9495671,
      37.4561805
     ]
    ]
   },
   "properties": {
    "type": "path",
    "role": "entrance_link",
    "building": "32-1",
    "entrances": [
     "32-1#1"
    ],
    "source": "자동 접속선(scripts/entrance_links.py, 수치지형도 1:1,000 건물·장애물 회피)",
    "kind": "footway",
    "costFactor": 1,
    "snap": 0.5,
    "link": 1.0,
    "length_m": 16.8,
    "straight_m": 16.8,
    "max_grade": 0
   }
  },
  {
   "type": "Feature",
   "geometry": {
    "type": "LineString",
    "coordinates": [
     [
      126.949874,
      37.456252
     ],
     [
      126.9498809,
      37.4562344
     ],
     [
      126.9498809,
      37.4562299
     ],
     [
      126.9498778,
      37.4562223
     ]
    ]
   },
   "properties": {
    "type": "path",
    "role": "entrance_link",
    "building": "32-1",
    "entrances": [
     "32-1#2"
    ],
    "source": "자동 접속선(scripts/entrance_links.py, 수치지형도 1:1,000 건물·장애물 회피)",
    "kind": "footway",
    "costFactor": 1,
    "snap": 0.5,
    "link": 1.0,
    "length_m": 3.4,
    "straight_m": 3.3,
    "detour": true,
    "door_depth_m": 0.3
   }
  },
  {
   "type": "Feature",
   "geometry": {
    "type": "LineString",
    "coordinates": [
     [
      126.949918,
      37.456068
     ],
     [
      126.9499815,
      37.4561198
     ]
    ]
   },
   "properties": {
    "type": "path",
    "role": "entrance_link",
    "building": "32-1",
    "entrances": [
     "32-1#3"
    ],
    "source": "자동 접속선(scripts/entrance_links.py, 수치지형도 1:1,000 건물·장애물 회피)",
    "kind": "footway",
    "costFactor": 1,
    "snap": 0.5,
    "link": 1.0,
    "length_m": 8.0,
    "straight_m": 8.0
   }
  },
  {
   "type": "Feature",
   "geometry": {
    "type": "LineString",
    "coordinates": [
     [
      126.949918,
      37.456068
     ],
     [
      126.9500457,
      37.4560563
     ]
    ]
   },
   "properties": {
    "type": "path",
    "role": "entrance_link",
    "building": "32-1",
    "entrances": [
     "32-1#3"
    ],
    "source": "자동 접속선(scripts/entrance_links.py, 수치지형도 1:1,000 건물·장애물 회피)",
    "kind": "footway",
    "costFactor": 1,
    "snap": 0.5,
    "link": 1.0,
    "length_m": 11.4,
    "straight_m": 11.4
   }
  },
  {
   "type": "Feature",
   "geometry": {
    "type": "LineString",
    "coordinates": [
     [
      126.95197,
      37.456127
     ],
     [
      126.9519696,
      37.4561261
     ]
    ]
   },
   "properties": {
    "type": "path",
    "role": "entrance_link",
    "building": "35",
    "entrances": [
     "35#1"
    ],
    "source": "자동 접속선(scripts/entrance_links.py, 수치지형도 1:1,000 건물·장애물 회피)",
    "kind": "footway",
    "costFactor": 1,
    "snap": 0.5,
    "link": 1.0,
    "length_m": 0.1,
    "straight_m": 0.1
   }
  },
  {
   "type": "Feature",
   "geometry": {
    "type": "LineString",
    "coordinates": [
     [
      126.952217,
      37.456479
     ],
     [
      126.9523933,
      37.4564779
     ]
    ]
   },
   "properties": {
    "type": "path",
    "role": "entrance_link",
    "building": "35",
    "entrances": [
     "35#2"
    ],
    "source": "자동 접속선(scripts/entrance_links.py, 수치지형도 1:1,000 건물·장애물 회피)",
    "kind": "footway",
    "costFactor": 1,
    "snap": 0.5,
    "link": 1.0,
    "length_m": 15.6,
    "straight_m": 15.6,
    "max_grade": 23
   }
  },
  {
   "type": "Feature",
   "geometry": {
    "type": "LineString",
    "coordinates": [
     [
      126.952217,
      37.456479
     ],
     [
      126.9524036,
      37.456403
     ]
    ]
   },
   "properties": {
    "type": "path",
    "role": "entrance_link",
    "building": "35",
    "entrances": [
     "35#2"
    ],
    "source": "자동 접속선(scripts/entrance_links.py, 수치지형도 1:1,000 건물·장애물 회피)",
    "kind": "footway",
    "costFactor": 1,
    "snap": 0.5,
    "link": 1.0,
    "length_m": 18.5,
    "straight_m": 18.5,
    "max_grade": 21
   }
  },
  {
   "type": "Feature",
   "geometry": {
    "type": "LineString",
    "coordinates": [
     [
      126.952217,
      37.456479
     ],
     [
      126.9522658,
      37.4565272
     ],
     [
      126.9523684,
      37.4566543
     ]
    ]
   },
   "properties": {
    "type": "path",
    "role": "entrance_link",
    "building": "35",
    "entrances": [
     "35#2"
    ],
    "source": "자동 접속선(scripts/entrance_links.py, 수치지형도 1:1,000 건물·장애물 회피)",
    "kind": "footway",
    "costFactor": 1,
    "snap": 0.5,
    "link": 1.0,
    "length_m": 23.7,
    "straight_m": 23.6,
    "detour": true,
    "max_grade": 15
   }
  },
  {
   "type": "Feature",
   "geometry": {
    "type": "LineString",
    "coordinates": [
     [
      126.952217,
      37.456479
     ],
     [
      126.9522319,
      37.4564686
     ],
     [
      126.9522827,
      37.4564146
     ],
     [
      126.9523993,
      37.4562162
     ]
    ]
   },
   "properties": {
    "type": "path",
    "role": "entrance_link",
    "building": "35",
    "entrances": [
     "35#2"
    ],
    "source": "자동 접속선(scripts/entrance_links.py, 수치지형도 1:1,000 건물·장애물 회피)",
    "kind": "footway",
    "costFactor": 1,
    "snap": 0.5,
    "link": 1.0,
    "length_m": 33.6,
    "straight_m": 33.3,
    "detour": true,
    "max_grade": 21,
    "check": [
     "long"
    ]
   }
  },
  {
   "type": "Feature",
   "geometry": {
    "type": "LineString",
    "coordinates": [
     [
      126.952108,
      37.457042
     ],
     [
      126.952108,
      37.4570812
     ]
    ]
   },
   "properties": {
    "type": "path",
    "role": "entrance_link",
    "building": "35",
    "entrances": [
     "35#3"
    ],
    "source": "자동 접속선(scripts/entrance_links.py, 수치지형도 1:1,000 건물·장애물 회피)",
    "kind": "footway",
    "costFactor": 1,
    "snap": 0.5,
    "link": 1.0,
    "length_m": 4.3,
    "straight_m": 4.3
   }
  },
  {
   "type": "Feature",
   "geometry": {
    "type": "LineString",
    "coordinates": [
     [
      126.952108,
      37.457042
     ],
     [
      126.9522713,
      37.4569749
     ]
    ]
   },
   "properties": {
    "type": "path",
    "role": "entrance_link",
    "building": "35",
    "entrances": [
     "35#3"
    ],
    "source": "자동 접속선(scripts/entrance_links.py, 수치지형도 1:1,000 건물·장애물 회피)",
    "kind": "footway",
    "costFactor": 1,
    "snap": 0.5,
    "link": 1.0,
    "length_m": 16.3,
    "straight_m": 16.3,
    "max_grade": 11
   }
  },
  {
   "type": "Feature",
   "geometry": {
    "type": "LineString",
    "coordinates": [
     [
      126.951078,
      37.455411
     ],
     [
      126.9510219,
      37.4554003
     ]
    ]
   },
   "properties": {
    "type": "path",
    "role": "entrance_link",
    "building": "36",
    "entrances": [
     "36#1"
    ],
    "source": "자동 접속선(scripts/entrance_links.py, 수치지형도 1:1,000 건물·장애물 회피)",
    "kind": "footway",
    "costFactor": 1,
    "snap": 0.5,
    "link": 1.0,
    "length_m": 5.1,
    "straight_m": 5.1
   }
  },
  {
   "type": "Feature",
   "geometry": {
    "type": "LineString",
    "coordinates": [
     [
      126.951078,
      37.455411
     ],
     [
      126.9510794,
      37.4553349
     ]
    ]
   },
   "properties": {
    "type": "path",
    "role": "entrance_link",
    "building": "36",
    "entrances": [
     "36#1"
    ],
    "source": "자동 접속선(scripts/entrance_links.py, 수치지형도 1:1,000 건물·장애물 회피)",
    "kind": "steps",
    "costFactor": 1.2,
    "snap": 0.5,
    "link": 1.0,
    "length_m": 8.4,
    "straight_m": 8.4,
    "max_grade": 13
   }
  },
  {
   "type": "Feature",
   "geometry": {
    "type": "LineString",
    "coordinates": [
     [
      126.951078,
      37.455411
     ],
     [
      126.9511193,
      37.4552382
     ]
    ]
   },
   "properties": {
    "type": "path",
    "role": "entrance_link",
    "building": "36",
    "entrances": [
     "36#1"
    ],
    "source": "자동 접속선(scripts/entrance_links.py, 수치지형도 1:1,000 건물·장애물 회피)",
    "kind": "steps",
    "costFactor": 1.2,
    "snap": 0.5,
    "link": 1.0,
    "length_m": 19.5,
    "straight_m": 19.5,
    "max_grade": 14
   }
  },
  {
   "type": "Feature",
   "geometry": {
    "type": "LineString",
    "coordinates": [
     [
      126.951798,
      37.455577
     ],
     [
      126.9518036,
      37.4555769
     ]
    ]
   },
   "properties": {
    "type": "path",
    "role": "entrance_link",
    "building": "36",
    "entrances": [
     "36#2"
    ],
    "source": "자동 접속선(scripts/entrance_links.py, 수치지형도 1:1,000 건물·장애물 회피)",
    "kind": "footway",
    "costFactor": 1,
    "snap": 0.5,
    "link": 1.0,
    "length_m": 0.5,
    "straight_m": 0.5
   }
  },
  {
   "type": "Feature",
   "geometry": {
    "type": "LineString",
    "coordinates": [
     [
      126.950802,
      37.455115
     ],
     [
      126.9507903,
      37.4551481
     ]
    ]
   },
   "properties": {
    "type": "path",
    "role": "entrance_link",
    "building": "38",
    "entrances": [
     "38#1"
    ],
    "source": "자동 접속선(scripts/entrance_links.py, 수치지형도 1:1,000 건물·장애물 회피)",
    "kind": "footway",
    "costFactor": 1,
    "snap": 0.5,
    "link": 1.0,
    "length_m": 3.8,
    "straight_m": 3.8,
    "door_depth_m": 0.1
   }
  },
  {
   "type": "Feature",
   "geometry": {
    "type": "LineString",
    "coordinates": [
     [
      126.950802,
      37.455115
     ],
     [
      126.9508247,
      37.4551216
     ],
     [
      126.950932,
      37.4551306
     ],
     [
      126.9510216,
      37.455131
     ]
    ]
   },
   "properties": {
    "type": "path",
    "role": "entrance_link",
    "building": "38",
    "entrances": [
     "38#1"
    ],
    "source": "자동 접속선(scripts/entrance_links.py, 수치지형도 1:1,000 건물·장애물 회피)",
    "kind": "footway",
    "costFactor": 1,
    "snap": 0.5,
    "link": 1.0,
    "length_m": 19.6,
    "straight_m": 19.5,
    "detour": true,
    "max_grade": 1,
    "door_depth_m": 0.1
   }
  },
  {
   "type": "Feature",
   "geometry": {
    "type": "LineString",
    "coordinates": [
     [
      126.950802,
      37.455115
     ],
     [
      126.9505411,
      37.4551223
     ]
    ]
   },
   "properties": {
    "type": "path",
    "role": "entrance_link",
    "building": "38",
    "entrances": [
     "38#1"
    ],
    "source": "자동 접속선(scripts/entrance_links.py, 수치지형도 1:1,000 건물·장애물 회피)",
    "kind": "steps",
    "costFactor": 1.2,
    "snap": 0.5,
    "link": 1.0,
    "length_m": 23.1,
    "straight_m": 23.1,
    "max_grade": 1,
    "door_depth_m": 0.1
   }
  },
  {
   "type": "Feature",
   "geometry": {
    "type": "LineString",
    "coordinates": [
     [
      126.950102,
      37.455045
     ],
     [
      126.9500488,
      37.4550713
     ]
    ]
   },
   "properties": {
    "type": "path",
    "role": "entrance_link",
    "building": "38",
    "entrances": [
     "38#2"
    ],
    "source": "자동 접속선(scripts/entrance_links.py, 수치지형도 1:1,000 건물·장애물 회피)",
    "kind": "footway",
    "costFactor": 1,
    "snap": 0.5,
    "link": 1.0,
    "length_m": 5.5,
    "straight_m": 5.5
   }
  },
  {
   "type": "Feature",
   "geometry": {
    "type": "LineString",
    "coordinates": [
     [
      126.950102,
      37.455045
     ],
     [
      126.9500949,
      37.4551446
     ]
    ]
   },
   "properties": {
    "type": "path",
    "role": "entrance_link",
    "building": "38",
    "entrances": [
     "38#2"
    ],
    "source": "자동 접속선(scripts/entrance_links.py, 수치지형도 1:1,000 건물·장애물 회피)",
    "kind": "footway",
    "costFactor": 1,
    "snap": 0.5,
    "link": 1.0,
    "length_m": 11.1,
    "straight_m": 11.1,
    "max_grade": 13
   }
  },
  {
   "type": "Feature",
   "geometry": {
    "type": "LineString",
    "coordinates": [
     [
      126.950102,
      37.455045
     ],
     [
      126.9498406,
      37.4550437
     ]
    ]
   },
   "properties": {
    "type": "path",
    "role": "entrance_link",
    "building": "38",
    "entrances": [
     "38#2"
    ],
    "source": "자동 접속선(scripts/entrance_links.py, 수치지형도 1:1,000 건물·장애물 회피)",
    "kind": "footway",
    "costFactor": 1,
    "snap": 0.5,
    "link": 1.0,
    "length_m": 23.1,
    "straight_m": 23.1,
    "max_grade": 1
   }
  },
  {
   "type": "Feature",
   "geometry": {
    "type": "LineString",
    "coordinates": [
     [
      126.950545,
      37.455089
     ],
     [
      126.9505411,
      37.4551223
     ]
    ]
   },
   "properties": {
    "type": "path",
    "role": "entrance_link",
    "building": "38",
    "entrances": [
     "38#3"
    ],
    "source": "자동 접속선(scripts/entrance_links.py, 수치지형도 1:1,000 건물·장애물 회피)",
    "kind": "footway",
    "costFactor": 1,
    "snap": 0.5,
    "link": 1.0,
    "length_m": 3.7,
    "straight_m": 3.7,
    "door_depth_m": 0.1
   }
  },
  {
   "type": "Feature",
   "geometry": {
    "type": "LineString",
    "coordinates": [
     [
      126.950545,
      37.455089
     ],
     [
      126.9507903,
      37.4551481
     ]
    ]
   },
   "properties": {
    "type": "path",
    "role": "entrance_link",
    "building": "38",
    "entrances": [
     "38#3"
    ],
    "source": "자동 접속선(scripts/entrance_links.py, 수치지형도 1:1,000 건물·장애물 회피)",
    "kind": "steps",
    "costFactor": 1.2,
    "snap": 0.5,
    "link": 1.0,
    "length_m": 22.7,
    "straight_m": 22.7,
    "max_grade": 2,
    "door_depth_m": 0.1
   }
  },
  {
   "type": "Feature",
   "geometry": {
    "type": "LineString",
    "coordinates": [
     [
      126.950912,
      37.455126
     ],
     [
      126.9510222,
      37.4551266
     ]
    ]
   },
   "properties": {
    "type": "path",
    "role": "entrance_link",
    "building": "38",
    "entrances": [
     "38#4"
    ],
    "source": "자동 접속선(scripts/entrance_links.py, 수치지형도 1:1,000 건물·장애물 회피)",
    "kind": "footway",
    "costFactor": 1,
    "snap": 0.5,
    "link": 1.0,
    "length_m": 9.8,
    "straight_m": 9.8,
    "max_grade": 0
   }
  },
  {
   "type": "Feature",
   "geometry": {
    "type": "LineString",
    "coordinates": [
     [
      126.950912,
      37.455126
     ],
     [
      126.950909,
      37.455219
     ]
    ]
   },
   "properties": {
    "type": "path",
    "role": "entrance_link",
    "building": "38",
    "entrances": [
     "38#4"
    ],
    "source": "자동 접속선(scripts/entrance_links.py, 수치지형도 1:1,000 건물·장애물 회피)",
    "kind": "footway",
    "costFactor": 1,
    "snap": 0.5,
    "link": 1.0,
    "length_m": 10.3,
    "straight_m": 10.3,
    "max_grade": 2
   }
  },
  {
   "type": "Feature",
   "geometry": {
    "type": "LineString",
    "coordinates": [
     [
      126.950912,
      37.455126
     ],
     [
      126.9507903,
      37.4551487
     ]
    ]
   },
   "properties": {
    "type": "path",
    "role": "entrance_link",
    "building": "38",
    "entrances": [
     "38#4"
    ],
    "source": "자동 접속선(scripts/entrance_links.py, 수치지형도 1:1,000 건물·장애물 회피)",
    "kind": "footway",
    "costFactor": 1,
    "snap": 0.5,
    "link": 1.0,
    "length_m": 11.1,
    "straight_m": 11.1,
    "max_grade": 1
   }
  },
  {
   "type": "Feature",
   "geometry": {
    "type": "LineString",
    "coordinates": [
     [
      126.951591,
      37.4543
     ],
     [
      126.9515883,
      37.4543129
     ]
    ]
   },
   "properties": {
    "type": "path",
    "role": "entrance_link",
    "building": "40",
    "entrances": [
     "40#1"
    ],
    "source": "자동 접속선(scripts/entrance_links.py, 수치지형도 1:1,000 건물·장애물 회피)",
    "kind": "footway",
    "costFactor": 1,
    "snap": 0.5,
    "link": 1.0,
    "length_m": 1.5,
    "straight_m": 1.5
   }
  },
  {
   "type": "Feature",
   "geometry": {
    "type": "LineString",
    "coordinates": [
     [
      126.951311,
      37.454126
     ],
     [
      126.9513103,
      37.4542911
     ]
    ]
   },
   "properties": {
    "type": "path",
    "role": "entrance_link",
    "building": "40",
    "entrances": [
     "40#2"
    ],
    "source": "자동 접속선(scripts/entrance_links.py, 수치지형도 1:1,000 건물·장애물 회피)",
    "kind": "footway",
    "costFactor": 1,
    "snap": 0.5,
    "link": 1.0,
    "length_m": 18.3,
    "straight_m": 18.3,
    "max_grade": 17
   }
  },
  {
   "type": "Feature",
   "geometry": {
    "type": "LineString",
    "coordinates": [
     [
      126.951311,
      37.454126
     ],
     [
      126.9511316,
      37.4542678
     ]
    ]
   },
   "properties": {
    "type": "path",
    "role": "entrance_link",
    "building": "40",
    "entrances": [
     "40#2"
    ],
    "source": "자동 접속선(scripts/entrance_links.py, 수치지형도 1:1,000 건물·장애물 회피)",
    "kind": "footway",
    "costFactor": 1,
    "snap": 0.5,
    "link": 1.0,
    "length_m": 22.3,
    "straight_m": 22.3,
    "max_grade": 12
   }
  },
  {
   "type": "Feature",
   "geometry": {
    "type": "LineString",
    "coordinates": [
     [
      126.952347,
      37.455145
     ],
     [
      126.952288,
      37.4551392
     ]
    ]
   },
   "properties": {
    "type": "path",
    "role": "entrance_link",
    "building": "42",
    "entrances": [
     "42#1"
    ],
    "source": "자동 접속선(scripts/entrance_links.py, 수치지형도 1:1,000 건물·장애물 회피)",
    "kind": "footway",
    "costFactor": 1,
    "snap": 0.5,
    "link": 1.0,
    "length_m": 5.3,
    "straight_m": 5.3
   }
  },
  {
   "type": "Feature",
   "geometry": {
    "type": "LineString",
    "coordinates": [
     [
      126.952347,
      37.455145
     ],
     [
      126.9523954,
      37.45509
     ]
    ]
   },
   "properties": {
    "type": "path",
    "role": "entrance_link",
    "building": "42",
    "entrances": [
     "42#1"
    ],
    "source": "자동 접속선(scripts/entrance_links.py, 수치지형도 1:1,000 건물·장애물 회피)",
    "kind": "footway",
    "costFactor": 1,
    "snap": 0.5,
    "link": 1.0,
    "length_m": 7.5,
    "straight_m": 7.5,
    "max_grade": 12
   }
  },
  {
   "type": "Feature",
   "geometry": {
    "type": "LineString",
    "coordinates": [
     [
      126.951975,
      37.454708
     ],
     [
      126.9519277,
      37.4547068
     ]
    ]
   },
   "properties": {
    "type": "path",
    "role": "entrance_link",
    "building": "44",
    "entrances": [
     "44#1"
    ],
    "source": "자동 접속선(scripts/entrance_links.py, 수치지형도 1:1,000 건물·장애물 회피)",
    "kind": "footway",
    "costFactor": 1,
    "snap": 0.5,
    "link": 1.0,
    "length_m": 4.2,
    "straight_m": 4.2
   }
  },
  {
   "type": "Feature",
   "geometry": {
    "type": "LineString",
    "coordinates": [
     [
      126.951949,
      37.455441
     ],
     [
      126.9519374,
      37.4554439
     ]
    ]
   },
   "properties": {
    "type": "path",
    "role": "entrance_link",
    "building": "44-1",
    "entrances": [
     "44-1#1"
    ],
    "source": "자동 접속선(scripts/entrance_links.py, 수치지형도 1:1,000 건물·장애물 회피)",
    "kind": "footway",
    "costFactor": 1,
    "snap": 0.5,
    "link": 1.0,
    "length_m": 1.1,
    "straight_m": 1.1
   }
  },
  {
   "type": "Feature",
   "geometry": {
    "type": "LineString",
    "coordinates": [
     [
      126.951953,
      37.455135
     ],
     [
      126.9518754,
      37.4551301
     ]
    ]
   },
   "properties": {
    "type": "path",
    "role": "entrance_link",
    "building": "44-1",
    "entrances": [
     "44-1#2"
    ],
    "source": "자동 접속선(scripts/entrance_links.py, 수치지형도 1:1,000 건물·장애물 회피)",
    "kind": "footway",
    "costFactor": 1,
    "snap": 0.5,
    "link": 1.0,
    "length_m": 6.9,
    "straight_m": 6.9,
    "max_grade": 12,
    "door_depth_m": 1.5
   }
  },
  {
   "type": "Feature",
   "geometry": {
    "type": "LineString",
    "coordinates": [
     [
      126.951953,
      37.455135
     ],
     [
      126.9519323,
      37.4551531
     ],
     [
      126.9518586,
      37.4553131
     ]
    ]
   },
   "properties": {
    "type": "path",
    "role": "entrance_link",
    "building": "44-1",
    "entrances": [
     "44-1#2"
    ],
    "source": "자동 접속선(scripts/entrance_links.py, 수치지형도 1:1,000 건물·장애물 회피)",
    "kind": "footway",
    "costFactor": 1,
    "snap": 0.5,
    "link": 1.0,
    "length_m": 21.6,
    "straight_m": 21.5,
    "detour": true,
    "max_grade": 14,
    "door_depth_m": 1.5
   }
  },
  {
   "type": "Feature",
   "geometry": {
    "type": "LineString",
    "coordinates": [
     [
      126.952657,
      37.45406
     ],
     [
      126.9527011,
      37.4540607
     ]
    ]
   },
   "properties": {
    "type": "path",
    "role": "entrance_link",
    "building": "45",
    "entrances": [
     "45#1"
    ],
    "source": "자동 접속선(scripts/entrance_links.py, 수치지형도 1:1,000 건물·장애물 회피)",
    "kind": "steps",
    "costFactor": 1.2,
    "snap": 0.5,
    "link": 1.0,
    "length_m": 3.9,
    "straight_m": 3.9
   }
  },
  {
   "type": "Feature",
   "geometry": {
    "type": "LineString",
    "coordinates": [
     [
      126.952657,
      37.45406
     ],
     [
      126.9526568,
      37.4541534
     ]
    ]
   },
   "properties": {
    "type": "path",
    "role": "entrance_link",
    "building": "45",
    "entrances": [
     "45#1"
    ],
    "source": "자동 접속선(scripts/entrance_links.py, 수치지형도 1:1,000 건물·장애물 회피)",
    "kind": "footway",
    "costFactor": 1,
    "snap": 0.5,
    "link": 1.0,
    "length_m": 10.4,
    "straight_m": 10.4,
    "max_grade": 20
   }
  },
  {
   "type": "Feature",
   "geometry": {
    "type": "LineString",
    "coordinates": [
     [
      126.952327,
      37.463162
     ],
     [
      126.9525201,
      37.4631621
     ]
    ]
   },
   "properties": {
    "type": "path",
    "role": "entrance_link",
    "building": "50",
    "entrances": [
     "50#1"
    ],
    "source": "자동 접속선(scripts/entrance_links.py, 수치지형도 1:1,000 건물·장애물 회피)",
    "kind": "footway",
    "costFactor": 1,
    "snap": 0.5,
    "link": 1.0,
    "length_m": 17.1,
    "straight_m": 17.1,
    "max_grade": 5
   }
  },
  {
   "type": "Feature",
   "geometry": {
    "type": "LineString",
    "coordinates": [
     [
      126.952327,
      37.463162
     ],
     [
      126.9522432,
      37.4631902
     ],
     [
      126.9520907,
      37.4632003
     ]
    ]
   },
   "properties": {
    "type": "path",
    "role": "entrance_link",
    "building": "50",
    "entrances": [
     "50#1"
    ],
    "source": "자동 접속선(scripts/entrance_links.py, 수치지형도 1:1,000 건물·장애물 회피)",
    "kind": "footway",
    "costFactor": 1,
    "snap": 0.5,
    "link": 1.0,
    "length_m": 21.6,
    "straight_m": 21.3,
    "detour": true,
    "max_grade": 0
   }
  },
  {
   "type": "Feature",
   "geometry": {
    "type": "LineString",
    "coordinates": [
     [
      126.952327,
      37.463162
     ],
     [
      126.9522432,
      37.4631902
     ],
     [
      126.9522319,
      37.4631812
     ],
     [
      126.9521199,
      37.4630037
     ]
    ]
   },
   "properties": {
    "type": "path",
    "role": "entrance_link",
    "building": "50",
    "entrances": [
     "50#1"
    ],
    "source": "자동 접속선(scripts/entrance_links.py, 수치지형도 1:1,000 건물·장애물 회피)",
    "kind": "footway",
    "costFactor": 1,
    "snap": 0.5,
    "link": 1.0,
    "length_m": 31.5,
    "straight_m": 25.4,
    "detour": true,
    "max_grade": 19,
    "check": [
     "long"
    ]
   }
  },
  {
   "type": "Feature",
   "geometry": {
    "type": "LineString",
    "coordinates": [
     [
      126.952556,
      37.462722
     ],
     [
      126.9526029,
      37.4626861
     ]
    ]
   },
   "properties": {
    "type": "path",
    "role": "entrance_link",
    "building": "50",
    "entrances": [
     "50#2"
    ],
    "source": "자동 접속선(scripts/entrance_links.py, 수치지형도 1:1,000 건물·장애물 회피)",
    "kind": "steps",
    "costFactor": 1.2,
    "snap": 0.5,
    "link": 1.0,
    "length_m": 5.7,
    "straight_m": 5.7,
    "door_depth_m": 0.6
   }
  },
  {
   "type": "Feature",
   "geometry": {
    "type": "LineString",
    "coordinates": [
     [
      126.952556,
      37.462722
     ],
     [
      126.9523668,
      37.4625931
     ]
    ]
   },
   "properties": {
    "type": "path",
    "role": "entrance_link",
    "building": "50",
    "entrances": [
     "50#2"
    ],
    "source": "자동 접속선(scripts/entrance_links.py, 수치지형도 1:1,000 건물·장애물 회피)",
    "kind": "steps",
    "costFactor": 1.2,
    "snap": 0.5,
    "link": 1.0,
    "length_m": 22.0,
    "straight_m": 22.0,
    "max_grade": 13,
    "door_depth_m": 0.6
   }
  },
  {
   "type": "Feature",
   "geometry": {
    "type": "LineString",
    "coordinates": [
     [
      126.952556,
      37.462722
     ],
     [
      126.9524523,
      37.4627126
     ],
     [
      126.9522903,
      37.4627202
     ]
    ]
   },
   "properties": {
    "type": "path",
    "role": "entrance_link",
    "building": "50",
    "entrances": [
     "50#2"
    ],
    "source": "자동 접속선(scripts/entrance_links.py, 수치지형도 1:1,000 건물·장애물 회피)",
    "kind": "footway",
    "costFactor": 1,
    "snap": 0.5,
    "link": 1.0,
    "length_m": 23.6,
    "straight_m": 23.5,
    "detour": true,
    "max_grade": 21,
    "door_depth_m": 0.6
   }
  },
  {
   "type": "Feature",
   "geometry": {
    "type": "LineString",
    "coordinates": [
     [
      126.952565,
      37.462865
     ],
     [
      126.9526521,
      37.4628657
     ]
    ]
   },
   "properties": {
    "type": "path",
    "role": "entrance_link",
    "building": "50",
    "entrances": [
     "50#3"
    ],
    "source": "자동 접속선(scripts/entrance_links.py, 수치지형도 1:1,000 건물·장애물 회피)",
    "kind": "footway",
    "costFactor": 1,
    "snap": 0.5,
    "link": 1.0,
    "length_m": 7.7,
    "straight_m": 7.7,
    "max_grade": 6
   }
  },
  {
   "type": "Feature",
   "geometry": {
    "type": "LineString",
    "coordinates": [
     [
      126.953029,
      37.463713
     ],
     [
      126.9530191,
      37.4636751
     ]
    ]
   },
   "properties": {
    "type": "path",
    "role": "entrance_link",
    "building": "52-1",
    "entrances": [
     "52-1#1"
    ],
    "source": "자동 접속선(scripts/entrance_links.py, 수치지형도 1:1,000 건물·장애물 회피)",
    "kind": "footway",
    "costFactor": 1,
    "snap": 0.5,
    "link": 1.0,
    "length_m": 4.3,
    "straight_m": 4.3
   }
  },
  {
   "type": "Feature",
   "geometry": {
    "type": "LineString",
    "coordinates": [
     [
      126.953029,
      37.463713
     ],
     [
      126.9528523,
      37.4637128
     ]
    ]
   },
   "properties": {
    "type": "path",
    "role": "entrance_link",
    "building": "52-1",
    "entrances": [
     "52-1#1"
    ],
    "source": "자동 접속선(scripts/entrance_links.py, 수치지형도 1:1,000 건물·장애물 회피)",
    "kind": "footway",
    "costFactor": 1,
    "snap": 0.5,
    "link": 1.0,
    "length_m": 15.6,
    "straight_m": 15.6
   }
  },
  {
   "type": "Feature",
   "geometry": {
    "type": "LineString",
    "coordinates": [
     [
      126.953029,
      37.463713
     ],
     [
      126.9529722,
      37.4637443
     ],
     [
      126.9528794,
      37.4638193
     ]
    ]
   },
   "properties": {
    "type": "path",
    "role": "entrance_link",
    "building": "52-1",
    "entrances": [
     "52-1#1"
    ],
    "source": "자동 접속선(scripts/entrance_links.py, 수치지형도 1:1,000 건물·장애물 회피)",
    "kind": "footway",
    "costFactor": 1,
    "snap": 0.5,
    "link": 1.0,
    "length_m": 17.8,
    "straight_m": 17.7,
    "detour": true
   }
  },
  {
   "type": "Feature",
   "geometry": {
    "type": "LineString",
    "coordinates": [
     [
      126.953556,
      37.463275
     ],
     [
      126.9534317,
      37.4633782
     ]
    ]
   },
   "properties": {
    "type": "path",
    "role": "entrance_link",
    "building": "53",
    "entrances": [
     "53#1"
    ],
    "source": "자동 접속선(scripts/entrance_links.py, 수치지형도 1:1,000 건물·장애물 회피)",
    "kind": "footway",
    "costFactor": 1,
    "snap": 0.5,
    "link": 1.0,
    "length_m": 15.9,
    "straight_m": 15.9,
    "max_grade": 12
   }
  },
  {
   "type": "Feature",
   "geometry": {
    "type": "LineString",
    "coordinates": [
     [
      126.953556,
      37.463275
     ],
     [
      126.9535543,
      37.4633479
     ],
     [
      126.9536372,
      37.4634156
     ]
    ]
   },
   "properties": {
    "type": "path",
    "role": "entrance_link",
    "building": "53",
    "entrances": [
     "53#1"
    ],
    "source": "자동 접속선(scripts/entrance_links.py, 수치지형도 1:1,000 건물·장애물 회피)",
    "kind": "footway",
    "costFactor": 1,
    "snap": 0.5,
    "link": 1.0,
    "length_m": 18.6,
    "straight_m": 17.2,
    "detour": true,
    "max_grade": 11
   }
  },
  {
   "type": "Feature",
   "geometry": {
    "type": "LineString",
    "coordinates": [
     [
      126.953556,
      37.463275
     ],
     [
      126.9533292,
      37.4633023
     ]
    ]
   },
   "properties": {
    "type": "path",
    "role": "entrance_link",
    "building": "53",
    "entrances": [
     "53#1"
    ],
    "source": "자동 접속선(scripts/entrance_links.py, 수치지형도 1:1,000 건물·장애물 회피)",
    "kind": "footway",
    "costFactor": 1,
    "snap": 0.5,
    "link": 1.0,
    "length_m": 20.3,
    "straight_m": 20.3,
    "max_grade": 13
   }
  },
  {
   "type": "Feature",
   "geometry": {
    "type": "LineString",
    "coordinates": [
     [
      126.953654,
      37.463362
     ],
     [
      126.9536821,
      37.4633927
     ]
    ]
   },
   "properties": {
    "type": "path",
    "role": "entrance_link",
    "building": "53",
    "entrances": [
     "53#2"
    ],
    "source": "자동 접속선(scripts/entrance_links.py, 수치지형도 1:1,000 건물·장애물 회피)",
    "kind": "footway",
    "costFactor": 1,
    "snap": 0.5,
    "link": 1.0,
    "length_m": 4.2,
    "straight_m": 4.2
   }
  },
  {
   "type": "Feature",
   "geometry": {
    "type": "LineString",
    "coordinates": [
     [
      126.953654,
      37.463362
     ],
     [
      126.953656,
      37.4633704
     ],
     [
      126.9536504,
      37.4633749
     ],
     [
      126.9534485,
      37.4633907
     ]
    ]
   },
   "properties": {
    "type": "path",
    "role": "entrance_link",
    "building": "53",
    "entrances": [
     "53#2"
    ],
    "source": "자동 접속선(scripts/entrance_links.py, 수치지형도 1:1,000 건물·장애물 회피)",
    "kind": "footway",
    "costFactor": 1,
    "snap": 0.5,
    "link": 1.0,
    "length_m": 19.6,
    "straight_m": 18.5,
    "detour": true,
    "max_grade": 13
   }
  },
  {
   "type": "Feature",
   "geometry": {
    "type": "LineString",
    "coordinates": [
     [
      126.953454,
      37.462915
     ],
     [
      126.9534277,
      37.4628696
     ]
    ]
   },
   "properties": {
    "type": "path",
    "role": "entrance_link",
    "building": "53",
    "entrances": [
     "53#3"
    ],
    "source": "자동 접속선(scripts/entrance_links.py, 수치지형도 1:1,000 건물·장애물 회피)",
    "kind": "footway",
    "costFactor": 1,
    "snap": 0.5,
    "link": 1.0,
    "length_m": 5.6,
    "straight_m": 5.6,
    "door_depth_m": 0.1
   }
  },
  {
   "type": "Feature",
   "geometry": {
    "type": "LineString",
    "coordinates": [
     [
      126.953454,
      37.462915
     ],
     [
      126.9535378,
      37.4629092
     ]
    ]
   },
   "properties": {
    "type": "path",
    "role": "entrance_link",
    "building": "53",
    "entrances": [
     "53#3"
    ],
    "source": "자동 접속선(scripts/entrance_links.py, 수치지형도 1:1,000 건물·장애물 회피)",
    "kind": "steps",
    "costFactor": 1.2,
    "snap": 0.5,
    "link": 1.0,
    "length_m": 7.4,
    "straight_m": 7.4,
    "max_grade": 15,
    "door_depth_m": 0.1
   }
  },
  {
   "type": "Feature",
   "geometry": {
    "type": "LineString",
    "coordinates": [
     [
      126.953041,
      37.462827
     ],
     [
      126.9531857,
      37.462654
     ]
    ]
   },
   "properties": {
    "type": "path",
    "role": "entrance_link",
    "building": "54",
    "entrances": [
     "54#1"
    ],
    "source": "자동 접속선(scripts/entrance_links.py, 수치지형도 1:1,000 건물·장애물 회피)",
    "kind": "steps",
    "costFactor": 1.2,
    "snap": 0.5,
    "link": 1.0,
    "length_m": 23.1,
    "straight_m": 23.1,
    "max_grade": 12
   }
  },
  {
   "type": "Feature",
   "geometry": {
    "type": "LineString",
    "coordinates": [
     [
      126.953041,
      37.462827
     ],
     [
      126.95304,
      37.4629154
     ],
     [
      126.9530909,
      37.4629559
     ],
     [
      126.9531586,
      37.4630002
     ]
    ]
   },
   "properties": {
    "type": "path",
    "role": "entrance_link",
    "building": "54",
    "entrances": [
     "54#1"
    ],
    "source": "자동 접속선(scripts/entrance_links.py, 수치지형도 1:1,000 건물·장애물 회피)",
    "kind": "footway",
    "costFactor": 1,
    "snap": 0.5,
    "link": 1.0,
    "length_m": 23.9,
    "straight_m": 21.9,
    "detour": true,
    "max_grade": 13
   }
  },
  {
   "type": "Feature",
   "geometry": {
    "type": "LineString",
    "coordinates": [
     [
      126.953041,
      37.462827
     ],
     [
      126.9529699,
      37.4630511
     ]
    ]
   },
   "properties": {
    "type": "path",
    "role": "entrance_link",
    "building": "54",
    "entrances": [
     "54#1"
    ],
    "source": "자동 접속선(scripts/entrance_links.py, 수치지형도 1:1,000 건물·장애물 회피)",
    "kind": "footway",
    "costFactor": 1,
    "snap": 0.5,
    "link": 1.0,
    "length_m": 25.7,
    "straight_m": 25.7,
    "max_grade": 7,
    "check": [
     "long"
    ]
   }
  },
  {
   "type": "Feature",
   "geometry": {
    "type": "LineString",
    "coordinates": [
     [
      126.953041,
      37.462827
     ],
     [
      126.9528524,
      37.463018
     ]
    ]
   },
   "properties": {
    "type": "path",
    "role": "entrance_link",
    "building": "54",
    "entrances": [
     "54#1"
    ],
    "source": "자동 접속선(scripts/entrance_links.py, 수치지형도 1:1,000 건물·장애물 회피)",
    "kind": "footway",
    "costFactor": 1,
    "snap": 0.5,
    "link": 1.0,
    "length_m": 27.0,
    "straight_m": 27.0,
    "max_grade": 9,
    "check": [
     "long"
    ]
   }
  },
  {
   "type": "Feature",
   "geometry": {
    "type": "LineString",
    "coordinates": [
     [
      126.953216,
      37.462707
     ],
     [
      126.9531857,
      37.462654
     ]
    ]
   },
   "properties": {
    "type": "path",
    "role": "entrance_link",
    "building": "54",
    "entrances": [
     "54#2"
    ],
    "source": "자동 접속선(scripts/entrance_links.py, 수치지형도 1:1,000 건물·장애물 회피)",
    "kind": "footway",
    "costFactor": 1,
    "snap": 0.5,
    "link": 1.0,
    "length_m": 6.5,
    "straight_m": 6.5,
    "max_grade": 5
   }
  },
  {
   "type": "Feature",
   "geometry": {
    "type": "LineString",
    "coordinates": [
     [
      126.953378,
      37.462402
     ],
     [
      126.9533794,
      37.4623905
     ]
    ]
   },
   "properties": {
    "type": "path",
    "role": "entrance_link",
    "building": "54",
    "entrances": [
     "54#3"
    ],
    "source": "자동 접속선(scripts/entrance_links.py, 수치지형도 1:1,000 건물·장애물 회피)",
    "kind": "footway",
    "costFactor": 1,
    "snap": 0.5,
    "link": 1.0,
    "length_m": 1.3,
    "straight_m": 1.3
   }
  },
  {
   "type": "Feature",
   "geometry": {
    "type": "LineString",
    "coordinates": [
     [
      126.952884,
      37.462521
     ],
     [
      126.9528874,
      37.4625505
     ],
     [
      126.9528931,
      37.462555
     ],
     [
      126.9530513,
      37.4625414
     ],
     [
      126.9531066,
      37.4624987
     ]
    ]
   },
   "properties": {
    "type": "path",
    "role": "entrance_link",
    "building": "55",
    "entrances": [
     "55#1"
    ],
    "source": "자동 접속선(scripts/entrance_links.py, 수치지형도 1:1,000 건물·장애물 회피)",
    "kind": "footway",
    "costFactor": 1,
    "snap": 0.5,
    "link": 1.0,
    "length_m": 24.9,
    "straight_m": 19.9,
    "detour": true,
    "max_grade": 19,
    "door_depth_m": 1.6
   }
  },
  {
   "type": "Feature",
   "geometry": {
    "type": "LineString",
    "coordinates": [
     [
      126.952884,
      37.462521
     ],
     [
      126.9528874,
      37.4625505
     ],
     [
      126.9528931,
      37.462555
     ],
     [
      126.9531651,
      37.4625764
     ]
    ]
   },
   "properties": {
    "type": "path",
    "role": "entrance_link",
    "building": "55",
    "entrances": [
     "55#1"
    ],
    "source": "자동 접속선(scripts/entrance_links.py, 수치지형도 1:1,000 건물·장애물 회피)",
    "kind": "footway",
    "costFactor": 1,
    "snap": 0.5,
    "link": 1.0,
    "length_m": 28.2,
    "straight_m": 25.6,
    "detour": true,
    "max_grade": 18,
    "door_depth_m": 1.6,
    "check": [
     "long"
    ]
   }
  },
  {
   "type": "Feature",
   "geometry": {
    "type": "LineString",
    "coordinates": [
     [
      126.952884,
      37.462521
     ],
     [
      126.9529044,
      37.462627
     ],
     [
      126.95291,
      37.4626315
     ],
     [
      126.9529157,
      37.4626496
     ],
     [
      126.9529044,
      37.4626586
     ],
     [
      126.9528592,
      37.4626721
     ],
     [
      126.9526975,
      37.4626966
     ]
    ]
   },
   "properties": {
    "type": "path",
    "role": "entrance_link",
    "building": "55",
    "entrances": [
     "55#1"
    ],
    "source": "자동 접속선(scripts/entrance_links.py, 수치지형도 1:1,000 건물·장애물 회피)",
    "kind": "footway",
    "costFactor": 1,
    "snap": 0.5,
    "link": 1.0,
    "length_m": 34.9,
    "straight_m": 25.5,
    "detour": true,
    "max_grade": 15,
    "door_depth_m": 1.6,
    "check": [
     "long"
    ]
   }
  },
  {
   "type": "Feature",
   "geometry": {
    "type": "LineString",
    "coordinates": [
     [
      126.953043,
      37.462407
     ],
     [
      126.9530566,
      37.4624053
     ]
    ]
   },
   "properties": {
    "type": "path",
    "role": "entrance_link",
    "building": "55",
    "entrances": [
     "55#2"
    ],
    "source": "자동 접속선(scripts/entrance_links.py, 수치지형도 1:1,000 건물·장애물 회피)",
    "kind": "footway",
    "costFactor": 1,
    "snap": 0.5,
    "link": 1.0,
    "length_m": 1.2,
    "straight_m": 1.2,
    "door_depth_m": 2.1
   }
  },
  {
   "type": "Feature",
   "geometry": {
    "type": "LineString",
    "coordinates": [
     [
      126.951198,
      37.457593
     ],
     [
      126.9511742,
      37.4575969
     ]
    ]
   },
   "properties": {
    "type": "path",
    "role": "entrance_link",
    "building": "56",
    "entrances": [
     "56#1"
    ],
    "source": "자동 접속선(scripts/entrance_links.py, 수치지형도 1:1,000 건물·장애물 회피)",
    "kind": "footway",
    "costFactor": 1,
    "snap": 0.5,
    "link": 1.0,
    "length_m": 2.2,
    "straight_m": 2.2,
    "door_depth_m": 0.5
   }
  },
  {
   "type": "Feature",
   "geometry": {
    "type": "LineString",
    "coordinates": [
     [
      126.951363,
      37.457925
     ],
     [
      126.9513502,
      37.4579283
     ],
     [
      126.9513413,
      37.4579373
     ]
    ]
   },
   "properties": {
    "type": "path",
    "role": "entrance_link",
    "building": "56",
    "entrances": [
     "56#2"
    ],
    "source": "자동 접속선(scripts/entrance_links.py, 수치지형도 1:1,000 건물·장애물 회피)",
    "kind": "footway",
    "costFactor": 1,
    "snap": 0.5,
    "link": 1.0,
    "length_m": 2.5,
    "straight_m": 2.4,
    "detour": true,
    "door_depth_m": 0.1
   }
  },
  {
   "type": "Feature",
   "geometry": {
    "type": "LineString",
    "coordinates": [
     [
      126.951615,
      37.457987
     ],
     [
      126.9516154,
      37.4579874
     ]
    ]
   },
   "properties": {
    "type": "path",
    "role": "entrance_link",
    "building": "56",
    "entrances": [
     "56#3"
    ],
    "source": "자동 접속선(scripts/entrance_links.py, 수치지형도 1:1,000 건물·장애물 회피)",
    "kind": "footway",
    "costFactor": 1,
    "snap": 0.5,
    "link": 1.0,
    "length_m": 0.1,
    "straight_m": 0.1
   }
  },
  {
   "type": "Feature",
   "geometry": {
    "type": "LineString",
    "coordinates": [
     [
      126.951433,
      37.457532
     ],
     [
      126.9514974,
      37.4575028
     ]
    ]
   },
   "properties": {
    "type": "path",
    "role": "entrance_link",
    "building": "56",
    "entrances": [
     "56#4"
    ],
    "source": "자동 접속선(scripts/entrance_links.py, 수치지형도 1:1,000 건물·장애물 회피)",
    "kind": "footway",
    "costFactor": 1,
    "snap": 0.5,
    "link": 1.0,
    "length_m": 6.6,
    "straight_m": 6.6,
    "max_grade": 4
   }
  },
  {
   "type": "Feature",
   "geometry": {
    "type": "LineString",
    "coordinates": [
     [
      126.951571,
      37.457825
     ],
     [
      126.9516555,
      37.4578183
     ]
    ]
   },
   "properties": {
    "type": "path",
    "role": "entrance_link",
    "building": "56",
    "entrances": [
     "56#5"
    ],
    "source": "자동 접속선(scripts/entrance_links.py, 수치지형도 1:1,000 건물·장애물 회피)",
    "kind": "footway",
    "costFactor": 1,
    "snap": 0.5,
    "link": 1.0,
    "length_m": 7.5,
    "straight_m": 7.5,
    "max_grade": 19
   }
  },
  {
   "type": "Feature",
   "geometry": {
    "type": "LineString",
    "coordinates": [
     [
      126.953268,
      37.465307
     ],
     [
      126.9532206,
      37.4653179
     ]
    ]
   },
   "properties": {
    "type": "path",
    "role": "entrance_link",
    "building": "57-1",
    "entrances": [
     "57-1#1"
    ],
    "source": "자동 접속선(scripts/entrance_links.py, 수치지형도 1:1,000 건물·장애물 회피)",
    "kind": "footway",
    "costFactor": 1,
    "snap": 0.5,
    "link": 1.0,
    "length_m": 4.4,
    "straight_m": 4.4
   }
  },
  {
   "type": "Feature",
   "geometry": {
    "type": "LineString",
    "coordinates": [
     [
      126.953268,
      37.465307
     ],
     [
      126.9532887,
      37.4653751
     ],
     [
      126.9532887,
      37.4653931
     ],
     [
      126.9532786,
      37.4653996
     ]
    ]
   },
   "properties": {
    "type": "path",
    "role": "entrance_link",
    "building": "57-1",
    "entrances": [
     "57-1#1"
    ],
    "source": "자동 접속선(scripts/entrance_links.py, 수치지형도 1:1,000 건물·장애물 회피)",
    "kind": "footway",
    "costFactor": 1,
    "snap": 0.5,
    "link": 1.0,
    "length_m": 10.9,
    "straight_m": 10.3,
    "detour": true,
    "max_grade": 4
   }
  },
  {
   "type": "Feature",
   "geometry": {
    "type": "LineString",
    "coordinates": [
     [
      126.953576,
      37.465043
     ],
     [
      126.9534356,
      37.4650868
     ],
     [
      126.953218,
      37.4650866
     ]
    ]
   },
   "properties": {
    "type": "path",
    "role": "entrance_link",
    "building": "57-1",
    "entrances": [
     "57-1#2"
    ],
    "source": "자동 접속선(scripts/entrance_links.py, 수치지형도 1:1,000 건물·장애물 회피)",
    "kind": "footway",
    "costFactor": 1,
    "snap": 0.5,
    "link": 1.0,
    "length_m": 32.6,
    "straight_m": 32.0,
    "detour": true,
    "max_grade": 36,
    "door_depth_m": 4.8,
    "check": [
     "long",
     "steep",
     "deep"
    ]
   }
  },
  {
   "type": "Feature",
   "geometry": {
    "type": "LineString",
    "coordinates": [
     [
      126.953576,
      37.465043
     ],
     [
      126.9531984,
      37.4652547
     ]
    ]
   },
   "properties": {
    "type": "path",
    "role": "entrance_link",
    "building": "57-1",
    "entrances": [
     "57-1#2"
    ],
    "source": "자동 접속선(scripts/entrance_links.py, 수치지형도 1:1,000 건물·장애물 회피)",
    "kind": "footway",
    "costFactor": 1,
    "snap": 0.5,
    "link": 1.0,
    "length_m": 40.8,
    "straight_m": 40.8,
    "max_grade": 31,
    "door_depth_m": 4.8,
    "check": [
     "long",
     "steep",
     "deep"
    ]
   }
  },
  {
   "type": "Feature",
   "geometry": {
    "type": "LineString",
    "coordinates": [
     [
      126.953576,
      37.465043
     ],
     [
      126.9533056,
      37.465276
     ],
     [
      126.9532887,
      37.4653931
     ],
     [
      126.9532786,
      37.4653996
     ]
    ]
   },
   "properties": {
    "type": "path",
    "role": "entrance_link",
    "building": "57-1",
    "entrances": [
     "57-1#2"
    ],
    "source": "자동 접속선(scripts/entrance_links.py, 수치지형도 1:1,000 건물·장애물 회피)",
    "kind": "footway",
    "costFactor": 1,
    "snap": 0.5,
    "link": 1.0,
    "length_m": 49.5,
    "straight_m": 47.5,
    "detour": true,
    "max_grade": 25,
    "door_depth_m": 4.8,
    "check": [
     "long",
     "deep"
    ]
   }
  },
  {
   "type": "Feature",
   "geometry": {
    "type": "LineString",
    "coordinates": [
     [
      126.951259,
      37.460118
     ],
     [
      126.9512041,
      37.4601715
     ]
    ]
   },
   "properties": {
    "type": "path",
    "role": "entrance_link",
    "building": "60",
    "entrances": [
     "60#1"
    ],
    "source": "자동 접속선(scripts/entrance_links.py, 수치지형도 1:1,000 건물·장애물 회피)",
    "kind": "footway",
    "costFactor": 1,
    "snap": 0.5,
    "link": 1.0,
    "length_m": 7.7,
    "straight_m": 7.7,
    "max_grade": 3,
    "door_depth_m": 1.2
   }
  },
  {
   "type": "Feature",
   "geometry": {
    "type": "LineString",
    "coordinates": [
     [
      126.951076,
      37.459978
     ],
     [
      126.9510133,
      37.4600306
     ]
    ]
   },
   "properties": {
    "type": "path",
    "role": "entrance_link",
    "building": "60",
    "entrances": [
     "60#2"
    ],
    "source": "자동 접속선(scripts/entrance_links.py, 수치지형도 1:1,000 건물·장애물 회피)",
    "kind": "footway",
    "costFactor": 1,
    "snap": 0.5,
    "link": 1.0,
    "length_m": 8.1,
    "straight_m": 8.1,
    "max_grade": 5,
    "door_depth_m": 1.2
   }
  },
  {
   "type": "Feature",
   "geometry": {
    "type": "LineString",
    "coordinates": [
     [
      126.953545,
      37.460015
     ],
     [
      126.9535151,
      37.4600396
     ]
    ]
   },
   "properties": {
    "type": "path",
    "role": "entrance_link",
    "building": "61",
    "entrances": [
     "61#1"
    ],
    "source": "자동 접속선(scripts/entrance_links.py, 수치지형도 1:1,000 건물·장애물 회피)",
    "kind": "footway",
    "costFactor": 1,
    "snap": 0.5,
    "link": 1.0,
    "length_m": 3.8,
    "straight_m": 3.8,
    "door_depth_m": 0.3
   }
  },
  {
   "type": "Feature",
   "geometry": {
    "type": "LineString",
    "coordinates": [
     [
      126.953545,
      37.460015
     ],
     [
      126.9535486,
      37.4600321
     ],
     [
      126.9535769,
      37.4600682
     ],
     [
      126.9536715,
      37.4601448
     ]
    ]
   },
   "properties": {
    "type": "path",
    "role": "entrance_link",
    "building": "61",
    "entrances": [
     "61#1"
    ],
    "source": "자동 접속선(scripts/entrance_links.py, 수치지형도 1:1,000 건물·장애물 회피)",
    "kind": "footway",
    "costFactor": 1,
    "snap": 0.5,
    "link": 1.0,
    "length_m": 18.6,
    "straight_m": 18.2,
    "detour": true,
    "max_grade": 14,
    "door_depth_m": 0.3
   }
  },
  {
   "type": "Feature",
   "geometry": {
    "type": "LineString",
    "coordinates": [
     [
      126.953377,
      37.459677
     ],
     [
      126.9532666,
      37.4597602
     ]
    ]
   },
   "properties": {
    "type": "path",
    "role": "entrance_link",
    "building": "61",
    "entrances": [
     "61#2"
    ],
    "source": "자동 접속선(scripts/entrance_links.py, 수치지형도 1:1,000 건물·장애물 회피)",
    "kind": "footway",
    "costFactor": 1,
    "snap": 0.5,
    "link": 1.0,
    "length_m": 13.4,
    "straight_m": 13.4,
    "max_grade": 9
   }
  },
  {
   "type": "Feature",
   "geometry": {
    "type": "LineString",
    "coordinates": [
     [
      126.953377,
      37.459677
     ],
     [
      126.9532087,
      37.4596863
     ]
    ]
   },
   "properties": {
    "type": "path",
    "role": "entrance_link",
    "building": "61",
    "entrances": [
     "61#2"
    ],
    "source": "자동 접속선(scripts/entrance_links.py, 수치지형도 1:1,000 건물·장애물 회피)",
    "kind": "footway",
    "costFactor": 1,
    "snap": 0.5,
    "link": 1.0,
    "length_m": 14.9,
    "straight_m": 14.9,
    "max_grade": 2
   }
  },
  {
   "type": "Feature",
   "geometry": {
    "type": "LineString",
    "coordinates": [
     [
      126.953377,
      37.459677
     ],
     [
      126.9533803,
      37.4595135
     ]
    ]
   },
   "properties": {
    "type": "path",
    "role": "entrance_link",
    "building": "61",
    "entrances": [
     "61#2"
    ],
    "source": "자동 접속선(scripts/entrance_links.py, 수치지형도 1:1,000 건물·장애물 회피)",
    "kind": "footway",
    "costFactor": 1,
    "snap": 0.5,
    "link": 1.0,
    "length_m": 18.2,
    "straight_m": 18.2,
    "max_grade": 16
   }
  },
  {
   "type": "Feature",
   "geometry": {
    "type": "LineString",
    "coordinates": [
     [
      126.953377,
      37.459677
     ],
     [
      126.9531872,
      37.4595952
     ]
    ]
   },
   "properties": {
    "type": "path",
    "role": "entrance_link",
    "building": "61",
    "entrances": [
     "61#2"
    ],
    "source": "자동 접속선(scripts/entrance_links.py, 수치지형도 1:1,000 건물·장애물 회피)",
    "kind": "footway",
    "costFactor": 1,
    "snap": 0.5,
    "link": 1.0,
    "length_m": 19.1,
    "straight_m": 19.1,
    "max_grade": 6
   }
  },
  {
   "type": "Feature",
   "geometry": {
    "type": "LineString",
    "coordinates": [
     [
      126.953765,
      37.459715
     ],
     [
      126.9537759,
      37.459572
     ]
    ]
   },
   "properties": {
    "type": "path",
    "role": "entrance_link",
    "building": "61",
    "entrances": [
     "61#3"
    ],
    "source": "자동 접속선(scripts/entrance_links.py, 수치지형도 1:1,000 건물·장애물 회피)",
    "kind": "footway",
    "costFactor": 1,
    "snap": 0.5,
    "link": 1.0,
    "length_m": 15.9,
    "straight_m": 15.9,
    "max_grade": 12
   }
  },
  {
   "type": "Feature",
   "geometry": {
    "type": "LineString",
    "coordinates": [
     [
      126.953765,
      37.459715
     ],
     [
      126.9540327,
      37.4596127
     ]
    ]
   },
   "properties": {
    "type": "path",
    "role": "entrance_link",
    "building": "61",
    "entrances": [
     "61#3"
    ],
    "source": "자동 접속선(scripts/entrance_links.py, 수치지형도 1:1,000 건물·장애물 회피)",
    "kind": "footway",
    "costFactor": 1,
    "snap": 0.5,
    "link": 1.0,
    "length_m": 26.3,
    "straight_m": 26.3,
    "max_grade": 14,
    "check": [
     "long"
    ]
   }
  },
  {
   "type": "Feature",
   "geometry": {
    "type": "LineString",
    "coordinates": [
     [
      126.953975,
      37.45986
     ],
     [
      126.9539668,
      37.459888
     ],
     [
      126.9540268,
      37.4599374
     ]
    ]
   },
   "properties": {
    "type": "path",
    "role": "entrance_link",
    "building": "61",
    "entrances": [
     "61#4"
    ],
    "source": "자동 접속선(scripts/entrance_links.py, 수치지형도 1:1,000 건물·장애물 회피)",
    "kind": "footway",
    "costFactor": 1,
    "snap": 0.5,
    "link": 1.0,
    "length_m": 10.8,
    "straight_m": 9.7,
    "detour": true,
    "max_grade": 5
   }
  },
  {
   "type": "Feature",
   "geometry": {
    "type": "LineString",
    "coordinates": [
     [
      126.953975,
      37.45986
     ],
     [
      126.9541533,
      37.4597798
     ],
     [
      126.9542259,
      37.4597233
     ]
    ]
   },
   "properties": {
    "type": "path",
    "role": "entrance_link",
    "building": "61",
    "entrances": [
     "61#4"
    ],
    "source": "자동 접속선(scripts/entrance_links.py, 수치지형도 1:1,000 건물·장애물 회피)",
    "kind": "footway",
    "costFactor": 1,
    "snap": 0.5,
    "link": 1.0,
    "length_m": 27.1,
    "straight_m": 26.9,
    "detour": true,
    "max_grade": 24,
    "check": [
     "long"
    ]
   }
  },
  {
   "type": "Feature",
   "geometry": {
    "type": "LineString",
    "coordinates": [
     [
      126.951721,
      37.45941
     ],
     [
      126.951668,
      37.4594587
     ]
    ]
   },
   "properties": {
    "type": "path",
    "role": "entrance_link",
    "building": "62",
    "entrances": [
     "62#1"
    ],
    "source": "자동 접속선(scripts/entrance_links.py, 수치지형도 1:1,000 건물·장애물 회피)",
    "kind": "footway",
    "costFactor": 1,
    "snap": 0.5,
    "link": 1.0,
    "length_m": 7.2,
    "straight_m": 7.2,
    "max_grade": 18,
    "door_depth_m": 0.6
   }
  },
  {
   "type": "Feature",
   "geometry": {
    "type": "LineString",
    "coordinates": [
     [
      126.952943,
      37.45933
     ],
     [
      126.9530274,
      37.4592627
     ]
    ]
   },
   "properties": {
    "type": "path",
    "role": "entrance_link",
    "building": "62-1",
    "entrances": [
     "62-1#1"
    ],
    "source": "자동 접속선(scripts/entrance_links.py, 수치지형도 1:1,000 건물·장애물 회피)",
    "kind": "footway",
    "costFactor": 1,
    "snap": 0.5,
    "link": 1.0,
    "length_m": 10.6,
    "straight_m": 10.6,
    "max_grade": 14,
    "door_depth_m": 7.3,
    "check": [
     "deep"
    ]
   }
  },
  {
   "type": "Feature",
   "geometry": {
    "type": "LineString",
    "coordinates": [
     [
      126.951981,
      37.458523
     ],
     [
      126.9520263,
      37.4584933
     ]
    ]
   },
   "properties": {
    "type": "path",
    "role": "entrance_link",
    "building": "62-1",
    "entrances": [
     "62-1#2"
    ],
    "source": "자동 접속선(scripts/entrance_links.py, 수치지형도 1:1,000 건물·장애물 회피)",
    "kind": "footway",
    "costFactor": 1,
    "snap": 0.5,
    "link": 1.0,
    "length_m": 5.2,
    "straight_m": 5.2,
    "door_depth_m": 2.0
   }
  },
  {
   "type": "Feature",
   "geometry": {
    "type": "LineString",
    "coordinates": [
     [
      126.952047,
      37.458573
     ],
     [
      126.9520834,
      37.458542
     ]
    ]
   },
   "properties": {
    "type": "path",
    "role": "entrance_link",
    "building": "62-1",
    "entrances": [
     "62-1#3"
    ],
    "source": "자동 접속선(scripts/entrance_links.py, 수치지형도 1:1,000 건물·장애물 회피)",
    "kind": "footway",
    "costFactor": 1,
    "snap": 0.5,
    "link": 1.0,
    "length_m": 4.7,
    "straight_m": 4.7,
    "door_depth_m": 1.9
   }
  },
  {
   "type": "Feature",
   "geometry": {
    "type": "LineString",
    "coordinates": [
     [
      126.950556,
      37.4596
     ],
     [
      126.950556,
      37.4595999
     ]
    ]
   },
   "properties": {
    "type": "path",
    "role": "entrance_link",
    "building": "63",
    "entrances": [
     "63#1"
    ],
    "source": "자동 접속선(scripts/entrance_links.py, 수치지형도 1:1,000 건물·장애물 회피)",
    "kind": "footway",
    "costFactor": 1,
    "snap": 0.5,
    "link": 1.0,
    "length_m": 0.0,
    "straight_m": 0.0,
    "door_depth_m": 0.9
   }
  },
  {
   "type": "Feature",
   "geometry": {
    "type": "LineString",
    "coordinates": [
     [
      126.950826,
      37.459506
     ],
     [
      126.9508256,
      37.4595059
     ]
    ]
   },
   "properties": {
    "type": "path",
    "role": "entrance_link",
    "building": "63",
    "entrances": [
     "63#2"
    ],
    "source": "자동 접속선(scripts/entrance_links.py, 수치지형도 1:1,000 건물·장애물 회피)",
    "kind": "footway",
    "costFactor": 1,
    "snap": 0.5,
    "link": 1.0,
    "length_m": 0.0,
    "straight_m": 0.0,
    "door_depth_m": 0.8
   }
  },
  {
   "type": "Feature",
   "geometry": {
    "type": "LineString",
    "coordinates": [
     [
      126.950213,
      37.459322
     ],
     [
      126.9502064,
      37.4592888
     ]
    ]
   },
   "properties": {
    "type": "path",
    "role": "entrance_link",
    "building": "63",
    "entrances": [
     "63#3"
    ],
    "source": "자동 접속선(scripts/entrance_links.py, 수치지형도 1:1,000 건물·장애물 회피)",
    "kind": "footway",
    "costFactor": 1,
    "snap": 0.5,
    "link": 1.0,
    "length_m": 3.7,
    "straight_m": 3.7
   }
  },
  {
   "type": "Feature",
   "geometry": {
    "type": "LineString",
    "coordinates": [
     [
      126.950213,
      37.459322
     ],
     [
      126.9500723,
      37.4593537
     ]
    ]
   },
   "properties": {
    "type": "path",
    "role": "entrance_link",
    "building": "63",
    "entrances": [
     "63#3"
    ],
    "source": "자동 접속선(scripts/entrance_links.py, 수치지형도 1:1,000 건물·장애물 회피)",
    "kind": "footway",
    "costFactor": 1,
    "snap": 0.5,
    "link": 1.0,
    "length_m": 12.9,
    "straight_m": 12.9,
    "max_grade": 0
   }
  },
  {
   "type": "Feature",
   "geometry": {
    "type": "LineString",
    "coordinates": [
     [
      126.95038,
      37.459185
     ],
     [
      126.9503669,
      37.4591942
     ],
     [
      126.950338,
      37.4592051
     ]
    ]
   },
   "properties": {
    "type": "path",
    "role": "entrance_link",
    "building": "63",
    "entrances": [
     "63#4"
    ],
    "source": "자동 접속선(scripts/entrance_links.py, 수치지형도 1:1,000 건물·장애물 회피)",
    "kind": "footway",
    "costFactor": 1,
    "snap": 0.5,
    "link": 1.0,
    "length_m": 4.4,
    "straight_m": 4.3,
    "detour": true
   }
  },
  {
   "type": "Feature",
   "geometry": {
    "type": "LineString",
    "coordinates": [
     [
      126.950672,
      37.459229
     ],
     [
      126.9506725,
      37.459229
     ]
    ]
   },
   "properties": {
    "type": "path",
    "role": "entrance_link",
    "building": "63",
    "entrances": [
     "63#5"
    ],
    "source": "자동 접속선(scripts/entrance_links.py, 수치지형도 1:1,000 건물·장애물 회피)",
    "kind": "footway",
    "costFactor": 1,
    "snap": 0.5,
    "link": 1.0,
    "length_m": 0.0,
    "straight_m": 0.0,
    "door_depth_m": 0.6
   }
  },
  {
   "type": "Feature",
   "geometry": {
    "type": "LineString",
    "coordinates": [
     [
      126.950638,
      37.458975
     ],
     [
      126.9506124,
      37.4589415
     ]
    ]
   },
   "properties": {
    "type": "path",
    "role": "entrance_link",
    "building": "63",
    "entrances": [
     "63#6"
    ],
    "source": "자동 접속선(scripts/entrance_links.py, 수치지형도 1:1,000 건물·장애물 회피)",
    "kind": "footway",
    "costFactor": 1,
    "snap": 0.5,
    "link": 1.0,
    "length_m": 4.4,
    "straight_m": 4.4
   }
  },
  {
   "type": "Feature",
   "geometry": {
    "type": "LineString",
    "coordinates": [
     [
      126.950997,
      37.458975
     ],
     [
      126.9509973,
      37.4589748
     ]
    ]
   },
   "properties": {
    "type": "path",
    "role": "entrance_link",
    "building": "63",
    "entrances": [
     "63#7"
    ],
    "source": "자동 접속선(scripts/entrance_links.py, 수치지형도 1:1,000 건물·장애물 회피)",
    "kind": "footway",
    "costFactor": 1,
    "snap": 0.5,
    "link": 1.0,
    "length_m": 0.0,
    "straight_m": 0.0
   }
  },
  {
   "type": "Feature",
   "geometry": {
    "type": "LineString",
    "coordinates": [
     [
      126.94914,
      37.463826
     ],
     [
      126.9490581,
      37.4638904
     ]
    ]
   },
   "properties": {
    "type": "path",
    "role": "entrance_link",
    "building": "64",
    "entrances": [
     "64#1"
    ],
    "source": "자동 접속선(scripts/entrance_links.py, 수치지형도 1:1,000 건물·장애물 회피)",
    "kind": "footway",
    "costFactor": 1,
    "snap": 0.5,
    "link": 1.0,
    "length_m": 10.2,
    "straight_m": 10.2,
    "max_grade": 33,
    "check": [
     "steep"
    ]
   }
  },
  {
   "type": "Feature",
   "geometry": {
    "type": "LineString",
    "coordinates": [
     [
      126.94914,
      37.463826
     ],
     [
      126.9489536,
      37.4637615
     ]
    ]
   },
   "properties": {
    "type": "path",
    "role": "entrance_link",
    "building": "64",
    "entrances": [
     "64#1"
    ],
    "source": "자동 접속선(scripts/entrance_links.py, 수치지형도 1:1,000 건물·장애물 회피)",
    "kind": "footway",
    "costFactor": 1,
    "snap": 0.5,
    "link": 1.0,
    "length_m": 18.0,
    "straight_m": 18.0,
    "max_grade": 37,
    "check": [
     "steep"
    ]
   }
  },
  {
   "type": "Feature",
   "geometry": {
    "type": "LineString",
    "coordinates": [
     [
      126.94914,
      37.463826
     ],
     [
      126.9490677,
      37.463629
     ]
    ]
   },
   "properties": {
    "type": "path",
    "role": "entrance_link",
    "building": "64",
    "entrances": [
     "64#1"
    ],
    "source": "자동 접속선(scripts/entrance_links.py, 수치지형도 1:1,000 건물·장애물 회피)",
    "kind": "footway",
    "costFactor": 1,
    "snap": 0.5,
    "link": 1.0,
    "length_m": 22.8,
    "straight_m": 22.8,
    "max_grade": 19
   }
  },
  {
   "type": "Feature",
   "geometry": {
    "type": "LineString",
    "coordinates": [
     [
      126.949435,
      37.46352
     ],
     [
      126.9492665,
      37.4633908
     ]
    ]
   },
   "properties": {
    "type": "path",
    "role": "entrance_link",
    "building": "67",
    "entrances": [
     "67#1"
    ],
    "source": "자동 접속선(scripts/entrance_links.py, 수치지형도 1:1,000 건물·장애물 회피)",
    "kind": "footway",
    "costFactor": 1,
    "snap": 0.5,
    "link": 1.0,
    "length_m": 20.7,
    "straight_m": 20.7,
    "max_grade": 20,
    "door_depth_m": 0.7
   }
  },
  {
   "type": "Feature",
   "geometry": {
    "type": "LineString",
    "coordinates": [
     [
      126.949435,
      37.46352
     ],
     [
      126.9494359,
      37.4632718
     ]
    ]
   },
   "properties": {
    "type": "path",
    "role": "entrance_link",
    "building": "67",
    "entrances": [
     "67#1"
    ],
    "source": "자동 접속선(scripts/entrance_links.py, 수치지형도 1:1,000 건물·장애물 회피)",
    "kind": "footway",
    "costFactor": 1,
    "snap": 0.5,
    "link": 1.0,
    "length_m": 27.5,
    "straight_m": 27.5,
    "max_grade": 16,
    "door_depth_m": 0.7,
    "check": [
     "long"
    ]
   }
  },
  {
   "type": "Feature",
   "geometry": {
    "type": "LineString",
    "coordinates": [
     [
      126.949435,
      37.46352
     ],
     [
      126.9494401,
      37.463501
     ],
     [
      126.949474,
      37.4634695
     ],
     [
      126.9496718,
      37.4633118
     ],
     [
      126.9497096,
      37.4632845
     ]
    ]
   },
   "properties": {
    "type": "path",
    "role": "entrance_link",
    "building": "67",
    "entrances": [
     "67#1"
    ],
    "source": "자동 접속선(scripts/entrance_links.py, 수치지형도 1:1,000 건물·장애물 회피)",
    "kind": "steps",
    "costFactor": 1.2,
    "snap": 0.5,
    "link": 1.0,
    "length_m": 36.0,
    "straight_m": 35.7,
    "detour": true,
    "max_grade": 6,
    "door_depth_m": 0.7,
    "check": [
     "long"
    ]
   }
  },
  {
   "type": "Feature",
   "geometry": {
    "type": "LineString",
    "coordinates": [
     [
      126.949435,
      37.46352
     ],
     [
      126.949214,
      37.4635235
     ],
     [
      126.949063,
      37.4636327
     ]
    ]
   },
   "properties": {
    "type": "path",
    "role": "entrance_link",
    "building": "67",
    "entrances": [
     "67#1"
    ],
    "source": "자동 접속선(scripts/entrance_links.py, 수치지형도 1:1,000 건물·장애물 회피)",
    "kind": "footway",
    "costFactor": 1,
    "snap": 0.5,
    "link": 1.0,
    "length_m": 37.6,
    "straight_m": 35.2,
    "detour": true,
    "max_grade": 17,
    "door_depth_m": 0.7,
    "check": [
     "long"
    ]
   }
  },
  {
   "type": "Feature",
   "geometry": {
    "type": "LineString",
    "coordinates": [
     [
      126.949737,
      37.463428
     ],
     [
      126.9497792,
      37.4633569
     ],
     [
      126.9497999,
      37.4633403
     ]
    ]
   },
   "properties": {
    "type": "path",
    "role": "entrance_link",
    "building": "67",
    "entrances": [
     "67#2"
    ],
    "source": "자동 접속선(scripts/entrance_links.py, 수치지형도 1:1,000 건물·장애물 회피)",
    "kind": "footway",
    "costFactor": 1,
    "snap": 0.5,
    "link": 1.0,
    "length_m": 11.3,
    "straight_m": 11.2,
    "detour": true,
    "max_grade": 7
   }
  },
  {
   "type": "Feature",
   "geometry": {
    "type": "LineString",
    "coordinates": [
     [
      126.949737,
      37.463428
     ],
     [
      126.9494991,
      37.4632362
     ]
    ]
   },
   "properties": {
    "type": "path",
    "role": "entrance_link",
    "building": "67",
    "entrances": [
     "67#2"
    ],
    "source": "자동 접속선(scripts/entrance_links.py, 수치지형도 1:1,000 건물·장애물 회피)",
    "kind": "steps",
    "costFactor": 1.2,
    "snap": 0.5,
    "link": 1.0,
    "length_m": 29.9,
    "straight_m": 29.9,
    "max_grade": 12,
    "check": [
     "long"
    ]
   }
  },
  {
   "type": "Feature",
   "geometry": {
    "type": "LineString",
    "coordinates": [
     [
      126.949604,
      37.463715
     ],
     [
      126.9496096,
      37.4637308
     ],
     [
      126.949703,
      37.4638166
     ]
    ]
   },
   "properties": {
    "type": "path",
    "role": "entrance_link",
    "building": "67",
    "entrances": [
     "67#3"
    ],
    "source": "자동 접속선(scripts/entrance_links.py, 수치지형도 1:1,000 건물·장애물 회피)",
    "kind": "footway",
    "costFactor": 1,
    "snap": 0.5,
    "link": 1.0,
    "length_m": 14.4,
    "straight_m": 14.3,
    "detour": true,
    "max_grade": 14,
    "door_depth_m": 0.9
   }
  },
  {
   "type": "Feature",
   "geometry": {
    "type": "LineString",
    "coordinates": [
     [
      126.949604,
      37.463715
     ],
     [
      126.9496073,
      37.4638551
     ]
    ]
   },
   "properties": {
    "type": "path",
    "role": "entrance_link",
    "building": "67",
    "entrances": [
     "67#3"
    ],
    "source": "자동 접속선(scripts/entrance_links.py, 수치지형도 1:1,000 건물·장애물 회피)",
    "kind": "footway",
    "costFactor": 1,
    "snap": 0.5,
    "link": 1.0,
    "length_m": 15.6,
    "straight_m": 15.6,
    "max_grade": 10,
    "door_depth_m": 0.9
   }
  },
  {
   "type": "Feature",
   "geometry": {
    "type": "LineString",
    "coordinates": [
     [
      126.951806,
      37.464543
     ],
     [
      126.9516948,
      37.4645322
     ]
    ]
   },
   "properties": {
    "type": "path",
    "role": "entrance_link",
    "building": "70",
    "entrances": [
     "70#1"
    ],
    "source": "자동 접속선(scripts/entrance_links.py, 수치지형도 1:1,000 건물·장애물 회피)",
    "kind": "footway",
    "costFactor": 1,
    "snap": 0.5,
    "link": 1.0,
    "length_m": 9.9,
    "straight_m": 9.9,
    "max_grade": 2
   }
  },
  {
   "type": "Feature",
   "geometry": {
    "type": "LineString",
    "coordinates": [
     [
      126.951806,
      37.464543
     ],
     [
      126.9516948,
      37.4644061
     ]
    ]
   },
   "properties": {
    "type": "path",
    "role": "entrance_link",
    "building": "70",
    "entrances": [
     "70#1"
    ],
    "source": "자동 접속선(scripts/entrance_links.py, 수치지형도 1:1,000 건물·장애물 회피)",
    "kind": "footway",
    "costFactor": 1,
    "snap": 0.5,
    "link": 1.0,
    "length_m": 18.1,
    "straight_m": 18.1,
    "max_grade": 4
   }
  },
  {
   "type": "Feature",
   "geometry": {
    "type": "LineString",
    "coordinates": [
     [
      126.951806,
      37.464543
     ],
     [
      126.9516172,
      37.4647081
     ]
    ]
   },
   "properties": {
    "type": "path",
    "role": "entrance_link",
    "building": "70",
    "entrances": [
     "70#1"
    ],
    "source": "자동 접속선(scripts/entrance_links.py, 수치지형도 1:1,000 건물·장애물 회피)",
    "kind": "footway",
    "costFactor": 1,
    "snap": 0.5,
    "link": 1.0,
    "length_m": 24.8,
    "straight_m": 24.8,
    "max_grade": 5
   }
  },
  {
   "type": "Feature",
   "geometry": {
    "type": "LineString",
    "coordinates": [
     [
      126.951623,
      37.461881
     ],
     [
      126.9515499,
      37.4619405
     ]
    ]
   },
   "properties": {
    "type": "path",
    "role": "entrance_link",
    "building": "72",
    "entrances": [
     "72#1"
    ],
    "source": "자동 접속선(scripts/entrance_links.py, 수치지형도 1:1,000 건물·장애물 회피)",
    "kind": "footway",
    "costFactor": 1,
    "snap": 0.5,
    "link": 1.0,
    "length_m": 9.2,
    "straight_m": 9.2,
    "max_grade": 7,
    "door_depth_m": 1.8
   }
  },
  {
   "type": "Feature",
   "geometry": {
    "type": "LineString",
    "coordinates": [
     [
      126.951623,
      37.461881
     ],
     [
      126.9515876,
      37.4618792
     ],
     [
      126.9514929,
      37.4618093
     ]
    ]
   },
   "properties": {
    "type": "path",
    "role": "entrance_link",
    "building": "72",
    "entrances": [
     "72#1"
    ],
    "source": "자동 접속선(scripts/entrance_links.py, 수치지형도 1:1,000 건물·장애물 회피)",
    "kind": "footway",
    "costFactor": 1,
    "snap": 0.5,
    "link": 1.0,
    "length_m": 14.6,
    "straight_m": 14.0,
    "detour": true,
    "max_grade": 9,
    "door_depth_m": 1.8
   }
  },
  {
   "type": "Feature",
   "geometry": {
    "type": "LineString",
    "coordinates": [
     [
      126.949117,
      37.456266
     ],
     [
      126.9491177,
      37.4565246
     ]
    ]
   },
   "properties": {
    "type": "path",
    "role": "entrance_link",
    "building": "75",
    "entrances": [
     "75#1"
    ],
    "source": "자동 접속선(scripts/entrance_links.py, 수치지형도 1:1,000 건물·장애물 회피)",
    "kind": "footway",
    "costFactor": 1,
    "snap": 0.5,
    "link": 1.0,
    "length_m": 28.7,
    "straight_m": 28.7,
    "max_grade": 11,
    "door_depth_m": 1.8,
    "check": [
     "long"
    ]
   }
  },
  {
   "type": "Feature",
   "geometry": {
    "type": "LineString",
    "coordinates": [
     [
      126.949117,
      37.456266
     ],
     [
      126.9491349,
      37.4563515
     ],
     [
      126.9491405,
      37.456356
     ],
     [
      126.9492536,
      37.456365
     ],
     [
      126.9492592,
      37.4563605
     ],
     [
      126.9492787,
      37.4562801
     ]
    ]
   },
   "properties": {
    "type": "path",
    "role": "entrance_link",
    "building": "75",
    "entrances": [
     "75#1"
    ],
    "source": "자동 접속선(scripts/entrance_links.py, 수치지형도 1:1,000 건물·장애물 회피)",
    "kind": "footway",
    "costFactor": 1,
    "snap": 0.5,
    "link": 1.0,
    "length_m": 30.2,
    "straight_m": 14.4,
    "detour": true,
    "max_grade": 19,
    "door_depth_m": 1.8,
    "check": [
     "long"
    ]
   }
  },
  {
   "type": "Feature",
   "geometry": {
    "type": "LineString",
    "coordinates": [
     [
      126.949117,
      37.456266
     ],
     [
      126.9490784,
      37.4563245
     ],
     [
      126.9490727,
      37.456329
     ],
     [
      126.9488038,
      37.4563694
     ]
    ]
   },
   "properties": {
    "type": "path",
    "role": "entrance_link",
    "building": "75",
    "entrances": [
     "75#1"
    ],
    "source": "자동 접속선(scripts/entrance_links.py, 수치지형도 1:1,000 건물·장애물 회피)",
    "kind": "footway",
    "costFactor": 1,
    "snap": 0.5,
    "link": 1.0,
    "length_m": 32.3,
    "straight_m": 30.0,
    "detour": true,
    "max_grade": 24,
    "door_depth_m": 1.8,
    "check": [
     "long"
    ]
   }
  },
  {
   "type": "Feature",
   "geometry": {
    "type": "LineString",
    "coordinates": [
     [
      126.949117,
      37.456266
     ],
     [
      126.9491518,
      37.4564146
     ],
     [
      126.9493037,
      37.4565398
     ]
    ]
   },
   "properties": {
    "type": "path",
    "role": "entrance_link",
    "building": "75",
    "entrances": [
     "75#1"
    ],
    "source": "자동 접속선(scripts/entrance_links.py, 수치지형도 1:1,000 건물·장애물 회피)",
    "kind": "footway",
    "costFactor": 1,
    "snap": 0.5,
    "link": 1.0,
    "length_m": 36.1,
    "straight_m": 34.6,
    "detour": true,
    "max_grade": 18,
    "door_depth_m": 1.8,
    "check": [
     "long"
    ]
   }
  },
  {
   "type": "Feature",
   "geometry": {
    "type": "LineString",
    "coordinates": [
     [
      126.955596,
      37.460639
     ],
     [
      126.9555582,
      37.4606104
     ]
    ]
   },
   "properties": {
    "type": "path",
    "role": "entrance_link",
    "building": "76",
    "entrances": [
     "76#1"
    ],
    "source": "자동 접속선(scripts/entrance_links.py, 수치지형도 1:1,000 건물·장애물 회피)",
    "kind": "footway",
    "costFactor": 1,
    "snap": 0.5,
    "link": 1.0,
    "length_m": 4.6,
    "straight_m": 4.6
   }
  },
  {
   "type": "Feature",
   "geometry": {
    "type": "LineString",
    "coordinates": [
     [
      126.955596,
      37.460639
     ],
     [
      126.9557748,
      37.4604972
     ]
    ]
   },
   "properties": {
    "type": "path",
    "role": "entrance_link",
    "building": "76",
    "entrances": [
     "76#1"
    ],
    "source": "자동 접속선(scripts/entrance_links.py, 수치지형도 1:1,000 건물·장애물 회피)",
    "kind": "footway",
    "costFactor": 1,
    "snap": 0.5,
    "link": 1.0,
    "length_m": 22.3,
    "straight_m": 22.3,
    "max_grade": 10
   }
  },
  {
   "type": "Feature",
   "geometry": {
    "type": "LineString",
    "coordinates": [
     [
      126.951372,
      37.463399
     ],
     [
      126.9513275,
      37.4634465
     ]
    ]
   },
   "properties": {
    "type": "path",
    "role": "entrance_link",
    "building": "83",
    "entrances": [
     "83#1"
    ],
    "source": "자동 접속선(scripts/entrance_links.py, 수치지형도 1:1,000 건물·장애물 회피)",
    "kind": "footway",
    "costFactor": 1,
    "snap": 0.5,
    "link": 1.0,
    "length_m": 6.6,
    "straight_m": 6.6,
    "max_grade": 12
   }
  },
  {
   "type": "Feature",
   "geometry": {
    "type": "LineString",
    "coordinates": [
     [
      126.951867,
      37.463514
     ],
     [
      126.951884,
      37.4635149
     ]
    ]
   },
   "properties": {
    "type": "path",
    "role": "entrance_link",
    "building": "83",
    "entrances": [
     "83#2"
    ],
    "source": "자동 접속선(scripts/entrance_links.py, 수치지형도 1:1,000 건물·장애물 회피)",
    "kind": "footway",
    "costFactor": 1,
    "snap": 0.5,
    "link": 1.0,
    "length_m": 1.5,
    "straight_m": 1.5
   }
  },
  {
   "type": "Feature",
   "geometry": {
    "type": "LineString",
    "coordinates": [
     [
      126.952012,
      37.462332
     ],
     [
      126.9519465,
      37.4623339
     ]
    ]
   },
   "properties": {
    "type": "path",
    "role": "entrance_link",
    "building": "84",
    "entrances": [
     "84#1"
    ],
    "source": "자동 접속선(scripts/entrance_links.py, 수치지형도 1:1,000 건물·장애물 회피)",
    "kind": "footway",
    "costFactor": 1,
    "snap": 0.5,
    "link": 1.0,
    "length_m": 5.8,
    "straight_m": 5.8
   }
  },
  {
   "type": "Feature",
   "geometry": {
    "type": "LineString",
    "coordinates": [
     [
      126.952012,
      37.462332
     ],
     [
      126.9520002,
      37.4623838
     ],
     [
      126.9521273,
      37.4625048
     ]
    ]
   },
   "properties": {
    "type": "path",
    "role": "entrance_link",
    "building": "84",
    "entrances": [
     "84#1"
    ],
    "source": "자동 접속선(scripts/entrance_links.py, 수치지형도 1:1,000 건물·장애물 회피)",
    "kind": "footway",
    "costFactor": 1,
    "snap": 0.5,
    "link": 1.0,
    "length_m": 23.4,
    "straight_m": 21.7,
    "detour": true,
    "max_grade": 17
   }
  },
  {
   "type": "Feature",
   "geometry": {
    "type": "LineString",
    "coordinates": [
     [
      126.952319,
      37.462369
     ],
     [
      126.9523935,
      37.4623703
     ]
    ]
   },
   "properties": {
    "type": "path",
    "role": "entrance_link",
    "building": "84",
    "entrances": [
     "84#2"
    ],
    "source": "자동 접속선(scripts/entrance_links.py, 수치지형도 1:1,000 건물·장애물 회피)",
    "kind": "footway",
    "costFactor": 1,
    "snap": 0.5,
    "link": 1.0,
    "length_m": 6.6,
    "straight_m": 6.6,
    "max_grade": 15,
    "door_depth_m": 0.5
   }
  },
  {
   "type": "Feature",
   "geometry": {
    "type": "LineString",
    "coordinates": [
     [
      126.952319,
      37.462369
     ],
     [
      126.9523888,
      37.4625586
     ]
    ]
   },
   "properties": {
    "type": "path",
    "role": "entrance_link",
    "building": "84",
    "entrances": [
     "84#2"
    ],
    "source": "자동 접속선(scripts/entrance_links.py, 수치지형도 1:1,000 건물·장애물 회피)",
    "kind": "footway",
    "costFactor": 1,
    "snap": 0.5,
    "link": 1.0,
    "length_m": 21.9,
    "straight_m": 21.9,
    "max_grade": 15,
    "door_depth_m": 0.5
   }
  },
  {
   "type": "Feature",
   "geometry": {
    "type": "LineString",
    "coordinates": [
     [
      126.9523,
      37.462115
     ],
     [
      126.9523773,
      37.4621132
     ]
    ]
   },
   "properties": {
    "type": "path",
    "role": "entrance_link",
    "building": "84",
    "entrances": [
     "84#3"
    ],
    "source": "자동 접속선(scripts/entrance_links.py, 수치지형도 1:1,000 건물·장애물 회피)",
    "kind": "footway",
    "costFactor": 1,
    "snap": 0.5,
    "link": 1.0,
    "length_m": 6.8,
    "straight_m": 6.8,
    "max_grade": 18,
    "door_depth_m": 0.5
   }
  },
  {
   "type": "Feature",
   "geometry": {
    "type": "LineString",
    "coordinates": [
     [
      126.9523,
      37.462115
     ],
     [
      126.9523672,
      37.4620249
     ]
    ]
   },
   "properties": {
    "type": "path",
    "role": "entrance_link",
    "building": "84",
    "entrances": [
     "84#3"
    ],
    "source": "자동 접속선(scripts/entrance_links.py, 수치지형도 1:1,000 건물·장애물 회피)",
    "kind": "footway",
    "costFactor": 1,
    "snap": 0.5,
    "link": 1.0,
    "length_m": 11.6,
    "straight_m": 11.6,
    "max_grade": 18,
    "door_depth_m": 0.5
   }
  },
  {
   "type": "Feature",
   "geometry": {
    "type": "LineString",
    "coordinates": [
     [
      126.9523,
      37.462115
     ],
     [
      126.9523166,
      37.4621315
     ],
     [
      126.9523968,
      37.4622847
     ]
    ]
   },
   "properties": {
    "type": "path",
    "role": "entrance_link",
    "building": "84",
    "entrances": [
     "84#3"
    ],
    "source": "자동 접속선(scripts/entrance_links.py, 수치지형도 1:1,000 건물·장애물 회피)",
    "kind": "footway",
    "costFactor": 1,
    "snap": 0.5,
    "link": 1.0,
    "length_m": 20.8,
    "straight_m": 20.7,
    "detour": true,
    "max_grade": 1,
    "door_depth_m": 0.5
   }
  },
  {
   "type": "Feature",
   "geometry": {
    "type": "LineString",
    "coordinates": [
     [
      126.95523,
      37.458499
     ],
     [
      126.9552298,
      37.4584994
     ]
    ]
   },
   "properties": {
    "type": "path",
    "role": "entrance_link",
    "building": "100",
    "entrances": [
     "100#1"
    ],
    "source": "자동 접속선(scripts/entrance_links.py, 수치지형도 1:1,000 건물·장애물 회피)",
    "kind": "footway",
    "costFactor": 1,
    "snap": 0.5,
    "link": 1.0,
    "length_m": 0.0,
    "straight_m": 0.0
   }
  },
  {
   "type": "Feature",
   "geometry": {
    "type": "LineString",
    "coordinates": [
     [
      126.950019,
      37.463163
     ],
     [
      126.949979,
      37.4631379
     ]
    ]
   },
   "properties": {
    "type": "path",
    "role": "entrance_link",
    "building": "101",
    "entrances": [
     "101#1"
    ],
    "source": "자동 접속선(scripts/entrance_links.py, 수치지형도 1:1,000 건물·장애물 회피)",
    "kind": "steps",
    "costFactor": 1.2,
    "snap": 0.5,
    "link": 1.0,
    "length_m": 4.5,
    "straight_m": 4.5
   }
  },
  {
   "type": "Feature",
   "geometry": {
    "type": "LineString",
    "coordinates": [
     [
      126.950201,
      37.463155
     ],
     [
      126.9500843,
      37.4631722
     ],
     [
      126.950073,
      37.4631812
     ],
     [
      126.9500674,
      37.4631812
     ],
     [
      126.9500617,
      37.4631767
     ],
     [
      126.9500617,
      37.4631676
     ],
     [
      126.950001,
      37.4631194
     ]
    ]
   },
   "properties": {
    "type": "path",
    "role": "entrance_link",
    "building": "101",
    "entrances": [
     "101#2"
    ],
    "source": "자동 접속선(scripts/entrance_links.py, 수치지형도 1:1,000 건물·장애물 회피)",
    "kind": "steps",
    "costFactor": 1.2,
    "snap": 0.5,
    "link": 1.0,
    "length_m": 21.7,
    "straight_m": 18.1,
    "detour": true,
    "max_grade": 7
   }
  },
  {
   "type": "Feature",
   "geometry": {
    "type": "LineString",
    "coordinates": [
     [
      126.950201,
      37.463155
     ],
     [
      126.9500843,
      37.4631722
     ],
     [
      126.950073,
      37.4631812
     ],
     [
      126.9500674,
      37.4631812
     ],
     [
      126.9500617,
      37.4631767
     ],
     [
      126.9501862,
      37.46297
     ]
    ]
   },
   "properties": {
    "type": "path",
    "role": "entrance_link",
    "building": "101",
    "entrances": [
     "101#2"
    ],
    "source": "자동 접속선(scripts/entrance_links.py, 수치지형도 1:1,000 건물·장애물 회피)",
    "kind": "steps",
    "costFactor": 1.2,
    "snap": 0.5,
    "link": 1.0,
    "length_m": 38.6,
    "straight_m": 20.6,
    "detour": true,
    "max_grade": 10,
    "check": [
     "long"
    ]
   }
  },
  {
   "type": "Feature",
   "geometry": {
    "type": "LineString",
    "coordinates": [
     [
      126.950201,
      37.463155
     ],
     [
      126.9501126,
      37.4631676
     ],
     [
      126.9498481,
      37.4633785
     ]
    ]
   },
   "properties": {
    "type": "path",
    "role": "entrance_link",
    "building": "101",
    "entrances": [
     "101#2"
    ],
    "source": "자동 접속선(scripts/entrance_links.py, 수치지형도 1:1,000 건물·장애물 회피)",
    "kind": "footway",
    "costFactor": 1,
    "snap": 0.5,
    "link": 1.0,
    "length_m": 41.0,
    "straight_m": 39.9,
    "detour": true,
    "max_grade": 8,
    "check": [
     "long"
    ]
   }
  },
  {
   "type": "Feature",
   "geometry": {
    "type": "LineString",
    "coordinates": [
     [
      126.950408,
      37.463298
     ],
     [
      126.9504404,
      37.4632983
     ],
     [
      126.9505195,
      37.4632848
     ],
     [
      126.9505286,
      37.4632853
     ]
    ]
   },
   "properties": {
    "type": "path",
    "role": "entrance_link",
    "building": "101",
    "entrances": [
     "101#3"
    ],
    "source": "자동 접속선(scripts/entrance_links.py, 수치지형도 1:1,000 건물·장애물 회피)",
    "kind": "footway",
    "costFactor": 1,
    "snap": 0.5,
    "link": 1.0,
    "length_m": 10.8,
    "straight_m": 10.8,
    "detour": true,
    "max_grade": 15,
    "door_depth_m": 1.9
   }
  },
  {
   "type": "Feature",
   "geometry": {
    "type": "LineString",
    "coordinates": [
     [
      126.949434,
      37.459926
     ],
     [
      126.9496379,
      37.4598925
     ],
     [
      126.9497392,
      37.4598139
     ]
    ]
   },
   "properties": {
    "type": "path",
    "role": "entrance_link",
    "building": "102",
    "entrances": [
     "102#1"
    ],
    "source": "자동 접속선(scripts/entrance_links.py, 수치지형도 1:1,000 건물·장애물 회피)",
    "kind": "footway",
    "costFactor": 1,
    "snap": 0.5,
    "link": 1.0,
    "length_m": 30.9,
    "straight_m": 29.7,
    "detour": true,
    "max_grade": 7,
    "door_depth_m": 0.2,
    "check": [
     "long"
    ]
   }
  },
  {
   "type": "Feature",
   "geometry": {
    "type": "LineString",
    "coordinates": [
     [
      126.949434,
      37.459926
     ],
     [
      126.9497964,
      37.459913
     ]
    ]
   },
   "properties": {
    "type": "path",
    "role": "entrance_link",
    "building": "102",
    "entrances": [
     "102#1"
    ],
    "source": "자동 접속선(scripts/entrance_links.py, 수치지형도 1:1,000 건물·장애물 회피)",
    "kind": "footway",
    "costFactor": 1,
    "snap": 0.5,
    "link": 1.0,
    "length_m": 32.1,
    "straight_m": 32.1,
    "max_grade": 2,
    "door_depth_m": 0.2,
    "check": [
     "long"
    ]
   }
  },
  {
   "type": "Feature",
   "geometry": {
    "type": "LineString",
    "coordinates": [
     [
      126.949434,
      37.459926
     ],
     [
      126.9499071,
      37.4601252
     ]
    ]
   },
   "properties": {
    "type": "path",
    "role": "entrance_link",
    "building": "102",
    "entrances": [
     "102#1"
    ],
    "source": "자동 접속선(scripts/entrance_links.py, 수치지형도 1:1,000 건물·장애물 회피)",
    "kind": "footway",
    "costFactor": 1,
    "snap": 0.5,
    "link": 1.0,
    "length_m": 47.3,
    "straight_m": 47.3,
    "max_grade": 3,
    "door_depth_m": 0.2,
    "check": [
     "long"
    ]
   }
  },
  {
   "type": "Feature",
   "geometry": {
    "type": "LineString",
    "coordinates": [
     [
      126.949476,
      37.459734
     ],
     [
      126.9496262,
      37.4596202
     ]
    ]
   },
   "properties": {
    "type": "path",
    "role": "entrance_link",
    "building": "102",
    "entrances": [
     "102#2"
    ],
    "source": "자동 접속선(scripts/entrance_links.py, 수치지형도 1:1,000 건물·장애물 회피)",
    "kind": "footway",
    "costFactor": 1,
    "snap": 0.5,
    "link": 1.0,
    "length_m": 18.3,
    "straight_m": 18.3,
    "max_grade": 6,
    "door_depth_m": 0.4
   }
  },
  {
   "type": "Feature",
   "geometry": {
    "type": "LineString",
    "coordinates": [
     [
      126.949476,
      37.459734
     ],
     [
      126.9497871,
      37.4598961
     ]
    ]
   },
   "properties": {
    "type": "path",
    "role": "entrance_link",
    "building": "102",
    "entrances": [
     "102#2"
    ],
    "source": "자동 접속선(scripts/entrance_links.py, 수치지형도 1:1,000 건물·장애물 회피)",
    "kind": "footway",
    "costFactor": 1,
    "snap": 0.5,
    "link": 1.0,
    "length_m": 32.9,
    "straight_m": 32.9,
    "max_grade": 3,
    "door_depth_m": 0.4,
    "check": [
     "long"
    ]
   }
  },
  {
   "type": "Feature",
   "geometry": {
    "type": "LineString",
    "coordinates": [
     [
      126.949403,
      37.459238
     ],
     [
      126.9494909,
      37.4591203
     ]
    ]
   },
   "properties": {
    "type": "path",
    "role": "entrance_link",
    "building": "102",
    "entrances": [
     "102#3"
    ],
    "source": "자동 접속선(scripts/entrance_links.py, 수치지형도 1:1,000 건물·장애물 회피)",
    "kind": "footway",
    "costFactor": 1,
    "snap": 0.5,
    "link": 1.0,
    "length_m": 15.2,
    "straight_m": 15.2,
    "max_grade": 2,
    "door_depth_m": 0.7
   }
  },
  {
   "type": "Feature",
   "geometry": {
    "type": "LineString",
    "coordinates": [
     [
      126.949403,
      37.459238
     ],
     [
      126.9494231,
      37.4592527
     ],
     [
      126.9495276,
      37.4593704
     ]
    ]
   },
   "properties": {
    "type": "path",
    "role": "entrance_link",
    "building": "102",
    "entrances": [
     "102#3"
    ],
    "source": "자동 접속선(scripts/entrance_links.py, 수치지형도 1:1,000 건물·장애물 회피)",
    "kind": "footway",
    "costFactor": 1,
    "snap": 0.5,
    "link": 1.0,
    "length_m": 18.4,
    "straight_m": 18.4,
    "detour": true,
    "max_grade": 3,
    "door_depth_m": 0.7
   }
  },
  {
   "type": "Feature",
   "geometry": {
    "type": "LineString",
    "coordinates": [
     [
      126.952947,
      37.454439
     ],
     [
      126.9529157,
      37.4544639
     ],
     [
      126.9528366,
      37.4544594
     ],
     [
      126.9528309,
      37.4544549
     ],
     [
      126.9528026,
      37.4541485
     ],
     [
      126.9527903,
      37.4541346
     ]
    ]
   },
   "properties": {
    "type": "path",
    "role": "entrance_link",
    "building": "104",
    "entrances": [
     "104#1"
    ],
    "source": "자동 접속선(scripts/entrance_links.py, 수치지형도 1:1,000 건물·장애물 회피)",
    "kind": "footway",
    "costFactor": 1,
    "snap": 0.5,
    "link": 1.0,
    "length_m": 47.6,
    "straight_m": 36.5,
    "detour": true,
    "max_grade": 23,
    "door_depth_m": 2.6,
    "check": [
     "long"
    ]
   }
  },
  {
   "type": "Feature",
   "geometry": {
    "type": "LineString",
    "coordinates": [
     [
      126.953118,
      37.454447
     ],
     [
      126.9531187,
      37.4544472
     ]
    ]
   },
   "properties": {
    "type": "path",
    "role": "entrance_link",
    "building": "104",
    "entrances": [
     "104#2"
    ],
    "source": "자동 접속선(scripts/entrance_links.py, 수치지형도 1:1,000 건물·장애물 회피)",
    "kind": "footway",
    "costFactor": 1,
    "snap": 0.5,
    "link": 1.0,
    "length_m": 0.1,
    "straight_m": 0.1,
    "door_depth_m": 2.8
   }
  },
  {
   "type": "Feature",
   "geometry": {
    "type": "LineString",
    "coordinates": [
     [
      126.953176,
      37.454547
     ],
     [
      126.95317,
      37.454545
     ],
     [
      126.953161,
      37.4545457
     ]
    ]
   },
   "properties": {
    "type": "path",
    "role": "entrance_link",
    "building": "104",
    "entrances": [
     "104#3"
    ],
    "source": "자동 접속선(scripts/entrance_links.py, 수치지형도 1:1,000 건물·장애물 회피)",
    "kind": "footway",
    "costFactor": 1,
    "snap": 0.5,
    "link": 1.0,
    "length_m": 1.4,
    "straight_m": 1.3,
    "detour": true
   }
  },
  {
   "type": "Feature",
   "geometry": {
    "type": "LineString",
    "coordinates": [
     [
      126.953176,
      37.454547
     ],
     [
      126.9532737,
      37.4546884
     ]
    ]
   },
   "properties": {
    "type": "path",
    "role": "entrance_link",
    "building": "104",
    "entrances": [
     "104#3"
    ],
    "source": "자동 접속선(scripts/entrance_links.py, 수치지형도 1:1,000 건물·장애물 회피)",
    "kind": "footway",
    "costFactor": 1,
    "snap": 0.5,
    "link": 1.0,
    "length_m": 17.9,
    "straight_m": 17.9,
    "max_grade": 18
   }
  },
  {
   "type": "Feature",
   "geometry": {
    "type": "LineString",
    "coordinates": [
     [
      126.953155,
      37.454766
     ],
     [
      126.9531452,
      37.4547624
     ]
    ]
   },
   "properties": {
    "type": "path",
    "role": "entrance_link",
    "building": "104",
    "entrances": [
     "104#4"
    ],
    "source": "자동 접속선(scripts/entrance_links.py, 수치지형도 1:1,000 건물·장애물 회피)",
    "kind": "footway",
    "costFactor": 1,
    "snap": 0.5,
    "link": 1.0,
    "length_m": 1.0,
    "straight_m": 1.0
   }
  },
  {
   "type": "Feature",
   "geometry": {
    "type": "LineString",
    "coordinates": [
     [
      126.953374,
      37.454282
     ],
     [
      126.9533452,
      37.4542747
     ],
     [
      126.9533395,
      37.4542702
     ],
     [
      126.953283,
      37.4541891
     ],
     [
      126.9532774,
      37.454126
     ],
     [
      126.9533147,
      37.4540959
     ]
    ]
   },
   "properties": {
    "type": "path",
    "role": "entrance_link",
    "building": "105",
    "entrances": [
     "105#1",
     "105-1#1"
    ],
    "source": "자동 접속선(scripts/entrance_links.py, 수치지형도 1:1,000 건물·장애물 회피)",
    "kind": "footway",
    "costFactor": 1,
    "snap": 0.5,
    "link": 1.0,
    "length_m": 25.4,
    "straight_m": 21.3,
    "detour": true,
    "max_grade": 9,
    "door_depth_m": 1.6,
    "check": [
     "long"
    ]
   }
  },
  {
   "type": "Feature",
   "geometry": {
    "type": "LineString",
    "coordinates": [
     [
      126.953374,
      37.454282
     ],
     [
      126.9531813,
      37.4544504
     ],
     [
      126.9531712,
      37.454457
     ]
    ]
   },
   "properties": {
    "type": "path",
    "role": "entrance_link",
    "building": "105",
    "entrances": [
     "105#1",
     "105-1#1"
    ],
    "source": "자동 접속선(scripts/entrance_links.py, 수치지형도 1:1,000 건물·장애물 회피)",
    "kind": "footway",
    "costFactor": 1,
    "snap": 0.5,
    "link": 1.0,
    "length_m": 26.5,
    "straight_m": 26.4,
    "detour": true,
    "max_grade": 14,
    "door_depth_m": 1.6,
    "check": [
     "long"
    ]
   }
  },
  {
   "type": "Feature",
   "geometry": {
    "type": "LineString",
    "coordinates": [
     [
      126.953315,
      37.454096
     ],
     [
      126.9533147,
      37.4540959
     ]
    ]
   },
   "properties": {
    "type": "path",
    "role": "entrance_link",
    "building": "105",
    "entrances": [
     "105#2",
     "105-1#2"
    ],
    "source": "자동 접속선(scripts/entrance_links.py, 수치지형도 1:1,000 건물·장애물 회피)",
    "kind": "footway",
    "costFactor": 1,
    "snap": 0.5,
    "link": 1.0,
    "length_m": 0.0,
    "straight_m": 0.0
   }
  },
  {
   "type": "Feature",
   "geometry": {
    "type": "LineString",
    "coordinates": [
     [
      126.953767,
      37.454356
     ],
     [
      126.9538645,
      37.4542905
     ]
    ]
   },
   "properties": {
    "type": "path",
    "role": "entrance_link",
    "building": "105",
    "entrances": [
     "105#3",
     "105-1#3"
    ],
    "source": "자동 접속선(scripts/entrance_links.py, 수치지형도 1:1,000 건물·장애물 회피)",
    "kind": "footway",
    "costFactor": 1,
    "snap": 0.5,
    "link": 1.0,
    "length_m": 11.3,
    "straight_m": 11.3,
    "max_grade": 14,
    "door_depth_m": 3.5,
    "check": [
     "deep"
    ]
   }
  },
  {
   "type": "Feature",
   "geometry": {
    "type": "LineString",
    "coordinates": [
     [
      126.953767,
      37.454356
     ],
     [
      126.9538651,
      37.4543738
     ],
     [
      126.9539747,
      37.454454
     ]
    ]
   },
   "properties": {
    "type": "path",
    "role": "entrance_link",
    "building": "105",
    "entrances": [
     "105#3",
     "105-1#3"
    ],
    "source": "자동 접속선(scripts/entrance_links.py, 수치지형도 1:1,000 건물·장애물 회피)",
    "kind": "footway",
    "costFactor": 1,
    "snap": 0.5,
    "link": 1.0,
    "length_m": 22.1,
    "straight_m": 21.4,
    "detour": true,
    "max_grade": 12,
    "door_depth_m": 3.5,
    "check": [
     "deep"
    ]
   }
  },
  {
   "type": "Feature",
   "geometry": {
    "type": "LineString",
    "coordinates": [
     [
      126.953767,
      37.454356
     ],
     [
      126.9538199,
      37.4543648
     ],
     [
      126.9538369,
      37.4543828
     ],
     [
      126.9539696,
      37.4545319
     ]
    ]
   },
   "properties": {
    "type": "path",
    "role": "entrance_link",
    "building": "105",
    "entrances": [
     "105#3",
     "105-1#3"
    ],
    "source": "자동 접속선(scripts/entrance_links.py, 수치지형도 1:1,000 건물·장애물 회피)",
    "kind": "footway",
    "costFactor": 1,
    "snap": 0.5,
    "link": 1.0,
    "length_m": 27.6,
    "straight_m": 26.5,
    "detour": true,
    "max_grade": 11,
    "door_depth_m": 3.5,
    "check": [
     "long",
     "deep"
    ]
   }
  },
  {
   "type": "Feature",
   "geometry": {
    "type": "LineString",
    "coordinates": [
     [
      126.953596,
      37.454113
     ],
     [
      126.9536946,
      37.4540384
     ]
    ]
   },
   "properties": {
    "type": "path",
    "role": "entrance_link",
    "building": "105",
    "entrances": [
     "105#4",
     "105-1#4"
    ],
    "source": "자동 접속선(scripts/entrance_links.py, 수치지형도 1:1,000 건물·장애물 회피)",
    "kind": "footway",
    "costFactor": 1,
    "snap": 0.5,
    "link": 1.0,
    "length_m": 12.0,
    "straight_m": 12.0,
    "max_grade": 14,
    "door_depth_m": 3.5,
    "check": [
     "deep"
    ]
   }
  },
  {
   "type": "Feature",
   "geometry": {
    "type": "LineString",
    "coordinates": [
     [
      126.953596,
      37.454113
     ],
     [
      126.9536164,
      37.4540674
     ],
     [
      126.9536044,
      37.4539043
     ]
    ]
   },
   "properties": {
    "type": "path",
    "role": "entrance_link",
    "building": "105",
    "entrances": [
     "105#4",
     "105-1#4"
    ],
    "source": "자동 접속선(scripts/entrance_links.py, 수치지형도 1:1,000 건물·장애물 회피)",
    "kind": "footway",
    "costFactor": 1,
    "snap": 0.5,
    "link": 1.0,
    "length_m": 23.5,
    "straight_m": 23.2,
    "detour": true,
    "max_grade": 11,
    "door_depth_m": 3.5,
    "check": [
     "deep"
    ]
   }
  },
  {
   "type": "Feature",
   "geometry": {
    "type": "LineString",
    "coordinates": [
     [
      126.953596,
      37.454113
     ],
     [
      126.9536164,
      37.4540674
     ],
     [
      126.9535034,
      37.4539188
     ],
     [
      126.9534954,
      37.4539115
     ]
    ]
   },
   "properties": {
    "type": "path",
    "role": "entrance_link",
    "building": "105",
    "entrances": [
     "105#4",
     "105-1#4"
    ],
    "source": "자동 접속선(scripts/entrance_links.py, 수치지형도 1:1,000 건물·장애물 회피)",
    "kind": "footway",
    "costFactor": 1,
    "snap": 0.5,
    "link": 1.0,
    "length_m": 25.7,
    "straight_m": 24.1,
    "detour": true,
    "max_grade": 10,
    "door_depth_m": 3.5,
    "check": [
     "long",
     "deep"
    ]
   }
  },
  {
   "type": "Feature",
   "geometry": {
    "type": "LineString",
    "coordinates": [
     [
      126.952235,
      37.461025
     ],
     [
      126.9522352,
      37.4610255
     ]
    ]
   },
   "properties": {
    "type": "path",
    "role": "entrance_link",
    "building": "109",
    "entrances": [
     "109#1"
    ],
    "source": "자동 접속선(scripts/entrance_links.py, 수치지형도 1:1,000 건물·장애물 회피)",
    "kind": "footway",
    "costFactor": 1,
    "snap": 0.5,
    "link": 1.0,
    "length_m": 0.1,
    "straight_m": 0.1
   }
  },
  {
   "type": "Feature",
   "geometry": {
    "type": "LineString",
    "coordinates": [
     [
      126.952325,
      37.461084
     ],
     [
      126.9523253,
      37.4610839
     ]
    ]
   },
   "properties": {
    "type": "path",
    "role": "entrance_link",
    "building": "109",
    "entrances": [
     "109#2"
    ],
    "source": "자동 접속선(scripts/entrance_links.py, 수치지형도 1:1,000 건물·장애물 회피)",
    "kind": "footway",
    "costFactor": 1,
    "snap": 0.5,
    "link": 1.0,
    "length_m": 0.0,
    "straight_m": 0.0
   }
  },
  {
   "type": "Feature",
   "geometry": {
    "type": "LineString",
    "coordinates": [
     [
      126.952603,
      37.460786
     ],
     [
      126.9526052,
      37.4607855
     ]
    ]
   },
   "properties": {
    "type": "path",
    "role": "entrance_link",
    "building": "109",
    "entrances": [
     "109#3"
    ],
    "source": "자동 접속선(scripts/entrance_links.py, 수치지형도 1:1,000 건물·장애물 회피)",
    "kind": "footway",
    "costFactor": 1,
    "snap": 0.5,
    "link": 1.0,
    "length_m": 0.2,
    "straight_m": 0.2
   }
  },
  {
   "type": "Feature",
   "geometry": {
    "type": "LineString",
    "coordinates": [
     [
      126.952681,
      37.460894
     ],
     [
      126.952681,
      37.4608944
     ]
    ]
   },
   "properties": {
    "type": "path",
    "role": "entrance_link",
    "building": "109",
    "entrances": [
     "109#4"
    ],
    "source": "자동 접속선(scripts/entrance_links.py, 수치지형도 1:1,000 건물·장애물 회피)",
    "kind": "footway",
    "costFactor": 1,
    "snap": 0.5,
    "link": 1.0,
    "length_m": 0.0,
    "straight_m": 0.0,
    "door_depth_m": 1.3
   }
  },
  {
   "type": "Feature",
   "geometry": {
    "type": "LineString",
    "coordinates": [
     [
      126.951645,
      37.465138
     ],
     [
      126.9516215,
      37.4651904
     ],
     [
      126.9516159,
      37.4651949
     ],
     [
      126.9513808,
      37.4651951
     ]
    ]
   },
   "properties": {
    "type": "path",
    "role": "entrance_link",
    "building": "113",
    "entrances": [
     "113#1"
    ],
    "source": "자동 접속선(scripts/entrance_links.py, 수치지형도 1:1,000 건물·장애물 회피)",
    "kind": "footway",
    "costFactor": 1,
    "snap": 0.5,
    "link": 1.0,
    "length_m": 27.7,
    "straight_m": 24.2,
    "detour": true,
    "max_grade": 4,
    "door_depth_m": 1.4,
    "check": [
     "long"
    ]
   }
  },
  {
   "type": "Feature",
   "geometry": {
    "type": "LineString",
    "coordinates": [
     [
      126.951645,
      37.465138
     ],
     [
      126.9516215,
      37.4651904
     ],
     [
      126.9516159,
      37.4651949
     ],
     [
      126.9513941,
      37.465324
     ]
    ]
   },
   "properties": {
    "type": "path",
    "role": "entrance_link",
    "building": "113",
    "entrances": [
     "113#1"
    ],
    "source": "자동 접속선(scripts/entrance_links.py, 수치지형도 1:1,000 건물·장애물 회피)",
    "kind": "footway",
    "costFactor": 1,
    "snap": 0.5,
    "link": 1.0,
    "length_m": 31.2,
    "straight_m": 30.3,
    "detour": true,
    "max_grade": 4,
    "door_depth_m": 1.4,
    "check": [
     "long"
    ]
   }
  },
  {
   "type": "Feature",
   "geometry": {
    "type": "LineString",
    "coordinates": [
     [
      126.951475,
      37.465025
     ],
     [
      126.9513682,
      37.4650239
     ]
    ]
   },
   "properties": {
    "type": "path",
    "role": "entrance_link",
    "building": "113",
    "entrances": [
     "113#2"
    ],
    "source": "자동 접속선(scripts/entrance_links.py, 수치지형도 1:1,000 건물·장애물 회피)",
    "kind": "footway",
    "costFactor": 1,
    "snap": 0.5,
    "link": 1.0,
    "length_m": 9.5,
    "straight_m": 9.5,
    "max_grade": 0
   }
  },
  {
   "type": "Feature",
   "geometry": {
    "type": "LineString",
    "coordinates": [
     [
      126.951475,
      37.465025
     ],
     [
      126.9514683,
      37.4648748
     ]
    ]
   },
   "properties": {
    "type": "path",
    "role": "entrance_link",
    "building": "113",
    "entrances": [
     "113#2"
    ],
    "source": "자동 접속선(scripts/entrance_links.py, 수치지형도 1:1,000 건물·장애물 회피)",
    "kind": "footway",
    "costFactor": 1,
    "snap": 0.5,
    "link": 1.0,
    "length_m": 16.7,
    "straight_m": 16.7,
    "max_grade": 11
   }
  },
  {
   "type": "Feature",
   "geometry": {
    "type": "LineString",
    "coordinates": [
     [
      126.951475,
      37.465025
     ],
     [
      126.9513754,
      37.4651433
     ]
    ]
   },
   "properties": {
    "type": "path",
    "role": "entrance_link",
    "building": "113",
    "entrances": [
     "113#2"
    ],
    "source": "자동 접속선(scripts/entrance_links.py, 수치지형도 1:1,000 건물·장애물 회피)",
    "kind": "footway",
    "costFactor": 1,
    "snap": 0.5,
    "link": 1.0,
    "length_m": 15.8,
    "straight_m": 15.8,
    "max_grade": 3
   }
  },
  {
   "type": "Feature",
   "geometry": {
    "type": "Point",
    "coordinates": [
     126.95195,
     37.464995
    ]
   },
   "properties": {
    "type": "entrance_unlinked",
    "building": "113",
    "entrances": [
     "113#3"
    ],
    "source": "자동 접속선(scripts/entrance_links.py, 수치지형도 1:1,000 건물·장애물 회피)",
    "note": "80 m 안에 막히지 않고 닿는 길이 없다(손으로 그릴 것)"
   }
  },
  {
   "type": "Feature",
   "geometry": {
    "type": "LineString",
    "coordinates": [
     [
      126.951551,
      37.464928
     ],
     [
      126.9515534,
      37.4648682
     ]
    ]
   },
   "properties": {
    "type": "path",
    "role": "entrance_link",
    "building": "113",
    "entrances": [
     "113#4"
    ],
    "source": "자동 접속선(scripts/entrance_links.py, 수치지형도 1:1,000 건물·장애물 회피)",
    "kind": "footway",
    "costFactor": 1,
    "snap": 0.5,
    "link": 1.0,
    "length_m": 6.6,
    "straight_m": 6.6,
    "max_grade": 13
   }
  },
  {
   "type": "Feature",
   "geometry": {
    "type": "LineString",
    "coordinates": [
     [
      126.951551,
      37.464928
     ],
     [
      126.9513625,
      37.4649293
     ]
    ]
   },
   "properties": {
    "type": "path",
    "role": "entrance_link",
    "building": "113",
    "entrances": [
     "113#4"
    ],
    "source": "자동 접속선(scripts/entrance_links.py, 수치지형도 1:1,000 건물·장애물 회피)",
    "kind": "footway",
    "costFactor": 1,
    "snap": 0.5,
    "link": 1.0,
    "length_m": 16.7,
    "straight_m": 16.7,
    "max_grade": 6
   }
  },
  {
   "type": "Feature",
   "geometry": {
    "type": "LineString",
    "coordinates": [
     [
      126.951674,
      37.464917
     ],
     [
      126.9516721,
      37.464859
     ]
    ]
   },
   "properties": {
    "type": "path",
    "role": "entrance_link",
    "building": "113",
    "entrances": [
     "113#5"
    ],
    "source": "자동 접속선(scripts/entrance_links.py, 수치지형도 1:1,000 건물·장애물 회피)",
    "kind": "footway",
    "costFactor": 1,
    "snap": 0.5,
    "link": 1.0,
    "length_m": 6.4,
    "straight_m": 6.4,
    "max_grade": 14
   }
  },
  {
   "type": "Feature",
   "geometry": {
    "type": "LineString",
    "coordinates": [
     [
      126.957637,
      37.466835
     ],
     [
      126.9577028,
      37.4668346
     ]
    ]
   },
   "properties": {
    "type": "path",
    "role": "entrance_link",
    "building": "121",
    "entrances": [
     "121#1"
    ],
    "source": "자동 접속선(scripts/entrance_links.py, 수치지형도 1:1,000 건물·장애물 회피)",
    "kind": "footway",
    "costFactor": 1,
    "snap": 0.5,
    "link": 1.0,
    "length_m": 5.8,
    "straight_m": 5.8
   }
  },
  {
   "type": "Feature",
   "geometry": {
    "type": "LineString",
    "coordinates": [
     [
      126.957637,
      37.466835
     ],
     [
      126.9576968,
      37.4666569
     ]
    ]
   },
   "properties": {
    "type": "path",
    "role": "entrance_link",
    "building": "121",
    "entrances": [
     "121#1"
    ],
    "source": "자동 접속선(scripts/entrance_links.py, 수치지형도 1:1,000 건물·장애물 회피)",
    "kind": "footway",
    "costFactor": 1,
    "snap": 0.5,
    "link": 1.0,
    "length_m": 20.5,
    "straight_m": 20.5,
    "max_grade": 11
   }
  },
  {
   "type": "Feature",
   "geometry": {
    "type": "LineString",
    "coordinates": [
     [
      126.950519,
      37.454303
     ],
     [
      126.9505189,
      37.4545584
     ]
    ]
   },
   "properties": {
    "type": "path",
    "role": "entrance_link",
    "building": "130",
    "entrances": [
     "130#1",
     "133#1"
    ],
    "source": "자동 접속선(scripts/entrance_links.py, 수치지형도 1:1,000 건물·장애물 회피)",
    "kind": "footway",
    "costFactor": 1,
    "snap": 0.5,
    "link": 1.0,
    "length_m": 28.3,
    "straight_m": 28.3,
    "max_grade": 18,
    "check": [
     "long"
    ]
   }
  },
  {
   "type": "Feature",
   "geometry": {
    "type": "LineString",
    "coordinates": [
     [
      126.950774,
      37.45415
     ],
     [
      126.9508496,
      37.4540443
     ]
    ]
   },
   "properties": {
    "type": "path",
    "role": "entrance_link",
    "building": "130",
    "entrances": [
     "130#2"
    ],
    "source": "자동 접속선(scripts/entrance_links.py, 수치지형도 1:1,000 건물·장애물 회피)",
    "kind": "footway",
    "costFactor": 1,
    "snap": 0.5,
    "link": 1.0,
    "length_m": 13.5,
    "straight_m": 13.5,
    "max_grade": 6
   }
  },
  {
   "type": "Feature",
   "geometry": {
    "type": "LineString",
    "coordinates": [
     [
      126.950774,
      37.45415
     ],
     [
      126.9509856,
      37.4540908
     ]
    ]
   },
   "properties": {
    "type": "path",
    "role": "entrance_link",
    "building": "130",
    "entrances": [
     "130#2"
    ],
    "source": "자동 접속선(scripts/entrance_links.py, 수치지형도 1:1,000 건물·장애물 회피)",
    "kind": "footway",
    "costFactor": 1,
    "snap": 0.5,
    "link": 1.0,
    "length_m": 19.8,
    "straight_m": 19.8,
    "max_grade": 5
   }
  },
  {
   "type": "Feature",
   "geometry": {
    "type": "LineString",
    "coordinates": [
     [
      126.950774,
      37.45415
     ],
     [
      126.9510733,
      37.4542071
     ],
     [
      126.9510816,
      37.4542071
     ]
    ]
   },
   "properties": {
    "type": "path",
    "role": "entrance_link",
    "building": "130",
    "entrances": [
     "130#2"
    ],
    "source": "자동 접속선(scripts/entrance_links.py, 수치지형도 1:1,000 건물·장애물 회피)",
    "kind": "footway",
    "costFactor": 1,
    "snap": 0.5,
    "link": 1.0,
    "length_m": 28.0,
    "straight_m": 27.9,
    "detour": true,
    "max_grade": 8,
    "check": [
     "long"
    ]
   }
  },
  {
   "type": "Feature",
   "geometry": {
    "type": "LineString",
    "coordinates": [
     [
      126.950774,
      37.45415
     ],
     [
      126.9507737,
      37.4538662
     ]
    ]
   },
   "properties": {
    "type": "path",
    "role": "entrance_link",
    "building": "130",
    "entrances": [
     "130#2"
    ],
    "source": "자동 접속선(scripts/entrance_links.py, 수치지형도 1:1,000 건물·장애물 회피)",
    "kind": "footway",
    "costFactor": 1,
    "snap": 0.5,
    "link": 1.0,
    "length_m": 31.5,
    "straight_m": 31.5,
    "max_grade": 13,
    "check": [
     "long"
    ]
   }
  },
  {
   "type": "Feature",
   "geometry": {
    "type": "LineString",
    "coordinates": [
     [
      126.950555,
      37.453559
     ],
     [
      126.9504659,
      37.4535582
     ]
    ]
   },
   "properties": {
    "type": "path",
    "role": "entrance_link",
    "building": "131",
    "entrances": [
     "131#1"
    ],
    "source": "자동 접속선(scripts/entrance_links.py, 수치지형도 1:1,000 건물·장애물 회피)",
    "kind": "footway",
    "costFactor": 1,
    "snap": 0.5,
    "link": 1.0,
    "length_m": 7.9,
    "straight_m": 7.9,
    "max_grade": 1,
    "door_depth_m": 1.8
   }
  },
  {
   "type": "Feature",
   "geometry": {
    "type": "LineString",
    "coordinates": [
     [
      126.950555,
      37.453559
     ],
     [
      126.9505529,
      37.4537026
     ]
    ]
   },
   "properties": {
    "type": "path",
    "role": "entrance_link",
    "building": "131",
    "entrances": [
     "131#1"
    ],
    "source": "자동 접속선(scripts/entrance_links.py, 수치지형도 1:1,000 건물·장애물 회피)",
    "kind": "steps",
    "costFactor": 1.2,
    "snap": 0.5,
    "link": 1.0,
    "length_m": 15.9,
    "straight_m": 15.9,
    "max_grade": 7,
    "door_depth_m": 1.8
   }
  },
  {
   "type": "Feature",
   "geometry": {
    "type": "LineString",
    "coordinates": [
     [
      126.950697,
      37.453421
     ],
     [
      126.9507064,
      37.4533146
     ]
    ]
   },
   "properties": {
    "type": "path",
    "role": "entrance_link",
    "building": "131",
    "entrances": [
     "131#2"
    ],
    "source": "자동 접속선(scripts/entrance_links.py, 수치지형도 1:1,000 건물·장애물 회피)",
    "kind": "footway",
    "costFactor": 1,
    "snap": 0.5,
    "link": 1.0,
    "length_m": 11.8,
    "straight_m": 11.8,
    "max_grade": 19
   }
  },
  {
   "type": "Feature",
   "geometry": {
    "type": "LineString",
    "coordinates": [
     [
      126.950697,
      37.453421
     ],
     [
      126.950689,
      37.4533962
     ],
     [
      126.9506777,
      37.4533872
     ],
     [
      126.9505421,
      37.4533781
     ],
     [
      126.9504811,
      37.4533779
     ]
    ]
   },
   "properties": {
    "type": "path",
    "role": "entrance_link",
    "building": "131",
    "entrances": [
     "131#2"
    ],
    "source": "자동 접속선(scripts/entrance_links.py, 수치지형도 1:1,000 건물·장애물 회피)",
    "kind": "footway",
    "costFactor": 1,
    "snap": 0.5,
    "link": 1.0,
    "length_m": 21.7,
    "straight_m": 19.7,
    "detour": true,
    "max_grade": 11
   }
  },
  {
   "type": "Feature",
   "geometry": {
    "type": "LineString",
    "coordinates": [
     [
      126.950697,
      37.453421
     ],
     [
      126.9509942,
      37.4534142
     ],
     [
      126.9510092,
      37.4534144
     ]
    ]
   },
   "properties": {
    "type": "path",
    "role": "entrance_link",
    "building": "131",
    "entrances": [
     "131#2"
    ],
    "source": "자동 접속선(scripts/entrance_links.py, 수치지형도 1:1,000 건물·장애물 회피)",
    "kind": "footway",
    "costFactor": 1,
    "snap": 0.5,
    "link": 1.0,
    "length_m": 27.6,
    "straight_m": 27.6,
    "detour": true,
    "max_grade": 17,
    "check": [
     "long"
    ]
   }
  },
  {
   "type": "Feature",
   "geometry": {
    "type": "LineString",
    "coordinates": [
     [
      126.95374,
      37.454889
     ],
     [
      126.953697,
      37.4549208
     ]
    ]
   },
   "properties": {
    "type": "path",
    "role": "entrance_link",
    "building": "132",
    "entrances": [
     "132#1"
    ],
    "source": "자동 접속선(scripts/entrance_links.py, 수치지형도 1:1,000 건물·장애물 회피)",
    "kind": "footway",
    "costFactor": 1,
    "snap": 0.5,
    "link": 1.0,
    "length_m": 5.2,
    "straight_m": 5.2
   }
  },
  {
   "type": "Feature",
   "geometry": {
    "type": "LineString",
    "coordinates": [
     [
      126.954076,
      37.454789
     ],
     [
      126.9541364,
      37.4547972
     ],
     [
      126.9541857,
      37.4547594
     ]
    ]
   },
   "properties": {
    "type": "path",
    "role": "entrance_link",
    "building": "132",
    "entrances": [
     "132#2"
    ],
    "source": "자동 접속선(scripts/entrance_links.py, 수치지형도 1:1,000 건물·장애물 회피)",
    "kind": "footway",
    "costFactor": 1,
    "snap": 0.5,
    "link": 1.0,
    "length_m": 11.5,
    "straight_m": 10.2,
    "detour": true,
    "max_grade": 15,
    "door_depth_m": 2.7
   }
  },
  {
   "type": "Feature",
   "geometry": {
    "type": "LineString",
    "coordinates": [
     [
      126.950276,
      37.454194
     ],
     [
      126.9501237,
      37.4541922
     ]
    ]
   },
   "properties": {
    "type": "path",
    "role": "entrance_link",
    "building": "133",
    "entrances": [
     "133#2"
    ],
    "source": "자동 접속선(scripts/entrance_links.py, 수치지형도 1:1,000 건물·장애물 회피)",
    "kind": "footway",
    "costFactor": 1,
    "snap": 0.5,
    "link": 1.0,
    "length_m": 13.5,
    "straight_m": 13.5,
    "max_grade": 3
   }
  },
  {
   "type": "Feature",
   "geometry": {
    "type": "LineString",
    "coordinates": [
     [
      126.950296,
      37.45406
     ],
     [
      126.9501744,
      37.4540481
     ]
    ]
   },
   "properties": {
    "type": "path",
    "role": "entrance_link",
    "building": "133",
    "entrances": [
     "133#3"
    ],
    "source": "자동 접속선(scripts/entrance_links.py, 수치지형도 1:1,000 건물·장애물 회피)",
    "kind": "footway",
    "costFactor": 1,
    "snap": 0.5,
    "link": 1.0,
    "length_m": 10.8,
    "straight_m": 10.8,
    "max_grade": 1
   }
  },
  {
   "type": "Feature",
   "geometry": {
    "type": "LineString",
    "coordinates": [
     [
      126.950296,
      37.45406
     ],
     [
      126.9502933,
      37.4538796
     ]
    ]
   },
   "properties": {
    "type": "path",
    "role": "entrance_link",
    "building": "133",
    "entrances": [
     "133#3"
    ],
    "source": "자동 접속선(scripts/entrance_links.py, 수치지형도 1:1,000 건물·장애물 회피)",
    "kind": "footway",
    "costFactor": 1,
    "snap": 0.5,
    "link": 1.0,
    "length_m": 20.0,
    "straight_m": 20.0,
    "max_grade": 9
   }
  },
  {
   "type": "Feature",
   "geometry": {
    "type": "LineString",
    "coordinates": [
     [
      126.952012,
      37.454462
     ],
     [
      126.9519577,
      37.4544636
     ]
    ]
   },
   "properties": {
    "type": "path",
    "role": "entrance_link",
    "building": "135",
    "entrances": [
     "135#1"
    ],
    "source": "자동 접속선(scripts/entrance_links.py, 수치지형도 1:1,000 건물·장애물 회피)",
    "kind": "footway",
    "costFactor": 1,
    "snap": 0.5,
    "link": 1.0,
    "length_m": 4.8,
    "straight_m": 4.8
   }
  },
  {
   "type": "Feature",
   "geometry": {
    "type": "LineString",
    "coordinates": [
     [
      126.952032,
      37.454245
     ],
     [
      126.9519793,
      37.454243
     ]
    ]
   },
   "properties": {
    "type": "path",
    "role": "entrance_link",
    "building": "135",
    "entrances": [
     "135#2"
    ],
    "source": "자동 접속선(scripts/entrance_links.py, 수치지형도 1:1,000 건물·장애물 회피)",
    "kind": "footway",
    "costFactor": 1,
    "snap": 0.5,
    "link": 1.0,
    "length_m": 4.7,
    "straight_m": 4.7
   }
  },
  {
   "type": "Feature",
   "geometry": {
    "type": "LineString",
    "coordinates": [
     [
      126.952032,
      37.454245
     ],
     [
      126.9520347,
      37.4540196
     ]
    ]
   },
   "properties": {
    "type": "path",
    "role": "entrance_link",
    "building": "135",
    "entrances": [
     "135#2"
    ],
    "source": "자동 접속선(scripts/entrance_links.py, 수치지형도 1:1,000 건물·장애물 회피)",
    "kind": "footway",
    "costFactor": 1,
    "snap": 0.5,
    "link": 1.0,
    "length_m": 25.0,
    "straight_m": 25.0,
    "max_grade": 32,
    "check": [
     "long",
     "steep"
    ]
   }
  },
  {
   "type": "Feature",
   "geometry": {
    "type": "LineString",
    "coordinates": [
     [
      126.95313,
      37.466499
     ],
     [
      126.9531224,
      37.4665561
     ]
    ]
   },
   "properties": {
    "type": "path",
    "role": "entrance_link",
    "building": "137-1",
    "entrances": [
     "137-1#1"
    ],
    "source": "자동 접속선(scripts/entrance_links.py, 수치지형도 1:1,000 건물·장애물 회피)",
    "kind": "footway",
    "costFactor": 1,
    "snap": 0.5,
    "link": 1.0,
    "length_m": 6.4,
    "straight_m": 6.4,
    "max_grade": 8
   }
  },
  {
   "type": "Feature",
   "geometry": {
    "type": "LineString",
    "coordinates": [
     [
      126.95313,
      37.466499
     ],
     [
      126.9529943,
      37.4664906
     ]
    ]
   },
   "properties": {
    "type": "path",
    "role": "entrance_link",
    "building": "137-1",
    "entrances": [
     "137-1#1"
    ],
    "source": "자동 접속선(scripts/entrance_links.py, 수치지형도 1:1,000 건물·장애물 회피)",
    "kind": "footway",
    "costFactor": 1,
    "snap": 0.5,
    "link": 1.0,
    "length_m": 12.0,
    "straight_m": 12.0,
    "max_grade": 22
   }
  },
  {
   "type": "Feature",
   "geometry": {
    "type": "LineString",
    "coordinates": [
     [
      126.95313,
      37.466499
     ],
     [
      126.9531304,
      37.4665059
     ],
     [
      126.9531361,
      37.4665104
     ],
     [
      126.9532491,
      37.4665464
     ],
     [
      126.953339,
      37.4665566
     ]
    ]
   },
   "properties": {
    "type": "path",
    "role": "entrance_link",
    "building": "137-1",
    "entrances": [
     "137-1#1"
    ],
    "source": "자동 접속선(scripts/entrance_links.py, 수치지형도 1:1,000 건물·장애물 회피)",
    "kind": "footway",
    "costFactor": 1,
    "snap": 0.5,
    "link": 1.0,
    "length_m": 20.3,
    "straight_m": 19.6,
    "detour": true,
    "max_grade": 19
   }
  },
  {
   "type": "Feature",
   "geometry": {
    "type": "LineString",
    "coordinates": [
     [
      126.95483,
      37.455802
     ],
     [
      126.9549145,
      37.4557369
     ]
    ]
   },
   "properties": {
    "type": "path",
    "role": "entrance_link",
    "building": "138",
    "entrances": [
     "138#1"
    ],
    "source": "자동 접속선(scripts/entrance_links.py, 수치지형도 1:1,000 건물·장애물 회피)",
    "kind": "footway",
    "costFactor": 1,
    "snap": 0.5,
    "link": 1.0,
    "length_m": 10.4,
    "straight_m": 10.4,
    "max_grade": 5,
    "door_depth_m": 1.1
   }
  },
  {
   "type": "Feature",
   "geometry": {
    "type": "LineString",
    "coordinates": [
     [
      126.95483,
      37.455802
     ],
     [
      126.9548711,
      37.4558154
     ],
     [
      126.9550721,
      37.4559815
     ]
    ]
   },
   "properties": {
    "type": "path",
    "role": "entrance_link",
    "building": "138",
    "entrances": [
     "138#1"
    ],
    "source": "자동 접속선(scripts/entrance_links.py, 수치지형도 1:1,000 건물·장애물 회피)",
    "kind": "footway",
    "costFactor": 1,
    "snap": 0.5,
    "link": 1.0,
    "length_m": 29.5,
    "straight_m": 29.3,
    "detour": true,
    "max_grade": 13,
    "door_depth_m": 1.1,
    "check": [
     "long"
    ]
   }
  },
  {
   "type": "Feature",
   "geometry": {
    "type": "LineString",
    "coordinates": [
     [
      126.954602,
      37.464313
     ],
     [
      126.9546061,
      37.4643117
     ]
    ]
   },
   "properties": {
    "type": "path",
    "role": "entrance_link",
    "building": "140",
    "entrances": [
     "140#2",
     "140-1#2"
    ],
    "source": "자동 접속선(scripts/entrance_links.py, 수치지형도 1:1,000 건물·장애물 회피)",
    "kind": "footway",
    "costFactor": 1,
    "snap": 0.5,
    "link": 1.0,
    "length_m": 0.4,
    "straight_m": 0.4
   }
  },
  {
   "type": "Feature",
   "geometry": {
    "type": "LineString",
    "coordinates": [
     [
      126.952753,
      37.458196
     ],
     [
      126.9526518,
      37.4582783
     ]
    ]
   },
   "properties": {
    "type": "path",
    "role": "entrance_link",
    "building": "143",
    "entrances": [
     "143#1"
    ],
    "source": "자동 접속선(scripts/entrance_links.py, 수치지형도 1:1,000 건물·장애물 회피)",
    "kind": "footway",
    "costFactor": 1,
    "snap": 0.5,
    "link": 1.0,
    "length_m": 12.8,
    "straight_m": 12.8,
    "max_grade": 28
   }
  },
  {
   "type": "Feature",
   "geometry": {
    "type": "LineString",
    "coordinates": [
     [
      126.952753,
      37.458196
     ],
     [
      126.9525933,
      37.4581958
     ]
    ]
   },
   "properties": {
    "type": "path",
    "role": "entrance_link",
    "building": "143",
    "entrances": [
     "143#1"
    ],
    "source": "자동 접속선(scripts/entrance_links.py, 수치지형도 1:1,000 건물·장애물 회피)",
    "kind": "footway",
    "costFactor": 1,
    "snap": 0.5,
    "link": 1.0,
    "length_m": 14.1,
    "straight_m": 14.1,
    "max_grade": 20
   }
  },
  {
   "type": "Feature",
   "geometry": {
    "type": "LineString",
    "coordinates": [
     [
      126.952832,
      37.45801
     ],
     [
      126.9528325,
      37.4580104
     ]
    ]
   },
   "properties": {
    "type": "path",
    "role": "entrance_link",
    "building": "143",
    "entrances": [
     "143#2"
    ],
    "source": "자동 접속선(scripts/entrance_links.py, 수치지형도 1:1,000 건물·장애물 회피)",
    "kind": "footway",
    "costFactor": 1,
    "snap": 0.5,
    "link": 1.0,
    "length_m": 0.1,
    "straight_m": 0.1,
    "door_depth_m": 4.9,
    "check": [
     "deep"
    ]
   }
  },
  {
   "type": "Feature",
   "geometry": {
    "type": "LineString",
    "coordinates": [
     [
      126.953061,
      37.458215
     ],
     [
      126.9530611,
      37.4582148
     ]
    ]
   },
   "properties": {
    "type": "path",
    "role": "entrance_link",
    "building": "143",
    "entrances": [
     "143#3"
    ],
    "source": "자동 접속선(scripts/entrance_links.py, 수치지형도 1:1,000 건물·장애물 회피)",
    "kind": "footway",
    "costFactor": 1,
    "snap": 0.5,
    "link": 1.0,
    "length_m": 0.0,
    "straight_m": 0.0,
    "door_depth_m": 2.4
   }
  },
  {
   "type": "Feature",
   "geometry": {
    "type": "LineString",
    "coordinates": [
     [
      126.948126,
      37.457866
     ],
     [
      126.948089,
      37.45786
     ]
    ]
   },
   "properties": {
    "type": "path",
    "role": "entrance_link",
    "building": "200",
    "entrances": [
     "200#1"
    ],
    "source": "자동 접속선(scripts/entrance_links.py, 수치지형도 1:1,000 건물·장애물 회피)",
    "kind": "footway",
    "costFactor": 1,
    "snap": 0.5,
    "link": 1.0,
    "length_m": 3.3,
    "straight_m": 3.3,
    "door_depth_m": 9.5,
    "check": [
     "deep"
    ]
   }
  },
  {
   "type": "Feature",
   "geometry": {
    "type": "LineString",
    "coordinates": [
     [
      126.94827,
      37.457337
     ],
     [
      126.9481962,
      37.4573327
     ]
    ]
   },
   "properties": {
    "type": "path",
    "role": "entrance_link",
    "building": "200",
    "entrances": [
     "200#2"
    ],
    "source": "자동 접속선(scripts/entrance_links.py, 수치지형도 1:1,000 건물·장애물 회피)",
    "kind": "footway",
    "costFactor": 1,
    "snap": 0.5,
    "link": 1.0,
    "length_m": 6.5,
    "straight_m": 6.5,
    "max_grade": 12,
    "door_depth_m": 14.1,
    "check": [
     "deep"
    ]
   }
  },
  {
   "type": "Feature",
   "geometry": {
    "type": "LineString",
    "coordinates": [
     [
      126.948793,
      37.458137
     ],
     [
      126.948789,
      37.4582262
     ]
    ]
   },
   "properties": {
    "type": "path",
    "role": "entrance_link",
    "building": "200",
    "entrances": [
     "200#3"
    ],
    "source": "자동 접속선(scripts/entrance_links.py, 수치지형도 1:1,000 건물·장애물 회피)",
    "kind": "footway",
    "costFactor": 1,
    "snap": 0.5,
    "link": 1.0,
    "length_m": 9.9,
    "straight_m": 9.9,
    "max_grade": 1
   }
  },
  {
   "type": "Feature",
   "geometry": {
    "type": "LineString",
    "coordinates": [
     [
      126.948793,
      37.458137
     ],
     [
      126.9489829,
      37.458141
     ]
    ]
   },
   "properties": {
    "type": "path",
    "role": "entrance_link",
    "building": "200",
    "entrances": [
     "200#3"
    ],
    "source": "자동 접속선(scripts/entrance_links.py, 수치지형도 1:1,000 건물·장애물 회피)",
    "kind": "footway",
    "costFactor": 1,
    "snap": 0.5,
    "link": 1.0,
    "length_m": 16.8,
    "straight_m": 16.8,
    "max_grade": 4
   }
  },
  {
   "type": "Feature",
   "geometry": {
    "type": "LineString",
    "coordinates": [
     [
      126.948946,
      37.457705
     ],
     [
      126.9490902,
      37.4577046
     ]
    ]
   },
   "properties": {
    "type": "path",
    "role": "entrance_link",
    "building": "200",
    "entrances": [
     "200#4"
    ],
    "source": "자동 접속선(scripts/entrance_links.py, 수치지형도 1:1,000 건물·장애물 회피)",
    "kind": "steps",
    "costFactor": 1.2,
    "snap": 0.5,
    "link": 1.0,
    "length_m": 12.8,
    "straight_m": 12.8,
    "max_grade": 5
   }
  },
  {
   "type": "Feature",
   "geometry": {
    "type": "LineString",
    "coordinates": [
     [
      126.948946,
      37.457705
     ],
     [
      126.9489174,
      37.4578247
     ]
    ]
   },
   "properties": {
    "type": "path",
    "role": "entrance_link",
    "building": "200",
    "entrances": [
     "200#4"
    ],
    "source": "자동 접속선(scripts/entrance_links.py, 수치지형도 1:1,000 건물·장애물 회피)",
    "kind": "footway",
    "costFactor": 1,
    "snap": 0.5,
    "link": 1.0,
    "length_m": 13.5,
    "straight_m": 13.5,
    "max_grade": 7
   }
  },
  {
   "type": "Feature",
   "geometry": {
    "type": "LineString",
    "coordinates": [
     [
      126.948946,
      37.457705
     ],
     [
      126.9490706,
      37.4577892
     ]
    ]
   },
   "properties": {
    "type": "path",
    "role": "entrance_link",
    "building": "200",
    "entrances": [
     "200#4"
    ],
    "source": "자동 접속선(scripts/entrance_links.py, 수치지형도 1:1,000 건물·장애물 회피)",
    "kind": "steps",
    "costFactor": 1.2,
    "snap": 0.5,
    "link": 1.0,
    "length_m": 14.5,
    "straight_m": 14.5,
    "max_grade": 0
   }
  },
  {
   "type": "Feature",
   "geometry": {
    "type": "LineString",
    "coordinates": [
     [
      126.948995,
      37.457305
     ],
     [
      126.9491804,
      37.4573165
     ]
    ]
   },
   "properties": {
    "type": "path",
    "role": "entrance_link",
    "building": "200",
    "entrances": [
     "200#5"
    ],
    "source": "자동 접속선(scripts/entrance_links.py, 수치지형도 1:1,000 건물·장애물 회피)",
    "kind": "footway",
    "costFactor": 1,
    "snap": 0.5,
    "link": 1.0,
    "length_m": 16.5,
    "straight_m": 16.5,
    "max_grade": 14,
    "door_depth_m": 3.7,
    "check": [
     "deep"
    ]
   }
  },
  {
   "type": "Feature",
   "geometry": {
    "type": "LineString",
    "coordinates": [
     [
      126.948995,
      37.457305
     ],
     [
      126.9490332,
      37.4573426
     ],
     [
      126.9491463,
      37.45746
     ]
    ]
   },
   "properties": {
    "type": "path",
    "role": "entrance_link",
    "building": "200",
    "entrances": [
     "200#5"
    ],
    "source": "자동 접속선(scripts/entrance_links.py, 수치지형도 1:1,000 건물·장애물 회피)",
    "kind": "footway",
    "costFactor": 1,
    "snap": 0.5,
    "link": 1.0,
    "length_m": 21.8,
    "straight_m": 21.8,
    "detour": true,
    "max_grade": 8,
    "door_depth_m": 3.7,
    "check": [
     "deep"
    ]
   }
  },
  {
   "type": "Feature",
   "geometry": {
    "type": "LineString",
    "coordinates": [
     [
      126.948995,
      37.457305
     ],
     [
      126.9490388,
      37.4572885
     ],
     [
      126.9490445,
      37.457284
     ],
     [
      126.9490501,
      37.4572705
     ],
     [
      126.9490784,
      37.4571038
     ],
     [
      126.9490852,
      37.4570448
     ]
    ]
   },
   "properties": {
    "type": "path",
    "role": "entrance_link",
    "building": "200",
    "entrances": [
     "200#5"
    ],
    "source": "자동 접속선(scripts/entrance_links.py, 수치지형도 1:1,000 건물·장애물 회피)",
    "kind": "footway",
    "costFactor": 1,
    "snap": 0.5,
    "link": 1.0,
    "length_m": 31.8,
    "straight_m": 30.0,
    "detour": true,
    "max_grade": 14,
    "door_depth_m": 3.7,
    "check": [
     "long",
     "deep"
    ]
   }
  },
  {
   "type": "Feature",
   "geometry": {
    "type": "LineString",
    "coordinates": [
     [
      126.948724,
      37.456886
     ],
     [
      126.94879,
      37.4568865
     ]
    ]
   },
   "properties": {
    "type": "path",
    "role": "entrance_link",
    "building": "201",
    "entrances": [
     "201#1"
    ],
    "source": "자동 접속선(scripts/entrance_links.py, 수치지형도 1:1,000 건물·장애물 회피)",
    "kind": "steps",
    "costFactor": 1.2,
    "snap": 0.5,
    "link": 1.0,
    "length_m": 5.8,
    "straight_m": 5.8,
    "door_depth_m": 1.8
   }
  },
  {
   "type": "Feature",
   "geometry": {
    "type": "LineString",
    "coordinates": [
     [
      126.948732,
      37.457026
     ],
     [
      126.9488275,
      37.4569528
     ]
    ]
   },
   "properties": {
    "type": "path",
    "role": "entrance_link",
    "building": "201",
    "entrances": [
     "201#2"
    ],
    "source": "자동 접속선(scripts/entrance_links.py, 수치지형도 1:1,000 건물·장애물 회피)",
    "kind": "footway",
    "costFactor": 1,
    "snap": 0.5,
    "link": 1.0,
    "length_m": 11.7,
    "straight_m": 11.7,
    "max_grade": 16
   }
  },
  {
   "type": "Feature",
   "geometry": {
    "type": "LineString",
    "coordinates": [
     [
      126.948732,
      37.457026
     ],
     [
      126.9489718,
      37.4570282
     ]
    ]
   },
   "properties": {
    "type": "path",
    "role": "entrance_link",
    "building": "201",
    "entrances": [
     "201#2"
    ],
    "source": "자동 접속선(scripts/entrance_links.py, 수치지형도 1:1,000 건물·장애물 회피)",
    "kind": "footway",
    "costFactor": 1,
    "snap": 0.5,
    "link": 1.0,
    "length_m": 21.2,
    "straight_m": 21.2,
    "max_grade": 8
   }
  },
  {
   "type": "Feature",
   "geometry": {
    "type": "LineString",
    "coordinates": [
     [
      126.95364,
      37.464725
     ],
     [
      126.9536406,
      37.4647259
     ]
    ]
   },
   "properties": {
    "type": "path",
    "role": "entrance_link",
    "building": "220",
    "entrances": [
     "220#1"
    ],
    "source": "자동 접속선(scripts/entrance_links.py, 수치지형도 1:1,000 건물·장애물 회피)",
    "kind": "footway",
    "costFactor": 1,
    "snap": 0.5,
    "link": 1.0,
    "length_m": 0.1,
    "straight_m": 0.1
   }
  },
  {
   "type": "Feature",
   "geometry": {
    "type": "LineString",
    "coordinates": [
     [
      126.953597,
      37.464664
     ],
     [
      126.9535793,
      37.4646724
     ]
    ]
   },
   "properties": {
    "type": "path",
    "role": "entrance_link",
    "building": "220",
    "entrances": [
     "220#2"
    ],
    "source": "자동 접속선(scripts/entrance_links.py, 수치지형도 1:1,000 건물·장애물 회피)",
    "kind": "footway",
    "costFactor": 1,
    "snap": 0.5,
    "link": 1.0,
    "length_m": 1.8,
    "straight_m": 1.8
   }
  },
  {
   "type": "Feature",
   "geometry": {
    "type": "LineString",
    "coordinates": [
     [
      126.95365,
      37.463924
     ],
     [
      126.9536501,
      37.4639242
     ]
    ]
   },
   "properties": {
    "type": "path",
    "role": "entrance_link",
    "building": "220",
    "entrances": [
     "220#3"
    ],
    "source": "자동 접속선(scripts/entrance_links.py, 수치지형도 1:1,000 건물·장애물 회피)",
    "kind": "footway",
    "costFactor": 1,
    "snap": 0.5,
    "link": 1.0,
    "length_m": 0.0,
    "straight_m": 0.0
   }
  },
  {
   "type": "Feature",
   "geometry": {
    "type": "LineString",
    "coordinates": [
     [
      126.954252,
      37.46461
     ],
     [
      126.9542523,
      37.4646097
     ]
    ]
   },
   "properties": {
    "type": "path",
    "role": "entrance_link",
    "building": "220",
    "entrances": [
     "220#4"
    ],
    "source": "자동 접속선(scripts/entrance_links.py, 수치지형도 1:1,000 건물·장애물 회피)",
    "kind": "footway",
    "costFactor": 1,
    "snap": 0.5,
    "link": 1.0,
    "length_m": 0.0,
    "straight_m": 0.0,
    "door_depth_m": 0.5
   }
  },
  {
   "type": "Feature",
   "geometry": {
    "type": "LineString",
    "coordinates": [
     [
      126.953952,
      37.464391
     ],
     [
      126.9539105,
      37.4644133
     ]
    ]
   },
   "properties": {
    "type": "path",
    "role": "entrance_link",
    "building": "220",
    "entrances": [
     "220#5"
    ],
    "source": "자동 접속선(scripts/entrance_links.py, 수치지형도 1:1,000 건물·장애물 회피)",
    "kind": "footway",
    "costFactor": 1,
    "snap": 0.5,
    "link": 1.0,
    "length_m": 4.4,
    "straight_m": 4.4
   }
  },
  {
   "type": "Feature",
   "geometry": {
    "type": "LineString",
    "coordinates": [
     [
      126.953952,
      37.464391
     ],
     [
      126.9538289,
      37.4642308
     ]
    ]
   },
   "properties": {
    "type": "path",
    "role": "entrance_link",
    "building": "220",
    "entrances": [
     "220#5"
    ],
    "source": "자동 접속선(scripts/entrance_links.py, 수치지형도 1:1,000 건물·장애물 회피)",
    "kind": "footway",
    "costFactor": 1,
    "snap": 0.5,
    "link": 1.0,
    "length_m": 20.9,
    "straight_m": 20.9,
    "max_grade": 3
   }
  },
  {
   "type": "Feature",
   "geometry": {
    "type": "LineString",
    "coordinates": [
     [
      126.953845,
      37.464225
     ],
     [
      126.9538425,
      37.4642263
     ]
    ]
   },
   "properties": {
    "type": "path",
    "role": "entrance_link",
    "building": "220",
    "entrances": [
     "220#6"
    ],
    "source": "자동 접속선(scripts/entrance_links.py, 수치지형도 1:1,000 건물·장애물 회피)",
    "kind": "footway",
    "costFactor": 1,
    "snap": 0.5,
    "link": 1.0,
    "length_m": 0.3,
    "straight_m": 0.3
   }
  },
  {
   "type": "Feature",
   "geometry": {
    "type": "LineString",
    "coordinates": [
     [
      126.954001,
      37.464022
     ],
     [
      126.9542607,
      37.4640371
     ],
     [
      126.9542943,
      37.4640124
     ]
    ]
   },
   "properties": {
    "type": "path",
    "role": "entrance_link",
    "building": "220",
    "entrances": [
     "220#7"
    ],
    "source": "자동 접속선(scripts/entrance_links.py, 수치지형도 1:1,000 건물·장애물 회피)",
    "kind": "steps",
    "costFactor": 1.2,
    "snap": 0.5,
    "link": 1.0,
    "length_m": 27.1,
    "straight_m": 26.0,
    "detour": true,
    "max_grade": 14,
    "check": [
     "long"
    ]
   }
  },
  {
   "type": "Feature",
   "geometry": {
    "type": "LineString",
    "coordinates": [
     [
      126.954479,
      37.464895
     ],
     [
      126.9544535,
      37.4649132
     ]
    ]
   },
   "properties": {
    "type": "path",
    "role": "entrance_link",
    "building": "221",
    "entrances": [
     "221#1"
    ],
    "source": "자동 접속선(scripts/entrance_links.py, 수치지형도 1:1,000 건물·장애물 회피)",
    "kind": "footway",
    "costFactor": 1,
    "snap": 0.5,
    "link": 1.0,
    "length_m": 3.0,
    "straight_m": 3.0
   }
  },
  {
   "type": "Feature",
   "geometry": {
    "type": "LineString",
    "coordinates": [
     [
      126.954784,
      37.46461
     ],
     [
      126.9547863,
      37.4645958
     ],
     [
      126.9547805,
      37.4645865
     ]
    ]
   },
   "properties": {
    "type": "path",
    "role": "entrance_link",
    "building": "221",
    "entrances": [
     "221#2"
    ],
    "source": "자동 접속선(scripts/entrance_links.py, 수치지형도 1:1,000 건물·장애물 회피)",
    "kind": "footway",
    "costFactor": 1,
    "snap": 0.5,
    "link": 1.0,
    "length_m": 2.7,
    "straight_m": 2.6,
    "detour": true
   }
  },
  {
   "type": "Feature",
   "geometry": {
    "type": "LineString",
    "coordinates": [
     [
      126.953142,
      37.464553
     ],
     [
      126.9531405,
      37.4645532
     ]
    ]
   },
   "properties": {
    "type": "path",
    "role": "entrance_link",
    "building": "222",
    "entrances": [
     "222#1"
    ],
    "source": "자동 접속선(scripts/entrance_links.py, 수치지형도 1:1,000 건물·장애물 회피)",
    "kind": "footway",
    "costFactor": 1,
    "snap": 0.5,
    "link": 1.0,
    "length_m": 0.1,
    "straight_m": 0.1
   }
  },
  {
   "type": "Feature",
   "geometry": {
    "type": "LineString",
    "coordinates": [
     [
      126.953254,
      37.464708
     ],
     [
      126.9531932,
      37.4647329
     ]
    ]
   },
   "properties": {
    "type": "path",
    "role": "entrance_link",
    "building": "222",
    "entrances": [
     "222#2"
    ],
    "source": "자동 접속선(scripts/entrance_links.py, 수치지형도 1:1,000 건물·장애물 회피)",
    "kind": "footway",
    "costFactor": 1,
    "snap": 0.5,
    "link": 1.0,
    "length_m": 6.0,
    "straight_m": 6.0,
    "max_grade": 18
   }
  },
  {
   "type": "Feature",
   "geometry": {
    "type": "LineString",
    "coordinates": [
     [
      126.953254,
      37.464708
     ],
     [
      126.9532852,
      37.4647885
     ]
    ]
   },
   "properties": {
    "type": "path",
    "role": "entrance_link",
    "building": "222",
    "entrances": [
     "222#2"
    ],
    "source": "자동 접속선(scripts/entrance_links.py, 수치지형도 1:1,000 건물·장애물 회피)",
    "kind": "footway",
    "costFactor": 1,
    "snap": 0.5,
    "link": 1.0,
    "length_m": 9.3,
    "straight_m": 9.3,
    "max_grade": 1
   }
  },
  {
   "type": "Feature",
   "geometry": {
    "type": "LineString",
    "coordinates": [
     [
      126.953254,
      37.464708
     ],
     [
      126.9530999,
      37.4645696
     ]
    ]
   },
   "properties": {
    "type": "path",
    "role": "entrance_link",
    "building": "222",
    "entrances": [
     "222#2"
    ],
    "source": "자동 접속선(scripts/entrance_links.py, 수치지형도 1:1,000 건물·장애물 회피)",
    "kind": "footway",
    "costFactor": 1,
    "snap": 0.5,
    "link": 1.0,
    "length_m": 20.5,
    "straight_m": 20.5,
    "max_grade": 5
   }
  },
  {
   "type": "Feature",
   "geometry": {
    "type": "LineString",
    "coordinates": [
     [
      126.953038,
      37.464401
     ],
     [
      126.9530064,
      37.464422
     ]
    ]
   },
   "properties": {
    "type": "path",
    "role": "entrance_link",
    "building": "222",
    "entrances": [
     "222#3"
    ],
    "source": "자동 접속선(scripts/entrance_links.py, 수치지형도 1:1,000 건물·장애물 회피)",
    "kind": "footway",
    "costFactor": 1,
    "snap": 0.5,
    "link": 1.0,
    "length_m": 3.6,
    "straight_m": 3.6
   }
  },
  {
   "type": "Feature",
   "geometry": {
    "type": "LineString",
    "coordinates": [
     [
      126.953038,
      37.464401
     ],
     [
      126.9531382,
      37.4645541
     ]
    ]
   },
   "properties": {
    "type": "path",
    "role": "entrance_link",
    "building": "222",
    "entrances": [
     "222#3"
    ],
    "source": "자동 접속선(scripts/entrance_links.py, 수치지형도 1:1,000 건물·장애물 회피)",
    "kind": "footway",
    "costFactor": 1,
    "snap": 0.5,
    "link": 1.0,
    "length_m": 19.2,
    "straight_m": 19.2,
    "max_grade": 18
   }
  },
  {
   "type": "Feature",
   "geometry": {
    "type": "LineString",
    "coordinates": [
     [
      126.95338,
      37.464705
     ],
     [
      126.9534098,
      37.4647393
     ]
    ]
   },
   "properties": {
    "type": "path",
    "role": "entrance_link",
    "building": "222",
    "entrances": [
     "222#4"
    ],
    "source": "자동 접속선(scripts/entrance_links.py, 수치지형도 1:1,000 건물·장애물 회피)",
    "kind": "steps",
    "costFactor": 1.2,
    "snap": 0.5,
    "link": 1.0,
    "length_m": 4.6,
    "straight_m": 4.6,
    "door_depth_m": 3.4,
    "check": [
     "deep"
    ]
   }
  },
  {
   "type": "Feature",
   "geometry": {
    "type": "LineString",
    "coordinates": [
     [
      126.95338,
      37.464705
     ],
     [
      126.9534356,
      37.4647219
     ],
     [
      126.9535147,
      37.4646768
     ],
     [
      126.9535588,
      37.4646433
     ]
    ]
   },
   "properties": {
    "type": "path",
    "role": "entrance_link",
    "building": "222",
    "entrances": [
     "222#4"
    ],
    "source": "자동 접속선(scripts/entrance_links.py, 수치지형도 1:1,000 건물·장애물 회피)",
    "kind": "steps",
    "costFactor": 1.2,
    "snap": 0.5,
    "link": 1.0,
    "length_m": 19.3,
    "straight_m": 17.2,
    "detour": true,
    "max_grade": 26,
    "door_depth_m": 3.4,
    "check": [
     "deep"
    ]
   }
  },
  {
   "type": "Feature",
   "geometry": {
    "type": "LineString",
    "coordinates": [
     [
      126.953345,
      37.464429
     ],
     [
      126.9533452,
      37.4644291
     ]
    ]
   },
   "properties": {
    "type": "path",
    "role": "entrance_link",
    "building": "222",
    "entrances": [
     "222#5"
    ],
    "source": "자동 접속선(scripts/entrance_links.py, 수치지형도 1:1,000 건물·장애물 회피)",
    "kind": "footway",
    "costFactor": 1,
    "snap": 0.5,
    "link": 1.0,
    "length_m": 0.0,
    "straight_m": 0.0
   }
  },
  {
   "type": "Feature",
   "geometry": {
    "type": "LineString",
    "coordinates": [
     [
      126.953492,
      37.464298
     ],
     [
      126.9534831,
      37.4642898
     ]
    ]
   },
   "properties": {
    "type": "path",
    "role": "entrance_link",
    "building": "222",
    "entrances": [
     "222#6"
    ],
    "source": "자동 접속선(scripts/entrance_links.py, 수치지형도 1:1,000 건물·장애물 회피)",
    "kind": "footway",
    "costFactor": 1,
    "snap": 0.5,
    "link": 1.0,
    "length_m": 1.2,
    "straight_m": 1.2
   }
  },
  {
   "type": "Feature",
   "geometry": {
    "type": "LineString",
    "coordinates": [
     [
      126.953492,
      37.464298
     ],
     [
      126.9533904,
      37.4644046
     ]
    ]
   },
   "properties": {
    "type": "path",
    "role": "entrance_link",
    "building": "222",
    "entrances": [
     "222#6"
    ],
    "source": "자동 접속선(scripts/entrance_links.py, 수치지형도 1:1,000 건물·장애물 회피)",
    "kind": "footway",
    "costFactor": 1,
    "snap": 0.5,
    "link": 1.0,
    "length_m": 14.9,
    "straight_m": 14.9,
    "max_grade": 20
   }
  },
  {
   "type": "Feature",
   "geometry": {
    "type": "LineString",
    "coordinates": [
     [
      126.955493,
      37.460042
     ],
     [
      126.9555435,
      37.4600024
     ]
    ]
   },
   "properties": {
    "type": "path",
    "role": "entrance_link",
    "building": "252",
    "entrances": [
     "252#4"
    ],
    "source": "자동 접속선(scripts/entrance_links.py, 수치지형도 1:1,000 건물·장애물 회피)",
    "kind": "footway",
    "costFactor": 1,
    "snap": 0.5,
    "link": 1.0,
    "length_m": 6.3,
    "straight_m": 6.3,
    "max_grade": 12
   }
  },
  {
   "type": "Feature",
   "geometry": {
    "type": "LineString",
    "coordinates": [
     [
      126.952432,
      37.450483
     ],
     [
      126.9524298,
      37.4505829
     ]
    ]
   },
   "properties": {
    "type": "path",
    "role": "entrance_link",
    "building": "301",
    "entrances": [
     "301#1"
    ],
    "source": "자동 접속선(scripts/entrance_links.py, 수치지형도 1:1,000 건물·장애물 회피)",
    "kind": "footway",
    "costFactor": 1,
    "snap": 0.5,
    "link": 1.0,
    "length_m": 11.1,
    "straight_m": 11.1,
    "max_grade": 13
   }
  },
  {
   "type": "Feature",
   "geometry": {
    "type": "LineString",
    "coordinates": [
     [
      126.952432,
      37.450483
     ],
     [
      126.9522689,
      37.4505842
     ]
    ]
   },
   "properties": {
    "type": "path",
    "role": "entrance_link",
    "building": "301",
    "entrances": [
     "301#1"
    ],
    "source": "자동 접속선(scripts/entrance_links.py, 수치지형도 1:1,000 건물·장애물 회피)",
    "kind": "footway",
    "costFactor": 1,
    "snap": 0.5,
    "link": 1.0,
    "length_m": 18.3,
    "straight_m": 18.3,
    "max_grade": 12
   }
  },
  {
   "type": "Feature",
   "geometry": {
    "type": "LineString",
    "coordinates": [
     [
      126.952432,
      37.450483
     ],
     [
      126.9526832,
      37.4505735
     ]
    ]
   },
   "properties": {
    "type": "path",
    "role": "entrance_link",
    "building": "301",
    "entrances": [
     "301#1"
    ],
    "source": "자동 접속선(scripts/entrance_links.py, 수치지형도 1:1,000 건물·장애물 회피)",
    "kind": "footway",
    "costFactor": 1,
    "snap": 0.5,
    "link": 1.0,
    "length_m": 24.4,
    "straight_m": 24.4,
    "max_grade": 9
   }
  },
  {
   "type": "Feature",
   "geometry": {
    "type": "LineString",
    "coordinates": [
     [
      126.952432,
      37.450483
     ],
     [
      126.9523562,
      37.4504859
     ],
     [
      126.9521101,
      37.4504859
     ]
    ]
   },
   "properties": {
    "type": "path",
    "role": "entrance_link",
    "building": "301",
    "entrances": [
     "301#1"
    ],
    "source": "자동 접속선(scripts/entrance_links.py, 수치지형도 1:1,000 건물·장애물 회피)",
    "kind": "footway",
    "costFactor": 1,
    "snap": 0.5,
    "link": 1.0,
    "length_m": 28.5,
    "straight_m": 28.5,
    "detour": true,
    "max_grade": 5,
    "check": [
     "long"
    ]
   }
  },
  {
   "type": "Feature",
   "geometry": {
    "type": "LineString",
    "coordinates": [
     [
      126.952224,
      37.450179
     ],
     [
      126.9521074,
      37.4501796
     ]
    ]
   },
   "properties": {
    "type": "path",
    "role": "entrance_link",
    "building": "301",
    "entrances": [
     "301#2"
    ],
    "source": "자동 접속선(scripts/entrance_links.py, 수치지형도 1:1,000 건물·장애물 회피)",
    "kind": "steps",
    "costFactor": 1.2,
    "snap": 0.5,
    "link": 1.0,
    "length_m": 10.3,
    "straight_m": 10.3,
    "max_grade": 4
   }
  },
  {
   "type": "Feature",
   "geometry": {
    "type": "LineString",
    "coordinates": [
     [
      126.952405,
      37.449262
     ],
     [
      126.9524049,
      37.4492618
     ]
    ]
   },
   "properties": {
    "type": "path",
    "role": "entrance_link",
    "building": "301",
    "entrances": [
     "301#3"
    ],
    "source": "자동 접속선(scripts/entrance_links.py, 수치지형도 1:1,000 건물·장애물 회피)",
    "kind": "footway",
    "costFactor": 1,
    "snap": 0.5,
    "link": 1.0,
    "length_m": 0.0,
    "straight_m": 0.0
   }
  },
  {
   "type": "Feature",
   "geometry": {
    "type": "LineString",
    "coordinates": [
     [
      126.952313,
      37.449263
     ],
     [
      126.9523109,
      37.4492514
     ]
    ]
   },
   "properties": {
    "type": "path",
    "role": "entrance_link",
    "building": "301",
    "entrances": [
     "301#4"
    ],
    "source": "자동 접속선(scripts/entrance_links.py, 수치지형도 1:1,000 건물·장애물 회피)",
    "kind": "footway",
    "costFactor": 1,
    "snap": 0.5,
    "link": 1.0,
    "length_m": 1.3,
    "straight_m": 1.3
   }
  },
  {
   "type": "Feature",
   "geometry": {
    "type": "LineString",
    "coordinates": [
     [
      126.952209,
      37.449478
     ],
     [
      126.9521001,
      37.4494771
     ]
    ]
   },
   "properties": {
    "type": "path",
    "role": "entrance_link",
    "building": "301",
    "entrances": [
     "301#5"
    ],
    "source": "자동 접속선(scripts/entrance_links.py, 수치지형도 1:1,000 건물·장애물 회피)",
    "kind": "steps",
    "costFactor": 1.2,
    "snap": 0.5,
    "link": 1.0,
    "length_m": 9.6,
    "straight_m": 9.6,
    "max_grade": 15,
    "door_depth_m": 0.1
   }
  },
  {
   "type": "Feature",
   "geometry": {
    "type": "LineString",
    "coordinates": [
     [
      126.952209,
      37.449478
     ],
     [
      126.9522036,
      37.4494542
     ],
     [
      126.9522036,
      37.4492524
     ]
    ]
   },
   "properties": {
    "type": "path",
    "role": "entrance_link",
    "building": "301",
    "entrances": [
     "301#5"
    ],
    "source": "자동 접속선(scripts/entrance_links.py, 수치지형도 1:1,000 건물·장애물 회피)",
    "kind": "steps",
    "costFactor": 1.2,
    "snap": 0.5,
    "link": 1.0,
    "length_m": 25.1,
    "straight_m": 25.0,
    "detour": true,
    "max_grade": 21,
    "door_depth_m": 0.1,
    "check": [
     "long"
    ]
   }
  },
  {
   "type": "Feature",
   "geometry": {
    "type": "LineString",
    "coordinates": [
     [
      126.952209,
      37.449478
     ],
     [
      126.9522036,
      37.4494542
     ],
     [
      126.9523229,
      37.4492525
     ]
    ]
   },
   "properties": {
    "type": "path",
    "role": "entrance_link",
    "building": "301",
    "entrances": [
     "301#5"
    ],
    "source": "자동 접속선(scripts/entrance_links.py, 수치지형도 1:1,000 건물·장애물 회피)",
    "kind": "steps",
    "costFactor": 1.2,
    "snap": 0.5,
    "link": 1.0,
    "length_m": 27.4,
    "straight_m": 27.0,
    "detour": true,
    "max_grade": 12,
    "door_depth_m": 0.1,
    "check": [
     "long"
    ]
   }
  },
  {
   "type": "Feature",
   "geometry": {
    "type": "LineString",
    "coordinates": [
     [
      126.952438,
      37.449028
     ],
     [
      126.9524351,
      37.4490805
     ]
    ]
   },
   "properties": {
    "type": "path",
    "role": "entrance_link",
    "building": "302",
    "entrances": [
     "302#1"
    ],
    "source": "자동 접속선(scripts/entrance_links.py, 수치지형도 1:1,000 건물·장애물 회피)",
    "kind": "footway",
    "costFactor": 1,
    "snap": 0.5,
    "link": 1.0,
    "length_m": 5.8,
    "straight_m": 5.8,
    "door_depth_m": 9.1,
    "check": [
     "deep"
    ]
   }
  },
  {
   "type": "Feature",
   "geometry": {
    "type": "LineString",
    "coordinates": [
     [
      126.952204,
      37.44879
     ],
     [
      126.9522035,
      37.4487903
     ]
    ]
   },
   "properties": {
    "type": "path",
    "role": "entrance_link",
    "building": "302",
    "entrances": [
     "302#2"
    ],
    "source": "자동 접속선(scripts/entrance_links.py, 수치지형도 1:1,000 건물·장애물 회피)",
    "kind": "footway",
    "costFactor": 1,
    "snap": 0.5,
    "link": 1.0,
    "length_m": 0.1,
    "straight_m": 0.1
   }
  },
  {
   "type": "Feature",
   "geometry": {
    "type": "LineString",
    "coordinates": [
     [
      126.952725,
      37.448446
     ],
     [
      126.9527253,
      37.4484451
     ]
    ]
   },
   "properties": {
    "type": "path",
    "role": "entrance_link",
    "building": "302",
    "entrances": [
     "302#3"
    ],
    "source": "자동 접속선(scripts/entrance_links.py, 수치지형도 1:1,000 건물·장애물 회피)",
    "kind": "footway",
    "costFactor": 1,
    "snap": 0.5,
    "link": 1.0,
    "length_m": 0.1,
    "straight_m": 0.1
   }
  },
  {
   "type": "Feature",
   "geometry": {
    "type": "LineString",
    "coordinates": [
     [
      126.952236,
      37.448244
     ],
     [
      126.9521738,
      37.4482424
     ]
    ]
   },
   "properties": {
    "type": "path",
    "role": "entrance_link",
    "building": "302",
    "entrances": [
     "302#4"
    ],
    "source": "자동 접속선(scripts/entrance_links.py, 수치지형도 1:1,000 건물·장애물 회피)",
    "kind": "footway",
    "costFactor": 1,
    "snap": 0.5,
    "link": 1.0,
    "length_m": 5.5,
    "straight_m": 5.5
   }
  },
  {
   "type": "Feature",
   "geometry": {
    "type": "LineString",
    "coordinates": [
     [
      126.952236,
      37.448244
     ],
     [
      126.9522374,
      37.4481736
     ]
    ]
   },
   "properties": {
    "type": "path",
    "role": "entrance_link",
    "building": "302",
    "entrances": [
     "302#4"
    ],
    "source": "자동 접속선(scripts/entrance_links.py, 수치지형도 1:1,000 건물·장애물 회피)",
    "kind": "footway",
    "costFactor": 1,
    "snap": 0.5,
    "link": 1.0,
    "length_m": 7.8,
    "straight_m": 7.8,
    "max_grade": 9
   }
  },
  {
   "type": "Feature",
   "geometry": {
    "type": "LineString",
    "coordinates": [
     [
      126.952236,
      37.448244
     ],
     [
      126.9522372,
      37.4484135
     ]
    ]
   },
   "properties": {
    "type": "path",
    "role": "entrance_link",
    "building": "302",
    "entrances": [
     "302#4"
    ],
    "source": "자동 접속선(scripts/entrance_links.py, 수치지형도 1:1,000 건물·장애물 회피)",
    "kind": "footway",
    "costFactor": 1,
    "snap": 0.5,
    "link": 1.0,
    "length_m": 18.8,
    "straight_m": 18.8,
    "max_grade": 9
   }
  },
  {
   "type": "Feature",
   "geometry": {
    "type": "LineString",
    "coordinates": [
     [
      126.951136,
      37.44858
     ],
     [
      126.951136,
      37.4485803
     ]
    ]
   },
   "properties": {
    "type": "path",
    "role": "entrance_link",
    "building": "310",
    "entrances": [
     "310#1"
    ],
    "source": "자동 접속선(scripts/entrance_links.py, 수치지형도 1:1,000 건물·장애물 회피)",
    "kind": "footway",
    "costFactor": 1,
    "snap": 0.5,
    "link": 1.0,
    "length_m": 0.0,
    "straight_m": 0.0,
    "door_depth_m": 0.1
   }
  },
  {
   "type": "Feature",
   "geometry": {
    "type": "LineString",
    "coordinates": [
     [
      126.951785,
      37.450759
     ],
     [
      126.9517628,
      37.4507562
     ],
     [
      126.9517571,
      37.4507517
     ],
     [
      126.9517571,
      37.4507472
     ],
     [
      126.9517805,
      37.450733
     ]
    ]
   },
   "properties": {
    "type": "path",
    "role": "entrance_link",
    "building": "312",
    "entrances": [
     "312#1"
    ],
    "source": "자동 접속선(scripts/entrance_links.py, 수치지형도 1:1,000 건물·장애물 회피)",
    "kind": "footway",
    "costFactor": 1,
    "snap": 0.5,
    "link": 1.0,
    "length_m": 5.8,
    "straight_m": 2.9,
    "detour": true
   }
  },
  {
   "type": "Feature",
   "geometry": {
    "type": "LineString",
    "coordinates": [
     [
      126.951785,
      37.450759
     ],
     [
      126.9519323,
      37.4507652
     ],
     [
      126.9519407,
      37.4507611
     ]
    ]
   },
   "properties": {
    "type": "path",
    "role": "entrance_link",
    "building": "312",
    "entrances": [
     "312#1"
    ],
    "source": "자동 접속선(scripts/entrance_links.py, 수치지형도 1:1,000 건물·장애물 회피)",
    "kind": "footway",
    "costFactor": 1,
    "snap": 0.5,
    "link": 1.0,
    "length_m": 13.9,
    "straight_m": 13.8,
    "detour": true,
    "max_grade": 4
   }
  },
  {
   "type": "Feature",
   "geometry": {
    "type": "LineString",
    "coordinates": [
     [
      126.951785,
      37.450759
     ],
     [
      126.9515134,
      37.450771
     ]
    ]
   },
   "properties": {
    "type": "path",
    "role": "entrance_link",
    "building": "312",
    "entrances": [
     "312#1"
    ],
    "source": "자동 접속선(scripts/entrance_links.py, 수치지형도 1:1,000 건물·장애물 회피)",
    "kind": "footway",
    "costFactor": 1,
    "snap": 0.5,
    "link": 1.0,
    "length_m": 24.1,
    "straight_m": 24.1,
    "max_grade": 11
   }
  },
  {
   "type": "Feature",
   "geometry": {
    "type": "LineString",
    "coordinates": [
     [
      126.952268,
      37.451363
     ],
     [
      126.9522812,
      37.4513571
     ]
    ]
   },
   "properties": {
    "type": "path",
    "role": "entrance_link",
    "building": "314",
    "entrances": [
     "314#1"
    ],
    "source": "자동 접속선(scripts/entrance_links.py, 수치지형도 1:1,000 건물·장애물 회피)",
    "kind": "footway",
    "costFactor": 1,
    "snap": 0.5,
    "link": 1.0,
    "length_m": 1.3,
    "straight_m": 1.3
   }
  },
  {
   "type": "Feature",
   "geometry": {
    "type": "LineString",
    "coordinates": [
     [
      126.95862,
      37.46311
     ],
     [
      126.958619,
      37.4631092
     ]
    ]
   },
   "properties": {
    "type": "path",
    "role": "entrance_link",
    "building": "919",
    "entrances": [
     "919#1"
    ],
    "source": "자동 접속선(scripts/entrance_links.py, 수치지형도 1:1,000 건물·장애물 회피)",
    "kind": "footway",
    "costFactor": 1,
    "snap": 0.5,
    "link": 1.0,
    "length_m": 0.1,
    "straight_m": 0.1
   }
  },
  {
   "type": "Feature",
   "geometry": {
    "type": "LineString",
    "coordinates": [
     [
      126.958318,
      37.463074
     ],
     [
      126.958318,
      37.4630761
     ]
    ]
   },
   "properties": {
    "type": "path",
    "role": "entrance_link",
    "building": "919",
    "entrances": [
     "919#2"
    ],
    "source": "자동 접속선(scripts/entrance_links.py, 수치지형도 1:1,000 건물·장애물 회피)",
    "kind": "footway",
    "costFactor": 1,
    "snap": 0.5,
    "link": 1.0,
    "length_m": 0.2,
    "straight_m": 0.2
   }
  },
  {
   "type": "Feature",
   "geometry": {
    "type": "LineString",
    "coordinates": [
     [
      126.9576778,
      37.4651446
     ],
     [
      126.9577272,
      37.4651455
     ]
    ]
   },
   "properties": {
    "type": "path",
    "role": "entrance_link",
    "building": "915",
    "entrances": [
     "915#p1"
    ],
    "source": "자동 접속선(scripts/entrance_links.py, 수치지형도 1:1,000 건물·장애물 회피)",
    "kind": "footway",
    "costFactor": 1,
    "snap": 0.5,
    "link": 1.0,
    "length_m": 4.4,
    "straight_m": 4.4
   }
  },
  {
   "type": "Feature",
   "geometry": {
    "type": "LineString",
    "coordinates": [
     [
      126.9576778,
      37.4651446
     ],
     [
      126.9576797,
      37.4652201
     ]
    ]
   },
   "properties": {
    "type": "path",
    "role": "entrance_link",
    "building": "915",
    "entrances": [
     "915#p1"
    ],
    "source": "자동 접속선(scripts/entrance_links.py, 수치지형도 1:1,000 건물·장애물 회피)",
    "kind": "footway",
    "costFactor": 1,
    "snap": 0.5,
    "link": 1.0,
    "length_m": 8.4,
    "straight_m": 8.4,
    "max_grade": 7
   }
  },
  {
   "type": "Feature",
   "geometry": {
    "type": "LineString",
    "coordinates": [
     [
      126.9573989,
      37.4654895
     ],
     [
      126.9573975,
      37.4655556
     ]
    ]
   },
   "properties": {
    "type": "path",
    "role": "entrance_link",
    "building": "916",
    "entrances": [
     "916#p1"
    ],
    "source": "자동 접속선(scripts/entrance_links.py, 수치지형도 1:1,000 건물·장애물 회피)",
    "kind": "steps",
    "costFactor": 1.2,
    "snap": 0.5,
    "link": 1.0,
    "length_m": 7.3,
    "straight_m": 7.3,
    "max_grade": 1
   }
  },
  {
   "type": "Feature",
   "geometry": {
    "type": "LineString",
    "coordinates": [
     [
      126.9573989,
      37.4654895
     ],
     [
      126.9573916,
      37.4654427
     ],
     [
      126.9573916,
      37.4653301
     ],
     [
      126.9574537,
      37.4652805
     ],
     [
      126.9574644,
      37.4652763
     ]
    ]
   },
   "properties": {
    "type": "path",
    "role": "entrance_link",
    "building": "916",
    "entrances": [
     "916#p1"
    ],
    "source": "자동 접속선(scripts/entrance_links.py, 수치지형도 1:1,000 건물·장애물 회피)",
    "kind": "footway",
    "costFactor": 1,
    "snap": 0.5,
    "link": 1.0,
    "length_m": 26.6,
    "straight_m": 24.4,
    "detour": true,
    "max_grade": 4,
    "check": [
     "long"
    ]
   }
  },
  {
   "type": "Feature",
   "geometry": {
    "type": "LineString",
    "coordinates": [
     [
      126.9573292,
      37.4659217
     ],
     [
      126.9573291,
      37.4659202
     ]
    ]
   },
   "properties": {
    "type": "path",
    "role": "entrance_link",
    "building": "917",
    "entrances": [
     "917#p1"
    ],
    "source": "자동 접속선(scripts/entrance_links.py, 수치지형도 1:1,000 건물·장애물 회피)",
    "kind": "footway",
    "costFactor": 1,
    "snap": 0.5,
    "link": 1.0,
    "length_m": 0.2,
    "straight_m": 0.2
   }
  }
 ]
}